time,s1_X,s1_Y,s1_Z,s1_gyro_x,s1_gyro_y,s1_gyro_z,s1_mag_x,s1_mag_y,s1_mag_z,s2_X,s2_Y,s2_Z,s2_gyro_x,s2_gyro_y,s2_gyro_z,s3_X,s3_Y,s3_Z,s3_gyro_x,s3_gyro_y,s3_gyro_z,s4_X,s4_Y,s4_Z,s4_gyro_x,s4_gyro_y,s4_gyro_z,s5_X,s5_Y,s5_Z,s5_gyro_x,s5_gyro_y,s5_gyro_z,s6_X,s6_Y,s6_Z,s6_gyro_x,s6_gyro_y,s6_gyro_z,label
31.003837,0.068,0.879,0.472,0.612,-0.421,-0.669,0.128,-0.951,-0.281,0.665,-0.339,0.665,-0.425,0.897,-0.118,0.755,-0.234,0.613,-0.684,0.707,0.182,0.794,-0.178,0.582,-0.429,0.883,-0.191,0.999,-0.028,0.026,-0.609,0.767,0.203,0.308,0.895,0.323,-0.028,-0.91,0.414,rock
40.159828,0.528,0.075,0.846,-0.978,-0.173,0.115,-0.335,-0.408,-0.849,0.963,0.211,-0.167,-0.0,0.423,-0.906,0.838,0.536,-0.103,-0.577,0.577,-0.577,0.783,0.609,-0.123,-0.468,0.468,-0.749,0.56,0.704,-0.437,-0.816,0.408,-0.408,-0.005,-0.608,0.794,0.496,0.447,0.744,none
24.908694,0.099,0.772,0.627,0.32,0.578,0.751,0.269,-0.9,-0.342,0.77,-0.326,0.548,0.924,-0.099,0.37,0.853,-0.161,0.497,0.896,0.133,0.424,0.883,-0.189,0.43,0.971,0.024,0.24,0.988,-0.01,-0.152,0.923,0.246,-0.295,0.121,0.926,0.358,-0.188,0.835,0.517,rock
6.094432,0.101,-0.215,0.971,0.352,0.704,0.616,0.255,0.1,-0.962,0.794,0.538,0.283,0.863,-0.465,0.199,-0.212,0.797,0.566,0.0,0.048,0.999,-0.108,0.732,0.673,0.267,-0.053,0.962,-0.08,0.869,0.489,0.206,0.309,0.928,-0.451,0.284,0.846,0.145,0.291,0.946,none
30.491073,0.028,0.849,0.528,-0.168,-0.692,-0.702,-0.394,-0.852,-0.344,0.68,-0.393,0.619,-0.83,0.257,-0.495,0.791,-0.272,0.548,-0.905,0.063,-0.421,0.813,-0.246,0.528,-0.916,0.14,-0.376,0.995,-0.087,-0.047,-0.985,-0.039,0.169,0.226,0.937,0.268,-0.005,-0.89,-0.455,rock
25.210457,0.453,0.547,0.704,0.605,-0.37,-0.706,-0.34,-0.797,-0.499,0.985,-0.007,0.17,-0.964,-0.241,-0.112,0.513,0.205,0.834,-0.597,-0.134,-0.791,0.547,-0.022,0.837,-0.427,0.017,-0.904,0.491,0.405,0.771,-0.628,-0.46,-0.628,0.193,-0.14,0.971,-0.9,-0.345,-0.268,none
8.62369,-0.092,0.947,0.307,-0.047,0.981,0.187,0.64,-0.748,0.176,0.859,0.037,-0.51,0.705,0.083,-0.705,0.742,0.227,0.631,0.718,0.191,0.67,0.839,0.064,0.541,0.852,0.047,0.521,0.94,-0.06,0.336,0.857,0.0,0.514,0.884,0.101,0.456,0.873,0.218,0.436,paper
3.09469,-0.003,-0.294,0.956,0.412,-0.082,-0.907,0.179,0.156,-0.971,0.68,0.713,0.17,-0.97,-0.243,0.0,-0.168,0.898,0.406,-0.675,-0.675,-0.3,-0.04,0.875,0.483,-0.629,-0.55,-0.55,-0.143,0.955,0.259,-0.704,-0.704,-0.088,-0.627,0.325,0.708,-0.258,-0.58,-0.773,none
8.647315,-0.172,-0.034,0.984,-0.663,0.715,0.221,0.485,-0.028,-0.874,0.798,0.601,-0.052,-0.921,0.116,-0.372,-0.001,0.838,0.545,-0.237,0.434,-0.869,0.194,0.751,0.631,-0.356,0.573,-0.738,0.358,0.934,0.015,0.987,0.06,0.151,-0.713,0.607,0.352,-0.366,0.826,0.429,none
37.633639,0.076,0.814,0.576,-0.408,-0.816,0.408,0.234,-0.932,-0.276,0.742,-0.317,0.59,0.0,-0.0,-1.0,0.823,-0.166,0.544,-0.667,0.333,-0.667,0.864,-0.167,0.474,-0.196,0.0,-0.981,0.995,0.006,-0.102,-0.857,0.286,-0.429,0.17,0.908,0.383,-0.87,0.097,-0.483,rock
16.215351,0.077,0.756,0.65,0.196,-0.981,0.0,0.436,-0.795,-0.421,0.785,-0.312,0.535,-0.101,0.404,-0.909,0.866,-0.137,0.481,-0.68,0.68,-0.272,0.901,-0.178,0.396,-0.318,0.424,-0.848,0.982,0.007,-0.19,-0.78,0.52,-0.347,0.075,0.92,0.384,-0.921,-0.276,-0.276,rock
16.344578,-0.32,0.452,0.833,0.486,-0.864,0.135,0.775,-0.397,-0.491,0.826,-0.216,-0.521,-0.183,-0.365,0.913,0.916,0.392,-0.088,-0.473,-0.158,0.867,0.907,0.414,-0.079,-0.566,-0.424,0.707,0.729,0.684,-0.04,-0.647,-0.185,0.74,0.054,0.877,0.478,-0.359,-0.598,0.717,none
13.633555,-0.313,0.737,0.6,-0.64,0.426,0.64,0.898,-0.071,-0.435,0.725,-0.645,0.242,0.365,-0.183,-0.913,0.943,-0.326,0.073,-0.0,0.707,-0.707,0.952,0.133,0.275,0.535,0.802,0.267,0.937,0.18,0.301,-0.127,0.635,0.762,0.079,0.964,0.253,-0.873,0.436,-0.218,scissors
10.093216,-0.016,0.837,0.547,0.041,0.81,0.585,0.403,-0.848,-0.345,0.701,-0.422,0.574,0.712,-0.404,0.574,0.818,-0.275,0.505,0.798,-0.249,0.549,0.83,-0.275,0.485,0.826,-0.227,0.516,0.99,-0.102,-0.1,0.999,-0.054,-0.011,0.175,0.949,0.264,0.092,0.957,0.275,rock
17.304917,-0.351,0.444,0.824,-0.64,-0.64,-0.426,0.775,-0.396,-0.492,0.797,-0.352,-0.49,-0.566,0.226,-0.793,0.933,0.324,-0.156,-0.937,0.156,-0.312,0.893,0.438,-0.107,-0.566,0.424,-0.707,0.712,0.698,-0.081,-0.889,0.381,-0.254,0.035,0.892,0.451,-0.796,0.1,-0.597,none
34.263804,0.513,-0.233,0.826,-0.995,-0.105,0.0,-0.363,0.049,-0.931,0.509,0.154,0.847,-0.717,-0.696,-0.042,-0.487,0.455,0.745,0.419,-0.387,0.822,0.087,0.696,0.712,0.865,-0.376,0.332,0.093,0.975,0.203,-0.907,0.249,-0.34,-0.398,0.007,0.918,-0.649,-0.29,0.704,none
46.782397,-0.397,0.243,0.885,-0.695,-0.711,0.109,0.539,-0.445,-0.715,0.629,0.726,-0.278,-0.552,0.832,0.058,-0.103,0.983,0.149,-0.532,0.284,-0.798,-0.049,0.944,0.327,-0.634,0.42,-0.65,0.037,0.908,0.417,-0.673,0.546,-0.499,0.231,0.664,0.711,-0.721,0.645,-0.253,none
7.603772,0.004,0.789,0.614,-0.076,-0.836,-0.543,0.59,-0.545,-0.596,0.755,-0.377,0.536,-0.655,0.376,-0.655,0.856,-0.209,0.472,-0.812,0.252,-0.527,0.875,-0.244,0.418,-0.786,0.237,-0.571,0.983,-0.062,-0.172,-0.995,0.095,-0.042,0.092,0.945,0.315,-0.239,-0.902,-0.359,rock
21.353218,0.321,-0.448,0.835,-0.943,-0.198,-0.268,-0.169,0.276,-0.946,0.654,0.753,0.068,-0.559,0.027,-0.829,-0.025,0.927,0.374,0.155,0.172,-0.973,0.011,0.792,0.61,0.187,0.349,-0.918,-0.114,0.981,-0.156,-0.253,-0.369,-0.894,-0.676,0.037,0.736,-0.187,0.513,-0.838,none
6.011272,0.004,0.886,0.463,-0.485,-0.872,-0.065,0.653,-0.668,-0.357,0.633,-0.379,0.675,-0.356,-0.082,-0.931,0.746,-0.272,0.608,-0.459,-0.031,-0.888,0.781,-0.212,0.587,-0.543,-0.257,-0.8,0.998,-0.06,0.02,-0.854,-0.276,-0.441,0.287,0.908,0.306,-0.636,-0.397,-0.662,rock
5.867119,-0.081,0.946,0.314,-0.894,0.447,-0.0,0.733,-0.677,0.064,0.868,0.042,-0.495,-0.0,0.371,-0.928,0.726,0.227,0.65,-0.667,0.667,0.333,0.831,0.066,0.552,-0.0,0.707,-0.707,0.936,-0.062,0.348,-0.667,0.667,0.333,0.883,0.085,0.462,-0.811,0.324,-0.487,paper
6.09601,0.099,-0.166,0.981,0.905,0.236,-0.354,0.252,0.039,-0.967,0.809,0.53,0.252,0.14,-0.734,0.664,-0.177,0.809,0.56,-0.154,-0.617,0.772,-0.075,0.74,0.669,-0.127,-0.762,0.635,-0.055,0.877,0.478,-0.204,-0.543,0.815,-0.44,0.305,0.844,0.315,-0.81,0.495,none
31.058938,0.363,-0.154,0.919,-0.909,-0.404,0.101,-0.336,-0.123,-0.934,0.598,0.232,0.767,0.857,0.429,0.286,-0.538,0.044,0.842,0.0,0.085,0.996,-0.384,-0.116,0.916,0.474,-0.309,0.824,-0.397,0.071,0.915,0.848,0.121,0.515,-0.376,-0.068,0.924,0.173,0.636,-0.752,none
35.367222,0.519,-0.38,0.766,-0.688,-0.688,-0.229,-0.372,0.201,-0.906,0.428,0.028,0.903,-0.707,-0.707,0.0,-0.61,0.166,0.775,-0.747,0.664,-0.041,0.137,0.985,0.103,-0.349,0.465,-0.814,-0.155,0.963,-0.222,-0.642,0.522,-0.562,-0.644,-0.025,0.765,-0.84,-0.344,0.42,none
31.89569,0.395,-0.24,0.887,-0.867,-0.244,-0.434,-0.291,0.005,-0.957,0.476,0.209,0.854,-0.288,0.922,-0.259,-0.666,-0.002,0.746,-0.61,0.726,0.319,-0.456,-0.155,0.876,0.0,0.167,0.986,-0.478,0.089,0.874,0.206,0.677,0.706,-0.449,0.218,0.867,0.491,-0.115,-0.864,none
14.129047,-0.07,0.968,0.239,0.528,-0.215,-0.821,-0.236,-0.972,0.011,0.819,-0.078,-0.568,-0.556,-0.822,-0.121,0.811,0.141,0.568,-0.107,-0.853,-0.512,0.875,-0.042,0.482,-0.331,-0.745,-0.579,0.947,-0.137,0.292,-0.573,-0.658,-0.488,0.917,0.072,0.393,-0.241,-0.601,-0.762,paper
4.480354,0.031,0.818,0.574,-0.456,0.57,0.684,0.52,-0.793,-0.318,0.719,-0.36,0.595,0.333,-0.667,-0.667,0.816,-0.218,0.535,0.707,-0.707,0.0,0.847,-0.215,0.487,0.686,-0.514,-0.514,0.994,-0.047,-0.095,0.371,0.0,-0.928,0.174,0.929,0.326,-0.688,0.688,-0.229,rock
49.844693,0.668,-0.526,0.526,-0.623,-0.078,0.778,-0.635,0.404,-0.658,0.4,0.341,0.85,0.805,0.346,0.481,-0.701,-0.008,0.713,-0.02,-0.126,0.992,-0.688,-0.104,0.718,0.148,-0.25,0.957,-0.809,-0.268,0.523,0.482,-0.143,0.864,-0.653,-0.449,0.611,0.711,0.117,-0.694,none
27.064362,0.647,0.119,0.753,0.585,0.81,-0.023,-0.542,-0.504,-0.673,0.416,0.654,0.632,-0.93,-0.367,0.016,0.005,0.584,0.812,-0.693,-0.085,-0.716,0.076,0.522,0.849,-0.821,-0.007,-0.571,0.027,0.757,0.653,-0.657,0.563,-0.501,0.265,-0.863,0.43,0.478,0.229,0.848,none
28.505155,0.016,0.875,0.485,0.195,0.803,0.562,-0.499,-0.579,-0.645,0.666,-0.372,0.646,0.771,-0.28,0.572,0.772,-0.253,0.584,0.807,-0.114,0.58,0.804,-0.211,0.557,0.869,-0.102,0.485,0.998,-0.054,-0.012,0.995,0.094,-0.047,0.262,0.915,0.306,0.056,0.914,0.401,rock
16.658421,-0.099,0.736,0.669,-0.389,-0.229,0.892,0.801,-0.26,-0.54,0.808,-0.483,0.338,0.714,-0.112,-0.691,0.971,-0.145,0.189,0.639,0.221,-0.737,0.899,0.019,0.438,0.3,0.808,0.508,0.89,0.052,0.453,0.109,0.765,0.634,0.069,0.887,0.456,-0.854,0.521,0.0,scissors
54.942394,0.704,-0.57,0.423,-0.917,0.393,0.066,-0.667,0.372,-0.645,0.038,0.576,0.817,-0.916,0.14,-0.376,-0.845,-0.249,0.473,0.244,0.18,-0.953,-0.778,-0.479,0.406,0.0,0.394,0.919,-0.748,-0.598,0.288,-0.237,0.047,0.97,-0.708,-0.565,0.423,-0.76,0.228,-0.608,none
9.079072,0.044,0.839,0.542,0.008,0.821,0.571,0.629,-0.431,-0.647,0.701,-0.361,0.615,0.701,-0.436,0.564,0.803,-0.227,0.551,0.805,-0.285,0.52,0.835,-0.214,0.507,0.815,-0.266,0.515,0.996,-0.049,-0.071,0.995,-0.094,-0.017,0.199,0.927,0.317,0.089,0.966,0.243,rock
19.305071,0.297,0.837,-0.46,-0.505,0.808,0.303,0.195,-0.183,0.964,0.1,-0.378,0.92,0.804,-0.402,-0.438,-0.057,-0.491,0.869,0.956,-0.291,-0.042,0.388,-0.907,-0.162,0.426,0.681,0.596,0.787,0.271,0.553,0.683,-0.729,0.046,0.897,0.018,0.442,0.676,0.676,-0.296,none
7.96485,-0.101,0.217,0.971,-0.9,-0.123,-0.419,0.378,-0.386,-0.842,0.881,0.363,-0.302,0.98,0.059,0.192,0.345,0.779,0.524,0.398,-0.112,0.911,0.356,0.698,0.621,0.6,-0.342,0.723,0.124,0.785,0.607,0.931,-0.234,0.282,-0.259,0.388,0.884,0.683,0.194,-0.705,none
5.961306,-0.067,0.833,0.549,-0.234,0.642,0.73,0.642,-0.692,-0.329,0.709,-0.528,0.467,0.728,-0.67,0.146,0.931,-0.208,0.3,0.939,-0.333,0.091,0.925,-0.109,0.365,0.948,0.118,0.296,0.931,-0.092,0.354,0.84,0.218,0.498,0.202,0.854,0.479,-0.134,0.961,0.24,scissors
19.272537,0.08,0.76,0.645,-0.577,-0.577,-0.577,0.426,-0.811,-0.402,0.784,-0.309,0.539,-0.164,0.0,-0.986,0.862,-0.134,0.489,-0.905,0.302,0.302,0.9,-0.174,0.401,-0.302,0.302,-0.905,0.983,0.011,-0.184,-0.845,0.507,-0.169,0.081,0.918,0.389,-0.862,0.123,-0.492,rock
12.725202,-0.175,-0.274,0.945,-0.539,-0.799,0.266,0.417,0.024,-0.908,0.596,0.735,-0.324,0.603,0.62,0.502,0.19,0.876,0.442,0.186,-0.21,0.96,0.251,0.808,0.533,0.666,-0.317,0.675,0.048,0.93,0.365,0.875,-0.14,0.465,-0.664,0.577,0.475,-0.791,-0.01,0.611,none
10.893191,-0.188,0.941,0.282,-0.136,0.912,0.388,0.484,-0.83,0.278,0.828,0.102,-0.551,0.781,0.185,-0.596,0.76,0.3,0.576,0.687,0.377,0.621,0.863,0.13,0.488,0.822,0.2,0.533,0.957,0.012,0.291,0.876,0.138,0.461,0.885,0.184,0.427,0.799,0.309,0.516,paper
8.051569,0.028,0.844,0.536,-0.121,-0.823,-0.555,0.518,-0.511,-0.686,0.694,-0.37,0.617,-0.681,0.328,-0.655,0.798,-0.239,0.553,-0.815,0.202,-0.543,0.83,-0.221,0.512,-0.812,0.179,-0.556,0.996,-0.055,-0.065,-0.999,0.034,-0.026,0.207,0.928,0.311,-0.218,-0.89,-0.401,rock
35.082073,0.131,0.808,0.575,0.514,-0.0,-0.857,0.213,-0.937,-0.275,0.753,-0.268,0.601,-0.87,0.348,-0.348,0.818,-0.117,0.563,-0.889,0.111,0.444,0.874,-0.115,0.472,-0.707,0.707,-0.0,0.994,0.057,-0.095,-0.722,0.619,0.309,0.16,0.885,0.437,-0.64,-0.64,-0.426,rock
31.471005,0.369,-0.151,0.917,-0.873,0.218,-0.436,-0.321,-0.115,-0.94,0.531,0.319,0.785,-0.926,0.128,-0.356,-0.574,0.103,0.812,0.106,0.445,-0.889,-0.387,-0.053,0.92,-0.056,0.617,-0.785,-0.395,0.16,0.905,-0.14,0.652,-0.745,-0.374,-0.045,0.926,0.341,0.876,0.341,none
51.884783,0.682,-0.688,0.249,-0.585,0.691,0.425,-0.754,0.457,-0.473,0.21,0.909,-0.359,0.967,0.081,0.242,-0.047,0.955,-0.292,0.619,-0.197,0.76,-0.051,0.959,-0.28,0.475,-0.713,0.515,-0.346,0.916,-0.204,0.935,-0.14,0.327,-0.811,-0.553,0.19,-0.752,-0.047,0.658,none
33.965164,0.463,-0.079,0.883,0.192,-0.962,0.192,-0.384,-0.183,-0.905,0.492,0.221,0.842,-0.71,-0.608,-0.355,-0.649,0.129,0.75,0.257,-0.77,0.584,-0.276,0.237,0.931,0.423,-0.493,0.761,0.093,0.989,0.118,-0.896,-0.43,0.108,-0.241,0.135,0.961,-0.753,-0.0,-0.659,none
25.252808,0.458,0.512,0.727,-0.341,-0.043,-0.939,-0.376,-0.783,-0.495,0.986,-0.038,0.164,-0.926,-0.282,-0.252,0.528,0.182,0.83,-0.386,-0.097,-0.917,0.581,-0.027,0.814,-0.179,-0.0,-0.984,0.508,0.417,0.754,-0.362,-0.453,-0.815,0.178,-0.121,0.977,-0.958,-0.192,-0.215,none
6.40732,-0.074,0.953,0.295,0.089,0.891,0.445,0.715,-0.69,0.108,0.855,0.026,-0.517,0.778,0.078,-0.623,0.745,0.21,0.633,0.259,0.173,0.95,0.835,0.063,0.547,0.485,0.485,0.728,0.941,-0.086,0.327,0.309,0.206,0.928,0.893,0.077,0.443,0.507,0.169,0.845,paper
31.002383,0.159,0.804,0.572,0.09,-0.905,-0.416,0.019,-0.95,-0.31,0.741,-0.276,0.612,-0.534,0.44,-0.722,0.811,-0.135,0.57,-0.731,0.382,-0.565,0.866,-0.122,0.484,-0.666,0.301,-0.682,0.995,0.048,-0.091,-0.963,0.205,-0.174,0.191,0.89,0.413,-0.427,-0.87,-0.246,rock
25.391104,0.049,0.84,0.54,0.629,0.65,0.426,0.157,-0.929,-0.335,0.731,-0.386,0.563,0.838,0.114,0.533,0.835,-0.226,0.502,0.719,0.252,0.647,0.856,-0.234,0.461,0.889,0.254,0.381,0.991,-0.053,-0.122,0.88,0.468,-0.075,0.17,0.936,0.308,-0.018,0.734,0.679,rock
37.632203,0.088,0.816,0.572,-0.577,-0.577,-0.577,0.177,-0.948,-0.263,0.738,-0.316,0.596,-0.349,0.116,-0.93,0.818,-0.169,0.55,-0.937,0.156,-0.312,0.861,-0.162,0.482,-0.596,0.298,-0.745,0.996,0.01,-0.091,-0.943,0.314,-0.105,0.179,0.905,0.385,-0.793,-0.226,-0.566,rock
2.584776,0.001,-0.273,0.962,-0.487,-0.811,0.324,0.156,0.153,-0.976,0.701,0.696,0.157,-0.123,0.862,-0.492,-0.137,0.903,0.408,-0.818,0.545,0.182,-0.007,0.879,0.477,-0.577,0.808,0.115,-0.109,0.96,0.259,-0.605,0.777,0.173,-0.606,0.351,0.713,-0.946,0.291,-0.145,none
10.220631,-0.164,0.95,0.265,0.29,0.928,-0.232,0.656,-0.668,0.353,0.82,0.066,-0.569,0.487,-0.324,-0.811,0.784,0.258,0.564,0.898,-0.163,0.408,0.877,0.085,0.473,0.92,-0.383,0.077,0.962,-0.035,0.271,0.913,-0.365,0.183,0.902,0.161,0.399,0.909,-0.101,-0.404,paper
9.12866,-0.036,0.932,0.361,-0.453,-0.494,0.742,0.472,-0.872,0.13,0.897,0.018,-0.442,0.206,0.867,0.454,0.696,0.204,0.689,-0.65,0.686,0.325,0.792,0.048,0.609,-0.42,0.84,0.344,0.906,-0.082,0.415,-0.368,0.803,0.468,0.854,0.037,0.519,-0.721,0.541,0.433,paper
26.348444,0.053,0.757,0.652,-0.102,-0.632,-0.768,0.639,-0.564,-0.523,0.811,-0.394,0.433,-0.866,0.337,-0.369,0.948,-0.077,0.31,-0.985,-0.016,-0.172,0.864,-0.139,0.484,-0.803,0.048,-0.594,0.864,-0.084,0.496,-0.819,0.033,-0.573,0.153,0.823,0.546,-0.05,-0.799,-0.599,scissors
20.894802,0.25,0.41,0.877,-0.998,-0.008,0.057,-0.197,-0.587,-0.786,0.991,0.137,-0.006,-0.16,-0.071,-0.984,0.67,0.583,0.46,0.207,0.122,-0.971,0.67,0.421,0.612,0.264,0.413,-0.872,0.594,0.795,-0.119,-0.083,-0.326,-0.942,-0.053,0.345,0.937,-0.159,0.777,-0.61,none
12.577806,-0.101,0.695,0.711,0.749,0.656,0.094,0.719,-0.139,-0.681,0.835,-0.456,0.308,0.772,0.154,0.617,0.985,-0.098,0.14,0.331,0.331,0.883,0.871,0.058,0.488,0.456,-0.684,0.57,0.863,0.063,0.501,0.0,-0.53,0.848,0.01,0.879,0.477,-0.241,0.482,0.843,scissors
2.587628,0.001,-0.285,0.958,-0.487,-0.811,0.324,0.194,0.145,-0.97,0.69,0.706,0.158,-0.123,0.862,-0.492,-0.153,0.906,0.396,-0.784,0.588,0.196,-0.027,0.882,0.471,-0.447,0.894,0.0,-0.13,0.959,0.253,-0.545,0.818,0.182,-0.618,0.341,0.708,-0.937,0.312,-0.156,none
4.480612,0.012,0.8,0.6,-0.456,0.57,0.684,0.514,-0.795,-0.321,0.738,-0.361,0.57,0.518,-0.605,-0.605,0.834,-0.209,0.51,0.754,-0.377,-0.538,0.863,-0.222,0.455,0.543,-0.641,-0.543,0.991,-0.046,-0.128,0.257,-0.411,-0.874,0.138,0.933,0.332,-0.737,0.589,-0.332,rock
17.700901,0.125,0.926,0.355,-0.345,-0.938,0.011,0.621,-0.686,-0.38,0.9,-0.183,-0.396,-0.614,0.564,0.552,0.725,0.028,0.688,-0.863,0.307,-0.402,0.767,-0.137,0.627,-0.767,0.496,-0.406,0.849,-0.237,0.473,-0.772,0.596,-0.221,0.839,-0.114,0.532,-0.916,0.323,-0.237,paper
43.24341,-0.655,0.532,0.537,-0.863,0.263,-0.432,0.812,-0.558,-0.17,0.471,0.005,-0.882,-0.922,-0.177,-0.345,0.702,0.628,-0.336,-0.024,0.052,-0.998,0.621,0.773,-0.128,0.046,0.103,-0.994,0.484,0.871,-0.085,-0.156,0.089,-0.984,0.445,0.859,0.253,-0.756,0.366,0.543,none
0.559905,0.032,0.806,0.591,0.617,-0.772,0.154,0.527,-0.773,-0.353,0.73,-0.358,0.582,-0.233,0.466,-0.854,0.834,-0.198,0.515,-0.616,0.704,-0.352,0.863,-0.214,0.457,-0.186,0.559,-0.808,0.989,-0.041,-0.139,-0.584,0.701,-0.409,0.132,0.942,0.31,-0.981,-0.187,-0.047,rock
55.963655,0.68,-0.596,0.426,0.832,0.0,-0.555,-0.622,0.418,-0.662,-0.052,-0.357,0.933,0.781,-0.488,-0.39,-0.731,-0.648,0.213,-0.07,-0.418,0.906,-0.754,-0.61,0.241,0.206,-0.309,0.928,-0.791,-0.588,0.169,-0.688,0.229,0.688,-0.729,-0.557,0.397,-0.894,-0.0,-0.447,none
6.076934,-0.079,0.949,0.306,-0.447,0.894,0.0,0.715,-0.686,0.136,0.861,0.035,-0.507,0.243,0.0,-0.97,0.734,0.224,0.641,-0.707,0.0,0.707,0.836,0.061,0.545,-0.707,0.707,0.0,0.938,-0.067,0.339,-0.667,0.333,0.667,0.886,0.085,0.456,-1.0,-0.0,0.0,paper
47.393387,0.432,-0.471,0.769,-0.624,-0.768,-0.144,-0.24,0.336,-0.911,0.322,0.523,0.789,-0.798,0.59,-0.124,-0.879,0.204,0.431,-0.485,0.151,-0.862,-0.826,0.13,0.548,-0.567,0.321,-0.759,-0.822,0.102,0.561,-0.582,0.456,-0.673,-0.554,-0.215,0.804,-0.791,0.442,-0.423,none
36.600094,0.551,-0.286,0.784,0.553,-0.614,-0.563,-0.395,0.108,-0.912,0.569,0.095,0.817,0.446,-0.739,0.505,-0.373,0.632,0.679,0.317,-0.347,0.883,-0.19,0.88,0.436,-0.833,-0.43,-0.349,-0.318,0.856,0.407,-0.887,-0.409,-0.215,-0.772,-0.078,0.63,-0.466,-0.877,-0.116,none
17.222225,-0.358,0.448,0.819,-0.816,-0.408,-0.408,0.775,-0.396,-0.492,0.799,-0.353,-0.487,-0.597,0.1,-0.796,0.933,0.326,-0.155,-0.857,0.286,-0.429,0.892,0.44,-0.107,-0.57,0.456,-0.684,0.712,0.698,-0.079,-0.848,0.424,-0.318,0.036,0.89,0.454,-0.88,0.176,-0.44,none
1.579141,-0.016,-0.267,0.964,-0.686,-0.514,0.514,0.2,0.151,-0.968,0.704,0.697,0.138,0.14,0.7,-0.7,-0.132,0.911,0.391,-0.62,0.744,0.248,-0.004,0.885,0.466,-0.275,0.962,0.0,-0.108,0.958,0.267,-0.477,0.858,0.191,-0.595,0.368,0.715,-0.874,0.486,-0.0,none
9.969341,-0.137,0.949,0.283,0.425,0.575,-0.7,0.59,-0.757,0.28,0.846,0.052,-0.53,-0.028,-0.747,-0.664,0.759,0.245,0.603,0.66,-0.739,-0.132,0.853,0.083,0.515,0.537,-0.818,-0.205,0.946,-0.029,0.324,0.352,-0.879,-0.322,0.89,0.13,0.438,0.504,-0.584,-0.637,paper
21.558918,0.309,-0.517,0.798,0.936,0.281,-0.211,-0.257,0.288,-0.923,0.576,0.814,0.068,0.175,-0.262,0.949,-0.127,0.94,0.315,-0.294,-0.436,0.85,-0.09,0.826,0.557,-0.215,-0.622,0.753,-0.21,0.965,-0.159,-0.24,0.023,0.971,-0.728,-0.012,0.685,0.4,-0.812,0.425,none
48.333152,0.805,-0.434,0.404,-0.479,-0.735,-0.479,-0.674,0.346,-0.653,0.207,0.093,0.974,-0.957,0.279,-0.08,-0.769,-0.297,0.565,-0.593,-0.544,-0.593,-0.725,-0.351,0.592,-0.631,-0.368,-0.683,-0.736,-0.395,0.55,-0.624,0.052,-0.78,-0.452,-0.784,0.425,-0.738,0.338,-0.584,none
17.68714,-0.096,0.789,0.607,0.299,0.88,0.37,0.787,-0.338,-0.517,0.792,-0.505,0.343,0.692,-0.43,0.58,0.963,-0.183,0.195,0.842,-0.092,0.531,0.916,-0.021,0.401,0.844,-0.341,0.413,0.916,0.006,0.401,0.832,-0.248,0.496,0.092,0.898,0.429,0.193,0.791,0.58,scissors
43.746224,-0.701,0.501,0.507,0.991,-0.037,-0.128,0.812,-0.568,-0.136,0.216,0.668,-0.713,0.942,-0.199,0.269,0.411,0.858,-0.309,0.049,-0.061,0.997,0.544,0.828,-0.134,0.334,-0.148,0.931,0.145,0.989,0.04,-0.103,-0.135,-0.985,0.535,0.681,0.499,-0.769,-0.598,-0.224,none
23.925965,0.082,0.753,0.653,-0.023,0.752,0.659,0.509,-0.745,-0.431,0.793,-0.311,0.524,0.78,-0.473,0.409,0.871,-0.13,0.473,0.877,-0.263,0.401,0.903,-0.182,0.389,0.863,-0.325,0.388,0.98,0.004,-0.198,0.977,-0.13,-0.169,0.065,0.924,0.378,-0.072,0.979,0.191,rock
6.959313,-0.102,0.938,0.33,-0.089,0.891,0.445,0.651,-0.755,0.083,0.868,0.069,-0.491,0.677,0.29,-0.677,0.722,0.252,0.644,0.218,0.436,0.873,0.825,0.091,0.558,0.651,0.391,0.651,0.933,-0.038,0.357,0.241,0.482,0.843,0.871,0.103,0.48,-0.0,0.707,0.707,paper
16.747368,-0.065,0.734,0.676,-0.344,0.0,0.939,0.754,-0.331,-0.567,0.818,-0.451,0.357,0.786,-0.157,-0.598,0.971,-0.113,0.212,0.759,0.217,-0.614,0.881,0.003,0.474,0.434,0.7,0.567,0.873,0.025,0.488,0.215,0.706,0.675,0.069,0.866,0.496,-0.811,0.579,0.087,scissors
17.300538,0.072,0.753,0.654,0.577,-0.577,-0.577,0.438,-0.79,-0.429,0.79,-0.31,0.529,-0.384,0.512,-0.768,0.869,-0.132,0.476,-0.824,0.549,0.137,0.904,-0.177,0.388,-0.424,0.707,-0.566,0.98,0.008,-0.199,-0.755,0.647,-0.108,0.064,0.921,0.385,-0.905,-0.302,-0.302,rock
1.579671,-0.015,-0.269,0.963,0.832,0.0,-0.555,0.184,0.153,-0.971,0.697,0.703,0.143,-0.707,-0.0,-0.707,-0.143,0.91,0.389,-0.857,-0.0,0.514,-0.014,0.885,0.465,-1.0,0.0,-0.0,-0.119,0.957,0.266,-0.905,0.302,0.302,-0.603,0.36,0.712,-0.937,-0.156,-0.312,none
36.751275,0.558,-0.44,0.703,-0.0,0.707,0.707,-0.427,0.274,-0.861,0.496,-0.048,0.867,-0.881,0.385,0.275,0.289,0.957,-0.007,-0.601,0.601,-0.526,0.359,0.932,0.044,-0.226,0.566,-0.793,-0.057,0.974,-0.221,-0.873,0.436,-0.218,-0.719,-0.221,0.659,-0.97,0.0,-0.243,none
8.105471,0.09,0.169,0.982,-0.811,-0.46,0.363,0.199,-0.34,-0.919,0.928,0.135,-0.347,0.836,0.225,-0.501,0.757,0.64,0.131,0.829,0.463,0.312,0.751,0.65,0.115,0.944,0.101,0.313,0.545,0.838,0.015,0.914,0.21,0.346,-0.45,0.753,0.48,0.341,-0.169,-0.925,none
32.022024,0.055,0.831,0.554,0.549,-0.137,-0.824,0.237,-0.942,-0.237,0.714,-0.341,0.612,-0.53,0.53,-0.662,0.805,-0.201,0.559,-0.889,0.381,0.254,0.845,-0.182,0.503,-0.566,0.707,-0.424,0.997,-0.011,-0.077,-0.796,0.597,0.1,0.216,0.911,0.351,-0.811,-0.487,-0.324,rock
29.470809,0.021,0.795,0.607,-0.905,-0.302,0.302,-0.445,-0.55,-0.707,0.749,-0.356,0.559,-0.206,-0.309,-0.928,0.843,-0.196,0.501,-0.557,-0.371,-0.743,0.87,-0.216,0.444,-0.286,-0.429,-0.857,0.989,-0.036,-0.144,-0.824,-0.137,-0.549,0.127,0.934,0.335,-0.772,0.154,-0.617,rock
10.175465,-0.043,-0.163,0.986,-0.0,0.0,-0.0,0.33,0.064,-0.942,0.559,0.396,0.729,0.049,-0.148,-0.988,-0.638,0.566,0.523,0.183,-0.365,0.913,-0.122,0.691,0.712,0.136,0.272,0.953,0.187,0.546,-0.817,0.852,-0.398,-0.341,-0.696,0.587,0.414,0.208,0.692,-0.692,none
6.45958,-0.108,0.736,0.669,-0.313,0.739,0.597,0.584,-0.746,-0.321,0.791,-0.506,0.344,0.677,-0.721,0.147,0.974,-0.156,0.162,0.921,-0.386,0.045,0.897,0.029,0.441,0.96,0.131,0.247,0.896,0.039,0.442,0.91,0.209,0.358,0.047,0.885,0.464,-0.028,0.98,0.199,scissors
3.970235,0.032,0.816,0.577,0.68,-0.68,-0.272,0.491,-0.808,-0.326,0.726,-0.361,0.585,0.115,0.577,-0.808,0.825,-0.205,0.526,-0.436,0.873,0.218,0.856,-0.211,0.472,-0.0,0.857,-0.514,0.993,-0.038,-0.112,-0.688,0.688,-0.229,0.156,0.927,0.34,-0.845,-0.507,0.169,rock
22.842548,0.032,0.82,0.571,0.0,-0.53,-0.848,0.563,-0.437,-0.701,0.717,-0.358,0.598,-0.69,0.383,-0.614,0.816,-0.214,0.537,-0.967,0.242,-0.081,0.848,-0.213,0.484,-0.786,0.437,-0.437,0.994,-0.04,-0.101,-0.924,0.355,0.142,0.175,0.929,0.327,-0.468,-0.749,-0.468,rock
11.304149,-0.074,0.959,0.275,-0.358,0.295,0.886,0.297,-0.927,0.229,0.841,-0.018,-0.541,0.777,0.63,0.0,0.78,0.183,0.598,-0.04,0.707,0.707,0.86,0.008,0.51,0.209,0.67,0.712,0.943,-0.11,0.313,0.319,0.618,0.718,0.9,0.076,0.428,0.044,0.533,0.845,paper
36.667639,0.551,-0.457,0.698,-0.577,0.577,0.577,-0.419,0.257,-0.871,0.527,-0.059,0.848,-0.921,0.39,-0.0,0.316,0.949,0.013,0.436,0.726,-0.532,0.376,0.925,0.062,0.563,0.811,-0.158,-0.034,0.975,-0.218,0.097,0.679,-0.728,-0.706,-0.205,0.678,-0.556,0.813,-0.171,none
6.537118,-0.074,0.952,0.296,0.169,0.959,0.226,0.686,-0.722,0.09,0.852,0.031,-0.522,0.706,-0.047,-0.706,0.752,0.209,0.625,0.68,0.052,0.732,0.846,0.044,0.532,0.806,-0.0,0.591,0.942,-0.088,0.325,0.791,-0.061,0.609,0.892,0.078,0.445,0.92,0.077,0.383,paper
37.631948,0.08,0.816,0.573,-0.324,-0.811,-0.487,0.218,-0.943,-0.251,0.737,-0.318,0.596,-0.389,0.291,-0.874,0.82,-0.169,0.547,-0.855,0.367,-0.367,0.86,-0.165,0.483,-0.549,0.329,-0.768,0.996,0.007,-0.092,-0.941,0.282,-0.188,0.179,0.906,0.384,-0.808,-0.303,-0.505,rock
12.732107,-0.015,-0.195,0.981,0.407,-0.913,-0.033,0.417,0.024,-0.908,0.747,0.492,-0.447,0.708,0.545,0.45,-0.02,0.913,0.407,0.382,-0.212,0.9,0.257,0.878,0.405,0.718,-0.053,0.695,0.012,0.975,0.222,0.885,-0.125,0.449,-0.649,0.567,0.508,-0.901,-0.09,0.423,none
1.096504,-0.037,-0.302,0.953,0.744,0.62,0.248,0.216,0.157,-0.964,0.676,0.722,0.145,0.667,0.333,-0.667,-0.171,0.913,0.371,-0.487,0.324,0.811,-0.047,0.889,0.456,-0.333,0.667,0.667,-0.153,0.955,0.255,-0.53,0.53,0.662,-0.627,0.345,0.698,-0.986,-0.0,0.164,none
16.677582,-0.075,0.967,0.242,-0.028,-0.966,-0.256,0.838,-0.539,0.083,0.795,-0.086,-0.6,-0.881,0.115,0.46,0.839,0.13,0.528,-0.848,-0.098,-0.522,0.894,-0.059,0.445,-0.808,0.097,-0.582,0.952,-0.151,0.266,-0.932,0.241,-0.271,0.923,0.07,0.378,-0.894,-0.028,-0.447,paper
26.410998,0.021,0.782,0.623,0.083,0.745,0.662,-0.368,-0.892,-0.261,0.758,-0.353,0.549,0.92,-0.383,0.077,0.851,-0.181,0.492,0.841,-0.076,0.535,0.88,-0.21,0.427,0.977,-0.15,0.15,0.986,-0.029,-0.163,0.894,0.268,-0.358,0.108,0.931,0.349,-0.42,0.9,0.12,rock
9.518665,-0.183,0.828,0.53,0.011,-0.787,-0.617,-0.142,-0.909,-0.392,0.71,-0.599,0.37,-0.748,0.499,-0.438,0.94,-0.278,0.197,-0.957,0.158,-0.245,0.955,0.039,0.294,-0.892,0.111,-0.438,0.953,0.071,0.293,-0.899,0.105,-0.425,0.152,0.92,0.36,-0.138,-0.854,-0.501,scissors
22.861612,0.063,0.847,0.528,0.811,0.487,0.324,0.541,-0.415,-0.732,0.687,-0.344,0.64,0.857,0.514,0.0,0.784,-0.221,0.581,0.226,0.566,0.793,0.824,-0.188,0.535,0.762,0.635,0.127,0.999,-0.027,-0.041,0.342,0.912,-0.228,0.238,0.913,0.332,-0.575,0.766,0.287,rock
16.167409,-0.1,0.965,0.243,0.051,-0.938,-0.342,0.784,-0.615,0.085,0.803,-0.058,-0.593,-0.833,0.038,0.551,0.83,0.165,0.532,-0.822,-0.169,-0.544,0.894,-0.022,0.447,-0.844,0.036,-0.535,0.957,-0.113,0.266,-0.931,0.14,-0.337,0.92,0.103,0.379,-0.885,-0.08,-0.459,paper
24.30714,-0.103,0.713,0.694,0.401,0.803,-0.441,0.565,-0.661,-0.494,0.835,-0.459,0.302,-0.19,-0.238,0.952,0.979,-0.116,0.166,-0.021,-0.297,0.955,0.888,0.038,0.459,0.352,-0.923,-0.154,0.876,0.089,0.474,0.384,-0.912,-0.144,0.044,0.889,0.455,0.933,0.151,0.328,scissors
1.688851,0.045,0.801,0.596,-0.254,-0.381,0.889,0.524,-0.773,-0.358,0.742,-0.35,0.571,0.445,-0.089,-0.891,0.837,-0.187,0.514,0.64,0.426,-0.64,0.871,-0.195,0.451,0.447,-0.0,-0.894,0.992,-0.021,-0.125,-0.342,0.228,-0.912,0.126,0.92,0.371,-0.923,0.308,-0.231,rock
11.111493,-0.041,0.805,0.592,0.117,0.883,0.455,-0.257,-0.932,-0.255,0.727,-0.411,0.55,0.665,-0.34,0.665,0.84,-0.251,0.481,0.717,-0.221,0.662,0.852,-0.274,0.446,0.792,-0.125,0.598,0.985,-0.097,-0.141,0.994,0.043,0.101,0.121,0.952,0.28,0.164,0.93,0.328,rock
22.319299,-0.012,0.715,0.699,0.202,-0.942,-0.269,-0.076,-0.892,-0.446,0.853,-0.376,0.362,-0.295,0.541,-0.787,0.974,-0.031,0.224,-0.74,0.476,-0.476,0.843,-0.028,0.537,-0.889,0.444,-0.111,0.84,0.01,0.543,-0.92,0.368,0.138,0.058,0.832,0.552,-0.702,-0.655,-0.281,scissors
14.616857,-0.218,0.746,0.629,-0.349,-0.449,0.823,0.837,-0.144,-0.528,0.758,-0.584,0.292,0.592,0.047,-0.805,0.957,-0.259,0.13,0.416,0.364,-0.833,0.94,0.064,0.335,0.05,0.867,0.496,0.929,0.103,0.355,-0.111,0.776,0.621,0.086,0.936,0.341,-0.95,0.309,-0.044,scissors
7.715654,-0.045,0.245,0.968,-0.962,0.133,-0.237,0.359,-0.519,-0.776,0.912,0.304,-0.275,0.907,0.172,-0.383,0.287,0.746,0.601,0.729,0.359,0.583,0.33,0.671,0.664,0.772,0.008,0.636,0.257,0.726,0.638,0.989,-0.135,0.067,-0.22,0.304,0.927,0.58,0.724,-0.374,none
22.776921,-0.012,0.688,0.726,-0.228,-0.76,-0.608,-0.121,-0.896,-0.427,0.87,-0.363,0.333,-0.682,0.262,-0.682,0.981,-0.005,0.194,-0.947,0.053,-0.316,0.828,0.026,0.561,-0.781,0.279,-0.558,0.82,0.061,0.569,-0.89,0.346,-0.297,0.006,0.832,0.555,-0.481,-0.535,-0.695,scissors
34.217499,0.456,-0.286,0.843,-0.997,-0.081,0.0,-0.369,-0.059,-0.928,0.545,0.105,0.832,-0.914,-0.02,-0.406,-0.411,0.313,0.856,0.309,-0.343,0.887,0.106,0.759,0.643,0.886,-0.233,0.401,0.148,0.969,0.196,-0.868,-0.496,-0.041,-0.382,0.031,0.924,-0.683,0.695,0.224,none
19.784367,0.085,0.768,0.635,-0.183,-0.913,0.365,0.421,-0.795,-0.437,0.779,-0.309,0.545,0.0,0.217,-0.976,0.858,-0.138,0.495,-0.64,0.64,-0.426,0.896,-0.172,0.408,-0.136,0.272,-0.953,0.984,0.012,-0.177,-0.738,0.422,-0.527,0.088,0.918,0.387,-0.928,-0.0,-0.371,rock
1.446632,0.027,0.797,0.603,0.463,0.396,-0.793,0.579,-0.753,-0.312,0.742,-0.358,0.567,-0.704,0.704,0.101,0.838,-0.197,0.509,-0.73,0.332,0.597,0.867,-0.208,0.453,-0.466,0.854,0.233,0.992,-0.036,-0.117,-0.48,0.685,0.548,0.118,0.923,0.366,0.527,-0.738,0.422,rock
8.787245,-0.095,0.942,0.322,-0.198,0.693,0.693,0.615,-0.758,0.218,0.867,0.044,-0.496,0.816,0.384,-0.432,0.728,0.237,0.643,0.249,0.549,0.798,0.828,0.075,0.556,0.548,0.438,0.712,0.934,-0.047,0.353,0.507,0.406,0.761,0.878,0.102,0.468,0.321,0.449,0.834,paper
32.960664,0.448,-0.215,0.868,0.255,-0.963,-0.085,-0.363,-0.037,-0.931,0.511,0.205,0.835,0.545,0.0,0.838,-0.654,0.03,0.756,-0.629,0.073,0.774,-0.341,0.01,0.94,0.449,-0.418,0.79,-0.125,0.781,0.612,0.903,-0.098,0.417,-0.291,0.123,0.949,-0.544,-0.839,0.024,none
37.122744,0.078,0.823,0.563,-0.228,0.342,-0.912,0.21,-0.956,-0.207,0.735,-0.321,0.597,-0.976,0.0,-0.217,0.817,-0.173,0.549,-0.926,-0.168,0.337,0.858,-0.169,0.485,-0.93,0.349,0.116,0.996,0.003,-0.09,-0.763,0.254,0.594,0.179,0.907,0.38,-0.0,-0.447,-0.894,rock
1.579913,-0.011,-0.254,0.967,0.802,-0.535,0.267,0.178,0.13,-0.975,0.698,0.701,0.142,-0.0,0.555,-0.832,-0.142,0.909,0.391,-0.811,0.324,0.487,-0.015,0.883,0.468,-0.555,0.832,0.0,-0.118,0.957,0.265,-0.744,0.62,0.248,-0.602,0.36,0.713,-0.985,0.123,-0.123,none
16.77417,-0.128,0.948,0.292,0.894,0.0,0.447,0.832,-0.555,0.016,0.848,-0.002,-0.53,0.447,-0.0,-0.894,0.78,0.218,0.586,-0.845,-0.169,0.507,0.859,0.039,0.51,-1.0,0.0,-0.0,0.94,-0.054,0.337,-0.843,0.241,0.482,0.883,0.123,0.453,-0.98,-0.14,-0.14,paper
23.782994,0.401,0.118,0.909,-0.035,0.887,0.461,-0.364,-0.438,-0.822,0.913,0.387,0.133,0.944,-0.257,-0.206,0.435,0.638,0.636,0.882,-0.167,0.441,0.424,0.33,0.843,0.938,-0.179,0.298,0.247,0.752,0.611,0.828,0.212,0.52,-0.256,0.162,0.953,0.543,0.513,0.664,none
33.338763,0.475,-0.108,0.873,0.778,0.623,-0.078,-0.412,-0.157,-0.898,0.499,0.214,0.84,0.905,-0.302,-0.302,-0.691,0.08,0.719,-0.275,0.962,-0.0,-0.288,0.191,0.938,-0.68,0.68,-0.272,0.071,0.995,0.075,-0.725,0.242,0.645,-0.277,0.124,0.953,0.492,-0.573,0.655,none
20.350517,0.046,0.762,0.646,-0.187,-0.047,-0.981,0.52,-0.741,-0.425,0.778,-0.334,0.533,-0.991,0.094,-0.094,0.865,-0.161,0.476,-0.973,-0.162,0.162,0.894,-0.203,0.399,-0.973,0.185,0.139,0.982,-0.02,-0.188,-0.789,0.044,0.613,0.075,0.931,0.358,0.368,-0.683,-0.631,rock
25.042063,0.441,0.443,0.781,0.827,-0.426,-0.366,-0.384,-0.74,-0.551,0.973,0.107,0.207,-0.914,-0.058,0.403,0.502,0.324,0.802,-0.994,-0.085,-0.062,0.535,0.085,0.84,-0.975,-0.195,-0.11,0.439,0.528,0.727,-0.932,-0.356,0.068,0.049,-0.057,0.997,-0.653,-0.744,-0.141,none
52.39212,0.705,-0.657,0.269,0.548,-0.685,-0.48,-0.756,0.479,-0.446,0.239,0.896,-0.375,-0.631,0.505,-0.589,-0.017,0.95,-0.312,-0.835,0.264,-0.483,-0.041,0.959,-0.281,-0.873,0.154,-0.462,-0.339,0.918,-0.205,-0.956,0.283,-0.071,-0.78,-0.601,0.173,-0.507,0.253,-0.824,none
12.671314,-0.147,0.711,0.687,0.325,0.921,-0.217,0.739,-0.174,-0.651,0.813,-0.502,0.295,-0.341,-0.398,0.852,0.98,-0.154,0.124,-0.092,-0.37,0.925,0.895,0.071,0.439,0.447,-0.844,-0.298,0.887,0.087,0.454,0.526,-0.818,-0.234,0.026,0.904,0.427,0.923,0.33,0.198,scissors
12.597314,-0.191,0.948,0.254,0.066,0.953,-0.296,0.311,-0.901,0.302,0.804,0.059,-0.592,0.4,-0.3,-0.866,0.802,0.262,0.537,0.958,-0.16,0.239,0.892,0.082,0.444,0.93,-0.349,0.116,0.969,-0.021,0.246,0.903,-0.428,0.048,0.903,0.192,0.384,0.97,-0.146,-0.194,paper
7.167997,0.033,0.634,0.772,0.974,0.202,-0.101,0.288,-0.763,-0.579,0.977,0.034,-0.21,0.233,-0.699,0.676,0.506,0.562,0.654,-0.151,-0.62,0.77,0.569,0.476,0.67,-0.051,-0.747,0.662,0.47,0.589,0.658,-0.036,-0.67,0.742,0.306,0.269,0.913,0.113,-0.926,0.361,none
41.175094,0.104,0.616,0.781,-0.109,0.833,-0.543,0.126,-0.814,-0.567,0.99,-0.034,-0.14,0.148,-0.978,0.148,0.711,0.53,0.463,0.504,-0.793,0.342,0.734,0.455,0.505,0.529,-0.843,0.098,0.593,0.762,0.258,0.749,-0.572,0.335,0.483,-0.08,0.872,0.85,0.087,-0.52,none
22.689751,0.448,0.238,0.861,-0.58,-0.258,0.773,-0.382,-0.598,-0.705,0.946,0.236,0.222,0.269,0.478,-0.836,0.364,0.468,0.805,-0.388,0.887,-0.25,0.387,0.208,0.898,-0.703,0.686,-0.189,0.264,0.643,0.719,-0.828,0.542,-0.143,-0.189,0.048,0.981,-0.782,0.441,0.441,none
5.636214,0.121,-0.221,0.968,-0.241,0.843,-0.482,0.248,0.101,-0.963,0.773,0.555,0.307,0.162,-0.973,-0.162,-0.247,0.789,0.562,-0.14,-0.7,0.7,-0.146,0.723,0.675,0.265,-0.927,0.265,-0.127,0.858,0.498,0.173,-0.605,0.777,-0.47,0.25,0.847,0.667,-0.667,-0.333,none
27.942915,0.084,0.883,0.462,-0.167,0.8,0.577,-0.279,-0.914,-0.295,0.641,-0.328,0.694,0.684,-0.564,0.463,0.735,-0.233,0.636,0.795,-0.388,0.466,0.79,-0.166,0.59,0.794,-0.368,0.484,1.0,-0.017,0.024,0.982,-0.184,-0.041,0.307,0.891,0.335,0.0,0.994,0.108,rock
19.207184,-0.094,0.763,0.639,-0.323,-0.34,0.883,0.754,-0.583,-0.302,0.789,-0.493,0.365,0.69,-0.033,-0.723,0.96,-0.17,0.224,0.567,0.266,-0.78,0.909,-0.014,0.416,0.187,0.85,0.493,0.902,0.03,0.43,0.064,0.802,0.594,0.11,0.885,0.453,-0.898,0.441,-0.0,scissors
31.857984,0.385,-0.265,0.884,-0.254,-0.254,-0.933,-0.291,0.005,-0.957,0.497,0.219,0.84,-0.523,0.847,-0.1,-0.642,0.009,0.766,-0.716,0.689,0.11,-0.449,-0.145,0.882,-0.408,0.544,0.734,-0.449,0.107,0.887,0.0,0.678,0.735,-0.412,0.29,0.864,0.55,-0.12,-0.827,none
37.173823,0.604,-0.429,0.672,-0.95,0.309,-0.047,-0.468,0.242,-0.85,0.64,0.621,0.452,0.892,0.371,-0.257,0.055,0.812,0.581,-0.324,0.232,-0.917,0.129,0.798,0.589,-0.186,0.395,-0.9,-0.229,0.954,0.196,0.273,-0.246,-0.93,-0.669,-0.134,0.731,0.625,0.75,-0.219,none
8.560708,0.107,0.861,0.498,-0.235,-0.704,-0.67,0.452,-0.412,-0.791,0.671,-0.311,0.672,-0.745,0.18,-0.642,0.759,-0.2,0.619,-0.877,0.053,-0.478,0.817,-0.146,0.558,-0.855,0.107,-0.508,1.0,0.012,-0.011,-0.999,-0.026,0.026,0.268,0.89,0.369,-0.253,-0.787,-0.562,rock
18.967803,0.289,0.866,-0.407,0.438,-0.83,0.346,0.281,-0.219,0.934,0.022,-0.358,0.934,-0.854,0.418,-0.311,-0.069,-0.577,0.814,0.251,0.95,-0.188,0.188,-0.912,0.364,-0.954,0.037,-0.298,0.509,0.025,0.86,0.327,-0.848,-0.416,0.969,-0.061,0.24,0.558,0.475,-0.68,none
16.753696,0.076,0.76,0.645,0.0,0.894,0.447,0.422,-0.79,-0.445,0.785,-0.312,0.535,0.436,-0.218,-0.873,0.864,-0.138,0.485,-0.0,0.0,1.0,0.901,-0.178,0.396,0.707,0.0,-0.707,0.982,0.008,-0.19,-0.485,0.728,-0.485,0.074,0.92,0.385,-0.768,0.549,-0.329,rock
9.045,-0.067,0.935,0.348,-0.461,-0.231,0.857,0.533,-0.833,0.147,0.889,0.034,-0.457,0.435,0.836,0.334,0.702,0.228,0.675,-0.514,0.743,0.429,0.803,0.07,0.592,-0.284,0.851,0.441,0.916,-0.056,0.397,-0.169,0.788,0.591,0.862,0.066,0.503,-0.515,0.575,0.636,paper
15.272752,-0.199,-0.18,0.963,0.667,0.741,0.074,0.681,0.207,-0.702,0.721,0.11,-0.685,0.667,0.667,-0.333,0.756,0.496,-0.427,0.174,0.696,0.696,0.738,0.454,-0.498,0.928,0.206,0.309,-0.261,0.718,0.645,0.247,0.247,0.937,-0.708,0.659,0.255,0.914,0.406,0.0,none
25.587596,-0.041,0.671,0.741,-0.087,-0.786,-0.612,0.51,-0.681,-0.525,0.877,-0.376,0.3,-0.513,0.293,-0.807,0.986,-0.017,0.166,-0.898,0.163,-0.408,0.833,0.054,0.55,-0.755,0.42,-0.504,0.816,0.102,0.569,-0.893,0.446,-0.064,-0.016,0.846,0.533,-0.707,-0.424,-0.566,scissors
24.880253,0.012,0.735,0.678,-0.077,0.927,0.367,0.446,-0.782,-0.435,0.799,-0.362,0.48,0.625,-0.542,0.562,0.891,-0.174,0.42,0.715,-0.397,0.576,0.902,-0.244,0.357,0.745,-0.322,0.584,0.971,-0.055,-0.232,0.986,-0.147,0.084,0.031,0.947,0.319,0.114,0.985,0.133,rock
10.174791,-0.035,-0.161,0.986,-0.0,0.0,-0.0,0.345,0.088,-0.935,0.542,0.409,0.734,-0.205,-0.102,-0.973,-0.642,0.568,0.515,0.0,-0.707,0.707,-0.119,0.689,0.715,-0.408,0.816,0.408,0.191,0.549,-0.814,0.959,-0.169,-0.226,-0.692,0.589,0.417,0.117,0.758,-0.642,none
34.178975,0.448,-0.189,0.874,-0.996,0.038,-0.075,-0.353,-0.048,-0.934,0.555,0.144,0.819,-0.889,0.137,-0.438,-0.409,0.216,0.887,0.289,-0.27,0.919,-0.015,0.686,0.728,0.935,-0.109,0.337,0.18,0.978,0.11,-0.84,-0.485,-0.243,-0.431,0.055,0.901,-0.524,0.825,0.21,none
23.358922,0.461,0.177,0.87,-0.239,0.716,0.656,-0.423,-0.508,-0.75,0.922,0.318,0.222,0.915,-0.045,-0.402,0.361,0.54,0.76,0.844,-0.067,0.533,0.361,0.147,0.921,0.902,-0.116,0.416,0.229,0.611,0.758,0.774,0.435,0.46,-0.205,0.066,0.977,0.226,0.793,0.566,none
44.743179,-0.645,0.418,0.64,0.754,0.588,0.294,0.795,-0.488,-0.36,0.359,0.686,-0.633,0.83,-0.556,-0.041,0.241,0.945,-0.222,0.606,-0.318,-0.729,0.315,0.948,-0.035,0.16,-0.191,-0.969,0.448,0.892,-0.057,-0.692,-0.012,-0.722,0.098,0.979,0.176,-0.59,-0.15,0.794,none
32.746534,0.391,-0.226,0.892,-0.655,-0.737,-0.164,-0.304,-0.003,-0.953,0.491,0.224,0.842,-0.707,0.0,-0.707,-0.686,0.024,0.727,0.408,-0.408,0.816,-0.429,-0.014,0.903,0.958,-0.287,0.0,-0.372,0.19,0.909,0.806,-0.105,0.582,-0.381,0.141,0.914,-0.786,-0.437,0.437,none
14.128916,-0.05,0.969,0.242,0.409,-0.237,-0.882,-0.236,-0.972,0.011,0.822,-0.082,-0.564,-0.685,-0.707,-0.177,0.801,0.137,0.583,-0.063,-0.821,-0.568,0.866,-0.044,0.497,-0.272,-0.711,-0.648,0.939,-0.139,0.315,-0.527,-0.632,-0.569,0.908,0.055,0.415,-0.22,-0.559,-0.799,paper
10.379641,-0.151,0.961,0.231,-0.152,0.952,0.266,0.672,-0.676,0.302,0.792,0.03,-0.61,0.717,0.137,-0.683,0.819,0.223,0.529,0.709,0.315,0.63,0.899,0.049,0.436,0.865,0.113,0.489,0.971,-0.075,0.225,0.873,0.087,0.48,0.922,0.144,0.36,0.844,0.298,0.447,paper
14.255604,-0.097,0.505,0.857,-0.436,-0.873,-0.218,0.464,-0.575,-0.673,0.835,-0.522,-0.175,-0.548,-0.226,-0.806,0.964,-0.23,-0.133,-0.615,0.179,-0.768,0.928,-0.208,-0.31,-0.37,0.711,-0.598,0.874,-0.013,-0.486,-0.727,0.454,-0.515,0.509,-0.072,0.858,0.072,0.99,-0.121,none
54.433753,0.727,-0.564,0.391,0.713,0.583,0.389,-0.664,0.407,-0.627,0.165,0.655,0.738,0.895,0.179,-0.409,-0.822,-0.425,0.379,0.082,-0.164,0.983,-0.611,-0.739,0.284,0.321,-0.017,0.947,-0.626,-0.752,0.205,0.082,-0.137,0.987,-0.721,-0.6,0.346,0.667,-0.572,0.477,none
11.752398,-0.042,0.952,0.302,0.408,0.911,-0.063,0.037,-0.992,0.117,0.869,-0.027,-0.494,0.601,-0.45,-0.661,0.747,0.173,0.641,0.773,-0.336,0.538,0.829,0.004,0.559,0.768,-0.501,0.4,0.922,-0.117,0.369,0.712,-0.605,0.356,0.881,0.039,0.471,0.896,-0.428,0.117,paper
4.481259,-0.089,0.95,0.3,0.0,0.707,-0.707,0.731,-0.664,0.158,0.862,0.06,-0.504,-0.218,0.436,-0.873,0.733,0.237,0.637,-0.707,0.707,0.0,0.838,0.075,0.541,-0.267,0.535,-0.802,0.943,-0.051,0.329,-0.596,0.745,0.298,0.89,0.093,0.447,-0.707,0.424,-0.566,paper
3.157108,-0.144,0.749,0.647,0.333,0.667,0.667,0.722,-0.609,-0.328,0.766,-0.54,0.349,0.97,-0.0,-0.243,0.974,-0.179,0.141,0.408,0.408,0.816,0.907,0.032,0.42,0.784,-0.196,0.588,0.91,0.052,0.412,0.12,0.241,0.963,0.056,0.896,0.44,-0.707,0.566,0.424,scissors
16.14857,-0.21,0.767,0.606,-0.275,0.495,0.824,0.871,-0.202,-0.449,0.747,-0.588,0.31,0.828,-0.466,-0.311,0.949,-0.272,0.157,0.981,-0.061,-0.184,0.945,0.04,0.324,0.799,0.4,0.449,0.937,0.083,0.339,0.539,0.49,0.686,0.114,0.934,0.339,-0.556,0.813,0.171,scissors
3.600648,0.068,-0.209,0.975,-0.646,-0.341,-0.682,0.166,0.046,-0.985,0.772,0.601,0.207,-0.846,0.423,-0.325,-0.099,0.833,0.544,-0.196,-0.515,-0.834,0.056,0.803,0.593,-0.419,-0.398,-0.816,-0.046,0.926,0.376,-0.467,-0.51,-0.722,-0.511,0.331,0.793,-0.139,-0.259,-0.956,none
8.645137,0.148,0.111,0.983,-0.778,-0.322,0.54,0.164,-0.324,-0.932,0.949,0.247,-0.195,0.897,0.143,-0.419,0.631,0.735,0.248,0.837,0.508,0.205,0.661,0.723,0.202,0.963,0.18,0.202,0.468,0.883,0.026,0.986,0.029,0.167,-0.632,0.597,0.494,-0.178,-0.037,-0.983,none
41.255952,0.146,0.55,0.823,0.339,0.941,0.0,0.172,-0.793,-0.585,0.991,0.009,-0.131,0.766,-0.575,0.287,0.681,0.572,0.457,0.444,-0.111,0.889,0.694,0.51,0.509,0.507,-0.217,0.834,0.526,0.813,0.25,0.427,0.296,0.854,0.386,-0.15,0.91,0.873,-0.374,-0.312,none
4.140286,0.074,-0.239,0.968,0.705,0.083,-0.705,0.208,0.086,-0.974,0.727,0.639,0.252,-0.824,-0.567,-0.0,-0.175,0.847,0.502,-0.463,-0.869,-0.174,-0.035,0.813,0.581,-0.376,-0.816,-0.439,-0.13,0.917,0.376,-0.503,-0.862,-0.072,-0.541,0.275,0.795,-0.0,-0.707,-0.707,none
21.823741,0.046,0.863,0.503,0.041,-0.815,-0.578,0.561,-0.659,-0.501,0.675,-0.374,0.637,-0.647,0.449,-0.616,0.778,-0.256,0.574,-0.826,0.318,-0.466,0.812,-0.218,0.542,-0.781,0.312,-0.541,0.998,-0.059,-0.033,-0.985,0.174,-0.01,0.247,0.922,0.297,-0.213,-0.937,-0.277,rock
18.533737,0.269,0.887,-0.375,0.873,-0.2,0.444,0.185,-0.349,0.919,0.191,-0.761,0.62,0.864,0.381,0.329,0.304,-0.801,0.516,0.254,0.336,0.907,0.351,-0.889,0.294,0.525,0.219,0.822,0.504,-0.599,0.622,0.47,0.389,0.793,0.884,-0.355,0.304,-0.589,-0.351,0.727,none
13.745985,-0.093,0.51,0.855,-0.549,-0.768,0.329,0.424,-0.596,-0.682,0.808,-0.564,-0.168,-0.302,0.302,-0.905,0.947,-0.286,-0.144,-0.514,0.514,-0.686,0.906,-0.243,-0.347,-0.486,0.0,-0.874,0.861,-0.05,-0.506,-0.83,0.207,-0.518,0.501,-0.08,0.862,-0.873,0.312,0.374,none
20.280477,-0.049,0.777,0.628,0.103,0.694,0.713,0.214,-0.886,-0.411,0.807,-0.456,0.375,0.881,-0.362,0.306,0.964,-0.129,0.23,0.976,-0.009,0.219,0.899,-0.041,0.435,0.817,-0.036,0.575,0.897,-0.009,0.441,0.767,-0.0,0.641,0.109,0.871,0.479,-0.071,0.837,0.543,scissors
2.254527,0.047,0.808,0.587,0.683,0.683,0.256,0.576,-0.764,-0.292,0.734,-0.348,0.583,0.722,0.619,0.309,0.827,-0.192,0.528,0.239,0.557,0.796,0.862,-0.194,0.468,0.645,0.725,0.242,0.994,-0.022,-0.109,0.341,0.936,0.085,0.145,0.92,0.364,-0.329,0.549,0.768,rock
29.50316,0.004,0.76,0.65,-0.061,-0.95,-0.306,-0.481,-0.529,-0.699,0.787,-0.35,0.508,-0.504,0.364,-0.784,0.877,-0.163,0.452,-0.684,0.32,-0.655,0.898,-0.222,0.38,-0.662,0.221,-0.717,0.977,-0.034,-0.212,-0.965,0.122,-0.231,0.05,0.936,0.349,-0.457,-0.831,-0.318,rock
40.709775,0.517,0.075,0.852,0.899,0.364,-0.243,-0.288,-0.439,-0.851,0.87,0.44,0.221,-0.697,-0.294,0.654,0.134,0.738,0.661,-0.906,-0.407,0.118,0.104,0.635,0.766,-0.866,-0.412,-0.284,-0.123,0.825,0.552,-0.926,-0.359,0.113,-0.024,-0.482,0.876,0.392,-0.886,-0.247,none
14.171065,0.027,0.771,0.636,-0.877,-0.199,-0.438,0.446,-0.824,-0.35,0.764,-0.354,0.539,-0.692,-0.51,-0.51,0.858,-0.186,0.479,-0.653,-0.653,-0.384,0.881,-0.222,0.418,-0.803,-0.562,-0.201,0.985,-0.042,-0.169,-0.755,-0.636,0.159,0.096,0.937,0.336,-0.109,-0.146,-0.983,rock
11.557533,-0.141,0.786,0.602,0.096,-0.729,-0.677,0.797,-0.324,-0.51,0.748,-0.553,0.367,-0.777,0.527,-0.345,0.955,-0.223,0.196,-0.974,0.185,-0.134,0.934,0.009,0.356,-0.899,0.009,-0.437,0.931,0.039,0.363,-0.908,-0.0,-0.42,0.121,0.906,0.405,-0.078,-0.893,-0.442,scissors
13.747286,-0.091,0.511,0.855,-0.371,-0.928,-0.0,0.52,-0.582,-0.625,0.815,-0.555,-0.167,-0.318,0.424,-0.848,0.949,-0.281,-0.142,-0.855,0.367,-0.367,0.91,-0.238,-0.341,-0.527,0.738,-0.422,0.866,-0.043,-0.498,-0.829,0.552,-0.092,0.517,-0.083,0.852,-0.933,0.254,-0.254,none
47.293336,0.126,-0.329,0.936,-0.526,-0.849,-0.049,0.095,0.02,-0.995,0.469,0.762,0.447,-0.639,0.754,0.151,-0.734,0.618,0.283,-0.662,0.084,-0.745,-0.681,0.554,0.479,-0.707,0.257,-0.659,-0.646,0.518,0.561,-0.705,0.388,-0.594,-0.411,0.213,0.887,-0.795,0.513,-0.325,none
18.788643,0.092,0.771,0.63,-0.154,-0.772,0.617,0.427,-0.792,-0.435,0.778,-0.31,0.546,0.274,0.069,-0.959,0.857,-0.138,0.497,0.105,0.527,-0.843,0.896,-0.171,0.409,0.152,0.0,-0.988,0.984,0.013,-0.177,-0.523,0.224,-0.822,0.091,0.917,0.389,-0.972,0.057,-0.229,rock
10.091261,0.015,0.639,0.769,0.044,0.756,0.653,0.517,-0.682,-0.517,0.831,-0.384,0.402,0.76,-0.325,0.562,0.929,-0.154,0.336,0.828,-0.156,0.539,0.934,-0.26,0.246,0.86,-0.147,0.488,0.934,-0.05,-0.353,0.998,0.032,-0.048,-0.087,0.946,0.314,0.069,0.927,0.368,rock
23.86105,-0.018,0.817,0.576,0.077,0.739,0.67,0.617,-0.571,-0.542,0.719,-0.393,0.573,0.789,-0.37,0.491,0.828,-0.245,0.504,0.869,-0.175,0.462,0.846,-0.257,0.468,0.885,-0.205,0.419,0.99,-0.086,-0.116,0.991,-0.016,-0.13,0.145,0.948,0.284,-0.023,0.948,0.316,rock
10.105496,-0.003,0.854,0.52,0.144,0.895,0.422,0.403,-0.848,-0.345,0.677,-0.391,0.623,0.649,-0.286,0.704,0.79,-0.261,0.555,0.701,-0.181,0.69,0.817,-0.24,0.525,0.78,-0.085,0.62,0.996,-0.077,-0.052,0.99,0.077,0.121,0.214,0.932,0.293,0.214,0.898,0.385,rock
17.857753,-0.042,0.761,0.648,0.86,-0.248,0.447,0.389,-0.853,-0.348,0.864,-0.493,-0.102,0.152,0.858,0.491,0.981,0.036,0.192,-0.346,0.569,0.746,0.982,0.059,0.179,-0.319,0.23,0.919,0.887,0.409,0.214,-0.438,0.339,0.833,0.38,0.574,0.725,-0.544,-0.463,0.7,none
10.091401,-0.016,0.68,0.733,0.246,0.853,0.461,0.532,-0.735,-0.42,0.824,-0.381,0.419,0.686,-0.243,0.686,0.92,-0.168,0.355,0.734,-0.122,0.668,0.92,-0.272,0.282,0.811,-0.049,0.584,0.949,-0.073,-0.308,0.99,0.116,0.083,-0.053,0.952,0.301,0.186,0.88,0.436,rock
26.41149,0.032,0.81,0.585,0.802,-0.267,-0.535,-0.348,-0.885,-0.311,0.735,-0.353,0.578,-0.267,0.802,-0.535,0.83,-0.197,0.521,-0.717,0.598,0.359,0.861,-0.207,0.464,-0.367,0.855,-0.367,0.992,-0.032,-0.12,-0.656,0.749,0.094,0.151,0.927,0.342,-0.857,-0.514,-0.0,rock
40.152973,0.52,0.174,0.836,0.405,0.867,-0.289,-0.358,-0.434,-0.827,0.966,0.192,-0.173,0.927,-0.265,-0.265,0.847,0.521,-0.109,0.549,-0.137,0.824,0.799,0.588,-0.126,0.793,-0.566,0.226,0.586,0.683,-0.436,0.707,0.0,0.707,0.352,-0.731,0.585,0.33,0.553,0.765,none
51.372101,0.705,-0.598,0.381,-0.815,0.371,-0.445,-0.742,0.385,-0.549,0.143,0.86,0.49,-0.535,-0.535,-0.654,-0.52,0.779,0.351,-0.078,-0.705,-0.705,-0.412,0.847,0.337,0.074,-0.667,-0.741,-0.586,0.739,0.332,-0.101,-0.704,-0.704,-0.672,-0.621,0.404,-0.173,0.605,-0.777,none
13.152199,0.108,0.867,0.487,-0.343,-0.845,-0.411,0.221,-0.962,-0.16,0.681,-0.291,0.672,-0.609,0.13,-0.783,0.764,-0.172,0.622,-0.7,0.056,-0.712,0.826,-0.126,0.549,-0.754,-0.032,-0.657,0.999,0.033,-0.019,-0.974,-0.15,-0.171,0.246,0.882,0.401,-0.357,-0.746,-0.562,rock
6.457612,-0.031,0.836,0.547,-0.316,0.759,0.569,0.634,-0.718,-0.287,0.712,-0.504,0.489,0.652,-0.742,0.157,0.928,-0.185,0.322,0.91,-0.409,0.068,0.914,-0.133,0.384,0.962,0.131,0.24,0.922,-0.113,0.371,0.884,0.227,0.408,0.209,0.836,0.507,-0.064,0.979,0.192,scissors
33.041446,0.05,0.82,0.57,0.087,0.961,-0.262,0.183,-0.927,-0.327,0.726,-0.338,0.598,-0.118,-0.157,0.981,0.817,-0.193,0.544,-0.095,-0.286,0.953,0.851,-0.189,0.49,0.109,0.181,0.977,0.997,-0.02,-0.08,0.507,0.217,0.834,0.183,0.916,0.358,0.788,0.58,0.207,rock
34.976692,0.535,-0.378,0.756,0.092,-0.552,-0.829,-0.394,0.205,-0.896,0.542,0.091,0.835,-0.803,0.411,-0.43,-0.381,0.535,0.754,-0.523,0.065,-0.85,0.242,0.917,0.319,0.624,0.715,-0.316,-0.051,0.993,-0.105,0.487,0.75,-0.448,-0.706,-0.071,0.705,0.302,0.792,-0.531,none
19.783983,0.085,0.774,0.627,-0.236,-0.236,-0.943,0.406,-0.777,-0.482,0.774,-0.308,0.554,-0.885,0.442,-0.147,0.853,-0.14,0.502,-0.87,0.097,0.483,0.894,-0.169,0.415,-0.635,0.762,0.127,0.986,0.013,-0.167,-0.697,0.597,0.398,0.098,0.917,0.387,-0.333,-0.667,-0.667,rock
45.76412,-0.63,0.583,0.513,-0.63,0.709,-0.315,0.691,-0.7,-0.177,0.388,0.686,-0.615,0.319,-0.319,-0.893,0.147,0.989,-0.023,0.59,-0.64,0.492,0.216,0.971,0.098,0.316,-0.451,0.835,0.407,0.903,0.141,-0.306,-0.917,-0.255,0.647,0.725,0.238,-0.846,-0.268,0.461,none
25.838373,-0.043,0.652,0.757,0.034,-0.626,-0.779,0.549,-0.655,-0.519,0.891,-0.363,0.272,-0.871,0.412,-0.269,0.99,0.005,0.138,-0.997,0.045,-0.06,0.824,0.087,0.56,-0.838,-0.062,-0.543,0.805,0.133,0.578,-0.848,-0.077,-0.524,-0.05,0.845,0.533,-0.0,-0.86,-0.51,scissors
19.009747,0.26,0.817,-0.514,0.13,0.609,0.783,0.255,-0.187,0.949,-0.048,-0.39,0.92,-0.74,0.541,-0.399,-0.188,-0.611,0.769,0.441,0.881,0.17,0.389,-0.864,-0.321,-0.876,0.361,-0.321,0.565,0.062,0.823,0.338,-0.897,-0.285,0.944,-0.107,0.311,0.484,0.786,-0.384,none
2.315811,-0.141,0.751,0.645,-0.248,0.744,0.62,0.727,-0.611,-0.313,0.764,-0.539,0.356,0.625,-0.625,-0.469,0.974,-0.178,0.142,0.949,-0.316,0.0,0.909,0.028,0.415,0.857,0.429,0.286,0.912,0.056,0.407,0.226,0.566,0.793,0.057,0.895,0.443,-0.647,0.755,-0.108,scissors
9.212449,-0.015,0.939,0.343,-0.453,-0.494,0.742,0.476,-0.875,0.095,0.894,-0.012,-0.447,-0.0,0.848,0.53,0.712,0.175,0.68,-0.779,0.615,0.123,0.802,0.017,0.597,-0.602,0.787,0.139,0.909,-0.101,0.403,-0.389,0.816,0.428,0.87,0.032,0.491,-0.805,0.523,0.282,paper
32.277603,0.408,-0.245,0.88,0.807,0.073,-0.587,-0.294,0.006,-0.956,0.457,0.225,0.86,0.651,-0.391,0.651,-0.689,0.023,0.724,0.218,0.436,-0.873,-0.456,-0.023,0.89,-0.268,-0.358,-0.894,-0.413,0.166,0.896,-0.479,-0.736,-0.479,-0.378,0.077,0.923,0.037,-0.402,0.915,none
21.756944,-0.244,0.752,0.612,-0.355,-0.142,0.924,0.353,-0.876,-0.329,0.751,-0.599,0.277,0.627,-0.139,-0.766,0.95,-0.282,0.135,0.619,0.309,-0.722,0.947,0.07,0.313,0.394,0.788,0.473,0.934,0.128,0.332,-0.0,0.737,0.676,0.098,0.944,0.315,-0.856,0.514,-0.057,scissors
16.725112,0.088,0.761,0.643,-0.316,0.949,-0.0,0.381,-0.817,-0.433,0.784,-0.306,0.541,-0.447,-0.0,-0.894,0.862,-0.133,0.489,-0.8,-0.0,0.6,0.9,-0.172,0.401,-0.667,0.667,-0.333,0.983,0.012,-0.184,-0.8,0.6,0.0,0.08,0.918,0.389,-0.772,0.154,-0.617,rock
26.857126,0.051,0.781,0.622,0.076,0.666,0.742,0.685,-0.481,-0.548,0.792,-0.401,0.459,0.898,-0.352,0.264,0.936,-0.093,0.34,0.974,0.035,0.226,0.87,-0.177,0.46,0.808,-0.034,0.589,0.877,-0.119,0.466,0.723,0.034,0.69,0.191,0.821,0.539,-0.131,0.832,0.539,scissors
13.746108,-0.096,0.499,0.861,-0.236,-0.943,0.236,0.424,-0.596,-0.682,0.81,-0.563,-0.167,-0.249,0.498,-0.83,0.947,-0.287,-0.143,-0.549,0.824,-0.137,0.906,-0.241,-0.348,-0.53,0.53,-0.662,0.861,-0.049,-0.507,-0.74,0.647,-0.185,0.496,-0.083,0.864,-0.972,-0.075,0.224,none
28.511094,0.538,-0.052,0.841,0.896,-0.398,0.199,-0.528,-0.281,-0.801,0.454,0.564,0.69,0.976,-0.118,0.185,-0.047,0.607,0.794,0.537,-0.279,0.796,0.17,0.625,0.762,0.524,-0.602,0.602,0.011,0.861,0.508,0.444,-0.111,0.889,-0.423,-0.153,0.893,-0.457,-0.335,-0.823,none
3.994955,-0.139,0.763,0.632,0.577,0.577,0.577,0.75,-0.599,-0.28,0.755,-0.546,0.363,0.236,0.236,-0.943,0.967,-0.192,0.165,-0.894,0.447,0.0,0.914,0.015,0.405,-0.577,0.577,0.577,0.915,0.039,0.402,-0.512,0.384,0.768,0.081,0.895,0.438,-0.953,0.272,-0.136,scissors
19.854128,0.088,0.761,0.643,0.0,0.0,-1.0,0.395,-0.796,-0.46,0.784,-0.305,0.54,-0.0,0.141,-0.99,0.862,-0.132,0.49,-0.802,0.535,-0.267,0.901,-0.172,0.399,-0.192,0.192,-0.962,0.983,0.012,-0.185,-0.816,0.408,-0.408,0.075,0.918,0.39,-0.889,0.111,-0.444,rock
0.796042,-0.114,0.948,0.298,-0.859,0.229,-0.458,0.752,-0.648,0.116,0.851,0.082,-0.519,0.056,0.447,-0.893,0.73,0.262,0.631,0.552,0.491,-0.674,0.842,0.105,0.529,0.431,0.269,-0.861,0.95,-0.016,0.312,-0.175,0.526,-0.832,0.874,0.009,0.485,-0.906,-0.291,0.308,paper
19.718174,0.004,0.731,0.682,-0.042,0.545,0.838,0.5,-0.694,-0.518,0.832,-0.394,0.39,0.931,-0.355,-0.089,0.965,-0.059,0.254,0.999,0.048,-0.0,0.855,-0.046,0.516,0.78,0.246,0.575,0.851,-0.016,0.524,0.533,0.328,0.78,0.079,0.831,0.55,-0.465,0.814,0.349,scissors
7.62414,0.008,0.635,0.773,0.885,0.464,0.042,0.288,-0.763,-0.579,0.961,-0.047,-0.272,0.148,-0.984,0.098,0.591,0.503,0.63,-0.0,-0.578,0.816,0.631,0.439,0.639,0.081,-0.725,0.684,0.499,0.59,0.634,-0.084,-0.543,0.836,0.298,0.312,0.902,0.245,-0.552,0.797,none
46.784337,-0.201,-0.008,0.979,-0.522,-0.846,0.112,0.428,-0.246,-0.87,0.636,0.77,0.044,-0.571,0.812,0.12,-0.377,0.893,0.243,-0.614,0.211,-0.761,-0.318,0.84,0.44,-0.696,0.369,-0.616,-0.259,0.802,0.538,-0.729,0.472,-0.496,-0.05,0.504,0.862,-0.78,0.573,-0.25,none
12.834873,0.102,0.864,0.494,-0.092,-0.829,-0.552,0.066,-0.992,-0.111,0.681,-0.306,0.665,-0.721,0.344,-0.601,0.768,-0.184,0.614,-0.875,0.21,-0.437,0.826,-0.138,0.546,-0.83,0.242,-0.502,0.999,0.022,-0.026,-0.992,0.118,0.05,0.245,0.888,0.388,-0.194,-0.901,-0.389,rock
10.027513,-0.123,0.796,0.592,-0.008,-0.551,-0.835,0.349,-0.884,-0.311,0.732,-0.571,0.371,-0.899,0.355,-0.256,0.947,-0.253,0.199,-0.998,-0.04,-0.048,0.944,-0.029,0.328,-0.772,-0.075,-0.631,0.945,-0.01,0.326,-0.781,-0.042,-0.623,0.15,0.911,0.383,0.125,-0.819,-0.56,scissors
23.799195,0.03,0.741,0.671,0.552,-0.092,-0.829,0.54,-0.639,-0.548,0.828,-0.396,0.397,-0.841,0.473,0.263,0.96,-0.066,0.271,-0.818,0.129,0.56,0.86,-0.09,0.502,-0.661,-0.661,-0.356,0.859,-0.046,0.51,-0.733,-0.628,-0.262,0.115,0.833,0.541,0.446,-0.893,-0.064,scissors
9.014573,-0.131,0.785,0.606,0.04,-0.398,-0.916,-0.331,-0.705,-0.627,0.749,-0.541,0.382,-0.854,0.407,-0.325,0.956,-0.214,0.202,-0.991,-0.073,0.11,0.926,-0.008,0.378,-0.698,-0.164,-0.698,0.923,0.015,0.383,-0.804,-0.042,-0.593,0.122,0.896,0.426,0.044,-0.789,-0.613,scissors
29.747013,0.444,-0.058,0.894,-0.087,0.48,0.873,-0.563,-0.262,-0.784,0.495,0.684,0.536,-0.939,-0.341,-0.043,0.021,0.729,0.684,-0.704,0.264,-0.66,0.195,0.739,0.645,-0.322,0.824,-0.466,0.051,0.947,0.316,-0.179,0.824,-0.537,-0.366,-0.072,0.928,-0.051,0.506,0.861,none
8.645399,0.191,0.096,0.977,-0.784,0.015,0.621,0.099,-0.347,-0.933,0.934,0.292,-0.208,-0.069,-0.092,-0.993,0.604,0.766,0.218,0.445,0.178,-0.878,0.653,0.735,0.183,0.418,0.358,-0.835,0.46,0.888,-0.011,0.268,0.117,-0.956,-0.682,0.504,0.53,-0.936,-0.022,-0.352,none
4.565018,0.142,-0.215,0.966,0.133,-0.979,-0.156,0.167,0.084,-0.982,0.76,0.577,0.299,-0.708,0.191,0.68,-0.193,0.784,0.59,-0.917,0.027,-0.399,-0.067,0.742,0.667,-0.839,0.232,-0.492,-0.125,0.869,0.479,-0.938,0.155,-0.31,-0.487,0.263,0.833,-0.731,-0.679,0.07,none
36.101791,0.109,0.821,0.561,0.527,0.843,0.105,0.168,-0.949,-0.266,0.727,-0.312,0.611,0.549,0.137,0.824,0.81,-0.163,0.564,0.076,0.076,0.994,0.86,-0.142,0.491,0.468,0.468,0.749,0.995,0.033,-0.089,0.447,0.716,0.537,0.193,0.893,0.406,0.218,0.873,0.436,rock
18.66773,0.279,0.874,-0.399,0.771,-0.613,-0.173,0.161,-0.299,0.941,0.162,-0.73,0.664,0.845,0.378,0.378,0.277,-0.811,0.516,0.36,0.201,0.911,0.3,-0.912,0.28,0.138,-0.069,0.988,0.504,-0.454,0.735,0.921,-0.119,0.372,0.9,-0.33,0.285,-0.792,-0.608,-0.042,none
28.45164,-0.07,0.807,0.587,0.1,0.819,0.565,-0.479,-0.772,-0.417,0.718,-0.469,0.515,0.737,-0.346,0.581,0.846,-0.305,0.438,0.817,-0.192,0.543,0.837,-0.335,0.433,0.841,-0.179,0.51,0.976,-0.157,-0.154,1.0,-0.006,-0.022,0.117,0.972,0.202,0.104,0.932,0.349,rock
1.085855,-0.133,0.946,0.294,0.514,0.686,0.514,0.771,-0.616,0.163,0.851,0.123,-0.511,0.781,-0.0,-0.625,0.715,0.299,0.632,-0.0,0.275,0.962,0.841,0.136,0.523,0.0,-0.0,1.0,0.958,-0.011,0.285,-0.617,0.154,0.772,0.912,-0.253,0.323,0.365,0.0,-0.931,paper
56.472994,0.693,-0.587,0.419,0.116,0.349,-0.93,-0.639,0.389,-0.664,-0.027,-0.328,0.944,0.638,-0.319,-0.701,-0.735,-0.63,0.251,0.781,-0.488,0.39,-0.757,-0.593,0.274,0.843,-0.482,0.241,-0.74,-0.647,0.182,0.0,-1.0,0.0,-0.661,-0.517,0.544,0.796,-0.537,-0.279,none
21.395936,0.024,0.712,0.702,0.056,-0.759,-0.648,0.516,-0.693,-0.504,0.82,-0.341,0.46,-0.719,0.419,-0.554,0.906,-0.136,0.401,-0.89,0.256,-0.377,0.922,-0.222,0.317,-0.832,0.318,-0.454,0.961,-0.027,-0.274,-0.981,0.176,0.088,-0.017,0.936,0.352,-0.124,-0.943,-0.309,rock
56.982626,0.716,-0.618,0.326,-0.874,-0.486,0.0,-0.629,0.448,-0.635,-0.082,-0.344,0.935,-0.203,0.65,-0.732,-0.694,-0.699,0.171,-0.198,0.725,-0.659,-0.825,-0.544,0.153,-0.291,0.874,-0.389,-0.842,-0.533,0.089,-0.548,0.685,-0.48,-0.003,-0.534,0.845,-0.433,-0.357,-0.828,none
13.109007,-0.219,0.942,0.253,-0.103,0.875,0.473,0.075,-0.977,0.199,0.802,0.092,-0.59,0.839,0.16,-0.52,0.793,0.304,0.528,0.662,0.352,0.662,0.895,0.114,0.431,0.784,0.178,0.595,0.972,0.013,0.237,0.864,0.095,0.495,0.903,0.214,0.372,0.767,0.256,0.589,paper
5.017539,0.05,0.922,0.385,0.426,-0.678,-0.599,0.623,-0.715,-0.318,0.587,-0.368,0.721,-0.543,0.745,-0.388,0.694,-0.287,0.66,-0.8,0.584,-0.138,0.74,-0.189,0.645,-0.632,0.663,-0.401,0.994,-0.048,0.095,-0.838,0.539,0.09,0.375,0.879,0.295,-0.117,-0.988,0.1,rock
11.782069,-0.175,-0.273,0.946,-0.469,-0.625,-0.625,0.525,0.206,-0.826,0.833,0.037,-0.552,0.315,-0.709,-0.63,-0.535,0.713,0.454,-0.667,0.333,-0.667,-0.461,0.609,0.645,-0.302,0.302,0.905,-0.351,0.622,0.7,-0.436,0.218,0.873,-0.878,0.428,0.216,-0.229,0.688,-0.688,none
29.008536,0.026,0.795,0.606,-0.539,0.539,0.647,-0.429,-0.547,-0.719,0.757,-0.344,0.556,0.318,-0.848,-0.424,0.847,-0.18,0.5,0.447,-0.894,0.0,0.875,-0.207,0.437,0.442,-0.885,-0.147,0.989,-0.029,-0.146,0.229,-0.688,-0.688,0.117,0.931,0.347,-0.574,0.646,-0.503,rock
33.132121,0.528,-0.103,0.843,0.94,-0.341,0.0,-0.436,-0.106,-0.894,0.502,0.211,0.839,0.385,0.271,0.882,-0.72,0.085,0.689,-0.512,-0.03,0.858,-0.333,0.186,0.924,0.551,-0.551,0.628,-0.01,0.942,0.335,0.959,0.061,0.277,-0.24,0.058,0.969,0.246,0.969,0.016,none
19.783575,0.099,0.762,0.64,-0.408,-0.408,-0.816,0.361,-0.803,-0.475,0.785,-0.296,0.544,-0.617,0.154,-0.772,0.86,-0.125,0.495,-0.986,0.0,0.164,0.902,-0.158,0.401,-0.743,0.371,-0.557,0.982,0.026,-0.186,-0.919,0.394,0.0,0.081,0.912,0.401,-0.7,-0.14,-0.7,rock
9.581122,0.025,0.782,0.623,-0.047,0.729,0.683,0.608,-0.565,-0.558,0.756,-0.372,0.538,0.776,-0.458,0.433,0.857,-0.205,0.473,0.883,-0.257,0.393,0.877,-0.241,0.416,0.868,-0.313,0.386,0.983,-0.056,-0.177,0.979,-0.123,-0.164,0.095,0.944,0.315,-0.047,0.973,0.226,rock
2.080252,-0.011,-0.259,0.966,-0.0,-1.0,0.0,0.186,0.162,-0.969,0.711,0.688,0.145,-0.218,0.873,-0.436,-0.123,0.905,0.407,-0.912,0.342,0.228,0.007,0.877,0.48,-0.781,0.625,-0.0,-0.098,0.956,0.278,-0.83,0.518,0.207,-0.59,0.365,0.721,-0.981,0.0,-0.196,none
45.344799,-0.742,0.209,0.637,-0.036,0.759,0.65,0.857,-0.408,-0.314,0.518,0.412,-0.75,-0.893,0.035,-0.449,0.353,0.902,-0.247,0.018,0.28,-0.96,0.342,0.923,-0.176,-0.255,0.352,-0.901,0.441,0.893,-0.09,-0.789,0.254,-0.56,-0.1,0.993,-0.06,-0.323,0.219,0.921,none
13.306137,-0.101,0.502,0.859,-0.867,-0.433,0.248,0.473,-0.603,-0.642,0.808,-0.565,-0.165,-0.8,0.0,-0.6,0.953,-0.272,-0.137,-0.0,-0.841,0.541,0.914,-0.247,-0.323,-0.575,-0.812,-0.101,0.864,-0.053,-0.501,-0.545,-0.818,-0.182,0.514,-0.069,0.855,-0.862,0.327,0.387,none
3.6001,-0.008,-0.328,0.945,0.15,0.487,-0.861,0.137,0.098,-0.986,0.621,0.755,0.211,-0.831,-0.554,0.038,-0.263,0.884,0.386,-0.699,-0.579,-0.419,-0.15,0.87,0.47,-0.734,-0.48,-0.48,-0.235,0.943,0.237,-0.776,-0.62,-0.116,-0.672,0.273,0.689,-0.052,-0.931,-0.362,none
21.148142,0.3,-0.211,0.93,-0.98,-0.077,0.185,-0.156,-0.219,-0.963,0.766,0.642,-0.029,-0.198,0.04,-0.979,0.177,0.908,0.379,0.256,0.308,-0.916,0.195,0.751,0.631,0.271,0.601,-0.752,0.055,0.979,-0.195,0.009,-0.093,-0.996,-0.577,0.12,0.808,-0.283,0.84,-0.463,none
12.289692,-0.164,-0.247,0.955,0.905,-0.302,-0.302,0.576,0.248,-0.779,0.822,0.034,-0.569,-0.0,-0.316,-0.949,-0.5,0.733,0.461,-0.561,0.393,0.729,-0.413,0.637,0.65,-0.164,-0.082,0.983,-0.312,0.642,0.701,-0.376,-0.847,-0.376,-0.877,0.429,0.215,-0.333,-0.667,-0.667,none
5.056206,-0.092,0.944,0.316,-0.192,-0.192,0.962,0.728,-0.682,0.077,0.864,0.057,-0.501,0.236,0.943,-0.236,0.728,0.24,0.642,-0.651,0.651,0.391,0.836,0.075,0.544,-0.507,0.845,0.169,0.94,-0.052,0.338,-0.539,0.647,0.539,0.884,0.093,0.458,-0.862,0.492,0.123,paper
16.146875,-0.226,0.751,0.621,0.123,0.862,-0.492,0.88,-0.161,-0.448,0.756,-0.585,0.294,-0.485,-0.485,0.728,0.955,-0.263,0.14,-0.342,-0.228,0.912,0.941,0.063,0.334,0.286,-0.857,-0.429,0.93,0.107,0.352,-0.236,-0.943,0.236,0.093,0.936,0.338,0.316,0.949,0.0,scissors
11.196768,0.18,-0.251,0.951,-0.372,0.757,0.537,0.179,0.129,-0.975,0.899,0.308,-0.313,0.799,-0.596,-0.086,0.163,0.957,0.239,-0.639,0.257,-0.725,-0.02,0.769,0.639,-0.283,0.562,-0.777,0.102,0.951,-0.292,0.931,0.31,-0.191,-0.812,0.354,0.465,0.654,0.294,-0.698,none
11.702683,0.008,0.836,0.549,0.061,-0.941,-0.334,-0.24,-0.94,-0.24,0.702,-0.373,0.607,-0.348,0.348,-0.87,0.806,-0.237,0.543,-0.597,0.38,-0.706,0.834,-0.227,0.503,-0.528,0.176,-0.83,0.995,-0.06,-0.073,-0.908,0.147,-0.393,0.193,0.93,0.314,-0.644,-0.694,-0.322,rock
53.413194,0.726,-0.596,0.342,-0.241,0.963,-0.12,-0.726,0.408,-0.554,0.317,0.938,0.141,-0.948,-0.134,-0.289,-0.23,0.938,0.258,-0.683,-0.005,-0.73,-0.758,0.052,0.651,-0.48,0.257,-0.839,-0.626,-0.724,0.29,-0.517,0.107,-0.849,-0.761,-0.583,0.285,0.384,-0.768,0.512,none
21.757106,-0.24,0.751,0.615,-0.291,-0.145,0.946,0.322,-0.875,-0.361,0.757,-0.592,0.277,0.569,0.0,-0.822,0.953,-0.269,0.137,0.42,0.504,-0.755,0.943,0.075,0.323,0.142,0.855,0.499,0.931,0.129,0.342,-0.166,0.775,0.609,0.09,0.942,0.324,-0.937,0.345,-0.049,scissors
7.115054,0.052,0.537,0.842,0.95,0.044,0.309,0.295,-0.6,-0.744,0.98,0.054,-0.191,0.568,-0.276,0.775,0.444,0.593,0.671,-0.347,-0.305,0.887,0.491,0.517,0.701,-0.157,-0.442,0.883,0.385,0.623,0.681,-0.132,-0.396,0.909,0.207,0.293,0.933,-0.138,-0.848,0.512,none
14.63757,-0.139,0.958,0.25,0.602,-0.301,-0.739,-0.066,-0.983,0.172,0.832,-0.008,-0.555,-0.883,-0.347,0.315,0.795,0.211,0.569,-0.66,-0.517,-0.545,0.878,0.032,0.478,-0.726,-0.307,-0.615,0.956,-0.061,0.286,-0.921,-0.14,-0.363,0.906,0.153,0.395,-0.745,-0.308,-0.591,paper
8.562582,0.113,0.856,0.505,-0.064,0.893,0.446,0.409,-0.426,-0.807,0.68,-0.293,0.672,0.724,-0.634,0.272,0.764,-0.181,0.62,0.667,-0.333,0.667,0.823,-0.136,0.551,0.864,-0.259,0.432,1.0,0.022,-0.017,0.976,0.098,-0.195,0.253,0.888,0.384,-0.298,0.954,0.0,rock
19.809276,0.073,0.769,0.635,0.408,0.408,-0.816,0.425,-0.783,-0.455,0.781,-0.309,0.543,-0.64,0.426,-0.64,0.859,-0.138,0.492,-0.772,0.154,0.617,0.897,-0.178,0.406,-0.535,0.802,-0.267,0.984,0.005,-0.177,-0.772,0.617,0.154,0.085,0.92,0.383,-0.8,0.0,-0.6,rock
31.306874,0.391,-0.169,0.905,-0.864,0.0,-0.504,-0.339,-0.072,-0.938,0.567,0.31,0.764,0.816,0.408,0.408,-0.574,0.099,0.813,0.0,0.447,0.894,-0.399,-0.05,0.916,0.83,-0.207,0.518,-0.395,0.143,0.907,0.972,0.075,0.224,-0.393,-0.072,0.917,-0.0,0.258,-0.966,none
1.209496,-0.118,0.949,0.292,0.913,-0.355,0.203,0.764,-0.636,0.112,0.842,0.116,-0.527,-0.485,-0.728,-0.485,0.728,0.289,0.621,-0.485,-0.485,0.728,0.85,0.126,0.512,-0.0,-0.949,0.316,0.963,-0.025,0.269,-0.588,0.196,0.784,0.93,0.018,0.367,0.201,-0.218,-0.955,paper
33.212989,0.48,-0.129,0.868,0.994,0.078,-0.078,-0.416,-0.102,-0.904,0.465,0.234,0.854,0.0,0.298,0.954,-0.706,0.071,0.704,-0.579,0.331,-0.745,-0.312,0.197,0.93,0.0,-0.707,0.707,0.036,0.994,0.106,0.772,0.346,0.533,-0.28,0.085,0.956,0.9,0.284,0.331,none
29.046978,0.04,0.79,0.612,-0.744,-0.248,0.62,-0.429,-0.547,-0.719,0.757,-0.342,0.557,0.101,-0.404,-0.909,0.847,-0.177,0.502,-0.0,-0.447,-0.894,0.877,-0.203,0.436,0.0,-0.447,-0.894,0.988,-0.023,-0.15,-0.635,-0.127,-0.762,0.118,0.929,0.352,-0.807,0.293,-0.513,rock
22.331455,0.033,0.86,0.51,-0.112,-0.801,-0.588,0.541,-0.551,-0.636,0.68,-0.37,0.633,-0.72,0.314,-0.619,0.784,-0.244,0.571,-0.846,0.184,-0.5,0.817,-0.214,0.535,-0.836,0.191,-0.514,0.998,-0.052,-0.041,-0.999,0.04,0.02,0.236,0.922,0.306,-0.174,-0.9,-0.399,rock
4.757948,-0.083,0.8,0.594,0.467,-0.722,-0.51,0.758,-0.566,-0.324,0.728,-0.541,0.422,-0.542,0.759,-0.361,0.947,-0.213,0.24,-0.88,0.474,0.0,0.926,-0.073,0.371,-0.986,-0.118,-0.118,0.931,-0.048,0.361,-0.997,-0.071,-0.0,0.159,0.876,0.455,-0.345,-0.919,-0.191,scissors
10.027391,-0.169,0.798,0.579,-0.028,-0.689,-0.724,0.283,-0.888,-0.362,0.705,-0.606,0.369,-0.863,0.398,-0.31,0.934,-0.299,0.195,-0.995,0.022,-0.101,0.963,-0.026,0.269,-0.818,-0.015,-0.575,0.959,0.003,0.285,-0.822,-0.0,-0.57,0.173,0.923,0.345,0.052,-0.837,-0.545,scissors
14.127206,-0.008,0.949,0.314,0.443,0.136,-0.886,-0.434,-0.899,-0.056,0.886,-0.057,-0.46,-0.45,-0.727,-0.519,0.727,0.15,0.67,0.295,-0.847,-0.442,0.802,-0.023,0.596,0.109,-0.833,-0.543,0.898,-0.133,0.42,-0.201,-0.803,-0.562,0.863,-0.012,0.504,0.066,-0.561,-0.825,paper
1.932555,-0.142,0.751,0.645,-0.707,0.707,0.0,0.779,-0.546,-0.308,0.762,-0.548,0.345,0.582,0.364,-0.727,0.972,-0.184,0.146,0.287,-0.766,-0.575,0.91,0.028,0.413,0.0,1.0,-0.0,0.914,0.052,0.403,-0.391,0.651,0.651,0.066,0.895,0.441,-0.667,0.572,-0.477,scissors
23.862376,0.034,0.841,0.541,0.085,0.705,0.705,0.534,-0.722,-0.44,0.713,-0.369,0.597,0.844,-0.353,0.403,0.813,-0.227,0.537,0.903,-0.136,0.408,0.842,-0.217,0.493,0.922,-0.206,0.328,0.995,-0.049,-0.089,0.974,0.0,-0.225,0.191,0.93,0.314,-0.116,0.942,0.314,rock
9.016703,-0.167,0.743,0.648,0.132,-0.813,-0.567,-0.292,-0.775,-0.56,0.784,-0.532,0.319,-0.659,0.62,-0.426,0.974,-0.18,0.136,-0.931,0.323,-0.171,0.905,0.071,0.419,-0.95,0.039,-0.31,0.901,0.091,0.425,-0.974,0.037,-0.225,0.044,0.907,0.418,-0.257,-0.89,-0.376,scissors
5.948505,-0.065,0.81,0.582,-0.174,0.725,0.667,0.667,-0.679,-0.307,0.732,-0.512,0.45,0.793,-0.595,0.132,0.943,-0.184,0.278,0.974,-0.202,0.101,0.914,-0.082,0.397,0.903,0.097,0.419,0.919,-0.06,0.389,0.784,0.196,0.588,0.164,0.855,0.491,-0.179,0.927,0.329,scissors
14.127069,0.001,0.947,0.322,0.551,0.451,-0.702,-0.434,-0.899,-0.056,0.894,-0.074,-0.443,-0.104,-0.729,-0.677,0.721,0.134,0.68,0.439,-0.878,-0.188,0.793,-0.029,0.608,0.286,-0.915,-0.286,0.893,-0.142,0.428,-0.072,-0.931,-0.358,0.862,-0.017,0.507,0.167,-0.669,-0.724,paper
22.267109,-0.04,0.789,0.613,-0.13,-0.869,0.478,0.058,-0.886,-0.46,0.783,-0.469,0.409,0.254,0.381,-0.889,0.952,-0.146,0.269,-0.06,0.422,-0.905,0.901,-0.061,0.43,-0.411,0.823,0.392,0.902,-0.019,0.431,-0.526,0.733,0.432,0.149,0.865,0.479,-0.964,-0.189,-0.189,scissors
23.90522,0.334,0.132,0.933,-0.146,0.965,0.218,-0.345,-0.426,-0.836,0.9,0.425,0.098,0.822,-0.527,-0.217,0.421,0.692,0.586,0.92,-0.227,0.32,0.327,0.469,0.82,0.936,-0.189,0.297,0.188,0.819,0.542,0.915,0.074,0.396,-0.285,0.207,0.936,0.703,0.415,0.577,none
18.717498,-0.167,0.956,0.24,0.702,0.117,-0.702,0.915,-0.388,-0.109,0.799,-0.042,-0.6,-0.0,0.0,-1.0,0.839,0.2,0.506,-1.0,0.0,0.0,0.903,0.008,0.431,0.447,0.0,-0.894,0.964,-0.072,0.258,-0.802,0.535,0.267,0.916,0.156,0.37,-0.784,0.196,-0.588,paper
43.725131,-0.685,0.53,0.5,0.957,0.141,-0.253,0.812,-0.568,-0.136,0.358,0.484,-0.798,0.955,-0.132,0.265,0.437,0.858,-0.269,0.191,-0.11,0.975,0.315,0.946,-0.075,0.538,-0.404,0.74,0.132,0.984,0.121,-0.327,-0.136,-0.935,0.513,0.687,0.515,-0.749,-0.584,-0.314,none
52.90735,0.738,-0.6,0.308,-0.371,0.557,-0.743,-0.768,0.392,-0.507,0.298,0.931,-0.211,-0.918,-0.204,-0.34,-0.012,0.993,-0.116,-0.866,-0.321,-0.385,0.027,0.999,-0.024,-0.883,-0.084,-0.462,-0.772,-0.254,0.583,0.537,0.447,0.716,-0.761,-0.604,0.236,-0.254,0.254,-0.933,none
20.803704,0.051,0.766,0.641,-0.485,-0.728,-0.485,0.578,-0.69,-0.435,0.776,-0.336,0.534,-0.477,-0.08,-0.875,0.863,-0.165,0.477,-0.843,-0.105,-0.527,0.892,-0.205,0.403,-0.704,-0.101,-0.704,0.983,-0.022,-0.185,-0.986,-0.0,-0.164,0.08,0.931,0.355,-0.641,-0.285,-0.712,rock
26.181359,0.638,0.253,0.727,-0.396,-0.868,0.3,-0.499,-0.654,-0.569,0.91,0.162,0.382,0.247,0.766,-0.593,0.395,0.313,0.864,0.133,0.977,0.167,0.499,0.219,0.839,0.715,0.695,-0.078,0.415,0.57,0.709,0.842,0.517,-0.153,-0.131,-0.398,0.908,-0.853,0.217,-0.476,none
17.137583,-0.347,0.45,0.823,0.0,0.0,0.0,0.802,-0.365,-0.473,0.807,-0.294,-0.513,0.972,0.074,0.222,0.921,0.365,-0.133,0.607,-0.137,0.783,0.896,0.432,-0.102,-0.696,-0.696,-0.174,0.716,0.694,-0.074,-0.802,0.267,0.535,0.04,0.889,0.456,-0.973,0.162,-0.162,none
56.982455,0.725,-0.598,0.341,-0.932,0.213,0.293,-0.65,0.435,-0.623,-0.074,-0.319,0.945,-0.184,0.761,-0.622,-0.724,-0.668,0.17,-0.062,0.867,-0.495,-0.869,-0.466,0.163,-0.079,0.914,0.397,-0.866,-0.484,0.122,-0.126,0.917,0.379,0.005,-0.483,0.876,-0.118,-0.139,-0.983,none
6.458134,-0.073,0.777,0.625,-0.299,0.808,0.508,0.568,-0.745,-0.349,0.767,-0.495,0.407,0.651,-0.754,0.086,0.961,-0.151,0.232,0.905,-0.426,0.0,0.899,-0.024,0.438,0.948,0.2,0.249,0.901,-0.007,0.433,0.912,0.282,0.298,0.108,0.861,0.497,-0.067,0.989,0.134,scissors
20.326311,-0.038,0.748,0.662,0.0,0.734,0.679,0.214,-0.886,-0.411,0.814,-0.452,0.364,0.844,-0.431,0.319,0.967,-0.122,0.222,0.971,-0.068,0.23,0.896,-0.023,0.444,0.857,-0.05,0.513,0.887,0.01,0.461,0.812,-0.008,0.584,0.088,0.87,0.486,-0.017,0.86,0.51,scissors
15.703039,0.057,0.754,0.654,0.0,-0.832,-0.555,0.431,-0.781,-0.452,0.785,-0.331,0.523,-0.457,0.457,-0.762,0.869,-0.158,0.469,-0.937,0.312,0.156,0.898,-0.203,0.39,-0.514,0.686,-0.514,0.98,-0.017,-0.196,-0.814,0.581,-0.0,0.069,0.931,0.358,-0.857,-0.286,-0.429,rock
23.287665,-0.022,0.726,0.687,-0.092,-0.634,-0.767,0.094,-0.898,-0.429,0.85,-0.392,0.352,-0.883,0.321,-0.341,0.975,-0.041,0.219,-0.984,-0.019,-0.175,0.856,-0.002,0.516,-0.796,0.04,-0.604,0.852,0.039,0.521,-0.804,0.03,-0.593,0.047,0.844,0.534,-0.02,-0.801,-0.598,scissors
52.392266,0.703,-0.661,0.263,0.262,-0.682,-0.682,-0.756,0.479,-0.446,0.234,0.902,-0.362,-0.727,0.553,-0.407,-0.022,0.954,-0.298,-0.873,0.218,-0.436,-0.044,0.963,-0.267,-0.962,0.066,-0.265,-0.34,0.921,-0.189,-0.967,0.252,0.021,-0.778,-0.605,0.17,-0.461,0.202,-0.864,none
9.677673,-0.058,-0.165,0.985,-0.0,0.804,0.594,0.351,0.083,-0.933,0.646,0.361,0.673,-0.732,0.122,-0.671,-0.639,0.56,0.527,0.579,0.671,-0.463,-0.11,0.693,0.713,0.112,0.953,-0.28,0.17,0.569,-0.804,0.316,0.81,-0.494,-0.699,0.569,0.434,-0.611,0.57,0.55,none
4.544939,-0.135,0.747,0.651,0.149,-0.788,-0.597,0.736,-0.585,-0.34,0.768,-0.541,0.343,-0.678,0.596,-0.431,0.97,-0.19,0.151,-0.945,0.295,-0.138,0.909,0.036,0.414,-0.944,0.0,-0.329,0.909,0.053,0.413,-0.967,0.042,-0.252,0.062,0.898,0.436,-0.212,-0.89,-0.403,scissors
2.016075,-0.134,0.754,0.643,-0.667,0.667,0.333,0.755,-0.571,-0.323,0.763,-0.539,0.356,0.619,0.309,-0.722,0.973,-0.178,0.149,0.333,-0.667,-0.667,0.909,0.026,0.416,0.302,0.905,0.302,0.91,0.055,0.411,-0.127,0.635,0.762,0.061,0.893,0.447,-0.766,0.575,-0.287,scissors
37.633904,0.069,0.809,0.583,-0.408,-0.816,0.408,0.182,-0.94,-0.289,0.744,-0.325,0.584,-0.272,0.136,-0.953,0.828,-0.17,0.534,-0.962,0.192,-0.192,0.866,-0.173,0.469,-0.487,0.324,-0.811,0.994,0.001,-0.108,-0.889,0.381,-0.254,0.163,0.911,0.38,-0.843,-0.105,-0.527,rock
10.931394,-0.185,0.943,0.279,-0.218,0.873,0.436,0.484,-0.83,0.278,0.826,0.083,-0.557,0.786,0.202,-0.584,0.77,0.284,0.572,0.656,0.413,0.632,0.866,0.114,0.486,0.796,0.241,0.555,0.957,-0.003,0.289,0.849,0.175,0.499,0.887,0.179,0.425,0.757,0.336,0.561,paper
2.523606,-0.138,0.935,0.325,-0.74,0.647,0.185,0.765,-0.631,0.129,0.868,0.09,-0.489,0.224,0.972,-0.075,0.699,0.293,0.652,-0.408,0.816,0.408,0.82,0.148,0.552,-0.209,0.975,0.07,0.934,0.046,0.353,-0.275,0.881,0.385,0.844,0.217,0.49,-0.324,0.811,0.487,paper
10.175715,-0.055,-0.159,0.986,0.436,0.873,0.218,0.392,0.094,-0.915,0.534,0.426,0.731,0.541,-0.433,-0.721,-0.657,0.572,0.491,0.267,-0.535,0.802,-0.12,0.697,0.707,0.418,-0.488,0.766,0.17,0.532,-0.83,0.854,-0.493,-0.164,-0.71,0.58,0.4,0.57,0.456,-0.684,none
45.254975,-0.709,0.241,0.663,-0.813,-0.565,-0.141,0.857,-0.408,-0.314,0.545,0.15,-0.825,-0.934,0.313,-0.17,0.703,0.622,-0.345,-0.409,0.155,-0.899,0.665,0.651,-0.366,-0.538,0.276,-0.796,0.521,0.83,-0.199,-0.605,0.393,-0.693,-0.281,0.952,-0.117,0.123,-0.023,-0.992,none
12.218569,-0.167,-0.253,0.953,0.447,0.0,0.894,0.554,0.198,-0.809,0.823,0.038,-0.567,0.359,-0.717,-0.598,-0.529,0.728,0.436,-0.45,0.45,0.771,-0.449,0.636,0.628,-0.348,0.348,0.87,-0.338,0.644,0.686,-0.857,-0.286,-0.429,-0.882,0.42,0.215,0.0,-0.555,-0.832,none
5.563089,0.03,0.912,0.408,-0.156,-0.937,-0.312,0.682,-0.656,-0.325,0.594,-0.368,0.715,-0.454,0.162,-0.876,0.703,-0.287,0.65,-0.678,0.178,-0.713,0.744,-0.196,0.639,-0.637,0.034,-0.771,0.994,-0.057,0.091,-0.948,-0.032,-0.316,0.352,0.886,0.3,-0.577,-0.609,-0.545,rock
33.477036,0.073,0.818,0.57,-0.473,0.788,0.394,0.213,-0.944,-0.251,0.729,-0.328,0.6,0.577,-0.808,-0.115,0.814,-0.18,0.552,0.566,-0.707,0.424,0.858,-0.17,0.484,0.68,-0.68,0.272,0.996,0.005,-0.092,0.873,-0.436,-0.218,0.185,0.907,0.379,-0.359,0.862,-0.359,rock
50.864735,0.696,-0.64,0.326,-0.31,0.689,-0.655,-0.752,0.4,-0.524,0.058,0.875,0.48,-0.316,-0.949,0.0,-0.577,0.758,0.305,0.055,-0.997,0.055,-0.484,0.823,0.297,-0.03,-1.0,-0.0,-0.644,0.7,0.307,0.106,-0.994,0.035,-0.693,-0.644,0.325,0.647,-0.185,-0.74,none
13.236198,0.093,0.484,0.87,0.302,0.825,-0.477,-0.141,-0.419,-0.897,0.952,-0.259,-0.162,0.287,-0.003,0.958,0.99,0.133,0.038,0.095,-0.279,0.956,0.993,0.051,-0.108,0.149,-0.34,0.928,0.884,0.211,-0.418,0.48,-0.076,0.874,0.611,-0.055,0.79,0.043,-0.741,-0.671,none
26.412829,0.032,0.825,0.564,0.398,-0.597,-0.697,-0.348,-0.885,-0.311,0.726,-0.354,0.59,-0.518,0.605,-0.605,0.821,-0.208,0.532,-0.878,0.479,0.0,0.852,-0.208,0.481,-0.596,0.681,-0.426,0.994,-0.037,-0.101,-0.83,0.553,0.069,0.172,0.926,0.336,-0.588,-0.784,-0.196,rock
19.717572,0.016,0.749,0.662,-0.236,0.472,0.849,0.547,-0.705,-0.451,0.82,-0.397,0.412,0.919,-0.322,-0.23,0.958,-0.069,0.279,0.986,0.052,-0.156,0.861,-0.078,0.502,0.724,0.362,0.588,0.86,-0.044,0.508,0.494,0.453,0.742,0.105,0.826,0.553,-0.551,0.787,0.276,scissors
6.604456,0.001,0.202,0.979,0.992,0.126,0.013,0.326,-0.326,-0.887,0.888,0.459,0.031,-0.132,-0.987,0.088,0.015,0.756,0.655,-0.443,-0.802,0.401,0.075,0.63,0.773,-0.332,-0.94,-0.083,0.027,0.63,0.776,-0.629,-0.774,-0.073,-0.177,0.373,0.911,-0.689,-0.344,0.638,none
7.991779,-0.098,0.794,0.6,0.139,0.833,0.536,-0.135,-0.863,-0.487,0.761,-0.514,0.396,0.808,-0.464,0.363,0.964,-0.171,0.204,0.972,-0.081,0.223,0.911,0.001,0.413,0.867,-0.069,0.493,0.911,0.024,0.411,0.83,-0.04,0.557,0.095,0.882,0.462,-0.03,0.858,0.513,scissors
47.806016,0.482,-0.484,0.731,-0.403,-0.889,-0.218,-0.351,0.375,-0.858,0.388,0.428,0.816,-0.394,0.775,0.495,-0.864,0.14,0.484,-0.779,0.133,-0.613,-0.809,0.073,0.584,-0.892,0.178,-0.416,-0.818,0.057,0.572,-0.857,0.286,-0.429,-0.565,-0.312,0.764,-0.888,0.098,-0.449,none
52.394093,0.743,-0.623,0.245,-0.642,0.749,-0.161,-0.785,0.398,-0.475,0.253,0.922,-0.294,-0.436,-0.218,0.873,-0.026,0.973,-0.229,-0.574,0.503,0.646,-0.012,0.987,-0.161,-0.606,-0.662,0.441,-0.41,0.907,0.093,-0.927,0.075,-0.366,-0.761,-0.621,0.19,0.416,-0.208,0.885,none
20.228721,-0.042,0.678,0.734,-0.03,0.714,0.699,0.32,-0.844,-0.431,0.865,-0.383,0.324,0.848,-0.44,0.294,0.983,-0.028,0.179,0.977,-0.09,0.195,0.844,0.058,0.534,0.862,-0.016,0.507,0.829,0.094,0.551,0.815,0.033,0.579,-0.013,0.843,0.538,-0.04,0.877,0.478,scissors
11.196568,0.163,-0.264,0.951,-0.447,0.734,0.511,0.147,0.125,-0.981,0.897,0.315,-0.311,0.961,-0.027,-0.276,0.046,0.84,0.541,-0.706,0.164,-0.689,0.092,0.747,0.659,-0.397,0.632,-0.665,0.156,0.981,-0.115,0.686,0.53,-0.499,-0.742,0.459,0.488,0.578,0.256,-0.774,none
28.962369,0.036,0.803,0.594,-0.206,0.977,-0.051,-0.45,-0.541,-0.71,0.74,-0.344,0.578,-0.0,-0.659,0.753,0.831,-0.188,0.524,0.0,-0.569,0.822,0.865,-0.2,0.46,0.162,-0.162,0.973,0.992,-0.024,-0.121,0.552,-0.092,0.829,0.147,0.926,0.348,0.393,0.864,-0.314,rock
31.002889,0.054,0.83,0.556,0.612,-0.421,-0.669,0.099,-0.941,-0.324,0.722,-0.32,0.614,-0.507,0.845,-0.169,0.808,-0.177,0.562,-0.771,0.629,0.101,0.855,-0.163,0.493,-0.542,0.814,-0.209,0.996,0.007,-0.086,-0.7,0.681,0.214,0.197,0.905,0.376,0.023,-0.953,0.302,rock
6.324082,-0.069,0.952,0.298,0.0,1.0,0.0,0.73,-0.675,0.11,0.856,0.022,-0.516,0.445,-0.089,-0.891,0.745,0.208,0.634,0.625,0.0,0.781,0.843,0.044,0.536,0.937,-0.156,0.312,0.941,-0.088,0.326,0.6,0.0,0.8,0.894,0.075,0.442,0.905,0.302,-0.302,paper
12.724833,-0.172,-0.276,0.946,0.98,0.14,-0.14,0.542,0.212,-0.813,0.936,0.069,-0.344,-0.568,0.792,-0.224,-0.107,0.785,0.611,-0.199,-0.159,0.967,0.051,0.682,0.729,0.035,-0.508,0.86,-0.242,0.665,0.706,0.328,-0.668,0.668,-0.671,0.614,0.416,-0.382,-0.455,0.804,none
13.087206,-0.186,0.717,0.671,0.36,0.639,-0.679,0.762,-0.157,-0.628,0.796,-0.535,0.283,-0.571,-0.143,0.809,0.975,-0.191,0.113,-0.388,-0.233,0.892,0.913,0.08,0.4,0.128,-0.895,-0.426,0.902,0.113,0.417,0.053,-0.904,-0.425,0.034,0.921,0.389,0.986,-0.116,0.116,scissors
29.470951,0.004,0.788,0.615,-0.123,-0.862,-0.492,-0.445,-0.55,-0.707,0.754,-0.362,0.549,-0.412,0.082,-0.907,0.85,-0.197,0.488,-0.862,0.123,-0.492,0.873,-0.226,0.431,-0.597,0.1,-0.796,0.987,-0.044,-0.157,-0.95,0.173,-0.259,0.113,0.937,0.329,-0.745,-0.331,-0.579,rock
8.877108,-0.063,0.934,0.351,-0.517,0.318,0.795,0.567,-0.792,0.227,0.882,0.027,-0.47,0.698,0.698,-0.164,0.715,0.221,0.663,-0.04,0.764,0.644,0.814,0.064,0.578,0.22,0.791,0.571,0.923,-0.06,0.379,0.279,0.718,0.638,0.867,0.087,0.49,-0.046,0.683,0.729,paper
7.624661,0.023,0.751,0.659,-0.955,0.281,0.098,0.333,-0.809,-0.484,0.899,0.412,-0.146,-0.793,-0.149,-0.59,0.2,0.747,0.634,-0.136,0.141,-0.981,0.38,0.6,0.704,-0.173,0.31,-0.935,0.581,0.513,0.632,-0.602,0.571,-0.558,0.648,0.31,0.696,-0.129,0.923,0.362,none
15.637047,-0.171,0.72,0.672,0.202,0.979,-0.034,0.79,-0.226,-0.569,0.805,-0.519,0.289,0.152,-0.457,0.876,0.975,-0.179,0.131,0.307,-0.342,0.888,0.907,0.077,0.414,0.69,-0.724,-0.0,0.896,0.102,0.432,0.705,-0.705,0.078,0.039,0.913,0.405,0.707,0.589,0.393,scissors
16.805701,-0.356,0.449,0.819,-0.762,-0.635,-0.127,0.762,-0.403,-0.507,0.804,-0.215,-0.554,-0.11,-0.11,-0.988,0.911,0.395,-0.122,-0.487,-0.324,-0.811,0.898,0.425,-0.112,-0.314,0.105,-0.943,0.715,0.695,-0.079,-0.598,0.359,-0.717,0.039,0.894,0.446,-0.667,0.333,-0.667,none
36.60219,0.578,-0.42,0.7,0.0,0.707,0.707,-0.432,0.266,-0.862,0.541,-0.051,0.84,-0.791,0.378,-0.481,0.387,0.921,-0.038,-0.478,0.388,-0.788,0.365,0.929,0.057,0.161,0.883,-0.441,-0.045,0.978,-0.205,-0.136,0.904,-0.407,-0.687,-0.239,0.686,-0.864,0.115,0.49,none
30.559654,0.114,0.816,0.566,-0.135,-0.9,-0.414,0.065,-0.948,-0.312,0.722,-0.294,0.626,-0.604,0.287,-0.743,0.8,-0.163,0.578,-0.735,0.211,-0.644,0.85,-0.143,0.507,-0.744,0.129,-0.655,0.998,0.022,-0.066,-0.987,0.01,-0.158,0.211,0.899,0.383,-0.366,-0.833,-0.416,rock
52.903715,0.736,-0.602,0.311,-0.095,0.953,-0.286,-0.762,0.39,-0.518,0.319,0.916,-0.244,-0.108,0.647,0.755,0.025,0.988,-0.155,-0.458,-0.229,0.859,0.065,0.995,-0.079,-0.704,-0.352,0.616,-0.767,-0.359,0.532,-0.461,-0.138,-0.876,-0.763,-0.583,0.279,-0.0,-0.581,-0.814,none
5.499307,-0.018,0.913,0.407,0.286,-0.429,-0.857,0.668,-0.681,-0.3,0.583,-0.398,0.708,-0.819,0.565,-0.097,0.701,-0.315,0.64,-0.955,0.275,0.11,0.735,-0.225,0.64,-0.828,0.559,-0.039,0.992,-0.086,0.091,-0.803,0.383,0.456,0.356,0.896,0.267,0.271,-0.959,-0.083,rock
3.912384,-0.126,0.762,0.635,0.707,0.707,0.0,0.75,-0.599,-0.28,0.755,-0.543,0.366,-0.302,0.302,-0.905,0.967,-0.191,0.171,-0.873,0.436,0.218,0.915,0.005,0.403,-1.0,0.0,0.0,0.916,0.028,0.4,-0.68,0.272,0.68,0.087,0.893,0.442,-0.986,0.0,-0.164,scissors
18.70985,0.27,0.879,-0.392,0.597,-0.802,-0.021,0.196,-0.272,0.942,0.121,-0.727,0.676,0.884,0.37,0.286,0.244,-0.823,0.513,0.547,0.259,0.796,0.266,-0.921,0.286,0.538,0.039,0.842,0.494,-0.479,0.725,0.948,-0.007,0.317,0.901,-0.356,0.247,-0.862,-0.506,0.0,none
1.096131,-0.012,-0.302,0.953,-0.588,0.196,0.784,0.177,0.13,-0.976,0.693,0.706,0.148,0.658,0.366,-0.658,-0.152,0.909,0.389,0.168,0.926,0.337,-0.025,0.883,0.468,0.408,0.898,0.163,-0.129,0.955,0.266,-0.0,0.978,0.21,-0.611,0.352,0.709,-0.641,0.712,0.285,none
6.011433,0.001,0.878,0.478,-0.473,-0.867,-0.158,0.653,-0.668,-0.357,0.64,-0.382,0.667,-0.408,-0.024,-0.913,0.752,-0.271,0.601,-0.511,-0.0,-0.86,0.789,-0.214,0.576,-0.583,-0.203,-0.786,0.998,-0.062,0.01,-0.886,-0.246,-0.394,0.275,0.911,0.306,-0.597,-0.478,-0.645,rock
7.624012,0.016,0.631,0.776,-0.597,0.796,-0.1,0.288,-0.763,-0.579,0.965,-0.038,-0.261,-0.426,-0.659,-0.62,0.579,0.507,0.638,0.463,-0.793,0.396,0.63,0.437,0.642,0.612,-0.786,-0.087,0.519,0.576,0.632,0.625,-0.625,0.469,0.309,0.308,0.9,0.63,0.709,0.315,none
18.493941,0.255,0.919,-0.3,0.926,-0.22,0.306,0.188,-0.342,0.921,0.223,-0.778,0.588,0.83,0.388,0.4,0.324,-0.789,0.522,0.254,0.316,0.914,0.362,-0.886,0.29,0.5,0.111,0.859,0.514,-0.614,0.599,0.323,0.391,0.862,0.901,-0.329,0.284,-0.556,-0.426,0.714,none
51.882923,0.732,-0.598,0.326,-0.68,-0.733,0.0,-0.746,0.392,-0.538,0.178,0.976,0.128,0.995,-0.02,0.099,-0.315,0.947,0.058,0.764,-0.02,0.645,-0.245,0.969,0.002,0.834,-0.076,0.547,-0.493,0.869,0.047,0.883,-0.177,0.434,-0.644,-0.683,0.344,-0.89,0.371,0.267,none
42.234935,-0.541,0.698,0.468,-0.924,-0.142,-0.355,0.731,-0.678,-0.078,0.6,-0.296,-0.743,-0.389,-0.291,-0.874,0.936,0.302,-0.181,-0.199,-0.398,-0.896,0.936,0.302,-0.184,0.176,-0.176,-0.968,0.849,0.427,-0.311,-0.331,-0.331,-0.883,0.57,0.661,0.488,-0.298,0.596,-0.745,none
15.702666,0.068,0.756,0.651,-0.348,0.348,-0.87,0.452,-0.796,-0.402,0.783,-0.326,0.53,-0.868,0.0,-0.496,0.866,-0.153,0.476,-0.97,-0.108,0.216,0.897,-0.193,0.398,-0.937,0.312,-0.156,0.982,-0.01,-0.187,-0.883,0.331,0.331,0.078,0.928,0.365,-0.429,-0.286,-0.857,rock
28.387134,-0.023,0.707,0.707,0.267,0.535,-0.802,0.544,-0.719,-0.433,0.855,-0.395,0.336,-0.857,-0.286,0.429,0.978,-0.048,0.204,-0.537,-0.447,0.716,0.856,-0.0,0.517,-0.0,-0.759,-0.651,0.846,0.055,0.53,-0.457,-0.762,-0.457,0.04,0.851,0.524,0.707,0.0,-0.707,scissors
17.473802,-0.355,0.425,0.832,0.611,-0.774,-0.163,0.761,-0.394,-0.515,0.832,-0.326,-0.448,-0.138,0.912,0.387,0.929,0.361,-0.082,-0.854,0.299,0.427,0.879,0.476,-0.007,-0.961,0.227,0.157,0.677,0.736,-0.006,-0.931,0.31,0.191,0.012,0.86,0.51,-0.806,-0.579,0.126,none
11.047526,-0.121,0.769,0.628,-0.129,-0.741,-0.659,0.785,-0.462,-0.414,0.776,-0.519,0.357,-0.797,0.348,-0.494,0.967,-0.181,0.182,-0.963,0.022,-0.27,0.916,0.006,0.402,-0.804,0.177,-0.568,0.912,0.036,0.408,-0.835,0.188,-0.517,0.092,0.897,0.433,-0.123,-0.771,-0.625,scissors
29.547695,-0.018,0.775,0.632,-0.067,-0.918,-0.392,-0.499,-0.528,-0.687,0.788,-0.368,0.494,-0.58,0.312,-0.752,0.883,-0.174,0.436,-0.729,0.243,-0.64,0.896,-0.24,0.374,-0.729,0.159,-0.666,0.975,-0.051,-0.215,-0.985,0.042,-0.168,0.042,0.943,0.331,-0.374,-0.844,-0.385,rock
13.619269,0.041,0.952,0.304,-0.498,0.052,0.865,-0.435,-0.896,-0.088,0.876,-0.101,-0.472,0.845,0.516,0.141,0.739,0.102,0.666,-0.276,0.551,0.787,0.805,-0.076,0.588,-0.045,0.585,0.81,0.89,-0.186,0.416,-0.0,0.573,0.819,0.869,-0.061,0.491,-0.356,0.356,0.864,paper
13.261025,-0.108,0.516,0.85,-0.997,-0.071,0.0,0.473,-0.603,-0.642,0.82,-0.548,-0.168,-0.422,0.527,0.738,0.962,-0.244,-0.125,0.147,-0.589,0.795,0.924,-0.237,-0.299,-0.291,-0.927,0.238,0.871,-0.044,-0.489,0.073,-0.807,0.587,0.535,-0.028,0.845,-0.933,0.024,0.359,none
10.150754,0.019,0.871,0.491,0.245,0.817,0.521,0.405,-0.871,-0.279,0.661,-0.376,0.649,0.727,-0.217,0.651,0.77,-0.26,0.583,0.755,-0.084,0.65,0.801,-0.225,0.555,0.838,-0.042,0.545,0.998,-0.069,-0.013,0.989,0.141,0.033,0.248,0.922,0.299,0.127,0.887,0.444,rock
3.090442,0.004,-0.276,0.961,-0.0,-0.894,0.447,0.165,0.158,-0.974,0.699,0.695,0.167,-0.0,0.949,-0.316,-0.139,0.896,0.422,-0.839,0.28,0.466,-0.008,0.871,0.491,-0.768,0.512,0.384,-0.112,0.957,0.269,-0.745,0.596,0.298,-0.61,0.34,0.716,-0.98,0.178,0.089,none
11.239547,-0.141,-0.233,0.962,-0.518,0.777,0.356,0.447,0.202,-0.871,0.881,0.106,-0.461,0.841,-0.496,-0.216,-0.488,0.69,0.535,0.111,0.977,-0.184,-0.437,0.6,0.67,0.19,0.972,-0.142,-0.196,0.791,0.58,-0.8,0.421,-0.427,-0.837,0.408,0.365,0.342,0.932,-0.124,none
18.217618,-0.205,0.815,0.543,-0.056,0.706,0.706,0.891,-0.373,-0.258,0.706,-0.611,0.359,0.852,-0.476,0.218,0.925,-0.314,0.213,0.976,-0.12,0.179,0.961,-0.009,0.276,0.878,0.019,0.477,0.955,0.048,0.291,0.805,0.078,0.589,0.187,0.925,0.33,-0.112,0.896,0.429,scissors
21.822416,0.028,0.799,0.6,0.094,-0.795,-0.599,0.588,-0.629,-0.509,0.761,-0.349,0.547,-0.648,0.511,-0.565,0.853,-0.186,0.487,-0.828,0.377,-0.414,0.88,-0.219,0.422,-0.765,0.382,-0.519,0.985,-0.04,-0.166,-0.972,0.234,0.009,0.1,0.937,0.335,-0.176,-0.961,-0.213,rock
20.178957,0.198,0.974,-0.108,-0.959,0.25,0.131,0.232,-0.525,0.819,0.38,-0.834,0.4,-0.254,-0.482,-0.839,0.544,-0.686,0.483,0.362,-0.266,-0.894,0.615,-0.788,0.029,0.625,0.256,-0.737,0.837,0.101,0.538,-0.141,-0.857,-0.495,0.921,0.163,0.354,-0.231,0.823,-0.52,none
0.716522,0.036,0.812,0.583,-0.588,-0.784,0.196,0.527,-0.773,-0.353,0.725,-0.355,0.59,-0.336,0.067,-0.94,0.827,-0.204,0.524,-0.69,0.383,-0.614,0.857,-0.215,0.468,-0.253,0.19,-0.949,0.992,-0.041,-0.12,-0.666,0.499,-0.555,0.15,0.935,0.322,-0.979,-0.0,-0.203,rock
37.632573,0.084,0.811,0.579,-0.802,-0.535,0.267,0.242,-0.944,-0.223,0.741,-0.311,0.595,-0.0,-0.0,-1.0,0.82,-0.163,0.548,-0.667,0.333,-0.667,0.864,-0.162,0.477,-0.196,-0.0,-0.981,0.995,0.012,-0.098,-0.857,0.286,-0.429,0.173,0.905,0.39,-0.858,0.191,-0.477,rock
28.595927,0.521,-0.047,0.852,0.772,-0.617,0.154,-0.575,-0.243,-0.781,0.464,0.596,0.655,0.883,-0.378,0.278,-0.025,0.636,0.771,0.374,-0.312,0.873,0.202,0.645,0.737,0.559,-0.385,0.734,0.049,0.877,0.478,0.376,0.188,0.908,-0.351,-0.145,0.925,-0.625,-0.278,-0.729,none
10.738176,0.201,-0.23,0.952,-0.766,-0.607,-0.211,0.158,0.12,-0.98,0.859,0.456,-0.235,0.779,0.528,-0.338,0.38,0.846,0.374,0.707,-0.037,0.707,0.265,0.74,0.618,0.589,0.589,0.554,0.188,0.965,-0.184,0.979,0.11,0.17,-0.749,0.472,0.465,0.5,0.062,-0.864,none
11.342924,-0.07,0.957,0.281,-0.358,0.295,0.886,0.234,-0.944,0.232,0.85,-0.017,-0.527,0.766,0.642,-0.041,0.772,0.184,0.608,0.0,0.717,0.697,0.852,0.014,0.523,0.249,0.685,0.685,0.94,-0.104,0.326,0.36,0.639,0.679,0.9,0.071,0.43,0.066,0.574,0.816,paper
8.831237,-0.082,0.94,0.33,-0.309,0.619,0.722,0.589,-0.783,0.203,0.873,0.045,-0.486,0.774,0.547,-0.319,0.726,0.233,0.647,0.14,0.652,0.745,0.826,0.07,0.559,0.412,0.67,0.618,0.933,-0.059,0.355,0.439,0.585,0.682,0.879,0.093,0.469,0.173,0.636,0.752,paper
13.107776,-0.138,0.981,0.134,-0.207,0.851,0.483,0.21,-0.946,0.248,0.697,-0.039,-0.716,0.806,0.058,-0.59,0.89,0.16,0.426,0.73,0.229,0.644,0.95,-0.055,0.307,0.822,0.057,0.567,0.982,-0.153,0.113,0.897,0.015,0.441,0.958,0.127,0.256,0.852,0.2,0.484,paper
1.207,-0.148,0.766,0.626,0.64,0.426,0.64,0.796,-0.51,-0.326,0.754,-0.562,0.339,0.381,-0.254,-0.889,0.968,-0.196,0.155,0.316,0.0,-0.949,0.912,0.029,0.41,0.348,0.87,0.348,0.916,0.057,0.398,-0.198,0.693,0.693,0.071,0.896,0.437,-0.864,0.432,-0.259,scissors
5.584924,0.148,-0.217,0.965,-0.667,-0.667,-0.333,0.234,0.062,-0.97,0.774,0.553,0.308,-0.196,0.784,-0.588,-0.253,0.779,0.574,-0.688,0.229,0.688,-0.168,0.699,0.695,0.784,0.196,0.588,-0.157,0.824,0.544,0.885,0.147,0.442,-0.442,0.245,0.863,-0.505,0.303,-0.808,none
53.412384,0.739,-0.599,0.31,-0.706,0.471,-0.529,-0.746,0.421,-0.516,0.372,0.919,-0.13,-0.978,0.101,0.182,0.026,0.999,-0.042,-0.957,-0.289,0.008,-0.225,0.929,0.294,-0.726,0.163,-0.668,-0.756,-0.202,0.622,-0.488,0.677,-0.551,-0.745,-0.612,0.265,-0.476,0.417,-0.774,none
11.19825,0.03,-0.321,0.947,0.017,0.979,0.204,0.356,0.194,-0.914,0.846,0.151,-0.512,0.732,-0.414,0.541,-0.384,0.694,0.609,0.65,0.174,-0.74,-0.324,0.67,0.668,-0.032,0.657,-0.753,-0.035,0.971,0.236,-0.939,0.121,-0.321,-0.886,0.316,0.34,0.307,0.911,0.276,none
20.737509,-0.041,0.733,0.679,0.13,0.894,0.428,0.123,-0.913,-0.39,0.837,-0.416,0.355,0.714,-0.444,0.541,0.974,-0.073,0.213,0.847,-0.115,0.52,0.863,0.008,0.505,0.859,-0.292,0.42,0.864,0.016,0.504,0.838,-0.229,0.495,0.05,0.85,0.525,0.189,0.814,0.549,scissors
19.554242,0.289,0.844,-0.453,-0.192,0.192,-0.962,0.181,-0.237,0.954,0.092,-0.368,0.925,-0.873,-0.218,-0.436,-0.063,-0.493,0.868,-0.889,-0.381,0.254,0.379,-0.91,-0.169,-0.447,-0.0,-0.894,0.794,0.25,0.554,-0.667,0.333,0.667,0.909,0.02,0.416,-0.342,-0.228,-0.912,none
32.025341,0.377,-0.313,0.872,-0.447,-0.05,-0.893,-0.331,0.006,-0.944,0.434,0.234,0.87,0.624,0.686,-0.374,-0.722,0.006,0.691,0.0,0.64,0.768,-0.524,-0.024,0.851,0.205,-0.392,0.897,-0.499,0.156,0.853,0.992,-0.124,0.0,-0.457,0.172,0.873,0.198,-0.415,-0.888,none
49.379206,0.713,-0.386,0.585,-0.974,0.112,0.199,-0.665,0.133,-0.735,0.358,0.175,0.917,-0.009,0.622,-0.783,-0.748,-0.016,0.663,0.267,0.823,-0.502,-0.698,-0.036,0.715,0.274,0.862,-0.426,-0.739,-0.055,0.671,0.259,0.925,-0.278,-0.444,-0.658,0.609,0.124,0.976,0.177,none
26.857754,-0.011,0.759,0.651,0.027,0.698,0.716,0.699,-0.502,-0.509,0.815,-0.426,0.393,0.873,-0.389,0.294,0.958,-0.102,0.268,0.976,-0.028,0.216,0.887,-0.082,0.454,0.838,-0.046,0.543,0.884,-0.02,0.467,0.786,0.028,0.618,0.124,0.854,0.506,-0.055,0.855,0.515,scissors
7.993452,-0.114,0.827,0.55,0.01,0.773,0.634,-0.248,-0.818,-0.519,0.706,-0.561,0.431,0.796,-0.482,0.367,0.935,-0.248,0.253,0.966,-0.125,0.228,0.943,-0.06,0.328,0.882,-0.071,0.466,0.946,-0.041,0.323,0.848,-0.041,0.528,0.188,0.889,0.417,-0.01,0.873,0.487,scissors
25.374187,0.43,0.535,0.727,0.444,-0.273,-0.853,-0.377,-0.797,-0.471,0.991,-0.016,0.136,-0.844,-0.537,0.019,0.505,0.231,0.832,-0.496,-0.713,-0.496,0.543,0.051,0.838,-0.365,-0.578,-0.73,0.475,0.472,0.743,-0.661,-0.661,-0.356,0.161,-0.144,0.976,-0.809,-0.568,-0.153,none
15.78533,-0.308,-0.061,0.949,0.944,-0.022,0.33,0.623,0.103,-0.775,0.81,0.011,-0.586,-0.953,0.243,0.182,0.838,0.45,-0.309,-0.933,0.128,-0.335,0.826,0.439,-0.354,-0.976,-0.135,-0.172,0.212,0.926,0.312,0.616,-0.125,0.778,-0.439,0.877,0.194,-0.633,-0.369,0.68,none
4.139599,0.104,-0.228,0.968,-0.143,0.685,-0.714,0.174,0.079,-0.982,0.695,0.667,0.269,-0.46,-0.805,-0.374,-0.211,0.857,0.47,0.408,-0.874,-0.262,-0.068,0.825,0.562,0.283,-0.794,-0.538,-0.156,0.925,0.346,0.19,-0.918,-0.348,-0.567,0.271,0.778,0.769,-0.256,-0.586,none
51.947324,0.706,-0.646,0.289,0.808,-0.505,-0.303,-0.745,0.456,-0.487,0.249,0.888,-0.387,-0.224,0.822,-0.523,0.002,0.947,-0.322,-0.612,0.786,0.087,-0.023,0.955,-0.296,-0.707,0.707,-0.0,-0.328,0.917,-0.226,-0.659,0.725,0.198,-0.789,-0.585,0.187,-0.599,-0.05,-0.799,none
0.124175,-0.182,0.746,0.64,0.179,0.718,0.673,0.783,-0.527,-0.331,0.759,-0.572,0.312,0.837,-0.523,0.157,0.972,-0.201,0.124,0.975,-0.054,0.217,0.909,0.07,0.411,0.831,0.046,0.554,0.915,0.095,0.393,0.648,0.149,0.747,0.046,0.906,0.421,-0.286,0.857,0.429,scissors
37.605082,0.662,-0.434,0.611,0.24,-0.96,-0.144,-0.487,0.289,-0.824,0.648,0.747,-0.146,0.841,0.085,0.535,0.379,0.925,-0.025,0.565,0.025,0.825,0.368,0.92,-0.135,0.72,0.02,0.693,-0.057,0.934,-0.352,0.935,0.194,0.297,-0.624,-0.13,0.771,0.365,0.367,-0.856,none
43.214652,-0.644,0.576,0.503,-0.938,-0.166,-0.304,0.805,-0.578,-0.131,0.537,-0.263,-0.801,-0.923,-0.236,-0.304,0.801,0.499,-0.332,-0.392,0.182,-0.902,0.667,0.737,-0.112,0.357,0.0,-0.934,0.526,0.845,-0.098,0.342,0.0,-0.94,0.401,0.893,0.206,-0.987,0.144,-0.072,none
26.411372,0.028,0.809,0.587,0.469,0.625,0.625,-0.348,-0.885,-0.311,0.727,-0.354,0.588,0.667,0.333,-0.667,0.823,-0.205,0.53,-0.0,0.447,0.894,0.855,-0.207,0.475,0.436,0.873,-0.218,0.993,-0.033,-0.11,-0.162,0.973,-0.162,0.162,0.927,0.339,-0.832,0.555,0.0,rock
20.802089,0.044,0.769,0.638,-0.439,-0.376,-0.816,0.583,-0.704,-0.407,0.771,-0.342,0.538,-0.835,-0.119,-0.537,0.859,-0.173,0.482,-0.92,-0.307,-0.245,0.887,-0.208,0.412,-0.959,-0.069,-0.274,0.984,-0.027,-0.175,-0.954,-0.179,0.239,0.09,0.933,0.348,-0.188,-0.439,-0.878,rock
13.597641,-0.285,0.733,0.617,0.223,0.836,-0.502,0.852,-0.131,-0.506,0.738,-0.626,0.251,-0.349,-0.419,0.838,0.95,-0.301,0.085,-0.209,-0.262,0.942,0.948,0.109,0.3,0.398,-0.852,-0.341,0.933,0.156,0.323,0.287,-0.933,-0.215,0.073,0.957,0.282,0.967,0.081,0.242,scissors
3.030581,-0.138,0.755,0.641,0.487,0.811,0.324,0.734,-0.585,-0.346,0.765,-0.537,0.356,0.894,-0.0,-0.447,0.973,-0.177,0.149,0.0,0.316,0.949,0.906,0.028,0.422,0.667,-0.333,0.667,0.909,0.051,0.413,-0.14,0.14,0.98,0.059,0.893,0.446,-0.845,0.507,0.169,scissors
7.031386,0.083,0.8,0.594,0.408,-0.408,-0.816,0.594,-0.579,-0.559,0.745,-0.312,0.589,-0.527,0.422,-0.738,0.828,-0.159,0.538,-0.949,0.316,-0.0,0.875,-0.164,0.456,-0.684,0.456,-0.57,0.991,0.015,-0.129,-0.894,0.447,0.0,0.144,0.911,0.386,-0.615,-0.615,-0.492,rock
5.075874,0.141,-0.176,0.974,0.349,0.93,-0.116,0.17,0.034,-0.985,0.778,0.547,0.308,0.839,-0.466,0.28,-0.237,0.769,0.593,0.802,-0.267,0.535,-0.145,0.685,0.714,0.915,-0.286,0.286,-0.146,0.816,0.559,0.671,-0.563,0.483,-0.426,0.252,0.869,0.971,-0.088,-0.221,none
23.862509,0.03,0.839,0.544,0.059,0.74,0.67,0.534,-0.722,-0.44,0.711,-0.377,0.593,0.799,-0.393,0.455,0.813,-0.234,0.533,0.869,-0.202,0.452,0.839,-0.225,0.495,0.885,-0.236,0.401,0.995,-0.057,-0.087,0.989,-0.037,-0.146,0.192,0.933,0.303,-0.045,0.961,0.271,rock
29.982421,-0.056,0.899,0.434,-0.211,-0.782,-0.587,-0.607,-0.664,-0.436,0.615,-0.448,0.649,-0.748,0.226,-0.624,0.751,-0.339,0.567,-0.825,0.078,-0.559,0.76,-0.284,0.584,-0.858,0.077,-0.508,0.991,-0.135,0.019,-0.997,-0.081,0.019,0.284,0.934,0.218,-0.148,-0.862,-0.485,rock
18.189621,-0.203,0.807,0.555,0.0,0.77,0.638,0.903,-0.358,-0.239,0.716,-0.597,0.361,0.868,-0.445,0.222,0.93,-0.298,0.216,0.978,-0.111,0.178,0.955,-0.02,0.294,0.867,0.022,0.498,0.953,0.036,0.301,0.776,0.086,0.625,0.18,0.923,0.34,-0.124,0.892,0.435,scissors
3.725593,-0.087,0.953,0.291,-0.275,0.962,0.0,0.772,-0.611,0.175,0.862,0.051,-0.504,0.503,0.503,-0.704,0.735,0.234,0.636,0.391,0.651,0.651,0.842,0.074,0.534,0.728,0.485,0.485,0.948,-0.05,0.315,0.367,0.855,0.367,0.897,0.106,0.43,0.124,0.992,0.0,paper
13.086835,-0.169,0.719,0.674,0.333,0.699,-0.633,0.745,-0.134,-0.653,0.8,-0.525,0.291,-0.466,-0.254,0.847,0.976,-0.18,0.121,-0.244,-0.348,0.905,0.91,0.068,0.408,0.229,-0.878,-0.42,0.902,0.09,0.422,0.264,-0.88,-0.396,0.038,0.916,0.4,0.99,0.0,0.141,scissors
21.246891,-0.127,0.758,0.64,0.11,0.988,-0.11,0.175,-0.922,-0.346,0.797,-0.501,0.336,0.069,-0.553,0.83,0.966,-0.172,0.196,0.314,-0.496,0.81,0.909,0.027,0.415,0.699,-0.699,-0.15,0.897,0.073,0.435,0.761,-0.637,-0.124,0.089,0.895,0.437,0.79,0.562,0.246,scissors
24.880847,0.045,0.702,0.711,-0.077,0.927,0.367,0.371,-0.807,-0.46,0.816,-0.346,0.463,0.663,-0.497,0.559,0.901,-0.146,0.408,0.745,-0.322,0.584,0.916,-0.228,0.331,0.784,-0.261,0.563,0.965,-0.035,-0.259,0.997,-0.064,0.042,0.003,0.94,0.341,0.077,0.978,0.192,rock
39.736503,0.543,0.122,0.831,0.243,-0.97,0.0,-0.369,-0.407,-0.835,0.957,0.219,-0.191,-0.081,0.967,-0.242,0.83,0.544,-0.125,-0.564,0.776,0.282,0.773,0.619,-0.138,-0.473,0.867,0.158,0.553,0.703,-0.446,-0.656,0.716,0.239,0.327,-0.656,0.68,-0.981,0.196,0.0,none
19.473984,0.285,0.84,-0.461,0.196,0.0,-0.981,0.178,-0.239,0.955,0.093,-0.37,0.925,-0.243,0.0,-0.97,-0.055,-0.496,0.866,-0.873,-0.436,0.218,0.387,-0.906,-0.173,-0.707,0.707,0.0,0.796,0.251,0.551,-0.762,0.127,0.635,0.908,0.028,0.418,-0.154,-0.617,-0.772,none
3.70442,-0.133,0.766,0.629,0.0,-1.0,0.0,0.733,-0.592,-0.336,0.758,-0.543,0.362,-0.302,0.302,-0.905,0.969,-0.188,0.163,-0.962,0.192,-0.192,0.912,0.015,0.41,-0.802,0.535,-0.267,0.914,0.034,0.405,-0.816,0.408,0.408,0.079,0.894,0.44,-0.911,-0.13,-0.391,scissors
4.584834,0.084,-0.192,0.978,-0.359,0.598,-0.717,0.23,0.036,-0.972,0.819,0.502,0.278,-0.565,-0.602,-0.565,-0.165,0.73,0.663,0.833,-0.489,-0.259,-0.077,0.622,0.779,0.836,-0.456,-0.304,-0.091,0.76,0.643,0.64,-0.64,-0.426,-0.382,0.319,0.867,0.63,-0.265,-0.73,none
44.233462,-0.86,0.35,0.371,-0.936,0.045,-0.349,0.806,-0.572,-0.155,0.411,0.252,-0.876,0.152,0.963,-0.224,0.81,0.49,-0.322,0.661,0.573,-0.485,0.761,0.532,-0.371,0.75,0.381,-0.541,0.509,0.854,-0.106,0.975,0.214,0.065,0.067,0.905,0.42,0.809,0.373,-0.454,none
43.72359,-0.683,0.512,0.521,-0.188,0.878,0.439,0.82,-0.548,-0.163,0.37,0.56,-0.741,-0.668,0.095,-0.738,0.272,0.924,-0.269,0.055,0.277,-0.959,0.281,0.957,-0.068,-0.252,0.359,-0.899,0.33,0.944,0.021,-0.856,0.269,-0.44,0.533,0.715,0.453,-0.945,-0.325,0.031,none
9.155754,-0.076,-0.045,0.996,0.259,-0.95,-0.173,0.527,-0.028,-0.85,0.747,0.641,0.177,-0.978,-0.057,0.199,-0.201,0.819,0.538,-0.214,-0.562,0.799,0.141,0.78,0.609,0.261,-0.616,0.743,0.303,0.943,0.14,-0.661,-0.618,0.426,-0.591,0.695,0.411,-0.817,-0.135,0.561,none
32.026203,0.072,0.829,0.555,0.927,-0.265,0.265,0.325,-0.922,-0.212,0.716,-0.326,0.617,-0.375,0.656,-0.656,0.805,-0.19,0.562,-0.8,0.6,-0.0,0.844,-0.176,0.507,-0.477,0.667,-0.572,0.998,-0.009,-0.063,-0.778,0.623,-0.078,0.195,0.91,0.366,-0.83,-0.518,-0.207,rock
0.751019,-0.104,0.953,0.283,-0.937,0.11,-0.331,0.752,-0.647,0.127,0.857,0.109,-0.504,0.08,0.598,-0.797,0.72,0.271,0.638,0.576,0.618,-0.535,0.843,0.097,0.529,0.58,0.425,-0.695,0.956,-0.049,0.29,0.242,0.725,-0.645,0.887,0.038,0.46,-0.944,-0.255,0.208,paper
11.110949,-0.016,0.84,0.543,0.096,0.8,0.592,-0.115,-0.971,-0.21,0.699,-0.402,0.591,0.74,-0.349,0.574,0.812,-0.259,0.523,0.812,-0.187,0.552,0.835,-0.254,0.487,0.849,-0.17,0.501,0.992,-0.085,-0.098,0.999,0.008,-0.033,0.169,0.943,0.288,0.072,0.936,0.344,rock
44.234801,-0.762,0.254,0.595,-0.824,-0.527,-0.209,0.833,-0.426,-0.353,0.661,0.254,-0.706,-0.708,0.492,-0.508,0.442,0.884,-0.151,-0.337,0.281,-0.899,0.422,0.904,0.062,-0.515,0.644,-0.566,0.58,0.778,-0.24,0.922,0.199,0.334,0.03,0.984,0.178,0.248,0.06,-0.967,none
14.617488,-0.157,0.737,0.657,-0.306,-0.331,0.892,0.83,-0.133,-0.542,0.785,-0.533,0.315,0.67,0.024,-0.742,0.967,-0.202,0.156,0.528,0.369,-0.765,0.92,0.046,0.39,0.153,0.814,0.56,0.91,0.075,0.408,-0.046,0.74,0.671,0.074,0.914,0.399,-0.924,0.383,0.023,scissors
27.946032,-0.016,0.844,0.536,-0.012,0.725,0.689,-0.353,-0.868,-0.351,0.69,-0.403,0.602,0.778,-0.432,0.457,0.802,-0.272,0.532,0.882,-0.237,0.407,0.816,-0.264,0.514,0.869,-0.284,0.405,0.993,-0.103,-0.062,0.984,-0.099,-0.149,0.207,0.943,0.259,-0.023,0.967,0.252,rock
0.032603,-0.103,0.941,0.323,0.995,-0.052,0.087,0.747,-0.662,0.053,0.861,0.156,-0.484,0.131,-0.919,0.372,0.69,0.281,0.667,-0.267,-0.877,0.4,0.813,0.13,0.568,-0.289,-0.867,0.405,0.957,-0.074,0.281,-0.408,-0.795,0.449,0.83,-0.166,0.533,-0.597,-0.702,0.388,paper
16.678155,-0.109,0.955,0.277,0.0,-0.894,-0.447,0.823,-0.561,0.09,0.836,-0.037,-0.548,-0.894,0.447,-0.0,0.798,0.185,0.573,-0.97,-0.0,-0.243,0.87,0.005,0.494,-0.843,0.241,-0.482,0.944,-0.086,0.317,-0.936,0.341,0.085,0.896,0.108,0.43,-0.92,0.077,-0.383,paper
6.838209,-0.093,0.942,0.322,-0.177,0.828,0.532,0.708,-0.689,0.156,0.865,0.065,-0.497,0.798,0.249,-0.549,0.726,0.249,0.641,0.444,0.444,0.778,0.83,0.086,0.551,0.732,0.305,0.61,0.936,-0.045,0.35,0.673,0.306,0.673,0.878,0.104,0.467,0.647,0.404,0.647,paper
7.477854,-0.229,0.695,0.681,-0.0,0.725,0.689,0.017,-0.887,-0.461,0.799,-0.556,0.229,0.825,-0.462,0.326,0.981,-0.19,0.026,0.982,-0.09,0.165,0.892,0.198,0.405,0.862,-0.03,0.505,0.879,0.208,0.429,0.82,-0.008,0.572,-0.051,0.931,0.36,-0.052,0.867,0.496,scissors
18.242457,0.134,0.991,0.014,0.963,-0.047,0.265,0.247,-0.766,0.593,0.605,-0.792,0.08,0.585,0.313,0.748,0.799,-0.519,0.305,-0.044,0.192,0.98,0.814,-0.574,0.089,0.018,-0.088,0.996,0.888,-0.282,0.365,0.21,0.079,0.974,0.868,0.022,0.497,-0.283,-0.485,0.828,none
19.226077,-0.039,0.978,0.205,-0.265,0.56,0.785,0.881,-0.459,-0.114,0.769,-0.194,-0.609,0.882,0.41,-0.231,0.866,0.061,0.496,0.352,0.577,0.737,0.9,-0.129,0.416,0.53,0.445,0.721,0.948,-0.196,0.249,0.612,0.412,0.675,0.94,0.048,0.339,0.399,0.41,0.82,paper
15.131804,-0.089,0.745,0.661,0.05,0.893,0.447,0.756,-0.21,-0.62,0.802,-0.482,0.353,0.64,-0.64,0.426,0.969,-0.148,0.199,0.789,-0.316,0.526,0.899,-0.008,0.437,0.931,-0.233,0.279,0.894,0.015,0.448,0.86,-0.161,0.484,0.085,0.883,0.462,0.098,0.934,0.344,scissors
1.500424,-0.145,0.758,0.636,0.174,0.696,0.696,0.735,-0.604,-0.308,0.753,-0.559,0.348,0.667,-0.333,-0.667,0.965,-0.194,0.177,0.0,0.707,-0.707,0.913,0.024,0.406,0.64,0.426,0.64,0.918,0.05,0.393,-0.111,0.444,0.889,0.081,0.9,0.429,-0.824,0.549,0.137,scissors
3.494701,-0.142,0.756,0.638,0.485,-0.728,-0.485,0.764,-0.579,-0.285,0.761,-0.544,0.353,-0.384,0.512,-0.768,0.971,-0.187,0.149,-0.868,0.496,-0.0,0.911,0.025,0.411,-0.962,0.192,-0.192,0.913,0.048,0.406,-0.905,0.302,0.302,0.068,0.898,0.435,-0.855,-0.367,-0.367,scissors
2.080388,-0.007,-0.253,0.967,0.615,-0.615,0.492,0.203,0.146,-0.968,0.709,0.69,0.147,0.164,0.986,-0.0,-0.128,0.904,0.407,-0.786,0.437,0.437,0.004,0.878,0.479,-0.598,0.717,0.359,-0.1,0.957,0.274,-0.667,0.667,0.333,-0.594,0.363,0.717,-0.997,0.083,-0.0,none
25.915284,0.035,0.842,0.538,0.054,0.795,0.604,-0.011,-0.965,-0.261,0.703,-0.353,0.618,0.754,-0.364,0.547,0.8,-0.219,0.559,0.837,-0.195,0.512,0.834,-0.204,0.513,0.856,-0.202,0.476,0.997,-0.04,-0.064,0.998,-0.017,-0.058,0.201,0.922,0.33,0.048,0.947,0.318,rock
10.60138,0.008,0.878,0.478,0.087,0.801,0.592,0.242,-0.952,-0.188,0.646,-0.37,0.668,0.769,-0.295,0.567,0.756,-0.263,0.599,0.825,-0.13,0.55,0.794,-0.216,0.568,0.873,-0.129,0.471,0.998,-0.064,-0.001,0.996,0.062,-0.062,0.259,0.918,0.3,0.045,0.916,0.398,rock
9.211244,-0.042,-0.086,0.995,-0.769,-0.488,0.414,0.368,-0.046,-0.929,0.756,0.566,0.329,-0.896,0.435,-0.085,-0.178,0.802,0.57,-0.839,0.544,-0.023,0.346,0.819,0.457,0.576,-0.082,0.813,0.341,0.928,-0.15,0.933,-0.17,0.318,-0.491,0.648,0.582,-0.656,0.348,0.67,none
9.517074,-0.162,0.808,0.567,0.105,-0.8,-0.59,-0.27,-0.834,-0.481,0.737,-0.566,0.369,-0.705,0.569,-0.424,0.951,-0.237,0.198,-0.944,0.244,-0.22,0.934,0.039,0.354,-0.928,0.081,-0.363,0.936,0.059,0.348,-0.93,0.073,-0.359,0.123,0.911,0.393,-0.177,-0.884,-0.434,scissors
31.511653,0.132,0.86,0.493,-0.168,-0.976,-0.135,0.177,-0.948,-0.265,0.699,-0.257,0.667,-0.34,0.255,-0.905,0.768,-0.136,0.626,-0.547,0.322,-0.773,0.833,-0.102,0.544,-0.502,0.118,-0.857,0.998,0.053,-0.016,-0.891,0.084,-0.446,0.243,0.872,0.426,-0.706,-0.597,-0.38,rock
10.619525,-0.215,0.715,0.665,0.146,-0.761,-0.632,0.732,-0.604,-0.315,0.8,-0.548,0.246,-0.738,0.585,-0.337,0.98,-0.186,0.063,-0.962,0.237,-0.134,0.902,0.157,0.402,-0.928,-0.008,-0.373,0.893,0.176,0.414,-0.925,-0.016,-0.38,-0.014,0.929,0.371,-0.106,-0.911,-0.399,scissors
4.990947,-0.031,0.862,0.506,0.305,-0.556,-0.773,0.51,-0.753,-0.416,0.693,-0.392,0.606,-0.721,0.626,-0.297,0.802,-0.259,0.539,-0.908,0.407,-0.104,0.822,-0.251,0.512,-0.782,0.56,-0.275,0.994,-0.089,-0.063,-0.884,0.395,0.25,0.201,0.937,0.285,0.066,-0.997,-0.044,rock
3.170562,-0.088,0.957,0.276,-0.162,-0.973,0.162,0.765,-0.623,0.162,0.847,0.04,-0.529,0.316,0.0,0.949,0.747,0.233,0.622,-0.777,-0.173,0.605,0.856,0.068,0.513,-0.928,0.206,0.309,0.954,-0.048,0.295,-0.786,0.328,0.524,0.897,0.13,0.423,-0.95,-0.173,0.259,paper
31.512067,0.053,0.856,0.514,-0.27,-0.924,-0.27,0.178,-0.953,-0.245,0.679,-0.361,0.639,-0.527,-0.24,-0.815,0.778,-0.238,0.582,-0.678,-0.283,-0.678,0.814,-0.196,0.547,-0.72,-0.332,-0.609,0.999,-0.034,-0.024,-0.921,-0.358,-0.153,0.258,0.91,0.324,-0.485,-0.291,-0.825,rock
14.255732,-0.092,0.497,0.863,-0.436,-0.873,-0.218,0.445,-0.598,-0.666,0.866,-0.474,-0.161,-0.479,0.124,-0.869,0.983,-0.158,-0.096,-0.508,0.364,-0.781,0.954,-0.147,-0.261,-0.407,0.617,-0.673,0.887,0.06,-0.459,-0.724,0.462,-0.512,0.538,-0.074,0.84,0.319,0.932,0.172,none
10.686953,0.111,-0.127,0.986,-0.827,-0.556,0.083,0.184,0.052,-0.981,0.877,0.428,-0.218,0.984,0.18,0.008,0.355,0.86,0.367,0.545,-0.074,0.835,0.314,0.743,0.591,-0.124,0.074,0.99,0.266,0.879,-0.397,-0.985,-0.126,-0.114,-0.648,0.5,0.575,-0.1,0.94,-0.327,none
15.272221,-0.211,-0.25,0.945,0.501,-0.358,-0.788,0.672,0.255,-0.696,0.702,0.066,-0.709,-0.725,0.181,-0.665,0.757,0.457,-0.467,-0.867,0.248,-0.433,0.733,0.432,-0.526,-0.759,-0.0,-0.651,-0.291,0.754,0.589,-0.965,0.037,-0.26,-0.701,0.679,0.217,0.108,-0.379,-0.919,none
38.622761,0.524,-0.31,0.794,0.987,0.162,0.0,-0.369,0.126,-0.921,0.591,0.611,0.527,0.663,-0.73,-0.166,-0.275,0.645,0.713,-0.823,-0.069,-0.563,-0.208,0.647,0.733,-0.849,0.041,-0.528,-0.35,0.721,0.598,-0.958,0.034,-0.286,-0.55,0.002,0.835,-0.785,-0.385,0.485,none
25.122365,0.455,0.496,0.74,0.707,-0.527,-0.471,-0.386,-0.788,-0.48,0.979,0.02,0.204,-0.975,-0.133,0.176,0.518,0.221,0.826,-0.907,-0.065,-0.416,0.565,-0.017,0.825,-0.868,-0.063,-0.492,0.505,0.418,0.755,-0.886,-0.432,-0.17,0.169,-0.095,0.981,-0.668,-0.668,-0.328,none
20.515769,0.258,0.766,0.589,-0.721,0.495,0.484,-0.128,-0.956,-0.265,0.934,-0.34,0.113,-0.107,-0.412,-0.905,0.841,0.114,0.529,0.472,-0.216,-0.855,0.851,-0.03,0.524,0.589,0.253,-0.767,0.872,0.49,0.018,-0.434,-0.591,-0.68,0.409,0.337,0.848,-0.104,0.98,-0.167,none
0.200041,-0.097,0.951,0.293,-0.566,0.707,0.424,0.797,-0.592,0.123,0.847,0.116,-0.519,0.873,0.436,0.218,0.727,0.248,0.64,0.164,0.082,0.983,0.839,0.095,0.535,0.518,-0.207,0.83,0.964,-0.097,0.247,0.85,0.261,0.458,0.85,-0.213,0.481,0.651,0.651,-0.391,paper
25.711351,0.46,0.618,0.637,-0.982,-0.188,-0.0,-0.331,-0.859,-0.39,0.988,-0.102,0.113,-0.787,0.43,-0.443,0.542,0.118,0.832,-0.21,0.502,-0.839,0.605,-0.076,0.792,-0.167,0.648,-0.743,0.56,0.281,0.779,-0.442,0.343,-0.829,0.317,-0.32,0.893,-0.699,0.619,-0.359,none
14.127732,-0.065,0.959,0.275,0.433,-0.018,-0.901,-0.342,-0.94,-0.002,0.848,-0.06,-0.527,-0.633,-0.71,-0.307,0.761,0.172,0.625,0.18,-0.845,-0.503,0.851,-0.013,0.525,-0.109,-0.764,-0.636,0.932,-0.099,0.349,-0.379,-0.682,-0.625,0.892,0.074,0.446,-0.089,-0.536,-0.84,paper
20.225127,0.223,0.974,-0.049,-0.964,0.257,0.072,0.101,-0.847,0.521,0.432,-0.813,0.39,-0.206,-0.473,-0.857,0.573,-0.637,0.515,0.421,-0.262,-0.868,0.639,-0.762,0.102,0.583,0.25,-0.773,0.833,0.121,0.54,-0.04,-0.902,-0.431,0.913,0.157,0.377,-0.148,0.838,-0.526,none
4.419518,-0.163,0.725,0.669,0.138,-0.802,-0.581,0.741,-0.589,-0.323,0.784,-0.538,0.31,-0.68,0.563,-0.469,0.978,-0.173,0.115,-0.947,0.277,-0.162,0.898,0.081,0.433,-0.928,0.073,-0.366,0.893,0.098,0.438,-0.962,0.072,-0.264,0.022,0.902,0.431,-0.244,-0.852,-0.463,scissors
46.782666,-0.351,0.096,0.932,-0.815,-0.566,0.124,0.477,-0.321,-0.818,0.61,0.78,-0.141,-0.629,0.657,-0.416,-0.236,0.961,0.145,-0.274,0.367,-0.889,-0.187,0.921,0.341,-0.406,0.543,-0.735,-0.135,0.885,0.446,-0.391,0.694,-0.605,0.056,0.609,0.791,-0.415,0.86,-0.297,none
23.48381,0.43,0.171,0.887,-0.256,0.711,0.654,-0.412,-0.484,-0.772,0.909,0.355,0.22,0.936,-0.138,-0.322,0.361,0.589,0.723,0.878,-0.102,0.468,0.29,0.296,0.91,0.925,-0.026,0.378,0.164,0.712,0.683,0.807,0.404,0.431,-0.215,0.112,0.97,0.419,0.68,0.602,none
12.13181,0.017,0.846,0.533,-0.085,-0.923,-0.376,-0.165,-0.97,-0.177,0.696,-0.372,0.614,-0.573,0.334,-0.748,0.8,-0.234,0.552,-0.745,0.265,-0.612,0.834,-0.216,0.508,-0.718,0.191,-0.67,0.996,-0.049,-0.073,-0.985,0.078,-0.156,0.2,0.926,0.321,-0.392,-0.832,-0.392,rock
17.700395,0.013,0.928,0.373,-0.304,-0.949,0.083,0.732,-0.643,-0.227,0.896,-0.069,-0.438,-0.538,0.586,0.606,0.732,0.15,0.664,-0.869,0.358,-0.341,0.801,-0.016,0.599,-0.781,0.539,-0.314,0.891,-0.112,0.441,-0.772,0.622,-0.132,0.846,0.019,0.533,-0.933,0.337,-0.13,paper
27.87736,-0.007,0.724,0.69,-0.6,0.0,-0.8,0.533,-0.703,-0.471,0.842,-0.395,0.367,-0.617,-0.154,-0.772,0.969,-0.06,0.239,-0.894,-0.447,-0.0,0.861,-0.047,0.507,-0.492,0.123,-0.862,0.855,0.002,0.518,-0.845,0.507,-0.169,0.081,0.845,0.529,-0.635,0.127,-0.762,scissors
20.226891,0.031,0.684,0.729,0.082,0.752,0.654,0.493,-0.754,-0.434,0.869,-0.339,0.36,0.842,-0.421,0.337,0.973,0.009,0.229,0.959,-0.069,0.274,0.818,-0.01,0.574,0.846,-0.114,0.521,0.809,0.012,0.588,0.785,-0.033,0.618,0.013,0.808,0.589,-0.033,0.851,0.524,scissors
53.923062,0.72,-0.586,0.371,0.843,0.482,-0.241,-0.673,0.388,-0.63,0.285,0.928,0.24,0.927,-0.062,0.371,-0.383,0.848,0.366,0.767,0.307,0.563,-0.8,-0.198,0.567,0.407,-0.094,0.908,-0.59,-0.751,0.295,0.507,-0.169,0.845,-0.753,-0.569,0.33,-0.14,-0.7,-0.7,none
55.454296,0.676,-0.597,0.432,0.824,0.549,-0.137,-0.631,0.445,-0.635,-0.06,-0.382,0.922,0.869,-0.463,-0.174,-0.724,-0.659,0.205,-0.044,-0.394,0.918,-0.739,-0.63,0.239,0.235,-0.411,0.881,-0.786,-0.594,0.169,-0.12,-0.241,0.963,-0.733,-0.553,0.397,-0.617,-0.772,-0.154,none
42.703486,-0.534,0.699,0.476,-0.92,0.381,-0.095,0.726,-0.681,-0.102,0.59,-0.273,-0.76,0.07,-0.209,-0.975,0.918,0.344,-0.199,-0.277,-0.085,-0.957,0.909,0.377,-0.177,-0.409,0.118,-0.905,0.804,0.519,-0.289,-0.639,0.019,-0.769,0.577,0.672,0.463,0.578,0.697,0.425,none
1.094204,-0.011,-0.307,0.952,-0.422,0.738,0.527,0.21,0.185,-0.96,0.678,0.72,0.15,0.686,0.514,-0.514,-0.172,0.911,0.374,-0.53,0.53,0.662,-0.051,0.887,0.458,-0.218,0.873,0.436,-0.159,0.952,0.262,-0.492,0.615,0.615,-0.626,0.337,0.703,-0.963,0.241,0.12,none
12.176479,-0.151,0.956,0.253,0.254,0.624,-0.739,0.267,-0.93,0.254,0.806,0.03,-0.591,-0.114,-0.592,-0.798,0.804,0.232,0.548,0.762,-0.584,-0.279,0.889,0.053,0.455,0.628,-0.701,-0.338,0.965,-0.065,0.252,0.419,-0.759,-0.498,0.913,0.144,0.382,0.597,-0.39,-0.701,paper
50.353682,0.638,-0.676,0.369,-0.376,-0.806,0.457,-0.703,0.474,-0.53,0.065,0.898,0.435,0.842,0.115,-0.526,-0.555,0.789,0.262,0.964,0.139,0.228,-0.47,0.85,0.24,0.979,0.116,0.167,-0.633,0.726,0.269,0.959,0.192,0.208,-0.748,-0.583,0.317,-0.958,0.039,0.283,none
32.532023,0.072,0.853,0.516,-0.0,-0.949,0.316,0.241,-0.93,-0.278,0.696,-0.329,0.638,0.061,0.184,-0.981,0.786,-0.202,0.585,-0.182,0.545,-0.818,0.828,-0.172,0.533,-0.065,0.196,-0.978,0.999,-0.01,-0.036,-0.638,0.319,-0.701,0.237,0.902,0.36,-0.97,-0.108,-0.216,rock
28.039099,0.518,-0.056,0.853,0.986,0.0,0.164,-0.534,-0.218,-0.817,0.535,0.444,0.719,0.911,-0.391,-0.13,-0.046,0.517,0.855,0.219,-0.219,0.951,0.171,0.539,0.825,0.437,-0.437,0.786,0.028,0.799,0.601,0.145,0.291,0.946,-0.386,-0.098,0.917,-0.734,-0.342,-0.587,none
9.929578,-0.124,0.948,0.293,0.495,0.566,-0.66,0.574,-0.799,0.18,0.859,0.056,-0.509,-0.0,-0.73,-0.683,0.745,0.247,0.619,0.664,-0.741,-0.102,0.85,0.07,0.523,0.555,-0.807,-0.202,0.944,-0.047,0.327,0.364,-0.869,-0.336,0.889,0.117,0.443,0.551,-0.577,-0.603,paper
18.303925,-0.16,0.954,0.253,0.668,0.246,-0.703,0.893,-0.426,-0.144,0.82,-0.033,-0.572,-0.285,-0.89,-0.356,0.82,0.21,0.533,0.192,-0.962,-0.192,0.889,0.022,0.457,0.038,-0.94,-0.338,0.957,-0.061,0.285,-0.29,-0.912,-0.29,0.906,0.154,0.394,0.076,-0.76,-0.646,paper
33.670656,0.467,-0.103,0.878,0.667,0.667,-0.333,-0.393,-0.187,-0.9,0.506,0.208,0.837,0.147,-0.442,-0.885,-0.66,0.064,0.748,0.483,-0.87,-0.097,-0.316,0.153,0.936,-0.485,0.728,0.485,0.089,0.993,0.083,-0.807,-0.513,0.293,-0.246,0.142,0.959,-0.384,-0.768,-0.512,none
27.367025,-0.082,0.641,0.763,0.052,0.732,0.68,0.493,-0.749,-0.443,0.895,-0.374,0.242,0.854,-0.427,0.296,0.994,-0.004,0.107,0.967,-0.066,0.246,0.822,0.131,0.554,0.854,-0.064,0.516,0.801,0.177,0.572,0.792,0.016,0.61,-0.077,0.854,0.515,-0.032,0.877,0.479,scissors
22.942219,0.455,0.277,0.846,-0.625,0.781,0.0,-0.417,-0.602,-0.681,0.934,0.241,0.262,0.885,0.147,-0.442,0.377,0.467,0.8,0.945,-0.033,0.326,0.383,0.12,0.916,-0.253,0.507,-0.824,0.292,0.561,0.774,-0.364,0.582,-0.727,-0.102,0.064,0.993,0.0,0.789,-0.614,none
9.155341,-0.191,-0.096,0.977,0.99,0.141,0.0,0.501,-0.014,-0.865,0.765,0.64,0.076,-0.967,-0.103,0.232,-0.314,0.797,0.516,-0.052,-0.557,0.829,-0.081,0.764,0.64,0.131,-0.787,0.603,0.198,0.971,0.131,-0.901,-0.367,0.233,-0.649,0.663,0.373,-0.664,-0.476,0.576,none
21.313263,-0.003,0.709,0.706,0.244,-0.855,-0.458,0.472,-0.748,-0.466,0.813,-0.358,0.459,-0.475,0.581,-0.66,0.903,-0.157,0.399,-0.753,0.53,-0.39,0.916,-0.239,0.322,-0.619,0.484,-0.619,0.962,-0.043,-0.269,-0.916,0.381,-0.127,-0.007,0.943,0.333,-0.42,-0.897,-0.14,rock
14.765266,-0.172,-0.115,0.978,-0.664,0.73,-0.164,0.475,-0.178,-0.862,0.822,-0.026,-0.569,-0.245,-0.936,-0.253,0.84,0.401,-0.367,0.257,-0.824,-0.505,0.785,0.466,-0.409,0.767,-0.11,-0.632,0.061,0.95,0.307,-0.725,0.065,-0.686,-0.49,0.696,0.525,0.738,0.433,-0.517,none
11.70486,-0.161,-0.261,0.952,-0.78,0.347,-0.52,0.527,0.196,-0.827,0.852,0.06,-0.521,0.27,-0.765,0.585,-0.53,0.709,0.464,0.88,-0.474,0.0,-0.448,0.61,0.654,0.738,-0.527,-0.422,-0.344,0.656,0.672,-0.819,0.174,-0.546,-0.871,0.414,0.264,0.34,0.918,0.204,none
33.041693,0.052,0.827,0.559,0.364,0.869,-0.336,0.187,-0.952,-0.243,0.725,-0.332,0.604,-0.037,-0.037,0.999,0.811,-0.192,0.552,-0.06,-0.12,0.991,0.847,-0.187,0.498,0.198,0.33,0.923,0.997,-0.023,-0.072,0.525,0.394,0.755,0.19,0.914,0.357,0.745,0.51,0.431,rock
16.16832,-0.095,0.964,0.25,0.03,-0.945,-0.325,0.82,-0.553,0.147,0.809,-0.052,-0.585,-0.841,0.076,0.535,0.829,0.162,0.535,-0.825,-0.13,-0.55,0.894,-0.027,0.448,-0.834,0.072,-0.547,0.956,-0.127,0.265,-0.924,0.182,-0.336,0.919,0.096,0.381,-0.894,-0.041,-0.447,paper
10.027256,-0.152,0.83,0.538,-0.028,-0.689,-0.724,0.239,-0.919,-0.314,0.683,-0.616,0.391,-0.825,0.416,-0.382,0.923,-0.316,0.22,-0.982,0.053,-0.18,0.968,-0.036,0.249,-0.84,0.055,-0.54,0.967,-0.0,0.256,-0.848,0.068,-0.526,0.202,0.92,0.336,-0.028,-0.834,-0.551,scissors
25.50095,0.438,0.586,0.682,0.731,-0.526,-0.434,-0.353,-0.835,-0.422,0.99,-0.038,0.139,-0.731,-0.187,0.656,0.526,0.198,0.827,-0.928,-0.363,0.081,0.593,0.003,0.805,-0.922,-0.384,-0.051,0.554,0.391,0.735,-0.93,-0.365,0.055,0.253,-0.191,0.948,-0.794,-0.592,-0.14,none
55.963531,0.681,-0.597,0.423,-0.943,0.236,0.236,-0.622,0.418,-0.662,-0.062,-0.373,0.926,0.857,-0.286,-0.429,-0.722,-0.661,0.204,-0.309,-0.206,0.928,-0.745,-0.626,0.23,-0.0,-0.141,0.99,-0.786,-0.598,0.16,-0.686,0.514,0.514,-0.728,-0.558,0.398,-0.913,0.183,-0.365,none
6.604047,0.022,0.198,0.98,0.945,0.306,-0.111,0.294,-0.229,-0.928,0.881,0.464,0.089,-0.438,-0.891,-0.118,-0.03,0.775,0.631,-0.544,-0.828,-0.136,0.058,0.667,0.743,-0.557,-0.438,-0.706,0.031,0.755,0.655,-0.877,-0.252,-0.41,-0.192,0.444,0.875,-0.128,-0.35,0.928,none
18.717624,-0.159,0.961,0.227,-0.7,0.14,0.7,0.896,-0.434,-0.089,0.793,-0.055,-0.606,0.42,0.755,-0.504,0.847,0.186,0.498,-0.089,0.891,0.445,0.907,-0.008,0.421,0.276,0.921,0.276,0.965,-0.088,0.248,0.074,0.892,0.446,0.922,0.146,0.358,-0.432,0.864,0.259,paper
32.232788,0.408,-0.245,0.88,0.286,-0.095,-0.953,-0.294,0.006,-0.956,0.464,0.22,0.858,-0.229,-0.688,-0.688,-0.677,0.024,0.736,0.359,0.598,-0.717,-0.443,-0.027,0.896,-0.0,-0.091,-0.996,-0.41,0.169,0.896,-0.155,-0.736,-0.659,-0.346,0.097,0.933,-0.211,-0.969,-0.126,none
11.743766,-0.175,-0.237,0.956,0.236,0.943,0.236,0.525,0.206,-0.826,0.838,0.051,-0.543,0.437,-0.786,-0.437,-0.539,0.709,0.456,0.816,0.408,0.408,-0.469,0.613,0.636,0.0,0.707,0.707,-0.349,0.622,0.701,-0.136,0.272,0.953,-0.877,0.42,0.234,-0.358,0.894,-0.268,none
34.516166,0.484,-0.381,0.788,-0.99,-0.099,-0.099,-0.395,0.141,-0.908,0.5,0.112,0.859,-0.528,0.342,-0.777,-0.204,0.654,0.729,0.766,-0.192,0.613,0.25,0.878,0.409,0.206,0.309,-0.928,0.039,0.968,0.246,-0.615,0.492,-0.615,-0.349,0.073,0.934,-0.774,0.163,0.611,none
15.657423,-0.15,0.962,0.228,0.084,-0.964,-0.253,0.586,-0.735,0.34,0.791,-0.009,-0.612,-0.781,0.101,0.617,0.836,0.206,0.508,-0.861,-0.118,-0.495,0.906,0.02,0.423,-0.87,0.081,-0.487,0.969,-0.076,0.236,-0.938,0.195,-0.286,0.922,0.14,0.362,-0.914,-0.056,-0.401,paper
11.0813,-0.128,0.76,0.637,0.187,-0.683,-0.706,0.765,-0.431,-0.478,0.769,-0.528,0.361,-0.78,0.564,-0.271,0.965,-0.187,0.186,-0.975,0.22,-0.042,0.918,0.014,0.395,-0.908,-0.086,-0.411,0.912,0.046,0.407,-0.918,-0.096,-0.384,0.091,0.898,0.431,-0.033,-0.928,-0.371,scissors
17.236894,0.076,0.767,0.637,0.555,0.0,-0.832,0.43,-0.8,-0.418,0.78,-0.315,0.54,-0.408,0.408,-0.816,0.861,-0.143,0.488,-0.811,0.324,0.487,0.898,-0.181,0.402,-0.436,0.873,-0.218,0.983,0.003,-0.182,-0.7,0.7,0.14,0.083,0.921,0.379,-0.8,-0.0,-0.6,rock
36.103221,0.126,0.778,0.616,-0.154,0.976,0.154,0.171,-0.952,-0.254,0.781,-0.252,0.571,0.256,-0.683,0.683,0.841,-0.087,0.534,0.267,-0.535,0.802,0.896,-0.112,0.429,0.498,-0.249,0.83,0.987,0.065,-0.144,0.8,0.0,0.6,0.11,0.886,0.45,0.14,0.98,-0.14,rock
1.581643,-0.011,-0.267,0.964,-0.894,-0.0,0.447,0.187,0.173,-0.967,0.699,0.7,0.145,0.196,0.588,-0.784,-0.139,0.909,0.393,-0.811,0.487,0.324,-0.011,0.883,0.469,-0.447,0.894,-0.0,-0.117,0.957,0.266,-0.62,0.744,0.248,-0.603,0.36,0.712,-0.93,0.349,-0.116,none
7.625417,-0.017,0.665,0.747,-0.961,0.263,0.089,0.361,-0.722,-0.591,0.925,0.294,-0.24,-0.715,0.087,-0.694,0.491,0.636,0.595,-0.002,0.286,-0.958,0.617,0.479,0.624,-0.123,0.485,-0.866,0.664,0.463,0.587,-0.411,0.785,-0.463,0.443,0.305,0.843,-0.015,0.919,0.394,none
3.116938,-0.139,0.753,0.643,0.333,0.667,0.667,0.723,-0.603,-0.336,0.762,-0.542,0.355,0.943,-0.236,-0.236,0.973,-0.181,0.146,0.485,0.485,0.728,0.91,0.025,0.413,0.784,-0.196,0.588,0.911,0.048,0.41,0.0,0.243,0.97,0.061,0.896,0.44,-0.707,0.566,0.424,scissors
22.229597,0.187,0.301,0.935,0.827,-0.503,-0.252,-0.065,-0.578,-0.813,0.984,0.154,-0.092,-0.26,0.715,0.65,0.64,0.618,0.456,-0.884,0.255,0.391,0.664,0.495,0.561,-0.804,0.144,0.577,0.547,0.837,0.031,-0.849,0.293,0.439,-0.116,0.411,0.904,-0.763,-0.647,0.0,none
20.802471,0.044,0.763,0.645,-0.504,-0.42,-0.755,0.509,-0.745,-0.431,0.776,-0.342,0.53,-0.772,-0.07,-0.632,0.864,-0.169,0.474,-0.951,-0.219,-0.219,0.893,-0.21,0.399,-0.923,-0.0,-0.385,0.982,-0.028,-0.187,-0.989,-0.066,0.132,0.076,0.934,0.35,-0.358,-0.501,-0.788,rock
11.261475,-0.085,0.957,0.277,-0.329,0.285,0.9,0.268,-0.939,0.214,0.846,-0.009,-0.534,0.779,0.627,0.022,0.772,0.195,0.605,-0.061,0.695,0.716,0.854,0.028,0.52,0.195,0.672,0.715,0.943,-0.09,0.321,0.309,0.619,0.722,0.898,0.088,0.432,0.023,0.528,0.849,paper
10.685552,-0.067,-0.207,0.976,0.286,-0.745,-0.602,0.36,0.032,-0.932,0.759,0.641,-0.112,0.939,-0.205,0.277,0.084,0.885,0.458,0.14,-0.46,0.877,0.005,0.851,0.525,0.454,-0.651,0.608,0.155,0.698,-0.699,-0.939,0.223,0.26,-0.715,0.458,0.529,-0.526,-0.82,-0.227,none
3.201385,-0.137,0.749,0.648,0.267,0.802,0.535,0.722,-0.609,-0.328,0.767,-0.538,0.348,0.832,0.0,-0.555,0.974,-0.177,0.14,0.0,0.707,0.707,0.905,0.034,0.423,0.667,-0.333,0.667,0.908,0.058,0.416,-0.136,0.272,0.953,0.054,0.896,0.441,-0.885,0.442,0.147,scissors
40.664195,0.521,0.063,0.851,0.688,0.717,-0.115,-0.337,-0.36,-0.87,0.908,0.414,0.061,-0.975,-0.034,-0.22,0.341,0.82,0.46,-0.666,0.039,-0.745,0.316,0.744,0.589,-0.653,0.155,-0.741,0.035,0.949,0.315,-0.835,-0.023,-0.55,-0.059,-0.506,0.861,0.97,-0.052,-0.236,none
11.134285,-0.12,0.955,0.271,-0.287,0.575,0.766,0.374,-0.899,0.226,0.835,0.021,-0.549,0.845,0.511,-0.156,0.776,0.225,0.589,0.131,0.633,0.763,0.862,0.058,0.503,0.367,0.573,0.733,0.952,-0.059,0.302,0.463,0.507,0.727,0.898,0.126,0.421,0.218,0.484,0.847,paper
6.753497,-0.093,0.946,0.312,-0.046,0.911,0.41,0.692,-0.711,0.129,0.864,0.056,-0.5,0.774,0.163,-0.611,0.732,0.238,0.639,0.597,0.322,0.735,0.832,0.077,0.55,0.802,0.189,0.566,0.937,-0.052,0.346,0.772,0.154,0.617,0.881,0.097,0.463,0.759,0.316,0.569,paper
21.312255,0.107,0.731,0.674,-0.18,-0.961,0.21,0.517,-0.702,-0.49,0.799,-0.29,0.527,-0.081,0.216,-0.973,0.872,-0.11,0.477,-0.251,0.408,-0.878,0.913,-0.16,0.375,-0.248,0.083,-0.965,0.977,0.027,-0.211,-0.755,0.108,-0.647,0.051,0.913,0.404,-0.845,-0.449,-0.29,rock
23.797192,0.039,0.757,0.653,-0.139,-0.633,-0.762,0.492,-0.739,-0.46,0.816,-0.395,0.422,-0.887,0.258,-0.382,0.952,-0.075,0.298,-0.973,-0.098,-0.208,0.868,-0.134,0.478,-0.747,0.089,-0.658,0.871,-0.087,0.484,-0.769,0.09,-0.633,0.143,0.828,0.541,-0.023,-0.746,-0.666,scissors
20.73739,-0.019,0.713,0.701,0.132,0.756,0.641,0.123,-0.913,-0.39,0.852,-0.391,0.347,0.816,-0.374,0.442,0.977,-0.045,0.207,0.922,-0.017,0.386,0.846,0.022,0.533,0.826,-0.178,0.535,0.837,0.049,0.545,0.779,-0.133,0.613,0.028,0.841,0.541,0.049,0.818,0.573,scissors
4.81232,-0.081,0.948,0.308,0.0,0.0,-1.0,0.753,-0.637,0.163,0.861,0.053,-0.506,-0.302,0.302,-0.905,0.735,0.232,0.637,-0.949,0.316,0.0,0.841,0.064,0.537,-0.667,0.333,-0.667,0.942,-0.062,0.33,-0.937,0.312,0.156,0.888,0.094,0.449,-0.862,0.123,-0.492,paper
25.893656,-0.039,0.684,0.728,-0.047,-0.612,-0.789,0.627,-0.602,-0.494,0.872,-0.387,0.301,-0.888,0.326,-0.326,0.985,-0.031,0.169,-0.988,-0.033,-0.154,0.849,0.04,0.526,-0.79,0.022,-0.612,0.839,0.083,0.537,-0.801,0.0,-0.598,-0.001,0.854,0.52,-0.0,-0.807,-0.591,scissors
35.452063,0.526,-0.351,0.775,0.97,-0.0,0.243,-0.358,0.177,-0.917,0.438,0.026,0.898,0.572,-0.667,-0.477,-0.621,0.178,0.764,-0.71,0.474,0.521,0.121,0.984,0.128,-0.754,0.377,-0.538,-0.16,0.966,-0.205,-0.802,0.566,-0.189,-0.647,-0.033,0.762,-0.816,-0.082,0.572,none
18.152696,0.098,0.967,0.234,0.984,0.026,0.177,0.257,-0.943,0.211,0.693,-0.718,-0.062,0.181,0.258,0.949,0.905,-0.342,0.253,-0.42,0.148,0.895,0.908,-0.382,0.174,-0.294,-0.153,0.943,0.935,-0.054,0.35,-0.35,0.087,0.933,0.743,0.244,0.624,-0.18,-0.595,0.783,none
55.453043,0.681,-0.602,0.417,0.975,-0.209,-0.07,-0.627,0.415,-0.659,-0.063,-0.427,0.902,0.763,-0.646,-0.029,-0.678,-0.708,0.199,-0.054,-0.457,0.888,-0.702,-0.678,0.217,0.217,-0.507,0.834,-0.769,-0.62,0.155,-0.147,-0.662,0.735,-0.732,-0.565,0.381,-0.599,-0.798,-0.067,none
11.557144,-0.164,0.798,0.58,0.187,-0.716,-0.673,0.804,-0.335,-0.492,0.74,-0.566,0.364,-0.755,0.585,-0.297,0.951,-0.241,0.192,-0.969,0.232,-0.083,0.941,0.01,0.337,-0.922,-0.043,-0.384,0.939,0.038,0.341,-0.921,-0.06,-0.384,0.133,0.913,0.386,-0.068,-0.924,-0.376,scissors
0.536393,-0.159,0.744,0.649,-0.451,0.631,0.631,0.785,-0.546,-0.293,0.761,-0.563,0.322,0.468,-0.749,-0.468,0.972,-0.193,0.136,0.745,-0.596,-0.298,0.906,0.054,0.42,0.87,0.483,0.097,0.913,0.075,0.402,0.426,0.681,0.596,0.052,0.899,0.434,-0.523,0.822,-0.224,scissors
29.22639,0.508,-0.015,0.861,-0.1,0.796,0.597,-0.554,-0.243,-0.796,0.503,0.632,0.59,0.308,-0.923,-0.231,0.043,0.674,0.737,0.784,-0.588,-0.196,0.255,0.68,0.687,0.615,0.492,-0.615,0.106,0.908,0.405,0.309,0.928,-0.206,-0.349,-0.132,0.928,-0.743,0.371,0.557,none
29.13933,0.523,-0.018,0.852,0.248,0.744,0.62,-0.557,-0.27,-0.786,0.487,0.632,0.603,0.857,-0.286,-0.429,0.027,0.67,0.742,0.436,0.218,0.873,0.246,0.677,0.693,0.7,0.7,0.14,0.097,0.905,0.414,0.095,0.953,0.286,-0.349,-0.144,0.926,-0.8,0.0,0.6,none
13.087344,-0.204,0.719,0.664,0.38,0.633,-0.675,0.784,-0.143,-0.604,0.789,-0.548,0.278,-0.628,-0.097,0.772,0.973,-0.207,0.106,-0.438,-0.199,0.877,0.917,0.094,0.389,0.136,-0.904,-0.407,0.906,0.121,0.406,0.0,-0.905,-0.426,0.037,0.927,0.373,0.976,-0.183,0.122,scissors
18.281127,0.141,0.989,-0.033,0.941,-0.111,0.321,0.247,-0.766,0.593,0.525,-0.842,0.124,0.689,0.36,0.629,0.726,-0.599,0.338,0.086,0.232,0.969,0.737,-0.66,0.144,0.136,-0.03,0.99,0.834,-0.344,0.431,0.311,0.146,0.939,0.886,-0.06,0.459,-0.329,-0.437,0.837,none
15.785718,-0.284,0.119,0.951,0.897,0.249,0.365,0.639,-0.048,-0.767,0.755,-0.016,-0.656,0.161,0.33,0.93,0.813,0.468,-0.346,-0.461,0.353,0.814,0.804,0.486,-0.342,-0.658,0.295,0.692,0.383,0.923,0.041,0.675,-0.085,0.733,-0.367,0.834,0.412,0.021,-0.351,0.936,none
12.643843,0.104,0.885,0.455,-0.0,-0.861,-0.509,0.025,-0.977,-0.214,0.647,-0.309,0.697,-0.601,0.401,-0.692,0.736,-0.204,0.645,-0.808,0.301,-0.507,0.799,-0.135,0.586,-0.749,0.274,-0.603,1.0,0.019,0.022,-0.983,0.161,-0.089,0.298,0.877,0.376,-0.32,-0.885,-0.339,rock
7.966888,-0.007,0.343,0.939,-0.543,-0.751,0.376,0.324,-0.369,-0.871,0.924,0.33,-0.193,0.959,0.233,-0.164,0.434,0.808,0.398,0.72,0.012,0.693,0.503,0.748,0.434,0.803,0.004,0.596,0.391,0.865,0.315,0.833,0.16,0.529,-0.198,0.709,0.677,0.663,0.003,-0.748,none
45.253502,-0.732,0.37,0.572,-0.753,-0.188,-0.631,0.869,-0.442,-0.223,0.473,-0.068,-0.879,-0.858,0.434,-0.275,0.77,0.43,-0.471,-0.672,0.262,-0.693,0.678,0.527,-0.512,-0.549,0.695,-0.464,0.511,0.818,-0.263,-0.524,0.751,-0.402,0.068,0.987,0.142,0.513,0.132,-0.848,none
9.60765,-0.182,0.833,0.522,-0.011,-0.746,-0.666,0.037,-0.923,-0.382,0.675,-0.624,0.393,-0.795,0.454,-0.403,0.921,-0.322,0.219,-0.973,0.106,-0.207,0.969,0.001,0.247,-0.865,0.081,-0.496,0.97,0.021,0.242,-0.869,0.085,-0.488,0.199,0.922,0.333,-0.074,-0.844,-0.531,scissors
36.878042,0.607,-0.312,0.731,0.882,0.149,0.446,-0.425,0.261,-0.867,0.687,0.425,0.589,0.942,-0.301,0.149,0.221,0.964,0.148,-0.981,0.036,-0.189,0.312,0.944,0.11,-0.927,0.051,-0.371,-0.076,0.988,-0.136,-0.851,0.513,0.117,-0.649,-0.18,0.739,-0.523,-0.042,0.851,none
23.23114,0.476,0.157,0.866,-0.941,-0.196,0.275,-0.413,-0.523,-0.746,0.915,0.306,0.262,-0.047,0.521,-0.852,0.335,0.526,0.782,-0.174,0.869,-0.463,0.299,0.164,0.94,-0.204,0.967,-0.153,0.172,0.613,0.771,-0.049,0.988,-0.148,-0.199,0.053,0.979,-0.505,0.781,-0.367,none
30.974086,0.371,-0.14,0.918,-0.985,0.123,-0.123,-0.344,-0.125,-0.931,0.582,0.25,0.774,0.198,0.923,-0.33,-0.563,0.033,0.826,0.537,0.119,0.835,-0.407,-0.152,0.901,0.709,-0.203,0.675,-0.403,0.044,0.914,0.942,0.209,0.262,-0.384,-0.088,0.919,0.065,0.523,-0.85,none
6.968777,-0.134,0.726,0.674,-0.079,0.743,0.664,0.359,-0.832,-0.423,0.792,-0.526,0.31,0.8,-0.533,0.276,0.976,-0.177,0.124,0.973,-0.18,0.144,0.911,0.061,0.409,0.898,0.018,0.44,0.903,0.078,0.422,0.861,0.045,0.507,0.032,0.906,0.422,-0.035,0.909,0.415,scissors
16.725249,0.087,0.763,0.641,0.707,0.707,0.0,0.381,-0.817,-0.433,0.784,-0.303,0.542,-0.196,0.0,-0.981,0.86,-0.132,0.492,-0.832,0.0,0.555,0.899,-0.17,0.403,-0.333,0.667,-0.667,0.984,0.013,-0.18,-0.784,0.588,-0.196,0.085,0.916,0.391,-0.802,0.267,-0.535,rock
25.327504,-0.057,0.728,0.684,-0.394,-0.626,0.673,0.622,-0.665,-0.412,0.828,-0.444,0.342,0.377,0.105,-0.92,0.973,-0.107,0.206,0.185,0.325,-0.927,0.884,-0.012,0.467,-0.111,0.957,0.267,0.875,0.042,0.482,-0.285,0.877,0.387,0.076,0.872,0.484,-0.968,0.158,-0.197,scissors
17.188189,-0.151,0.924,0.35,-0.114,-0.973,-0.2,0.81,-0.585,0.054,0.874,0.041,-0.485,-0.813,0.26,0.52,0.732,0.268,0.627,-0.877,-0.0,-0.481,0.824,0.104,0.557,-0.849,0.192,-0.493,0.919,0.015,0.393,-0.916,0.331,-0.229,0.846,0.161,0.509,-0.94,0.048,-0.337,paper
24.373319,0.03,0.719,0.694,-0.288,0.883,0.37,0.472,-0.773,-0.424,0.81,-0.347,0.473,0.45,-0.743,0.495,0.897,-0.153,0.416,0.631,-0.61,0.479,0.913,-0.226,0.341,0.606,-0.516,0.606,0.967,-0.032,-0.252,0.912,-0.384,0.144,0.018,0.941,0.339,0.144,0.984,-0.103,rock
12.597048,-0.159,0.957,0.241,0.233,0.749,-0.62,0.281,-0.934,0.222,0.803,0.027,-0.595,0.102,-0.534,-0.839,0.807,0.236,0.541,0.859,-0.51,-0.054,0.894,0.055,0.445,0.801,-0.594,-0.077,0.969,-0.056,0.242,0.563,-0.751,-0.344,0.915,0.162,0.37,0.769,-0.369,-0.523,paper
13.747161,-0.101,0.506,0.856,-0.707,-0.707,0.0,0.463,-0.586,-0.665,0.815,-0.554,-0.17,-0.347,0.52,-0.78,0.949,-0.28,-0.146,-0.722,0.619,-0.309,0.909,-0.234,-0.346,-0.537,0.716,-0.447,0.863,-0.04,-0.504,-0.8,0.582,-0.145,0.495,-0.08,0.865,-0.988,0.0,-0.152,none
3.66031,-0.134,0.757,0.64,0.196,-0.588,-0.784,0.791,-0.544,-0.281,0.757,-0.544,0.362,-0.514,0.514,-0.686,0.968,-0.19,0.162,-0.937,0.312,0.156,0.913,0.014,0.408,-0.97,-0.0,-0.243,0.914,0.036,0.403,-0.873,0.218,0.436,0.078,0.895,0.44,-0.857,-0.429,-0.286,scissors
5.499062,0.004,0.907,0.421,0.286,-0.429,-0.857,0.638,-0.701,-0.319,0.595,-0.385,0.705,-0.784,0.598,-0.165,0.71,-0.292,0.64,-0.94,0.333,0.078,0.754,-0.205,0.625,-0.789,0.607,-0.101,0.996,-0.06,0.068,-0.81,0.424,0.405,0.339,0.893,0.295,0.226,-0.973,-0.045,rock
10.685417,-0.065,-0.16,0.985,0.523,-0.628,-0.576,0.404,0.085,-0.911,0.779,0.577,0.246,0.922,-0.332,0.2,-0.347,0.726,0.594,-0.056,-0.522,0.851,-0.013,0.755,0.656,0.462,-0.538,0.705,0.146,0.57,-0.809,-0.931,0.355,0.086,-0.694,0.552,0.463,-0.747,-0.659,0.089,none
2.591548,0.001,-0.273,0.962,-0.832,-0.0,-0.555,0.179,0.165,-0.97,0.702,0.694,0.163,-0.367,0.367,-0.855,-0.138,0.898,0.417,-0.937,0.156,-0.312,-0.005,0.873,0.487,-0.625,0.469,-0.625,-0.107,0.958,0.268,-0.702,0.702,-0.117,-0.61,0.344,0.714,-0.847,0.376,-0.376,none
44.233071,-0.674,0.586,0.45,-0.76,0.627,0.169,0.815,-0.575,-0.074,0.4,0.309,-0.863,0.934,0.147,0.325,0.516,0.803,-0.297,0.507,0.092,0.857,0.403,0.915,-0.026,0.823,-0.189,0.536,0.663,0.699,-0.267,0.336,0.195,0.922,0.646,0.675,0.357,0.734,0.542,0.409,none
14.639132,-0.248,0.927,0.28,-0.079,-0.992,-0.101,-0.018,-0.974,0.227,0.817,0.131,-0.561,-0.724,0.196,0.662,0.764,0.347,0.544,-0.906,-0.02,-0.423,0.863,0.182,0.472,-0.892,0.186,-0.412,0.95,0.089,0.3,-0.93,0.307,-0.201,0.862,0.23,0.451,-0.953,0.009,-0.302,paper
17.351566,-0.355,0.443,0.823,0.816,-0.408,-0.408,0.792,-0.365,-0.49,0.8,-0.349,-0.488,-0.625,0.469,-0.625,0.932,0.33,-0.149,-0.98,0.14,0.14,0.89,0.446,-0.094,-0.87,0.348,-0.348,0.704,0.707,-0.071,-0.911,0.391,0.13,0.029,0.887,0.462,-0.93,-0.116,-0.349,none
24.36978,-0.183,0.753,0.632,0.563,0.671,-0.483,0.812,-0.534,-0.234,0.783,-0.545,0.3,-0.284,0.0,0.959,0.962,-0.217,0.163,-0.178,-0.089,0.98,0.93,0.032,0.367,0.164,-0.982,-0.098,0.921,0.095,0.377,0.209,-0.977,-0.035,0.098,0.924,0.369,0.891,-0.081,0.446,scissors
12.880559,0.092,0.871,0.483,-0.105,-0.822,-0.56,0.106,-0.976,-0.192,0.677,-0.307,0.669,-0.679,0.281,-0.679,0.763,-0.193,0.617,-0.825,0.168,-0.539,0.815,-0.148,0.56,-0.805,0.148,-0.575,1.0,0.008,-0.003,-0.999,0.016,-0.048,0.258,0.89,0.376,-0.284,-0.836,-0.468,rock
18.786779,0.075,0.77,0.633,0.905,0.302,0.302,0.467,-0.782,-0.413,0.777,-0.316,0.545,0.196,0.588,-0.784,0.859,-0.144,0.492,-0.426,0.64,0.64,0.894,-0.18,0.41,0.183,0.913,-0.365,0.984,0.002,-0.175,-0.442,0.885,-0.147,0.09,0.921,0.38,-0.986,0.164,-0.0,rock
6.616229,0.068,0.363,0.929,0.811,-0.546,-0.21,0.307,-0.456,-0.835,0.943,0.33,-0.047,0.152,-0.176,0.973,0.167,0.697,0.698,-0.315,-0.555,0.77,0.22,0.573,0.789,-0.226,-0.753,0.618,0.155,0.58,0.8,-0.321,-0.909,0.267,0.034,0.27,0.962,-0.469,-0.84,-0.272,none
15.147105,-0.157,0.973,0.168,0.092,-0.95,-0.299,0.159,-0.934,0.319,0.756,-0.006,-0.654,-0.798,0.008,0.602,0.862,0.209,0.462,-0.835,-0.181,-0.519,0.927,0.019,0.376,-0.866,0.015,-0.5,0.98,-0.079,0.182,-0.941,0.133,-0.311,0.937,0.148,0.317,-0.899,-0.11,-0.424,paper
17.741213,0.081,0.769,0.634,0.485,-0.728,-0.485,0.412,-0.789,-0.457,0.776,-0.313,0.547,-0.349,0.465,-0.814,0.857,-0.141,0.496,-0.832,0.555,-0.0,0.896,-0.173,0.41,-0.492,0.615,-0.615,0.984,0.009,-0.176,-0.829,0.552,-0.092,0.092,0.919,0.384,-0.855,-0.367,-0.367,rock
23.825339,0.001,0.73,0.684,0.587,0.342,-0.734,0.537,-0.693,-0.482,0.834,-0.405,0.375,-0.573,0.344,0.744,0.967,-0.069,0.247,-0.534,0.0,0.845,0.866,-0.064,0.496,-0.262,-0.942,-0.209,0.868,-0.037,0.495,-0.184,-0.981,-0.061,0.098,0.845,0.526,0.802,-0.535,0.267,scissors
35.081698,0.095,0.801,0.591,0.199,0.896,0.398,0.225,-0.941,-0.254,0.756,-0.293,0.586,0.0,-0.447,0.894,0.829,-0.139,0.542,-0.12,-0.241,0.963,0.876,-0.143,0.461,0.408,0.408,0.816,0.993,0.032,-0.111,0.174,0.696,0.696,0.149,0.899,0.413,-0.192,0.962,-0.192,rock
24.308707,-0.163,0.736,0.657,0.511,0.675,-0.532,0.69,-0.624,-0.367,0.803,-0.513,0.303,-0.323,-0.0,0.946,0.97,-0.181,0.165,-0.205,-0.164,0.965,0.916,0.034,0.4,0.109,-0.982,-0.153,0.906,0.099,0.412,0.14,-0.98,-0.14,0.078,0.913,0.401,0.928,-0.125,0.351,scissors
28.388806,-0.023,0.703,0.711,0.099,-0.99,0.099,0.526,-0.72,-0.454,0.86,-0.384,0.337,-0.08,0.477,-0.875,0.978,-0.036,0.207,-0.609,0.609,-0.508,0.852,-0.004,0.523,-0.693,0.693,0.198,0.842,0.05,0.538,-0.759,0.552,0.345,0.037,0.846,0.533,-0.933,-0.287,-0.215,scissors
1.162793,-0.149,0.755,0.639,0.64,0.426,0.64,0.81,-0.495,-0.315,0.754,-0.565,0.335,0.743,0.371,-0.557,0.968,-0.201,0.153,0.236,0.943,0.236,0.915,0.025,0.403,0.192,0.192,0.962,0.919,0.049,0.391,-0.212,0.212,0.954,0.072,0.899,0.433,-0.912,0.342,0.228,scissors
0.69972,-0.16,0.768,0.62,0.0,0.781,0.625,0.754,-0.565,-0.335,0.738,-0.585,0.337,0.371,-0.557,-0.743,0.961,-0.228,0.155,0.707,-0.707,0.0,0.922,0.031,0.385,0.857,0.286,0.429,0.929,0.053,0.366,0.248,0.62,0.744,0.091,0.906,0.413,-0.688,0.688,-0.229,scissors
4.051703,0.044,0.824,0.565,-0.408,0.816,0.408,0.547,-0.801,-0.244,0.712,-0.355,0.605,-0.324,-0.487,-0.811,0.811,-0.212,0.545,-0.832,-0.0,0.555,0.846,-0.205,0.491,-0.0,0.707,-0.707,0.995,-0.037,-0.088,-0.667,0.667,-0.333,0.18,0.925,0.336,-0.802,0.535,-0.267,rock
28.38673,-0.027,0.701,0.713,0.577,0.577,0.577,0.527,-0.698,-0.486,0.855,-0.395,0.335,-0.302,0.302,-0.905,0.978,-0.049,0.202,-0.832,0.0,0.555,0.857,-0.002,0.515,-0.447,-0.0,-0.894,0.847,0.05,0.53,-0.743,0.371,0.557,0.042,0.852,0.522,-0.87,0.348,-0.348,scissors
2.958183,0.037,0.813,0.581,0.927,0.265,0.265,0.506,-0.797,-0.33,0.727,-0.357,0.586,0.514,-0.0,-0.857,0.825,-0.205,0.527,0.577,0.577,0.577,0.857,-0.21,0.471,0.557,0.371,-0.743,0.993,-0.038,-0.108,-0.333,0.667,-0.667,0.153,0.927,0.342,-0.93,0.349,-0.116,rock
25.807865,0.481,0.562,0.673,-0.973,0.059,0.221,-0.341,-0.818,-0.464,0.982,-0.081,0.171,-0.025,0.761,-0.649,0.445,0.158,0.882,0.132,0.785,-0.605,0.556,-0.036,0.83,0.367,0.869,-0.331,0.487,0.333,0.807,0.243,0.773,-0.586,0.24,-0.32,0.917,-0.163,0.976,-0.148,none
11.705372,-0.164,-0.272,0.948,-0.408,-0.816,-0.408,0.55,0.214,-0.807,0.841,0.045,-0.539,-0.302,-0.302,-0.905,-0.522,0.712,0.469,0.768,-0.384,-0.512,-0.463,0.609,0.645,-0.962,0.192,-0.192,-0.349,0.624,0.699,-0.886,0.443,0.133,-0.875,0.424,0.233,-0.707,0.707,0.0,none
42.705031,-0.598,0.652,0.466,-0.492,0.787,-0.374,0.746,-0.656,-0.117,0.541,-0.408,-0.735,0.995,0.003,0.102,0.891,0.208,-0.404,0.607,-0.372,0.702,0.818,0.557,-0.145,-0.483,0.039,-0.875,0.681,0.692,-0.239,-0.763,0.065,-0.643,0.474,0.806,0.354,0.901,0.263,-0.345,none
25.326994,-0.135,0.743,0.656,-0.457,-0.648,0.61,0.69,-0.65,-0.317,0.806,-0.498,0.32,0.315,0.088,-0.945,0.969,-0.166,0.183,0.133,0.285,-0.949,0.91,0.018,0.414,-0.129,0.974,0.184,0.898,0.086,0.432,-0.26,0.919,0.295,0.085,0.903,0.422,-0.952,0.15,-0.267,scissors
6.520745,0.087,0.802,0.591,-0.554,-0.831,0.055,0.63,-0.626,-0.46,0.745,-0.32,0.586,-0.258,-0.155,-0.954,0.828,-0.167,0.535,-0.35,-0.087,-0.933,0.871,-0.17,0.462,-0.455,-0.321,-0.83,0.993,0.006,-0.122,-0.8,-0.32,-0.507,0.149,0.913,0.379,-0.681,-0.328,-0.655,rock
5.498866,-0.055,0.852,0.52,-0.079,0.315,0.946,0.689,-0.658,-0.305,0.672,-0.555,0.49,0.923,-0.385,-0.0,0.911,-0.254,0.326,0.98,0.089,0.178,0.938,-0.151,0.312,0.807,0.073,0.587,0.946,-0.133,0.296,0.465,0.199,0.863,0.256,0.854,0.452,-0.439,0.816,0.376,scissors
18.786522,0.085,0.766,0.637,0.707,0.707,-0.0,0.459,-0.775,-0.435,0.778,-0.312,0.545,-0.0,0.555,-0.832,0.859,-0.14,0.493,-0.557,0.371,0.743,0.897,-0.175,0.406,0.0,0.97,-0.243,0.984,0.007,-0.18,-0.447,0.894,-0.0,0.087,0.92,0.383,-0.986,0.164,-0.0,rock
6.162944,-0.07,0.949,0.309,0.267,0.802,-0.535,0.715,-0.686,0.136,0.861,0.038,-0.508,0.183,-0.365,-0.913,0.729,0.226,0.646,0.183,-0.365,0.913,0.839,0.055,0.542,0.816,-0.408,0.408,0.938,-0.08,0.336,-0.588,0.196,0.784,0.888,0.071,0.454,-0.894,0.447,-0.0,paper
1.933156,0.05,0.791,0.61,0.207,0.83,-0.518,0.5,-0.785,-0.365,0.752,-0.345,0.562,-0.408,-0.816,0.408,0.845,-0.176,0.506,-0.429,-0.286,0.857,0.881,-0.187,0.434,-0.236,0.236,0.943,0.989,-0.006,-0.145,-0.183,0.365,0.913,0.112,0.917,0.382,0.0,0.8,-0.6,rock
7.624267,0.017,0.634,0.773,0.979,0.206,0.0,0.289,-0.786,-0.546,0.96,-0.038,-0.278,0.435,-0.741,0.511,0.597,0.507,0.622,-0.111,-0.517,0.849,0.644,0.437,0.628,0.0,-0.656,0.755,0.531,0.574,0.623,-0.109,-0.586,0.803,0.312,0.306,0.899,0.079,-0.813,0.577,none
33.506368,0.108,0.81,0.576,-0.1,-0.995,0.0,0.247,-0.929,-0.274,0.745,-0.292,0.6,-0.133,0.333,-0.933,0.818,-0.144,0.557,-0.545,0.545,-0.636,0.867,-0.14,0.478,-0.302,0.302,-0.905,0.995,0.031,-0.091,-0.837,0.386,-0.386,0.166,0.895,0.414,-0.874,-0.404,-0.269,rock
8.051043,0.017,0.805,0.594,-0.056,-0.805,-0.59,0.627,-0.495,-0.601,0.739,-0.372,0.562,-0.689,0.381,-0.617,0.841,-0.211,0.499,-0.84,0.246,-0.484,0.864,-0.233,0.446,-0.811,0.243,-0.532,0.988,-0.055,-0.144,-0.995,0.098,0.009,0.125,0.939,0.32,-0.182,-0.92,-0.346,rock
30.672529,0.405,-0.125,0.906,0.0,0.287,-0.958,-0.432,-0.139,-0.891,0.636,0.238,0.734,-0.871,-0.133,-0.473,-0.453,-0.017,0.891,0.134,0.406,-0.904,-0.352,-0.296,0.888,-0.194,0.5,-0.844,-0.427,-0.055,0.902,-0.557,0.158,-0.815,-0.431,-0.098,0.897,-0.69,-0.106,-0.716,none
17.688558,-0.172,0.753,0.635,0.394,0.919,-0.022,0.862,-0.328,-0.385,0.773,-0.548,0.319,0.268,-0.341,0.901,0.959,-0.224,0.174,0.41,-0.205,0.889,0.931,0.029,0.365,0.641,-0.755,0.137,0.922,0.066,0.38,0.668,-0.717,0.198,0.099,0.918,0.383,0.65,0.525,0.55,scissors
13.688242,0.018,0.953,0.302,0.796,0.428,-0.428,-0.457,-0.886,-0.077,0.875,-0.103,-0.472,0.426,-0.669,-0.609,0.744,0.107,0.66,0.408,-0.816,0.408,0.814,-0.072,0.577,0.402,-0.884,0.241,0.899,-0.169,0.404,0.116,-0.93,0.349,0.878,-0.029,0.478,0.199,-0.896,-0.398,paper
19.20704,-0.115,0.765,0.634,-0.374,-0.299,0.878,0.754,-0.583,-0.302,0.78,-0.513,0.358,0.68,-0.051,-0.731,0.957,-0.191,0.219,0.578,0.253,-0.776,0.919,-0.016,0.394,0.208,0.849,0.485,0.912,0.037,0.408,0.113,0.793,0.599,0.117,0.895,0.43,-0.891,0.454,-0.016,scissors
38.139454,0.079,0.815,0.574,-0.229,-0.688,-0.688,0.177,-0.948,-0.265,0.741,-0.316,0.593,-0.424,0.318,-0.848,0.823,-0.163,0.544,-0.927,0.265,-0.265,0.863,-0.166,0.478,-0.598,0.359,-0.717,0.995,0.006,-0.1,-0.925,0.37,-0.092,0.17,0.907,0.385,-0.808,-0.303,-0.505,rock
17.561347,-0.276,0.511,0.814,0.653,-0.725,0.218,0.753,-0.411,-0.514,0.836,-0.388,-0.387,0.295,0.896,0.331,0.958,0.281,-0.064,-0.466,0.625,0.625,0.92,0.392,-0.014,-0.693,0.409,0.593,0.748,0.663,-0.016,-0.625,0.309,0.717,0.065,0.844,0.533,-0.801,-0.474,0.365,none
20.476001,0.287,0.717,0.635,-0.721,0.495,0.484,-0.155,-0.959,-0.239,0.899,-0.425,0.108,-0.052,-0.38,-0.924,0.872,0.012,0.489,0.485,-0.121,-0.866,0.887,-0.086,0.455,0.599,0.334,-0.728,0.876,0.483,0.002,-0.236,-0.575,-0.783,0.381,0.36,0.852,-0.125,0.989,-0.075,none
26.448067,0.055,0.838,0.544,0.127,-0.887,-0.444,-0.359,-0.899,-0.25,0.711,-0.339,0.616,-0.476,0.476,-0.74,0.804,-0.198,0.561,-0.796,0.455,-0.398,0.843,-0.186,0.505,-0.606,0.441,-0.662,0.997,-0.019,-0.073,-0.928,0.342,-0.147,0.2,0.915,0.35,-0.62,-0.732,-0.282,rock
19.226866,-0.024,0.741,0.671,-0.431,0.269,0.861,0.628,-0.678,-0.382,0.821,-0.424,0.383,0.711,-0.4,-0.578,0.965,-0.091,0.245,0.805,-0.054,-0.591,0.87,-0.03,0.493,0.628,0.676,0.386,0.866,-0.0,0.5,0.27,0.765,0.585,0.086,0.847,0.524,-0.687,0.725,-0.038,scissors
47.293741,0.238,-0.328,0.914,-0.621,-0.774,-0.126,-0.073,0.153,-0.985,0.419,0.705,0.572,-0.844,0.395,-0.364,-0.77,0.507,0.387,-0.423,0.025,-0.906,-0.7,0.43,0.57,-0.501,0.255,-0.827,-0.672,0.383,0.634,-0.541,0.429,-0.723,-0.438,0.073,0.896,-0.71,0.586,-0.39,none
33.504649,0.475,-0.099,0.874,-0.0,0.0,-1.0,-0.384,-0.161,-0.909,0.51,0.2,0.836,-0.136,-0.272,-0.953,-0.69,0.052,0.722,0.514,-0.686,-0.514,-0.281,0.154,0.947,-0.62,0.744,-0.248,0.097,0.992,0.076,-0.992,-0.09,-0.09,-0.26,0.147,0.954,-0.429,-0.857,-0.286,none
24.307544,-0.145,0.734,0.663,0.425,0.753,-0.502,0.69,-0.624,-0.367,0.813,-0.498,0.303,-0.289,-0.067,0.955,0.973,-0.16,0.164,-0.158,-0.197,0.968,0.906,0.042,0.421,0.166,-0.975,-0.145,0.896,0.101,0.431,0.198,-0.968,-0.154,0.066,0.907,0.417,0.942,-0.071,0.33,scissors
13.597352,-0.267,0.73,0.629,0.36,0.8,-0.48,0.863,-0.091,-0.497,0.751,-0.607,0.258,-0.351,-0.251,0.902,0.956,-0.278,0.091,-0.166,-0.249,0.954,0.941,0.107,0.321,0.344,-0.903,-0.258,0.931,0.141,0.337,0.342,-0.912,-0.228,0.065,0.951,0.303,0.94,0.176,0.294,scissors
7.033412,0.041,0.808,0.588,0.309,0.928,-0.206,0.621,-0.572,-0.535,0.739,-0.348,0.577,0.316,0.0,0.949,0.831,-0.191,0.522,-0.11,-0.11,0.988,0.866,-0.2,0.458,0.298,0.596,0.745,0.992,-0.023,-0.126,0.267,0.802,0.535,0.145,0.926,0.349,-0.0,0.981,0.196,rock
45.762214,-0.713,0.342,0.612,0.301,0.264,0.916,0.819,-0.476,-0.321,0.467,0.527,-0.71,-0.543,-0.504,-0.672,0.155,0.984,-0.09,-0.883,-0.21,0.42,0.102,0.993,0.062,-0.787,0.131,0.603,0.318,0.944,0.093,-0.963,0.08,0.257,0.121,0.986,0.117,-0.497,0.022,0.867,none
14.680994,0.057,0.741,0.669,0.577,-0.577,-0.577,0.432,-0.764,-0.478,0.794,-0.331,0.511,-0.349,0.465,-0.814,0.878,-0.147,0.456,-0.868,0.496,-0.0,0.905,-0.201,0.374,-0.492,0.615,-0.615,0.977,-0.013,-0.214,-0.786,0.612,-0.087,0.051,0.93,0.365,-0.873,-0.436,-0.218,rock
17.700776,0.103,0.927,0.362,-0.262,-0.964,0.052,0.589,-0.705,-0.395,0.89,-0.167,-0.423,-0.521,0.592,0.615,0.749,0.049,0.661,-0.88,0.319,-0.352,0.777,-0.107,0.621,-0.77,0.534,-0.349,0.862,-0.196,0.467,-0.769,0.619,-0.16,0.85,-0.081,0.521,-0.927,0.332,-0.176,paper
17.166756,-0.052,0.736,0.675,-0.242,0.04,0.969,0.723,-0.35,-0.596,0.818,-0.448,0.36,0.808,-0.176,-0.562,0.97,-0.113,0.214,0.794,0.167,-0.585,0.884,-0.014,0.468,0.485,0.672,0.56,0.878,0.012,0.479,0.24,0.651,0.72,0.075,0.866,0.495,-0.765,0.637,0.096,scissors
39.654346,0.531,0.122,0.839,0.487,0.324,-0.811,-0.366,-0.374,-0.852,0.961,0.207,-0.186,-0.145,0.723,0.675,0.839,0.531,-0.12,-0.465,0.349,0.814,0.786,0.602,-0.138,-0.412,0.274,0.869,0.569,0.69,-0.447,-0.314,0.588,0.745,0.371,-0.614,0.697,-0.0,-0.212,-0.977,none
11.794934,-0.062,0.952,0.301,0.444,0.888,-0.118,0.055,-0.988,0.144,0.875,-0.002,-0.484,0.425,-0.482,-0.766,0.736,0.196,0.648,0.857,-0.396,0.33,0.825,0.027,0.564,0.826,-0.54,0.159,0.923,-0.097,0.373,0.723,-0.687,0.072,0.88,0.046,0.473,0.907,-0.384,-0.174,paper
2.609532,-0.124,0.952,0.281,0.078,-0.778,0.623,0.765,-0.631,0.129,0.841,0.091,-0.533,0.085,0.513,0.854,0.752,0.27,0.601,-0.881,0.235,0.411,0.871,0.096,0.482,-0.808,0.559,0.186,0.965,-0.024,0.262,-0.717,0.493,0.493,0.897,0.195,0.396,-0.936,0.0,0.351,paper
6.449464,-0.074,0.953,0.295,0.089,0.891,0.445,0.686,-0.722,0.09,0.859,0.035,-0.51,0.725,0.198,-0.659,0.743,0.22,0.632,0.484,0.277,0.83,0.844,0.055,0.533,0.686,0.374,0.624,0.946,-0.091,0.311,0.647,0.404,0.647,0.9,0.081,0.429,0.704,0.503,0.503,paper
41.77684,-0.45,0.733,0.51,-0.153,0.967,-0.202,0.619,-0.779,-0.101,0.759,-0.229,-0.61,-0.108,-0.906,-0.41,0.92,0.392,0.018,0.77,-0.613,-0.181,0.921,0.39,0.03,0.73,-0.644,-0.228,0.801,0.579,-0.155,0.851,-0.497,0.17,0.601,0.501,0.622,0.976,0.063,-0.207,none
12.724957,-0.166,-0.216,0.962,0.834,-0.534,0.142,0.542,0.212,-0.813,0.085,0.829,0.553,-0.897,-0.288,-0.336,-0.163,0.827,0.538,-0.264,-0.274,0.925,0.132,0.779,0.613,0.098,-0.616,0.782,0.117,0.876,0.468,0.607,-0.468,0.643,-0.536,0.775,0.334,-0.613,-0.199,0.765,none
5.499562,0.05,0.915,0.4,0.437,-0.437,-0.786,0.693,-0.649,-0.314,0.593,-0.36,0.72,-0.707,0.589,-0.393,0.699,-0.28,0.658,-0.922,0.384,-0.038,0.74,-0.189,0.645,-0.745,0.588,-0.314,0.993,-0.054,0.101,-0.859,0.465,0.215,0.355,0.884,0.304,-0.186,-0.978,-0.093,rock
21.391928,0.335,-0.49,0.804,-0.973,-0.112,-0.2,-0.169,0.276,-0.946,0.608,0.789,0.084,-0.514,-0.0,-0.857,-0.097,0.931,0.351,0.214,0.142,-0.966,-0.06,0.804,0.591,0.259,0.343,-0.903,-0.177,0.973,-0.145,-0.232,-0.359,-0.904,-0.706,-0.016,0.708,-0.175,0.549,-0.817,none
9.465912,0.009,0.94,0.341,0.108,0.755,-0.647,0.417,-0.905,0.081,0.89,-0.039,-0.454,0.105,-0.314,-0.943,0.71,0.155,0.687,0.707,-0.707,0.0,0.794,-0.002,0.608,0.686,-0.514,-0.514,0.899,-0.128,0.418,-0.0,-0.894,-0.447,0.863,-0.011,0.504,0.312,-0.156,-0.937,paper
5.062444,0.05,0.922,0.384,0.383,-0.574,-0.723,0.616,-0.722,-0.315,0.581,-0.37,0.724,-0.651,0.69,-0.316,0.69,-0.289,0.663,-0.873,0.485,-0.058,0.737,-0.187,0.65,-0.714,0.634,-0.297,0.994,-0.046,0.101,-0.842,0.497,0.21,0.379,0.876,0.298,0.0,-1.0,0.022,rock
5.437281,-0.091,0.945,0.313,-0.408,0.408,0.816,0.713,-0.696,0.083,0.865,0.05,-0.499,0.485,0.485,-0.728,0.724,0.236,0.648,-0.696,0.174,0.696,0.832,0.074,0.549,-0.707,0.707,0.0,0.937,-0.051,0.345,-0.615,0.492,0.615,0.881,0.093,0.465,-0.986,0.164,0.0,paper
7.992158,-0.089,0.842,0.532,-0.033,0.696,0.718,-0.193,-0.842,-0.503,0.702,-0.552,0.449,0.848,-0.448,0.283,0.931,-0.241,0.274,0.987,-0.059,0.153,0.941,-0.094,0.326,0.847,0.0,0.531,0.945,-0.071,0.321,0.797,0.034,0.603,0.205,0.88,0.429,-0.113,0.868,0.484,scissors
54.43247,0.72,-0.594,0.359,0.218,-0.873,-0.436,-0.682,0.416,-0.601,0.246,0.627,0.74,-0.873,0.069,-0.483,-0.766,-0.511,0.39,-0.516,0.393,-0.761,-0.583,-0.765,0.274,-0.422,0.241,-0.874,-0.646,-0.735,0.208,-0.972,0.13,-0.194,-0.714,-0.596,0.367,-0.605,0.173,-0.777,none
7.541828,0.017,0.78,0.626,-0.049,-0.873,-0.485,0.646,-0.561,-0.517,0.764,-0.356,0.537,-0.54,0.291,-0.79,0.858,-0.184,0.48,-0.802,0.267,-0.535,0.884,-0.221,0.413,-0.69,0.216,-0.69,0.983,-0.039,-0.178,-0.975,0.156,-0.156,0.088,0.936,0.342,-0.51,-0.722,-0.467,rock
33.039012,0.065,0.851,0.52,-0.692,-0.346,0.634,0.21,-0.935,-0.285,0.695,-0.341,0.634,0.223,-0.391,-0.893,0.784,-0.205,0.586,0.248,-0.331,-0.91,0.83,-0.168,0.532,0.069,-0.553,-0.83,0.999,-0.001,-0.05,-0.445,-0.371,-0.815,0.261,0.897,0.356,-0.81,0.315,-0.495,rock
26.925123,0.057,0.844,0.533,-0.12,-0.963,-0.241,-0.311,-0.91,-0.276,0.701,-0.335,0.629,-0.308,0.231,-0.923,0.792,-0.202,0.576,-0.697,0.398,-0.597,0.836,-0.181,0.518,-0.432,0.259,-0.864,0.998,-0.014,-0.057,-0.882,0.294,-0.368,0.217,0.91,0.353,-0.815,-0.371,-0.445,rock
2.50766,0.06,0.818,0.572,0.832,-0.555,-0.0,0.506,-0.782,-0.364,0.727,-0.35,0.591,0.0,0.707,-0.707,0.822,-0.197,0.534,-0.514,0.514,0.686,0.859,-0.194,0.474,-0.0,0.97,-0.243,0.994,-0.023,-0.102,-0.625,0.781,0.0,0.156,0.92,0.359,-0.943,-0.236,-0.236,rock
15.148983,-0.126,0.972,0.2,0.08,-0.961,-0.263,0.389,-0.853,0.347,0.778,-0.044,-0.627,-0.793,0.047,0.607,0.85,0.171,0.498,-0.858,-0.156,-0.49,0.912,-0.017,0.41,-0.875,0.044,-0.481,0.968,-0.112,0.224,-0.946,0.161,-0.28,0.932,0.116,0.344,-0.913,-0.084,-0.399,paper
21.822287,0.023,0.766,0.643,0.079,-0.771,-0.632,0.536,-0.692,-0.483,0.788,-0.347,0.509,-0.68,0.493,-0.542,0.877,-0.164,0.451,-0.857,0.345,-0.384,0.899,-0.223,0.377,-0.794,0.373,-0.48,0.976,-0.036,-0.214,-0.973,0.222,0.058,0.044,0.939,0.341,-0.129,-0.965,-0.229,rock
36.101935,0.079,0.835,0.544,0.423,0.72,-0.55,0.168,-0.949,-0.266,0.708,-0.341,0.619,-0.392,0.087,0.916,0.796,-0.204,0.569,-0.372,-0.169,0.913,0.836,-0.179,0.519,-0.154,0.347,0.925,0.998,-0.013,-0.054,0.149,0.335,0.93,0.218,0.907,0.36,0.962,0.192,0.192,rock
36.611427,0.104,0.816,0.568,-0.802,0.267,0.535,0.16,-0.96,-0.228,0.741,-0.3,0.601,0.147,-0.442,-0.885,0.818,-0.152,0.554,-0.577,-0.577,-0.577,0.867,-0.145,0.477,0.0,-0.243,-0.97,0.995,0.028,-0.098,-0.8,0.0,-0.6,0.176,0.899,0.402,-0.781,0.39,-0.488,rock
35.083235,0.098,0.827,0.554,0.156,-0.937,0.312,0.227,-0.936,-0.268,0.735,-0.29,0.614,-0.085,0.341,-0.936,0.808,-0.153,0.57,-0.53,0.662,-0.53,0.856,-0.141,0.498,-0.199,0.398,-0.896,0.997,0.026,-0.066,-0.755,0.42,-0.504,0.188,0.895,0.404,-0.943,-0.236,-0.236,rock
1.577224,-0.007,-0.245,0.97,0.365,-0.913,-0.183,0.212,0.135,-0.968,0.716,0.683,0.141,-0.688,0.688,-0.229,-0.118,0.906,0.407,-0.963,0.12,0.241,0.014,0.877,0.481,-0.928,0.371,-0.0,-0.087,0.956,0.279,-0.943,0.314,0.105,-0.58,0.376,0.723,-0.949,-0.0,-0.316,none
49.331848,0.739,0.075,0.669,0.637,-0.765,-0.096,-0.668,-0.33,-0.668,0.591,0.187,0.785,-0.316,-0.035,0.948,-0.534,0.116,0.837,-0.613,-0.466,0.638,-0.395,0.009,0.919,-0.38,-0.675,0.633,-0.343,-0.148,0.928,-0.249,-0.685,0.685,-0.033,-0.818,0.574,-0.942,-0.088,-0.324,none
16.679529,-0.118,0.95,0.289,0.688,-0.688,-0.229,0.821,-0.57,0.024,0.841,-0.012,-0.54,-0.0,0.0,-1.0,0.786,0.206,0.583,-0.949,0.0,0.316,0.863,0.031,0.504,-0.943,0.236,-0.236,0.941,-0.061,0.332,-0.912,0.342,0.228,0.887,0.119,0.446,-0.981,-0.0,-0.196,paper
18.208642,-0.047,0.96,0.276,0.48,0.251,-0.84,0.806,-0.536,-0.251,0.848,-0.121,-0.516,-0.402,-0.839,-0.368,0.8,0.121,0.588,0.341,-0.841,-0.42,0.855,-0.058,0.515,0.127,-0.865,-0.485,0.927,-0.138,0.349,-0.07,-0.854,-0.515,0.898,0.054,0.437,0.278,-0.625,-0.729,paper
7.541162,0.058,0.825,0.563,-0.108,0.97,-0.216,0.597,-0.582,-0.552,0.725,-0.342,0.598,-0.577,-0.577,0.577,0.817,-0.198,0.542,-0.318,-0.424,0.848,0.854,-0.196,0.482,-0.196,0.0,0.981,0.995,-0.025,-0.099,0.0,0.371,0.928,0.169,0.922,0.348,0.0,0.857,-0.514,rock
26.404034,0.075,0.786,0.614,0.155,0.699,0.699,0.722,-0.474,-0.504,0.786,-0.394,0.476,0.933,-0.272,0.233,0.929,-0.095,0.357,0.946,0.079,0.315,0.864,-0.206,0.46,0.775,-0.074,0.627,0.874,-0.15,0.463,0.633,0.035,0.773,0.207,0.81,0.549,-0.204,0.815,0.543,scissors
15.659175,-0.173,0.948,0.268,-0.01,-0.979,-0.204,0.65,-0.707,0.279,0.815,0.042,-0.579,-0.772,0.157,0.616,0.802,0.261,0.538,-0.879,-0.05,-0.475,0.885,0.083,0.458,-0.87,0.15,-0.47,0.96,-0.009,0.281,-0.93,0.255,-0.264,0.894,0.17,0.415,-0.931,-0.0,-0.365,paper
3.093542,-0.011,-0.299,0.954,-0.598,0.359,0.717,0.16,0.154,-0.975,0.69,0.708,0.154,0.549,0.329,-0.768,-0.14,0.903,0.407,-0.267,0.802,0.535,-0.011,0.88,0.474,0.162,0.973,0.162,-0.112,0.961,0.251,-0.199,0.896,0.398,-0.622,0.35,0.701,-0.742,0.636,0.212,none
15.192477,0.066,0.745,0.664,0.0,-0.8,-0.6,0.425,-0.783,-0.455,0.798,-0.317,0.512,-0.424,0.318,-0.848,0.878,-0.133,0.46,-0.927,0.265,-0.265,0.91,-0.188,0.369,-0.598,0.359,-0.717,0.976,0.002,-0.22,-0.913,0.365,-0.183,0.047,0.924,0.379,-0.808,-0.303,-0.505,rock
30.292416,0.416,-0.007,0.909,-0.669,0.167,-0.724,-0.458,-0.23,-0.859,0.621,0.566,0.541,-0.603,-0.797,-0.037,-0.133,0.596,0.792,-0.587,0.155,-0.794,0.003,0.622,0.783,-0.759,0.128,-0.638,-0.047,0.852,0.522,-0.773,-0.113,-0.624,-0.39,-0.109,0.914,0.317,0.136,-0.939,none
13.619144,0.032,0.951,0.309,-0.498,0.052,0.865,-0.414,-0.907,-0.077,0.868,-0.107,-0.486,0.655,0.737,0.164,0.75,0.099,0.654,-0.276,0.728,0.628,0.81,-0.065,0.583,-0.027,0.759,0.651,0.896,-0.165,0.413,0.075,0.73,0.679,0.865,-0.031,0.5,-0.277,0.527,0.804,paper
7.032023,0.079,0.804,0.59,0.173,0.605,0.777,0.615,-0.577,-0.538,0.743,-0.312,0.592,1.0,-0.0,0.0,0.824,-0.164,0.542,0.62,0.248,0.744,0.869,-0.167,0.466,0.93,0.349,0.116,0.993,0.008,-0.117,0.598,0.717,-0.359,0.152,0.912,0.38,-0.594,0.763,0.254,rock
9.629587,-0.024,0.948,0.316,0.262,0.785,-0.561,0.487,-0.868,0.097,0.875,-0.024,-0.484,0.13,-0.52,-0.844,0.737,0.167,0.655,0.85,-0.526,-0.0,0.824,0.001,0.567,0.748,-0.636,-0.187,0.92,-0.124,0.372,0.585,-0.765,-0.27,0.879,0.028,0.475,0.757,-0.398,-0.518,paper
1.579792,-0.015,-0.268,0.963,0.894,-0.447,0.0,0.178,0.13,-0.975,0.702,0.698,0.142,-0.408,0.408,-0.816,-0.137,0.909,0.393,-0.885,0.147,0.442,-0.007,0.883,0.47,-0.802,0.535,0.267,-0.112,0.957,0.268,-0.768,0.512,0.384,-0.599,0.362,0.714,-0.97,-0.0,-0.243,none
17.798523,0.111,0.934,0.341,0.376,-0.27,-0.886,0.61,-0.66,-0.439,0.892,-0.208,-0.401,-0.811,-0.579,-0.083,0.728,0.016,0.685,-0.16,-0.706,-0.69,0.767,-0.152,0.623,-0.315,-0.614,-0.724,0.847,-0.241,0.473,-0.526,-0.526,-0.669,0.843,-0.107,0.528,-0.271,-0.436,-0.858,paper
27.460746,0.113,0.886,0.449,-0.676,0.737,0.0,-0.325,-0.909,-0.261,0.641,-0.311,0.702,-0.152,-0.988,0.0,0.727,-0.216,0.651,0.0,-0.956,0.294,0.785,-0.136,0.605,0.0,-0.857,0.514,0.999,0.012,0.05,0.318,-0.848,0.424,0.329,0.873,0.36,-0.0,0.707,-0.707,rock
14.764864,0.004,0.126,0.992,-0.949,0.314,-0.006,0.475,-0.178,-0.862,0.911,-0.08,-0.404,-0.07,-0.779,-0.623,0.914,0.345,-0.215,0.333,-0.634,-0.698,0.883,0.378,-0.28,0.232,-0.4,-0.887,0.43,0.898,0.097,-0.678,0.078,-0.731,-0.275,0.564,0.778,0.748,0.434,-0.502,none
0.867173,-0.147,0.739,0.658,-0.743,0.371,0.557,0.822,-0.486,-0.297,0.77,-0.55,0.322,0.228,-0.608,-0.76,0.974,-0.18,0.139,0.29,-0.677,-0.677,0.904,0.043,0.426,0.445,0.891,-0.089,0.904,0.075,0.421,0.156,0.937,0.312,0.044,0.895,0.445,-0.575,0.639,-0.511,scissors
45.762466,-0.702,0.424,0.572,0.645,-0.01,0.764,0.775,-0.564,-0.286,0.471,0.598,-0.648,0.64,-0.767,0.046,0.136,0.988,-0.074,-0.498,-0.391,0.774,0.125,0.989,0.08,-0.175,-0.456,0.873,0.351,0.921,0.169,-0.601,-0.447,0.663,0.389,0.904,0.179,-0.561,-0.02,0.828,none
12.642102,0.087,0.878,0.471,-0.073,-0.88,-0.469,-0.066,-0.99,-0.122,0.656,-0.323,0.682,-0.586,0.363,-0.725,0.748,-0.216,0.628,-0.761,0.273,-0.589,0.801,-0.157,0.577,-0.739,0.209,-0.641,1.0,-0.004,0.013,-0.988,0.096,-0.123,0.283,0.89,0.358,-0.34,-0.865,-0.369,rock
3.806638,-0.114,0.95,0.29,-0.614,0.383,0.69,0.757,-0.641,0.126,0.852,0.072,-0.519,0.564,0.776,-0.282,0.738,0.257,0.624,-0.137,0.824,0.549,0.846,0.09,0.526,0.218,0.873,0.436,0.949,-0.03,0.313,0.13,0.844,0.52,0.892,0.118,0.436,-0.074,0.892,0.446,paper
47.293609,0.211,-0.371,0.904,-0.69,-0.715,-0.116,0.016,0.095,-0.995,0.441,0.718,0.538,-0.771,0.613,-0.175,-0.764,0.54,0.353,-0.502,0.102,-0.859,-0.703,0.471,0.534,-0.568,0.272,-0.776,-0.676,0.43,0.599,-0.584,0.43,-0.689,-0.432,0.115,0.894,-0.717,0.586,-0.378,none
30.043204,0.414,-0.05,0.909,-0.362,0.362,-0.859,-0.506,-0.213,-0.835,0.521,0.665,0.535,-0.699,-0.699,-0.155,0.037,0.72,0.693,-0.523,-0.719,-0.458,0.233,0.726,0.647,-0.439,-0.816,-0.376,0.069,0.945,0.318,-0.537,-0.827,-0.165,-0.354,-0.023,0.935,0.209,0.262,-0.942,none
15.131275,-0.093,0.736,0.671,-0.288,0.518,0.806,0.725,-0.207,-0.657,0.813,-0.473,0.34,0.835,-0.418,-0.358,0.973,-0.133,0.188,0.974,-0.0,-0.225,0.891,0.018,0.454,0.743,0.473,0.473,0.884,0.032,0.466,0.495,0.495,0.715,0.065,0.88,0.47,-0.574,0.813,0.096,scissors
22.268807,0.025,0.787,0.617,-0.199,-0.974,0.111,-0.017,-0.916,-0.4,0.818,-0.403,0.409,-0.04,0.439,-0.898,0.959,-0.075,0.273,-0.383,0.447,-0.809,0.867,-0.082,0.491,-0.62,0.77,0.15,0.873,-0.057,0.484,-0.703,0.683,0.201,0.118,0.836,0.535,-0.885,-0.366,-0.289,scissors
6.628024,-0.073,0.951,0.299,0.0,0.91,0.414,0.715,-0.69,0.108,0.858,0.032,-0.513,0.778,0.078,-0.623,0.745,0.215,0.631,0.606,0.303,0.736,0.842,0.049,0.537,0.783,0.13,0.609,0.94,-0.081,0.33,0.793,0.047,0.607,0.892,0.082,0.445,0.793,0.226,0.566,paper
18.804795,-0.024,0.987,0.158,-0.24,0.556,0.796,0.9,-0.417,-0.129,0.768,-0.186,-0.613,0.896,0.382,-0.224,0.899,0.019,0.438,0.328,0.573,0.751,0.91,-0.159,0.383,0.549,0.405,0.731,0.949,-0.236,0.207,0.611,0.385,0.691,0.953,0.039,0.301,0.387,0.401,0.831,paper
0.161653,-0.109,0.945,0.309,0.796,0.597,0.1,0.797,-0.592,0.123,0.862,0.136,-0.488,0.889,-0.381,0.254,0.708,0.263,0.656,-0.156,-0.312,0.937,0.83,0.105,0.547,0.205,-0.41,0.889,0.964,-0.1,0.246,0.398,-0.199,0.896,0.856,-0.216,0.469,-0.579,-0.331,0.745,paper
10.601505,0.026,0.892,0.452,0.204,0.728,0.655,0.242,-0.952,-0.188,0.636,-0.367,0.678,0.83,-0.244,0.502,0.747,-0.266,0.61,0.87,-0.052,0.491,0.783,-0.212,0.584,0.918,-0.096,0.385,0.998,-0.064,0.019,0.982,0.098,-0.159,0.281,0.912,0.299,-0.044,0.902,0.429,rock
22.2747,0.202,0.275,0.94,0.656,-0.739,0.153,-0.065,-0.578,-0.813,0.988,0.146,-0.046,-0.266,0.868,0.42,0.588,0.62,0.519,-0.901,0.395,0.182,0.581,0.509,0.635,-0.872,0.392,0.294,0.446,0.88,0.166,-0.96,0.278,0.034,-0.128,0.394,0.91,-0.848,-0.518,0.11,none
7.624392,0.004,0.669,0.743,0.961,0.275,-0.034,0.321,-0.766,-0.557,0.961,0.009,-0.275,0.404,-0.786,0.468,0.57,0.538,0.621,-0.103,-0.583,0.806,0.625,0.462,0.63,0.018,-0.716,0.698,0.53,0.579,0.619,-0.102,-0.672,0.733,0.343,0.307,0.888,0.115,-0.808,0.577,none
42.703095,-0.546,0.699,0.462,-0.985,-0.123,0.123,0.733,-0.675,-0.085,0.58,-0.27,-0.769,-0.316,0.053,-0.947,0.922,0.316,-0.223,-0.205,0.102,-0.973,0.923,0.314,-0.224,-0.161,0.201,-0.966,0.835,0.429,-0.344,-0.339,0.194,-0.921,0.581,0.675,0.454,-0.183,0.976,-0.122,none
14.767033,0.081,0.744,0.664,-0.13,0.52,0.844,0.445,-0.767,-0.462,0.8,-0.306,0.517,0.907,-0.412,-0.082,0.876,-0.124,0.466,0.913,-0.183,0.365,0.909,-0.179,0.376,0.97,-0.243,-0.0,0.978,0.007,-0.207,0.796,0.1,-0.597,0.05,0.921,0.387,-0.555,0.832,-0.0,rock
4.628514,-0.116,0.761,0.638,0.203,-0.767,-0.609,0.796,-0.534,-0.285,0.762,-0.535,0.364,-0.645,0.645,-0.409,0.966,-0.188,0.177,-0.937,0.333,-0.104,0.912,0.009,0.41,-0.948,-0.023,-0.316,0.913,0.028,0.407,-0.976,-0.0,-0.217,0.086,0.889,0.449,-0.222,-0.908,-0.355,scissors
10.610616,0.044,0.864,0.502,0.118,0.808,0.578,0.014,-0.986,-0.165,0.67,-0.38,0.638,0.745,-0.317,0.587,0.781,-0.251,0.571,0.811,-0.156,0.564,0.82,-0.215,0.53,0.849,-0.142,0.508,0.997,-0.05,-0.053,0.999,0.04,-0.026,0.222,0.924,0.312,0.09,0.922,0.378,rock
24.368655,0.268,0.112,0.957,-0.03,0.97,0.242,-0.285,-0.441,-0.851,0.905,0.425,0.009,0.779,-0.561,-0.28,0.475,0.725,0.498,0.909,-0.267,0.321,0.451,0.577,0.681,0.907,-0.403,0.126,0.27,0.871,0.41,0.881,0.211,0.423,-0.289,0.319,0.903,0.804,0.384,0.454,none
27.571967,0.509,-0.096,0.855,-0.71,0.668,0.223,-0.543,-0.236,-0.806,0.546,0.601,0.584,0.939,-0.173,-0.297,0.02,0.624,0.781,0.939,-0.073,0.337,0.195,0.637,0.745,0.984,-0.125,0.125,0.026,0.879,0.476,0.94,0.16,0.3,-0.488,-0.085,0.869,-0.421,-0.228,0.878,none
12.218431,-0.172,-0.26,0.95,-0.647,-0.755,-0.108,0.554,0.198,-0.809,0.823,0.037,-0.568,-0.0,-0.336,-0.942,-0.515,0.727,0.454,-0.793,0.595,0.132,-0.424,0.632,0.648,-0.68,0.68,0.272,-0.325,0.645,0.692,-0.848,0.318,-0.424,-0.881,0.423,0.21,-0.545,-0.182,-0.818,none
14.171206,0.032,0.761,0.648,-0.877,-0.199,-0.438,0.413,-0.83,-0.374,0.774,-0.353,0.526,-0.613,-0.541,-0.577,0.867,-0.181,0.465,-0.558,-0.678,-0.478,0.888,-0.224,0.402,-0.718,-0.638,-0.279,0.982,-0.041,-0.185,-0.707,-0.707,0.039,0.08,0.938,0.336,-0.208,-0.104,-0.972,rock
46.782266,-0.416,0.266,0.87,-0.65,-0.755,0.088,0.604,-0.484,-0.633,0.612,0.716,-0.336,-0.504,0.83,0.24,-0.068,0.991,0.111,-0.53,0.293,-0.796,-0.003,0.961,0.278,-0.64,0.4,-0.656,0.067,0.925,0.375,-0.692,0.499,-0.523,0.249,0.678,0.692,-0.73,0.613,-0.303,none
7.624534,-0.026,0.71,0.703,0.937,0.336,-0.096,0.309,-0.805,-0.506,0.968,0.084,-0.238,-0.235,-0.966,-0.104,0.502,0.576,0.646,-0.268,-0.894,0.358,0.555,0.505,0.662,-0.322,-0.828,-0.46,0.518,0.585,0.624,-0.769,-0.633,0.09,0.41,0.318,0.855,0.053,-0.529,0.847,none
28.255224,0.52,-0.061,0.852,-0.174,-0.696,0.696,-0.551,-0.216,-0.806,0.478,0.514,0.712,0.28,0.953,-0.112,-0.073,0.564,0.822,-0.051,0.823,0.566,0.144,0.586,0.798,0.478,0.796,0.372,-0.003,0.827,0.562,0.231,0.879,0.416,-0.408,-0.134,0.903,-0.61,0.271,-0.745,none
22.267234,-0.021,0.758,0.651,-0.143,-0.859,0.491,0.058,-0.905,-0.421,0.807,-0.459,0.372,0.326,0.287,-0.901,0.964,-0.131,0.23,0.041,0.455,-0.889,0.896,-0.065,0.44,-0.258,0.872,0.416,0.899,-0.027,0.437,-0.394,0.788,0.473,0.118,0.873,0.473,-0.988,-0.019,-0.152,scissors
10.602418,0.033,0.88,0.475,0.169,0.697,0.697,0.162,-0.961,-0.222,0.646,-0.384,0.66,0.814,-0.292,0.501,0.758,-0.273,0.593,0.871,-0.103,0.48,0.792,-0.222,0.569,0.905,-0.143,0.401,0.998,-0.064,-0.001,0.988,0.049,-0.146,0.269,0.918,0.292,-0.02,0.923,0.385,rock
10.027002,-0.186,0.829,0.528,0.006,-0.699,-0.716,0.037,-0.923,-0.382,0.684,-0.618,0.388,-0.815,0.451,-0.364,0.924,-0.315,0.216,-0.981,0.091,-0.17,0.968,-0.022,0.25,-0.86,0.046,-0.508,0.968,0.018,0.249,-0.862,0.052,-0.504,0.198,0.921,0.335,-0.041,-0.852,-0.522,scissors
15.785587,-0.31,0.049,0.95,0.863,0.261,0.432,0.657,-0.005,-0.754,0.733,-0.023,-0.68,-0.467,0.4,0.789,0.823,0.392,-0.41,-0.897,0.394,0.197,0.797,0.373,-0.475,-0.957,0.212,0.197,0.224,0.962,0.157,0.65,-0.09,0.754,-0.441,0.828,0.346,-0.29,-0.203,0.935,none
6.458005,-0.1,0.775,0.623,-0.299,0.808,0.508,0.66,-0.697,-0.281,0.757,-0.515,0.402,0.619,-0.762,0.19,0.959,-0.174,0.225,0.895,-0.431,0.116,0.91,-0.029,0.413,0.977,0.095,0.189,0.913,-0.013,0.407,0.936,0.164,0.312,0.112,0.872,0.476,0.031,0.985,0.172,scissors
35.591706,0.074,0.823,0.563,-0.241,-0.843,0.482,0.157,-0.943,-0.294,0.727,-0.323,0.606,-0.208,0.138,-0.968,0.81,-0.18,0.558,-0.619,0.309,-0.722,0.854,-0.168,0.493,-0.408,0.163,-0.898,0.996,0.002,-0.084,-0.873,0.218,-0.436,0.198,0.906,0.375,-0.85,-0.261,-0.458,rock
18.188039,-0.217,0.774,0.595,0.282,0.907,0.313,0.89,-0.344,-0.298,0.751,-0.581,0.313,0.574,-0.395,0.717,0.951,-0.262,0.162,0.653,-0.098,0.751,0.942,0.047,0.333,0.79,-0.505,0.348,0.932,0.094,0.349,0.743,-0.473,0.473,0.112,0.931,0.347,0.309,0.722,0.619,scissors
19.207456,-0.066,0.753,0.655,-0.36,-0.274,0.892,0.637,-0.66,-0.399,0.81,-0.462,0.361,0.687,-0.1,-0.72,0.967,-0.131,0.22,0.594,0.216,-0.775,0.891,-0.003,0.455,0.245,0.856,0.454,0.88,0.042,0.473,0.162,0.808,0.566,0.084,0.87,0.486,-0.867,0.498,-0.032,scissors
45.253631,-0.742,0.328,0.585,-0.599,-0.599,-0.531,0.869,-0.442,-0.223,0.503,0.003,-0.864,-0.916,0.305,-0.262,0.734,0.534,-0.419,-0.581,0.137,-0.803,0.685,0.578,-0.445,-0.656,0.424,-0.625,0.539,0.775,-0.331,-0.671,0.524,-0.524,-0.089,0.996,0.01,0.372,0.035,-0.927,none
35.060366,0.498,-0.416,0.761,0.684,-0.456,-0.57,-0.389,0.218,-0.895,0.552,-0.023,0.834,-0.754,0.523,-0.398,-0.103,0.469,0.877,-0.324,0.31,-0.894,0.277,0.949,0.148,0.537,0.843,-0.028,-0.052,0.98,-0.194,0.108,0.922,-0.373,-0.691,0.001,0.723,0.64,0.213,-0.738,none
3.283452,-0.14,0.749,0.648,0.555,0.0,0.832,0.759,-0.572,-0.312,0.764,-0.543,0.348,0.588,0.196,-0.784,0.973,-0.184,0.141,-0.316,0.949,0.0,0.909,0.029,0.415,0.0,0.316,0.949,0.909,0.055,0.413,-0.318,0.424,0.848,0.059,0.898,0.435,-0.963,0.241,0.12,scissors
12.131565,-0.007,0.831,0.556,-0.02,-0.873,-0.487,-0.183,-0.954,-0.238,0.707,-0.382,0.595,-0.554,0.393,-0.733,0.813,-0.24,0.53,-0.757,0.314,-0.573,0.837,-0.239,0.491,-0.702,0.252,-0.666,0.994,-0.071,-0.087,-0.978,0.14,-0.157,0.176,0.936,0.305,-0.407,-0.851,-0.333,rock
6.094689,0.093,-0.18,0.979,0.808,0.539,0.239,0.244,0.07,-0.967,0.784,0.558,0.273,0.641,-0.712,0.285,-0.217,0.807,0.549,0.151,-0.211,0.966,-0.11,0.744,0.659,0.227,-0.356,0.907,-0.089,0.878,0.471,0.287,0.032,0.957,-0.478,0.283,0.831,0.382,0.115,0.917,none
17.233413,0.08,0.758,0.647,-0.894,-0.447,0.0,0.434,-0.802,-0.412,0.787,-0.312,0.533,-0.141,-0.0,-0.99,0.865,-0.136,0.483,-1.0,0.0,-0.0,0.901,-0.178,0.395,-0.236,0.236,-0.943,0.982,0.007,-0.191,-0.905,0.302,-0.302,0.072,0.92,0.384,-0.843,0.105,-0.527,rock
0.286539,-0.18,0.75,0.637,-0.076,0.841,0.535,0.796,-0.534,-0.285,0.753,-0.574,0.321,0.759,-0.651,-0.0,0.97,-0.202,0.137,0.953,-0.136,0.272,0.912,0.061,0.406,0.943,0.105,0.314,0.916,0.088,0.391,0.52,0.347,0.78,0.058,0.904,0.423,-0.473,0.867,0.158,scissors
13.597504,-0.283,0.733,0.618,0.327,0.793,-0.513,0.852,-0.131,-0.506,0.745,-0.618,0.253,-0.361,-0.24,0.901,0.953,-0.29,0.084,-0.182,-0.228,0.957,0.944,0.114,0.31,0.302,-0.905,-0.302,0.933,0.15,0.328,0.239,-0.954,-0.179,0.067,0.955,0.29,0.959,0.069,0.274,scissors
19.891724,0.217,0.819,-0.532,-0.754,-0.278,-0.595,0.242,-0.212,0.947,0.083,-0.388,0.918,-0.978,0.102,-0.183,-0.077,-0.495,0.865,-0.882,-0.165,-0.441,0.273,-0.923,-0.27,-0.22,-0.969,0.11,0.793,0.223,0.567,-0.78,-0.4,0.48,0.918,0.027,0.396,-0.105,-0.843,-0.527,none
32.021465,0.077,0.83,0.552,0.148,-0.222,-0.964,0.263,-0.926,-0.272,0.722,-0.315,0.616,-0.829,0.474,-0.296,0.806,-0.174,0.566,-0.964,0.214,0.161,0.851,-0.162,0.5,-0.835,0.537,-0.119,0.997,0.006,-0.077,-0.85,0.372,0.372,0.2,0.904,0.378,-0.0,-0.923,-0.385,rock
34.136985,0.436,-0.08,0.896,-0.997,0.08,0.02,-0.38,-0.156,-0.912,0.549,0.186,0.815,-0.808,-0.105,-0.58,-0.497,0.191,0.847,0.35,-0.545,0.762,-0.056,0.455,0.889,0.917,-0.126,0.379,0.113,0.976,0.185,-0.968,-0.202,-0.148,-0.246,0.116,0.962,-0.587,0.783,0.204,none
35.535895,0.523,-0.369,0.769,-0.085,0.854,0.513,-0.382,0.195,-0.903,0.449,0.029,0.893,0.755,0.504,-0.42,-0.638,0.172,0.751,-0.287,0.365,0.886,0.122,0.984,0.129,-0.196,0.588,0.784,-0.153,0.968,-0.2,-0.618,0.556,0.556,-0.648,-0.024,0.761,-0.389,0.583,0.713,none
30.758879,0.404,-0.094,0.91,0.453,0.767,-0.453,-0.432,-0.139,-0.891,0.599,0.245,0.762,-0.689,-0.012,-0.725,-0.522,-0.022,0.852,0.581,0.328,-0.745,-0.389,-0.228,0.893,0.498,0.285,-0.819,-0.386,-0.007,0.922,0.14,-0.279,-0.95,-0.392,-0.104,0.914,0.047,-0.793,-0.607,none
43.722863,-0.668,0.533,0.519,-0.713,0.627,0.314,0.826,-0.535,-0.177,0.481,0.103,-0.87,-0.894,-0.15,-0.423,0.572,0.789,-0.224,0.025,0.128,-0.991,0.517,0.853,-0.078,-0.154,0.247,-0.957,0.425,0.905,-0.031,-0.618,0.373,-0.692,0.479,0.821,0.311,-0.771,0.144,0.62,none
8.645273,0.186,0.111,0.976,-0.665,-0.34,0.665,0.099,-0.347,-0.933,0.951,0.272,-0.147,0.628,0.162,-0.761,0.636,0.728,0.256,0.881,0.324,-0.344,0.708,0.697,0.118,0.982,-0.091,0.168,0.506,0.859,-0.083,0.995,-0.02,-0.099,-0.679,0.541,0.497,-0.762,-0.112,-0.637,none
22.441586,0.357,0.388,0.849,0.413,-0.44,0.798,-0.223,-0.661,-0.716,0.997,0.064,0.032,0.078,0.996,-0.043,0.673,0.454,0.584,-0.61,0.792,0.027,0.738,0.225,0.636,-0.648,0.702,0.297,0.601,0.74,0.301,-0.814,0.58,-0.044,-0.02,0.244,0.969,-0.73,0.055,0.681,none
50.434858,0.657,-0.671,0.344,-0.0,-0.504,-0.864,-0.767,0.429,-0.477,0.052,0.917,0.395,-0.973,0.073,-0.219,-0.556,0.8,0.228,-0.824,-0.024,-0.565,-0.469,0.858,0.212,-0.889,-0.025,-0.457,-0.647,0.728,0.23,-0.964,0.029,-0.263,-0.746,-0.589,0.31,-0.91,-0.255,-0.328,none
1.639851,-0.113,0.955,0.274,0.667,0.333,-0.667,0.765,-0.626,0.151,0.843,0.117,-0.525,0.0,0.124,-0.992,0.734,0.284,0.617,1.0,-0.0,0.0,0.855,0.117,0.505,0.97,-0.0,-0.243,0.962,-0.023,0.271,0.577,0.577,-0.577,0.91,0.24,0.339,-0.814,-0.309,0.491,paper
47.867479,0.623,-0.548,0.559,-0.674,-0.692,-0.259,-0.509,0.423,-0.75,0.164,0.362,0.918,-0.895,0.386,-0.224,-0.908,-0.076,0.412,-0.467,-0.117,-0.876,-0.865,-0.118,0.488,-0.515,0.099,-0.852,-0.867,-0.151,0.476,-0.543,0.302,-0.784,-0.574,-0.581,0.578,-0.917,0.296,-0.268,none
38.194243,0.511,-0.386,0.768,0.936,0.341,0.085,-0.368,0.153,-0.917,0.59,0.607,0.532,0.293,-0.953,-0.073,-0.247,0.718,0.651,-0.84,-0.097,-0.533,-0.156,0.773,0.615,-0.858,-0.0,-0.513,-0.346,0.81,0.473,-0.954,-0.0,-0.301,-0.572,0.035,0.819,-0.83,-0.488,0.269,none
23.39713,0.456,0.179,0.872,-0.11,0.827,0.551,-0.414,-0.507,-0.756,0.931,0.301,0.207,0.974,-0.09,-0.21,0.41,0.537,0.737,0.784,-0.216,0.581,0.42,0.156,0.894,0.874,-0.214,0.437,0.287,0.613,0.736,0.851,0.248,0.463,-0.195,0.087,0.977,0.402,0.669,0.625,none
34.478073,0.49,-0.316,0.813,-0.999,-0.049,0.024,-0.395,0.141,-0.908,0.512,0.138,0.848,-0.42,0.51,-0.75,-0.185,0.654,0.734,0.633,-0.175,0.754,0.247,0.867,0.432,0.503,0.21,-0.838,0.038,0.967,0.251,-0.047,0.633,-0.773,-0.361,0.057,0.931,-0.882,-0.441,-0.165,none
30.490939,0.079,0.865,0.496,-0.199,-0.708,-0.677,-0.398,-0.859,-0.321,0.669,-0.37,0.644,-0.821,0.25,-0.513,0.777,-0.253,0.577,-0.896,0.063,-0.439,0.81,-0.213,0.547,-0.909,0.13,-0.396,0.998,-0.056,-0.025,-0.988,-0.045,0.149,0.247,0.922,0.299,-0.023,-0.887,-0.462,rock
26.603839,0.619,0.123,0.776,-0.703,0.703,0.103,-0.567,-0.47,-0.676,0.621,0.6,0.504,-0.428,0.13,-0.894,0.07,0.646,0.76,0.026,0.026,-0.999,0.204,0.629,0.75,-0.067,-0.0,-0.998,0.06,0.863,0.502,-0.238,-0.19,-0.952,0.232,-0.813,0.535,-0.924,0.287,0.255,none
27.701215,0.54,-0.092,0.837,-0.85,-0.526,-0.04,-0.576,-0.226,-0.786,0.602,0.567,0.563,-0.71,0.668,-0.223,0.12,0.613,0.781,-0.664,0.611,-0.431,0.288,0.623,0.728,-0.637,0.656,-0.405,0.104,0.871,0.48,-0.808,0.186,-0.559,-0.385,-0.112,0.916,-0.917,0.136,-0.374,none
11.112759,-0.035,0.8,0.599,0.339,0.932,0.127,-0.3,-0.926,-0.227,0.743,-0.39,0.544,0.565,-0.261,0.783,0.849,-0.221,0.479,0.499,-0.192,0.845,0.866,-0.253,0.432,0.706,0.042,0.706,0.985,-0.074,-0.156,0.908,0.272,0.318,0.108,0.946,0.306,0.209,0.919,0.334,rock
24.818977,-0.198,0.755,0.626,-0.436,-0.726,0.532,0.817,-0.521,-0.248,0.779,-0.559,0.285,0.291,-0.0,-0.957,0.962,-0.233,0.145,0.103,0.155,-0.982,0.935,0.048,0.352,0.05,0.952,0.301,0.924,0.115,0.364,-0.078,0.933,0.35,0.086,0.932,0.351,-0.912,0.228,-0.342,scissors
7.114555,0.029,0.437,0.899,0.943,0.333,-0.028,0.261,-0.582,-0.77,0.981,0.136,-0.142,0.639,-0.38,0.669,0.353,0.64,0.682,-0.024,-0.369,0.929,0.398,0.556,0.73,0.2,-0.484,0.852,0.271,0.629,0.729,0.49,-0.386,0.782,0.119,0.304,0.945,0.278,-0.874,0.397,none
24.81788,-0.221,0.746,0.628,-0.349,-0.465,0.814,0.843,-0.504,-0.189,0.777,-0.563,0.281,0.483,0.097,-0.87,0.962,-0.233,0.141,0.196,0.588,-0.784,0.935,0.056,0.351,0.241,0.843,0.482,0.924,0.122,0.363,-0.242,0.725,0.645,0.086,0.935,0.345,-0.946,0.291,-0.145,scissors
46.782536,-0.372,0.226,0.9,-0.815,-0.566,0.124,0.509,-0.44,-0.74,0.534,0.835,-0.134,-0.617,0.729,-0.296,-0.265,0.96,0.094,-0.376,0.356,-0.855,-0.168,0.935,0.313,-0.475,0.529,-0.703,-0.063,0.909,0.412,-0.482,0.665,-0.571,0.161,0.676,0.719,-0.522,0.809,-0.27,none
2.440439,-0.14,0.75,0.647,-0.174,0.696,0.696,0.741,-0.587,-0.327,0.762,-0.541,0.356,0.514,-0.686,-0.514,0.973,-0.181,0.142,1.0,0.0,-0.0,0.907,0.035,0.419,0.811,0.487,0.324,0.911,0.058,0.409,0.115,0.577,0.808,0.062,0.896,0.439,-0.704,0.704,-0.101,scissors
53.925029,0.734,-0.57,0.37,0.64,0.725,-0.256,-0.683,0.381,-0.623,0.237,0.887,0.397,-0.937,-0.274,-0.217,-0.532,0.716,0.453,-0.698,0.168,-0.696,-0.795,-0.246,0.555,-0.443,0.389,-0.808,-0.574,-0.744,0.343,-0.276,0.551,0.787,-0.736,-0.585,0.342,0.325,-0.921,0.217,none
12.673395,-0.194,0.954,0.23,-0.398,0.341,0.852,0.304,-0.919,0.251,0.779,0.053,-0.625,0.812,0.542,-0.217,0.825,0.255,0.505,-0.0,0.631,0.776,0.909,0.069,0.41,0.272,0.653,0.707,0.977,-0.034,0.211,0.279,0.605,0.745,0.916,0.195,0.352,-0.061,0.609,0.791,paper
23.071768,0.462,0.242,0.854,-0.901,0.208,0.381,-0.436,-0.566,-0.7,0.92,0.29,0.263,0.185,0.106,-0.977,0.355,0.511,0.783,0.764,0.382,-0.521,0.331,0.153,0.931,0.59,0.729,-0.347,0.227,0.589,0.775,0.382,0.764,-0.521,-0.15,0.058,0.987,-0.032,0.991,-0.128,none
13.152076,0.104,0.873,0.477,-0.321,-0.845,-0.428,0.211,-0.963,-0.169,0.677,-0.294,0.675,-0.635,0.127,-0.762,0.76,-0.179,0.625,-0.724,0.047,-0.688,0.82,-0.129,0.557,-0.777,-0.023,-0.629,1.0,0.028,-0.009,-0.978,-0.148,-0.148,0.254,0.883,0.395,-0.344,-0.744,-0.573,rock
20.800816,-0.089,0.761,0.642,0.221,0.975,0.018,0.123,-0.913,-0.39,0.8,-0.479,0.362,0.218,-0.476,0.852,0.963,-0.152,0.223,0.436,-0.341,0.833,0.903,-0.015,0.43,0.725,-0.687,0.038,0.895,0.025,0.445,0.771,-0.629,0.101,0.107,0.88,0.463,0.68,0.6,0.42,scissors
23.948932,0.301,0.116,0.946,-0.099,0.97,0.224,-0.337,-0.446,-0.829,0.909,0.409,0.076,0.775,-0.591,-0.224,0.448,0.687,0.573,0.918,-0.281,0.281,0.38,0.478,0.791,0.941,-0.225,0.252,0.229,0.828,0.512,0.903,0.074,0.424,-0.284,0.242,0.928,0.739,0.415,0.531,none
7.993315,-0.108,0.825,0.554,-0.02,0.737,0.676,-0.193,-0.842,-0.503,0.709,-0.553,0.437,0.819,-0.474,0.323,0.936,-0.241,0.257,0.978,-0.097,0.183,0.941,-0.061,0.334,0.87,-0.031,0.493,0.941,-0.036,0.338,0.83,-0.011,0.557,0.187,0.885,0.426,-0.052,0.876,0.48,scissors
47.807382,0.575,-0.497,0.65,-0.387,-0.898,-0.207,-0.451,0.359,-0.817,0.2,0.424,0.883,-0.462,0.803,0.376,-0.902,0.034,0.43,-0.771,-0.034,-0.637,-0.843,-0.019,0.537,-0.773,0.158,-0.615,-0.837,-0.054,0.544,-0.704,0.229,-0.672,-0.551,-0.518,0.655,-0.825,0.265,-0.499,none
7.176415,-0.083,0.949,0.305,-0.0,-0.243,-0.97,0.682,-0.726,0.09,0.86,0.042,-0.509,-0.365,-0.183,-0.913,0.74,0.225,0.634,-0.667,-0.667,-0.333,0.836,0.062,0.545,-0.236,-0.236,-0.943,0.939,-0.067,0.338,-0.981,0.196,-0.0,0.886,0.088,0.456,-0.768,-0.0,-0.64,paper
25.756505,0.47,0.594,0.653,-0.991,0.032,0.128,-0.329,-0.849,-0.414,0.985,-0.127,0.116,-0.451,0.702,-0.551,0.542,0.098,0.834,-0.05,0.659,-0.751,0.616,-0.086,0.783,0.066,0.797,-0.6,0.57,0.277,0.773,-0.126,0.584,-0.802,0.302,-0.313,0.901,-0.367,0.892,-0.262,none
20.738743,-0.032,0.765,0.643,0.233,0.97,0.072,0.065,-0.89,-0.451,0.812,-0.439,0.385,0.404,-0.465,0.788,0.962,-0.11,0.25,0.589,-0.255,0.766,0.883,-0.038,0.467,0.783,-0.592,0.191,0.879,-0.003,0.477,0.809,-0.526,0.263,0.104,0.856,0.507,0.537,0.682,0.496,scissors
28.961621,0.024,0.851,0.525,-0.257,0.964,0.064,-0.46,-0.532,-0.711,0.695,-0.371,0.616,0.229,-0.688,0.688,0.796,-0.24,0.556,0.158,-0.473,0.867,0.828,-0.218,0.517,0.477,-0.191,0.858,0.997,-0.051,-0.061,0.814,0.0,0.581,0.221,0.924,0.313,0.162,0.973,-0.162,rock
8.560526,0.1,0.864,0.494,-0.248,-0.788,-0.563,0.418,-0.47,-0.777,0.672,-0.31,0.673,-0.693,0.198,-0.693,0.759,-0.197,0.62,-0.836,0.084,-0.543,0.816,-0.146,0.559,-0.826,0.083,-0.558,1.0,0.011,-0.011,-0.999,-0.02,-0.04,0.268,0.89,0.369,-0.294,-0.798,-0.525,rock
22.84153,0.037,0.832,0.554,-0.437,-0.499,-0.749,0.572,-0.421,-0.704,0.7,-0.362,0.616,-0.78,-0.052,-0.624,0.802,-0.227,0.552,-0.912,-0.228,-0.342,0.835,-0.211,0.508,-0.915,-0.057,-0.4,0.996,-0.045,-0.072,-0.988,-0.11,0.11,0.205,0.926,0.318,-0.288,-0.518,-0.806,rock
24.492527,0.227,0.115,0.967,0.14,0.98,-0.14,-0.267,-0.44,-0.857,0.902,0.432,-0.009,-0.725,-0.242,-0.645,0.492,0.736,0.465,0.873,-0.218,0.436,0.479,0.601,0.639,0.992,-0.09,-0.09,0.278,0.885,0.373,0.968,0.138,0.208,-0.308,0.34,0.889,0.236,0.236,-0.943,none
11.622584,0.008,0.837,0.546,0.04,-0.764,-0.644,-0.255,-0.935,-0.247,0.695,-0.377,0.612,-0.656,0.426,-0.623,0.801,-0.242,0.548,-0.877,0.304,-0.371,0.829,-0.229,0.51,-0.773,0.336,-0.538,0.995,-0.064,-0.071,-0.975,0.22,-0.0,0.196,0.931,0.309,-0.348,-0.87,-0.348,rock
32.106352,0.403,-0.235,0.885,-0.082,0.164,-0.983,-0.331,0.029,-0.943,0.438,0.251,0.863,0.276,0.921,0.276,-0.703,0.042,0.709,0.324,0.811,0.487,-0.484,0.003,0.875,0.545,-0.503,0.671,-0.49,0.176,0.854,0.788,-0.394,-0.473,-0.431,0.105,0.896,0.008,-0.507,-0.862,none
3.095067,0.024,-0.261,0.965,0.594,-0.254,-0.763,0.137,0.098,-0.986,0.713,0.678,0.179,-0.893,-0.379,0.244,-0.136,0.884,0.447,-0.753,-0.582,-0.308,-0.004,0.857,0.515,-0.758,-0.531,-0.379,-0.102,0.949,0.299,-0.827,-0.537,-0.165,-0.589,0.336,0.735,-0.372,-0.785,-0.496,none
2.081939,-0.011,-0.27,0.963,-0.162,-0.162,0.973,0.214,0.146,-0.966,0.688,0.71,0.147,0.248,0.744,-0.62,-0.155,0.911,0.383,-0.667,0.572,0.477,-0.029,0.887,0.461,-0.228,0.912,0.342,-0.131,0.96,0.247,-0.089,0.891,0.445,-0.613,0.35,0.708,-0.845,0.507,0.169,none
20.291703,0.058,0.779,0.625,-0.067,-0.738,-0.671,0.512,-0.755,-0.411,0.771,-0.332,0.544,-0.629,0.229,-0.743,0.857,-0.164,0.489,-0.921,0.123,-0.369,0.888,-0.198,0.416,-0.808,0.186,-0.559,0.986,-0.016,-0.168,-0.994,0.11,-0.0,0.093,0.928,0.361,-0.426,-0.669,-0.609,rock
39.198913,0.55,0.023,0.835,0.647,0.74,-0.185,-0.384,-0.315,-0.868,0.913,0.327,-0.242,0.834,0.5,0.233,0.721,0.677,-0.147,0.533,0.333,0.778,0.659,0.745,-0.103,0.655,-0.073,0.752,0.43,0.795,-0.427,0.72,0.267,0.64,0.011,-0.71,0.704,-0.314,-0.105,-0.943,none
8.06508,-0.063,0.959,0.277,-0.099,0.89,0.445,0.692,-0.713,0.113,0.836,0.002,-0.549,0.768,0.144,-0.624,0.775,0.187,0.603,0.509,0.339,0.791,0.862,0.018,0.506,0.752,0.173,0.636,0.948,-0.109,0.298,0.725,0.181,0.665,0.906,0.072,0.416,0.709,0.315,0.63,paper
22.841406,0.045,0.839,0.542,-0.592,-0.592,-0.547,0.596,-0.436,-0.674,0.696,-0.351,0.626,-0.722,-0.127,-0.68,0.795,-0.221,0.565,-0.839,-0.28,-0.466,0.833,-0.2,0.515,-0.87,-0.183,-0.458,0.997,-0.033,-0.066,-0.964,-0.263,0.044,0.212,0.92,0.328,-0.304,-0.477,-0.825,rock
16.685168,-0.114,0.952,0.283,0.707,-0.707,-0.0,0.805,-0.594,0.012,0.838,-0.018,-0.546,-0.447,0.0,-0.894,0.792,0.199,0.578,-0.981,0.0,0.196,0.865,0.022,0.501,-0.802,0.267,-0.535,0.941,-0.072,0.33,-0.889,0.381,0.254,0.889,0.111,0.445,-0.97,-0.0,-0.243,paper
38.113635,0.562,-0.432,0.705,0.267,0.79,0.552,-0.437,0.271,-0.857,0.595,0.804,0.008,-0.962,-0.214,-0.17,0.283,0.949,0.138,-0.728,0.004,-0.686,0.25,0.965,0.083,-0.79,-0.124,-0.601,-0.061,0.989,-0.136,-0.917,-0.094,-0.387,-0.74,-0.106,0.664,-0.208,0.009,0.978,none
11.557413,-0.146,0.802,0.579,0.105,-0.729,-0.676,0.818,-0.32,-0.479,0.74,-0.56,0.373,-0.767,0.552,-0.328,0.951,-0.235,0.202,-0.972,0.201,-0.117,0.939,-0.003,0.345,-0.908,-0.009,-0.42,0.938,0.024,0.347,-0.915,-0.017,-0.402,0.141,0.907,0.397,-0.078,-0.905,-0.418,scissors
32.068482,0.057,0.841,0.538,0.693,-0.693,-0.198,0.217,-0.938,-0.271,0.711,-0.344,0.614,-0.111,0.444,-0.889,0.802,-0.209,0.56,-0.7,0.7,-0.14,0.834,-0.192,0.517,-0.226,0.566,-0.793,0.998,-0.027,-0.05,-0.743,0.557,-0.371,0.206,0.915,0.347,-0.976,-0.098,-0.195,rock
32.021753,0.093,0.836,0.541,-0.14,-0.98,0.14,0.237,-0.942,-0.237,0.719,-0.301,0.627,0.076,0.152,-0.986,0.798,-0.164,0.58,-0.241,0.482,-0.843,0.851,-0.149,0.503,-0.09,0.09,-0.992,0.997,0.018,-0.076,-0.688,0.229,-0.688,0.213,0.898,0.386,-0.947,-0.063,-0.316,rock
29.471331,0.02,0.774,0.633,-0.085,-0.936,-0.341,-0.429,-0.531,-0.731,0.769,-0.352,0.534,-0.451,0.338,-0.826,0.861,-0.181,0.474,-0.707,0.333,-0.624,0.884,-0.218,0.413,-0.626,0.235,-0.744,0.984,-0.035,-0.174,-0.949,0.183,-0.256,0.092,0.935,0.342,-0.614,-0.69,-0.383,rock
35.100524,0.066,0.836,0.544,-0.047,-0.793,0.607,0.231,-0.954,-0.192,0.721,-0.319,0.615,0.287,0.164,-0.944,0.804,-0.177,0.568,0.213,0.479,-0.852,0.848,-0.162,0.504,0.179,0.045,-0.983,0.998,0.006,-0.07,-0.475,0.173,-0.863,0.2,0.902,0.382,-0.989,-0.037,-0.146,rock
11.127306,-0.13,0.746,0.653,0.191,-0.699,-0.689,0.81,-0.355,-0.467,0.788,-0.512,0.342,-0.766,0.579,-0.279,0.972,-0.165,0.167,-0.972,0.23,-0.05,0.907,0.036,0.42,-0.916,-0.073,-0.395,0.901,0.063,0.429,-0.923,-0.072,-0.379,0.06,0.896,0.439,-0.052,-0.929,-0.365,scissors
24.110378,0.302,0.111,0.947,0.843,0.527,-0.105,-0.305,-0.427,-0.851,0.912,0.408,0.04,0.802,-0.267,0.535,0.471,0.699,0.538,-0.309,-0.206,0.928,0.41,0.502,0.762,0.545,-0.545,0.636,0.254,0.832,0.493,-0.276,0.276,0.921,-0.285,0.266,0.921,0.333,-0.667,0.667,none
15.638844,-0.207,0.744,0.635,0.448,0.611,-0.652,0.855,-0.171,-0.49,0.774,-0.562,0.294,-0.576,-0.048,0.816,0.962,-0.235,0.14,-0.391,-0.196,0.899,0.93,0.066,0.361,0.085,-0.936,-0.341,0.918,0.11,0.38,-0.049,-0.937,-0.345,0.076,0.929,0.362,0.97,-0.171,0.171,scissors
39.133017,0.558,-0.008,0.83,0.706,-0.064,-0.706,-0.397,-0.286,-0.872,0.856,0.485,-0.179,0.98,-0.025,0.196,0.536,0.844,0.031,0.723,-0.112,0.682,0.485,0.858,0.17,0.796,-0.193,0.574,0.269,0.954,-0.133,0.815,0.008,0.58,-0.074,-0.667,0.741,-0.595,-0.506,-0.625,none
1.808193,-0.106,0.956,0.275,-0.64,0.64,0.426,0.757,-0.625,0.19,0.843,0.114,-0.526,0.762,0.457,-0.457,0.734,0.286,0.616,0.0,0.625,0.781,0.857,0.117,0.502,0.728,0.485,0.485,0.963,-0.019,0.267,0.192,0.962,0.192,0.936,0.159,0.314,-0.277,0.83,0.484,paper
44.743033,-0.665,0.289,0.689,0.754,0.588,0.294,0.822,-0.459,-0.338,0.417,0.664,-0.62,0.659,-0.711,-0.246,0.404,0.894,-0.194,0.266,-0.104,-0.959,0.469,0.877,-0.101,-0.019,-0.014,-1.0,0.572,0.768,-0.287,-0.809,0.095,-0.58,-0.041,0.986,0.159,-0.529,-0.216,0.821,none
1.470496,-0.105,0.957,0.272,0.555,-0.832,0.0,0.796,-0.583,0.164,0.843,0.111,-0.525,0.365,0.183,-0.913,0.732,0.281,0.621,-0.196,-0.0,0.981,0.855,0.115,0.505,0.688,-0.229,0.688,0.963,-0.033,0.266,0.424,0.566,0.707,0.919,0.233,0.318,-0.169,-0.101,-0.98,paper
5.26786,-0.078,0.948,0.31,-0.894,0.0,0.447,0.71,-0.702,0.049,0.866,0.04,-0.498,0.267,0.535,-0.802,0.728,0.228,0.647,-0.64,0.64,0.426,0.834,0.067,0.548,-0.302,0.905,-0.302,0.938,-0.058,0.341,-0.53,0.662,0.53,0.884,0.089,0.459,-0.937,0.312,-0.156,paper
35.406985,0.541,-0.355,0.763,-0.688,-0.688,-0.229,-0.358,0.177,-0.917,0.447,0.009,0.895,0.911,-0.391,-0.13,-0.636,0.152,0.757,-0.604,0.564,0.564,0.126,0.983,0.131,-0.769,0.256,-0.586,-0.152,0.968,-0.2,-0.877,0.475,-0.073,-0.631,-0.024,0.776,-0.72,-0.24,0.651,none
14.63784,-0.178,0.944,0.279,0.0,-0.997,-0.071,-0.066,-0.983,0.172,0.849,0.047,-0.526,-0.68,0.213,0.701,0.758,0.268,0.594,-0.943,0.018,-0.333,0.851,0.104,0.515,-0.909,0.223,-0.352,0.943,0.011,0.333,-0.936,0.336,-0.106,0.877,0.173,0.448,-0.97,0.035,-0.242,paper
36.103344,0.09,0.812,0.577,-0.12,0.963,0.241,0.207,-0.948,-0.243,0.754,-0.292,0.588,0.845,-0.169,-0.507,0.827,-0.142,0.544,0.688,0.229,0.688,0.871,-0.149,0.468,0.913,0.183,-0.365,0.994,0.024,-0.102,0.196,0.784,-0.588,0.161,0.901,0.402,-0.749,0.656,-0.094,rock
2.485969,-0.115,0.948,0.296,-0.74,0.647,0.185,0.765,-0.625,0.156,0.853,0.097,-0.512,0.374,0.686,-0.624,0.721,0.285,0.632,0.382,0.841,0.382,0.845,0.117,0.521,0.531,0.834,-0.152,0.951,-0.003,0.309,0.312,0.937,0.156,0.878,0.189,0.44,0.144,0.912,0.384,paper
1.891165,-0.125,0.953,0.274,-0.514,0.686,-0.514,0.765,-0.617,0.186,0.838,0.105,-0.536,0.862,0.123,-0.492,0.741,0.284,0.609,0.549,0.137,0.824,0.861,0.116,0.495,0.857,-0.286,0.429,0.965,-0.009,0.264,0.772,0.617,0.154,0.932,0.17,0.32,0.371,0.928,0.0,paper
26.925379,0.059,0.849,0.526,0.0,-0.97,-0.243,-0.332,-0.905,-0.265,0.697,-0.338,0.632,-0.488,0.366,-0.793,0.789,-0.207,0.578,-0.838,0.349,-0.419,0.831,-0.181,0.527,-0.638,0.319,-0.701,0.999,-0.018,-0.047,-0.94,0.294,-0.176,0.227,0.91,0.348,-0.651,-0.651,-0.391,rock
11.197115,0.113,-0.288,0.951,-0.294,0.855,0.427,0.25,0.217,-0.944,0.89,0.243,-0.386,-0.0,-0.81,0.587,0.261,0.8,0.54,-0.109,0.531,-0.84,0.063,0.741,0.668,-0.274,0.351,-0.895,0.191,0.938,-0.289,0.714,-0.132,-0.688,-0.828,0.379,0.414,0.568,-0.708,-0.42,none
13.617329,-0.1,0.962,0.255,-0.257,0.437,0.862,-0.167,-0.985,0.052,0.833,-0.02,-0.554,0.862,0.494,-0.114,0.789,0.193,0.583,0.175,0.638,0.75,0.87,0.018,0.492,0.392,0.556,0.733,0.95,-0.081,0.301,0.503,0.503,0.704,0.903,0.119,0.413,0.28,0.466,0.839,paper
11.556881,-0.135,0.749,0.649,0.21,-0.711,-0.671,0.799,-0.374,-0.471,0.787,-0.517,0.336,-0.749,0.594,-0.292,0.973,-0.171,0.158,-0.963,0.256,-0.08,0.909,0.057,0.413,-0.927,-0.045,-0.373,0.903,0.079,0.421,-0.93,-0.063,-0.361,0.059,0.9,0.431,-0.073,-0.932,-0.356,scissors
24.37151,0.035,0.738,0.674,-0.084,0.826,0.557,0.509,-0.745,-0.431,0.8,-0.356,0.482,0.705,-0.55,0.447,0.89,-0.163,0.426,0.816,-0.374,0.442,0.907,-0.225,0.355,0.809,-0.371,0.455,0.971,-0.032,-0.236,0.978,-0.196,-0.071,0.036,0.941,0.336,0.0,0.995,0.095,rock
35.593275,0.083,0.844,0.53,-0.228,-0.76,-0.608,0.164,-0.944,-0.286,0.709,-0.329,0.623,-0.551,0.11,-0.827,0.795,-0.188,0.577,-0.85,0.065,-0.523,0.846,-0.154,0.511,-0.767,0.064,-0.639,0.998,0.019,-0.068,-0.998,0.0,-0.055,0.23,0.896,0.38,-0.491,-0.552,-0.674,rock
0.491024,-0.17,0.75,0.64,-0.477,0.572,0.667,0.793,-0.517,-0.322,0.753,-0.573,0.323,0.572,-0.667,-0.477,0.968,-0.211,0.137,0.802,-0.535,-0.267,0.917,0.04,0.397,0.784,0.588,0.196,0.92,0.068,0.385,0.352,0.704,0.616,0.065,0.904,0.422,-0.531,0.834,-0.152,scissors
6.520617,0.071,0.804,0.59,-0.514,-0.856,0.057,0.63,-0.626,-0.46,0.742,-0.32,0.589,-0.274,-0.082,-0.958,0.828,-0.17,0.535,-0.382,-0.0,-0.924,0.869,-0.177,0.463,-0.458,-0.229,-0.859,0.993,-0.003,-0.118,-0.822,-0.255,-0.51,0.146,0.916,0.373,-0.695,-0.374,-0.614,rock
28.635061,0.534,-0.028,0.845,-0.696,-0.696,-0.174,-0.575,-0.243,-0.781,0.474,0.593,0.651,0.95,-0.305,-0.068,-0.013,0.631,0.776,0.618,-0.486,0.618,0.219,0.638,0.739,0.776,-0.517,0.362,0.064,0.873,0.484,0.597,0.1,0.796,-0.349,-0.168,0.922,-0.627,0.139,-0.766,none
24.882914,0.074,0.729,0.681,0.282,0.552,0.785,0.315,-0.878,-0.36,0.803,-0.33,0.497,0.947,-0.105,0.303,0.883,-0.143,0.446,0.916,0.142,0.374,0.909,-0.201,0.365,0.984,0.013,0.179,0.975,-0.01,-0.222,0.902,0.248,-0.353,0.047,0.931,0.362,-0.249,0.823,0.511,rock
11.191824,-0.015,0.818,0.575,-0.218,0.436,0.873,-0.254,-0.935,-0.246,0.712,-0.39,0.584,0.816,-0.408,-0.408,0.821,-0.241,0.518,0.845,-0.169,0.507,0.843,-0.246,0.478,0.973,-0.162,-0.162,0.992,-0.073,-0.105,0.557,0.371,-0.743,0.161,0.94,0.302,-0.699,0.699,-0.155,rock
15.19138,0.069,0.738,0.671,-0.436,-0.873,0.218,0.425,-0.783,-0.455,0.802,-0.316,0.506,-0.0,-0.0,-1.0,0.882,-0.13,0.453,-0.802,0.267,-0.535,0.912,-0.188,0.365,-0.164,0.0,-0.986,0.974,-0.0,-0.225,-0.802,0.267,-0.535,0.04,0.924,0.38,-0.829,0.092,-0.552,rock
28.679081,0.532,-0.026,0.846,-0.937,0.312,-0.156,-0.575,-0.243,-0.781,0.505,0.575,0.643,0.928,-0.232,-0.29,0.028,0.62,0.784,0.74,-0.185,0.647,0.262,0.627,0.734,0.968,0.176,0.176,0.109,0.872,0.477,0.601,0.526,0.601,-0.344,-0.151,0.927,-0.857,0.429,-0.286,none
17.187788,-0.145,0.937,0.319,0.514,-0.857,-0.0,0.816,-0.575,0.058,0.856,0.032,-0.516,-0.911,0.13,0.391,0.759,0.253,0.6,-0.967,-0.081,-0.242,0.847,0.079,0.526,-0.891,0.089,-0.445,0.934,-0.017,0.357,-0.964,0.257,-0.064,0.866,0.145,0.479,-0.935,-0.058,-0.351,paper
24.8816,0.06,0.748,0.661,0.283,0.538,0.794,0.371,-0.807,-0.46,0.792,-0.343,0.505,0.955,-0.103,0.279,0.878,-0.162,0.451,0.926,0.145,0.347,0.898,-0.22,0.382,0.99,-0.0,0.141,0.978,-0.033,-0.204,0.894,0.235,-0.381,0.062,0.939,0.337,-0.299,0.828,0.475,rock
23.288213,-0.035,0.721,0.692,-0.129,-0.67,-0.731,0.214,-0.881,-0.423,0.847,-0.412,0.335,-0.87,0.299,-0.392,0.978,-0.063,0.199,-0.973,-0.05,-0.226,0.865,0.019,0.501,-0.779,0.092,-0.62,0.857,0.066,0.511,-0.785,0.077,-0.614,0.043,0.859,0.51,-0.043,-0.768,-0.639,scissors
26.348308,0.028,0.76,0.649,-0.0,-0.688,-0.726,0.639,-0.564,-0.523,0.815,-0.402,0.418,-0.854,0.368,-0.368,0.952,-0.082,0.294,-0.984,0.026,-0.179,0.872,-0.128,0.472,-0.824,0.065,-0.563,0.876,-0.082,0.475,-0.827,0.04,-0.56,0.149,0.833,0.532,-0.066,-0.809,-0.584,scissors
31.061061,0.101,0.863,0.495,0.501,-0.292,-0.814,0.14,-0.955,-0.26,0.707,-0.281,0.648,-0.707,0.707,0.025,0.781,-0.16,0.603,-0.877,0.392,0.277,0.83,-0.133,0.541,-0.694,0.719,0.025,1.0,0.023,-0.014,-0.701,0.538,0.468,0.24,0.886,0.397,0.288,-0.951,0.115,rock
29.982679,-0.045,0.928,0.37,-0.199,-0.758,-0.622,-0.561,-0.747,-0.356,0.578,-0.45,0.681,-0.776,0.229,-0.588,0.717,-0.361,0.597,-0.848,0.067,-0.526,0.728,-0.291,0.621,-0.876,0.089,-0.473,0.986,-0.153,0.066,-0.995,-0.078,0.059,0.322,0.926,0.197,-0.112,-0.869,-0.481,rock
34.600665,0.095,0.816,0.571,0.42,0.894,-0.158,0.155,-0.96,-0.232,0.741,-0.298,0.602,0.319,-0.319,0.893,0.817,-0.149,0.557,0.2,-0.249,0.948,0.865,-0.144,0.48,0.447,0.056,0.893,0.995,0.027,-0.092,0.77,0.237,0.592,0.172,0.898,0.406,0.411,0.881,0.235,rock
16.214852,0.072,0.762,0.644,0.588,-0.784,0.196,0.416,-0.794,-0.443,0.784,-0.315,0.535,0.092,0.37,-0.925,0.864,-0.142,0.482,-0.324,0.811,-0.487,0.899,-0.183,0.398,-0.0,0.406,-0.914,0.982,-0.0,-0.189,-0.667,0.477,-0.572,0.075,0.923,0.378,-0.983,-0.082,-0.164,rock
27.94617,-0.054,0.843,0.535,-0.006,0.73,0.684,-0.436,-0.823,-0.365,0.677,-0.45,0.582,0.771,-0.438,0.462,0.803,-0.316,0.505,0.877,-0.242,0.415,0.807,-0.308,0.504,0.863,-0.292,0.412,0.987,-0.144,-0.077,0.985,-0.106,-0.135,0.201,0.957,0.21,-0.006,0.967,0.253,rock
4.566646,0.093,-0.128,0.987,0.021,0.267,-0.964,0.193,0.043,-0.98,0.818,0.506,0.274,-0.657,-0.719,-0.226,-0.155,0.729,0.667,0.565,-0.601,-0.565,-0.067,0.614,0.786,0.378,-0.558,-0.739,-0.075,0.752,0.655,0.115,-0.808,-0.577,-0.367,0.318,0.874,0.55,-0.468,-0.692,none
26.923525,0.061,0.853,0.519,0.092,-0.829,-0.552,-0.315,-0.915,-0.253,0.691,-0.343,0.636,-0.566,0.424,-0.707,0.786,-0.214,0.58,-0.899,0.375,-0.225,0.825,-0.185,0.534,-0.625,0.469,-0.625,0.999,-0.021,-0.04,-0.917,0.393,-0.066,0.236,0.909,0.343,-0.647,-0.647,-0.404,rock
46.782787,-0.283,0.071,0.956,-0.886,-0.463,0.024,0.459,-0.324,-0.827,0.614,0.784,-0.087,-0.649,0.649,-0.396,-0.286,0.941,0.179,-0.291,0.338,-0.895,-0.234,0.898,0.372,-0.418,0.516,-0.748,-0.177,0.861,0.476,-0.4,0.663,-0.633,0.017,0.577,0.817,-0.451,0.838,-0.307,none
21.757616,-0.198,0.757,0.622,-0.193,-0.74,0.644,0.279,-0.901,-0.333,0.772,-0.56,0.303,0.334,0.283,-0.899,0.956,-0.239,0.17,0.028,0.586,-0.81,0.935,0.041,0.353,-0.3,0.874,0.382,0.924,0.095,0.37,-0.431,0.765,0.478,0.098,0.925,0.366,-0.995,-0.023,-0.093,scissors
13.745597,-0.103,0.514,0.852,0.802,0.535,-0.267,0.509,-0.575,-0.641,0.808,-0.565,-0.168,-0.196,0.784,-0.588,0.948,-0.284,-0.146,0.0,-0.141,0.99,0.908,-0.247,-0.338,-0.617,-0.772,-0.154,0.864,-0.054,-0.5,-0.64,0.64,0.426,0.514,-0.068,0.855,-0.802,0.535,0.267,none
2.591683,0.008,-0.291,0.957,0.0,-1.0,0.0,0.179,0.156,-0.971,0.69,0.705,0.164,-0.154,0.617,-0.772,-0.151,0.901,0.407,-0.937,0.312,0.156,-0.019,0.878,0.478,-0.743,0.557,-0.371,-0.121,0.958,0.259,-0.755,0.647,0.108,-0.62,0.338,0.708,-0.921,0.276,-0.276,none
11.047142,-0.08,0.794,0.602,-0.282,-0.736,-0.615,0.754,-0.525,-0.394,0.756,-0.531,0.384,-0.761,0.324,-0.562,0.957,-0.202,0.209,-0.93,0.0,-0.367,0.929,-0.037,0.369,-0.79,0.267,-0.552,0.929,-0.027,0.369,-0.818,0.292,-0.496,0.132,0.892,0.432,-0.181,-0.714,-0.676,scissors
16.657116,-0.171,0.733,0.659,-0.323,-0.0,0.946,0.841,-0.232,-0.488,0.797,-0.524,0.301,0.776,-0.2,-0.599,0.97,-0.189,0.151,0.749,0.121,-0.652,0.914,0.061,0.401,0.439,0.74,0.509,0.903,0.097,0.419,0.256,0.725,0.64,0.059,0.913,0.404,-0.784,0.619,0.041,scissors
23.860906,-0.011,0.841,0.542,0.074,0.779,0.623,0.617,-0.571,-0.542,0.691,-0.394,0.606,0.76,-0.384,0.525,0.803,-0.26,0.536,0.848,-0.202,0.49,0.824,-0.25,0.508,0.865,-0.209,0.456,0.994,-0.086,-0.072,0.996,-0.024,-0.087,0.193,0.94,0.28,0.023,0.948,0.316,rock
8.10814,0.113,0.861,0.496,-0.136,-0.845,-0.518,0.508,-0.475,-0.719,0.675,-0.302,0.673,-0.661,0.305,-0.686,0.759,-0.193,0.622,-0.806,0.195,-0.559,0.816,-0.141,0.56,-0.797,0.164,-0.582,1.0,0.015,-0.006,-0.997,0.038,-0.063,0.264,0.888,0.376,-0.275,-0.865,-0.419,rock
34.571697,0.092,0.844,0.528,0.395,0.621,-0.677,0.2,-0.945,-0.26,0.707,-0.315,0.633,-0.745,-0.298,0.596,0.788,-0.188,0.586,-0.473,-0.394,0.788,0.832,-0.162,0.53,-0.349,0.116,0.93,0.999,0.0,-0.033,-0.11,0.11,0.988,0.24,0.898,0.368,0.424,0.707,-0.566,rock
12.085524,-0.111,0.772,0.626,0.561,-0.774,-0.294,0.727,-0.123,-0.675,0.769,-0.517,0.376,-0.301,0.847,-0.437,0.958,-0.191,0.213,-0.734,0.649,-0.198,0.922,-0.055,0.383,-0.982,0.06,0.179,0.922,-0.028,0.385,-0.976,0.053,0.211,0.131,0.893,0.43,-0.568,-0.823,-0.028,scissors
41.173234,0.552,0.201,0.809,0.89,0.184,-0.417,-0.246,-0.553,-0.796,0.891,0.35,0.288,0.232,-0.348,0.908,0.156,0.654,0.74,0.004,-0.444,0.896,0.158,0.538,0.828,0.103,-0.513,0.852,0.021,0.757,0.653,0.37,-0.398,0.84,0.043,-0.604,0.796,0.214,-0.857,-0.469,none
2.233462,-0.157,0.952,0.264,0.87,0.348,0.348,0.758,-0.636,0.145,0.824,0.115,-0.555,0.885,-0.442,0.147,0.752,0.3,0.587,-0.552,-0.345,0.759,0.876,0.122,0.466,-0.453,-0.362,0.815,0.971,0.006,0.24,-0.503,-0.072,0.862,0.891,0.263,0.37,-0.485,0.032,0.874,paper
23.86145,0.008,0.799,0.601,0.088,0.704,0.704,0.551,-0.688,-0.471,0.749,-0.373,0.548,0.843,-0.352,0.406,0.848,-0.209,0.487,0.906,-0.137,0.4,0.868,-0.238,0.436,0.921,-0.207,0.331,0.987,-0.06,-0.148,0.974,0.0,-0.225,0.117,0.943,0.313,-0.12,0.943,0.311,rock
16.725496,0.076,0.761,0.644,-0.243,0.97,0.0,0.41,-0.813,-0.414,0.78,-0.314,0.541,-0.0,-0.316,-0.949,0.862,-0.141,0.487,-0.535,-0.267,0.802,0.898,-0.179,0.403,0.0,0.707,-0.707,0.983,0.005,-0.182,-0.707,0.707,0.0,0.081,0.921,0.38,-0.762,0.457,-0.457,rock
25.371826,-0.033,0.692,0.721,-0.537,-0.51,0.672,0.553,-0.668,-0.499,0.86,-0.395,0.322,0.296,0.033,-0.955,0.981,-0.047,0.189,0.12,0.241,-0.963,0.851,0.018,0.524,-0.075,0.979,0.188,0.839,0.065,0.54,-0.268,0.904,0.335,0.025,0.852,0.522,-0.944,0.183,-0.274,scissors
43.214797,-0.647,0.562,0.516,-0.855,0.0,-0.519,0.805,-0.578,-0.131,0.484,-0.177,-0.857,-0.94,-0.227,-0.254,0.765,0.525,-0.374,-0.224,0.209,-0.952,0.628,0.768,-0.125,0.212,-0.032,-0.977,0.497,0.862,-0.099,0.211,0.019,-0.977,0.402,0.892,0.207,-0.959,0.268,-0.089,none
9.665047,-0.011,-0.105,0.994,-0.477,-0.879,-0.011,0.284,0.005,-0.959,0.799,0.474,0.37,-0.381,0.555,0.74,-0.08,0.771,0.632,-0.742,0.519,0.424,0.237,0.801,0.55,0.636,0.064,0.769,0.115,0.976,-0.184,0.77,-0.083,-0.633,-0.797,0.469,0.38,0.128,0.138,-0.982,none
15.63769,-0.192,0.728,0.658,0.425,0.695,-0.58,0.855,-0.171,-0.49,0.791,-0.541,0.284,-0.424,-0.141,0.895,0.97,-0.205,0.13,-0.275,-0.196,0.941,0.918,0.079,0.389,0.212,-0.931,-0.296,0.907,0.113,0.405,0.151,-0.956,-0.252,0.052,0.923,0.381,0.959,-0.0,0.282,scissors
24.531643,0.202,0.106,0.974,0.14,0.98,-0.14,-0.238,-0.432,-0.87,0.903,0.429,0.01,-0.867,0.482,-0.128,0.467,0.741,0.483,-0.947,0.316,0.053,0.342,0.605,0.719,-0.887,0.339,-0.313,0.181,0.888,0.423,-0.859,0.076,-0.506,-0.316,0.334,0.888,-0.694,-0.333,-0.638,none
36.602633,0.557,-0.449,0.699,-0.408,0.816,0.408,-0.425,0.261,-0.867,0.516,-0.04,0.855,-0.802,0.422,-0.422,0.338,0.941,0.018,0.526,0.526,-0.669,0.386,0.919,0.08,0.687,0.687,-0.239,-0.013,0.978,-0.206,0.311,0.577,-0.755,-0.694,-0.189,0.694,-0.669,0.743,0.0,none
4.505862,-0.145,0.742,0.655,0.133,-0.774,-0.619,0.736,-0.585,-0.34,0.774,-0.541,0.329,-0.689,0.587,-0.425,0.973,-0.183,0.137,-0.951,0.277,-0.139,0.906,0.05,0.421,-0.933,0.021,-0.36,0.904,0.074,0.421,-0.962,0.061,-0.266,0.046,0.9,0.434,-0.206,-0.887,-0.413,scissors
28.38907,-0.007,0.721,0.693,-0.0,-0.992,0.124,0.542,-0.707,-0.455,0.845,-0.397,0.359,-0.265,0.265,-0.927,0.972,-0.058,0.229,-0.913,0.183,-0.365,0.86,-0.035,0.508,-0.688,0.688,-0.229,0.852,0.016,0.524,-0.793,0.566,0.226,0.069,0.846,0.528,-0.889,-0.111,-0.444,scissors
2.588147,0.001,-0.281,0.96,-0.14,-0.7,-0.7,0.179,0.163,-0.97,0.699,0.698,0.16,-0.707,0.424,-0.566,-0.141,0.901,0.409,-0.963,-0.12,-0.241,-0.01,0.878,0.479,-0.868,0.0,-0.496,-0.112,0.959,0.261,-0.962,0.192,-0.192,-0.608,0.347,0.714,-0.857,-0.0,-0.514,none
0.831637,-0.118,0.948,0.296,0.447,0.0,-0.894,0.791,-0.591,0.158,0.861,0.106,-0.497,-0.262,0.087,-0.961,0.707,0.287,0.646,0.087,0.262,-0.961,0.834,0.125,0.537,0.062,0.124,-0.99,0.953,-0.016,0.303,-0.709,0.253,-0.658,0.901,-0.011,0.434,-0.835,-0.322,0.446,paper
25.327384,-0.081,0.733,0.675,-0.414,-0.61,0.676,0.636,-0.628,-0.448,0.824,-0.456,0.338,0.39,0.097,-0.916,0.972,-0.118,0.202,0.195,0.304,-0.933,0.89,-0.004,0.457,-0.125,0.96,0.25,0.88,0.056,0.472,-0.289,0.885,0.366,0.078,0.878,0.472,-0.963,0.17,-0.208,scissors
31.002508,0.174,0.811,0.559,0.145,-0.908,-0.392,0.019,-0.95,-0.31,0.736,-0.263,0.624,-0.486,0.524,-0.699,0.803,-0.125,0.583,-0.727,0.465,-0.505,0.864,-0.105,0.492,-0.63,0.394,-0.669,0.995,0.064,-0.08,-0.936,0.306,-0.172,0.205,0.881,0.426,-0.449,-0.878,-0.163,rock
24.30884,-0.163,0.748,0.643,0.53,0.662,-0.53,0.69,-0.624,-0.367,0.793,-0.526,0.307,-0.294,-0.0,0.956,0.966,-0.196,0.17,-0.199,-0.132,0.971,0.922,0.026,0.386,0.117,-0.986,-0.117,0.915,0.085,0.395,0.151,-0.983,-0.101,0.093,0.917,0.389,0.919,-0.108,0.379,scissors
19.764097,0.272,0.852,-0.447,0.482,0.241,-0.843,0.209,-0.203,0.957,0.093,-0.382,0.919,-0.97,-0.216,0.108,-0.057,-0.508,0.859,-0.899,-0.225,0.375,0.394,-0.902,-0.178,0.418,-0.906,0.07,0.801,0.224,0.555,-0.616,-0.352,0.704,0.915,0.039,0.401,0.282,-0.776,-0.564,none
3.337023,-0.095,0.955,0.28,-0.981,-0.0,-0.196,0.751,-0.648,0.125,0.843,0.06,-0.534,-0.768,0.329,-0.549,0.746,0.247,0.618,-0.667,0.667,-0.333,0.857,0.077,0.51,-0.537,0.447,-0.716,0.956,-0.055,0.289,-0.843,0.527,0.105,0.909,0.112,0.401,-0.615,0.492,0.615,paper
1.02829,0.04,0.804,0.593,-0.667,0.333,-0.667,0.54,-0.766,-0.349,0.737,-0.355,0.574,-0.681,-0.426,-0.596,0.835,-0.195,0.514,-0.941,-0.282,-0.188,0.868,-0.2,0.455,-0.742,-0.212,-0.636,0.993,-0.027,-0.116,-0.936,0.351,-0.0,0.121,0.919,0.374,-0.83,0.249,-0.498,rock
22.56979,0.437,0.332,0.836,0.162,0.062,0.985,-0.365,-0.632,-0.684,0.956,0.235,0.178,-0.168,0.366,-0.915,0.394,0.513,0.762,-0.498,0.829,-0.254,0.393,0.26,0.882,-0.478,0.86,0.178,0.311,0.728,0.612,-0.863,0.49,-0.123,-0.116,0.057,0.992,-0.454,0.421,0.785,none
6.967495,-0.093,0.723,0.684,-0.154,0.748,0.646,0.476,-0.784,-0.398,0.8,-0.492,0.343,0.756,-0.605,0.249,0.977,-0.141,0.161,0.96,-0.248,0.129,0.898,0.016,0.44,0.925,0.042,0.378,0.896,0.031,0.444,0.881,0.097,0.462,0.042,0.884,0.466,-0.021,0.937,0.348,scissors
39.644646,0.573,0.066,0.817,0.655,0.281,-0.702,-0.368,-0.368,-0.854,0.944,0.26,-0.204,0.032,0.51,0.86,0.803,0.582,-0.132,-0.141,0.235,0.962,0.739,0.66,-0.136,-0.0,0.0,1.0,0.501,0.738,-0.452,0.077,0.436,0.897,0.075,-0.757,0.65,-0.046,-0.307,-0.951,none
0.079255,-0.19,0.748,0.636,-0.147,0.662,0.735,0.804,-0.504,-0.315,0.752,-0.578,0.315,0.841,-0.535,0.076,0.97,-0.208,0.127,0.987,-0.158,0.039,0.914,0.068,0.399,0.84,0.14,0.525,0.917,0.098,0.387,0.708,0.223,0.67,0.055,0.907,0.417,-0.285,0.89,0.356,scissors
12.131298,-0.007,0.832,0.555,0.0,-0.828,-0.56,-0.244,-0.942,-0.231,0.697,-0.391,0.601,-0.611,0.407,-0.679,0.806,-0.253,0.535,-0.826,0.307,-0.472,0.833,-0.239,0.5,-0.75,0.296,-0.591,0.994,-0.071,-0.082,-0.982,0.175,-0.065,0.19,0.935,0.3,-0.331,-0.875,-0.355,rock
15.149246,-0.153,0.964,0.219,0.045,-0.97,-0.237,0.425,-0.835,0.348,0.786,-0.01,-0.618,-0.783,0.083,0.617,0.839,0.205,0.503,-0.866,-0.124,-0.484,0.908,0.018,0.418,-0.876,0.078,-0.477,0.97,-0.078,0.232,-0.941,0.197,-0.274,0.922,0.14,0.36,-0.921,-0.064,-0.385,paper
21.24702,-0.149,0.759,0.634,0.169,0.915,-0.366,0.179,-0.92,-0.35,0.789,-0.52,0.328,-0.08,-0.496,0.864,0.964,-0.192,0.185,0.167,-0.501,0.849,0.92,0.027,0.391,0.596,-0.765,-0.245,0.91,0.069,0.409,0.664,-0.713,-0.227,0.096,0.907,0.41,0.887,0.419,0.194,scissors
26.858964,-0.066,0.727,0.684,0.023,0.687,0.726,0.58,-0.647,-0.494,0.839,-0.436,0.324,0.885,-0.378,0.273,0.977,-0.093,0.194,0.981,-0.024,0.193,0.885,0.018,0.466,0.834,-0.024,0.551,0.874,0.076,0.48,0.782,0.04,0.622,0.051,0.875,0.481,-0.063,0.854,0.517,scissors
45.266849,-0.704,0.246,0.666,-0.83,0.069,0.553,0.857,-0.408,-0.314,0.582,0.301,-0.755,-0.878,0.456,-0.146,0.474,0.856,-0.207,-0.314,0.259,-0.913,0.505,0.847,-0.166,-0.482,0.308,-0.82,0.529,0.828,-0.186,-0.749,0.296,-0.593,-0.127,0.977,-0.169,-0.634,0.61,0.476,none
3.093785,-0.011,-0.317,0.948,-0.927,0.265,-0.265,0.16,0.131,-0.978,0.675,0.72,0.163,-0.429,0.286,-0.857,-0.168,0.903,0.395,-0.943,-0.236,-0.236,-0.043,0.881,0.471,-0.436,-0.218,-0.873,-0.146,0.957,0.252,-0.97,-0.243,0.0,-0.637,0.327,0.698,-0.496,-0.0,-0.868,none
24.882782,0.024,0.705,0.709,0.258,0.504,0.824,0.329,-0.877,-0.349,0.814,-0.354,0.46,0.954,-0.144,0.261,0.902,-0.157,0.402,0.944,0.116,0.31,0.914,-0.236,0.33,0.989,-0.038,0.14,0.965,-0.042,-0.259,0.899,0.196,-0.391,0.006,0.944,0.33,-0.294,0.834,0.466,rock
20.294273,0.046,0.774,0.631,-0.348,-0.697,-0.627,0.483,-0.762,-0.431,0.767,-0.343,0.542,-0.762,0.059,-0.645,0.857,-0.174,0.485,-0.941,-0.125,-0.314,0.888,-0.205,0.411,-0.893,0.064,-0.446,0.984,-0.02,-0.175,-0.993,-0.0,0.117,0.095,0.931,0.351,-0.316,-0.569,-0.759,rock
18.259359,-0.151,0.954,0.26,0.601,0.2,-0.773,0.876,-0.449,-0.178,0.823,-0.042,-0.567,-0.331,-0.883,-0.331,0.816,0.202,0.542,0.254,-0.933,-0.254,0.882,0.018,0.471,0.056,-0.929,-0.366,0.951,-0.063,0.302,-0.208,-0.922,-0.327,0.9,0.142,0.413,0.14,-0.728,-0.672,paper
18.411058,0.197,0.963,-0.182,0.961,-0.168,0.219,0.151,-0.467,0.871,0.382,-0.802,0.459,0.84,0.331,0.431,0.518,-0.722,0.459,0.272,0.23,0.934,0.571,-0.798,0.192,0.381,-0.052,0.923,0.708,-0.507,0.492,0.25,0.336,0.908,0.91,-0.201,0.363,-0.457,-0.457,0.763,none
10.338311,-0.159,0.959,0.236,-0.192,0.962,0.192,0.672,-0.676,0.302,0.793,0.041,-0.608,0.664,0.041,-0.747,0.815,0.233,0.53,0.776,0.243,0.582,0.904,0.038,0.426,0.903,0.048,0.428,0.971,-0.063,0.233,0.894,-0.0,0.447,0.919,0.153,0.364,0.909,0.26,0.325,paper
3.456782,-0.141,0.749,0.647,0.267,-0.802,-0.535,0.764,-0.579,-0.285,0.763,-0.544,0.35,-0.408,0.408,-0.816,0.972,-0.184,0.144,-0.919,0.394,-0.0,0.91,0.032,0.414,-0.962,0.192,-0.192,0.91,0.053,0.411,-0.905,0.302,0.302,0.062,0.898,0.435,-0.855,-0.367,-0.367,scissors
4.965927,-0.118,0.804,0.583,0.45,0.585,0.675,0.802,-0.532,-0.271,0.726,-0.553,0.408,0.972,-0.057,0.229,0.947,-0.223,0.229,0.816,0.435,0.381,0.929,-0.041,0.367,0.612,-0.204,0.764,0.933,-0.014,0.36,0.461,-0.138,0.876,0.15,0.885,0.441,-0.374,0.607,0.701,scissors
9.154052,-0.177,-0.07,0.982,0.707,0.424,-0.566,0.536,0.014,-0.844,0.714,0.695,0.079,0.337,-0.842,-0.421,-0.332,0.781,0.529,0.958,-0.239,-0.16,-0.068,0.741,0.668,0.64,-0.64,-0.426,0.245,0.965,0.09,-0.483,-0.87,-0.097,-0.724,0.627,0.286,-0.667,-0.074,0.741,none
2.438175,0.027,0.816,0.578,0.272,0.68,0.68,0.518,-0.791,-0.327,0.732,-0.355,0.581,0.919,0.0,-0.394,0.827,-0.203,0.524,0.707,0.424,0.566,0.858,-0.208,0.47,0.943,0.236,-0.236,0.994,-0.038,-0.103,0.391,0.651,-0.651,0.149,0.925,0.351,-0.745,0.662,0.083,rock
23.821306,0.393,0.122,0.911,-0.096,0.909,0.406,-0.364,-0.438,-0.822,0.906,0.401,0.137,0.933,-0.282,-0.222,0.419,0.645,0.639,0.919,-0.105,0.381,0.429,0.364,0.827,0.93,-0.129,0.344,0.247,0.765,0.594,0.875,0.153,0.459,-0.258,0.173,0.951,0.545,0.545,0.636,none
13.237627,-0.103,0.552,0.828,-0.196,0.784,-0.588,0.49,-0.601,-0.632,0.831,-0.526,-0.182,0.148,0.295,0.944,0.97,-0.21,-0.125,0.198,-0.351,0.915,0.934,-0.215,-0.286,-0.018,-0.767,0.642,0.876,-0.028,-0.482,0.452,-0.181,0.874,0.549,0.003,0.836,-0.781,-0.607,0.145,none
25.335413,0.426,0.534,0.73,0.341,0.085,-0.936,-0.377,-0.797,-0.471,0.988,0.006,0.155,-0.864,-0.457,-0.212,0.5,0.232,0.834,-0.318,-0.578,-0.751,0.546,0.041,0.836,-0.087,-0.434,-0.897,0.48,0.462,0.746,-0.518,-0.633,-0.575,0.165,-0.15,0.975,-0.894,-0.447,-0.024,none
10.174072,-0.031,-0.155,0.987,0.207,-0.83,-0.518,0.351,0.069,-0.934,0.555,0.402,0.728,-0.608,-0.275,-0.745,-0.647,0.56,0.517,0.089,-0.98,0.178,-0.11,0.693,0.712,-0.162,-0.162,0.973,0.189,0.554,-0.811,-0.688,0.688,0.229,-0.686,0.593,0.421,-0.64,-0.426,-0.64,none
34.049591,0.49,-0.108,0.865,-0.0,0.707,-0.707,-0.413,-0.184,-0.892,0.529,0.194,0.826,-0.654,-0.618,-0.436,-0.6,0.143,0.787,0.329,-0.812,0.483,-0.139,0.325,0.935,0.561,-0.741,0.37,0.115,0.981,0.158,-0.872,-0.445,0.205,-0.215,0.147,0.966,-0.877,0.45,0.166,none
21.312509,0.043,0.717,0.696,0.278,-0.928,-0.247,0.524,-0.705,-0.477,0.816,-0.328,0.477,-0.306,0.584,-0.751,0.897,-0.13,0.422,-0.606,0.606,-0.515,0.922,-0.201,0.33,-0.448,0.476,-0.756,0.965,-0.006,-0.262,-0.865,0.405,-0.297,0.003,0.93,0.368,-0.599,-0.799,-0.057,rock
12.59852,-0.23,0.938,0.258,0.215,0.933,0.287,0.284,-0.921,0.266,0.799,0.098,-0.593,0.793,-0.0,-0.61,0.792,0.304,0.53,0.442,0.147,0.885,0.887,0.127,0.443,0.707,0.0,0.707,0.969,0.024,0.248,0.614,0.0,0.789,0.894,0.222,0.39,0.442,0.147,0.885,paper
56.063246,0.678,-0.594,0.432,-0.316,-0.949,0.0,-0.623,0.44,-0.647,-0.04,-0.345,0.938,-0.0,-0.0,-1.0,-0.739,-0.634,0.228,-0.962,-0.192,0.192,-0.76,-0.6,0.249,-0.873,0.218,-0.436,-0.782,-0.597,0.177,-0.777,0.173,-0.605,-0.754,-0.536,0.38,-0.488,0.781,0.39,none
5.072151,0.084,-0.107,0.991,0.866,0.379,-0.325,0.23,0.036,-0.972,0.788,0.55,0.278,0.596,-0.745,0.298,-0.242,0.76,0.603,0.527,-0.527,0.667,-0.169,0.654,0.737,0.673,-0.589,0.448,-0.179,0.763,0.621,0.723,-0.528,0.445,-0.407,0.278,0.87,0.499,-0.666,-0.555,none
32.533319,0.045,0.808,0.588,-0.709,-0.253,0.658,0.192,-0.951,-0.243,0.736,-0.327,0.593,0.304,-0.477,-0.825,0.824,-0.173,0.54,0.385,-0.275,-0.881,0.868,-0.176,0.464,0.243,-0.582,-0.776,0.992,0.0,-0.125,-0.208,-0.416,-0.885,0.167,0.912,0.374,-0.827,0.36,-0.432,rock
25.83851,-0.039,0.67,0.741,0.027,-0.623,-0.782,0.549,-0.655,-0.519,0.883,-0.373,0.285,-0.881,0.385,-0.275,0.988,-0.011,0.152,-0.996,0.027,-0.08,0.834,0.067,0.547,-0.822,-0.054,-0.566,0.821,0.11,0.56,-0.838,-0.068,-0.541,-0.03,0.849,0.528,0.014,-0.849,-0.529,scissors
4.880888,-0.094,0.806,0.584,0.638,0.319,0.701,0.795,-0.53,-0.295,0.724,-0.543,0.426,0.94,0.342,-0.0,0.945,-0.213,0.249,0.513,0.807,0.293,0.925,-0.061,0.375,0.222,-0.148,0.964,0.931,-0.036,0.362,0.123,-0.123,0.985,0.159,0.875,0.457,-0.65,0.26,0.715,scissors
25.93243,-0.036,0.688,0.725,-0.077,-0.63,-0.773,0.61,-0.593,-0.526,0.867,-0.388,0.311,-0.888,0.325,-0.325,0.984,-0.036,0.177,-0.989,-0.032,-0.147,0.85,0.035,0.525,-0.792,0.021,-0.61,0.837,0.088,0.54,-0.803,0.0,-0.597,0.009,0.852,0.523,-0.0,-0.808,-0.589,scissors
47.350889,0.416,-0.467,0.78,-0.646,-0.75,-0.139,-0.23,0.346,-0.91,0.379,0.542,0.75,-0.773,0.625,-0.109,-0.846,0.273,0.458,-0.457,0.173,-0.873,-0.787,0.193,0.586,-0.55,0.316,-0.774,-0.785,0.163,0.597,-0.559,0.46,-0.69,-0.532,-0.163,0.831,-0.772,0.483,-0.413,none
13.087084,-0.19,0.713,0.675,0.325,0.686,-0.65,0.784,-0.152,-0.602,0.799,-0.53,0.284,-0.521,-0.217,0.825,0.976,-0.184,0.112,-0.288,-0.324,0.901,0.909,0.085,0.409,0.155,-0.891,-0.426,0.897,0.118,0.425,0.187,-0.888,-0.421,0.03,0.918,0.396,0.994,-0.05,0.099,scissors
19.929392,0.255,0.884,-0.391,-0.754,-0.278,-0.595,0.215,-0.257,0.942,0.077,-0.302,0.95,-0.996,-0.092,0.012,-0.154,-0.381,0.912,-0.79,-0.492,-0.365,0.364,-0.906,-0.217,0.007,-0.981,-0.196,0.791,0.272,0.548,-0.84,0.475,0.263,0.889,0.06,0.454,-0.514,-0.851,-0.112,none
35.660143,0.141,0.817,0.559,-0.206,-0.309,0.928,0.172,-0.938,-0.301,0.726,-0.285,0.626,-0.241,-0.843,0.482,0.799,-0.139,0.586,-0.155,-0.699,0.699,0.86,-0.117,0.497,-0.101,-0.404,0.909,0.996,0.056,-0.075,0.212,-0.212,0.954,0.196,0.882,0.428,0.347,0.78,-0.52,rock
14.639269,-0.242,0.938,0.247,0.058,-0.976,-0.209,-0.028,-0.981,0.191,0.8,0.108,-0.591,-0.746,0.117,0.656,0.794,0.317,0.518,-0.893,-0.085,-0.442,0.89,0.142,0.433,-0.896,0.12,-0.427,0.967,0.043,0.252,-0.943,0.236,-0.236,0.888,0.22,0.403,-0.939,-0.042,-0.341,paper
20.227453,0.001,0.719,0.695,0.101,0.704,0.704,0.414,-0.786,-0.459,0.835,-0.404,0.373,0.887,-0.338,0.315,0.969,-0.072,0.237,0.97,-0.012,0.243,0.871,-0.06,0.487,0.81,-0.068,0.582,0.864,-0.031,0.502,0.751,-0.035,0.659,0.078,0.845,0.528,-0.067,0.832,0.551,scissors
25.39246,0.054,0.892,0.449,0.265,0.893,0.364,0.129,-0.96,-0.248,0.643,-0.354,0.679,0.613,-0.21,0.762,0.742,-0.253,0.62,0.644,-0.127,0.754,0.784,-0.191,0.59,0.748,0.0,0.664,0.999,-0.042,0.031,0.969,0.147,0.199,0.297,0.902,0.313,0.288,0.846,0.448,rock
39.134644,0.573,0.023,0.819,0.116,0.93,-0.349,-0.412,-0.291,-0.863,0.908,0.35,-0.228,0.933,0.224,0.28,0.693,0.711,-0.12,0.696,0.177,0.696,0.626,0.778,-0.056,0.735,-0.142,0.663,0.405,0.832,-0.378,0.849,0.19,0.494,0.017,-0.733,0.68,0.488,-0.183,-0.854,none
18.188307,-0.187,0.804,0.564,0.135,0.892,0.432,0.89,-0.344,-0.298,0.727,-0.591,0.351,0.667,-0.477,0.572,0.935,-0.287,0.21,0.808,-0.186,0.559,0.952,-0.015,0.305,0.863,-0.357,0.357,0.948,0.04,0.317,0.827,-0.276,0.49,0.167,0.922,0.349,0.18,0.841,0.51,scissors
9.015084,-0.14,0.77,0.623,0.155,-0.736,-0.659,-0.288,-0.74,-0.607,0.759,-0.538,0.368,-0.788,0.488,-0.375,0.961,-0.203,0.188,-0.977,0.209,-0.035,0.92,0.008,0.393,-0.902,0.0,-0.431,0.916,0.03,0.399,-0.945,-0.0,-0.327,0.104,0.898,0.427,-0.189,-0.871,-0.454,scissors
11.622458,0.001,0.85,0.527,0.037,-0.707,-0.707,-0.232,-0.932,-0.278,0.679,-0.39,0.622,-0.7,0.434,-0.567,0.789,-0.26,0.556,-0.922,0.273,-0.273,0.817,-0.237,0.526,-0.816,0.374,-0.442,0.996,-0.073,-0.052,-0.964,0.249,0.093,0.22,0.93,0.296,-0.22,-0.918,-0.33,rock
25.587732,-0.043,0.654,0.755,-0.087,-0.786,-0.612,0.478,-0.685,-0.55,0.888,-0.364,0.279,-0.744,0.447,-0.496,0.989,0.002,0.146,-0.986,0.141,-0.094,0.822,0.08,0.563,-0.861,0.051,-0.506,0.804,0.125,0.581,-0.953,0.095,-0.286,-0.044,0.843,0.536,-0.316,-0.789,-0.526,scissors
27.6171,0.523,-0.063,0.85,-0.298,-0.954,0.0,-0.549,-0.277,-0.789,0.621,0.584,0.523,0.227,0.907,-0.356,0.123,0.635,0.763,0.241,0.843,0.482,0.28,0.637,0.718,0.499,0.855,0.142,0.096,0.881,0.463,-0.286,0.953,0.095,-0.408,-0.096,0.908,-0.945,-0.325,0.03,none
9.505483,0.004,0.941,0.337,0.424,0.566,-0.707,0.462,-0.882,0.093,0.89,-0.038,-0.454,-0.065,-0.523,-0.85,0.72,0.147,0.678,0.647,-0.74,-0.185,0.808,-0.016,0.589,0.485,-0.728,-0.485,0.909,-0.143,0.391,0.147,-0.885,-0.442,0.873,0.0,0.488,0.504,-0.42,-0.755,paper
15.275623,-0.183,-0.169,0.968,0.467,-0.876,0.117,0.665,0.195,-0.721,0.728,0.107,-0.677,-0.089,0.842,-0.532,0.768,0.486,-0.418,-0.221,0.974,-0.044,0.749,0.434,-0.501,0.386,0.837,-0.386,-0.234,0.723,0.65,-0.768,0.144,0.624,-0.702,0.668,0.249,-0.573,-0.655,-0.492,none
5.6788,0.102,-0.191,0.976,0.738,0.527,-0.422,0.237,0.09,-0.967,0.772,0.561,0.299,-0.365,-0.913,0.183,-0.242,0.796,0.555,-0.512,-0.768,0.384,-0.139,0.732,0.667,-0.164,-0.986,-0.0,-0.12,0.863,0.491,-0.226,-0.793,0.566,-0.469,0.256,0.845,-0.174,-0.696,-0.696,none
15.147381,-0.133,0.981,0.145,0.091,-0.951,-0.297,0.308,-0.896,0.321,0.738,-0.038,-0.674,-0.801,0.016,0.599,0.881,0.171,0.441,-0.834,-0.189,-0.519,0.936,-0.025,0.351,-0.863,0.008,-0.505,0.98,-0.121,0.16,-0.941,0.123,-0.316,0.948,0.122,0.294,-0.895,-0.114,-0.432,paper
12.131689,0.016,0.842,0.54,-0.069,-0.93,-0.362,-0.218,-0.952,-0.214,0.7,-0.374,0.608,-0.513,0.364,-0.778,0.803,-0.237,0.547,-0.706,0.31,-0.637,0.834,-0.223,0.505,-0.675,0.203,-0.709,0.996,-0.056,-0.072,-0.97,0.115,-0.214,0.196,0.929,0.315,-0.445,-0.821,-0.359,rock
18.717092,-0.167,0.953,0.254,0.669,0.167,-0.724,0.893,-0.426,-0.144,0.813,-0.033,-0.582,-0.267,-0.909,-0.321,0.824,0.209,0.526,0.055,-0.992,-0.11,0.892,0.023,0.451,-0.053,-0.962,-0.267,0.958,-0.06,0.281,-0.416,-0.892,-0.178,0.904,0.157,0.397,-0.052,-0.78,-0.624,paper
2.967216,0.033,0.811,0.584,-0.555,0.832,0.0,0.512,-0.807,-0.292,0.725,-0.361,0.586,0.0,-0.447,-0.894,0.825,-0.205,0.526,-0.408,-0.408,0.816,0.858,-0.209,0.468,0.577,0.577,-0.577,0.993,-0.035,-0.114,-0.667,0.667,-0.333,0.15,0.927,0.343,-0.762,0.457,-0.457,rock
15.785063,-0.267,-0.148,0.952,0.91,-0.164,0.382,0.668,0.155,-0.728,0.751,0.02,-0.659,-0.031,0.975,0.22,0.814,0.423,-0.398,-0.68,0.604,0.415,0.806,0.364,-0.466,-0.525,0.775,0.35,-0.037,0.848,0.529,0.501,-0.163,0.85,-0.621,0.741,0.254,-0.507,-0.526,0.682,none
2.782485,-0.102,0.944,0.312,0.0,0.949,0.316,0.771,-0.63,0.094,0.866,0.067,-0.495,0.588,0.196,-0.784,0.718,0.258,0.646,-0.588,0.196,0.784,0.836,0.1,0.539,-0.408,0.816,0.408,0.944,-0.018,0.331,-0.651,0.391,0.651,0.879,0.134,0.457,-0.804,-0.042,0.593,paper
1.579542,-0.015,-0.27,0.963,0.0,0.316,0.949,0.184,0.153,-0.971,0.686,0.714,0.143,-0.0,-0.707,-0.707,-0.157,0.913,0.377,-0.781,-0.0,0.625,-0.031,0.889,0.458,-0.894,0.0,0.447,-0.134,0.956,0.26,-0.762,0.457,0.457,-0.61,0.355,0.709,-0.986,-0.164,-0.0,none
14.172955,0.021,0.742,0.67,-0.509,-0.712,-0.483,0.418,-0.816,-0.4,0.79,-0.36,0.497,-0.669,0.025,-0.743,0.884,-0.174,0.434,-0.781,-0.081,-0.619,0.901,-0.234,0.366,-0.82,-0.102,-0.564,0.973,-0.045,-0.225,-0.978,-0.201,-0.05,0.041,0.942,0.333,-0.31,-0.646,-0.698,rock
1.576857,-0.026,-0.284,0.959,0.921,0.325,-0.217,0.175,0.169,-0.97,0.676,0.724,0.135,-0.14,-0.98,0.14,-0.164,0.917,0.363,-0.272,-0.724,0.634,-0.04,0.894,0.446,-0.116,-0.93,0.349,-0.145,0.958,0.246,-0.398,-0.597,0.697,-0.624,0.353,0.697,0.275,-0.962,-0.0,none
13.602545,-0.304,0.738,0.603,0.154,0.772,-0.617,0.879,-0.088,-0.468,0.727,-0.642,0.243,-0.302,-0.905,-0.302,0.943,-0.324,0.076,-0.371,-0.743,0.557,0.954,0.117,0.275,0.64,-0.426,-0.64,0.942,0.16,0.295,-0.577,0.577,0.577,0.08,0.964,0.255,-0.324,0.811,-0.487,scissors
47.807527,0.606,-0.519,0.604,-0.536,-0.825,-0.179,-0.468,0.379,-0.799,0.177,0.407,0.896,-0.626,0.779,0.034,-0.913,-0.021,0.407,-0.579,0.107,-0.808,-0.857,-0.074,0.509,-0.61,0.305,-0.732,-0.852,-0.126,0.507,-0.575,0.421,-0.701,-0.562,-0.574,0.596,-0.85,0.409,-0.333,none
49.842875,0.718,-0.409,0.563,-0.932,-0.033,0.36,-0.634,0.245,-0.733,0.214,0.185,0.959,-0.023,0.518,-0.855,-0.777,-0.046,0.627,-0.327,0.827,-0.457,-0.737,-0.035,0.675,-0.278,0.833,-0.478,-0.762,-0.045,0.646,-0.408,0.829,-0.382,-0.491,-0.654,0.576,0.149,0.77,0.621,none
48.313394,0.662,-0.53,0.53,-0.529,-0.61,-0.59,-0.518,0.396,-0.758,0.168,0.295,0.941,-0.942,0.077,-0.327,-0.88,-0.139,0.454,-0.226,-0.362,-0.904,-0.842,-0.169,0.512,-0.339,-0.194,-0.921,-0.846,-0.203,0.493,-0.33,-0.071,-0.942,-0.56,-0.623,0.546,-0.823,0.262,-0.505,none
29.311164,0.53,-0.03,0.847,-0.236,0.236,0.943,-0.535,-0.249,-0.808,0.5,0.625,0.6,0.707,-0.707,0.0,0.03,0.67,0.742,0.436,0.218,0.873,0.243,0.678,0.694,0.527,0.843,-0.105,0.094,0.906,0.413,0.152,0.986,0.076,-0.35,-0.152,0.924,-0.973,-0.162,0.162,none
53.413075,0.738,-0.573,0.357,-0.315,0.946,0.079,-0.716,0.402,-0.572,0.312,0.95,0.027,-0.981,-0.088,-0.175,-0.1,0.987,0.126,-0.691,-0.022,-0.722,-0.687,0.414,0.597,-0.596,0.222,-0.772,-0.728,-0.609,0.313,-0.564,0.223,-0.795,-0.755,-0.576,0.314,0.487,-0.108,0.866,none
29.527194,0.527,-0.034,0.849,0.39,0.693,0.606,-0.539,-0.227,-0.811,0.529,0.621,0.578,0.96,-0.077,0.269,0.056,0.672,0.739,0.473,0.158,0.867,0.253,0.68,0.689,0.671,0.316,0.671,0.094,0.911,0.401,0.427,0.762,0.488,-0.339,-0.141,0.93,-0.032,-0.287,0.957,none
17.730032,-0.15,0.628,0.764,0.8,-0.385,0.46,0.503,-0.707,-0.497,0.849,-0.479,-0.223,0.149,0.969,0.196,0.99,0.116,0.086,-0.53,0.686,0.499,0.976,0.195,0.095,-0.656,0.375,0.656,0.843,0.529,0.094,-0.64,0.426,0.64,0.258,0.723,0.641,-0.715,-0.38,0.586,none
28.76389,0.542,-0.026,0.84,-0.68,0.68,0.272,-0.565,-0.259,-0.783,0.487,0.597,0.638,0.905,-0.0,-0.426,0.009,0.635,0.773,0.857,-0.0,0.514,0.236,0.643,0.729,0.94,0.336,0.067,0.083,0.879,0.469,0.686,0.624,0.374,-0.355,-0.16,0.921,-0.243,0.97,-0.0,none
17.687527,-0.147,0.769,0.622,0.588,0.769,-0.249,0.811,-0.329,-0.484,0.793,-0.533,0.296,0.107,-0.133,0.985,0.967,-0.208,0.149,0.218,-0.121,0.968,0.927,0.023,0.375,0.444,-0.888,0.123,0.921,0.053,0.385,0.493,-0.856,0.156,0.083,0.919,0.385,0.726,0.307,0.615,scissors
19.429829,0.29,0.842,-0.456,-0.447,-0.0,-0.894,0.178,-0.239,0.955,0.094,-0.367,0.926,0.312,-0.156,-0.937,-0.057,-0.49,0.87,-0.447,-0.894,0.0,0.388,-0.906,-0.17,-0.625,0.781,-0.0,0.793,0.257,0.552,-0.512,-0.384,0.768,0.906,0.025,0.422,0.359,-0.598,-0.717,none
2.08013,-0.007,-0.267,0.964,0.436,-0.218,-0.873,0.194,0.171,-0.966,0.706,0.693,0.146,-0.707,-0.0,-0.707,-0.132,0.905,0.405,-0.905,-0.302,0.302,0.001,0.878,0.478,-0.943,-0.236,-0.236,-0.102,0.956,0.274,-0.953,0.136,0.272,-0.594,0.364,0.717,-0.889,-0.254,-0.381,none
4.136825,0.098,-0.27,0.958,0.446,-0.079,-0.892,0.174,0.079,-0.982,0.717,0.638,0.281,-0.805,-0.566,0.179,-0.191,0.835,0.515,-0.155,-0.964,-0.218,-0.041,0.806,0.59,-0.269,-0.836,-0.478,-0.141,0.919,0.368,-0.367,-0.903,-0.226,-0.568,0.258,0.782,0.17,-0.738,-0.653,none
54.432081,0.731,-0.575,0.369,-0.946,0.265,0.189,-0.661,0.39,-0.641,0.282,0.727,0.626,-0.911,-0.072,-0.405,-0.853,-0.269,0.448,-0.308,0.415,-0.856,-0.735,-0.587,0.339,-0.346,0.291,-0.892,-0.696,-0.683,0.223,-0.787,0.608,0.107,-0.725,-0.575,0.38,-0.348,0.497,-0.795,none
33.840564,0.467,-0.084,0.88,-0.707,0.0,-0.707,-0.38,-0.197,-0.904,0.534,0.187,0.825,-0.841,0.382,-0.382,-0.626,0.08,0.776,0.278,-0.526,0.804,-0.266,0.171,0.949,0.564,-0.41,0.717,0.118,0.987,0.105,0.391,-0.13,0.911,-0.223,0.159,0.962,-0.377,0.754,-0.538,none
33.477836,0.099,0.819,0.565,-0.216,-0.97,0.108,0.248,-0.932,-0.266,0.739,-0.301,0.603,-0.083,0.083,-0.993,0.815,-0.157,0.557,-0.535,0.267,-0.802,0.859,-0.149,0.489,-0.314,0.105,-0.943,0.997,0.021,-0.08,-0.845,0.169,-0.507,0.175,0.899,0.402,-0.885,-0.147,-0.442,rock
23.653525,0.413,0.133,0.901,-0.154,0.772,0.617,-0.404,-0.488,-0.774,0.912,0.374,0.167,0.893,-0.223,-0.391,0.409,0.615,0.674,0.867,0.062,0.495,0.348,0.316,0.882,0.933,0.133,0.333,0.2,0.737,0.646,0.574,0.646,0.503,-0.245,0.14,0.96,0.078,0.705,0.705,none
12.216915,-0.175,-0.255,0.951,-0.0,0.707,0.707,0.573,0.24,-0.784,0.828,0.036,-0.559,0.191,-0.477,-0.858,-0.521,0.717,0.463,-0.423,0.725,0.544,-0.441,0.619,0.65,-0.07,0.209,0.975,-0.328,0.634,0.7,0.083,0.083,0.993,-0.879,0.426,0.213,-0.254,0.381,-0.889,none
38.115589,0.509,-0.388,0.768,0.636,0.711,0.299,-0.377,0.216,-0.901,0.66,0.558,0.504,-0.517,-0.812,-0.271,-0.154,0.752,0.641,-0.83,-0.22,-0.513,-0.054,0.819,0.572,-0.896,-0.112,-0.429,-0.291,0.856,0.427,-0.997,-0.081,-0.0,-0.623,0.021,0.782,-0.642,-0.223,0.734,none
24.373063,0.082,0.726,0.683,-0.249,0.893,0.374,0.472,-0.773,-0.424,0.817,-0.308,0.487,0.463,-0.706,0.536,0.89,-0.115,0.44,0.615,-0.592,0.521,0.918,-0.186,0.351,0.621,-0.478,0.621,0.972,0.002,-0.235,0.929,-0.336,0.155,0.025,0.926,0.376,0.156,0.984,-0.089,rock
34.131826,0.086,0.848,0.523,-0.173,-0.978,0.115,0.183,-0.955,-0.231,0.701,-0.326,0.634,-0.103,0.155,-0.982,0.785,-0.195,0.588,-0.359,0.359,-0.862,0.832,-0.161,0.53,-0.298,0.0,-0.954,0.999,0.005,-0.044,-0.808,0.115,-0.577,0.251,0.896,0.366,-0.874,-0.257,-0.411,rock
31.002049,0.104,0.806,0.583,-0.12,-0.915,-0.385,0.065,-0.948,-0.312,0.733,-0.307,0.607,-0.572,0.303,-0.762,0.814,-0.166,0.557,-0.714,0.242,-0.657,0.859,-0.158,0.487,-0.711,0.147,-0.688,0.996,0.014,-0.089,-0.98,0.045,-0.192,0.189,0.907,0.377,-0.406,-0.824,-0.395,rock
36.601324,0.631,-0.353,0.691,-0.682,0.341,0.648,-0.451,0.158,-0.879,0.562,0.403,0.723,-0.926,-0.019,-0.377,0.354,0.887,0.296,0.919,-0.338,0.201,0.364,0.915,0.175,0.972,0.231,-0.046,0.034,0.996,-0.085,0.84,0.434,-0.325,-0.588,-0.148,0.795,0.398,0.412,-0.82,none
19.64084,0.294,0.841,-0.455,-0.432,-0.259,-0.864,0.203,-0.213,0.956,0.084,-0.382,0.92,-0.986,-0.152,0.076,-0.061,-0.511,0.857,-0.953,-0.136,0.272,0.379,-0.903,-0.201,-0.28,-0.466,-0.839,0.796,0.227,0.561,-0.642,0.161,0.749,0.915,0.033,0.402,-0.069,-0.553,-0.83,none
39.642768,0.559,0.03,0.828,-0.298,-0.596,-0.745,-0.407,-0.35,-0.844,0.92,0.302,-0.25,0.596,0.681,0.426,0.755,0.634,-0.169,0.248,0.461,0.852,0.688,0.712,-0.143,0.484,-0.138,0.864,0.45,0.769,-0.454,0.506,0.273,0.818,0.002,-0.727,0.687,-0.428,-0.086,-0.9,none
2.734723,-0.141,0.751,0.645,0.267,0.802,0.535,0.699,-0.634,-0.33,0.768,-0.538,0.348,0.324,-0.487,-0.811,0.975,-0.175,0.135,0.333,-0.667,-0.667,0.906,0.035,0.423,0.447,0.894,0.0,0.91,0.056,0.411,-0.229,0.688,0.688,0.051,0.896,0.44,-0.722,0.619,-0.309,scissors
22.487095,0.398,0.35,0.848,0.338,-0.374,0.863,-0.29,-0.665,-0.689,0.984,0.13,0.125,0.221,0.948,-0.23,0.516,0.48,0.709,-0.492,0.87,-0.02,0.515,0.262,0.817,-0.426,0.786,0.448,0.431,0.757,0.492,-0.771,0.637,-0.009,-0.047,0.169,0.985,-0.658,0.217,0.721,none
17.187598,-0.14,0.938,0.316,0.514,-0.857,-0.0,0.816,-0.575,0.058,0.859,0.025,-0.511,-0.802,0.267,0.535,0.762,0.245,0.6,-1.0,0.0,-0.0,0.847,0.07,0.526,-0.912,0.228,-0.342,0.935,-0.025,0.354,-0.912,0.38,0.152,0.871,0.137,0.471,-0.974,-0.0,-0.225,paper
12.131018,0.017,0.846,0.533,-0.126,-0.984,-0.126,-0.24,-0.94,-0.24,0.694,-0.376,0.614,-0.378,0.307,-0.874,0.8,-0.238,0.55,-0.597,0.338,-0.727,0.833,-0.219,0.508,-0.552,0.168,-0.816,0.996,-0.051,-0.075,-0.93,0.116,-0.349,0.2,0.927,0.318,-0.613,-0.707,-0.353,rock
48.87052,0.757,-0.05,0.651,0.993,-0.05,0.112,-0.689,-0.284,-0.667,0.634,0.079,0.769,0.086,-0.465,0.881,-0.503,0.049,0.863,-0.512,-0.512,0.689,-0.416,-0.047,0.908,-0.373,-0.589,0.717,-0.424,-0.121,0.897,-0.343,-0.642,0.686,-0.109,-0.695,0.711,-0.181,-0.971,0.158,none
4.01242,0.044,0.827,0.56,0.0,1.0,0.0,0.547,-0.801,-0.244,0.712,-0.355,0.606,-0.514,-0.0,-0.857,0.811,-0.211,0.546,-0.913,0.183,0.365,0.846,-0.203,0.494,-0.577,0.577,-0.577,0.996,-0.035,-0.087,-0.8,0.6,-0.0,0.181,0.924,0.337,-0.811,0.324,-0.487,rock
7.541959,0.001,0.778,0.628,-0.077,-0.884,-0.461,0.608,-0.575,-0.547,0.766,-0.365,0.529,-0.573,0.344,-0.744,0.862,-0.19,0.47,-0.802,0.267,-0.535,0.883,-0.233,0.407,-0.73,0.234,-0.642,0.982,-0.049,-0.183,-0.981,0.136,-0.136,0.081,0.94,0.33,-0.437,-0.816,-0.379,rock
9.078949,0.043,0.842,0.537,0.025,0.84,0.543,0.594,-0.461,-0.659,0.697,-0.359,0.621,0.694,-0.418,0.587,0.797,-0.227,0.56,0.792,-0.27,0.548,0.83,-0.211,0.516,0.809,-0.235,0.539,0.997,-0.046,-0.06,0.997,-0.071,0.009,0.208,0.925,0.318,0.111,0.958,0.265,rock
19.717273,0.012,0.746,0.666,-0.333,0.444,0.832,0.602,-0.657,-0.455,0.822,-0.401,0.404,0.828,-0.466,-0.311,0.961,-0.069,0.269,0.963,-0.12,-0.241,0.861,-0.068,0.504,0.798,0.426,0.426,0.861,-0.037,0.507,0.467,0.571,0.675,0.098,0.831,0.548,-0.532,0.842,0.089,scissors
15.149116,-0.135,0.969,0.209,0.068,-0.963,-0.261,0.425,-0.835,0.348,0.785,-0.025,-0.619,-0.785,0.048,0.618,0.839,0.194,0.508,-0.862,-0.157,-0.482,0.907,0.007,0.421,-0.877,0.044,-0.478,0.968,-0.088,0.235,-0.948,0.163,-0.272,0.926,0.129,0.355,-0.911,-0.085,-0.403,paper
44.743429,-0.698,0.417,0.581,0.806,0.426,0.411,0.814,-0.514,-0.27,0.332,0.61,-0.719,0.913,-0.383,0.138,0.371,0.877,-0.304,0.467,-0.33,0.82,0.283,0.952,-0.115,0.687,-0.514,0.514,0.248,0.968,0.033,-0.213,-0.264,-0.941,0.18,0.903,0.391,-0.716,-0.223,0.661,none
36.101397,0.077,0.846,0.528,0.66,0.66,-0.36,0.22,-0.934,-0.282,0.712,-0.328,0.621,-0.195,-0.098,0.976,0.795,-0.197,0.573,-0.192,-0.192,0.962,0.835,-0.171,0.522,0.081,0.242,0.967,0.999,-0.006,-0.042,0.382,0.382,0.841,0.224,0.903,0.366,0.656,0.749,0.094,rock
4.992716,0.041,0.901,0.431,0.46,-0.684,-0.566,0.62,-0.705,-0.343,0.633,-0.361,0.685,-0.563,0.698,-0.443,0.736,-0.26,0.624,-0.799,0.555,-0.23,0.778,-0.193,0.598,-0.658,0.603,-0.452,0.998,-0.046,0.037,-0.877,0.478,0.053,0.313,0.898,0.31,-0.157,-0.987,0.029,rock
37.095469,0.592,-0.407,0.695,-0.945,-0.232,0.232,-0.475,0.187,-0.86,0.477,0.635,0.607,0.515,0.853,-0.084,-0.116,0.834,0.54,-0.601,0.207,-0.772,0.037,0.875,0.483,-0.758,0.143,-0.636,-0.203,0.946,0.252,-0.826,0.046,-0.562,-0.663,-0.163,0.731,-0.604,0.415,0.68,none
50.351441,0.623,-0.684,0.379,-0.171,-0.514,0.84,-0.697,0.459,-0.551,0.112,0.786,0.608,0.97,0.195,-0.144,-0.644,0.637,0.424,0.766,0.159,0.623,-0.562,0.689,0.458,0.85,0.047,0.525,-0.717,0.57,0.402,0.81,0.049,0.585,-0.602,-0.496,0.626,-0.764,0.307,0.567,none
26.851102,0.621,0.149,0.77,0.447,-0.0,-0.894,-0.557,-0.52,-0.648,0.616,0.566,0.548,-0.697,-0.597,0.398,0.097,0.599,0.795,-0.537,-0.827,0.165,0.236,0.568,0.788,-0.775,-0.63,-0.048,0.115,0.815,0.568,-0.797,-0.503,0.335,0.325,-0.809,0.49,-0.367,0.262,-0.892,none
6.967242,-0.1,0.746,0.658,-0.246,0.737,0.63,0.518,-0.743,-0.424,0.784,-0.515,0.347,0.734,-0.633,0.245,0.971,-0.169,0.168,0.943,-0.305,0.131,0.909,0.0,0.416,0.941,0.042,0.337,0.91,0.013,0.415,0.913,0.112,0.393,0.071,0.891,0.448,-0.014,0.953,0.304,scissors
30.492621,0.151,0.873,0.465,-0.095,-0.75,-0.655,-0.009,-0.946,-0.325,0.661,-0.307,0.684,-0.78,0.275,-0.562,0.749,-0.209,0.629,-0.872,0.107,-0.477,0.797,-0.148,0.586,-0.878,0.149,-0.455,1.0,0.0,0.031,-0.996,-0.019,0.087,0.297,0.887,0.353,-0.101,-0.891,-0.442,rock
36.601953,0.6,-0.396,0.695,-0.045,0.316,0.948,-0.45,0.227,-0.863,0.527,0.03,0.849,-0.897,0.399,-0.192,0.314,0.949,-0.001,0.347,0.735,-0.582,0.366,0.925,0.1,0.462,0.883,-0.08,-0.027,0.986,-0.165,0.162,0.745,-0.648,-0.657,-0.217,0.722,-0.759,0.367,0.538,none
5.947505,-0.069,0.82,0.568,-0.114,0.77,0.628,0.695,-0.65,-0.307,0.726,-0.521,0.45,0.782,-0.594,0.188,0.942,-0.19,0.278,0.958,-0.256,0.128,0.917,-0.079,0.39,0.916,0.061,0.397,0.924,-0.061,0.377,0.822,0.152,0.548,0.172,0.857,0.485,-0.142,0.939,0.313,scissors
19.226697,-0.039,0.978,0.206,-0.197,0.555,0.808,0.881,-0.459,-0.114,0.79,-0.173,-0.588,0.901,0.394,-0.178,0.858,0.075,0.508,0.309,0.562,0.768,0.896,-0.117,0.428,0.489,0.442,0.752,0.948,-0.192,0.255,0.581,0.394,0.712,0.936,0.047,0.348,0.379,0.379,0.845,paper
32.531748,0.056,0.832,0.552,-0.13,-0.844,0.52,0.275,-0.928,-0.25,0.715,-0.342,0.61,0.194,0.146,-0.97,0.806,-0.202,0.556,0.0,0.524,-0.852,0.842,-0.186,0.506,0.055,0.055,-0.997,0.998,-0.018,-0.068,-0.578,0.21,-0.788,0.198,0.914,0.355,-0.98,-0.089,-0.178,rock
44.757536,-0.688,0.515,0.512,-0.901,0.15,0.407,0.806,-0.566,-0.172,0.332,0.122,-0.935,0.938,0.201,0.284,0.486,0.796,-0.361,0.462,0.017,0.887,0.465,0.859,-0.214,0.701,-0.255,0.666,0.316,0.94,-0.129,0.622,0.046,0.782,0.549,0.716,0.432,0.726,0.679,0.11,none
15.637562,-0.188,0.723,0.665,0.36,0.8,-0.48,0.855,-0.171,-0.49,0.799,-0.532,0.282,-0.336,-0.24,0.911,0.973,-0.194,0.126,-0.154,-0.231,0.961,0.913,0.083,0.399,0.331,-0.91,-0.248,0.901,0.118,0.418,0.249,-0.948,-0.2,0.042,0.92,0.39,0.943,0.105,0.314,scissors
1.802178,-0.145,0.758,0.637,-0.514,0.514,0.686,0.764,-0.552,-0.334,0.761,-0.556,0.334,0.597,-0.1,-0.796,0.97,-0.193,0.149,0.384,-0.768,-0.512,0.913,0.026,0.408,0.962,0.192,0.192,0.916,0.048,0.398,0.0,0.64,0.768,0.067,0.897,0.436,-0.616,0.704,-0.352,scissors
9.665204,0.099,-0.124,0.987,-0.604,-0.79,0.108,0.284,0.005,-0.959,0.785,0.478,0.394,0.008,0.722,0.691,-0.252,0.756,0.604,-0.637,0.703,-0.315,0.128,0.793,0.595,-0.576,0.768,-0.281,0.312,0.884,-0.347,0.615,0.223,-0.756,-0.555,0.639,0.533,0.503,0.005,-0.864,none
22.9028,0.466,0.27,0.843,-0.992,0.09,-0.09,-0.422,-0.577,-0.699,0.944,0.218,0.248,0.937,0.26,-0.234,0.382,0.45,0.807,0.821,-0.133,0.555,0.416,0.1,0.904,-0.667,0.333,-0.667,0.291,0.562,0.774,-0.799,0.126,-0.588,-0.111,0.065,0.992,-0.291,0.389,-0.874,none
8.497299,-0.155,0.745,0.649,0.0,0.738,0.675,-0.332,-0.744,-0.58,0.78,-0.518,0.35,0.811,-0.487,0.324,0.973,-0.168,0.16,0.969,-0.124,0.211,0.903,0.058,0.426,0.881,-0.048,0.471,0.897,0.079,0.434,0.83,-0.012,0.558,0.052,0.895,0.442,-0.036,0.874,0.485,scissors
16.678277,-0.115,0.951,0.287,0.0,-0.894,-0.447,0.854,-0.519,0.044,0.839,-0.017,-0.544,-0.236,0.943,-0.236,0.792,0.2,0.577,-0.911,0.391,0.13,0.868,0.02,0.496,-0.745,0.596,-0.298,0.944,-0.074,0.322,-0.766,0.575,0.287,0.892,0.118,0.436,-0.941,0.282,-0.188,paper
28.888469,0.534,-0.034,0.845,-0.229,0.688,0.688,-0.565,-0.259,-0.783,0.498,0.604,0.622,0.927,0.265,-0.265,0.034,0.647,0.762,0.688,0.229,0.688,0.255,0.654,0.712,0.886,0.246,0.394,0.104,0.891,0.443,0.629,0.55,0.55,-0.36,-0.153,0.92,-0.707,0.0,0.707,none
15.727024,-0.151,0.959,0.241,0.044,-0.944,-0.326,0.693,-0.689,0.21,0.798,0.018,-0.603,-0.823,0.046,0.567,0.823,0.233,0.519,-0.825,-0.16,-0.541,0.9,0.051,0.433,-0.85,0.035,-0.526,0.966,-0.045,0.254,-0.929,0.148,-0.339,0.907,0.156,0.391,-0.89,-0.076,-0.449,paper
10.028678,-0.144,0.692,0.707,-0.115,-0.608,-0.786,0.433,-0.833,-0.344,0.814,-0.5,0.297,-0.892,0.304,-0.334,0.983,-0.142,0.116,-0.989,-0.079,-0.129,0.892,0.069,0.446,-0.761,0.01,-0.649,0.886,0.094,0.454,-0.779,0.051,-0.625,0.0,0.899,0.437,0.062,-0.77,-0.635,scissors
2.998567,-0.117,0.95,0.291,0.98,0.14,-0.14,0.764,-0.635,0.113,0.85,0.074,-0.521,-0.0,-0.832,-0.555,0.733,0.263,0.627,-0.762,-0.457,0.457,0.846,0.101,0.523,-0.97,-0.243,-0.0,0.951,-0.02,0.308,-0.936,0.0,0.351,0.89,0.132,0.436,-0.704,-0.503,-0.503,paper
25.330255,-0.033,0.692,0.721,-0.537,-0.51,0.672,0.567,-0.652,-0.504,0.855,-0.402,0.329,0.357,0.055,-0.933,0.979,-0.055,0.196,0.188,0.282,-0.941,0.856,0.011,0.516,-0.061,0.968,0.242,0.843,0.06,0.535,-0.271,0.895,0.353,0.032,0.853,0.521,-0.951,0.206,-0.231,scissors
18.188444,-0.165,0.807,0.568,0.052,0.854,0.518,0.89,-0.344,-0.298,0.724,-0.583,0.368,0.755,-0.504,0.42,0.933,-0.281,0.227,0.888,-0.194,0.416,0.951,-0.037,0.307,0.89,-0.183,0.419,0.948,0.016,0.318,0.838,-0.081,0.54,0.18,0.915,0.361,0.053,0.893,0.447,scissors
33.29622,0.466,-0.12,0.876,0.852,0.426,-0.304,-0.391,-0.155,-0.907,0.506,0.209,0.837,0.667,0.333,0.667,-0.668,0.045,0.742,-0.314,0.864,-0.393,-0.261,0.156,0.953,-0.755,0.504,-0.42,0.093,0.995,0.045,-0.772,0.07,0.632,-0.291,0.127,0.948,0.364,-0.727,0.582,none
21.312389,0.098,0.718,0.689,0.062,-0.994,0.093,0.531,-0.703,-0.473,0.814,-0.299,0.498,-0.111,0.388,-0.915,0.888,-0.105,0.447,-0.35,0.541,-0.764,0.924,-0.169,0.342,-0.281,0.253,-0.926,0.968,0.024,-0.25,-0.792,0.273,-0.546,0.015,0.916,0.401,-0.799,-0.578,-0.165,rock
1.123713,-0.152,0.751,0.643,0.485,0.485,0.728,0.753,-0.582,-0.308,0.758,-0.562,0.33,0.667,0.333,-0.667,0.969,-0.197,0.147,-0.0,0.832,0.555,0.912,0.033,0.409,0.447,-0.0,0.894,0.915,0.059,0.398,-0.391,0.13,0.911,0.065,0.899,0.433,-0.953,0.272,0.136,scissors
1.380437,-0.114,0.954,0.276,0.796,-0.597,0.1,0.757,-0.646,0.101,0.85,0.12,-0.513,1.0,-0.0,0.0,0.722,0.293,0.627,-0.287,0.0,0.958,0.849,0.128,0.513,0.1,-0.0,0.995,0.962,-0.019,0.271,0.426,0.304,0.852,0.917,0.207,0.341,0.333,0.252,-0.908,paper
36.601571,0.588,-0.395,0.706,-0.749,0.351,0.562,-0.465,0.218,-0.858,0.762,0.191,0.619,-0.942,0.227,-0.246,0.432,0.899,0.071,0.922,0.253,0.292,0.388,0.917,0.088,0.456,0.866,0.205,0.02,0.987,-0.162,0.58,0.425,-0.695,-0.646,-0.17,0.744,0.275,-0.02,-0.961,none
54.942865,0.727,-0.576,0.374,-0.0,0.059,0.998,-0.639,0.407,-0.653,0.081,0.391,0.917,-0.98,-0.058,-0.189,-0.792,-0.377,0.48,-0.254,0.435,-0.864,-0.753,-0.557,0.349,-0.612,0.669,-0.421,-0.737,-0.641,0.214,-0.532,0.677,0.508,-0.727,-0.589,0.352,-0.282,0.941,-0.188,none
29.981423,-0.065,0.889,0.453,-0.219,-0.815,-0.537,-0.601,-0.634,-0.486,0.654,-0.457,0.603,-0.718,0.231,-0.657,0.789,-0.325,0.522,-0.799,0.101,-0.592,0.794,-0.3,0.528,-0.834,0.076,-0.547,0.989,-0.138,-0.047,-0.997,-0.076,-0.024,0.219,0.95,0.221,-0.193,-0.858,-0.475,rock
14.63796,-0.207,0.937,0.282,-0.013,-0.998,-0.054,-0.108,-0.987,0.117,0.841,0.085,-0.535,-0.663,0.237,0.71,0.76,0.299,0.577,-0.938,0.029,-0.346,0.852,0.137,0.504,-0.906,0.245,-0.345,0.945,0.041,0.325,-0.927,0.354,-0.123,0.87,0.195,0.453,-0.975,0.041,-0.217,paper
11.705134,-0.175,-0.245,0.954,-0.254,0.381,-0.889,0.508,0.215,-0.834,0.858,0.043,-0.513,-0.0,-0.965,0.263,-0.495,0.716,0.493,0.785,-0.48,-0.392,-0.42,0.613,0.669,0.316,0.0,-0.949,-0.318,0.634,0.705,-0.868,0.451,-0.208,-0.859,0.441,0.261,0.062,0.996,0.062,none
16.705755,-0.081,0.742,0.665,-0.349,-0.116,0.93,0.754,-0.331,-0.567,0.811,-0.469,0.35,0.74,-0.137,-0.658,0.969,-0.135,0.206,0.694,0.189,-0.694,0.894,-0.006,0.448,0.432,0.702,0.567,0.884,0.026,0.467,0.183,0.733,0.655,0.079,0.876,0.476,-0.832,0.555,0.025,scissors
21.978679,0.173,0.125,0.977,0.936,0.255,-0.244,-0.048,-0.355,-0.934,0.908,0.403,-0.113,0.168,-0.015,0.986,0.425,0.803,0.418,-0.347,-0.327,0.879,0.452,0.677,0.581,-0.349,-0.548,0.76,0.339,0.937,-0.084,-0.367,0.007,0.93,-0.354,0.353,0.866,0.16,-0.939,0.305,none
22.018073,0.195,0.148,0.97,0.875,-0.153,-0.459,-0.079,-0.437,-0.896,0.928,0.358,-0.105,-0.02,0.137,0.99,0.484,0.766,0.423,-0.476,-0.276,0.835,0.507,0.64,0.577,-0.491,-0.473,0.732,0.377,0.924,-0.064,-0.501,-0.009,0.865,-0.309,0.35,0.884,-0.03,-0.991,0.13,none
27.432051,0.079,0.826,0.558,-0.522,-0.562,-0.642,-0.325,-0.909,-0.261,0.723,-0.316,0.614,-0.759,-0.12,-0.639,0.807,-0.171,0.566,-0.847,-0.254,-0.466,0.857,-0.158,0.49,-0.89,-0.169,-0.424,0.996,0.014,-0.091,-0.967,-0.242,0.081,0.187,0.904,0.385,-0.244,-0.529,-0.813,rock
15.702416,0.076,0.758,0.648,0.0,-0.659,-0.753,0.468,-0.762,-0.448,0.785,-0.321,0.531,-0.658,0.366,-0.658,0.866,-0.148,0.478,-0.964,0.222,-0.148,0.898,-0.188,0.398,-0.788,0.394,-0.473,0.982,-0.003,-0.191,-0.94,0.336,0.067,0.076,0.925,0.372,-0.426,-0.681,-0.596,rock
25.91756,-0.011,0.798,0.603,0.065,0.797,0.601,-0.233,-0.934,-0.271,0.748,-0.381,0.544,0.765,-0.376,0.523,0.85,-0.213,0.481,0.825,-0.21,0.524,0.867,-0.244,0.434,0.855,-0.211,0.474,0.986,-0.065,-0.155,0.998,-0.014,-0.068,0.112,0.943,0.313,0.026,0.959,0.281,rock
14.784434,-0.392,-0.108,0.914,-0.663,-0.042,-0.748,0.676,0.186,-0.713,0.697,-0.109,-0.709,-0.8,-0.542,-0.258,0.817,0.294,-0.495,-0.604,-0.572,-0.555,0.796,0.301,-0.525,-0.0,-0.679,-0.734,-0.099,0.88,0.465,-0.531,0.18,-0.828,-0.558,0.807,0.193,0.491,0.075,-0.868,none
53.412825,0.767,-0.574,0.288,-0.064,0.933,-0.354,-0.757,0.396,-0.519,0.236,0.965,0.118,-0.992,-0.103,-0.077,-0.197,0.963,0.182,-0.837,-0.048,-0.545,-0.356,0.858,0.37,-0.77,0.124,-0.626,-0.779,-0.324,0.536,-0.719,0.169,-0.674,-0.739,-0.628,0.244,0.51,-0.353,0.784,none
0.912854,-0.093,0.946,0.311,-0.867,0.248,-0.433,0.758,-0.64,0.126,0.846,0.107,-0.522,-0.0,-0.507,-0.862,0.735,0.273,0.621,0.138,-0.208,-0.968,0.861,0.092,0.501,-0.212,-0.042,-0.976,0.959,-0.028,0.283,-0.882,-0.237,-0.407,0.913,-0.132,0.385,-0.702,-0.435,0.563,paper
56.480834,0.686,-0.643,0.342,-0.566,-0.109,-0.817,-0.622,0.443,-0.646,-0.035,-0.39,0.92,0.208,0.692,-0.692,-0.735,-0.631,0.25,-0.092,0.586,-0.805,-0.748,-0.609,0.263,-0.355,0.828,-0.434,-0.779,-0.607,0.155,0.026,0.639,0.769,-0.587,-0.173,0.791,0.554,0.092,-0.828,none
33.041567,0.066,0.821,0.567,0.087,0.961,-0.262,0.189,-0.941,-0.281,0.729,-0.332,0.599,-0.071,-0.141,0.987,0.817,-0.183,0.546,-0.059,-0.235,0.97,0.857,-0.174,0.485,0.13,0.194,0.972,0.996,-0.004,-0.089,0.511,0.223,0.83,0.177,0.91,0.375,0.799,0.545,0.254,rock
47.293198,0.064,-0.348,0.935,-0.69,-0.724,0.007,0.095,0.02,-0.995,0.501,0.773,0.389,-0.627,0.774,0.093,-0.701,0.663,0.264,-0.634,0.153,-0.758,-0.659,0.599,0.455,-0.705,0.32,-0.633,-0.634,0.561,0.533,-0.703,0.438,-0.56,-0.377,0.261,0.889,-0.761,0.581,-0.287,none
5.517949,0.027,0.922,0.387,-0.063,-0.845,-0.532,0.676,-0.664,-0.321,0.578,-0.374,0.725,-0.586,0.363,-0.725,0.692,-0.298,0.658,-0.808,0.299,-0.508,0.735,-0.198,0.649,-0.725,0.261,-0.638,0.993,-0.061,0.102,-0.979,0.168,-0.112,0.367,0.883,0.291,-0.423,-0.816,-0.393,rock
46.273151,-0.648,0.534,0.542,-0.698,-0.32,-0.64,0.72,-0.674,-0.166,0.414,0.598,-0.686,-0.745,0.579,-0.331,0.24,0.969,-0.05,0.835,0.389,-0.389,0.296,0.954,0.048,0.982,-0.155,-0.103,0.384,0.911,0.15,0.594,0.0,-0.804,0.601,0.719,0.35,-0.074,0.252,-0.965,none
27.446188,0.634,-0.021,0.773,-0.636,0.339,0.693,-0.576,-0.33,-0.748,0.518,0.511,0.686,0.963,0.084,-0.257,-0.156,0.515,0.843,0.813,-0.332,0.478,0.009,0.53,0.848,0.899,-0.275,0.342,-0.142,0.783,0.606,0.869,0.11,0.483,-0.624,-0.185,0.759,-0.513,0.269,0.815,none
14.171579,0.012,0.72,0.694,-0.814,-0.46,-0.354,0.446,-0.798,-0.404,0.802,-0.356,0.479,-0.629,-0.409,-0.661,0.894,-0.162,0.417,-0.63,-0.497,-0.597,0.909,-0.235,0.344,-0.757,-0.494,-0.428,0.968,-0.044,-0.245,-0.826,-0.562,-0.033,0.012,0.941,0.337,-0.304,-0.274,-0.912,rock
17.233167,0.065,0.759,0.648,-0.667,-0.333,0.667,0.396,-0.781,-0.482,0.785,-0.318,0.532,-0.14,0.14,-0.98,0.866,-0.14,0.48,-0.905,0.302,-0.302,0.901,-0.184,0.392,-0.348,0.348,-0.87,0.981,0.002,-0.194,-0.816,0.408,-0.408,0.072,0.923,0.379,-0.914,0.0,-0.406,rock
30.014379,-0.058,0.931,0.361,-0.2,-0.768,-0.608,-0.561,-0.747,-0.356,0.557,-0.474,0.682,-0.775,0.237,-0.587,0.704,-0.39,0.594,-0.849,0.079,-0.522,0.711,-0.308,0.632,-0.876,0.097,-0.472,0.982,-0.171,0.08,-0.996,-0.067,0.063,0.342,0.924,0.169,-0.105,-0.875,-0.473,rock
18.786654,0.075,0.77,0.633,0.707,0.707,-0.0,0.467,-0.782,-0.413,0.777,-0.316,0.545,0.229,0.688,-0.688,0.858,-0.145,0.492,-0.426,0.64,0.64,0.895,-0.18,0.409,0.218,0.873,-0.436,0.984,0.004,-0.176,-0.442,0.885,-0.147,0.089,0.921,0.38,-0.949,0.316,-0.0,rock
27.505094,0.1,0.883,0.458,-0.392,0.882,0.261,-0.268,-0.919,-0.29,0.643,-0.316,0.697,0.32,-0.839,0.44,0.732,-0.222,0.645,0.492,-0.719,0.492,0.786,-0.149,0.6,0.51,-0.588,0.628,0.999,-0.001,0.044,0.844,-0.489,0.222,0.319,0.881,0.35,0.102,0.956,-0.273,rock
44.233198,-0.711,0.542,0.448,-0.747,0.567,0.348,0.825,-0.555,-0.108,0.583,0.451,-0.676,0.852,0.319,0.415,0.325,0.946,0.019,0.44,0.518,0.733,0.532,0.846,0.032,0.538,0.7,-0.47,0.138,0.945,-0.298,0.561,0.013,0.827,0.629,0.771,0.1,0.739,0.656,-0.153,none
2.650106,-0.152,0.757,0.636,-0.667,0.667,0.333,0.768,-0.553,-0.324,0.771,-0.533,0.348,0.485,-0.485,-0.728,0.977,-0.166,0.134,0.0,-1.0,0.0,0.902,0.044,0.43,0.707,0.707,0.0,0.905,0.069,0.419,-0.424,0.566,0.707,0.045,0.894,0.445,-0.717,0.598,-0.359,scissors
51.900821,0.692,-0.663,0.285,0.905,-0.302,-0.302,-0.758,0.458,-0.465,0.246,0.888,-0.389,-0.083,0.745,-0.662,-0.0,0.947,-0.322,-0.331,0.883,0.331,-0.025,0.954,-0.299,-0.696,0.696,-0.174,-0.328,0.916,-0.23,-0.566,0.808,0.162,-0.795,-0.572,0.201,-0.821,-0.063,-0.568,none
18.720792,-0.138,0.971,0.195,-0.461,0.33,0.824,0.904,-0.407,-0.128,0.777,-0.082,-0.625,0.687,0.687,-0.239,0.864,0.158,0.477,0.089,0.8,0.593,0.916,-0.037,0.399,0.371,0.743,0.557,0.968,-0.118,0.222,0.384,0.709,0.591,0.935,0.123,0.332,0.033,0.69,0.723,paper
7.116094,0.05,0.624,0.78,0.988,0.054,0.144,0.291,-0.705,-0.647,0.982,0.077,-0.17,0.676,-0.295,0.676,0.463,0.583,0.667,-0.376,-0.349,0.859,0.528,0.493,0.691,-0.229,-0.486,0.843,0.466,0.59,0.66,-0.199,-0.398,0.896,0.306,0.286,0.908,-0.148,-0.823,0.549,none
31.513588,0.059,0.786,0.615,-0.615,-0.615,-0.492,0.19,-0.954,-0.232,0.763,-0.318,0.563,-0.741,0.074,-0.667,0.846,-0.154,0.51,-0.953,-0.073,-0.293,0.884,-0.176,0.432,-0.875,0.08,-0.477,0.988,0.003,-0.152,-0.996,0.066,0.066,0.115,0.917,0.382,-0.523,-0.523,-0.673,rock
11.917431,-0.079,0.952,0.297,0.369,0.636,-0.677,0.034,-0.976,0.215,0.853,0.001,-0.522,0.02,-0.644,-0.765,0.764,0.198,0.614,0.783,-0.609,-0.13,0.846,0.03,0.532,0.655,-0.719,-0.233,0.936,-0.091,0.34,0.461,-0.807,-0.369,0.89,0.077,0.449,0.668,-0.468,-0.579,paper
33.0428,0.088,0.794,0.602,0.133,0.933,0.333,0.272,-0.941,-0.2,0.768,-0.29,0.571,0.667,-0.333,0.667,0.842,-0.123,0.526,0.383,-0.077,0.92,0.887,-0.146,0.438,0.763,0.254,0.594,0.989,0.031,-0.142,0.74,0.647,0.185,0.125,0.901,0.415,-0.225,0.899,0.375,rock
51.883595,0.678,-0.691,0.251,-0.86,0.275,0.43,-0.77,0.426,-0.475,0.197,0.946,-0.256,0.967,-0.126,0.222,-0.106,0.977,-0.184,0.735,-0.277,0.619,-0.075,0.978,-0.193,0.566,-0.737,0.369,-0.342,0.932,-0.118,0.88,-0.468,0.08,-0.786,-0.589,0.187,-0.489,0.244,0.838,none
33.882528,0.448,-0.088,0.89,0.514,0.514,0.686,-0.363,-0.188,-0.913,0.521,0.199,0.83,-0.777,0.605,-0.173,-0.646,0.105,0.756,0.108,-0.43,0.896,-0.268,0.205,0.941,0.508,-0.127,0.852,0.109,0.99,0.093,-0.14,-0.7,0.7,-0.242,0.149,0.959,-0.526,0.669,-0.526,none
18.256937,0.077,0.763,0.641,-0.196,-0.784,0.588,0.356,-0.825,-0.438,0.779,-0.32,0.539,-0.0,-0.832,-0.555,0.86,-0.146,0.488,-0.688,-0.229,0.688,0.897,-0.181,0.402,-0.577,0.577,-0.577,0.983,0.001,-0.183,-0.688,0.688,0.229,0.082,0.922,0.378,-0.707,0.424,-0.566,rock
19.513129,0.286,0.844,-0.453,-0.192,0.192,-0.962,0.178,-0.239,0.955,0.096,-0.368,0.925,-0.64,0.426,-0.64,-0.053,-0.493,0.868,-0.99,0.0,0.141,0.378,-0.909,-0.175,-0.905,0.302,-0.302,0.796,0.254,0.55,-0.697,0.398,0.597,0.906,0.029,0.421,-0.512,-0.384,-0.768,none
23.287949,-0.038,0.724,0.689,-0.101,-0.671,-0.735,0.154,-0.891,-0.426,0.845,-0.414,0.338,-0.867,0.319,-0.383,0.976,-0.069,0.205,-0.974,-0.036,-0.223,0.868,0.008,0.497,-0.789,0.091,-0.608,0.862,0.05,0.504,-0.799,0.073,-0.597,0.049,0.859,0.509,-0.055,-0.78,-0.624,scissors
18.697329,-0.223,0.795,0.565,-0.164,0.767,0.621,0.863,-0.449,-0.231,0.724,-0.603,0.337,0.769,-0.607,0.202,0.936,-0.295,0.191,0.944,-0.287,0.164,0.954,0.027,0.3,0.946,0.04,0.322,0.947,0.078,0.311,0.865,0.127,0.485,0.152,0.931,0.333,-0.039,0.955,0.292,scissors
27.946297,-0.117,0.815,0.567,0.0,0.769,0.639,-0.436,-0.823,-0.365,0.68,-0.49,0.545,0.774,-0.39,0.499,0.823,-0.339,0.456,0.864,-0.209,0.458,0.812,-0.351,0.465,0.866,-0.242,0.438,0.976,-0.178,-0.125,0.993,-0.057,-0.103,0.149,0.973,0.179,0.028,0.954,0.298,rock
51.883452,0.723,-0.619,0.306,-0.871,-0.39,0.298,-0.77,0.426,-0.475,0.17,0.968,-0.187,0.968,-0.133,0.212,-0.165,0.979,-0.123,0.741,-0.233,0.63,-0.129,0.984,-0.122,0.645,-0.61,0.459,-0.376,0.926,-0.022,0.836,-0.503,0.218,-0.731,-0.659,0.178,-0.471,0.349,0.81,none
34.571832,0.162,0.821,0.547,0.079,0.946,0.315,0.207,-0.948,-0.241,0.729,-0.263,0.633,0.424,-0.707,0.566,0.794,-0.122,0.595,0.199,-0.398,0.896,0.861,-0.099,0.498,0.635,-0.127,0.762,0.995,0.07,-0.071,0.745,0.298,0.596,0.2,0.873,0.446,-0.0,0.995,-0.1,rock
1.790846,0.044,0.806,0.591,-0.309,-0.206,0.928,0.495,-0.773,-0.397,0.738,-0.348,0.578,0.543,-0.204,-0.815,0.832,-0.19,0.522,0.647,0.108,-0.755,0.866,-0.196,0.46,0.466,-0.233,-0.854,0.993,-0.022,-0.113,-0.164,0.0,-0.986,0.138,0.919,0.37,-0.893,0.391,-0.223,rock
9.250952,-0.055,-0.131,0.99,-0.732,-0.517,0.445,0.361,0.024,-0.932,0.76,0.546,0.353,-0.798,0.549,0.249,-0.097,0.809,0.58,-0.785,0.611,0.105,0.356,0.848,0.394,0.688,-0.174,0.705,0.357,0.913,-0.199,0.93,-0.162,0.331,-0.703,0.507,0.498,-0.76,0.458,0.462,none
15.785202,-0.322,-0.152,0.934,0.91,-0.164,0.382,0.668,0.155,-0.728,0.782,-0.016,-0.623,-0.764,0.6,0.236,0.84,0.41,-0.356,-0.997,0.072,0.014,0.838,0.358,-0.411,-0.832,0.381,0.404,0.103,0.941,0.322,0.676,-0.124,0.726,-0.526,0.776,0.348,-0.532,-0.582,0.615,none
18.71776,-0.145,0.967,0.212,-0.7,0.14,0.7,0.902,-0.414,-0.123,0.786,-0.072,-0.614,0.62,0.732,-0.282,0.852,0.173,0.495,-0.11,0.827,0.551,0.908,-0.018,0.418,0.234,0.818,0.526,0.965,-0.1,0.243,0.148,0.791,0.593,0.926,0.133,0.353,-0.294,0.705,0.646,paper
23.149723,0.452,0.182,0.873,-0.913,0.206,0.353,-0.395,-0.543,-0.742,0.915,0.316,0.249,-0.088,0.088,-0.992,0.33,0.542,0.773,0.429,0.501,-0.751,0.298,0.193,0.935,0.436,0.805,-0.402,0.185,0.627,0.756,0.4,0.768,-0.501,-0.2,0.068,0.977,-0.131,0.947,-0.294,none
3.970882,0.037,0.818,0.574,0.13,-0.391,-0.911,0.551,-0.771,-0.32,0.72,-0.36,0.593,-0.615,0.492,-0.615,0.821,-0.211,0.531,-0.928,0.309,0.206,0.853,-0.21,0.478,-0.744,0.62,-0.248,0.993,-0.038,-0.108,-0.858,0.477,0.191,0.162,0.927,0.337,-0.457,-0.762,-0.457,rock
16.268214,-0.083,0.967,0.242,-0.05,-0.952,-0.301,0.834,-0.545,0.083,0.8,-0.084,-0.594,-0.841,0.163,0.516,0.835,0.135,0.534,-0.856,-0.049,-0.514,0.892,-0.053,0.449,-0.831,0.147,-0.537,0.952,-0.145,0.268,-0.921,0.276,-0.276,0.924,0.075,0.376,-0.907,0.022,-0.42,paper
13.598002,-0.3,0.738,0.605,0.154,0.772,-0.617,0.897,-0.068,-0.436,0.729,-0.64,0.241,-0.707,-0.707,-0.0,0.945,-0.318,0.075,-0.469,-0.625,0.625,0.953,0.118,0.278,0.324,-0.487,-0.811,0.941,0.159,0.298,-1.0,-0.0,-0.0,0.077,0.963,0.257,-0.0,0.707,-0.707,scissors
14.823002,-0.392,-0.106,0.914,-0.608,-0.152,-0.779,0.706,0.199,-0.68,0.688,-0.095,-0.719,-0.789,-0.497,-0.36,0.811,0.3,-0.503,-0.61,-0.505,-0.61,0.791,0.293,-0.538,0.059,-0.706,-0.706,-0.035,0.862,0.505,-0.624,0.298,-0.723,-0.563,0.81,0.162,0.437,0.047,-0.898,none
13.109132,-0.231,0.936,0.265,-0.221,0.841,0.494,0.075,-0.977,0.199,0.798,0.11,-0.593,0.83,0.223,-0.511,0.784,0.323,0.531,0.637,0.417,0.648,0.883,0.143,0.447,0.773,0.243,0.586,0.963,0.046,0.265,0.859,0.158,0.486,0.879,0.227,0.419,0.735,0.308,0.604,paper
32.57735,0.401,-0.213,0.891,0.588,0.784,-0.196,-0.284,0.006,-0.959,0.484,0.219,0.847,-0.367,-0.367,-0.855,-0.689,0.022,0.724,0.577,0.577,-0.577,-0.438,-0.019,0.899,0.625,-0.469,-0.625,-0.398,0.181,0.899,0.391,0.13,0.911,-0.382,0.123,0.916,-0.0,0.555,0.832,none
4.463797,-0.154,0.735,0.661,0.133,-0.774,-0.619,0.741,-0.589,-0.323,0.781,-0.538,0.319,-0.701,0.573,-0.425,0.976,-0.176,0.125,-0.952,0.269,-0.145,0.901,0.07,0.428,-0.927,0.022,-0.375,0.9,0.085,0.427,-0.96,0.043,-0.277,0.031,0.901,0.433,-0.218,-0.873,-0.436,scissors
6.522235,0.082,0.811,0.58,-0.321,-0.267,-0.909,0.611,-0.594,-0.523,0.734,-0.311,0.603,-0.874,-0.0,-0.486,0.818,-0.168,0.55,-0.962,-0.192,-0.192,0.864,-0.167,0.476,-0.979,0.0,-0.206,0.995,0.005,-0.103,-0.953,-0.095,0.286,0.163,0.911,0.378,-0.052,-0.624,-0.78,rock
20.686381,0.253,0.647,0.719,-0.985,0.171,0.033,-0.126,-0.902,-0.414,0.955,-0.293,0.044,-0.358,-0.35,-0.866,0.863,0.166,0.478,0.256,-0.19,-0.948,0.87,0.04,0.492,0.317,0.236,-0.919,0.853,0.522,-0.005,-0.291,-0.659,-0.693,0.338,0.404,0.85,-0.035,0.896,-0.443,none
23.238484,0.055,0.874,0.482,0.103,0.731,0.675,0.58,-0.466,-0.668,0.651,-0.352,0.672,0.813,-0.34,0.473,0.753,-0.248,0.61,0.875,-0.141,0.463,0.794,-0.193,0.576,0.899,-0.192,0.394,0.999,-0.042,0.008,0.988,0.01,-0.156,0.283,0.908,0.308,-0.039,0.948,0.316,rock
8.052939,0.076,0.869,0.488,-0.068,-0.824,-0.562,0.55,-0.478,-0.685,0.669,-0.335,0.663,-0.677,0.348,-0.649,0.765,-0.222,0.605,-0.822,0.22,-0.526,0.811,-0.176,0.558,-0.807,0.206,-0.554,1.0,-0.019,-0.013,-0.997,0.065,-0.028,0.261,0.903,0.342,-0.211,-0.9,-0.383,rock
21.022875,0.263,0.038,0.964,-0.982,-0.073,0.174,-0.194,-0.388,-0.901,0.933,0.351,-0.086,-0.333,-0.011,-0.943,0.505,0.759,0.41,0.136,0.224,-0.965,0.497,0.6,0.627,0.18,0.528,-0.83,0.366,0.913,-0.177,-0.129,-0.212,-0.969,-0.321,0.279,0.905,-0.282,0.809,-0.515,none
14.639393,-0.199,0.96,0.195,0.058,-0.976,-0.209,0.058,-0.975,0.215,0.777,0.073,-0.625,-0.762,0.116,0.637,0.821,0.29,0.492,-0.873,-0.088,-0.48,0.909,0.1,0.404,-0.88,0.119,-0.46,0.976,-0.002,0.219,-0.936,0.236,-0.26,0.912,0.19,0.365,-0.933,-0.031,-0.358,paper
9.155211,-0.194,-0.071,0.978,0.99,0.141,0.0,0.544,0.007,-0.839,0.62,0.758,0.201,-0.918,-0.178,0.355,-0.325,0.797,0.509,-0.022,-0.42,0.907,-0.075,0.759,0.647,0.187,-0.721,0.667,0.209,0.97,0.124,-0.944,-0.175,0.28,-0.688,0.637,0.347,-0.701,-0.39,0.597,none
46.273404,-0.662,0.503,0.556,-0.875,-0.137,-0.463,0.722,-0.652,-0.233,0.435,0.643,-0.63,-0.796,0.478,-0.372,0.168,0.986,-0.008,0.825,0.283,-0.49,0.249,0.961,0.116,0.808,-0.162,-0.566,0.352,0.919,0.181,0.788,-0.21,-0.578,0.542,0.748,0.382,0.099,0.348,-0.932,none
25.940471,0.008,0.787,0.617,0.036,0.799,0.6,-0.288,-0.911,-0.295,0.761,-0.363,0.538,0.773,-0.377,0.509,0.857,-0.193,0.479,0.817,-0.204,0.539,0.879,-0.227,0.419,0.865,-0.202,0.46,0.985,-0.045,-0.168,0.997,0.0,-0.078,0.097,0.938,0.332,-0.018,0.963,0.268,rock
27.407092,0.602,-0.043,0.797,-0.739,0.136,0.66,-0.601,-0.387,-0.699,0.657,0.393,0.643,0.92,0.264,-0.291,-0.129,0.498,0.858,0.747,-0.28,0.603,0.062,0.507,0.859,0.884,-0.198,0.423,-0.052,0.769,0.637,0.839,0.105,0.534,-0.209,0.147,0.967,-0.612,0.369,0.699,none
9.666587,-0.003,-0.141,0.99,-0.147,0.912,0.383,0.27,0.05,-0.962,0.641,0.434,0.633,-0.716,0.449,-0.534,-0.55,0.588,0.593,0.255,0.665,-0.702,-0.013,0.706,0.708,-0.23,0.739,-0.633,0.173,0.59,-0.789,0.465,0.81,-0.357,-0.691,0.575,0.439,-0.567,0.468,0.678,none
15.784922,-0.256,-0.168,0.952,0.911,-0.243,0.334,0.68,0.201,-0.705,0.743,0.06,-0.667,0.204,0.979,-0.0,0.8,0.443,-0.404,-0.308,0.886,0.347,0.772,0.39,-0.501,-0.233,0.901,0.367,-0.22,0.763,0.607,-0.06,-0.27,0.961,-0.674,0.702,0.229,-0.434,-0.665,0.607,none
40.152473,0.573,0.125,0.81,0.905,0.302,-0.302,-0.361,-0.398,-0.843,0.958,0.231,-0.171,-0.11,0.988,0.11,0.826,0.554,-0.108,-0.515,0.735,0.441,0.769,0.628,-0.12,-0.304,0.836,0.456,0.544,0.722,-0.428,-0.568,0.694,0.442,0.325,-0.687,0.65,-0.483,-0.097,0.87,none
40.152335,0.564,0.11,0.819,0.667,-0.477,-0.572,-0.369,-0.407,-0.835,0.96,0.226,-0.164,-0.205,0.889,-0.41,0.83,0.549,-0.097,-0.6,0.8,0.0,0.777,0.619,-0.115,-0.474,0.88,0.0,0.554,0.713,-0.429,-0.703,0.703,0.108,0.307,-0.681,0.664,-0.936,-0.085,0.341,none
11.706304,-0.179,-0.236,0.955,0.696,0.696,-0.174,0.541,0.203,-0.816,0.84,0.046,-0.541,0.147,-0.885,-0.442,-0.546,0.71,0.444,0.855,-0.367,-0.367,-0.465,0.614,0.639,0.667,0.333,-0.667,-0.347,0.62,0.703,-0.469,0.625,0.625,-0.874,0.424,0.236,-0.147,0.885,-0.442,none
9.299035,0.001,0.941,0.337,-0.425,-0.691,0.585,0.424,-0.905,0.047,0.888,-0.031,-0.459,-0.115,0.808,0.577,0.718,0.158,0.678,-0.838,0.529,0.132,0.804,0.0,0.595,-0.679,0.728,0.097,0.907,-0.122,0.402,-0.571,0.734,0.367,0.866,0.012,0.499,-0.889,0.4,0.222,paper
43.213038,-0.652,0.595,0.47,-0.0,0.447,-0.894,0.792,-0.601,-0.104,0.527,-0.441,-0.727,-0.965,-0.109,-0.238,0.906,0.201,-0.373,-0.606,0.02,-0.795,0.747,0.657,-0.104,0.54,0.79,-0.291,0.582,0.811,-0.068,0.64,0.768,-0.0,0.401,0.901,0.165,-0.846,-0.325,0.423,none
27.368838,-0.071,0.651,0.756,-0.07,-0.74,-0.669,0.444,-0.773,-0.453,0.89,-0.377,0.255,-0.758,0.379,-0.531,0.992,-0.008,0.124,-0.968,0.112,-0.223,0.827,0.108,0.552,-0.833,0.198,-0.516,0.805,0.156,0.573,-0.906,0.189,-0.378,-0.055,0.855,0.516,-0.307,-0.728,-0.613,scissors
51.883064,0.739,-0.595,0.316,-0.807,-0.585,0.079,-0.746,0.392,-0.538,0.14,0.986,0.086,0.997,-0.06,0.045,-0.296,0.954,0.041,0.829,-0.045,0.557,-0.203,0.979,-0.004,0.873,-0.052,0.485,-0.415,0.909,0.044,0.94,-0.115,0.321,-0.662,-0.673,0.328,-0.82,0.467,0.332,none
2.677322,0.041,0.825,0.564,0.577,0.577,0.577,0.49,-0.814,-0.312,0.715,-0.361,0.599,0.816,0.408,-0.408,0.814,-0.217,0.539,0.0,0.0,1.0,0.849,-0.205,0.488,0.485,0.728,0.485,0.995,-0.037,-0.09,-0.0,0.894,0.447,0.174,0.924,0.341,-0.535,0.802,-0.267,rock
17.17892,-0.358,0.451,0.817,-0.816,-0.408,-0.408,0.822,-0.37,-0.432,0.802,-0.352,-0.483,-0.693,-0.198,-0.693,0.93,0.334,-0.152,-1.0,-0.0,0.0,0.892,0.439,-0.105,-0.535,0.267,-0.802,0.711,0.699,-0.075,-0.855,0.367,-0.367,0.037,0.891,0.453,-0.873,0.218,-0.436,none
4.563764,0.013,0.732,0.681,-0.053,-0.962,-0.267,0.501,-0.798,-0.335,0.799,-0.362,0.48,-0.404,0.349,-0.845,0.891,-0.169,0.422,-0.606,0.371,-0.704,0.905,-0.237,0.352,-0.573,0.203,-0.794,0.97,-0.046,-0.238,-0.937,0.126,-0.324,0.021,0.942,0.335,-0.573,-0.757,-0.314,rock
13.660786,0.114,0.879,0.463,-0.264,-0.816,-0.515,0.259,-0.923,-0.283,0.65,-0.315,0.692,-0.703,0.173,-0.69,0.738,-0.21,0.641,-0.804,0.063,-0.591,0.799,-0.14,0.585,-0.829,0.049,-0.557,1.0,0.013,0.021,-0.996,-0.086,-0.037,0.301,0.881,0.364,-0.239,-0.806,-0.541,rock
6.521017,0.12,0.811,0.573,-0.498,-0.613,-0.613,0.63,-0.626,-0.46,0.736,-0.303,0.605,-0.669,-0.1,-0.736,0.817,-0.154,0.556,-0.776,-0.222,-0.591,0.868,-0.144,0.475,-0.84,-0.183,-0.511,0.993,0.031,-0.11,-0.958,-0.284,-0.035,0.17,0.901,0.4,-0.311,-0.519,-0.796,rock
44.743684,-0.669,0.494,0.555,0.942,0.288,-0.17,0.814,-0.514,-0.27,0.306,0.518,-0.799,0.978,-0.136,0.16,0.378,0.898,-0.224,0.204,-0.072,0.976,0.433,0.889,-0.148,0.451,-0.195,0.871,0.336,0.942,-0.02,0.521,-0.552,-0.651,0.457,0.812,0.363,-0.806,-0.338,0.485,none
39.134522,0.579,0.007,0.815,0.116,0.93,-0.349,-0.397,-0.322,-0.859,0.899,0.401,-0.174,0.959,-0.083,0.271,0.648,0.76,-0.052,0.728,0.084,0.681,0.593,0.805,0.018,0.743,-0.179,0.645,0.388,0.863,-0.323,0.869,0.145,0.473,0.001,-0.734,0.679,-0.054,-0.706,-0.706,none
9.582765,0.001,0.788,0.615,0.046,0.755,0.655,0.576,-0.645,-0.502,0.75,-0.393,0.531,0.784,-0.38,0.491,0.857,-0.229,0.462,0.866,-0.195,0.46,0.866,-0.265,0.425,0.875,-0.232,0.426,0.983,-0.085,-0.163,0.991,-0.04,-0.127,0.102,0.954,0.283,-0.008,0.953,0.303,rock
24.308965,-0.17,0.747,0.643,0.506,0.699,-0.506,0.758,-0.598,-0.26,0.791,-0.529,0.306,-0.292,-0.027,0.956,0.965,-0.202,0.169,-0.185,-0.139,0.973,0.924,0.028,0.382,0.147,-0.981,-0.123,0.915,0.093,0.392,0.185,-0.977,-0.106,0.092,0.917,0.387,0.92,-0.115,0.374,scissors
35.619353,0.523,-0.369,0.768,0.535,0.802,-0.267,-0.358,0.168,-0.918,0.453,0.006,0.892,0.774,-0.476,-0.417,-0.615,0.134,0.777,-0.079,-0.454,0.888,0.132,0.982,0.135,-0.667,0.333,0.667,-0.138,0.972,-0.192,-0.61,0.271,0.745,-0.638,-0.005,0.77,-0.156,-0.312,0.937,none
1.095146,-0.011,-0.305,0.952,0.857,0.0,-0.514,0.199,0.168,-0.966,0.673,0.725,0.145,-0.894,-0.0,-0.447,-0.177,0.914,0.365,-0.937,-0.156,0.312,-0.055,0.89,0.453,-0.905,-0.302,-0.302,-0.162,0.954,0.254,-0.857,-0.0,0.514,-0.626,0.338,0.703,-0.811,-0.487,-0.324,none
15.190747,0.049,0.757,0.652,-0.11,0.11,0.988,0.439,-0.766,-0.47,0.789,-0.329,0.519,0.818,-0.182,-0.545,0.873,-0.151,0.463,0.98,0.14,-0.14,0.902,-0.198,0.384,0.843,-0.105,-0.527,0.979,-0.012,-0.203,0.236,0.236,-0.943,0.063,0.929,0.365,-0.798,0.599,-0.067,rock
18.713074,-0.203,0.759,0.619,-0.635,0.254,0.73,0.869,-0.441,-0.226,0.771,-0.558,0.308,0.634,-0.604,-0.483,0.959,-0.231,0.161,0.782,-0.306,-0.544,0.928,0.061,0.367,0.714,0.683,0.155,0.919,0.11,0.379,0.517,0.76,0.395,0.087,0.923,0.375,-0.56,0.812,-0.168,scissors
46.815847,-0.063,-0.146,0.987,-0.55,-0.828,0.111,0.213,-0.09,-0.973,0.588,0.785,0.195,-0.554,0.815,0.17,-0.516,0.815,0.264,-0.692,0.187,-0.698,-0.46,0.754,0.469,-0.769,0.351,-0.535,-0.416,0.719,0.557,-0.786,0.453,-0.421,-0.184,0.417,0.89,-0.818,0.542,-0.193,none
17.515135,-0.379,0.391,0.839,0.611,-0.774,-0.163,0.753,-0.411,-0.514,0.85,-0.35,-0.394,0.19,0.906,0.379,0.952,0.305,-0.034,-0.645,0.545,0.536,0.902,0.427,0.066,-0.824,0.373,0.427,0.706,0.707,0.038,-0.62,0.33,0.712,0.028,0.842,0.539,-0.847,-0.428,0.314,none
51.372484,0.703,-0.612,0.363,-0.808,-0.115,-0.577,-0.746,0.366,-0.556,0.128,0.869,0.478,0.933,-0.161,-0.322,-0.523,0.782,0.34,0.819,-0.295,0.492,-0.417,0.848,0.326,0.85,-0.496,0.177,-0.587,0.741,0.327,0.873,-0.436,0.218,-0.673,-0.617,0.407,-0.769,0.355,-0.532,none
19.717693,0.021,0.755,0.656,-0.128,0.426,0.895,0.584,-0.692,-0.425,0.818,-0.4,0.413,0.923,-0.308,-0.231,0.957,-0.073,0.281,0.982,0.085,-0.171,0.863,-0.085,0.497,0.707,0.393,0.589,0.862,-0.051,0.505,0.493,0.458,0.74,0.108,0.828,0.55,-0.544,0.782,0.306,scissors
16.214085,0.069,0.755,0.652,0.728,0.485,0.485,0.446,-0.763,-0.468,0.786,-0.321,0.529,0.371,0.557,-0.743,0.867,-0.145,0.476,-0.196,0.784,0.588,0.901,-0.188,0.39,0.324,0.811,-0.487,0.98,-0.002,-0.197,-0.381,0.889,-0.254,0.068,0.925,0.375,-0.953,0.272,0.136,rock
18.25685,-0.198,0.823,0.532,-0.018,0.716,0.698,0.872,-0.436,-0.223,0.703,-0.609,0.367,0.855,-0.475,0.209,0.921,-0.317,0.225,0.982,-0.113,0.151,0.961,-0.029,0.275,0.878,0.055,0.476,0.959,0.031,0.281,0.797,0.111,0.593,0.198,0.924,0.328,-0.126,0.901,0.415,scissors
28.452084,-0.046,0.866,0.497,0.156,0.794,0.588,-0.498,-0.702,-0.509,0.688,-0.422,0.59,0.748,-0.302,0.591,0.807,-0.286,0.516,0.812,-0.149,0.564,0.814,-0.286,0.505,0.853,-0.135,0.503,0.99,-0.124,-0.069,0.999,0.044,-0.025,0.188,0.95,0.249,0.093,0.919,0.383,rock
38.623392,0.533,-0.237,0.812,0.858,0.152,-0.491,-0.351,-0.014,-0.936,0.733,0.627,0.263,0.923,-0.369,0.108,-0.133,0.723,0.678,0.793,-0.393,0.465,-0.19,0.562,0.805,0.711,-0.619,0.334,-0.442,0.681,0.584,0.641,-0.538,0.548,-0.5,-0.184,0.846,-0.856,-0.485,-0.179,none
16.147522,-0.22,0.764,0.607,-0.226,0.566,0.793,0.905,-0.147,-0.4,0.744,-0.593,0.308,0.824,-0.507,-0.253,0.949,-0.274,0.158,0.994,-0.076,-0.076,0.947,0.043,0.318,0.816,0.376,0.439,0.938,0.087,0.335,0.529,0.471,0.706,0.116,0.935,0.335,-0.523,0.837,0.157,scissors
8.645804,0.213,0.094,0.972,-0.205,0.978,0.042,0.148,-0.185,-0.972,0.668,0.569,-0.48,-0.944,-0.271,-0.189,0.266,0.964,0.023,-0.653,-0.147,-0.743,0.345,0.938,0.032,-0.76,0.017,-0.649,0.457,0.89,-0.01,-0.633,0.067,-0.772,-0.849,0.389,0.358,-0.271,0.805,0.527,none
52.392402,0.726,-0.637,0.258,0.433,-0.577,-0.693,-0.769,0.434,-0.469,0.226,0.905,-0.36,-0.732,0.661,-0.165,-0.036,0.954,-0.299,-0.931,0.288,-0.222,-0.057,0.962,-0.266,-0.999,0.049,0.024,-0.361,0.917,-0.172,-0.953,0.292,0.077,-0.767,-0.625,0.147,-0.447,-0.056,-0.893,none
26.44113,0.075,0.781,0.62,0.155,0.699,0.699,0.722,-0.474,-0.504,0.79,-0.394,0.47,0.901,-0.341,0.268,0.932,-0.089,0.351,0.963,0.048,0.265,0.864,-0.191,0.466,0.812,-0.07,0.58,0.872,-0.132,0.472,0.707,0.023,0.707,0.197,0.812,0.55,-0.135,0.831,0.539,scissors
33.797558,0.47,-0.075,0.88,0.696,0.174,-0.696,-0.38,-0.197,-0.904,0.509,0.227,0.83,-0.772,-0.07,-0.632,-0.675,0.048,0.737,0.487,-0.811,0.324,-0.265,0.112,0.958,0.511,-0.575,0.639,0.121,0.99,0.076,-0.713,-0.583,0.389,-0.237,0.158,0.959,-0.757,-0.207,-0.62,none
27.878404,-0.011,0.713,0.701,-0.555,0.832,0.0,0.518,-0.718,-0.465,0.852,-0.385,0.356,0.218,-0.436,-0.873,0.973,-0.044,0.226,-0.0,-1.0,0.0,0.855,-0.031,0.518,-0.0,0.555,-0.832,0.845,0.027,0.535,-0.196,0.784,0.588,0.058,0.842,0.537,-0.688,0.688,-0.229,scissors
34.063109,0.08,0.831,0.551,-0.059,-0.997,0.059,0.164,-0.951,-0.263,0.731,-0.314,0.607,-0.091,0.274,-0.958,0.811,-0.171,0.559,-0.398,0.455,-0.796,0.856,-0.162,0.49,-0.295,0.197,-0.935,0.996,0.006,-0.086,-0.794,0.234,-0.561,0.193,0.904,0.382,-0.88,-0.396,-0.264,rock
12.217045,-0.174,-0.257,0.95,-0.267,0.802,0.535,0.529,0.219,-0.82,0.83,0.034,-0.557,0.248,-0.744,-0.62,-0.524,0.721,0.455,-0.328,0.533,0.78,-0.44,0.624,0.646,-0.0,0.117,0.993,-0.333,0.638,0.695,0.131,-0.131,0.983,-0.879,0.426,0.214,0.218,0.436,-0.873,none
53.923344,0.729,-0.603,0.325,0.667,0.667,-0.333,-0.689,0.415,-0.594,0.291,0.925,0.243,0.826,0.118,0.551,-0.375,0.852,0.365,0.533,0.205,0.821,-0.796,-0.141,0.588,0.286,-0.21,0.935,-0.592,-0.742,0.313,0.498,-0.249,0.83,-0.753,-0.573,0.324,-0.572,-0.667,-0.477,none
9.762339,-0.054,-0.2,0.978,0.514,-0.686,0.514,0.316,0.092,-0.944,0.553,0.403,0.729,-0.678,-0.159,-0.718,-0.662,0.558,0.5,-0.437,-0.437,0.786,-0.148,0.695,0.703,-0.0,0.371,0.928,0.171,0.557,-0.813,0.188,0.282,-0.941,-0.7,0.573,0.426,-0.768,0.549,-0.329,none
16.147009,-0.218,0.759,0.614,0.367,0.855,-0.367,0.887,-0.156,-0.434,0.752,-0.587,0.299,0.0,-0.949,0.316,0.953,-0.268,0.144,-0.0,-0.196,0.981,0.944,0.051,0.326,0.802,-0.535,-0.267,0.934,0.094,0.345,0.316,0.0,0.949,0.102,0.936,0.338,-0.371,0.928,-0.0,scissors
42.193689,-0.531,0.711,0.461,-0.19,0.381,-0.905,0.698,-0.712,-0.081,0.574,-0.298,-0.762,-0.239,-0.796,-0.557,0.941,0.268,-0.209,-0.131,-0.743,-0.656,0.939,0.275,-0.208,-0.115,-0.577,-0.808,0.851,0.418,-0.318,0.161,-0.913,-0.376,0.59,0.645,0.486,0.566,0.162,-0.808,none
52.391978,0.7,-0.655,0.285,0.723,-0.402,-0.562,-0.745,0.456,-0.487,0.25,0.888,-0.385,-0.438,0.712,-0.548,-0.001,0.947,-0.32,-0.744,0.62,-0.248,-0.026,0.955,-0.296,-0.745,0.596,-0.298,-0.328,0.918,-0.224,-0.839,0.543,0.049,-0.785,-0.588,0.194,-0.529,0.07,-0.846,none
4.141745,0.035,-0.168,0.985,0.27,0.0,-0.963,0.251,0.079,-0.965,0.775,0.592,0.22,-0.879,-0.476,-0.037,-0.099,0.845,0.525,-0.314,-0.864,-0.393,0.05,0.805,0.591,-0.346,-0.769,-0.538,-0.046,0.921,0.388,-0.393,-0.864,-0.314,-0.486,0.326,0.811,0.0,-0.606,-0.795,none
16.205265,-0.192,0.763,0.617,-0.31,0.197,0.93,0.882,-0.213,-0.421,0.759,-0.568,0.318,0.839,-0.331,-0.432,0.954,-0.249,0.168,0.882,0.055,-0.468,0.938,0.03,0.345,0.609,0.609,0.508,0.93,0.072,0.36,0.413,0.632,0.656,0.11,0.925,0.365,-0.654,0.747,0.117,scissors
17.740936,0.085,0.764,0.64,0.312,-0.937,-0.156,0.423,-0.787,-0.449,0.783,-0.309,0.541,-0.28,0.466,-0.839,0.862,-0.132,0.49,-0.793,0.566,-0.226,0.899,-0.173,0.402,-0.371,0.557,-0.743,0.983,0.01,-0.182,-0.796,0.557,-0.239,0.082,0.919,0.386,-0.839,-0.466,-0.28,rock
27.366732,-0.107,0.653,0.75,0.062,0.701,0.711,0.587,-0.65,-0.483,0.882,-0.408,0.235,0.868,-0.388,0.308,0.994,-0.043,0.1,0.97,-0.034,0.24,0.844,0.137,0.518,0.836,-0.056,0.546,0.821,0.185,0.54,0.782,0.011,0.623,-0.062,0.874,0.482,-0.045,0.858,0.512,scissors
8.497589,-0.153,0.735,0.66,-0.04,0.736,0.676,-0.312,-0.779,-0.544,0.797,-0.508,0.326,0.818,-0.502,0.279,0.979,-0.153,0.133,0.976,-0.113,0.188,0.89,0.089,0.447,0.876,-0.0,0.483,0.883,0.102,0.459,0.808,0.037,0.588,0.021,0.895,0.445,-0.091,0.887,0.453,scissors
1.036491,-0.164,0.747,0.644,0.267,0.802,0.535,0.77,-0.539,-0.34,0.76,-0.564,0.321,0.64,-0.426,-0.64,0.971,-0.194,0.139,0.894,-0.0,0.447,0.911,0.041,0.411,0.905,0.302,0.302,0.913,0.068,0.401,-0.0,0.496,0.868,0.057,0.901,0.431,-0.768,0.64,0.0,scissors
36.611684,0.097,0.82,0.563,-1.0,0.0,0.0,0.18,-0.949,-0.259,0.737,-0.304,0.603,-0.162,-0.162,-0.973,0.815,-0.159,0.558,-1.0,-0.0,0.0,0.86,-0.151,0.487,-0.302,0.302,-0.905,0.996,0.017,-0.086,-0.913,0.365,-0.183,0.185,0.899,0.396,-0.862,0.123,-0.492,rock
31.512194,0.054,0.788,0.614,-0.942,0.202,-0.269,0.194,-0.959,-0.205,0.751,-0.322,0.576,-0.684,-0.456,-0.57,0.837,-0.161,0.522,-0.743,-0.557,-0.371,0.877,-0.173,0.449,-0.85,-0.458,-0.261,0.99,0.006,-0.14,-0.862,-0.492,0.123,0.136,0.914,0.383,-0.275,-0.22,-0.936,rock
18.267088,0.076,0.769,0.635,0.0,-1.0,-0.0,0.456,-0.798,-0.394,0.774,-0.319,0.547,-0.14,0.14,-0.98,0.857,-0.149,0.494,-0.943,0.236,-0.236,0.893,-0.184,0.412,-0.183,0.365,-0.913,0.985,-0.002,-0.171,-0.816,0.408,-0.408,0.093,0.923,0.374,-0.889,0.111,-0.444,rock
9.544418,0.001,0.945,0.327,0.424,0.566,-0.707,0.464,-0.884,0.054,0.881,-0.038,-0.472,-0.049,-0.485,-0.873,0.728,0.15,0.669,0.754,-0.629,-0.189,0.815,-0.012,0.579,0.621,-0.677,-0.395,0.912,-0.135,0.388,0.537,-0.716,-0.447,0.875,0.01,0.484,0.544,-0.423,-0.725,paper
29.980786,-0.026,0.803,0.595,-0.11,-0.887,-0.448,-0.525,-0.559,-0.642,0.759,-0.375,0.533,-0.625,0.319,-0.713,0.859,-0.199,0.471,-0.752,0.221,-0.621,0.878,-0.238,0.416,-0.759,0.161,-0.631,0.984,-0.057,-0.17,-0.992,0.027,-0.121,0.084,0.942,0.326,-0.31,-0.87,-0.384,rock
4.565257,0.146,-0.197,0.97,0.859,-0.177,-0.48,0.167,0.084,-0.982,0.656,0.685,0.317,-0.805,-0.585,0.098,-0.344,0.784,0.517,-0.615,-0.013,-0.789,-0.264,0.704,0.659,-0.606,0.239,-0.759,-0.298,0.818,0.493,-0.916,0.019,-0.4,-0.545,0.2,0.814,-0.149,-0.952,0.268,none
1.688713,0.044,0.803,0.595,0.0,-0.316,0.949,0.503,-0.772,-0.389,0.74,-0.355,0.571,0.527,-0.105,-0.843,0.835,-0.193,0.515,0.728,0.485,-0.485,0.867,-0.201,0.457,0.555,-0.0,-0.832,0.993,-0.028,-0.117,-0.265,0.265,-0.927,0.131,0.921,0.367,-0.913,0.365,-0.183,rock
4.480487,0.031,0.819,0.572,-0.456,0.57,0.684,0.514,-0.795,-0.321,0.723,-0.362,0.588,0.409,-0.701,-0.584,0.82,-0.219,0.529,0.723,-0.562,-0.402,0.849,-0.221,0.48,0.538,-0.74,-0.404,0.994,-0.052,-0.098,0.293,-0.513,-0.807,0.167,0.932,0.323,-0.656,0.656,-0.375,rock
40.664458,0.501,0.108,0.859,0.84,0.525,-0.14,-0.337,-0.36,-0.87,0.882,0.443,0.159,-0.978,-0.156,0.14,0.178,0.76,0.625,-0.78,-0.028,-0.625,0.165,0.657,0.736,-0.663,0.055,-0.746,-0.047,0.871,0.488,-0.933,-0.058,-0.356,-0.03,-0.489,0.872,0.622,-0.718,-0.311,none
3.97047,0.028,0.819,0.573,0.302,-0.302,-0.905,0.539,-0.785,-0.305,0.722,-0.36,0.591,-0.14,0.7,-0.7,0.823,-0.209,0.529,-0.686,0.514,0.514,0.854,-0.209,0.476,-0.365,0.913,-0.183,0.994,-0.037,-0.107,-0.702,0.702,0.117,0.164,0.927,0.337,-0.688,-0.688,-0.229,rock
32.531624,0.062,0.835,0.546,0.281,-0.899,0.337,0.275,-0.928,-0.25,0.717,-0.333,0.612,0.23,0.322,-0.919,0.806,-0.196,0.559,-0.061,0.674,-0.736,0.842,-0.184,0.508,0.048,0.242,-0.969,0.998,-0.018,-0.061,-0.557,0.371,-0.743,0.197,0.913,0.357,-0.976,-0.212,-0.042,rock
46.273788,-0.627,0.469,0.622,-0.468,-0.853,-0.234,0.722,-0.596,-0.352,0.566,0.65,-0.507,-0.711,0.654,0.259,0.13,0.991,0.041,-0.417,0.13,-0.899,0.197,0.969,0.148,-0.546,0.201,-0.813,0.273,0.936,0.22,-0.63,0.361,-0.688,0.454,0.764,0.458,-0.658,0.567,-0.496,none
7.56582,-0.003,0.783,0.622,-0.046,-0.836,-0.546,0.637,-0.559,-0.531,0.766,-0.377,0.521,-0.647,0.383,-0.659,0.866,-0.201,0.458,-0.807,0.269,-0.526,0.882,-0.243,0.402,-0.781,0.24,-0.577,0.98,-0.06,-0.187,-0.993,0.105,-0.047,0.075,0.945,0.318,-0.255,-0.9,-0.353,rock
18.364093,0.2,0.97,-0.138,0.896,-0.169,0.409,0.174,-0.668,0.724,0.396,-0.893,0.214,0.832,0.328,0.447,0.638,-0.708,0.302,0.274,0.222,0.936,0.664,-0.741,0.101,0.305,-0.076,0.949,0.813,-0.414,0.41,0.226,0.301,0.927,0.87,-0.052,0.49,-0.389,-0.448,0.805,none
12.131159,0.004,0.843,0.538,-0.05,-0.893,-0.447,-0.244,-0.942,-0.231,0.692,-0.383,0.612,-0.505,0.367,-0.781,0.799,-0.248,0.548,-0.74,0.321,-0.592,0.83,-0.227,0.509,-0.687,0.237,-0.687,0.996,-0.059,-0.072,-0.974,0.136,-0.181,0.204,0.929,0.31,-0.455,-0.815,-0.359,rock
31.390338,0.385,-0.144,0.911,-0.836,0.304,-0.456,-0.332,-0.05,-0.942,0.53,0.343,0.776,-0.862,0.123,-0.492,-0.578,0.103,0.81,0.282,0.564,-0.776,-0.393,-0.068,0.917,0.352,0.616,-0.704,-0.399,0.133,0.907,0.566,0.793,-0.226,-0.394,-0.083,0.915,0.116,0.349,-0.93,none
9.665852,0.036,-0.129,0.991,0.241,0.964,0.11,0.276,0.047,-0.96,0.677,0.44,0.589,-0.739,0.444,-0.507,-0.438,0.62,0.651,0.118,0.596,-0.794,0.152,0.716,0.682,-0.331,0.589,-0.737,0.182,0.61,-0.771,0.66,0.66,-0.36,-0.679,0.59,0.438,-0.357,0.1,0.929,none
33.477717,0.083,0.809,0.582,0.298,-0.745,-0.596,0.224,-0.924,-0.309,0.75,-0.303,0.588,-0.367,0.367,-0.855,0.827,-0.151,0.542,-0.885,0.442,-0.147,0.868,-0.157,0.471,-0.485,0.485,-0.728,0.995,0.015,-0.097,-0.87,0.483,-0.097,0.153,0.904,0.4,-0.848,-0.424,-0.318,rock
46.275011,-0.547,0.462,0.698,-0.568,-0.821,-0.052,0.733,-0.602,-0.317,0.532,0.681,-0.504,-0.79,0.603,0.114,0.093,0.995,0.046,-0.631,0.088,-0.771,0.176,0.969,0.175,-0.665,0.246,-0.705,0.271,0.931,0.246,-0.69,0.377,-0.618,0.44,0.749,0.495,-0.75,0.555,-0.36,none
31.511933,0.089,0.892,0.444,-0.08,-0.934,-0.347,0.169,-0.942,-0.291,0.64,-0.343,0.688,-0.421,0.253,-0.871,0.735,-0.243,0.633,-0.653,0.249,-0.715,0.78,-0.167,0.603,-0.612,0.087,-0.786,0.999,-0.018,0.048,-0.948,0.029,-0.316,0.33,0.885,0.33,-0.592,-0.652,-0.474,rock
4.99069,0.056,0.782,0.62,0.192,-0.654,-0.731,0.454,-0.802,-0.388,0.76,-0.346,0.55,-0.719,0.552,-0.423,0.852,-0.179,0.492,-0.905,0.357,-0.23,0.884,-0.204,0.42,-0.806,0.461,-0.371,0.985,-0.022,-0.17,-0.934,0.311,0.174,0.108,0.93,0.352,-0.027,-0.987,-0.16,rock
7.541566,0.032,0.79,0.612,-0.816,-0.408,-0.408,0.666,-0.561,-0.492,0.755,-0.345,0.557,-0.342,-0.228,-0.912,0.848,-0.182,0.499,-0.87,-0.348,-0.348,0.877,-0.209,0.433,-0.696,-0.174,-0.696,0.988,-0.029,-0.154,-0.992,-0.0,-0.124,0.11,0.93,0.35,-0.659,-0.0,-0.753,rock
27.90218,-0.023,0.701,0.713,0.0,0.0,1.0,0.553,-0.702,-0.448,0.856,-0.388,0.341,0.365,0.183,-0.913,0.977,-0.043,0.21,-0.707,0.707,-0.0,0.855,-0.011,0.519,-0.408,0.816,0.408,0.843,0.041,0.536,-0.457,0.457,0.762,0.043,0.847,0.53,-0.889,0.444,-0.111,scissors
49.842727,0.71,-0.392,0.585,-0.953,-0.03,0.302,-0.648,0.209,-0.732,0.323,0.194,0.926,0.016,0.715,-0.699,-0.758,-0.013,0.652,0.034,0.861,-0.507,-0.71,-0.031,0.704,0.045,0.89,-0.453,-0.743,-0.055,0.667,-0.056,0.929,-0.366,-0.471,-0.657,0.588,0.052,0.935,0.351,none
43.212913,-0.645,0.597,0.476,0.817,0.516,-0.258,0.774,-0.617,-0.141,0.589,-0.469,-0.658,-0.958,-0.154,-0.242,0.9,0.104,-0.423,-0.629,-0.072,-0.774,0.759,0.644,-0.097,0.669,0.526,-0.526,0.566,0.823,-0.057,0.816,-0.408,0.408,0.395,0.906,0.155,-0.241,-0.963,-0.12,none
5.946983,-0.079,0.809,0.583,-0.09,0.658,0.748,0.73,-0.645,-0.226,0.727,-0.524,0.444,0.853,-0.506,0.126,0.942,-0.195,0.274,0.99,-0.099,0.099,0.919,-0.079,0.387,0.862,0.123,0.492,0.925,-0.058,0.375,0.714,0.155,0.683,0.168,0.862,0.479,-0.259,0.891,0.374,scissors
5.474589,-0.083,0.946,0.313,1.0,0.0,0.0,0.713,-0.696,0.083,0.864,0.051,-0.501,0.302,0.302,-0.905,0.728,0.236,0.644,-0.688,0.229,0.688,0.835,0.073,0.545,-0.894,0.447,-0.0,0.939,-0.06,0.338,-0.707,0.424,0.566,0.882,0.091,0.462,-0.962,0.192,-0.192,paper
9.014837,-0.115,0.767,0.631,0.0,-0.565,-0.825,-0.331,-0.705,-0.627,0.765,-0.522,0.377,-0.854,0.407,-0.325,0.963,-0.185,0.195,-0.999,0.038,0.038,0.912,0.003,0.41,-0.802,-0.084,-0.591,0.911,0.022,0.412,-0.91,0.0,-0.414,0.098,0.89,0.444,-0.045,-0.81,-0.585,scissors
43.723209,-0.677,0.514,0.526,-0.923,0.198,0.33,0.822,-0.545,-0.165,0.432,0.394,-0.811,-0.855,-0.025,-0.518,0.408,0.886,-0.221,0.018,0.212,-0.977,0.361,0.931,-0.041,-0.251,0.292,-0.923,0.347,0.938,0.019,-0.689,0.397,-0.606,0.451,0.772,0.448,-0.911,0.045,0.411,none
1.330232,-0.15,0.75,0.644,0.371,0.557,0.743,0.75,-0.56,-0.352,0.755,-0.564,0.334,0.943,0.236,-0.236,0.967,-0.203,0.154,0.196,0.784,0.588,0.912,0.032,0.408,0.436,-0.218,0.873,0.916,0.056,0.396,-0.124,0.0,0.992,0.072,0.898,0.434,-0.816,0.408,0.408,scissors
24.306731,-0.049,0.722,0.69,0.439,0.816,-0.376,0.565,-0.661,-0.494,0.832,-0.434,0.345,-0.162,-0.162,0.973,0.973,-0.095,0.211,-0.034,-0.202,0.979,0.869,-0.006,0.494,0.347,-0.937,-0.035,0.877,0.008,0.48,0.316,-0.948,0.039,0.081,0.866,0.493,0.89,0.169,0.424,scissors
34.572247,0.082,0.832,0.549,-0.057,0.4,0.915,0.192,-0.95,-0.245,0.714,-0.319,0.624,0.572,-0.477,0.667,0.797,-0.18,0.577,0.429,-0.286,0.857,0.848,-0.154,0.507,0.707,-0.0,0.707,0.998,0.017,-0.067,0.894,0.268,0.358,0.211,0.897,0.388,0.071,0.987,0.141,rock
3.041095,-0.117,0.952,0.283,0.862,-0.123,-0.492,0.764,-0.635,0.113,0.839,0.074,-0.539,-0.169,-0.845,-0.507,0.756,0.251,0.604,-0.535,-0.802,0.267,0.866,0.082,0.494,-0.507,-0.845,-0.169,0.959,-0.038,0.28,-0.912,-0.342,0.228,0.901,0.138,0.411,-0.647,-0.539,-0.539,paper
50.351576,0.643,-0.679,0.355,-0.171,-0.514,0.84,-0.697,0.459,-0.551,0.131,0.834,0.537,0.939,0.197,-0.28,-0.602,0.719,0.348,0.784,0.25,0.568,-0.536,0.773,0.339,0.882,0.12,0.456,-0.726,0.62,0.296,0.838,0.052,0.543,-0.667,-0.503,0.55,-0.828,0.07,0.557,none
0.246896,-0.093,0.951,0.296,0.333,0.667,0.667,0.723,-0.674,0.151,0.854,0.111,-0.508,0.758,0.487,0.433,0.733,0.237,0.638,0.053,0.316,0.947,0.855,0.065,0.515,0.475,-0.237,0.848,0.966,-0.114,0.233,0.876,0.138,0.461,0.841,-0.197,0.504,0.553,0.352,-0.755,paper
19.596616,0.289,0.837,-0.464,-0.745,0.298,-0.596,0.174,-0.243,0.954,0.098,-0.36,0.928,-0.997,-0.077,0.0,-0.059,-0.483,0.874,-0.959,-0.274,0.069,0.386,-0.91,-0.151,-0.535,0.076,-0.841,0.795,0.255,0.55,-0.665,0.181,0.725,0.905,0.025,0.425,-0.359,-0.359,-0.862,none
29.980221,-0.045,0.778,0.626,-0.11,-0.887,-0.448,-0.516,-0.56,-0.648,0.779,-0.375,0.503,-0.611,0.314,-0.727,0.878,-0.187,0.441,-0.741,0.227,-0.632,0.891,-0.246,0.382,-0.746,0.154,-0.648,0.977,-0.06,-0.206,-0.99,0.024,-0.138,0.047,0.944,0.325,-0.335,-0.857,-0.392,rock
2.605414,-0.136,0.733,0.666,-0.408,0.816,0.408,0.768,-0.553,-0.324,0.77,-0.537,0.345,0.324,-0.487,-0.811,0.975,-0.175,0.134,0.218,-0.873,-0.436,0.908,0.031,0.418,0.447,0.894,-0.0,0.908,0.054,0.415,-0.329,0.768,0.549,0.047,0.896,0.442,-0.667,0.667,-0.333,scissors
10.597921,0.061,0.876,0.478,0.255,0.744,0.617,0.368,-0.88,-0.299,0.657,-0.348,0.669,0.803,-0.169,0.571,0.759,-0.235,0.607,0.806,-0.0,0.592,0.804,-0.187,0.565,0.894,-0.0,0.447,1.0,-0.031,-0.004,0.979,0.19,-0.074,0.261,0.906,0.334,0.03,0.873,0.487,rock
6.104151,0.059,0.823,0.565,-0.592,-0.547,-0.592,0.623,-0.644,-0.443,0.725,-0.331,0.604,-0.718,-0.151,-0.68,0.815,-0.188,0.548,-0.805,-0.282,-0.523,0.855,-0.184,0.485,-0.867,-0.206,-0.454,0.995,-0.013,-0.097,-0.962,-0.269,0.038,0.17,0.917,0.361,-0.273,-0.506,-0.818,rock
2.102594,-0.146,0.753,0.642,0.0,0.447,0.894,0.794,-0.546,-0.266,0.759,-0.543,0.359,0.647,0.108,-0.755,0.972,-0.183,0.147,0.447,-0.0,-0.894,0.913,0.02,0.407,0.0,0.928,0.371,0.916,0.048,0.399,-0.212,0.636,0.742,0.067,0.895,0.442,-0.858,0.477,-0.191,scissors
42.195717,-0.534,0.712,0.456,-0.1,0.597,-0.796,0.698,-0.712,-0.081,0.605,-0.275,-0.747,0.114,-0.91,-0.398,0.933,0.31,-0.18,0.164,-0.93,-0.328,0.935,0.306,-0.18,0.33,-0.755,-0.566,0.849,0.433,-0.304,0.361,-0.901,-0.24,0.585,0.654,0.479,0.569,0.122,-0.813,none
37.122504,0.053,0.826,0.561,-0.394,-0.0,-0.919,0.21,-0.956,-0.207,0.725,-0.345,0.597,-0.755,-0.108,-0.647,0.816,-0.198,0.544,-0.976,-0.217,-0.0,0.85,-0.189,0.492,-0.93,0.116,-0.349,0.996,-0.018,-0.086,-0.976,0.098,0.195,0.19,0.915,0.357,-0.424,-0.318,-0.848,rock
20.291448,0.055,0.758,0.65,0.164,0.055,-0.985,0.442,-0.778,-0.446,0.783,-0.327,0.53,-0.93,0.349,0.116,0.865,-0.151,0.478,-0.912,0.0,0.41,0.898,-0.195,0.394,-0.824,0.495,0.275,0.981,-0.01,-0.192,-0.639,0.344,0.688,0.069,0.927,0.368,0.545,-0.778,-0.311,rock
0.538431,-0.091,0.955,0.282,0.702,-0.702,0.117,0.729,-0.676,0.107,0.856,0.105,-0.506,0.953,0.073,-0.293,0.728,0.25,0.638,0.473,0.068,0.878,0.846,0.086,0.527,0.734,0.056,0.677,0.959,-0.067,0.275,0.887,0.444,0.127,0.874,-0.124,0.47,0.345,0.078,-0.935,paper
9.155473,-0.18,0.03,0.983,0.614,-0.76,-0.213,0.501,-0.014,-0.865,0.721,0.682,0.123,-0.99,0.116,0.077,-0.302,0.798,0.521,-0.16,-0.599,0.785,-0.004,0.767,0.642,0.126,-0.778,0.615,0.201,0.973,0.113,-0.939,-0.341,-0.049,-0.701,0.625,0.342,-0.804,-0.425,0.416,none
1.095761,-0.003,-0.271,0.963,-0.937,-0.156,0.312,0.205,0.198,-0.959,0.702,0.697,0.149,0.0,0.496,-0.868,-0.143,0.907,0.397,-0.507,0.845,-0.169,-0.01,0.879,0.476,-0.147,0.885,-0.442,-0.114,0.954,0.278,-0.577,0.808,-0.115,-0.595,0.358,0.719,-0.83,0.498,-0.249,none
33.477469,0.086,0.801,0.593,0.0,0.995,0.1,0.207,-0.948,-0.241,0.755,-0.305,0.581,-0.218,-0.873,0.436,0.831,-0.149,0.536,-0.115,-0.577,0.808,0.874,-0.157,0.461,0.192,-0.192,0.962,0.994,0.018,-0.109,0.236,0.236,0.943,0.145,0.904,0.402,-0.123,0.862,-0.492,rock
38.114016,0.545,-0.423,0.723,0.478,0.805,0.352,-0.45,0.262,-0.854,0.676,0.602,0.424,-0.925,-0.322,-0.201,-0.045,0.845,0.533,-0.647,0.089,-0.757,0.063,0.909,0.412,-0.791,-0.013,-0.612,-0.285,0.926,0.247,-0.936,-0.04,-0.349,-0.648,0.01,0.762,-0.488,-0.23,0.842,none
17.812899,-0.072,0.709,0.702,0.846,-0.299,0.441,0.467,-0.761,-0.45,0.859,-0.49,-0.151,0.188,0.911,0.366,0.986,0.065,0.15,-0.397,0.62,0.676,0.981,0.111,0.16,-0.426,0.303,0.852,0.878,0.447,0.173,-0.511,0.397,0.763,0.331,0.629,0.703,-0.622,-0.374,0.688,none
37.603872,0.615,-0.431,0.66,-0.09,-0.992,-0.09,-0.454,0.273,-0.848,0.698,0.714,-0.064,0.961,-0.019,0.277,0.39,0.918,0.07,0.77,0.043,0.636,0.395,0.918,0.046,0.819,0.055,0.571,0.071,0.952,-0.298,0.924,0.126,0.361,-0.768,-0.127,0.628,-0.552,-0.106,-0.827,none
19.717937,0.004,0.731,0.682,-0.074,0.519,0.852,0.499,-0.728,-0.47,0.832,-0.392,0.391,0.924,-0.362,-0.121,0.965,-0.056,0.256,0.995,0.087,-0.043,0.854,-0.045,0.519,0.77,0.27,0.578,0.848,-0.012,0.53,0.557,0.371,0.743,0.077,0.83,0.553,-0.466,0.824,0.322,scissors
6.368113,-0.069,0.95,0.304,0.085,0.936,0.341,0.73,-0.675,0.11,0.859,0.02,-0.512,0.625,-0.0,-0.781,0.744,0.207,0.636,0.527,0.105,0.843,0.84,0.048,0.54,0.808,0.115,0.577,0.939,-0.081,0.334,0.482,0.241,0.843,0.889,0.081,0.45,0.784,0.196,0.588,paper
4.30975,-0.082,0.95,0.302,-0.333,-0.667,0.667,0.744,-0.655,0.132,0.863,0.045,-0.503,-0.447,0.894,-0.0,0.732,0.227,0.643,-0.927,0.265,0.265,0.836,0.067,0.545,-0.928,0.371,-0.0,0.941,-0.056,0.335,-0.781,0.39,0.488,0.887,0.09,0.453,-0.985,0.123,-0.123,paper
12.069897,-0.035,0.67,0.741,-0.074,-0.794,-0.603,0.745,-0.109,-0.658,0.851,-0.412,0.325,-0.714,0.443,-0.543,0.986,-0.051,0.159,-0.941,0.128,-0.314,0.856,0.016,0.516,-0.876,0.204,-0.438,0.851,0.027,0.524,-0.905,0.212,-0.368,-0.006,0.853,0.521,-0.247,-0.786,-0.567,scissors
16.148704,-0.208,0.765,0.61,-0.288,0.412,0.865,0.871,-0.202,-0.449,0.753,-0.58,0.31,0.842,-0.421,-0.337,0.952,-0.26,0.159,0.954,-0.0,-0.301,0.942,0.039,0.334,0.738,0.477,0.477,0.945,0.049,0.324,0.562,0.522,0.642,0.104,0.93,0.354,-0.599,0.786,0.15,scissors
31.262666,0.386,-0.159,0.909,-0.667,-0.333,-0.667,-0.321,-0.112,-0.941,0.531,0.34,0.776,0.934,0.098,0.344,-0.594,0.101,0.798,-0.243,-0.0,0.97,-0.409,-0.064,0.91,0.535,-0.267,0.802,-0.418,0.127,0.9,0.926,0.168,0.337,-0.407,-0.089,0.909,0.12,0.42,-0.9,none
20.855359,0.001,0.72,0.694,-0.208,-0.968,0.138,0.534,-0.693,-0.484,0.798,-0.367,0.478,-0.298,0.149,-0.943,0.891,-0.175,0.418,-0.62,0.248,-0.744,0.907,-0.241,0.346,-0.49,0.054,-0.87,0.968,-0.049,-0.247,-0.89,0.099,-0.445,0.018,0.945,0.326,-0.783,-0.44,-0.44,rock
30.491449,-0.026,0.766,0.643,-0.13,-0.745,-0.654,-0.312,-0.893,-0.326,0.765,-0.396,0.509,-0.792,0.297,-0.533,0.874,-0.212,0.437,-0.884,0.122,-0.451,0.881,-0.269,0.389,-0.884,0.177,-0.433,0.976,-0.086,-0.201,-0.994,0.009,0.112,0.057,0.955,0.291,-0.066,-0.911,-0.406,rock
17.242363,-0.064,0.674,0.736,-0.273,0.923,0.273,0.734,-0.398,-0.55,0.867,-0.398,0.299,0.416,-0.808,0.416,0.987,-0.04,0.154,0.69,-0.591,0.419,0.839,0.073,0.539,0.976,-0.214,-0.024,0.822,0.101,0.56,0.993,-0.081,0.081,-0.026,0.852,0.523,0.344,0.934,0.098,scissors
24.155225,0.304,0.117,0.945,0.605,0.777,-0.173,-0.305,-0.427,-0.851,0.911,0.411,0.043,0.772,-0.617,0.154,0.474,0.697,0.538,0.191,-0.477,0.858,0.449,0.504,0.738,0.758,-0.487,0.433,0.257,0.836,0.485,-0.089,0.445,0.891,-0.277,0.271,0.922,0.717,-0.359,0.598,none
12.577552,-0.063,0.737,0.673,0.14,0.745,0.652,0.683,-0.133,-0.718,0.813,-0.459,0.357,0.882,-0.294,0.368,0.975,-0.115,0.19,0.802,0.267,0.535,0.886,-0.016,0.464,0.77,-0.237,0.592,0.886,-0.0,0.464,0.537,-0.119,0.835,0.059,0.873,0.484,-0.229,0.743,0.629,scissors
8.050892,0.004,0.8,0.6,-0.031,-0.835,-0.55,0.59,-0.545,-0.596,0.748,-0.376,0.547,-0.664,0.381,-0.644,0.851,-0.207,0.484,-0.821,0.247,-0.514,0.872,-0.236,0.429,-0.798,0.234,-0.555,0.986,-0.054,-0.16,-0.995,0.097,-0.029,0.106,0.941,0.321,-0.217,-0.909,-0.356,rock
21.475181,0.313,-0.555,0.771,-0.745,0.518,-0.421,-0.257,0.324,-0.911,0.582,0.809,0.087,-0.174,-0.696,-0.696,-0.137,0.933,0.333,0.631,-0.505,-0.589,-0.102,0.813,0.573,0.62,-0.292,-0.729,-0.209,0.966,-0.153,-0.321,-0.834,-0.449,-0.73,-0.011,0.684,0.677,0.29,-0.677,none
27.151452,0.578,0.178,0.797,-0.018,0.95,0.311,-0.516,-0.495,-0.699,0.899,0.046,0.435,-0.959,-0.238,0.153,0.042,0.382,0.923,-0.771,0.274,-0.575,0.274,0.389,0.88,-0.84,0.177,-0.512,0.061,0.759,0.648,-0.936,-0.017,-0.352,0.08,-0.774,0.628,0.737,0.146,0.66,none
25.16801,0.462,0.528,0.713,0.612,-0.501,-0.612,-0.386,-0.788,-0.48,0.978,-0.016,0.207,-0.978,-0.196,0.073,0.528,0.184,0.829,-0.859,-0.088,-0.505,0.583,-0.046,0.811,-0.77,-0.03,-0.637,0.523,0.386,0.76,-0.852,-0.451,-0.267,0.203,-0.096,0.974,-0.752,-0.602,-0.268,none
31.003986,0.124,0.88,0.459,0.925,-0.092,-0.37,0.128,-0.951,-0.281,0.687,-0.306,0.659,-0.402,0.884,0.241,0.764,-0.192,0.616,-0.592,0.474,0.652,0.812,-0.134,0.568,-0.215,0.933,0.287,1.0,0.025,0.012,-0.261,0.85,0.458,0.3,0.878,0.372,0.147,-0.442,0.885,rock
36.613137,0.099,0.82,0.564,-0.302,-0.905,-0.302,0.173,-0.96,-0.219,0.737,-0.304,0.603,-0.216,0.108,-0.97,0.815,-0.158,0.558,-0.811,0.324,-0.487,0.861,-0.151,0.486,-0.442,0.147,-0.885,0.996,0.02,-0.087,-0.883,0.331,-0.331,0.184,0.899,0.397,-0.87,-0.097,-0.483,rock
4.248283,-0.156,0.712,0.685,0.154,-0.772,-0.617,0.745,-0.595,-0.301,0.792,-0.532,0.299,-0.678,0.542,-0.497,0.982,-0.161,0.099,-0.936,0.341,-0.085,0.89,0.091,0.447,-0.921,0.048,-0.388,0.888,0.104,0.447,-0.982,0.134,-0.134,0.001,0.901,0.433,-0.376,-0.799,-0.47,scissors
5.440064,-0.079,0.837,0.542,-0.527,-0.422,0.738,0.73,-0.6,-0.327,0.706,-0.541,0.456,0.22,-0.275,-0.936,0.933,-0.221,0.285,0.14,-0.14,-0.98,0.93,-0.095,0.356,0.062,0.998,0.0,0.937,-0.068,0.342,-0.43,0.816,0.387,0.199,0.863,0.463,-0.801,0.4,-0.445,scissors
33.129353,0.078,0.833,0.547,-0.635,0.127,0.762,0.213,-0.944,-0.251,0.72,-0.327,0.612,0.631,-0.451,-0.631,0.803,-0.186,0.567,0.905,-0.302,-0.302,0.848,-0.169,0.502,0.684,-0.456,-0.57,0.997,0.001,-0.073,0.14,-0.14,-0.98,0.209,0.904,0.372,-0.701,0.638,-0.319,rock
45.253089,-0.704,0.509,0.495,-0.676,0.709,-0.198,0.792,-0.578,-0.198,0.441,-0.094,-0.893,0.983,0.162,-0.081,0.754,0.482,-0.446,0.726,-0.058,0.685,0.656,0.586,-0.476,0.934,0.068,0.35,0.423,0.875,-0.234,0.836,0.179,0.518,0.213,0.962,0.17,0.892,0.186,-0.412,none
26.412973,0.044,0.829,0.557,0.173,-0.777,-0.605,-0.359,-0.899,-0.25,0.718,-0.352,0.601,-0.574,0.503,-0.646,0.813,-0.207,0.545,-0.885,0.442,-0.147,0.847,-0.202,0.492,-0.673,0.523,-0.523,0.996,-0.031,-0.087,-0.906,0.423,0.0,0.187,0.922,0.338,-0.545,-0.778,-0.311,rock
21.847802,0.218,-0.245,0.945,0.906,0.419,-0.062,-0.123,-0.184,-0.975,0.818,0.564,-0.112,0.452,-0.226,0.863,0.26,0.9,0.349,-0.106,-0.295,0.95,0.26,0.796,0.546,-0.034,-0.516,0.856,0.131,0.977,-0.17,0.074,0.236,0.969,-0.557,0.252,0.792,0.418,-0.593,0.688,none
45.305463,-0.728,0.237,0.643,-0.37,0.494,0.787,0.857,-0.408,-0.314,0.425,0.346,-0.836,-0.905,0.303,-0.298,0.476,0.834,-0.279,-0.196,0.335,-0.922,0.447,0.863,-0.234,-0.396,0.402,-0.825,0.455,0.854,-0.252,-0.795,0.302,-0.526,-0.136,0.984,-0.116,-0.401,0.341,0.85,none
32.365869,0.417,-0.215,0.883,0.923,-0.054,-0.38,-0.313,-0.005,-0.95,0.457,0.228,0.86,0.553,-0.83,0.069,-0.685,0.017,0.728,0.302,0.302,-0.905,-0.44,-0.047,0.897,-0.0,-0.287,-0.958,-0.38,0.13,0.916,-0.909,-0.404,0.101,-0.388,0.075,0.918,0.327,0.0,0.945,none
19.780506,0.056,0.712,0.7,0.036,0.766,0.642,0.5,-0.694,-0.518,0.842,-0.371,0.393,0.844,-0.431,0.319,0.964,-0.038,0.262,0.955,-0.039,0.292,0.85,-0.086,0.52,0.853,-0.089,0.515,0.846,-0.061,0.53,0.77,-0.019,0.638,0.073,0.82,0.567,-0.054,0.85,0.524,scissors
5.584787,0.127,-0.189,0.974,-0.942,-0.332,0.055,0.234,0.062,-0.97,0.781,0.545,0.305,-0.0,0.747,-0.664,-0.237,0.778,0.581,-0.555,0.832,0.0,-0.138,0.7,0.701,0.617,0.772,0.154,-0.138,0.827,0.545,0.555,0.832,-0.0,-0.441,0.248,0.863,-0.523,0.576,-0.628,none
6.474905,-0.112,0.714,0.691,-0.316,0.721,0.616,0.547,-0.76,-0.351,0.81,-0.485,0.33,0.685,-0.715,0.137,0.982,-0.122,0.146,0.923,-0.384,0.031,0.881,0.053,0.47,0.954,0.151,0.258,0.877,0.066,0.476,0.89,0.234,0.39,0.014,0.878,0.479,-0.059,0.979,0.193,scissors
43.724866,-0.68,0.504,0.533,0.197,0.935,-0.295,0.808,-0.566,-0.163,0.303,0.466,-0.831,0.661,-0.323,-0.677,0.303,0.888,-0.345,0.756,0.363,-0.544,0.216,0.973,-0.08,0.49,0.054,-0.87,0.204,0.975,0.085,-0.497,-0.348,-0.795,0.496,0.692,0.525,-0.583,-0.74,-0.336,none
34.562454,0.496,-0.355,0.793,-0.846,-0.269,-0.461,-0.375,0.178,-0.91,0.492,0.11,0.863,-0.642,-0.367,-0.673,-0.237,0.643,0.728,-0.696,-0.258,-0.67,0.232,0.868,0.439,0.398,-0.199,0.896,0.047,0.954,0.295,-0.638,-0.529,0.56,-0.257,0.08,0.963,-0.332,0.41,0.849,none
4.564755,0.098,-0.149,0.984,0.16,-0.961,-0.224,0.222,0.114,-0.968,0.789,0.555,0.265,-0.67,0.67,0.32,-0.126,0.81,0.572,-0.858,0.101,-0.504,0.001,0.755,0.656,-0.822,0.255,-0.509,-0.079,0.879,0.47,-0.847,0.163,-0.505,-0.457,0.283,0.843,-0.83,-0.269,-0.488,none
20.893384,-0.003,0.707,0.707,-0.123,-0.862,-0.492,0.524,-0.705,-0.477,0.808,-0.371,0.457,-0.575,0.287,-0.766,0.902,-0.173,0.396,-0.852,0.213,-0.479,0.913,-0.249,0.323,-0.709,0.253,-0.658,0.961,-0.052,-0.272,-0.978,0.186,-0.093,-0.008,0.946,0.324,-0.515,-0.721,-0.464,rock
27.431647,0.065,0.857,0.512,0.477,-0.667,-0.572,-0.312,-0.914,-0.259,0.69,-0.333,0.643,-0.552,0.345,-0.759,0.78,-0.207,0.59,-0.923,0.231,-0.308,0.825,-0.171,0.539,-0.709,0.315,-0.63,0.999,-0.01,-0.031,-0.959,0.274,-0.069,0.242,0.903,0.355,-0.629,-0.55,-0.55,rock
4.482378,0.023,0.758,0.652,0.147,-0.885,-0.442,0.513,-0.778,-0.361,0.789,-0.346,0.508,-0.506,0.439,-0.742,0.878,-0.163,0.45,-0.777,0.389,-0.495,0.899,-0.22,0.379,-0.648,0.341,-0.682,0.977,-0.035,-0.212,-0.954,0.254,-0.159,0.046,0.936,0.349,-0.524,-0.804,-0.28,rock
20.291575,0.038,0.773,0.633,0.07,-0.418,-0.906,0.449,-0.79,-0.418,0.777,-0.331,0.536,-0.873,0.374,-0.312,0.861,-0.161,0.482,-0.988,0.11,0.11,0.891,-0.204,0.406,-0.892,0.416,-0.178,0.984,-0.023,-0.176,-0.879,0.31,0.362,0.08,0.931,0.357,-0.074,-0.892,-0.446,rock
7.033279,0.046,0.807,0.588,0.351,0.936,0.0,0.615,-0.577,-0.538,0.739,-0.34,0.581,0.832,0.0,0.555,0.83,-0.187,0.525,0.124,0.0,0.992,0.867,-0.195,0.459,0.625,0.625,0.469,0.992,-0.019,-0.127,0.302,0.905,0.302,0.145,0.925,0.351,-0.302,0.905,0.302,rock
0.983177,0.04,0.807,0.59,-0.892,0.446,-0.074,0.547,-0.77,-0.329,0.727,-0.355,0.588,-0.685,-0.548,-0.48,0.827,-0.2,0.525,-0.884,-0.402,-0.241,0.862,-0.197,0.467,-0.63,-0.315,-0.709,0.994,-0.026,-0.109,-0.943,0.236,-0.236,0.136,0.921,0.366,-0.837,0.258,-0.483,rock
18.786912,0.072,0.772,0.632,0.707,-0.0,0.707,0.467,-0.782,-0.413,0.778,-0.316,0.543,0.0,0.316,-0.949,0.859,-0.146,0.491,-0.688,0.688,0.229,0.894,-0.183,0.409,0.0,0.707,-0.707,0.984,0.0,-0.178,-0.566,0.707,-0.424,0.087,0.922,0.378,-0.985,0.123,-0.123,rock
18.788386,0.078,0.773,0.63,-0.0,-0.447,0.894,0.392,-0.784,-0.482,0.776,-0.316,0.546,0.14,0.14,-0.98,0.857,-0.146,0.494,-0.667,0.667,-0.333,0.893,-0.18,0.412,0.0,0.371,-0.928,0.985,0.003,-0.172,-0.662,0.53,-0.53,0.09,0.921,0.379,-0.928,0.206,-0.309,rock
19.783424,0.092,0.764,0.638,0.348,-0.348,-0.87,0.379,-0.813,-0.442,0.78,-0.299,0.55,-0.447,0.0,-0.894,0.855,-0.131,0.501,-1.0,0.0,0.0,0.898,-0.164,0.408,-0.688,0.229,-0.688,0.984,0.019,-0.175,-0.953,0.272,-0.136,0.089,0.914,0.397,-0.707,0.0,-0.707,rock
13.186554,-0.148,0.956,0.253,-0.282,0.691,0.666,-0.032,-0.992,0.124,0.815,0.022,-0.579,0.867,0.339,-0.364,0.792,0.241,0.56,0.464,0.515,0.721,0.878,0.069,0.474,0.635,0.376,0.674,0.957,-0.028,0.287,0.724,0.303,0.619,0.894,0.166,0.416,0.558,0.377,0.739,paper
19.265883,0.271,0.841,-0.468,-0.78,0.6,0.18,0.151,-0.224,0.963,0.09,-0.388,0.917,0.744,-0.359,-0.564,-0.062,-0.51,0.858,0.937,-0.248,-0.248,0.389,-0.903,-0.185,0.147,0.885,0.442,0.781,0.257,0.569,0.527,-0.838,-0.144,0.905,0.013,0.424,0.622,0.682,-0.385,none
15.147763,-0.112,0.982,0.155,0.08,-0.96,-0.27,0.354,-0.884,0.306,0.745,-0.064,-0.664,-0.792,0.041,0.609,0.877,0.147,0.458,-0.852,-0.157,-0.499,0.929,-0.047,0.367,-0.873,0.039,-0.485,0.973,-0.147,0.176,-0.943,0.152,-0.295,0.95,0.098,0.295,-0.907,-0.093,-0.411,paper
16.296236,-0.396,0.373,0.839,0.577,-0.795,0.187,0.868,-0.3,-0.395,0.812,-0.004,-0.584,0.05,0.957,0.285,0.788,0.604,-0.118,-0.442,0.704,0.556,0.773,0.632,-0.048,-0.3,0.517,0.801,0.561,0.828,-0.031,-0.828,0.229,0.511,-0.117,0.888,0.446,-0.862,-0.486,0.141,none
28.452454,-0.012,0.804,0.594,0.091,0.772,0.629,-0.497,-0.614,-0.614,0.74,-0.375,0.558,0.778,-0.304,0.55,0.843,-0.206,0.497,0.83,-0.141,0.54,0.87,-0.223,0.439,0.87,-0.141,0.472,0.987,-0.041,-0.156,0.997,0.051,-0.06,0.117,0.934,0.336,0.049,0.924,0.379,rock
0.329712,-0.16,0.754,0.637,-0.226,0.793,0.566,0.796,-0.534,-0.285,0.751,-0.572,0.33,0.745,-0.596,-0.298,0.968,-0.204,0.146,0.962,-0.192,0.192,0.917,0.033,0.397,0.857,0.286,0.429,0.923,0.06,0.38,0.207,0.518,0.83,0.069,0.901,0.427,-0.612,0.786,0.087,scissors
36.101251,0.067,0.814,0.577,-0.147,0.928,-0.342,0.142,-0.956,-0.258,0.728,-0.31,0.611,-0.647,0.108,0.755,0.809,-0.166,0.564,-0.52,-0.13,0.844,0.856,-0.158,0.492,-0.362,0.453,0.815,0.997,0.011,-0.08,-0.147,0.442,0.885,0.185,0.903,0.388,0.973,0.162,-0.162,rock
42.704906,-0.579,0.646,0.497,-0.432,0.802,-0.412,0.728,-0.676,-0.113,0.525,-0.388,-0.757,0.999,-0.005,-0.043,0.914,0.185,-0.361,0.687,-0.416,0.596,0.872,0.454,-0.182,-0.352,0.117,-0.929,0.713,0.677,-0.18,-0.75,0.059,-0.659,0.509,0.785,0.354,0.934,0.292,-0.204,none
48.823253,0.748,-0.348,0.565,0.985,0.102,-0.136,-0.657,0.159,-0.737,0.338,0.232,0.912,0.264,-0.663,0.701,-0.781,-0.062,0.622,-0.143,-0.677,0.722,-0.726,-0.13,0.675,-0.071,-0.788,0.612,-0.751,-0.207,0.627,-0.089,-0.831,0.55,-0.464,-0.735,0.494,0.084,-0.995,-0.046,none
18.18859,-0.18,0.808,0.561,0.0,0.77,0.638,0.89,-0.344,-0.298,0.722,-0.584,0.37,0.81,-0.491,0.319,0.932,-0.282,0.228,0.946,-0.124,0.299,0.952,-0.033,0.305,0.89,-0.094,0.445,0.949,0.021,0.314,0.817,-0.0,0.577,0.18,0.916,0.359,-0.046,0.889,0.456,scissors
27.910226,0.547,-0.081,0.833,-0.535,0.844,-0.021,-0.541,-0.224,-0.81,0.536,0.5,0.68,-0.966,-0.007,-0.26,0.028,0.559,0.829,-0.515,0.354,-0.781,0.226,0.58,0.783,-0.607,0.295,-0.738,0.075,0.836,0.543,-0.661,-0.178,-0.729,-0.425,-0.106,0.899,0.648,0.479,0.592,none
24.881199,0.047,0.727,0.685,0.279,0.617,0.736,0.371,-0.807,-0.46,0.808,-0.34,0.481,0.913,-0.183,0.365,0.892,-0.15,0.427,0.874,0.066,0.481,0.908,-0.226,0.353,0.961,-0.0,0.278,0.972,-0.035,-0.233,0.932,0.244,-0.266,0.031,0.94,0.341,-0.203,0.872,0.446,rock
54.464327,0.711,-0.582,0.395,0.596,0.745,0.298,-0.665,0.389,-0.637,0.065,0.704,0.707,0.223,0.028,-0.974,-0.891,-0.219,0.397,0.4,-0.3,0.866,-0.705,-0.627,0.33,0.322,-0.127,0.938,-0.689,-0.682,0.246,0.139,-0.179,0.974,-0.723,-0.579,0.376,0.498,-0.83,0.249,none
19.272243,0.001,0.75,0.662,-0.333,0.444,0.832,0.566,-0.695,-0.445,0.818,-0.416,0.396,0.78,-0.468,-0.416,0.961,-0.085,0.262,0.921,-0.123,-0.369,0.869,-0.061,0.491,0.775,0.498,0.388,0.866,-0.028,0.5,0.381,0.654,0.654,0.101,0.84,0.533,-0.585,0.81,0.045,scissors
7.543125,-0.007,0.765,0.644,-0.072,-0.862,-0.503,0.651,-0.518,-0.554,0.773,-0.371,0.514,-0.608,0.382,-0.695,0.872,-0.19,0.452,-0.798,0.284,-0.532,0.89,-0.239,0.388,-0.752,0.245,-0.612,0.978,-0.053,-0.204,-0.987,0.134,-0.084,0.057,0.943,0.329,-0.322,-0.877,-0.358,rock
4.480733,0.042,0.78,0.625,-0.682,-0.049,0.73,0.514,-0.795,-0.321,0.753,-0.353,0.555,0.39,-0.606,-0.693,0.848,-0.187,0.496,0.621,-0.395,-0.677,0.878,-0.211,0.43,0.439,-0.682,-0.585,0.987,-0.028,-0.159,0.052,-0.467,-0.883,0.111,0.931,0.348,-0.763,0.509,-0.4,rock
16.657372,-0.141,0.733,0.666,-0.389,-0.092,0.916,0.85,-0.261,-0.458,0.806,-0.501,0.314,0.728,-0.177,-0.662,0.973,-0.164,0.163,0.673,0.168,-0.721,0.903,0.051,0.426,0.345,0.805,0.483,0.894,0.081,0.441,0.171,0.767,0.618,0.054,0.9,0.432,-0.819,0.573,0.0,scissors
36.599805,0.52,-0.369,0.77,0.535,0.802,-0.267,-0.377,0.182,-0.908,0.452,0.04,0.891,0.791,-0.609,0.061,-0.601,0.166,0.782,0.064,-0.68,0.731,0.142,0.983,0.117,-0.828,-0.466,-0.311,-0.13,0.972,-0.196,-0.925,-0.22,0.308,-0.643,-0.006,0.766,-0.659,-0.725,0.198,none
22.858612,0.458,0.29,0.84,-0.447,-0.894,-0.0,-0.429,-0.589,-0.685,0.944,0.229,0.237,0.718,0.676,-0.169,0.365,0.464,0.807,0.711,-0.152,0.686,0.383,0.137,0.914,-0.756,0.363,-0.544,0.256,0.583,0.771,-0.816,0.387,-0.43,-0.108,0.052,0.993,-0.824,0.137,-0.549,none
11.047406,-0.119,0.75,0.65,-0.34,-0.68,-0.65,0.746,-0.474,-0.468,0.768,-0.528,0.363,-0.812,0.331,-0.481,0.963,-0.193,0.19,-0.966,-0.01,-0.257,0.921,-0.007,0.389,-0.79,0.167,-0.59,0.912,0.03,0.408,-0.818,0.182,-0.545,0.097,0.898,0.429,-0.095,-0.769,-0.632,scissors
28.455484,0.089,0.879,0.468,0.182,0.792,0.583,-0.516,-0.596,-0.615,0.678,-0.322,0.661,0.783,-0.308,0.541,0.767,-0.208,0.607,0.835,-0.138,0.532,0.814,-0.166,0.557,0.881,-0.136,0.454,1.0,-0.011,-0.009,0.996,0.047,-0.075,0.259,0.899,0.354,0.027,0.929,0.37,rock
52.392557,0.743,-0.613,0.267,0.456,-0.424,-0.782,-0.769,0.434,-0.469,0.228,0.91,-0.346,-0.881,0.472,-0.031,-0.041,0.957,-0.287,-0.996,0.028,-0.085,-0.056,0.965,-0.258,-0.98,-0.14,0.14,-0.358,0.92,-0.16,-0.989,0.131,0.075,-0.754,-0.642,0.142,-0.284,-0.035,-0.958,none
10.554113,-0.163,0.958,0.235,-0.211,0.882,0.422,0.65,-0.695,0.308,0.788,0.043,-0.614,0.806,0.165,-0.568,0.82,0.235,0.522,0.671,0.355,0.651,0.901,0.061,0.43,0.813,0.213,0.542,0.971,-0.047,0.235,0.869,0.138,0.474,0.922,0.147,0.359,0.786,0.328,0.524,paper
53.458155,0.717,-0.604,0.348,0.342,0.928,0.147,-0.713,0.4,-0.576,0.302,0.924,0.235,-0.268,-0.894,0.358,-0.353,0.863,0.361,-0.663,0.166,-0.73,-0.767,-0.265,0.585,-0.159,0.264,-0.951,-0.595,-0.753,0.281,-0.483,-0.097,-0.87,-0.756,-0.558,0.342,0.712,-0.641,-0.285,none
10.104108,-0.111,0.752,0.65,-0.023,-0.793,-0.609,0.511,-0.775,-0.373,0.771,-0.538,0.342,-0.749,0.495,-0.44,0.965,-0.204,0.163,-0.963,0.162,-0.216,0.925,0.012,0.38,-0.894,0.101,-0.436,0.918,0.033,0.395,-0.913,0.099,-0.396,0.088,0.908,0.41,-0.157,-0.855,-0.495,scissors
55.963252,0.687,-0.583,0.435,0.577,-0.577,-0.577,-0.621,0.42,-0.661,-0.049,-0.353,0.934,0.885,-0.442,-0.147,-0.733,-0.644,0.218,-0.323,-0.323,0.889,-0.745,-0.62,0.245,-0.098,-0.195,0.976,-0.782,-0.6,0.168,-0.707,0.424,0.566,-0.726,-0.566,0.39,-0.937,0.156,-0.312,none
3.382806,-0.113,0.954,0.278,-0.696,0.696,-0.174,0.739,-0.658,0.145,0.844,0.078,-0.531,-0.802,0.267,-0.535,0.748,0.257,0.612,-0.647,0.539,-0.539,0.85,0.1,0.518,-0.473,0.473,-0.743,0.953,-0.026,0.302,-0.759,0.651,-0.0,0.897,0.123,0.424,-0.212,0.742,0.636,paper
44.234934,-0.666,0.233,0.709,-0.26,-0.964,-0.056,0.819,-0.391,-0.419,0.158,0.121,-0.98,-0.981,-0.01,-0.194,0.433,0.879,-0.199,-0.625,0.037,-0.78,0.464,0.875,-0.136,-0.67,0.408,-0.62,0.493,0.853,-0.173,-0.23,0.972,0.041,-0.008,0.998,0.064,0.063,-0.115,-0.991,none
16.167283,-0.093,0.97,0.227,0.055,-0.939,-0.339,0.784,-0.615,0.085,0.79,-0.053,-0.611,-0.839,0.024,0.544,0.842,0.162,0.515,-0.817,-0.179,-0.548,0.903,-0.026,0.428,-0.84,0.022,-0.542,0.961,-0.124,0.246,-0.928,0.131,-0.349,0.926,0.097,0.366,-0.885,-0.085,-0.458,paper
51.37223,0.699,-0.612,0.37,-0.87,-0.097,-0.483,-0.741,0.403,-0.537,0.137,0.862,0.488,0.348,-0.348,-0.87,-0.525,0.778,0.345,0.941,-0.282,-0.188,-0.417,0.847,0.33,0.889,-0.41,-0.205,-0.591,0.738,0.326,0.878,-0.479,0.0,-0.673,-0.621,0.402,-0.605,0.518,-0.605,none
13.09073,-0.222,0.737,0.638,0.398,0.597,-0.697,0.795,-0.133,-0.592,0.769,-0.574,0.281,-0.615,-0.123,0.779,0.964,-0.243,0.112,-0.404,-0.269,0.874,0.931,0.086,0.354,0.113,-0.903,-0.414,0.919,0.124,0.373,0.043,-0.902,-0.43,0.065,0.937,0.344,0.978,-0.186,0.093,scissors
33.042593,0.078,0.818,0.57,0.191,0.919,0.345,0.23,-0.938,-0.261,0.745,-0.31,0.591,0.512,-0.256,0.82,0.824,-0.158,0.544,0.388,-0.172,0.905,0.866,-0.162,0.474,0.652,0.14,0.745,0.995,0.01,-0.102,0.861,0.335,0.383,0.163,0.906,0.39,0.187,0.888,0.421,rock
10.174651,-0.058,-0.153,0.986,-0.0,0.781,0.625,0.345,0.088,-0.935,0.556,0.4,0.729,-0.216,-0.108,-0.97,-0.64,0.571,0.514,-0.0,-0.707,-0.707,-0.131,0.689,0.713,-0.8,0.6,-0.0,0.186,0.562,-0.806,0.864,0.432,-0.259,-0.689,0.583,0.43,-0.069,0.83,-0.553,none
51.439134,0.737,-0.595,0.323,-0.742,-0.636,-0.212,-0.759,0.385,-0.524,0.195,0.958,0.21,0.998,0.028,0.05,-0.374,0.921,0.111,0.763,0.039,0.646,-0.311,0.947,0.083,0.857,-0.039,0.513,-0.552,0.824,0.126,0.871,-0.21,0.445,-0.626,-0.665,0.408,-0.958,0.202,0.202,none
15.191016,0.062,0.728,0.683,-0.198,0.693,0.693,0.392,-0.789,-0.474,0.801,-0.321,0.505,0.447,-0.894,0.0,0.883,-0.133,0.45,0.169,-0.507,0.845,0.913,-0.191,0.361,0.873,-0.218,0.436,0.974,-0.001,-0.229,0.894,0.447,0.0,0.035,0.926,0.377,-0.424,0.848,-0.318,rock
7.777494,-0.09,0.949,0.303,-0.0,0.986,0.164,0.701,-0.699,0.139,0.853,0.038,-0.52,0.505,0.303,-0.808,0.75,0.219,0.625,0.424,0.566,0.707,0.844,0.056,0.534,0.87,0.348,0.348,0.941,-0.07,0.33,0.371,0.557,0.743,0.887,0.092,0.452,0.0,1.0,0.0,paper
12.595038,-0.148,0.958,0.247,0.254,0.624,-0.739,0.248,-0.944,0.215,0.798,0.018,-0.603,-0.047,-0.538,-0.842,0.814,0.222,0.537,0.825,-0.516,-0.232,0.895,0.042,0.444,0.712,-0.638,-0.294,0.967,-0.062,0.248,0.515,-0.705,-0.488,0.917,0.147,0.37,0.67,-0.321,-0.67,paper
7.114678,0.047,0.465,0.884,0.976,0.199,0.084,0.295,-0.6,-0.744,0.979,0.126,-0.163,0.573,-0.419,0.705,0.375,0.637,0.673,-0.117,-0.386,0.915,0.398,0.56,0.727,0.085,-0.513,0.854,0.264,0.625,0.735,0.446,-0.413,0.794,0.136,0.304,0.943,0.178,-0.864,0.47,none
0.034428,-0.178,0.744,0.644,-0.189,0.629,0.754,0.804,-0.504,-0.315,0.745,-0.584,0.323,0.84,-0.538,0.067,0.966,-0.219,0.136,0.993,-0.11,0.037,0.922,0.048,0.384,0.836,0.155,0.526,0.925,0.078,0.373,0.704,0.235,0.67,0.07,0.908,0.412,-0.315,0.883,0.347,scissors
10.687086,0.128,-0.195,0.972,-0.827,-0.556,0.083,0.179,0.077,-0.981,0.903,0.361,-0.233,0.97,0.235,0.061,0.367,0.879,0.305,0.56,-0.08,0.825,0.261,0.779,0.57,-0.152,0.822,0.548,0.217,0.918,-0.333,-0.97,-0.156,-0.188,-0.711,0.467,0.526,0.19,0.621,-0.761,none
27.004419,0.099,0.853,0.512,-0.145,-0.946,-0.291,-0.335,-0.906,-0.258,0.698,-0.312,0.645,-0.398,0.341,-0.852,0.782,-0.185,0.595,-0.74,0.404,-0.538,0.834,-0.15,0.531,-0.543,0.302,-0.784,0.999,0.014,-0.041,-0.923,0.272,-0.272,0.234,0.896,0.378,-0.701,-0.584,-0.409,rock
26.865632,-0.079,0.709,0.701,0.049,0.698,0.714,0.587,-0.65,-0.483,0.85,-0.43,0.304,0.879,-0.377,0.293,0.982,-0.083,0.172,0.976,-0.025,0.215,0.879,0.046,0.475,0.831,-0.041,0.554,0.865,0.102,0.491,0.782,0.017,0.624,0.024,0.877,0.48,-0.049,0.847,0.529,scissors
39.642486,0.572,0.019,0.82,0.667,-0.333,-0.667,-0.384,-0.315,-0.868,0.914,0.315,-0.257,0.766,0.627,0.139,0.74,0.651,-0.172,0.408,0.408,0.816,0.679,0.722,-0.135,0.64,-0.043,0.768,0.444,0.776,-0.448,0.667,0.333,0.667,0.019,-0.723,0.69,-0.423,-0.0,-0.906,none
8.367332,-0.094,0.95,0.298,0.0,0.949,0.316,0.641,-0.747,0.173,0.849,0.044,-0.526,0.794,0.0,-0.608,0.752,0.23,0.617,0.691,0.21,0.691,0.846,0.065,0.528,0.822,0.032,0.569,0.945,-0.063,0.322,0.84,-0.067,0.538,0.889,0.098,0.448,0.877,0.073,0.475,paper
8.051186,0.012,0.815,0.579,-0.056,-0.805,-0.59,0.577,-0.536,-0.616,0.725,-0.374,0.578,-0.692,0.38,-0.614,0.828,-0.224,0.515,-0.834,0.243,-0.495,0.851,-0.233,0.47,-0.813,0.24,-0.531,0.992,-0.06,-0.113,-0.995,0.102,-0.0,0.154,0.938,0.311,-0.192,-0.917,-0.349,rock
6.458261,-0.076,0.802,0.593,-0.453,0.671,0.587,0.612,-0.731,-0.302,0.747,-0.515,0.42,0.653,-0.756,-0.034,0.952,-0.182,0.245,0.88,-0.466,-0.086,0.913,-0.048,0.404,0.941,0.276,0.195,0.919,-0.04,0.391,0.895,0.345,0.283,0.137,0.87,0.473,-0.098,0.994,0.049,scissors
13.10764,-0.152,0.976,0.153,-0.207,0.851,0.483,0.246,-0.921,0.301,0.716,-0.009,-0.698,0.824,0.161,-0.543,0.887,0.178,0.425,0.638,0.361,0.68,0.944,-0.017,0.329,0.772,0.154,0.617,0.984,-0.129,0.123,0.855,0.117,0.505,0.952,0.14,0.273,0.771,0.313,0.554,paper
49.843411,0.693,-0.495,0.525,-0.845,-0.149,0.514,-0.644,0.351,-0.679,0.378,0.199,0.904,0.944,0.126,-0.304,-0.754,-0.093,0.651,-0.725,0.475,0.5,-0.737,-0.175,0.653,-0.502,0.845,0.183,-0.776,-0.312,0.548,-0.626,0.771,-0.116,-0.65,-0.556,0.518,0.641,0.652,0.406,none
16.656979,-0.177,0.736,0.654,-0.385,0.064,0.921,0.866,-0.193,-0.461,0.791,-0.534,0.3,0.808,-0.255,-0.531,0.968,-0.201,0.147,0.81,0.093,-0.579,0.918,0.063,0.392,0.495,0.698,0.518,0.905,0.101,0.412,0.314,0.692,0.65,0.061,0.916,0.395,-0.735,0.673,0.082,scissors
16.243034,-0.188,0.755,0.628,-0.312,0.168,0.935,0.862,-0.222,-0.456,0.768,-0.559,0.314,0.851,-0.307,-0.426,0.958,-0.234,0.163,0.872,0.051,-0.487,0.933,0.042,0.358,0.585,0.609,0.536,0.924,0.083,0.373,0.414,0.62,0.666,0.095,0.923,0.372,-0.656,0.743,0.131,scissors
46.273277,-0.666,0.523,0.531,-0.78,-0.269,-0.565,0.722,-0.652,-0.233,0.415,0.585,-0.697,-0.588,0.802,-0.107,0.224,0.968,-0.112,0.854,0.407,0.325,0.263,0.964,-0.022,0.89,-0.153,0.43,0.325,0.942,0.08,0.862,-0.025,-0.507,0.553,0.743,0.377,0.052,0.156,-0.986,none
33.084009,0.066,0.825,0.561,-0.6,0.0,0.8,0.234,-0.953,-0.19,0.729,-0.321,0.604,0.512,-0.384,-0.768,0.811,-0.175,0.558,0.949,-0.0,-0.316,0.856,-0.165,0.49,0.667,-0.333,-0.667,0.996,0.004,-0.085,-0.196,0.0,-0.981,0.197,0.904,0.38,-0.778,0.545,-0.311,rock
24.996789,0.433,0.42,0.798,0.828,-0.42,-0.371,-0.412,-0.706,-0.576,0.957,0.16,0.24,-0.907,-0.042,0.419,0.468,0.379,0.798,-0.994,-0.062,-0.09,0.488,0.16,0.858,-0.974,-0.195,-0.117,0.384,0.592,0.709,-0.94,-0.327,0.101,0.029,-0.011,1.0,-0.619,-0.785,-0.022,none
28.551049,0.52,-0.056,0.852,0.97,0.108,-0.216,-0.552,-0.22,-0.804,0.473,0.573,0.669,0.938,-0.313,0.148,-0.015,0.616,0.788,0.546,-0.39,0.741,0.221,0.625,0.749,0.526,-0.682,0.507,0.074,0.87,0.488,0.474,-0.165,0.865,-0.365,-0.133,0.921,-0.325,-0.325,-0.888,none
2.079872,-0.015,-0.274,0.962,-0.64,0.426,-0.64,0.191,0.134,-0.972,0.693,0.706,0.143,-0.275,-0.0,-0.962,-0.146,0.91,0.388,-0.894,-0.447,-0.0,-0.018,0.885,0.464,-0.243,-0.0,-0.97,-0.122,0.957,0.261,-0.97,0.243,0.0,-0.606,0.358,0.711,-0.596,0.298,-0.745,none
9.080084,0.023,0.838,0.546,0.008,0.821,0.571,0.627,-0.452,-0.635,0.704,-0.367,0.609,0.709,-0.442,0.55,0.808,-0.23,0.543,0.812,-0.287,0.508,0.836,-0.222,0.502,0.818,-0.27,0.507,0.995,-0.057,-0.077,0.994,-0.101,-0.034,0.191,0.931,0.312,0.08,0.968,0.24,rock
22.39928,0.071,0.866,0.495,-0.243,-0.659,-0.711,0.549,-0.463,-0.696,0.666,-0.331,0.668,-0.82,0.171,-0.547,0.76,-0.22,0.611,-0.911,-0.017,-0.412,0.807,-0.172,0.565,-0.921,0.07,-0.382,1.0,-0.018,-0.001,-0.985,-0.085,0.153,0.272,0.901,0.338,-0.072,-0.813,-0.578,rock
24.441099,0.021,0.743,0.669,-0.077,0.927,0.367,0.44,-0.776,-0.452,0.792,-0.367,0.487,0.495,-0.581,0.646,0.885,-0.184,0.428,0.614,-0.47,0.634,0.895,-0.248,0.37,0.646,-0.333,0.687,0.974,-0.061,-0.217,0.958,-0.178,0.223,0.049,0.949,0.311,0.242,0.967,0.081,rock
10.273131,-0.066,-0.135,0.989,0.925,0.37,-0.092,0.404,0.085,-0.911,0.599,0.451,0.662,0.948,-0.31,-0.066,-0.589,0.604,0.537,-0.093,-0.354,0.931,-0.088,0.704,0.704,0.155,-0.34,0.928,0.161,0.512,-0.844,0.836,-0.456,-0.304,-0.706,0.59,0.392,0.228,0.608,-0.76,none
15.147506,-0.125,0.984,0.126,0.081,-0.945,-0.318,0.276,-0.907,0.317,0.725,-0.06,-0.686,-0.81,0.009,0.586,0.89,0.151,0.43,-0.828,-0.192,-0.527,0.94,-0.046,0.338,-0.863,0.0,-0.506,0.979,-0.143,0.144,-0.939,0.124,-0.321,0.954,0.116,0.275,-0.89,-0.112,-0.441,paper
37.631798,0.088,0.821,0.565,-0.371,-0.743,-0.557,0.218,-0.943,-0.251,0.737,-0.311,0.6,-0.398,0.199,-0.896,0.816,-0.166,0.554,-0.911,0.13,-0.391,0.861,-0.158,0.484,-0.62,0.248,-0.744,0.996,0.012,-0.091,-0.962,0.192,-0.192,0.181,0.903,0.39,-0.724,-0.272,-0.634,rock
47.825334,0.62,-0.541,0.569,-0.755,-0.624,-0.203,-0.491,0.37,-0.789,0.165,0.359,0.918,-0.733,0.628,-0.262,-0.907,-0.085,0.412,-0.439,0.084,-0.895,-0.865,-0.127,0.485,-0.499,0.31,-0.809,-0.864,-0.146,0.481,-0.501,0.469,-0.727,-0.568,-0.57,0.593,-0.864,0.451,-0.225,none
11.197419,0.106,-0.216,0.971,0.372,0.796,0.478,0.231,0.174,-0.957,0.861,0.247,-0.445,0.671,-0.355,0.651,-0.341,0.69,0.638,0.284,0.459,-0.842,-0.144,0.664,0.734,-0.221,0.485,-0.846,0.097,0.981,-0.167,-0.774,0.137,-0.618,-0.838,0.345,0.422,0.647,0.185,-0.74,none
48.822985,0.732,-0.574,0.367,0.919,0.394,0.022,-0.666,0.337,-0.666,0.147,-0.046,0.988,0.33,-0.636,0.697,-0.764,-0.44,0.471,-0.189,-0.545,0.817,-0.793,-0.414,0.447,-0.095,-0.666,0.74,-0.838,-0.331,0.433,-0.057,-0.671,0.739,-0.516,-0.653,0.555,0.098,-0.993,0.065,none
35.188756,0.529,-0.381,0.758,0.883,-0.353,-0.309,-0.373,0.191,-0.908,0.445,0.008,0.895,-0.527,0.738,-0.422,-0.377,0.168,0.911,-0.25,0.706,-0.663,0.215,0.973,0.081,0.361,0.871,-0.333,-0.131,0.97,-0.205,0.125,0.748,-0.651,-0.675,-0.032,0.737,0.147,-0.972,0.183,none
5.600604,0.023,0.898,0.439,-0.513,-0.855,-0.068,0.682,-0.656,-0.325,0.613,-0.372,0.697,-0.361,-0.0,-0.933,0.723,-0.279,0.632,-0.488,0.035,-0.872,0.762,-0.203,0.615,-0.537,-0.19,-0.822,0.997,-0.058,0.055,-0.873,-0.218,-0.436,0.32,0.897,0.304,-0.657,-0.418,-0.627,rock
50.86332,0.686,-0.645,0.336,-0.54,0.06,-0.84,-0.725,0.443,-0.528,0.074,0.885,0.459,-0.801,-0.464,-0.379,-0.56,0.776,0.291,-0.384,-0.721,-0.577,-0.467,0.84,0.275,-0.386,-0.676,-0.628,-0.637,0.717,0.284,-0.433,-0.758,-0.487,-0.712,-0.62,0.331,-0.172,0.206,-0.963,none
19.717816,0.013,0.738,0.675,-0.072,0.432,0.899,0.552,-0.701,-0.452,0.828,-0.394,0.399,0.936,-0.299,-0.187,0.962,-0.064,0.264,0.985,0.123,-0.123,0.858,-0.06,0.511,0.721,0.324,0.613,0.854,-0.029,0.52,0.488,0.418,0.766,0.089,0.829,0.552,-0.538,0.773,0.336,scissors
48.824987,0.745,-0.059,0.665,0.995,-0.062,-0.076,-0.659,-0.187,-0.728,0.592,0.17,0.788,0.098,-0.559,0.823,-0.554,0.085,0.828,-0.366,-0.651,0.665,-0.45,-0.014,0.893,-0.26,-0.746,0.613,-0.438,-0.136,0.889,-0.274,-0.815,0.51,-0.126,-0.742,0.658,-0.129,-0.991,-0.023,none
14.353419,0.06,0.29,0.955,-0.97,0.029,0.24,0.388,-0.378,-0.841,0.931,-0.137,-0.337,-0.535,-0.497,-0.683,0.946,0.278,-0.165,-0.203,-0.323,-0.924,0.912,0.313,-0.265,-0.467,-0.181,-0.866,0.689,0.69,-0.222,-0.709,0.093,-0.699,-0.069,0.242,0.968,0.702,0.709,-0.068,none
15.740052,0.072,0.765,0.64,0.784,-0.588,0.196,0.446,-0.763,-0.468,0.78,-0.323,0.536,0.0,0.496,-0.868,0.862,-0.152,0.483,-0.514,0.857,0.0,0.895,-0.189,0.404,-0.0,0.64,-0.768,0.984,-0.007,-0.181,-0.619,0.722,-0.309,0.082,0.924,0.373,-0.988,-0.11,-0.11,rock
31.562044,0.372,-0.179,0.911,-0.811,0.487,0.324,-0.34,-0.092,-0.936,0.546,0.263,0.796,-0.915,0.128,-0.383,-0.608,0.076,0.79,-0.033,0.562,-0.826,-0.431,-0.063,0.9,-0.132,0.529,-0.838,-0.432,0.154,0.888,-0.647,0.108,-0.755,-0.451,-0.069,0.89,0.605,0.777,0.173,none
29.982554,-0.026,0.924,0.381,-0.211,-0.782,-0.587,-0.6,-0.692,-0.402,0.596,-0.441,0.671,-0.772,0.209,-0.601,0.732,-0.34,0.59,-0.84,0.057,-0.54,0.747,-0.278,0.604,-0.874,0.068,-0.48,0.99,-0.133,0.042,-0.994,-0.094,0.049,0.303,0.927,0.22,-0.117,-0.86,-0.496,rock
20.264145,0.208,0.976,0.061,-0.965,0.256,0.061,0.101,-0.847,0.521,0.53,-0.768,0.36,-0.224,-0.47,-0.854,0.642,-0.542,0.542,0.403,-0.274,-0.873,0.703,-0.695,0.147,0.515,0.2,-0.834,0.876,0.107,0.47,-0.25,-0.822,-0.512,0.894,0.195,0.404,-0.064,0.845,-0.531,none
11.621286,0.004,0.838,0.546,-0.372,-0.796,-0.478,-0.266,-0.921,-0.283,0.697,-0.379,0.608,-0.611,0.163,-0.774,0.803,-0.241,0.544,-0.842,0.089,-0.532,0.833,-0.228,0.504,-0.783,0.13,-0.609,0.995,-0.061,-0.081,-0.996,0.04,-0.08,0.193,0.93,0.312,-0.436,-0.698,-0.567,rock
15.696921,-0.219,0.745,0.63,0.358,0.788,-0.501,0.863,-0.181,-0.471,0.765,-0.573,0.293,-0.518,-0.207,0.83,0.959,-0.248,0.139,-0.276,-0.345,0.897,0.935,0.064,0.348,0.163,-0.898,-0.408,0.926,0.104,0.364,0.0,-0.992,-0.124,0.083,0.932,0.352,0.98,0.14,0.14,scissors
9.175933,-0.023,0.937,0.348,-0.453,-0.494,0.742,0.476,-0.875,0.095,0.891,-0.001,-0.453,0.105,0.843,0.527,0.704,0.19,0.685,-0.771,0.6,0.214,0.797,0.032,0.603,-0.588,0.784,0.196,0.908,-0.093,0.408,-0.503,0.773,0.387,0.86,0.034,0.509,-0.834,0.477,0.278,paper
33.047974,0.482,-0.204,0.852,0.38,-0.923,0.054,-0.386,-0.082,-0.919,0.497,0.224,0.838,0.291,0.208,0.934,-0.668,0.037,0.743,-0.643,-0.114,0.757,-0.38,0.085,0.921,0.302,-0.564,0.769,-0.059,0.967,0.248,0.926,-0.152,0.345,-0.253,0.095,0.963,-0.491,-0.669,0.558,none
17.762161,0.075,0.765,0.64,-0.0,0.894,-0.447,0.395,-0.812,-0.43,0.778,-0.312,0.544,-0.236,0.236,-0.943,0.859,-0.141,0.493,-0.784,0.196,0.588,0.896,-0.178,0.407,-0.267,0.802,-0.535,0.984,0.005,-0.178,-0.707,0.707,-0.0,0.084,0.921,0.381,-0.845,0.169,-0.507,rock
11.620913,0.001,0.84,0.543,-0.05,-0.799,-0.599,-0.31,-0.912,-0.268,0.701,-0.383,0.602,-0.607,0.374,-0.701,0.809,-0.243,0.535,-0.89,0.297,-0.346,0.835,-0.236,0.497,-0.734,0.342,-0.587,0.994,-0.068,-0.083,-0.964,0.263,-0.044,0.187,0.934,0.305,-0.449,-0.799,-0.4,rock
10.091947,-0.043,0.725,0.687,0.109,0.755,0.646,0.465,-0.813,-0.35,0.794,-0.413,0.446,0.784,-0.326,0.528,0.902,-0.211,0.377,0.847,-0.147,0.51,0.898,-0.293,0.329,0.882,-0.164,0.441,0.959,-0.099,-0.266,0.995,0.027,-0.098,-0.009,0.961,0.276,0.008,0.934,0.357,rock
8.499173,-0.136,0.754,0.643,-0.625,-0.469,-0.625,-0.338,-0.729,-0.595,0.774,-0.532,0.344,-0.706,-0.059,-0.706,0.969,-0.188,0.161,-0.905,-0.302,-0.302,0.911,0.043,0.411,-0.512,0.384,-0.768,0.906,0.059,0.419,-0.694,0.568,-0.442,0.072,0.9,0.43,-0.302,-0.302,-0.905,scissors
3.678838,-0.097,0.952,0.291,-0.202,0.942,-0.269,0.771,-0.629,0.102,0.853,0.066,-0.518,0.418,0.07,-0.906,0.738,0.244,0.629,0.889,0.111,0.444,0.844,0.084,0.529,0.961,-0.087,0.262,0.947,-0.04,0.318,0.973,0.162,0.162,0.893,0.103,0.438,0.845,0.507,-0.169,paper
18.717373,-0.162,0.954,0.251,0.702,0.117,-0.702,0.928,-0.365,-0.071,0.808,-0.032,-0.588,-0.384,-0.512,-0.768,0.831,0.207,0.516,-0.192,-0.962,-0.192,0.897,0.016,0.442,-0.0,-0.707,-0.707,0.96,-0.071,0.269,-0.913,-0.365,-0.183,0.912,0.147,0.382,-0.482,-0.241,-0.843,paper
8.562714,0.106,0.851,0.514,-0.038,0.687,0.725,0.444,-0.407,-0.798,0.68,-0.304,0.667,0.861,-0.431,0.269,0.765,-0.188,0.616,0.852,-0.15,0.501,0.824,-0.141,0.549,0.935,-0.197,0.295,0.999,0.02,-0.025,0.953,0.112,-0.28,0.253,0.89,0.38,-0.299,0.939,0.171,rock
8.7071,-0.089,0.952,0.294,-0.0,0.853,0.521,0.631,-0.753,0.185,0.854,0.028,-0.519,0.807,0.212,-0.552,0.748,0.221,0.626,0.513,0.327,0.793,0.844,0.055,0.534,0.71,0.237,0.663,0.941,-0.068,0.331,0.741,0.198,0.642,0.889,0.095,0.447,0.638,0.319,0.701,paper
2.441934,0.051,0.791,0.61,0.0,0.91,-0.414,0.502,-0.789,-0.354,0.743,-0.351,0.57,0.236,-0.943,0.236,0.838,-0.184,0.514,0.0,-0.496,0.868,0.875,-0.192,0.445,0.436,-0.218,0.873,0.991,-0.013,-0.137,0.436,0.218,0.873,0.125,0.921,0.37,-0.0,0.919,-0.394,rock
54.432799,0.734,-0.575,0.361,-0.329,0.768,0.549,-0.689,0.383,-0.616,0.176,0.633,0.753,0.653,0.218,-0.725,-0.797,-0.471,0.378,-0.073,-0.049,0.996,-0.613,-0.739,0.279,0.206,0.172,0.963,-0.62,-0.759,0.199,-0.148,0.098,0.984,-0.72,-0.605,0.34,0.743,-0.371,0.557,none
4.075602,-0.141,0.758,0.636,0.928,0.371,0.0,0.732,-0.613,-0.298,0.763,-0.542,0.352,-0.0,0.447,-0.894,0.971,-0.183,0.154,-0.688,0.688,0.229,0.907,0.038,0.419,-1.0,-0.0,-0.0,0.909,0.058,0.414,-0.744,0.248,0.62,0.063,0.896,0.439,-0.99,-0.0,-0.141,scissors
47.805893,0.473,-0.471,0.745,0.243,-0.933,-0.264,-0.317,0.36,-0.877,0.354,0.468,0.81,-0.764,0.573,0.295,-0.872,0.176,0.457,-0.739,-0.09,-0.667,-0.814,0.1,0.572,-0.809,-0.04,-0.586,-0.816,0.075,0.573,-0.838,0.045,-0.544,-0.569,-0.28,0.773,-0.91,0.072,-0.407,none
26.397675,0.683,0.165,0.711,-0.77,-0.022,-0.638,-0.596,-0.557,-0.578,0.637,0.547,0.543,0.168,0.186,-0.968,0.046,0.579,0.814,0.733,0.304,-0.609,0.187,0.549,0.814,0.697,0.354,-0.624,0.09,0.816,0.571,0.617,0.361,-0.699,0.366,-0.755,0.544,-0.765,-0.584,-0.272,none
14.765392,-0.257,-0.055,0.965,-0.571,0.707,-0.416,0.475,-0.178,-0.862,0.77,-0.036,-0.637,-0.422,-0.885,-0.195,0.812,0.39,-0.434,0.0,-0.86,-0.509,0.768,0.437,-0.468,0.871,-0.095,-0.483,-0.051,0.917,0.396,-0.629,0.166,-0.759,-0.535,0.739,0.41,0.727,0.396,-0.561,none
5.606987,-0.069,0.949,0.309,-1.0,0.0,0.0,0.717,-0.685,0.129,0.868,0.03,-0.496,0.0,0.316,-0.949,0.729,0.217,0.65,-0.802,0.267,0.535,0.831,0.057,0.553,-0.816,0.408,-0.408,0.936,-0.067,0.345,-0.762,0.457,0.457,0.885,0.084,0.458,-0.98,0.14,-0.14,paper
9.014962,-0.132,0.763,0.632,0.0,-0.727,-0.687,-0.288,-0.74,-0.607,0.766,-0.527,0.367,-0.804,0.421,-0.421,0.964,-0.188,0.188,-0.991,0.11,-0.073,0.915,0.011,0.404,-0.86,0.039,-0.508,0.911,0.033,0.412,-0.938,0.075,-0.338,0.092,0.895,0.437,-0.201,-0.803,-0.562,scissors
41.682835,0.13,0.578,0.806,0.778,0.545,-0.311,0.181,-0.821,-0.541,0.989,-0.027,-0.149,0.419,-0.419,0.806,0.706,0.553,0.442,0.075,-0.3,0.951,0.712,0.498,0.494,0.149,-0.422,0.894,0.547,0.804,0.235,0.214,-0.048,0.976,0.397,-0.159,0.904,0.475,-0.696,-0.538,none
26.923241,0.075,0.854,0.514,0.158,-0.867,-0.473,-0.303,-0.911,-0.281,0.691,-0.334,0.641,-0.464,0.464,-0.754,0.782,-0.207,0.588,-0.816,0.439,-0.376,0.826,-0.173,0.536,-0.609,0.426,-0.669,0.999,-0.012,-0.035,-0.913,0.376,-0.161,0.239,0.905,0.353,-0.638,-0.701,-0.319,rock
2.231574,-0.139,0.746,0.651,-0.174,0.696,0.696,0.724,-0.597,-0.346,0.764,-0.539,0.356,0.667,-0.333,-0.667,0.974,-0.176,0.142,1.0,0.0,-0.0,0.909,0.028,0.415,0.743,0.557,0.371,0.912,0.052,0.407,-0.0,0.581,0.814,0.058,0.894,0.444,-0.814,0.581,-0.0,scissors
38.623269,0.419,-0.428,0.801,0.834,0.205,-0.512,-0.375,0.039,-0.926,0.644,0.626,0.439,0.629,-0.716,-0.304,-0.271,0.613,0.742,0.711,-0.592,-0.379,-0.277,0.511,0.814,0.249,-0.672,-0.697,-0.416,0.649,0.637,0.546,-0.741,0.39,-0.513,-0.077,0.855,-0.875,-0.484,-0.005,none
3.76457,-0.091,0.953,0.29,-0.796,0.239,0.557,0.778,-0.619,0.108,0.851,0.054,-0.523,0.531,0.758,-0.379,0.742,0.239,0.626,0.07,0.772,0.632,0.849,0.073,0.524,0.394,0.788,0.473,0.95,-0.051,0.308,0.277,0.83,0.484,0.898,0.105,0.428,0.077,0.92,0.383,paper
26.646345,0.617,0.1,0.781,-0.196,-0.0,-0.981,-0.567,-0.47,-0.676,0.619,0.596,0.512,-0.703,0.225,-0.675,0.083,0.639,0.765,-0.575,-0.246,-0.78,0.216,0.619,0.755,-0.534,-0.314,-0.785,0.078,0.854,0.515,-0.663,-0.482,-0.573,0.222,-0.816,0.534,-0.983,-0.036,-0.182,none
12.624874,-0.128,0.703,0.699,0.325,0.921,-0.217,0.713,-0.178,-0.678,0.822,-0.485,0.299,-0.08,-0.477,0.875,0.983,-0.129,0.127,0.061,-0.242,0.968,0.885,0.073,0.46,0.671,-0.732,-0.122,0.876,0.089,0.475,0.705,-0.705,0.078,0.015,0.895,0.446,0.755,0.504,0.42,scissors
18.797346,0.247,0.864,-0.438,0.292,-0.956,-0.016,0.239,-0.21,0.948,0.063,-0.6,0.798,0.98,0.171,0.1,0.152,-0.791,0.593,0.759,0.147,0.634,0.145,-0.88,0.452,0.621,0.043,0.783,0.405,-0.137,0.904,0.974,-0.016,0.225,0.916,-0.393,0.084,-0.994,0.102,0.025,none
26.012652,0.541,0.395,0.742,-0.82,-0.346,0.456,-0.432,-0.698,-0.572,0.91,0.171,0.377,0.801,0.532,-0.274,0.213,0.359,0.909,0.728,0.663,0.175,0.372,0.21,0.904,0.864,0.265,0.429,0.216,0.574,0.79,0.808,0.588,0.028,0.079,-0.297,0.952,-0.359,0.918,-0.169,none
22.777044,-0.036,0.667,0.744,0.0,-0.654,-0.757,-0.106,-0.893,-0.438,0.879,-0.362,0.31,-0.838,0.349,-0.419,0.986,0.003,0.169,-0.99,0.099,-0.099,0.821,0.057,0.568,-0.82,0.036,-0.571,0.809,0.094,0.581,-0.906,0.07,-0.418,-0.019,0.834,0.551,-0.181,-0.795,-0.578,scissors
12.57742,-0.06,0.746,0.663,0.827,0.331,-0.455,0.683,-0.133,-0.718,0.808,-0.458,0.37,0.0,0.504,0.864,0.971,-0.118,0.207,-0.11,0.331,0.937,0.889,-0.043,0.455,0.0,-0.959,0.282,0.89,-0.024,0.456,-0.169,-0.903,0.395,0.083,0.869,0.488,0.402,-0.241,0.884,scissors
32.533442,0.059,0.819,0.571,-0.441,-0.735,0.515,0.179,-0.937,-0.301,0.736,-0.321,0.596,0.206,-0.051,-0.977,0.82,-0.168,0.547,0.16,0.239,-0.958,0.867,-0.165,0.47,0.061,-0.184,-0.981,0.993,0.011,-0.121,-0.541,0.0,-0.841,0.182,0.908,0.378,-0.948,0.045,-0.316,rock
28.387446,-0.03,0.71,0.703,0.566,0.424,-0.707,0.525,-0.708,-0.473,0.855,-0.392,0.339,-0.667,0.333,-0.667,0.977,-0.046,0.208,-0.784,0.196,0.588,0.86,-0.013,0.511,-0.816,-0.408,-0.408,0.853,0.042,0.52,-0.845,0.169,0.507,0.042,0.851,0.524,-0.981,0.0,-0.196,scissors
16.728658,0.073,0.762,0.644,-0.0,1.0,0.0,0.435,-0.784,-0.443,0.784,-0.314,0.536,0.236,-0.236,-0.943,0.864,-0.141,0.483,-0.447,-0.0,0.894,0.9,-0.18,0.397,0.577,0.577,-0.577,0.982,0.004,-0.19,-0.535,0.802,-0.267,0.076,0.921,0.381,-0.816,0.408,-0.408,rock
50.864986,0.694,-0.624,0.36,-0.136,0.845,-0.518,-0.757,0.406,-0.513,0.125,0.869,0.478,-0.496,-0.868,-0.0,-0.523,0.783,0.338,-0.085,-0.993,-0.085,-0.421,0.849,0.32,-0.141,-0.99,-0.028,-0.592,0.741,0.318,0.0,-0.999,0.038,-0.684,-0.624,0.377,0.885,-0.279,-0.373,none
4.434799,-0.091,0.948,0.306,0.577,-0.577,-0.577,0.712,-0.699,0.062,0.862,0.053,-0.505,-0.0,0.316,-0.949,0.732,0.232,0.64,-0.873,0.218,0.436,0.839,0.07,0.54,-0.816,0.408,-0.408,0.943,-0.056,0.329,-0.762,0.457,0.457,0.887,0.094,0.451,-0.911,0.13,-0.391,paper
15.272087,-0.248,-0.241,0.938,-0.804,-0.438,-0.402,0.673,0.219,-0.706,0.697,0.032,-0.716,-0.57,-0.168,-0.804,0.767,0.428,-0.478,-0.481,0.044,-0.875,0.743,0.408,-0.53,0.138,-0.461,-0.876,-0.297,0.781,0.549,-0.873,0.345,-0.345,-0.684,0.698,0.21,0.219,0.073,-0.973,none
25.842761,0.469,0.527,0.709,-0.973,0.059,0.221,-0.341,-0.818,-0.464,0.984,-0.081,0.161,0.186,0.719,-0.67,0.516,0.146,0.844,0.328,0.882,-0.339,0.574,-0.016,0.819,0.721,0.673,0.168,0.471,0.374,0.798,0.52,0.774,-0.361,0.195,-0.308,0.931,-0.118,0.971,-0.21,none
16.16698,-0.124,0.968,0.217,0.037,-0.949,-0.313,0.73,-0.67,0.13,0.783,-0.035,-0.621,-0.836,0.041,0.547,0.847,0.179,0.501,-0.815,-0.159,-0.557,0.909,-0.007,0.416,-0.838,0.029,-0.545,0.967,-0.101,0.233,-0.922,0.146,-0.359,0.925,0.121,0.359,-0.882,-0.076,-0.465,paper
16.168446,-0.097,0.959,0.267,0.0,-0.955,-0.296,0.82,-0.553,0.147,0.812,-0.053,-0.581,-0.833,0.102,0.544,0.819,0.166,0.549,-0.845,-0.096,-0.526,0.884,-0.017,0.467,-0.843,0.094,-0.53,0.952,-0.111,0.286,-0.924,0.212,-0.318,0.912,0.094,0.398,-0.903,-0.015,-0.429,paper
15.157459,-0.128,0.725,0.677,0.096,0.991,0.096,0.745,-0.226,-0.627,0.812,-0.487,0.32,0.373,-0.598,0.71,0.975,-0.146,0.166,0.559,-0.385,0.734,0.897,0.041,0.44,0.838,-0.536,0.101,0.888,0.067,0.456,0.861,-0.47,0.196,0.05,0.893,0.447,0.474,0.802,0.364,scissors
4.890024,-0.081,0.946,0.315,0.243,-0.97,0.0,0.72,-0.689,0.086,0.869,0.046,-0.493,-0.707,0.707,-0.0,0.722,0.232,0.651,-0.973,0.162,0.162,0.831,0.071,0.552,-0.816,0.408,-0.408,0.937,-0.057,0.344,-0.848,0.424,0.318,0.882,0.093,0.462,-0.928,0.206,-0.309,paper
2.588273,0.008,-0.269,0.963,-0.229,-0.688,-0.688,0.175,0.152,-0.973,0.697,0.7,0.16,-0.772,0.154,-0.617,-0.141,0.901,0.41,-0.953,-0.136,-0.272,-0.011,0.878,0.479,-0.781,0.0,-0.625,-0.112,0.959,0.261,-0.963,0.241,-0.12,-0.606,0.347,0.716,-0.848,-0.0,-0.53,none
5.004742,-0.122,0.799,0.588,0.333,0.624,0.707,0.756,-0.578,-0.307,0.725,-0.556,0.406,0.943,-0.149,0.298,0.948,-0.227,0.226,0.861,0.335,0.383,0.93,-0.035,0.366,0.647,-0.185,0.74,0.933,-0.008,0.359,0.462,-0.084,0.883,0.15,0.886,0.438,-0.343,0.643,0.685,scissors
23.287692,0.001,0.855,0.518,0.06,0.76,0.647,0.631,-0.522,-0.574,0.676,-0.393,0.623,0.779,-0.385,0.495,0.79,-0.265,0.552,0.861,-0.196,0.47,0.814,-0.243,0.527,0.873,-0.218,0.436,0.995,-0.081,-0.054,0.993,-0.032,-0.112,0.221,0.935,0.277,-0.0,0.952,0.305,rock
19.226845,-0.034,0.973,0.226,-0.233,0.547,0.804,0.881,-0.459,-0.114,0.799,-0.162,-0.579,0.895,0.41,-0.176,0.849,0.091,0.521,0.299,0.573,0.763,0.889,-0.1,0.446,0.478,0.462,0.747,0.943,-0.179,0.279,0.583,0.4,0.708,0.924,0.044,0.38,0.382,0.382,0.842,paper
14.681124,0.067,0.742,0.667,0.688,-0.688,-0.229,0.444,-0.776,-0.448,0.797,-0.324,0.51,-0.248,0.62,-0.744,0.878,-0.141,0.456,-0.768,0.64,0.0,0.907,-0.197,0.372,-0.333,0.667,-0.667,0.976,-0.009,-0.216,-0.696,0.696,-0.174,0.048,0.927,0.371,-0.93,-0.349,-0.116,rock
4.104371,-0.094,0.95,0.298,-0.154,-0.617,0.772,0.746,-0.646,0.163,0.853,0.067,-0.518,0.218,0.873,0.436,0.74,0.245,0.627,-0.848,0.318,0.424,0.844,0.081,0.531,-0.762,0.635,0.127,0.947,-0.041,0.32,-0.655,0.492,0.573,0.888,0.1,0.449,-0.962,0.192,0.192,paper
23.289647,-0.016,0.755,0.655,-0.084,-0.681,-0.727,0.321,-0.838,-0.442,0.821,-0.431,0.374,-0.86,0.341,-0.38,0.965,-0.101,0.242,-0.977,-0.008,-0.212,0.889,-0.051,0.455,-0.807,0.085,-0.584,0.886,-0.005,0.464,-0.812,0.062,-0.58,0.104,0.86,0.5,-0.047,-0.804,-0.593,scissors
10.028806,-0.19,0.684,0.704,-0.058,-0.701,-0.711,0.433,-0.833,-0.344,0.822,-0.502,0.269,-0.823,0.411,-0.392,0.986,-0.138,0.089,-0.982,0.028,-0.189,0.887,0.118,0.447,-0.839,0.058,-0.54,0.872,0.151,0.466,-0.852,0.077,-0.517,-0.028,0.905,0.425,-0.048,-0.816,-0.576,scissors
8.069315,0.109,0.862,0.495,-0.125,-0.826,-0.55,0.508,-0.475,-0.719,0.67,-0.308,0.675,-0.681,0.323,-0.658,0.757,-0.2,0.622,-0.824,0.2,-0.53,0.813,-0.147,0.563,-0.81,0.185,-0.556,1.0,0.011,-0.003,-0.999,0.046,-0.023,0.266,0.89,0.37,-0.235,-0.881,-0.411,rock
6.966997,-0.14,0.708,0.692,-0.284,0.678,0.678,0.515,-0.759,-0.399,0.797,-0.525,0.297,0.752,-0.654,0.082,0.979,-0.168,0.115,0.95,-0.311,-0.016,0.901,0.072,0.427,0.918,0.19,0.348,0.894,0.082,0.441,0.858,0.243,0.453,0.02,0.905,0.426,-0.125,0.968,0.219,scissors
4.058108,-0.109,0.948,0.299,-0.1,-0.597,0.796,0.723,-0.684,0.096,0.855,0.078,-0.513,0.349,0.814,0.465,0.733,0.255,0.631,-0.762,0.457,0.457,0.843,0.091,0.53,-0.616,0.704,0.352,0.948,-0.032,0.318,-0.532,0.599,0.599,0.888,0.109,0.447,-0.864,0.314,0.393,paper
23.607972,0.413,0.138,0.9,-0.253,0.709,0.658,-0.404,-0.488,-0.774,0.903,0.386,0.189,0.867,-0.206,-0.454,0.386,0.62,0.683,0.958,0.056,0.282,0.324,0.325,0.888,0.958,0.256,0.128,0.184,0.74,0.647,0.473,0.788,0.394,-0.249,0.131,0.96,0.132,0.793,0.595,none
29.829001,0.426,-0.064,0.903,-0.225,0.899,0.375,-0.525,-0.225,-0.821,0.544,0.661,0.517,-0.111,-0.444,-0.889,0.07,0.725,0.685,0.577,0.577,-0.577,0.254,0.733,0.632,0.913,-0.183,-0.365,0.088,0.947,0.309,0.884,0.241,0.402,-0.359,-0.042,0.932,0.551,0.276,0.787,none
19.272664,0.083,0.762,0.642,-1.0,-0.0,-0.0,0.429,-0.803,-0.414,0.785,-0.303,0.54,-0.141,0.0,-0.99,0.861,-0.129,0.491,-0.943,0.236,-0.236,0.9,-0.169,0.401,-0.365,0.183,-0.913,0.983,0.013,-0.183,-0.857,0.429,-0.286,0.08,0.916,0.393,-0.848,0.0,-0.53,rock
17.901735,-0.008,0.789,0.615,0.86,-0.248,0.447,0.41,-0.871,-0.271,0.864,-0.498,-0.07,-0.0,0.818,0.575,0.964,0.023,0.266,-0.388,0.53,0.754,0.972,0.025,0.234,-0.282,0.179,0.943,0.891,0.373,0.258,-0.398,0.345,0.85,0.436,0.523,0.733,-0.512,-0.424,0.747,none
46.273667,-0.648,0.466,0.602,-0.468,-0.853,-0.234,0.725,-0.648,-0.234,0.49,0.627,-0.605,-0.873,0.47,0.134,0.153,0.988,-0.034,-0.261,0.04,-0.964,0.213,0.973,0.087,-0.396,0.132,-0.909,0.28,0.943,0.181,-0.49,0.254,-0.834,0.483,0.758,0.438,-0.59,0.469,-0.657,none
27.280144,0.454,0.271,0.849,-0.523,0.124,0.843,-0.502,-0.472,-0.725,0.733,0.241,0.636,0.781,0.224,0.583,0.16,-0.004,0.987,-0.29,0.137,0.947,0.432,-0.049,0.9,0.104,0.239,0.965,0.101,0.461,0.882,0.059,0.772,-0.633,-0.211,0.142,0.967,0.96,0.014,-0.278,none
3.094943,0.012,-0.261,0.965,0.496,-0.135,-0.857,0.177,0.18,-0.968,0.711,0.68,0.178,-0.914,-0.305,0.267,-0.134,0.886,0.443,-0.675,-0.675,-0.3,-0.0,0.859,0.511,-0.711,-0.553,-0.434,-0.101,0.951,0.293,-0.723,-0.678,-0.136,-0.595,0.337,0.73,-0.214,-0.771,-0.6,none
4.019586,-0.112,0.947,0.301,-0.282,-0.188,0.941,0.723,-0.684,0.096,0.858,0.068,-0.509,0.488,0.781,0.39,0.727,0.255,0.637,-0.639,0.511,0.575,0.836,0.096,0.541,-0.514,0.686,0.514,0.943,-0.025,0.332,-0.409,0.584,0.701,0.884,0.111,0.455,-0.758,0.379,0.531,paper
0.453033,-0.162,0.752,0.638,-0.53,0.53,0.662,0.793,-0.517,-0.322,0.749,-0.575,0.329,0.577,-0.577,-0.577,0.966,-0.214,0.143,0.816,-0.408,-0.408,0.919,0.033,0.394,0.744,0.62,0.248,0.924,0.06,0.377,0.174,0.696,0.696,0.074,0.905,0.419,-0.655,0.737,-0.164,scissors
23.881896,0.094,0.763,0.64,-0.011,0.783,0.622,0.514,-0.731,-0.448,0.78,-0.321,0.537,0.764,-0.444,0.468,0.863,-0.148,0.484,0.855,-0.256,0.452,0.894,-0.188,0.407,0.854,-0.289,0.433,0.984,-0.007,-0.179,0.989,-0.099,-0.111,0.086,0.926,0.368,-0.023,0.973,0.232,rock
42.703363,-0.546,0.695,0.468,-0.959,0.28,0.04,0.732,-0.675,-0.092,0.581,-0.265,-0.769,-0.206,-0.118,-0.971,0.913,0.353,-0.203,-0.219,0.04,-0.975,0.91,0.369,-0.188,-0.335,0.112,-0.936,0.809,0.505,-0.302,-0.564,0.102,-0.82,0.581,0.678,0.451,0.414,0.853,0.317,none
26.143237,0.588,0.291,0.754,-0.477,-0.802,0.36,-0.499,-0.654,-0.569,0.902,0.155,0.403,-0.062,0.816,-0.574,0.258,0.351,0.9,-0.205,0.927,-0.313,0.348,0.269,0.898,0.475,0.858,-0.197,0.261,0.61,0.749,-0.179,0.577,-0.797,-0.061,-0.335,0.94,-0.911,0.353,-0.213,none
7.992277,-0.096,0.826,0.556,-0.051,0.701,0.711,-0.193,-0.842,-0.503,0.71,-0.548,0.443,0.842,-0.47,0.263,0.936,-0.235,0.263,0.988,-0.087,0.13,0.938,-0.073,0.339,0.86,0.032,0.51,0.941,-0.051,0.335,0.809,0.053,0.585,0.189,0.881,0.435,-0.105,0.881,0.461,scissors
23.314331,0.476,0.151,0.866,-0.852,-0.0,0.524,-0.423,-0.508,-0.75,0.917,0.308,0.253,0.943,0.132,-0.307,0.348,0.526,0.776,0.862,0.123,0.492,0.308,0.148,0.94,0.881,0.235,0.411,0.188,0.602,0.776,0.549,0.768,0.329,-0.205,0.057,0.977,0.067,0.94,0.336,none
56.472736,0.682,-0.604,0.412,-0.104,-0.104,-0.989,-0.623,0.429,-0.654,-0.054,-0.343,0.938,0.625,-0.625,-0.469,-0.745,-0.635,0.206,0.702,-0.702,0.117,-0.766,-0.598,0.237,0.6,-0.8,-0.0,-0.759,-0.63,0.164,-0.23,-0.322,-0.919,-0.735,-0.514,0.443,0.745,-0.363,-0.559,none
22.330955,0.061,0.828,0.558,-0.041,-0.722,-0.691,0.589,-0.577,-0.566,0.719,-0.339,0.606,-0.77,0.38,-0.513,0.814,-0.197,0.547,-0.902,0.193,-0.385,0.852,-0.194,0.486,-0.865,0.272,-0.422,0.995,-0.024,-0.095,-0.986,0.11,0.129,0.172,0.922,0.346,-0.072,-0.938,-0.34,rock
18.696931,-0.229,0.8,0.555,-0.202,0.64,0.741,0.872,-0.436,-0.223,0.713,-0.617,0.333,0.834,-0.544,0.091,0.93,-0.317,0.188,0.983,-0.182,0.036,0.961,0.023,0.275,0.894,0.172,0.413,0.953,0.08,0.291,0.809,0.234,0.539,0.164,0.935,0.314,-0.17,0.937,0.306,scissors
42.195583,-0.533,0.715,0.454,-0.135,0.496,-0.857,0.698,-0.712,-0.081,0.586,-0.29,-0.757,0.112,-0.953,-0.28,0.939,0.28,-0.202,0.151,-0.956,-0.252,0.938,0.276,-0.209,0.222,-0.844,-0.489,0.853,0.413,-0.318,0.362,-0.931,-0.052,0.585,0.65,0.486,0.613,0.058,-0.788,none
9.098587,-0.184,0.75,0.635,0.093,-0.848,-0.522,-0.27,-0.811,-0.518,0.777,-0.543,0.319,-0.66,0.583,-0.473,0.972,-0.193,0.135,-0.922,0.3,-0.246,0.908,0.098,0.408,-0.943,0.122,-0.311,0.902,0.118,0.415,-0.956,0.109,-0.272,0.047,0.911,0.41,-0.262,-0.872,-0.414,scissors
17.687401,-0.169,0.694,0.7,0.63,0.756,-0.176,0.811,-0.329,-0.484,0.855,-0.468,0.224,0.201,-0.086,0.976,0.992,-0.105,0.07,0.261,-0.0,0.965,0.862,0.164,0.479,0.455,-0.857,0.241,0.844,0.185,0.504,0.495,-0.824,0.275,-0.05,0.902,0.429,0.659,0.3,0.689,scissors
5.948754,-0.055,0.83,0.555,-0.234,0.642,0.73,0.641,-0.718,-0.271,0.714,-0.522,0.467,0.791,-0.609,0.061,0.934,-0.2,0.297,0.968,-0.25,0.0,0.921,-0.104,0.375,0.887,0.207,0.414,0.928,-0.089,0.362,0.765,0.276,0.582,0.196,0.851,0.487,-0.248,0.937,0.248,scissors
25.917439,-0.011,0.806,0.592,0.07,0.802,0.593,-0.233,-0.934,-0.271,0.742,-0.383,0.55,0.755,-0.372,0.54,0.844,-0.219,0.489,0.819,-0.199,0.538,0.863,-0.245,0.443,0.85,-0.198,0.489,0.987,-0.069,-0.143,0.999,-0.012,-0.049,0.123,0.944,0.307,0.046,0.953,0.299,rock
37.123883,0.075,0.813,0.577,-0.348,-0.348,-0.87,0.182,-0.942,-0.281,0.743,-0.315,0.591,-0.635,0.127,-0.762,0.822,-0.165,0.544,-1.0,-0.0,-0.0,0.864,-0.165,0.475,-0.857,0.286,-0.429,0.995,0.008,-0.1,-0.943,0.314,0.105,0.17,0.907,0.386,-0.598,-0.359,-0.717,rock
22.776653,0.001,0.707,0.708,-0.331,-0.91,-0.248,-0.154,-0.89,-0.429,0.854,-0.373,0.363,-0.33,0.198,-0.923,0.974,-0.025,0.226,-0.712,0.285,-0.641,0.841,-0.022,0.541,-0.63,0.709,-0.315,0.837,0.014,0.548,-0.763,0.646,0.0,0.054,0.832,0.552,-0.818,-0.234,-0.526,scissors
18.577611,0.275,0.892,-0.359,0.888,-0.237,0.395,0.185,-0.349,0.919,0.193,-0.753,0.629,0.909,0.314,0.273,0.305,-0.808,0.504,0.362,0.261,0.895,0.321,-0.866,0.382,0.566,0.234,0.79,0.5,-0.674,0.544,0.759,0.12,0.64,0.873,-0.366,0.321,-0.677,-0.421,0.604,none
21.43633,0.34,-0.591,0.732,-0.968,0.106,-0.227,-0.169,0.276,-0.946,0.581,0.807,0.105,-0.452,-0.194,-0.871,-0.142,0.926,0.348,0.321,-0.032,-0.947,-0.112,0.8,0.589,0.357,0.248,-0.9,-0.208,0.966,-0.153,-0.076,-0.415,-0.906,-0.727,-0.017,0.686,0.018,0.652,-0.758,none
46.78187,-0.46,0.305,0.834,-0.684,-0.727,0.05,0.628,-0.547,-0.554,0.563,0.731,-0.385,-0.679,0.734,0.015,-0.031,0.998,0.054,-0.544,0.256,-0.799,0.03,0.977,0.212,-0.624,0.383,-0.681,0.11,0.943,0.315,-0.651,0.508,-0.565,0.286,0.704,0.65,-0.689,0.661,-0.299,none
24.827967,0.403,0.287,0.869,0.928,-0.356,-0.108,-0.376,-0.629,-0.681,0.93,0.298,0.217,-0.509,0.242,0.826,0.417,0.553,0.721,-0.938,0.078,0.337,0.418,0.334,0.845,-0.847,-0.235,0.477,0.291,0.722,0.628,-0.806,-0.142,0.575,-0.12,0.075,0.99,-0.665,-0.665,0.339,none
2.953115,-0.128,0.753,0.645,0.667,0.667,0.333,0.745,-0.585,-0.32,0.758,-0.543,0.362,0.707,0.0,-0.707,0.971,-0.182,0.155,-0.267,0.535,0.802,0.912,0.013,0.409,0.408,-0.408,0.816,0.917,0.033,0.398,-0.272,0.136,0.953,0.071,0.895,0.439,-0.913,0.365,0.183,scissors
27.359852,0.637,0.146,0.757,0.82,-0.399,0.41,-0.556,-0.386,-0.736,0.685,0.306,0.662,0.89,0.423,-0.171,-0.164,0.476,0.864,0.566,-0.29,0.772,0.07,0.467,0.882,0.77,-0.2,0.606,0.138,0.689,0.711,0.757,0.087,0.648,0.22,0.211,0.952,-0.421,0.301,0.856,none
25.392593,0.048,0.853,0.519,0.265,0.893,0.364,0.141,-0.957,-0.253,0.683,-0.343,0.645,0.656,-0.213,0.724,0.778,-0.221,0.587,0.69,-0.116,0.715,0.819,-0.192,0.541,0.781,-0.016,0.625,0.999,-0.033,-0.03,0.98,0.145,0.136,0.23,0.914,0.335,0.233,0.858,0.458,rock
22.331086,0.062,0.832,0.551,0.0,-0.756,-0.655,0.576,-0.58,-0.576,0.72,-0.333,0.608,-0.752,0.366,-0.549,0.813,-0.195,0.549,-0.884,0.201,-0.422,0.85,-0.188,0.493,-0.85,0.267,-0.455,0.996,-0.02,-0.087,-0.99,0.108,0.088,0.178,0.92,0.349,-0.112,-0.935,-0.336,rock
23.797483,0.08,0.738,0.67,-0.223,-0.651,-0.725,0.54,-0.705,-0.459,0.832,-0.361,0.421,-0.861,0.207,-0.465,0.954,-0.035,0.299,-0.956,-0.102,-0.273,0.845,-0.126,0.519,-0.73,0.174,-0.661,0.848,-0.085,0.523,-0.768,0.192,-0.611,0.118,0.812,0.572,-0.126,-0.683,-0.719,scissors
23.797612,0.045,0.706,0.706,-0.289,-0.688,-0.666,0.535,-0.68,-0.502,0.849,-0.359,0.387,-0.826,0.227,-0.516,0.965,-0.018,0.262,-0.947,-0.082,-0.309,0.84,-0.073,0.538,-0.732,0.209,-0.648,0.835,-0.028,0.55,-0.785,0.234,-0.573,0.074,0.819,0.568,-0.195,-0.672,-0.715,scissors
7.991913,-0.116,0.765,0.633,0.047,0.694,0.718,-0.178,-0.871,-0.459,0.772,-0.508,0.382,0.841,-0.432,0.327,0.968,-0.162,0.191,0.979,-0.035,0.201,0.905,0.02,0.426,0.846,-0.045,0.53,0.902,0.035,0.43,0.798,-0.035,0.601,0.082,0.882,0.465,-0.08,0.847,0.526,scissors
27.828909,0.556,-0.057,0.829,-0.923,0.385,0.0,-0.589,-0.27,-0.762,0.511,0.556,0.656,-0.798,0.566,-0.204,-0.017,0.588,0.808,-0.588,0.611,-0.53,0.169,0.597,0.784,-0.634,0.593,-0.496,0.003,0.844,0.537,-0.732,0.122,-0.671,-0.357,-0.135,0.924,0.159,0.796,0.584,none
26.567164,0.624,0.131,0.771,-0.703,0.703,0.103,-0.567,-0.47,-0.676,0.655,0.577,0.488,-0.268,-0.032,-0.963,0.12,0.634,0.764,0.295,0.126,-0.947,0.251,0.611,0.751,0.214,0.078,-0.974,0.114,0.853,0.509,0.061,0.081,-0.995,0.263,-0.784,0.562,-0.846,-0.282,0.451,none
36.611558,0.084,0.818,0.569,-0.577,0.577,-0.577,0.182,-0.932,-0.314,0.739,-0.308,0.6,-0.365,-0.183,-0.913,0.817,-0.159,0.555,-0.943,-0.236,0.236,0.864,-0.155,0.48,-0.667,0.333,-0.667,0.995,0.016,-0.096,-0.928,0.371,-0.0,0.177,0.902,0.394,-0.762,0.127,-0.635,rock
52.904889,0.733,-0.609,0.303,0.662,-0.53,-0.53,-0.755,0.413,-0.508,0.316,0.919,-0.234,-0.722,0.619,-0.309,0.02,0.989,-0.144,-0.864,0.432,0.259,0.056,0.997,-0.059,-0.717,0.598,0.359,-0.758,-0.342,0.556,0.574,-0.503,0.646,-0.757,-0.601,0.255,-0.725,-0.242,-0.645,none
20.34714,0.234,0.925,0.3,-0.912,0.341,0.227,0.101,-0.847,0.521,0.71,-0.665,0.232,-0.152,-0.438,-0.886,0.793,-0.3,0.531,0.435,-0.218,-0.874,0.863,-0.405,0.302,0.52,0.257,-0.815,0.938,0.257,0.231,-0.038,-0.793,-0.608,0.689,0.36,0.629,-0.06,0.924,-0.377,none
3.370419,-0.142,0.748,0.648,0.316,-0.0,0.949,0.764,-0.579,-0.285,0.765,-0.544,0.345,-0.0,0.514,-0.857,0.973,-0.185,0.141,-0.707,0.707,-0.0,0.91,0.033,0.414,-0.802,0.535,0.267,0.91,0.053,0.412,-0.722,0.309,0.619,0.059,0.9,0.433,-0.985,-0.123,-0.123,scissors
17.236755,0.077,0.758,0.647,0.302,-0.302,-0.905,0.41,-0.791,-0.454,0.786,-0.312,0.534,-0.487,0.324,-0.811,0.866,-0.136,0.482,-0.937,0.156,0.312,0.902,-0.178,0.393,-0.577,0.577,-0.577,0.981,0.008,-0.193,-0.868,0.496,0.0,0.072,0.92,0.384,-0.845,-0.169,-0.507,rock
2.06301,-0.138,0.758,0.637,0.316,0.0,0.949,0.744,-0.581,-0.329,0.76,-0.543,0.357,0.597,0.398,-0.697,0.972,-0.185,0.147,0.302,-0.302,-0.905,0.912,0.023,0.409,-0.267,0.802,0.535,0.917,0.043,0.396,-0.422,0.527,0.738,0.067,0.895,0.44,-0.858,0.477,-0.191,scissors
19.350739,0.092,0.775,0.625,0.11,-0.11,-0.988,0.402,-0.797,-0.452,0.773,-0.299,0.559,-0.873,0.436,-0.218,0.85,-0.136,0.51,-0.898,0.163,0.408,0.891,-0.165,0.423,-0.759,0.651,0.0,0.988,0.014,-0.156,-0.755,0.504,0.42,0.106,0.915,0.39,-0.196,-0.784,-0.588,rock
6.795984,-0.097,0.945,0.313,-0.136,0.904,0.407,0.715,-0.686,0.136,0.866,0.062,-0.496,0.76,0.179,-0.625,0.725,0.247,0.643,0.575,0.366,0.732,0.828,0.085,0.554,0.767,0.219,0.603,0.935,-0.041,0.352,0.725,0.181,0.665,0.876,0.106,0.47,0.745,0.298,0.596,paper
18.257063,0.08,0.76,0.645,0.267,0.802,-0.535,0.45,-0.771,-0.45,0.783,-0.312,0.538,-0.447,0.0,-0.894,0.862,-0.136,0.488,-0.784,0.196,0.588,0.9,-0.177,0.397,-0.302,0.905,-0.302,0.982,0.006,-0.186,-0.696,0.696,0.174,0.076,0.92,0.385,-0.913,0.183,-0.365,rock
36.601206,0.634,-0.372,0.678,-0.682,0.341,0.648,-0.485,0.147,-0.862,0.534,0.424,0.731,-0.897,-0.182,-0.403,0.337,0.888,0.314,0.91,-0.376,0.175,0.343,0.919,0.193,0.979,-0.176,0.099,0.022,0.998,-0.055,0.979,0.032,-0.2,-0.6,-0.122,0.791,0.3,0.416,-0.858,none
50.351822,0.652,-0.653,0.387,-0.148,-0.72,0.678,-0.684,0.458,-0.568,0.118,0.87,0.479,0.904,0.16,-0.396,-0.561,0.77,0.304,0.879,0.257,0.4,-0.482,0.827,0.288,0.932,0.152,0.33,-0.655,0.697,0.292,0.9,0.039,0.434,-0.742,-0.555,0.375,-0.898,-0.011,0.441,none
13.677224,-0.319,0.734,0.6,-0.535,-0.267,0.802,0.898,-0.071,-0.435,0.719,-0.653,0.237,0.391,0.13,-0.911,0.94,-0.335,0.069,-0.0,0.447,-0.894,0.957,0.129,0.261,0.0,0.97,0.243,0.943,0.172,0.286,-0.333,0.667,0.667,0.082,0.967,0.24,-0.896,0.398,-0.199,scissors
22.358527,0.281,0.352,0.893,0.648,-0.624,0.437,-0.12,-0.611,-0.783,0.996,0.088,0.01,-0.385,0.909,0.16,0.665,0.504,0.551,-0.843,0.533,-0.065,0.74,0.34,0.58,-0.885,0.463,-0.05,0.684,0.725,0.077,-0.967,0.21,-0.145,-0.008,0.374,0.927,-0.812,-0.266,0.519,none
10.053294,-0.151,0.951,0.268,0.541,0.541,-0.644,0.59,-0.757,0.28,0.833,0.054,-0.551,-0.027,-0.759,-0.651,0.771,0.252,0.585,0.612,-0.786,-0.087,0.866,0.085,0.493,0.486,-0.857,-0.171,0.956,-0.036,0.291,0.304,-0.912,-0.274,0.898,0.153,0.412,0.525,-0.617,-0.586,paper
2.082059,-0.007,-0.265,0.964,-0.0,-0.928,0.371,0.159,0.128,-0.979,0.695,0.703,0.154,0.0,0.894,-0.447,-0.146,0.906,0.397,-0.847,0.376,0.376,-0.018,0.881,0.472,-0.512,0.768,0.384,-0.12,0.959,0.259,-0.444,0.778,0.444,-0.61,0.348,0.712,-0.961,0.262,-0.087,none
36.601442,0.624,-0.348,0.7,-0.483,0.512,0.711,-0.451,0.158,-0.879,0.633,0.396,0.665,-0.949,0.048,-0.312,0.368,0.904,0.217,0.967,-0.072,0.243,0.374,0.918,0.13,0.759,0.645,-0.086,0.026,0.993,-0.119,0.649,0.563,-0.512,-0.604,-0.166,0.779,0.369,0.541,-0.756,none
37.63377,0.069,0.813,0.578,-0.667,-0.667,0.333,0.234,-0.932,-0.276,0.743,-0.323,0.587,-0.0,0.0,-1.0,0.826,-0.173,0.537,-0.802,0.267,-0.535,0.865,-0.173,0.471,-0.162,0.162,-0.973,0.994,0.0,-0.105,-0.802,0.267,-0.535,0.166,0.911,0.378,-0.87,0.097,-0.483,rock
45.255109,-0.705,0.26,0.66,-0.888,-0.444,0.117,0.857,-0.408,-0.314,0.546,0.102,-0.832,-0.916,0.37,-0.155,0.59,0.76,-0.271,-0.376,0.188,-0.908,0.568,0.784,-0.252,-0.524,0.263,-0.81,0.478,0.871,-0.114,-0.674,0.343,-0.654,-0.235,0.956,-0.174,-0.192,0.266,-0.945,none
30.333591,0.464,-0.063,0.884,-0.748,0.235,-0.62,-0.445,-0.225,-0.867,0.6,0.54,0.59,-0.842,-0.483,-0.241,-0.057,0.599,0.799,-0.613,0.201,-0.764,0.077,0.593,0.802,-0.746,0.175,-0.642,-0.067,0.825,0.562,-0.849,0.051,-0.526,-0.339,-0.069,0.938,0.506,0.131,-0.853,none
6.966863,-0.143,0.711,0.688,-0.308,0.6,0.738,0.534,-0.744,-0.401,0.803,-0.513,0.302,0.768,-0.64,0.0,0.981,-0.152,0.12,0.955,-0.28,-0.099,0.888,0.087,0.452,0.895,0.247,0.371,0.887,0.089,0.454,0.822,0.316,0.474,0.012,0.899,0.438,-0.213,0.957,0.197,scissors
22.78157,-0.016,0.717,0.697,-0.05,-0.627,-0.777,-0.047,-0.889,-0.455,0.857,-0.383,0.346,-0.888,0.338,-0.313,0.977,-0.034,0.212,-0.993,-0.012,-0.121,0.847,0.005,0.531,-0.794,0.0,-0.608,0.841,0.046,0.54,-0.81,-0.0,-0.586,0.04,0.84,0.541,-0.0,-0.816,-0.578,scissors
2.549257,0.04,0.817,0.576,0.408,0.816,-0.408,0.518,-0.785,-0.34,0.723,-0.36,0.59,0.302,0.302,-0.905,0.822,-0.214,0.528,-0.436,0.218,0.873,0.856,-0.205,0.475,0.302,0.905,-0.302,0.994,-0.033,-0.101,-0.6,0.8,0.0,0.155,0.924,0.35,-0.873,0.218,-0.436,rock
13.090862,-0.222,0.745,0.629,0.361,0.591,-0.722,0.85,-0.117,-0.513,0.758,-0.584,0.289,-0.571,-0.036,0.82,0.959,-0.257,0.121,-0.389,-0.209,0.897,0.938,0.076,0.339,0.066,-0.929,-0.365,0.928,0.11,0.357,0.037,-0.928,-0.371,0.08,0.938,0.338,0.958,-0.239,0.16,scissors
22.266984,-0.061,0.783,0.619,-0.195,-0.868,0.456,0.202,-0.888,-0.414,0.791,-0.47,0.392,0.243,0.373,-0.896,0.956,-0.15,0.252,-0.064,0.277,-0.959,0.914,-0.089,0.397,-0.411,0.843,0.346,0.898,0.003,0.439,-0.536,0.755,0.377,0.137,0.87,0.474,-0.924,-0.261,-0.281,scissors
16.166849,-0.125,0.968,0.219,0.037,-0.949,-0.313,0.758,-0.629,0.171,0.785,-0.024,-0.619,-0.825,0.049,0.563,0.844,0.191,0.502,-0.821,-0.16,-0.548,0.91,0.0,0.415,-0.847,0.037,-0.53,0.968,-0.094,0.235,-0.926,0.147,-0.348,0.923,0.124,0.365,-0.887,-0.072,-0.457,paper
14.173212,0.081,0.755,0.651,-0.303,-0.759,-0.577,0.438,-0.779,-0.45,0.779,-0.331,0.532,-0.697,0.167,-0.697,0.866,-0.158,0.475,-0.848,0.058,-0.526,0.895,-0.198,0.399,-0.826,0.059,-0.561,0.982,-0.013,-0.188,-0.998,-0.055,-0.028,0.082,0.928,0.363,-0.325,-0.738,-0.591,rock
1.744927,0.04,0.807,0.59,0.192,-0.192,0.962,0.525,-0.769,-0.364,0.736,-0.36,0.573,0.447,-0.0,-0.894,0.833,-0.202,0.515,0.0,1.0,0.0,0.862,-0.208,0.462,0.436,0.218,-0.873,0.993,-0.036,-0.109,-0.371,0.557,-0.743,0.138,0.924,0.356,-0.874,0.389,-0.291,rock
13.617482,-0.089,0.949,0.302,-0.319,0.39,0.863,-0.198,-0.973,0.114,0.86,-0.004,-0.51,0.819,0.57,-0.059,0.758,0.21,0.617,0.093,0.698,0.71,0.846,0.036,0.531,0.322,0.633,0.704,0.937,-0.067,0.343,0.448,0.577,0.683,0.888,0.1,0.449,0.175,0.514,0.84,paper
12.598649,-0.229,0.939,0.257,0.0,0.651,0.759,0.284,-0.921,0.266,0.79,0.096,-0.606,0.854,0.085,-0.513,0.801,0.298,0.52,0.173,0.259,0.95,0.894,0.117,0.433,0.518,0.207,0.83,0.971,0.01,0.238,0.302,0.302,0.905,0.899,0.213,0.382,-0.183,0.365,0.913,paper
10.028937,-0.183,0.742,0.645,0.036,-0.782,-0.622,0.415,-0.827,-0.379,0.787,-0.54,0.298,-0.755,0.494,-0.431,0.974,-0.192,0.119,-0.967,0.125,-0.224,0.918,0.07,0.391,-0.891,0.093,-0.445,0.91,0.1,0.403,-0.898,0.109,-0.426,0.042,0.918,0.394,-0.135,-0.847,-0.514,scissors
53.923211,0.725,-0.587,0.36,0.625,-0.469,-0.625,-0.689,0.415,-0.594,0.293,0.933,0.209,0.894,-0.0,0.447,-0.377,0.864,0.335,0.809,0.231,0.54,-0.763,-0.337,0.551,0.322,-0.043,0.946,-0.549,-0.793,0.264,0.316,0.0,0.949,-0.753,-0.571,0.327,-0.784,-0.196,-0.588,none
27.877492,-0.007,0.724,0.689,-0.555,0.832,0.0,0.533,-0.703,-0.471,0.843,-0.395,0.364,-0.183,-0.365,-0.913,0.97,-0.057,0.235,-0.555,-0.832,0.0,0.861,-0.042,0.507,-0.192,0.192,-0.962,0.854,0.011,0.521,-0.302,0.905,0.302,0.075,0.846,0.528,-0.684,0.57,-0.456,scissors
16.678029,-0.097,0.956,0.277,0.063,-0.947,-0.316,0.82,-0.571,0.045,0.837,-0.037,-0.546,-0.962,0.0,0.275,0.797,0.18,0.576,-0.95,-0.173,-0.259,0.869,-0.002,0.496,-0.874,0.0,-0.486,0.944,-0.1,0.316,-0.972,0.224,-0.075,0.904,0.09,0.419,-0.917,-0.066,-0.393,paper
50.389451,0.653,-0.678,0.338,0.557,-0.658,-0.506,-0.729,0.428,-0.534,0.041,0.923,0.383,-0.953,0.283,-0.103,-0.555,0.804,0.214,-0.895,0.092,-0.436,-0.473,0.859,0.196,-0.936,0.111,-0.334,-0.653,0.724,0.22,-0.963,0.241,-0.12,-0.756,-0.597,0.268,-0.93,-0.367,0.024,none
17.189214,-0.132,0.92,0.368,-0.37,-0.926,0.077,0.833,-0.554,-0.004,0.887,0.03,-0.462,-0.587,0.52,0.621,0.72,0.255,0.645,-0.9,0.285,-0.33,0.814,0.097,0.573,-0.823,0.464,-0.329,0.912,0.009,0.41,-0.826,0.555,-0.1,0.841,0.15,0.52,-0.952,0.27,-0.142,paper
20.311763,0.048,0.763,0.645,-0.254,-0.051,-0.966,0.52,-0.741,-0.425,0.778,-0.338,0.53,-0.994,0.05,-0.099,0.866,-0.163,0.473,-0.96,-0.218,0.175,0.895,-0.204,0.396,-0.97,0.146,0.194,0.982,-0.02,-0.19,-0.772,0.0,0.636,0.074,0.931,0.357,0.395,-0.621,-0.677,rock
5.995371,-0.074,0.947,0.313,-0.447,0.0,0.894,0.733,-0.678,0.054,0.865,0.035,-0.5,0.485,0.728,-0.485,0.729,0.221,0.648,-0.625,0.469,0.625,0.833,0.06,0.55,-0.535,0.802,0.267,0.937,-0.07,0.343,-0.577,0.577,0.577,0.883,0.08,0.463,-0.949,0.316,0.0,paper
12.725081,-0.121,-0.131,0.984,0.816,-0.436,0.38,0.431,0.008,-0.902,0.386,0.331,-0.861,-0.959,-0.166,-0.229,-0.268,0.892,0.363,-0.209,-0.386,0.899,0.189,0.851,0.489,0.243,-0.599,0.763,0.209,0.874,0.439,0.731,-0.256,0.632,-0.553,0.789,0.269,-0.658,-0.053,0.751,none
3.297082,-0.103,0.952,0.287,0.298,-0.596,0.745,0.751,-0.648,0.125,0.845,0.095,-0.526,-0.371,0.928,-0.0,0.745,0.264,0.612,-0.839,0.466,0.28,0.857,0.093,0.506,-0.707,0.707,-0.0,0.956,-0.037,0.291,-0.593,0.659,0.462,0.903,0.118,0.414,-0.776,0.282,0.564,paper
14.61711,-0.194,0.743,0.64,-0.301,-0.376,0.877,0.83,-0.133,-0.542,0.77,-0.562,0.302,0.635,0.045,-0.771,0.962,-0.234,0.14,0.482,0.33,-0.812,0.931,0.057,0.36,0.072,0.844,0.531,0.922,0.093,0.377,-0.109,0.765,0.634,0.079,0.927,0.367,-0.933,0.36,-0.021,scissors
40.662582,0.551,0.113,0.827,0.123,-0.492,0.862,-0.353,-0.378,-0.856,0.886,0.463,0.041,-0.991,-0.011,-0.137,0.476,0.866,0.153,-0.71,0.153,-0.687,0.502,0.828,0.248,-0.741,0.269,-0.616,0.31,0.948,-0.07,-0.831,0.036,-0.555,0.066,-0.586,0.808,0.695,0.545,0.47,none
7.067586,-0.159,0.731,0.664,-0.023,0.736,0.676,0.266,-0.859,-0.438,0.776,-0.55,0.311,0.818,-0.471,0.332,0.972,-0.203,0.116,0.972,-0.166,0.166,0.925,0.065,0.374,0.877,-0.03,0.48,0.918,0.081,0.387,0.846,-0.015,0.533,0.037,0.921,0.388,-0.008,0.893,0.45,scissors
8.497719,-0.152,0.742,0.653,-0.047,0.752,0.658,-0.312,-0.779,-0.544,0.794,-0.51,0.33,0.798,-0.549,0.249,0.978,-0.155,0.138,0.967,-0.153,0.204,0.891,0.083,0.446,0.899,-0.0,0.437,0.885,0.095,0.456,0.811,0.051,0.583,0.031,0.895,0.445,-0.096,0.909,0.406,scissors
1.760029,-0.145,0.758,0.636,-0.667,0.333,0.667,0.764,-0.549,-0.339,0.756,-0.56,0.339,0.549,-0.137,-0.824,0.967,-0.201,0.156,0.485,-0.728,-0.485,0.916,0.015,0.401,0.728,0.485,0.485,0.918,0.041,0.394,-0.137,0.549,0.824,0.076,0.898,0.434,-0.742,0.636,-0.212,scissors
28.387255,-0.023,0.707,0.707,0.207,0.518,-0.83,0.544,-0.719,-0.433,0.853,-0.392,0.343,-0.894,-0.0,0.447,0.976,-0.048,0.212,-0.634,-0.272,0.724,0.858,-0.013,0.513,-0.226,-0.793,-0.566,0.849,0.044,0.526,-0.7,-0.7,-0.14,0.048,0.85,0.524,0.667,-0.333,-0.667,scissors
14.766373,-0.379,-0.12,0.918,-0.552,0.264,-0.791,0.625,0.103,-0.774,0.722,-0.07,-0.689,-0.704,-0.694,-0.153,0.813,0.341,-0.472,-0.485,-0.728,-0.485,0.787,0.358,-0.503,0.511,-0.608,-0.608,-0.083,0.878,0.471,-0.461,0.154,-0.874,-0.564,0.784,0.26,0.622,0.21,-0.754,none
10.536982,-0.22,0.668,0.711,0.126,-0.654,-0.746,0.575,-0.751,-0.325,0.815,-0.539,0.21,-0.815,0.498,-0.294,0.984,-0.174,0.024,-0.982,0.183,-0.054,0.888,0.184,0.423,-0.876,-0.068,-0.478,0.87,0.2,0.45,-0.885,-0.069,-0.46,-0.056,0.929,0.365,-0.034,-0.905,-0.424,scissors
27.105531,0.574,0.264,0.775,0.337,0.931,-0.139,-0.521,-0.5,-0.692,0.965,0.16,0.207,-0.922,-0.386,0.017,-0.066,0.499,0.864,-0.641,0.199,-0.742,0.125,0.486,0.865,-0.804,0.072,-0.591,-0.02,0.755,0.655,-0.876,0.131,-0.464,0.2,-0.79,0.579,0.584,0.243,0.774,none
56.473953,0.716,-0.55,0.431,-0.768,0.329,-0.549,-0.62,0.434,-0.654,-0.002,-0.349,0.937,0.925,-0.37,0.092,-0.728,-0.627,0.278,-0.287,-0.766,0.575,-0.754,-0.585,0.299,-0.226,-0.793,0.566,-0.751,-0.624,0.216,-0.772,0.154,0.617,-0.787,-0.564,0.248,0.487,-0.012,-0.874,none
5.439112,-0.096,0.812,0.576,0.53,-0.662,0.53,0.734,-0.597,-0.323,0.731,-0.538,0.42,0.609,0.508,-0.609,0.948,-0.203,0.243,0.0,0.992,-0.124,0.921,-0.038,0.387,-0.265,0.265,0.927,0.927,-0.016,0.376,-0.493,0.211,0.844,0.153,0.874,0.462,-0.97,0.0,0.243,scissors
28.2119,0.511,-0.073,0.857,-0.174,-0.696,0.696,-0.551,-0.264,-0.792,0.485,0.508,0.711,0.848,0.53,-0.0,-0.079,0.558,0.826,0.319,0.359,0.877,0.136,0.579,0.804,0.661,0.272,0.7,-0.01,0.823,0.569,0.396,0.561,0.727,-0.401,-0.118,0.908,-0.928,-0.0,-0.371,none
28.45221,-0.039,0.867,0.496,0.141,0.77,0.622,-0.515,-0.653,-0.555,0.691,-0.422,0.587,0.79,-0.333,0.516,0.808,-0.288,0.514,0.859,-0.154,0.487,0.815,-0.286,0.505,0.883,-0.179,0.435,0.99,-0.123,-0.074,0.994,0.007,-0.111,0.188,0.951,0.247,0.013,0.938,0.346,rock
12.210494,0.028,0.866,0.499,-0.053,-0.906,-0.42,-0.085,-0.977,-0.196,0.668,-0.356,0.653,-0.559,0.356,-0.749,0.769,-0.238,0.593,-0.731,0.3,-0.613,0.808,-0.198,0.555,-0.711,0.203,-0.673,0.999,-0.041,-0.017,-0.979,0.1,-0.176,0.252,0.911,0.327,-0.388,-0.853,-0.349,rock
55.45456,0.675,-0.592,0.44,0.816,0.408,-0.408,-0.604,0.43,-0.671,-0.062,-0.361,0.931,0.905,-0.422,-0.06,-0.739,-0.641,0.206,-0.203,-0.355,0.913,-0.755,-0.611,0.238,0.133,-0.333,0.933,-0.791,-0.587,0.175,-0.492,-0.123,0.862,-0.727,-0.552,0.41,-0.913,-0.365,-0.183,none
49.843557,0.693,-0.506,0.513,-0.623,-0.078,0.778,-0.662,0.342,-0.667,0.337,0.267,0.903,0.968,0.251,-0.027,-0.763,-0.081,0.641,-0.555,0.358,0.751,-0.76,-0.157,0.631,-0.405,0.637,0.656,-0.823,-0.27,0.499,-0.464,0.732,0.5,-0.686,-0.546,0.481,0.877,0.475,0.073,none
3.549834,-0.104,0.955,0.278,-0.507,0.169,0.845,0.759,-0.632,0.16,0.845,0.08,-0.529,0.686,0.514,-0.514,0.743,0.258,0.618,-0.424,0.566,0.707,0.852,0.095,0.515,-0.218,0.873,0.436,0.954,-0.036,0.299,-0.248,0.744,0.62,0.896,0.116,0.428,-0.696,0.696,0.174,paper
11.048686,-0.121,0.745,0.656,-0.198,-0.733,-0.651,0.806,-0.422,-0.414,0.771,-0.526,0.359,-0.792,0.402,-0.459,0.965,-0.187,0.183,-0.97,0.067,-0.234,0.916,0.017,0.401,-0.844,0.119,-0.523,0.906,0.052,0.421,-0.867,0.129,-0.481,0.088,0.898,0.432,-0.115,-0.808,-0.577,scissors
8.560282,0.107,0.861,0.497,-0.258,-0.829,-0.497,0.418,-0.47,-0.777,0.675,-0.304,0.673,-0.666,0.205,-0.717,0.759,-0.191,0.622,-0.793,0.106,-0.599,0.818,-0.14,0.558,-0.802,0.07,-0.593,1.0,0.017,-0.01,-0.995,-0.051,-0.086,0.268,0.887,0.376,-0.32,-0.783,-0.534,rock
5.517185,-0.083,0.946,0.313,0.577,0.577,-0.577,0.717,-0.685,0.129,0.867,0.044,-0.497,0.236,-0.236,-0.943,0.725,0.229,0.649,-0.667,-0.333,0.667,0.832,0.065,0.551,-0.707,-0.0,-0.707,0.937,-0.061,0.345,-0.811,0.324,0.487,0.884,0.087,0.46,-0.913,-0.183,-0.365,paper
25.838647,-0.039,0.672,0.739,0.027,-0.623,-0.782,0.574,-0.622,-0.533,0.879,-0.378,0.291,-0.89,0.369,-0.267,0.987,-0.019,0.16,-0.996,0.024,-0.085,0.841,0.055,0.538,-0.816,-0.038,-0.577,0.827,0.101,0.553,-0.825,-0.062,-0.562,-0.017,0.851,0.525,0.026,-0.843,-0.537,scissors
33.173859,0.483,-0.177,0.858,0.947,0.237,0.215,-0.416,-0.102,-0.904,0.451,0.249,0.857,0.174,0.405,0.898,-0.732,0.104,0.673,-0.987,0.071,0.141,-0.316,0.217,0.924,0.514,-0.514,0.686,0.015,0.988,0.155,0.925,0.195,0.326,-0.293,0.066,0.954,0.663,0.73,0.166,none
23.370853,-0.003,0.847,0.531,0.076,0.784,0.616,0.609,-0.556,-0.566,0.688,-0.395,0.609,0.764,-0.378,0.523,0.8,-0.261,0.54,0.845,-0.197,0.497,0.822,-0.248,0.512,0.862,-0.214,0.459,0.994,-0.081,-0.071,0.996,-0.024,-0.089,0.202,0.938,0.281,0.023,0.95,0.311,rock
6.094568,0.111,-0.206,0.972,0.918,0.34,0.204,0.261,0.074,-0.963,0.785,0.556,0.275,0.684,-0.57,0.456,-0.222,0.805,0.55,0.0,-0.184,0.983,-0.12,0.74,0.662,0.175,-0.28,0.944,-0.101,0.875,0.474,0.242,0.035,0.97,-0.458,0.281,0.843,0.33,-0.047,0.943,none
33.259,0.481,-0.11,0.87,0.889,0.395,-0.231,-0.391,-0.155,-0.907,0.489,0.22,0.844,-0.0,0.949,0.316,-0.685,0.075,0.725,-0.0,0.618,-0.786,-0.287,0.195,0.938,-0.701,0.319,-0.638,0.056,0.994,0.089,-0.705,-0.071,0.705,-0.277,0.11,0.955,0.433,-0.736,0.52,none
18.717245,-0.161,0.953,0.258,0.669,0.167,-0.724,0.932,-0.349,-0.096,0.815,-0.028,-0.579,-0.323,-0.889,-0.323,0.822,0.213,0.528,-0.09,-0.992,-0.09,0.892,0.023,0.452,-0.183,-0.913,-0.365,0.958,-0.061,0.279,-0.656,-0.749,-0.094,0.909,0.149,0.39,-0.3,-0.675,-0.675,paper
11.174072,-0.111,0.951,0.287,-0.299,0.427,0.854,0.374,-0.899,0.226,0.844,0.024,-0.536,0.839,0.538,-0.086,0.766,0.224,0.602,0.064,0.662,0.747,0.855,0.055,0.516,0.308,0.616,0.725,0.945,-0.06,0.321,0.406,0.555,0.726,0.893,0.114,0.436,0.166,0.497,0.852,paper
30.123752,0.418,-0.046,0.907,-0.29,0.399,-0.87,-0.497,-0.208,-0.843,0.514,0.649,0.56,-0.773,-0.633,0.04,-0.007,0.696,0.718,-0.692,-0.418,-0.588,0.203,0.704,0.681,-0.768,-0.256,-0.587,0.036,0.933,0.358,-0.73,-0.379,-0.569,-0.38,-0.029,0.925,0.067,-0.202,-0.977,none
24.828948,-0.182,0.751,0.635,-0.515,-0.636,0.575,0.817,-0.521,-0.248,0.786,-0.542,0.298,0.275,0.027,-0.961,0.964,-0.215,0.157,0.095,0.189,-0.977,0.927,0.038,0.372,-0.09,0.989,0.12,0.917,0.106,0.385,-0.265,0.927,0.265,0.091,0.924,0.371,-0.929,0.155,-0.336,scissors
26.347763,-0.031,0.701,0.713,-0.052,-0.64,-0.766,0.65,-0.601,-0.465,0.859,-0.395,0.327,-0.88,0.346,-0.325,0.979,-0.047,0.197,-0.988,-0.01,-0.154,0.86,0.006,0.511,-0.807,0.021,-0.59,0.851,0.055,0.523,-0.814,0.0,-0.581,0.032,0.853,0.521,-0.011,-0.819,-0.574,scissors
17.700268,-0.027,0.927,0.375,-0.358,-0.921,0.152,0.747,-0.621,-0.236,0.897,-0.032,-0.441,-0.546,0.593,0.593,0.726,0.187,0.662,-0.863,0.379,-0.335,0.808,0.015,0.589,-0.768,0.556,-0.318,0.9,-0.083,0.427,-0.759,0.638,-0.129,0.85,0.049,0.525,-0.926,0.357,-0.119,paper
6.459454,-0.117,0.747,0.655,-0.267,0.769,0.581,0.584,-0.746,-0.321,0.77,-0.53,0.356,0.677,-0.725,0.126,0.967,-0.186,0.176,0.918,-0.396,0.032,0.914,0.007,0.406,0.958,0.152,0.243,0.912,0.024,0.409,0.907,0.219,0.36,0.081,0.893,0.442,-0.045,0.983,0.179,scissors
20.737131,-0.045,0.696,0.717,0.092,0.816,0.571,0.101,-0.911,-0.401,0.861,-0.393,0.323,0.772,-0.432,0.466,0.983,-0.037,0.178,0.913,-0.101,0.395,0.846,0.056,0.529,0.856,-0.222,0.467,0.835,0.087,0.543,0.825,-0.158,0.542,-0.004,0.846,0.533,0.123,0.827,0.548,scissors
0.995892,-0.156,0.754,0.638,-0.566,0.424,0.707,0.817,-0.508,-0.272,0.752,-0.57,0.331,0.651,-0.391,-0.651,0.967,-0.205,0.149,0.832,-0.0,-0.555,0.916,0.033,0.399,0.514,0.686,0.514,0.918,0.061,0.391,0.0,0.614,0.789,0.071,0.901,0.428,-0.753,0.659,-0.0,scissors
26.052292,0.565,0.333,0.755,-0.82,-0.346,0.456,-0.448,-0.684,-0.576,0.889,0.203,0.41,0.591,0.688,-0.421,0.22,0.371,0.902,0.393,0.877,-0.275,0.335,0.244,0.91,0.831,0.507,0.227,0.182,0.596,0.782,0.699,0.452,-0.555,0.048,-0.321,0.946,-0.472,0.868,-0.154,none
17.143403,-0.357,0.455,0.816,0.0,1.0,-0.0,0.787,-0.396,-0.473,0.805,-0.347,-0.481,0.936,-0.0,-0.351,0.929,0.337,-0.151,0.429,-0.286,0.857,0.892,0.44,-0.108,-0.588,0.196,-0.784,0.712,0.698,-0.077,-0.845,0.507,-0.169,0.036,0.891,0.453,-0.889,0.254,-0.381,none
11.048948,-0.137,0.777,0.614,0.11,-0.692,-0.714,0.765,-0.431,-0.478,0.764,-0.537,0.359,-0.801,0.509,-0.314,0.962,-0.202,0.182,-0.984,0.157,-0.084,0.924,0.01,0.383,-0.887,-0.033,-0.46,0.922,0.034,0.387,-0.894,-0.033,-0.447,0.104,0.903,0.417,-0.044,-0.894,-0.447,scissors
13.617608,-0.088,0.946,0.312,-0.41,0.316,0.855,-0.251,-0.968,0.0,0.876,0.0,-0.483,0.755,0.656,0.0,0.731,0.224,0.645,0.0,0.748,0.664,0.821,0.061,0.568,0.249,0.709,0.66,0.921,-0.038,0.389,0.363,0.665,0.653,0.865,0.095,0.492,0.064,0.574,0.816,paper
27.434136,0.121,0.875,0.468,-0.566,-0.424,-0.707,-0.325,-0.909,-0.261,0.666,-0.286,0.689,-0.734,-0.056,-0.677,0.745,-0.183,0.641,-0.901,-0.24,-0.361,0.806,-0.123,0.58,-0.887,-0.127,-0.444,0.999,0.029,0.023,-0.983,-0.173,0.058,0.291,0.875,0.387,-0.349,-0.465,-0.814,rock
36.611285,0.099,0.814,0.572,-0.348,-0.348,0.87,0.19,-0.96,-0.205,0.744,-0.296,0.6,0.436,-0.218,-0.873,0.818,-0.146,0.556,0.555,0.0,-0.832,0.867,-0.142,0.477,0.429,-0.286,-0.857,0.995,0.031,-0.096,-0.312,0.156,-0.937,0.176,0.896,0.408,-0.841,0.382,-0.382,rock
0.414988,-0.088,0.951,0.295,0.707,0.707,0.0,0.743,-0.66,0.109,0.862,0.1,-0.497,0.831,-0.147,-0.537,0.737,0.233,0.634,0.627,-0.289,0.723,0.854,0.066,0.516,0.725,-0.229,0.649,0.965,-0.099,0.244,0.982,0.103,0.155,0.856,-0.156,0.493,0.106,0.035,-0.994,paper
20.976483,0.275,0.105,0.956,-0.994,-0.082,0.067,-0.194,-0.388,-0.901,0.974,0.221,-0.049,-0.319,-0.066,-0.945,0.592,0.656,0.468,0.161,0.176,-0.971,0.608,0.496,0.619,0.205,0.475,-0.856,0.495,0.858,-0.135,-0.118,-0.284,-0.951,-0.179,0.352,0.919,-0.255,0.784,-0.566,none
14.764727,0.114,0.181,0.977,-0.98,0.178,-0.089,0.401,-0.338,-0.851,0.926,-0.12,-0.359,-0.223,-0.717,-0.661,0.94,0.293,-0.173,0.199,-0.582,-0.789,0.914,0.316,-0.254,0.142,-0.182,-0.973,0.545,0.838,-0.042,-0.569,0.07,-0.819,-0.248,0.469,0.848,0.753,0.538,-0.379,none
25.916137,0.001,0.811,0.585,0.102,0.81,0.577,-0.231,-0.941,-0.247,0.732,-0.38,0.566,0.751,-0.341,0.566,0.835,-0.221,0.504,0.812,-0.182,0.554,0.856,-0.238,0.459,0.853,-0.171,0.493,0.99,-0.062,-0.126,1.0,0.01,-0.029,0.142,0.94,0.31,0.066,0.939,0.338,rock
3.461661,0.041,0.813,0.582,0.267,-0.535,0.802,0.502,-0.804,-0.317,0.732,-0.351,0.584,0.275,-0.0,-0.962,0.827,-0.197,0.526,-0.577,0.577,-0.577,0.862,-0.2,0.465,0.192,0.192,-0.962,0.993,-0.026,-0.116,-0.625,0.469,-0.625,0.147,0.925,0.351,-0.905,0.302,-0.302,rock
33.00343,0.47,-0.179,0.864,0.54,-0.842,0.0,-0.363,-0.037,-0.931,0.51,0.222,0.831,0.436,0.092,0.895,-0.668,0.047,0.742,-0.603,-0.019,0.798,-0.363,0.062,0.93,0.368,-0.416,0.832,-0.073,0.874,0.48,0.902,-0.104,0.418,-0.248,0.098,0.964,-0.642,-0.758,0.115,none
22.266698,-0.12,0.765,0.633,-0.312,-0.75,0.583,0.202,-0.888,-0.414,0.787,-0.51,0.348,0.32,0.283,-0.904,0.958,-0.192,0.213,0.042,0.272,-0.961,0.917,-0.006,0.399,-0.302,0.905,0.302,0.909,0.045,0.415,-0.418,0.816,0.399,0.106,0.896,0.432,-0.968,-0.097,-0.232,scissors
12.791659,0.262,-0.089,0.961,0.667,-0.71,-0.225,0.017,-0.152,-0.988,0.886,0.362,-0.29,0.972,0.212,0.098,0.629,0.77,0.11,0.645,0.143,0.75,0.669,0.743,0.021,0.702,0.125,0.702,0.466,0.847,-0.257,0.783,0.077,0.618,-0.449,0.145,0.882,-0.903,-0.4,-0.158,none
12.131427,-0.015,0.83,0.558,0.0,-0.817,-0.577,-0.202,-0.965,-0.169,0.708,-0.386,0.591,-0.628,0.397,-0.669,0.814,-0.244,0.527,-0.816,0.301,-0.494,0.84,-0.24,0.487,-0.759,0.274,-0.59,0.993,-0.072,-0.094,-0.985,0.161,-0.06,0.171,0.937,0.305,-0.323,-0.882,-0.344,rock
14.681509,0.06,0.773,0.632,0.233,-0.466,0.854,0.444,-0.776,-0.448,0.772,-0.328,0.544,0.629,0.189,-0.754,0.857,-0.161,0.49,0.572,0.667,-0.477,0.888,-0.195,0.417,0.549,0.137,-0.824,0.986,-0.015,-0.168,-0.142,0.355,-0.924,0.1,0.928,0.36,-0.964,0.268,0.0,rock
28.001233,0.513,-0.074,0.855,-0.212,0.977,0.0,-0.534,-0.218,-0.817,0.552,0.442,0.707,-0.509,-0.339,-0.791,-0.018,0.522,0.853,-0.082,0.412,-0.907,0.198,0.544,0.815,-0.248,-0.331,-0.91,0.056,0.806,0.589,-0.667,-0.477,-0.572,-0.401,-0.097,0.911,-0.488,-0.183,-0.854,none
49.843287,0.679,-0.511,0.527,-0.928,-0.099,0.359,-0.632,0.298,-0.715,0.38,0.157,0.912,0.346,-0.029,-0.938,-0.763,-0.081,0.641,-0.668,0.7,-0.254,-0.747,-0.141,0.65,-0.401,0.784,-0.474,-0.798,-0.204,0.566,-0.58,0.613,-0.536,-0.611,-0.576,0.543,0.462,0.702,0.542,none
52.456771,0.77,-0.582,0.262,-0.686,-0.374,-0.624,-0.761,0.442,-0.475,0.224,0.924,-0.309,-0.529,-0.244,-0.813,-0.074,0.965,-0.25,-0.365,0.532,-0.764,-0.017,0.999,-0.05,-0.504,-0.126,0.854,-0.546,0.689,0.477,-0.777,0.107,-0.62,-0.728,-0.666,0.164,0.327,-0.14,0.935,none
15.659438,-0.188,0.949,0.253,0.009,-0.961,-0.277,0.664,-0.716,0.216,0.8,0.054,-0.598,-0.807,0.097,0.583,0.81,0.27,0.52,-0.848,-0.113,-0.518,0.893,0.091,0.44,-0.858,0.083,-0.507,0.964,-0.004,0.265,-0.931,0.192,-0.31,0.894,0.18,0.411,-0.911,-0.045,-0.411,paper
21.757364,-0.222,0.756,0.616,-0.237,-0.592,0.77,0.316,-0.873,-0.372,0.765,-0.576,0.287,0.405,0.203,-0.891,0.956,-0.253,0.148,0.137,0.549,-0.824,0.939,0.061,0.34,-0.179,0.897,0.404,0.927,0.119,0.356,-0.336,0.784,0.522,0.09,0.935,0.343,-0.989,0.106,-0.106,scissors
20.240283,-0.04,0.709,0.704,0.036,0.693,0.72,0.32,-0.844,-0.431,0.842,-0.413,0.347,0.875,-0.378,0.304,0.977,-0.068,0.204,0.975,-0.027,0.219,0.867,0.02,0.498,0.824,-0.045,0.564,0.854,0.058,0.516,0.78,-0.009,0.626,0.039,0.854,0.518,-0.054,0.846,0.531,scissors
21.774852,-0.156,0.768,0.621,-0.217,-0.781,0.586,0.202,-0.888,-0.414,0.775,-0.541,0.327,0.32,0.3,-0.899,0.955,-0.223,0.195,0.044,0.464,-0.885,0.929,0.015,0.369,-0.342,0.876,0.342,0.921,0.066,0.383,-0.465,0.776,0.427,0.113,0.912,0.393,-0.988,-0.019,-0.155,scissors
3.602323,0.044,-0.227,0.973,0.252,0.042,-0.967,0.168,0.12,-0.978,0.71,0.665,0.231,-0.993,-0.028,-0.114,-0.173,0.854,0.49,-0.0,-0.725,-0.689,-0.036,0.824,0.566,-0.248,-0.62,-0.744,-0.141,0.926,0.35,-0.334,-0.836,-0.435,-0.566,0.279,0.776,0.09,-0.539,-0.838,none
0.958343,0.045,0.819,0.572,-0.535,0.267,-0.802,0.521,-0.79,-0.322,0.718,-0.347,0.604,-0.864,-0.259,-0.432,0.818,-0.194,0.542,-0.936,-0.341,-0.085,0.856,-0.193,0.48,-0.909,-0.101,-0.404,0.995,-0.027,-0.1,-0.878,0.479,0.0,0.155,0.924,0.35,-0.939,-0.043,-0.341,rock
39.700174,0.549,0.111,0.828,0.864,0.0,-0.504,-0.366,-0.425,-0.827,0.96,0.212,-0.183,0.1,0.949,0.3,0.833,0.54,-0.12,-0.341,0.726,0.598,0.779,0.613,-0.135,-0.289,0.723,0.627,0.559,0.701,-0.444,-0.353,0.784,0.51,0.345,-0.644,0.682,-0.235,-0.411,-0.881,none
40.662975,0.524,0.078,0.848,0.033,0.98,0.196,-0.355,-0.4,-0.845,0.861,0.499,0.098,-0.943,-0.038,-0.331,0.305,0.868,0.392,-0.649,0.076,-0.757,0.307,0.818,0.486,-0.677,0.191,-0.711,0.123,0.97,0.208,-0.787,0.051,-0.615,-0.045,-0.532,0.846,0.982,0.18,0.06,none
35.496271,0.536,-0.349,0.769,0.857,-0.0,0.514,-0.384,0.166,-0.908,0.449,0.025,0.893,0.889,-0.111,-0.444,-0.623,0.15,0.768,-0.447,0.537,0.716,0.112,0.986,0.126,-0.485,0.728,-0.485,-0.166,0.965,-0.202,-0.725,0.665,0.181,-0.641,-0.035,0.767,-0.598,0.359,0.717,none
15.133124,-0.104,0.725,0.681,0.096,0.987,0.127,0.745,-0.226,-0.627,0.812,-0.483,0.326,0.426,-0.62,0.659,0.974,-0.145,0.172,0.621,-0.365,0.694,0.897,0.026,0.442,0.868,-0.486,0.104,0.888,0.052,0.456,0.884,-0.402,0.241,0.057,0.89,0.452,0.402,0.84,0.365,scissors
8.560918,0.104,0.855,0.508,-0.28,-0.679,-0.679,0.452,-0.412,-0.791,0.682,-0.306,0.664,-0.748,0.13,-0.651,0.768,-0.191,0.611,-0.894,-0.0,-0.447,0.823,-0.144,0.549,-0.87,0.07,-0.487,1.0,0.015,-0.021,-0.997,-0.033,0.066,0.254,0.892,0.375,-0.252,-0.719,-0.647,rock
6.52249,0.114,0.801,0.588,-0.83,-0.484,0.277,0.59,-0.596,-0.544,0.747,-0.296,0.595,-0.235,-0.411,-0.881,0.826,-0.148,0.545,-0.324,-0.487,-0.811,0.874,-0.153,0.462,-0.424,-0.566,-0.707,0.993,0.022,-0.117,-0.743,-0.473,-0.473,0.149,0.906,0.395,-0.654,0.05,-0.755,rock
20.803841,0.044,0.759,0.65,-0.442,-0.885,-0.147,0.522,-0.718,-0.461,0.778,-0.34,0.528,-0.316,-0.0,-0.949,0.867,-0.165,0.471,-0.707,0.0,-0.707,0.894,-0.21,0.396,-0.486,-0.0,-0.874,0.981,-0.027,-0.19,-0.94,0.0,-0.342,0.072,0.933,0.352,-0.76,-0.228,-0.608,rock
11.558734,-0.17,0.78,0.602,-0.025,-0.707,-0.707,0.789,-0.263,-0.555,0.753,-0.565,0.337,-0.813,0.436,-0.386,0.958,-0.234,0.164,-0.98,0.082,-0.18,0.936,0.032,0.349,-0.853,0.059,-0.519,0.933,0.058,0.355,-0.859,0.058,-0.509,0.103,0.918,0.383,-0.059,-0.838,-0.542,scissors
12.249371,-0.173,-0.264,0.949,0.905,-0.302,-0.302,0.554,0.198,-0.809,0.818,0.049,-0.572,-0.218,-0.436,-0.873,-0.518,0.729,0.447,-0.572,0.082,0.816,-0.431,0.636,0.64,-0.236,-0.236,0.943,-0.325,0.644,0.693,-0.514,-0.686,-0.514,-0.883,0.415,0.218,0.183,-0.913,-0.365,none
5.690084,-0.079,0.946,0.313,-0.577,-0.577,0.577,0.717,-0.685,0.129,0.868,0.043,-0.494,0.0,0.832,-0.555,0.723,0.229,0.652,-0.762,0.457,0.457,0.829,0.068,0.555,-0.707,0.707,0.0,0.935,-0.062,0.348,-0.647,0.539,0.539,0.882,0.083,0.463,-0.985,0.123,0.123,paper
3.240549,-0.14,0.749,0.648,0.436,0.218,0.873,0.722,-0.609,-0.328,0.768,-0.538,0.347,0.688,0.229,-0.688,0.974,-0.176,0.141,-0.302,0.905,0.302,0.905,0.035,0.423,0.408,0.408,0.816,0.91,0.05,0.412,-0.241,0.482,0.843,0.053,0.895,0.442,-0.953,0.272,0.136,scissors
25.463658,0.421,0.598,0.682,0.788,-0.435,-0.435,-0.353,-0.835,-0.422,0.99,-0.032,0.137,-0.606,-0.39,0.693,0.514,0.216,0.83,-0.795,-0.559,0.236,0.571,0.026,0.82,-0.785,-0.619,-0.024,0.522,0.424,0.74,-0.862,-0.495,0.11,0.232,-0.182,0.956,-0.75,-0.638,-0.175,none
11.508623,-0.041,0.954,0.297,-0.168,0.673,0.721,0.234,-0.944,0.232,0.859,-0.04,-0.511,0.904,0.325,-0.278,0.76,0.163,0.629,0.306,0.517,0.799,0.836,-0.004,0.549,0.516,0.393,0.761,0.925,-0.122,0.359,0.603,0.337,0.723,0.886,0.043,0.461,0.44,0.357,0.824,paper
38.652394,0.616,-0.111,0.78,0.089,-0.754,-0.651,-0.418,-0.182,-0.89,0.734,0.656,0.178,0.907,0.107,0.407,0.101,0.887,0.45,0.669,-0.157,0.726,0.105,0.794,0.598,0.736,-0.298,0.608,-0.012,0.944,0.329,0.848,-0.296,0.44,-0.218,-0.606,0.765,-0.832,-0.214,-0.512,none
4.350602,-0.078,0.949,0.305,0.302,-0.905,0.302,0.735,-0.673,0.079,0.86,0.051,-0.508,0.0,0.894,-0.447,0.734,0.23,0.639,-0.857,0.286,0.429,0.84,0.065,0.539,-0.894,0.447,0.0,0.944,-0.062,0.325,-0.778,0.444,0.444,0.89,0.085,0.447,-0.953,0.136,-0.272,paper
1.766271,-0.105,0.955,0.276,-0.889,0.381,0.254,0.772,-0.617,0.151,0.842,0.1,-0.53,0.745,0.596,-0.298,0.738,0.276,0.615,-0.272,0.68,0.68,0.861,0.105,0.498,0.0,0.894,0.447,0.964,-0.024,0.265,-0.156,0.937,0.312,0.937,0.16,0.311,-0.595,0.278,0.754,paper
46.35897,-0.49,0.321,0.811,-0.698,-0.712,0.084,0.628,-0.547,-0.554,0.566,0.694,-0.445,-0.714,0.7,-0.029,0.027,0.998,0.054,-0.554,0.254,-0.793,0.071,0.978,0.199,-0.636,0.38,-0.671,0.139,0.946,0.293,-0.662,0.509,-0.55,0.32,0.72,0.616,-0.701,0.653,-0.289,none
46.27301,-0.66,0.548,0.514,-0.374,-0.686,-0.624,0.705,-0.68,-0.203,0.42,0.535,-0.733,-0.866,0.416,-0.277,0.271,0.961,-0.051,0.811,0.487,0.324,0.312,0.949,0.046,0.789,-0.0,0.614,0.404,0.905,0.137,0.479,0.0,-0.878,0.613,0.697,0.372,-0.312,0.156,-0.937,none
20.294134,0.049,0.775,0.63,-0.389,-0.713,-0.583,0.512,-0.755,-0.411,0.767,-0.338,0.545,-0.674,0.112,-0.73,0.856,-0.168,0.488,-0.894,0.0,-0.447,0.887,-0.201,0.416,-0.816,0.125,-0.565,0.985,-0.019,-0.17,-0.997,0.055,-0.055,0.098,0.929,0.356,-0.474,-0.592,-0.652,rock
13.086699,-0.163,0.713,0.682,0.262,0.785,-0.561,0.739,-0.174,-0.651,0.808,-0.51,0.295,-0.429,-0.286,0.857,0.979,-0.161,0.123,-0.189,-0.378,0.906,0.898,0.082,0.433,0.33,-0.868,-0.372,0.886,0.106,0.451,0.341,-0.876,-0.341,0.026,0.908,0.419,0.982,0.103,0.155,scissors
34.641826,0.529,-0.514,0.675,-0.917,0.39,-0.088,-0.356,0.189,-0.915,0.61,-0.009,0.792,0.139,-0.471,-0.871,0.014,0.57,0.822,-0.065,-0.626,-0.777,0.394,0.806,0.441,0.607,-0.769,0.202,0.242,0.933,0.266,0.787,-0.28,-0.549,-0.706,0.183,0.684,-0.223,0.551,0.804,none
12.642346,0.084,0.872,0.482,-0.11,-0.883,-0.457,-0.055,-0.981,-0.184,0.663,-0.315,0.679,-0.588,0.338,-0.735,0.754,-0.205,0.624,-0.762,0.259,-0.594,0.81,-0.152,0.566,-0.737,0.192,-0.648,1.0,0.005,0.001,-0.989,0.073,-0.131,0.27,0.889,0.369,-0.362,-0.845,-0.393,rock
54.944163,0.678,-0.645,0.353,-0.563,-0.087,0.822,-0.63,0.433,-0.644,-0.131,-0.396,0.909,-0.89,0.34,-0.304,-0.722,-0.672,0.166,-0.081,0.553,-0.829,-0.732,-0.664,0.151,-0.28,0.479,-0.832,-0.795,-0.6,0.092,-0.685,0.685,-0.247,-0.738,-0.567,0.366,-0.212,0.212,0.954,none
42.195852,-0.537,0.705,0.463,-0.423,0.544,-0.725,0.731,-0.678,-0.078,0.613,-0.273,-0.741,-0.316,-0.569,-0.759,0.932,0.315,-0.181,0.0,-0.64,-0.768,0.932,0.314,-0.179,0.161,-0.376,-0.913,0.841,0.447,-0.305,0.0,-0.555,-0.832,0.572,0.657,0.491,0.169,0.507,-0.845,none
35.591578,0.082,0.823,0.563,-0.241,-0.843,0.482,0.17,-0.957,-0.236,0.735,-0.315,0.601,0.076,0.076,-0.994,0.815,-0.164,0.556,-0.254,0.381,-0.889,0.861,-0.157,0.483,-0.09,0.09,-0.992,0.995,0.015,-0.095,-0.725,0.242,-0.645,0.184,0.902,0.391,-0.94,-0.067,-0.336,rock
1.096635,-0.015,-0.307,0.952,0.744,0.62,0.248,0.199,0.152,-0.968,0.67,0.727,0.148,-0.507,0.845,0.169,-0.174,0.913,0.369,-0.941,0.188,0.282,-0.05,0.89,0.454,-0.919,0.394,0.0,-0.154,0.956,0.252,-0.941,0.282,0.188,-0.631,0.343,0.696,-0.926,-0.168,-0.337,none
20.814431,0.25,0.539,0.805,-0.977,0.117,0.178,-0.17,-0.704,-0.689,0.998,-0.064,-0.029,-0.207,-0.181,-0.961,0.793,0.404,0.456,0.327,0.032,-0.944,0.797,0.254,0.549,0.338,0.385,-0.859,0.734,0.67,-0.105,-0.049,-0.425,-0.904,0.136,0.364,0.922,-0.116,0.829,-0.547,none
47.805622,0.455,-0.486,0.746,-0.634,-0.752,-0.177,-0.317,0.36,-0.877,0.323,0.502,0.803,-0.816,0.524,-0.245,-0.886,0.165,0.434,-0.453,0.138,-0.881,-0.832,0.082,0.549,-0.515,0.327,-0.792,-0.837,0.058,0.544,-0.557,0.464,-0.689,-0.571,-0.257,0.78,-0.783,0.461,-0.418,none
8.516143,-0.141,0.763,0.631,-0.417,-0.476,-0.774,-0.333,-0.749,-0.573,0.768,-0.533,0.355,-0.866,0.108,-0.487,0.966,-0.191,0.173,-0.949,-0.3,-0.1,0.911,0.038,0.41,-0.588,0.107,-0.802,0.908,0.055,0.415,-0.781,0.279,-0.558,0.082,0.898,0.432,-0.114,-0.511,-0.852,scissors
1.974775,-0.113,0.952,0.285,-0.656,0.375,-0.656,0.79,-0.594,0.153,0.843,0.091,-0.531,0.943,0.105,-0.314,0.736,0.282,0.616,0.651,0.391,0.651,0.856,0.119,0.503,0.889,0.111,0.444,0.963,-0.011,0.268,0.913,0.365,-0.183,0.938,0.171,0.302,0.677,0.719,-0.155,paper
16.677901,-0.086,0.96,0.268,0.063,-0.947,-0.316,0.82,-0.571,0.036,0.818,-0.07,-0.571,-0.894,-0.0,0.447,0.816,0.153,0.557,-0.923,-0.198,-0.33,0.879,-0.031,0.476,-0.88,-0.0,-0.474,0.946,-0.118,0.303,-0.983,0.173,-0.058,0.905,0.085,0.417,-0.921,-0.153,-0.358,paper
10.538869,-0.215,0.712,0.668,0.205,-0.719,-0.664,0.701,-0.632,-0.33,0.788,-0.568,0.24,-0.747,0.604,-0.278,0.975,-0.216,0.058,-0.965,0.255,-0.062,0.92,0.137,0.368,-0.928,-0.071,-0.365,0.908,0.161,0.386,-0.924,-0.087,-0.371,0.002,0.94,0.342,-0.056,-0.937,-0.344,scissors
2.44179,0.05,0.813,0.58,-0.212,0.212,0.954,0.518,-0.791,-0.327,0.732,-0.356,0.581,0.766,-0.287,-0.575,0.828,-0.198,0.525,1.0,0.0,-0.0,0.862,-0.199,0.467,0.873,-0.218,-0.436,0.993,-0.023,-0.113,0.391,0.13,-0.911,0.149,0.921,0.36,-0.733,0.667,-0.133,rock
20.228573,-0.029,0.712,0.701,-0.029,0.725,0.688,0.32,-0.844,-0.431,0.838,-0.414,0.355,0.829,-0.454,0.327,0.974,-0.076,0.212,0.97,-0.103,0.221,0.876,-0.02,0.483,0.872,-0.055,0.487,0.872,0.011,0.49,0.828,-0.0,0.56,0.05,0.856,0.514,-0.008,0.873,0.487,scissors
28.979786,0.539,-0.054,0.84,0.768,0.512,0.384,-0.557,-0.263,-0.788,0.474,0.629,0.616,0.97,0.243,0.0,0.008,0.664,0.747,0.291,0.145,0.946,0.226,0.676,0.702,0.667,0.333,0.667,0.075,0.901,0.427,0.342,0.587,0.734,-0.382,-0.159,0.91,-0.677,-0.677,0.29,none
23.288083,-0.042,0.722,0.691,-0.122,-0.671,-0.732,0.178,-0.889,-0.421,0.846,-0.415,0.333,-0.864,0.309,-0.397,0.977,-0.072,0.2,-0.971,-0.043,-0.234,0.87,0.011,0.493,-0.786,0.096,-0.611,0.864,0.053,0.501,-0.795,0.08,-0.601,0.047,0.862,0.505,-0.053,-0.774,-0.631,scissors
2.398858,-0.136,0.754,0.643,-0.485,0.485,0.728,0.725,-0.63,-0.278,0.763,-0.539,0.356,0.557,-0.371,-0.743,0.973,-0.179,0.143,0.707,0.707,0.0,0.909,0.024,0.415,0.743,0.557,0.371,0.912,0.053,0.407,0.115,0.577,0.808,0.061,0.895,0.442,-0.814,0.581,-0.0,scissors
12.597566,-0.214,0.948,0.237,0.184,0.983,-0.0,0.297,-0.93,0.217,0.79,0.08,-0.608,0.613,-0.236,-0.754,0.805,0.281,0.522,0.816,-0.125,0.565,0.896,0.102,0.432,0.873,-0.312,0.374,0.972,-0.003,0.235,0.841,-0.382,0.382,0.904,0.206,0.374,0.976,-0.195,0.098,paper
16.667763,-0.081,0.742,0.665,-0.304,-0.166,0.938,0.776,-0.329,-0.539,0.809,-0.476,0.346,0.726,-0.125,-0.676,0.969,-0.142,0.2,0.654,0.256,-0.711,0.896,0.004,0.444,0.335,0.772,0.54,0.89,0.027,0.455,0.098,0.762,0.639,0.079,0.88,0.468,-0.853,0.521,0.024,scissors
42.70386,-0.564,0.682,0.466,-0.774,0.633,-0.0,0.726,-0.681,-0.102,0.52,-0.345,-0.781,0.977,-0.099,-0.189,0.916,0.294,-0.274,0.922,-0.208,-0.327,0.874,0.441,-0.204,-0.341,0.133,-0.931,0.731,0.646,-0.219,-0.699,0.051,-0.714,0.547,0.74,0.392,0.903,0.428,-0.046,none
10.093457,-0.011,0.836,0.549,0.099,0.874,0.476,0.403,-0.848,-0.345,0.697,-0.402,0.594,0.667,-0.371,0.646,0.812,-0.256,0.525,0.741,-0.24,0.627,0.835,-0.251,0.49,0.789,-0.166,0.592,0.992,-0.078,-0.096,0.997,-0.0,0.075,0.176,0.94,0.292,0.176,0.934,0.311,rock
15.275488,-0.218,-0.177,0.96,0.734,-0.677,-0.056,0.692,0.227,-0.685,0.729,0.104,-0.677,-0.327,0.887,-0.327,0.769,0.487,-0.415,-0.501,0.865,0.046,0.747,0.442,-0.496,-0.066,0.989,-0.132,-0.263,0.724,0.638,-0.802,-0.267,0.535,-0.706,0.661,0.254,-0.667,-0.733,-0.133,none
17.232898,0.075,0.763,0.642,0.707,0.707,0.0,0.4,-0.821,-0.406,0.785,-0.311,0.535,0.0,0.0,-1.0,0.865,-0.136,0.483,-0.816,0.408,0.408,0.9,-0.177,0.398,0.0,0.316,-0.949,0.982,0.007,-0.188,-0.743,0.557,-0.371,0.076,0.92,0.384,-0.912,0.228,-0.342,rock
25.446989,0.052,0.86,0.508,0.144,0.806,0.574,0.141,-0.957,-0.253,0.684,-0.355,0.637,0.743,-0.313,0.591,0.781,-0.236,0.579,0.805,-0.158,0.572,0.813,-0.204,0.545,0.852,-0.131,0.508,0.999,-0.047,-0.021,0.998,0.051,-0.025,0.244,0.917,0.317,0.081,0.924,0.373,rock
6.037891,-0.071,0.949,0.309,0.949,-0.0,0.316,0.709,-0.705,0.038,0.865,0.041,-0.501,0.555,0.0,-0.832,0.732,0.222,0.644,-0.696,0.174,0.696,0.837,0.057,0.545,-0.816,0.408,0.408,0.939,-0.075,0.336,-0.651,0.391,0.651,0.889,0.075,0.453,-1.0,-0.0,0.0,paper
55.453173,0.688,-0.591,0.421,0.928,0.371,-0.0,-0.624,0.45,-0.639,-0.072,-0.382,0.921,0.899,-0.432,-0.072,-0.705,-0.681,0.197,-0.061,-0.306,0.95,-0.717,-0.664,0.211,0.249,-0.285,0.926,-0.774,-0.616,0.147,-0.087,-0.262,0.961,-0.734,-0.57,0.369,-0.651,-0.759,-0.0,none
11.621414,-0.003,0.847,0.532,-0.165,-0.827,-0.537,-0.262,-0.946,-0.192,0.691,-0.386,0.611,-0.658,0.292,-0.694,0.799,-0.248,0.548,-0.871,0.189,-0.454,0.829,-0.232,0.509,-0.806,0.22,-0.55,0.995,-0.065,-0.074,-0.99,0.137,-0.034,0.2,0.931,0.306,-0.332,-0.812,-0.48,rock
14.106983,-0.323,0.74,0.591,-0.371,0.557,0.743,0.888,-0.08,-0.452,0.717,-0.656,0.237,0.535,-0.267,-0.802,0.939,-0.337,0.069,0.302,-0.302,-0.905,0.956,0.136,0.261,0.507,0.845,0.169,0.942,0.18,0.284,0.1,0.796,0.597,0.084,0.968,0.237,-0.763,0.594,-0.254,scissors
10.574091,-0.214,0.699,0.683,0.211,-0.715,-0.666,0.727,-0.581,-0.365,0.79,-0.565,0.236,-0.745,0.606,-0.278,0.975,-0.213,0.057,-0.964,0.257,-0.064,0.92,0.124,0.372,-0.927,-0.081,-0.366,0.908,0.155,0.39,-0.925,-0.09,-0.368,0.0,0.939,0.344,-0.058,-0.935,-0.351,scissors
14.127466,-0.064,0.957,0.283,0.364,0.091,-0.927,-0.395,-0.917,-0.052,0.856,-0.048,-0.514,-0.561,-0.701,-0.441,0.767,0.162,0.622,0.261,-0.784,-0.563,0.843,-0.01,0.538,0.059,-0.789,-0.611,0.928,-0.11,0.356,-0.206,-0.742,-0.639,0.888,0.054,0.456,0.078,-0.507,-0.858,paper
14.764993,-0.062,-0.008,0.998,-0.932,0.359,0.05,0.475,-0.178,-0.862,0.885,-0.035,-0.464,-0.123,-0.817,-0.563,0.874,0.398,-0.279,0.288,-0.681,-0.673,0.811,0.459,-0.362,0.216,-0.481,-0.85,0.162,0.955,0.25,-0.705,0.095,-0.703,-0.379,0.626,0.682,0.719,0.384,-0.58,none
41.68459,-0.286,0.791,0.541,0.509,0.559,-0.654,0.363,-0.875,-0.321,0.796,-0.326,-0.511,-0.268,-0.794,0.545,0.955,0.286,0.077,-0.005,-0.912,0.41,0.968,0.24,0.078,-0.026,-0.971,0.238,0.873,0.477,-0.104,0.237,-0.764,0.6,0.687,0.333,0.646,0.693,-0.477,-0.541,none
11.55673,-0.137,0.739,0.66,0.21,-0.711,-0.671,0.81,-0.355,-0.467,0.797,-0.504,0.333,-0.752,0.596,-0.283,0.976,-0.154,0.155,-0.962,0.264,-0.066,0.9,0.057,0.431,-0.927,-0.059,-0.371,0.895,0.082,0.437,-0.93,-0.078,-0.359,0.046,0.896,0.442,-0.079,-0.935,-0.345,scissors
31.346023,0.384,-0.165,0.908,-0.864,0.0,-0.504,-0.329,-0.081,-0.941,0.542,0.328,0.774,0.535,-0.267,0.802,-0.585,0.102,0.804,-1.0,-0.0,0.0,-0.395,-0.063,0.917,0.0,-0.0,-1.0,-0.407,0.133,0.904,0.728,0.485,0.485,-0.401,-0.087,0.912,-0.477,0.08,-0.875,none
14.618846,-0.132,0.731,0.67,-0.274,-0.304,0.912,0.771,-0.175,-0.612,0.805,-0.499,0.321,0.691,0.031,-0.722,0.973,-0.16,0.164,0.574,0.395,-0.717,0.901,0.045,0.431,0.135,0.809,0.573,0.892,0.067,0.446,-0.059,0.706,0.706,0.057,0.896,0.44,-0.915,0.4,0.057,scissors
4.712308,-0.098,0.797,0.596,0.324,-0.745,-0.583,0.772,-0.534,-0.346,0.737,-0.542,0.403,-0.62,0.701,-0.351,0.953,-0.205,0.224,-0.922,0.384,-0.051,0.924,-0.048,0.379,-0.97,-0.086,-0.228,0.929,-0.029,0.369,-0.989,-0.055,-0.137,0.139,0.881,0.451,-0.253,-0.926,-0.281,scissors
5.074154,0.116,-0.131,0.985,0.0,0.196,-0.981,0.236,0.046,-0.971,0.801,0.523,0.291,0.457,0.762,-0.457,-0.198,0.739,0.643,0.545,-0.182,0.818,-0.109,0.639,0.762,0.697,-0.398,0.597,-0.106,0.764,0.636,0.852,-0.269,0.449,-0.369,0.294,0.882,-0.483,-0.097,-0.87,none
6.967372,-0.072,0.746,0.662,-0.165,0.764,0.623,0.461,-0.821,-0.336,0.787,-0.502,0.359,0.742,-0.618,0.26,0.971,-0.158,0.179,0.952,-0.269,0.146,0.907,-0.019,0.421,0.933,0.024,0.359,0.907,-0.007,0.42,0.894,0.086,0.441,0.072,0.883,0.463,-0.012,0.94,0.341,scissors
52.393969,0.748,-0.616,0.249,-0.731,0.682,0.0,-0.785,0.398,-0.475,0.25,0.924,-0.29,-0.99,0.141,-0.0,-0.03,0.972,-0.232,-0.925,0.092,0.37,-0.027,0.983,-0.182,-0.632,-0.508,0.585,-0.354,0.929,0.106,-0.863,0.121,-0.491,-0.738,-0.658,0.149,0.331,0.331,0.883,none
48.314226,0.726,-0.468,0.504,0.56,-0.61,-0.56,-0.622,0.365,-0.693,0.203,0.237,0.95,-0.769,-0.423,0.48,-0.847,-0.161,0.506,-0.453,-0.889,-0.07,-0.804,-0.199,0.56,-0.487,-0.844,-0.225,-0.806,-0.241,0.54,-0.498,-0.793,-0.35,-0.514,-0.714,0.476,-0.761,-0.435,-0.481,none
28.386876,-0.023,0.711,0.703,0.0,0.857,-0.514,0.505,-0.723,-0.471,0.85,-0.402,0.341,-0.707,-0.707,0.0,0.976,-0.059,0.209,-0.457,-0.457,0.762,0.864,-0.018,0.502,0.426,-0.64,-0.64,0.853,0.034,0.521,-0.577,-0.577,0.577,0.052,0.854,0.518,-0.485,0.728,-0.485,scissors
51.373821,0.713,-0.612,0.342,-0.656,-0.375,-0.656,-0.741,0.393,-0.545,0.122,0.877,0.464,0.948,-0.158,-0.276,-0.512,0.793,0.332,0.725,-0.382,0.573,-0.41,0.853,0.323,0.774,-0.592,0.228,-0.58,0.746,0.326,0.744,-0.573,0.344,-0.666,-0.642,0.38,-0.897,0.179,-0.404,none
50.863047,0.671,-0.654,0.348,0.061,-0.242,-0.968,-0.734,0.442,-0.516,0.068,0.901,0.428,-0.976,-0.195,-0.098,-0.556,0.788,0.264,-0.838,-0.349,-0.419,-0.466,0.849,0.249,-0.864,-0.314,-0.393,-0.641,0.723,0.258,-0.911,-0.391,-0.13,-0.727,-0.606,0.322,-0.516,-0.258,-0.817,none
3.602447,0.072,-0.283,0.957,0.139,-0.194,-0.971,0.175,0.084,-0.981,0.732,0.636,0.242,-0.927,-0.356,0.119,-0.169,0.849,0.501,-0.112,-0.925,-0.364,-0.029,0.817,0.576,-0.313,-0.819,-0.482,-0.13,0.921,0.368,-0.402,-0.893,-0.201,-0.56,0.277,0.781,0.084,-0.774,-0.628,none
13.660935,0.09,0.874,0.478,-0.3,-0.729,-0.615,0.252,-0.927,-0.277,0.65,-0.334,0.682,-0.788,0.129,-0.602,0.745,-0.228,0.627,-0.866,-0.029,-0.499,0.798,-0.161,0.58,-0.891,0.015,-0.453,1.0,-0.006,0.015,-0.988,-0.129,0.086,0.3,0.889,0.345,-0.134,-0.791,-0.597,rock
28.16674,0.508,-0.056,0.86,0.933,-0.133,0.333,-0.526,-0.252,-0.812,0.485,0.513,0.708,0.928,0.371,0.031,-0.079,0.565,0.821,0.336,-0.034,0.941,0.14,0.584,0.8,0.593,-0.07,0.802,-0.008,0.824,0.566,0.403,0.372,0.836,-0.399,-0.118,0.91,-0.91,-0.414,0.0,none
42.776411,-0.645,0.591,0.485,-0.608,0.228,-0.76,0.776,-0.621,-0.113,0.6,-0.6,-0.529,-0.679,-0.679,-0.277,0.945,0.149,-0.291,-0.0,-0.832,-0.555,0.78,0.616,-0.112,-0.202,0.202,-0.958,0.615,0.781,-0.107,-0.688,0.142,-0.712,0.396,0.879,0.265,0.779,0.221,-0.587,none
5.585409,0.127,-0.194,0.973,-0.928,-0.031,-0.371,0.223,0.086,-0.971,0.785,0.542,0.299,-0.496,0.041,-0.868,-0.217,0.783,0.583,0.49,-0.0,-0.872,-0.127,0.71,0.693,0.464,0.093,-0.881,-0.118,0.837,0.534,0.555,-0.202,-0.807,-0.437,0.261,0.861,-0.076,0.415,-0.906,none
0.616281,-0.154,0.75,0.643,-0.824,0.137,0.549,0.757,-0.558,-0.339,0.76,-0.562,0.327,0.199,-0.398,-0.896,0.971,-0.192,0.143,0.0,-0.447,-0.894,0.911,0.036,0.41,0.688,0.688,0.229,0.915,0.064,0.399,0.0,0.874,0.486,0.059,0.898,0.437,-0.755,0.504,-0.42,scissors
8.150961,0.115,0.863,0.491,-0.189,-0.852,-0.489,0.435,-0.477,-0.764,0.674,-0.301,0.675,-0.638,0.261,-0.725,0.758,-0.19,0.624,-0.78,0.18,-0.6,0.816,-0.138,0.562,-0.777,0.132,-0.616,1.0,0.018,-0.004,-0.995,0.0,-0.101,0.269,0.886,0.378,-0.316,-0.827,-0.466,rock
5.438991,-0.136,0.794,0.593,0.574,0.503,0.646,0.768,-0.597,-0.231,0.737,-0.547,0.396,0.953,0.286,-0.095,0.953,-0.209,0.218,0.588,0.784,0.196,0.923,-0.012,0.386,0.196,-0.0,0.981,0.925,0.016,0.38,-0.132,0.066,0.989,0.127,0.884,0.45,-0.758,0.379,0.531,scissors
37.605345,0.61,-0.413,0.676,0.765,0.394,0.51,-0.469,0.276,-0.839,0.763,0.584,-0.277,0.79,0.612,0.039,0.539,0.828,-0.154,0.613,0.274,0.741,0.502,0.823,-0.264,0.706,0.146,0.693,0.018,0.865,-0.501,0.757,0.428,0.494,-0.679,-0.234,0.696,0.62,0.414,-0.666,none
6.494786,-0.079,0.952,0.296,-0.217,0.921,0.325,0.686,-0.722,0.09,0.85,0.032,-0.526,0.758,0.054,-0.65,0.752,0.213,0.624,0.588,0.107,0.802,0.845,0.051,0.532,0.717,0.205,0.666,0.941,-0.078,0.331,0.692,0.208,0.692,0.888,0.08,0.452,0.864,0.259,0.432,paper
0.410439,-0.161,0.753,0.637,-0.298,0.596,0.745,0.796,-0.534,-0.285,0.751,-0.571,0.331,0.651,-0.391,-0.651,0.967,-0.207,0.147,0.943,-0.236,-0.236,0.916,0.037,0.398,0.707,0.566,0.424,0.921,0.066,0.383,0.185,0.647,0.74,0.071,0.902,0.426,-0.749,0.656,-0.094,scissors
13.235952,0.201,0.434,0.878,0.604,0.614,-0.508,-0.141,-0.419,-0.897,0.977,-0.023,-0.212,0.586,0.076,0.807,0.918,0.393,0.061,0.221,-0.073,0.972,0.923,0.378,-0.071,0.237,-0.178,0.955,0.731,0.561,-0.388,0.373,0.383,0.845,-0.195,-0.428,0.883,-0.199,-0.802,-0.564,none
16.296484,-0.341,0.448,0.827,0.158,-0.987,-0.019,0.821,-0.35,-0.451,0.806,-0.186,-0.562,-0.337,0.923,0.185,0.89,0.437,-0.131,-0.762,0.614,0.205,0.875,0.472,-0.105,-0.662,0.573,0.484,0.706,0.703,-0.078,-0.973,0.156,0.169,0.035,0.908,0.418,-0.862,-0.445,-0.241,none
6.604188,0.001,0.14,0.99,0.846,0.533,0.012,0.305,-0.265,-0.915,0.917,0.399,0.031,-0.451,-0.883,-0.13,0.073,0.752,0.655,-0.589,-0.807,0.047,0.151,0.631,0.761,-0.55,-0.629,-0.55,0.041,0.689,0.723,-0.815,-0.449,-0.366,-0.233,0.402,0.886,-0.348,-0.348,0.87,none
55.515189,0.679,-0.599,0.425,-0.0,-0.832,-0.555,-0.619,0.437,-0.652,-0.059,-0.373,0.926,0.857,-0.0,-0.514,-0.723,-0.659,0.208,-0.483,-0.097,0.87,-0.742,-0.629,0.234,-0.0,0.243,0.97,-0.787,-0.595,0.164,-0.651,0.651,0.391,-0.727,-0.556,0.404,-0.816,0.408,-0.408,none
4.29016,-0.163,0.722,0.672,0.163,-0.774,-0.611,0.745,-0.595,-0.301,0.788,-0.534,0.307,-0.659,0.55,-0.513,0.98,-0.167,0.107,-0.939,0.313,-0.139,0.894,0.085,0.441,-0.924,0.121,-0.362,0.892,0.099,0.44,-0.973,0.144,-0.18,0.012,0.901,0.433,-0.338,-0.826,-0.451,scissors
7.98137,-0.074,0.956,0.283,-0.183,0.913,0.365,0.692,-0.713,0.113,0.849,0.021,-0.527,0.63,0.315,-0.709,0.758,0.204,0.619,0.422,0.527,0.738,0.849,0.038,0.527,0.814,0.349,0.465,0.943,-0.088,0.32,0.527,0.422,0.738,0.897,0.078,0.436,0.371,0.743,0.557,paper
17.986679,0.035,0.836,0.548,0.966,-0.085,0.243,0.41,-0.871,-0.271,0.832,-0.553,-0.028,-0.395,0.561,0.728,0.956,-0.084,0.282,-0.624,0.411,0.665,0.963,-0.093,0.253,-0.409,0.06,0.911,0.91,0.282,0.303,-0.382,0.232,0.895,0.479,0.47,0.742,-0.379,-0.533,0.757,none
20.858247,0.267,0.431,0.862,-0.994,0.025,0.11,-0.179,-0.649,-0.739,0.998,0.065,-0.021,-0.175,-0.133,-0.976,0.692,0.533,0.486,0.279,0.107,-0.954,0.713,0.364,0.599,0.327,0.393,-0.86,0.654,0.751,-0.09,-0.063,-0.353,-0.934,0.033,0.347,0.937,-0.137,0.795,-0.591,none
50.894923,0.703,-0.607,0.372,-0.216,0.803,-0.556,-0.757,0.378,-0.533,0.139,0.862,0.488,-0.535,-0.844,0.028,-0.516,0.78,0.354,-0.202,-0.974,-0.101,-0.411,0.847,0.336,-0.274,-0.959,-0.069,-0.582,0.743,0.331,-0.148,-0.984,0.098,-0.675,-0.62,0.4,0.874,-0.257,-0.411,none
18.697189,-0.242,0.803,0.545,-0.199,0.762,0.617,0.876,-0.418,-0.241,0.707,-0.623,0.334,0.78,-0.59,0.209,0.928,-0.321,0.19,0.947,-0.284,0.151,0.962,0.023,0.273,0.934,0.037,0.355,0.956,0.076,0.282,0.858,0.12,0.499,0.169,0.937,0.306,-0.037,0.95,0.311,scissors
27.448013,0.008,0.744,0.668,-0.106,-0.634,-0.766,0.47,-0.758,-0.453,0.843,-0.389,0.371,-0.839,0.331,-0.432,0.966,-0.054,0.252,-0.978,-0.073,-0.196,0.87,-0.082,0.486,-0.778,-0.0,-0.628,0.853,0.003,0.521,-0.83,0.075,-0.553,0.093,0.838,0.538,-0.1,-0.775,-0.625,scissors
50.933848,0.698,-0.608,0.379,0.0,0.84,-0.543,-0.757,0.378,-0.533,0.157,0.86,0.485,-0.594,-0.804,-0.035,-0.499,0.79,0.358,-0.325,-0.927,-0.185,-0.391,0.856,0.339,-0.325,-0.927,-0.185,-0.568,0.754,0.331,-0.336,-0.942,-0.0,-0.671,-0.612,0.418,0.786,-0.437,-0.437,none
4.482254,0.04,0.751,0.659,0.132,-0.793,-0.595,0.483,-0.804,-0.348,0.785,-0.349,0.511,-0.619,0.309,-0.722,0.876,-0.167,0.453,-0.893,0.223,-0.391,0.898,-0.219,0.381,-0.757,0.27,-0.595,0.977,-0.033,-0.21,-0.979,0.196,-0.049,0.052,0.936,0.349,-0.451,-0.734,-0.508,rock
10.689741,-0.061,0.845,0.531,0.118,0.846,0.52,-0.152,-0.97,-0.19,0.683,-0.428,0.592,0.697,-0.327,0.639,0.805,-0.293,0.516,0.771,-0.193,0.607,0.816,-0.287,0.503,0.819,-0.142,0.556,0.989,-0.123,-0.079,0.999,0.029,0.036,0.184,0.951,0.247,0.141,0.919,0.368,rock
16.725374,0.084,0.767,0.637,-0.707,0.707,0.0,0.41,-0.813,-0.414,0.78,-0.31,0.543,-0.0,-0.243,-0.97,0.86,-0.14,0.491,-0.707,-0.0,0.707,0.897,-0.176,0.406,-0.0,0.447,-0.894,0.984,0.009,-0.179,-0.802,0.535,-0.267,0.087,0.919,0.384,-0.768,0.384,-0.512,rock
3.070532,-0.134,0.752,0.645,0.487,0.811,0.324,0.744,-0.583,-0.325,0.763,-0.539,0.357,0.905,0.302,-0.302,0.972,-0.181,0.151,0.267,0.535,0.802,0.91,0.019,0.414,0.535,-0.267,0.802,0.913,0.042,0.406,-0.241,0.12,0.963,0.065,0.895,0.442,-0.857,0.429,0.286,scissors
52.392816,0.753,-0.605,0.258,-0.0,-0.507,-0.862,-0.781,0.406,-0.474,0.245,0.919,-0.308,-0.934,0.356,0.044,-0.031,0.968,-0.25,-0.986,-0.152,0.076,-0.035,0.972,-0.232,-0.871,-0.448,0.199,-0.347,0.937,-0.049,-0.988,-0.049,-0.147,-0.732,-0.661,0.168,-0.152,-0.076,-0.986,none
32.533188,0.096,0.842,0.53,-0.775,-0.074,0.627,0.241,-0.93,-0.278,0.71,-0.318,0.628,0.265,-0.643,-0.719,0.795,-0.183,0.578,0.421,-0.514,-0.748,0.844,-0.159,0.512,0.221,-0.753,-0.62,0.998,0.009,-0.066,-0.097,-0.628,-0.772,0.221,0.9,0.375,-0.734,0.447,-0.511,rock
13.136867,-0.247,0.744,0.621,0.44,0.704,-0.557,0.824,-0.092,-0.559,0.749,-0.599,0.283,-0.418,-0.07,0.906,0.955,-0.273,0.116,-0.239,-0.179,0.954,0.943,0.077,0.324,0.158,-0.946,-0.284,0.933,0.12,0.34,0.111,-0.96,-0.258,0.083,0.944,0.321,0.942,-0.118,0.314,scissors
11.706176,-0.178,-0.243,0.954,0.894,0.447,-0.0,0.548,0.179,-0.817,0.839,0.05,-0.542,-0.457,-0.457,-0.762,-0.537,0.711,0.453,-0.0,0.371,-0.928,-0.479,0.608,0.634,-0.728,0.485,-0.485,-0.372,0.617,0.694,-0.908,0.419,-0.0,-0.877,0.42,0.233,-0.365,0.183,-0.913,none
20.643568,0.235,0.715,0.658,-0.98,0.187,0.075,-0.126,-0.902,-0.414,0.956,-0.289,0.045,-0.357,-0.348,-0.867,0.863,0.17,0.476,0.251,-0.233,-0.94,0.869,0.029,0.495,0.342,0.193,-0.92,0.858,0.514,-0.031,-0.174,-0.743,-0.646,0.359,0.357,0.863,-0.02,0.847,-0.532,none
8.564382,0.119,0.861,0.495,-0.038,0.687,0.725,0.448,-0.425,-0.786,0.663,-0.303,0.684,0.793,-0.226,0.566,0.749,-0.193,0.634,0.738,-0.067,0.671,0.809,-0.132,0.573,0.88,-0.0,0.474,1.0,0.024,0.007,0.967,0.251,-0.036,0.288,0.88,0.377,-0.032,0.935,0.354,rock
51.884917,0.696,-0.667,0.264,0.968,0.176,0.176,-0.758,0.458,-0.465,0.217,0.899,-0.381,0.83,0.553,0.069,-0.037,0.949,-0.312,0.462,0.154,0.873,-0.055,0.955,-0.292,0.477,-0.191,0.858,-0.352,0.911,-0.214,0.625,0.469,0.625,-0.806,-0.569,0.163,-0.906,-0.418,-0.07,none
29.096625,0.513,-0.015,0.858,0.248,0.744,0.62,-0.543,-0.268,-0.796,0.511,0.617,0.598,0.968,-0.176,-0.176,0.057,0.662,0.747,0.486,-0.0,0.874,0.273,0.667,0.693,0.843,0.105,0.527,0.126,0.9,0.416,0.383,0.614,0.69,-0.334,-0.142,0.932,-0.485,-0.728,0.485,none
14.10882,-0.273,0.745,0.609,-0.311,-0.466,0.828,0.88,-0.065,-0.47,0.735,-0.625,0.264,0.513,0.085,-0.854,0.948,-0.304,0.099,0.316,0.316,-0.895,0.951,0.096,0.293,-0.05,0.893,0.447,0.94,0.137,0.313,-0.196,0.784,0.588,0.086,0.954,0.286,-0.957,0.268,-0.115,scissors
28.388939,-0.012,0.714,0.7,-0.0,-0.992,0.124,0.526,-0.72,-0.454,0.852,-0.392,0.348,-0.163,0.408,-0.898,0.975,-0.049,0.218,-0.704,0.503,-0.503,0.858,-0.023,0.513,-0.707,0.707,0.0,0.848,0.027,0.53,-0.776,0.564,0.282,0.055,0.847,0.529,-0.923,-0.231,-0.308,scissors
5.438748,-0.125,0.815,0.565,0.451,0.551,0.702,0.692,-0.651,-0.313,0.714,-0.562,0.417,0.954,0.0,0.298,0.943,-0.233,0.239,0.816,0.408,0.408,0.932,-0.029,0.362,0.526,-0.234,0.818,0.936,0.002,0.352,0.298,-0.149,0.943,0.16,0.885,0.437,-0.366,0.575,0.732,scissors
36.101661,0.084,0.828,0.555,0.0,0.986,-0.164,0.168,-0.949,-0.266,0.729,-0.302,0.614,0.702,-0.117,0.702,0.808,-0.164,0.567,0.316,0.0,0.949,0.855,-0.15,0.497,0.724,0.272,0.634,0.997,0.016,-0.075,0.766,0.575,0.287,0.192,0.899,0.395,-0.085,0.936,0.341,rock
0.520717,0.028,0.808,0.588,0.802,-0.267,0.535,0.527,-0.773,-0.353,0.729,-0.361,0.581,-0.0,0.6,-0.8,0.833,-0.204,0.514,-0.447,0.894,-0.0,0.862,-0.22,0.457,0.0,0.664,-0.747,0.989,-0.047,-0.14,-0.488,0.766,-0.418,0.134,0.944,0.3,-0.998,-0.062,0.0,rock
13.618013,-0.03,0.954,0.298,-0.349,0.055,0.936,-0.352,-0.936,-0.022,0.851,-0.059,-0.521,0.684,0.702,0.198,0.763,0.156,0.627,-0.256,0.717,0.649,0.834,-0.015,0.551,-0.0,0.742,0.67,0.92,-0.112,0.377,0.102,0.712,0.695,0.876,0.03,0.481,-0.203,0.517,0.831,paper
44.74461,-0.693,0.494,0.525,0.507,0.858,0.078,0.796,-0.579,-0.176,0.311,0.609,-0.729,0.989,0.014,0.146,0.418,0.864,-0.282,0.233,0.03,0.972,0.459,0.864,-0.207,0.362,-0.242,0.9,0.338,0.941,0.016,0.855,-0.513,0.07,0.483,0.747,0.457,-0.873,-0.339,0.349,none
5.075604,0.146,-0.21,0.967,-0.52,-0.839,-0.16,0.208,0.033,-0.978,0.756,0.572,0.319,0.257,0.874,0.411,-0.271,0.761,0.59,-0.207,0.518,0.83,-0.184,0.673,0.716,0.683,0.256,0.683,-0.184,0.801,0.57,0.949,-0.19,0.253,-0.427,0.248,0.869,-0.42,0.21,-0.883,none
43.21493,-0.671,0.538,0.511,-0.84,0.14,-0.525,0.805,-0.578,-0.131,0.505,-0.077,-0.86,-0.928,-0.209,-0.308,0.657,0.673,-0.339,-0.138,0.142,-0.98,0.565,0.815,-0.125,0.054,0.02,-0.998,0.494,0.863,-0.109,0.0,0.054,-0.999,0.423,0.873,0.242,-0.938,0.343,0.054,none
15.637181,-0.176,0.718,0.674,0.242,0.939,-0.242,0.79,-0.226,-0.569,0.804,-0.523,0.283,0.036,-0.432,0.901,0.975,-0.182,0.126,0.224,-0.384,0.896,0.908,0.083,0.411,0.618,-0.78,-0.098,0.896,0.111,0.429,0.65,-0.759,-0.036,0.035,0.916,0.4,0.788,0.488,0.375,scissors
12.216769,-0.187,-0.252,0.949,-0.0,0.707,0.707,0.545,0.211,-0.811,0.831,0.041,-0.555,0.39,-0.488,-0.781,-0.528,0.715,0.459,-0.422,0.738,0.527,-0.454,0.62,0.64,-0.0,0.152,0.988,-0.338,0.633,0.696,0.091,-0.0,0.996,-0.88,0.422,0.219,-0.286,0.429,-0.857,none
23.798931,0.025,0.721,0.692,0.094,-0.567,-0.819,0.543,-0.663,-0.515,0.842,-0.382,0.382,-0.867,0.419,-0.269,0.966,-0.044,0.254,-0.998,0.057,0.029,0.852,-0.072,0.519,-0.826,-0.122,-0.551,0.847,-0.028,0.532,-0.884,-0.091,-0.457,0.088,0.831,0.55,-0.033,-0.851,-0.524,scissors
55.479186,0.677,-0.589,0.442,-0.0,-0.832,-0.555,-0.604,0.43,-0.671,-0.047,-0.348,0.936,0.843,-0.527,-0.105,-0.734,-0.642,0.223,-0.408,-0.408,0.816,-0.743,-0.617,0.257,-0.136,-0.272,0.953,-0.784,-0.595,0.177,-0.816,0.408,0.408,-0.729,-0.56,0.395,-0.927,0.265,-0.265,none
6.521141,0.107,0.817,0.567,-0.495,-0.315,-0.81,0.63,-0.626,-0.46,0.732,-0.304,0.61,-0.826,-0.118,-0.551,0.813,-0.158,0.56,-0.9,-0.286,-0.327,0.863,-0.151,0.481,-0.957,-0.13,-0.261,0.995,0.022,-0.102,-0.943,-0.236,0.236,0.175,0.903,0.392,-0.084,-0.543,-0.836,rock
41.173104,0.556,0.134,0.82,0.911,0.275,-0.307,-0.246,-0.553,-0.796,0.871,0.403,0.282,0.296,-0.228,0.928,0.074,0.687,0.723,-0.116,-0.367,0.923,0.064,0.581,0.811,0.018,-0.447,0.894,-0.115,0.771,0.627,0.203,-0.405,0.891,-0.052,-0.571,0.819,0.071,-0.895,-0.44,none
19.208683,-0.034,0.749,0.662,-0.36,-0.274,0.892,0.579,-0.679,-0.452,0.81,-0.451,0.376,0.648,-0.149,-0.747,0.964,-0.122,0.237,0.57,0.199,-0.797,0.887,-0.033,0.461,0.297,0.865,0.405,0.878,0.0,0.478,0.05,0.85,0.525,0.1,0.862,0.497,-0.857,0.51,-0.07,scissors
2.465469,0.043,0.814,0.579,0.905,-0.302,-0.302,0.505,-0.799,-0.325,0.733,-0.351,0.583,-0.196,0.784,-0.588,0.828,-0.197,0.525,-0.651,0.391,0.651,0.862,-0.202,0.466,-0.365,0.913,-0.183,0.994,-0.031,-0.109,-0.688,0.688,0.229,0.142,0.923,0.358,-0.577,-0.577,-0.577,rock
21.758758,-0.169,0.766,0.62,-0.201,-0.753,0.627,0.202,-0.888,-0.414,0.773,-0.547,0.32,0.311,0.269,-0.912,0.956,-0.225,0.188,0.045,0.429,-0.902,0.93,0.025,0.367,-0.315,0.878,0.36,0.921,0.079,0.381,-0.441,0.782,0.441,0.11,0.916,0.386,-0.99,0.0,-0.141,scissors
0.872878,-0.126,0.947,0.297,-0.867,0.248,-0.433,0.755,-0.652,0.069,0.844,0.108,-0.526,-0.458,0.229,-0.859,0.734,0.279,0.619,0.0,0.468,-0.884,0.855,0.108,0.508,-0.078,0.35,-0.933,0.962,-0.036,0.271,-0.726,0.341,-0.598,0.875,-0.052,0.482,-0.784,-0.361,0.504,paper
12.642223,0.091,0.873,0.48,-0.091,-0.884,-0.457,-0.055,-0.981,-0.184,0.662,-0.318,0.679,-0.597,0.335,-0.729,0.752,-0.209,0.626,-0.761,0.254,-0.597,0.807,-0.152,0.571,-0.743,0.19,-0.641,1.0,0.002,0.003,-0.989,0.072,-0.129,0.274,0.89,0.365,-0.358,-0.85,-0.388,rock
6.605891,0.024,0.279,0.96,0.968,-0.227,-0.105,0.306,-0.362,-0.881,0.92,0.39,-0.027,0.148,-0.434,0.889,0.088,0.736,0.671,-0.377,-0.681,0.628,0.104,0.626,0.773,-0.245,-0.867,0.434,0.023,0.635,0.772,-0.287,-0.894,0.344,-0.131,0.305,0.943,-0.535,-0.832,0.144,none
13.235549,0.298,0.028,0.954,0.938,-0.179,-0.297,-0.139,-0.25,-0.958,0.901,0.366,-0.234,0.942,0.215,0.256,0.648,0.751,0.125,0.544,0.221,0.809,0.701,0.713,0.037,0.534,0.154,0.831,0.52,0.808,-0.277,0.698,0.203,0.687,-0.426,0.069,0.902,-0.7,-0.613,-0.366,none
7.219181,-0.078,0.95,0.304,0.243,0.0,-0.97,0.682,-0.726,0.09,0.858,0.038,-0.513,-0.312,0.156,-0.937,0.742,0.224,0.632,-0.707,-0.0,-0.707,0.84,0.058,0.54,0.0,0.0,-1.0,0.94,-0.07,0.335,-0.8,0.6,0.0,0.886,0.088,0.455,-0.7,0.14,-0.7,paper
26.411127,0.033,0.812,0.583,0.083,0.745,0.662,-0.332,-0.899,-0.286,0.732,-0.352,0.583,0.905,0.302,-0.302,0.827,-0.198,0.526,0.424,0.566,0.707,0.858,-0.204,0.471,0.824,0.549,-0.137,0.993,-0.029,-0.114,0.254,0.889,-0.381,0.163,0.926,0.342,-0.722,0.619,0.309,rock
16.658552,-0.096,0.737,0.669,-0.379,-0.213,0.9,0.801,-0.26,-0.54,0.81,-0.476,0.343,0.691,-0.115,-0.714,0.971,-0.14,0.194,0.612,0.204,-0.764,0.89,0.031,0.454,0.327,0.793,0.513,0.891,0.033,0.452,0.111,0.776,0.621,0.07,0.883,0.464,-0.857,0.514,-0.021,scissors
24.371236,0.02,0.736,0.677,-0.097,0.717,0.69,0.509,-0.745,-0.431,0.801,-0.338,0.495,0.78,-0.501,0.376,0.886,-0.149,0.44,0.878,-0.302,0.371,0.906,-0.216,0.363,0.864,-0.356,0.356,0.974,-0.027,-0.226,0.97,-0.157,-0.185,0.035,0.937,0.349,-0.103,0.982,0.155,rock
22.360385,0.09,0.873,0.479,-0.202,-0.669,-0.715,0.581,-0.502,-0.641,0.654,-0.326,0.683,-0.821,0.227,-0.524,0.746,-0.223,0.628,-0.921,0.043,-0.388,0.796,-0.164,0.582,-0.916,0.131,-0.378,1.0,-0.015,0.019,-0.985,-0.029,0.171,0.294,0.895,0.336,-0.06,-0.857,-0.511,rock
55.452762,0.674,-0.61,0.417,0.535,0.802,-0.267,-0.618,0.419,-0.665,-0.104,-0.433,0.895,0.647,-0.56,-0.517,-0.664,-0.727,0.177,0.134,-0.313,0.94,-0.699,-0.688,0.194,0.491,-0.246,0.836,-0.78,-0.607,0.151,0.116,-0.349,0.93,-0.73,-0.555,0.399,-0.312,-0.937,-0.156,none
17.167428,-0.045,0.723,0.69,0.151,0.68,0.718,0.731,-0.351,-0.585,0.828,-0.434,0.355,0.931,-0.296,0.212,0.974,-0.095,0.208,0.953,0.136,0.272,0.874,-0.006,0.485,0.764,-0.04,0.644,0.865,0.017,0.502,0.573,0.041,0.819,0.059,0.86,0.507,-0.267,0.802,0.535,scissors
24.238452,0.302,0.13,0.944,0.0,0.986,0.164,-0.299,-0.41,-0.861,0.915,0.402,0.034,0.889,-0.381,-0.254,0.493,0.695,0.523,0.869,-0.12,0.48,0.471,0.521,0.712,0.882,-0.265,0.391,0.303,0.844,0.442,0.842,0.082,0.534,-0.268,0.285,0.92,0.835,0.358,0.418,none
31.512315,0.081,0.781,0.62,-0.942,0.202,-0.269,0.236,-0.928,-0.288,0.755,-0.302,0.582,-0.838,0.21,-0.503,0.835,-0.137,0.533,-0.979,0.0,-0.204,0.884,-0.152,0.442,-0.931,0.212,-0.296,0.989,0.028,-0.144,-0.96,0.077,0.269,0.136,0.904,0.406,-0.09,-0.807,-0.583,rock
17.741481,0.075,0.77,0.633,0.316,0.0,-0.949,0.453,-0.807,-0.38,0.778,-0.312,0.545,-0.514,0.514,-0.686,0.858,-0.143,0.494,-0.857,0.286,0.429,0.896,-0.176,0.408,-0.557,0.743,-0.371,0.984,0.007,-0.179,-0.808,0.577,0.115,0.089,0.919,0.383,-0.784,-0.196,-0.588,rock
20.291322,0.069,0.763,0.643,0.169,0.226,-0.959,0.442,-0.778,-0.446,0.78,-0.32,0.538,-0.923,0.33,0.198,0.861,-0.146,0.487,-0.862,-0.0,0.507,0.898,-0.185,0.399,-0.793,0.488,0.366,0.982,0.0,-0.187,-0.575,0.366,0.732,0.077,0.923,0.377,0.616,-0.704,-0.352,rock
54.942986,0.703,-0.58,0.412,-0.0,0.059,0.998,-0.656,0.394,-0.644,0.144,-0.135,0.98,-1.0,-0.021,-0.021,-0.787,-0.483,0.384,-0.315,0.584,-0.748,-0.785,-0.504,0.359,-0.552,0.711,-0.436,-0.774,-0.582,0.25,-0.501,0.751,0.429,-0.721,-0.57,0.395,-0.226,0.959,-0.169,none
1.685618,-0.113,0.954,0.277,-0.926,0.337,-0.168,0.765,-0.626,0.151,0.839,0.092,-0.536,0.272,0.136,-0.953,0.744,0.269,0.612,0.949,0.316,-0.0,0.861,0.105,0.498,0.784,0.196,-0.588,0.964,-0.022,0.263,0.514,0.514,-0.686,0.936,0.198,0.292,-0.758,-0.24,0.606,paper
18.698961,-0.233,0.757,0.61,-0.461,0.509,0.727,0.869,-0.441,-0.226,0.753,-0.585,0.301,0.741,-0.642,-0.198,0.953,-0.263,0.152,0.919,-0.315,-0.236,0.941,0.063,0.334,0.865,0.432,0.254,0.931,0.114,0.347,0.732,0.53,0.429,0.098,0.935,0.342,-0.343,0.938,0.046,scissors
10.091537,-0.017,0.734,0.679,0.306,0.805,0.507,0.529,-0.742,-0.411,0.798,-0.385,0.463,0.738,-0.172,0.652,0.897,-0.197,0.397,0.759,-0.042,0.65,0.895,-0.28,0.347,0.849,0.008,0.528,0.966,-0.092,-0.242,0.982,0.188,0.017,0.014,0.958,0.286,0.117,0.858,0.5,rock
27.876963,0.016,0.757,0.653,0.0,-0.684,-0.73,0.519,-0.723,-0.456,0.818,-0.405,0.409,-0.779,0.26,-0.571,0.954,-0.084,0.286,-0.962,-0.101,-0.253,0.87,-0.108,0.481,-0.764,0.204,-0.612,0.87,-0.053,0.49,-0.879,0.31,-0.362,0.136,0.838,0.528,-0.38,-0.597,-0.706,scissors
35.57343,0.521,-0.365,0.772,0.625,0.469,0.625,-0.382,0.195,-0.903,0.42,0.058,0.905,0.889,0.111,-0.444,-0.671,0.183,0.719,-0.316,0.057,0.947,0.117,0.986,0.116,0.0,0.707,0.707,-0.159,0.965,-0.208,-0.697,0.398,0.597,-0.656,-0.028,0.754,-0.68,0.68,0.272,none
11.048822,-0.143,0.765,0.628,0.171,-0.697,-0.697,0.765,-0.431,-0.478,0.774,-0.527,0.351,-0.782,0.525,-0.335,0.967,-0.184,0.175,-0.979,0.172,-0.108,0.913,0.039,0.406,-0.894,-0.023,-0.447,0.909,0.061,0.413,-0.911,-0.022,-0.411,0.083,0.9,0.429,-0.067,-0.897,-0.437,scissors
11.704716,-0.168,-0.273,0.947,-0.78,0.347,-0.52,0.546,0.227,-0.807,0.856,0.059,-0.513,0.163,-0.981,0.109,-0.532,0.71,0.462,0.813,-0.471,-0.342,-0.436,0.618,0.654,0.453,-0.453,-0.767,-0.283,0.685,0.671,-0.738,0.308,-0.6,-0.866,0.418,0.274,0.294,0.947,-0.131,none
26.521204,0.618,0.14,0.773,-0.621,0.766,0.166,-0.568,-0.496,-0.656,0.615,0.603,0.508,-0.563,-0.065,-0.824,0.067,0.637,0.768,-0.0,0.205,-0.979,0.21,0.613,0.762,-0.028,0.295,-0.955,0.112,0.849,0.516,-0.193,0.074,-0.978,0.268,-0.798,0.541,-0.621,0.365,0.694,none
43.723712,-0.681,0.504,0.531,0.124,0.99,0.062,0.816,-0.566,-0.119,0.376,0.517,-0.769,-0.508,0.161,-0.846,0.284,0.918,-0.277,0.141,0.412,-0.9,0.29,0.955,-0.066,-0.116,0.482,-0.868,0.329,0.944,0.024,-0.709,0.203,-0.675,0.525,0.717,0.459,-0.883,-0.395,-0.255,none
22.267361,-0.05,0.704,0.708,-0.452,-0.59,0.669,0.058,-0.905,-0.421,0.857,-0.407,0.317,0.343,0.054,-0.938,0.984,-0.052,0.172,0.155,0.271,-0.95,0.855,0.026,0.518,-0.036,0.962,0.272,0.844,0.054,0.534,-0.213,0.904,0.372,0.012,0.855,0.518,-0.949,0.176,-0.263,scissors
12.217425,-0.181,-0.248,0.952,0.13,-0.911,-0.391,0.529,0.219,-0.82,0.828,0.029,-0.56,-0.162,-0.162,-0.973,-0.52,0.729,0.446,-0.552,0.092,0.829,-0.413,0.636,0.652,-0.581,0.0,0.814,-0.296,0.65,0.7,-0.781,0.0,0.625,-0.876,0.433,0.21,-0.53,-0.53,-0.662,none
55.964842,0.687,-0.587,0.429,-0.911,0.13,-0.391,-0.621,0.424,-0.66,-0.041,-0.355,0.934,0.816,-0.408,-0.408,-0.733,-0.639,0.231,-0.302,-0.302,0.905,-0.751,-0.611,0.251,-0.0,0.0,1.0,-0.777,-0.607,0.167,-0.873,0.218,-0.436,-0.731,-0.56,0.39,0.272,0.724,0.634,none
0.816371,0.041,0.809,0.587,-0.816,-0.408,-0.408,0.53,-0.793,-0.301,0.728,-0.356,0.586,-0.597,-0.1,-0.796,0.83,-0.201,0.521,-0.963,-0.12,-0.241,0.862,-0.205,0.464,-0.702,0.117,-0.702,0.992,-0.032,-0.122,-0.97,0.216,-0.108,0.136,0.93,0.342,-0.786,-0.087,-0.612,rock
12.73224,0.107,-0.122,0.987,0.152,-0.967,-0.203,0.417,0.024,-0.908,0.718,0.608,-0.339,0.816,0.502,0.286,0.14,0.959,0.248,0.554,0.007,0.833,0.305,0.908,0.287,0.787,0.046,0.615,0.243,0.962,0.125,0.855,-0.151,0.497,-0.602,0.5,0.622,-0.972,-0.065,0.227,none
16.656693,-0.181,0.745,0.642,-0.321,0.115,0.94,0.856,-0.207,-0.474,0.775,-0.551,0.309,0.832,-0.292,-0.472,0.962,-0.224,0.157,0.843,0.096,-0.53,0.929,0.047,0.367,0.544,0.657,0.521,0.92,0.087,0.383,0.362,0.659,0.659,0.084,0.922,0.378,-0.693,0.714,0.102,scissors
4.121409,-0.145,0.738,0.659,0.894,0.447,-0.0,0.743,-0.606,-0.284,0.77,-0.544,0.333,-0.298,0.745,-0.596,0.974,-0.182,0.138,-0.824,0.549,0.137,0.906,0.049,0.42,-0.981,-0.196,0.0,0.906,0.068,0.418,-0.843,0.105,0.527,0.047,0.9,0.432,-0.911,-0.391,-0.13,scissors
16.166709,-0.134,0.963,0.232,0.036,-0.951,-0.308,0.746,-0.64,0.187,0.797,-0.009,-0.604,-0.817,0.056,0.573,0.832,0.207,0.516,-0.829,-0.144,-0.541,0.902,0.023,0.431,-0.849,0.045,-0.527,0.966,-0.073,0.249,-0.928,0.159,-0.336,0.916,0.134,0.377,-0.894,-0.069,-0.443,paper
2.82405,-0.129,0.938,0.321,0.154,-0.772,0.617,0.771,-0.63,0.094,0.865,0.089,-0.493,-0.0,0.371,0.928,0.712,0.281,0.644,-0.931,0.072,0.358,0.831,0.126,0.541,-0.941,0.282,0.188,0.942,0.006,0.336,-0.809,0.311,0.498,0.876,0.142,0.46,-0.931,-0.089,0.355,paper
37.124021,0.073,0.814,0.576,-0.298,-0.745,-0.596,0.182,-0.942,-0.281,0.741,-0.318,0.592,-0.588,0.196,-0.784,0.821,-0.168,0.545,-0.97,0.108,-0.216,0.863,-0.166,0.477,-0.667,0.333,-0.667,0.995,0.007,-0.101,-0.936,0.341,-0.085,0.172,0.907,0.384,-0.697,-0.398,-0.597,rock
3.093282,0.013,-0.29,0.957,-0.617,-0.772,0.154,0.172,0.175,-0.97,0.706,0.689,0.164,-0.667,0.667,0.333,-0.134,0.895,0.426,-0.95,0.173,0.259,-0.003,0.87,0.494,-0.912,0.342,0.228,-0.11,0.955,0.275,-0.864,0.393,0.314,-0.603,0.343,0.72,-0.986,-0.164,0.0,none
1.202165,0.028,0.809,0.587,-0.199,-0.896,0.398,0.543,-0.772,-0.329,0.732,-0.362,0.577,0.062,-0.0,-0.998,0.831,-0.207,0.517,-0.206,0.309,-0.928,0.861,-0.209,0.463,-0.0,-0.077,-0.997,0.994,-0.039,-0.104,-0.705,0.078,-0.705,0.131,0.92,0.368,-0.894,0.0,-0.447,rock
37.60522,0.612,-0.463,0.642,0.399,0.736,0.547,-0.487,0.289,-0.824,0.734,0.651,-0.193,0.855,0.178,0.486,0.492,0.868,-0.069,0.575,0.115,0.81,0.485,0.857,-0.175,0.726,0.063,0.685,0.042,0.901,-0.432,0.859,0.277,0.43,-0.618,-0.128,0.775,0.533,0.445,-0.719,none
23.364129,0.012,0.746,0.666,-0.096,-0.601,-0.793,0.423,-0.763,-0.488,0.827,-0.41,0.385,-0.904,0.269,-0.331,0.963,-0.078,0.257,-0.982,-0.096,-0.165,0.875,-0.075,0.478,-0.749,0.026,-0.662,0.875,-0.03,0.483,-0.762,0.027,-0.647,0.106,0.846,0.523,0.027,-0.767,-0.641,scissors
19.274291,0.126,0.749,0.651,-0.905,-0.302,-0.302,0.422,-0.771,-0.478,0.789,-0.29,0.542,-0.212,-0.212,-0.954,0.861,-0.111,0.496,-0.784,-0.196,-0.588,0.91,-0.142,0.39,-0.507,-0.169,-0.845,0.979,0.048,-0.2,-0.962,0.0,-0.275,0.075,0.905,0.42,-0.749,0.094,-0.656,rock
3.972498,0.046,0.833,0.552,0.254,-0.381,-0.889,0.499,-0.809,-0.312,0.709,-0.349,0.613,-0.667,0.477,-0.572,0.808,-0.21,0.551,-0.953,0.286,0.095,0.843,-0.2,0.498,-0.697,0.597,-0.398,0.996,-0.034,-0.081,-0.867,0.473,0.158,0.186,0.922,0.338,-0.512,-0.768,-0.384,rock
9.059796,-0.186,0.736,0.651,0.126,-0.831,-0.542,-0.268,-0.778,-0.568,0.789,-0.533,0.307,-0.64,0.587,-0.496,0.976,-0.178,0.123,-0.912,0.308,-0.27,0.898,0.111,0.427,-0.939,0.159,-0.304,0.891,0.131,0.435,-0.96,0.141,-0.243,0.026,0.909,0.416,-0.299,-0.859,-0.416,scissors
9.719524,-0.069,-0.171,0.983,-0.217,0.542,0.812,0.36,0.072,-0.93,0.591,0.391,0.706,-0.729,0.182,-0.66,-0.651,0.565,0.507,0.404,0.909,-0.101,-0.152,0.698,0.699,0.136,0.953,0.272,0.168,0.558,-0.813,0.247,0.529,-0.812,-0.703,0.569,0.426,-0.738,0.671,0.067,none
21.231304,0.27,-0.4,0.876,-0.992,-0.121,-0.044,-0.181,0.207,-0.961,0.72,0.693,-0.025,-0.473,-0.022,-0.881,0.117,0.93,0.348,0.134,0.185,-0.973,0.102,0.8,0.591,0.196,0.436,-0.878,-0.014,0.979,-0.202,-0.035,-0.311,-0.95,-0.645,0.118,0.755,-0.226,0.695,-0.683,none
8.560601,-0.142,0.78,0.61,-0.082,-0.412,-0.907,-0.331,-0.705,-0.627,0.756,-0.541,0.369,-0.892,0.297,-0.34,0.96,-0.204,0.19,-0.988,-0.152,0.038,0.919,0.017,0.393,-0.706,-0.042,-0.706,0.916,0.039,0.4,-0.807,0.09,-0.583,0.105,0.898,0.427,0.0,-0.73,-0.684,scissors
16.656839,-0.182,0.742,0.645,-0.328,0.087,0.941,0.866,-0.193,-0.461,0.782,-0.544,0.302,0.826,-0.261,-0.5,0.965,-0.213,0.152,0.829,0.092,-0.552,0.925,0.052,0.376,0.512,0.69,0.512,0.915,0.089,0.394,0.333,0.687,0.646,0.074,0.92,0.384,-0.713,0.694,0.099,scissors
21.247401,-0.192,0.746,0.638,0.136,0.917,-0.374,0.179,-0.92,-0.35,0.784,-0.542,0.302,-0.145,-0.506,0.85,0.964,-0.213,0.159,0.12,-0.531,0.839,0.924,0.054,0.378,0.576,-0.768,-0.279,0.912,0.109,0.395,0.634,-0.728,-0.261,0.077,0.921,0.382,0.903,0.395,0.169,scissors
9.564668,-0.158,0.867,0.472,0.021,-0.778,-0.628,0.006,-0.923,-0.384,0.659,-0.628,0.413,-0.769,0.489,-0.412,0.909,-0.338,0.245,-0.966,0.14,-0.216,0.975,-0.048,0.215,-0.884,0.082,-0.461,0.977,-0.014,0.212,-0.887,0.082,-0.454,0.238,0.915,0.326,-0.104,-0.857,-0.505,scissors
42.703233,-0.547,0.704,0.452,-0.959,0.28,0.04,0.749,-0.659,-0.068,0.577,-0.273,-0.77,-0.223,-0.112,-0.968,0.915,0.341,-0.214,0.037,0.0,-0.999,0.913,0.361,-0.192,-0.053,0.134,-0.99,0.824,0.474,-0.311,-0.207,0.089,-0.974,0.589,0.676,0.443,0.304,0.95,0.076,none
35.275886,0.521,-0.378,0.765,0.745,-0.331,-0.579,-0.373,0.191,-0.908,0.431,0.05,0.901,0.094,-0.656,-0.749,-0.646,0.211,0.734,-0.67,0.67,-0.318,0.121,0.989,0.086,-0.315,0.531,-0.787,-0.221,0.958,-0.182,-0.616,0.034,-0.787,-0.73,-0.05,0.681,-0.374,-0.923,0.088,none
26.348564,0.056,0.77,0.635,0.021,-0.597,-0.802,0.639,-0.564,-0.523,0.804,-0.392,0.448,-0.875,0.37,-0.311,0.942,-0.079,0.328,-0.996,0.0,-0.094,0.863,-0.158,0.479,-0.814,-0.019,-0.581,0.868,-0.102,0.487,-0.847,-0.02,-0.532,0.172,0.818,0.549,-0.04,-0.825,-0.564,scissors
15.789929,-0.225,0.17,0.959,0.713,0.672,0.201,0.675,-0.041,-0.737,0.801,-0.033,-0.597,0.302,-0.243,0.922,0.832,0.506,-0.229,-0.027,0.014,1.0,0.807,0.548,-0.22,-0.89,0.269,0.369,0.436,0.9,0.023,0.574,-0.032,0.818,-0.236,0.849,0.472,0.551,-0.189,0.813,none
0.04482,0.041,0.769,0.638,0.99,0.141,-0.0,0.488,-0.767,-0.416,0.774,-0.359,0.522,0.482,0.843,-0.241,0.864,-0.179,0.47,-0.1,0.796,0.597,0.888,-0.212,0.408,0.314,0.943,-0.105,0.983,-0.032,-0.18,-0.178,0.98,-0.089,0.095,0.937,0.336,-0.772,0.154,0.617,rock
15.147886,-0.108,0.981,0.159,0.062,-0.958,-0.281,0.389,-0.853,0.347,0.753,-0.067,-0.655,-0.802,0.022,0.596,0.87,0.146,0.471,-0.847,-0.178,-0.502,0.922,-0.043,0.385,-0.868,0.021,-0.496,0.97,-0.135,0.2,-0.945,0.142,-0.295,0.942,0.104,0.32,-0.903,-0.099,-0.417,paper
1.19827,0.036,0.799,0.601,-0.973,0.162,-0.162,0.54,-0.766,-0.349,0.74,-0.359,0.569,-0.505,-0.303,-0.808,0.838,-0.197,0.509,-0.953,-0.136,-0.272,0.869,-0.204,0.451,-0.482,-0.241,-0.843,0.992,-0.03,-0.121,-0.927,0.265,-0.265,0.113,0.919,0.377,-0.802,0.267,-0.535,rock
39.644892,0.546,0.108,0.831,0.487,0.324,-0.811,-0.346,-0.391,-0.853,0.953,0.232,-0.195,-0.211,0.493,0.844,0.821,0.555,-0.13,-0.429,0.172,0.887,0.767,0.625,-0.143,-0.296,0.033,0.955,0.544,0.705,-0.455,-0.218,0.436,0.873,0.356,-0.62,0.699,0.029,-0.238,-0.971,none
55.963386,0.685,-0.593,0.424,-0.97,0.243,0.0,-0.621,0.42,-0.661,-0.048,-0.362,0.931,0.688,0.229,-0.688,-0.73,-0.646,0.223,-0.555,-0.0,0.832,-0.746,-0.62,0.243,-0.156,0.312,0.937,-0.783,-0.6,0.165,-0.62,0.744,0.248,-0.727,-0.559,0.399,-0.745,0.596,-0.298,none
33.041046,0.054,0.848,0.527,-0.692,-0.346,0.634,0.147,-0.947,-0.285,0.688,-0.348,0.637,-0.949,0.316,-0.0,0.785,-0.214,0.582,-0.707,-0.0,0.707,0.834,-0.18,0.522,-0.557,0.743,0.371,0.998,-0.012,-0.063,-0.424,0.707,0.566,0.234,0.905,0.354,-0.707,0.707,-0.0,rock
31.68459,0.363,-0.198,0.911,-0.959,0.285,0.0,-0.316,-0.038,-0.948,0.522,0.244,0.817,-0.633,0.535,-0.56,-0.633,0.044,0.773,-0.054,0.758,-0.65,-0.444,-0.088,0.892,-0.148,0.769,-0.621,-0.439,0.111,0.891,-0.648,0.682,-0.341,-0.579,-0.018,0.815,0.783,0.024,-0.622,none
4.564602,0.078,-0.183,0.98,-0.236,-0.905,-0.354,0.251,0.079,-0.965,0.795,0.551,0.255,-0.784,0.619,0.041,-0.096,0.814,0.573,-0.795,0.0,-0.606,0.048,0.771,0.635,-0.784,0.196,-0.588,-0.044,0.896,0.442,-0.84,0.067,-0.538,-0.455,0.298,0.839,-0.756,-0.197,-0.624,none
4.187154,-0.09,0.947,0.309,0.408,0.408,-0.816,0.687,-0.722,0.082,0.864,0.062,-0.5,-0.192,-0.192,-0.962,0.726,0.242,0.643,-0.707,-0.707,0.0,0.835,0.08,0.545,0.0,-0.447,-0.894,0.942,-0.047,0.332,-0.943,0.236,0.236,0.889,0.093,0.449,-0.625,0.0,-0.781,paper
36.6025,0.574,-0.387,0.722,-0.061,0.791,0.609,-0.431,0.248,-0.868,0.514,0.007,0.858,-0.435,0.689,-0.58,0.321,0.947,0.005,0.287,-0.0,-0.958,0.374,0.925,0.072,0.852,0.248,-0.461,-0.027,0.977,-0.212,0.603,0.426,-0.674,-0.696,-0.217,0.684,-0.589,0.806,-0.062,none
38.623139,0.514,-0.158,0.843,0.954,0.118,-0.275,-0.36,0.111,-0.926,0.574,0.678,0.459,0.678,-0.702,-0.218,-0.28,0.648,0.708,-0.259,-0.432,-0.864,-0.223,0.553,0.803,-0.625,-0.095,-0.775,-0.392,0.672,0.629,-0.894,-0.289,-0.342,-0.484,-0.111,0.868,-0.833,-0.438,0.338,none
33.041309,0.064,0.832,0.551,0.425,0.585,-0.691,0.183,-0.927,-0.327,0.708,-0.342,0.618,-0.416,-0.038,0.908,0.799,-0.207,0.565,-0.358,-0.268,0.894,0.835,-0.186,0.518,-0.171,0.239,0.956,0.999,-0.022,-0.05,0.237,0.204,0.95,0.219,0.911,0.349,0.949,0.289,0.124,rock
22.313659,0.254,0.287,0.924,0.656,-0.73,0.19,-0.12,-0.611,-0.783,0.99,0.14,-0.024,-0.371,0.869,0.326,0.604,0.597,0.528,-0.916,0.396,0.058,0.566,0.488,0.664,-0.912,0.407,0.057,0.462,0.876,0.14,-0.973,0.195,-0.12,-0.082,0.377,0.923,-0.815,-0.521,0.252,none
53.412684,0.739,-0.599,0.309,-0.331,0.932,-0.15,-0.757,0.396,-0.519,0.306,0.951,-0.044,-0.966,-0.184,0.184,-0.056,0.998,0.038,-0.903,0.204,-0.379,-0.302,0.851,0.43,-0.766,0.172,-0.62,-0.816,-0.304,0.491,-0.661,0.272,-0.7,-0.75,-0.607,0.263,0.679,-0.407,0.611,none
0.057034,0.037,0.774,0.632,0.997,0.0,-0.083,0.503,-0.742,-0.443,0.772,-0.362,0.522,0.414,0.91,-0.0,0.864,-0.182,0.469,-0.07,0.772,0.632,0.886,-0.215,0.41,0.316,0.949,-0.0,0.984,-0.034,-0.177,-0.071,0.997,-0.0,0.098,0.938,0.332,-0.496,0.0,0.868,rock
26.812269,0.619,0.16,0.769,0.446,0.064,-0.893,-0.558,-0.442,-0.702,0.615,0.566,0.549,-0.822,-0.523,0.224,0.095,0.599,0.795,-0.441,-0.883,0.161,0.238,0.57,0.787,-0.619,-0.784,-0.041,0.12,0.815,0.567,-0.709,-0.63,0.315,0.338,-0.805,0.487,-0.46,0.126,-0.879,none
53.503553,0.72,-0.584,0.375,0.577,0.577,-0.577,-0.713,0.4,-0.576,0.288,0.931,0.225,0.917,-0.097,0.386,-0.378,0.855,0.355,0.44,0.88,-0.176,-0.777,-0.288,0.559,0.324,0.487,0.811,-0.552,-0.785,0.283,-0.492,-0.615,-0.615,-0.755,-0.566,0.331,0.0,-0.243,-0.97,none
7.966508,-0.063,0.235,0.97,-0.323,-0.702,-0.635,0.378,-0.386,-0.842,0.859,0.41,-0.307,0.962,0.072,0.264,0.433,0.777,0.457,0.349,-0.232,0.908,0.566,0.646,0.513,0.487,-0.401,0.776,0.339,0.79,0.511,0.899,-0.278,0.339,-0.243,0.488,0.838,0.667,0.02,-0.745,none
4.226948,-0.089,0.946,0.313,-0.236,0.236,-0.943,0.735,-0.67,0.099,0.865,0.052,-0.499,-0.236,0.236,-0.943,0.729,0.237,0.642,-0.894,0.447,0.0,0.835,0.075,0.544,-0.408,0.408,-0.816,0.942,-0.048,0.333,-0.811,0.487,0.324,0.887,0.101,0.451,-0.745,0.298,-0.596,paper
18.208507,-0.018,0.96,0.28,0.434,0.145,-0.889,0.78,-0.53,-0.334,0.846,-0.14,-0.514,-0.418,-0.847,-0.33,0.8,0.101,0.591,0.299,-0.854,-0.427,0.852,-0.083,0.517,0.086,-0.871,-0.484,0.921,-0.17,0.35,-0.099,-0.849,-0.518,0.899,0.02,0.437,0.227,-0.627,-0.746,paper
24.307261,-0.129,0.715,0.687,0.401,0.803,-0.441,0.637,-0.65,-0.414,0.83,-0.473,0.296,-0.243,-0.199,0.949,0.979,-0.13,0.159,-0.08,-0.279,0.957,0.893,0.047,0.447,0.286,-0.94,-0.184,0.882,0.101,0.461,0.332,-0.93,-0.155,0.045,0.897,0.44,0.949,0.093,0.301,scissors
39.642636,0.562,0.019,0.827,0.873,-0.218,-0.436,-0.418,-0.325,-0.848,0.914,0.323,-0.246,0.757,0.62,0.207,0.731,0.663,-0.16,0.364,0.474,0.802,0.663,0.738,-0.122,0.588,-0.037,0.808,0.431,0.789,-0.438,0.588,0.378,0.715,0.014,-0.721,0.692,-0.451,-0.282,-0.846,none
3.869539,-0.135,0.761,0.635,0.577,0.577,-0.577,0.719,-0.61,-0.334,0.757,-0.542,0.364,-0.535,0.267,-0.802,0.968,-0.186,0.166,-0.816,0.408,0.408,0.91,0.02,0.414,-0.894,-0.0,-0.447,0.911,0.044,0.411,-0.745,0.298,0.596,0.078,0.893,0.443,-0.981,-0.0,-0.196,scissors
21.821596,0.04,0.741,0.67,0.041,-0.74,-0.671,0.488,-0.725,-0.486,0.804,-0.334,0.492,-0.721,0.441,-0.534,0.889,-0.14,0.436,-0.891,0.279,-0.359,0.912,-0.21,0.352,-0.828,0.347,-0.441,0.972,-0.019,-0.236,-0.975,0.195,0.104,0.023,0.933,0.36,-0.094,-0.958,-0.27,rock
4.990431,0.045,0.739,0.673,0.045,-0.803,-0.595,0.501,-0.798,-0.335,0.798,-0.348,0.492,-0.618,0.422,-0.663,0.886,-0.156,0.437,-0.805,0.325,-0.496,0.91,-0.212,0.355,-0.752,0.301,-0.587,0.97,-0.019,-0.241,-0.982,0.179,-0.06,0.032,0.933,0.358,-0.283,-0.911,-0.299,rock
25.917309,0.001,0.807,0.59,0.098,0.811,0.577,-0.233,-0.934,-0.271,0.739,-0.378,0.558,0.748,-0.358,0.558,0.841,-0.216,0.495,0.815,-0.199,0.544,0.862,-0.239,0.447,0.848,-0.186,0.496,0.988,-0.062,-0.14,0.999,-0.0,-0.032,0.128,0.941,0.313,0.061,0.947,0.316,rock
9.58066,-0.015,0.764,0.645,0.015,0.775,0.632,0.611,-0.501,-0.613,0.773,-0.386,0.504,0.745,-0.452,0.491,0.874,-0.206,0.44,0.852,-0.274,0.446,0.885,-0.261,0.386,0.847,-0.295,0.443,0.976,-0.075,-0.204,0.988,-0.112,-0.104,0.055,0.952,0.301,0.015,0.974,0.228,rock
53.923464,0.732,-0.566,0.379,0.457,-0.762,-0.457,-0.689,0.415,-0.594,0.296,0.933,0.204,0.646,-0.0,0.763,-0.393,0.858,0.33,0.65,0.26,0.715,-0.782,-0.269,0.562,0.246,-0.049,0.968,-0.549,-0.791,0.27,0.446,0.074,0.892,-0.75,-0.586,0.307,-0.164,0.0,-0.986,none
13.108875,-0.182,0.96,0.212,-0.12,0.903,0.412,0.197,-0.946,0.258,0.776,0.025,-0.63,0.829,0.089,-0.553,0.83,0.238,0.505,0.709,0.278,0.648,0.908,0.063,0.415,0.807,0.102,0.582,0.977,-0.042,0.21,0.896,-0.0,0.443,0.916,0.187,0.354,0.814,0.187,0.55,paper
25.585284,0.442,0.622,0.647,0.768,-0.605,-0.209,-0.326,-0.864,-0.384,0.986,-0.043,0.159,-0.912,0.015,0.41,0.503,0.178,0.846,-0.958,0.034,-0.286,0.575,-0.025,0.817,-0.941,0.125,-0.314,0.533,0.356,0.768,-0.975,-0.057,-0.215,0.298,-0.25,0.921,-0.915,-0.39,-0.105,none
16.147394,-0.223,0.769,0.599,-0.256,0.683,0.683,0.901,-0.194,-0.389,0.738,-0.599,0.311,0.796,-0.557,-0.239,0.946,-0.284,0.158,0.981,-0.196,-0.0,0.951,0.034,0.307,0.864,0.314,0.393,0.942,0.082,0.325,0.497,0.497,0.711,0.124,0.937,0.328,-0.492,0.862,0.123,scissors
6.604327,0.004,0.181,0.984,0.992,0.126,0.013,0.305,-0.265,-0.915,0.895,0.445,0.032,-0.273,-0.962,0.016,0.014,0.76,0.65,-0.414,-0.828,0.378,0.068,0.636,0.769,-0.322,-0.945,-0.064,0.045,0.65,0.759,-0.736,-0.613,-0.286,-0.189,0.396,0.899,-0.523,-0.36,0.772,none
12.581168,-0.091,0.708,0.7,0.275,0.962,0.0,0.706,-0.16,-0.69,0.827,-0.457,0.326,0.302,-0.543,0.784,0.982,-0.104,0.159,0.424,-0.318,0.848,0.875,0.041,0.482,0.755,-0.654,0.05,0.869,0.054,0.491,0.773,-0.58,0.258,0.025,0.877,0.479,0.544,0.725,0.423,scissors
16.678401,-0.121,0.949,0.292,-0.485,-0.728,0.485,0.821,-0.57,0.024,0.843,-0.012,-0.537,0.0,0.97,-0.243,0.783,0.21,0.585,-0.857,0.429,0.286,0.861,0.033,0.508,-0.707,0.707,-0.0,0.94,-0.058,0.336,-0.722,0.619,0.309,0.886,0.118,0.448,-0.949,0.316,-0.0,paper
15.131412,-0.086,0.731,0.677,-0.249,0.685,0.685,0.725,-0.207,-0.657,0.81,-0.475,0.345,0.844,-0.52,-0.13,0.972,-0.136,0.192,0.972,-0.224,0.075,0.894,0.005,0.449,0.889,0.205,0.41,0.885,0.028,0.464,0.673,0.306,0.673,0.068,0.88,0.47,-0.358,0.921,0.153,scissors
5.906424,-0.074,0.949,0.306,-0.894,0.447,-0.0,0.729,-0.679,0.086,0.866,0.033,-0.499,0.267,0.535,-0.802,0.729,0.221,0.648,-0.743,0.371,0.557,0.832,0.06,0.551,-0.667,0.667,-0.333,0.937,-0.07,0.343,-0.768,0.512,0.384,0.886,0.082,0.457,-0.953,0.272,-0.136,paper
30.849331,0.363,-0.121,0.924,0.328,0.786,-0.524,-0.365,-0.15,-0.919,0.579,0.279,0.766,-0.266,-0.152,-0.952,-0.551,0.057,0.833,0.917,0.115,-0.382,-0.384,-0.158,0.91,0.954,-0.166,-0.249,-0.369,0.049,0.928,0.728,-0.485,-0.485,-0.364,-0.074,0.928,-0.204,-0.815,-0.543,none
15.63897,-0.209,0.757,0.62,0.486,0.618,-0.618,0.855,-0.171,-0.49,0.766,-0.571,0.297,-0.514,-0.057,0.856,0.958,-0.249,0.143,-0.344,-0.258,0.903,0.937,0.053,0.346,0.094,-0.94,-0.329,0.93,0.087,0.357,-0.0,-0.959,-0.282,0.089,0.932,0.352,0.989,-0.066,0.132,scissors
0.230291,0.028,0.786,0.617,0.903,-0.151,-0.402,0.531,-0.755,-0.386,0.757,-0.363,0.543,0.17,0.983,0.068,0.852,-0.192,0.487,0.05,0.654,0.755,0.876,-0.218,0.431,0.111,0.889,0.444,0.987,-0.041,-0.158,-0.328,0.786,0.524,0.118,0.941,0.317,0.728,-0.679,0.097,rock
25.390968,-0.079,0.703,0.707,0.12,0.625,0.771,0.185,-0.916,-0.355,0.805,-0.402,0.436,0.915,-0.168,0.366,0.91,-0.188,0.369,0.899,0.06,0.434,0.911,-0.277,0.306,0.966,-0.03,0.257,0.953,-0.075,-0.293,0.938,0.203,-0.281,-0.029,0.953,0.303,-0.19,0.863,0.468,rock
1.576979,-0.026,-0.278,0.96,0.834,0.321,-0.449,0.175,0.169,-0.97,0.693,0.707,0.141,-0.535,-0.802,0.267,-0.146,0.913,0.382,-0.453,-0.815,0.362,-0.023,0.886,0.464,-0.316,-0.949,0.0,-0.128,0.956,0.264,-0.572,-0.667,0.477,-0.605,0.357,0.712,0.0,-0.949,-0.316,none
15.192352,0.065,0.739,0.671,-0.236,-0.943,-0.236,0.425,-0.783,-0.455,0.801,-0.317,0.508,-0.216,0.108,-0.97,0.88,-0.132,0.456,-0.87,0.348,-0.348,0.911,-0.188,0.367,-0.429,0.286,-0.857,0.975,0.0,-0.223,-0.883,0.331,-0.331,0.043,0.924,0.379,-0.87,-0.097,-0.483,rock
6.658536,0.085,0.388,0.918,0.949,-0.233,-0.215,0.307,-0.456,-0.835,0.964,0.253,-0.079,0.296,-0.268,0.917,0.225,0.669,0.708,-0.217,-0.557,0.802,0.284,0.554,0.782,-0.014,-0.721,0.693,0.206,0.569,0.796,-0.037,-0.905,0.425,0.077,0.268,0.96,-0.252,-0.946,-0.205,none
36.601835,0.577,-0.445,0.685,-0.736,0.245,0.631,-0.446,0.279,-0.85,0.624,0.002,0.781,-0.884,0.439,-0.161,0.431,0.902,0.005,0.855,0.384,-0.347,0.395,0.913,0.104,0.261,0.877,0.403,0.01,0.985,-0.17,0.402,0.903,-0.151,-0.66,-0.188,0.727,-0.741,0.074,-0.667,none
10.601124,0.097,0.885,0.454,0.293,0.756,0.586,0.296,-0.91,-0.291,0.638,-0.335,0.694,0.77,-0.242,0.591,0.734,-0.238,0.636,0.808,-0.087,0.582,0.784,-0.167,0.598,0.872,-0.069,0.484,0.999,-0.018,0.039,0.992,0.115,-0.044,0.309,0.891,0.331,0.06,0.903,0.426,rock
38.115449,0.529,-0.342,0.777,0.905,0.374,0.201,-0.384,0.211,-0.899,0.622,0.604,0.499,-0.848,-0.511,-0.144,-0.147,0.789,0.596,-0.771,-0.08,-0.631,-0.039,0.85,0.525,-0.852,-0.099,-0.515,-0.305,0.878,0.369,-0.983,-0.086,-0.16,-0.709,-0.047,0.704,-0.617,-0.233,0.752,none
19.272793,0.082,0.769,0.633,-0.192,-0.962,0.192,0.429,-0.803,-0.414,0.782,-0.307,0.543,-0.11,0.11,-0.988,0.859,-0.137,0.493,-0.743,0.371,-0.557,0.897,-0.173,0.407,-0.272,0.136,-0.953,0.984,0.01,-0.178,-0.848,0.318,-0.424,0.085,0.918,0.387,-0.891,-0.089,-0.445,rock
51.885059,0.701,-0.656,0.28,0.923,0.231,-0.308,-0.758,0.458,-0.465,0.233,0.889,-0.394,0.44,0.88,-0.176,-0.018,0.944,-0.33,0.152,0.531,0.834,-0.043,0.951,-0.305,0.0,0.514,0.857,-0.345,0.91,-0.228,0.0,0.819,0.573,-0.798,-0.575,0.179,-0.725,-0.242,-0.645,none
2.958052,0.036,0.816,0.577,0.927,0.265,0.265,0.479,-0.811,-0.336,0.729,-0.357,0.584,0.802,0.267,-0.535,0.826,-0.202,0.525,0.236,0.236,0.943,0.858,-0.206,0.471,0.688,0.688,-0.229,0.994,-0.034,-0.108,-0.183,0.913,-0.365,0.151,0.925,0.348,-0.894,0.447,-0.0,rock
18.751324,0.283,0.852,-0.441,0.637,-0.771,-0.017,0.196,-0.272,0.942,0.103,-0.664,0.74,0.94,0.241,0.241,0.204,-0.803,0.56,0.671,0.166,0.722,0.221,-0.913,0.342,0.621,-0.015,0.784,0.471,-0.347,0.811,0.956,0.025,0.291,0.903,-0.373,0.215,-0.88,-0.41,0.241,none
35.081822,0.108,0.809,0.578,0.147,0.885,-0.442,0.225,-0.941,-0.254,0.752,-0.287,0.594,-0.667,0.333,0.667,0.822,-0.135,0.553,-0.447,-0.0,0.894,0.873,-0.135,0.469,-0.174,0.696,0.696,0.994,0.037,-0.101,-0.14,0.7,0.7,0.157,0.894,0.419,-0.316,0.949,-0.0,rock
31.817251,0.386,-0.243,0.89,-0.254,-0.254,-0.933,-0.311,0.003,-0.95,0.529,0.208,0.823,-0.576,0.795,-0.192,-0.605,0.037,0.796,-0.729,0.666,-0.159,-0.392,-0.116,0.913,-0.62,0.757,0.207,-0.431,0.082,0.899,-0.202,0.504,0.84,-0.512,0.24,0.825,0.582,-0.081,-0.809,none
39.13328,0.519,-0.012,0.854,-0.597,-0.706,-0.38,-0.397,-0.286,-0.872,0.846,0.53,-0.061,0.973,0.062,0.22,0.478,0.871,0.113,0.76,-0.039,0.648,0.429,0.88,0.205,0.814,-0.094,0.574,0.255,0.958,-0.135,0.854,0.068,0.516,-0.039,-0.682,0.73,-0.729,-0.477,-0.491,none
36.61194,0.092,0.806,0.584,-0.365,-0.913,0.183,0.173,-0.96,-0.219,0.75,-0.299,0.59,-0.11,-0.0,-0.994,0.826,-0.145,0.545,-0.688,0.229,-0.688,0.873,-0.148,0.466,-0.275,0.0,-0.962,0.994,0.026,-0.109,-0.843,0.241,-0.482,0.16,0.9,0.406,-0.894,0.0,-0.447,rock
17.187438,-0.132,0.943,0.304,0.447,-0.894,0.0,0.81,-0.586,0.022,0.85,0.005,-0.527,-0.577,0.577,-0.577,0.775,0.227,0.59,-0.949,0.0,0.316,0.855,0.051,0.517,-0.943,0.236,-0.236,0.938,-0.043,0.344,-0.883,0.331,0.331,0.877,0.131,0.462,-0.994,-0.0,-0.11,paper
13.237297,-0.115,0.488,0.865,0.564,0.734,-0.379,0.359,-0.605,-0.711,0.861,-0.481,-0.165,0.302,0.071,0.951,0.987,-0.144,-0.068,0.17,-0.237,0.957,0.959,-0.177,-0.22,0.199,-0.387,0.9,0.886,0.005,-0.463,0.52,-0.006,0.854,0.519,0.033,0.854,0.402,-0.723,-0.562,none
1.078441,-0.157,0.747,0.646,0.183,0.913,0.365,0.788,-0.532,-0.31,0.76,-0.563,0.324,0.802,-0.267,-0.535,0.971,-0.194,0.14,0.447,0.0,0.894,0.911,0.04,0.411,0.802,-0.267,0.535,0.913,0.068,0.402,-0.136,0.272,0.953,0.059,0.9,0.432,-0.772,0.617,0.154,scissors
23.109072,0.457,0.202,0.866,-0.921,0.217,0.325,-0.395,-0.543,-0.742,0.921,0.292,0.257,0.0,0.053,-0.999,0.352,0.516,0.78,0.581,0.452,-0.677,0.33,0.162,0.93,0.529,0.746,-0.404,0.217,0.603,0.768,0.378,0.756,-0.535,-0.173,0.067,0.983,-0.029,0.989,-0.145,none
9.590074,-0.016,0.95,0.311,0.264,0.704,-0.66,0.445,-0.894,0.059,0.874,-0.036,-0.485,0.078,-0.507,-0.858,0.739,0.152,0.656,0.839,-0.543,-0.049,0.826,-0.015,0.563,0.733,-0.641,-0.229,0.919,-0.139,0.368,0.543,-0.784,-0.302,0.884,0.018,0.467,0.697,-0.398,-0.597,paper
17.233662,0.08,0.765,0.639,-0.408,-0.408,-0.816,0.41,-0.791,-0.454,0.783,-0.312,0.537,-0.365,-0.183,-0.913,0.864,-0.139,0.485,-0.97,-0.0,0.243,0.899,-0.177,0.4,-0.302,0.302,-0.905,0.983,0.006,-0.186,-0.811,0.487,-0.324,0.08,0.92,0.382,-0.843,0.241,-0.482,rock
13.235821,0.356,0.248,0.901,0.938,0.044,-0.344,-0.141,-0.419,-0.897,0.939,0.193,-0.283,0.795,0.217,0.567,0.789,0.614,0.036,0.381,0.152,0.912,0.821,0.569,-0.044,0.399,0.014,0.917,0.633,0.685,-0.361,0.64,0.175,0.748,-0.295,-0.182,0.938,-0.42,-0.837,-0.352,none
12.218299,-0.166,-0.251,0.954,0.0,-0.99,-0.141,0.554,0.198,-0.809,0.828,0.047,-0.559,0.077,-0.383,-0.92,-0.521,0.722,0.456,-0.572,0.477,0.667,-0.431,0.634,0.643,-0.605,0.605,0.518,-0.323,0.645,0.693,-0.662,0.53,0.53,-0.88,0.419,0.224,-0.768,-0.0,-0.64,none
29.268891,0.517,-0.041,0.855,-0.236,0.236,0.943,-0.57,-0.235,-0.788,0.507,0.63,0.588,0.0,-0.976,0.217,0.045,0.676,0.735,-0.707,0.0,0.707,0.256,0.683,0.684,0.13,0.911,-0.391,0.105,0.91,0.402,-0.178,0.98,-0.089,-0.354,-0.137,0.925,-1.0,-0.0,-0.0,none
13.236075,0.038,0.418,0.908,0.571,0.648,-0.505,-0.141,-0.419,-0.897,0.953,-0.123,-0.276,0.388,0.086,0.918,0.955,0.293,-0.041,0.114,-0.187,0.976,0.959,0.241,-0.147,0.149,-0.273,0.95,0.805,0.396,-0.442,0.471,-0.015,0.882,0.447,-0.08,0.891,-0.03,-0.764,-0.645,none
6.011574,0.012,0.89,0.457,-0.362,-0.893,-0.266,0.655,-0.659,-0.369,0.627,-0.371,0.685,-0.452,0.136,-0.882,0.737,-0.267,0.621,-0.593,0.148,-0.791,0.78,-0.203,0.592,-0.633,-0.023,-0.774,0.998,-0.053,0.027,-0.935,-0.091,-0.342,0.296,0.903,0.312,-0.569,-0.615,-0.546,rock
5.184246,-0.087,0.946,0.313,-0.707,0.707,-0.0,0.728,-0.682,0.077,0.864,0.044,-0.502,0.183,0.365,-0.913,0.728,0.231,0.645,-0.333,0.667,0.667,0.834,0.07,0.547,0.408,0.816,-0.408,0.938,-0.052,0.342,-0.557,0.743,0.371,0.879,0.094,0.467,-0.784,0.588,-0.196,paper
31.599602,0.376,-0.188,0.907,-0.948,0.284,-0.142,-0.34,-0.092,-0.936,0.547,0.247,0.8,-0.92,0.115,-0.374,-0.592,0.065,0.803,-0.163,0.611,-0.774,-0.405,-0.077,0.911,-0.246,0.491,-0.836,-0.404,0.129,0.906,-0.724,0.155,-0.672,-0.506,-0.092,0.858,0.704,0.503,-0.503,none
7.541697,0.021,0.781,0.624,-0.465,-0.814,-0.349,0.646,-0.561,-0.517,0.762,-0.351,0.544,-0.467,0.117,-0.876,0.855,-0.183,0.486,-0.8,0.145,-0.582,0.882,-0.216,0.419,-0.671,0.067,-0.738,0.985,-0.033,-0.169,-0.968,0.061,-0.242,0.095,0.933,0.346,-0.652,-0.474,-0.592,rock
10.536855,-0.189,0.671,0.717,0.048,-0.758,-0.65,0.531,-0.757,-0.381,0.81,-0.531,0.249,-0.754,0.534,-0.383,0.983,-0.17,0.062,-0.967,0.202,-0.157,0.897,0.136,0.42,-0.903,0.035,-0.428,0.882,0.153,0.447,-0.918,0.035,-0.395,-0.024,0.921,0.388,-0.13,-0.884,-0.448,scissors
19.272925,0.073,0.767,0.638,-0.485,-0.728,0.485,0.391,-0.799,-0.457,0.783,-0.31,0.54,-0.0,-0.0,-1.0,0.863,-0.138,0.487,-0.442,0.147,-0.885,0.898,-0.18,0.403,-0.195,-0.098,-0.976,0.984,0.002,-0.181,-0.745,0.083,-0.662,0.078,0.921,0.382,-0.893,-0.064,-0.446,rock
11.622436,-0.128,0.773,0.621,-0.061,-0.633,-0.772,0.767,-0.219,-0.604,0.755,-0.556,0.347,-0.876,0.333,-0.35,0.957,-0.229,0.177,-0.99,-0.008,-0.144,0.939,-0.015,0.343,-0.789,0.035,-0.614,0.936,0.009,0.352,-0.8,0.053,-0.598,0.118,0.914,0.387,0.027,-0.805,-0.593,scissors
38.622888,0.503,-0.359,0.786,0.913,0.356,0.2,-0.369,0.117,-0.922,0.654,0.581,0.485,0.75,-0.591,-0.296,-0.218,0.659,0.719,-0.735,-0.078,-0.674,-0.163,0.672,0.722,-0.812,0.065,-0.58,-0.362,0.75,0.553,-0.96,0.061,-0.272,-0.537,-0.004,0.843,-0.796,-0.463,0.389,none
14.107512,-0.295,0.735,0.611,-0.212,-0.636,0.742,0.898,-0.097,-0.43,0.732,-0.635,0.247,0.312,0.156,-0.937,0.947,-0.31,0.083,-0.108,0.647,-0.755,0.951,0.115,0.288,-0.398,0.896,0.199,0.939,0.158,0.307,-0.424,0.707,0.566,0.077,0.96,0.269,-0.967,0.181,-0.181,scissors
3.617552,0.088,-0.241,0.967,0.494,0.0,-0.87,0.175,0.084,-0.981,0.729,0.632,0.263,-0.789,-0.598,0.143,-0.174,0.838,0.518,-0.051,-0.966,-0.254,-0.027,0.806,0.591,-0.251,-0.866,-0.433,-0.124,0.919,0.374,-0.346,-0.929,-0.13,-0.555,0.273,0.786,0.164,-0.818,-0.552,none
29.472498,0.028,0.781,0.624,-0.061,-0.943,-0.328,-0.453,-0.522,-0.723,0.771,-0.346,0.534,-0.464,0.363,-0.808,0.86,-0.172,0.48,-0.676,0.338,-0.655,0.887,-0.211,0.412,-0.629,0.203,-0.751,0.984,-0.027,-0.175,-0.953,0.136,-0.272,0.091,0.932,0.35,-0.53,-0.774,-0.346,rock
11.013206,-0.149,0.952,0.268,-0.215,0.778,0.59,0.405,-0.865,0.297,0.828,0.045,-0.56,0.834,0.294,-0.466,0.779,0.248,0.576,0.49,0.49,0.722,0.868,0.081,0.489,0.684,0.316,0.658,0.956,-0.033,0.292,0.727,0.296,0.619,0.896,0.155,0.415,0.604,0.392,0.694,paper
13.663118,0.047,0.798,0.601,-0.535,-0.267,-0.802,0.425,-0.835,-0.35,0.742,-0.35,0.572,-0.922,-0.222,-0.318,0.836,-0.195,0.513,-0.878,-0.439,-0.188,0.865,-0.211,0.456,-0.972,-0.235,-0.034,0.991,-0.035,-0.125,-0.837,-0.354,0.418,0.141,0.93,0.339,0.167,-0.467,-0.868,rock
41.173354,0.445,0.407,0.798,0.819,0.33,-0.469,-0.156,-0.701,-0.696,0.973,0.131,0.19,0.193,-0.48,0.856,0.416,0.568,0.71,0.051,-0.515,0.855,0.412,0.492,0.767,0.108,-0.578,0.809,0.289,0.784,0.55,0.348,-0.402,0.847,0.267,-0.474,0.839,0.374,-0.836,-0.403,none
1.095991,0.001,-0.281,0.96,-0.85,0.065,0.523,0.184,0.153,-0.971,0.7,0.699,0.146,0.408,0.408,-0.816,-0.143,0.907,0.395,-0.0,1.0,0.0,-0.012,0.88,0.474,0.212,0.954,-0.212,-0.115,0.954,0.276,-0.287,0.958,-0.0,-0.597,0.356,0.719,-0.743,0.669,0.0,none
36.834956,0.571,-0.474,0.671,0.974,-0.0,0.227,-0.425,0.261,-0.867,0.778,-0.576,0.251,0.972,-0.111,0.206,0.346,0.926,0.151,-0.866,0.484,-0.127,0.41,0.897,0.166,-0.11,0.95,0.292,0.044,0.989,-0.139,-0.32,0.921,0.22,-0.644,-0.11,0.757,-0.426,-0.151,0.892,none
34.09464,0.463,-0.077,0.883,-0.984,0.176,-0.0,-0.38,-0.156,-0.912,0.515,0.209,0.832,-0.771,-0.313,-0.554,-0.556,0.137,0.82,0.34,-0.808,0.482,-0.069,0.391,0.918,0.773,-0.512,0.375,0.137,0.982,0.134,-0.92,-0.383,0.077,-0.254,0.115,0.96,-0.751,0.655,0.086,none
18.256255,0.075,0.763,0.642,-0.577,0.577,0.577,0.395,-0.812,-0.43,0.78,-0.313,0.542,0.196,0.0,-0.981,0.861,-0.139,0.489,-0.816,0.408,0.408,0.898,-0.179,0.403,0.0,0.555,-0.832,0.983,0.005,-0.184,-0.743,0.557,-0.371,0.082,0.921,0.381,-0.889,0.254,-0.381,rock
21.682558,0.302,-0.38,0.874,0.917,0.36,-0.17,-0.235,0.143,-0.961,0.782,0.622,0.039,0.33,-0.235,0.914,0.149,0.889,0.433,-0.188,-0.305,0.934,0.182,0.769,0.612,-0.058,-0.457,0.888,0.054,0.992,-0.115,-0.025,0.234,0.972,-0.574,0.167,0.802,0.443,-0.634,0.634,none
10.091673,-0.007,0.759,0.651,0.282,0.758,0.588,0.493,-0.778,-0.389,0.781,-0.393,0.485,0.781,-0.238,0.577,0.883,-0.212,0.42,0.815,-0.075,0.574,0.885,-0.276,0.376,0.88,-0.074,0.469,0.973,-0.091,-0.21,0.991,0.119,-0.059,0.047,0.958,0.282,0.049,0.897,0.44,rock
17.265563,-0.352,0.448,0.822,-0.588,-0.784,-0.196,0.775,-0.396,-0.492,0.796,-0.35,-0.493,-0.518,0.207,-0.83,0.931,0.328,-0.158,-0.885,0.147,-0.442,0.89,0.441,-0.111,-0.549,0.329,-0.768,0.711,0.699,-0.081,-0.816,0.408,-0.408,0.031,0.889,0.456,-0.816,0.082,-0.572,none
17.167164,-0.05,0.743,0.668,-0.083,0.29,0.953,0.713,-0.35,-0.607,0.812,-0.454,0.367,0.933,-0.272,-0.233,0.968,-0.123,0.22,0.971,0.088,-0.221,0.888,-0.026,0.459,0.686,0.404,0.605,0.881,0.003,0.474,0.473,0.437,0.765,0.086,0.866,0.492,-0.549,0.789,0.275,scissors
56.473115,0.692,-0.579,0.43,0.116,0.349,-0.93,-0.603,0.421,-0.678,-0.017,-0.327,0.945,0.659,-0.0,-0.753,-0.736,-0.627,0.255,0.943,-0.236,0.236,-0.754,-0.596,0.274,0.832,0.0,-0.555,-0.75,-0.633,0.192,-0.688,0.688,-0.229,-0.684,-0.532,0.499,0.867,-0.308,-0.392,none
2.689435,-0.139,0.741,0.657,-0.97,0.0,0.243,0.73,-0.574,-0.372,0.764,-0.541,0.352,0.236,-0.236,-0.943,0.974,-0.178,0.141,-1.0,0.0,0.0,0.91,0.027,0.414,0.408,0.816,0.408,0.911,0.05,0.409,-0.566,0.424,0.707,0.056,0.897,0.438,-0.885,0.442,-0.147,scissors
3.457744,0.04,0.826,0.562,0.577,-0.577,-0.577,0.506,-0.809,-0.301,0.717,-0.357,0.599,-0.0,0.164,-0.986,0.815,-0.211,0.54,-0.949,0.316,0.0,0.848,-0.206,0.488,-0.0,0.447,-0.894,0.995,-0.038,-0.089,-0.707,0.566,-0.424,0.172,0.925,0.34,-0.93,0.116,-0.349,rock
31.002222,0.127,0.798,0.589,-0.092,-0.92,-0.381,0.039,-0.944,-0.327,0.743,-0.296,0.6,-0.557,0.345,-0.756,0.821,-0.15,0.551,-0.723,0.292,-0.626,0.868,-0.146,0.474,-0.699,0.202,-0.686,0.994,0.028,-0.103,-0.976,0.107,-0.187,0.176,0.902,0.394,-0.414,-0.842,-0.345,rock
9.517492,-0.189,0.796,0.576,0.034,-0.804,-0.593,-0.248,-0.861,-0.445,0.74,-0.578,0.344,-0.725,0.517,-0.456,0.955,-0.245,0.165,-0.95,0.173,-0.259,0.939,0.062,0.339,-0.899,0.127,-0.419,0.936,0.09,0.341,-0.912,0.12,-0.393,0.107,0.92,0.376,-0.174,-0.851,-0.496,scissors
16.147262,-0.224,0.767,0.601,-0.241,0.843,0.482,0.901,-0.194,-0.389,0.742,-0.595,0.309,0.744,-0.62,-0.248,0.948,-0.278,0.155,0.913,-0.183,0.365,0.949,0.04,0.313,0.963,0.12,0.241,0.94,0.082,0.33,0.549,0.329,0.768,0.119,0.936,0.331,-0.513,0.854,0.085,scissors
19.719331,0.046,0.742,0.669,0.03,0.66,0.75,0.5,-0.694,-0.518,0.822,-0.387,0.418,0.918,-0.361,0.164,0.956,-0.063,0.288,0.985,-0.0,0.17,0.857,-0.102,0.506,0.811,0.032,0.584,0.855,-0.07,0.514,0.651,0.13,0.748,0.112,0.82,0.562,-0.238,0.863,0.446,scissors
16.296362,-0.386,0.378,0.841,0.219,-0.97,0.109,0.826,-0.325,-0.461,0.814,-0.098,-0.572,-0.288,0.948,0.132,0.847,0.517,-0.122,-0.711,0.673,0.203,0.83,0.552,-0.079,-0.6,0.6,0.53,0.616,0.786,-0.048,-0.964,0.207,0.165,-0.064,0.886,0.459,-0.883,-0.421,-0.205,none
27.878539,-0.011,0.707,0.708,0.333,0.667,0.667,0.511,-0.725,-0.463,0.855,-0.383,0.35,0.436,-0.218,-0.873,0.975,-0.04,0.219,0.0,0.707,0.707,0.853,-0.021,0.522,0.0,1.0,-0.0,0.843,0.032,0.537,-0.154,0.617,0.772,0.05,0.841,0.538,-0.808,0.577,-0.115,scissors
18.720919,-0.139,0.971,0.196,-0.449,0.449,0.773,0.894,-0.424,-0.143,0.769,-0.087,-0.633,0.751,0.601,-0.275,0.869,0.153,0.471,0.205,0.741,0.639,0.917,-0.043,0.396,0.448,0.658,0.605,0.966,-0.123,0.227,0.488,0.617,0.617,0.931,0.12,0.344,0.17,0.623,0.764,paper
0.771942,0.037,0.811,0.584,-0.873,-0.436,-0.218,0.506,-0.792,-0.342,0.73,-0.359,0.582,-0.389,-0.291,-0.874,0.83,-0.202,0.519,-0.885,-0.147,-0.442,0.862,-0.209,0.461,-0.577,-0.115,-0.808,0.991,-0.036,-0.125,-0.963,0.12,-0.241,0.135,0.932,0.336,-0.83,0.069,-0.553,rock
4.518019,-0.09,0.947,0.309,-0.873,0.218,-0.436,0.728,-0.681,0.077,0.863,0.05,-0.503,-0.192,0.192,-0.962,0.729,0.234,0.644,-0.707,0.707,0.0,0.834,0.075,0.547,-0.0,0.555,-0.832,0.94,-0.047,0.338,-0.667,0.667,0.333,0.883,0.099,0.458,-0.745,0.298,-0.596,paper
4.482107,0.004,0.755,0.656,-0.768,-0.512,-0.384,0.514,-0.795,-0.321,0.778,-0.362,0.513,-0.535,0.076,-0.841,0.874,-0.183,0.45,-0.909,0.101,-0.404,0.895,-0.232,0.382,-0.749,0.094,-0.656,0.977,-0.042,-0.209,-0.986,0.076,-0.152,0.056,0.94,0.336,-0.647,-0.404,-0.647,rock
5.499815,-0.011,0.883,0.47,0.058,-0.991,-0.117,0.672,-0.682,-0.29,0.641,-0.381,0.666,-0.172,0.481,-0.86,0.751,-0.273,0.601,-0.498,0.613,-0.613,0.782,-0.223,0.582,-0.348,0.348,-0.87,0.997,-0.071,0.019,-0.815,0.358,-0.456,0.281,0.912,0.298,-0.78,-0.611,-0.136,rock
16.657507,-0.122,0.738,0.663,-0.359,-0.215,0.908,0.834,-0.246,-0.494,0.806,-0.492,0.328,0.703,-0.11,-0.703,0.972,-0.157,0.178,0.63,0.194,-0.752,0.903,0.027,0.429,0.277,0.83,0.484,0.896,0.057,0.44,0.106,0.783,0.613,0.067,0.894,0.443,-0.859,0.511,-0.02,scissors
1.847986,-0.146,0.753,0.642,-0.745,0.298,0.596,0.762,-0.562,-0.323,0.762,-0.552,0.34,0.587,0.073,-0.807,0.971,-0.185,0.15,0.426,-0.681,-0.596,0.908,0.034,0.418,0.894,0.447,0.0,0.912,0.056,0.406,0.248,0.744,0.62,0.063,0.895,0.442,-0.595,0.669,-0.446,scissors
23.275711,0.489,0.173,0.855,-0.852,-0.0,0.524,-0.413,-0.523,-0.746,0.917,0.308,0.252,0.622,0.35,-0.7,0.333,0.526,0.783,0.487,0.811,-0.324,0.289,0.151,0.945,0.316,0.947,-0.063,0.172,0.603,0.779,0.058,0.983,-0.173,-0.2,0.045,0.979,-0.214,0.964,-0.161,none
13.108018,-0.151,0.97,0.188,-0.032,0.947,0.319,0.197,-0.946,0.258,0.755,-0.013,-0.655,0.806,0.031,-0.592,0.859,0.189,0.477,0.763,0.201,0.614,0.925,0.003,0.381,0.83,0.021,0.557,0.979,-0.097,0.177,0.899,-0.065,0.433,0.94,0.152,0.305,0.858,0.127,0.498,paper
9.665335,0.082,-0.213,0.973,-0.115,-0.831,0.544,0.284,0.005,-0.959,0.717,0.517,0.468,-0.085,0.752,0.653,-0.293,0.748,0.596,-0.539,0.573,-0.617,0.183,0.784,0.593,-0.691,0.467,-0.551,0.327,0.837,-0.438,0.745,0.288,-0.601,-0.478,0.663,0.576,0.545,0.031,-0.838,none
26.857999,-0.019,0.762,0.647,0.032,0.674,0.738,0.656,-0.582,-0.48,0.816,-0.436,0.38,0.883,-0.378,0.278,0.961,-0.112,0.252,0.981,-0.008,0.191,0.892,-0.061,0.448,0.829,-0.025,0.558,0.889,-0.002,0.459,0.777,0.041,0.628,0.116,0.862,0.493,-0.074,0.849,0.523,scissors
46.274887,-0.603,0.414,0.682,-0.568,-0.821,-0.052,0.733,-0.602,-0.317,0.54,0.608,-0.582,-0.858,0.51,0.063,0.167,0.986,0.023,-0.521,-0.019,-0.853,0.214,0.968,0.132,-0.617,0.154,-0.772,0.267,0.938,0.22,-0.649,0.311,-0.694,0.426,0.746,0.511,-0.72,0.548,-0.425,none
18.85339,0.081,0.773,0.63,-0.408,0.816,-0.408,0.399,-0.815,-0.42,0.774,-0.313,0.55,-0.365,-0.183,-0.913,0.854,-0.144,0.5,-0.943,-0.236,0.236,0.894,-0.172,0.413,-0.408,0.408,-0.816,0.985,0.012,-0.173,-0.873,0.436,-0.218,0.096,0.917,0.386,-0.802,0.267,-0.535,rock
1.095264,0.001,-0.277,0.961,0.98,0.14,-0.14,0.214,0.183,-0.96,0.679,0.719,0.147,-0.0,-0.447,-0.894,-0.158,0.909,0.385,-0.743,-0.371,0.557,-0.037,0.882,0.469,-0.894,-0.447,-0.0,-0.133,0.954,0.27,-0.696,-0.174,0.696,-0.608,0.353,0.711,-0.577,-0.577,-0.577,none
14.127856,-0.057,0.962,0.266,0.466,-0.233,-0.854,-0.278,-0.959,0.06,0.845,-0.072,-0.53,-0.663,-0.725,-0.186,0.786,0.144,0.601,0.02,-0.864,-0.503,0.856,-0.028,0.517,-0.242,-0.725,-0.645,0.937,-0.129,0.326,-0.52,-0.644,-0.561,0.904,0.061,0.423,-0.211,-0.555,-0.804,paper
13.745276,-0.079,0.5,0.862,-0.949,0.316,0.0,0.473,-0.603,-0.642,0.801,-0.576,-0.164,-0.555,0.0,-0.832,0.947,-0.289,-0.143,0.207,-0.62,0.757,0.907,-0.257,-0.335,-0.406,-0.913,0.051,0.863,-0.062,-0.501,-0.0,-0.8,0.6,0.509,-0.08,0.857,-0.456,0.684,0.57,none
55.982328,0.675,-0.599,0.43,-0.949,0.0,0.316,-0.594,0.433,-0.678,-0.041,-0.354,0.935,0.707,-0.0,-0.707,-0.729,-0.644,0.231,-0.949,0.0,0.316,-0.75,-0.614,0.245,-0.728,0.485,-0.485,-0.778,-0.605,0.171,-0.808,0.115,-0.577,-0.748,-0.525,0.407,-0.073,0.587,0.807,none
18.025128,0.042,0.868,0.495,0.973,-0.068,0.219,0.41,-0.871,-0.271,0.798,-0.601,-0.042,-0.279,0.429,0.859,0.949,-0.135,0.285,-0.56,0.334,0.758,0.963,-0.157,0.218,-0.356,-0.017,0.934,0.921,0.227,0.318,-0.373,0.181,0.91,0.521,0.432,0.736,-0.285,-0.592,0.754,none
1.488484,0.045,0.802,0.596,-0.137,-0.549,0.824,0.567,-0.748,-0.345,0.741,-0.355,0.57,0.282,-0.188,-0.941,0.836,-0.191,0.515,0.236,0.236,-0.943,0.87,-0.198,0.452,0.243,-0.0,-0.97,0.992,-0.023,-0.123,-0.482,0.241,-0.843,0.123,0.919,0.374,-0.976,0.098,-0.195,rock
4.565391,0.076,-0.235,0.969,0.242,0.554,-0.796,0.164,0.024,-0.986,0.697,0.655,0.292,-0.712,-0.58,-0.396,-0.319,0.797,0.513,-0.271,-0.167,-0.948,-0.255,0.713,0.653,-0.431,0.063,-0.9,-0.315,0.805,0.502,-0.849,-0.131,-0.512,-0.543,0.208,0.814,0.54,-0.772,0.335,none
16.728916,0.076,0.764,0.64,0.0,0.894,0.447,0.422,-0.79,-0.445,0.782,-0.313,0.539,0.365,0.183,-0.913,0.861,-0.141,0.489,-0.0,0.894,0.447,0.898,-0.178,0.402,0.485,0.485,-0.728,0.983,0.006,-0.184,-0.514,0.686,-0.514,0.082,0.921,0.382,-0.912,0.342,-0.228,rock
6.094808,0.086,-0.203,0.975,0.883,0.331,0.331,0.216,0.03,-0.976,0.779,0.563,0.275,0.641,-0.543,0.543,-0.23,0.81,0.54,0.038,-0.189,0.981,-0.132,0.745,0.654,0.185,-0.325,0.927,-0.117,0.879,0.462,0.171,-0.043,0.984,-0.484,0.27,0.832,0.308,-0.231,0.923,none
5.094306,0.117,-0.139,0.983,0.464,0.881,-0.093,0.17,0.034,-0.985,0.795,0.526,0.303,0.678,-0.723,0.136,-0.217,0.77,0.6,0.749,-0.392,0.535,-0.118,0.686,0.718,0.85,-0.458,0.261,-0.11,0.816,0.567,0.56,-0.684,0.467,-0.403,0.266,0.875,0.967,-0.204,-0.153,none
8.053071,0.107,0.871,0.479,-0.068,-0.824,-0.562,0.549,-0.444,-0.708,0.663,-0.322,0.676,-0.688,0.329,-0.647,0.753,-0.215,0.622,-0.826,0.209,-0.523,0.806,-0.159,0.57,-0.814,0.196,-0.546,1.0,-0.003,0.006,-0.998,0.051,-0.02,0.278,0.893,0.355,-0.21,-0.893,-0.399,rock
31.513303,0.093,0.854,0.512,0.256,-0.476,-0.842,0.209,-0.944,-0.254,0.706,-0.319,0.632,-0.814,0.465,-0.349,0.79,-0.19,0.583,-0.974,0.225,-0.0,0.835,-0.164,0.526,-0.861,0.47,-0.196,0.999,-0.001,-0.041,-0.901,0.288,0.324,0.236,0.902,0.362,0.0,-0.944,-0.33,rock
50.3517,0.626,-0.683,0.377,0.195,-0.802,0.564,-0.732,0.451,-0.511,0.12,0.843,0.525,0.928,0.203,-0.313,-0.582,0.736,0.344,0.805,0.299,0.513,-0.509,0.792,0.338,0.897,0.175,0.406,-0.686,0.659,0.307,0.845,0.021,0.535,-0.664,-0.527,0.53,-0.877,-0.053,0.477,none
8.535666,-0.124,0.932,0.339,0.0,0.959,0.284,0.635,-0.756,0.155,0.87,0.089,-0.485,0.737,0.064,-0.673,0.708,0.277,0.649,0.708,0.223,0.67,0.82,0.117,0.56,0.854,0.037,0.52,0.931,-0.01,0.364,0.868,-0.041,0.496,0.865,0.125,0.486,0.858,0.191,0.477,paper
22.842805,0.055,0.84,0.54,0.873,-0.218,-0.436,0.587,-0.404,-0.701,0.702,-0.346,0.623,-0.298,0.745,-0.596,0.795,-0.216,0.567,-0.707,0.566,0.424,0.835,-0.195,0.515,-0.156,0.937,-0.312,0.998,-0.03,-0.062,-0.581,0.814,0.0,0.213,0.919,0.332,-0.981,-0.196,-0.0,rock
17.168592,-0.08,0.693,0.717,0.172,0.894,0.413,0.73,-0.357,-0.583,0.84,-0.446,0.308,0.7,-0.505,0.505,0.982,-0.1,0.16,0.799,-0.19,0.571,0.88,0.024,0.475,0.872,-0.327,0.363,0.87,0.038,0.491,0.809,-0.231,0.54,0.024,0.877,0.479,0.145,0.87,0.471,scissors
5.074399,0.063,-0.171,0.983,-0.636,-0.742,0.212,0.259,0.087,-0.962,0.762,0.589,0.269,0.039,0.972,-0.233,-0.26,0.787,0.559,-0.54,0.84,-0.06,-0.181,0.698,0.692,0.0,0.844,0.537,-0.188,0.81,0.555,0.62,0.744,0.248,-0.443,0.283,0.85,-0.768,0.512,-0.384,none
2.272179,-0.141,0.952,0.271,0.0,0.857,0.514,0.764,-0.63,0.139,0.822,0.112,-0.558,0.97,-0.243,-0.0,0.756,0.293,0.585,-0.566,-0.162,0.808,0.876,0.116,0.468,-0.436,-0.218,0.873,0.97,-0.008,0.242,-0.308,0.231,0.923,0.908,0.227,0.352,-0.237,0.434,0.869,paper
11.558858,-0.156,0.767,0.623,-0.066,-0.689,-0.722,0.746,-0.274,-0.608,0.764,-0.552,0.334,-0.84,0.379,-0.387,0.962,-0.217,0.164,-0.982,0.032,-0.185,0.93,0.041,0.365,-0.821,0.074,-0.566,0.926,0.062,0.372,-0.83,0.09,-0.551,0.093,0.914,0.396,-0.033,-0.809,-0.586,scissors
16.679373,-0.123,0.949,0.292,-0.302,-0.905,0.302,0.821,-0.57,0.024,0.843,-0.004,-0.538,-0.267,0.802,-0.535,0.781,0.216,0.586,-0.885,0.442,0.147,0.861,0.036,0.507,-0.743,0.557,-0.371,0.94,-0.058,0.336,-0.793,0.566,0.226,0.881,0.117,0.458,-0.954,0.212,-0.212,paper
28.455347,0.063,0.873,0.483,0.216,0.817,0.535,-0.497,-0.614,-0.614,0.689,-0.348,0.636,0.764,-0.258,0.592,0.785,-0.219,0.579,0.798,-0.102,0.594,0.824,-0.192,0.534,0.864,-0.083,0.496,0.999,-0.03,-0.036,0.994,0.105,-0.029,0.235,0.912,0.336,0.083,0.906,0.416,rock
35.591839,0.056,0.841,0.539,-0.44,-0.88,0.176,0.176,-0.961,-0.212,0.716,-0.328,0.617,-0.124,-0.0,-0.992,0.801,-0.192,0.568,-0.365,0.183,-0.913,0.844,-0.175,0.507,-0.293,-0.073,-0.953,0.998,-0.007,-0.065,-0.774,0.0,-0.633,0.216,0.906,0.363,-0.866,-0.108,-0.487,rock
15.657142,-0.139,0.963,0.23,-0.012,-0.967,-0.253,0.537,-0.772,0.339,0.794,-0.015,-0.607,-0.791,0.134,0.597,0.83,0.204,0.519,-0.865,-0.069,-0.496,0.894,0.031,0.447,-0.867,0.116,-0.485,0.966,-0.081,0.248,-0.924,0.248,-0.293,0.919,0.131,0.372,-0.921,-0.0,-0.39,paper
23.238355,0.071,0.877,0.476,0.092,0.732,0.675,0.58,-0.466,-0.668,0.646,-0.342,0.682,0.821,-0.338,0.459,0.744,-0.241,0.624,0.876,-0.142,0.462,0.791,-0.181,0.584,0.903,-0.188,0.387,0.999,-0.031,0.02,0.986,0.012,-0.168,0.294,0.901,0.32,-0.045,0.951,0.306,rock
28.341156,0.53,-0.036,0.847,0.768,0.64,0.0,-0.551,-0.216,-0.806,0.501,0.507,0.701,0.616,0.776,-0.134,-0.042,0.564,0.825,0.407,0.345,0.846,0.174,0.586,0.791,0.762,0.091,0.64,0.026,0.835,0.55,0.619,0.484,0.619,-0.378,-0.128,0.917,-0.444,-0.778,-0.444,none
20.736866,-0.081,0.725,0.684,0.103,0.795,0.598,0.178,-0.889,-0.421,0.834,-0.438,0.334,0.794,-0.421,0.44,0.977,-0.095,0.188,0.933,-0.094,0.349,0.879,0.034,0.476,0.857,-0.177,0.484,0.868,0.073,0.491,0.826,-0.123,0.55,0.04,0.869,0.493,0.093,0.837,0.539,scissors
46.784459,-0.157,-0.038,0.987,-0.522,-0.846,0.112,0.349,-0.199,-0.916,0.592,0.798,0.116,-0.568,0.81,0.148,-0.448,0.861,0.239,-0.665,0.197,-0.72,-0.387,0.806,0.449,-0.736,0.359,-0.574,-0.332,0.769,0.546,-0.751,0.473,-0.461,-0.112,0.465,0.878,-0.799,0.554,-0.233,none
24.818848,-0.21,0.749,0.628,-0.349,-0.465,0.814,0.817,-0.521,-0.248,0.779,-0.559,0.285,0.316,0.063,-0.947,0.963,-0.229,0.143,0.0,0.342,-0.94,0.945,0.025,0.327,0.391,0.651,0.651,0.924,0.116,0.363,-0.169,0.903,0.395,0.081,0.933,0.351,-0.948,0.2,-0.249,scissors
24.91386,0.424,0.369,0.827,0.846,-0.437,-0.306,-0.392,-0.655,-0.646,0.96,0.198,0.2,-0.869,-0.024,0.494,0.481,0.449,0.753,-0.996,-0.061,-0.061,0.471,0.229,0.852,-0.982,-0.179,-0.065,0.358,0.639,0.681,-0.944,-0.3,0.136,-0.027,0.016,1.0,-0.682,-0.723,0.114,none
22.269056,0.019,0.741,0.671,-0.151,-0.803,0.577,-0.093,-0.899,-0.428,0.813,-0.408,0.415,0.236,0.377,-0.896,0.957,-0.084,0.277,-0.102,0.564,-0.82,0.869,-0.099,0.484,-0.426,0.853,0.301,0.87,-0.058,0.49,-0.514,0.748,0.421,0.13,0.834,0.537,-0.981,-0.16,-0.114,scissors
26.959955,0.074,0.848,0.525,-0.092,-0.925,-0.37,-0.335,-0.906,-0.258,0.703,-0.322,0.634,-0.386,0.193,-0.902,0.79,-0.192,0.582,-0.76,0.228,-0.608,0.835,-0.167,0.524,-0.582,0.145,-0.8,0.999,-0.003,-0.051,-0.932,0.186,-0.311,0.221,0.904,0.365,-0.728,-0.485,-0.485,rock
37.603992,0.668,-0.445,0.597,-0.477,-0.778,-0.409,-0.462,0.288,-0.839,0.648,0.754,-0.112,0.892,0.015,0.452,0.354,0.935,-0.004,0.679,-0.012,0.734,0.302,0.949,-0.09,0.691,0.043,0.721,-0.098,0.964,-0.246,0.929,0.176,0.327,-0.812,-0.151,0.564,0.241,-0.096,-0.966,none
3.458689,0.052,0.813,0.579,-0.894,0.0,0.447,0.516,-0.781,-0.351,0.729,-0.346,0.59,0.0,-0.164,-0.986,0.824,-0.192,0.533,-0.707,-0.707,0.0,0.861,-0.192,0.471,0.0,-0.0,-1.0,0.994,-0.021,-0.11,-0.802,0.267,-0.535,0.154,0.922,0.356,-0.768,0.329,-0.549,rock
17.700643,0.065,0.931,0.358,-0.298,-0.951,0.077,0.732,-0.643,-0.227,0.89,-0.145,-0.433,-0.479,0.61,0.631,0.775,0.048,0.631,-0.88,0.341,-0.331,0.774,-0.053,0.631,-0.769,0.559,-0.31,0.874,-0.178,0.452,-0.761,0.637,-0.124,0.846,-0.04,0.532,-0.937,0.321,-0.138,paper
9.523473,-0.171,0.847,0.504,0.021,-0.778,-0.628,-0.142,-0.909,-0.392,0.684,-0.612,0.396,-0.754,0.503,-0.423,0.924,-0.308,0.224,-0.96,0.164,-0.227,0.968,-0.007,0.25,-0.893,0.096,-0.439,0.969,0.023,0.247,-0.897,0.085,-0.433,0.204,0.917,0.343,-0.129,-0.86,-0.494,scissors
25.388645,-0.042,0.698,0.715,0.094,0.616,0.782,0.268,-0.888,-0.374,0.814,-0.387,0.434,0.889,-0.335,0.312,0.911,-0.179,0.371,0.942,-0.092,0.322,0.91,-0.273,0.312,0.946,-0.217,0.239,0.957,-0.076,-0.282,0.949,0.0,-0.316,-0.026,0.954,0.299,-0.208,0.929,0.306,rock
9.15563,-0.138,-0.087,0.987,-0.255,-0.942,-0.217,0.527,-0.028,-0.85,0.733,0.668,0.126,-0.94,0.124,0.318,-0.227,0.813,0.536,-0.304,-0.528,0.793,0.086,0.764,0.64,0.119,-0.678,0.725,0.289,0.952,0.098,-0.806,-0.588,0.067,-0.564,0.699,0.44,-0.864,-0.275,0.422,none
32.831068,0.418,-0.209,0.884,-0.381,-0.925,-0.0,-0.321,-0.048,-0.946,0.486,0.232,0.843,-0.254,0.381,0.889,-0.664,0.039,0.747,-0.164,0.986,0.0,-0.401,-0.025,0.916,0.573,0.172,-0.802,-0.24,0.507,0.828,0.864,-0.16,0.477,-0.397,0.093,0.913,-0.696,-0.333,0.636,none
17.18806,-0.152,0.928,0.341,0.047,-0.943,-0.33,0.811,-0.585,0.011,0.868,0.046,-0.495,-0.849,0.236,0.472,0.742,0.267,0.615,-0.886,-0.039,-0.462,0.833,0.101,0.544,-0.845,0.147,-0.514,0.927,0.008,0.375,-0.933,0.3,-0.2,0.858,0.156,0.489,-0.928,0.031,-0.371,paper
4.165805,-0.168,0.722,0.671,0.324,-0.811,-0.487,0.743,-0.606,-0.284,0.78,-0.541,0.315,-0.477,0.572,-0.667,0.978,-0.172,0.115,-0.854,0.513,-0.085,0.898,0.079,0.434,-0.97,-0.0,-0.243,0.895,0.097,0.434,-0.933,0.254,0.254,0.022,0.903,0.429,-0.724,-0.634,-0.272,scissors
2.652366,-0.139,0.945,0.295,0.078,-0.778,0.623,0.752,-0.64,0.161,0.837,0.118,-0.534,-0.0,0.914,0.406,0.731,0.303,0.612,-0.776,0.564,0.282,0.85,0.138,0.508,-0.587,0.807,0.073,0.951,0.018,0.309,-0.584,0.701,0.409,0.871,0.189,0.454,-0.913,-0.0,0.409,paper
33.757304,0.465,-0.088,0.881,0.839,0.28,-0.466,-0.38,-0.197,-0.904,0.52,0.209,0.828,-0.089,-0.445,-0.891,-0.661,0.065,0.748,0.505,-0.808,0.303,-0.285,0.149,0.947,-0.267,-0.535,0.802,0.102,0.99,0.103,-0.645,-0.591,0.484,-0.232,0.158,0.96,-0.424,-0.707,-0.566,none
13.150264,0.082,0.874,0.478,-0.24,-0.904,-0.353,0.122,-0.974,-0.19,0.672,-0.314,0.67,-0.596,0.165,-0.786,0.761,-0.196,0.618,-0.71,0.105,-0.697,0.818,-0.145,0.557,-0.75,0.013,-0.661,1.0,0.014,-0.012,-0.979,-0.1,-0.176,0.259,0.888,0.379,-0.374,-0.761,-0.529,rock
9.080352,0.012,0.842,0.54,-0.015,0.807,0.59,0.647,-0.467,-0.603,0.701,-0.383,0.602,0.716,-0.448,0.535,0.808,-0.25,0.534,0.823,-0.287,0.489,0.831,-0.241,0.502,0.823,-0.284,0.492,0.994,-0.074,-0.078,0.993,-0.111,-0.048,0.189,0.937,0.294,0.06,0.971,0.233,rock
25.328335,-0.044,0.721,0.692,-0.386,-0.602,0.699,0.553,-0.678,-0.485,0.837,-0.428,0.341,0.409,0.091,-0.908,0.974,-0.09,0.207,0.229,0.331,-0.916,0.875,-0.01,0.485,-0.073,0.953,0.293,0.866,0.042,0.498,-0.264,0.88,0.396,0.067,0.866,0.496,-0.958,0.213,-0.192,scissors
9.51677,-0.183,0.772,0.609,0.104,-0.819,-0.565,-0.282,-0.806,-0.521,0.76,-0.558,0.335,-0.694,0.58,-0.428,0.965,-0.215,0.154,-0.929,0.31,-0.2,0.932,0.047,0.359,-0.942,0.069,-0.327,0.916,0.102,0.388,-0.947,0.067,-0.316,0.074,0.913,0.402,-0.206,-0.9,-0.384,scissors
36.101534,0.079,0.828,0.555,0.0,0.986,-0.164,0.171,-0.95,-0.262,0.725,-0.312,0.614,0.173,-0.259,0.95,0.807,-0.173,0.565,0.057,-0.229,0.972,0.85,-0.159,0.502,0.41,0.205,0.889,0.998,0.007,-0.069,0.658,0.366,0.658,0.194,0.902,0.387,0.402,0.884,0.241,rock
22.328655,0.024,0.819,0.573,0.0,-0.696,-0.718,0.602,-0.58,-0.548,0.723,-0.356,0.591,-0.783,0.386,-0.488,0.822,-0.207,0.53,-0.918,0.19,-0.347,0.855,-0.211,0.474,-0.876,0.288,-0.388,0.993,-0.038,-0.113,-0.979,0.121,0.165,0.158,0.93,0.332,-0.034,-0.939,-0.343,rock
7.473673,-0.177,0.702,0.69,-0.014,0.749,0.663,0.203,-0.87,-0.45,0.792,-0.545,0.274,0.797,-0.492,0.35,0.979,-0.189,0.074,0.97,-0.147,0.191,0.913,0.109,0.394,0.885,-0.044,0.464,0.904,0.123,0.409,0.856,-0.03,0.516,-0.003,0.924,0.382,0.0,0.884,0.468,scissors
24.81751,-0.227,0.755,0.615,0.535,0.802,-0.267,0.819,-0.523,-0.236,0.766,-0.576,0.287,-0.192,0.192,0.962,0.956,-0.253,0.149,-0.196,-0.0,0.981,0.941,0.048,0.334,0.124,-0.992,0.0,0.931,0.115,0.346,-0.267,-0.802,0.535,0.103,0.938,0.332,0.302,0.302,0.905,scissors
24.372011,0.089,0.718,0.691,-0.171,0.941,0.291,0.42,-0.784,-0.457,0.824,-0.305,0.477,0.451,-0.653,0.608,0.897,-0.107,0.429,0.584,-0.563,0.584,0.924,-0.185,0.336,0.596,-0.42,0.685,0.968,0.007,-0.25,0.928,-0.286,0.238,0.008,0.923,0.384,0.212,0.976,-0.042,rock
56.981856,0.726,-0.594,0.345,-0.978,0.06,0.2,-0.65,0.435,-0.623,-0.048,-0.292,0.955,-0.229,0.793,-0.564,-0.708,-0.676,0.204,0.018,0.856,-0.517,-0.837,-0.52,0.172,-0.14,0.716,0.684,-0.845,-0.521,0.122,0.0,0.746,0.666,0.029,-0.403,0.915,0.17,-0.044,-0.985,none
11.705251,-0.18,-0.247,0.952,-0.0,-1.0,0.0,0.55,0.214,-0.807,0.844,0.053,-0.534,-0.137,-0.549,-0.824,-0.515,0.715,0.473,0.484,-0.277,-0.83,-0.466,0.614,0.638,-0.575,0.287,-0.766,-0.332,0.63,0.702,-0.904,0.362,-0.226,-0.876,0.418,0.241,-0.549,0.768,-0.329,none
3.09482,0.008,-0.283,0.959,0.496,-0.135,-0.857,0.177,0.18,-0.968,0.697,0.698,0.168,-0.904,-0.362,0.226,-0.144,0.895,0.423,-0.641,-0.733,-0.229,-0.01,0.87,0.493,-0.635,-0.635,-0.44,-0.11,0.956,0.271,-0.656,-0.749,-0.094,-0.61,0.339,0.717,-0.139,-0.787,-0.602,none
30.372791,0.426,-0.062,0.903,-0.733,0.526,-0.432,-0.445,-0.225,-0.867,0.706,0.499,0.503,-0.937,-0.303,-0.171,-0.08,0.543,0.836,-0.583,0.165,-0.796,0.14,0.553,0.821,-0.736,0.24,-0.633,-0.062,0.831,0.553,-0.901,0.013,-0.433,-0.356,-0.042,0.934,0.576,0.122,-0.808,none
45.847532,-0.655,0.562,0.505,-0.51,-0.722,-0.467,0.711,-0.677,-0.191,0.38,0.537,-0.753,-0.802,0.501,-0.326,0.262,0.962,-0.071,0.295,0.541,-0.787,0.291,0.956,0.045,0.697,0.398,-0.597,0.403,0.901,0.16,0.045,0.135,-0.99,0.645,0.68,0.348,-0.521,0.217,-0.825,none
16.80583,-0.359,0.448,0.819,-0.555,0.0,-0.832,0.762,-0.403,-0.507,0.801,-0.221,-0.556,0.218,-0.436,-0.873,0.913,0.388,-0.122,-0.873,-0.436,-0.218,0.899,0.421,-0.116,-0.507,-0.169,-0.845,0.717,0.692,-0.079,-0.873,0.218,-0.436,0.042,0.894,0.446,-0.651,0.391,-0.651,none
24.576058,0.235,0.088,0.968,0.243,-0.919,-0.311,-0.238,-0.432,-0.87,0.888,0.459,0.029,-0.855,0.499,0.142,0.444,0.747,0.495,-0.977,0.195,-0.085,0.452,0.611,0.65,-0.923,0.231,-0.308,0.246,0.898,0.364,-0.926,-0.099,-0.364,-0.305,0.338,0.89,-0.757,-0.456,-0.468,none
25.328473,-0.037,0.707,0.707,-0.46,-0.541,0.704,0.553,-0.678,-0.485,0.85,-0.41,0.331,0.408,0.024,-0.913,0.978,-0.065,0.198,0.248,0.248,-0.937,0.863,0.004,0.506,-0.026,0.971,0.236,0.855,0.049,0.517,-0.233,0.908,0.349,0.045,0.857,0.513,-0.94,0.252,-0.229,scissors
10.425432,-0.144,0.962,0.232,-0.188,0.908,0.376,0.633,-0.702,0.326,0.788,0.022,-0.615,0.759,0.19,-0.623,0.824,0.215,0.524,0.652,0.386,0.652,0.905,0.031,0.425,0.823,0.206,0.529,0.972,-0.083,0.221,0.85,0.157,0.503,0.924,0.141,0.355,0.783,0.32,0.534,paper
23.238613,0.04,0.873,0.486,0.09,0.743,0.663,0.588,-0.463,-0.663,0.654,-0.363,0.664,0.797,-0.352,0.491,0.759,-0.254,0.599,0.869,-0.165,0.467,0.797,-0.205,0.568,0.889,-0.202,0.412,0.999,-0.053,-0.003,0.99,-0.009,-0.141,0.269,0.915,0.301,-0.027,0.949,0.313,rock
21.102661,0.306,-0.106,0.946,-0.97,-0.182,0.16,-0.156,-0.219,-0.963,0.889,0.456,-0.028,-0.175,0.07,-0.982,0.368,0.813,0.45,0.27,0.345,-0.899,0.399,0.647,0.65,0.24,0.597,-0.766,0.262,0.955,-0.142,-0.05,-0.114,-0.992,-0.399,0.237,0.886,-0.325,0.788,-0.523,none
11.219761,-0.097,0.955,0.281,-0.351,0.329,0.877,0.27,-0.904,0.331,0.847,0.006,-0.531,0.8,0.6,-0.022,0.767,0.208,0.607,-0.0,0.675,0.738,0.852,0.041,0.522,0.243,0.64,0.729,0.942,-0.073,0.328,0.341,0.598,0.726,0.891,0.102,0.443,0.071,0.52,0.851,paper
1.443013,0.041,0.781,0.623,0.248,0.62,-0.744,0.52,-0.778,-0.352,0.753,-0.347,0.559,-0.873,0.218,0.436,0.846,-0.177,0.502,-0.706,-0.064,0.706,0.882,-0.193,0.43,-0.492,0.573,0.655,0.989,-0.016,-0.144,-0.349,0.419,0.838,0.093,0.917,0.388,0.909,-0.404,0.101,rock
37.12224,0.074,0.82,0.568,-0.394,-0.919,0.0,0.172,-0.965,-0.199,0.736,-0.323,0.595,-0.195,-0.098,-0.976,0.82,-0.174,0.546,-0.625,0.0,-0.781,0.859,-0.172,0.483,-0.349,-0.116,-0.93,0.996,-0.001,-0.095,-0.909,0.101,-0.404,0.179,0.909,0.376,-0.807,-0.073,-0.587,rock
25.915682,0.021,0.878,0.479,0.128,0.774,0.621,-0.148,-0.958,-0.246,0.664,-0.38,0.644,0.788,-0.31,0.531,0.771,-0.263,0.579,0.843,-0.13,0.522,0.802,-0.224,0.554,0.881,-0.147,0.449,0.998,-0.067,-0.017,0.995,0.044,-0.089,0.256,0.921,0.294,0.026,0.927,0.374,rock
9.846056,-0.099,0.944,0.315,0.332,0.73,-0.597,0.509,-0.849,0.139,0.87,0.037,-0.492,0.152,-0.631,-0.761,0.731,0.231,0.643,0.776,-0.631,0.0,0.83,0.063,0.554,0.666,-0.737,-0.119,0.929,-0.051,0.367,0.519,-0.819,-0.246,0.872,0.095,0.48,0.736,-0.491,-0.466,paper
53.41254,0.763,-0.575,0.295,-0.248,0.331,-0.91,-0.757,0.396,-0.519,0.287,0.952,-0.103,-0.966,-0.259,0.0,-0.061,0.998,-0.006,-0.926,-0.168,-0.337,-0.107,0.961,0.255,-0.762,0.239,-0.602,-0.8,-0.33,0.501,-0.544,0.561,-0.624,-0.735,-0.639,0.229,0.912,0.228,0.342,none
25.915429,0.04,0.845,0.533,0.054,0.795,0.604,-0.065,-0.97,-0.236,0.702,-0.352,0.619,0.771,-0.351,0.531,0.8,-0.216,0.56,0.844,-0.177,0.506,0.836,-0.2,0.511,0.869,-0.184,0.46,0.997,-0.035,-0.068,0.997,0.0,-0.078,0.201,0.921,0.334,0.033,0.943,0.331,rock
4.564582,-0.092,0.946,0.31,-0.408,-0.816,0.408,0.728,-0.681,0.077,0.868,0.056,-0.493,-0.302,0.905,-0.302,0.723,0.237,0.649,-0.889,0.381,0.254,0.832,0.078,0.55,-0.696,0.696,-0.174,0.939,-0.042,0.341,-0.631,0.631,0.451,0.883,0.102,0.459,-0.943,0.314,-0.105,paper
8.659459,-0.165,-0.098,0.981,-0.228,0.751,0.62,0.523,0.02,-0.852,0.756,0.655,-0.002,-0.84,0.32,-0.438,-0.261,0.823,0.505,-0.187,0.583,-0.791,-0.07,0.762,0.644,-0.21,0.747,-0.63,0.167,0.972,0.163,0.877,0.392,0.28,-0.768,0.563,0.304,-0.531,0.531,0.66,none
30.929369,0.37,-0.125,0.92,-0.254,0.381,-0.889,-0.347,-0.159,-0.924,0.579,0.259,0.773,-0.444,0.634,-0.634,-0.558,0.042,0.829,0.857,0.514,-0.0,-0.386,-0.155,0.909,0.972,0.057,0.229,-0.382,0.033,0.924,0.882,0.368,-0.294,-0.376,-0.085,0.923,-0.058,0.351,-0.935,none
8.051446,0.024,0.84,0.541,-0.111,-0.83,-0.547,0.518,-0.511,-0.686,0.701,-0.374,0.607,-0.684,0.329,-0.651,0.805,-0.237,0.543,-0.816,0.206,-0.541,0.834,-0.226,0.503,-0.81,0.186,-0.557,0.995,-0.058,-0.077,-0.999,0.042,-0.025,0.191,0.931,0.309,-0.215,-0.893,-0.395,rock
22.187584,0.199,0.267,0.943,0.711,-0.452,-0.539,-0.073,-0.532,-0.843,0.984,0.152,-0.092,-0.271,0.385,0.882,0.63,0.623,0.464,-0.793,-0.076,0.604,0.659,0.5,0.562,-0.716,-0.304,0.629,0.559,0.829,-0.001,-0.771,0.068,0.634,-0.124,0.412,0.903,-0.391,-0.919,-0.059,none
7.543252,-0.003,0.767,0.642,0.0,-0.839,-0.544,0.651,-0.518,-0.554,0.776,-0.37,0.511,-0.639,0.383,-0.667,0.874,-0.191,0.447,-0.809,0.274,-0.52,0.89,-0.242,0.388,-0.763,0.254,-0.594,0.977,-0.056,-0.204,-0.99,0.125,-0.07,0.058,0.944,0.325,-0.288,-0.893,-0.346,rock
17.687268,-0.154,0.577,0.802,0.117,0.85,0.513,0.811,-0.329,-0.484,0.885,-0.417,0.206,0.654,-0.38,0.654,0.998,-0.039,0.047,0.774,-0.041,0.632,0.81,0.222,0.542,0.788,-0.456,0.415,0.778,0.244,0.578,0.787,-0.383,0.484,-0.132,0.87,0.474,0.283,0.727,0.626,scissors
38.113756,0.549,-0.48,0.684,0.232,0.846,0.481,-0.45,0.262,-0.854,0.764,0.642,0.064,-0.96,-0.266,-0.083,0.113,0.936,0.334,-0.726,-0.043,-0.687,0.157,0.967,0.2,-0.814,-0.1,-0.572,-0.176,0.984,0.013,-0.93,-0.068,-0.362,-0.673,0.003,0.74,-0.299,-0.149,0.942,none
16.295698,-0.352,0.29,0.89,0.544,0.83,0.125,0.817,-0.272,-0.509,0.751,-0.084,-0.655,0.04,-0.782,0.623,0.835,0.485,-0.26,-0.772,-0.569,-0.284,0.809,0.545,-0.222,-0.893,-0.201,-0.402,0.585,0.805,-0.104,0.357,-0.2,0.913,-0.135,0.908,0.398,0.597,-0.024,0.802,none
9.015205,-0.144,0.777,0.613,0.155,-0.736,-0.659,-0.278,-0.748,-0.603,0.756,-0.54,0.369,-0.768,0.549,-0.329,0.96,-0.205,0.189,-0.955,0.296,-0.0,0.919,0.016,0.393,-0.92,-0.035,-0.389,0.917,0.035,0.396,-0.95,-0.098,-0.295,0.111,0.898,0.426,-0.18,-0.9,-0.396,scissors
12.64372,0.102,0.889,0.446,-0.09,-0.898,-0.431,0.007,-0.992,-0.13,0.642,-0.306,0.703,-0.568,0.361,-0.74,0.731,-0.207,0.651,-0.761,0.29,-0.58,0.795,-0.133,0.592,-0.714,0.227,-0.662,0.999,0.019,0.03,-0.981,0.12,-0.155,0.304,0.875,0.376,-0.39,-0.85,-0.354,rock
22.842682,0.04,0.82,0.571,0.0,-0.53,-0.848,0.582,-0.426,-0.693,0.713,-0.353,0.605,-0.537,0.716,-0.447,0.809,-0.215,0.546,-0.867,0.473,0.158,0.845,-0.206,0.494,-0.579,0.745,-0.331,0.995,-0.034,-0.089,-0.766,0.627,0.139,0.188,0.926,0.328,-0.496,-0.868,-0.0,rock
21.247267,-0.175,0.743,0.646,0.06,0.942,-0.329,0.179,-0.92,-0.35,0.791,-0.531,0.305,-0.112,-0.544,0.832,0.966,-0.203,0.162,0.166,-0.557,0.814,0.92,0.052,0.387,0.615,-0.738,-0.277,0.908,0.107,0.405,0.665,-0.698,-0.266,0.072,0.916,0.395,0.885,0.442,0.147,scissors
16.300729,-0.289,0.505,0.813,0.486,-0.864,0.135,0.775,-0.397,-0.491,0.81,-0.245,-0.533,-0.374,0.873,0.312,0.925,0.362,-0.111,-0.707,0.424,0.566,0.916,0.387,-0.106,-0.634,0.444,0.634,0.76,0.648,-0.056,-0.879,-0.103,0.465,0.103,0.889,0.447,-0.88,-0.44,0.176,none
8.645681,0.255,0.012,0.967,-0.476,0.877,0.065,0.099,-0.347,-0.933,0.666,0.74,0.093,-0.972,-0.23,-0.053,0.075,0.926,0.37,-0.631,-0.274,-0.726,0.212,0.86,0.465,-0.713,0.053,-0.699,0.327,0.944,0.036,-0.677,0.148,-0.721,-0.562,0.674,0.479,-0.536,0.559,0.633,none
35.081297,0.092,0.821,0.563,0.272,0.953,0.136,0.155,-0.96,-0.232,0.738,-0.3,0.605,0.483,-0.097,0.87,0.813,-0.156,0.561,0.208,-0.138,0.968,0.862,-0.149,0.485,0.557,0.239,0.796,0.996,0.023,-0.085,0.686,0.514,0.514,0.176,0.899,0.401,0.254,0.933,0.254,rock
44.290488,-0.606,0.322,0.727,0.973,-0.228,-0.024,0.804,-0.42,-0.42,0.555,0.628,-0.545,-0.184,-0.642,-0.744,0.467,0.809,-0.357,-0.36,0.039,-0.932,0.509,0.784,-0.354,-0.507,0.251,-0.825,0.49,0.791,-0.367,-0.872,0.256,-0.417,-0.045,0.999,-0.028,-0.355,-0.806,0.473,none
24.870514,0.401,0.356,0.844,0.927,-0.34,-0.156,-0.371,-0.624,-0.688,0.934,0.284,0.219,-0.741,0.132,0.659,0.444,0.534,0.72,-0.999,0.037,0.012,0.417,0.297,0.859,-0.976,-0.169,0.137,0.316,0.684,0.658,-0.906,-0.233,0.354,-0.056,0.022,0.998,-0.677,-0.702,0.22,none
21.889627,0.153,-0.041,0.987,0.929,0.348,-0.128,-0.123,-0.184,-0.975,0.841,0.526,-0.128,0.373,-0.202,0.906,0.319,0.879,0.356,-0.152,-0.328,0.932,0.328,0.769,0.549,-0.096,-0.56,0.823,0.195,0.968,-0.161,-0.046,0.155,0.987,-0.503,0.294,0.812,0.412,-0.672,0.615,none
10.763123,-0.197,0.941,0.275,-0.113,0.934,0.338,0.549,-0.774,0.314,0.813,0.097,-0.574,0.762,0.109,-0.638,0.78,0.295,0.552,0.745,0.298,0.596,0.877,0.122,0.464,0.856,0.117,0.504,0.964,0.006,0.266,0.908,0.017,0.419,0.893,0.186,0.41,0.869,0.199,0.453,paper
12.069386,-0.085,0.654,0.752,-0.115,-0.44,-0.891,0.781,-0.214,-0.586,0.845,-0.452,0.286,-0.951,0.233,-0.202,0.99,-0.082,0.115,-0.989,-0.145,0.0,0.86,0.1,0.5,-0.692,-0.119,-0.712,0.842,0.116,0.527,-0.71,-0.08,-0.7,-0.036,0.875,0.482,0.225,-0.766,-0.602,scissors
11.592228,-0.033,0.947,0.319,-0.055,0.831,0.554,0.02,-0.991,0.133,0.873,-0.035,-0.486,0.887,0.13,-0.443,0.74,0.164,0.653,0.502,0.307,0.809,0.82,0.001,0.573,0.672,0.14,0.728,0.914,-0.116,0.388,0.719,0.086,0.69,0.873,0.032,0.487,0.663,0.166,0.73,paper
18.109996,0.085,0.946,0.312,0.986,0.012,0.166,0.257,-0.943,0.211,0.724,-0.688,-0.042,-0.085,0.283,0.955,0.917,-0.277,0.286,-0.575,0.175,0.799,0.927,-0.314,0.205,-0.381,-0.113,0.918,0.936,0.053,0.349,-0.394,0.109,0.913,0.651,0.342,0.677,-0.143,-0.626,0.766,none
45.763996,-0.627,0.563,0.538,0.966,-0.109,0.234,0.738,-0.652,-0.175,0.369,0.677,-0.637,0.721,-0.631,0.285,0.142,0.989,-0.05,-0.225,-0.63,0.743,0.19,0.978,0.089,-0.044,-0.592,0.804,0.396,0.907,0.144,-0.539,-0.733,0.415,0.611,0.774,0.166,-0.753,-0.402,0.521,none
24.868359,-0.172,0.747,0.643,-0.526,-0.626,0.576,0.817,-0.521,-0.248,0.789,-0.534,0.302,0.302,0.023,-0.953,0.965,-0.208,0.162,0.132,0.159,-0.978,0.926,0.026,0.376,-0.076,0.989,0.127,0.917,0.095,0.388,-0.255,0.926,0.278,0.09,0.921,0.379,-0.923,0.198,-0.33,scissors
20.803978,0.04,0.754,0.656,-0.442,-0.885,-0.147,0.523,-0.748,-0.41,0.785,-0.34,0.517,-0.209,0.07,-0.975,0.874,-0.159,0.459,-0.588,0.196,-0.784,0.899,-0.214,0.382,-0.414,-0.0,-0.91,0.978,-0.028,-0.206,-0.862,0.072,-0.503,0.055,0.935,0.351,-0.797,-0.245,-0.552,rock
8.736792,-0.189,-0.116,0.975,-0.301,0.952,0.05,0.52,0.039,-0.853,0.709,0.702,0.063,0.688,-0.229,-0.688,-0.373,0.785,0.494,0.671,0.067,-0.738,-0.14,0.749,0.647,0.548,-0.712,-0.438,0.187,0.98,0.073,-0.725,-0.645,-0.242,-0.768,0.572,0.289,-0.524,0.28,0.804,none
20.729695,0.213,0.62,0.755,-0.902,0.353,0.249,-0.152,-0.817,-0.556,0.975,-0.221,-0.002,-0.32,-0.304,-0.897,0.857,0.251,0.45,0.25,-0.043,-0.967,0.866,0.118,0.485,0.356,0.313,-0.881,0.818,0.571,-0.067,-0.553,-0.397,-0.732,0.259,0.391,0.883,-0.06,0.931,-0.36,none
20.227313,0.047,0.708,0.705,0.0,0.602,0.799,0.414,-0.786,-0.459,0.849,-0.365,0.381,0.91,-0.349,0.224,0.969,-0.027,0.247,0.987,0.012,0.16,0.844,-0.053,0.534,0.803,0.024,0.596,0.836,-0.025,0.549,0.736,0.061,0.674,0.057,0.82,0.57,-0.142,0.841,0.521,scissors
19.206749,-0.138,0.786,0.603,-0.434,-0.239,0.869,0.805,-0.519,-0.288,0.757,-0.545,0.36,0.663,-0.186,-0.725,0.948,-0.229,0.219,0.625,0.162,-0.764,0.932,-0.016,0.361,0.327,0.85,0.414,0.925,0.048,0.376,0.276,0.787,0.551,0.138,0.906,0.4,-0.845,0.531,-0.059,scissors
34.061291,0.106,0.826,0.553,-0.058,-0.812,0.58,0.235,-0.926,-0.294,0.734,-0.284,0.617,0.134,0.313,-0.94,0.805,-0.145,0.576,-0.117,0.642,-0.758,0.858,-0.132,0.497,-0.049,0.196,-0.979,0.997,0.035,-0.073,-0.627,0.289,-0.723,0.191,0.89,0.414,-0.946,-0.27,-0.18,rock
33.421537,0.485,-0.094,0.869,0.759,0.0,-0.651,-0.397,-0.185,-0.899,0.507,0.195,0.84,-0.0,-0.447,-0.894,-0.687,0.046,0.726,-0.0,-0.707,0.707,-0.275,0.155,0.949,-0.832,0.555,0.0,0.083,0.994,0.068,-0.829,-0.092,0.552,-0.263,0.133,0.956,0.555,-0.832,0.0,none
27.431911,0.058,0.817,0.574,-0.734,-0.508,-0.451,-0.309,-0.917,-0.253,0.729,-0.334,0.598,-0.628,-0.262,-0.733,0.817,-0.185,0.547,-0.769,-0.355,-0.532,0.857,-0.183,0.482,-0.784,-0.302,-0.543,0.995,-0.011,-0.1,-0.942,-0.332,-0.055,0.175,0.916,0.361,-0.453,-0.252,-0.855,rock
50.351312,0.648,-0.65,0.398,-0.499,-0.499,0.709,-0.696,0.375,-0.613,0.11,0.75,0.653,0.922,0.386,0.015,-0.691,0.582,0.428,0.689,0.211,0.693,-0.628,0.621,0.469,0.829,0.053,0.557,-0.755,0.493,0.432,0.828,0.045,0.559,-0.614,-0.559,0.558,-0.742,0.656,0.136,none
50.351098,0.735,-0.508,0.449,0.439,-0.591,0.677,-0.696,0.375,-0.613,0.166,0.726,0.667,0.928,0.313,0.202,-0.676,0.547,0.494,0.452,0.063,0.89,-0.631,0.616,0.471,0.582,-0.059,0.811,-0.81,0.437,0.391,0.768,-0.026,0.64,-0.57,-0.61,0.551,-0.843,0.509,0.176,none
0.331123,-0.096,0.95,0.296,-0.707,-0.707,-0.0,0.75,-0.655,0.094,0.848,0.103,-0.52,0.743,0.371,0.557,0.726,0.243,0.643,0.358,0.072,0.931,0.845,0.08,0.529,0.64,-0.151,0.753,0.961,-0.087,0.264,0.954,0.249,0.166,0.838,-0.164,0.52,0.062,0.124,-0.99,paper
6.201745,-0.07,0.951,0.301,0.267,0.802,-0.535,0.73,-0.675,0.11,0.862,0.035,-0.505,0.123,-0.123,-0.985,0.737,0.217,0.64,0.588,-0.196,0.784,0.84,0.054,0.54,0.832,-0.0,-0.555,0.939,-0.076,0.334,-0.333,0.667,0.667,0.892,0.075,0.445,0.0,0.555,-0.832,paper
16.147131,-0.221,0.761,0.61,-0.0,0.949,0.316,0.887,-0.156,-0.434,0.748,-0.589,0.304,0.535,-0.802,-0.267,0.95,-0.272,0.152,0.302,-0.302,0.905,0.945,0.045,0.323,1.0,0.0,0.0,0.936,0.087,0.341,0.408,0.408,0.816,0.111,0.935,0.337,-0.555,0.832,-0.0,scissors
1.701388,0.046,0.797,0.602,0.192,-0.192,0.962,0.524,-0.773,-0.358,0.743,-0.356,0.568,0.394,-0.0,-0.919,0.838,-0.191,0.512,0.408,0.816,-0.408,0.871,-0.197,0.451,0.507,0.169,-0.845,0.992,-0.022,-0.126,-0.457,0.457,-0.762,0.125,0.921,0.369,-0.894,0.358,-0.268,rock
7.991508,-0.152,0.815,0.559,0.051,0.769,0.637,-0.157,-0.861,-0.483,0.714,-0.578,0.395,0.711,-0.383,0.59,0.942,-0.259,0.211,0.881,-0.076,0.468,0.947,-0.025,0.321,0.824,-0.334,0.459,0.947,-0.004,0.32,0.806,-0.316,0.501,0.163,0.906,0.391,0.184,0.767,0.615,scissors
2.566184,-0.14,0.746,0.651,0.0,0.707,0.707,0.768,-0.553,-0.324,0.77,-0.538,0.344,0.728,-0.485,-0.485,0.975,-0.177,0.131,0.408,-0.408,0.816,0.903,0.046,0.427,0.97,0.0,0.243,0.908,0.069,0.412,0.0,0.447,0.894,0.05,0.898,0.436,-0.635,0.762,-0.127,scissors
5.439935,-0.088,0.83,0.55,0.0,-0.707,0.707,0.734,-0.597,-0.323,0.713,-0.541,0.446,0.402,0.241,-0.884,0.937,-0.218,0.275,0.0,0.581,-0.814,0.927,-0.077,0.366,-0.207,0.83,0.518,0.932,-0.041,0.359,-0.612,0.501,0.612,0.184,0.867,0.463,-0.972,0.194,-0.13,scissors
9.0784,0.075,0.863,0.499,0.053,0.866,0.497,0.474,-0.416,-0.776,0.662,-0.332,0.672,0.668,-0.393,0.632,0.756,-0.224,0.615,0.747,-0.264,0.609,0.807,-0.172,0.565,0.789,-0.194,0.583,1.0,-0.017,-0.004,0.998,-0.024,0.059,0.268,0.9,0.344,0.145,0.946,0.289,rock
3.602198,0.053,-0.282,0.958,-0.47,0.376,-0.799,0.15,0.099,-0.984,0.73,0.644,0.227,-0.785,-0.056,-0.617,-0.154,0.851,0.501,0.083,-0.745,-0.662,-0.013,0.823,0.568,-0.22,-0.55,-0.806,-0.115,0.927,0.358,-0.319,-0.774,-0.547,-0.556,0.297,0.776,0.183,-0.365,-0.913,none
8.05279,0.053,0.856,0.515,-0.126,-0.82,-0.559,0.509,-0.481,-0.714,0.683,-0.35,0.641,-0.688,0.335,-0.643,0.782,-0.224,0.582,-0.823,0.201,-0.531,0.824,-0.193,0.532,-0.816,0.188,-0.547,0.999,-0.031,-0.044,-0.999,0.045,-0.018,0.228,0.915,0.333,-0.21,-0.895,-0.393,rock
1.453722,0.032,0.803,0.596,-0.535,-0.267,0.802,0.567,-0.748,-0.345,0.736,-0.36,0.573,0.212,-0.212,-0.954,0.834,-0.2,0.514,0.316,0.0,-0.949,0.865,-0.209,0.457,0.316,-0.0,-0.949,0.993,-0.036,-0.115,-0.535,0.267,-0.802,0.126,0.923,0.363,-0.988,0.11,-0.11,rock
1.576574,-0.019,-0.31,0.951,0.953,0.136,-0.272,0.196,0.171,-0.966,0.675,0.725,0.139,-0.894,0.447,-0.0,-0.168,0.917,0.363,-0.824,-0.137,0.549,-0.042,0.894,0.446,-0.905,-0.302,0.302,-0.146,0.96,0.24,-0.824,0.137,0.549,-0.629,0.353,0.693,-0.811,-0.487,-0.324,none
17.687647,-0.15,0.773,0.616,0.104,0.994,0.041,0.811,-0.329,-0.484,0.773,-0.543,0.328,0.28,-0.466,0.839,0.958,-0.225,0.18,0.469,-0.313,0.826,0.932,0.006,0.363,0.738,-0.671,0.067,0.924,0.049,0.379,0.768,-0.624,0.144,0.109,0.915,0.389,0.619,0.642,0.452,scissors
12.069223,-0.084,0.702,0.707,-0.094,-0.609,-0.787,0.781,-0.214,-0.586,0.808,-0.501,0.309,-0.918,0.249,-0.309,0.978,-0.155,0.139,-0.988,-0.116,-0.097,0.902,0.037,0.43,-0.722,-0.01,-0.692,0.895,0.041,0.445,-0.741,0.03,-0.671,0.037,0.898,0.438,0.112,-0.757,-0.644,scissors
25.410715,-0.029,0.687,0.726,-0.532,-0.621,0.576,0.527,-0.725,-0.444,0.863,-0.391,0.32,0.212,0.085,-0.974,0.982,-0.041,0.185,-0.053,0.267,-0.962,0.849,0.019,0.529,-0.195,0.976,0.098,0.834,0.068,0.547,-0.412,0.865,0.288,0.021,0.85,0.527,-0.93,0.116,-0.349,scissors
27.367283,-0.072,0.649,0.757,0.038,0.606,0.795,0.435,-0.77,-0.466,0.893,-0.368,0.258,0.918,-0.361,0.164,0.992,0.0,0.125,0.977,0.035,0.209,0.822,0.11,0.558,0.811,0.032,0.584,0.802,0.158,0.575,0.667,0.133,0.733,-0.063,0.849,0.524,-0.251,0.846,0.47,scissors
2.35234,-0.145,0.749,0.647,-0.424,0.707,0.566,0.727,-0.611,-0.313,0.768,-0.534,0.354,0.457,-0.457,-0.762,0.975,-0.173,0.14,0.816,-0.408,-0.408,0.905,0.034,0.424,0.667,0.667,0.333,0.91,0.057,0.411,0.108,0.755,0.647,0.053,0.894,0.446,-0.784,0.588,-0.196,scissors
9.423186,0.004,0.941,0.337,-0.226,-0.793,0.566,0.391,-0.919,0.056,0.888,-0.042,-0.458,0.408,0.408,-0.816,0.717,0.148,0.681,-0.535,0.267,0.802,0.804,-0.019,0.594,-0.0,0.894,0.447,0.906,-0.147,0.398,-0.514,0.686,0.514,0.871,-0.009,0.492,-0.913,0.365,-0.183,paper
9.016579,-0.16,0.736,0.658,0.276,-0.765,-0.582,-0.292,-0.775,-0.56,0.787,-0.522,0.328,-0.658,0.658,-0.366,0.975,-0.17,0.145,-0.925,0.37,-0.092,0.898,0.078,0.434,-0.965,-0.047,-0.259,0.892,0.097,0.441,-0.987,-0.023,-0.161,0.04,0.901,0.431,-0.243,-0.925,-0.292,scissors
37.632084,0.073,0.818,0.571,-0.169,-0.845,-0.507,0.177,-0.948,-0.263,0.735,-0.324,0.596,-0.389,0.291,-0.874,0.818,-0.175,0.547,-0.927,0.265,-0.265,0.859,-0.172,0.483,-0.598,0.359,-0.717,0.996,0.0,-0.091,-0.941,0.282,-0.188,0.182,0.908,0.377,-0.808,-0.303,-0.505,rock
23.348094,-0.011,0.847,0.531,0.075,0.773,0.63,0.609,-0.556,-0.566,0.686,-0.399,0.608,0.768,-0.38,0.515,0.799,-0.263,0.54,0.851,-0.203,0.484,0.822,-0.251,0.512,0.865,-0.218,0.452,0.994,-0.085,-0.071,0.995,-0.032,-0.096,0.201,0.94,0.276,0.015,0.952,0.305,rock
9.381696,0.004,0.941,0.338,-0.226,-0.793,0.566,0.417,-0.905,0.081,0.887,-0.041,-0.461,0.0,1.0,0.0,0.72,0.147,0.678,-0.742,0.636,0.212,0.807,-0.014,0.59,-0.496,0.868,-0.0,0.909,-0.137,0.395,-0.579,0.745,0.331,0.868,-0.001,0.497,-0.829,0.552,0.092,paper
41.173729,0.103,0.618,0.779,-0.0,0.873,-0.488,0.037,-0.796,-0.604,0.988,-0.028,-0.15,0.15,-0.877,0.456,0.665,0.586,0.464,0.338,-0.694,0.635,0.675,0.523,0.52,0.332,-0.795,0.507,0.532,0.804,0.267,0.57,-0.538,0.621,0.471,-0.154,0.869,0.802,-0.371,-0.469,none
28.006578,-0.102,0.802,0.589,0.07,0.789,0.611,-0.479,-0.772,-0.417,0.699,-0.493,0.518,0.763,-0.361,0.537,0.837,-0.336,0.433,0.845,-0.189,0.5,0.818,-0.365,0.445,0.861,-0.199,0.469,0.972,-0.191,-0.14,0.997,-0.023,-0.068,0.13,0.977,0.167,0.055,0.941,0.334,rock
37.603352,0.592,-0.41,0.694,-0.988,-0.0,0.152,-0.454,0.234,-0.86,0.489,0.795,0.359,0.956,0.255,-0.149,-0.01,0.89,0.456,0.777,-0.131,0.615,0.006,0.873,0.488,0.877,0.021,0.48,-0.24,0.948,0.207,0.991,-0.086,0.102,-0.644,-0.076,0.762,-0.217,0.542,0.812,none
46.315405,-0.536,0.366,0.76,-0.703,-0.71,0.047,0.651,-0.573,-0.498,0.548,0.687,-0.478,-0.765,0.643,-0.043,0.079,0.996,0.033,-0.555,0.193,-0.809,0.142,0.975,0.169,-0.628,0.331,-0.704,0.201,0.943,0.264,-0.654,0.473,-0.591,0.38,0.732,0.565,-0.701,0.64,-0.313,none
6.60603,0.047,0.344,0.938,0.847,-0.476,-0.238,0.307,-0.456,-0.835,0.925,0.379,-0.007,0.149,-0.235,0.96,0.104,0.718,0.688,-0.376,-0.638,0.672,0.155,0.598,0.787,-0.247,-0.854,0.458,0.097,0.608,0.788,-0.329,-0.918,0.219,-0.037,0.283,0.958,-0.504,-0.857,-0.111,none
22.332542,0.089,0.878,0.471,-0.127,-0.717,-0.685,0.571,-0.503,-0.649,0.654,-0.337,0.677,-0.777,0.319,-0.543,0.751,-0.228,0.619,-0.897,0.149,-0.416,0.803,-0.17,0.572,-0.88,0.212,-0.424,1.0,-0.015,0.002,-0.992,0.052,0.115,0.283,0.898,0.337,-0.076,-0.913,-0.402,rock
37.60375,0.597,-0.456,0.66,-0.829,-0.552,-0.092,-0.454,0.273,-0.848,0.688,0.707,0.163,0.984,0.085,0.156,0.264,0.93,0.256,0.746,-0.023,0.665,0.225,0.946,0.235,0.807,-0.033,0.59,-0.033,0.997,-0.063,0.93,-0.022,0.367,-0.705,-0.067,0.706,-0.839,0.492,0.232,none
37.689312,0.08,0.814,0.576,-0.0,-0.555,-0.832,0.174,-0.938,-0.299,0.744,-0.318,0.588,-0.549,0.137,-0.824,0.824,-0.163,0.543,-0.99,0.141,-0.0,0.865,-0.167,0.473,-0.667,0.333,-0.667,0.995,0.007,-0.103,-0.936,0.351,-0.0,0.167,0.908,0.384,-0.793,-0.226,-0.566,rock
0.370088,-0.095,0.953,0.287,1.0,0.0,-0.0,0.758,-0.64,0.126,0.842,0.097,-0.53,0.921,-0.369,-0.123,0.738,0.238,0.631,0.376,-0.47,0.799,0.843,0.094,0.529,0.57,-0.38,0.728,0.962,-0.078,0.262,0.956,-0.042,0.291,0.846,-0.159,0.508,-0.176,-0.44,-0.88,paper
6.968525,-0.116,0.719,0.685,-0.129,0.735,0.666,0.437,-0.798,-0.415,0.8,-0.505,0.324,0.786,-0.572,0.235,0.978,-0.152,0.139,0.974,-0.203,0.101,0.902,0.037,0.43,0.904,0.059,0.423,0.9,0.053,0.432,0.864,0.101,0.493,0.032,0.896,0.442,-0.068,0.926,0.371,scissors
12.917785,0.083,0.862,0.5,-0.105,-0.822,-0.56,0.097,-0.986,-0.134,0.686,-0.301,0.662,-0.599,0.23,-0.767,0.771,-0.181,0.61,-0.737,0.16,-0.657,0.826,-0.144,0.544,-0.749,0.076,-0.658,1.0,0.013,-0.023,-0.985,-0.045,-0.164,0.236,0.891,0.387,-0.383,-0.782,-0.491,rock
27.874749,0.016,0.766,0.643,-0.106,-0.634,-0.766,0.486,-0.742,-0.461,0.82,-0.402,0.408,-0.842,0.353,-0.407,0.954,-0.079,0.289,-0.987,-0.026,-0.156,0.864,-0.087,0.496,-0.813,0.029,-0.581,0.87,-0.05,0.49,-0.87,0.054,-0.49,0.132,0.836,0.533,-0.139,-0.779,-0.612,scissors
16.214493,0.068,0.754,0.653,0.784,-0.588,0.196,0.384,-0.802,-0.457,0.788,-0.321,0.526,0.123,0.492,-0.862,0.869,-0.143,0.473,-0.514,0.857,0.0,0.901,-0.189,0.39,0.117,0.702,-0.702,0.98,-0.004,-0.2,-0.557,0.743,-0.371,0.065,0.925,0.375,-0.995,-0.1,0.0,rock
6.709456,-0.093,0.946,0.311,-0.04,0.93,0.364,0.692,-0.718,0.078,0.863,0.05,-0.502,0.772,0.154,-0.617,0.731,0.236,0.64,0.616,0.352,0.704,0.834,0.073,0.547,0.818,0.182,0.545,0.938,-0.057,0.343,0.796,0.1,0.597,0.88,0.098,0.464,0.758,0.292,0.583,paper
22.774702,0.008,0.724,0.689,-0.241,-0.963,-0.12,-0.154,-0.89,-0.429,0.844,-0.383,0.376,-0.131,0.131,-0.983,0.97,-0.039,0.24,-0.507,0.169,-0.845,0.85,-0.042,0.526,-0.466,0.854,-0.233,0.848,-0.001,0.531,-0.614,0.781,0.112,0.071,0.835,0.546,-0.876,-0.117,-0.467,scissors
4.380049,-0.159,0.731,0.664,0.138,-0.802,-0.581,0.727,-0.604,-0.326,0.782,-0.54,0.312,-0.675,0.571,-0.467,0.977,-0.177,0.118,-0.943,0.298,-0.149,0.899,0.075,0.43,-0.931,0.082,-0.356,0.897,0.092,0.432,-0.966,0.104,-0.235,0.027,0.902,0.43,-0.29,-0.845,-0.449,scissors
6.966726,-0.125,0.721,0.682,-0.308,0.6,0.738,0.547,-0.76,-0.351,0.801,-0.508,0.316,0.753,-0.657,0.016,0.98,-0.148,0.134,0.963,-0.249,-0.1,0.895,0.053,0.443,0.892,0.261,0.369,0.89,0.067,0.451,0.816,0.314,0.486,0.022,0.893,0.45,-0.215,0.953,0.215,scissors
15.702919,0.065,0.754,0.654,0.0,-0.832,-0.555,0.452,-0.796,-0.402,0.788,-0.322,0.525,-0.429,0.286,-0.857,0.87,-0.148,0.47,-0.928,0.371,0.0,0.902,-0.192,0.388,-0.514,0.514,-0.686,0.98,-0.006,-0.2,-0.862,0.492,-0.123,0.065,0.927,0.37,-0.862,-0.123,-0.492,rock
21.316068,0.001,0.683,0.731,0.023,-0.821,-0.57,0.472,-0.748,-0.466,0.832,-0.358,0.425,-0.644,0.443,-0.624,0.921,-0.144,0.363,-0.841,0.328,-0.431,0.927,-0.244,0.284,-0.766,0.343,-0.544,0.95,-0.045,-0.308,-0.976,0.215,-0.02,-0.054,0.941,0.334,-0.252,-0.922,-0.293,rock
19.34808,0.294,0.843,-0.45,0.302,0.302,-0.905,0.195,-0.183,0.964,0.099,-0.368,0.925,0.745,-0.331,-0.579,-0.059,-0.486,0.872,0.802,-0.535,0.267,0.386,-0.907,-0.166,-0.348,0.87,0.348,0.789,0.268,0.553,0.477,-0.572,0.667,0.9,0.02,0.435,0.909,0.101,-0.404,none
8.322091,-0.088,0.952,0.293,-0.063,0.947,0.316,0.643,-0.741,0.193,0.849,0.038,-0.527,0.828,0.027,-0.561,0.758,0.217,0.616,0.655,0.229,0.72,0.849,0.053,0.526,0.814,0.068,0.577,0.944,-0.069,0.323,0.82,-0.036,0.571,0.888,0.095,0.449,0.844,0.121,0.523,paper
3.60038,0.008,-0.24,0.971,0.382,0.261,-0.886,0.179,0.102,-0.978,0.731,0.652,0.201,-0.812,-0.564,0.149,-0.151,0.858,0.491,-0.306,-0.868,-0.391,-0.008,0.837,0.547,-0.421,-0.794,-0.438,-0.114,0.939,0.324,-0.451,-0.869,-0.201,-0.58,0.31,0.754,0.189,-0.79,-0.584,none
34.061596,0.033,0.851,0.524,0.333,-0.933,0.133,0.235,-0.926,-0.294,0.702,-0.343,0.623,0.05,0.447,-0.893,0.792,-0.211,0.573,-0.26,0.715,-0.65,0.833,-0.184,0.522,-0.11,0.331,-0.937,0.999,-0.017,-0.051,-0.697,0.398,-0.597,0.227,0.908,0.352,-0.934,-0.344,-0.098,rock
14.150407,-0.101,0.967,0.234,0.564,-0.282,-0.776,-0.174,-0.979,0.108,0.811,-0.043,-0.583,-0.654,-0.755,-0.05,0.818,0.169,0.55,-0.171,-0.855,-0.489,0.885,-0.016,0.465,-0.362,-0.749,-0.555,0.954,-0.114,0.278,-0.604,-0.652,-0.459,0.92,0.089,0.382,-0.297,-0.616,-0.73,paper
44.743555,-0.67,0.472,0.573,0.98,0.117,0.162,0.814,-0.514,-0.27,0.329,0.481,-0.813,0.963,-0.226,0.149,0.39,0.898,-0.203,0.24,-0.244,0.94,0.43,0.889,-0.156,0.606,-0.32,0.729,0.279,0.96,0.0,0.103,-0.315,-0.944,0.284,0.881,0.379,-0.804,-0.284,0.523,none
38.622613,0.511,-0.42,0.75,0.938,0.263,-0.225,-0.368,0.153,-0.917,0.614,0.568,0.548,0.381,-0.889,-0.254,-0.25,0.673,0.696,-0.813,-0.056,-0.579,-0.19,0.707,0.681,-0.854,0.005,-0.521,-0.337,0.784,0.521,-0.949,0.034,-0.314,-0.528,0.079,0.845,-0.883,-0.415,0.221,none
6.520483,0.068,0.813,0.579,-0.447,-0.894,-0.037,0.63,-0.626,-0.46,0.739,-0.323,0.592,-0.365,-0.033,-0.93,0.824,-0.175,0.539,-0.536,-0.038,-0.843,0.864,-0.18,0.471,-0.558,-0.209,-0.803,0.994,-0.009,-0.108,-0.896,-0.199,-0.398,0.153,0.917,0.369,-0.642,-0.418,-0.642,rock
7.541434,0.04,0.799,0.6,-0.696,0.696,0.174,0.666,-0.561,-0.492,0.744,-0.345,0.572,-0.196,-0.784,-0.588,0.837,-0.19,0.513,-0.408,-0.816,0.408,0.869,-0.206,0.45,-0.447,-0.894,-0.0,0.991,-0.027,-0.133,-1.0,-0.0,0.0,0.131,0.928,0.348,-0.539,0.539,-0.647,rock
23.860336,0.008,0.869,0.494,0.074,0.789,0.61,0.617,-0.571,-0.542,0.669,-0.396,0.629,0.75,-0.383,0.539,0.781,-0.273,0.562,0.839,-0.202,0.505,0.806,-0.245,0.539,0.857,-0.208,0.471,0.996,-0.085,-0.036,0.997,-0.024,-0.071,0.232,0.933,0.274,0.038,0.947,0.318,rock
16.296115,-0.405,0.332,0.852,0.878,0.305,0.369,0.868,-0.3,-0.395,0.8,0.009,-0.6,0.64,0.468,0.609,0.777,0.614,-0.14,0.039,0.389,0.92,0.756,0.652,-0.057,0.175,0.137,0.975,0.527,0.849,-0.026,-0.253,0.045,0.966,-0.155,0.879,0.452,-0.279,-0.525,0.804,none
40.152732,0.547,0.138,0.826,0.83,0.491,-0.264,-0.385,-0.418,-0.823,0.958,0.226,-0.178,-0.249,0.83,0.498,0.826,0.552,-0.114,-0.669,0.426,0.609,0.772,0.624,-0.125,-0.48,0.685,0.548,0.552,0.713,-0.433,-0.614,0.558,0.558,0.441,-0.649,0.62,0.178,0.416,0.892,none
12.04706,-0.111,0.954,0.279,0.155,0.665,-0.731,0.083,-0.98,0.179,0.843,0.005,-0.538,-0.086,-0.497,-0.864,0.77,0.212,0.602,0.825,-0.485,-0.291,0.857,0.045,0.513,0.701,-0.607,-0.374,0.944,-0.066,0.322,0.521,-0.677,-0.521,0.892,0.118,0.436,0.679,-0.277,-0.679,paper
25.409569,0.056,0.865,0.499,0.18,0.811,0.557,0.141,-0.957,-0.253,0.683,-0.347,0.643,0.74,-0.247,0.626,0.777,-0.228,0.586,0.777,-0.104,0.621,0.814,-0.194,0.548,0.846,-0.06,0.53,0.999,-0.037,-0.016,0.993,0.114,0.009,0.247,0.912,0.327,0.111,0.894,0.434,rock
9.078667,0.055,0.851,0.522,0.087,0.864,0.495,0.528,-0.473,-0.705,0.683,-0.352,0.64,0.676,-0.373,0.636,0.783,-0.228,0.579,0.755,-0.245,0.608,0.821,-0.198,0.535,0.798,-0.185,0.574,0.999,-0.036,-0.038,0.998,-0.01,0.06,0.231,0.917,0.327,0.153,0.939,0.307,rock
30.170713,0.412,-0.041,0.91,-0.221,0.411,-0.885,-0.485,-0.191,-0.853,0.547,0.629,0.552,-0.713,-0.692,0.113,0.005,0.682,0.731,-0.693,-0.256,-0.674,0.222,0.691,0.688,-0.8,-0.068,-0.595,0.076,0.931,0.357,-0.725,-0.282,-0.628,-0.364,-0.045,0.93,0.044,-0.154,-0.987,none
9.716326,-0.057,0.944,0.323,0.406,0.692,-0.597,0.487,-0.868,0.097,0.865,-0.0,-0.502,0.123,-0.638,-0.76,0.744,0.194,0.639,0.783,-0.621,0.0,0.832,0.031,0.553,0.69,-0.716,-0.106,0.93,-0.099,0.354,0.495,-0.845,-0.204,0.882,0.062,0.468,0.816,-0.421,-0.395,paper
28.933958,0.533,-0.026,0.846,0.857,0.429,0.286,-0.565,-0.259,-0.783,0.485,0.614,0.623,0.937,0.312,-0.156,0.02,0.648,0.761,0.566,0.226,0.793,0.241,0.659,0.713,0.808,0.303,0.505,0.094,0.892,0.442,0.564,0.564,0.604,-0.362,-0.154,0.92,-0.615,-0.492,0.615,none
17.251255,0.076,0.758,0.648,0.0,0.0,-1.0,0.43,-0.8,-0.418,0.785,-0.313,0.535,-0.408,0.408,-0.816,0.864,-0.138,0.483,-0.87,0.348,0.348,0.901,-0.179,0.394,-0.408,0.816,-0.408,0.982,0.006,-0.191,-0.707,0.707,0.0,0.074,0.921,0.383,-0.857,-0.0,-0.514,rock
54.504813,0.719,-0.567,0.402,0.793,0.595,0.132,-0.662,0.387,-0.642,0.043,0.663,0.747,-0.795,0.435,-0.423,-0.894,-0.165,0.417,0.893,-0.053,-0.447,-0.79,-0.475,0.387,0.321,-0.129,0.938,-0.712,-0.646,0.275,0.043,-0.022,0.999,-0.723,-0.58,0.375,0.408,-0.408,-0.816,none
13.235693,0.312,0.094,0.945,0.938,0.044,-0.344,-0.151,-0.412,-0.899,0.921,0.263,-0.287,0.874,0.245,0.42,0.737,0.674,0.062,0.456,0.239,0.857,0.769,0.638,-0.019,0.447,0.115,0.887,0.571,0.748,-0.337,0.668,0.265,0.695,-0.278,-0.084,0.957,-0.586,-0.764,-0.271,none
9.155057,-0.194,-0.078,0.978,0.789,0.614,-0.0,0.535,0.003,-0.845,0.734,0.675,0.075,0.762,-0.645,0.059,-0.322,0.783,0.533,0.246,-0.394,0.886,-0.065,0.74,0.67,0.426,-0.798,0.426,0.234,0.965,0.115,-0.616,-0.352,0.704,-0.707,0.637,0.308,-0.571,-0.26,0.779,none
36.102062,0.096,0.832,0.546,0.324,0.935,-0.144,0.168,-0.949,-0.266,0.715,-0.319,0.622,0.098,-0.148,0.984,0.796,-0.193,0.573,0.039,-0.233,0.972,0.835,-0.17,0.523,0.268,0.223,0.937,0.999,-0.006,-0.042,0.625,0.313,0.715,0.222,0.903,0.367,0.619,0.722,0.309,rock
6.012094,0.048,0.876,0.481,-0.739,-0.665,0.111,0.633,-0.659,-0.406,0.651,-0.352,0.673,-0.22,-0.251,-0.943,0.753,-0.243,0.612,-0.265,-0.189,-0.946,0.799,-0.186,0.572,-0.374,-0.442,-0.816,1.0,-0.029,0.004,-0.724,-0.414,-0.552,0.275,0.902,0.332,-0.699,-0.152,-0.699,rock
36.632327,0.081,0.824,0.561,-0.0,-0.316,-0.949,0.143,-0.963,-0.227,0.73,-0.315,0.607,-0.557,0.371,-0.743,0.811,-0.172,0.559,-0.937,0.156,0.312,0.855,-0.16,0.493,-0.667,0.667,-0.333,0.997,0.01,-0.08,-0.843,0.482,0.241,0.194,0.903,0.384,-0.784,-0.196,-0.588,rock
13.619011,-0.003,0.952,0.305,-0.237,0.043,0.97,-0.414,-0.907,-0.077,0.879,-0.066,-0.473,0.686,0.686,0.243,0.744,0.138,0.654,-0.306,0.693,0.653,0.821,-0.037,0.57,-0.065,0.737,0.672,0.912,-0.144,0.383,0.04,0.707,0.707,0.882,0.0,0.47,-0.261,0.5,0.826,paper
37.60363,0.574,-0.487,0.658,-0.967,-0.134,-0.215,-0.454,0.273,-0.848,0.611,0.756,0.234,0.976,0.211,0.049,0.066,0.942,0.33,0.747,-0.093,0.658,0.032,0.944,0.327,0.826,-0.084,0.557,-0.188,0.978,0.088,0.942,-0.114,0.315,-0.716,-0.1,0.691,-0.572,0.481,0.664,none
8.66912,-0.086,0.952,0.293,-0.199,0.896,0.398,0.631,-0.753,0.185,0.857,0.031,-0.514,0.751,0.209,-0.626,0.748,0.22,0.626,0.663,0.237,0.71,0.841,0.058,0.539,0.802,0.189,0.566,0.942,-0.072,0.328,0.814,0.153,0.56,0.885,0.096,0.455,0.759,0.345,0.552,paper
38.698138,0.586,-0.036,0.81,0.39,-0.354,-0.85,-0.418,-0.182,-0.89,0.751,0.641,0.157,0.908,0.028,0.418,0.193,0.901,0.389,0.663,-0.157,0.732,0.204,0.822,0.532,0.761,-0.28,0.586,0.024,0.955,0.296,0.843,-0.215,0.493,-0.171,-0.679,0.714,-0.793,-0.306,-0.526,none
31.002632,0.153,0.804,0.575,0.341,-0.852,-0.398,0.066,-0.956,-0.286,0.744,-0.261,0.614,-0.433,0.637,-0.637,0.811,-0.12,0.573,-0.719,0.586,-0.373,0.871,-0.107,0.48,-0.559,0.533,-0.635,0.993,0.064,-0.095,-0.875,0.462,-0.146,0.188,0.884,0.428,-0.458,-0.889,-0.027,rock
23.238733,0.032,0.87,0.492,0.083,0.749,0.657,0.588,-0.463,-0.663,0.66,-0.372,0.653,0.787,-0.377,0.488,0.766,-0.259,0.588,0.871,-0.171,0.461,0.799,-0.218,0.56,0.889,-0.205,0.41,0.998,-0.063,-0.014,0.99,-0.009,-0.14,0.259,0.921,0.291,-0.033,0.948,0.316,rock
8.062716,0.071,0.272,0.96,0.287,-0.635,0.717,0.219,-0.405,-0.888,0.931,0.189,-0.312,0.621,0.366,-0.693,0.69,0.702,0.175,0.81,0.514,0.281,0.728,0.672,0.133,0.947,0.118,0.299,0.524,0.85,0.051,0.882,0.313,0.352,-0.491,0.717,0.495,0.462,-0.137,-0.876,none
16.677757,-0.078,0.964,0.255,0.097,-0.917,-0.386,0.825,-0.564,0.036,0.81,-0.078,-0.582,-0.91,0.114,0.398,0.827,0.141,0.544,-0.881,-0.093,-0.464,0.887,-0.046,0.459,-0.842,0.089,-0.532,0.95,-0.14,0.279,-0.938,0.245,-0.245,0.919,0.076,0.388,-0.894,-0.037,-0.447,paper
11.425269,-0.048,0.957,0.287,-0.274,0.457,0.846,0.234,-0.944,0.232,0.844,-0.032,-0.536,0.84,0.531,-0.111,0.777,0.168,0.607,0.086,0.648,0.756,0.853,-0.006,0.522,0.336,0.583,0.74,0.936,-0.127,0.328,0.433,0.52,0.736,0.898,0.048,0.436,0.195,0.487,0.852,paper
53.414734,0.745,-0.576,0.338,-0.241,0.963,-0.12,-0.713,0.4,-0.576,0.256,0.95,0.181,-0.95,-0.027,-0.312,-0.269,0.932,0.245,-0.682,-0.005,-0.731,-0.788,-0.229,0.572,-0.362,0.322,-0.875,-0.534,-0.813,0.232,-0.518,0.158,-0.841,-0.768,-0.581,0.269,0.738,-0.527,0.422,none
20.389384,0.214,0.875,0.434,-0.91,0.314,0.27,0.03,-0.999,0.04,0.827,-0.54,0.155,-0.149,-0.388,-0.91,0.855,-0.125,0.503,0.417,-0.157,-0.895,0.892,-0.227,0.391,0.514,0.282,-0.81,0.926,0.364,0.097,0.038,-0.739,-0.672,0.551,0.374,0.746,-0.05,0.942,-0.332,none
38.626567,0.703,0.013,0.711,-0.074,-0.37,-0.926,-0.359,-0.045,-0.932,0.694,0.694,0.193,0.927,0.056,0.371,0.036,0.873,0.486,0.695,-0.174,0.698,0.071,0.752,0.655,0.702,-0.358,0.616,-0.041,0.891,0.452,0.859,-0.285,0.425,-0.2,-0.573,0.795,-0.844,-0.215,-0.492,none
19.27227,0.092,0.769,0.632,-0.333,0.667,-0.667,0.399,-0.815,-0.42,0.778,-0.302,0.551,-0.243,-0.0,-0.97,0.856,-0.133,0.499,-0.832,-0.0,0.555,0.896,-0.166,0.411,-0.408,0.408,-0.816,0.985,0.017,-0.174,-0.784,0.588,-0.196,0.092,0.914,0.395,-0.802,0.267,-0.535,rock
11.70643,-0.174,-0.257,0.95,-0.577,-0.577,-0.577,0.534,0.206,-0.82,0.844,0.034,-0.535,0.127,-0.762,-0.635,-0.524,0.715,0.462,0.745,-0.298,-0.596,-0.464,0.61,0.643,-0.707,0.707,0.0,-0.349,0.619,0.704,-0.596,0.298,0.745,-0.868,0.44,0.231,-0.267,0.802,-0.535,none
41.6872,-0.32,0.793,0.519,0.313,0.662,-0.681,0.615,-0.769,-0.173,0.679,-0.365,-0.638,-0.414,-0.891,0.188,0.976,0.208,-0.064,0.192,-0.981,-0.006,0.985,0.162,-0.066,0.209,-0.973,-0.096,0.917,0.361,-0.169,0.363,-0.818,0.447,0.714,0.425,0.556,0.829,-0.299,-0.474,none
21.75723,-0.235,0.752,0.616,-0.311,-0.498,0.809,0.322,-0.875,-0.361,0.76,-0.586,0.28,0.484,0.161,-0.86,0.954,-0.265,0.141,0.204,0.543,-0.815,0.942,0.069,0.329,-0.064,0.893,0.446,0.928,0.126,0.351,-0.298,0.745,0.596,0.091,0.939,0.33,-0.971,0.221,-0.088,scissors
52.902928,0.726,-0.654,0.21,-0.489,0.837,-0.245,-0.761,0.442,-0.475,0.239,0.933,-0.269,-0.766,-0.455,0.455,-0.044,0.977,-0.208,-0.81,-0.54,0.228,0.024,0.995,-0.095,-0.099,0.989,-0.111,-0.575,0.791,0.207,-0.796,-0.004,-0.605,-0.772,-0.601,0.206,0.488,-0.617,0.617,none
35.591971,0.087,0.837,0.54,-0.487,-0.811,0.324,0.151,-0.946,-0.286,0.722,-0.31,0.618,0.098,-0.195,-0.976,0.801,-0.169,0.574,0.0,0.0,-1.0,0.852,-0.153,0.501,-0.056,-0.282,-0.958,0.997,0.017,-0.076,-0.609,-0.166,-0.775,0.21,0.898,0.387,-0.885,0.042,-0.464,rock
24.07144,0.306,0.108,0.946,0.928,0.371,-0.0,-0.305,-0.427,-0.851,0.911,0.41,0.045,-0.905,-0.302,-0.302,0.463,0.7,0.544,-0.447,-0.0,0.894,0.406,0.502,0.764,0.77,-0.237,0.592,0.243,0.836,0.492,0.173,0.259,0.95,-0.286,0.264,0.921,0.0,-0.707,0.707,none
3.62087,-0.141,0.754,0.641,0.267,-0.535,-0.802,0.764,-0.579,-0.285,0.762,-0.541,0.356,-0.566,0.424,-0.707,0.971,-0.183,0.153,-0.953,0.272,0.136,0.908,0.027,0.417,-0.894,0.0,-0.447,0.91,0.048,0.412,-0.943,0.236,0.236,0.066,0.894,0.443,-0.816,-0.408,-0.408,scissors
42.193194,-0.493,0.739,0.46,0.747,0.117,-0.654,0.71,-0.7,-0.073,0.649,-0.244,-0.721,-0.14,-0.652,0.745,0.932,0.341,-0.125,0.034,-0.707,0.707,0.937,0.327,-0.121,0.14,-0.84,0.525,0.853,0.452,-0.26,0.145,-0.8,0.582,0.627,0.598,0.499,0.235,-0.118,-0.965,none
3.971139,0.044,0.821,0.569,0.206,-0.309,-0.928,0.533,-0.786,-0.314,0.718,-0.351,0.602,-0.655,0.573,-0.492,0.816,-0.205,0.541,-0.923,0.308,0.231,0.851,-0.201,0.485,-0.683,0.683,-0.256,0.995,-0.031,-0.098,-0.83,0.484,0.277,0.169,0.924,0.344,-0.228,-0.912,-0.342,rock
18.69758,-0.212,0.782,0.585,-0.215,0.732,0.646,0.869,-0.441,-0.226,0.734,-0.593,0.331,0.78,-0.624,0.045,0.941,-0.282,0.185,0.96,-0.281,-0.0,0.949,0.027,0.313,0.927,0.203,0.316,0.943,0.078,0.323,0.832,0.292,0.472,0.141,0.93,0.34,-0.188,0.96,0.209,scissors
24.659534,0.339,0.151,0.928,0.386,-0.884,-0.264,-0.323,-0.469,-0.822,0.93,0.362,0.071,-0.809,0.482,0.336,0.497,0.659,0.565,-0.971,0.23,0.06,0.53,0.48,0.699,-0.974,0.18,-0.135,0.331,0.816,0.473,-0.985,-0.153,-0.076,-0.203,0.289,0.935,-0.832,-0.55,-0.069,none
35.08311,0.123,0.811,0.571,0.514,-0.0,-0.857,0.227,-0.936,-0.268,0.745,-0.276,0.607,-0.647,0.539,-0.539,0.813,-0.133,0.566,-0.928,0.309,0.206,0.867,-0.126,0.482,-0.598,0.717,-0.359,0.995,0.044,-0.085,-0.786,0.612,0.087,0.171,0.889,0.424,-0.68,-0.68,-0.272,rock
27.878665,-0.018,0.707,0.707,0.333,0.667,0.667,0.553,-0.702,-0.448,0.857,-0.384,0.344,0.365,0.183,-0.913,0.976,-0.04,0.213,-0.0,0.707,-0.707,0.852,-0.013,0.523,-0.316,0.949,0.0,0.843,0.043,0.537,-0.298,0.596,0.745,0.045,0.844,0.535,-0.843,0.527,-0.105,scissors
37.632449,0.092,0.817,0.569,-0.447,-0.894,-0.0,0.242,-0.944,-0.223,0.739,-0.309,0.598,-0.275,0.0,-0.962,0.818,-0.161,0.553,-0.943,0.236,-0.236,0.862,-0.158,0.482,-0.365,0.183,-0.913,0.996,0.015,-0.091,-0.927,0.265,-0.265,0.179,0.902,0.392,-0.843,0.105,-0.527,rock
56.983156,0.726,-0.611,0.316,0.667,-0.333,-0.667,-0.644,0.464,-0.609,-0.073,-0.341,0.937,0.365,0.183,-0.913,-0.689,-0.699,0.192,0.0,0.0,1.0,-0.817,-0.549,0.178,0.488,-0.39,0.781,-0.803,-0.588,0.1,0.381,0.0,0.925,-0.008,-0.58,0.814,-0.786,-0.618,0.0,none
42.703619,-0.545,0.689,0.478,-0.928,0.371,0.0,0.726,-0.681,-0.102,0.57,-0.303,-0.764,0.54,-0.159,-0.826,0.917,0.349,-0.192,-0.301,-0.05,-0.952,0.892,0.427,-0.151,-0.441,0.161,-0.883,0.775,0.587,-0.234,-0.691,0.032,-0.723,0.596,0.682,0.424,0.664,0.62,0.418,none
28.427294,0.528,-0.064,0.847,0.394,-0.919,0.0,-0.57,-0.216,-0.793,0.478,0.536,0.696,0.898,0.438,0.044,-0.036,0.585,0.81,0.558,-0.177,0.811,0.179,0.607,0.774,0.709,-0.315,0.63,0.023,0.85,0.526,0.609,0.244,0.755,-0.381,-0.127,0.916,-0.829,-0.296,-0.474,none
8.412137,-0.105,0.945,0.31,0.115,0.951,0.288,0.636,-0.753,0.17,0.856,0.061,-0.514,0.772,-0.055,-0.634,0.739,0.247,0.627,0.732,0.122,0.671,0.838,0.085,0.539,0.845,-0.063,0.532,0.94,-0.043,0.338,0.845,-0.169,0.507,0.88,0.109,0.462,0.887,-0.0,0.463,paper
36.601089,0.611,-0.374,0.698,-0.97,0.243,-0.0,-0.485,0.147,-0.862,0.624,0.397,0.672,0.947,-0.068,-0.316,0.319,0.866,0.385,0.925,-0.37,0.086,0.327,0.913,0.245,0.93,-0.32,0.182,0.033,0.999,-0.002,0.977,-0.189,-0.098,-0.595,-0.062,0.802,0.206,0.442,-0.873,none
18.88112,0.185,0.846,-0.5,0.755,-0.656,-0.0,0.281,-0.219,0.934,0.009,-0.391,0.92,0.983,0.152,-0.103,0.0,-0.649,0.761,0.878,0.181,0.443,-0.086,-0.775,0.626,-0.139,0.715,-0.685,0.363,0.001,0.932,0.892,-0.306,-0.331,0.909,-0.362,0.207,0.616,-0.119,-0.778,none
14.681389,0.07,0.771,0.632,0.108,-0.647,0.755,0.444,-0.776,-0.448,0.777,-0.318,0.543,0.359,0.359,-0.862,0.858,-0.15,0.491,0.111,0.889,-0.444,0.891,-0.186,0.413,0.248,0.331,-0.91,0.985,-0.007,-0.17,-0.441,0.515,-0.735,0.094,0.924,0.371,-1.0,0.0,-0.0,rock
36.602372,0.583,-0.426,0.692,-0.355,0.924,0.142,-0.432,0.266,-0.862,0.542,-0.065,0.838,0.418,0.488,-0.766,0.349,0.937,0.023,-0.554,0.031,-0.832,0.381,0.919,0.097,0.788,0.501,-0.358,-0.011,0.983,-0.186,0.488,0.793,-0.366,-0.68,-0.206,0.703,-0.728,0.485,0.485,none
17.701902,0.143,0.924,0.354,-0.345,-0.938,0.011,0.577,-0.678,-0.455,0.902,-0.197,-0.384,-0.755,0.442,0.484,0.708,0.013,0.706,-0.831,0.188,-0.523,0.749,-0.163,0.643,-0.761,0.381,-0.525,0.826,-0.264,0.498,-0.822,0.462,-0.334,0.83,-0.155,0.536,-0.897,0.237,-0.374,paper
3.05076,0.04,0.82,0.57,0.577,-0.577,-0.577,0.512,-0.807,-0.292,0.723,-0.358,0.591,-0.348,0.348,-0.87,0.821,-0.206,0.532,-0.913,0.365,0.183,0.853,-0.206,0.479,-0.371,0.743,-0.557,0.994,-0.036,-0.1,-0.762,0.635,-0.127,0.161,0.926,0.342,-0.937,-0.156,-0.312,rock
22.841118,0.063,0.855,0.515,-0.328,-0.681,-0.655,0.559,-0.457,-0.692,0.675,-0.344,0.653,-0.79,0.051,-0.611,0.772,-0.227,0.594,-0.879,-0.103,-0.465,0.813,-0.186,0.551,-0.904,-0.027,-0.426,0.999,-0.029,-0.022,-0.982,-0.155,0.103,0.254,0.91,0.328,-0.187,-0.695,-0.695,rock
29.472619,0.008,0.772,0.635,-0.074,-0.926,-0.37,-0.481,-0.529,-0.699,0.774,-0.352,0.527,-0.501,0.345,-0.794,0.865,-0.176,0.47,-0.7,0.305,-0.646,0.888,-0.221,0.403,-0.656,0.207,-0.725,0.982,-0.038,-0.186,-0.964,0.118,-0.237,0.078,0.937,0.342,-0.483,-0.812,-0.328,rock
3.976948,-0.102,0.949,0.299,-0.647,0.108,0.755,0.759,-0.633,0.152,0.86,0.061,-0.507,0.555,0.832,-0.0,0.731,0.245,0.636,-0.441,0.735,0.515,0.839,0.086,0.538,-0.089,0.891,0.445,0.944,-0.033,0.328,-0.139,0.766,0.627,0.885,0.111,0.452,-0.514,0.686,0.514,paper
31.016378,0.091,0.787,0.61,0.322,0.402,-0.857,0.136,-0.95,-0.281,0.765,-0.275,0.582,-0.78,0.478,0.403,0.835,-0.11,0.539,-0.83,0.109,0.546,0.889,-0.128,0.44,-0.675,0.579,0.458,0.99,0.049,-0.135,-0.466,0.422,0.777,0.123,0.894,0.43,0.72,-0.692,0.055,rock
22.332671,0.094,0.878,0.469,-0.196,-0.667,-0.719,0.581,-0.502,-0.641,0.651,-0.325,0.686,-0.813,0.275,-0.514,0.742,-0.223,0.632,-0.918,0.085,-0.387,0.794,-0.16,0.586,-0.905,0.181,-0.386,1.0,-0.011,0.023,-0.988,0.012,0.155,0.299,0.892,0.34,-0.05,-0.886,-0.462,rock
13.661067,0.081,0.866,0.493,-0.3,-0.729,-0.615,0.301,-0.904,-0.303,0.662,-0.345,0.666,-0.894,0.034,-0.447,0.76,-0.229,0.609,-0.924,-0.171,-0.342,0.807,-0.177,0.563,-0.968,-0.035,-0.247,1.0,-0.017,-0.005,-0.941,-0.192,0.279,0.276,0.9,0.337,0.055,-0.733,-0.678,rock
52.903209,0.737,-0.617,0.276,-0.271,0.962,-0.025,-0.764,0.369,-0.53,0.281,0.926,-0.251,-0.832,-0.031,0.554,-0.011,0.984,-0.179,-0.687,-0.589,0.425,0.045,0.993,-0.107,-0.85,0.51,-0.128,-0.959,-0.073,0.273,-0.761,0.057,-0.646,-0.763,-0.601,0.236,0.695,-0.58,0.425,none
12.724703,-0.164,-0.271,0.949,0.98,0.14,-0.14,0.556,0.235,-0.797,0.843,0.034,-0.536,-0.46,0.881,-0.115,-0.423,0.752,0.505,-0.225,-0.019,0.974,-0.349,0.646,0.679,0.0,-0.447,0.894,-0.303,0.645,0.701,0.175,-0.92,0.35,-0.853,0.457,0.253,-0.159,-0.678,0.718,none
8.497844,-0.131,0.742,0.658,-0.182,0.764,0.619,-0.312,-0.779,-0.544,0.794,-0.507,0.336,0.699,-0.699,0.147,0.977,-0.151,0.149,0.964,-0.222,0.148,0.893,0.061,0.446,0.929,0.066,0.365,0.891,0.071,0.449,0.792,0.172,0.586,0.039,0.892,0.45,-0.162,0.942,0.292,scissors
24.78941,0.385,0.267,0.884,0.928,-0.356,-0.108,-0.364,-0.509,-0.78,0.946,0.284,0.153,-0.426,0.348,0.835,0.522,0.556,0.647,-0.931,0.107,0.348,0.497,0.341,0.798,-0.881,-0.166,0.444,0.345,0.737,0.581,-0.819,-0.113,0.563,-0.142,0.138,0.98,-0.678,-0.641,0.361,none
16.65724,-0.148,0.736,0.661,-0.37,-0.092,0.925,0.832,-0.237,-0.501,0.799,-0.516,0.307,0.766,-0.197,-0.612,0.971,-0.182,0.155,0.723,0.145,-0.675,0.912,0.048,0.408,0.406,0.767,0.496,0.902,0.081,0.425,0.212,0.742,0.636,0.062,0.908,0.414,-0.792,0.61,0.02,scissors
54.00791,0.725,-0.543,0.424,0.226,0.566,-0.793,-0.685,0.381,-0.621,0.279,0.808,0.519,-0.928,-0.213,-0.304,-0.811,-0.164,0.562,-0.333,0.412,-0.848,-0.748,-0.516,0.417,-0.314,0.235,-0.92,-0.687,-0.667,0.289,-0.704,0.44,0.557,-0.732,-0.569,0.374,-0.331,-0.331,-0.883,none
7.861679,-0.09,0.949,0.301,-0.367,0.855,0.367,0.685,-0.708,0.173,0.855,0.041,-0.517,0.535,0.267,-0.802,0.745,0.226,0.627,0.384,0.512,0.768,0.841,0.063,0.538,0.768,0.512,0.384,0.941,-0.064,0.333,0.469,0.625,0.625,0.887,0.095,0.451,0.0,0.97,0.243,paper
32.532145,0.091,0.857,0.507,-0.499,-0.437,0.749,0.241,-0.93,-0.278,0.7,-0.316,0.641,0.179,-0.404,-0.897,0.782,-0.191,0.593,0.236,-0.236,-0.943,0.826,-0.156,0.541,0.105,-0.527,-0.843,1.0,0.004,-0.027,-0.325,-0.379,-0.866,0.253,0.895,0.368,-0.842,0.256,-0.476,rock
5.499951,-0.023,0.887,0.462,-0.29,-0.955,0.058,0.689,-0.675,-0.262,0.636,-0.4,0.66,-0.217,0.217,-0.952,0.752,-0.289,0.593,-0.412,0.317,-0.855,0.781,-0.236,0.578,-0.4,0.057,-0.915,0.997,-0.082,0.011,-0.851,0.055,-0.522,0.279,0.918,0.284,-0.765,-0.519,-0.382,rock
0.470067,0.037,0.789,0.613,0.967,-0.242,-0.081,0.497,-0.778,-0.384,0.74,-0.357,0.57,0.202,0.972,-0.121,0.843,-0.188,0.503,-0.049,0.839,0.543,0.874,-0.216,0.435,0.268,0.964,0.0,0.985,-0.042,-0.169,-0.229,0.973,0.0,0.111,0.946,0.306,0.087,-0.786,0.612,rock
18.209913,-0.097,0.954,0.282,0.572,0.327,-0.752,0.876,-0.449,-0.178,0.848,-0.074,-0.525,-0.281,-0.899,-0.337,0.797,0.17,0.58,0.323,-0.913,-0.247,0.862,-0.011,0.506,0.114,-0.933,-0.343,0.937,-0.093,0.337,-0.099,-0.929,-0.356,0.892,0.108,0.438,0.272,-0.718,-0.641,paper
25.836736,-0.052,0.647,0.761,0.074,-0.607,-0.791,0.548,-0.677,-0.492,0.896,-0.358,0.262,-0.849,0.434,-0.302,0.992,0.01,0.127,-0.995,0.072,-0.072,0.82,0.094,0.565,-0.845,-0.037,-0.533,0.802,0.134,0.582,-0.866,-0.055,-0.497,-0.061,0.843,0.534,-0.038,-0.857,-0.514,scissors
2.957925,0.04,0.813,0.581,0.0,0.914,0.406,0.479,-0.811,-0.336,0.729,-0.35,0.588,0.905,-0.302,-0.302,0.826,-0.197,0.527,0.196,-0.0,0.981,0.861,-0.201,0.467,0.894,0.447,0.0,0.993,-0.029,-0.115,0.236,0.943,-0.236,0.144,0.925,0.352,-0.707,0.707,0.0,rock
2.866017,-0.135,0.751,0.647,-0.0,0.0,1.0,0.745,-0.585,-0.32,0.764,-0.539,0.354,-0.236,0.236,-0.943,0.973,-0.18,0.145,-0.667,0.667,0.333,0.91,0.021,0.414,-0.894,0.447,0.0,0.911,0.045,0.409,-0.68,0.272,0.68,0.061,0.895,0.441,-1.0,-0.0,-0.0,scissors
17.941952,0.009,0.81,0.586,0.908,-0.191,0.372,0.41,-0.871,-0.271,0.858,-0.514,-0.02,-0.234,0.785,0.573,0.952,-0.014,0.305,-0.56,0.536,0.631,0.97,-0.03,0.242,-0.32,0.186,0.929,0.902,0.329,0.278,-0.411,0.347,0.843,0.457,0.495,0.739,-0.493,-0.435,0.754,none
22.524869,0.416,0.346,0.841,0.338,-0.374,0.863,-0.326,-0.662,-0.675,0.963,0.169,0.21,0.054,0.888,-0.457,0.418,0.5,0.758,-0.575,0.811,-0.11,0.426,0.266,0.865,-0.495,0.771,0.4,0.36,0.738,0.572,-0.805,0.594,-0.015,-0.089,0.104,0.991,-0.568,0.295,0.769,none
44.743308,-0.687,0.352,0.636,0.726,0.607,0.325,0.795,-0.488,-0.36,0.389,0.599,-0.7,0.892,-0.431,0.134,0.366,0.913,-0.177,0.836,-0.435,0.334,0.345,0.931,-0.115,0.723,-0.66,-0.203,0.333,0.943,-0.013,-0.42,-0.232,-0.877,0.162,0.927,0.338,-0.665,-0.176,0.726,none
3.458819,0.044,0.82,0.571,-0.894,0.0,0.447,0.502,-0.804,-0.317,0.724,-0.352,0.593,0.0,-0.196,-0.981,0.821,-0.203,0.534,-0.894,0.0,0.447,0.856,-0.2,0.477,-0.0,0.0,-1.0,0.994,-0.029,-0.102,-0.816,0.408,-0.408,0.161,0.924,0.348,-0.717,0.359,-0.598,rock
14.181651,0.075,0.757,0.649,-0.267,-0.802,-0.535,0.504,-0.764,-0.404,0.783,-0.321,0.534,-0.648,0.162,-0.745,0.866,-0.148,0.478,-0.819,0.071,-0.57,0.897,-0.19,0.399,-0.786,0.068,-0.615,0.983,-0.007,-0.186,-0.995,-0.0,-0.1,0.079,0.926,0.37,-0.424,-0.707,-0.566,rock
10.602692,0.004,0.893,0.451,0.111,0.764,0.635,0.048,-0.979,-0.199,0.635,-0.398,0.663,0.784,-0.316,0.534,0.751,-0.291,0.593,0.85,-0.143,0.506,0.78,-0.237,0.578,0.881,-0.161,0.444,0.997,-0.082,0.009,0.995,0.026,-0.092,0.282,0.92,0.272,0.025,0.932,0.361,rock
17.688687,-0.178,0.763,0.622,0.229,0.973,0.019,0.858,-0.334,-0.39,0.769,-0.558,0.311,0.287,-0.42,0.861,0.958,-0.234,0.164,0.453,-0.288,0.844,0.934,0.033,0.356,0.714,-0.693,0.102,0.926,0.073,0.371,0.742,-0.652,0.157,0.099,0.923,0.372,0.64,0.596,0.485,scissors
5.586908,0.131,-0.21,0.969,-0.738,0.422,-0.527,0.231,0.128,-0.964,0.777,0.546,0.314,-0.496,-0.0,-0.868,-0.239,0.783,0.575,0.391,0.13,-0.911,-0.14,0.714,0.686,0.786,0.087,-0.612,-0.126,0.85,0.512,0.844,-0.537,-0.0,-0.455,0.248,0.855,0.0,0.294,-0.956,none
1.095028,-0.015,-0.313,0.95,-0.832,0.0,0.555,0.199,0.168,-0.966,0.667,0.731,0.146,0.0,0.64,-0.768,-0.188,0.914,0.36,-0.7,0.7,0.14,-0.066,0.892,0.447,-0.265,0.927,-0.265,-0.173,0.953,0.248,-0.444,0.889,0.111,-0.637,0.332,0.696,-0.958,0.287,-0.0,none
21.896322,0.038,0.833,0.552,-0.06,-0.806,-0.589,0.602,-0.58,-0.548,0.709,-0.355,0.61,-0.762,0.381,-0.524,0.808,-0.213,0.549,-0.9,0.213,-0.379,0.846,-0.202,0.493,-0.859,0.279,-0.43,0.995,-0.031,-0.093,-0.984,0.126,0.126,0.186,0.924,0.333,-0.084,-0.934,-0.347,rock
17.775043,-0.106,0.695,0.711,0.813,-0.367,0.452,0.476,-0.755,-0.45,0.864,-0.463,-0.197,0.161,0.941,0.296,0.987,0.118,0.111,-0.461,0.638,0.617,0.976,0.175,0.13,-0.532,0.318,0.785,0.861,0.491,0.13,-0.582,0.379,0.719,0.305,0.675,0.672,-0.651,-0.39,0.651,none
14.616986,-0.209,0.745,0.634,-0.32,-0.394,0.862,0.83,-0.133,-0.542,0.764,-0.573,0.297,0.621,0.046,-0.782,0.96,-0.246,0.134,0.458,0.356,-0.814,0.935,0.064,0.349,0.073,0.872,0.484,0.926,0.098,0.365,-0.089,0.778,0.622,0.084,0.932,0.353,-0.94,0.342,-0.021,scissors
21.823615,0.028,0.848,0.529,0.066,-0.824,-0.562,0.561,-0.659,-0.501,0.697,-0.37,0.614,-0.636,0.487,-0.599,0.8,-0.238,0.552,-0.815,0.36,-0.455,0.83,-0.221,0.512,-0.76,0.352,-0.547,0.996,-0.056,-0.067,-0.977,0.21,-0.027,0.208,0.929,0.305,-0.209,-0.951,-0.228,rock
2.171107,0.069,0.821,0.567,0.802,0.267,0.535,0.529,-0.775,-0.347,0.722,-0.342,0.602,0.802,0.535,-0.267,0.813,-0.194,0.549,0.391,0.651,0.651,0.854,-0.182,0.488,0.702,0.702,-0.117,0.996,-0.013,-0.088,0.12,0.963,-0.241,0.172,0.912,0.372,-0.662,0.53,0.53,rock
27.947118,-0.027,0.71,0.703,0.577,0.577,0.577,0.498,-0.739,-0.454,0.857,-0.39,0.338,0.0,0.243,-0.97,0.977,-0.043,0.207,-0.667,0.667,0.333,0.855,-0.004,0.519,-0.577,0.577,-0.577,0.843,0.049,0.536,-0.514,0.514,0.686,0.04,0.849,0.527,-0.889,0.381,-0.254,scissors
15.63744,-0.182,0.712,0.678,0.295,0.885,-0.361,0.824,-0.213,-0.525,0.809,-0.518,0.278,-0.171,-0.299,0.939,0.977,-0.176,0.122,-0.0,-0.284,0.959,0.904,0.091,0.418,0.426,-0.891,-0.155,0.892,0.125,0.434,0.443,-0.886,-0.133,0.026,0.916,0.401,0.896,0.236,0.377,scissors
0.782996,-0.165,0.756,0.633,-0.348,0.87,0.348,0.754,-0.565,-0.335,0.753,-0.572,0.325,0.432,-0.864,-0.259,0.967,-0.208,0.143,0.656,-0.749,-0.094,0.917,0.033,0.397,0.925,0.37,-0.092,0.922,0.063,0.383,0.572,0.667,0.477,0.066,0.904,0.423,-0.287,0.933,-0.215,scissors
23.441399,0.452,0.198,0.87,-0.228,0.751,0.62,-0.414,-0.507,-0.756,0.907,0.336,0.255,0.973,-0.094,-0.211,0.36,0.561,0.745,0.81,-0.202,0.551,0.306,0.252,0.918,0.894,-0.149,0.422,0.182,0.675,0.715,0.837,0.29,0.464,-0.182,0.097,0.979,0.449,0.618,0.646,none
11.714711,-0.037,0.949,0.312,0.253,0.949,0.19,0.037,-0.992,0.117,0.873,-0.032,-0.487,0.717,-0.312,-0.623,0.739,0.171,0.651,0.717,-0.137,0.683,0.822,0.005,0.569,0.773,-0.336,0.538,0.917,-0.116,0.381,0.747,-0.411,0.523,0.876,0.033,0.482,0.892,-0.297,0.34,paper
12.597447,-0.209,0.942,0.262,0.066,0.953,-0.296,0.297,-0.93,0.217,0.803,0.077,-0.591,0.454,-0.206,-0.867,0.793,0.285,0.539,0.932,-0.0,0.362,0.886,0.105,0.451,0.948,-0.249,0.2,0.967,0.001,0.254,0.94,-0.294,0.176,0.898,0.2,0.392,0.998,-0.0,-0.067,paper
24.371632,0.043,0.731,0.681,-0.162,0.859,0.486,0.509,-0.745,-0.431,0.807,-0.353,0.472,0.553,-0.607,0.571,0.896,-0.154,0.416,0.676,-0.485,0.555,0.914,-0.224,0.339,0.674,-0.398,0.622,0.967,-0.028,-0.253,0.955,-0.257,0.147,0.014,0.94,0.342,0.183,0.983,0.033,rock
22.841657,0.024,0.826,0.563,-0.337,-0.421,-0.842,0.572,-0.406,-0.712,0.709,-0.363,0.604,-0.793,-0.0,-0.61,0.811,-0.222,0.541,-0.958,-0.128,-0.256,0.843,-0.214,0.494,-0.906,0.07,-0.418,0.995,-0.045,-0.089,-0.992,0.0,0.124,0.186,0.929,0.32,-0.364,-0.582,-0.727,rock
16.166203,-0.139,0.961,0.241,0.054,-0.946,-0.321,0.746,-0.64,0.187,0.799,-0.001,-0.601,-0.824,0.056,0.564,0.826,0.217,0.519,-0.824,-0.152,-0.546,0.901,0.031,0.433,-0.847,0.044,-0.529,0.966,-0.064,0.249,-0.927,0.157,-0.341,0.913,0.143,0.382,-0.892,-0.069,-0.446,paper
24.029478,0.3,0.119,0.946,-0.089,0.98,0.178,-0.305,-0.427,-0.851,0.914,0.404,0.044,-0.492,-0.615,-0.615,0.46,0.697,0.55,0.762,-0.127,0.635,0.401,0.497,0.769,0.906,-0.189,0.378,0.238,0.836,0.494,0.717,0.221,0.662,-0.285,0.259,0.923,0.514,0.514,0.686,none
15.271822,-0.323,-0.165,0.932,-0.761,-0.33,-0.558,0.691,0.221,-0.688,0.697,-0.04,-0.716,-0.695,-0.359,-0.623,0.796,0.354,-0.491,-0.519,-0.246,-0.819,0.775,0.34,-0.533,0.175,-0.553,-0.815,-0.159,0.833,0.53,-0.754,0.473,-0.456,-0.62,0.764,0.179,0.275,0.129,-0.953,none
4.140025,0.057,-0.185,0.981,0.834,0.321,-0.449,0.225,0.096,-0.97,0.768,0.599,0.226,-0.588,-0.784,-0.196,-0.113,0.843,0.526,-0.0,-1.0,0.0,0.034,0.802,0.596,0.077,-0.92,-0.383,-0.063,0.917,0.393,-0.099,-0.99,0.099,-0.494,0.317,0.81,0.398,-0.597,-0.697,none
9.596199,-0.026,0.755,0.656,-0.056,0.636,0.769,0.562,-0.693,-0.452,0.783,-0.396,0.48,0.826,-0.45,0.339,0.887,-0.209,0.411,0.927,-0.226,0.299,0.889,-0.281,0.361,0.899,-0.334,0.283,0.968,-0.093,-0.232,0.952,-0.134,-0.275,0.03,0.96,0.28,-0.154,0.964,0.217,rock
15.705609,0.048,0.758,0.651,0.667,-0.333,-0.667,0.517,-0.721,-0.461,0.784,-0.331,0.526,-0.169,0.507,-0.845,0.868,-0.156,0.471,-0.784,0.588,0.196,0.898,-0.2,0.391,-0.333,0.667,-0.667,0.98,-0.015,-0.196,-0.702,0.702,-0.117,0.07,0.929,0.363,-0.953,-0.136,-0.272,rock
49.338683,0.721,-0.324,0.613,-0.974,0.121,0.19,-0.684,-0.009,-0.73,0.39,0.182,0.903,0.008,0.599,-0.801,-0.718,0.011,0.696,0.346,0.794,-0.499,-0.663,-0.038,0.748,0.339,0.837,-0.429,-0.7,-0.091,0.708,0.352,0.904,-0.241,-0.409,-0.7,0.586,0.12,0.984,0.128,none
23.31898,-0.003,0.736,0.677,-0.109,-0.628,-0.77,0.385,-0.792,-0.473,0.831,-0.414,0.371,-0.893,0.292,-0.342,0.968,-0.078,0.24,-0.981,-0.065,-0.18,0.876,-0.05,0.48,-0.765,0.049,-0.642,0.872,-0.006,0.49,-0.774,0.033,-0.632,0.091,0.851,0.518,0.008,-0.778,-0.628,scissors
54.432346,0.734,-0.556,0.391,-0.53,-0.662,-0.53,-0.686,0.363,-0.631,0.226,0.673,0.705,-0.907,-0.01,-0.42,-0.826,-0.402,0.396,-0.263,0.39,-0.882,-0.645,-0.696,0.315,-0.338,0.267,-0.902,-0.662,-0.716,0.221,-0.675,0.706,-0.215,-0.717,-0.601,0.353,-0.245,0.686,-0.686,none
3.633945,-0.098,0.955,0.281,0.0,0.707,0.707,0.744,-0.659,0.111,0.833,0.068,-0.549,0.398,0.199,-0.896,0.76,0.243,0.602,0.7,0.14,0.7,0.868,0.063,0.493,0.919,-0.0,0.394,0.959,-0.063,0.276,0.802,0.535,0.267,0.911,0.099,0.4,0.236,0.943,-0.236,paper
7.939725,-0.078,0.953,0.293,-0.318,0.848,0.424,0.692,-0.713,0.113,0.855,0.029,-0.518,0.579,0.331,-0.745,0.748,0.216,0.627,0.329,0.549,0.768,0.842,0.05,0.537,0.728,0.485,0.485,0.941,-0.075,0.33,0.384,0.512,0.768,0.89,0.085,0.448,0.196,0.784,0.588,paper
22.268933,0.004,0.803,0.596,-0.091,-0.928,0.362,-0.059,-0.906,-0.418,0.787,-0.429,0.443,0.083,0.479,-0.874,0.944,-0.118,0.308,-0.293,0.541,-0.789,0.882,-0.135,0.451,-0.578,0.778,0.245,0.889,-0.085,0.449,-0.676,0.655,0.338,0.177,0.838,0.517,-0.935,-0.305,-0.183,scissors
18.256552,0.078,0.762,0.642,0.0,-0.949,0.316,0.395,-0.812,-0.43,0.782,-0.31,0.541,0.0,0.124,-0.992,0.862,-0.139,0.488,-0.802,0.535,-0.267,0.899,-0.177,0.401,-0.156,0.312,-0.937,0.984,0.006,-0.181,-0.728,0.485,-0.485,0.081,0.92,0.383,-0.909,0.101,-0.404,rock
10.536713,-0.147,0.727,0.67,0.048,-0.758,-0.65,0.529,-0.777,-0.34,0.8,-0.52,0.3,-0.738,0.512,-0.44,0.978,-0.17,0.118,-0.962,0.176,-0.211,0.905,0.071,0.42,-0.895,0.094,-0.436,0.899,0.095,0.428,-0.921,0.094,-0.378,0.026,0.91,0.414,-0.181,-0.857,-0.483,scissors
22.778057,-0.031,0.682,0.731,0.0,-0.606,-0.796,-0.049,-0.902,-0.428,0.875,-0.37,0.311,-0.889,0.339,-0.307,0.985,-0.008,0.174,-0.996,0.0,-0.093,0.83,0.05,0.555,-0.796,-0.016,-0.605,0.819,0.086,0.567,-0.811,-0.016,-0.584,-0.009,0.839,0.544,-0.0,-0.819,-0.573,scissors
29.398383,0.544,-0.054,0.838,0.0,0.707,0.707,-0.535,-0.249,-0.808,0.491,0.622,0.609,0.745,-0.596,-0.298,0.018,0.664,0.748,0.919,0.0,0.394,0.224,0.678,0.7,0.786,0.612,-0.087,0.068,0.906,0.418,0.425,0.904,0.053,-0.365,-0.165,0.916,-0.816,0.408,-0.408,none
14.265796,0.085,0.758,0.647,-0.183,-0.87,-0.458,0.484,-0.742,-0.463,0.781,-0.318,0.538,-0.362,0.226,-0.904,0.863,-0.148,0.484,-0.653,0.272,-0.707,0.896,-0.184,0.404,-0.541,0.098,-0.836,0.984,-0.001,-0.18,-0.925,0.092,-0.37,0.088,0.923,0.374,-0.71,-0.521,-0.474,rock
14.766242,-0.311,-0.106,0.945,-0.571,0.707,-0.416,0.625,0.103,-0.774,0.744,-0.059,-0.665,-0.529,-0.829,-0.182,0.818,0.356,-0.452,-0.166,-0.839,-0.519,0.78,0.403,-0.478,0.855,-0.285,-0.434,-0.118,0.897,0.427,-0.434,0.189,-0.881,-0.557,0.755,0.346,0.693,0.358,-0.626,none
13.644045,0.036,0.952,0.303,0.596,0.745,0.298,-0.439,-0.893,-0.099,0.865,-0.115,-0.489,0.953,-0.095,-0.286,0.752,0.092,0.652,-0.0,-0.0,1.0,0.813,-0.082,0.576,0.216,-0.108,0.97,0.896,-0.186,0.404,-0.0,0.0,1.0,0.872,-0.043,0.488,-0.324,-0.487,0.811,paper
7.031901,0.076,0.818,0.57,0.852,0.426,-0.304,0.615,-0.577,-0.538,0.731,-0.315,0.605,0.514,0.686,0.514,0.815,-0.175,0.553,-0.0,0.371,0.928,0.857,-0.17,0.486,0.527,0.738,0.422,0.996,-0.002,-0.092,0.309,0.928,0.206,0.174,0.912,0.37,-0.391,0.651,0.651,rock
30.491327,-0.066,0.754,0.654,-0.211,-0.66,-0.721,-0.312,-0.893,-0.326,0.759,-0.415,0.502,-0.825,0.243,-0.511,0.874,-0.238,0.424,-0.897,0.055,-0.438,0.872,-0.298,0.388,-0.91,0.125,-0.395,0.973,-0.116,-0.201,-0.988,-0.045,0.15,0.05,0.964,0.263,-0.03,-0.887,-0.461,rock
17.749988,0.134,0.93,0.341,0.215,-0.495,-0.842,0.61,-0.66,-0.439,0.891,-0.222,-0.395,-0.921,-0.39,0.018,0.722,-0.002,0.692,-0.325,-0.548,-0.771,0.759,-0.168,0.629,-0.446,-0.413,-0.794,0.838,-0.263,0.479,-0.653,-0.318,-0.687,0.842,-0.133,0.523,-0.454,-0.282,-0.845,paper
48.313161,0.664,-0.541,0.517,-0.636,-0.599,-0.487,-0.518,0.396,-0.758,0.163,0.321,0.933,-0.909,0.214,-0.357,-0.896,-0.127,0.425,-0.284,-0.223,-0.933,-0.857,-0.16,0.489,-0.375,-0.022,-0.927,-0.861,-0.192,0.47,-0.334,0.083,-0.939,-0.575,-0.637,0.513,-0.822,0.395,-0.411,none
5.820589,-0.078,0.948,0.31,0.707,0.0,-0.707,0.733,-0.677,0.064,0.862,0.042,-0.505,0.0,0.0,-1.0,0.734,0.226,0.641,-0.707,0.0,0.707,0.838,0.06,0.543,-0.577,0.577,-0.577,0.94,-0.069,0.335,-0.762,0.457,0.457,0.886,0.086,0.455,-0.981,0.0,-0.196,paper
7.687562,-0.087,0.951,0.296,-0.0,0.928,0.371,0.708,-0.694,0.131,0.854,0.044,-0.518,0.549,0.329,-0.768,0.747,0.226,0.625,0.154,0.617,0.772,0.844,0.056,0.533,0.743,0.557,0.371,0.942,-0.071,0.328,0.154,0.617,0.772,0.891,0.087,0.446,-0.316,0.949,0.0,paper
30.057867,-0.011,0.913,0.408,-0.185,-0.726,-0.662,-0.561,-0.747,-0.356,0.571,-0.461,0.679,-0.797,0.236,-0.556,0.709,-0.38,0.595,-0.871,0.064,-0.487,0.717,-0.3,0.63,-0.893,0.107,-0.437,0.983,-0.163,0.082,-0.993,-0.064,0.1,0.345,0.922,0.174,-0.073,-0.879,-0.472,rock
29.472373,0.027,0.778,0.628,0.049,-0.937,-0.345,-0.453,-0.522,-0.723,0.776,-0.341,0.531,-0.439,0.393,-0.808,0.863,-0.166,0.478,-0.648,0.399,-0.648,0.888,-0.21,0.409,-0.598,0.239,-0.765,0.984,-0.027,-0.177,-0.943,0.184,-0.276,0.087,0.932,0.353,-0.554,-0.771,-0.313,rock
15.202817,-0.144,0.727,0.671,0.132,0.991,0.033,0.788,-0.236,-0.569,0.81,-0.498,0.311,0.311,-0.545,0.778,0.974,-0.161,0.157,0.495,-0.389,0.777,0.902,0.045,0.429,0.814,-0.577,0.068,0.89,0.081,0.448,0.816,-0.544,0.194,0.051,0.901,0.432,0.564,0.715,0.414,scissors
56.474077,0.775,-0.415,0.477,-0.229,-0.138,-0.964,-0.621,0.406,-0.67,-0.013,-0.299,0.954,0.961,0.087,0.262,-0.778,-0.555,0.294,-0.716,0.239,-0.656,-0.766,-0.554,0.326,-0.797,0.552,-0.245,-0.647,-0.738,0.19,-0.086,0.629,0.772,-0.899,-0.437,0.012,0.568,0.124,-0.814,none
13.661193,0.062,0.838,0.542,-0.419,-0.293,-0.859,0.357,-0.896,-0.264,0.685,-0.346,0.641,-0.954,-0.04,-0.298,0.783,-0.22,0.581,-0.942,-0.288,-0.173,0.826,-0.186,0.533,-0.996,-0.061,-0.061,0.999,-0.022,-0.043,-0.861,-0.235,0.45,0.235,0.911,0.34,0.229,-0.667,-0.709,rock
19.143107,0.279,0.842,-0.462,0.207,0.83,0.518,0.205,-0.24,0.949,0.054,-0.411,0.91,0.714,-0.238,-0.659,-0.049,-0.549,0.834,0.762,0.56,-0.325,0.433,-0.881,-0.192,-0.403,0.914,0.04,0.753,0.222,0.62,0.623,-0.707,-0.335,0.918,0.004,0.398,0.473,0.877,-0.088,none
38.626174,0.433,-0.075,0.898,0.977,0.141,0.158,-0.359,-0.045,-0.932,0.789,0.59,0.171,0.971,-0.115,0.207,0.126,0.821,0.558,0.748,-0.222,0.626,0.131,0.717,0.685,0.689,-0.416,0.594,-0.318,0.859,0.402,0.805,-0.359,0.472,-0.455,-0.245,0.856,-0.863,-0.39,-0.322,none
10.511583,-0.16,0.958,0.239,-0.243,0.872,0.426,0.65,-0.695,0.308,0.792,0.035,-0.61,0.81,0.197,-0.553,0.824,0.226,0.52,0.648,0.324,0.689,0.909,0.026,0.416,0.788,0.207,0.58,0.972,-0.061,0.229,0.861,0.181,0.476,0.92,0.147,0.363,0.749,0.351,0.562,paper
50.863187,0.685,-0.635,0.357,-0.54,0.06,-0.84,-0.734,0.442,-0.516,0.079,0.894,0.44,-0.874,-0.397,-0.278,-0.551,0.786,0.28,-0.561,-0.608,-0.561,-0.46,0.848,0.262,-0.561,-0.608,-0.561,-0.634,0.724,0.27,-0.654,-0.654,-0.381,-0.719,-0.611,0.331,-0.301,0.129,-0.945,none
53.923604,0.724,-0.578,0.375,0.88,0.176,-0.44,-0.682,0.411,-0.605,0.33,0.91,0.25,-0.533,-0.044,0.845,-0.389,0.836,0.387,-0.832,-0.0,-0.555,-0.802,-0.029,0.597,0.196,0.039,0.98,-0.636,-0.689,0.347,0.563,0.0,0.826,-0.749,-0.575,0.33,-0.316,0.0,-0.949,none
7.517815,-0.089,0.952,0.294,-0.0,1.0,0.0,0.701,-0.697,0.153,0.853,0.036,-0.52,0.316,0.0,-0.949,0.748,0.223,0.625,-0.0,0.316,0.949,0.846,0.056,0.531,0.707,0.707,0.0,0.943,-0.068,0.326,-0.485,0.485,0.728,0.892,0.097,0.442,-0.905,0.302,-0.302,paper
1.582153,-0.015,-0.265,0.964,0.183,-0.365,-0.913,0.196,0.164,-0.967,0.697,0.703,0.141,-0.696,0.174,-0.696,-0.14,0.91,0.389,-0.928,-0.371,-0.0,-0.015,0.884,0.467,-0.688,-0.229,-0.688,-0.117,0.958,0.262,-0.986,0.0,-0.164,-0.605,0.358,0.711,-0.762,-0.127,-0.635,none
41.174819,0.099,0.612,0.785,0.321,0.728,-0.606,0.037,-0.796,-0.604,0.987,-0.045,-0.154,0.084,-0.903,0.421,0.704,0.541,0.46,0.319,-0.778,0.542,0.725,0.475,0.499,0.296,-0.874,0.385,0.586,0.772,0.247,0.543,-0.634,0.55,0.477,-0.093,0.874,0.828,-0.298,-0.475,none
27.431517,0.084,0.862,0.499,0.101,-0.909,-0.404,-0.312,-0.914,-0.259,0.677,-0.321,0.662,-0.345,0.552,-0.759,0.766,-0.203,0.61,-0.745,0.596,-0.298,0.821,-0.154,0.55,-0.48,0.548,-0.685,1.0,0.006,-0.018,-0.828,0.532,-0.177,0.255,0.894,0.369,-0.735,-0.662,-0.147,rock
41.683341,-0.056,0.696,0.715,0.615,0.596,-0.516,0.286,-0.866,-0.411,0.925,-0.178,-0.337,0.0,-0.662,0.75,0.843,0.47,0.263,-0.021,-0.679,0.734,0.842,0.446,0.304,-0.0,-0.776,0.631,0.694,0.718,0.054,0.27,-0.428,0.863,0.547,0.022,0.837,0.721,-0.551,-0.42,none
52.903456,0.74,-0.599,0.308,0.194,0.969,-0.155,-0.757,0.423,-0.497,0.299,0.92,-0.253,-0.075,0.491,0.868,0.006,0.984,-0.177,-0.47,-0.47,0.747,0.052,0.993,-0.103,-0.855,-0.367,0.367,-0.756,-0.354,0.551,-0.63,0.036,-0.776,-0.772,-0.589,0.24,0.724,-0.669,-0.167,none
28.45233,-0.038,0.794,0.607,0.0,0.734,0.679,-0.515,-0.653,-0.555,0.733,-0.408,0.544,0.795,-0.376,0.476,0.846,-0.239,0.477,0.875,-0.182,0.448,0.863,-0.264,0.432,0.883,-0.229,0.41,0.983,-0.082,-0.164,0.99,-0.036,-0.136,0.105,0.95,0.295,-0.014,0.951,0.308,rock
2.905476,-0.134,0.759,0.638,0.905,0.302,0.302,0.745,-0.585,-0.32,0.763,-0.538,0.358,0.0,0.447,-0.894,0.972,-0.178,0.15,-0.485,0.728,0.485,0.908,0.025,0.418,-0.707,0.0,0.707,0.913,0.046,0.406,-0.596,0.298,0.745,0.064,0.894,0.444,-0.986,0.164,-0.0,scissors
54.432219,0.73,-0.555,0.399,-0.53,-0.662,-0.53,-0.692,0.394,-0.605,0.213,0.704,0.678,-0.928,-0.027,-0.371,-0.834,-0.319,0.45,-0.28,0.333,-0.9,-0.676,-0.645,0.355,-0.338,0.192,-0.922,-0.624,-0.734,0.27,-0.797,0.507,-0.326,-0.722,-0.605,0.335,-0.44,0.48,-0.759,none
9.015338,-0.138,0.776,0.615,0.296,-0.692,-0.659,-0.275,-0.758,-0.592,0.754,-0.544,0.368,-0.73,0.63,-0.265,0.959,-0.211,0.189,-0.948,0.316,0.032,0.923,0.008,0.386,-0.941,-0.097,-0.324,0.92,0.034,0.39,-0.977,-0.095,-0.189,0.11,0.901,0.42,-0.173,-0.934,-0.311,scissors
2.079,-0.015,-0.265,0.964,-0.535,-0.267,-0.802,0.191,0.134,-0.972,0.698,0.702,0.144,-0.312,0.156,-0.937,-0.144,0.909,0.391,-0.905,-0.302,-0.302,-0.016,0.883,0.47,-0.243,0.0,-0.97,-0.12,0.957,0.263,-0.943,0.236,-0.236,-0.605,0.358,0.711,-0.702,0.117,-0.702,none
5.947381,-0.079,0.817,0.571,-0.127,0.732,0.669,0.649,-0.673,-0.355,0.719,-0.534,0.445,0.8,-0.566,0.2,0.939,-0.207,0.274,0.963,-0.206,0.172,0.925,-0.083,0.371,0.907,0.032,0.421,0.93,-0.065,0.362,0.793,0.132,0.595,0.179,0.864,0.47,-0.155,0.928,0.34,scissors
18.765805,-0.061,0.983,0.172,-0.286,0.539,0.792,0.9,-0.417,-0.129,0.757,-0.167,-0.632,0.864,0.44,-0.245,0.879,0.077,0.47,0.302,0.604,0.738,0.914,-0.121,0.387,0.497,0.497,0.712,0.956,-0.203,0.21,0.623,0.426,0.656,0.945,0.068,0.321,0.325,0.452,0.831,paper
7.129387,0.042,0.597,0.801,0.967,0.171,0.19,0.288,-0.763,-0.579,0.976,0.042,-0.212,0.506,-0.557,0.658,0.486,0.577,0.656,-0.3,-0.466,0.832,0.546,0.494,0.676,-0.236,-0.607,0.759,0.445,0.605,0.661,-0.231,-0.443,0.866,0.268,0.277,0.923,-0.026,-0.768,0.64,none
0.246802,-0.179,0.743,0.645,-0.076,0.841,0.535,0.776,-0.55,-0.309,0.749,-0.582,0.317,0.745,-0.662,0.083,0.968,-0.216,0.132,0.913,-0.183,0.365,0.918,0.05,0.392,0.908,0.0,0.419,0.924,0.074,0.374,0.653,0.218,0.725,0.064,0.91,0.41,-0.276,0.897,0.345,scissors
31.096168,0.379,-0.146,0.914,-0.832,0.555,0.0,-0.336,-0.123,-0.934,0.543,0.288,0.789,0.974,0.129,0.184,-0.588,0.085,0.804,-0.025,-0.025,0.999,-0.427,-0.07,0.902,0.416,-0.416,0.808,-0.413,0.097,0.906,0.759,0.0,0.651,-0.402,-0.088,0.911,0.42,0.504,-0.755,none
26.92365,0.055,0.848,0.526,0.092,-0.829,-0.552,-0.302,-0.921,-0.248,0.695,-0.34,0.634,-0.514,0.514,-0.686,0.787,-0.212,0.579,-0.894,0.447,-0.0,0.829,-0.185,0.527,-0.605,0.605,-0.518,0.999,-0.02,-0.046,-0.864,0.504,0.0,0.227,0.91,0.346,-0.619,-0.722,-0.309,rock
23.861305,0.001,0.797,0.603,0.107,0.707,0.699,0.567,-0.663,-0.489,0.752,-0.38,0.538,0.84,-0.332,0.43,0.854,-0.211,0.476,0.897,-0.125,0.424,0.871,-0.246,0.426,0.916,-0.191,0.353,0.985,-0.065,-0.162,0.98,0.02,-0.198,0.103,0.946,0.306,-0.094,0.937,0.337,rock
13.602681,-0.302,0.74,0.601,0.154,0.772,-0.617,0.876,-0.095,-0.472,0.728,-0.639,0.248,-0.0,-0.832,-0.555,0.943,-0.322,0.084,-0.267,-0.802,0.535,0.954,0.114,0.278,0.832,0.0,-0.555,0.942,0.158,0.296,0.229,0.688,0.688,0.082,0.962,0.261,-0.566,0.707,-0.424,scissors
9.016825,-0.18,0.743,0.645,0.126,-0.831,-0.542,-0.279,-0.783,-0.556,0.787,-0.533,0.312,-0.64,0.59,-0.492,0.975,-0.181,0.129,-0.925,0.292,-0.243,0.903,0.087,0.421,-0.938,0.134,-0.318,0.899,0.105,0.425,-0.961,0.13,-0.244,0.033,0.909,0.415,-0.296,-0.854,-0.427,scissors
8.497636,-0.129,0.934,0.333,-0.129,0.937,0.323,0.637,-0.74,0.217,0.863,0.082,-0.498,0.762,0.059,-0.645,0.722,0.271,0.637,0.698,0.266,0.665,0.827,0.112,0.551,0.85,0.065,0.523,0.936,-0.015,0.353,0.873,-0.0,0.489,0.868,0.129,0.479,0.857,0.163,0.489,paper
26.729074,0.615,0.132,0.778,0.579,-0.331,-0.745,-0.558,-0.442,-0.702,0.599,0.586,0.545,-0.976,0.081,0.203,0.069,0.616,0.785,-0.76,-0.643,0.088,0.217,0.591,0.777,-0.802,-0.588,-0.107,0.095,0.832,0.547,-0.839,-0.534,0.102,0.283,-0.807,0.519,-0.639,-0.281,-0.716,none
21.313393,-0.015,0.695,0.719,0.186,-0.826,-0.533,0.472,-0.748,-0.466,0.821,-0.367,0.438,-0.551,0.527,-0.647,0.914,-0.158,0.375,-0.8,0.425,-0.425,0.919,-0.254,0.302,-0.679,0.413,-0.607,0.956,-0.057,-0.287,-0.951,0.302,-0.07,-0.033,0.947,0.32,-0.355,-0.913,-0.203,rock
33.544825,0.106,0.815,0.57,0.178,-0.98,-0.089,0.289,-0.917,-0.273,0.742,-0.292,0.604,-0.193,0.514,-0.836,0.817,-0.145,0.558,-0.595,0.669,-0.446,0.868,-0.137,0.477,-0.328,0.524,-0.786,0.995,0.035,-0.092,-0.769,0.532,-0.355,0.168,0.894,0.416,-0.85,-0.523,-0.065,rock
12.577277,-0.044,0.68,0.731,0.669,0.609,-0.426,0.648,-0.164,-0.743,0.847,-0.408,0.34,0.13,0.391,0.911,0.984,-0.045,0.17,-0.082,0.164,0.983,0.842,0.041,0.537,0.082,-0.983,0.164,0.83,0.048,0.555,-0.163,-0.898,0.408,0.001,0.845,0.534,0.492,-0.123,0.862,scissors
54.433882,0.73,-0.576,0.368,0.418,0.766,0.488,-0.664,0.407,-0.627,0.176,0.672,0.719,0.916,0.16,-0.367,-0.851,-0.348,0.393,0.124,-0.247,0.961,-0.69,-0.653,0.312,0.338,-0.044,0.94,-0.67,-0.709,0.22,0.094,-0.094,0.991,-0.724,-0.591,0.355,0.699,-0.543,0.466,none
6.522364,0.075,0.818,0.571,-0.339,-0.474,-0.813,0.614,-0.585,-0.531,0.733,-0.313,0.604,-0.645,-0.059,-0.762,0.817,-0.171,0.551,-0.863,-0.199,-0.465,0.859,-0.168,0.483,-0.793,-0.132,-0.595,0.996,-0.001,-0.091,-0.981,-0.184,-0.061,0.173,0.912,0.372,-0.455,-0.398,-0.796,rock
1.29088,-0.154,0.753,0.64,0.229,0.688,0.688,0.796,-0.51,-0.326,0.758,-0.56,0.334,0.8,-0.0,-0.6,0.968,-0.198,0.155,0.667,0.667,0.333,0.911,0.033,0.412,0.555,0.0,0.832,0.914,0.06,0.401,-0.116,0.349,0.93,0.068,0.898,0.435,-0.843,0.482,0.241,scissors
24.405579,0.252,0.107,0.962,-0.03,0.97,0.242,-0.285,-0.441,-0.851,0.905,0.426,0.005,0.596,-0.681,-0.426,0.483,0.727,0.489,0.913,-0.357,0.198,0.472,0.581,0.662,0.92,-0.383,-0.077,0.286,0.875,0.39,0.899,0.196,0.391,-0.292,0.334,0.896,0.816,0.408,0.408,none
14.255152,-0.089,0.503,0.86,-0.686,-0.514,-0.514,0.52,-0.582,-0.625,0.821,-0.545,-0.173,-0.7,-0.14,-0.7,0.953,-0.266,-0.144,-0.841,0.0,-0.541,0.912,-0.228,-0.341,-0.583,0.758,-0.292,0.864,-0.033,-0.502,-0.88,0.474,-0.0,0.495,-0.087,0.865,-0.368,0.683,-0.631,none
2.062193,-0.138,0.949,0.285,-0.625,0.781,0.0,0.79,-0.594,0.153,0.843,0.105,-0.528,0.784,-0.196,-0.588,0.727,0.297,0.62,-0.391,0.13,0.911,0.85,0.133,0.51,0.192,0.192,0.962,0.955,0.021,0.297,0.3,0.675,0.675,0.879,0.233,0.416,0.75,0.644,-0.154,paper
37.645479,0.598,-0.442,0.668,0.0,-0.316,-0.949,-0.469,0.276,-0.839,0.784,0.553,-0.284,-0.191,0.574,-0.797,0.574,0.801,-0.168,-0.577,0.577,-0.577,0.537,0.795,-0.281,0.457,0.457,0.762,0.047,0.847,-0.529,-0.073,0.807,0.587,-0.689,-0.234,0.686,0.477,0.278,-0.834,none
48.314758,0.742,-0.44,0.506,0.397,-0.628,-0.669,-0.622,0.365,-0.693,0.229,0.231,0.946,-0.878,-0.315,0.36,-0.829,-0.146,0.539,-0.476,-0.849,-0.228,-0.775,-0.205,0.597,-0.496,-0.777,-0.388,-0.776,-0.268,0.571,-0.555,-0.637,-0.535,-0.5,-0.729,0.467,-0.802,-0.267,-0.535,none
32.915574,0.422,-0.219,0.88,0.457,-0.844,-0.281,-0.322,-0.026,-0.947,0.515,0.208,0.832,0.554,-0.028,0.832,-0.669,0.043,0.742,-0.545,0.182,0.818,-0.37,-0.006,0.929,0.712,-0.509,0.483,-0.242,0.648,0.722,0.893,-0.124,0.432,-0.352,0.1,0.931,-0.497,-0.861,0.11,none
27.876819,0.012,0.772,0.635,-0.037,-0.669,-0.743,0.486,-0.742,-0.461,0.809,-0.412,0.42,-0.813,0.339,-0.474,0.951,-0.091,0.297,-0.982,-0.0,-0.19,0.872,-0.112,0.477,-0.804,0.11,-0.585,0.873,-0.064,0.483,-0.861,0.15,-0.487,0.144,0.837,0.528,-0.212,-0.742,-0.636,scissors
6.700167,0.054,0.428,0.902,0.979,-0.128,-0.16,0.307,-0.456,-0.835,0.965,0.251,-0.079,0.41,-0.293,0.864,0.256,0.677,0.69,-0.141,-0.513,0.847,0.303,0.567,0.766,0.096,-0.622,0.777,0.245,0.581,0.776,0.168,-0.791,0.589,0.111,0.274,0.955,-0.122,-0.974,-0.191,none
26.857278,0.044,0.775,0.631,0.054,0.658,0.751,0.685,-0.481,-0.548,0.801,-0.409,0.436,0.896,-0.358,0.262,0.944,-0.098,0.316,0.979,0.027,0.204,0.875,-0.149,0.46,0.815,-0.013,0.579,0.879,-0.096,0.468,0.745,0.053,0.665,0.17,0.831,0.529,-0.104,0.841,0.531,scissors
2.355836,-0.09,0.956,0.278,-0.514,0.845,-0.147,0.776,-0.621,0.105,0.849,0.07,-0.524,0.254,0.254,-0.933,0.742,0.251,0.621,0.854,0.488,0.183,0.859,0.075,0.507,0.968,0.242,-0.061,0.957,-0.045,0.288,0.878,0.473,-0.068,0.89,0.181,0.419,0.229,0.725,0.649,paper
12.166768,0.032,0.855,0.517,-0.086,-0.885,-0.457,-0.124,-0.981,-0.151,0.683,-0.358,0.637,-0.584,0.363,-0.726,0.785,-0.232,0.574,-0.754,0.283,-0.593,0.822,-0.203,0.531,-0.73,0.208,-0.651,0.998,-0.041,-0.044,-0.986,0.09,-0.141,0.223,0.918,0.329,-0.347,-0.866,-0.36,rock
2.591944,0.001,-0.269,0.963,0.894,0.447,0.0,0.179,0.156,-0.971,0.707,0.688,0.164,0.577,-0.577,-0.577,-0.132,0.897,0.422,-0.7,-0.14,0.7,0.003,0.87,0.493,-0.707,-0.0,0.707,-0.1,0.957,0.273,-0.62,0.248,0.744,-0.6,0.347,0.721,-0.913,-0.365,0.183,none
36.600354,0.604,-0.288,0.743,-0.821,-0.517,-0.243,-0.395,0.108,-0.912,0.675,0.082,0.734,0.758,-0.455,0.467,-0.252,0.641,0.725,0.514,-0.257,0.818,0.189,0.901,0.39,-0.942,-0.244,-0.233,-0.195,0.958,0.209,-0.726,-0.678,-0.113,-0.545,-0.047,0.837,-0.239,-0.227,0.944,none
16.167146,-0.109,0.969,0.221,0.055,-0.939,-0.339,0.771,-0.611,0.182,0.789,-0.046,-0.613,-0.84,0.044,0.541,0.844,0.17,0.508,-0.822,-0.158,-0.548,0.906,-0.018,0.422,-0.841,0.031,-0.54,0.964,-0.11,0.241,-0.926,0.144,-0.35,0.925,0.11,0.363,-0.883,-0.08,-0.462,paper
33.04118,0.083,0.848,0.523,0.425,0.585,-0.691,0.147,-0.947,-0.285,0.7,-0.346,0.625,-0.653,0.218,0.725,0.791,-0.211,0.574,-0.574,-0.096,0.813,0.833,-0.175,0.525,-0.376,0.439,0.816,0.999,-0.007,-0.047,-0.054,0.38,0.923,0.239,0.903,0.357,0.986,0.164,0.0,rock
6.968653,-0.144,0.714,0.686,-0.139,0.705,0.696,0.401,-0.817,-0.414,0.795,-0.524,0.304,0.795,-0.558,0.237,0.978,-0.173,0.121,0.975,-0.197,0.103,0.908,0.062,0.414,0.9,0.055,0.432,0.901,0.077,0.428,0.862,0.083,0.5,0.025,0.907,0.421,-0.055,0.922,0.383,scissors
10.537358,-0.2,0.688,0.698,0.184,-0.752,-0.632,0.602,-0.699,-0.387,0.816,-0.533,0.226,-0.736,0.595,-0.322,0.985,-0.169,0.041,-0.965,0.235,-0.114,0.897,0.155,0.413,-0.93,-0.025,-0.366,0.882,0.182,0.435,-0.931,-0.042,-0.364,-0.04,0.927,0.373,-0.092,-0.919,-0.384,scissors
18.18817,-0.204,0.79,0.578,0.276,0.921,0.276,0.89,-0.344,-0.298,0.734,-0.595,0.326,0.603,-0.426,0.674,0.941,-0.284,0.181,0.697,-0.166,0.697,0.953,0.01,0.302,0.822,-0.474,0.316,0.945,0.065,0.321,0.827,-0.397,0.397,0.144,0.931,0.336,0.306,0.782,0.544,scissors
44.233332,-0.58,0.63,0.517,-0.985,-0.075,0.158,0.806,-0.572,-0.155,0.38,0.467,-0.799,0.53,0.735,0.423,0.604,0.658,-0.45,0.444,0.835,-0.325,0.622,0.681,-0.385,0.343,0.586,-0.734,0.095,0.992,0.082,0.888,0.072,0.455,0.32,0.943,-0.091,0.875,0.417,-0.247,none
13.72187,0.031,0.784,0.621,-0.772,-0.154,-0.617,0.446,-0.824,-0.35,0.753,-0.356,0.553,-0.791,-0.467,-0.395,0.848,-0.194,0.493,-0.729,-0.62,-0.292,0.873,-0.22,0.435,-0.884,-0.461,-0.077,0.988,-0.042,-0.15,-0.762,-0.571,0.305,0.117,0.935,0.335,0.0,-0.217,-0.976,rock
8.49746,-0.151,0.739,0.657,0.0,0.738,0.675,-0.332,-0.744,-0.58,0.792,-0.512,0.333,0.825,-0.477,0.304,0.978,-0.155,0.141,0.975,-0.1,0.201,0.893,0.081,0.442,0.87,-0.028,0.491,0.889,0.095,0.448,0.819,0.0,0.574,0.029,0.896,0.443,-0.071,0.875,0.48,scissors
9.342826,0.009,0.941,0.337,-0.226,-0.793,0.566,0.424,-0.905,0.047,0.882,-0.034,-0.471,0.082,0.816,0.572,0.724,0.151,0.673,-0.863,0.465,0.199,0.809,-0.012,0.587,-0.699,0.699,0.155,0.91,-0.138,0.39,-0.606,0.662,0.441,0.874,-0.001,0.487,-0.932,0.311,0.186,paper
25.391609,0.074,0.905,0.419,0.295,0.886,0.358,0.109,-0.949,-0.296,0.615,-0.354,0.704,0.621,-0.148,0.769,0.714,-0.264,0.648,0.631,-0.075,0.772,0.76,-0.179,0.624,0.747,0.056,0.663,0.997,-0.035,0.071,0.957,0.201,0.21,0.348,0.885,0.308,0.301,0.819,0.489,rock
45.254835,-0.734,0.266,0.625,-0.656,-0.687,-0.312,0.857,-0.408,-0.314,0.519,0.107,-0.848,-0.923,0.316,-0.221,0.607,0.719,-0.338,-0.443,0.144,-0.885,0.559,0.767,-0.315,-0.579,0.287,-0.763,0.451,0.875,-0.174,-0.469,0.534,-0.703,-0.181,0.978,-0.106,0.201,-0.018,-0.98,none
2.587767,0.001,-0.278,0.961,-0.802,-0.535,0.267,0.132,0.128,-0.983,0.69,0.707,0.156,-0.183,0.365,-0.913,-0.15,0.906,0.397,-0.981,0.196,0.0,-0.022,0.882,0.471,-0.64,0.64,-0.426,-0.122,0.96,0.252,-0.772,0.617,0.154,-0.616,0.344,0.709,-0.883,0.331,-0.331,none
32.612698,0.086,0.865,0.494,-0.482,-0.62,0.62,0.21,-0.935,-0.285,0.69,-0.316,0.651,0.423,0.106,-0.9,0.776,-0.191,0.602,0.379,0.531,-0.758,0.831,-0.15,0.536,0.298,0.0,-0.954,0.999,0.011,-0.047,-0.346,0.173,-0.922,0.264,0.89,0.371,-0.982,0.134,-0.134,rock
11.149791,-0.003,0.852,0.524,0.267,0.802,0.535,-0.254,-0.933,-0.254,0.693,-0.385,0.61,0.843,-0.241,0.482,0.8,-0.25,0.546,0.513,-0.085,0.854,0.825,-0.237,0.513,0.87,0.097,0.483,0.995,-0.073,-0.065,0.814,0.581,0.0,0.201,0.933,0.3,-0.312,0.937,0.156,rock
18.796208,-0.152,0.786,0.6,-0.552,-0.168,0.816,0.805,-0.519,-0.288,0.755,-0.549,0.359,0.627,-0.289,-0.723,0.947,-0.235,0.217,0.62,0.054,-0.782,0.935,-0.017,0.355,0.394,0.862,0.32,0.932,0.032,0.36,0.252,0.826,0.505,0.142,0.909,0.392,-0.811,0.57,-0.132,scissors
0.284674,-0.107,0.952,0.286,0.384,0.512,0.768,0.723,-0.674,0.151,0.861,0.135,-0.491,0.635,0.499,0.59,0.707,0.264,0.657,0.046,0.41,0.911,0.82,0.127,0.558,0.532,-0.177,0.828,0.959,-0.065,0.275,0.912,0.14,0.386,0.836,-0.193,0.514,0.241,0.097,-0.966,paper
11.196942,0.039,-0.356,0.934,-0.294,0.855,0.427,0.218,0.183,-0.959,0.875,0.31,-0.371,0.534,-0.842,0.081,0.183,0.915,0.359,-0.472,0.311,-0.825,0.046,0.802,0.595,-0.32,0.386,-0.865,0.145,0.936,-0.32,0.97,-0.232,-0.072,-0.844,0.33,0.424,0.683,-0.177,-0.708,none
21.311553,0.312,-0.472,0.825,-0.978,-0.147,-0.147,-0.169,0.276,-0.946,0.681,0.732,0.034,-0.522,-0.022,-0.853,0.018,0.929,0.369,0.156,0.162,-0.974,0.026,0.793,0.608,0.193,0.357,-0.914,-0.077,0.983,-0.167,-0.107,-0.312,-0.944,-0.665,0.064,0.744,-0.21,0.583,-0.785,none
31.729004,0.356,-0.196,0.914,-0.53,-0.035,-0.847,-0.272,-0.005,-0.962,0.523,0.239,0.819,-0.565,0.565,-0.601,-0.62,0.057,0.783,-0.198,0.693,-0.693,-0.418,-0.074,0.905,-0.407,0.679,-0.611,-0.411,0.129,0.903,-0.9,0.327,0.286,-0.671,0.084,0.736,0.706,-0.102,-0.701,none
10.63986,-0.158,0.961,0.225,-0.163,0.913,0.375,0.588,-0.761,0.274,0.784,0.039,-0.62,0.792,0.155,-0.59,0.824,0.236,0.515,0.703,0.351,0.619,0.904,0.059,0.424,0.831,0.166,0.532,0.974,-0.057,0.219,0.899,0.069,0.432,0.918,0.156,0.364,0.821,0.255,0.511,paper
9.166363,-0.05,-0.044,0.998,-0.486,-0.741,0.463,0.39,-0.011,-0.921,0.74,0.603,0.298,-0.979,0.204,-0.031,-0.164,0.809,0.565,-0.284,-0.158,0.946,0.215,0.798,0.563,0.486,-0.193,0.853,0.437,0.837,-0.331,0.914,-0.177,0.364,-0.42,0.703,0.574,-0.657,0.312,0.686,none
34.766889,0.492,-0.314,0.812,-0.207,-0.678,-0.705,-0.362,0.176,-0.915,0.569,0.159,0.807,0.671,-0.392,0.629,-0.173,0.675,0.717,0.551,-0.164,0.819,0.268,0.899,0.348,0.807,-0.319,0.498,-0.068,0.988,0.142,0.737,-0.648,0.192,-0.716,0.046,0.697,-0.436,-0.304,-0.847,none
25.327254,-0.085,0.742,0.665,-0.399,-0.678,0.618,0.69,-0.65,-0.317,0.814,-0.473,0.337,0.353,0.111,-0.929,0.969,-0.142,0.202,0.163,0.306,-0.938,0.902,-0.013,0.432,-0.137,0.962,0.236,0.893,0.046,0.448,-0.296,0.888,0.352,0.093,0.887,0.452,-0.962,0.143,-0.232,scissors
37.650468,0.076,0.811,0.58,-0.0,-0.555,-0.832,0.144,-0.949,-0.282,0.742,-0.322,0.588,-0.492,0.123,-0.862,0.825,-0.169,0.54,-0.973,0.162,-0.162,0.865,-0.171,0.472,-0.596,0.298,-0.745,0.995,0.003,-0.101,-0.93,0.349,-0.116,0.167,0.909,0.381,-0.793,-0.226,-0.566,rock
3.9706,0.045,0.812,0.581,0.236,-0.236,-0.943,0.537,-0.787,-0.304,0.727,-0.352,0.59,-0.196,0.588,-0.784,0.823,-0.2,0.531,-0.743,0.371,0.557,0.857,-0.203,0.473,-0.236,0.943,-0.236,0.993,-0.031,-0.111,-0.707,0.707,0.0,0.157,0.925,0.345,-0.962,-0.192,-0.192,rock
1.671631,-0.149,0.754,0.64,-0.514,0.514,0.686,0.757,-0.584,-0.293,0.761,-0.558,0.332,0.512,-0.384,-0.768,0.969,-0.193,0.152,0.426,-0.64,-0.64,0.909,0.033,0.415,0.588,0.784,0.196,0.913,0.058,0.403,-0.117,0.702,0.702,0.066,0.896,0.439,-0.724,0.634,-0.272,scissors
26.925255,0.061,0.843,0.534,0.0,-0.97,-0.243,-0.31,-0.919,-0.244,0.702,-0.336,0.628,-0.396,0.33,-0.857,0.794,-0.202,0.573,-0.816,0.408,-0.408,0.837,-0.177,0.517,-0.582,0.364,-0.727,0.998,-0.011,-0.06,-0.932,0.311,-0.186,0.214,0.91,0.356,-0.679,-0.611,-0.407,rock
53.414866,0.736,-0.596,0.32,-0.378,0.925,0.042,-0.713,0.4,-0.576,0.246,0.941,0.233,-0.935,-0.166,-0.312,-0.358,0.876,0.322,-0.752,-0.038,-0.658,-0.773,-0.247,0.584,-0.231,0.352,-0.907,-0.551,-0.797,0.247,-0.498,0.097,-0.862,-0.771,-0.585,0.253,0.379,-0.531,-0.758,none
12.641978,0.072,0.883,0.464,-0.04,-0.883,-0.468,-0.069,-0.983,-0.172,0.65,-0.337,0.681,-0.583,0.384,-0.716,0.746,-0.23,0.625,-0.766,0.287,-0.575,0.796,-0.169,0.582,-0.734,0.227,-0.64,1.0,-0.015,0.017,-0.986,0.105,-0.131,0.288,0.893,0.344,-0.34,-0.871,-0.354,rock
3.849045,-0.116,0.949,0.292,-0.675,0.3,0.675,0.772,-0.616,0.156,0.847,0.074,-0.526,0.514,0.836,-0.193,0.744,0.251,0.619,-0.183,0.854,0.488,0.852,0.085,0.517,0.193,0.902,0.386,0.952,-0.039,0.305,0.114,0.852,0.511,0.893,0.115,0.435,-0.134,0.873,0.47,paper
10.538608,-0.248,0.689,0.681,0.168,-0.73,-0.663,0.636,-0.67,-0.383,0.794,-0.567,0.22,-0.747,0.591,-0.304,0.977,-0.21,0.037,-0.966,0.241,-0.097,0.911,0.167,0.377,-0.926,-0.033,-0.375,0.895,0.197,0.4,-0.927,-0.05,-0.372,-0.022,0.941,0.338,-0.074,-0.925,-0.372,scissors
24.396173,0.025,0.721,0.693,-0.163,0.938,0.306,0.506,-0.746,-0.433,0.801,-0.359,0.479,0.457,-0.64,0.617,0.892,-0.168,0.419,0.584,-0.541,0.606,0.907,-0.235,0.35,0.607,-0.382,0.697,0.97,-0.044,-0.241,0.934,-0.264,0.24,0.029,0.944,0.328,0.233,0.973,0.0,rock
12.008065,-0.108,0.954,0.278,0.144,0.636,-0.759,0.083,-0.98,0.179,0.854,0.001,-0.521,-0.079,-0.516,-0.853,0.765,0.202,0.612,0.821,-0.497,-0.281,0.851,0.036,0.523,0.686,-0.624,-0.374,0.942,-0.081,0.326,0.509,-0.694,-0.509,0.893,0.104,0.439,0.669,-0.323,-0.669,paper
11.047267,-0.127,0.76,0.637,-0.34,-0.68,-0.65,0.756,-0.504,-0.418,0.767,-0.527,0.366,-0.803,0.235,-0.548,0.963,-0.192,0.19,-0.934,-0.087,-0.347,0.922,-0.002,0.387,-0.721,0.264,-0.64,0.915,0.027,0.403,-0.757,0.301,-0.581,0.097,0.897,0.432,-0.117,-0.692,-0.712,scissors
10.537105,-0.237,0.653,0.72,0.126,-0.654,-0.746,0.568,-0.748,-0.343,0.833,-0.518,0.195,-0.814,0.501,-0.292,0.989,-0.146,0.009,-0.983,0.17,-0.07,0.874,0.192,0.447,-0.88,-0.052,-0.472,0.858,0.213,0.467,-0.885,-0.042,-0.464,-0.085,0.921,0.38,-0.032,-0.896,-0.443,scissors
32.5398,0.412,-0.198,0.889,0.742,0.636,-0.212,-0.284,0.006,-0.959,0.474,0.235,0.849,-0.444,-0.444,-0.778,-0.695,0.039,0.718,0.154,0.772,-0.617,-0.436,-0.009,0.9,0.743,-0.371,-0.557,-0.387,0.172,0.906,0.609,-0.166,0.775,-0.382,0.107,0.918,0.101,0.704,0.704,none
30.492489,0.099,0.88,0.464,-0.061,-0.748,-0.661,-0.127,-0.943,-0.308,0.659,-0.352,0.665,-0.775,0.332,-0.538,0.756,-0.25,0.605,-0.882,0.158,-0.444,0.787,-0.198,0.584,-0.871,0.205,-0.446,0.998,-0.048,0.029,-0.994,0.037,0.1,0.3,0.905,0.302,-0.08,-0.918,-0.389,rock
26.492899,0.064,0.846,0.529,0.174,-0.869,-0.463,-0.303,-0.911,-0.281,0.701,-0.339,0.628,-0.485,0.485,-0.728,0.792,-0.208,0.573,-0.796,0.478,-0.372,0.833,-0.182,0.522,-0.605,0.453,-0.655,0.998,-0.018,-0.053,-0.926,0.353,-0.132,0.222,0.911,0.348,-0.571,-0.779,-0.26,rock
49.843149,0.703,-0.429,0.567,-0.908,-0.043,0.418,-0.632,0.298,-0.715,0.318,0.208,0.925,-0.049,-0.234,-0.971,-0.787,-0.047,0.615,-0.647,0.554,-0.524,-0.755,-0.097,0.649,-0.401,0.684,-0.609,-0.792,-0.147,0.593,-0.58,0.562,-0.589,-0.583,-0.621,0.524,0.391,0.655,0.646,none
23.236257,0.087,0.881,0.465,0.228,0.76,0.608,0.534,-0.452,-0.715,0.645,-0.334,0.687,0.848,-0.237,0.475,0.741,-0.235,0.629,0.78,-0.031,0.624,0.789,-0.171,0.59,0.899,-0.062,0.434,0.999,-0.02,0.028,0.974,0.202,-0.101,0.304,0.894,0.328,-0.086,0.945,0.315,rock
21.814084,-0.145,0.77,0.621,-0.274,-0.759,0.59,0.202,-0.888,-0.414,0.781,-0.528,0.334,0.326,0.287,-0.901,0.958,-0.208,0.2,0.064,0.403,-0.913,0.924,0.01,0.381,-0.307,0.901,0.307,0.919,0.054,0.391,-0.43,0.804,0.411,0.11,0.906,0.408,-0.982,-0.019,-0.189,scissors
45.768136,-0.671,0.543,0.505,-0.77,0.237,-0.592,0.742,-0.656,-0.14,0.43,0.626,-0.651,-0.426,0.177,-0.887,0.175,0.984,-0.017,0.881,0.093,-0.464,0.214,0.972,0.093,0.921,-0.217,0.325,0.356,0.916,0.183,0.152,-0.457,-0.876,0.629,0.698,0.342,-0.953,-0.205,-0.224,none
11.96381,-0.089,0.952,0.294,0.333,0.648,-0.685,0.083,-0.98,0.179,0.859,0.006,-0.513,-0.038,-0.584,-0.811,0.759,0.204,0.618,0.792,-0.568,-0.223,0.848,0.033,0.529,0.655,-0.695,-0.298,0.94,-0.088,0.33,0.482,-0.745,-0.46,0.893,0.091,0.441,0.667,-0.409,-0.624,paper
25.849908,-0.042,0.682,0.73,-0.047,-0.612,-0.789,0.574,-0.622,-0.533,0.875,-0.383,0.298,-0.887,0.343,-0.308,0.986,-0.026,0.163,-0.992,-0.011,-0.125,0.845,0.047,0.533,-0.804,-0.012,-0.594,0.833,0.094,0.546,-0.814,-0.023,-0.581,-0.007,0.853,0.522,0.012,-0.821,-0.571,scissors
55.96471,0.683,-0.591,0.43,-0.911,0.13,-0.391,-0.629,0.42,-0.654,-0.049,-0.361,0.931,0.667,-0.333,-0.667,-0.738,-0.639,0.218,-0.156,-0.312,0.937,-0.76,-0.603,0.243,0.0,0.316,0.949,-0.789,-0.592,0.164,-0.762,0.457,-0.457,-0.729,-0.563,0.391,-0.0,0.976,0.217,none
15.657804,-0.157,0.95,0.268,0.104,-0.97,-0.219,0.599,-0.749,0.284,0.821,0.02,-0.57,-0.773,0.115,0.623,0.8,0.243,0.549,-0.882,-0.088,-0.463,0.881,0.063,0.469,-0.882,0.109,-0.458,0.957,-0.029,0.288,-0.938,0.234,-0.256,0.897,0.154,0.414,-0.93,-0.031,-0.366,paper
27.366895,-0.103,0.65,0.753,0.052,0.732,0.68,0.504,-0.733,-0.457,0.885,-0.399,0.24,0.857,-0.402,0.322,0.994,-0.033,0.105,0.962,-0.053,0.267,0.839,0.125,0.529,0.849,-0.078,0.522,0.819,0.173,0.547,0.789,-0.0,0.615,-0.063,0.868,0.492,-0.026,0.861,0.509,scissors
34.00981,0.462,-0.097,0.881,-0.971,-0.206,-0.118,-0.395,-0.164,-0.904,0.513,0.193,0.837,-0.534,-0.739,-0.411,-0.629,0.103,0.77,0.38,-0.823,0.422,-0.192,0.242,0.951,0.454,-0.748,0.484,0.122,0.987,0.108,-0.889,-0.455,0.043,-0.246,0.146,0.958,-0.916,-0.0,-0.401,none
0.479786,0.032,0.805,0.592,0.954,-0.212,-0.212,0.527,-0.773,-0.353,0.727,-0.365,0.581,0.0,0.894,-0.447,0.833,-0.206,0.513,-0.345,0.897,0.276,0.86,-0.223,0.458,0.13,0.911,-0.391,0.989,-0.05,-0.137,-0.29,0.928,-0.232,0.14,0.946,0.292,-0.912,-0.152,0.38,rock
2.269229,-0.139,0.751,0.645,0.426,0.64,0.64,0.724,-0.597,-0.346,0.763,-0.539,0.357,0.667,-0.333,-0.667,0.974,-0.176,0.143,0.0,0.894,0.447,0.91,0.023,0.414,0.802,0.267,0.535,0.915,0.045,0.402,-0.13,0.391,0.911,0.062,0.895,0.441,-0.885,0.442,0.147,scissors
3.086681,-0.1,0.955,0.28,0.625,0.625,-0.469,0.779,-0.608,0.152,0.844,0.067,-0.532,0.228,-0.342,-0.912,0.751,0.248,0.612,0.485,-0.728,0.485,0.86,0.08,0.503,0.6,-0.8,0.0,0.956,-0.039,0.29,-0.802,-0.267,0.535,0.899,0.132,0.419,-0.667,-0.667,-0.333,paper
3.131361,-0.101,0.947,0.305,0.0,0.894,-0.447,0.744,-0.659,0.113,0.866,0.066,-0.495,0.0,-0.243,-0.97,0.717,0.258,0.647,-0.408,-0.408,0.816,0.832,0.101,0.546,-0.707,0.0,-0.707,0.941,-0.014,0.337,-0.784,0.196,0.588,0.884,0.125,0.45,-0.928,0.0,-0.371,paper
16.188664,-0.089,0.963,0.253,-0.0,-0.947,-0.322,0.82,-0.553,0.147,0.808,-0.059,-0.587,-0.823,0.123,0.555,0.831,0.149,0.536,-0.837,-0.087,-0.54,0.891,-0.039,0.452,-0.828,0.103,-0.552,0.953,-0.136,0.271,-0.922,0.218,-0.319,0.919,0.08,0.387,-0.901,-0.016,-0.434,paper
3.933093,-0.106,0.952,0.289,-0.656,0.094,0.749,0.723,-0.68,0.121,0.856,0.066,-0.513,0.566,0.808,-0.162,0.732,0.249,0.634,-0.267,0.802,0.535,0.84,0.089,0.535,0.08,0.875,0.477,0.945,-0.035,0.325,0.121,0.787,0.605,0.887,0.105,0.449,-0.347,0.78,0.52,paper
49.332593,0.781,-0.0,0.624,-0.998,-0.022,0.052,-0.67,-0.307,-0.676,0.634,0.011,0.773,-0.327,0.576,-0.749,-0.456,-0.023,0.89,0.24,0.667,-0.705,-0.377,-0.115,0.919,0.204,0.76,-0.617,-0.4,-0.193,0.896,0.206,0.83,-0.518,-0.119,-0.777,0.619,-0.031,0.997,-0.066,none
40.664325,0.514,0.08,0.854,0.786,0.584,-0.202,-0.337,-0.36,-0.87,0.866,0.46,0.195,-0.996,-0.082,0.027,0.119,0.783,0.61,-0.743,-0.012,-0.669,0.09,0.693,0.715,-0.676,0.108,-0.729,-0.087,0.874,0.478,-0.897,-0.083,-0.434,-0.009,-0.481,0.877,0.725,-0.569,-0.388,none
33.477199,0.051,0.813,0.579,-0.259,0.95,0.173,0.239,-0.929,-0.283,0.736,-0.34,0.586,-0.0,-0.868,0.496,0.823,-0.187,0.536,-0.0,-0.614,0.789,0.859,-0.186,0.477,0.228,-0.342,0.912,0.995,-0.013,-0.097,0.442,-0.147,0.885,0.173,0.916,0.363,0.176,0.88,-0.44,rock
23.797863,0.013,0.696,0.718,-0.112,-0.703,-0.703,0.543,-0.663,-0.515,0.857,-0.371,0.358,-0.823,0.345,-0.451,0.974,-0.027,0.227,-0.978,0.026,-0.206,0.842,-0.035,0.539,-0.805,0.111,-0.583,0.832,0.007,0.555,-0.864,0.135,-0.486,0.051,0.83,0.555,-0.197,-0.76,-0.619,scissors
34.431616,0.468,-0.314,0.826,-0.995,-0.101,-0.02,-0.379,0.11,-0.919,0.556,0.106,0.825,-0.482,0.458,-0.747,-0.202,0.608,0.768,0.542,-0.271,0.796,0.271,0.847,0.458,0.945,0.054,-0.324,0.087,0.966,0.244,-0.035,0.643,-0.765,-0.391,0.07,0.918,-0.321,-0.909,0.267,none
16.810074,-0.35,0.453,0.82,0.302,0.302,-0.905,0.786,-0.413,-0.46,0.81,-0.222,-0.542,0.992,-0.0,0.124,0.912,0.398,-0.105,-0.577,-0.577,0.577,0.899,0.428,-0.094,-0.784,-0.196,-0.588,0.718,0.693,-0.064,-0.962,0.192,0.192,0.042,0.887,0.459,-0.857,-0.0,-0.514,none
24.614659,0.285,0.106,0.953,0.328,-0.912,-0.246,-0.238,-0.432,-0.87,0.914,0.406,0.031,-0.882,0.437,0.176,0.519,0.696,0.495,-0.963,0.241,-0.124,0.458,0.556,0.694,-0.943,0.242,-0.229,0.284,0.858,0.428,-0.951,-0.127,-0.28,-0.264,0.326,0.908,-0.818,-0.489,-0.304,none
40.152852,0.545,0.15,0.825,0.15,0.977,-0.15,-0.385,-0.418,-0.823,0.969,0.192,-0.157,0.156,-0.312,0.937,0.851,0.517,-0.094,-0.262,-0.087,0.961,0.8,0.589,-0.112,0.123,-0.123,0.985,0.582,0.693,-0.426,-0.089,0.178,0.98,0.268,-0.693,0.67,0.227,0.463,0.857,none
29.700711,0.449,-0.041,0.892,0.233,0.272,0.933,-0.545,-0.226,-0.807,0.502,0.679,0.536,0.324,0.811,0.487,0.03,0.725,0.689,-0.179,0.954,0.239,0.22,0.732,0.645,0.114,0.987,0.114,0.059,0.941,0.334,-0.0,0.998,-0.064,-0.36,-0.08,0.93,-0.285,0.204,0.937,none
18.197809,0.128,0.987,0.101,0.976,-0.008,0.22,0.296,-0.824,0.483,0.653,-0.757,-0.013,0.451,0.275,0.849,0.858,-0.421,0.292,-0.248,0.159,0.956,0.867,-0.479,0.136,-0.205,-0.13,0.97,0.939,-0.229,0.257,-0.18,0.114,0.977,0.798,0.131,0.588,-0.261,-0.518,0.814,none
14.616716,-0.225,0.748,0.624,-0.293,-0.48,0.827,0.837,-0.144,-0.528,0.755,-0.589,0.29,0.553,0.075,-0.83,0.956,-0.264,0.128,0.329,0.466,-0.822,0.94,0.074,0.332,-0.026,0.883,0.468,0.931,0.11,0.349,-0.116,0.789,0.603,0.088,0.938,0.335,-0.962,0.269,-0.045,scissors
12.722469,-0.173,-0.253,0.952,0.905,0.302,0.302,0.544,0.193,-0.817,0.823,0.042,-0.567,0.348,-0.348,-0.87,-0.512,0.732,0.449,-0.518,0.207,0.83,-0.42,0.639,0.644,-0.22,-0.275,0.936,-0.313,0.643,0.699,-0.206,-0.928,-0.309,-0.878,0.423,0.222,-0.707,-0.707,-0.0,none
6.100713,0.086,-0.151,0.985,0.963,0.168,-0.209,0.261,-0.018,-0.965,0.837,0.498,0.226,0.104,-0.695,0.712,-0.134,0.809,0.573,-0.252,-0.605,0.756,-0.065,0.726,0.685,-0.405,-0.725,0.557,-0.062,0.853,0.518,-0.623,-0.447,0.642,-0.412,0.33,0.849,0.256,-0.749,0.611,none
13.747024,-0.094,0.512,0.854,1.0,-0.0,0.0,0.424,-0.596,-0.682,0.813,-0.557,-0.169,-0.226,0.566,-0.793,0.948,-0.282,-0.145,-0.625,0.781,0.0,0.908,-0.237,-0.346,-0.469,0.625,-0.625,0.862,-0.044,-0.504,-0.704,0.704,-0.101,0.504,-0.081,0.86,-0.988,0.11,0.11,none
18.784365,0.073,0.769,0.635,0.577,0.577,-0.577,0.425,-0.797,-0.429,0.776,-0.315,0.547,-0.183,0.365,-0.913,0.856,-0.148,0.496,-0.816,0.408,0.408,0.894,-0.18,0.411,-0.229,0.688,-0.688,0.985,0.001,-0.173,-0.772,0.617,-0.154,0.092,0.921,0.378,-0.911,0.13,-0.391,rock
15.147632,-0.121,0.984,0.133,0.089,-0.948,-0.304,0.354,-0.884,0.306,0.73,-0.071,-0.679,-0.799,0.009,0.601,0.886,0.142,0.441,-0.841,-0.19,-0.506,0.936,-0.054,0.347,-0.87,0.009,-0.493,0.977,-0.144,0.156,-0.944,0.134,-0.303,0.953,0.112,0.28,-0.9,-0.104,-0.424,paper
49.332843,0.772,-0.158,0.616,-0.989,0.071,0.133,-0.7,-0.131,-0.702,0.569,0.005,0.822,-0.148,0.584,-0.798,-0.546,-0.044,0.837,0.288,0.751,-0.594,-0.484,-0.11,0.868,0.275,0.817,-0.507,-0.52,-0.154,0.84,0.216,0.891,-0.4,-0.216,-0.708,0.673,0.043,0.999,0.029,none
4.335312,-0.165,0.726,0.667,0.129,-0.805,-0.579,0.727,-0.604,-0.326,0.785,-0.535,0.312,-0.679,0.561,-0.473,0.979,-0.168,0.114,-0.934,0.33,-0.137,0.896,0.08,0.437,-0.929,0.09,-0.36,0.893,0.1,0.439,-0.971,0.118,-0.206,0.019,0.9,0.435,-0.293,-0.849,-0.439,scissors
1.094517,-0.015,-0.288,0.957,0.978,0.21,-0.0,0.21,0.185,-0.96,0.688,0.711,0.147,0.436,-0.873,0.218,-0.158,0.912,0.378,-0.381,-0.254,0.889,-0.032,0.886,0.462,-0.218,-0.436,0.873,-0.141,0.953,0.267,-0.447,-0.0,0.894,-0.614,0.347,0.709,-0.424,-0.707,0.566,none
15.636898,-0.153,0.728,0.668,0.132,0.991,0.033,0.808,-0.224,-0.545,0.807,-0.505,0.305,0.276,-0.551,0.787,0.975,-0.164,0.149,0.46,-0.354,0.814,0.902,0.063,0.427,0.772,-0.632,0.07,0.894,0.087,0.44,0.808,-0.566,0.162,0.044,0.903,0.427,0.595,0.675,0.437,scissors
24.277407,0.299,0.118,0.947,-0.092,0.969,0.231,-0.329,-0.446,-0.832,0.918,0.395,0.025,0.835,-0.452,-0.313,0.503,0.695,0.514,0.916,-0.087,0.392,0.472,0.529,0.705,0.893,-0.243,0.379,0.295,0.841,0.454,0.89,0.064,0.451,-0.261,0.296,0.919,0.774,0.448,0.448,none
4.992459,0.081,0.853,0.515,0.113,-0.806,-0.581,0.56,-0.746,-0.36,0.681,-0.348,0.645,-0.671,0.567,-0.477,0.782,-0.223,0.581,-0.869,0.405,-0.285,0.828,-0.191,0.527,-0.746,0.493,-0.448,0.998,-0.027,-0.052,-0.928,0.362,0.087,0.217,0.914,0.344,-0.141,-0.986,-0.094,rock
14.307915,0.119,0.393,0.912,-0.97,0.029,0.24,0.384,-0.499,-0.777,0.941,-0.145,-0.306,-0.874,-0.226,-0.429,0.954,0.264,-0.145,-0.685,-0.224,-0.693,0.924,0.281,-0.258,-0.896,0.052,-0.442,0.635,0.745,-0.204,-0.796,0.05,-0.604,0.044,0.109,0.993,0.698,0.713,0.075,none
1.375371,-0.152,0.757,0.636,0.424,0.707,0.566,0.76,-0.55,-0.346,0.754,-0.565,0.334,0.981,-0.0,-0.196,0.966,-0.205,0.154,0.64,0.426,0.64,0.912,0.031,0.408,0.688,-0.229,0.688,0.918,0.055,0.392,-0.0,0.11,0.994,0.073,0.899,0.431,-0.717,0.598,0.359,scissors
9.580249,-0.003,0.793,0.609,-0.049,0.767,0.64,0.611,-0.501,-0.613,0.747,-0.382,0.543,0.733,-0.474,0.489,0.851,-0.221,0.477,0.852,-0.299,0.43,0.865,-0.253,0.434,0.835,-0.327,0.443,0.986,-0.075,-0.149,0.984,-0.149,-0.097,0.114,0.948,0.296,0.014,0.979,0.206,rock
39.134388,0.59,0.042,0.806,-0.402,0.562,-0.723,-0.414,-0.308,-0.857,0.891,0.413,-0.19,0.945,0.075,0.318,0.633,0.771,-0.06,0.696,0.007,0.718,0.583,0.813,0.013,0.712,-0.252,0.655,0.375,0.872,-0.314,0.848,0.047,0.529,0.014,-0.765,0.644,-0.394,-0.394,-0.831,none
11.19852,-0.178,-0.175,0.968,0.091,0.986,0.143,0.447,0.202,-0.871,0.883,0.087,-0.461,0.797,-0.365,0.481,-0.426,0.702,0.571,0.851,0.466,-0.241,-0.363,0.611,0.703,0.274,0.781,-0.562,-0.021,0.971,0.237,-0.851,0.255,-0.459,-0.833,0.42,0.36,0.805,0.487,0.339,none
15.873403,-0.355,0.277,0.893,0.592,0.797,0.12,0.774,-0.178,-0.607,0.797,-0.077,-0.599,0.023,-0.615,0.789,0.847,0.495,-0.194,-0.975,-0.209,0.07,0.827,0.537,-0.166,-0.964,-0.015,-0.267,0.549,0.835,-0.025,0.425,-0.073,0.902,-0.149,0.882,0.446,0.598,-0.077,0.798,none
7.031766,0.09,0.824,0.56,0.828,0.311,-0.466,0.594,-0.579,-0.559,0.727,-0.31,0.613,-0.205,0.889,0.41,0.809,-0.169,0.563,-0.447,0.496,0.744,0.857,-0.16,0.491,-0.056,0.958,0.282,0.996,0.011,-0.089,-0.158,0.894,0.42,0.181,0.907,0.379,0.268,-0.358,0.894,rock
17.708611,-0.183,0.745,0.642,0.181,0.984,0.0,0.858,-0.334,-0.39,0.78,-0.545,0.31,0.266,-0.466,0.844,0.963,-0.217,0.162,0.466,-0.318,0.826,0.924,0.055,0.378,0.727,-0.684,0.064,0.912,0.103,0.397,0.757,-0.643,0.115,0.08,0.919,0.386,0.662,0.594,0.457,scissors
4.796828,-0.079,0.805,0.588,0.467,-0.722,-0.51,0.777,-0.541,-0.321,0.718,-0.546,0.431,-0.348,0.87,-0.348,0.941,-0.221,0.255,-0.752,0.652,0.1,0.93,-0.097,0.353,-0.957,-0.205,0.205,0.937,-0.071,0.342,-0.937,-0.156,0.312,0.179,0.875,0.45,-0.54,-0.84,0.06,scissors
11.704997,-0.181,-0.241,0.954,0.312,0.873,-0.374,0.538,0.205,-0.818,0.846,0.077,-0.528,-0.049,-0.73,0.682,-0.532,0.704,0.47,0.824,-0.507,-0.253,-0.454,0.612,0.647,0.573,-0.344,-0.744,-0.344,0.641,0.686,-0.841,0.3,-0.45,-0.875,0.404,0.265,0.44,0.88,0.176,none
29.355921,0.537,-0.042,0.843,0.309,0.619,0.722,-0.535,-0.249,-0.808,0.491,0.626,0.606,0.873,-0.436,-0.218,0.017,0.667,0.745,0.667,0.333,0.667,0.223,0.679,0.7,0.659,0.753,0.0,0.075,0.906,0.418,0.257,0.964,0.064,-0.36,-0.162,0.919,-0.928,0.0,-0.371,none
36.613277,0.096,0.823,0.56,-0.316,-0.949,0.0,0.17,-0.937,-0.305,0.735,-0.304,0.606,-0.217,0.0,-0.976,0.812,-0.159,0.562,-0.784,0.196,-0.588,0.859,-0.149,0.49,-0.272,0.136,-0.953,0.996,0.022,-0.084,-0.848,0.318,-0.424,0.188,0.899,0.396,-0.894,-0.0,-0.447,rock
10.68514,-0.069,-0.171,0.983,0.555,-0.0,-0.832,0.404,0.085,-0.911,0.743,0.416,0.524,0.939,-0.324,0.117,-0.568,0.617,0.546,-0.144,-0.384,0.912,-0.094,0.711,0.697,0.062,-0.434,0.899,0.142,0.509,-0.849,0.381,-0.254,-0.889,-0.72,0.571,0.395,-0.733,-0.133,-0.667,none
29.470252,0.037,0.809,0.586,-0.745,-0.596,0.298,-0.445,-0.55,-0.707,0.744,-0.35,0.569,-0.0,-0.287,-0.958,0.835,-0.196,0.514,-0.365,-0.183,-0.913,0.865,-0.207,0.457,-0.12,-0.241,-0.963,0.991,-0.032,-0.127,-0.707,-0.0,-0.707,0.147,0.93,0.338,-0.855,0.142,-0.499,rock
20.09546,0.228,0.945,-0.235,-0.969,0.209,-0.133,0.285,-0.427,0.858,0.202,-0.922,0.331,-0.811,-0.418,-0.41,0.465,-0.842,0.274,-0.433,-0.438,-0.788,0.483,-0.869,-0.111,0.716,0.099,-0.691,0.799,0.042,0.6,-0.594,-0.594,-0.542,0.958,0.131,0.254,-0.378,0.595,-0.709,none
16.728784,0.072,0.762,0.644,0.0,0.894,0.447,0.43,-0.798,-0.422,0.781,-0.316,0.539,0.196,0.0,-0.981,0.863,-0.143,0.484,-0.577,0.577,0.577,0.898,-0.181,0.401,0.302,0.302,-0.905,0.983,0.002,-0.185,-0.577,0.577,-0.577,0.081,0.922,0.379,-0.855,0.367,-0.367,rock
10.467472,-0.149,0.96,0.239,-0.188,0.908,0.376,0.65,-0.695,0.308,0.795,0.031,-0.606,0.795,0.199,-0.574,0.817,0.225,0.53,0.627,0.348,0.697,0.902,0.044,0.429,0.794,0.234,0.561,0.972,-0.077,0.222,0.855,0.171,0.489,0.924,0.141,0.356,0.757,0.324,0.568,paper
34.302945,0.512,-0.251,0.822,-0.947,-0.227,-0.227,-0.363,0.049,-0.931,0.538,0.106,0.836,-0.805,-0.546,-0.23,-0.387,0.446,0.807,0.499,-0.315,0.807,0.136,0.677,0.724,0.812,-0.381,0.441,0.097,0.965,0.244,-0.889,0.222,-0.4,-0.369,0.035,0.929,-0.27,-0.189,0.944,none
2.913893,-0.111,0.954,0.278,0.535,-0.267,-0.802,0.771,-0.63,0.094,0.83,0.08,-0.552,-0.667,-0.667,-0.333,0.764,0.256,0.592,-0.845,-0.507,0.169,0.874,0.078,0.48,-0.816,-0.408,-0.408,0.963,-0.045,0.266,-0.963,0.12,0.241,0.904,0.129,0.407,-0.83,-0.207,-0.518,paper
23.799067,0.034,0.743,0.669,0.269,-0.384,-0.883,0.54,-0.639,-0.548,0.829,-0.39,0.401,-0.877,0.478,-0.04,0.959,-0.059,0.276,-0.962,0.107,0.25,0.857,-0.097,0.505,-0.8,-0.36,-0.48,0.858,-0.053,0.51,-0.877,-0.319,-0.359,0.116,0.829,0.546,0.132,-0.926,-0.353,scissors
3.518124,-0.088,0.955,0.284,0.333,0.667,0.667,0.77,-0.623,0.136,0.853,0.053,-0.519,0.588,0.196,-0.784,0.74,0.236,0.63,-0.442,0.147,0.885,0.85,0.073,0.521,-0.267,0.535,0.802,0.952,-0.051,0.303,-0.384,0.512,0.768,0.9,0.103,0.423,-0.577,0.577,0.577,paper
37.122627,0.067,0.825,0.561,-0.236,0.236,-0.943,0.21,-0.956,-0.207,0.727,-0.335,0.6,-0.949,-0.0,-0.316,0.814,-0.189,0.55,-0.933,-0.254,0.254,0.851,-0.18,0.493,-0.97,0.216,0.108,0.997,-0.009,-0.083,-0.818,0.182,0.545,0.19,0.911,0.367,-0.13,-0.391,-0.911,rock
27.943461,0.069,0.876,0.477,0.086,0.901,0.424,-0.325,-0.89,-0.319,0.662,-0.356,0.659,0.639,-0.393,0.661,0.762,-0.252,0.597,0.734,-0.281,0.618,0.791,-0.211,0.574,0.763,-0.204,0.613,0.998,-0.063,0.018,0.994,-0.049,0.098,0.272,0.916,0.296,0.209,0.936,0.283,rock
35.593402,0.065,0.854,0.516,-0.055,0.055,-0.997,0.127,-0.951,-0.282,0.689,-0.328,0.647,-0.92,0.245,-0.307,0.776,-0.206,0.596,-0.997,-0.055,0.055,0.823,-0.169,0.543,-0.958,0.256,-0.128,1.0,-0.008,-0.027,-0.882,0.165,0.441,0.253,0.898,0.36,0.0,-0.743,-0.669,rock
49.332718,0.795,-0.109,0.597,-0.996,0.042,0.073,-0.728,-0.171,-0.665,0.613,-0.068,0.787,-0.268,0.553,-0.789,-0.484,-0.09,0.87,0.278,0.692,-0.667,-0.444,-0.163,0.881,0.245,0.772,-0.586,-0.502,-0.185,0.845,0.222,0.839,-0.497,-0.176,-0.693,0.699,0.021,0.999,-0.036,none
19.207578,-0.046,0.752,0.658,-0.36,-0.274,0.892,0.579,-0.679,-0.452,0.813,-0.452,0.368,0.654,-0.041,-0.756,0.967,-0.12,0.226,0.547,0.251,-0.798,0.885,-0.009,0.466,0.195,0.868,0.456,0.876,0.031,0.481,0.02,0.826,0.564,0.087,0.864,0.495,-0.893,0.446,-0.058,scissors
4.990815,0.021,0.811,0.585,0.192,-0.654,-0.731,0.502,-0.79,-0.353,0.737,-0.36,0.572,-0.732,0.6,-0.324,0.837,-0.201,0.509,-0.913,0.386,-0.129,0.87,-0.211,0.445,-0.796,0.534,-0.285,0.989,-0.033,-0.146,-0.889,0.381,0.254,0.126,0.931,0.343,0.074,-0.995,-0.074,rock
10.68592,0.176,-0.056,0.983,-0.784,-0.54,-0.307,0.223,-0.006,-0.975,0.902,0.418,-0.107,0.992,0.119,0.038,0.315,0.806,0.502,0.546,-0.245,0.801,0.435,0.681,0.59,-0.182,-0.743,0.644,0.327,0.833,-0.447,-0.98,-0.198,-0.016,-0.664,0.511,0.546,-0.515,0.664,0.542,none
17.435023,-0.362,0.437,0.823,0.745,-0.61,-0.271,0.75,-0.378,-0.543,0.812,-0.336,-0.478,-0.26,0.909,0.325,0.929,0.346,-0.131,-0.889,0.222,0.4,0.884,0.463,-0.061,-0.978,0.196,0.078,0.687,0.725,-0.044,-0.967,0.132,0.22,0.012,0.878,0.479,-0.758,-0.65,-0.054,none
22.987762,0.459,0.248,0.853,-0.85,0.372,0.372,-0.412,-0.555,-0.723,0.937,0.242,0.25,0.76,0.122,-0.638,0.382,0.48,0.79,0.981,0.157,0.118,0.379,0.125,0.917,0.523,0.719,-0.458,0.269,0.573,0.774,0.312,0.873,-0.374,-0.117,0.073,0.991,0.062,0.99,-0.124,none
50.353819,0.631,-0.71,0.313,0.678,-0.678,0.283,-0.736,0.441,-0.514,0.055,0.908,0.416,0.865,0.204,-0.458,-0.543,0.801,0.251,0.836,-0.098,0.541,-0.453,0.862,0.225,0.52,-0.347,0.78,-0.621,0.742,0.251,0.172,0.573,0.802,-0.756,-0.571,0.319,-0.896,-0.138,0.423,none
31.139026,0.363,-0.173,0.916,-0.953,0.272,-0.136,-0.309,-0.09,-0.947,0.543,0.304,0.783,0.979,0.098,0.179,-0.585,0.088,0.806,-0.081,0.081,0.993,-0.404,-0.079,0.911,0.486,-0.304,0.82,-0.418,0.11,0.902,0.849,0.111,0.517,-0.406,-0.077,0.911,0.344,0.573,-0.744,none
13.236322,-0.086,0.526,0.846,0.561,0.716,-0.416,0.359,-0.605,-0.711,0.898,-0.394,-0.196,0.27,0.023,0.963,0.998,-0.029,-0.062,0.126,-0.283,0.951,0.974,-0.093,-0.205,0.168,-0.39,0.905,0.882,0.068,-0.467,0.494,-0.107,0.863,0.532,0.048,0.845,0.4,-0.651,-0.645,none
36.611805,0.096,0.81,0.579,-0.707,0.0,0.707,0.16,-0.946,-0.283,0.744,-0.299,0.597,0.0,-0.275,-0.962,0.82,-0.149,0.552,-0.577,-0.577,-0.577,0.867,-0.145,0.477,-0.0,-0.243,-0.97,0.995,0.025,-0.098,-0.784,0.196,-0.588,0.171,0.899,0.404,-0.839,0.28,-0.466,rock
37.684609,0.606,-0.458,0.65,0.0,-0.316,-0.949,-0.483,0.31,-0.819,0.77,0.585,-0.256,-0.668,0.177,-0.723,0.553,0.819,-0.152,-0.707,0.031,-0.707,0.538,0.796,-0.278,-0.714,0.525,-0.462,0.053,0.847,-0.529,-0.784,0.619,-0.041,-0.681,-0.228,0.696,-0.509,-0.706,0.493,none
47.806382,0.562,-0.514,0.648,-0.387,-0.898,-0.207,-0.46,0.341,-0.82,0.189,0.445,0.875,-0.182,0.808,0.56,-0.916,0.041,0.399,-0.92,-0.031,-0.39,-0.856,-0.01,0.517,-0.89,0.16,-0.427,-0.841,-0.04,0.539,-0.786,0.087,-0.612,-0.55,-0.47,0.69,-0.698,0.224,-0.68,none
4.204043,-0.164,0.714,0.68,0.303,-0.808,-0.505,0.745,-0.595,-0.301,0.791,-0.533,0.3,-0.577,0.577,-0.577,0.982,-0.163,0.098,-0.905,0.422,-0.06,0.89,0.096,0.447,-0.933,0.0,-0.359,0.886,0.112,0.449,-0.983,0.184,0.0,0.001,0.902,0.431,-0.538,-0.74,-0.404,scissors
33.478243,0.105,0.816,0.569,-0.136,-0.953,0.272,0.248,-0.932,-0.266,0.743,-0.294,0.601,-0.082,0.164,-0.983,0.818,-0.144,0.557,-0.512,0.384,-0.768,0.865,-0.143,0.481,-0.286,0.095,-0.953,0.996,0.028,-0.088,-0.83,0.249,-0.498,0.167,0.896,0.412,-0.924,-0.142,-0.355,rock
1.096256,-0.015,-0.307,0.952,-0.351,0.211,0.912,0.184,0.153,-0.971,0.671,0.727,0.142,0.836,0.193,-0.514,-0.171,0.915,0.365,0.224,0.822,0.523,-0.049,0.894,0.446,0.545,0.778,0.311,-0.153,0.957,0.247,0.13,0.911,0.391,-0.63,0.348,0.694,-0.441,0.735,0.515,none
9.802907,-0.081,0.947,0.311,0.419,0.698,-0.581,0.561,-0.82,0.114,0.871,0.03,-0.49,0.215,-0.623,-0.752,0.734,0.219,0.642,0.772,-0.628,0.097,0.829,0.055,0.557,0.683,-0.73,-0.024,0.931,-0.068,0.36,0.535,-0.829,-0.161,0.876,0.08,0.476,0.796,-0.488,-0.359,paper
30.416704,0.383,-0.028,0.923,-0.824,0.21,-0.526,-0.445,-0.225,-0.867,0.619,0.536,0.574,-0.967,-0.071,-0.245,-0.231,0.487,0.842,-0.493,0.244,-0.835,0.081,0.444,0.892,-0.653,0.38,-0.656,-0.038,0.736,0.676,-0.877,0.074,-0.474,-0.374,-0.038,0.927,0.419,0.374,-0.827,none
2.988254,-0.135,0.755,0.641,0.183,0.913,0.365,0.734,-0.585,-0.346,0.76,-0.54,0.36,0.816,-0.408,-0.408,0.972,-0.181,0.153,0.0,0.555,0.832,0.911,0.016,0.413,0.802,-0.267,0.535,0.913,0.04,0.405,0.0,0.275,0.962,0.068,0.894,0.442,-0.811,0.487,0.324,scissors
20.802351,0.041,0.764,0.644,-0.504,-0.42,-0.755,0.583,-0.704,-0.407,0.777,-0.346,0.526,-0.767,-0.064,-0.639,0.865,-0.172,0.472,-0.927,-0.265,-0.265,0.892,-0.214,0.398,-0.931,-0.072,-0.358,0.981,-0.029,-0.19,-0.972,-0.13,0.194,0.076,0.935,0.347,-0.277,-0.484,-0.83,rock
41.683096,0.071,0.644,0.762,0.777,0.468,-0.421,0.236,-0.811,-0.536,0.966,-0.138,-0.22,0.202,-0.501,0.842,0.793,0.475,0.382,-0.019,-0.502,0.865,0.795,0.432,0.426,0.009,-0.6,0.8,0.677,0.718,0.159,0.238,-0.238,0.942,0.489,-0.085,0.868,0.575,-0.719,-0.39,none
14.732775,-0.161,0.975,0.154,0.108,-0.947,-0.301,0.159,-0.934,0.319,0.745,0.002,-0.667,-0.793,-0.008,0.61,0.869,0.216,0.446,-0.835,-0.207,-0.51,0.934,0.021,0.356,-0.868,-0.007,-0.496,0.984,-0.075,0.164,-0.946,0.109,-0.306,0.94,0.16,0.303,-0.897,-0.129,-0.423,paper
7.993574,-0.113,0.819,0.563,0.009,0.774,0.633,-0.249,-0.807,-0.536,0.718,-0.554,0.422,0.789,-0.493,0.365,0.941,-0.236,0.241,0.964,-0.138,0.226,0.939,-0.054,0.339,0.885,-0.067,0.462,0.942,-0.031,0.334,0.853,-0.039,0.52,0.169,0.891,0.421,0.0,0.879,0.478,scissors
15.702789,0.063,0.748,0.661,-0.577,0.577,-0.577,0.452,-0.796,-0.402,0.789,-0.321,0.524,-0.707,0.0,-0.707,0.871,-0.147,0.469,-0.949,-0.0,0.316,0.901,-0.193,0.388,-0.728,0.485,-0.485,0.98,-0.007,-0.201,-0.885,0.442,0.147,0.063,0.926,0.372,-0.707,0.0,-0.707,rock
23.79774,0.009,0.692,0.722,-0.289,-0.688,-0.666,0.543,-0.663,-0.515,0.858,-0.367,0.359,-0.802,0.267,-0.535,0.973,-0.022,0.23,-0.951,-0.024,-0.309,0.841,-0.038,0.54,-0.771,0.224,-0.597,0.833,0.005,0.554,-0.817,0.248,-0.52,0.049,0.83,0.556,-0.229,-0.688,-0.688,scissors
8.499047,-0.167,0.758,0.631,-0.447,-0.0,-0.894,-0.328,-0.719,-0.612,0.775,-0.536,0.335,-0.745,-0.083,-0.662,0.969,-0.195,0.153,-0.941,-0.282,-0.188,0.912,0.048,0.408,-0.424,0.318,-0.848,0.91,0.066,0.41,-0.781,0.488,-0.39,0.066,0.906,0.419,-0.432,-0.259,-0.864,scissors
10.600972,0.094,0.889,0.448,0.293,0.756,0.586,0.368,-0.88,-0.299,0.643,-0.331,0.691,0.798,-0.17,0.578,0.736,-0.235,0.635,0.806,-0.0,0.592,0.787,-0.166,0.594,0.892,-0.0,0.451,0.999,-0.016,0.035,0.98,0.188,-0.069,0.304,0.89,0.339,0.038,0.872,0.489,rock
15.326726,-0.184,-0.164,0.969,0.532,-0.599,0.599,0.654,0.209,-0.727,0.728,0.139,-0.671,0.179,0.76,-0.625,0.756,0.514,-0.406,-0.043,0.991,-0.129,0.73,0.459,-0.507,0.846,0.451,-0.282,-0.264,0.715,0.647,-0.528,0.308,0.792,-0.726,0.638,0.255,-0.111,-0.444,-0.889,none
41.683221,0.002,0.685,0.728,0.73,0.519,-0.444,0.214,-0.809,-0.547,0.955,-0.157,-0.251,0.11,-0.575,0.811,0.828,0.445,0.34,-0.031,-0.577,0.816,0.842,0.393,0.37,-0.0,-0.676,0.737,0.699,0.703,0.13,0.262,-0.32,0.91,0.547,-0.038,0.836,0.656,-0.648,-0.389,none
7.67278,-0.031,0.165,0.986,-0.992,0.127,-0.029,0.359,-0.519,-0.776,0.925,0.227,-0.304,-0.162,0.456,-0.875,0.35,0.675,0.649,0.358,0.673,-0.647,0.263,0.617,0.742,0.291,0.78,-0.553,-0.016,0.646,0.763,0.326,0.693,-0.643,-0.098,0.305,0.947,0.156,0.988,0.024,none
41.683589,-0.251,0.772,0.584,0.553,0.548,-0.627,0.363,-0.875,-0.321,0.849,-0.268,-0.456,-0.123,-0.749,0.651,0.923,0.367,0.116,-0.03,-0.833,0.552,0.927,0.345,0.143,-0.035,-0.911,0.411,0.811,0.58,-0.08,0.214,-0.673,0.708,0.634,0.238,0.736,0.675,-0.545,-0.498,none
10.847327,-0.204,0.939,0.278,-0.136,0.912,0.388,0.549,-0.774,0.314,0.825,0.105,-0.556,0.778,0.127,-0.615,0.762,0.306,0.571,0.719,0.311,0.622,0.863,0.14,0.486,0.83,0.135,0.541,0.957,0.021,0.29,0.889,0.062,0.455,0.882,0.194,0.43,0.823,0.245,0.512,paper
50.353944,0.645,-0.682,0.344,0.812,-0.575,-0.101,-0.744,0.426,-0.515,0.05,0.922,0.383,-0.741,0.642,-0.198,-0.544,0.81,0.22,-0.948,0.035,-0.316,-0.458,0.867,0.196,-0.971,0.083,-0.222,-0.638,0.738,0.219,-0.928,0.371,0.0,-0.767,-0.582,0.27,-0.922,-0.288,0.259,none
4.517964,0.008,0.744,0.668,0.062,-0.927,-0.371,0.513,-0.778,-0.361,0.794,-0.351,0.497,-0.44,0.342,-0.831,0.883,-0.165,0.439,-0.657,0.368,-0.657,0.901,-0.23,0.368,-0.588,0.196,-0.784,0.974,-0.044,-0.223,-0.942,0.141,-0.306,0.033,0.94,0.341,-0.587,-0.734,-0.342,rock
2.869479,-0.138,0.948,0.288,0.368,-0.882,0.294,0.771,-0.622,0.137,0.836,0.097,-0.54,-0.391,-0.13,0.911,0.75,0.275,0.602,-0.927,-0.265,0.265,0.862,0.107,0.495,-0.983,-0.082,0.164,0.96,-0.02,0.279,-0.881,0.059,0.47,0.899,0.14,0.414,-0.958,-0.282,0.056,paper
47.295199,0.348,-0.401,0.847,-0.643,-0.753,-0.141,-0.191,0.261,-0.946,0.442,0.59,0.675,-0.799,0.496,-0.34,-0.811,0.376,0.448,-0.395,0.113,-0.912,-0.751,0.29,0.593,-0.487,0.298,-0.821,-0.746,0.252,0.616,-0.488,0.488,-0.723,-0.494,-0.084,0.866,-0.763,0.495,-0.414,none
2.212298,0.065,0.817,0.573,0.802,0.267,0.535,0.525,-0.78,-0.341,0.729,-0.342,0.592,0.862,0.492,0.123,0.821,-0.189,0.539,0.303,0.505,0.808,0.861,-0.184,0.474,0.742,0.636,0.212,0.995,-0.013,-0.103,0.406,0.914,-0.0,0.156,0.915,0.371,-0.492,0.615,0.615,rock
7.966765,0.09,0.309,0.947,0.334,-0.808,-0.485,0.324,-0.369,-0.871,0.899,0.378,-0.222,0.988,0.127,0.082,0.392,0.833,0.391,0.569,-0.149,0.809,0.419,0.78,0.464,0.666,-0.175,0.725,0.428,0.83,0.357,0.798,-0.084,0.597,-0.139,0.705,0.695,0.663,-0.045,-0.747,none
26.096908,0.557,0.36,0.749,-0.742,-0.531,0.41,-0.478,-0.65,-0.591,0.899,0.155,0.41,0.074,0.821,-0.566,0.22,0.362,0.906,0.113,0.907,-0.405,0.354,0.245,0.903,0.712,0.701,0.034,0.271,0.59,0.761,-0.056,0.505,-0.861,-0.003,-0.312,0.95,-0.69,0.712,-0.131,none
42.193317,-0.515,0.739,0.434,-0.558,-0.301,-0.773,0.71,-0.7,-0.073,0.609,-0.281,-0.741,-0.894,-0.358,0.268,0.944,0.291,-0.158,-0.446,-0.893,0.064,0.946,0.281,-0.163,-0.408,-0.816,-0.408,0.866,0.41,-0.286,-0.239,-0.958,-0.16,0.629,0.614,0.477,0.182,0.152,-0.971,none
49.843014,0.705,-0.454,0.544,-0.85,-0.02,0.526,-0.634,0.245,-0.733,0.235,0.2,0.951,-0.058,0.088,-0.994,-0.785,-0.037,0.618,-0.706,0.649,-0.282,-0.752,-0.058,0.657,-0.487,0.758,-0.433,-0.78,-0.068,0.622,-0.629,0.654,-0.42,-0.508,-0.682,0.526,0.214,0.608,0.765,none
49.844813,0.704,-0.562,0.435,0.307,-0.692,0.653,-0.674,0.391,-0.627,0.275,0.423,0.864,0.762,0.357,0.541,-0.769,0.154,0.621,0.007,-0.132,0.991,-0.719,0.116,0.686,0.121,-0.224,0.967,-0.845,-0.049,0.533,0.494,-0.114,0.862,-0.499,-0.39,0.773,0.67,0.092,-0.736,none
4.480852,0.043,0.772,0.634,-0.745,-0.083,0.662,0.514,-0.795,-0.321,0.762,-0.357,0.541,0.285,-0.641,-0.712,0.856,-0.186,0.482,0.456,-0.684,-0.57,0.884,-0.215,0.415,0.287,-0.766,-0.575,0.984,-0.029,-0.174,-0.105,-0.527,-0.843,0.097,0.934,0.344,-0.654,0.535,-0.535,rock
25.888941,0.484,0.494,0.723,-0.875,-0.336,0.348,-0.345,-0.814,-0.467,0.988,-0.088,0.13,0.746,0.544,-0.384,0.437,0.217,0.873,0.606,0.723,0.332,0.555,0.036,0.831,0.799,0.256,0.543,0.422,0.427,0.8,0.727,0.686,-0.033,0.171,-0.297,0.939,-0.121,0.944,-0.307,none
4.920472,-0.107,0.797,0.595,0.398,0.455,0.796,0.795,-0.53,-0.295,0.727,-0.548,0.413,0.987,0.141,0.071,0.947,-0.22,0.235,0.673,0.673,0.306,0.928,-0.053,0.368,0.42,-0.12,0.9,0.93,-0.023,0.367,0.316,-0.053,0.947,0.152,0.88,0.45,-0.548,0.438,0.712,scissors
17.135892,-0.351,0.446,0.823,0.0,0.0,0.0,0.774,-0.413,-0.481,0.79,-0.273,-0.549,0.979,0.087,0.186,0.916,0.375,-0.144,0.565,-0.125,0.816,0.895,0.432,-0.109,-0.745,-0.298,-0.596,0.713,0.697,-0.073,-0.333,0.667,0.667,0.034,0.888,0.459,-0.905,0.302,-0.302,none
39.643031,0.569,0.053,0.821,0.512,-0.384,-0.768,-0.415,-0.341,-0.844,0.924,0.296,-0.241,0.274,0.791,0.547,0.765,0.623,-0.163,0.08,0.539,0.838,0.697,0.702,-0.147,0.247,0.082,0.966,0.459,0.761,-0.458,0.272,0.43,0.861,0.015,-0.745,0.667,-0.226,-0.226,-0.948,none
8.96119,-0.069,0.941,0.333,-0.43,-0.132,0.893,0.567,-0.792,0.227,0.882,0.028,-0.471,0.539,0.809,0.236,0.714,0.222,0.664,-0.398,0.734,0.551,0.812,0.064,0.58,-0.166,0.831,0.532,0.923,-0.061,0.381,-0.059,0.762,0.645,0.867,0.081,0.492,-0.425,0.589,0.687,paper
3.970735,0.041,0.817,0.576,0.236,-0.236,-0.943,0.499,-0.797,-0.34,0.726,-0.354,0.589,-0.384,0.512,-0.768,0.825,-0.202,0.528,-0.905,0.302,0.302,0.857,-0.205,0.473,-0.566,0.707,-0.424,0.993,-0.033,-0.115,-0.848,0.53,0.0,0.156,0.926,0.343,-0.762,-0.457,-0.457,rock
30.633752,0.421,-0.177,0.89,-0.336,0.155,-0.929,-0.432,-0.139,-0.891,0.648,0.242,0.722,-0.864,-0.116,-0.49,-0.422,0.053,0.905,0.104,0.36,-0.927,-0.297,-0.156,0.942,-0.264,0.481,-0.836,-0.312,0.117,0.943,-0.599,0.25,-0.761,-0.4,-0.056,0.915,-0.876,0.095,-0.473,none
34.848431,0.528,-0.382,0.759,-0.207,-0.678,-0.705,-0.384,0.205,-0.901,0.53,0.163,0.832,-0.514,0.514,-0.686,-0.175,0.659,0.731,-0.516,-0.132,-0.846,0.32,0.889,0.329,0.461,0.202,-0.864,0.141,0.99,-0.003,0.628,0.357,-0.692,-0.598,0.02,0.801,0.031,0.752,-0.659,none
7.476722,-0.161,0.701,0.694,-0.042,0.713,0.699,0.12,-0.903,-0.413,0.806,-0.526,0.27,0.816,-0.484,0.318,0.983,-0.168,0.068,0.981,-0.115,0.158,0.902,0.113,0.416,0.872,-0.014,0.489,0.893,0.134,0.43,0.839,0.014,0.545,-0.021,0.918,0.396,-0.049,0.883,0.466,scissors
6.093955,0.11,-0.187,0.976,0.447,0.0,-0.894,0.238,0.067,-0.969,0.787,0.544,0.292,-0.557,-0.743,0.371,-0.221,0.792,0.569,-0.535,-0.802,0.267,-0.114,0.726,0.678,-0.164,-0.986,0.0,-0.09,0.862,0.499,-0.248,-0.744,0.62,-0.445,0.274,0.853,-0.371,-0.557,-0.743,none
26.482934,0.636,0.16,0.755,-0.557,0.768,0.316,-0.568,-0.496,-0.656,0.639,0.591,0.493,-0.252,0.042,-0.967,0.073,0.639,0.766,0.296,0.24,-0.925,0.201,0.614,0.763,0.285,0.318,-0.904,0.079,0.853,0.516,0.088,0.229,-0.969,0.321,-0.812,0.488,-0.797,-0.602,0.053,none
14.255998,0.001,0.541,0.841,0.165,-0.959,-0.231,0.445,-0.598,-0.666,0.901,-0.4,-0.166,-0.761,0.434,-0.483,0.995,-0.065,-0.078,-0.824,0.185,-0.536,0.973,-0.055,-0.226,-0.905,0.124,-0.408,0.899,0.17,-0.404,-0.967,0.091,-0.238,0.474,-0.043,0.879,0.615,0.672,0.412,none
16.805295,-0.346,0.46,0.818,-0.894,0.0,0.447,0.801,-0.376,-0.466,0.819,-0.201,-0.537,0.164,-0.082,-0.983,0.908,0.406,-0.101,0.324,0.487,-0.811,0.899,0.429,-0.087,0.503,0.503,-0.704,0.718,0.694,-0.054,0.0,0.848,-0.53,0.046,0.889,0.456,-0.61,0.745,-0.271,none
5.499686,0.03,0.894,0.447,0.058,-0.991,-0.117,0.658,-0.688,-0.306,0.624,-0.359,0.694,-0.392,0.48,-0.785,0.731,-0.263,0.629,-0.728,0.485,-0.485,0.774,-0.197,0.601,-0.529,0.397,-0.75,0.998,-0.049,0.04,-0.897,0.367,-0.245,0.3,0.9,0.317,-0.673,-0.718,-0.179,rock
19.719197,0.042,0.749,0.661,-0.034,0.616,0.787,0.5,-0.694,-0.518,0.823,-0.387,0.416,0.94,-0.338,0.038,0.957,-0.057,0.285,0.996,0.04,0.08,0.853,-0.082,0.515,0.8,0.145,0.582,0.851,-0.053,0.523,0.614,0.217,0.759,0.106,0.819,0.564,-0.359,0.848,0.391,scissors
23.861184,-0.022,0.799,0.601,0.08,0.721,0.689,0.567,-0.663,-0.489,0.743,-0.39,0.544,0.82,-0.349,0.454,0.849,-0.227,0.478,0.89,-0.147,0.432,0.865,-0.255,0.432,0.906,-0.196,0.376,0.984,-0.076,-0.16,0.984,0.0,-0.176,0.104,0.949,0.298,-0.067,0.94,0.336,rock
29.958944,0.396,-0.061,0.916,-0.14,0.7,-0.7,-0.538,-0.19,-0.821,0.503,0.687,0.524,0.447,-0.537,-0.716,0.023,0.739,0.674,0.412,-0.907,0.082,0.221,0.745,0.629,0.294,-0.956,0.0,0.059,0.952,0.299,0.3,-0.675,0.675,-0.376,-0.017,0.927,0.662,0.147,-0.735,none
44.232798,-0.675,0.562,0.478,0.983,0.101,-0.151,0.827,-0.551,-0.11,0.273,0.533,-0.801,0.967,0.1,0.233,0.403,0.866,-0.295,0.061,0.083,0.995,0.59,0.744,-0.314,0.327,-0.314,0.891,0.341,0.939,-0.046,0.776,-0.546,-0.316,0.601,0.668,0.44,-0.885,-0.442,-0.147,none
8.109079,-0.074,0.956,0.285,-0.042,0.925,0.378,0.692,-0.713,0.113,0.842,0.015,-0.539,0.797,0.08,-0.598,0.768,0.201,0.609,0.585,0.27,0.765,0.856,0.029,0.516,0.791,0.093,0.605,0.946,-0.097,0.309,0.799,0.05,0.599,0.9,0.077,0.429,0.808,0.186,0.559,paper
18.788516,0.07,0.767,0.638,-0.0,-0.447,0.894,0.447,-0.792,-0.415,0.779,-0.312,0.544,0.243,0.0,-0.97,0.859,-0.14,0.493,0.169,0.507,-0.845,0.895,-0.18,0.409,0.196,-0.0,-0.981,0.985,0.001,-0.174,-0.477,0.191,-0.858,0.084,0.921,0.381,-0.953,0.136,-0.272,rock
9.016451,-0.152,0.76,0.632,0.276,-0.765,-0.582,-0.292,-0.775,-0.56,0.773,-0.532,0.346,-0.673,0.642,-0.367,0.969,-0.186,0.165,-0.935,0.351,-0.058,0.909,0.044,0.414,-0.962,-0.03,-0.271,0.905,0.068,0.419,-0.99,-0.028,-0.141,0.069,0.901,0.428,-0.245,-0.92,-0.307,scissors
32.531483,0.066,0.827,0.558,0.738,-0.422,-0.527,0.275,-0.928,-0.25,0.724,-0.324,0.609,0.0,0.61,-0.793,0.81,-0.185,0.557,-0.382,0.841,-0.382,0.848,-0.179,0.5,-0.125,0.565,-0.816,0.998,-0.012,-0.068,-0.662,0.606,-0.441,0.183,0.912,0.367,-0.905,-0.422,0.06,rock
15.191138,0.067,0.736,0.674,0.272,0.953,-0.136,0.392,-0.789,-0.474,0.805,-0.317,0.502,0.447,-0.894,-0.0,0.883,-0.131,0.451,-0.183,-0.365,0.913,0.912,-0.192,0.363,0.707,-0.0,0.707,0.974,-0.003,-0.225,0.0,0.894,0.447,0.035,0.926,0.377,-0.408,0.816,-0.408,rock
47.293037,0.017,-0.26,0.966,-0.699,-0.712,0.068,0.145,-0.047,-0.988,0.486,0.807,0.334,-0.608,0.794,-0.013,-0.669,0.706,0.231,-0.6,0.237,-0.764,-0.621,0.647,0.443,-0.675,0.415,-0.61,-0.59,0.605,0.534,-0.654,0.545,-0.525,-0.349,0.304,0.887,-0.708,0.665,-0.24,none
51.883206,0.733,-0.627,0.264,-0.815,-0.558,0.157,-0.771,0.391,-0.502,0.156,0.988,0.01,0.995,-0.049,0.089,-0.237,0.971,0.018,0.823,-0.005,0.568,-0.145,0.989,-0.02,0.866,-0.003,0.5,-0.367,0.93,0.028,0.955,-0.064,0.29,-0.693,-0.663,0.285,-0.792,0.317,0.522,none
9.885177,-0.111,0.944,0.31,0.407,0.679,-0.611,0.598,-0.779,0.188,0.863,0.048,-0.503,0.089,-0.737,-0.67,0.737,0.239,0.632,0.67,-0.742,-0.024,0.834,0.077,0.547,0.545,-0.83,-0.119,0.933,-0.04,0.358,0.347,-0.907,-0.24,0.876,0.106,0.47,0.615,-0.615,-0.492,paper
6.967121,-0.131,0.723,0.678,-0.246,0.737,0.63,0.494,-0.789,-0.364,0.791,-0.523,0.317,0.74,-0.646,0.189,0.976,-0.171,0.137,0.941,-0.329,0.078,0.903,0.054,0.427,0.944,0.076,0.32,0.898,0.064,0.435,0.898,0.139,0.418,0.04,0.9,0.435,-0.031,0.961,0.275,scissors
17.166901,-0.072,0.738,0.67,-0.257,0.147,0.955,0.723,-0.35,-0.596,0.816,-0.455,0.358,0.834,-0.217,-0.507,0.97,-0.116,0.214,0.845,0.169,-0.507,0.887,-0.009,0.462,0.497,0.65,0.574,0.878,0.022,0.478,0.278,0.625,0.729,0.074,0.868,0.49,-0.732,0.669,0.127,scissors
23.238229,0.08,0.89,0.449,0.197,0.756,0.624,0.589,-0.449,-0.672,0.631,-0.339,0.697,0.813,-0.337,0.475,0.728,-0.25,0.639,0.856,-0.15,0.495,0.776,-0.176,0.606,0.892,-0.178,0.416,0.998,-0.03,0.046,0.99,0.031,-0.139,0.318,0.894,0.316,-0.028,0.954,0.299,rock
14.264782,0.113,0.391,0.913,-0.985,-0.122,0.122,0.445,-0.598,-0.666,0.913,-0.244,-0.328,-0.909,-0.058,-0.413,0.971,0.132,-0.198,-0.753,-0.082,-0.653,0.934,0.194,-0.301,-0.869,-0.014,-0.495,0.773,0.523,-0.36,-0.846,-0.035,-0.533,0.169,0.037,0.985,0.747,0.607,0.272,none
9.156564,-0.073,-0.021,0.997,-0.395,-0.913,0.099,0.527,-0.028,-0.85,0.752,0.611,0.248,-0.992,0.128,-0.01,-0.192,0.81,0.555,-0.182,-0.44,0.879,0.19,0.777,0.6,0.467,-0.489,0.737,0.328,0.941,0.088,-0.0,-0.707,0.707,-0.561,0.695,0.449,-0.81,0.051,0.584,none
56.521362,0.735,-0.55,0.397,-0.984,0.066,-0.164,-0.622,0.443,-0.646,-0.072,-0.28,0.957,0.062,0.685,-0.726,-0.685,-0.695,0.218,0.141,0.693,-0.707,-0.629,-0.751,0.202,-0.076,0.659,0.748,-0.759,-0.643,0.103,0.0,0.564,0.826,-0.16,-0.203,0.966,0.472,0.043,-0.881,none
14.727334,0.068,0.757,0.649,0.304,0.836,0.456,0.445,-0.767,-0.462,0.79,-0.319,0.523,0.912,-0.228,0.342,0.871,-0.141,0.47,0.555,-0.0,0.832,0.9,-0.192,0.391,0.896,0.199,0.398,0.981,-0.008,-0.192,0.808,0.577,-0.115,0.067,0.926,0.372,-0.308,0.923,0.231,rock
28.961232,0.001,0.81,0.586,0.123,0.761,0.637,-0.446,-0.544,-0.71,0.745,-0.365,0.559,0.857,-0.429,0.286,0.841,-0.202,0.502,0.903,-0.169,0.395,0.868,-0.22,0.445,0.926,-0.253,0.281,0.989,-0.042,-0.144,0.96,-0.031,-0.279,0.123,0.934,0.335,-0.232,0.956,0.181,rock
21.823472,0.037,0.827,0.561,0.097,-0.813,-0.574,0.561,-0.659,-0.501,0.728,-0.358,0.584,-0.629,0.503,-0.593,0.825,-0.21,0.526,-0.815,0.371,-0.444,0.854,-0.217,0.472,-0.753,0.367,-0.547,0.993,-0.046,-0.112,-0.973,0.23,-0.018,0.159,0.934,0.321,-0.21,-0.957,-0.201,rock
24.948308,0.053,0.787,0.614,0.32,0.578,0.751,0.268,-0.888,-0.374,0.778,-0.351,0.521,0.906,-0.224,0.358,0.867,-0.181,0.464,0.927,0.011,0.375,0.885,-0.224,0.409,0.962,-0.109,0.251,0.983,-0.042,-0.177,0.95,0.112,-0.291,0.088,0.941,0.327,-0.19,0.896,0.401,rock
2.004101,0.039,0.799,0.6,0.781,-0.625,0.0,0.533,-0.776,-0.337,0.747,-0.353,0.564,-0.127,0.762,-0.635,0.84,-0.19,0.509,-0.62,0.744,0.248,0.871,-0.203,0.447,-0.111,0.889,-0.444,0.992,-0.028,-0.126,-0.552,0.829,-0.092,0.122,0.924,0.364,-0.857,-0.429,0.286,rock
4.564891,0.115,-0.204,0.972,0.133,-0.979,-0.156,0.222,0.114,-0.968,0.776,0.562,0.286,-0.718,0.479,0.505,-0.133,0.808,0.574,-0.871,0.171,-0.461,-0.033,0.747,0.664,-0.797,0.294,-0.528,-0.089,0.872,0.482,-0.872,0.196,-0.448,-0.466,0.261,0.845,-0.822,-0.439,-0.363,none
17.23662,0.077,0.753,0.653,-0.707,0.707,0.0,0.41,-0.791,-0.454,0.789,-0.308,0.531,-0.196,-0.0,-0.981,0.868,-0.131,0.48,-0.97,0.0,0.243,0.905,-0.175,0.389,-0.302,0.302,-0.905,0.98,0.012,-0.198,-0.845,0.507,-0.169,0.068,0.919,0.389,-0.824,0.137,-0.549,rock
7.212986,0.016,0.686,0.727,0.902,0.318,-0.292,0.288,-0.763,-0.579,0.978,0.054,-0.2,-0.257,-0.899,0.353,0.504,0.564,0.654,-0.045,-0.81,0.585,0.569,0.475,0.671,0.108,-0.919,0.379,0.503,0.577,0.643,0.241,-0.843,0.482,0.367,0.276,0.888,0.447,-0.894,-0.0,none
4.566459,0.124,-0.168,0.978,0.297,0.223,-0.928,0.232,0.047,-0.971,0.802,0.533,0.269,-0.743,-0.662,-0.097,-0.224,0.753,0.619,0.217,-0.573,-0.79,-0.169,0.645,0.745,-0.013,-0.389,-0.921,-0.206,0.761,0.615,-0.354,-0.709,-0.61,-0.414,0.263,0.871,0.429,-0.704,-0.566,none
14.650095,-0.194,0.964,0.182,0.015,-0.974,-0.224,0.063,-0.971,0.232,0.766,0.047,-0.642,-0.78,0.072,0.621,0.836,0.267,0.479,-0.861,-0.131,-0.492,0.914,0.084,0.397,-0.875,0.068,-0.479,0.976,-0.01,0.218,-0.941,0.181,-0.286,0.912,0.181,0.369,-0.92,-0.074,-0.386,paper
37.140774,0.085,0.819,0.568,-0.154,-0.772,-0.617,0.188,-0.945,-0.267,0.74,-0.312,0.596,-0.535,0.267,-0.802,0.819,-0.166,0.549,-0.954,0.212,-0.212,0.862,-0.161,0.48,-0.667,0.333,-0.667,0.995,0.013,-0.098,-0.936,0.341,-0.085,0.176,0.903,0.391,-0.749,-0.468,-0.468,rock
0.473639,0.028,0.797,0.603,0.955,-0.191,-0.229,0.497,-0.778,-0.384,0.735,-0.365,0.572,0.076,0.991,-0.114,0.839,-0.202,0.506,-0.225,0.899,0.375,0.865,-0.223,0.45,0.162,0.973,-0.162,0.987,-0.051,-0.151,-0.242,0.967,-0.081,0.131,0.947,0.293,-0.237,-0.592,0.77,rock
10.092076,-0.081,0.739,0.669,0.109,0.755,0.646,0.488,-0.794,-0.363,0.771,-0.428,0.472,0.756,-0.272,0.595,0.885,-0.239,0.4,0.799,-0.108,0.592,0.882,-0.304,0.36,0.862,-0.088,0.499,0.966,-0.114,-0.234,0.996,0.091,-0.02,0.029,0.965,0.261,0.078,0.912,0.402,rock
5.221714,-0.082,0.946,0.312,-0.707,0.707,-0.0,0.71,-0.702,0.049,0.867,0.046,-0.497,0.236,0.236,-0.943,0.725,0.229,0.649,-0.688,0.229,0.688,0.834,0.069,0.548,-0.0,1.0,0.0,0.938,-0.058,0.341,-0.625,0.469,0.625,0.884,0.091,0.459,-0.937,0.312,-0.156,paper
11.554838,-0.032,0.95,0.31,-0.099,0.691,0.716,0.02,-0.991,0.133,0.871,-0.032,-0.49,0.888,0.271,-0.37,0.745,0.168,0.646,0.408,0.459,0.79,0.826,-0.001,0.564,0.603,0.314,0.734,0.918,-0.122,0.377,0.656,0.262,0.708,0.877,0.033,0.479,0.543,0.302,0.784,paper
10.29618,-0.161,0.952,0.259,0.122,0.976,0.183,0.656,-0.668,0.353,0.807,0.06,-0.588,0.625,-0.0,-0.781,0.801,0.249,0.545,0.725,0.198,0.659,0.89,0.071,0.45,0.919,-0.0,0.394,0.968,-0.047,0.247,0.894,-0.0,0.447,0.913,0.155,0.377,0.941,0.282,0.188,paper
11.622326,-0.007,0.853,0.521,-0.036,-0.759,-0.65,-0.232,-0.932,-0.278,0.68,-0.393,0.619,-0.704,0.416,-0.576,0.79,-0.263,0.554,-0.904,0.268,-0.335,0.818,-0.237,0.524,-0.802,0.353,-0.481,0.996,-0.074,-0.055,-0.968,0.242,0.061,0.218,0.93,0.295,-0.244,-0.905,-0.348,rock
6.601703,0.102,0.783,0.613,-0.477,-0.875,0.08,0.601,-0.581,-0.549,0.762,-0.294,0.577,-0.183,-0.122,-0.976,0.838,-0.134,0.529,-0.447,0.0,-0.894,0.888,-0.148,0.436,-0.355,-0.142,-0.924,0.988,0.031,-0.15,-0.83,-0.069,-0.553,0.123,0.907,0.404,-0.802,-0.172,-0.573,rock
17.742534,0.08,0.769,0.634,0.333,0.667,-0.667,0.423,-0.799,-0.428,0.777,-0.312,0.547,-0.535,0.267,-0.802,0.857,-0.144,0.495,-0.8,0.0,0.6,0.895,-0.177,0.409,-0.408,0.816,-0.408,0.984,0.006,-0.176,-0.696,0.696,0.174,0.09,0.92,0.381,-0.743,0.371,-0.557,rock
44.232936,-0.646,0.574,0.504,0.344,0.903,0.258,0.815,-0.575,-0.074,0.366,0.401,-0.84,0.935,0.355,0.016,0.281,0.914,-0.292,0.223,0.079,0.972,0.362,0.929,-0.071,0.484,-0.385,0.786,0.774,0.597,-0.212,0.475,0.181,0.861,0.661,0.668,0.342,-0.441,-0.882,0.165,none
7.477101,-0.217,0.676,0.704,-0.069,0.688,0.722,0.008,-0.894,-0.448,0.797,-0.555,0.24,0.841,-0.456,0.292,0.98,-0.197,0.034,0.989,-0.078,0.127,0.906,0.16,0.391,0.852,0.007,0.524,0.894,0.173,0.413,0.802,0.021,0.598,-0.035,0.934,0.356,-0.083,0.869,0.487,scissors
17.233536,0.08,0.76,0.645,-0.447,-0.894,-0.0,0.384,-0.792,-0.475,0.785,-0.311,0.535,-0.312,0.156,-0.937,0.864,-0.136,0.486,-0.981,0.196,-0.0,0.901,-0.176,0.395,-0.557,0.371,-0.743,0.982,0.008,-0.188,-0.911,0.391,-0.13,0.077,0.92,0.384,-0.868,0.0,-0.496,rock
20.306092,0.241,0.965,0.1,-0.967,0.248,0.056,0.101,-0.847,0.521,0.616,-0.735,0.285,-0.212,-0.441,-0.872,0.747,-0.426,0.51,0.414,-0.226,-0.882,0.816,-0.532,0.225,0.477,0.243,-0.844,0.915,0.178,0.362,-0.068,-0.859,-0.507,0.784,0.315,0.535,-0.057,0.87,-0.49,none
16.168184,-0.1,0.963,0.252,0.08,-0.948,-0.307,0.784,-0.615,0.085,0.797,-0.054,-0.601,-0.808,0.014,0.589,0.837,0.158,0.524,-0.843,-0.182,-0.506,0.896,-0.025,0.444,-0.864,0.026,-0.503,0.957,-0.118,0.267,-0.943,0.138,-0.302,0.917,0.099,0.385,-0.893,-0.098,-0.44,paper
1.201901,0.036,0.8,0.599,-0.408,-0.816,-0.408,0.568,-0.737,-0.367,0.743,-0.356,0.567,-0.314,0.105,-0.943,0.839,-0.192,0.508,-0.905,0.302,-0.302,0.872,-0.199,0.448,-0.391,0.13,-0.911,0.992,-0.027,-0.123,-0.912,0.342,-0.228,0.111,0.918,0.382,-0.875,0.08,-0.477,rock
17.687004,-0.067,0.831,0.553,0.591,0.806,0.0,0.787,-0.338,-0.517,0.74,-0.522,0.424,0.452,-0.17,0.876,0.931,-0.226,0.285,0.499,-0.026,0.866,0.93,-0.139,0.339,0.618,-0.693,0.371,0.934,-0.102,0.343,0.613,-0.666,0.426,0.211,0.881,0.424,0.467,0.522,0.714,scissors
11.657431,0.004,0.83,0.558,0.138,-0.864,-0.484,-0.255,-0.935,-0.247,0.709,-0.372,0.599,-0.532,0.414,-0.739,0.811,-0.233,0.538,-0.781,0.375,-0.5,0.837,-0.229,0.497,-0.653,0.327,-0.683,0.995,-0.062,-0.082,-0.948,0.251,-0.195,0.18,0.932,0.314,-0.486,-0.82,-0.304,rock
16.215104,0.076,0.761,0.644,0.137,-0.824,0.549,0.416,-0.794,-0.443,0.784,-0.313,0.536,0.16,0.239,-0.958,0.863,-0.144,0.485,-0.272,0.68,-0.68,0.898,-0.18,0.401,-0.0,0.287,-0.958,0.982,0.003,-0.187,-0.647,0.404,-0.647,0.079,0.921,0.381,-0.972,-0.075,-0.224,rock
13.617173,-0.134,0.959,0.251,-0.221,0.663,0.715,-0.145,-0.982,0.125,0.826,-0.0,-0.564,0.889,0.392,-0.235,0.788,0.219,0.575,0.315,0.565,0.762,0.872,0.049,0.487,0.516,0.45,0.728,0.954,-0.048,0.296,0.617,0.389,0.684,0.9,0.145,0.412,0.422,0.394,0.816,paper
17.137986,-0.354,0.444,0.823,0.316,0.949,-0.0,0.797,-0.36,-0.485,0.81,-0.342,-0.476,0.99,0.034,0.137,0.927,0.346,-0.141,0.521,-0.217,0.825,0.893,0.436,-0.108,-0.816,-0.408,-0.408,0.711,0.699,-0.075,-0.943,0.236,0.236,0.036,0.89,0.455,-0.973,0.162,-0.162,none
31.942385,0.356,-0.346,0.868,-0.952,0.019,-0.305,-0.331,0.006,-0.944,0.456,0.218,0.863,-0.0,0.894,-0.447,-0.696,-0.006,0.718,-0.403,0.806,0.434,-0.52,-0.083,0.85,0.103,0.013,0.995,-0.495,0.146,0.857,0.4,0.799,0.449,-0.42,0.272,0.866,0.39,-0.191,-0.901,none
7.898601,-0.086,0.949,0.302,-0.367,0.855,0.367,0.685,-0.708,0.173,0.857,0.041,-0.514,0.616,0.352,-0.704,0.744,0.224,0.629,0.359,0.598,0.717,0.842,0.057,0.537,0.768,0.512,0.384,0.941,-0.069,0.333,0.391,0.651,0.651,0.888,0.091,0.451,0.0,0.894,0.447,paper
4.14187,0.063,-0.173,0.983,-0.963,-0.182,-0.2,0.251,0.079,-0.965,0.777,0.584,0.236,-0.426,0.64,-0.64,-0.115,0.837,0.535,-0.129,-0.043,-0.991,0.035,0.795,0.606,-0.224,0.075,-0.972,-0.052,0.916,0.399,-0.221,-0.088,-0.971,-0.482,0.317,0.817,-0.287,0.255,-0.924,none
56.47261,0.689,-0.584,0.429,-0.309,-0.619,-0.722,-0.618,0.419,-0.665,-0.061,-0.334,0.941,0.802,-0.267,-0.535,-0.734,-0.649,0.2,-0.894,-0.447,0.0,-0.753,-0.625,0.205,-0.0,-0.447,-0.894,-0.755,-0.643,0.132,-0.347,0.0,-0.938,-0.751,-0.524,0.402,0.75,-0.296,-0.592,none
9.078538,0.065,0.853,0.518,0.099,0.863,0.496,0.543,-0.42,-0.728,0.681,-0.341,0.648,0.673,-0.369,0.641,0.777,-0.22,0.59,0.748,-0.232,0.622,0.82,-0.185,0.541,0.799,-0.168,0.578,0.999,-0.025,-0.032,0.998,0.011,0.065,0.24,0.91,0.338,0.154,0.935,0.319,rock
32.531319,0.064,0.822,0.566,0.738,-0.422,-0.527,0.291,-0.927,-0.237,0.728,-0.329,0.602,-0.254,0.763,-0.594,0.815,-0.184,0.55,-0.707,0.707,0.0,0.85,-0.182,0.494,-0.347,0.78,-0.52,0.997,-0.012,-0.076,-0.7,0.7,-0.14,0.175,0.914,0.367,-0.8,-0.6,0.0,rock
34.640262,0.086,0.814,0.574,0.156,0.988,0.0,0.155,-0.96,-0.232,0.744,-0.299,0.598,0.308,-0.231,0.923,0.819,-0.152,0.553,0.161,-0.214,0.964,0.866,-0.15,0.476,0.439,0.188,0.878,0.995,0.023,-0.097,0.697,0.348,0.627,0.165,0.901,0.402,0.429,0.857,0.286,rock
1.426067,-0.11,0.954,0.279,0.552,-0.797,0.245,0.785,-0.603,0.143,0.847,0.12,-0.519,0.981,-0.196,0.0,0.72,0.295,0.628,-0.259,-0.173,0.95,0.848,0.126,0.515,0.108,-0.216,0.97,0.96,-0.019,0.281,0.215,0.287,0.933,0.911,0.223,0.348,0.255,0.306,-0.917,paper
15.657554,-0.151,0.96,0.238,0.012,-0.97,-0.243,0.56,-0.794,0.236,0.794,-0.003,-0.608,-0.789,0.125,0.601,0.827,0.214,0.519,-0.869,-0.083,-0.488,0.902,0.03,0.432,-0.87,0.106,-0.482,0.966,-0.06,0.253,-0.933,0.23,-0.276,0.913,0.147,0.381,-0.927,-0.034,-0.373,paper
6.603843,0.035,0.159,0.987,0.977,0.187,-0.103,0.256,-0.191,-0.948,0.883,0.454,0.115,-0.298,-0.911,0.285,-0.038,0.798,0.602,-0.542,-0.804,0.244,0.054,0.692,0.719,-0.676,-0.659,-0.329,-0.014,0.85,0.526,-0.943,-0.214,-0.254,-0.283,0.395,0.874,0.05,-0.573,0.818,none
1.579395,-0.023,-0.291,0.957,0.0,0.316,0.949,0.197,0.137,-0.971,0.683,0.716,0.146,0.64,0.426,-0.64,-0.162,0.912,0.376,-0.53,0.53,0.662,-0.037,0.889,0.456,-0.218,0.873,0.436,-0.142,0.956,0.257,-0.456,0.684,0.57,-0.616,0.35,0.706,-0.953,0.272,0.136,none
12.130665,-0.145,0.95,0.276,0.304,0.56,-0.771,0.197,-0.957,0.214,0.828,0.035,-0.56,-0.116,-0.603,-0.789,0.783,0.241,0.573,0.751,-0.596,-0.285,0.871,0.066,0.486,0.608,-0.71,-0.355,0.956,-0.048,0.289,0.388,-0.775,-0.498,0.9,0.14,0.414,0.58,-0.396,-0.712,paper
8.578412,-0.114,0.937,0.33,-0.088,0.971,0.221,0.635,-0.756,0.155,0.868,0.074,-0.491,0.707,0.037,-0.707,0.721,0.26,0.642,0.733,0.229,0.641,0.825,0.097,0.557,0.865,0.046,0.501,0.933,-0.029,0.358,0.884,-0.0,0.468,0.87,0.112,0.481,0.889,0.254,0.381,paper
29.184927,0.523,-0.022,0.852,0.154,0.617,0.772,-0.554,-0.243,-0.796,0.494,0.637,0.592,0.656,-0.656,-0.375,0.035,0.675,0.737,0.913,-0.183,0.365,0.251,0.682,0.687,0.927,0.265,-0.265,0.105,0.907,0.408,0.436,0.873,0.218,-0.343,-0.144,0.928,-0.6,-0.0,0.8,none
1.546512,-0.154,0.754,0.639,0.0,0.625,0.781,0.735,-0.604,-0.308,0.757,-0.561,0.335,0.487,-0.324,-0.811,0.968,-0.2,0.153,0.408,0.816,-0.408,0.913,0.028,0.406,0.577,0.577,0.577,0.915,0.058,0.399,-0.105,0.527,0.843,0.073,0.897,0.435,-0.843,0.527,0.105,scissors
21.246745,-0.106,0.764,0.637,0.166,0.981,-0.1,0.123,-0.913,-0.39,0.794,-0.499,0.348,0.166,-0.534,0.829,0.962,-0.174,0.209,0.402,-0.437,0.804,0.913,-0.007,0.409,0.74,-0.67,-0.053,0.906,0.032,0.422,0.786,-0.618,-0.0,0.108,0.892,0.439,0.729,0.601,0.328,scissors
12.596904,-0.156,0.96,0.232,0.217,0.748,-0.627,0.263,-0.929,0.261,0.798,0.024,-0.602,0.071,-0.548,-0.834,0.811,0.23,0.537,0.843,-0.536,-0.051,0.902,0.026,0.431,0.762,-0.639,-0.098,0.967,-0.057,0.249,0.553,-0.727,-0.407,0.913,0.146,0.38,0.725,-0.363,-0.586,paper
10.538742,-0.227,0.702,0.675,0.197,-0.732,-0.653,0.636,-0.67,-0.383,0.789,-0.57,0.232,-0.744,0.6,-0.296,0.975,-0.216,0.051,-0.962,0.258,-0.086,0.917,0.149,0.369,-0.931,-0.048,-0.361,0.903,0.179,0.391,-0.931,-0.064,-0.358,-0.004,0.941,0.339,-0.072,-0.933,-0.354,scissors
29.571397,0.487,-0.021,0.873,0.377,0.493,0.784,-0.552,-0.231,-0.801,0.534,0.635,0.558,0.95,0.11,0.292,0.067,0.688,0.723,0.394,0.323,0.86,0.265,0.692,0.671,0.616,0.445,0.65,0.105,0.92,0.378,0.341,0.823,0.454,-0.334,-0.109,0.936,-0.092,-0.154,0.984,none
15.132995,-0.109,0.723,0.682,0.033,0.98,0.196,0.779,-0.181,-0.601,0.813,-0.48,0.331,0.448,-0.652,0.611,0.974,-0.14,0.176,0.639,-0.36,0.679,0.893,0.03,0.449,0.903,-0.414,0.113,0.885,0.053,0.463,0.903,-0.344,0.258,0.057,0.887,0.458,0.354,0.866,0.354,scissors
19.18169,0.284,0.838,-0.466,-0.437,0.749,0.499,0.205,-0.24,0.949,0.07,-0.42,0.905,0.612,-0.149,-0.777,-0.052,-0.549,0.835,0.686,0.639,-0.349,0.389,-0.889,-0.244,-0.27,0.919,0.288,0.761,0.233,0.606,0.646,-0.7,-0.305,0.916,-0.002,0.401,0.459,0.876,-0.146,none
0.666394,-0.105,0.952,0.286,0.404,-0.909,-0.101,0.726,-0.676,0.129,0.861,0.099,-0.499,0.445,0.371,-0.815,0.72,0.263,0.642,0.7,0.7,0.14,0.841,0.096,0.532,0.896,0.398,-0.199,0.959,-0.056,0.279,0.47,0.873,-0.134,0.867,0.065,0.493,-0.156,-0.517,-0.842,paper
35.592093,0.087,0.831,0.55,-0.408,-0.816,0.408,0.151,-0.946,-0.286,0.727,-0.303,0.617,0.086,-0.086,-0.993,0.805,-0.159,0.571,0.0,0.117,-0.993,0.858,-0.145,0.492,-0.048,-0.242,-0.969,0.996,0.024,-0.085,-0.602,-0.139,-0.787,0.204,0.895,0.397,-0.901,-0.039,-0.431,rock
25.669613,0.455,0.643,0.616,0.405,-0.891,-0.203,-0.331,-0.859,-0.39,0.989,-0.055,0.141,-0.942,0.26,-0.211,0.504,0.168,0.847,-0.44,0.41,-0.799,0.585,-0.05,0.81,-0.39,0.543,-0.744,0.551,0.306,0.776,-0.688,0.19,-0.7,0.329,-0.314,0.891,-0.942,0.205,-0.266,none
7.11597,0.028,0.602,0.798,0.996,-0.026,0.091,0.291,-0.705,-0.647,0.979,0.054,-0.198,0.612,-0.326,0.721,0.459,0.59,0.664,-0.343,-0.367,0.864,0.51,0.508,0.694,-0.188,-0.527,0.829,0.417,0.613,0.671,-0.027,-0.516,0.856,0.259,0.286,0.922,-0.132,-0.893,0.43,none
30.808271,0.383,-0.152,0.911,-0.188,0.845,-0.501,-0.35,-0.117,-0.93,0.639,0.208,0.741,-0.346,-0.041,-0.937,-0.528,0.018,0.849,0.895,0.092,-0.436,-0.382,-0.183,0.906,0.916,0.0,-0.401,-0.383,0.013,0.924,0.741,-0.395,-0.543,-0.374,-0.08,0.924,0.212,-0.954,-0.212,none
17.700116,-0.043,0.933,0.357,-0.358,-0.921,0.152,0.747,-0.621,-0.236,0.888,-0.016,-0.46,-0.519,0.614,0.595,0.732,0.204,0.65,-0.862,0.4,-0.311,0.813,0.034,0.581,-0.767,0.571,-0.294,0.906,-0.064,0.419,-0.75,0.654,-0.105,0.85,0.066,0.523,-0.929,0.361,-0.086,paper
23.238095,0.09,0.888,0.452,0.14,0.757,0.638,0.534,-0.452,-0.715,0.63,-0.333,0.702,0.819,-0.266,0.509,0.728,-0.243,0.641,0.821,-0.063,0.568,0.776,-0.168,0.607,0.899,-0.082,0.429,0.999,-0.023,0.049,0.986,0.129,-0.107,0.321,0.89,0.323,-0.039,0.936,0.351,rock
13.107495,-0.171,0.971,0.167,-0.39,0.426,0.816,0.254,-0.934,0.251,0.729,0.015,-0.684,0.823,0.349,-0.449,0.872,0.205,0.446,0.464,0.515,0.721,0.945,-0.022,0.326,0.657,0.272,0.703,0.984,-0.1,0.147,0.783,0.313,0.537,0.94,0.154,0.305,0.573,0.482,0.663,paper
11.558597,-0.159,0.783,0.602,0.096,-0.729,-0.677,0.741,-0.331,-0.585,0.751,-0.561,0.348,-0.796,0.486,-0.36,0.957,-0.23,0.177,-0.979,0.14,-0.148,0.935,0.03,0.353,-0.879,0.025,-0.477,0.932,0.056,0.359,-0.884,0.017,-0.467,0.112,0.915,0.388,-0.068,-0.873,-0.483,scissors
24.743427,0.381,0.19,0.905,0.819,-0.549,-0.166,-0.364,-0.509,-0.78,0.945,0.297,0.138,-0.663,0.363,0.654,0.514,0.586,0.626,-0.982,0.132,0.138,0.491,0.384,0.782,-0.981,-0.0,0.195,0.331,0.763,0.555,-0.921,-0.096,0.377,-0.156,0.202,0.967,-0.765,-0.567,0.304,none
2.185773,-0.135,0.751,0.647,-0.333,0.667,0.667,0.794,-0.546,-0.266,0.762,-0.541,0.357,0.745,-0.298,-0.596,0.974,-0.178,0.143,0.905,-0.302,-0.302,0.911,0.024,0.412,0.743,0.557,0.371,0.915,0.045,0.401,0.0,0.581,0.814,0.062,0.895,0.443,-0.755,0.647,-0.108,scissors
15.131011,-0.101,0.729,0.677,-0.228,0.114,0.967,0.744,-0.179,-0.644,0.812,-0.479,0.334,0.814,-0.153,-0.56,0.974,-0.139,0.181,0.809,0.311,-0.498,0.895,0.017,0.446,0.426,0.64,0.64,0.887,0.037,0.461,0.139,0.602,0.787,0.062,0.885,0.462,-0.783,0.609,0.13,scissors
18.717884,-0.138,0.971,0.198,-0.506,0.273,0.818,0.91,-0.406,-0.087,0.773,-0.083,-0.629,0.673,0.713,-0.198,0.865,0.157,0.476,0.0,0.8,0.6,0.917,-0.037,0.398,0.291,0.79,0.54,0.967,-0.117,0.226,0.264,0.753,0.603,0.933,0.125,0.337,-0.131,0.701,0.701,paper
8.051703,0.045,0.85,0.525,-0.126,-0.82,-0.559,0.518,-0.511,-0.686,0.691,-0.36,0.627,-0.69,0.31,-0.654,0.792,-0.228,0.567,-0.824,0.179,-0.537,0.828,-0.206,0.521,-0.82,0.168,-0.547,0.997,-0.042,-0.058,-1.0,0.026,-0.018,0.215,0.921,0.325,-0.205,-0.884,-0.42,rock
1.246084,-0.142,0.747,0.65,-0.808,0.115,0.577,0.796,-0.51,-0.326,0.752,-0.566,0.339,0.596,-0.298,-0.745,0.966,-0.204,0.159,0.577,0.577,-0.577,0.914,0.025,0.406,0.64,0.64,0.426,0.916,0.051,0.399,-0.0,0.581,0.814,0.075,0.897,0.435,-0.848,0.53,-0.0,scissors
2.745436,-0.084,0.955,0.286,0.0,0.894,-0.447,0.757,-0.649,0.081,0.837,0.052,-0.545,-0.267,-0.535,-0.802,0.762,0.23,0.605,-0.688,-0.688,0.229,0.871,0.056,0.488,-0.784,-0.196,-0.588,0.961,-0.066,0.269,-0.97,0.108,0.216,0.905,0.136,0.403,-0.867,-0.128,0.482,paper
17.700523,0.037,0.931,0.364,-0.293,-0.953,0.073,0.732,-0.643,-0.227,0.902,-0.094,-0.42,-0.551,0.58,0.6,0.73,0.123,0.673,-0.868,0.356,-0.347,0.796,-0.049,0.603,-0.782,0.534,-0.322,0.89,-0.152,0.43,-0.757,0.641,-0.125,0.853,-0.007,0.523,-0.93,0.342,-0.132,paper
6.243343,-0.066,0.952,0.297,-0.381,0.889,-0.254,0.73,-0.675,0.11,0.858,0.032,-0.513,0.217,-0.0,-0.976,0.739,0.215,0.639,0.781,-0.0,0.625,0.84,0.052,0.54,0.913,0.183,-0.365,0.939,-0.077,0.335,0.333,0.667,0.667,0.886,0.079,0.458,0.625,0.625,-0.469,paper
11.112906,-0.011,0.837,0.548,0.336,0.94,0.067,-0.264,-0.943,-0.205,0.706,-0.39,0.591,0.503,-0.072,0.862,0.814,-0.246,0.527,0.332,-0.055,0.942,0.838,-0.243,0.488,0.656,0.239,0.716,0.993,-0.074,-0.092,0.786,0.524,0.328,0.175,0.938,0.3,0.199,0.863,0.465,rock
18.620447,0.267,0.887,-0.376,0.888,-0.387,0.25,0.153,-0.291,0.944,0.185,-0.714,0.676,0.843,0.401,0.36,0.281,-0.806,0.521,0.274,0.209,0.939,0.339,-0.887,0.314,0.036,-0.024,0.999,0.591,-0.568,0.573,0.86,-0.061,0.507,0.861,-0.359,0.36,-0.788,-0.595,0.158,none
1.124675,-0.124,0.946,0.301,0.985,-0.123,-0.123,0.797,-0.593,0.113,0.853,0.135,-0.505,0.154,-0.617,-0.772,0.708,0.305,0.637,0.365,-0.183,0.913,0.839,0.141,0.525,0.243,-0.97,-0.0,0.956,0.002,0.294,-0.905,-0.302,0.302,0.906,-0.17,0.388,0.417,-0.061,-0.907,paper
54.944023,0.695,-0.604,0.39,-0.563,-0.087,0.822,-0.63,0.433,-0.644,-0.107,-0.282,0.954,-0.905,0.39,-0.17,-0.805,-0.561,0.193,-0.249,0.66,-0.709,-0.786,-0.576,0.226,-0.44,0.625,-0.645,-0.794,-0.594,0.129,-0.599,0.754,0.271,-0.73,-0.582,0.357,-0.102,0.82,0.564,none
16.214694,0.08,0.757,0.649,0.588,-0.784,0.196,0.384,-0.802,-0.457,0.788,-0.314,0.53,0.0,0.447,-0.894,0.869,-0.14,0.475,-0.617,0.772,-0.154,0.902,-0.181,0.392,-0.115,0.577,-0.808,0.981,0.002,-0.195,-0.656,0.656,-0.375,0.071,0.922,0.38,-0.99,-0.099,-0.099,rock
54.965473,0.68,-0.632,0.372,-0.521,0.853,0.0,-0.653,0.451,-0.609,-0.119,-0.51,0.852,-0.758,0.397,-0.518,-0.551,-0.822,0.143,0.086,0.557,-0.826,-0.637,-0.761,0.126,0.017,0.608,-0.794,-0.768,-0.633,0.104,-0.574,0.646,-0.503,-0.744,-0.564,0.359,0.298,-0.596,0.745,none
10.174464,-0.039,-0.145,0.989,0.254,0.889,0.381,0.345,0.088,-0.935,0.593,0.369,0.716,-0.389,-0.083,-0.917,-0.621,0.566,0.543,0.688,-0.688,0.229,-0.112,0.685,0.72,0.429,-0.286,0.857,0.195,0.565,-0.801,0.486,0.874,-0.0,-0.679,0.593,0.433,-0.123,0.985,0.123,none
21.934056,0.155,0.068,0.986,0.936,0.255,-0.244,-0.075,-0.359,-0.93,0.882,0.455,-0.123,0.277,-0.151,0.949,0.397,0.833,0.386,-0.217,-0.361,0.907,0.413,0.717,0.562,-0.198,-0.587,0.785,0.275,0.955,-0.114,-0.161,0.06,0.985,-0.426,0.33,0.843,0.337,-0.795,0.505,none
31.013354,0.37,-0.13,0.92,-0.985,0.123,-0.123,-0.344,-0.125,-0.931,0.557,0.274,0.784,0.607,0.793,0.047,-0.578,0.065,0.814,0.42,0.158,0.894,-0.412,-0.113,0.904,0.656,-0.239,0.716,-0.409,0.063,0.91,0.96,0.175,0.218,-0.393,-0.092,0.915,0.258,0.516,-0.817,none
21.821905,0.07,0.748,0.66,0.039,-0.713,-0.7,0.488,-0.725,-0.486,0.787,-0.32,0.528,-0.733,0.455,-0.506,0.871,-0.142,0.471,-0.898,0.278,-0.341,0.904,-0.188,0.385,-0.832,0.353,-0.428,0.979,-0.004,-0.204,-0.973,0.197,0.123,0.063,0.927,0.37,-0.077,-0.957,-0.281,rock
3.465984,-0.097,0.954,0.285,0.577,0.577,-0.577,0.77,-0.623,0.136,0.842,0.063,-0.535,-0.0,-0.371,-0.928,0.755,0.237,0.611,-0.577,-0.577,0.577,0.86,0.068,0.506,-0.447,-0.0,-0.894,0.955,-0.048,0.294,-0.707,0.0,0.707,0.898,0.111,0.425,-0.535,0.267,0.802,paper
24.952215,0.43,0.375,0.821,0.833,-0.391,-0.391,-0.377,-0.687,-0.621,0.953,0.178,0.245,-0.916,-0.05,0.398,0.486,0.402,0.776,-0.993,-0.045,-0.11,0.505,0.181,0.844,-0.978,-0.186,-0.093,0.396,0.612,0.684,-0.947,-0.304,0.101,-0.011,-0.004,1.0,-0.625,-0.781,0.022,none
54.944293,0.687,-0.602,0.406,0.0,0.989,0.148,-0.653,0.451,-0.609,-0.119,-0.419,0.9,-0.833,0.356,-0.423,-0.675,-0.724,0.145,0.043,0.459,-0.887,-0.688,-0.71,0.151,-0.155,0.456,-0.876,-0.771,-0.631,0.086,-0.581,0.459,-0.673,-0.745,-0.57,0.347,-0.394,-0.0,0.919,none
1.589508,-0.149,0.761,0.632,-0.0,0.514,0.857,0.735,-0.604,-0.308,0.756,-0.563,0.333,0.512,-0.384,-0.768,0.967,-0.201,0.154,0.667,-0.333,-0.667,0.913,0.03,0.407,0.557,0.743,0.371,0.918,0.056,0.394,-0.115,0.577,0.808,0.072,0.898,0.434,-0.784,0.588,-0.196,scissors
7.261526,-0.082,0.95,0.302,-0.535,0.267,-0.802,0.699,-0.705,0.12,0.859,0.04,-0.51,-0.312,-0.156,-0.937,0.741,0.223,0.633,-0.707,-0.707,-0.0,0.839,0.061,0.541,0.302,-0.302,-0.905,0.939,-0.068,0.337,-0.949,0.316,-0.0,0.889,0.088,0.449,-0.707,0.0,-0.707,paper
1.685155,0.032,0.806,0.591,0.316,-0.0,0.949,0.503,-0.772,-0.389,0.735,-0.362,0.573,0.391,-0.13,-0.911,0.833,-0.203,0.515,0.577,0.577,-0.577,0.863,-0.208,0.46,0.507,0.169,-0.845,0.993,-0.035,-0.114,-0.348,0.348,-0.87,0.133,0.923,0.36,-0.97,0.243,-0.0,rock
27.96178,-0.136,0.808,0.573,0.1,0.803,0.587,-0.479,-0.772,-0.417,0.69,-0.501,0.523,0.766,-0.357,0.535,0.831,-0.347,0.435,0.846,-0.187,0.5,0.809,-0.373,0.455,0.861,-0.203,0.467,0.971,-0.202,-0.129,0.997,-0.017,-0.069,0.139,0.978,0.156,0.055,0.944,0.326,rock
38.148649,0.503,-0.337,0.796,0.874,0.389,0.291,-0.377,0.216,-0.901,0.62,0.595,0.512,0.242,-0.968,-0.061,-0.177,0.747,0.641,-0.899,-0.154,-0.411,-0.077,0.809,0.583,-0.9,-0.03,-0.435,-0.307,0.84,0.448,-0.985,0.062,-0.164,-0.653,-0.014,0.757,-0.722,-0.254,0.644,none
16.244602,0.08,0.769,0.634,0.436,-0.873,-0.218,0.436,-0.795,-0.421,0.779,-0.313,0.543,-0.218,0.436,-0.873,0.859,-0.144,0.491,-0.824,0.549,-0.137,0.896,-0.178,0.407,-0.384,0.512,-0.768,0.984,0.006,-0.178,-0.766,0.575,-0.287,0.088,0.921,0.38,-0.905,-0.302,-0.302,rock
53.925155,0.729,-0.546,0.413,0.64,0.725,-0.256,-0.702,0.376,-0.604,0.24,0.882,0.405,-0.907,-0.247,-0.341,-0.622,0.572,0.534,-0.619,0.288,-0.731,-0.788,-0.397,0.47,-0.432,0.403,-0.807,-0.622,-0.695,0.36,-0.504,0.686,0.525,-0.737,-0.572,0.36,0.7,-0.7,-0.14,none
9.580791,-0.003,0.779,0.627,-0.008,0.754,0.657,0.611,-0.501,-0.613,0.761,-0.386,0.521,0.758,-0.453,0.47,0.864,-0.217,0.455,0.867,-0.262,0.425,0.875,-0.263,0.407,0.857,-0.299,0.42,0.98,-0.083,-0.18,0.985,-0.109,-0.134,0.082,0.953,0.292,-0.016,0.971,0.237,rock
32.023495,0.093,0.82,0.564,0.927,-0.265,0.265,0.25,-0.923,-0.292,0.733,-0.306,0.607,-0.302,0.302,-0.905,0.814,-0.16,0.559,-0.928,0.371,0.0,0.859,-0.152,0.489,-0.371,0.557,-0.743,0.996,0.018,-0.084,-0.862,0.492,-0.123,0.177,0.902,0.394,-0.862,-0.123,-0.492,rock
9.078249,0.087,0.881,0.465,0.071,0.865,0.497,0.474,-0.416,-0.776,0.64,-0.322,0.698,0.667,-0.381,0.64,0.732,-0.227,0.643,0.735,-0.249,0.63,0.785,-0.155,0.599,0.786,-0.183,0.59,0.999,-0.007,0.039,0.997,-0.013,0.081,0.31,0.886,0.346,0.153,0.944,0.293,rock
12.641837,0.065,0.878,0.475,-0.053,-0.896,-0.441,-0.058,-0.986,-0.158,0.657,-0.34,0.673,-0.575,0.371,-0.729,0.755,-0.23,0.614,-0.748,0.302,-0.591,0.804,-0.174,0.568,-0.713,0.229,-0.662,1.0,-0.018,-0.001,-0.982,0.113,-0.151,0.271,0.898,0.346,-0.363,-0.869,-0.337,rock
8.56146,0.132,0.865,0.485,-0.436,0.873,-0.218,0.406,-0.439,-0.801,0.671,-0.286,0.684,-0.371,-0.928,-0.0,0.751,-0.178,0.636,-0.248,-0.744,0.62,0.815,-0.122,0.567,-0.0,-0.6,0.8,0.999,0.032,0.004,0.0,-0.316,0.949,0.273,0.879,0.39,-0.108,0.755,-0.647,rock
29.785893,0.441,-0.062,0.895,-0.173,0.777,0.605,-0.55,-0.203,-0.81,0.522,0.672,0.525,-0.943,-0.236,-0.236,0.045,0.733,0.678,-0.56,0.388,-0.732,0.241,0.746,0.621,-0.477,0.667,-0.572,0.05,0.948,0.314,0.293,0.807,-0.513,-0.358,-0.061,0.932,0.319,0.547,0.774,none
21.311604,0.004,0.701,0.714,0.08,-0.598,-0.797,0.553,-0.713,-0.432,0.813,-0.364,0.455,-0.758,0.379,-0.531,0.905,-0.162,0.394,-0.955,0.229,-0.191,0.916,-0.243,0.319,-0.853,0.349,-0.388,0.961,-0.047,-0.272,-0.953,0.247,0.176,-0.013,0.944,0.33,-0.163,-0.898,-0.408,rock
31.432161,0.369,-0.154,0.917,-0.667,0.667,-0.333,-0.331,-0.092,-0.939,0.514,0.352,0.782,-0.96,0.1,-0.26,-0.603,0.126,0.788,0.141,0.457,-0.878,-0.408,-0.037,0.912,0.048,0.63,-0.775,-0.416,0.15,0.897,0.0,0.832,-0.555,-0.404,-0.086,0.911,0.0,0.781,-0.625,none
24.819103,-0.199,0.745,0.637,-0.529,-0.634,0.564,0.817,-0.521,-0.248,0.782,-0.553,0.287,0.266,0.0,-0.964,0.963,-0.227,0.144,0.079,0.119,-0.99,0.931,0.048,0.361,-0.0,0.972,0.233,0.92,0.116,0.374,-0.162,0.942,0.292,0.086,0.93,0.357,-0.918,0.19,-0.348,scissors
18.20838,0.017,0.954,0.298,0.434,0.145,-0.889,0.719,-0.587,-0.372,0.854,-0.147,-0.498,-0.492,-0.82,-0.293,0.788,0.082,0.61,0.243,-0.852,-0.464,0.836,-0.098,0.54,0.068,-0.866,-0.495,0.906,-0.186,0.381,-0.149,-0.814,-0.562,0.885,-0.017,0.465,0.154,-0.605,-0.781,paper
21.646009,0.324,-0.341,0.883,0.91,0.286,-0.301,-0.235,0.143,-0.961,0.709,0.703,0.059,0.273,-0.311,0.91,0.026,0.918,0.397,-0.158,-0.389,0.908,0.066,0.785,0.616,-0.016,-0.536,0.844,-0.047,0.994,-0.096,-0.008,0.108,0.994,-0.625,0.08,0.777,0.526,-0.655,0.542,none
3.600767,0.062,-0.238,0.969,-0.488,-0.379,-0.786,0.168,0.097,-0.981,0.769,0.602,0.214,-0.665,0.547,-0.508,-0.114,0.836,0.537,-0.157,-0.503,-0.85,0.038,0.806,0.59,-0.39,-0.338,-0.857,-0.064,0.926,0.373,-0.502,-0.449,-0.739,-0.524,0.321,0.789,-0.218,-0.242,-0.945,none
55.452903,0.675,-0.607,0.42,0.535,0.802,-0.267,-0.627,0.415,-0.659,-0.079,-0.433,0.898,0.668,-0.729,-0.152,-0.674,-0.712,0.196,-0.031,-0.435,0.9,-0.708,-0.675,0.208,0.249,-0.498,0.83,-0.778,-0.609,0.155,-0.272,-0.634,0.724,-0.731,-0.553,0.399,-0.614,-0.789,-0.0,none
13.67895,0.044,0.791,0.61,-0.696,-0.174,-0.696,0.395,-0.849,-0.352,0.747,-0.353,0.563,-0.868,-0.334,-0.367,0.841,-0.195,0.504,-0.809,-0.539,-0.236,0.869,-0.215,0.446,-0.933,-0.359,-0.036,0.99,-0.038,-0.137,-0.804,-0.454,0.384,0.13,0.933,0.335,0.104,-0.345,-0.933,rock
38.62631,0.369,-0.044,0.928,0.874,-0.328,-0.359,-0.359,-0.045,-0.932,0.656,0.688,0.309,0.938,-0.036,0.344,-0.07,0.808,0.585,0.703,-0.198,0.683,-0.025,0.723,0.69,0.676,-0.358,0.644,-0.135,0.884,0.447,0.822,-0.309,0.478,-0.371,-0.374,0.85,-0.818,-0.333,-0.468,none
26.923389,0.073,0.85,0.521,0.158,-0.867,-0.473,-0.315,-0.915,-0.253,0.693,-0.33,0.641,-0.499,0.437,-0.749,0.784,-0.204,0.586,-0.838,0.419,-0.349,0.83,-0.172,0.531,-0.611,0.407,-0.679,0.999,-0.009,-0.043,-0.922,0.346,-0.173,0.234,0.905,0.356,-0.667,-0.667,-0.333,rock
32.662728,0.401,-0.219,0.89,-0.707,-0.0,-0.707,-0.291,-0.003,-0.957,0.489,0.214,0.846,-0.136,-0.272,-0.953,-0.68,0.01,0.733,0.913,-0.365,0.183,-0.418,-0.031,0.908,0.796,-0.597,-0.1,-0.402,0.183,0.897,0.624,-0.039,0.78,-0.39,0.127,0.912,-0.254,0.381,0.889,none
14.25531,-0.092,0.506,0.858,-0.557,0.371,-0.743,0.52,-0.582,-0.625,0.818,-0.547,-0.175,-0.822,-0.224,-0.523,0.953,-0.266,-0.143,-0.916,0.0,-0.401,0.915,-0.23,-0.332,-0.605,0.787,-0.121,0.868,-0.036,-0.496,-0.873,0.47,0.134,0.497,-0.079,0.864,-0.212,0.636,-0.742,none
1.254045,-0.121,0.951,0.286,0.953,-0.28,0.112,0.764,-0.636,0.112,0.847,0.124,-0.517,0.625,-0.625,-0.469,0.727,0.291,0.622,0.101,-0.404,0.909,0.853,0.122,0.508,0.309,-0.619,0.722,0.963,-0.021,0.268,0.482,-0.241,0.843,0.952,0.048,0.302,0.085,-0.235,-0.968,paper
27.403632,-0.04,0.706,0.708,-0.05,-0.654,-0.755,0.476,-0.738,-0.478,0.857,-0.395,0.33,-0.848,0.349,-0.399,0.977,-0.051,0.205,-0.986,-0.0,-0.168,0.856,0.0,0.517,-0.811,0.051,-0.583,0.846,0.052,0.531,-0.85,0.05,-0.525,0.043,0.852,0.522,-0.127,-0.784,-0.607,scissors
40.150831,0.556,0.111,0.824,-0.217,-0.976,-0.0,-0.369,-0.407,-0.835,0.958,0.224,-0.178,-0.224,0.822,-0.523,0.828,0.549,-0.114,-0.667,0.741,-0.074,0.773,0.621,-0.128,-0.617,0.772,-0.154,0.55,0.71,-0.44,-0.821,0.568,0.063,0.315,-0.671,0.672,-0.917,0.282,0.282,none
34.682108,0.454,-0.364,0.813,-0.696,0.174,0.696,-0.356,0.189,-0.915,0.558,0.168,0.813,0.39,-0.618,-0.683,-0.068,0.686,0.724,0.684,-0.612,0.396,0.358,0.877,0.319,0.873,0.114,0.474,0.13,0.984,0.123,0.999,0.046,-0.013,-0.656,0.148,0.74,-0.292,0.512,0.808,none
38.623014,0.494,-0.273,0.826,0.988,0.144,-0.056,-0.36,0.111,-0.926,0.622,0.62,0.478,0.831,-0.549,0.094,-0.252,0.643,0.723,-0.712,-0.534,-0.455,-0.224,0.591,0.775,-0.842,-0.081,-0.534,-0.401,0.71,0.579,-0.989,-0.1,-0.111,-0.6,-0.124,0.79,-0.813,-0.54,0.219,none
7.634327,-0.007,0.377,0.926,-0.996,0.086,0.004,0.359,-0.519,-0.776,0.931,0.238,-0.276,-0.433,0.459,-0.776,0.396,0.647,0.652,0.158,0.586,-0.794,0.401,0.557,0.728,0.035,0.748,-0.663,0.114,0.609,0.785,0.063,0.826,-0.561,-0.015,0.302,0.953,0.082,0.996,0.039,none
7.114799,0.037,0.516,0.856,0.983,0.175,0.055,0.295,-0.6,-0.744,0.978,0.164,-0.127,0.454,-0.481,0.75,0.349,0.658,0.667,-0.196,-0.445,0.874,0.399,0.567,0.72,0.0,-0.591,0.806,0.304,0.646,0.7,0.157,-0.575,0.803,0.156,0.288,0.945,0.05,-0.901,0.431,none
7.476976,-0.195,0.693,0.694,-0.041,0.686,0.727,0.095,-0.899,-0.427,0.802,-0.544,0.247,0.84,-0.47,0.271,0.982,-0.182,0.041,0.99,-0.085,0.113,0.904,0.144,0.402,0.857,0.028,0.515,0.899,0.155,0.41,0.817,0.043,0.575,-0.032,0.931,0.365,-0.097,0.88,0.464,scissors
19.051349,0.252,0.827,-0.503,-0.072,0.61,0.789,0.255,-0.187,0.949,-0.003,-0.467,0.884,-0.844,-0.13,-0.52,-0.023,-0.657,0.754,0.433,0.643,-0.632,0.385,-0.808,-0.447,-0.71,0.616,-0.342,0.639,0.145,0.756,0.364,-0.899,-0.243,0.934,-0.041,0.355,0.846,0.254,-0.47,none
55.453301,0.676,-0.608,0.415,0.802,0.535,-0.267,-0.615,0.426,-0.664,-0.077,-0.385,0.92,0.881,-0.464,-0.093,-0.698,-0.693,0.184,-0.038,-0.269,0.962,-0.717,-0.666,0.206,0.272,-0.318,0.908,-0.779,-0.61,0.146,-0.136,-0.272,0.953,-0.734,-0.558,0.386,-0.885,-0.442,-0.147,none
46.852683,-0.021,-0.198,0.98,-0.55,-0.828,0.111,0.213,-0.09,-0.973,0.505,0.815,0.284,-0.549,0.818,0.172,-0.607,0.759,0.236,-0.69,0.219,-0.69,-0.559,0.697,0.449,-0.748,0.387,-0.539,-0.511,0.665,0.545,-0.746,0.502,-0.437,-0.287,0.36,0.888,-0.781,0.598,-0.183,none
13.662837,0.058,0.796,0.603,-0.494,-0.099,-0.864,0.388,-0.866,-0.317,0.74,-0.341,0.581,-0.97,-0.184,-0.157,0.832,-0.19,0.522,-0.904,-0.427,-0.025,0.865,-0.201,0.459,-0.977,-0.163,0.136,0.992,-0.026,-0.124,-0.757,-0.313,0.574,0.142,0.926,0.349,0.364,-0.504,-0.784,rock
54.432657,0.74,-0.568,0.359,0.927,0.265,0.265,-0.686,0.387,-0.616,0.19,0.634,0.749,-0.058,0.351,-0.935,-0.791,-0.474,0.386,-0.678,0.136,0.723,-0.607,-0.733,0.306,-0.745,0.298,0.596,-0.616,-0.757,0.217,-0.778,-0.078,0.623,-0.719,-0.613,0.329,-0.802,-0.535,-0.267,none
13.81645,-0.092,0.506,0.857,-0.333,-0.667,-0.667,0.52,-0.582,-0.625,0.821,-0.545,-0.173,-0.552,0.092,-0.829,0.953,-0.266,-0.144,-0.867,0.158,-0.473,0.912,-0.225,-0.342,-0.596,0.745,-0.298,0.864,-0.031,-0.503,-0.864,0.504,-0.0,0.492,-0.086,0.867,-0.511,0.639,-0.575,none
18.697461,-0.213,0.794,0.569,-0.215,0.732,0.646,0.872,-0.435,-0.222,0.731,-0.593,0.337,0.774,-0.619,0.133,0.939,-0.284,0.192,0.951,-0.294,0.091,0.951,0.017,0.31,0.943,0.132,0.307,0.945,0.072,0.319,0.853,0.224,0.471,0.149,0.929,0.34,-0.126,0.965,0.231,scissors
21.822163,0.016,0.738,0.675,0.077,-0.737,-0.671,0.536,-0.692,-0.483,0.801,-0.345,0.488,-0.714,0.484,-0.506,0.89,-0.154,0.43,-0.883,0.32,-0.342,0.909,-0.224,0.351,-0.816,0.375,-0.441,0.97,-0.035,-0.24,-0.97,0.216,0.108,0.018,0.939,0.344,-0.078,-0.967,-0.244,rock
27.877228,-0.003,0.724,0.69,-0.507,-0.169,-0.845,0.533,-0.703,-0.471,0.842,-0.392,0.371,-0.647,0.108,-0.755,0.968,-0.057,0.244,-0.943,-0.314,-0.105,0.86,-0.055,0.508,-0.597,0.1,-0.796,0.853,-0.003,0.521,-0.883,0.331,-0.331,0.082,0.841,0.535,-0.518,-0.207,-0.83,scissors
21.75677,-0.248,0.753,0.61,-0.291,0.389,0.874,0.377,-0.858,-0.349,0.752,-0.597,0.279,0.766,-0.287,-0.575,0.951,-0.279,0.135,0.905,0.302,-0.302,0.946,0.068,0.318,0.667,0.572,0.477,0.933,0.13,0.336,0.164,0.655,0.737,0.098,0.943,0.317,-0.774,0.633,0.0,scissors
13.23743,-0.114,0.53,0.84,0.701,0.642,-0.311,0.472,-0.602,-0.643,0.847,-0.498,-0.184,0.369,0.239,0.898,0.98,-0.167,-0.109,0.229,-0.138,0.964,0.946,-0.189,-0.261,0.224,-0.385,0.895,0.877,-0.01,-0.48,0.501,0.277,0.82,0.53,0.032,0.847,0.053,-0.936,-0.348,none
35.100368,0.541,-0.325,0.775,0.732,0.61,0.305,-0.381,0.18,-0.907,0.495,0.053,0.867,-0.589,0.702,-0.401,-0.4,0.398,0.825,-0.203,0.599,-0.775,0.228,0.956,0.182,0.535,0.825,0.181,-0.076,0.98,-0.182,0.071,0.997,-0.024,-0.718,-0.047,0.695,0.931,-0.233,-0.279,none
50.863451,0.691,-0.646,0.323,-0.698,0.161,-0.698,-0.725,0.443,-0.528,0.053,0.885,0.462,-0.554,-0.693,-0.462,-0.58,0.764,0.282,-0.05,-0.893,-0.447,-0.488,0.83,0.27,-0.049,-0.839,-0.543,-0.657,0.7,0.281,-0.057,-0.915,-0.4,-0.708,-0.632,0.314,-0.041,0.328,-0.944,none
5.502208,0.024,0.912,0.409,-0.027,-0.819,-0.573,0.614,-0.712,-0.339,0.597,-0.384,0.705,-0.581,0.404,-0.707,0.712,-0.295,0.637,-0.8,0.32,-0.507,0.751,-0.208,0.627,-0.728,0.286,-0.624,0.995,-0.063,0.071,-0.976,0.195,-0.098,0.344,0.892,0.293,-0.376,-0.859,-0.349,rock
8.192334,-0.081,0.953,0.292,-0.0,0.914,0.406,0.67,-0.734,0.109,0.851,0.026,-0.524,0.821,0.063,-0.568,0.754,0.213,0.621,0.625,0.278,0.729,0.848,0.045,0.528,0.787,0.107,0.608,0.944,-0.083,0.319,0.808,0.037,0.588,0.895,0.087,0.438,0.798,0.177,0.576,paper
4.648235,-0.093,0.946,0.311,-0.816,-0.408,-0.408,0.713,-0.696,0.086,0.858,0.064,-0.509,-0.426,0.64,-0.64,0.733,0.241,0.636,-0.8,0.6,-0.0,0.838,0.078,0.541,-0.426,0.64,-0.64,0.941,-0.047,0.336,-0.62,0.744,0.248,0.882,0.094,0.462,-0.855,0.367,-0.367,paper
7.815446,-0.093,0.949,0.301,-0.0,0.97,0.243,0.701,-0.699,0.139,0.858,0.042,-0.512,0.588,0.196,-0.784,0.742,0.228,0.631,0.408,0.408,0.816,0.84,0.064,0.539,0.811,0.324,0.487,0.94,-0.062,0.336,0.324,0.487,0.811,0.888,0.093,0.45,0.0,0.949,0.316,paper
6.011964,0.067,0.904,0.423,-0.305,-0.942,-0.139,0.639,-0.662,-0.392,0.615,-0.351,0.706,-0.29,-0.058,-0.955,0.718,-0.261,0.645,-0.406,-0.0,-0.914,0.764,-0.179,0.619,-0.482,-0.241,-0.843,0.997,-0.034,0.063,-0.824,-0.265,-0.5,0.333,0.887,0.32,-0.694,-0.333,-0.638,rock
5.946704,-0.061,0.849,0.525,-0.035,0.773,0.633,0.681,-0.665,-0.305,0.677,-0.55,0.489,0.813,-0.529,0.244,0.914,-0.244,0.325,0.96,-0.125,0.25,0.934,-0.145,0.325,0.887,-0.0,0.463,0.944,-0.12,0.306,0.76,0.076,0.646,0.245,0.853,0.46,-0.177,0.887,0.426,scissors
32.791826,0.416,-0.191,0.889,-0.083,-0.997,0.0,-0.313,-0.003,-0.95,0.491,0.231,0.84,0.0,-0.707,-0.707,-0.678,0.049,0.734,-0.0,-0.555,0.832,-0.425,0.017,0.905,0.701,-0.409,-0.584,-0.458,0.138,0.878,0.802,-0.256,0.539,-0.349,0.157,0.924,-0.649,-0.081,0.757,none
33.715272,0.469,-0.088,0.879,0.864,0.259,-0.432,-0.38,-0.197,-0.904,0.507,0.212,0.835,0.092,-0.552,-0.829,-0.672,0.059,0.738,0.466,-0.839,0.28,-0.338,0.152,0.929,-0.514,0.0,0.857,0.094,0.99,0.102,-0.577,-0.577,0.577,-0.233,0.152,0.961,0.0,-0.768,-0.64,none
2.587898,-0.003,-0.27,0.963,-0.802,-0.535,0.267,0.132,0.128,-0.983,0.698,0.697,0.161,-0.14,0.14,-0.98,-0.141,0.903,0.406,-0.943,-0.236,-0.236,-0.013,0.878,0.479,-0.688,0.229,-0.688,-0.113,0.96,0.257,-0.894,0.447,0.0,-0.611,0.347,0.712,-0.855,0.367,-0.367,none
24.307014,-0.092,0.704,0.705,0.366,0.846,-0.389,0.565,-0.661,-0.494,0.842,-0.443,0.309,-0.137,-0.247,0.959,0.98,-0.098,0.172,0.0,-0.287,0.958,0.877,0.036,0.479,0.373,-0.92,-0.124,0.867,0.083,0.492,0.412,-0.907,-0.082,0.042,0.88,0.473,0.917,0.201,0.344,scissors
18.258361,0.068,0.769,0.636,0.0,-1.0,0.0,0.407,-0.785,-0.467,0.778,-0.319,0.541,-0.272,0.136,-0.953,0.86,-0.147,0.488,-0.873,0.436,-0.218,0.895,-0.183,0.406,-0.324,0.487,-0.811,0.984,-0.0,-0.18,-0.768,0.512,-0.384,0.085,0.922,0.378,-0.936,-0.0,-0.351,rock
28.451787,-0.055,0.808,0.587,0.084,0.828,0.555,-0.505,-0.723,-0.471,0.72,-0.459,0.521,0.716,-0.358,0.6,0.847,-0.296,0.442,0.803,-0.206,0.559,0.838,-0.326,0.437,0.827,-0.183,0.532,0.978,-0.149,-0.148,1.0,-0.017,0.006,0.118,0.97,0.214,0.129,0.932,0.339,rock
15.131148,-0.093,0.732,0.675,-0.232,0.29,0.928,0.744,-0.179,-0.644,0.812,-0.473,0.342,0.846,-0.282,-0.451,0.972,-0.137,0.19,0.924,0.142,-0.355,0.892,0.014,0.452,0.597,0.537,0.597,0.884,0.033,0.467,0.316,0.526,0.789,0.065,0.88,0.47,-0.7,0.7,0.14,scissors
5.776192,-0.083,0.947,0.311,-1.0,0.0,0.0,0.742,-0.666,0.07,0.862,0.047,-0.505,-0.0,0.316,-0.949,0.731,0.231,0.642,-0.802,0.267,0.535,0.835,0.068,0.546,-0.667,0.333,-0.667,0.938,-0.061,0.342,-0.816,0.408,0.408,0.883,0.086,0.461,-0.98,0.14,-0.14,paper
28.961491,0.013,0.83,0.557,0.444,0.778,-0.444,-0.461,-0.509,-0.727,0.707,-0.374,0.601,0.688,-0.229,0.688,0.807,-0.233,0.543,0.11,-0.11,0.988,0.836,-0.221,0.502,0.596,0.298,0.745,0.996,-0.052,-0.077,0.457,0.762,0.457,0.203,0.927,0.315,-0.124,0.992,0.0,rock
41.684725,-0.328,0.794,0.512,0.313,0.662,-0.681,0.523,-0.825,-0.214,0.751,-0.368,-0.549,-0.471,-0.796,0.38,0.966,0.253,0.057,-0.049,-0.992,0.117,0.975,0.217,0.046,-0.018,-1.0,-0.006,0.892,0.436,-0.121,0.32,-0.787,0.528,0.702,0.376,0.605,0.741,-0.4,-0.539,none
17.188319,-0.138,0.92,0.367,-0.072,-0.983,-0.168,0.833,-0.554,-0.004,0.892,0.049,-0.45,-0.656,0.328,0.68,0.714,0.269,0.647,-0.946,0.079,-0.315,0.816,0.102,0.569,-0.891,0.291,-0.349,0.92,0.003,0.391,-0.91,0.4,-0.109,0.857,0.154,0.492,-0.97,0.108,-0.216,paper
1.894041,-0.136,0.752,0.645,-0.894,0.0,0.447,0.762,-0.562,-0.323,0.763,-0.548,0.342,0.477,0.08,-0.875,0.971,-0.186,0.148,0.272,-0.634,-0.724,0.909,0.033,0.415,0.0,0.981,-0.196,0.91,0.057,0.411,-0.241,0.843,0.482,0.064,0.894,0.443,-0.686,0.514,-0.514,scissors
32.410484,0.424,-0.216,0.879,0.857,0.429,-0.286,-0.297,-0.025,-0.955,0.46,0.232,0.857,-0.0,-0.832,-0.555,-0.685,0.031,0.727,0.704,-0.101,-0.704,-0.441,-0.032,0.897,0.371,-0.445,-0.815,-0.37,0.115,0.922,-0.0,0.781,0.625,-0.383,0.075,0.921,0.158,0.473,0.867,none
21.82176,0.072,0.773,0.631,0.065,-0.761,-0.645,0.488,-0.725,-0.486,0.791,-0.318,0.522,-0.716,0.46,-0.524,0.872,-0.139,0.469,-0.885,0.295,-0.359,0.903,-0.188,0.386,-0.819,0.358,-0.448,0.979,-0.001,-0.202,-0.976,0.2,0.088,0.064,0.926,0.373,-0.103,-0.961,-0.256,rock
12.217303,-0.173,-0.25,0.953,-0.577,-0.577,-0.577,0.529,0.219,-0.82,0.828,0.051,-0.559,-0.367,-0.367,-0.855,-0.544,0.718,0.434,-0.25,0.25,0.936,-0.446,0.631,0.634,0.0,-0.141,0.99,-0.321,0.646,0.693,0.218,-0.436,0.873,-0.881,0.417,0.222,0.0,-0.707,-0.707,none
20.813325,0.028,0.743,0.669,-0.208,-0.968,0.138,0.541,-0.693,-0.475,0.79,-0.351,0.502,-0.155,0.103,-0.982,0.881,-0.168,0.442,-0.404,0.269,-0.874,0.901,-0.226,0.37,-0.351,-0.0,-0.936,0.975,-0.039,-0.219,-0.805,0.054,-0.591,0.043,0.94,0.338,-0.868,-0.241,-0.434,rock
18.071049,0.047,0.925,0.377,0.973,-0.034,0.23,0.317,-0.944,0.095,0.778,-0.628,0.011,-0.188,0.352,0.917,0.908,-0.171,0.381,-0.581,0.239,0.778,0.936,-0.223,0.273,-0.365,-0.071,0.928,0.924,0.155,0.35,-0.377,0.146,0.914,0.578,0.396,0.713,-0.174,-0.618,0.766,none
2.311415,-0.097,0.959,0.268,-0.0,0.965,-0.263,0.764,-0.63,0.139,0.829,0.089,-0.552,0.37,-0.092,-0.925,0.764,0.259,0.592,0.312,0.156,0.937,0.883,0.067,0.465,0.845,-0.169,0.507,0.97,-0.065,0.232,0.384,0.512,0.768,0.913,0.185,0.363,0.292,0.62,0.729,paper
30.459113,0.39,-0.103,0.915,-0.926,-0.031,-0.376,-0.445,-0.225,-0.867,0.589,0.542,0.599,-0.937,-0.041,-0.346,-0.295,0.428,0.854,-0.343,0.339,-0.876,-0.045,0.316,0.948,-0.595,0.456,-0.662,-0.254,0.596,0.762,-0.838,0.166,-0.519,-0.373,-0.028,0.928,0.182,0.473,-0.862,none
40.153907,0.523,0.135,0.841,-0.577,0.577,0.577,-0.356,-0.381,-0.853,0.96,0.212,-0.185,0.404,0.269,-0.874,0.833,0.54,-0.122,0.218,0.436,-0.873,0.777,0.615,-0.133,0.14,-0.14,-0.98,0.555,0.703,-0.444,-0.365,0.183,-0.913,0.048,-0.641,0.766,0.507,0.45,0.736,none
41.730961,-0.384,0.786,0.485,-0.006,0.891,-0.454,0.615,-0.769,-0.173,0.707,-0.321,-0.63,-0.182,-0.974,-0.131,0.964,0.265,-0.015,0.617,-0.781,-0.094,0.971,0.239,-0.027,0.618,-0.782,-0.082,0.888,0.43,-0.161,0.679,-0.636,0.366,0.706,0.487,0.514,0.934,-0.108,-0.341,none
28.451962,-0.068,0.813,0.578,0.075,0.851,0.519,-0.498,-0.702,-0.509,0.72,-0.433,0.543,0.696,-0.348,0.628,0.841,-0.272,0.468,0.777,-0.214,0.591,0.843,-0.299,0.447,0.812,-0.168,0.56,0.982,-0.126,-0.139,0.999,-0.0,0.04,0.118,0.96,0.252,0.164,0.925,0.344,rock
11.096947,-0.133,0.954,0.27,-0.287,0.575,0.766,0.339,-0.901,0.27,0.83,0.025,-0.557,0.878,0.427,-0.214,0.78,0.228,0.583,0.215,0.574,0.79,0.867,0.062,0.495,0.463,0.463,0.756,0.953,-0.053,0.299,0.523,0.428,0.737,0.897,0.135,0.42,0.301,0.437,0.847,paper
13.770068,-0.088,0.503,0.859,-0.97,-0.243,-0.0,0.52,-0.582,-0.625,0.815,-0.554,-0.169,-0.404,0.101,-0.909,0.95,-0.278,-0.142,-0.843,0.105,-0.527,0.91,-0.235,-0.341,-0.508,0.609,-0.609,0.865,-0.039,-0.5,-0.896,0.398,-0.199,0.497,-0.087,0.864,-0.63,0.709,-0.315,none
1.420442,-0.149,0.754,0.64,0.0,0.514,0.857,0.76,-0.55,-0.346,0.756,-0.563,0.334,0.845,-0.169,-0.507,0.967,-0.201,0.154,0.905,0.302,0.302,0.912,0.031,0.409,0.588,0.196,0.784,0.916,0.057,0.398,-0.105,0.314,0.943,0.069,0.898,0.435,-0.793,0.566,0.226,scissors
16.146727,-0.222,0.749,0.624,0.324,0.811,-0.487,0.88,-0.161,-0.448,0.762,-0.579,0.291,-0.429,-0.286,0.857,0.958,-0.254,0.135,-0.268,-0.358,0.894,0.937,0.07,0.342,0.218,-0.873,-0.436,0.928,0.108,0.357,0.164,-0.986,0.0,0.086,0.935,0.344,0.873,0.436,0.218,scissors
45.806761,-0.657,0.552,0.514,-0.51,-0.722,-0.467,0.742,-0.656,-0.14,0.44,0.592,-0.675,-0.739,0.586,-0.331,0.237,0.971,0.012,0.456,0.415,-0.788,0.285,0.953,0.107,0.839,0.28,-0.466,0.414,0.89,0.189,-0.038,-0.115,-0.993,0.651,0.683,0.33,-0.772,0.081,-0.63,none
14.764559,0.057,0.179,0.982,-0.969,0.102,-0.227,0.401,-0.338,-0.851,0.929,-0.14,-0.344,-0.432,-0.61,-0.664,0.949,0.271,-0.162,-0.047,-0.52,-0.853,0.92,0.288,-0.267,-0.178,-0.24,-0.954,0.512,0.858,-0.033,-0.616,0.092,-0.782,-0.161,0.384,0.909,0.738,0.621,-0.265,none
6.18471,0.09,-0.064,0.994,0.982,0.13,-0.136,0.286,-0.055,-0.957,0.823,0.525,0.218,-0.162,-0.875,0.456,-0.169,0.786,0.595,-0.533,-0.747,0.397,-0.121,0.709,0.695,-0.759,-0.645,-0.091,-0.146,0.796,0.587,-0.967,-0.162,-0.194,-0.282,0.405,0.87,0.18,-0.671,0.719,none
6.561554,0.116,0.784,0.61,-0.878,-0.338,0.338,0.571,-0.621,-0.537,0.764,-0.29,0.577,-0.116,-0.349,-0.93,0.839,-0.131,0.528,-0.248,-0.331,-0.91,0.889,-0.147,0.434,-0.277,-0.484,-0.83,0.988,0.031,-0.15,-0.713,-0.389,-0.583,0.115,0.906,0.408,-0.732,0.052,-0.68,rock
46.784203,-0.241,-0.02,0.97,-0.825,-0.564,0.047,0.428,-0.246,-0.87,0.7,0.711,-0.074,-0.603,0.784,-0.148,-0.274,0.929,0.247,-0.465,0.298,-0.834,-0.26,0.873,0.412,-0.548,0.458,-0.7,-0.221,0.828,0.515,-0.551,0.585,-0.596,-0.021,0.517,0.856,-0.608,0.735,-0.299,none
36.600234,0.613,-0.298,0.732,-0.315,-0.765,-0.562,-0.395,0.108,-0.912,0.629,0.065,0.775,0.548,-0.619,0.563,-0.397,0.546,0.737,0.511,-0.227,0.829,0.549,0.757,-0.354,-0.896,-0.213,-0.39,-0.15,0.98,0.133,-0.871,-0.484,-0.078,-0.447,-0.036,0.894,0.178,-0.981,0.074,none
40.749695,0.464,0.165,0.87,0.896,0.355,-0.266,-0.288,-0.439,-0.851,0.9,0.392,0.19,-0.226,-0.395,0.891,0.134,0.708,0.694,-0.432,-0.537,0.724,0.131,0.604,0.786,-0.442,-0.723,0.531,-0.068,0.799,0.597,-0.325,-0.675,0.663,0.021,-0.46,0.887,0.314,-0.916,-0.249,none
34.061854,0.034,0.842,0.539,-0.0,-0.707,-0.707,0.235,-0.926,-0.294,0.7,-0.365,0.614,-0.236,0.236,-0.943,0.799,-0.227,0.556,-0.913,0.365,-0.183,0.832,-0.204,0.516,-0.408,0.408,-0.816,0.998,-0.036,-0.06,-0.873,0.436,-0.218,0.221,0.916,0.334,-0.889,-0.111,-0.444,rock
7.555756,-0.092,0.95,0.299,-0.0,0.832,0.555,0.701,-0.697,0.153,0.857,0.043,-0.513,0.566,0.424,-0.707,0.745,0.227,0.628,-0.169,0.507,0.845,0.842,0.064,0.536,0.229,0.688,0.688,0.942,-0.063,0.33,-0.137,0.549,0.824,0.89,0.097,0.446,-0.743,0.557,0.371,paper
27.867829,0.564,-0.048,0.825,-0.923,0.385,0.0,-0.579,-0.258,-0.773,0.406,0.583,0.704,-0.964,0.205,-0.167,-0.146,0.592,0.793,-0.652,0.402,-0.643,0.035,0.61,0.792,-0.701,0.38,-0.604,-0.134,0.824,0.551,-0.78,-0.181,-0.599,-0.39,-0.155,0.908,0.312,0.647,0.695,none
42.272803,-0.539,0.704,0.463,-0.912,-0.228,-0.342,0.733,-0.675,-0.085,0.589,-0.278,-0.759,-0.176,0.176,-0.968,0.927,0.316,-0.202,-0.477,0.191,-0.858,0.928,0.312,-0.204,-0.081,0.242,-0.967,0.841,0.43,-0.329,-0.545,0.182,-0.818,0.578,0.669,0.467,-0.582,0.727,-0.364,none
7.03123,0.097,0.8,0.592,-0.331,-0.883,-0.331,0.594,-0.579,-0.559,0.753,-0.303,0.584,-0.385,0.0,-0.923,0.832,-0.147,0.535,-0.759,0.0,-0.651,0.879,-0.156,0.45,-0.555,-0.0,-0.832,0.991,0.021,-0.135,-0.946,0.079,-0.315,0.14,0.909,0.392,-0.712,-0.285,-0.641,rock
15.190214,0.069,0.737,0.673,-0.236,0.236,0.943,0.468,-0.767,-0.439,0.803,-0.309,0.51,0.842,-0.337,-0.421,0.88,-0.123,0.458,1.0,-0.0,-0.0,0.913,-0.181,0.365,0.894,-0.268,-0.358,0.975,0.007,-0.221,0.404,0.101,-0.909,0.04,0.922,0.386,-0.702,0.702,-0.117,rock
7.03164,0.098,0.814,0.573,0.623,0.078,-0.778,0.594,-0.579,-0.559,0.731,-0.307,0.61,-0.408,0.898,0.163,0.814,-0.164,0.557,-0.597,0.537,0.597,0.864,-0.155,0.478,-0.272,0.953,0.136,0.994,0.02,-0.104,-0.408,0.816,0.408,0.169,0.907,0.387,0.115,-0.808,0.577,rock
21.822041,0.032,0.747,0.664,0.079,-0.737,-0.671,0.488,-0.725,-0.486,0.799,-0.337,0.498,-0.727,0.473,-0.497,0.885,-0.151,0.44,-0.893,0.306,-0.33,0.908,-0.214,0.36,-0.828,0.365,-0.426,0.972,-0.025,-0.232,-0.972,0.202,0.119,0.029,0.936,0.351,-0.074,-0.96,-0.271,rock
22.281373,0.027,0.689,0.725,-0.176,-0.791,0.586,-0.101,-0.888,-0.449,0.852,-0.373,0.367,0.109,0.4,-0.91,0.974,-0.026,0.227,-0.293,0.587,-0.755,0.833,-0.014,0.553,-0.58,0.788,0.207,0.822,0.017,0.569,-0.637,0.674,0.375,0.046,0.824,0.565,-0.93,-0.335,-0.149,scissors
29.471201,0.023,0.783,0.622,-0.0,-0.959,-0.282,-0.445,-0.55,-0.707,0.762,-0.355,0.541,-0.44,0.342,-0.831,0.855,-0.184,0.486,-0.754,0.377,-0.538,0.879,-0.218,0.423,-0.605,0.252,-0.756,0.986,-0.037,-0.163,-0.943,0.236,-0.236,0.106,0.935,0.339,-0.648,-0.648,-0.399,rock
50.863805,0.69,-0.649,0.32,-0.56,0.388,-0.732,-0.752,0.4,-0.524,0.051,0.88,0.472,-0.156,-0.937,-0.312,-0.581,0.76,0.291,0.242,-0.97,-0.035,-0.488,0.826,0.283,0.18,-0.973,-0.144,-0.65,0.702,0.293,0.279,-0.957,-0.08,-0.704,-0.634,0.32,0.194,0.146,-0.97,none
26.948836,-0.112,0.659,0.744,0.057,0.687,0.725,0.587,-0.65,-0.483,0.876,-0.414,0.249,0.877,-0.38,0.292,0.993,-0.051,0.111,0.977,-0.019,0.213,0.853,0.124,0.507,0.831,-0.038,0.554,0.83,0.177,0.528,0.776,0.029,0.63,-0.049,0.877,0.479,-0.057,0.849,0.525,scissors
1.577103,-0.011,-0.239,0.971,0.86,-0.161,-0.484,0.212,0.135,-0.968,0.71,0.69,0.142,-0.905,-0.302,0.302,-0.127,0.906,0.403,-0.74,-0.647,0.185,0.004,0.879,0.477,-0.762,-0.635,-0.127,-0.098,0.954,0.282,-0.896,-0.398,0.199,-0.584,0.367,0.724,-0.468,-0.749,-0.468,none
28.967158,0.038,0.801,0.597,-0.196,0.981,0.0,-0.429,-0.531,-0.731,0.746,-0.343,0.57,0.169,-0.845,0.507,0.837,-0.188,0.514,0.105,-0.527,0.843,0.868,-0.204,0.453,0.442,-0.147,0.885,0.991,-0.029,-0.128,0.588,0.196,0.784,0.137,0.929,0.344,-0.0,0.949,-0.316,rock
10.971145,-0.172,0.947,0.271,-0.24,0.828,0.507,0.426,-0.837,0.344,0.824,0.065,-0.563,0.815,0.24,-0.527,0.778,0.266,0.568,0.595,0.44,0.673,0.869,0.097,0.485,0.739,0.28,0.612,0.957,-0.018,0.29,0.8,0.213,0.56,0.892,0.165,0.422,0.702,0.366,0.611,paper
13.617754,-0.073,0.954,0.291,-0.37,0.071,0.926,-0.251,-0.968,0.0,0.864,-0.013,-0.503,0.707,0.693,0.139,0.746,0.207,0.633,-0.144,0.744,0.653,0.832,0.04,0.553,0.096,0.744,0.661,0.925,-0.062,0.374,0.225,0.702,0.676,0.873,0.08,0.482,-0.085,0.566,0.82,paper
4.991068,0.03,0.873,0.487,0.256,-0.667,-0.7,0.58,-0.75,-0.318,0.661,-0.394,0.638,-0.684,0.585,-0.435,0.769,-0.283,0.574,-0.876,0.407,-0.259,0.79,-0.244,0.562,-0.767,0.495,-0.408,0.996,-0.091,0.001,-0.929,0.354,0.11,0.267,0.924,0.272,-0.091,-0.99,-0.104,rock
36.924037,0.509,-0.465,0.724,0.87,0.126,0.477,-0.41,0.243,-0.879,0.673,0.672,0.311,0.992,-0.039,0.119,0.184,0.974,0.131,-0.942,-0.129,-0.309,0.286,0.954,0.093,-0.91,-0.098,-0.403,-0.107,0.986,-0.131,-0.999,0.046,0.017,-0.742,-0.124,0.659,-0.582,-0.258,0.771,none
23.416969,0.012,0.866,0.499,0.069,0.792,0.607,0.617,-0.571,-0.542,0.672,-0.393,0.627,0.756,-0.37,0.539,0.784,-0.27,0.56,0.839,-0.198,0.507,0.809,-0.242,0.535,0.859,-0.197,0.473,0.996,-0.082,-0.04,0.997,-0.016,-0.072,0.231,0.933,0.276,0.039,0.947,0.318,rock
39.644771,0.564,0.088,0.821,0.759,0.345,-0.552,-0.368,-0.368,-0.854,0.938,0.269,-0.218,-0.085,0.423,0.902,0.79,0.594,-0.149,-0.274,0.091,0.958,0.728,0.669,-0.148,-0.152,-0.076,0.986,0.498,0.736,-0.459,-0.026,0.384,0.923,0.289,-0.686,0.668,0.018,-0.27,-0.963,none
16.213043,0.069,0.757,0.649,0.298,-0.596,0.745,0.446,-0.763,-0.468,0.784,-0.322,0.531,0.424,0.318,-0.848,0.866,-0.146,0.478,0.0,0.986,-0.164,0.899,-0.188,0.395,0.367,0.367,-0.855,0.981,-0.003,-0.192,-0.398,0.597,-0.697,0.074,0.925,0.372,-0.98,0.178,-0.089,rock
36.612059,0.096,0.814,0.573,-0.196,-0.981,-0.0,0.173,-0.96,-0.219,0.743,-0.304,0.596,-0.216,0.108,-0.97,0.82,-0.151,0.552,-0.845,0.169,-0.507,0.866,-0.151,0.476,-0.391,0.13,-0.911,0.995,0.022,-0.098,-0.912,0.228,-0.342,0.173,0.9,0.401,-0.87,-0.097,-0.483,rock
16.297607,-0.285,0.512,0.81,0.486,-0.864,0.135,0.798,-0.375,-0.472,0.789,-0.276,-0.55,-0.303,0.91,0.282,0.934,0.33,-0.137,-0.735,0.576,0.358,0.924,0.357,-0.14,-0.607,0.539,0.584,0.778,0.623,-0.082,-0.91,0.072,0.407,0.133,0.901,0.414,-0.875,-0.482,-0.054,none
4.990206,0.025,0.731,0.682,-0.069,-0.935,-0.346,0.501,-0.798,-0.335,0.802,-0.357,0.479,-0.481,0.365,-0.797,0.892,-0.16,0.423,-0.684,0.333,-0.649,0.91,-0.225,0.347,-0.65,0.2,-0.733,0.969,-0.034,-0.245,-0.963,0.114,-0.245,0.02,0.939,0.344,-0.474,-0.813,-0.339,rock
14.680844,0.067,0.746,0.662,0.162,-0.973,0.162,0.489,-0.759,-0.43,0.787,-0.329,0.522,-0.156,0.312,-0.937,0.873,-0.148,0.464,-0.684,0.456,-0.57,0.901,-0.196,0.386,-0.389,0.291,-0.874,0.979,-0.01,-0.204,-0.842,0.337,-0.421,0.066,0.928,0.366,-0.884,-0.241,-0.402,rock
0.230021,0.028,0.773,0.633,0.936,0.25,-0.25,0.506,-0.782,-0.364,0.776,-0.363,0.516,0.202,0.942,0.269,0.867,-0.183,0.464,-0.121,0.605,0.787,0.888,-0.218,0.405,0.145,0.946,0.291,0.982,-0.036,-0.183,-0.067,0.94,0.336,0.09,0.939,0.333,0.254,-0.381,0.889,rock
14.127597,-0.063,0.958,0.281,0.433,-0.018,-0.901,-0.358,-0.933,0.026,0.854,-0.046,-0.518,-0.577,-0.726,-0.373,0.77,0.17,0.615,0.228,-0.816,-0.531,0.846,-0.006,0.534,0.018,-0.809,-0.588,0.929,-0.101,0.356,-0.235,-0.744,-0.626,0.885,0.063,0.462,0.0,-0.525,-0.851,paper
39.643288,0.551,0.084,0.83,0.587,0.342,-0.734,-0.38,-0.344,-0.859,0.935,0.279,-0.219,-0.141,0.516,0.845,0.783,0.606,-0.142,-0.262,0.164,0.951,0.724,0.675,-0.139,-0.106,-0.106,0.989,0.497,0.741,-0.452,-0.037,0.26,0.965,0.023,-0.743,0.668,-0.096,-0.23,-0.968,none
18.256678,0.075,0.766,0.638,-0.0,-0.894,0.447,0.448,-0.778,-0.441,0.778,-0.314,0.544,0.192,0.192,-0.962,0.858,-0.145,0.492,-0.174,0.696,-0.696,0.896,-0.179,0.406,0.0,0.217,-0.976,0.984,0.003,-0.177,-0.597,0.398,-0.697,0.087,0.921,0.379,-0.946,0.079,-0.315,rock
34.57155,0.077,0.831,0.551,-0.928,-0.309,0.206,0.2,-0.945,-0.26,0.704,-0.334,0.627,-0.976,0.0,-0.217,0.793,-0.197,0.576,-0.91,-0.248,0.331,0.843,-0.167,0.511,-0.912,0.228,0.342,0.998,0.006,-0.065,-0.696,0.174,0.696,0.219,0.902,0.372,0.265,-0.265,-0.927,rock
56.472466,0.667,-0.606,0.434,0.44,-0.88,-0.176,-0.618,0.419,-0.665,-0.03,-0.342,0.939,0.816,-0.408,0.408,-0.735,-0.628,0.255,-0.839,-0.466,0.28,-0.753,-0.6,0.271,-0.862,-0.492,0.123,-0.788,-0.588,0.182,-0.615,0.068,-0.786,-0.785,-0.548,0.289,0.701,-0.359,-0.616,none
24.817632,-0.215,0.761,0.612,0.619,0.722,-0.309,0.823,-0.53,-0.204,0.76,-0.581,0.291,0.802,-0.267,0.535,0.953,-0.261,0.152,0.162,-0.162,0.973,0.945,0.034,0.325,0.557,-0.743,0.371,0.935,0.102,0.339,-0.0,-0.371,0.928,0.111,0.938,0.329,-0.348,0.87,0.348,scissors
39.643157,0.576,0.062,0.815,0.653,0.307,-0.692,-0.38,-0.363,-0.851,0.933,0.287,-0.216,0.181,0.665,0.725,0.777,0.615,-0.136,-0.022,0.412,0.911,0.713,0.689,-0.13,0.138,0.092,0.986,0.483,0.754,-0.445,0.169,0.411,0.896,0.034,-0.737,0.675,-0.085,-0.293,-0.952,none
23.867126,0.361,0.118,0.925,-0.089,0.93,0.358,-0.364,-0.438,-0.822,0.905,0.408,0.119,0.908,-0.366,-0.203,0.423,0.668,0.612,0.921,-0.153,0.358,0.337,0.433,0.836,0.925,-0.127,0.358,0.176,0.795,0.581,0.885,0.144,0.443,-0.271,0.188,0.944,0.62,0.456,0.638,none
21.24909,-0.234,0.75,0.618,0.186,0.978,-0.093,0.33,-0.881,-0.339,0.764,-0.58,0.283,0.115,-0.577,0.808,0.956,-0.258,0.14,0.31,-0.362,0.879,0.939,0.066,0.338,0.755,-0.654,-0.05,0.927,0.123,0.353,0.762,-0.635,0.127,0.089,0.938,0.334,0.61,0.732,0.305,scissors
10.601625,0.047,0.897,0.439,0.169,0.697,0.697,0.162,-0.961,-0.222,0.628,-0.374,0.683,0.844,-0.26,0.469,0.738,-0.274,0.617,0.889,-0.057,0.455,0.776,-0.209,0.596,0.926,-0.119,0.358,0.998,-0.058,0.031,0.979,0.086,-0.187,0.3,0.907,0.295,-0.069,0.908,0.413,rock
12.577926,-0.085,0.724,0.684,0.513,0.854,-0.085,0.735,-0.138,-0.664,0.818,-0.474,0.326,0.424,-0.318,0.848,0.98,-0.123,0.156,0.375,-0.225,0.899,0.89,0.013,0.456,0.662,-0.735,0.147,0.884,0.024,0.467,0.468,-0.749,0.468,0.044,0.885,0.464,0.371,0.743,0.557,scissors
37.123733,0.082,0.816,0.572,-0.272,-0.136,-0.953,0.127,-0.953,-0.277,0.74,-0.313,0.595,-0.862,0.123,-0.492,0.82,-0.165,0.548,-0.97,-0.108,0.216,0.862,-0.164,0.479,-0.953,0.272,-0.136,0.996,0.007,-0.094,-0.874,0.291,0.389,0.174,0.906,0.386,-0.408,-0.408,-0.816,rock
18.698826,-0.232,0.773,0.591,-0.374,0.632,0.679,0.869,-0.441,-0.226,0.74,-0.593,0.318,0.763,-0.644,-0.048,0.946,-0.277,0.17,0.951,-0.3,-0.075,0.947,0.044,0.318,0.919,0.266,0.29,0.939,0.098,0.331,0.815,0.359,0.455,0.123,0.933,0.338,-0.246,0.96,0.134,scissors
3.410985,-0.149,0.754,0.64,0.894,-0.447,0.0,0.764,-0.579,-0.285,0.764,-0.544,0.347,-0.183,0.365,-0.913,0.973,-0.184,0.142,-0.8,0.6,-0.0,0.908,0.041,0.418,-0.832,0.555,-0.0,0.909,0.06,0.413,-0.684,0.456,0.57,0.059,0.898,0.436,-0.962,-0.0,-0.275,scissors
35.591429,0.052,0.84,0.54,0.0,-0.53,0.848,0.196,-0.945,-0.263,0.712,-0.337,0.615,0.291,0.145,-0.946,0.801,-0.197,0.565,0.115,0.577,-0.808,0.843,-0.177,0.507,0.242,0.081,-0.967,0.998,-0.008,-0.07,-0.487,0.324,-0.811,0.21,0.907,0.365,-0.981,0.061,-0.184,rock
42.733715,-0.667,0.608,0.431,-0.608,0.228,-0.76,0.774,-0.629,-0.074,0.649,-0.517,-0.558,0.97,-0.081,0.228,0.913,0.357,-0.197,0.741,-0.102,0.663,0.767,0.629,-0.123,-0.351,0.108,-0.93,0.611,0.781,-0.127,-0.718,0.123,-0.685,0.402,0.865,0.3,0.809,0.26,-0.526,none
24.33028,-0.18,0.755,0.631,0.563,0.671,-0.483,0.796,-0.534,-0.285,0.787,-0.537,0.305,-0.298,0.0,0.954,0.963,-0.211,0.168,-0.211,-0.079,0.974,0.927,0.032,0.374,0.141,-0.984,-0.112,0.918,0.093,0.385,0.154,-0.986,-0.062,0.096,0.921,0.378,0.906,-0.134,0.402,scissors
2.593842,0.04,0.82,0.571,0.667,-0.333,0.667,0.518,-0.785,-0.34,0.722,-0.354,0.595,0.457,0.457,-0.762,0.819,-0.203,0.537,-0.0,0.894,0.447,0.856,-0.201,0.477,0.371,0.743,-0.557,0.994,-0.031,-0.101,-0.457,0.762,-0.457,0.158,0.923,0.35,-1.0,0.0,-0.0,rock
5.585172,0.107,-0.178,0.978,-0.218,-0.873,-0.436,0.234,0.062,-0.97,0.773,0.563,0.292,-0.707,0.566,-0.424,-0.234,0.794,0.562,-0.99,-0.141,-0.0,-0.137,0.718,0.683,-0.6,-0.0,-0.8,-0.129,0.844,0.521,-0.707,-0.0,-0.707,-0.449,0.266,0.853,-0.605,0.121,-0.787,none
14.12917,-0.079,0.969,0.234,0.575,-0.287,-0.766,-0.206,-0.977,0.048,0.814,-0.064,-0.578,-0.578,-0.814,-0.053,0.818,0.15,0.555,-0.191,-0.858,-0.477,0.883,-0.036,0.467,-0.356,-0.759,-0.545,0.951,-0.131,0.279,-0.601,-0.673,-0.432,0.918,0.079,0.388,-0.292,-0.63,-0.72,paper
56.982888,0.737,-0.596,0.319,0.625,0.0,-0.781,-0.634,0.487,-0.601,-0.07,-0.337,0.939,-0.337,0.421,-0.842,-0.688,-0.7,0.191,-0.228,0.342,-0.912,-0.807,-0.563,0.178,0.0,0.275,-0.962,-0.803,-0.589,0.093,-0.446,0.074,-0.892,-0.016,-0.581,0.814,-0.742,-0.494,-0.453,none
15.272351,-0.189,-0.208,0.96,0.501,-0.358,-0.788,0.652,0.223,-0.725,0.704,0.093,-0.704,-0.236,0.236,-0.943,0.75,0.48,-0.455,-0.566,0.707,0.424,0.729,0.44,-0.524,0.707,0.424,0.566,-0.269,0.738,0.619,-0.878,0.068,0.473,-0.711,0.666,0.225,0.913,0.183,-0.365,none
34.898688,0.509,-0.399,0.763,-0.998,0.05,-0.05,-0.386,0.183,-0.904,0.551,0.132,0.824,-0.692,0.445,-0.568,-0.165,0.639,0.752,-0.557,-0.028,-0.83,0.316,0.909,0.272,0.617,0.012,-0.787,0.038,0.996,-0.077,0.69,0.186,-0.699,-0.625,0.007,0.78,0.197,0.77,-0.606,none
12.576684,-0.004,0.674,0.739,-0.186,0.093,0.978,0.648,-0.164,-0.743,0.839,-0.422,0.344,0.812,-0.058,-0.58,0.983,-0.06,0.173,0.788,0.394,-0.473,0.852,0.019,0.523,0.374,0.624,0.686,0.843,0.013,0.538,0.102,0.564,0.82,0.017,0.848,0.53,-0.788,0.578,0.21,scissors
41.683462,-0.15,0.73,0.667,0.615,0.596,-0.516,0.286,-0.866,-0.411,0.873,-0.261,-0.413,-0.099,-0.721,0.686,0.915,0.364,0.175,-0.023,-0.78,0.625,0.921,0.337,0.197,-0.023,-0.867,0.497,0.774,0.633,-0.012,0.225,-0.594,0.773,0.567,0.118,0.815,0.701,-0.552,-0.452,none
6.92216,-0.103,0.94,0.325,-0.089,0.891,0.445,0.708,-0.689,0.156,0.869,0.065,-0.49,0.757,0.207,-0.62,0.718,0.251,0.65,0.337,0.421,0.842,0.819,0.098,0.565,0.677,0.29,0.677,0.931,-0.029,0.365,0.505,0.303,0.808,0.869,0.109,0.482,0.457,0.457,0.762,paper
24.371886,0.04,0.712,0.701,-0.171,0.941,0.291,0.42,-0.784,-0.457,0.817,-0.335,0.47,0.454,-0.62,0.64,0.899,-0.135,0.417,0.589,-0.531,0.609,0.918,-0.215,0.333,0.61,-0.386,0.692,0.967,-0.022,-0.253,0.935,-0.261,0.239,0.007,0.935,0.353,0.252,0.968,0.0,rock
15.28885,-0.184,-0.176,0.967,0.752,-0.52,0.405,0.654,0.209,-0.727,0.731,0.118,-0.672,0.214,0.898,-0.385,0.766,0.497,-0.409,-0.075,0.979,0.188,0.743,0.443,-0.501,0.591,0.806,0.0,-0.241,0.717,0.654,-0.613,-0.044,0.789,-0.71,0.657,0.254,-0.342,-0.912,-0.228,none
14.765135,-0.069,-0.063,0.996,-0.857,0.51,-0.078,0.475,-0.178,-0.862,0.848,-0.037,-0.528,-0.157,-0.868,-0.471,0.857,0.388,-0.34,0.313,-0.7,-0.642,0.801,0.45,-0.396,0.511,-0.264,-0.818,0.11,0.96,0.256,-0.732,0.099,-0.674,-0.364,0.684,0.632,0.704,0.433,-0.563,none
12.598384,-0.216,0.945,0.244,0.0,0.966,0.258,0.284,-0.921,0.266,0.787,0.089,-0.61,0.677,-0.104,-0.729,0.805,0.29,0.517,0.733,0.133,0.667,0.897,0.109,0.427,0.867,-0.062,0.495,0.973,0.005,0.232,0.841,-0.076,0.535,0.901,0.213,0.379,0.943,0.105,0.314,paper
16.215232,0.081,0.761,0.644,0.123,-0.862,0.492,0.436,-0.795,-0.421,0.786,-0.312,0.534,0.087,0.262,-0.961,0.866,-0.139,0.481,-0.298,0.745,-0.596,0.901,-0.177,0.395,-0.095,0.286,-0.953,0.981,0.009,-0.191,-0.681,0.426,-0.596,0.075,0.92,0.385,-0.972,-0.075,-0.224,rock
30.005211,0.402,-0.057,0.914,-0.362,0.362,-0.859,-0.538,-0.19,-0.821,0.515,0.678,0.525,-0.601,-0.762,-0.241,0.031,0.731,0.682,-0.335,-0.88,-0.335,0.234,0.735,0.636,-0.275,-0.941,-0.196,0.067,0.949,0.308,-0.395,-0.903,0.169,-0.358,-0.017,0.933,0.294,0.176,-0.94,none
20.802221,0.041,0.762,0.647,-0.69,-0.383,-0.614,0.583,-0.704,-0.407,0.774,-0.344,0.531,-0.754,-0.189,-0.629,0.862,-0.172,0.476,-0.897,-0.345,-0.276,0.891,-0.212,0.402,-0.924,-0.142,-0.355,0.982,-0.027,-0.185,-0.972,-0.194,0.13,0.079,0.934,0.348,-0.269,-0.404,-0.874,rock
1.095518,-0.011,-0.297,0.955,-0.928,0.0,-0.371,0.189,0.15,-0.97,0.687,0.711,0.147,-0.302,0.302,-0.905,-0.158,0.911,0.38,-0.981,-0.0,0.196,-0.033,0.886,0.463,-0.832,0.0,-0.555,-0.141,0.953,0.267,-0.937,0.312,0.156,-0.609,0.348,0.712,-0.824,-0.137,-0.549,none
10.09308,-0.063,0.811,0.582,0.198,0.826,0.528,0.488,-0.794,-0.363,0.729,-0.434,0.529,0.757,-0.274,0.593,0.847,-0.275,0.455,0.801,-0.117,0.587,0.844,-0.304,0.442,0.863,-0.105,0.495,0.982,-0.128,-0.142,0.997,0.077,-0.033,0.128,0.962,0.241,0.063,0.92,0.387,rock
3.893361,-0.099,0.95,0.295,-0.504,0.42,0.755,0.738,-0.658,0.149,0.852,0.066,-0.519,0.596,0.745,-0.298,0.737,0.248,0.629,-0.139,0.766,0.627,0.843,0.087,0.531,0.224,0.822,0.523,0.948,-0.04,0.314,0.181,0.725,0.665,0.889,0.109,0.445,-0.173,0.777,0.605,paper
20.736723,-0.063,0.723,0.688,0.0,0.734,0.679,0.178,-0.889,-0.421,0.835,-0.434,0.338,0.81,-0.444,0.383,0.977,-0.091,0.191,0.952,-0.105,0.288,0.875,0.041,0.482,0.868,-0.12,0.481,0.865,0.072,0.497,0.834,-0.07,0.547,0.037,0.866,0.499,0.051,0.856,0.514,scissors
33.459231,0.469,-0.1,0.878,0.759,0.0,-0.651,-0.396,-0.178,-0.901,0.501,0.21,0.839,-0.162,-0.162,-0.973,-0.695,0.064,0.716,0.0,-0.0,-1.0,-0.291,0.173,0.941,-0.693,0.693,-0.198,0.084,0.994,0.066,-0.983,-0.164,0.082,-0.272,0.135,0.953,-0.0,-0.994,-0.11,none
26.924118,0.057,0.845,0.531,-0.243,-0.97,0.0,-0.311,-0.91,-0.276,0.699,-0.337,0.63,-0.16,0.239,-0.958,0.792,-0.205,0.576,-0.667,0.333,-0.667,0.834,-0.179,0.523,-0.365,0.183,-0.913,0.999,-0.015,-0.052,-0.854,0.233,-0.466,0.222,0.91,0.35,-0.857,-0.286,-0.429,rock
4.14148,0.067,-0.228,0.971,0.705,0.083,-0.705,0.208,0.086,-0.974,0.725,0.638,0.258,-0.826,-0.563,-0.038,-0.177,0.847,0.502,-0.358,-0.894,-0.268,-0.038,0.812,0.582,-0.329,-0.845,-0.422,-0.133,0.917,0.376,-0.404,-0.909,-0.101,-0.542,0.271,0.796,0.097,-0.679,-0.728,none
5.585536,0.136,-0.128,0.982,-0.928,-0.031,-0.371,0.238,0.067,-0.969,0.797,0.522,0.303,-0.506,0.051,-0.861,-0.207,0.775,0.597,0.541,-0.0,-0.841,-0.098,0.699,0.709,0.6,0.0,-0.8,-0.093,0.836,0.541,0.627,-0.289,-0.723,-0.42,0.261,0.869,-0.102,0.375,-0.921,none
2.158543,0.057,0.825,0.563,0.845,-0.169,0.507,0.53,-0.745,-0.405,0.718,-0.354,0.6,0.359,0.717,-0.598,0.814,-0.205,0.543,-0.0,0.919,0.394,0.851,-0.193,0.488,0.349,0.814,-0.465,0.996,-0.024,-0.084,-0.331,0.883,-0.331,0.172,0.916,0.361,-0.894,0.0,0.447,rock
33.477592,0.094,0.801,0.591,0.0,0.995,0.1,0.218,-0.943,-0.251,0.76,-0.293,0.579,-0.436,-0.873,-0.218,0.833,-0.135,0.537,-0.577,-0.577,0.577,0.878,-0.147,0.456,-0.816,-0.408,0.408,0.993,0.029,-0.115,-0.688,0.229,0.688,0.134,0.9,0.414,-0.457,0.457,-0.762,rock
10.095653,-0.154,0.951,0.269,0.351,0.662,-0.662,0.59,-0.757,0.28,0.836,0.065,-0.545,-0.0,-0.707,-0.707,0.767,0.26,0.586,0.684,-0.725,-0.081,0.864,0.09,0.495,0.54,-0.809,-0.231,0.958,-0.036,0.285,0.461,-0.838,-0.293,0.901,0.155,0.406,0.576,-0.532,-0.621,paper
23.28848,-0.031,0.737,0.675,-0.099,-0.68,-0.726,0.202,-0.87,-0.449,0.838,-0.417,0.352,-0.86,0.333,-0.387,0.973,-0.076,0.218,-0.975,-0.023,-0.221,0.875,-0.007,0.484,-0.8,0.092,-0.593,0.867,0.046,0.496,-0.805,0.07,-0.589,0.065,0.858,0.509,-0.054,-0.793,-0.607,scissors
18.724475,-0.117,0.975,0.188,-0.358,0.501,0.788,0.873,-0.465,-0.147,0.77,-0.118,-0.627,0.796,0.538,-0.28,0.873,0.121,0.473,0.264,0.704,0.66,0.915,-0.076,0.396,0.485,0.596,0.64,0.963,-0.157,0.221,0.54,0.562,0.627,0.939,0.098,0.329,0.238,0.571,0.785,paper
31.609711,0.07,0.827,0.558,0.0,-0.254,-0.967,0.214,-0.927,-0.306,0.719,-0.332,0.61,-0.868,0.434,-0.241,0.809,-0.19,0.556,-0.982,0.134,0.134,0.848,-0.179,0.498,-0.893,0.447,-0.05,0.997,-0.01,-0.078,-0.841,0.31,0.443,0.202,0.911,0.36,0.123,-0.921,-0.369,rock
24.81738,-0.23,0.756,0.613,0.466,0.854,-0.233,0.813,-0.534,-0.232,0.766,-0.575,0.287,-0.123,-0.123,0.985,0.956,-0.254,0.147,-0.076,-0.152,0.986,0.94,0.052,0.336,0.287,-0.958,-0.0,0.928,0.123,0.351,0.116,-0.93,0.349,0.099,0.938,0.332,0.625,0.469,0.625,scissors
16.729373,-0.116,0.95,0.289,0.943,-0.236,-0.236,0.809,-0.587,0.033,0.843,-0.017,-0.538,0.316,-0.0,-0.949,0.787,0.204,0.583,-0.894,-0.0,0.447,0.863,0.025,0.505,-0.949,0.0,-0.316,0.942,-0.068,0.33,-0.889,0.254,0.381,0.89,0.116,0.441,-0.963,-0.12,-0.241,paper
21.758622,-0.179,0.761,0.623,-0.201,-0.753,0.627,0.221,-0.893,-0.391,0.771,-0.552,0.316,0.343,0.297,-0.891,0.955,-0.231,0.185,0.025,0.507,-0.862,0.933,0.03,0.359,-0.32,0.862,0.394,0.924,0.083,0.374,-0.436,0.762,0.479,0.106,0.92,0.377,-0.991,-0.0,-0.132,scissors
13.087467,-0.214,0.726,0.653,0.367,0.571,-0.734,0.795,-0.133,-0.592,0.777,-0.565,0.278,-0.659,-0.088,0.747,0.968,-0.229,0.108,-0.468,-0.18,0.865,0.921,0.103,0.376,0.166,-0.913,-0.373,0.915,0.121,0.385,-0.046,-0.911,-0.41,0.054,0.934,0.353,0.962,-0.253,0.101,scissors
21.767486,0.276,-0.22,0.936,0.897,0.442,-0.006,-0.181,-0.047,-0.982,0.75,0.659,-0.057,0.483,-0.203,0.852,0.129,0.93,0.343,-0.105,-0.216,0.971,0.146,0.817,0.558,0.035,-0.402,0.915,0.025,0.985,-0.168,0.079,0.315,0.946,-0.607,0.168,0.777,0.415,-0.517,0.749,none
21.346083,-0.237,0.753,0.614,-0.182,0.818,0.545,0.345,-0.881,-0.322,0.756,-0.591,0.281,0.742,-0.636,-0.212,0.953,-0.271,0.137,0.905,-0.302,0.302,0.943,0.068,0.326,0.954,0.212,0.212,0.932,0.124,0.34,0.527,0.422,0.738,0.094,0.942,0.323,-0.477,0.875,0.08,scissors
9.258973,-0.007,0.941,0.338,-0.425,-0.691,0.585,0.476,-0.875,0.095,0.892,-0.019,-0.452,-0.053,0.847,0.529,0.709,0.175,0.683,-0.794,0.585,0.167,0.8,0.014,0.6,-0.652,0.745,0.14,0.906,-0.107,0.409,-0.503,0.773,0.387,0.865,0.022,0.502,-0.859,0.45,0.245,paper
53.924896,0.737,-0.569,0.365,0.186,0.559,-0.808,-0.683,0.381,-0.623,0.248,0.906,0.343,-0.945,-0.291,-0.15,-0.48,0.713,0.512,-0.711,0.119,-0.693,-0.795,-0.198,0.573,-0.459,0.359,-0.813,-0.57,-0.758,0.318,-0.193,0.836,0.514,-0.736,-0.587,0.339,0.341,-0.936,-0.085,none
40.153773,0.522,0.11,0.846,-0.861,0.431,-0.269,-0.356,-0.381,-0.853,0.971,0.181,-0.154,0.65,-0.26,-0.715,0.857,0.507,-0.09,0.954,-0.212,-0.212,0.807,0.58,-0.115,0.842,-0.421,-0.337,0.588,0.684,-0.432,0.868,-0.0,-0.496,0.03,-0.627,0.778,0.432,0.47,0.77,none
47.295074,0.323,-0.389,0.863,-0.682,-0.72,-0.133,-0.125,0.244,-0.962,0.463,0.606,0.647,-0.809,0.45,-0.378,-0.791,0.414,0.45,-0.41,0.078,-0.909,-0.732,0.334,0.594,-0.482,0.302,-0.822,-0.719,0.29,0.631,-0.47,0.499,-0.729,-0.469,-0.03,0.883,-0.771,0.474,-0.426,none
7.598298,-0.093,0.947,0.307,-0.514,0.514,0.686,0.701,-0.697,0.153,0.856,0.045,-0.514,0.577,0.577,-0.577,0.741,0.23,0.631,-0.298,0.596,0.745,0.838,0.07,0.542,0.0,0.8,0.6,0.939,-0.054,0.34,0.117,0.702,0.702,0.883,0.096,0.46,-0.811,0.487,0.324,paper
17.691115,-0.182,0.602,0.777,0.66,-0.622,0.421,0.577,-0.625,-0.526,0.845,-0.467,-0.261,0.058,0.995,0.087,0.988,0.147,0.048,-0.563,0.706,0.429,0.965,0.244,0.093,-0.719,0.416,0.557,0.836,0.546,0.054,-0.704,0.436,0.561,0.233,0.759,0.608,-0.8,-0.371,0.471,none
39.133148,0.57,0.004,0.822,0.763,-0.33,-0.556,-0.397,-0.286,-0.872,0.842,0.531,-0.094,0.976,0.038,0.215,0.472,0.876,0.097,0.728,-0.078,0.681,0.447,0.873,0.193,0.792,-0.154,0.59,0.262,0.955,-0.141,0.832,0.05,0.553,-0.031,-0.692,0.722,-0.652,-0.474,-0.592,none
0.265522,0.04,0.799,0.601,0.914,0.0,-0.406,0.531,-0.755,-0.386,0.745,-0.361,0.561,0.294,0.955,0.037,0.842,-0.197,0.502,0.219,0.603,0.767,0.868,-0.217,0.446,0.366,0.793,0.488,0.988,-0.045,-0.145,-0.196,0.784,0.588,0.133,0.942,0.308,0.868,-0.496,-0.0,rock
20.140157,0.203,0.963,-0.175,-0.959,0.272,0.075,0.232,-0.525,0.819,0.317,-0.86,0.399,-0.421,-0.519,-0.744,0.515,-0.728,0.454,0.178,-0.384,-0.906,0.583,-0.812,0.011,0.673,0.189,-0.715,0.815,0.087,0.573,-0.09,-0.852,-0.516,0.926,0.173,0.335,-0.186,0.778,-0.6,none
0.453785,-0.102,0.953,0.284,-0.162,0.973,0.162,0.743,-0.66,0.109,0.851,0.094,-0.517,0.896,-0.117,-0.428,0.727,0.252,0.639,0.561,-0.262,0.785,0.847,0.089,0.524,0.677,-0.206,0.706,0.962,-0.078,0.261,0.969,0.04,0.242,0.839,-0.144,0.525,0.085,-0.028,-0.996,paper
18.219785,-0.138,0.953,0.27,0.601,0.289,-0.745,0.876,-0.449,-0.178,0.843,-0.044,-0.536,-0.282,-0.892,-0.352,0.798,0.199,0.569,0.286,-0.928,-0.238,0.868,0.016,0.496,0.096,-0.937,-0.336,0.942,-0.065,0.328,-0.126,-0.936,-0.329,0.894,0.127,0.43,0.214,-0.737,-0.642,paper
14.617234,-0.18,0.743,0.644,-0.29,-0.339,0.895,0.83,-0.133,-0.542,0.778,-0.549,0.306,0.649,0.022,-0.761,0.965,-0.215,0.148,0.52,0.322,-0.792,0.925,0.059,0.375,0.094,0.849,0.519,0.916,0.088,0.39,-0.065,0.758,0.649,0.078,0.921,0.382,-0.925,0.379,-0.021,scissors
0.954919,0.045,0.815,0.577,-0.816,-0.408,-0.408,0.521,-0.79,-0.322,0.723,-0.356,0.592,-0.704,-0.088,-0.704,0.823,-0.202,0.531,-0.976,-0.098,-0.195,0.857,-0.197,0.476,-0.839,0.28,-0.466,0.994,-0.027,-0.107,-0.936,0.341,0.085,0.153,0.924,0.349,-0.745,-0.298,-0.596,rock
5.438619,-0.132,0.814,0.565,0.513,0.607,0.607,0.77,-0.566,-0.295,0.714,-0.565,0.414,0.959,0.0,0.282,0.942,-0.237,0.239,0.816,0.408,0.408,0.934,-0.036,0.355,0.542,-0.217,0.812,0.939,-0.005,0.344,0.342,-0.147,0.928,0.164,0.886,0.433,-0.342,0.587,0.734,scissors
50.863662,0.685,-0.655,0.32,-0.631,0.451,-0.631,-0.725,0.443,-0.528,0.053,0.886,0.461,-0.084,-0.836,-0.543,-0.579,0.765,0.281,0.404,-0.897,-0.179,-0.486,0.831,0.27,0.331,-0.91,-0.248,-0.652,0.705,0.28,0.365,-0.913,-0.183,-0.71,-0.627,0.322,0.09,0.315,-0.945,none
13.597883,-0.298,0.724,0.621,0.33,0.857,-0.396,0.897,-0.068,-0.436,0.741,-0.627,0.24,-0.577,-0.577,0.577,0.951,-0.299,0.073,-0.408,-0.408,0.816,0.946,0.127,0.298,0.267,-0.802,-0.535,0.932,0.171,0.321,-0.236,-0.943,-0.236,0.063,0.96,0.273,0.667,0.667,-0.333,scissors
27.434006,0.123,0.871,0.475,-0.372,-0.478,-0.796,-0.325,-0.909,-0.261,0.673,-0.292,0.679,-0.825,0.0,-0.565,0.754,-0.182,0.631,-0.934,-0.178,-0.311,0.812,-0.128,0.57,-0.948,-0.045,-0.316,1.0,0.026,0.011,-0.969,-0.126,0.211,0.281,0.879,0.387,-0.139,-0.602,-0.787,rock
26.348186,0.024,0.751,0.66,0.0,-0.683,-0.73,0.639,-0.564,-0.523,0.83,-0.397,0.393,-0.849,0.401,-0.344,0.961,-0.068,0.268,-0.986,0.055,-0.155,0.868,-0.086,0.49,-0.84,0.035,-0.541,0.866,-0.033,0.499,-0.846,0.012,-0.533,0.11,0.838,0.534,-0.058,-0.841,-0.537,scissors
5.350545,-0.078,0.949,0.306,-0.408,0.408,0.816,0.712,-0.7,0.059,0.866,0.037,-0.498,0.485,0.728,-0.485,0.731,0.221,0.646,-0.625,0.469,0.625,0.836,0.057,0.546,-0.436,0.873,0.218,0.938,-0.069,0.339,-0.539,0.647,0.539,0.885,0.085,0.458,-0.894,0.447,0.0,paper
34.600305,0.494,-0.334,0.803,-0.846,-0.269,-0.461,-0.364,0.146,-0.92,0.501,0.109,0.858,-0.515,-0.649,-0.56,-0.226,0.67,0.708,-0.593,-0.085,-0.8,0.188,0.943,0.276,-0.175,-0.985,0.0,-0.213,0.957,0.196,-0.849,-0.529,-0.011,0.469,0.379,0.798,-0.278,0.608,0.744,none
27.367529,-0.078,0.637,0.767,-0.0,0.359,0.933,0.467,-0.752,-0.465,0.898,-0.367,0.242,0.647,-0.108,-0.755,0.994,0.005,0.111,0.64,0.426,-0.64,0.816,0.128,0.564,0.286,0.857,0.429,0.795,0.173,0.581,-0.174,0.696,0.696,-0.079,0.85,0.522,-0.875,0.477,-0.08,scissors
31.527254,0.063,0.776,0.627,0.164,-0.698,-0.698,0.216,-0.948,-0.234,0.765,-0.319,0.56,-0.657,0.438,-0.613,0.847,-0.152,0.509,-0.916,0.305,-0.262,0.887,-0.172,0.428,-0.767,0.406,-0.496,0.988,0.008,-0.155,-0.948,0.316,0.039,0.119,0.916,0.384,-0.341,-0.876,-0.341,rock
52.903332,0.742,-0.597,0.304,0.19,0.978,-0.082,-0.74,0.436,-0.512,0.305,0.918,-0.253,-0.53,0.298,0.794,0.017,0.984,-0.178,-0.605,-0.518,0.605,0.062,0.993,-0.1,-0.932,-0.226,0.283,-0.837,-0.33,0.436,-0.702,0.01,-0.712,-0.766,-0.594,0.245,0.683,-0.683,0.256,none
0.22616,0.033,0.774,0.632,0.957,0.205,-0.205,0.512,-0.762,-0.397,0.771,-0.364,0.522,0.282,0.917,0.282,0.864,-0.185,0.469,-0.117,0.702,0.702,0.886,-0.218,0.409,0.269,0.942,0.202,0.984,-0.038,-0.177,0.0,0.983,0.184,0.097,0.94,0.328,-0.11,-0.11,0.988,rock
21.85767,0.051,0.84,0.541,-0.06,-0.806,-0.589,0.618,-0.618,-0.486,0.69,-0.358,0.63,-0.712,0.373,-0.595,0.791,-0.225,0.57,-0.86,0.224,-0.459,0.832,-0.199,0.518,-0.827,0.256,-0.501,0.997,-0.033,-0.065,-0.992,0.114,0.046,0.218,0.92,0.327,-0.168,-0.923,-0.347,rock
7.00957,-0.098,0.941,0.324,0.267,0.802,0.535,0.663,-0.745,0.077,0.87,0.064,-0.489,0.68,0.272,-0.68,0.72,0.249,0.648,-0.0,0.447,0.894,0.822,0.09,0.562,0.485,0.485,0.728,0.932,-0.038,0.36,-0.137,0.549,0.824,0.873,0.104,0.476,-0.873,0.436,0.218,paper
19.784118,0.089,0.765,0.638,0.371,0.557,-0.743,0.464,-0.763,-0.45,0.781,-0.302,0.546,-0.743,0.557,-0.371,0.858,-0.134,0.496,-0.808,0.115,0.577,0.899,-0.168,0.405,-0.625,0.781,0.0,0.984,0.013,-0.177,-0.717,0.598,0.359,0.083,0.916,0.392,-0.667,-0.333,-0.667,rock
44.234671,-0.76,0.322,0.565,-0.797,-0.505,-0.332,0.843,-0.476,-0.251,0.587,0.391,-0.709,-0.517,0.503,-0.692,0.476,0.838,-0.267,0.161,0.562,-0.812,0.649,0.706,-0.284,0.845,0.052,0.532,0.549,0.758,-0.352,0.981,0.043,0.192,0.03,0.967,0.253,0.443,0.271,-0.854,none
22.777296,-0.031,0.676,0.736,0.019,-0.615,-0.788,-0.064,-0.892,-0.447,0.879,-0.368,0.304,-0.886,0.347,-0.308,0.986,-0.005,0.165,-0.997,0.037,-0.074,0.828,0.054,0.558,-0.804,-0.038,-0.593,0.818,0.088,0.569,-0.843,-0.038,-0.536,-0.016,0.839,0.544,-0.019,-0.838,-0.546,scissors
25.927668,0.485,0.492,0.723,-0.872,-0.337,0.357,-0.345,-0.814,-0.467,0.986,-0.026,0.162,0.839,0.456,-0.296,0.381,0.269,0.885,0.732,0.567,0.378,0.51,0.087,0.856,0.811,0.187,0.554,0.435,0.436,0.788,0.778,0.621,0.093,0.168,-0.299,0.939,-0.171,0.944,-0.281,none
55.962949,0.685,-0.592,0.425,0.0,-0.447,-0.894,-0.612,0.408,-0.678,-0.046,-0.369,0.928,0.784,-0.196,-0.588,-0.721,-0.657,0.22,-0.549,-0.137,0.824,-0.738,-0.627,0.248,-0.0,0.0,1.0,-0.783,-0.598,0.172,-0.651,0.651,0.391,-0.729,-0.56,0.394,-0.889,0.381,-0.254,none
32.531893,0.062,0.845,0.531,0.0,-0.965,0.263,0.241,-0.93,-0.278,0.704,-0.34,0.623,0.12,0.241,-0.963,0.797,-0.203,0.568,-0.173,0.605,-0.777,0.836,-0.181,0.519,-0.065,0.196,-0.978,0.998,-0.015,-0.053,-0.673,0.306,-0.673,0.215,0.909,0.357,-0.973,-0.162,-0.162,rock
34.061992,0.038,0.823,0.567,-0.0,-0.894,-0.447,0.189,-0.948,-0.255,0.725,-0.344,0.597,-0.381,0.254,-0.889,0.817,-0.195,0.543,-0.937,0.312,-0.156,0.853,-0.192,0.486,-0.566,0.424,-0.707,0.996,-0.02,-0.09,-0.909,0.404,-0.101,0.185,0.917,0.355,-0.873,-0.218,-0.436,rock
4.731112,-0.085,0.949,0.303,-0.0,-0.316,-0.949,0.735,-0.673,0.087,0.864,0.05,-0.5,-0.688,0.229,-0.688,0.728,0.237,0.644,-0.832,0.0,-0.555,0.836,0.073,0.544,-0.371,0.0,-0.928,0.94,-0.053,0.337,-0.894,0.447,0.0,0.886,0.095,0.454,-0.796,0.1,-0.597,paper
12.132896,0.017,0.844,0.536,-0.064,-0.854,-0.516,-0.165,-0.97,-0.177,0.695,-0.37,0.617,-0.611,0.366,-0.702,0.797,-0.237,0.555,-0.789,0.268,-0.552,0.831,-0.216,0.512,-0.754,0.231,-0.615,0.997,-0.05,-0.065,-0.989,0.105,-0.105,0.204,0.925,0.321,-0.33,-0.865,-0.377,rock
17.753008,-0.178,0.761,0.624,0.295,0.954,0.045,0.859,-0.356,-0.368,0.772,-0.551,0.317,0.324,-0.423,0.846,0.958,-0.227,0.173,0.487,-0.255,0.835,0.931,0.031,0.363,0.723,-0.676,0.14,0.923,0.079,0.377,0.753,-0.627,0.201,0.097,0.92,0.38,0.583,0.634,0.507,scissors
35.593144,0.087,0.829,0.553,-0.376,-0.847,0.376,0.164,-0.944,-0.286,0.724,-0.311,0.616,-0.042,-0.042,-0.998,0.804,-0.164,0.571,-0.214,0.161,-0.964,0.86,-0.145,0.49,-0.228,-0.182,-0.957,0.995,0.027,-0.093,-0.727,-0.091,-0.681,0.206,0.896,0.393,-0.861,-0.196,-0.47,rock
5.586787,0.12,-0.215,0.969,-0.986,0.141,-0.094,0.231,0.128,-0.964,0.779,0.548,0.304,-0.209,0.262,-0.942,-0.242,0.787,0.568,0.476,0.417,-0.774,-0.143,0.719,0.68,0.618,0.412,-0.67,-0.135,0.85,0.51,0.868,0.0,-0.496,-0.457,0.249,0.854,-0.127,0.635,-0.762,none
3.600249,0.008,-0.307,0.952,0.404,0.349,-0.845,0.164,0.114,-0.98,0.679,0.706,0.201,-0.758,-0.652,0.027,-0.211,0.877,0.431,-0.344,-0.86,-0.378,-0.079,0.864,0.498,-0.411,-0.822,-0.393,-0.186,0.945,0.269,-0.405,-0.911,-0.081,-0.641,0.286,0.712,0.336,-0.851,-0.403,none
1.169035,-0.128,0.948,0.292,0.913,-0.355,0.203,0.797,-0.593,0.113,0.855,0.13,-0.502,-0.0,-0.992,0.124,0.705,0.306,0.639,-0.371,-0.557,0.743,0.836,0.144,0.529,-0.39,-0.781,0.488,0.959,-0.007,0.284,-0.737,-0.164,0.655,0.93,-0.036,0.367,0.335,-0.188,-0.923,paper
30.550035,0.439,-0.097,0.893,-0.793,0.136,-0.594,-0.396,-0.157,-0.905,0.713,0.322,0.623,-0.854,-0.028,-0.52,-0.341,0.175,0.924,-0.102,0.353,-0.93,-0.185,-0.012,0.983,-0.44,0.464,-0.769,-0.277,0.238,0.931,-0.718,0.222,-0.66,-0.375,-0.059,0.925,-0.206,0.722,-0.66,none
55.454429,0.674,-0.595,0.438,0.816,0.408,-0.408,-0.631,0.445,-0.635,-0.055,-0.369,0.928,0.887,-0.444,-0.127,-0.723,-0.657,0.213,-0.101,-0.404,0.909,-0.739,-0.63,0.239,0.198,-0.33,0.923,-0.788,-0.589,0.178,-0.241,-0.12,0.963,-0.73,-0.55,0.406,-0.784,-0.588,-0.196,none
21.247525,-0.199,0.758,0.621,0.165,0.916,-0.366,0.299,-0.886,-0.355,0.773,-0.555,0.307,-0.11,-0.505,0.856,0.959,-0.232,0.164,0.146,-0.5,0.854,0.933,0.039,0.358,0.597,-0.767,-0.234,0.924,0.094,0.372,0.655,-0.725,-0.211,0.094,0.925,0.367,0.874,0.449,0.189,scissors
34.092974,0.073,0.844,0.532,-0.173,-0.978,0.115,0.209,-0.939,-0.274,0.708,-0.322,0.628,-0.085,0.171,-0.982,0.793,-0.186,0.58,-0.325,0.379,-0.866,0.844,-0.158,0.512,-0.231,0.046,-0.972,0.998,0.009,-0.066,-0.769,0.09,-0.633,0.227,0.897,0.379,-0.868,-0.33,-0.372,rock
4.990558,0.045,0.761,0.647,0.045,-0.803,-0.595,0.454,-0.802,-0.388,0.783,-0.342,0.519,-0.69,0.483,-0.538,0.872,-0.159,0.462,-0.872,0.332,-0.36,0.902,-0.203,0.38,-0.801,0.373,-0.469,0.977,-0.014,-0.215,-0.969,0.239,0.066,0.062,0.931,0.36,-0.143,-0.959,-0.243,rock
13.660251,0.104,0.88,0.464,-0.215,-0.86,-0.464,0.259,-0.923,-0.283,0.652,-0.31,0.692,-0.64,0.21,-0.739,0.741,-0.203,0.64,-0.757,0.113,-0.644,0.8,-0.138,0.584,-0.784,0.055,-0.618,1.0,0.016,0.022,-0.992,-0.066,-0.11,0.297,0.88,0.37,-0.313,-0.805,-0.503,rock
0.9596,-0.155,0.763,0.627,-0.514,-0.0,0.857,0.817,-0.508,-0.272,0.752,-0.567,0.337,0.535,-0.267,-0.802,0.967,-0.203,0.154,0.555,0.0,-0.832,0.914,0.029,0.404,0.348,0.87,0.348,0.92,0.058,0.389,-0.083,0.662,0.745,0.075,0.9,0.429,-0.818,0.545,-0.182,scissors
21.261484,-0.24,0.753,0.613,0.07,0.975,0.209,0.371,-0.868,-0.329,0.76,-0.587,0.279,0.352,-0.704,0.616,0.954,-0.267,0.139,0.445,-0.371,0.815,0.942,0.067,0.328,0.862,-0.503,0.072,0.93,0.123,0.347,0.781,-0.39,0.488,0.091,0.94,0.329,0.236,0.943,0.236,scissors
55.963099,0.681,-0.593,0.43,-0.905,-0.302,-0.302,-0.612,0.408,-0.678,-0.055,-0.372,0.927,0.688,-0.229,-0.688,-0.72,-0.662,0.208,-0.482,-0.241,0.843,-0.744,-0.626,0.234,-0.164,0.0,0.986,-0.791,-0.589,0.166,-0.772,0.617,0.154,-0.726,-0.556,0.405,-0.927,0.265,-0.265,none
32.021899,0.063,0.826,0.56,0.123,-0.985,0.123,0.237,-0.942,-0.237,0.722,-0.322,0.612,-0.0,0.385,-0.923,0.808,-0.174,0.562,-0.456,0.684,-0.57,0.857,-0.161,0.49,-0.183,0.365,-0.913,0.995,0.012,-0.096,-0.762,0.457,-0.457,0.201,0.904,0.376,-0.943,-0.236,-0.236,rock
34.57212,0.107,0.846,0.523,-0.057,0.4,0.915,0.207,-0.948,-0.241,0.707,-0.291,0.645,0.946,-0.315,-0.079,0.781,-0.167,0.602,0.94,0.0,0.342,0.838,-0.126,0.531,0.986,-0.152,-0.076,0.999,0.038,-0.038,0.763,0.254,-0.594,0.242,0.882,0.405,-0.527,0.843,0.105,rock
15.831865,-0.313,0.27,0.911,0.721,0.683,0.118,0.774,-0.178,-0.607,0.796,-0.041,-0.605,0.145,-0.488,0.861,0.833,0.504,-0.227,-0.384,-0.224,0.896,0.82,0.538,-0.196,-0.992,0.035,-0.124,0.543,0.839,-0.032,0.546,-0.078,0.834,-0.188,0.875,0.447,0.624,-0.1,0.775,none
23.797346,0.072,0.752,0.656,-0.139,-0.633,-0.762,0.503,-0.685,-0.527,0.818,-0.379,0.433,-0.875,0.233,-0.424,0.949,-0.06,0.309,-0.961,-0.107,-0.254,0.858,-0.146,0.493,-0.74,0.137,-0.658,0.861,-0.103,0.498,-0.766,0.139,-0.627,0.146,0.817,0.558,-0.071,-0.719,-0.691,scissors
14.255863,-0.044,0.5,0.865,-0.028,-0.998,0.055,0.445,-0.598,-0.666,0.869,-0.458,-0.185,-0.644,0.368,-0.671,0.985,-0.132,-0.109,-0.675,0.297,-0.675,0.96,-0.107,-0.259,-0.734,0.334,-0.592,0.889,0.115,-0.443,-0.899,0.257,-0.355,0.464,-0.101,0.88,0.401,0.869,0.29,none
2.957788,0.046,0.816,0.576,0.0,0.914,0.406,0.54,-0.781,-0.314,0.726,-0.349,0.592,0.802,-0.535,0.267,0.823,-0.197,0.533,0.156,-0.312,0.937,0.858,-0.196,0.474,0.784,0.196,0.588,0.994,-0.027,-0.107,0.535,0.802,0.267,0.151,0.923,0.355,-0.442,0.885,-0.147,rock
4.992593,0.049,0.85,0.525,0.483,-0.674,-0.559,0.62,-0.705,-0.343,0.686,-0.341,0.643,-0.537,0.747,-0.393,0.783,-0.214,0.585,-0.776,0.608,-0.168,0.827,-0.183,0.532,-0.623,0.662,-0.416,0.999,-0.023,-0.041,-0.836,0.545,0.063,0.23,0.909,0.347,-0.123,-0.986,0.11,rock
14.637694,-0.158,0.951,0.267,0.074,-0.992,-0.099,-0.066,-0.983,0.172,0.841,0.016,-0.541,-0.762,0.091,0.64,0.777,0.237,0.583,-0.924,-0.128,-0.359,0.861,0.069,0.503,-0.905,0.103,-0.414,0.948,-0.025,0.319,-0.956,0.239,-0.167,0.889,0.16,0.43,-0.948,-0.045,-0.316,paper
11.046881,-0.108,0.836,0.539,0.052,-0.759,-0.649,0.72,-0.583,-0.376,0.733,-0.562,0.384,-0.749,0.515,-0.416,0.946,-0.246,0.212,-0.964,0.157,-0.217,0.946,-0.049,0.321,-0.896,0.084,-0.436,0.95,-0.018,0.311,-0.903,0.086,-0.42,0.169,0.907,0.385,-0.138,-0.851,-0.506,scissors
47.293864,0.292,-0.362,0.885,-0.692,-0.71,-0.128,-0.073,0.153,-0.985,0.491,0.642,0.589,-0.811,0.275,-0.516,-0.776,0.465,0.425,-0.409,0.009,-0.912,-0.717,0.376,0.586,-0.492,0.293,-0.82,-0.697,0.333,0.635,-0.52,0.47,-0.713,-0.442,0.032,0.896,-0.702,0.603,-0.38,none
29.981056,0.004,0.849,0.528,-0.117,-0.876,-0.469,-0.583,-0.59,-0.558,0.721,-0.38,0.579,-0.636,0.292,-0.714,0.824,-0.23,0.517,-0.747,0.195,-0.636,0.844,-0.238,0.481,-0.765,0.128,-0.631,0.993,-0.069,-0.098,-0.992,-0.005,-0.123,0.159,0.938,0.307,-0.302,-0.86,-0.412,rock
25.324788,-0.161,0.737,0.656,-0.482,-0.65,0.587,0.752,-0.587,-0.299,0.799,-0.518,0.304,0.286,0.095,-0.953,0.969,-0.186,0.165,0.083,0.271,-0.959,0.919,0.029,0.393,-0.162,0.973,0.162,0.909,0.093,0.407,-0.32,0.904,0.283,0.082,0.914,0.397,-0.95,0.11,-0.292,scissors
3.458566,0.057,0.814,0.578,-0.688,0.229,0.688,0.516,-0.781,-0.351,0.729,-0.345,0.592,0.156,-0.312,-0.937,0.823,-0.194,0.534,-0.707,-0.707,0.0,0.86,-0.192,0.472,0.302,-0.302,-0.905,0.994,-0.02,-0.109,-0.688,0.229,-0.688,0.155,0.92,0.359,-0.778,0.444,-0.444,rock
15.147249,-0.141,0.977,0.161,0.091,-0.951,-0.297,0.294,-0.896,0.332,0.754,-0.023,-0.656,-0.799,0.016,0.601,0.866,0.194,0.461,-0.84,-0.183,-0.511,0.927,0.003,0.375,-0.867,0.015,-0.498,0.978,-0.093,0.185,-0.939,0.135,-0.316,0.939,0.135,0.318,-0.898,-0.11,-0.427,paper
15.19126,0.062,0.736,0.674,-0.535,0.802,0.267,0.425,-0.783,-0.455,0.804,-0.313,0.506,0.192,-0.192,-0.962,0.883,-0.125,0.453,-0.707,0.0,0.707,0.913,-0.187,0.362,0.316,0.0,-0.949,0.975,-0.0,-0.224,-0.64,0.426,-0.64,0.036,0.924,0.38,-0.848,0.318,-0.424,rock
56.560438,0.708,-0.636,0.306,-0.997,0.046,-0.055,-0.65,0.435,-0.623,-0.035,-0.309,0.95,-0.121,0.709,-0.694,-0.685,-0.692,0.227,0.133,0.845,-0.519,-0.808,-0.546,0.222,-0.073,0.587,0.807,-0.818,-0.553,0.155,0.025,0.663,0.749,0.017,-0.269,0.963,0.319,0.008,-0.948,none
13.745853,-0.099,0.514,0.852,0.0,0.707,0.707,0.424,-0.596,-0.682,0.811,-0.562,-0.167,-0.081,0.242,-0.967,0.948,-0.284,-0.145,0.0,0.707,-0.707,0.907,-0.241,-0.344,-0.286,-0.095,-0.953,0.863,-0.05,-0.503,-0.667,0.333,-0.667,0.505,-0.067,0.861,-0.863,0.199,0.465,none
11.557267,-0.153,0.8,0.58,0.173,-0.709,-0.683,0.796,-0.323,-0.512,0.73,-0.57,0.377,-0.764,0.575,-0.292,0.946,-0.25,0.204,-0.97,0.232,-0.075,0.943,-0.005,0.332,-0.916,-0.052,-0.398,0.942,0.025,0.333,-0.921,-0.06,-0.384,0.15,0.91,0.386,-0.06,-0.923,-0.38,scissors
11.621039,0.001,0.853,0.521,0.143,-0.809,-0.571,-0.266,-0.929,-0.256,0.686,-0.389,0.615,-0.576,0.177,-0.798,0.794,-0.259,0.549,-0.82,0.102,-0.564,0.821,-0.239,0.519,-0.749,0.094,-0.656,0.996,-0.073,-0.057,-0.991,0.043,-0.129,0.213,0.931,0.295,-0.499,-0.635,-0.59,rock
1.510344,-0.113,0.956,0.272,0.832,-0.555,0.0,0.745,-0.649,0.156,0.844,0.1,-0.526,0.408,0.408,-0.816,0.734,0.274,0.621,-0.0,0.371,0.928,0.853,0.114,0.509,0.557,0.371,0.743,0.963,-0.026,0.27,0.272,0.68,0.68,0.912,0.243,0.331,-0.098,-0.344,-0.934,paper
8.235292,-0.086,0.951,0.298,-0.065,0.905,0.42,0.67,-0.722,0.171,0.854,0.031,-0.52,0.808,0.115,-0.577,0.748,0.217,0.627,0.618,0.325,0.716,0.842,0.055,0.537,0.793,0.132,0.595,0.94,-0.068,0.334,0.819,0.071,0.57,0.886,0.091,0.455,0.769,0.202,0.607,paper
13.602806,-0.299,0.741,0.602,-0.64,0.426,0.64,0.876,-0.095,-0.472,0.726,-0.641,0.251,0.218,-0.436,-0.873,0.943,-0.322,0.085,-0.0,0.0,0.0,0.955,0.113,0.274,0.928,0.371,0.0,0.942,0.159,0.296,0.391,0.651,0.651,0.086,0.961,0.261,-0.793,0.566,-0.226,scissors
24.912428,-0.171,0.74,0.65,-0.509,-0.62,0.597,0.815,-0.516,-0.266,0.798,-0.522,0.301,0.291,0.042,-0.956,0.969,-0.19,0.159,0.135,0.203,-0.97,0.919,0.039,0.392,-0.131,0.983,0.131,0.906,0.11,0.408,-0.281,0.924,0.261,0.079,0.916,0.392,-0.937,0.156,-0.312,scissors
11.197295,0.111,-0.267,0.957,0.524,0.832,0.185,0.25,0.217,-0.944,0.885,0.241,-0.398,-0.048,-0.63,0.775,-0.084,0.715,0.694,0.152,0.547,-0.823,-0.009,0.694,0.72,-0.209,0.349,-0.914,0.19,0.954,-0.23,-0.304,-0.101,-0.947,-0.807,0.388,0.445,0.634,-0.74,-0.225,none
7.541302,0.046,0.811,0.584,-0.243,0.97,0.0,0.666,-0.561,-0.492,0.735,-0.342,0.586,-0.196,-0.981,0.0,0.826,-0.192,0.53,-0.14,-0.7,0.7,0.861,-0.198,0.468,0.267,-0.535,0.802,0.993,-0.025,-0.116,0.0,-0.447,0.894,0.151,0.924,0.351,-0.329,0.768,-0.549,rock
0.625089,-0.103,0.952,0.288,-0.937,-0.156,-0.312,0.716,-0.69,0.103,0.854,0.096,-0.511,0.61,0.271,-0.745,0.729,0.255,0.635,0.864,0.432,0.259,0.851,0.081,0.518,0.967,0.242,0.081,0.962,-0.074,0.262,0.673,0.673,-0.306,0.811,0.025,0.584,0.404,-0.256,-0.878,paper
29.057099,0.522,-0.003,0.853,0.445,0.891,-0.089,-0.56,-0.275,-0.782,0.502,0.618,0.605,0.882,-0.368,-0.294,0.044,0.659,0.751,0.696,-0.174,0.696,0.263,0.665,0.699,0.97,-0.0,0.243,0.119,0.897,0.426,0.669,0.446,0.595,-0.334,-0.15,0.931,0.164,-0.986,-0.0,none
38.115313,0.531,-0.468,0.706,0.614,0.716,0.332,-0.392,0.213,-0.895,0.573,0.617,0.539,-0.879,-0.454,-0.148,-0.159,0.789,0.593,-0.732,-0.01,-0.681,-0.071,0.863,0.5,-0.847,-0.081,-0.525,-0.307,0.876,0.371,-0.978,-0.101,-0.18,-0.638,0.035,0.769,-0.659,-0.322,0.68,none
11.880442,-0.081,0.953,0.293,0.468,0.668,-0.579,0.034,-0.976,0.215,0.86,0.012,-0.51,0.087,-0.694,-0.715,0.754,0.207,0.623,0.763,-0.644,-0.048,0.841,0.037,0.54,0.63,-0.765,-0.135,0.933,-0.082,0.35,0.46,-0.843,-0.281,0.888,0.073,0.454,0.677,-0.532,-0.508,paper
0.076786,-0.095,0.948,0.303,0.989,-0.106,0.106,0.762,-0.644,0.071,0.87,0.14,-0.473,-0.091,-0.908,0.409,0.707,0.256,0.659,-0.338,-0.863,0.375,0.835,0.096,0.541,-0.367,-0.855,0.367,0.967,-0.112,0.228,-0.514,-0.686,0.514,0.877,-0.211,0.431,-0.655,-0.509,0.558,paper
6.094303,0.104,-0.172,0.979,0.814,0.349,-0.465,0.239,0.085,-0.967,0.798,0.535,0.277,0.63,-0.709,0.315,-0.2,0.798,0.569,-0.0,-0.184,0.983,-0.092,0.73,0.677,0.338,-0.338,0.878,-0.069,0.869,0.491,0.208,-0.138,0.968,-0.441,0.288,0.85,0.312,-0.156,0.937,none
23.866588,-0.016,0.731,0.682,0.587,0.342,-0.734,0.558,-0.669,-0.492,0.833,-0.418,0.363,-0.361,0.103,0.927,0.969,-0.081,0.233,-0.316,-0.039,0.948,0.874,-0.054,0.484,0.043,-0.995,-0.087,0.864,0.004,0.503,0.0,-1.0,-0.0,0.09,0.854,0.513,0.882,-0.165,0.441,scissors
20.228434,0.001,0.759,0.651,0.101,0.704,0.704,0.34,-0.829,-0.444,0.811,-0.435,0.392,0.828,-0.401,0.391,0.961,-0.111,0.255,0.953,-0.063,0.297,0.89,-0.087,0.447,0.842,-0.133,0.523,0.888,-0.056,0.456,0.807,-0.09,0.583,0.115,0.856,0.503,0.035,0.837,0.546,scissors
9.517614,-0.19,0.791,0.581,0.006,-0.802,-0.597,-0.155,-0.895,-0.419,0.74,-0.581,0.339,-0.734,0.504,-0.454,0.955,-0.248,0.163,-0.953,0.16,-0.258,0.938,0.078,0.337,-0.894,0.13,-0.428,0.935,0.103,0.339,-0.903,0.125,-0.411,0.103,0.922,0.373,-0.162,-0.848,-0.505,scissors
13.745725,-0.095,0.529,0.843,0.0,0.707,0.707,0.509,-0.575,-0.641,0.812,-0.56,-0.165,-0.391,0.13,-0.911,0.95,-0.28,-0.141,-0.408,-0.816,0.408,0.909,-0.242,-0.338,-0.456,-0.57,-0.684,0.865,-0.049,-0.5,-0.928,-0.0,-0.371,0.506,-0.061,0.86,-0.681,0.596,0.426,none
27.529621,0.524,-0.152,0.838,-0.71,0.668,0.223,-0.588,-0.287,-0.757,0.637,0.538,0.553,0.909,-0.13,-0.396,0.141,0.6,0.787,0.952,-0.214,0.221,0.31,0.613,0.726,0.938,-0.34,0.066,0.121,0.877,0.465,0.964,-0.06,0.258,-0.543,-0.086,0.835,-0.112,0.133,0.985,none
4.767448,-0.093,0.948,0.306,0.267,-0.802,-0.535,0.753,-0.637,0.163,0.86,0.051,-0.507,-0.832,0.0,-0.555,0.736,0.234,0.636,-1.0,0.0,-0.0,0.841,0.072,0.537,-0.784,0.196,-0.588,0.942,-0.049,0.331,-0.93,0.349,0.116,0.887,0.103,0.449,-0.87,0.097,-0.483,paper
21.358069,0.017,0.699,0.715,0.056,-0.759,-0.648,0.516,-0.715,-0.471,0.827,-0.35,0.44,-0.704,0.429,-0.566,0.914,-0.142,0.381,-0.882,0.277,-0.381,0.924,-0.235,0.301,-0.812,0.328,-0.483,0.956,-0.038,-0.29,-0.981,0.183,0.067,-0.034,0.94,0.341,-0.16,-0.94,-0.302,rock
23.523173,0.419,0.154,0.895,-0.143,0.717,0.682,-0.412,-0.484,-0.772,0.907,0.37,0.201,0.978,-0.032,-0.205,0.379,0.605,0.7,0.858,-0.061,0.511,0.325,0.308,0.894,0.92,0.02,0.391,0.178,0.731,0.659,0.751,0.458,0.476,-0.237,0.114,0.965,0.324,0.721,0.613,none
6.876092,-0.098,0.94,0.326,-0.248,0.867,0.433,0.708,-0.689,0.156,0.867,0.064,-0.494,0.767,0.219,-0.603,0.722,0.248,0.645,0.499,0.437,0.749,0.826,0.088,0.557,0.776,0.282,0.564,0.933,-0.041,0.357,0.641,0.285,0.712,0.873,0.102,0.476,0.667,0.477,0.572,paper
5.074024,0.102,-0.145,0.984,0.0,0.196,-0.981,0.242,0.056,-0.969,0.794,0.534,0.291,0.64,-0.426,0.64,-0.227,0.747,0.625,0.443,-0.487,0.753,-0.147,0.642,0.752,0.655,-0.551,0.517,-0.16,0.758,0.632,0.802,-0.481,0.353,-0.386,0.267,0.883,0.056,-0.447,-0.893,none
22.403894,0.313,0.387,0.867,0.452,-0.507,0.733,-0.223,-0.661,-0.716,0.999,0.039,0.027,-0.13,0.99,0.048,0.671,0.452,0.588,-0.746,0.663,-0.063,0.726,0.267,0.634,-0.792,0.602,0.102,0.656,0.709,0.26,-0.888,0.442,-0.125,0.032,0.336,0.941,-0.767,-0.119,0.63,none
9.665593,0.098,-0.21,0.973,-0.205,0.818,0.537,0.248,0.081,-0.965,0.616,0.532,0.581,-0.76,0.579,-0.295,-0.44,0.692,0.572,-0.143,0.518,-0.843,0.132,0.822,0.554,-0.556,0.452,-0.697,0.134,0.724,-0.676,0.968,-0.14,-0.206,-0.709,0.502,0.495,0.887,0.424,-0.18,none
30.504029,0.429,-0.112,0.897,-0.926,-0.031,-0.376,-0.396,-0.157,-0.905,0.661,0.459,0.593,-0.884,-0.061,-0.463,-0.321,0.318,0.892,-0.226,0.309,-0.924,-0.174,0.138,0.975,-0.551,0.443,-0.708,-0.327,0.404,0.854,-0.785,0.177,-0.594,-0.383,-0.025,0.923,-0.06,0.452,-0.89,none
10.60256,-0.019,0.883,0.47,0.131,0.775,0.618,0.162,-0.961,-0.222,0.636,-0.405,0.657,0.791,-0.296,0.536,0.755,-0.296,0.584,0.85,-0.121,0.513,0.783,-0.248,0.571,0.886,-0.147,0.44,0.996,-0.094,0.001,0.995,0.041,-0.096,0.271,0.926,0.263,0.02,0.925,0.38,rock
17.741078,0.08,0.771,0.631,0.312,-0.937,-0.156,0.424,-0.816,-0.393,0.779,-0.31,0.545,-0.28,0.466,-0.839,0.858,-0.138,0.495,-0.744,0.62,-0.248,0.896,-0.174,0.408,-0.422,0.527,-0.738,0.984,0.009,-0.176,-0.83,0.498,-0.249,0.09,0.919,0.383,-0.874,-0.389,-0.291,rock
3.537624,-0.139,0.757,0.639,0.577,-0.577,-0.577,0.764,-0.579,-0.285,0.76,-0.545,0.355,-0.457,0.457,-0.762,0.971,-0.187,0.152,-0.962,0.275,-0.0,0.912,0.022,0.41,-0.873,0.218,-0.436,0.914,0.04,0.403,-0.855,0.367,0.367,0.071,0.897,0.435,-0.855,-0.367,-0.367,scissors
14.690175,-0.184,0.967,0.177,0.015,-0.974,-0.224,0.115,-0.955,0.274,0.759,0.036,-0.65,-0.792,0.015,0.611,0.848,0.252,0.466,-0.843,-0.183,-0.506,0.922,0.063,0.382,-0.872,0.014,-0.49,0.981,-0.037,0.193,-0.945,0.123,-0.303,0.924,0.17,0.343,-0.902,-0.113,-0.416,paper
6.520345,0.069,0.82,0.568,-0.471,-0.813,-0.342,0.623,-0.644,-0.443,0.726,-0.326,0.605,-0.588,-0.037,-0.808,0.815,-0.184,0.55,-0.742,-0.124,-0.659,0.856,-0.182,0.483,-0.755,-0.159,-0.636,0.995,-0.01,-0.096,-0.962,-0.192,-0.192,0.168,0.916,0.365,-0.453,-0.529,-0.718,rock
9.096924,0.021,0.829,0.558,-0.007,0.801,0.599,0.652,-0.464,-0.6,0.71,-0.375,0.596,0.727,-0.441,0.526,0.814,-0.238,0.53,0.829,-0.274,0.487,0.84,-0.234,0.489,0.83,-0.279,0.483,0.993,-0.066,-0.094,0.993,-0.101,-0.062,0.175,0.936,0.304,0.052,0.968,0.244,rock
4.585282,-0.127,0.753,0.646,0.149,-0.788,-0.597,0.796,-0.534,-0.285,0.768,-0.536,0.351,-0.666,0.604,-0.437,0.97,-0.183,0.162,-0.937,0.319,-0.14,0.909,0.027,0.416,-0.944,0.022,-0.329,0.909,0.044,0.414,-0.967,0.042,-0.252,0.068,0.894,0.443,-0.232,-0.886,-0.401,scissors
23.861572,0.012,0.808,0.589,0.022,0.685,0.728,0.534,-0.722,-0.44,0.738,-0.367,0.566,0.854,-0.362,0.374,0.839,-0.205,0.504,0.916,-0.137,0.378,0.864,-0.225,0.451,0.924,-0.228,0.308,0.99,-0.049,-0.135,0.969,-0.012,-0.245,0.134,0.936,0.325,-0.143,0.944,0.296,rock
36.599946,0.477,-0.402,0.782,0.964,-0.252,-0.084,-0.365,0.127,-0.922,0.453,0.098,0.886,0.596,-0.769,0.233,-0.059,0.547,0.835,0.137,-0.527,0.839,0.1,0.987,0.125,-0.672,-0.655,-0.345,-0.181,0.975,-0.127,-0.712,-0.698,-0.071,-0.604,0.021,0.797,-0.853,-0.521,0.032,none
8.64498,0.114,0.24,0.964,-0.687,-0.344,0.64,0.166,-0.363,-0.917,0.91,0.265,-0.319,0.879,0.16,-0.449,0.685,0.719,0.115,0.834,0.506,0.219,0.668,0.731,0.138,0.96,0.106,0.259,0.497,0.868,-0.012,0.959,0.039,0.281,-0.573,0.669,0.474,0.091,-0.069,-0.993,none
4.837765,-0.083,0.813,0.577,0.467,-0.722,-0.51,0.757,-0.544,-0.361,0.72,-0.545,0.431,0.408,0.816,-0.408,0.942,-0.219,0.254,-0.176,0.968,0.176,0.929,-0.081,0.361,-0.309,-0.206,0.928,0.935,-0.058,0.35,-0.446,-0.074,0.892,0.17,0.875,0.454,-0.83,-0.249,0.498,scissors
40.152612,0.565,0.109,0.818,0.583,0.713,-0.389,-0.361,-0.398,-0.843,0.961,0.228,-0.155,-0.0,0.753,0.659,0.831,0.549,-0.088,-0.417,0.476,0.774,0.777,0.621,-0.103,-0.198,0.659,0.725,0.556,0.717,-0.421,-0.368,0.631,0.683,0.317,-0.676,0.665,0.066,-0.066,0.996,none
28.387589,-0.027,0.695,0.719,-0.196,-0.588,0.784,0.531,-0.702,-0.474,0.862,-0.383,0.331,0.105,0.527,-0.843,0.979,-0.036,0.2,-0.596,0.745,-0.298,0.851,0.008,0.526,-0.667,0.667,0.333,0.837,0.064,0.543,-0.686,0.514,0.514,0.025,0.846,0.533,-0.98,-0.178,-0.089,scissors
12.069526,-0.086,0.695,0.714,-0.02,-0.439,-0.898,0.751,-0.167,-0.639,0.827,-0.462,0.32,-0.921,0.367,-0.129,0.982,-0.111,0.154,-0.996,-0.047,0.076,0.893,0.01,0.451,-0.762,-0.222,-0.608,0.878,0.041,0.477,-0.768,-0.185,-0.613,0.018,0.879,0.476,0.219,-0.845,-0.487,scissors
5.074668,0.116,-0.173,0.978,-0.11,-0.988,-0.11,0.259,0.087,-0.962,0.763,0.577,0.291,-0.129,0.945,0.301,-0.25,0.777,0.578,-0.85,0.458,0.261,-0.165,0.689,0.705,-0.349,0.465,0.814,-0.169,0.813,0.557,0.907,-0.082,0.412,-0.435,0.266,0.86,-0.681,0.162,-0.714,none
27.196085,0.592,0.159,0.79,-0.126,0.072,0.989,-0.508,-0.478,-0.716,0.912,-0.139,0.386,-0.408,0.196,0.892,-0.026,0.246,0.969,-0.936,0.114,-0.333,0.272,0.263,0.926,-0.936,0.174,-0.305,0.002,0.699,0.715,-0.988,0.097,-0.12,-0.075,-0.864,0.499,0.921,0.144,0.361,none
22.26685,-0.082,0.775,0.627,-0.279,-0.836,0.472,0.202,-0.888,-0.414,0.792,-0.48,0.377,0.283,0.32,-0.904,0.959,-0.152,0.237,-0.021,0.252,-0.967,0.902,-0.014,0.431,-0.383,0.886,0.262,0.9,0.027,0.435,-0.503,0.785,0.362,0.123,0.878,0.463,-0.941,-0.196,-0.275,scissors
1.094654,-0.016,-0.31,0.951,-0.95,0.259,0.173,0.21,0.185,-0.96,0.704,0.693,0.157,0.371,-0.0,-0.928,-0.138,0.904,0.405,-0.485,0.485,0.728,-0.005,0.876,0.483,0.243,0.97,0.0,-0.099,0.954,0.284,-0.424,0.707,0.566,-0.59,0.362,0.722,-0.913,0.183,0.365,none
3.104719,0.021,-0.267,0.963,0.8,-0.033,-0.6,0.137,0.098,-0.986,0.718,0.672,0.182,-0.847,-0.491,0.203,-0.128,0.883,0.453,-0.751,-0.571,-0.331,0.011,0.857,0.516,-0.732,-0.549,-0.403,-0.098,0.953,0.288,-0.858,-0.477,-0.191,-0.593,0.331,0.734,-0.383,-0.861,-0.335,none
17.167559,-0.065,0.711,0.7,0.223,0.708,0.67,0.73,-0.357,-0.583,0.834,-0.435,0.34,0.857,-0.316,0.406,0.978,-0.092,0.19,0.873,0.087,0.48,0.873,0.011,0.488,0.78,-0.246,0.575,0.862,0.036,0.506,0.631,-0.168,0.757,0.042,0.866,0.499,-0.119,0.794,0.596,scissors
19.726403,0.291,0.843,-0.453,0.351,0.0,-0.936,0.209,-0.203,0.957,0.092,-0.393,0.915,-0.976,-0.195,0.098,-0.051,-0.519,0.853,-0.933,-0.215,0.287,0.393,-0.896,-0.204,0.108,-0.97,-0.216,0.803,0.213,0.556,-0.625,0.0,0.781,0.917,0.049,0.395,0.162,-0.808,-0.566,none
1.094909,-0.007,-0.292,0.956,-0.318,-0.424,0.848,0.199,0.168,-0.966,0.675,0.722,0.148,0.182,0.818,-0.545,-0.174,0.912,0.371,-0.513,0.854,0.085,-0.047,0.889,0.455,-0.262,0.961,-0.087,-0.155,0.954,0.255,-0.418,0.906,0.07,-0.626,0.341,0.702,-0.922,0.346,0.173,none
52.903079,0.75,-0.616,0.24,0.033,0.919,-0.394,-0.764,0.369,-0.53,0.256,0.924,-0.284,-0.934,-0.187,0.304,-0.03,0.974,-0.223,-0.823,-0.527,0.214,0.019,0.992,-0.128,-0.299,0.896,-0.33,-0.655,0.667,0.355,-0.798,0.028,-0.602,-0.765,-0.615,0.193,0.546,-0.741,0.39,none
39.132754,0.566,-0.02,0.824,0.581,0.452,-0.677,-0.411,-0.229,-0.883,0.854,0.518,-0.043,0.959,0.012,0.282,0.433,0.875,0.215,0.635,-0.172,0.753,0.392,0.838,0.38,0.756,-0.34,0.56,0.179,0.981,0.078,0.781,-0.093,0.617,-0.124,-0.681,0.721,-0.515,-0.472,-0.715,none
9.666722,-0.035,-0.191,0.981,0.083,0.915,0.395,0.351,0.083,-0.933,0.612,0.415,0.674,-0.753,0.283,-0.594,-0.62,0.562,0.547,0.432,0.669,-0.605,-0.08,0.702,0.707,-0.144,0.82,-0.554,0.172,0.568,-0.805,0.367,0.861,-0.353,-0.699,0.571,0.431,-0.553,0.415,0.722,none
45.252943,-0.731,0.455,0.508,-0.676,0.709,-0.198,0.815,-0.558,-0.158,0.375,-0.09,-0.923,0.996,0.084,0.014,0.731,0.508,-0.455,0.678,-0.073,0.731,0.631,0.621,-0.465,0.865,-0.12,0.487,0.411,0.888,-0.204,0.746,0.11,0.657,0.425,0.857,0.291,0.963,0.25,-0.102,none
10.227566,-0.046,-0.154,0.987,0.468,0.468,-0.749,0.407,0.098,-0.908,0.605,0.403,0.687,0.87,-0.39,-0.3,-0.593,0.587,0.551,0.167,-0.474,0.864,-0.079,0.698,0.712,0.372,-0.496,0.785,0.176,0.512,-0.841,0.797,-0.598,-0.085,-0.7,0.598,0.389,0.618,0.333,-0.713,none
33.477342,0.057,0.809,0.585,-0.152,0.988,0.0,0.239,-0.929,-0.283,0.744,-0.325,0.584,-0.0,-0.768,0.64,0.827,-0.172,0.535,-0.087,-0.612,0.786,0.865,-0.178,0.469,0.236,-0.236,0.943,0.995,-0.004,-0.103,0.447,0.0,0.894,0.154,0.913,0.377,0.206,0.928,-0.309,rock
48.916031,0.73,0.027,0.683,0.997,0.0,0.073,-0.674,-0.286,-0.681,0.61,0.154,0.777,0.127,-0.444,0.887,-0.568,0.093,0.818,-0.484,-0.555,0.676,-0.471,-0.017,0.882,-0.336,-0.65,0.682,-0.463,-0.143,0.875,-0.299,-0.693,0.657,-0.098,-0.731,0.675,-0.257,-0.965,0.049,none
14.684711,0.061,0.739,0.671,0.198,0.923,0.33,0.479,-0.765,-0.43,0.794,-0.322,0.516,0.768,-0.0,0.64,0.876,-0.138,0.462,0.341,0.085,0.936,0.906,-0.19,0.378,0.697,0.398,0.597,0.978,-0.003,-0.209,0.636,0.742,0.212,0.054,0.926,0.375,-0.183,0.913,0.365,rock
26.41064,0.001,0.799,0.601,0.17,0.68,0.714,-0.28,-0.914,-0.292,0.746,-0.373,0.551,0.888,-0.342,0.307,0.846,-0.21,0.491,0.89,-0.103,0.445,0.864,-0.235,0.445,0.951,-0.164,0.262,0.988,-0.058,-0.141,0.953,0.106,-0.282,0.13,0.94,0.315,-0.261,0.929,0.261,rock
7.477987,-0.246,0.723,0.646,0.0,0.741,0.672,-0.067,-0.9,-0.431,0.778,-0.572,0.258,0.821,-0.44,0.364,0.975,-0.216,0.057,0.975,-0.067,0.21,0.912,0.155,0.379,0.854,-0.075,0.514,0.901,0.176,0.396,0.811,-0.059,0.583,-0.005,0.935,0.354,-0.033,0.85,0.525,scissors
11.047018,-0.105,0.838,0.536,-0.213,-0.786,-0.581,0.769,-0.516,-0.378,0.716,-0.557,0.421,-0.734,0.427,-0.529,0.935,-0.248,0.252,-0.936,0.094,-0.34,0.945,-0.089,0.316,-0.854,0.222,-0.47,0.947,-0.053,0.318,-0.874,0.227,-0.428,0.19,0.892,0.409,-0.207,-0.784,-0.586,scissors
27.94358,0.021,0.839,0.543,0.012,0.78,0.626,-0.353,-0.868,-0.351,0.697,-0.361,0.62,0.724,-0.423,0.545,0.798,-0.236,0.555,0.831,-0.254,0.495,0.823,-0.225,0.521,0.834,-0.257,0.489,0.996,-0.068,-0.05,0.996,-0.077,-0.051,0.205,0.931,0.303,0.062,0.961,0.271,rock
37.122093,0.084,0.812,0.578,-0.707,0.707,0.0,0.172,-0.965,-0.199,0.746,-0.305,0.592,-0.14,0.14,-0.98,0.823,-0.155,0.546,-0.943,0.236,-0.236,0.866,-0.157,0.474,-0.348,0.348,-0.87,0.995,0.016,-0.102,-0.889,0.381,-0.254,0.168,0.904,0.394,-0.874,-0.0,-0.486,rock
6.061328,0.048,0.824,0.564,-0.485,-0.485,-0.728,0.623,-0.644,-0.443,0.717,-0.346,0.606,-0.816,-0.082,-0.572,0.811,-0.204,0.548,-0.889,-0.254,-0.381,0.85,-0.195,0.49,-0.931,-0.089,-0.355,0.996,-0.026,-0.09,-0.963,-0.209,0.168,0.181,0.92,0.347,-0.177,-0.576,-0.798,rock
25.391366,0.091,0.877,0.472,0.264,0.872,0.413,0.122,-0.922,-0.368,0.653,-0.332,0.68,0.689,-0.117,0.715,0.747,-0.227,0.625,0.669,-0.012,0.743,0.799,-0.164,0.579,0.796,0.074,0.6,1.0,-0.008,0.011,0.959,0.252,0.126,0.297,0.892,0.342,0.21,0.828,0.519,rock
26.90977,-0.111,0.682,0.723,0.026,0.689,0.724,0.587,-0.65,-0.483,0.862,-0.425,0.276,0.878,-0.387,0.281,0.987,-0.069,0.143,0.979,-0.026,0.203,0.868,0.084,0.489,0.836,-0.026,0.548,0.85,0.141,0.507,0.778,0.044,0.627,-0.01,0.88,0.476,-0.06,0.854,0.517,scissors
7.104239,0.055,0.821,0.569,0.329,0.768,-0.549,0.597,-0.582,-0.552,0.726,-0.344,0.596,-0.667,0.333,0.667,0.819,-0.201,0.538,-0.514,-0.0,0.857,0.853,-0.197,0.482,-0.248,0.62,0.744,0.995,-0.025,-0.097,-0.212,0.636,0.742,0.173,0.922,0.346,0.667,0.667,-0.333,rock
14.637292,-0.117,0.961,0.251,0.612,-0.25,-0.751,-0.174,-0.979,0.108,0.819,-0.022,-0.574,-0.634,-0.772,-0.028,0.8,0.201,0.565,-0.194,-0.888,-0.416,0.877,0.019,0.481,-0.392,-0.757,-0.522,0.951,-0.075,0.298,-0.654,-0.654,-0.381,0.904,0.116,0.411,-0.362,-0.646,-0.672,paper
26.34967,0.075,0.784,0.616,0.15,-0.501,-0.852,0.666,-0.504,-0.549,0.786,-0.396,0.475,-0.847,0.376,-0.376,0.929,-0.094,0.357,-0.986,0.076,0.152,0.864,-0.206,0.459,-0.784,-0.196,-0.588,0.872,-0.147,0.466,-0.976,-0.098,-0.195,0.207,0.811,0.547,-0.359,-0.717,-0.598,scissors
17.686398,-0.045,0.774,0.632,0.42,0.905,0.065,0.776,-0.343,-0.53,0.814,-0.439,0.38,0.402,-0.438,0.804,0.965,-0.109,0.24,0.505,-0.303,0.808,0.879,-0.015,0.476,0.741,-0.64,0.202,0.87,0.019,0.493,0.745,-0.596,0.298,0.092,0.857,0.507,0.533,0.686,0.495,scissors
55.01101,0.679,-0.631,0.375,0.676,0.737,0.0,-0.631,0.455,-0.628,-0.1,-0.513,0.853,-0.4,0.109,-0.91,-0.634,-0.757,0.158,0.136,0.678,-0.723,-0.69,-0.702,0.178,0.539,0.539,-0.647,-0.788,-0.599,0.143,-0.686,-0.514,0.514,-0.737,-0.55,0.391,0.108,-0.97,0.216,none
8.063403,-0.116,0.798,0.591,-0.047,0.747,0.663,-0.278,-0.765,-0.582,0.744,-0.531,0.406,0.816,-0.477,0.328,0.955,-0.198,0.22,0.972,-0.105,0.209,0.924,-0.015,0.382,0.872,-0.051,0.487,0.924,0.006,0.381,0.837,-0.021,0.547,0.13,0.886,0.444,-0.031,0.87,0.491,scissors
26.227569,0.663,0.307,0.683,-0.087,-0.925,0.37,-0.499,-0.654,-0.569,0.888,0.206,0.41,0.811,0.422,-0.405,0.364,0.334,0.87,0.752,0.23,0.617,0.517,0.241,0.821,0.897,0.277,0.343,0.451,0.56,0.695,0.869,0.324,0.374,-0.047,-0.463,0.885,-0.737,0.145,-0.661,none
30.491201,-0.037,0.81,0.586,-0.211,-0.66,-0.721,-0.312,-0.893,-0.326,0.724,-0.424,0.544,-0.85,0.217,-0.48,0.841,-0.27,0.468,-0.913,0.02,-0.408,0.842,-0.296,0.452,-0.93,0.106,-0.352,0.984,-0.123,-0.129,-0.978,-0.075,0.196,0.128,0.961,0.246,0.02,-0.872,-0.489,rock
6.457473,-0.027,0.821,0.571,-0.348,0.757,0.553,0.634,-0.718,-0.287,0.727,-0.496,0.476,0.652,-0.742,0.157,0.937,-0.169,0.307,0.91,-0.409,0.068,0.908,-0.112,0.403,0.962,0.131,0.24,0.917,-0.099,0.386,0.897,0.224,0.381,0.186,0.837,0.514,-0.064,0.983,0.171,scissors
4.623555,0.072,-0.151,0.986,0.871,0.419,-0.258,0.23,0.036,-0.972,0.79,0.547,0.275,0.294,-0.956,-0.0,-0.227,0.751,0.62,0.667,-0.572,0.477,-0.155,0.645,0.748,0.739,-0.572,0.357,-0.161,0.771,0.616,0.68,-0.626,0.381,-0.4,0.304,0.865,0.681,-0.636,-0.363,none
10.59428,-0.161,0.96,0.228,-0.211,0.882,0.422,0.603,-0.735,0.31,0.783,0.033,-0.621,0.823,0.145,-0.549,0.826,0.227,0.516,0.672,0.381,0.635,0.905,0.049,0.423,0.811,0.207,0.547,0.974,-0.069,0.216,0.868,0.116,0.482,0.922,0.146,0.358,0.797,0.286,0.531,paper
3.458955,0.045,0.813,0.58,-0.707,0.707,-0.0,0.502,-0.804,-0.317,0.725,-0.353,0.591,0.0,-0.555,-0.832,0.823,-0.202,0.532,-0.267,-0.535,0.802,0.857,-0.201,0.474,0.0,-0.0,-1.0,0.994,-0.03,-0.105,-0.894,0.447,-0.0,0.158,0.924,0.348,-0.662,0.53,-0.53,rock
49.334006,0.736,-0.315,0.599,-0.963,0.181,0.198,-0.684,-0.009,-0.73,0.399,0.143,0.906,0.059,0.592,-0.804,-0.724,-0.012,0.689,0.372,0.83,-0.415,-0.674,-0.044,0.737,0.368,0.863,-0.347,-0.71,-0.069,0.701,0.407,0.906,-0.112,-0.384,-0.696,0.607,0.157,0.98,0.122,none
12.13303,0.023,0.847,0.532,-0.047,-0.852,-0.521,-0.177,-0.968,-0.179,0.696,-0.363,0.62,-0.607,0.355,-0.711,0.796,-0.23,0.559,-0.781,0.26,-0.567,0.831,-0.211,0.515,-0.749,0.21,-0.629,0.997,-0.047,-0.063,-0.989,0.087,-0.116,0.204,0.923,0.326,-0.333,-0.863,-0.379,rock
10.173008,-0.051,-0.17,0.984,0.514,-0.686,0.514,0.366,0.08,-0.927,0.524,0.42,0.741,-0.698,-0.266,-0.665,-0.678,0.556,0.481,-0.598,-0.717,0.359,-0.174,0.692,0.701,-0.832,-0.0,0.555,0.162,0.567,-0.808,-0.647,0.755,0.108,-0.703,0.564,0.433,-0.64,-0.0,-0.768,none
3.093407,0.008,-0.267,0.964,-0.617,-0.772,0.154,0.141,0.136,-0.981,0.7,0.695,0.161,0.816,0.408,-0.408,-0.134,0.898,0.419,-0.722,0.309,0.619,-0.001,0.873,0.488,-0.625,0.469,0.625,-0.102,0.959,0.264,-0.655,0.573,0.492,-0.609,0.349,0.712,-0.953,0.095,0.286,none
24.371377,0.004,0.731,0.682,-0.117,0.702,0.702,0.509,-0.745,-0.431,0.804,-0.355,0.477,0.767,-0.537,0.353,0.894,-0.16,0.419,0.881,-0.319,0.349,0.909,-0.23,0.349,0.855,-0.382,0.351,0.969,-0.038,-0.245,0.962,-0.192,-0.192,0.02,0.942,0.336,-0.114,0.987,0.114,rock
2.019514,-0.134,0.949,0.285,-0.686,0.514,-0.514,0.79,-0.594,0.153,0.843,0.104,-0.527,0.996,-0.091,0.0,0.726,0.296,0.621,0.095,0.286,0.953,0.852,0.129,0.507,0.535,0.267,0.802,0.959,0.01,0.284,0.585,0.668,0.46,0.91,0.207,0.36,0.781,0.564,-0.269,paper
7.091762,-0.082,0.948,0.308,0.894,-0.0,-0.447,0.66,-0.734,0.16,0.863,0.048,-0.503,-0.0,0.243,-0.97,0.736,0.229,0.637,-0.949,0.0,0.316,0.836,0.065,0.545,-0.577,0.577,-0.577,0.938,-0.063,0.34,-0.811,0.487,0.324,0.883,0.093,0.46,-0.885,0.147,-0.442,paper
22.607908,0.444,0.281,0.851,0.162,0.062,0.985,-0.365,-0.632,-0.684,0.94,0.264,0.215,-0.043,0.242,-0.969,0.312,0.517,0.797,-0.351,0.814,-0.463,0.321,0.282,0.904,-0.392,0.909,-0.14,0.246,0.709,0.661,-0.798,0.569,-0.199,-0.177,0.029,0.984,-0.402,0.608,0.684,none
5.585051,0.101,-0.152,0.983,0.741,-0.074,-0.667,0.234,0.062,-0.97,0.788,0.54,0.296,-0.784,-0.588,0.196,-0.218,0.781,0.585,-0.549,-0.768,0.329,-0.119,0.707,0.698,-0.123,-0.985,0.123,-0.113,0.836,0.537,-0.265,-0.927,0.265,-0.436,0.266,0.86,-0.504,-0.42,-0.755,none
4.603334,-0.094,0.949,0.302,-0.348,-0.87,0.348,0.713,-0.696,0.086,0.861,0.064,-0.505,-0.192,0.962,-0.192,0.733,0.239,0.637,-0.808,0.577,0.115,0.842,0.073,0.534,-0.549,0.824,-0.137,0.945,-0.054,0.321,-0.579,0.745,0.331,0.89,0.101,0.444,-0.87,0.483,-0.097,paper
52.905024,0.744,-0.593,0.309,0.0,0.447,-0.894,-0.768,0.392,-0.507,0.306,0.924,-0.227,-0.931,-0.072,-0.358,0.004,0.991,-0.134,-0.987,-0.071,-0.141,0.041,0.998,-0.048,-0.97,0.243,-0.0,-0.748,-0.327,0.578,0.644,0.143,0.751,-0.76,-0.603,0.244,-0.555,0.0,-0.832,none
13.174122,0.102,0.873,0.478,-0.279,-0.867,-0.413,0.198,-0.954,-0.226,0.671,-0.303,0.676,-0.605,0.164,-0.779,0.759,-0.187,0.623,-0.709,0.095,-0.699,0.819,-0.136,0.558,-0.756,0.0,-0.654,1.0,0.022,-0.014,-0.98,-0.112,-0.163,0.257,0.886,0.386,-0.36,-0.771,-0.525,rock
26.357471,0.072,0.783,0.618,0.527,0.738,0.422,0.666,-0.504,-0.549,0.789,-0.395,0.471,0.981,-0.0,0.196,0.931,-0.089,0.354,0.596,0.298,0.745,0.863,-0.197,0.466,0.651,-0.391,0.651,0.873,-0.142,0.467,0.217,-0.0,0.976,0.202,0.81,0.55,-0.422,0.738,0.527,scissors
12.13316,0.036,0.847,0.53,-0.086,-0.885,-0.457,-0.177,-0.968,-0.179,0.697,-0.355,0.623,-0.598,0.347,-0.723,0.797,-0.221,0.562,-0.761,0.273,-0.589,0.835,-0.202,0.512,-0.739,0.209,-0.641,0.997,-0.038,-0.066,-0.987,0.082,-0.137,0.202,0.92,0.335,-0.353,-0.861,-0.367,rock
6.016942,0.037,0.829,0.558,-0.64,-0.426,-0.64,0.608,-0.68,-0.411,0.706,-0.358,0.611,-0.725,-0.229,-0.649,0.805,-0.219,0.552,-0.785,-0.372,-0.496,0.843,-0.203,0.499,-0.879,-0.293,-0.377,0.996,-0.034,-0.085,-0.928,-0.363,0.081,0.191,0.922,0.336,-0.237,-0.434,-0.869,rock
2.14833,-0.123,0.953,0.277,0.943,-0.236,-0.236,0.791,-0.589,0.167,0.844,0.098,-0.528,0.154,-0.617,-0.772,0.731,0.289,0.618,-0.333,-0.667,0.667,0.854,0.121,0.506,-0.302,-0.905,0.302,0.958,0.002,0.286,-0.857,-0.0,0.514,0.876,0.249,0.414,0.568,0.821,0.063,paper
20.431627,0.273,0.782,0.561,-0.93,0.307,0.205,-0.114,-0.968,-0.225,0.857,-0.471,0.209,0.101,-0.351,-0.931,0.855,-0.049,0.516,0.451,-0.158,-0.878,0.883,-0.141,0.447,0.516,0.327,-0.792,0.902,0.428,0.054,-0.059,-0.701,-0.711,0.457,0.393,0.798,-0.077,0.963,-0.258,none
13.08696,-0.183,0.712,0.678,0.277,0.76,-0.588,0.784,-0.152,-0.602,0.798,-0.528,0.288,-0.466,-0.254,0.847,0.976,-0.184,0.116,-0.244,-0.348,0.905,0.909,0.08,0.408,0.265,-0.87,-0.416,0.903,0.099,0.419,0.38,-0.844,-0.38,0.035,0.918,0.396,0.99,0.0,0.141,scissors
22.841263,0.056,0.85,0.523,-0.55,-0.629,-0.55,0.574,-0.414,-0.707,0.683,-0.348,0.642,-0.753,-0.065,-0.655,0.779,-0.227,0.584,-0.844,-0.211,-0.493,0.819,-0.194,0.539,-0.878,-0.141,-0.457,0.999,-0.034,-0.036,-0.97,-0.242,0.035,0.241,0.915,0.324,-0.249,-0.57,-0.783,rock
3.459079,0.032,0.81,0.585,-0.485,0.728,0.485,0.502,-0.804,-0.317,0.732,-0.353,0.583,0.183,-0.365,-0.913,0.828,-0.198,0.524,-0.577,-0.577,0.577,0.861,-0.206,0.465,0.408,-0.408,-0.816,0.993,-0.034,-0.115,-0.802,0.267,-0.535,0.145,0.927,0.346,-0.738,0.422,-0.527,rock
9.581255,0.013,0.789,0.614,-0.008,0.738,0.675,0.65,-0.564,-0.509,0.749,-0.378,0.544,0.785,-0.417,0.458,0.853,-0.212,0.477,0.874,-0.227,0.429,0.871,-0.245,0.425,0.874,-0.273,0.401,0.984,-0.064,-0.164,0.985,-0.083,-0.149,0.107,0.946,0.306,-0.032,0.965,0.261,rock
18.187904,-0.21,0.753,0.623,0.233,0.93,0.284,0.874,-0.34,-0.346,0.77,-0.559,0.307,0.551,-0.398,0.734,0.96,-0.232,0.158,0.672,-0.117,0.731,0.93,0.056,0.362,0.791,-0.509,0.339,0.921,0.105,0.376,0.785,-0.453,0.423,0.087,0.925,0.371,0.332,0.725,0.604,scissors
16.230339,-0.082,0.967,0.243,-0.021,-0.94,-0.342,0.834,-0.545,0.083,0.805,-0.075,-0.589,-0.851,0.138,0.506,0.832,0.141,0.536,-0.836,-0.084,-0.543,0.891,-0.046,0.451,-0.813,0.122,-0.569,0.953,-0.136,0.272,-0.911,0.238,-0.337,0.922,0.079,0.379,-0.894,0.0,-0.447,paper
39.1326,0.58,-0.044,0.814,0.378,0.189,-0.906,-0.411,-0.229,-0.883,0.753,0.636,0.168,0.937,-0.04,0.348,0.148,0.902,0.407,0.632,-0.222,0.743,0.144,0.819,0.555,0.769,-0.334,0.545,0.009,0.962,0.273,0.818,-0.142,0.558,-0.142,-0.684,0.716,-0.688,-0.37,-0.624,none
12.581041,-0.085,0.715,0.694,0.135,0.987,0.09,0.706,-0.16,-0.69,0.821,-0.466,0.329,0.458,-0.523,0.719,0.981,-0.114,0.159,0.487,-0.324,0.811,0.883,0.024,0.468,0.802,-0.588,0.107,0.877,0.037,0.479,0.786,-0.524,0.328,0.036,0.88,0.474,0.428,0.796,0.428,scissors
43.287637,-0.687,0.525,0.503,-0.75,0.659,0.045,0.815,-0.554,-0.169,0.506,-0.027,-0.862,-0.918,-0.192,-0.346,0.657,0.723,-0.214,-0.012,0.057,-0.998,0.567,0.821,-0.065,-0.061,0.138,-0.989,0.498,0.866,-0.038,-0.476,0.089,-0.875,0.42,0.85,0.319,-0.672,0.18,0.719,none
43.723339,-0.683,0.494,0.538,-0.923,0.198,0.33,0.82,-0.541,-0.185,0.422,0.402,-0.812,-0.81,0.019,-0.587,0.368,0.898,-0.242,-0.005,0.229,-0.973,0.351,0.934,-0.06,-0.286,0.31,-0.907,0.359,0.933,-0.021,-0.697,0.312,-0.645,0.51,0.755,0.412,-0.951,0.075,0.299,none
37.603216,0.575,-0.403,0.712,-0.988,-0.0,0.152,-0.464,0.258,-0.847,0.495,0.76,0.422,0.983,0.185,0.009,0.035,0.852,0.523,0.829,-0.062,0.556,-0.031,0.81,0.586,0.924,0.093,0.371,-0.24,0.928,0.285,0.993,-0.114,-0.03,-0.618,-0.078,0.782,0.035,0.92,0.389,none
56.47287,0.69,-0.59,0.42,0.196,0.0,-0.981,-0.617,0.421,-0.665,-0.044,-0.343,0.938,0.574,-0.503,-0.646,-0.721,-0.655,0.228,0.749,-0.656,-0.094,-0.748,-0.62,0.238,0.702,-0.702,-0.117,-0.729,-0.668,0.15,-0.188,-0.282,-0.941,-0.664,-0.5,0.556,0.736,-0.479,-0.479,none
1.283739,0.075,0.784,0.616,-0.717,-0.359,0.598,0.52,-0.778,-0.352,0.746,-0.347,0.568,-0.688,-0.688,-0.229,0.84,-0.18,0.512,-0.598,-0.359,0.717,0.881,-0.179,0.438,-0.436,0.218,0.873,0.99,-0.0,-0.138,-0.302,0.302,0.905,0.108,0.911,0.399,0.873,0.218,-0.436,rock
15.369836,-0.189,-0.194,0.963,0.233,-0.854,0.466,0.68,0.201,-0.705,0.737,0.106,-0.667,0.187,0.888,-0.421,0.779,0.481,-0.402,-0.123,0.985,0.123,0.75,0.429,-0.503,0.662,0.745,-0.083,-0.268,0.728,0.631,-0.394,0.044,0.918,-0.704,0.665,0.247,-0.188,-0.941,-0.282,none
4.270903,-0.085,0.947,0.309,-0.905,-0.302,0.302,0.735,-0.67,0.099,0.866,0.048,-0.498,-0.333,0.667,-0.667,0.728,0.232,0.645,-0.873,0.436,0.218,0.835,0.071,0.546,-0.688,0.688,-0.229,0.94,-0.05,0.339,-0.717,0.598,0.359,0.881,0.096,0.463,-0.857,0.429,-0.286,paper
1.579272,-0.015,-0.281,0.959,-0.686,-0.514,0.514,0.193,0.127,-0.973,0.687,0.712,0.142,0.577,0.577,-0.577,-0.155,0.913,0.377,-0.444,0.778,0.444,-0.029,0.888,0.458,-0.0,0.97,0.243,-0.135,0.958,0.253,-0.268,0.894,0.358,-0.613,0.355,0.706,-0.784,0.588,0.196,none
19.973585,0.198,0.91,-0.364,-0.767,-0.3,-0.567,0.253,-0.266,0.93,0.107,-0.43,0.897,-0.977,-0.15,-0.153,-0.054,-0.511,0.858,-0.613,-0.522,-0.593,0.427,-0.862,-0.274,0.594,-0.543,-0.594,0.804,0.077,0.59,-0.956,0.279,0.085,0.974,0.051,0.221,-0.639,-0.647,-0.416,none
22.144745,0.229,0.256,0.939,0.622,-0.475,-0.622,-0.073,-0.532,-0.843,0.979,0.185,-0.09,-0.327,0.286,0.9,0.617,0.64,0.457,-0.687,-0.235,0.687,0.642,0.513,0.57,-0.628,-0.486,0.608,0.524,0.851,-0.01,-0.774,-0.185,0.606,-0.152,0.386,0.91,-0.193,-0.95,-0.246,none
30.589141,0.424,-0.199,0.883,-0.828,0.122,-0.548,-0.432,-0.139,-0.891,0.742,0.213,0.636,-0.839,-0.027,-0.543,-0.312,0.039,0.949,0.004,0.373,-0.928,-0.268,-0.184,0.946,-0.338,0.517,-0.787,-0.396,0.079,0.915,-0.625,0.303,-0.72,-0.393,-0.041,0.919,-0.573,0.661,-0.485,none
2.588025,-0.007,-0.272,0.962,-0.894,0.0,-0.447,0.211,0.194,-0.958,0.694,0.703,0.156,-0.236,0.236,-0.943,-0.145,0.905,0.4,-0.845,-0.169,-0.507,-0.016,0.88,0.474,-0.507,0.169,-0.845,-0.118,0.96,0.254,-0.885,0.442,-0.147,-0.613,0.347,0.71,-0.768,0.329,-0.549,none
26.895868,0.617,0.182,0.766,0.656,0.094,-0.749,-0.537,-0.526,-0.659,0.613,0.566,0.551,-0.492,-0.862,0.123,0.094,0.6,0.795,-0.383,-0.92,-0.077,0.238,0.566,0.789,-0.64,-0.64,-0.426,0.12,0.81,0.575,-0.913,-0.365,0.183,0.349,-0.801,0.486,-0.116,0.93,-0.349,none
12.748766,0.228,-0.022,0.973,0.539,-0.823,-0.177,0.017,-0.152,-0.988,0.842,0.449,-0.299,0.964,0.26,0.062,0.506,0.841,0.192,0.661,0.122,0.74,0.579,0.805,0.129,0.773,0.173,0.61,0.422,0.897,-0.131,0.807,0.005,0.591,-0.437,0.285,0.853,-0.973,-0.206,-0.101,none
19.313077,0.099,0.772,0.628,0.385,0.275,-0.881,0.402,-0.797,-0.452,0.786,-0.285,0.548,-0.873,0.436,0.218,0.856,-0.116,0.503,-0.831,0.055,0.554,0.901,-0.152,0.407,-0.759,0.552,0.345,0.984,0.029,-0.173,-0.584,0.409,0.701,0.088,0.909,0.407,0.549,-0.768,-0.329,rock
53.923854,0.725,-0.574,0.38,0.557,0.658,-0.506,-0.681,0.407,-0.609,0.314,0.913,0.26,-0.975,-0.2,0.1,-0.443,0.769,0.461,-0.777,0.047,-0.628,-0.802,-0.045,0.596,-0.449,0.4,-0.799,-0.633,-0.689,0.353,0.345,0.552,0.759,-0.743,-0.577,0.34,-0.082,-0.907,-0.412,none
20.802602,0.051,0.764,0.643,-0.504,-0.42,-0.755,0.502,-0.746,-0.438,0.775,-0.337,0.535,-0.633,-0.0,-0.774,0.862,-0.167,0.478,-0.936,-0.085,-0.341,0.891,-0.206,0.404,-0.819,0.0,-0.573,0.983,-0.024,-0.183,-1.0,-0.0,-0.0,0.082,0.932,0.352,-0.515,-0.441,-0.735,rock
26.311471,0.692,0.193,0.696,-0.77,-0.022,-0.638,-0.573,-0.581,-0.579,0.709,0.45,0.543,0.843,0.321,-0.432,0.092,0.508,0.856,0.911,0.214,0.353,0.214,0.477,0.852,0.963,0.023,0.27,0.118,0.756,0.644,0.951,0.199,0.238,0.218,-0.611,0.761,-0.741,-0.127,-0.659,none
1.299821,-0.128,0.949,0.289,0.953,-0.28,0.112,0.757,-0.646,0.101,0.844,0.103,-0.526,0.937,-0.156,-0.312,0.725,0.288,0.626,0.0,-0.091,0.996,0.85,0.125,0.512,0.432,-0.259,0.864,0.964,-0.023,0.264,0.667,-0.133,0.733,0.948,0.042,0.315,0.231,0.196,-0.953,paper
53.961926,0.734,-0.562,0.38,0.669,0.724,-0.167,-0.688,0.37,-0.625,0.335,0.867,0.368,-0.896,-0.24,-0.374,-0.734,-0.192,0.652,-0.385,0.402,-0.831,-0.752,-0.555,0.356,-0.36,0.337,-0.87,-0.65,-0.696,0.304,-0.555,0.62,0.555,-0.738,-0.567,0.367,0.226,-0.566,-0.793,none
44.245381,-0.681,0.194,0.706,-0.171,-0.984,-0.052,0.811,-0.418,-0.41,0.43,0.4,-0.81,-0.705,-0.474,-0.527,0.411,0.848,-0.335,-0.507,0.069,-0.859,0.493,0.844,-0.213,-0.6,0.345,-0.722,0.307,0.947,0.096,-0.848,0.254,-0.466,-0.05,0.996,0.079,-0.16,-0.662,-0.732,none
14.257119,0.022,0.454,0.891,-0.931,-0.276,0.238,0.445,-0.598,-0.666,0.906,-0.327,-0.267,-0.905,0.124,-0.408,0.984,0.035,-0.172,-0.793,-0.015,-0.609,0.943,0.072,-0.324,-0.855,0.041,-0.518,0.834,0.31,-0.457,-0.93,-0.07,-0.36,0.254,-0.008,0.967,0.628,0.601,0.494,none
2.081814,-0.007,-0.282,0.959,-0.183,-0.365,0.913,0.214,0.146,-0.966,0.688,0.711,0.146,0.276,0.921,-0.276,-0.149,0.912,0.383,-0.611,0.679,0.407,-0.026,0.887,0.461,-0.225,0.899,0.375,-0.126,0.962,0.244,0.072,0.862,0.503,-0.618,0.353,0.703,-0.873,0.47,0.134,none
4.566322,0.068,-0.169,0.983,0.049,0.706,-0.706,0.164,0.024,-0.986,0.769,0.572,0.287,-0.726,-0.562,-0.397,-0.234,0.764,0.602,0.111,-0.185,-0.976,-0.173,0.668,0.724,-0.152,0.028,-0.988,-0.251,0.789,0.561,-0.54,-0.335,-0.772,-0.497,0.22,0.84,0.518,-0.641,-0.567,none
15.682389,-0.18,0.95,0.254,0.054,-0.95,-0.308,0.664,-0.716,0.216,0.805,0.046,-0.592,-0.817,0.056,0.573,0.811,0.26,0.524,-0.83,-0.146,-0.538,0.895,0.079,0.439,-0.849,0.045,-0.527,0.965,-0.019,0.262,-0.928,0.159,-0.336,0.902,0.169,0.398,-0.896,-0.069,-0.439,paper
45.762338,-0.592,0.346,0.728,0.645,-0.01,0.764,0.797,-0.528,-0.293,0.548,0.447,-0.707,0.379,-0.912,-0.154,0.237,0.967,-0.089,-0.547,-0.392,0.739,0.151,0.988,0.029,-0.247,-0.383,0.89,0.343,0.933,0.11,-0.724,-0.362,0.588,0.263,0.954,0.14,-0.553,0.056,0.831,none
11.051101,-0.142,0.953,0.269,-0.253,0.632,0.733,0.405,-0.865,0.297,0.83,0.033,-0.557,0.838,0.431,-0.335,0.782,0.235,0.578,0.321,0.592,0.74,0.87,0.065,0.489,0.555,0.479,0.681,0.956,-0.05,0.289,0.627,0.426,0.652,0.899,0.143,0.415,0.425,0.482,0.766,paper
10.00902,-0.146,0.95,0.277,0.459,0.561,-0.689,0.59,-0.757,0.28,0.833,0.05,-0.551,-0.078,-0.755,-0.651,0.775,0.241,0.585,0.629,-0.765,-0.137,0.866,0.073,0.495,0.499,-0.841,-0.21,0.954,-0.045,0.296,0.268,-0.894,-0.358,0.894,0.138,0.427,0.471,-0.61,-0.637,paper
48.314908,0.761,-0.431,0.485,-0.212,-0.779,-0.59,-0.661,0.344,-0.667,0.225,0.201,0.953,-0.989,0.0,0.145,-0.816,-0.176,0.551,-0.494,-0.676,-0.546,-0.766,-0.233,0.6,-0.548,-0.522,-0.653,-0.763,-0.305,0.571,-0.536,-0.357,-0.765,-0.478,-0.75,0.458,-0.796,0.058,-0.602,none
11.62021,-0.019,0.799,0.601,-0.14,0.14,0.98,-0.277,-0.936,-0.217,0.736,-0.387,0.556,0.136,-0.272,-0.953,0.84,-0.227,0.492,-0.894,-0.0,-0.447,0.862,-0.245,0.443,-0.243,-0.0,-0.97,0.987,-0.067,-0.148,-0.845,0.169,-0.507,0.119,0.943,0.312,-0.83,0.207,-0.518,rock
11.469879,-0.037,0.957,0.288,-0.283,0.59,0.756,0.234,-0.944,0.232,0.847,-0.044,-0.53,0.871,0.435,-0.229,0.774,0.157,0.613,0.228,0.592,0.774,0.849,-0.016,0.529,0.453,0.5,0.738,0.932,-0.134,0.336,0.535,0.442,0.721,0.895,0.043,0.445,0.345,0.451,0.823,paper
20.737001,-0.06,0.728,0.683,0.103,0.795,0.598,0.136,-0.878,-0.46,0.841,-0.428,0.33,0.781,-0.436,0.446,0.979,-0.079,0.186,0.926,-0.111,0.362,0.871,0.034,0.49,0.86,-0.188,0.474,0.859,0.066,0.508,0.836,-0.131,0.534,0.029,0.863,0.504,0.109,0.839,0.533,scissors
17.167293,-0.055,0.729,0.682,-0.111,0.517,0.849,0.751,-0.364,-0.551,0.82,-0.442,0.363,0.956,-0.291,-0.042,0.971,-0.105,0.215,0.996,0.091,0.0,0.879,-0.013,0.477,0.751,0.209,0.626,0.871,0.014,0.492,0.523,0.282,0.805,0.069,0.862,0.502,-0.438,0.804,0.402,scissors
46.782124,-0.447,0.267,0.853,-0.706,-0.706,0.044,0.604,-0.484,-0.633,0.607,0.707,-0.362,-0.606,0.792,0.081,-0.036,0.995,0.088,-0.517,0.263,-0.814,0.009,0.97,0.243,-0.624,0.391,-0.677,0.069,0.935,0.347,-0.663,0.514,-0.544,0.25,0.683,0.686,-0.696,0.645,-0.315,none
26.34792,-0.015,0.72,0.694,-0.042,-0.647,-0.762,0.642,-0.587,-0.493,0.851,-0.396,0.346,-0.878,0.349,-0.328,0.975,-0.053,0.216,-0.988,-0.0,-0.154,0.863,-0.021,0.506,-0.809,0.021,-0.588,0.855,0.031,0.517,-0.819,0.0,-0.574,0.055,0.85,0.524,-0.021,-0.819,-0.574,scissors
25.915993,0.001,0.821,0.571,0.112,0.798,0.592,-0.191,-0.964,-0.187,0.713,-0.387,0.584,0.762,-0.336,0.553,0.82,-0.237,0.521,0.825,-0.17,0.538,0.842,-0.238,0.484,0.858,-0.168,0.486,0.993,-0.067,-0.099,0.998,0.018,-0.055,0.17,0.938,0.3,0.053,0.938,0.342,rock
22.061836,0.234,0.181,0.955,0.748,-0.374,-0.549,-0.062,-0.47,-0.88,0.947,0.309,-0.088,-0.139,0.228,0.964,0.522,0.73,0.44,-0.548,-0.258,0.796,0.549,0.6,0.582,-0.577,-0.45,0.681,0.427,0.903,-0.043,-0.66,-0.077,0.748,-0.253,0.353,0.901,-0.131,-0.991,-0.036,none
10.808545,-0.204,0.939,0.278,-0.123,0.929,0.35,0.549,-0.774,0.314,0.821,0.104,-0.562,0.774,0.099,-0.626,0.769,0.302,0.563,0.741,0.3,0.6,0.868,0.133,0.478,0.849,0.124,0.513,0.959,0.017,0.282,0.909,0.019,0.417,0.884,0.196,0.424,0.852,0.218,0.476,paper
3.327731,-0.149,0.75,0.644,0.316,-0.0,0.949,0.748,-0.579,-0.325,0.768,-0.539,0.347,0.192,0.192,-0.962,0.975,-0.175,0.138,-0.535,0.802,-0.267,0.906,0.04,0.422,-0.485,0.728,0.485,0.906,0.064,0.419,-0.57,0.456,0.684,0.051,0.897,0.439,-0.988,0.11,-0.11,scissors
19.274425,0.112,0.745,0.658,-0.074,0.446,-0.892,0.406,-0.805,-0.432,0.795,-0.28,0.538,-0.976,0.195,0.098,0.865,-0.102,0.491,-0.844,-0.13,0.52,0.913,-0.142,0.382,-0.786,0.437,0.437,0.978,0.046,-0.205,-0.596,0.298,0.745,0.064,0.905,0.421,0.53,-0.53,-0.662,rock
25.417896,0.435,0.555,0.709,0.591,-0.338,-0.732,-0.377,-0.797,-0.471,0.991,-0.032,0.129,-0.735,-0.512,0.445,0.531,0.207,0.822,-0.692,-0.72,0.055,0.572,0.028,0.82,-0.646,-0.73,-0.225,0.499,0.453,0.739,-0.797,-0.603,-0.022,0.192,-0.158,0.969,-0.745,-0.638,-0.195,none
5.948631,-0.058,0.824,0.563,-0.181,0.665,0.725,0.667,-0.679,-0.307,0.725,-0.514,0.458,0.81,-0.583,0.065,0.939,-0.188,0.287,0.979,-0.202,0.034,0.916,-0.095,0.389,0.878,0.188,0.439,0.923,-0.074,0.377,0.745,0.259,0.615,0.179,0.853,0.491,-0.259,0.922,0.288,scissors
7.062743,0.045,0.808,0.587,0.199,0.896,-0.398,0.636,-0.555,-0.537,0.735,-0.343,0.585,-0.588,0.196,0.784,0.828,-0.19,0.528,-0.445,-0.089,0.891,0.864,-0.196,0.463,-0.248,0.62,0.744,0.992,-0.02,-0.122,-0.115,0.577,0.808,0.147,0.924,0.354,0.707,0.707,-0.0,rock
2.591823,0.012,-0.293,0.956,0.0,-0.0,0.0,0.179,0.156,-0.971,0.689,0.705,0.165,0.302,0.302,-0.905,-0.154,0.901,0.406,-0.857,-0.0,0.514,-0.024,0.877,0.481,-0.894,0.447,0.0,-0.124,0.957,0.261,-0.707,0.424,0.566,-0.616,0.338,0.712,-0.981,0.0,-0.196,none
25.985292,0.004,0.786,0.618,0.074,0.786,0.614,-0.28,-0.914,-0.292,0.763,-0.361,0.536,0.798,-0.399,0.452,0.858,-0.188,0.479,0.822,-0.18,0.54,0.88,-0.226,0.417,0.89,-0.183,0.419,0.984,-0.044,-0.171,0.989,0.055,-0.137,0.096,0.937,0.335,-0.098,0.958,0.27,rock
28.298456,0.547,-0.086,0.833,0.577,-0.577,-0.577,-0.551,-0.216,-0.806,0.498,0.495,0.712,0.561,0.825,-0.066,-0.048,0.553,0.832,0.269,0.471,0.84,0.163,0.577,0.8,0.698,0.266,0.665,0.013,0.826,0.564,0.549,0.549,0.631,-0.403,-0.137,0.905,-0.473,-0.473,-0.743,none
4.140165,0.05,-0.225,0.973,0.466,0.233,-0.854,0.225,0.096,-0.97,0.75,0.616,0.24,-0.824,-0.549,-0.137,-0.138,0.844,0.518,-0.507,-0.845,-0.169,0.003,0.806,0.592,-0.303,-0.808,-0.505,-0.091,0.918,0.386,-0.577,-0.808,-0.115,-0.518,0.299,0.801,-0.207,-0.518,-0.83,none
28.07899,0.522,-0.06,0.851,0.966,-0.0,0.258,-0.568,-0.213,-0.795,0.504,0.48,0.718,0.997,-0.071,-0.0,-0.078,0.539,0.838,0.384,-0.269,0.883,0.135,0.561,0.817,0.579,-0.331,0.745,-0.01,0.805,0.593,0.445,0.283,0.85,-0.403,-0.124,0.907,-0.796,-0.428,-0.428,none
22.777166,-0.039,0.68,0.732,0.084,-0.616,-0.784,-0.123,-0.889,-0.442,0.88,-0.363,0.305,-0.863,0.37,-0.345,0.986,0.001,0.165,-0.995,0.071,-0.071,0.822,0.062,0.566,-0.82,-0.025,-0.572,0.812,0.098,0.576,-0.874,0.0,-0.486,-0.023,0.837,0.547,-0.102,-0.82,-0.564,scissors
12.214915,-0.163,-0.246,0.955,0.535,-0.267,-0.802,0.566,0.18,-0.805,0.836,0.034,-0.548,0.64,-0.64,-0.426,-0.523,0.716,0.463,0.0,0.707,0.707,-0.443,0.615,0.652,0.282,0.282,0.917,-0.327,0.629,0.705,0.336,0.067,0.94,-0.875,0.431,0.218,-0.095,0.953,-0.286,none
15.638714,-0.198,0.737,0.646,0.448,0.611,-0.652,0.855,-0.171,-0.49,0.783,-0.551,0.289,-0.483,-0.097,0.87,0.967,-0.218,0.134,-0.345,-0.191,0.919,0.918,0.088,0.388,0.204,-0.937,-0.285,0.915,0.106,0.39,0.05,-0.952,-0.301,0.063,0.926,0.372,0.967,-0.114,0.228,scissors
15.275342,-0.216,-0.191,0.958,0.667,0.741,0.074,0.692,0.227,-0.685,0.729,0.121,-0.674,-0.094,0.749,-0.656,0.758,0.508,-0.409,-0.16,0.958,0.239,0.741,0.463,-0.487,0.862,0.492,0.123,-0.279,0.717,0.639,-0.138,0.208,0.968,-0.709,0.651,0.271,0.667,0.333,-0.667,none
38.113886,0.556,-0.349,0.755,0.818,0.532,0.218,-0.45,0.262,-0.854,0.615,0.66,0.432,-0.94,-0.332,-0.077,-0.074,0.835,0.545,-0.725,-0.019,-0.688,0.019,0.906,0.422,-0.838,-0.08,-0.539,-0.238,0.932,0.273,-0.939,-0.049,-0.34,-0.689,-0.019,0.724,-0.406,-0.238,0.882,none
24.817759,-0.222,0.754,0.618,0.619,0.722,-0.309,0.82,-0.52,-0.239,0.769,-0.573,0.284,0.873,-0.218,-0.436,0.958,-0.246,0.145,0.832,0.0,0.555,0.939,0.05,0.339,0.784,0.196,0.588,0.928,0.12,0.352,-0.0,0.394,0.919,0.093,0.937,0.337,-0.762,0.635,0.127,scissors
27.367158,-0.072,0.645,0.761,0.099,0.716,0.691,0.493,-0.749,-0.443,0.896,-0.367,0.252,0.877,-0.392,0.277,0.993,0.005,0.12,0.959,-0.047,0.281,0.82,0.115,0.56,0.837,-0.068,0.543,0.8,0.166,0.577,0.751,0.023,0.66,-0.069,0.849,0.523,-0.089,0.868,0.489,scissors
5.501949,-0.024,0.886,0.464,-0.222,-0.971,-0.083,0.652,-0.695,-0.302,0.627,-0.409,0.663,-0.302,0.302,-0.905,0.748,-0.302,0.592,-0.535,0.366,-0.761,0.779,-0.242,0.579,-0.493,0.156,-0.856,0.996,-0.086,0.009,-0.897,0.125,-0.424,0.284,0.918,0.277,-0.692,-0.641,-0.333,rock
32.065828,0.402,-0.256,0.879,0.391,-0.223,-0.893,-0.305,0.029,-0.952,0.433,0.251,0.866,0.741,0.667,0.074,-0.687,0.029,0.726,-0.172,0.573,0.802,-0.482,-0.027,0.876,0.211,-0.448,0.869,-0.472,0.148,0.869,0.915,-0.4,0.057,-0.438,0.141,0.888,0.116,-0.487,-0.866,none
5.646378,-0.074,0.945,0.318,0.236,-0.236,0.943,0.717,-0.685,0.129,0.869,0.036,-0.494,0.667,0.667,-0.333,0.725,0.223,0.651,-0.802,0.267,0.535,0.83,0.061,0.554,-0.784,0.588,0.196,0.935,-0.064,0.35,-0.667,0.477,0.572,0.883,0.081,0.462,-0.963,0.12,0.241,paper
20.291188,0.067,0.769,0.636,0.162,0.162,-0.973,0.432,-0.806,-0.404,0.778,-0.322,0.539,-0.936,0.341,0.085,0.86,-0.149,0.487,-0.868,0.0,0.496,0.897,-0.184,0.403,-0.778,0.545,0.311,0.983,0.003,-0.186,-0.651,0.391,0.651,0.082,0.923,0.376,0.485,-0.728,-0.485,rock
2.079997,-0.015,-0.267,0.964,-0.236,0.236,-0.943,0.194,0.171,-0.966,0.698,0.701,0.146,-0.514,-0.0,-0.857,-0.141,0.908,0.394,-0.873,-0.436,-0.218,-0.012,0.882,0.472,-0.436,-0.218,-0.873,-0.117,0.957,0.267,-0.962,0.192,-0.192,-0.604,0.358,0.712,-0.707,-0.0,-0.707,none
6.285135,-0.069,0.952,0.299,0.636,0.742,-0.212,0.73,-0.675,0.11,0.86,0.03,-0.51,0.389,-0.291,-0.874,0.74,0.215,0.638,0.596,-0.298,0.745,0.84,0.049,0.54,0.845,-0.507,0.169,0.94,-0.079,0.333,0.218,-0.436,0.873,0.889,0.077,0.451,0.832,-0.0,-0.555,paper
8.647439,-0.162,-0.095,0.982,-0.555,0.619,0.555,0.527,0.022,-0.85,0.771,0.636,-0.022,-0.898,0.223,-0.381,-0.091,0.851,0.518,-0.248,0.511,-0.823,0.05,0.783,0.62,-0.344,0.646,-0.682,0.22,0.951,0.218,0.945,0.2,0.258,-0.732,0.602,0.319,-0.471,0.672,0.572,none
5.438871,-0.136,0.799,0.585,0.491,0.552,0.674,0.692,-0.651,-0.313,0.727,-0.557,0.401,0.964,0.148,0.222,0.949,-0.224,0.222,0.707,0.566,0.424,0.926,-0.011,0.377,0.436,-0.218,0.873,0.93,0.016,0.368,0.173,-0.115,0.978,0.138,0.887,0.44,-0.485,0.485,0.728,scissors
3.214757,-0.121,0.953,0.279,0.089,-0.178,0.98,0.751,-0.643,0.147,0.846,0.083,-0.527,0.68,0.68,0.272,0.746,0.264,0.611,-0.697,0.348,0.627,0.857,0.098,0.506,-0.605,0.605,0.518,0.957,-0.026,0.289,-0.471,0.529,0.706,0.899,0.141,0.414,-0.778,0.078,0.623,paper
3.093666,-0.015,-0.292,0.956,-0.298,0.596,0.745,0.16,0.154,-0.975,0.675,0.721,0.158,0.323,0.323,-0.889,-0.16,0.904,0.395,0.0,0.981,0.196,-0.034,0.883,0.468,0.365,0.913,-0.183,-0.134,0.961,0.243,-0.0,0.97,0.243,-0.636,0.337,0.694,-0.527,0.843,-0.105,none
22.2675,-0.035,0.684,0.728,-0.575,-0.641,0.508,-0.017,-0.916,-0.4,0.87,-0.371,0.326,0.064,0.212,-0.975,0.983,-0.011,0.183,-0.231,0.369,-0.9,0.826,0.052,0.561,-0.417,0.904,0.093,0.814,0.093,0.573,-0.528,0.823,0.211,-0.005,0.835,0.55,-0.923,-0.164,-0.349,scissors
8.561114,0.121,0.845,0.521,-0.368,-0.631,-0.683,0.45,-0.405,-0.796,0.69,-0.29,0.664,-0.738,0.174,-0.652,0.771,-0.17,0.613,-0.927,0.046,-0.371,0.833,-0.127,0.538,-0.876,0.138,-0.461,0.999,0.034,-0.032,-0.996,0.041,0.083,0.241,0.886,0.397,-0.289,-0.723,-0.627,rock
8.751558,-0.096,0.944,0.316,-0.135,0.765,0.63,0.631,-0.753,0.185,0.862,0.041,-0.505,0.821,0.274,-0.502,0.735,0.234,0.636,0.424,0.424,0.8,0.83,0.073,0.553,0.649,0.3,0.699,0.936,-0.053,0.349,0.627,0.289,0.723,0.88,0.097,0.465,0.498,0.311,0.809,paper
6.094179,0.113,-0.202,0.973,0.814,0.349,-0.465,0.258,0.097,-0.961,0.792,0.541,0.283,0.384,-0.768,0.512,-0.212,0.798,0.565,-0.359,-0.359,0.862,-0.106,0.73,0.675,-0.0,-0.555,0.832,-0.087,0.868,0.489,-0.254,-0.254,0.933,-0.449,0.277,0.849,-0.196,-0.784,0.588,none
33.585702,0.461,-0.102,0.881,0.667,0.667,-0.333,-0.389,-0.133,-0.912,0.513,0.201,0.834,0.218,-0.436,-0.873,-0.684,0.05,0.728,-0.243,-0.97,-0.0,-0.287,0.152,0.946,-0.705,0.705,0.071,0.093,0.992,0.082,-0.986,-0.156,-0.052,-0.253,0.146,0.956,-0.173,-0.983,-0.058,none
6.582566,-0.073,0.954,0.292,0.098,0.976,0.195,0.669,-0.738,0.087,0.856,0.026,-0.517,0.726,-0.04,-0.686,0.748,0.211,0.629,0.7,0.14,0.7,0.846,0.041,0.532,0.853,0.0,0.521,0.943,-0.087,0.322,0.847,-0.053,0.529,0.894,0.084,0.441,0.893,0.064,0.446,paper
4.393076,-0.087,0.949,0.304,0.302,-0.905,0.302,0.724,-0.677,0.129,0.862,0.052,-0.505,-0.0,0.316,-0.949,0.732,0.234,0.64,-0.873,0.218,0.436,0.838,0.071,0.541,-0.816,0.408,-0.408,0.942,-0.054,0.33,-0.762,0.457,0.457,0.887,0.094,0.451,-0.885,0.147,-0.442,paper
31.979453,0.387,-0.298,0.872,-0.242,-0.645,-0.725,-0.331,0.006,-0.944,0.449,0.234,0.862,0.252,0.956,-0.151,-0.691,0.024,0.723,-0.464,0.571,0.678,-0.505,-0.052,0.861,0.052,-0.156,0.986,-0.481,0.124,0.868,0.487,0.433,0.758,-0.464,0.176,0.868,0.327,-0.273,-0.905,none
22.818918,0.475,0.28,0.834,0.0,-1.0,0.0,-0.408,-0.59,-0.697,0.94,0.219,0.263,0.704,0.66,-0.264,0.329,0.449,0.831,0.704,-0.101,0.704,0.318,0.166,0.933,-0.869,0.304,-0.391,0.244,0.586,0.773,-0.847,0.529,-0.053,-0.105,0.047,0.993,-0.947,0.063,-0.316,none
43.213162,-0.639,0.604,0.476,-0.992,0.124,0.0,0.792,-0.601,-0.104,0.523,-0.383,-0.761,-0.946,-0.12,-0.301,0.86,0.365,-0.356,-0.667,-0.024,-0.744,0.715,0.687,-0.129,0.5,0.639,-0.584,0.573,0.813,-0.102,0.66,0.66,-0.36,0.389,0.909,0.151,-0.902,-0.021,0.431,none
4.480987,0.008,0.762,0.648,-0.962,-0.192,-0.192,0.514,-0.795,-0.321,0.77,-0.367,0.522,-0.207,-0.518,-0.83,0.868,-0.191,0.459,-0.557,-0.743,-0.371,0.887,-0.234,0.399,-0.333,-0.667,-0.667,0.98,-0.049,-0.193,-0.857,-0.429,-0.286,0.073,0.941,0.33,-0.594,0.254,-0.763,rock
7.114934,0.043,0.555,0.831,0.985,0.131,0.109,0.295,-0.6,-0.744,0.979,0.171,-0.115,0.53,-0.43,0.731,0.345,0.648,0.679,-0.232,-0.408,0.883,0.418,0.55,0.723,-0.035,-0.56,0.828,0.364,0.63,0.686,0.041,-0.516,0.856,0.227,0.294,0.929,-0.033,-0.87,0.492,none
10.685677,-0.007,-0.062,0.998,0.286,-0.745,-0.602,0.282,0.043,-0.959,0.635,0.771,0.042,0.969,-0.065,0.24,-0.263,0.877,0.402,0.286,-0.503,0.815,0.14,0.775,0.616,0.373,-0.726,0.578,0.18,0.642,-0.745,-0.942,-0.205,0.265,-0.618,0.613,0.493,-0.712,-0.648,0.271,none
56.47192,0.676,-0.604,0.421,-0.953,-0.272,0.136,-0.618,0.419,-0.665,-0.042,-0.36,0.932,0.894,-0.447,0.0,-0.732,-0.642,0.228,-0.87,-0.348,0.348,-0.758,-0.606,0.24,-0.97,-0.0,-0.243,-0.786,-0.592,0.18,-0.725,0.198,-0.659,-0.77,-0.53,0.355,0.196,0.981,0.0,none
28.387007,-0.04,0.7,0.713,0.0,0.857,-0.514,0.544,-0.719,-0.433,0.857,-0.394,0.333,-0.743,-0.557,0.371,0.979,-0.048,0.2,-0.422,-0.527,0.738,0.855,0.008,0.518,0.272,-0.68,-0.68,0.841,0.063,0.537,-0.302,-0.905,-0.302,0.034,0.851,0.524,0.426,0.64,-0.64,scissors
18.841731,0.047,0.875,-0.482,-0.497,-0.781,0.379,0.281,-0.219,0.934,0.021,-0.527,0.85,0.998,0.068,-0.017,0.087,-0.796,0.598,0.871,0.103,0.48,0.122,-0.928,0.353,0.716,0.039,0.697,0.32,-0.157,0.934,0.975,-0.212,0.059,0.857,-0.501,0.119,0.414,0.16,-0.896,none
0.305512,0.036,0.794,0.607,0.993,0.083,-0.083,0.545,-0.74,-0.393,0.745,-0.354,0.566,0.316,0.949,0.0,0.844,-0.187,0.502,0.27,0.595,0.757,0.872,-0.213,0.441,0.428,0.796,0.428,0.987,-0.04,-0.156,-0.0,0.928,0.371,0.121,0.943,0.311,0.818,-0.545,0.182,rock
0.372662,-0.161,0.753,0.637,-0.212,0.636,0.742,0.796,-0.534,-0.285,0.753,-0.569,0.331,0.768,-0.512,-0.384,0.968,-0.203,0.149,0.973,-0.162,-0.162,0.914,0.039,0.403,0.855,0.367,0.367,0.919,0.069,0.387,0.267,0.535,0.802,0.068,0.9,0.43,-0.662,0.745,0.083,scissors
5.100648,-0.087,0.949,0.302,-0.577,0.577,0.577,0.728,-0.682,0.077,0.861,0.053,-0.505,0.267,0.535,-0.802,0.733,0.235,0.639,-0.686,0.514,0.514,0.84,0.07,0.539,-0.316,0.949,0.0,0.942,-0.057,0.331,-0.53,0.662,0.53,0.887,0.092,0.452,-0.857,0.514,0.0,paper
56.024734,0.681,-0.596,0.425,-1.0,-0.0,0.0,-0.623,0.44,-0.647,-0.04,-0.344,0.938,0.832,-0.0,-0.555,-0.741,-0.63,0.231,-0.8,0.0,0.6,-0.764,-0.593,0.253,-0.894,0.447,0.0,-0.785,-0.594,0.178,-0.83,0.207,-0.518,-0.75,-0.525,0.403,-0.444,0.444,0.778,none
33.591212,0.11,0.818,0.565,0.68,-0.68,-0.272,0.23,-0.939,-0.255,0.743,-0.292,0.602,-0.328,0.524,-0.786,0.815,-0.143,0.562,-0.745,0.596,-0.298,0.864,-0.137,0.485,-0.497,0.497,-0.711,0.996,0.033,-0.083,-0.878,0.439,-0.188,0.18,0.893,0.413,-0.725,-0.653,-0.218,rock
5.307459,-0.082,0.947,0.31,-0.894,0.0,0.447,0.699,-0.709,0.089,0.865,0.042,-0.5,0.485,0.728,-0.485,0.73,0.227,0.645,-0.686,0.514,0.514,0.836,0.064,0.545,-0.447,0.894,0.0,0.939,-0.061,0.338,-0.456,0.684,0.57,0.887,0.088,0.454,-0.696,0.696,0.174,paper
18.326286,0.157,0.983,-0.096,0.92,-0.141,0.365,0.174,-0.668,0.724,0.463,-0.869,0.173,0.765,0.38,0.519,0.675,-0.652,0.345,0.166,0.267,0.949,0.695,-0.708,0.124,0.18,0.0,0.984,0.828,-0.377,0.415,0.285,0.256,0.924,0.87,-0.055,0.49,-0.375,-0.405,0.833,none
4.143298,-0.084,0.95,0.3,0.64,-0.64,0.426,0.687,-0.722,0.082,0.855,0.062,-0.515,0.707,0.707,-0.0,0.74,0.235,0.63,-0.772,0.154,0.617,0.846,0.068,0.529,-0.802,0.535,0.267,0.947,-0.061,0.315,-0.667,0.333,0.667,0.892,0.087,0.443,-1.0,0.0,-0.0,paper
24.322394,0.294,0.116,0.949,-0.031,0.968,0.25,-0.322,-0.416,-0.85,0.912,0.41,0.028,0.85,-0.466,-0.247,0.483,0.709,0.514,0.905,-0.154,0.397,0.415,0.553,0.722,0.903,-0.296,0.311,0.251,0.857,0.45,0.862,0.16,0.481,-0.272,0.303,0.913,0.755,0.394,0.525,none
9.078798,0.043,0.846,0.532,0.043,0.848,0.528,0.528,-0.473,-0.705,0.691,-0.359,0.628,0.684,-0.403,0.609,0.791,-0.231,0.567,0.771,-0.266,0.578,0.825,-0.209,0.526,0.802,-0.219,0.556,0.998,-0.046,-0.049,0.998,-0.047,0.038,0.218,0.923,0.318,0.135,0.951,0.278,rock
25.915809,0.008,0.865,0.501,0.132,0.775,0.618,-0.148,-0.958,-0.246,0.681,-0.391,0.619,0.773,-0.325,0.545,0.792,-0.26,0.553,0.836,-0.155,0.526,0.816,-0.239,0.527,0.872,-0.162,0.462,0.996,-0.076,-0.049,0.997,0.026,-0.071,0.221,0.932,0.288,0.042,0.934,0.354,rock
18.207282,0.089,0.938,0.336,0.376,-0.27,-0.886,0.637,-0.629,-0.447,0.886,-0.19,-0.423,-0.706,-0.691,-0.154,0.738,0.038,0.673,-0.03,-0.791,-0.612,0.779,-0.123,0.615,-0.208,-0.714,-0.669,0.862,-0.224,0.455,-0.422,-0.633,-0.648,0.853,-0.091,0.513,-0.156,-0.498,-0.853,paper
21.247144,-0.16,0.76,0.63,0.126,0.923,-0.364,0.179,-0.92,-0.35,0.783,-0.533,0.321,-0.106,-0.516,0.85,0.961,-0.209,0.179,0.158,-0.531,0.832,0.925,0.026,0.378,0.597,-0.758,-0.262,0.918,0.072,0.389,0.653,-0.715,-0.249,0.098,0.913,0.395,0.89,0.422,0.172,scissors
32.148946,0.388,-0.287,0.876,0.272,-0.136,-0.953,-0.323,0.02,-0.946,0.45,0.228,0.863,-0.174,0.696,0.696,-0.671,0.027,0.741,0.156,0.937,0.312,-0.452,-0.012,0.892,0.557,-0.743,0.371,-0.455,0.175,0.873,0.382,-0.725,-0.573,-0.396,0.11,0.911,-0.045,-0.605,-0.795,none
16.386856,-0.332,0.462,0.822,0.738,0.671,-0.067,0.775,-0.397,-0.491,0.83,-0.193,-0.523,0.333,-0.667,0.667,0.906,0.415,-0.082,-0.168,-0.337,0.926,0.9,0.431,-0.071,0.154,-0.772,0.617,0.712,0.701,-0.035,-0.13,-0.391,0.911,0.045,0.877,0.478,-0.229,-0.688,0.688,none
10.174345,-0.042,-0.172,0.984,0.688,-0.229,-0.688,0.351,0.069,-0.934,0.545,0.406,0.733,-0.628,-0.097,-0.772,-0.646,0.565,0.514,0.656,-0.656,-0.375,-0.13,0.689,0.713,-0.905,0.302,-0.302,0.188,0.558,-0.808,0.408,0.816,0.408,-0.688,0.587,0.426,0.302,0.302,-0.905,none
19.274154,0.103,0.764,0.637,-0.236,-0.754,0.613,0.422,-0.771,-0.478,0.784,-0.302,0.543,0.186,-0.093,-0.978,0.859,-0.127,0.495,0.066,0.132,-0.989,0.901,-0.159,0.403,0.0,-0.217,-0.976,0.983,0.026,-0.18,-0.564,-0.102,-0.82,0.091,0.912,0.4,-0.91,0.0,-0.414,rock
26.857877,-0.023,0.762,0.648,0.043,0.676,0.736,0.699,-0.502,-0.509,0.813,-0.433,0.389,0.888,-0.368,0.278,0.959,-0.11,0.263,0.981,-0.009,0.196,0.891,-0.079,0.447,0.822,-0.017,0.569,0.89,-0.02,0.456,0.774,0.044,0.632,0.128,0.859,0.496,-0.078,0.85,0.521,scissors
11.278864,-0.133,-0.281,0.951,-0.79,0.54,0.291,0.526,0.187,-0.83,0.87,0.054,-0.49,0.717,-0.574,-0.395,-0.547,0.7,0.459,0.296,0.955,-0.033,-0.519,0.592,0.617,0.588,0.784,0.196,-0.282,0.731,0.621,-0.756,0.441,-0.483,-0.846,0.434,0.311,0.257,0.964,-0.064,none
32.494079,0.406,-0.209,0.889,0.742,0.636,-0.212,-0.305,-0.025,-0.952,0.475,0.215,0.853,-0.0,-0.8,-0.6,-0.682,0.01,0.731,0.436,0.873,0.218,-0.422,-0.036,0.906,0.768,-0.64,0.0,-0.408,0.162,0.898,0.563,-0.307,0.767,-0.378,0.11,0.919,0.206,0.928,0.309,none
5.949937,-0.074,0.949,0.307,-0.832,0.0,0.555,0.729,-0.679,0.086,0.862,0.032,-0.506,0.485,0.728,-0.485,0.734,0.219,0.643,-0.625,0.469,0.625,0.838,0.054,0.543,-0.436,0.873,0.218,0.937,-0.069,0.341,-0.662,0.53,0.53,0.886,0.082,0.456,-0.911,0.391,0.13,paper
18.449552,0.262,0.918,-0.297,0.878,-0.224,0.423,0.172,-0.456,0.873,0.3,-0.827,0.475,0.804,0.405,0.435,0.46,-0.749,0.476,0.244,0.305,0.921,0.511,-0.827,0.235,0.451,0.042,0.892,0.656,-0.533,0.535,0.273,0.357,0.893,0.889,-0.246,0.387,-0.52,-0.429,0.738,none
28.380995,0.516,-0.051,0.855,0.667,-0.667,0.333,-0.551,-0.216,-0.806,0.479,0.527,0.702,0.671,0.741,-0.023,-0.06,0.582,0.811,0.395,0.169,0.903,0.154,0.602,0.783,0.692,-0.029,0.721,0.001,0.843,0.538,0.555,0.479,0.681,-0.376,-0.12,0.919,-0.867,-0.473,-0.158,none
10.685801,0.057,-0.012,0.998,0.171,-0.738,-0.652,0.282,0.033,-0.959,0.713,0.701,0.003,0.978,0.052,0.204,0.015,0.852,0.523,0.476,-0.414,0.776,0.147,0.718,0.68,0.309,-0.788,0.532,0.068,0.969,-0.237,-0.94,-0.337,0.049,-0.633,0.613,0.473,-0.842,0.116,0.527,none
7.471971,-0.089,0.95,0.3,-0.267,0.802,-0.535,0.699,-0.707,0.107,0.855,0.039,-0.518,0.272,-0.136,-0.953,0.747,0.224,0.626,0.0,-0.447,0.894,0.843,0.059,0.534,0.894,-0.447,-0.0,0.942,-0.069,0.328,-0.707,0.0,0.707,0.891,0.095,0.445,-0.873,-0.218,-0.436,paper
9.518534,-0.187,0.808,0.559,0.006,-0.802,-0.597,-0.142,-0.892,-0.429,0.725,-0.59,0.354,-0.745,0.5,-0.442,0.948,-0.264,0.178,-0.955,0.16,-0.251,0.949,0.054,0.311,-0.892,0.115,-0.437,0.944,0.086,0.317,-0.9,0.11,-0.421,0.126,0.922,0.366,-0.15,-0.851,-0.504,scissors
4.976539,-0.086,0.949,0.305,-0.302,-0.302,0.905,0.72,-0.689,0.086,0.86,0.04,-0.509,0.535,0.802,-0.267,0.738,0.227,0.636,-0.768,0.384,0.512,0.84,0.062,0.539,-0.557,0.743,0.371,0.942,-0.06,0.33,-0.577,0.577,0.577,0.888,0.097,0.449,-0.912,0.228,0.342,paper
2.401605,-0.111,0.946,0.305,-0.636,0.755,-0.159,0.779,-0.613,0.132,0.874,0.083,-0.48,0.096,0.574,-0.813,0.704,0.274,0.656,0.639,0.767,-0.064,0.833,0.111,0.542,0.717,0.598,-0.359,0.945,-0.007,0.327,0.532,0.828,-0.177,0.884,0.178,0.432,-0.073,0.913,0.402,paper
19.785571,0.084,0.763,0.641,-0.218,0.873,-0.436,0.425,-0.783,-0.455,0.779,-0.306,0.547,-0.905,0.302,-0.302,0.858,-0.134,0.497,-0.768,-0.0,0.64,0.898,-0.169,0.406,-0.64,0.64,0.426,0.983,0.016,-0.181,-0.577,0.577,0.577,0.086,0.916,0.392,-0.535,0.267,-0.802,rock
17.740762,0.08,0.763,0.641,0.557,-0.743,-0.371,0.375,-0.8,-0.468,0.784,-0.31,0.537,-0.28,0.466,-0.839,0.862,-0.133,0.49,-0.808,0.577,-0.115,0.899,-0.175,0.402,-0.398,0.597,-0.697,0.983,0.009,-0.184,-0.808,0.566,-0.162,0.081,0.919,0.385,-0.839,-0.466,-0.28,rock
25.915561,0.028,0.872,0.489,0.128,0.774,0.621,-0.094,-0.954,-0.286,0.675,-0.364,0.642,0.785,-0.312,0.535,0.778,-0.245,0.579,0.847,-0.131,0.515,0.812,-0.21,0.544,0.879,-0.148,0.453,0.998,-0.052,-0.028,0.995,0.045,-0.09,0.243,0.918,0.313,0.026,0.929,0.37,rock
18.925049,-0.003,0.852,-0.524,0.719,-0.563,0.407,0.281,-0.219,0.934,0.098,-0.244,0.965,0.538,0.538,-0.649,0.023,-0.51,0.86,0.529,0.827,-0.188,0.158,-0.422,0.893,-0.915,0.194,-0.353,0.534,0.039,0.845,0.504,0.107,-0.857,0.971,-0.187,0.152,0.518,0.019,-0.855,none
5.438274,-0.131,0.805,0.579,0.333,0.624,0.707,0.775,-0.583,-0.244,0.725,-0.557,0.404,0.943,-0.149,0.298,0.948,-0.227,0.225,0.9,0.284,0.331,0.929,-0.024,0.368,0.652,-0.14,0.745,0.933,0.001,0.359,0.462,-0.084,0.883,0.146,0.888,0.437,-0.343,0.685,0.643,scissors
30.209454,0.411,-0.015,0.911,-0.234,0.263,-0.936,-0.492,-0.253,-0.833,0.607,0.583,0.54,-0.704,-0.698,0.131,0.02,0.654,0.756,-0.638,-0.192,-0.746,0.218,0.655,0.724,-0.831,0.017,-0.557,0.053,0.909,0.414,-0.752,-0.212,-0.625,-0.335,-0.049,0.941,0.038,-0.056,-0.998,none
30.488923,0.042,0.878,0.478,-0.199,-0.708,-0.677,-0.561,-0.747,-0.356,0.634,-0.407,0.657,-0.811,0.232,-0.537,0.755,-0.303,0.582,-0.883,0.056,-0.467,0.78,-0.248,0.574,-0.904,0.111,-0.414,0.995,-0.095,0.006,-0.99,-0.064,0.128,0.278,0.926,0.255,-0.047,-0.879,-0.474,rock
19.78424,0.08,0.765,0.639,0.371,0.557,-0.743,0.421,-0.795,-0.437,0.782,-0.303,0.545,-0.13,0.391,-0.911,0.858,-0.133,0.495,-0.781,0.625,-0.0,0.897,-0.17,0.407,-0.298,0.596,-0.745,0.984,0.012,-0.175,-0.768,0.549,-0.329,0.084,0.917,0.391,-0.93,-0.116,-0.349,rock
0.995287,-0.119,0.949,0.292,-0.108,0.97,-0.216,0.771,-0.616,0.163,0.862,0.11,-0.495,0.365,-0.183,-0.913,0.723,0.274,0.634,0.816,0.408,-0.408,0.848,0.112,0.518,-0.0,0.316,-0.949,0.962,-0.034,0.272,-0.963,-0.12,-0.241,0.918,-0.225,0.327,-0.614,-0.566,0.55,paper
23.289515,-0.023,0.757,0.653,-0.084,-0.685,-0.723,0.321,-0.838,-0.442,0.826,-0.425,0.369,-0.859,0.342,-0.38,0.968,-0.087,0.236,-0.976,-0.008,-0.218,0.883,-0.03,0.469,-0.805,0.083,-0.587,0.878,0.02,0.478,-0.813,0.068,-0.578,0.09,0.857,0.507,-0.054,-0.799,-0.599,scissors
14.171334,0.024,0.751,0.66,-0.889,-0.323,-0.323,0.413,-0.83,-0.374,0.782,-0.358,0.51,-0.577,-0.541,-0.613,0.876,-0.178,0.449,-0.547,-0.665,-0.508,0.893,-0.231,0.385,-0.709,-0.63,-0.315,0.978,-0.044,-0.203,-0.745,-0.667,0.0,0.06,0.941,0.332,-0.241,-0.103,-0.965,rock
49.333876,0.749,-0.279,0.601,-0.975,0.119,0.189,-0.684,-0.009,-0.73,0.436,0.128,0.891,-0.008,0.619,-0.785,-0.666,-0.031,0.745,0.339,0.827,-0.448,-0.607,-0.093,0.789,0.353,0.874,-0.334,-0.647,-0.176,0.742,0.349,0.928,-0.129,-0.347,-0.721,0.6,0.128,0.985,0.112,none
3.602067,0.075,-0.252,0.965,-0.344,-0.258,-0.903,0.15,0.099,-0.984,0.744,0.629,0.226,-0.3,0.699,-0.649,-0.146,0.844,0.516,0.043,-0.514,-0.857,0.0,0.815,0.58,-0.268,-0.335,-0.904,-0.096,0.929,0.357,-0.382,-0.458,-0.802,-0.557,0.302,0.773,-0.136,-0.102,-0.985,none
10.601257,0.043,0.882,0.47,0.293,0.756,0.586,0.309,-0.917,-0.252,0.643,-0.358,0.677,0.754,-0.3,0.584,0.746,-0.255,0.615,0.812,-0.143,0.565,0.787,-0.196,0.586,0.859,-0.126,0.496,0.999,-0.046,0.024,0.998,0.056,-0.04,0.29,0.906,0.309,0.07,0.922,0.38,rock
4.674326,-0.104,0.78,0.617,0.27,-0.761,-0.589,0.796,-0.534,-0.285,0.749,-0.539,0.384,-0.646,0.669,-0.369,0.959,-0.199,0.202,-0.932,0.355,-0.067,0.921,-0.026,0.389,-0.963,-0.048,-0.265,0.921,-0.0,0.39,-0.978,-0.045,-0.205,0.115,0.887,0.448,-0.212,-0.92,-0.33,scissors
22.862374,0.001,0.72,0.694,-0.076,-0.637,-0.767,-0.008,-0.885,-0.466,0.852,-0.384,0.355,-0.89,0.311,-0.333,0.974,-0.037,0.223,-0.987,-0.032,-0.158,0.852,-0.005,0.524,-0.783,0.032,-0.622,0.846,0.035,0.532,-0.797,0.032,-0.603,0.047,0.839,0.542,-0.011,-0.793,-0.609,scissors
13.597762,-0.291,0.733,0.615,0.33,0.857,-0.396,0.852,-0.131,-0.506,0.745,-0.621,0.242,-0.422,-0.527,0.738,0.953,-0.293,0.074,-0.225,-0.375,0.899,0.942,0.128,0.309,0.473,-0.788,-0.394,0.932,0.164,0.325,0.381,-0.889,-0.254,0.06,0.958,0.28,0.911,0.391,0.13,scissors
27.368967,-0.051,0.69,0.722,-0.03,-0.692,-0.722,0.505,-0.735,-0.453,0.876,-0.388,0.287,-0.834,0.361,-0.417,0.987,-0.03,0.16,-0.987,0.027,-0.16,0.843,0.063,0.535,-0.822,0.057,-0.567,0.828,0.111,0.55,-0.863,0.056,-0.501,-0.01,0.857,0.516,-0.169,-0.788,-0.591,scissors
20.056245,0.203,0.895,-0.396,-0.974,0.144,-0.177,0.244,-0.358,0.901,0.13,-0.847,0.515,-0.937,-0.305,-0.174,0.356,-0.799,0.485,-0.7,-0.466,-0.541,0.422,-0.897,-0.135,0.692,0.087,-0.716,0.773,0.022,0.635,-0.967,-0.121,-0.224,0.97,0.114,0.215,-0.532,0.125,-0.838,none
21.809601,0.229,-0.275,0.934,0.886,0.462,-0.044,-0.181,-0.047,-0.982,0.795,0.601,-0.08,0.497,-0.254,0.83,0.212,0.908,0.36,-0.052,-0.27,0.961,0.218,0.799,0.56,0.049,-0.464,0.884,0.104,0.981,-0.165,0.175,0.293,0.94,-0.575,0.225,0.787,0.448,-0.51,0.734,none
17.137851,-0.349,0.452,0.821,0.447,0.894,-0.0,0.764,-0.401,-0.505,0.809,-0.333,-0.485,0.987,0.064,0.15,0.926,0.351,-0.139,0.575,-0.144,0.805,0.894,0.433,-0.111,-0.905,-0.302,-0.302,0.713,0.697,-0.079,-0.728,0.485,0.485,0.037,0.891,0.453,-0.953,0.272,-0.136,none
16.297465,-0.317,0.487,0.814,0.256,-0.966,0.043,0.798,-0.375,-0.472,0.793,-0.253,-0.554,-0.38,0.9,0.215,0.921,0.364,-0.136,-0.799,0.571,0.19,0.908,0.397,-0.132,-0.729,0.561,0.393,0.754,0.65,-0.088,-0.967,0.164,0.193,0.106,0.91,0.401,-0.863,-0.475,-0.173,none
32.022277,0.069,0.832,0.55,0.914,0.091,-0.396,0.231,-0.929,-0.288,0.725,-0.321,0.609,-0.211,0.912,0.351,0.808,-0.182,0.561,-0.481,0.535,0.695,0.842,-0.174,0.511,-0.12,0.963,0.241,0.998,-0.011,-0.054,-0.269,0.861,0.431,0.212,0.908,0.361,0.207,-0.518,0.83,rock
5.394909,-0.071,0.947,0.315,-0.535,0.267,0.802,0.693,-0.715,0.092,0.868,0.04,-0.496,0.426,0.64,-0.64,0.725,0.226,0.65,-0.577,0.577,0.577,0.831,0.065,0.553,-0.316,0.949,0.0,0.935,-0.061,0.348,-0.492,0.615,0.615,0.88,0.085,0.467,-0.857,0.514,-0.0,paper
12.070024,-0.031,0.688,0.725,-0.081,-0.878,-0.472,0.739,-0.132,-0.66,0.844,-0.422,0.332,-0.609,0.468,-0.64,0.983,-0.065,0.169,-0.889,0.159,-0.429,0.867,-0.008,0.499,-0.876,0.324,-0.357,0.863,0.002,0.505,-0.903,0.327,-0.28,0.017,0.858,0.513,-0.383,-0.735,-0.559,scissors
31.511488,0.153,0.871,0.467,0.416,-0.564,-0.713,0.177,-0.948,-0.265,0.689,-0.255,0.679,-0.58,0.435,-0.689,0.756,-0.142,0.639,-0.829,0.377,-0.414,0.822,-0.097,0.561,-0.71,0.373,-0.598,0.998,0.057,0.007,-0.959,0.274,-0.069,0.264,0.866,0.425,-0.471,-0.824,-0.314,rock
29.017691,0.541,-0.045,0.84,0.6,0.8,-0.0,-0.557,-0.263,-0.788,0.469,0.631,0.618,0.972,-0.224,-0.075,0.0,0.665,0.746,0.493,-0.211,0.844,0.219,0.674,0.705,0.862,-0.072,0.503,0.071,0.9,0.43,0.529,0.471,0.706,-0.373,-0.16,0.914,-0.286,-0.953,-0.095,none
52.393836,0.752,-0.605,0.26,-0.088,0.704,-0.704,-0.781,0.406,-0.474,0.26,0.921,-0.291,-0.91,0.331,0.248,-0.028,0.973,-0.229,-0.915,-0.057,0.4,0.002,0.976,-0.216,-0.72,-0.48,0.502,-0.418,0.899,0.129,-0.946,-0.018,-0.323,-0.729,-0.661,0.181,0.667,-0.333,0.667,none
2.603633,0.001,-0.262,0.965,0.894,0.447,0.0,0.172,0.141,-0.975,0.706,0.689,0.166,0.707,0.707,-0.0,-0.131,0.895,0.426,-0.796,0.1,0.597,0.003,0.869,0.495,-0.745,0.298,0.596,-0.099,0.957,0.273,-0.728,0.485,0.485,-0.601,0.346,0.72,-0.936,-0.0,0.351,none
36.600732,0.587,-0.294,0.754,-0.799,-0.503,-0.33,-0.44,0.073,-0.895,0.661,0.258,0.705,0.962,-0.025,0.27,0.221,0.772,0.595,0.659,-0.245,0.711,0.19,0.843,0.503,0.745,-0.212,0.632,0.0,0.97,0.242,0.876,-0.12,0.468,-0.624,-0.064,0.779,0.237,0.068,-0.969,none
26.410864,0.013,0.8,0.6,0.17,0.68,0.714,-0.292,-0.904,-0.312,0.752,-0.367,0.548,0.843,-0.482,0.241,0.85,-0.201,0.487,0.884,-0.241,0.402,0.872,-0.225,0.434,0.919,-0.28,0.28,0.987,-0.045,-0.154,0.948,-0.045,-0.316,0.12,0.937,0.328,-0.273,0.956,0.102,rock
12.838992,0.084,0.866,0.494,-0.052,-0.756,-0.653,0.148,-0.981,-0.129,0.677,-0.309,0.668,-0.722,0.361,-0.591,0.764,-0.193,0.616,-0.873,0.218,-0.436,0.819,-0.148,0.555,-0.83,0.249,-0.498,1.0,0.009,-0.011,-0.993,0.112,0.048,0.254,0.891,0.377,-0.187,-0.901,-0.391,rock
53.41295,0.737,-0.567,0.368,-0.394,0.919,0.0,-0.757,0.396,-0.519,0.327,0.942,0.078,-0.987,-0.129,-0.093,-0.111,0.981,0.16,-0.714,-0.085,-0.695,-0.459,0.729,0.507,-0.704,0.162,-0.691,-0.789,-0.433,0.435,-0.655,0.195,-0.73,-0.75,-0.593,0.293,0.499,-0.142,0.855,none
9.665458,0.129,-0.154,0.98,-0.309,-0.556,0.772,0.284,0.005,-0.959,0.606,0.585,0.539,-0.337,0.834,0.436,-0.375,0.742,0.555,-0.383,0.58,-0.719,0.133,0.82,0.557,-0.624,0.489,-0.609,0.241,0.819,-0.521,0.908,-0.087,-0.41,-0.552,0.591,0.588,0.628,0.276,-0.728,none
7.137973,-0.086,0.948,0.307,0.447,0.0,-0.894,0.67,-0.72,0.184,0.864,0.05,-0.501,-0.0,0.0,-1.0,0.732,0.233,0.64,-0.949,-0.0,0.316,0.833,0.068,0.549,-0.447,0.0,-0.894,0.936,-0.06,0.346,-0.87,0.348,0.348,0.883,0.088,0.461,-0.894,0.0,-0.447,paper
15.786822,-0.276,0.18,0.944,0.659,0.705,0.262,0.675,-0.041,-0.737,0.797,-0.062,-0.601,0.387,-0.103,0.916,0.856,0.443,-0.266,0.041,0.164,0.986,0.845,0.47,-0.255,-0.94,0.301,0.163,0.442,0.892,0.095,0.675,-0.02,0.738,-0.211,0.855,0.473,0.466,-0.198,0.862,none
20.227183,0.062,0.718,0.693,0.0,0.602,0.799,0.405,-0.799,-0.444,0.841,-0.366,0.397,0.915,-0.35,0.202,0.963,-0.034,0.266,0.991,0.027,0.134,0.848,-0.084,0.524,0.791,0.052,0.61,0.844,-0.054,0.533,0.717,0.091,0.691,0.078,0.819,0.569,-0.178,0.841,0.51,scissors
15.784839,0.068,0.76,0.646,0.218,-0.436,0.873,0.446,-0.763,-0.468,0.782,-0.32,0.534,0.331,0.331,-0.883,0.864,-0.147,0.481,-0.236,0.943,-0.236,0.897,-0.187,0.4,0.286,0.429,-0.857,0.983,-0.005,-0.185,-0.492,0.615,-0.615,0.078,0.925,0.373,-0.98,0.178,-0.089,rock
31.563645,0.081,0.825,0.559,0.164,-0.698,-0.698,0.242,-0.94,-0.24,0.736,-0.326,0.593,-0.803,0.441,-0.401,0.82,-0.179,0.544,-0.972,0.224,-0.075,0.86,-0.175,0.48,-0.859,0.45,-0.245,0.995,0.0,-0.101,-0.911,0.292,0.292,0.183,0.911,0.369,-0.047,-0.943,-0.33,rock
18.816274,0.083,0.771,0.631,-0.894,0.0,0.447,0.399,-0.815,-0.42,0.772,-0.318,0.55,0.11,-0.11,-0.988,0.854,-0.149,0.498,-0.535,0.267,-0.802,0.893,-0.175,0.414,0.0,-0.0,-1.0,0.985,0.007,-0.171,-0.68,0.272,-0.68,0.099,0.919,0.381,-0.88,0.176,-0.44,rock
22.905625,0.072,0.863,0.5,0.204,0.764,0.612,0.567,-0.43,-0.702,0.668,-0.342,0.661,0.911,-0.13,0.391,0.764,-0.228,0.604,0.706,0.059,0.706,0.808,-0.183,0.56,0.935,0.058,0.351,1.0,-0.025,-0.007,0.902,0.386,-0.193,0.271,0.905,0.329,-0.243,0.925,0.292,rock
1.095386,-0.019,-0.284,0.959,-0.811,0.487,-0.324,0.214,0.183,-0.96,0.691,0.707,0.149,-0.192,-0.192,-0.962,-0.153,0.908,0.39,-0.894,-0.447,-0.0,-0.023,0.881,0.473,-0.316,0.0,-0.949,-0.124,0.954,0.273,-0.832,0.555,0.0,-0.607,0.353,0.712,-0.617,0.154,-0.772,none
0.958476,0.045,0.816,0.577,-0.781,0.488,-0.39,0.547,-0.77,-0.329,0.721,-0.35,0.597,-0.743,-0.473,-0.473,0.82,-0.201,0.535,-0.905,-0.302,-0.302,0.854,-0.199,0.481,-0.709,-0.315,-0.63,0.995,-0.029,-0.095,-0.894,0.358,-0.268,0.156,0.923,0.352,-0.901,0.155,-0.404,rock
25.326855,-0.14,0.747,0.649,-0.482,-0.65,0.587,0.736,-0.585,-0.34,0.799,-0.512,0.315,0.304,0.089,-0.948,0.967,-0.182,0.177,0.117,0.273,-0.955,0.917,0.016,0.398,-0.133,0.973,0.191,0.909,0.079,0.409,-0.281,0.912,0.298,0.089,0.909,0.406,-0.955,0.119,-0.273,scissors
20.737259,-0.022,0.703,0.711,0.117,0.758,0.642,0.123,-0.913,-0.39,0.866,-0.374,0.333,0.811,-0.392,0.434,0.982,-0.019,0.19,0.931,-0.056,0.361,0.836,0.042,0.547,0.839,-0.176,0.514,0.827,0.074,0.557,0.797,-0.124,0.591,-0.002,0.835,0.55,0.041,0.829,0.557,scissors
29.874922,0.401,-0.061,0.914,-0.04,0.969,0.242,-0.551,-0.185,-0.814,0.534,0.675,0.509,0.775,-0.166,-0.609,0.06,0.739,0.671,0.953,-0.073,0.293,0.247,0.744,0.621,0.878,-0.439,0.188,0.075,0.953,0.294,0.865,-0.046,0.501,-0.377,-0.03,0.926,0.818,0.182,0.545,none
10.778875,0.193,-0.308,0.932,-0.766,-0.607,-0.211,0.147,0.125,-0.981,0.887,0.366,-0.282,0.774,0.527,-0.351,0.266,0.869,0.416,-0.804,0.211,-0.555,0.194,0.741,0.643,-0.261,0.749,-0.609,0.216,0.921,-0.325,0.971,0.12,0.206,-0.707,0.48,0.519,0.564,0.093,-0.821,none
11.55702,-0.158,0.785,0.599,0.187,-0.716,-0.673,0.799,-0.374,-0.471,0.76,-0.547,0.352,-0.755,0.592,-0.283,0.961,-0.212,0.176,-0.968,0.242,-0.067,0.929,0.028,0.369,-0.923,-0.06,-0.38,0.926,0.057,0.374,-0.923,-0.077,-0.376,0.105,0.909,0.404,-0.06,-0.93,-0.362,scissors
16.805125,-0.341,0.461,0.819,0.647,0.755,-0.108,0.801,-0.376,-0.466,0.821,-0.204,-0.533,0.267,-0.535,-0.802,0.912,0.4,-0.093,-0.316,-0.0,0.949,0.903,0.421,-0.086,0.816,-0.408,-0.408,0.722,0.691,-0.046,-0.577,0.577,0.577,0.051,0.884,0.464,-0.87,0.348,-0.348,none
10.02713,-0.135,0.852,0.506,-0.013,-0.726,-0.688,0.165,-0.925,-0.342,0.669,-0.618,0.413,-0.807,0.447,-0.385,0.913,-0.327,0.244,-0.978,0.085,-0.188,0.969,-0.057,0.242,-0.859,0.069,-0.508,0.974,-0.037,0.226,-0.864,0.075,-0.497,0.232,0.912,0.338,-0.056,-0.842,-0.536,scissors
39.133407,0.582,0.03,0.813,0.829,-0.304,-0.47,-0.397,-0.286,-0.872,0.873,0.464,-0.152,0.958,0.108,0.265,0.557,0.831,0.011,0.722,0.005,0.692,0.493,0.863,0.108,0.753,-0.166,0.637,0.301,0.928,-0.219,0.844,0.063,0.533,0.005,-0.759,0.651,-0.755,-0.504,-0.42,none
1.446767,0.026,0.811,0.584,0.772,-0.154,-0.617,0.579,-0.753,-0.312,0.734,-0.366,0.572,-0.371,0.557,-0.743,0.831,-0.21,0.514,-0.762,0.457,0.457,0.859,-0.215,0.465,-0.348,0.87,-0.348,0.994,-0.045,-0.101,-0.635,0.762,0.127,0.134,0.925,0.356,-0.535,-0.802,0.267,rock
0.498956,-0.099,0.952,0.288,0.83,-0.518,0.207,0.743,-0.66,0.109,0.869,0.104,-0.484,0.946,-0.167,-0.278,0.71,0.26,0.655,0.398,-0.199,0.896,0.836,0.097,0.54,0.611,-0.163,0.774,0.958,-0.062,0.28,0.913,0.203,0.355,0.849,-0.133,0.512,0.275,0.118,-0.954,paper
9.580972,0.008,0.785,0.619,-0.039,0.729,0.683,0.611,-0.501,-0.613,0.757,-0.382,0.53,0.77,-0.459,0.443,0.859,-0.216,0.464,0.879,-0.266,0.395,0.873,-0.255,0.416,0.865,-0.312,0.392,0.982,-0.073,-0.172,0.979,-0.123,-0.164,0.095,0.949,0.301,-0.047,0.975,0.218,rock
51.883328,0.743,-0.608,0.281,-0.841,-0.505,0.192,-0.771,0.391,-0.502,0.169,0.983,-0.065,0.988,-0.042,0.149,-0.216,0.976,-0.021,0.772,-0.043,0.634,-0.192,0.981,-0.005,0.823,-0.141,0.551,-0.388,0.918,0.076,0.942,-0.155,0.296,-0.709,-0.672,0.211,-0.756,0.3,0.582,none
3.45842,0.052,0.816,0.575,-0.688,0.229,0.688,0.506,-0.809,-0.301,0.722,-0.352,0.596,0.156,-0.312,-0.937,0.817,-0.203,0.539,-0.0,-0.707,-0.707,0.854,-0.198,0.48,0.236,-0.236,-0.943,0.995,-0.026,-0.1,-0.557,0.371,-0.743,0.165,0.922,0.351,-0.816,0.408,-0.408,rock
25.327126,-0.1,0.742,0.662,-0.381,-0.702,0.602,0.69,-0.65,-0.317,0.811,-0.483,0.329,0.324,0.144,-0.935,0.97,-0.149,0.194,0.118,0.314,-0.942,0.904,0.005,0.427,-0.172,0.958,0.23,0.896,0.062,0.44,-0.342,0.882,0.324,0.088,0.893,0.441,-0.965,0.103,-0.241,scissors
31.177016,0.377,-0.162,0.912,-0.873,0.218,-0.436,-0.309,-0.09,-0.947,0.537,0.319,0.781,0.988,0.084,0.126,-0.589,0.096,0.802,-0.032,-0.032,0.999,-0.407,-0.071,0.911,0.511,-0.236,0.826,-0.42,0.108,0.901,0.844,0.121,0.523,-0.406,-0.078,0.911,0.286,0.429,-0.857,none
2.079734,-0.015,-0.271,0.963,0.0,0.555,-0.832,0.191,0.134,-0.972,0.696,0.704,0.144,-0.312,-0.156,-0.937,-0.143,0.91,0.39,-0.707,-0.707,0.0,-0.015,0.884,0.467,-0.302,-0.302,-0.905,-0.119,0.957,0.264,-1.0,0.0,0.0,-0.606,0.361,0.709,-0.617,0.154,-0.772,none
36.629411,0.569,-0.4,0.718,-0.408,0.816,0.408,-0.413,0.252,-0.875,0.508,-0.016,0.861,-0.863,0.401,-0.308,0.242,0.97,0.022,0.43,0.278,-0.859,0.373,0.925,0.077,0.716,0.69,-0.102,-0.031,0.978,-0.205,0.424,0.566,-0.707,-0.698,-0.207,0.686,-0.51,0.841,-0.18,none
22.735596,0.485,0.272,0.831,-0.263,-0.903,0.339,-0.383,-0.602,-0.7,0.938,0.237,0.252,0.719,0.586,-0.373,0.328,0.45,0.831,0.383,0.69,0.614,0.329,0.174,0.928,-0.785,0.619,0.0,0.221,0.599,0.77,-0.742,0.668,-0.049,-0.149,0.02,0.989,-0.958,0.282,-0.056,none
14.681262,0.077,0.757,0.649,0.772,-0.617,-0.154,0.444,-0.776,-0.448,0.789,-0.316,0.527,0.0,0.707,-0.707,0.869,-0.139,0.475,-0.447,0.894,-0.0,0.902,-0.186,0.39,-0.0,0.753,-0.659,0.981,-0.001,-0.194,-0.596,0.745,-0.298,0.069,0.924,0.377,-0.953,-0.286,0.095,rock
0.912361,-0.151,0.751,0.643,0.243,-0.0,0.97,0.769,-0.558,-0.314,0.761,-0.557,0.333,0.391,-0.13,-0.911,0.97,-0.192,0.148,0.0,-0.243,-0.97,0.91,0.032,0.414,0.183,0.913,0.365,0.915,0.058,0.399,-0.29,0.677,0.677,0.065,0.896,0.44,-0.839,0.466,-0.28,scissors
48.315041,0.766,-0.435,0.473,-0.324,-0.772,-0.548,-0.634,0.359,-0.684,0.224,0.157,0.962,-0.983,0.186,-0.0,-0.795,-0.223,0.565,-0.485,-0.485,-0.728,-0.745,-0.278,0.606,-0.55,-0.336,-0.764,-0.747,-0.344,0.568,-0.529,-0.124,-0.84,-0.463,-0.769,0.441,-0.774,0.265,-0.575,none
43.723458,-0.676,0.499,0.543,-0.867,0.473,0.158,0.82,-0.548,-0.163,0.44,0.393,-0.807,-0.72,0.092,-0.688,0.417,0.88,-0.228,0.022,0.261,-0.965,0.402,0.911,-0.091,-0.256,0.36,-0.897,0.429,0.903,-0.014,-0.744,0.341,-0.574,0.512,0.732,0.449,-0.987,-0.15,0.062,none
15.786691,-0.268,0.268,0.925,0.79,0.582,0.191,0.675,-0.041,-0.737,0.765,0.004,-0.644,0.236,0.026,0.971,0.807,0.492,-0.325,-0.202,0.045,0.978,0.812,0.461,-0.358,-0.874,0.108,0.475,0.365,0.919,0.147,0.721,-0.107,0.685,-0.253,0.875,0.413,0.362,-0.336,0.87,none
28.124862,0.514,-0.079,0.854,0.426,0.64,0.64,-0.526,-0.252,-0.812,0.526,0.473,0.707,0.992,0.118,-0.047,-0.043,0.537,0.842,0.48,-0.293,0.827,0.169,0.559,0.811,0.602,-0.411,0.684,0.02,0.813,0.582,0.516,0.163,0.841,-0.393,-0.103,0.914,-0.723,-0.562,-0.402,none
15.272627,-0.204,-0.172,0.964,0.924,0.355,-0.142,0.686,0.26,-0.679,0.716,0.106,-0.69,0.365,0.913,-0.183,0.754,0.493,-0.434,-0.256,0.683,0.683,0.736,0.45,-0.506,0.78,0.347,0.52,-0.237,0.723,0.648,-0.058,0.173,0.983,-0.707,0.663,0.247,0.949,0.0,0.316,none
41.172956,0.491,0.141,0.86,0.911,0.275,-0.307,-0.25,-0.497,-0.831,0.906,0.355,0.23,0.19,-0.256,0.948,0.158,0.672,0.723,-0.205,-0.381,0.901,0.143,0.578,0.803,-0.077,-0.47,0.879,-0.069,0.788,0.612,0.008,-0.517,0.856,-0.032,-0.478,0.878,0.128,-0.931,-0.342,none
0.163481,-0.166,0.74,0.652,0.0,0.678,0.735,0.783,-0.527,-0.331,0.757,-0.572,0.316,0.862,-0.492,0.123,0.971,-0.202,0.127,0.966,0.0,0.258,0.912,0.055,0.406,0.823,0.051,0.566,0.915,0.085,0.394,0.584,0.159,0.796,0.053,0.905,0.423,-0.318,0.848,0.424,scissors
43.725011,-0.688,0.513,0.514,0.979,0.113,-0.169,0.83,-0.543,-0.128,0.339,0.566,-0.752,0.946,-0.313,0.082,0.241,0.929,-0.28,0.498,-0.184,0.848,0.246,0.969,-0.025,0.614,-0.647,0.453,0.251,0.963,0.1,-0.361,-0.488,-0.795,0.531,0.699,0.479,-0.63,-0.709,-0.315,none
19.845669,0.258,0.859,-0.442,-0.894,-0.0,-0.447,0.233,-0.241,0.942,0.101,-0.376,0.921,-0.899,-0.196,-0.391,-0.052,-0.493,0.869,-0.855,-0.252,-0.453,0.4,-0.901,-0.17,0.588,-0.784,-0.196,0.81,0.229,0.54,-0.643,-0.719,0.265,0.911,0.048,0.41,-0.072,-0.503,-0.862,none
1.978618,-0.131,0.751,0.648,-0.667,0.667,0.333,0.74,-0.577,-0.346,0.763,-0.542,0.352,0.614,0.383,-0.69,0.973,-0.18,0.147,0.457,-0.762,-0.457,0.91,0.023,0.415,0.667,0.667,0.333,0.914,0.046,0.404,-0.137,0.549,0.824,0.064,0.894,0.443,-0.677,0.677,-0.29,scissors
20.289579,0.086,0.755,0.65,-0.302,-0.905,-0.302,0.395,-0.796,-0.46,0.786,-0.308,0.536,-0.272,0.136,-0.953,0.864,-0.131,0.486,-0.962,0.192,-0.192,0.903,-0.172,0.393,-0.487,0.324,-0.811,0.981,0.015,-0.194,-0.889,0.381,-0.254,0.071,0.918,0.39,-0.808,-0.115,-0.577,rock
8.498899,-0.14,0.731,0.668,-0.738,0.527,0.422,-0.33,-0.727,-0.602,0.796,-0.508,0.328,-0.0,-0.768,-0.64,0.978,-0.152,0.144,-0.316,-0.949,0.0,0.888,0.087,0.451,0.762,0.457,-0.457,0.881,0.097,0.464,0.236,0.943,0.236,0.03,0.894,0.448,-0.577,0.577,-0.577,scissors
52.945733,0.727,-0.615,0.306,-0.477,0.667,-0.572,-0.768,0.392,-0.507,0.31,0.933,-0.183,-0.983,-0.018,-0.182,-0.033,0.997,-0.072,-0.886,-0.267,-0.38,-0.021,0.996,0.081,-0.887,-0.024,-0.461,-0.782,-0.216,0.584,0.06,0.953,0.298,-0.761,-0.592,0.267,-0.274,0.069,-0.959,none
2.953471,-0.103,0.954,0.282,0.824,0.137,-0.549,0.757,-0.632,0.164,0.843,0.053,-0.536,0.0,-0.832,-0.555,0.75,0.24,0.616,-0.0,-0.894,0.447,0.858,0.078,0.508,0.0,-0.981,0.196,0.954,-0.039,0.298,-0.913,-0.365,0.183,0.897,0.126,0.425,-0.503,-0.704,-0.503,paper
9.014712,-0.123,0.781,0.612,0.138,-0.368,-0.92,-0.331,-0.705,-0.627,0.757,-0.531,0.38,-0.869,0.391,-0.304,0.959,-0.198,0.2,-0.994,-0.079,0.079,0.918,-0.004,0.396,-0.722,-0.127,-0.68,0.917,0.018,0.398,-0.845,-0.0,-0.534,0.11,0.892,0.438,0.047,-0.793,-0.607,scissors
18.351319,0.082,0.769,0.634,0.707,-0.707,0.0,0.425,-0.797,-0.429,0.778,-0.314,0.544,-0.156,0.312,-0.937,0.858,-0.145,0.493,-0.894,0.447,0.0,0.897,-0.175,0.406,-0.196,0.588,-0.784,0.984,0.007,-0.179,-0.745,0.596,-0.298,0.089,0.919,0.384,-0.911,0.13,-0.391,rock
52.903591,0.72,-0.622,0.308,-0.095,0.953,-0.286,-0.763,0.403,-0.506,0.308,0.92,-0.243,-0.174,0.696,0.696,0.016,0.987,-0.162,-0.555,-0.359,0.751,0.063,0.993,-0.096,-0.95,-0.173,0.259,-0.741,-0.43,0.516,-0.608,0.054,-0.792,-0.768,-0.577,0.277,0.39,-0.488,-0.781,none
14.695221,-0.106,0.727,0.678,-0.156,-0.052,0.986,0.744,-0.179,-0.644,0.809,-0.487,0.329,0.772,-0.0,-0.636,0.974,-0.148,0.174,0.691,0.425,-0.585,0.897,0.028,0.442,0.29,0.677,0.677,0.889,0.046,0.456,0.0,0.644,0.765,0.059,0.889,0.454,-0.872,0.475,0.119,scissors
52.904757,0.737,-0.596,0.319,0.745,0.298,-0.596,-0.755,0.413,-0.508,0.324,0.915,-0.239,-0.707,0.707,-0.0,0.032,0.988,-0.151,-0.789,-0.0,0.614,0.07,0.995,-0.069,-0.919,-0.0,0.394,-0.77,-0.298,0.565,0.267,-0.535,-0.802,-0.76,-0.592,0.269,-0.605,-0.173,-0.777,none
27.943051,0.074,0.897,0.436,-0.103,0.792,0.602,-0.28,-0.912,-0.3,0.609,-0.359,0.707,0.804,-0.313,0.506,0.713,-0.275,0.645,0.836,-0.13,0.533,0.756,-0.187,0.627,0.885,-0.143,0.443,0.996,-0.044,0.072,0.994,0.059,-0.089,0.362,0.886,0.29,-0.014,0.94,0.341,rock
3.600524,0.057,-0.158,0.986,-0.167,-0.334,-0.928,0.172,0.059,-0.983,0.763,0.611,0.212,-0.967,-0.223,0.124,-0.114,0.838,0.534,-0.321,-0.762,-0.562,0.043,0.81,0.585,-0.473,-0.665,-0.578,-0.057,0.928,0.368,-0.513,-0.725,-0.46,-0.535,0.323,0.781,-0.017,-0.566,-0.824,none
49.418384,0.703,-0.404,0.585,-0.971,0.076,0.227,-0.672,0.204,-0.712,0.342,0.18,0.922,0.061,0.622,-0.781,-0.762,-0.005,0.647,0.241,0.835,-0.495,-0.72,-0.021,0.693,0.238,0.861,-0.45,-0.755,-0.041,0.654,0.176,0.919,-0.353,-0.455,-0.645,0.614,0.08,0.975,0.207,none
34.347726,0.491,-0.239,0.838,-0.994,0.103,0.034,-0.36,0.048,-0.932,0.554,0.109,0.825,-0.661,-0.174,-0.73,-0.302,0.517,0.801,0.527,-0.259,0.809,0.246,0.796,0.553,0.788,-0.406,0.463,0.112,0.957,0.267,-0.74,0.538,-0.404,-0.215,0.075,0.974,-0.121,0.224,0.967,none
21.248839,-0.208,0.758,0.618,0.123,0.961,-0.246,0.299,-0.886,-0.355,0.769,-0.565,0.298,-0.027,-0.542,0.84,0.958,-0.242,0.157,0.227,-0.505,0.833,0.934,0.054,0.352,0.639,-0.741,-0.205,0.923,0.11,0.368,0.714,-0.685,-0.143,0.091,0.93,0.356,0.82,0.537,0.198,scissors
8.280696,-0.087,0.951,0.296,-0.032,0.935,0.354,0.643,-0.741,0.193,0.857,0.042,-0.514,0.811,0.087,-0.579,0.745,0.224,0.629,0.65,0.26,0.715,0.842,0.058,0.537,0.796,0.1,0.597,0.941,-0.069,0.333,0.838,0.0,0.546,0.889,0.085,0.449,0.833,0.198,0.516,paper
20.294395,0.054,0.765,0.641,-0.419,-0.349,-0.838,0.501,-0.755,-0.422,0.776,-0.34,0.532,-0.943,0.0,-0.333,0.863,-0.165,0.477,-0.976,-0.217,-0.0,0.895,-0.201,0.398,-0.997,0.059,-0.059,0.981,-0.014,-0.191,-0.904,-0.053,0.425,0.078,0.93,0.359,0.127,-0.635,-0.762,rock
3.427139,-0.118,0.951,0.285,0.302,0.302,-0.905,0.739,-0.658,0.145,0.839,0.073,-0.54,-0.857,-0.0,-0.514,0.754,0.251,0.607,-0.962,0.0,-0.275,0.863,0.079,0.499,-0.61,0.271,-0.745,0.957,-0.037,0.288,-0.928,0.309,0.206,0.893,0.127,0.432,-0.651,0.391,0.651,paper
5.598356,0.136,-0.209,0.968,-0.241,0.843,-0.482,0.231,0.128,-0.964,0.773,0.552,0.313,-0.371,-0.557,-0.743,-0.238,0.782,0.576,0.408,-0.816,-0.408,-0.138,0.713,0.687,0.811,-0.487,-0.324,-0.116,0.85,0.514,0.596,-0.681,0.426,-0.454,0.252,0.855,0.14,0.14,-0.98,none
48.313962,0.69,-0.506,0.518,-0.069,-0.739,-0.67,-0.575,0.413,-0.706,0.181,0.258,0.949,-0.995,-0.093,-0.023,-0.87,-0.173,0.461,-0.446,-0.669,-0.595,-0.832,-0.204,0.516,-0.501,-0.528,-0.686,-0.838,-0.223,0.498,-0.535,-0.366,-0.761,-0.552,-0.648,0.525,-0.848,-0.021,-0.53,none
39.642903,0.569,0.011,0.823,0.242,-0.081,-0.967,-0.381,-0.313,-0.87,0.921,0.302,-0.245,0.4,0.711,0.578,0.761,0.629,-0.16,0.152,0.482,0.863,0.695,0.705,-0.145,0.339,-0.052,0.939,0.456,0.762,-0.459,0.377,0.319,0.87,-0.007,-0.723,0.691,-0.349,-0.215,-0.912,none
39.153679,0.545,0.033,0.838,0.647,0.74,-0.185,-0.412,-0.291,-0.863,0.911,0.34,-0.235,0.921,0.249,0.299,0.705,0.697,-0.133,0.644,0.182,0.743,0.641,0.763,-0.079,0.707,-0.148,0.691,0.42,0.813,-0.404,0.818,0.213,0.534,0.017,-0.703,0.711,0.393,-0.066,-0.917,none
34.724481,0.462,-0.391,0.796,0.15,-0.861,-0.487,-0.359,0.181,-0.916,0.582,0.144,0.8,0.576,-0.687,0.443,-0.019,0.716,0.698,0.553,-0.19,0.812,0.383,0.897,0.22,0.807,-0.025,0.59,0.127,0.992,-0.015,0.947,0.016,0.322,-0.689,0.097,0.718,-0.955,0.151,0.255,none
7.991645,-0.105,0.829,0.55,0.139,0.833,0.536,-0.103,-0.872,-0.478,0.717,-0.553,0.424,0.758,-0.435,0.485,0.942,-0.235,0.24,0.935,-0.081,0.346,0.939,-0.065,0.338,0.855,-0.204,0.476,0.943,-0.039,0.33,0.831,-0.17,0.53,0.169,0.89,0.424,0.079,0.822,0.564,scissors
51.372622,0.706,-0.61,0.36,-0.815,-0.453,-0.362,-0.746,0.366,-0.556,0.124,0.872,0.473,0.876,-0.138,-0.461,-0.524,0.783,0.335,0.816,-0.432,0.384,-0.419,0.848,0.325,0.755,-0.647,-0.108,-0.587,0.741,0.327,0.778,-0.623,-0.078,-0.675,-0.628,0.387,-0.862,0.227,-0.454,none
21.270322,0.286,-0.348,0.893,-0.992,-0.121,-0.044,-0.169,0.276,-0.946,0.697,0.717,-0.019,-0.509,-0.036,-0.86,0.072,0.936,0.343,0.154,0.149,-0.977,0.079,0.801,0.593,0.194,0.377,-0.906,-0.047,0.979,-0.199,-0.065,-0.337,-0.939,-0.66,0.095,0.745,-0.212,0.648,-0.732,none
36.163486,0.085,0.811,0.579,-0.531,0.152,0.834,0.19,-0.96,-0.205,0.746,-0.304,0.593,0.597,-0.398,-0.697,0.823,-0.151,0.547,0.913,-0.183,-0.365,0.869,-0.152,0.47,0.651,-0.391,-0.651,0.994,0.021,-0.105,-0.0,-0.0,-1.0,0.164,0.901,0.401,-0.786,0.524,-0.328,rock
15.659311,-0.186,0.946,0.267,0.01,-0.975,-0.224,0.631,-0.743,0.225,0.811,0.06,-0.582,-0.786,0.131,0.604,0.801,0.277,0.53,-0.865,-0.078,-0.496,0.889,0.093,0.449,-0.867,0.125,-0.482,0.963,-0.005,0.268,-0.929,0.237,-0.284,0.895,0.179,0.408,-0.922,-0.018,-0.387,paper
27.36741,-0.069,0.646,0.76,-0.0,0.359,0.933,0.435,-0.77,-0.466,0.894,-0.371,0.253,0.948,-0.296,-0.118,0.993,-0.004,0.122,0.981,0.196,0.0,0.823,0.108,0.557,0.716,0.239,0.656,0.804,0.154,0.575,0.389,0.389,0.835,-0.064,0.851,0.521,-0.497,0.795,0.348,scissors
17.239872,-0.106,0.93,0.353,-0.258,-0.954,0.149,0.791,-0.604,-0.1,0.885,0.022,-0.465,-0.505,0.575,0.644,0.731,0.242,0.637,-0.89,0.365,-0.272,0.824,0.069,0.562,-0.799,0.545,-0.254,0.92,-0.031,0.391,-0.775,0.629,-0.055,0.858,0.115,0.501,-0.94,0.335,-0.063,paper
25.587863,-0.056,0.639,0.768,0.105,-0.667,-0.737,0.548,-0.677,-0.492,0.895,-0.358,0.267,-0.825,0.444,-0.349,0.992,0.01,0.129,-0.992,0.09,-0.09,0.816,0.101,0.569,-0.868,-0.0,-0.496,0.795,0.147,0.588,-0.918,0.0,-0.398,-0.061,0.843,0.535,-0.162,-0.84,-0.517,scissors
1.459057,-0.149,0.759,0.634,0.174,0.696,0.696,0.751,-0.568,-0.338,0.757,-0.561,0.335,0.696,-0.174,-0.696,0.968,-0.199,0.154,0.894,0.447,0.0,0.912,0.028,0.41,0.485,0.485,0.728,0.917,0.05,0.395,-0.218,0.436,0.873,0.072,0.897,0.437,-0.843,0.527,0.105,scissors
38.1132,0.614,-0.428,0.663,0.202,-0.721,-0.663,-0.479,0.25,-0.841,0.658,0.749,-0.075,-0.73,-0.061,-0.68,0.387,0.922,0.014,-0.631,-0.033,-0.775,0.452,0.874,-0.177,-0.668,0.25,-0.701,0.03,0.9,-0.435,-0.935,0.354,-0.023,-0.589,-0.133,0.797,-0.504,-0.576,0.644,none
34.93197,0.525,-0.382,0.761,-0.941,0.314,0.125,-0.391,0.169,-0.905,0.513,0.159,0.843,-0.807,0.372,-0.459,-0.224,0.621,0.752,-0.566,0.011,-0.824,0.292,0.918,0.269,0.73,0.289,-0.62,-0.007,0.995,-0.099,0.703,0.405,-0.584,-0.667,-0.026,0.745,0.291,0.747,-0.598,none
34.063246,0.073,0.841,0.536,-0.089,-0.98,0.178,0.164,-0.951,-0.263,0.719,-0.318,0.618,-0.078,0.233,-0.969,0.802,-0.18,0.57,-0.286,0.429,-0.857,0.847,-0.163,0.506,-0.242,0.081,-0.967,0.997,0.006,-0.072,-0.759,0.12,-0.639,0.217,0.901,0.375,-0.882,-0.368,-0.294,rock
2.15496,0.048,0.806,0.59,0.696,-0.696,0.174,0.533,-0.776,-0.337,0.742,-0.35,0.572,-0.0,0.651,-0.759,0.834,-0.189,0.518,-0.496,0.868,-0.0,0.869,-0.196,0.455,-0.108,0.755,-0.647,0.993,-0.021,-0.117,-0.634,0.724,-0.272,0.132,0.92,0.37,-0.93,-0.349,0.116,rock
14.108683,-0.291,0.742,0.605,-0.333,-0.444,0.832,0.886,-0.101,-0.453,0.732,-0.631,0.257,0.483,0.097,-0.87,0.947,-0.309,0.09,0.24,0.361,-0.901,0.952,0.108,0.288,-0.108,0.919,0.379,0.939,0.15,0.308,-0.214,0.771,0.6,0.083,0.957,0.278,-0.96,0.25,-0.125,scissors
17.742408,0.08,0.763,0.641,0.0,0.707,-0.707,0.427,-0.792,-0.435,0.779,-0.311,0.544,-0.688,0.229,-0.688,0.858,-0.141,0.493,-0.845,0.169,0.507,0.898,-0.176,0.404,-0.535,0.802,-0.267,0.983,0.008,-0.181,-0.772,0.617,0.154,0.085,0.92,0.383,-0.784,0.196,-0.588,rock
17.233039,0.073,0.759,0.647,-0.667,-0.333,0.667,0.4,-0.821,-0.406,0.785,-0.314,0.534,0.0,-0.0,-1.0,0.865,-0.139,0.482,-0.816,0.408,-0.408,0.901,-0.182,0.395,-0.0,0.243,-0.97,0.981,0.004,-0.193,-0.811,0.324,-0.487,0.072,0.922,0.381,-0.873,0.218,-0.436,rock
14.682314,0.064,0.762,0.644,0.162,0.162,0.973,0.444,-0.776,-0.448,0.774,-0.335,0.537,0.832,0.0,-0.555,0.862,-0.163,0.481,0.858,0.477,-0.191,0.891,-0.197,0.408,0.844,0.0,-0.537,0.983,-0.012,-0.182,0.241,0.402,-0.884,0.091,0.928,0.36,-0.831,0.554,0.055,rock
27.487455,0.572,0.022,0.82,-0.574,0.601,0.556,-0.576,-0.33,-0.748,0.476,0.577,0.664,0.917,-0.112,-0.384,-0.127,0.568,0.813,0.933,-0.279,0.229,0.047,0.589,0.807,0.953,-0.297,0.056,-0.112,0.826,0.553,0.985,0.014,0.174,-0.681,-0.238,0.692,-0.264,0.207,0.942,none
7.621299,0.027,0.65,0.759,-0.89,0.413,-0.191,0.288,-0.763,-0.579,0.97,-0.018,-0.244,-0.672,-0.471,-0.571,0.563,0.512,0.648,0.537,-0.835,-0.119,0.627,0.432,0.648,0.532,-0.599,-0.599,0.546,0.553,0.629,0.743,-0.371,-0.557,0.358,0.306,0.882,0.573,0.744,-0.344,none
1.59174,-0.011,-0.261,0.965,-0.535,-0.267,-0.802,0.196,0.164,-0.967,0.699,0.7,0.144,-0.442,0.147,-0.885,-0.14,0.909,0.392,-0.97,-0.0,-0.243,-0.012,0.883,0.469,-0.447,0.0,-0.894,-0.116,0.957,0.266,-0.962,0.192,-0.192,-0.602,0.359,0.713,-0.702,0.117,-0.702,none
31.511787,0.098,0.871,0.482,-0.206,-0.978,-0.026,0.169,-0.942,-0.291,0.675,-0.3,0.675,-0.3,0.321,-0.899,0.756,-0.183,0.629,-0.506,0.386,-0.771,0.816,-0.124,0.564,-0.47,0.134,-0.873,0.999,0.033,0.003,-0.893,0.109,-0.436,0.281,0.875,0.393,-0.677,-0.654,-0.338,rock
30.086533,0.42,-0.058,0.906,-0.29,0.399,-0.87,-0.506,-0.213,-0.835,0.518,0.652,0.554,-0.744,-0.668,-0.03,0.024,0.702,0.711,-0.656,-0.513,-0.554,0.231,0.712,0.663,-0.644,-0.552,-0.529,0.065,0.939,0.338,-0.662,-0.611,-0.433,-0.363,-0.03,0.931,0.179,-0.045,-0.983,none
4.1399,0.001,-0.147,0.989,0.834,0.321,-0.449,0.188,0.064,-0.98,0.796,0.572,0.2,-0.405,-0.912,0.068,-0.054,0.839,0.541,0.081,-0.967,0.242,0.095,0.796,0.598,0.164,-0.986,-0.041,0.0,0.919,0.395,0.0,-0.962,0.275,-0.462,0.35,0.815,0.676,-0.628,-0.386,none
35.615822,0.127,0.863,0.489,-0.206,-0.309,0.928,0.159,-0.94,-0.301,0.689,-0.299,0.661,0.11,-0.11,-0.988,0.764,-0.181,0.619,-0.316,0.0,-0.949,0.819,-0.132,0.558,0.0,-0.164,-0.986,1.0,0.027,-0.002,-0.7,0.14,-0.7,0.276,0.879,0.389,-0.83,0.249,-0.498,rock
50.864861,0.7,-0.628,0.34,-0.21,0.721,-0.661,-0.757,0.406,-0.513,0.09,0.874,0.477,-0.39,-0.918,0.069,-0.549,0.772,0.319,0.0,-1.0,0.024,-0.452,0.839,0.304,-0.077,-0.997,0.026,-0.619,0.721,0.31,0.066,-0.996,0.066,-0.688,-0.631,0.36,0.9,-0.327,-0.286,none
12.715916,0.067,0.868,0.492,0.0,-0.793,-0.61,0.043,-0.98,-0.194,0.672,-0.321,0.668,-0.651,0.391,-0.651,0.762,-0.204,0.615,-0.828,0.289,-0.481,0.815,-0.158,0.557,-0.766,0.28,-0.579,1.0,-0.002,-0.013,-0.986,0.161,-0.036,0.256,0.895,0.366,-0.291,-0.891,-0.349,rock
18.258237,0.071,0.764,0.641,-0.0,0.707,-0.707,0.481,-0.758,-0.44,0.781,-0.315,0.539,-0.436,0.218,-0.873,0.862,-0.143,0.486,-0.873,0.218,0.436,0.898,-0.182,0.402,-0.577,0.577,-0.577,0.983,-0.0,-0.184,-0.781,0.625,-0.0,0.078,0.922,0.378,-0.885,0.147,-0.442,rock
20.227576,0.001,0.74,0.672,0.101,0.704,0.704,0.34,-0.829,-0.444,0.82,-0.422,0.386,0.861,-0.369,0.349,0.964,-0.096,0.249,0.964,-0.03,0.264,0.883,-0.073,0.464,0.822,-0.09,0.562,0.877,-0.041,0.478,0.779,-0.051,0.625,0.101,0.851,0.516,-0.02,0.839,0.543,scissors
48.824726,0.721,-0.214,0.659,0.994,0.065,-0.086,-0.651,-0.088,-0.754,0.562,0.125,0.818,0.179,-0.634,0.753,-0.622,0.022,0.783,-0.276,-0.673,0.686,-0.575,-0.044,0.817,-0.192,-0.753,0.63,-0.607,-0.093,0.789,-0.22,-0.821,0.528,-0.258,-0.635,0.728,-0.007,-1.0,-0.014,none
55.963775,0.681,-0.594,0.429,-0.894,0.447,0.0,-0.618,0.429,-0.659,-0.046,-0.342,0.939,0.816,-0.408,-0.408,-0.746,-0.627,0.225,-0.168,-0.337,0.926,-0.765,-0.595,0.247,-0.0,0.0,1.0,-0.791,-0.588,0.17,-0.772,0.617,0.154,-0.73,-0.563,0.388,-0.588,0.784,-0.196,none
9.156698,-0.065,-0.046,0.997,-0.395,-0.913,0.099,0.396,-0.03,-0.918,0.767,0.596,0.239,-0.951,0.304,0.049,-0.13,0.811,0.571,-0.209,-0.262,0.942,0.167,0.768,0.618,0.52,-0.373,0.769,0.338,0.934,0.118,0.607,-0.29,0.739,-0.506,0.704,0.499,-0.745,0.199,0.636,none
21.519859,0.318,-0.597,0.737,0.883,0.309,-0.353,-0.254,0.343,-0.904,0.575,0.812,0.095,0.305,-0.258,0.916,-0.141,0.934,0.329,-0.243,-0.385,0.891,-0.113,0.82,0.562,-0.093,-0.605,0.791,-0.208,0.965,-0.158,-0.237,0.079,0.968,-0.731,-0.008,0.682,0.454,-0.779,0.433,none
14.107384,-0.299,0.733,0.611,-0.408,0.408,0.816,0.891,-0.09,-0.445,0.732,-0.635,0.247,0.444,-0.111,-0.889,0.947,-0.31,0.079,0.196,0.588,-0.784,0.948,0.13,0.29,0.156,0.937,0.312,0.935,0.17,0.31,-0.185,0.74,0.647,0.074,0.96,0.269,-0.912,0.38,-0.152,scissors
21.059715,0.296,-0.06,0.953,-0.983,-0.14,0.119,-0.156,-0.219,-0.963,0.927,0.369,-0.064,-0.282,0.022,-0.959,0.481,0.766,0.426,0.208,0.253,-0.945,0.459,0.614,0.642,0.183,0.534,-0.826,0.333,0.93,-0.156,-0.107,-0.218,-0.97,-0.356,0.261,0.897,-0.293,0.776,-0.559,none
12.964176,0.084,0.867,0.491,-0.24,-0.904,-0.353,0.168,-0.974,-0.152,0.682,-0.309,0.663,-0.554,0.189,-0.811,0.77,-0.188,0.61,-0.686,0.14,-0.714,0.824,-0.147,0.547,-0.721,0.014,-0.693,1.0,0.014,-0.022,-0.974,-0.08,-0.213,0.246,0.891,0.382,-0.421,-0.746,-0.516,rock
21.307006,-0.235,0.755,0.612,-0.182,0.818,0.545,0.328,-0.894,-0.305,0.757,-0.589,0.283,0.647,-0.755,0.108,0.953,-0.269,0.14,0.768,-0.329,0.549,0.943,0.064,0.326,0.976,-0.098,0.195,0.933,0.117,0.342,0.688,0.229,0.688,0.094,0.941,0.326,-0.242,0.967,0.081,scissors
1.629098,-0.15,0.758,0.635,-0.457,0.457,0.762,0.757,-0.584,-0.293,0.755,-0.563,0.336,0.651,-0.391,-0.651,0.967,-0.202,0.156,0.728,-0.485,-0.485,0.913,0.029,0.407,0.557,0.743,0.371,0.917,0.053,0.395,-0.0,0.581,0.814,0.073,0.898,0.434,-0.749,0.656,-0.094,scissors
7.47646,-0.182,0.689,0.701,-0.028,0.764,0.644,0.203,-0.87,-0.45,0.8,-0.54,0.261,0.788,-0.493,0.368,0.982,-0.181,0.058,0.968,-0.138,0.211,0.907,0.121,0.402,0.885,-0.065,0.461,0.897,0.138,0.42,0.859,-0.044,0.51,-0.022,0.924,0.383,0.014,0.876,0.481,scissors
15.226584,-0.145,0.962,0.23,-0.012,-0.967,-0.253,0.525,-0.774,0.354,0.796,-0.005,-0.605,-0.797,0.121,0.592,0.83,0.209,0.518,-0.857,-0.081,-0.509,0.902,0.021,0.431,-0.857,0.114,-0.503,0.966,-0.072,0.247,-0.925,0.234,-0.301,0.917,0.14,0.374,-0.917,-0.011,-0.399,paper
24.881476,0.073,0.755,0.652,0.302,0.543,0.784,0.371,-0.807,-0.46,0.788,-0.335,0.517,0.955,-0.084,0.285,0.871,-0.159,0.464,0.913,0.163,0.375,0.895,-0.208,0.394,0.987,0.016,0.159,0.981,-0.023,-0.191,0.893,0.265,-0.364,0.078,0.934,0.347,-0.293,0.818,0.494,rock
2.187022,-0.125,0.955,0.268,0.816,-0.408,-0.408,0.758,-0.636,0.145,0.824,0.074,-0.562,0.442,-0.885,0.147,0.755,0.274,0.596,-0.514,-0.514,0.686,0.874,0.1,0.475,-0.615,-0.492,0.615,0.966,-0.01,0.257,-0.704,-0.088,0.704,0.891,0.25,0.379,-0.433,0.248,0.867,paper
8.01929,-0.12,0.8,0.587,-0.047,0.747,0.663,-0.27,-0.793,-0.547,0.736,-0.537,0.412,0.794,-0.506,0.337,0.951,-0.21,0.228,0.972,-0.129,0.198,0.928,-0.021,0.372,0.886,-0.039,0.462,0.927,0.004,0.374,0.85,-0.01,0.527,0.137,0.887,0.44,-0.019,0.88,0.474,scissors
51.373953,0.717,-0.607,0.341,-0.0,-0.6,-0.8,-0.741,0.393,-0.545,0.122,0.88,0.459,0.968,-0.176,-0.176,-0.51,0.795,0.329,0.404,-0.538,0.74,-0.409,0.855,0.318,0.453,-0.815,0.362,-0.582,0.747,0.322,0.196,-0.784,0.588,-0.663,-0.649,0.373,-0.862,-0.091,-0.499,none
8.642668,0.131,0.889,0.439,0.293,0.827,0.48,0.474,-0.416,-0.776,0.634,-0.303,0.712,0.665,-0.341,0.665,0.72,-0.211,0.661,0.698,-0.221,0.681,0.781,-0.13,0.611,0.782,-0.119,0.612,0.998,0.017,0.057,0.993,0.053,0.106,0.333,0.87,0.363,0.167,0.934,0.317,rock
2.821862,-0.142,0.744,0.653,-0.0,0.0,1.0,0.716,-0.631,-0.298,0.768,-0.538,0.347,-0.0,0.196,-0.981,0.975,-0.174,0.136,-0.832,0.555,0.0,0.906,0.038,0.422,-0.447,0.894,-0.0,0.906,0.062,0.419,-0.651,0.391,0.651,0.052,0.895,0.442,-0.953,0.136,-0.272,scissors
8.148012,-0.074,0.955,0.288,0.0,0.936,0.351,0.642,-0.759,0.108,0.846,0.019,-0.533,0.804,0.0,-0.594,0.764,0.205,0.612,0.654,0.192,0.731,0.854,0.035,0.52,0.8,0.0,0.6,0.945,-0.092,0.313,0.825,-0.043,0.564,0.9,0.081,0.428,0.843,0.105,0.527,paper
15.190884,0.058,0.759,0.649,-0.0,0.351,0.936,0.439,-0.766,-0.47,0.788,-0.333,0.518,0.814,-0.465,-0.349,0.873,-0.156,0.463,0.905,-0.302,0.302,0.901,-0.199,0.386,0.911,-0.391,-0.13,0.98,-0.012,-0.199,0.617,0.154,-0.772,0.067,0.929,0.363,-0.62,0.757,-0.207,rock
14.106802,-0.316,0.74,0.594,-0.535,-0.267,0.802,0.888,-0.08,-0.452,0.715,-0.656,0.24,0.549,-0.137,-0.824,0.938,-0.339,0.071,0.0,-0.316,-0.949,0.959,0.123,0.254,0.408,0.816,0.408,0.948,0.162,0.275,-0.117,0.702,0.702,0.089,0.967,0.237,-0.858,0.477,-0.191,scissors
50.86291,0.666,-0.664,0.34,0.058,-0.351,-0.935,-0.767,0.429,-0.477,0.058,0.91,0.411,-0.992,-0.025,-0.127,-0.557,0.794,0.245,-0.845,-0.154,-0.512,-0.468,0.853,0.23,-0.897,-0.14,-0.42,-0.646,0.725,0.241,-0.966,-0.129,-0.225,-0.738,-0.593,0.322,-0.755,-0.293,-0.587,none
8.497148,-0.119,0.789,0.602,0.0,0.738,0.675,-0.28,-0.799,-0.532,0.754,-0.531,0.388,0.809,-0.477,0.344,0.961,-0.192,0.199,0.97,-0.099,0.221,0.919,0.012,0.394,0.875,-0.053,0.48,0.917,0.03,0.398,0.83,-0.033,0.557,0.104,0.891,0.442,-0.021,0.869,0.494,scissors
2.95322,0.044,0.818,0.574,0.123,0.985,0.123,0.54,-0.781,-0.314,0.72,-0.354,0.596,0.667,-0.333,0.667,0.818,-0.206,0.538,0.0,-0.124,0.992,0.853,-0.2,0.482,0.557,0.371,0.743,0.995,-0.031,-0.098,0.371,0.743,0.557,0.164,0.923,0.348,-0.192,0.962,-0.192,rock
40.197526,0.539,0.125,0.833,-0.316,-0.949,0.0,-0.338,-0.37,-0.865,0.964,0.215,-0.158,-0.253,0.507,-0.824,0.837,0.539,-0.094,-0.788,0.394,-0.473,0.784,0.611,-0.112,-0.62,0.482,-0.62,0.564,0.707,-0.426,-0.857,0.396,-0.33,0.011,-0.61,0.792,0.491,0.491,0.72,none
7.031517,0.095,0.807,0.583,0.552,-0.092,-0.829,0.594,-0.579,-0.559,0.741,-0.309,0.596,-0.634,0.724,-0.272,0.824,-0.159,0.544,-0.815,0.445,0.371,0.871,-0.161,0.464,-0.612,0.786,-0.087,0.993,0.016,-0.119,-0.712,0.641,0.285,0.153,0.91,0.385,-0.275,-0.962,-0.0,rock
31.645349,0.378,-0.19,0.906,-0.924,0.382,0.032,-0.316,-0.038,-0.948,0.542,0.247,0.803,-0.757,0.45,-0.473,-0.598,0.06,0.8,-0.163,0.786,-0.596,-0.403,-0.082,0.912,-0.196,0.784,-0.588,-0.413,0.113,0.904,-0.582,0.727,-0.364,-0.554,-0.076,0.829,0.817,0.182,-0.547,none
9.642693,0.005,0.683,0.731,-0.057,0.717,0.695,0.517,-0.682,-0.517,0.812,-0.391,0.434,0.807,-0.459,0.37,0.914,-0.18,0.363,0.912,-0.243,0.331,0.916,-0.273,0.294,0.883,-0.336,0.328,0.95,-0.071,-0.305,0.965,-0.135,-0.224,-0.031,0.957,0.287,-0.106,0.972,0.211,rock
10.174206,-0.043,-0.168,0.985,0.557,0.743,0.371,0.351,0.069,-0.934,0.567,0.397,0.722,-0.431,-0.264,-0.863,-0.652,0.567,0.503,0.228,-0.76,0.608,-0.146,0.689,0.71,-0.0,-0.217,0.976,0.185,0.569,-0.801,-0.493,0.844,0.211,-0.684,0.581,0.44,-0.943,0.236,0.236,none
30.88841,0.362,-0.127,0.923,0.328,0.786,-0.524,-0.322,-0.135,-0.937,0.586,0.268,0.765,-0.52,0.13,-0.844,-0.553,0.055,0.832,0.912,0.351,-0.211,-0.389,-0.139,0.911,0.97,-0.216,0.108,-0.379,0.046,0.924,0.781,-0.39,-0.488,-0.377,-0.096,0.921,-0.552,-0.345,-0.759,none
37.632324,0.092,0.816,0.571,-0.408,-0.816,-0.408,0.242,-0.944,-0.223,0.741,-0.308,0.596,-0.349,0.116,-0.93,0.819,-0.162,0.55,-0.962,0.192,-0.192,0.863,-0.157,0.48,-0.487,0.324,-0.811,0.995,0.015,-0.094,-0.912,0.342,-0.228,0.177,0.903,0.392,-0.843,-0.105,-0.527,rock
48.824862,0.719,-0.067,0.691,0.994,-0.005,-0.113,-0.659,-0.187,-0.728,0.573,0.176,0.8,0.119,-0.596,0.794,-0.589,0.077,0.805,-0.291,-0.691,0.661,-0.495,-0.02,0.869,-0.193,-0.778,0.598,-0.5,-0.111,0.859,-0.226,-0.852,0.472,-0.189,-0.691,0.698,-0.065,-0.997,-0.033,none
17.742272,0.08,0.767,0.637,0.436,0.218,-0.873,0.397,-0.804,-0.443,0.778,-0.311,0.545,-0.64,0.426,-0.64,0.858,-0.141,0.493,-0.885,0.147,0.442,0.895,-0.176,0.409,-0.588,0.784,-0.196,0.984,0.007,-0.178,-0.762,0.635,0.127,0.088,0.92,0.382,-0.8,-0.0,-0.6,rock
17.712388,0.141,0.929,0.341,-0.192,-0.915,-0.354,0.597,-0.666,-0.448,0.89,-0.227,-0.394,-0.974,-0.177,0.142,0.725,-0.016,0.688,-0.491,-0.39,-0.779,0.76,-0.185,0.623,-0.576,-0.214,-0.789,0.833,-0.281,0.476,-0.75,-0.114,-0.652,0.837,-0.144,0.528,-0.617,-0.154,-0.772,paper
51.371957,0.699,-0.602,0.386,0.0,0.84,-0.543,-0.742,0.385,-0.549,0.154,0.86,0.487,-0.642,-0.696,-0.321,-0.508,0.785,0.354,-0.277,-0.83,-0.484,-0.401,0.851,0.338,-0.211,-0.844,-0.493,-0.577,0.746,0.331,-0.291,-0.874,-0.389,-0.672,-0.62,0.406,0.12,0.241,-0.963,none
45.253238,-0.737,0.401,0.544,-0.811,0.109,-0.574,0.84,-0.505,-0.199,0.457,-0.13,-0.88,0.623,0.623,-0.474,0.801,0.393,-0.452,0.789,0.091,0.607,0.711,0.486,-0.509,0.837,0.545,0.058,0.507,0.814,-0.282,0.986,-0.0,0.164,0.068,0.96,0.272,0.752,0.164,-0.639,none
5.562488,-0.073,0.946,0.315,0.894,0.0,-0.447,0.717,-0.685,0.129,0.873,0.041,-0.487,0.302,-0.302,-0.905,0.721,0.227,0.655,-0.802,-0.267,0.535,0.829,0.064,0.556,-1.0,-0.0,-0.0,0.934,-0.063,0.35,-0.745,0.298,0.596,0.88,0.083,0.467,-0.949,-0.0,-0.316,paper
44.798687,-0.69,0.493,0.529,-0.901,0.15,0.407,0.798,-0.577,-0.173,0.319,-0.071,-0.945,0.982,0.182,0.055,0.696,0.517,-0.498,0.629,-0.0,0.778,0.591,0.648,-0.481,0.821,-0.138,0.554,0.279,0.956,-0.095,0.657,0.1,0.747,0.512,0.779,0.363,0.884,0.465,0.046,none
6.013054,0.043,0.847,0.53,-0.739,-0.665,0.111,0.608,-0.68,-0.411,0.685,-0.351,0.638,-0.26,-0.325,-0.909,0.784,-0.222,0.58,-0.312,-0.312,-0.897,0.827,-0.19,0.528,-0.429,-0.501,-0.751,0.998,-0.023,-0.052,-0.74,-0.493,-0.458,0.229,0.911,0.344,-0.62,-0.124,-0.775,rock
49.333082,0.763,-0.19,0.618,-0.974,0.101,0.203,-0.703,-0.091,-0.706,0.471,0.127,0.873,-0.009,0.609,-0.793,-0.649,-0.003,0.761,0.352,0.806,-0.477,-0.581,-0.071,0.811,0.387,0.857,-0.34,-0.599,-0.175,0.781,0.327,0.914,-0.239,-0.283,-0.757,0.588,0.081,0.994,0.072,none
6.006184,-0.042,0.832,0.553,-0.234,0.794,0.561,0.632,-0.689,-0.355,0.716,-0.518,0.468,0.671,-0.721,0.174,0.932,-0.198,0.302,0.922,-0.374,0.1,0.92,-0.121,0.374,0.961,0.123,0.246,0.928,-0.106,0.357,0.881,0.201,0.428,0.201,0.848,0.49,-0.068,0.977,0.204,scissors
12.831516,0.094,0.867,0.489,-0.02,-0.847,-0.532,0.081,-0.989,-0.122,0.677,-0.314,0.665,-0.642,0.357,-0.678,0.766,-0.192,0.614,-0.829,0.258,-0.497,0.821,-0.145,0.552,-0.78,0.236,-0.58,1.0,0.014,-0.016,-0.991,0.122,-0.052,0.255,0.889,0.381,-0.297,-0.872,-0.39,rock
37.603484,0.58,-0.459,0.673,-0.997,0.043,-0.065,-0.454,0.273,-0.848,0.592,0.758,0.272,0.979,0.183,-0.091,-0.004,0.9,0.435,0.771,-0.125,0.624,-0.047,0.91,0.413,0.857,-0.04,0.514,-0.21,0.965,0.154,0.97,-0.136,0.204,-0.69,-0.085,0.719,-0.329,0.502,0.8,none
6.095878,0.106,-0.196,0.975,0.983,0.128,-0.128,0.285,0.05,-0.957,0.783,0.56,0.273,0.323,-0.692,0.646,-0.225,0.811,0.54,-0.075,-0.491,0.868,-0.126,0.742,0.658,-0.0,-0.664,0.747,-0.105,0.876,0.471,-0.082,-0.412,0.907,-0.469,0.277,0.839,0.267,-0.802,0.535,none
35.083356,0.08,0.828,0.555,-0.133,-0.667,0.733,0.231,-0.954,-0.192,0.732,-0.301,0.612,0.282,0.056,-0.958,0.809,-0.162,0.565,0.158,0.473,-0.867,0.854,-0.153,0.498,0.184,-0.0,-0.983,0.997,0.014,-0.07,-0.488,0.183,-0.854,0.188,0.9,0.393,-0.972,0.046,-0.231,rock
36.600476,0.59,-0.306,0.747,-0.697,-0.574,-0.43,-0.44,0.073,-0.895,0.673,0.17,0.72,0.904,-0.214,0.371,-0.042,0.737,0.675,0.485,-0.42,0.767,0.151,0.831,0.536,0.783,-0.224,0.58,-0.057,0.964,0.26,0.758,-0.646,0.091,-0.604,-0.051,0.796,-0.409,0.26,0.874,none
30.24858,0.421,-0.011,0.907,-0.26,0.037,-0.965,-0.458,-0.23,-0.859,0.643,0.564,0.519,-0.651,-0.731,0.205,-0.035,0.623,0.782,-0.643,-0.076,-0.762,0.113,0.634,0.765,-0.814,0.047,-0.578,-0.024,0.891,0.453,-0.762,-0.157,-0.628,-0.343,-0.077,0.936,0.079,0.032,-0.996,none
30.491571,0.044,0.85,0.525,-0.071,-0.753,-0.654,-0.162,-0.947,-0.278,0.701,-0.393,0.595,-0.775,0.343,-0.531,0.812,-0.254,0.525,-0.882,0.164,-0.441,0.828,-0.252,0.5,-0.869,0.22,-0.444,0.993,-0.087,-0.075,-0.993,0.051,0.103,0.198,0.941,0.273,-0.076,-0.926,-0.369,rock
1.202041,0.04,0.8,0.598,-0.272,-0.953,0.136,0.568,-0.737,-0.367,0.741,-0.354,0.57,-0.083,0.083,-0.993,0.838,-0.191,0.511,-0.535,0.267,-0.802,0.87,-0.2,0.451,-0.196,0.0,-0.981,0.993,-0.027,-0.117,-0.818,0.182,-0.545,0.115,0.917,0.381,-0.864,-0.0,-0.504,rock
11.19838,-0.172,-0.188,0.967,0.104,0.983,0.149,0.447,0.202,-0.871,0.878,0.106,-0.467,0.771,-0.202,0.605,-0.417,0.709,0.569,0.834,0.385,-0.396,-0.298,0.642,0.706,-0.007,0.676,-0.737,0.116,0.906,-0.407,-0.923,0.135,-0.361,-0.855,0.375,0.357,0.665,0.535,0.521,none
3.597388,0.024,-0.278,0.96,0.8,-0.033,-0.6,0.137,0.098,-0.986,0.698,0.69,0.193,-0.777,-0.614,0.139,-0.158,0.883,0.443,-0.824,-0.533,-0.194,-0.027,0.861,0.508,-0.787,-0.608,-0.107,-0.129,0.954,0.27,-0.891,-0.446,0.081,-0.636,0.315,0.704,-0.434,-0.868,-0.241,none
0.732783,0.037,0.81,0.585,-0.832,-0.555,-0.0,0.556,-0.775,-0.301,0.726,-0.363,0.583,-0.358,-0.268,-0.894,0.83,-0.208,0.518,-0.824,0.137,-0.549,0.859,-0.213,0.465,-0.406,0.0,-0.914,0.992,-0.039,-0.121,-0.808,0.303,-0.505,0.142,0.934,0.328,-0.873,0.154,-0.462,rock
16.805958,-0.352,0.448,0.822,0.426,0.64,-0.64,0.753,-0.441,-0.487,0.806,-0.216,-0.551,0.784,-0.588,-0.196,0.911,0.395,-0.122,-0.577,-0.577,0.577,0.898,0.426,-0.111,-0.333,-0.667,-0.667,0.715,0.695,-0.074,-0.97,0.0,0.243,0.038,0.891,0.452,-0.707,0.0,-0.707,none
16.724951,0.08,0.767,0.636,-0.0,1.0,-0.0,0.427,-0.792,-0.435,0.778,-0.314,0.545,-0.196,0.0,-0.981,0.858,-0.144,0.492,-0.894,0.0,0.447,0.895,-0.177,0.409,-0.577,0.577,-0.577,0.984,0.006,-0.176,-0.857,0.514,-0.0,0.09,0.92,0.382,-0.824,0.137,-0.549,rock
8.452317,-0.119,0.938,0.326,0.091,0.966,0.242,0.61,-0.767,0.199,0.86,0.069,-0.506,0.786,-0.028,-0.618,0.733,0.253,0.631,0.701,0.128,0.701,0.837,0.091,0.539,0.822,-0.032,0.569,0.941,-0.035,0.336,0.85,-0.136,0.51,0.878,0.124,0.462,0.886,0.039,0.462,paper
28.462597,0.021,0.854,0.52,0.157,0.772,0.616,-0.499,-0.579,-0.645,0.7,-0.344,0.626,0.796,-0.284,0.534,0.795,-0.203,0.571,0.832,-0.107,0.544,0.84,-0.184,0.511,0.882,-0.117,0.457,0.998,-0.017,-0.067,0.994,0.077,-0.077,0.207,0.913,0.353,0.021,0.922,0.388,rock
16.806717,-0.35,0.448,0.823,0.469,0.625,-0.625,0.753,-0.441,-0.487,0.811,-0.21,-0.547,0.885,-0.442,0.147,0.909,0.401,-0.111,-0.457,-0.762,0.457,0.896,0.432,-0.098,-0.577,-0.577,-0.577,0.711,0.7,-0.067,-0.873,-0.436,0.218,0.035,0.887,0.461,-0.64,-0.426,-0.64,none
0.660507,-0.159,0.757,0.633,-0.905,-0.302,0.302,0.757,-0.558,-0.339,0.749,-0.573,0.334,0.12,-0.241,-0.963,0.965,-0.212,0.153,-0.535,0.267,-0.802,0.919,0.028,0.394,0.365,0.913,0.183,0.922,0.056,0.382,-0.207,0.83,0.518,0.077,0.902,0.425,-0.874,0.291,-0.389,scissors
16.214294,0.059,0.756,0.652,1.0,0.0,0.0,0.446,-0.763,-0.468,0.787,-0.32,0.527,0.174,0.696,-0.696,0.869,-0.145,0.474,-0.557,0.743,0.371,0.901,-0.191,0.389,0.0,0.894,-0.447,0.98,-0.007,-0.198,-0.482,0.843,-0.241,0.066,0.926,0.372,-0.99,-0.0,0.141,rock
23.289773,-0.016,0.74,0.673,-0.097,-0.658,-0.747,0.374,-0.82,-0.433,0.827,-0.425,0.369,-0.878,0.314,-0.362,0.967,-0.094,0.236,-0.98,-0.039,-0.197,0.883,-0.046,0.467,-0.788,0.064,-0.613,0.878,0.001,0.478,-0.792,0.048,-0.608,0.093,0.857,0.506,-0.016,-0.794,-0.608,scissors
25.079893,0.456,0.483,0.748,0.727,-0.539,-0.426,-0.384,-0.74,-0.551,0.952,0.131,0.278,-0.946,-0.08,0.313,0.458,0.295,0.839,-0.979,-0.066,-0.191,0.509,0.053,0.859,-0.96,-0.126,-0.251,0.446,0.485,0.752,-0.923,-0.385,-0.018,0.11,-0.085,0.99,-0.627,-0.737,-0.253,none
3.591547,-0.128,0.95,0.285,0.0,0.707,0.707,0.723,-0.682,0.11,0.836,0.082,-0.543,0.802,0.267,-0.535,0.753,0.259,0.605,-0.442,0.147,0.885,0.86,0.093,0.501,-0.267,0.535,0.802,0.958,-0.035,0.285,-0.384,0.512,0.768,0.899,0.121,0.422,-0.937,0.312,0.156,paper
54.942589,0.716,-0.564,0.41,0.0,-0.832,0.555,-0.667,0.372,-0.645,0.047,0.461,0.886,-0.909,0.13,-0.397,-0.81,-0.325,0.488,0.029,0.304,-0.952,-0.759,-0.503,0.413,-0.752,0.636,-0.173,-0.75,-0.603,0.272,-0.455,0.241,0.857,-0.71,-0.579,0.401,-0.882,0.294,-0.368,none
20.224881,0.055,0.672,0.739,0.081,0.744,0.663,0.493,-0.754,-0.434,0.865,-0.348,0.362,0.822,-0.5,0.274,0.974,-0.002,0.228,0.967,-0.133,0.217,0.827,-0.033,0.561,0.884,-0.06,0.464,0.815,-0.003,0.579,0.805,0.033,0.592,0.02,0.812,0.583,-0.032,0.888,0.46,scissors
36.796846,0.574,-0.435,0.694,0.993,-0.083,-0.083,-0.425,0.261,-0.867,0.56,-0.21,0.802,0.855,-0.367,0.367,0.309,0.951,0.034,-0.94,0.336,-0.067,0.377,0.923,0.081,-0.744,0.62,-0.248,-0.023,0.98,-0.2,-0.822,0.523,0.224,-0.7,-0.185,0.69,-0.786,-0.437,0.437,none
33.628789,0.096,0.826,0.555,0.68,-0.68,-0.272,0.206,-0.934,-0.293,0.729,-0.297,0.616,-0.18,0.6,-0.78,0.805,-0.159,0.572,-0.627,0.697,-0.348,0.854,-0.146,0.499,-0.316,0.569,-0.759,0.997,0.021,-0.069,-0.806,0.518,-0.288,0.194,0.896,0.4,-0.767,-0.639,-0.064,rock
13.107102,-0.184,0.957,0.223,-0.361,0.401,0.842,0.304,-0.919,0.251,0.781,0.046,-0.623,0.755,0.636,-0.159,0.827,0.248,0.504,0.037,0.707,0.707,0.909,0.062,0.411,0.351,0.662,0.662,0.976,-0.042,0.212,0.357,0.642,0.678,0.92,0.182,0.347,0.044,0.613,0.789,paper
8.497964,-0.125,0.736,0.665,-0.343,0.643,0.685,-0.33,-0.727,-0.602,0.803,-0.493,0.333,0.648,-0.747,-0.149,0.98,-0.135,0.144,0.942,-0.332,-0.055,0.882,0.075,0.465,0.9,0.331,0.284,0.876,0.086,0.475,0.726,0.436,0.532,0.021,0.886,0.464,-0.355,0.931,0.089,scissors
1.582034,-0.022,-0.265,0.964,-0.0,0.0,-1.0,0.176,0.128,-0.976,0.695,0.704,0.142,-0.6,-0.0,-0.8,-0.142,0.911,0.387,-0.943,-0.236,0.236,-0.017,0.885,0.465,-0.707,-0.0,-0.707,-0.118,0.957,0.264,-0.981,0.0,0.196,-0.608,0.356,0.71,-0.772,-0.154,-0.617,none
10.091803,-0.018,0.746,0.666,0.144,0.75,0.646,0.47,-0.778,-0.416,0.786,-0.397,0.474,0.8,-0.295,0.522,0.889,-0.209,0.407,0.852,-0.108,0.513,0.89,-0.282,0.36,0.894,-0.139,0.426,0.969,-0.093,-0.229,0.991,0.059,-0.118,0.028,0.96,0.279,-0.008,0.923,0.385,rock
15.702268,0.068,0.753,0.655,0.094,-0.656,-0.749,0.468,-0.762,-0.448,0.79,-0.317,0.524,-0.611,0.407,-0.679,0.87,-0.142,0.471,-0.946,0.291,-0.145,0.903,-0.187,0.387,-0.766,0.418,-0.488,0.98,-0.001,-0.199,-0.935,0.351,0.058,0.066,0.925,0.375,-0.457,-0.762,-0.457,rock
5.015668,-0.086,0.947,0.311,-0.192,-0.192,0.962,0.72,-0.689,0.086,0.865,0.047,-0.5,0.447,0.894,-0.0,0.727,0.237,0.644,-0.684,0.456,0.57,0.835,0.071,0.545,-0.566,0.707,0.424,0.94,-0.054,0.338,-0.518,0.605,0.605,0.885,0.094,0.456,-0.848,0.318,0.424,paper
20.801952,0.055,0.771,0.635,-0.405,-0.289,-0.867,0.529,-0.742,-0.411,0.772,-0.333,0.542,-0.905,0.0,-0.426,0.859,-0.163,0.485,-0.973,-0.205,-0.102,0.889,-0.202,0.412,-0.983,0.058,-0.173,0.984,-0.021,-0.174,-0.931,-0.052,0.362,0.09,0.93,0.355,-0.061,-0.609,-0.791,rock
41.218598,0.141,0.563,0.814,0.339,0.941,0.0,0.18,-0.808,-0.561,0.992,-0.015,-0.126,0.514,-0.857,0.034,0.692,0.548,0.469,0.659,-0.462,0.593,0.707,0.481,0.519,0.738,-0.527,0.422,0.553,0.79,0.265,0.771,0.034,0.637,0.426,-0.109,0.898,0.955,0.037,-0.294,none
9.517362,-0.184,0.795,0.578,0.029,-0.811,-0.584,-0.248,-0.861,-0.445,0.736,-0.577,0.354,-0.713,0.54,-0.447,0.953,-0.248,0.176,-0.947,0.192,-0.256,0.938,0.055,0.342,-0.912,0.115,-0.395,0.936,0.081,0.342,-0.923,0.1,-0.372,0.115,0.917,0.382,-0.18,-0.862,-0.474,scissors
47.309928,0.37,-0.437,0.82,-0.678,-0.72,-0.146,-0.191,0.261,-0.946,0.425,0.561,0.71,-0.797,0.566,-0.211,-0.825,0.322,0.463,-0.415,0.145,-0.898,-0.768,0.236,0.595,-0.522,0.304,-0.797,-0.774,0.195,0.603,-0.516,0.466,-0.719,-0.516,-0.124,0.847,-0.761,0.507,-0.406,none
13.151941,0.094,0.876,0.473,-0.278,-0.846,-0.455,0.141,-0.982,-0.129,0.669,-0.308,0.677,-0.642,0.157,-0.751,0.756,-0.195,0.625,-0.747,0.075,-0.66,0.814,-0.14,0.564,-0.787,0.012,-0.617,1.0,0.017,-0.002,-0.987,-0.108,-0.12,0.268,0.885,0.38,-0.317,-0.781,-0.537,rock
9.084244,-0.052,0.929,0.366,-0.461,-0.231,0.857,0.484,-0.87,0.092,0.893,0.02,-0.45,0.333,0.851,0.407,0.701,0.212,0.681,-0.591,0.715,0.373,0.797,0.054,0.601,-0.369,0.838,0.402,0.91,-0.072,0.409,-0.274,0.791,0.547,0.854,0.051,0.518,-0.62,0.555,0.555,paper
1.238373,0.048,0.815,0.578,-0.599,-0.532,0.599,0.543,-0.772,-0.329,0.724,-0.363,0.586,0.118,-0.296,-0.948,0.824,-0.209,0.526,0.099,-0.099,-0.99,0.862,-0.196,0.468,0.082,-0.412,-0.907,0.994,-0.023,-0.104,-0.535,-0.267,-0.802,0.143,0.915,0.377,-0.863,0.199,-0.465,rock
22.822941,-0.007,0.72,0.694,-0.046,-0.627,-0.778,-0.008,-0.885,-0.466,0.853,-0.383,0.354,-0.889,0.323,-0.323,0.975,-0.034,0.221,-0.989,-0.022,-0.146,0.848,-0.001,0.531,-0.793,0.011,-0.609,0.841,0.042,0.539,-0.803,0.011,-0.596,0.046,0.838,0.544,-0.0,-0.8,-0.6,scissors
28.464687,0.531,-0.06,0.845,0.394,-0.919,0.0,-0.528,-0.281,-0.801,0.467,0.539,0.701,0.968,0.222,0.121,-0.038,0.585,0.81,0.581,-0.023,0.814,0.185,0.606,0.773,0.695,-0.312,0.647,0.031,0.852,0.522,0.549,0.148,0.823,-0.378,-0.13,0.917,-0.852,-0.213,-0.479,none
14.171701,0.008,0.72,0.693,-0.814,-0.46,-0.354,0.418,-0.816,-0.4,0.803,-0.358,0.477,-0.649,-0.198,-0.734,0.894,-0.166,0.417,-0.703,-0.306,-0.642,0.908,-0.238,0.344,-0.808,-0.299,-0.508,0.968,-0.047,-0.245,-0.923,-0.375,-0.087,0.014,0.943,0.332,-0.336,-0.476,-0.812,rock
30.716486,0.413,-0.161,0.896,-0.073,0.587,-0.807,-0.432,-0.139,-0.891,0.623,0.216,0.752,-0.766,-0.122,-0.632,-0.465,-0.057,0.883,0.367,0.367,-0.855,-0.345,-0.308,0.886,0.122,0.414,-0.902,-0.395,-0.044,0.918,-0.379,-0.09,-0.921,-0.38,-0.079,0.921,-0.426,-0.674,-0.603,none
17.389299,-0.35,0.441,0.827,0.707,-0.566,-0.424,0.792,-0.365,-0.49,0.803,-0.342,-0.488,-0.7,0.7,-0.14,0.931,0.332,-0.15,-0.941,0.188,0.282,0.89,0.445,-0.098,-0.97,0.216,-0.108,0.706,0.705,-0.073,-0.941,0.188,0.282,0.028,0.887,0.462,-0.839,-0.466,-0.28,none
7.028198,-0.14,0.752,0.644,0.0,0.737,0.675,0.266,-0.859,-0.438,0.771,-0.547,0.327,0.824,-0.457,0.335,0.969,-0.205,0.136,0.968,-0.174,0.182,0.926,0.037,0.375,0.871,-0.049,0.489,0.924,0.054,0.38,0.839,-0.033,0.543,0.064,0.915,0.398,0.008,0.89,0.457,scissors
12.585696,-0.118,0.708,0.696,0.206,0.979,-0.0,0.713,-0.178,-0.678,0.822,-0.475,0.313,0.215,-0.574,0.79,0.983,-0.12,0.141,0.355,-0.296,0.887,0.884,0.057,0.464,0.737,-0.676,-0.0,0.875,0.073,0.478,0.725,-0.653,0.218,0.02,0.889,0.458,0.566,0.707,0.424,scissors
34.80602,0.576,-0.322,0.751,-0.207,-0.678,-0.705,-0.396,0.185,-0.9,0.546,0.094,0.833,0.74,0.404,0.538,-0.177,0.59,0.788,0.718,-0.529,0.453,0.292,0.855,0.428,0.536,-0.609,-0.585,0.066,0.994,0.089,0.754,-0.08,-0.652,-0.588,0.073,0.805,-0.13,0.028,-0.991,none
25.972982,0.518,0.452,0.726,-0.827,-0.362,0.431,-0.394,-0.734,-0.554,0.953,0.097,0.286,0.854,0.448,-0.263,0.338,0.299,0.892,0.786,0.532,0.316,0.452,0.137,0.882,0.851,0.192,0.489,0.287,0.535,0.795,0.807,0.579,0.117,0.14,-0.296,0.945,-0.236,0.955,-0.177,none
5.074278,0.071,-0.151,0.986,-0.609,-0.508,0.609,0.23,0.036,-0.972,0.79,0.546,0.279,0.206,0.928,-0.309,-0.216,0.765,0.606,-0.408,0.816,0.408,-0.131,0.67,0.73,0.241,0.402,0.884,-0.135,0.791,0.597,0.609,0.426,0.669,-0.408,0.296,0.864,-0.859,0.458,-0.229,none
17.600806,-0.205,0.61,0.765,0.721,-0.628,0.291,0.689,-0.508,-0.518,0.831,-0.388,-0.4,0.17,0.957,0.234,0.957,0.278,-0.082,-0.506,0.66,0.555,0.927,0.374,-0.032,-0.737,0.403,0.543,0.777,0.63,-0.012,-0.681,0.337,0.651,0.147,0.841,0.52,-0.83,-0.438,0.345,none
11.582176,-0.149,0.771,0.619,-0.09,-0.679,-0.728,0.792,-0.245,-0.559,0.75,-0.562,0.349,-0.855,0.367,-0.367,0.956,-0.233,0.178,-0.988,0.024,-0.15,0.938,0.017,0.347,-0.811,0.041,-0.584,0.932,0.046,0.361,-0.818,0.057,-0.573,0.115,0.914,0.388,0.0,-0.819,-0.573,scissors
7.542986,0.001,0.774,0.633,-0.072,-0.862,-0.503,0.608,-0.575,-0.547,0.767,-0.369,0.525,-0.597,0.376,-0.708,0.865,-0.192,0.464,-0.799,0.306,-0.517,0.885,-0.236,0.401,-0.735,0.267,-0.623,0.981,-0.051,-0.189,-0.982,0.153,-0.109,0.073,0.941,0.33,-0.372,-0.86,-0.349,rock
35.081951,0.12,0.811,0.573,0.147,0.885,-0.442,0.232,-0.946,-0.228,0.753,-0.275,0.597,-0.905,-0.302,-0.302,0.82,-0.125,0.559,-0.68,-0.272,0.68,0.873,-0.123,0.472,-0.577,0.577,0.577,0.994,0.05,-0.098,-0.577,0.577,0.577,0.159,0.889,0.429,-0.535,0.267,-0.802,rock
4.139757,0.008,-0.172,0.985,-0.453,0.768,-0.453,0.188,0.064,-0.98,0.795,0.57,0.207,-0.381,-0.858,-0.343,-0.074,0.846,0.529,0.525,-0.81,-0.263,0.083,0.807,0.585,0.396,-0.793,-0.463,-0.011,0.927,0.375,0.43,-0.885,-0.177,-0.482,0.344,0.806,0.96,-0.104,-0.259,none
35.591285,0.035,0.86,0.509,-0.0,-0.864,0.504,0.196,-0.945,-0.263,0.686,-0.357,0.634,0.239,0.179,-0.954,0.782,-0.228,0.58,0.0,0.614,-0.789,0.822,-0.193,0.537,0.14,0.14,-0.98,0.999,-0.03,-0.037,-0.524,0.328,-0.786,0.246,0.909,0.337,-0.986,-0.0,-0.164,rock
2.439814,-0.123,0.95,0.287,-0.975,0.222,0.0,0.764,-0.633,0.124,0.845,0.072,-0.53,0.06,0.84,-0.54,0.738,0.262,0.622,0.287,0.933,0.215,0.853,0.098,0.512,0.374,0.873,-0.312,0.952,-0.013,0.305,0.174,0.985,0.0,0.877,0.193,0.441,-0.037,0.955,0.294,paper
31.768399,0.389,-0.216,0.896,-0.72,-0.103,-0.686,-0.321,-0.017,-0.947,0.51,0.235,0.827,-0.551,0.655,-0.517,-0.627,0.032,0.778,-0.411,0.684,-0.602,-0.446,-0.1,0.889,-0.556,0.768,-0.318,-0.435,0.11,0.894,-0.74,0.404,0.538,-0.534,0.206,0.82,0.656,-0.005,-0.755,none
3.0042,0.032,0.812,0.582,0.333,0.667,-0.667,0.512,-0.807,-0.292,0.727,-0.357,0.586,-0.436,0.218,-0.873,0.825,-0.202,0.527,-0.873,0.218,0.436,0.859,-0.205,0.469,-0.485,0.728,-0.485,0.993,-0.033,-0.112,-0.781,0.625,0.0,0.149,0.926,0.347,-0.928,-0.0,-0.371,rock
12.069649,-0.063,0.731,0.679,0.137,-0.537,-0.832,0.751,-0.167,-0.639,0.82,-0.457,0.345,-0.899,0.362,-0.245,0.977,-0.111,0.182,-0.999,-0.034,-0.034,0.89,-0.028,0.456,-0.786,-0.094,-0.61,0.895,-0.017,0.446,-0.807,-0.046,-0.588,0.054,0.874,0.483,0.095,-0.823,-0.56,scissors
1.095641,-0.011,-0.259,0.966,0.577,-0.577,-0.577,0.189,0.15,-0.97,0.698,0.702,0.146,-0.436,0.218,-0.873,-0.145,0.907,0.395,-1.0,0.0,-0.0,-0.015,0.88,0.475,-0.688,0.229,-0.688,-0.121,0.954,0.274,-0.953,0.272,-0.136,-0.597,0.356,0.719,-0.848,-0.0,-0.53,none
17.702037,0.158,0.922,0.354,-0.192,-0.915,-0.354,0.579,-0.691,-0.431,0.892,-0.222,-0.394,-0.928,0.179,0.326,0.716,-0.011,0.698,-0.721,-0.063,-0.69,0.747,-0.181,0.64,-0.711,0.106,-0.696,0.82,-0.282,0.498,-0.833,0.223,-0.506,0.82,-0.164,0.548,-0.806,0.058,-0.59,paper
12.217175,-0.175,-0.259,0.95,-0.802,-0.535,-0.267,0.529,0.219,-0.82,0.825,0.043,-0.563,-0.309,-0.722,-0.619,-0.532,0.719,0.447,-0.231,0.416,0.879,-0.448,0.628,0.637,0.0,-0.0,1.0,-0.338,0.641,0.689,0.188,-0.282,0.941,-0.883,0.416,0.216,0.367,-0.367,-0.855,none
45.253366,-0.79,0.295,0.537,-0.753,-0.188,-0.631,0.84,-0.505,-0.199,0.445,-0.133,-0.886,-0.583,0.624,-0.52,0.796,0.378,-0.473,-0.529,0.471,-0.706,0.703,0.486,-0.519,0.061,0.936,-0.346,0.534,0.81,-0.241,0.414,0.644,-0.644,0.14,0.953,0.27,0.649,0.176,-0.74,none
50.35194,0.649,-0.659,0.381,-0.148,-0.72,0.678,-0.727,0.469,-0.501,0.105,0.894,0.436,0.866,0.135,-0.482,-0.545,0.794,0.27,0.925,0.273,0.264,-0.463,0.851,0.249,0.962,0.163,0.22,-0.637,0.722,0.269,0.953,0.092,0.287,-0.738,-0.558,0.378,-0.926,0.042,0.376,none
3.830627,-0.131,0.765,0.631,0.707,0.707,0.0,0.719,-0.61,-0.334,0.758,-0.541,0.363,-0.236,0.236,-0.943,0.968,-0.188,0.164,-0.943,0.236,0.236,0.911,0.018,0.411,-0.577,0.577,-0.577,0.913,0.037,0.406,-0.625,0.469,0.625,0.078,0.894,0.442,-0.949,0.0,-0.316,scissors
28.960218,0.037,0.809,0.586,0.046,0.821,0.57,-0.456,-0.54,-0.707,0.739,-0.332,0.586,0.735,-0.361,0.574,0.829,-0.171,0.533,0.791,-0.198,0.58,0.871,-0.18,0.458,0.836,-0.17,0.522,0.991,-0.003,-0.131,1.0,0.014,-0.0,0.139,0.917,0.375,0.078,0.943,0.323,rock
28.54602,0.037,0.853,0.521,0.155,0.81,0.566,-0.474,-0.583,-0.66,0.691,-0.36,0.627,0.741,-0.354,0.57,0.791,-0.225,0.569,0.81,-0.189,0.555,0.826,-0.202,0.526,0.845,-0.176,0.505,0.998,-0.037,-0.052,1.0,0.011,-0.023,0.221,0.918,0.328,0.065,0.943,0.325,rock
11.112623,-0.04,0.776,0.629,0.036,0.85,0.525,-0.3,-0.926,-0.227,0.759,-0.394,0.518,0.645,-0.447,0.62,0.864,-0.218,0.454,0.685,-0.307,0.661,0.878,-0.26,0.401,0.773,-0.193,0.604,0.979,-0.075,-0.191,0.995,-0.0,0.105,0.071,0.95,0.305,0.118,0.97,0.213,rock
24.371752,0.012,0.719,0.695,-0.171,0.941,0.291,0.42,-0.8,-0.429,0.812,-0.35,0.466,0.469,-0.625,0.625,0.901,-0.153,0.407,0.601,-0.526,0.601,0.913,-0.233,0.336,0.609,-0.4,0.685,0.967,-0.04,-0.252,0.938,-0.265,0.224,0.009,0.942,0.334,0.26,0.966,-0.0,rock
9.516944,-0.177,0.787,0.591,0.131,-0.794,-0.593,-0.279,-0.841,-0.463,0.748,-0.564,0.35,-0.705,0.576,-0.413,0.957,-0.231,0.174,-0.94,0.285,-0.185,0.928,0.063,0.368,-0.936,0.062,-0.348,0.931,0.071,0.358,-0.939,0.044,-0.342,0.103,0.914,0.394,-0.18,-0.898,-0.402,scissors
17.187924,-0.16,0.932,0.326,0.205,-0.889,-0.41,0.836,-0.547,0.04,0.861,0.043,-0.507,-0.924,0.142,0.355,0.749,0.265,0.608,-0.889,-0.111,-0.444,0.838,0.099,0.537,-0.805,0.054,-0.591,0.931,0.002,0.366,-0.952,0.238,-0.19,0.862,0.152,0.483,-0.902,-0.043,-0.43,paper
11.111614,-0.035,0.789,0.614,0.078,0.862,0.501,-0.257,-0.932,-0.255,0.752,-0.396,0.528,0.679,-0.383,0.627,0.858,-0.224,0.462,0.733,-0.256,0.631,0.871,-0.263,0.414,0.798,-0.17,0.578,0.982,-0.081,-0.173,0.997,0.0,0.071,0.086,0.951,0.299,0.117,0.952,0.284,rock
17.805739,0.079,0.768,0.635,1.0,-0.0,-0.0,0.395,-0.812,-0.43,0.778,-0.315,0.544,0.0,0.196,-0.981,0.859,-0.142,0.492,-0.816,0.408,0.408,0.894,-0.179,0.41,-0.0,0.555,-0.832,0.984,0.003,-0.176,-0.667,0.667,-0.333,0.088,0.921,0.378,-0.889,0.254,-0.381,rock
14.180568,-0.238,0.742,0.627,-0.289,-0.462,0.838,0.857,-0.115,-0.502,0.755,-0.591,0.284,0.559,0.08,-0.825,0.957,-0.263,0.121,0.349,0.465,-0.814,0.94,0.083,0.332,0.028,0.864,0.502,0.93,0.12,0.348,-0.125,0.772,0.623,0.081,0.941,0.33,-0.964,0.265,-0.024,scissors
36.600609,0.609,-0.281,0.742,-0.627,-0.604,-0.492,-0.44,0.073,-0.895,0.673,0.202,0.712,0.953,-0.093,0.29,0.099,0.755,0.649,0.524,-0.421,0.74,0.445,0.776,0.447,0.758,-0.303,0.578,-0.282,0.872,0.401,0.798,-0.198,0.57,-0.625,-0.061,0.778,-0.049,0.73,-0.682,none
7.731836,-0.086,0.95,0.3,0.0,1.0,0.0,0.707,-0.699,0.105,0.855,0.037,-0.517,0.436,0.218,-0.873,0.744,0.223,0.63,0.408,0.408,0.816,0.841,0.059,0.538,0.873,0.436,0.218,0.941,-0.068,0.333,0.0,0.6,0.8,0.889,0.089,0.449,-0.447,0.894,-0.0,paper
38.113355,0.663,-0.417,0.622,-0.108,-0.755,-0.647,-0.497,0.289,-0.818,0.435,0.884,0.173,-0.904,-0.156,-0.398,0.162,0.968,0.19,-0.723,0.007,-0.691,0.242,0.97,-0.022,-0.635,0.005,-0.772,-0.128,0.969,-0.213,-0.893,-0.135,-0.428,-0.486,-0.095,0.869,-0.469,-0.362,0.805,none
20.94052,0.278,0.219,0.935,-0.996,-0.07,0.059,-0.197,-0.587,-0.786,0.983,0.177,-0.051,-0.342,-0.1,-0.934,0.664,0.61,0.432,0.144,0.134,-0.98,0.647,0.453,0.613,0.215,0.427,-0.879,0.547,0.827,-0.131,-0.065,-0.345,-0.936,-0.116,0.351,0.929,-0.205,0.754,-0.624,none
11.833283,-0.075,0.948,0.31,0.311,0.82,-0.481,0.055,-0.988,0.144,0.863,-0.0,-0.505,0.261,-0.6,-0.756,0.746,0.201,0.635,0.819,-0.555,0.146,0.83,0.036,0.557,0.721,-0.692,-0.029,0.925,-0.082,0.372,0.579,-0.805,-0.129,0.874,0.064,0.481,0.795,-0.459,-0.397,paper
18.189886,-0.22,0.803,0.554,-0.039,0.636,0.771,0.902,-0.372,-0.22,0.709,-0.613,0.347,0.868,-0.482,0.116,0.928,-0.315,0.201,0.99,-0.116,0.078,0.961,0.005,0.277,0.863,0.131,0.488,0.954,0.062,0.293,0.774,0.189,0.604,0.175,0.93,0.323,-0.199,0.904,0.38,scissors
14.256985,0.001,0.506,0.863,0.206,-0.529,0.823,0.445,-0.598,-0.666,0.907,-0.361,-0.218,-0.861,0.168,-0.48,0.99,-0.025,-0.137,-0.774,0.06,-0.631,0.961,-0.01,-0.277,-0.848,0.124,-0.515,0.88,0.216,-0.423,-0.932,-0.031,-0.362,0.355,-0.013,0.935,0.638,0.58,0.507,none
15.274591,0.064,0.746,0.663,0.1,-0.597,-0.796,0.43,-0.766,-0.478,0.796,-0.316,0.516,-0.669,0.446,-0.595,0.876,-0.135,0.464,-0.953,0.293,-0.073,0.907,-0.187,0.378,-0.762,0.457,-0.457,0.978,-0.002,-0.209,-0.911,0.391,0.13,0.052,0.925,0.377,-0.437,-0.786,-0.437,rock
21.729631,0.29,-0.243,0.926,0.957,0.289,-0.035,-0.217,0.05,-0.975,0.756,0.655,-0.018,0.42,-0.155,0.894,0.127,0.917,0.377,-0.173,-0.204,0.964,0.164,0.798,0.579,-0.038,-0.394,0.918,0.027,0.988,-0.149,-0.022,0.305,0.952,-0.6,0.158,0.784,0.371,-0.605,0.704,none
56.983029,0.726,-0.609,0.318,-0.745,-0.298,-0.596,-0.634,0.487,-0.601,-0.077,-0.348,0.934,0.0,0.447,-0.894,-0.676,-0.713,0.189,-0.577,0.577,0.577,-0.806,-0.566,0.171,0.64,-0.426,0.64,-0.802,-0.589,0.101,-0.0,-0.894,0.447,-0.005,-0.582,0.814,-0.781,-0.39,-0.488,none
43.212631,-0.637,0.603,0.48,0.048,0.775,-0.63,0.786,-0.611,-0.089,0.538,-0.587,-0.605,-0.911,-0.337,-0.236,0.908,0.043,-0.418,-0.498,-0.311,-0.809,0.772,0.617,-0.153,0.025,0.225,-0.974,0.595,0.798,-0.101,-0.641,0.285,-0.712,0.393,0.899,0.193,0.786,0.202,-0.584,none
14.680251,0.071,0.758,0.648,-0.287,-0.958,0.0,0.484,-0.742,-0.463,0.783,-0.323,0.531,-0.241,0.12,-0.963,0.866,-0.148,0.478,-0.594,0.254,-0.763,0.898,-0.189,0.397,-0.473,0.068,-0.878,0.982,-0.005,-0.191,-0.9,0.12,-0.42,0.079,0.926,0.369,-0.814,-0.349,-0.465,rock
28.962233,0.037,0.82,0.572,-0.148,0.984,0.098,-0.45,-0.541,-0.71,0.722,-0.356,0.593,0.155,-0.699,0.699,0.819,-0.207,0.536,0.18,-0.6,0.78,0.853,-0.206,0.48,0.345,-0.276,0.897,0.994,-0.032,-0.101,0.737,-0.164,0.655,0.175,0.925,0.339,0.33,0.923,-0.198,rock
28.96109,0.004,0.825,0.565,0.123,0.761,0.637,-0.453,-0.527,-0.719,0.733,-0.355,0.58,0.822,-0.356,0.444,0.83,-0.204,0.52,0.851,-0.153,0.502,0.856,-0.216,0.47,0.901,-0.176,0.396,0.993,-0.043,-0.112,0.985,0.047,-0.164,0.15,0.931,0.333,-0.104,0.957,0.27,rock
14.171822,0.008,0.74,0.673,-0.314,-0.799,-0.513,0.418,-0.816,-0.4,0.796,-0.365,0.483,-0.666,0.027,-0.746,0.89,-0.174,0.422,-0.774,-0.057,-0.631,0.903,-0.241,0.356,-0.816,-0.082,-0.572,0.971,-0.051,-0.232,-0.979,-0.185,-0.079,0.031,0.945,0.325,-0.351,-0.62,-0.701,rock
17.741352,0.081,0.766,0.637,0.236,-0.236,-0.943,0.416,-0.794,-0.443,0.777,-0.312,0.547,-0.53,0.53,-0.662,0.857,-0.144,0.494,-0.889,0.381,0.254,0.895,-0.177,0.41,-0.566,0.707,-0.424,0.984,0.006,-0.177,-0.796,0.597,0.1,0.092,0.92,0.382,-0.811,-0.487,-0.324,rock
18.189758,-0.219,0.805,0.552,-0.039,0.636,0.771,0.897,-0.342,-0.282,0.709,-0.612,0.351,0.873,-0.467,0.142,0.926,-0.315,0.206,0.991,-0.083,0.103,0.961,-0.013,0.275,0.858,0.12,0.499,0.959,0.038,0.282,0.762,0.181,0.622,0.183,0.929,0.322,-0.207,0.903,0.376,scissors
3.972744,0.048,0.828,0.559,0.0,0.0,-1.0,0.547,-0.801,-0.244,0.71,-0.352,0.61,-0.492,0.123,-0.862,0.808,-0.209,0.55,-0.99,0.141,-0.0,0.844,-0.199,0.497,-0.625,0.469,-0.625,0.996,-0.031,-0.083,-0.862,0.492,-0.123,0.185,0.922,0.34,-0.911,-0.13,-0.391,rock
18.696693,-0.213,0.801,0.559,-0.117,0.65,0.751,0.872,-0.436,-0.223,0.714,-0.604,0.354,0.86,-0.491,0.14,0.929,-0.307,0.209,0.992,-0.108,0.072,0.958,-0.002,0.287,0.87,0.119,0.478,0.954,0.054,0.295,0.776,0.194,0.6,0.176,0.927,0.331,-0.185,0.91,0.371,scissors
1.936158,-0.109,0.955,0.277,-0.707,0.566,-0.424,0.757,-0.645,0.103,0.846,0.106,-0.522,0.793,0.226,-0.566,0.729,0.287,0.622,0.651,0.391,0.651,0.856,0.116,0.504,0.99,0.0,0.141,0.962,-0.013,0.273,0.843,0.482,-0.241,0.932,0.159,0.325,0.506,0.853,-0.126,paper
15.272489,-0.215,-0.217,0.952,0.501,-0.358,-0.788,0.648,0.207,-0.733,0.71,0.1,-0.697,0.688,0.688,-0.229,0.751,0.489,-0.444,-0.185,0.647,0.74,0.729,0.457,-0.51,0.625,0.469,0.625,-0.303,0.724,0.619,-0.312,-0.156,0.937,-0.716,0.653,0.247,0.832,-0.0,0.555,none
31.002754,0.118,0.792,0.599,0.494,-0.757,-0.428,0.099,-0.941,-0.324,0.754,-0.282,0.593,-0.448,0.756,-0.476,0.829,-0.123,0.546,-0.738,0.653,-0.17,0.883,-0.126,0.452,-0.543,0.685,-0.486,0.99,0.053,-0.132,-0.816,0.579,-0.0,0.151,0.894,0.422,-0.314,-0.941,0.125,rock
55.453428,0.677,-0.597,0.431,0.936,0.341,-0.085,-0.631,0.445,-0.635,-0.073,-0.393,0.917,0.903,-0.428,-0.048,-0.7,-0.687,0.197,-0.073,-0.293,0.953,-0.721,-0.657,0.218,0.258,-0.344,0.903,-0.782,-0.602,0.161,-0.101,-0.404,0.909,-0.734,-0.56,0.386,-0.581,-0.814,0.0,none
12.071244,-0.008,0.69,0.724,-0.103,-0.982,-0.155,0.72,-0.108,-0.685,0.834,-0.417,0.36,-0.36,0.563,-0.743,0.979,-0.064,0.196,-0.752,0.388,-0.533,0.861,-0.02,0.509,-0.89,0.445,-0.099,0.853,-0.008,0.522,-0.924,0.383,0.023,0.034,0.848,0.529,-0.622,-0.691,-0.369,scissors
23.192254,0.455,0.166,0.875,-0.941,-0.196,0.275,-0.395,-0.543,-0.742,0.915,0.313,0.255,-0.217,0.254,-0.942,0.341,0.536,0.773,-0.041,0.573,-0.819,0.304,0.184,0.935,0.0,0.887,-0.461,0.187,0.627,0.757,0.264,0.83,-0.491,-0.206,0.074,0.976,-0.385,0.839,-0.385,none
15.657284,-0.134,0.965,0.225,-0.012,-0.967,-0.253,0.535,-0.782,0.321,0.795,-0.038,-0.605,-0.798,0.137,0.586,0.837,0.202,0.509,-0.859,-0.082,-0.506,0.904,0.018,0.426,-0.86,0.105,-0.5,0.966,-0.076,0.246,-0.924,0.228,-0.308,0.918,0.132,0.373,-0.913,-0.022,-0.407,paper
0.23016,0.024,0.785,0.619,0.936,0.25,-0.25,0.492,-0.765,-0.416,0.763,-0.374,0.528,0.141,0.989,0.047,0.86,-0.199,0.47,-0.122,0.671,0.732,0.88,-0.23,0.415,-0.0,0.942,0.336,0.983,-0.046,-0.176,-0.418,0.766,0.488,0.098,0.941,0.324,0.545,-0.778,0.311,rock
1.958309,0.039,0.798,0.601,0.763,0.254,-0.594,0.533,-0.776,-0.337,0.749,-0.35,0.563,-0.635,0.762,0.127,0.841,-0.186,0.508,-0.709,0.315,0.63,0.873,-0.201,0.444,-0.398,0.896,0.199,0.991,-0.025,-0.13,-0.485,0.728,0.485,0.118,0.923,0.366,0.267,-0.802,0.535,rock
10.176304,-0.164,0.95,0.266,0.514,0.748,-0.421,0.59,-0.757,0.28,0.821,0.06,-0.568,0.362,-0.588,-0.724,0.783,0.253,0.569,0.758,-0.583,0.292,0.876,0.081,0.475,0.703,-0.703,0.108,0.961,-0.037,0.275,0.595,-0.793,0.132,0.901,0.158,0.403,0.697,-0.627,-0.348,paper
51.883725,0.714,-0.65,0.258,-0.75,0.241,0.616,-0.737,0.479,-0.477,0.205,0.926,-0.318,0.957,-0.166,0.239,-0.078,0.966,-0.245,0.693,-0.353,0.628,-0.069,0.97,-0.235,0.528,-0.775,0.346,-0.349,0.924,-0.158,0.891,-0.445,0.093,-0.799,-0.587,0.13,-0.457,0.327,0.827,none
22.841779,0.024,0.821,0.571,-0.191,-0.477,-0.858,0.572,-0.406,-0.712,0.712,-0.364,0.6,-0.757,0.207,-0.62,0.814,-0.221,0.538,-0.986,0.076,-0.152,0.844,-0.217,0.49,-0.884,0.241,-0.402,0.994,-0.047,-0.095,-0.968,0.208,0.138,0.182,0.93,0.319,-0.426,-0.681,-0.596,rock
40.66245,0.554,0.129,0.823,0.123,-0.492,0.862,-0.363,-0.4,-0.842,0.881,0.471,0.054,-0.962,-0.047,-0.268,0.604,0.785,0.14,-0.82,0.03,-0.571,0.599,0.783,0.166,-0.779,0.222,-0.587,0.415,0.893,-0.176,-0.881,-0.024,-0.472,0.1,-0.612,0.785,0.739,0.65,0.177,none
18.187759,-0.188,0.762,0.619,0.295,0.954,0.045,0.894,-0.294,-0.338,0.768,-0.558,0.314,0.462,-0.407,0.788,0.958,-0.235,0.166,0.595,-0.207,0.776,0.934,0.035,0.357,0.777,-0.577,0.251,0.926,0.081,0.37,0.79,-0.518,0.327,0.097,0.923,0.372,0.46,0.704,0.541,scissors
4.933049,-0.081,0.952,0.295,0.0,-0.97,0.243,0.72,-0.689,0.086,0.859,0.043,-0.51,-0.316,0.949,0.0,0.739,0.225,0.635,-0.911,0.391,0.13,0.844,0.058,0.533,-0.845,0.507,-0.169,0.944,-0.068,0.322,-0.697,0.597,0.398,0.892,0.092,0.443,-0.976,0.195,-0.098,paper
42.703739,-0.517,0.708,0.481,-0.73,0.682,0.049,0.726,-0.681,-0.102,0.552,-0.301,-0.777,0.848,-0.184,-0.498,0.916,0.317,-0.246,-0.16,-0.08,-0.984,0.894,0.395,-0.21,-0.452,0.148,-0.88,0.794,0.535,-0.288,-0.707,0.023,-0.707,0.597,0.703,0.386,0.797,0.534,0.281,none
46.273548,-0.667,0.466,0.581,-0.825,-0.485,-0.291,0.725,-0.648,-0.234,0.47,0.613,-0.635,-0.845,0.511,-0.158,0.176,0.984,-0.026,0.022,0.336,-0.942,0.24,0.965,0.107,-0.153,0.249,-0.956,0.29,0.936,0.197,-0.068,0.316,-0.947,0.48,0.749,0.458,-0.223,0.551,-0.804,none
22.839162,0.063,0.857,0.512,-0.276,-0.668,-0.691,0.545,-0.468,-0.696,0.674,-0.339,0.656,-0.804,0.144,-0.577,0.771,-0.222,0.597,-0.898,-0.021,-0.439,0.813,-0.182,0.553,-0.905,0.063,-0.421,0.999,-0.026,-0.018,-0.989,-0.082,0.124,0.257,0.908,0.331,-0.13,-0.783,-0.609,rock
11.620764,-0.007,0.806,0.591,-0.14,0.14,0.98,-0.31,-0.912,-0.268,0.73,-0.381,0.567,-0.65,0.26,-0.715,0.833,-0.225,0.506,-0.942,0.202,-0.269,0.859,-0.236,0.455,-0.802,0.267,-0.535,0.989,-0.06,-0.132,-0.973,0.229,0.0,0.136,0.939,0.315,-0.458,-0.719,-0.523,rock
42.193566,-0.539,0.718,0.441,-0.259,0.432,-0.864,0.698,-0.712,-0.081,0.585,-0.292,-0.757,-0.389,-0.874,-0.291,0.938,0.284,-0.197,-0.199,-0.896,-0.398,0.938,0.285,-0.197,-0.047,-0.752,-0.658,0.854,0.411,-0.319,0.386,-0.902,-0.193,0.601,0.637,0.484,0.551,0.184,-0.814,none
14.107232,-0.307,0.743,0.595,-0.408,0.408,0.816,0.89,-0.099,-0.446,0.724,-0.645,0.245,0.535,-0.267,-0.802,0.943,-0.324,0.077,0.707,0.0,-0.707,0.954,0.122,0.273,0.507,0.845,0.169,0.941,0.166,0.296,-0.101,0.704,0.704,0.081,0.963,0.256,-0.818,0.545,-0.182,scissors
6.604593,-0.003,0.184,0.983,0.989,-0.138,-0.059,0.295,-0.362,-0.884,0.9,0.436,0.005,-0.025,-0.868,0.496,0.034,0.752,0.659,-0.401,-0.802,0.443,0.066,0.634,0.771,-0.24,-0.961,0.134,-0.007,0.637,0.771,-0.297,-0.915,0.272,-0.175,0.356,0.918,-0.73,-0.472,0.494,none
27.943327,0.077,0.884,0.462,0.107,0.875,0.473,-0.325,-0.89,-0.319,0.632,-0.357,0.688,0.605,-0.356,0.712,0.734,-0.263,0.627,0.686,-0.263,0.678,0.774,-0.189,0.605,0.738,-0.151,0.658,0.998,-0.042,0.05,0.985,-0.008,0.172,0.321,0.897,0.305,0.269,0.91,0.316,rock
15.192597,0.07,0.741,0.668,0.137,-0.549,-0.824,0.425,-0.783,-0.455,0.798,-0.317,0.513,-0.656,0.375,-0.656,0.878,-0.134,0.459,-0.958,0.287,-0.0,0.91,-0.187,0.37,-0.704,0.503,-0.503,0.976,0.001,-0.217,-0.907,0.412,0.082,0.048,0.925,0.378,-0.57,-0.684,-0.456,rock
24.446554,0.243,0.107,0.964,-0.104,0.989,0.104,-0.267,-0.44,-0.857,0.906,0.423,-0.005,0.249,-0.83,-0.498,0.495,0.728,0.474,0.815,-0.445,0.371,0.483,0.588,0.649,0.919,-0.394,-0.0,0.283,0.879,0.385,0.838,0.132,0.529,-0.295,0.341,0.893,0.83,0.277,0.484,none
5.43849,-0.137,0.813,0.566,0.464,0.649,0.603,0.77,-0.566,-0.295,0.716,-0.564,0.41,0.919,-0.108,0.379,0.943,-0.238,0.234,0.841,0.263,0.473,0.933,-0.028,0.358,0.658,-0.253,0.709,0.934,0.007,0.356,0.472,-0.236,0.849,0.155,0.887,0.434,-0.281,0.655,0.702,scissors
29.655262,0.448,-0.044,0.893,0.252,0.252,0.935,-0.565,-0.22,-0.796,0.523,0.668,0.529,0.806,0.518,0.288,0.059,0.717,0.694,0.167,0.794,0.585,0.254,0.723,0.643,0.382,0.841,0.382,0.093,0.936,0.34,0.152,0.971,0.182,-0.342,-0.076,0.937,-0.306,0.034,0.951,none
51.372362,0.704,-0.61,0.364,-0.808,-0.115,-0.577,-0.741,0.403,-0.537,0.135,0.866,0.481,0.752,-0.173,-0.636,-0.523,0.783,0.337,0.855,-0.367,0.367,-0.421,0.848,0.322,0.857,-0.514,0.0,-0.595,0.736,0.322,0.824,-0.549,0.137,-0.676,-0.627,0.387,-0.679,0.407,-0.611,none
38.113485,0.678,-0.44,0.589,0.0,0.944,-0.329,-0.437,0.271,-0.857,0.396,0.916,-0.061,-0.973,-0.213,-0.092,0.377,0.925,-0.041,-0.737,0.031,-0.676,0.38,0.911,-0.163,-0.773,-0.131,-0.62,0.008,0.947,-0.322,-0.902,-0.131,-0.41,-0.662,-0.151,0.734,-0.231,-0.1,0.968,none
20.559241,0.278,0.723,0.632,-0.913,0.356,0.2,-0.123,-0.919,-0.375,0.938,-0.336,0.091,-0.192,-0.404,-0.894,0.856,0.113,0.504,0.406,-0.224,-0.886,0.865,-0.02,0.501,0.503,0.236,-0.831,0.869,0.495,-0.024,-0.3,-0.657,-0.692,0.371,0.35,0.86,-0.067,0.967,-0.247,none
23.569323,0.42,0.156,0.894,-0.253,0.709,0.658,-0.412,-0.484,-0.772,0.903,0.379,0.203,0.944,-0.074,-0.323,0.374,0.611,0.697,0.924,0.032,0.382,0.294,0.323,0.9,0.936,0.146,0.322,0.146,0.732,0.665,0.757,0.473,0.45,-0.234,0.123,0.964,0.26,0.779,0.571,none
48.31409,0.701,-0.53,0.478,0.352,-0.662,-0.662,-0.596,0.375,-0.71,0.186,0.243,0.952,-0.877,-0.329,0.351,-0.867,-0.165,0.469,-0.479,-0.859,-0.18,-0.835,-0.192,0.515,-0.519,-0.8,-0.303,-0.843,-0.203,0.498,-0.561,-0.696,-0.449,-0.544,-0.648,0.532,-0.803,-0.36,-0.475,none
47.294938,0.31,-0.374,0.874,-0.682,-0.72,-0.133,-0.121,0.256,-0.959,0.502,0.606,0.617,-0.803,0.361,-0.474,-0.779,0.437,0.45,-0.416,0.047,-0.908,-0.724,0.354,0.592,-0.486,0.305,-0.819,-0.71,0.31,0.633,-0.517,0.481,-0.708,-0.461,-0.001,0.887,-0.733,0.562,-0.383,none
15.705877,0.064,0.756,0.652,0.707,-0.707,-0.0,0.442,-0.773,-0.455,0.786,-0.32,0.528,-0.13,0.391,-0.911,0.868,-0.142,0.475,-0.707,0.707,0.0,0.901,-0.188,0.39,-0.14,0.7,-0.7,0.98,-0.004,-0.197,-0.722,0.619,-0.309,0.067,0.925,0.375,-0.943,-0.236,-0.236,rock
21.60361,0.343,-0.455,0.822,0.869,0.286,-0.403,-0.228,0.262,-0.938,0.661,0.748,0.058,0.177,-0.293,0.94,-0.041,0.931,0.364,-0.286,-0.425,0.859,-0.014,0.813,0.582,-0.182,-0.593,0.784,-0.114,0.984,-0.138,-0.094,0.034,0.995,-0.667,0.042,0.744,0.476,-0.752,0.457,none
26.684968,0.604,0.116,0.788,0.236,-0.236,-0.943,-0.558,-0.442,-0.702,0.619,0.59,0.518,-0.808,0.303,-0.505,0.082,0.634,0.769,-0.58,-0.811,-0.077,0.214,0.611,0.762,-0.592,-0.77,-0.237,0.077,0.847,0.526,-0.706,-0.706,-0.067,0.242,-0.821,0.517,-0.796,-0.292,-0.531,none
18.258107,0.088,0.765,0.638,0.0,0.0,-1.0,0.45,-0.771,-0.45,0.783,-0.307,0.541,-0.485,0.485,-0.728,0.86,-0.135,0.492,-0.811,0.324,0.487,0.899,-0.171,0.403,-0.485,0.728,-0.485,0.983,0.012,-0.184,-0.7,0.7,0.14,0.082,0.918,0.387,-0.857,0.0,-0.514,rock
13.597175,-0.252,0.739,0.624,0.429,0.751,-0.501,0.867,-0.074,-0.493,0.753,-0.602,0.266,-0.353,-0.132,0.926,0.956,-0.276,0.101,-0.176,-0.247,0.953,0.945,0.087,0.316,0.309,-0.928,-0.206,0.93,0.132,0.343,0.228,-0.957,-0.182,0.074,0.947,0.312,0.943,0.047,0.33,scissors
42.70516,-0.622,0.609,0.493,-0.193,0.56,-0.806,0.746,-0.656,-0.117,0.682,-0.351,-0.641,0.986,-0.007,0.169,0.883,0.352,-0.31,0.713,-0.128,0.689,0.795,0.595,-0.119,-0.336,0.257,-0.906,0.65,0.742,-0.164,-0.791,0.063,-0.609,0.441,0.846,0.3,0.867,0.287,-0.408,none
24.817237,-0.208,0.755,0.622,0.584,0.701,-0.409,0.812,-0.538,-0.228,0.773,-0.563,0.292,-0.152,0.076,0.986,0.958,-0.24,0.155,-0.163,-0.109,0.981,0.937,0.037,0.347,0.184,-0.983,0.0,0.928,0.105,0.357,0.138,-0.968,0.208,0.101,0.933,0.344,0.818,0.182,0.545,scissors
48.823128,0.761,-0.466,0.451,0.989,0.079,-0.121,-0.666,0.337,-0.666,0.232,0.12,0.965,0.288,-0.661,0.693,-0.819,-0.254,0.514,-0.147,-0.646,0.749,-0.813,-0.283,0.51,-0.067,-0.759,0.647,-0.829,-0.273,0.488,-0.073,-0.807,0.587,-0.523,-0.688,0.502,0.064,-0.998,-0.009,none
15.230785,0.065,0.746,0.663,0.218,-0.436,-0.873,0.425,-0.783,-0.455,0.795,-0.319,0.516,-0.755,0.42,-0.504,0.875,-0.139,0.463,-0.967,0.242,0.081,0.907,-0.19,0.376,-0.78,0.52,-0.347,0.978,-0.003,-0.21,-0.873,0.436,0.218,0.054,0.925,0.375,-0.444,-0.778,-0.444,rock
28.961353,0.001,0.815,0.579,-0.0,0.819,0.573,-0.448,-0.547,-0.707,0.741,-0.367,0.562,0.85,-0.458,0.261,0.838,-0.202,0.507,0.784,-0.196,0.588,0.868,-0.219,0.445,0.933,-0.133,0.333,0.989,-0.039,-0.143,0.973,0.162,-0.162,0.129,0.932,0.338,-0.28,0.953,0.112,rock
5.07454,0.052,-0.178,0.983,-0.768,-0.64,-0.043,0.259,0.087,-0.962,0.772,0.575,0.271,-0.259,0.95,-0.173,-0.228,0.788,0.573,-0.667,0.667,-0.333,-0.147,0.701,0.697,-0.147,0.885,0.442,-0.16,0.822,0.547,0.926,0.337,0.168,-0.438,0.29,0.851,-0.761,0.29,-0.58,none
31.222796,0.375,-0.154,0.914,-0.83,0.207,-0.518,-0.334,-0.082,-0.939,0.554,0.316,0.77,0.96,0.144,0.24,-0.574,0.094,0.813,-0.209,0.07,0.975,-0.387,-0.064,0.92,0.442,-0.147,0.885,-0.407,0.128,0.904,0.825,0.291,0.485,-0.402,-0.083,0.912,0.316,0.569,-0.759,none
26.923776,0.062,0.85,0.523,0.286,-0.857,-0.429,-0.302,-0.921,-0.248,0.694,-0.336,0.636,-0.453,0.362,-0.815,0.784,-0.209,0.584,-0.912,0.342,-0.228,0.827,-0.18,0.532,-0.597,0.398,-0.697,0.999,-0.017,-0.041,-0.898,0.408,-0.163,0.231,0.908,0.349,-0.749,-0.468,-0.468,rock
26.349535,0.075,0.788,0.612,0.092,-0.552,-0.829,0.698,-0.454,-0.554,0.785,-0.403,0.47,-0.852,0.426,-0.304,0.93,-0.102,0.353,-0.999,0.029,-0.029,0.868,-0.205,0.453,-0.838,-0.09,-0.539,0.878,-0.15,0.455,-0.887,-0.061,-0.459,0.209,0.816,0.539,-0.067,-0.84,-0.538,scissors
45.762621,-0.708,0.447,0.546,0.829,-0.031,0.558,0.751,-0.625,-0.215,0.461,0.566,-0.683,0.696,-0.707,0.125,0.225,0.972,-0.062,-0.503,-0.449,0.739,0.202,0.977,0.065,-0.203,-0.475,0.856,0.338,0.93,0.145,-0.598,-0.359,0.717,0.404,0.852,0.333,-0.593,-0.199,0.78,none
19.717438,0.017,0.744,0.668,-0.236,0.472,0.849,0.602,-0.657,-0.455,0.821,-0.399,0.408,0.868,-0.434,-0.241,0.959,-0.068,0.275,0.983,-0.058,-0.173,0.861,-0.075,0.504,0.781,0.39,0.488,0.859,-0.04,0.511,0.542,0.497,0.678,0.098,0.829,0.551,-0.537,0.827,0.165,scissors
35.023369,0.551,-0.395,0.735,0.684,-0.456,-0.57,-0.389,0.218,-0.895,0.496,0.111,0.861,-0.786,0.399,-0.473,-0.295,0.653,0.697,-0.392,0.159,-0.906,0.224,0.967,0.121,0.459,0.885,-0.083,-0.115,0.97,-0.216,0.212,0.884,-0.416,-0.752,-0.089,0.653,0.485,0.35,-0.801,none
5.075736,0.144,-0.227,0.963,-0.267,-0.802,-0.535,0.215,0.057,-0.975,0.765,0.565,0.31,0.891,-0.089,0.445,-0.267,0.768,0.583,0.502,-0.223,0.836,-0.179,0.683,0.708,0.78,-0.347,0.52,-0.187,0.812,0.553,0.665,-0.508,0.547,-0.445,0.238,0.863,0.572,-0.082,-0.816,none
27.662819,0.526,0.007,0.851,-0.793,-0.595,-0.132,-0.549,-0.277,-0.789,0.545,0.615,0.57,-0.658,0.701,-0.276,0.028,0.639,0.769,-0.669,0.602,-0.435,0.196,0.645,0.739,-0.533,0.658,-0.533,0.024,0.874,0.485,-0.721,0.202,-0.663,-0.384,-0.136,0.913,-0.96,0.077,-0.269,none
25.39149,0.081,0.889,0.451,0.32,0.86,0.397,0.109,-0.941,-0.321,0.634,-0.336,0.696,0.661,-0.104,0.743,0.729,-0.239,0.641,0.643,-0.011,0.765,0.781,-0.162,0.603,0.772,0.088,0.629,0.999,-0.013,0.043,0.952,0.252,0.172,0.328,0.884,0.334,0.258,0.809,0.528,rock
27.432172,0.098,0.85,0.518,-0.522,-0.562,-0.642,-0.325,-0.909,-0.261,0.688,-0.306,0.658,-0.849,0.111,-0.517,0.772,-0.184,0.608,-0.953,-0.073,-0.293,0.827,-0.143,0.543,-0.95,0.076,-0.304,0.999,0.019,-0.026,-0.974,-0.072,0.216,0.249,0.89,0.381,-0.081,-0.725,-0.684,rock
34.573303,0.096,0.814,0.573,0.148,0.984,0.098,0.213,-0.944,-0.251,0.737,-0.302,0.604,0.33,-0.396,0.857,0.816,-0.153,0.558,0.206,-0.309,0.928,0.866,-0.147,0.478,0.447,0.0,0.894,0.995,0.028,-0.094,0.754,0.189,0.629,0.174,0.898,0.405,0.42,0.9,0.12,rock
26.767898,0.624,0.152,0.767,0.751,-0.143,-0.644,-0.558,-0.442,-0.702,0.615,0.576,0.539,-0.922,-0.084,0.377,0.094,0.609,0.787,-0.762,-0.635,0.127,0.235,0.58,0.78,-0.807,-0.59,-0.031,0.11,0.819,0.563,-0.786,-0.569,0.244,0.323,-0.814,0.483,-0.537,-0.198,-0.82,none
15.785457,-0.278,0.075,0.958,0.889,0.158,0.429,0.608,0.091,-0.789,0.719,0.029,-0.695,-0.884,0.278,0.376,0.804,0.398,-0.442,-0.952,0.2,-0.232,0.778,0.363,-0.512,-0.994,0.0,-0.113,0.136,0.964,0.227,0.615,-0.075,0.785,-0.497,0.834,0.238,-0.472,-0.238,0.848,none
11.70413,-0.198,-0.248,0.948,0.243,0.97,-0.0,0.526,0.187,-0.83,0.85,0.093,-0.519,0.164,-0.986,-0.0,-0.565,0.69,0.452,0.958,-0.202,-0.202,-0.507,0.61,0.609,0.577,-0.577,-0.577,-0.321,0.698,0.64,-0.754,0.226,-0.616,-0.879,0.376,0.295,0.285,0.959,0.0,none
9.582901,-0.011,0.768,0.64,0.046,0.755,0.655,0.591,-0.632,-0.502,0.769,-0.391,0.506,0.791,-0.429,0.437,0.872,-0.219,0.437,0.89,-0.224,0.396,0.874,-0.279,0.397,0.88,-0.288,0.377,0.977,-0.1,-0.189,0.978,-0.099,-0.182,0.065,0.959,0.275,-0.065,0.966,0.252,rock
16.725736,0.084,0.761,0.644,-0.535,0.802,0.267,0.41,-0.813,-0.414,0.785,-0.308,0.537,0.0,-0.555,-0.832,0.865,-0.134,0.484,-0.302,-0.302,0.905,0.901,-0.173,0.398,0.707,0.0,-0.707,0.982,0.011,-0.19,-0.667,0.667,-0.333,0.076,0.919,0.387,-0.768,0.512,-0.384,rock
18.786389,0.085,0.771,0.631,0.577,0.577,-0.577,0.449,-0.79,-0.418,0.776,-0.313,0.548,0.0,0.371,-0.928,0.856,-0.142,0.497,-0.577,0.577,0.577,0.895,-0.174,0.411,0.229,0.688,-0.688,0.985,0.009,-0.174,-0.487,0.811,-0.324,0.092,0.919,0.384,-0.953,0.272,-0.136,rock
2.081673,-0.007,-0.257,0.966,0.229,-0.688,0.688,0.214,0.146,-0.966,0.706,0.693,0.149,0.309,0.928,-0.206,-0.128,0.905,0.405,-0.627,0.697,0.348,0.002,0.879,0.477,-0.302,0.905,0.302,-0.102,0.96,0.263,0.437,0.786,0.437,-0.603,0.361,0.711,-0.94,0.336,-0.067,none
42.192917,-0.503,0.695,0.513,-0.32,0.817,-0.48,0.678,-0.731,-0.081,0.735,-0.246,-0.632,-0.036,-0.949,-0.312,0.924,0.382,0.001,0.778,-0.623,0.078,0.928,0.373,-0.002,0.739,-0.673,0.022,0.8,0.579,-0.158,0.76,-0.578,0.297,0.532,0.521,0.668,0.929,0.039,-0.368,none
36.966715,0.52,-0.361,0.774,0.435,-0.699,-0.567,-0.412,0.182,-0.893,0.356,0.71,0.607,0.98,0.104,0.17,0.104,0.944,0.313,-0.895,-0.043,-0.444,0.238,0.955,0.175,-0.799,-0.106,-0.592,-0.153,0.988,0.018,-0.938,-0.173,-0.299,-0.764,-0.144,0.628,-0.491,-0.539,0.684,none
32.624038,0.394,-0.207,0.895,0.963,0.241,-0.12,-0.299,-0.059,-0.952,0.468,0.245,0.849,-0.636,-0.212,-0.742,-0.694,0.036,0.719,0.64,0.0,-0.768,-0.43,-0.018,0.902,0.722,-0.309,-0.619,-0.397,0.181,0.9,0.605,0.279,0.745,-0.399,0.111,0.91,-0.218,0.436,0.873,none
51.395601,0.73,-0.59,0.345,-0.293,-0.807,-0.513,-0.759,0.385,-0.524,0.145,0.907,0.396,1.0,0.014,0.0,-0.47,0.835,0.286,0.728,-0.059,0.683,-0.379,0.884,0.272,0.863,-0.179,0.472,-0.567,0.772,0.289,0.824,-0.318,0.468,-0.647,-0.67,0.365,-0.966,0.072,-0.25,none
47.805761,0.454,-0.523,0.721,-0.611,-0.749,-0.256,-0.317,0.36,-0.877,0.348,0.457,0.819,-0.861,0.507,-0.031,-0.879,0.138,0.457,-0.61,0.016,-0.792,-0.834,0.072,0.547,-0.692,0.128,-0.71,-0.835,0.07,0.545,-0.731,0.257,-0.632,-0.55,-0.238,0.8,-0.888,0.252,-0.384,none
1.094783,-0.011,-0.307,0.951,-0.854,-0.085,0.513,0.199,0.168,-0.966,0.702,0.698,0.145,0.241,0.843,-0.482,-0.146,0.906,0.397,-0.634,0.724,0.272,-0.018,0.88,0.475,-0.404,0.909,0.101,-0.125,0.953,0.276,-0.493,0.844,0.211,-0.602,0.353,0.716,-0.928,0.232,0.29,none
10.53723,-0.198,0.648,0.736,0.111,-0.747,-0.655,0.602,-0.71,-0.365,0.838,-0.502,0.212,-0.765,0.553,-0.332,0.991,-0.128,0.027,-0.973,0.198,-0.117,0.865,0.197,0.462,-0.91,-0.009,-0.414,0.846,0.22,0.485,-0.912,-0.019,-0.41,-0.083,0.912,0.401,-0.083,-0.902,-0.423,scissors
12.086659,-0.122,0.952,0.281,0.188,0.633,-0.751,0.194,-0.941,0.279,0.835,0.028,-0.55,-0.068,-0.543,-0.837,0.773,0.231,0.591,0.809,-0.531,-0.253,0.862,0.061,0.503,0.688,-0.639,-0.344,0.948,-0.051,0.313,0.458,-0.727,-0.512,0.89,0.128,0.437,0.652,-0.339,-0.678,paper
32.02161,0.102,0.833,0.544,0.408,-0.408,-0.816,0.242,-0.922,-0.302,0.717,-0.299,0.629,-0.55,0.629,-0.55,0.795,-0.168,0.583,-0.892,0.446,0.074,0.845,-0.148,0.514,-0.614,0.69,-0.383,0.998,0.016,-0.059,-0.85,0.523,0.065,0.223,0.896,0.385,-0.588,-0.784,-0.196,rock
0.716671,0.032,0.817,0.576,-0.696,-0.696,0.174,0.522,-0.78,-0.346,0.724,-0.361,0.588,-0.355,-0.142,-0.924,0.827,-0.208,0.522,-0.647,0.185,-0.74,0.858,-0.212,0.469,-0.294,-0.0,-0.956,0.992,-0.04,-0.119,-0.727,0.364,-0.582,0.145,0.935,0.324,-0.946,0.079,-0.315,rock
45.762083,-0.751,0.25,0.611,0.301,0.264,0.916,0.817,-0.466,-0.339,0.553,0.456,-0.697,-0.695,-0.299,-0.654,0.176,0.973,-0.151,-0.809,0.309,-0.5,0.117,0.993,-0.002,-0.808,0.439,-0.393,0.284,0.957,0.054,-0.973,0.216,0.081,0.05,0.999,0.014,-0.439,0.055,0.897,none
35.321812,0.537,-0.375,0.756,0.347,-0.52,-0.78,-0.369,0.168,-0.914,0.449,0.012,0.894,0.928,0.0,-0.371,-0.66,0.156,0.735,-0.691,0.718,-0.083,0.156,0.982,0.109,-0.191,0.645,-0.74,-0.14,0.965,-0.221,-0.766,0.233,-0.599,-0.645,-0.024,0.764,-0.517,-0.76,0.395,none
28.72468,0.543,-0.022,0.839,0.743,-0.557,0.371,-0.574,-0.244,-0.781,0.491,0.594,0.637,0.956,0.151,-0.252,0.012,0.635,0.773,0.741,0.074,0.667,0.239,0.643,0.728,0.927,0.265,0.265,0.083,0.879,0.47,0.612,0.501,0.612,-0.362,-0.173,0.916,-0.913,0.365,-0.183,none
15.637304,-0.182,0.712,0.678,0.295,0.885,-0.361,0.838,-0.183,-0.514,0.808,-0.519,0.278,-0.077,-0.383,0.92,0.977,-0.178,0.121,0.1,-0.335,0.937,0.904,0.09,0.418,0.534,-0.835,-0.134,0.891,0.122,0.436,0.551,-0.826,-0.118,0.023,0.915,0.402,0.842,0.401,0.361,scissors
14.127342,-0.034,0.952,0.305,0.374,0.066,-0.925,-0.434,-0.899,-0.056,0.865,-0.052,-0.499,-0.556,-0.677,-0.483,0.75,0.161,0.642,0.291,-0.777,-0.558,0.828,-0.019,0.56,0.095,-0.782,-0.616,0.913,-0.108,0.394,-0.13,-0.727,-0.675,0.878,0.022,0.478,0.069,-0.483,-0.873,paper
6.013186,0.044,0.837,0.545,-0.669,-0.625,-0.402,0.608,-0.68,-0.411,0.699,-0.355,0.621,-0.519,-0.259,-0.815,0.797,-0.217,0.563,-0.598,-0.341,-0.726,0.84,-0.192,0.507,-0.686,-0.404,-0.605,0.997,-0.023,-0.076,-0.877,-0.438,-0.199,0.205,0.916,0.345,-0.442,-0.295,-0.847,rock
14.190458,-0.108,0.967,0.232,0.498,-0.274,-0.822,-0.174,-0.979,0.108,0.8,-0.051,-0.597,-0.68,-0.732,-0.052,0.827,0.165,0.537,-0.132,-0.87,-0.475,0.892,-0.019,0.452,-0.325,-0.75,-0.575,0.958,-0.112,0.264,-0.598,-0.65,-0.468,0.92,0.107,0.378,-0.289,-0.601,-0.745,paper
7.306151,-0.083,0.95,0.301,0.243,0.0,-0.97,0.699,-0.705,0.12,0.856,0.035,-0.515,-0.302,-0.302,-0.905,0.746,0.221,0.628,-0.447,-0.894,-0.0,0.842,0.056,0.537,0.0,-0.555,-0.832,0.939,-0.069,0.337,-1.0,0.0,-0.0,0.887,0.087,0.453,-0.555,-0.0,-0.832,paper
48.822848,0.785,-0.476,0.396,0.752,0.636,0.173,-0.666,0.337,-0.666,0.163,0.081,0.983,0.631,-0.631,0.451,-0.795,-0.327,0.511,-0.203,-0.355,0.913,-0.767,-0.36,0.532,-0.0,-0.447,0.894,-0.788,-0.367,0.494,0.133,-0.177,0.975,-0.485,-0.754,0.444,0.15,-0.977,0.15,none
24.193862,0.3,0.117,0.947,0.0,0.986,0.164,-0.305,-0.427,-0.851,0.916,0.4,0.034,0.64,-0.64,-0.426,0.485,0.694,0.531,0.725,-0.242,0.645,0.503,0.505,0.702,0.872,-0.254,0.418,0.299,0.833,0.466,0.73,0.243,0.639,-0.274,0.279,0.92,0.829,0.092,0.552,none
2.095934,0.001,-0.267,0.964,-0.391,-0.911,0.13,0.159,0.128,-0.979,0.701,0.696,0.155,-0.302,0.905,-0.302,-0.144,0.903,0.405,-0.874,0.389,0.291,-0.012,0.877,0.48,-0.7,0.7,0.14,-0.113,0.958,0.264,-0.688,0.688,0.229,-0.604,0.35,0.716,-0.958,0.16,-0.239,none
36.600851,0.614,-0.341,0.712,-0.743,-0.563,-0.362,-0.48,0.145,-0.865,0.636,0.336,0.694,0.969,0.071,0.237,0.155,0.853,0.498,0.774,-0.263,0.576,0.242,0.903,0.354,0.788,-0.276,0.551,-0.069,0.984,0.167,0.853,-0.157,0.497,-0.525,-0.008,0.851,0.217,-0.038,-0.975,none
26.857621,0.001,0.756,0.654,0.029,0.682,0.731,0.699,-0.502,-0.509,0.812,-0.424,0.402,0.886,-0.375,0.271,0.956,-0.102,0.276,0.981,-0.01,0.196,0.886,-0.101,0.453,0.826,-0.02,0.564,0.884,-0.047,0.466,0.774,0.041,0.632,0.136,0.849,0.51,-0.079,0.853,0.516,scissors
12.643583,0.098,0.888,0.45,-0.08,-0.892,-0.446,0.0,-0.978,-0.211,0.644,-0.311,0.699,-0.569,0.341,-0.748,0.734,-0.21,0.645,-0.745,0.271,-0.61,0.793,-0.141,0.592,-0.717,0.196,-0.669,0.999,0.01,0.035,-0.982,0.097,-0.161,0.304,0.879,0.367,-0.386,-0.838,-0.386,rock
20.227037,0.035,0.725,0.688,0.082,0.752,0.654,0.451,-0.75,-0.484,0.847,-0.364,0.387,0.894,-0.325,0.309,0.966,-0.031,0.256,0.966,0.016,0.258,0.849,-0.075,0.524,0.792,-0.078,0.606,0.85,-0.044,0.525,0.73,-0.016,0.683,0.068,0.821,0.566,-0.109,0.822,0.559,scissors
35.145992,0.488,-0.43,0.759,0.883,-0.353,-0.309,-0.381,0.18,-0.907,0.454,0.052,0.89,-0.63,0.691,-0.353,-0.465,0.294,0.835,-0.175,0.577,-0.798,0.188,0.979,0.08,0.539,0.838,-0.082,-0.099,0.977,-0.187,0.034,0.605,-0.795,-0.735,-0.074,0.674,0.361,-0.915,-0.18,none
47.293469,0.164,-0.32,0.933,-0.657,-0.75,-0.077,0.016,0.095,-0.995,0.441,0.75,0.493,-0.702,0.711,-0.026,-0.756,0.58,0.305,-0.571,0.109,-0.814,-0.7,0.512,0.498,-0.621,0.283,-0.731,-0.672,0.468,0.574,-0.611,0.439,-0.658,-0.441,0.157,0.884,-0.737,0.569,-0.365,none
49.332964,0.763,-0.196,0.616,-0.975,0.076,0.21,-0.703,-0.091,-0.706,0.507,0.058,0.86,-0.037,0.629,-0.777,-0.616,-0.048,0.786,0.302,0.825,-0.477,-0.561,-0.118,0.819,0.311,0.886,-0.345,-0.597,-0.17,0.784,0.237,0.937,-0.257,-0.266,-0.722,0.639,0.072,0.995,0.063,none
1.928701,0.064,0.804,0.591,-0.309,-0.206,0.928,0.5,-0.785,-0.365,0.743,-0.348,0.572,0.473,-0.394,-0.788,0.836,-0.181,0.517,0.7,-0.14,-0.7,0.873,-0.185,0.451,0.527,-0.422,-0.738,0.992,-0.007,-0.127,-0.123,-0.123,-0.985,0.134,0.915,0.381,-0.813,0.474,-0.339,rock
23.797038,0.031,0.749,0.662,-0.142,-0.62,-0.772,0.423,-0.763,-0.488,0.822,-0.4,0.405,-0.898,0.264,-0.352,0.957,-0.077,0.279,-0.977,-0.096,-0.192,0.871,-0.1,0.481,-0.753,0.058,-0.656,0.871,-0.054,0.488,-0.767,0.059,-0.639,0.125,0.836,0.535,0.0,-0.76,-0.65,scissors
41.173472,0.213,0.681,0.7,0.786,0.408,-0.465,-0.156,-0.701,-0.696,0.985,0.173,-0.016,0.18,-0.641,0.746,0.531,0.662,0.53,0.19,-0.574,0.796,0.574,0.524,0.629,0.213,-0.647,0.732,0.498,0.76,0.418,0.456,-0.44,0.773,0.661,-0.328,0.675,0.517,-0.687,-0.511,none
9.582634,0.001,0.79,0.614,0.046,0.755,0.655,0.65,-0.564,-0.509,0.745,-0.388,0.542,0.781,-0.39,0.488,0.851,-0.226,0.473,0.865,-0.208,0.457,0.866,-0.257,0.428,0.875,-0.239,0.422,0.984,-0.077,-0.161,0.99,-0.049,-0.131,0.109,0.949,0.295,-0.016,0.957,0.288,rock
16.848053,-0.346,0.453,0.821,0.577,-0.577,-0.577,0.786,-0.413,-0.46,0.793,-0.243,-0.559,0.985,0.047,0.164,0.915,0.384,-0.123,0.116,-0.349,0.93,0.9,0.425,-0.101,-0.688,-0.229,-0.688,0.719,0.692,-0.069,-0.408,-0.408,0.816,0.046,0.891,0.451,-0.862,0.123,-0.492,none
3.546853,0.036,0.809,0.586,0.0,-1.0,0.0,0.491,-0.808,-0.326,0.732,-0.354,0.582,-0.0,0.496,-0.868,0.829,-0.198,0.523,-0.802,0.535,0.267,0.863,-0.206,0.462,-0.196,0.784,-0.588,0.992,-0.032,-0.124,-0.762,0.635,-0.127,0.142,0.928,0.345,-0.811,-0.487,-0.324,rock
14.638081,-0.236,0.927,0.291,-0.079,-0.992,-0.101,-0.108,-0.987,0.117,0.843,0.122,-0.525,-0.703,0.251,0.665,0.746,0.337,0.575,-0.92,0.047,-0.389,0.85,0.17,0.499,-0.889,0.246,-0.386,0.943,0.076,0.324,-0.917,0.362,-0.17,0.859,0.219,0.462,-0.964,0.067,-0.258,paper
1.096761,-0.007,-0.313,0.95,-0.408,-0.816,-0.408,0.191,0.158,-0.969,0.671,0.727,0.145,-0.696,0.696,-0.174,-0.175,0.915,0.362,-0.985,0.123,0.123,-0.049,0.893,0.447,-0.973,0.162,-0.162,-0.155,0.957,0.245,-0.97,0.216,0.108,-0.63,0.346,0.695,-0.909,-0.101,-0.404,none
28.847306,0.54,-0.026,0.842,0.447,0.0,0.894,-0.565,-0.259,-0.783,0.492,0.608,0.623,0.913,0.288,-0.288,0.022,0.648,0.761,0.701,0.319,0.638,0.243,0.655,0.715,0.866,0.379,0.325,0.092,0.889,0.449,0.621,0.576,0.532,-0.359,-0.163,0.919,-0.873,0.218,0.436,none
1.581912,-0.011,-0.276,0.961,0.302,0.905,-0.302,0.187,0.173,-0.967,0.689,0.711,0.144,0.243,-0.0,-0.97,-0.156,0.913,0.378,-0.707,0.0,0.707,-0.031,0.888,0.458,-0.707,0.707,0.0,-0.138,0.957,0.254,-0.625,0.469,0.625,-0.616,0.349,0.706,-0.943,0.236,-0.236,none
20.291054,0.068,0.767,0.638,0.217,0.0,-0.976,0.432,-0.806,-0.404,0.78,-0.322,0.537,-0.816,0.408,-0.408,0.862,-0.146,0.486,-0.943,0.105,0.314,0.899,-0.182,0.399,-0.762,0.635,-0.127,0.982,0.004,-0.191,-0.815,0.453,0.362,0.079,0.923,0.378,-0.333,-0.667,-0.667,rock
29.98118,-0.032,0.847,0.53,-0.189,-0.866,-0.464,-0.607,-0.616,-0.502,0.715,-0.404,0.571,-0.649,0.267,-0.712,0.827,-0.252,0.502,-0.751,0.165,-0.64,0.841,-0.259,0.474,-0.78,0.1,-0.618,0.99,-0.087,-0.111,-0.993,-0.038,-0.115,0.15,0.947,0.285,-0.289,-0.851,-0.438,rock
16.802008,0.084,0.76,0.645,0.707,0.707,0.0,0.422,-0.79,-0.445,0.787,-0.309,0.534,0.243,0.0,-0.97,0.864,-0.134,0.485,-0.667,0.333,0.667,0.901,-0.174,0.397,0.333,0.667,-0.667,0.982,0.01,-0.191,-0.557,0.743,-0.371,0.074,0.919,0.387,-0.889,0.381,-0.254,rock
22.107813,0.238,0.236,0.942,0.622,-0.475,-0.622,-0.081,-0.526,-0.846,0.963,0.255,-0.08,-0.282,0.298,0.912,0.553,0.696,0.459,-0.666,-0.227,0.711,0.585,0.56,0.586,-0.664,-0.448,0.598,0.477,0.879,-0.023,-0.761,-0.144,0.632,-0.194,0.361,0.912,-0.192,-0.959,-0.207,none
18.209772,-0.082,0.957,0.28,0.587,0.24,-0.773,0.84,-0.488,-0.238,0.847,-0.096,-0.524,-0.319,-0.881,-0.349,0.799,0.149,0.582,0.338,-0.89,-0.307,0.86,-0.03,0.51,0.124,-0.914,-0.387,0.934,-0.109,0.34,-0.08,-0.907,-0.414,0.897,0.091,0.433,0.295,-0.699,-0.652,paper
39.132886,0.539,0.004,0.842,0.73,0.243,-0.639,-0.397,-0.286,-0.872,0.841,0.534,-0.088,0.969,-0.034,0.245,0.438,0.887,0.145,0.658,-0.102,0.746,0.405,0.867,0.29,0.754,-0.251,0.606,0.199,0.98,-0.017,0.78,-0.004,0.626,-0.099,-0.659,0.746,-0.455,-0.579,-0.676,none
20.738616,-0.033,0.739,0.673,0.169,0.959,0.226,0.065,-0.89,-0.451,0.825,-0.428,0.37,0.54,-0.457,0.706,0.969,-0.089,0.231,0.705,-0.181,0.685,0.872,-0.016,0.49,0.814,-0.504,0.291,0.858,0.025,0.514,0.829,-0.425,0.364,0.075,0.851,0.519,0.411,0.739,0.534,scissors
22.778188,-0.027,0.695,0.719,0.0,-0.606,-0.796,-0.047,-0.889,-0.455,0.869,-0.373,0.326,-0.887,0.347,-0.305,0.981,-0.014,0.191,-0.994,0.0,-0.106,0.837,0.032,0.547,-0.797,-0.014,-0.604,0.83,0.068,0.553,-0.815,-0.014,-0.58,0.01,0.839,0.543,-0.0,-0.821,-0.571,scissors
22.650937,0.436,0.229,0.87,-0.66,0.0,0.751,-0.383,-0.602,-0.7,0.942,0.263,0.211,-0.054,0.199,-0.978,0.337,0.498,0.799,-0.367,0.75,-0.551,0.339,0.256,0.905,-0.499,0.813,-0.3,0.242,0.684,0.688,-0.807,0.534,-0.252,-0.183,0.067,0.981,-0.517,0.62,0.59,none
14.171455,0.008,0.741,0.671,-0.897,-0.312,-0.312,0.489,-0.794,-0.361,0.79,-0.361,0.496,-0.609,-0.508,-0.609,0.884,-0.174,0.434,-0.577,-0.613,-0.541,0.9,-0.237,0.367,-0.727,-0.582,-0.364,0.974,-0.048,-0.221,-0.759,-0.651,-0.0,0.041,0.943,0.33,-0.262,-0.164,-0.951,rock
15.131672,-0.081,0.739,0.669,-0.054,0.87,0.49,0.724,-0.24,-0.647,0.808,-0.471,0.354,0.745,-0.61,0.271,0.971,-0.136,0.199,0.834,-0.321,0.449,0.893,-0.005,0.45,0.94,-0.176,0.294,0.886,0.02,0.462,0.772,-0.07,0.632,0.078,0.877,0.474,-0.055,0.942,0.332,scissors
34.573174,0.062,0.828,0.558,0.148,0.984,0.098,0.192,-0.95,-0.245,0.724,-0.328,0.606,0.473,-0.394,0.788,0.809,-0.185,0.558,0.355,-0.296,0.887,0.85,-0.174,0.498,0.64,-0.0,0.768,0.997,-0.004,-0.075,0.873,0.218,0.436,0.196,0.908,0.371,0.183,0.976,0.122,rock
10.685279,-0.039,-0.155,0.987,0.802,-0.382,-0.458,0.404,0.085,-0.911,0.671,0.564,0.481,0.92,-0.356,0.162,-0.535,0.642,0.549,-0.112,-0.473,0.874,-0.07,0.719,0.691,0.218,-0.61,0.762,0.148,0.514,-0.845,-0.945,0.315,0.086,-0.711,0.576,0.403,-0.675,-0.737,-0.031,none
33.092414,0.466,-0.197,0.862,0.785,-0.609,-0.108,-0.386,-0.082,-0.919,0.506,0.215,0.835,0.254,-0.0,0.967,-0.675,0.054,0.736,-0.565,-0.236,0.791,-0.353,0.138,0.925,0.38,-0.643,0.665,-0.017,0.92,0.392,0.933,-0.169,0.319,-0.333,0.059,0.941,0.21,0.449,0.868,none
2.521938,-0.15,0.751,0.643,0.0,0.707,0.707,0.721,-0.611,-0.328,0.769,-0.537,0.346,0.424,-0.566,-0.707,0.976,-0.174,0.132,0.485,-0.728,-0.485,0.907,0.037,0.419,0.696,0.696,0.174,0.908,0.062,0.414,0.0,0.759,0.651,0.048,0.897,0.44,-0.677,0.677,-0.29,scissors
2.633003,0.041,0.823,0.567,0.743,-0.557,0.371,0.502,-0.801,-0.325,0.718,-0.358,0.597,0.424,0.566,-0.707,0.815,-0.208,0.541,0.0,0.894,0.447,0.851,-0.201,0.485,0.371,0.743,-0.557,0.995,-0.032,-0.092,-0.408,0.816,-0.408,0.17,0.922,0.347,-0.986,0.164,-0.0,rock
6.604716,0.001,0.198,0.98,0.989,-0.113,-0.097,0.306,-0.362,-0.881,0.912,0.408,-0.033,0.033,-0.618,0.785,0.059,0.753,0.655,-0.373,-0.793,0.482,0.061,0.649,0.759,-0.246,-0.933,0.262,-0.022,0.657,0.753,-0.289,-0.897,0.334,-0.147,0.352,0.925,-0.625,-0.684,0.377,none
14.136523,-0.246,0.745,0.62,-0.325,-0.423,0.846,0.88,-0.065,-0.47,0.747,-0.604,0.28,0.589,0.062,-0.806,0.953,-0.28,0.116,0.414,0.379,-0.828,0.945,0.082,0.317,0.066,0.864,0.499,0.935,0.121,0.334,-0.142,0.767,0.625,0.085,0.946,0.314,-0.95,0.307,-0.056,scissors
18.256407,0.079,0.765,0.639,0.0,-0.0,0.0,0.395,-0.812,-0.43,0.783,-0.309,0.54,0.0,0.164,-0.986,0.863,-0.136,0.487,-0.832,0.555,0.0,0.9,-0.174,0.399,-0.0,0.447,-0.894,0.983,0.009,-0.185,-0.745,0.596,-0.298,0.078,0.92,0.385,-0.93,0.116,-0.349,rock
26.354512,0.705,0.247,0.664,-0.77,-0.022,-0.638,-0.596,-0.557,-0.578,0.602,0.526,0.601,0.698,0.31,-0.645,-0.028,0.528,0.849,0.95,0.31,0.049,0.116,0.488,0.865,0.987,0.16,-0.028,0.054,0.757,0.651,0.93,0.343,-0.129,0.436,-0.717,0.543,-0.771,-0.413,-0.484,none
11.111129,-0.023,0.83,0.558,0.106,0.823,0.558,-0.194,-0.952,-0.235,0.71,-0.398,0.581,0.728,-0.336,0.597,0.822,-0.247,0.512,0.796,-0.183,0.577,0.846,-0.252,0.471,0.84,-0.155,0.52,0.99,-0.078,-0.118,1.0,0.028,-0.009,0.149,0.943,0.299,0.09,0.931,0.353,rock
32.022147,0.075,0.831,0.551,-0.267,0.802,-0.535,0.231,-0.929,-0.288,0.712,-0.331,0.618,-0.845,0.507,0.169,0.804,-0.189,0.564,-0.704,0.088,0.704,0.851,-0.172,0.496,-0.512,0.768,0.384,0.997,-0.0,-0.084,-0.451,0.631,0.631,0.196,0.909,0.368,0.408,-0.816,-0.408,rock
56.982763,0.724,-0.616,0.311,-0.408,-0.408,-0.816,-0.629,0.448,-0.635,-0.083,-0.327,0.941,0.123,-0.123,-0.985,-0.71,-0.685,0.164,-0.829,-0.552,0.092,-0.833,-0.532,0.152,-0.436,-0.873,0.218,-0.829,-0.551,0.095,-0.627,-0.697,-0.348,0.008,-0.565,0.825,-0.615,-0.615,-0.492,none
23.988286,0.299,0.127,0.946,-0.099,0.97,0.224,-0.305,-0.427,-0.851,0.904,0.42,0.075,0.676,-0.676,-0.296,0.442,0.698,0.563,0.905,-0.244,0.348,0.389,0.493,0.778,0.93,-0.218,0.297,0.227,0.835,0.502,0.862,0.083,0.5,-0.284,0.253,0.925,0.698,0.436,0.567,none
34.573424,0.105,0.823,0.558,0.42,0.894,-0.158,0.213,-0.944,-0.251,0.732,-0.297,0.613,0.224,-0.075,0.972,0.808,-0.154,0.569,0.104,-0.104,0.989,0.858,-0.144,0.493,0.405,0.289,0.867,0.997,0.027,-0.075,0.609,0.426,0.669,0.192,0.896,0.401,0.474,0.813,0.339,rock
17.168861,-0.062,0.636,0.769,-0.169,0.971,0.169,0.773,-0.343,-0.534,0.882,-0.388,0.266,0.377,-0.778,0.502,0.993,-0.023,0.116,0.663,-0.565,0.491,0.834,0.088,0.545,0.957,-0.287,-0.048,0.818,0.101,0.566,0.981,-0.186,0.053,-0.063,0.854,0.517,0.422,0.894,0.149,scissors
19.71907,0.024,0.742,0.67,-0.075,0.562,0.824,0.5,-0.694,-0.518,0.828,-0.391,0.401,0.93,-0.364,-0.04,0.961,-0.058,0.272,0.999,0.0,0.043,0.855,-0.071,0.513,0.784,0.196,0.588,0.854,-0.043,0.519,0.578,0.27,0.77,0.093,0.825,0.558,-0.402,0.84,0.365,scissors
1.724456,-0.103,0.957,0.272,-0.894,0.447,-0.0,0.772,-0.617,0.151,0.848,0.108,-0.519,0.811,0.324,-0.487,0.725,0.288,0.625,-0.218,0.436,0.873,0.851,0.121,0.512,0.408,0.816,0.408,0.961,-0.012,0.277,0.0,0.894,0.447,0.945,0.167,0.283,-0.722,-0.127,0.68,paper
5.585291,0.111,-0.19,0.975,-0.936,-0.187,-0.299,0.196,0.079,-0.977,0.758,0.585,0.289,-0.38,0.38,-0.844,-0.26,0.801,0.54,0.13,0.391,-0.911,-0.169,0.727,0.666,0.218,0.436,-0.873,-0.168,0.847,0.504,0.331,0.331,-0.883,-0.472,0.242,0.848,-0.288,0.54,-0.791,none
37.121921,0.091,0.809,0.581,0.183,0.913,-0.365,0.165,-0.946,-0.278,0.746,-0.302,0.594,-0.707,-0.0,-0.707,0.821,-0.15,0.551,-0.696,-0.174,0.696,0.867,-0.152,0.474,-0.667,0.667,0.333,0.995,0.02,-0.1,-0.743,0.557,0.371,0.167,0.901,0.399,-0.557,0.371,-0.743,rock
27.877097,0.008,0.73,0.683,-0.485,-0.485,-0.728,0.491,-0.739,-0.461,0.832,-0.394,0.391,-0.735,0.147,-0.662,0.962,-0.064,0.264,-0.933,-0.215,-0.287,0.862,-0.076,0.502,-0.68,0.272,-0.68,0.859,-0.023,0.512,-0.841,0.382,-0.382,0.102,0.838,0.536,-0.445,-0.371,-0.815,scissors
21.311763,0.032,0.722,0.691,0.08,-0.598,-0.797,0.553,-0.713,-0.432,0.805,-0.355,0.476,-0.805,0.402,-0.436,0.894,-0.16,0.418,-0.972,0.194,-0.13,0.91,-0.232,0.343,-0.874,0.404,-0.269,0.969,-0.04,-0.244,-0.936,0.25,0.25,0.015,0.941,0.337,-0.037,-0.928,-0.371,rock
41.682971,0.086,0.611,0.787,0.778,0.437,-0.451,0.181,-0.821,-0.541,0.977,-0.101,-0.189,0.28,-0.436,0.856,0.761,0.502,0.411,-0.0,-0.421,0.907,0.763,0.457,0.457,0.025,-0.525,0.851,0.61,0.766,0.203,0.185,-0.197,0.963,0.436,-0.115,0.892,0.506,-0.729,-0.461,none
36.613403,0.09,0.822,0.562,-0.555,-0.832,0.0,0.17,-0.937,-0.305,0.732,-0.311,0.606,-0.272,0.136,-0.953,0.813,-0.167,0.559,-0.962,0.192,-0.192,0.858,-0.154,0.49,-0.487,0.324,-0.811,0.996,0.016,-0.085,-0.889,0.381,-0.254,0.19,0.901,0.391,-0.843,-0.105,-0.527,rock
8.023723,0.072,0.26,0.963,0.287,-0.635,0.717,0.263,-0.375,-0.889,0.947,0.201,-0.25,0.734,0.45,-0.509,0.671,0.698,0.25,0.739,0.451,0.501,0.711,0.661,0.238,0.861,0.282,0.423,0.516,0.847,0.129,0.731,0.552,0.401,-0.534,0.64,0.553,0.629,-0.147,-0.763,none
48.313635,0.677,-0.52,0.52,-0.119,-0.759,-0.64,-0.562,0.425,-0.71,0.185,0.283,0.941,-0.996,-0.0,-0.087,-0.871,-0.133,0.473,-0.416,-0.538,-0.733,-0.829,-0.164,0.535,-0.463,-0.386,-0.798,-0.833,-0.194,0.517,-0.476,-0.238,-0.847,-0.552,-0.653,0.519,-0.862,0.11,-0.495,none
42.193066,-0.515,0.728,0.453,0.747,0.117,-0.654,0.678,-0.731,-0.081,0.704,-0.236,-0.67,0.121,-0.923,0.364,0.921,0.386,-0.052,0.35,-0.662,0.662,0.924,0.378,-0.048,0.394,-0.737,0.549,0.82,0.53,-0.216,0.284,-0.656,0.699,0.578,0.565,0.589,0.627,-0.305,-0.717,none
29.487688,0.527,-0.026,0.849,0.39,0.693,0.606,-0.552,-0.239,-0.799,0.53,0.613,0.586,0.951,-0.219,0.219,0.058,0.664,0.746,0.408,0.408,0.816,0.26,0.673,0.692,0.612,0.612,0.501,0.1,0.907,0.409,0.342,0.875,0.342,-0.341,-0.15,0.928,-0.042,-0.252,0.967,none
25.546763,0.449,0.607,0.656,0.768,-0.605,-0.209,-0.347,-0.841,-0.414,0.988,-0.061,0.14,-0.792,-0.016,0.61,0.518,0.179,0.836,-0.994,-0.11,-0.0,0.585,-0.014,0.811,-0.99,-0.063,-0.126,0.526,0.382,0.76,-0.99,-0.139,-0.031,0.273,-0.22,0.937,-0.88,-0.468,-0.085,none
7.625554,-0.047,0.542,0.839,-0.99,0.121,0.07,0.405,-0.624,-0.669,0.941,0.243,-0.237,-0.594,0.332,-0.733,0.474,0.611,0.635,0.07,0.461,-0.884,0.553,0.491,0.673,-0.046,0.629,-0.776,0.423,0.551,0.719,-0.081,0.846,-0.527,0.179,0.3,0.937,0.035,0.989,0.14,none
12.732365,0.227,-0.116,0.967,0.246,-0.939,-0.241,0.417,0.024,-0.908,0.752,0.515,-0.412,0.895,0.399,0.198,0.238,0.897,0.371,0.619,0.05,0.784,0.407,0.865,0.293,0.794,0.131,0.594,0.294,0.955,0.049,0.796,-0.116,0.594,-0.496,0.408,0.766,-0.986,-0.168,-0.003,none
2.958304,0.037,0.822,0.569,-0.156,0.312,0.937,0.506,-0.797,-0.33,0.722,-0.362,0.59,0.514,-0.0,-0.857,0.821,-0.211,0.531,0.577,0.577,0.577,0.854,-0.207,0.478,0.588,0.196,-0.784,0.994,-0.035,-0.104,-0.371,0.557,-0.743,0.161,0.926,0.342,-0.912,0.342,-0.228,rock
27.434261,0.127,0.878,0.461,-0.992,-0.09,-0.09,-0.325,-0.909,-0.261,0.656,-0.294,0.695,-0.543,-0.466,-0.699,0.737,-0.193,0.648,-0.656,-0.656,-0.375,0.798,-0.123,0.591,-0.743,-0.557,-0.371,0.999,0.027,0.036,-0.832,-0.555,0.0,0.31,0.871,0.38,-0.418,0.07,-0.906,rock
44.744886,-0.668,0.527,0.525,-0.116,0.349,0.93,0.796,-0.576,-0.183,0.413,0.29,-0.864,0.851,0.321,0.415,0.565,0.739,-0.366,0.383,-0.03,0.923,0.543,0.779,-0.313,0.564,-0.319,0.762,0.53,0.794,-0.297,0.586,0.049,0.809,0.544,0.706,0.453,-0.152,0.912,-0.38,none
38.14115,0.083,0.816,0.572,0.183,-0.913,-0.365,0.217,-0.942,-0.258,0.739,-0.317,0.595,-0.309,0.206,-0.928,0.821,-0.167,0.546,-0.857,0.429,-0.286,0.861,-0.165,0.481,-0.512,0.384,-0.768,0.996,0.006,-0.094,-0.896,0.398,-0.199,0.177,0.906,0.384,-0.839,-0.28,-0.466,rock
32.023363,0.093,0.818,0.567,-0.555,0.0,0.832,0.25,-0.923,-0.292,0.725,-0.31,0.615,0.241,-0.482,-0.843,0.809,-0.169,0.563,0.0,-0.832,-0.555,0.856,-0.157,0.493,0.196,-0.588,-0.784,0.997,0.013,-0.082,-0.447,-0.0,-0.894,0.181,0.904,0.388,-0.755,0.42,-0.504,rock
3.971018,0.037,0.815,0.579,0.12,-0.241,-0.963,0.498,-0.79,-0.359,0.722,-0.356,0.593,-0.704,0.503,-0.503,0.823,-0.207,0.529,-0.921,0.276,0.276,0.855,-0.209,0.475,-0.742,0.636,-0.212,0.993,-0.036,-0.11,-0.83,0.498,0.249,0.159,0.927,0.339,-0.286,-0.857,-0.429,rock
45.25376,-0.741,0.264,0.617,-0.614,-0.508,-0.604,0.868,-0.418,-0.269,0.509,0.037,-0.86,-0.892,0.41,-0.188,0.529,0.803,-0.274,-0.502,0.149,-0.852,0.519,0.818,-0.249,-0.652,0.269,-0.709,0.551,0.773,-0.315,-0.476,0.645,-0.599,-0.106,0.993,-0.061,0.288,-0.037,-0.957,none
2.158406,0.048,0.821,0.569,0.768,-0.64,-0.0,0.53,-0.745,-0.405,0.725,-0.355,0.589,0.185,0.647,-0.74,0.822,-0.201,0.533,-0.316,0.949,0.0,0.855,-0.197,0.479,0.108,0.755,-0.647,0.995,-0.026,-0.094,-0.52,0.78,-0.347,0.162,0.919,0.359,-0.855,-0.367,0.367,rock
7.645483,-0.087,0.952,0.294,-0.218,0.436,0.873,0.708,-0.694,0.131,0.851,0.04,-0.523,0.512,0.384,-0.768,0.75,0.222,0.623,-0.0,0.707,0.707,0.845,0.058,0.532,0.485,0.728,0.485,0.943,-0.07,0.324,0.0,0.707,0.707,0.891,0.091,0.445,-0.707,0.707,0.0,paper
52.411035,0.732,-0.625,0.273,-0.192,0.962,-0.192,-0.761,0.442,-0.475,0.264,0.917,-0.298,-0.666,0.499,-0.555,-0.021,0.974,-0.226,-0.69,0.69,-0.218,0.012,0.995,-0.102,-0.718,-0.628,0.3,-0.524,0.779,0.344,-0.936,0.007,-0.353,-0.752,-0.634,0.182,-0.816,-0.408,0.408,none
1.096379,-0.03,-0.311,0.95,-0.139,0.627,0.766,0.184,0.153,-0.971,0.666,0.732,0.141,0.705,-0.071,-0.705,-0.182,0.917,0.355,0.456,0.684,0.57,-0.065,0.894,0.443,0.742,0.636,0.212,-0.17,0.955,0.243,0.267,0.802,0.535,-0.636,0.341,0.693,-0.108,0.755,0.647,none
37.122375,0.05,0.82,0.57,-0.635,-0.762,0.127,0.21,-0.956,-0.207,0.728,-0.343,0.594,-0.286,-0.095,-0.953,0.818,-0.195,0.541,-0.832,-0.0,-0.555,0.853,-0.19,0.487,-0.581,0.0,-0.814,0.996,-0.017,-0.092,-0.953,0.095,-0.286,0.183,0.916,0.358,-0.737,-0.164,-0.655,rock
23.030081,0.459,0.248,0.853,-0.762,0.381,0.524,-0.412,-0.555,-0.723,0.927,0.273,0.258,0.578,0.165,-0.799,0.354,0.504,0.788,0.944,0.327,-0.036,0.35,0.144,0.926,0.521,0.805,-0.284,0.244,0.584,0.775,0.264,0.88,-0.396,-0.138,0.063,0.988,-0.043,0.995,-0.087,none
27.745748,0.556,-0.012,0.831,0.571,-0.809,-0.143,-0.58,-0.276,-0.767,0.531,0.601,0.597,-0.488,0.836,-0.251,0.018,0.628,0.778,-0.613,0.74,-0.275,0.185,0.635,0.75,-0.706,0.649,-0.282,0.014,0.864,0.503,-0.929,0.09,-0.36,-0.395,-0.175,0.902,-0.725,0.036,-0.688,none
23.862632,0.024,0.789,0.613,-0.011,0.783,0.622,0.531,-0.733,-0.425,0.752,-0.358,0.554,0.765,-0.431,0.478,0.848,-0.193,0.494,0.848,-0.256,0.465,0.873,-0.218,0.436,0.855,-0.277,0.439,0.988,-0.038,-0.152,0.991,-0.084,-0.107,0.116,0.936,0.332,-0.011,0.972,0.235,rock
25.392734,0.059,0.855,0.515,0.239,0.825,0.512,0.141,-0.957,-0.253,0.692,-0.337,0.639,0.714,-0.203,0.67,0.785,-0.213,0.582,0.739,-0.077,0.67,0.825,-0.187,0.533,0.827,-0.017,0.562,0.999,-0.027,-0.036,0.985,0.158,0.062,0.224,0.912,0.343,0.162,0.869,0.468,rock
6.512769,-0.118,0.719,0.685,-0.301,0.698,0.65,0.547,-0.76,-0.351,0.807,-0.495,0.323,0.689,-0.722,0.066,0.981,-0.135,0.14,0.938,-0.341,-0.068,0.889,0.046,0.456,0.928,0.192,0.32,0.884,0.064,0.464,0.86,0.26,0.438,0.021,0.883,0.469,-0.125,0.968,0.219,scissors
40.662714,0.592,0.053,0.804,-0.577,0.275,0.769,-0.353,-0.378,-0.856,0.884,0.415,-0.214,-0.967,-0.061,-0.247,0.581,0.804,0.127,-0.624,0.179,-0.761,0.547,0.81,0.209,-0.711,0.288,-0.641,0.322,0.944,-0.074,-0.773,0.079,-0.63,-0.028,-0.602,0.798,0.796,0.363,0.484,none
19.272408,0.088,0.769,0.633,0.0,-0.0,1.0,0.426,-0.811,-0.402,0.781,-0.303,0.546,-0.0,0.0,-1.0,0.858,-0.133,0.496,-0.949,0.316,0.0,0.898,-0.166,0.408,-0.302,0.302,-0.905,0.984,0.017,-0.177,-0.811,0.487,-0.324,0.088,0.915,0.393,-0.843,0.241,-0.482,rock
13.107897,-0.132,0.98,0.148,-0.103,0.941,0.321,0.197,-0.946,0.258,0.714,-0.023,-0.7,0.806,0.069,-0.587,0.882,0.162,0.443,0.772,0.222,0.596,0.937,-0.029,0.349,0.851,0.035,0.524,0.98,-0.132,0.151,0.91,-0.049,0.412,0.948,0.127,0.29,0.87,0.156,0.468,paper
33.627993,0.476,-0.108,0.873,0.667,0.667,-0.333,-0.389,-0.133,-0.912,0.511,0.2,0.836,0.535,-0.267,-0.802,-0.711,0.051,0.702,0.375,-0.899,0.225,-0.278,0.157,0.948,-0.456,0.684,0.57,0.087,0.992,0.087,-0.962,-0.267,0.053,-0.246,0.141,0.959,-0.21,-0.978,0.0,none
9.66573,0.024,-0.19,0.982,-0.205,0.818,0.537,0.238,0.071,-0.969,0.673,0.46,0.579,-0.781,0.361,-0.509,-0.394,0.643,0.657,0.041,0.562,-0.826,0.169,0.77,0.615,-0.44,0.499,-0.746,0.145,0.663,-0.735,0.971,0.116,-0.21,-0.706,0.531,0.47,0.322,0.214,0.922,none
2.10447,-0.134,0.951,0.28,0.905,0.302,-0.302,0.765,-0.625,0.156,0.841,0.101,-0.531,0.302,-0.302,-0.905,0.732,0.289,0.617,-0.625,-0.0,0.781,0.855,0.122,0.504,-0.707,0.0,0.707,0.958,0.009,0.288,-0.384,0.512,0.768,0.875,0.247,0.417,0.714,0.68,-0.17,paper
19.206897,-0.128,0.776,0.618,-0.374,-0.299,0.878,0.805,-0.519,-0.288,0.769,-0.532,0.355,0.665,-0.111,-0.739,0.954,-0.212,0.213,0.575,0.198,-0.794,0.928,-0.017,0.373,0.245,0.867,0.434,0.92,0.046,0.389,0.219,0.791,0.572,0.128,0.903,0.41,-0.883,0.468,-0.035,scissors
0.473778,0.032,0.81,0.585,0.954,-0.212,-0.212,0.574,-0.75,-0.329,0.729,-0.366,0.579,-0.0,0.942,-0.336,0.835,-0.204,0.512,-0.319,0.893,0.319,0.86,-0.222,0.459,0.067,0.94,-0.336,0.989,-0.051,-0.138,-0.346,0.922,-0.173,0.143,0.947,0.289,-0.781,-0.39,0.488,rock
36.103088,0.162,0.798,0.58,-0.21,0.93,0.3,0.168,-0.949,-0.266,0.76,-0.257,0.596,0.331,-0.579,0.745,0.823,-0.106,0.558,0.368,-0.516,0.774,0.88,-0.106,0.462,0.482,-0.241,0.843,0.992,0.068,-0.11,0.873,-0.087,0.48,0.15,0.882,0.448,0.351,0.936,0.039,rock
10.679553,-0.184,0.951,0.247,-0.163,0.913,0.375,0.582,-0.775,0.246,0.795,0.067,-0.603,0.794,0.122,-0.596,0.806,0.269,0.528,0.716,0.325,0.618,0.893,0.089,0.441,0.833,0.15,0.533,0.971,-0.027,0.238,0.893,0.052,0.447,0.909,0.167,0.383,0.836,0.231,0.498,paper
2.570784,-0.144,0.948,0.282,0.1,-0.796,0.597,0.765,-0.631,0.129,0.841,0.12,-0.527,0.254,0.381,0.889,0.727,0.308,0.613,-0.877,0.195,0.439,0.855,0.131,0.502,-0.824,0.495,0.275,0.954,0.012,0.299,-0.701,0.482,0.526,0.872,0.198,0.448,-0.953,0.095,0.286,paper
14.617364,-0.169,0.735,0.656,-0.303,-0.354,0.885,0.83,-0.133,-0.542,0.782,-0.541,0.309,0.671,0.023,-0.741,0.967,-0.206,0.149,0.511,0.332,-0.793,0.922,0.053,0.384,0.123,0.833,0.539,0.912,0.085,0.401,-0.022,0.75,0.661,0.072,0.917,0.392,-0.922,0.386,0.0,scissors
13.661443,0.067,0.816,0.574,-0.467,-0.052,-0.883,0.368,-0.882,-0.294,0.726,-0.341,0.597,-0.973,-0.195,-0.122,0.819,-0.196,0.539,-0.899,-0.438,-0.0,0.855,-0.194,0.481,-0.974,-0.146,0.171,0.995,-0.023,-0.101,-0.74,-0.31,0.597,0.168,0.922,0.349,0.406,-0.507,-0.761,rock
44.233596,-0.788,0.24,0.567,-0.937,-0.143,-0.318,0.843,-0.476,-0.251,0.419,0.358,-0.834,-0.474,0.685,-0.554,0.659,0.655,-0.369,0.673,0.732,-0.106,0.702,0.592,-0.396,0.912,0.056,0.405,0.496,0.832,-0.248,0.93,0.364,0.052,0.08,0.9,0.428,0.66,0.354,-0.662,none
19.806765,0.282,0.848,-0.448,-0.507,-0.169,-0.845,0.233,-0.241,0.942,0.088,-0.39,0.917,-0.942,-0.202,-0.269,-0.059,-0.513,0.856,-0.892,-0.446,-0.074,0.39,-0.9,-0.197,0.543,-0.839,0.049,0.803,0.214,0.557,-0.621,-0.677,0.395,0.92,0.044,0.39,0.159,-0.584,-0.796,none
40.243825,0.546,0.116,0.83,-0.87,-0.483,0.097,-0.36,-0.396,-0.845,0.963,0.229,-0.141,-0.499,0.555,-0.666,0.825,0.561,-0.071,-0.873,0.154,-0.462,0.767,0.637,-0.078,-0.713,0.515,-0.475,0.548,0.733,-0.404,-0.931,0.296,-0.212,0.012,-0.619,0.786,0.913,0.365,0.183,none
36.674781,0.101,0.826,0.554,0.577,0.577,-0.577,0.143,-0.963,-0.227,0.731,-0.312,0.607,-0.949,0.316,-0.0,0.81,-0.171,0.561,-0.707,-0.0,0.707,0.854,-0.159,0.496,-0.557,0.743,0.371,0.997,0.012,-0.076,-0.53,0.53,0.662,0.198,0.902,0.385,-0.302,0.302,-0.905,rock
11.111374,-0.058,0.832,0.552,0.124,0.83,0.544,-0.257,-0.932,-0.255,0.701,-0.427,0.571,0.688,-0.295,0.663,0.821,-0.278,0.499,0.726,-0.167,0.667,0.832,-0.282,0.478,0.804,-0.084,0.588,0.988,-0.11,-0.106,0.992,0.087,0.087,0.159,0.952,0.263,0.167,0.909,0.383,rock
26.941147,0.6,0.191,0.776,-0.408,0.408,-0.816,-0.55,-0.491,-0.675,0.601,0.571,0.559,-0.773,-0.336,-0.538,0.072,0.601,0.796,-0.122,0.326,-0.937,0.22,0.562,0.797,-0.103,0.445,-0.89,0.116,0.805,0.581,-0.436,0.218,-0.873,0.365,-0.786,0.499,0.025,0.889,0.457,none
27.941196,0.102,0.875,0.472,-0.325,0.866,0.379,-0.279,-0.914,-0.295,0.653,-0.315,0.689,0.578,-0.679,0.453,0.741,-0.215,0.636,0.715,-0.518,0.469,0.796,-0.152,0.586,0.715,-0.469,0.518,1.0,-0.002,0.026,0.956,-0.292,0.027,0.303,0.886,0.352,0.023,0.999,-0.023,rock
51.374074,0.723,-0.599,0.345,-0.108,-0.647,-0.755,-0.741,0.393,-0.545,0.145,0.899,0.412,1.0,-0.023,0.0,-0.484,0.824,0.294,0.645,-0.111,0.756,-0.391,0.875,0.285,0.814,-0.28,0.509,-0.574,0.763,0.295,0.744,-0.357,0.565,-0.653,-0.655,0.381,-0.945,-0.129,-0.301,none
48.832982,0.72,-0.0,0.694,0.993,0.03,-0.11,-0.689,-0.284,-0.667,0.622,0.1,0.777,0.024,-0.549,0.835,-0.494,0.055,0.868,-0.429,-0.618,0.658,-0.391,-0.042,0.919,-0.31,-0.693,0.651,-0.394,-0.123,0.911,-0.319,-0.73,0.604,-0.092,-0.699,0.709,-0.154,-0.982,0.11,none
2.776579,-0.143,0.736,0.661,-0.873,0.218,0.436,0.699,-0.634,-0.33,0.771,-0.535,0.345,0.0,0.0,-1.0,0.976,-0.173,0.132,-0.816,0.408,-0.408,0.905,0.037,0.423,-0.447,0.894,-0.0,0.907,0.06,0.417,-0.485,0.485,0.728,0.045,0.897,0.441,-0.927,0.265,-0.265,scissors
24.373195,0.053,0.718,0.694,-0.393,0.809,0.437,0.472,-0.773,-0.424,0.814,-0.33,0.478,0.457,-0.777,0.434,0.894,-0.139,0.426,0.638,-0.638,0.433,0.914,-0.21,0.347,0.615,-0.569,0.546,0.97,-0.019,-0.241,0.897,-0.436,0.073,0.025,0.936,0.352,0.084,0.986,-0.147,rock
7.488568,-0.203,0.754,0.625,-0.0,0.68,0.733,-0.112,-0.862,-0.495,0.759,-0.582,0.293,0.863,-0.432,0.261,0.967,-0.238,0.095,0.994,-0.036,0.099,0.928,0.104,0.358,0.831,0.052,0.554,0.924,0.125,0.361,0.789,0.062,0.612,0.046,0.935,0.351,-0.148,0.861,0.487,scissors
34.063368,0.066,0.851,0.522,-0.169,-0.971,0.169,0.209,-0.939,-0.274,0.707,-0.328,0.627,-0.0,0.119,-0.993,0.792,-0.194,0.579,-0.203,0.355,-0.913,0.839,-0.168,0.518,-0.212,-0.0,-0.977,0.998,-0.002,-0.057,-0.726,0.04,-0.686,0.235,0.901,0.366,-0.903,-0.263,-0.339,rock
54.943111,0.72,-0.566,0.402,-0.563,-0.087,0.822,-0.635,0.414,-0.652,0.014,-0.216,0.976,-0.97,0.219,-0.102,-0.79,-0.507,0.344,-0.296,0.631,-0.717,-0.751,-0.581,0.315,-0.524,0.624,-0.58,-0.759,-0.621,0.194,-0.579,0.749,0.323,-0.723,-0.599,0.344,-0.315,0.945,0.09,none
31.513447,0.077,0.83,0.552,-0.577,-0.115,-0.808,0.177,-0.965,-0.194,0.718,-0.323,0.616,-0.899,0.138,-0.415,0.803,-0.187,0.566,-0.991,-0.132,-0.0,0.845,-0.173,0.506,-0.951,0.219,-0.219,0.998,-0.009,-0.067,-0.947,0.063,0.316,0.203,0.91,0.361,-0.164,-0.655,-0.737,rock
15.705743,0.069,0.756,0.651,0.707,-0.707,-0.0,0.442,-0.773,-0.455,0.787,-0.322,0.526,-0.156,0.312,-0.937,0.87,-0.144,0.472,-0.873,0.436,0.218,0.901,-0.191,0.389,-0.174,0.696,-0.696,0.98,-0.006,-0.197,-0.762,0.635,-0.127,0.067,0.926,0.372,-0.962,-0.0,-0.275,rock
11.046739,-0.158,0.778,0.608,0.2,-0.734,-0.649,0.732,-0.604,-0.315,0.771,-0.553,0.317,-0.734,0.602,-0.316,0.968,-0.211,0.139,-0.963,0.246,-0.109,0.927,0.065,0.369,-0.93,-0.037,-0.366,0.923,0.088,0.375,-0.927,-0.052,-0.371,0.068,0.918,0.392,-0.082,-0.922,-0.379,scissors
7.114274,0.057,0.467,0.882,0.976,-0.13,-0.174,0.254,-0.563,-0.786,0.968,0.229,-0.1,0.556,-0.171,0.813,0.277,0.673,0.686,0.033,-0.4,0.916,0.342,0.565,0.751,0.249,-0.482,0.84,0.293,0.586,0.755,0.551,-0.472,0.688,0.148,0.285,0.947,0.03,-0.954,-0.298,none
15.131536,-0.089,0.737,0.67,-0.055,0.831,0.554,0.724,-0.24,-0.647,0.812,-0.469,0.347,0.798,-0.599,0.067,0.972,-0.129,0.195,0.897,-0.345,0.276,0.89,0.006,0.455,0.962,-0.0,0.275,0.883,0.029,0.468,0.766,0.139,0.627,0.069,0.877,0.475,-0.169,0.959,0.226,scissors
40.662317,0.554,0.12,0.824,0.725,-0.653,-0.218,-0.363,-0.4,-0.842,0.929,0.37,0.002,-0.933,0.034,-0.359,0.675,0.732,0.095,-0.848,-0.11,-0.519,0.63,0.768,0.113,-0.835,0.168,-0.524,0.449,0.858,-0.249,-0.877,-0.11,-0.468,0.077,-0.633,0.77,0.179,0.76,-0.625,none
16.725619,0.075,0.762,0.643,0.0,0.97,0.243,0.41,-0.813,-0.414,0.782,-0.313,0.539,0.0,-0.447,-0.894,0.862,-0.141,0.486,-0.535,-0.267,0.802,0.898,-0.178,0.402,0.707,0.707,-0.0,0.983,0.004,-0.182,-0.316,0.949,-0.0,0.081,0.921,0.381,-0.707,0.566,-0.424,rock
34.061725,0.025,0.851,0.525,0.195,-0.976,0.098,0.235,-0.926,-0.294,0.692,-0.366,0.622,-0.064,0.446,-0.893,0.791,-0.235,0.565,-0.426,0.681,-0.596,0.825,-0.204,0.527,-0.211,0.351,-0.912,0.998,-0.038,-0.045,-0.749,0.437,-0.499,0.237,0.914,0.328,-0.932,-0.311,-0.186,rock
37.010444,0.573,-0.34,0.745,-0.147,-0.778,-0.61,-0.441,0.194,-0.876,0.475,0.663,0.579,0.955,0.219,0.2,0.134,0.931,0.339,-0.846,-0.117,-0.521,0.185,0.926,0.33,-0.735,-0.078,-0.674,-0.036,0.992,0.117,-0.935,-0.038,-0.353,-0.739,-0.092,0.667,-0.618,-0.477,0.625,none
24.306881,-0.07,0.708,0.703,0.339,0.887,-0.313,0.565,-0.661,-0.494,0.84,-0.437,0.321,-0.066,-0.265,0.962,0.978,-0.096,0.187,0.058,-0.263,0.963,0.879,0.007,0.477,0.421,-0.902,-0.09,0.864,0.064,0.499,0.46,-0.888,-0.0,0.054,0.874,0.483,0.878,0.281,0.387,scissors
20.801784,0.062,0.772,0.632,-0.187,-0.047,-0.981,0.529,-0.742,-0.411,0.775,-0.33,0.538,-0.966,0.051,-0.254,0.861,-0.158,0.484,-0.983,-0.179,0.045,0.891,-0.199,0.408,-0.988,0.156,0.0,0.984,-0.017,-0.176,-0.853,-0.0,0.521,0.084,0.929,0.361,0.167,-0.669,-0.724,rock
22.776797,0.001,0.713,0.701,-0.249,-0.83,-0.498,-0.099,-0.901,-0.422,0.855,-0.373,0.36,-0.507,0.253,-0.824,0.974,-0.026,0.225,-0.855,0.142,-0.499,0.841,-0.021,0.541,-0.735,0.515,-0.441,0.836,0.018,0.549,-0.862,0.492,-0.123,0.048,0.833,0.551,-0.686,-0.374,-0.624,scissors
7.432588,-0.089,0.95,0.3,-0.196,0.784,-0.588,0.699,-0.707,0.107,0.857,0.036,-0.515,0.141,-0.0,-0.99,0.746,0.222,0.628,0.707,0.0,0.707,0.842,0.059,0.536,0.707,-0.0,-0.707,0.941,-0.067,0.333,-0.894,0.447,0.0,0.887,0.095,0.452,-0.696,0.174,-0.696,paper
4.14199,0.084,-0.191,0.978,-0.587,-0.522,-0.619,0.251,0.079,-0.965,0.78,0.575,0.247,-0.693,0.53,-0.489,-0.104,0.825,0.555,-0.409,-0.091,-0.908,0.046,0.782,0.621,-0.46,0.115,-0.881,-0.042,0.907,0.42,-0.496,-0.135,-0.857,-0.465,0.308,0.83,-0.443,0.136,-0.886,none
29.980927,0.001,0.842,0.54,-0.117,-0.876,-0.469,-0.576,-0.576,-0.581,0.732,-0.369,0.572,-0.631,0.321,-0.706,0.832,-0.215,0.511,-0.753,0.22,-0.62,0.856,-0.23,0.464,-0.763,0.153,-0.628,0.991,-0.057,-0.118,-0.993,0.023,-0.118,0.14,0.937,0.321,-0.297,-0.873,-0.388,rock
3.469669,0.028,0.81,0.586,0.0,0.707,-0.707,0.48,-0.807,-0.344,0.727,-0.361,0.583,-0.183,0.365,-0.913,0.825,-0.206,0.526,-0.873,0.436,0.218,0.859,-0.211,0.467,-0.426,0.64,-0.64,0.993,-0.038,-0.115,-0.824,0.549,-0.137,0.149,0.929,0.34,-0.894,-0.0,-0.447,rock
10.698607,0.197,-0.273,0.942,-0.76,-0.566,-0.318,0.149,0.145,-0.978,0.899,0.404,-0.167,0.893,0.362,0.266,0.405,0.845,0.349,0.364,-0.247,0.898,0.371,0.742,0.559,0.285,-0.133,0.949,0.242,0.933,-0.265,0.937,0.008,0.349,-0.736,0.459,0.498,0.437,0.073,-0.896,none
4.565138,0.111,-0.234,0.966,0.946,-0.321,-0.054,0.167,0.084,-0.982,0.715,0.632,0.299,-0.61,-0.164,0.775,-0.263,0.81,0.524,-0.912,-0.048,-0.408,-0.18,0.751,0.635,-0.838,0.192,-0.511,-0.27,0.848,0.456,-0.971,0.053,-0.233,-0.55,0.206,0.809,-0.506,-0.85,0.147,none
4.033854,-0.139,0.757,0.639,1.0,0.0,0.0,0.732,-0.613,-0.298,0.757,-0.546,0.358,0.0,0.447,-0.894,0.969,-0.189,0.16,-0.667,0.667,0.333,0.913,0.02,0.407,-0.707,0.0,0.707,0.913,0.04,0.407,-0.62,0.248,0.744,0.076,0.897,0.436,-0.986,0.164,-0.0,scissors
3.948964,-0.134,0.766,0.628,0.577,0.577,0.577,0.75,-0.599,-0.28,0.755,-0.544,0.366,0.236,0.236,-0.943,0.966,-0.193,0.17,-0.667,0.667,0.333,0.913,0.013,0.407,-0.0,0.707,0.707,0.916,0.034,0.4,-0.408,0.408,0.816,0.085,0.894,0.44,-0.953,0.272,-0.136,scissors
12.581289,-0.102,0.717,0.69,0.254,0.966,-0.051,0.713,-0.178,-0.678,0.822,-0.468,0.325,0.277,-0.484,0.83,0.981,-0.115,0.153,0.385,-0.275,0.881,0.884,0.036,0.467,0.734,-0.677,0.056,0.877,0.054,0.478,0.68,-0.68,0.272,0.032,0.884,0.467,0.523,0.719,0.458,scissors
24.697904,0.379,0.168,0.91,0.659,-0.725,-0.198,-0.323,-0.469,-0.822,0.938,0.328,0.108,-0.764,0.447,0.466,0.506,0.623,0.596,-0.969,0.197,0.148,0.492,0.429,0.758,-0.993,0.113,0.045,0.326,0.792,0.517,-0.981,-0.123,0.149,-0.173,0.239,0.955,-0.838,-0.532,0.121,none
26.441897,0.644,0.151,0.75,-0.671,0.603,0.432,-0.596,-0.557,-0.578,0.701,0.56,0.442,-0.508,0.194,-0.839,0.188,0.638,0.747,0.0,0.423,-0.906,0.314,0.608,0.729,0.057,0.536,-0.842,0.169,0.857,0.487,-0.114,0.273,-0.955,0.234,-0.793,0.562,-0.803,-0.594,-0.042,none
14.618723,-0.126,0.731,0.67,-0.288,-0.346,0.893,0.83,-0.133,-0.542,0.801,-0.509,0.316,0.693,0.027,-0.72,0.973,-0.169,0.159,0.544,0.363,-0.756,0.905,0.049,0.423,0.137,0.824,0.549,0.895,0.073,0.44,0.0,0.743,0.669,0.059,0.902,0.428,-0.908,0.417,0.025,scissors
3.257434,-0.14,0.948,0.285,-0.178,-0.089,0.98,0.751,-0.648,0.125,0.84,0.088,-0.535,0.111,0.889,0.444,0.746,0.269,0.61,-0.834,0.449,0.321,0.856,0.107,0.506,-0.688,0.688,0.229,0.954,-0.009,0.3,-0.595,0.595,0.541,0.892,0.145,0.427,-0.828,0.177,0.532,paper
7.387265,-0.082,0.951,0.298,0.154,0.617,-0.772,0.717,-0.685,0.13,0.854,0.034,-0.519,0.0,-0.243,-0.97,0.748,0.22,0.627,0.447,-0.894,0.0,0.841,0.055,0.538,0.485,-0.485,-0.728,0.94,-0.074,0.334,-1.0,-0.0,-0.0,0.889,0.086,0.45,-0.617,-0.154,-0.772,paper
17.137723,-0.349,0.456,0.819,0.873,0.436,-0.218,0.775,-0.396,-0.492,0.814,-0.313,-0.488,0.977,0.068,0.203,0.923,0.36,-0.133,0.603,-0.094,0.792,0.896,0.43,-0.107,-0.832,-0.555,0.0,0.718,0.692,-0.077,-0.688,0.229,0.688,0.041,0.89,0.454,-0.99,0.141,-0.0,none
48.82365,0.738,-0.186,0.649,0.962,0.152,-0.227,-0.648,-0.016,-0.761,0.525,0.189,0.83,0.119,-0.702,0.702,-0.651,0.039,0.758,-0.225,-0.704,0.674,-0.559,-0.061,0.827,-0.124,-0.793,0.597,-0.576,-0.108,0.81,-0.145,-0.846,0.512,-0.246,-0.661,0.709,0.107,-0.993,-0.043,none
9.761717,-0.072,0.95,0.305,0.419,0.698,-0.581,0.536,-0.831,0.145,0.86,0.009,-0.51,0.233,-0.655,-0.719,0.752,0.197,0.629,0.725,-0.678,0.117,0.84,0.034,0.542,0.633,-0.774,-0.0,0.935,-0.086,0.345,0.506,-0.859,-0.076,0.883,0.077,0.462,0.825,-0.485,-0.291,paper
16.286999,0.08,0.771,0.631,0.302,-0.905,-0.302,0.385,-0.795,-0.469,0.775,-0.315,0.547,-0.265,0.265,-0.927,0.856,-0.148,0.495,-0.913,0.365,-0.183,0.894,-0.177,0.412,-0.324,0.487,-0.811,0.985,0.004,-0.172,-0.843,0.482,-0.241,0.095,0.92,0.38,-0.889,-0.111,-0.444,rock
14.107645,-0.29,0.746,0.599,-0.212,-0.636,0.742,0.882,-0.1,-0.461,0.728,-0.636,0.256,0.416,0.178,-0.892,0.944,-0.316,0.093,0.158,0.473,-0.867,0.955,0.097,0.279,-0.211,0.912,0.351,0.944,0.14,0.298,-0.27,0.757,0.595,0.088,0.959,0.271,-0.96,0.24,-0.144,scissors
1.33816,-0.125,0.95,0.286,0.832,-0.535,0.149,0.757,-0.646,0.101,0.845,0.123,-0.521,0.745,-0.596,0.298,0.721,0.297,0.626,-0.287,-0.215,0.933,0.846,0.136,0.515,0.073,-0.293,0.953,0.96,-0.005,0.281,0.425,-0.053,0.904,0.933,0.161,0.323,0.321,0.223,-0.92,paper
24.881348,0.068,0.742,0.667,0.328,0.536,0.778,0.371,-0.807,-0.46,0.796,-0.335,0.503,0.951,-0.079,0.297,0.881,-0.155,0.447,0.899,0.172,0.402,0.902,-0.213,0.376,0.981,0.056,0.185,0.977,-0.027,-0.211,0.891,0.291,-0.349,0.059,0.936,0.346,-0.27,0.809,0.522,rock
30.492745,0.154,0.849,0.506,-0.184,-0.775,-0.605,-0.009,-0.946,-0.325,0.689,-0.284,0.666,-0.743,0.27,-0.612,0.769,-0.174,0.615,-0.842,0.126,-0.524,0.822,-0.133,0.554,-0.85,0.138,-0.509,1.0,0.021,-0.008,-1.0,-0.022,0.022,0.259,0.888,0.379,-0.171,-0.878,-0.447,rock
19.097461,0.265,0.832,-0.487,-0.089,0.842,0.532,0.229,-0.16,0.96,0.032,-0.426,0.904,0.223,-0.569,-0.792,-0.045,-0.586,0.809,0.665,0.559,-0.496,0.432,-0.856,-0.285,-0.532,0.779,-0.332,0.717,0.191,0.67,0.443,-0.843,-0.306,0.926,-0.02,0.377,0.643,0.688,-0.337,none
11.672196,-0.028,0.95,0.31,0.2,0.933,0.3,0.042,-0.992,0.122,0.876,-0.037,-0.482,0.798,-0.153,-0.583,0.736,0.165,0.656,0.673,0.0,0.74,0.818,0.001,0.575,0.776,-0.169,0.607,0.913,-0.119,0.389,0.783,-0.249,0.57,0.872,0.033,0.488,0.862,-0.123,0.492,paper
55.964966,0.687,-0.587,0.428,-0.818,0.545,0.182,-0.628,0.452,-0.634,-0.041,-0.35,0.936,0.64,-0.0,-0.768,-0.742,-0.63,0.228,-0.577,0.577,0.577,-0.762,-0.596,0.252,-0.229,0.688,-0.688,-0.79,-0.588,0.176,-0.651,0.391,-0.651,-0.74,-0.534,0.409,0.258,0.664,0.701,none
19.78531,0.077,0.768,0.636,-0.316,-0.949,0.0,0.421,-0.795,-0.437,0.776,-0.311,0.548,-0.0,0.217,-0.976,0.857,-0.141,0.496,-0.64,0.64,-0.426,0.895,-0.174,0.411,-0.136,0.272,-0.953,0.985,0.01,-0.175,-0.814,0.349,-0.465,0.092,0.918,0.385,-0.928,-0.0,-0.371,rock
1.039726,-0.117,0.946,0.302,-0.588,0.784,-0.196,0.771,-0.616,0.163,0.855,0.119,-0.505,0.349,0.116,-0.93,0.718,0.288,0.633,0.688,0.688,0.229,0.845,0.123,0.52,0.696,0.174,-0.696,0.96,-0.02,0.28,-0.873,0.218,-0.436,0.921,-0.233,0.313,-0.241,-0.482,-0.843,paper
37.136597,0.618,-0.391,0.682,-0.996,-0.079,0.052,-0.468,0.242,-0.85,0.581,0.666,0.469,0.848,0.499,-0.179,-0.041,0.855,0.517,-0.537,0.173,-0.826,-0.024,0.811,0.584,-0.619,0.206,-0.758,-0.256,0.918,0.304,-0.702,-0.045,-0.711,-0.689,-0.181,0.701,0.394,0.906,0.157,none
34.062115,0.05,0.819,0.572,-0.0,-0.992,-0.124,0.189,-0.948,-0.255,0.737,-0.325,0.593,-0.215,0.287,-0.933,0.821,-0.173,0.544,-0.631,0.451,-0.631,0.861,-0.177,0.476,-0.375,0.225,-0.899,0.995,-0.005,-0.101,-0.874,0.269,-0.404,0.175,0.911,0.374,-0.837,-0.386,-0.386,rock
26.265586,0.512,0.367,0.776,-0.087,-0.925,0.37,-0.566,-0.603,-0.562,0.809,0.346,0.475,0.881,0.27,-0.387,0.236,0.441,0.866,0.872,0.085,0.483,0.351,0.409,0.842,0.937,0.129,0.325,0.214,0.699,0.682,0.889,0.252,0.382,0.089,-0.655,0.751,-0.768,-0.117,-0.63,none
15.657924,-0.16,0.95,0.269,0.041,-0.978,-0.206,0.599,-0.749,0.284,0.823,0.032,-0.568,-0.763,0.131,0.633,0.798,0.25,0.549,-0.883,-0.074,-0.463,0.882,0.07,0.466,-0.881,0.124,-0.456,0.959,-0.027,0.282,-0.938,0.235,-0.255,0.898,0.161,0.409,-0.933,-0.03,-0.357,paper
27.431772,0.051,0.844,0.533,-0.359,-0.598,-0.717,-0.312,-0.914,-0.259,0.708,-0.338,0.619,-0.588,-0.0,-0.809,0.798,-0.202,0.567,-0.854,-0.085,-0.513,0.837,-0.184,0.516,-0.747,-0.0,-0.664,0.998,-0.02,-0.059,-0.988,-0.0,-0.152,0.214,0.912,0.349,-0.627,-0.348,-0.697,rock
18.697063,-0.246,0.804,0.541,-0.24,0.669,0.703,0.876,-0.418,-0.241,0.703,-0.632,0.326,0.799,-0.571,0.19,0.926,-0.333,0.178,0.956,-0.262,0.131,0.965,0.026,0.26,0.919,0.071,0.389,0.956,0.087,0.279,0.845,0.134,0.518,0.172,0.94,0.294,-0.072,0.95,0.305,scissors
11.197547,0.105,-0.259,0.96,0.163,0.931,0.326,0.299,0.166,-0.94,0.848,0.184,-0.497,0.801,-0.286,0.526,-0.527,0.687,0.501,0.478,0.267,-0.837,-0.286,0.648,0.706,-0.204,0.52,-0.829,0.007,0.946,0.323,-0.928,0.082,-0.364,-0.877,0.333,0.346,0.124,0.989,0.077,none
12.071107,-0.016,0.69,0.723,-0.14,-0.912,-0.386,0.753,-0.098,-0.651,0.839,-0.421,0.344,-0.513,0.476,-0.714,0.981,-0.068,0.181,-0.816,0.228,-0.531,0.866,-0.024,0.499,-0.86,0.43,-0.274,0.864,-0.019,0.503,-0.9,0.404,-0.165,0.031,0.855,0.518,-0.509,-0.679,-0.528,scissors
3.744281,-0.131,0.758,0.639,0.894,-0.447,-0.0,0.744,-0.616,-0.259,0.758,-0.542,0.363,-0.348,0.348,-0.87,0.969,-0.186,0.161,-0.857,0.514,0.0,0.91,0.018,0.413,-0.905,0.302,-0.302,0.912,0.042,0.409,-0.768,0.384,0.512,0.076,0.893,0.444,-0.953,-0.136,-0.272,scissors
7.345385,-0.078,0.95,0.301,0.243,0.0,-0.97,0.717,-0.685,0.13,0.859,0.034,-0.511,-0.162,-0.162,-0.973,0.743,0.221,0.631,-0.707,-0.707,0.0,0.84,0.055,0.54,0.302,-0.302,-0.905,0.94,-0.075,0.333,-0.949,0.316,0.0,0.891,0.084,0.447,-0.625,0.0,-0.781,paper
26.348053,0.001,0.73,0.683,-0.011,-0.667,-0.745,0.639,-0.564,-0.523,0.842,-0.393,0.369,-0.867,0.373,-0.329,0.969,-0.056,0.242,-0.987,0.021,-0.158,0.862,-0.046,0.505,-0.822,0.022,-0.57,0.856,0.01,0.517,-0.827,0.0,-0.562,0.077,0.843,0.532,-0.022,-0.827,-0.562,scissors
1.933302,0.044,0.788,0.614,0.298,0.596,-0.745,0.533,-0.776,-0.337,0.754,-0.346,0.559,-0.707,0.424,0.566,0.845,-0.176,0.504,-0.625,-0.0,0.781,0.88,-0.194,0.433,-0.426,0.64,0.64,0.99,-0.016,-0.144,-0.347,0.52,0.78,0.108,0.92,0.377,0.981,-0.196,-0.0,rock
19.207307,-0.083,0.765,0.639,-0.323,-0.34,0.883,0.662,-0.632,-0.402,0.793,-0.484,0.37,0.69,-0.049,-0.722,0.96,-0.161,0.23,0.579,0.263,-0.772,0.907,-0.027,0.421,0.219,0.844,0.489,0.906,0.004,0.424,0.112,0.799,0.591,0.112,0.879,0.464,-0.885,0.466,-0.0,scissors
26.978677,0.62,0.17,0.766,-0.581,0.814,-0.0,-0.55,-0.491,-0.675,0.491,0.602,0.63,-0.899,-0.393,-0.191,-0.07,0.589,0.805,-0.341,0.556,-0.758,0.105,0.556,0.824,-0.295,0.551,-0.781,0.083,0.785,0.614,-0.222,0.678,-0.701,0.373,-0.773,0.513,0.09,0.642,0.761,none
37.186482,0.092,0.822,0.562,-0.154,-0.772,-0.617,0.188,-0.945,-0.267,0.735,-0.312,0.602,-0.466,0.28,-0.839,0.815,-0.166,0.555,-0.943,0.236,-0.236,0.858,-0.158,0.488,-0.667,0.333,-0.667,0.996,0.012,-0.086,-0.936,0.341,-0.085,0.186,0.902,0.389,-0.704,-0.503,-0.503,rock
15.181947,-0.154,0.962,0.227,0.046,-0.97,-0.24,0.47,-0.82,0.328,0.79,0.001,-0.613,-0.794,0.084,0.602,0.834,0.215,0.509,-0.862,-0.115,-0.494,0.905,0.025,0.425,-0.868,0.08,-0.491,0.969,-0.071,0.239,-0.936,0.201,-0.29,0.921,0.142,0.363,-0.916,-0.043,-0.399,paper
5.499436,0.004,0.92,0.392,0.274,-0.297,-0.915,0.655,-0.687,-0.316,0.571,-0.386,0.724,-0.759,0.64,-0.119,0.686,-0.315,0.656,-0.933,0.333,0.133,0.72,-0.217,0.659,-0.772,0.632,-0.07,0.989,-0.084,0.118,-0.785,0.471,0.404,0.376,0.887,0.267,0.211,-0.977,0.0,rock
29.981302,-0.052,0.85,0.523,-0.19,-0.842,-0.505,-0.599,-0.618,-0.509,0.7,-0.432,0.568,-0.678,0.251,-0.691,0.823,-0.279,0.494,-0.771,0.137,-0.622,0.829,-0.286,0.481,-0.802,0.091,-0.59,0.988,-0.115,-0.104,-0.995,-0.057,-0.078,0.158,0.955,0.253,-0.249,-0.856,-0.454,rock
25.632064,-0.052,0.644,0.763,0.09,-0.633,-0.769,0.548,-0.677,-0.492,0.894,-0.362,0.263,-0.849,0.436,-0.298,0.992,0.007,0.128,-0.994,0.086,-0.065,0.82,0.096,0.564,-0.855,-0.045,-0.517,0.8,0.138,0.584,-0.894,-0.045,-0.447,-0.06,0.845,0.531,-0.07,-0.868,-0.492,scissors
21.311956,0.042,0.759,0.65,-0.0,-0.777,-0.629,0.553,-0.713,-0.432,0.791,-0.333,0.513,-0.683,0.39,-0.618,0.875,-0.156,0.457,-0.911,0.236,-0.337,0.897,-0.214,0.386,-0.794,0.298,-0.53,0.98,-0.032,-0.196,-0.981,0.19,0.032,0.056,0.935,0.351,-0.313,-0.869,-0.383,rock
20.605067,0.224,0.729,0.647,-0.913,0.356,0.2,-0.126,-0.902,-0.414,0.954,-0.291,0.067,-0.294,-0.342,-0.892,0.85,0.169,0.499,0.293,-0.172,-0.94,0.856,0.026,0.517,0.398,0.252,-0.882,0.86,0.511,-0.023,-0.324,-0.658,-0.679,0.368,0.349,0.862,-0.092,0.9,-0.427,none
20.755001,-0.066,0.76,0.646,0.199,0.978,0.054,0.065,-0.89,-0.451,0.806,-0.457,0.375,0.328,-0.471,0.819,0.963,-0.125,0.237,0.523,-0.31,0.794,0.891,-0.02,0.454,0.758,-0.642,0.117,0.885,0.018,0.466,0.791,-0.583,0.187,0.102,0.867,0.488,0.593,0.654,0.47,scissors
16.161312,-0.192,0.765,0.615,-0.282,0.188,0.941,0.881,-0.191,-0.433,0.756,-0.571,0.32,0.852,-0.304,-0.426,0.952,-0.255,0.168,0.894,0.034,-0.447,0.94,0.027,0.339,0.617,0.586,0.525,0.934,0.066,0.351,0.41,0.615,0.674,0.114,0.926,0.36,-0.66,0.743,0.11,scissors
18.313877,0.077,0.767,0.637,0.0,-0.707,0.707,0.425,-0.797,-0.429,0.777,-0.315,0.546,0.11,0.11,-0.988,0.858,-0.144,0.493,-0.577,0.577,-0.577,0.895,-0.178,0.408,-0.0,0.275,-0.962,0.984,0.004,-0.177,-0.684,0.456,-0.57,0.089,0.92,0.381,-0.953,0.095,-0.286,rock
6.145597,0.098,-0.124,0.987,0.963,0.168,-0.209,0.253,0.007,-0.967,0.832,0.514,0.207,0.025,-0.751,0.659,-0.164,0.798,0.579,-0.37,-0.638,0.675,-0.124,0.711,0.692,-0.564,-0.715,0.414,-0.134,0.804,0.579,-0.971,-0.222,0.092,-0.391,0.333,0.858,0.234,-0.773,0.59,none
7.992038,-0.105,0.821,0.561,0.047,0.694,0.718,-0.193,-0.842,-0.503,0.736,-0.534,0.416,0.848,-0.405,0.342,0.95,-0.208,0.232,0.977,-0.013,0.213,0.928,-0.043,0.37,0.83,-0.072,0.553,0.93,-0.023,0.368,0.787,-0.049,0.615,0.152,0.884,0.442,-0.086,0.831,0.55,scissors
26.858836,-0.051,0.745,0.665,0.039,0.678,0.734,0.58,-0.647,-0.494,0.825,-0.441,0.352,0.883,-0.381,0.275,0.969,-0.11,0.22,0.981,-0.016,0.193,0.892,-0.028,0.45,0.832,-0.024,0.555,0.887,0.031,0.461,0.783,0.04,0.621,0.085,0.872,0.483,-0.063,0.854,0.517,scissors
0.827868,-0.153,0.74,0.655,-0.646,0.574,0.503,0.791,-0.527,-0.31,0.769,-0.554,0.32,0.394,-0.788,-0.473,0.974,-0.181,0.133,0.619,-0.722,-0.309,0.901,0.06,0.431,0.789,0.614,-0.0,0.906,0.086,0.415,0.394,0.788,0.473,0.041,0.896,0.442,-0.458,0.85,-0.261,scissors
18.208244,0.039,0.952,0.302,0.437,-0.012,-0.899,0.719,-0.587,-0.372,0.87,-0.184,-0.458,-0.523,-0.818,-0.241,0.773,0.067,0.63,0.199,-0.867,-0.457,0.834,-0.138,0.534,0.012,-0.863,-0.505,0.893,-0.198,0.404,-0.201,-0.781,-0.592,0.876,-0.041,0.481,0.071,-0.583,-0.809,paper
35.081434,0.105,0.819,0.565,0.333,0.933,0.133,0.179,-0.955,-0.235,0.741,-0.296,0.602,0.577,-0.115,0.808,0.815,-0.15,0.56,0.224,-0.075,0.972,0.862,-0.145,0.487,0.634,0.272,0.724,0.996,0.024,-0.082,0.667,0.572,0.477,0.176,0.899,0.402,0.087,0.961,0.262,rock
22.33121,0.039,0.84,0.541,-0.091,-0.784,-0.614,0.597,-0.548,-0.587,0.709,-0.345,0.615,-0.721,0.361,-0.591,0.806,-0.208,0.554,-0.858,0.222,-0.464,0.842,-0.201,0.501,-0.826,0.256,-0.502,0.996,-0.034,-0.08,-0.993,0.107,0.039,0.189,0.923,0.334,-0.16,-0.93,-0.33,rock
14.173087,0.057,0.752,0.656,-0.235,-0.784,-0.575,0.438,-0.779,-0.45,0.786,-0.345,0.513,-0.689,0.123,-0.714,0.875,-0.164,0.455,-0.824,0.026,-0.566,0.898,-0.215,0.383,-0.832,0.025,-0.555,0.978,-0.028,-0.206,-0.994,-0.097,-0.048,0.063,0.935,0.35,-0.309,-0.722,-0.619,rock
27.784108,0.56,-0.048,0.827,0.571,-0.809,-0.143,-0.573,-0.237,-0.784,0.515,0.575,0.636,-0.633,0.708,-0.311,0.011,0.599,0.8,-0.487,0.716,-0.501,0.186,0.611,0.77,-0.596,0.596,-0.538,0.023,0.851,0.524,-0.726,0.062,-0.685,-0.366,-0.151,0.918,-0.319,0.701,-0.638,none
18.699094,-0.215,0.748,0.628,-0.533,0.4,0.746,0.869,-0.441,-0.226,0.768,-0.57,0.292,0.696,-0.642,-0.321,0.959,-0.242,0.144,0.872,-0.331,-0.361,0.933,0.076,0.353,0.824,0.522,0.22,0.92,0.124,0.371,0.658,0.631,0.411,0.079,0.931,0.356,-0.426,0.903,-0.05,scissors
1.53434,0.037,0.807,0.59,-0.267,-0.802,0.535,0.578,-0.764,-0.288,0.734,-0.363,0.573,0.243,-0.0,-0.97,0.833,-0.204,0.515,-0.0,0.894,-0.447,0.865,-0.206,0.458,0.183,0.365,-0.913,0.993,-0.032,-0.114,-0.625,0.469,-0.625,0.133,0.923,0.362,-0.99,-0.0,0.141,rock
7.966639,-0.007,0.215,0.977,0.089,-0.859,-0.504,0.351,-0.351,-0.868,0.882,0.328,-0.337,0.959,0.116,0.26,0.532,0.765,0.363,0.428,-0.189,0.884,0.658,0.654,0.373,0.534,-0.284,0.796,0.566,0.73,0.384,0.816,-0.248,0.523,-0.159,0.593,0.789,0.627,-0.082,-0.775,none
48.371653,0.811,-0.434,0.392,0.873,-0.436,-0.218,-0.666,0.337,-0.666,0.19,0.083,0.978,-0.885,0.442,-0.147,-0.768,-0.305,0.563,-0.784,-0.588,0.196,-0.724,-0.363,0.586,-0.762,-0.635,0.127,-0.73,-0.415,0.544,-0.696,0.174,0.696,-0.451,-0.796,0.403,-0.802,0.267,-0.535,none
25.63066,0.444,0.625,0.642,0.405,-0.891,-0.203,-0.342,-0.85,-0.401,0.986,-0.07,0.148,-0.986,0.132,0.103,0.511,0.146,0.847,-0.747,0.233,-0.622,0.57,-0.043,0.821,-0.704,0.371,-0.606,0.528,0.332,0.781,-0.878,0.031,-0.478,0.304,-0.283,0.91,-0.971,-0.17,-0.17,none
7.046346,-0.098,0.942,0.321,0.267,0.802,0.535,0.7,-0.702,0.132,0.867,0.06,-0.495,0.436,0.218,-0.873,0.724,0.247,0.645,-0.688,0.229,0.688,0.826,0.085,0.557,-0.577,0.577,0.577,0.933,-0.043,0.356,-0.625,0.469,0.625,0.874,0.098,0.475,-0.986,0.0,-0.164,paper
13.662992,0.05,0.799,0.599,-0.511,-0.223,-0.83,0.362,-0.885,-0.291,0.743,-0.342,0.575,-0.95,-0.173,-0.259,0.835,-0.189,0.517,-0.907,-0.397,-0.142,0.866,-0.205,0.456,-0.989,-0.15,-0.0,0.991,-0.029,-0.128,-0.829,-0.296,0.474,0.138,0.928,0.345,0.22,-0.534,-0.816,rock
24.817079,-0.192,0.749,0.634,0.529,0.718,-0.453,0.812,-0.534,-0.234,0.784,-0.545,0.296,-0.231,0.046,0.972,0.963,-0.217,0.158,-0.188,-0.075,0.979,0.929,0.038,0.368,0.083,-0.993,-0.083,0.92,0.106,0.378,0.135,-0.99,0.045,0.09,0.926,0.367,0.872,-0.0,0.49,scissors
23.243517,0.024,0.864,0.503,0.07,0.747,0.661,0.631,-0.499,-0.594,0.67,-0.38,0.638,0.778,-0.393,0.489,0.779,-0.259,0.571,0.87,-0.192,0.455,0.808,-0.228,0.543,0.883,-0.223,0.414,0.997,-0.07,-0.034,0.991,-0.033,-0.131,0.239,0.928,0.287,-0.023,0.955,0.295,rock
8.645542,0.176,0.101,0.979,-0.818,0.182,0.545,0.099,-0.347,-0.933,0.893,0.441,-0.085,-0.858,-0.151,-0.491,0.363,0.877,0.315,-0.422,-0.334,-0.843,0.443,0.827,0.345,-0.546,0.092,-0.833,0.299,0.946,0.124,-0.582,0.101,-0.807,-0.622,0.536,0.572,-0.996,0.054,0.068,none
19.273049,0.083,0.762,0.642,-0.236,-0.754,0.613,0.431,-0.799,-0.42,0.785,-0.302,0.541,0.232,0.0,-0.973,0.861,-0.13,0.491,0.125,0.314,-0.941,0.9,-0.17,0.4,0.099,-0.099,-0.99,0.983,0.012,-0.184,-0.521,0.047,-0.852,0.079,0.917,0.392,-0.959,-0.04,-0.28,rock
13.107322,-0.188,0.961,0.201,-0.39,0.426,0.816,0.235,-0.945,0.228,0.755,0.044,-0.654,0.816,0.51,-0.272,0.848,0.237,0.475,0.193,0.644,0.74,0.925,0.043,0.377,0.471,0.571,0.672,0.982,-0.067,0.175,0.518,0.518,0.68,0.931,0.17,0.322,0.27,0.578,0.77,paper
12.724541,-0.163,-0.251,0.954,0.588,-0.784,-0.196,0.544,0.193,-0.817,0.82,0.035,-0.571,-0.436,0.218,-0.873,-0.504,0.737,0.45,-0.339,0.127,0.932,-0.416,0.644,0.642,-0.09,-0.315,0.945,-0.318,0.643,0.696,0.0,-0.958,-0.287,-0.877,0.428,0.219,-0.0,-0.981,0.196,none
32.320465,0.405,-0.243,0.882,0.914,-0.0,-0.406,-0.294,0.006,-0.956,0.445,0.233,0.865,0.646,-0.574,0.503,-0.687,0.024,0.727,0.0,-0.447,-0.894,-0.449,-0.029,0.893,-0.267,-0.535,-0.802,-0.388,0.137,0.911,-0.569,-0.772,-0.284,-0.384,0.069,0.921,0.284,-0.199,0.938,none
16.888066,-0.348,0.452,0.821,-0.0,-0.707,-0.707,0.774,-0.413,-0.481,0.81,-0.247,-0.532,0.98,0.068,0.186,0.915,0.386,-0.119,0.466,-0.233,0.854,0.899,0.427,-0.097,-0.617,-0.154,-0.772,0.718,0.693,-0.065,0.302,0.302,0.905,0.045,0.889,0.457,-0.905,0.302,-0.302,none
5.139779,0.117,-0.146,0.982,-0.937,0.312,-0.156,0.234,0.062,-0.97,0.798,0.525,0.297,0.862,-0.492,-0.123,-0.205,0.773,0.6,0.588,-0.196,0.784,-0.104,0.691,0.716,0.923,-0.231,0.308,-0.101,0.82,0.563,0.655,-0.492,0.573,-0.408,0.272,0.871,0.286,0.429,-0.857,none
8.647177,-0.138,-0.008,0.99,-0.472,0.882,0.009,0.471,-0.012,-0.882,0.808,0.583,-0.081,-0.919,-0.147,-0.365,0.064,0.865,0.497,-0.228,0.285,-0.931,0.321,0.785,0.53,-0.422,0.435,-0.795,0.406,0.912,-0.053,0.03,-0.15,-0.988,-0.744,0.574,0.342,-0.01,0.931,0.364,none
35.233529,0.519,-0.378,0.767,0.937,0.312,-0.156,-0.373,0.191,-0.908,0.434,0.014,0.901,-0.302,0.543,-0.784,-0.554,0.202,0.807,-0.488,0.781,-0.39,0.174,0.981,0.085,-0.206,0.809,-0.551,-0.147,0.964,-0.221,-0.455,0.853,-0.256,-0.676,-0.034,0.736,-0.329,-0.768,0.549,none
11.387746,-0.061,0.956,0.288,-0.394,0.352,0.849,0.234,-0.944,0.232,0.842,-0.03,-0.539,0.786,0.616,-0.043,0.776,0.174,0.607,0.02,0.707,0.707,0.851,0.006,0.525,0.26,0.672,0.694,0.936,-0.112,0.333,0.364,0.606,0.707,0.893,0.062,0.445,0.115,0.551,0.827,paper
3.78816,-0.127,0.757,0.641,-0.577,-0.577,-0.577,0.693,-0.632,-0.347,0.759,-0.541,0.362,-0.156,0.312,-0.937,0.969,-0.188,0.162,-0.928,0.371,-0.0,0.912,0.013,0.41,-0.802,0.535,-0.267,0.914,0.033,0.404,-0.768,0.384,0.512,0.08,0.894,0.44,-0.953,-0.136,-0.272,scissors
16.148827,-0.196,0.761,0.619,-0.378,0.241,0.894,0.881,-0.191,-0.433,0.755,-0.574,0.316,0.827,-0.36,-0.432,0.952,-0.257,0.167,0.894,0.041,-0.447,0.942,0.029,0.334,0.636,0.599,0.487,0.931,0.083,0.356,0.472,0.606,0.64,0.108,0.927,0.358,-0.656,0.749,0.094,scissors
14.61859,-0.149,0.738,0.658,-0.216,-0.243,0.946,0.83,-0.133,-0.542,0.795,-0.518,0.316,0.707,-0.0,-0.707,0.971,-0.179,0.159,0.554,0.416,-0.721,0.909,0.053,0.413,0.158,0.817,0.554,0.903,0.078,0.423,-0.0,0.742,0.67,0.063,0.906,0.418,-0.911,0.41,0.046,scissors
34.571988,0.153,0.849,0.505,0.447,0.894,0.0,0.207,-0.948,-0.241,0.714,-0.253,0.653,0.97,0.0,0.243,0.776,-0.13,0.617,0.272,0.136,0.953,0.845,-0.096,0.527,0.811,0.487,0.324,0.997,0.064,-0.038,0.514,0.857,0.0,0.235,0.869,0.435,-0.492,0.862,0.123,rock
15.132863,-0.101,0.739,0.666,0.038,0.952,0.305,0.751,-0.206,-0.627,0.806,-0.484,0.341,0.545,-0.636,0.545,0.971,-0.146,0.187,0.715,-0.313,0.625,0.898,0.009,0.44,0.906,-0.371,0.206,0.892,0.032,0.45,0.885,-0.279,0.373,0.072,0.886,0.457,0.254,0.889,0.381,scissors
34.06145,0.108,0.827,0.552,0.185,-0.927,0.325,0.235,-0.926,-0.294,0.725,-0.3,0.62,0.082,0.412,-0.907,0.802,-0.159,0.576,-0.205,0.666,-0.717,0.855,-0.139,0.5,-0.087,0.262,-0.961,0.997,0.03,-0.074,-0.667,0.333,-0.667,0.202,0.893,0.403,-0.924,-0.362,-0.121,rock
48.823524,0.73,-0.117,0.674,0.962,0.152,-0.227,-0.635,0.026,-0.772,0.481,0.244,0.842,0.165,-0.724,0.669,-0.653,0.07,0.754,-0.122,-0.732,0.671,-0.543,-0.017,0.839,-0.049,-0.837,0.545,-0.538,-0.114,0.835,-0.101,-0.876,0.472,-0.259,-0.739,0.622,0.148,-0.986,-0.082,none
13.096343,-0.227,0.753,0.618,0.41,0.645,-0.645,0.85,-0.117,-0.513,0.748,-0.596,0.292,-0.487,-0.07,0.87,0.954,-0.272,0.127,-0.316,-0.23,0.92,0.944,0.066,0.323,0.124,-0.932,-0.342,0.934,0.108,0.342,0.104,-0.933,-0.345,0.094,0.941,0.327,0.961,-0.154,0.231,scissors
17.189348,-0.12,0.919,0.375,-0.289,-0.951,0.11,0.816,-0.577,-0.039,0.895,0.032,-0.445,-0.522,0.548,0.653,0.713,0.254,0.654,-0.906,0.322,-0.274,0.809,0.093,0.58,-0.815,0.516,-0.264,0.911,0.002,0.413,-0.807,0.588,-0.058,0.843,0.14,0.52,-0.954,0.284,-0.091,paper
17.204953,-0.063,0.654,0.753,-0.249,0.951,0.181,0.734,-0.398,-0.55,0.872,-0.405,0.273,0.367,-0.806,0.464,0.991,-0.048,0.127,0.649,-0.625,0.433,0.852,0.059,0.521,0.97,-0.231,-0.069,0.839,0.078,0.539,0.991,-0.127,0.051,-0.037,0.866,0.5,0.378,0.921,0.094,scissors
36.600968,0.671,-0.287,0.684,-0.97,0.243,-0.0,-0.48,0.145,-0.865,0.629,0.313,0.712,0.996,0.008,0.088,0.249,0.868,0.43,0.857,-0.481,0.188,0.223,0.92,0.323,0.862,-0.302,0.407,-0.036,0.994,0.102,0.965,-0.178,0.193,-0.595,-0.056,0.802,0.223,0.389,-0.894,none
10.066254,-0.112,0.775,0.622,0.032,-0.806,-0.591,0.511,-0.775,-0.373,0.762,-0.549,0.343,-0.729,0.512,-0.453,0.962,-0.219,0.166,-0.952,0.185,-0.243,0.933,-0.004,0.36,-0.9,0.132,-0.415,0.93,0.02,0.366,-0.918,0.128,-0.375,0.105,0.912,0.396,-0.18,-0.852,-0.491,scissors
10.25567,-0.171,0.949,0.266,-0.062,0.99,-0.124,0.656,-0.668,0.353,0.812,0.058,-0.581,0.603,-0.219,-0.767,0.792,0.253,0.555,0.778,-0.078,0.623,0.883,0.079,0.463,0.899,-0.225,0.375,0.964,-0.035,0.264,0.839,-0.28,0.466,0.903,0.162,0.398,0.992,-0.124,0.0,paper
27.025268,0.634,0.149,0.759,-0.591,0.798,0.118,-0.542,-0.504,-0.673,0.399,0.612,0.683,-0.953,-0.296,-0.071,-0.118,0.594,0.795,-0.571,0.359,-0.738,0.086,0.563,0.822,-0.602,0.142,-0.786,0.064,0.802,0.593,-0.513,0.569,-0.643,0.288,-0.814,0.505,0.205,0.409,0.889,none
1.094363,-0.015,-0.3,0.954,0.937,0.312,0.156,0.21,0.185,-0.96,0.673,0.725,0.147,0.535,-0.267,-0.802,-0.174,0.914,0.367,-0.371,0.0,0.928,-0.051,0.89,0.453,0.0,0.707,0.707,-0.158,0.954,0.256,-0.348,0.348,0.87,-0.627,0.341,0.701,-0.894,-0.0,0.447,none
5.733927,-0.078,0.947,0.312,-0.577,-0.577,0.577,0.742,-0.666,0.07,0.865,0.046,-0.5,-0.0,0.832,-0.555,0.729,0.228,0.645,-0.87,0.348,0.348,0.836,0.063,0.545,-0.688,0.688,-0.229,0.939,-0.067,0.338,-0.684,0.57,0.456,0.885,0.084,0.458,-0.962,0.275,-0.0,paper
29.443163,0.545,-0.05,0.837,0.0,0.707,0.707,-0.534,-0.253,-0.807,0.498,0.616,0.61,0.832,-0.555,-0.0,0.022,0.66,0.751,0.704,0.101,0.704,0.227,0.673,0.704,0.76,0.608,0.228,0.071,0.906,0.418,0.381,0.905,0.19,-0.353,-0.161,0.922,0.0,-0.287,0.958,none
35.08157,0.095,0.801,0.59,0.199,0.896,0.398,0.179,-0.955,-0.235,0.753,-0.294,0.589,0.743,-0.371,0.557,0.826,-0.141,0.545,0.314,-0.105,0.943,0.874,-0.144,0.463,0.744,0.248,0.62,0.994,0.029,-0.109,0.68,0.68,0.272,0.15,0.899,0.411,-0.216,0.97,0.108,rock
22.330809,0.032,0.814,0.581,0.0,-0.696,-0.718,0.589,-0.577,-0.566,0.724,-0.351,0.594,-0.778,0.394,-0.49,0.821,-0.204,0.532,-0.914,0.202,-0.351,0.857,-0.208,0.472,-0.873,0.294,-0.389,0.993,-0.035,-0.112,-0.979,0.134,0.155,0.157,0.929,0.336,-0.043,-0.946,-0.322,rock
12.071381,-0.028,0.716,0.697,0.141,-0.984,-0.112,0.727,-0.123,-0.675,0.812,-0.454,0.368,-0.369,0.738,-0.566,0.974,-0.106,0.202,-0.799,0.516,-0.309,0.883,-0.016,0.47,-0.983,0.186,-0.0,0.874,0.003,0.486,-0.986,0.148,0.074,0.066,0.865,0.498,-0.526,-0.827,-0.2,scissors
54.43401,0.706,-0.562,0.43,0.63,0.709,0.315,-0.649,0.403,-0.645,0.168,0.69,0.704,0.921,0.14,-0.363,-0.858,-0.337,0.388,0.218,-0.327,0.919,-0.681,-0.666,0.305,0.327,-0.119,0.937,-0.685,-0.691,0.23,0.096,-0.168,0.981,-0.723,-0.579,0.377,0.527,-0.738,0.422,none
31.004116,0.11,0.768,0.631,-0.39,0.921,0.0,0.169,-0.955,-0.242,0.771,-0.259,0.581,-0.654,-0.05,0.755,0.838,-0.088,0.539,-0.535,-0.267,0.802,0.9,-0.099,0.424,-0.412,0.274,0.869,0.983,0.087,-0.164,-0.042,0.212,0.976,0.109,0.879,0.463,0.997,-0.055,-0.055,rock
0.712928,0.047,0.809,0.586,0.555,-0.832,-0.0,0.527,-0.773,-0.353,0.727,-0.357,0.587,-0.269,0.404,-0.874,0.83,-0.198,0.521,-0.64,0.64,-0.426,0.862,-0.21,0.462,-0.183,0.488,-0.854,0.991,-0.04,-0.129,-0.605,0.655,-0.453,0.139,0.939,0.316,-0.994,-0.106,-0.035,rock
7.476599,-0.168,0.695,0.7,-0.028,0.763,0.645,0.172,-0.881,-0.44,0.807,-0.526,0.267,0.79,-0.5,0.355,0.984,-0.167,0.065,0.971,-0.137,0.194,0.9,0.119,0.418,0.883,-0.049,0.466,0.895,0.131,0.427,0.857,-0.021,0.514,-0.027,0.918,0.395,-0.0,0.881,0.472,scissors
21.248968,-0.231,0.749,0.621,0.154,0.957,-0.247,0.33,-0.881,-0.339,0.769,-0.57,0.29,0.0,-0.53,0.848,0.958,-0.245,0.147,0.196,-0.425,0.883,0.935,0.066,0.349,0.648,-0.745,-0.162,0.922,0.123,0.366,0.687,-0.725,-0.038,0.085,0.933,0.35,0.793,0.529,0.302,scissors
48.312901,0.655,-0.522,0.546,-0.451,-0.676,-0.582,-0.518,0.396,-0.758,0.167,0.343,0.924,-0.936,0.239,-0.257,-0.899,-0.099,0.426,-0.398,-0.199,-0.896,-0.854,-0.148,0.499,-0.482,0.022,-0.876,-0.865,-0.173,0.471,-0.466,0.169,-0.868,-0.572,-0.623,0.533,-0.893,0.312,-0.326,none
33.044231,0.073,0.808,0.584,0.442,-0.147,0.885,0.22,-0.94,-0.259,0.753,-0.312,0.579,0.814,0.0,-0.581,0.831,-0.157,0.534,0.743,0.557,0.371,0.872,-0.167,0.461,0.843,0.241,-0.482,0.993,0.007,-0.117,0.127,0.635,-0.762,0.162,0.909,0.385,-0.807,0.587,0.073,rock
12.069775,-0.034,0.675,0.737,-0.181,-0.667,-0.723,0.791,-0.141,-0.595,0.844,-0.42,0.334,-0.806,0.383,-0.451,0.984,-0.062,0.17,-0.973,0.04,-0.227,0.861,0.009,0.508,-0.832,0.125,-0.541,0.857,0.024,0.514,-0.858,0.15,-0.491,0.006,0.856,0.517,-0.125,-0.792,-0.598,scissors
27.368699,-0.079,0.634,0.769,-0.06,-0.84,-0.54,0.467,-0.752,-0.465,0.897,-0.37,0.243,-0.538,0.404,-0.74,0.994,0.004,0.109,-0.923,0.198,-0.33,0.819,0.125,0.56,-0.815,0.371,-0.445,0.797,0.17,0.58,-0.9,0.42,-0.12,-0.076,0.852,0.518,-0.618,-0.556,-0.556,scissors
27.955331,0.522,-0.069,0.85,-0.04,0.996,0.08,-0.551,-0.207,-0.808,0.553,0.469,0.689,-0.931,-0.039,-0.362,-0.004,0.545,0.838,-0.373,0.433,-0.821,0.2,0.567,0.799,-0.534,0.134,-0.835,0.051,0.82,0.57,-0.622,-0.302,-0.723,-0.432,-0.108,0.895,0.862,0.123,0.492,none
28.805909,0.528,-0.034,0.849,-0.64,0.426,0.64,-0.565,-0.259,-0.783,0.504,0.595,0.626,0.921,0.217,-0.325,0.031,0.64,0.768,0.675,0.3,0.675,0.255,0.647,0.719,0.852,0.426,0.304,0.103,0.885,0.454,0.576,0.628,0.523,-0.36,-0.155,0.92,-0.87,0.348,0.348,none
52.990825,0.748,-0.585,0.314,0.312,0.156,-0.937,-0.746,0.421,-0.516,0.322,0.93,-0.178,-0.995,-0.041,-0.092,-0.006,0.996,-0.085,-0.868,-0.322,-0.378,-0.07,0.994,0.087,-0.804,0.073,-0.59,-0.778,-0.281,0.561,-0.31,0.93,-0.197,-0.75,-0.613,0.248,-0.433,0.248,-0.867,none
13.745446,-0.106,0.51,0.854,0.545,0.818,-0.182,0.509,-0.575,-0.641,0.809,-0.562,-0.17,-0.0,1.0,-0.0,0.95,-0.276,-0.147,0.168,-0.337,0.926,0.91,-0.24,-0.338,-0.398,-0.896,0.199,0.862,-0.047,-0.504,-0.0,-0.0,1.0,0.493,-0.07,0.867,-0.615,0.615,0.492,none
27.322414,0.562,-0.092,0.822,0.224,-0.61,0.76,-0.556,-0.386,-0.736,0.726,0.177,0.665,0.817,0.243,0.523,0.451,0.043,0.891,0.381,-0.31,0.871,0.52,0.134,0.844,0.567,-0.342,0.749,0.333,0.467,0.819,0.668,-0.059,0.742,0.046,0.263,0.964,0.956,0.177,-0.233,none
3.575528,-0.135,0.757,0.639,0.0,-0.555,-0.832,0.764,-0.579,-0.285,0.76,-0.544,0.356,-0.487,0.324,-0.811,0.97,-0.188,0.155,-0.953,0.272,0.136,0.911,0.022,0.412,-0.802,0.267,-0.535,0.911,0.045,0.409,-0.857,0.286,0.429,0.073,0.896,0.438,-0.857,-0.286,-0.429,scissors
5.459219,-0.08,0.844,0.53,-0.079,0.315,0.946,0.739,-0.612,-0.281,0.695,-0.542,0.473,0.725,-0.242,-0.645,0.925,-0.226,0.307,0.762,0.127,-0.635,0.931,-0.11,0.347,0.422,0.738,0.527,0.937,-0.085,0.34,-0.067,0.599,0.798,0.218,0.856,0.469,-0.8,0.6,-0.0,scissors
29.920959,0.396,-0.069,0.916,0.0,0.928,-0.371,-0.538,-0.19,-0.821,0.526,0.676,0.516,0.897,-0.179,-0.404,0.049,0.736,0.675,0.811,-0.324,0.487,0.243,0.741,0.626,0.734,-0.587,0.342,0.076,0.952,0.296,0.67,-0.209,0.712,-0.374,-0.014,0.927,0.991,0.0,0.132,none
54.431895,0.74,-0.537,0.405,0.0,-0.857,-0.514,-0.661,0.39,-0.641,0.252,0.786,0.564,-0.918,-0.109,-0.381,-0.83,-0.229,0.509,-0.325,0.454,-0.83,-0.698,-0.585,0.413,-0.366,0.341,-0.866,-0.618,-0.727,0.3,-0.712,0.565,0.417,-0.729,-0.599,0.332,-0.333,0.444,-0.832,none
17.688425,-0.176,0.744,0.645,0.223,0.972,0.081,0.823,-0.355,-0.444,0.788,-0.526,0.319,0.314,-0.434,0.844,0.966,-0.195,0.17,0.481,-0.298,0.825,0.918,0.049,0.394,0.725,-0.678,0.117,0.905,0.095,0.414,0.756,-0.63,0.176,0.078,0.91,0.408,0.615,0.615,0.492,scissors
41.173604,0.179,0.633,0.753,-0.071,0.832,-0.55,-0.156,-0.701,-0.696,0.998,-0.042,-0.054,0.141,-0.895,0.423,0.628,0.543,0.557,0.438,-0.641,0.63,0.65,0.47,0.597,0.401,-0.744,0.535,0.549,0.761,0.345,0.642,-0.494,0.586,0.541,-0.182,0.821,0.861,-0.258,-0.438,none
8.561301,0.156,0.86,0.486,0.069,-0.553,-0.83,0.45,-0.405,-0.796,0.674,-0.282,0.683,-0.784,0.196,-0.588,0.752,-0.173,0.636,-0.989,0.066,-0.132,0.815,-0.115,0.568,-0.905,0.302,-0.302,0.999,0.04,0.005,-0.962,0.192,0.192,0.28,0.875,0.396,-0.256,-0.683,-0.683,rock
8.606002,0.131,0.883,0.451,0.293,0.827,0.48,0.474,-0.416,-0.776,0.642,-0.299,0.707,0.688,-0.295,0.663,0.727,-0.2,0.657,0.686,-0.16,0.709,0.791,-0.125,0.6,0.801,-0.069,0.595,0.999,0.024,0.04,0.989,0.118,0.094,0.319,0.871,0.375,0.132,0.926,0.353,rock
55.451289,0.682,-0.594,0.426,0.676,0.737,0.0,-0.615,0.438,-0.656,-0.109,-0.432,0.895,0.426,-0.609,-0.669,-0.655,-0.738,0.166,0.136,-0.272,0.953,-0.681,-0.709,0.181,0.447,-0.0,0.894,-0.759,-0.637,0.135,-0.429,-0.286,0.857,-0.736,-0.571,0.364,-0.514,-0.857,-0.0,none
2.146907,-0.135,0.76,0.636,-0.0,0.447,0.894,0.794,-0.546,-0.266,0.758,-0.543,0.363,0.707,-0.0,-0.707,0.972,-0.182,0.148,0.707,0.0,-0.707,0.913,0.02,0.407,0.426,0.64,0.64,0.917,0.044,0.397,-0.115,0.577,0.808,0.07,0.894,0.442,-0.796,0.597,-0.1,scissors
2.482867,-0.143,0.748,0.648,-0.662,0.53,0.53,0.735,-0.604,-0.308,0.763,-0.542,0.353,0.469,-0.625,-0.625,0.973,-0.182,0.142,0.894,-0.0,-0.447,0.911,0.029,0.412,0.857,0.429,0.286,0.912,0.054,0.407,0.226,0.566,0.793,0.06,0.897,0.438,-0.704,0.704,-0.101,scissors
8.998935,-0.07,0.939,0.338,-0.43,-0.132,0.893,0.533,-0.833,0.147,0.879,0.034,-0.475,0.492,0.819,0.295,0.717,0.224,0.66,-0.461,0.72,0.519,0.816,0.063,0.574,-0.223,0.83,0.511,0.924,-0.062,0.378,-0.114,0.77,0.628,0.868,0.078,0.49,-0.467,0.56,0.684,paper
6.457881,-0.063,0.827,0.559,-0.291,0.76,0.582,0.557,-0.751,-0.353,0.72,-0.531,0.447,0.64,-0.741,0.202,0.94,-0.205,0.274,0.906,-0.41,0.103,0.925,-0.088,0.37,0.973,0.082,0.214,0.928,-0.074,0.364,0.926,0.168,0.337,0.179,0.864,0.471,0.016,0.978,0.208,scissors
0.583475,-0.106,0.954,0.28,-0.857,0.286,-0.429,0.716,-0.69,0.103,0.86,0.096,-0.502,0.675,0.3,-0.675,0.728,0.25,0.638,0.885,0.442,0.147,0.848,0.082,0.524,0.962,0.275,-0.0,0.962,-0.074,0.262,0.633,0.575,-0.518,0.86,-0.032,0.51,0.527,0.009,-0.85,paper
7.57238,-0.175,0.764,0.621,0.051,0.769,0.637,-0.133,-0.863,-0.487,0.752,-0.567,0.337,0.775,-0.425,0.467,0.964,-0.224,0.143,0.936,-0.085,0.341,0.926,0.089,0.368,0.851,-0.185,0.492,0.913,0.102,0.395,0.823,-0.179,0.538,0.078,0.915,0.395,0.084,0.819,0.567,scissors
13.175945,-0.249,0.738,0.627,0.464,0.712,-0.526,0.865,-0.093,-0.494,0.751,-0.6,0.275,-0.383,-0.077,0.92,0.957,-0.271,0.106,-0.225,-0.129,0.966,0.941,0.087,0.327,0.171,-0.956,-0.239,0.931,0.125,0.342,0.121,-0.972,-0.202,0.076,0.945,0.319,0.936,-0.085,0.341,scissors
0.207957,-0.178,0.756,0.63,-0.061,0.791,0.609,0.789,-0.545,-0.282,0.754,-0.575,0.319,0.807,-0.587,0.073,0.97,-0.206,0.13,0.95,-0.173,0.259,0.912,0.062,0.405,0.892,0.074,0.446,0.918,0.085,0.388,0.61,0.271,0.745,0.053,0.906,0.419,-0.319,0.893,0.319,scissors
34.571408,0.074,0.84,0.538,-0.928,-0.309,0.206,0.183,-0.955,-0.231,0.712,-0.326,0.622,-0.16,-0.239,-0.958,0.798,-0.185,0.573,-0.482,-0.241,-0.843,0.847,-0.158,0.508,-0.424,-0.318,-0.848,0.998,0.011,-0.069,-0.858,-0.191,-0.477,0.221,0.899,0.378,-0.74,0.0,-0.673,rock
35.146557,0.044,0.86,0.509,-0.0,-0.864,0.504,0.231,-0.954,-0.192,0.692,-0.347,0.633,0.238,0.19,-0.952,0.784,-0.219,0.581,0.065,0.523,-0.85,0.825,-0.184,0.534,0.104,0.104,-0.989,0.999,-0.021,-0.037,-0.555,0.202,-0.807,0.244,0.905,0.348,-0.98,-0.089,-0.178,rock
12.577687,-0.083,0.684,0.725,-0.043,0.685,0.728,0.709,-0.129,-0.693,0.84,-0.44,0.318,0.923,-0.308,0.231,0.986,-0.078,0.148,0.807,0.293,0.513,0.859,0.061,0.508,0.754,-0.189,0.629,0.848,0.076,0.525,0.473,-0.068,0.878,-0.006,0.867,0.498,-0.319,0.701,0.638,scissors
44.742862,-0.636,0.305,0.709,0.875,0.477,0.08,0.804,-0.42,-0.42,0.465,0.67,-0.579,0.25,-0.642,-0.725,0.455,0.829,-0.325,0.004,0.015,-1.0,0.497,0.814,-0.301,-0.241,0.19,-0.952,0.47,0.801,-0.371,-0.818,0.197,-0.54,0.051,0.986,0.158,-0.445,-0.298,0.844,none
33.542791,0.473,-0.098,0.875,0.667,0.667,-0.333,-0.35,-0.18,-0.919,0.516,0.2,0.833,0.13,-0.391,-0.911,-0.675,0.064,0.735,0.436,-0.873,-0.218,-0.285,0.164,0.945,-0.614,0.789,0.0,0.089,0.992,0.093,-0.941,-0.314,0.125,-0.251,0.149,0.957,-0.263,-0.965,-0.0,none
9.143355,0.012,0.811,0.585,-0.0,0.796,0.606,0.648,-0.478,-0.593,0.723,-0.379,0.578,0.734,-0.449,0.509,0.827,-0.234,0.51,0.844,-0.272,0.462,0.848,-0.243,0.471,0.841,-0.285,0.461,0.991,-0.072,-0.112,0.99,-0.113,-0.083,0.155,0.942,0.298,0.029,0.971,0.237,rock
24.881067,0.023,0.708,0.705,0.147,0.778,0.61,0.371,-0.807,-0.46,0.817,-0.344,0.462,0.762,-0.37,0.531,0.903,-0.146,0.405,0.798,-0.177,0.576,0.915,-0.233,0.33,0.863,-0.133,0.487,0.965,-0.039,-0.259,0.997,0.07,-0.046,0.001,0.942,0.336,-0.021,0.948,0.316,rock
10.537482,-0.227,0.698,0.679,0.191,-0.73,-0.656,0.633,-0.689,-0.354,0.797,-0.561,0.225,-0.745,0.596,-0.298,0.978,-0.205,0.039,-0.966,0.243,-0.089,0.913,0.148,0.381,-0.926,-0.05,-0.375,0.901,0.171,0.399,-0.925,-0.058,-0.375,-0.018,0.939,0.343,-0.075,-0.927,-0.367,scissors
5.502083,0.001,0.902,0.431,0.0,-0.878,-0.479,0.614,-0.712,-0.339,0.613,-0.401,0.681,-0.497,0.398,-0.771,0.73,-0.301,0.614,-0.719,0.373,-0.586,0.765,-0.228,0.603,-0.644,0.257,-0.721,0.996,-0.076,0.04,-0.96,0.172,-0.221,0.315,0.906,0.283,-0.492,-0.803,-0.337,rock
10.645935,-0.012,0.848,0.53,0.156,0.847,0.508,-0.078,-0.971,-0.227,0.687,-0.401,0.606,0.703,-0.307,0.642,0.801,-0.264,0.537,0.775,-0.174,0.608,0.824,-0.249,0.509,0.821,-0.126,0.556,0.994,-0.084,-0.075,0.999,0.041,0.034,0.193,0.94,0.282,0.146,0.914,0.378,rock
6.520895,0.099,0.8,0.591,-0.617,-0.772,-0.154,0.63,-0.626,-0.46,0.744,-0.312,0.59,-0.385,-0.165,-0.908,0.827,-0.156,0.541,-0.466,-0.155,-0.871,0.875,-0.156,0.458,-0.578,-0.318,-0.751,0.991,0.023,-0.128,-0.861,-0.345,-0.373,0.15,0.908,0.392,-0.58,-0.386,-0.718,rock
19.738071,0.048,0.731,0.68,0.07,0.728,0.681,0.5,-0.694,-0.518,0.824,-0.387,0.414,0.868,-0.397,0.298,0.957,-0.062,0.282,0.957,-0.052,0.285,0.858,-0.11,0.502,0.851,-0.071,0.52,0.856,-0.081,0.51,0.743,-0.0,0.669,0.109,0.821,0.56,-0.094,0.849,0.519,scissors
28.960851,0.031,0.819,0.574,0.046,0.821,0.57,-0.459,-0.543,-0.703,0.739,-0.336,0.585,0.738,-0.309,0.6,0.828,-0.179,0.531,0.77,-0.151,0.62,0.864,-0.192,0.465,0.844,-0.118,0.523,0.993,-0.02,-0.119,0.996,0.089,0.0,0.146,0.922,0.358,0.066,0.936,0.345,rock
15.65809,-0.214,0.747,0.629,0.321,0.696,-0.642,0.863,-0.181,-0.471,0.765,-0.571,0.296,-0.473,-0.158,0.867,0.958,-0.246,0.145,-0.281,-0.337,0.899,0.935,0.06,0.349,0.183,-0.913,-0.365,0.927,0.099,0.363,0.081,-0.967,-0.242,0.085,0.931,0.354,0.976,0.098,0.195,scissors
49.88245,0.716,-0.548,0.433,0.541,-0.644,0.541,-0.663,0.385,-0.642,0.206,0.514,0.833,0.768,0.354,0.535,-0.786,0.252,0.565,0.035,-0.105,0.994,-0.75,0.222,0.623,0.177,-0.187,0.966,-0.842,0.115,0.527,0.517,-0.079,0.852,-0.524,-0.481,0.703,0.287,-0.215,-0.933,none
4.480215,0.04,0.826,0.562,-0.14,0.7,0.7,0.547,-0.801,-0.244,0.715,-0.356,0.602,0.0,-0.64,-0.768,0.813,-0.212,0.542,-0.408,-0.816,0.408,0.846,-0.209,0.49,0.333,-0.667,-0.667,0.995,-0.039,-0.092,0.0,0.316,-0.949,0.176,0.926,0.334,-0.722,0.619,-0.309,rock
44.744748,-0.681,0.48,0.553,0.067,0.94,-0.336,0.796,-0.576,-0.183,0.455,0.309,-0.835,0.932,0.23,0.28,0.506,0.81,-0.297,0.253,0.006,0.967,0.543,0.771,-0.334,0.387,-0.322,0.864,0.56,0.802,-0.208,0.726,-0.152,0.671,0.504,0.707,0.496,-0.965,-0.263,0.022,none
22.774674,0.492,0.251,0.834,-0.322,-0.919,0.23,-0.401,-0.589,-0.702,0.93,0.241,0.279,0.685,0.652,-0.326,0.347,0.439,0.829,0.701,0.135,0.701,0.361,0.129,0.924,-0.756,0.655,0.0,0.256,0.569,0.782,-0.464,0.881,0.093,-0.122,0.026,0.992,-0.925,0.201,-0.322,none
14.107106,-0.315,0.733,0.603,-0.485,0.485,0.728,0.898,-0.087,-0.432,0.721,-0.65,0.24,0.507,-0.169,-0.845,0.94,-0.332,0.072,0.707,-0.0,-0.707,0.956,0.127,0.264,0.535,0.802,0.267,0.942,0.171,0.287,-0.248,0.62,0.744,0.083,0.966,0.246,-0.843,0.527,-0.105,scissors
13.661322,0.064,0.826,0.56,-0.415,-0.138,-0.899,0.279,-0.902,-0.33,0.708,-0.344,0.616,-0.978,-0.111,-0.178,0.803,-0.207,0.558,-0.931,-0.36,-0.063,0.842,-0.191,0.504,-0.994,-0.068,0.09,0.997,-0.025,-0.073,-0.797,-0.243,0.553,0.197,0.919,0.343,0.352,-0.587,-0.728,rock
32.574195,0.096,0.857,0.506,-0.507,-0.697,0.507,0.179,-0.937,-0.301,0.704,-0.314,0.637,0.204,-0.153,-0.967,0.788,-0.18,0.589,0.14,0.14,-0.98,0.841,-0.149,0.521,0.0,-0.282,-0.959,0.998,0.015,-0.061,-0.537,-0.119,-0.835,0.249,0.893,0.376,-0.891,0.089,-0.445,rock
2.442059,0.037,0.798,0.602,0.298,0.745,-0.596,0.505,-0.799,-0.325,0.741,-0.357,0.569,-0.557,0.371,0.743,0.837,-0.196,0.511,-0.479,-0.0,0.878,0.87,-0.204,0.449,-0.226,0.566,0.793,0.991,-0.029,-0.13,-0.207,0.518,0.83,0.124,0.925,0.359,0.943,0.236,-0.236,rock
17.168733,-0.071,0.683,0.727,-0.124,0.946,0.299,0.773,-0.343,-0.534,0.857,-0.429,0.286,0.519,-0.72,0.461,0.988,-0.077,0.135,0.766,-0.425,0.482,0.867,0.042,0.497,0.965,-0.241,0.107,0.853,0.055,0.519,0.955,-0.145,0.26,-0.013,0.872,0.49,0.272,0.923,0.272,scissors
24.307412,-0.139,0.72,0.68,0.425,0.753,-0.502,0.637,-0.65,-0.414,0.823,-0.483,0.298,-0.26,-0.152,0.954,0.977,-0.143,0.16,-0.118,-0.255,0.96,0.9,0.044,0.434,0.225,-0.961,-0.164,0.887,0.104,0.451,0.286,-0.946,-0.154,0.052,0.901,0.43,0.946,0.0,0.323,scissors
4.141621,0.055,-0.215,0.975,0.294,0.037,-0.955,0.251,0.079,-0.965,0.745,0.623,0.24,-0.878,-0.473,-0.068,-0.144,0.847,0.512,-0.309,-0.851,-0.425,-0.003,0.811,0.586,-0.311,-0.778,-0.545,-0.093,0.921,0.378,-0.29,-0.912,-0.29,-0.523,0.299,0.798,0.119,-0.596,-0.794,none
43.213301,-0.644,0.593,0.483,-0.983,0.0,-0.182,0.792,-0.601,-0.104,0.526,-0.324,-0.786,-0.913,-0.146,-0.38,0.849,0.321,-0.419,-0.557,0.099,-0.824,0.713,0.691,-0.117,0.449,0.366,-0.815,0.552,0.83,-0.077,0.46,0.431,-0.776,0.385,0.905,0.18,-0.995,0.09,0.036,none
23.737644,0.415,0.135,0.9,-0.035,0.887,0.461,-0.399,-0.462,-0.792,0.917,0.374,0.14,0.928,-0.276,-0.251,0.431,0.626,0.65,0.913,-0.169,0.372,0.364,0.317,0.875,0.961,-0.124,0.248,0.215,0.74,0.637,0.724,0.414,0.552,-0.247,0.146,0.958,0.398,0.518,0.757,none
13.216617,0.096,0.874,0.475,-0.268,-0.866,-0.423,0.221,-0.958,-0.182,0.659,-0.315,0.683,-0.629,0.196,-0.752,0.75,-0.206,0.629,-0.739,0.106,-0.665,0.807,-0.147,0.572,-0.775,0.041,-0.63,1.0,0.009,0.006,-0.988,-0.082,-0.134,0.277,0.888,0.368,-0.324,-0.795,-0.513,rock
36.602073,0.582,-0.437,0.686,0.068,0.473,0.878,-0.432,0.266,-0.862,0.556,-0.07,0.828,-0.861,0.373,-0.347,0.411,0.911,-0.034,-0.147,0.571,-0.808,0.38,0.921,0.088,0.46,0.872,-0.169,-0.018,0.984,-0.177,0.164,0.918,-0.361,-0.672,-0.212,0.709,-0.751,0.467,0.467,none
5.947109,-0.083,0.817,0.571,-0.088,0.643,0.76,0.73,-0.645,-0.226,0.723,-0.531,0.441,0.84,-0.529,0.124,0.941,-0.202,0.27,0.987,-0.127,0.096,0.921,-0.061,0.385,0.869,0.12,0.48,0.927,-0.045,0.372,0.757,0.151,0.636,0.168,0.865,0.472,-0.252,0.897,0.364,scissors
19.783706,0.09,0.768,0.634,-0.236,-0.236,-0.943,0.402,-0.797,-0.452,0.779,-0.303,0.55,-0.707,0.424,-0.566,0.856,-0.133,0.499,-0.912,0.228,0.342,0.898,-0.164,0.408,-0.7,0.7,-0.14,0.984,0.019,-0.177,-0.808,0.505,0.303,0.089,0.915,0.394,-0.577,-0.577,-0.577,rock
22.365115,0.001,0.74,0.673,-0.241,-0.963,-0.12,-0.076,-0.892,-0.446,0.836,-0.394,0.382,-0.269,0.404,-0.874,0.968,-0.058,0.244,-0.76,0.228,-0.608,0.859,-0.068,0.507,-0.808,0.566,-0.162,0.86,-0.025,0.51,-0.852,0.511,0.114,0.089,0.839,0.536,-0.749,-0.499,-0.437,scissors
43.792054,-0.686,0.531,0.497,0.991,0.076,-0.114,0.827,-0.551,-0.11,0.254,0.621,-0.741,0.947,-0.194,0.255,0.454,0.851,-0.263,0.014,0.044,0.999,0.629,0.75,-0.204,0.198,-0.151,0.968,0.301,0.953,0.013,0.277,-0.304,-0.912,0.557,0.677,0.481,-0.846,-0.512,-0.146,none
8.695914,-0.174,-0.09,0.981,-0.125,0.832,0.541,0.523,0.02,-0.852,0.727,0.685,0.042,-0.699,0.492,-0.518,-0.344,0.801,0.489,0.0,0.585,-0.811,-0.134,0.758,0.639,0.298,0.596,-0.745,0.142,0.981,0.133,0.87,0.49,-0.054,-0.769,0.57,0.291,-0.579,0.486,0.654,none
16.805565,-0.355,0.443,0.823,-0.762,-0.635,-0.127,0.762,-0.42,-0.494,0.809,-0.203,-0.552,-0.178,0.089,-0.98,0.907,0.404,-0.12,-0.381,0.254,-0.889,0.895,0.434,-0.107,-0.183,0.365,-0.913,0.712,0.698,-0.074,-0.514,0.514,-0.686,0.033,0.893,0.448,-0.743,0.371,-0.557,none
15.702541,0.064,0.762,0.645,-0.0,-0.53,-0.848,0.452,-0.796,-0.402,0.777,-0.327,0.538,-0.656,0.375,-0.656,0.861,-0.159,0.483,-0.965,0.263,-0.0,0.894,-0.192,0.405,-0.781,0.488,-0.39,0.984,-0.008,-0.18,-0.912,0.38,0.152,0.088,0.926,0.366,-0.539,-0.647,-0.539,rock
36.711996,0.562,-0.424,0.71,-0.577,0.577,0.577,-0.427,0.274,-0.861,0.507,-0.068,0.859,-0.872,0.475,0.119,0.303,0.953,-0.002,0.108,0.755,-0.647,0.364,0.93,0.046,0.448,0.815,-0.367,-0.05,0.975,-0.219,-0.272,0.68,-0.68,-0.712,-0.216,0.669,-0.812,0.542,0.217,none
16.80685,-0.343,0.457,0.821,0.588,0.196,-0.784,0.753,-0.441,-0.487,0.814,-0.214,-0.54,0.913,-0.365,0.183,0.912,0.397,-0.107,-0.625,-0.625,0.469,0.899,0.426,-0.095,-0.686,-0.514,-0.514,0.719,0.692,-0.06,-0.986,-0.164,0.0,0.044,0.887,0.459,-0.743,-0.371,-0.557,none
14.226583,0.079,0.756,0.65,-0.183,-0.87,-0.458,0.476,-0.773,-0.42,0.785,-0.315,0.533,-0.495,0.229,-0.838,0.865,-0.144,0.481,-0.777,0.173,-0.605,0.898,-0.185,0.399,-0.682,0.12,-0.722,0.983,-0.0,-0.185,-0.969,0.078,-0.233,0.08,0.923,0.376,-0.562,-0.642,-0.522,rock
32.106037,0.061,0.821,0.567,0.693,-0.693,-0.198,0.248,-0.936,-0.248,0.723,-0.34,0.602,-0.302,0.302,-0.905,0.814,-0.194,0.548,-0.928,0.371,0.0,0.85,-0.188,0.493,-0.371,0.557,-0.743,0.997,-0.017,-0.081,-0.824,0.549,-0.137,0.172,0.916,0.361,-0.919,-0.0,-0.394,rock
43.72308,-0.671,0.512,0.536,-0.894,0.305,0.327,0.826,-0.535,-0.177,0.456,0.298,-0.839,-0.892,-0.076,-0.446,0.506,0.834,-0.22,0.013,0.175,-0.984,0.469,0.881,-0.065,-0.205,0.258,-0.944,0.415,0.91,-0.009,-0.661,0.315,-0.682,0.461,0.801,0.381,-0.766,0.159,0.622,none
9.080217,0.016,0.838,0.545,0.008,0.821,0.571,0.62,-0.448,-0.644,0.7,-0.378,0.606,0.717,-0.437,0.544,0.807,-0.243,0.538,0.822,-0.274,0.5,0.831,-0.234,0.504,0.826,-0.265,0.497,0.995,-0.068,-0.074,0.995,-0.09,-0.041,0.194,0.934,0.299,0.071,0.965,0.251,rock
5.947242,-0.084,0.818,0.57,-0.155,0.683,0.714,0.73,-0.645,-0.226,0.722,-0.534,0.441,0.823,-0.56,0.099,0.942,-0.203,0.269,0.983,-0.17,0.068,0.922,-0.064,0.381,0.88,0.13,0.456,0.927,-0.047,0.372,0.769,0.192,0.609,0.172,0.865,0.471,-0.243,0.911,0.334,scissors
8.051322,0.02,0.835,0.55,-0.094,-0.82,-0.564,0.574,-0.519,-0.634,0.71,-0.374,0.597,-0.69,0.354,-0.631,0.814,-0.233,0.532,-0.826,0.221,-0.519,0.841,-0.231,0.49,-0.809,0.211,-0.548,0.994,-0.061,-0.09,-0.998,0.067,-0.017,0.176,0.935,0.308,-0.205,-0.904,-0.375,rock
40.662854,0.544,0.097,0.834,0.278,0.911,0.304,-0.355,-0.4,-0.845,0.894,0.449,-0.001,-0.942,-0.061,-0.329,0.457,0.844,0.282,-0.642,0.125,-0.757,0.467,0.819,0.334,-0.703,0.242,-0.668,0.218,0.97,0.104,-0.757,0.107,-0.645,-0.041,-0.586,0.809,0.939,0.154,0.307,none
9.517213,-0.164,0.8,0.577,0.054,-0.809,-0.585,-0.27,-0.834,-0.481,0.737,-0.571,0.362,-0.714,0.541,-0.444,0.952,-0.243,0.189,-0.944,0.223,-0.245,0.94,0.03,0.34,-0.919,0.106,-0.38,0.937,0.062,0.345,-0.928,0.092,-0.361,0.125,0.913,0.389,-0.183,-0.875,-0.449,scissors
12.642465,0.092,0.883,0.46,-0.08,-0.892,-0.446,-0.055,-0.981,-0.184,0.652,-0.314,0.69,-0.585,0.345,-0.734,0.742,-0.212,0.636,-0.755,0.268,-0.598,0.799,-0.146,0.584,-0.73,0.198,-0.654,1.0,0.006,0.024,-0.985,0.09,-0.149,0.292,0.884,0.365,-0.371,-0.851,-0.371,rock
23.287805,-0.035,0.728,0.685,-0.122,-0.658,-0.743,0.094,-0.898,-0.429,0.847,-0.404,0.346,-0.874,0.314,-0.371,0.975,-0.057,0.213,-0.978,-0.028,-0.205,0.862,0.006,0.507,-0.789,0.075,-0.61,0.858,0.047,0.512,-0.802,0.066,-0.594,0.049,0.852,0.522,-0.048,-0.791,-0.61,scissors
11.110549,-0.049,0.848,0.528,0.096,0.818,0.567,-0.115,-0.971,-0.21,0.686,-0.421,0.594,0.722,-0.346,0.599,0.805,-0.285,0.52,0.798,-0.198,0.57,0.819,-0.278,0.501,0.838,-0.166,0.521,0.99,-0.112,-0.081,1.0,0.008,-0.008,0.181,0.949,0.26,0.097,0.934,0.344,rock
5.13809,-0.083,0.95,0.302,-0.894,0.447,0.0,0.728,-0.682,0.077,0.862,0.044,-0.506,0.408,0.408,-0.816,0.733,0.231,0.64,-0.64,0.426,0.64,0.839,0.067,0.54,-0.0,0.894,0.447,0.942,-0.059,0.33,-0.469,0.625,0.625,0.889,0.089,0.449,-0.894,0.447,0.0,paper
33.929688,0.464,-0.09,0.881,0.192,-0.962,0.192,-0.363,-0.188,-0.913,0.489,0.217,0.845,-0.937,-0.312,-0.156,-0.676,0.095,0.73,0.194,-0.721,0.665,-0.277,0.211,0.937,0.382,-0.26,0.887,0.105,0.99,0.098,-0.537,-0.447,0.716,-0.245,0.144,0.959,-0.552,0.674,-0.491,none
17.167032,-0.066,0.738,0.672,-0.231,0.154,0.961,0.731,-0.335,-0.594,0.812,-0.456,0.363,0.877,-0.199,-0.438,0.968,-0.122,0.218,0.879,0.231,-0.416,0.889,-0.02,0.457,0.535,0.576,0.618,0.881,0.008,0.472,0.262,0.561,0.785,0.085,0.868,0.489,-0.708,0.673,0.213,scissors
18.208838,-0.067,0.955,0.288,0.587,0.24,-0.773,0.84,-0.488,-0.238,0.848,-0.106,-0.519,-0.359,-0.872,-0.333,0.8,0.135,0.585,0.323,-0.879,-0.349,0.858,-0.042,0.512,0.105,-0.895,-0.434,0.931,-0.121,0.343,-0.081,-0.891,-0.446,0.895,0.081,0.438,0.298,-0.662,-0.688,paper
21.185332,0.276,-0.398,0.875,-0.98,-0.077,0.185,-0.179,0.119,-0.977,0.727,0.686,-0.008,-0.282,-0.013,-0.959,0.112,0.925,0.362,0.236,0.224,-0.946,0.083,0.788,0.61,0.252,0.517,-0.818,-0.023,0.981,-0.193,0.038,-0.203,-0.978,-0.638,0.085,0.765,-0.238,0.807,-0.541,none
27.431259,0.097,0.864,0.494,-0.0,-0.933,-0.359,-0.335,-0.906,-0.258,0.683,-0.311,0.661,-0.398,0.341,-0.852,0.768,-0.194,0.611,-0.74,0.404,-0.538,0.822,-0.147,0.551,-0.569,0.316,-0.759,1.0,0.012,-0.017,-0.923,0.272,-0.272,0.257,0.891,0.374,-0.701,-0.584,-0.409,rock
26.413099,0.055,0.836,0.546,0.154,-0.772,-0.617,-0.359,-0.899,-0.25,0.714,-0.341,0.611,-0.529,0.471,-0.706,0.807,-0.201,0.556,-0.889,0.381,-0.254,0.845,-0.191,0.5,-0.669,0.426,-0.609,0.997,-0.023,-0.077,-0.923,0.38,-0.054,0.196,0.917,0.348,-0.569,-0.759,-0.316,rock
21.312114,0.076,0.763,0.642,-0.0,-0.777,-0.629,0.501,-0.714,-0.489,0.787,-0.303,0.537,-0.257,0.314,-0.914,0.863,-0.133,0.487,-0.482,0.417,-0.771,0.898,-0.178,0.402,-0.416,0.178,-0.892,0.984,0.001,-0.178,-0.861,0.144,-0.488,0.077,0.921,0.382,-0.751,-0.578,-0.318,rock
32.876315,0.443,-0.233,0.866,0.309,-0.928,-0.206,-0.321,-0.048,-0.946,0.505,0.196,0.841,0.656,0.239,0.716,-0.683,0.019,0.73,-0.122,0.671,0.732,-0.431,-0.019,0.902,0.976,-0.195,-0.098,-0.24,0.626,0.742,0.891,-0.074,0.448,-0.375,0.092,0.923,-0.575,-0.718,0.392,none
21.757493,-0.212,0.748,0.629,-0.272,-0.68,0.68,0.316,-0.873,-0.372,0.772,-0.567,0.286,0.276,0.276,-0.921,0.957,-0.248,0.148,-0.034,0.637,-0.771,0.935,0.06,0.351,-0.277,0.866,0.416,0.922,0.116,0.37,-0.405,0.752,0.52,0.088,0.933,0.348,-0.997,0.0,-0.081,scissors
8.64692,-0.102,-0.021,0.995,-0.342,0.935,0.097,0.254,-0.162,-0.953,0.783,0.468,-0.411,-0.878,-0.271,-0.396,0.405,0.908,0.107,-0.389,0.07,-0.918,0.532,0.838,0.123,-0.614,0.119,-0.78,0.231,0.97,0.07,-0.719,0.111,-0.686,-0.845,0.387,0.37,-0.097,0.911,0.4,none
6.666595,-0.086,0.948,0.307,0.0,0.91,0.414,0.715,-0.686,0.134,0.859,0.041,-0.51,0.755,0.108,-0.647,0.741,0.224,0.633,0.656,0.287,0.698,0.837,0.061,0.545,0.822,0.087,0.563,0.938,-0.065,0.341,0.817,0.0,0.577,0.885,0.089,0.457,0.812,0.217,0.542,paper
26.411251,0.045,0.842,0.537,0.588,0.784,0.196,-0.355,-0.905,-0.236,0.709,-0.358,0.608,0.802,0.535,-0.267,0.806,-0.219,0.551,0.0,0.447,0.894,0.839,-0.207,0.503,0.707,0.707,0.0,0.996,-0.039,-0.075,0.141,0.99,-0.0,0.2,0.923,0.328,-0.7,0.7,0.14,rock
2.698059,-0.118,0.949,0.293,0.688,-0.688,-0.229,0.757,-0.649,0.081,0.849,0.105,-0.518,-0.684,-0.456,0.57,0.73,0.286,0.62,-0.857,-0.514,0.0,0.851,0.117,0.512,-0.923,-0.231,-0.308,0.954,-0.006,0.301,-0.985,-0.0,0.174,0.884,0.17,0.434,-0.923,-0.244,0.298,paper
24.882651,0.02,0.718,0.696,0.266,0.52,0.812,0.316,-0.841,-0.439,0.805,-0.359,0.472,0.962,-0.122,0.244,0.894,-0.169,0.414,0.943,0.133,0.305,0.905,-0.244,0.35,0.991,-0.026,0.13,0.97,-0.052,-0.238,0.889,0.216,-0.404,0.026,0.947,0.319,-0.314,0.828,0.464,rock
10.723526,-0.19,0.944,0.269,-0.097,0.936,0.339,0.572,-0.75,0.333,0.801,0.081,-0.593,0.785,0.094,-0.612,0.798,0.281,0.534,0.73,0.299,0.614,0.889,0.102,0.447,0.844,0.118,0.523,0.969,-0.016,0.246,0.901,0.017,0.433,0.903,0.177,0.392,0.85,0.199,0.488,paper
18.757596,-0.16,0.786,0.597,-0.653,0.098,0.751,0.805,-0.519,-0.288,0.76,-0.553,0.342,0.621,-0.395,-0.677,0.951,-0.235,0.2,0.669,-0.127,-0.732,0.934,0.005,0.358,0.482,0.843,0.241,0.929,0.055,0.366,0.325,0.84,0.434,0.128,0.913,0.388,-0.733,0.657,-0.177,scissors
16.295844,-0.369,0.292,0.882,0.544,0.83,0.125,0.812,-0.267,-0.519,0.773,-0.061,-0.631,0.448,-0.794,0.41,0.837,0.503,-0.218,0.548,-0.742,0.387,0.82,0.545,-0.173,0.398,-0.906,0.145,0.601,0.795,-0.088,0.588,-0.168,0.792,-0.15,0.897,0.415,0.618,0.042,0.785,none
13.141394,-0.21,0.941,0.266,-0.187,0.83,0.526,-0.017,-0.98,0.197,0.824,0.088,-0.56,0.854,0.242,-0.461,0.773,0.296,0.561,0.58,0.435,0.689,0.872,0.123,0.474,0.722,0.269,0.637,0.96,0.02,0.28,0.807,0.202,0.555,0.889,0.204,0.41,0.675,0.325,0.662,paper
17.645488,-0.203,0.593,0.779,0.535,-0.759,0.37,0.689,-0.508,-0.518,0.833,-0.446,-0.327,0.082,0.993,0.082,0.981,0.192,-0.017,-0.541,0.719,0.436,0.957,0.29,0.013,-0.741,0.454,0.494,0.82,0.572,0.011,-0.745,0.412,0.526,0.205,0.797,0.568,-0.866,-0.35,0.357,none
14.64953,-0.12,0.731,0.672,-0.133,-0.177,0.975,0.771,-0.175,-0.612,0.806,-0.495,0.326,0.743,0.037,-0.669,0.973,-0.155,0.169,0.606,0.39,-0.693,0.899,0.038,0.436,0.197,0.75,0.631,0.89,0.06,0.452,-0.034,0.672,0.74,0.061,0.893,0.446,-0.897,0.432,0.1,scissors
16.805422,-0.359,0.44,0.823,-0.897,-0.276,0.345,0.762,-0.42,-0.494,0.814,-0.196,-0.546,-0.066,0.066,-0.996,0.904,0.413,-0.11,-0.101,0.404,-0.909,0.892,0.441,-0.095,0.076,0.535,-0.841,0.702,0.71,-0.062,-0.154,0.772,-0.617,0.023,0.886,0.464,-0.677,0.621,-0.395,none
7.033128,0.075,0.799,0.597,0.108,0.647,0.755,0.615,-0.577,-0.538,0.746,-0.322,0.583,0.986,-0.164,-0.0,0.831,-0.168,0.531,0.549,0.137,0.824,0.874,-0.173,0.454,0.937,0.312,0.156,0.991,0.003,-0.131,0.487,0.811,-0.324,0.141,0.916,0.375,-0.588,0.784,0.196,rock
7.476853,-0.176,0.698,0.694,-0.028,0.71,0.703,0.095,-0.899,-0.427,0.805,-0.531,0.266,0.832,-0.466,0.301,0.983,-0.174,0.061,0.988,-0.078,0.135,0.905,0.117,0.408,0.858,0.0,0.513,0.899,0.133,0.417,0.821,0.021,0.571,-0.021,0.922,0.386,-0.077,0.873,0.482,scissors
49.332449,0.747,0.135,0.651,-0.854,-0.52,0.021,-0.696,-0.315,-0.645,0.571,0.238,0.786,-0.424,0.631,-0.65,-0.55,0.143,0.823,0.196,0.677,-0.71,-0.366,0.017,0.93,0.211,0.719,-0.662,-0.282,-0.176,0.943,0.204,0.787,-0.583,0.034,-0.892,0.451,-0.216,0.966,-0.141,none
27.943186,0.097,0.902,0.421,0.107,0.875,0.473,-0.28,-0.912,-0.3,0.595,-0.374,0.711,0.678,-0.349,0.647,0.701,-0.293,0.65,0.738,-0.219,0.638,0.745,-0.188,0.641,0.791,-0.148,0.593,0.995,-0.044,0.09,0.996,0.01,0.091,0.378,0.881,0.285,0.193,0.925,0.328,rock
6.457755,-0.039,0.85,0.525,-0.243,0.771,0.588,0.557,-0.751,-0.353,0.694,-0.527,0.491,0.676,-0.715,0.179,0.919,-0.217,0.328,0.928,-0.363,0.081,0.927,-0.152,0.344,0.957,0.115,0.268,0.935,-0.134,0.328,0.888,0.197,0.415,0.235,0.846,0.479,-0.056,0.973,0.225,scissors
9.580534,-0.007,0.756,0.654,-0.029,0.765,0.643,0.611,-0.501,-0.613,0.766,-0.384,0.515,0.743,-0.465,0.48,0.869,-0.208,0.448,0.856,-0.283,0.432,0.884,-0.257,0.39,0.844,-0.311,0.437,0.977,-0.07,-0.201,0.986,-0.129,-0.106,0.059,0.951,0.304,0.007,0.974,0.225,rock
0.115646,-0.114,0.953,0.282,0.381,0.889,0.254,0.762,-0.644,0.071,0.849,0.132,-0.512,0.447,-0.894,-0.0,0.732,0.251,0.634,-0.0,-0.707,0.707,0.843,0.095,0.53,0.139,-0.766,0.627,0.967,-0.108,0.232,0.0,-0.753,0.659,0.852,-0.196,0.486,-0.59,-0.499,0.635,paper
48.823376,0.737,-0.24,0.631,0.976,0.126,-0.175,-0.657,0.159,-0.737,0.409,0.29,0.865,0.22,-0.68,0.699,-0.74,0.053,0.67,-0.143,-0.712,0.688,-0.646,-0.039,0.762,-0.075,-0.819,0.568,-0.645,-0.168,0.746,-0.112,-0.864,0.491,-0.35,-0.78,0.519,0.081,-0.993,-0.086,none
0.743819,-0.164,0.759,0.63,-0.634,0.724,0.272,0.754,-0.565,-0.335,0.739,-0.585,0.332,0.349,-0.814,-0.465,0.962,-0.227,0.152,0.555,-0.832,0.0,0.926,0.023,0.377,0.936,0.351,-0.0,0.929,0.05,0.367,0.57,0.684,0.456,0.087,0.907,0.412,-0.358,0.894,-0.268,scissors
3.972624,0.047,0.831,0.555,0.169,-0.507,-0.845,0.547,-0.801,-0.244,0.71,-0.348,0.612,-0.505,0.303,-0.808,0.809,-0.206,0.55,-0.93,0.349,-0.116,0.845,-0.197,0.497,-0.615,0.492,-0.615,0.996,-0.029,-0.083,-0.87,0.483,-0.097,0.184,0.921,0.343,-0.814,-0.465,-0.349,rock
3.09315,0.004,-0.279,0.96,-0.485,-0.485,0.728,0.177,0.153,-0.972,0.696,0.699,0.166,-0.577,0.577,-0.577,-0.149,0.896,0.418,-0.894,0.268,0.358,-0.019,0.874,0.486,-0.802,0.535,0.267,-0.124,0.955,0.27,-0.745,0.596,0.298,-0.614,0.334,0.715,-0.992,0.09,0.09,none
1.594306,-0.114,0.955,0.272,0.236,-0.943,0.236,0.733,-0.661,0.161,0.838,0.11,-0.535,0.707,0.0,-0.707,0.736,0.284,0.614,-0.371,0.0,0.928,0.856,0.115,0.504,0.236,0.236,0.943,0.961,-0.024,0.275,0.196,0.588,0.784,0.906,0.248,0.342,-0.86,-0.43,0.276,paper
49.844568,0.683,-0.512,0.521,-0.623,-0.078,0.778,-0.647,0.41,-0.643,0.43,0.292,0.854,0.886,0.307,0.347,-0.724,-0.055,0.688,-0.193,-0.031,0.981,-0.741,-0.205,0.64,0.026,-0.052,0.998,-0.852,-0.283,0.441,0.309,0.059,0.949,-0.721,-0.526,0.452,0.84,0.252,-0.481,none
26.92397,0.064,0.847,0.528,0.286,-0.857,-0.429,-0.311,-0.91,-0.276,0.698,-0.334,0.634,-0.173,0.259,-0.95,0.789,-0.205,0.579,-0.717,0.359,-0.598,0.831,-0.179,0.527,-0.398,0.199,-0.896,0.999,-0.015,-0.047,-0.842,0.337,-0.421,0.226,0.909,0.351,-0.884,-0.241,-0.402,rock
20.774977,0.209,0.62,0.757,-0.977,0.117,0.178,-0.152,-0.817,-0.556,0.993,-0.108,-0.039,-0.228,-0.215,-0.95,0.826,0.358,0.435,0.331,0.013,-0.943,0.821,0.207,0.532,0.376,0.376,-0.847,0.783,0.611,-0.12,-0.178,-0.429,-0.885,0.213,0.37,0.904,-0.089,0.872,-0.481,none
16.295982,-0.434,0.267,0.86,0.644,0.666,0.377,0.863,-0.235,-0.448,0.803,-0.021,-0.595,0.86,-0.222,0.46,0.811,0.566,-0.149,0.477,0.169,0.862,0.79,0.607,-0.085,0.55,-0.067,0.832,0.539,0.842,-0.017,0.373,-0.012,0.928,-0.171,0.872,0.459,0.365,-0.109,0.925,none
8.914828,-0.063,0.935,0.348,-0.503,0.155,0.851,0.567,-0.792,0.227,0.888,0.025,-0.459,0.647,0.761,0.038,0.705,0.221,0.674,-0.244,0.767,0.593,0.805,0.065,0.589,0.0,0.826,0.563,0.919,-0.056,0.39,0.069,0.755,0.652,0.865,0.081,0.496,-0.229,0.649,0.725,paper
32.193125,0.406,-0.23,0.885,0.504,-0.0,-0.864,-0.301,0.006,-0.954,0.429,0.248,0.869,-0.743,-0.557,-0.371,-0.697,0.034,0.717,0.248,0.62,-0.744,-0.462,-0.008,0.887,-0.07,-0.209,-0.975,-0.435,0.165,0.885,-0.066,-0.722,-0.689,-0.381,0.089,0.92,-0.119,-0.811,-0.573,none
10.133504,-0.153,0.95,0.272,0.124,0.742,-0.659,0.59,-0.757,0.28,0.825,0.057,-0.563,0.177,-0.576,-0.798,0.785,0.246,0.568,0.755,-0.647,-0.108,0.875,0.076,0.479,0.682,-0.682,-0.262,0.959,-0.037,0.28,0.583,-0.758,-0.292,0.897,0.156,0.414,0.592,-0.474,-0.652,paper
33.37611,0.468,-0.104,0.878,0.707,0.566,-0.424,-0.391,-0.193,-0.9,0.489,0.219,0.844,-0.962,-0.192,-0.192,-0.699,0.061,0.712,-0.272,0.634,-0.724,-0.292,0.177,0.94,-0.633,0.575,-0.518,0.082,0.995,0.049,-0.981,-0.109,0.163,-0.289,0.126,0.949,0.115,-0.978,0.173,none
45.761858,-0.737,0.264,0.622,0.065,0.554,0.83,0.828,-0.444,-0.344,0.538,0.38,-0.752,-0.804,-0.11,-0.584,0.367,0.923,-0.114,-0.056,0.361,-0.931,0.334,0.942,-0.027,-0.316,0.455,-0.833,0.392,0.92,0.031,-0.855,0.38,-0.352,-0.088,0.996,-0.014,-0.361,0.16,0.919,none
37.049642,0.595,-0.386,0.705,-0.456,-0.753,-0.475,-0.47,0.179,-0.865,0.512,0.653,0.558,0.805,0.592,0.04,0.071,0.89,0.451,-0.731,0.299,-0.613,0.174,0.956,0.238,-0.832,0.07,-0.55,-0.083,0.994,0.068,-0.912,0.022,-0.41,-0.611,-0.13,0.781,-0.579,-0.81,-0.096,none
14.257243,0.044,0.417,0.908,-0.783,-0.522,0.339,0.445,-0.598,-0.666,0.948,-0.225,-0.225,-0.946,0.035,-0.322,0.981,0.167,-0.1,-0.814,-0.022,-0.58,0.948,0.192,-0.252,-0.865,0.074,-0.496,0.808,0.44,-0.39,-0.918,-0.058,-0.393,0.195,0.021,0.981,0.667,0.627,0.403,none
12.641691,0.057,0.873,0.484,-0.066,-0.903,-0.425,-0.094,-0.97,-0.225,0.663,-0.346,0.664,-0.559,0.356,-0.749,0.761,-0.231,0.607,-0.727,0.291,-0.622,0.807,-0.184,0.561,-0.705,0.205,-0.679,1.0,-0.024,-0.008,-0.979,0.102,-0.178,0.262,0.903,0.339,-0.392,-0.85,-0.353,rock
13.617892,-0.057,0.955,0.291,-0.397,0.046,0.917,-0.251,-0.968,0.0,0.859,-0.029,-0.511,0.663,0.723,0.196,0.76,0.183,0.623,-0.213,0.752,0.624,0.844,0.005,0.537,0.044,0.77,0.637,0.93,-0.099,0.353,0.172,0.731,0.66,0.887,0.057,0.459,-0.168,0.564,0.808,paper
43.212788,-0.658,0.588,0.471,-0.085,0.854,-0.513,0.774,-0.617,-0.141,0.545,-0.572,-0.613,-0.917,-0.335,-0.217,0.932,0.104,-0.346,-0.576,-0.192,-0.794,0.759,0.643,-0.106,0.523,0.224,-0.822,0.585,0.807,-0.082,0.845,-0.169,0.507,0.378,0.908,0.183,0.704,-0.503,-0.503,none
53.92373,0.714,-0.585,0.386,0.099,-0.099,-0.99,-0.714,0.401,-0.574,0.294,0.92,0.261,-0.858,-0.146,0.493,-0.443,0.791,0.422,-0.84,-0.0,-0.542,-0.802,-0.096,0.589,-0.53,0.53,-0.662,-0.574,-0.759,0.308,0.487,0.324,0.811,-0.744,-0.576,0.338,-0.291,-0.389,-0.874,none
19.227605,0.291,0.843,-0.453,-0.332,0.73,0.597,0.151,-0.224,0.963,0.088,-0.422,0.902,0.773,-0.301,-0.558,-0.065,-0.532,0.844,0.962,0.224,-0.157,0.382,-0.903,-0.198,0.254,0.799,0.545,0.765,0.253,0.592,0.692,-0.692,-0.204,0.909,-0.014,0.416,0.638,0.766,-0.077,none
34.386623,0.475,-0.297,0.828,-0.999,-0.018,0.035,-0.36,0.048,-0.932,0.536,0.115,0.836,-0.522,0.22,-0.824,-0.269,0.563,0.782,0.545,-0.29,0.787,0.244,0.83,0.502,0.866,-0.381,0.323,0.113,0.966,0.231,-0.368,0.468,-0.803,-0.435,0.059,0.898,-0.197,0.262,0.945,none
12.597177,-0.171,0.956,0.237,0.201,0.832,-0.517,0.281,-0.934,0.222,0.796,0.036,-0.605,0.199,-0.427,-0.882,0.813,0.24,0.531,0.935,-0.354,0.032,0.897,0.063,0.438,0.859,-0.509,-0.064,0.97,-0.044,0.238,0.736,-0.62,-0.271,0.913,0.177,0.366,0.879,-0.256,-0.403,paper
42.193438,-0.525,0.724,0.449,-0.446,-0.064,-0.893,0.698,-0.712,-0.081,0.574,-0.301,-0.761,-0.898,-0.408,-0.163,0.941,0.265,-0.209,-0.398,-0.796,-0.455,0.94,0.265,-0.213,-0.27,-0.595,-0.757,0.857,0.401,-0.323,0.176,-0.88,-0.44,0.616,0.627,0.477,0.414,0.221,-0.883,none
26.857486,0.004,0.766,0.643,0.053,0.673,0.737,0.685,-0.481,-0.548,0.808,-0.418,0.416,0.892,-0.364,0.27,0.951,-0.099,0.293,0.978,0.012,0.21,0.88,-0.118,0.461,0.821,-0.023,0.57,0.881,-0.06,0.47,0.761,0.045,0.647,0.151,0.841,0.52,-0.089,0.847,0.524,scissors
8.647051,-0.169,-0.09,0.982,-0.472,0.882,0.009,0.387,-0.063,-0.92,0.825,0.521,-0.218,-0.89,-0.242,-0.387,0.319,0.877,0.359,-0.254,0.188,-0.949,0.442,0.822,0.358,-0.515,0.316,-0.797,0.289,0.954,0.081,-0.76,0.006,-0.649,-0.775,0.505,0.379,0.008,0.938,0.346,none
7.114416,0.062,0.44,0.896,0.986,0.164,-0.041,0.261,-0.582,-0.77,0.976,0.173,-0.131,0.682,-0.264,0.682,0.321,0.651,0.688,0.082,-0.33,0.94,0.352,0.565,0.746,0.29,-0.428,0.856,0.283,0.603,0.746,0.63,-0.315,0.709,0.141,0.292,0.946,0.325,-0.943,0.065,none
10.02685,-0.2,0.81,0.551,-0.011,-0.716,-0.698,0.037,-0.923,-0.382,0.695,-0.618,0.367,-0.813,0.449,-0.37,0.932,-0.308,0.193,-0.981,0.095,-0.167,0.965,0.023,0.26,-0.858,0.04,-0.512,0.962,0.055,0.267,-0.862,0.045,-0.505,0.168,0.927,0.335,-0.04,-0.854,-0.518,scissors
12.675675,0.08,0.879,0.47,0.0,-0.81,-0.587,0.045,-0.991,-0.127,0.656,-0.32,0.683,-0.654,0.411,-0.635,0.748,-0.21,0.63,-0.841,0.287,-0.459,0.805,-0.151,0.574,-0.785,0.299,-0.542,1.0,0.004,0.007,-0.986,0.164,-0.018,0.281,0.888,0.364,-0.252,-0.91,-0.329,rock
18.208106,0.053,0.946,0.32,0.437,-0.012,-0.899,0.637,-0.629,-0.447,0.879,-0.165,-0.448,-0.595,-0.77,-0.23,0.79,0.034,0.612,0.142,-0.852,-0.504,0.798,-0.1,0.594,-0.054,-0.822,-0.566,0.88,-0.207,0.428,-0.308,-0.724,-0.617,0.862,-0.063,0.502,-0.0,-0.552,-0.834,paper
29.616991,0.455,-0.025,0.89,0.361,0.331,0.872,-0.56,-0.213,-0.801,0.516,0.663,0.542,0.861,0.383,0.335,0.05,0.71,0.703,0.203,0.65,0.732,0.247,0.717,0.651,0.437,0.765,0.473,0.085,0.932,0.352,0.202,0.952,0.231,-0.341,-0.087,0.936,-0.22,0.0,0.975,none
6.459304,-0.11,0.779,0.617,-0.399,0.707,0.584,0.593,-0.726,-0.348,0.751,-0.535,0.386,0.671,-0.738,0.067,0.958,-0.197,0.209,0.907,-0.42,0.0,0.918,-0.008,0.397,0.959,0.176,0.224,0.916,0.015,0.401,0.908,0.243,0.341,0.109,0.887,0.448,-0.048,0.988,0.143,scissors
47.806138,0.498,-0.512,0.7,-0.176,-0.949,-0.263,-0.345,0.348,-0.872,0.298,0.45,0.842,-0.15,0.679,0.719,-0.897,0.103,0.43,-0.933,0.031,-0.358,-0.84,0.058,0.539,-0.978,0.078,-0.196,-0.841,0.038,0.54,-0.929,0.068,-0.363,-0.578,-0.37,0.727,-0.881,0.044,-0.471,none
6.011825,0.059,0.913,0.404,-0.305,-0.942,-0.139,0.639,-0.662,-0.392,0.595,-0.354,0.721,-0.336,0.096,-0.937,0.7,-0.272,0.661,-0.495,0.165,-0.853,0.75,-0.177,0.637,-0.535,-0.076,-0.841,0.996,-0.035,0.087,-0.89,-0.099,-0.445,0.355,0.88,0.316,-0.655,-0.534,-0.534,rock
43.21343,-0.644,0.577,0.501,-0.938,-0.166,-0.304,0.792,-0.601,-0.104,0.524,-0.335,-0.783,-0.919,-0.145,-0.367,0.853,0.328,-0.406,-0.457,0.165,-0.874,0.724,0.678,-0.129,0.438,0.105,-0.893,0.547,0.832,-0.089,0.352,0.163,-0.922,0.394,0.897,0.199,-0.985,0.164,-0.062,none
25.391237,0.093,0.863,0.496,0.408,0.831,0.379,0.122,-0.922,-0.368,0.669,-0.354,0.653,0.738,-0.016,0.674,0.763,-0.242,0.6,0.665,0.091,0.741,0.801,-0.188,0.569,0.825,0.165,0.54,1.0,-0.031,0.003,0.936,0.343,0.078,0.294,0.902,0.316,0.153,0.798,0.583,rock
10.027635,-0.117,0.733,0.671,-0.048,-0.536,-0.843,0.341,-0.87,-0.356,0.775,-0.531,0.344,-0.92,0.3,-0.253,0.967,-0.193,0.168,-0.996,-0.082,-0.046,0.921,-0.002,0.39,-0.742,-0.075,-0.667,0.92,0.02,0.392,-0.761,-0.038,-0.647,0.082,0.904,0.419,0.144,-0.789,-0.597,scissors
25.58566,-0.024,0.69,0.724,-0.432,-0.864,0.259,0.499,-0.685,-0.53,0.865,-0.388,0.318,-0.0,0.124,-0.992,0.982,-0.038,0.183,-0.402,0.241,-0.884,0.844,0.025,0.536,-0.38,0.912,-0.152,0.832,0.07,0.551,-0.6,0.78,0.18,0.017,0.849,0.528,-0.893,-0.056,-0.447,scissors
28.455611,0.069,0.849,0.523,0.182,0.792,0.583,-0.468,-0.606,-0.643,0.706,-0.316,0.634,0.805,-0.336,0.489,0.794,-0.18,0.581,0.87,-0.142,0.473,0.844,-0.16,0.512,0.893,-0.179,0.414,0.998,0.008,-0.068,0.991,0.019,-0.136,0.203,0.903,0.379,-0.028,0.94,0.341,rock
9.673734,-0.041,0.946,0.321,0.361,0.749,-0.555,0.487,-0.868,0.097,0.873,-0.003,-0.488,0.107,-0.588,-0.802,0.735,0.188,0.652,0.807,-0.59,-0.0,0.829,0.009,0.559,0.7,-0.7,-0.146,0.923,-0.107,0.371,0.51,-0.816,-0.272,0.879,0.041,0.476,0.749,-0.468,-0.468,paper
1.58178,-0.011,-0.281,0.96,-0.577,0.577,0.577,0.187,0.173,-0.967,0.689,0.71,0.144,0.236,0.236,-0.943,-0.15,0.911,0.383,-0.745,0.298,0.596,-0.026,0.886,0.462,-0.535,0.802,0.267,-0.129,0.957,0.258,-0.615,0.615,0.492,-0.612,0.355,0.707,-0.949,0.316,0.0,none
32.704643,0.409,-0.196,0.891,0.962,0.192,-0.192,-0.291,-0.003,-0.957,0.477,0.241,0.845,-0.0,-0.141,-0.99,-0.692,0.053,0.72,0.962,-0.192,0.192,-0.419,0.007,0.908,0.943,-0.314,-0.105,-0.413,0.178,0.893,0.797,-0.085,0.598,-0.395,0.12,0.911,-0.667,0.333,0.667,none
3.461791,0.041,0.811,0.584,-0.894,-0.447,0.0,0.474,-0.813,-0.339,0.731,-0.357,0.582,-0.0,-0.0,-1.0,0.828,-0.2,0.524,-0.816,0.408,0.408,0.862,-0.205,0.464,-0.0,0.316,-0.949,0.993,-0.031,-0.118,-0.743,0.557,-0.371,0.147,0.927,0.346,-0.843,0.241,-0.482,rock
5.440188,-0.067,0.827,0.558,-0.814,-0.153,0.56,0.73,-0.6,-0.327,0.701,-0.543,0.463,0.552,-0.245,-0.797,0.929,-0.223,0.294,0.573,0.0,-0.819,0.931,-0.104,0.351,0.338,0.878,0.338,0.937,-0.089,0.339,-0.101,0.704,0.704,0.205,0.86,0.467,-0.837,0.523,-0.157,scissors
22.331333,0.028,0.849,0.528,-0.04,-0.811,-0.584,0.58,-0.521,-0.627,0.693,-0.363,0.623,-0.702,0.346,-0.623,0.796,-0.229,0.56,-0.84,0.21,-0.5,0.828,-0.212,0.518,-0.82,0.224,-0.527,0.997,-0.049,-0.059,-0.997,0.077,0.01,0.214,0.925,0.315,-0.179,-0.916,-0.358,rock
1.714508,-0.146,0.749,0.646,-0.267,0.535,0.802,0.757,-0.584,-0.293,0.762,-0.555,0.333,0.507,-0.169,-0.845,0.97,-0.19,0.153,0.408,-0.816,-0.408,0.908,0.033,0.418,0.333,0.667,0.667,0.912,0.058,0.407,-0.267,0.535,0.802,0.065,0.896,0.439,-0.793,0.566,-0.226,scissors
4.850291,-0.078,0.946,0.316,-0.408,0.408,-0.816,0.753,-0.637,0.163,0.868,0.044,-0.494,-0.218,0.436,-0.873,0.723,0.23,0.651,-0.832,0.555,0.0,0.829,0.071,0.554,-0.333,0.667,-0.667,0.936,-0.051,0.349,-0.885,0.442,0.147,0.881,0.092,0.464,-0.855,0.367,-0.367,paper
0.574907,-0.154,0.735,0.661,-0.451,0.631,0.631,0.793,-0.539,-0.284,0.766,-0.557,0.32,0.309,-0.619,-0.722,0.973,-0.184,0.136,0.426,-0.64,-0.64,0.905,0.05,0.422,0.707,0.707,0.0,0.909,0.076,0.411,0.191,0.858,0.477,0.047,0.897,0.44,-0.667,0.667,-0.333,scissors
19.785449,0.1,0.777,0.621,0.894,0.0,-0.447,0.44,-0.767,-0.468,0.773,-0.307,0.555,-0.192,0.192,-0.962,0.851,-0.14,0.506,-0.905,0.302,0.302,0.894,-0.164,0.418,-0.229,0.688,-0.688,0.986,0.018,-0.168,-0.772,0.617,-0.154,0.104,0.914,0.392,-0.885,0.147,-0.442,rock
6.011698,0.043,0.912,0.407,-0.309,-0.927,-0.214,0.644,-0.674,-0.362,0.608,-0.361,0.708,-0.417,0.132,-0.899,0.713,-0.273,0.646,-0.582,0.145,-0.8,0.758,-0.189,0.625,-0.596,-0.046,-0.802,0.996,-0.046,0.072,-0.923,-0.088,-0.374,0.338,0.889,0.31,-0.577,-0.599,-0.555,rock
14.682451,0.077,0.748,0.66,0.162,0.162,0.973,0.479,-0.765,-0.43,0.787,-0.33,0.522,0.976,-0.217,0.0,0.871,-0.149,0.467,0.796,0.1,0.597,0.902,-0.191,0.387,0.976,0.098,0.195,0.979,-0.003,-0.203,0.814,0.465,-0.349,0.068,0.926,0.371,-0.499,0.855,0.142,rock
0.708506,-0.095,0.954,0.285,-0.429,-0.857,-0.286,0.744,-0.659,0.111,0.853,0.097,-0.512,0.108,0.647,-0.755,0.734,0.254,0.629,0.564,0.776,-0.282,0.852,0.081,0.516,0.725,0.544,-0.423,0.959,-0.056,0.278,0.352,0.755,-0.553,0.888,0.055,0.456,-0.814,-0.457,-0.357,paper
10.183568,-0.055,-0.178,0.982,0.156,0.937,-0.312,0.407,0.098,-0.908,0.553,0.418,0.72,0.654,-0.484,-0.581,-0.635,0.58,0.51,0.401,-0.678,0.616,-0.135,0.701,0.7,0.442,-0.568,0.694,0.164,0.524,-0.836,0.839,-0.534,-0.102,-0.712,0.578,0.399,0.529,0.397,-0.75,none
1.554684,-0.109,0.956,0.273,0.492,-0.615,0.615,0.784,-0.601,0.155,0.847,0.115,-0.519,0.64,0.64,-0.426,0.728,0.286,0.623,-0.265,0.265,0.927,0.851,0.121,0.511,0.169,0.507,0.845,0.961,-0.024,0.275,0.333,0.667,0.667,0.911,0.247,0.33,-0.666,-0.555,-0.499,paper
14.637432,-0.136,0.957,0.255,0.602,-0.301,-0.739,-0.099,-0.981,0.166,0.83,-0.006,-0.557,-0.749,-0.642,0.161,0.793,0.213,0.571,-0.381,-0.788,-0.483,0.872,0.036,0.488,-0.535,-0.633,-0.56,0.952,-0.059,0.301,-0.788,-0.493,-0.369,0.905,0.132,0.405,-0.519,-0.543,-0.661,paper
25.292153,0.448,0.519,0.728,-0.341,-0.043,-0.939,-0.377,-0.797,-0.471,0.988,-0.039,0.149,-0.876,-0.385,-0.292,0.516,0.2,0.833,-0.187,-0.374,-0.908,0.56,0.0,0.829,0.078,-0.26,-0.962,0.478,0.445,0.757,-0.28,-0.561,-0.779,0.175,-0.125,0.976,-0.941,-0.331,-0.076,none
17.286199,-0.077,0.933,0.352,-0.358,-0.921,0.152,0.791,-0.604,-0.1,0.884,0.003,-0.468,-0.509,0.613,0.604,0.738,0.223,0.637,-0.864,0.41,-0.294,0.826,0.046,0.562,-0.765,0.585,-0.27,0.918,-0.056,0.392,-0.743,0.664,-0.087,0.859,0.09,0.503,-0.926,0.372,-0.069,paper
54.942739,0.725,-0.57,0.386,0.0,-0.832,0.555,-0.639,0.407,-0.653,-0.018,0.436,0.9,-0.948,0.029,-0.317,-0.815,-0.351,0.461,-0.141,0.326,-0.935,-0.749,-0.518,0.413,-0.764,0.509,-0.396,-0.735,-0.619,0.277,-0.621,0.395,0.677,-0.716,-0.593,0.369,-0.816,0.572,-0.082,none
8.02597,-0.066,0.958,0.279,-0.0,0.878,0.479,0.692,-0.713,0.113,0.843,0.008,-0.537,0.754,0.189,-0.629,0.769,0.195,0.609,0.473,0.394,0.788,0.858,0.023,0.513,0.725,0.242,0.645,0.947,-0.104,0.305,0.594,0.254,0.763,0.904,0.072,0.421,0.566,0.424,0.707,paper
17.740064,0.08,0.758,0.647,0.557,-0.743,-0.371,0.42,-0.813,-0.403,0.788,-0.309,0.533,-0.329,0.549,-0.768,0.866,-0.133,0.481,-0.814,0.581,-0.0,0.903,-0.174,0.393,-0.426,0.64,-0.64,0.981,0.01,-0.192,-0.777,0.605,-0.173,0.072,0.92,0.386,-0.873,-0.436,-0.218,rock
1.852679,-0.125,0.953,0.276,-0.64,0.64,0.426,0.791,-0.6,0.122,0.835,0.108,-0.539,0.717,0.359,-0.598,0.742,0.286,0.607,0.514,0.514,0.686,0.862,0.118,0.492,0.962,0.192,0.192,0.964,-0.007,0.264,0.617,0.772,-0.154,0.932,0.17,0.32,0.132,0.991,0.0,paper
27.235918,0.539,0.192,0.82,0.329,0.029,0.944,-0.532,-0.46,-0.711,0.813,0.124,0.569,0.685,0.143,0.714,0.048,0.105,0.993,-0.965,-0.106,0.241,0.344,0.103,0.933,-0.976,0.169,0.136,0.051,0.572,0.819,-0.993,0.09,-0.079,-0.374,-0.53,0.761,0.99,0.126,0.059,none
30.516319,0.145,0.828,0.542,-0.162,-0.834,-0.528,0.065,-0.948,-0.312,0.71,-0.28,0.647,-0.666,0.282,-0.691,0.784,-0.16,0.599,-0.785,0.173,-0.595,0.839,-0.131,0.528,-0.792,0.128,-0.596,0.999,0.028,-0.038,-0.997,-0.009,-0.077,0.231,0.891,0.39,-0.279,-0.855,-0.436,rock
7.52653,-0.189,0.732,0.654,-0.062,0.655,0.753,-0.112,-0.862,-0.495,0.772,-0.559,0.301,0.859,-0.444,0.255,0.973,-0.209,0.102,0.994,-0.038,0.103,0.911,0.135,0.39,0.829,0.055,0.556,0.902,0.145,0.406,0.788,0.065,0.612,0.028,0.922,0.386,-0.138,0.863,0.486,scissors
17.233287,0.074,0.759,0.646,-0.408,-0.816,-0.408,0.396,-0.781,-0.482,0.783,-0.319,0.534,-0.316,0.0,-0.949,0.864,-0.145,0.483,-1.0,0.0,-0.0,0.899,-0.183,0.399,-0.436,0.218,-0.873,0.982,0.0,-0.186,-0.937,0.312,-0.156,0.08,0.923,0.377,-0.808,0.115,-0.577,rock
53.414995,0.735,-0.592,0.331,-0.09,0.987,0.135,-0.713,0.4,-0.576,0.272,0.933,0.237,-0.9,-0.331,-0.284,-0.348,0.88,0.323,-0.718,-0.035,-0.695,-0.737,-0.354,0.576,-0.198,0.348,-0.917,-0.523,-0.814,0.252,-0.514,0.217,-0.83,-0.761,-0.577,0.298,0.902,-0.386,-0.193,none
23.288358,-0.035,0.722,0.691,-0.129,-0.67,-0.731,0.202,-0.87,-0.449,0.847,-0.41,0.338,-0.872,0.299,-0.388,0.977,-0.061,0.205,-0.972,-0.048,-0.231,0.867,0.017,0.498,-0.783,0.088,-0.615,0.859,0.063,0.509,-0.792,0.081,-0.606,0.041,0.856,0.515,-0.041,-0.779,-0.625,scissors
23.692623,0.414,0.136,0.9,-0.154,0.772,0.617,-0.399,-0.462,-0.792,0.915,0.371,0.161,0.95,-0.237,-0.204,0.412,0.615,0.673,0.87,-0.097,0.483,0.354,0.312,0.882,0.943,-0.047,0.33,0.206,0.733,0.649,0.603,0.464,0.649,-0.236,0.143,0.961,0.296,0.474,0.829,none
36.124432,0.094,0.824,0.559,-0.316,-0.0,0.949,0.207,-0.948,-0.243,0.741,-0.305,0.598,0.716,-0.447,-0.537,0.818,-0.159,0.553,0.953,-0.272,-0.136,0.863,-0.152,0.482,0.778,-0.444,-0.444,0.996,0.018,-0.091,0.272,-0.136,-0.953,0.179,0.901,0.395,-0.732,0.61,-0.305,rock
11.111252,-0.056,0.832,0.552,0.124,0.83,0.544,-0.253,-0.946,-0.204,0.698,-0.417,0.582,0.715,-0.282,0.639,0.817,-0.268,0.511,0.764,-0.147,0.628,0.835,-0.269,0.48,0.827,-0.094,0.555,0.989,-0.098,-0.106,0.995,0.087,0.044,0.163,0.948,0.274,0.125,0.909,0.397,rock
22.332403,0.046,0.863,0.503,-0.126,-0.785,-0.607,0.571,-0.503,-0.649,0.677,-0.353,0.646,-0.75,0.288,-0.596,0.778,-0.226,0.586,-0.869,0.135,-0.476,0.82,-0.189,0.541,-0.859,0.174,-0.481,0.999,-0.027,-0.036,-0.998,0.02,0.06,0.242,0.912,0.331,-0.135,-0.894,-0.426,rock
7.979661,0.075,0.126,0.989,-0.746,-0.644,0.17,0.267,-0.369,-0.89,0.961,0.171,-0.219,0.872,0.36,-0.331,0.585,0.727,0.359,0.762,0.261,0.593,0.6,0.697,0.394,0.845,0.232,0.482,0.442,0.862,0.248,0.774,0.438,0.457,-0.416,0.67,0.615,0.718,-0.138,-0.683,none
19.208827,-0.029,0.752,0.658,-0.511,0.183,0.84,0.628,-0.678,-0.382,0.813,-0.44,0.382,0.699,-0.333,-0.633,0.963,-0.111,0.244,0.726,-0.0,-0.688,0.88,-0.036,0.474,0.552,0.759,0.345,0.869,0.006,0.494,0.204,0.815,0.543,0.098,0.854,0.511,-0.734,0.673,-0.092,scissors
41.174958,0.082,0.628,0.774,0.224,0.771,-0.597,0.113,-0.818,-0.564,0.989,-0.004,-0.15,0.138,-0.884,0.447,0.696,0.56,0.449,0.272,-0.786,0.555,0.726,0.478,0.494,0.273,-0.896,0.35,0.587,0.771,0.245,0.508,-0.67,0.541,0.509,-0.073,0.857,0.797,-0.266,-0.542,none
11.621164,-0.003,0.842,0.539,-0.372,-0.796,-0.478,-0.242,-0.941,-0.238,0.69,-0.387,0.612,-0.583,0.09,-0.807,0.8,-0.252,0.545,-0.823,0.051,-0.566,0.826,-0.236,0.511,-0.776,0.0,-0.631,0.995,-0.068,-0.071,-0.99,-0.045,-0.135,0.203,0.932,0.301,-0.499,-0.59,-0.635,rock
0.959938,-0.115,0.949,0.294,0.137,0.824,-0.549,0.758,-0.64,0.126,0.86,0.116,-0.496,0.101,-0.253,-0.962,0.723,0.278,0.633,0.623,0.078,-0.778,0.845,0.118,0.522,0.164,-0.0,-0.986,0.961,-0.03,0.274,-0.664,-0.258,-0.701,0.931,-0.203,0.304,-0.665,-0.464,0.586,paper
3.505382,0.04,0.816,0.577,0.816,-0.408,-0.408,0.48,-0.807,-0.344,0.728,-0.356,0.586,-0.0,0.316,-0.949,0.825,-0.205,0.526,-0.802,0.535,0.267,0.858,-0.207,0.469,-0.229,0.688,-0.688,0.993,-0.033,-0.112,-0.745,0.596,-0.298,0.152,0.927,0.343,-0.919,-0.0,-0.394,rock
45.762745,-0.699,0.49,0.522,0.829,-0.031,0.558,0.735,-0.63,-0.25,0.426,0.561,-0.71,0.744,-0.572,0.345,0.199,0.976,-0.09,-0.4,-0.51,0.761,0.174,0.983,0.062,-0.138,-0.512,0.848,0.259,0.952,0.161,-0.585,-0.561,0.585,0.48,0.812,0.332,-0.733,-0.339,0.59,none
20.045683,0.206,0.915,-0.347,-0.767,-0.3,-0.567,0.244,-0.358,0.901,0.057,-0.535,0.843,-0.958,-0.233,-0.167,0.136,-0.619,0.774,-0.64,-0.552,-0.534,0.3,-0.906,-0.297,0.671,0.072,-0.738,0.738,0.03,0.674,-0.967,-0.239,0.084,0.983,0.033,0.178,-0.453,-0.091,-0.887,none
18.256806,0.075,0.777,0.625,-0.196,-0.784,0.588,0.419,-0.801,-0.428,0.772,-0.325,0.546,0.116,-0.349,-0.93,0.855,-0.156,0.495,-0.408,-0.408,-0.816,0.892,-0.182,0.413,-0.192,-0.192,-0.962,0.985,-0.0,-0.172,-0.781,0.0,-0.625,0.099,0.923,0.372,-0.802,0.267,-0.535,rock
31.515373,0.371,-0.18,0.911,-0.811,0.487,0.324,-0.339,-0.059,-0.939,0.57,0.266,0.777,-0.921,0.128,-0.368,-0.571,0.065,0.819,-0.0,0.504,-0.864,-0.401,-0.08,0.913,-0.17,0.644,-0.746,-0.417,0.145,0.897,-0.599,0.599,-0.532,-0.422,-0.061,0.904,0.097,0.483,0.87,none
11.635002,-0.032,0.949,0.314,-0.055,0.831,0.554,0.042,-0.992,0.122,0.878,-0.034,-0.477,0.857,-0.0,-0.514,0.734,0.166,0.658,0.614,0.184,0.768,0.814,0.005,0.581,0.737,0.0,0.676,0.912,-0.117,0.394,0.753,-0.065,0.655,0.867,0.032,0.497,0.795,0.038,0.606,paper
1.576722,-0.023,-0.299,0.954,0.961,0.262,-0.087,0.211,0.195,-0.958,0.672,0.728,0.135,-0.302,-0.905,0.302,-0.168,0.918,0.359,-0.527,-0.422,0.738,-0.044,0.895,0.444,-0.196,-0.784,0.588,-0.147,0.96,0.239,-0.436,-0.218,0.873,-0.627,0.354,0.694,-0.192,-0.962,0.192,none
19.391465,0.28,0.845,-0.456,0.535,0.802,-0.267,0.195,-0.183,0.964,0.097,-0.368,0.925,0.768,-0.384,-0.512,-0.06,-0.488,0.871,0.324,-0.811,0.487,0.395,-0.906,-0.155,-0.555,0.832,0.0,0.791,0.262,0.552,0.13,-0.391,0.911,0.904,0.02,0.428,0.802,-0.267,-0.535,none
49.922177,0.708,-0.55,0.443,0.595,-0.568,0.568,-0.705,0.4,-0.586,0.297,0.583,0.757,0.858,0.313,0.407,-0.734,0.352,0.581,0.221,-0.115,0.968,-0.7,0.357,0.619,0.352,-0.209,0.912,-0.825,0.29,0.485,0.591,-0.064,0.804,-0.56,-0.527,0.639,-0.972,-0.233,-0.0,none
12.636351,-0.204,0.95,0.237,0.0,0.651,0.759,0.304,-0.919,0.251,0.789,0.072,-0.61,0.788,0.473,-0.394,0.813,0.27,0.515,0.078,0.623,0.778,0.902,0.089,0.422,0.426,0.596,0.681,0.975,-0.014,0.221,0.228,0.608,0.76,0.909,0.208,0.361,-0.108,0.647,0.755,paper
40.662066,0.524,0.105,0.845,0.725,-0.653,-0.218,-0.36,-0.396,-0.845,0.944,0.321,-0.071,-0.839,0.283,-0.465,0.722,0.691,0.027,-0.867,-0.106,-0.487,0.644,0.763,0.063,-0.858,0.21,-0.469,0.447,0.845,-0.294,-0.95,-0.123,-0.287,0.024,-0.603,0.798,-0.112,0.28,-0.953,none
51.372774,0.71,-0.611,0.35,-0.811,-0.487,-0.324,-0.739,0.387,-0.552,0.122,0.883,0.452,0.888,-0.187,-0.421,-0.52,0.795,0.312,0.769,-0.452,0.452,-0.419,0.856,0.302,0.731,-0.682,0.0,-0.594,0.743,0.308,0.732,-0.671,0.122,-0.67,-0.639,0.377,-0.769,0.202,-0.607,none
17.199585,-0.113,0.923,0.368,-0.258,-0.954,0.149,0.816,-0.577,-0.039,0.888,0.028,-0.459,-0.504,0.559,0.658,0.721,0.251,0.646,-0.904,0.345,-0.254,0.816,0.084,0.571,-0.81,0.533,-0.246,0.916,-0.013,0.401,-0.794,0.606,-0.05,0.849,0.131,0.512,-0.951,0.304,-0.059,paper
16.21385,0.07,0.762,0.644,0.873,-0.218,0.436,0.446,-0.763,-0.468,0.783,-0.325,0.53,0.408,0.408,-0.816,0.867,-0.149,0.476,-0.192,0.962,0.192,0.898,-0.19,0.396,0.298,0.596,-0.745,0.982,-0.005,-0.191,-0.384,0.768,-0.512,0.076,0.925,0.371,-0.97,0.216,-0.108,rock
6.982876,-0.133,0.747,0.651,-0.025,0.752,0.659,0.359,-0.832,-0.423,0.783,-0.531,0.323,0.808,-0.492,0.325,0.973,-0.187,0.132,0.969,-0.171,0.18,0.916,0.046,0.399,0.887,-0.035,0.461,0.909,0.069,0.41,0.85,-0.018,0.526,0.049,0.908,0.416,0.009,0.893,0.451,scissors
15.657675,-0.159,0.955,0.248,0.104,-0.97,-0.219,0.599,-0.749,0.284,0.812,0.012,-0.584,-0.774,0.086,0.627,0.81,0.234,0.538,-0.878,-0.127,-0.462,0.889,0.052,0.456,-0.887,0.08,-0.455,0.961,-0.044,0.274,-0.95,0.19,-0.246,0.904,0.15,0.4,-0.929,-0.066,-0.365,paper
32.449679,0.414,-0.219,0.883,-0.0,0.986,-0.164,-0.337,-0.037,-0.941,0.475,0.222,0.852,-0.488,-0.39,-0.781,-0.675,0.015,0.737,0.285,0.712,-0.641,-0.437,-0.036,0.899,0.704,0.101,-0.704,-0.457,0.129,0.88,0.481,0.535,0.695,-0.381,0.094,0.92,-0.0,0.992,0.124,none
14.108953,-0.262,0.747,0.611,-0.325,-0.407,0.854,0.88,-0.065,-0.47,0.74,-0.615,0.273,0.546,0.036,-0.837,0.951,-0.291,0.108,0.386,0.343,-0.857,0.949,0.085,0.303,0.0,0.878,0.479,0.938,0.129,0.322,-0.169,0.776,0.607,0.086,0.95,0.301,-0.95,0.295,-0.098,scissors
5.586656,0.136,-0.18,0.974,-0.975,-0.0,-0.222,0.238,0.067,-0.969,0.788,0.531,0.312,-0.34,0.297,-0.892,-0.222,0.774,0.593,0.449,0.4,-0.799,-0.115,0.702,0.703,0.494,0.453,-0.742,-0.109,0.839,0.532,0.752,0.1,-0.652,-0.435,0.252,0.864,-0.139,0.589,-0.796,none
18.787036,0.075,0.77,0.633,0.577,-0.577,0.577,0.392,-0.784,-0.482,0.775,-0.318,0.546,0.0,0.394,-0.919,0.857,-0.146,0.493,-0.6,0.8,0.0,0.893,-0.18,0.413,0.0,0.625,-0.781,0.985,0.002,-0.173,-0.598,0.717,-0.359,0.093,0.921,0.378,-0.988,0.11,-0.11,rock
29.471076,0.012,0.789,0.615,-0.0,-0.874,-0.486,-0.445,-0.55,-0.707,0.756,-0.361,0.546,-0.458,0.261,-0.85,0.851,-0.196,0.488,-0.836,0.304,-0.456,0.875,-0.225,0.429,-0.641,0.285,-0.712,0.987,-0.045,-0.155,-0.949,0.253,-0.19,0.113,0.938,0.329,-0.659,-0.593,-0.462,rock
4.687003,-0.083,0.947,0.31,-0.816,-0.408,-0.408,0.735,-0.673,0.087,0.865,0.046,-0.5,-0.6,-0.0,-0.8,0.729,0.23,0.645,-0.816,-0.408,-0.408,0.835,0.066,0.546,-0.535,-0.267,-0.802,0.94,-0.057,0.337,-0.811,0.487,0.324,0.883,0.092,0.46,-0.814,-0.0,-0.581,paper
5.946846,-0.074,0.817,0.572,-0.135,0.673,0.727,0.73,-0.645,-0.226,0.713,-0.526,0.464,0.84,-0.529,0.124,0.933,-0.204,0.297,0.986,-0.132,0.099,0.921,-0.092,0.379,0.875,0.125,0.469,0.928,-0.072,0.364,0.74,0.185,0.647,0.188,0.855,0.483,-0.252,0.897,0.364,scissors
14.25545,-0.098,0.513,0.853,-0.557,0.371,-0.743,0.464,-0.575,-0.673,0.825,-0.537,-0.175,-0.717,-0.359,-0.598,0.958,-0.251,-0.141,-0.831,-0.046,-0.554,0.919,-0.224,-0.326,-0.549,0.768,-0.329,0.869,-0.032,-0.494,-0.862,0.492,-0.123,0.507,-0.068,0.859,-0.042,0.925,-0.378,none
52.39269,0.738,-0.621,0.265,-0.05,-0.447,-0.893,-0.785,0.428,-0.448,0.248,0.914,-0.321,-0.931,0.353,-0.096,-0.025,0.966,-0.259,-0.986,-0.087,-0.145,-0.028,0.97,-0.241,-0.996,-0.0,0.093,-0.343,0.934,-0.101,-0.995,0.027,-0.095,-0.744,-0.646,0.168,-0.25,0.125,-0.96,none
19.679426,0.271,0.848,-0.455,-0.241,0.12,-0.963,0.203,-0.213,0.956,0.094,-0.376,0.922,-0.964,-0.257,0.064,-0.059,-0.502,0.863,-0.922,-0.346,0.173,0.395,-0.903,-0.169,-0.432,-0.259,-0.864,0.797,0.233,0.558,-0.624,-0.052,0.78,0.912,0.032,0.409,0.112,-0.614,-0.781,none
6.116999,-0.074,0.949,0.307,0.802,0.535,0.267,0.715,-0.686,0.136,0.865,0.038,-0.5,0.535,0.267,-0.802,0.732,0.222,0.644,-0.507,0.169,0.845,0.837,0.058,0.545,-0.408,0.408,0.816,0.938,-0.07,0.338,-0.512,0.384,0.768,0.891,0.081,0.447,-0.928,0.0,0.371,paper
12.125873,-0.087,0.773,0.629,0.422,-0.845,0.329,0.691,-0.158,-0.705,0.768,-0.522,0.372,0.286,0.613,-0.736,0.957,-0.2,0.21,-0.182,0.818,-0.545,0.925,-0.078,0.373,-0.486,0.618,0.618,0.926,-0.063,0.372,-0.611,0.503,0.611,0.138,0.893,0.428,-0.974,-0.195,0.117,scissors
25.91768,0.001,0.794,0.608,0.061,0.791,0.609,-0.277,-0.926,-0.257,0.754,-0.376,0.539,0.757,-0.394,0.521,0.853,-0.206,0.479,0.822,-0.217,0.527,0.872,-0.239,0.428,0.864,-0.2,0.463,0.985,-0.059,-0.16,0.998,-0.016,-0.064,0.106,0.942,0.317,0.0,0.963,0.271,rock
46.274748,-0.62,0.425,0.66,-0.641,-0.764,-0.074,0.722,-0.596,-0.352,0.449,0.684,-0.575,-0.721,0.646,0.253,0.091,0.993,-0.071,-0.54,0.135,-0.831,0.157,0.984,0.083,-0.587,0.245,-0.771,0.234,0.956,0.178,-0.625,0.382,-0.681,0.429,0.765,0.481,-0.641,0.575,-0.508,none
47.80626,0.548,-0.464,0.696,-0.016,-0.958,-0.287,-0.407,0.333,-0.85,0.273,0.428,0.862,-0.155,0.762,0.629,-0.88,0.087,0.467,-0.9,-0.048,-0.434,-0.828,0.039,0.56,-0.905,0.09,-0.416,-0.846,0.017,0.533,-0.802,0.019,-0.597,-0.594,-0.434,0.677,-0.672,0.211,-0.71,none
54.939916,0.713,-0.574,0.402,-0.972,0.229,-0.057,-0.662,0.387,-0.642,0.117,0.666,0.736,-0.89,0.209,-0.405,-0.869,-0.211,0.449,0.402,0.195,-0.895,-0.795,-0.454,0.403,0.364,-0.0,0.932,-0.732,-0.626,0.27,-0.066,0.242,0.968,-0.718,-0.573,0.395,-0.196,0.784,-0.588,none
36.601715,0.584,-0.43,0.689,-0.639,0.303,0.707,-0.465,0.218,-0.858,0.719,0.06,0.693,-0.912,0.37,-0.179,0.431,0.902,0.016,0.866,0.37,0.336,0.382,0.92,0.092,0.127,0.866,0.484,0.001,0.986,-0.166,0.205,0.666,-0.717,-0.663,-0.199,0.722,0.077,-0.461,-0.884,none
29.471454,0.02,0.773,0.634,-0.032,-0.935,-0.354,-0.429,-0.531,-0.731,0.775,-0.345,0.529,-0.442,0.353,-0.825,0.864,-0.17,0.473,-0.677,0.355,-0.645,0.888,-0.214,0.407,-0.61,0.214,-0.763,0.983,-0.031,-0.181,-0.943,0.171,-0.286,0.085,0.933,0.348,-0.578,-0.73,-0.365,rock
