time,s1_X,s1_Y,s1_Z,s1_gyro_x,s1_gyro_y,s1_gyro_z,s1_mag_x,s1_mag_y,s1_mag_z,s2_X,s2_Y,s2_Z,s2_gyro_x,s2_gyro_y,s2_gyro_z,s2_mag_x,s2_mag_y,s2_mag_z,s3_X,s3_Y,s3_Z,s3_gyro_x,s3_gyro_y,s3_gyro_z,s3_mag_x,s3_mag_y,s3_mag_z,s4_X,s4_Y,s4_Z,s4_gyro_x,s4_gyro_y,s4_gyro_z,s4_mag_x,s4_mag_y,s4_mag_z,s5_X,s5_Y,s5_Z,s5_gyro_x,s5_gyro_y,s5_gyro_z,s5_mag_x,s5_mag_y,s5_mag_z,s6_X,s6_Y,s6_Z,s6_gyro_x,s6_gyro_y,s6_gyro_z,s6_mag_x,s6_mag_y,s6_mag_z,label
1.094204,-0.011,-0.307,0.952,-0.422,0.738,0.527,0.21,0.185,-0.96,0.678,0.72,0.15,0.686,0.514,-0.514,,,,-0.172,0.911,0.374,-0.53,0.53,0.662,,,,-0.051,0.887,0.458,-0.218,0.873,0.436,,,,-0.159,0.952,0.262,-0.492,0.615,0.615,,,,-0.626,0.337,0.703,-0.963,0.241,0.12,,,,none
1.094363,-0.015,-0.3,0.954,0.937,0.312,0.156,0.21,0.185,-0.96,0.673,0.725,0.147,0.535,-0.267,-0.802,,,,-0.174,0.914,0.367,-0.371,0.0,0.928,,,,-0.051,0.89,0.453,0.0,0.707,0.707,,,,-0.158,0.954,0.256,-0.348,0.348,0.87,,,,-0.627,0.341,0.701,-0.894,-0.0,0.447,,,,none
1.094517,-0.015,-0.288,0.957,0.978,0.21,-0.0,0.21,0.185,-0.96,0.688,0.711,0.147,0.436,-0.873,0.218,,,,-0.158,0.912,0.378,-0.381,-0.254,0.889,,,,-0.032,0.886,0.462,-0.218,-0.436,0.873,,,,-0.141,0.953,0.267,-0.447,-0.0,0.894,,,,-0.614,0.347,0.709,-0.424,-0.707,0.566,,,,none
1.094654,-0.016,-0.31,0.951,-0.95,0.259,0.173,0.21,0.185,-0.96,0.704,0.693,0.157,0.371,-0.0,-0.928,,,,-0.138,0.904,0.405,-0.485,0.485,0.728,,,,-0.005,0.876,0.483,0.243,0.97,0.0,,,,-0.099,0.954,0.284,-0.424,0.707,0.566,,,,-0.59,0.362,0.722,-0.913,0.183,0.365,,,,none
1.094783,-0.011,-0.307,0.951,-0.854,-0.085,0.513,0.199,0.168,-0.966,0.702,0.698,0.145,0.241,0.843,-0.482,,,,-0.146,0.906,0.397,-0.634,0.724,0.272,,,,-0.018,0.88,0.475,-0.404,0.909,0.101,,,,-0.125,0.953,0.276,-0.493,0.844,0.211,,,,-0.602,0.353,0.716,-0.928,0.232,0.29,,,,none
1.094909,-0.007,-0.292,0.956,-0.318,-0.424,0.848,0.199,0.168,-0.966,0.675,0.722,0.148,0.182,0.818,-0.545,,,,-0.174,0.912,0.371,-0.513,0.854,0.085,,,,-0.047,0.889,0.455,-0.262,0.961,-0.087,,,,-0.155,0.954,0.255,-0.418,0.906,0.07,,,,-0.626,0.341,0.702,-0.922,0.346,0.173,,,,none
1.095028,-0.015,-0.313,0.95,-0.832,0.0,0.555,0.199,0.168,-0.966,0.667,0.731,0.146,0.0,0.64,-0.768,,,,-0.188,0.914,0.36,-0.7,0.7,0.14,,,,-0.066,0.892,0.447,-0.265,0.927,-0.265,,,,-0.173,0.953,0.248,-0.444,0.889,0.111,,,,-0.637,0.332,0.696,-0.958,0.287,-0.0,,,,none
1.095146,-0.011,-0.305,0.952,0.857,0.0,-0.514,0.199,0.168,-0.966,0.673,0.725,0.145,-0.894,-0.0,-0.447,,,,-0.177,0.914,0.365,-0.937,-0.156,0.312,,,,-0.055,0.89,0.453,-0.905,-0.302,-0.302,,,,-0.162,0.954,0.254,-0.857,-0.0,0.514,,,,-0.626,0.338,0.703,-0.811,-0.487,-0.324,,,,none
1.095264,0.001,-0.277,0.961,0.98,0.14,-0.14,0.214,0.183,-0.96,0.679,0.719,0.147,-0.0,-0.447,-0.894,,,,-0.158,0.909,0.385,-0.743,-0.371,0.557,,,,-0.037,0.882,0.469,-0.894,-0.447,-0.0,,,,-0.133,0.954,0.27,-0.696,-0.174,0.696,,,,-0.608,0.353,0.711,-0.577,-0.577,-0.577,,,,none
1.095386,-0.019,-0.284,0.959,-0.811,0.487,-0.324,0.214,0.183,-0.96,0.691,0.707,0.149,-0.192,-0.192,-0.962,,,,-0.153,0.908,0.39,-0.894,-0.447,-0.0,,,,-0.023,0.881,0.473,-0.316,0.0,-0.949,,,,-0.124,0.954,0.273,-0.832,0.555,0.0,,,,-0.607,0.353,0.712,-0.617,0.154,-0.772,,,,none
1.095518,-0.011,-0.297,0.955,-0.928,0.0,-0.371,0.189,0.15,-0.97,0.687,0.711,0.147,-0.302,0.302,-0.905,,,,-0.158,0.911,0.38,-0.981,-0.0,0.196,,,,-0.033,0.886,0.463,-0.832,0.0,-0.555,,,,-0.141,0.953,0.267,-0.937,0.312,0.156,,,,-0.609,0.348,0.712,-0.824,-0.137,-0.549,,,,none
1.095641,-0.011,-0.259,0.966,0.577,-0.577,-0.577,0.189,0.15,-0.97,0.698,0.702,0.146,-0.436,0.218,-0.873,,,,-0.145,0.907,0.395,-1.0,0.0,-0.0,,,,-0.015,0.88,0.475,-0.688,0.229,-0.688,,,,-0.121,0.954,0.274,-0.953,0.272,-0.136,,,,-0.597,0.356,0.719,-0.848,-0.0,-0.53,,,,none
1.095761,-0.003,-0.271,0.963,-0.937,-0.156,0.312,0.205,0.198,-0.959,0.702,0.697,0.149,0.0,0.496,-0.868,,,,-0.143,0.907,0.397,-0.507,0.845,-0.169,,,,-0.01,0.879,0.476,-0.147,0.885,-0.442,,,,-0.114,0.954,0.278,-0.577,0.808,-0.115,,,,-0.595,0.358,0.719,-0.83,0.498,-0.249,,,,none
1.095991,0.001,-0.281,0.96,-0.85,0.065,0.523,0.184,0.153,-0.971,0.7,0.699,0.146,0.408,0.408,-0.816,,,,-0.143,0.907,0.395,-0.0,1.0,0.0,,,,-0.012,0.88,0.474,0.212,0.954,-0.212,,,,-0.115,0.954,0.276,-0.287,0.958,-0.0,,,,-0.597,0.356,0.719,-0.743,0.669,0.0,,,,none
1.096131,-0.012,-0.302,0.953,-0.588,0.196,0.784,0.177,0.13,-0.976,0.693,0.706,0.148,0.658,0.366,-0.658,,,,-0.152,0.909,0.389,0.168,0.926,0.337,,,,-0.025,0.883,0.468,0.408,0.898,0.163,,,,-0.129,0.955,0.266,-0.0,0.978,0.21,,,,-0.611,0.352,0.709,-0.641,0.712,0.285,,,,none
1.096256,-0.015,-0.307,0.952,-0.351,0.211,0.912,0.184,0.153,-0.971,0.671,0.727,0.142,0.836,0.193,-0.514,,,,-0.171,0.915,0.365,0.224,0.822,0.523,,,,-0.049,0.894,0.446,0.545,0.778,0.311,,,,-0.153,0.957,0.247,0.13,0.911,0.391,,,,-0.63,0.348,0.694,-0.441,0.735,0.515,,,,none
1.096379,-0.03,-0.311,0.95,-0.139,0.627,0.766,0.184,0.153,-0.971,0.666,0.732,0.141,0.705,-0.071,-0.705,,,,-0.182,0.917,0.355,0.456,0.684,0.57,,,,-0.065,0.894,0.443,0.742,0.636,0.212,,,,-0.17,0.955,0.243,0.267,0.802,0.535,,,,-0.636,0.341,0.693,-0.108,0.755,0.647,,,,none
1.096504,-0.037,-0.302,0.953,0.744,0.62,0.248,0.216,0.157,-0.964,0.676,0.722,0.145,0.667,0.333,-0.667,,,,-0.171,0.913,0.371,-0.487,0.324,0.811,,,,-0.047,0.889,0.456,-0.333,0.667,0.667,,,,-0.153,0.955,0.255,-0.53,0.53,0.662,,,,-0.627,0.345,0.698,-0.986,-0.0,0.164,,,,none
1.096635,-0.015,-0.307,0.952,0.744,0.62,0.248,0.199,0.152,-0.968,0.67,0.727,0.148,-0.507,0.845,0.169,,,,-0.174,0.913,0.369,-0.941,0.188,0.282,,,,-0.05,0.89,0.454,-0.919,0.394,0.0,,,,-0.154,0.956,0.252,-0.941,0.282,0.188,,,,-0.631,0.343,0.696,-0.926,-0.168,-0.337,,,,none
1.096761,-0.007,-0.313,0.95,-0.408,-0.816,-0.408,0.191,0.158,-0.969,0.671,0.727,0.145,-0.696,0.696,-0.174,,,,-0.175,0.915,0.362,-0.985,0.123,0.123,,,,-0.049,0.893,0.447,-0.973,0.162,-0.162,,,,-0.155,0.957,0.245,-0.97,0.216,0.108,,,,-0.63,0.346,0.695,-0.909,-0.101,-0.404,,,,none
1.576574,-0.019,-0.31,0.951,0.953,0.136,-0.272,0.196,0.171,-0.966,0.675,0.725,0.139,-0.894,0.447,-0.0,,,,-0.168,0.917,0.363,-0.824,-0.137,0.549,,,,-0.042,0.894,0.446,-0.905,-0.302,0.302,,,,-0.146,0.96,0.24,-0.824,0.137,0.549,,,,-0.629,0.353,0.693,-0.811,-0.487,-0.324,,,,none
1.576722,-0.023,-0.299,0.954,0.961,0.262,-0.087,0.211,0.195,-0.958,0.672,0.728,0.135,-0.302,-0.905,0.302,,,,-0.168,0.918,0.359,-0.527,-0.422,0.738,,,,-0.044,0.895,0.444,-0.196,-0.784,0.588,,,,-0.147,0.96,0.239,-0.436,-0.218,0.873,,,,-0.627,0.354,0.694,-0.192,-0.962,0.192,,,,none
1.576857,-0.026,-0.284,0.959,0.921,0.325,-0.217,0.175,0.169,-0.97,0.676,0.724,0.135,-0.14,-0.98,0.14,,,,-0.164,0.917,0.363,-0.272,-0.724,0.634,,,,-0.04,0.894,0.446,-0.116,-0.93,0.349,,,,-0.145,0.958,0.246,-0.398,-0.597,0.697,,,,-0.624,0.353,0.697,0.275,-0.962,-0.0,,,,none
1.576979,-0.026,-0.278,0.96,0.834,0.321,-0.449,0.175,0.169,-0.97,0.693,0.707,0.141,-0.535,-0.802,0.267,,,,-0.146,0.913,0.382,-0.453,-0.815,0.362,,,,-0.023,0.886,0.464,-0.316,-0.949,0.0,,,,-0.128,0.956,0.264,-0.572,-0.667,0.477,,,,-0.605,0.357,0.712,0.0,-0.949,-0.316,,,,none
1.577103,-0.011,-0.239,0.971,0.86,-0.161,-0.484,0.212,0.135,-0.968,0.71,0.69,0.142,-0.905,-0.302,0.302,,,,-0.127,0.906,0.403,-0.74,-0.647,0.185,,,,0.004,0.879,0.477,-0.762,-0.635,-0.127,,,,-0.098,0.954,0.282,-0.896,-0.398,0.199,,,,-0.584,0.367,0.724,-0.468,-0.749,-0.468,,,,none
1.577224,-0.007,-0.245,0.97,0.365,-0.913,-0.183,0.212,0.135,-0.968,0.716,0.683,0.141,-0.688,0.688,-0.229,,,,-0.118,0.906,0.407,-0.963,0.12,0.241,,,,0.014,0.877,0.481,-0.928,0.371,-0.0,,,,-0.087,0.956,0.279,-0.943,0.314,0.105,,,,-0.58,0.376,0.723,-0.949,-0.0,-0.316,,,,none
1.579141,-0.016,-0.267,0.964,-0.686,-0.514,0.514,0.2,0.151,-0.968,0.704,0.697,0.138,0.14,0.7,-0.7,,,,-0.132,0.911,0.391,-0.62,0.744,0.248,,,,-0.004,0.885,0.466,-0.275,0.962,0.0,,,,-0.108,0.958,0.267,-0.477,0.858,0.191,,,,-0.595,0.368,0.715,-0.874,0.486,-0.0,,,,none
1.579272,-0.015,-0.281,0.959,-0.686,-0.514,0.514,0.193,0.127,-0.973,0.687,0.712,0.142,0.577,0.577,-0.577,,,,-0.155,0.913,0.377,-0.444,0.778,0.444,,,,-0.029,0.888,0.458,-0.0,0.97,0.243,,,,-0.135,0.958,0.253,-0.268,0.894,0.358,,,,-0.613,0.355,0.706,-0.784,0.588,0.196,,,,none
1.579395,-0.023,-0.291,0.957,0.0,0.316,0.949,0.197,0.137,-0.971,0.683,0.716,0.146,0.64,0.426,-0.64,,,,-0.162,0.912,0.376,-0.53,0.53,0.662,,,,-0.037,0.889,0.456,-0.218,0.873,0.436,,,,-0.142,0.956,0.257,-0.456,0.684,0.57,,,,-0.616,0.35,0.706,-0.953,0.272,0.136,,,,none
1.579542,-0.015,-0.27,0.963,0.0,0.316,0.949,0.184,0.153,-0.971,0.686,0.714,0.143,-0.0,-0.707,-0.707,,,,-0.157,0.913,0.377,-0.781,-0.0,0.625,,,,-0.031,0.889,0.458,-0.894,0.0,0.447,,,,-0.134,0.956,0.26,-0.762,0.457,0.457,,,,-0.61,0.355,0.709,-0.986,-0.164,-0.0,,,,none
1.579671,-0.015,-0.269,0.963,0.832,0.0,-0.555,0.184,0.153,-0.971,0.697,0.703,0.143,-0.707,-0.0,-0.707,,,,-0.143,0.91,0.389,-0.857,-0.0,0.514,,,,-0.014,0.885,0.465,-1.0,0.0,-0.0,,,,-0.119,0.957,0.266,-0.905,0.302,0.302,,,,-0.603,0.36,0.712,-0.937,-0.156,-0.312,,,,none
1.579792,-0.015,-0.268,0.963,0.894,-0.447,0.0,0.178,0.13,-0.975,0.702,0.698,0.142,-0.408,0.408,-0.816,,,,-0.137,0.909,0.393,-0.885,0.147,0.442,,,,-0.007,0.883,0.47,-0.802,0.535,0.267,,,,-0.112,0.957,0.268,-0.768,0.512,0.384,,,,-0.599,0.362,0.714,-0.97,-0.0,-0.243,,,,none
1.579913,-0.011,-0.254,0.967,0.802,-0.535,0.267,0.178,0.13,-0.975,0.698,0.701,0.142,-0.0,0.555,-0.832,,,,-0.142,0.909,0.391,-0.811,0.324,0.487,,,,-0.015,0.883,0.468,-0.555,0.832,0.0,,,,-0.118,0.957,0.265,-0.744,0.62,0.248,,,,-0.602,0.36,0.713,-0.985,0.123,-0.123,,,,none
1.581643,-0.011,-0.267,0.964,-0.894,-0.0,0.447,0.187,0.173,-0.967,0.699,0.7,0.145,0.196,0.588,-0.784,,,,-0.139,0.909,0.393,-0.811,0.487,0.324,,,,-0.011,0.883,0.469,-0.447,0.894,-0.0,,,,-0.117,0.957,0.266,-0.62,0.744,0.248,,,,-0.603,0.36,0.712,-0.93,0.349,-0.116,,,,none
1.58178,-0.011,-0.281,0.96,-0.577,0.577,0.577,0.187,0.173,-0.967,0.689,0.71,0.144,0.236,0.236,-0.943,,,,-0.15,0.911,0.383,-0.745,0.298,0.596,,,,-0.026,0.886,0.462,-0.535,0.802,0.267,,,,-0.129,0.957,0.258,-0.615,0.615,0.492,,,,-0.612,0.355,0.707,-0.949,0.316,0.0,,,,none
1.581912,-0.011,-0.276,0.961,0.302,0.905,-0.302,0.187,0.173,-0.967,0.689,0.711,0.144,0.243,-0.0,-0.97,,,,-0.156,0.913,0.378,-0.707,0.0,0.707,,,,-0.031,0.888,0.458,-0.707,0.707,0.0,,,,-0.138,0.957,0.254,-0.625,0.469,0.625,,,,-0.616,0.349,0.706,-0.943,0.236,-0.236,,,,none
1.582034,-0.022,-0.265,0.964,-0.0,0.0,-1.0,0.176,0.128,-0.976,0.695,0.704,0.142,-0.6,-0.0,-0.8,,,,-0.142,0.911,0.387,-0.943,-0.236,0.236,,,,-0.017,0.885,0.465,-0.707,-0.0,-0.707,,,,-0.118,0.957,0.264,-0.981,0.0,0.196,,,,-0.608,0.356,0.71,-0.772,-0.154,-0.617,,,,none
1.582153,-0.015,-0.265,0.964,0.183,-0.365,-0.913,0.196,0.164,-0.967,0.697,0.703,0.141,-0.696,0.174,-0.696,,,,-0.14,0.91,0.389,-0.928,-0.371,-0.0,,,,-0.015,0.884,0.467,-0.688,-0.229,-0.688,,,,-0.117,0.958,0.262,-0.986,0.0,-0.164,,,,-0.605,0.358,0.711,-0.762,-0.127,-0.635,,,,none
1.59174,-0.011,-0.261,0.965,-0.535,-0.267,-0.802,0.196,0.164,-0.967,0.699,0.7,0.144,-0.442,0.147,-0.885,,,,-0.14,0.909,0.392,-0.97,-0.0,-0.243,,,,-0.012,0.883,0.469,-0.447,0.0,-0.894,,,,-0.116,0.957,0.266,-0.962,0.192,-0.192,,,,-0.602,0.359,0.713,-0.702,0.117,-0.702,,,,none
2.079,-0.015,-0.265,0.964,-0.535,-0.267,-0.802,0.191,0.134,-0.972,0.698,0.702,0.144,-0.312,0.156,-0.937,,,,-0.144,0.909,0.391,-0.905,-0.302,-0.302,,,,-0.016,0.883,0.47,-0.243,0.0,-0.97,,,,-0.12,0.957,0.263,-0.943,0.236,-0.236,,,,-0.605,0.358,0.711,-0.702,0.117,-0.702,,,,none
2.079734,-0.015,-0.271,0.963,0.0,0.555,-0.832,0.191,0.134,-0.972,0.696,0.704,0.144,-0.312,-0.156,-0.937,,,,-0.143,0.91,0.39,-0.707,-0.707,0.0,,,,-0.015,0.884,0.467,-0.302,-0.302,-0.905,,,,-0.119,0.957,0.264,-1.0,0.0,0.0,,,,-0.606,0.361,0.709,-0.617,0.154,-0.772,,,,none
2.079872,-0.015,-0.274,0.962,-0.64,0.426,-0.64,0.191,0.134,-0.972,0.693,0.706,0.143,-0.275,-0.0,-0.962,,,,-0.146,0.91,0.388,-0.894,-0.447,-0.0,,,,-0.018,0.885,0.464,-0.243,-0.0,-0.97,,,,-0.122,0.957,0.261,-0.97,0.243,0.0,,,,-0.606,0.358,0.711,-0.596,0.298,-0.745,,,,none
2.079997,-0.015,-0.267,0.964,-0.236,0.236,-0.943,0.194,0.171,-0.966,0.698,0.701,0.146,-0.514,-0.0,-0.857,,,,-0.141,0.908,0.394,-0.873,-0.436,-0.218,,,,-0.012,0.882,0.472,-0.436,-0.218,-0.873,,,,-0.117,0.957,0.267,-0.962,0.192,-0.192,,,,-0.604,0.358,0.712,-0.707,-0.0,-0.707,,,,none
2.08013,-0.007,-0.267,0.964,0.436,-0.218,-0.873,0.194,0.171,-0.966,0.706,0.693,0.146,-0.707,-0.0,-0.707,,,,-0.132,0.905,0.405,-0.905,-0.302,0.302,,,,0.001,0.878,0.478,-0.943,-0.236,-0.236,,,,-0.102,0.956,0.274,-0.953,0.136,0.272,,,,-0.594,0.364,0.717,-0.889,-0.254,-0.381,,,,none
2.080252,-0.011,-0.259,0.966,-0.0,-1.0,0.0,0.186,0.162,-0.969,0.711,0.688,0.145,-0.218,0.873,-0.436,,,,-0.123,0.905,0.407,-0.912,0.342,0.228,,,,0.007,0.877,0.48,-0.781,0.625,-0.0,,,,-0.098,0.956,0.278,-0.83,0.518,0.207,,,,-0.59,0.365,0.721,-0.981,0.0,-0.196,,,,none
2.080388,-0.007,-0.253,0.967,0.615,-0.615,0.492,0.203,0.146,-0.968,0.709,0.69,0.147,0.164,0.986,-0.0,,,,-0.128,0.904,0.407,-0.786,0.437,0.437,,,,0.004,0.878,0.479,-0.598,0.717,0.359,,,,-0.1,0.957,0.274,-0.667,0.667,0.333,,,,-0.594,0.363,0.717,-0.997,0.083,-0.0,,,,none
2.081673,-0.007,-0.257,0.966,0.229,-0.688,0.688,0.214,0.146,-0.966,0.706,0.693,0.149,0.309,0.928,-0.206,,,,-0.128,0.905,0.405,-0.627,0.697,0.348,,,,0.002,0.879,0.477,-0.302,0.905,0.302,,,,-0.102,0.96,0.263,0.437,0.786,0.437,,,,-0.603,0.361,0.711,-0.94,0.336,-0.067,,,,none
2.081814,-0.007,-0.282,0.959,-0.183,-0.365,0.913,0.214,0.146,-0.966,0.688,0.711,0.146,0.276,0.921,-0.276,,,,-0.149,0.912,0.383,-0.611,0.679,0.407,,,,-0.026,0.887,0.461,-0.225,0.899,0.375,,,,-0.126,0.962,0.244,0.072,0.862,0.503,,,,-0.618,0.353,0.703,-0.873,0.47,0.134,,,,none
2.081939,-0.011,-0.27,0.963,-0.162,-0.162,0.973,0.214,0.146,-0.966,0.688,0.71,0.147,0.248,0.744,-0.62,,,,-0.155,0.911,0.383,-0.667,0.572,0.477,,,,-0.029,0.887,0.461,-0.228,0.912,0.342,,,,-0.131,0.96,0.247,-0.089,0.891,0.445,,,,-0.613,0.35,0.708,-0.845,0.507,0.169,,,,none
2.082059,-0.007,-0.265,0.964,-0.0,-0.928,0.371,0.159,0.128,-0.979,0.695,0.703,0.154,0.0,0.894,-0.447,,,,-0.146,0.906,0.397,-0.847,0.376,0.376,,,,-0.018,0.881,0.472,-0.512,0.768,0.384,,,,-0.12,0.959,0.259,-0.444,0.778,0.444,,,,-0.61,0.348,0.712,-0.961,0.262,-0.087,,,,none
2.095934,0.001,-0.267,0.964,-0.391,-0.911,0.13,0.159,0.128,-0.979,0.701,0.696,0.155,-0.302,0.905,-0.302,,,,-0.144,0.903,0.405,-0.874,0.389,0.291,,,,-0.012,0.877,0.48,-0.7,0.7,0.14,,,,-0.113,0.958,0.264,-0.688,0.688,0.229,,,,-0.604,0.35,0.716,-0.958,0.16,-0.239,,,,none
2.584776,0.001,-0.273,0.962,-0.487,-0.811,0.324,0.156,0.153,-0.976,0.701,0.696,0.157,-0.123,0.862,-0.492,,,,-0.137,0.903,0.408,-0.818,0.545,0.182,,,,-0.007,0.879,0.477,-0.577,0.808,0.115,,,,-0.109,0.96,0.259,-0.605,0.777,0.173,,,,-0.606,0.351,0.713,-0.946,0.291,-0.145,,,,none
2.587628,0.001,-0.285,0.958,-0.487,-0.811,0.324,0.194,0.145,-0.97,0.69,0.706,0.158,-0.123,0.862,-0.492,,,,-0.153,0.906,0.396,-0.784,0.588,0.196,,,,-0.027,0.882,0.471,-0.447,0.894,0.0,,,,-0.13,0.959,0.253,-0.545,0.818,0.182,,,,-0.618,0.341,0.708,-0.937,0.312,-0.156,,,,none
2.587767,0.001,-0.278,0.961,-0.802,-0.535,0.267,0.132,0.128,-0.983,0.69,0.707,0.156,-0.183,0.365,-0.913,,,,-0.15,0.906,0.397,-0.981,0.196,0.0,,,,-0.022,0.882,0.471,-0.64,0.64,-0.426,,,,-0.122,0.96,0.252,-0.772,0.617,0.154,,,,-0.616,0.344,0.709,-0.883,0.331,-0.331,,,,none
2.587898,-0.003,-0.27,0.963,-0.802,-0.535,0.267,0.132,0.128,-0.983,0.698,0.697,0.161,-0.14,0.14,-0.98,,,,-0.141,0.903,0.406,-0.943,-0.236,-0.236,,,,-0.013,0.878,0.479,-0.688,0.229,-0.688,,,,-0.113,0.96,0.257,-0.894,0.447,0.0,,,,-0.611,0.347,0.712,-0.855,0.367,-0.367,,,,none
2.588025,-0.007,-0.272,0.962,-0.894,0.0,-0.447,0.211,0.194,-0.958,0.694,0.703,0.156,-0.236,0.236,-0.943,,,,-0.145,0.905,0.4,-0.845,-0.169,-0.507,,,,-0.016,0.88,0.474,-0.507,0.169,-0.845,,,,-0.118,0.96,0.254,-0.885,0.442,-0.147,,,,-0.613,0.347,0.71,-0.768,0.329,-0.549,,,,none
2.588147,0.001,-0.281,0.96,-0.14,-0.7,-0.7,0.179,0.163,-0.97,0.699,0.698,0.16,-0.707,0.424,-0.566,,,,-0.141,0.901,0.409,-0.963,-0.12,-0.241,,,,-0.01,0.878,0.479,-0.868,0.0,-0.496,,,,-0.112,0.959,0.261,-0.962,0.192,-0.192,,,,-0.608,0.347,0.714,-0.857,-0.0,-0.514,,,,none
2.588273,0.008,-0.269,0.963,-0.229,-0.688,-0.688,0.175,0.152,-0.973,0.697,0.7,0.16,-0.772,0.154,-0.617,,,,-0.141,0.901,0.41,-0.953,-0.136,-0.272,,,,-0.011,0.878,0.479,-0.781,0.0,-0.625,,,,-0.112,0.959,0.261,-0.963,0.241,-0.12,,,,-0.606,0.347,0.716,-0.848,-0.0,-0.53,,,,none
2.591548,0.001,-0.273,0.962,-0.832,-0.0,-0.555,0.179,0.165,-0.97,0.702,0.694,0.163,-0.367,0.367,-0.855,,,,-0.138,0.898,0.417,-0.937,0.156,-0.312,,,,-0.005,0.873,0.487,-0.625,0.469,-0.625,,,,-0.107,0.958,0.268,-0.702,0.702,-0.117,,,,-0.61,0.344,0.714,-0.847,0.376,-0.376,,,,none
2.591683,0.008,-0.291,0.957,0.0,-1.0,0.0,0.179,0.156,-0.971,0.69,0.705,0.164,-0.154,0.617,-0.772,,,,-0.151,0.901,0.407,-0.937,0.312,0.156,,,,-0.019,0.878,0.478,-0.743,0.557,-0.371,,,,-0.121,0.958,0.259,-0.755,0.647,0.108,,,,-0.62,0.338,0.708,-0.921,0.276,-0.276,,,,none
2.591823,0.012,-0.293,0.956,0.0,-0.0,0.0,0.179,0.156,-0.971,0.689,0.705,0.165,0.302,0.302,-0.905,,,,-0.154,0.901,0.406,-0.857,-0.0,0.514,,,,-0.024,0.877,0.481,-0.894,0.447,0.0,,,,-0.124,0.957,0.261,-0.707,0.424,0.566,,,,-0.616,0.338,0.712,-0.981,0.0,-0.196,,,,none
2.591944,0.001,-0.269,0.963,0.894,0.447,0.0,0.179,0.156,-0.971,0.707,0.688,0.164,0.577,-0.577,-0.577,,,,-0.132,0.897,0.422,-0.7,-0.14,0.7,,,,0.003,0.87,0.493,-0.707,-0.0,0.707,,,,-0.1,0.957,0.273,-0.62,0.248,0.744,,,,-0.6,0.347,0.721,-0.913,-0.365,0.183,,,,none
2.603633,0.001,-0.262,0.965,0.894,0.447,0.0,0.172,0.141,-0.975,0.706,0.689,0.166,0.707,0.707,-0.0,,,,-0.131,0.895,0.426,-0.796,0.1,0.597,,,,0.003,0.869,0.495,-0.745,0.298,0.596,,,,-0.099,0.957,0.273,-0.728,0.485,0.485,,,,-0.601,0.346,0.72,-0.936,-0.0,0.351,,,,none
3.090442,0.004,-0.276,0.961,-0.0,-0.894,0.447,0.165,0.158,-0.974,0.699,0.695,0.167,-0.0,0.949,-0.316,,,,-0.139,0.896,0.422,-0.839,0.28,0.466,,,,-0.008,0.871,0.491,-0.768,0.512,0.384,,,,-0.112,0.957,0.269,-0.745,0.596,0.298,,,,-0.61,0.34,0.716,-0.98,0.178,0.089,,,,none
3.09315,0.004,-0.279,0.96,-0.485,-0.485,0.728,0.177,0.153,-0.972,0.696,0.699,0.166,-0.577,0.577,-0.577,,,,-0.149,0.896,0.418,-0.894,0.268,0.358,,,,-0.019,0.874,0.486,-0.802,0.535,0.267,,,,-0.124,0.955,0.27,-0.745,0.596,0.298,,,,-0.614,0.334,0.715,-0.992,0.09,0.09,,,,none
3.093282,0.013,-0.29,0.957,-0.617,-0.772,0.154,0.172,0.175,-0.97,0.706,0.689,0.164,-0.667,0.667,0.333,,,,-0.134,0.895,0.426,-0.95,0.173,0.259,,,,-0.003,0.87,0.494,-0.912,0.342,0.228,,,,-0.11,0.955,0.275,-0.864,0.393,0.314,,,,-0.603,0.343,0.72,-0.986,-0.164,0.0,,,,none
3.093407,0.008,-0.267,0.964,-0.617,-0.772,0.154,0.141,0.136,-0.981,0.7,0.695,0.161,0.816,0.408,-0.408,,,,-0.134,0.898,0.419,-0.722,0.309,0.619,,,,-0.001,0.873,0.488,-0.625,0.469,0.625,,,,-0.102,0.959,0.264,-0.655,0.573,0.492,,,,-0.609,0.349,0.712,-0.953,0.095,0.286,,,,none
3.093542,-0.011,-0.299,0.954,-0.598,0.359,0.717,0.16,0.154,-0.975,0.69,0.708,0.154,0.549,0.329,-0.768,,,,-0.14,0.903,0.407,-0.267,0.802,0.535,,,,-0.011,0.88,0.474,0.162,0.973,0.162,,,,-0.112,0.961,0.251,-0.199,0.896,0.398,,,,-0.622,0.35,0.701,-0.742,0.636,0.212,,,,none
3.093666,-0.015,-0.292,0.956,-0.298,0.596,0.745,0.16,0.154,-0.975,0.675,0.721,0.158,0.323,0.323,-0.889,,,,-0.16,0.904,0.395,0.0,0.981,0.196,,,,-0.034,0.883,0.468,0.365,0.913,-0.183,,,,-0.134,0.961,0.243,-0.0,0.97,0.243,,,,-0.636,0.337,0.694,-0.527,0.843,-0.105,,,,none
3.093785,-0.011,-0.317,0.948,-0.927,0.265,-0.265,0.16,0.131,-0.978,0.675,0.72,0.163,-0.429,0.286,-0.857,,,,-0.168,0.903,0.395,-0.943,-0.236,-0.236,,,,-0.043,0.881,0.471,-0.436,-0.218,-0.873,,,,-0.146,0.957,0.252,-0.97,-0.243,0.0,,,,-0.637,0.327,0.698,-0.496,-0.0,-0.868,,,,none
3.09469,-0.003,-0.294,0.956,0.412,-0.082,-0.907,0.179,0.156,-0.971,0.68,0.713,0.17,-0.97,-0.243,0.0,,,,-0.168,0.898,0.406,-0.675,-0.675,-0.3,,,,-0.04,0.875,0.483,-0.629,-0.55,-0.55,,,,-0.143,0.955,0.259,-0.704,-0.704,-0.088,,,,-0.627,0.325,0.708,-0.258,-0.58,-0.773,,,,none
3.09482,0.008,-0.283,0.959,0.496,-0.135,-0.857,0.177,0.18,-0.968,0.697,0.698,0.168,-0.904,-0.362,0.226,,,,-0.144,0.895,0.423,-0.641,-0.733,-0.229,,,,-0.01,0.87,0.493,-0.635,-0.635,-0.44,,,,-0.11,0.956,0.271,-0.656,-0.749,-0.094,,,,-0.61,0.339,0.717,-0.139,-0.787,-0.602,,,,none
3.094943,0.012,-0.261,0.965,0.496,-0.135,-0.857,0.177,0.18,-0.968,0.711,0.68,0.178,-0.914,-0.305,0.267,,,,-0.134,0.886,0.443,-0.675,-0.675,-0.3,,,,-0.0,0.859,0.511,-0.711,-0.553,-0.434,,,,-0.101,0.951,0.293,-0.723,-0.678,-0.136,,,,-0.595,0.337,0.73,-0.214,-0.771,-0.6,,,,none
3.095067,0.024,-0.261,0.965,0.594,-0.254,-0.763,0.137,0.098,-0.986,0.713,0.678,0.179,-0.893,-0.379,0.244,,,,-0.136,0.884,0.447,-0.753,-0.582,-0.308,,,,-0.004,0.857,0.515,-0.758,-0.531,-0.379,,,,-0.102,0.949,0.299,-0.827,-0.537,-0.165,,,,-0.589,0.336,0.735,-0.372,-0.785,-0.496,,,,none
3.104719,0.021,-0.267,0.963,0.8,-0.033,-0.6,0.137,0.098,-0.986,0.718,0.672,0.182,-0.847,-0.491,0.203,,,,-0.128,0.883,0.453,-0.751,-0.571,-0.331,,,,0.011,0.857,0.516,-0.732,-0.549,-0.403,,,,-0.098,0.953,0.288,-0.858,-0.477,-0.191,,,,-0.593,0.331,0.734,-0.383,-0.861,-0.335,,,,none
3.597388,0.024,-0.278,0.96,0.8,-0.033,-0.6,0.137,0.098,-0.986,0.698,0.69,0.193,-0.777,-0.614,0.139,,,,-0.158,0.883,0.443,-0.824,-0.533,-0.194,,,,-0.027,0.861,0.508,-0.787,-0.608,-0.107,,,,-0.129,0.954,0.27,-0.891,-0.446,0.081,,,,-0.636,0.315,0.704,-0.434,-0.868,-0.241,,,,none
3.6001,-0.008,-0.328,0.945,0.15,0.487,-0.861,0.137,0.098,-0.986,0.621,0.755,0.211,-0.831,-0.554,0.038,,,,-0.263,0.884,0.386,-0.699,-0.579,-0.419,,,,-0.15,0.87,0.47,-0.734,-0.48,-0.48,,,,-0.235,0.943,0.237,-0.776,-0.62,-0.116,,,,-0.672,0.273,0.689,-0.052,-0.931,-0.362,,,,none
3.600249,0.008,-0.307,0.952,0.404,0.349,-0.845,0.164,0.114,-0.98,0.679,0.706,0.201,-0.758,-0.652,0.027,,,,-0.211,0.877,0.431,-0.344,-0.86,-0.378,,,,-0.079,0.864,0.498,-0.411,-0.822,-0.393,,,,-0.186,0.945,0.269,-0.405,-0.911,-0.081,,,,-0.641,0.286,0.712,0.336,-0.851,-0.403,,,,none
3.60038,0.008,-0.24,0.971,0.382,0.261,-0.886,0.179,0.102,-0.978,0.731,0.652,0.201,-0.812,-0.564,0.149,,,,-0.151,0.858,0.491,-0.306,-0.868,-0.391,,,,-0.008,0.837,0.547,-0.421,-0.794,-0.438,,,,-0.114,0.939,0.324,-0.451,-0.869,-0.201,,,,-0.58,0.31,0.754,0.189,-0.79,-0.584,,,,none
3.600524,0.057,-0.158,0.986,-0.167,-0.334,-0.928,0.172,0.059,-0.983,0.763,0.611,0.212,-0.967,-0.223,0.124,,,,-0.114,0.838,0.534,-0.321,-0.762,-0.562,,,,0.043,0.81,0.585,-0.473,-0.665,-0.578,,,,-0.057,0.928,0.368,-0.513,-0.725,-0.46,,,,-0.535,0.323,0.781,-0.017,-0.566,-0.824,,,,none
3.600648,0.068,-0.209,0.975,-0.646,-0.341,-0.682,0.166,0.046,-0.985,0.772,0.601,0.207,-0.846,0.423,-0.325,,,,-0.099,0.833,0.544,-0.196,-0.515,-0.834,,,,0.056,0.803,0.593,-0.419,-0.398,-0.816,,,,-0.046,0.926,0.376,-0.467,-0.51,-0.722,,,,-0.511,0.331,0.793,-0.139,-0.259,-0.956,,,,none
3.600767,0.062,-0.238,0.969,-0.488,-0.379,-0.786,0.168,0.097,-0.981,0.769,0.602,0.214,-0.665,0.547,-0.508,,,,-0.114,0.836,0.537,-0.157,-0.503,-0.85,,,,0.038,0.806,0.59,-0.39,-0.338,-0.857,,,,-0.064,0.926,0.373,-0.502,-0.449,-0.739,,,,-0.524,0.321,0.789,-0.218,-0.242,-0.945,,,,none
3.602067,0.075,-0.252,0.965,-0.344,-0.258,-0.903,0.15,0.099,-0.984,0.744,0.629,0.226,-0.3,0.699,-0.649,,,,-0.146,0.844,0.516,0.043,-0.514,-0.857,,,,0.0,0.815,0.58,-0.268,-0.335,-0.904,,,,-0.096,0.929,0.357,-0.382,-0.458,-0.802,,,,-0.557,0.302,0.773,-0.136,-0.102,-0.985,,,,none
3.602198,0.053,-0.282,0.958,-0.47,0.376,-0.799,0.15,0.099,-0.984,0.73,0.644,0.227,-0.785,-0.056,-0.617,,,,-0.154,0.851,0.501,0.083,-0.745,-0.662,,,,-0.013,0.823,0.568,-0.22,-0.55,-0.806,,,,-0.115,0.927,0.358,-0.319,-0.774,-0.547,,,,-0.556,0.297,0.776,0.183,-0.365,-0.913,,,,none
3.602323,0.044,-0.227,0.973,0.252,0.042,-0.967,0.168,0.12,-0.978,0.71,0.665,0.231,-0.993,-0.028,-0.114,,,,-0.173,0.854,0.49,-0.0,-0.725,-0.689,,,,-0.036,0.824,0.566,-0.248,-0.62,-0.744,,,,-0.141,0.926,0.35,-0.334,-0.836,-0.435,,,,-0.566,0.279,0.776,0.09,-0.539,-0.838,,,,none
3.602447,0.072,-0.283,0.957,0.139,-0.194,-0.971,0.175,0.084,-0.981,0.732,0.636,0.242,-0.927,-0.356,0.119,,,,-0.169,0.849,0.501,-0.112,-0.925,-0.364,,,,-0.029,0.817,0.576,-0.313,-0.819,-0.482,,,,-0.13,0.921,0.368,-0.402,-0.893,-0.201,,,,-0.56,0.277,0.781,0.084,-0.774,-0.628,,,,none
3.617552,0.088,-0.241,0.967,0.494,0.0,-0.87,0.175,0.084,-0.981,0.729,0.632,0.263,-0.789,-0.598,0.143,,,,-0.174,0.838,0.518,-0.051,-0.966,-0.254,,,,-0.027,0.806,0.591,-0.251,-0.866,-0.433,,,,-0.124,0.919,0.374,-0.346,-0.929,-0.13,,,,-0.555,0.273,0.786,0.164,-0.818,-0.552,,,,none
4.136825,0.098,-0.27,0.958,0.446,-0.079,-0.892,0.174,0.079,-0.982,0.717,0.638,0.281,-0.805,-0.566,0.179,,,,-0.191,0.835,0.515,-0.155,-0.964,-0.218,,,,-0.041,0.806,0.59,-0.269,-0.836,-0.478,,,,-0.141,0.919,0.368,-0.367,-0.903,-0.226,,,,-0.568,0.258,0.782,0.17,-0.738,-0.653,,,,none
4.139599,0.104,-0.228,0.968,-0.143,0.685,-0.714,0.174,0.079,-0.982,0.695,0.667,0.269,-0.46,-0.805,-0.374,,,,-0.211,0.857,0.47,0.408,-0.874,-0.262,,,,-0.068,0.825,0.562,0.283,-0.794,-0.538,,,,-0.156,0.925,0.346,0.19,-0.918,-0.348,,,,-0.567,0.271,0.778,0.769,-0.256,-0.586,,,,none
4.139757,0.008,-0.172,0.985,-0.453,0.768,-0.453,0.188,0.064,-0.98,0.795,0.57,0.207,-0.381,-0.858,-0.343,,,,-0.074,0.846,0.529,0.525,-0.81,-0.263,,,,0.083,0.807,0.585,0.396,-0.793,-0.463,,,,-0.011,0.927,0.375,0.43,-0.885,-0.177,,,,-0.482,0.344,0.806,0.96,-0.104,-0.259,,,,none
4.1399,0.001,-0.147,0.989,0.834,0.321,-0.449,0.188,0.064,-0.98,0.796,0.572,0.2,-0.405,-0.912,0.068,,,,-0.054,0.839,0.541,0.081,-0.967,0.242,,,,0.095,0.796,0.598,0.164,-0.986,-0.041,,,,0.0,0.919,0.395,0.0,-0.962,0.275,,,,-0.462,0.35,0.815,0.676,-0.628,-0.386,,,,none
4.140025,0.057,-0.185,0.981,0.834,0.321,-0.449,0.225,0.096,-0.97,0.768,0.599,0.226,-0.588,-0.784,-0.196,,,,-0.113,0.843,0.526,-0.0,-1.0,0.0,,,,0.034,0.802,0.596,0.077,-0.92,-0.383,,,,-0.063,0.917,0.393,-0.099,-0.99,0.099,,,,-0.494,0.317,0.81,0.398,-0.597,-0.697,,,,none
4.140165,0.05,-0.225,0.973,0.466,0.233,-0.854,0.225,0.096,-0.97,0.75,0.616,0.24,-0.824,-0.549,-0.137,,,,-0.138,0.844,0.518,-0.507,-0.845,-0.169,,,,0.003,0.806,0.592,-0.303,-0.808,-0.505,,,,-0.091,0.918,0.386,-0.577,-0.808,-0.115,,,,-0.518,0.299,0.801,-0.207,-0.518,-0.83,,,,none
4.140286,0.074,-0.239,0.968,0.705,0.083,-0.705,0.208,0.086,-0.974,0.727,0.639,0.252,-0.824,-0.567,-0.0,,,,-0.175,0.847,0.502,-0.463,-0.869,-0.174,,,,-0.035,0.813,0.581,-0.376,-0.816,-0.439,,,,-0.13,0.917,0.376,-0.503,-0.862,-0.072,,,,-0.541,0.275,0.795,-0.0,-0.707,-0.707,,,,none
4.14148,0.067,-0.228,0.971,0.705,0.083,-0.705,0.208,0.086,-0.974,0.725,0.638,0.258,-0.826,-0.563,-0.038,,,,-0.177,0.847,0.502,-0.358,-0.894,-0.268,,,,-0.038,0.812,0.582,-0.329,-0.845,-0.422,,,,-0.133,0.917,0.376,-0.404,-0.909,-0.101,,,,-0.542,0.271,0.796,0.097,-0.679,-0.728,,,,none
4.141621,0.055,-0.215,0.975,0.294,0.037,-0.955,0.251,0.079,-0.965,0.745,0.623,0.24,-0.878,-0.473,-0.068,,,,-0.144,0.847,0.512,-0.309,-0.851,-0.425,,,,-0.003,0.811,0.586,-0.311,-0.778,-0.545,,,,-0.093,0.921,0.378,-0.29,-0.912,-0.29,,,,-0.523,0.299,0.798,0.119,-0.596,-0.794,,,,none
4.141745,0.035,-0.168,0.985,0.27,0.0,-0.963,0.251,0.079,-0.965,0.775,0.592,0.22,-0.879,-0.476,-0.037,,,,-0.099,0.845,0.525,-0.314,-0.864,-0.393,,,,0.05,0.805,0.591,-0.346,-0.769,-0.538,,,,-0.046,0.921,0.388,-0.393,-0.864,-0.314,,,,-0.486,0.326,0.811,0.0,-0.606,-0.795,,,,none
4.14187,0.063,-0.173,0.983,-0.963,-0.182,-0.2,0.251,0.079,-0.965,0.777,0.584,0.236,-0.426,0.64,-0.64,,,,-0.115,0.837,0.535,-0.129,-0.043,-0.991,,,,0.035,0.795,0.606,-0.224,0.075,-0.972,,,,-0.052,0.916,0.399,-0.221,-0.088,-0.971,,,,-0.482,0.317,0.817,-0.287,0.255,-0.924,,,,none
4.14199,0.084,-0.191,0.978,-0.587,-0.522,-0.619,0.251,0.079,-0.965,0.78,0.575,0.247,-0.693,0.53,-0.489,,,,-0.104,0.825,0.555,-0.409,-0.091,-0.908,,,,0.046,0.782,0.621,-0.46,0.115,-0.881,,,,-0.042,0.907,0.42,-0.496,-0.135,-0.857,,,,-0.465,0.308,0.83,-0.443,0.136,-0.886,,,,none
4.564602,0.078,-0.183,0.98,-0.236,-0.905,-0.354,0.251,0.079,-0.965,0.795,0.551,0.255,-0.784,0.619,0.041,,,,-0.096,0.814,0.573,-0.795,0.0,-0.606,,,,0.048,0.771,0.635,-0.784,0.196,-0.588,,,,-0.044,0.896,0.442,-0.84,0.067,-0.538,,,,-0.455,0.298,0.839,-0.756,-0.197,-0.624,,,,none
4.564755,0.098,-0.149,0.984,0.16,-0.961,-0.224,0.222,0.114,-0.968,0.789,0.555,0.265,-0.67,0.67,0.32,,,,-0.126,0.81,0.572,-0.858,0.101,-0.504,,,,0.001,0.755,0.656,-0.822,0.255,-0.509,,,,-0.079,0.879,0.47,-0.847,0.163,-0.505,,,,-0.457,0.283,0.843,-0.83,-0.269,-0.488,,,,none
4.564891,0.115,-0.204,0.972,0.133,-0.979,-0.156,0.222,0.114,-0.968,0.776,0.562,0.286,-0.718,0.479,0.505,,,,-0.133,0.808,0.574,-0.871,0.171,-0.461,,,,-0.033,0.747,0.664,-0.797,0.294,-0.528,,,,-0.089,0.872,0.482,-0.872,0.196,-0.448,,,,-0.466,0.261,0.845,-0.822,-0.439,-0.363,,,,none
4.565018,0.142,-0.215,0.966,0.133,-0.979,-0.156,0.167,0.084,-0.982,0.76,0.577,0.299,-0.708,0.191,0.68,,,,-0.193,0.784,0.59,-0.917,0.027,-0.399,,,,-0.067,0.742,0.667,-0.839,0.232,-0.492,,,,-0.125,0.869,0.479,-0.938,0.155,-0.31,,,,-0.487,0.263,0.833,-0.731,-0.679,0.07,,,,none
4.565138,0.111,-0.234,0.966,0.946,-0.321,-0.054,0.167,0.084,-0.982,0.715,0.632,0.299,-0.61,-0.164,0.775,,,,-0.263,0.81,0.524,-0.912,-0.048,-0.408,,,,-0.18,0.751,0.635,-0.838,0.192,-0.511,,,,-0.27,0.848,0.456,-0.971,0.053,-0.233,,,,-0.55,0.206,0.809,-0.506,-0.85,0.147,,,,none
4.565257,0.146,-0.197,0.97,0.859,-0.177,-0.48,0.167,0.084,-0.982,0.656,0.685,0.317,-0.805,-0.585,0.098,,,,-0.344,0.784,0.517,-0.615,-0.013,-0.789,,,,-0.264,0.704,0.659,-0.606,0.239,-0.759,,,,-0.298,0.818,0.493,-0.916,0.019,-0.4,,,,-0.545,0.2,0.814,-0.149,-0.952,0.268,,,,none
4.565391,0.076,-0.235,0.969,0.242,0.554,-0.796,0.164,0.024,-0.986,0.697,0.655,0.292,-0.712,-0.58,-0.396,,,,-0.319,0.797,0.513,-0.271,-0.167,-0.948,,,,-0.255,0.713,0.653,-0.431,0.063,-0.9,,,,-0.315,0.805,0.502,-0.849,-0.131,-0.512,,,,-0.543,0.208,0.814,0.54,-0.772,0.335,,,,none
4.566322,0.068,-0.169,0.983,0.049,0.706,-0.706,0.164,0.024,-0.986,0.769,0.572,0.287,-0.726,-0.562,-0.397,,,,-0.234,0.764,0.602,0.111,-0.185,-0.976,,,,-0.173,0.668,0.724,-0.152,0.028,-0.988,,,,-0.251,0.789,0.561,-0.54,-0.335,-0.772,,,,-0.497,0.22,0.84,0.518,-0.641,-0.567,,,,none
4.566459,0.124,-0.168,0.978,0.297,0.223,-0.928,0.232,0.047,-0.971,0.802,0.533,0.269,-0.743,-0.662,-0.097,,,,-0.224,0.753,0.619,0.217,-0.573,-0.79,,,,-0.169,0.645,0.745,-0.013,-0.389,-0.921,,,,-0.206,0.761,0.615,-0.354,-0.709,-0.61,,,,-0.414,0.263,0.871,0.429,-0.704,-0.566,,,,none
4.566646,0.093,-0.128,0.987,0.021,0.267,-0.964,0.193,0.043,-0.98,0.818,0.506,0.274,-0.657,-0.719,-0.226,,,,-0.155,0.729,0.667,0.565,-0.601,-0.565,,,,-0.067,0.614,0.786,0.378,-0.558,-0.739,,,,-0.075,0.752,0.655,0.115,-0.808,-0.577,,,,-0.367,0.318,0.874,0.55,-0.468,-0.692,,,,none
4.584834,0.084,-0.192,0.978,-0.359,0.598,-0.717,0.23,0.036,-0.972,0.819,0.502,0.278,-0.565,-0.602,-0.565,,,,-0.165,0.73,0.663,0.833,-0.489,-0.259,,,,-0.077,0.622,0.779,0.836,-0.456,-0.304,,,,-0.091,0.76,0.643,0.64,-0.64,-0.426,,,,-0.382,0.319,0.867,0.63,-0.265,-0.73,,,,none
4.623555,0.072,-0.151,0.986,0.871,0.419,-0.258,0.23,0.036,-0.972,0.79,0.547,0.275,0.294,-0.956,-0.0,,,,-0.227,0.751,0.62,0.667,-0.572,0.477,,,,-0.155,0.645,0.748,0.739,-0.572,0.357,,,,-0.161,0.771,0.616,0.68,-0.626,0.381,,,,-0.4,0.304,0.865,0.681,-0.636,-0.363,,,,none
5.072151,0.084,-0.107,0.991,0.866,0.379,-0.325,0.23,0.036,-0.972,0.788,0.55,0.278,0.596,-0.745,0.298,,,,-0.242,0.76,0.603,0.527,-0.527,0.667,,,,-0.169,0.654,0.737,0.673,-0.589,0.448,,,,-0.179,0.763,0.621,0.723,-0.528,0.445,,,,-0.407,0.278,0.87,0.499,-0.666,-0.555,,,,none
5.074024,0.102,-0.145,0.984,0.0,0.196,-0.981,0.242,0.056,-0.969,0.794,0.534,0.291,0.64,-0.426,0.64,,,,-0.227,0.747,0.625,0.443,-0.487,0.753,,,,-0.147,0.642,0.752,0.655,-0.551,0.517,,,,-0.16,0.758,0.632,0.802,-0.481,0.353,,,,-0.386,0.267,0.883,0.056,-0.447,-0.893,,,,none
5.074154,0.116,-0.131,0.985,0.0,0.196,-0.981,0.236,0.046,-0.971,0.801,0.523,0.291,0.457,0.762,-0.457,,,,-0.198,0.739,0.643,0.545,-0.182,0.818,,,,-0.109,0.639,0.762,0.697,-0.398,0.597,,,,-0.106,0.764,0.636,0.852,-0.269,0.449,,,,-0.369,0.294,0.882,-0.483,-0.097,-0.87,,,,none
5.074278,0.071,-0.151,0.986,-0.609,-0.508,0.609,0.23,0.036,-0.972,0.79,0.546,0.279,0.206,0.928,-0.309,,,,-0.216,0.765,0.606,-0.408,0.816,0.408,,,,-0.131,0.67,0.73,0.241,0.402,0.884,,,,-0.135,0.791,0.597,0.609,0.426,0.669,,,,-0.408,0.296,0.864,-0.859,0.458,-0.229,,,,none
5.074399,0.063,-0.171,0.983,-0.636,-0.742,0.212,0.259,0.087,-0.962,0.762,0.589,0.269,0.039,0.972,-0.233,,,,-0.26,0.787,0.559,-0.54,0.84,-0.06,,,,-0.181,0.698,0.692,0.0,0.844,0.537,,,,-0.188,0.81,0.555,0.62,0.744,0.248,,,,-0.443,0.283,0.85,-0.768,0.512,-0.384,,,,none
5.07454,0.052,-0.178,0.983,-0.768,-0.64,-0.043,0.259,0.087,-0.962,0.772,0.575,0.271,-0.259,0.95,-0.173,,,,-0.228,0.788,0.573,-0.667,0.667,-0.333,,,,-0.147,0.701,0.697,-0.147,0.885,0.442,,,,-0.16,0.822,0.547,0.926,0.337,0.168,,,,-0.438,0.29,0.851,-0.761,0.29,-0.58,,,,none
5.074668,0.116,-0.173,0.978,-0.11,-0.988,-0.11,0.259,0.087,-0.962,0.763,0.577,0.291,-0.129,0.945,0.301,,,,-0.25,0.777,0.578,-0.85,0.458,0.261,,,,-0.165,0.689,0.705,-0.349,0.465,0.814,,,,-0.169,0.813,0.557,0.907,-0.082,0.412,,,,-0.435,0.266,0.86,-0.681,0.162,-0.714,,,,none
5.075604,0.146,-0.21,0.967,-0.52,-0.839,-0.16,0.208,0.033,-0.978,0.756,0.572,0.319,0.257,0.874,0.411,,,,-0.271,0.761,0.59,-0.207,0.518,0.83,,,,-0.184,0.673,0.716,0.683,0.256,0.683,,,,-0.184,0.801,0.57,0.949,-0.19,0.253,,,,-0.427,0.248,0.869,-0.42,0.21,-0.883,,,,none
5.075736,0.144,-0.227,0.963,-0.267,-0.802,-0.535,0.215,0.057,-0.975,0.765,0.565,0.31,0.891,-0.089,0.445,,,,-0.267,0.768,0.583,0.502,-0.223,0.836,,,,-0.179,0.683,0.708,0.78,-0.347,0.52,,,,-0.187,0.812,0.553,0.665,-0.508,0.547,,,,-0.445,0.238,0.863,0.572,-0.082,-0.816,,,,none
5.075874,0.141,-0.176,0.974,0.349,0.93,-0.116,0.17,0.034,-0.985,0.778,0.547,0.308,0.839,-0.466,0.28,,,,-0.237,0.769,0.593,0.802,-0.267,0.535,,,,-0.145,0.685,0.714,0.915,-0.286,0.286,,,,-0.146,0.816,0.559,0.671,-0.563,0.483,,,,-0.426,0.252,0.869,0.971,-0.088,-0.221,,,,none
5.094306,0.117,-0.139,0.983,0.464,0.881,-0.093,0.17,0.034,-0.985,0.795,0.526,0.303,0.678,-0.723,0.136,,,,-0.217,0.77,0.6,0.749,-0.392,0.535,,,,-0.118,0.686,0.718,0.85,-0.458,0.261,,,,-0.11,0.816,0.567,0.56,-0.684,0.467,,,,-0.403,0.266,0.875,0.967,-0.204,-0.153,,,,none
5.139779,0.117,-0.146,0.982,-0.937,0.312,-0.156,0.234,0.062,-0.97,0.798,0.525,0.297,0.862,-0.492,-0.123,,,,-0.205,0.773,0.6,0.588,-0.196,0.784,,,,-0.104,0.691,0.716,0.923,-0.231,0.308,,,,-0.101,0.82,0.563,0.655,-0.492,0.573,,,,-0.408,0.272,0.871,0.286,0.429,-0.857,,,,none
5.584787,0.127,-0.189,0.974,-0.942,-0.332,0.055,0.234,0.062,-0.97,0.781,0.545,0.305,-0.0,0.747,-0.664,,,,-0.237,0.778,0.581,-0.555,0.832,0.0,,,,-0.138,0.7,0.701,0.617,0.772,0.154,,,,-0.138,0.827,0.545,0.555,0.832,-0.0,,,,-0.441,0.248,0.863,-0.523,0.576,-0.628,,,,none
5.584924,0.148,-0.217,0.965,-0.667,-0.667,-0.333,0.234,0.062,-0.97,0.774,0.553,0.308,-0.196,0.784,-0.588,,,,-0.253,0.779,0.574,-0.688,0.229,0.688,,,,-0.168,0.699,0.695,0.784,0.196,0.588,,,,-0.157,0.824,0.544,0.885,0.147,0.442,,,,-0.442,0.245,0.863,-0.505,0.303,-0.808,,,,none
5.585051,0.101,-0.152,0.983,0.741,-0.074,-0.667,0.234,0.062,-0.97,0.788,0.54,0.296,-0.784,-0.588,0.196,,,,-0.218,0.781,0.585,-0.549,-0.768,0.329,,,,-0.119,0.707,0.698,-0.123,-0.985,0.123,,,,-0.113,0.836,0.537,-0.265,-0.927,0.265,,,,-0.436,0.266,0.86,-0.504,-0.42,-0.755,,,,none
5.585172,0.107,-0.178,0.978,-0.218,-0.873,-0.436,0.234,0.062,-0.97,0.773,0.563,0.292,-0.707,0.566,-0.424,,,,-0.234,0.794,0.562,-0.99,-0.141,-0.0,,,,-0.137,0.718,0.683,-0.6,-0.0,-0.8,,,,-0.129,0.844,0.521,-0.707,-0.0,-0.707,,,,-0.449,0.266,0.853,-0.605,0.121,-0.787,,,,none
5.585291,0.111,-0.19,0.975,-0.936,-0.187,-0.299,0.196,0.079,-0.977,0.758,0.585,0.289,-0.38,0.38,-0.844,,,,-0.26,0.801,0.54,0.13,0.391,-0.911,,,,-0.169,0.727,0.666,0.218,0.436,-0.873,,,,-0.168,0.847,0.504,0.331,0.331,-0.883,,,,-0.472,0.242,0.848,-0.288,0.54,-0.791,,,,none
5.585409,0.127,-0.194,0.973,-0.928,-0.031,-0.371,0.223,0.086,-0.971,0.785,0.542,0.299,-0.496,0.041,-0.868,,,,-0.217,0.783,0.583,0.49,-0.0,-0.872,,,,-0.127,0.71,0.693,0.464,0.093,-0.881,,,,-0.118,0.837,0.534,0.555,-0.202,-0.807,,,,-0.437,0.261,0.861,-0.076,0.415,-0.906,,,,none
5.585536,0.136,-0.128,0.982,-0.928,-0.031,-0.371,0.238,0.067,-0.969,0.797,0.522,0.303,-0.506,0.051,-0.861,,,,-0.207,0.775,0.597,0.541,-0.0,-0.841,,,,-0.098,0.699,0.709,0.6,0.0,-0.8,,,,-0.093,0.836,0.541,0.627,-0.289,-0.723,,,,-0.42,0.261,0.869,-0.102,0.375,-0.921,,,,none
5.586656,0.136,-0.18,0.974,-0.975,-0.0,-0.222,0.238,0.067,-0.969,0.788,0.531,0.312,-0.34,0.297,-0.892,,,,-0.222,0.774,0.593,0.449,0.4,-0.799,,,,-0.115,0.702,0.703,0.494,0.453,-0.742,,,,-0.109,0.839,0.532,0.752,0.1,-0.652,,,,-0.435,0.252,0.864,-0.139,0.589,-0.796,,,,none
5.586787,0.12,-0.215,0.969,-0.986,0.141,-0.094,0.231,0.128,-0.964,0.779,0.548,0.304,-0.209,0.262,-0.942,,,,-0.242,0.787,0.568,0.476,0.417,-0.774,,,,-0.143,0.719,0.68,0.618,0.412,-0.67,,,,-0.135,0.85,0.51,0.868,0.0,-0.496,,,,-0.457,0.249,0.854,-0.127,0.635,-0.762,,,,none
5.586908,0.131,-0.21,0.969,-0.738,0.422,-0.527,0.231,0.128,-0.964,0.777,0.546,0.314,-0.496,-0.0,-0.868,,,,-0.239,0.783,0.575,0.391,0.13,-0.911,,,,-0.14,0.714,0.686,0.786,0.087,-0.612,,,,-0.126,0.85,0.512,0.844,-0.537,-0.0,,,,-0.455,0.248,0.855,0.0,0.294,-0.956,,,,none
5.598356,0.136,-0.209,0.968,-0.241,0.843,-0.482,0.231,0.128,-0.964,0.773,0.552,0.313,-0.371,-0.557,-0.743,,,,-0.238,0.782,0.576,0.408,-0.816,-0.408,,,,-0.138,0.713,0.687,0.811,-0.487,-0.324,,,,-0.116,0.85,0.514,0.596,-0.681,0.426,,,,-0.454,0.252,0.855,0.14,0.14,-0.98,,,,none
5.636214,0.121,-0.221,0.968,-0.241,0.843,-0.482,0.248,0.101,-0.963,0.773,0.555,0.307,0.162,-0.973,-0.162,,,,-0.247,0.789,0.562,-0.14,-0.7,0.7,,,,-0.146,0.723,0.675,0.265,-0.927,0.265,,,,-0.127,0.858,0.498,0.173,-0.605,0.777,,,,-0.47,0.25,0.847,0.667,-0.667,-0.333,,,,none
5.6788,0.102,-0.191,0.976,0.738,0.527,-0.422,0.237,0.09,-0.967,0.772,0.561,0.299,-0.365,-0.913,0.183,,,,-0.242,0.796,0.555,-0.512,-0.768,0.384,,,,-0.139,0.732,0.667,-0.164,-0.986,-0.0,,,,-0.12,0.863,0.491,-0.226,-0.793,0.566,,,,-0.469,0.256,0.845,-0.174,-0.696,-0.696,,,,none
6.093955,0.11,-0.187,0.976,0.447,0.0,-0.894,0.238,0.067,-0.969,0.787,0.544,0.292,-0.557,-0.743,0.371,,,,-0.221,0.792,0.569,-0.535,-0.802,0.267,,,,-0.114,0.726,0.678,-0.164,-0.986,0.0,,,,-0.09,0.862,0.499,-0.248,-0.744,0.62,,,,-0.445,0.274,0.853,-0.371,-0.557,-0.743,,,,none
6.094179,0.113,-0.202,0.973,0.814,0.349,-0.465,0.258,0.097,-0.961,0.792,0.541,0.283,0.384,-0.768,0.512,,,,-0.212,0.798,0.565,-0.359,-0.359,0.862,,,,-0.106,0.73,0.675,-0.0,-0.555,0.832,,,,-0.087,0.868,0.489,-0.254,-0.254,0.933,,,,-0.449,0.277,0.849,-0.196,-0.784,0.588,,,,none
6.094303,0.104,-0.172,0.979,0.814,0.349,-0.465,0.239,0.085,-0.967,0.798,0.535,0.277,0.63,-0.709,0.315,,,,-0.2,0.798,0.569,-0.0,-0.184,0.983,,,,-0.092,0.73,0.677,0.338,-0.338,0.878,,,,-0.069,0.869,0.491,0.208,-0.138,0.968,,,,-0.441,0.288,0.85,0.312,-0.156,0.937,,,,none
6.094432,0.101,-0.215,0.971,0.352,0.704,0.616,0.255,0.1,-0.962,0.794,0.538,0.283,0.863,-0.465,0.199,,,,-0.212,0.797,0.566,0.0,0.048,0.999,,,,-0.108,0.732,0.673,0.267,-0.053,0.962,,,,-0.08,0.869,0.489,0.206,0.309,0.928,,,,-0.451,0.284,0.846,0.145,0.291,0.946,,,,none
6.094568,0.111,-0.206,0.972,0.918,0.34,0.204,0.261,0.074,-0.963,0.785,0.556,0.275,0.684,-0.57,0.456,,,,-0.222,0.805,0.55,0.0,-0.184,0.983,,,,-0.12,0.74,0.662,0.175,-0.28,0.944,,,,-0.101,0.875,0.474,0.242,0.035,0.97,,,,-0.458,0.281,0.843,0.33,-0.047,0.943,,,,none
6.094689,0.093,-0.18,0.979,0.808,0.539,0.239,0.244,0.07,-0.967,0.784,0.558,0.273,0.641,-0.712,0.285,,,,-0.217,0.807,0.549,0.151,-0.211,0.966,,,,-0.11,0.744,0.659,0.227,-0.356,0.907,,,,-0.089,0.878,0.471,0.287,0.032,0.957,,,,-0.478,0.283,0.831,0.382,0.115,0.917,,,,none
6.094808,0.086,-0.203,0.975,0.883,0.331,0.331,0.216,0.03,-0.976,0.779,0.563,0.275,0.641,-0.543,0.543,,,,-0.23,0.81,0.54,0.038,-0.189,0.981,,,,-0.132,0.745,0.654,0.185,-0.325,0.927,,,,-0.117,0.879,0.462,0.171,-0.043,0.984,,,,-0.484,0.27,0.832,0.308,-0.231,0.923,,,,none
6.095878,0.106,-0.196,0.975,0.983,0.128,-0.128,0.285,0.05,-0.957,0.783,0.56,0.273,0.323,-0.692,0.646,,,,-0.225,0.811,0.54,-0.075,-0.491,0.868,,,,-0.126,0.742,0.658,-0.0,-0.664,0.747,,,,-0.105,0.876,0.471,-0.082,-0.412,0.907,,,,-0.469,0.277,0.839,0.267,-0.802,0.535,,,,none
6.09601,0.099,-0.166,0.981,0.905,0.236,-0.354,0.252,0.039,-0.967,0.809,0.53,0.252,0.14,-0.734,0.664,,,,-0.177,0.809,0.56,-0.154,-0.617,0.772,,,,-0.075,0.74,0.669,-0.127,-0.762,0.635,,,,-0.055,0.877,0.478,-0.204,-0.543,0.815,,,,-0.44,0.305,0.844,0.315,-0.81,0.495,,,,none
6.100713,0.086,-0.151,0.985,0.963,0.168,-0.209,0.261,-0.018,-0.965,0.837,0.498,0.226,0.104,-0.695,0.712,,,,-0.134,0.809,0.573,-0.252,-0.605,0.756,,,,-0.065,0.726,0.685,-0.405,-0.725,0.557,,,,-0.062,0.853,0.518,-0.623,-0.447,0.642,,,,-0.412,0.33,0.849,0.256,-0.749,0.611,,,,none
6.145597,0.098,-0.124,0.987,0.963,0.168,-0.209,0.253,0.007,-0.967,0.832,0.514,0.207,0.025,-0.751,0.659,,,,-0.164,0.798,0.579,-0.37,-0.638,0.675,,,,-0.124,0.711,0.692,-0.564,-0.715,0.414,,,,-0.134,0.804,0.579,-0.971,-0.222,0.092,,,,-0.391,0.333,0.858,0.234,-0.773,0.59,,,,none
6.18471,0.09,-0.064,0.994,0.982,0.13,-0.136,0.286,-0.055,-0.957,0.823,0.525,0.218,-0.162,-0.875,0.456,,,,-0.169,0.786,0.595,-0.533,-0.747,0.397,,,,-0.121,0.709,0.695,-0.759,-0.645,-0.091,,,,-0.146,0.796,0.587,-0.967,-0.162,-0.194,,,,-0.282,0.405,0.87,0.18,-0.671,0.719,,,,none
6.603843,0.035,0.159,0.987,0.977,0.187,-0.103,0.256,-0.191,-0.948,0.883,0.454,0.115,-0.298,-0.911,0.285,,,,-0.038,0.798,0.602,-0.542,-0.804,0.244,,,,0.054,0.692,0.719,-0.676,-0.659,-0.329,,,,-0.014,0.85,0.526,-0.943,-0.214,-0.254,,,,-0.283,0.395,0.874,0.05,-0.573,0.818,,,,none
6.604047,0.022,0.198,0.98,0.945,0.306,-0.111,0.294,-0.229,-0.928,0.881,0.464,0.089,-0.438,-0.891,-0.118,,,,-0.03,0.775,0.631,-0.544,-0.828,-0.136,,,,0.058,0.667,0.743,-0.557,-0.438,-0.706,,,,0.031,0.755,0.655,-0.877,-0.252,-0.41,,,,-0.192,0.444,0.875,-0.128,-0.35,0.928,,,,none
6.604188,0.001,0.14,0.99,0.846,0.533,0.012,0.305,-0.265,-0.915,0.917,0.399,0.031,-0.451,-0.883,-0.13,,,,0.073,0.752,0.655,-0.589,-0.807,0.047,,,,0.151,0.631,0.761,-0.55,-0.629,-0.55,,,,0.041,0.689,0.723,-0.815,-0.449,-0.366,,,,-0.233,0.402,0.886,-0.348,-0.348,0.87,,,,none
6.604327,0.004,0.181,0.984,0.992,0.126,0.013,0.305,-0.265,-0.915,0.895,0.445,0.032,-0.273,-0.962,0.016,,,,0.014,0.76,0.65,-0.414,-0.828,0.378,,,,0.068,0.636,0.769,-0.322,-0.945,-0.064,,,,0.045,0.65,0.759,-0.736,-0.613,-0.286,,,,-0.189,0.396,0.899,-0.523,-0.36,0.772,,,,none
6.604456,0.001,0.202,0.979,0.992,0.126,0.013,0.326,-0.326,-0.887,0.888,0.459,0.031,-0.132,-0.987,0.088,,,,0.015,0.756,0.655,-0.443,-0.802,0.401,,,,0.075,0.63,0.773,-0.332,-0.94,-0.083,,,,0.027,0.63,0.776,-0.629,-0.774,-0.073,,,,-0.177,0.373,0.911,-0.689,-0.344,0.638,,,,none
6.604593,-0.003,0.184,0.983,0.989,-0.138,-0.059,0.295,-0.362,-0.884,0.9,0.436,0.005,-0.025,-0.868,0.496,,,,0.034,0.752,0.659,-0.401,-0.802,0.443,,,,0.066,0.634,0.771,-0.24,-0.961,0.134,,,,-0.007,0.637,0.771,-0.297,-0.915,0.272,,,,-0.175,0.356,0.918,-0.73,-0.472,0.494,,,,none
6.604716,0.001,0.198,0.98,0.989,-0.113,-0.097,0.306,-0.362,-0.881,0.912,0.408,-0.033,0.033,-0.618,0.785,,,,0.059,0.753,0.655,-0.373,-0.793,0.482,,,,0.061,0.649,0.759,-0.246,-0.933,0.262,,,,-0.022,0.657,0.753,-0.289,-0.897,0.334,,,,-0.147,0.352,0.925,-0.625,-0.684,0.377,,,,none
6.605891,0.024,0.279,0.96,0.968,-0.227,-0.105,0.306,-0.362,-0.881,0.92,0.39,-0.027,0.148,-0.434,0.889,,,,0.088,0.736,0.671,-0.377,-0.681,0.628,,,,0.104,0.626,0.773,-0.245,-0.867,0.434,,,,0.023,0.635,0.772,-0.287,-0.894,0.344,,,,-0.131,0.305,0.943,-0.535,-0.832,0.144,,,,none
6.60603,0.047,0.344,0.938,0.847,-0.476,-0.238,0.307,-0.456,-0.835,0.925,0.379,-0.007,0.149,-0.235,0.96,,,,0.104,0.718,0.688,-0.376,-0.638,0.672,,,,0.155,0.598,0.787,-0.247,-0.854,0.458,,,,0.097,0.608,0.788,-0.329,-0.918,0.219,,,,-0.037,0.283,0.958,-0.504,-0.857,-0.111,,,,none
6.616229,0.068,0.363,0.929,0.811,-0.546,-0.21,0.307,-0.456,-0.835,0.943,0.33,-0.047,0.152,-0.176,0.973,,,,0.167,0.697,0.698,-0.315,-0.555,0.77,,,,0.22,0.573,0.789,-0.226,-0.753,0.618,,,,0.155,0.58,0.8,-0.321,-0.909,0.267,,,,0.034,0.27,0.962,-0.469,-0.84,-0.272,,,,none
6.658536,0.085,0.388,0.918,0.949,-0.233,-0.215,0.307,-0.456,-0.835,0.964,0.253,-0.079,0.296,-0.268,0.917,,,,0.225,0.669,0.708,-0.217,-0.557,0.802,,,,0.284,0.554,0.782,-0.014,-0.721,0.693,,,,0.206,0.569,0.796,-0.037,-0.905,0.425,,,,0.077,0.268,0.96,-0.252,-0.946,-0.205,,,,none
6.700167,0.054,0.428,0.902,0.979,-0.128,-0.16,0.307,-0.456,-0.835,0.965,0.251,-0.079,0.41,-0.293,0.864,,,,0.256,0.677,0.69,-0.141,-0.513,0.847,,,,0.303,0.567,0.766,0.096,-0.622,0.777,,,,0.245,0.581,0.776,0.168,-0.791,0.589,,,,0.111,0.274,0.955,-0.122,-0.974,-0.191,,,,none
7.114274,0.057,0.467,0.882,0.976,-0.13,-0.174,0.254,-0.563,-0.786,0.968,0.229,-0.1,0.556,-0.171,0.813,,,,0.277,0.673,0.686,0.033,-0.4,0.916,,,,0.342,0.565,0.751,0.249,-0.482,0.84,,,,0.293,0.586,0.755,0.551,-0.472,0.688,,,,0.148,0.285,0.947,0.03,-0.954,-0.298,,,,none
7.114416,0.062,0.44,0.896,0.986,0.164,-0.041,0.261,-0.582,-0.77,0.976,0.173,-0.131,0.682,-0.264,0.682,,,,0.321,0.651,0.688,0.082,-0.33,0.94,,,,0.352,0.565,0.746,0.29,-0.428,0.856,,,,0.283,0.603,0.746,0.63,-0.315,0.709,,,,0.141,0.292,0.946,0.325,-0.943,0.065,,,,none
7.114555,0.029,0.437,0.899,0.943,0.333,-0.028,0.261,-0.582,-0.77,0.981,0.136,-0.142,0.639,-0.38,0.669,,,,0.353,0.64,0.682,-0.024,-0.369,0.929,,,,0.398,0.556,0.73,0.2,-0.484,0.852,,,,0.271,0.629,0.729,0.49,-0.386,0.782,,,,0.119,0.304,0.945,0.278,-0.874,0.397,,,,none
7.114678,0.047,0.465,0.884,0.976,0.199,0.084,0.295,-0.6,-0.744,0.979,0.126,-0.163,0.573,-0.419,0.705,,,,0.375,0.637,0.673,-0.117,-0.386,0.915,,,,0.398,0.56,0.727,0.085,-0.513,0.854,,,,0.264,0.625,0.735,0.446,-0.413,0.794,,,,0.136,0.304,0.943,0.178,-0.864,0.47,,,,none
7.114799,0.037,0.516,0.856,0.983,0.175,0.055,0.295,-0.6,-0.744,0.978,0.164,-0.127,0.454,-0.481,0.75,,,,0.349,0.658,0.667,-0.196,-0.445,0.874,,,,0.399,0.567,0.72,0.0,-0.591,0.806,,,,0.304,0.646,0.7,0.157,-0.575,0.803,,,,0.156,0.288,0.945,0.05,-0.901,0.431,,,,none
7.114934,0.043,0.555,0.831,0.985,0.131,0.109,0.295,-0.6,-0.744,0.979,0.171,-0.115,0.53,-0.43,0.731,,,,0.345,0.648,0.679,-0.232,-0.408,0.883,,,,0.418,0.55,0.723,-0.035,-0.56,0.828,,,,0.364,0.63,0.686,0.041,-0.516,0.856,,,,0.227,0.294,0.929,-0.033,-0.87,0.492,,,,none
7.115054,0.052,0.537,0.842,0.95,0.044,0.309,0.295,-0.6,-0.744,0.98,0.054,-0.191,0.568,-0.276,0.775,,,,0.444,0.593,0.671,-0.347,-0.305,0.887,,,,0.491,0.517,0.701,-0.157,-0.442,0.883,,,,0.385,0.623,0.681,-0.132,-0.396,0.909,,,,0.207,0.293,0.933,-0.138,-0.848,0.512,,,,none
7.11597,0.028,0.602,0.798,0.996,-0.026,0.091,0.291,-0.705,-0.647,0.979,0.054,-0.198,0.612,-0.326,0.721,,,,0.459,0.59,0.664,-0.343,-0.367,0.864,,,,0.51,0.508,0.694,-0.188,-0.527,0.829,,,,0.417,0.613,0.671,-0.027,-0.516,0.856,,,,0.259,0.286,0.922,-0.132,-0.893,0.43,,,,none
7.116094,0.05,0.624,0.78,0.988,0.054,0.144,0.291,-0.705,-0.647,0.982,0.077,-0.17,0.676,-0.295,0.676,,,,0.463,0.583,0.667,-0.376,-0.349,0.859,,,,0.528,0.493,0.691,-0.229,-0.486,0.843,,,,0.466,0.59,0.66,-0.199,-0.398,0.896,,,,0.306,0.286,0.908,-0.148,-0.823,0.549,,,,none
7.129387,0.042,0.597,0.801,0.967,0.171,0.19,0.288,-0.763,-0.579,0.976,0.042,-0.212,0.506,-0.557,0.658,,,,0.486,0.577,0.656,-0.3,-0.466,0.832,,,,0.546,0.494,0.676,-0.236,-0.607,0.759,,,,0.445,0.605,0.661,-0.231,-0.443,0.866,,,,0.268,0.277,0.923,-0.026,-0.768,0.64,,,,none
7.167997,0.033,0.634,0.772,0.974,0.202,-0.101,0.288,-0.763,-0.579,0.977,0.034,-0.21,0.233,-0.699,0.676,,,,0.506,0.562,0.654,-0.151,-0.62,0.77,,,,0.569,0.476,0.67,-0.051,-0.747,0.662,,,,0.47,0.589,0.658,-0.036,-0.67,0.742,,,,0.306,0.269,0.913,0.113,-0.926,0.361,,,,none
7.212986,0.016,0.686,0.727,0.902,0.318,-0.292,0.288,-0.763,-0.579,0.978,0.054,-0.2,-0.257,-0.899,0.353,,,,0.504,0.564,0.654,-0.045,-0.81,0.585,,,,0.569,0.475,0.671,0.108,-0.919,0.379,,,,0.503,0.577,0.643,0.241,-0.843,0.482,,,,0.367,0.276,0.888,0.447,-0.894,-0.0,,,,none
7.621299,0.027,0.65,0.759,-0.89,0.413,-0.191,0.288,-0.763,-0.579,0.97,-0.018,-0.244,-0.672,-0.471,-0.571,,,,0.563,0.512,0.648,0.537,-0.835,-0.119,,,,0.627,0.432,0.648,0.532,-0.599,-0.599,,,,0.546,0.553,0.629,0.743,-0.371,-0.557,,,,0.358,0.306,0.882,0.573,0.744,-0.344,,,,none
7.624012,0.016,0.631,0.776,-0.597,0.796,-0.1,0.288,-0.763,-0.579,0.965,-0.038,-0.261,-0.426,-0.659,-0.62,,,,0.579,0.507,0.638,0.463,-0.793,0.396,,,,0.63,0.437,0.642,0.612,-0.786,-0.087,,,,0.519,0.576,0.632,0.625,-0.625,0.469,,,,0.309,0.308,0.9,0.63,0.709,0.315,,,,none
7.62414,0.008,0.635,0.773,0.885,0.464,0.042,0.288,-0.763,-0.579,0.961,-0.047,-0.272,0.148,-0.984,0.098,,,,0.591,0.503,0.63,-0.0,-0.578,0.816,,,,0.631,0.439,0.639,0.081,-0.725,0.684,,,,0.499,0.59,0.634,-0.084,-0.543,0.836,,,,0.298,0.312,0.902,0.245,-0.552,0.797,,,,none
7.624267,0.017,0.634,0.773,0.979,0.206,0.0,0.289,-0.786,-0.546,0.96,-0.038,-0.278,0.435,-0.741,0.511,,,,0.597,0.507,0.622,-0.111,-0.517,0.849,,,,0.644,0.437,0.628,0.0,-0.656,0.755,,,,0.531,0.574,0.623,-0.109,-0.586,0.803,,,,0.312,0.306,0.899,0.079,-0.813,0.577,,,,none
7.624392,0.004,0.669,0.743,0.961,0.275,-0.034,0.321,-0.766,-0.557,0.961,0.009,-0.275,0.404,-0.786,0.468,,,,0.57,0.538,0.621,-0.103,-0.583,0.806,,,,0.625,0.462,0.63,0.018,-0.716,0.698,,,,0.53,0.579,0.619,-0.102,-0.672,0.733,,,,0.343,0.307,0.888,0.115,-0.808,0.577,,,,none
7.624534,-0.026,0.71,0.703,0.937,0.336,-0.096,0.309,-0.805,-0.506,0.968,0.084,-0.238,-0.235,-0.966,-0.104,,,,0.502,0.576,0.646,-0.268,-0.894,0.358,,,,0.555,0.505,0.662,-0.322,-0.828,-0.46,,,,0.518,0.585,0.624,-0.769,-0.633,0.09,,,,0.41,0.318,0.855,0.053,-0.529,0.847,,,,none
7.624661,0.023,0.751,0.659,-0.955,0.281,0.098,0.333,-0.809,-0.484,0.899,0.412,-0.146,-0.793,-0.149,-0.59,,,,0.2,0.747,0.634,-0.136,0.141,-0.981,,,,0.38,0.6,0.704,-0.173,0.31,-0.935,,,,0.581,0.513,0.632,-0.602,0.571,-0.558,,,,0.648,0.31,0.696,-0.129,0.923,0.362,,,,none
7.625417,-0.017,0.665,0.747,-0.961,0.263,0.089,0.361,-0.722,-0.591,0.925,0.294,-0.24,-0.715,0.087,-0.694,,,,0.491,0.636,0.595,-0.002,0.286,-0.958,,,,0.617,0.479,0.624,-0.123,0.485,-0.866,,,,0.664,0.463,0.587,-0.411,0.785,-0.463,,,,0.443,0.305,0.843,-0.015,0.919,0.394,,,,none
7.625554,-0.047,0.542,0.839,-0.99,0.121,0.07,0.405,-0.624,-0.669,0.941,0.243,-0.237,-0.594,0.332,-0.733,,,,0.474,0.611,0.635,0.07,0.461,-0.884,,,,0.553,0.491,0.673,-0.046,0.629,-0.776,,,,0.423,0.551,0.719,-0.081,0.846,-0.527,,,,0.179,0.3,0.937,0.035,0.989,0.14,,,,none
7.634327,-0.007,0.377,0.926,-0.996,0.086,0.004,0.359,-0.519,-0.776,0.931,0.238,-0.276,-0.433,0.459,-0.776,,,,0.396,0.647,0.652,0.158,0.586,-0.794,,,,0.401,0.557,0.728,0.035,0.748,-0.663,,,,0.114,0.609,0.785,0.063,0.826,-0.561,,,,-0.015,0.302,0.953,0.082,0.996,0.039,,,,none
7.67278,-0.031,0.165,0.986,-0.992,0.127,-0.029,0.359,-0.519,-0.776,0.925,0.227,-0.304,-0.162,0.456,-0.875,,,,0.35,0.675,0.649,0.358,0.673,-0.647,,,,0.263,0.617,0.742,0.291,0.78,-0.553,,,,-0.016,0.646,0.763,0.326,0.693,-0.643,,,,-0.098,0.305,0.947,0.156,0.988,0.024,,,,none
7.715654,-0.045,0.245,0.968,-0.962,0.133,-0.237,0.359,-0.519,-0.776,0.912,0.304,-0.275,0.907,0.172,-0.383,,,,0.287,0.746,0.601,0.729,0.359,0.583,,,,0.33,0.671,0.664,0.772,0.008,0.636,,,,0.257,0.726,0.638,0.989,-0.135,0.067,,,,-0.22,0.304,0.927,0.58,0.724,-0.374,,,,none
7.96485,-0.101,0.217,0.971,-0.9,-0.123,-0.419,0.378,-0.386,-0.842,0.881,0.363,-0.302,0.98,0.059,0.192,,,,0.345,0.779,0.524,0.398,-0.112,0.911,,,,0.356,0.698,0.621,0.6,-0.342,0.723,,,,0.124,0.785,0.607,0.931,-0.234,0.282,,,,-0.259,0.388,0.884,0.683,0.194,-0.705,,,,none
7.966508,-0.063,0.235,0.97,-0.323,-0.702,-0.635,0.378,-0.386,-0.842,0.859,0.41,-0.307,0.962,0.072,0.264,,,,0.433,0.777,0.457,0.349,-0.232,0.908,,,,0.566,0.646,0.513,0.487,-0.401,0.776,,,,0.339,0.79,0.511,0.899,-0.278,0.339,,,,-0.243,0.488,0.838,0.667,0.02,-0.745,,,,none
7.966639,-0.007,0.215,0.977,0.089,-0.859,-0.504,0.351,-0.351,-0.868,0.882,0.328,-0.337,0.959,0.116,0.26,,,,0.532,0.765,0.363,0.428,-0.189,0.884,,,,0.658,0.654,0.373,0.534,-0.284,0.796,,,,0.566,0.73,0.384,0.816,-0.248,0.523,,,,-0.159,0.593,0.789,0.627,-0.082,-0.775,,,,none
7.966765,0.09,0.309,0.947,0.334,-0.808,-0.485,0.324,-0.369,-0.871,0.899,0.378,-0.222,0.988,0.127,0.082,,,,0.392,0.833,0.391,0.569,-0.149,0.809,,,,0.419,0.78,0.464,0.666,-0.175,0.725,,,,0.428,0.83,0.357,0.798,-0.084,0.597,,,,-0.139,0.705,0.695,0.663,-0.045,-0.747,,,,none
7.966888,-0.007,0.343,0.939,-0.543,-0.751,0.376,0.324,-0.369,-0.871,0.924,0.33,-0.193,0.959,0.233,-0.164,,,,0.434,0.808,0.398,0.72,0.012,0.693,,,,0.503,0.748,0.434,0.803,0.004,0.596,,,,0.391,0.865,0.315,0.833,0.16,0.529,,,,-0.198,0.709,0.677,0.663,0.003,-0.748,,,,none
7.979661,0.075,0.126,0.989,-0.746,-0.644,0.17,0.267,-0.369,-0.89,0.961,0.171,-0.219,0.872,0.36,-0.331,,,,0.585,0.727,0.359,0.762,0.261,0.593,,,,0.6,0.697,0.394,0.845,0.232,0.482,,,,0.442,0.862,0.248,0.774,0.438,0.457,,,,-0.416,0.67,0.615,0.718,-0.138,-0.683,,,,none
8.023723,0.072,0.26,0.963,0.287,-0.635,0.717,0.263,-0.375,-0.889,0.947,0.201,-0.25,0.734,0.45,-0.509,,,,0.671,0.698,0.25,0.739,0.451,0.501,,,,0.711,0.661,0.238,0.861,0.282,0.423,,,,0.516,0.847,0.129,0.731,0.552,0.401,,,,-0.534,0.64,0.553,0.629,-0.147,-0.763,,,,none
8.062716,0.071,0.272,0.96,0.287,-0.635,0.717,0.219,-0.405,-0.888,0.931,0.189,-0.312,0.621,0.366,-0.693,,,,0.69,0.702,0.175,0.81,0.514,0.281,,,,0.728,0.672,0.133,0.947,0.118,0.299,,,,0.524,0.85,0.051,0.882,0.313,0.352,,,,-0.491,0.717,0.495,0.462,-0.137,-0.876,,,,none
8.105471,0.09,0.169,0.982,-0.811,-0.46,0.363,0.199,-0.34,-0.919,0.928,0.135,-0.347,0.836,0.225,-0.501,,,,0.757,0.64,0.131,0.829,0.463,0.312,,,,0.751,0.65,0.115,0.944,0.101,0.313,,,,0.545,0.838,0.015,0.914,0.21,0.346,,,,-0.45,0.753,0.48,0.341,-0.169,-0.925,,,,none
8.64498,0.114,0.24,0.964,-0.687,-0.344,0.64,0.166,-0.363,-0.917,0.91,0.265,-0.319,0.879,0.16,-0.449,,,,0.685,0.719,0.115,0.834,0.506,0.219,,,,0.668,0.731,0.138,0.96,0.106,0.259,,,,0.497,0.868,-0.012,0.959,0.039,0.281,,,,-0.573,0.669,0.474,0.091,-0.069,-0.993,,,,none
8.645137,0.148,0.111,0.983,-0.778,-0.322,0.54,0.164,-0.324,-0.932,0.949,0.247,-0.195,0.897,0.143,-0.419,,,,0.631,0.735,0.248,0.837,0.508,0.205,,,,0.661,0.723,0.202,0.963,0.18,0.202,,,,0.468,0.883,0.026,0.986,0.029,0.167,,,,-0.632,0.597,0.494,-0.178,-0.037,-0.983,,,,none
8.645273,0.186,0.111,0.976,-0.665,-0.34,0.665,0.099,-0.347,-0.933,0.951,0.272,-0.147,0.628,0.162,-0.761,,,,0.636,0.728,0.256,0.881,0.324,-0.344,,,,0.708,0.697,0.118,0.982,-0.091,0.168,,,,0.506,0.859,-0.083,0.995,-0.02,-0.099,,,,-0.679,0.541,0.497,-0.762,-0.112,-0.637,,,,none
8.645399,0.191,0.096,0.977,-0.784,0.015,0.621,0.099,-0.347,-0.933,0.934,0.292,-0.208,-0.069,-0.092,-0.993,,,,0.604,0.766,0.218,0.445,0.178,-0.878,,,,0.653,0.735,0.183,0.418,0.358,-0.835,,,,0.46,0.888,-0.011,0.268,0.117,-0.956,,,,-0.682,0.504,0.53,-0.936,-0.022,-0.352,,,,none
8.645542,0.176,0.101,0.979,-0.818,0.182,0.545,0.099,-0.347,-0.933,0.893,0.441,-0.085,-0.858,-0.151,-0.491,,,,0.363,0.877,0.315,-0.422,-0.334,-0.843,,,,0.443,0.827,0.345,-0.546,0.092,-0.833,,,,0.299,0.946,0.124,-0.582,0.101,-0.807,,,,-0.622,0.536,0.572,-0.996,0.054,0.068,,,,none
8.645681,0.255,0.012,0.967,-0.476,0.877,0.065,0.099,-0.347,-0.933,0.666,0.74,0.093,-0.972,-0.23,-0.053,,,,0.075,0.926,0.37,-0.631,-0.274,-0.726,,,,0.212,0.86,0.465,-0.713,0.053,-0.699,,,,0.327,0.944,0.036,-0.677,0.148,-0.721,,,,-0.562,0.674,0.479,-0.536,0.559,0.633,,,,none
8.645804,0.213,0.094,0.972,-0.205,0.978,0.042,0.148,-0.185,-0.972,0.668,0.569,-0.48,-0.944,-0.271,-0.189,,,,0.266,0.964,0.023,-0.653,-0.147,-0.743,,,,0.345,0.938,0.032,-0.76,0.017,-0.649,,,,0.457,0.89,-0.01,-0.633,0.067,-0.772,,,,-0.849,0.389,0.358,-0.271,0.805,0.527,,,,none
8.64692,-0.102,-0.021,0.995,-0.342,0.935,0.097,0.254,-0.162,-0.953,0.783,0.468,-0.411,-0.878,-0.271,-0.396,,,,0.405,0.908,0.107,-0.389,0.07,-0.918,,,,0.532,0.838,0.123,-0.614,0.119,-0.78,,,,0.231,0.97,0.07,-0.719,0.111,-0.686,,,,-0.845,0.387,0.37,-0.097,0.911,0.4,,,,none
8.647051,-0.169,-0.09,0.982,-0.472,0.882,0.009,0.387,-0.063,-0.92,0.825,0.521,-0.218,-0.89,-0.242,-0.387,,,,0.319,0.877,0.359,-0.254,0.188,-0.949,,,,0.442,0.822,0.358,-0.515,0.316,-0.797,,,,0.289,0.954,0.081,-0.76,0.006,-0.649,,,,-0.775,0.505,0.379,0.008,0.938,0.346,,,,none
8.647177,-0.138,-0.008,0.99,-0.472,0.882,0.009,0.471,-0.012,-0.882,0.808,0.583,-0.081,-0.919,-0.147,-0.365,,,,0.064,0.865,0.497,-0.228,0.285,-0.931,,,,0.321,0.785,0.53,-0.422,0.435,-0.795,,,,0.406,0.912,-0.053,0.03,-0.15,-0.988,,,,-0.744,0.574,0.342,-0.01,0.931,0.364,,,,none
8.647315,-0.172,-0.034,0.984,-0.663,0.715,0.221,0.485,-0.028,-0.874,0.798,0.601,-0.052,-0.921,0.116,-0.372,,,,-0.001,0.838,0.545,-0.237,0.434,-0.869,,,,0.194,0.751,0.631,-0.356,0.573,-0.738,,,,0.358,0.934,0.015,0.987,0.06,0.151,,,,-0.713,0.607,0.352,-0.366,0.826,0.429,,,,none
8.647439,-0.162,-0.095,0.982,-0.555,0.619,0.555,0.527,0.022,-0.85,0.771,0.636,-0.022,-0.898,0.223,-0.381,,,,-0.091,0.851,0.518,-0.248,0.511,-0.823,,,,0.05,0.783,0.62,-0.344,0.646,-0.682,,,,0.22,0.951,0.218,0.945,0.2,0.258,,,,-0.732,0.602,0.319,-0.471,0.672,0.572,,,,none
8.659459,-0.165,-0.098,0.981,-0.228,0.751,0.62,0.523,0.02,-0.852,0.756,0.655,-0.002,-0.84,0.32,-0.438,,,,-0.261,0.823,0.505,-0.187,0.583,-0.791,,,,-0.07,0.762,0.644,-0.21,0.747,-0.63,,,,0.167,0.972,0.163,0.877,0.392,0.28,,,,-0.768,0.563,0.304,-0.531,0.531,0.66,,,,none
8.695914,-0.174,-0.09,0.981,-0.125,0.832,0.541,0.523,0.02,-0.852,0.727,0.685,0.042,-0.699,0.492,-0.518,,,,-0.344,0.801,0.489,0.0,0.585,-0.811,,,,-0.134,0.758,0.639,0.298,0.596,-0.745,,,,0.142,0.981,0.133,0.87,0.49,-0.054,,,,-0.769,0.57,0.291,-0.579,0.486,0.654,,,,none
8.736792,-0.189,-0.116,0.975,-0.301,0.952,0.05,0.52,0.039,-0.853,0.709,0.702,0.063,0.688,-0.229,-0.688,,,,-0.373,0.785,0.494,0.671,0.067,-0.738,,,,-0.14,0.749,0.647,0.548,-0.712,-0.438,,,,0.187,0.98,0.073,-0.725,-0.645,-0.242,,,,-0.768,0.572,0.289,-0.524,0.28,0.804,,,,none
9.154052,-0.177,-0.07,0.982,0.707,0.424,-0.566,0.536,0.014,-0.844,0.714,0.695,0.079,0.337,-0.842,-0.421,,,,-0.332,0.781,0.529,0.958,-0.239,-0.16,,,,-0.068,0.741,0.668,0.64,-0.64,-0.426,,,,0.245,0.965,0.09,-0.483,-0.87,-0.097,,,,-0.724,0.627,0.286,-0.667,-0.074,0.741,,,,none
9.155057,-0.194,-0.078,0.978,0.789,0.614,-0.0,0.535,0.003,-0.845,0.734,0.675,0.075,0.762,-0.645,0.059,,,,-0.322,0.783,0.533,0.246,-0.394,0.886,,,,-0.065,0.74,0.67,0.426,-0.798,0.426,,,,0.234,0.965,0.115,-0.616,-0.352,0.704,,,,-0.707,0.637,0.308,-0.571,-0.26,0.779,,,,none
9.155211,-0.194,-0.071,0.978,0.99,0.141,0.0,0.544,0.007,-0.839,0.62,0.758,0.201,-0.918,-0.178,0.355,,,,-0.325,0.797,0.509,-0.022,-0.42,0.907,,,,-0.075,0.759,0.647,0.187,-0.721,0.667,,,,0.209,0.97,0.124,-0.944,-0.175,0.28,,,,-0.688,0.637,0.347,-0.701,-0.39,0.597,,,,none
9.155341,-0.191,-0.096,0.977,0.99,0.141,0.0,0.501,-0.014,-0.865,0.765,0.64,0.076,-0.967,-0.103,0.232,,,,-0.314,0.797,0.516,-0.052,-0.557,0.829,,,,-0.081,0.764,0.64,0.131,-0.787,0.603,,,,0.198,0.971,0.131,-0.901,-0.367,0.233,,,,-0.649,0.663,0.373,-0.664,-0.476,0.576,,,,none
9.155473,-0.18,0.03,0.983,0.614,-0.76,-0.213,0.501,-0.014,-0.865,0.721,0.682,0.123,-0.99,0.116,0.077,,,,-0.302,0.798,0.521,-0.16,-0.599,0.785,,,,-0.004,0.767,0.642,0.126,-0.778,0.615,,,,0.201,0.973,0.113,-0.939,-0.341,-0.049,,,,-0.701,0.625,0.342,-0.804,-0.425,0.416,,,,none
9.15563,-0.138,-0.087,0.987,-0.255,-0.942,-0.217,0.527,-0.028,-0.85,0.733,0.668,0.126,-0.94,0.124,0.318,,,,-0.227,0.813,0.536,-0.304,-0.528,0.793,,,,0.086,0.764,0.64,0.119,-0.678,0.725,,,,0.289,0.952,0.098,-0.806,-0.588,0.067,,,,-0.564,0.699,0.44,-0.864,-0.275,0.422,,,,none
9.155754,-0.076,-0.045,0.996,0.259,-0.95,-0.173,0.527,-0.028,-0.85,0.747,0.641,0.177,-0.978,-0.057,0.199,,,,-0.201,0.819,0.538,-0.214,-0.562,0.799,,,,0.141,0.78,0.609,0.261,-0.616,0.743,,,,0.303,0.943,0.14,-0.661,-0.618,0.426,,,,-0.591,0.695,0.411,-0.817,-0.135,0.561,,,,none
9.156564,-0.073,-0.021,0.997,-0.395,-0.913,0.099,0.527,-0.028,-0.85,0.752,0.611,0.248,-0.992,0.128,-0.01,,,,-0.192,0.81,0.555,-0.182,-0.44,0.879,,,,0.19,0.777,0.6,0.467,-0.489,0.737,,,,0.328,0.941,0.088,-0.0,-0.707,0.707,,,,-0.561,0.695,0.449,-0.81,0.051,0.584,,,,none
9.156698,-0.065,-0.046,0.997,-0.395,-0.913,0.099,0.396,-0.03,-0.918,0.767,0.596,0.239,-0.951,0.304,0.049,,,,-0.13,0.811,0.571,-0.209,-0.262,0.942,,,,0.167,0.768,0.618,0.52,-0.373,0.769,,,,0.338,0.934,0.118,0.607,-0.29,0.739,,,,-0.506,0.704,0.499,-0.745,0.199,0.636,,,,none
9.166363,-0.05,-0.044,0.998,-0.486,-0.741,0.463,0.39,-0.011,-0.921,0.74,0.603,0.298,-0.979,0.204,-0.031,,,,-0.164,0.809,0.565,-0.284,-0.158,0.946,,,,0.215,0.798,0.563,0.486,-0.193,0.853,,,,0.437,0.837,-0.331,0.914,-0.177,0.364,,,,-0.42,0.703,0.574,-0.657,0.312,0.686,,,,none
9.211244,-0.042,-0.086,0.995,-0.769,-0.488,0.414,0.368,-0.046,-0.929,0.756,0.566,0.329,-0.896,0.435,-0.085,,,,-0.178,0.802,0.57,-0.839,0.544,-0.023,,,,0.346,0.819,0.457,0.576,-0.082,0.813,,,,0.341,0.928,-0.15,0.933,-0.17,0.318,,,,-0.491,0.648,0.582,-0.656,0.348,0.67,,,,none
9.250952,-0.055,-0.131,0.99,-0.732,-0.517,0.445,0.361,0.024,-0.932,0.76,0.546,0.353,-0.798,0.549,0.249,,,,-0.097,0.809,0.58,-0.785,0.611,0.105,,,,0.356,0.848,0.394,0.688,-0.174,0.705,,,,0.357,0.913,-0.199,0.93,-0.162,0.331,,,,-0.703,0.507,0.498,-0.76,0.458,0.462,,,,none
9.665047,-0.011,-0.105,0.994,-0.477,-0.879,-0.011,0.284,0.005,-0.959,0.799,0.474,0.37,-0.381,0.555,0.74,,,,-0.08,0.771,0.632,-0.742,0.519,0.424,,,,0.237,0.801,0.55,0.636,0.064,0.769,,,,0.115,0.976,-0.184,0.77,-0.083,-0.633,,,,-0.797,0.469,0.38,0.128,0.138,-0.982,,,,none
9.665204,0.099,-0.124,0.987,-0.604,-0.79,0.108,0.284,0.005,-0.959,0.785,0.478,0.394,0.008,0.722,0.691,,,,-0.252,0.756,0.604,-0.637,0.703,-0.315,,,,0.128,0.793,0.595,-0.576,0.768,-0.281,,,,0.312,0.884,-0.347,0.615,0.223,-0.756,,,,-0.555,0.639,0.533,0.503,0.005,-0.864,,,,none
9.665335,0.082,-0.213,0.973,-0.115,-0.831,0.544,0.284,0.005,-0.959,0.717,0.517,0.468,-0.085,0.752,0.653,,,,-0.293,0.748,0.596,-0.539,0.573,-0.617,,,,0.183,0.784,0.593,-0.691,0.467,-0.551,,,,0.327,0.837,-0.438,0.745,0.288,-0.601,,,,-0.478,0.663,0.576,0.545,0.031,-0.838,,,,none
9.665458,0.129,-0.154,0.98,-0.309,-0.556,0.772,0.284,0.005,-0.959,0.606,0.585,0.539,-0.337,0.834,0.436,,,,-0.375,0.742,0.555,-0.383,0.58,-0.719,,,,0.133,0.82,0.557,-0.624,0.489,-0.609,,,,0.241,0.819,-0.521,0.908,-0.087,-0.41,,,,-0.552,0.591,0.588,0.628,0.276,-0.728,,,,none
9.665593,0.098,-0.21,0.973,-0.205,0.818,0.537,0.248,0.081,-0.965,0.616,0.532,0.581,-0.76,0.579,-0.295,,,,-0.44,0.692,0.572,-0.143,0.518,-0.843,,,,0.132,0.822,0.554,-0.556,0.452,-0.697,,,,0.134,0.724,-0.676,0.968,-0.14,-0.206,,,,-0.709,0.502,0.495,0.887,0.424,-0.18,,,,none
9.66573,0.024,-0.19,0.982,-0.205,0.818,0.537,0.238,0.071,-0.969,0.673,0.46,0.579,-0.781,0.361,-0.509,,,,-0.394,0.643,0.657,0.041,0.562,-0.826,,,,0.169,0.77,0.615,-0.44,0.499,-0.746,,,,0.145,0.663,-0.735,0.971,0.116,-0.21,,,,-0.706,0.531,0.47,0.322,0.214,0.922,,,,none
9.665852,0.036,-0.129,0.991,0.241,0.964,0.11,0.276,0.047,-0.96,0.677,0.44,0.589,-0.739,0.444,-0.507,,,,-0.438,0.62,0.651,0.118,0.596,-0.794,,,,0.152,0.716,0.682,-0.331,0.589,-0.737,,,,0.182,0.61,-0.771,0.66,0.66,-0.36,,,,-0.679,0.59,0.438,-0.357,0.1,0.929,,,,none
9.666587,-0.003,-0.141,0.99,-0.147,0.912,0.383,0.27,0.05,-0.962,0.641,0.434,0.633,-0.716,0.449,-0.534,,,,-0.55,0.588,0.593,0.255,0.665,-0.702,,,,-0.013,0.706,0.708,-0.23,0.739,-0.633,,,,0.173,0.59,-0.789,0.465,0.81,-0.357,,,,-0.691,0.575,0.439,-0.567,0.468,0.678,,,,none
9.666722,-0.035,-0.191,0.981,0.083,0.915,0.395,0.351,0.083,-0.933,0.612,0.415,0.674,-0.753,0.283,-0.594,,,,-0.62,0.562,0.547,0.432,0.669,-0.605,,,,-0.08,0.702,0.707,-0.144,0.82,-0.554,,,,0.172,0.568,-0.805,0.367,0.861,-0.353,,,,-0.699,0.571,0.431,-0.553,0.415,0.722,,,,none
9.677673,-0.058,-0.165,0.985,-0.0,0.804,0.594,0.351,0.083,-0.933,0.646,0.361,0.673,-0.732,0.122,-0.671,,,,-0.639,0.56,0.527,0.579,0.671,-0.463,,,,-0.11,0.693,0.713,0.112,0.953,-0.28,,,,0.17,0.569,-0.804,0.316,0.81,-0.494,,,,-0.699,0.569,0.434,-0.611,0.57,0.55,,,,none
9.719524,-0.069,-0.171,0.983,-0.217,0.542,0.812,0.36,0.072,-0.93,0.591,0.391,0.706,-0.729,0.182,-0.66,,,,-0.651,0.565,0.507,0.404,0.909,-0.101,,,,-0.152,0.698,0.699,0.136,0.953,0.272,,,,0.168,0.558,-0.813,0.247,0.529,-0.812,,,,-0.703,0.569,0.426,-0.738,0.671,0.067,,,,none
9.762339,-0.054,-0.2,0.978,0.514,-0.686,0.514,0.316,0.092,-0.944,0.553,0.403,0.729,-0.678,-0.159,-0.718,,,,-0.662,0.558,0.5,-0.437,-0.437,0.786,,,,-0.148,0.695,0.703,-0.0,0.371,0.928,,,,0.171,0.557,-0.813,0.188,0.282,-0.941,,,,-0.7,0.573,0.426,-0.768,0.549,-0.329,,,,none
10.173008,-0.051,-0.17,0.984,0.514,-0.686,0.514,0.366,0.08,-0.927,0.524,0.42,0.741,-0.698,-0.266,-0.665,,,,-0.678,0.556,0.481,-0.598,-0.717,0.359,,,,-0.174,0.692,0.701,-0.832,-0.0,0.555,,,,0.162,0.567,-0.808,-0.647,0.755,0.108,,,,-0.703,0.564,0.433,-0.64,-0.0,-0.768,,,,none
10.174072,-0.031,-0.155,0.987,0.207,-0.83,-0.518,0.351,0.069,-0.934,0.555,0.402,0.728,-0.608,-0.275,-0.745,,,,-0.647,0.56,0.517,0.089,-0.98,0.178,,,,-0.11,0.693,0.712,-0.162,-0.162,0.973,,,,0.189,0.554,-0.811,-0.688,0.688,0.229,,,,-0.686,0.593,0.421,-0.64,-0.426,-0.64,,,,none
10.174206,-0.043,-0.168,0.985,0.557,0.743,0.371,0.351,0.069,-0.934,0.567,0.397,0.722,-0.431,-0.264,-0.863,,,,-0.652,0.567,0.503,0.228,-0.76,0.608,,,,-0.146,0.689,0.71,-0.0,-0.217,0.976,,,,0.185,0.569,-0.801,-0.493,0.844,0.211,,,,-0.684,0.581,0.44,-0.943,0.236,0.236,,,,none
10.174345,-0.042,-0.172,0.984,0.688,-0.229,-0.688,0.351,0.069,-0.934,0.545,0.406,0.733,-0.628,-0.097,-0.772,,,,-0.646,0.565,0.514,0.656,-0.656,-0.375,,,,-0.13,0.689,0.713,-0.905,0.302,-0.302,,,,0.188,0.558,-0.808,0.408,0.816,0.408,,,,-0.688,0.587,0.426,0.302,0.302,-0.905,,,,none
10.174464,-0.039,-0.145,0.989,0.254,0.889,0.381,0.345,0.088,-0.935,0.593,0.369,0.716,-0.389,-0.083,-0.917,,,,-0.621,0.566,0.543,0.688,-0.688,0.229,,,,-0.112,0.685,0.72,0.429,-0.286,0.857,,,,0.195,0.565,-0.801,0.486,0.874,-0.0,,,,-0.679,0.593,0.433,-0.123,0.985,0.123,,,,none
10.174651,-0.058,-0.153,0.986,-0.0,0.781,0.625,0.345,0.088,-0.935,0.556,0.4,0.729,-0.216,-0.108,-0.97,,,,-0.64,0.571,0.514,-0.0,-0.707,-0.707,,,,-0.131,0.689,0.713,-0.8,0.6,-0.0,,,,0.186,0.562,-0.806,0.864,0.432,-0.259,,,,-0.689,0.583,0.43,-0.069,0.83,-0.553,,,,none
10.174791,-0.035,-0.161,0.986,-0.0,0.0,-0.0,0.345,0.088,-0.935,0.542,0.409,0.734,-0.205,-0.102,-0.973,,,,-0.642,0.568,0.515,0.0,-0.707,0.707,,,,-0.119,0.689,0.715,-0.408,0.816,0.408,,,,0.191,0.549,-0.814,0.959,-0.169,-0.226,,,,-0.692,0.589,0.417,0.117,0.758,-0.642,,,,none
10.175465,-0.043,-0.163,0.986,-0.0,0.0,-0.0,0.33,0.064,-0.942,0.559,0.396,0.729,0.049,-0.148,-0.988,,,,-0.638,0.566,0.523,0.183,-0.365,0.913,,,,-0.122,0.691,0.712,0.136,0.272,0.953,,,,0.187,0.546,-0.817,0.852,-0.398,-0.341,,,,-0.696,0.587,0.414,0.208,0.692,-0.692,,,,none
10.175715,-0.055,-0.159,0.986,0.436,0.873,0.218,0.392,0.094,-0.915,0.534,0.426,0.731,0.541,-0.433,-0.721,,,,-0.657,0.572,0.491,0.267,-0.535,0.802,,,,-0.12,0.697,0.707,0.418,-0.488,0.766,,,,0.17,0.532,-0.83,0.854,-0.493,-0.164,,,,-0.71,0.58,0.4,0.57,0.456,-0.684,,,,none
10.183568,-0.055,-0.178,0.982,0.156,0.937,-0.312,0.407,0.098,-0.908,0.553,0.418,0.72,0.654,-0.484,-0.581,,,,-0.635,0.58,0.51,0.401,-0.678,0.616,,,,-0.135,0.701,0.7,0.442,-0.568,0.694,,,,0.164,0.524,-0.836,0.839,-0.534,-0.102,,,,-0.712,0.578,0.399,0.529,0.397,-0.75,,,,none
10.227566,-0.046,-0.154,0.987,0.468,0.468,-0.749,0.407,0.098,-0.908,0.605,0.403,0.687,0.87,-0.39,-0.3,,,,-0.593,0.587,0.551,0.167,-0.474,0.864,,,,-0.079,0.698,0.712,0.372,-0.496,0.785,,,,0.176,0.512,-0.841,0.797,-0.598,-0.085,,,,-0.7,0.598,0.389,0.618,0.333,-0.713,,,,none
10.273131,-0.066,-0.135,0.989,0.925,0.37,-0.092,0.404,0.085,-0.911,0.599,0.451,0.662,0.948,-0.31,-0.066,,,,-0.589,0.604,0.537,-0.093,-0.354,0.931,,,,-0.088,0.704,0.704,0.155,-0.34,0.928,,,,0.161,0.512,-0.844,0.836,-0.456,-0.304,,,,-0.706,0.59,0.392,0.228,0.608,-0.76,,,,none
10.68514,-0.069,-0.171,0.983,0.555,-0.0,-0.832,0.404,0.085,-0.911,0.743,0.416,0.524,0.939,-0.324,0.117,,,,-0.568,0.617,0.546,-0.144,-0.384,0.912,,,,-0.094,0.711,0.697,0.062,-0.434,0.899,,,,0.142,0.509,-0.849,0.381,-0.254,-0.889,,,,-0.72,0.571,0.395,-0.733,-0.133,-0.667,,,,none
10.685279,-0.039,-0.155,0.987,0.802,-0.382,-0.458,0.404,0.085,-0.911,0.671,0.564,0.481,0.92,-0.356,0.162,,,,-0.535,0.642,0.549,-0.112,-0.473,0.874,,,,-0.07,0.719,0.691,0.218,-0.61,0.762,,,,0.148,0.514,-0.845,-0.945,0.315,0.086,,,,-0.711,0.576,0.403,-0.675,-0.737,-0.031,,,,none
10.685417,-0.065,-0.16,0.985,0.523,-0.628,-0.576,0.404,0.085,-0.911,0.779,0.577,0.246,0.922,-0.332,0.2,,,,-0.347,0.726,0.594,-0.056,-0.522,0.851,,,,-0.013,0.755,0.656,0.462,-0.538,0.705,,,,0.146,0.57,-0.809,-0.931,0.355,0.086,,,,-0.694,0.552,0.463,-0.747,-0.659,0.089,,,,none
10.685552,-0.067,-0.207,0.976,0.286,-0.745,-0.602,0.36,0.032,-0.932,0.759,0.641,-0.112,0.939,-0.205,0.277,,,,0.084,0.885,0.458,0.14,-0.46,0.877,,,,0.005,0.851,0.525,0.454,-0.651,0.608,,,,0.155,0.698,-0.699,-0.939,0.223,0.26,,,,-0.715,0.458,0.529,-0.526,-0.82,-0.227,,,,none
10.685677,-0.007,-0.062,0.998,0.286,-0.745,-0.602,0.282,0.043,-0.959,0.635,0.771,0.042,0.969,-0.065,0.24,,,,-0.263,0.877,0.402,0.286,-0.503,0.815,,,,0.14,0.775,0.616,0.373,-0.726,0.578,,,,0.18,0.642,-0.745,-0.942,-0.205,0.265,,,,-0.618,0.613,0.493,-0.712,-0.648,0.271,,,,none
10.685801,0.057,-0.012,0.998,0.171,-0.738,-0.652,0.282,0.033,-0.959,0.713,0.701,0.003,0.978,0.052,0.204,,,,0.015,0.852,0.523,0.476,-0.414,0.776,,,,0.147,0.718,0.68,0.309,-0.788,0.532,,,,0.068,0.969,-0.237,-0.94,-0.337,0.049,,,,-0.633,0.613,0.473,-0.842,0.116,0.527,,,,none
10.68592,0.176,-0.056,0.983,-0.784,-0.54,-0.307,0.223,-0.006,-0.975,0.902,0.418,-0.107,0.992,0.119,0.038,,,,0.315,0.806,0.502,0.546,-0.245,0.801,,,,0.435,0.681,0.59,-0.182,-0.743,0.644,,,,0.327,0.833,-0.447,-0.98,-0.198,-0.016,,,,-0.664,0.511,0.546,-0.515,0.664,0.542,,,,none
10.686953,0.111,-0.127,0.986,-0.827,-0.556,0.083,0.184,0.052,-0.981,0.877,0.428,-0.218,0.984,0.18,0.008,,,,0.355,0.86,0.367,0.545,-0.074,0.835,,,,0.314,0.743,0.591,-0.124,0.074,0.99,,,,0.266,0.879,-0.397,-0.985,-0.126,-0.114,,,,-0.648,0.5,0.575,-0.1,0.94,-0.327,,,,none
10.687086,0.128,-0.195,0.972,-0.827,-0.556,0.083,0.179,0.077,-0.981,0.903,0.361,-0.233,0.97,0.235,0.061,,,,0.367,0.879,0.305,0.56,-0.08,0.825,,,,0.261,0.779,0.57,-0.152,0.822,0.548,,,,0.217,0.918,-0.333,-0.97,-0.156,-0.188,,,,-0.711,0.467,0.526,0.19,0.621,-0.761,,,,none
10.698607,0.197,-0.273,0.942,-0.76,-0.566,-0.318,0.149,0.145,-0.978,0.899,0.404,-0.167,0.893,0.362,0.266,,,,0.405,0.845,0.349,0.364,-0.247,0.898,,,,0.371,0.742,0.559,0.285,-0.133,0.949,,,,0.242,0.933,-0.265,0.937,0.008,0.349,,,,-0.736,0.459,0.498,0.437,0.073,-0.896,,,,none
10.738176,0.201,-0.23,0.952,-0.766,-0.607,-0.211,0.158,0.12,-0.98,0.859,0.456,-0.235,0.779,0.528,-0.338,,,,0.38,0.846,0.374,0.707,-0.037,0.707,,,,0.265,0.74,0.618,0.589,0.589,0.554,,,,0.188,0.965,-0.184,0.979,0.11,0.17,,,,-0.749,0.472,0.465,0.5,0.062,-0.864,,,,none
10.778875,0.193,-0.308,0.932,-0.766,-0.607,-0.211,0.147,0.125,-0.981,0.887,0.366,-0.282,0.774,0.527,-0.351,,,,0.266,0.869,0.416,-0.804,0.211,-0.555,,,,0.194,0.741,0.643,-0.261,0.749,-0.609,,,,0.216,0.921,-0.325,0.971,0.12,0.206,,,,-0.707,0.48,0.519,0.564,0.093,-0.821,,,,none
11.196568,0.163,-0.264,0.951,-0.447,0.734,0.511,0.147,0.125,-0.981,0.897,0.315,-0.311,0.961,-0.027,-0.276,,,,0.046,0.84,0.541,-0.706,0.164,-0.689,,,,0.092,0.747,0.659,-0.397,0.632,-0.665,,,,0.156,0.981,-0.115,0.686,0.53,-0.499,,,,-0.742,0.459,0.488,0.578,0.256,-0.774,,,,none
11.196768,0.18,-0.251,0.951,-0.372,0.757,0.537,0.179,0.129,-0.975,0.899,0.308,-0.313,0.799,-0.596,-0.086,,,,0.163,0.957,0.239,-0.639,0.257,-0.725,,,,-0.02,0.769,0.639,-0.283,0.562,-0.777,,,,0.102,0.951,-0.292,0.931,0.31,-0.191,,,,-0.812,0.354,0.465,0.654,0.294,-0.698,,,,none
11.196942,0.039,-0.356,0.934,-0.294,0.855,0.427,0.218,0.183,-0.959,0.875,0.31,-0.371,0.534,-0.842,0.081,,,,0.183,0.915,0.359,-0.472,0.311,-0.825,,,,0.046,0.802,0.595,-0.32,0.386,-0.865,,,,0.145,0.936,-0.32,0.97,-0.232,-0.072,,,,-0.844,0.33,0.424,0.683,-0.177,-0.708,,,,none
11.197115,0.113,-0.288,0.951,-0.294,0.855,0.427,0.25,0.217,-0.944,0.89,0.243,-0.386,-0.0,-0.81,0.587,,,,0.261,0.8,0.54,-0.109,0.531,-0.84,,,,0.063,0.741,0.668,-0.274,0.351,-0.895,,,,0.191,0.938,-0.289,0.714,-0.132,-0.688,,,,-0.828,0.379,0.414,0.568,-0.708,-0.42,,,,none
11.197295,0.111,-0.267,0.957,0.524,0.832,0.185,0.25,0.217,-0.944,0.885,0.241,-0.398,-0.048,-0.63,0.775,,,,-0.084,0.715,0.694,0.152,0.547,-0.823,,,,-0.009,0.694,0.72,-0.209,0.349,-0.914,,,,0.19,0.954,-0.23,-0.304,-0.101,-0.947,,,,-0.807,0.388,0.445,0.634,-0.74,-0.225,,,,none
11.197419,0.106,-0.216,0.971,0.372,0.796,0.478,0.231,0.174,-0.957,0.861,0.247,-0.445,0.671,-0.355,0.651,,,,-0.341,0.69,0.638,0.284,0.459,-0.842,,,,-0.144,0.664,0.734,-0.221,0.485,-0.846,,,,0.097,0.981,-0.167,-0.774,0.137,-0.618,,,,-0.838,0.345,0.422,0.647,0.185,-0.74,,,,none
11.197547,0.105,-0.259,0.96,0.163,0.931,0.326,0.299,0.166,-0.94,0.848,0.184,-0.497,0.801,-0.286,0.526,,,,-0.527,0.687,0.501,0.478,0.267,-0.837,,,,-0.286,0.648,0.706,-0.204,0.52,-0.829,,,,0.007,0.946,0.323,-0.928,0.082,-0.364,,,,-0.877,0.333,0.346,0.124,0.989,0.077,,,,none
11.19825,0.03,-0.321,0.947,0.017,0.979,0.204,0.356,0.194,-0.914,0.846,0.151,-0.512,0.732,-0.414,0.541,,,,-0.384,0.694,0.609,0.65,0.174,-0.74,,,,-0.324,0.67,0.668,-0.032,0.657,-0.753,,,,-0.035,0.971,0.236,-0.939,0.121,-0.321,,,,-0.886,0.316,0.34,0.307,0.911,0.276,,,,none
11.19838,-0.172,-0.188,0.967,0.104,0.983,0.149,0.447,0.202,-0.871,0.878,0.106,-0.467,0.771,-0.202,0.605,,,,-0.417,0.709,0.569,0.834,0.385,-0.396,,,,-0.298,0.642,0.706,-0.007,0.676,-0.737,,,,0.116,0.906,-0.407,-0.923,0.135,-0.361,,,,-0.855,0.375,0.357,0.665,0.535,0.521,,,,none
11.19852,-0.178,-0.175,0.968,0.091,0.986,0.143,0.447,0.202,-0.871,0.883,0.087,-0.461,0.797,-0.365,0.481,,,,-0.426,0.702,0.571,0.851,0.466,-0.241,,,,-0.363,0.611,0.703,0.274,0.781,-0.562,,,,-0.021,0.971,0.237,-0.851,0.255,-0.459,,,,-0.833,0.42,0.36,0.805,0.487,0.339,,,,none
11.239547,-0.141,-0.233,0.962,-0.518,0.777,0.356,0.447,0.202,-0.871,0.881,0.106,-0.461,0.841,-0.496,-0.216,,,,-0.488,0.69,0.535,0.111,0.977,-0.184,,,,-0.437,0.6,0.67,0.19,0.972,-0.142,,,,-0.196,0.791,0.58,-0.8,0.421,-0.427,,,,-0.837,0.408,0.365,0.342,0.932,-0.124,,,,none
11.278864,-0.133,-0.281,0.951,-0.79,0.54,0.291,0.526,0.187,-0.83,0.87,0.054,-0.49,0.717,-0.574,-0.395,,,,-0.547,0.7,0.459,0.296,0.955,-0.033,,,,-0.519,0.592,0.617,0.588,0.784,0.196,,,,-0.282,0.731,0.621,-0.756,0.441,-0.483,,,,-0.846,0.434,0.311,0.257,0.964,-0.064,,,,none
11.70413,-0.198,-0.248,0.948,0.243,0.97,-0.0,0.526,0.187,-0.83,0.85,0.093,-0.519,0.164,-0.986,-0.0,,,,-0.565,0.69,0.452,0.958,-0.202,-0.202,,,,-0.507,0.61,0.609,0.577,-0.577,-0.577,,,,-0.321,0.698,0.64,-0.754,0.226,-0.616,,,,-0.879,0.376,0.295,0.285,0.959,0.0,,,,none
11.704716,-0.168,-0.273,0.947,-0.78,0.347,-0.52,0.546,0.227,-0.807,0.856,0.059,-0.513,0.163,-0.981,0.109,,,,-0.532,0.71,0.462,0.813,-0.471,-0.342,,,,-0.436,0.618,0.654,0.453,-0.453,-0.767,,,,-0.283,0.685,0.671,-0.738,0.308,-0.6,,,,-0.866,0.418,0.274,0.294,0.947,-0.131,,,,none
11.70486,-0.161,-0.261,0.952,-0.78,0.347,-0.52,0.527,0.196,-0.827,0.852,0.06,-0.521,0.27,-0.765,0.585,,,,-0.53,0.709,0.464,0.88,-0.474,0.0,,,,-0.448,0.61,0.654,0.738,-0.527,-0.422,,,,-0.344,0.656,0.672,-0.819,0.174,-0.546,,,,-0.871,0.414,0.264,0.34,0.918,0.204,,,,none
11.704997,-0.181,-0.241,0.954,0.312,0.873,-0.374,0.538,0.205,-0.818,0.846,0.077,-0.528,-0.049,-0.73,0.682,,,,-0.532,0.704,0.47,0.824,-0.507,-0.253,,,,-0.454,0.612,0.647,0.573,-0.344,-0.744,,,,-0.344,0.641,0.686,-0.841,0.3,-0.45,,,,-0.875,0.404,0.265,0.44,0.88,0.176,,,,none
11.705134,-0.175,-0.245,0.954,-0.254,0.381,-0.889,0.508,0.215,-0.834,0.858,0.043,-0.513,-0.0,-0.965,0.263,,,,-0.495,0.716,0.493,0.785,-0.48,-0.392,,,,-0.42,0.613,0.669,0.316,0.0,-0.949,,,,-0.318,0.634,0.705,-0.868,0.451,-0.208,,,,-0.859,0.441,0.261,0.062,0.996,0.062,,,,none
11.705251,-0.18,-0.247,0.952,-0.0,-1.0,0.0,0.55,0.214,-0.807,0.844,0.053,-0.534,-0.137,-0.549,-0.824,,,,-0.515,0.715,0.473,0.484,-0.277,-0.83,,,,-0.466,0.614,0.638,-0.575,0.287,-0.766,,,,-0.332,0.63,0.702,-0.904,0.362,-0.226,,,,-0.876,0.418,0.241,-0.549,0.768,-0.329,,,,none
11.705372,-0.164,-0.272,0.948,-0.408,-0.816,-0.408,0.55,0.214,-0.807,0.841,0.045,-0.539,-0.302,-0.302,-0.905,,,,-0.522,0.712,0.469,0.768,-0.384,-0.512,,,,-0.463,0.609,0.645,-0.962,0.192,-0.192,,,,-0.349,0.624,0.699,-0.886,0.443,0.133,,,,-0.875,0.424,0.233,-0.707,0.707,0.0,,,,none
11.706176,-0.178,-0.243,0.954,0.894,0.447,-0.0,0.548,0.179,-0.817,0.839,0.05,-0.542,-0.457,-0.457,-0.762,,,,-0.537,0.711,0.453,-0.0,0.371,-0.928,,,,-0.479,0.608,0.634,-0.728,0.485,-0.485,,,,-0.372,0.617,0.694,-0.908,0.419,-0.0,,,,-0.877,0.42,0.233,-0.365,0.183,-0.913,,,,none
11.706304,-0.179,-0.236,0.955,0.696,0.696,-0.174,0.541,0.203,-0.816,0.84,0.046,-0.541,0.147,-0.885,-0.442,,,,-0.546,0.71,0.444,0.855,-0.367,-0.367,,,,-0.465,0.614,0.639,0.667,0.333,-0.667,,,,-0.347,0.62,0.703,-0.469,0.625,0.625,,,,-0.874,0.424,0.236,-0.147,0.885,-0.442,,,,none
11.70643,-0.174,-0.257,0.95,-0.577,-0.577,-0.577,0.534,0.206,-0.82,0.844,0.034,-0.535,0.127,-0.762,-0.635,,,,-0.524,0.715,0.462,0.745,-0.298,-0.596,,,,-0.464,0.61,0.643,-0.707,0.707,0.0,,,,-0.349,0.619,0.704,-0.596,0.298,0.745,,,,-0.868,0.44,0.231,-0.267,0.802,-0.535,,,,none
11.743766,-0.175,-0.237,0.956,0.236,0.943,0.236,0.525,0.206,-0.826,0.838,0.051,-0.543,0.437,-0.786,-0.437,,,,-0.539,0.709,0.456,0.816,0.408,0.408,,,,-0.469,0.613,0.636,0.0,0.707,0.707,,,,-0.349,0.622,0.701,-0.136,0.272,0.953,,,,-0.877,0.42,0.234,-0.358,0.894,-0.268,,,,none
11.782069,-0.175,-0.273,0.946,-0.469,-0.625,-0.625,0.525,0.206,-0.826,0.833,0.037,-0.552,0.315,-0.709,-0.63,,,,-0.535,0.713,0.454,-0.667,0.333,-0.667,,,,-0.461,0.609,0.645,-0.302,0.302,0.905,,,,-0.351,0.622,0.7,-0.436,0.218,0.873,,,,-0.878,0.428,0.216,-0.229,0.688,-0.688,,,,none
12.214915,-0.163,-0.246,0.955,0.535,-0.267,-0.802,0.566,0.18,-0.805,0.836,0.034,-0.548,0.64,-0.64,-0.426,,,,-0.523,0.716,0.463,0.0,0.707,0.707,,,,-0.443,0.615,0.652,0.282,0.282,0.917,,,,-0.327,0.629,0.705,0.336,0.067,0.94,,,,-0.875,0.431,0.218,-0.095,0.953,-0.286,,,,none
12.216769,-0.187,-0.252,0.949,-0.0,0.707,0.707,0.545,0.211,-0.811,0.831,0.041,-0.555,0.39,-0.488,-0.781,,,,-0.528,0.715,0.459,-0.422,0.738,0.527,,,,-0.454,0.62,0.64,-0.0,0.152,0.988,,,,-0.338,0.633,0.696,0.091,-0.0,0.996,,,,-0.88,0.422,0.219,-0.286,0.429,-0.857,,,,none
12.216915,-0.175,-0.255,0.951,-0.0,0.707,0.707,0.573,0.24,-0.784,0.828,0.036,-0.559,0.191,-0.477,-0.858,,,,-0.521,0.717,0.463,-0.423,0.725,0.544,,,,-0.441,0.619,0.65,-0.07,0.209,0.975,,,,-0.328,0.634,0.7,0.083,0.083,0.993,,,,-0.879,0.426,0.213,-0.254,0.381,-0.889,,,,none
12.217045,-0.174,-0.257,0.95,-0.267,0.802,0.535,0.529,0.219,-0.82,0.83,0.034,-0.557,0.248,-0.744,-0.62,,,,-0.524,0.721,0.455,-0.328,0.533,0.78,,,,-0.44,0.624,0.646,-0.0,0.117,0.993,,,,-0.333,0.638,0.695,0.131,-0.131,0.983,,,,-0.879,0.426,0.214,0.218,0.436,-0.873,,,,none
12.217175,-0.175,-0.259,0.95,-0.802,-0.535,-0.267,0.529,0.219,-0.82,0.825,0.043,-0.563,-0.309,-0.722,-0.619,,,,-0.532,0.719,0.447,-0.231,0.416,0.879,,,,-0.448,0.628,0.637,0.0,-0.0,1.0,,,,-0.338,0.641,0.689,0.188,-0.282,0.941,,,,-0.883,0.416,0.216,0.367,-0.367,-0.855,,,,none
12.217303,-0.173,-0.25,0.953,-0.577,-0.577,-0.577,0.529,0.219,-0.82,0.828,0.051,-0.559,-0.367,-0.367,-0.855,,,,-0.544,0.718,0.434,-0.25,0.25,0.936,,,,-0.446,0.631,0.634,0.0,-0.141,0.99,,,,-0.321,0.646,0.693,0.218,-0.436,0.873,,,,-0.881,0.417,0.222,0.0,-0.707,-0.707,,,,none
12.217425,-0.181,-0.248,0.952,0.13,-0.911,-0.391,0.529,0.219,-0.82,0.828,0.029,-0.56,-0.162,-0.162,-0.973,,,,-0.52,0.729,0.446,-0.552,0.092,0.829,,,,-0.413,0.636,0.652,-0.581,0.0,0.814,,,,-0.296,0.65,0.7,-0.781,0.0,0.625,,,,-0.876,0.433,0.21,-0.53,-0.53,-0.662,,,,none
12.218299,-0.166,-0.251,0.954,0.0,-0.99,-0.141,0.554,0.198,-0.809,0.828,0.047,-0.559,0.077,-0.383,-0.92,,,,-0.521,0.722,0.456,-0.572,0.477,0.667,,,,-0.431,0.634,0.643,-0.605,0.605,0.518,,,,-0.323,0.645,0.693,-0.662,0.53,0.53,,,,-0.88,0.419,0.224,-0.768,-0.0,-0.64,,,,none
12.218431,-0.172,-0.26,0.95,-0.647,-0.755,-0.108,0.554,0.198,-0.809,0.823,0.037,-0.568,-0.0,-0.336,-0.942,,,,-0.515,0.727,0.454,-0.793,0.595,0.132,,,,-0.424,0.632,0.648,-0.68,0.68,0.272,,,,-0.325,0.645,0.692,-0.848,0.318,-0.424,,,,-0.881,0.423,0.21,-0.545,-0.182,-0.818,,,,none
12.218569,-0.167,-0.253,0.953,0.447,0.0,0.894,0.554,0.198,-0.809,0.823,0.038,-0.567,0.359,-0.717,-0.598,,,,-0.529,0.728,0.436,-0.45,0.45,0.771,,,,-0.449,0.636,0.628,-0.348,0.348,0.87,,,,-0.338,0.644,0.686,-0.857,-0.286,-0.429,,,,-0.882,0.42,0.215,0.0,-0.555,-0.832,,,,none
12.249371,-0.173,-0.264,0.949,0.905,-0.302,-0.302,0.554,0.198,-0.809,0.818,0.049,-0.572,-0.218,-0.436,-0.873,,,,-0.518,0.729,0.447,-0.572,0.082,0.816,,,,-0.431,0.636,0.64,-0.236,-0.236,0.943,,,,-0.325,0.644,0.693,-0.514,-0.686,-0.514,,,,-0.883,0.415,0.218,0.183,-0.913,-0.365,,,,none
12.289692,-0.164,-0.247,0.955,0.905,-0.302,-0.302,0.576,0.248,-0.779,0.822,0.034,-0.569,-0.0,-0.316,-0.949,,,,-0.5,0.733,0.461,-0.561,0.393,0.729,,,,-0.413,0.637,0.65,-0.164,-0.082,0.983,,,,-0.312,0.642,0.701,-0.376,-0.847,-0.376,,,,-0.877,0.429,0.215,-0.333,-0.667,-0.667,,,,none
12.722469,-0.173,-0.253,0.952,0.905,0.302,0.302,0.544,0.193,-0.817,0.823,0.042,-0.567,0.348,-0.348,-0.87,,,,-0.512,0.732,0.449,-0.518,0.207,0.83,,,,-0.42,0.639,0.644,-0.22,-0.275,0.936,,,,-0.313,0.643,0.699,-0.206,-0.928,-0.309,,,,-0.878,0.423,0.222,-0.707,-0.707,-0.0,,,,none
12.724541,-0.163,-0.251,0.954,0.588,-0.784,-0.196,0.544,0.193,-0.817,0.82,0.035,-0.571,-0.436,0.218,-0.873,,,,-0.504,0.737,0.45,-0.339,0.127,0.932,,,,-0.416,0.644,0.642,-0.09,-0.315,0.945,,,,-0.318,0.643,0.696,0.0,-0.958,-0.287,,,,-0.877,0.428,0.219,-0.0,-0.981,0.196,,,,none
12.724703,-0.164,-0.271,0.949,0.98,0.14,-0.14,0.556,0.235,-0.797,0.843,0.034,-0.536,-0.46,0.881,-0.115,,,,-0.423,0.752,0.505,-0.225,-0.019,0.974,,,,-0.349,0.646,0.679,0.0,-0.447,0.894,,,,-0.303,0.645,0.701,0.175,-0.92,0.35,,,,-0.853,0.457,0.253,-0.159,-0.678,0.718,,,,none
12.724833,-0.172,-0.276,0.946,0.98,0.14,-0.14,0.542,0.212,-0.813,0.936,0.069,-0.344,-0.568,0.792,-0.224,,,,-0.107,0.785,0.611,-0.199,-0.159,0.967,,,,0.051,0.682,0.729,0.035,-0.508,0.86,,,,-0.242,0.665,0.706,0.328,-0.668,0.668,,,,-0.671,0.614,0.416,-0.382,-0.455,0.804,,,,none
12.724957,-0.166,-0.216,0.962,0.834,-0.534,0.142,0.542,0.212,-0.813,0.085,0.829,0.553,-0.897,-0.288,-0.336,,,,-0.163,0.827,0.538,-0.264,-0.274,0.925,,,,0.132,0.779,0.613,0.098,-0.616,0.782,,,,0.117,0.876,0.468,0.607,-0.468,0.643,,,,-0.536,0.775,0.334,-0.613,-0.199,0.765,,,,none
12.725081,-0.121,-0.131,0.984,0.816,-0.436,0.38,0.431,0.008,-0.902,0.386,0.331,-0.861,-0.959,-0.166,-0.229,,,,-0.268,0.892,0.363,-0.209,-0.386,0.899,,,,0.189,0.851,0.489,0.243,-0.599,0.763,,,,0.209,0.874,0.439,0.731,-0.256,0.632,,,,-0.553,0.789,0.269,-0.658,-0.053,0.751,,,,none
12.725202,-0.175,-0.274,0.945,-0.539,-0.799,0.266,0.417,0.024,-0.908,0.596,0.735,-0.324,0.603,0.62,0.502,,,,0.19,0.876,0.442,0.186,-0.21,0.96,,,,0.251,0.808,0.533,0.666,-0.317,0.675,,,,0.048,0.93,0.365,0.875,-0.14,0.465,,,,-0.664,0.577,0.475,-0.791,-0.01,0.611,,,,none
12.732107,-0.015,-0.195,0.981,0.407,-0.913,-0.033,0.417,0.024,-0.908,0.747,0.492,-0.447,0.708,0.545,0.45,,,,-0.02,0.913,0.407,0.382,-0.212,0.9,,,,0.257,0.878,0.405,0.718,-0.053,0.695,,,,0.012,0.975,0.222,0.885,-0.125,0.449,,,,-0.649,0.567,0.508,-0.901,-0.09,0.423,,,,none
12.73224,0.107,-0.122,0.987,0.152,-0.967,-0.203,0.417,0.024,-0.908,0.718,0.608,-0.339,0.816,0.502,0.286,,,,0.14,0.959,0.248,0.554,0.007,0.833,,,,0.305,0.908,0.287,0.787,0.046,0.615,,,,0.243,0.962,0.125,0.855,-0.151,0.497,,,,-0.602,0.5,0.622,-0.972,-0.065,0.227,,,,none
12.732365,0.227,-0.116,0.967,0.246,-0.939,-0.241,0.417,0.024,-0.908,0.752,0.515,-0.412,0.895,0.399,0.198,,,,0.238,0.897,0.371,0.619,0.05,0.784,,,,0.407,0.865,0.293,0.794,0.131,0.594,,,,0.294,0.955,0.049,0.796,-0.116,0.594,,,,-0.496,0.408,0.766,-0.986,-0.168,-0.003,,,,none
12.748766,0.228,-0.022,0.973,0.539,-0.823,-0.177,0.017,-0.152,-0.988,0.842,0.449,-0.299,0.964,0.26,0.062,,,,0.506,0.841,0.192,0.661,0.122,0.74,,,,0.579,0.805,0.129,0.773,0.173,0.61,,,,0.422,0.897,-0.131,0.807,0.005,0.591,,,,-0.437,0.285,0.853,-0.973,-0.206,-0.101,,,,none
12.791659,0.262,-0.089,0.961,0.667,-0.71,-0.225,0.017,-0.152,-0.988,0.886,0.362,-0.29,0.972,0.212,0.098,,,,0.629,0.77,0.11,0.645,0.143,0.75,,,,0.669,0.743,0.021,0.702,0.125,0.702,,,,0.466,0.847,-0.257,0.783,0.077,0.618,,,,-0.449,0.145,0.882,-0.903,-0.4,-0.158,,,,none
13.235549,0.298,0.028,0.954,0.938,-0.179,-0.297,-0.139,-0.25,-0.958,0.901,0.366,-0.234,0.942,0.215,0.256,,,,0.648,0.751,0.125,0.544,0.221,0.809,,,,0.701,0.713,0.037,0.534,0.154,0.831,,,,0.52,0.808,-0.277,0.698,0.203,0.687,,,,-0.426,0.069,0.902,-0.7,-0.613,-0.366,,,,none
13.235693,0.312,0.094,0.945,0.938,0.044,-0.344,-0.151,-0.412,-0.899,0.921,0.263,-0.287,0.874,0.245,0.42,,,,0.737,0.674,0.062,0.456,0.239,0.857,,,,0.769,0.638,-0.019,0.447,0.115,0.887,,,,0.571,0.748,-0.337,0.668,0.265,0.695,,,,-0.278,-0.084,0.957,-0.586,-0.764,-0.271,,,,none
13.235821,0.356,0.248,0.901,0.938,0.044,-0.344,-0.141,-0.419,-0.897,0.939,0.193,-0.283,0.795,0.217,0.567,,,,0.789,0.614,0.036,0.381,0.152,0.912,,,,0.821,0.569,-0.044,0.399,0.014,0.917,,,,0.633,0.685,-0.361,0.64,0.175,0.748,,,,-0.295,-0.182,0.938,-0.42,-0.837,-0.352,,,,none
13.235952,0.201,0.434,0.878,0.604,0.614,-0.508,-0.141,-0.419,-0.897,0.977,-0.023,-0.212,0.586,0.076,0.807,,,,0.918,0.393,0.061,0.221,-0.073,0.972,,,,0.923,0.378,-0.071,0.237,-0.178,0.955,,,,0.731,0.561,-0.388,0.373,0.383,0.845,,,,-0.195,-0.428,0.883,-0.199,-0.802,-0.564,,,,none
13.236075,0.038,0.418,0.908,0.571,0.648,-0.505,-0.141,-0.419,-0.897,0.953,-0.123,-0.276,0.388,0.086,0.918,,,,0.955,0.293,-0.041,0.114,-0.187,0.976,,,,0.959,0.241,-0.147,0.149,-0.273,0.95,,,,0.805,0.396,-0.442,0.471,-0.015,0.882,,,,0.447,-0.08,0.891,-0.03,-0.764,-0.645,,,,none
13.236198,0.093,0.484,0.87,0.302,0.825,-0.477,-0.141,-0.419,-0.897,0.952,-0.259,-0.162,0.287,-0.003,0.958,,,,0.99,0.133,0.038,0.095,-0.279,0.956,,,,0.993,0.051,-0.108,0.149,-0.34,0.928,,,,0.884,0.211,-0.418,0.48,-0.076,0.874,,,,0.611,-0.055,0.79,0.043,-0.741,-0.671,,,,none
13.236322,-0.086,0.526,0.846,0.561,0.716,-0.416,0.359,-0.605,-0.711,0.898,-0.394,-0.196,0.27,0.023,0.963,,,,0.998,-0.029,-0.062,0.126,-0.283,0.951,,,,0.974,-0.093,-0.205,0.168,-0.39,0.905,,,,0.882,0.068,-0.467,0.494,-0.107,0.863,,,,0.532,0.048,0.845,0.4,-0.651,-0.645,,,,none
13.237297,-0.115,0.488,0.865,0.564,0.734,-0.379,0.359,-0.605,-0.711,0.861,-0.481,-0.165,0.302,0.071,0.951,,,,0.987,-0.144,-0.068,0.17,-0.237,0.957,,,,0.959,-0.177,-0.22,0.199,-0.387,0.9,,,,0.886,0.005,-0.463,0.52,-0.006,0.854,,,,0.519,0.033,0.854,0.402,-0.723,-0.562,,,,none
13.23743,-0.114,0.53,0.84,0.701,0.642,-0.311,0.472,-0.602,-0.643,0.847,-0.498,-0.184,0.369,0.239,0.898,,,,0.98,-0.167,-0.109,0.229,-0.138,0.964,,,,0.946,-0.189,-0.261,0.224,-0.385,0.895,,,,0.877,-0.01,-0.48,0.501,0.277,0.82,,,,0.53,0.032,0.847,0.053,-0.936,-0.348,,,,none
13.237627,-0.103,0.552,0.828,-0.196,0.784,-0.588,0.49,-0.601,-0.632,0.831,-0.526,-0.182,0.148,0.295,0.944,,,,0.97,-0.21,-0.125,0.198,-0.351,0.915,,,,0.934,-0.215,-0.286,-0.018,-0.767,0.642,,,,0.876,-0.028,-0.482,0.452,-0.181,0.874,,,,0.549,0.003,0.836,-0.781,-0.607,0.145,,,,none
13.261025,-0.108,0.516,0.85,-0.997,-0.071,0.0,0.473,-0.603,-0.642,0.82,-0.548,-0.168,-0.422,0.527,0.738,,,,0.962,-0.244,-0.125,0.147,-0.589,0.795,,,,0.924,-0.237,-0.299,-0.291,-0.927,0.238,,,,0.871,-0.044,-0.489,0.073,-0.807,0.587,,,,0.535,-0.028,0.845,-0.933,0.024,0.359,,,,none
13.306137,-0.101,0.502,0.859,-0.867,-0.433,0.248,0.473,-0.603,-0.642,0.808,-0.565,-0.165,-0.8,0.0,-0.6,,,,0.953,-0.272,-0.137,-0.0,-0.841,0.541,,,,0.914,-0.247,-0.323,-0.575,-0.812,-0.101,,,,0.864,-0.053,-0.501,-0.545,-0.818,-0.182,,,,0.514,-0.069,0.855,-0.862,0.327,0.387,,,,none
13.745276,-0.079,0.5,0.862,-0.949,0.316,0.0,0.473,-0.603,-0.642,0.801,-0.576,-0.164,-0.555,0.0,-0.832,,,,0.947,-0.289,-0.143,0.207,-0.62,0.757,,,,0.907,-0.257,-0.335,-0.406,-0.913,0.051,,,,0.863,-0.062,-0.501,-0.0,-0.8,0.6,,,,0.509,-0.08,0.857,-0.456,0.684,0.57,,,,none
13.745446,-0.106,0.51,0.854,0.545,0.818,-0.182,0.509,-0.575,-0.641,0.809,-0.562,-0.17,-0.0,1.0,-0.0,,,,0.95,-0.276,-0.147,0.168,-0.337,0.926,,,,0.91,-0.24,-0.338,-0.398,-0.896,0.199,,,,0.862,-0.047,-0.504,-0.0,-0.0,1.0,,,,0.493,-0.07,0.867,-0.615,0.615,0.492,,,,none
13.745597,-0.103,0.514,0.852,0.802,0.535,-0.267,0.509,-0.575,-0.641,0.808,-0.565,-0.168,-0.196,0.784,-0.588,,,,0.948,-0.284,-0.146,0.0,-0.141,0.99,,,,0.908,-0.247,-0.338,-0.617,-0.772,-0.154,,,,0.864,-0.054,-0.5,-0.64,0.64,0.426,,,,0.514,-0.068,0.855,-0.802,0.535,0.267,,,,none
13.745725,-0.095,0.529,0.843,0.0,0.707,0.707,0.509,-0.575,-0.641,0.812,-0.56,-0.165,-0.391,0.13,-0.911,,,,0.95,-0.28,-0.141,-0.408,-0.816,0.408,,,,0.909,-0.242,-0.338,-0.456,-0.57,-0.684,,,,0.865,-0.049,-0.5,-0.928,-0.0,-0.371,,,,0.506,-0.061,0.86,-0.681,0.596,0.426,,,,none
13.745853,-0.099,0.514,0.852,0.0,0.707,0.707,0.424,-0.596,-0.682,0.811,-0.562,-0.167,-0.081,0.242,-0.967,,,,0.948,-0.284,-0.145,0.0,0.707,-0.707,,,,0.907,-0.241,-0.344,-0.286,-0.095,-0.953,,,,0.863,-0.05,-0.503,-0.667,0.333,-0.667,,,,0.505,-0.067,0.861,-0.863,0.199,0.465,,,,none
13.745985,-0.093,0.51,0.855,-0.549,-0.768,0.329,0.424,-0.596,-0.682,0.808,-0.564,-0.168,-0.302,0.302,-0.905,,,,0.947,-0.286,-0.144,-0.514,0.514,-0.686,,,,0.906,-0.243,-0.347,-0.486,0.0,-0.874,,,,0.861,-0.05,-0.506,-0.83,0.207,-0.518,,,,0.501,-0.08,0.862,-0.873,0.312,0.374,,,,none
13.746108,-0.096,0.499,0.861,-0.236,-0.943,0.236,0.424,-0.596,-0.682,0.81,-0.563,-0.167,-0.249,0.498,-0.83,,,,0.947,-0.287,-0.143,-0.549,0.824,-0.137,,,,0.906,-0.241,-0.348,-0.53,0.53,-0.662,,,,0.861,-0.049,-0.507,-0.74,0.647,-0.185,,,,0.496,-0.083,0.864,-0.972,-0.075,0.224,,,,none
13.747024,-0.094,0.512,0.854,1.0,-0.0,0.0,0.424,-0.596,-0.682,0.813,-0.557,-0.169,-0.226,0.566,-0.793,,,,0.948,-0.282,-0.145,-0.625,0.781,0.0,,,,0.908,-0.237,-0.346,-0.469,0.625,-0.625,,,,0.862,-0.044,-0.504,-0.704,0.704,-0.101,,,,0.504,-0.081,0.86,-0.988,0.11,0.11,,,,none
13.747161,-0.101,0.506,0.856,-0.707,-0.707,0.0,0.463,-0.586,-0.665,0.815,-0.554,-0.17,-0.347,0.52,-0.78,,,,0.949,-0.28,-0.146,-0.722,0.619,-0.309,,,,0.909,-0.234,-0.346,-0.537,0.716,-0.447,,,,0.863,-0.04,-0.504,-0.8,0.582,-0.145,,,,0.495,-0.08,0.865,-0.988,0.0,-0.152,,,,none
13.747286,-0.091,0.511,0.855,-0.371,-0.928,-0.0,0.52,-0.582,-0.625,0.815,-0.555,-0.167,-0.318,0.424,-0.848,,,,0.949,-0.281,-0.142,-0.855,0.367,-0.367,,,,0.91,-0.238,-0.341,-0.527,0.738,-0.422,,,,0.866,-0.043,-0.498,-0.829,0.552,-0.092,,,,0.517,-0.083,0.852,-0.933,0.254,-0.254,,,,none
13.770068,-0.088,0.503,0.859,-0.97,-0.243,-0.0,0.52,-0.582,-0.625,0.815,-0.554,-0.169,-0.404,0.101,-0.909,,,,0.95,-0.278,-0.142,-0.843,0.105,-0.527,,,,0.91,-0.235,-0.341,-0.508,0.609,-0.609,,,,0.865,-0.039,-0.5,-0.896,0.398,-0.199,,,,0.497,-0.087,0.864,-0.63,0.709,-0.315,,,,none
13.81645,-0.092,0.506,0.857,-0.333,-0.667,-0.667,0.52,-0.582,-0.625,0.821,-0.545,-0.173,-0.552,0.092,-0.829,,,,0.953,-0.266,-0.144,-0.867,0.158,-0.473,,,,0.912,-0.225,-0.342,-0.596,0.745,-0.298,,,,0.864,-0.031,-0.503,-0.864,0.504,-0.0,,,,0.492,-0.086,0.867,-0.511,0.639,-0.575,,,,none
14.255152,-0.089,0.503,0.86,-0.686,-0.514,-0.514,0.52,-0.582,-0.625,0.821,-0.545,-0.173,-0.7,-0.14,-0.7,,,,0.953,-0.266,-0.144,-0.841,0.0,-0.541,,,,0.912,-0.228,-0.341,-0.583,0.758,-0.292,,,,0.864,-0.033,-0.502,-0.88,0.474,-0.0,,,,0.495,-0.087,0.865,-0.368,0.683,-0.631,,,,none
14.25531,-0.092,0.506,0.858,-0.557,0.371,-0.743,0.52,-0.582,-0.625,0.818,-0.547,-0.175,-0.822,-0.224,-0.523,,,,0.953,-0.266,-0.143,-0.916,0.0,-0.401,,,,0.915,-0.23,-0.332,-0.605,0.787,-0.121,,,,0.868,-0.036,-0.496,-0.873,0.47,0.134,,,,0.497,-0.079,0.864,-0.212,0.636,-0.742,,,,none
14.25545,-0.098,0.513,0.853,-0.557,0.371,-0.743,0.464,-0.575,-0.673,0.825,-0.537,-0.175,-0.717,-0.359,-0.598,,,,0.958,-0.251,-0.141,-0.831,-0.046,-0.554,,,,0.919,-0.224,-0.326,-0.549,0.768,-0.329,,,,0.869,-0.032,-0.494,-0.862,0.492,-0.123,,,,0.507,-0.068,0.859,-0.042,0.925,-0.378,,,,none
14.255604,-0.097,0.505,0.857,-0.436,-0.873,-0.218,0.464,-0.575,-0.673,0.835,-0.522,-0.175,-0.548,-0.226,-0.806,,,,0.964,-0.23,-0.133,-0.615,0.179,-0.768,,,,0.928,-0.208,-0.31,-0.37,0.711,-0.598,,,,0.874,-0.013,-0.486,-0.727,0.454,-0.515,,,,0.509,-0.072,0.858,0.072,0.99,-0.121,,,,none
14.255732,-0.092,0.497,0.863,-0.436,-0.873,-0.218,0.445,-0.598,-0.666,0.866,-0.474,-0.161,-0.479,0.124,-0.869,,,,0.983,-0.158,-0.096,-0.508,0.364,-0.781,,,,0.954,-0.147,-0.261,-0.407,0.617,-0.673,,,,0.887,0.06,-0.459,-0.724,0.462,-0.512,,,,0.538,-0.074,0.84,0.319,0.932,0.172,,,,none
14.255863,-0.044,0.5,0.865,-0.028,-0.998,0.055,0.445,-0.598,-0.666,0.869,-0.458,-0.185,-0.644,0.368,-0.671,,,,0.985,-0.132,-0.109,-0.675,0.297,-0.675,,,,0.96,-0.107,-0.259,-0.734,0.334,-0.592,,,,0.889,0.115,-0.443,-0.899,0.257,-0.355,,,,0.464,-0.101,0.88,0.401,0.869,0.29,,,,none
14.255998,0.001,0.541,0.841,0.165,-0.959,-0.231,0.445,-0.598,-0.666,0.901,-0.4,-0.166,-0.761,0.434,-0.483,,,,0.995,-0.065,-0.078,-0.824,0.185,-0.536,,,,0.973,-0.055,-0.226,-0.905,0.124,-0.408,,,,0.899,0.17,-0.404,-0.967,0.091,-0.238,,,,0.474,-0.043,0.879,0.615,0.672,0.412,,,,none
14.256985,0.001,0.506,0.863,0.206,-0.529,0.823,0.445,-0.598,-0.666,0.907,-0.361,-0.218,-0.861,0.168,-0.48,,,,0.99,-0.025,-0.137,-0.774,0.06,-0.631,,,,0.961,-0.01,-0.277,-0.848,0.124,-0.515,,,,0.88,0.216,-0.423,-0.932,-0.031,-0.362,,,,0.355,-0.013,0.935,0.638,0.58,0.507,,,,none
14.257119,0.022,0.454,0.891,-0.931,-0.276,0.238,0.445,-0.598,-0.666,0.906,-0.327,-0.267,-0.905,0.124,-0.408,,,,0.984,0.035,-0.172,-0.793,-0.015,-0.609,,,,0.943,0.072,-0.324,-0.855,0.041,-0.518,,,,0.834,0.31,-0.457,-0.93,-0.07,-0.36,,,,0.254,-0.008,0.967,0.628,0.601,0.494,,,,none
14.257243,0.044,0.417,0.908,-0.783,-0.522,0.339,0.445,-0.598,-0.666,0.948,-0.225,-0.225,-0.946,0.035,-0.322,,,,0.981,0.167,-0.1,-0.814,-0.022,-0.58,,,,0.948,0.192,-0.252,-0.865,0.074,-0.496,,,,0.808,0.44,-0.39,-0.918,-0.058,-0.393,,,,0.195,0.021,0.981,0.667,0.627,0.403,,,,none
14.264782,0.113,0.391,0.913,-0.985,-0.122,0.122,0.445,-0.598,-0.666,0.913,-0.244,-0.328,-0.909,-0.058,-0.413,,,,0.971,0.132,-0.198,-0.753,-0.082,-0.653,,,,0.934,0.194,-0.301,-0.869,-0.014,-0.495,,,,0.773,0.523,-0.36,-0.846,-0.035,-0.533,,,,0.169,0.037,0.985,0.747,0.607,0.272,,,,none
14.307915,0.119,0.393,0.912,-0.97,0.029,0.24,0.384,-0.499,-0.777,0.941,-0.145,-0.306,-0.874,-0.226,-0.429,,,,0.954,0.264,-0.145,-0.685,-0.224,-0.693,,,,0.924,0.281,-0.258,-0.896,0.052,-0.442,,,,0.635,0.745,-0.204,-0.796,0.05,-0.604,,,,0.044,0.109,0.993,0.698,0.713,0.075,,,,none
14.353419,0.06,0.29,0.955,-0.97,0.029,0.24,0.388,-0.378,-0.841,0.931,-0.137,-0.337,-0.535,-0.497,-0.683,,,,0.946,0.278,-0.165,-0.203,-0.323,-0.924,,,,0.912,0.313,-0.265,-0.467,-0.181,-0.866,,,,0.689,0.69,-0.222,-0.709,0.093,-0.699,,,,-0.069,0.242,0.968,0.702,0.709,-0.068,,,,none
14.764559,0.057,0.179,0.982,-0.969,0.102,-0.227,0.401,-0.338,-0.851,0.929,-0.14,-0.344,-0.432,-0.61,-0.664,,,,0.949,0.271,-0.162,-0.047,-0.52,-0.853,,,,0.92,0.288,-0.267,-0.178,-0.24,-0.954,,,,0.512,0.858,-0.033,-0.616,0.092,-0.782,,,,-0.161,0.384,0.909,0.738,0.621,-0.265,,,,none
14.764727,0.114,0.181,0.977,-0.98,0.178,-0.089,0.401,-0.338,-0.851,0.926,-0.12,-0.359,-0.223,-0.717,-0.661,,,,0.94,0.293,-0.173,0.199,-0.582,-0.789,,,,0.914,0.316,-0.254,0.142,-0.182,-0.973,,,,0.545,0.838,-0.042,-0.569,0.07,-0.819,,,,-0.248,0.469,0.848,0.753,0.538,-0.379,,,,none
14.764864,0.004,0.126,0.992,-0.949,0.314,-0.006,0.475,-0.178,-0.862,0.911,-0.08,-0.404,-0.07,-0.779,-0.623,,,,0.914,0.345,-0.215,0.333,-0.634,-0.698,,,,0.883,0.378,-0.28,0.232,-0.4,-0.887,,,,0.43,0.898,0.097,-0.678,0.078,-0.731,,,,-0.275,0.564,0.778,0.748,0.434,-0.502,,,,none
14.764993,-0.062,-0.008,0.998,-0.932,0.359,0.05,0.475,-0.178,-0.862,0.885,-0.035,-0.464,-0.123,-0.817,-0.563,,,,0.874,0.398,-0.279,0.288,-0.681,-0.673,,,,0.811,0.459,-0.362,0.216,-0.481,-0.85,,,,0.162,0.955,0.25,-0.705,0.095,-0.703,,,,-0.379,0.626,0.682,0.719,0.384,-0.58,,,,none
14.765135,-0.069,-0.063,0.996,-0.857,0.51,-0.078,0.475,-0.178,-0.862,0.848,-0.037,-0.528,-0.157,-0.868,-0.471,,,,0.857,0.388,-0.34,0.313,-0.7,-0.642,,,,0.801,0.45,-0.396,0.511,-0.264,-0.818,,,,0.11,0.96,0.256,-0.732,0.099,-0.674,,,,-0.364,0.684,0.632,0.704,0.433,-0.563,,,,none
14.765266,-0.172,-0.115,0.978,-0.664,0.73,-0.164,0.475,-0.178,-0.862,0.822,-0.026,-0.569,-0.245,-0.936,-0.253,,,,0.84,0.401,-0.367,0.257,-0.824,-0.505,,,,0.785,0.466,-0.409,0.767,-0.11,-0.632,,,,0.061,0.95,0.307,-0.725,0.065,-0.686,,,,-0.49,0.696,0.525,0.738,0.433,-0.517,,,,none
14.765392,-0.257,-0.055,0.965,-0.571,0.707,-0.416,0.475,-0.178,-0.862,0.77,-0.036,-0.637,-0.422,-0.885,-0.195,,,,0.812,0.39,-0.434,0.0,-0.86,-0.509,,,,0.768,0.437,-0.468,0.871,-0.095,-0.483,,,,-0.051,0.917,0.396,-0.629,0.166,-0.759,,,,-0.535,0.739,0.41,0.727,0.396,-0.561,,,,none
14.766242,-0.311,-0.106,0.945,-0.571,0.707,-0.416,0.625,0.103,-0.774,0.744,-0.059,-0.665,-0.529,-0.829,-0.182,,,,0.818,0.356,-0.452,-0.166,-0.839,-0.519,,,,0.78,0.403,-0.478,0.855,-0.285,-0.434,,,,-0.118,0.897,0.427,-0.434,0.189,-0.881,,,,-0.557,0.755,0.346,0.693,0.358,-0.626,,,,none
14.766373,-0.379,-0.12,0.918,-0.552,0.264,-0.791,0.625,0.103,-0.774,0.722,-0.07,-0.689,-0.704,-0.694,-0.153,,,,0.813,0.341,-0.472,-0.485,-0.728,-0.485,,,,0.787,0.358,-0.503,0.511,-0.608,-0.608,,,,-0.083,0.878,0.471,-0.461,0.154,-0.874,,,,-0.564,0.784,0.26,0.622,0.21,-0.754,,,,none
14.784434,-0.392,-0.108,0.914,-0.663,-0.042,-0.748,0.676,0.186,-0.713,0.697,-0.109,-0.709,-0.8,-0.542,-0.258,,,,0.817,0.294,-0.495,-0.604,-0.572,-0.555,,,,0.796,0.301,-0.525,-0.0,-0.679,-0.734,,,,-0.099,0.88,0.465,-0.531,0.18,-0.828,,,,-0.558,0.807,0.193,0.491,0.075,-0.868,,,,none
14.823002,-0.392,-0.106,0.914,-0.608,-0.152,-0.779,0.706,0.199,-0.68,0.688,-0.095,-0.719,-0.789,-0.497,-0.36,,,,0.811,0.3,-0.503,-0.61,-0.505,-0.61,,,,0.791,0.293,-0.538,0.059,-0.706,-0.706,,,,-0.035,0.862,0.505,-0.624,0.298,-0.723,,,,-0.563,0.81,0.162,0.437,0.047,-0.898,,,,none
15.271822,-0.323,-0.165,0.932,-0.761,-0.33,-0.558,0.691,0.221,-0.688,0.697,-0.04,-0.716,-0.695,-0.359,-0.623,,,,0.796,0.354,-0.491,-0.519,-0.246,-0.819,,,,0.775,0.34,-0.533,0.175,-0.553,-0.815,,,,-0.159,0.833,0.53,-0.754,0.473,-0.456,,,,-0.62,0.764,0.179,0.275,0.129,-0.953,,,,none
15.272087,-0.248,-0.241,0.938,-0.804,-0.438,-0.402,0.673,0.219,-0.706,0.697,0.032,-0.716,-0.57,-0.168,-0.804,,,,0.767,0.428,-0.478,-0.481,0.044,-0.875,,,,0.743,0.408,-0.53,0.138,-0.461,-0.876,,,,-0.297,0.781,0.549,-0.873,0.345,-0.345,,,,-0.684,0.698,0.21,0.219,0.073,-0.973,,,,none
15.272221,-0.211,-0.25,0.945,0.501,-0.358,-0.788,0.672,0.255,-0.696,0.702,0.066,-0.709,-0.725,0.181,-0.665,,,,0.757,0.457,-0.467,-0.867,0.248,-0.433,,,,0.733,0.432,-0.526,-0.759,-0.0,-0.651,,,,-0.291,0.754,0.589,-0.965,0.037,-0.26,,,,-0.701,0.679,0.217,0.108,-0.379,-0.919,,,,none
15.272351,-0.189,-0.208,0.96,0.501,-0.358,-0.788,0.652,0.223,-0.725,0.704,0.093,-0.704,-0.236,0.236,-0.943,,,,0.75,0.48,-0.455,-0.566,0.707,0.424,,,,0.729,0.44,-0.524,0.707,0.424,0.566,,,,-0.269,0.738,0.619,-0.878,0.068,0.473,,,,-0.711,0.666,0.225,0.913,0.183,-0.365,,,,none
15.272489,-0.215,-0.217,0.952,0.501,-0.358,-0.788,0.648,0.207,-0.733,0.71,0.1,-0.697,0.688,0.688,-0.229,,,,0.751,0.489,-0.444,-0.185,0.647,0.74,,,,0.729,0.457,-0.51,0.625,0.469,0.625,,,,-0.303,0.724,0.619,-0.312,-0.156,0.937,,,,-0.716,0.653,0.247,0.832,-0.0,0.555,,,,none
15.272627,-0.204,-0.172,0.964,0.924,0.355,-0.142,0.686,0.26,-0.679,0.716,0.106,-0.69,0.365,0.913,-0.183,,,,0.754,0.493,-0.434,-0.256,0.683,0.683,,,,0.736,0.45,-0.506,0.78,0.347,0.52,,,,-0.237,0.723,0.648,-0.058,0.173,0.983,,,,-0.707,0.663,0.247,0.949,0.0,0.316,,,,none
15.272752,-0.199,-0.18,0.963,0.667,0.741,0.074,0.681,0.207,-0.702,0.721,0.11,-0.685,0.667,0.667,-0.333,,,,0.756,0.496,-0.427,0.174,0.696,0.696,,,,0.738,0.454,-0.498,0.928,0.206,0.309,,,,-0.261,0.718,0.645,0.247,0.247,0.937,,,,-0.708,0.659,0.255,0.914,0.406,0.0,,,,none
15.275342,-0.216,-0.191,0.958,0.667,0.741,0.074,0.692,0.227,-0.685,0.729,0.121,-0.674,-0.094,0.749,-0.656,,,,0.758,0.508,-0.409,-0.16,0.958,0.239,,,,0.741,0.463,-0.487,0.862,0.492,0.123,,,,-0.279,0.717,0.639,-0.138,0.208,0.968,,,,-0.709,0.651,0.271,0.667,0.333,-0.667,,,,none
15.275488,-0.218,-0.177,0.96,0.734,-0.677,-0.056,0.692,0.227,-0.685,0.729,0.104,-0.677,-0.327,0.887,-0.327,,,,0.769,0.487,-0.415,-0.501,0.865,0.046,,,,0.747,0.442,-0.496,-0.066,0.989,-0.132,,,,-0.263,0.724,0.638,-0.802,-0.267,0.535,,,,-0.706,0.661,0.254,-0.667,-0.733,-0.133,,,,none
15.275623,-0.183,-0.169,0.968,0.467,-0.876,0.117,0.665,0.195,-0.721,0.728,0.107,-0.677,-0.089,0.842,-0.532,,,,0.768,0.486,-0.418,-0.221,0.974,-0.044,,,,0.749,0.434,-0.501,0.386,0.837,-0.386,,,,-0.234,0.723,0.65,-0.768,0.144,0.624,,,,-0.702,0.668,0.249,-0.573,-0.655,-0.492,,,,none
15.28885,-0.184,-0.176,0.967,0.752,-0.52,0.405,0.654,0.209,-0.727,0.731,0.118,-0.672,0.214,0.898,-0.385,,,,0.766,0.497,-0.409,-0.075,0.979,0.188,,,,0.743,0.443,-0.501,0.591,0.806,0.0,,,,-0.241,0.717,0.654,-0.613,-0.044,0.789,,,,-0.71,0.657,0.254,-0.342,-0.912,-0.228,,,,none
15.326726,-0.184,-0.164,0.969,0.532,-0.599,0.599,0.654,0.209,-0.727,0.728,0.139,-0.671,0.179,0.76,-0.625,,,,0.756,0.514,-0.406,-0.043,0.991,-0.129,,,,0.73,0.459,-0.507,0.846,0.451,-0.282,,,,-0.264,0.715,0.647,-0.528,0.308,0.792,,,,-0.726,0.638,0.255,-0.111,-0.444,-0.889,,,,none
15.369836,-0.189,-0.194,0.963,0.233,-0.854,0.466,0.68,0.201,-0.705,0.737,0.106,-0.667,0.187,0.888,-0.421,,,,0.779,0.481,-0.402,-0.123,0.985,0.123,,,,0.75,0.429,-0.503,0.662,0.745,-0.083,,,,-0.268,0.728,0.631,-0.394,0.044,0.918,,,,-0.704,0.665,0.247,-0.188,-0.941,-0.282,,,,none
15.784922,-0.256,-0.168,0.952,0.911,-0.243,0.334,0.68,0.201,-0.705,0.743,0.06,-0.667,0.204,0.979,-0.0,,,,0.8,0.443,-0.404,-0.308,0.886,0.347,,,,0.772,0.39,-0.501,-0.233,0.901,0.367,,,,-0.22,0.763,0.607,-0.06,-0.27,0.961,,,,-0.674,0.702,0.229,-0.434,-0.665,0.607,,,,none
15.785063,-0.267,-0.148,0.952,0.91,-0.164,0.382,0.668,0.155,-0.728,0.751,0.02,-0.659,-0.031,0.975,0.22,,,,0.814,0.423,-0.398,-0.68,0.604,0.415,,,,0.806,0.364,-0.466,-0.525,0.775,0.35,,,,-0.037,0.848,0.529,0.501,-0.163,0.85,,,,-0.621,0.741,0.254,-0.507,-0.526,0.682,,,,none
15.785202,-0.322,-0.152,0.934,0.91,-0.164,0.382,0.668,0.155,-0.728,0.782,-0.016,-0.623,-0.764,0.6,0.236,,,,0.84,0.41,-0.356,-0.997,0.072,0.014,,,,0.838,0.358,-0.411,-0.832,0.381,0.404,,,,0.103,0.941,0.322,0.676,-0.124,0.726,,,,-0.526,0.776,0.348,-0.532,-0.582,0.615,,,,none
15.78533,-0.308,-0.061,0.949,0.944,-0.022,0.33,0.623,0.103,-0.775,0.81,0.011,-0.586,-0.953,0.243,0.182,,,,0.838,0.45,-0.309,-0.933,0.128,-0.335,,,,0.826,0.439,-0.354,-0.976,-0.135,-0.172,,,,0.212,0.926,0.312,0.616,-0.125,0.778,,,,-0.439,0.877,0.194,-0.633,-0.369,0.68,,,,none
15.785457,-0.278,0.075,0.958,0.889,0.158,0.429,0.608,0.091,-0.789,0.719,0.029,-0.695,-0.884,0.278,0.376,,,,0.804,0.398,-0.442,-0.952,0.2,-0.232,,,,0.778,0.363,-0.512,-0.994,0.0,-0.113,,,,0.136,0.964,0.227,0.615,-0.075,0.785,,,,-0.497,0.834,0.238,-0.472,-0.238,0.848,,,,none
15.785587,-0.31,0.049,0.95,0.863,0.261,0.432,0.657,-0.005,-0.754,0.733,-0.023,-0.68,-0.467,0.4,0.789,,,,0.823,0.392,-0.41,-0.897,0.394,0.197,,,,0.797,0.373,-0.475,-0.957,0.212,0.197,,,,0.224,0.962,0.157,0.65,-0.09,0.754,,,,-0.441,0.828,0.346,-0.29,-0.203,0.935,,,,none
15.785718,-0.284,0.119,0.951,0.897,0.249,0.365,0.639,-0.048,-0.767,0.755,-0.016,-0.656,0.161,0.33,0.93,,,,0.813,0.468,-0.346,-0.461,0.353,0.814,,,,0.804,0.486,-0.342,-0.658,0.295,0.692,,,,0.383,0.923,0.041,0.675,-0.085,0.733,,,,-0.367,0.834,0.412,0.021,-0.351,0.936,,,,none
15.786691,-0.268,0.268,0.925,0.79,0.582,0.191,0.675,-0.041,-0.737,0.765,0.004,-0.644,0.236,0.026,0.971,,,,0.807,0.492,-0.325,-0.202,0.045,0.978,,,,0.812,0.461,-0.358,-0.874,0.108,0.475,,,,0.365,0.919,0.147,0.721,-0.107,0.685,,,,-0.253,0.875,0.413,0.362,-0.336,0.87,,,,none
15.786822,-0.276,0.18,0.944,0.659,0.705,0.262,0.675,-0.041,-0.737,0.797,-0.062,-0.601,0.387,-0.103,0.916,,,,0.856,0.443,-0.266,0.041,0.164,0.986,,,,0.845,0.47,-0.255,-0.94,0.301,0.163,,,,0.442,0.892,0.095,0.675,-0.02,0.738,,,,-0.211,0.855,0.473,0.466,-0.198,0.862,,,,none
15.789929,-0.225,0.17,0.959,0.713,0.672,0.201,0.675,-0.041,-0.737,0.801,-0.033,-0.597,0.302,-0.243,0.922,,,,0.832,0.506,-0.229,-0.027,0.014,1.0,,,,0.807,0.548,-0.22,-0.89,0.269,0.369,,,,0.436,0.9,0.023,0.574,-0.032,0.818,,,,-0.236,0.849,0.472,0.551,-0.189,0.813,,,,none
15.831865,-0.313,0.27,0.911,0.721,0.683,0.118,0.774,-0.178,-0.607,0.796,-0.041,-0.605,0.145,-0.488,0.861,,,,0.833,0.504,-0.227,-0.384,-0.224,0.896,,,,0.82,0.538,-0.196,-0.992,0.035,-0.124,,,,0.543,0.839,-0.032,0.546,-0.078,0.834,,,,-0.188,0.875,0.447,0.624,-0.1,0.775,,,,none
15.873403,-0.355,0.277,0.893,0.592,0.797,0.12,0.774,-0.178,-0.607,0.797,-0.077,-0.599,0.023,-0.615,0.789,,,,0.847,0.495,-0.194,-0.975,-0.209,0.07,,,,0.827,0.537,-0.166,-0.964,-0.015,-0.267,,,,0.549,0.835,-0.025,0.425,-0.073,0.902,,,,-0.149,0.882,0.446,0.598,-0.077,0.798,,,,none
16.295698,-0.352,0.29,0.89,0.544,0.83,0.125,0.817,-0.272,-0.509,0.751,-0.084,-0.655,0.04,-0.782,0.623,,,,0.835,0.485,-0.26,-0.772,-0.569,-0.284,,,,0.809,0.545,-0.222,-0.893,-0.201,-0.402,,,,0.585,0.805,-0.104,0.357,-0.2,0.913,,,,-0.135,0.908,0.398,0.597,-0.024,0.802,,,,none
16.295844,-0.369,0.292,0.882,0.544,0.83,0.125,0.812,-0.267,-0.519,0.773,-0.061,-0.631,0.448,-0.794,0.41,,,,0.837,0.503,-0.218,0.548,-0.742,0.387,,,,0.82,0.545,-0.173,0.398,-0.906,0.145,,,,0.601,0.795,-0.088,0.588,-0.168,0.792,,,,-0.15,0.897,0.415,0.618,0.042,0.785,,,,none
16.295982,-0.434,0.267,0.86,0.644,0.666,0.377,0.863,-0.235,-0.448,0.803,-0.021,-0.595,0.86,-0.222,0.46,,,,0.811,0.566,-0.149,0.477,0.169,0.862,,,,0.79,0.607,-0.085,0.55,-0.067,0.832,,,,0.539,0.842,-0.017,0.373,-0.012,0.928,,,,-0.171,0.872,0.459,0.365,-0.109,0.925,,,,none
16.296115,-0.405,0.332,0.852,0.878,0.305,0.369,0.868,-0.3,-0.395,0.8,0.009,-0.6,0.64,0.468,0.609,,,,0.777,0.614,-0.14,0.039,0.389,0.92,,,,0.756,0.652,-0.057,0.175,0.137,0.975,,,,0.527,0.849,-0.026,-0.253,0.045,0.966,,,,-0.155,0.879,0.452,-0.279,-0.525,0.804,,,,none
16.296236,-0.396,0.373,0.839,0.577,-0.795,0.187,0.868,-0.3,-0.395,0.812,-0.004,-0.584,0.05,0.957,0.285,,,,0.788,0.604,-0.118,-0.442,0.704,0.556,,,,0.773,0.632,-0.048,-0.3,0.517,0.801,,,,0.561,0.828,-0.031,-0.828,0.229,0.511,,,,-0.117,0.888,0.446,-0.862,-0.486,0.141,,,,none
16.296362,-0.386,0.378,0.841,0.219,-0.97,0.109,0.826,-0.325,-0.461,0.814,-0.098,-0.572,-0.288,0.948,0.132,,,,0.847,0.517,-0.122,-0.711,0.673,0.203,,,,0.83,0.552,-0.079,-0.6,0.6,0.53,,,,0.616,0.786,-0.048,-0.964,0.207,0.165,,,,-0.064,0.886,0.459,-0.883,-0.421,-0.205,,,,none
16.296484,-0.341,0.448,0.827,0.158,-0.987,-0.019,0.821,-0.35,-0.451,0.806,-0.186,-0.562,-0.337,0.923,0.185,,,,0.89,0.437,-0.131,-0.762,0.614,0.205,,,,0.875,0.472,-0.105,-0.662,0.573,0.484,,,,0.706,0.703,-0.078,-0.973,0.156,0.169,,,,0.035,0.908,0.418,-0.862,-0.445,-0.241,,,,none
16.297465,-0.317,0.487,0.814,0.256,-0.966,0.043,0.798,-0.375,-0.472,0.793,-0.253,-0.554,-0.38,0.9,0.215,,,,0.921,0.364,-0.136,-0.799,0.571,0.19,,,,0.908,0.397,-0.132,-0.729,0.561,0.393,,,,0.754,0.65,-0.088,-0.967,0.164,0.193,,,,0.106,0.91,0.401,-0.863,-0.475,-0.173,,,,none
16.297607,-0.285,0.512,0.81,0.486,-0.864,0.135,0.798,-0.375,-0.472,0.789,-0.276,-0.55,-0.303,0.91,0.282,,,,0.934,0.33,-0.137,-0.735,0.576,0.358,,,,0.924,0.357,-0.14,-0.607,0.539,0.584,,,,0.778,0.623,-0.082,-0.91,0.072,0.407,,,,0.133,0.901,0.414,-0.875,-0.482,-0.054,,,,none
16.300729,-0.289,0.505,0.813,0.486,-0.864,0.135,0.775,-0.397,-0.491,0.81,-0.245,-0.533,-0.374,0.873,0.312,,,,0.925,0.362,-0.111,-0.707,0.424,0.566,,,,0.916,0.387,-0.106,-0.634,0.444,0.634,,,,0.76,0.648,-0.056,-0.879,-0.103,0.465,,,,0.103,0.889,0.447,-0.88,-0.44,0.176,,,,none
16.344578,-0.32,0.452,0.833,0.486,-0.864,0.135,0.775,-0.397,-0.491,0.826,-0.216,-0.521,-0.183,-0.365,0.913,,,,0.916,0.392,-0.088,-0.473,-0.158,0.867,,,,0.907,0.414,-0.079,-0.566,-0.424,0.707,,,,0.729,0.684,-0.04,-0.647,-0.185,0.74,,,,0.054,0.877,0.478,-0.359,-0.598,0.717,,,,none
16.386856,-0.332,0.462,0.822,0.738,0.671,-0.067,0.775,-0.397,-0.491,0.83,-0.193,-0.523,0.333,-0.667,0.667,,,,0.906,0.415,-0.082,-0.168,-0.337,0.926,,,,0.9,0.431,-0.071,0.154,-0.772,0.617,,,,0.712,0.701,-0.035,-0.13,-0.391,0.911,,,,0.045,0.877,0.478,-0.229,-0.688,0.688,,,,none
16.805125,-0.341,0.461,0.819,0.647,0.755,-0.108,0.801,-0.376,-0.466,0.821,-0.204,-0.533,0.267,-0.535,-0.802,,,,0.912,0.4,-0.093,-0.316,-0.0,0.949,,,,0.903,0.421,-0.086,0.816,-0.408,-0.408,,,,0.722,0.691,-0.046,-0.577,0.577,0.577,,,,0.051,0.884,0.464,-0.87,0.348,-0.348,,,,none
16.805295,-0.346,0.46,0.818,-0.894,0.0,0.447,0.801,-0.376,-0.466,0.819,-0.201,-0.537,0.164,-0.082,-0.983,,,,0.908,0.406,-0.101,0.324,0.487,-0.811,,,,0.899,0.429,-0.087,0.503,0.503,-0.704,,,,0.718,0.694,-0.054,0.0,0.848,-0.53,,,,0.046,0.889,0.456,-0.61,0.745,-0.271,,,,none
16.805422,-0.359,0.44,0.823,-0.897,-0.276,0.345,0.762,-0.42,-0.494,0.814,-0.196,-0.546,-0.066,0.066,-0.996,,,,0.904,0.413,-0.11,-0.101,0.404,-0.909,,,,0.892,0.441,-0.095,0.076,0.535,-0.841,,,,0.702,0.71,-0.062,-0.154,0.772,-0.617,,,,0.023,0.886,0.464,-0.677,0.621,-0.395,,,,none
16.805565,-0.355,0.443,0.823,-0.762,-0.635,-0.127,0.762,-0.42,-0.494,0.809,-0.203,-0.552,-0.178,0.089,-0.98,,,,0.907,0.404,-0.12,-0.381,0.254,-0.889,,,,0.895,0.434,-0.107,-0.183,0.365,-0.913,,,,0.712,0.698,-0.074,-0.514,0.514,-0.686,,,,0.033,0.893,0.448,-0.743,0.371,-0.557,,,,none
16.805701,-0.356,0.449,0.819,-0.762,-0.635,-0.127,0.762,-0.403,-0.507,0.804,-0.215,-0.554,-0.11,-0.11,-0.988,,,,0.911,0.395,-0.122,-0.487,-0.324,-0.811,,,,0.898,0.425,-0.112,-0.314,0.105,-0.943,,,,0.715,0.695,-0.079,-0.598,0.359,-0.717,,,,0.039,0.894,0.446,-0.667,0.333,-0.667,,,,none
16.80583,-0.359,0.448,0.819,-0.555,0.0,-0.832,0.762,-0.403,-0.507,0.801,-0.221,-0.556,0.218,-0.436,-0.873,,,,0.913,0.388,-0.122,-0.873,-0.436,-0.218,,,,0.899,0.421,-0.116,-0.507,-0.169,-0.845,,,,0.717,0.692,-0.079,-0.873,0.218,-0.436,,,,0.042,0.894,0.446,-0.651,0.391,-0.651,,,,none
16.805958,-0.352,0.448,0.822,0.426,0.64,-0.64,0.753,-0.441,-0.487,0.806,-0.216,-0.551,0.784,-0.588,-0.196,,,,0.911,0.395,-0.122,-0.577,-0.577,0.577,,,,0.898,0.426,-0.111,-0.333,-0.667,-0.667,,,,0.715,0.695,-0.074,-0.97,0.0,0.243,,,,0.038,0.891,0.452,-0.707,0.0,-0.707,,,,none
16.806717,-0.35,0.448,0.823,0.469,0.625,-0.625,0.753,-0.441,-0.487,0.811,-0.21,-0.547,0.885,-0.442,0.147,,,,0.909,0.401,-0.111,-0.457,-0.762,0.457,,,,0.896,0.432,-0.098,-0.577,-0.577,-0.577,,,,0.711,0.7,-0.067,-0.873,-0.436,0.218,,,,0.035,0.887,0.461,-0.64,-0.426,-0.64,,,,none
16.80685,-0.343,0.457,0.821,0.588,0.196,-0.784,0.753,-0.441,-0.487,0.814,-0.214,-0.54,0.913,-0.365,0.183,,,,0.912,0.397,-0.107,-0.625,-0.625,0.469,,,,0.899,0.426,-0.095,-0.686,-0.514,-0.514,,,,0.719,0.692,-0.06,-0.986,-0.164,0.0,,,,0.044,0.887,0.459,-0.743,-0.371,-0.557,,,,none
16.810074,-0.35,0.453,0.82,0.302,0.302,-0.905,0.786,-0.413,-0.46,0.81,-0.222,-0.542,0.992,-0.0,0.124,,,,0.912,0.398,-0.105,-0.577,-0.577,0.577,,,,0.899,0.428,-0.094,-0.784,-0.196,-0.588,,,,0.718,0.693,-0.064,-0.962,0.192,0.192,,,,0.042,0.887,0.459,-0.857,-0.0,-0.514,,,,none
16.848053,-0.346,0.453,0.821,0.577,-0.577,-0.577,0.786,-0.413,-0.46,0.793,-0.243,-0.559,0.985,0.047,0.164,,,,0.915,0.384,-0.123,0.116,-0.349,0.93,,,,0.9,0.425,-0.101,-0.688,-0.229,-0.688,,,,0.719,0.692,-0.069,-0.408,-0.408,0.816,,,,0.046,0.891,0.451,-0.862,0.123,-0.492,,,,none
16.888066,-0.348,0.452,0.821,-0.0,-0.707,-0.707,0.774,-0.413,-0.481,0.81,-0.247,-0.532,0.98,0.068,0.186,,,,0.915,0.386,-0.119,0.466,-0.233,0.854,,,,0.899,0.427,-0.097,-0.617,-0.154,-0.772,,,,0.718,0.693,-0.065,0.302,0.302,0.905,,,,0.045,0.889,0.457,-0.905,0.302,-0.302,,,,none
17.135892,-0.351,0.446,0.823,0.0,0.0,0.0,0.774,-0.413,-0.481,0.79,-0.273,-0.549,0.979,0.087,0.186,,,,0.916,0.375,-0.144,0.565,-0.125,0.816,,,,0.895,0.432,-0.109,-0.745,-0.298,-0.596,,,,0.713,0.697,-0.073,-0.333,0.667,0.667,,,,0.034,0.888,0.459,-0.905,0.302,-0.302,,,,none
17.137583,-0.347,0.45,0.823,0.0,0.0,0.0,0.802,-0.365,-0.473,0.807,-0.294,-0.513,0.972,0.074,0.222,,,,0.921,0.365,-0.133,0.607,-0.137,0.783,,,,0.896,0.432,-0.102,-0.696,-0.696,-0.174,,,,0.716,0.694,-0.074,-0.802,0.267,0.535,,,,0.04,0.889,0.456,-0.973,0.162,-0.162,,,,none
17.137723,-0.349,0.456,0.819,0.873,0.436,-0.218,0.775,-0.396,-0.492,0.814,-0.313,-0.488,0.977,0.068,0.203,,,,0.923,0.36,-0.133,0.603,-0.094,0.792,,,,0.896,0.43,-0.107,-0.832,-0.555,0.0,,,,0.718,0.692,-0.077,-0.688,0.229,0.688,,,,0.041,0.89,0.454,-0.99,0.141,-0.0,,,,none
17.137851,-0.349,0.452,0.821,0.447,0.894,-0.0,0.764,-0.401,-0.505,0.809,-0.333,-0.485,0.987,0.064,0.15,,,,0.926,0.351,-0.139,0.575,-0.144,0.805,,,,0.894,0.433,-0.111,-0.905,-0.302,-0.302,,,,0.713,0.697,-0.079,-0.728,0.485,0.485,,,,0.037,0.891,0.453,-0.953,0.272,-0.136,,,,none
17.137986,-0.354,0.444,0.823,0.316,0.949,-0.0,0.797,-0.36,-0.485,0.81,-0.342,-0.476,0.99,0.034,0.137,,,,0.927,0.346,-0.141,0.521,-0.217,0.825,,,,0.893,0.436,-0.108,-0.816,-0.408,-0.408,,,,0.711,0.699,-0.075,-0.943,0.236,0.236,,,,0.036,0.89,0.455,-0.973,0.162,-0.162,,,,none
17.143403,-0.357,0.455,0.816,0.0,1.0,-0.0,0.787,-0.396,-0.473,0.805,-0.347,-0.481,0.936,-0.0,-0.351,,,,0.929,0.337,-0.151,0.429,-0.286,0.857,,,,0.892,0.44,-0.108,-0.588,0.196,-0.784,,,,0.712,0.698,-0.077,-0.845,0.507,-0.169,,,,0.036,0.891,0.453,-0.889,0.254,-0.381,,,,none
17.17892,-0.358,0.451,0.817,-0.816,-0.408,-0.408,0.822,-0.37,-0.432,0.802,-0.352,-0.483,-0.693,-0.198,-0.693,,,,0.93,0.334,-0.152,-1.0,-0.0,0.0,,,,0.892,0.439,-0.105,-0.535,0.267,-0.802,,,,0.711,0.699,-0.075,-0.855,0.367,-0.367,,,,0.037,0.891,0.453,-0.873,0.218,-0.436,,,,none
17.222225,-0.358,0.448,0.819,-0.816,-0.408,-0.408,0.775,-0.396,-0.492,0.799,-0.353,-0.487,-0.597,0.1,-0.796,,,,0.933,0.326,-0.155,-0.857,0.286,-0.429,,,,0.892,0.44,-0.107,-0.57,0.456,-0.684,,,,0.712,0.698,-0.079,-0.848,0.424,-0.318,,,,0.036,0.89,0.454,-0.88,0.176,-0.44,,,,none
17.265563,-0.352,0.448,0.822,-0.588,-0.784,-0.196,0.775,-0.396,-0.492,0.796,-0.35,-0.493,-0.518,0.207,-0.83,,,,0.931,0.328,-0.158,-0.885,0.147,-0.442,,,,0.89,0.441,-0.111,-0.549,0.329,-0.768,,,,0.711,0.699,-0.081,-0.816,0.408,-0.408,,,,0.031,0.889,0.456,-0.816,0.082,-0.572,,,,none
17.304917,-0.351,0.444,0.824,-0.64,-0.64,-0.426,0.775,-0.396,-0.492,0.797,-0.352,-0.49,-0.566,0.226,-0.793,,,,0.933,0.324,-0.156,-0.937,0.156,-0.312,,,,0.893,0.438,-0.107,-0.566,0.424,-0.707,,,,0.712,0.698,-0.081,-0.889,0.381,-0.254,,,,0.035,0.892,0.451,-0.796,0.1,-0.597,,,,none
17.351566,-0.355,0.443,0.823,0.816,-0.408,-0.408,0.792,-0.365,-0.49,0.8,-0.349,-0.488,-0.625,0.469,-0.625,,,,0.932,0.33,-0.149,-0.98,0.14,0.14,,,,0.89,0.446,-0.094,-0.87,0.348,-0.348,,,,0.704,0.707,-0.071,-0.911,0.391,0.13,,,,0.029,0.887,0.462,-0.93,-0.116,-0.349,,,,none
17.389299,-0.35,0.441,0.827,0.707,-0.566,-0.424,0.792,-0.365,-0.49,0.803,-0.342,-0.488,-0.7,0.7,-0.14,,,,0.931,0.332,-0.15,-0.941,0.188,0.282,,,,0.89,0.445,-0.098,-0.97,0.216,-0.108,,,,0.706,0.705,-0.073,-0.941,0.188,0.282,,,,0.028,0.887,0.462,-0.839,-0.466,-0.28,,,,none
17.435023,-0.362,0.437,0.823,0.745,-0.61,-0.271,0.75,-0.378,-0.543,0.812,-0.336,-0.478,-0.26,0.909,0.325,,,,0.929,0.346,-0.131,-0.889,0.222,0.4,,,,0.884,0.463,-0.061,-0.978,0.196,0.078,,,,0.687,0.725,-0.044,-0.967,0.132,0.22,,,,0.012,0.878,0.479,-0.758,-0.65,-0.054,,,,none
17.473802,-0.355,0.425,0.832,0.611,-0.774,-0.163,0.761,-0.394,-0.515,0.832,-0.326,-0.448,-0.138,0.912,0.387,,,,0.929,0.361,-0.082,-0.854,0.299,0.427,,,,0.879,0.476,-0.007,-0.961,0.227,0.157,,,,0.677,0.736,-0.006,-0.931,0.31,0.191,,,,0.012,0.86,0.51,-0.806,-0.579,0.126,,,,none
17.515135,-0.379,0.391,0.839,0.611,-0.774,-0.163,0.753,-0.411,-0.514,0.85,-0.35,-0.394,0.19,0.906,0.379,,,,0.952,0.305,-0.034,-0.645,0.545,0.536,,,,0.902,0.427,0.066,-0.824,0.373,0.427,,,,0.706,0.707,0.038,-0.62,0.33,0.712,,,,0.028,0.842,0.539,-0.847,-0.428,0.314,,,,none
17.561347,-0.276,0.511,0.814,0.653,-0.725,0.218,0.753,-0.411,-0.514,0.836,-0.388,-0.387,0.295,0.896,0.331,,,,0.958,0.281,-0.064,-0.466,0.625,0.625,,,,0.92,0.392,-0.014,-0.693,0.409,0.593,,,,0.748,0.663,-0.016,-0.625,0.309,0.717,,,,0.065,0.844,0.533,-0.801,-0.474,0.365,,,,none
17.600806,-0.205,0.61,0.765,0.721,-0.628,0.291,0.689,-0.508,-0.518,0.831,-0.388,-0.4,0.17,0.957,0.234,,,,0.957,0.278,-0.082,-0.506,0.66,0.555,,,,0.927,0.374,-0.032,-0.737,0.403,0.543,,,,0.777,0.63,-0.012,-0.681,0.337,0.651,,,,0.147,0.841,0.52,-0.83,-0.438,0.345,,,,none
17.645488,-0.203,0.593,0.779,0.535,-0.759,0.37,0.689,-0.508,-0.518,0.833,-0.446,-0.327,0.082,0.993,0.082,,,,0.981,0.192,-0.017,-0.541,0.719,0.436,,,,0.957,0.29,0.013,-0.741,0.454,0.494,,,,0.82,0.572,0.011,-0.745,0.412,0.526,,,,0.205,0.797,0.568,-0.866,-0.35,0.357,,,,none
17.691115,-0.182,0.602,0.777,0.66,-0.622,0.421,0.577,-0.625,-0.526,0.845,-0.467,-0.261,0.058,0.995,0.087,,,,0.988,0.147,0.048,-0.563,0.706,0.429,,,,0.965,0.244,0.093,-0.719,0.416,0.557,,,,0.836,0.546,0.054,-0.704,0.436,0.561,,,,0.233,0.759,0.608,-0.8,-0.371,0.471,,,,none
17.730032,-0.15,0.628,0.764,0.8,-0.385,0.46,0.503,-0.707,-0.497,0.849,-0.479,-0.223,0.149,0.969,0.196,,,,0.99,0.116,0.086,-0.53,0.686,0.499,,,,0.976,0.195,0.095,-0.656,0.375,0.656,,,,0.843,0.529,0.094,-0.64,0.426,0.64,,,,0.258,0.723,0.641,-0.715,-0.38,0.586,,,,none
17.775043,-0.106,0.695,0.711,0.813,-0.367,0.452,0.476,-0.755,-0.45,0.864,-0.463,-0.197,0.161,0.941,0.296,,,,0.987,0.118,0.111,-0.461,0.638,0.617,,,,0.976,0.175,0.13,-0.532,0.318,0.785,,,,0.861,0.491,0.13,-0.582,0.379,0.719,,,,0.305,0.675,0.672,-0.651,-0.39,0.651,,,,none
17.812899,-0.072,0.709,0.702,0.846,-0.299,0.441,0.467,-0.761,-0.45,0.859,-0.49,-0.151,0.188,0.911,0.366,,,,0.986,0.065,0.15,-0.397,0.62,0.676,,,,0.981,0.111,0.16,-0.426,0.303,0.852,,,,0.878,0.447,0.173,-0.511,0.397,0.763,,,,0.331,0.629,0.703,-0.622,-0.374,0.688,,,,none
17.857753,-0.042,0.761,0.648,0.86,-0.248,0.447,0.389,-0.853,-0.348,0.864,-0.493,-0.102,0.152,0.858,0.491,,,,0.981,0.036,0.192,-0.346,0.569,0.746,,,,0.982,0.059,0.179,-0.319,0.23,0.919,,,,0.887,0.409,0.214,-0.438,0.339,0.833,,,,0.38,0.574,0.725,-0.544,-0.463,0.7,,,,none
17.901735,-0.008,0.789,0.615,0.86,-0.248,0.447,0.41,-0.871,-0.271,0.864,-0.498,-0.07,-0.0,0.818,0.575,,,,0.964,0.023,0.266,-0.388,0.53,0.754,,,,0.972,0.025,0.234,-0.282,0.179,0.943,,,,0.891,0.373,0.258,-0.398,0.345,0.85,,,,0.436,0.523,0.733,-0.512,-0.424,0.747,,,,none
17.941952,0.009,0.81,0.586,0.908,-0.191,0.372,0.41,-0.871,-0.271,0.858,-0.514,-0.02,-0.234,0.785,0.573,,,,0.952,-0.014,0.305,-0.56,0.536,0.631,,,,0.97,-0.03,0.242,-0.32,0.186,0.929,,,,0.902,0.329,0.278,-0.411,0.347,0.843,,,,0.457,0.495,0.739,-0.493,-0.435,0.754,,,,none
17.986679,0.035,0.836,0.548,0.966,-0.085,0.243,0.41,-0.871,-0.271,0.832,-0.553,-0.028,-0.395,0.561,0.728,,,,0.956,-0.084,0.282,-0.624,0.411,0.665,,,,0.963,-0.093,0.253,-0.409,0.06,0.911,,,,0.91,0.282,0.303,-0.382,0.232,0.895,,,,0.479,0.47,0.742,-0.379,-0.533,0.757,,,,none
18.025128,0.042,0.868,0.495,0.973,-0.068,0.219,0.41,-0.871,-0.271,0.798,-0.601,-0.042,-0.279,0.429,0.859,,,,0.949,-0.135,0.285,-0.56,0.334,0.758,,,,0.963,-0.157,0.218,-0.356,-0.017,0.934,,,,0.921,0.227,0.318,-0.373,0.181,0.91,,,,0.521,0.432,0.736,-0.285,-0.592,0.754,,,,none
18.071049,0.047,0.925,0.377,0.973,-0.034,0.23,0.317,-0.944,0.095,0.778,-0.628,0.011,-0.188,0.352,0.917,,,,0.908,-0.171,0.381,-0.581,0.239,0.778,,,,0.936,-0.223,0.273,-0.365,-0.071,0.928,,,,0.924,0.155,0.35,-0.377,0.146,0.914,,,,0.578,0.396,0.713,-0.174,-0.618,0.766,,,,none
18.109996,0.085,0.946,0.312,0.986,0.012,0.166,0.257,-0.943,0.211,0.724,-0.688,-0.042,-0.085,0.283,0.955,,,,0.917,-0.277,0.286,-0.575,0.175,0.799,,,,0.927,-0.314,0.205,-0.381,-0.113,0.918,,,,0.936,0.053,0.349,-0.394,0.109,0.913,,,,0.651,0.342,0.677,-0.143,-0.626,0.766,,,,none
18.152696,0.098,0.967,0.234,0.984,0.026,0.177,0.257,-0.943,0.211,0.693,-0.718,-0.062,0.181,0.258,0.949,,,,0.905,-0.342,0.253,-0.42,0.148,0.895,,,,0.908,-0.382,0.174,-0.294,-0.153,0.943,,,,0.935,-0.054,0.35,-0.35,0.087,0.933,,,,0.743,0.244,0.624,-0.18,-0.595,0.783,,,,none
18.197809,0.128,0.987,0.101,0.976,-0.008,0.22,0.296,-0.824,0.483,0.653,-0.757,-0.013,0.451,0.275,0.849,,,,0.858,-0.421,0.292,-0.248,0.159,0.956,,,,0.867,-0.479,0.136,-0.205,-0.13,0.97,,,,0.939,-0.229,0.257,-0.18,0.114,0.977,,,,0.798,0.131,0.588,-0.261,-0.518,0.814,,,,none
18.242457,0.134,0.991,0.014,0.963,-0.047,0.265,0.247,-0.766,0.593,0.605,-0.792,0.08,0.585,0.313,0.748,,,,0.799,-0.519,0.305,-0.044,0.192,0.98,,,,0.814,-0.574,0.089,0.018,-0.088,0.996,,,,0.888,-0.282,0.365,0.21,0.079,0.974,,,,0.868,0.022,0.497,-0.283,-0.485,0.828,,,,none
18.281127,0.141,0.989,-0.033,0.941,-0.111,0.321,0.247,-0.766,0.593,0.525,-0.842,0.124,0.689,0.36,0.629,,,,0.726,-0.599,0.338,0.086,0.232,0.969,,,,0.737,-0.66,0.144,0.136,-0.03,0.99,,,,0.834,-0.344,0.431,0.311,0.146,0.939,,,,0.886,-0.06,0.459,-0.329,-0.437,0.837,,,,none
18.326286,0.157,0.983,-0.096,0.92,-0.141,0.365,0.174,-0.668,0.724,0.463,-0.869,0.173,0.765,0.38,0.519,,,,0.675,-0.652,0.345,0.166,0.267,0.949,,,,0.695,-0.708,0.124,0.18,0.0,0.984,,,,0.828,-0.377,0.415,0.285,0.256,0.924,,,,0.87,-0.055,0.49,-0.375,-0.405,0.833,,,,none
18.364093,0.2,0.97,-0.138,0.896,-0.169,0.409,0.174,-0.668,0.724,0.396,-0.893,0.214,0.832,0.328,0.447,,,,0.638,-0.708,0.302,0.274,0.222,0.936,,,,0.664,-0.741,0.101,0.305,-0.076,0.949,,,,0.813,-0.414,0.41,0.226,0.301,0.927,,,,0.87,-0.052,0.49,-0.389,-0.448,0.805,,,,none
18.411058,0.197,0.963,-0.182,0.961,-0.168,0.219,0.151,-0.467,0.871,0.382,-0.802,0.459,0.84,0.331,0.431,,,,0.518,-0.722,0.459,0.272,0.23,0.934,,,,0.571,-0.798,0.192,0.381,-0.052,0.923,,,,0.708,-0.507,0.492,0.25,0.336,0.908,,,,0.91,-0.201,0.363,-0.457,-0.457,0.763,,,,none
18.449552,0.262,0.918,-0.297,0.878,-0.224,0.423,0.172,-0.456,0.873,0.3,-0.827,0.475,0.804,0.405,0.435,,,,0.46,-0.749,0.476,0.244,0.305,0.921,,,,0.511,-0.827,0.235,0.451,0.042,0.892,,,,0.656,-0.533,0.535,0.273,0.357,0.893,,,,0.889,-0.246,0.387,-0.52,-0.429,0.738,,,,none
18.493941,0.255,0.919,-0.3,0.926,-0.22,0.306,0.188,-0.342,0.921,0.223,-0.778,0.588,0.83,0.388,0.4,,,,0.324,-0.789,0.522,0.254,0.316,0.914,,,,0.362,-0.886,0.29,0.5,0.111,0.859,,,,0.514,-0.614,0.599,0.323,0.391,0.862,,,,0.901,-0.329,0.284,-0.556,-0.426,0.714,,,,none
18.533737,0.269,0.887,-0.375,0.873,-0.2,0.444,0.185,-0.349,0.919,0.191,-0.761,0.62,0.864,0.381,0.329,,,,0.304,-0.801,0.516,0.254,0.336,0.907,,,,0.351,-0.889,0.294,0.525,0.219,0.822,,,,0.504,-0.599,0.622,0.47,0.389,0.793,,,,0.884,-0.355,0.304,-0.589,-0.351,0.727,,,,none
18.577611,0.275,0.892,-0.359,0.888,-0.237,0.395,0.185,-0.349,0.919,0.193,-0.753,0.629,0.909,0.314,0.273,,,,0.305,-0.808,0.504,0.362,0.261,0.895,,,,0.321,-0.866,0.382,0.566,0.234,0.79,,,,0.5,-0.674,0.544,0.759,0.12,0.64,,,,0.873,-0.366,0.321,-0.677,-0.421,0.604,,,,none
18.620447,0.267,0.887,-0.376,0.888,-0.387,0.25,0.153,-0.291,0.944,0.185,-0.714,0.676,0.843,0.401,0.36,,,,0.281,-0.806,0.521,0.274,0.209,0.939,,,,0.339,-0.887,0.314,0.036,-0.024,0.999,,,,0.591,-0.568,0.573,0.86,-0.061,0.507,,,,0.861,-0.359,0.36,-0.788,-0.595,0.158,,,,none
18.66773,0.279,0.874,-0.399,0.771,-0.613,-0.173,0.161,-0.299,0.941,0.162,-0.73,0.664,0.845,0.378,0.378,,,,0.277,-0.811,0.516,0.36,0.201,0.911,,,,0.3,-0.912,0.28,0.138,-0.069,0.988,,,,0.504,-0.454,0.735,0.921,-0.119,0.372,,,,0.9,-0.33,0.285,-0.792,-0.608,-0.042,,,,none
18.70985,0.27,0.879,-0.392,0.597,-0.802,-0.021,0.196,-0.272,0.942,0.121,-0.727,0.676,0.884,0.37,0.286,,,,0.244,-0.823,0.513,0.547,0.259,0.796,,,,0.266,-0.921,0.286,0.538,0.039,0.842,,,,0.494,-0.479,0.725,0.948,-0.007,0.317,,,,0.901,-0.356,0.247,-0.862,-0.506,0.0,,,,none
18.751324,0.283,0.852,-0.441,0.637,-0.771,-0.017,0.196,-0.272,0.942,0.103,-0.664,0.74,0.94,0.241,0.241,,,,0.204,-0.803,0.56,0.671,0.166,0.722,,,,0.221,-0.913,0.342,0.621,-0.015,0.784,,,,0.471,-0.347,0.811,0.956,0.025,0.291,,,,0.903,-0.373,0.215,-0.88,-0.41,0.241,,,,none
18.797346,0.247,0.864,-0.438,0.292,-0.956,-0.016,0.239,-0.21,0.948,0.063,-0.6,0.798,0.98,0.171,0.1,,,,0.152,-0.791,0.593,0.759,0.147,0.634,,,,0.145,-0.88,0.452,0.621,0.043,0.783,,,,0.405,-0.137,0.904,0.974,-0.016,0.225,,,,0.916,-0.393,0.084,-0.994,0.102,0.025,,,,none
18.841731,0.047,0.875,-0.482,-0.497,-0.781,0.379,0.281,-0.219,0.934,0.021,-0.527,0.85,0.998,0.068,-0.017,,,,0.087,-0.796,0.598,0.871,0.103,0.48,,,,0.122,-0.928,0.353,0.716,0.039,0.697,,,,0.32,-0.157,0.934,0.975,-0.212,0.059,,,,0.857,-0.501,0.119,0.414,0.16,-0.896,,,,none
18.88112,0.185,0.846,-0.5,0.755,-0.656,-0.0,0.281,-0.219,0.934,0.009,-0.391,0.92,0.983,0.152,-0.103,,,,0.0,-0.649,0.761,0.878,0.181,0.443,,,,-0.086,-0.775,0.626,-0.139,0.715,-0.685,,,,0.363,0.001,0.932,0.892,-0.306,-0.331,,,,0.909,-0.362,0.207,0.616,-0.119,-0.778,,,,none
18.925049,-0.003,0.852,-0.524,0.719,-0.563,0.407,0.281,-0.219,0.934,0.098,-0.244,0.965,0.538,0.538,-0.649,,,,0.023,-0.51,0.86,0.529,0.827,-0.188,,,,0.158,-0.422,0.893,-0.915,0.194,-0.353,,,,0.534,0.039,0.845,0.504,0.107,-0.857,,,,0.971,-0.187,0.152,0.518,0.019,-0.855,,,,none
18.967803,0.289,0.866,-0.407,0.438,-0.83,0.346,0.281,-0.219,0.934,0.022,-0.358,0.934,-0.854,0.418,-0.311,,,,-0.069,-0.577,0.814,0.251,0.95,-0.188,,,,0.188,-0.912,0.364,-0.954,0.037,-0.298,,,,0.509,0.025,0.86,0.327,-0.848,-0.416,,,,0.969,-0.061,0.24,0.558,0.475,-0.68,,,,none
19.009747,0.26,0.817,-0.514,0.13,0.609,0.783,0.255,-0.187,0.949,-0.048,-0.39,0.92,-0.74,0.541,-0.399,,,,-0.188,-0.611,0.769,0.441,0.881,0.17,,,,0.389,-0.864,-0.321,-0.876,0.361,-0.321,,,,0.565,0.062,0.823,0.338,-0.897,-0.285,,,,0.944,-0.107,0.311,0.484,0.786,-0.384,,,,none
19.051349,0.252,0.827,-0.503,-0.072,0.61,0.789,0.255,-0.187,0.949,-0.003,-0.467,0.884,-0.844,-0.13,-0.52,,,,-0.023,-0.657,0.754,0.433,0.643,-0.632,,,,0.385,-0.808,-0.447,-0.71,0.616,-0.342,,,,0.639,0.145,0.756,0.364,-0.899,-0.243,,,,0.934,-0.041,0.355,0.846,0.254,-0.47,,,,none
19.097461,0.265,0.832,-0.487,-0.089,0.842,0.532,0.229,-0.16,0.96,0.032,-0.426,0.904,0.223,-0.569,-0.792,,,,-0.045,-0.586,0.809,0.665,0.559,-0.496,,,,0.432,-0.856,-0.285,-0.532,0.779,-0.332,,,,0.717,0.191,0.67,0.443,-0.843,-0.306,,,,0.926,-0.02,0.377,0.643,0.688,-0.337,,,,none
19.143107,0.279,0.842,-0.462,0.207,0.83,0.518,0.205,-0.24,0.949,0.054,-0.411,0.91,0.714,-0.238,-0.659,,,,-0.049,-0.549,0.834,0.762,0.56,-0.325,,,,0.433,-0.881,-0.192,-0.403,0.914,0.04,,,,0.753,0.222,0.62,0.623,-0.707,-0.335,,,,0.918,0.004,0.398,0.473,0.877,-0.088,,,,none
19.18169,0.284,0.838,-0.466,-0.437,0.749,0.499,0.205,-0.24,0.949,0.07,-0.42,0.905,0.612,-0.149,-0.777,,,,-0.052,-0.549,0.835,0.686,0.639,-0.349,,,,0.389,-0.889,-0.244,-0.27,0.919,0.288,,,,0.761,0.233,0.606,0.646,-0.7,-0.305,,,,0.916,-0.002,0.401,0.459,0.876,-0.146,,,,none
19.227605,0.291,0.843,-0.453,-0.332,0.73,0.597,0.151,-0.224,0.963,0.088,-0.422,0.902,0.773,-0.301,-0.558,,,,-0.065,-0.532,0.844,0.962,0.224,-0.157,,,,0.382,-0.903,-0.198,0.254,0.799,0.545,,,,0.765,0.253,0.592,0.692,-0.692,-0.204,,,,0.909,-0.014,0.416,0.638,0.766,-0.077,,,,none
19.265883,0.271,0.841,-0.468,-0.78,0.6,0.18,0.151,-0.224,0.963,0.09,-0.388,0.917,0.744,-0.359,-0.564,,,,-0.062,-0.51,0.858,0.937,-0.248,-0.248,,,,0.389,-0.903,-0.185,0.147,0.885,0.442,,,,0.781,0.257,0.569,0.527,-0.838,-0.144,,,,0.905,0.013,0.424,0.622,0.682,-0.385,,,,none
19.305071,0.297,0.837,-0.46,-0.505,0.808,0.303,0.195,-0.183,0.964,0.1,-0.378,0.92,0.804,-0.402,-0.438,,,,-0.057,-0.491,0.869,0.956,-0.291,-0.042,,,,0.388,-0.907,-0.162,0.426,0.681,0.596,,,,0.787,0.271,0.553,0.683,-0.729,0.046,,,,0.897,0.018,0.442,0.676,0.676,-0.296,,,,none
19.34808,0.294,0.843,-0.45,0.302,0.302,-0.905,0.195,-0.183,0.964,0.099,-0.368,0.925,0.745,-0.331,-0.579,,,,-0.059,-0.486,0.872,0.802,-0.535,0.267,,,,0.386,-0.907,-0.166,-0.348,0.87,0.348,,,,0.789,0.268,0.553,0.477,-0.572,0.667,,,,0.9,0.02,0.435,0.909,0.101,-0.404,,,,none
19.391465,0.28,0.845,-0.456,0.535,0.802,-0.267,0.195,-0.183,0.964,0.097,-0.368,0.925,0.768,-0.384,-0.512,,,,-0.06,-0.488,0.871,0.324,-0.811,0.487,,,,0.395,-0.906,-0.155,-0.555,0.832,0.0,,,,0.791,0.262,0.552,0.13,-0.391,0.911,,,,0.904,0.02,0.428,0.802,-0.267,-0.535,,,,none
19.429829,0.29,0.842,-0.456,-0.447,-0.0,-0.894,0.178,-0.239,0.955,0.094,-0.367,0.926,0.312,-0.156,-0.937,,,,-0.057,-0.49,0.87,-0.447,-0.894,0.0,,,,0.388,-0.906,-0.17,-0.625,0.781,-0.0,,,,0.793,0.257,0.552,-0.512,-0.384,0.768,,,,0.906,0.025,0.422,0.359,-0.598,-0.717,,,,none
19.473984,0.285,0.84,-0.461,0.196,0.0,-0.981,0.178,-0.239,0.955,0.093,-0.37,0.925,-0.243,0.0,-0.97,,,,-0.055,-0.496,0.866,-0.873,-0.436,0.218,,,,0.387,-0.906,-0.173,-0.707,0.707,0.0,,,,0.796,0.251,0.551,-0.762,0.127,0.635,,,,0.908,0.028,0.418,-0.154,-0.617,-0.772,,,,none
19.513129,0.286,0.844,-0.453,-0.192,0.192,-0.962,0.178,-0.239,0.955,0.096,-0.368,0.925,-0.64,0.426,-0.64,,,,-0.053,-0.493,0.868,-0.99,0.0,0.141,,,,0.378,-0.909,-0.175,-0.905,0.302,-0.302,,,,0.796,0.254,0.55,-0.697,0.398,0.597,,,,0.906,0.029,0.421,-0.512,-0.384,-0.768,,,,none
19.554242,0.289,0.844,-0.453,-0.192,0.192,-0.962,0.181,-0.237,0.954,0.092,-0.368,0.925,-0.873,-0.218,-0.436,,,,-0.063,-0.493,0.868,-0.889,-0.381,0.254,,,,0.379,-0.91,-0.169,-0.447,-0.0,-0.894,,,,0.794,0.25,0.554,-0.667,0.333,0.667,,,,0.909,0.02,0.416,-0.342,-0.228,-0.912,,,,none
19.596616,0.289,0.837,-0.464,-0.745,0.298,-0.596,0.174,-0.243,0.954,0.098,-0.36,0.928,-0.997,-0.077,0.0,,,,-0.059,-0.483,0.874,-0.959,-0.274,0.069,,,,0.386,-0.91,-0.151,-0.535,0.076,-0.841,,,,0.795,0.255,0.55,-0.665,0.181,0.725,,,,0.905,0.025,0.425,-0.359,-0.359,-0.862,,,,none
19.64084,0.294,0.841,-0.455,-0.432,-0.259,-0.864,0.203,-0.213,0.956,0.084,-0.382,0.92,-0.986,-0.152,0.076,,,,-0.061,-0.511,0.857,-0.953,-0.136,0.272,,,,0.379,-0.903,-0.201,-0.28,-0.466,-0.839,,,,0.796,0.227,0.561,-0.642,0.161,0.749,,,,0.915,0.033,0.402,-0.069,-0.553,-0.83,,,,none
19.679426,0.271,0.848,-0.455,-0.241,0.12,-0.963,0.203,-0.213,0.956,0.094,-0.376,0.922,-0.964,-0.257,0.064,,,,-0.059,-0.502,0.863,-0.922,-0.346,0.173,,,,0.395,-0.903,-0.169,-0.432,-0.259,-0.864,,,,0.797,0.233,0.558,-0.624,-0.052,0.78,,,,0.912,0.032,0.409,0.112,-0.614,-0.781,,,,none
19.726403,0.291,0.843,-0.453,0.351,0.0,-0.936,0.209,-0.203,0.957,0.092,-0.393,0.915,-0.976,-0.195,0.098,,,,-0.051,-0.519,0.853,-0.933,-0.215,0.287,,,,0.393,-0.896,-0.204,0.108,-0.97,-0.216,,,,0.803,0.213,0.556,-0.625,0.0,0.781,,,,0.917,0.049,0.395,0.162,-0.808,-0.566,,,,none
19.764097,0.272,0.852,-0.447,0.482,0.241,-0.843,0.209,-0.203,0.957,0.093,-0.382,0.919,-0.97,-0.216,0.108,,,,-0.057,-0.508,0.859,-0.899,-0.225,0.375,,,,0.394,-0.902,-0.178,0.418,-0.906,0.07,,,,0.801,0.224,0.555,-0.616,-0.352,0.704,,,,0.915,0.039,0.401,0.282,-0.776,-0.564,,,,none
19.806765,0.282,0.848,-0.448,-0.507,-0.169,-0.845,0.233,-0.241,0.942,0.088,-0.39,0.917,-0.942,-0.202,-0.269,,,,-0.059,-0.513,0.856,-0.892,-0.446,-0.074,,,,0.39,-0.9,-0.197,0.543,-0.839,0.049,,,,0.803,0.214,0.557,-0.621,-0.677,0.395,,,,0.92,0.044,0.39,0.159,-0.584,-0.796,,,,none
19.845669,0.258,0.859,-0.442,-0.894,-0.0,-0.447,0.233,-0.241,0.942,0.101,-0.376,0.921,-0.899,-0.196,-0.391,,,,-0.052,-0.493,0.869,-0.855,-0.252,-0.453,,,,0.4,-0.901,-0.17,0.588,-0.784,-0.196,,,,0.81,0.229,0.54,-0.643,-0.719,0.265,,,,0.911,0.048,0.41,-0.072,-0.503,-0.862,,,,none
19.891724,0.217,0.819,-0.532,-0.754,-0.278,-0.595,0.242,-0.212,0.947,0.083,-0.388,0.918,-0.978,0.102,-0.183,,,,-0.077,-0.495,0.865,-0.882,-0.165,-0.441,,,,0.273,-0.923,-0.27,-0.22,-0.969,0.11,,,,0.793,0.223,0.567,-0.78,-0.4,0.48,,,,0.918,0.027,0.396,-0.105,-0.843,-0.527,,,,none
19.929392,0.255,0.884,-0.391,-0.754,-0.278,-0.595,0.215,-0.257,0.942,0.077,-0.302,0.95,-0.996,-0.092,0.012,,,,-0.154,-0.381,0.912,-0.79,-0.492,-0.365,,,,0.364,-0.906,-0.217,0.007,-0.981,-0.196,,,,0.791,0.272,0.548,-0.84,0.475,0.263,,,,0.889,0.06,0.454,-0.514,-0.851,-0.112,,,,none
19.973585,0.198,0.91,-0.364,-0.767,-0.3,-0.567,0.253,-0.266,0.93,0.107,-0.43,0.897,-0.977,-0.15,-0.153,,,,-0.054,-0.511,0.858,-0.613,-0.522,-0.593,,,,0.427,-0.862,-0.274,0.594,-0.543,-0.594,,,,0.804,0.077,0.59,-0.956,0.279,0.085,,,,0.974,0.051,0.221,-0.639,-0.647,-0.416,,,,none
20.045683,0.206,0.915,-0.347,-0.767,-0.3,-0.567,0.244,-0.358,0.901,0.057,-0.535,0.843,-0.958,-0.233,-0.167,,,,0.136,-0.619,0.774,-0.64,-0.552,-0.534,,,,0.3,-0.906,-0.297,0.671,0.072,-0.738,,,,0.738,0.03,0.674,-0.967,-0.239,0.084,,,,0.983,0.033,0.178,-0.453,-0.091,-0.887,,,,none
20.056245,0.203,0.895,-0.396,-0.974,0.144,-0.177,0.244,-0.358,0.901,0.13,-0.847,0.515,-0.937,-0.305,-0.174,,,,0.356,-0.799,0.485,-0.7,-0.466,-0.541,,,,0.422,-0.897,-0.135,0.692,0.087,-0.716,,,,0.773,0.022,0.635,-0.967,-0.121,-0.224,,,,0.97,0.114,0.215,-0.532,0.125,-0.838,,,,none
20.09546,0.228,0.945,-0.235,-0.969,0.209,-0.133,0.285,-0.427,0.858,0.202,-0.922,0.331,-0.811,-0.418,-0.41,,,,0.465,-0.842,0.274,-0.433,-0.438,-0.788,,,,0.483,-0.869,-0.111,0.716,0.099,-0.691,,,,0.799,0.042,0.6,-0.594,-0.594,-0.542,,,,0.958,0.131,0.254,-0.378,0.595,-0.709,,,,none
20.140157,0.203,0.963,-0.175,-0.959,0.272,0.075,0.232,-0.525,0.819,0.317,-0.86,0.399,-0.421,-0.519,-0.744,,,,0.515,-0.728,0.454,0.178,-0.384,-0.906,,,,0.583,-0.812,0.011,0.673,0.189,-0.715,,,,0.815,0.087,0.573,-0.09,-0.852,-0.516,,,,0.926,0.173,0.335,-0.186,0.778,-0.6,,,,none
20.178957,0.198,0.974,-0.108,-0.959,0.25,0.131,0.232,-0.525,0.819,0.38,-0.834,0.4,-0.254,-0.482,-0.839,,,,0.544,-0.686,0.483,0.362,-0.266,-0.894,,,,0.615,-0.788,0.029,0.625,0.256,-0.737,,,,0.837,0.101,0.538,-0.141,-0.857,-0.495,,,,0.921,0.163,0.354,-0.231,0.823,-0.52,,,,none
20.225127,0.223,0.974,-0.049,-0.964,0.257,0.072,0.101,-0.847,0.521,0.432,-0.813,0.39,-0.206,-0.473,-0.857,,,,0.573,-0.637,0.515,0.421,-0.262,-0.868,,,,0.639,-0.762,0.102,0.583,0.25,-0.773,,,,0.833,0.121,0.54,-0.04,-0.902,-0.431,,,,0.913,0.157,0.377,-0.148,0.838,-0.526,,,,none
20.264145,0.208,0.976,0.061,-0.965,0.256,0.061,0.101,-0.847,0.521,0.53,-0.768,0.36,-0.224,-0.47,-0.854,,,,0.642,-0.542,0.542,0.403,-0.274,-0.873,,,,0.703,-0.695,0.147,0.515,0.2,-0.834,,,,0.876,0.107,0.47,-0.25,-0.822,-0.512,,,,0.894,0.195,0.404,-0.064,0.845,-0.531,,,,none
20.306092,0.241,0.965,0.1,-0.967,0.248,0.056,0.101,-0.847,0.521,0.616,-0.735,0.285,-0.212,-0.441,-0.872,,,,0.747,-0.426,0.51,0.414,-0.226,-0.882,,,,0.816,-0.532,0.225,0.477,0.243,-0.844,,,,0.915,0.178,0.362,-0.068,-0.859,-0.507,,,,0.784,0.315,0.535,-0.057,0.87,-0.49,,,,none
20.34714,0.234,0.925,0.3,-0.912,0.341,0.227,0.101,-0.847,0.521,0.71,-0.665,0.232,-0.152,-0.438,-0.886,,,,0.793,-0.3,0.531,0.435,-0.218,-0.874,,,,0.863,-0.405,0.302,0.52,0.257,-0.815,,,,0.938,0.257,0.231,-0.038,-0.793,-0.608,,,,0.689,0.36,0.629,-0.06,0.924,-0.377,,,,none
20.389384,0.214,0.875,0.434,-0.91,0.314,0.27,0.03,-0.999,0.04,0.827,-0.54,0.155,-0.149,-0.388,-0.91,,,,0.855,-0.125,0.503,0.417,-0.157,-0.895,,,,0.892,-0.227,0.391,0.514,0.282,-0.81,,,,0.926,0.364,0.097,0.038,-0.739,-0.672,,,,0.551,0.374,0.746,-0.05,0.942,-0.332,,,,none
20.431627,0.273,0.782,0.561,-0.93,0.307,0.205,-0.114,-0.968,-0.225,0.857,-0.471,0.209,0.101,-0.351,-0.931,,,,0.855,-0.049,0.516,0.451,-0.158,-0.878,,,,0.883,-0.141,0.447,0.516,0.327,-0.792,,,,0.902,0.428,0.054,-0.059,-0.701,-0.711,,,,0.457,0.393,0.798,-0.077,0.963,-0.258,,,,none
20.476001,0.287,0.717,0.635,-0.721,0.495,0.484,-0.155,-0.959,-0.239,0.899,-0.425,0.108,-0.052,-0.38,-0.924,,,,0.872,0.012,0.489,0.485,-0.121,-0.866,,,,0.887,-0.086,0.455,0.599,0.334,-0.728,,,,0.876,0.483,0.002,-0.236,-0.575,-0.783,,,,0.381,0.36,0.852,-0.125,0.989,-0.075,,,,none
20.515769,0.258,0.766,0.589,-0.721,0.495,0.484,-0.128,-0.956,-0.265,0.934,-0.34,0.113,-0.107,-0.412,-0.905,,,,0.841,0.114,0.529,0.472,-0.216,-0.855,,,,0.851,-0.03,0.524,0.589,0.253,-0.767,,,,0.872,0.49,0.018,-0.434,-0.591,-0.68,,,,0.409,0.337,0.848,-0.104,0.98,-0.167,,,,none
20.559241,0.278,0.723,0.632,-0.913,0.356,0.2,-0.123,-0.919,-0.375,0.938,-0.336,0.091,-0.192,-0.404,-0.894,,,,0.856,0.113,0.504,0.406,-0.224,-0.886,,,,0.865,-0.02,0.501,0.503,0.236,-0.831,,,,0.869,0.495,-0.024,-0.3,-0.657,-0.692,,,,0.371,0.35,0.86,-0.067,0.967,-0.247,,,,none
20.605067,0.224,0.729,0.647,-0.913,0.356,0.2,-0.126,-0.902,-0.414,0.954,-0.291,0.067,-0.294,-0.342,-0.892,,,,0.85,0.169,0.499,0.293,-0.172,-0.94,,,,0.856,0.026,0.517,0.398,0.252,-0.882,,,,0.86,0.511,-0.023,-0.324,-0.658,-0.679,,,,0.368,0.349,0.862,-0.092,0.9,-0.427,,,,none
20.643568,0.235,0.715,0.658,-0.98,0.187,0.075,-0.126,-0.902,-0.414,0.956,-0.289,0.045,-0.357,-0.348,-0.867,,,,0.863,0.17,0.476,0.251,-0.233,-0.94,,,,0.869,0.029,0.495,0.342,0.193,-0.92,,,,0.858,0.514,-0.031,-0.174,-0.743,-0.646,,,,0.359,0.357,0.863,-0.02,0.847,-0.532,,,,none
20.686381,0.253,0.647,0.719,-0.985,0.171,0.033,-0.126,-0.902,-0.414,0.955,-0.293,0.044,-0.358,-0.35,-0.866,,,,0.863,0.166,0.478,0.256,-0.19,-0.948,,,,0.87,0.04,0.492,0.317,0.236,-0.919,,,,0.853,0.522,-0.005,-0.291,-0.659,-0.693,,,,0.338,0.404,0.85,-0.035,0.896,-0.443,,,,none
20.729695,0.213,0.62,0.755,-0.902,0.353,0.249,-0.152,-0.817,-0.556,0.975,-0.221,-0.002,-0.32,-0.304,-0.897,,,,0.857,0.251,0.45,0.25,-0.043,-0.967,,,,0.866,0.118,0.485,0.356,0.313,-0.881,,,,0.818,0.571,-0.067,-0.553,-0.397,-0.732,,,,0.259,0.391,0.883,-0.06,0.931,-0.36,,,,none
20.774977,0.209,0.62,0.757,-0.977,0.117,0.178,-0.152,-0.817,-0.556,0.993,-0.108,-0.039,-0.228,-0.215,-0.95,,,,0.826,0.358,0.435,0.331,0.013,-0.943,,,,0.821,0.207,0.532,0.376,0.376,-0.847,,,,0.783,0.611,-0.12,-0.178,-0.429,-0.885,,,,0.213,0.37,0.904,-0.089,0.872,-0.481,,,,none
20.814431,0.25,0.539,0.805,-0.977,0.117,0.178,-0.17,-0.704,-0.689,0.998,-0.064,-0.029,-0.207,-0.181,-0.961,,,,0.793,0.404,0.456,0.327,0.032,-0.944,,,,0.797,0.254,0.549,0.338,0.385,-0.859,,,,0.734,0.67,-0.105,-0.049,-0.425,-0.904,,,,0.136,0.364,0.922,-0.116,0.829,-0.547,,,,none
20.858247,0.267,0.431,0.862,-0.994,0.025,0.11,-0.179,-0.649,-0.739,0.998,0.065,-0.021,-0.175,-0.133,-0.976,,,,0.692,0.533,0.486,0.279,0.107,-0.954,,,,0.713,0.364,0.599,0.327,0.393,-0.86,,,,0.654,0.751,-0.09,-0.063,-0.353,-0.934,,,,0.033,0.347,0.937,-0.137,0.795,-0.591,,,,none
20.894802,0.25,0.41,0.877,-0.998,-0.008,0.057,-0.197,-0.587,-0.786,0.991,0.137,-0.006,-0.16,-0.071,-0.984,,,,0.67,0.583,0.46,0.207,0.122,-0.971,,,,0.67,0.421,0.612,0.264,0.413,-0.872,,,,0.594,0.795,-0.119,-0.083,-0.326,-0.942,,,,-0.053,0.345,0.937,-0.159,0.777,-0.61,,,,none
20.94052,0.278,0.219,0.935,-0.996,-0.07,0.059,-0.197,-0.587,-0.786,0.983,0.177,-0.051,-0.342,-0.1,-0.934,,,,0.664,0.61,0.432,0.144,0.134,-0.98,,,,0.647,0.453,0.613,0.215,0.427,-0.879,,,,0.547,0.827,-0.131,-0.065,-0.345,-0.936,,,,-0.116,0.351,0.929,-0.205,0.754,-0.624,,,,none
20.976483,0.275,0.105,0.956,-0.994,-0.082,0.067,-0.194,-0.388,-0.901,0.974,0.221,-0.049,-0.319,-0.066,-0.945,,,,0.592,0.656,0.468,0.161,0.176,-0.971,,,,0.608,0.496,0.619,0.205,0.475,-0.856,,,,0.495,0.858,-0.135,-0.118,-0.284,-0.951,,,,-0.179,0.352,0.919,-0.255,0.784,-0.566,,,,none
21.022875,0.263,0.038,0.964,-0.982,-0.073,0.174,-0.194,-0.388,-0.901,0.933,0.351,-0.086,-0.333,-0.011,-0.943,,,,0.505,0.759,0.41,0.136,0.224,-0.965,,,,0.497,0.6,0.627,0.18,0.528,-0.83,,,,0.366,0.913,-0.177,-0.129,-0.212,-0.969,,,,-0.321,0.279,0.905,-0.282,0.809,-0.515,,,,none
21.059715,0.296,-0.06,0.953,-0.983,-0.14,0.119,-0.156,-0.219,-0.963,0.927,0.369,-0.064,-0.282,0.022,-0.959,,,,0.481,0.766,0.426,0.208,0.253,-0.945,,,,0.459,0.614,0.642,0.183,0.534,-0.826,,,,0.333,0.93,-0.156,-0.107,-0.218,-0.97,,,,-0.356,0.261,0.897,-0.293,0.776,-0.559,,,,none
21.102661,0.306,-0.106,0.946,-0.97,-0.182,0.16,-0.156,-0.219,-0.963,0.889,0.456,-0.028,-0.175,0.07,-0.982,,,,0.368,0.813,0.45,0.27,0.345,-0.899,,,,0.399,0.647,0.65,0.24,0.597,-0.766,,,,0.262,0.955,-0.142,-0.05,-0.114,-0.992,,,,-0.399,0.237,0.886,-0.325,0.788,-0.523,,,,none
21.148142,0.3,-0.211,0.93,-0.98,-0.077,0.185,-0.156,-0.219,-0.963,0.766,0.642,-0.029,-0.198,0.04,-0.979,,,,0.177,0.908,0.379,0.256,0.308,-0.916,,,,0.195,0.751,0.631,0.271,0.601,-0.752,,,,0.055,0.979,-0.195,0.009,-0.093,-0.996,,,,-0.577,0.12,0.808,-0.283,0.84,-0.463,,,,none
21.185332,0.276,-0.398,0.875,-0.98,-0.077,0.185,-0.179,0.119,-0.977,0.727,0.686,-0.008,-0.282,-0.013,-0.959,,,,0.112,0.925,0.362,0.236,0.224,-0.946,,,,0.083,0.788,0.61,0.252,0.517,-0.818,,,,-0.023,0.981,-0.193,0.038,-0.203,-0.978,,,,-0.638,0.085,0.765,-0.238,0.807,-0.541,,,,none
21.231304,0.27,-0.4,0.876,-0.992,-0.121,-0.044,-0.181,0.207,-0.961,0.72,0.693,-0.025,-0.473,-0.022,-0.881,,,,0.117,0.93,0.348,0.134,0.185,-0.973,,,,0.102,0.8,0.591,0.196,0.436,-0.878,,,,-0.014,0.979,-0.202,-0.035,-0.311,-0.95,,,,-0.645,0.118,0.755,-0.226,0.695,-0.683,,,,none
21.270322,0.286,-0.348,0.893,-0.992,-0.121,-0.044,-0.169,0.276,-0.946,0.697,0.717,-0.019,-0.509,-0.036,-0.86,,,,0.072,0.936,0.343,0.154,0.149,-0.977,,,,0.079,0.801,0.593,0.194,0.377,-0.906,,,,-0.047,0.979,-0.199,-0.065,-0.337,-0.939,,,,-0.66,0.095,0.745,-0.212,0.648,-0.732,,,,none
21.311553,0.312,-0.472,0.825,-0.978,-0.147,-0.147,-0.169,0.276,-0.946,0.681,0.732,0.034,-0.522,-0.022,-0.853,,,,0.018,0.929,0.369,0.156,0.162,-0.974,,,,0.026,0.793,0.608,0.193,0.357,-0.914,,,,-0.077,0.983,-0.167,-0.107,-0.312,-0.944,,,,-0.665,0.064,0.744,-0.21,0.583,-0.785,,,,none
21.353218,0.321,-0.448,0.835,-0.943,-0.198,-0.268,-0.169,0.276,-0.946,0.654,0.753,0.068,-0.559,0.027,-0.829,,,,-0.025,0.927,0.374,0.155,0.172,-0.973,,,,0.011,0.792,0.61,0.187,0.349,-0.918,,,,-0.114,0.981,-0.156,-0.253,-0.369,-0.894,,,,-0.676,0.037,0.736,-0.187,0.513,-0.838,,,,none
21.391928,0.335,-0.49,0.804,-0.973,-0.112,-0.2,-0.169,0.276,-0.946,0.608,0.789,0.084,-0.514,-0.0,-0.857,,,,-0.097,0.931,0.351,0.214,0.142,-0.966,,,,-0.06,0.804,0.591,0.259,0.343,-0.903,,,,-0.177,0.973,-0.145,-0.232,-0.359,-0.904,,,,-0.706,-0.016,0.708,-0.175,0.549,-0.817,,,,none
21.43633,0.34,-0.591,0.732,-0.968,0.106,-0.227,-0.169,0.276,-0.946,0.581,0.807,0.105,-0.452,-0.194,-0.871,,,,-0.142,0.926,0.348,0.321,-0.032,-0.947,,,,-0.112,0.8,0.589,0.357,0.248,-0.9,,,,-0.208,0.966,-0.153,-0.076,-0.415,-0.906,,,,-0.727,-0.017,0.686,0.018,0.652,-0.758,,,,none
21.475181,0.313,-0.555,0.771,-0.745,0.518,-0.421,-0.257,0.324,-0.911,0.582,0.809,0.087,-0.174,-0.696,-0.696,,,,-0.137,0.933,0.333,0.631,-0.505,-0.589,,,,-0.102,0.813,0.573,0.62,-0.292,-0.729,,,,-0.209,0.966,-0.153,-0.321,-0.834,-0.449,,,,-0.73,-0.011,0.684,0.677,0.29,-0.677,,,,none
21.519859,0.318,-0.597,0.737,0.883,0.309,-0.353,-0.254,0.343,-0.904,0.575,0.812,0.095,0.305,-0.258,0.916,,,,-0.141,0.934,0.329,-0.243,-0.385,0.891,,,,-0.113,0.82,0.562,-0.093,-0.605,0.791,,,,-0.208,0.965,-0.158,-0.237,0.079,0.968,,,,-0.731,-0.008,0.682,0.454,-0.779,0.433,,,,none
21.558918,0.309,-0.517,0.798,0.936,0.281,-0.211,-0.257,0.288,-0.923,0.576,0.814,0.068,0.175,-0.262,0.949,,,,-0.127,0.94,0.315,-0.294,-0.436,0.85,,,,-0.09,0.826,0.557,-0.215,-0.622,0.753,,,,-0.21,0.965,-0.159,-0.24,0.023,0.971,,,,-0.728,-0.012,0.685,0.4,-0.812,0.425,,,,none
21.60361,0.343,-0.455,0.822,0.869,0.286,-0.403,-0.228,0.262,-0.938,0.661,0.748,0.058,0.177,-0.293,0.94,,,,-0.041,0.931,0.364,-0.286,-0.425,0.859,,,,-0.014,0.813,0.582,-0.182,-0.593,0.784,,,,-0.114,0.984,-0.138,-0.094,0.034,0.995,,,,-0.667,0.042,0.744,0.476,-0.752,0.457,,,,none
21.646009,0.324,-0.341,0.883,0.91,0.286,-0.301,-0.235,0.143,-0.961,0.709,0.703,0.059,0.273,-0.311,0.91,,,,0.026,0.918,0.397,-0.158,-0.389,0.908,,,,0.066,0.785,0.616,-0.016,-0.536,0.844,,,,-0.047,0.994,-0.096,-0.008,0.108,0.994,,,,-0.625,0.08,0.777,0.526,-0.655,0.542,,,,none
21.682558,0.302,-0.38,0.874,0.917,0.36,-0.17,-0.235,0.143,-0.961,0.782,0.622,0.039,0.33,-0.235,0.914,,,,0.149,0.889,0.433,-0.188,-0.305,0.934,,,,0.182,0.769,0.612,-0.058,-0.457,0.888,,,,0.054,0.992,-0.115,-0.025,0.234,0.972,,,,-0.574,0.167,0.802,0.443,-0.634,0.634,,,,none
21.729631,0.29,-0.243,0.926,0.957,0.289,-0.035,-0.217,0.05,-0.975,0.756,0.655,-0.018,0.42,-0.155,0.894,,,,0.127,0.917,0.377,-0.173,-0.204,0.964,,,,0.164,0.798,0.579,-0.038,-0.394,0.918,,,,0.027,0.988,-0.149,-0.022,0.305,0.952,,,,-0.6,0.158,0.784,0.371,-0.605,0.704,,,,none
21.767486,0.276,-0.22,0.936,0.897,0.442,-0.006,-0.181,-0.047,-0.982,0.75,0.659,-0.057,0.483,-0.203,0.852,,,,0.129,0.93,0.343,-0.105,-0.216,0.971,,,,0.146,0.817,0.558,0.035,-0.402,0.915,,,,0.025,0.985,-0.168,0.079,0.315,0.946,,,,-0.607,0.168,0.777,0.415,-0.517,0.749,,,,none
21.809601,0.229,-0.275,0.934,0.886,0.462,-0.044,-0.181,-0.047,-0.982,0.795,0.601,-0.08,0.497,-0.254,0.83,,,,0.212,0.908,0.36,-0.052,-0.27,0.961,,,,0.218,0.799,0.56,0.049,-0.464,0.884,,,,0.104,0.981,-0.165,0.175,0.293,0.94,,,,-0.575,0.225,0.787,0.448,-0.51,0.734,,,,none
21.847802,0.218,-0.245,0.945,0.906,0.419,-0.062,-0.123,-0.184,-0.975,0.818,0.564,-0.112,0.452,-0.226,0.863,,,,0.26,0.9,0.349,-0.106,-0.295,0.95,,,,0.26,0.796,0.546,-0.034,-0.516,0.856,,,,0.131,0.977,-0.17,0.074,0.236,0.969,,,,-0.557,0.252,0.792,0.418,-0.593,0.688,,,,none
21.889627,0.153,-0.041,0.987,0.929,0.348,-0.128,-0.123,-0.184,-0.975,0.841,0.526,-0.128,0.373,-0.202,0.906,,,,0.319,0.879,0.356,-0.152,-0.328,0.932,,,,0.328,0.769,0.549,-0.096,-0.56,0.823,,,,0.195,0.968,-0.161,-0.046,0.155,0.987,,,,-0.503,0.294,0.812,0.412,-0.672,0.615,,,,none
21.934056,0.155,0.068,0.986,0.936,0.255,-0.244,-0.075,-0.359,-0.93,0.882,0.455,-0.123,0.277,-0.151,0.949,,,,0.397,0.833,0.386,-0.217,-0.361,0.907,,,,0.413,0.717,0.562,-0.198,-0.587,0.785,,,,0.275,0.955,-0.114,-0.161,0.06,0.985,,,,-0.426,0.33,0.843,0.337,-0.795,0.505,,,,none
21.978679,0.173,0.125,0.977,0.936,0.255,-0.244,-0.048,-0.355,-0.934,0.908,0.403,-0.113,0.168,-0.015,0.986,,,,0.425,0.803,0.418,-0.347,-0.327,0.879,,,,0.452,0.677,0.581,-0.349,-0.548,0.76,,,,0.339,0.937,-0.084,-0.367,0.007,0.93,,,,-0.354,0.353,0.866,0.16,-0.939,0.305,,,,none
22.018073,0.195,0.148,0.97,0.875,-0.153,-0.459,-0.079,-0.437,-0.896,0.928,0.358,-0.105,-0.02,0.137,0.99,,,,0.484,0.766,0.423,-0.476,-0.276,0.835,,,,0.507,0.64,0.577,-0.491,-0.473,0.732,,,,0.377,0.924,-0.064,-0.501,-0.009,0.865,,,,-0.309,0.35,0.884,-0.03,-0.991,0.13,,,,none
22.061836,0.234,0.181,0.955,0.748,-0.374,-0.549,-0.062,-0.47,-0.88,0.947,0.309,-0.088,-0.139,0.228,0.964,,,,0.522,0.73,0.44,-0.548,-0.258,0.796,,,,0.549,0.6,0.582,-0.577,-0.45,0.681,,,,0.427,0.903,-0.043,-0.66,-0.077,0.748,,,,-0.253,0.353,0.901,-0.131,-0.991,-0.036,,,,none
22.107813,0.238,0.236,0.942,0.622,-0.475,-0.622,-0.081,-0.526,-0.846,0.963,0.255,-0.08,-0.282,0.298,0.912,,,,0.553,0.696,0.459,-0.666,-0.227,0.711,,,,0.585,0.56,0.586,-0.664,-0.448,0.598,,,,0.477,0.879,-0.023,-0.761,-0.144,0.632,,,,-0.194,0.361,0.912,-0.192,-0.959,-0.207,,,,none
22.144745,0.229,0.256,0.939,0.622,-0.475,-0.622,-0.073,-0.532,-0.843,0.979,0.185,-0.09,-0.327,0.286,0.9,,,,0.617,0.64,0.457,-0.687,-0.235,0.687,,,,0.642,0.513,0.57,-0.628,-0.486,0.608,,,,0.524,0.851,-0.01,-0.774,-0.185,0.606,,,,-0.152,0.386,0.91,-0.193,-0.95,-0.246,,,,none
22.187584,0.199,0.267,0.943,0.711,-0.452,-0.539,-0.073,-0.532,-0.843,0.984,0.152,-0.092,-0.271,0.385,0.882,,,,0.63,0.623,0.464,-0.793,-0.076,0.604,,,,0.659,0.5,0.562,-0.716,-0.304,0.629,,,,0.559,0.829,-0.001,-0.771,0.068,0.634,,,,-0.124,0.412,0.903,-0.391,-0.919,-0.059,,,,none
22.229597,0.187,0.301,0.935,0.827,-0.503,-0.252,-0.065,-0.578,-0.813,0.984,0.154,-0.092,-0.26,0.715,0.65,,,,0.64,0.618,0.456,-0.884,0.255,0.391,,,,0.664,0.495,0.561,-0.804,0.144,0.577,,,,0.547,0.837,0.031,-0.849,0.293,0.439,,,,-0.116,0.411,0.904,-0.763,-0.647,0.0,,,,none
22.2747,0.202,0.275,0.94,0.656,-0.739,0.153,-0.065,-0.578,-0.813,0.988,0.146,-0.046,-0.266,0.868,0.42,,,,0.588,0.62,0.519,-0.901,0.395,0.182,,,,0.581,0.509,0.635,-0.872,0.392,0.294,,,,0.446,0.88,0.166,-0.96,0.278,0.034,,,,-0.128,0.394,0.91,-0.848,-0.518,0.11,,,,none
22.313659,0.254,0.287,0.924,0.656,-0.73,0.19,-0.12,-0.611,-0.783,0.99,0.14,-0.024,-0.371,0.869,0.326,,,,0.604,0.597,0.528,-0.916,0.396,0.058,,,,0.566,0.488,0.664,-0.912,0.407,0.057,,,,0.462,0.876,0.14,-0.973,0.195,-0.12,,,,-0.082,0.377,0.923,-0.815,-0.521,0.252,,,,none
22.358527,0.281,0.352,0.893,0.648,-0.624,0.437,-0.12,-0.611,-0.783,0.996,0.088,0.01,-0.385,0.909,0.16,,,,0.665,0.504,0.551,-0.843,0.533,-0.065,,,,0.74,0.34,0.58,-0.885,0.463,-0.05,,,,0.684,0.725,0.077,-0.967,0.21,-0.145,,,,-0.008,0.374,0.927,-0.812,-0.266,0.519,,,,none
22.403894,0.313,0.387,0.867,0.452,-0.507,0.733,-0.223,-0.661,-0.716,0.999,0.039,0.027,-0.13,0.99,0.048,,,,0.671,0.452,0.588,-0.746,0.663,-0.063,,,,0.726,0.267,0.634,-0.792,0.602,0.102,,,,0.656,0.709,0.26,-0.888,0.442,-0.125,,,,0.032,0.336,0.941,-0.767,-0.119,0.63,,,,none
22.441586,0.357,0.388,0.849,0.413,-0.44,0.798,-0.223,-0.661,-0.716,0.997,0.064,0.032,0.078,0.996,-0.043,,,,0.673,0.454,0.584,-0.61,0.792,0.027,,,,0.738,0.225,0.636,-0.648,0.702,0.297,,,,0.601,0.74,0.301,-0.814,0.58,-0.044,,,,-0.02,0.244,0.969,-0.73,0.055,0.681,,,,none
22.487095,0.398,0.35,0.848,0.338,-0.374,0.863,-0.29,-0.665,-0.689,0.984,0.13,0.125,0.221,0.948,-0.23,,,,0.516,0.48,0.709,-0.492,0.87,-0.02,,,,0.515,0.262,0.817,-0.426,0.786,0.448,,,,0.431,0.757,0.492,-0.771,0.637,-0.009,,,,-0.047,0.169,0.985,-0.658,0.217,0.721,,,,none
22.524869,0.416,0.346,0.841,0.338,-0.374,0.863,-0.326,-0.662,-0.675,0.963,0.169,0.21,0.054,0.888,-0.457,,,,0.418,0.5,0.758,-0.575,0.811,-0.11,,,,0.426,0.266,0.865,-0.495,0.771,0.4,,,,0.36,0.738,0.572,-0.805,0.594,-0.015,,,,-0.089,0.104,0.991,-0.568,0.295,0.769,,,,none
22.56979,0.437,0.332,0.836,0.162,0.062,0.985,-0.365,-0.632,-0.684,0.956,0.235,0.178,-0.168,0.366,-0.915,,,,0.394,0.513,0.762,-0.498,0.829,-0.254,,,,0.393,0.26,0.882,-0.478,0.86,0.178,,,,0.311,0.728,0.612,-0.863,0.49,-0.123,,,,-0.116,0.057,0.992,-0.454,0.421,0.785,,,,none
22.607908,0.444,0.281,0.851,0.162,0.062,0.985,-0.365,-0.632,-0.684,0.94,0.264,0.215,-0.043,0.242,-0.969,,,,0.312,0.517,0.797,-0.351,0.814,-0.463,,,,0.321,0.282,0.904,-0.392,0.909,-0.14,,,,0.246,0.709,0.661,-0.798,0.569,-0.199,,,,-0.177,0.029,0.984,-0.402,0.608,0.684,,,,none
22.650937,0.436,0.229,0.87,-0.66,0.0,0.751,-0.383,-0.602,-0.7,0.942,0.263,0.211,-0.054,0.199,-0.978,,,,0.337,0.498,0.799,-0.367,0.75,-0.551,,,,0.339,0.256,0.905,-0.499,0.813,-0.3,,,,0.242,0.684,0.688,-0.807,0.534,-0.252,,,,-0.183,0.067,0.981,-0.517,0.62,0.59,,,,none
22.689751,0.448,0.238,0.861,-0.58,-0.258,0.773,-0.382,-0.598,-0.705,0.946,0.236,0.222,0.269,0.478,-0.836,,,,0.364,0.468,0.805,-0.388,0.887,-0.25,,,,0.387,0.208,0.898,-0.703,0.686,-0.189,,,,0.264,0.643,0.719,-0.828,0.542,-0.143,,,,-0.189,0.048,0.981,-0.782,0.441,0.441,,,,none
22.735596,0.485,0.272,0.831,-0.263,-0.903,0.339,-0.383,-0.602,-0.7,0.938,0.237,0.252,0.719,0.586,-0.373,,,,0.328,0.45,0.831,0.383,0.69,0.614,,,,0.329,0.174,0.928,-0.785,0.619,0.0,,,,0.221,0.599,0.77,-0.742,0.668,-0.049,,,,-0.149,0.02,0.989,-0.958,0.282,-0.056,,,,none
22.774674,0.492,0.251,0.834,-0.322,-0.919,0.23,-0.401,-0.589,-0.702,0.93,0.241,0.279,0.685,0.652,-0.326,,,,0.347,0.439,0.829,0.701,0.135,0.701,,,,0.361,0.129,0.924,-0.756,0.655,0.0,,,,0.256,0.569,0.782,-0.464,0.881,0.093,,,,-0.122,0.026,0.992,-0.925,0.201,-0.322,,,,none
22.818918,0.475,0.28,0.834,0.0,-1.0,0.0,-0.408,-0.59,-0.697,0.94,0.219,0.263,0.704,0.66,-0.264,,,,0.329,0.449,0.831,0.704,-0.101,0.704,,,,0.318,0.166,0.933,-0.869,0.304,-0.391,,,,0.244,0.586,0.773,-0.847,0.529,-0.053,,,,-0.105,0.047,0.993,-0.947,0.063,-0.316,,,,none
22.858612,0.458,0.29,0.84,-0.447,-0.894,-0.0,-0.429,-0.589,-0.685,0.944,0.229,0.237,0.718,0.676,-0.169,,,,0.365,0.464,0.807,0.711,-0.152,0.686,,,,0.383,0.137,0.914,-0.756,0.363,-0.544,,,,0.256,0.583,0.771,-0.816,0.387,-0.43,,,,-0.108,0.052,0.993,-0.824,0.137,-0.549,,,,none
22.9028,0.466,0.27,0.843,-0.992,0.09,-0.09,-0.422,-0.577,-0.699,0.944,0.218,0.248,0.937,0.26,-0.234,,,,0.382,0.45,0.807,0.821,-0.133,0.555,,,,0.416,0.1,0.904,-0.667,0.333,-0.667,,,,0.291,0.562,0.774,-0.799,0.126,-0.588,,,,-0.111,0.065,0.992,-0.291,0.389,-0.874,,,,none
22.942219,0.455,0.277,0.846,-0.625,0.781,0.0,-0.417,-0.602,-0.681,0.934,0.241,0.262,0.885,0.147,-0.442,,,,0.377,0.467,0.8,0.945,-0.033,0.326,,,,0.383,0.12,0.916,-0.253,0.507,-0.824,,,,0.292,0.561,0.774,-0.364,0.582,-0.727,,,,-0.102,0.064,0.993,0.0,0.789,-0.614,,,,none
22.987762,0.459,0.248,0.853,-0.85,0.372,0.372,-0.412,-0.555,-0.723,0.937,0.242,0.25,0.76,0.122,-0.638,,,,0.382,0.48,0.79,0.981,0.157,0.118,,,,0.379,0.125,0.917,0.523,0.719,-0.458,,,,0.269,0.573,0.774,0.312,0.873,-0.374,,,,-0.117,0.073,0.991,0.062,0.99,-0.124,,,,none
23.030081,0.459,0.248,0.853,-0.762,0.381,0.524,-0.412,-0.555,-0.723,0.927,0.273,0.258,0.578,0.165,-0.799,,,,0.354,0.504,0.788,0.944,0.327,-0.036,,,,0.35,0.144,0.926,0.521,0.805,-0.284,,,,0.244,0.584,0.775,0.264,0.88,-0.396,,,,-0.138,0.063,0.988,-0.043,0.995,-0.087,,,,none
23.071768,0.462,0.242,0.854,-0.901,0.208,0.381,-0.436,-0.566,-0.7,0.92,0.29,0.263,0.185,0.106,-0.977,,,,0.355,0.511,0.783,0.764,0.382,-0.521,,,,0.331,0.153,0.931,0.59,0.729,-0.347,,,,0.227,0.589,0.775,0.382,0.764,-0.521,,,,-0.15,0.058,0.987,-0.032,0.991,-0.128,,,,none
23.109072,0.457,0.202,0.866,-0.921,0.217,0.325,-0.395,-0.543,-0.742,0.921,0.292,0.257,0.0,0.053,-0.999,,,,0.352,0.516,0.78,0.581,0.452,-0.677,,,,0.33,0.162,0.93,0.529,0.746,-0.404,,,,0.217,0.603,0.768,0.378,0.756,-0.535,,,,-0.173,0.067,0.983,-0.029,0.989,-0.145,,,,none
23.149723,0.452,0.182,0.873,-0.913,0.206,0.353,-0.395,-0.543,-0.742,0.915,0.316,0.249,-0.088,0.088,-0.992,,,,0.33,0.542,0.773,0.429,0.501,-0.751,,,,0.298,0.193,0.935,0.436,0.805,-0.402,,,,0.185,0.627,0.756,0.4,0.768,-0.501,,,,-0.2,0.068,0.977,-0.131,0.947,-0.294,,,,none
23.192254,0.455,0.166,0.875,-0.941,-0.196,0.275,-0.395,-0.543,-0.742,0.915,0.313,0.255,-0.217,0.254,-0.942,,,,0.341,0.536,0.773,-0.041,0.573,-0.819,,,,0.304,0.184,0.935,0.0,0.887,-0.461,,,,0.187,0.627,0.757,0.264,0.83,-0.491,,,,-0.206,0.074,0.976,-0.385,0.839,-0.385,,,,none
23.23114,0.476,0.157,0.866,-0.941,-0.196,0.275,-0.413,-0.523,-0.746,0.915,0.306,0.262,-0.047,0.521,-0.852,,,,0.335,0.526,0.782,-0.174,0.869,-0.463,,,,0.299,0.164,0.94,-0.204,0.967,-0.153,,,,0.172,0.613,0.771,-0.049,0.988,-0.148,,,,-0.199,0.053,0.979,-0.505,0.781,-0.367,,,,none
23.275711,0.489,0.173,0.855,-0.852,-0.0,0.524,-0.413,-0.523,-0.746,0.917,0.308,0.252,0.622,0.35,-0.7,,,,0.333,0.526,0.783,0.487,0.811,-0.324,,,,0.289,0.151,0.945,0.316,0.947,-0.063,,,,0.172,0.603,0.779,0.058,0.983,-0.173,,,,-0.2,0.045,0.979,-0.214,0.964,-0.161,,,,none
23.314331,0.476,0.151,0.866,-0.852,-0.0,0.524,-0.423,-0.508,-0.75,0.917,0.308,0.253,0.943,0.132,-0.307,,,,0.348,0.526,0.776,0.862,0.123,0.492,,,,0.308,0.148,0.94,0.881,0.235,0.411,,,,0.188,0.602,0.776,0.549,0.768,0.329,,,,-0.205,0.057,0.977,0.067,0.94,0.336,,,,none
23.358922,0.461,0.177,0.87,-0.239,0.716,0.656,-0.423,-0.508,-0.75,0.922,0.318,0.222,0.915,-0.045,-0.402,,,,0.361,0.54,0.76,0.844,-0.067,0.533,,,,0.361,0.147,0.921,0.902,-0.116,0.416,,,,0.229,0.611,0.758,0.774,0.435,0.46,,,,-0.205,0.066,0.977,0.226,0.793,0.566,,,,none
23.39713,0.456,0.179,0.872,-0.11,0.827,0.551,-0.414,-0.507,-0.756,0.931,0.301,0.207,0.974,-0.09,-0.21,,,,0.41,0.537,0.737,0.784,-0.216,0.581,,,,0.42,0.156,0.894,0.874,-0.214,0.437,,,,0.287,0.613,0.736,0.851,0.248,0.463,,,,-0.195,0.087,0.977,0.402,0.669,0.625,,,,none
23.441399,0.452,0.198,0.87,-0.228,0.751,0.62,-0.414,-0.507,-0.756,0.907,0.336,0.255,0.973,-0.094,-0.211,,,,0.36,0.561,0.745,0.81,-0.202,0.551,,,,0.306,0.252,0.918,0.894,-0.149,0.422,,,,0.182,0.675,0.715,0.837,0.29,0.464,,,,-0.182,0.097,0.979,0.449,0.618,0.646,,,,none
23.48381,0.43,0.171,0.887,-0.256,0.711,0.654,-0.412,-0.484,-0.772,0.909,0.355,0.22,0.936,-0.138,-0.322,,,,0.361,0.589,0.723,0.878,-0.102,0.468,,,,0.29,0.296,0.91,0.925,-0.026,0.378,,,,0.164,0.712,0.683,0.807,0.404,0.431,,,,-0.215,0.112,0.97,0.419,0.68,0.602,,,,none
23.523173,0.419,0.154,0.895,-0.143,0.717,0.682,-0.412,-0.484,-0.772,0.907,0.37,0.201,0.978,-0.032,-0.205,,,,0.379,0.605,0.7,0.858,-0.061,0.511,,,,0.325,0.308,0.894,0.92,0.02,0.391,,,,0.178,0.731,0.659,0.751,0.458,0.476,,,,-0.237,0.114,0.965,0.324,0.721,0.613,,,,none
23.569323,0.42,0.156,0.894,-0.253,0.709,0.658,-0.412,-0.484,-0.772,0.903,0.379,0.203,0.944,-0.074,-0.323,,,,0.374,0.611,0.697,0.924,0.032,0.382,,,,0.294,0.323,0.9,0.936,0.146,0.322,,,,0.146,0.732,0.665,0.757,0.473,0.45,,,,-0.234,0.123,0.964,0.26,0.779,0.571,,,,none
23.607972,0.413,0.138,0.9,-0.253,0.709,0.658,-0.404,-0.488,-0.774,0.903,0.386,0.189,0.867,-0.206,-0.454,,,,0.386,0.62,0.683,0.958,0.056,0.282,,,,0.324,0.325,0.888,0.958,0.256,0.128,,,,0.184,0.74,0.647,0.473,0.788,0.394,,,,-0.249,0.131,0.96,0.132,0.793,0.595,,,,none
23.653525,0.413,0.133,0.901,-0.154,0.772,0.617,-0.404,-0.488,-0.774,0.912,0.374,0.167,0.893,-0.223,-0.391,,,,0.409,0.615,0.674,0.867,0.062,0.495,,,,0.348,0.316,0.882,0.933,0.133,0.333,,,,0.2,0.737,0.646,0.574,0.646,0.503,,,,-0.245,0.14,0.96,0.078,0.705,0.705,,,,none
23.692623,0.414,0.136,0.9,-0.154,0.772,0.617,-0.399,-0.462,-0.792,0.915,0.371,0.161,0.95,-0.237,-0.204,,,,0.412,0.615,0.673,0.87,-0.097,0.483,,,,0.354,0.312,0.882,0.943,-0.047,0.33,,,,0.206,0.733,0.649,0.603,0.464,0.649,,,,-0.236,0.143,0.961,0.296,0.474,0.829,,,,none
23.737644,0.415,0.135,0.9,-0.035,0.887,0.461,-0.399,-0.462,-0.792,0.917,0.374,0.14,0.928,-0.276,-0.251,,,,0.431,0.626,0.65,0.913,-0.169,0.372,,,,0.364,0.317,0.875,0.961,-0.124,0.248,,,,0.215,0.74,0.637,0.724,0.414,0.552,,,,-0.247,0.146,0.958,0.398,0.518,0.757,,,,none
23.782994,0.401,0.118,0.909,-0.035,0.887,0.461,-0.364,-0.438,-0.822,0.913,0.387,0.133,0.944,-0.257,-0.206,,,,0.435,0.638,0.636,0.882,-0.167,0.441,,,,0.424,0.33,0.843,0.938,-0.179,0.298,,,,0.247,0.752,0.611,0.828,0.212,0.52,,,,-0.256,0.162,0.953,0.543,0.513,0.664,,,,none
23.821306,0.393,0.122,0.911,-0.096,0.909,0.406,-0.364,-0.438,-0.822,0.906,0.401,0.137,0.933,-0.282,-0.222,,,,0.419,0.645,0.639,0.919,-0.105,0.381,,,,0.429,0.364,0.827,0.93,-0.129,0.344,,,,0.247,0.765,0.594,0.875,0.153,0.459,,,,-0.258,0.173,0.951,0.545,0.545,0.636,,,,none
23.867126,0.361,0.118,0.925,-0.089,0.93,0.358,-0.364,-0.438,-0.822,0.905,0.408,0.119,0.908,-0.366,-0.203,,,,0.423,0.668,0.612,0.921,-0.153,0.358,,,,0.337,0.433,0.836,0.925,-0.127,0.358,,,,0.176,0.795,0.581,0.885,0.144,0.443,,,,-0.271,0.188,0.944,0.62,0.456,0.638,,,,none
23.90522,0.334,0.132,0.933,-0.146,0.965,0.218,-0.345,-0.426,-0.836,0.9,0.425,0.098,0.822,-0.527,-0.217,,,,0.421,0.692,0.586,0.92,-0.227,0.32,,,,0.327,0.469,0.82,0.936,-0.189,0.297,,,,0.188,0.819,0.542,0.915,0.074,0.396,,,,-0.285,0.207,0.936,0.703,0.415,0.577,,,,none
23.948932,0.301,0.116,0.946,-0.099,0.97,0.224,-0.337,-0.446,-0.829,0.909,0.409,0.076,0.775,-0.591,-0.224,,,,0.448,0.687,0.573,0.918,-0.281,0.281,,,,0.38,0.478,0.791,0.941,-0.225,0.252,,,,0.229,0.828,0.512,0.903,0.074,0.424,,,,-0.284,0.242,0.928,0.739,0.415,0.531,,,,none
23.988286,0.299,0.127,0.946,-0.099,0.97,0.224,-0.305,-0.427,-0.851,0.904,0.42,0.075,0.676,-0.676,-0.296,,,,0.442,0.698,0.563,0.905,-0.244,0.348,,,,0.389,0.493,0.778,0.93,-0.218,0.297,,,,0.227,0.835,0.502,0.862,0.083,0.5,,,,-0.284,0.253,0.925,0.698,0.436,0.567,,,,none
24.029478,0.3,0.119,0.946,-0.089,0.98,0.178,-0.305,-0.427,-0.851,0.914,0.404,0.044,-0.492,-0.615,-0.615,,,,0.46,0.697,0.55,0.762,-0.127,0.635,,,,0.401,0.497,0.769,0.906,-0.189,0.378,,,,0.238,0.836,0.494,0.717,0.221,0.662,,,,-0.285,0.259,0.923,0.514,0.514,0.686,,,,none
24.07144,0.306,0.108,0.946,0.928,0.371,-0.0,-0.305,-0.427,-0.851,0.911,0.41,0.045,-0.905,-0.302,-0.302,,,,0.463,0.7,0.544,-0.447,-0.0,0.894,,,,0.406,0.502,0.764,0.77,-0.237,0.592,,,,0.243,0.836,0.492,0.173,0.259,0.95,,,,-0.286,0.264,0.921,0.0,-0.707,0.707,,,,none
24.110378,0.302,0.111,0.947,0.843,0.527,-0.105,-0.305,-0.427,-0.851,0.912,0.408,0.04,0.802,-0.267,0.535,,,,0.471,0.699,0.538,-0.309,-0.206,0.928,,,,0.41,0.502,0.762,0.545,-0.545,0.636,,,,0.254,0.832,0.493,-0.276,0.276,0.921,,,,-0.285,0.266,0.921,0.333,-0.667,0.667,,,,none
24.155225,0.304,0.117,0.945,0.605,0.777,-0.173,-0.305,-0.427,-0.851,0.911,0.411,0.043,0.772,-0.617,0.154,,,,0.474,0.697,0.538,0.191,-0.477,0.858,,,,0.449,0.504,0.738,0.758,-0.487,0.433,,,,0.257,0.836,0.485,-0.089,0.445,0.891,,,,-0.277,0.271,0.922,0.717,-0.359,0.598,,,,none
24.193862,0.3,0.117,0.947,0.0,0.986,0.164,-0.305,-0.427,-0.851,0.916,0.4,0.034,0.64,-0.64,-0.426,,,,0.485,0.694,0.531,0.725,-0.242,0.645,,,,0.503,0.505,0.702,0.872,-0.254,0.418,,,,0.299,0.833,0.466,0.73,0.243,0.639,,,,-0.274,0.279,0.92,0.829,0.092,0.552,,,,none
24.238452,0.302,0.13,0.944,0.0,0.986,0.164,-0.299,-0.41,-0.861,0.915,0.402,0.034,0.889,-0.381,-0.254,,,,0.493,0.695,0.523,0.869,-0.12,0.48,,,,0.471,0.521,0.712,0.882,-0.265,0.391,,,,0.303,0.844,0.442,0.842,0.082,0.534,,,,-0.268,0.285,0.92,0.835,0.358,0.418,,,,none
24.277407,0.299,0.118,0.947,-0.092,0.969,0.231,-0.329,-0.446,-0.832,0.918,0.395,0.025,0.835,-0.452,-0.313,,,,0.503,0.695,0.514,0.916,-0.087,0.392,,,,0.472,0.529,0.705,0.893,-0.243,0.379,,,,0.295,0.841,0.454,0.89,0.064,0.451,,,,-0.261,0.296,0.919,0.774,0.448,0.448,,,,none
24.322394,0.294,0.116,0.949,-0.031,0.968,0.25,-0.322,-0.416,-0.85,0.912,0.41,0.028,0.85,-0.466,-0.247,,,,0.483,0.709,0.514,0.905,-0.154,0.397,,,,0.415,0.553,0.722,0.903,-0.296,0.311,,,,0.251,0.857,0.45,0.862,0.16,0.481,,,,-0.272,0.303,0.913,0.755,0.394,0.525,,,,none
24.368655,0.268,0.112,0.957,-0.03,0.97,0.242,-0.285,-0.441,-0.851,0.905,0.425,0.009,0.779,-0.561,-0.28,,,,0.475,0.725,0.498,0.909,-0.267,0.321,,,,0.451,0.577,0.681,0.907,-0.403,0.126,,,,0.27,0.871,0.41,0.881,0.211,0.423,,,,-0.289,0.319,0.903,0.804,0.384,0.454,,,,none
24.405579,0.252,0.107,0.962,-0.03,0.97,0.242,-0.285,-0.441,-0.851,0.905,0.426,0.005,0.596,-0.681,-0.426,,,,0.483,0.727,0.489,0.913,-0.357,0.198,,,,0.472,0.581,0.662,0.92,-0.383,-0.077,,,,0.286,0.875,0.39,0.899,0.196,0.391,,,,-0.292,0.334,0.896,0.816,0.408,0.408,,,,none
24.446554,0.243,0.107,0.964,-0.104,0.989,0.104,-0.267,-0.44,-0.857,0.906,0.423,-0.005,0.249,-0.83,-0.498,,,,0.495,0.728,0.474,0.815,-0.445,0.371,,,,0.483,0.588,0.649,0.919,-0.394,-0.0,,,,0.283,0.879,0.385,0.838,0.132,0.529,,,,-0.295,0.341,0.893,0.83,0.277,0.484,,,,none
24.492527,0.227,0.115,0.967,0.14,0.98,-0.14,-0.267,-0.44,-0.857,0.902,0.432,-0.009,-0.725,-0.242,-0.645,,,,0.492,0.736,0.465,0.873,-0.218,0.436,,,,0.479,0.601,0.639,0.992,-0.09,-0.09,,,,0.278,0.885,0.373,0.968,0.138,0.208,,,,-0.308,0.34,0.889,0.236,0.236,-0.943,,,,none
24.531643,0.202,0.106,0.974,0.14,0.98,-0.14,-0.238,-0.432,-0.87,0.903,0.429,0.01,-0.867,0.482,-0.128,,,,0.467,0.741,0.483,-0.947,0.316,0.053,,,,0.342,0.605,0.719,-0.887,0.339,-0.313,,,,0.181,0.888,0.423,-0.859,0.076,-0.506,,,,-0.316,0.334,0.888,-0.694,-0.333,-0.638,,,,none
24.576058,0.235,0.088,0.968,0.243,-0.919,-0.311,-0.238,-0.432,-0.87,0.888,0.459,0.029,-0.855,0.499,0.142,,,,0.444,0.747,0.495,-0.977,0.195,-0.085,,,,0.452,0.611,0.65,-0.923,0.231,-0.308,,,,0.246,0.898,0.364,-0.926,-0.099,-0.364,,,,-0.305,0.338,0.89,-0.757,-0.456,-0.468,,,,none
24.614659,0.285,0.106,0.953,0.328,-0.912,-0.246,-0.238,-0.432,-0.87,0.914,0.406,0.031,-0.882,0.437,0.176,,,,0.519,0.696,0.495,-0.963,0.241,-0.124,,,,0.458,0.556,0.694,-0.943,0.242,-0.229,,,,0.284,0.858,0.428,-0.951,-0.127,-0.28,,,,-0.264,0.326,0.908,-0.818,-0.489,-0.304,,,,none
24.659534,0.339,0.151,0.928,0.386,-0.884,-0.264,-0.323,-0.469,-0.822,0.93,0.362,0.071,-0.809,0.482,0.336,,,,0.497,0.659,0.565,-0.971,0.23,0.06,,,,0.53,0.48,0.699,-0.974,0.18,-0.135,,,,0.331,0.816,0.473,-0.985,-0.153,-0.076,,,,-0.203,0.289,0.935,-0.832,-0.55,-0.069,,,,none
24.697904,0.379,0.168,0.91,0.659,-0.725,-0.198,-0.323,-0.469,-0.822,0.938,0.328,0.108,-0.764,0.447,0.466,,,,0.506,0.623,0.596,-0.969,0.197,0.148,,,,0.492,0.429,0.758,-0.993,0.113,0.045,,,,0.326,0.792,0.517,-0.981,-0.123,0.149,,,,-0.173,0.239,0.955,-0.838,-0.532,0.121,,,,none
24.743427,0.381,0.19,0.905,0.819,-0.549,-0.166,-0.364,-0.509,-0.78,0.945,0.297,0.138,-0.663,0.363,0.654,,,,0.514,0.586,0.626,-0.982,0.132,0.138,,,,0.491,0.384,0.782,-0.981,-0.0,0.195,,,,0.331,0.763,0.555,-0.921,-0.096,0.377,,,,-0.156,0.202,0.967,-0.765,-0.567,0.304,,,,none
24.78941,0.385,0.267,0.884,0.928,-0.356,-0.108,-0.364,-0.509,-0.78,0.946,0.284,0.153,-0.426,0.348,0.835,,,,0.522,0.556,0.647,-0.931,0.107,0.348,,,,0.497,0.341,0.798,-0.881,-0.166,0.444,,,,0.345,0.737,0.581,-0.819,-0.113,0.563,,,,-0.142,0.138,0.98,-0.678,-0.641,0.361,,,,none
24.827967,0.403,0.287,0.869,0.928,-0.356,-0.108,-0.376,-0.629,-0.681,0.93,0.298,0.217,-0.509,0.242,0.826,,,,0.417,0.553,0.721,-0.938,0.078,0.337,,,,0.418,0.334,0.845,-0.847,-0.235,0.477,,,,0.291,0.722,0.628,-0.806,-0.142,0.575,,,,-0.12,0.075,0.99,-0.665,-0.665,0.339,,,,none
24.870514,0.401,0.356,0.844,0.927,-0.34,-0.156,-0.371,-0.624,-0.688,0.934,0.284,0.219,-0.741,0.132,0.659,,,,0.444,0.534,0.72,-0.999,0.037,0.012,,,,0.417,0.297,0.859,-0.976,-0.169,0.137,,,,0.316,0.684,0.658,-0.906,-0.233,0.354,,,,-0.056,0.022,0.998,-0.677,-0.702,0.22,,,,none
24.91386,0.424,0.369,0.827,0.846,-0.437,-0.306,-0.392,-0.655,-0.646,0.96,0.198,0.2,-0.869,-0.024,0.494,,,,0.481,0.449,0.753,-0.996,-0.061,-0.061,,,,0.471,0.229,0.852,-0.982,-0.179,-0.065,,,,0.358,0.639,0.681,-0.944,-0.3,0.136,,,,-0.027,0.016,1.0,-0.682,-0.723,0.114,,,,none
24.952215,0.43,0.375,0.821,0.833,-0.391,-0.391,-0.377,-0.687,-0.621,0.953,0.178,0.245,-0.916,-0.05,0.398,,,,0.486,0.402,0.776,-0.993,-0.045,-0.11,,,,0.505,0.181,0.844,-0.978,-0.186,-0.093,,,,0.396,0.612,0.684,-0.947,-0.304,0.101,,,,-0.011,-0.004,1.0,-0.625,-0.781,0.022,,,,none
24.996789,0.433,0.42,0.798,0.828,-0.42,-0.371,-0.412,-0.706,-0.576,0.957,0.16,0.24,-0.907,-0.042,0.419,,,,0.468,0.379,0.798,-0.994,-0.062,-0.09,,,,0.488,0.16,0.858,-0.974,-0.195,-0.117,,,,0.384,0.592,0.709,-0.94,-0.327,0.101,,,,0.029,-0.011,1.0,-0.619,-0.785,-0.022,,,,none
25.042063,0.441,0.443,0.781,0.827,-0.426,-0.366,-0.384,-0.74,-0.551,0.973,0.107,0.207,-0.914,-0.058,0.403,,,,0.502,0.324,0.802,-0.994,-0.085,-0.062,,,,0.535,0.085,0.84,-0.975,-0.195,-0.11,,,,0.439,0.528,0.727,-0.932,-0.356,0.068,,,,0.049,-0.057,0.997,-0.653,-0.744,-0.141,,,,none
25.079893,0.456,0.483,0.748,0.727,-0.539,-0.426,-0.384,-0.74,-0.551,0.952,0.131,0.278,-0.946,-0.08,0.313,,,,0.458,0.295,0.839,-0.979,-0.066,-0.191,,,,0.509,0.053,0.859,-0.96,-0.126,-0.251,,,,0.446,0.485,0.752,-0.923,-0.385,-0.018,,,,0.11,-0.085,0.99,-0.627,-0.737,-0.253,,,,none
25.122365,0.455,0.496,0.74,0.707,-0.527,-0.471,-0.386,-0.788,-0.48,0.979,0.02,0.204,-0.975,-0.133,0.176,,,,0.518,0.221,0.826,-0.907,-0.065,-0.416,,,,0.565,-0.017,0.825,-0.868,-0.063,-0.492,,,,0.505,0.418,0.755,-0.886,-0.432,-0.17,,,,0.169,-0.095,0.981,-0.668,-0.668,-0.328,,,,none
25.16801,0.462,0.528,0.713,0.612,-0.501,-0.612,-0.386,-0.788,-0.48,0.978,-0.016,0.207,-0.978,-0.196,0.073,,,,0.528,0.184,0.829,-0.859,-0.088,-0.505,,,,0.583,-0.046,0.811,-0.77,-0.03,-0.637,,,,0.523,0.386,0.76,-0.852,-0.451,-0.267,,,,0.203,-0.096,0.974,-0.752,-0.602,-0.268,,,,none
25.210457,0.453,0.547,0.704,0.605,-0.37,-0.706,-0.34,-0.797,-0.499,0.985,-0.007,0.17,-0.964,-0.241,-0.112,,,,0.513,0.205,0.834,-0.597,-0.134,-0.791,,,,0.547,-0.022,0.837,-0.427,0.017,-0.904,,,,0.491,0.405,0.771,-0.628,-0.46,-0.628,,,,0.193,-0.14,0.971,-0.9,-0.345,-0.268,,,,none
25.252808,0.458,0.512,0.727,-0.341,-0.043,-0.939,-0.376,-0.783,-0.495,0.986,-0.038,0.164,-0.926,-0.282,-0.252,,,,0.528,0.182,0.83,-0.386,-0.097,-0.917,,,,0.581,-0.027,0.814,-0.179,-0.0,-0.984,,,,0.508,0.417,0.754,-0.362,-0.453,-0.815,,,,0.178,-0.121,0.977,-0.958,-0.192,-0.215,,,,none
25.292153,0.448,0.519,0.728,-0.341,-0.043,-0.939,-0.377,-0.797,-0.471,0.988,-0.039,0.149,-0.876,-0.385,-0.292,,,,0.516,0.2,0.833,-0.187,-0.374,-0.908,,,,0.56,0.0,0.829,0.078,-0.26,-0.962,,,,0.478,0.445,0.757,-0.28,-0.561,-0.779,,,,0.175,-0.125,0.976,-0.941,-0.331,-0.076,,,,none
25.335413,0.426,0.534,0.73,0.341,0.085,-0.936,-0.377,-0.797,-0.471,0.988,0.006,0.155,-0.864,-0.457,-0.212,,,,0.5,0.232,0.834,-0.318,-0.578,-0.751,,,,0.546,0.041,0.836,-0.087,-0.434,-0.897,,,,0.48,0.462,0.746,-0.518,-0.633,-0.575,,,,0.165,-0.15,0.975,-0.894,-0.447,-0.024,,,,none
25.374187,0.43,0.535,0.727,0.444,-0.273,-0.853,-0.377,-0.797,-0.471,0.991,-0.016,0.136,-0.844,-0.537,0.019,,,,0.505,0.231,0.832,-0.496,-0.713,-0.496,,,,0.543,0.051,0.838,-0.365,-0.578,-0.73,,,,0.475,0.472,0.743,-0.661,-0.661,-0.356,,,,0.161,-0.144,0.976,-0.809,-0.568,-0.153,,,,none
25.417896,0.435,0.555,0.709,0.591,-0.338,-0.732,-0.377,-0.797,-0.471,0.991,-0.032,0.129,-0.735,-0.512,0.445,,,,0.531,0.207,0.822,-0.692,-0.72,0.055,,,,0.572,0.028,0.82,-0.646,-0.73,-0.225,,,,0.499,0.453,0.739,-0.797,-0.603,-0.022,,,,0.192,-0.158,0.969,-0.745,-0.638,-0.195,,,,none
25.463658,0.421,0.598,0.682,0.788,-0.435,-0.435,-0.353,-0.835,-0.422,0.99,-0.032,0.137,-0.606,-0.39,0.693,,,,0.514,0.216,0.83,-0.795,-0.559,0.236,,,,0.571,0.026,0.82,-0.785,-0.619,-0.024,,,,0.522,0.424,0.74,-0.862,-0.495,0.11,,,,0.232,-0.182,0.956,-0.75,-0.638,-0.175,,,,none
25.50095,0.438,0.586,0.682,0.731,-0.526,-0.434,-0.353,-0.835,-0.422,0.99,-0.038,0.139,-0.731,-0.187,0.656,,,,0.526,0.198,0.827,-0.928,-0.363,0.081,,,,0.593,0.003,0.805,-0.922,-0.384,-0.051,,,,0.554,0.391,0.735,-0.93,-0.365,0.055,,,,0.253,-0.191,0.948,-0.794,-0.592,-0.14,,,,none
25.546763,0.449,0.607,0.656,0.768,-0.605,-0.209,-0.347,-0.841,-0.414,0.988,-0.061,0.14,-0.792,-0.016,0.61,,,,0.518,0.179,0.836,-0.994,-0.11,-0.0,,,,0.585,-0.014,0.811,-0.99,-0.063,-0.126,,,,0.526,0.382,0.76,-0.99,-0.139,-0.031,,,,0.273,-0.22,0.937,-0.88,-0.468,-0.085,,,,none
25.585284,0.442,0.622,0.647,0.768,-0.605,-0.209,-0.326,-0.864,-0.384,0.986,-0.043,0.159,-0.912,0.015,0.41,,,,0.503,0.178,0.846,-0.958,0.034,-0.286,,,,0.575,-0.025,0.817,-0.941,0.125,-0.314,,,,0.533,0.356,0.768,-0.975,-0.057,-0.215,,,,0.298,-0.25,0.921,-0.915,-0.39,-0.105,,,,none
25.63066,0.444,0.625,0.642,0.405,-0.891,-0.203,-0.342,-0.85,-0.401,0.986,-0.07,0.148,-0.986,0.132,0.103,,,,0.511,0.146,0.847,-0.747,0.233,-0.622,,,,0.57,-0.043,0.821,-0.704,0.371,-0.606,,,,0.528,0.332,0.781,-0.878,0.031,-0.478,,,,0.304,-0.283,0.91,-0.971,-0.17,-0.17,,,,none
25.669613,0.455,0.643,0.616,0.405,-0.891,-0.203,-0.331,-0.859,-0.39,0.989,-0.055,0.141,-0.942,0.26,-0.211,,,,0.504,0.168,0.847,-0.44,0.41,-0.799,,,,0.585,-0.05,0.81,-0.39,0.543,-0.744,,,,0.551,0.306,0.776,-0.688,0.19,-0.7,,,,0.329,-0.314,0.891,-0.942,0.205,-0.266,,,,none
25.711351,0.46,0.618,0.637,-0.982,-0.188,-0.0,-0.331,-0.859,-0.39,0.988,-0.102,0.113,-0.787,0.43,-0.443,,,,0.542,0.118,0.832,-0.21,0.502,-0.839,,,,0.605,-0.076,0.792,-0.167,0.648,-0.743,,,,0.56,0.281,0.779,-0.442,0.343,-0.829,,,,0.317,-0.32,0.893,-0.699,0.619,-0.359,,,,none
25.756505,0.47,0.594,0.653,-0.991,0.032,0.128,-0.329,-0.849,-0.414,0.985,-0.127,0.116,-0.451,0.702,-0.551,,,,0.542,0.098,0.834,-0.05,0.659,-0.751,,,,0.616,-0.086,0.783,0.066,0.797,-0.6,,,,0.57,0.277,0.773,-0.126,0.584,-0.802,,,,0.302,-0.313,0.901,-0.367,0.892,-0.262,,,,none
25.807865,0.481,0.562,0.673,-0.973,0.059,0.221,-0.341,-0.818,-0.464,0.982,-0.081,0.171,-0.025,0.761,-0.649,,,,0.445,0.158,0.882,0.132,0.785,-0.605,,,,0.556,-0.036,0.83,0.367,0.869,-0.331,,,,0.487,0.333,0.807,0.243,0.773,-0.586,,,,0.24,-0.32,0.917,-0.163,0.976,-0.148,,,,none
25.842761,0.469,0.527,0.709,-0.973,0.059,0.221,-0.341,-0.818,-0.464,0.984,-0.081,0.161,0.186,0.719,-0.67,,,,0.516,0.146,0.844,0.328,0.882,-0.339,,,,0.574,-0.016,0.819,0.721,0.673,0.168,,,,0.471,0.374,0.798,0.52,0.774,-0.361,,,,0.195,-0.308,0.931,-0.118,0.971,-0.21,,,,none
25.888941,0.484,0.494,0.723,-0.875,-0.336,0.348,-0.345,-0.814,-0.467,0.988,-0.088,0.13,0.746,0.544,-0.384,,,,0.437,0.217,0.873,0.606,0.723,0.332,,,,0.555,0.036,0.831,0.799,0.256,0.543,,,,0.422,0.427,0.8,0.727,0.686,-0.033,,,,0.171,-0.297,0.939,-0.121,0.944,-0.307,,,,none
25.927668,0.485,0.492,0.723,-0.872,-0.337,0.357,-0.345,-0.814,-0.467,0.986,-0.026,0.162,0.839,0.456,-0.296,,,,0.381,0.269,0.885,0.732,0.567,0.378,,,,0.51,0.087,0.856,0.811,0.187,0.554,,,,0.435,0.436,0.788,0.778,0.621,0.093,,,,0.168,-0.299,0.939,-0.171,0.944,-0.281,,,,none
25.972982,0.518,0.452,0.726,-0.827,-0.362,0.431,-0.394,-0.734,-0.554,0.953,0.097,0.286,0.854,0.448,-0.263,,,,0.338,0.299,0.892,0.786,0.532,0.316,,,,0.452,0.137,0.882,0.851,0.192,0.489,,,,0.287,0.535,0.795,0.807,0.579,0.117,,,,0.14,-0.296,0.945,-0.236,0.955,-0.177,,,,none
26.012652,0.541,0.395,0.742,-0.82,-0.346,0.456,-0.432,-0.698,-0.572,0.91,0.171,0.377,0.801,0.532,-0.274,,,,0.213,0.359,0.909,0.728,0.663,0.175,,,,0.372,0.21,0.904,0.864,0.265,0.429,,,,0.216,0.574,0.79,0.808,0.588,0.028,,,,0.079,-0.297,0.952,-0.359,0.918,-0.169,,,,none
26.052292,0.565,0.333,0.755,-0.82,-0.346,0.456,-0.448,-0.684,-0.576,0.889,0.203,0.41,0.591,0.688,-0.421,,,,0.22,0.371,0.902,0.393,0.877,-0.275,,,,0.335,0.244,0.91,0.831,0.507,0.227,,,,0.182,0.596,0.782,0.699,0.452,-0.555,,,,0.048,-0.321,0.946,-0.472,0.868,-0.154,,,,none
26.096908,0.557,0.36,0.749,-0.742,-0.531,0.41,-0.478,-0.65,-0.591,0.899,0.155,0.41,0.074,0.821,-0.566,,,,0.22,0.362,0.906,0.113,0.907,-0.405,,,,0.354,0.245,0.903,0.712,0.701,0.034,,,,0.271,0.59,0.761,-0.056,0.505,-0.861,,,,-0.003,-0.312,0.95,-0.69,0.712,-0.131,,,,none
26.143237,0.588,0.291,0.754,-0.477,-0.802,0.36,-0.499,-0.654,-0.569,0.902,0.155,0.403,-0.062,0.816,-0.574,,,,0.258,0.351,0.9,-0.205,0.927,-0.313,,,,0.348,0.269,0.898,0.475,0.858,-0.197,,,,0.261,0.61,0.749,-0.179,0.577,-0.797,,,,-0.061,-0.335,0.94,-0.911,0.353,-0.213,,,,none
26.181359,0.638,0.253,0.727,-0.396,-0.868,0.3,-0.499,-0.654,-0.569,0.91,0.162,0.382,0.247,0.766,-0.593,,,,0.395,0.313,0.864,0.133,0.977,0.167,,,,0.499,0.219,0.839,0.715,0.695,-0.078,,,,0.415,0.57,0.709,0.842,0.517,-0.153,,,,-0.131,-0.398,0.908,-0.853,0.217,-0.476,,,,none
26.227569,0.663,0.307,0.683,-0.087,-0.925,0.37,-0.499,-0.654,-0.569,0.888,0.206,0.41,0.811,0.422,-0.405,,,,0.364,0.334,0.87,0.752,0.23,0.617,,,,0.517,0.241,0.821,0.897,0.277,0.343,,,,0.451,0.56,0.695,0.869,0.324,0.374,,,,-0.047,-0.463,0.885,-0.737,0.145,-0.661,,,,none
26.265586,0.512,0.367,0.776,-0.087,-0.925,0.37,-0.566,-0.603,-0.562,0.809,0.346,0.475,0.881,0.27,-0.387,,,,0.236,0.441,0.866,0.872,0.085,0.483,,,,0.351,0.409,0.842,0.937,0.129,0.325,,,,0.214,0.699,0.682,0.889,0.252,0.382,,,,0.089,-0.655,0.751,-0.768,-0.117,-0.63,,,,none
26.311471,0.692,0.193,0.696,-0.77,-0.022,-0.638,-0.573,-0.581,-0.579,0.709,0.45,0.543,0.843,0.321,-0.432,,,,0.092,0.508,0.856,0.911,0.214,0.353,,,,0.214,0.477,0.852,0.963,0.023,0.27,,,,0.118,0.756,0.644,0.951,0.199,0.238,,,,0.218,-0.611,0.761,-0.741,-0.127,-0.659,,,,none
26.354512,0.705,0.247,0.664,-0.77,-0.022,-0.638,-0.596,-0.557,-0.578,0.602,0.526,0.601,0.698,0.31,-0.645,,,,-0.028,0.528,0.849,0.95,0.31,0.049,,,,0.116,0.488,0.865,0.987,0.16,-0.028,,,,0.054,0.757,0.651,0.93,0.343,-0.129,,,,0.436,-0.717,0.543,-0.771,-0.413,-0.484,,,,none
26.397675,0.683,0.165,0.711,-0.77,-0.022,-0.638,-0.596,-0.557,-0.578,0.637,0.547,0.543,0.168,0.186,-0.968,,,,0.046,0.579,0.814,0.733,0.304,-0.609,,,,0.187,0.549,0.814,0.697,0.354,-0.624,,,,0.09,0.816,0.571,0.617,0.361,-0.699,,,,0.366,-0.755,0.544,-0.765,-0.584,-0.272,,,,none
26.441897,0.644,0.151,0.75,-0.671,0.603,0.432,-0.596,-0.557,-0.578,0.701,0.56,0.442,-0.508,0.194,-0.839,,,,0.188,0.638,0.747,0.0,0.423,-0.906,,,,0.314,0.608,0.729,0.057,0.536,-0.842,,,,0.169,0.857,0.487,-0.114,0.273,-0.955,,,,0.234,-0.793,0.562,-0.803,-0.594,-0.042,,,,none
26.482934,0.636,0.16,0.755,-0.557,0.768,0.316,-0.568,-0.496,-0.656,0.639,0.591,0.493,-0.252,0.042,-0.967,,,,0.073,0.639,0.766,0.296,0.24,-0.925,,,,0.201,0.614,0.763,0.285,0.318,-0.904,,,,0.079,0.853,0.516,0.088,0.229,-0.969,,,,0.321,-0.812,0.488,-0.797,-0.602,0.053,,,,none
26.521204,0.618,0.14,0.773,-0.621,0.766,0.166,-0.568,-0.496,-0.656,0.615,0.603,0.508,-0.563,-0.065,-0.824,,,,0.067,0.637,0.768,-0.0,0.205,-0.979,,,,0.21,0.613,0.762,-0.028,0.295,-0.955,,,,0.112,0.849,0.516,-0.193,0.074,-0.978,,,,0.268,-0.798,0.541,-0.621,0.365,0.694,,,,none
26.567164,0.624,0.131,0.771,-0.703,0.703,0.103,-0.567,-0.47,-0.676,0.655,0.577,0.488,-0.268,-0.032,-0.963,,,,0.12,0.634,0.764,0.295,0.126,-0.947,,,,0.251,0.611,0.751,0.214,0.078,-0.974,,,,0.114,0.853,0.509,0.061,0.081,-0.995,,,,0.263,-0.784,0.562,-0.846,-0.282,0.451,,,,none
26.603839,0.619,0.123,0.776,-0.703,0.703,0.103,-0.567,-0.47,-0.676,0.621,0.6,0.504,-0.428,0.13,-0.894,,,,0.07,0.646,0.76,0.026,0.026,-0.999,,,,0.204,0.629,0.75,-0.067,-0.0,-0.998,,,,0.06,0.863,0.502,-0.238,-0.19,-0.952,,,,0.232,-0.813,0.535,-0.924,0.287,0.255,,,,none
26.646345,0.617,0.1,0.781,-0.196,-0.0,-0.981,-0.567,-0.47,-0.676,0.619,0.596,0.512,-0.703,0.225,-0.675,,,,0.083,0.639,0.765,-0.575,-0.246,-0.78,,,,0.216,0.619,0.755,-0.534,-0.314,-0.785,,,,0.078,0.854,0.515,-0.663,-0.482,-0.573,,,,0.222,-0.816,0.534,-0.983,-0.036,-0.182,,,,none
26.684968,0.604,0.116,0.788,0.236,-0.236,-0.943,-0.558,-0.442,-0.702,0.619,0.59,0.518,-0.808,0.303,-0.505,,,,0.082,0.634,0.769,-0.58,-0.811,-0.077,,,,0.214,0.611,0.762,-0.592,-0.77,-0.237,,,,0.077,0.847,0.526,-0.706,-0.706,-0.067,,,,0.242,-0.821,0.517,-0.796,-0.292,-0.531,,,,none
26.729074,0.615,0.132,0.778,0.579,-0.331,-0.745,-0.558,-0.442,-0.702,0.599,0.586,0.545,-0.976,0.081,0.203,,,,0.069,0.616,0.785,-0.76,-0.643,0.088,,,,0.217,0.591,0.777,-0.802,-0.588,-0.107,,,,0.095,0.832,0.547,-0.839,-0.534,0.102,,,,0.283,-0.807,0.519,-0.639,-0.281,-0.716,,,,none
26.767898,0.624,0.152,0.767,0.751,-0.143,-0.644,-0.558,-0.442,-0.702,0.615,0.576,0.539,-0.922,-0.084,0.377,,,,0.094,0.609,0.787,-0.762,-0.635,0.127,,,,0.235,0.58,0.78,-0.807,-0.59,-0.031,,,,0.11,0.819,0.563,-0.786,-0.569,0.244,,,,0.323,-0.814,0.483,-0.537,-0.198,-0.82,,,,none
26.812269,0.619,0.16,0.769,0.446,0.064,-0.893,-0.558,-0.442,-0.702,0.615,0.566,0.549,-0.822,-0.523,0.224,,,,0.095,0.599,0.795,-0.441,-0.883,0.161,,,,0.238,0.57,0.787,-0.619,-0.784,-0.041,,,,0.12,0.815,0.567,-0.709,-0.63,0.315,,,,0.338,-0.805,0.487,-0.46,0.126,-0.879,,,,none
26.851102,0.621,0.149,0.77,0.447,-0.0,-0.894,-0.557,-0.52,-0.648,0.616,0.566,0.548,-0.697,-0.597,0.398,,,,0.097,0.599,0.795,-0.537,-0.827,0.165,,,,0.236,0.568,0.788,-0.775,-0.63,-0.048,,,,0.115,0.815,0.568,-0.797,-0.503,0.335,,,,0.325,-0.809,0.49,-0.367,0.262,-0.892,,,,none
26.895868,0.617,0.182,0.766,0.656,0.094,-0.749,-0.537,-0.526,-0.659,0.613,0.566,0.551,-0.492,-0.862,0.123,,,,0.094,0.6,0.795,-0.383,-0.92,-0.077,,,,0.238,0.566,0.789,-0.64,-0.64,-0.426,,,,0.12,0.81,0.575,-0.913,-0.365,0.183,,,,0.349,-0.801,0.486,-0.116,0.93,-0.349,,,,none
26.941147,0.6,0.191,0.776,-0.408,0.408,-0.816,-0.55,-0.491,-0.675,0.601,0.571,0.559,-0.773,-0.336,-0.538,,,,0.072,0.601,0.796,-0.122,0.326,-0.937,,,,0.22,0.562,0.797,-0.103,0.445,-0.89,,,,0.116,0.805,0.581,-0.436,0.218,-0.873,,,,0.365,-0.786,0.499,0.025,0.889,0.457,,,,none
26.978677,0.62,0.17,0.766,-0.581,0.814,-0.0,-0.55,-0.491,-0.675,0.491,0.602,0.63,-0.899,-0.393,-0.191,,,,-0.07,0.589,0.805,-0.341,0.556,-0.758,,,,0.105,0.556,0.824,-0.295,0.551,-0.781,,,,0.083,0.785,0.614,-0.222,0.678,-0.701,,,,0.373,-0.773,0.513,0.09,0.642,0.761,,,,none
27.025268,0.634,0.149,0.759,-0.591,0.798,0.118,-0.542,-0.504,-0.673,0.399,0.612,0.683,-0.953,-0.296,-0.071,,,,-0.118,0.594,0.795,-0.571,0.359,-0.738,,,,0.086,0.563,0.822,-0.602,0.142,-0.786,,,,0.064,0.802,0.593,-0.513,0.569,-0.643,,,,0.288,-0.814,0.505,0.205,0.409,0.889,,,,none
27.064362,0.647,0.119,0.753,0.585,0.81,-0.023,-0.542,-0.504,-0.673,0.416,0.654,0.632,-0.93,-0.367,0.016,,,,0.005,0.584,0.812,-0.693,-0.085,-0.716,,,,0.076,0.522,0.849,-0.821,-0.007,-0.571,,,,0.027,0.757,0.653,-0.657,0.563,-0.501,,,,0.265,-0.863,0.43,0.478,0.229,0.848,,,,none
27.105531,0.574,0.264,0.775,0.337,0.931,-0.139,-0.521,-0.5,-0.692,0.965,0.16,0.207,-0.922,-0.386,0.017,,,,-0.066,0.499,0.864,-0.641,0.199,-0.742,,,,0.125,0.486,0.865,-0.804,0.072,-0.591,,,,-0.02,0.755,0.655,-0.876,0.131,-0.464,,,,0.2,-0.79,0.579,0.584,0.243,0.774,,,,none
27.151452,0.578,0.178,0.797,-0.018,0.95,0.311,-0.516,-0.495,-0.699,0.899,0.046,0.435,-0.959,-0.238,0.153,,,,0.042,0.382,0.923,-0.771,0.274,-0.575,,,,0.274,0.389,0.88,-0.84,0.177,-0.512,,,,0.061,0.759,0.648,-0.936,-0.017,-0.352,,,,0.08,-0.774,0.628,0.737,0.146,0.66,,,,none
27.196085,0.592,0.159,0.79,-0.126,0.072,0.989,-0.508,-0.478,-0.716,0.912,-0.139,0.386,-0.408,0.196,0.892,,,,-0.026,0.246,0.969,-0.936,0.114,-0.333,,,,0.272,0.263,0.926,-0.936,0.174,-0.305,,,,0.002,0.699,0.715,-0.988,0.097,-0.12,,,,-0.075,-0.864,0.499,0.921,0.144,0.361,,,,none
27.235918,0.539,0.192,0.82,0.329,0.029,0.944,-0.532,-0.46,-0.711,0.813,0.124,0.569,0.685,0.143,0.714,,,,0.048,0.105,0.993,-0.965,-0.106,0.241,,,,0.344,0.103,0.933,-0.976,0.169,0.136,,,,0.051,0.572,0.819,-0.993,0.09,-0.079,,,,-0.374,-0.53,0.761,0.99,0.126,0.059,,,,none
27.280144,0.454,0.271,0.849,-0.523,0.124,0.843,-0.502,-0.472,-0.725,0.733,0.241,0.636,0.781,0.224,0.583,,,,0.16,-0.004,0.987,-0.29,0.137,0.947,,,,0.432,-0.049,0.9,0.104,0.239,0.965,,,,0.101,0.461,0.882,0.059,0.772,-0.633,,,,-0.211,0.142,0.967,0.96,0.014,-0.278,,,,none
27.322414,0.562,-0.092,0.822,0.224,-0.61,0.76,-0.556,-0.386,-0.736,0.726,0.177,0.665,0.817,0.243,0.523,,,,0.451,0.043,0.891,0.381,-0.31,0.871,,,,0.52,0.134,0.844,0.567,-0.342,0.749,,,,0.333,0.467,0.819,0.668,-0.059,0.742,,,,0.046,0.263,0.964,0.956,0.177,-0.233,,,,none
27.359852,0.637,0.146,0.757,0.82,-0.399,0.41,-0.556,-0.386,-0.736,0.685,0.306,0.662,0.89,0.423,-0.171,,,,-0.164,0.476,0.864,0.566,-0.29,0.772,,,,0.07,0.467,0.882,0.77,-0.2,0.606,,,,0.138,0.689,0.711,0.757,0.087,0.648,,,,0.22,0.211,0.952,-0.421,0.301,0.856,,,,none
27.407092,0.602,-0.043,0.797,-0.739,0.136,0.66,-0.601,-0.387,-0.699,0.657,0.393,0.643,0.92,0.264,-0.291,,,,-0.129,0.498,0.858,0.747,-0.28,0.603,,,,0.062,0.507,0.859,0.884,-0.198,0.423,,,,-0.052,0.769,0.637,0.839,0.105,0.534,,,,-0.209,0.147,0.967,-0.612,0.369,0.699,,,,none
27.446188,0.634,-0.021,0.773,-0.636,0.339,0.693,-0.576,-0.33,-0.748,0.518,0.511,0.686,0.963,0.084,-0.257,,,,-0.156,0.515,0.843,0.813,-0.332,0.478,,,,0.009,0.53,0.848,0.899,-0.275,0.342,,,,-0.142,0.783,0.606,0.869,0.11,0.483,,,,-0.624,-0.185,0.759,-0.513,0.269,0.815,,,,none
27.487455,0.572,0.022,0.82,-0.574,0.601,0.556,-0.576,-0.33,-0.748,0.476,0.577,0.664,0.917,-0.112,-0.384,,,,-0.127,0.568,0.813,0.933,-0.279,0.229,,,,0.047,0.589,0.807,0.953,-0.297,0.056,,,,-0.112,0.826,0.553,0.985,0.014,0.174,,,,-0.681,-0.238,0.692,-0.264,0.207,0.942,,,,none
27.529621,0.524,-0.152,0.838,-0.71,0.668,0.223,-0.588,-0.287,-0.757,0.637,0.538,0.553,0.909,-0.13,-0.396,,,,0.141,0.6,0.787,0.952,-0.214,0.221,,,,0.31,0.613,0.726,0.938,-0.34,0.066,,,,0.121,0.877,0.465,0.964,-0.06,0.258,,,,-0.543,-0.086,0.835,-0.112,0.133,0.985,,,,none
27.571967,0.509,-0.096,0.855,-0.71,0.668,0.223,-0.543,-0.236,-0.806,0.546,0.601,0.584,0.939,-0.173,-0.297,,,,0.02,0.624,0.781,0.939,-0.073,0.337,,,,0.195,0.637,0.745,0.984,-0.125,0.125,,,,0.026,0.879,0.476,0.94,0.16,0.3,,,,-0.488,-0.085,0.869,-0.421,-0.228,0.878,,,,none
27.6171,0.523,-0.063,0.85,-0.298,-0.954,0.0,-0.549,-0.277,-0.789,0.621,0.584,0.523,0.227,0.907,-0.356,,,,0.123,0.635,0.763,0.241,0.843,0.482,,,,0.28,0.637,0.718,0.499,0.855,0.142,,,,0.096,0.881,0.463,-0.286,0.953,0.095,,,,-0.408,-0.096,0.908,-0.945,-0.325,0.03,,,,none
27.662819,0.526,0.007,0.851,-0.793,-0.595,-0.132,-0.549,-0.277,-0.789,0.545,0.615,0.57,-0.658,0.701,-0.276,,,,0.028,0.639,0.769,-0.669,0.602,-0.435,,,,0.196,0.645,0.739,-0.533,0.658,-0.533,,,,0.024,0.874,0.485,-0.721,0.202,-0.663,,,,-0.384,-0.136,0.913,-0.96,0.077,-0.269,,,,none
27.701215,0.54,-0.092,0.837,-0.85,-0.526,-0.04,-0.576,-0.226,-0.786,0.602,0.567,0.563,-0.71,0.668,-0.223,,,,0.12,0.613,0.781,-0.664,0.611,-0.431,,,,0.288,0.623,0.728,-0.637,0.656,-0.405,,,,0.104,0.871,0.48,-0.808,0.186,-0.559,,,,-0.385,-0.112,0.916,-0.917,0.136,-0.374,,,,none
27.745748,0.556,-0.012,0.831,0.571,-0.809,-0.143,-0.58,-0.276,-0.767,0.531,0.601,0.597,-0.488,0.836,-0.251,,,,0.018,0.628,0.778,-0.613,0.74,-0.275,,,,0.185,0.635,0.75,-0.706,0.649,-0.282,,,,0.014,0.864,0.503,-0.929,0.09,-0.36,,,,-0.395,-0.175,0.902,-0.725,0.036,-0.688,,,,none
27.784108,0.56,-0.048,0.827,0.571,-0.809,-0.143,-0.573,-0.237,-0.784,0.515,0.575,0.636,-0.633,0.708,-0.311,,,,0.011,0.599,0.8,-0.487,0.716,-0.501,,,,0.186,0.611,0.77,-0.596,0.596,-0.538,,,,0.023,0.851,0.524,-0.726,0.062,-0.685,,,,-0.366,-0.151,0.918,-0.319,0.701,-0.638,,,,none
27.828909,0.556,-0.057,0.829,-0.923,0.385,0.0,-0.589,-0.27,-0.762,0.511,0.556,0.656,-0.798,0.566,-0.204,,,,-0.017,0.588,0.808,-0.588,0.611,-0.53,,,,0.169,0.597,0.784,-0.634,0.593,-0.496,,,,0.003,0.844,0.537,-0.732,0.122,-0.671,,,,-0.357,-0.135,0.924,0.159,0.796,0.584,,,,none
27.867829,0.564,-0.048,0.825,-0.923,0.385,0.0,-0.579,-0.258,-0.773,0.406,0.583,0.704,-0.964,0.205,-0.167,,,,-0.146,0.592,0.793,-0.652,0.402,-0.643,,,,0.035,0.61,0.792,-0.701,0.38,-0.604,,,,-0.134,0.824,0.551,-0.78,-0.181,-0.599,,,,-0.39,-0.155,0.908,0.312,0.647,0.695,,,,none
27.910226,0.547,-0.081,0.833,-0.535,0.844,-0.021,-0.541,-0.224,-0.81,0.536,0.5,0.68,-0.966,-0.007,-0.26,,,,0.028,0.559,0.829,-0.515,0.354,-0.781,,,,0.226,0.58,0.783,-0.607,0.295,-0.738,,,,0.075,0.836,0.543,-0.661,-0.178,-0.729,,,,-0.425,-0.106,0.899,0.648,0.479,0.592,,,,none
27.955331,0.522,-0.069,0.85,-0.04,0.996,0.08,-0.551,-0.207,-0.808,0.553,0.469,0.689,-0.931,-0.039,-0.362,,,,-0.004,0.545,0.838,-0.373,0.433,-0.821,,,,0.2,0.567,0.799,-0.534,0.134,-0.835,,,,0.051,0.82,0.57,-0.622,-0.302,-0.723,,,,-0.432,-0.108,0.895,0.862,0.123,0.492,,,,none
28.001233,0.513,-0.074,0.855,-0.212,0.977,0.0,-0.534,-0.218,-0.817,0.552,0.442,0.707,-0.509,-0.339,-0.791,,,,-0.018,0.522,0.853,-0.082,0.412,-0.907,,,,0.198,0.544,0.815,-0.248,-0.331,-0.91,,,,0.056,0.806,0.589,-0.667,-0.477,-0.572,,,,-0.401,-0.097,0.911,-0.488,-0.183,-0.854,,,,none
28.039099,0.518,-0.056,0.853,0.986,0.0,0.164,-0.534,-0.218,-0.817,0.535,0.444,0.719,0.911,-0.391,-0.13,,,,-0.046,0.517,0.855,0.219,-0.219,0.951,,,,0.171,0.539,0.825,0.437,-0.437,0.786,,,,0.028,0.799,0.601,0.145,0.291,0.946,,,,-0.386,-0.098,0.917,-0.734,-0.342,-0.587,,,,none
28.07899,0.522,-0.06,0.851,0.966,-0.0,0.258,-0.568,-0.213,-0.795,0.504,0.48,0.718,0.997,-0.071,-0.0,,,,-0.078,0.539,0.838,0.384,-0.269,0.883,,,,0.135,0.561,0.817,0.579,-0.331,0.745,,,,-0.01,0.805,0.593,0.445,0.283,0.85,,,,-0.403,-0.124,0.907,-0.796,-0.428,-0.428,,,,none
28.124862,0.514,-0.079,0.854,0.426,0.64,0.64,-0.526,-0.252,-0.812,0.526,0.473,0.707,0.992,0.118,-0.047,,,,-0.043,0.537,0.842,0.48,-0.293,0.827,,,,0.169,0.559,0.811,0.602,-0.411,0.684,,,,0.02,0.813,0.582,0.516,0.163,0.841,,,,-0.393,-0.103,0.914,-0.723,-0.562,-0.402,,,,none
28.16674,0.508,-0.056,0.86,0.933,-0.133,0.333,-0.526,-0.252,-0.812,0.485,0.513,0.708,0.928,0.371,0.031,,,,-0.079,0.565,0.821,0.336,-0.034,0.941,,,,0.14,0.584,0.8,0.593,-0.07,0.802,,,,-0.008,0.824,0.566,0.403,0.372,0.836,,,,-0.399,-0.118,0.91,-0.91,-0.414,0.0,,,,none
28.2119,0.511,-0.073,0.857,-0.174,-0.696,0.696,-0.551,-0.264,-0.792,0.485,0.508,0.711,0.848,0.53,-0.0,,,,-0.079,0.558,0.826,0.319,0.359,0.877,,,,0.136,0.579,0.804,0.661,0.272,0.7,,,,-0.01,0.823,0.569,0.396,0.561,0.727,,,,-0.401,-0.118,0.908,-0.928,-0.0,-0.371,,,,none
28.255224,0.52,-0.061,0.852,-0.174,-0.696,0.696,-0.551,-0.216,-0.806,0.478,0.514,0.712,0.28,0.953,-0.112,,,,-0.073,0.564,0.822,-0.051,0.823,0.566,,,,0.144,0.586,0.798,0.478,0.796,0.372,,,,-0.003,0.827,0.562,0.231,0.879,0.416,,,,-0.408,-0.134,0.903,-0.61,0.271,-0.745,,,,none
28.298456,0.547,-0.086,0.833,0.577,-0.577,-0.577,-0.551,-0.216,-0.806,0.498,0.495,0.712,0.561,0.825,-0.066,,,,-0.048,0.553,0.832,0.269,0.471,0.84,,,,0.163,0.577,0.8,0.698,0.266,0.665,,,,0.013,0.826,0.564,0.549,0.549,0.631,,,,-0.403,-0.137,0.905,-0.473,-0.473,-0.743,,,,none
28.341156,0.53,-0.036,0.847,0.768,0.64,0.0,-0.551,-0.216,-0.806,0.501,0.507,0.701,0.616,0.776,-0.134,,,,-0.042,0.564,0.825,0.407,0.345,0.846,,,,0.174,0.586,0.791,0.762,0.091,0.64,,,,0.026,0.835,0.55,0.619,0.484,0.619,,,,-0.378,-0.128,0.917,-0.444,-0.778,-0.444,,,,none
28.380995,0.516,-0.051,0.855,0.667,-0.667,0.333,-0.551,-0.216,-0.806,0.479,0.527,0.702,0.671,0.741,-0.023,,,,-0.06,0.582,0.811,0.395,0.169,0.903,,,,0.154,0.602,0.783,0.692,-0.029,0.721,,,,0.001,0.843,0.538,0.555,0.479,0.681,,,,-0.376,-0.12,0.919,-0.867,-0.473,-0.158,,,,none
28.427294,0.528,-0.064,0.847,0.394,-0.919,0.0,-0.57,-0.216,-0.793,0.478,0.536,0.696,0.898,0.438,0.044,,,,-0.036,0.585,0.81,0.558,-0.177,0.811,,,,0.179,0.607,0.774,0.709,-0.315,0.63,,,,0.023,0.85,0.526,0.609,0.244,0.755,,,,-0.381,-0.127,0.916,-0.829,-0.296,-0.474,,,,none
28.464687,0.531,-0.06,0.845,0.394,-0.919,0.0,-0.528,-0.281,-0.801,0.467,0.539,0.701,0.968,0.222,0.121,,,,-0.038,0.585,0.81,0.581,-0.023,0.814,,,,0.185,0.606,0.773,0.695,-0.312,0.647,,,,0.031,0.852,0.522,0.549,0.148,0.823,,,,-0.378,-0.13,0.917,-0.852,-0.213,-0.479,,,,none
28.511094,0.538,-0.052,0.841,0.896,-0.398,0.199,-0.528,-0.281,-0.801,0.454,0.564,0.69,0.976,-0.118,0.185,,,,-0.047,0.607,0.794,0.537,-0.279,0.796,,,,0.17,0.625,0.762,0.524,-0.602,0.602,,,,0.011,0.861,0.508,0.444,-0.111,0.889,,,,-0.423,-0.153,0.893,-0.457,-0.335,-0.823,,,,none
28.551049,0.52,-0.056,0.852,0.97,0.108,-0.216,-0.552,-0.22,-0.804,0.473,0.573,0.669,0.938,-0.313,0.148,,,,-0.015,0.616,0.788,0.546,-0.39,0.741,,,,0.221,0.625,0.749,0.526,-0.682,0.507,,,,0.074,0.87,0.488,0.474,-0.165,0.865,,,,-0.365,-0.133,0.921,-0.325,-0.325,-0.888,,,,none
28.595927,0.521,-0.047,0.852,0.772,-0.617,0.154,-0.575,-0.243,-0.781,0.464,0.596,0.655,0.883,-0.378,0.278,,,,-0.025,0.636,0.771,0.374,-0.312,0.873,,,,0.202,0.645,0.737,0.559,-0.385,0.734,,,,0.049,0.877,0.478,0.376,0.188,0.908,,,,-0.351,-0.145,0.925,-0.625,-0.278,-0.729,,,,none
28.635061,0.534,-0.028,0.845,-0.696,-0.696,-0.174,-0.575,-0.243,-0.781,0.474,0.593,0.651,0.95,-0.305,-0.068,,,,-0.013,0.631,0.776,0.618,-0.486,0.618,,,,0.219,0.638,0.739,0.776,-0.517,0.362,,,,0.064,0.873,0.484,0.597,0.1,0.796,,,,-0.349,-0.168,0.922,-0.627,0.139,-0.766,,,,none
28.679081,0.532,-0.026,0.846,-0.937,0.312,-0.156,-0.575,-0.243,-0.781,0.505,0.575,0.643,0.928,-0.232,-0.29,,,,0.028,0.62,0.784,0.74,-0.185,0.647,,,,0.262,0.627,0.734,0.968,0.176,0.176,,,,0.109,0.872,0.477,0.601,0.526,0.601,,,,-0.344,-0.151,0.927,-0.857,0.429,-0.286,,,,none
28.72468,0.543,-0.022,0.839,0.743,-0.557,0.371,-0.574,-0.244,-0.781,0.491,0.594,0.637,0.956,0.151,-0.252,,,,0.012,0.635,0.773,0.741,0.074,0.667,,,,0.239,0.643,0.728,0.927,0.265,0.265,,,,0.083,0.879,0.47,0.612,0.501,0.612,,,,-0.362,-0.173,0.916,-0.913,0.365,-0.183,,,,none
28.76389,0.542,-0.026,0.84,-0.68,0.68,0.272,-0.565,-0.259,-0.783,0.487,0.597,0.638,0.905,-0.0,-0.426,,,,0.009,0.635,0.773,0.857,-0.0,0.514,,,,0.236,0.643,0.729,0.94,0.336,0.067,,,,0.083,0.879,0.469,0.686,0.624,0.374,,,,-0.355,-0.16,0.921,-0.243,0.97,-0.0,,,,none
28.805909,0.528,-0.034,0.849,-0.64,0.426,0.64,-0.565,-0.259,-0.783,0.504,0.595,0.626,0.921,0.217,-0.325,,,,0.031,0.64,0.768,0.675,0.3,0.675,,,,0.255,0.647,0.719,0.852,0.426,0.304,,,,0.103,0.885,0.454,0.576,0.628,0.523,,,,-0.36,-0.155,0.92,-0.87,0.348,0.348,,,,none
28.847306,0.54,-0.026,0.842,0.447,0.0,0.894,-0.565,-0.259,-0.783,0.492,0.608,0.623,0.913,0.288,-0.288,,,,0.022,0.648,0.761,0.701,0.319,0.638,,,,0.243,0.655,0.715,0.866,0.379,0.325,,,,0.092,0.889,0.449,0.621,0.576,0.532,,,,-0.359,-0.163,0.919,-0.873,0.218,0.436,,,,none
28.888469,0.534,-0.034,0.845,-0.229,0.688,0.688,-0.565,-0.259,-0.783,0.498,0.604,0.622,0.927,0.265,-0.265,,,,0.034,0.647,0.762,0.688,0.229,0.688,,,,0.255,0.654,0.712,0.886,0.246,0.394,,,,0.104,0.891,0.443,0.629,0.55,0.55,,,,-0.36,-0.153,0.92,-0.707,0.0,0.707,,,,none
28.933958,0.533,-0.026,0.846,0.857,0.429,0.286,-0.565,-0.259,-0.783,0.485,0.614,0.623,0.937,0.312,-0.156,,,,0.02,0.648,0.761,0.566,0.226,0.793,,,,0.241,0.659,0.713,0.808,0.303,0.505,,,,0.094,0.892,0.442,0.564,0.564,0.604,,,,-0.362,-0.154,0.92,-0.615,-0.492,0.615,,,,none
28.979786,0.539,-0.054,0.84,0.768,0.512,0.384,-0.557,-0.263,-0.788,0.474,0.629,0.616,0.97,0.243,0.0,,,,0.008,0.664,0.747,0.291,0.145,0.946,,,,0.226,0.676,0.702,0.667,0.333,0.667,,,,0.075,0.901,0.427,0.342,0.587,0.734,,,,-0.382,-0.159,0.91,-0.677,-0.677,0.29,,,,none
29.017691,0.541,-0.045,0.84,0.6,0.8,-0.0,-0.557,-0.263,-0.788,0.469,0.631,0.618,0.972,-0.224,-0.075,,,,0.0,0.665,0.746,0.493,-0.211,0.844,,,,0.219,0.674,0.705,0.862,-0.072,0.503,,,,0.071,0.9,0.43,0.529,0.471,0.706,,,,-0.373,-0.16,0.914,-0.286,-0.953,-0.095,,,,none
29.057099,0.522,-0.003,0.853,0.445,0.891,-0.089,-0.56,-0.275,-0.782,0.502,0.618,0.605,0.882,-0.368,-0.294,,,,0.044,0.659,0.751,0.696,-0.174,0.696,,,,0.263,0.665,0.699,0.97,-0.0,0.243,,,,0.119,0.897,0.426,0.669,0.446,0.595,,,,-0.334,-0.15,0.931,0.164,-0.986,-0.0,,,,none
29.096625,0.513,-0.015,0.858,0.248,0.744,0.62,-0.543,-0.268,-0.796,0.511,0.617,0.598,0.968,-0.176,-0.176,,,,0.057,0.662,0.747,0.486,-0.0,0.874,,,,0.273,0.667,0.693,0.843,0.105,0.527,,,,0.126,0.9,0.416,0.383,0.614,0.69,,,,-0.334,-0.142,0.932,-0.485,-0.728,0.485,,,,none
29.13933,0.523,-0.018,0.852,0.248,0.744,0.62,-0.557,-0.27,-0.786,0.487,0.632,0.603,0.857,-0.286,-0.429,,,,0.027,0.67,0.742,0.436,0.218,0.873,,,,0.246,0.677,0.693,0.7,0.7,0.14,,,,0.097,0.905,0.414,0.095,0.953,0.286,,,,-0.349,-0.144,0.926,-0.8,0.0,0.6,,,,none
29.184927,0.523,-0.022,0.852,0.154,0.617,0.772,-0.554,-0.243,-0.796,0.494,0.637,0.592,0.656,-0.656,-0.375,,,,0.035,0.675,0.737,0.913,-0.183,0.365,,,,0.251,0.682,0.687,0.927,0.265,-0.265,,,,0.105,0.907,0.408,0.436,0.873,0.218,,,,-0.343,-0.144,0.928,-0.6,-0.0,0.8,,,,none
29.22639,0.508,-0.015,0.861,-0.1,0.796,0.597,-0.554,-0.243,-0.796,0.503,0.632,0.59,0.308,-0.923,-0.231,,,,0.043,0.674,0.737,0.784,-0.588,-0.196,,,,0.255,0.68,0.687,0.615,0.492,-0.615,,,,0.106,0.908,0.405,0.309,0.928,-0.206,,,,-0.349,-0.132,0.928,-0.743,0.371,0.557,,,,none
29.268891,0.517,-0.041,0.855,-0.236,0.236,0.943,-0.57,-0.235,-0.788,0.507,0.63,0.588,0.0,-0.976,0.217,,,,0.045,0.676,0.735,-0.707,0.0,0.707,,,,0.256,0.683,0.684,0.13,0.911,-0.391,,,,0.105,0.91,0.402,-0.178,0.98,-0.089,,,,-0.354,-0.137,0.925,-1.0,-0.0,-0.0,,,,none
29.311164,0.53,-0.03,0.847,-0.236,0.236,0.943,-0.535,-0.249,-0.808,0.5,0.625,0.6,0.707,-0.707,0.0,,,,0.03,0.67,0.742,0.436,0.218,0.873,,,,0.243,0.678,0.694,0.527,0.843,-0.105,,,,0.094,0.906,0.413,0.152,0.986,0.076,,,,-0.35,-0.152,0.924,-0.973,-0.162,0.162,,,,none
29.355921,0.537,-0.042,0.843,0.309,0.619,0.722,-0.535,-0.249,-0.808,0.491,0.626,0.606,0.873,-0.436,-0.218,,,,0.017,0.667,0.745,0.667,0.333,0.667,,,,0.223,0.679,0.7,0.659,0.753,0.0,,,,0.075,0.906,0.418,0.257,0.964,0.064,,,,-0.36,-0.162,0.919,-0.928,0.0,-0.371,,,,none
29.398383,0.544,-0.054,0.838,0.0,0.707,0.707,-0.535,-0.249,-0.808,0.491,0.622,0.609,0.745,-0.596,-0.298,,,,0.018,0.664,0.748,0.919,0.0,0.394,,,,0.224,0.678,0.7,0.786,0.612,-0.087,,,,0.068,0.906,0.418,0.425,0.904,0.053,,,,-0.365,-0.165,0.916,-0.816,0.408,-0.408,,,,none
29.443163,0.545,-0.05,0.837,0.0,0.707,0.707,-0.534,-0.253,-0.807,0.498,0.616,0.61,0.832,-0.555,-0.0,,,,0.022,0.66,0.751,0.704,0.101,0.704,,,,0.227,0.673,0.704,0.76,0.608,0.228,,,,0.071,0.906,0.418,0.381,0.905,0.19,,,,-0.353,-0.161,0.922,0.0,-0.287,0.958,,,,none
29.487688,0.527,-0.026,0.849,0.39,0.693,0.606,-0.552,-0.239,-0.799,0.53,0.613,0.586,0.951,-0.219,0.219,,,,0.058,0.664,0.746,0.408,0.408,0.816,,,,0.26,0.673,0.692,0.612,0.612,0.501,,,,0.1,0.907,0.409,0.342,0.875,0.342,,,,-0.341,-0.15,0.928,-0.042,-0.252,0.967,,,,none
29.527194,0.527,-0.034,0.849,0.39,0.693,0.606,-0.539,-0.227,-0.811,0.529,0.621,0.578,0.96,-0.077,0.269,,,,0.056,0.672,0.739,0.473,0.158,0.867,,,,0.253,0.68,0.689,0.671,0.316,0.671,,,,0.094,0.911,0.401,0.427,0.762,0.488,,,,-0.339,-0.141,0.93,-0.032,-0.287,0.957,,,,none
29.571397,0.487,-0.021,0.873,0.377,0.493,0.784,-0.552,-0.231,-0.801,0.534,0.635,0.558,0.95,0.11,0.292,,,,0.067,0.688,0.723,0.394,0.323,0.86,,,,0.265,0.692,0.671,0.616,0.445,0.65,,,,0.105,0.92,0.378,0.341,0.823,0.454,,,,-0.334,-0.109,0.936,-0.092,-0.154,0.984,,,,none
29.616991,0.455,-0.025,0.89,0.361,0.331,0.872,-0.56,-0.213,-0.801,0.516,0.663,0.542,0.861,0.383,0.335,,,,0.05,0.71,0.703,0.203,0.65,0.732,,,,0.247,0.717,0.651,0.437,0.765,0.473,,,,0.085,0.932,0.352,0.202,0.952,0.231,,,,-0.341,-0.087,0.936,-0.22,0.0,0.975,,,,none
29.655262,0.448,-0.044,0.893,0.252,0.252,0.935,-0.565,-0.22,-0.796,0.523,0.668,0.529,0.806,0.518,0.288,,,,0.059,0.717,0.694,0.167,0.794,0.585,,,,0.254,0.723,0.643,0.382,0.841,0.382,,,,0.093,0.936,0.34,0.152,0.971,0.182,,,,-0.342,-0.076,0.937,-0.306,0.034,0.951,,,,none
29.700711,0.449,-0.041,0.892,0.233,0.272,0.933,-0.545,-0.226,-0.807,0.502,0.679,0.536,0.324,0.811,0.487,,,,0.03,0.725,0.689,-0.179,0.954,0.239,,,,0.22,0.732,0.645,0.114,0.987,0.114,,,,0.059,0.941,0.334,-0.0,0.998,-0.064,,,,-0.36,-0.08,0.93,-0.285,0.204,0.937,,,,none
29.747013,0.444,-0.058,0.894,-0.087,0.48,0.873,-0.563,-0.262,-0.784,0.495,0.684,0.536,-0.939,-0.341,-0.043,,,,0.021,0.729,0.684,-0.704,0.264,-0.66,,,,0.195,0.739,0.645,-0.322,0.824,-0.466,,,,0.051,0.947,0.316,-0.179,0.824,-0.537,,,,-0.366,-0.072,0.928,-0.051,0.506,0.861,,,,none
29.785893,0.441,-0.062,0.895,-0.173,0.777,0.605,-0.55,-0.203,-0.81,0.522,0.672,0.525,-0.943,-0.236,-0.236,,,,0.045,0.733,0.678,-0.56,0.388,-0.732,,,,0.241,0.746,0.621,-0.477,0.667,-0.572,,,,0.05,0.948,0.314,0.293,0.807,-0.513,,,,-0.358,-0.061,0.932,0.319,0.547,0.774,,,,none
29.829001,0.426,-0.064,0.903,-0.225,0.899,0.375,-0.525,-0.225,-0.821,0.544,0.661,0.517,-0.111,-0.444,-0.889,,,,0.07,0.725,0.685,0.577,0.577,-0.577,,,,0.254,0.733,0.632,0.913,-0.183,-0.365,,,,0.088,0.947,0.309,0.884,0.241,0.402,,,,-0.359,-0.042,0.932,0.551,0.276,0.787,,,,none
29.874922,0.401,-0.061,0.914,-0.04,0.969,0.242,-0.551,-0.185,-0.814,0.534,0.675,0.509,0.775,-0.166,-0.609,,,,0.06,0.739,0.671,0.953,-0.073,0.293,,,,0.247,0.744,0.621,0.878,-0.439,0.188,,,,0.075,0.953,0.294,0.865,-0.046,0.501,,,,-0.377,-0.03,0.926,0.818,0.182,0.545,,,,none
29.920959,0.396,-0.069,0.916,0.0,0.928,-0.371,-0.538,-0.19,-0.821,0.526,0.676,0.516,0.897,-0.179,-0.404,,,,0.049,0.736,0.675,0.811,-0.324,0.487,,,,0.243,0.741,0.626,0.734,-0.587,0.342,,,,0.076,0.952,0.296,0.67,-0.209,0.712,,,,-0.374,-0.014,0.927,0.991,0.0,0.132,,,,none
29.958944,0.396,-0.061,0.916,-0.14,0.7,-0.7,-0.538,-0.19,-0.821,0.503,0.687,0.524,0.447,-0.537,-0.716,,,,0.023,0.739,0.674,0.412,-0.907,0.082,,,,0.221,0.745,0.629,0.294,-0.956,0.0,,,,0.059,0.952,0.299,0.3,-0.675,0.675,,,,-0.376,-0.017,0.927,0.662,0.147,-0.735,,,,none
30.005211,0.402,-0.057,0.914,-0.362,0.362,-0.859,-0.538,-0.19,-0.821,0.515,0.678,0.525,-0.601,-0.762,-0.241,,,,0.031,0.731,0.682,-0.335,-0.88,-0.335,,,,0.234,0.735,0.636,-0.275,-0.941,-0.196,,,,0.067,0.949,0.308,-0.395,-0.903,0.169,,,,-0.358,-0.017,0.933,0.294,0.176,-0.94,,,,none
30.043204,0.414,-0.05,0.909,-0.362,0.362,-0.859,-0.506,-0.213,-0.835,0.521,0.665,0.535,-0.699,-0.699,-0.155,,,,0.037,0.72,0.693,-0.523,-0.719,-0.458,,,,0.233,0.726,0.647,-0.439,-0.816,-0.376,,,,0.069,0.945,0.318,-0.537,-0.827,-0.165,,,,-0.354,-0.023,0.935,0.209,0.262,-0.942,,,,none
30.086533,0.42,-0.058,0.906,-0.29,0.399,-0.87,-0.506,-0.213,-0.835,0.518,0.652,0.554,-0.744,-0.668,-0.03,,,,0.024,0.702,0.711,-0.656,-0.513,-0.554,,,,0.231,0.712,0.663,-0.644,-0.552,-0.529,,,,0.065,0.939,0.338,-0.662,-0.611,-0.433,,,,-0.363,-0.03,0.931,0.179,-0.045,-0.983,,,,none
30.123752,0.418,-0.046,0.907,-0.29,0.399,-0.87,-0.497,-0.208,-0.843,0.514,0.649,0.56,-0.773,-0.633,0.04,,,,-0.007,0.696,0.718,-0.692,-0.418,-0.588,,,,0.203,0.704,0.681,-0.768,-0.256,-0.587,,,,0.036,0.933,0.358,-0.73,-0.379,-0.569,,,,-0.38,-0.029,0.925,0.067,-0.202,-0.977,,,,none
30.170713,0.412,-0.041,0.91,-0.221,0.411,-0.885,-0.485,-0.191,-0.853,0.547,0.629,0.552,-0.713,-0.692,0.113,,,,0.005,0.682,0.731,-0.693,-0.256,-0.674,,,,0.222,0.691,0.688,-0.8,-0.068,-0.595,,,,0.076,0.931,0.357,-0.725,-0.282,-0.628,,,,-0.364,-0.045,0.93,0.044,-0.154,-0.987,,,,none
30.209454,0.411,-0.015,0.911,-0.234,0.263,-0.936,-0.492,-0.253,-0.833,0.607,0.583,0.54,-0.704,-0.698,0.131,,,,0.02,0.654,0.756,-0.638,-0.192,-0.746,,,,0.218,0.655,0.724,-0.831,0.017,-0.557,,,,0.053,0.909,0.414,-0.752,-0.212,-0.625,,,,-0.335,-0.049,0.941,0.038,-0.056,-0.998,,,,none
30.24858,0.421,-0.011,0.907,-0.26,0.037,-0.965,-0.458,-0.23,-0.859,0.643,0.564,0.519,-0.651,-0.731,0.205,,,,-0.035,0.623,0.782,-0.643,-0.076,-0.762,,,,0.113,0.634,0.765,-0.814,0.047,-0.578,,,,-0.024,0.891,0.453,-0.762,-0.157,-0.628,,,,-0.343,-0.077,0.936,0.079,0.032,-0.996,,,,none
30.292416,0.416,-0.007,0.909,-0.669,0.167,-0.724,-0.458,-0.23,-0.859,0.621,0.566,0.541,-0.603,-0.797,-0.037,,,,-0.133,0.596,0.792,-0.587,0.155,-0.794,,,,0.003,0.622,0.783,-0.759,0.128,-0.638,,,,-0.047,0.852,0.522,-0.773,-0.113,-0.624,,,,-0.39,-0.109,0.914,0.317,0.136,-0.939,,,,none
30.333591,0.464,-0.063,0.884,-0.748,0.235,-0.62,-0.445,-0.225,-0.867,0.6,0.54,0.59,-0.842,-0.483,-0.241,,,,-0.057,0.599,0.799,-0.613,0.201,-0.764,,,,0.077,0.593,0.802,-0.746,0.175,-0.642,,,,-0.067,0.825,0.562,-0.849,0.051,-0.526,,,,-0.339,-0.069,0.938,0.506,0.131,-0.853,,,,none
30.372791,0.426,-0.062,0.903,-0.733,0.526,-0.432,-0.445,-0.225,-0.867,0.706,0.499,0.503,-0.937,-0.303,-0.171,,,,-0.08,0.543,0.836,-0.583,0.165,-0.796,,,,0.14,0.553,0.821,-0.736,0.24,-0.633,,,,-0.062,0.831,0.553,-0.901,0.013,-0.433,,,,-0.356,-0.042,0.934,0.576,0.122,-0.808,,,,none
30.416704,0.383,-0.028,0.923,-0.824,0.21,-0.526,-0.445,-0.225,-0.867,0.619,0.536,0.574,-0.967,-0.071,-0.245,,,,-0.231,0.487,0.842,-0.493,0.244,-0.835,,,,0.081,0.444,0.892,-0.653,0.38,-0.656,,,,-0.038,0.736,0.676,-0.877,0.074,-0.474,,,,-0.374,-0.038,0.927,0.419,0.374,-0.827,,,,none
30.459113,0.39,-0.103,0.915,-0.926,-0.031,-0.376,-0.445,-0.225,-0.867,0.589,0.542,0.599,-0.937,-0.041,-0.346,,,,-0.295,0.428,0.854,-0.343,0.339,-0.876,,,,-0.045,0.316,0.948,-0.595,0.456,-0.662,,,,-0.254,0.596,0.762,-0.838,0.166,-0.519,,,,-0.373,-0.028,0.928,0.182,0.473,-0.862,,,,none
30.504029,0.429,-0.112,0.897,-0.926,-0.031,-0.376,-0.396,-0.157,-0.905,0.661,0.459,0.593,-0.884,-0.061,-0.463,,,,-0.321,0.318,0.892,-0.226,0.309,-0.924,,,,-0.174,0.138,0.975,-0.551,0.443,-0.708,,,,-0.327,0.404,0.854,-0.785,0.177,-0.594,,,,-0.383,-0.025,0.923,-0.06,0.452,-0.89,,,,none
30.550035,0.439,-0.097,0.893,-0.793,0.136,-0.594,-0.396,-0.157,-0.905,0.713,0.322,0.623,-0.854,-0.028,-0.52,,,,-0.341,0.175,0.924,-0.102,0.353,-0.93,,,,-0.185,-0.012,0.983,-0.44,0.464,-0.769,,,,-0.277,0.238,0.931,-0.718,0.222,-0.66,,,,-0.375,-0.059,0.925,-0.206,0.722,-0.66,,,,none
30.589141,0.424,-0.199,0.883,-0.828,0.122,-0.548,-0.432,-0.139,-0.891,0.742,0.213,0.636,-0.839,-0.027,-0.543,,,,-0.312,0.039,0.949,0.004,0.373,-0.928,,,,-0.268,-0.184,0.946,-0.338,0.517,-0.787,,,,-0.396,0.079,0.915,-0.625,0.303,-0.72,,,,-0.393,-0.041,0.919,-0.573,0.661,-0.485,,,,none
30.633752,0.421,-0.177,0.89,-0.336,0.155,-0.929,-0.432,-0.139,-0.891,0.648,0.242,0.722,-0.864,-0.116,-0.49,,,,-0.422,0.053,0.905,0.104,0.36,-0.927,,,,-0.297,-0.156,0.942,-0.264,0.481,-0.836,,,,-0.312,0.117,0.943,-0.599,0.25,-0.761,,,,-0.4,-0.056,0.915,-0.876,0.095,-0.473,,,,none
30.672529,0.405,-0.125,0.906,0.0,0.287,-0.958,-0.432,-0.139,-0.891,0.636,0.238,0.734,-0.871,-0.133,-0.473,,,,-0.453,-0.017,0.891,0.134,0.406,-0.904,,,,-0.352,-0.296,0.888,-0.194,0.5,-0.844,,,,-0.427,-0.055,0.902,-0.557,0.158,-0.815,,,,-0.431,-0.098,0.897,-0.69,-0.106,-0.716,,,,none
30.716486,0.413,-0.161,0.896,-0.073,0.587,-0.807,-0.432,-0.139,-0.891,0.623,0.216,0.752,-0.766,-0.122,-0.632,,,,-0.465,-0.057,0.883,0.367,0.367,-0.855,,,,-0.345,-0.308,0.886,0.122,0.414,-0.902,,,,-0.395,-0.044,0.918,-0.379,-0.09,-0.921,,,,-0.38,-0.079,0.921,-0.426,-0.674,-0.603,,,,none
30.758879,0.404,-0.094,0.91,0.453,0.767,-0.453,-0.432,-0.139,-0.891,0.599,0.245,0.762,-0.689,-0.012,-0.725,,,,-0.522,-0.022,0.852,0.581,0.328,-0.745,,,,-0.389,-0.228,0.893,0.498,0.285,-0.819,,,,-0.386,-0.007,0.922,0.14,-0.279,-0.95,,,,-0.392,-0.104,0.914,0.047,-0.793,-0.607,,,,none
30.808271,0.383,-0.152,0.911,-0.188,0.845,-0.501,-0.35,-0.117,-0.93,0.639,0.208,0.741,-0.346,-0.041,-0.937,,,,-0.528,0.018,0.849,0.895,0.092,-0.436,,,,-0.382,-0.183,0.906,0.916,0.0,-0.401,,,,-0.383,0.013,0.924,0.741,-0.395,-0.543,,,,-0.374,-0.08,0.924,0.212,-0.954,-0.212,,,,none
30.849331,0.363,-0.121,0.924,0.328,0.786,-0.524,-0.365,-0.15,-0.919,0.579,0.279,0.766,-0.266,-0.152,-0.952,,,,-0.551,0.057,0.833,0.917,0.115,-0.382,,,,-0.384,-0.158,0.91,0.954,-0.166,-0.249,,,,-0.369,0.049,0.928,0.728,-0.485,-0.485,,,,-0.364,-0.074,0.928,-0.204,-0.815,-0.543,,,,none
30.88841,0.362,-0.127,0.923,0.328,0.786,-0.524,-0.322,-0.135,-0.937,0.586,0.268,0.765,-0.52,0.13,-0.844,,,,-0.553,0.055,0.832,0.912,0.351,-0.211,,,,-0.389,-0.139,0.911,0.97,-0.216,0.108,,,,-0.379,0.046,0.924,0.781,-0.39,-0.488,,,,-0.377,-0.096,0.921,-0.552,-0.345,-0.759,,,,none
30.929369,0.37,-0.125,0.92,-0.254,0.381,-0.889,-0.347,-0.159,-0.924,0.579,0.259,0.773,-0.444,0.634,-0.634,,,,-0.558,0.042,0.829,0.857,0.514,-0.0,,,,-0.386,-0.155,0.909,0.972,0.057,0.229,,,,-0.382,0.033,0.924,0.882,0.368,-0.294,,,,-0.376,-0.085,0.923,-0.058,0.351,-0.935,,,,none
30.974086,0.371,-0.14,0.918,-0.985,0.123,-0.123,-0.344,-0.125,-0.931,0.582,0.25,0.774,0.198,0.923,-0.33,,,,-0.563,0.033,0.826,0.537,0.119,0.835,,,,-0.407,-0.152,0.901,0.709,-0.203,0.675,,,,-0.403,0.044,0.914,0.942,0.209,0.262,,,,-0.384,-0.088,0.919,0.065,0.523,-0.85,,,,none
31.013354,0.37,-0.13,0.92,-0.985,0.123,-0.123,-0.344,-0.125,-0.931,0.557,0.274,0.784,0.607,0.793,0.047,,,,-0.578,0.065,0.814,0.42,0.158,0.894,,,,-0.412,-0.113,0.904,0.656,-0.239,0.716,,,,-0.409,0.063,0.91,0.96,0.175,0.218,,,,-0.393,-0.092,0.915,0.258,0.516,-0.817,,,,none
31.058938,0.363,-0.154,0.919,-0.909,-0.404,0.101,-0.336,-0.123,-0.934,0.598,0.232,0.767,0.857,0.429,0.286,,,,-0.538,0.044,0.842,0.0,0.085,0.996,,,,-0.384,-0.116,0.916,0.474,-0.309,0.824,,,,-0.397,0.071,0.915,0.848,0.121,0.515,,,,-0.376,-0.068,0.924,0.173,0.636,-0.752,,,,none
31.096168,0.379,-0.146,0.914,-0.832,0.555,0.0,-0.336,-0.123,-0.934,0.543,0.288,0.789,0.974,0.129,0.184,,,,-0.588,0.085,0.804,-0.025,-0.025,0.999,,,,-0.427,-0.07,0.902,0.416,-0.416,0.808,,,,-0.413,0.097,0.906,0.759,0.0,0.651,,,,-0.402,-0.088,0.911,0.42,0.504,-0.755,,,,none
31.139026,0.363,-0.173,0.916,-0.953,0.272,-0.136,-0.309,-0.09,-0.947,0.543,0.304,0.783,0.979,0.098,0.179,,,,-0.585,0.088,0.806,-0.081,0.081,0.993,,,,-0.404,-0.079,0.911,0.486,-0.304,0.82,,,,-0.418,0.11,0.902,0.849,0.111,0.517,,,,-0.406,-0.077,0.911,0.344,0.573,-0.744,,,,none
31.177016,0.377,-0.162,0.912,-0.873,0.218,-0.436,-0.309,-0.09,-0.947,0.537,0.319,0.781,0.988,0.084,0.126,,,,-0.589,0.096,0.802,-0.032,-0.032,0.999,,,,-0.407,-0.071,0.911,0.511,-0.236,0.826,,,,-0.42,0.108,0.901,0.844,0.121,0.523,,,,-0.406,-0.078,0.911,0.286,0.429,-0.857,,,,none
31.222796,0.375,-0.154,0.914,-0.83,0.207,-0.518,-0.334,-0.082,-0.939,0.554,0.316,0.77,0.96,0.144,0.24,,,,-0.574,0.094,0.813,-0.209,0.07,0.975,,,,-0.387,-0.064,0.92,0.442,-0.147,0.885,,,,-0.407,0.128,0.904,0.825,0.291,0.485,,,,-0.402,-0.083,0.912,0.316,0.569,-0.759,,,,none
31.262666,0.386,-0.159,0.909,-0.667,-0.333,-0.667,-0.321,-0.112,-0.941,0.531,0.34,0.776,0.934,0.098,0.344,,,,-0.594,0.101,0.798,-0.243,-0.0,0.97,,,,-0.409,-0.064,0.91,0.535,-0.267,0.802,,,,-0.418,0.127,0.9,0.926,0.168,0.337,,,,-0.407,-0.089,0.909,0.12,0.42,-0.9,,,,none
31.306874,0.391,-0.169,0.905,-0.864,0.0,-0.504,-0.339,-0.072,-0.938,0.567,0.31,0.764,0.816,0.408,0.408,,,,-0.574,0.099,0.813,0.0,0.447,0.894,,,,-0.399,-0.05,0.916,0.83,-0.207,0.518,,,,-0.395,0.143,0.907,0.972,0.075,0.224,,,,-0.393,-0.072,0.917,-0.0,0.258,-0.966,,,,none
31.346023,0.384,-0.165,0.908,-0.864,0.0,-0.504,-0.329,-0.081,-0.941,0.542,0.328,0.774,0.535,-0.267,0.802,,,,-0.585,0.102,0.804,-1.0,-0.0,0.0,,,,-0.395,-0.063,0.917,0.0,-0.0,-1.0,,,,-0.407,0.133,0.904,0.728,0.485,0.485,,,,-0.401,-0.087,0.912,-0.477,0.08,-0.875,,,,none
31.390338,0.385,-0.144,0.911,-0.836,0.304,-0.456,-0.332,-0.05,-0.942,0.53,0.343,0.776,-0.862,0.123,-0.492,,,,-0.578,0.103,0.81,0.282,0.564,-0.776,,,,-0.393,-0.068,0.917,0.352,0.616,-0.704,,,,-0.399,0.133,0.907,0.566,0.793,-0.226,,,,-0.394,-0.083,0.915,0.116,0.349,-0.93,,,,none
31.432161,0.369,-0.154,0.917,-0.667,0.667,-0.333,-0.331,-0.092,-0.939,0.514,0.352,0.782,-0.96,0.1,-0.26,,,,-0.603,0.126,0.788,0.141,0.457,-0.878,,,,-0.408,-0.037,0.912,0.048,0.63,-0.775,,,,-0.416,0.15,0.897,0.0,0.832,-0.555,,,,-0.404,-0.086,0.911,0.0,0.781,-0.625,,,,none
31.471005,0.369,-0.151,0.917,-0.873,0.218,-0.436,-0.321,-0.115,-0.94,0.531,0.319,0.785,-0.926,0.128,-0.356,,,,-0.574,0.103,0.812,0.106,0.445,-0.889,,,,-0.387,-0.053,0.92,-0.056,0.617,-0.785,,,,-0.395,0.16,0.905,-0.14,0.652,-0.745,,,,-0.374,-0.045,0.926,0.341,0.876,0.341,,,,none
31.515373,0.371,-0.18,0.911,-0.811,0.487,0.324,-0.339,-0.059,-0.939,0.57,0.266,0.777,-0.921,0.128,-0.368,,,,-0.571,0.065,0.819,-0.0,0.504,-0.864,,,,-0.401,-0.08,0.913,-0.17,0.644,-0.746,,,,-0.417,0.145,0.897,-0.599,0.599,-0.532,,,,-0.422,-0.061,0.904,0.097,0.483,0.87,,,,none
31.562044,0.372,-0.179,0.911,-0.811,0.487,0.324,-0.34,-0.092,-0.936,0.546,0.263,0.796,-0.915,0.128,-0.383,,,,-0.608,0.076,0.79,-0.033,0.562,-0.826,,,,-0.431,-0.063,0.9,-0.132,0.529,-0.838,,,,-0.432,0.154,0.888,-0.647,0.108,-0.755,,,,-0.451,-0.069,0.89,0.605,0.777,0.173,,,,none
31.599602,0.376,-0.188,0.907,-0.948,0.284,-0.142,-0.34,-0.092,-0.936,0.547,0.247,0.8,-0.92,0.115,-0.374,,,,-0.592,0.065,0.803,-0.163,0.611,-0.774,,,,-0.405,-0.077,0.911,-0.246,0.491,-0.836,,,,-0.404,0.129,0.906,-0.724,0.155,-0.672,,,,-0.506,-0.092,0.858,0.704,0.503,-0.503,,,,none
31.645349,0.378,-0.19,0.906,-0.924,0.382,0.032,-0.316,-0.038,-0.948,0.542,0.247,0.803,-0.757,0.45,-0.473,,,,-0.598,0.06,0.8,-0.163,0.786,-0.596,,,,-0.403,-0.082,0.912,-0.196,0.784,-0.588,,,,-0.413,0.113,0.904,-0.582,0.727,-0.364,,,,-0.554,-0.076,0.829,0.817,0.182,-0.547,,,,none
31.68459,0.363,-0.198,0.911,-0.959,0.285,0.0,-0.316,-0.038,-0.948,0.522,0.244,0.817,-0.633,0.535,-0.56,,,,-0.633,0.044,0.773,-0.054,0.758,-0.65,,,,-0.444,-0.088,0.892,-0.148,0.769,-0.621,,,,-0.439,0.111,0.891,-0.648,0.682,-0.341,,,,-0.579,-0.018,0.815,0.783,0.024,-0.622,,,,none
31.729004,0.356,-0.196,0.914,-0.53,-0.035,-0.847,-0.272,-0.005,-0.962,0.523,0.239,0.819,-0.565,0.565,-0.601,,,,-0.62,0.057,0.783,-0.198,0.693,-0.693,,,,-0.418,-0.074,0.905,-0.407,0.679,-0.611,,,,-0.411,0.129,0.903,-0.9,0.327,0.286,,,,-0.671,0.084,0.736,0.706,-0.102,-0.701,,,,none
31.768399,0.389,-0.216,0.896,-0.72,-0.103,-0.686,-0.321,-0.017,-0.947,0.51,0.235,0.827,-0.551,0.655,-0.517,,,,-0.627,0.032,0.778,-0.411,0.684,-0.602,,,,-0.446,-0.1,0.889,-0.556,0.768,-0.318,,,,-0.435,0.11,0.894,-0.74,0.404,0.538,,,,-0.534,0.206,0.82,0.656,-0.005,-0.755,,,,none
31.817251,0.386,-0.243,0.89,-0.254,-0.254,-0.933,-0.311,0.003,-0.95,0.529,0.208,0.823,-0.576,0.795,-0.192,,,,-0.605,0.037,0.796,-0.729,0.666,-0.159,,,,-0.392,-0.116,0.913,-0.62,0.757,0.207,,,,-0.431,0.082,0.899,-0.202,0.504,0.84,,,,-0.512,0.24,0.825,0.582,-0.081,-0.809,,,,none
31.857984,0.385,-0.265,0.884,-0.254,-0.254,-0.933,-0.291,0.005,-0.957,0.497,0.219,0.84,-0.523,0.847,-0.1,,,,-0.642,0.009,0.766,-0.716,0.689,0.11,,,,-0.449,-0.145,0.882,-0.408,0.544,0.734,,,,-0.449,0.107,0.887,0.0,0.678,0.735,,,,-0.412,0.29,0.864,0.55,-0.12,-0.827,,,,none
31.89569,0.395,-0.24,0.887,-0.867,-0.244,-0.434,-0.291,0.005,-0.957,0.476,0.209,0.854,-0.288,0.922,-0.259,,,,-0.666,-0.002,0.746,-0.61,0.726,0.319,,,,-0.456,-0.155,0.876,0.0,0.167,0.986,,,,-0.478,0.089,0.874,0.206,0.677,0.706,,,,-0.449,0.218,0.867,0.491,-0.115,-0.864,,,,none
31.942385,0.356,-0.346,0.868,-0.952,0.019,-0.305,-0.331,0.006,-0.944,0.456,0.218,0.863,-0.0,0.894,-0.447,,,,-0.696,-0.006,0.718,-0.403,0.806,0.434,,,,-0.52,-0.083,0.85,0.103,0.013,0.995,,,,-0.495,0.146,0.857,0.4,0.799,0.449,,,,-0.42,0.272,0.866,0.39,-0.191,-0.901,,,,none
31.979453,0.387,-0.298,0.872,-0.242,-0.645,-0.725,-0.331,0.006,-0.944,0.449,0.234,0.862,0.252,0.956,-0.151,,,,-0.691,0.024,0.723,-0.464,0.571,0.678,,,,-0.505,-0.052,0.861,0.052,-0.156,0.986,,,,-0.481,0.124,0.868,0.487,0.433,0.758,,,,-0.464,0.176,0.868,0.327,-0.273,-0.905,,,,none
32.025341,0.377,-0.313,0.872,-0.447,-0.05,-0.893,-0.331,0.006,-0.944,0.434,0.234,0.87,0.624,0.686,-0.374,,,,-0.722,0.006,0.691,0.0,0.64,0.768,,,,-0.524,-0.024,0.851,0.205,-0.392,0.897,,,,-0.499,0.156,0.853,0.992,-0.124,0.0,,,,-0.457,0.172,0.873,0.198,-0.415,-0.888,,,,none
32.065828,0.402,-0.256,0.879,0.391,-0.223,-0.893,-0.305,0.029,-0.952,0.433,0.251,0.866,0.741,0.667,0.074,,,,-0.687,0.029,0.726,-0.172,0.573,0.802,,,,-0.482,-0.027,0.876,0.211,-0.448,0.869,,,,-0.472,0.148,0.869,0.915,-0.4,0.057,,,,-0.438,0.141,0.888,0.116,-0.487,-0.866,,,,none
32.106352,0.403,-0.235,0.885,-0.082,0.164,-0.983,-0.331,0.029,-0.943,0.438,0.251,0.863,0.276,0.921,0.276,,,,-0.703,0.042,0.709,0.324,0.811,0.487,,,,-0.484,0.003,0.875,0.545,-0.503,0.671,,,,-0.49,0.176,0.854,0.788,-0.394,-0.473,,,,-0.431,0.105,0.896,0.008,-0.507,-0.862,,,,none
32.148946,0.388,-0.287,0.876,0.272,-0.136,-0.953,-0.323,0.02,-0.946,0.45,0.228,0.863,-0.174,0.696,0.696,,,,-0.671,0.027,0.741,0.156,0.937,0.312,,,,-0.452,-0.012,0.892,0.557,-0.743,0.371,,,,-0.455,0.175,0.873,0.382,-0.725,-0.573,,,,-0.396,0.11,0.911,-0.045,-0.605,-0.795,,,,none
32.193125,0.406,-0.23,0.885,0.504,-0.0,-0.864,-0.301,0.006,-0.954,0.429,0.248,0.869,-0.743,-0.557,-0.371,,,,-0.697,0.034,0.717,0.248,0.62,-0.744,,,,-0.462,-0.008,0.887,-0.07,-0.209,-0.975,,,,-0.435,0.165,0.885,-0.066,-0.722,-0.689,,,,-0.381,0.089,0.92,-0.119,-0.811,-0.573,,,,none
32.232788,0.408,-0.245,0.88,0.286,-0.095,-0.953,-0.294,0.006,-0.956,0.464,0.22,0.858,-0.229,-0.688,-0.688,,,,-0.677,0.024,0.736,0.359,0.598,-0.717,,,,-0.443,-0.027,0.896,-0.0,-0.091,-0.996,,,,-0.41,0.169,0.896,-0.155,-0.736,-0.659,,,,-0.346,0.097,0.933,-0.211,-0.969,-0.126,,,,none
32.277603,0.408,-0.245,0.88,0.807,0.073,-0.587,-0.294,0.006,-0.956,0.457,0.225,0.86,0.651,-0.391,0.651,,,,-0.689,0.023,0.724,0.218,0.436,-0.873,,,,-0.456,-0.023,0.89,-0.268,-0.358,-0.894,,,,-0.413,0.166,0.896,-0.479,-0.736,-0.479,,,,-0.378,0.077,0.923,0.037,-0.402,0.915,,,,none
32.320465,0.405,-0.243,0.882,0.914,-0.0,-0.406,-0.294,0.006,-0.956,0.445,0.233,0.865,0.646,-0.574,0.503,,,,-0.687,0.024,0.727,0.0,-0.447,-0.894,,,,-0.449,-0.029,0.893,-0.267,-0.535,-0.802,,,,-0.388,0.137,0.911,-0.569,-0.772,-0.284,,,,-0.384,0.069,0.921,0.284,-0.199,0.938,,,,none
32.365869,0.417,-0.215,0.883,0.923,-0.054,-0.38,-0.313,-0.005,-0.95,0.457,0.228,0.86,0.553,-0.83,0.069,,,,-0.685,0.017,0.728,0.302,0.302,-0.905,,,,-0.44,-0.047,0.897,-0.0,-0.287,-0.958,,,,-0.38,0.13,0.916,-0.909,-0.404,0.101,,,,-0.388,0.075,0.918,0.327,0.0,0.945,,,,none
32.410484,0.424,-0.216,0.879,0.857,0.429,-0.286,-0.297,-0.025,-0.955,0.46,0.232,0.857,-0.0,-0.832,-0.555,,,,-0.685,0.031,0.727,0.704,-0.101,-0.704,,,,-0.441,-0.032,0.897,0.371,-0.445,-0.815,,,,-0.37,0.115,0.922,-0.0,0.781,0.625,,,,-0.383,0.075,0.921,0.158,0.473,0.867,,,,none
32.449679,0.414,-0.219,0.883,-0.0,0.986,-0.164,-0.337,-0.037,-0.941,0.475,0.222,0.852,-0.488,-0.39,-0.781,,,,-0.675,0.015,0.737,0.285,0.712,-0.641,,,,-0.437,-0.036,0.899,0.704,0.101,-0.704,,,,-0.457,0.129,0.88,0.481,0.535,0.695,,,,-0.381,0.094,0.92,-0.0,0.992,0.124,,,,none
32.494079,0.406,-0.209,0.889,0.742,0.636,-0.212,-0.305,-0.025,-0.952,0.475,0.215,0.853,-0.0,-0.8,-0.6,,,,-0.682,0.01,0.731,0.436,0.873,0.218,,,,-0.422,-0.036,0.906,0.768,-0.64,0.0,,,,-0.408,0.162,0.898,0.563,-0.307,0.767,,,,-0.378,0.11,0.919,0.206,0.928,0.309,,,,none
32.5398,0.412,-0.198,0.889,0.742,0.636,-0.212,-0.284,0.006,-0.959,0.474,0.235,0.849,-0.444,-0.444,-0.778,,,,-0.695,0.039,0.718,0.154,0.772,-0.617,,,,-0.436,-0.009,0.9,0.743,-0.371,-0.557,,,,-0.387,0.172,0.906,0.609,-0.166,0.775,,,,-0.382,0.107,0.918,0.101,0.704,0.704,,,,none
32.57735,0.401,-0.213,0.891,0.588,0.784,-0.196,-0.284,0.006,-0.959,0.484,0.219,0.847,-0.367,-0.367,-0.855,,,,-0.689,0.022,0.724,0.577,0.577,-0.577,,,,-0.438,-0.019,0.899,0.625,-0.469,-0.625,,,,-0.398,0.181,0.899,0.391,0.13,0.911,,,,-0.382,0.123,0.916,-0.0,0.555,0.832,,,,none
32.624038,0.394,-0.207,0.895,0.963,0.241,-0.12,-0.299,-0.059,-0.952,0.468,0.245,0.849,-0.636,-0.212,-0.742,,,,-0.694,0.036,0.719,0.64,0.0,-0.768,,,,-0.43,-0.018,0.902,0.722,-0.309,-0.619,,,,-0.397,0.181,0.9,0.605,0.279,0.745,,,,-0.399,0.111,0.91,-0.218,0.436,0.873,,,,none
32.662728,0.401,-0.219,0.89,-0.707,-0.0,-0.707,-0.291,-0.003,-0.957,0.489,0.214,0.846,-0.136,-0.272,-0.953,,,,-0.68,0.01,0.733,0.913,-0.365,0.183,,,,-0.418,-0.031,0.908,0.796,-0.597,-0.1,,,,-0.402,0.183,0.897,0.624,-0.039,0.78,,,,-0.39,0.127,0.912,-0.254,0.381,0.889,,,,none
32.704643,0.409,-0.196,0.891,0.962,0.192,-0.192,-0.291,-0.003,-0.957,0.477,0.241,0.845,-0.0,-0.141,-0.99,,,,-0.692,0.053,0.72,0.962,-0.192,0.192,,,,-0.419,0.007,0.908,0.943,-0.314,-0.105,,,,-0.413,0.178,0.893,0.797,-0.085,0.598,,,,-0.395,0.12,0.911,-0.667,0.333,0.667,,,,none
32.746534,0.391,-0.226,0.892,-0.655,-0.737,-0.164,-0.304,-0.003,-0.953,0.491,0.224,0.842,-0.707,0.0,-0.707,,,,-0.686,0.024,0.727,0.408,-0.408,0.816,,,,-0.429,-0.014,0.903,0.958,-0.287,0.0,,,,-0.372,0.19,0.909,0.806,-0.105,0.582,,,,-0.381,0.141,0.914,-0.786,-0.437,0.437,,,,none
32.791826,0.416,-0.191,0.889,-0.083,-0.997,0.0,-0.313,-0.003,-0.95,0.491,0.231,0.84,0.0,-0.707,-0.707,,,,-0.678,0.049,0.734,-0.0,-0.555,0.832,,,,-0.425,0.017,0.905,0.701,-0.409,-0.584,,,,-0.458,0.138,0.878,0.802,-0.256,0.539,,,,-0.349,0.157,0.924,-0.649,-0.081,0.757,,,,none
32.831068,0.418,-0.209,0.884,-0.381,-0.925,-0.0,-0.321,-0.048,-0.946,0.486,0.232,0.843,-0.254,0.381,0.889,,,,-0.664,0.039,0.747,-0.164,0.986,0.0,,,,-0.401,-0.025,0.916,0.573,0.172,-0.802,,,,-0.24,0.507,0.828,0.864,-0.16,0.477,,,,-0.397,0.093,0.913,-0.696,-0.333,0.636,,,,none
32.876315,0.443,-0.233,0.866,0.309,-0.928,-0.206,-0.321,-0.048,-0.946,0.505,0.196,0.841,0.656,0.239,0.716,,,,-0.683,0.019,0.73,-0.122,0.671,0.732,,,,-0.431,-0.019,0.902,0.976,-0.195,-0.098,,,,-0.24,0.626,0.742,0.891,-0.074,0.448,,,,-0.375,0.092,0.923,-0.575,-0.718,0.392,,,,none
32.915574,0.422,-0.219,0.88,0.457,-0.844,-0.281,-0.322,-0.026,-0.947,0.515,0.208,0.832,0.554,-0.028,0.832,,,,-0.669,0.043,0.742,-0.545,0.182,0.818,,,,-0.37,-0.006,0.929,0.712,-0.509,0.483,,,,-0.242,0.648,0.722,0.893,-0.124,0.432,,,,-0.352,0.1,0.931,-0.497,-0.861,0.11,,,,none
32.960664,0.448,-0.215,0.868,0.255,-0.963,-0.085,-0.363,-0.037,-0.931,0.511,0.205,0.835,0.545,0.0,0.838,,,,-0.654,0.03,0.756,-0.629,0.073,0.774,,,,-0.341,0.01,0.94,0.449,-0.418,0.79,,,,-0.125,0.781,0.612,0.903,-0.098,0.417,,,,-0.291,0.123,0.949,-0.544,-0.839,0.024,,,,none
33.00343,0.47,-0.179,0.864,0.54,-0.842,0.0,-0.363,-0.037,-0.931,0.51,0.222,0.831,0.436,0.092,0.895,,,,-0.668,0.047,0.742,-0.603,-0.019,0.798,,,,-0.363,0.062,0.93,0.368,-0.416,0.832,,,,-0.073,0.874,0.48,0.902,-0.104,0.418,,,,-0.248,0.098,0.964,-0.642,-0.758,0.115,,,,none
33.047974,0.482,-0.204,0.852,0.38,-0.923,0.054,-0.386,-0.082,-0.919,0.497,0.224,0.838,0.291,0.208,0.934,,,,-0.668,0.037,0.743,-0.643,-0.114,0.757,,,,-0.38,0.085,0.921,0.302,-0.564,0.769,,,,-0.059,0.967,0.248,0.926,-0.152,0.345,,,,-0.253,0.095,0.963,-0.491,-0.669,0.558,,,,none
33.092414,0.466,-0.197,0.862,0.785,-0.609,-0.108,-0.386,-0.082,-0.919,0.506,0.215,0.835,0.254,-0.0,0.967,,,,-0.675,0.054,0.736,-0.565,-0.236,0.791,,,,-0.353,0.138,0.925,0.38,-0.643,0.665,,,,-0.017,0.92,0.392,0.933,-0.169,0.319,,,,-0.333,0.059,0.941,0.21,0.449,0.868,,,,none
33.132121,0.528,-0.103,0.843,0.94,-0.341,0.0,-0.436,-0.106,-0.894,0.502,0.211,0.839,0.385,0.271,0.882,,,,-0.72,0.085,0.689,-0.512,-0.03,0.858,,,,-0.333,0.186,0.924,0.551,-0.551,0.628,,,,-0.01,0.942,0.335,0.959,0.061,0.277,,,,-0.24,0.058,0.969,0.246,0.969,0.016,,,,none
33.173859,0.483,-0.177,0.858,0.947,0.237,0.215,-0.416,-0.102,-0.904,0.451,0.249,0.857,0.174,0.405,0.898,,,,-0.732,0.104,0.673,-0.987,0.071,0.141,,,,-0.316,0.217,0.924,0.514,-0.514,0.686,,,,0.015,0.988,0.155,0.925,0.195,0.326,,,,-0.293,0.066,0.954,0.663,0.73,0.166,,,,none
33.212989,0.48,-0.129,0.868,0.994,0.078,-0.078,-0.416,-0.102,-0.904,0.465,0.234,0.854,0.0,0.298,0.954,,,,-0.706,0.071,0.704,-0.579,0.331,-0.745,,,,-0.312,0.197,0.93,0.0,-0.707,0.707,,,,0.036,0.994,0.106,0.772,0.346,0.533,,,,-0.28,0.085,0.956,0.9,0.284,0.331,,,,none
33.259,0.481,-0.11,0.87,0.889,0.395,-0.231,-0.391,-0.155,-0.907,0.489,0.22,0.844,-0.0,0.949,0.316,,,,-0.685,0.075,0.725,-0.0,0.618,-0.786,,,,-0.287,0.195,0.938,-0.701,0.319,-0.638,,,,0.056,0.994,0.089,-0.705,-0.071,0.705,,,,-0.277,0.11,0.955,0.433,-0.736,0.52,,,,none
33.29622,0.466,-0.12,0.876,0.852,0.426,-0.304,-0.391,-0.155,-0.907,0.506,0.209,0.837,0.667,0.333,0.667,,,,-0.668,0.045,0.742,-0.314,0.864,-0.393,,,,-0.261,0.156,0.953,-0.755,0.504,-0.42,,,,0.093,0.995,0.045,-0.772,0.07,0.632,,,,-0.291,0.127,0.948,0.364,-0.727,0.582,,,,none
33.338763,0.475,-0.108,0.873,0.778,0.623,-0.078,-0.412,-0.157,-0.898,0.499,0.214,0.84,0.905,-0.302,-0.302,,,,-0.691,0.08,0.719,-0.275,0.962,-0.0,,,,-0.288,0.191,0.938,-0.68,0.68,-0.272,,,,0.071,0.995,0.075,-0.725,0.242,0.645,,,,-0.277,0.124,0.953,0.492,-0.573,0.655,,,,none
33.37611,0.468,-0.104,0.878,0.707,0.566,-0.424,-0.391,-0.193,-0.9,0.489,0.219,0.844,-0.962,-0.192,-0.192,,,,-0.699,0.061,0.712,-0.272,0.634,-0.724,,,,-0.292,0.177,0.94,-0.633,0.575,-0.518,,,,0.082,0.995,0.049,-0.981,-0.109,0.163,,,,-0.289,0.126,0.949,0.115,-0.978,0.173,,,,none
33.421537,0.485,-0.094,0.869,0.759,0.0,-0.651,-0.397,-0.185,-0.899,0.507,0.195,0.84,-0.0,-0.447,-0.894,,,,-0.687,0.046,0.726,-0.0,-0.707,0.707,,,,-0.275,0.155,0.949,-0.832,0.555,0.0,,,,0.083,0.994,0.068,-0.829,-0.092,0.552,,,,-0.263,0.133,0.956,0.555,-0.832,0.0,,,,none
33.459231,0.469,-0.1,0.878,0.759,0.0,-0.651,-0.396,-0.178,-0.901,0.501,0.21,0.839,-0.162,-0.162,-0.973,,,,-0.695,0.064,0.716,0.0,-0.0,-1.0,,,,-0.291,0.173,0.941,-0.693,0.693,-0.198,,,,0.084,0.994,0.066,-0.983,-0.164,0.082,,,,-0.272,0.135,0.953,-0.0,-0.994,-0.11,,,,none
33.504649,0.475,-0.099,0.874,-0.0,0.0,-1.0,-0.384,-0.161,-0.909,0.51,0.2,0.836,-0.136,-0.272,-0.953,,,,-0.69,0.052,0.722,0.514,-0.686,-0.514,,,,-0.281,0.154,0.947,-0.62,0.744,-0.248,,,,0.097,0.992,0.076,-0.992,-0.09,-0.09,,,,-0.26,0.147,0.954,-0.429,-0.857,-0.286,,,,none
33.542791,0.473,-0.098,0.875,0.667,0.667,-0.333,-0.35,-0.18,-0.919,0.516,0.2,0.833,0.13,-0.391,-0.911,,,,-0.675,0.064,0.735,0.436,-0.873,-0.218,,,,-0.285,0.164,0.945,-0.614,0.789,0.0,,,,0.089,0.992,0.093,-0.941,-0.314,0.125,,,,-0.251,0.149,0.957,-0.263,-0.965,-0.0,,,,none
33.585702,0.461,-0.102,0.881,0.667,0.667,-0.333,-0.389,-0.133,-0.912,0.513,0.201,0.834,0.218,-0.436,-0.873,,,,-0.684,0.05,0.728,-0.243,-0.97,-0.0,,,,-0.287,0.152,0.946,-0.705,0.705,0.071,,,,0.093,0.992,0.082,-0.986,-0.156,-0.052,,,,-0.253,0.146,0.956,-0.173,-0.983,-0.058,,,,none
33.627993,0.476,-0.108,0.873,0.667,0.667,-0.333,-0.389,-0.133,-0.912,0.511,0.2,0.836,0.535,-0.267,-0.802,,,,-0.711,0.051,0.702,0.375,-0.899,0.225,,,,-0.278,0.157,0.948,-0.456,0.684,0.57,,,,0.087,0.992,0.087,-0.962,-0.267,0.053,,,,-0.246,0.141,0.959,-0.21,-0.978,0.0,,,,none
33.670656,0.467,-0.103,0.878,0.667,0.667,-0.333,-0.393,-0.187,-0.9,0.506,0.208,0.837,0.147,-0.442,-0.885,,,,-0.66,0.064,0.748,0.483,-0.87,-0.097,,,,-0.316,0.153,0.936,-0.485,0.728,0.485,,,,0.089,0.993,0.083,-0.807,-0.513,0.293,,,,-0.246,0.142,0.959,-0.384,-0.768,-0.512,,,,none
33.715272,0.469,-0.088,0.879,0.864,0.259,-0.432,-0.38,-0.197,-0.904,0.507,0.212,0.835,0.092,-0.552,-0.829,,,,-0.672,0.059,0.738,0.466,-0.839,0.28,,,,-0.338,0.152,0.929,-0.514,0.0,0.857,,,,0.094,0.99,0.102,-0.577,-0.577,0.577,,,,-0.233,0.152,0.961,0.0,-0.768,-0.64,,,,none
33.757304,0.465,-0.088,0.881,0.839,0.28,-0.466,-0.38,-0.197,-0.904,0.52,0.209,0.828,-0.089,-0.445,-0.891,,,,-0.661,0.065,0.748,0.505,-0.808,0.303,,,,-0.285,0.149,0.947,-0.267,-0.535,0.802,,,,0.102,0.99,0.103,-0.645,-0.591,0.484,,,,-0.232,0.158,0.96,-0.424,-0.707,-0.566,,,,none
33.797558,0.47,-0.075,0.88,0.696,0.174,-0.696,-0.38,-0.197,-0.904,0.509,0.227,0.83,-0.772,-0.07,-0.632,,,,-0.675,0.048,0.737,0.487,-0.811,0.324,,,,-0.265,0.112,0.958,0.511,-0.575,0.639,,,,0.121,0.99,0.076,-0.713,-0.583,0.389,,,,-0.237,0.158,0.959,-0.757,-0.207,-0.62,,,,none
33.840564,0.467,-0.084,0.88,-0.707,0.0,-0.707,-0.38,-0.197,-0.904,0.534,0.187,0.825,-0.841,0.382,-0.382,,,,-0.626,0.08,0.776,0.278,-0.526,0.804,,,,-0.266,0.171,0.949,0.564,-0.41,0.717,,,,0.118,0.987,0.105,0.391,-0.13,0.911,,,,-0.223,0.159,0.962,-0.377,0.754,-0.538,,,,none
33.882528,0.448,-0.088,0.89,0.514,0.514,0.686,-0.363,-0.188,-0.913,0.521,0.199,0.83,-0.777,0.605,-0.173,,,,-0.646,0.105,0.756,0.108,-0.43,0.896,,,,-0.268,0.205,0.941,0.508,-0.127,0.852,,,,0.109,0.99,0.093,-0.14,-0.7,0.7,,,,-0.242,0.149,0.959,-0.526,0.669,-0.526,,,,none
33.929688,0.464,-0.09,0.881,0.192,-0.962,0.192,-0.363,-0.188,-0.913,0.489,0.217,0.845,-0.937,-0.312,-0.156,,,,-0.676,0.095,0.73,0.194,-0.721,0.665,,,,-0.277,0.211,0.937,0.382,-0.26,0.887,,,,0.105,0.99,0.098,-0.537,-0.447,0.716,,,,-0.245,0.144,0.959,-0.552,0.674,-0.491,,,,none
33.965164,0.463,-0.079,0.883,0.192,-0.962,0.192,-0.384,-0.183,-0.905,0.492,0.221,0.842,-0.71,-0.608,-0.355,,,,-0.649,0.129,0.75,0.257,-0.77,0.584,,,,-0.276,0.237,0.931,0.423,-0.493,0.761,,,,0.093,0.989,0.118,-0.896,-0.43,0.108,,,,-0.241,0.135,0.961,-0.753,-0.0,-0.659,,,,none
34.00981,0.462,-0.097,0.881,-0.971,-0.206,-0.118,-0.395,-0.164,-0.904,0.513,0.193,0.837,-0.534,-0.739,-0.411,,,,-0.629,0.103,0.77,0.38,-0.823,0.422,,,,-0.192,0.242,0.951,0.454,-0.748,0.484,,,,0.122,0.987,0.108,-0.889,-0.455,0.043,,,,-0.246,0.146,0.958,-0.916,-0.0,-0.401,,,,none
34.049591,0.49,-0.108,0.865,-0.0,0.707,-0.707,-0.413,-0.184,-0.892,0.529,0.194,0.826,-0.654,-0.618,-0.436,,,,-0.6,0.143,0.787,0.329,-0.812,0.483,,,,-0.139,0.325,0.935,0.561,-0.741,0.37,,,,0.115,0.981,0.158,-0.872,-0.445,0.205,,,,-0.215,0.147,0.966,-0.877,0.45,0.166,,,,none
34.09464,0.463,-0.077,0.883,-0.984,0.176,-0.0,-0.38,-0.156,-0.912,0.515,0.209,0.832,-0.771,-0.313,-0.554,,,,-0.556,0.137,0.82,0.34,-0.808,0.482,,,,-0.069,0.391,0.918,0.773,-0.512,0.375,,,,0.137,0.982,0.134,-0.92,-0.383,0.077,,,,-0.254,0.115,0.96,-0.751,0.655,0.086,,,,none
34.136985,0.436,-0.08,0.896,-0.997,0.08,0.02,-0.38,-0.156,-0.912,0.549,0.186,0.815,-0.808,-0.105,-0.58,,,,-0.497,0.191,0.847,0.35,-0.545,0.762,,,,-0.056,0.455,0.889,0.917,-0.126,0.379,,,,0.113,0.976,0.185,-0.968,-0.202,-0.148,,,,-0.246,0.116,0.962,-0.587,0.783,0.204,,,,none
34.178975,0.448,-0.189,0.874,-0.996,0.038,-0.075,-0.353,-0.048,-0.934,0.555,0.144,0.819,-0.889,0.137,-0.438,,,,-0.409,0.216,0.887,0.289,-0.27,0.919,,,,-0.015,0.686,0.728,0.935,-0.109,0.337,,,,0.18,0.978,0.11,-0.84,-0.485,-0.243,,,,-0.431,0.055,0.901,-0.524,0.825,0.21,,,,none
34.217499,0.456,-0.286,0.843,-0.997,-0.081,0.0,-0.369,-0.059,-0.928,0.545,0.105,0.832,-0.914,-0.02,-0.406,,,,-0.411,0.313,0.856,0.309,-0.343,0.887,,,,0.106,0.759,0.643,0.886,-0.233,0.401,,,,0.148,0.969,0.196,-0.868,-0.496,-0.041,,,,-0.382,0.031,0.924,-0.683,0.695,0.224,,,,none
34.263804,0.513,-0.233,0.826,-0.995,-0.105,0.0,-0.363,0.049,-0.931,0.509,0.154,0.847,-0.717,-0.696,-0.042,,,,-0.487,0.455,0.745,0.419,-0.387,0.822,,,,0.087,0.696,0.712,0.865,-0.376,0.332,,,,0.093,0.975,0.203,-0.907,0.249,-0.34,,,,-0.398,0.007,0.918,-0.649,-0.29,0.704,,,,none
34.302945,0.512,-0.251,0.822,-0.947,-0.227,-0.227,-0.363,0.049,-0.931,0.538,0.106,0.836,-0.805,-0.546,-0.23,,,,-0.387,0.446,0.807,0.499,-0.315,0.807,,,,0.136,0.677,0.724,0.812,-0.381,0.441,,,,0.097,0.965,0.244,-0.889,0.222,-0.4,,,,-0.369,0.035,0.929,-0.27,-0.189,0.944,,,,none
34.347726,0.491,-0.239,0.838,-0.994,0.103,0.034,-0.36,0.048,-0.932,0.554,0.109,0.825,-0.661,-0.174,-0.73,,,,-0.302,0.517,0.801,0.527,-0.259,0.809,,,,0.246,0.796,0.553,0.788,-0.406,0.463,,,,0.112,0.957,0.267,-0.74,0.538,-0.404,,,,-0.215,0.075,0.974,-0.121,0.224,0.967,,,,none
34.386623,0.475,-0.297,0.828,-0.999,-0.018,0.035,-0.36,0.048,-0.932,0.536,0.115,0.836,-0.522,0.22,-0.824,,,,-0.269,0.563,0.782,0.545,-0.29,0.787,,,,0.244,0.83,0.502,0.866,-0.381,0.323,,,,0.113,0.966,0.231,-0.368,0.468,-0.803,,,,-0.435,0.059,0.898,-0.197,0.262,0.945,,,,none
34.431616,0.468,-0.314,0.826,-0.995,-0.101,-0.02,-0.379,0.11,-0.919,0.556,0.106,0.825,-0.482,0.458,-0.747,,,,-0.202,0.608,0.768,0.542,-0.271,0.796,,,,0.271,0.847,0.458,0.945,0.054,-0.324,,,,0.087,0.966,0.244,-0.035,0.643,-0.765,,,,-0.391,0.07,0.918,-0.321,-0.909,0.267,,,,none
34.478073,0.49,-0.316,0.813,-0.999,-0.049,0.024,-0.395,0.141,-0.908,0.512,0.138,0.848,-0.42,0.51,-0.75,,,,-0.185,0.654,0.734,0.633,-0.175,0.754,,,,0.247,0.867,0.432,0.503,0.21,-0.838,,,,0.038,0.967,0.251,-0.047,0.633,-0.773,,,,-0.361,0.057,0.931,-0.882,-0.441,-0.165,,,,none
34.516166,0.484,-0.381,0.788,-0.99,-0.099,-0.099,-0.395,0.141,-0.908,0.5,0.112,0.859,-0.528,0.342,-0.777,,,,-0.204,0.654,0.729,0.766,-0.192,0.613,,,,0.25,0.878,0.409,0.206,0.309,-0.928,,,,0.039,0.968,0.246,-0.615,0.492,-0.615,,,,-0.349,0.073,0.934,-0.774,0.163,0.611,,,,none
34.562454,0.496,-0.355,0.793,-0.846,-0.269,-0.461,-0.375,0.178,-0.91,0.492,0.11,0.863,-0.642,-0.367,-0.673,,,,-0.237,0.643,0.728,-0.696,-0.258,-0.67,,,,0.232,0.868,0.439,0.398,-0.199,0.896,,,,0.047,0.954,0.295,-0.638,-0.529,0.56,,,,-0.257,0.08,0.963,-0.332,0.41,0.849,,,,none
34.600305,0.494,-0.334,0.803,-0.846,-0.269,-0.461,-0.364,0.146,-0.92,0.501,0.109,0.858,-0.515,-0.649,-0.56,,,,-0.226,0.67,0.708,-0.593,-0.085,-0.8,,,,0.188,0.943,0.276,-0.175,-0.985,0.0,,,,-0.213,0.957,0.196,-0.849,-0.529,-0.011,,,,0.469,0.379,0.798,-0.278,0.608,0.744,,,,none
34.641826,0.529,-0.514,0.675,-0.917,0.39,-0.088,-0.356,0.189,-0.915,0.61,-0.009,0.792,0.139,-0.471,-0.871,,,,0.014,0.57,0.822,-0.065,-0.626,-0.777,,,,0.394,0.806,0.441,0.607,-0.769,0.202,,,,0.242,0.933,0.266,0.787,-0.28,-0.549,,,,-0.706,0.183,0.684,-0.223,0.551,0.804,,,,none
34.682108,0.454,-0.364,0.813,-0.696,0.174,0.696,-0.356,0.189,-0.915,0.558,0.168,0.813,0.39,-0.618,-0.683,,,,-0.068,0.686,0.724,0.684,-0.612,0.396,,,,0.358,0.877,0.319,0.873,0.114,0.474,,,,0.13,0.984,0.123,0.999,0.046,-0.013,,,,-0.656,0.148,0.74,-0.292,0.512,0.808,,,,none
34.724481,0.462,-0.391,0.796,0.15,-0.861,-0.487,-0.359,0.181,-0.916,0.582,0.144,0.8,0.576,-0.687,0.443,,,,-0.019,0.716,0.698,0.553,-0.19,0.812,,,,0.383,0.897,0.22,0.807,-0.025,0.59,,,,0.127,0.992,-0.015,0.947,0.016,0.322,,,,-0.689,0.097,0.718,-0.955,0.151,0.255,,,,none
34.766889,0.492,-0.314,0.812,-0.207,-0.678,-0.705,-0.362,0.176,-0.915,0.569,0.159,0.807,0.671,-0.392,0.629,,,,-0.173,0.675,0.717,0.551,-0.164,0.819,,,,0.268,0.899,0.348,0.807,-0.319,0.498,,,,-0.068,0.988,0.142,0.737,-0.648,0.192,,,,-0.716,0.046,0.697,-0.436,-0.304,-0.847,,,,none
34.80602,0.576,-0.322,0.751,-0.207,-0.678,-0.705,-0.396,0.185,-0.9,0.546,0.094,0.833,0.74,0.404,0.538,,,,-0.177,0.59,0.788,0.718,-0.529,0.453,,,,0.292,0.855,0.428,0.536,-0.609,-0.585,,,,0.066,0.994,0.089,0.754,-0.08,-0.652,,,,-0.588,0.073,0.805,-0.13,0.028,-0.991,,,,none
34.848431,0.528,-0.382,0.759,-0.207,-0.678,-0.705,-0.384,0.205,-0.901,0.53,0.163,0.832,-0.514,0.514,-0.686,,,,-0.175,0.659,0.731,-0.516,-0.132,-0.846,,,,0.32,0.889,0.329,0.461,0.202,-0.864,,,,0.141,0.99,-0.003,0.628,0.357,-0.692,,,,-0.598,0.02,0.801,0.031,0.752,-0.659,,,,none
34.898688,0.509,-0.399,0.763,-0.998,0.05,-0.05,-0.386,0.183,-0.904,0.551,0.132,0.824,-0.692,0.445,-0.568,,,,-0.165,0.639,0.752,-0.557,-0.028,-0.83,,,,0.316,0.909,0.272,0.617,0.012,-0.787,,,,0.038,0.996,-0.077,0.69,0.186,-0.699,,,,-0.625,0.007,0.78,0.197,0.77,-0.606,,,,none
34.93197,0.525,-0.382,0.761,-0.941,0.314,0.125,-0.391,0.169,-0.905,0.513,0.159,0.843,-0.807,0.372,-0.459,,,,-0.224,0.621,0.752,-0.566,0.011,-0.824,,,,0.292,0.918,0.269,0.73,0.289,-0.62,,,,-0.007,0.995,-0.099,0.703,0.405,-0.584,,,,-0.667,-0.026,0.745,0.291,0.747,-0.598,,,,none
34.976692,0.535,-0.378,0.756,0.092,-0.552,-0.829,-0.394,0.205,-0.896,0.542,0.091,0.835,-0.803,0.411,-0.43,,,,-0.381,0.535,0.754,-0.523,0.065,-0.85,,,,0.242,0.917,0.319,0.624,0.715,-0.316,,,,-0.051,0.993,-0.105,0.487,0.75,-0.448,,,,-0.706,-0.071,0.705,0.302,0.792,-0.531,,,,none
35.023369,0.551,-0.395,0.735,0.684,-0.456,-0.57,-0.389,0.218,-0.895,0.496,0.111,0.861,-0.786,0.399,-0.473,,,,-0.295,0.653,0.697,-0.392,0.159,-0.906,,,,0.224,0.967,0.121,0.459,0.885,-0.083,,,,-0.115,0.97,-0.216,0.212,0.884,-0.416,,,,-0.752,-0.089,0.653,0.485,0.35,-0.801,,,,none
35.060366,0.498,-0.416,0.761,0.684,-0.456,-0.57,-0.389,0.218,-0.895,0.552,-0.023,0.834,-0.754,0.523,-0.398,,,,-0.103,0.469,0.877,-0.324,0.31,-0.894,,,,0.277,0.949,0.148,0.537,0.843,-0.028,,,,-0.052,0.98,-0.194,0.108,0.922,-0.373,,,,-0.691,0.001,0.723,0.64,0.213,-0.738,,,,none
35.100368,0.541,-0.325,0.775,0.732,0.61,0.305,-0.381,0.18,-0.907,0.495,0.053,0.867,-0.589,0.702,-0.401,,,,-0.4,0.398,0.825,-0.203,0.599,-0.775,,,,0.228,0.956,0.182,0.535,0.825,0.181,,,,-0.076,0.98,-0.182,0.071,0.997,-0.024,,,,-0.718,-0.047,0.695,0.931,-0.233,-0.279,,,,none
35.145992,0.488,-0.43,0.759,0.883,-0.353,-0.309,-0.381,0.18,-0.907,0.454,0.052,0.89,-0.63,0.691,-0.353,,,,-0.465,0.294,0.835,-0.175,0.577,-0.798,,,,0.188,0.979,0.08,0.539,0.838,-0.082,,,,-0.099,0.977,-0.187,0.034,0.605,-0.795,,,,-0.735,-0.074,0.674,0.361,-0.915,-0.18,,,,none
35.188756,0.529,-0.381,0.758,0.883,-0.353,-0.309,-0.373,0.191,-0.908,0.445,0.008,0.895,-0.527,0.738,-0.422,,,,-0.377,0.168,0.911,-0.25,0.706,-0.663,,,,0.215,0.973,0.081,0.361,0.871,-0.333,,,,-0.131,0.97,-0.205,0.125,0.748,-0.651,,,,-0.675,-0.032,0.737,0.147,-0.972,0.183,,,,none
35.233529,0.519,-0.378,0.767,0.937,0.312,-0.156,-0.373,0.191,-0.908,0.434,0.014,0.901,-0.302,0.543,-0.784,,,,-0.554,0.202,0.807,-0.488,0.781,-0.39,,,,0.174,0.981,0.085,-0.206,0.809,-0.551,,,,-0.147,0.964,-0.221,-0.455,0.853,-0.256,,,,-0.676,-0.034,0.736,-0.329,-0.768,0.549,,,,none
35.275886,0.521,-0.378,0.765,0.745,-0.331,-0.579,-0.373,0.191,-0.908,0.431,0.05,0.901,0.094,-0.656,-0.749,,,,-0.646,0.211,0.734,-0.67,0.67,-0.318,,,,0.121,0.989,0.086,-0.315,0.531,-0.787,,,,-0.221,0.958,-0.182,-0.616,0.034,-0.787,,,,-0.73,-0.05,0.681,-0.374,-0.923,0.088,,,,none
35.321812,0.537,-0.375,0.756,0.347,-0.52,-0.78,-0.369,0.168,-0.914,0.449,0.012,0.894,0.928,0.0,-0.371,,,,-0.66,0.156,0.735,-0.691,0.718,-0.083,,,,0.156,0.982,0.109,-0.191,0.645,-0.74,,,,-0.14,0.965,-0.221,-0.766,0.233,-0.599,,,,-0.645,-0.024,0.764,-0.517,-0.76,0.395,,,,none
35.367222,0.519,-0.38,0.766,-0.688,-0.688,-0.229,-0.372,0.201,-0.906,0.428,0.028,0.903,-0.707,-0.707,0.0,,,,-0.61,0.166,0.775,-0.747,0.664,-0.041,,,,0.137,0.985,0.103,-0.349,0.465,-0.814,,,,-0.155,0.963,-0.222,-0.642,0.522,-0.562,,,,-0.644,-0.025,0.765,-0.84,-0.344,0.42,,,,none
35.406985,0.541,-0.355,0.763,-0.688,-0.688,-0.229,-0.358,0.177,-0.917,0.447,0.009,0.895,0.911,-0.391,-0.13,,,,-0.636,0.152,0.757,-0.604,0.564,0.564,,,,0.126,0.983,0.131,-0.769,0.256,-0.586,,,,-0.152,0.968,-0.2,-0.877,0.475,-0.073,,,,-0.631,-0.024,0.776,-0.72,-0.24,0.651,,,,none
35.452063,0.526,-0.351,0.775,0.97,-0.0,0.243,-0.358,0.177,-0.917,0.438,0.026,0.898,0.572,-0.667,-0.477,,,,-0.621,0.178,0.764,-0.71,0.474,0.521,,,,0.121,0.984,0.128,-0.754,0.377,-0.538,,,,-0.16,0.966,-0.205,-0.802,0.566,-0.189,,,,-0.647,-0.033,0.762,-0.816,-0.082,0.572,,,,none
35.496271,0.536,-0.349,0.769,0.857,-0.0,0.514,-0.384,0.166,-0.908,0.449,0.025,0.893,0.889,-0.111,-0.444,,,,-0.623,0.15,0.768,-0.447,0.537,0.716,,,,0.112,0.986,0.126,-0.485,0.728,-0.485,,,,-0.166,0.965,-0.202,-0.725,0.665,0.181,,,,-0.641,-0.035,0.767,-0.598,0.359,0.717,,,,none
35.535895,0.523,-0.369,0.769,-0.085,0.854,0.513,-0.382,0.195,-0.903,0.449,0.029,0.893,0.755,0.504,-0.42,,,,-0.638,0.172,0.751,-0.287,0.365,0.886,,,,0.122,0.984,0.129,-0.196,0.588,0.784,,,,-0.153,0.968,-0.2,-0.618,0.556,0.556,,,,-0.648,-0.024,0.761,-0.389,0.583,0.713,,,,none
35.57343,0.521,-0.365,0.772,0.625,0.469,0.625,-0.382,0.195,-0.903,0.42,0.058,0.905,0.889,0.111,-0.444,,,,-0.671,0.183,0.719,-0.316,0.057,0.947,,,,0.117,0.986,0.116,0.0,0.707,0.707,,,,-0.159,0.965,-0.208,-0.697,0.398,0.597,,,,-0.656,-0.028,0.754,-0.68,0.68,0.272,,,,none
35.619353,0.523,-0.369,0.768,0.535,0.802,-0.267,-0.358,0.168,-0.918,0.453,0.006,0.892,0.774,-0.476,-0.417,,,,-0.615,0.134,0.777,-0.079,-0.454,0.888,,,,0.132,0.982,0.135,-0.667,0.333,0.667,,,,-0.138,0.972,-0.192,-0.61,0.271,0.745,,,,-0.638,-0.005,0.77,-0.156,-0.312,0.937,,,,none
36.599805,0.52,-0.369,0.77,0.535,0.802,-0.267,-0.377,0.182,-0.908,0.452,0.04,0.891,0.791,-0.609,0.061,,,,-0.601,0.166,0.782,0.064,-0.68,0.731,,,,0.142,0.983,0.117,-0.828,-0.466,-0.311,,,,-0.13,0.972,-0.196,-0.925,-0.22,0.308,,,,-0.643,-0.006,0.766,-0.659,-0.725,0.198,,,,none
36.599946,0.477,-0.402,0.782,0.964,-0.252,-0.084,-0.365,0.127,-0.922,0.453,0.098,0.886,0.596,-0.769,0.233,,,,-0.059,0.547,0.835,0.137,-0.527,0.839,,,,0.1,0.987,0.125,-0.672,-0.655,-0.345,,,,-0.181,0.975,-0.127,-0.712,-0.698,-0.071,,,,-0.604,0.021,0.797,-0.853,-0.521,0.032,,,,none
36.600094,0.551,-0.286,0.784,0.553,-0.614,-0.563,-0.395,0.108,-0.912,0.569,0.095,0.817,0.446,-0.739,0.505,,,,-0.373,0.632,0.679,0.317,-0.347,0.883,,,,-0.19,0.88,0.436,-0.833,-0.43,-0.349,,,,-0.318,0.856,0.407,-0.887,-0.409,-0.215,,,,-0.772,-0.078,0.63,-0.466,-0.877,-0.116,,,,none
36.600234,0.613,-0.298,0.732,-0.315,-0.765,-0.562,-0.395,0.108,-0.912,0.629,0.065,0.775,0.548,-0.619,0.563,,,,-0.397,0.546,0.737,0.511,-0.227,0.829,,,,0.549,0.757,-0.354,-0.896,-0.213,-0.39,,,,-0.15,0.98,0.133,-0.871,-0.484,-0.078,,,,-0.447,-0.036,0.894,0.178,-0.981,0.074,,,,none
36.600354,0.604,-0.288,0.743,-0.821,-0.517,-0.243,-0.395,0.108,-0.912,0.675,0.082,0.734,0.758,-0.455,0.467,,,,-0.252,0.641,0.725,0.514,-0.257,0.818,,,,0.189,0.901,0.39,-0.942,-0.244,-0.233,,,,-0.195,0.958,0.209,-0.726,-0.678,-0.113,,,,-0.545,-0.047,0.837,-0.239,-0.227,0.944,,,,none
36.600476,0.59,-0.306,0.747,-0.697,-0.574,-0.43,-0.44,0.073,-0.895,0.673,0.17,0.72,0.904,-0.214,0.371,,,,-0.042,0.737,0.675,0.485,-0.42,0.767,,,,0.151,0.831,0.536,0.783,-0.224,0.58,,,,-0.057,0.964,0.26,0.758,-0.646,0.091,,,,-0.604,-0.051,0.796,-0.409,0.26,0.874,,,,none
36.600609,0.609,-0.281,0.742,-0.627,-0.604,-0.492,-0.44,0.073,-0.895,0.673,0.202,0.712,0.953,-0.093,0.29,,,,0.099,0.755,0.649,0.524,-0.421,0.74,,,,0.445,0.776,0.447,0.758,-0.303,0.578,,,,-0.282,0.872,0.401,0.798,-0.198,0.57,,,,-0.625,-0.061,0.778,-0.049,0.73,-0.682,,,,none
36.600732,0.587,-0.294,0.754,-0.799,-0.503,-0.33,-0.44,0.073,-0.895,0.661,0.258,0.705,0.962,-0.025,0.27,,,,0.221,0.772,0.595,0.659,-0.245,0.711,,,,0.19,0.843,0.503,0.745,-0.212,0.632,,,,0.0,0.97,0.242,0.876,-0.12,0.468,,,,-0.624,-0.064,0.779,0.237,0.068,-0.969,,,,none
36.600851,0.614,-0.341,0.712,-0.743,-0.563,-0.362,-0.48,0.145,-0.865,0.636,0.336,0.694,0.969,0.071,0.237,,,,0.155,0.853,0.498,0.774,-0.263,0.576,,,,0.242,0.903,0.354,0.788,-0.276,0.551,,,,-0.069,0.984,0.167,0.853,-0.157,0.497,,,,-0.525,-0.008,0.851,0.217,-0.038,-0.975,,,,none
36.600968,0.671,-0.287,0.684,-0.97,0.243,-0.0,-0.48,0.145,-0.865,0.629,0.313,0.712,0.996,0.008,0.088,,,,0.249,0.868,0.43,0.857,-0.481,0.188,,,,0.223,0.92,0.323,0.862,-0.302,0.407,,,,-0.036,0.994,0.102,0.965,-0.178,0.193,,,,-0.595,-0.056,0.802,0.223,0.389,-0.894,,,,none
36.601089,0.611,-0.374,0.698,-0.97,0.243,-0.0,-0.485,0.147,-0.862,0.624,0.397,0.672,0.947,-0.068,-0.316,,,,0.319,0.866,0.385,0.925,-0.37,0.086,,,,0.327,0.913,0.245,0.93,-0.32,0.182,,,,0.033,0.999,-0.002,0.977,-0.189,-0.098,,,,-0.595,-0.062,0.802,0.206,0.442,-0.873,,,,none
36.601206,0.634,-0.372,0.678,-0.682,0.341,0.648,-0.485,0.147,-0.862,0.534,0.424,0.731,-0.897,-0.182,-0.403,,,,0.337,0.888,0.314,0.91,-0.376,0.175,,,,0.343,0.919,0.193,0.979,-0.176,0.099,,,,0.022,0.998,-0.055,0.979,0.032,-0.2,,,,-0.6,-0.122,0.791,0.3,0.416,-0.858,,,,none
36.601324,0.631,-0.353,0.691,-0.682,0.341,0.648,-0.451,0.158,-0.879,0.562,0.403,0.723,-0.926,-0.019,-0.377,,,,0.354,0.887,0.296,0.919,-0.338,0.201,,,,0.364,0.915,0.175,0.972,0.231,-0.046,,,,0.034,0.996,-0.085,0.84,0.434,-0.325,,,,-0.588,-0.148,0.795,0.398,0.412,-0.82,,,,none
36.601442,0.624,-0.348,0.7,-0.483,0.512,0.711,-0.451,0.158,-0.879,0.633,0.396,0.665,-0.949,0.048,-0.312,,,,0.368,0.904,0.217,0.967,-0.072,0.243,,,,0.374,0.918,0.13,0.759,0.645,-0.086,,,,0.026,0.993,-0.119,0.649,0.563,-0.512,,,,-0.604,-0.166,0.779,0.369,0.541,-0.756,,,,none
36.601571,0.588,-0.395,0.706,-0.749,0.351,0.562,-0.465,0.218,-0.858,0.762,0.191,0.619,-0.942,0.227,-0.246,,,,0.432,0.899,0.071,0.922,0.253,0.292,,,,0.388,0.917,0.088,0.456,0.866,0.205,,,,0.02,0.987,-0.162,0.58,0.425,-0.695,,,,-0.646,-0.17,0.744,0.275,-0.02,-0.961,,,,none
36.601715,0.584,-0.43,0.689,-0.639,0.303,0.707,-0.465,0.218,-0.858,0.719,0.06,0.693,-0.912,0.37,-0.179,,,,0.431,0.902,0.016,0.866,0.37,0.336,,,,0.382,0.92,0.092,0.127,0.866,0.484,,,,0.001,0.986,-0.166,0.205,0.666,-0.717,,,,-0.663,-0.199,0.722,0.077,-0.461,-0.884,,,,none
36.601835,0.577,-0.445,0.685,-0.736,0.245,0.631,-0.446,0.279,-0.85,0.624,0.002,0.781,-0.884,0.439,-0.161,,,,0.431,0.902,0.005,0.855,0.384,-0.347,,,,0.395,0.913,0.104,0.261,0.877,0.403,,,,0.01,0.985,-0.17,0.402,0.903,-0.151,,,,-0.66,-0.188,0.727,-0.741,0.074,-0.667,,,,none
36.601953,0.6,-0.396,0.695,-0.045,0.316,0.948,-0.45,0.227,-0.863,0.527,0.03,0.849,-0.897,0.399,-0.192,,,,0.314,0.949,-0.001,0.347,0.735,-0.582,,,,0.366,0.925,0.1,0.462,0.883,-0.08,,,,-0.027,0.986,-0.165,0.162,0.745,-0.648,,,,-0.657,-0.217,0.722,-0.759,0.367,0.538,,,,none
36.602073,0.582,-0.437,0.686,0.068,0.473,0.878,-0.432,0.266,-0.862,0.556,-0.07,0.828,-0.861,0.373,-0.347,,,,0.411,0.911,-0.034,-0.147,0.571,-0.808,,,,0.38,0.921,0.088,0.46,0.872,-0.169,,,,-0.018,0.984,-0.177,0.164,0.918,-0.361,,,,-0.672,-0.212,0.709,-0.751,0.467,0.467,,,,none
36.60219,0.578,-0.42,0.7,0.0,0.707,0.707,-0.432,0.266,-0.862,0.541,-0.051,0.84,-0.791,0.378,-0.481,,,,0.387,0.921,-0.038,-0.478,0.388,-0.788,,,,0.365,0.929,0.057,0.161,0.883,-0.441,,,,-0.045,0.978,-0.205,-0.136,0.904,-0.407,,,,-0.687,-0.239,0.686,-0.864,0.115,0.49,,,,none
36.602372,0.583,-0.426,0.692,-0.355,0.924,0.142,-0.432,0.266,-0.862,0.542,-0.065,0.838,0.418,0.488,-0.766,,,,0.349,0.937,0.023,-0.554,0.031,-0.832,,,,0.381,0.919,0.097,0.788,0.501,-0.358,,,,-0.011,0.983,-0.186,0.488,0.793,-0.366,,,,-0.68,-0.206,0.703,-0.728,0.485,0.485,,,,none
36.6025,0.574,-0.387,0.722,-0.061,0.791,0.609,-0.431,0.248,-0.868,0.514,0.007,0.858,-0.435,0.689,-0.58,,,,0.321,0.947,0.005,0.287,-0.0,-0.958,,,,0.374,0.925,0.072,0.852,0.248,-0.461,,,,-0.027,0.977,-0.212,0.603,0.426,-0.674,,,,-0.696,-0.217,0.684,-0.589,0.806,-0.062,,,,none
36.602633,0.557,-0.449,0.699,-0.408,0.816,0.408,-0.425,0.261,-0.867,0.516,-0.04,0.855,-0.802,0.422,-0.422,,,,0.338,0.941,0.018,0.526,0.526,-0.669,,,,0.386,0.919,0.08,0.687,0.687,-0.239,,,,-0.013,0.978,-0.206,0.311,0.577,-0.755,,,,-0.694,-0.189,0.694,-0.669,0.743,0.0,,,,none
36.629411,0.569,-0.4,0.718,-0.408,0.816,0.408,-0.413,0.252,-0.875,0.508,-0.016,0.861,-0.863,0.401,-0.308,,,,0.242,0.97,0.022,0.43,0.278,-0.859,,,,0.373,0.925,0.077,0.716,0.69,-0.102,,,,-0.031,0.978,-0.205,0.424,0.566,-0.707,,,,-0.698,-0.207,0.686,-0.51,0.841,-0.18,,,,none
36.667639,0.551,-0.457,0.698,-0.577,0.577,0.577,-0.419,0.257,-0.871,0.527,-0.059,0.848,-0.921,0.39,-0.0,,,,0.316,0.949,0.013,0.436,0.726,-0.532,,,,0.376,0.925,0.062,0.563,0.811,-0.158,,,,-0.034,0.975,-0.218,0.097,0.679,-0.728,,,,-0.706,-0.205,0.678,-0.556,0.813,-0.171,,,,none
36.711996,0.562,-0.424,0.71,-0.577,0.577,0.577,-0.427,0.274,-0.861,0.507,-0.068,0.859,-0.872,0.475,0.119,,,,0.303,0.953,-0.002,0.108,0.755,-0.647,,,,0.364,0.93,0.046,0.448,0.815,-0.367,,,,-0.05,0.975,-0.219,-0.272,0.68,-0.68,,,,-0.712,-0.216,0.669,-0.812,0.542,0.217,,,,none
36.751275,0.558,-0.44,0.703,-0.0,0.707,0.707,-0.427,0.274,-0.861,0.496,-0.048,0.867,-0.881,0.385,0.275,,,,0.289,0.957,-0.007,-0.601,0.601,-0.526,,,,0.359,0.932,0.044,-0.226,0.566,-0.793,,,,-0.057,0.974,-0.221,-0.873,0.436,-0.218,,,,-0.719,-0.221,0.659,-0.97,0.0,-0.243,,,,none
36.796846,0.574,-0.435,0.694,0.993,-0.083,-0.083,-0.425,0.261,-0.867,0.56,-0.21,0.802,0.855,-0.367,0.367,,,,0.309,0.951,0.034,-0.94,0.336,-0.067,,,,0.377,0.923,0.081,-0.744,0.62,-0.248,,,,-0.023,0.98,-0.2,-0.822,0.523,0.224,,,,-0.7,-0.185,0.69,-0.786,-0.437,0.437,,,,none
36.834956,0.571,-0.474,0.671,0.974,-0.0,0.227,-0.425,0.261,-0.867,0.778,-0.576,0.251,0.972,-0.111,0.206,,,,0.346,0.926,0.151,-0.866,0.484,-0.127,,,,0.41,0.897,0.166,-0.11,0.95,0.292,,,,0.044,0.989,-0.139,-0.32,0.921,0.22,,,,-0.644,-0.11,0.757,-0.426,-0.151,0.892,,,,none
36.878042,0.607,-0.312,0.731,0.882,0.149,0.446,-0.425,0.261,-0.867,0.687,0.425,0.589,0.942,-0.301,0.149,,,,0.221,0.964,0.148,-0.981,0.036,-0.189,,,,0.312,0.944,0.11,-0.927,0.051,-0.371,,,,-0.076,0.988,-0.136,-0.851,0.513,0.117,,,,-0.649,-0.18,0.739,-0.523,-0.042,0.851,,,,none
36.924037,0.509,-0.465,0.724,0.87,0.126,0.477,-0.41,0.243,-0.879,0.673,0.672,0.311,0.992,-0.039,0.119,,,,0.184,0.974,0.131,-0.942,-0.129,-0.309,,,,0.286,0.954,0.093,-0.91,-0.098,-0.403,,,,-0.107,0.986,-0.131,-0.999,0.046,0.017,,,,-0.742,-0.124,0.659,-0.582,-0.258,0.771,,,,none
36.966715,0.52,-0.361,0.774,0.435,-0.699,-0.567,-0.412,0.182,-0.893,0.356,0.71,0.607,0.98,0.104,0.17,,,,0.104,0.944,0.313,-0.895,-0.043,-0.444,,,,0.238,0.955,0.175,-0.799,-0.106,-0.592,,,,-0.153,0.988,0.018,-0.938,-0.173,-0.299,,,,-0.764,-0.144,0.628,-0.491,-0.539,0.684,,,,none
37.010444,0.573,-0.34,0.745,-0.147,-0.778,-0.61,-0.441,0.194,-0.876,0.475,0.663,0.579,0.955,0.219,0.2,,,,0.134,0.931,0.339,-0.846,-0.117,-0.521,,,,0.185,0.926,0.33,-0.735,-0.078,-0.674,,,,-0.036,0.992,0.117,-0.935,-0.038,-0.353,,,,-0.739,-0.092,0.667,-0.618,-0.477,0.625,,,,none
37.049642,0.595,-0.386,0.705,-0.456,-0.753,-0.475,-0.47,0.179,-0.865,0.512,0.653,0.558,0.805,0.592,0.04,,,,0.071,0.89,0.451,-0.731,0.299,-0.613,,,,0.174,0.956,0.238,-0.832,0.07,-0.55,,,,-0.083,0.994,0.068,-0.912,0.022,-0.41,,,,-0.611,-0.13,0.781,-0.579,-0.81,-0.096,,,,none
37.095469,0.592,-0.407,0.695,-0.945,-0.232,0.232,-0.475,0.187,-0.86,0.477,0.635,0.607,0.515,0.853,-0.084,,,,-0.116,0.834,0.54,-0.601,0.207,-0.772,,,,0.037,0.875,0.483,-0.758,0.143,-0.636,,,,-0.203,0.946,0.252,-0.826,0.046,-0.562,,,,-0.663,-0.163,0.731,-0.604,0.415,0.68,,,,none
37.136597,0.618,-0.391,0.682,-0.996,-0.079,0.052,-0.468,0.242,-0.85,0.581,0.666,0.469,0.848,0.499,-0.179,,,,-0.041,0.855,0.517,-0.537,0.173,-0.826,,,,-0.024,0.811,0.584,-0.619,0.206,-0.758,,,,-0.256,0.918,0.304,-0.702,-0.045,-0.711,,,,-0.689,-0.181,0.701,0.394,0.906,0.157,,,,none
37.173823,0.604,-0.429,0.672,-0.95,0.309,-0.047,-0.468,0.242,-0.85,0.64,0.621,0.452,0.892,0.371,-0.257,,,,0.055,0.812,0.581,-0.324,0.232,-0.917,,,,0.129,0.798,0.589,-0.186,0.395,-0.9,,,,-0.229,0.954,0.196,0.273,-0.246,-0.93,,,,-0.669,-0.134,0.731,0.625,0.75,-0.219,,,,none
37.603216,0.575,-0.403,0.712,-0.988,-0.0,0.152,-0.464,0.258,-0.847,0.495,0.76,0.422,0.983,0.185,0.009,,,,0.035,0.852,0.523,0.829,-0.062,0.556,,,,-0.031,0.81,0.586,0.924,0.093,0.371,,,,-0.24,0.928,0.285,0.993,-0.114,-0.03,,,,-0.618,-0.078,0.782,0.035,0.92,0.389,,,,none
37.603352,0.592,-0.41,0.694,-0.988,-0.0,0.152,-0.454,0.234,-0.86,0.489,0.795,0.359,0.956,0.255,-0.149,,,,-0.01,0.89,0.456,0.777,-0.131,0.615,,,,0.006,0.873,0.488,0.877,0.021,0.48,,,,-0.24,0.948,0.207,0.991,-0.086,0.102,,,,-0.644,-0.076,0.762,-0.217,0.542,0.812,,,,none
37.603484,0.58,-0.459,0.673,-0.997,0.043,-0.065,-0.454,0.273,-0.848,0.592,0.758,0.272,0.979,0.183,-0.091,,,,-0.004,0.9,0.435,0.771,-0.125,0.624,,,,-0.047,0.91,0.413,0.857,-0.04,0.514,,,,-0.21,0.965,0.154,0.97,-0.136,0.204,,,,-0.69,-0.085,0.719,-0.329,0.502,0.8,,,,none
37.60363,0.574,-0.487,0.658,-0.967,-0.134,-0.215,-0.454,0.273,-0.848,0.611,0.756,0.234,0.976,0.211,0.049,,,,0.066,0.942,0.33,0.747,-0.093,0.658,,,,0.032,0.944,0.327,0.826,-0.084,0.557,,,,-0.188,0.978,0.088,0.942,-0.114,0.315,,,,-0.716,-0.1,0.691,-0.572,0.481,0.664,,,,none
37.60375,0.597,-0.456,0.66,-0.829,-0.552,-0.092,-0.454,0.273,-0.848,0.688,0.707,0.163,0.984,0.085,0.156,,,,0.264,0.93,0.256,0.746,-0.023,0.665,,,,0.225,0.946,0.235,0.807,-0.033,0.59,,,,-0.033,0.997,-0.063,0.93,-0.022,0.367,,,,-0.705,-0.067,0.706,-0.839,0.492,0.232,,,,none
37.603872,0.615,-0.431,0.66,-0.09,-0.992,-0.09,-0.454,0.273,-0.848,0.698,0.714,-0.064,0.961,-0.019,0.277,,,,0.39,0.918,0.07,0.77,0.043,0.636,,,,0.395,0.918,0.046,0.819,0.055,0.571,,,,0.071,0.952,-0.298,0.924,0.126,0.361,,,,-0.768,-0.127,0.628,-0.552,-0.106,-0.827,,,,none
37.603992,0.668,-0.445,0.597,-0.477,-0.778,-0.409,-0.462,0.288,-0.839,0.648,0.754,-0.112,0.892,0.015,0.452,,,,0.354,0.935,-0.004,0.679,-0.012,0.734,,,,0.302,0.949,-0.09,0.691,0.043,0.721,,,,-0.098,0.964,-0.246,0.929,0.176,0.327,,,,-0.812,-0.151,0.564,0.241,-0.096,-0.966,,,,none
37.605082,0.662,-0.434,0.611,0.24,-0.96,-0.144,-0.487,0.289,-0.824,0.648,0.747,-0.146,0.841,0.085,0.535,,,,0.379,0.925,-0.025,0.565,0.025,0.825,,,,0.368,0.92,-0.135,0.72,0.02,0.693,,,,-0.057,0.934,-0.352,0.935,0.194,0.297,,,,-0.624,-0.13,0.771,0.365,0.367,-0.856,,,,none
37.60522,0.612,-0.463,0.642,0.399,0.736,0.547,-0.487,0.289,-0.824,0.734,0.651,-0.193,0.855,0.178,0.486,,,,0.492,0.868,-0.069,0.575,0.115,0.81,,,,0.485,0.857,-0.175,0.726,0.063,0.685,,,,0.042,0.901,-0.432,0.859,0.277,0.43,,,,-0.618,-0.128,0.775,0.533,0.445,-0.719,,,,none
37.605345,0.61,-0.413,0.676,0.765,0.394,0.51,-0.469,0.276,-0.839,0.763,0.584,-0.277,0.79,0.612,0.039,,,,0.539,0.828,-0.154,0.613,0.274,0.741,,,,0.502,0.823,-0.264,0.706,0.146,0.693,,,,0.018,0.865,-0.501,0.757,0.428,0.494,,,,-0.679,-0.234,0.696,0.62,0.414,-0.666,,,,none
37.645479,0.598,-0.442,0.668,0.0,-0.316,-0.949,-0.469,0.276,-0.839,0.784,0.553,-0.284,-0.191,0.574,-0.797,,,,0.574,0.801,-0.168,-0.577,0.577,-0.577,,,,0.537,0.795,-0.281,0.457,0.457,0.762,,,,0.047,0.847,-0.529,-0.073,0.807,0.587,,,,-0.689,-0.234,0.686,0.477,0.278,-0.834,,,,none
37.684609,0.606,-0.458,0.65,0.0,-0.316,-0.949,-0.483,0.31,-0.819,0.77,0.585,-0.256,-0.668,0.177,-0.723,,,,0.553,0.819,-0.152,-0.707,0.031,-0.707,,,,0.538,0.796,-0.278,-0.714,0.525,-0.462,,,,0.053,0.847,-0.529,-0.784,0.619,-0.041,,,,-0.681,-0.228,0.696,-0.509,-0.706,0.493,,,,none
38.1132,0.614,-0.428,0.663,0.202,-0.721,-0.663,-0.479,0.25,-0.841,0.658,0.749,-0.075,-0.73,-0.061,-0.68,,,,0.387,0.922,0.014,-0.631,-0.033,-0.775,,,,0.452,0.874,-0.177,-0.668,0.25,-0.701,,,,0.03,0.9,-0.435,-0.935,0.354,-0.023,,,,-0.589,-0.133,0.797,-0.504,-0.576,0.644,,,,none
38.113355,0.663,-0.417,0.622,-0.108,-0.755,-0.647,-0.497,0.289,-0.818,0.435,0.884,0.173,-0.904,-0.156,-0.398,,,,0.162,0.968,0.19,-0.723,0.007,-0.691,,,,0.242,0.97,-0.022,-0.635,0.005,-0.772,,,,-0.128,0.969,-0.213,-0.893,-0.135,-0.428,,,,-0.486,-0.095,0.869,-0.469,-0.362,0.805,,,,none
38.113485,0.678,-0.44,0.589,0.0,0.944,-0.329,-0.437,0.271,-0.857,0.396,0.916,-0.061,-0.973,-0.213,-0.092,,,,0.377,0.925,-0.041,-0.737,0.031,-0.676,,,,0.38,0.911,-0.163,-0.773,-0.131,-0.62,,,,0.008,0.947,-0.322,-0.902,-0.131,-0.41,,,,-0.662,-0.151,0.734,-0.231,-0.1,0.968,,,,none
38.113635,0.562,-0.432,0.705,0.267,0.79,0.552,-0.437,0.271,-0.857,0.595,0.804,0.008,-0.962,-0.214,-0.17,,,,0.283,0.949,0.138,-0.728,0.004,-0.686,,,,0.25,0.965,0.083,-0.79,-0.124,-0.601,,,,-0.061,0.989,-0.136,-0.917,-0.094,-0.387,,,,-0.74,-0.106,0.664,-0.208,0.009,0.978,,,,none
38.113756,0.549,-0.48,0.684,0.232,0.846,0.481,-0.45,0.262,-0.854,0.764,0.642,0.064,-0.96,-0.266,-0.083,,,,0.113,0.936,0.334,-0.726,-0.043,-0.687,,,,0.157,0.967,0.2,-0.814,-0.1,-0.572,,,,-0.176,0.984,0.013,-0.93,-0.068,-0.362,,,,-0.673,0.003,0.74,-0.299,-0.149,0.942,,,,none
38.113886,0.556,-0.349,0.755,0.818,0.532,0.218,-0.45,0.262,-0.854,0.615,0.66,0.432,-0.94,-0.332,-0.077,,,,-0.074,0.835,0.545,-0.725,-0.019,-0.688,,,,0.019,0.906,0.422,-0.838,-0.08,-0.539,,,,-0.238,0.932,0.273,-0.939,-0.049,-0.34,,,,-0.689,-0.019,0.724,-0.406,-0.238,0.882,,,,none
38.114016,0.545,-0.423,0.723,0.478,0.805,0.352,-0.45,0.262,-0.854,0.676,0.602,0.424,-0.925,-0.322,-0.201,,,,-0.045,0.845,0.533,-0.647,0.089,-0.757,,,,0.063,0.909,0.412,-0.791,-0.013,-0.612,,,,-0.285,0.926,0.247,-0.936,-0.04,-0.349,,,,-0.648,0.01,0.762,-0.488,-0.23,0.842,,,,none
38.115313,0.531,-0.468,0.706,0.614,0.716,0.332,-0.392,0.213,-0.895,0.573,0.617,0.539,-0.879,-0.454,-0.148,,,,-0.159,0.789,0.593,-0.732,-0.01,-0.681,,,,-0.071,0.863,0.5,-0.847,-0.081,-0.525,,,,-0.307,0.876,0.371,-0.978,-0.101,-0.18,,,,-0.638,0.035,0.769,-0.659,-0.322,0.68,,,,none
38.115449,0.529,-0.342,0.777,0.905,0.374,0.201,-0.384,0.211,-0.899,0.622,0.604,0.499,-0.848,-0.511,-0.144,,,,-0.147,0.789,0.596,-0.771,-0.08,-0.631,,,,-0.039,0.85,0.525,-0.852,-0.099,-0.515,,,,-0.305,0.878,0.369,-0.983,-0.086,-0.16,,,,-0.709,-0.047,0.704,-0.617,-0.233,0.752,,,,none
38.115589,0.509,-0.388,0.768,0.636,0.711,0.299,-0.377,0.216,-0.901,0.66,0.558,0.504,-0.517,-0.812,-0.271,,,,-0.154,0.752,0.641,-0.83,-0.22,-0.513,,,,-0.054,0.819,0.572,-0.896,-0.112,-0.429,,,,-0.291,0.856,0.427,-0.997,-0.081,-0.0,,,,-0.623,0.021,0.782,-0.642,-0.223,0.734,,,,none
38.148649,0.503,-0.337,0.796,0.874,0.389,0.291,-0.377,0.216,-0.901,0.62,0.595,0.512,0.242,-0.968,-0.061,,,,-0.177,0.747,0.641,-0.899,-0.154,-0.411,,,,-0.077,0.809,0.583,-0.9,-0.03,-0.435,,,,-0.307,0.84,0.448,-0.985,0.062,-0.164,,,,-0.653,-0.014,0.757,-0.722,-0.254,0.644,,,,none
38.194243,0.511,-0.386,0.768,0.936,0.341,0.085,-0.368,0.153,-0.917,0.59,0.607,0.532,0.293,-0.953,-0.073,,,,-0.247,0.718,0.651,-0.84,-0.097,-0.533,,,,-0.156,0.773,0.615,-0.858,-0.0,-0.513,,,,-0.346,0.81,0.473,-0.954,-0.0,-0.301,,,,-0.572,0.035,0.819,-0.83,-0.488,0.269,,,,none
38.622613,0.511,-0.42,0.75,0.938,0.263,-0.225,-0.368,0.153,-0.917,0.614,0.568,0.548,0.381,-0.889,-0.254,,,,-0.25,0.673,0.696,-0.813,-0.056,-0.579,,,,-0.19,0.707,0.681,-0.854,0.005,-0.521,,,,-0.337,0.784,0.521,-0.949,0.034,-0.314,,,,-0.528,0.079,0.845,-0.883,-0.415,0.221,,,,none
38.622761,0.524,-0.31,0.794,0.987,0.162,0.0,-0.369,0.126,-0.921,0.591,0.611,0.527,0.663,-0.73,-0.166,,,,-0.275,0.645,0.713,-0.823,-0.069,-0.563,,,,-0.208,0.647,0.733,-0.849,0.041,-0.528,,,,-0.35,0.721,0.598,-0.958,0.034,-0.286,,,,-0.55,0.002,0.835,-0.785,-0.385,0.485,,,,none
38.622888,0.503,-0.359,0.786,0.913,0.356,0.2,-0.369,0.117,-0.922,0.654,0.581,0.485,0.75,-0.591,-0.296,,,,-0.218,0.659,0.719,-0.735,-0.078,-0.674,,,,-0.163,0.672,0.722,-0.812,0.065,-0.58,,,,-0.362,0.75,0.553,-0.96,0.061,-0.272,,,,-0.537,-0.004,0.843,-0.796,-0.463,0.389,,,,none
38.623014,0.494,-0.273,0.826,0.988,0.144,-0.056,-0.36,0.111,-0.926,0.622,0.62,0.478,0.831,-0.549,0.094,,,,-0.252,0.643,0.723,-0.712,-0.534,-0.455,,,,-0.224,0.591,0.775,-0.842,-0.081,-0.534,,,,-0.401,0.71,0.579,-0.989,-0.1,-0.111,,,,-0.6,-0.124,0.79,-0.813,-0.54,0.219,,,,none
38.623139,0.514,-0.158,0.843,0.954,0.118,-0.275,-0.36,0.111,-0.926,0.574,0.678,0.459,0.678,-0.702,-0.218,,,,-0.28,0.648,0.708,-0.259,-0.432,-0.864,,,,-0.223,0.553,0.803,-0.625,-0.095,-0.775,,,,-0.392,0.672,0.629,-0.894,-0.289,-0.342,,,,-0.484,-0.111,0.868,-0.833,-0.438,0.338,,,,none
38.623269,0.419,-0.428,0.801,0.834,0.205,-0.512,-0.375,0.039,-0.926,0.644,0.626,0.439,0.629,-0.716,-0.304,,,,-0.271,0.613,0.742,0.711,-0.592,-0.379,,,,-0.277,0.511,0.814,0.249,-0.672,-0.697,,,,-0.416,0.649,0.637,0.546,-0.741,0.39,,,,-0.513,-0.077,0.855,-0.875,-0.484,-0.005,,,,none
38.623392,0.533,-0.237,0.812,0.858,0.152,-0.491,-0.351,-0.014,-0.936,0.733,0.627,0.263,0.923,-0.369,0.108,,,,-0.133,0.723,0.678,0.793,-0.393,0.465,,,,-0.19,0.562,0.805,0.711,-0.619,0.334,,,,-0.442,0.681,0.584,0.641,-0.538,0.548,,,,-0.5,-0.184,0.846,-0.856,-0.485,-0.179,,,,none
38.626174,0.433,-0.075,0.898,0.977,0.141,0.158,-0.359,-0.045,-0.932,0.789,0.59,0.171,0.971,-0.115,0.207,,,,0.126,0.821,0.558,0.748,-0.222,0.626,,,,0.131,0.717,0.685,0.689,-0.416,0.594,,,,-0.318,0.859,0.402,0.805,-0.359,0.472,,,,-0.455,-0.245,0.856,-0.863,-0.39,-0.322,,,,none
38.62631,0.369,-0.044,0.928,0.874,-0.328,-0.359,-0.359,-0.045,-0.932,0.656,0.688,0.309,0.938,-0.036,0.344,,,,-0.07,0.808,0.585,0.703,-0.198,0.683,,,,-0.025,0.723,0.69,0.676,-0.358,0.644,,,,-0.135,0.884,0.447,0.822,-0.309,0.478,,,,-0.371,-0.374,0.85,-0.818,-0.333,-0.468,,,,none
38.626567,0.703,0.013,0.711,-0.074,-0.37,-0.926,-0.359,-0.045,-0.932,0.694,0.694,0.193,0.927,0.056,0.371,,,,0.036,0.873,0.486,0.695,-0.174,0.698,,,,0.071,0.752,0.655,0.702,-0.358,0.616,,,,-0.041,0.891,0.452,0.859,-0.285,0.425,,,,-0.2,-0.573,0.795,-0.844,-0.215,-0.492,,,,none
38.652394,0.616,-0.111,0.78,0.089,-0.754,-0.651,-0.418,-0.182,-0.89,0.734,0.656,0.178,0.907,0.107,0.407,,,,0.101,0.887,0.45,0.669,-0.157,0.726,,,,0.105,0.794,0.598,0.736,-0.298,0.608,,,,-0.012,0.944,0.329,0.848,-0.296,0.44,,,,-0.218,-0.606,0.765,-0.832,-0.214,-0.512,,,,none
38.698138,0.586,-0.036,0.81,0.39,-0.354,-0.85,-0.418,-0.182,-0.89,0.751,0.641,0.157,0.908,0.028,0.418,,,,0.193,0.901,0.389,0.663,-0.157,0.732,,,,0.204,0.822,0.532,0.761,-0.28,0.586,,,,0.024,0.955,0.296,0.843,-0.215,0.493,,,,-0.171,-0.679,0.714,-0.793,-0.306,-0.526,,,,none
39.1326,0.58,-0.044,0.814,0.378,0.189,-0.906,-0.411,-0.229,-0.883,0.753,0.636,0.168,0.937,-0.04,0.348,,,,0.148,0.902,0.407,0.632,-0.222,0.743,,,,0.144,0.819,0.555,0.769,-0.334,0.545,,,,0.009,0.962,0.273,0.818,-0.142,0.558,,,,-0.142,-0.684,0.716,-0.688,-0.37,-0.624,,,,none
39.132754,0.566,-0.02,0.824,0.581,0.452,-0.677,-0.411,-0.229,-0.883,0.854,0.518,-0.043,0.959,0.012,0.282,,,,0.433,0.875,0.215,0.635,-0.172,0.753,,,,0.392,0.838,0.38,0.756,-0.34,0.56,,,,0.179,0.981,0.078,0.781,-0.093,0.617,,,,-0.124,-0.681,0.721,-0.515,-0.472,-0.715,,,,none
39.132886,0.539,0.004,0.842,0.73,0.243,-0.639,-0.397,-0.286,-0.872,0.841,0.534,-0.088,0.969,-0.034,0.245,,,,0.438,0.887,0.145,0.658,-0.102,0.746,,,,0.405,0.867,0.29,0.754,-0.251,0.606,,,,0.199,0.98,-0.017,0.78,-0.004,0.626,,,,-0.099,-0.659,0.746,-0.455,-0.579,-0.676,,,,none
39.133017,0.558,-0.008,0.83,0.706,-0.064,-0.706,-0.397,-0.286,-0.872,0.856,0.485,-0.179,0.98,-0.025,0.196,,,,0.536,0.844,0.031,0.723,-0.112,0.682,,,,0.485,0.858,0.17,0.796,-0.193,0.574,,,,0.269,0.954,-0.133,0.815,0.008,0.58,,,,-0.074,-0.667,0.741,-0.595,-0.506,-0.625,,,,none
39.133148,0.57,0.004,0.822,0.763,-0.33,-0.556,-0.397,-0.286,-0.872,0.842,0.531,-0.094,0.976,0.038,0.215,,,,0.472,0.876,0.097,0.728,-0.078,0.681,,,,0.447,0.873,0.193,0.792,-0.154,0.59,,,,0.262,0.955,-0.141,0.832,0.05,0.553,,,,-0.031,-0.692,0.722,-0.652,-0.474,-0.592,,,,none
39.13328,0.519,-0.012,0.854,-0.597,-0.706,-0.38,-0.397,-0.286,-0.872,0.846,0.53,-0.061,0.973,0.062,0.22,,,,0.478,0.871,0.113,0.76,-0.039,0.648,,,,0.429,0.88,0.205,0.814,-0.094,0.574,,,,0.255,0.958,-0.135,0.854,0.068,0.516,,,,-0.039,-0.682,0.73,-0.729,-0.477,-0.491,,,,none
39.133407,0.582,0.03,0.813,0.829,-0.304,-0.47,-0.397,-0.286,-0.872,0.873,0.464,-0.152,0.958,0.108,0.265,,,,0.557,0.831,0.011,0.722,0.005,0.692,,,,0.493,0.863,0.108,0.753,-0.166,0.637,,,,0.301,0.928,-0.219,0.844,0.063,0.533,,,,0.005,-0.759,0.651,-0.755,-0.504,-0.42,,,,none
39.134388,0.59,0.042,0.806,-0.402,0.562,-0.723,-0.414,-0.308,-0.857,0.891,0.413,-0.19,0.945,0.075,0.318,,,,0.633,0.771,-0.06,0.696,0.007,0.718,,,,0.583,0.813,0.013,0.712,-0.252,0.655,,,,0.375,0.872,-0.314,0.848,0.047,0.529,,,,0.014,-0.765,0.644,-0.394,-0.394,-0.831,,,,none
39.134522,0.579,0.007,0.815,0.116,0.93,-0.349,-0.397,-0.322,-0.859,0.899,0.401,-0.174,0.959,-0.083,0.271,,,,0.648,0.76,-0.052,0.728,0.084,0.681,,,,0.593,0.805,0.018,0.743,-0.179,0.645,,,,0.388,0.863,-0.323,0.869,0.145,0.473,,,,0.001,-0.734,0.679,-0.054,-0.706,-0.706,,,,none
39.134644,0.573,0.023,0.819,0.116,0.93,-0.349,-0.412,-0.291,-0.863,0.908,0.35,-0.228,0.933,0.224,0.28,,,,0.693,0.711,-0.12,0.696,0.177,0.696,,,,0.626,0.778,-0.056,0.735,-0.142,0.663,,,,0.405,0.832,-0.378,0.849,0.19,0.494,,,,0.017,-0.733,0.68,0.488,-0.183,-0.854,,,,none
39.153679,0.545,0.033,0.838,0.647,0.74,-0.185,-0.412,-0.291,-0.863,0.911,0.34,-0.235,0.921,0.249,0.299,,,,0.705,0.697,-0.133,0.644,0.182,0.743,,,,0.641,0.763,-0.079,0.707,-0.148,0.691,,,,0.42,0.813,-0.404,0.818,0.213,0.534,,,,0.017,-0.703,0.711,0.393,-0.066,-0.917,,,,none
39.198913,0.55,0.023,0.835,0.647,0.74,-0.185,-0.384,-0.315,-0.868,0.913,0.327,-0.242,0.834,0.5,0.233,,,,0.721,0.677,-0.147,0.533,0.333,0.778,,,,0.659,0.745,-0.103,0.655,-0.073,0.752,,,,0.43,0.795,-0.427,0.72,0.267,0.64,,,,0.011,-0.71,0.704,-0.314,-0.105,-0.943,,,,none
39.642486,0.572,0.019,0.82,0.667,-0.333,-0.667,-0.384,-0.315,-0.868,0.914,0.315,-0.257,0.766,0.627,0.139,,,,0.74,0.651,-0.172,0.408,0.408,0.816,,,,0.679,0.722,-0.135,0.64,-0.043,0.768,,,,0.444,0.776,-0.448,0.667,0.333,0.667,,,,0.019,-0.723,0.69,-0.423,-0.0,-0.906,,,,none
39.642636,0.562,0.019,0.827,0.873,-0.218,-0.436,-0.418,-0.325,-0.848,0.914,0.323,-0.246,0.757,0.62,0.207,,,,0.731,0.663,-0.16,0.364,0.474,0.802,,,,0.663,0.738,-0.122,0.588,-0.037,0.808,,,,0.431,0.789,-0.438,0.588,0.378,0.715,,,,0.014,-0.721,0.692,-0.451,-0.282,-0.846,,,,none
39.642768,0.559,0.03,0.828,-0.298,-0.596,-0.745,-0.407,-0.35,-0.844,0.92,0.302,-0.25,0.596,0.681,0.426,,,,0.755,0.634,-0.169,0.248,0.461,0.852,,,,0.688,0.712,-0.143,0.484,-0.138,0.864,,,,0.45,0.769,-0.454,0.506,0.273,0.818,,,,0.002,-0.727,0.687,-0.428,-0.086,-0.9,,,,none
39.642903,0.569,0.011,0.823,0.242,-0.081,-0.967,-0.381,-0.313,-0.87,0.921,0.302,-0.245,0.4,0.711,0.578,,,,0.761,0.629,-0.16,0.152,0.482,0.863,,,,0.695,0.705,-0.145,0.339,-0.052,0.939,,,,0.456,0.762,-0.459,0.377,0.319,0.87,,,,-0.007,-0.723,0.691,-0.349,-0.215,-0.912,,,,none
39.643031,0.569,0.053,0.821,0.512,-0.384,-0.768,-0.415,-0.341,-0.844,0.924,0.296,-0.241,0.274,0.791,0.547,,,,0.765,0.623,-0.163,0.08,0.539,0.838,,,,0.697,0.702,-0.147,0.247,0.082,0.966,,,,0.459,0.761,-0.458,0.272,0.43,0.861,,,,0.015,-0.745,0.667,-0.226,-0.226,-0.948,,,,none
39.643157,0.576,0.062,0.815,0.653,0.307,-0.692,-0.38,-0.363,-0.851,0.933,0.287,-0.216,0.181,0.665,0.725,,,,0.777,0.615,-0.136,-0.022,0.412,0.911,,,,0.713,0.689,-0.13,0.138,0.092,0.986,,,,0.483,0.754,-0.445,0.169,0.411,0.896,,,,0.034,-0.737,0.675,-0.085,-0.293,-0.952,,,,none
39.643288,0.551,0.084,0.83,0.587,0.342,-0.734,-0.38,-0.344,-0.859,0.935,0.279,-0.219,-0.141,0.516,0.845,,,,0.783,0.606,-0.142,-0.262,0.164,0.951,,,,0.724,0.675,-0.139,-0.106,-0.106,0.989,,,,0.497,0.741,-0.452,-0.037,0.26,0.965,,,,0.023,-0.743,0.668,-0.096,-0.23,-0.968,,,,none
39.644646,0.573,0.066,0.817,0.655,0.281,-0.702,-0.368,-0.368,-0.854,0.944,0.26,-0.204,0.032,0.51,0.86,,,,0.803,0.582,-0.132,-0.141,0.235,0.962,,,,0.739,0.66,-0.136,-0.0,0.0,1.0,,,,0.501,0.738,-0.452,0.077,0.436,0.897,,,,0.075,-0.757,0.65,-0.046,-0.307,-0.951,,,,none
39.644771,0.564,0.088,0.821,0.759,0.345,-0.552,-0.368,-0.368,-0.854,0.938,0.269,-0.218,-0.085,0.423,0.902,,,,0.79,0.594,-0.149,-0.274,0.091,0.958,,,,0.728,0.669,-0.148,-0.152,-0.076,0.986,,,,0.498,0.736,-0.459,-0.026,0.384,0.923,,,,0.289,-0.686,0.668,0.018,-0.27,-0.963,,,,none
39.644892,0.546,0.108,0.831,0.487,0.324,-0.811,-0.346,-0.391,-0.853,0.953,0.232,-0.195,-0.211,0.493,0.844,,,,0.821,0.555,-0.13,-0.429,0.172,0.887,,,,0.767,0.625,-0.143,-0.296,0.033,0.955,,,,0.544,0.705,-0.455,-0.218,0.436,0.873,,,,0.356,-0.62,0.699,0.029,-0.238,-0.971,,,,none
39.654346,0.531,0.122,0.839,0.487,0.324,-0.811,-0.366,-0.374,-0.852,0.961,0.207,-0.186,-0.145,0.723,0.675,,,,0.839,0.531,-0.12,-0.465,0.349,0.814,,,,0.786,0.602,-0.138,-0.412,0.274,0.869,,,,0.569,0.69,-0.447,-0.314,0.588,0.745,,,,0.371,-0.614,0.697,-0.0,-0.212,-0.977,,,,none
39.700174,0.549,0.111,0.828,0.864,0.0,-0.504,-0.366,-0.425,-0.827,0.96,0.212,-0.183,0.1,0.949,0.3,,,,0.833,0.54,-0.12,-0.341,0.726,0.598,,,,0.779,0.613,-0.135,-0.289,0.723,0.627,,,,0.559,0.701,-0.444,-0.353,0.784,0.51,,,,0.345,-0.644,0.682,-0.235,-0.411,-0.881,,,,none
39.736503,0.543,0.122,0.831,0.243,-0.97,0.0,-0.369,-0.407,-0.835,0.957,0.219,-0.191,-0.081,0.967,-0.242,,,,0.83,0.544,-0.125,-0.564,0.776,0.282,,,,0.773,0.619,-0.138,-0.473,0.867,0.158,,,,0.553,0.703,-0.446,-0.656,0.716,0.239,,,,0.327,-0.656,0.68,-0.981,0.196,0.0,,,,none
40.150831,0.556,0.111,0.824,-0.217,-0.976,-0.0,-0.369,-0.407,-0.835,0.958,0.224,-0.178,-0.224,0.822,-0.523,,,,0.828,0.549,-0.114,-0.667,0.741,-0.074,,,,0.773,0.621,-0.128,-0.617,0.772,-0.154,,,,0.55,0.71,-0.44,-0.821,0.568,0.063,,,,0.315,-0.671,0.672,-0.917,0.282,0.282,,,,none
40.152335,0.564,0.11,0.819,0.667,-0.477,-0.572,-0.369,-0.407,-0.835,0.96,0.226,-0.164,-0.205,0.889,-0.41,,,,0.83,0.549,-0.097,-0.6,0.8,0.0,,,,0.777,0.619,-0.115,-0.474,0.88,0.0,,,,0.554,0.713,-0.429,-0.703,0.703,0.108,,,,0.307,-0.681,0.664,-0.936,-0.085,0.341,,,,none
40.152473,0.573,0.125,0.81,0.905,0.302,-0.302,-0.361,-0.398,-0.843,0.958,0.231,-0.171,-0.11,0.988,0.11,,,,0.826,0.554,-0.108,-0.515,0.735,0.441,,,,0.769,0.628,-0.12,-0.304,0.836,0.456,,,,0.544,0.722,-0.428,-0.568,0.694,0.442,,,,0.325,-0.687,0.65,-0.483,-0.097,0.87,,,,none
40.152612,0.565,0.109,0.818,0.583,0.713,-0.389,-0.361,-0.398,-0.843,0.961,0.228,-0.155,-0.0,0.753,0.659,,,,0.831,0.549,-0.088,-0.417,0.476,0.774,,,,0.777,0.621,-0.103,-0.198,0.659,0.725,,,,0.556,0.717,-0.421,-0.368,0.631,0.683,,,,0.317,-0.676,0.665,0.066,-0.066,0.996,,,,none
40.152732,0.547,0.138,0.826,0.83,0.491,-0.264,-0.385,-0.418,-0.823,0.958,0.226,-0.178,-0.249,0.83,0.498,,,,0.826,0.552,-0.114,-0.669,0.426,0.609,,,,0.772,0.624,-0.125,-0.48,0.685,0.548,,,,0.552,0.713,-0.433,-0.614,0.558,0.558,,,,0.441,-0.649,0.62,0.178,0.416,0.892,,,,none
40.152852,0.545,0.15,0.825,0.15,0.977,-0.15,-0.385,-0.418,-0.823,0.969,0.192,-0.157,0.156,-0.312,0.937,,,,0.851,0.517,-0.094,-0.262,-0.087,0.961,,,,0.8,0.589,-0.112,0.123,-0.123,0.985,,,,0.582,0.693,-0.426,-0.089,0.178,0.98,,,,0.268,-0.693,0.67,0.227,0.463,0.857,,,,none
40.152973,0.52,0.174,0.836,0.405,0.867,-0.289,-0.358,-0.434,-0.827,0.966,0.192,-0.173,0.927,-0.265,-0.265,,,,0.847,0.521,-0.109,0.549,-0.137,0.824,,,,0.799,0.588,-0.126,0.793,-0.566,0.226,,,,0.586,0.683,-0.436,0.707,0.0,0.707,,,,0.352,-0.731,0.585,0.33,0.553,0.765,,,,none
40.153773,0.522,0.11,0.846,-0.861,0.431,-0.269,-0.356,-0.381,-0.853,0.971,0.181,-0.154,0.65,-0.26,-0.715,,,,0.857,0.507,-0.09,0.954,-0.212,-0.212,,,,0.807,0.58,-0.115,0.842,-0.421,-0.337,,,,0.588,0.684,-0.432,0.868,-0.0,-0.496,,,,0.03,-0.627,0.778,0.432,0.47,0.77,,,,none
40.153907,0.523,0.135,0.841,-0.577,0.577,0.577,-0.356,-0.381,-0.853,0.96,0.212,-0.185,0.404,0.269,-0.874,,,,0.833,0.54,-0.122,0.218,0.436,-0.873,,,,0.777,0.615,-0.133,0.14,-0.14,-0.98,,,,0.555,0.703,-0.444,-0.365,0.183,-0.913,,,,0.048,-0.641,0.766,0.507,0.45,0.736,,,,none
40.159828,0.528,0.075,0.846,-0.978,-0.173,0.115,-0.335,-0.408,-0.849,0.963,0.211,-0.167,-0.0,0.423,-0.906,,,,0.838,0.536,-0.103,-0.577,0.577,-0.577,,,,0.783,0.609,-0.123,-0.468,0.468,-0.749,,,,0.56,0.704,-0.437,-0.816,0.408,-0.408,,,,-0.005,-0.608,0.794,0.496,0.447,0.744,,,,none
40.197526,0.539,0.125,0.833,-0.316,-0.949,0.0,-0.338,-0.37,-0.865,0.964,0.215,-0.158,-0.253,0.507,-0.824,,,,0.837,0.539,-0.094,-0.788,0.394,-0.473,,,,0.784,0.611,-0.112,-0.62,0.482,-0.62,,,,0.564,0.707,-0.426,-0.857,0.396,-0.33,,,,0.011,-0.61,0.792,0.491,0.491,0.72,,,,none
40.243825,0.546,0.116,0.83,-0.87,-0.483,0.097,-0.36,-0.396,-0.845,0.963,0.229,-0.141,-0.499,0.555,-0.666,,,,0.825,0.561,-0.071,-0.873,0.154,-0.462,,,,0.767,0.637,-0.078,-0.713,0.515,-0.475,,,,0.548,0.733,-0.404,-0.931,0.296,-0.212,,,,0.012,-0.619,0.786,0.913,0.365,0.183,,,,none
40.662066,0.524,0.105,0.845,0.725,-0.653,-0.218,-0.36,-0.396,-0.845,0.944,0.321,-0.071,-0.839,0.283,-0.465,,,,0.722,0.691,0.027,-0.867,-0.106,-0.487,,,,0.644,0.763,0.063,-0.858,0.21,-0.469,,,,0.447,0.845,-0.294,-0.95,-0.123,-0.287,,,,0.024,-0.603,0.798,-0.112,0.28,-0.953,,,,none
40.662317,0.554,0.12,0.824,0.725,-0.653,-0.218,-0.363,-0.4,-0.842,0.929,0.37,0.002,-0.933,0.034,-0.359,,,,0.675,0.732,0.095,-0.848,-0.11,-0.519,,,,0.63,0.768,0.113,-0.835,0.168,-0.524,,,,0.449,0.858,-0.249,-0.877,-0.11,-0.468,,,,0.077,-0.633,0.77,0.179,0.76,-0.625,,,,none
40.66245,0.554,0.129,0.823,0.123,-0.492,0.862,-0.363,-0.4,-0.842,0.881,0.471,0.054,-0.962,-0.047,-0.268,,,,0.604,0.785,0.14,-0.82,0.03,-0.571,,,,0.599,0.783,0.166,-0.779,0.222,-0.587,,,,0.415,0.893,-0.176,-0.881,-0.024,-0.472,,,,0.1,-0.612,0.785,0.739,0.65,0.177,,,,none
40.662582,0.551,0.113,0.827,0.123,-0.492,0.862,-0.353,-0.378,-0.856,0.886,0.463,0.041,-0.991,-0.011,-0.137,,,,0.476,0.866,0.153,-0.71,0.153,-0.687,,,,0.502,0.828,0.248,-0.741,0.269,-0.616,,,,0.31,0.948,-0.07,-0.831,0.036,-0.555,,,,0.066,-0.586,0.808,0.695,0.545,0.47,,,,none
40.662714,0.592,0.053,0.804,-0.577,0.275,0.769,-0.353,-0.378,-0.856,0.884,0.415,-0.214,-0.967,-0.061,-0.247,,,,0.581,0.804,0.127,-0.624,0.179,-0.761,,,,0.547,0.81,0.209,-0.711,0.288,-0.641,,,,0.322,0.944,-0.074,-0.773,0.079,-0.63,,,,-0.028,-0.602,0.798,0.796,0.363,0.484,,,,none
40.662854,0.544,0.097,0.834,0.278,0.911,0.304,-0.355,-0.4,-0.845,0.894,0.449,-0.001,-0.942,-0.061,-0.329,,,,0.457,0.844,0.282,-0.642,0.125,-0.757,,,,0.467,0.819,0.334,-0.703,0.242,-0.668,,,,0.218,0.97,0.104,-0.757,0.107,-0.645,,,,-0.041,-0.586,0.809,0.939,0.154,0.307,,,,none
40.662975,0.524,0.078,0.848,0.033,0.98,0.196,-0.355,-0.4,-0.845,0.861,0.499,0.098,-0.943,-0.038,-0.331,,,,0.305,0.868,0.392,-0.649,0.076,-0.757,,,,0.307,0.818,0.486,-0.677,0.191,-0.711,,,,0.123,0.97,0.208,-0.787,0.051,-0.615,,,,-0.045,-0.532,0.846,0.982,0.18,0.06,,,,none
40.664195,0.521,0.063,0.851,0.688,0.717,-0.115,-0.337,-0.36,-0.87,0.908,0.414,0.061,-0.975,-0.034,-0.22,,,,0.341,0.82,0.46,-0.666,0.039,-0.745,,,,0.316,0.744,0.589,-0.653,0.155,-0.741,,,,0.035,0.949,0.315,-0.835,-0.023,-0.55,,,,-0.059,-0.506,0.861,0.97,-0.052,-0.236,,,,none
40.664325,0.514,0.08,0.854,0.786,0.584,-0.202,-0.337,-0.36,-0.87,0.866,0.46,0.195,-0.996,-0.082,0.027,,,,0.119,0.783,0.61,-0.743,-0.012,-0.669,,,,0.09,0.693,0.715,-0.676,0.108,-0.729,,,,-0.087,0.874,0.478,-0.897,-0.083,-0.434,,,,-0.009,-0.481,0.877,0.725,-0.569,-0.388,,,,none
40.664458,0.501,0.108,0.859,0.84,0.525,-0.14,-0.337,-0.36,-0.87,0.882,0.443,0.159,-0.978,-0.156,0.14,,,,0.178,0.76,0.625,-0.78,-0.028,-0.625,,,,0.165,0.657,0.736,-0.663,0.055,-0.746,,,,-0.047,0.871,0.488,-0.933,-0.058,-0.356,,,,-0.03,-0.489,0.872,0.622,-0.718,-0.311,,,,none
40.709775,0.517,0.075,0.852,0.899,0.364,-0.243,-0.288,-0.439,-0.851,0.87,0.44,0.221,-0.697,-0.294,0.654,,,,0.134,0.738,0.661,-0.906,-0.407,0.118,,,,0.104,0.635,0.766,-0.866,-0.412,-0.284,,,,-0.123,0.825,0.552,-0.926,-0.359,0.113,,,,-0.024,-0.482,0.876,0.392,-0.886,-0.247,,,,none
40.749695,0.464,0.165,0.87,0.896,0.355,-0.266,-0.288,-0.439,-0.851,0.9,0.392,0.19,-0.226,-0.395,0.891,,,,0.134,0.708,0.694,-0.432,-0.537,0.724,,,,0.131,0.604,0.786,-0.442,-0.723,0.531,,,,-0.068,0.799,0.597,-0.325,-0.675,0.663,,,,0.021,-0.46,0.887,0.314,-0.916,-0.249,,,,none
41.172956,0.491,0.141,0.86,0.911,0.275,-0.307,-0.25,-0.497,-0.831,0.906,0.355,0.23,0.19,-0.256,0.948,,,,0.158,0.672,0.723,-0.205,-0.381,0.901,,,,0.143,0.578,0.803,-0.077,-0.47,0.879,,,,-0.069,0.788,0.612,0.008,-0.517,0.856,,,,-0.032,-0.478,0.878,0.128,-0.931,-0.342,,,,none
41.173104,0.556,0.134,0.82,0.911,0.275,-0.307,-0.246,-0.553,-0.796,0.871,0.403,0.282,0.296,-0.228,0.928,,,,0.074,0.687,0.723,-0.116,-0.367,0.923,,,,0.064,0.581,0.811,0.018,-0.447,0.894,,,,-0.115,0.771,0.627,0.203,-0.405,0.891,,,,-0.052,-0.571,0.819,0.071,-0.895,-0.44,,,,none
41.173234,0.552,0.201,0.809,0.89,0.184,-0.417,-0.246,-0.553,-0.796,0.891,0.35,0.288,0.232,-0.348,0.908,,,,0.156,0.654,0.74,0.004,-0.444,0.896,,,,0.158,0.538,0.828,0.103,-0.513,0.852,,,,0.021,0.757,0.653,0.37,-0.398,0.84,,,,0.043,-0.604,0.796,0.214,-0.857,-0.469,,,,none
41.173354,0.445,0.407,0.798,0.819,0.33,-0.469,-0.156,-0.701,-0.696,0.973,0.131,0.19,0.193,-0.48,0.856,,,,0.416,0.568,0.71,0.051,-0.515,0.855,,,,0.412,0.492,0.767,0.108,-0.578,0.809,,,,0.289,0.784,0.55,0.348,-0.402,0.847,,,,0.267,-0.474,0.839,0.374,-0.836,-0.403,,,,none
41.173472,0.213,0.681,0.7,0.786,0.408,-0.465,-0.156,-0.701,-0.696,0.985,0.173,-0.016,0.18,-0.641,0.746,,,,0.531,0.662,0.53,0.19,-0.574,0.796,,,,0.574,0.524,0.629,0.213,-0.647,0.732,,,,0.498,0.76,0.418,0.456,-0.44,0.773,,,,0.661,-0.328,0.675,0.517,-0.687,-0.511,,,,none
41.173604,0.179,0.633,0.753,-0.071,0.832,-0.55,-0.156,-0.701,-0.696,0.998,-0.042,-0.054,0.141,-0.895,0.423,,,,0.628,0.543,0.557,0.438,-0.641,0.63,,,,0.65,0.47,0.597,0.401,-0.744,0.535,,,,0.549,0.761,0.345,0.642,-0.494,0.586,,,,0.541,-0.182,0.821,0.861,-0.258,-0.438,,,,none
41.173729,0.103,0.618,0.779,-0.0,0.873,-0.488,0.037,-0.796,-0.604,0.988,-0.028,-0.15,0.15,-0.877,0.456,,,,0.665,0.586,0.464,0.338,-0.694,0.635,,,,0.675,0.523,0.52,0.332,-0.795,0.507,,,,0.532,0.804,0.267,0.57,-0.538,0.621,,,,0.471,-0.154,0.869,0.802,-0.371,-0.469,,,,none
41.174819,0.099,0.612,0.785,0.321,0.728,-0.606,0.037,-0.796,-0.604,0.987,-0.045,-0.154,0.084,-0.903,0.421,,,,0.704,0.541,0.46,0.319,-0.778,0.542,,,,0.725,0.475,0.499,0.296,-0.874,0.385,,,,0.586,0.772,0.247,0.543,-0.634,0.55,,,,0.477,-0.093,0.874,0.828,-0.298,-0.475,,,,none
41.174958,0.082,0.628,0.774,0.224,0.771,-0.597,0.113,-0.818,-0.564,0.989,-0.004,-0.15,0.138,-0.884,0.447,,,,0.696,0.56,0.449,0.272,-0.786,0.555,,,,0.726,0.478,0.494,0.273,-0.896,0.35,,,,0.587,0.771,0.245,0.508,-0.67,0.541,,,,0.509,-0.073,0.857,0.797,-0.266,-0.542,,,,none
41.175094,0.104,0.616,0.781,-0.109,0.833,-0.543,0.126,-0.814,-0.567,0.99,-0.034,-0.14,0.148,-0.978,0.148,,,,0.711,0.53,0.463,0.504,-0.793,0.342,,,,0.734,0.455,0.505,0.529,-0.843,0.098,,,,0.593,0.762,0.258,0.749,-0.572,0.335,,,,0.483,-0.08,0.872,0.85,0.087,-0.52,,,,none
41.218598,0.141,0.563,0.814,0.339,0.941,0.0,0.18,-0.808,-0.561,0.992,-0.015,-0.126,0.514,-0.857,0.034,,,,0.692,0.548,0.469,0.659,-0.462,0.593,,,,0.707,0.481,0.519,0.738,-0.527,0.422,,,,0.553,0.79,0.265,0.771,0.034,0.637,,,,0.426,-0.109,0.898,0.955,0.037,-0.294,,,,none
41.255952,0.146,0.55,0.823,0.339,0.941,0.0,0.172,-0.793,-0.585,0.991,0.009,-0.131,0.766,-0.575,0.287,,,,0.681,0.572,0.457,0.444,-0.111,0.889,,,,0.694,0.51,0.509,0.507,-0.217,0.834,,,,0.526,0.813,0.25,0.427,0.296,0.854,,,,0.386,-0.15,0.91,0.873,-0.374,-0.312,,,,none
41.682835,0.13,0.578,0.806,0.778,0.545,-0.311,0.181,-0.821,-0.541,0.989,-0.027,-0.149,0.419,-0.419,0.806,,,,0.706,0.553,0.442,0.075,-0.3,0.951,,,,0.712,0.498,0.494,0.149,-0.422,0.894,,,,0.547,0.804,0.235,0.214,-0.048,0.976,,,,0.397,-0.159,0.904,0.475,-0.696,-0.538,,,,none
41.682971,0.086,0.611,0.787,0.778,0.437,-0.451,0.181,-0.821,-0.541,0.977,-0.101,-0.189,0.28,-0.436,0.856,,,,0.761,0.502,0.411,-0.0,-0.421,0.907,,,,0.763,0.457,0.457,0.025,-0.525,0.851,,,,0.61,0.766,0.203,0.185,-0.197,0.963,,,,0.436,-0.115,0.892,0.506,-0.729,-0.461,,,,none
41.683096,0.071,0.644,0.762,0.777,0.468,-0.421,0.236,-0.811,-0.536,0.966,-0.138,-0.22,0.202,-0.501,0.842,,,,0.793,0.475,0.382,-0.019,-0.502,0.865,,,,0.795,0.432,0.426,0.009,-0.6,0.8,,,,0.677,0.718,0.159,0.238,-0.238,0.942,,,,0.489,-0.085,0.868,0.575,-0.719,-0.39,,,,none
41.683221,0.002,0.685,0.728,0.73,0.519,-0.444,0.214,-0.809,-0.547,0.955,-0.157,-0.251,0.11,-0.575,0.811,,,,0.828,0.445,0.34,-0.031,-0.577,0.816,,,,0.842,0.393,0.37,-0.0,-0.676,0.737,,,,0.699,0.703,0.13,0.262,-0.32,0.91,,,,0.547,-0.038,0.836,0.656,-0.648,-0.389,,,,none
41.683341,-0.056,0.696,0.715,0.615,0.596,-0.516,0.286,-0.866,-0.411,0.925,-0.178,-0.337,0.0,-0.662,0.75,,,,0.843,0.47,0.263,-0.021,-0.679,0.734,,,,0.842,0.446,0.304,-0.0,-0.776,0.631,,,,0.694,0.718,0.054,0.27,-0.428,0.863,,,,0.547,0.022,0.837,0.721,-0.551,-0.42,,,,none
41.683462,-0.15,0.73,0.667,0.615,0.596,-0.516,0.286,-0.866,-0.411,0.873,-0.261,-0.413,-0.099,-0.721,0.686,,,,0.915,0.364,0.175,-0.023,-0.78,0.625,,,,0.921,0.337,0.197,-0.023,-0.867,0.497,,,,0.774,0.633,-0.012,0.225,-0.594,0.773,,,,0.567,0.118,0.815,0.701,-0.552,-0.452,,,,none
41.683589,-0.251,0.772,0.584,0.553,0.548,-0.627,0.363,-0.875,-0.321,0.849,-0.268,-0.456,-0.123,-0.749,0.651,,,,0.923,0.367,0.116,-0.03,-0.833,0.552,,,,0.927,0.345,0.143,-0.035,-0.911,0.411,,,,0.811,0.58,-0.08,0.214,-0.673,0.708,,,,0.634,0.238,0.736,0.675,-0.545,-0.498,,,,none
41.68459,-0.286,0.791,0.541,0.509,0.559,-0.654,0.363,-0.875,-0.321,0.796,-0.326,-0.511,-0.268,-0.794,0.545,,,,0.955,0.286,0.077,-0.005,-0.912,0.41,,,,0.968,0.24,0.078,-0.026,-0.971,0.238,,,,0.873,0.477,-0.104,0.237,-0.764,0.6,,,,0.687,0.333,0.646,0.693,-0.477,-0.541,,,,none
41.684725,-0.328,0.794,0.512,0.313,0.662,-0.681,0.523,-0.825,-0.214,0.751,-0.368,-0.549,-0.471,-0.796,0.38,,,,0.966,0.253,0.057,-0.049,-0.992,0.117,,,,0.975,0.217,0.046,-0.018,-1.0,-0.006,,,,0.892,0.436,-0.121,0.32,-0.787,0.528,,,,0.702,0.376,0.605,0.741,-0.4,-0.539,,,,none
41.6872,-0.32,0.793,0.519,0.313,0.662,-0.681,0.615,-0.769,-0.173,0.679,-0.365,-0.638,-0.414,-0.891,0.188,,,,0.976,0.208,-0.064,0.192,-0.981,-0.006,,,,0.985,0.162,-0.066,0.209,-0.973,-0.096,,,,0.917,0.361,-0.169,0.363,-0.818,0.447,,,,0.714,0.425,0.556,0.829,-0.299,-0.474,,,,none
41.730961,-0.384,0.786,0.485,-0.006,0.891,-0.454,0.615,-0.769,-0.173,0.707,-0.321,-0.63,-0.182,-0.974,-0.131,,,,0.964,0.265,-0.015,0.617,-0.781,-0.094,,,,0.971,0.239,-0.027,0.618,-0.782,-0.082,,,,0.888,0.43,-0.161,0.679,-0.636,0.366,,,,0.706,0.487,0.514,0.934,-0.108,-0.341,,,,none
41.77684,-0.45,0.733,0.51,-0.153,0.967,-0.202,0.619,-0.779,-0.101,0.759,-0.229,-0.61,-0.108,-0.906,-0.41,,,,0.92,0.392,0.018,0.77,-0.613,-0.181,,,,0.921,0.39,0.03,0.73,-0.644,-0.228,,,,0.801,0.579,-0.155,0.851,-0.497,0.17,,,,0.601,0.501,0.622,0.976,0.063,-0.207,,,,none
42.192917,-0.503,0.695,0.513,-0.32,0.817,-0.48,0.678,-0.731,-0.081,0.735,-0.246,-0.632,-0.036,-0.949,-0.312,,,,0.924,0.382,0.001,0.778,-0.623,0.078,,,,0.928,0.373,-0.002,0.739,-0.673,0.022,,,,0.8,0.579,-0.158,0.76,-0.578,0.297,,,,0.532,0.521,0.668,0.929,0.039,-0.368,,,,none
42.193066,-0.515,0.728,0.453,0.747,0.117,-0.654,0.678,-0.731,-0.081,0.704,-0.236,-0.67,0.121,-0.923,0.364,,,,0.921,0.386,-0.052,0.35,-0.662,0.662,,,,0.924,0.378,-0.048,0.394,-0.737,0.549,,,,0.82,0.53,-0.216,0.284,-0.656,0.699,,,,0.578,0.565,0.589,0.627,-0.305,-0.717,,,,none
42.193194,-0.493,0.739,0.46,0.747,0.117,-0.654,0.71,-0.7,-0.073,0.649,-0.244,-0.721,-0.14,-0.652,0.745,,,,0.932,0.341,-0.125,0.034,-0.707,0.707,,,,0.937,0.327,-0.121,0.14,-0.84,0.525,,,,0.853,0.452,-0.26,0.145,-0.8,0.582,,,,0.627,0.598,0.499,0.235,-0.118,-0.965,,,,none
42.193317,-0.515,0.739,0.434,-0.558,-0.301,-0.773,0.71,-0.7,-0.073,0.609,-0.281,-0.741,-0.894,-0.358,0.268,,,,0.944,0.291,-0.158,-0.446,-0.893,0.064,,,,0.946,0.281,-0.163,-0.408,-0.816,-0.408,,,,0.866,0.41,-0.286,-0.239,-0.958,-0.16,,,,0.629,0.614,0.477,0.182,0.152,-0.971,,,,none
42.193438,-0.525,0.724,0.449,-0.446,-0.064,-0.893,0.698,-0.712,-0.081,0.574,-0.301,-0.761,-0.898,-0.408,-0.163,,,,0.941,0.265,-0.209,-0.398,-0.796,-0.455,,,,0.94,0.265,-0.213,-0.27,-0.595,-0.757,,,,0.857,0.401,-0.323,0.176,-0.88,-0.44,,,,0.616,0.627,0.477,0.414,0.221,-0.883,,,,none
42.193566,-0.539,0.718,0.441,-0.259,0.432,-0.864,0.698,-0.712,-0.081,0.585,-0.292,-0.757,-0.389,-0.874,-0.291,,,,0.938,0.284,-0.197,-0.199,-0.896,-0.398,,,,0.938,0.285,-0.197,-0.047,-0.752,-0.658,,,,0.854,0.411,-0.319,0.386,-0.902,-0.193,,,,0.601,0.637,0.484,0.551,0.184,-0.814,,,,none
42.193689,-0.531,0.711,0.461,-0.19,0.381,-0.905,0.698,-0.712,-0.081,0.574,-0.298,-0.762,-0.239,-0.796,-0.557,,,,0.941,0.268,-0.209,-0.131,-0.743,-0.656,,,,0.939,0.275,-0.208,-0.115,-0.577,-0.808,,,,0.851,0.418,-0.318,0.161,-0.913,-0.376,,,,0.59,0.645,0.486,0.566,0.162,-0.808,,,,none
42.195583,-0.533,0.715,0.454,-0.135,0.496,-0.857,0.698,-0.712,-0.081,0.586,-0.29,-0.757,0.112,-0.953,-0.28,,,,0.939,0.28,-0.202,0.151,-0.956,-0.252,,,,0.938,0.276,-0.209,0.222,-0.844,-0.489,,,,0.853,0.413,-0.318,0.362,-0.931,-0.052,,,,0.585,0.65,0.486,0.613,0.058,-0.788,,,,none
42.195717,-0.534,0.712,0.456,-0.1,0.597,-0.796,0.698,-0.712,-0.081,0.605,-0.275,-0.747,0.114,-0.91,-0.398,,,,0.933,0.31,-0.18,0.164,-0.93,-0.328,,,,0.935,0.306,-0.18,0.33,-0.755,-0.566,,,,0.849,0.433,-0.304,0.361,-0.901,-0.24,,,,0.585,0.654,0.479,0.569,0.122,-0.813,,,,none
42.195852,-0.537,0.705,0.463,-0.423,0.544,-0.725,0.731,-0.678,-0.078,0.613,-0.273,-0.741,-0.316,-0.569,-0.759,,,,0.932,0.315,-0.181,0.0,-0.64,-0.768,,,,0.932,0.314,-0.179,0.161,-0.376,-0.913,,,,0.841,0.447,-0.305,0.0,-0.555,-0.832,,,,0.572,0.657,0.491,0.169,0.507,-0.845,,,,none
42.234935,-0.541,0.698,0.468,-0.924,-0.142,-0.355,0.731,-0.678,-0.078,0.6,-0.296,-0.743,-0.389,-0.291,-0.874,,,,0.936,0.302,-0.181,-0.199,-0.398,-0.896,,,,0.936,0.302,-0.184,0.176,-0.176,-0.968,,,,0.849,0.427,-0.311,-0.331,-0.331,-0.883,,,,0.57,0.661,0.488,-0.298,0.596,-0.745,,,,none
42.272803,-0.539,0.704,0.463,-0.912,-0.228,-0.342,0.733,-0.675,-0.085,0.589,-0.278,-0.759,-0.176,0.176,-0.968,,,,0.927,0.316,-0.202,-0.477,0.191,-0.858,,,,0.928,0.312,-0.204,-0.081,0.242,-0.967,,,,0.841,0.43,-0.329,-0.545,0.182,-0.818,,,,0.578,0.669,0.467,-0.582,0.727,-0.364,,,,none
42.703095,-0.546,0.699,0.462,-0.985,-0.123,0.123,0.733,-0.675,-0.085,0.58,-0.27,-0.769,-0.316,0.053,-0.947,,,,0.922,0.316,-0.223,-0.205,0.102,-0.973,,,,0.923,0.314,-0.224,-0.161,0.201,-0.966,,,,0.835,0.429,-0.344,-0.339,0.194,-0.921,,,,0.581,0.675,0.454,-0.183,0.976,-0.122,,,,none
42.703233,-0.547,0.704,0.452,-0.959,0.28,0.04,0.749,-0.659,-0.068,0.577,-0.273,-0.77,-0.223,-0.112,-0.968,,,,0.915,0.341,-0.214,0.037,0.0,-0.999,,,,0.913,0.361,-0.192,-0.053,0.134,-0.99,,,,0.824,0.474,-0.311,-0.207,0.089,-0.974,,,,0.589,0.676,0.443,0.304,0.95,0.076,,,,none
42.703363,-0.546,0.695,0.468,-0.959,0.28,0.04,0.732,-0.675,-0.092,0.581,-0.265,-0.769,-0.206,-0.118,-0.971,,,,0.913,0.353,-0.203,-0.219,0.04,-0.975,,,,0.91,0.369,-0.188,-0.335,0.112,-0.936,,,,0.809,0.505,-0.302,-0.564,0.102,-0.82,,,,0.581,0.678,0.451,0.414,0.853,0.317,,,,none
42.703486,-0.534,0.699,0.476,-0.92,0.381,-0.095,0.726,-0.681,-0.102,0.59,-0.273,-0.76,0.07,-0.209,-0.975,,,,0.918,0.344,-0.199,-0.277,-0.085,-0.957,,,,0.909,0.377,-0.177,-0.409,0.118,-0.905,,,,0.804,0.519,-0.289,-0.639,0.019,-0.769,,,,0.577,0.672,0.463,0.578,0.697,0.425,,,,none
42.703619,-0.545,0.689,0.478,-0.928,0.371,0.0,0.726,-0.681,-0.102,0.57,-0.303,-0.764,0.54,-0.159,-0.826,,,,0.917,0.349,-0.192,-0.301,-0.05,-0.952,,,,0.892,0.427,-0.151,-0.441,0.161,-0.883,,,,0.775,0.587,-0.234,-0.691,0.032,-0.723,,,,0.596,0.682,0.424,0.664,0.62,0.418,,,,none
42.703739,-0.517,0.708,0.481,-0.73,0.682,0.049,0.726,-0.681,-0.102,0.552,-0.301,-0.777,0.848,-0.184,-0.498,,,,0.916,0.317,-0.246,-0.16,-0.08,-0.984,,,,0.894,0.395,-0.21,-0.452,0.148,-0.88,,,,0.794,0.535,-0.288,-0.707,0.023,-0.707,,,,0.597,0.703,0.386,0.797,0.534,0.281,,,,none
42.70386,-0.564,0.682,0.466,-0.774,0.633,-0.0,0.726,-0.681,-0.102,0.52,-0.345,-0.781,0.977,-0.099,-0.189,,,,0.916,0.294,-0.274,0.922,-0.208,-0.327,,,,0.874,0.441,-0.204,-0.341,0.133,-0.931,,,,0.731,0.646,-0.219,-0.699,0.051,-0.714,,,,0.547,0.74,0.392,0.903,0.428,-0.046,,,,none
42.704906,-0.579,0.646,0.497,-0.432,0.802,-0.412,0.728,-0.676,-0.113,0.525,-0.388,-0.757,0.999,-0.005,-0.043,,,,0.914,0.185,-0.361,0.687,-0.416,0.596,,,,0.872,0.454,-0.182,-0.352,0.117,-0.929,,,,0.713,0.677,-0.18,-0.75,0.059,-0.659,,,,0.509,0.785,0.354,0.934,0.292,-0.204,,,,none
42.705031,-0.598,0.652,0.466,-0.492,0.787,-0.374,0.746,-0.656,-0.117,0.541,-0.408,-0.735,0.995,0.003,0.102,,,,0.891,0.208,-0.404,0.607,-0.372,0.702,,,,0.818,0.557,-0.145,-0.483,0.039,-0.875,,,,0.681,0.692,-0.239,-0.763,0.065,-0.643,,,,0.474,0.806,0.354,0.901,0.263,-0.345,,,,none
42.70516,-0.622,0.609,0.493,-0.193,0.56,-0.806,0.746,-0.656,-0.117,0.682,-0.351,-0.641,0.986,-0.007,0.169,,,,0.883,0.352,-0.31,0.713,-0.128,0.689,,,,0.795,0.595,-0.119,-0.336,0.257,-0.906,,,,0.65,0.742,-0.164,-0.791,0.063,-0.609,,,,0.441,0.846,0.3,0.867,0.287,-0.408,,,,none
42.733715,-0.667,0.608,0.431,-0.608,0.228,-0.76,0.774,-0.629,-0.074,0.649,-0.517,-0.558,0.97,-0.081,0.228,,,,0.913,0.357,-0.197,0.741,-0.102,0.663,,,,0.767,0.629,-0.123,-0.351,0.108,-0.93,,,,0.611,0.781,-0.127,-0.718,0.123,-0.685,,,,0.402,0.865,0.3,0.809,0.26,-0.526,,,,none
42.776411,-0.645,0.591,0.485,-0.608,0.228,-0.76,0.776,-0.621,-0.113,0.6,-0.6,-0.529,-0.679,-0.679,-0.277,,,,0.945,0.149,-0.291,-0.0,-0.832,-0.555,,,,0.78,0.616,-0.112,-0.202,0.202,-0.958,,,,0.615,0.781,-0.107,-0.688,0.142,-0.712,,,,0.396,0.879,0.265,0.779,0.221,-0.587,,,,none
43.212631,-0.637,0.603,0.48,0.048,0.775,-0.63,0.786,-0.611,-0.089,0.538,-0.587,-0.605,-0.911,-0.337,-0.236,,,,0.908,0.043,-0.418,-0.498,-0.311,-0.809,,,,0.772,0.617,-0.153,0.025,0.225,-0.974,,,,0.595,0.798,-0.101,-0.641,0.285,-0.712,,,,0.393,0.899,0.193,0.786,0.202,-0.584,,,,none
43.212788,-0.658,0.588,0.471,-0.085,0.854,-0.513,0.774,-0.617,-0.141,0.545,-0.572,-0.613,-0.917,-0.335,-0.217,,,,0.932,0.104,-0.346,-0.576,-0.192,-0.794,,,,0.759,0.643,-0.106,0.523,0.224,-0.822,,,,0.585,0.807,-0.082,0.845,-0.169,0.507,,,,0.378,0.908,0.183,0.704,-0.503,-0.503,,,,none
43.212913,-0.645,0.597,0.476,0.817,0.516,-0.258,0.774,-0.617,-0.141,0.589,-0.469,-0.658,-0.958,-0.154,-0.242,,,,0.9,0.104,-0.423,-0.629,-0.072,-0.774,,,,0.759,0.644,-0.097,0.669,0.526,-0.526,,,,0.566,0.823,-0.057,0.816,-0.408,0.408,,,,0.395,0.906,0.155,-0.241,-0.963,-0.12,,,,none
43.213038,-0.652,0.595,0.47,-0.0,0.447,-0.894,0.792,-0.601,-0.104,0.527,-0.441,-0.727,-0.965,-0.109,-0.238,,,,0.906,0.201,-0.373,-0.606,0.02,-0.795,,,,0.747,0.657,-0.104,0.54,0.79,-0.291,,,,0.582,0.811,-0.068,0.64,0.768,-0.0,,,,0.401,0.901,0.165,-0.846,-0.325,0.423,,,,none
43.213162,-0.639,0.604,0.476,-0.992,0.124,0.0,0.792,-0.601,-0.104,0.523,-0.383,-0.761,-0.946,-0.12,-0.301,,,,0.86,0.365,-0.356,-0.667,-0.024,-0.744,,,,0.715,0.687,-0.129,0.5,0.639,-0.584,,,,0.573,0.813,-0.102,0.66,0.66,-0.36,,,,0.389,0.909,0.151,-0.902,-0.021,0.431,,,,none
43.213301,-0.644,0.593,0.483,-0.983,0.0,-0.182,0.792,-0.601,-0.104,0.526,-0.324,-0.786,-0.913,-0.146,-0.38,,,,0.849,0.321,-0.419,-0.557,0.099,-0.824,,,,0.713,0.691,-0.117,0.449,0.366,-0.815,,,,0.552,0.83,-0.077,0.46,0.431,-0.776,,,,0.385,0.905,0.18,-0.995,0.09,0.036,,,,none
43.21343,-0.644,0.577,0.501,-0.938,-0.166,-0.304,0.792,-0.601,-0.104,0.524,-0.335,-0.783,-0.919,-0.145,-0.367,,,,0.853,0.328,-0.406,-0.457,0.165,-0.874,,,,0.724,0.678,-0.129,0.438,0.105,-0.893,,,,0.547,0.832,-0.089,0.352,0.163,-0.922,,,,0.394,0.897,0.199,-0.985,0.164,-0.062,,,,none
43.214652,-0.644,0.576,0.503,-0.938,-0.166,-0.304,0.805,-0.578,-0.131,0.537,-0.263,-0.801,-0.923,-0.236,-0.304,,,,0.801,0.499,-0.332,-0.392,0.182,-0.902,,,,0.667,0.737,-0.112,0.357,0.0,-0.934,,,,0.526,0.845,-0.098,0.342,0.0,-0.94,,,,0.401,0.893,0.206,-0.987,0.144,-0.072,,,,none
43.214797,-0.647,0.562,0.516,-0.855,0.0,-0.519,0.805,-0.578,-0.131,0.484,-0.177,-0.857,-0.94,-0.227,-0.254,,,,0.765,0.525,-0.374,-0.224,0.209,-0.952,,,,0.628,0.768,-0.125,0.212,-0.032,-0.977,,,,0.497,0.862,-0.099,0.211,0.019,-0.977,,,,0.402,0.892,0.207,-0.959,0.268,-0.089,,,,none
43.21493,-0.671,0.538,0.511,-0.84,0.14,-0.525,0.805,-0.578,-0.131,0.505,-0.077,-0.86,-0.928,-0.209,-0.308,,,,0.657,0.673,-0.339,-0.138,0.142,-0.98,,,,0.565,0.815,-0.125,0.054,0.02,-0.998,,,,0.494,0.863,-0.109,0.0,0.054,-0.999,,,,0.423,0.873,0.242,-0.938,0.343,0.054,,,,none
43.24341,-0.655,0.532,0.537,-0.863,0.263,-0.432,0.812,-0.558,-0.17,0.471,0.005,-0.882,-0.922,-0.177,-0.345,,,,0.702,0.628,-0.336,-0.024,0.052,-0.998,,,,0.621,0.773,-0.128,0.046,0.103,-0.994,,,,0.484,0.871,-0.085,-0.156,0.089,-0.984,,,,0.445,0.859,0.253,-0.756,0.366,0.543,,,,none
43.287637,-0.687,0.525,0.503,-0.75,0.659,0.045,0.815,-0.554,-0.169,0.506,-0.027,-0.862,-0.918,-0.192,-0.346,,,,0.657,0.723,-0.214,-0.012,0.057,-0.998,,,,0.567,0.821,-0.065,-0.061,0.138,-0.989,,,,0.498,0.866,-0.038,-0.476,0.089,-0.875,,,,0.42,0.85,0.319,-0.672,0.18,0.719,,,,none
43.722863,-0.668,0.533,0.519,-0.713,0.627,0.314,0.826,-0.535,-0.177,0.481,0.103,-0.87,-0.894,-0.15,-0.423,,,,0.572,0.789,-0.224,0.025,0.128,-0.991,,,,0.517,0.853,-0.078,-0.154,0.247,-0.957,,,,0.425,0.905,-0.031,-0.618,0.373,-0.692,,,,0.479,0.821,0.311,-0.771,0.144,0.62,,,,none
43.72308,-0.671,0.512,0.536,-0.894,0.305,0.327,0.826,-0.535,-0.177,0.456,0.298,-0.839,-0.892,-0.076,-0.446,,,,0.506,0.834,-0.22,0.013,0.175,-0.984,,,,0.469,0.881,-0.065,-0.205,0.258,-0.944,,,,0.415,0.91,-0.009,-0.661,0.315,-0.682,,,,0.461,0.801,0.381,-0.766,0.159,0.622,,,,none
43.723209,-0.677,0.514,0.526,-0.923,0.198,0.33,0.822,-0.545,-0.165,0.432,0.394,-0.811,-0.855,-0.025,-0.518,,,,0.408,0.886,-0.221,0.018,0.212,-0.977,,,,0.361,0.931,-0.041,-0.251,0.292,-0.923,,,,0.347,0.938,0.019,-0.689,0.397,-0.606,,,,0.451,0.772,0.448,-0.911,0.045,0.411,,,,none
43.723339,-0.683,0.494,0.538,-0.923,0.198,0.33,0.82,-0.541,-0.185,0.422,0.402,-0.812,-0.81,0.019,-0.587,,,,0.368,0.898,-0.242,-0.005,0.229,-0.973,,,,0.351,0.934,-0.06,-0.286,0.31,-0.907,,,,0.359,0.933,-0.021,-0.697,0.312,-0.645,,,,0.51,0.755,0.412,-0.951,0.075,0.299,,,,none
43.723458,-0.676,0.499,0.543,-0.867,0.473,0.158,0.82,-0.548,-0.163,0.44,0.393,-0.807,-0.72,0.092,-0.688,,,,0.417,0.88,-0.228,0.022,0.261,-0.965,,,,0.402,0.911,-0.091,-0.256,0.36,-0.897,,,,0.429,0.903,-0.014,-0.744,0.341,-0.574,,,,0.512,0.732,0.449,-0.987,-0.15,0.062,,,,none
43.72359,-0.683,0.512,0.521,-0.188,0.878,0.439,0.82,-0.548,-0.163,0.37,0.56,-0.741,-0.668,0.095,-0.738,,,,0.272,0.924,-0.269,0.055,0.277,-0.959,,,,0.281,0.957,-0.068,-0.252,0.359,-0.899,,,,0.33,0.944,0.021,-0.856,0.269,-0.44,,,,0.533,0.715,0.453,-0.945,-0.325,0.031,,,,none
43.723712,-0.681,0.504,0.531,0.124,0.99,0.062,0.816,-0.566,-0.119,0.376,0.517,-0.769,-0.508,0.161,-0.846,,,,0.284,0.918,-0.277,0.141,0.412,-0.9,,,,0.29,0.955,-0.066,-0.116,0.482,-0.868,,,,0.329,0.944,0.024,-0.709,0.203,-0.675,,,,0.525,0.717,0.459,-0.883,-0.395,-0.255,,,,none
43.724866,-0.68,0.504,0.533,0.197,0.935,-0.295,0.808,-0.566,-0.163,0.303,0.466,-0.831,0.661,-0.323,-0.677,,,,0.303,0.888,-0.345,0.756,0.363,-0.544,,,,0.216,0.973,-0.08,0.49,0.054,-0.87,,,,0.204,0.975,0.085,-0.497,-0.348,-0.795,,,,0.496,0.692,0.525,-0.583,-0.74,-0.336,,,,none
43.725011,-0.688,0.513,0.514,0.979,0.113,-0.169,0.83,-0.543,-0.128,0.339,0.566,-0.752,0.946,-0.313,0.082,,,,0.241,0.929,-0.28,0.498,-0.184,0.848,,,,0.246,0.969,-0.025,0.614,-0.647,0.453,,,,0.251,0.963,0.1,-0.361,-0.488,-0.795,,,,0.531,0.699,0.479,-0.63,-0.709,-0.315,,,,none
43.725131,-0.685,0.53,0.5,0.957,0.141,-0.253,0.812,-0.568,-0.136,0.358,0.484,-0.798,0.955,-0.132,0.265,,,,0.437,0.858,-0.269,0.191,-0.11,0.975,,,,0.315,0.946,-0.075,0.538,-0.404,0.74,,,,0.132,0.984,0.121,-0.327,-0.136,-0.935,,,,0.513,0.687,0.515,-0.749,-0.584,-0.314,,,,none
43.746224,-0.701,0.501,0.507,0.991,-0.037,-0.128,0.812,-0.568,-0.136,0.216,0.668,-0.713,0.942,-0.199,0.269,,,,0.411,0.858,-0.309,0.049,-0.061,0.997,,,,0.544,0.828,-0.134,0.334,-0.148,0.931,,,,0.145,0.989,0.04,-0.103,-0.135,-0.985,,,,0.535,0.681,0.499,-0.769,-0.598,-0.224,,,,none
43.792054,-0.686,0.531,0.497,0.991,0.076,-0.114,0.827,-0.551,-0.11,0.254,0.621,-0.741,0.947,-0.194,0.255,,,,0.454,0.851,-0.263,0.014,0.044,0.999,,,,0.629,0.75,-0.204,0.198,-0.151,0.968,,,,0.301,0.953,0.013,0.277,-0.304,-0.912,,,,0.557,0.677,0.481,-0.846,-0.512,-0.146,,,,none
44.232798,-0.675,0.562,0.478,0.983,0.101,-0.151,0.827,-0.551,-0.11,0.273,0.533,-0.801,0.967,0.1,0.233,,,,0.403,0.866,-0.295,0.061,0.083,0.995,,,,0.59,0.744,-0.314,0.327,-0.314,0.891,,,,0.341,0.939,-0.046,0.776,-0.546,-0.316,,,,0.601,0.668,0.44,-0.885,-0.442,-0.147,,,,none
44.232936,-0.646,0.574,0.504,0.344,0.903,0.258,0.815,-0.575,-0.074,0.366,0.401,-0.84,0.935,0.355,0.016,,,,0.281,0.914,-0.292,0.223,0.079,0.972,,,,0.362,0.929,-0.071,0.484,-0.385,0.786,,,,0.774,0.597,-0.212,0.475,0.181,0.861,,,,0.661,0.668,0.342,-0.441,-0.882,0.165,,,,none
44.233071,-0.674,0.586,0.45,-0.76,0.627,0.169,0.815,-0.575,-0.074,0.4,0.309,-0.863,0.934,0.147,0.325,,,,0.516,0.803,-0.297,0.507,0.092,0.857,,,,0.403,0.915,-0.026,0.823,-0.189,0.536,,,,0.663,0.699,-0.267,0.336,0.195,0.922,,,,0.646,0.675,0.357,0.734,0.542,0.409,,,,none
44.233198,-0.711,0.542,0.448,-0.747,0.567,0.348,0.825,-0.555,-0.108,0.583,0.451,-0.676,0.852,0.319,0.415,,,,0.325,0.946,0.019,0.44,0.518,0.733,,,,0.532,0.846,0.032,0.538,0.7,-0.47,,,,0.138,0.945,-0.298,0.561,0.013,0.827,,,,0.629,0.771,0.1,0.739,0.656,-0.153,,,,none
44.233332,-0.58,0.63,0.517,-0.985,-0.075,0.158,0.806,-0.572,-0.155,0.38,0.467,-0.799,0.53,0.735,0.423,,,,0.604,0.658,-0.45,0.444,0.835,-0.325,,,,0.622,0.681,-0.385,0.343,0.586,-0.734,,,,0.095,0.992,0.082,0.888,0.072,0.455,,,,0.32,0.943,-0.091,0.875,0.417,-0.247,,,,none
44.233462,-0.86,0.35,0.371,-0.936,0.045,-0.349,0.806,-0.572,-0.155,0.411,0.252,-0.876,0.152,0.963,-0.224,,,,0.81,0.49,-0.322,0.661,0.573,-0.485,,,,0.761,0.532,-0.371,0.75,0.381,-0.541,,,,0.509,0.854,-0.106,0.975,0.214,0.065,,,,0.067,0.905,0.42,0.809,0.373,-0.454,,,,none
44.233596,-0.788,0.24,0.567,-0.937,-0.143,-0.318,0.843,-0.476,-0.251,0.419,0.358,-0.834,-0.474,0.685,-0.554,,,,0.659,0.655,-0.369,0.673,0.732,-0.106,,,,0.702,0.592,-0.396,0.912,0.056,0.405,,,,0.496,0.832,-0.248,0.93,0.364,0.052,,,,0.08,0.9,0.428,0.66,0.354,-0.662,,,,none
44.234671,-0.76,0.322,0.565,-0.797,-0.505,-0.332,0.843,-0.476,-0.251,0.587,0.391,-0.709,-0.517,0.503,-0.692,,,,0.476,0.838,-0.267,0.161,0.562,-0.812,,,,0.649,0.706,-0.284,0.845,0.052,0.532,,,,0.549,0.758,-0.352,0.981,0.043,0.192,,,,0.03,0.967,0.253,0.443,0.271,-0.854,,,,none
44.234801,-0.762,0.254,0.595,-0.824,-0.527,-0.209,0.833,-0.426,-0.353,0.661,0.254,-0.706,-0.708,0.492,-0.508,,,,0.442,0.884,-0.151,-0.337,0.281,-0.899,,,,0.422,0.904,0.062,-0.515,0.644,-0.566,,,,0.58,0.778,-0.24,0.922,0.199,0.334,,,,0.03,0.984,0.178,0.248,0.06,-0.967,,,,none
44.234934,-0.666,0.233,0.709,-0.26,-0.964,-0.056,0.819,-0.391,-0.419,0.158,0.121,-0.98,-0.981,-0.01,-0.194,,,,0.433,0.879,-0.199,-0.625,0.037,-0.78,,,,0.464,0.875,-0.136,-0.67,0.408,-0.62,,,,0.493,0.853,-0.173,-0.23,0.972,0.041,,,,-0.008,0.998,0.064,0.063,-0.115,-0.991,,,,none
44.245381,-0.681,0.194,0.706,-0.171,-0.984,-0.052,0.811,-0.418,-0.41,0.43,0.4,-0.81,-0.705,-0.474,-0.527,,,,0.411,0.848,-0.335,-0.507,0.069,-0.859,,,,0.493,0.844,-0.213,-0.6,0.345,-0.722,,,,0.307,0.947,0.096,-0.848,0.254,-0.466,,,,-0.05,0.996,0.079,-0.16,-0.662,-0.732,,,,none
44.290488,-0.606,0.322,0.727,0.973,-0.228,-0.024,0.804,-0.42,-0.42,0.555,0.628,-0.545,-0.184,-0.642,-0.744,,,,0.467,0.809,-0.357,-0.36,0.039,-0.932,,,,0.509,0.784,-0.354,-0.507,0.251,-0.825,,,,0.49,0.791,-0.367,-0.872,0.256,-0.417,,,,-0.045,0.999,-0.028,-0.355,-0.806,0.473,,,,none
44.742862,-0.636,0.305,0.709,0.875,0.477,0.08,0.804,-0.42,-0.42,0.465,0.67,-0.579,0.25,-0.642,-0.725,,,,0.455,0.829,-0.325,0.004,0.015,-1.0,,,,0.497,0.814,-0.301,-0.241,0.19,-0.952,,,,0.47,0.801,-0.371,-0.818,0.197,-0.54,,,,0.051,0.986,0.158,-0.445,-0.298,0.844,,,,none
44.743033,-0.665,0.289,0.689,0.754,0.588,0.294,0.822,-0.459,-0.338,0.417,0.664,-0.62,0.659,-0.711,-0.246,,,,0.404,0.894,-0.194,0.266,-0.104,-0.959,,,,0.469,0.877,-0.101,-0.019,-0.014,-1.0,,,,0.572,0.768,-0.287,-0.809,0.095,-0.58,,,,-0.041,0.986,0.159,-0.529,-0.216,0.821,,,,none
44.743179,-0.645,0.418,0.64,0.754,0.588,0.294,0.795,-0.488,-0.36,0.359,0.686,-0.633,0.83,-0.556,-0.041,,,,0.241,0.945,-0.222,0.606,-0.318,-0.729,,,,0.315,0.948,-0.035,0.16,-0.191,-0.969,,,,0.448,0.892,-0.057,-0.692,-0.012,-0.722,,,,0.098,0.979,0.176,-0.59,-0.15,0.794,,,,none
44.743308,-0.687,0.352,0.636,0.726,0.607,0.325,0.795,-0.488,-0.36,0.389,0.599,-0.7,0.892,-0.431,0.134,,,,0.366,0.913,-0.177,0.836,-0.435,0.334,,,,0.345,0.931,-0.115,0.723,-0.66,-0.203,,,,0.333,0.943,-0.013,-0.42,-0.232,-0.877,,,,0.162,0.927,0.338,-0.665,-0.176,0.726,,,,none
44.743429,-0.698,0.417,0.581,0.806,0.426,0.411,0.814,-0.514,-0.27,0.332,0.61,-0.719,0.913,-0.383,0.138,,,,0.371,0.877,-0.304,0.467,-0.33,0.82,,,,0.283,0.952,-0.115,0.687,-0.514,0.514,,,,0.248,0.968,0.033,-0.213,-0.264,-0.941,,,,0.18,0.903,0.391,-0.716,-0.223,0.661,,,,none
44.743555,-0.67,0.472,0.573,0.98,0.117,0.162,0.814,-0.514,-0.27,0.329,0.481,-0.813,0.963,-0.226,0.149,,,,0.39,0.898,-0.203,0.24,-0.244,0.94,,,,0.43,0.889,-0.156,0.606,-0.32,0.729,,,,0.279,0.96,0.0,0.103,-0.315,-0.944,,,,0.284,0.881,0.379,-0.804,-0.284,0.523,,,,none
44.743684,-0.669,0.494,0.555,0.942,0.288,-0.17,0.814,-0.514,-0.27,0.306,0.518,-0.799,0.978,-0.136,0.16,,,,0.378,0.898,-0.224,0.204,-0.072,0.976,,,,0.433,0.889,-0.148,0.451,-0.195,0.871,,,,0.336,0.942,-0.02,0.521,-0.552,-0.651,,,,0.457,0.812,0.363,-0.806,-0.338,0.485,,,,none
44.74461,-0.693,0.494,0.525,0.507,0.858,0.078,0.796,-0.579,-0.176,0.311,0.609,-0.729,0.989,0.014,0.146,,,,0.418,0.864,-0.282,0.233,0.03,0.972,,,,0.459,0.864,-0.207,0.362,-0.242,0.9,,,,0.338,0.941,0.016,0.855,-0.513,0.07,,,,0.483,0.747,0.457,-0.873,-0.339,0.349,,,,none
44.744748,-0.681,0.48,0.553,0.067,0.94,-0.336,0.796,-0.576,-0.183,0.455,0.309,-0.835,0.932,0.23,0.28,,,,0.506,0.81,-0.297,0.253,0.006,0.967,,,,0.543,0.771,-0.334,0.387,-0.322,0.864,,,,0.56,0.802,-0.208,0.726,-0.152,0.671,,,,0.504,0.707,0.496,-0.965,-0.263,0.022,,,,none
44.744886,-0.668,0.527,0.525,-0.116,0.349,0.93,0.796,-0.576,-0.183,0.413,0.29,-0.864,0.851,0.321,0.415,,,,0.565,0.739,-0.366,0.383,-0.03,0.923,,,,0.543,0.779,-0.313,0.564,-0.319,0.762,,,,0.53,0.794,-0.297,0.586,0.049,0.809,,,,0.544,0.706,0.453,-0.152,0.912,-0.38,,,,none
44.757536,-0.688,0.515,0.512,-0.901,0.15,0.407,0.806,-0.566,-0.172,0.332,0.122,-0.935,0.938,0.201,0.284,,,,0.486,0.796,-0.361,0.462,0.017,0.887,,,,0.465,0.859,-0.214,0.701,-0.255,0.666,,,,0.316,0.94,-0.129,0.622,0.046,0.782,,,,0.549,0.716,0.432,0.726,0.679,0.11,,,,none
44.798687,-0.69,0.493,0.529,-0.901,0.15,0.407,0.798,-0.577,-0.173,0.319,-0.071,-0.945,0.982,0.182,0.055,,,,0.696,0.517,-0.498,0.629,-0.0,0.778,,,,0.591,0.648,-0.481,0.821,-0.138,0.554,,,,0.279,0.956,-0.095,0.657,0.1,0.747,,,,0.512,0.779,0.363,0.884,0.465,0.046,,,,none
45.252943,-0.731,0.455,0.508,-0.676,0.709,-0.198,0.815,-0.558,-0.158,0.375,-0.09,-0.923,0.996,0.084,0.014,,,,0.731,0.508,-0.455,0.678,-0.073,0.731,,,,0.631,0.621,-0.465,0.865,-0.12,0.487,,,,0.411,0.888,-0.204,0.746,0.11,0.657,,,,0.425,0.857,0.291,0.963,0.25,-0.102,,,,none
45.253089,-0.704,0.509,0.495,-0.676,0.709,-0.198,0.792,-0.578,-0.198,0.441,-0.094,-0.893,0.983,0.162,-0.081,,,,0.754,0.482,-0.446,0.726,-0.058,0.685,,,,0.656,0.586,-0.476,0.934,0.068,0.35,,,,0.423,0.875,-0.234,0.836,0.179,0.518,,,,0.213,0.962,0.17,0.892,0.186,-0.412,,,,none
45.253238,-0.737,0.401,0.544,-0.811,0.109,-0.574,0.84,-0.505,-0.199,0.457,-0.13,-0.88,0.623,0.623,-0.474,,,,0.801,0.393,-0.452,0.789,0.091,0.607,,,,0.711,0.486,-0.509,0.837,0.545,0.058,,,,0.507,0.814,-0.282,0.986,-0.0,0.164,,,,0.068,0.96,0.272,0.752,0.164,-0.639,,,,none
45.253366,-0.79,0.295,0.537,-0.753,-0.188,-0.631,0.84,-0.505,-0.199,0.445,-0.133,-0.886,-0.583,0.624,-0.52,,,,0.796,0.378,-0.473,-0.529,0.471,-0.706,,,,0.703,0.486,-0.519,0.061,0.936,-0.346,,,,0.534,0.81,-0.241,0.414,0.644,-0.644,,,,0.14,0.953,0.27,0.649,0.176,-0.74,,,,none
45.253502,-0.732,0.37,0.572,-0.753,-0.188,-0.631,0.869,-0.442,-0.223,0.473,-0.068,-0.879,-0.858,0.434,-0.275,,,,0.77,0.43,-0.471,-0.672,0.262,-0.693,,,,0.678,0.527,-0.512,-0.549,0.695,-0.464,,,,0.511,0.818,-0.263,-0.524,0.751,-0.402,,,,0.068,0.987,0.142,0.513,0.132,-0.848,,,,none
45.253631,-0.742,0.328,0.585,-0.599,-0.599,-0.531,0.869,-0.442,-0.223,0.503,0.003,-0.864,-0.916,0.305,-0.262,,,,0.734,0.534,-0.419,-0.581,0.137,-0.803,,,,0.685,0.578,-0.445,-0.656,0.424,-0.625,,,,0.539,0.775,-0.331,-0.671,0.524,-0.524,,,,-0.089,0.996,0.01,0.372,0.035,-0.927,,,,none
45.25376,-0.741,0.264,0.617,-0.614,-0.508,-0.604,0.868,-0.418,-0.269,0.509,0.037,-0.86,-0.892,0.41,-0.188,,,,0.529,0.803,-0.274,-0.502,0.149,-0.852,,,,0.519,0.818,-0.249,-0.652,0.269,-0.709,,,,0.551,0.773,-0.315,-0.476,0.645,-0.599,,,,-0.106,0.993,-0.061,0.288,-0.037,-0.957,,,,none
45.254835,-0.734,0.266,0.625,-0.656,-0.687,-0.312,0.857,-0.408,-0.314,0.519,0.107,-0.848,-0.923,0.316,-0.221,,,,0.607,0.719,-0.338,-0.443,0.144,-0.885,,,,0.559,0.767,-0.315,-0.579,0.287,-0.763,,,,0.451,0.875,-0.174,-0.469,0.534,-0.703,,,,-0.181,0.978,-0.106,0.201,-0.018,-0.98,,,,none
45.254975,-0.709,0.241,0.663,-0.813,-0.565,-0.141,0.857,-0.408,-0.314,0.545,0.15,-0.825,-0.934,0.313,-0.17,,,,0.703,0.622,-0.345,-0.409,0.155,-0.899,,,,0.665,0.651,-0.366,-0.538,0.276,-0.796,,,,0.521,0.83,-0.199,-0.605,0.393,-0.693,,,,-0.281,0.952,-0.117,0.123,-0.023,-0.992,,,,none
45.255109,-0.705,0.26,0.66,-0.888,-0.444,0.117,0.857,-0.408,-0.314,0.546,0.102,-0.832,-0.916,0.37,-0.155,,,,0.59,0.76,-0.271,-0.376,0.188,-0.908,,,,0.568,0.784,-0.252,-0.524,0.263,-0.81,,,,0.478,0.871,-0.114,-0.674,0.343,-0.654,,,,-0.235,0.956,-0.174,-0.192,0.266,-0.945,,,,none
45.266849,-0.704,0.246,0.666,-0.83,0.069,0.553,0.857,-0.408,-0.314,0.582,0.301,-0.755,-0.878,0.456,-0.146,,,,0.474,0.856,-0.207,-0.314,0.259,-0.913,,,,0.505,0.847,-0.166,-0.482,0.308,-0.82,,,,0.529,0.828,-0.186,-0.749,0.296,-0.593,,,,-0.127,0.977,-0.169,-0.634,0.61,0.476,,,,none
45.305463,-0.728,0.237,0.643,-0.37,0.494,0.787,0.857,-0.408,-0.314,0.425,0.346,-0.836,-0.905,0.303,-0.298,,,,0.476,0.834,-0.279,-0.196,0.335,-0.922,,,,0.447,0.863,-0.234,-0.396,0.402,-0.825,,,,0.455,0.854,-0.252,-0.795,0.302,-0.526,,,,-0.136,0.984,-0.116,-0.401,0.341,0.85,,,,none
45.344799,-0.742,0.209,0.637,-0.036,0.759,0.65,0.857,-0.408,-0.314,0.518,0.412,-0.75,-0.893,0.035,-0.449,,,,0.353,0.902,-0.247,0.018,0.28,-0.96,,,,0.342,0.923,-0.176,-0.255,0.352,-0.901,,,,0.441,0.893,-0.09,-0.789,0.254,-0.56,,,,-0.1,0.993,-0.06,-0.323,0.219,0.921,,,,none
45.761858,-0.737,0.264,0.622,0.065,0.554,0.83,0.828,-0.444,-0.344,0.538,0.38,-0.752,-0.804,-0.11,-0.584,,,,0.367,0.923,-0.114,-0.056,0.361,-0.931,,,,0.334,0.942,-0.027,-0.316,0.455,-0.833,,,,0.392,0.92,0.031,-0.855,0.38,-0.352,,,,-0.088,0.996,-0.014,-0.361,0.16,0.919,,,,none
45.762083,-0.751,0.25,0.611,0.301,0.264,0.916,0.817,-0.466,-0.339,0.553,0.456,-0.697,-0.695,-0.299,-0.654,,,,0.176,0.973,-0.151,-0.809,0.309,-0.5,,,,0.117,0.993,-0.002,-0.808,0.439,-0.393,,,,0.284,0.957,0.054,-0.973,0.216,0.081,,,,0.05,0.999,0.014,-0.439,0.055,0.897,,,,none
45.762214,-0.713,0.342,0.612,0.301,0.264,0.916,0.819,-0.476,-0.321,0.467,0.527,-0.71,-0.543,-0.504,-0.672,,,,0.155,0.984,-0.09,-0.883,-0.21,0.42,,,,0.102,0.993,0.062,-0.787,0.131,0.603,,,,0.318,0.944,0.093,-0.963,0.08,0.257,,,,0.121,0.986,0.117,-0.497,0.022,0.867,,,,none
45.762338,-0.592,0.346,0.728,0.645,-0.01,0.764,0.797,-0.528,-0.293,0.548,0.447,-0.707,0.379,-0.912,-0.154,,,,0.237,0.967,-0.089,-0.547,-0.392,0.739,,,,0.151,0.988,0.029,-0.247,-0.383,0.89,,,,0.343,0.933,0.11,-0.724,-0.362,0.588,,,,0.263,0.954,0.14,-0.553,0.056,0.831,,,,none
45.762466,-0.702,0.424,0.572,0.645,-0.01,0.764,0.775,-0.564,-0.286,0.471,0.598,-0.648,0.64,-0.767,0.046,,,,0.136,0.988,-0.074,-0.498,-0.391,0.774,,,,0.125,0.989,0.08,-0.175,-0.456,0.873,,,,0.351,0.921,0.169,-0.601,-0.447,0.663,,,,0.389,0.904,0.179,-0.561,-0.02,0.828,,,,none
45.762621,-0.708,0.447,0.546,0.829,-0.031,0.558,0.751,-0.625,-0.215,0.461,0.566,-0.683,0.696,-0.707,0.125,,,,0.225,0.972,-0.062,-0.503,-0.449,0.739,,,,0.202,0.977,0.065,-0.203,-0.475,0.856,,,,0.338,0.93,0.145,-0.598,-0.359,0.717,,,,0.404,0.852,0.333,-0.593,-0.199,0.78,,,,none
45.762745,-0.699,0.49,0.522,0.829,-0.031,0.558,0.735,-0.63,-0.25,0.426,0.561,-0.71,0.744,-0.572,0.345,,,,0.199,0.976,-0.09,-0.4,-0.51,0.761,,,,0.174,0.983,0.062,-0.138,-0.512,0.848,,,,0.259,0.952,0.161,-0.585,-0.561,0.585,,,,0.48,0.812,0.332,-0.733,-0.339,0.59,,,,none
45.763996,-0.627,0.563,0.538,0.966,-0.109,0.234,0.738,-0.652,-0.175,0.369,0.677,-0.637,0.721,-0.631,0.285,,,,0.142,0.989,-0.05,-0.225,-0.63,0.743,,,,0.19,0.978,0.089,-0.044,-0.592,0.804,,,,0.396,0.907,0.144,-0.539,-0.733,0.415,,,,0.611,0.774,0.166,-0.753,-0.402,0.521,,,,none
45.76412,-0.63,0.583,0.513,-0.63,0.709,-0.315,0.691,-0.7,-0.177,0.388,0.686,-0.615,0.319,-0.319,-0.893,,,,0.147,0.989,-0.023,0.59,-0.64,0.492,,,,0.216,0.971,0.098,0.316,-0.451,0.835,,,,0.407,0.903,0.141,-0.306,-0.917,-0.255,,,,0.647,0.725,0.238,-0.846,-0.268,0.461,,,,none
45.768136,-0.671,0.543,0.505,-0.77,0.237,-0.592,0.742,-0.656,-0.14,0.43,0.626,-0.651,-0.426,0.177,-0.887,,,,0.175,0.984,-0.017,0.881,0.093,-0.464,,,,0.214,0.972,0.093,0.921,-0.217,0.325,,,,0.356,0.916,0.183,0.152,-0.457,-0.876,,,,0.629,0.698,0.342,-0.953,-0.205,-0.224,,,,none
45.806761,-0.657,0.552,0.514,-0.51,-0.722,-0.467,0.742,-0.656,-0.14,0.44,0.592,-0.675,-0.739,0.586,-0.331,,,,0.237,0.971,0.012,0.456,0.415,-0.788,,,,0.285,0.953,0.107,0.839,0.28,-0.466,,,,0.414,0.89,0.189,-0.038,-0.115,-0.993,,,,0.651,0.683,0.33,-0.772,0.081,-0.63,,,,none
45.847532,-0.655,0.562,0.505,-0.51,-0.722,-0.467,0.711,-0.677,-0.191,0.38,0.537,-0.753,-0.802,0.501,-0.326,,,,0.262,0.962,-0.071,0.295,0.541,-0.787,,,,0.291,0.956,0.045,0.697,0.398,-0.597,,,,0.403,0.901,0.16,0.045,0.135,-0.99,,,,0.645,0.68,0.348,-0.521,0.217,-0.825,,,,none
46.27301,-0.66,0.548,0.514,-0.374,-0.686,-0.624,0.705,-0.68,-0.203,0.42,0.535,-0.733,-0.866,0.416,-0.277,,,,0.271,0.961,-0.051,0.811,0.487,0.324,,,,0.312,0.949,0.046,0.789,-0.0,0.614,,,,0.404,0.905,0.137,0.479,0.0,-0.878,,,,0.613,0.697,0.372,-0.312,0.156,-0.937,,,,none
46.273151,-0.648,0.534,0.542,-0.698,-0.32,-0.64,0.72,-0.674,-0.166,0.414,0.598,-0.686,-0.745,0.579,-0.331,,,,0.24,0.969,-0.05,0.835,0.389,-0.389,,,,0.296,0.954,0.048,0.982,-0.155,-0.103,,,,0.384,0.911,0.15,0.594,0.0,-0.804,,,,0.601,0.719,0.35,-0.074,0.252,-0.965,,,,none
46.273277,-0.666,0.523,0.531,-0.78,-0.269,-0.565,0.722,-0.652,-0.233,0.415,0.585,-0.697,-0.588,0.802,-0.107,,,,0.224,0.968,-0.112,0.854,0.407,0.325,,,,0.263,0.964,-0.022,0.89,-0.153,0.43,,,,0.325,0.942,0.08,0.862,-0.025,-0.507,,,,0.553,0.743,0.377,0.052,0.156,-0.986,,,,none
46.273404,-0.662,0.503,0.556,-0.875,-0.137,-0.463,0.722,-0.652,-0.233,0.435,0.643,-0.63,-0.796,0.478,-0.372,,,,0.168,0.986,-0.008,0.825,0.283,-0.49,,,,0.249,0.961,0.116,0.808,-0.162,-0.566,,,,0.352,0.919,0.181,0.788,-0.21,-0.578,,,,0.542,0.748,0.382,0.099,0.348,-0.932,,,,none
46.273548,-0.667,0.466,0.581,-0.825,-0.485,-0.291,0.725,-0.648,-0.234,0.47,0.613,-0.635,-0.845,0.511,-0.158,,,,0.176,0.984,-0.026,0.022,0.336,-0.942,,,,0.24,0.965,0.107,-0.153,0.249,-0.956,,,,0.29,0.936,0.197,-0.068,0.316,-0.947,,,,0.48,0.749,0.458,-0.223,0.551,-0.804,,,,none
46.273667,-0.648,0.466,0.602,-0.468,-0.853,-0.234,0.725,-0.648,-0.234,0.49,0.627,-0.605,-0.873,0.47,0.134,,,,0.153,0.988,-0.034,-0.261,0.04,-0.964,,,,0.213,0.973,0.087,-0.396,0.132,-0.909,,,,0.28,0.943,0.181,-0.49,0.254,-0.834,,,,0.483,0.758,0.438,-0.59,0.469,-0.657,,,,none
46.273788,-0.627,0.469,0.622,-0.468,-0.853,-0.234,0.722,-0.596,-0.352,0.566,0.65,-0.507,-0.711,0.654,0.259,,,,0.13,0.991,0.041,-0.417,0.13,-0.899,,,,0.197,0.969,0.148,-0.546,0.201,-0.813,,,,0.273,0.936,0.22,-0.63,0.361,-0.688,,,,0.454,0.764,0.458,-0.658,0.567,-0.496,,,,none
46.274748,-0.62,0.425,0.66,-0.641,-0.764,-0.074,0.722,-0.596,-0.352,0.449,0.684,-0.575,-0.721,0.646,0.253,,,,0.091,0.993,-0.071,-0.54,0.135,-0.831,,,,0.157,0.984,0.083,-0.587,0.245,-0.771,,,,0.234,0.956,0.178,-0.625,0.382,-0.681,,,,0.429,0.765,0.481,-0.641,0.575,-0.508,,,,none
46.274887,-0.603,0.414,0.682,-0.568,-0.821,-0.052,0.733,-0.602,-0.317,0.54,0.608,-0.582,-0.858,0.51,0.063,,,,0.167,0.986,0.023,-0.521,-0.019,-0.853,,,,0.214,0.968,0.132,-0.617,0.154,-0.772,,,,0.267,0.938,0.22,-0.649,0.311,-0.694,,,,0.426,0.746,0.511,-0.72,0.548,-0.425,,,,none
46.275011,-0.547,0.462,0.698,-0.568,-0.821,-0.052,0.733,-0.602,-0.317,0.532,0.681,-0.504,-0.79,0.603,0.114,,,,0.093,0.995,0.046,-0.631,0.088,-0.771,,,,0.176,0.969,0.175,-0.665,0.246,-0.705,,,,0.271,0.931,0.246,-0.69,0.377,-0.618,,,,0.44,0.749,0.495,-0.75,0.555,-0.36,,,,none
46.315405,-0.536,0.366,0.76,-0.703,-0.71,0.047,0.651,-0.573,-0.498,0.548,0.687,-0.478,-0.765,0.643,-0.043,,,,0.079,0.996,0.033,-0.555,0.193,-0.809,,,,0.142,0.975,0.169,-0.628,0.331,-0.704,,,,0.201,0.943,0.264,-0.654,0.473,-0.591,,,,0.38,0.732,0.565,-0.701,0.64,-0.313,,,,none
46.35897,-0.49,0.321,0.811,-0.698,-0.712,0.084,0.628,-0.547,-0.554,0.566,0.694,-0.445,-0.714,0.7,-0.029,,,,0.027,0.998,0.054,-0.554,0.254,-0.793,,,,0.071,0.978,0.199,-0.636,0.38,-0.671,,,,0.139,0.946,0.293,-0.662,0.509,-0.55,,,,0.32,0.72,0.616,-0.701,0.653,-0.289,,,,none
46.78187,-0.46,0.305,0.834,-0.684,-0.727,0.05,0.628,-0.547,-0.554,0.563,0.731,-0.385,-0.679,0.734,0.015,,,,-0.031,0.998,0.054,-0.544,0.256,-0.799,,,,0.03,0.977,0.212,-0.624,0.383,-0.681,,,,0.11,0.943,0.315,-0.651,0.508,-0.565,,,,0.286,0.704,0.65,-0.689,0.661,-0.299,,,,none
46.782124,-0.447,0.267,0.853,-0.706,-0.706,0.044,0.604,-0.484,-0.633,0.607,0.707,-0.362,-0.606,0.792,0.081,,,,-0.036,0.995,0.088,-0.517,0.263,-0.814,,,,0.009,0.97,0.243,-0.624,0.391,-0.677,,,,0.069,0.935,0.347,-0.663,0.514,-0.544,,,,0.25,0.683,0.686,-0.696,0.645,-0.315,,,,none
46.782266,-0.416,0.266,0.87,-0.65,-0.755,0.088,0.604,-0.484,-0.633,0.612,0.716,-0.336,-0.504,0.83,0.24,,,,-0.068,0.991,0.111,-0.53,0.293,-0.796,,,,-0.003,0.961,0.278,-0.64,0.4,-0.656,,,,0.067,0.925,0.375,-0.692,0.499,-0.523,,,,0.249,0.678,0.692,-0.73,0.613,-0.303,,,,none
46.782397,-0.397,0.243,0.885,-0.695,-0.711,0.109,0.539,-0.445,-0.715,0.629,0.726,-0.278,-0.552,0.832,0.058,,,,-0.103,0.983,0.149,-0.532,0.284,-0.798,,,,-0.049,0.944,0.327,-0.634,0.42,-0.65,,,,0.037,0.908,0.417,-0.673,0.546,-0.499,,,,0.231,0.664,0.711,-0.721,0.645,-0.253,,,,none
46.782536,-0.372,0.226,0.9,-0.815,-0.566,0.124,0.509,-0.44,-0.74,0.534,0.835,-0.134,-0.617,0.729,-0.296,,,,-0.265,0.96,0.094,-0.376,0.356,-0.855,,,,-0.168,0.935,0.313,-0.475,0.529,-0.703,,,,-0.063,0.909,0.412,-0.482,0.665,-0.571,,,,0.161,0.676,0.719,-0.522,0.809,-0.27,,,,none
46.782666,-0.351,0.096,0.932,-0.815,-0.566,0.124,0.477,-0.321,-0.818,0.61,0.78,-0.141,-0.629,0.657,-0.416,,,,-0.236,0.961,0.145,-0.274,0.367,-0.889,,,,-0.187,0.921,0.341,-0.406,0.543,-0.735,,,,-0.135,0.885,0.446,-0.391,0.694,-0.605,,,,0.056,0.609,0.791,-0.415,0.86,-0.297,,,,none
46.782787,-0.283,0.071,0.956,-0.886,-0.463,0.024,0.459,-0.324,-0.827,0.614,0.784,-0.087,-0.649,0.649,-0.396,,,,-0.286,0.941,0.179,-0.291,0.338,-0.895,,,,-0.234,0.898,0.372,-0.418,0.516,-0.748,,,,-0.177,0.861,0.476,-0.4,0.663,-0.633,,,,0.017,0.577,0.817,-0.451,0.838,-0.307,,,,none
46.784203,-0.241,-0.02,0.97,-0.825,-0.564,0.047,0.428,-0.246,-0.87,0.7,0.711,-0.074,-0.603,0.784,-0.148,,,,-0.274,0.929,0.247,-0.465,0.298,-0.834,,,,-0.26,0.873,0.412,-0.548,0.458,-0.7,,,,-0.221,0.828,0.515,-0.551,0.585,-0.596,,,,-0.021,0.517,0.856,-0.608,0.735,-0.299,,,,none
46.784337,-0.201,-0.008,0.979,-0.522,-0.846,0.112,0.428,-0.246,-0.87,0.636,0.77,0.044,-0.571,0.812,0.12,,,,-0.377,0.893,0.243,-0.614,0.211,-0.761,,,,-0.318,0.84,0.44,-0.696,0.369,-0.616,,,,-0.259,0.802,0.538,-0.729,0.472,-0.496,,,,-0.05,0.504,0.862,-0.78,0.573,-0.25,,,,none
46.784459,-0.157,-0.038,0.987,-0.522,-0.846,0.112,0.349,-0.199,-0.916,0.592,0.798,0.116,-0.568,0.81,0.148,,,,-0.448,0.861,0.239,-0.665,0.197,-0.72,,,,-0.387,0.806,0.449,-0.736,0.359,-0.574,,,,-0.332,0.769,0.546,-0.751,0.473,-0.461,,,,-0.112,0.465,0.878,-0.799,0.554,-0.233,,,,none
46.815847,-0.063,-0.146,0.987,-0.55,-0.828,0.111,0.213,-0.09,-0.973,0.588,0.785,0.195,-0.554,0.815,0.17,,,,-0.516,0.815,0.264,-0.692,0.187,-0.698,,,,-0.46,0.754,0.469,-0.769,0.351,-0.535,,,,-0.416,0.719,0.557,-0.786,0.453,-0.421,,,,-0.184,0.417,0.89,-0.818,0.542,-0.193,,,,none
46.852683,-0.021,-0.198,0.98,-0.55,-0.828,0.111,0.213,-0.09,-0.973,0.505,0.815,0.284,-0.549,0.818,0.172,,,,-0.607,0.759,0.236,-0.69,0.219,-0.69,,,,-0.559,0.697,0.449,-0.748,0.387,-0.539,,,,-0.511,0.665,0.545,-0.746,0.502,-0.437,,,,-0.287,0.36,0.888,-0.781,0.598,-0.183,,,,none
47.293037,0.017,-0.26,0.966,-0.699,-0.712,0.068,0.145,-0.047,-0.988,0.486,0.807,0.334,-0.608,0.794,-0.013,,,,-0.669,0.706,0.231,-0.6,0.237,-0.764,,,,-0.621,0.647,0.443,-0.675,0.415,-0.61,,,,-0.59,0.605,0.534,-0.654,0.545,-0.525,,,,-0.349,0.304,0.887,-0.708,0.665,-0.24,,,,none
47.293198,0.064,-0.348,0.935,-0.69,-0.724,0.007,0.095,0.02,-0.995,0.501,0.773,0.389,-0.627,0.774,0.093,,,,-0.701,0.663,0.264,-0.634,0.153,-0.758,,,,-0.659,0.599,0.455,-0.705,0.32,-0.633,,,,-0.634,0.561,0.533,-0.703,0.438,-0.56,,,,-0.377,0.261,0.889,-0.761,0.581,-0.287,,,,none
47.293336,0.126,-0.329,0.936,-0.526,-0.849,-0.049,0.095,0.02,-0.995,0.469,0.762,0.447,-0.639,0.754,0.151,,,,-0.734,0.618,0.283,-0.662,0.084,-0.745,,,,-0.681,0.554,0.479,-0.707,0.257,-0.659,,,,-0.646,0.518,0.561,-0.705,0.388,-0.594,,,,-0.411,0.213,0.887,-0.795,0.513,-0.325,,,,none
47.293469,0.164,-0.32,0.933,-0.657,-0.75,-0.077,0.016,0.095,-0.995,0.441,0.75,0.493,-0.702,0.711,-0.026,,,,-0.756,0.58,0.305,-0.571,0.109,-0.814,,,,-0.7,0.512,0.498,-0.621,0.283,-0.731,,,,-0.672,0.468,0.574,-0.611,0.439,-0.658,,,,-0.441,0.157,0.884,-0.737,0.569,-0.365,,,,none
47.293609,0.211,-0.371,0.904,-0.69,-0.715,-0.116,0.016,0.095,-0.995,0.441,0.718,0.538,-0.771,0.613,-0.175,,,,-0.764,0.54,0.353,-0.502,0.102,-0.859,,,,-0.703,0.471,0.534,-0.568,0.272,-0.776,,,,-0.676,0.43,0.599,-0.584,0.43,-0.689,,,,-0.432,0.115,0.894,-0.717,0.586,-0.378,,,,none
47.293741,0.238,-0.328,0.914,-0.621,-0.774,-0.126,-0.073,0.153,-0.985,0.419,0.705,0.572,-0.844,0.395,-0.364,,,,-0.77,0.507,0.387,-0.423,0.025,-0.906,,,,-0.7,0.43,0.57,-0.501,0.255,-0.827,,,,-0.672,0.383,0.634,-0.541,0.429,-0.723,,,,-0.438,0.073,0.896,-0.71,0.586,-0.39,,,,none
47.293864,0.292,-0.362,0.885,-0.692,-0.71,-0.128,-0.073,0.153,-0.985,0.491,0.642,0.589,-0.811,0.275,-0.516,,,,-0.776,0.465,0.425,-0.409,0.009,-0.912,,,,-0.717,0.376,0.586,-0.492,0.293,-0.82,,,,-0.697,0.333,0.635,-0.52,0.47,-0.713,,,,-0.442,0.032,0.896,-0.702,0.603,-0.38,,,,none
47.294938,0.31,-0.374,0.874,-0.682,-0.72,-0.133,-0.121,0.256,-0.959,0.502,0.606,0.617,-0.803,0.361,-0.474,,,,-0.779,0.437,0.45,-0.416,0.047,-0.908,,,,-0.724,0.354,0.592,-0.486,0.305,-0.819,,,,-0.71,0.31,0.633,-0.517,0.481,-0.708,,,,-0.461,-0.001,0.887,-0.733,0.562,-0.383,,,,none
47.295074,0.323,-0.389,0.863,-0.682,-0.72,-0.133,-0.125,0.244,-0.962,0.463,0.606,0.647,-0.809,0.45,-0.378,,,,-0.791,0.414,0.45,-0.41,0.078,-0.909,,,,-0.732,0.334,0.594,-0.482,0.302,-0.822,,,,-0.719,0.29,0.631,-0.47,0.499,-0.729,,,,-0.469,-0.03,0.883,-0.771,0.474,-0.426,,,,none
47.295199,0.348,-0.401,0.847,-0.643,-0.753,-0.141,-0.191,0.261,-0.946,0.442,0.59,0.675,-0.799,0.496,-0.34,,,,-0.811,0.376,0.448,-0.395,0.113,-0.912,,,,-0.751,0.29,0.593,-0.487,0.298,-0.821,,,,-0.746,0.252,0.616,-0.488,0.488,-0.723,,,,-0.494,-0.084,0.866,-0.763,0.495,-0.414,,,,none
47.309928,0.37,-0.437,0.82,-0.678,-0.72,-0.146,-0.191,0.261,-0.946,0.425,0.561,0.71,-0.797,0.566,-0.211,,,,-0.825,0.322,0.463,-0.415,0.145,-0.898,,,,-0.768,0.236,0.595,-0.522,0.304,-0.797,,,,-0.774,0.195,0.603,-0.516,0.466,-0.719,,,,-0.516,-0.124,0.847,-0.761,0.507,-0.406,,,,none
47.350889,0.416,-0.467,0.78,-0.646,-0.75,-0.139,-0.23,0.346,-0.91,0.379,0.542,0.75,-0.773,0.625,-0.109,,,,-0.846,0.273,0.458,-0.457,0.173,-0.873,,,,-0.787,0.193,0.586,-0.55,0.316,-0.774,,,,-0.785,0.163,0.597,-0.559,0.46,-0.69,,,,-0.532,-0.163,0.831,-0.772,0.483,-0.413,,,,none
47.393387,0.432,-0.471,0.769,-0.624,-0.768,-0.144,-0.24,0.336,-0.911,0.322,0.523,0.789,-0.798,0.59,-0.124,,,,-0.879,0.204,0.431,-0.485,0.151,-0.862,,,,-0.826,0.13,0.548,-0.567,0.321,-0.759,,,,-0.822,0.102,0.561,-0.582,0.456,-0.673,,,,-0.554,-0.215,0.804,-0.791,0.442,-0.423,,,,none
47.805622,0.455,-0.486,0.746,-0.634,-0.752,-0.177,-0.317,0.36,-0.877,0.323,0.502,0.803,-0.816,0.524,-0.245,,,,-0.886,0.165,0.434,-0.453,0.138,-0.881,,,,-0.832,0.082,0.549,-0.515,0.327,-0.792,,,,-0.837,0.058,0.544,-0.557,0.464,-0.689,,,,-0.571,-0.257,0.78,-0.783,0.461,-0.418,,,,none
47.805761,0.454,-0.523,0.721,-0.611,-0.749,-0.256,-0.317,0.36,-0.877,0.348,0.457,0.819,-0.861,0.507,-0.031,,,,-0.879,0.138,0.457,-0.61,0.016,-0.792,,,,-0.834,0.072,0.547,-0.692,0.128,-0.71,,,,-0.835,0.07,0.545,-0.731,0.257,-0.632,,,,-0.55,-0.238,0.8,-0.888,0.252,-0.384,,,,none
47.805893,0.473,-0.471,0.745,0.243,-0.933,-0.264,-0.317,0.36,-0.877,0.354,0.468,0.81,-0.764,0.573,0.295,,,,-0.872,0.176,0.457,-0.739,-0.09,-0.667,,,,-0.814,0.1,0.572,-0.809,-0.04,-0.586,,,,-0.816,0.075,0.573,-0.838,0.045,-0.544,,,,-0.569,-0.28,0.773,-0.91,0.072,-0.407,,,,none
47.806016,0.482,-0.484,0.731,-0.403,-0.889,-0.218,-0.351,0.375,-0.858,0.388,0.428,0.816,-0.394,0.775,0.495,,,,-0.864,0.14,0.484,-0.779,0.133,-0.613,,,,-0.809,0.073,0.584,-0.892,0.178,-0.416,,,,-0.818,0.057,0.572,-0.857,0.286,-0.429,,,,-0.565,-0.312,0.764,-0.888,0.098,-0.449,,,,none
47.806138,0.498,-0.512,0.7,-0.176,-0.949,-0.263,-0.345,0.348,-0.872,0.298,0.45,0.842,-0.15,0.679,0.719,,,,-0.897,0.103,0.43,-0.933,0.031,-0.358,,,,-0.84,0.058,0.539,-0.978,0.078,-0.196,,,,-0.841,0.038,0.54,-0.929,0.068,-0.363,,,,-0.578,-0.37,0.727,-0.881,0.044,-0.471,,,,none
47.80626,0.548,-0.464,0.696,-0.016,-0.958,-0.287,-0.407,0.333,-0.85,0.273,0.428,0.862,-0.155,0.762,0.629,,,,-0.88,0.087,0.467,-0.9,-0.048,-0.434,,,,-0.828,0.039,0.56,-0.905,0.09,-0.416,,,,-0.846,0.017,0.533,-0.802,0.019,-0.597,,,,-0.594,-0.434,0.677,-0.672,0.211,-0.71,,,,none
47.806382,0.562,-0.514,0.648,-0.387,-0.898,-0.207,-0.46,0.341,-0.82,0.189,0.445,0.875,-0.182,0.808,0.56,,,,-0.916,0.041,0.399,-0.92,-0.031,-0.39,,,,-0.856,-0.01,0.517,-0.89,0.16,-0.427,,,,-0.841,-0.04,0.539,-0.786,0.087,-0.612,,,,-0.55,-0.47,0.69,-0.698,0.224,-0.68,,,,none
47.807382,0.575,-0.497,0.65,-0.387,-0.898,-0.207,-0.451,0.359,-0.817,0.2,0.424,0.883,-0.462,0.803,0.376,,,,-0.902,0.034,0.43,-0.771,-0.034,-0.637,,,,-0.843,-0.019,0.537,-0.773,0.158,-0.615,,,,-0.837,-0.054,0.544,-0.704,0.229,-0.672,,,,-0.551,-0.518,0.655,-0.825,0.265,-0.499,,,,none
47.807527,0.606,-0.519,0.604,-0.536,-0.825,-0.179,-0.468,0.379,-0.799,0.177,0.407,0.896,-0.626,0.779,0.034,,,,-0.913,-0.021,0.407,-0.579,0.107,-0.808,,,,-0.857,-0.074,0.509,-0.61,0.305,-0.732,,,,-0.852,-0.126,0.507,-0.575,0.421,-0.701,,,,-0.562,-0.574,0.596,-0.85,0.409,-0.333,,,,none
47.825334,0.62,-0.541,0.569,-0.755,-0.624,-0.203,-0.491,0.37,-0.789,0.165,0.359,0.918,-0.733,0.628,-0.262,,,,-0.907,-0.085,0.412,-0.439,0.084,-0.895,,,,-0.865,-0.127,0.485,-0.499,0.31,-0.809,,,,-0.864,-0.146,0.481,-0.501,0.469,-0.727,,,,-0.568,-0.57,0.593,-0.864,0.451,-0.225,,,,none
47.867479,0.623,-0.548,0.559,-0.674,-0.692,-0.259,-0.509,0.423,-0.75,0.164,0.362,0.918,-0.895,0.386,-0.224,,,,-0.908,-0.076,0.412,-0.467,-0.117,-0.876,,,,-0.865,-0.118,0.488,-0.515,0.099,-0.852,,,,-0.867,-0.151,0.476,-0.543,0.302,-0.784,,,,-0.574,-0.581,0.578,-0.917,0.296,-0.268,,,,none
48.312901,0.655,-0.522,0.546,-0.451,-0.676,-0.582,-0.518,0.396,-0.758,0.167,0.343,0.924,-0.936,0.239,-0.257,,,,-0.899,-0.099,0.426,-0.398,-0.199,-0.896,,,,-0.854,-0.148,0.499,-0.482,0.022,-0.876,,,,-0.865,-0.173,0.471,-0.466,0.169,-0.868,,,,-0.572,-0.623,0.533,-0.893,0.312,-0.326,,,,none
48.313161,0.664,-0.541,0.517,-0.636,-0.599,-0.487,-0.518,0.396,-0.758,0.163,0.321,0.933,-0.909,0.214,-0.357,,,,-0.896,-0.127,0.425,-0.284,-0.223,-0.933,,,,-0.857,-0.16,0.489,-0.375,-0.022,-0.927,,,,-0.861,-0.192,0.47,-0.334,0.083,-0.939,,,,-0.575,-0.637,0.513,-0.822,0.395,-0.411,,,,none
48.313394,0.662,-0.53,0.53,-0.529,-0.61,-0.59,-0.518,0.396,-0.758,0.168,0.295,0.941,-0.942,0.077,-0.327,,,,-0.88,-0.139,0.454,-0.226,-0.362,-0.904,,,,-0.842,-0.169,0.512,-0.339,-0.194,-0.921,,,,-0.846,-0.203,0.493,-0.33,-0.071,-0.942,,,,-0.56,-0.623,0.546,-0.823,0.262,-0.505,,,,none
48.313635,0.677,-0.52,0.52,-0.119,-0.759,-0.64,-0.562,0.425,-0.71,0.185,0.283,0.941,-0.996,-0.0,-0.087,,,,-0.871,-0.133,0.473,-0.416,-0.538,-0.733,,,,-0.829,-0.164,0.535,-0.463,-0.386,-0.798,,,,-0.833,-0.194,0.517,-0.476,-0.238,-0.847,,,,-0.552,-0.653,0.519,-0.862,0.11,-0.495,,,,none
48.313962,0.69,-0.506,0.518,-0.069,-0.739,-0.67,-0.575,0.413,-0.706,0.181,0.258,0.949,-0.995,-0.093,-0.023,,,,-0.87,-0.173,0.461,-0.446,-0.669,-0.595,,,,-0.832,-0.204,0.516,-0.501,-0.528,-0.686,,,,-0.838,-0.223,0.498,-0.535,-0.366,-0.761,,,,-0.552,-0.648,0.525,-0.848,-0.021,-0.53,,,,none
48.31409,0.701,-0.53,0.478,0.352,-0.662,-0.662,-0.596,0.375,-0.71,0.186,0.243,0.952,-0.877,-0.329,0.351,,,,-0.867,-0.165,0.469,-0.479,-0.859,-0.18,,,,-0.835,-0.192,0.515,-0.519,-0.8,-0.303,,,,-0.843,-0.203,0.498,-0.561,-0.696,-0.449,,,,-0.544,-0.648,0.532,-0.803,-0.36,-0.475,,,,none
48.314226,0.726,-0.468,0.504,0.56,-0.61,-0.56,-0.622,0.365,-0.693,0.203,0.237,0.95,-0.769,-0.423,0.48,,,,-0.847,-0.161,0.506,-0.453,-0.889,-0.07,,,,-0.804,-0.199,0.56,-0.487,-0.844,-0.225,,,,-0.806,-0.241,0.54,-0.498,-0.793,-0.35,,,,-0.514,-0.714,0.476,-0.761,-0.435,-0.481,,,,none
48.314758,0.742,-0.44,0.506,0.397,-0.628,-0.669,-0.622,0.365,-0.693,0.229,0.231,0.946,-0.878,-0.315,0.36,,,,-0.829,-0.146,0.539,-0.476,-0.849,-0.228,,,,-0.775,-0.205,0.597,-0.496,-0.777,-0.388,,,,-0.776,-0.268,0.571,-0.555,-0.637,-0.535,,,,-0.5,-0.729,0.467,-0.802,-0.267,-0.535,,,,none
48.314908,0.761,-0.431,0.485,-0.212,-0.779,-0.59,-0.661,0.344,-0.667,0.225,0.201,0.953,-0.989,0.0,0.145,,,,-0.816,-0.176,0.551,-0.494,-0.676,-0.546,,,,-0.766,-0.233,0.6,-0.548,-0.522,-0.653,,,,-0.763,-0.305,0.571,-0.536,-0.357,-0.765,,,,-0.478,-0.75,0.458,-0.796,0.058,-0.602,,,,none
48.315041,0.766,-0.435,0.473,-0.324,-0.772,-0.548,-0.634,0.359,-0.684,0.224,0.157,0.962,-0.983,0.186,-0.0,,,,-0.795,-0.223,0.565,-0.485,-0.485,-0.728,,,,-0.745,-0.278,0.606,-0.55,-0.336,-0.764,,,,-0.747,-0.344,0.568,-0.529,-0.124,-0.84,,,,-0.463,-0.769,0.441,-0.774,0.265,-0.575,,,,none
48.333152,0.805,-0.434,0.404,-0.479,-0.735,-0.479,-0.674,0.346,-0.653,0.207,0.093,0.974,-0.957,0.279,-0.08,,,,-0.769,-0.297,0.565,-0.593,-0.544,-0.593,,,,-0.725,-0.351,0.592,-0.631,-0.368,-0.683,,,,-0.736,-0.395,0.55,-0.624,0.052,-0.78,,,,-0.452,-0.784,0.425,-0.738,0.338,-0.584,,,,none
48.371653,0.811,-0.434,0.392,0.873,-0.436,-0.218,-0.666,0.337,-0.666,0.19,0.083,0.978,-0.885,0.442,-0.147,,,,-0.768,-0.305,0.563,-0.784,-0.588,0.196,,,,-0.724,-0.363,0.586,-0.762,-0.635,0.127,,,,-0.73,-0.415,0.544,-0.696,0.174,0.696,,,,-0.451,-0.796,0.403,-0.802,0.267,-0.535,,,,none
48.822848,0.785,-0.476,0.396,0.752,0.636,0.173,-0.666,0.337,-0.666,0.163,0.081,0.983,0.631,-0.631,0.451,,,,-0.795,-0.327,0.511,-0.203,-0.355,0.913,,,,-0.767,-0.36,0.532,-0.0,-0.447,0.894,,,,-0.788,-0.367,0.494,0.133,-0.177,0.975,,,,-0.485,-0.754,0.444,0.15,-0.977,0.15,,,,none
48.822985,0.732,-0.574,0.367,0.919,0.394,0.022,-0.666,0.337,-0.666,0.147,-0.046,0.988,0.33,-0.636,0.697,,,,-0.764,-0.44,0.471,-0.189,-0.545,0.817,,,,-0.793,-0.414,0.447,-0.095,-0.666,0.74,,,,-0.838,-0.331,0.433,-0.057,-0.671,0.739,,,,-0.516,-0.653,0.555,0.098,-0.993,0.065,,,,none
48.823128,0.761,-0.466,0.451,0.989,0.079,-0.121,-0.666,0.337,-0.666,0.232,0.12,0.965,0.288,-0.661,0.693,,,,-0.819,-0.254,0.514,-0.147,-0.646,0.749,,,,-0.813,-0.283,0.51,-0.067,-0.759,0.647,,,,-0.829,-0.273,0.488,-0.073,-0.807,0.587,,,,-0.523,-0.688,0.502,0.064,-0.998,-0.009,,,,none
48.823253,0.748,-0.348,0.565,0.985,0.102,-0.136,-0.657,0.159,-0.737,0.338,0.232,0.912,0.264,-0.663,0.701,,,,-0.781,-0.062,0.622,-0.143,-0.677,0.722,,,,-0.726,-0.13,0.675,-0.071,-0.788,0.612,,,,-0.751,-0.207,0.627,-0.089,-0.831,0.55,,,,-0.464,-0.735,0.494,0.084,-0.995,-0.046,,,,none
48.823376,0.737,-0.24,0.631,0.976,0.126,-0.175,-0.657,0.159,-0.737,0.409,0.29,0.865,0.22,-0.68,0.699,,,,-0.74,0.053,0.67,-0.143,-0.712,0.688,,,,-0.646,-0.039,0.762,-0.075,-0.819,0.568,,,,-0.645,-0.168,0.746,-0.112,-0.864,0.491,,,,-0.35,-0.78,0.519,0.081,-0.993,-0.086,,,,none
48.823524,0.73,-0.117,0.674,0.962,0.152,-0.227,-0.635,0.026,-0.772,0.481,0.244,0.842,0.165,-0.724,0.669,,,,-0.653,0.07,0.754,-0.122,-0.732,0.671,,,,-0.543,-0.017,0.839,-0.049,-0.837,0.545,,,,-0.538,-0.114,0.835,-0.101,-0.876,0.472,,,,-0.259,-0.739,0.622,0.148,-0.986,-0.082,,,,none
48.82365,0.738,-0.186,0.649,0.962,0.152,-0.227,-0.648,-0.016,-0.761,0.525,0.189,0.83,0.119,-0.702,0.702,,,,-0.651,0.039,0.758,-0.225,-0.704,0.674,,,,-0.559,-0.061,0.827,-0.124,-0.793,0.597,,,,-0.576,-0.108,0.81,-0.145,-0.846,0.512,,,,-0.246,-0.661,0.709,0.107,-0.993,-0.043,,,,none
48.824726,0.721,-0.214,0.659,0.994,0.065,-0.086,-0.651,-0.088,-0.754,0.562,0.125,0.818,0.179,-0.634,0.753,,,,-0.622,0.022,0.783,-0.276,-0.673,0.686,,,,-0.575,-0.044,0.817,-0.192,-0.753,0.63,,,,-0.607,-0.093,0.789,-0.22,-0.821,0.528,,,,-0.258,-0.635,0.728,-0.007,-1.0,-0.014,,,,none
48.824862,0.719,-0.067,0.691,0.994,-0.005,-0.113,-0.659,-0.187,-0.728,0.573,0.176,0.8,0.119,-0.596,0.794,,,,-0.589,0.077,0.805,-0.291,-0.691,0.661,,,,-0.495,-0.02,0.869,-0.193,-0.778,0.598,,,,-0.5,-0.111,0.859,-0.226,-0.852,0.472,,,,-0.189,-0.691,0.698,-0.065,-0.997,-0.033,,,,none
48.824987,0.745,-0.059,0.665,0.995,-0.062,-0.076,-0.659,-0.187,-0.728,0.592,0.17,0.788,0.098,-0.559,0.823,,,,-0.554,0.085,0.828,-0.366,-0.651,0.665,,,,-0.45,-0.014,0.893,-0.26,-0.746,0.613,,,,-0.438,-0.136,0.889,-0.274,-0.815,0.51,,,,-0.126,-0.742,0.658,-0.129,-0.991,-0.023,,,,none
48.832982,0.72,-0.0,0.694,0.993,0.03,-0.11,-0.689,-0.284,-0.667,0.622,0.1,0.777,0.024,-0.549,0.835,,,,-0.494,0.055,0.868,-0.429,-0.618,0.658,,,,-0.391,-0.042,0.919,-0.31,-0.693,0.651,,,,-0.394,-0.123,0.911,-0.319,-0.73,0.604,,,,-0.092,-0.699,0.709,-0.154,-0.982,0.11,,,,none
48.87052,0.757,-0.05,0.651,0.993,-0.05,0.112,-0.689,-0.284,-0.667,0.634,0.079,0.769,0.086,-0.465,0.881,,,,-0.503,0.049,0.863,-0.512,-0.512,0.689,,,,-0.416,-0.047,0.908,-0.373,-0.589,0.717,,,,-0.424,-0.121,0.897,-0.343,-0.642,0.686,,,,-0.109,-0.695,0.711,-0.181,-0.971,0.158,,,,none
48.916031,0.73,0.027,0.683,0.997,0.0,0.073,-0.674,-0.286,-0.681,0.61,0.154,0.777,0.127,-0.444,0.887,,,,-0.568,0.093,0.818,-0.484,-0.555,0.676,,,,-0.471,-0.017,0.882,-0.336,-0.65,0.682,,,,-0.463,-0.143,0.875,-0.299,-0.693,0.657,,,,-0.098,-0.731,0.675,-0.257,-0.965,0.049,,,,none
49.331848,0.739,0.075,0.669,0.637,-0.765,-0.096,-0.668,-0.33,-0.668,0.591,0.187,0.785,-0.316,-0.035,0.948,,,,-0.534,0.116,0.837,-0.613,-0.466,0.638,,,,-0.395,0.009,0.919,-0.38,-0.675,0.633,,,,-0.343,-0.148,0.928,-0.249,-0.685,0.685,,,,-0.033,-0.818,0.574,-0.942,-0.088,-0.324,,,,none
49.332449,0.747,0.135,0.651,-0.854,-0.52,0.021,-0.696,-0.315,-0.645,0.571,0.238,0.786,-0.424,0.631,-0.65,,,,-0.55,0.143,0.823,0.196,0.677,-0.71,,,,-0.366,0.017,0.93,0.211,0.719,-0.662,,,,-0.282,-0.176,0.943,0.204,0.787,-0.583,,,,0.034,-0.892,0.451,-0.216,0.966,-0.141,,,,none
49.332593,0.781,-0.0,0.624,-0.998,-0.022,0.052,-0.67,-0.307,-0.676,0.634,0.011,0.773,-0.327,0.576,-0.749,,,,-0.456,-0.023,0.89,0.24,0.667,-0.705,,,,-0.377,-0.115,0.919,0.204,0.76,-0.617,,,,-0.4,-0.193,0.896,0.206,0.83,-0.518,,,,-0.119,-0.777,0.619,-0.031,0.997,-0.066,,,,none
49.332718,0.795,-0.109,0.597,-0.996,0.042,0.073,-0.728,-0.171,-0.665,0.613,-0.068,0.787,-0.268,0.553,-0.789,,,,-0.484,-0.09,0.87,0.278,0.692,-0.667,,,,-0.444,-0.163,0.881,0.245,0.772,-0.586,,,,-0.502,-0.185,0.845,0.222,0.839,-0.497,,,,-0.176,-0.693,0.699,0.021,0.999,-0.036,,,,none
49.332843,0.772,-0.158,0.616,-0.989,0.071,0.133,-0.7,-0.131,-0.702,0.569,0.005,0.822,-0.148,0.584,-0.798,,,,-0.546,-0.044,0.837,0.288,0.751,-0.594,,,,-0.484,-0.11,0.868,0.275,0.817,-0.507,,,,-0.52,-0.154,0.84,0.216,0.891,-0.4,,,,-0.216,-0.708,0.673,0.043,0.999,0.029,,,,none
49.332964,0.763,-0.196,0.616,-0.975,0.076,0.21,-0.703,-0.091,-0.706,0.507,0.058,0.86,-0.037,0.629,-0.777,,,,-0.616,-0.048,0.786,0.302,0.825,-0.477,,,,-0.561,-0.118,0.819,0.311,0.886,-0.345,,,,-0.597,-0.17,0.784,0.237,0.937,-0.257,,,,-0.266,-0.722,0.639,0.072,0.995,0.063,,,,none
49.333082,0.763,-0.19,0.618,-0.974,0.101,0.203,-0.703,-0.091,-0.706,0.471,0.127,0.873,-0.009,0.609,-0.793,,,,-0.649,-0.003,0.761,0.352,0.806,-0.477,,,,-0.581,-0.071,0.811,0.387,0.857,-0.34,,,,-0.599,-0.175,0.781,0.327,0.914,-0.239,,,,-0.283,-0.757,0.588,0.081,0.994,0.072,,,,none
49.333876,0.749,-0.279,0.601,-0.975,0.119,0.189,-0.684,-0.009,-0.73,0.436,0.128,0.891,-0.008,0.619,-0.785,,,,-0.666,-0.031,0.745,0.339,0.827,-0.448,,,,-0.607,-0.093,0.789,0.353,0.874,-0.334,,,,-0.647,-0.176,0.742,0.349,0.928,-0.129,,,,-0.347,-0.721,0.6,0.128,0.985,0.112,,,,none
49.334006,0.736,-0.315,0.599,-0.963,0.181,0.198,-0.684,-0.009,-0.73,0.399,0.143,0.906,0.059,0.592,-0.804,,,,-0.724,-0.012,0.689,0.372,0.83,-0.415,,,,-0.674,-0.044,0.737,0.368,0.863,-0.347,,,,-0.71,-0.069,0.701,0.407,0.906,-0.112,,,,-0.384,-0.696,0.607,0.157,0.98,0.122,,,,none
49.338683,0.721,-0.324,0.613,-0.974,0.121,0.19,-0.684,-0.009,-0.73,0.39,0.182,0.903,0.008,0.599,-0.801,,,,-0.718,0.011,0.696,0.346,0.794,-0.499,,,,-0.663,-0.038,0.748,0.339,0.837,-0.429,,,,-0.7,-0.091,0.708,0.352,0.904,-0.241,,,,-0.409,-0.7,0.586,0.12,0.984,0.128,,,,none
49.379206,0.713,-0.386,0.585,-0.974,0.112,0.199,-0.665,0.133,-0.735,0.358,0.175,0.917,-0.009,0.622,-0.783,,,,-0.748,-0.016,0.663,0.267,0.823,-0.502,,,,-0.698,-0.036,0.715,0.274,0.862,-0.426,,,,-0.739,-0.055,0.671,0.259,0.925,-0.278,,,,-0.444,-0.658,0.609,0.124,0.976,0.177,,,,none
49.418384,0.703,-0.404,0.585,-0.971,0.076,0.227,-0.672,0.204,-0.712,0.342,0.18,0.922,0.061,0.622,-0.781,,,,-0.762,-0.005,0.647,0.241,0.835,-0.495,,,,-0.72,-0.021,0.693,0.238,0.861,-0.45,,,,-0.755,-0.041,0.654,0.176,0.919,-0.353,,,,-0.455,-0.645,0.614,0.08,0.975,0.207,,,,none
49.842727,0.71,-0.392,0.585,-0.953,-0.03,0.302,-0.648,0.209,-0.732,0.323,0.194,0.926,0.016,0.715,-0.699,,,,-0.758,-0.013,0.652,0.034,0.861,-0.507,,,,-0.71,-0.031,0.704,0.045,0.89,-0.453,,,,-0.743,-0.055,0.667,-0.056,0.929,-0.366,,,,-0.471,-0.657,0.588,0.052,0.935,0.351,,,,none
49.842875,0.718,-0.409,0.563,-0.932,-0.033,0.36,-0.634,0.245,-0.733,0.214,0.185,0.959,-0.023,0.518,-0.855,,,,-0.777,-0.046,0.627,-0.327,0.827,-0.457,,,,-0.737,-0.035,0.675,-0.278,0.833,-0.478,,,,-0.762,-0.045,0.646,-0.408,0.829,-0.382,,,,-0.491,-0.654,0.576,0.149,0.77,0.621,,,,none
49.843014,0.705,-0.454,0.544,-0.85,-0.02,0.526,-0.634,0.245,-0.733,0.235,0.2,0.951,-0.058,0.088,-0.994,,,,-0.785,-0.037,0.618,-0.706,0.649,-0.282,,,,-0.752,-0.058,0.657,-0.487,0.758,-0.433,,,,-0.78,-0.068,0.622,-0.629,0.654,-0.42,,,,-0.508,-0.682,0.526,0.214,0.608,0.765,,,,none
49.843149,0.703,-0.429,0.567,-0.908,-0.043,0.418,-0.632,0.298,-0.715,0.318,0.208,0.925,-0.049,-0.234,-0.971,,,,-0.787,-0.047,0.615,-0.647,0.554,-0.524,,,,-0.755,-0.097,0.649,-0.401,0.684,-0.609,,,,-0.792,-0.147,0.593,-0.58,0.562,-0.589,,,,-0.583,-0.621,0.524,0.391,0.655,0.646,,,,none
49.843287,0.679,-0.511,0.527,-0.928,-0.099,0.359,-0.632,0.298,-0.715,0.38,0.157,0.912,0.346,-0.029,-0.938,,,,-0.763,-0.081,0.641,-0.668,0.7,-0.254,,,,-0.747,-0.141,0.65,-0.401,0.784,-0.474,,,,-0.798,-0.204,0.566,-0.58,0.613,-0.536,,,,-0.611,-0.576,0.543,0.462,0.702,0.542,,,,none
49.843411,0.693,-0.495,0.525,-0.845,-0.149,0.514,-0.644,0.351,-0.679,0.378,0.199,0.904,0.944,0.126,-0.304,,,,-0.754,-0.093,0.651,-0.725,0.475,0.5,,,,-0.737,-0.175,0.653,-0.502,0.845,0.183,,,,-0.776,-0.312,0.548,-0.626,0.771,-0.116,,,,-0.65,-0.556,0.518,0.641,0.652,0.406,,,,none
49.843557,0.693,-0.506,0.513,-0.623,-0.078,0.778,-0.662,0.342,-0.667,0.337,0.267,0.903,0.968,0.251,-0.027,,,,-0.763,-0.081,0.641,-0.555,0.358,0.751,,,,-0.76,-0.157,0.631,-0.405,0.637,0.656,,,,-0.823,-0.27,0.499,-0.464,0.732,0.5,,,,-0.686,-0.546,0.481,0.877,0.475,0.073,,,,none
49.844568,0.683,-0.512,0.521,-0.623,-0.078,0.778,-0.647,0.41,-0.643,0.43,0.292,0.854,0.886,0.307,0.347,,,,-0.724,-0.055,0.688,-0.193,-0.031,0.981,,,,-0.741,-0.205,0.64,0.026,-0.052,0.998,,,,-0.852,-0.283,0.441,0.309,0.059,0.949,,,,-0.721,-0.526,0.452,0.84,0.252,-0.481,,,,none
49.844693,0.668,-0.526,0.526,-0.623,-0.078,0.778,-0.635,0.404,-0.658,0.4,0.341,0.85,0.805,0.346,0.481,,,,-0.701,-0.008,0.713,-0.02,-0.126,0.992,,,,-0.688,-0.104,0.718,0.148,-0.25,0.957,,,,-0.809,-0.268,0.523,0.482,-0.143,0.864,,,,-0.653,-0.449,0.611,0.711,0.117,-0.694,,,,none
49.844813,0.704,-0.562,0.435,0.307,-0.692,0.653,-0.674,0.391,-0.627,0.275,0.423,0.864,0.762,0.357,0.541,,,,-0.769,0.154,0.621,0.007,-0.132,0.991,,,,-0.719,0.116,0.686,0.121,-0.224,0.967,,,,-0.845,-0.049,0.533,0.494,-0.114,0.862,,,,-0.499,-0.39,0.773,0.67,0.092,-0.736,,,,none
49.88245,0.716,-0.548,0.433,0.541,-0.644,0.541,-0.663,0.385,-0.642,0.206,0.514,0.833,0.768,0.354,0.535,,,,-0.786,0.252,0.565,0.035,-0.105,0.994,,,,-0.75,0.222,0.623,0.177,-0.187,0.966,,,,-0.842,0.115,0.527,0.517,-0.079,0.852,,,,-0.524,-0.481,0.703,0.287,-0.215,-0.933,,,,none
49.922177,0.708,-0.55,0.443,0.595,-0.568,0.568,-0.705,0.4,-0.586,0.297,0.583,0.757,0.858,0.313,0.407,,,,-0.734,0.352,0.581,0.221,-0.115,0.968,,,,-0.7,0.357,0.619,0.352,-0.209,0.912,,,,-0.825,0.29,0.485,0.591,-0.064,0.804,,,,-0.56,-0.527,0.639,-0.972,-0.233,-0.0,,,,none
50.351098,0.735,-0.508,0.449,0.439,-0.591,0.677,-0.696,0.375,-0.613,0.166,0.726,0.667,0.928,0.313,0.202,,,,-0.676,0.547,0.494,0.452,0.063,0.89,,,,-0.631,0.616,0.471,0.582,-0.059,0.811,,,,-0.81,0.437,0.391,0.768,-0.026,0.64,,,,-0.57,-0.61,0.551,-0.843,0.509,0.176,,,,none
50.351312,0.648,-0.65,0.398,-0.499,-0.499,0.709,-0.696,0.375,-0.613,0.11,0.75,0.653,0.922,0.386,0.015,,,,-0.691,0.582,0.428,0.689,0.211,0.693,,,,-0.628,0.621,0.469,0.829,0.053,0.557,,,,-0.755,0.493,0.432,0.828,0.045,0.559,,,,-0.614,-0.559,0.558,-0.742,0.656,0.136,,,,none
50.351441,0.623,-0.684,0.379,-0.171,-0.514,0.84,-0.697,0.459,-0.551,0.112,0.786,0.608,0.97,0.195,-0.144,,,,-0.644,0.637,0.424,0.766,0.159,0.623,,,,-0.562,0.689,0.458,0.85,0.047,0.525,,,,-0.717,0.57,0.402,0.81,0.049,0.585,,,,-0.602,-0.496,0.626,-0.764,0.307,0.567,,,,none
50.351576,0.643,-0.679,0.355,-0.171,-0.514,0.84,-0.697,0.459,-0.551,0.131,0.834,0.537,0.939,0.197,-0.28,,,,-0.602,0.719,0.348,0.784,0.25,0.568,,,,-0.536,0.773,0.339,0.882,0.12,0.456,,,,-0.726,0.62,0.296,0.838,0.052,0.543,,,,-0.667,-0.503,0.55,-0.828,0.07,0.557,,,,none
50.3517,0.626,-0.683,0.377,0.195,-0.802,0.564,-0.732,0.451,-0.511,0.12,0.843,0.525,0.928,0.203,-0.313,,,,-0.582,0.736,0.344,0.805,0.299,0.513,,,,-0.509,0.792,0.338,0.897,0.175,0.406,,,,-0.686,0.659,0.307,0.845,0.021,0.535,,,,-0.664,-0.527,0.53,-0.877,-0.053,0.477,,,,none
50.351822,0.652,-0.653,0.387,-0.148,-0.72,0.678,-0.684,0.458,-0.568,0.118,0.87,0.479,0.904,0.16,-0.396,,,,-0.561,0.77,0.304,0.879,0.257,0.4,,,,-0.482,0.827,0.288,0.932,0.152,0.33,,,,-0.655,0.697,0.292,0.9,0.039,0.434,,,,-0.742,-0.555,0.375,-0.898,-0.011,0.441,,,,none
50.35194,0.649,-0.659,0.381,-0.148,-0.72,0.678,-0.727,0.469,-0.501,0.105,0.894,0.436,0.866,0.135,-0.482,,,,-0.545,0.794,0.27,0.925,0.273,0.264,,,,-0.463,0.851,0.249,0.962,0.163,0.22,,,,-0.637,0.722,0.269,0.953,0.092,0.287,,,,-0.738,-0.558,0.378,-0.926,0.042,0.376,,,,none
50.353682,0.638,-0.676,0.369,-0.376,-0.806,0.457,-0.703,0.474,-0.53,0.065,0.898,0.435,0.842,0.115,-0.526,,,,-0.555,0.789,0.262,0.964,0.139,0.228,,,,-0.47,0.85,0.24,0.979,0.116,0.167,,,,-0.633,0.726,0.269,0.959,0.192,0.208,,,,-0.748,-0.583,0.317,-0.958,0.039,0.283,,,,none
50.353819,0.631,-0.71,0.313,0.678,-0.678,0.283,-0.736,0.441,-0.514,0.055,0.908,0.416,0.865,0.204,-0.458,,,,-0.543,0.801,0.251,0.836,-0.098,0.541,,,,-0.453,0.862,0.225,0.52,-0.347,0.78,,,,-0.621,0.742,0.251,0.172,0.573,0.802,,,,-0.756,-0.571,0.319,-0.896,-0.138,0.423,,,,none
50.353944,0.645,-0.682,0.344,0.812,-0.575,-0.101,-0.744,0.426,-0.515,0.05,0.922,0.383,-0.741,0.642,-0.198,,,,-0.544,0.81,0.22,-0.948,0.035,-0.316,,,,-0.458,0.867,0.196,-0.971,0.083,-0.222,,,,-0.638,0.738,0.219,-0.928,0.371,0.0,,,,-0.767,-0.582,0.27,-0.922,-0.288,0.259,,,,none
50.389451,0.653,-0.678,0.338,0.557,-0.658,-0.506,-0.729,0.428,-0.534,0.041,0.923,0.383,-0.953,0.283,-0.103,,,,-0.555,0.804,0.214,-0.895,0.092,-0.436,,,,-0.473,0.859,0.196,-0.936,0.111,-0.334,,,,-0.653,0.724,0.22,-0.963,0.241,-0.12,,,,-0.756,-0.597,0.268,-0.93,-0.367,0.024,,,,none
50.434858,0.657,-0.671,0.344,-0.0,-0.504,-0.864,-0.767,0.429,-0.477,0.052,0.917,0.395,-0.973,0.073,-0.219,,,,-0.556,0.8,0.228,-0.824,-0.024,-0.565,,,,-0.469,0.858,0.212,-0.889,-0.025,-0.457,,,,-0.647,0.728,0.23,-0.964,0.029,-0.263,,,,-0.746,-0.589,0.31,-0.91,-0.255,-0.328,,,,none
50.86291,0.666,-0.664,0.34,0.058,-0.351,-0.935,-0.767,0.429,-0.477,0.058,0.91,0.411,-0.992,-0.025,-0.127,,,,-0.557,0.794,0.245,-0.845,-0.154,-0.512,,,,-0.468,0.853,0.23,-0.897,-0.14,-0.42,,,,-0.646,0.725,0.241,-0.966,-0.129,-0.225,,,,-0.738,-0.593,0.322,-0.755,-0.293,-0.587,,,,none
50.863047,0.671,-0.654,0.348,0.061,-0.242,-0.968,-0.734,0.442,-0.516,0.068,0.901,0.428,-0.976,-0.195,-0.098,,,,-0.556,0.788,0.264,-0.838,-0.349,-0.419,,,,-0.466,0.849,0.249,-0.864,-0.314,-0.393,,,,-0.641,0.723,0.258,-0.911,-0.391,-0.13,,,,-0.727,-0.606,0.322,-0.516,-0.258,-0.817,,,,none
50.863187,0.685,-0.635,0.357,-0.54,0.06,-0.84,-0.734,0.442,-0.516,0.079,0.894,0.44,-0.874,-0.397,-0.278,,,,-0.551,0.786,0.28,-0.561,-0.608,-0.561,,,,-0.46,0.848,0.262,-0.561,-0.608,-0.561,,,,-0.634,0.724,0.27,-0.654,-0.654,-0.381,,,,-0.719,-0.611,0.331,-0.301,0.129,-0.945,,,,none
50.86332,0.686,-0.645,0.336,-0.54,0.06,-0.84,-0.725,0.443,-0.528,0.074,0.885,0.459,-0.801,-0.464,-0.379,,,,-0.56,0.776,0.291,-0.384,-0.721,-0.577,,,,-0.467,0.84,0.275,-0.386,-0.676,-0.628,,,,-0.637,0.717,0.284,-0.433,-0.758,-0.487,,,,-0.712,-0.62,0.331,-0.172,0.206,-0.963,,,,none
50.863451,0.691,-0.646,0.323,-0.698,0.161,-0.698,-0.725,0.443,-0.528,0.053,0.885,0.462,-0.554,-0.693,-0.462,,,,-0.58,0.764,0.282,-0.05,-0.893,-0.447,,,,-0.488,0.83,0.27,-0.049,-0.839,-0.543,,,,-0.657,0.7,0.281,-0.057,-0.915,-0.4,,,,-0.708,-0.632,0.314,-0.041,0.328,-0.944,,,,none
50.863662,0.685,-0.655,0.32,-0.631,0.451,-0.631,-0.725,0.443,-0.528,0.053,0.886,0.461,-0.084,-0.836,-0.543,,,,-0.579,0.765,0.281,0.404,-0.897,-0.179,,,,-0.486,0.831,0.27,0.331,-0.91,-0.248,,,,-0.652,0.705,0.28,0.365,-0.913,-0.183,,,,-0.71,-0.627,0.322,0.09,0.315,-0.945,,,,none
50.863805,0.69,-0.649,0.32,-0.56,0.388,-0.732,-0.752,0.4,-0.524,0.051,0.88,0.472,-0.156,-0.937,-0.312,,,,-0.581,0.76,0.291,0.242,-0.97,-0.035,,,,-0.488,0.826,0.283,0.18,-0.973,-0.144,,,,-0.65,0.702,0.293,0.279,-0.957,-0.08,,,,-0.704,-0.634,0.32,0.194,0.146,-0.97,,,,none
50.864735,0.696,-0.64,0.326,-0.31,0.689,-0.655,-0.752,0.4,-0.524,0.058,0.875,0.48,-0.316,-0.949,0.0,,,,-0.577,0.758,0.305,0.055,-0.997,0.055,,,,-0.484,0.823,0.297,-0.03,-1.0,-0.0,,,,-0.644,0.7,0.307,0.106,-0.994,0.035,,,,-0.693,-0.644,0.325,0.647,-0.185,-0.74,,,,none
50.864861,0.7,-0.628,0.34,-0.21,0.721,-0.661,-0.757,0.406,-0.513,0.09,0.874,0.477,-0.39,-0.918,0.069,,,,-0.549,0.772,0.319,0.0,-1.0,0.024,,,,-0.452,0.839,0.304,-0.077,-0.997,0.026,,,,-0.619,0.721,0.31,0.066,-0.996,0.066,,,,-0.688,-0.631,0.36,0.9,-0.327,-0.286,,,,none
50.864986,0.694,-0.624,0.36,-0.136,0.845,-0.518,-0.757,0.406,-0.513,0.125,0.869,0.478,-0.496,-0.868,-0.0,,,,-0.523,0.783,0.338,-0.085,-0.993,-0.085,,,,-0.421,0.849,0.32,-0.141,-0.99,-0.028,,,,-0.592,0.741,0.318,0.0,-0.999,0.038,,,,-0.684,-0.624,0.377,0.885,-0.279,-0.373,,,,none
50.894923,0.703,-0.607,0.372,-0.216,0.803,-0.556,-0.757,0.378,-0.533,0.139,0.862,0.488,-0.535,-0.844,0.028,,,,-0.516,0.78,0.354,-0.202,-0.974,-0.101,,,,-0.411,0.847,0.336,-0.274,-0.959,-0.069,,,,-0.582,0.743,0.331,-0.148,-0.984,0.098,,,,-0.675,-0.62,0.4,0.874,-0.257,-0.411,,,,none
50.933848,0.698,-0.608,0.379,0.0,0.84,-0.543,-0.757,0.378,-0.533,0.157,0.86,0.485,-0.594,-0.804,-0.035,,,,-0.499,0.79,0.358,-0.325,-0.927,-0.185,,,,-0.391,0.856,0.339,-0.325,-0.927,-0.185,,,,-0.568,0.754,0.331,-0.336,-0.942,-0.0,,,,-0.671,-0.612,0.418,0.786,-0.437,-0.437,,,,none
51.371957,0.699,-0.602,0.386,0.0,0.84,-0.543,-0.742,0.385,-0.549,0.154,0.86,0.487,-0.642,-0.696,-0.321,,,,-0.508,0.785,0.354,-0.277,-0.83,-0.484,,,,-0.401,0.851,0.338,-0.211,-0.844,-0.493,,,,-0.577,0.746,0.331,-0.291,-0.874,-0.389,,,,-0.672,-0.62,0.406,0.12,0.241,-0.963,,,,none
51.372101,0.705,-0.598,0.381,-0.815,0.371,-0.445,-0.742,0.385,-0.549,0.143,0.86,0.49,-0.535,-0.535,-0.654,,,,-0.52,0.779,0.351,-0.078,-0.705,-0.705,,,,-0.412,0.847,0.337,0.074,-0.667,-0.741,,,,-0.586,0.739,0.332,-0.101,-0.704,-0.704,,,,-0.672,-0.621,0.404,-0.173,0.605,-0.777,,,,none
51.37223,0.699,-0.612,0.37,-0.87,-0.097,-0.483,-0.741,0.403,-0.537,0.137,0.862,0.488,0.348,-0.348,-0.87,,,,-0.525,0.778,0.345,0.941,-0.282,-0.188,,,,-0.417,0.847,0.33,0.889,-0.41,-0.205,,,,-0.591,0.738,0.326,0.878,-0.479,0.0,,,,-0.673,-0.621,0.402,-0.605,0.518,-0.605,,,,none
51.372362,0.704,-0.61,0.364,-0.808,-0.115,-0.577,-0.741,0.403,-0.537,0.135,0.866,0.481,0.752,-0.173,-0.636,,,,-0.523,0.783,0.337,0.855,-0.367,0.367,,,,-0.421,0.848,0.322,0.857,-0.514,0.0,,,,-0.595,0.736,0.322,0.824,-0.549,0.137,,,,-0.676,-0.627,0.387,-0.679,0.407,-0.611,,,,none
51.372484,0.703,-0.612,0.363,-0.808,-0.115,-0.577,-0.746,0.366,-0.556,0.128,0.869,0.478,0.933,-0.161,-0.322,,,,-0.523,0.782,0.34,0.819,-0.295,0.492,,,,-0.417,0.848,0.326,0.85,-0.496,0.177,,,,-0.587,0.741,0.327,0.873,-0.436,0.218,,,,-0.673,-0.617,0.407,-0.769,0.355,-0.532,,,,none
51.372622,0.706,-0.61,0.36,-0.815,-0.453,-0.362,-0.746,0.366,-0.556,0.124,0.872,0.473,0.876,-0.138,-0.461,,,,-0.524,0.783,0.335,0.816,-0.432,0.384,,,,-0.419,0.848,0.325,0.755,-0.647,-0.108,,,,-0.587,0.741,0.327,0.778,-0.623,-0.078,,,,-0.675,-0.628,0.387,-0.862,0.227,-0.454,,,,none
51.372774,0.71,-0.611,0.35,-0.811,-0.487,-0.324,-0.739,0.387,-0.552,0.122,0.883,0.452,0.888,-0.187,-0.421,,,,-0.52,0.795,0.312,0.769,-0.452,0.452,,,,-0.419,0.856,0.302,0.731,-0.682,0.0,,,,-0.594,0.743,0.308,0.732,-0.671,0.122,,,,-0.67,-0.639,0.377,-0.769,0.202,-0.607,,,,none
51.373821,0.713,-0.612,0.342,-0.656,-0.375,-0.656,-0.741,0.393,-0.545,0.122,0.877,0.464,0.948,-0.158,-0.276,,,,-0.512,0.793,0.332,0.725,-0.382,0.573,,,,-0.41,0.853,0.323,0.774,-0.592,0.228,,,,-0.58,0.746,0.326,0.744,-0.573,0.344,,,,-0.666,-0.642,0.38,-0.897,0.179,-0.404,,,,none
51.373953,0.717,-0.607,0.341,-0.0,-0.6,-0.8,-0.741,0.393,-0.545,0.122,0.88,0.459,0.968,-0.176,-0.176,,,,-0.51,0.795,0.329,0.404,-0.538,0.74,,,,-0.409,0.855,0.318,0.453,-0.815,0.362,,,,-0.582,0.747,0.322,0.196,-0.784,0.588,,,,-0.663,-0.649,0.373,-0.862,-0.091,-0.499,,,,none
51.374074,0.723,-0.599,0.345,-0.108,-0.647,-0.755,-0.741,0.393,-0.545,0.145,0.899,0.412,1.0,-0.023,0.0,,,,-0.484,0.824,0.294,0.645,-0.111,0.756,,,,-0.391,0.875,0.285,0.814,-0.28,0.509,,,,-0.574,0.763,0.295,0.744,-0.357,0.565,,,,-0.653,-0.655,0.381,-0.945,-0.129,-0.301,,,,none
51.395601,0.73,-0.59,0.345,-0.293,-0.807,-0.513,-0.759,0.385,-0.524,0.145,0.907,0.396,1.0,0.014,0.0,,,,-0.47,0.835,0.286,0.728,-0.059,0.683,,,,-0.379,0.884,0.272,0.863,-0.179,0.472,,,,-0.567,0.772,0.289,0.824,-0.318,0.468,,,,-0.647,-0.67,0.365,-0.966,0.072,-0.25,,,,none
51.439134,0.737,-0.595,0.323,-0.742,-0.636,-0.212,-0.759,0.385,-0.524,0.195,0.958,0.21,0.998,0.028,0.05,,,,-0.374,0.921,0.111,0.763,0.039,0.646,,,,-0.311,0.947,0.083,0.857,-0.039,0.513,,,,-0.552,0.824,0.126,0.871,-0.21,0.445,,,,-0.626,-0.665,0.408,-0.958,0.202,0.202,,,,none
51.882923,0.732,-0.598,0.326,-0.68,-0.733,0.0,-0.746,0.392,-0.538,0.178,0.976,0.128,0.995,-0.02,0.099,,,,-0.315,0.947,0.058,0.764,-0.02,0.645,,,,-0.245,0.969,0.002,0.834,-0.076,0.547,,,,-0.493,0.869,0.047,0.883,-0.177,0.434,,,,-0.644,-0.683,0.344,-0.89,0.371,0.267,,,,none
51.883064,0.739,-0.595,0.316,-0.807,-0.585,0.079,-0.746,0.392,-0.538,0.14,0.986,0.086,0.997,-0.06,0.045,,,,-0.296,0.954,0.041,0.829,-0.045,0.557,,,,-0.203,0.979,-0.004,0.873,-0.052,0.485,,,,-0.415,0.909,0.044,0.94,-0.115,0.321,,,,-0.662,-0.673,0.328,-0.82,0.467,0.332,,,,none
51.883206,0.733,-0.627,0.264,-0.815,-0.558,0.157,-0.771,0.391,-0.502,0.156,0.988,0.01,0.995,-0.049,0.089,,,,-0.237,0.971,0.018,0.823,-0.005,0.568,,,,-0.145,0.989,-0.02,0.866,-0.003,0.5,,,,-0.367,0.93,0.028,0.955,-0.064,0.29,,,,-0.693,-0.663,0.285,-0.792,0.317,0.522,,,,none
51.883328,0.743,-0.608,0.281,-0.841,-0.505,0.192,-0.771,0.391,-0.502,0.169,0.983,-0.065,0.988,-0.042,0.149,,,,-0.216,0.976,-0.021,0.772,-0.043,0.634,,,,-0.192,0.981,-0.005,0.823,-0.141,0.551,,,,-0.388,0.918,0.076,0.942,-0.155,0.296,,,,-0.709,-0.672,0.211,-0.756,0.3,0.582,,,,none
51.883452,0.723,-0.619,0.306,-0.871,-0.39,0.298,-0.77,0.426,-0.475,0.17,0.968,-0.187,0.968,-0.133,0.212,,,,-0.165,0.979,-0.123,0.741,-0.233,0.63,,,,-0.129,0.984,-0.122,0.645,-0.61,0.459,,,,-0.376,0.926,-0.022,0.836,-0.503,0.218,,,,-0.731,-0.659,0.178,-0.471,0.349,0.81,,,,none
51.883595,0.678,-0.691,0.251,-0.86,0.275,0.43,-0.77,0.426,-0.475,0.197,0.946,-0.256,0.967,-0.126,0.222,,,,-0.106,0.977,-0.184,0.735,-0.277,0.619,,,,-0.075,0.978,-0.193,0.566,-0.737,0.369,,,,-0.342,0.932,-0.118,0.88,-0.468,0.08,,,,-0.786,-0.589,0.187,-0.489,0.244,0.838,,,,none
51.883725,0.714,-0.65,0.258,-0.75,0.241,0.616,-0.737,0.479,-0.477,0.205,0.926,-0.318,0.957,-0.166,0.239,,,,-0.078,0.966,-0.245,0.693,-0.353,0.628,,,,-0.069,0.97,-0.235,0.528,-0.775,0.346,,,,-0.349,0.924,-0.158,0.891,-0.445,0.093,,,,-0.799,-0.587,0.13,-0.457,0.327,0.827,,,,none
51.884783,0.682,-0.688,0.249,-0.585,0.691,0.425,-0.754,0.457,-0.473,0.21,0.909,-0.359,0.967,0.081,0.242,,,,-0.047,0.955,-0.292,0.619,-0.197,0.76,,,,-0.051,0.959,-0.28,0.475,-0.713,0.515,,,,-0.346,0.916,-0.204,0.935,-0.14,0.327,,,,-0.811,-0.553,0.19,-0.752,-0.047,0.658,,,,none
51.884917,0.696,-0.667,0.264,0.968,0.176,0.176,-0.758,0.458,-0.465,0.217,0.899,-0.381,0.83,0.553,0.069,,,,-0.037,0.949,-0.312,0.462,0.154,0.873,,,,-0.055,0.955,-0.292,0.477,-0.191,0.858,,,,-0.352,0.911,-0.214,0.625,0.469,0.625,,,,-0.806,-0.569,0.163,-0.906,-0.418,-0.07,,,,none
51.885059,0.701,-0.656,0.28,0.923,0.231,-0.308,-0.758,0.458,-0.465,0.233,0.889,-0.394,0.44,0.88,-0.176,,,,-0.018,0.944,-0.33,0.152,0.531,0.834,,,,-0.043,0.951,-0.305,0.0,0.514,0.857,,,,-0.345,0.91,-0.228,0.0,0.819,0.573,,,,-0.798,-0.575,0.179,-0.725,-0.242,-0.645,,,,none
51.900821,0.692,-0.663,0.285,0.905,-0.302,-0.302,-0.758,0.458,-0.465,0.246,0.888,-0.389,-0.083,0.745,-0.662,,,,-0.0,0.947,-0.322,-0.331,0.883,0.331,,,,-0.025,0.954,-0.299,-0.696,0.696,-0.174,,,,-0.328,0.916,-0.23,-0.566,0.808,0.162,,,,-0.795,-0.572,0.201,-0.821,-0.063,-0.568,,,,none
51.947324,0.706,-0.646,0.289,0.808,-0.505,-0.303,-0.745,0.456,-0.487,0.249,0.888,-0.387,-0.224,0.822,-0.523,,,,0.002,0.947,-0.322,-0.612,0.786,0.087,,,,-0.023,0.955,-0.296,-0.707,0.707,-0.0,,,,-0.328,0.917,-0.226,-0.659,0.725,0.198,,,,-0.789,-0.585,0.187,-0.599,-0.05,-0.799,,,,none
52.391978,0.7,-0.655,0.285,0.723,-0.402,-0.562,-0.745,0.456,-0.487,0.25,0.888,-0.385,-0.438,0.712,-0.548,,,,-0.001,0.947,-0.32,-0.744,0.62,-0.248,,,,-0.026,0.955,-0.296,-0.745,0.596,-0.298,,,,-0.328,0.918,-0.224,-0.839,0.543,0.049,,,,-0.785,-0.588,0.194,-0.529,0.07,-0.846,,,,none
52.39212,0.705,-0.657,0.269,0.548,-0.685,-0.48,-0.756,0.479,-0.446,0.239,0.896,-0.375,-0.631,0.505,-0.589,,,,-0.017,0.95,-0.312,-0.835,0.264,-0.483,,,,-0.041,0.959,-0.281,-0.873,0.154,-0.462,,,,-0.339,0.918,-0.205,-0.956,0.283,-0.071,,,,-0.78,-0.601,0.173,-0.507,0.253,-0.824,,,,none
52.392266,0.703,-0.661,0.263,0.262,-0.682,-0.682,-0.756,0.479,-0.446,0.234,0.902,-0.362,-0.727,0.553,-0.407,,,,-0.022,0.954,-0.298,-0.873,0.218,-0.436,,,,-0.044,0.963,-0.267,-0.962,0.066,-0.265,,,,-0.34,0.921,-0.189,-0.967,0.252,0.021,,,,-0.778,-0.605,0.17,-0.461,0.202,-0.864,,,,none
52.392402,0.726,-0.637,0.258,0.433,-0.577,-0.693,-0.769,0.434,-0.469,0.226,0.905,-0.36,-0.732,0.661,-0.165,,,,-0.036,0.954,-0.299,-0.931,0.288,-0.222,,,,-0.057,0.962,-0.266,-0.999,0.049,0.024,,,,-0.361,0.917,-0.172,-0.953,0.292,0.077,,,,-0.767,-0.625,0.147,-0.447,-0.056,-0.893,,,,none
52.392557,0.743,-0.613,0.267,0.456,-0.424,-0.782,-0.769,0.434,-0.469,0.228,0.91,-0.346,-0.881,0.472,-0.031,,,,-0.041,0.957,-0.287,-0.996,0.028,-0.085,,,,-0.056,0.965,-0.258,-0.98,-0.14,0.14,,,,-0.358,0.92,-0.16,-0.989,0.131,0.075,,,,-0.754,-0.642,0.142,-0.284,-0.035,-0.958,,,,none
52.39269,0.738,-0.621,0.265,-0.05,-0.447,-0.893,-0.785,0.428,-0.448,0.248,0.914,-0.321,-0.931,0.353,-0.096,,,,-0.025,0.966,-0.259,-0.986,-0.087,-0.145,,,,-0.028,0.97,-0.241,-0.996,-0.0,0.093,,,,-0.343,0.934,-0.101,-0.995,0.027,-0.095,,,,-0.744,-0.646,0.168,-0.25,0.125,-0.96,,,,none
52.392816,0.753,-0.605,0.258,-0.0,-0.507,-0.862,-0.781,0.406,-0.474,0.245,0.919,-0.308,-0.934,0.356,0.044,,,,-0.031,0.968,-0.25,-0.986,-0.152,0.076,,,,-0.035,0.972,-0.232,-0.871,-0.448,0.199,,,,-0.347,0.937,-0.049,-0.988,-0.049,-0.147,,,,-0.732,-0.661,0.168,-0.152,-0.076,-0.986,,,,none
52.393836,0.752,-0.605,0.26,-0.088,0.704,-0.704,-0.781,0.406,-0.474,0.26,0.921,-0.291,-0.91,0.331,0.248,,,,-0.028,0.973,-0.229,-0.915,-0.057,0.4,,,,0.002,0.976,-0.216,-0.72,-0.48,0.502,,,,-0.418,0.899,0.129,-0.946,-0.018,-0.323,,,,-0.729,-0.661,0.181,0.667,-0.333,0.667,,,,none
52.393969,0.748,-0.616,0.249,-0.731,0.682,0.0,-0.785,0.398,-0.475,0.25,0.924,-0.29,-0.99,0.141,-0.0,,,,-0.03,0.972,-0.232,-0.925,0.092,0.37,,,,-0.027,0.983,-0.182,-0.632,-0.508,0.585,,,,-0.354,0.929,0.106,-0.863,0.121,-0.491,,,,-0.738,-0.658,0.149,0.331,0.331,0.883,,,,none
52.394093,0.743,-0.623,0.245,-0.642,0.749,-0.161,-0.785,0.398,-0.475,0.253,0.922,-0.294,-0.436,-0.218,0.873,,,,-0.026,0.973,-0.229,-0.574,0.503,0.646,,,,-0.012,0.987,-0.161,-0.606,-0.662,0.441,,,,-0.41,0.907,0.093,-0.927,0.075,-0.366,,,,-0.761,-0.621,0.19,0.416,-0.208,0.885,,,,none
52.411035,0.732,-0.625,0.273,-0.192,0.962,-0.192,-0.761,0.442,-0.475,0.264,0.917,-0.298,-0.666,0.499,-0.555,,,,-0.021,0.974,-0.226,-0.69,0.69,-0.218,,,,0.012,0.995,-0.102,-0.718,-0.628,0.3,,,,-0.524,0.779,0.344,-0.936,0.007,-0.353,,,,-0.752,-0.634,0.182,-0.816,-0.408,0.408,,,,none
52.456771,0.77,-0.582,0.262,-0.686,-0.374,-0.624,-0.761,0.442,-0.475,0.224,0.924,-0.309,-0.529,-0.244,-0.813,,,,-0.074,0.965,-0.25,-0.365,0.532,-0.764,,,,-0.017,0.999,-0.05,-0.504,-0.126,0.854,,,,-0.546,0.689,0.477,-0.777,0.107,-0.62,,,,-0.728,-0.666,0.164,0.327,-0.14,0.935,,,,none
52.902928,0.726,-0.654,0.21,-0.489,0.837,-0.245,-0.761,0.442,-0.475,0.239,0.933,-0.269,-0.766,-0.455,0.455,,,,-0.044,0.977,-0.208,-0.81,-0.54,0.228,,,,0.024,0.995,-0.095,-0.099,0.989,-0.111,,,,-0.575,0.791,0.207,-0.796,-0.004,-0.605,,,,-0.772,-0.601,0.206,0.488,-0.617,0.617,,,,none
52.903079,0.75,-0.616,0.24,0.033,0.919,-0.394,-0.764,0.369,-0.53,0.256,0.924,-0.284,-0.934,-0.187,0.304,,,,-0.03,0.974,-0.223,-0.823,-0.527,0.214,,,,0.019,0.992,-0.128,-0.299,0.896,-0.33,,,,-0.655,0.667,0.355,-0.798,0.028,-0.602,,,,-0.765,-0.615,0.193,0.546,-0.741,0.39,,,,none
52.903209,0.737,-0.617,0.276,-0.271,0.962,-0.025,-0.764,0.369,-0.53,0.281,0.926,-0.251,-0.832,-0.031,0.554,,,,-0.011,0.984,-0.179,-0.687,-0.589,0.425,,,,0.045,0.993,-0.107,-0.85,0.51,-0.128,,,,-0.959,-0.073,0.273,-0.761,0.057,-0.646,,,,-0.763,-0.601,0.236,0.695,-0.58,0.425,,,,none
52.903332,0.742,-0.597,0.304,0.19,0.978,-0.082,-0.74,0.436,-0.512,0.305,0.918,-0.253,-0.53,0.298,0.794,,,,0.017,0.984,-0.178,-0.605,-0.518,0.605,,,,0.062,0.993,-0.1,-0.932,-0.226,0.283,,,,-0.837,-0.33,0.436,-0.702,0.01,-0.712,,,,-0.766,-0.594,0.245,0.683,-0.683,0.256,,,,none
52.903456,0.74,-0.599,0.308,0.194,0.969,-0.155,-0.757,0.423,-0.497,0.299,0.92,-0.253,-0.075,0.491,0.868,,,,0.006,0.984,-0.177,-0.47,-0.47,0.747,,,,0.052,0.993,-0.103,-0.855,-0.367,0.367,,,,-0.756,-0.354,0.551,-0.63,0.036,-0.776,,,,-0.772,-0.589,0.24,0.724,-0.669,-0.167,,,,none
52.903591,0.72,-0.622,0.308,-0.095,0.953,-0.286,-0.763,0.403,-0.506,0.308,0.92,-0.243,-0.174,0.696,0.696,,,,0.016,0.987,-0.162,-0.555,-0.359,0.751,,,,0.063,0.993,-0.096,-0.95,-0.173,0.259,,,,-0.741,-0.43,0.516,-0.608,0.054,-0.792,,,,-0.768,-0.577,0.277,0.39,-0.488,-0.781,,,,none
52.903715,0.736,-0.602,0.311,-0.095,0.953,-0.286,-0.762,0.39,-0.518,0.319,0.916,-0.244,-0.108,0.647,0.755,,,,0.025,0.988,-0.155,-0.458,-0.229,0.859,,,,0.065,0.995,-0.079,-0.704,-0.352,0.616,,,,-0.767,-0.359,0.532,-0.461,-0.138,-0.876,,,,-0.763,-0.583,0.279,-0.0,-0.581,-0.814,,,,none
52.904757,0.737,-0.596,0.319,0.745,0.298,-0.596,-0.755,0.413,-0.508,0.324,0.915,-0.239,-0.707,0.707,-0.0,,,,0.032,0.988,-0.151,-0.789,-0.0,0.614,,,,0.07,0.995,-0.069,-0.919,-0.0,0.394,,,,-0.77,-0.298,0.565,0.267,-0.535,-0.802,,,,-0.76,-0.592,0.269,-0.605,-0.173,-0.777,,,,none
52.904889,0.733,-0.609,0.303,0.662,-0.53,-0.53,-0.755,0.413,-0.508,0.316,0.919,-0.234,-0.722,0.619,-0.309,,,,0.02,0.989,-0.144,-0.864,0.432,0.259,,,,0.056,0.997,-0.059,-0.717,0.598,0.359,,,,-0.758,-0.342,0.556,0.574,-0.503,0.646,,,,-0.757,-0.601,0.255,-0.725,-0.242,-0.645,,,,none
52.905024,0.744,-0.593,0.309,0.0,0.447,-0.894,-0.768,0.392,-0.507,0.306,0.924,-0.227,-0.931,-0.072,-0.358,,,,0.004,0.991,-0.134,-0.987,-0.071,-0.141,,,,0.041,0.998,-0.048,-0.97,0.243,-0.0,,,,-0.748,-0.327,0.578,0.644,0.143,0.751,,,,-0.76,-0.603,0.244,-0.555,0.0,-0.832,,,,none
52.90735,0.738,-0.6,0.308,-0.371,0.557,-0.743,-0.768,0.392,-0.507,0.298,0.931,-0.211,-0.918,-0.204,-0.34,,,,-0.012,0.993,-0.116,-0.866,-0.321,-0.385,,,,0.027,0.999,-0.024,-0.883,-0.084,-0.462,,,,-0.772,-0.254,0.583,0.537,0.447,0.716,,,,-0.761,-0.604,0.236,-0.254,0.254,-0.933,,,,none
52.945733,0.727,-0.615,0.306,-0.477,0.667,-0.572,-0.768,0.392,-0.507,0.31,0.933,-0.183,-0.983,-0.018,-0.182,,,,-0.033,0.997,-0.072,-0.886,-0.267,-0.38,,,,-0.021,0.996,0.081,-0.887,-0.024,-0.461,,,,-0.782,-0.216,0.584,0.06,0.953,0.298,,,,-0.761,-0.592,0.267,-0.274,0.069,-0.959,,,,none
52.990825,0.748,-0.585,0.314,0.312,0.156,-0.937,-0.746,0.421,-0.516,0.322,0.93,-0.178,-0.995,-0.041,-0.092,,,,-0.006,0.996,-0.085,-0.868,-0.322,-0.378,,,,-0.07,0.994,0.087,-0.804,0.073,-0.59,,,,-0.778,-0.281,0.561,-0.31,0.93,-0.197,,,,-0.75,-0.613,0.248,-0.433,0.248,-0.867,,,,none
53.412384,0.739,-0.599,0.31,-0.706,0.471,-0.529,-0.746,0.421,-0.516,0.372,0.919,-0.13,-0.978,0.101,0.182,,,,0.026,0.999,-0.042,-0.957,-0.289,0.008,,,,-0.225,0.929,0.294,-0.726,0.163,-0.668,,,,-0.756,-0.202,0.622,-0.488,0.677,-0.551,,,,-0.745,-0.612,0.265,-0.476,0.417,-0.774,,,,none
53.41254,0.763,-0.575,0.295,-0.248,0.331,-0.91,-0.757,0.396,-0.519,0.287,0.952,-0.103,-0.966,-0.259,0.0,,,,-0.061,0.998,-0.006,-0.926,-0.168,-0.337,,,,-0.107,0.961,0.255,-0.762,0.239,-0.602,,,,-0.8,-0.33,0.501,-0.544,0.561,-0.624,,,,-0.735,-0.639,0.229,0.912,0.228,0.342,,,,none
53.412684,0.739,-0.599,0.309,-0.331,0.932,-0.15,-0.757,0.396,-0.519,0.306,0.951,-0.044,-0.966,-0.184,0.184,,,,-0.056,0.998,0.038,-0.903,0.204,-0.379,,,,-0.302,0.851,0.43,-0.766,0.172,-0.62,,,,-0.816,-0.304,0.491,-0.661,0.272,-0.7,,,,-0.75,-0.607,0.263,0.679,-0.407,0.611,,,,none
53.412825,0.767,-0.574,0.288,-0.064,0.933,-0.354,-0.757,0.396,-0.519,0.236,0.965,0.118,-0.992,-0.103,-0.077,,,,-0.197,0.963,0.182,-0.837,-0.048,-0.545,,,,-0.356,0.858,0.37,-0.77,0.124,-0.626,,,,-0.779,-0.324,0.536,-0.719,0.169,-0.674,,,,-0.739,-0.628,0.244,0.51,-0.353,0.784,,,,none
53.41295,0.737,-0.567,0.368,-0.394,0.919,0.0,-0.757,0.396,-0.519,0.327,0.942,0.078,-0.987,-0.129,-0.093,,,,-0.111,0.981,0.16,-0.714,-0.085,-0.695,,,,-0.459,0.729,0.507,-0.704,0.162,-0.691,,,,-0.789,-0.433,0.435,-0.655,0.195,-0.73,,,,-0.75,-0.593,0.293,0.499,-0.142,0.855,,,,none
53.413075,0.738,-0.573,0.357,-0.315,0.946,0.079,-0.716,0.402,-0.572,0.312,0.95,0.027,-0.981,-0.088,-0.175,,,,-0.1,0.987,0.126,-0.691,-0.022,-0.722,,,,-0.687,0.414,0.597,-0.596,0.222,-0.772,,,,-0.728,-0.609,0.313,-0.564,0.223,-0.795,,,,-0.755,-0.576,0.314,0.487,-0.108,0.866,,,,none
53.413194,0.726,-0.596,0.342,-0.241,0.963,-0.12,-0.726,0.408,-0.554,0.317,0.938,0.141,-0.948,-0.134,-0.289,,,,-0.23,0.938,0.258,-0.683,-0.005,-0.73,,,,-0.758,0.052,0.651,-0.48,0.257,-0.839,,,,-0.626,-0.724,0.29,-0.517,0.107,-0.849,,,,-0.761,-0.583,0.285,0.384,-0.768,0.512,,,,none
53.414734,0.745,-0.576,0.338,-0.241,0.963,-0.12,-0.713,0.4,-0.576,0.256,0.95,0.181,-0.95,-0.027,-0.312,,,,-0.269,0.932,0.245,-0.682,-0.005,-0.731,,,,-0.788,-0.229,0.572,-0.362,0.322,-0.875,,,,-0.534,-0.813,0.232,-0.518,0.158,-0.841,,,,-0.768,-0.581,0.269,0.738,-0.527,0.422,,,,none
53.414866,0.736,-0.596,0.32,-0.378,0.925,0.042,-0.713,0.4,-0.576,0.246,0.941,0.233,-0.935,-0.166,-0.312,,,,-0.358,0.876,0.322,-0.752,-0.038,-0.658,,,,-0.773,-0.247,0.584,-0.231,0.352,-0.907,,,,-0.551,-0.797,0.247,-0.498,0.097,-0.862,,,,-0.771,-0.585,0.253,0.379,-0.531,-0.758,,,,none
53.414995,0.735,-0.592,0.331,-0.09,0.987,0.135,-0.713,0.4,-0.576,0.272,0.933,0.237,-0.9,-0.331,-0.284,,,,-0.348,0.88,0.323,-0.718,-0.035,-0.695,,,,-0.737,-0.354,0.576,-0.198,0.348,-0.917,,,,-0.523,-0.814,0.252,-0.514,0.217,-0.83,,,,-0.761,-0.577,0.298,0.902,-0.386,-0.193,,,,none
53.458155,0.717,-0.604,0.348,0.342,0.928,0.147,-0.713,0.4,-0.576,0.302,0.924,0.235,-0.268,-0.894,0.358,,,,-0.353,0.863,0.361,-0.663,0.166,-0.73,,,,-0.767,-0.265,0.585,-0.159,0.264,-0.951,,,,-0.595,-0.753,0.281,-0.483,-0.097,-0.87,,,,-0.756,-0.558,0.342,0.712,-0.641,-0.285,,,,none
53.503553,0.72,-0.584,0.375,0.577,0.577,-0.577,-0.713,0.4,-0.576,0.288,0.931,0.225,0.917,-0.097,0.386,,,,-0.378,0.855,0.355,0.44,0.88,-0.176,,,,-0.777,-0.288,0.559,0.324,0.487,0.811,,,,-0.552,-0.785,0.283,-0.492,-0.615,-0.615,,,,-0.755,-0.566,0.331,0.0,-0.243,-0.97,,,,none
53.923062,0.72,-0.586,0.371,0.843,0.482,-0.241,-0.673,0.388,-0.63,0.285,0.928,0.24,0.927,-0.062,0.371,,,,-0.383,0.848,0.366,0.767,0.307,0.563,,,,-0.8,-0.198,0.567,0.407,-0.094,0.908,,,,-0.59,-0.751,0.295,0.507,-0.169,0.845,,,,-0.753,-0.569,0.33,-0.14,-0.7,-0.7,,,,none
53.923211,0.725,-0.587,0.36,0.625,-0.469,-0.625,-0.689,0.415,-0.594,0.293,0.933,0.209,0.894,-0.0,0.447,,,,-0.377,0.864,0.335,0.809,0.231,0.54,,,,-0.763,-0.337,0.551,0.322,-0.043,0.946,,,,-0.549,-0.793,0.264,0.316,0.0,0.949,,,,-0.753,-0.571,0.327,-0.784,-0.196,-0.588,,,,none
53.923344,0.729,-0.603,0.325,0.667,0.667,-0.333,-0.689,0.415,-0.594,0.291,0.925,0.243,0.826,0.118,0.551,,,,-0.375,0.852,0.365,0.533,0.205,0.821,,,,-0.796,-0.141,0.588,0.286,-0.21,0.935,,,,-0.592,-0.742,0.313,0.498,-0.249,0.83,,,,-0.753,-0.573,0.324,-0.572,-0.667,-0.477,,,,none
53.923464,0.732,-0.566,0.379,0.457,-0.762,-0.457,-0.689,0.415,-0.594,0.296,0.933,0.204,0.646,-0.0,0.763,,,,-0.393,0.858,0.33,0.65,0.26,0.715,,,,-0.782,-0.269,0.562,0.246,-0.049,0.968,,,,-0.549,-0.791,0.27,0.446,0.074,0.892,,,,-0.75,-0.586,0.307,-0.164,0.0,-0.986,,,,none
53.923604,0.724,-0.578,0.375,0.88,0.176,-0.44,-0.682,0.411,-0.605,0.33,0.91,0.25,-0.533,-0.044,0.845,,,,-0.389,0.836,0.387,-0.832,-0.0,-0.555,,,,-0.802,-0.029,0.597,0.196,0.039,0.98,,,,-0.636,-0.689,0.347,0.563,0.0,0.826,,,,-0.749,-0.575,0.33,-0.316,0.0,-0.949,,,,none
53.92373,0.714,-0.585,0.386,0.099,-0.099,-0.99,-0.714,0.401,-0.574,0.294,0.92,0.261,-0.858,-0.146,0.493,,,,-0.443,0.791,0.422,-0.84,-0.0,-0.542,,,,-0.802,-0.096,0.589,-0.53,0.53,-0.662,,,,-0.574,-0.759,0.308,0.487,0.324,0.811,,,,-0.744,-0.576,0.338,-0.291,-0.389,-0.874,,,,none
53.923854,0.725,-0.574,0.38,0.557,0.658,-0.506,-0.681,0.407,-0.609,0.314,0.913,0.26,-0.975,-0.2,0.1,,,,-0.443,0.769,0.461,-0.777,0.047,-0.628,,,,-0.802,-0.045,0.596,-0.449,0.4,-0.799,,,,-0.633,-0.689,0.353,0.345,0.552,0.759,,,,-0.743,-0.577,0.34,-0.082,-0.907,-0.412,,,,none
53.924896,0.737,-0.569,0.365,0.186,0.559,-0.808,-0.683,0.381,-0.623,0.248,0.906,0.343,-0.945,-0.291,-0.15,,,,-0.48,0.713,0.512,-0.711,0.119,-0.693,,,,-0.795,-0.198,0.573,-0.459,0.359,-0.813,,,,-0.57,-0.758,0.318,-0.193,0.836,0.514,,,,-0.736,-0.587,0.339,0.341,-0.936,-0.085,,,,none
53.925029,0.734,-0.57,0.37,0.64,0.725,-0.256,-0.683,0.381,-0.623,0.237,0.887,0.397,-0.937,-0.274,-0.217,,,,-0.532,0.716,0.453,-0.698,0.168,-0.696,,,,-0.795,-0.246,0.555,-0.443,0.389,-0.808,,,,-0.574,-0.744,0.343,-0.276,0.551,0.787,,,,-0.736,-0.585,0.342,0.325,-0.921,0.217,,,,none
53.925155,0.729,-0.546,0.413,0.64,0.725,-0.256,-0.702,0.376,-0.604,0.24,0.882,0.405,-0.907,-0.247,-0.341,,,,-0.622,0.572,0.534,-0.619,0.288,-0.731,,,,-0.788,-0.397,0.47,-0.432,0.403,-0.807,,,,-0.622,-0.695,0.36,-0.504,0.686,0.525,,,,-0.737,-0.572,0.36,0.7,-0.7,-0.14,,,,none
53.961926,0.734,-0.562,0.38,0.669,0.724,-0.167,-0.688,0.37,-0.625,0.335,0.867,0.368,-0.896,-0.24,-0.374,,,,-0.734,-0.192,0.652,-0.385,0.402,-0.831,,,,-0.752,-0.555,0.356,-0.36,0.337,-0.87,,,,-0.65,-0.696,0.304,-0.555,0.62,0.555,,,,-0.738,-0.567,0.367,0.226,-0.566,-0.793,,,,none
54.00791,0.725,-0.543,0.424,0.226,0.566,-0.793,-0.685,0.381,-0.621,0.279,0.808,0.519,-0.928,-0.213,-0.304,,,,-0.811,-0.164,0.562,-0.333,0.412,-0.848,,,,-0.748,-0.516,0.417,-0.314,0.235,-0.92,,,,-0.687,-0.667,0.289,-0.704,0.44,0.557,,,,-0.732,-0.569,0.374,-0.331,-0.331,-0.883,,,,none
54.431895,0.74,-0.537,0.405,0.0,-0.857,-0.514,-0.661,0.39,-0.641,0.252,0.786,0.564,-0.918,-0.109,-0.381,,,,-0.83,-0.229,0.509,-0.325,0.454,-0.83,,,,-0.698,-0.585,0.413,-0.366,0.341,-0.866,,,,-0.618,-0.727,0.3,-0.712,0.565,0.417,,,,-0.729,-0.599,0.332,-0.333,0.444,-0.832,,,,none
54.432081,0.731,-0.575,0.369,-0.946,0.265,0.189,-0.661,0.39,-0.641,0.282,0.727,0.626,-0.911,-0.072,-0.405,,,,-0.853,-0.269,0.448,-0.308,0.415,-0.856,,,,-0.735,-0.587,0.339,-0.346,0.291,-0.892,,,,-0.696,-0.683,0.223,-0.787,0.608,0.107,,,,-0.725,-0.575,0.38,-0.348,0.497,-0.795,,,,none
54.432219,0.73,-0.555,0.399,-0.53,-0.662,-0.53,-0.692,0.394,-0.605,0.213,0.704,0.678,-0.928,-0.027,-0.371,,,,-0.834,-0.319,0.45,-0.28,0.333,-0.9,,,,-0.676,-0.645,0.355,-0.338,0.192,-0.922,,,,-0.624,-0.734,0.27,-0.797,0.507,-0.326,,,,-0.722,-0.605,0.335,-0.44,0.48,-0.759,,,,none
54.432346,0.734,-0.556,0.391,-0.53,-0.662,-0.53,-0.686,0.363,-0.631,0.226,0.673,0.705,-0.907,-0.01,-0.42,,,,-0.826,-0.402,0.396,-0.263,0.39,-0.882,,,,-0.645,-0.696,0.315,-0.338,0.267,-0.902,,,,-0.662,-0.716,0.221,-0.675,0.706,-0.215,,,,-0.717,-0.601,0.353,-0.245,0.686,-0.686,,,,none
54.43247,0.72,-0.594,0.359,0.218,-0.873,-0.436,-0.682,0.416,-0.601,0.246,0.627,0.74,-0.873,0.069,-0.483,,,,-0.766,-0.511,0.39,-0.516,0.393,-0.761,,,,-0.583,-0.765,0.274,-0.422,0.241,-0.874,,,,-0.646,-0.735,0.208,-0.972,0.13,-0.194,,,,-0.714,-0.596,0.367,-0.605,0.173,-0.777,,,,none
54.432657,0.74,-0.568,0.359,0.927,0.265,0.265,-0.686,0.387,-0.616,0.19,0.634,0.749,-0.058,0.351,-0.935,,,,-0.791,-0.474,0.386,-0.678,0.136,0.723,,,,-0.607,-0.733,0.306,-0.745,0.298,0.596,,,,-0.616,-0.757,0.217,-0.778,-0.078,0.623,,,,-0.719,-0.613,0.329,-0.802,-0.535,-0.267,,,,none
54.432799,0.734,-0.575,0.361,-0.329,0.768,0.549,-0.689,0.383,-0.616,0.176,0.633,0.753,0.653,0.218,-0.725,,,,-0.797,-0.471,0.378,-0.073,-0.049,0.996,,,,-0.613,-0.739,0.279,0.206,0.172,0.963,,,,-0.62,-0.759,0.199,-0.148,0.098,0.984,,,,-0.72,-0.605,0.34,0.743,-0.371,0.557,,,,none
54.433753,0.727,-0.564,0.391,0.713,0.583,0.389,-0.664,0.407,-0.627,0.165,0.655,0.738,0.895,0.179,-0.409,,,,-0.822,-0.425,0.379,0.082,-0.164,0.983,,,,-0.611,-0.739,0.284,0.321,-0.017,0.947,,,,-0.626,-0.752,0.205,0.082,-0.137,0.987,,,,-0.721,-0.6,0.346,0.667,-0.572,0.477,,,,none
54.433882,0.73,-0.576,0.368,0.418,0.766,0.488,-0.664,0.407,-0.627,0.176,0.672,0.719,0.916,0.16,-0.367,,,,-0.851,-0.348,0.393,0.124,-0.247,0.961,,,,-0.69,-0.653,0.312,0.338,-0.044,0.94,,,,-0.67,-0.709,0.22,0.094,-0.094,0.991,,,,-0.724,-0.591,0.355,0.699,-0.543,0.466,,,,none
54.43401,0.706,-0.562,0.43,0.63,0.709,0.315,-0.649,0.403,-0.645,0.168,0.69,0.704,0.921,0.14,-0.363,,,,-0.858,-0.337,0.388,0.218,-0.327,0.919,,,,-0.681,-0.666,0.305,0.327,-0.119,0.937,,,,-0.685,-0.691,0.23,0.096,-0.168,0.981,,,,-0.723,-0.579,0.377,0.527,-0.738,0.422,,,,none
54.464327,0.711,-0.582,0.395,0.596,0.745,0.298,-0.665,0.389,-0.637,0.065,0.704,0.707,0.223,0.028,-0.974,,,,-0.891,-0.219,0.397,0.4,-0.3,0.866,,,,-0.705,-0.627,0.33,0.322,-0.127,0.938,,,,-0.689,-0.682,0.246,0.139,-0.179,0.974,,,,-0.723,-0.579,0.376,0.498,-0.83,0.249,,,,none
54.504813,0.719,-0.567,0.402,0.793,0.595,0.132,-0.662,0.387,-0.642,0.043,0.663,0.747,-0.795,0.435,-0.423,,,,-0.894,-0.165,0.417,0.893,-0.053,-0.447,,,,-0.79,-0.475,0.387,0.321,-0.129,0.938,,,,-0.712,-0.646,0.275,0.043,-0.022,0.999,,,,-0.723,-0.58,0.375,0.408,-0.408,-0.816,,,,none
54.939916,0.713,-0.574,0.402,-0.972,0.229,-0.057,-0.662,0.387,-0.642,0.117,0.666,0.736,-0.89,0.209,-0.405,,,,-0.869,-0.211,0.449,0.402,0.195,-0.895,,,,-0.795,-0.454,0.403,0.364,-0.0,0.932,,,,-0.732,-0.626,0.27,-0.066,0.242,0.968,,,,-0.718,-0.573,0.395,-0.196,0.784,-0.588,,,,none
54.942394,0.704,-0.57,0.423,-0.917,0.393,0.066,-0.667,0.372,-0.645,0.038,0.576,0.817,-0.916,0.14,-0.376,,,,-0.845,-0.249,0.473,0.244,0.18,-0.953,,,,-0.778,-0.479,0.406,0.0,0.394,0.919,,,,-0.748,-0.598,0.288,-0.237,0.047,0.97,,,,-0.708,-0.565,0.423,-0.76,0.228,-0.608,,,,none
54.942589,0.716,-0.564,0.41,0.0,-0.832,0.555,-0.667,0.372,-0.645,0.047,0.461,0.886,-0.909,0.13,-0.397,,,,-0.81,-0.325,0.488,0.029,0.304,-0.952,,,,-0.759,-0.503,0.413,-0.752,0.636,-0.173,,,,-0.75,-0.603,0.272,-0.455,0.241,0.857,,,,-0.71,-0.579,0.401,-0.882,0.294,-0.368,,,,none
54.942739,0.725,-0.57,0.386,0.0,-0.832,0.555,-0.639,0.407,-0.653,-0.018,0.436,0.9,-0.948,0.029,-0.317,,,,-0.815,-0.351,0.461,-0.141,0.326,-0.935,,,,-0.749,-0.518,0.413,-0.764,0.509,-0.396,,,,-0.735,-0.619,0.277,-0.621,0.395,0.677,,,,-0.716,-0.593,0.369,-0.816,0.572,-0.082,,,,none
54.942865,0.727,-0.576,0.374,-0.0,0.059,0.998,-0.639,0.407,-0.653,0.081,0.391,0.917,-0.98,-0.058,-0.189,,,,-0.792,-0.377,0.48,-0.254,0.435,-0.864,,,,-0.753,-0.557,0.349,-0.612,0.669,-0.421,,,,-0.737,-0.641,0.214,-0.532,0.677,0.508,,,,-0.727,-0.589,0.352,-0.282,0.941,-0.188,,,,none
54.942986,0.703,-0.58,0.412,-0.0,0.059,0.998,-0.656,0.394,-0.644,0.144,-0.135,0.98,-1.0,-0.021,-0.021,,,,-0.787,-0.483,0.384,-0.315,0.584,-0.748,,,,-0.785,-0.504,0.359,-0.552,0.711,-0.436,,,,-0.774,-0.582,0.25,-0.501,0.751,0.429,,,,-0.721,-0.57,0.395,-0.226,0.959,-0.169,,,,none
54.943111,0.72,-0.566,0.402,-0.563,-0.087,0.822,-0.635,0.414,-0.652,0.014,-0.216,0.976,-0.97,0.219,-0.102,,,,-0.79,-0.507,0.344,-0.296,0.631,-0.717,,,,-0.751,-0.581,0.315,-0.524,0.624,-0.58,,,,-0.759,-0.621,0.194,-0.579,0.749,0.323,,,,-0.723,-0.599,0.344,-0.315,0.945,0.09,,,,none
54.944023,0.695,-0.604,0.39,-0.563,-0.087,0.822,-0.63,0.433,-0.644,-0.107,-0.282,0.954,-0.905,0.39,-0.17,,,,-0.805,-0.561,0.193,-0.249,0.66,-0.709,,,,-0.786,-0.576,0.226,-0.44,0.625,-0.645,,,,-0.794,-0.594,0.129,-0.599,0.754,0.271,,,,-0.73,-0.582,0.357,-0.102,0.82,0.564,,,,none
54.944163,0.678,-0.645,0.353,-0.563,-0.087,0.822,-0.63,0.433,-0.644,-0.131,-0.396,0.909,-0.89,0.34,-0.304,,,,-0.722,-0.672,0.166,-0.081,0.553,-0.829,,,,-0.732,-0.664,0.151,-0.28,0.479,-0.832,,,,-0.795,-0.6,0.092,-0.685,0.685,-0.247,,,,-0.738,-0.567,0.366,-0.212,0.212,0.954,,,,none
54.944293,0.687,-0.602,0.406,0.0,0.989,0.148,-0.653,0.451,-0.609,-0.119,-0.419,0.9,-0.833,0.356,-0.423,,,,-0.675,-0.724,0.145,0.043,0.459,-0.887,,,,-0.688,-0.71,0.151,-0.155,0.456,-0.876,,,,-0.771,-0.631,0.086,-0.581,0.459,-0.673,,,,-0.745,-0.57,0.347,-0.394,-0.0,0.919,,,,none
54.965473,0.68,-0.632,0.372,-0.521,0.853,0.0,-0.653,0.451,-0.609,-0.119,-0.51,0.852,-0.758,0.397,-0.518,,,,-0.551,-0.822,0.143,0.086,0.557,-0.826,,,,-0.637,-0.761,0.126,0.017,0.608,-0.794,,,,-0.768,-0.633,0.104,-0.574,0.646,-0.503,,,,-0.744,-0.564,0.359,0.298,-0.596,0.745,,,,none
55.01101,0.679,-0.631,0.375,0.676,0.737,0.0,-0.631,0.455,-0.628,-0.1,-0.513,0.853,-0.4,0.109,-0.91,,,,-0.634,-0.757,0.158,0.136,0.678,-0.723,,,,-0.69,-0.702,0.178,0.539,0.539,-0.647,,,,-0.788,-0.599,0.143,-0.686,-0.514,0.514,,,,-0.737,-0.55,0.391,0.108,-0.97,0.216,,,,none
55.451289,0.682,-0.594,0.426,0.676,0.737,0.0,-0.615,0.438,-0.656,-0.109,-0.432,0.895,0.426,-0.609,-0.669,,,,-0.655,-0.738,0.166,0.136,-0.272,0.953,,,,-0.681,-0.709,0.181,0.447,-0.0,0.894,,,,-0.759,-0.637,0.135,-0.429,-0.286,0.857,,,,-0.736,-0.571,0.364,-0.514,-0.857,-0.0,,,,none
55.452762,0.674,-0.61,0.417,0.535,0.802,-0.267,-0.618,0.419,-0.665,-0.104,-0.433,0.895,0.647,-0.56,-0.517,,,,-0.664,-0.727,0.177,0.134,-0.313,0.94,,,,-0.699,-0.688,0.194,0.491,-0.246,0.836,,,,-0.78,-0.607,0.151,0.116,-0.349,0.93,,,,-0.73,-0.555,0.399,-0.312,-0.937,-0.156,,,,none
55.452903,0.675,-0.607,0.42,0.535,0.802,-0.267,-0.627,0.415,-0.659,-0.079,-0.433,0.898,0.668,-0.729,-0.152,,,,-0.674,-0.712,0.196,-0.031,-0.435,0.9,,,,-0.708,-0.675,0.208,0.249,-0.498,0.83,,,,-0.778,-0.609,0.155,-0.272,-0.634,0.724,,,,-0.731,-0.553,0.399,-0.614,-0.789,-0.0,,,,none
55.453043,0.681,-0.602,0.417,0.975,-0.209,-0.07,-0.627,0.415,-0.659,-0.063,-0.427,0.902,0.763,-0.646,-0.029,,,,-0.678,-0.708,0.199,-0.054,-0.457,0.888,,,,-0.702,-0.678,0.217,0.217,-0.507,0.834,,,,-0.769,-0.62,0.155,-0.147,-0.662,0.735,,,,-0.732,-0.565,0.381,-0.599,-0.798,-0.067,,,,none
55.453173,0.688,-0.591,0.421,0.928,0.371,-0.0,-0.624,0.45,-0.639,-0.072,-0.382,0.921,0.899,-0.432,-0.072,,,,-0.705,-0.681,0.197,-0.061,-0.306,0.95,,,,-0.717,-0.664,0.211,0.249,-0.285,0.926,,,,-0.774,-0.616,0.147,-0.087,-0.262,0.961,,,,-0.734,-0.57,0.369,-0.651,-0.759,-0.0,,,,none
55.453301,0.676,-0.608,0.415,0.802,0.535,-0.267,-0.615,0.426,-0.664,-0.077,-0.385,0.92,0.881,-0.464,-0.093,,,,-0.698,-0.693,0.184,-0.038,-0.269,0.962,,,,-0.717,-0.666,0.206,0.272,-0.318,0.908,,,,-0.779,-0.61,0.146,-0.136,-0.272,0.953,,,,-0.734,-0.558,0.386,-0.885,-0.442,-0.147,,,,none
55.453428,0.677,-0.597,0.431,0.936,0.341,-0.085,-0.631,0.445,-0.635,-0.073,-0.393,0.917,0.903,-0.428,-0.048,,,,-0.7,-0.687,0.197,-0.073,-0.293,0.953,,,,-0.721,-0.657,0.218,0.258,-0.344,0.903,,,,-0.782,-0.602,0.161,-0.101,-0.404,0.909,,,,-0.734,-0.56,0.386,-0.581,-0.814,0.0,,,,none
55.454296,0.676,-0.597,0.432,0.824,0.549,-0.137,-0.631,0.445,-0.635,-0.06,-0.382,0.922,0.869,-0.463,-0.174,,,,-0.724,-0.659,0.205,-0.044,-0.394,0.918,,,,-0.739,-0.63,0.239,0.235,-0.411,0.881,,,,-0.786,-0.594,0.169,-0.12,-0.241,0.963,,,,-0.733,-0.553,0.397,-0.617,-0.772,-0.154,,,,none
55.454429,0.674,-0.595,0.438,0.816,0.408,-0.408,-0.631,0.445,-0.635,-0.055,-0.369,0.928,0.887,-0.444,-0.127,,,,-0.723,-0.657,0.213,-0.101,-0.404,0.909,,,,-0.739,-0.63,0.239,0.198,-0.33,0.923,,,,-0.788,-0.589,0.178,-0.241,-0.12,0.963,,,,-0.73,-0.55,0.406,-0.784,-0.588,-0.196,,,,none
55.45456,0.675,-0.592,0.44,0.816,0.408,-0.408,-0.604,0.43,-0.671,-0.062,-0.361,0.931,0.905,-0.422,-0.06,,,,-0.739,-0.641,0.206,-0.203,-0.355,0.913,,,,-0.755,-0.611,0.238,0.133,-0.333,0.933,,,,-0.791,-0.587,0.175,-0.492,-0.123,0.862,,,,-0.727,-0.552,0.41,-0.913,-0.365,-0.183,,,,none
55.479186,0.677,-0.589,0.442,-0.0,-0.832,-0.555,-0.604,0.43,-0.671,-0.047,-0.348,0.936,0.843,-0.527,-0.105,,,,-0.734,-0.642,0.223,-0.408,-0.408,0.816,,,,-0.743,-0.617,0.257,-0.136,-0.272,0.953,,,,-0.784,-0.595,0.177,-0.816,0.408,0.408,,,,-0.729,-0.56,0.395,-0.927,0.265,-0.265,,,,none
55.515189,0.679,-0.599,0.425,-0.0,-0.832,-0.555,-0.619,0.437,-0.652,-0.059,-0.373,0.926,0.857,-0.0,-0.514,,,,-0.723,-0.659,0.208,-0.483,-0.097,0.87,,,,-0.742,-0.629,0.234,-0.0,0.243,0.97,,,,-0.787,-0.595,0.164,-0.651,0.651,0.391,,,,-0.727,-0.556,0.404,-0.816,0.408,-0.408,,,,none
55.962949,0.685,-0.592,0.425,0.0,-0.447,-0.894,-0.612,0.408,-0.678,-0.046,-0.369,0.928,0.784,-0.196,-0.588,,,,-0.721,-0.657,0.22,-0.549,-0.137,0.824,,,,-0.738,-0.627,0.248,-0.0,0.0,1.0,,,,-0.783,-0.598,0.172,-0.651,0.651,0.391,,,,-0.729,-0.56,0.394,-0.889,0.381,-0.254,,,,none
55.963099,0.681,-0.593,0.43,-0.905,-0.302,-0.302,-0.612,0.408,-0.678,-0.055,-0.372,0.927,0.688,-0.229,-0.688,,,,-0.72,-0.662,0.208,-0.482,-0.241,0.843,,,,-0.744,-0.626,0.234,-0.164,0.0,0.986,,,,-0.791,-0.589,0.166,-0.772,0.617,0.154,,,,-0.726,-0.556,0.405,-0.927,0.265,-0.265,,,,none
55.963252,0.687,-0.583,0.435,0.577,-0.577,-0.577,-0.621,0.42,-0.661,-0.049,-0.353,0.934,0.885,-0.442,-0.147,,,,-0.733,-0.644,0.218,-0.323,-0.323,0.889,,,,-0.745,-0.62,0.245,-0.098,-0.195,0.976,,,,-0.782,-0.6,0.168,-0.707,0.424,0.566,,,,-0.726,-0.566,0.39,-0.937,0.156,-0.312,,,,none
55.963386,0.685,-0.593,0.424,-0.97,0.243,0.0,-0.621,0.42,-0.661,-0.048,-0.362,0.931,0.688,0.229,-0.688,,,,-0.73,-0.646,0.223,-0.555,-0.0,0.832,,,,-0.746,-0.62,0.243,-0.156,0.312,0.937,,,,-0.783,-0.6,0.165,-0.62,0.744,0.248,,,,-0.727,-0.559,0.399,-0.745,0.596,-0.298,,,,none
55.963531,0.681,-0.597,0.423,-0.943,0.236,0.236,-0.622,0.418,-0.662,-0.062,-0.373,0.926,0.857,-0.286,-0.429,,,,-0.722,-0.661,0.204,-0.309,-0.206,0.928,,,,-0.745,-0.626,0.23,-0.0,-0.141,0.99,,,,-0.786,-0.598,0.16,-0.686,0.514,0.514,,,,-0.728,-0.558,0.398,-0.913,0.183,-0.365,,,,none
55.963655,0.68,-0.596,0.426,0.832,0.0,-0.555,-0.622,0.418,-0.662,-0.052,-0.357,0.933,0.781,-0.488,-0.39,,,,-0.731,-0.648,0.213,-0.07,-0.418,0.906,,,,-0.754,-0.61,0.241,0.206,-0.309,0.928,,,,-0.791,-0.588,0.169,-0.688,0.229,0.688,,,,-0.729,-0.557,0.397,-0.894,-0.0,-0.447,,,,none
55.963775,0.681,-0.594,0.429,-0.894,0.447,0.0,-0.618,0.429,-0.659,-0.046,-0.342,0.939,0.816,-0.408,-0.408,,,,-0.746,-0.627,0.225,-0.168,-0.337,0.926,,,,-0.765,-0.595,0.247,-0.0,0.0,1.0,,,,-0.791,-0.588,0.17,-0.772,0.617,0.154,,,,-0.73,-0.563,0.388,-0.588,0.784,-0.196,,,,none
55.96471,0.683,-0.591,0.43,-0.911,0.13,-0.391,-0.629,0.42,-0.654,-0.049,-0.361,0.931,0.667,-0.333,-0.667,,,,-0.738,-0.639,0.218,-0.156,-0.312,0.937,,,,-0.76,-0.603,0.243,0.0,0.316,0.949,,,,-0.789,-0.592,0.164,-0.762,0.457,-0.457,,,,-0.729,-0.563,0.391,-0.0,0.976,0.217,,,,none
55.964842,0.687,-0.587,0.429,-0.911,0.13,-0.391,-0.621,0.424,-0.66,-0.041,-0.355,0.934,0.816,-0.408,-0.408,,,,-0.733,-0.639,0.231,-0.302,-0.302,0.905,,,,-0.751,-0.611,0.251,-0.0,0.0,1.0,,,,-0.777,-0.607,0.167,-0.873,0.218,-0.436,,,,-0.731,-0.56,0.39,0.272,0.724,0.634,,,,none
55.964966,0.687,-0.587,0.428,-0.818,0.545,0.182,-0.628,0.452,-0.634,-0.041,-0.35,0.936,0.64,-0.0,-0.768,,,,-0.742,-0.63,0.228,-0.577,0.577,0.577,,,,-0.762,-0.596,0.252,-0.229,0.688,-0.688,,,,-0.79,-0.588,0.176,-0.651,0.391,-0.651,,,,-0.74,-0.534,0.409,0.258,0.664,0.701,,,,none
55.982328,0.675,-0.599,0.43,-0.949,0.0,0.316,-0.594,0.433,-0.678,-0.041,-0.354,0.935,0.707,-0.0,-0.707,,,,-0.729,-0.644,0.231,-0.949,0.0,0.316,,,,-0.75,-0.614,0.245,-0.728,0.485,-0.485,,,,-0.778,-0.605,0.171,-0.808,0.115,-0.577,,,,-0.748,-0.525,0.407,-0.073,0.587,0.807,,,,none
56.024734,0.681,-0.596,0.425,-1.0,-0.0,0.0,-0.623,0.44,-0.647,-0.04,-0.344,0.938,0.832,-0.0,-0.555,,,,-0.741,-0.63,0.231,-0.8,0.0,0.6,,,,-0.764,-0.593,0.253,-0.894,0.447,0.0,,,,-0.785,-0.594,0.178,-0.83,0.207,-0.518,,,,-0.75,-0.525,0.403,-0.444,0.444,0.778,,,,none
56.063246,0.678,-0.594,0.432,-0.316,-0.949,0.0,-0.623,0.44,-0.647,-0.04,-0.345,0.938,-0.0,-0.0,-1.0,,,,-0.739,-0.634,0.228,-0.962,-0.192,0.192,,,,-0.76,-0.6,0.249,-0.873,0.218,-0.436,,,,-0.782,-0.597,0.177,-0.777,0.173,-0.605,,,,-0.754,-0.536,0.38,-0.488,0.781,0.39,,,,none
56.47192,0.676,-0.604,0.421,-0.953,-0.272,0.136,-0.618,0.419,-0.665,-0.042,-0.36,0.932,0.894,-0.447,0.0,,,,-0.732,-0.642,0.228,-0.87,-0.348,0.348,,,,-0.758,-0.606,0.24,-0.97,-0.0,-0.243,,,,-0.786,-0.592,0.18,-0.725,0.198,-0.659,,,,-0.77,-0.53,0.355,0.196,0.981,0.0,,,,none
56.472466,0.667,-0.606,0.434,0.44,-0.88,-0.176,-0.618,0.419,-0.665,-0.03,-0.342,0.939,0.816,-0.408,0.408,,,,-0.735,-0.628,0.255,-0.839,-0.466,0.28,,,,-0.753,-0.6,0.271,-0.862,-0.492,0.123,,,,-0.788,-0.588,0.182,-0.615,0.068,-0.786,,,,-0.785,-0.548,0.289,0.701,-0.359,-0.616,,,,none
56.47261,0.689,-0.584,0.429,-0.309,-0.619,-0.722,-0.618,0.419,-0.665,-0.061,-0.334,0.941,0.802,-0.267,-0.535,,,,-0.734,-0.649,0.2,-0.894,-0.447,0.0,,,,-0.753,-0.625,0.205,-0.0,-0.447,-0.894,,,,-0.755,-0.643,0.132,-0.347,0.0,-0.938,,,,-0.751,-0.524,0.402,0.75,-0.296,-0.592,,,,none
56.472736,0.682,-0.604,0.412,-0.104,-0.104,-0.989,-0.623,0.429,-0.654,-0.054,-0.343,0.938,0.625,-0.625,-0.469,,,,-0.745,-0.635,0.206,0.702,-0.702,0.117,,,,-0.766,-0.598,0.237,0.6,-0.8,-0.0,,,,-0.759,-0.63,0.164,-0.23,-0.322,-0.919,,,,-0.735,-0.514,0.443,0.745,-0.363,-0.559,,,,none
56.47287,0.69,-0.59,0.42,0.196,0.0,-0.981,-0.617,0.421,-0.665,-0.044,-0.343,0.938,0.574,-0.503,-0.646,,,,-0.721,-0.655,0.228,0.749,-0.656,-0.094,,,,-0.748,-0.62,0.238,0.702,-0.702,-0.117,,,,-0.729,-0.668,0.15,-0.188,-0.282,-0.941,,,,-0.664,-0.5,0.556,0.736,-0.479,-0.479,,,,none
56.472994,0.693,-0.587,0.419,0.116,0.349,-0.93,-0.639,0.389,-0.664,-0.027,-0.328,0.944,0.638,-0.319,-0.701,,,,-0.735,-0.63,0.251,0.781,-0.488,0.39,,,,-0.757,-0.593,0.274,0.843,-0.482,0.241,,,,-0.74,-0.647,0.182,0.0,-1.0,0.0,,,,-0.661,-0.517,0.544,0.796,-0.537,-0.279,,,,none
56.473115,0.692,-0.579,0.43,0.116,0.349,-0.93,-0.603,0.421,-0.678,-0.017,-0.327,0.945,0.659,-0.0,-0.753,,,,-0.736,-0.627,0.255,0.943,-0.236,0.236,,,,-0.754,-0.596,0.274,0.832,0.0,-0.555,,,,-0.75,-0.633,0.192,-0.688,0.688,-0.229,,,,-0.684,-0.532,0.499,0.867,-0.308,-0.392,,,,none
56.473953,0.716,-0.55,0.431,-0.768,0.329,-0.549,-0.62,0.434,-0.654,-0.002,-0.349,0.937,0.925,-0.37,0.092,,,,-0.728,-0.627,0.278,-0.287,-0.766,0.575,,,,-0.754,-0.585,0.299,-0.226,-0.793,0.566,,,,-0.751,-0.624,0.216,-0.772,0.154,0.617,,,,-0.787,-0.564,0.248,0.487,-0.012,-0.874,,,,none
56.474077,0.775,-0.415,0.477,-0.229,-0.138,-0.964,-0.621,0.406,-0.67,-0.013,-0.299,0.954,0.961,0.087,0.262,,,,-0.778,-0.555,0.294,-0.716,0.239,-0.656,,,,-0.766,-0.554,0.326,-0.797,0.552,-0.245,,,,-0.647,-0.738,0.19,-0.086,0.629,0.772,,,,-0.899,-0.437,0.012,0.568,0.124,-0.814,,,,none
56.480834,0.686,-0.643,0.342,-0.566,-0.109,-0.817,-0.622,0.443,-0.646,-0.035,-0.39,0.92,0.208,0.692,-0.692,,,,-0.735,-0.631,0.25,-0.092,0.586,-0.805,,,,-0.748,-0.609,0.263,-0.355,0.828,-0.434,,,,-0.779,-0.607,0.155,0.026,0.639,0.769,,,,-0.587,-0.173,0.791,0.554,0.092,-0.828,,,,none
56.521362,0.735,-0.55,0.397,-0.984,0.066,-0.164,-0.622,0.443,-0.646,-0.072,-0.28,0.957,0.062,0.685,-0.726,,,,-0.685,-0.695,0.218,0.141,0.693,-0.707,,,,-0.629,-0.751,0.202,-0.076,0.659,0.748,,,,-0.759,-0.643,0.103,0.0,0.564,0.826,,,,-0.16,-0.203,0.966,0.472,0.043,-0.881,,,,none
56.560438,0.708,-0.636,0.306,-0.997,0.046,-0.055,-0.65,0.435,-0.623,-0.035,-0.309,0.95,-0.121,0.709,-0.694,,,,-0.685,-0.692,0.227,0.133,0.845,-0.519,,,,-0.808,-0.546,0.222,-0.073,0.587,0.807,,,,-0.818,-0.553,0.155,0.025,0.663,0.749,,,,0.017,-0.269,0.963,0.319,0.008,-0.948,,,,none
56.981856,0.726,-0.594,0.345,-0.978,0.06,0.2,-0.65,0.435,-0.623,-0.048,-0.292,0.955,-0.229,0.793,-0.564,,,,-0.708,-0.676,0.204,0.018,0.856,-0.517,,,,-0.837,-0.52,0.172,-0.14,0.716,0.684,,,,-0.845,-0.521,0.122,0.0,0.746,0.666,,,,0.029,-0.403,0.915,0.17,-0.044,-0.985,,,,none
56.982455,0.725,-0.598,0.341,-0.932,0.213,0.293,-0.65,0.435,-0.623,-0.074,-0.319,0.945,-0.184,0.761,-0.622,,,,-0.724,-0.668,0.17,-0.062,0.867,-0.495,,,,-0.869,-0.466,0.163,-0.079,0.914,0.397,,,,-0.866,-0.484,0.122,-0.126,0.917,0.379,,,,0.005,-0.483,0.876,-0.118,-0.139,-0.983,,,,none
56.982626,0.716,-0.618,0.326,-0.874,-0.486,0.0,-0.629,0.448,-0.635,-0.082,-0.344,0.935,-0.203,0.65,-0.732,,,,-0.694,-0.699,0.171,-0.198,0.725,-0.659,,,,-0.825,-0.544,0.153,-0.291,0.874,-0.389,,,,-0.842,-0.533,0.089,-0.548,0.685,-0.48,,,,-0.003,-0.534,0.845,-0.433,-0.357,-0.828,,,,none
56.982763,0.724,-0.616,0.311,-0.408,-0.408,-0.816,-0.629,0.448,-0.635,-0.083,-0.327,0.941,0.123,-0.123,-0.985,,,,-0.71,-0.685,0.164,-0.829,-0.552,0.092,,,,-0.833,-0.532,0.152,-0.436,-0.873,0.218,,,,-0.829,-0.551,0.095,-0.627,-0.697,-0.348,,,,0.008,-0.565,0.825,-0.615,-0.615,-0.492,,,,none
56.982888,0.737,-0.596,0.319,0.625,0.0,-0.781,-0.634,0.487,-0.601,-0.07,-0.337,0.939,-0.337,0.421,-0.842,,,,-0.688,-0.7,0.191,-0.228,0.342,-0.912,,,,-0.807,-0.563,0.178,0.0,0.275,-0.962,,,,-0.803,-0.589,0.093,-0.446,0.074,-0.892,,,,-0.016,-0.581,0.814,-0.742,-0.494,-0.453,,,,none
56.983029,0.726,-0.609,0.318,-0.745,-0.298,-0.596,-0.634,0.487,-0.601,-0.077,-0.348,0.934,0.0,0.447,-0.894,,,,-0.676,-0.713,0.189,-0.577,0.577,0.577,,,,-0.806,-0.566,0.171,0.64,-0.426,0.64,,,,-0.802,-0.589,0.101,-0.0,-0.894,0.447,,,,-0.005,-0.582,0.814,-0.781,-0.39,-0.488,,,,none
56.983156,0.726,-0.611,0.316,0.667,-0.333,-0.667,-0.644,0.464,-0.609,-0.073,-0.341,0.937,0.365,0.183,-0.913,,,,-0.689,-0.699,0.192,0.0,0.0,1.0,,,,-0.817,-0.549,0.178,0.488,-0.39,0.781,,,,-0.803,-0.588,0.1,0.381,0.0,0.925,,,,-0.008,-0.58,0.814,-0.786,-0.618,0.0,,,,none
