0.003898,BNO0_UnitAccX,BNO0_UnitAccY,BNO0_UnitAccZ,BNO0_RawAccMag,BNO0_GyrX,BNO0_GyrY,BNO0_GyrZ,BNO0_MagX,BNO0_MagY,BNO0_MagZ,BNO1_UnitAccX,BNO1_UnitAccY,BNO1_UnitAccZ,BNO1_RawAccMag,BNO1_GyrX,BNO1_GyrY,BNO1_GyrZ,BNO1_MagX,BNO1_MagY,BNO1_MagZ,BNO2_UnitAccX,BNO2_UnitAccY,BNO2_UnitAccZ,BNO2_RawAccMag,BNO2_GyrX,BNO2_GyrY,BNO2_GyrZ,BNO2_MagX,BNO2_MagY,BNO2_MagZ,BNO3_UnitAccX,BNO3_UnitAccY,BNO3_UnitAccZ,BNO3_RawAccMag,BNO3_GyrX,BNO3_GyrY,BNO3_GyrZ,BNO3_MagX,BNO3_MagY,BNO3_MagZ,MPU0_UnitAccX,MPU0_UnitAccY,MPU0_UnitAccZ,MPU0_RawAccMag,MPU0_GyrX,MPU0_GyrY,MPU0_GyrZ,MPU1_UnitAccX,MPU1_UnitAccY,MPU1_UnitAccZ,MPU1_RawAccMag,MPU1_GyrX,MPU1_GyrY,MPU1_GyrZ,none
0.045886,0.808,0.587,0.056,2540.41,0.000,1.007,-1.679,-0.886,-0.357,-0.297,0.911,0.412,-0.032,2473.58,-0.448,0.448,-0.112,-0.934,-0.356,0.040,0.529,-0.292,-0.797,2495.70,-0.112,0.336,-0.112,-0.653,0.109,0.750,0.460,0.584,-0.669,2450.93,-0.560,-0.560,-0.783,-0.364,-0.121,0.924,0.537,0.829,-0.159,9.929,9.802,-0.336,-1.817,0.291,0.753,-0.590,10.545,-3.252,-4.947,-1.618,none
0.046201,0.817,0.575,0.051,2559.12,-0.448,1.790,-1.567,-0.882,-0.351,-0.314,0.913,0.407,-0.032,2477.69,0.112,-0.224,-0.224,-0.935,-0.352,0.046,0.531,-0.293,-0.795,2486.94,0.336,-0.112,0.224,-0.636,0.073,0.769,0.457,0.581,-0.673,2463.68,-0.224,-0.224,-0.336,-0.347,-0.102,0.932,0.533,0.831,-0.157,9.978,8.534,-0.183,-1.618,0.291,0.752,-0.592,10.573,-4.290,-4.656,-1.221,none
0.060427,0.822,0.568,0.040,2555.13,-0.224,0.448,-0.560,-0.887,-0.334,-0.318,0.913,0.407,-0.028,2477.39,0.895,0.224,0.448,-0.940,-0.338,0.036,0.528,-0.295,-0.796,2498.34,0.336,-0.112,0.000,-0.654,0.078,0.752,0.461,0.580,-0.672,2468.94,0.560,-0.560,-0.112,-0.349,-0.110,0.931,0.530,0.831,-0.171,9.897,7.191,-0.382,-1.481,0.283,0.749,-0.599,10.532,-4.718,-5.038,-1.008,none
0.084664,0.812,0.581,0.055,2549.96,-0.671,-0.112,-0.336,-0.888,-0.326,-0.326,0.911,0.410,-0.032,2481.78,0.224,-0.112,0.000,-0.938,-0.344,0.037,0.528,-0.291,-0.798,2501.28,-0.112,0.000,-0.224,-0.675,0.085,0.733,0.459,0.583,-0.671,2456.96,0.336,-0.336,0.224,-0.364,-0.115,0.924,0.536,0.827,-0.172,9.901,7.115,-0.595,-1.908,0.288,0.746,-0.600,10.543,-4.214,-5.511,-1.511,none
0.107077,0.810,0.584,0.051,2555.25,-1.007,0.895,-0.783,-0.897,-0.323,-0.302,0.910,0.413,-0.032,2486.80,0.224,0.000,-0.560,-0.936,-0.347,0.060,0.530,-0.288,-0.798,2492.00,-0.224,-0.448,-0.224,-0.633,0.137,0.762,0.455,0.582,-0.674,2476.90,-1.679,-0.448,0.224,-0.358,-0.113,0.927,0.536,0.830,-0.156,9.987,6.275,0.168,-2.427,0.294,0.756,-0.584,10.577,-5.237,-4.977,-2.321,none
0.128512,0.822,0.569,0.036,2568.91,-0.224,1.007,0.560,-0.896,-0.323,-0.304,0.913,0.405,-0.040,2488.45,3.805,0.783,0.112,-0.942,-0.334,0.012,0.526,-0.292,-0.799,2490.42,0.895,-0.112,-0.112,-0.646,0.072,0.760,0.453,0.589,-0.669,2464.79,0.000,-1.343,0.336,-0.353,-0.115,0.929,0.542,0.824,-0.167,9.908,4.336,0.336,-1.832,0.300,0.748,-0.593,10.546,-6.977,-4.809,-1.252,none
0.152163,0.807,0.588,0.051,2553.01,-0.336,-1.567,1.679,-0.881,-0.351,-0.317,0.907,0.421,-0.028,2464.34,3.133,-0.224,0.448,-0.940,-0.338,0.036,0.526,-0.292,-0.799,2490.42,0.895,-0.336,-0.336,-0.633,0.113,0.766,0.453,0.585,-0.673,2464.96,1.679,-0.895,0.224,-0.353,-0.115,0.929,0.539,0.823,-0.181,9.839,5.130,0.824,-1.573,0.292,0.739,-0.607,10.500,-6.244,-4.366,-1.267,none
0.173429,0.811,0.583,0.055,2541.03,0.448,-0.560,0.560,-0.882,-0.351,-0.314,0.911,0.412,-0.032,2473.58,1.007,-0.224,0.224,-0.932,-0.359,0.047,0.528,-0.295,-0.796,2498.34,0.671,0.112,-0.112,-0.665,0.110,0.739,0.460,0.580,-0.673,2451.82,2.574,-0.783,0.000,-0.357,-0.115,0.927,0.533,0.827,-0.179,9.852,6.122,-0.015,-1.176,0.289,0.745,-0.601,10.489,-5.023,-4.870,-0.580,none
0.195562,0.814,0.578,0.052,2542.81,-0.224,0.000,-0.336,-0.878,-0.365,-0.309,0.914,0.405,-0.036,2488.07,1.007,-2.238,0.000,-0.933,-0.357,0.040,0.531,-0.295,-0.794,2502.31,0.112,0.224,0.112,-0.639,0.104,0.762,0.460,0.580,-0.673,2451.82,-1.007,-0.224,-0.112,-0.351,-0.104,0.931,0.533,0.829,-0.168,9.903,6.153,-0.351,-0.901,0.288,0.749,-0.597,10.518,-4.916,-4.992,-0.260,none
0.215487,0.814,0.579,0.048,2542.37,-0.336,-0.224,-0.895,-0.899,-0.330,-0.289,0.911,0.412,-0.036,2473.00,0.112,-2.462,-0.112,-0.935,-0.349,0.060,0.531,-0.293,-0.795,2486.94,-0.336,0.112,0.000,-0.649,0.088,0.756,0.458,0.586,-0.669,2462.80,-1.679,-0.112,-0.224,-0.345,-0.107,0.933,0.538,0.824,-0.178,9.866,5.588,-0.412,-0.672,0.294,0.743,-0.601,10.522,-5.435,-5.115,0.137,none
0.237417,0.814,0.579,0.040,2556.23,-0.560,-1.343,-0.783,-0.885,-0.368,-0.285,0.923,0.368,-0.112,2632.66,-0.336,-7.274,0.112,-0.940,-0.341,0.035,0.528,-0.287,-0.799,2499.19,-0.560,0.112,0.224,-0.624,0.131,0.771,0.461,0.582,-0.670,2444.43,-0.224,0.671,-0.336,-0.350,-0.110,0.930,0.539,0.824,-0.173,9.920,6.458,-1.267,0.229,0.293,0.744,-0.600,10.560,-4.489,-5.435,1.084,none
0.257598,0.810,0.585,0.044,2567.48,-1.679,-1.902,-1.679,-0.893,-0.355,-0.276,0.923,0.379,-0.066,2527.01,2.126,-18.353,3.805,-0.946,-0.321,0.031,0.527,-0.294,-0.797,2503.91,-0.448,0.112,-0.224,-0.640,0.081,0.764,0.461,0.589,-0.664,2467.26,0.895,0.671,-0.671,-0.353,-0.106,0.930,0.539,0.823,-0.178,9.904,5.038,-1.710,0.809,0.296,0.752,-0.589,10.607,-6.229,-6.611,2.489,none
0.281127,0.841,0.540,0.013,2578.00,-2.574,-7.610,-0.448,-0.885,-0.361,-0.295,0.947,0.271,-0.171,2812.55,-2.126,-42.188,13.541,-0.937,-0.341,0.080,0.524,-0.295,-0.799,2498.66,1.119,0.671,0.224,-0.655,0.105,0.748,0.455,0.581,-0.675,2499.41,0.224,1.679,-0.895,-0.352,-0.114,0.929,0.547,0.825,-0.144,10.197,6.931,-3.405,2.015,0.305,0.753,-0.584,10.774,-6.290,-7.695,4.641,none
0.303950,0.815,0.579,0.028,2625.90,-4.141,-9.960,0.224,-0.885,-0.365,-0.290,0.897,0.436,0.072,2291.44,-5.148,-56.960,24.619,-0.940,-0.335,0.072,0.527,-0.296,-0.796,2519.58,2.014,1.455,-1.343,-0.672,0.101,0.733,0.450,0.587,-0.673,2505.98,0.112,-0.336,-1.343,-0.356,-0.112,0.928,0.534,0.829,-0.164,9.976,2.656,-0.733,2.794,0.287,0.756,-0.588,10.537,-8.626,-5.863,4.473,none
0.323847,0.820,0.570,0.045,2512.15,-0.448,-10.183,1.119,-0.895,-0.343,-0.285,0.858,0.510,0.064,2283.05,-15.331,-26.074,10.407,-0.934,-0.341,0.108,0.532,-0.291,-0.795,2499.67,2.574,2.686,-1.902,-0.636,0.121,0.762,0.455,0.588,-0.669,2435.56,1.119,-1.119,-0.895,-0.353,-0.106,0.930,0.531,0.825,-0.194,9.655,3.405,-0.656,-0.183,0.283,0.732,-0.620,10.288,-8.992,-6.290,1.435,none
0.346110,0.781,0.618,0.092,2476.63,-1.455,-9.288,3.917,-0.897,-0.334,-0.288,0.903,0.425,-0.062,2396.06,-5.371,-14.436,4.364,-0.940,-0.331,0.085,0.527,-0.297,-0.796,2484.30,1.343,0.895,-0.671,-0.637,0.123,0.761,0.458,0.589,-0.666,2398.53,1.679,0.783,0.000,-0.344,-0.105,0.933,0.538,0.817,-0.207,9.614,6.626,-0.504,-1.756,0.289,0.719,-0.632,10.309,-4.763,-5.634,-0.931,none
0.367126,0.786,0.612,0.089,2483.77,-1.007,-2.686,0.783,-0.893,-0.370,-0.256,0.902,0.430,-0.038,2346.42,-3.245,-10.631,3.133,-0.935,-0.334,0.117,0.532,-0.294,-0.794,2478.99,-0.560,0.000,0.336,-0.644,0.104,0.758,0.457,0.583,-0.672,2423.18,0.783,1.231,-0.224,-0.353,-0.111,0.929,0.532,0.826,-0.183,9.725,9.832,-0.748,-2.626,0.287,0.742,-0.606,10.398,-1.786,-5.527,-2.244,none
0.389091,0.807,0.587,0.064,2506.45,-0.224,4.141,-2.462,-0.904,-0.341,-0.259,0.897,0.442,-0.029,2348.92,-2.238,-0.895,-1.119,-0.940,-0.332,0.079,0.532,-0.294,-0.794,2478.99,-2.462,-0.783,0.448,-0.650,0.125,0.750,0.458,0.583,-0.671,2439.84,-2.350,1.790,0.224,-0.361,-0.113,0.926,0.536,0.827,-0.173,9.866,9.802,-0.580,-4.122,0.288,0.746,-0.600,10.494,-2.061,-5.740,-3.725,none
0.411922,0.813,0.580,0.052,2535.49,-0.895,5.148,-1.231,-0.897,-0.334,-0.288,0.917,0.389,-0.084,2465.60,-0.560,6.267,-2.910,-0.933,-0.343,0.109,0.527,-0.294,-0.797,2503.91,-3.021,-1.567,0.671,-0.665,0.101,0.740,0.457,0.581,-0.673,2463.68,-2.910,2.574,0.560,-0.367,-0.109,0.924,0.542,0.821,-0.181,9.947,13.511,-1.695,-4.580,0.300,0.745,-0.596,10.657,-1.389,-5.924,-3.832,none
0.433189,0.814,0.580,0.031,2604.89,-1.007,6.155,-1.679,-0.892,-0.329,-0.311,0.913,0.401,-0.075,2488.57,0.224,8.952,-3.245,-0.933,-0.344,0.103,0.528,-0.295,-0.796,2498.34,-2.350,-1.119,0.000,-0.664,0.095,0.742,0.458,0.586,-0.669,2479.93,-1.902,1.231,0.448,-0.358,-0.110,0.927,0.546,0.823,-0.156,10.100,11.710,-0.824,-3.099,0.304,0.748,-0.589,10.703,-2.076,-4.748,-2.611,none
0.455592,0.814,0.580,0.028,2604.62,-0.224,4.924,-2.014,-0.891,-0.337,-0.305,0.908,0.411,-0.079,2502.42,0.783,9.176,-3.693,-0.942,-0.318,0.113,0.529,-0.292,-0.797,2495.70,-0.671,-0.448,0.000,-0.645,0.071,0.761,0.456,0.586,-0.669,2491.89,-0.671,-0.448,-0.336,-0.351,-0.109,0.930,0.537,0.826,-0.171,10.012,11.466,0.031,-2.305,0.298,0.744,-0.598,10.612,-3.115,-3.557,-2.015,none
0.477410,0.811,0.583,0.043,2575.59,2.574,4.364,-1.231,-0.893,-0.359,-0.271,0.908,0.415,-0.056,2450.71,3.357,11.750,-4.700,-0.943,-0.323,0.077,0.530,-0.290,-0.797,2506.84,0.000,0.112,0.336,-0.637,0.136,0.759,0.459,0.583,-0.671,2456.96,-1.679,-1.455,-0.560,-0.348,-0.105,0.932,0.531,0.826,-0.191,9.913,9.221,1.176,-2.183,0.286,0.741,-0.607,10.538,-2.947,-3.023,-2.718,none
0.502165,0.810,0.584,0.056,2535.36,2.574,5.371,-1.679,-0.883,-0.393,-0.257,0.918,0.386,-0.087,2484.73,4.141,14.883,-6.379,-0.936,-0.343,0.080,0.530,-0.288,-0.798,2492.00,0.112,0.112,0.448,-0.652,0.110,0.750,0.460,0.589,-0.665,2450.13,-1.567,-1.007,-0.560,-0.360,-0.115,0.926,0.536,0.823,-0.186,9.850,9.420,0.489,-2.733,0.292,0.738,-0.609,10.510,-2.855,-4.015,-2.748,none
0.521197,0.814,0.579,0.036,2555.85,1.679,4.364,-1.007,-0.895,-0.362,-0.263,0.921,0.376,-0.098,2521.40,2.350,10.631,-3.917,-0.947,-0.311,0.081,0.529,-0.292,-0.797,2495.70,0.336,0.112,0.671,-0.673,0.116,0.731,0.461,0.582,-0.670,2444.43,-0.783,-0.224,-0.336,-0.361,-0.118,0.925,0.536,0.826,-0.174,9.967,9.634,0.321,-1.832,0.292,0.748,-0.596,10.585,-2.366,-3.985,-2.000,none
0.543827,0.817,0.576,0.040,2572.54,0.671,3.693,-2.126,-0.884,-0.368,-0.289,0.919,0.388,-0.071,2495.62,1.790,6.043,-2.574,-0.939,-0.330,0.099,0.526,-0.292,-0.799,2490.42,0.112,0.224,0.112,-0.638,0.114,0.761,0.461,0.580,-0.672,2468.94,0.112,-0.895,-0.560,-0.360,-0.117,0.926,0.527,0.832,-0.171,9.987,6.809,0.687,-1.985,0.283,0.759,-0.587,10.565,-4.840,-4.137,-1.954,none
0.565576,0.828,0.559,0.036,2560.81,0.671,2.350,-0.448,-0.889,-0.338,-0.310,0.925,0.373,-0.075,2490.72,0.783,1.119,0.783,-0.935,-0.342,0.096,0.528,-0.295,-0.796,2498.34,0.336,-0.336,-0.224,-0.639,0.104,0.762,0.458,0.581,-0.672,2480.80,-0.112,-0.560,0.112,-0.353,-0.104,0.930,0.539,0.822,-0.186,9.957,4.947,-0.260,-1.924,0.296,0.742,-0.602,10.591,-6.275,-5.023,-1.237,none
0.587837,0.810,0.585,0.043,2581.65,-1.119,-0.671,0.895,-0.888,-0.346,-0.304,0.906,0.418,-0.067,2485.32,-0.560,0.560,1.455,-0.939,-0.338,0.064,0.527,-0.294,-0.797,2503.91,0.112,0.448,-0.224,-0.635,0.130,0.762,0.452,0.587,-0.671,2471.49,-0.112,-1.119,0.336,-0.359,-0.109,0.927,0.544,0.816,-0.196,9.870,5.725,0.244,-1.084,0.299,0.732,-0.612,10.536,-5.267,-4.427,-0.565,none
0.609189,0.805,0.592,0.048,2551.43,0.448,0.224,-0.783,-0.890,-0.359,-0.281,0.907,0.414,-0.071,2482.76,0.336,1.455,-0.783,-0.929,-0.365,0.063,0.530,-0.288,-0.798,2492.00,0.448,0.560,0.000,-0.642,0.099,0.760,0.456,0.590,-0.666,2428.21,0.336,-0.895,-0.336,-0.349,-0.109,0.931,0.540,0.820,-0.192,9.807,6.641,0.519,-0.397,0.294,0.735,-0.611,10.468,-4.321,-4.000,-0.137,none
0.631930,0.805,0.591,0.056,2524.28,1.119,0.448,-1.567,-0.892,-0.351,-0.284,0.909,0.414,-0.057,2436.58,1.567,1.790,-2.126,-0.942,-0.326,0.077,0.531,-0.289,-0.796,2484.83,0.448,0.560,0.224,-0.661,0.068,0.747,0.454,0.586,-0.671,2442.25,-0.336,-0.560,-0.671,-0.351,-0.106,0.930,0.533,0.823,-0.195,9.772,7.542,0.229,-1.038,0.287,0.737,-0.612,10.434,-3.527,-4.198,-0.809,none
0.654103,0.806,0.588,0.064,2519.58,0.895,1.343,-1.790,-0.883,-0.355,-0.306,0.911,0.409,-0.048,2440.51,1.119,4.812,-3.917,-0.935,-0.343,0.088,0.528,-0.293,-0.797,2481.65,-0.671,0.000,0.336,-0.661,0.117,0.741,0.458,0.583,-0.671,2439.84,-1.119,0.224,-0.671,-0.353,-0.111,0.929,0.533,0.824,-0.194,9.836,8.580,-0.351,-1.328,0.287,0.738,-0.611,10.502,-2.290,-4.565,-1.084,none
0.675399,0.808,0.587,0.056,2540.41,0.224,2.574,-2.350,-0.889,-0.346,-0.300,0.912,0.406,-0.052,2458.34,0.783,6.714,-4.588,-0.936,-0.340,0.088,0.531,-0.293,-0.795,2486.94,-1.455,0.112,0.000,-0.644,0.104,0.758,0.459,0.583,-0.671,2456.96,-2.014,0.895,-0.336,-0.361,-0.117,0.925,0.530,0.828,-0.182,9.927,8.427,-0.046,-1.893,0.283,0.747,-0.601,10.565,-2.656,-4.565,-1.664,none
0.698346,0.815,0.577,0.051,2564.88,0.336,3.133,-1.679,-0.887,-0.354,-0.297,0.917,0.393,-0.059,2488.46,1.119,7.498,-4.364,-0.937,-0.339,0.081,0.529,-0.292,-0.797,2495.70,-1.679,-0.448,0.112,-0.616,0.116,0.779,0.456,0.588,-0.668,2469.34,-1.902,0.783,-0.112,-0.356,-0.115,0.927,0.541,0.820,-0.187,9.956,7.069,0.122,-2.122,0.297,0.741,-0.602,10.643,-4.031,-4.519,-1.664,none
0.720722,0.808,0.588,0.039,2587.10,0.448,1.902,-0.783,-0.889,-0.371,-0.268,0.913,0.402,-0.067,2509.43,1.567,7.386,-3.245,-0.941,-0.330,0.071,0.530,-0.290,-0.797,2506.84,-1.007,-0.112,0.671,-0.651,0.105,0.752,0.455,0.586,-0.670,2476.03,-0.895,0.448,-0.224,-0.366,-0.115,0.923,0.543,0.817,-0.196,9.935,6.931,0.275,-0.809,0.297,0.733,-0.612,10.575,-4.061,-4.107,-0.427,none
0.743843,0.804,0.593,0.051,2564.23,0.448,0.560,-1.455,-0.894,-0.332,-0.301,0.913,0.400,-0.078,2520.73,1.231,2.798,-2.798,-0.936,-0.342,0.081,0.529,-0.292,-0.797,2495.70,-0.783,0.448,1.119,-0.653,0.098,0.751,0.458,0.586,-0.669,2462.80,-0.336,0.448,-0.783,-0.356,-0.113,0.927,0.534,0.824,-0.189,9.884,7.435,0.305,-0.779,0.285,0.741,-0.608,10.545,-3.618,-4.122,-0.489,none
0.766203,0.809,0.584,0.060,2535.13,1.007,1.119,-1.902,-0.887,-0.368,-0.280,0.913,0.406,-0.045,2437.34,1.567,2.686,-2.686,-0.942,-0.331,0.063,0.530,-0.288,-0.798,2492.00,-1.119,0.112,0.895,-0.656,0.093,0.749,0.453,0.589,-0.669,2464.79,-0.895,0.448,-0.671,-0.351,-0.113,0.930,0.536,0.823,-0.189,9.855,7.130,0.321,-1.405,0.288,0.740,-0.608,10.527,-4.000,-4.275,-1.069,none
0.789321,0.809,0.586,0.051,2546.34,0.895,1.679,-1.119,-0.892,-0.351,-0.284,0.910,0.411,-0.060,2476.74,1.119,4.252,-2.574,-0.937,-0.344,0.053,0.526,-0.292,-0.799,2490.42,-1.343,-0.112,0.560,-0.648,0.111,0.753,0.457,0.590,-0.666,2445.55,-1.119,0.560,-0.448,-0.350,-0.119,0.929,0.539,0.820,-0.193,9.861,7.099,-0.031,-1.374,0.296,0.736,-0.609,10.532,-3.893,-4.504,-0.931,none
0.817221,0.806,0.589,0.055,2547.09,0.224,1.007,-1.455,-0.881,-0.369,-0.296,0.914,0.401,-0.067,2488.06,0.783,3.805,-2.574,-0.936,-0.349,0.046,0.527,-0.289,-0.799,2486.72,-0.671,0.224,0.336,-0.653,0.086,0.753,0.457,0.590,-0.666,2445.55,-0.783,0.783,-0.448,-0.357,-0.118,0.927,0.537,0.822,-0.189,9.875,7.053,0.321,-1.160,0.292,0.739,-0.607,10.519,-3.954,-4.290,-0.809,none
0.835030,0.807,0.588,0.048,2552.57,0.224,1.119,-1.679,-0.887,-0.360,-0.290,0.910,0.411,-0.052,2475.62,0.895,2.238,-2.126,-0.934,-0.347,0.090,0.526,-0.292,-0.799,2490.42,-0.671,0.000,0.112,-0.647,0.108,0.755,0.453,0.589,-0.669,2464.79,-0.448,0.560,-0.671,-0.344,-0.108,0.933,0.533,0.825,-0.189,9.920,7.008,0.275,-1.802,0.287,0.740,-0.608,10.539,-4.122,-4.550,-1.496,none
0.855300,0.809,0.585,0.055,2547.68,0.112,1.343,-0.895,-0.883,-0.321,-0.341,0.911,0.410,-0.048,2461.01,0.560,2.910,-1.790,-0.936,-0.345,0.067,0.526,-0.292,-0.799,2490.42,-0.671,-0.112,0.336,-0.645,0.095,0.758,0.456,0.588,-0.668,2452.22,-1.119,0.671,-0.224,-0.363,-0.115,0.925,0.538,0.822,-0.190,9.908,6.687,0.168,-2.015,0.291,0.738,-0.609,10.547,-4.366,-4.580,-1.603,none
0.877997,0.809,0.586,0.051,2560.29,0.224,1.790,-0.560,-0.891,-0.359,-0.277,0.912,0.406,-0.052,2479.74,0.560,3.357,-1.455,-0.928,-0.364,0.079,0.526,-0.292,-0.799,2490.42,-0.560,-0.112,0.000,-0.661,0.093,0.745,0.458,0.590,-0.665,2462.01,-1.007,0.224,-0.224,-0.345,-0.111,0.932,0.535,0.825,-0.184,9.974,6.183,0.458,-2.031,0.291,0.745,-0.600,10.590,-4.794,-4.489,-1.710,none
0.901028,0.814,0.579,0.048,2556.30,0.336,1.231,-0.112,-0.891,-0.355,-0.282,0.915,0.400,-0.059,2496.00,0.336,2.574,-1.007,-0.933,-0.349,0.090,0.529,-0.292,-0.797,2495.70,-0.112,-0.112,0.000,-0.626,0.113,0.771,0.456,0.588,-0.668,2469.34,-0.671,0.000,0.000,-0.360,-0.123,0.925,0.537,0.823,-0.185,9.926,4.794,0.672,-2.244,0.292,0.742,-0.604,10.571,-6.305,-4.595,-1.771,none
0.923104,0.810,0.584,0.051,2568.38,0.112,0.336,1.119,-0.884,-0.351,-0.310,0.914,0.401,-0.051,2485.74,0.560,1.231,0.448,-0.937,-0.347,0.044,0.529,-0.292,-0.797,2495.70,-0.112,-0.112,-0.224,-0.646,0.129,0.752,0.458,0.586,-0.669,2462.80,0.112,-0.112,0.224,-0.356,-0.112,0.928,0.538,0.820,-0.197,9.900,4.244,0.779,-1.802,0.293,0.736,-0.611,10.561,-6.489,-4.550,-1.282,none
0.944357,0.803,0.594,0.055,2543.57,-0.112,-0.224,0.671,-0.871,-0.378,-0.313,0.909,0.413,-0.055,2489.38,0.112,0.224,0.448,-0.935,-0.350,0.060,0.530,-0.288,-0.798,2492.00,0.336,0.112,-0.336,-0.662,0.115,0.740,0.458,0.590,-0.665,2462.01,0.112,-0.112,0.112,-0.345,-0.113,0.932,0.539,0.818,-0.203,9.866,4.901,0.534,-1.542,0.293,0.731,-0.616,10.532,-5.847,-4.534,-1.008,none
0.966536,0.802,0.594,0.059,2558.11,0.000,-0.112,0.448,-0.876,-0.384,-0.292,0.908,0.416,-0.044,2469.76,0.448,0.448,-0.112,-0.933,-0.352,0.076,0.531,-0.287,-0.797,2503.15,-0.112,0.224,-0.112,-0.642,0.099,0.760,0.456,0.592,-0.664,2450.79,-0.336,0.224,-0.112,-0.354,-0.117,0.928,0.538,0.819,-0.199,9.836,5.847,0.290,-1.405,0.291,0.733,-0.616,10.508,-5.023,-4.473,-0.901,none
0.989286,0.803,0.593,0.059,2544.95,0.112,0.560,-0.560,-0.885,-0.385,-0.262,0.910,0.411,-0.048,2475.13,0.224,1.119,-0.783,-0.937,-0.347,0.045,0.530,-0.288,-0.798,2492.00,-0.112,0.000,0.000,-0.648,0.087,0.757,0.456,0.592,-0.664,2450.79,-0.895,0.224,-0.224,-0.353,-0.116,0.928,0.536,0.823,-0.191,9.913,6.015,0.534,-1.985,0.287,0.740,-0.608,10.538,-4.962,-4.382,-1.527,none
1.011280,0.810,0.584,0.055,2554.97,0.224,0.895,-0.336,-0.900,-0.352,-0.258,0.912,0.408,-0.044,2470.62,0.671,1.007,-0.560,-0.939,-0.339,0.057,0.531,-0.293,-0.795,2486.94,-0.112,0.112,0.224,-0.637,0.090,0.765,0.459,0.587,-0.667,2456.79,-0.895,0.336,-0.224,-0.354,-0.114,0.928,0.533,0.825,-0.189,9.897,4.931,0.916,-1.740,0.288,0.741,-0.606,10.571,-5.771,-4.397,-1.313,none
1.032978,0.814,0.579,0.051,2556.74,0.224,0.336,0.224,-0.879,-0.376,-0.293,0.914,0.401,-0.051,2485.74,0.224,0.783,-0.224,-0.937,-0.348,0.036,0.530,-0.290,-0.797,2506.84,-0.336,-0.448,0.000,-0.630,0.085,0.772,0.458,0.586,-0.669,2462.80,0.224,0.448,0.000,-0.356,-0.115,0.927,0.535,0.822,-0.198,9.901,4.809,0.305,-1.588,0.287,0.736,-0.613,10.545,-5.878,-4.824,-0.977,none
1.053675,0.804,0.591,0.059,2552.98,-0.112,-0.224,0.224,-0.883,-0.355,-0.306,0.910,0.413,-0.040,2465.19,-0.112,0.671,0.000,-0.930,-0.357,0.084,0.528,-0.291,-0.798,2501.28,-0.560,-0.336,-0.112,-0.674,0.074,0.735,0.458,0.590,-0.665,2462.01,0.224,0.112,0.336,-0.360,-0.108,0.927,0.538,0.820,-0.197,9.883,5.588,0.107,-1.969,0.292,0.733,-0.614,10.558,-5.344,-4.947,-1.344,none
1.075678,0.804,0.593,0.051,2564.23,-0.448,0.560,0.112,-0.900,-0.311,-0.306,0.907,0.418,-0.052,2483.01,0.000,1.231,-0.224,-0.929,-0.364,0.072,0.527,-0.289,-0.799,2486.72,-0.112,-0.112,0.560,-0.663,0.061,0.746,0.453,0.593,-0.665,2463.44,-0.224,0.224,0.000,-0.354,-0.125,0.927,0.543,0.818,-0.189,9.881,5.618,0.458,-1.771,0.297,0.738,-0.607,10.536,-5.374,-4.595,-1.206,none
1.097417,0.808,0.588,0.044,2552.11,0.224,0.336,-0.112,-0.888,-0.377,-0.265,0.911,0.410,-0.048,2461.01,0.112,0.448,-0.560,-0.945,-0.324,0.055,0.527,-0.289,-0.799,2486.72,0.224,0.112,0.336,-0.627,0.116,0.770,0.456,0.592,-0.664,2450.79,0.000,0.448,0.000,-0.352,-0.111,0.930,0.534,0.823,-0.193,9.848,5.710,0.397,-1.954,0.287,0.738,-0.611,10.502,-5.328,-4.718,-1.374,none
1.117223,0.806,0.588,0.060,2533.72,0.112,-0.224,0.112,-0.898,-0.329,-0.291,0.912,0.407,-0.048,2449.63,0.336,0.895,-0.224,-0.939,-0.341,0.043,0.526,-0.292,-0.799,2490.42,-0.336,-0.112,0.000,-0.641,0.078,0.763,0.456,0.588,-0.668,2452.22,1.455,0.671,0.000,-0.353,-0.110,0.929,0.536,0.820,-0.201,9.846,6.031,0.000,-2.198,0.290,0.734,-0.614,10.527,-4.962,-4.931,-1.588,none
1.139516,0.805,0.592,0.051,2551.88,0.112,1.119,-0.112,-0.883,-0.360,-0.301,0.909,0.415,-0.044,2477.94,-0.336,1.455,-0.560,-0.936,-0.348,0.052,0.529,-0.292,-0.797,2495.70,-0.560,0.000,-0.224,-0.639,0.095,0.763,0.461,0.584,-0.668,2468.06,0.000,0.671,0.224,-0.361,-0.116,0.925,0.536,0.823,-0.191,9.930,6.321,0.000,-1.756,0.290,0.738,-0.610,10.546,-4.565,-4.855,-1.130,none
1.162997,0.808,0.586,0.055,2561.63,-0.448,0.783,-0.783,-0.881,-0.380,-0.282,0.913,0.403,-0.055,2498.53,-0.112,1.455,-1.119,-0.935,-0.352,0.046,0.529,-0.292,-0.797,2495.70,-0.560,-0.112,0.000,-0.648,0.113,0.753,0.458,0.590,-0.665,2462.01,-1.231,0.783,-0.224,-0.358,-0.122,0.926,0.533,0.825,-0.186,9.939,5.817,0.046,-1.832,0.288,0.744,-0.603,10.571,-5.328,-4.931,-1.206,none
1.185083,0.810,0.584,0.055,2554.97,-0.112,0.224,-0.112,-0.886,-0.311,-0.343,0.912,0.408,-0.044,2470.62,-0.112,0.000,0.000,-0.933,-0.348,0.097,0.529,-0.292,-0.797,2495.70,-0.112,-0.224,0.000,-0.647,0.134,0.750,0.457,0.592,-0.664,2467.99,-0.448,0.224,0.112,-0.359,-0.120,0.926,0.536,0.821,-0.198,9.892,5.374,0.092,-1.939,0.290,0.733,-0.615,10.547,-5.695,-4.977,-1.252,none
1.207390,0.804,0.592,0.055,2551.60,-0.224,0.224,0.560,-0.889,-0.349,-0.297,0.907,0.420,-0.048,2474.35,0.112,0.783,0.112,-0.930,-0.364,0.057,0.531,-0.287,-0.797,2503.15,-0.112,-0.112,0.448,-0.635,0.107,0.765,0.459,0.591,-0.663,2455.36,1.119,0.671,0.112,-0.357,-0.121,0.926,0.540,0.818,-0.201,9.834,6.015,-0.092,-1.679,0.290,0.731,-0.617,10.507,-4.977,-4.931,-0.947,none
1.228690,0.801,0.596,0.059,2550.09,0.112,0.336,-0.448,-0.877,-0.345,-0.334,0.907,0.420,-0.040,2472.61,-0.112,0.224,-0.336,-0.935,-0.347,0.075,0.528,-0.281,-0.801,2481.82,-1.119,-0.336,1.231,-0.635,0.098,0.766,0.460,0.589,-0.665,2450.13,0.560,0.560,0.112,-0.358,-0.127,0.925,0.534,0.824,-0.192,9.857,6.534,-0.183,-2.046,0.285,0.737,-0.613,10.509,-4.595,-5.176,-1.405,none
1.250672,0.808,0.586,0.064,2527.66,-0.336,0.783,-0.336,-0.885,-0.361,-0.295,0.909,0.414,-0.040,2457.01,-0.112,0.895,-0.783,-0.940,-0.336,0.057,0.530,-0.288,-0.798,2492.00,-1.231,-0.336,0.671,-0.643,0.103,0.759,0.459,0.591,-0.663,2455.36,-0.783,1.455,0.112,-0.362,-0.127,0.924,0.536,0.821,-0.197,9.886,6.504,-0.550,-2.351,0.291,0.734,-0.614,10.531,-4.565,-5.466,-1.664,none
1.272671,0.806,0.589,0.055,2547.09,-0.448,1.231,-0.112,-0.876,-0.370,-0.308,0.910,0.411,-0.048,2475.13,-0.671,0.783,-0.671,-0.931,-0.360,0.056,0.527,-0.289,-0.799,2486.72,-1.343,-0.671,0.448,-0.639,0.105,0.762,0.458,0.590,-0.665,2462.01,-1.231,1.343,0.448,-0.356,-0.110,0.928,0.537,0.821,-0.192,9.911,6.443,-0.305,-2.427,0.291,0.740,-0.607,10.546,-4.718,-5.313,-1.771,none
1.294936,0.809,0.586,0.051,2560.29,-0.448,1.119,-0.224,-0.883,-0.355,-0.306,0.910,0.411,-0.048,2475.13,-0.224,0.783,-0.112,-0.929,-0.363,0.078,0.525,-0.288,-0.801,2493.92,-1.007,-0.560,0.112,-0.647,0.118,0.753,0.453,0.593,-0.665,2463.44,-0.560,1.007,0.448,-0.357,-0.116,0.927,0.539,0.821,-0.190,9.920,6.061,0.061,-2.382,0.293,0.738,-0.608,10.569,-5.099,-5.115,-1.786,none
1.317459,0.805,0.591,0.051,2571.47,-0.783,0.560,0.224,-0.883,-0.355,-0.306,0.911,0.408,-0.051,2492.93,0.000,0.448,0.000,-0.936,-0.346,0.067,0.526,-0.292,-0.799,2490.42,-0.448,-0.224,0.112,-0.638,0.091,0.765,0.461,0.589,-0.664,2467.26,0.783,0.671,0.112,-0.353,-0.107,0.929,0.536,0.822,-0.193,9.922,6.260,-0.107,-1.725,0.291,0.737,-0.610,10.583,-4.718,-5.008,-1.038,none
1.339259,0.807,0.588,0.059,2554.12,-0.112,0.448,-0.448,-0.892,-0.363,-0.269,0.910,0.411,-0.048,2475.13,-0.224,0.000,-0.112,-0.938,-0.345,0.046,0.522,-0.289,-0.802,2488.68,-0.560,0.336,0.000,-0.637,0.088,0.766,0.456,0.588,-0.668,2469.34,-0.336,0.671,0.000,-0.356,-0.115,0.927,0.533,0.824,-0.193,9.913,5.969,0.031,-1.878,0.286,0.739,-0.610,10.555,-5.084,-4.977,-1.313,none
1.360710,0.808,0.586,0.055,2561.63,0.224,0.671,-0.336,-0.885,-0.342,-0.315,0.910,0.411,-0.048,2475.13,0.000,0.224,-0.224,-0.934,-0.357,0.032,0.527,-0.289,-0.799,2486.72,-0.560,-0.112,0.000,-0.642,0.088,0.762,0.459,0.591,-0.663,2455.36,-1.007,0.448,-0.112,-0.352,-0.114,0.929,0.534,0.823,-0.195,9.912,5.939,0.000,-1.893,0.290,0.737,-0.610,10.547,-5.053,-4.962,-1.298,none
1.382800,0.807,0.588,0.055,2552.74,-0.336,0.560,0.000,-0.884,-0.351,-0.310,0.910,0.411,-0.048,2475.13,-0.224,0.112,-0.224,-0.938,-0.337,0.080,0.531,-0.289,-0.796,2484.83,-0.224,-0.112,-0.224,-0.628,0.128,0.768,0.462,0.590,-0.662,2460.63,-0.560,0.448,0.000,-0.352,-0.117,0.929,0.534,0.823,-0.195,9.906,5.542,0.183,-2.000,0.288,0.738,-0.610,10.531,-5.573,-4.901,-1.344,none
1.404719,0.807,0.587,0.067,2555.38,0.112,0.112,0.336,-0.885,-0.342,-0.317,0.910,0.411,-0.044,2474.71,0.224,0.336,-0.224,-0.937,-0.344,0.059,0.530,-0.288,-0.798,2492.00,-0.448,-0.224,-0.112,-0.663,0.085,0.744,0.459,0.591,-0.663,2455.36,0.560,0.448,0.112,-0.357,-0.114,0.927,0.535,0.821,-0.199,9.889,5.359,0.275,-1.893,0.288,0.733,-0.616,10.546,-5.618,-4.748,-1.298,none
1.429140,0.804,0.591,0.059,2552.98,-0.224,0.560,0.112,-0.879,-0.355,-0.318,0.907,0.420,-0.044,2473.94,-0.560,-0.112,-0.112,-0.929,-0.362,0.071,0.528,-0.287,-0.799,2499.19,-0.112,-0.112,0.112,-0.639,0.105,0.762,0.459,0.591,-0.663,2455.36,0.224,0.560,0.000,-0.350,-0.111,0.930,0.535,0.820,-0.201,9.887,5.771,0.198,-1.679,0.286,0.731,-0.619,10.528,-5.084,-4.840,-1.084,none
1.451513,0.804,0.591,0.063,2553.59,-0.224,0.560,-0.336,-0.882,-0.357,-0.307,0.908,0.416,-0.044,2469.76,-0.560,0.000,-0.112,-0.931,-0.361,0.056,0.529,-0.284,-0.800,2496.33,-0.560,-0.112,-0.112,-0.640,0.081,0.764,0.458,0.590,-0.665,2462.01,-1.007,0.783,-0.112,-0.357,-0.122,0.926,0.535,0.824,-0.188,9.932,6.412,0.092,-1.878,0.290,0.738,-0.609,10.561,-4.687,-4.779,-1.374,none
1.472189,0.808,0.586,0.055,2561.63,-0.112,0.895,-0.448,-0.893,-0.332,-0.304,0.910,0.411,-0.048,2475.13,-1.119,-0.224,0.112,-0.944,-0.327,0.041,0.530,-0.288,-0.798,2492.00,0.224,0.000,0.224,-0.651,0.121,0.749,0.461,0.593,-0.660,2465.29,-0.671,0.671,-0.224,-0.359,-0.120,0.926,0.533,0.825,-0.190,9.906,5.450,0.473,-1.695,0.287,0.738,-0.610,10.577,-5.496,-4.595,-1.160,none
1.494571,0.808,0.586,0.055,2561.63,0.112,0.224,-0.112,-0.869,-0.341,-0.359,0.913,0.407,-0.044,2478.83,-0.336,-0.224,0.224,-0.933,-0.355,0.054,0.530,-0.288,-0.798,2492.00,0.000,0.000,0.224,-0.637,0.114,0.762,0.462,0.586,-0.666,2460.73,0.112,0.783,0.000,-0.350,-0.111,0.930,0.533,0.824,-0.196,9.905,4.611,0.290,-1.145,0.286,0.734,-0.616,10.537,-5.328,-4.656,-0.611,none
1.516011,0.806,0.589,0.063,2547.47,-0.112,0.448,-0.112,-0.875,-0.359,-0.323,0.909,0.413,-0.047,2488.35,-1.007,-0.560,-0.448,-0.938,-0.344,0.037,0.530,-0.288,-0.798,2492.00,-0.560,0.000,0.224,-0.649,0.105,0.753,0.462,0.590,-0.662,2460.63,-0.224,0.448,0.000,-0.356,-0.123,0.926,0.525,0.830,-0.185,9.860,3.832,0.107,-1.588,0.286,0.738,-0.611,10.551,-5.160,-4.672,-0.977,none
1.538426,0.805,0.590,0.059,2558.61,-0.336,0.224,-0.560,-0.876,-0.345,-0.337,0.909,0.415,-0.044,2477.94,-1.455,-0.671,0.112,-0.944,-0.330,0.010,0.528,-0.281,-0.801,2481.82,-1.231,-0.112,1.119,-0.666,0.068,0.743,0.463,0.588,-0.663,2454.08,-0.895,0.783,0.112,-0.355,-0.120,0.927,0.538,0.820,-0.194,9.869,4.214,0.366,-1.725,0.297,0.736,-0.608,10.547,-5.679,-4.656,-1.069,none
1.560035,0.805,0.590,0.055,2558.85,-0.671,-0.224,0.112,-0.889,-0.340,-0.307,0.909,0.415,-0.048,2478.35,-0.895,-0.448,0.000,-0.941,-0.335,0.058,0.527,-0.285,-0.800,2483.85,-0.671,0.000,0.783,-0.639,0.105,0.762,0.459,0.587,-0.667,2456.79,-0.112,0.783,0.224,-0.356,-0.118,0.927,0.537,0.824,-0.179,9.895,2.626,0.885,-0.687,0.292,0.735,-0.612,10.513,-5.450,-4.198,-0.183,none
1.581725,0.808,0.586,0.063,2542.40,0.224,-0.448,-1.119,-0.880,-0.351,-0.320,0.910,0.411,-0.048,2475.13,-0.783,-0.112,-0.448,-0.943,-0.330,0.041,0.527,-0.289,-0.799,2486.72,-0.783,0.448,0.000,-0.635,0.097,0.766,0.458,0.590,-0.665,2462.01,0.112,0.448,-0.112,-0.359,-0.126,0.925,0.524,0.833,-0.175,9.962,-3.084,3.008,-0.733,0.276,0.751,-0.600,10.521,-6.153,-3.725,-0.992,none
1.604125,0.814,0.577,0.071,2531.90,0.224,0.448,-0.448,-0.879,-0.355,-0.318,0.912,0.408,-0.044,2470.62,0.000,-0.112,-0.895,-0.938,-0.342,0.051,0.530,-0.288,-0.798,2492.00,-0.671,-0.112,-0.224,-0.644,0.080,0.761,0.462,0.588,-0.664,2483.81,-0.336,0.671,0.336,-0.359,-0.119,0.926,0.538,0.818,-0.204,9.879,0.122,0.672,-2.366,0.286,0.736,-0.613,10.600,-8.000,-4.611,-1.893,none
1.628447,0.809,0.586,0.051,2560.29,0.224,0.560,1.790,-0.888,-0.326,-0.326,0.914,0.405,-0.036,2465.75,2.462,1.902,0.560,-0.940,-0.337,0.058,0.528,-0.291,-0.798,2501.28,-0.112,-0.112,-0.671,-0.657,0.094,0.748,0.465,0.585,-0.664,2465.36,-0.560,-0.112,0.671,-0.355,-0.115,0.928,0.537,0.820,-0.198,9.893,2.321,0.382,-1.786,0.288,0.726,-0.624,10.556,-6.534,-4.763,-1.298,none
1.652126,0.797,0.601,0.067,2564.12,0.112,0.000,0.560,-0.879,-0.365,-0.306,0.909,0.413,-0.055,2489.38,0.560,1.455,0.112,-0.941,-0.332,0.065,0.529,-0.284,-0.800,2496.33,0.000,0.000,-0.224,-0.632,0.090,0.770,0.464,0.596,-0.656,2452.13,0.224,-0.112,0.112,-0.359,-0.123,0.925,0.541,0.817,-0.200,9.868,5.130,0.183,-1.527,0.293,0.730,-0.618,10.537,-5.588,-4.550,-0.885,none
1.674872,0.804,0.592,0.055,2551.60,0.336,0.000,0.112,-0.879,-0.340,-0.333,0.910,0.411,-0.048,2475.13,-0.112,-0.336,0.560,-0.940,-0.336,0.057,0.526,-0.284,-0.802,2491.06,0.224,0.224,0.448,-0.667,0.115,0.737,0.462,0.592,-0.660,2436.88,0.224,0.112,-0.224,-0.357,-0.117,0.927,0.530,0.827,-0.188,9.876,5.618,0.336,-1.405,0.285,0.741,-0.609,10.512,-5.511,-4.611,-0.824,none
1.695945,0.813,0.580,0.056,2535.22,0.560,-0.336,-0.448,-0.878,-0.363,-0.313,0.912,0.408,-0.044,2470.62,-0.224,-0.336,0.000,-0.928,-0.361,0.093,0.526,-0.284,-0.802,2491.06,-0.112,-0.224,0.560,-0.635,0.097,0.766,0.462,0.590,-0.662,2460.63,0.112,0.336,0.112,-0.360,-0.124,0.925,0.529,0.828,-0.187,9.917,5.038,-0.183,-1.710,0.284,0.742,-0.608,10.556,-6.092,-5.084,-0.855,none
1.716954,0.809,0.585,0.059,2547.45,-0.336,-0.336,0.448,-0.881,-0.336,-0.334,0.912,0.410,-0.036,2460.70,0.783,-0.112,-0.224,-0.938,-0.339,0.066,0.530,-0.288,-0.798,2492.00,-0.224,-0.671,0.000,-0.661,0.069,0.747,0.458,0.594,-0.662,2461.36,-0.336,0.112,0.448,-0.355,-0.117,0.928,0.534,0.825,-0.182,9.923,4.809,-0.076,-2.366,0.288,0.737,-0.611,10.555,-6.473,-5.282,-1.573,none
1.739762,0.807,0.588,0.059,2554.12,-0.224,0.000,1.231,-0.883,-0.360,-0.301,0.910,0.411,-0.048,2475.13,1.119,0.895,0.112,-0.934,-0.353,0.054,0.527,-0.289,-0.799,2486.72,0.112,-0.336,-0.112,-0.644,0.104,0.758,0.463,0.592,-0.660,2453.36,0.448,0.336,0.560,-0.363,-0.115,0.925,0.537,0.822,-0.189,9.889,4.748,0.366,-2.214,0.292,0.732,-0.615,10.545,-6.412,-4.855,-1.573,none
1.760742,0.803,0.593,0.059,2565.33,-0.112,0.000,0.895,-0.875,-0.396,-0.280,0.909,0.415,-0.044,2477.94,0.448,0.448,0.336,-0.939,-0.338,0.066,0.529,-0.284,-0.800,2496.33,0.224,-0.224,0.112,-0.625,0.099,0.774,0.460,0.593,-0.661,2449.41,0.671,0.224,0.448,-0.360,-0.118,0.926,0.536,0.823,-0.187,9.890,5.344,0.412,-1.847,0.288,0.734,-0.614,10.532,-5.756,-4.718,-1.191,none
1.783655,0.806,0.589,0.059,2546.86,0.336,0.448,0.448,-0.873,-0.374,-0.312,0.908,0.415,-0.052,2478.84,0.224,0.448,0.560,-0.932,-0.358,0.055,0.527,-0.289,-0.799,2486.72,0.112,-0.112,0.112,-0.652,0.086,0.753,0.464,0.589,-0.661,2448.12,0.671,0.112,0.112,-0.353,-0.118,0.928,0.533,0.825,-0.187,9.880,5.618,0.244,-1.954,0.288,0.739,-0.609,10.515,-5.466,-4.824,-1.267,none
1.805166,0.810,0.583,0.059,2556.35,0.224,0.560,0.112,-0.876,-0.310,-0.371,0.912,0.408,-0.040,2469.29,-0.560,0.112,0.000,-0.929,-0.361,0.078,0.525,-0.292,-0.800,2496.02,0.000,-0.112,0.000,-0.649,0.088,0.756,0.462,0.590,-0.662,2460.63,-0.448,0.112,0.000,-0.347,-0.105,0.932,0.533,0.826,-0.182,9.919,5.481,0.229,-1.954,0.287,0.741,-0.607,10.558,-5.573,-4.855,-1.267,none
1.826955,0.807,0.588,0.055,2552.74,-0.336,0.560,0.112,-0.886,-0.354,-0.301,0.911,0.410,-0.048,2483.32,0.224,0.224,-0.112,-0.939,-0.339,0.058,0.525,-0.288,-0.801,2493.92,0.000,0.112,-0.224,-0.654,0.102,0.750,0.460,0.591,-0.663,2471.91,-0.448,0.224,0.224,-0.349,-0.119,0.929,0.534,0.825,-0.186,9.903,5.328,0.137,-1.863,0.290,0.737,-0.610,10.554,-5.817,-4.855,-1.115,none
1.849018,0.807,0.588,0.059,2554.12,0.112,-0.336,0.336,-0.891,-0.328,-0.312,0.909,0.415,-0.048,2478.35,0.336,0.224,-0.112,-0.943,-0.329,0.040,0.529,-0.292,-0.797,2495.70,0.112,0.112,-0.224,-0.628,0.106,0.771,0.462,0.590,-0.662,2460.63,0.336,-0.112,0.112,-0.358,-0.113,0.927,0.533,0.824,-0.191,9.890,5.511,0.137,-1.496,0.286,0.735,-0.615,10.555,-5.542,-4.641,-0.809,none
1.870082,0.806,0.589,0.063,2547.47,0.224,0.000,-0.224,-0.894,-0.344,-0.287,0.910,0.411,-0.044,2474.71,0.112,0.000,-0.224,-0.931,-0.360,0.062,0.530,-0.288,-0.798,2492.00,0.112,-0.112,-0.336,-0.645,0.094,0.758,0.463,0.592,-0.660,2453.36,-0.112,0.112,0.112,-0.360,-0.124,0.925,0.531,0.826,-0.187,9.879,5.573,0.366,-1.969,0.282,0.740,-0.611,10.519,-5.603,-4.702,-1.298,none
1.894498,0.808,0.587,0.059,2541.79,-0.224,0.336,0.224,-0.884,-0.371,-0.283,0.911,0.411,-0.032,2453.07,0.112,0.112,0.336,-0.934,-0.342,0.103,0.529,-0.284,-0.800,2496.33,0.000,-0.224,0.000,-0.653,0.112,0.749,0.464,0.589,-0.661,2448.12,-0.224,0.224,0.112,-0.351,-0.119,0.929,0.534,0.823,-0.196,9.842,5.725,-0.092,-1.954,0.286,0.733,-0.618,10.521,-5.328,-5.008,-1.267,none
1.916479,0.801,0.596,0.063,2550.70,0.112,0.560,0.336,-0.873,-0.359,-0.330,0.909,0.415,-0.048,2478.35,0.112,1.007,0.000,-0.932,-0.359,0.049,0.528,-0.287,-0.799,2499.19,-0.560,-0.336,-0.224,-0.657,0.108,0.746,0.463,0.592,-0.660,2453.36,-0.336,0.448,0.112,-0.357,-0.124,0.926,0.540,0.820,-0.188,9.919,6.794,-0.382,-1.740,0.294,0.735,-0.611,10.561,-4.321,-4.977,-1.160,none
1.939675,0.805,0.591,0.055,2572.80,-0.112,1.007,-1.119,-0.873,-0.371,-0.317,0.909,0.413,-0.047,2488.35,-1.007,0.336,-0.560,-0.934,-0.352,0.054,0.527,-0.289,-0.799,2486.72,-0.448,0.112,0.000,-0.647,0.048,0.761,0.463,0.592,-0.660,2453.36,-0.336,0.560,-0.224,-0.358,-0.122,0.926,0.528,0.828,-0.186,9.912,6.626,-0.260,-0.916,0.283,0.740,-0.610,10.547,-4.336,-4.870,-0.229,none
1.962295,0.810,0.583,0.063,2556.96,-0.448,-0.224,-1.231,-0.889,-0.320,-0.327,0.913,0.407,-0.040,2479.32,-1.007,-0.448,-0.448,-0.934,-0.354,0.040,0.528,-0.290,-0.798,2479.53,-0.448,0.112,0.000,-0.650,0.079,0.756,0.467,0.591,-0.658,2458.01,-1.231,0.560,-0.336,-0.354,-0.117,0.928,0.524,0.832,-0.180,9.920,5.725,-0.168,-1.618,0.278,0.743,-0.608,10.536,-5.313,-5.145,-0.962,none
1.984141,0.810,0.583,0.063,2556.96,-0.671,0.224,-0.336,-0.877,-0.345,-0.334,0.910,0.413,-0.036,2464.81,-0.336,-0.224,-0.224,-0.926,-0.366,0.094,0.527,-0.286,-0.800,2506.38,-0.671,-0.112,0.112,-0.639,0.105,0.762,0.462,0.594,-0.658,2459.36,-1.007,0.448,0.112,-0.352,-0.115,0.929,0.536,0.823,-0.188,9.898,5.710,-0.351,-1.893,0.289,0.734,-0.614,10.565,-5.237,-5.298,-1.145,none
2.005750,0.803,0.593,0.059,2565.33,-0.895,0.000,0.112,-0.878,-0.307,-0.367,0.908,0.416,-0.051,2492.99,-0.336,0.671,-0.336,-0.933,-0.356,0.061,0.526,-0.284,-0.802,2491.06,-0.783,-0.224,0.224,-0.655,0.079,0.752,0.462,0.594,-0.658,2459.36,0.112,0.224,0.336,-0.365,-0.128,0.922,0.538,0.823,-0.183,9.908,5.847,-0.198,-1.756,0.290,0.738,-0.609,10.558,-5.206,-5.084,-1.038,none
2.029128,0.807,0.588,0.051,2553.01,-0.448,0.224,-0.448,-0.886,-0.331,-0.326,0.908,0.416,-0.040,2468.43,0.112,0.000,-0.224,-0.934,-0.352,0.068,0.523,-0.285,-0.803,2485.81,-0.448,-0.336,0.448,-0.635,0.097,0.766,0.459,0.591,-0.663,2455.36,0.448,0.112,-0.112,-0.363,-0.121,0.924,0.534,0.824,-0.189,9.855,5.389,0.198,-1.756,0.285,0.735,-0.615,10.534,-5.695,-4.824,-1.084,none
2.053946,0.806,0.589,0.063,2547.47,-0.112,0.336,0.224,-0.886,-0.374,-0.273,0.911,0.410,-0.040,2461.08,0.336,0.448,-0.112,-0.941,-0.335,0.043,0.526,-0.284,-0.802,2491.06,-0.336,-0.560,-0.224,-0.645,0.094,0.758,0.461,0.590,-0.662,2442.83,-0.336,0.336,0.000,-0.355,-0.122,0.927,0.535,0.823,-0.190,9.877,5.924,0.031,-1.771,0.286,0.737,-0.612,10.540,-5.053,-4.779,-1.160,none
2.076961,0.807,0.588,0.055,2552.74,-0.560,0.560,-0.448,-0.895,-0.378,-0.235,0.911,0.410,-0.040,2483.40,0.112,0.336,-0.671,-0.937,-0.341,0.080,0.530,-0.284,-0.799,2489.14,-0.671,-0.336,-0.560,-0.662,0.094,0.744,0.465,0.589,-0.661,2465.27,-0.783,0.336,0.000,-0.347,-0.119,0.930,0.529,0.830,-0.180,9.946,5.847,0.076,-1.802,0.284,0.744,-0.605,10.567,-5.313,-4.809,-1.206,none
2.098743,0.812,0.581,0.059,2549.72,0.112,0.448,-0.224,-0.877,-0.353,-0.325,0.911,0.410,-0.044,2482.91,0.000,0.560,-0.448,-0.941,-0.337,0.036,0.529,-0.284,-0.800,2496.33,-0.448,-0.448,-0.336,-0.617,0.091,0.782,0.465,0.589,-0.661,2465.27,-0.560,0.224,0.112,-0.363,-0.121,0.924,0.534,0.824,-0.188,9.918,4.733,0.183,-1.893,0.290,0.737,-0.611,10.577,-6.366,-4.809,-1.359,none
2.120864,0.808,0.586,0.055,2561.63,0.224,-0.224,0.895,-0.896,-0.318,-0.309,0.911,0.410,-0.044,2482.91,0.448,0.336,0.560,-0.940,-0.339,0.028,0.529,-0.284,-0.800,2496.33,0.112,-0.112,0.000,-0.639,0.095,0.763,0.462,0.594,-0.658,2459.36,0.336,-0.112,0.112,-0.356,-0.123,0.927,0.537,0.821,-0.194,9.880,5.145,0.473,-1.115,0.287,0.732,-0.618,10.525,-5.817,-4.519,-0.580,none
2.143340,0.797,0.600,0.071,2550.76,0.224,-0.448,0.000,-0.889,-0.349,-0.297,0.910,0.413,-0.040,2465.19,-0.112,0.000,0.112,-0.942,-0.331,0.064,0.526,-0.284,-0.802,2491.06,0.000,0.224,0.224,-0.669,0.085,0.738,0.463,0.592,-0.660,2453.36,0.112,-0.448,-0.112,-0.365,-0.128,0.922,0.530,0.826,-0.192,9.830,5.817,0.168,-1.466,0.279,0.735,-0.618,10.481,-5.237,-4.763,-0.840,none
2.165455,0.806,0.589,0.059,2546.86,0.224,0.224,-0.112,-0.867,-0.342,-0.363,0.908,0.416,-0.040,2468.43,-0.336,-0.224,-0.336,-0.938,-0.342,0.051,0.529,-0.284,-0.800,2496.33,-0.336,0.000,0.448,-0.665,0.112,0.738,0.463,0.592,-0.660,2453.36,-0.560,0.336,0.000,-0.361,-0.122,0.925,0.536,0.823,-0.190,9.882,5.939,-0.107,-1.664,0.288,0.734,-0.615,10.539,-5.099,-5.008,-1.008,none
2.187846,0.807,0.588,0.059,2554.12,-0.112,0.560,-0.336,-0.871,-0.330,-0.365,0.909,0.415,-0.044,2477.94,-0.560,0.112,-0.560,-0.940,-0.337,0.058,0.527,-0.281,-0.802,2487.43,-0.560,-0.336,0.112,-0.650,0.105,0.752,0.462,0.594,-0.658,2459.36,-1.007,0.671,0.112,-0.358,-0.113,0.927,0.532,0.826,-0.186,9.902,6.198,-0.244,-1.511,0.287,0.738,-0.611,10.557,-4.824,-4.977,-0.885,none
2.210279,0.807,0.588,0.059,2554.12,-0.336,0.000,-0.783,-0.889,-0.315,-0.332,0.910,0.413,-0.044,2464.70,-0.448,-0.224,-0.560,-0.941,-0.335,0.058,0.523,-0.285,-0.803,2485.81,-0.336,0.112,0.000,-0.630,0.075,0.773,0.463,0.592,-0.660,2453.36,-0.448,0.448,0.000,-0.356,-0.117,0.927,0.533,0.827,-0.180,9.918,5.725,0.076,-1.740,0.286,0.741,-0.607,10.555,-5.344,-4.809,-1.206,none
2.233822,0.808,0.586,0.059,2561.39,-0.224,0.336,0.112,-0.880,-0.339,-0.332,0.910,0.411,-0.044,2474.71,0.112,0.224,-0.224,-0.938,-0.343,0.052,0.526,-0.284,-0.802,2491.06,-0.336,-0.336,0.000,-0.631,0.099,0.770,0.463,0.592,-0.660,2453.36,-0.336,0.224,0.224,-0.366,-0.128,0.922,0.535,0.823,-0.192,9.926,5.389,0.244,-1.710,0.289,0.738,-0.609,10.556,-5.664,-4.748,-1.130,none
2.258128,0.807,0.588,0.059,2567.48,0.336,0.336,0.224,-0.881,-0.319,-0.350,0.910,0.412,-0.040,2473.38,0.112,0.224,0.000,-0.936,-0.348,0.052,0.524,-0.283,-0.803,2498.28,0.112,-0.112,-0.112,-0.633,0.114,0.766,0.462,0.590,-0.662,2460.63,0.224,0.000,0.000,-0.351,-0.114,0.930,0.533,0.824,-0.190,9.884,5.634,0.061,-1.282,0.287,0.736,-0.613,10.552,-5.374,-4.733,-0.687,none
2.280652,0.805,0.590,0.063,2559.22,0.224,-0.112,-0.336,-0.885,-0.332,-0.327,0.909,0.415,-0.044,2477.94,0.000,0.224,-0.112,-0.938,-0.346,0.037,0.525,-0.288,-0.801,2493.92,0.112,0.336,-0.224,-0.645,0.080,0.760,0.461,0.593,-0.660,2465.29,-0.336,-0.112,-0.224,-0.361,-0.118,0.925,0.531,0.826,-0.187,9.902,5.649,0.137,-1.527,0.285,0.740,-0.609,10.557,-5.420,-4.748,-0.962,none
2.303001,0.809,0.585,0.059,2547.45,0.000,0.336,-0.112,-0.888,-0.326,-0.326,0.910,0.412,-0.040,2473.38,-0.224,0.000,-0.336,-0.937,-0.344,0.059,0.526,-0.284,-0.802,2491.06,-0.112,0.000,-0.224,-0.647,0.087,0.757,0.463,0.592,-0.660,2453.36,-0.336,0.224,0.000,-0.354,-0.116,0.928,0.534,0.823,-0.192,9.886,5.450,0.153,-1.481,0.288,0.735,-0.614,10.528,-5.573,-4.809,-0.840,none
2.325422,0.804,0.591,0.063,2553.59,0.000,-0.112,0.000,-0.876,-0.338,-0.346,0.909,0.415,-0.040,2478.43,0.224,0.000,-0.560,-0.930,-0.360,0.071,0.526,-0.284,-0.802,2491.06,-0.112,-0.112,-0.448,-0.670,0.075,0.738,0.465,0.593,-0.657,2447.44,-0.224,0.112,0.112,-0.349,-0.113,0.930,0.531,0.826,-0.188,9.869,5.740,0.137,-1.557,0.282,0.738,-0.613,10.509,-5.267,-4.779,-0.977,none
2.348161,0.808,0.585,0.067,2548.71,-0.224,0.224,-0.336,-0.887,-0.337,-0.316,0.910,0.413,-0.040,2465.19,0.000,-0.112,-0.448,-0.929,-0.365,0.057,0.526,-0.284,-0.802,2491.06,-0.448,-0.336,-0.336,-0.641,0.073,0.764,0.468,0.592,-0.656,2452.10,-0.448,-0.112,0.112,-0.357,-0.117,0.927,0.530,0.826,-0.192,9.859,5.389,-0.153,-1.924,0.282,0.735,-0.617,10.544,-5.588,-5.008,-1.145,none
2.368704,0.802,0.593,0.071,2546.03,-0.560,0.112,0.224,-0.883,-0.386,-0.266,0.907,0.420,-0.044,2473.94,-0.671,0.000,0.112,-0.942,-0.331,0.049,0.526,-0.284,-0.802,2491.06,-0.560,-0.224,-0.224,-0.634,0.083,0.769,0.466,0.593,-0.657,2464.00,-0.448,0.671,0.224,-0.362,-0.130,0.923,0.538,0.821,-0.193,9.917,6.061,-0.336,-2.137,0.290,0.732,-0.617,10.607,-5.023,-5.053,-1.496,none
2.390782,0.802,0.594,0.063,2558.72,-0.224,1.007,-0.336,-0.879,-0.347,-0.326,0.909,0.415,-0.044,2477.94,0.112,0.895,-0.224,-0.945,-0.327,0.025,0.526,-0.284,-0.802,2491.06,-0.112,-0.112,-0.112,-0.649,0.089,0.755,0.466,0.593,-0.657,2464.00,-0.560,0.224,0.224,-0.353,-0.111,0.929,0.538,0.822,-0.186,9.949,5.939,0.519,-1.466,0.290,0.737,-0.611,10.604,-5.130,-4.305,-1.008,none
2.414366,0.810,0.584,0.059,2569.48,0.560,0.336,-0.560,-0.886,-0.353,-0.299,0.909,0.413,-0.051,2488.84,0.000,0.336,0.224,-0.938,-0.342,0.059,0.529,-0.284,-0.800,2496.33,0.112,0.000,0.224,-0.627,0.092,0.774,0.465,0.589,-0.661,2465.27,0.112,0.000,-0.336,-0.361,-0.128,0.924,0.524,0.831,-0.186,9.900,5.389,0.443,-1.053,0.276,0.743,-0.610,10.499,-5.527,-4.519,-0.626,none
2.439211,0.811,0.581,0.075,2532.74,0.336,-0.224,-0.224,-0.875,-0.356,-0.330,0.911,0.410,-0.040,2461.08,0.000,0.000,0.000,-0.932,-0.359,0.049,0.528,-0.287,-0.799,2499.19,-0.224,0.000,0.000,-0.642,0.074,0.763,0.467,0.591,-0.658,2458.01,-0.112,0.112,0.112,-0.361,-0.124,0.924,0.531,0.825,-0.195,9.894,5.756,-0.351,-2.061,0.283,0.734,-0.617,10.535,-5.191,-5.374,-1.389,none
2.460215,0.803,0.591,0.074,2554.78,-1.007,0.336,0.000,-0.872,-0.360,-0.332,0.908,0.417,-0.036,2468.05,-0.671,-0.671,-0.560,-0.939,-0.343,0.029,0.527,-0.283,-0.801,2503.54,-0.671,-0.224,0.448,-0.631,0.099,0.770,0.462,0.594,-0.658,2459.36,-0.671,0.224,0.560,-0.364,-0.131,0.922,0.541,0.822,-0.180,9.922,5.924,-0.122,-1.832,0.293,0.737,-0.610,10.561,-5.084,-5.053,-1.160,none
2.482648,0.805,0.590,0.055,2558.85,-0.783,0.224,-0.336,-0.887,-0.328,-0.323,0.908,0.416,-0.047,2492.50,-0.783,0.560,-0.336,-0.937,-0.347,0.045,0.524,-0.281,-0.804,2482.18,-0.336,0.112,0.224,-0.647,0.072,0.759,0.459,0.595,-0.659,2454.09,-0.448,0.448,0.112,-0.358,-0.120,0.926,0.532,0.826,-0.183,9.902,5.374,0.290,-1.710,0.287,0.738,-0.610,10.524,-5.649,-4.702,-1.038,none
2.506270,0.808,0.586,0.063,2542.40,-0.224,-0.336,0.112,-0.886,-0.345,-0.311,0.910,0.412,-0.040,2473.38,0.560,0.000,-0.336,-0.937,-0.347,0.053,0.525,-0.288,-0.801,2493.92,-0.224,-0.448,0.224,-0.658,0.111,0.744,0.463,0.592,-0.660,2453.36,0.671,0.224,0.000,-0.349,-0.116,0.930,0.529,0.826,-0.192,9.890,5.466,0.015,-1.924,0.281,0.739,-0.612,10.547,-5.588,-4.916,-1.282,none
2.527730,0.808,0.585,0.063,2548.06,0.000,-0.112,0.224,-0.880,-0.327,-0.345,0.910,0.411,-0.044,2474.71,0.336,0.000,0.000,-0.926,-0.369,0.079,0.527,-0.289,-0.799,2486.72,-0.112,-0.112,-0.448,-0.630,0.085,0.772,0.467,0.591,-0.658,2458.01,0.224,0.112,0.224,-0.349,-0.121,0.929,0.534,0.824,-0.190,9.921,5.282,-0.137,-1.710,0.288,0.737,-0.612,10.566,-5.832,-5.084,-0.809,none
2.550416,0.805,0.591,0.059,2572.57,-0.560,-0.448,0.448,-0.892,-0.355,-0.280,0.910,0.412,-0.044,2497.04,0.112,0.224,-0.224,-0.928,-0.365,0.071,0.527,-0.286,-0.800,2506.38,0.224,0.000,-0.224,-0.642,0.134,0.755,0.466,0.593,-0.657,2464.00,-0.336,0.112,0.000,-0.358,-0.118,0.926,0.532,0.825,-0.190,9.893,5.481,0.122,-1.359,0.283,0.734,-0.617,10.547,-5.634,-4.748,-0.641,none
2.571512,0.805,0.589,0.067,2548.13,0.448,-0.336,0.112,-0.887,-0.371,-0.276,0.908,0.416,-0.044,2469.76,0.000,0.000,0.000,-0.936,-0.345,0.067,0.526,-0.284,-0.802,2491.06,0.224,0.112,0.000,-0.645,0.080,0.760,0.468,0.592,-0.656,2452.10,-0.671,-0.112,-0.112,-0.360,-0.126,0.924,0.529,0.826,-0.192,9.868,5.496,0.153,-1.374,0.282,0.737,-0.615,10.532,-5.542,-4.763,-0.687,none
2.592753,0.806,0.588,0.067,2534.99,0.112,-0.336,-0.112,-0.878,-0.315,-0.359,0.908,0.417,-0.036,2468.05,0.000,-0.448,-0.112,-0.935,-0.349,0.060,0.531,-0.281,-0.800,2487.11,-0.112,0.000,0.336,-0.648,0.064,0.759,0.465,0.593,-0.657,2447.44,0.000,0.224,0.000,-0.348,-0.112,0.931,0.529,0.827,-0.189,9.867,5.374,-0.489,-1.359,0.287,0.740,-0.609,10.521,-5.710,-5.557,-0.397,none
2.613957,0.812,0.581,0.055,2549.96,-0.448,-1.455,0.224,-0.878,-0.365,-0.309,0.910,0.412,-0.040,2473.38,-0.224,-0.560,-0.560,-0.937,-0.347,0.037,0.527,-0.281,-0.802,2487.43,-0.783,-0.336,0.000,-0.662,0.070,0.746,0.465,0.589,-0.661,2465.27,-0.224,0.224,0.336,-0.358,-0.130,0.925,0.533,0.826,-0.185,9.921,4.794,-0.611,-0.992,0.287,0.739,-0.609,10.565,-6.061,-5.679,0.107,none
2.637180,0.802,0.594,0.067,2559.36,-0.448,-2.686,0.895,-0.880,-0.355,-0.316,0.908,0.416,-0.040,2468.43,0.224,-0.671,-0.448,-0.933,-0.351,0.076,0.530,-0.284,-0.799,2489.14,-0.783,-0.336,0.000,-0.667,0.102,0.738,0.462,0.594,-0.658,2459.36,-0.448,-0.224,0.448,-0.359,-0.121,0.925,0.533,0.825,-0.190,9.863,4.901,-0.504,-1.282,0.285,0.738,-0.611,10.486,-5.939,-6.687,-0.122,none
2.659211,0.809,0.588,0.005,2620.34,0.000,-1.343,0.783,-0.883,-0.321,-0.341,0.905,0.423,-0.048,2477.24,0.336,-0.112,-0.224,-0.940,-0.337,0.057,0.527,-0.277,-0.803,2484.64,-0.560,0.000,0.224,-0.645,0.094,0.758,0.460,0.595,-0.659,2471.23,0.112,1.679,0.448,-0.363,-0.128,0.923,0.535,0.825,-0.184,9.916,5.328,0.183,-1.023,0.285,0.733,-0.618,10.539,-5.450,-5.313,-0.168,none
2.681634,0.793,0.605,0.070,2562.02,-1.007,0.000,0.336,-0.892,-0.367,-0.266,0.914,0.403,-0.048,2476.11,0.224,0.112,-0.224,-0.927,-0.367,0.072,0.526,-0.284,-0.802,2491.06,-0.112,0.224,-0.112,-0.640,0.073,0.765,0.462,0.594,-0.658,2459.36,0.671,0.224,0.000,-0.360,-0.121,0.925,0.539,0.822,-0.184,9.912,5.603,-0.656,-1.359,0.293,0.739,-0.607,10.539,-5.466,-5.344,-0.366,none
2.703741,0.814,0.577,0.060,2530.82,0.336,-1.790,-0.112,-0.886,-0.357,-0.297,0.909,0.414,-0.044,2458.34,0.448,-0.448,-0.112,-0.933,-0.351,0.076,0.527,-0.285,-0.800,2483.85,-0.336,0.224,-0.112,-0.649,0.088,0.756,0.462,0.594,-0.658,2459.36,0.224,0.224,0.000,-0.355,-0.121,0.927,0.530,0.829,-0.180,9.892,4.382,-0.656,-1.603,0.279,0.742,-0.610,10.520,-6.641,-5.176,-0.885,none
2.726946,0.814,0.578,0.055,2544.16,0.448,-1.231,0.783,-0.880,-0.362,-0.309,0.910,0.413,-0.044,2464.70,0.448,-0.336,0.000,-0.942,-0.334,0.033,0.526,-0.284,-0.802,2491.06,0.000,-0.112,-0.224,-0.655,0.103,0.749,0.467,0.591,-0.658,2458.01,0.000,0.224,0.336,-0.358,-0.122,0.926,0.533,0.825,-0.191,9.913,5.038,-0.443,-1.511,0.286,0.737,-0.613,10.549,-5.908,-5.466,-0.534,none
2.748164,0.802,0.594,0.059,2558.11,-1.007,-1.567,1.119,-0.873,-0.378,-0.307,0.907,0.418,-0.044,2482.10,0.112,-0.112,-0.448,-0.936,-0.347,0.060,0.524,-0.283,-0.803,2498.28,-0.336,0.112,-0.336,-0.646,0.096,0.758,0.466,0.593,-0.657,2464.00,-0.336,-0.224,0.224,-0.349,-0.117,0.930,0.537,0.822,-0.187,9.901,5.466,0.076,-1.374,0.287,0.734,-0.616,10.538,-5.588,-4.779,-0.748,none
2.770536,0.805,0.589,0.067,2548.13,0.336,0.112,-0.224,-0.883,-0.397,-0.250,0.908,0.416,-0.044,2469.76,-0.112,0.112,-0.224,-0.936,-0.347,0.060,0.526,-0.284,-0.802,2491.06,0.112,0.112,-0.112,-0.655,0.105,0.748,0.467,0.595,-0.655,2456.79,-0.224,-0.112,-0.112,-0.355,-0.125,0.926,0.530,0.827,-0.186,9.870,5.511,0.198,-1.588,0.281,0.737,-0.614,10.527,-5.588,-4.687,-1.084,none
2.793508,0.809,0.585,0.059,2547.45,0.112,0.224,-0.112,-0.886,-0.345,-0.308,0.910,0.413,-0.044,2464.70,0.112,-0.112,0.000,-0.941,-0.335,0.050,0.526,-0.284,-0.802,2491.06,0.000,0.000,-0.224,-0.643,0.115,0.757,0.468,0.592,-0.656,2452.10,-0.112,0.112,0.000,-0.358,-0.119,0.926,0.529,0.826,-0.192,9.885,5.252,-0.153,-2.000,0.283,0.735,-0.617,10.555,-5.985,-5.099,-1.282,none
2.817789,0.805,0.589,0.067,2548.13,-0.336,-0.112,0.671,-0.880,-0.327,-0.345,0.908,0.416,-0.044,2469.76,0.336,-0.224,0.112,-0.930,-0.359,0.085,0.530,-0.280,-0.801,2492.71,-0.112,-0.112,-0.224,-0.635,0.106,0.765,0.466,0.593,-0.657,2464.00,0.224,0.336,0.448,-0.358,-0.117,0.926,0.536,0.822,-0.195,9.907,5.420,-0.229,-1.847,0.287,0.732,-0.618,10.569,-5.588,-5.130,-1.099,none
2.839266,0.802,0.594,0.063,2558.72,-0.448,-0.224,0.448,-0.894,-0.332,-0.301,0.907,0.418,-0.044,2482.10,-0.224,-0.112,0.112,-0.941,-0.335,0.050,0.526,-0.278,-0.804,2509.56,-0.224,0.112,-0.224,-0.658,0.062,0.751,0.464,0.592,-0.659,2469.92,0.224,0.224,0.112,-0.366,-0.122,0.923,0.538,0.821,-0.189,9.922,6.107,0.092,-1.466,0.290,0.733,-0.616,10.576,-4.931,-4.565,-0.947,none
2.861394,0.804,0.593,0.051,2564.23,0.224,0.671,-0.560,-0.872,-0.378,-0.312,0.908,0.418,-0.040,2482.59,0.000,0.112,0.112,-0.931,-0.360,0.057,0.524,-0.283,-0.803,2498.28,0.112,0.112,0.000,-0.623,0.083,0.778,0.466,0.593,-0.657,2464.00,-0.448,0.112,-0.336,-0.356,-0.125,0.926,0.531,0.827,-0.184,9.891,5.710,0.534,-1.099,0.282,0.739,-0.611,10.552,-5.344,-4.275,-0.565,none
2.883959,0.814,0.578,0.063,2544.54,1.119,-0.224,-0.448,-0.880,-0.327,-0.345,0.910,0.412,-0.040,2473.38,0.336,0.000,0.448,-0.929,-0.363,0.078,0.527,-0.285,-0.800,2483.85,0.560,-0.112,0.112,-0.664,0.086,0.743,0.467,0.591,-0.658,2458.01,-0.560,-0.224,-0.112,-0.359,-0.117,0.926,0.523,0.830,-0.192,9.870,5.481,0.092,-1.527,0.274,0.740,-0.614,10.513,-5.649,-4.855,-1.008,none
2.904898,0.808,0.585,0.071,2550.14,0.000,0.112,0.112,-0.873,-0.345,-0.345,0.908,0.416,-0.044,2469.76,-0.336,-0.224,-0.224,-0.937,-0.339,0.081,0.529,-0.284,-0.800,2496.33,0.000,-0.112,0.112,-0.639,0.105,0.762,0.467,0.595,-0.655,2456.79,0.448,0.112,0.336,-0.354,-0.119,0.928,0.537,0.822,-0.189,9.875,5.710,-0.305,-1.832,0.290,0.734,-0.615,10.559,-5.282,-5.267,-1.053,none
2.927227,0.803,0.593,0.055,2563.96,-0.560,0.224,0.112,-0.880,-0.324,-0.348,0.907,0.418,-0.044,2482.10,-0.671,-0.448,-0.224,-0.939,-0.337,0.073,0.526,-0.284,-0.802,2491.06,-0.448,0.112,0.336,-0.642,0.088,0.762,0.466,0.593,-0.657,2464.00,0.112,0.224,0.112,-0.349,-0.119,0.929,0.536,0.824,-0.185,9.890,5.802,-0.015,-1.389,0.289,0.738,-0.610,10.530,-5.191,-4.824,-0.748,none
2.948598,0.808,0.586,0.055,2561.63,-0.112,0.000,-0.448,-0.872,-0.374,-0.315,0.907,0.420,-0.048,2474.35,-0.560,-0.224,0.112,-0.939,-0.336,0.065,0.527,-0.281,-0.802,2487.43,-0.112,0.224,0.336,-0.636,0.088,0.767,0.463,0.592,-0.660,2453.36,0.000,0.000,-0.112,-0.355,-0.122,0.927,0.532,0.826,-0.185,9.863,5.695,0.061,-1.450,0.284,0.739,-0.611,10.510,-5.450,-4.718,-0.794,none
2.971172,0.809,0.584,0.060,2535.13,0.112,-0.224,-0.112,-0.886,-0.357,-0.297,0.908,0.416,-0.044,2469.76,-0.448,-0.336,-0.112,-0.943,-0.334,0.005,0.527,-0.285,-0.800,2483.85,-0.224,-0.112,0.000,-0.641,0.087,0.763,0.462,0.594,-0.658,2459.36,-0.224,0.000,-0.112,-0.354,-0.119,0.927,0.531,0.827,-0.184,9.898,5.527,-0.061,-1.832,0.287,0.742,-0.606,10.511,-5.588,-4.977,-1.160,none
2.992818,0.812,0.582,0.055,2563.08,0.000,-0.224,0.336,-0.889,-0.359,-0.283,0.911,0.410,-0.040,2483.40,0.224,0.000,-0.336,-0.940,-0.334,0.065,0.527,-0.285,-0.800,2483.85,0.000,-0.112,-0.224,-0.665,0.076,0.743,0.462,0.590,-0.662,2460.63,0.112,0.112,0.112,-0.360,-0.115,0.926,0.533,0.825,-0.188,9.933,5.298,0.122,-1.496,0.286,0.738,-0.612,10.580,-5.817,-4.855,-0.809,none
3.016110,0.803,0.592,0.063,2565.94,0.224,-0.671,0.448,-0.887,-0.334,-0.318,0.910,0.413,-0.040,2486.61,0.224,0.112,-0.224,-0.937,-0.345,0.051,0.527,-0.283,-0.801,2503.54,0.224,-0.112,-0.224,-0.672,0.068,0.738,0.465,0.589,-0.661,2465.27,0.000,-0.112,-0.112,-0.361,-0.122,0.925,0.532,0.824,-0.193,9.887,5.573,0.168,-1.252,0.282,0.734,-0.618,10.541,-5.511,-4.580,-0.611,none
3.036264,0.808,0.585,0.063,2548.06,0.448,0.000,-0.112,-0.888,-0.334,-0.315,0.910,0.411,-0.044,2474.71,0.112,0.112,0.000,-0.936,-0.346,0.067,0.527,-0.281,-0.802,2487.43,0.112,0.000,0.000,-0.632,0.092,0.769,0.468,0.592,-0.656,2452.10,-0.671,-0.336,-0.112,-0.353,-0.114,0.929,0.533,0.824,-0.191,9.853,5.740,-0.092,-1.374,0.285,0.735,-0.616,10.527,-5.313,-4.840,-0.718,none
3.059009,0.808,0.587,0.059,2541.79,0.224,0.000,-0.336,-0.878,-0.328,-0.349,0.908,0.416,-0.044,2469.76,-0.336,-0.112,-0.112,-0.933,-0.354,0.061,0.527,-0.277,-0.803,2484.64,-0.112,0.112,0.224,-0.625,0.100,0.774,0.464,0.596,-0.656,2452.13,-1.007,0.112,0.000,-0.358,-0.122,0.926,0.532,0.825,-0.189,9.879,5.725,0.046,-1.435,0.284,0.737,-0.614,10.529,-5.313,-4.733,-0.870,none
3.083489,0.807,0.588,0.059,2554.12,-0.112,-0.112,-0.112,-0.891,-0.332,-0.309,0.908,0.416,-0.044,2469.76,0.112,-0.448,-0.448,-0.936,-0.351,0.038,0.526,-0.284,-0.802,2491.06,-0.448,-0.448,0.224,-0.645,0.094,0.758,0.462,0.594,-0.658,2459.36,-0.112,0.000,0.000,-0.356,-0.123,0.927,0.532,0.825,-0.192,9.887,5.679,0.092,-1.679,0.286,0.733,-0.617,10.555,-5.389,-4.748,-1.084,none
3.104064,0.805,0.590,0.059,2558.61,0.224,0.671,-0.224,-0.891,-0.343,-0.298,0.908,0.418,-0.040,2482.59,-0.336,-0.112,-0.224,-0.940,-0.334,0.072,0.526,-0.284,-0.802,2491.06,-0.224,-0.336,0.224,-0.658,0.096,0.747,0.462,0.594,-0.658,2459.36,-0.224,0.448,0.224,-0.353,-0.121,0.928,0.536,0.824,-0.186,9.906,5.985,-0.107,-1.527,0.288,0.734,-0.615,10.570,-5.115,-4.870,-0.824,none
3.127694,0.803,0.593,0.059,2565.33,-0.336,-0.224,-0.224,-0.886,-0.331,-0.326,0.907,0.420,-0.040,2472.61,-0.336,0.112,0.000,-0.936,-0.347,0.053,0.525,-0.280,-0.804,2496.27,-0.448,0.112,0.336,-0.652,0.047,0.757,0.467,0.595,-0.655,2456.79,-0.448,0.448,-0.112,-0.355,-0.114,0.928,0.532,0.825,-0.189,9.881,6.031,0.076,-1.511,0.284,0.737,-0.613,10.535,-4.962,-4.641,-0.870,none
3.150410,0.812,0.581,0.055,2549.96,-0.224,0.560,-0.560,-0.876,-0.374,-0.306,0.910,0.413,-0.044,2464.70,-0.336,0.336,-0.112,-0.936,-0.351,0.022,0.524,-0.283,-0.803,2498.28,-0.448,0.000,-0.112,-0.627,0.083,0.774,0.463,0.592,-0.660,2453.36,-0.560,0.336,-0.112,-0.359,-0.121,0.925,0.531,0.828,-0.182,9.897,5.634,-0.046,-1.588,0.283,0.741,-0.609,10.518,-5.405,-4.809,-0.962,none
3.170959,0.809,0.585,0.059,2547.45,-0.112,-0.112,0.000,-0.900,-0.330,-0.284,0.910,0.413,-0.040,2465.19,-0.224,0.000,-0.224,-0.938,-0.339,0.066,0.524,-0.283,-0.803,2498.28,-0.112,-0.448,-0.224,-0.646,0.064,0.760,0.462,0.594,-0.658,2459.36,-0.112,0.112,0.000,-0.362,-0.128,0.923,0.534,0.825,-0.187,9.854,5.420,0.275,-2.031,0.286,0.738,-0.611,10.521,-5.679,-4.672,-1.634,none
3.191801,0.809,0.586,0.051,2560.29,-0.224,0.560,0.336,-0.892,-0.351,-0.284,0.908,0.416,-0.044,2469.76,-0.112,0.560,0.000,-0.932,-0.354,0.077,0.526,-0.284,-0.802,2491.06,-0.224,0.000,-0.336,-0.664,0.086,0.743,0.467,0.591,-0.658,2458.01,0.112,0.224,0.224,-0.357,-0.116,0.927,0.535,0.822,-0.193,9.863,5.893,0.000,-1.695,0.289,0.732,-0.617,10.541,-5.130,-4.794,-1.069,none
3.212784,0.805,0.590,0.063,2559.22,-0.112,0.560,-0.336,-0.886,-0.354,-0.301,0.907,0.418,-0.048,2482.51,-0.224,0.560,-0.448,-0.935,-0.349,0.069,0.530,-0.280,-0.801,2492.71,-0.112,0.000,-0.448,-0.661,0.037,0.749,0.462,0.594,-0.658,2459.36,-0.336,0.224,0.000,-0.355,-0.119,0.927,0.534,0.824,-0.188,9.913,6.107,-0.122,-1.557,0.288,0.737,-0.611,10.551,-4.977,-4.718,-0.916,none
3.235044,0.808,0.586,0.055,2561.63,0.112,0.560,-0.560,-0.884,-0.351,-0.310,0.907,0.418,-0.044,2482.10,-0.336,0.000,-0.112,-0.935,-0.342,0.089,0.527,-0.281,-0.802,2487.43,0.000,0.000,-0.112,-0.663,0.060,0.747,0.466,0.593,-0.657,2464.00,-1.119,0.000,-0.112,-0.352,-0.121,0.928,0.529,0.828,-0.183,9.930,5.511,0.412,-1.618,0.282,0.741,-0.610,10.551,-5.618,-4.443,-1.038,none
3.256029,0.811,0.581,0.059,2564.46,0.224,-0.112,0.000,-0.880,-0.362,-0.309,0.910,0.411,-0.044,2474.71,0.895,0.224,0.112,-0.931,-0.359,0.064,0.525,-0.280,-0.804,2496.27,0.224,0.224,-0.224,-0.652,0.086,0.753,0.468,0.592,-0.656,2452.10,0.000,0.000,0.000,-0.347,-0.106,0.932,0.528,0.827,-0.191,9.874,4.916,0.351,-1.878,0.279,0.735,-0.618,10.527,-6.244,-4.687,-1.252,none
3.279824,0.808,0.585,0.067,2548.71,0.448,-0.112,0.783,-0.878,-0.352,-0.324,0.908,0.416,-0.040,2468.43,0.448,0.336,0.000,-0.934,-0.356,0.033,0.527,-0.281,-0.802,2487.43,-0.112,-0.112,-0.112,-0.650,0.095,0.754,0.467,0.595,-0.655,2456.79,0.783,0.000,0.336,-0.352,-0.124,0.928,0.535,0.822,-0.198,9.863,5.450,-0.046,-1.893,0.284,0.730,-0.622,10.552,-5.618,-4.992,-1.160,none
3.301727,0.804,0.591,0.067,2554.24,0.112,0.448,0.000,-0.885,-0.353,-0.304,0.908,0.417,-0.036,2468.05,-0.224,0.224,0.224,-0.943,-0.329,0.041,0.530,-0.280,-0.801,2492.71,-0.448,-0.224,-0.112,-0.637,0.114,0.762,0.464,0.596,-0.656,2452.13,0.224,0.336,0.112,-0.357,-0.121,0.926,0.534,0.824,-0.191,9.920,6.229,0.046,-2.046,0.286,0.736,-0.613,10.543,-4.916,-4.824,-1.542,none
3.322712,0.805,0.590,0.055,2558.85,-0.560,0.895,-0.448,-0.886,-0.365,-0.285,0.907,0.420,-0.040,2472.61,-0.224,0.448,0.112,-0.928,-0.364,0.079,0.524,-0.283,-0.803,2498.28,0.000,-0.112,0.000,-0.662,0.070,0.746,0.466,0.597,-0.653,2462.75,-0.671,0.448,-0.336,-0.351,-0.120,0.929,0.532,0.826,-0.187,9.942,5.725,0.656,-1.435,0.287,0.739,-0.609,10.557,-5.389,-4.229,-0.931,none
3.344628,0.810,0.583,0.059,2556.35,0.000,0.336,-0.224,-0.880,-0.344,-0.326,0.911,0.410,-0.044,2482.91,0.336,0.224,0.448,-0.937,-0.343,0.059,0.526,-0.284,-0.802,2491.06,0.000,0.112,-0.112,-0.648,0.065,0.759,0.468,0.592,-0.656,2452.10,-0.448,0.000,-0.336,-0.350,-0.105,0.931,0.523,0.831,-0.191,9.876,5.298,0.015,-1.603,0.276,0.739,-0.615,10.532,-5.710,-4.870,-0.931,none
3.366275,0.811,0.581,0.071,2532.01,0.336,-0.112,-0.112,-0.875,-0.341,-0.343,0.910,0.413,-0.040,2465.19,-0.560,0.000,-0.224,-0.933,-0.351,0.076,0.529,-0.284,-0.800,2496.33,-0.336,-0.112,-0.112,-0.660,0.087,0.746,0.468,0.596,-0.652,2450.25,0.112,0.112,0.448,-0.356,-0.122,0.927,0.531,0.825,-0.192,9.882,5.496,-0.198,-2.229,0.281,0.734,-0.618,10.543,-5.634,-5.267,-1.542,none
3.388862,0.807,0.588,0.063,2554.73,-1.007,0.336,0.448,-0.880,-0.347,-0.323,0.908,0.418,-0.036,2461.69,-0.895,0.224,0.112,-0.938,-0.340,0.066,0.528,-0.279,-0.802,2501.53,-0.448,-0.112,0.448,-0.648,0.079,0.757,0.462,0.594,-0.658,2459.36,0.112,0.448,0.671,-0.365,-0.119,0.923,0.537,0.823,-0.186,9.892,5.847,0.061,-2.260,0.290,0.737,-0.611,10.534,-5.313,-5.038,-1.450,none
3.411381,0.803,0.593,0.055,2563.96,-0.336,0.336,0.224,-0.891,-0.340,-0.301,0.906,0.421,-0.047,2487.20,-1.007,0.448,0.224,-0.929,-0.361,0.078,0.525,-0.276,-0.805,2493.49,-0.112,-0.224,0.448,-0.644,0.080,0.761,0.464,0.596,-0.656,2452.13,-0.112,0.224,0.448,-0.363,-0.120,0.924,0.534,0.824,-0.190,9.842,5.527,0.489,-1.664,0.288,0.737,-0.612,10.513,-5.618,-4.580,-1.008,none
3.436606,0.809,0.585,0.059,2547.45,0.448,0.112,-0.224,-0.884,-0.358,-0.302,0.910,0.413,-0.040,2465.19,0.000,0.112,0.000,-0.933,-0.355,0.054,0.524,-0.286,-0.802,2478.59,0.112,-0.112,0.448,-0.645,0.056,0.763,0.468,0.588,-0.660,2452.78,0.448,0.448,-0.112,-0.353,-0.121,0.928,0.528,0.828,-0.188,9.850,6.076,-0.305,-1.802,0.281,0.739,-0.613,10.514,-5.008,-4.947,-1.145,none
3.459120,0.807,0.586,0.067,2543.06,-0.336,0.112,-0.336,-0.874,-0.329,-0.358,0.909,0.414,-0.036,2456.62,0.224,0.000,-0.560,-0.931,-0.360,0.056,0.526,-0.284,-0.802,2491.06,-0.448,-0.336,-0.336,-0.634,0.083,0.769,0.467,0.591,-0.658,2458.01,-0.112,0.560,0.000,-0.355,-0.122,0.927,0.531,0.827,-0.185,9.913,6.168,-0.244,-1.710,0.282,0.739,-0.612,10.548,-4.947,-5.053,-1.099,none
3.481707,0.810,0.583,0.063,2556.96,-0.336,0.224,-0.336,-0.885,-0.357,-0.299,0.909,0.415,-0.036,2478.05,-0.448,0.783,-0.560,-0.940,-0.335,0.059,0.530,-0.280,-0.801,2492.71,-0.560,-0.112,-0.224,-0.643,0.065,0.763,0.468,0.595,-0.654,2473.95,-0.671,0.112,0.224,-0.354,-0.119,0.927,0.531,0.826,-0.190,9.921,5.847,0.015,-1.802,0.283,0.736,-0.615,10.552,-5.282,-4.840,-1.191,none
3.503654,0.806,0.588,0.063,2568.09,-0.112,0.671,-0.112,-0.890,-0.340,-0.305,0.907,0.418,-0.044,2482.10,0.000,0.224,-0.112,-0.933,-0.355,0.063,0.527,-0.281,-0.802,2487.43,-0.112,-0.112,0.112,-0.657,0.080,0.750,0.466,0.593,-0.657,2464.00,-0.671,0.000,0.000,-0.350,-0.110,0.930,0.528,0.827,-0.193,9.875,5.756,0.015,-1.359,0.279,0.736,-0.617,10.514,-5.206,-4.885,-0.672,none
3.526734,0.808,0.585,0.067,2548.71,-0.112,0.000,-0.448,-0.879,-0.347,-0.326,0.912,0.410,-0.036,2460.70,-0.448,0.112,-0.560,-0.935,-0.345,0.083,0.528,-0.274,-0.804,2482.17,-0.895,-0.112,0.000,-0.660,0.062,0.749,0.464,0.596,-0.656,2452.13,0.000,0.112,0.336,-0.352,-0.119,0.928,0.529,0.827,-0.190,9.888,5.832,0.244,-1.954,0.286,0.737,-0.613,10.511,-5.298,-4.779,-1.313,none
3.549109,0.803,0.593,0.063,2545.56,-0.336,0.671,-0.112,-0.876,-0.370,-0.308,0.905,0.423,-0.044,2476.82,-0.224,0.671,0.000,-0.943,-0.334,0.005,0.530,-0.280,-0.801,2492.71,-1.231,-0.448,0.895,-0.645,0.080,0.760,0.469,0.594,-0.654,2445.55,0.336,0.783,0.000,-0.363,-0.120,0.924,0.530,0.825,-0.197,9.848,6.107,-0.076,-2.015,0.283,0.732,-0.620,10.531,-4.947,-5.053,-1.267,none
3.575461,0.802,0.593,0.071,2546.03,-0.112,0.783,-0.224,-0.885,-0.375,-0.276,0.910,0.414,-0.032,2457.19,0.224,0.224,0.000,-0.943,-0.333,0.026,0.527,-0.281,-0.802,2487.43,-0.560,-0.224,0.448,-0.658,0.062,0.751,0.467,0.591,-0.658,2458.01,-0.224,0.895,0.112,-0.360,-0.123,0.925,0.530,0.827,-0.189,9.884,6.122,-0.244,-2.595,0.283,0.737,-0.614,10.532,-5.099,-5.191,-2.031,none
3.603724,0.809,0.585,0.059,2547.45,-0.560,1.567,-0.112,-0.888,-0.357,-0.290,0.906,0.421,-0.036,2465.89,-0.560,0.671,-0.224,-0.945,-0.324,0.039,0.525,-0.280,-0.804,2496.27,-0.783,-0.783,0.112,-0.628,0.060,0.776,0.470,0.589,-0.657,2463.35,-0.448,0.895,0.448,-0.356,-0.115,0.927,0.536,0.822,-0.192,9.892,6.153,-0.153,-2.427,0.290,0.732,-0.617,10.547,-4.840,-5.023,-1.771,none
3.627645,0.800,0.597,0.059,2564.06,-0.895,1.343,-0.224,-0.890,-0.328,-0.317,0.907,0.418,-0.048,2482.51,-0.560,1.119,0.112,-0.930,-0.363,0.064,0.525,-0.290,-0.800,2474.26,-2.126,-1.007,0.224,-0.636,0.122,0.762,0.464,0.596,-0.656,2452.13,-0.336,0.671,0.224,-0.359,-0.120,0.926,0.528,0.828,-0.190,9.883,6.397,0.214,-2.153,0.280,0.739,-0.613,10.538,-4.702,-4.718,-1.649,none
3.650331,0.808,0.586,0.063,2562.00,0.336,1.790,-0.560,-0.885,-0.302,-0.354,0.910,0.412,-0.040,2473.38,-1.455,-0.336,-0.336,-0.938,-0.346,0.030,0.522,-0.280,-0.806,2491.03,-0.112,-0.336,0.112,-0.645,0.056,0.763,0.467,0.591,-0.658,2458.01,-0.224,0.671,0.000,-0.360,-0.124,0.925,0.528,0.829,-0.185,9.940,6.061,0.168,-2.504,0.283,0.743,-0.606,10.531,-5.145,-5.038,-1.893,none
3.672407,0.812,0.581,0.059,2549.72,-0.671,1.231,0.336,-0.884,-0.348,-0.312,0.907,0.419,-0.028,2451.07,-0.336,1.119,0.560,-0.932,-0.354,0.077,0.524,-0.283,-0.803,2498.28,-0.448,-0.448,0.000,-0.634,0.083,0.769,0.466,0.597,-0.653,2462.75,-0.336,0.560,0.448,-0.360,-0.127,0.924,0.530,0.825,-0.197,9.869,5.664,-0.656,-2.962,0.279,0.730,-0.624,10.564,-5.450,-5.420,-2.137,none
3.693124,0.798,0.598,0.074,2559.46,-0.448,1.343,0.783,-0.883,-0.339,-0.325,0.906,0.421,-0.044,2486.78,-1.231,1.455,0.112,-0.940,-0.337,0.059,0.522,-0.280,-0.806,2491.03,-0.895,-0.448,-0.112,-0.642,0.073,0.763,0.472,0.593,-0.652,2449.60,0.000,0.895,0.560,-0.355,-0.114,0.928,0.535,0.822,-0.195,9.867,6.366,-0.397,-2.519,0.286,0.734,-0.616,10.556,-4.840,-5.130,-1.817,none
3.715787,0.807,0.588,0.059,2554.12,0.336,1.567,-0.448,-0.885,-0.326,-0.332,0.906,0.420,-0.047,2495.35,-1.567,0.112,-0.560,-0.934,-0.355,0.032,0.525,-0.276,-0.805,2493.49,-1.119,-0.448,-0.224,-0.630,0.084,0.772,0.470,0.593,-0.654,2462.12,-0.560,0.671,0.112,-0.360,-0.122,0.925,0.529,0.826,-0.193,9.905,6.427,-0.076,-1.893,0.280,0.737,-0.616,10.552,-4.687,-4.870,-1.282,none
3.738144,0.807,0.587,0.067,2555.38,-0.224,1.007,-0.560,-0.872,-0.357,-0.336,0.911,0.412,-0.032,2473.58,-1.343,0.671,0.671,-0.937,-0.347,0.045,0.527,-0.277,-0.803,2484.64,-0.560,-0.336,-0.112,-0.642,0.074,0.763,0.470,0.598,-0.650,2461.56,-1.343,0.560,0.000,-0.364,-0.132,0.922,0.524,0.830,-0.190,9.884,5.969,-0.076,-2.534,0.274,0.740,-0.614,10.516,-5.344,-5.069,-1.893,none
3.760528,0.809,0.584,0.067,2536.40,-0.336,1.119,-0.112,-0.882,-0.320,-0.345,0.912,0.409,-0.025,2438.40,-1.231,0.560,0.224,-0.938,-0.346,0.030,0.522,-0.276,-0.807,2488.25,-0.895,-0.783,-0.112,-0.626,0.092,0.774,0.474,0.594,-0.650,2460.33,-0.112,0.448,0.336,-0.361,-0.124,0.924,0.527,0.826,-0.201,9.877,5.802,0.092,-2.870,0.278,0.733,-0.621,10.523,-5.328,-5.221,-2.290,none
3.781051,0.802,0.593,0.071,2546.03,-0.448,1.455,0.783,-0.877,-0.348,-0.331,0.910,0.412,-0.055,2520.78,-1.119,2.574,1.007,-0.938,-0.342,0.051,0.525,-0.276,-0.805,2493.49,-1.119,-0.671,-0.112,-0.648,0.087,0.757,0.471,0.595,-0.651,2455.60,0.224,0.783,0.671,-0.357,-0.121,0.926,0.541,0.817,-0.198,9.927,6.809,-0.656,-2.550,0.293,0.728,-0.620,10.607,-4.366,-5.176,-1.786,none
3.803053,0.801,0.596,0.058,2585.24,-0.783,1.567,-0.783,-0.874,-0.349,-0.339,0.910,0.414,-0.028,2456.89,-0.671,-0.112,-0.783,-0.943,-0.333,0.026,0.523,-0.279,-0.805,2504.31,-0.448,0.000,0.000,-0.624,0.107,0.774,0.470,0.593,-0.654,2462.12,-0.671,0.336,-0.224,-0.353,-0.116,0.928,0.526,0.829,-0.189,9.933,6.702,0.260,-1.328,0.274,0.740,-0.614,10.540,-4.458,-4.412,-0.931,none
3.826943,0.813,0.578,0.067,2545.19,0.448,0.671,-0.895,-0.882,-0.339,-0.328,0.911,0.412,-0.036,2473.00,-0.336,0.112,0.448,-0.941,-0.335,0.043,0.525,-0.276,-0.805,2493.49,-0.112,0.112,0.448,-0.669,0.084,0.738,0.471,0.591,-0.655,2456.14,-0.895,0.448,-0.224,-0.357,-0.113,0.927,0.521,0.831,-0.194,9.866,5.649,0.061,-1.664,0.272,0.739,-0.617,10.526,-5.374,-5.053,-0.947,none
3.848224,0.808,0.585,0.067,2548.71,-0.112,0.000,0.112,-0.870,-0.356,-0.342,0.911,0.410,-0.040,2483.40,-0.783,-0.560,-0.560,-0.942,-0.334,0.026,0.525,-0.280,-0.804,2496.27,-0.783,-0.336,0.224,-0.637,0.067,0.768,0.474,0.590,-0.653,2460.86,-0.448,0.448,0.224,-0.361,-0.127,0.924,0.528,0.828,-0.189,9.918,5.908,-0.595,-2.198,0.278,0.738,-0.615,10.566,-5.145,-5.542,-1.359,none
3.869565,0.803,0.591,0.074,2554.78,-1.007,-0.224,0.224,-0.872,-0.347,-0.344,0.908,0.417,-0.036,2468.05,-1.007,-0.895,-0.560,-0.940,-0.340,0.027,0.521,-0.276,-0.808,2496.32,-0.895,-0.336,0.112,-0.651,0.094,0.753,0.469,0.596,-0.652,2468.07,0.112,0.224,0.560,-0.362,-0.126,0.924,0.534,0.825,-0.186,9.942,5.481,-0.076,-2.427,0.287,0.735,-0.615,10.577,-5.756,-5.145,-1.664,none
3.890410,0.803,0.593,0.059,2565.33,-0.560,-0.224,0.783,-0.881,-0.372,-0.291,0.908,0.418,-0.040,2482.59,-0.560,-0.560,-0.224,-0.933,-0.355,0.054,0.522,-0.276,-0.807,2488.25,-0.336,-0.336,0.112,-0.644,0.065,0.762,0.467,0.595,-0.655,2456.79,0.671,0.560,0.448,-0.370,-0.130,0.920,0.534,0.822,-0.196,9.866,5.252,0.366,-1.679,0.282,0.730,-0.622,10.535,-5.771,-4.641,-1.008,none
3.910566,0.802,0.594,0.067,2559.36,0.224,0.224,0.224,-0.891,-0.363,-0.273,0.907,0.420,-0.040,2472.61,0.671,0.112,-0.112,-0.941,-0.335,0.050,0.525,-0.276,-0.805,2493.49,-0.112,0.224,-0.336,-0.635,0.074,0.769,0.469,0.598,-0.650,2443.74,0.224,0.112,0.112,-0.360,-0.122,0.925,0.527,0.826,-0.199,9.862,6.046,-0.046,-1.756,0.276,0.732,-0.623,10.508,-4.931,-4.656,-1.145,none
3.933226,0.802,0.593,0.079,2547.52,-0.224,0.448,-0.448,-0.881,-0.327,-0.342,0.908,0.417,-0.036,2468.05,-0.224,-0.112,-0.783,-0.934,-0.347,0.090,0.524,-0.275,-0.806,2501.55,-0.112,0.112,-0.112,-0.640,0.083,0.764,0.472,0.593,-0.652,2449.60,-0.560,0.448,-0.224,-0.357,-0.122,0.926,0.526,0.829,-0.191,9.923,6.382,0.046,-1.832,0.276,0.738,-0.615,10.581,-4.733,-4.748,-1.282,none
3.954232,0.811,0.581,0.063,2565.07,-0.112,0.783,-0.560,-0.884,-0.346,-0.315,0.908,0.417,-0.036,2490.38,-0.336,0.000,-0.560,-0.941,-0.335,0.050,0.527,-0.277,-0.803,2484.64,-0.224,0.224,-0.112,-0.619,0.110,0.778,0.472,0.595,-0.651,2472.77,-0.783,0.112,-0.112,-0.358,-0.126,0.925,0.525,0.830,-0.187,9.952,5.542,0.305,-1.908,0.276,0.742,-0.612,10.571,-5.649,-4.626,-1.405,none
3.976628,0.810,0.583,0.067,2557.61,0.224,0.560,0.448,-0.873,-0.359,-0.330,0.909,0.415,-0.036,2478.05,-0.336,-0.224,0.336,-0.930,-0.363,0.056,0.525,-0.276,-0.805,2493.49,0.112,-0.336,0.448,-0.655,0.055,0.754,0.473,0.592,-0.652,2466.84,-0.224,-0.224,0.112,-0.362,-0.126,0.924,0.527,0.825,-0.202,9.892,4.916,0.382,-1.939,0.281,0.732,-0.621,10.576,-6.183,-4.748,-1.252,none
3.999445,0.802,0.594,0.070,2560.78,0.336,0.000,0.895,-0.879,-0.304,-0.367,0.906,0.421,-0.036,2465.89,0.000,-0.112,0.671,-0.936,-0.351,0.031,0.526,-0.273,-0.806,2491.02,0.000,0.000,0.336,-0.643,0.033,0.765,0.472,0.597,-0.649,2449.10,0.336,-0.112,0.112,-0.354,-0.120,0.927,0.530,0.823,-0.204,9.833,5.618,0.214,-1.481,0.282,0.727,-0.626,10.498,-5.435,-4.595,-0.824,none
4.021075,0.799,0.597,0.075,2545.50,0.000,0.336,-0.336,-0.887,-0.328,-0.323,0.905,0.424,-0.036,2468.78,-1.119,-0.671,0.560,-0.939,-0.338,0.066,0.526,-0.273,-0.806,2491.02,-0.112,0.000,0.448,-0.638,0.081,0.766,0.470,0.595,-0.651,2439.02,0.224,0.000,-0.112,-0.357,-0.121,0.926,0.526,0.827,-0.196,9.840,6.321,-0.137,-1.359,0.277,0.733,-0.621,10.520,-4.702,-4.962,-0.641,none
4.042215,0.808,0.585,0.071,2550.14,-0.112,0.224,-0.783,-0.878,-0.348,-0.330,0.909,0.415,-0.036,2478.05,-1.007,-0.895,-0.895,-0.940,-0.337,0.059,0.522,-0.276,-0.807,2488.25,-0.671,-0.336,0.336,-0.637,0.042,0.770,0.470,0.593,-0.654,2462.12,-1.231,0.448,0.224,-0.357,-0.121,0.926,0.523,0.832,-0.186,9.939,5.985,-0.183,-1.725,0.275,0.743,-0.610,10.558,-5.069,-5.145,-1.038,none
4.062976,0.809,0.583,0.070,2557.42,-0.336,0.448,0.000,-0.886,-0.337,-0.318,0.908,0.417,-0.036,2468.05,-0.671,-0.895,-0.671,-0.933,-0.355,0.063,0.523,-0.273,-0.807,2485.78,-0.783,-0.336,0.112,-0.628,0.083,0.773,0.469,0.596,-0.652,2468.07,-0.671,0.448,0.336,-0.352,-0.117,0.928,0.530,0.827,-0.190,9.928,5.328,0.031,-2.015,0.283,0.739,-0.612,10.558,-5.817,-4.931,-1.389,none
4.086217,0.808,0.586,0.063,2562.00,-0.560,0.000,0.448,-0.875,-0.333,-0.351,0.907,0.420,-0.040,2472.61,-0.224,-0.112,-0.336,-0.933,-0.355,0.054,0.522,-0.276,-0.807,2488.25,-0.224,-0.560,-0.112,-0.671,0.051,0.739,0.470,0.598,-0.650,2461.56,0.224,0.112,0.112,-0.366,-0.123,0.923,0.530,0.825,-0.196,9.891,5.435,0.137,-1.588,0.281,0.733,-0.620,10.565,-5.573,-4.687,-0.992,none
4.106514,0.800,0.595,0.074,2553.50,-0.224,0.000,0.112,-0.875,-0.341,-0.343,0.907,0.420,-0.040,2472.61,-0.224,0.112,-0.112,-0.938,-0.340,0.060,0.523,-0.279,-0.805,2504.31,-0.112,0.000,-0.224,-0.643,0.089,0.760,0.471,0.595,-0.651,2455.60,0.336,0.000,0.112,-0.360,-0.130,0.924,0.527,0.828,-0.194,9.841,5.893,0.168,-1.344,0.281,0.736,-0.617,10.507,-5.069,-4.687,-0.779,none
4.129604,0.808,0.585,0.067,2548.71,0.224,0.000,-0.560,-0.868,-0.343,-0.358,0.908,0.416,-0.040,2468.43,-0.224,-0.112,-0.448,-0.938,-0.340,0.066,0.522,-0.276,-0.807,2488.25,-0.336,-0.112,0.000,-0.623,0.083,0.778,0.471,0.591,-0.655,2456.14,-0.448,0.224,-0.224,-0.363,-0.136,0.922,0.522,0.832,-0.188,9.912,5.832,0.122,-1.802,0.275,0.742,-0.611,10.521,-5.221,-4.779,-1.252,none
4.152659,0.810,0.582,0.075,2544.22,-0.336,0.448,-0.112,-0.880,-0.354,-0.317,0.909,0.416,-0.032,2468.62,-0.224,-0.224,-0.783,-0.932,-0.359,0.040,0.521,-0.276,-0.808,2496.32,-0.336,-0.336,-0.224,-0.631,0.068,0.772,0.471,0.595,-0.651,2455.60,-0.783,0.112,0.224,-0.355,-0.123,0.927,0.529,0.826,-0.194,9.916,5.435,0.061,-2.092,0.282,0.735,-0.616,10.555,-5.740,-4.947,-1.450,none
4.175544,0.805,0.590,0.063,2559.22,-0.224,0.448,0.448,-0.883,-0.353,-0.308,0.908,0.418,-0.040,2482.59,-0.336,0.112,-0.560,-0.938,-0.339,0.073,0.522,-0.280,-0.806,2491.03,0.000,0.000,-0.448,-0.661,0.045,0.749,0.471,0.595,-0.651,2455.60,0.224,0.000,0.336,-0.360,-0.123,0.925,0.530,0.825,-0.198,9.901,5.496,0.107,-1.450,0.281,0.732,-0.620,10.541,-5.466,-4.840,-0.855,none
4.197684,0.807,0.588,0.063,2554.73,0.112,0.336,-0.224,-0.871,-0.348,-0.347,0.907,0.420,-0.036,2472.23,0.336,0.448,-0.336,-0.936,-0.351,0.031,0.528,-0.274,-0.804,2482.17,-0.336,0.000,-0.336,-0.645,0.057,0.762,0.471,0.595,-0.651,2455.60,0.336,0.112,0.000,-0.354,-0.122,0.927,0.524,0.830,-0.192,9.903,5.481,0.198,-1.389,0.271,0.738,-0.618,10.512,-5.557,-4.779,-0.794,none
4.220003,0.803,0.590,0.083,2543.00,-0.336,-0.560,-0.224,-0.875,-0.370,-0.312,0.907,0.420,-0.032,2472.80,0.336,0.112,-0.448,-0.939,-0.343,0.022,0.523,-0.273,-0.807,2485.78,-0.112,-0.336,-0.336,-0.613,0.085,0.785,0.476,0.595,-0.648,2453.84,-0.224,0.112,0.000,-0.359,-0.121,0.925,0.526,0.828,-0.197,9.883,5.374,0.092,-1.969,0.278,0.733,-0.621,10.562,-5.725,-4.947,-1.328,none
4.241813,0.805,0.590,0.070,2561.29,-0.560,-0.224,0.448,-0.885,-0.322,-0.337,0.908,0.417,-0.036,2468.05,0.448,-0.112,-0.560,-0.939,-0.341,0.044,0.524,-0.275,-0.806,2501.55,0.224,0.000,-0.112,-0.625,0.062,0.778,0.473,0.596,-0.648,2466.28,-0.448,0.224,0.336,-0.360,-0.126,0.924,0.529,0.825,-0.200,9.890,5.557,0.076,-1.802,0.279,0.732,-0.622,10.567,-5.496,-4.763,-1.191,none
4.263750,0.803,0.591,0.074,2554.78,-0.112,0.224,-0.224,-0.877,-0.325,-0.355,0.906,0.421,-0.040,2485.46,-0.671,-0.224,-0.336,-0.937,-0.344,0.060,0.525,-0.276,-0.805,2493.49,-0.112,-0.112,-0.112,-0.620,0.101,0.778,0.471,0.595,-0.651,2455.60,0.224,0.224,0.000,-0.362,-0.122,0.924,0.531,0.823,-0.199,9.879,6.321,0.031,-1.511,0.284,0.732,-0.619,10.577,-4.794,-4.550,-1.053,none
4.285313,0.806,0.588,0.063,2568.09,-0.112,0.671,-0.560,-0.886,-0.322,-0.333,0.907,0.420,-0.036,2472.23,-0.783,0.112,-0.224,-0.940,-0.340,0.037,0.524,-0.275,-0.806,2501.55,0.000,0.000,0.000,-0.647,0.084,0.758,0.471,0.595,-0.651,2455.60,-0.336,0.112,-0.224,-0.353,-0.110,0.929,0.524,0.830,-0.192,9.892,6.092,0.397,-1.053,0.276,0.738,-0.616,10.541,-4.885,-4.366,-0.565,none
4.307617,0.812,0.579,0.075,2538.41,0.560,0.448,-0.783,-0.869,-0.349,-0.349,0.908,0.417,-0.036,2468.05,0.000,0.000,0.224,-0.943,-0.332,0.027,0.522,-0.276,-0.807,2488.25,-0.112,0.112,0.112,-0.650,0.105,0.752,0.476,0.595,-0.648,2453.84,-0.671,0.000,-0.560,-0.356,-0.125,0.926,0.518,0.832,-0.199,9.877,5.527,-0.031,-1.542,0.268,0.738,-0.619,10.514,-5.542,-4.931,-0.916,none
4.330115,0.810,0.582,0.075,2544.22,0.224,-0.112,-0.112,-0.872,-0.333,-0.358,0.907,0.420,-0.040,2472.61,-0.560,-0.224,-0.448,-0.936,-0.349,0.053,0.525,-0.280,-0.804,2496.27,-0.448,-0.336,0.000,-0.626,0.092,0.774,0.471,0.595,-0.651,2455.60,-0.671,0.112,0.000,-0.359,-0.121,0.925,0.530,0.825,-0.195,9.912,5.557,-0.550,-1.954,0.283,0.734,-0.618,10.568,-5.450,-5.420,-1.099,none
4.353160,0.803,0.592,0.067,2566.59,-0.560,-0.224,0.000,-0.868,-0.346,-0.357,0.908,0.418,-0.040,2482.59,-1.007,-1.119,-0.560,-0.930,-0.363,0.049,0.521,-0.272,-0.809,2493.86,-0.671,0.000,0.336,-0.627,0.083,0.774,0.470,0.593,-0.654,2462.12,0.224,0.000,0.448,-0.354,-0.130,0.926,0.531,0.825,-0.193,9.929,5.603,-0.015,-1.481,0.285,0.735,-0.615,10.549,-5.435,-4.779,-0.763,none
4.377672,0.808,0.585,0.063,2548.06,-0.224,-0.112,-0.336,-0.879,-0.347,-0.328,0.906,0.421,-0.040,2466.27,-0.783,0.000,0.224,-0.936,-0.348,0.046,0.525,-0.274,-0.806,2476.90,0.112,0.224,0.112,-0.662,0.094,0.744,0.465,0.597,-0.653,2445.59,0.112,-0.112,0.000,-0.354,-0.114,0.928,0.524,0.830,-0.194,9.876,5.115,0.397,-1.771,0.276,0.737,-0.617,10.507,-5.954,-4.626,-1.191,none
4.398754,0.807,0.586,0.075,2543.60,0.112,-0.112,0.336,-0.873,-0.309,-0.379,0.907,0.420,-0.040,2472.61,1.007,0.224,0.000,-0.930,-0.366,0.035,0.522,-0.276,-0.807,2488.25,0.112,-0.112,-0.224,-0.635,0.074,0.769,0.472,0.593,-0.652,2449.60,-0.224,0.000,0.000,-0.361,-0.128,0.924,0.528,0.826,-0.199,9.890,5.389,0.214,-1.924,0.279,0.732,-0.622,10.552,-5.679,-4.901,-1.282,none
4.420783,0.807,0.588,0.059,2567.48,-0.112,0.224,0.448,-0.888,-0.338,-0.312,0.908,0.418,-0.036,2482.21,0.895,0.112,-0.560,-0.932,-0.359,0.048,0.524,-0.275,-0.806,2501.55,-0.112,0.112,-0.336,-0.649,0.104,0.753,0.473,0.592,-0.652,2466.84,0.112,0.224,-0.112,-0.367,-0.124,0.922,0.528,0.827,-0.192,9.901,5.466,0.092,-1.328,0.280,0.736,-0.617,10.571,-5.618,-4.748,-0.626,none
4.441731,0.805,0.590,0.070,2561.29,-0.112,-0.560,0.112,-0.881,-0.270,-0.390,0.909,0.415,-0.032,2476.80,0.671,0.336,-0.560,-0.934,-0.352,0.069,0.524,-0.275,-0.806,2501.55,0.000,0.224,-0.112,-0.622,0.093,0.778,0.472,0.595,-0.651,2472.77,-0.224,-0.336,-0.112,-0.363,-0.115,0.925,0.523,0.830,-0.195,9.910,5.191,0.107,-1.298,0.276,0.739,-0.615,10.545,-5.924,-4.947,-0.565,none
4.464952,0.805,0.589,0.071,2549.55,-0.224,-1.007,0.560,-0.880,-0.351,-0.320,0.906,0.421,-0.036,2465.89,0.000,0.000,0.224,-0.938,-0.340,0.066,0.523,-0.273,-0.807,2485.78,0.112,-0.336,0.112,-0.637,0.067,0.768,0.471,0.599,-0.647,2455.08,-0.671,-0.224,0.224,-0.349,-0.121,0.929,0.527,0.826,-0.201,9.858,4.718,0.565,-1.481,0.280,0.732,-0.621,10.522,-6.290,-4.641,-0.870,none
4.488084,0.804,0.591,0.067,2554.24,0.112,-0.783,0.671,-0.871,-0.342,-0.353,0.905,0.424,-0.040,2469.16,0.112,0.000,0.560,-0.939,-0.343,0.029,0.521,-0.272,-0.809,2493.86,0.224,0.000,0.336,-0.637,0.076,0.767,0.472,0.597,-0.649,2449.10,0.336,0.112,0.000,-0.350,-0.117,0.929,0.528,0.825,-0.201,9.839,5.237,0.000,-1.344,0.282,0.734,-0.618,10.526,-5.863,-5.191,-0.458,none
4.509747,0.814,0.579,0.051,2556.74,-0.112,-1.007,0.560,-0.887,-0.334,-0.318,0.908,0.418,-0.040,2482.59,0.671,-0.112,0.112,-0.938,-0.347,0.024,0.521,-0.272,-0.809,2493.86,-0.448,-0.112,0.112,-0.640,0.073,0.765,0.474,0.594,-0.650,2443.09,0.783,0.112,0.112,-0.359,-0.126,0.925,0.523,0.832,-0.187,9.942,4.412,-0.840,-0.611,0.277,0.747,-0.605,10.555,-6.519,-6.580,0.992,none
4.532758,0.831,0.556,0.036,2577.40,-0.895,-7.386,2.350,-0.887,-0.342,-0.310,0.910,0.413,-0.036,2486.23,3.469,0.783,-0.560,-0.939,-0.340,0.044,0.524,-0.275,-0.806,2501.55,-0.671,-0.336,-0.224,-0.644,0.080,0.761,0.469,0.596,-0.652,2468.07,0.671,-0.448,0.895,-0.348,-0.121,0.930,0.520,0.836,-0.178,9.902,1.359,-1.252,-0.916,0.281,0.745,-0.605,10.599,-9.740,-7.847,1.206,none
4.557083,0.826,0.557,0.079,2516.90,1.343,-13.093,6.043,-0.890,-0.351,-0.291,0.910,0.413,-0.036,2486.23,5.931,1.231,0.671,-0.928,-0.366,0.065,0.522,-0.276,-0.807,2488.25,-0.448,-0.112,0.000,-0.639,0.082,0.765,0.463,0.598,-0.654,2475.91,-0.112,0.000,1.231,-0.355,-0.125,0.926,0.535,0.825,-0.181,9.931,0.107,1.160,-2.290,0.267,0.728,-0.632,10.444,-10.366,-4.000,-0.275,none
4.580133,0.772,0.630,0.078,2566.37,-0.224,-3.357,3.805,-0.893,-0.320,-0.317,0.915,0.402,-0.029,2408.60,6.379,2.462,2.686,-0.937,-0.347,0.045,0.524,-0.275,-0.806,2501.55,0.224,0.000,-0.336,-0.620,0.087,0.780,0.475,0.596,-0.648,2437.90,0.112,-0.671,0.448,-0.358,-0.122,0.926,0.540,0.814,-0.211,9.812,6.244,0.611,-1.588,0.280,0.723,-0.631,10.474,-4.611,-4.977,-0.718,none
4.606561,0.793,0.603,0.083,2537.16,1.119,-1.007,0.224,-0.886,-0.361,-0.292,0.908,0.416,-0.047,2492.50,-2.462,-0.895,0.895,-0.931,-0.362,0.048,0.521,-0.276,-0.808,2496.32,-0.336,0.112,0.336,-0.625,0.076,0.777,0.477,0.590,-0.652,2426.69,0.112,0.448,-0.112,-0.353,-0.124,0.927,0.525,0.830,-0.186,9.901,6.198,0.321,-1.695,0.279,0.739,-0.613,10.522,-4.779,-4.947,-1.130,none
4.633634,0.813,0.578,0.067,2545.19,1.231,0.000,-1.007,-0.899,-0.327,-0.293,0.910,0.413,-0.040,2486.61,-0.895,-0.895,-0.671,-0.935,-0.350,0.047,0.522,-0.276,-0.807,2488.25,-0.783,-0.560,0.336,-0.636,0.074,0.768,0.473,0.588,-0.656,2468.07,-1.007,0.224,0.112,-0.365,-0.121,0.923,0.529,0.827,-0.191,9.894,5.832,-0.229,-1.817,0.278,0.736,-0.617,10.581,-5.160,-4.977,-1.191,none
4.658797,0.808,0.585,0.063,2548.06,-0.112,0.671,-0.671,-0.898,-0.329,-0.291,0.908,0.418,-0.040,2482.59,-1.343,-0.671,-1.119,-0.929,-0.359,0.086,0.525,-0.276,-0.805,2493.49,-1.007,-0.448,-0.336,-0.651,0.107,0.752,0.472,0.595,-0.651,2472.77,-0.895,0.112,0.336,-0.362,-0.119,0.925,0.529,0.828,-0.187,9.919,5.679,-0.092,-1.725,0.279,0.738,-0.615,10.566,-5.344,-4.748,-1.176,none
4.680125,0.807,0.588,0.063,2554.73,-0.224,0.895,-0.336,-0.881,-0.336,-0.334,0.907,0.420,-0.040,2472.61,-0.895,-0.224,-0.671,-0.939,-0.343,0.022,0.523,-0.273,-0.807,2485.78,-0.224,0.000,-0.336,-0.645,0.080,0.760,0.469,0.596,-0.652,2468.07,-0.112,0.448,0.000,-0.361,-0.124,0.924,0.528,0.827,-0.193,9.906,5.710,0.504,-1.756,0.278,0.735,-0.619,10.537,-5.405,-4.397,-1.298,none
4.703894,0.807,0.588,0.063,2554.73,0.448,1.567,-0.336,-0.891,-0.337,-0.305,0.907,0.420,-0.036,2472.23,-1.119,-0.224,0.112,-0.935,-0.349,0.062,0.526,-0.273,-0.806,2491.02,-0.336,-0.336,-0.224,-0.644,0.065,0.762,0.470,0.598,-0.650,2461.56,-0.560,0.112,0.000,-0.370,-0.124,0.921,0.527,0.827,-0.197,9.872,5.618,0.473,-1.985,0.278,0.735,-0.618,10.503,-5.450,-4.489,-1.511,none
4.727092,0.810,0.582,0.063,2543.03,0.224,1.343,-0.112,-0.888,-0.334,-0.315,0.906,0.421,-0.032,2464.64,-0.671,-0.224,0.112,-0.932,-0.356,0.070,0.523,-0.273,-0.807,2485.78,0.112,0.112,0.112,-0.616,0.095,0.782,0.471,0.599,-0.647,2455.08,-0.336,0.000,0.112,-0.359,-0.125,0.925,0.527,0.827,-0.197,9.864,5.786,0.336,-2.168,0.279,0.732,-0.622,10.519,-5.282,-4.611,-1.649,none
4.750125,0.802,0.593,0.079,2547.52,0.224,1.455,0.000,-0.875,-0.363,-0.322,0.891,0.454,0.025,2330.32,-2.574,0.448,0.895,-0.936,-0.350,0.030,0.521,-0.272,-0.809,2493.86,-0.336,-0.336,0.112,-0.650,0.047,0.759,0.467,0.599,-0.651,2456.23,0.000,0.671,0.112,-0.364,-0.126,0.923,0.517,0.833,-0.195,9.808,6.321,0.840,-2.885,0.270,0.737,-0.620,10.424,-4.901,-4.611,-2.519,none
4.772611,0.809,0.583,0.075,2524.64,0.224,3.245,0.224,-0.887,-0.346,-0.307,0.914,0.391,-0.109,2605.13,-1.231,3.581,-0.224,-0.925,-0.374,0.059,0.526,-0.269,-0.807,2488.31,-0.448,-0.448,0.112,-0.630,0.074,0.773,0.479,0.596,-0.645,2436.85,0.000,1.119,0.112,-0.362,-0.122,0.924,0.539,0.821,-0.191,9.909,7.084,0.031,-2.534,0.292,0.732,-0.616,10.639,-4.107,-4.626,-2.061,none
4.793280,0.814,0.579,0.047,2592.29,-0.224,2.462,-1.343,-0.876,-0.345,-0.337,0.910,0.414,-0.024,2456.65,-0.783,-0.224,-0.336,-0.940,-0.337,0.049,0.519,-0.275,-0.809,2504.41,-0.448,-0.336,0.112,-0.634,0.091,0.768,0.476,0.591,-0.651,2471.11,-0.671,0.560,-0.112,-0.366,-0.125,0.922,0.516,0.836,-0.184,9.949,5.878,0.137,-1.053,0.264,0.747,-0.610,10.534,-5.191,-4.611,-0.504,none
4.816003,0.815,0.575,0.079,2542.35,0.112,-0.112,-0.560,-0.878,-0.335,-0.342,0.911,0.410,-0.036,2483.03,0.224,-0.112,-0.112,-0.942,-0.332,0.057,0.520,-0.279,-0.807,2499.10,-0.336,-0.448,0.000,-0.639,0.105,0.762,0.474,0.592,-0.652,2482.89,-0.560,0.224,-0.224,-0.359,-0.121,0.925,0.522,0.832,-0.188,9.939,5.267,0.061,-2.244,0.275,0.740,-0.614,10.583,-5.832,-5.069,-1.542,none
4.837237,0.810,0.583,0.067,2557.61,-0.560,0.671,0.560,-0.874,-0.367,-0.318,0.907,0.420,-0.044,2494.94,-0.112,0.448,0.224,-0.937,-0.347,0.053,0.521,-0.276,-0.808,2496.32,-0.560,-0.336,0.112,-0.657,0.070,0.751,0.474,0.598,-0.646,2459.81,-0.112,0.112,0.560,-0.355,-0.122,0.927,0.533,0.824,-0.191,9.889,5.176,0.244,-2.336,0.286,0.732,-0.618,10.586,-5.939,-4.763,-1.771,none
4.859312,0.803,0.593,0.059,2565.33,-0.448,0.560,0.448,-0.884,-0.317,-0.344,0.908,0.418,-0.036,2482.21,-0.336,0.000,1.007,-0.937,-0.346,0.038,0.523,-0.273,-0.807,2485.78,0.112,0.000,0.671,-0.640,0.081,0.764,0.473,0.598,-0.647,2443.92,0.895,0.000,0.336,-0.352,-0.121,0.928,0.529,0.826,-0.195,9.832,5.282,0.534,-1.618,0.279,0.734,-0.620,10.492,-5.756,-4.489,-0.870,none
4.880782,0.806,0.588,0.067,2534.99,0.112,0.000,0.224,-0.888,-0.334,-0.315,0.904,0.424,-0.047,2491.42,0.336,0.671,0.448,-0.940,-0.337,0.058,0.520,-0.274,-0.809,2480.56,0.224,-0.224,0.448,-0.648,0.078,0.758,0.474,0.594,-0.650,2443.09,1.007,0.112,-0.224,-0.363,-0.131,0.922,0.522,0.830,-0.198,9.852,6.092,0.275,-1.847,0.272,0.735,-0.621,10.486,-5.008,-4.656,-1.298,none
4.906134,0.811,0.581,0.075,2532.74,0.224,1.231,-0.336,-0.881,-0.363,-0.303,0.909,0.416,-0.032,2468.62,-0.448,-0.560,-0.783,-0.937,-0.346,0.046,0.522,-0.276,-0.807,2488.25,-0.224,-0.448,-0.112,-0.632,0.092,0.769,0.475,0.592,-0.651,2454.34,-0.336,0.336,-0.112,-0.354,-0.125,0.927,0.524,0.831,-0.189,9.917,5.924,0.534,-2.336,0.278,0.741,-0.611,10.524,-5.298,-4.550,-1.924,none
4.925813,0.811,0.581,0.063,2565.07,-0.224,1.231,0.112,-0.891,-0.352,-0.287,0.912,0.410,-0.020,2459.60,0.224,0.224,0.000,-0.935,-0.353,0.047,0.525,-0.276,-0.805,2493.49,-0.112,-0.448,0.000,-0.647,0.072,0.759,0.476,0.595,-0.647,2470.55,-1.343,0.224,0.000,-0.367,-0.128,0.921,0.522,0.831,-0.192,9.911,5.557,0.473,-1.878,0.273,0.739,-0.616,10.544,-5.511,-4.687,-1.359,none
4.947631,0.813,0.579,0.067,2559.10,0.224,0.560,0.224,-0.889,-0.296,-0.351,0.912,0.408,-0.032,2469.48,0.783,2.238,1.231,-0.937,-0.347,0.045,0.524,-0.275,-0.806,2501.55,-0.336,-0.448,-0.112,-0.660,0.088,0.746,0.478,0.594,-0.646,2458.13,-0.448,0.112,0.112,-0.369,-0.132,0.920,0.522,0.831,-0.194,9.879,5.099,0.351,-2.076,0.274,0.737,-0.618,10.526,-6.122,-4.794,-1.389,none
4.969202,0.808,0.585,0.067,2548.71,0.224,0.224,0.783,-0.879,-0.358,-0.313,0.909,0.413,-0.055,2511.69,0.895,1.343,-0.112,-0.936,-0.351,0.031,0.523,-0.273,-0.807,2485.78,-0.224,-0.560,0.336,-0.635,0.084,0.768,0.476,0.595,-0.648,2453.84,0.448,0.112,0.112,-0.358,-0.122,0.926,0.530,0.823,-0.201,9.885,5.481,0.351,-1.664,0.281,0.730,-0.623,10.542,-5.618,-4.702,-1.053,none
4.991200,0.803,0.591,0.070,2554.06,0.112,0.112,0.336,-0.879,-0.340,-0.333,0.905,0.424,-0.024,2468.81,0.112,0.000,0.112,-0.932,-0.359,0.055,0.521,-0.272,-0.809,2493.86,-0.336,-0.560,0.336,-0.637,0.067,0.768,0.474,0.598,-0.646,2459.81,-0.448,0.112,0.000,-0.356,-0.118,0.927,0.522,0.830,-0.194,9.849,5.954,0.198,-1.771,0.272,0.737,-0.618,10.486,-5.160,-4.763,-1.237,none
5.014612,0.812,0.579,0.075,2538.41,0.560,0.671,-0.224,-0.886,-0.326,-0.329,0.907,0.420,-0.028,2472.50,0.224,1.119,0.224,-0.941,-0.335,0.042,0.521,-0.272,-0.809,2493.86,-0.448,-0.671,0.448,-0.641,0.073,0.764,0.476,0.595,-0.648,2453.84,-0.671,0.448,0.224,-0.351,-0.114,0.930,0.527,0.828,-0.190,9.882,5.847,0.061,-2.183,0.277,0.738,-0.615,10.528,-5.282,-5.069,-1.450,none
5.036954,0.808,0.586,0.063,2562.00,-0.224,0.560,0.336,-0.881,-0.351,-0.317,0.908,0.417,-0.040,2490.76,-0.224,1.567,0.000,-0.929,-0.365,0.064,0.518,-0.273,-0.810,2488.66,-0.560,-0.671,0.560,-0.649,0.054,0.759,0.471,0.595,-0.651,2455.60,-0.224,0.783,0.448,-0.365,-0.123,0.923,0.530,0.826,-0.192,9.877,6.046,-0.061,-1.771,0.280,0.733,-0.620,10.558,-4.962,-4.916,-1.115,none
5.058479,0.808,0.586,0.059,2561.39,-0.224,0.448,-0.224,-0.871,-0.316,-0.377,0.908,0.417,-0.036,2490.38,-0.224,0.000,-0.448,-0.938,-0.345,0.030,0.521,-0.272,-0.809,2493.86,-0.671,-0.336,0.000,-0.642,0.074,0.763,0.471,0.595,-0.651,2455.60,0.112,0.560,0.224,-0.368,-0.127,0.921,0.526,0.830,-0.186,9.919,5.969,-0.061,-1.221,0.278,0.740,-0.613,10.564,-5.069,-4.748,-0.611,none
5.079765,0.812,0.581,0.063,2550.33,-0.224,-0.112,-0.560,-0.880,-0.335,-0.337,0.907,0.420,-0.032,2472.80,-0.336,0.224,-0.560,-0.931,-0.361,0.050,0.522,-0.276,-0.807,2488.25,-0.336,0.000,-0.112,-0.639,0.058,0.767,0.473,0.596,-0.648,2466.28,-0.336,0.336,-0.224,-0.357,-0.123,0.926,0.523,0.831,-0.189,9.895,5.496,0.214,-1.832,0.272,0.742,-0.613,10.522,-5.679,-4.733,-1.267,none
5.102099,0.813,0.578,0.067,2545.19,0.000,0.224,0.560,-0.879,-0.358,-0.313,0.909,0.415,-0.036,2478.05,0.783,0.336,-0.224,-0.939,-0.341,0.044,0.518,-0.276,-0.810,2491.13,0.336,0.112,-0.224,-0.608,0.086,0.789,0.473,0.592,-0.652,2466.84,-0.336,-0.112,0.112,-0.354,-0.124,0.927,0.525,0.829,-0.190,9.892,5.496,0.076,-1.817,0.279,0.736,-0.617,10.552,-5.466,-4.840,-1.115,none
5.123988,0.807,0.587,0.067,2555.38,-0.224,-0.224,0.224,-0.889,-0.335,-0.311,0.907,0.420,-0.036,2472.23,0.671,0.224,-0.560,-0.937,-0.348,0.024,0.521,-0.276,-0.808,2496.32,-0.112,0.000,-0.336,-0.645,0.056,0.763,0.476,0.595,-0.648,2453.84,0.112,0.000,0.224,-0.355,-0.122,0.927,0.524,0.828,-0.198,9.880,5.588,0.183,-1.557,0.275,0.734,-0.621,10.553,-5.496,-4.702,-0.947,none
5.145564,0.808,0.585,0.063,2548.06,0.112,0.336,-0.224,-0.878,-0.348,-0.330,0.909,0.416,-0.032,2468.62,0.336,0.112,-0.560,-0.933,-0.357,0.054,0.521,-0.272,-0.809,2493.86,-0.336,-0.112,-0.336,-0.651,0.046,0.758,0.474,0.594,-0.650,2460.33,0.336,0.224,-0.112,-0.363,-0.133,0.922,0.522,0.829,-0.201,9.881,5.939,-0.046,-1.359,0.273,0.735,-0.621,10.524,-5.145,-4.809,-0.718,none
5.169452,0.809,0.583,0.075,2538.56,0.112,0.112,-0.448,-0.880,-0.339,-0.332,0.907,0.420,-0.032,2472.80,-0.112,-0.224,-0.783,-0.946,-0.323,0.032,0.519,-0.275,-0.809,2504.41,-0.560,-0.112,-0.336,-0.660,0.053,0.749,0.474,0.598,-0.646,2459.81,-0.671,0.112,-0.112,-0.361,-0.123,0.925,0.525,0.828,-0.195,9.893,5.954,-0.122,-1.756,0.276,0.736,-0.618,10.564,-5.176,-4.947,-1.160,none
5.190588,0.808,0.585,0.063,2548.06,0.000,0.671,-0.336,-0.875,-0.313,-0.370,0.908,0.418,-0.032,2480.97,-0.448,-0.112,-0.671,-0.942,-0.332,0.057,0.526,-0.273,-0.806,2491.02,-0.783,-0.448,-0.224,-0.632,0.067,0.772,0.474,0.598,-0.646,2459.81,-0.560,0.336,-0.112,-0.349,-0.110,0.931,0.526,0.828,-0.194,9.907,5.802,0.122,-1.695,0.275,0.736,-0.618,10.537,-5.298,-4.733,-1.176,none
5.213660,0.808,0.585,0.071,2550.14,-0.112,0.448,-0.224,-0.884,-0.346,-0.315,0.909,0.416,-0.032,2468.62,-0.224,0.224,0.000,-0.929,-0.363,0.065,0.522,-0.269,-0.810,2491.15,-0.336,-0.336,-0.336,-0.635,0.050,0.771,0.476,0.600,-0.643,2470.07,0.224,0.112,0.112,-0.355,-0.120,0.927,0.525,0.828,-0.195,9.880,5.160,0.565,-1.985,0.275,0.735,-0.619,10.519,-6.031,-4.672,-1.374,none
5.236613,0.807,0.586,0.075,2543.60,0.000,-0.112,0.895,-0.878,-0.315,-0.359,0.904,0.426,-0.040,2503.89,0.448,0.112,0.000,-0.934,-0.354,0.055,0.521,-0.272,-0.809,2493.86,-0.224,-0.336,0.112,-0.626,0.078,0.776,0.476,0.595,-0.648,2453.84,0.671,0.560,0.000,-0.367,-0.121,0.922,0.526,0.827,-0.200,9.871,6.260,0.061,-1.557,0.276,0.732,-0.623,10.554,-4.763,-4.748,-0.962,none
5.258752,0.808,0.585,0.071,2550.14,0.112,0.671,-0.560,-0.878,-0.333,-0.343,0.907,0.420,-0.032,2472.80,-1.007,-0.448,-0.560,-0.944,-0.329,0.019,0.521,-0.272,-0.809,2493.86,0.000,0.112,0.112,-0.645,0.080,0.760,0.476,0.595,-0.648,2453.84,-0.224,0.000,-0.112,-0.361,-0.122,0.925,0.525,0.829,-0.189,9.924,6.366,0.107,-1.466,0.278,0.739,-0.613,10.560,-4.718,-4.489,-1.023,none
5.281054,0.808,0.586,0.063,2562.00,0.224,0.448,-0.560,-0.887,-0.342,-0.310,0.909,0.415,-0.032,2476.80,-0.448,-0.112,-0.336,-0.939,-0.341,0.044,0.521,-0.276,-0.808,2496.32,-0.112,-0.112,0.112,-0.641,0.073,0.764,0.476,0.595,-0.648,2453.84,-1.119,0.224,-0.336,-0.365,-0.126,0.923,0.518,0.833,-0.194,9.913,5.893,0.153,-1.130,0.268,0.741,-0.616,10.531,-5.206,-4.672,-0.504,none
5.303046,0.813,0.578,0.071,2546.62,-0.112,-0.448,0.112,-0.885,-0.322,-0.337,0.909,0.416,-0.032,2468.62,0.224,0.112,-0.671,-0.947,-0.321,0.032,0.521,-0.272,-0.809,2493.86,-0.448,-0.560,-0.224,-0.647,0.040,0.762,0.477,0.597,-0.645,2464.09,-0.895,0.112,0.112,-0.349,-0.119,0.929,0.519,0.833,-0.192,9.907,5.359,0.107,-2.214,0.270,0.738,-0.619,10.563,-5.786,-4.931,-1.588,none
5.324382,0.808,0.585,0.070,2564.07,-0.448,0.671,0.448,-0.881,-0.361,-0.305,0.910,0.414,-0.024,2456.65,-0.560,-0.224,0.448,-0.935,-0.350,0.061,0.518,-0.273,-0.810,2488.66,-0.560,-0.560,-0.112,-0.656,0.069,0.752,0.475,0.599,-0.644,2454.65,0.112,0.112,0.448,-0.366,-0.127,0.922,0.530,0.823,-0.203,9.881,5.786,-0.382,-1.985,0.278,0.730,-0.624,10.549,-5.191,-5.267,-1.115,none
5.347288,0.802,0.594,0.067,2559.36,-0.895,0.112,0.000,-0.880,-0.335,-0.337,0.905,0.425,-0.040,2489.69,-3.021,-0.560,0.112,-0.933,-0.354,0.069,0.519,-0.269,-0.811,2485.95,-0.671,-0.336,0.336,-0.646,0.023,0.763,0.471,0.599,-0.647,2455.08,0.224,0.448,0.336,-0.355,-0.118,0.927,0.531,0.825,-0.195,9.909,6.244,0.061,-1.359,0.284,0.735,-0.616,10.553,-4.809,-4.718,-0.718,none
5.371335,0.811,0.581,0.064,2529.91,0.336,0.448,-1.007,-0.866,-0.373,-0.333,0.906,0.423,-0.036,2476.93,-1.679,-0.671,-0.112,-0.929,-0.370,0.034,0.520,-0.265,-0.812,2482.47,-0.112,0.000,0.224,-0.618,0.085,0.782,0.471,0.599,-0.647,2455.08,-0.224,0.112,-0.224,-0.363,-0.121,0.924,0.524,0.829,-0.195,9.866,6.244,0.382,-1.466,0.273,0.736,-0.619,10.509,-4.992,-4.489,-1.038,none
5.391277,0.805,0.589,0.075,2550.28,0.895,0.560,-0.448,-0.878,-0.361,-0.314,0.907,0.420,-0.032,2472.80,0.224,-0.112,-0.783,-0.936,-0.351,0.040,0.517,-0.280,-0.809,2493.91,-0.336,-0.336,-0.336,-0.650,0.057,0.758,0.477,0.593,-0.649,2464.61,-0.783,0.000,-0.224,-0.358,-0.115,0.926,0.524,0.829,-0.195,9.906,6.885,-0.565,-1.786,0.276,0.735,-0.619,10.567,-4.336,-5.038,-1.130,none
5.413294,0.805,0.590,0.067,2559.87,-0.895,1.007,-0.448,-0.876,-0.345,-0.337,0.906,0.423,-0.032,2475.68,0.112,0.112,-0.895,-0.937,-0.344,0.060,0.521,-0.276,-0.808,2496.32,0.112,0.000,-0.224,-0.629,0.059,0.775,0.475,0.598,-0.646,2476.52,-0.560,0.224,-0.112,-0.355,-0.125,0.926,0.526,0.828,-0.193,9.934,6.321,0.260,-1.756,0.275,0.738,-0.616,10.567,-5.023,-4.519,-1.267,none
5.437701,0.813,0.579,0.067,2559.10,0.336,0.895,-0.224,-0.877,-0.345,-0.334,0.907,0.420,-0.036,2495.05,-1.343,0.560,0.895,-0.937,-0.344,0.060,0.521,-0.272,-0.809,2493.86,0.448,-0.112,0.000,-0.623,0.107,0.775,0.474,0.594,-0.650,2460.33,-0.224,0.000,-0.336,-0.363,-0.126,0.923,0.521,0.831,-0.195,9.903,6.198,0.076,-1.786,0.271,0.734,-0.623,10.541,-5.130,-4.702,-1.344,none
5.460752,0.803,0.591,0.078,2555.54,-0.112,0.783,0.000,-0.872,-0.321,-0.369,0.907,0.420,-0.032,2472.80,0.783,0.000,0.448,-0.935,-0.350,0.061,0.521,-0.272,-0.809,2493.86,0.112,0.112,0.000,-0.629,0.060,0.775,0.474,0.594,-0.650,2460.33,0.000,0.112,-0.112,-0.361,-0.122,0.925,0.525,0.827,-0.202,9.884,6.489,0.031,-1.695,0.275,0.732,-0.623,10.539,-4.824,-4.611,-1.252,none
5.485510,0.807,0.587,0.067,2555.38,-0.224,1.679,-0.783,-0.887,-0.354,-0.297,0.907,0.420,-0.028,2472.50,-1.007,-0.448,0.336,-0.936,-0.351,0.040,0.517,-0.272,-0.812,2496.77,-0.224,-0.112,0.224,-0.631,0.043,0.775,0.476,0.595,-0.648,2453.84,-0.112,0.112,-0.112,-0.361,-0.120,0.925,0.523,0.829,-0.197,9.888,6.687,-0.031,-1.511,0.273,0.735,-0.621,10.519,-4.641,-4.611,-1.038,none
5.507460,0.808,0.585,0.071,2550.14,0.336,1.343,-0.895,-0.881,-0.296,-0.370,0.907,0.420,-0.032,2472.80,-0.895,-0.448,0.112,-0.940,-0.337,0.058,0.521,-0.272,-0.809,2493.86,0.336,-0.112,0.224,-0.639,0.067,0.767,0.477,0.593,-0.649,2464.61,-0.336,0.112,-0.112,-0.371,-0.123,0.920,0.523,0.829,-0.200,9.902,6.565,-0.382,-1.725,0.273,0.736,-0.619,10.526,-4.748,-4.885,-1.237,none
5.530722,0.806,0.587,0.070,2555.19,-0.224,1.119,-0.560,-0.876,-0.338,-0.343,0.907,0.420,-0.032,2472.80,-0.895,-0.671,-0.112,-0.940,-0.340,0.027,0.518,-0.273,-0.810,2488.66,-0.336,-0.112,0.000,-0.633,0.067,0.771,0.474,0.598,-0.646,2459.81,-1.119,0.000,0.000,-0.359,-0.121,0.925,0.528,0.826,-0.199,9.909,6.702,-0.443,-1.771,0.280,0.732,-0.621,10.574,-4.687,-4.947,-1.237,none
5.553231,0.806,0.588,0.063,2568.09,-0.783,1.231,-0.560,-0.879,-0.370,-0.302,0.905,0.424,-0.036,2468.78,-0.560,0.000,0.112,-0.939,-0.338,0.058,0.517,-0.268,-0.813,2494.07,-0.112,-0.112,0.000,-0.633,0.067,0.771,0.471,0.599,-0.647,2455.08,-0.224,0.000,-0.112,-0.355,-0.125,0.926,0.529,0.825,-0.198,9.896,6.626,0.015,-1.328,0.280,0.732,-0.621,10.567,-4.718,-4.427,-0.824,none
5.575940,0.808,0.585,0.067,2548.71,0.560,0.895,-0.895,-0.888,-0.346,-0.304,0.907,0.420,-0.032,2472.80,-0.224,0.448,0.224,-0.937,-0.346,0.038,0.518,-0.273,-0.810,2488.66,0.560,0.336,-0.224,-0.611,0.070,0.788,0.474,0.598,-0.646,2459.81,-0.224,-0.112,-0.560,-0.366,-0.125,0.922,0.521,0.830,-0.196,9.892,6.519,0.076,-1.496,0.269,0.739,-0.618,10.548,-5.053,-4.550,-0.977,none
5.597205,0.810,0.582,0.075,2544.22,0.112,0.560,-0.336,-0.875,-0.341,-0.343,0.909,0.416,-0.032,2468.62,0.112,0.783,0.560,-0.925,-0.374,0.059,0.518,-0.273,-0.810,2488.66,0.560,0.336,-0.336,-0.657,0.070,0.751,0.473,0.596,-0.648,2466.28,0.224,-0.448,-0.112,-0.361,-0.130,0.923,0.522,0.832,-0.188,9.919,6.382,0.061,-1.893,0.273,0.738,-0.617,10.524,-5.252,-4.748,-1.282,none
5.622878,0.805,0.589,0.071,2549.55,0.000,0.895,0.112,-0.874,-0.350,-0.338,0.909,0.416,-0.032,2468.62,0.336,0.560,0.112,-0.937,-0.349,0.031,0.523,-0.273,-0.807,2485.78,0.112,0.560,-0.783,-0.636,0.041,0.771,0.476,0.595,-0.648,2453.84,0.000,-0.560,0.224,-0.353,-0.122,0.928,0.525,0.827,-0.202,9.909,5.985,0.214,-1.573,0.277,0.731,-0.624,10.549,-5.313,-4.733,-1.023,none
5.640819,0.805,0.590,0.070,2561.29,-0.224,0.224,-0.112,-0.871,-0.342,-0.353,0.907,0.420,-0.028,2472.50,0.336,0.560,0.112,-0.931,-0.360,0.063,0.521,-0.272,-0.809,2493.86,0.112,0.224,-0.224,-0.629,0.035,0.777,0.476,0.595,-0.648,2453.84,0.000,-0.448,-0.112,-0.355,-0.114,0.928,0.523,0.827,-0.206,9.870,6.321,-0.092,-1.344,0.272,0.730,-0.627,10.527,-4.870,-4.763,-0.779,none
5.666530,0.806,0.586,0.079,2544.36,0.224,0.224,-0.783,-0.890,-0.356,-0.284,0.907,0.420,-0.032,2472.80,-0.336,0.000,0.112,-0.939,-0.343,0.022,0.520,-0.271,-0.810,2501.95,0.000,0.336,0.000,-0.650,0.064,0.757,0.478,0.598,-0.643,2458.94,-0.671,-0.224,0.000,-0.357,-0.133,0.925,0.521,0.831,-0.195,9.904,6.550,-0.107,-1.649,0.272,0.737,-0.619,10.543,-4.855,-4.855,-1.130,none
5.682612,0.808,0.585,0.074,2550.86,-0.448,0.671,-0.560,-0.881,-0.369,-0.297,0.909,0.416,-0.028,2468.32,-0.671,-0.224,0.000,-0.936,-0.350,0.030,0.521,-0.272,-0.809,2493.86,-0.112,0.112,-0.112,-0.637,0.066,0.768,0.477,0.597,-0.645,2464.09,-0.336,-0.112,0.000,-0.361,-0.119,0.925,0.524,0.829,-0.197,9.895,6.015,0.107,-1.695,0.275,0.737,-0.617,10.561,-5.359,-4.779,-1.084,none
5.705593,0.806,0.587,0.070,2555.19,0.112,0.224,0.112,-0.883,-0.361,-0.300,0.908,0.418,-0.032,2480.97,0.224,0.000,0.224,-0.941,-0.336,0.050,0.524,-0.272,-0.807,2499.09,0.112,0.112,-0.224,-0.650,0.070,0.757,0.476,0.595,-0.648,2453.84,0.112,-0.448,0.000,-0.360,-0.124,0.925,0.523,0.829,-0.199,9.882,5.466,0.153,-1.771,0.273,0.732,-0.624,10.543,-5.725,-4.809,-1.221,none
5.727173,0.805,0.588,0.078,2551.04,-0.224,0.112,0.560,-0.881,-0.339,-0.331,0.908,0.418,-0.032,2480.97,0.224,0.224,0.224,-0.942,-0.332,0.035,0.521,-0.272,-0.809,2493.86,0.112,0.000,-0.224,-0.644,0.106,0.758,0.475,0.599,-0.644,2454.65,0.336,-0.224,0.112,-0.358,-0.124,0.926,0.526,0.825,-0.207,9.840,5.710,0.244,-1.618,0.278,0.729,-0.626,10.541,-5.511,-4.595,-1.008,none
5.749420,0.803,0.591,0.078,2555.54,0.112,0.224,0.112,-0.882,-0.311,-0.353,0.906,0.423,-0.032,2475.68,-0.336,-0.336,0.224,-0.939,-0.343,0.029,0.521,-0.272,-0.809,2493.86,0.224,0.112,0.000,-0.648,0.055,0.760,0.477,0.597,-0.645,2464.09,-0.112,0.000,-0.112,-0.358,-0.122,0.926,0.525,0.827,-0.201,9.882,6.565,0.153,-1.405,0.273,0.733,-0.623,10.519,-4.565,-4.611,-0.947,none
5.771139,0.806,0.587,0.074,2555.91,0.336,0.671,-0.783,-0.885,-0.326,-0.332,0.909,0.416,-0.032,2468.62,-0.895,-0.448,0.336,-0.934,-0.353,0.055,0.521,-0.272,-0.809,2493.86,0.112,0.336,0.448,-0.616,0.046,0.786,0.476,0.595,-0.648,2453.84,-0.224,-0.224,-0.224,-0.350,-0.118,0.929,0.522,0.831,-0.193,9.910,6.107,0.214,-1.344,0.273,0.741,-0.614,10.553,-5.008,-4.427,-0.809,none
5.791272,0.811,0.581,0.067,2550.98,0.336,-0.224,-0.336,-0.892,-0.317,-0.322,0.909,0.415,-0.032,2476.80,-0.448,-0.112,0.448,-0.942,-0.332,0.057,0.521,-0.272,-0.809,2493.86,0.000,0.000,0.112,-0.634,0.069,0.770,0.476,0.595,-0.648,2453.84,-0.448,-0.224,-0.112,-0.355,-0.115,0.928,0.518,0.833,-0.195,9.879,5.603,0.229,-1.405,0.270,0.737,-0.619,10.516,-5.511,-4.611,-0.763,none
5.810978,0.809,0.582,0.079,2544.99,0.224,-0.224,0.112,-0.881,-0.327,-0.342,0.909,0.416,-0.028,2468.32,0.112,-0.224,-0.224,-0.939,-0.341,0.051,0.521,-0.276,-0.808,2496.32,-0.448,-0.336,-0.224,-0.654,0.045,0.755,0.474,0.594,-0.650,2460.33,0.112,-0.112,0.112,-0.362,-0.139,0.922,0.523,0.827,-0.206,9.866,5.878,-0.534,-1.771,0.273,0.731,-0.626,10.532,-5.221,-5.282,-1.023,none
5.829879,0.799,0.595,0.082,2554.26,-1.119,0.448,-0.112,-0.885,-0.353,-0.302,0.908,0.418,-0.032,2480.97,-0.448,-0.671,-0.783,-0.943,-0.332,0.027,0.521,-0.272,-0.809,2493.86,-0.560,-0.112,-0.224,-0.631,0.042,0.774,0.474,0.594,-0.650,2460.33,-0.224,-0.224,0.336,-0.354,-0.119,0.927,0.524,0.828,-0.200,9.908,6.183,-0.260,-1.725,0.277,0.733,-0.621,10.553,-4.901,-5.099,-1.115,none
5.851047,0.810,0.583,0.067,2557.61,-0.448,0.783,-0.560,-0.886,-0.334,-0.321,0.907,0.420,-0.032,2472.80,-1.455,-0.671,-0.224,-0.937,-0.347,0.045,0.519,-0.269,-0.811,2485.95,-0.783,0.000,-0.224,-0.634,0.083,0.769,0.471,0.603,-0.644,2455.93,-0.336,-0.336,0.224,-0.359,-0.123,0.925,0.529,0.825,-0.199,9.924,5.832,-0.275,-1.969,0.280,0.736,-0.616,10.550,-5.481,-5.099,-1.221,none
5.871231,0.804,0.591,0.063,2553.59,-0.336,0.224,0.336,-0.878,-0.310,-0.366,0.906,0.423,-0.032,2475.68,0.000,0.112,0.112,-0.931,-0.363,0.042,0.523,-0.265,-0.810,2487.68,0.112,0.112,-0.112,-0.636,0.074,0.768,0.469,0.605,-0.644,2466.47,-0.224,-0.224,0.112,-0.366,-0.139,0.920,0.527,0.824,-0.205,9.847,5.511,0.336,-1.817,0.276,0.729,-0.626,10.542,-5.710,-4.626,-1.221,none
5.891469,0.802,0.593,0.075,2546.76,-0.112,-0.112,0.224,-0.877,-0.345,-0.334,0.907,0.420,-0.032,2472.80,0.448,0.560,0.224,-0.940,-0.339,0.036,0.523,-0.273,-0.807,2485.78,0.448,0.224,-0.112,-0.648,0.065,0.759,0.471,0.599,-0.647,2455.08,0.560,-0.112,-0.112,-0.360,-0.129,0.924,0.525,0.825,-0.207,9.860,6.305,0.076,-1.588,0.274,0.730,-0.626,10.522,-4.855,-4.656,-1.023,none
5.910418,0.801,0.592,0.082,2549.13,-0.112,0.000,-0.112,-0.891,-0.316,-0.326,0.907,0.420,-0.028,2472.50,-0.336,0.224,0.112,-0.937,-0.347,0.045,0.521,-0.272,-0.809,2493.86,0.560,0.895,0.000,-0.653,0.030,0.757,0.476,0.595,-0.648,2453.84,0.112,0.000,-0.224,-0.359,-0.133,0.924,0.521,0.829,-0.204,9.888,6.580,0.107,-1.603,0.272,0.736,-0.620,10.520,-4.718,-4.595,-1.069,none
5.930631,0.808,0.584,0.078,2551.63,0.336,0.560,-0.560,-0.885,-0.332,-0.327,0.909,0.416,-0.028,2468.32,-0.448,0.112,0.112,-0.936,-0.349,0.047,0.525,-0.276,-0.805,2493.49,0.336,0.448,0.336,-0.640,0.049,0.767,0.477,0.597,-0.645,2464.09,-0.336,0.112,-0.112,-0.359,-0.126,0.925,0.517,0.833,-0.196,9.891,6.260,0.290,-1.710,0.267,0.740,-0.618,10.559,-5.344,-4.656,-1.069,none
5.952204,0.812,0.578,0.078,2562.02,0.224,0.336,0.000,-0.879,-0.316,-0.358,0.911,0.412,-0.028,2473.28,-0.671,-0.448,0.448,-0.941,-0.338,0.028,0.521,-0.276,-0.808,2496.32,-0.112,0.000,0.336,-0.645,0.081,0.760,0.473,0.596,-0.648,2466.28,-0.783,0.112,0.000,-0.359,-0.125,0.925,0.520,0.831,-0.200,9.886,5.557,0.214,-1.908,0.271,0.735,-0.621,10.550,-5.756,-4.870,-1.344,none
5.971870,0.806,0.587,0.070,2555.19,-0.112,0.112,0.448,-0.877,-0.353,-0.325,0.908,0.418,-0.032,2480.97,-0.224,-0.224,0.448,-0.931,-0.362,0.056,0.521,-0.272,-0.809,2493.86,-0.112,-0.112,0.224,-0.637,0.066,0.768,0.476,0.595,-0.648,2453.84,0.000,-0.336,0.112,-0.351,-0.113,0.929,0.525,0.826,-0.205,9.877,5.420,0.122,-1.573,0.275,0.731,-0.625,10.536,-5.679,-4.840,-0.947,none
5.990950,0.803,0.591,0.074,2554.78,0.224,0.000,0.112,-0.878,-0.348,-0.330,0.907,0.420,-0.028,2472.50,-0.560,-0.448,0.336,-0.940,-0.336,0.058,0.520,-0.268,-0.811,2499.26,-0.112,-0.112,0.000,-0.647,0.031,0.762,0.474,0.598,-0.646,2459.81,0.224,-0.448,-0.112,-0.360,-0.123,0.925,0.523,0.827,-0.206,9.854,5.603,0.153,-1.420,0.274,0.731,-0.625,10.522,-5.435,-4.794,-0.824,none
6.009984,0.805,0.589,0.075,2550.28,0.112,-0.112,-0.224,-0.888,-0.317,-0.333,0.907,0.420,-0.032,2472.80,-0.560,-0.671,0.224,-0.941,-0.335,0.043,0.522,-0.269,-0.810,2491.15,-0.448,-0.336,0.112,-0.616,0.117,0.779,0.475,0.599,-0.644,2454.65,-0.336,-0.112,0.000,-0.356,-0.120,0.927,0.524,0.827,-0.205,9.870,5.969,-0.168,-1.359,0.274,0.730,-0.626,10.522,-5.145,-4.962,-0.595,none
6.032073,0.805,0.589,0.075,2550.28,-0.112,0.112,-0.336,-0.883,-0.313,-0.350,0.907,0.420,-0.032,2472.80,-0.448,-0.560,-0.224,-0.942,-0.334,0.026,0.521,-0.276,-0.808,2496.32,-0.336,-0.112,0.000,-0.644,0.080,0.761,0.474,0.598,-0.646,2459.81,-0.783,0.000,0.000,-0.362,-0.133,0.923,0.523,0.828,-0.204,9.894,6.076,-0.260,-1.588,0.272,0.734,-0.623,10.547,-5.053,-5.023,-0.947,none
6.052060,0.808,0.585,0.070,2564.07,-0.224,0.336,-0.560,-0.886,-0.354,-0.301,0.907,0.420,-0.032,2472.80,-0.895,-0.671,0.000,-0.938,-0.346,0.030,0.519,-0.269,-0.811,2485.95,-0.448,0.112,0.112,-0.622,0.092,0.778,0.474,0.602,-0.643,2460.65,-0.671,0.224,0.112,-0.361,-0.122,0.925,0.525,0.827,-0.199,9.884,5.985,-0.137,-1.664,0.275,0.735,-0.620,10.565,-5.252,-5.023,-0.992,none
6.072240,0.805,0.590,0.070,2561.29,-0.224,0.112,-0.112,-0.872,-0.311,-0.377,0.907,0.420,-0.032,2472.80,-0.895,-0.224,0.448,-0.933,-0.356,0.055,0.520,-0.274,-0.809,2480.56,0.000,0.448,0.448,-0.656,0.047,0.753,0.473,0.601,-0.644,2465.80,0.224,0.000,0.112,-0.368,-0.127,0.921,0.525,0.827,-0.199,9.888,6.153,-0.092,-1.618,0.277,0.733,-0.621,10.542,-5.588,-4.733,-0.916,none
6.094289,0.806,0.587,0.074,2555.91,0.224,0.224,-0.112,-0.889,-0.326,-0.321,0.907,0.420,-0.032,2472.80,-0.448,0.000,0.560,-0.933,-0.357,0.054,0.521,-0.272,-0.809,2493.86,0.336,0.336,0.224,-0.625,0.053,0.779,0.474,0.594,-0.650,2460.33,0.448,0.000,0.000,-0.358,-0.124,0.925,0.523,0.829,-0.197,9.883,5.878,0.092,-1.405,0.275,0.734,-0.621,10.532,-5.267,-4.672,-0.840,none
6.116737,0.808,0.585,0.074,2550.86,0.000,0.224,-0.224,-0.875,-0.352,-0.333,0.908,0.417,-0.036,2468.05,-0.112,0.560,0.224,-0.937,-0.347,0.045,0.523,-0.273,-0.807,2485.78,0.224,0.560,0.112,-0.618,0.061,0.784,0.474,0.594,-0.650,2460.33,0.112,-0.224,-0.224,-0.357,-0.123,0.926,0.519,0.831,-0.200,9.852,5.588,0.168,-1.527,0.271,0.736,-0.621,10.502,-5.527,-4.702,-0.901,none
6.138544,0.806,0.586,0.079,2544.36,0.224,0.000,0.000,-0.875,-0.344,-0.341,0.909,0.416,-0.028,2468.32,0.336,0.336,0.224,-0.942,-0.337,0.012,0.521,-0.272,-0.809,2493.86,0.224,0.224,-0.112,-0.636,0.100,0.765,0.476,0.595,-0.648,2453.84,-0.448,-0.224,-0.224,-0.360,-0.123,0.925,0.522,0.829,-0.202,9.874,5.618,0.046,-1.740,0.272,0.732,-0.624,10.546,-5.573,-4.794,-1.176,none
6.159917,0.805,0.589,0.075,2550.28,0.112,0.336,0.112,-0.880,-0.324,-0.348,0.907,0.420,-0.032,2472.80,0.224,0.000,-0.336,-0.939,-0.341,0.044,0.521,-0.272,-0.809,2493.86,-0.448,-0.112,-0.224,-0.648,0.055,0.760,0.473,0.601,-0.644,2465.80,-0.224,-0.112,0.112,-0.361,-0.122,0.925,0.521,0.830,-0.202,9.919,5.664,0.321,-2.061,0.269,0.736,-0.621,10.523,-5.588,-4.458,-1.527,none
6.182227,0.807,0.585,0.083,2531.25,-0.336,-0.112,-0.336,-0.875,-0.344,-0.341,0.906,0.421,-0.032,2464.64,1.902,-0.560,0.560,-0.938,-0.342,0.060,0.508,-0.250,-0.824,2518.94,-1.679,-1.455,0.448,-0.615,0.099,0.782,0.477,0.593,-0.649,2464.61,0.783,0.560,0.000,-0.348,-0.123,0.930,0.533,0.818,-0.217,9.895,5.527,-0.718,-1.908,0.281,0.719,-0.635,10.601,-5.634,-4.885,-1.130,none
6.202767,0.799,0.598,0.066,2592.45,0.224,0.560,-0.671,-0.870,-0.318,-0.378,0.910,0.413,-0.028,2463.26,0.224,-0.112,-0.112,-0.944,-0.330,0.020,0.524,-0.269,-0.808,2483.06,-1.231,-0.112,-0.112,-0.637,0.067,0.768,0.477,0.593,-0.649,2447.84,0.000,0.000,0.112,-0.355,-0.125,0.926,0.518,0.832,-0.196,9.885,5.817,-0.275,-1.237,0.269,0.740,-0.616,10.519,-5.267,-4.718,-0.687,none
6.224733,0.803,0.591,0.078,2555.54,0.224,0.000,-0.336,-0.889,-0.318,-0.329,0.910,0.413,-0.028,2463.26,-0.336,-0.112,0.224,-0.944,-0.326,0.048,0.520,-0.268,-0.811,2499.26,-0.336,0.112,0.000,-0.662,0.070,0.746,0.470,0.602,-0.646,2461.08,-0.560,0.000,-0.112,-0.355,-0.123,0.927,0.523,0.827,-0.206,9.876,5.832,0.153,-1.832,0.276,0.732,-0.622,10.544,-5.313,-4.824,-1.237,none
6.246594,0.803,0.592,0.070,2566.40,-0.448,0.224,0.448,-0.876,-0.374,-0.306,0.909,0.416,-0.028,2468.32,0.671,-0.112,0.000,-0.935,-0.350,0.047,0.518,-0.273,-0.810,2488.66,-0.336,-0.336,0.000,-0.658,0.038,0.752,0.475,0.599,-0.644,2454.65,-0.671,0.112,-0.112,-0.360,-0.131,0.924,0.525,0.824,-0.212,9.893,5.969,0.015,-1.573,0.275,0.729,-0.627,10.564,-5.160,-4.794,-0.992,none
6.268148,0.805,0.588,0.078,2551.04,0.112,0.000,-0.224,-0.873,-0.318,-0.371,0.906,0.423,-0.032,2475.68,-0.336,0.000,-0.224,-0.941,-0.339,0.020,0.521,-0.272,-0.809,2493.86,-0.112,0.000,0.000,-0.644,0.066,0.762,0.474,0.598,-0.646,2459.81,-0.224,-0.112,0.000,-0.358,-0.128,0.925,0.524,0.828,-0.198,9.906,6.168,0.122,-1.618,0.275,0.736,-0.619,10.541,-5.053,-4.641,-1.069,none
6.289827,0.810,0.583,0.067,2557.61,0.336,1.007,-0.336,-0.863,-0.339,-0.375,0.907,0.420,-0.036,2472.23,-0.112,-0.112,-0.224,-0.942,-0.334,0.027,0.521,-0.272,-0.809,2493.86,0.336,0.224,0.112,-0.637,0.067,0.768,0.474,0.598,-0.646,2459.81,0.000,-0.112,-0.112,-0.359,-0.121,0.925,0.520,0.830,-0.201,9.898,5.618,0.412,-1.267,0.272,0.736,-0.620,10.534,-5.481,-4.458,-0.687,none
6.311874,0.808,0.584,0.078,2551.63,0.336,0.112,-0.112,-0.879,-0.344,-0.331,0.909,0.416,-0.028,2468.32,0.112,0.000,0.448,-0.927,-0.365,0.087,0.521,-0.272,-0.809,2493.86,-0.224,-0.112,0.000,-0.646,0.072,0.760,0.476,0.595,-0.648,2453.84,-0.224,-0.112,-0.224,-0.351,-0.125,0.928,0.518,0.829,-0.210,9.870,5.664,0.000,-1.557,0.266,0.730,-0.629,10.542,-5.344,-4.840,-0.885,none
6.332950,0.803,0.590,0.083,2543.00,-0.112,0.112,-0.112,-0.875,-0.382,-0.298,0.908,0.417,-0.036,2468.05,-0.783,-0.560,-0.448,-0.940,-0.339,0.036,0.524,-0.272,-0.807,2499.09,-0.448,-0.112,0.112,-0.650,0.048,0.759,0.476,0.595,-0.648,2453.84,-0.448,0.112,0.112,-0.356,-0.127,0.926,0.523,0.826,-0.208,9.892,6.305,-0.687,-1.634,0.274,0.729,-0.627,10.555,-4.656,-5.359,-0.840,none
6.354010,0.804,0.589,0.074,2562.02,-0.895,0.560,-0.895,-0.881,-0.327,-0.342,0.907,0.420,-0.032,2472.80,-1.902,-0.895,-0.560,-0.936,-0.349,0.054,0.520,-0.268,-0.811,2499.26,-1.007,0.224,0.112,-0.628,0.118,0.769,0.474,0.598,-0.646,2459.81,-0.448,-0.112,0.224,-0.367,-0.126,0.922,0.524,0.828,-0.198,9.934,6.015,-0.168,-1.481,0.276,0.737,-0.617,10.547,-4.992,-5.008,-0.870,none
6.377070,0.807,0.587,0.067,2555.38,-0.560,0.000,-0.560,-0.881,-0.325,-0.344,0.911,0.413,-0.016,2443.01,3.693,2.910,0.560,-0.936,-0.348,0.052,0.522,-0.269,-0.810,2491.15,-0.336,0.224,0.000,-0.659,0.053,0.750,0.473,0.596,-0.648,2466.28,-0.671,-0.224,0.000,-0.361,-0.134,0.923,0.518,0.829,-0.211,9.840,5.252,-0.244,-1.985,0.266,0.730,-0.630,10.507,-5.756,-5.206,-1.252,none
6.398311,0.806,0.586,0.082,2545.98,-0.224,-0.112,0.560,-0.871,-0.338,-0.357,0.906,0.423,-0.032,2475.68,0.671,0.336,-0.224,-0.934,-0.353,0.046,0.524,-0.263,-0.810,2501.01,-1.007,-0.224,-0.112,-0.655,0.063,0.753,0.472,0.600,-0.645,2449.91,-0.112,-0.112,0.336,-0.369,-0.127,0.921,0.532,0.821,-0.207,9.883,6.061,0.046,-1.527,0.284,0.727,-0.626,10.585,-4.992,-4.626,-0.855,none
6.419010,0.800,0.596,0.074,2567.45,0.112,0.671,-0.336,-0.880,-0.315,-0.356,0.910,0.413,-0.028,2463.26,0.000,0.224,-0.448,-0.935,-0.352,0.039,0.524,-0.272,-0.807,2499.09,-0.112,0.112,-0.224,-0.644,0.065,0.762,0.473,0.596,-0.648,2466.28,-0.448,-0.224,-0.560,-0.357,-0.122,0.926,0.517,0.833,-0.198,9.889,6.275,0.366,-1.710,0.268,0.737,-0.620,10.555,-5.008,-4.473,-1.298,none
6.441253,0.809,0.583,0.074,2558.14,0.448,0.448,-0.560,-0.885,-0.313,-0.344,0.913,0.405,-0.040,2488.45,0.336,1.119,0.560,-0.942,-0.334,0.026,0.524,-0.269,-0.808,2483.06,0.560,0.224,0.448,-0.651,0.082,0.754,0.475,0.598,-0.646,2476.52,-0.448,-0.224,-0.224,-0.355,-0.125,0.926,0.523,0.828,-0.201,9.912,5.023,0.733,-1.756,0.274,0.735,-0.621,10.566,-6.260,-4.397,-1.145,none
6.461566,0.808,0.585,0.070,2564.07,0.448,0.224,0.560,-0.869,-0.341,-0.359,0.909,0.415,-0.028,2476.50,0.000,0.560,1.231,-0.930,-0.363,0.049,0.520,-0.268,-0.811,2499.26,0.448,0.112,0.336,-0.629,0.059,0.775,0.477,0.593,-0.649,2464.61,0.448,-0.224,-0.112,-0.366,-0.124,0.922,0.526,0.825,-0.209,9.824,5.267,0.641,-1.206,0.277,0.727,-0.628,10.531,-5.756,-4.275,-0.718,none
6.482652,0.803,0.591,0.078,2555.54,0.783,-0.224,0.000,-0.880,-0.369,-0.298,0.907,0.420,-0.032,2472.80,-0.336,0.224,1.007,-0.937,-0.345,0.060,0.520,-0.268,-0.811,2499.26,0.560,0.336,0.112,-0.665,0.052,0.745,0.470,0.599,-0.648,2438.55,0.783,-0.671,-0.336,-0.355,-0.125,0.926,0.521,0.827,-0.210,9.809,6.076,0.489,-1.237,0.271,0.728,-0.629,10.488,-5.023,-4.366,-0.733,none
6.506192,0.804,0.589,0.083,2529.88,0.448,0.224,-0.783,-0.880,-0.347,-0.325,0.910,0.413,-0.036,2464.81,-0.560,-0.112,0.112,-0.945,-0.326,0.034,0.524,-0.269,-0.808,2483.06,0.000,0.112,0.224,-0.626,0.067,0.777,0.470,0.599,-0.648,2438.55,-0.336,0.224,-0.336,-0.357,-0.130,0.925,0.521,0.828,-0.205,9.824,6.321,0.092,-1.420,0.271,0.735,-0.621,10.472,-4.748,-4.779,-0.840,none
6.527722,0.807,0.586,0.075,2543.60,-0.112,0.448,-0.671,-0.882,-0.311,-0.353,0.911,0.412,-0.032,2473.58,-0.112,-0.448,-0.783,-0.935,-0.353,0.047,0.520,-0.274,-0.809,2480.56,-0.560,-0.336,-0.224,-0.667,0.045,0.743,0.471,0.595,-0.651,2455.60,-1.007,0.560,-0.336,-0.358,-0.124,0.925,0.517,0.832,-0.203,9.926,6.275,-0.305,-1.496,0.268,0.738,-0.620,10.540,-4.748,-5.084,-0.992,none
6.549857,0.809,0.583,0.078,2558.90,-0.112,0.336,-0.671,-0.865,-0.353,-0.357,0.909,0.415,-0.032,2476.80,0.112,-0.336,-1.455,-0.940,-0.341,0.028,0.521,-0.272,-0.809,2493.86,-0.671,-0.336,-0.448,-0.645,0.024,0.764,0.472,0.595,-0.651,2472.77,-0.895,0.448,0.112,-0.356,-0.127,0.926,0.523,0.829,-0.200,9.932,5.664,-0.305,-1.802,0.275,0.735,-0.620,10.587,-5.466,-5.237,-1.130,none
6.571701,0.811,0.581,0.067,2565.71,-0.560,0.224,-0.224,-0.860,-0.333,-0.388,0.907,0.420,-0.032,2472.80,0.224,0.560,-0.895,-0.926,-0.372,0.067,0.520,-0.268,-0.811,2499.26,-0.560,0.112,-0.783,-0.624,0.108,0.774,0.469,0.600,-0.648,2467.55,-0.671,0.671,0.448,-0.352,-0.121,0.928,0.527,0.825,-0.204,9.896,5.679,-0.107,-1.649,0.275,0.731,-0.624,10.572,-5.389,-5.069,-0.962,none
6.592330,0.801,0.593,0.082,2562.27,-0.224,0.000,-0.224,-0.863,-0.331,-0.381,0.907,0.420,-0.028,2472.50,0.448,0.895,-0.224,-0.934,-0.353,0.046,0.519,-0.269,-0.811,2485.95,-0.224,0.336,-0.671,-0.617,0.069,0.784,0.471,0.599,-0.647,2455.08,-0.336,0.336,0.224,-0.366,-0.128,0.922,0.520,0.829,-0.207,9.865,5.695,-0.107,-1.664,0.271,0.731,-0.626,10.502,-5.359,-5.053,-0.916,none
6.613931,0.807,0.586,0.075,2543.60,0.112,0.000,0.000,-0.876,-0.324,-0.358,0.907,0.420,-0.032,2472.80,0.224,0.560,-0.112,-0.943,-0.331,0.040,0.522,-0.269,-0.810,2491.15,-0.336,0.560,-0.671,-0.646,0.073,0.760,0.476,0.595,-0.648,2453.84,-0.112,0.560,0.224,-0.359,-0.123,0.925,0.516,0.832,-0.203,9.874,5.756,-0.305,-2.046,0.269,0.737,-0.620,10.506,-5.405,-5.313,-1.359,none
6.638188,0.812,0.579,0.075,2538.41,-0.224,0.671,0.112,-0.884,-0.323,-0.339,0.909,0.416,-0.028,2468.32,0.671,0.560,-0.895,-0.945,-0.327,0.026,0.521,-0.272,-0.809,2493.86,-0.336,0.224,-1.007,-0.637,0.066,0.768,0.474,0.598,-0.646,2459.81,-0.336,0.671,0.448,-0.356,-0.125,0.926,0.523,0.827,-0.205,9.908,5.405,-0.687,-2.107,0.273,0.732,-0.624,10.576,-5.511,-5.649,-1.176,none
6.658932,0.802,0.592,0.074,2567.12,-0.895,0.224,0.336,-0.873,-0.318,-0.371,0.909,0.416,0.004,2423.58,3.917,3.469,-0.336,-0.938,-0.344,0.038,0.523,-0.271,-0.808,2507.16,-0.783,0.336,-1.231,-0.639,0.057,0.767,0.474,0.598,-0.646,2459.81,-0.671,0.112,1.007,-0.363,-0.123,0.924,0.517,0.830,-0.210,9.847,5.588,-0.641,-1.969,0.263,0.731,-0.630,10.501,-5.221,-5.679,-1.069,none
6.679887,0.805,0.587,0.087,2537.96,-0.448,0.448,0.112,-0.878,-0.325,-0.351,0.906,0.417,-0.076,2585.29,0.671,7.498,-0.448,-0.936,-0.352,0.031,0.534,-0.253,-0.806,2487.40,-0.560,0.000,-0.671,-0.657,0.071,0.751,0.477,0.605,-0.637,2464.57,-1.231,0.560,1.007,-0.363,-0.123,0.924,0.525,0.823,-0.217,9.896,5.832,-0.901,-2.443,0.278,0.722,-0.634,10.648,-5.069,-6.183,-1.450,none
6.701024,0.800,0.595,0.081,2589.35,-1.679,0.336,0.224,-0.881,-0.327,-0.342,0.904,0.427,-0.000,2449.99,-0.448,0.112,-1.679,-0.937,-0.347,0.029,0.524,-0.254,-0.813,2518.12,-1.007,0.671,0.000,-0.635,0.050,0.771,0.477,0.605,-0.637,2464.57,0.224,0.560,1.007,-0.349,-0.123,0.929,0.520,0.827,-0.212,9.892,5.786,-0.137,-0.595,0.267,0.729,-0.630,10.552,-4.931,-5.344,0.275,none
6.722374,0.799,0.594,0.090,2541.96,-1.119,-0.560,-0.895,-0.874,-0.370,-0.314,0.905,0.423,-0.040,2499.64,-0.112,0.783,-0.560,-0.941,-0.339,0.020,0.530,-0.253,-0.810,2491.50,-1.231,0.336,0.448,-0.646,0.072,0.760,0.479,0.602,-0.638,2475.09,-0.224,0.224,0.448,-0.355,-0.120,0.927,0.517,0.830,-0.210,9.908,5.511,0.046,-2.168,0.267,0.733,-0.625,10.577,-5.664,-5.389,-1.420,none
6.744378,0.806,0.585,0.090,2546.81,-0.448,0.448,0.560,-0.889,-0.306,-0.340,0.906,0.423,-0.008,2454.39,1.231,0.224,-0.224,-0.929,-0.367,0.043,0.522,-0.263,-0.811,2509.12,-0.783,0.224,1.455,-0.642,0.074,0.763,0.482,0.601,-0.638,2462.69,0.000,0.448,0.671,-0.366,-0.133,0.921,0.522,0.827,-0.208,9.912,5.084,0.107,-1.802,0.276,0.732,-0.622,10.559,-6.015,-5.115,-1.069,none
6.768104,0.802,0.590,0.086,2557.19,-0.336,-0.560,0.560,-0.884,-0.334,-0.328,0.905,0.423,-0.036,2499.27,0.783,1.119,0.000,-0.948,-0.317,0.038,0.522,-0.269,-0.810,2491.15,0.112,-0.783,1.119,-0.637,0.042,0.770,0.475,0.602,-0.642,2475.44,0.783,-0.448,0.448,-0.357,-0.126,0.925,0.529,0.821,-0.213,9.906,5.481,-0.290,-1.756,0.278,0.725,-0.630,10.558,-5.740,-5.237,-0.855,none
6.790406,0.796,0.600,0.078,2565.42,-0.783,-0.336,0.560,-0.876,-0.313,-0.366,0.903,0.430,-0.032,2484.21,0.112,1.119,-0.224,-0.936,-0.352,0.032,0.524,-0.266,-0.809,2479.58,0.560,-0.671,1.455,-0.625,0.053,0.779,0.478,0.598,-0.643,2458.94,0.448,0.000,0.112,-0.352,-0.131,0.927,0.522,0.825,-0.216,9.836,5.603,0.290,-1.588,0.270,0.727,-0.631,10.543,-5.618,-4.779,-0.992,none
6.812342,0.804,0.588,0.082,2551.04,0.560,0.112,0.112,-0.875,-0.341,-0.343,0.907,0.420,-0.028,2472.50,-0.448,-0.336,0.671,-0.938,-0.343,0.059,0.515,-0.259,-0.817,2505.10,0.448,0.000,1.902,-0.626,0.077,0.776,0.476,0.595,-0.648,2453.84,0.336,0.112,0.000,-0.358,-0.130,0.925,0.526,0.826,-0.204,9.870,6.092,0.092,-1.359,0.277,0.734,-0.620,10.555,-5.099,-4.779,-0.672,none
6.834288,0.805,0.590,0.070,2561.29,0.224,-0.112,-0.448,-0.892,-0.311,-0.328,0.908,0.418,-0.028,2480.67,-0.560,-0.560,0.671,-0.934,-0.351,0.062,0.519,-0.269,-0.811,2485.95,-0.224,0.000,1.343,-0.649,0.046,0.759,0.475,0.599,-0.644,2454.65,0.224,0.112,-0.112,-0.351,-0.122,0.928,0.518,0.830,-0.205,9.917,6.092,0.305,-1.511,0.268,0.738,-0.620,10.562,-5.924,-4.611,-0.748,none
6.855917,0.809,0.582,0.082,2560.51,0.336,0.000,0.448,-0.885,-0.302,-0.354,0.907,0.420,-0.024,2472.26,0.112,-0.783,1.119,-0.943,-0.331,0.018,0.516,-0.275,-0.811,2499.23,-0.112,0.336,1.902,-0.652,0.039,0.757,0.477,0.597,-0.645,2464.09,0.448,-0.112,0.000,-0.360,-0.132,0.924,0.524,0.827,-0.203,9.914,5.359,-0.183,-1.664,0.274,0.733,-0.623,10.562,-5.847,-5.008,-0.916,none
6.878990,0.802,0.594,0.070,2560.78,-0.895,-0.448,0.448,-0.873,-0.321,-0.366,0.903,0.427,-0.036,2473.04,-0.336,-0.112,0.783,-0.947,-0.319,0.023,0.522,-0.275,-0.808,2471.67,1.007,0.560,1.902,-0.664,0.027,0.747,0.470,0.606,-0.642,2461.33,0.000,-1.343,0.336,-0.368,-0.129,0.921,0.533,0.821,-0.202,9.871,5.069,0.504,-2.122,0.286,0.728,-0.623,10.554,-6.366,-4.229,-1.527,none
6.900289,0.798,0.599,0.066,2572.09,-0.224,-0.448,1.231,-0.881,-0.322,-0.347,0.905,0.423,-0.044,2476.82,0.336,0.112,1.455,-0.943,-0.329,0.041,0.520,-0.285,-0.805,2480.60,1.007,0.224,4.029,-0.667,0.018,0.744,0.469,0.598,-0.650,2443.74,1.455,-1.343,-0.671,-0.360,-0.124,0.925,0.521,0.829,-0.205,9.845,5.908,0.885,-1.649,0.269,0.731,-0.627,10.469,-5.405,-4.183,-1.130,none
6.922096,0.808,0.582,0.087,2527.07,1.119,0.000,0.224,-0.885,-0.342,-0.315,0.906,0.423,-0.024,2455.04,-0.112,-0.112,1.343,-0.936,-0.351,0.040,0.514,-0.273,-0.814,2491.62,0.560,-0.112,3.469,-0.649,0.022,0.760,0.472,0.588,-0.656,2450.90,1.902,0.112,-0.224,-0.353,-0.127,0.927,0.521,0.832,-0.191,9.880,6.519,0.595,-2.015,0.275,0.741,-0.612,10.522,-5.069,-4.305,-1.527,none
6.942367,0.816,0.575,0.059,2560.22,0.560,1.231,-0.112,-0.877,-0.316,-0.362,0.913,0.407,-0.032,2477.69,0.895,1.007,0.112,-0.946,-0.323,0.040,0.517,-0.278,-0.810,2477.86,0.224,0.895,0.000,-0.658,0.038,0.752,0.471,0.591,-0.655,2456.14,0.560,0.112,-0.224,-0.358,-0.127,0.925,0.520,0.832,-0.195,9.853,6.000,0.183,-1.634,0.272,0.746,-0.608,10.501,-6.107,-4.611,-0.947,none
6.965428,0.808,0.585,0.071,2550.14,-0.224,-0.671,1.007,-0.881,-0.325,-0.344,0.911,0.412,-0.032,2473.58,2.462,1.679,0.112,-0.936,-0.348,0.046,0.521,-0.270,-0.810,2477.84,1.007,0.671,-0.783,-0.629,0.060,0.775,0.473,0.598,-0.647,2443.92,-0.448,-1.007,-0.224,-0.351,-0.117,0.929,0.522,0.829,-0.200,9.852,4.947,0.977,-1.771,0.269,0.728,-0.631,10.476,-7.023,-4.122,-1.176,none
6.987550,0.796,0.598,0.094,2540.87,1.119,-1.119,1.679,-0.882,-0.331,-0.334,0.905,0.424,-0.020,2445.76,3.021,1.231,0.560,-0.948,-0.317,0.030,0.524,-0.269,-0.808,2483.06,0.671,-0.224,-0.895,-0.648,0.088,0.757,0.480,0.601,-0.638,2429.41,-1.231,-0.671,-0.560,-0.362,-0.124,0.924,0.514,0.826,-0.231,9.699,5.359,0.473,-2.015,0.262,0.717,-0.646,10.444,-6.031,-4.565,-1.588,none
7.009378,0.798,0.595,0.099,2523.33,1.007,0.671,0.671,-0.878,-0.294,-0.378,0.908,0.418,-0.024,2459.91,0.671,0.224,-0.224,-0.937,-0.347,0.045,0.525,-0.268,-0.808,2496.39,0.000,-0.448,-0.448,-0.639,0.058,0.767,0.478,0.603,-0.639,2441.17,1.119,0.336,-0.112,-0.355,-0.122,0.927,0.523,0.824,-0.217,9.817,7.328,0.076,-2.229,0.272,0.728,-0.629,10.524,-4.427,-4.519,-1.802,none
7.030649,0.798,0.597,0.082,2546.28,-0.224,1.343,-0.560,-0.875,-0.341,-0.343,0.904,0.426,-0.028,2479.63,-0.336,-0.783,-0.224,-0.938,-0.345,0.031,0.521,-0.264,-0.812,2495.79,-0.448,-1.231,0.783,-0.645,0.072,0.761,0.478,0.594,-0.646,2458.13,0.224,1.231,-0.560,-0.359,-0.126,0.925,0.521,0.827,-0.211,9.896,7.374,0.183,-1.740,0.271,0.729,-0.628,10.588,-4.260,-4.443,-1.328,none
7.051902,0.806,0.588,0.074,2569.26,0.448,1.007,-0.783,-0.886,-0.322,-0.333,0.912,0.410,-0.024,2481.24,-0.671,-1.119,-0.112,-0.934,-0.352,0.061,0.518,-0.267,-0.812,2507.38,-0.783,-1.119,0.783,-0.622,0.071,0.780,0.473,0.596,-0.648,2466.28,-1.007,0.671,-0.671,-0.365,-0.136,0.921,0.518,0.831,-0.202,9.949,7.252,0.046,-1.908,0.268,0.738,-0.619,10.605,-4.611,-4.458,-1.496,none
7.073212,0.812,0.579,0.070,2573.63,0.336,1.231,-0.336,-0.880,-0.318,-0.353,0.910,0.413,-0.028,2486.51,0.000,-0.783,-0.224,-0.942,-0.334,0.035,0.519,-0.275,-0.809,2504.41,-0.448,-1.119,0.112,-0.634,0.108,0.765,0.475,0.598,-0.646,2476.52,-1.007,0.112,-0.448,-0.359,-0.131,0.924,0.523,0.828,-0.200,10.000,6.305,0.061,-1.893,0.274,0.737,-0.618,10.642,-5.450,-4.641,-1.344,none
7.095980,0.810,0.582,0.070,2580.25,-0.336,0.224,0.448,-0.874,-0.344,-0.344,0.907,0.420,-0.028,2493.51,0.671,0.224,0.112,-0.934,-0.353,0.046,0.521,-0.272,-0.809,2493.86,0.112,-0.224,-0.224,-0.636,0.074,0.769,0.470,0.600,-0.647,2484.08,0.224,-0.112,-0.336,-0.366,-0.135,0.921,0.527,0.826,-0.201,9.973,5.557,0.595,-1.725,0.278,0.733,-0.620,10.582,-6.046,-4.198,-1.237,none
7.119352,0.805,0.590,0.067,2559.87,0.671,-0.112,0.560,-0.881,-0.363,-0.303,0.907,0.420,-0.028,2472.50,1.007,0.895,1.343,-0.934,-0.357,0.011,0.517,-0.268,-0.813,2494.07,1.119,0.560,0.000,-0.651,0.095,0.753,0.470,0.602,-0.646,2461.08,0.895,-0.783,-0.560,-0.359,-0.125,0.925,0.518,0.829,-0.210,9.819,5.053,0.992,-1.618,0.266,0.730,-0.629,10.483,-6.183,-4.046,-1.206,none
7.141698,0.803,0.589,0.087,2529.92,0.560,-0.783,0.895,-0.874,-0.329,-0.358,0.909,0.416,-0.032,2468.62,1.455,1.455,1.902,-0.937,-0.346,0.038,0.518,-0.273,-0.810,2488.66,1.567,0.448,0.448,-0.618,0.085,0.782,0.475,0.600,-0.644,2436.82,0.336,-0.336,-0.336,-0.350,-0.124,0.928,0.523,0.826,-0.210,9.783,5.603,0.626,-1.847,0.274,0.728,-0.629,10.507,-5.557,-4.244,-1.359,none
7.163481,0.805,0.589,0.071,2549.55,0.336,0.448,-0.112,-0.874,-0.347,-0.339,0.908,0.418,-0.036,2482.21,0.336,0.224,0.448,-0.940,-0.339,0.037,0.516,-0.275,-0.811,2499.23,0.224,0.112,0.000,-0.631,0.068,0.772,0.474,0.594,-0.650,2443.09,0.224,-0.336,-0.336,-0.365,-0.125,0.923,0.522,0.828,-0.205,9.816,6.534,0.000,-1.206,0.274,0.734,-0.621,10.502,-4.550,-4.534,-0.748,none
7.186095,0.808,0.585,0.074,2550.86,0.000,0.448,-1.007,-0.884,-0.346,-0.313,0.909,0.416,-0.028,2468.32,0.671,0.336,-0.895,-0.938,-0.347,0.016,0.518,-0.276,-0.810,2491.13,-0.671,-0.112,-0.671,-0.637,0.091,0.765,0.471,0.595,-0.651,2455.60,-0.671,0.000,-0.448,-0.359,-0.130,0.924,0.519,0.830,-0.203,9.895,6.763,-0.351,-0.977,0.270,0.735,-0.623,10.546,-4.351,-4.855,-0.443,none
7.208932,0.807,0.585,0.078,2565.55,-0.224,0.224,-1.119,-0.873,-0.366,-0.322,0.914,0.405,-0.032,2464.50,1.007,0.448,-1.567,-0.941,-0.336,0.042,0.518,-0.273,-0.810,2488.66,-0.671,-0.336,-1.231,-0.647,0.098,0.756,0.474,0.598,-0.646,2459.81,-1.902,0.112,-0.448,-0.357,-0.128,0.925,0.521,0.829,-0.206,9.901,6.382,-0.275,-1.206,0.271,0.733,-0.624,10.554,-4.733,-4.809,-0.672,none
7.231184,0.806,0.587,0.078,2556.68,-0.448,0.112,-0.783,-0.876,-0.345,-0.337,0.909,0.417,-0.024,2468.08,0.224,-0.224,-1.007,-0.941,-0.337,0.021,0.521,-0.272,-0.809,2493.86,-0.671,-0.112,-1.119,-0.640,0.049,0.767,0.473,0.601,-0.644,2465.80,-1.455,-0.112,-0.336,-0.352,-0.123,0.928,0.522,0.826,-0.215,9.894,6.015,0.015,-1.389,0.270,0.730,-0.627,10.534,-5.206,-4.626,-0.794,none
7.253742,0.801,0.593,0.086,2563.91,-0.112,0.112,-0.336,-0.889,-0.306,-0.340,0.906,0.423,-0.024,2475.15,0.112,0.112,-0.112,-0.934,-0.355,0.024,0.522,-0.269,-0.810,2491.15,-0.112,0.112,-0.560,-0.630,0.051,0.775,0.474,0.602,-0.643,2460.65,-0.224,0.000,-0.224,-0.356,-0.126,0.926,0.526,0.822,-0.217,9.871,6.656,0.061,-1.588,0.275,0.726,-0.631,10.544,-4.855,-4.519,-1.053,none
7.274369,0.800,0.595,0.078,2554.26,0.112,0.560,-0.448,-0.882,-0.334,-0.332,0.906,0.423,-0.028,2475.39,0.336,0.448,-0.112,-0.940,-0.340,0.027,0.522,-0.269,-0.810,2491.15,0.000,0.224,-0.336,-0.644,0.057,0.763,0.476,0.604,-0.640,2453.60,0.112,0.336,-0.336,-0.360,-0.127,0.925,0.521,0.826,-0.216,9.872,7.298,0.183,-1.237,0.269,0.729,-0.629,10.539,-4.550,-4.290,-0.794,none
7.297715,0.808,0.583,0.087,2540.98,0.783,0.448,-1.119,-0.880,-0.365,-0.302,0.909,0.415,-0.024,2476.26,0.560,0.112,-0.560,-0.943,-0.331,0.018,0.524,-0.269,-0.808,2483.06,0.000,0.112,-0.224,-0.641,0.084,0.763,0.473,0.601,-0.644,2465.80,-0.336,0.336,-0.671,-0.364,-0.135,0.922,0.518,0.830,-0.206,9.923,6.840,-0.046,-1.786,0.267,0.736,-0.622,10.546,-4.672,-4.595,-1.282,none
7.319375,0.808,0.584,0.078,2551.63,-0.224,0.448,-0.448,-0.877,-0.325,-0.355,0.909,0.415,-0.028,2476.50,0.895,0.112,-0.783,-0.937,-0.349,0.023,0.523,-0.273,-0.807,2485.78,0.000,0.000,0.000,-0.653,0.039,0.757,0.475,0.599,-0.644,2454.65,-0.448,0.448,-0.224,-0.350,-0.122,0.929,0.521,0.827,-0.213,9.908,6.137,0.183,-2.015,0.274,0.732,-0.625,10.562,-5.496,-4.534,-1.481,none
7.341165,0.807,0.585,0.074,2564.79,0.448,0.336,0.336,-0.886,-0.345,-0.311,0.908,0.418,-0.024,2480.43,0.895,0.000,-0.224,-0.937,-0.346,0.038,0.521,-0.272,-0.809,2493.86,0.000,-0.112,-0.224,-0.623,0.083,0.778,0.474,0.598,-0.646,2459.81,0.336,0.112,-0.112,-0.360,-0.126,0.924,0.523,0.826,-0.213,9.914,6.519,-0.031,-1.389,0.276,0.730,-0.625,10.580,-5.099,-4.504,-0.901,none
7.362929,0.802,0.592,0.082,2569.48,-0.112,-0.112,-0.224,-0.880,-0.335,-0.337,0.908,0.418,-0.024,2480.43,0.671,0.224,-0.336,-0.943,-0.332,0.027,0.521,-0.272,-0.809,2493.86,-0.560,-0.112,0.000,-0.623,0.084,0.777,0.477,0.597,-0.645,2464.09,0.448,0.112,-0.448,-0.354,-0.124,0.927,0.515,0.831,-0.213,9.876,6.641,-0.061,-0.992,0.265,0.735,-0.624,10.525,-4.672,-4.702,-0.366,none
7.383752,0.807,0.584,0.082,2551.62,0.112,-0.112,-0.783,-0.886,-0.310,-0.346,0.909,0.415,-0.028,2476.50,-0.448,-0.112,-0.112,-0.949,-0.313,0.037,0.521,-0.272,-0.809,2493.86,-0.560,-0.336,0.000,-0.634,0.082,0.769,0.478,0.594,-0.646,2458.13,-0.224,0.000,-0.336,-0.353,-0.124,0.927,0.514,0.831,-0.213,9.870,6.427,-0.321,-1.221,0.262,0.734,-0.627,10.568,-5.160,-4.992,-0.412,none
7.406580,0.807,0.584,0.086,2553.27,-0.336,-0.112,-0.448,-0.870,-0.364,-0.331,0.910,0.413,-0.028,2486.51,-0.783,-0.895,-0.783,-0.942,-0.334,0.043,0.520,-0.271,-0.810,2501.95,-0.895,-0.448,0.336,-0.627,0.068,0.776,0.471,0.602,-0.645,2477.61,-1.567,0.112,0.000,-0.364,-0.138,0.921,0.522,0.827,-0.208,9.934,6.290,-0.763,-1.924,0.274,0.734,-0.622,10.581,-5.145,-5.527,-1.130,none
7.431489,0.806,0.588,0.074,2569.26,-0.895,0.336,-0.336,-0.884,-0.308,-0.352,0.905,0.425,-0.024,2489.35,-1.902,-1.119,0.000,-0.942,-0.332,0.035,0.521,-0.264,-0.812,2495.79,-1.007,0.000,0.336,-0.661,0.045,0.749,0.473,0.605,-0.641,2466.04,-0.112,-0.336,0.448,-0.349,-0.112,0.930,0.527,0.823,-0.211,9.894,5.466,0.061,-1.756,0.276,0.734,-0.621,10.561,-6.061,-4.931,-0.824,none
7.453551,0.803,0.592,0.070,2566.40,-0.895,-0.448,0.448,-0.869,-0.335,-0.363,0.906,0.423,-0.032,2475.68,-0.224,0.112,0.783,-0.942,-0.334,0.043,0.518,-0.265,-0.813,2490.59,0.336,0.112,0.336,-0.611,0.070,0.789,0.472,0.605,-0.641,2448.86,0.895,-0.560,0.336,-0.364,-0.132,0.922,0.524,0.822,-0.222,9.822,5.038,0.351,-1.618,0.274,0.724,-0.633,10.488,-6.153,-4.718,-0.840,none
7.474830,0.798,0.597,0.086,2547.92,0.224,-0.671,0.448,-0.885,-0.303,-0.352,0.907,0.421,-0.028,2464.34,0.112,0.000,0.560,-0.938,-0.345,0.039,0.521,-0.270,-0.810,2477.84,0.224,0.112,0.224,-0.639,0.057,0.767,0.474,0.602,-0.643,2442.82,0.783,-0.224,-0.112,-0.353,-0.124,0.927,0.521,0.823,-0.226,9.840,6.244,-0.137,-1.435,0.271,0.724,-0.634,10.509,-4.840,-4.901,-0.763,none
7.496183,0.800,0.594,0.087,2541.17,0.000,0.112,-0.671,-0.881,-0.361,-0.307,0.907,0.421,-0.024,2464.10,-0.336,-0.224,-0.448,-0.938,-0.345,0.039,0.521,-0.272,-0.809,2493.86,-0.112,-0.112,0.112,-0.650,0.023,0.759,0.471,0.603,-0.644,2455.93,-0.336,0.336,-0.112,-0.365,-0.128,0.922,0.520,0.827,-0.215,9.894,6.840,0.244,-1.695,0.271,0.733,-0.624,10.550,-4.733,-4.641,-1.008,none
7.519707,0.809,0.583,0.074,2558.14,0.336,0.671,-0.783,-0.883,-0.322,-0.342,0.909,0.415,-0.024,2476.26,-0.895,-0.560,-0.112,-0.937,-0.347,0.030,0.522,-0.269,-0.810,2491.15,0.112,0.224,0.336,-0.649,0.064,0.758,0.473,0.601,-0.644,2465.80,-0.671,0.224,-0.224,-0.357,-0.119,0.927,0.518,0.830,-0.207,9.931,5.710,0.458,-1.573,0.270,0.736,-0.621,10.570,-5.603,-4.641,-0.916,none
7.540261,0.808,0.584,0.078,2551.63,0.224,0.000,0.224,-0.869,-0.323,-0.374,0.909,0.415,-0.028,2476.50,-0.336,0.000,0.783,-0.935,-0.353,0.039,0.523,-0.273,-0.807,2485.78,0.336,0.336,0.560,-0.629,0.082,0.773,0.474,0.598,-0.646,2459.81,0.671,-0.448,-0.112,-0.359,-0.125,0.925,0.522,0.826,-0.213,9.855,5.038,0.443,-1.634,0.272,0.730,-0.627,10.536,-6.229,-4.626,-0.992,none
7.560713,0.805,0.589,0.078,2548.04,0.112,-0.224,0.671,-0.873,-0.309,-0.379,0.908,0.418,-0.024,2480.43,-0.224,-0.112,0.895,-0.937,-0.344,0.060,0.517,-0.268,-0.813,2494.07,0.112,0.000,0.224,-0.632,0.067,0.772,0.471,0.603,-0.644,2455.93,0.783,-0.224,0.000,-0.351,-0.127,0.928,0.524,0.823,-0.217,9.854,5.450,0.321,-1.649,0.274,0.726,-0.630,10.537,-5.756,-4.687,-1.069,none
7.582547,0.799,0.595,0.082,2553.46,-0.224,-0.112,0.560,-0.871,-0.335,-0.359,0.907,0.421,-0.028,2464.34,-0.671,-0.112,1.119,-0.941,-0.339,0.020,0.521,-0.272,-0.809,2493.86,0.000,0.112,0.336,-0.636,0.051,0.770,0.472,0.600,-0.645,2449.91,0.224,0.224,0.000,-0.354,-0.124,0.927,0.523,0.824,-0.219,9.834,6.153,0.198,-1.115,0.271,0.726,-0.632,10.523,-4.962,-4.687,-0.458,none
7.604474,0.803,0.590,0.083,2540.81,0.224,-0.112,-0.895,-0.887,-0.297,-0.354,0.909,0.416,-0.028,2468.32,-1.119,-0.336,0.448,-0.939,-0.341,0.053,0.518,-0.273,-0.810,2488.66,-0.560,0.000,0.224,-0.640,0.083,0.764,0.472,0.600,-0.645,2449.91,-0.448,0.224,-0.448,-0.358,-0.126,0.925,0.519,0.829,-0.207,9.860,7.115,0.076,-1.725,0.269,0.734,-0.623,10.523,-4.901,-4.733,-0.901,none
7.625628,0.806,0.586,0.079,2542.75,0.224,0.783,-0.560,-0.882,-0.363,-0.301,0.909,0.415,-0.028,2476.50,-0.671,-0.336,-0.448,-0.936,-0.351,0.040,0.522,-0.269,-0.810,2491.15,-0.448,0.112,0.112,-0.644,0.057,0.763,0.473,0.601,-0.644,2465.80,-0.560,0.560,0.000,-0.353,-0.129,0.927,0.523,0.826,-0.210,9.901,5.878,0.061,-1.771,0.274,0.733,-0.623,10.582,-5.389,-4.962,-1.069,none
7.649324,0.804,0.589,0.078,2562.78,-0.560,-0.224,0.000,-0.880,-0.327,-0.345,0.908,0.418,-0.028,2480.67,-0.224,-0.224,-0.112,-0.930,-0.366,0.036,0.518,-0.273,-0.810,2488.66,0.000,-0.224,0.112,-0.670,0.052,0.740,0.472,0.599,-0.647,2472.26,0.224,0.224,0.000,-0.353,-0.128,0.927,0.522,0.826,-0.211,9.876,5.832,0.305,-1.405,0.275,0.730,-0.626,10.552,-5.435,-4.641,-0.840,none
7.670617,0.803,0.591,0.078,2553.94,0.112,0.224,-0.112,-0.869,-0.338,-0.360,0.908,0.418,-0.028,2480.67,0.112,0.224,0.112,-0.938,-0.347,0.016,0.521,-0.272,-0.809,2493.86,0.112,0.112,0.000,-0.629,0.085,0.773,0.474,0.598,-0.646,2459.81,0.560,0.112,-0.224,-0.352,-0.127,0.927,0.522,0.825,-0.217,9.838,6.046,0.031,-1.160,0.269,0.726,-0.633,10.503,-5.160,-4.718,-0.565,none
7.692832,0.804,0.588,0.086,2549.69,0.224,-0.448,-0.336,-0.875,-0.313,-0.370,0.909,0.416,-0.028,2468.32,0.000,0.112,-0.895,-0.939,-0.339,0.066,0.518,-0.273,-0.810,2488.66,-0.671,0.112,-0.336,-0.627,0.068,0.776,0.470,0.602,-0.646,2461.08,-0.336,0.112,-0.112,-0.358,-0.135,0.924,0.521,0.826,-0.213,9.847,7.160,-0.122,-1.756,0.270,0.733,-0.624,10.518,-4.916,-4.794,-0.977,none
7.714166,0.806,0.587,0.074,2556.13,-0.112,0.560,-0.560,-0.885,-0.342,-0.317,0.907,0.420,-0.024,2472.26,0.000,-0.224,-1.119,-0.935,-0.354,0.040,0.519,-0.269,-0.811,2485.95,-0.448,-0.112,-0.560,-0.648,0.055,0.760,0.470,0.602,-0.646,2461.08,-1.119,0.224,-0.224,-0.360,-0.129,0.924,0.522,0.827,-0.209,9.909,5.969,0.153,-1.817,0.274,0.734,-0.622,10.562,-5.450,-4.840,-1.237,none
7.736927,0.804,0.589,0.074,2562.02,-0.336,0.224,0.112,-0.881,-0.310,-0.358,0.907,0.420,-0.028,2472.50,0.895,0.224,-0.783,-0.937,-0.347,0.045,0.517,-0.272,-0.812,2496.77,-0.112,-0.112,-0.560,-0.626,0.092,0.774,0.474,0.602,-0.643,2460.65,-0.671,0.112,0.000,-0.357,-0.124,0.926,0.522,0.825,-0.217,9.896,5.573,0.382,-1.573,0.275,0.728,-0.628,10.540,-5.740,-4.611,-0.962,none
7.759293,0.799,0.595,0.086,2553.51,0.112,-0.224,0.336,-0.878,-0.304,-0.370,0.907,0.420,-0.028,2472.50,0.671,0.560,0.000,-0.943,-0.334,-0.004,0.518,-0.273,-0.810,2488.66,0.112,-0.112,-0.336,-0.651,0.071,0.756,0.472,0.605,-0.641,2448.86,0.895,0.112,0.000,-0.359,-0.123,0.925,0.517,0.828,-0.219,9.854,5.832,0.290,-1.679,0.268,0.730,-0.629,10.512,-5.527,-4.595,-1.099,none
7.783008,0.804,0.588,0.082,2549.65,0.112,0.336,0.112,-0.875,-0.332,-0.353,0.907,0.420,-0.028,2472.50,0.224,0.224,0.000,-0.943,-0.329,0.041,0.523,-0.267,-0.809,2504.47,0.224,-0.448,0.000,-0.661,0.068,0.747,0.475,0.599,-0.644,2454.65,0.336,-0.112,-0.112,-0.349,-0.124,0.929,0.521,0.825,-0.218,9.861,6.122,0.107,-1.985,0.273,0.728,-0.629,10.521,-5.435,-4.718,-1.282,none
7.806021,0.801,0.594,0.078,2560.66,0.000,0.560,-0.112,-0.882,-0.320,-0.345,0.908,0.418,-0.028,2480.67,-0.448,-0.112,-0.336,-0.943,-0.330,0.049,0.520,-0.268,-0.811,2499.26,-0.112,-0.112,0.000,-0.630,0.075,0.773,0.471,0.599,-0.647,2455.08,-0.560,0.224,-0.224,-0.367,-0.135,0.920,0.522,0.825,-0.217,9.857,6.641,-0.046,-1.298,0.274,0.728,-0.629,10.551,-4.855,-4.763,-0.641,none
7.829167,0.806,0.587,0.078,2556.90,0.112,0.112,-0.560,-0.879,-0.340,-0.333,0.908,0.418,-0.032,2480.97,0.000,0.112,-0.448,-0.939,-0.343,0.022,0.522,-0.269,-0.810,2491.15,-0.112,0.000,-0.336,-0.658,0.061,0.751,0.474,0.602,-0.643,2460.65,-0.560,0.224,-0.112,-0.350,-0.125,0.928,0.517,0.830,-0.209,9.924,6.305,0.046,-1.771,0.268,0.734,-0.624,10.559,-5.313,-4.733,-1.099,none
7.853301,0.806,0.587,0.078,2556.90,0.000,0.336,-0.224,-0.865,-0.323,-0.385,0.909,0.415,-0.028,2476.50,0.448,0.336,-0.560,-0.937,-0.349,0.023,0.520,-0.268,-0.811,2499.26,-0.112,0.000,-0.336,-0.644,0.056,0.763,0.473,0.601,-0.644,2465.80,-0.336,0.224,0.000,-0.362,-0.132,0.923,0.523,0.824,-0.218,9.894,5.710,0.015,-1.893,0.274,0.729,-0.627,10.558,-5.634,-4.748,-1.267,none
7.876650,0.802,0.592,0.082,2569.48,-0.336,0.000,0.448,-0.860,-0.334,-0.385,0.907,0.420,-0.028,2472.50,0.560,0.336,-0.112,-0.933,-0.356,0.047,0.521,-0.272,-0.809,2493.86,0.336,-0.112,-0.224,-0.654,0.063,0.754,0.478,0.603,-0.639,2457.89,0.671,0.224,0.112,-0.361,-0.121,0.925,0.521,0.824,-0.223,9.844,5.893,0.534,-1.603,0.272,0.729,-0.628,10.561,-5.740,-4.397,-0.977,none
7.899644,0.803,0.590,0.087,2542.46,0.895,0.448,0.112,-0.872,-0.311,-0.377,0.908,0.418,-0.028,2480.67,-0.112,0.112,0.336,-0.938,-0.345,0.031,0.517,-0.272,-0.812,2496.77,0.224,0.112,0.112,-0.647,0.039,0.761,0.478,0.598,-0.643,2458.94,0.112,-0.112,0.000,-0.359,-0.123,0.925,0.518,0.827,-0.218,9.850,6.260,0.183,-1.634,0.272,0.730,-0.627,10.530,-5.130,-4.672,-1.053,none
7.921742,0.804,0.589,0.082,2562.77,0.112,0.560,-0.224,-0.875,-0.339,-0.346,0.909,0.417,-0.024,2468.08,0.112,-0.112,-0.224,-0.941,-0.336,0.042,0.520,-0.271,-0.810,2501.95,0.000,0.000,0.112,-0.642,0.066,0.763,0.475,0.599,-0.644,2454.65,0.112,-0.112,-0.224,-0.366,-0.125,0.922,0.523,0.826,-0.211,9.889,6.702,-0.046,-1.420,0.273,0.729,-0.627,10.570,-5.160,-4.641,-0.718,none
7.944913,0.806,0.587,0.074,2556.13,0.000,0.336,-0.560,-0.877,-0.336,-0.344,0.908,0.418,-0.028,2480.67,-0.224,0.000,-0.224,-0.937,-0.344,0.067,0.518,-0.273,-0.810,2488.66,-0.448,-0.224,-0.112,-0.615,0.079,0.785,0.473,0.601,-0.644,2465.80,-0.671,0.000,-0.224,-0.366,-0.131,0.921,0.517,0.829,-0.213,9.908,5.847,0.168,-1.374,0.267,0.734,-0.624,10.547,-5.496,-4.626,-0.794,none
7.965712,0.808,0.584,0.078,2551.63,0.560,0.224,-0.224,-0.883,-0.355,-0.306,0.907,0.420,-0.028,2472.50,0.000,-0.224,-0.336,-0.942,-0.331,0.050,0.520,-0.268,-0.811,2499.26,-0.224,-0.336,-0.224,-0.621,0.045,0.782,0.474,0.602,-0.643,2460.65,-0.336,0.000,-0.224,-0.359,-0.130,0.924,0.521,0.824,-0.222,9.896,5.939,-0.214,-1.786,0.272,0.727,-0.630,10.563,-5.328,-5.084,-1.069,none
7.988305,0.799,0.596,0.086,2568.25,-0.783,0.336,-0.112,-0.881,-0.363,-0.303,0.907,0.420,-0.028,2472.50,-1.007,-0.671,-0.448,-0.935,-0.353,0.047,0.520,-0.268,-0.811,2499.26,-0.112,0.112,-0.112,-0.631,0.091,0.770,0.472,0.603,-0.643,2471.18,-0.112,-0.224,0.224,-0.359,-0.123,0.925,0.525,0.823,-0.216,9.900,6.641,-0.153,-1.725,0.275,0.731,-0.624,10.545,-5.191,-4.794,-0.916,none
8.010802,0.803,0.591,0.071,2553.32,-0.224,0.336,-0.448,-0.869,-0.329,-0.368,0.905,0.424,-0.032,2469.35,-1.119,-0.448,0.224,-0.936,-0.349,0.039,0.520,-0.265,-0.812,2482.47,-0.112,0.224,0.112,-0.654,0.079,0.752,0.470,0.606,-0.642,2461.33,0.224,-0.224,-0.224,-0.350,-0.131,0.927,0.522,0.826,-0.213,9.862,5.649,0.473,-1.908,0.275,0.729,-0.627,10.515,-5.908,-4.458,-1.221,none
8.034794,0.803,0.590,0.079,2540.80,0.224,-0.336,0.336,-0.873,-0.291,-0.391,0.907,0.421,-0.028,2464.34,0.560,0.000,0.112,-0.941,-0.338,0.029,0.519,-0.269,-0.811,2485.95,0.336,0.336,0.000,-0.648,0.031,0.761,0.472,0.600,-0.645,2449.91,0.671,0.000,0.000,-0.348,-0.115,0.930,0.521,0.824,-0.223,9.835,6.122,0.183,-1.771,0.272,0.725,-0.633,10.510,-5.237,-4.565,-1.237,none
8.052604,0.799,0.595,0.090,2554.39,0.336,0.448,0.336,-0.880,-0.307,-0.363,0.909,0.416,-0.028,2468.32,0.336,0.224,-0.560,-0.937,-0.345,0.059,0.520,-0.271,-0.810,2501.95,0.224,0.000,-0.224,-0.650,0.056,0.758,0.474,0.598,-0.646,2459.81,0.112,0.112,-0.112,-0.355,-0.123,0.927,0.515,0.829,-0.218,9.887,6.931,0.244,-2.000,0.267,0.735,-0.624,10.540,-5.069,-4.565,-1.389,none
8.079867,0.807,0.584,0.082,2551.62,-0.112,0.783,0.112,-0.868,-0.306,-0.390,0.909,0.415,-0.024,2476.26,0.112,-0.112,-0.448,-0.936,-0.346,0.061,0.521,-0.272,-0.809,2493.86,0.112,-0.112,-0.112,-0.624,0.075,0.778,0.474,0.602,-0.643,2460.65,0.224,0.112,-0.112,-0.357,-0.128,0.925,0.519,0.827,-0.216,9.926,5.603,0.641,-1.786,0.272,0.732,-0.625,10.590,-5.878,-4.458,-1.176,none
8.097137,0.804,0.590,0.078,2576.71,0.448,-0.224,0.336,-0.884,-0.310,-0.351,0.910,0.413,-0.024,2486.27,0.448,-0.112,0.224,-0.938,-0.345,0.038,0.524,-0.272,-0.807,2499.09,0.112,-0.448,0.000,-0.650,0.056,0.758,0.477,0.601,-0.641,2464.93,-0.112,0.112,-0.224,-0.351,-0.123,0.928,0.518,0.826,-0.221,9.884,5.679,0.382,-1.298,0.270,0.729,-0.629,10.554,-5.634,-4.458,-0.641,none
8.118179,0.801,0.593,0.082,2546.72,0.448,-0.224,0.000,-0.859,-0.347,-0.376,0.907,0.420,-0.028,2472.50,-0.224,0.112,0.560,-0.940,-0.339,0.030,0.521,-0.272,-0.809,2493.86,0.336,-0.112,0.336,-0.653,0.073,0.754,0.475,0.599,-0.644,2454.65,0.112,-0.560,-0.224,-0.354,-0.122,0.927,0.520,0.825,-0.220,9.828,5.863,0.336,-1.435,0.269,0.728,-0.631,10.484,-5.649,-4.550,-0.840,none
8.139652,0.803,0.590,0.083,2540.81,0.448,-0.224,-0.112,-0.873,-0.359,-0.330,0.907,0.421,-0.024,2464.10,0.000,-0.224,0.224,-0.938,-0.347,0.000,0.521,-0.272,-0.809,2493.86,0.112,0.000,0.112,-0.667,0.045,0.743,0.474,0.602,-0.643,2460.65,0.224,0.000,-0.112,-0.349,-0.132,0.928,0.521,0.825,-0.217,9.844,6.382,0.137,-1.496,0.272,0.726,-0.631,10.501,-5.206,-4.626,-0.794,none
8.162368,0.801,0.593,0.082,2546.72,0.336,0.448,-0.224,-0.871,-0.318,-0.375,0.907,0.420,-0.028,2472.50,-0.224,-0.671,-0.448,-0.941,-0.338,0.020,0.517,-0.268,-0.813,2494.07,0.000,-0.560,0.000,-0.622,0.093,0.778,0.474,0.602,-0.643,2460.65,-0.224,0.112,-0.336,-0.357,-0.134,0.924,0.518,0.827,-0.219,9.878,6.260,0.000,-1.374,0.269,0.731,-0.627,10.545,-5.053,-4.763,-0.809,none
8.184400,0.808,0.584,0.078,2551.63,-0.112,0.112,-0.448,-0.873,-0.298,-0.386,0.909,0.416,-0.028,2468.32,0.336,-0.336,-0.671,-0.936,-0.351,0.040,0.522,-0.269,-0.810,2491.15,-0.448,-0.671,0.000,-0.624,0.075,0.777,0.473,0.601,-0.644,2465.80,-0.560,0.224,-0.224,-0.360,-0.123,0.925,0.519,0.827,-0.218,9.885,5.847,0.015,-1.588,0.271,0.731,-0.627,10.570,-5.466,-4.901,-0.916,none
8.205953,0.806,0.587,0.078,2556.90,-0.336,-0.112,-0.112,-0.894,-0.332,-0.301,0.909,0.416,-0.028,2468.32,-0.224,-0.671,-0.448,-0.940,-0.340,0.029,0.518,-0.273,-0.810,2488.66,-0.560,-0.224,0.336,-0.641,0.050,0.766,0.474,0.602,-0.643,2460.65,0.000,0.224,-0.112,-0.362,-0.127,0.924,0.524,0.824,-0.216,9.886,6.061,-0.031,-1.450,0.275,0.729,-0.627,10.539,-5.221,-4.794,-0.748,none
8.228581,0.803,0.591,0.078,2553.94,0.112,0.000,-0.336,-0.869,-0.338,-0.360,0.907,0.420,-0.028,2472.50,-0.448,-0.224,0.000,-0.934,-0.358,0.019,0.517,-0.268,-0.813,2494.07,-0.448,0.000,-0.112,-0.653,0.055,0.755,0.473,0.601,-0.644,2465.80,-0.112,-0.112,0.000,-0.355,-0.131,0.926,0.522,0.824,-0.219,9.861,6.076,0.122,-1.282,0.272,0.730,-0.627,10.531,-5.221,-4.626,-0.672,none
8.249739,0.804,0.588,0.082,2549.65,-0.112,-0.224,-0.448,-0.870,-0.372,-0.324,0.909,0.417,-0.024,2468.08,-0.336,-0.112,-0.224,-0.936,-0.351,-0.006,0.518,-0.273,-0.810,2488.66,-0.224,0.000,0.112,-0.649,0.064,0.758,0.471,0.603,-0.644,2455.93,0.000,0.000,-0.224,-0.358,-0.130,0.924,0.520,0.826,-0.217,9.851,5.969,-0.076,-1.344,0.271,0.730,-0.628,10.509,-5.176,-4.870,-0.718,none
8.271265,0.803,0.590,0.083,2540.81,-0.448,-0.560,-0.336,-0.874,-0.303,-0.381,0.907,0.420,-0.028,2472.50,0.000,-0.224,-0.783,-0.936,-0.352,0.032,0.519,-0.269,-0.811,2485.95,-0.336,-0.112,-0.224,-0.609,0.088,0.788,0.470,0.602,-0.646,2461.08,-0.448,0.112,0.000,-0.360,-0.131,0.924,0.523,0.825,-0.217,9.876,6.351,-0.153,-1.527,0.274,0.729,-0.627,10.535,-4.885,-4.824,-0.901,none
8.292804,0.803,0.591,0.078,2553.94,-0.336,0.000,-0.448,-0.875,-0.330,-0.354,0.906,0.423,-0.032,2475.68,0.336,0.000,-0.671,-0.938,-0.344,0.044,0.520,-0.268,-0.811,2499.26,-0.336,-0.336,-0.336,-0.631,0.077,0.772,0.476,0.600,-0.643,2470.07,-0.448,0.000,0.000,-0.355,-0.133,0.925,0.517,0.828,-0.216,9.909,6.092,-0.122,-1.664,0.270,0.732,-0.625,10.569,-5.557,-4.794,-1.053,none
8.314471,0.806,0.586,0.083,2544.36,-0.112,0.000,0.224,-0.875,-0.341,-0.343,0.908,0.418,-0.032,2480.97,0.112,0.112,-0.560,-0.932,-0.359,0.057,0.518,-0.273,-0.810,2488.66,0.224,0.000,-0.224,-0.635,0.058,0.770,0.473,0.601,-0.644,2465.80,-0.224,0.000,0.000,-0.353,-0.133,0.926,0.522,0.826,-0.213,9.893,5.160,0.580,-1.817,0.273,0.734,-0.622,10.563,-6.244,-4.397,-1.252,none
8.335894,0.806,0.588,0.074,2569.26,0.448,0.000,0.671,-0.881,-0.310,-0.358,0.906,0.423,-0.028,2475.39,1.007,0.224,0.000,-0.938,-0.346,0.031,0.517,-0.268,-0.813,2494.07,0.000,-0.448,-0.112,-0.653,0.078,0.753,0.474,0.598,-0.646,2459.81,0.560,-0.224,0.000,-0.359,-0.126,0.925,0.522,0.822,-0.228,9.821,5.282,0.092,-1.420,0.272,0.722,-0.636,10.518,-5.802,-4.794,-0.672,none
8.357948,0.794,0.601,0.090,2546.03,-0.448,-0.448,0.112,-0.881,-0.344,-0.324,0.905,0.424,-0.028,2469.05,0.560,0.224,-0.336,-0.942,-0.332,0.057,0.519,-0.269,-0.811,2485.95,-0.112,-0.224,-0.224,-0.636,0.051,0.770,0.472,0.605,-0.641,2448.86,-0.336,0.112,0.000,-0.358,-0.125,0.925,0.521,0.823,-0.226,9.835,6.260,-0.122,-1.481,0.271,0.725,-0.634,10.526,-4.962,-4.779,-0.962,none
8.379903,0.798,0.597,0.083,2544.68,-0.112,0.783,-0.671,-0.870,-0.356,-0.342,0.905,0.424,-0.028,2469.05,-0.336,0.000,-0.783,-0.939,-0.341,0.044,0.517,-0.268,-0.813,2494.07,-0.671,-0.224,-0.112,-0.634,0.051,0.771,0.474,0.602,-0.643,2460.65,-1.119,0.560,0.000,-0.366,-0.126,0.922,0.522,0.824,-0.222,9.898,6.641,-0.076,-1.603,0.276,0.731,-0.625,10.563,-4.641,-4.855,-0.977,none
8.402938,0.804,0.589,0.074,2562.02,-0.336,0.448,-0.560,-0.880,-0.307,-0.363,0.907,0.421,-0.028,2485.35,-0.112,-0.112,-0.783,-0.936,-0.352,0.032,0.517,-0.268,-0.813,2494.07,-0.112,0.000,-0.224,-0.658,0.062,0.750,0.473,0.605,-0.641,2466.04,-0.448,0.448,-0.224,-0.364,-0.137,0.921,0.518,0.828,-0.214,9.937,6.122,0.229,-1.740,0.270,0.733,-0.625,10.556,-5.695,-4.550,-1.115,none
8.428885,0.807,0.584,0.082,2551.62,0.560,0.336,0.336,-0.865,-0.342,-0.366,0.906,0.423,-0.028,2475.39,0.448,0.336,-0.224,-0.931,-0.358,0.070,0.519,-0.269,-0.811,2485.95,0.336,-0.112,-0.336,-0.649,0.056,0.759,0.474,0.602,-0.643,2460.65,0.560,0.112,-0.112,-0.361,-0.135,0.923,0.523,0.823,-0.223,9.879,5.176,0.382,-1.908,0.275,0.725,-0.632,10.571,-6.122,-4.550,-1.282,none
8.452818,0.797,0.598,0.082,2559.43,0.224,-0.112,0.783,-0.880,-0.339,-0.332,0.906,0.423,-0.028,2475.39,0.112,0.112,0.000,-0.936,-0.350,0.033,0.521,-0.272,-0.809,2493.86,0.224,-0.336,-0.224,-0.652,0.014,0.758,0.471,0.603,-0.644,2455.93,0.336,0.112,-0.112,-0.354,-0.125,0.927,0.521,0.824,-0.224,9.846,6.092,0.137,-1.542,0.269,0.726,-0.633,10.536,-5.099,-4.595,-1.069,none
8.476204,0.799,0.595,0.086,2553.51,0.224,0.671,-0.336,-0.863,-0.322,-0.389,0.906,0.423,-0.028,2475.39,-0.336,-0.112,-0.112,-0.936,-0.350,0.045,0.517,-0.268,-0.813,2494.07,0.224,-0.224,0.000,-0.612,0.086,0.786,0.471,0.603,-0.644,2455.93,-0.224,0.000,-0.112,-0.367,-0.135,0.920,0.524,0.824,-0.217,9.887,6.122,0.534,-1.618,0.276,0.733,-0.622,10.515,-5.237,-4.305,-1.145,none
8.498171,0.808,0.585,0.074,2563.40,0.671,0.895,-0.336,-0.882,-0.320,-0.345,0.907,0.420,-0.028,2472.50,0.336,-0.112,-0.112,-0.939,-0.344,0.014,0.517,-0.268,-0.813,2494.07,0.112,-0.336,0.112,-0.653,0.014,0.758,0.477,0.597,-0.645,2464.09,-0.448,0.112,-0.224,-0.357,-0.128,0.925,0.518,0.826,-0.223,9.864,5.924,0.427,-1.282,0.268,0.730,-0.628,10.535,-5.359,-4.443,-0.687,none
8.520815,0.803,0.590,0.087,2542.46,0.224,-0.448,-0.224,-0.868,-0.335,-0.367,0.907,0.420,-0.028,2472.50,0.000,0.112,-0.224,-0.936,-0.348,0.046,0.522,-0.269,-0.810,2491.15,-0.224,-0.336,-0.336,-0.645,0.092,0.758,0.474,0.602,-0.643,2460.65,0.224,0.112,-0.224,-0.359,-0.136,0.924,0.520,0.825,-0.222,9.869,5.954,0.214,-1.863,0.269,0.730,-0.629,10.550,-5.481,-4.840,-1.328,none
8.552591,0.803,0.591,0.082,2555.54,-0.224,0.112,0.112,-0.872,-0.342,-0.350,0.906,0.423,-0.028,2475.39,-0.224,-0.560,-0.336,-0.942,-0.331,0.064,0.517,-0.268,-0.813,2494.07,-0.112,-0.448,-0.224,-0.633,0.059,0.772,0.473,0.605,-0.641,2466.04,0.112,0.224,0.112,-0.364,-0.125,0.923,0.526,0.822,-0.219,9.894,5.954,0.122,-2.015,0.277,0.728,-0.627,10.568,-5.405,-4.809,-1.389,none
8.563300,0.801,0.594,0.071,2558.45,-0.224,0.560,0.112,-0.885,-0.334,-0.325,0.906,0.423,-0.032,2475.68,-0.448,-0.224,0.336,-0.937,-0.345,0.059,0.517,-0.268,-0.813,2494.07,0.112,0.112,-0.112,-0.655,0.046,0.754,0.470,0.606,-0.642,2461.33,0.112,0.000,0.112,-0.356,-0.123,0.926,0.526,0.822,-0.219,9.848,5.695,0.412,-1.527,0.275,0.726,-0.631,10.528,-5.557,-4.397,-0.962,none
8.586613,0.802,0.593,0.075,2545.95,0.336,-0.336,0.224,-0.872,-0.353,-0.340,0.906,0.423,-0.028,2475.39,0.224,0.336,0.448,-0.944,-0.330,0.020,0.518,-0.265,-0.813,2490.59,0.448,0.224,-0.224,-0.619,0.077,0.781,0.472,0.605,-0.641,2448.86,0.560,0.000,-0.336,-0.355,-0.123,0.927,0.518,0.825,-0.224,9.836,6.183,0.519,-2.046,0.268,0.729,-0.630,10.490,-5.282,-4.412,-1.542,none
8.608528,0.803,0.590,0.087,2542.46,0.224,0.448,0.112,-0.883,-0.339,-0.325,0.907,0.420,-0.028,2472.50,0.671,0.224,0.000,-0.931,-0.362,0.048,0.518,-0.273,-0.810,2488.66,0.224,0.112,-0.336,-0.653,0.064,0.755,0.474,0.598,-0.646,2459.81,1.119,0.448,-0.112,-0.362,-0.121,0.924,0.521,0.825,-0.218,9.917,6.275,0.397,-2.229,0.271,0.732,-0.625,10.545,-5.496,-4.458,-1.679,none
8.908086,0.804,0.589,0.078,2562.78,0.336,0.560,0.336,-0.882,-0.328,-0.338,0.909,0.415,-0.028,2476.50,0.448,0.224,-0.448,-0.938,-0.345,0.039,0.521,-0.276,-0.808,2496.32,0.336,-0.224,-0.336,-0.617,0.072,0.784,0.473,0.601,-0.644,2465.80,0.224,0.336,-0.112,-0.357,-0.128,0.925,0.520,0.826,-0.219,9.901,5.618,0.534,-1.649,0.271,0.728,-0.629,10.571,-5.649,-4.397,-1.160,none
8.908285,0.803,0.591,0.082,2555.54,0.336,0.336,0.224,-0.866,-0.357,-0.349,0.908,0.418,-0.024,2480.43,0.224,0.112,0.112,-0.938,-0.345,0.038,0.517,-0.272,-0.812,2496.77,0.224,-0.224,-0.560,-0.626,0.078,0.776,0.474,0.602,-0.643,2460.65,-0.448,0.000,-0.336,-0.361,-0.126,0.924,0.518,0.825,-0.224,9.885,5.710,0.366,-1.389,0.269,0.727,-0.632,10.532,-5.435,-4.550,-0.840,none
8.908380,0.801,0.592,0.090,2549.25,0.224,0.000,0.112,-0.876,-0.324,-0.358,0.907,0.421,-0.028,2464.34,-0.560,0.000,0.224,-0.934,-0.350,0.070,0.517,-0.268,-0.813,2494.07,0.336,-0.112,-0.112,-0.632,0.043,0.774,0.474,0.602,-0.643,2460.65,-0.560,-0.112,-0.224,-0.360,-0.129,0.924,0.521,0.824,-0.220,9.851,5.756,0.458,-1.771,0.275,0.730,-0.626,10.527,-5.542,-4.458,-1.267,none
8.908485,0.801,0.593,0.079,2546.72,0.560,0.448,-0.112,-0.880,-0.351,-0.320,0.907,0.421,-0.028,2464.34,0.000,-0.448,0.448,-0.939,-0.341,0.045,0.514,-0.269,-0.814,2488.91,0.336,-0.336,0.000,-0.645,0.015,0.764,0.476,0.604,-0.640,2453.60,0.112,0.336,-0.112,-0.354,-0.129,0.926,0.523,0.822,-0.224,9.856,5.634,0.672,-1.588,0.272,0.725,-0.633,10.563,-5.603,-4.305,-0.992,none
8.908578,0.799,0.595,0.082,2553.46,0.560,0.224,0.336,-0.880,-0.335,-0.337,0.907,0.420,-0.032,2472.80,0.336,0.112,0.448,-0.931,-0.359,0.072,0.517,-0.268,-0.813,2494.07,0.224,-0.224,0.112,-0.642,0.033,0.766,0.472,0.600,-0.645,2449.91,0.671,0.112,-0.112,-0.356,-0.133,0.925,0.517,0.826,-0.223,9.842,5.771,0.336,-1.420,0.267,0.727,-0.632,10.519,-5.313,-4.550,-0.824,none
8.908670,0.804,0.588,0.086,2549.69,0.224,0.224,-0.224,-0.882,-0.365,-0.297,0.907,0.420,-0.032,2472.80,0.224,-0.112,-0.448,-0.934,-0.356,0.034,0.519,-0.269,-0.811,2485.95,-0.112,-0.336,-0.224,-0.627,0.069,0.776,0.472,0.600,-0.645,2449.91,0.224,0.000,-0.112,-0.355,-0.122,0.927,0.520,0.825,-0.221,9.873,6.000,0.031,-1.786,0.269,0.729,-0.629,10.559,-5.221,-4.809,-1.221,none
8.908752,0.803,0.591,0.082,2555.54,-0.112,0.448,-0.112,-0.883,-0.300,-0.360,0.906,0.423,-0.028,2475.39,0.000,-0.336,-0.783,-0.952,-0.306,0.005,0.522,-0.269,-0.810,2491.15,-0.336,-0.336,-0.224,-0.648,0.056,0.760,0.474,0.602,-0.643,2460.65,-1.007,0.448,0.112,-0.356,-0.130,0.925,0.524,0.824,-0.217,9.916,5.878,0.229,-1.802,0.274,0.730,-0.626,10.606,-5.359,-4.702,-1.282,none
8.908856,0.802,0.592,0.082,2569.48,-0.224,0.112,0.000,-0.868,-0.326,-0.374,0.906,0.423,-0.028,2475.39,0.000,-0.224,0.000,-0.941,-0.335,0.042,0.517,-0.268,-0.813,2494.07,0.112,0.000,0.000,-0.649,0.081,0.757,0.474,0.602,-0.643,2460.65,0.112,0.336,0.000,-0.346,-0.111,0.932,0.523,0.823,-0.221,9.899,5.618,0.580,-1.679,0.274,0.729,-0.627,10.571,-5.664,-4.427,-1.176,none
8.908956,0.803,0.591,0.078,2553.94,0.448,0.112,0.112,-0.876,-0.345,-0.337,0.907,0.420,-0.032,2472.80,0.336,0.112,0.336,-0.938,-0.346,0.031,0.517,-0.272,-0.812,2496.77,0.448,0.112,0.112,-0.646,0.048,0.762,0.474,0.602,-0.643,2442.82,1.231,-0.112,0.000,-0.356,-0.134,0.925,0.519,0.825,-0.221,9.856,5.511,0.565,-1.618,0.272,0.728,-0.629,10.525,-5.771,-4.458,-1.084,none
8.909037,0.800,0.595,0.083,2539.52,0.224,-0.336,0.336,-0.873,-0.321,-0.366,0.907,0.421,-0.028,2464.34,0.671,0.224,0.224,-0.936,-0.347,0.054,0.519,-0.269,-0.811,2485.95,0.336,0.000,0.000,-0.631,0.078,0.772,0.472,0.600,-0.645,2449.91,1.007,0.112,-0.224,-0.363,-0.139,0.921,0.519,0.826,-0.220,9.834,5.893,0.153,-1.603,0.271,0.729,-0.628,10.524,-5.176,-4.595,-1.008,none
8.909117,0.804,0.588,0.082,2549.65,0.224,0.224,-0.336,-0.871,-0.357,-0.339,0.906,0.421,-0.032,2464.64,0.448,0.448,-0.560,-0.933,-0.356,0.062,0.517,-0.272,-0.812,2496.77,-0.448,-0.448,-0.783,-0.640,0.049,0.767,0.472,0.600,-0.645,2449.91,-0.448,0.112,-0.112,-0.350,-0.122,0.929,0.521,0.826,-0.217,9.900,5.954,0.229,-1.695,0.272,0.732,-0.625,10.540,-5.282,-4.519,-1.221,none
8.909197,0.803,0.591,0.082,2555.54,0.336,0.560,-0.336,-0.871,-0.338,-0.357,0.908,0.418,-0.028,2480.67,0.783,0.224,-0.671,-0.934,-0.351,0.062,0.519,-0.269,-0.811,2485.95,-0.336,-0.336,-0.560,-0.626,0.053,0.778,0.469,0.605,-0.644,2466.47,-1.007,0.112,-0.336,-0.357,-0.134,0.924,0.520,0.825,-0.220,9.887,5.420,0.321,-1.649,0.273,0.728,-0.629,10.572,-5.725,-4.519,-1.130,none
8.909276,0.802,0.592,0.078,2567.88,0.448,-0.224,0.336,-0.878,-0.360,-0.316,0.907,0.421,-0.028,2485.35,0.448,0.224,-0.112,-0.935,-0.353,0.032,0.517,-0.268,-0.813,2494.07,0.224,0.112,-0.560,-0.629,0.097,0.771,0.472,0.605,-0.641,2448.86,0.671,-0.112,-0.112,-0.352,-0.136,0.926,0.520,0.824,-0.223,9.888,5.573,0.519,-1.466,0.271,0.728,-0.630,10.538,-5.618,-4.351,-1.023,none
8.909357,0.801,0.593,0.086,2548.37,0.448,0.000,0.112,-0.872,-0.338,-0.353,0.905,0.424,-0.028,2469.05,0.448,0.448,0.448,-0.942,-0.333,0.036,0.519,-0.269,-0.811,2485.95,0.448,0.224,-0.112,-0.633,0.068,0.771,0.471,0.607,-0.640,2455.56,1.231,0.112,-0.112,-0.360,-0.129,0.924,0.518,0.825,-0.225,9.845,5.695,0.550,-1.863,0.270,0.726,-0.632,10.507,-5.496,-4.412,-1.328,none
8.929680,0.801,0.593,0.082,2546.72,0.336,0.336,0.112,-0.867,-0.323,-0.380,0.906,0.423,-0.032,2475.68,0.448,0.112,0.336,-0.938,-0.348,0.009,0.520,-0.271,-0.810,2501.95,0.448,0.000,0.000,-0.634,0.060,0.771,0.472,0.600,-0.645,2449.91,0.224,0.336,-0.112,-0.358,-0.132,0.924,0.522,0.824,-0.223,9.842,6.229,0.275,-1.527,0.271,0.726,-0.632,10.539,-4.947,-4.550,-1.069,none
8.951257,0.803,0.591,0.078,2553.94,0.224,0.224,-0.336,-0.883,-0.332,-0.332,0.907,0.420,-0.024,2472.26,-0.112,0.112,-0.224,-0.931,-0.361,0.050,0.519,-0.269,-0.811,2485.95,0.336,0.112,-0.224,-0.637,0.042,0.770,0.476,0.604,-0.640,2453.60,-0.671,0.448,-0.336,-0.355,-0.123,0.927,0.518,0.826,-0.221,9.894,6.137,0.336,-1.511,0.270,0.731,-0.627,10.554,-5.099,-4.473,-0.992,none
8.973917,0.806,0.587,0.078,2556.90,0.336,0.448,-0.448,-0.871,-0.333,-0.361,0.907,0.420,-0.028,2472.50,-0.112,0.000,-0.112,-0.933,-0.358,0.041,0.517,-0.268,-0.813,2494.07,0.224,0.000,-0.224,-0.624,0.111,0.774,0.473,0.605,-0.641,2466.04,-1.007,0.224,-0.336,-0.359,-0.123,0.925,0.519,0.827,-0.218,9.912,5.527,0.519,-1.969,0.272,0.734,-0.622,10.551,-5.817,-4.489,-1.542,none
8.996956,0.805,0.589,0.078,2548.04,0.224,0.448,0.783,-0.872,-0.342,-0.350,0.906,0.423,-0.028,2475.39,0.671,0.336,0.000,-0.934,-0.356,0.034,0.517,-0.268,-0.813,2494.07,0.448,-0.112,-0.224,-0.621,0.045,0.782,0.470,0.606,-0.642,2461.33,0.895,0.224,0.000,-0.356,-0.128,0.926,0.525,0.820,-0.227,9.866,5.435,0.687,-1.786,0.273,0.722,-0.635,10.561,-5.740,-4.305,-1.267,none
9.018887,0.799,0.595,0.086,2553.51,0.112,0.224,0.448,-0.878,-0.365,-0.309,0.906,0.423,-0.032,2475.68,0.000,0.000,0.000,-0.944,-0.330,0.004,0.517,-0.268,-0.813,2494.07,0.336,0.112,-0.112,-0.640,0.074,0.765,0.474,0.602,-0.643,2460.65,0.560,0.000,-0.224,-0.358,-0.128,0.925,0.521,0.824,-0.223,9.854,6.275,0.641,-1.771,0.272,0.730,-0.627,10.525,-5.084,-4.290,-1.389,none
9.041543,0.801,0.593,0.079,2546.72,0.224,0.560,-0.224,-0.858,-0.360,-0.366,0.906,0.423,-0.032,2475.68,0.000,0.000,0.000,-0.938,-0.344,0.031,0.517,-0.268,-0.813,2494.07,0.895,0.448,0.112,-0.653,0.073,0.754,0.474,0.602,-0.643,2460.65,0.112,0.224,-0.448,-0.355,-0.130,0.926,0.519,0.826,-0.221,9.880,6.000,0.733,-1.527,0.270,0.734,-0.623,10.541,-5.374,-4.229,-1.115,none
9.062595,0.807,0.584,0.082,2551.62,0.783,0.224,-0.112,-0.868,-0.353,-0.350,0.908,0.418,-0.024,2480.43,0.000,0.000,0.000,-0.936,-0.350,0.045,0.518,-0.273,-0.810,2488.66,0.224,-0.112,-0.560,-0.634,0.049,0.772,0.474,0.602,-0.643,2460.65,-0.112,0.112,-0.560,-0.360,-0.129,0.924,0.516,0.828,-0.221,9.881,5.527,0.489,-1.695,0.268,0.729,-0.630,10.535,-5.756,-4.519,-1.206,none
9.084399,0.805,0.588,0.083,2535.50,0.783,0.224,0.224,-0.882,-0.334,-0.332,0.906,0.423,-0.028,2475.39,0.000,0.000,0.000,-0.938,-0.344,0.031,0.520,-0.271,-0.810,2501.95,0.000,-0.336,-0.671,-0.631,0.068,0.772,0.473,0.605,-0.641,2466.04,0.112,0.336,0.000,-0.356,-0.125,0.926,0.524,0.821,-0.229,9.903,5.893,0.412,-1.954,0.276,0.723,-0.633,10.582,-5.313,-4.595,-1.450,none
9.106040,0.799,0.596,0.078,2566.61,0.112,0.448,-0.112,-0.882,-0.343,-0.324,0.906,0.423,-0.028,2475.39,0.000,0.000,0.000,-0.940,-0.339,0.037,0.518,-0.267,-0.812,2507.38,0.224,0.112,-0.112,-0.621,0.045,0.782,0.469,0.608,-0.641,2468.04,0.000,0.224,-0.336,-0.358,-0.130,0.925,0.522,0.824,-0.217,9.893,6.382,0.550,-1.725,0.274,0.731,-0.625,10.547,-4.992,-4.366,-1.298,none
9.127922,0.806,0.587,0.074,2556.13,0.224,0.336,-0.224,-0.888,-0.357,-0.290,0.905,0.424,-0.032,2469.35,0.000,0.000,0.000,-0.936,-0.351,0.032,0.518,-0.265,-0.813,2490.59,0.783,0.448,-0.112,-0.628,0.060,0.776,0.470,0.606,-0.642,2461.33,0.783,0.000,-0.671,-0.354,-0.125,0.927,0.519,0.827,-0.218,9.856,5.282,1.023,-2.046,0.271,0.732,-0.626,10.509,-6.229,-4.137,-1.740,none
9.151512,0.807,0.585,0.083,2530.44,0.560,-0.112,0.895,-0.874,-0.352,-0.336,0.907,0.420,-0.028,2472.50,0.000,0.000,0.000,-0.936,-0.349,0.054,0.518,-0.273,-0.810,2488.66,0.783,-0.112,-0.336,-0.643,0.065,0.763,0.473,0.598,-0.647,2443.92,1.231,0.112,-0.336,-0.356,-0.129,0.926,0.520,0.823,-0.227,9.842,5.573,0.763,-2.122,0.269,0.726,-0.634,10.513,-5.695,-4.321,-1.740,none
9.172501,0.799,0.594,0.091,2540.45,0.224,0.448,0.895,-0.866,-0.331,-0.374,0.907,0.420,-0.028,2472.50,1.119,0.448,-0.336,-0.932,-0.359,0.057,0.521,-0.276,-0.808,2496.32,0.671,-0.336,-0.671,-0.630,0.076,0.773,0.474,0.598,-0.646,2459.81,0.783,0.448,-0.448,-0.370,-0.135,0.919,0.516,0.827,-0.222,9.883,6.198,0.611,-2.229,0.270,0.731,-0.627,10.541,-5.206,-4.305,-1.802,none
9.194814,0.807,0.585,0.078,2564.16,0.783,1.231,-0.336,-0.864,-0.340,-0.372,0.908,0.418,-0.028,2480.67,0.336,-0.224,-0.783,-0.933,-0.358,0.041,0.520,-0.271,-0.810,2501.95,0.224,-0.560,-0.783,-0.646,0.048,0.762,0.473,0.601,-0.644,2465.80,-0.224,0.336,-0.336,-0.373,-0.134,0.918,0.521,0.825,-0.221,9.925,5.725,0.855,-1.786,0.272,0.731,-0.625,10.585,-5.679,-4.183,-1.405,none
9.216271,0.805,0.588,0.078,2570.02,0.560,0.000,0.224,-0.873,-0.378,-0.307,0.908,0.418,-0.024,2480.43,0.560,-0.224,0.112,-0.934,-0.354,0.047,0.520,-0.271,-0.810,2501.95,0.560,-0.448,-0.560,-0.618,0.062,0.784,0.473,0.601,-0.644,2465.80,-0.224,-0.112,-0.671,-0.363,-0.129,0.923,0.517,0.826,-0.225,9.872,5.740,0.870,-1.756,0.269,0.730,-0.629,10.528,-5.695,-4.290,-1.405,none
9.239075,0.803,0.590,0.083,2540.81,0.671,0.224,0.448,-0.875,-0.313,-0.370,0.906,0.423,-0.028,2475.39,0.783,0.112,0.336,-0.943,-0.329,0.042,0.519,-0.269,-0.811,2485.95,0.783,-0.336,-0.560,-0.630,0.076,0.773,0.468,0.609,-0.641,2450.22,0.895,0.000,-0.336,-0.356,-0.127,0.926,0.529,0.819,-0.225,9.870,5.802,1.069,-2.092,0.277,0.726,-0.630,10.536,-5.634,-4.275,-1.649,none
9.261250,0.801,0.593,0.079,2546.72,0.895,0.560,0.560,-0.882,-0.347,-0.319,0.905,0.424,-0.028,2469.05,0.895,0.112,0.448,-0.938,-0.344,0.031,0.519,-0.269,-0.811,2485.95,0.783,-0.224,-0.336,-0.636,0.075,0.768,0.473,0.601,-0.644,2465.80,0.895,0.448,-0.336,-0.362,-0.130,0.923,0.518,0.827,-0.217,9.845,6.168,0.840,-1.710,0.266,0.732,-0.628,10.494,-5.466,-3.786,-1.420,none
9.283016,0.797,0.598,0.082,2559.43,0.448,0.560,0.336,-0.882,-0.308,-0.358,0.908,0.418,-0.028,2460.14,1.119,0.448,0.112,-0.934,-0.350,0.070,0.520,-0.268,-0.811,2499.26,0.560,-0.336,-0.560,-0.627,0.069,0.776,0.471,0.607,-0.640,2455.56,0.448,0.448,-0.560,-0.359,-0.128,0.924,0.519,0.824,-0.227,9.865,6.107,0.809,-1.863,0.267,0.728,-0.632,10.555,-5.176,-4.229,-1.450,none
9.304662,0.803,0.591,0.078,2553.94,0.783,0.783,0.336,-0.883,-0.348,-0.316,0.908,0.418,-0.024,2480.43,0.783,0.224,0.000,-0.934,-0.356,0.034,0.520,-0.271,-0.810,2501.95,0.000,-0.560,-0.336,-0.638,0.066,0.767,0.476,0.604,-0.640,2453.60,-0.336,0.671,-0.448,-0.363,-0.131,0.923,0.524,0.823,-0.221,9.896,6.122,0.443,-1.847,0.273,0.728,-0.628,10.586,-5.160,-4.351,-1.420,none
9.326333,0.803,0.591,0.082,2555.54,0.336,0.560,0.000,-0.875,-0.344,-0.341,0.908,0.418,-0.028,2480.67,-0.112,0.000,0.000,-0.939,-0.343,0.030,0.522,-0.269,-0.810,2491.15,0.224,-0.224,-0.224,-0.630,0.052,0.775,0.473,0.601,-0.644,2465.80,0.336,0.448,-0.336,-0.352,-0.128,0.927,0.518,0.827,-0.219,9.882,6.061,0.611,-1.634,0.269,0.733,-0.625,10.543,-5.237,-4.290,-1.252,none
9.349323,0.806,0.586,0.086,2544.40,0.560,0.224,0.000,-0.881,-0.342,-0.327,0.907,0.420,-0.032,2472.80,0.224,0.112,0.112,-0.937,-0.347,0.045,0.520,-0.271,-0.810,2501.95,0.000,-0.448,-0.224,-0.640,0.059,0.766,0.472,0.600,-0.645,2449.91,0.336,0.336,-0.224,-0.347,-0.123,0.930,0.516,0.828,-0.219,9.853,5.939,0.626,-1.802,0.269,0.731,-0.627,10.525,-5.420,-4.397,-1.496,none
9.371414,0.803,0.590,0.083,2540.81,0.224,0.112,0.224,-0.882,-0.322,-0.344,0.909,0.416,-0.028,2468.32,0.671,0.112,-0.448,-0.935,-0.352,0.039,0.517,-0.272,-0.812,2496.77,0.112,-0.560,-0.783,-0.644,0.091,0.760,0.471,0.599,-0.647,2455.08,0.671,0.224,-0.336,-0.365,-0.129,0.922,0.522,0.825,-0.217,9.878,6.015,0.641,-1.893,0.272,0.731,-0.626,10.532,-5.221,-4.412,-1.542,none
9.391805,0.803,0.591,0.078,2553.94,0.112,0.448,0.112,-0.868,-0.335,-0.367,0.907,0.420,-0.028,2472.50,1.119,0.224,-0.671,-0.938,-0.344,0.038,0.521,-0.272,-0.809,2493.86,0.112,-0.448,-0.671,-0.650,0.038,0.759,0.471,0.603,-0.644,2455.93,-0.112,0.224,-0.336,-0.364,-0.126,0.923,0.522,0.824,-0.220,9.875,5.740,0.702,-1.832,0.274,0.729,-0.627,10.559,-5.496,-4.244,-1.435,none
9.414376,0.804,0.589,0.078,2562.78,0.336,0.448,0.112,-0.878,-0.324,-0.353,0.908,0.418,-0.028,2480.67,1.007,0.560,-0.336,-0.933,-0.359,0.033,0.518,-0.273,-0.810,2488.66,0.336,-0.112,-0.895,-0.624,0.085,0.777,0.474,0.602,-0.643,2460.65,0.112,0.224,-0.560,-0.355,-0.130,0.926,0.518,0.827,-0.220,9.870,5.771,0.687,-1.725,0.268,0.729,-0.629,10.523,-5.481,-4.275,-1.344,none
9.434723,0.803,0.591,0.082,2555.54,0.560,0.224,0.112,-0.882,-0.371,-0.289,0.907,0.420,-0.028,2472.50,1.343,0.448,-0.224,-0.939,-0.341,0.045,0.518,-0.273,-0.810,2488.66,0.560,-0.112,-0.671,-0.603,0.087,0.793,0.473,0.605,-0.641,2466.04,0.000,0.000,-0.560,-0.349,-0.124,0.929,0.521,0.825,-0.220,9.864,5.481,0.748,-1.847,0.272,0.731,-0.626,10.536,-5.786,-4.336,-1.450,none
9.458128,0.806,0.586,0.079,2542.75,0.783,0.000,0.336,-0.879,-0.358,-0.313,0.907,0.420,-0.028,2472.50,1.343,0.560,0.000,-0.939,-0.343,0.023,0.518,-0.273,-0.810,2488.66,0.224,-0.224,-0.560,-0.631,0.091,0.770,0.472,0.600,-0.645,2449.91,0.783,0.000,-0.112,-0.352,-0.126,0.927,0.518,0.825,-0.225,9.830,5.649,0.580,-1.695,0.268,0.727,-0.632,10.514,-5.511,-4.427,-1.328,rock
9.479059,0.800,0.592,0.094,2550.08,-0.112,0.224,0.224,-0.877,-0.356,-0.323,0.909,0.416,-0.028,2468.32,1.007,0.560,-0.112,-0.932,-0.360,0.043,0.518,-0.273,-0.810,2488.66,0.224,-0.112,-0.224,-0.653,0.030,0.757,0.475,0.599,-0.644,2454.65,0.224,0.224,0.000,-0.362,-0.135,0.922,0.517,0.827,-0.221,9.864,6.214,0.443,-1.771,0.267,0.732,-0.627,10.529,-4.962,-4.489,-1.328,rock
9.499527,0.807,0.585,0.082,2565.76,0.224,0.671,-0.336,-0.869,-0.338,-0.360,0.909,0.415,-0.028,2476.50,0.336,0.448,-0.448,-0.933,-0.359,0.033,0.518,-0.273,-0.810,2488.66,0.224,0.000,-0.448,-0.644,0.091,0.760,0.478,0.598,-0.643,2458.94,-0.336,0.112,-0.112,-0.359,-0.128,0.924,0.514,0.831,-0.215,9.911,5.603,0.611,-1.679,0.265,0.739,-0.620,10.563,-5.634,-4.397,-1.298,rock
9.521583,0.812,0.578,0.082,2562.00,0.560,0.560,-0.112,-0.875,-0.359,-0.326,0.909,0.415,-0.024,2476.26,1.119,0.560,0.000,-0.934,-0.354,0.048,0.524,-0.272,-0.807,2499.09,0.448,-0.560,-0.560,-0.624,0.061,0.779,0.477,0.597,-0.645,2464.09,-0.336,-0.448,0.112,-0.354,-0.132,0.926,0.522,0.827,-0.211,9.938,4.687,0.321,-1.282,0.277,0.737,-0.617,10.642,-6.443,-4.397,-0.779,rock
9.543680,0.815,0.577,0.054,2600.82,0.448,-0.112,0.448,-0.876,-0.345,-0.337,0.914,0.406,-0.028,2508.85,2.014,1.567,1.455,-0.933,-0.358,0.041,0.519,-0.275,-0.809,2504.41,0.448,-0.224,-0.112,-0.619,0.077,0.781,0.483,0.589,-0.648,2497.24,0.895,-1.567,-0.112,-0.363,-0.129,0.923,0.548,0.819,-0.174,10.275,1.267,-1.191,4.611,0.317,0.764,-0.561,11.031,-9.023,-5.618,6.198,rock
9.567185,0.860,0.505,-0.064,2850.76,0.895,-19.024,2.574,-0.882,-0.340,-0.327,0.925,0.352,-0.146,2893.10,5.931,3.581,3.245,-0.940,-0.338,0.044,0.507,-0.269,-0.819,2487.38,1.567,1.455,0.336,-0.644,0.058,0.763,0.491,0.572,-0.657,2656.94,2.462,-5.595,-0.336,-0.358,-0.130,0.925,0.634,0.763,-0.128,11.457,-1.267,-6.504,20.275,0.432,0.784,-0.445,12.976,-21.511,-5.053,28.748,rock
9.595027,0.859,0.477,-0.187,3553.11,-2.238,-54.498,4.476,-0.889,-0.349,-0.297,0.916,0.271,-0.297,3904.61,4.812,-24.731,0.783,-0.935,-0.354,0.027,0.508,-0.237,-0.828,2614.10,11.414,3.581,-2.350,-0.644,0.080,0.761,0.478,0.545,-0.689,2933.05,6.043,-30.103,-9.400,-0.360,-0.123,0.925,0.673,0.729,-0.126,12.554,0.229,-17.878,63.527,0.451,0.753,-0.479,14.399,-28.763,4.107,66.947,rock
9.625195,0.775,0.623,-0.108,3964.75,-2.574,-96.687,-21.262,-0.883,-0.382,-0.273,0.900,0.423,-0.106,3615.24,2.462,-89.301,7.498,-0.921,-0.372,0.118,0.507,-0.099,-0.856,3087.65,82.586,-14.883,-49.686,-0.627,0.115,0.771,0.436,0.552,-0.711,3215.90,15.107,-67.255,-30.550,-0.359,-0.105,0.927,0.753,0.640,-0.154,14.460,17.069,-17.099,131.832,0.487,0.680,-0.548,16.301,-17.099,42.015,120.260,rock
9.648620,0.682,0.730,0.044,4314.34,-30.886,-52.036,-138.316,-0.878,-0.443,-0.180,0.752,0.648,0.122,4249.18,-43.196,-35.474,-71.284,-0.925,-0.362,0.116,0.444,-0.143,-0.885,4207.90,190.128,-104.520,-122.873,-0.589,0.154,0.793,0.456,0.544,-0.705,3229.17,36.034,-133.616,-55.393,-0.343,-0.079,0.936,0.767,0.631,-0.118,16.320,12.031,28.992,218.351,0.439,0.564,-0.699,20.262,64.565,130.397,167.038,rock
9.670221,0.606,0.795,-0.003,5451.00,-25.850,173.678,-348.922,-0.817,-0.522,-0.245,0.753,0.655,-0.070,5781.09,32.565,114.032,-253.579,-0.892,-0.440,0.103,0.453,-0.076,-0.888,4907.90,184.533,-225.826,-161.592,-0.571,0.221,0.791,0.435,0.628,-0.645,3042.29,56.512,-163.159,-71.172,-0.346,-0.060,0.936,0.690,0.553,-0.467,17.660,110.046,59.802,239.725,0.546,0.361,-0.756,20.858,246.092,163.450,90.733,rock
9.693754,0.604,0.769,0.209,6678.90,70.165,281.443,-413.492,-0.741,-0.620,-0.257,0.753,0.557,0.350,4594.29,69.046,225.938,-394.244,-0.825,-0.557,0.093,0.482,-0.633,-0.605,3285.08,100.044,-311.658,-75.425,-0.458,0.308,0.834,0.395,0.646,-0.653,2807.46,63.674,-172.671,-95.903,-0.342,-0.030,0.939,0.677,0.492,-0.547,16.564,279.252,149.618,293.466,0.349,0.352,-0.868,19.042,457.802,447.344,65.221,rock
9.712970,0.245,0.781,0.575,4648.28,144.135,380.592,-401.966,-0.685,-0.664,-0.300,0.211,0.728,0.653,3799.12,82.251,271.484,-429.383,-0.746,-0.664,0.036,0.507,-0.632,-0.586,2890.72,126.901,-247.424,-24.507,-0.349,0.346,0.871,0.268,0.565,-0.781,2778.73,32.229,-233.100,-131.266,-0.331,-0.003,0.943,0.530,0.439,-0.725,17.750,485.267,149.802,255.802,0.201,0.180,-0.963,20.885,500.260,491.053,18.504,rock
9.734535,0.003,0.697,0.717,3670.97,236.457,483.657,-362.575,-0.511,-0.829,-0.227,0.003,0.789,0.614,3128.30,145.925,342.096,-331.017,-0.668,-0.743,0.050,0.347,-0.437,-0.830,3126.90,132.720,-277.526,26.745,-0.191,0.440,0.877,0.158,0.658,-0.736,2414.24,4.476,-224.595,-172.111,-0.324,0.011,0.946,0.432,0.577,-0.694,13.270,500.260,147.603,108.489,0.080,0.359,-0.930,12.687,500.260,417.893,-38.260,rock
9.754921,-0.058,0.761,0.646,1675.69,139.994,535.917,-211.838,-0.390,-0.891,-0.233,0.607,0.632,0.481,1609.93,196.059,433.635,-267.679,-0.600,-0.799,0.039,0.614,-0.373,-0.695,1110.18,161.592,-176.028,102.394,-0.086,0.580,0.810,0.029,0.708,-0.705,2671.18,-19.472,-205.011,-190.352,-0.323,0.013,0.946,0.482,0.712,-0.510,7.524,500.260,217.618,37.328,0.031,0.628,-0.778,6.350,500.260,361.008,-90.519,rock
9.777207,0.058,0.705,0.707,1544.12,192.702,461.612,-76.655,-0.331,-0.913,-0.238,-0.776,-0.493,0.394,520.86,171.775,376.451,-136.301,-0.558,-0.830,-0.001,0.145,-0.596,-0.789,2404.28,192.590,-99.149,97.022,0.046,0.614,0.788,-0.245,0.606,-0.757,2203.04,-13.317,-189.568,-184.309,-0.320,0.028,0.947,0.628,0.008,-0.778,3.460,443.618,207.985,-16.916,0.840,0.135,-0.526,2.415,435.603,265.282,-139.924,rock
9.798133,0.554,0.779,-0.295,817.96,104.520,396.594,-28.200,-0.322,-0.925,-0.204,0.916,0.399,-0.040,1517.54,126.677,342.096,-56.401,-0.556,-0.831,0.034,0.123,-0.626,-0.770,2275.78,132.273,-74.305,113.473,0.088,0.671,0.736,-0.280,0.434,-0.856,1854.34,-12.310,-174.349,-146.261,-0.321,0.032,0.946,0.851,-0.037,-0.524,4.160,382.015,171.481,23.511,0.814,0.170,-0.555,4.846,354.565,228.015,-76.626,rock
9.820581,0.388,0.872,0.298,1395.29,121.082,319.715,-71.844,-0.348,-0.900,-0.263,0.552,0.614,0.564,972.15,121.194,257.160,-85.384,-0.564,-0.826,-0.021,-0.045,-0.858,-0.512,2082.88,50.470,-48.567,131.042,0.174,0.698,0.695,-0.339,0.338,-0.878,1912.47,-38.608,-171.104,-92.882,-0.323,0.030,0.946,0.777,0.429,-0.461,5.841,309.557,114.015,27.969,0.736,0.308,-0.603,5.602,286.855,169.344,-41.374,rock
9.841794,0.297,0.954,0.049,1491.19,105.415,262.307,-92.098,-0.354,-0.908,-0.223,0.535,0.810,0.240,1389.54,57.296,234.890,-114.144,-0.541,-0.841,-0.005,-0.029,-0.947,-0.321,2157.31,17.010,-3.917,165.173,0.167,0.707,0.687,-0.287,0.484,-0.827,2087.58,-44.762,-176.028,-50.358,-0.332,0.015,0.943,0.853,0.486,-0.187,6.360,210.168,43.542,14.321,0.802,0.481,-0.355,7.061,191.908,86.458,-3.679,rock
9.862077,0.745,0.601,-0.290,1976.17,74.865,193.373,-83.146,-0.331,-0.912,-0.244,0.553,0.833,-0.007,1397.33,32.005,189.009,-96.127,-0.513,-0.858,-0.033,-0.012,-0.874,-0.485,1932.13,7.722,51.029,204.788,0.191,0.699,0.689,-0.472,0.663,-0.581,1789.67,-40.062,-157.004,-19.919,-0.345,0.011,0.939,0.923,0.364,0.126,6.522,131.313,6.702,15.695,0.864,0.471,-0.179,7.661,121.954,25.649,53.817,rock
9.885738,0.445,0.839,-0.313,2207.51,-3.021,83.370,-112.689,-0.323,-0.922,-0.212,0.332,0.933,-0.142,2417.03,40.286,142.568,-81.356,-0.508,-0.853,-0.118,-0.031,-0.597,-0.801,1086.74,-48.903,132.273,216.650,0.179,0.710,0.681,-0.700,0.435,-0.566,1960.26,-2.686,-144.470,23.276,-0.355,0.002,0.935,0.995,0.065,0.079,7.902,137.557,-62.061,-11.481,0.966,0.188,-0.179,8.363,111.695,17.038,122.992,rock
9.904718,0.230,0.933,-0.277,1967.09,63.339,88.518,-79.229,-0.279,-0.927,-0.251,0.557,0.794,-0.243,1739.02,17.905,96.351,-44.203,-0.474,-0.869,-0.141,0.016,-0.489,-0.872,1548.83,-70.165,177.259,194.716,0.155,0.665,0.730,-0.629,0.596,-0.499,2122.75,-39.055,-104.184,20.703,-0.361,-0.006,0.932,0.989,0.130,-0.065,8.308,122.519,-65.908,-1.313,0.960,0.095,-0.264,8.379,90.931,-7.405,103.023,rock
9.925118,0.081,0.965,-0.249,1838.93,55.505,81.132,-70.613,-0.291,-0.927,-0.237,0.130,0.978,-0.163,1874.02,-0.783,79.006,-31.110,-0.446,-0.875,-0.190,-0.108,-0.673,-0.732,1401.69,-48.791,210.719,182.406,0.115,0.668,0.736,-0.517,0.763,-0.388,2352.50,-19.248,-88.406,20.031,-0.364,-0.016,0.931,0.992,0.102,-0.074,8.560,97.206,-66.504,-21.206,0.966,0.065,-0.251,8.849,67.099,-33.374,81.802,rock
9.946420,0.097,0.990,-0.103,2140.53,-29.096,56.065,-49.686,-0.238,-0.940,-0.245,0.524,0.802,-0.287,2222.56,-114.480,68.263,-21.822,-0.451,-0.841,-0.299,-0.060,-0.428,-0.902,2205.17,-63.674,230.974,170.880,0.072,0.610,0.789,-0.495,0.791,-0.359,2021.36,-14.324,-30.326,13.653,-0.364,-0.021,0.931,0.991,-0.063,-0.120,7.934,93.527,-90.733,-10.748,0.977,-0.051,-0.209,8.932,58.153,-57.618,92.748,rock
9.967729,0.029,0.973,-0.229,2077.17,-1.790,44.986,-65.801,-0.250,-0.936,-0.249,0.355,0.919,-0.170,1790.41,-21.934,84.041,-47.448,-0.452,-0.856,-0.250,0.021,-0.202,-0.979,2099.75,-27.641,146.037,85.720,0.058,0.633,0.772,-0.710,0.578,-0.402,2169.97,-0.895,-9.960,15.779,-0.365,-0.028,0.931,1.000,0.017,-0.011,8.832,96.733,-76.305,13.405,0.977,0.002,-0.212,9.387,67.176,-40.824,85.588,rock
9.991726,0.085,0.982,-0.167,2205.23,-2.910,52.036,-84.041,-0.200,-0.936,-0.289,0.276,0.961,0.004,2120.59,-13.429,103.289,-83.482,-0.427,-0.862,-0.273,0.053,-0.233,-0.971,2875.11,-29.431,86.615,-4.252,-0.013,0.619,0.785,-0.562,0.608,-0.562,2096.12,-25.067,30.550,24.395,-0.360,-0.029,0.932,0.963,0.039,-0.266,9.907,77.389,-63.374,26.947,0.925,-0.134,-0.355,10.486,50.015,-28.962,67.954,rock
10.011326,-0.147,0.986,-0.084,2527.38,10.631,31.446,-63.563,-0.172,-0.948,-0.269,0.019,0.990,0.137,2433.35,9.624,38.048,-53.043,-0.391,-0.880,-0.268,-0.025,-0.635,-0.772,2877.73,-27.976,-3.917,-63.451,-0.076,0.588,0.805,-0.357,0.710,-0.608,2584.29,-29.543,31.222,22.269,-0.360,-0.040,0.932,0.942,0.036,-0.334,10.555,44.916,-52.687,8.992,0.911,-0.171,-0.375,11.065,18.153,-32.122,53.115,rock
10.033986,-0.124,0.988,-0.094,2671.62,4.476,9.288,-36.593,-0.175,-0.952,-0.251,0.121,0.991,0.062,2501.20,13.988,37.153,-48.455,-0.347,-0.889,-0.299,0.089,-0.382,-0.920,3162.27,-42.412,-105.080,-77.775,-0.062,0.546,0.836,-0.472,0.644,-0.602,2558.19,-4.588,21.150,14.660,-0.361,-0.043,0.931,0.953,-0.056,-0.296,10.192,26.855,-36.489,5.863,0.921,-0.206,-0.330,11.005,6.382,-24.351,38.748,rock
10.055328,-0.123,0.978,-0.169,2526.96,-9.624,-2.798,-40.510,-0.159,-0.949,-0.271,0.042,0.994,0.104,2543.96,7.610,25.179,-41.517,-0.348,-0.895,-0.280,0.119,-0.213,-0.970,3182.35,-65.129,-126.565,-104.296,-0.030,0.513,0.858,-0.535,0.626,-0.567,2491.31,2.798,21.150,15.331,-0.364,-0.044,0.930,0.957,-0.051,-0.285,10.019,27.237,-30.504,14.443,0.928,-0.188,-0.320,10.854,9.130,-22.870,34.870,rock
10.077376,-0.117,0.980,-0.161,2592.92,-3.021,-19.248,-43.979,-0.141,-0.957,-0.255,0.174,0.983,0.059,2462.06,13.093,20.255,-44.539,-0.341,-0.892,-0.296,0.046,-0.359,-0.932,2438.22,-82.363,-205.907,-187.778,0.026,0.524,0.851,-0.484,0.674,-0.558,2514.65,-5.595,49.686,24.731,-0.367,-0.050,0.929,0.943,-0.036,-0.331,10.182,16.824,-36.916,26.198,0.910,-0.220,-0.352,10.859,-2.702,-32.489,44.107,rock
10.098489,-0.182,0.978,-0.105,2578.43,-2.462,-62.891,-55.841,-0.079,-0.948,-0.309,0.014,0.999,0.029,2675.39,26.857,0.783,-70.165,-0.304,-0.908,-0.287,0.002,-0.636,-0.772,2778.32,-83.482,-202.661,-220.119,0.080,0.490,0.868,-0.325,0.707,-0.627,2564.18,-0.224,54.051,31.222,-0.371,-0.050,0.927,0.891,-0.100,-0.442,10.816,0.672,-25.878,14.672,0.858,-0.324,-0.398,11.571,-19.710,-30.565,25.389,rock
10.121198,-0.316,0.946,-0.068,2818.45,-2.462,-67.255,-30.662,-0.062,-0.962,-0.267,-0.168,0.979,0.115,2642.26,29.207,-27.193,-31.110,-0.282,-0.926,-0.252,-0.053,-0.636,-0.770,2671.07,-53.827,-180.392,-165.173,0.153,0.483,0.862,-0.320,0.688,-0.651,2696.17,9.288,30.326,19.472,-0.376,-0.055,0.925,0.924,-0.096,-0.371,10.562,-4.473,-26.733,0.595,0.883,-0.291,-0.369,11.237,-28.443,-33.756,13.450,rock
10.142658,-0.301,0.948,-0.105,2669.10,-8.617,-62.443,-19.360,-0.048,-0.959,-0.281,-0.166,0.978,0.129,2435.23,11.414,-7.162,-10.855,-0.264,-0.939,-0.221,-0.095,-0.436,-0.895,2637.62,-29.319,-136.861,-120.299,0.174,0.457,0.872,-0.395,0.683,-0.614,2556.47,15.219,21.822,9.512,-0.381,-0.054,0.923,0.946,-0.024,-0.323,10.344,-17.863,-14.519,-5.344,0.904,-0.208,-0.375,10.914,-40.153,-33.450,-8.000,rock
10.166586,-0.264,0.963,-0.048,2553.89,-21.934,-54.946,-9.848,-0.029,-0.953,-0.301,0.022,0.999,0.041,2578.85,6.155,-24.395,-2.574,-0.251,-0.938,-0.238,-0.029,-0.252,-0.967,2886.54,-61.324,-130.370,-130.258,0.238,0.484,0.842,-0.413,0.665,-0.622,2446.62,12.757,42.300,13.317,-0.382,-0.053,0.922,0.949,-0.011,-0.314,9.828,-39.527,10.779,8.550,0.923,-0.148,-0.356,10.582,-49.405,-17.756,-53.725,rock
10.189329,-0.193,0.979,-0.069,2475.87,-9.624,-28.536,4.252,-0.027,-0.957,-0.288,0.007,0.993,0.117,2348.10,11.750,-35.474,-7.833,-0.252,-0.939,-0.233,-0.112,-0.202,-0.973,2676.36,-90.196,-154.766,-155.773,0.285,0.469,0.836,-0.399,0.686,-0.608,2387.66,6.938,65.465,20.255,-0.381,-0.050,0.923,0.950,0.073,-0.303,9.487,-75.359,17.481,27.466,0.912,-0.068,-0.405,10.168,-82.122,-2.855,-66.244,rock
10.211350,-0.360,0.921,0.151,2748.10,0.895,19.584,22.605,0.027,-0.952,-0.304,0.007,1.000,-0.004,2400.08,17.233,-47.112,-9.288,-0.237,-0.942,-0.239,-0.259,-0.392,-0.883,2405.72,-96.239,-152.080,-176.699,0.338,0.460,0.821,-0.259,0.685,-0.681,2421.27,3.133,78.334,23.948,-0.392,-0.050,0.919,0.900,0.236,-0.367,9.658,-134.290,19.053,9.420,0.897,0.010,-0.442,9.148,-142.000,11.588,-74.382,rock
10.232419,0.066,0.986,-0.156,4010.78,-67.815,84.041,174.349,-0.012,-0.925,-0.380,0.166,0.973,0.162,4304.09,-121.306,-61.324,143.351,-0.285,-0.922,-0.263,-0.208,-0.245,-0.947,2853.01,-32.005,-131.154,-138.204,0.357,0.455,0.816,-0.348,0.727,-0.592,2454.35,-0.560,79.677,18.912,-0.402,-0.050,0.914,0.923,0.379,-0.073,11.119,-219.466,27.832,-4.855,0.858,0.350,-0.376,10.292,-219.603,3.267,-102.656,rock
10.254721,-0.039,0.996,0.077,2215.32,-18.688,-60.541,95.791,-0.064,-0.920,-0.387,0.075,0.989,0.128,2061.85,-63.563,-80.684,112.353,-0.305,-0.917,-0.259,-0.234,-0.152,-0.960,2406.43,-59.198,-78.670,-104.632,0.403,0.452,0.796,-0.379,0.715,-0.587,2305.35,-3.469,104.184,16.786,-0.406,-0.050,0.913,0.780,0.596,-0.192,11.522,-354.870,42.885,-17.679,0.675,0.549,-0.493,10.440,-331.405,-75.634,-156.534,rock
10.276056,0.178,0.980,0.088,2382.28,-36.146,-77.663,139.547,-0.078,-0.897,-0.435,0.113,0.994,-0.000,2405.43,-59.982,-123.656,159.578,-0.368,-0.878,-0.305,-0.324,-0.309,-0.894,2223.49,-71.844,-85.496,-133.056,0.411,0.434,0.801,-0.432,0.664,-0.610,2156.70,-39.838,142.456,14.436,-0.415,-0.055,0.908,0.557,0.486,-0.674,12.933,-245.084,-69.557,-159.817,0.530,-0.201,-0.824,6.727,-204.473,-393.756,-215.664,rock
10.297415,-0.233,0.930,-0.286,2900.22,-76.208,-91.203,123.432,-0.104,-0.909,-0.403,-0.124,0.992,0.019,3111.46,-46.889,-92.994,114.032,-0.403,-0.859,-0.316,-0.308,-0.531,-0.789,1958.93,-84.601,-54.274,-124.999,0.462,0.433,0.774,-0.187,0.701,-0.688,2308.56,-77.439,122.649,-18.017,-0.422,-0.081,0.903,0.138,-0.959,-0.246,52.210,-195.527,115.969,-58.763,0.516,-0.753,-0.409,36.682,-143.634,32.122,-67.252,rock
10.320855,-0.499,0.859,0.119,5071.05,-17.010,-39.055,72.851,-0.130,-0.901,-0.413,-0.234,0.863,0.449,1681.15,37.041,-22.381,53.379,-0.432,-0.867,-0.248,-0.759,-0.632,-0.154,1568.79,-72.067,-44.762,-98.477,0.469,0.425,0.774,0.229,0.800,-0.554,2743.90,-75.089,96.687,-53.155,-0.432,-0.106,0.896,0.749,-0.231,-0.621,13.212,96.443,24.641,-17.725,0.670,-0.222,-0.708,14.022,43.557,-27.786,-25.023,rock
10.341708,-0.340,0.933,0.121,3774.06,-46.329,-10.855,18.017,-0.150,-0.891,-0.428,-0.053,0.918,0.393,4314.85,-46.889,7.386,30.326,-0.457,-0.853,-0.252,-0.395,-0.493,-0.775,1476.01,14.436,50.358,-37.600,0.481,0.439,0.759,-0.102,0.633,-0.768,2697.87,18.129,6.826,-11.862,-0.414,-0.101,0.905,0.828,-0.332,-0.453,11.607,244.092,26.153,-26.153,0.730,-0.188,-0.656,12.681,112.473,-14.672,-54.473,rock
10.363547,-0.166,0.982,0.086,2764.86,-26.410,43.755,3.357,-0.153,-0.874,-0.461,-0.014,0.950,0.313,2848.57,-22.717,53.155,10.967,-0.456,-0.849,-0.267,-0.125,-0.640,-0.758,3175.70,70.053,94.784,27.193,0.439,0.454,0.776,-0.162,0.672,-0.723,2672.32,34.019,-34.355,-27.193,-0.412,-0.096,0.906,0.808,-0.196,-0.556,10.112,414.061,11.267,25.878,0.772,-0.102,-0.627,10.962,178.885,13.573,-23.420,rock
10.385497,-0.160,0.985,0.068,2380.21,-13.653,74.529,-49.239,-0.141,-0.889,-0.435,0.038,0.954,0.297,2013.36,-12.757,72.627,-46.329,-0.465,-0.834,-0.295,-0.095,-0.721,-0.687,2737.56,57.072,117.613,39.950,0.367,0.460,0.808,-0.197,0.613,-0.765,2591.01,68.263,-94.896,9.848,-0.405,-0.079,0.911,0.698,0.215,-0.683,10.456,424.046,3.817,135.328,0.554,-0.488,-0.674,11.084,298.763,83.634,107.084,rock
10.407162,-0.388,0.919,0.064,3734.32,-34.355,115.263,-156.892,-0.117,-0.867,-0.484,-0.016,0.938,0.346,3739.55,-14.436,103.177,-120.858,-0.445,-0.838,-0.315,-0.031,-0.792,-0.610,3595.26,77.103,144.247,92.434,0.344,0.493,0.799,-0.155,0.554,-0.818,2532.17,60.541,-156.892,41.181,-0.390,-0.053,0.919,0.859,-0.097,-0.503,9.185,341.710,-44.611,69.099,0.705,-0.238,-0.668,9.890,316.046,32.443,37.328,rock
10.428319,-0.420,0.859,0.293,2054.43,-0.112,165.956,-183.749,-0.059,-0.853,-0.519,-0.052,0.925,0.375,2689.39,5.148,150.961,-186.323,-0.365,-0.854,-0.371,-0.012,-0.708,-0.706,2732.48,84.265,186.771,209.712,0.302,0.533,0.791,-0.362,0.532,-0.766,1844.18,28.424,-200.423,39.391,-0.383,-0.037,0.923,0.886,0.463,0.035,10.939,253.405,-19.053,81.817,0.699,0.566,-0.437,12.968,242.504,62.718,32.702,rock
10.449853,0.269,0.963,-0.007,2341.14,52.484,147.380,-185.987,0.045,-0.805,-0.592,0.577,0.765,0.287,2971.57,58.079,116.270,-174.014,-0.322,-0.861,-0.394,0.062,0.097,-0.993,2315.30,96.799,285.136,346.908,0.232,0.521,0.822,-0.744,0.485,-0.460,1858.18,-4.700,-119.627,70.053,-0.383,-0.038,0.923,0.980,-0.199,0.015,9.274,210.977,18.489,90.977,0.950,-0.023,-0.312,9.981,203.328,98.473,28.931,rock
10.471834,-0.184,0.810,-0.557,2493.52,62.555,176.475,-141.561,0.092,-0.822,-0.562,0.193,0.961,-0.200,1619.71,11.302,138.539,-113.137,-0.232,-0.881,-0.413,0.312,-0.113,-0.943,1493.65,13.988,325.982,302.034,0.130,0.495,0.859,-0.382,0.798,-0.466,2210.19,-79.117,-70.389,56.289,-0.386,-0.049,0.921,0.995,-0.082,-0.062,10.051,208.000,19.557,78.580,0.941,0.003,-0.340,10.091,190.626,82.962,68.840,rock
10.494219,-0.319,0.902,-0.290,2519.97,79.117,208.928,-124.439,0.199,-0.790,-0.580,-0.149,0.988,0.030,1594.59,62.779,190.016,-90.084,-0.165,-0.918,-0.361,0.443,-0.472,-0.763,2271.32,3.693,446.280,303.041,0.036,0.466,0.884,-0.359,0.826,-0.435,2458.76,-95.679,-48.679,35.138,-0.376,-0.067,0.924,0.962,-0.178,-0.208,10.117,180.611,10.107,41.389,0.902,-0.158,-0.401,10.350,169.771,48.870,41.649,rock
10.516310,-0.290,0.936,-0.200,2628.57,25.626,167.971,-85.384,0.230,-0.844,-0.485,-0.117,0.992,0.042,2537.60,-20.703,181.847,-58.303,-0.136,-0.898,-0.418,0.334,-0.022,-0.942,4004.57,21.486,381.935,228.624,-0.185,0.456,0.871,-0.279,0.844,-0.458,2462.20,-107.765,2.126,4.141,-0.366,-0.096,0.926,0.947,-0.292,-0.131,10.791,162.824,6.550,28.061,0.910,-0.249,-0.331,11.359,149.573,29.160,30.198,rock
10.537546,-0.352,0.912,-0.210,2784.08,38.719,148.051,-60.989,0.225,-0.883,-0.412,-0.234,0.971,0.044,2645.34,26.857,158.123,-56.848,-0.135,-0.924,-0.358,0.312,-0.378,-0.871,2934.49,39.055,310.315,148.947,-0.321,0.482,0.815,-0.284,0.832,-0.476,2698.33,-97.918,-1.119,-6.267,-0.352,-0.125,0.928,0.941,-0.260,-0.218,10.833,141.450,7.420,15.130,0.890,-0.253,-0.380,11.310,128.779,19.725,17.496,rock
10.559126,-0.343,0.916,-0.206,2740.06,28.312,123.768,-46.777,0.201,-0.906,-0.372,-0.203,0.977,0.069,2568.76,-44.203,120.187,-38.943,-0.089,-0.908,-0.409,0.423,-0.365,-0.829,2930.39,23.276,248.095,86.951,-0.370,0.474,0.799,-0.269,0.849,-0.455,2843.38,-74.529,8.057,-9.736,-0.347,-0.147,0.926,0.929,-0.289,-0.233,10.913,110.168,-2.443,1.511,0.875,-0.297,-0.382,11.506,99.008,2.702,6.427,rock
10.580984,-0.352,0.912,-0.212,2754.11,10.631,97.470,-38.272,0.200,-0.903,-0.380,-0.279,0.956,0.092,2327.67,-54.274,89.972,-19.807,-0.088,-0.926,-0.367,0.422,-0.285,-0.861,3244.81,12.310,212.173,50.917,-0.436,0.487,0.756,-0.302,0.817,-0.490,2760.96,-41.741,11.526,-16.003,-0.330,-0.157,0.931,0.940,-0.285,-0.187,11.055,89.267,-1.969,-5.481,0.881,-0.292,-0.373,11.710,75.740,-0.916,-8.855,rock
10.604374,-0.370,0.913,-0.171,2781.18,12.981,79.229,-25.962,0.223,-0.907,-0.357,-0.218,0.961,0.173,2663.18,-14.548,64.570,-4.924,-0.101,-0.935,-0.340,0.321,-0.550,-0.771,3072.75,37.041,123.992,2.910,-0.475,0.454,0.754,-0.278,0.804,-0.526,2685.15,-42.412,11.750,-19.360,-0.323,-0.168,0.931,0.916,-0.326,-0.232,10.466,68.947,1.985,-9.481,0.861,-0.337,-0.382,11.132,53.863,-1.359,-14.351,rock
10.626887,-0.371,0.908,-0.197,2614.64,9.288,55.058,-9.176,0.181,-0.940,-0.288,-0.206,0.963,0.174,2533.88,-10.519,49.574,2.126,-0.103,-0.927,-0.360,0.393,-0.581,-0.712,2584.09,15.555,75.872,-7.162,-0.504,0.466,0.727,-0.306,0.795,-0.524,2529.10,-32.453,9.288,-19.360,-0.315,-0.182,0.931,0.912,-0.348,-0.219,10.002,53.099,2.397,-6.733,0.861,-0.350,-0.370,10.709,38.565,-1.160,-9.786,rock
10.648811,-0.391,0.900,-0.190,2503.10,9.288,41.293,-6.379,0.163,-0.966,-0.200,-0.217,0.959,0.184,2401.28,-7.610,38.384,2.350,-0.113,-0.927,-0.357,0.423,-0.576,-0.699,2420.77,4.029,59.870,-9.736,-0.557,0.456,0.695,-0.320,0.795,-0.515,2418.10,-28.760,2.574,-11.974,-0.305,-0.188,0.934,0.915,-0.359,-0.186,9.609,45.115,2.198,1.771,0.867,-0.356,-0.348,10.306,33.145,0.198,3.710,rock
10.670973,-0.393,0.889,-0.236,2394.88,16.226,33.348,-11.414,0.146,-0.949,-0.280,-0.238,0.963,0.129,2279.00,-1.007,27.417,-8.057,-0.118,-0.941,-0.316,0.495,-0.539,-0.682,2169.67,-1.679,58.079,-14.212,-0.538,0.489,0.687,-0.332,0.817,-0.472,2391.36,-22.045,0.783,-6.043,-0.311,-0.207,0.928,0.923,-0.344,-0.172,9.531,36.061,-1.450,2.366,0.876,-0.348,-0.333,10.164,22.977,-3.511,2.336,rock
10.692210,-0.385,0.881,-0.275,2415.13,12.422,28.088,-11.750,0.161,-0.959,-0.232,-0.249,0.962,0.113,2333.94,-4.588,22.381,-6.043,-0.108,-0.935,-0.339,0.465,-0.544,-0.699,2437.66,4.141,51.029,-20.143,-0.548,0.447,0.707,-0.296,0.831,-0.471,2418.22,-16.226,2.126,-4.141,-0.312,-0.207,0.927,0.920,-0.348,-0.182,9.704,20.840,-4.397,-2.641,0.872,-0.357,-0.336,10.306,7.863,-9.099,-0.763,rock
10.713264,-0.391,0.882,-0.262,2455.80,3.133,14.883,-5.371,0.159,-0.960,-0.231,-0.241,0.959,0.146,2410.69,-8.617,10.519,-1.119,-0.098,-0.920,-0.379,0.479,-0.549,-0.685,2469.01,4.252,29.207,-7.162,-0.539,0.443,0.717,-0.303,0.822,-0.483,2458.84,-6.938,0.224,-5.371,-0.305,-0.209,0.929,0.916,-0.355,-0.189,9.853,6.931,-5.450,-4.153,0.865,-0.364,-0.346,10.516,-4.229,-10.947,0.137,rock
10.735942,-0.396,0.887,-0.238,2499.21,-0.336,3.693,-0.560,0.145,-0.972,-0.183,-0.242,0.959,0.151,2402.58,-9.736,0.671,0.560,-0.112,-0.914,-0.390,0.499,-0.566,-0.656,2429.73,6.714,24.731,0.895,-0.575,0.433,0.694,-0.334,0.806,-0.489,2468.99,5.371,-1.343,-1.567,-0.299,-0.207,0.932,0.911,-0.386,-0.148,10.058,1.038,-5.160,-0.947,0.869,-0.379,-0.319,10.839,-8.427,-8.901,3.817,rock
10.758980,-0.403,0.880,-0.251,2597.29,3.133,-2.686,-2.686,0.154,-0.967,-0.203,-0.257,0.955,0.151,2525.88,-8.841,-3.133,-2.350,-0.082,-0.922,-0.379,0.520,-0.526,-0.673,2633.61,0.895,25.962,-0.560,-0.575,0.433,0.694,-0.365,0.798,-0.479,2394.95,3.021,-1.902,2.350,-0.300,-0.207,0.931,0.917,-0.376,-0.133,10.186,9.893,-0.519,6.076,0.879,-0.368,-0.303,10.858,-0.489,-2.031,5.679,rock
10.782098,-0.398,0.872,-0.287,2585.80,9.960,3.245,-5.036,0.161,-0.970,-0.181,-0.266,0.957,0.113,2518.16,6.602,5.260,-6.267,-0.109,-0.929,-0.354,0.524,-0.515,-0.678,2629.45,-10.183,13.541,-6.714,-0.584,0.437,0.684,-0.323,0.828,-0.459,2523.39,-5.371,-1.455,4.476,-0.307,-0.208,0.929,0.918,-0.366,-0.151,10.099,6.885,-1.282,2.962,0.878,-0.364,-0.312,10.754,-3.802,-4.275,3.069,rock
10.804931,-0.393,0.872,-0.292,2541.21,7.274,1.790,-2.126,0.158,-0.962,-0.221,-0.260,0.960,0.103,2460.32,2.686,1.567,-3.245,-0.115,-0.935,-0.336,0.520,-0.526,-0.673,2501.54,-8.617,4.364,-0.112,-0.572,0.429,0.699,-0.321,0.829,-0.458,2506.79,-1.455,-1.790,1.902,-0.301,-0.212,0.930,0.919,-0.367,-0.143,10.074,1.771,-3.618,0.855,0.880,-0.364,-0.306,10.699,-8.351,-6.916,3.191,rock
10.825477,-0.399,0.869,-0.291,2548.74,3.469,-3.133,-0.560,0.143,-0.965,-0.219,-0.264,0.960,0.099,2461.66,-0.336,-2.910,-2.014,-0.098,-0.921,-0.377,0.544,-0.511,-0.665,2441.03,-6.714,6.155,3.245,-0.584,0.414,0.698,-0.332,0.825,-0.458,2485.26,1.790,-3.581,1.231,-0.303,-0.204,0.931,0.916,-0.380,-0.130,9.948,0.214,-3.649,-1.695,0.882,-0.369,-0.294,10.573,-9.954,-7.969,1.649,rock
10.846883,-0.390,0.867,-0.311,2510.34,0.783,-3.357,-0.448,0.156,-0.969,-0.193,-0.261,0.962,0.077,2414.09,-4.476,-4.029,-1.231,-0.119,-0.917,-0.381,0.556,-0.482,-0.677,2443.90,0.783,12.981,2.126,-0.608,0.401,0.685,-0.346,0.829,-0.439,2436.73,4.364,-1.567,0.560,-0.304,-0.209,0.930,0.916,-0.382,-0.121,9.864,1.282,-6.412,-1.176,0.885,-0.367,-0.287,10.529,-7.985,-9.969,2.702,rock
10.868442,-0.386,0.868,-0.311,2507.33,-0.336,-2.686,-2.686,0.147,-0.975,-0.168,-0.253,0.964,0.081,2409.66,-5.707,-2.014,-2.686,-0.100,-0.926,-0.364,0.544,-0.491,-0.680,2478.42,1.567,11.750,-0.224,-0.605,0.417,0.678,-0.345,0.830,-0.438,2420.59,5.819,1.231,-0.336,-0.303,-0.206,0.930,0.918,-0.380,-0.111,9.895,3.924,-7.313,0.443,0.884,-0.367,-0.289,10.557,-4.977,-9.908,3.221,rock
10.891533,-0.390,0.870,-0.303,2513.20,-0.224,-1.007,-3.917,0.175,-0.967,-0.186,-0.256,0.962,0.093,2424.44,-4.476,0.895,-3.581,-0.106,-0.932,-0.346,0.550,-0.496,-0.671,2433.54,2.238,11.414,-1.455,-0.623,0.412,0.665,-0.350,0.821,-0.451,2413.01,5.148,2.686,-0.112,-0.306,-0.207,0.929,0.915,-0.384,-0.120,9.896,8.580,-6.382,2.534,0.884,-0.366,-0.292,10.550,-1.099,-8.763,4.198,rock
10.915619,-0.384,0.871,-0.305,2498.01,0.560,1.119,-5.707,0.144,-0.968,-0.207,-0.249,0.964,0.093,2409.76,-4.812,3.357,-5.707,-0.106,-0.924,-0.367,0.547,-0.490,-0.679,2466.72,6.714,12.757,-3.245,-0.608,0.425,0.671,-0.337,0.823,-0.458,2444.43,1.790,3.469,1.119,-0.304,-0.208,0.930,0.916,-0.371,-0.150,9.980,8.290,-6.305,4.198,0.875,-0.367,-0.314,10.633,-1.832,-8.519,4.947,rock
10.936959,-0.398,0.875,-0.275,2555.16,-0.560,0.336,-6.938,0.166,-0.968,-0.187,-0.265,0.955,0.134,2482.35,-3.917,3.133,-6.155,-0.092,-0.920,-0.381,0.531,-0.533,-0.658,2559.17,4.252,8.505,-2.238,-0.595,0.437,0.675,-0.324,0.818,-0.475,2456.90,3.245,1.567,2.014,-0.299,-0.199,0.933,0.915,-0.365,-0.169,10.088,3.817,-3.710,3.130,0.869,-0.372,-0.327,10.776,-6.198,-6.412,3.176,rock
10.957527,-0.406,0.875,-0.264,2578.46,0.224,-3.469,-1.790,0.170,-0.969,-0.182,-0.269,0.952,0.149,2491.50,-1.679,-0.112,-3.469,-0.063,-0.920,-0.388,0.523,-0.552,-0.649,2579.38,-0.112,6.379,-0.224,-0.606,0.417,0.677,-0.328,0.807,-0.491,2478.65,2.126,-1.455,2.350,-0.302,-0.205,0.931,0.912,-0.372,-0.175,10.134,0.214,-2.000,2.229,0.865,-0.377,-0.330,10.842,-9.756,-4.855,2.550,rock
10.979202,-0.408,0.870,-0.275,2590.62,1.902,-5.483,-0.112,0.185,-0.960,-0.212,-0.271,0.953,0.137,2508.14,-0.671,-3.469,-2.462,-0.084,-0.925,-0.371,0.555,-0.526,-0.644,2519.93,-4.141,5.707,2.350,-0.631,0.410,0.658,-0.337,0.811,-0.478,2503.21,2.798,-3.021,2.686,-0.297,-0.198,0.934,0.915,-0.366,-0.168,10.109,-2.275,-1.664,-0.168,0.871,-0.370,-0.323,10.752,-12.305,-5.679,1.756,rock
11.001305,-0.397,0.872,-0.285,2564.15,1.119,-6.155,1.231,0.185,-0.961,-0.208,-0.266,0.957,0.119,2477.42,-3.245,-6.826,-0.448,-0.091,-0.918,-0.385,0.543,-0.522,-0.657,2518.94,-2.126,7.722,3.917,-0.610,0.428,0.666,-0.329,0.822,-0.466,2508.17,5.707,-3.357,1.790,-0.302,-0.200,0.932,0.910,-0.388,-0.149,10.124,-5.130,-2.885,-2.122,0.873,-0.380,-0.306,10.819,-14.977,-7.710,1.359,rock
11.023347,-0.406,0.866,-0.291,2581.09,-0.671,-8.393,2.238,0.178,-0.960,-0.218,-0.264,0.957,0.121,2497.64,-3.357,-7.945,0.112,-0.060,-0.930,-0.362,0.562,-0.503,-0.656,2536.92,-1.231,6.155,6.043,-0.596,0.441,0.671,-0.340,0.814,-0.470,2420.51,8.281,-3.133,1.343,-0.302,-0.196,0.933,0.912,-0.385,-0.144,10.054,-2.443,0.046,0.519,0.875,-0.375,-0.305,10.713,-12.595,-4.061,0.275,rock
11.045610,-0.403,0.866,-0.295,2547.87,2.126,-6.602,2.462,0.203,-0.950,-0.236,-0.269,0.957,0.112,2449.29,1.567,-6.155,-0.448,-0.096,-0.914,-0.393,0.562,-0.505,-0.654,2467.75,-3.245,5.483,3.021,-0.619,0.427,0.659,-0.334,0.821,-0.463,2437.00,3.357,-4.029,2.798,-0.305,-0.197,0.932,0.909,-0.389,-0.150,9.854,-2.168,-0.626,0.443,0.871,-0.383,-0.307,10.515,-12.076,-4.916,0.534,rock
11.069015,-0.407,0.863,-0.300,2500.59,2.350,-5.931,1.455,0.186,-0.956,-0.228,-0.280,0.955,0.101,2422.92,1.119,-5.483,-0.671,-0.088,-0.911,-0.402,0.572,-0.487,-0.660,2478.55,-3.133,4.924,2.574,-0.610,0.437,0.661,-0.354,0.817,-0.455,2412.87,4.364,-2.126,2.350,-0.304,-0.193,0.933,0.911,-0.389,-0.135,9.857,2.534,-2.519,0.641,0.877,-0.377,-0.299,10.522,-7.359,-6.137,1.466,rock
11.090909,-0.397,0.863,-0.313,2490.93,1.902,-1.902,-1.119,0.208,-0.953,-0.221,-0.274,0.958,0.085,2403.23,-0.783,0.224,-2.686,-0.085,-0.911,-0.404,0.575,-0.485,-0.660,2433.20,-2.350,3.133,-0.671,-0.627,0.447,0.638,-0.344,0.825,-0.449,2426.00,1.567,1.790,2.014,-0.311,-0.199,0.929,0.914,-0.379,-0.147,9.889,4.824,-4.992,0.687,0.876,-0.371,-0.308,10.546,-4.885,-8.260,2.153,rock
11.113562,-0.395,0.869,-0.297,2526.74,0.336,0.448,-3.693,0.163,-0.965,-0.204,-0.265,0.958,0.112,2445.66,-1.902,1.902,-2.574,-0.099,-0.905,-0.413,0.554,-0.506,-0.661,2486.30,1.343,3.133,-3.469,-0.646,0.431,0.630,-0.331,0.822,-0.463,2458.06,2.462,4.029,1.455,-0.312,-0.197,0.929,0.913,-0.371,-0.169,10.017,1.847,-5.893,-1.237,0.870,-0.372,-0.324,10.663,-7.771,-10.076,1.527,rock
11.135335,-0.405,0.870,-0.282,2560.91,-1.007,-1.343,-1.455,0.204,-0.945,-0.256,-0.266,0.955,0.131,2473.39,-2.350,-0.895,-0.895,-0.070,-0.913,-0.401,0.544,-0.527,-0.653,2516.98,-1.343,-0.671,1.119,-0.636,0.428,0.643,-0.333,0.814,-0.476,2471.52,6.043,2.910,0.112,-0.310,-0.194,0.931,0.910,-0.383,-0.157,10.035,1.786,-4.885,-1.435,0.869,-0.377,-0.320,10.728,-7.893,-9.832,0.748,rock
11.159727,-0.404,0.870,-0.281,2568.74,1.119,-1.567,-1.007,0.192,-0.967,-0.168,-0.269,0.954,0.130,2483.70,-1.231,-1.231,-1.231,-0.073,-0.920,-0.385,0.562,-0.510,-0.651,2523.85,-3.245,0.783,-1.007,-0.615,0.422,0.666,-0.341,0.807,-0.482,2442.48,2.798,2.350,1.455,-0.309,-0.190,0.932,0.910,-0.380,-0.164,10.040,4.733,-1.908,-1.252,0.869,-0.379,-0.319,10.748,-5.389,-6.733,-0.885,rock
11.182531,-0.409,0.865,-0.289,2560.87,2.798,0.560,-1.007,0.180,-0.965,-0.191,-0.274,0.954,0.119,2475.18,1.455,1.567,-0.895,-0.074,-0.919,-0.388,0.560,-0.512,-0.651,2512.38,-4.812,1.455,-3.357,-0.626,0.420,0.657,-0.333,0.814,-0.476,2471.52,0.671,2.238,1.119,-0.304,-0.188,0.934,0.909,-0.379,-0.174,9.986,4.702,-1.802,-2.153,0.867,-0.378,-0.324,10.635,-5.664,-7.481,-1.695,rock
11.205441,-0.405,0.866,-0.292,2536.27,1.567,0.671,-0.560,0.194,-0.952,-0.236,-0.270,0.956,0.116,2439.91,-0.448,0.895,-0.448,-0.054,-0.918,-0.392,0.561,-0.508,-0.653,2472.82,-1.343,0.560,-1.679,-0.608,0.405,0.683,-0.328,0.814,-0.479,2457.10,0.671,2.014,0.671,-0.306,-0.191,0.933,0.910,-0.378,-0.173,9.994,2.916,-1.466,-2.672,0.866,-0.377,-0.328,10.693,-7.405,-7.069,-1.725,rock
11.226095,-0.415,0.866,-0.279,2548.09,0.000,-0.560,-0.448,0.190,-0.955,-0.229,-0.279,0.951,0.131,2472.03,-0.671,0.000,0.000,-0.058,-0.920,-0.387,0.558,-0.518,-0.648,2522.17,-1.455,0.448,-1.343,-0.631,0.403,0.663,-0.324,0.811,-0.488,2454.57,2.014,1.343,0.895,-0.309,-0.198,0.930,0.907,-0.385,-0.172,9.980,1.893,0.000,-3.115,0.864,-0.384,-0.326,10.706,-8.595,-6.168,-2.489,rock
11.248972,-0.415,0.865,-0.283,2551.76,1.231,-1.119,1.119,0.181,-0.960,-0.215,-0.276,0.953,0.123,2458.15,-0.336,-0.671,1.119,-0.068,-0.902,-0.426,0.565,-0.512,-0.647,2493.63,-3.021,0.112,-1.007,-0.638,0.413,0.650,-0.332,0.809,-0.485,2448.66,1.790,0.560,0.783,-0.311,-0.189,0.931,0.909,-0.379,-0.171,9.986,2.779,0.656,-3.084,0.867,-0.378,-0.325,10.655,-7.969,-5.527,-2.947,rock
11.269953,-0.413,0.865,-0.284,2538.98,2.014,-0.336,0.448,0.197,-0.955,-0.220,-0.276,0.953,0.123,2458.15,-0.448,0.000,0.895,-0.081,-0.914,-0.399,0.561,-0.505,-0.656,2491.52,-2.238,1.343,-2.686,-0.627,0.424,0.653,-0.331,0.813,-0.479,2459.25,0.224,0.000,0.448,-0.310,-0.192,0.931,0.909,-0.379,-0.173,9.997,2.977,0.321,-3.420,0.867,-0.374,-0.329,10.703,-7.740,-5.954,-3.603,rock
11.291970,-0.410,0.868,-0.281,2532.03,1.455,-0.336,0.560,0.171,-0.962,-0.213,-0.266,0.956,0.121,2439.37,-1.007,-0.448,1.007,-0.088,-0.913,-0.398,0.557,-0.516,-0.651,2494.05,-2.798,0.895,-2.126,-0.649,0.409,0.641,-0.330,0.812,-0.482,2464.05,0.895,0.224,0.224,-0.314,-0.190,0.930,0.909,-0.379,-0.173,9.997,2.656,0.107,-3.802,0.867,-0.378,-0.324,10.652,-8.031,-5.832,-2.794,rock
11.314225,-0.410,0.866,-0.286,2558.86,1.231,-0.671,0.671,0.200,-0.956,-0.214,-0.272,0.954,0.123,2455.41,-1.679,-0.783,0.671,-0.089,-0.923,-0.374,0.563,-0.510,-0.650,2483.53,-3.021,2.126,-0.895,-0.622,0.413,0.666,-0.326,0.813,-0.482,2459.96,1.119,0.112,-0.112,-0.310,-0.186,0.932,0.910,-0.376,-0.173,9.961,2.473,0.031,-4.947,0.868,-0.377,-0.324,10.656,-8.412,-6.397,-3.634,rock
11.335926,-0.409,0.865,-0.292,2540.34,1.455,-1.231,0.336,0.172,-0.964,-0.202,-0.272,0.955,0.119,2462.91,-2.910,-1.343,0.671,-0.070,-0.908,-0.413,0.563,-0.506,-0.653,2501.54,-2.574,2.574,0.560,-0.635,0.413,0.653,-0.327,0.815,-0.479,2455.15,1.343,0.000,-0.112,-0.302,-0.183,0.935,0.910,-0.379,-0.168,9.958,3.221,-1.557,-6.229,0.869,-0.377,-0.321,10.603,-7.863,-5.924,-3.252,rock
11.360615,-0.407,0.862,-0.301,2524.06,1.119,-0.671,-0.671,0.169,-0.961,-0.217,-0.270,0.956,0.112,2439.72,-3.133,-1.007,0.112,-0.069,-0.900,-0.430,0.571,-0.490,-0.659,2466.24,-2.350,5.148,0.000,-0.634,0.415,0.652,-0.332,0.817,-0.472,2450.23,1.679,0.112,-0.112,-0.313,-0.191,0.930,0.913,-0.376,-0.154,9.946,4.229,-2.809,-6.443,0.873,-0.369,-0.318,10.640,-6.763,-6.809,-2.412,rock
11.382124,-0.401,0.864,-0.303,2542.84,-0.783,-0.448,-1.679,0.165,-0.965,-0.203,-0.264,0.958,0.112,2456.19,-4.476,0.336,-0.783,-0.083,-0.902,-0.423,0.569,-0.486,-0.664,2507.74,-2.126,6.826,-1.679,-0.638,0.417,0.648,-0.328,0.818,-0.473,2446.11,2.350,2.014,-0.112,-0.312,-0.190,0.931,0.914,-0.370,-0.169,10.026,3.847,-2.366,-6.275,0.872,-0.367,-0.325,10.698,-7.130,-7.450,-2.473,rock
11.405370,-0.401,0.867,-0.295,2544.95,-0.224,0.000,-1.007,0.170,-0.957,-0.236,-0.260,0.958,0.123,2465.86,-3.917,-0.336,0.000,-0.068,-0.898,-0.435,0.568,-0.499,-0.655,2497.79,-2.126,3.693,-1.119,-0.638,0.403,0.656,-0.333,0.814,-0.476,2469.90,2.910,1.007,-0.783,-0.311,-0.193,0.931,0.913,-0.371,-0.169,9.953,3.374,-2.748,-5.649,0.871,-0.369,-0.324,10.673,-7.435,-7.924,-1.817,rock
11.429831,-0.402,0.866,-0.296,2537.15,0.112,-0.783,-1.679,0.186,-0.954,-0.236,-0.266,0.956,0.121,2439.37,-4.588,-0.671,-0.560,-0.086,-0.902,-0.423,0.572,-0.492,-0.656,2476.87,-1.902,5.260,-1.007,-0.624,0.410,0.665,-0.340,0.813,-0.472,2448.80,2.350,1.567,-0.224,-0.310,-0.186,0.932,0.915,-0.367,-0.165,9.952,5.389,-4.534,-6.366,0.871,-0.366,-0.327,10.605,-5.511,-7.542,-0.718,rock
11.452227,-0.403,0.865,-0.301,2532.04,-0.783,0.336,-3.581,0.173,-0.960,-0.221,-0.263,0.957,0.121,2436.99,-6.043,1.902,-2.238,-0.075,-0.902,-0.424,0.577,-0.484,-0.657,2455.49,-0.783,6.491,-2.910,-0.647,0.402,0.647,-0.331,0.818,-0.471,2458.40,2.686,2.910,-0.112,-0.318,-0.192,0.929,0.917,-0.358,-0.174,9.945,5.282,-6.244,-7.282,0.872,-0.362,-0.330,10.610,-5.634,-11.756,-2.885,rock
11.475209,-0.407,0.865,-0.293,2529.59,-1.790,0.336,-3.917,0.166,-0.961,-0.221,-0.266,0.955,0.128,2440.78,-6.826,2.238,-2.014,-0.054,-0.908,-0.416,0.574,-0.497,-0.650,2468.75,1.119,4.588,-1.679,-0.656,0.415,0.630,-0.320,0.815,-0.483,2453.82,4.029,3.581,-1.119,-0.311,-0.189,0.931,0.912,-0.362,-0.191,10.021,4.092,-11.389,-14.198,0.864,-0.370,-0.343,10.646,-8.458,-9.618,-1.145,rock
11.755877,-0.405,0.871,-0.280,2545.29,-4.476,-3.357,-1.231,0.171,-0.956,-0.238,-0.261,0.954,0.147,2455.67,-8.393,-0.895,-0.448,-0.088,-0.920,-0.382,0.561,-0.512,-0.651,2512.43,0.560,1.007,2.798,-0.635,0.418,0.650,-0.316,0.809,-0.496,2448.61,6.379,2.238,-1.679,-0.311,-0.185,0.932,0.914,-0.358,-0.192,9.961,1.282,-7.511,-8.855,0.864,-0.370,-0.341,10.696,-10.290,-8.519,-0.061,rock
11.756023,-0.410,0.869,-0.277,2538.16,-3.693,-4.812,-0.224,0.152,-0.970,-0.190,-0.261,0.952,0.160,2450.75,-6.938,-2.910,0.000,-0.095,-0.906,-0.413,0.570,-0.505,-0.649,2489.27,-1.007,-0.336,3.917,-0.633,0.420,0.650,-0.341,0.799,-0.495,2416.69,6.267,1.119,-0.783,-0.316,-0.186,0.931,0.913,-0.361,-0.189,9.953,3.115,-4.611,-6.855,0.862,-0.375,-0.341,10.641,-8.779,-4.748,0.122,rock
11.756117,-0.412,0.867,-0.280,2545.64,-1.902,-3.357,-1.679,0.188,-0.962,-0.196,-0.269,0.951,0.152,2451.71,-3.805,-0.895,-2.014,-0.075,-0.897,-0.436,0.571,-0.506,-0.646,2482.80,-0.671,1.119,0.895,-0.649,0.415,0.638,-0.329,0.804,-0.495,2438.19,3.805,1.455,0.671,-0.307,-0.175,0.935,0.915,-0.355,-0.192,9.982,3.817,-2.366,-4.763,0.865,-0.368,-0.340,10.695,-7.924,-4.763,-0.031,rock
11.756213,-0.409,0.867,-0.284,2543.49,-0.336,-2.126,-2.350,0.178,-0.959,-0.220,-0.269,0.953,0.136,2446.10,-3.581,-0.671,-2.126,-0.064,-0.915,-0.398,0.572,-0.499,-0.651,2495.81,0.000,3.581,-0.112,-0.624,0.417,0.662,-0.326,0.809,-0.490,2462.38,2.462,0.671,0.783,-0.312,-0.179,0.933,0.915,-0.354,-0.193,10.003,4.046,-2.931,-5.237,0.863,-0.371,-0.343,10.679,-8.290,-4.305,-0.427,rock
11.756324,-0.416,0.866,-0.276,2547.28,-1.902,-3.357,-2.238,0.148,-0.966,-0.214,-0.275,0.949,0.155,2469.13,-3.917,-1.119,-2.126,-0.065,-0.892,-0.447,0.571,-0.507,-0.645,2516.62,2.574,3.133,0.671,-0.645,0.403,0.649,-0.315,0.805,-0.502,2459.40,3.133,1.119,0.560,-0.305,-0.175,0.936,0.914,-0.351,-0.203,9.952,0.962,-2.611,-5.160,0.862,-0.370,-0.347,10.669,-10.931,-5.374,-0.809,rock
11.756410,-0.418,0.867,-0.272,2513.37,-2.462,-4.364,-0.112,0.182,-0.954,-0.239,-0.270,0.949,0.164,2438.25,-3.357,-3.917,-0.224,-0.074,-0.912,-0.405,0.562,-0.520,-0.643,2452.91,-0.112,0.895,2.798,-0.633,0.420,0.650,-0.316,0.804,-0.504,2450.55,4.476,-0.224,-0.336,-0.314,-0.177,0.933,0.913,-0.356,-0.199,9.861,-1.420,-3.160,-3.420,0.863,-0.372,-0.342,10.589,-12.458,-6.122,1.221,rock
11.756510,-0.418,0.864,-0.280,2510.23,-1.567,-7.274,0.336,0.185,-0.948,-0.261,-0.268,0.952,0.146,2418.45,-3.805,-5.483,-2.126,-0.091,-0.896,-0.434,0.574,-0.503,-0.646,2438.55,-1.567,1.902,5.371,-0.656,0.387,0.649,-0.327,0.798,-0.507,2397.21,6.938,-0.671,1.455,-0.310,-0.174,0.935,0.916,-0.355,-0.185,9.973,-0.443,-2.351,-0.855,0.866,-0.370,-0.336,10.707,-10.779,-5.954,2.336,rock
11.756611,-0.419,0.862,-0.283,2548.58,-0.448,-6.602,-1.455,0.183,-0.953,-0.243,-0.283,0.949,0.139,2467.76,-1.567,-3.693,-3.357,-0.078,-0.883,-0.464,0.588,-0.495,-0.639,2477.97,-2.462,2.350,1.231,-0.644,0.419,0.641,-0.327,0.804,-0.497,2427.19,6.602,-0.224,2.910,-0.312,-0.172,0.935,0.917,-0.349,-0.194,10.013,0.824,-1.557,-1.023,0.865,-0.369,-0.339,10.707,-9.466,-6.443,0.031,rock
11.756700,-0.415,0.862,-0.291,2551.42,0.224,-3.917,-1.343,0.196,-0.943,-0.268,-0.276,0.951,0.139,2462.45,-1.007,-1.790,-2.238,-0.072,-0.901,-0.428,0.581,-0.493,-0.648,2508.80,-2.686,1.007,0.112,-0.634,0.424,0.647,-0.325,0.806,-0.496,2471.74,2.350,0.895,1.902,-0.319,-0.178,0.931,0.915,-0.349,-0.201,10.025,0.656,-2.183,-1.328,0.865,-0.368,-0.341,10.733,-9.573,-7.237,0.336,rock
11.756794,-0.412,0.866,-0.283,2547.59,0.112,-3.805,-1.231,0.170,-0.964,-0.203,-0.273,0.951,0.148,2453.87,-2.126,-2.238,-2.126,-0.081,-0.887,-0.454,0.580,-0.495,-0.647,2479.15,-1.231,1.007,1.567,-0.601,0.433,0.671,-0.329,0.804,-0.495,2474.21,3.581,1.119,1.007,-0.318,-0.176,0.932,0.917,-0.347,-0.194,9.979,0.260,-3.038,-2.168,0.864,-0.365,-0.346,10.735,-9.802,-8.580,-1.298,rock
11.756885,-0.416,0.866,-0.276,2547.28,-2.126,-4.700,-0.895,0.185,-0.958,-0.218,-0.276,0.948,0.159,2461.22,-2.910,-1.902,-1.902,-0.093,-0.897,-0.432,0.566,-0.506,-0.651,2541.13,-1.119,-1.567,1.455,-0.656,0.406,0.636,-0.326,0.801,-0.503,2436.69,4.476,2.238,1.119,-0.314,-0.172,0.934,0.911,-0.359,-0.201,9.903,0.901,-1.450,-1.420,0.862,-0.374,-0.343,10.658,-8.855,-6.718,-0.641,rock
11.756969,-0.416,0.866,-0.278,2526.67,-0.895,-3.581,-1.679,0.184,-0.950,-0.251,-0.275,0.950,0.149,2434.87,-1.679,-1.455,-1.790,-0.053,-0.895,-0.443,0.577,-0.492,-0.652,2492.79,-0.671,-0.224,0.448,-0.643,0.422,0.639,-0.328,0.801,-0.500,2447.64,3.469,2.350,2.350,-0.316,-0.172,0.933,0.917,-0.344,-0.202,9.948,1.664,-1.710,-0.137,0.864,-0.364,-0.347,10.659,-8.168,-6.534,0.473,rock
11.757051,-0.414,0.866,-0.281,2537.84,-0.783,-3.133,-2.462,0.199,-0.944,-0.263,-0.272,0.950,0.152,2455.37,-1.567,-0.112,-2.686,-0.069,-0.900,-0.430,0.568,-0.503,-0.651,2478.47,-1.455,-1.679,-1.231,-0.666,0.399,0.630,-0.315,0.807,-0.499,2453.59,2.910,3.469,2.462,-0.316,-0.173,0.933,0.913,-0.353,-0.204,9.906,0.580,-2.687,-0.031,0.863,-0.371,-0.344,10.620,-9.053,-7.206,1.069,rock
11.775242,-0.420,0.863,-0.282,2525.59,-1.343,-4.476,-2.238,0.196,-0.944,-0.266,-0.276,0.950,0.145,2423.90,-3.133,-0.671,-3.021,-0.072,-0.892,-0.446,0.581,-0.491,-0.649,2457.65,-2.126,-0.560,-1.007,-0.656,0.415,0.630,-0.324,0.803,-0.500,2451.93,3.581,2.462,1.902,-0.314,-0.172,0.934,0.916,-0.344,-0.206,9.971,1.374,-4.611,-1.160,0.865,-0.364,-0.346,10.670,-8.489,-9.069,1.389,rock
11.798623,-0.414,0.866,-0.281,2537.84,-2.686,-3.469,-2.798,0.197,-0.952,-0.235,-0.280,0.949,0.147,2458.45,-4.588,-0.224,-2.238,-0.072,-0.885,-0.461,0.570,-0.494,-0.656,2521.13,1.567,-2.686,1.455,-0.645,0.408,0.646,-0.324,0.803,-0.500,2451.93,4.812,3.133,-0.112,-0.311,-0.162,0.937,0.917,-0.342,-0.206,9.981,0.626,-4.580,-2.763,0.862,-0.364,-0.351,10.683,-9.344,-9.740,-0.366,rock
11.822560,-0.419,0.866,-0.274,2528.95,-4.588,-4.029,-1.455,0.195,-0.949,-0.248,-0.281,0.946,0.163,2455.04,-5.371,-1.455,-1.231,-0.064,-0.886,-0.459,0.570,-0.510,-0.644,2521.71,3.581,-2.350,1.902,-0.655,0.411,0.634,-0.314,0.802,-0.508,2468.70,3.693,3.021,-0.560,-0.314,-0.166,0.935,0.914,-0.347,-0.209,10.005,1.038,-4.153,-4.183,0.861,-0.367,-0.352,10.747,-9.160,-9.878,-1.099,rock
11.844632,-0.427,0.864,-0.268,2553.20,-4.364,-3.693,-1.455,0.195,-0.948,-0.251,-0.282,0.946,0.162,2476.48,-5.371,-1.119,-1.119,-0.060,-0.902,-0.427,0.572,-0.500,-0.650,2530.26,3.245,-0.224,2.910,-0.641,0.428,0.637,-0.315,0.798,-0.514,2457.31,4.476,1.790,-1.007,-0.314,-0.167,0.935,0.912,-0.349,-0.215,10.007,1.023,-3.008,-5.878,0.858,-0.372,-0.355,10.780,-9.450,-8.000,-1.847,rock
11.868703,-0.426,0.866,-0.263,2559.20,-3.469,-3.245,-0.112,0.184,-0.950,-0.251,-0.280,0.945,0.171,2459.33,-3.133,-1.567,0.000,-0.046,-0.873,-0.485,0.568,-0.503,-0.651,2495.12,0.000,-1.902,2.462,-0.668,0.397,0.629,-0.318,0.792,-0.521,2462.89,4.700,0.895,-0.336,-0.310,-0.160,0.937,0.910,-0.347,-0.227,9.952,1.023,-3.710,-3.008,0.856,-0.372,-0.359,10.662,-9.252,-8.672,0.397,rock
11.891404,-0.431,0.862,-0.266,2527.23,-3.805,-4.588,-1.007,0.202,-0.949,-0.241,-0.289,0.945,0.152,2446.42,-2.686,-2.014,-1.231,-0.062,-0.880,-0.471,0.578,-0.504,-0.641,2469.97,1.567,-2.014,3.469,-0.644,0.419,0.641,-0.325,0.798,-0.508,2469.97,4.812,1.567,-0.224,-0.312,-0.161,0.936,0.914,-0.344,-0.217,9.949,1.206,-6.168,-3.313,0.859,-0.368,-0.355,10.675,-8.992,-10.870,0.931,rock
11.913444,-0.429,0.861,-0.273,2540.38,-5.707,-4.588,-1.790,0.191,-0.951,-0.243,-0.288,0.945,0.155,2458.36,-6.714,-1.455,-1.567,-0.080,-0.890,-0.449,0.576,-0.499,-0.647,2495.71,3.693,-0.783,3.469,-0.631,0.412,0.658,-0.323,0.797,-0.510,2459.87,5.036,2.686,-1.231,-0.315,-0.166,0.935,0.914,-0.348,-0.210,9.922,1.969,-6.504,-3.588,0.859,-0.368,-0.355,10.654,-7.893,-11.618,0.061,rock
11.935974,-0.427,0.865,-0.262,2528.07,-6.043,-3.469,-1.902,0.173,-0.947,-0.272,-0.275,0.947,0.165,2430.55,-6.267,-0.560,-1.455,-0.080,-0.874,-0.480,0.573,-0.500,-0.649,2472.74,5.707,-1.455,2.126,-0.613,0.417,0.671,-0.326,0.795,-0.512,2432.48,5.371,4.252,-1.455,-0.317,-0.158,0.935,0.913,-0.343,-0.219,9.891,2.779,-4.733,-2.366,0.856,-0.367,-0.364,10.668,-7.221,-9.649,-0.168,rock
11.957393,-0.428,0.868,-0.253,2543.92,-4.812,-2.462,-2.462,0.233,-0.923,-0.306,-0.284,0.942,0.180,2455.00,-4.252,0.224,-2.014,-0.064,-0.856,-0.513,0.558,-0.524,-0.644,2508.91,4.029,-0.224,0.224,-0.634,0.415,0.652,-0.312,0.789,-0.529,2448.39,3.581,3.133,0.000,-0.315,-0.160,0.936,0.914,-0.336,-0.230,9.927,1.847,-3.435,-1.863,0.854,-0.364,-0.371,10.668,-8.290,-8.336,-0.275,rock
11.979290,-0.426,0.871,-0.246,2533.78,-2.350,-2.910,-1.119,0.220,-0.936,-0.276,-0.281,0.943,0.176,2450.68,-3.133,-0.895,-1.567,-0.052,-0.893,-0.447,0.563,-0.517,-0.645,2486.73,2.910,0.448,1.231,-0.630,0.417,0.655,-0.319,0.789,-0.526,2460.22,4.812,2.014,0.224,-0.314,-0.162,0.935,0.911,-0.342,-0.231,9.889,1.389,-3.802,-1.634,0.853,-0.369,-0.370,10.654,-8.550,-8.580,0.168,rock
12.003483,-0.427,0.866,-0.259,2526.59,-2.798,-3.469,-1.790,0.225,-0.922,-0.315,-0.279,0.945,0.173,2437.64,-4.588,-0.895,-2.126,-0.068,-0.885,-0.460,0.574,-0.504,-0.645,2470.64,3.581,1.231,1.455,-0.657,0.400,0.639,-0.322,0.789,-0.523,2435.53,5.371,2.462,0.448,-0.312,-0.153,0.938,0.912,-0.339,-0.230,9.903,2.840,-5.206,-1.160,0.855,-0.368,-0.366,10.635,-7.008,-9.664,0.702,rock
12.024408,-0.426,0.867,-0.258,2534.40,-2.910,-2.238,-3.245,0.186,-0.937,-0.296,-0.281,0.944,0.172,2448.94,-4.700,0.224,-2.798,-0.058,-0.871,-0.488,0.566,-0.509,-0.649,2489.23,3.245,0.560,0.336,-0.642,0.418,0.643,-0.311,0.794,-0.523,2457.39,3.805,3.917,-0.112,-0.310,-0.146,0.940,0.912,-0.336,-0.235,9.946,1.664,-6.397,-1.740,0.853,-0.366,-0.371,10.645,-8.260,-11.725,0.153,rock
12.047722,-0.426,0.868,-0.254,2531.83,-3.805,-3.357,-2.686,0.199,-0.946,-0.256,-0.282,0.944,0.173,2439.50,-5.707,-0.671,-2.238,-0.076,-0.864,-0.497,0.565,-0.515,-0.644,2475.76,3.357,0.000,2.014,-0.632,0.400,0.664,-0.308,0.795,-0.522,2477.71,6.267,4.252,-0.671,-0.312,-0.148,0.939,0.911,-0.340,-0.235,9.952,-0.198,-7.130,-2.794,0.852,-0.366,-0.374,10.720,-9.878,-12.656,0.275,rock
12.069539,-0.430,0.868,-0.248,2553.51,-6.602,-5.371,-2.126,0.209,-0.935,-0.288,-0.288,0.941,0.179,2458.80,-7.722,-2.350,-1.902,-0.068,-0.870,-0.488,0.566,-0.513,-0.645,2504.54,5.707,-0.336,3.805,-0.647,0.420,0.636,-0.319,0.787,-0.527,2453.92,7.610,3.581,-1.007,-0.313,-0.156,0.937,0.912,-0.342,-0.228,9.976,0.885,-6.412,-2.687,0.854,-0.367,-0.370,10.739,-8.779,-11.771,-0.244,rock
12.091793,-0.436,0.864,-0.253,2544.76,-5.148,-4.141,-2.574,0.208,-0.940,-0.271,-0.295,0.940,0.174,2471.32,-6.938,-0.783,-2.126,-0.073,-0.859,-0.506,0.570,-0.509,-0.645,2505.11,4.476,1.007,2.014,-0.612,0.463,0.641,-0.316,0.788,-0.528,2451.53,6.826,3.693,-0.336,-0.314,-0.150,0.937,0.911,-0.334,-0.241,9.941,1.344,-6.061,-3.405,0.851,-0.364,-0.379,10.696,-8.427,-11.603,-0.504,rock
12.116594,-0.430,0.868,-0.250,2534.46,-5.371,-3.021,-2.014,0.219,-0.910,-0.352,-0.284,0.941,0.183,2457.57,-7.722,-0.560,-1.343,-0.069,-0.884,-0.462,0.564,-0.522,-0.639,2479.20,5.483,0.448,2.126,-0.669,0.411,0.619,-0.308,0.789,-0.532,2450.60,5.931,4.141,-1.790,-0.312,-0.145,0.939,0.910,-0.339,-0.238,9.921,0.595,-6.244,-3.634,0.850,-0.366,-0.378,10.707,-9.084,-11.466,-0.366,rock
12.137750,-0.433,0.869,-0.242,2540.80,-6.043,-4.029,-1.679,0.210,-0.926,-0.314,-0.284,0.941,0.183,2457.57,-7.722,-1.007,-1.231,-0.052,-0.861,-0.506,0.568,-0.515,-0.642,2498.11,4.141,0.671,1.790,-0.654,0.430,0.623,-0.320,0.786,-0.529,2446.84,5.036,4.476,-1.119,-0.312,-0.145,0.939,0.912,-0.334,-0.237,9.917,2.290,-6.611,-2.916,0.852,-0.364,-0.377,10.677,-7.511,-11.405,0.519,rock
12.159863,-0.437,0.866,-0.246,2540.64,-5.595,-3.021,-2.910,0.194,-0.952,-0.236,-0.289,0.941,0.176,2446.68,-6.714,-0.224,-2.238,-0.065,-0.871,-0.487,0.569,-0.513,-0.643,2526.31,4.364,0.671,1.343,-0.625,0.443,0.642,-0.320,0.781,-0.536,2448.34,5.595,4.252,-1.567,-0.316,-0.149,0.937,0.911,-0.331,-0.245,9.909,3.634,-7.053,-4.275,0.849,-0.363,-0.385,10.677,-6.626,-11.023,0.046,rock
12.181588,-0.435,0.870,-0.232,2526.98,-5.595,-1.790,-2.350,0.199,-0.935,-0.294,-0.282,0.938,0.201,2442.97,-6.379,0.783,-1.119,-0.062,-0.876,-0.479,0.551,-0.538,-0.638,2483.03,4.812,-0.783,1.231,-0.636,0.445,0.630,-0.308,0.780,-0.544,2449.72,3.693,4.476,-2.350,-0.315,-0.147,0.938,0.910,-0.329,-0.252,9.883,1.649,-6.198,-3.359,0.846,-0.363,-0.390,10.667,-8.458,-10.763,0.504,rock
12.203318,-0.435,0.869,-0.235,2528.44,-5.260,-3.805,-1.790,0.202,-0.928,-0.314,-0.291,0.938,0.189,2434.12,-6.602,-1.567,-1.790,-0.047,-0.854,-0.518,0.565,-0.523,-0.637,2474.10,5.036,0.671,2.798,-0.653,0.436,0.620,-0.314,0.783,-0.536,2466.18,3.693,3.133,-1.231,-0.312,-0.143,0.939,0.908,-0.329,-0.258,9.890,0.840,-7.832,-4.000,0.844,-0.368,-0.390,10.649,-9.008,-12.565,0.550,rock
12.224346,-0.442,0.865,-0.235,2528.10,-7.050,-4.141,-2.238,0.182,-0.941,-0.284,-0.293,0.936,0.196,2449.32,-9.624,-1.231,-1.455,-0.065,-0.858,-0.509,0.567,-0.526,-0.634,2500.43,7.050,0.000,4.141,-0.617,0.461,0.638,-0.310,0.781,-0.542,2461.40,8.505,4.029,-2.574,-0.309,-0.139,0.941,0.907,-0.335,-0.256,9.905,1.252,-9.679,-4.443,0.845,-0.369,-0.388,10.718,-8.351,-13.618,1.420,rock
12.245300,-0.442,0.865,-0.235,2528.10,-8.729,-4.476,-2.798,0.218,-0.917,-0.333,-0.291,0.936,0.197,2437.04,-10.295,-0.895,-2.014,-0.067,-0.871,-0.486,0.570,-0.524,-0.634,2473.42,8.505,0.448,3.917,-0.621,0.431,0.655,-0.319,0.778,-0.542,2459.12,9.176,4.476,-2.462,-0.307,-0.129,0.943,0.907,-0.328,-0.266,9.923,1.649,-10.885,-3.908,0.841,-0.367,-0.397,10.691,-7.771,-14.748,2.137,rock
12.266681,-0.440,0.868,-0.232,2521.79,-8.841,-4.141,-4.141,0.192,-0.922,-0.337,-0.290,0.935,0.204,2441.79,-10.631,0.000,-2.574,-0.081,-0.855,-0.512,0.567,-0.529,-0.631,2466.04,9.624,-0.671,3.133,-0.644,0.435,0.629,-0.307,0.774,-0.554,2458.43,8.952,5.819,-3.021,-0.308,-0.135,0.942,0.906,-0.323,-0.273,9.989,0.076,-11.008,-4.046,0.839,-0.365,-0.404,10.763,-9.359,-15.389,1.802,rock
12.289597,-0.440,0.872,-0.215,2542.27,-10.072,-5.707,-3.133,0.211,-0.916,-0.341,-0.292,0.931,0.219,2462.50,-11.750,-0.560,-1.902,-0.061,-0.839,-0.541,0.553,-0.547,-0.628,2510.17,9.400,-1.119,4.476,-0.625,0.457,0.633,-0.305,0.774,-0.555,2471.94,9.624,4.812,-2.798,-0.307,-0.138,0.942,0.905,-0.325,-0.277,9.929,-1.496,-10.214,-4.336,0.837,-0.369,-0.405,10.739,-10.809,-14.870,1.115,rock
12.312220,-0.446,0.869,-0.216,2530.16,-10.183,-6.379,-2.126,0.213,-0.930,-0.299,-0.294,0.932,0.213,2438.62,-10.967,-1.902,-1.567,-0.073,-0.859,-0.506,0.558,-0.540,-0.629,2505.48,8.952,-0.895,5.371,-0.648,0.461,0.606,-0.319,0.766,-0.558,2458.20,10.631,3.917,-2.798,-0.304,-0.127,0.944,0.906,-0.320,-0.279,9.902,-0.565,-10.733,-4.916,0.835,-0.366,-0.412,10.726,-9.786,-14.260,1.084,rock
12.335114,-0.449,0.870,-0.203,2536.17,-9.960,-5.483,-3.245,0.201,-0.920,-0.338,-0.288,0.930,0.227,2454.53,-11.302,-1.007,-1.902,-0.070,-0.849,-0.524,0.553,-0.551,-0.625,2492.74,8.841,-0.560,4.588,-0.632,0.471,0.616,-0.308,0.764,-0.568,2451.65,11.079,4.364,-2.686,-0.307,-0.128,0.943,0.903,-0.324,-0.281,9.905,-0.870,-9.710,-4.427,0.834,-0.367,-0.412,10.689,-10.015,-13.603,0.870,rock
12.356380,-0.449,0.870,-0.203,2536.17,-9.736,-5.707,-2.910,0.192,-0.912,-0.361,-0.293,0.928,0.232,2449.52,-10.519,-1.790,-2.462,-0.072,-0.830,-0.553,0.556,-0.550,-0.623,2497.67,7.833,0.112,4.364,-0.619,0.470,0.629,-0.313,0.759,-0.571,2439.52,9.736,4.476,-1.902,-0.302,-0.123,0.945,0.903,-0.323,-0.283,9.898,-1.023,-8.351,-3.328,0.832,-0.368,-0.414,10.718,-9.725,-11.802,0.290,rock
12.377328,-0.453,0.870,-0.196,2536.01,-8.281,-5.371,-3.245,0.177,-0.922,-0.345,-0.299,0.925,0.234,2467.96,-8.841,-1.231,-2.910,-0.061,-0.849,-0.525,0.551,-0.557,-0.622,2520.56,6.938,-0.112,3.469,-0.631,0.444,0.636,-0.300,0.757,-0.581,2447.32,8.169,4.141,-1.343,-0.305,-0.120,0.945,0.900,-0.323,-0.293,9.916,-1.191,-6.366,-3.191,0.828,-0.372,-0.420,10.757,-10.473,-10.733,-0.427,rock
12.399295,-0.454,0.870,-0.191,2548.18,-5.931,-5.148,-0.895,0.192,-0.925,-0.327,-0.300,0.923,0.243,2463.49,-6.491,-2.014,-1.790,-0.068,-0.841,-0.537,0.551,-0.565,-0.614,2502.11,3.357,-1.679,3.469,-0.598,0.480,0.642,-0.311,0.754,-0.578,2456.94,7.050,2.910,-1.231,-0.300,-0.118,0.947,0.898,-0.326,-0.295,9.915,-0.382,-5.481,-2.000,0.827,-0.375,-0.419,10.739,-9.863,-9.649,0.779,rock
12.424196,-0.457,0.868,-0.192,2531.67,-4.476,-5.036,-2.126,0.204,-0.921,-0.332,-0.297,0.924,0.240,2450.70,-4.924,-1.902,-3.133,-0.069,-0.846,-0.529,0.562,-0.551,-0.617,2473.56,2.350,-0.336,2.798,-0.605,0.517,0.606,-0.311,0.754,-0.578,2456.94,6.491,2.686,0.560,-0.301,-0.118,0.946,0.901,-0.321,-0.293,9.910,0.809,-5.496,-1.221,0.829,-0.370,-0.419,10.735,-8.748,-9.298,1.573,rock
12.449246,-0.456,0.868,-0.196,2540.55,-4.476,-4.700,-2.910,0.184,-0.921,-0.344,-0.300,0.924,0.235,2458.71,-5.371,-1.790,-3.245,-0.058,-0.838,-0.542,0.559,-0.553,-0.618,2503.17,4.364,0.671,2.462,-0.595,0.495,0.633,-0.305,0.759,-0.576,2467.35,6.491,2.910,0.560,-0.299,-0.111,0.948,0.902,-0.316,-0.295,9.926,0.962,-5.527,-1.527,0.829,-0.368,-0.421,10.726,-8.855,-9.740,1.191,rock
12.472091,-0.456,0.868,-0.196,2540.55,-4.364,-4.476,-2.014,0.208,-0.904,-0.373,-0.305,0.924,0.232,2452.01,-5.036,-2.126,-2.462,-0.099,-0.833,-0.544,0.553,-0.562,-0.615,2495.87,4.141,-0.112,2.350,-0.631,0.481,0.609,-0.295,0.764,-0.574,2491.00,7.162,2.686,0.560,-0.304,-0.119,0.945,0.901,-0.313,-0.302,9.930,-1.023,-7.023,-2.779,0.828,-0.365,-0.425,10.742,-10.779,-11.924,0.931,rock
12.493616,-0.450,0.870,-0.200,2527.19,-6.938,-6.491,-1.119,0.219,-0.913,-0.344,-0.302,0.926,0.228,2446.68,-7.610,-3.805,-1.567,-0.091,-0.864,-0.496,0.562,-0.551,-0.617,2473.56,5.036,-1.007,5.036,-0.628,0.487,0.607,-0.311,0.759,-0.572,2481.86,11.526,2.126,-0.560,-0.297,-0.114,0.948,0.901,-0.314,-0.298,9.914,-1.023,-8.611,-4.168,0.829,-0.366,-0.422,10.734,-10.718,-13.756,0.198,rock
12.515706,-0.456,0.870,-0.188,2537.59,-8.952,-6.155,-1.455,0.212,-0.909,-0.359,-0.303,0.921,0.246,2467.78,-9.848,-2.462,-0.895,-0.058,-0.832,-0.552,0.555,-0.557,-0.618,2519.27,7.162,-2.686,4.924,-0.638,0.475,0.606,-0.312,0.745,-0.589,2444.47,11.750,2.238,-2.910,-0.302,-0.112,0.947,0.900,-0.312,-0.305,9.911,0.763,-6.992,-4.977,0.825,-0.366,-0.430,10.740,-9.359,-12.779,-1.771,rock
12.538728,-0.454,0.873,-0.176,2548.87,-8.281,-3.917,-0.560,0.190,-0.914,-0.360,-0.299,0.917,0.262,2467.58,-7.722,-1.119,0.448,-0.057,-0.829,-0.557,0.542,-0.575,-0.612,2524.40,4.364,-4.141,2.014,-0.621,0.482,0.618,-0.313,0.737,-0.599,2405.76,6.714,2.910,-3.133,-0.296,-0.102,0.950,0.896,-0.310,-0.316,9.860,2.931,-4.092,-3.634,0.820,-0.365,-0.440,10.714,-7.267,-9.344,-2.061,rock
12.559155,-0.457,0.874,-0.165,2535.90,-3.917,-1.455,-0.671,0.190,-0.923,-0.334,-0.293,0.919,0.264,2452.48,-4.029,0.671,0.224,-0.052,-0.824,-0.565,0.539,-0.584,-0.607,2467.65,1.455,-3.917,0.000,-0.605,0.502,0.619,-0.306,0.737,-0.603,2435.15,2.350,2.462,-2.014,-0.307,-0.120,0.944,0.896,-0.307,-0.321,9.853,3.160,-2.122,-2.595,0.819,-0.364,-0.444,10.703,-7.160,-6.901,-1.588,rock
12.580090,-0.461,0.872,-0.165,2531.30,-2.798,-1.455,-0.560,0.179,-0.917,-0.356,-0.297,0.917,0.264,2447.17,-2.126,0.224,-0.560,-0.056,-0.829,-0.556,0.543,-0.577,-0.610,2484.80,2.238,-1.455,-0.112,-0.616,0.471,0.632,-0.306,0.737,-0.603,2435.15,1.679,1.567,-0.895,-0.297,-0.112,0.948,0.895,-0.309,-0.323,9.837,2.656,-0.397,-1.939,0.819,-0.363,-0.444,10.701,-7.664,-4.977,-1.908,rock
12.601326,-0.461,0.872,-0.165,2531.30,-0.448,-1.455,-0.112,0.190,-0.904,-0.384,-0.297,0.916,0.268,2449.56,0.112,-0.448,-0.560,-0.061,-0.816,-0.574,0.537,-0.581,-0.612,2497.13,0.448,-1.343,-0.783,-0.630,0.471,0.617,-0.299,0.737,-0.607,2421.73,2.126,1.007,0.336,-0.299,-0.109,0.948,0.894,-0.313,-0.319,9.797,2.061,1.099,-1.359,0.820,-0.367,-0.440,10.645,-8.214,-3.267,-1.802,rock
12.624519,-0.461,0.871,-0.170,2512.27,0.895,-2.126,0.336,0.205,-0.903,-0.377,-0.300,0.920,0.254,2429.29,1.119,-1.119,-0.895,-0.083,-0.833,-0.548,0.548,-0.566,-0.616,2461.95,-0.783,-0.336,-0.112,-0.604,0.499,0.621,-0.314,0.739,-0.596,2429.77,-0.336,0.783,1.902,-0.299,-0.112,0.948,0.896,-0.315,-0.314,9.786,3.145,1.145,-0.290,0.821,-0.367,-0.436,10.647,-7.115,-2.977,-0.962,rock
12.647023,-0.460,0.869,-0.181,2518.24,1.679,-1.231,-1.007,0.222,-0.883,-0.414,-0.311,0.918,0.246,2433.39,1.679,0.000,-1.902,-0.057,-0.839,-0.541,0.552,-0.562,-0.616,2478.57,-2.126,0.000,-1.790,-0.613,0.472,0.634,-0.298,0.747,-0.594,2425.85,-1.455,0.895,1.790,-0.298,-0.110,0.948,0.899,-0.314,-0.307,9.752,3.359,1.511,-0.763,0.826,-0.363,-0.431,10.587,-7.053,-2.885,-1.832,rock
12.669654,-0.460,0.869,-0.180,2493.76,1.902,-0.336,-0.560,0.184,-0.921,-0.344,-0.299,0.922,0.245,2401.56,2.238,0.112,-0.783,-0.086,-0.843,-0.531,0.558,-0.560,-0.612,2399.37,-1.455,-0.336,-1.902,-0.613,0.485,0.623,-0.315,0.742,-0.591,2418.49,-0.895,1.455,1.679,-0.301,-0.108,0.947,0.896,-0.309,-0.319,9.797,5.115,1.420,0.443,0.822,-0.362,-0.439,10.686,-5.298,-2.443,-0.672,rock
12.691903,-0.451,0.875,-0.174,2520.58,2.238,0.448,-2.350,0.214,-0.901,-0.377,-0.296,0.922,0.250,2424.71,1.679,1.343,-2.910,-0.082,-0.834,-0.546,0.548,-0.562,-0.620,2463.05,-0.112,1.790,-3.245,-0.621,0.493,0.610,-0.309,0.741,-0.595,2433.32,-1.231,2.910,2.574,-0.301,-0.108,0.947,0.900,-0.306,-0.309,9.946,5.847,2.611,1.374,0.826,-0.359,-0.436,10.820,-4.641,-1.069,-0.519,rock
12.713835,-0.462,0.870,-0.170,2569.15,3.693,0.895,-2.350,0.223,-0.904,-0.365,-0.305,0.918,0.252,2484.69,4.364,2.014,-2.686,-0.061,-0.844,-0.533,0.538,-0.575,-0.616,2543.05,-1.343,2.014,-4.588,-0.610,0.500,0.615,-0.301,0.742,-0.599,2469.99,-3.693,1.455,3.245,-0.304,-0.112,0.946,0.895,-0.307,-0.323,10.027,5.466,3.252,1.115,0.821,-0.361,-0.442,10.842,-5.374,-0.748,-0.656,rock
12.737792,-0.460,0.869,-0.182,2560.96,4.700,0.560,-1.119,0.209,-0.900,-0.382,-0.302,0.922,0.242,2474.80,4.476,0.783,-2.014,-0.074,-0.822,-0.565,0.551,-0.565,-0.614,2518.80,-2.686,1.231,-2.910,-0.597,0.485,0.639,-0.302,0.750,-0.588,2496.62,-3.693,1.007,2.798,-0.303,-0.110,0.947,0.898,-0.314,-0.309,10.021,4.626,2.870,0.779,0.828,-0.363,-0.428,10.859,-6.092,-1.191,-0.534,rock
12.760234,-0.454,0.871,-0.186,2567.80,4.141,0.224,-0.448,0.208,-0.915,-0.345,-0.304,0.922,0.240,2487.67,3.581,0.448,-1.455,-0.086,-0.845,-0.528,0.555,-0.557,-0.618,2519.27,-3.469,0.560,-3.581,-0.607,0.480,0.634,-0.299,0.753,-0.586,2488.04,-2.910,0.224,2.910,-0.306,-0.114,0.945,0.900,-0.312,-0.306,9.991,4.458,3.206,0.321,0.830,-0.360,-0.426,10.787,-6.534,-1.160,-1.130,rock
12.781964,-0.459,0.868,-0.191,2543.60,3.805,-0.224,0.112,0.225,-0.900,-0.373,-0.307,0.923,0.231,2462.15,3.581,0.448,-0.448,-0.073,-0.859,-0.506,0.555,-0.549,-0.625,2503.91,-3.357,0.112,-3.357,-0.619,0.477,0.624,-0.296,0.755,-0.585,2478.46,-1.455,0.224,1.902,-0.307,-0.116,0.945,0.901,-0.309,-0.306,9.903,3.023,2.824,-0.641,0.829,-0.357,-0.429,10.721,-8.000,-1.893,-1.893,rock
12.802706,-0.458,0.869,-0.189,2529.76,2.686,-0.671,1.119,0.208,-0.904,-0.373,-0.302,0.923,0.237,2442.08,2.798,-0.224,0.560,-0.046,-0.819,-0.572,0.551,-0.557,-0.622,2486.53,-2.798,-1.679,-2.350,-0.621,0.493,0.610,-0.300,0.752,-0.588,2450.58,-1.679,0.000,0.895,-0.305,-0.108,0.946,0.898,-0.315,-0.309,9.814,2.137,1.496,-1.023,0.826,-0.363,-0.431,10.615,-8.565,-2.885,-1.771,rock
12.825863,-0.459,0.868,-0.191,2499.13,1.455,-1.343,1.343,0.201,-0.909,-0.365,-0.302,0.925,0.232,2406.65,1.567,-0.671,0.112,-0.060,-0.829,-0.556,0.560,-0.550,-0.620,2428.96,-1.007,-0.783,-1.231,-0.610,0.505,0.611,-0.318,0.750,-0.580,2430.83,-0.560,0.560,1.231,-0.305,-0.111,0.946,0.901,-0.315,-0.298,9.803,4.229,1.069,-0.214,0.832,-0.359,-0.422,10.666,-5.969,-2.779,-0.885,rock
12.848117,-0.451,0.872,-0.189,2521.54,1.455,-0.336,-1.119,0.215,-0.913,-0.348,-0.302,0.923,0.237,2442.08,1.567,1.119,-1.231,-0.065,-0.835,-0.546,0.552,-0.550,-0.627,2499.00,-1.455,-0.783,-3.357,-0.608,0.483,0.630,-0.299,0.755,-0.583,2453.01,-0.671,1.790,1.790,-0.309,-0.123,0.943,0.900,-0.309,-0.307,9.861,4.168,1.237,-0.672,0.829,-0.355,-0.431,10.716,-6.305,-2.840,-1.450,rock
12.870048,-0.457,0.870,-0.184,2534.85,1.231,0.112,-0.336,0.231,-0.897,-0.376,-0.306,0.921,0.240,2447.50,2.126,1.231,-1.231,-0.066,-0.838,-0.541,0.555,-0.553,-0.622,2486.51,-1.790,-1.790,-2.014,-0.598,0.494,0.631,-0.291,0.752,-0.591,2449.97,-0.448,1.231,1.119,-0.309,-0.112,0.944,0.899,-0.310,-0.309,9.893,3.176,1.542,-0.809,0.828,-0.357,-0.433,10.733,-7.542,-2.916,-2.046,rock
12.892711,-0.463,0.868,-0.180,2541.77,1.567,-1.007,0.224,0.233,-0.898,-0.374,-0.304,0.921,0.243,2459.13,2.574,-0.112,-0.671,-0.044,-0.851,-0.524,0.551,-0.561,-0.618,2484.73,-2.798,-2.238,-2.126,-0.624,0.481,0.616,-0.291,0.750,-0.594,2456.65,-1.343,0.895,1.567,-0.312,-0.117,0.943,0.898,-0.316,-0.306,9.893,2.565,2.153,-0.916,0.828,-0.363,-0.427,10.731,-8.061,-2.565,-2.397,rock
12.913558,-0.462,0.867,-0.187,2545.45,2.126,-1.455,-0.224,0.197,-0.916,-0.351,-0.308,0.923,0.231,2453.85,1.567,-0.560,-1.231,-0.059,-0.842,-0.536,0.560,-0.542,-0.627,2499.20,-1.455,1.007,-1.231,-0.631,0.481,0.609,-0.299,0.754,-0.586,2458.85,-1.567,0.783,1.679,-0.308,-0.115,0.945,0.896,-0.321,-0.306,9.885,3.832,1.908,-0.916,0.829,-0.364,-0.424,10.718,-6.901,-2.489,-2.153,rock
12.937532,-0.465,0.865,-0.189,2529.86,1.902,-0.448,-0.448,0.196,-0.916,-0.350,-0.310,0.923,0.228,2442.32,1.567,0.336,-1.231,-0.048,-0.838,-0.543,0.559,-0.549,-0.622,2485.95,-1.902,1.231,-2.126,-0.635,0.459,0.621,-0.294,0.756,-0.585,2463.44,-1.231,0.783,1.455,-0.308,-0.116,0.944,0.899,-0.314,-0.306,9.857,4.031,1.359,-0.824,0.831,-0.359,-0.424,10.703,-6.672,-3.053,-1.786,rock
12.958597,-0.460,0.868,-0.185,2521.86,1.790,-0.112,-0.895,0.191,-0.916,-0.353,-0.310,0.922,0.232,2445.55,1.343,0.560,-1.231,-0.058,-0.833,-0.551,0.554,-0.548,-0.626,2487.24,-1.679,0.671,-2.350,-0.653,0.439,0.617,-0.295,0.755,-0.586,2455.89,-1.119,1.231,1.343,-0.311,-0.112,0.944,0.901,-0.310,-0.303,9.904,3.603,1.145,-0.611,0.833,-0.355,-0.424,10.705,-7.115,-3.145,-1.710,rock
12.981864,-0.456,0.870,-0.188,2541.11,2.014,-0.448,-0.895,0.205,-0.914,-0.351,-0.304,0.923,0.235,2460.81,1.567,0.224,-1.231,-0.056,-0.856,-0.514,0.549,-0.547,-0.631,2510.33,-2.350,0.895,-2.574,-0.616,0.471,0.632,-0.299,0.754,-0.586,2458.85,-0.895,1.455,1.679,-0.312,-0.111,0.944,0.902,-0.307,-0.304,9.896,3.282,1.405,-0.580,0.832,-0.355,-0.427,10.729,-7.130,-2.611,-1.985,rock
13.003696,-0.458,0.868,-0.192,2534.99,2.238,-0.448,-0.671,0.209,-0.914,-0.348,-0.305,0.925,0.228,2448.79,1.455,0.224,-1.119,-0.051,-0.842,-0.537,0.550,-0.548,-0.630,2488.00,-2.126,1.007,-2.798,-0.657,0.451,0.604,-0.297,0.757,-0.582,2473.20,-0.671,1.567,1.455,-0.313,-0.117,0.942,0.900,-0.313,-0.304,9.874,2.916,0.763,-0.916,0.831,-0.355,-0.428,10.731,-7.496,-3.252,-1.802,rock
13.025752,-0.458,0.868,-0.192,2534.99,1.007,-1.231,-0.336,0.227,-0.905,-0.361,-0.301,0.924,0.236,2450.39,0.671,0.000,-0.671,-0.046,-0.831,-0.554,0.552,-0.546,-0.630,2515.20,-1.343,0.336,-2.014,-0.624,0.448,0.641,-0.292,0.753,-0.589,2444.66,-0.671,1.455,1.343,-0.315,-0.116,0.942,0.899,-0.313,-0.307,9.873,3.328,1.679,-0.412,0.831,-0.357,-0.426,10.712,-6.977,-2.046,-1.954,rock
13.046949,-0.458,0.869,-0.188,2532.42,2.574,-0.112,-0.336,0.248,-0.881,-0.403,-0.308,0.923,0.230,2431.23,2.574,0.671,-0.783,-0.034,-0.827,-0.561,0.554,-0.548,-0.626,2469.96,-3.245,-1.007,-2.910,-0.609,0.452,0.652,-0.296,0.756,-0.584,2450.04,-0.895,1.007,1.679,-0.315,-0.124,0.941,0.898,-0.313,-0.308,9.850,2.855,1.313,-0.336,0.831,-0.356,-0.428,10.701,-7.405,-2.656,-1.603,rock
13.068503,-0.462,0.866,-0.192,2530.92,2.126,-0.895,-1.007,0.235,-0.899,-0.370,-0.306,0.923,0.233,2441.85,2.238,0.560,-1.343,-0.044,-0.834,-0.550,0.556,-0.546,-0.627,2498.43,-3.021,-0.783,-3.245,-0.626,0.452,0.635,-0.291,0.755,-0.587,2452.96,-0.895,1.567,1.790,-0.314,-0.118,0.942,0.900,-0.312,-0.303,9.864,2.229,1.084,-0.305,0.833,-0.354,-0.424,10.706,-7.832,-2.885,-1.588,rock
13.089837,-0.459,0.867,-0.192,2525.45,2.238,-0.895,-0.895,0.253,-0.894,-0.370,-0.303,0.926,0.225,2434.23,2.014,0.560,-1.567,-0.042,-0.837,-0.546,0.561,-0.535,-0.632,2477.36,-4.700,-1.343,-4.141,-0.621,0.462,0.633,-0.295,0.758,-0.582,2457.61,-0.560,2.014,1.679,-0.315,-0.116,0.942,0.898,-0.314,-0.308,9.904,2.519,-0.076,-0.061,0.834,-0.356,-0.421,10.719,-8.122,-4.687,-1.176,rock
13.111963,-0.464,0.864,-0.195,2545.27,1.567,-1.343,-2.126,0.223,-0.907,-0.357,-0.315,0.922,0.226,2465.17,1.343,1.119,-2.798,-0.064,-0.856,-0.513,0.564,-0.535,-0.629,2532.46,-5.483,-1.119,-5.707,-0.647,0.466,0.603,-0.286,0.756,-0.588,2462.92,0.000,3.021,2.126,-0.308,-0.111,0.945,0.897,-0.312,-0.314,9.971,2.015,0.656,-0.504,0.831,-0.355,-0.428,10.795,-8.473,-3.786,-1.924,rock
13.132899,-0.469,0.863,-0.190,2561.31,2.574,-1.119,-1.567,0.224,-0.905,-0.363,-0.319,0.920,0.230,2470.62,2.014,0.671,-1.902,-0.038,-0.848,-0.529,0.563,-0.545,-0.622,2504.00,-7.050,-0.336,-6.714,-0.647,0.439,0.623,-0.281,0.757,-0.590,2473.07,0.112,2.014,1.343,-0.313,-0.119,0.942,0.896,-0.317,-0.312,9.937,1.435,1.008,-1.527,0.831,-0.357,-0.427,10.754,-8.992,-3.725,-2.275,rock
13.158408,-0.468,0.862,-0.195,2542.16,1.455,-1.679,-0.112,0.225,-0.896,-0.383,-0.316,0.922,0.223,2456.47,0.336,-0.671,-0.895,-0.042,-0.832,-0.554,0.567,-0.534,-0.627,2482.97,-3.133,0.112,-1.902,-0.638,0.449,0.626,-0.286,0.758,-0.586,2457.64,0.336,1.343,1.007,-0.313,-0.117,0.942,0.897,-0.318,-0.309,9.920,3.115,-0.122,-1.893,0.833,-0.359,-0.422,10.722,-7.435,-5.252,-1.939,rock
13.179754,-0.471,0.860,-0.195,2546.00,0.112,-1.007,-1.119,0.273,-0.889,-0.368,-0.320,0.922,0.219,2456.74,-1.007,0.448,-1.231,-0.009,-0.829,-0.559,0.570,-0.529,-0.629,2505.71,-0.448,0.671,-1.902,-0.621,0.436,0.651,-0.282,0.761,-0.585,2462.67,-0.224,1.567,0.336,-0.317,-0.117,0.941,0.898,-0.314,-0.309,9.928,4.137,-0.397,-2.687,0.833,-0.356,-0.424,10.768,-6.626,-5.206,-2.061,rock
13.201246,-0.467,0.863,-0.195,2549.92,-0.783,0.000,-0.895,0.212,-0.909,-0.359,-0.315,0.922,0.226,2465.17,-1.567,0.783,-0.560,-0.064,-0.856,-0.513,0.564,-0.534,-0.630,2500.26,0.336,0.336,-1.231,-0.619,0.479,0.622,-0.285,0.758,-0.587,2469.74,0.448,1.343,-0.560,-0.313,-0.118,0.942,0.896,-0.313,-0.314,9.912,4.473,-0.534,-3.282,0.830,-0.355,-0.430,10.723,-6.718,-5.420,-2.137,rock
13.223562,-0.470,0.862,-0.189,2529.90,-1.455,-0.112,-0.224,0.235,-0.908,-0.346,-0.313,0.920,0.236,2451.00,-1.343,0.671,0.112,-0.047,-0.854,-0.518,0.565,-0.539,-0.625,2458.50,0.560,0.000,-0.336,-0.629,0.478,0.613,-0.288,0.753,-0.592,2447.08,0.895,1.119,-0.671,-0.315,-0.114,0.942,0.897,-0.314,-0.310,9.829,5.573,-0.855,-2.244,0.832,-0.356,-0.426,10.671,-5.374,-5.069,-1.084,rock
13.246114,-0.467,0.864,-0.189,2525.21,-0.895,0.000,-1.902,0.213,-0.905,-0.367,-0.314,0.920,0.233,2439.45,-2.350,1.343,-1.567,-0.018,-0.835,-0.550,0.569,-0.535,-0.625,2458.80,2.350,3.357,-1.455,-0.641,0.438,0.630,-0.279,0.758,-0.590,2457.56,-0.112,1.343,-0.112,-0.312,-0.114,0.943,0.898,-0.312,-0.310,9.900,5.481,-0.855,-2.000,0.833,-0.354,-0.425,10.732,-5.511,-5.191,-0.870,rock
13.269281,-0.469,0.863,-0.188,2538.53,-0.895,-0.224,-1.902,0.229,-0.919,-0.320,-0.317,0.919,0.236,2454.15,-2.574,0.560,-1.007,-0.049,-0.832,-0.552,0.565,-0.527,-0.635,2494.71,2.910,3.469,-0.224,-0.611,0.441,0.657,-0.287,0.755,-0.590,2455.37,0.112,0.895,0.000,-0.315,-0.117,0.942,0.899,-0.309,-0.310,9.880,5.573,-0.824,-1.588,0.834,-0.349,-0.427,10.736,-5.405,-5.099,-0.595,rock
13.291703,-0.466,0.865,-0.188,2533.85,-0.560,-0.336,-1.455,0.236,-0.903,-0.360,-0.311,0.920,0.239,2462.57,-1.790,0.895,-1.007,-0.032,-0.834,-0.551,0.558,-0.536,-0.633,2505.15,2.126,2.238,-0.895,-0.638,0.444,0.628,-0.283,0.757,-0.589,2459.61,-0.112,1.119,-0.112,-0.318,-0.110,0.942,0.900,-0.309,-0.307,9.887,5.282,-0.519,-1.710,0.834,-0.351,-0.426,10.728,-5.664,-4.840,-0.641,rock
13.313135,-0.464,0.864,-0.197,2523.35,-0.560,-0.112,-1.007,0.222,-0.911,-0.346,-0.309,0.924,0.228,2452.48,-1.679,0.671,-0.560,-0.041,-0.838,-0.544,0.570,-0.528,-0.630,2471.73,1.790,2.238,-0.224,-0.623,0.454,0.637,-0.300,0.753,-0.585,2444.71,0.671,0.560,0.000,-0.312,-0.109,0.944,0.899,-0.308,-0.311,9.855,6.473,-0.687,-1.374,0.833,-0.352,-0.428,10.699,-4.504,-4.947,-0.550,rock
13.335038,-0.462,0.866,-0.192,2530.92,-0.224,0.671,-2.126,0.211,-0.919,-0.332,-0.314,0.920,0.233,2439.45,-1.790,1.902,-1.231,-0.050,-0.843,-0.536,0.564,-0.538,-0.627,2482.05,2.686,3.469,-1.343,-0.625,0.461,0.630,-0.286,0.758,-0.586,2457.64,-0.336,1.343,-0.224,-0.314,-0.116,0.942,0.898,-0.312,-0.310,9.849,6.718,-1.252,-1.634,0.833,-0.354,-0.426,10.674,-4.076,-5.710,-0.550,rock
13.357910,-0.474,0.858,-0.196,2529.68,-1.007,0.560,-2.014,0.236,-0.903,-0.360,-0.319,0.920,0.229,2439.39,-2.686,1.902,-1.455,-0.034,-0.837,-0.547,0.576,-0.538,-0.616,2445.92,3.805,4.252,-1.231,-0.648,0.448,0.616,-0.280,0.756,-0.591,2449.99,0.000,1.679,-0.448,-0.308,-0.109,0.945,0.895,-0.315,-0.315,9.856,6.855,-1.084,-2.000,0.829,-0.358,-0.429,10.694,-4.031,-5.679,-0.855,rock
13.379701,-0.471,0.863,-0.185,2527.17,-1.455,0.895,-2.350,0.232,-0.898,-0.374,-0.318,0.917,0.240,2446.43,-2.686,2.014,-1.119,-0.043,-0.835,-0.549,0.568,-0.542,-0.620,2480.72,3.245,3.357,-0.671,-0.637,0.453,0.624,-0.275,0.755,-0.595,2453.14,0.336,1.567,-0.224,-0.310,-0.113,0.944,0.895,-0.315,-0.317,9.868,6.534,-0.885,-1.191,0.830,-0.358,-0.428,10.729,-4.351,-5.298,-0.198,rock
13.400315,-0.474,0.860,-0.188,2533.76,-0.336,0.336,-2.238,0.239,-0.896,-0.374,-0.320,0.916,0.243,2461.20,-1.455,1.119,-1.902,-0.040,-0.867,-0.496,0.572,-0.538,-0.619,2497.13,2.350,2.798,-0.671,-0.676,0.447,0.586,-0.279,0.754,-0.594,2455.16,0.224,1.902,0.448,-0.311,-0.111,0.944,0.896,-0.312,-0.317,9.942,6.504,-0.321,-1.267,0.830,-0.357,-0.429,10.776,-4.473,-4.733,-0.580,rock
13.423360,-0.470,0.862,-0.190,2552.68,0.336,0.560,-1.567,0.233,-0.913,-0.333,-0.319,0.918,0.234,2466.51,-0.895,1.007,-1.119,-0.028,-0.844,-0.536,0.568,-0.538,-0.623,2514.93,1.007,2.574,-0.895,-0.653,0.443,0.614,-0.278,0.760,-0.588,2464.39,-0.336,1.119,0.448,-0.314,-0.112,0.943,0.896,-0.311,-0.316,9.930,5.908,-0.321,-1.527,0.829,-0.357,-0.430,10.783,-5.130,-4.901,-0.672,rock
13.444560,-0.470,0.863,-0.187,2551.85,-0.112,0.336,-0.783,0.260,-0.899,-0.353,-0.320,0.917,0.239,2459.70,-0.336,0.112,-0.671,-0.009,-0.829,-0.559,0.571,-0.545,-0.614,2484.50,0.112,0.895,-0.112,-0.662,0.439,0.608,-0.285,0.754,-0.591,2468.06,0.112,0.448,0.224,-0.315,-0.119,0.942,0.899,-0.308,-0.311,9.934,5.908,-0.443,-1.664,0.832,-0.355,-0.426,10.782,-5.145,-5.008,-0.534,rock
13.466455,-0.470,0.862,-0.190,2552.68,0.336,-0.224,-1.455,0.239,-0.903,-0.357,-0.316,0.919,0.235,2462.42,-1.007,0.336,-1.119,-0.037,-0.828,-0.560,0.570,-0.537,-0.622,2503.33,1.007,2.350,0.224,-0.619,0.446,0.646,-0.286,0.756,-0.588,2462.92,0.224,0.448,0.336,-0.310,-0.111,0.944,0.899,-0.308,-0.311,9.916,6.168,-0.229,-1.542,0.833,-0.353,-0.426,10.738,-4.992,-4.931,-0.702,rock
13.489030,-0.469,0.862,-0.191,2539.37,0.112,0.224,-1.231,0.220,-0.900,-0.377,-0.316,0.919,0.235,2462.42,-0.895,0.336,-0.783,-0.041,-0.834,-0.551,0.564,-0.542,-0.623,2498.57,0.895,1.343,0.112,-0.634,0.466,0.618,-0.283,0.757,-0.589,2459.61,0.112,0.224,0.224,-0.312,-0.112,0.943,0.898,-0.309,-0.313,9.873,5.481,0.000,-1.679,0.831,-0.355,-0.429,10.716,-5.649,-5.008,-0.840,rock
13.510704,-0.474,0.861,-0.184,2532.76,-0.224,-0.336,0.112,0.255,-0.895,-0.366,-0.318,0.918,0.236,2444.96,-0.560,-0.336,-0.112,-0.052,-0.841,-0.539,0.571,-0.541,-0.618,2469.04,0.224,0.448,0.895,-0.649,0.471,0.597,-0.289,0.753,-0.591,2434.98,0.224,0.000,-0.112,-0.310,-0.108,0.945,0.899,-0.311,-0.309,9.834,6.336,-0.214,-1.206,0.831,-0.355,-0.428,10.703,-4.763,-4.779,-0.534,rock
13.531906,-0.469,0.863,-0.188,2538.53,0.336,0.560,-1.007,0.217,-0.906,-0.363,-0.317,0.919,0.236,2454.15,0.112,0.895,-0.783,-0.037,-0.840,-0.542,0.570,-0.537,-0.622,2503.33,-0.112,0.783,-0.783,-0.664,0.437,0.607,-0.284,0.760,-0.585,2477.33,-0.560,1.007,0.000,-0.310,-0.112,0.944,0.900,-0.309,-0.308,9.888,5.740,-0.763,-2.000,0.832,-0.354,-0.427,10.733,-5.252,-5.298,-0.687,rock
13.553706,-0.466,0.864,-0.192,2534.70,-0.336,-0.224,-0.336,0.219,-0.907,-0.360,-0.309,0.920,0.240,2449.35,-1.007,0.000,-0.112,-0.042,-0.832,-0.554,0.571,-0.530,-0.627,2499.43,0.224,0.560,0.336,-0.635,0.441,0.634,-0.289,0.753,-0.591,2434.98,-0.112,-0.224,0.000,-0.309,-0.115,0.944,0.899,-0.306,-0.314,9.878,6.107,-0.275,-1.130,0.832,-0.355,-0.428,10.696,-4.901,-4.840,-0.366,rock
13.575331,-0.469,0.863,-0.188,2538.53,0.560,0.671,-0.671,0.235,-0.902,-0.362,-0.317,0.919,0.236,2454.15,0.671,0.895,-0.560,-0.036,-0.812,-0.583,0.572,-0.538,-0.619,2497.13,-0.560,-0.224,-1.007,-0.652,0.445,0.614,-0.279,0.758,-0.590,2457.56,0.112,0.336,0.336,-0.313,-0.117,0.942,0.897,-0.311,-0.314,9.914,5.786,-0.275,-1.527,0.831,-0.357,-0.427,10.755,-5.328,-5.084,-0.687,rock
13.598086,-0.474,0.859,-0.191,2549.19,0.000,0.112,-0.448,0.245,-0.892,-0.380,-0.321,0.918,0.231,2454.08,-0.448,0.112,-0.448,-0.036,-0.841,-0.540,0.575,-0.530,-0.623,2516.83,0.448,1.231,-0.224,-0.656,0.446,0.609,-0.280,0.756,-0.591,2449.99,0.000,-0.448,0.000,-0.308,-0.111,0.945,0.896,-0.317,-0.310,9.894,6.611,0.153,-1.527,0.831,-0.361,-0.423,10.748,-4.534,-4.656,-0.840,rock
13.877479,-0.473,0.860,-0.192,2536.33,0.224,0.671,-0.671,0.223,-0.916,-0.333,-0.322,0.918,0.232,2444.90,0.112,0.448,-0.448,-0.019,-0.840,-0.543,0.574,-0.537,-0.618,2486.72,-0.112,0.336,-0.336,-0.636,0.445,0.630,-0.278,0.760,-0.588,2464.39,-0.895,-0.224,0.000,-0.318,-0.114,0.941,0.894,-0.325,-0.308,9.936,7.969,-0.809,-0.366,0.830,-0.367,-0.420,10.810,-3.221,-5.267,0.794,rock
13.877629,-0.472,0.859,-0.198,2561.66,-0.336,0.560,-1.343,0.233,-0.902,-0.364,-0.320,0.920,0.227,2460.98,-0.112,0.671,-1.343,-0.025,-0.826,-0.564,0.576,-0.534,-0.619,2514.79,0.671,0.336,0.783,-0.637,0.467,0.613,-0.283,0.758,-0.587,2483.95,-0.560,-0.448,0.000,-0.310,-0.109,0.945,0.895,-0.318,-0.312,9.946,9.603,-3.038,0.947,0.831,-0.361,-0.423,10.785,-1.603,-7.145,2.565,rock
13.877725,-0.474,0.858,-0.198,2552.22,-0.895,0.560,-1.790,0.218,-0.918,-0.331,-0.323,0.919,0.226,2465.12,0.112,1.231,-1.455,-0.019,-0.844,-0.536,0.578,-0.533,-0.618,2504.42,1.007,0.224,1.119,-0.644,0.473,0.601,-0.282,0.764,-0.580,2464.47,-0.560,-1.231,-0.336,-0.310,-0.113,0.944,0.895,-0.318,-0.312,9.922,10.824,-4.962,2.336,0.830,-0.362,-0.425,10.777,-0.244,-8.458,3.511,rock
13.877847,-0.473,0.859,-0.195,2537.40,-1.231,1.231,-2.462,0.225,-0.912,-0.343,-0.324,0.916,0.235,2460.55,0.112,2.014,-1.455,-0.036,-0.841,-0.540,0.578,-0.533,-0.618,2486.52,1.119,-0.112,0.000,-0.669,0.439,0.600,-0.286,0.761,-0.582,2458.64,-0.224,-0.224,-1.231,-0.308,-0.117,0.944,0.893,-0.316,-0.320,9.863,13.176,-8.107,4.336,0.828,-0.361,-0.430,10.657,1.954,-11.206,4.626,rock
13.877937,-0.473,0.859,-0.193,2514.40,-2.126,2.238,-3.245,0.256,-0.892,-0.374,-0.329,0.918,0.222,2424.12,-0.560,3.133,-2.238,-0.044,-0.841,-0.539,0.579,-0.530,-0.620,2464.54,2.126,-0.112,-0.224,-0.650,0.446,0.615,-0.277,0.767,-0.579,2469.33,-0.671,0.560,-1.567,-0.309,-0.113,0.944,0.895,-0.314,-0.316,9.851,12.504,-9.985,4.672,0.831,-0.357,-0.427,10.665,1.282,-13.008,4.656,rock
13.878022,-0.474,0.860,-0.188,2533.76,-3.469,1.343,-2.686,0.255,-0.905,-0.339,-0.321,0.916,0.240,2450.54,-0.671,2.238,-1.902,-0.016,-0.832,-0.555,0.577,-0.535,-0.617,2474.57,2.798,-1.902,0.448,-0.645,0.449,0.619,-0.280,0.753,-0.596,2448.38,0.783,1.231,-2.462,-0.307,-0.109,0.945,0.891,-0.318,-0.323,9.861,10.763,-8.656,3.313,0.824,-0.363,-0.436,10.723,-0.809,-10.443,3.344,rock
13.878108,-0.479,0.859,-0.181,2526.61,-2.574,0.560,-0.895,0.218,-0.917,-0.335,-0.322,0.915,0.245,2443.81,0.560,1.231,-0.560,-0.026,-0.846,-0.532,0.566,-0.552,-0.613,2507.09,0.895,-2.686,0.783,-0.642,0.461,0.612,-0.283,0.750,-0.598,2457.16,1.567,0.000,-1.679,-0.307,-0.108,0.945,0.890,-0.318,-0.328,9.841,8.290,-6.122,1.588,0.822,-0.365,-0.438,10.715,-3.374,-8.672,1.939,rock
13.878197,-0.479,0.860,-0.176,2545.95,-1.567,0.224,-0.224,0.243,-0.904,-0.353,-0.321,0.914,0.247,2454.25,0.671,0.560,-0.224,-0.030,-0.848,-0.529,0.565,-0.548,-0.616,2507.73,0.000,-2.686,-0.112,-0.646,0.445,0.620,-0.284,0.748,-0.600,2448.92,1.007,-0.560,-0.560,-0.304,-0.106,0.947,0.885,-0.324,-0.336,9.900,7.725,-4.733,1.740,0.820,-0.370,-0.438,10.735,-3.817,-7.664,2.061,rock
13.878287,-0.474,0.861,-0.184,2532.76,-0.560,-0.224,-0.112,0.255,-0.898,-0.358,-0.323,0.916,0.237,2438.99,0.895,0.224,-0.112,-0.037,-0.839,-0.543,0.573,-0.539,-0.617,2474.81,-1.790,-2.910,0.671,-0.644,0.445,0.622,-0.288,0.751,-0.594,2440.31,0.448,-0.448,-0.560,-0.307,-0.110,0.945,0.893,-0.322,-0.316,9.831,8.718,-3.695,2.244,0.825,-0.364,-0.431,10.687,-2.992,-6.489,2.046,rock
13.878369,-0.476,0.860,-0.185,2523.29,0.671,0.448,-0.336,0.242,-0.880,-0.410,-0.323,0.917,0.233,2436.64,2.350,0.895,-0.448,-0.009,-0.818,-0.575,0.572,-0.538,-0.620,2480.99,-2.686,-2.014,-1.902,-0.636,0.428,0.643,-0.292,0.753,-0.589,2444.66,-0.671,-0.560,0.112,-0.307,-0.113,0.945,0.891,-0.321,-0.322,9.846,7.878,-1.771,0.427,0.825,-0.365,-0.432,10.658,-3.710,-5.817,0.534,rock
13.878450,-0.475,0.859,-0.189,2526.02,1.119,1.119,-0.560,0.245,-0.888,-0.388,-0.323,0.918,0.229,2433.41,1.455,1.455,-0.336,-0.007,-0.826,-0.564,0.569,-0.535,-0.624,2493.43,-0.895,-0.560,-1.455,-0.646,0.445,0.620,-0.286,0.758,-0.586,2457.64,-1.119,0.000,0.000,-0.311,-0.118,0.943,0.890,-0.325,-0.320,9.883,6.962,-1.328,-0.992,0.823,-0.369,-0.433,10.711,-4.412,-6.183,-0.305,rock
13.878532,-0.476,0.859,-0.188,2538.03,-0.448,0.336,-0.224,0.221,-0.918,-0.329,-0.324,0.917,0.231,2458.22,0.112,0.895,0.224,-0.027,-0.836,-0.548,0.568,-0.542,-0.619,2496.83,0.000,-1.679,-0.560,-0.636,0.464,0.617,-0.286,0.756,-0.588,2462.92,-0.448,-0.112,-0.448,-0.308,-0.113,0.945,0.885,-0.329,-0.328,9.887,5.740,-0.901,-2.092,0.821,-0.371,-0.434,10.746,-5.649,-6.290,-1.115,rock
13.878613,-0.483,0.856,-0.183,2545.77,-0.448,0.000,0.560,0.225,-0.900,-0.374,-0.327,0.914,0.238,2465.85,0.000,-0.112,0.560,-0.019,-0.844,-0.536,0.568,-0.542,-0.619,2496.83,-0.112,-2.238,0.224,-0.631,0.462,0.624,-0.288,0.753,-0.592,2447.08,0.448,0.000,-0.671,-0.304,-0.109,0.946,0.885,-0.333,-0.325,9.878,5.664,0.366,-2.397,0.820,-0.376,-0.432,10.725,-5.634,-5.130,-1.725,rock
13.897982,-0.479,0.857,-0.188,2542.81,0.112,0.448,0.783,0.230,-0.909,-0.347,-0.324,0.916,0.235,2460.55,0.671,0.000,0.783,-0.024,-0.845,-0.534,0.574,-0.537,-0.618,2486.72,-0.783,-0.671,-0.783,-0.636,0.472,0.610,-0.283,0.755,-0.591,2452.05,-0.783,-0.224,-0.336,-0.310,-0.114,0.944,0.884,-0.331,-0.330,9.874,6.198,0.458,-2.061,0.820,-0.373,-0.434,10.730,-5.130,-4.885,-1.511,rock
13.921189,-0.476,0.859,-0.188,2538.03,0.336,0.448,0.224,0.235,-0.902,-0.362,-0.325,0.917,0.232,2449.05,0.895,0.448,0.336,-0.052,-0.841,-0.539,0.566,-0.537,-0.625,2503.88,-0.783,-0.671,-0.560,-0.646,0.453,0.614,-0.285,0.754,-0.591,2468.06,-1.007,-0.560,-0.560,-0.305,-0.114,0.945,0.886,-0.327,-0.328,9.900,5.420,0.290,-2.458,0.820,-0.371,-0.436,10.713,-5.863,-5.176,-1.710,rock
13.944607,-0.477,0.860,-0.184,2537.03,0.224,0.224,0.783,0.246,-0.911,-0.330,-0.324,0.916,0.239,2462.01,0.448,-0.112,0.895,-0.033,-0.861,-0.508,0.568,-0.538,-0.623,2497.64,-1.679,-1.231,-0.336,-0.664,0.469,0.583,-0.283,0.755,-0.591,2452.05,-0.224,-0.448,-0.560,-0.307,-0.114,0.945,0.887,-0.328,-0.326,9.877,4.489,0.733,-2.550,0.822,-0.370,-0.434,10.693,-6.733,-4.916,-1.832,rock
13.967363,-0.474,0.860,-0.188,2533.76,0.336,-0.336,1.455,0.219,-0.910,-0.351,-0.322,0.918,0.232,2444.90,0.671,-0.895,1.119,-0.038,-0.838,-0.545,0.568,-0.538,-0.623,2481.46,-1.567,-1.790,0.448,-0.613,0.458,0.644,-0.288,0.754,-0.590,2441.76,0.783,-0.671,-0.224,-0.305,-0.110,0.946,0.887,-0.328,-0.325,9.820,4.153,1.145,-2.733,0.822,-0.369,-0.433,10.669,-7.023,-4.534,-2.046,rock
13.990796,-0.472,0.862,-0.185,2519.41,-0.112,-0.895,1.567,0.222,-0.911,-0.346,-0.320,0.919,0.230,2431.11,0.112,-0.783,0.895,-0.037,-0.839,-0.543,0.569,-0.535,-0.625,2476.71,-1.007,-0.560,-0.224,-0.629,0.450,0.634,-0.292,0.750,-0.593,2443.21,0.224,-0.560,-0.112,-0.306,-0.114,0.945,0.889,-0.322,-0.327,9.837,3.496,1.634,-2.718,0.822,-0.367,-0.435,10.679,-7.588,-4.305,-2.275,rock
14.010939,-0.474,0.861,-0.184,2532.76,0.336,-0.783,1.231,0.252,-0.905,-0.342,-0.324,0.916,0.235,2460.55,0.671,-1.119,1.119,-0.043,-0.843,-0.537,0.561,-0.543,-0.624,2510.23,-0.895,-0.783,-0.224,-0.631,0.462,0.624,-0.279,0.754,-0.594,2455.16,-0.448,-0.448,0.112,-0.301,-0.112,0.947,0.889,-0.323,-0.324,9.850,2.214,2.611,-3.389,0.822,-0.368,-0.435,10.706,-8.916,-3.786,-2.977,rock
14.032683,-0.468,0.864,-0.185,2522.48,0.560,-1.455,2.574,0.227,-0.901,-0.371,-0.314,0.919,0.237,2441.80,0.783,-1.902,2.014,-0.048,-0.861,-0.506,0.567,-0.534,-0.627,2482.97,-2.238,-1.902,0.671,-0.638,0.454,0.622,-0.297,0.751,-0.590,2440.83,0.560,-1.119,0.112,-0.305,-0.113,0.946,0.887,-0.324,-0.328,9.829,2.336,2.840,-2.427,0.823,-0.367,-0.434,10.661,-8.641,-3.282,-2.351,rock
14.054709,-0.472,0.861,-0.189,2520.42,1.567,-1.567,1.790,0.223,-0.904,-0.365,-0.323,0.918,0.229,2433.41,1.679,-1.343,0.783,-0.046,-0.843,-0.536,0.566,-0.532,-0.630,2489.26,-2.574,-1.679,-0.560,-0.665,0.441,0.603,-0.292,0.753,-0.589,2444.66,0.448,-0.448,1.119,-0.306,-0.114,0.945,0.887,-0.335,-0.319,9.860,4.092,2.214,-1.130,0.822,-0.374,-0.429,10.701,-6.748,-3.130,-1.130,rock
14.078288,-0.477,0.857,-0.196,2533.96,1.567,-0.783,0.448,0.238,-0.878,-0.415,-0.325,0.918,0.227,2455.01,2.238,-0.224,-0.336,-0.034,-0.842,-0.538,0.570,-0.525,-0.632,2506.12,-3.245,-2.910,-2.126,-0.643,0.451,0.620,-0.286,0.756,-0.588,2462.92,-1.007,0.224,1.455,-0.312,-0.113,0.943,0.890,-0.326,-0.321,9.935,5.374,1.695,-1.130,0.823,-0.370,-0.431,10.767,-5.725,-3.389,-1.099,rock
14.099699,-0.476,0.858,-0.191,2540.60,1.567,-0.112,-0.224,0.247,-0.893,-0.376,-0.327,0.918,0.226,2467.12,1.790,0.448,-0.448,-0.019,-0.844,-0.536,0.568,-0.534,-0.626,2515.81,-2.238,-0.783,-1.790,-0.618,0.438,0.653,-0.280,0.759,-0.588,2480.65,-1.231,-0.224,0.671,-0.303,-0.112,0.947,0.889,-0.324,-0.322,9.935,4.397,1.756,-2.458,0.824,-0.366,-0.432,10.769,-6.809,-3.863,-2.000,rock
14.122012,-0.474,0.859,-0.191,2549.19,0.448,-0.448,1.119,0.233,-0.916,-0.326,-0.320,0.920,0.227,2460.98,1.007,-0.560,0.671,-0.020,-0.859,-0.512,0.567,-0.534,-0.627,2482.97,-1.343,-1.119,-0.112,-0.621,0.462,0.633,-0.282,0.759,-0.587,2467.95,-0.671,-0.560,-0.224,-0.308,-0.111,0.945,0.888,-0.327,-0.322,9.926,4.137,1.618,-2.412,0.825,-0.366,-0.430,10.747,-6.840,-4.015,-1.786,rock
14.142352,-0.474,0.859,-0.194,2550.25,0.560,-0.560,0.783,0.253,-0.890,-0.380,-0.325,0.919,0.223,2452.76,0.224,-0.783,0.336,-0.011,-0.849,-0.529,0.576,-0.523,-0.628,2477.37,-1.007,-0.671,0.112,-0.650,0.451,0.612,-0.293,0.758,-0.583,2470.26,0.224,-0.336,0.112,-0.308,-0.108,0.945,0.891,-0.324,-0.318,9.913,5.298,0.962,-2.382,0.826,-0.365,-0.429,10.739,-5.756,-4.382,-1.756,rock
14.164562,-0.471,0.860,-0.195,2546.00,0.000,0.336,-0.224,0.238,-0.911,-0.337,-0.324,0.920,0.223,2462.87,-0.671,0.336,-0.112,-0.030,-0.848,-0.529,0.571,-0.530,-0.627,2499.43,0.224,0.336,-0.671,-0.661,0.426,0.618,-0.286,0.756,-0.588,2462.92,-0.224,0.000,-0.336,-0.302,-0.110,0.947,0.890,-0.323,-0.323,9.907,5.191,0.916,-3.389,0.826,-0.364,-0.430,10.703,-6.000,-4.901,-2.534,rock
14.187082,-0.470,0.861,-0.192,2530.75,-0.448,0.336,0.783,0.233,-0.920,-0.316,-0.323,0.919,0.226,2465.12,-0.224,0.112,1.119,-0.055,-0.825,-0.563,0.563,-0.530,-0.634,2500.63,-0.336,-1.679,0.000,-0.653,0.416,0.633,-0.288,0.753,-0.592,2447.08,-0.336,-0.224,-1.231,-0.308,-0.109,0.945,0.889,-0.323,-0.325,9.826,5.038,0.977,-3.160,0.824,-0.364,-0.434,10.685,-6.168,-4.824,-2.366,rock
14.209074,-0.472,0.862,-0.185,2519.41,-0.336,0.560,1.119,0.207,-0.912,-0.353,-0.315,0.919,0.238,2431.69,0.112,0.112,1.231,-0.026,-0.841,-0.540,0.561,-0.539,-0.629,2477.05,-0.895,-1.007,-0.224,-0.605,0.450,0.657,-0.288,0.753,-0.592,2447.08,-0.336,0.000,-0.895,-0.306,-0.113,0.945,0.890,-0.323,-0.323,9.846,4.977,0.931,-2.260,0.824,-0.365,-0.433,10.671,-6.061,-4.382,-1.496,rock
14.230858,-0.470,0.862,-0.189,2529.90,0.224,-0.224,-0.112,0.210,-0.923,-0.321,-0.313,0.921,0.232,2448.66,-0.224,0.000,0.112,-0.042,-0.860,-0.509,0.565,-0.531,-0.632,2495.56,-0.448,-0.112,-0.336,-0.618,0.438,0.653,-0.290,0.754,-0.589,2458.25,0.000,0.000,0.112,-0.309,-0.117,0.944,0.891,-0.321,-0.321,9.923,5.069,0.580,-1.649,0.826,-0.363,-0.432,10.757,-5.939,-4.565,-1.038,rock
14.252586,-0.470,0.862,-0.190,2552.68,0.000,0.112,0.224,0.219,-0.921,-0.323,-0.323,0.917,0.234,2468.80,-0.224,0.224,0.336,-0.010,-0.839,-0.544,0.565,-0.535,-0.628,2510.15,0.000,-0.560,-0.224,-0.649,0.447,0.615,-0.285,0.754,-0.591,2468.06,-0.336,-0.112,0.000,-0.305,-0.110,0.946,0.890,-0.320,-0.326,9.915,4.626,0.550,-1.878,0.825,-0.364,-0.433,10.737,-6.443,-4.763,-1.221,rock
14.273127,-0.473,0.860,-0.192,2536.33,-0.448,-0.336,0.895,0.224,-0.911,-0.346,-0.321,0.918,0.231,2454.08,-0.560,-0.448,1.007,-0.040,-0.851,-0.524,0.566,-0.532,-0.630,2489.26,0.000,-1.007,0.671,-0.652,0.449,0.611,-0.291,0.755,-0.587,2452.96,0.224,-0.336,-0.224,-0.303,-0.110,0.947,0.891,-0.320,-0.321,9.876,4.931,0.366,-2.137,0.825,-0.361,-0.435,10.742,-6.183,-4.855,-1.344,rock
14.294686,-0.470,0.862,-0.189,2529.90,0.112,-0.224,0.448,0.248,-0.890,-0.384,-0.319,0.920,0.229,2439.39,-1.119,0.000,0.783,-0.029,-0.842,-0.539,0.567,-0.530,-0.631,2483.32,0.448,-0.336,0.336,-0.667,0.426,0.611,-0.292,0.753,-0.589,2444.66,0.783,-0.448,-0.560,-0.306,-0.112,0.945,0.890,-0.323,-0.322,9.841,5.603,0.458,-1.908,0.824,-0.366,-0.433,10.652,-5.496,-4.733,-1.298,rock
14.316075,-0.472,0.861,-0.189,2520.42,-0.112,0.448,0.336,0.243,-0.900,-0.363,-0.319,0.920,0.229,2439.39,-0.671,0.560,0.448,-0.040,-0.824,-0.565,0.563,-0.533,-0.631,2466.33,0.560,-0.224,0.000,-0.627,0.455,0.632,-0.293,0.752,-0.591,2437.89,0.000,0.000,-0.336,-0.306,-0.111,0.946,0.889,-0.324,-0.323,9.816,6.382,0.046,-1.664,0.824,-0.367,-0.432,10.654,-4.687,-4.931,-0.992,rock
14.339332,-0.474,0.860,-0.188,2533.76,-0.448,0.783,-0.560,0.233,-0.898,-0.374,-0.321,0.918,0.231,2454.08,-0.560,0.783,-0.224,-0.037,-0.844,-0.535,0.566,-0.532,-0.630,2489.26,1.455,0.783,-0.560,-0.608,0.439,0.661,-0.287,0.755,-0.590,2455.37,-0.895,0.783,-0.112,-0.309,-0.114,0.944,0.888,-0.324,-0.326,9.868,6.550,-0.183,-1.863,0.824,-0.366,-0.433,10.709,-4.519,-5.115,-1.115,rock
14.361677,-0.476,0.859,-0.188,2538.03,-0.448,0.783,-1.119,0.216,-0.910,-0.354,-0.324,0.917,0.231,2458.22,-1.231,0.895,-0.560,-0.038,-0.838,-0.544,0.565,-0.535,-0.628,2510.15,2.014,1.567,-0.671,-0.637,0.459,0.619,-0.283,0.755,-0.591,2452.05,-0.336,0.671,-0.112,-0.314,-0.118,0.942,0.890,-0.323,-0.322,9.920,6.702,0.305,-2.015,0.824,-0.366,-0.433,10.747,-4.397,-4.687,-1.466,rock
14.382302,-0.472,0.861,-0.188,2542.37,-0.224,0.895,-0.560,0.238,-0.907,-0.346,-0.319,0.919,0.231,2464.19,-0.671,0.783,-0.112,-0.017,-0.836,-0.548,0.565,-0.532,-0.631,2511.01,1.007,1.007,-0.671,-0.653,0.453,0.607,-0.286,0.756,-0.588,2462.92,-0.448,0.000,-0.224,-0.302,-0.111,0.947,0.891,-0.319,-0.323,9.913,6.137,0.153,-2.168,0.825,-0.363,-0.434,10.752,-4.962,-5.084,-1.466,rock
14.405410,-0.472,0.861,-0.188,2542.37,-0.224,0.671,-0.112,0.209,-0.897,-0.390,-0.320,0.918,0.235,2456.41,-0.336,0.560,0.224,-0.045,-0.849,-0.526,0.564,-0.538,-0.627,2482.05,0.112,0.000,0.112,-0.629,0.436,0.644,-0.291,0.755,-0.587,2452.96,-0.112,0.112,-0.671,-0.303,-0.111,0.946,0.892,-0.321,-0.320,9.882,6.382,0.046,-1.939,0.825,-0.365,-0.431,10.688,-4.718,-4.916,-1.344,rock
14.428882,-0.467,0.863,-0.192,2526.06,-0.783,0.560,-0.560,0.243,-0.900,-0.360,-0.317,0.920,0.232,2451.81,-1.119,0.671,-0.224,-0.022,-0.840,-0.542,0.564,-0.534,-0.630,2500.26,1.567,1.231,-0.336,-0.631,0.444,0.636,-0.283,0.757,-0.589,2459.61,-0.336,0.224,-0.224,-0.309,-0.115,0.944,0.891,-0.320,-0.321,9.861,5.786,0.061,-1.908,0.825,-0.364,-0.433,10.716,-5.267,-4.977,-1.176,rock
14.449201,-0.469,0.862,-0.191,2539.37,-0.448,0.336,-0.336,0.261,-0.880,-0.397,-0.319,0.918,0.234,2466.51,-0.448,0.224,-0.112,-0.013,-0.819,-0.574,0.565,-0.535,-0.628,2510.15,0.000,0.560,-0.112,-0.671,0.419,0.612,-0.287,0.755,-0.590,2455.37,0.000,0.112,0.000,-0.307,-0.116,0.945,0.892,-0.322,-0.318,9.866,5.954,0.427,-1.649,0.826,-0.363,-0.430,10.723,-5.084,-4.550,-1.084,rock
14.470500,-0.469,0.862,-0.191,2539.37,0.448,0.336,-0.448,0.254,-0.906,-0.338,-0.317,0.920,0.232,2451.81,0.112,0.448,0.000,-0.047,-0.859,-0.510,0.567,-0.526,-0.634,2500.43,-0.671,0.336,-0.671,-0.636,0.451,0.626,-0.291,0.755,-0.587,2452.96,-0.224,0.224,0.224,-0.312,-0.114,0.943,0.892,-0.317,-0.322,9.869,5.802,0.489,-1.740,0.825,-0.361,-0.434,10.720,-5.359,-4.672,-1.237,rock
14.491281,-0.470,0.862,-0.189,2529.90,0.224,0.000,0.224,0.223,-0.918,-0.327,-0.321,0.918,0.231,2454.08,0.112,0.000,0.448,-0.038,-0.848,-0.529,0.566,-0.533,-0.629,2505.97,-0.671,-1.007,-0.224,-0.646,0.431,0.630,-0.286,0.756,-0.588,2462.92,-0.336,-0.224,-0.112,-0.302,-0.113,0.947,0.891,-0.319,-0.323,9.881,5.160,0.351,-2.061,0.825,-0.363,-0.434,10.720,-6.000,-4.901,-1.389,rock
14.512473,-0.470,0.862,-0.189,2529.90,-0.224,0.000,0.560,0.243,-0.904,-0.353,-0.318,0.919,0.233,2442.62,-0.224,0.000,0.671,-0.047,-0.854,-0.518,0.562,-0.532,-0.633,2489.93,-0.336,-1.007,0.560,-0.654,0.448,0.610,-0.292,0.753,-0.589,2444.66,0.000,-0.112,-0.112,-0.305,-0.116,0.945,0.890,-0.321,-0.323,9.860,5.374,0.427,-1.832,0.824,-0.362,-0.436,10.716,-5.710,-4.656,-1.282,rock
14.536151,-0.474,0.860,-0.188,2533.76,-0.112,-0.224,-0.112,0.224,-0.911,-0.346,-0.320,0.918,0.235,2456.41,-0.112,0.224,0.112,-0.023,-0.829,-0.559,0.565,-0.531,-0.632,2495.56,0.000,0.112,-0.224,-0.646,0.430,0.630,-0.287,0.755,-0.590,2455.37,0.000,-0.224,0.000,-0.300,-0.110,0.947,0.892,-0.318,-0.322,9.856,5.588,0.656,-1.817,0.824,-0.362,-0.435,10.702,-5.542,-4.443,-1.176,rock
14.559913,-0.470,0.862,-0.189,2529.90,0.448,0.000,0.224,0.196,-0.916,-0.350,-0.318,0.919,0.233,2442.62,0.224,0.000,0.112,-0.050,-0.826,-0.561,0.565,-0.531,-0.632,2495.56,-0.895,-0.336,-0.560,-0.637,0.453,0.624,-0.293,0.755,-0.586,2438.78,-0.336,-0.112,0.112,-0.304,-0.112,0.946,0.894,-0.316,-0.319,9.866,5.206,0.885,-2.427,0.825,-0.361,-0.434,10.717,-5.817,-4.641,-1.588,rock
14.580805,-0.466,0.865,-0.188,2533.85,0.560,0.560,0.000,0.233,-0.898,-0.374,-0.318,0.919,0.233,2442.62,0.336,0.224,0.000,-0.014,-0.846,-0.533,0.562,-0.532,-0.633,2489.93,-0.448,-0.112,-0.560,-0.644,0.445,0.622,-0.283,0.755,-0.591,2452.05,-0.112,0.224,0.112,-0.302,-0.112,0.947,0.891,-0.321,-0.320,9.886,4.733,1.695,-2.412,0.823,-0.365,-0.435,10.759,-6.351,-4.061,-1.710,rock
14.602133,-0.471,0.863,-0.183,2549.14,0.560,-0.671,0.783,0.218,-0.917,-0.334,-0.319,0.918,0.234,2466.51,0.671,-0.560,0.448,-0.040,-0.830,-0.556,0.571,-0.534,-0.623,2499.13,-1.455,-0.112,0.112,-0.648,0.424,0.633,-0.287,0.755,-0.590,2455.37,0.336,-0.671,0.336,-0.302,-0.113,0.946,0.890,-0.321,-0.323,9.873,4.794,1.863,-2.107,0.824,-0.365,-0.433,10.724,-6.351,-3.863,-1.435,rock
14.627227,-0.470,0.861,-0.192,2530.75,0.783,-0.336,0.560,0.219,-0.910,-0.351,-0.321,0.920,0.224,2450.45,0.671,-0.671,0.224,-0.041,-0.861,-0.507,0.568,-0.527,-0.632,2495.37,-1.455,-0.448,0.224,-0.656,0.425,0.624,-0.294,0.756,-0.585,2463.44,0.000,-0.224,0.448,-0.306,-0.114,0.945,0.893,-0.323,-0.313,9.885,5.435,1.008,-1.695,0.827,-0.363,-0.428,10.743,-5.588,-4.229,-1.023,rock
14.648904,-0.471,0.860,-0.195,2546.00,0.112,0.000,-0.112,0.231,-0.905,-0.357,-0.316,0.921,0.227,2458.72,0.448,0.112,-0.112,-0.031,-0.851,-0.524,0.565,-0.532,-0.631,2511.01,-0.671,-0.112,-0.671,-0.618,0.451,0.644,-0.286,0.758,-0.586,2457.64,-0.560,0.224,0.448,-0.308,-0.114,0.944,0.894,-0.318,-0.315,9.894,5.725,0.824,-2.260,0.826,-0.362,-0.432,10.742,-5.389,-4.550,-1.649,rock
14.670673,-0.468,0.861,-0.199,2544.13,0.112,0.560,0.560,0.252,-0.893,-0.372,-0.321,0.920,0.224,2450.45,-0.224,0.560,0.560,-0.043,-0.862,-0.504,0.569,-0.524,-0.633,2490.12,-0.895,-0.783,-0.224,-0.643,0.451,0.620,-0.294,0.756,-0.585,2463.44,-0.560,-0.336,-0.448,-0.300,-0.108,0.948,0.893,-0.319,-0.318,9.854,5.985,-0.092,-2.336,0.824,-0.363,-0.434,10.695,-5.069,-5.450,-1.542,rock
14.692019,-0.474,0.860,-0.188,2533.76,-1.119,0.448,-0.112,0.210,-0.922,-0.325,-0.322,0.917,0.236,2447.24,-0.448,0.783,0.560,-0.025,-0.839,-0.544,0.562,-0.537,-0.629,2488.33,0.000,-1.007,-0.671,-0.673,0.431,0.601,-0.283,0.755,-0.591,2452.05,0.112,0.671,-0.895,-0.307,-0.111,0.945,0.891,-0.320,-0.322,9.860,5.649,0.107,-1.832,0.824,-0.363,-0.436,10.712,-5.344,-4.840,-1.023,rock
14.712884,-0.469,0.863,-0.188,2538.53,0.112,0.448,-0.224,0.230,-0.923,-0.309,-0.315,0.919,0.238,2465.70,0.112,0.224,-0.224,-0.038,-0.853,-0.520,0.557,-0.539,-0.631,2510.53,-0.336,-0.336,-0.560,-0.655,0.420,0.628,-0.284,0.757,-0.589,2446.74,-0.112,0.000,0.448,-0.305,-0.112,0.946,0.892,-0.320,-0.319,9.874,5.282,0.382,-1.603,0.826,-0.364,-0.430,10.725,-5.756,-4.687,-1.023,rock
14.735972,-0.468,0.862,-0.195,2542.16,0.224,-0.336,0.448,0.238,-0.907,-0.347,-0.321,0.920,0.224,2450.45,-0.112,0.112,0.560,-0.061,-0.849,-0.525,0.566,-0.528,-0.633,2489.64,-0.671,-0.783,0.112,-0.615,0.457,0.642,-0.290,0.757,-0.585,2460.52,-0.336,0.224,-0.112,-0.305,-0.113,0.946,0.892,-0.319,-0.319,9.875,5.573,-0.260,-1.145,0.827,-0.361,-0.432,10.744,-5.359,-5.084,-0.443,rock
14.757729,-0.472,0.861,-0.188,2542.37,-0.448,-0.112,-0.336,0.217,-0.902,-0.373,-0.317,0.920,0.232,2451.81,-0.448,0.783,-0.224,-0.025,-0.826,-0.564,0.562,-0.533,-0.632,2505.31,-0.112,-1.007,-0.448,-0.620,0.459,0.636,-0.286,0.756,-0.588,2462.92,-0.336,0.448,0.112,-0.308,-0.114,0.944,0.894,-0.316,-0.319,9.883,4.763,0.183,-1.786,0.826,-0.361,-0.433,10.736,-6.351,-4.962,-1.130,rock
14.781619,-0.469,0.863,-0.188,2538.53,-0.224,-0.224,0.560,0.234,-0.906,-0.351,-0.313,0.921,0.232,2448.66,-0.224,-0.671,0.895,-0.047,-0.837,-0.545,0.565,-0.531,-0.632,2495.56,-0.336,-1.902,0.560,-0.626,0.433,0.649,-0.291,0.755,-0.587,2452.96,0.560,-0.224,-0.224,-0.305,-0.110,0.946,0.892,-0.321,-0.319,9.833,5.053,0.458,-1.771,0.825,-0.365,-0.431,10.673,-6.031,-4.718,-1.084,rock
14.801119,-0.469,0.862,-0.193,2518.30,0.112,-0.112,0.112,0.226,-0.915,-0.334,-0.321,0.919,0.228,2452.70,-0.112,0.000,0.112,-0.032,-0.835,-0.549,0.569,-0.524,-0.633,2490.12,-0.448,-1.007,-0.224,-0.651,0.436,0.621,-0.292,0.753,-0.589,2444.66,0.783,0.000,-0.112,-0.304,-0.116,0.946,0.892,-0.320,-0.320,9.861,5.344,0.489,-1.908,0.826,-0.362,-0.432,10.729,-5.710,-4.840,-1.267,rock
14.824622,-0.472,0.861,-0.191,2544.93,0.000,0.224,0.112,0.220,-0.906,-0.360,-0.322,0.918,0.232,2444.90,0.336,0.224,0.448,-0.033,-0.832,-0.553,0.570,-0.528,-0.630,2489.06,-1.007,-1.790,-0.336,-0.642,0.447,0.623,-0.287,0.755,-0.590,2455.37,-0.224,0.224,-0.336,-0.309,-0.116,0.944,0.889,-0.323,-0.324,9.892,5.267,0.443,-2.076,0.825,-0.365,-0.431,10.737,-5.802,-4.870,-1.405,rock
14.845381,-0.474,0.860,-0.188,2533.76,-0.336,-0.112,0.336,0.210,-0.923,-0.324,-0.320,0.918,0.235,2456.41,0.000,0.112,0.448,-0.027,-0.841,-0.541,0.563,-0.533,-0.631,2483.61,-0.671,-1.231,-0.224,-0.639,0.434,0.635,-0.283,0.755,-0.591,2452.05,0.224,0.224,-0.112,-0.302,-0.111,0.947,0.892,-0.319,-0.319,9.875,4.977,0.763,-2.229,0.825,-0.363,-0.433,10.753,-6.122,-4.641,-1.420,rock
14.867577,-0.470,0.861,-0.192,2530.75,-0.224,-0.448,0.112,0.232,-0.902,-0.365,-0.317,0.920,0.232,2451.81,0.112,-0.448,0.112,-0.041,-0.828,-0.559,0.567,-0.530,-0.631,2483.32,-0.448,-0.560,0.671,-0.645,0.431,0.631,-0.287,0.755,-0.590,2455.37,0.671,-0.336,0.000,-0.305,-0.111,0.946,0.895,-0.318,-0.314,9.903,5.344,0.595,-2.183,0.827,-0.364,-0.428,10.723,-5.786,-4.687,-1.344,rock
14.890704,-0.465,0.863,-0.195,2537.50,0.000,-0.112,0.224,0.216,-0.906,-0.365,-0.321,0.920,0.224,2450.45,-0.224,-0.112,0.112,-0.049,-0.860,-0.508,0.568,-0.523,-0.635,2495.19,-0.560,-0.560,0.448,-0.644,0.419,0.641,-0.291,0.759,-0.583,2454.68,0.671,-0.448,-0.112,-0.305,-0.111,0.946,0.893,-0.319,-0.316,9.848,5.588,-0.015,-2.198,0.827,-0.361,-0.431,10.692,-5.450,-5.160,-1.298,rock
14.912145,-0.467,0.863,-0.192,2526.06,-0.448,0.224,-0.112,0.215,-0.914,-0.345,-0.313,0.921,0.232,2448.66,-0.112,0.112,0.112,-0.052,-0.840,-0.540,0.562,-0.532,-0.634,2472.66,-0.560,-1.007,0.000,-0.641,0.424,0.640,-0.291,0.755,-0.587,2452.96,0.336,0.224,-0.560,-0.306,-0.115,0.945,0.893,-0.320,-0.316,9.843,5.649,-0.046,-1.695,0.826,-0.361,-0.433,10.696,-5.282,-5.038,-0.916,rock
14.931618,-0.467,0.864,-0.189,2525.21,-0.336,-0.112,-0.336,0.211,-0.920,-0.331,-0.317,0.919,0.236,2454.15,-0.224,0.448,-0.224,-0.047,-0.841,-0.538,0.564,-0.526,-0.636,2478.71,0.000,-0.336,-0.336,-0.658,0.428,0.620,-0.288,0.754,-0.590,2441.76,0.336,0.336,0.336,-0.307,-0.118,0.944,0.893,-0.317,-0.318,9.875,5.328,0.275,-1.496,0.825,-0.362,-0.434,10.716,-5.710,-4.718,-0.794,rock
14.952513,-0.469,0.862,-0.191,2539.37,0.336,-0.560,-0.336,0.213,-0.928,-0.307,-0.317,0.920,0.232,2451.81,0.224,-0.112,-0.448,-0.017,-0.841,-0.541,0.562,-0.529,-0.636,2506.98,-0.224,0.112,0.112,-0.650,0.462,0.604,-0.287,0.756,-0.588,2450.07,0.448,0.112,0.336,-0.302,-0.107,0.947,0.895,-0.314,-0.318,9.863,4.855,0.214,-1.863,0.824,-0.360,-0.437,10.720,-6.214,-4.901,-1.130,rock
14.976220,-0.466,0.865,-0.188,2533.85,-0.224,-0.448,0.336,0.224,-0.911,-0.346,-0.317,0.920,0.232,2451.81,-0.224,-0.224,0.336,-0.036,-0.851,-0.525,0.558,-0.532,-0.636,2488.78,-0.783,-1.007,0.448,-0.633,0.438,0.639,-0.292,0.753,-0.589,2444.66,0.448,-0.224,0.000,-0.309,-0.115,0.944,0.893,-0.316,-0.320,9.869,5.053,0.260,-1.420,0.825,-0.361,-0.435,10.725,-5.878,-4.672,-0.748,rock
14.997720,-0.466,0.865,-0.188,2533.85,0.000,-0.336,0.112,0.248,-0.881,-0.402,-0.313,0.920,0.236,2451.00,0.336,-0.336,0.000,-0.025,-0.826,-0.564,0.560,-0.530,-0.636,2479.01,-0.560,-0.448,-0.560,-0.620,0.441,0.649,-0.290,0.752,-0.592,2463.41,0.112,-0.112,0.336,-0.307,-0.112,0.945,0.895,-0.313,-0.317,9.896,5.099,0.687,-1.618,0.826,-0.360,-0.433,10.739,-6.031,-4.336,-1.145,rock
15.019824,-0.469,0.862,-0.191,2539.37,0.336,-0.336,-0.224,0.244,-0.904,-0.352,-0.314,0.922,0.228,2445.44,0.112,-0.448,0.336,-0.030,-0.853,-0.521,0.565,-0.523,-0.637,2474.10,-0.671,-0.560,0.448,-0.648,0.424,0.633,-0.291,0.755,-0.587,2452.96,0.336,-0.448,0.112,-0.309,-0.117,0.944,0.893,-0.318,-0.318,9.869,5.282,0.519,-1.618,0.827,-0.362,-0.431,10.733,-5.756,-4.550,-1.023,rock
15.043270,-0.473,0.860,-0.192,2536.33,0.000,-0.112,0.112,0.235,-0.907,-0.350,-0.321,0.919,0.228,2452.70,0.224,0.224,0.112,-0.041,-0.833,-0.552,0.565,-0.528,-0.635,2511.41,-0.783,-1.007,-0.671,-0.633,0.420,0.650,-0.288,0.754,-0.590,2441.76,-0.112,-0.112,-0.112,-0.304,-0.115,0.946,0.894,-0.312,-0.322,9.867,5.176,0.672,-1.969,0.825,-0.360,-0.436,10.700,-5.908,-4.641,-1.405,rock
15.061915,-0.470,0.862,-0.189,2529.90,0.336,-0.112,0.448,0.196,-0.906,-0.375,-0.318,0.919,0.233,2442.62,0.560,-0.112,0.224,-0.034,-0.836,-0.548,0.563,-0.529,-0.635,2467.35,-1.567,-1.343,-0.671,-0.640,0.448,0.625,-0.291,0.755,-0.587,2452.96,0.112,0.448,0.336,-0.305,-0.111,0.946,0.893,-0.319,-0.317,9.856,4.962,0.458,-1.435,0.825,-0.363,-0.433,10.711,-5.832,-4.504,-0.855,rock
15.083080,-0.474,0.860,-0.188,2533.76,0.336,-0.224,-0.336,0.243,-0.908,-0.342,-0.321,0.918,0.231,2454.08,0.448,0.000,-0.671,-0.029,-0.850,-0.526,0.563,-0.530,-0.634,2500.63,-0.560,-0.671,-1.007,-0.622,0.431,0.654,-0.283,0.757,-0.589,2459.61,0.112,0.448,0.560,-0.300,-0.107,0.948,0.892,-0.319,-0.321,9.875,5.069,0.702,-1.664,0.825,-0.363,-0.433,10.721,-5.893,-4.336,-1.160,rock
15.107874,-0.470,0.861,-0.192,2530.75,0.560,-0.112,0.112,0.233,-0.926,-0.296,-0.317,0.921,0.228,2448.59,0.783,-0.112,-0.224,-0.052,-0.845,-0.532,0.566,-0.524,-0.636,2489.45,-1.119,-0.448,-0.671,-0.611,0.437,0.660,-0.290,0.754,-0.589,2458.25,0.112,0.000,0.448,-0.307,-0.115,0.945,0.894,-0.318,-0.316,9.870,5.435,0.733,-1.603,0.826,-0.362,-0.433,10.738,-5.511,-4.321,-1.084,rock
15.128257,-0.469,0.863,-0.188,2538.53,0.783,0.560,-0.336,0.236,-0.903,-0.360,-0.317,0.920,0.232,2451.81,0.560,0.112,-0.336,-0.032,-0.850,-0.525,0.562,-0.529,-0.636,2506.98,-0.560,-0.448,-0.448,-0.601,0.460,0.653,-0.290,0.754,-0.589,2458.25,-0.671,0.448,0.448,-0.308,-0.113,0.945,0.894,-0.316,-0.316,9.910,5.435,0.947,-1.954,0.827,-0.361,-0.431,10.752,-5.649,-4.244,-1.374,rock
15.409452,-0.468,0.862,-0.195,2542.16,0.224,-0.112,0.000,0.229,-0.885,-0.405,-0.320,0.920,0.227,2460.98,0.448,0.224,0.112,-0.011,-0.842,-0.539,0.565,-0.523,-0.639,2495.82,-0.895,-0.895,-0.783,-0.618,0.438,0.653,-0.291,0.755,-0.587,2452.96,-0.448,0.112,0.000,-0.308,-0.116,0.944,0.892,-0.319,-0.322,9.884,5.664,0.718,-2.137,0.825,-0.365,-0.431,10.721,-5.420,-4.641,-1.588,rock
15.409610,-0.472,0.861,-0.189,2520.42,0.112,0.336,0.224,0.207,-0.919,-0.335,-0.322,0.918,0.232,2444.90,0.560,0.448,0.112,-0.052,-0.871,-0.488,0.562,-0.532,-0.633,2489.93,-0.448,-1.231,-0.671,-0.658,0.432,0.616,-0.283,0.755,-0.591,2452.05,-0.224,0.560,-0.112,-0.307,-0.111,0.945,0.891,-0.323,-0.319,9.856,5.374,0.473,-2.092,0.825,-0.364,-0.432,10.731,-5.649,-4.672,-1.389,rock
15.409712,-0.471,0.863,-0.185,2527.17,0.000,-0.112,-0.224,0.220,-0.914,-0.341,-0.317,0.920,0.232,2451.81,0.000,0.224,-0.112,-0.033,-0.838,-0.545,0.565,-0.527,-0.635,2494.71,-0.671,-0.560,-0.448,-0.621,0.436,0.651,-0.288,0.753,-0.592,2447.08,0.112,0.336,0.336,-0.307,-0.117,0.944,0.892,-0.319,-0.320,9.884,5.435,0.763,-1.359,0.824,-0.365,-0.432,10.712,-5.603,-4.015,-0.855,rock
15.409818,-0.472,0.861,-0.191,2544.93,0.895,0.112,-0.112,0.225,-0.928,-0.298,-0.317,0.921,0.228,2448.59,0.671,0.224,-0.224,-0.024,-0.821,-0.571,0.559,-0.530,-0.638,2501.37,-0.783,-0.671,-1.007,-0.636,0.436,0.636,-0.290,0.756,-0.588,2465.80,-0.671,0.112,0.783,-0.307,-0.117,0.945,0.894,-0.314,-0.319,9.922,5.023,0.580,-1.221,0.826,-0.359,-0.434,10.740,-6.000,-4.137,-0.702,rock
15.409926,-0.469,0.862,-0.191,2539.37,0.560,-0.448,-0.112,0.236,-0.899,-0.369,-0.316,0.920,0.231,2460.09,0.448,0.112,0.112,-0.029,-0.842,-0.539,0.558,-0.524,-0.644,2508.91,-0.783,-0.671,-0.895,-0.616,0.434,0.657,-0.285,0.758,-0.587,2469.74,-0.448,0.112,0.448,-0.304,-0.111,0.946,0.895,-0.314,-0.318,9.903,4.336,0.779,-1.924,0.827,-0.359,-0.434,10.740,-6.733,-4.443,-1.160,rock
15.410013,-0.467,0.863,-0.192,2526.06,0.112,-0.671,0.895,0.233,-0.898,-0.374,-0.317,0.921,0.228,2448.59,0.112,-0.448,0.560,-0.050,-0.836,-0.547,0.559,-0.525,-0.642,2485.23,-1.231,-2.126,-0.112,-0.633,0.420,0.650,-0.296,0.756,-0.584,2450.04,0.336,-0.224,-0.112,-0.309,-0.117,0.944,0.895,-0.317,-0.313,9.828,5.344,0.702,-1.725,0.828,-0.359,-0.431,10.695,-5.588,-4.412,-1.008,rock
15.410094,-0.467,0.862,-0.196,2528.87,0.112,-0.224,-0.112,0.231,-0.902,-0.365,-0.314,0.923,0.224,2443.18,0.224,0.560,0.224,-0.017,-0.830,-0.558,0.565,-0.520,-0.641,2474.51,-0.112,-1.231,-1.455,-0.605,0.431,0.669,-0.287,0.756,-0.588,2450.07,0.000,0.560,0.112,-0.308,-0.115,0.944,0.894,-0.317,-0.316,9.855,6.214,0.290,-1.359,0.827,-0.362,-0.430,10.703,-4.748,-4.656,-0.748,rock
15.410175,-0.467,0.863,-0.192,2526.06,0.112,0.560,-0.895,0.251,-0.895,-0.370,-0.318,0.921,0.224,2446.33,0.224,1.119,-0.560,-0.049,-0.851,-0.523,0.563,-0.525,-0.639,2467.82,0.112,-0.560,-1.455,-0.628,0.414,0.659,-0.283,0.755,-0.591,2452.05,-0.224,1.119,0.224,-0.305,-0.114,0.945,0.893,-0.315,-0.322,9.898,5.878,0.275,-2.092,0.824,-0.363,-0.434,10.751,-5.237,-4.901,-1.237,rock
15.410255,-0.472,0.862,-0.184,2541.37,-0.336,0.671,-0.560,0.225,-0.912,-0.343,-0.320,0.918,0.235,2456.41,-0.560,0.895,-0.224,-0.056,-0.860,-0.506,0.561,-0.531,-0.635,2495.01,0.224,-0.560,-0.224,-0.649,0.409,0.641,-0.283,0.754,-0.593,2458.72,-0.560,0.448,-0.336,-0.303,-0.113,0.946,0.892,-0.318,-0.321,9.889,5.450,0.550,-1.985,0.824,-0.363,-0.434,10.740,-5.618,-4.427,-1.191,rock
15.410335,-0.472,0.861,-0.188,2542.37,0.112,0.000,-0.112,0.206,-0.926,-0.318,-0.320,0.918,0.235,2456.41,0.224,-0.112,-0.112,-0.024,-0.860,-0.510,0.561,-0.531,-0.635,2495.01,-0.448,-0.336,0.000,-0.605,0.440,0.663,-0.283,0.754,-0.593,2458.72,-0.336,0.112,0.448,-0.314,-0.121,0.942,0.894,-0.317,-0.316,9.904,5.435,0.763,-1.847,0.827,-0.360,-0.432,10.736,-5.634,-4.061,-1.191,rock
15.410416,-0.469,0.862,-0.191,2539.37,0.448,-0.112,0.112,0.216,-0.930,-0.296,-0.320,0.920,0.227,2460.98,0.671,-0.112,-0.112,-0.059,-0.842,-0.536,0.567,-0.517,-0.641,2502.75,-0.783,0.000,-0.112,-0.641,0.424,0.640,-0.286,0.758,-0.586,2457.64,-0.336,-0.112,0.112,-0.306,-0.121,0.944,0.895,-0.316,-0.316,9.888,5.282,0.580,-2.275,0.827,-0.361,-0.431,10.720,-5.802,-4.519,-1.588,rock
15.410500,-0.470,0.861,-0.192,2530.75,-0.448,-0.224,0.336,0.238,-0.918,-0.318,-0.316,0.921,0.227,2458.72,-0.224,-0.224,0.448,-0.053,-0.856,-0.514,0.565,-0.520,-0.641,2474.51,0.000,-0.336,0.448,-0.650,0.423,0.631,-0.290,0.757,-0.585,2460.52,-0.112,0.000,-0.224,-0.303,-0.106,0.947,0.895,-0.317,-0.313,9.834,6.015,-0.076,-1.924,0.829,-0.360,-0.427,10.694,-5.038,-4.748,-1.023,rock
15.410583,-0.467,0.862,-0.196,2528.87,-0.336,0.112,-0.560,0.213,-0.905,-0.367,-0.314,0.922,0.228,2445.44,0.112,0.783,-0.448,-0.039,-0.845,-0.533,0.562,-0.520,-0.644,2491.39,0.000,0.224,-0.671,-0.661,0.398,0.636,-0.287,0.756,-0.588,2450.07,-0.112,0.783,0.112,-0.307,-0.117,0.945,0.894,-0.315,-0.317,9.848,5.740,0.092,-1.802,0.827,-0.360,-0.431,10.669,-5.298,-4.702,-1.130,rock
15.429168,-0.470,0.862,-0.189,2529.90,-0.112,0.336,-0.224,0.232,-0.910,-0.345,-0.321,0.919,0.228,2452.70,0.224,0.448,-0.224,-0.034,-0.831,-0.555,0.562,-0.524,-0.640,2490.19,-0.448,-0.448,-0.560,-0.647,0.407,0.645,-0.287,0.755,-0.590,2455.37,0.336,0.448,0.000,-0.311,-0.119,0.943,0.894,-0.314,-0.319,9.860,5.237,0.397,-1.786,0.826,-0.361,-0.432,10.709,-5.893,-4.473,-1.176,rock
15.452839,-0.467,0.864,-0.189,2525.21,0.112,0.112,0.224,0.248,-0.897,-0.367,-0.313,0.921,0.232,2448.66,0.112,-0.448,0.000,-0.020,-0.849,-0.528,0.559,-0.525,-0.641,2502.49,-0.560,-0.336,-0.224,-0.610,0.423,0.670,-0.288,0.754,-0.590,2441.76,0.000,0.112,0.336,-0.305,-0.114,0.945,0.894,-0.315,-0.317,9.851,5.237,0.244,-1.557,0.826,-0.361,-0.432,10.697,-5.802,-4.626,-0.916,rock
15.475893,-0.467,0.863,-0.192,2526.06,-0.224,-0.336,-0.112,0.225,-0.912,-0.343,-0.318,0.919,0.233,2442.62,-0.224,-0.112,0.000,-0.015,-0.853,-0.521,0.562,-0.524,-0.640,2490.19,-0.112,0.112,0.000,-0.653,0.436,0.620,-0.287,0.751,-0.595,2453.76,-0.336,0.112,0.336,-0.310,-0.115,0.944,0.894,-0.313,-0.321,9.876,5.786,0.031,-1.405,0.826,-0.362,-0.433,10.728,-5.282,-4.641,-0.733,rock
15.499125,-0.474,0.860,-0.188,2533.76,0.000,0.112,-0.336,0.230,-0.916,-0.328,-0.321,0.918,0.231,2454.08,0.224,0.560,-0.448,-0.023,-0.829,-0.559,0.558,-0.532,-0.636,2488.78,-0.336,0.336,-0.671,-0.626,0.446,0.640,-0.283,0.754,-0.593,2458.72,0.112,0.448,0.112,-0.312,-0.117,0.943,0.894,-0.314,-0.320,9.893,5.435,0.229,-1.649,0.825,-0.362,-0.434,10.748,-5.649,-4.641,-0.977,rock
15.521370,-0.469,0.864,-0.184,2535.80,0.224,0.000,-0.112,0.224,-0.911,-0.345,-0.319,0.919,0.231,2464.19,-0.224,-0.224,0.000,-0.045,-0.849,-0.526,0.563,-0.517,-0.645,2503.46,-0.112,-0.112,0.448,-0.622,0.450,0.641,-0.286,0.756,-0.588,2462.92,-0.112,-0.224,0.112,-0.307,-0.117,0.944,0.894,-0.318,-0.316,9.901,5.374,0.458,-1.618,0.827,-0.361,-0.432,10.743,-5.725,-4.504,-0.992,rock
15.545491,-0.470,0.861,-0.192,2530.75,0.112,-0.112,0.000,0.221,-0.921,-0.320,-0.321,0.919,0.228,2452.70,0.112,-0.224,-0.224,-0.043,-0.843,-0.537,0.562,-0.524,-0.640,2490.19,0.000,0.112,0.224,-0.645,0.476,0.597,-0.286,0.758,-0.586,2457.64,0.112,0.112,0.112,-0.307,-0.114,0.945,0.894,-0.315,-0.317,9.891,5.481,0.382,-1.740,0.827,-0.359,-0.432,10.736,-5.618,-4.565,-1.115,rock
15.568402,-0.470,0.861,-0.192,2530.75,-0.224,0.112,-0.112,0.233,-0.913,-0.333,-0.318,0.921,0.224,2446.33,-0.224,0.112,0.000,-0.043,-0.852,-0.522,0.563,-0.521,-0.642,2485.61,0.000,0.112,0.448,-0.636,0.432,0.640,-0.286,0.756,-0.588,2462.92,0.000,-0.112,-0.112,-0.309,-0.115,0.944,0.894,-0.317,-0.316,9.841,5.359,0.229,-1.802,0.827,-0.363,-0.429,10.700,-5.664,-4.855,-1.160,rock
15.590732,-0.470,0.861,-0.192,2530.75,-0.224,-0.448,0.112,0.227,-0.901,-0.369,-0.319,0.920,0.229,2439.39,-0.336,-0.112,0.000,-0.041,-0.838,-0.544,0.564,-0.522,-0.639,2479.20,0.336,0.224,0.000,-0.602,0.446,0.662,-0.284,0.757,-0.589,2446.74,0.224,0.000,0.000,-0.304,-0.115,0.946,0.893,-0.317,-0.318,9.827,5.618,0.198,-1.511,0.828,-0.361,-0.429,10.678,-5.435,-4.748,-0.962,rock
15.612941,-0.472,0.860,-0.193,2523.00,0.224,0.224,-0.336,0.219,-0.921,-0.323,-0.322,0.920,0.224,2441.25,-0.224,0.000,-0.448,-0.010,-0.850,-0.527,0.565,-0.520,-0.641,2474.51,-0.112,0.336,-0.112,-0.648,0.434,0.626,-0.288,0.753,-0.592,2447.08,-0.224,0.224,0.336,-0.306,-0.115,0.945,0.894,-0.318,-0.315,9.904,6.214,-0.046,-1.542,0.827,-0.361,-0.430,10.749,-4.824,-4.748,-0.916,rock
15.641287,-0.470,0.861,-0.196,2533.55,0.112,0.336,-0.671,0.215,-0.924,-0.317,-0.320,0.920,0.227,2460.98,-0.112,0.671,-0.336,-0.038,-0.853,-0.520,0.563,-0.521,-0.641,2502.86,-0.112,0.224,-0.560,-0.617,0.461,0.638,-0.286,0.756,-0.588,2462.92,-0.560,0.448,-0.112,-0.306,-0.117,0.945,0.894,-0.314,-0.320,9.902,6.229,-0.076,-1.908,0.826,-0.361,-0.432,10.739,-4.809,-4.916,-1.237,rock
15.668116,-0.472,0.861,-0.188,2542.37,-0.224,0.783,-0.336,0.238,-0.911,-0.337,-0.321,0.918,0.231,2454.08,0.112,0.783,-0.112,-0.037,-0.848,-0.528,0.558,-0.528,-0.640,2507.12,0.448,-0.112,-0.783,-0.621,0.444,0.646,-0.282,0.755,-0.592,2466.27,-0.112,0.560,-0.336,-0.305,-0.114,0.946,0.893,-0.314,-0.322,9.896,5.802,0.122,-2.229,0.824,-0.362,-0.435,10.736,-5.328,-4.992,-1.481,rock
15.689289,-0.472,0.861,-0.188,2542.37,-0.671,0.000,0.224,0.239,-0.896,-0.374,-0.320,0.918,0.235,2456.41,-0.112,0.112,0.336,-0.023,-0.856,-0.517,0.559,-0.529,-0.638,2484.10,0.112,0.000,0.448,-0.616,0.453,0.645,-0.284,0.752,-0.595,2450.44,0.336,-0.112,-0.560,-0.305,-0.116,0.945,0.892,-0.319,-0.320,9.839,5.695,0.366,-1.450,0.826,-0.363,-0.432,10.692,-5.359,-4.382,-0.916,rock
15.710957,-0.470,0.862,-0.189,2529.90,0.336,0.112,0.336,0.243,-0.893,-0.378,-0.319,0.920,0.229,2439.39,0.448,0.112,-0.336,-0.059,-0.861,-0.505,0.562,-0.524,-0.640,2490.19,-0.560,0.560,-0.783,-0.636,0.436,0.636,-0.287,0.756,-0.588,2450.07,-0.448,0.112,0.560,-0.304,-0.112,0.946,0.896,-0.314,-0.315,9.882,5.481,0.290,-1.053,0.827,-0.360,-0.432,10.735,-5.634,-4.427,-0.550,rock
15.734514,-0.470,0.861,-0.192,2530.75,0.560,-0.112,-0.224,0.247,-0.905,-0.347,-0.320,0.920,0.227,2460.98,-0.112,-0.224,-0.224,-0.040,-0.835,-0.548,0.559,-0.525,-0.641,2502.49,0.000,0.560,-0.224,-0.661,0.411,0.628,-0.286,0.758,-0.586,2457.64,-0.224,0.000,0.112,-0.305,-0.110,0.946,0.897,-0.313,-0.313,9.878,5.023,0.092,-1.389,0.829,-0.359,-0.430,10.704,-6.061,-4.794,-0.748,rock
15.760137,-0.467,0.864,-0.189,2525.21,-0.224,-0.224,0.336,0.235,-0.911,-0.339,-0.319,0.920,0.229,2439.39,-0.336,-0.112,0.560,-0.039,-0.819,-0.573,0.560,-0.522,-0.643,2479.35,0.112,-0.448,0.336,-0.662,0.411,0.627,-0.288,0.758,-0.585,2444.20,0.336,0.112,0.000,-0.307,-0.109,0.946,0.895,-0.315,-0.316,9.841,5.481,0.076,-1.298,0.828,-0.361,-0.429,10.665,-5.496,-4.931,-0.641,rock
15.779419,-0.464,0.865,-0.193,2522.27,0.112,-0.112,-0.112,0.238,-0.907,-0.347,-0.319,0.921,0.225,2437.12,-0.560,-0.112,0.000,-0.027,-0.862,-0.506,0.567,-0.521,-0.639,2469.40,0.560,0.224,-0.671,-0.618,0.423,0.662,-0.285,0.755,-0.590,2439.93,0.336,0.671,0.112,-0.306,-0.113,0.945,0.895,-0.316,-0.315,9.870,6.122,0.183,-1.206,0.826,-0.363,-0.431,10.724,-4.870,-4.901,-0.733,rock
15.801610,-0.470,0.861,-0.192,2530.75,0.336,0.560,-0.783,0.240,-0.900,-0.365,-0.317,0.921,0.228,2448.59,0.000,0.783,-0.560,-0.013,-0.847,-0.532,0.561,-0.527,-0.639,2495.45,0.560,0.336,-0.783,-0.605,0.450,0.657,-0.283,0.755,-0.591,2452.05,-0.112,0.671,0.000,-0.308,-0.117,0.944,0.895,-0.318,-0.314,9.887,6.046,0.168,-1.496,0.826,-0.362,-0.432,10.755,-5.038,-4.901,-1.023,rock
15.823180,-0.472,0.861,-0.191,2544.93,-0.112,0.224,-0.336,0.243,-0.897,-0.368,-0.321,0.918,0.231,2454.08,0.224,0.671,-0.112,-0.059,-0.842,-0.536,0.565,-0.527,-0.635,2494.71,0.224,-0.336,-0.671,-0.618,0.451,0.644,-0.282,0.755,-0.592,2466.27,-0.671,0.560,-0.112,-0.306,-0.113,0.945,0.894,-0.317,-0.318,9.900,5.954,0.305,-1.634,0.826,-0.363,-0.431,10.749,-5.176,-4.687,-1.115,rock
15.845445,-0.472,0.861,-0.188,2542.37,-0.112,0.336,-0.336,0.252,-0.905,-0.342,-0.323,0.918,0.230,2466.48,-0.112,0.112,-0.224,-0.030,-0.853,-0.521,0.565,-0.523,-0.639,2495.82,0.336,0.560,-0.336,-0.637,0.436,0.636,-0.283,0.757,-0.589,2459.61,0.000,0.112,0.000,-0.309,-0.115,0.944,0.894,-0.318,-0.316,9.883,5.863,0.382,-1.725,0.826,-0.364,-0.430,10.722,-5.252,-4.595,-1.176,rock
15.869340,-0.470,0.861,-0.196,2533.55,0.224,0.000,-0.112,0.230,-0.913,-0.337,-0.321,0.919,0.228,2452.70,0.112,0.000,0.000,-0.040,-0.857,-0.514,0.567,-0.517,-0.641,2486.58,0.000,-0.112,-0.224,-0.619,0.446,0.646,-0.287,0.756,-0.588,2450.07,-0.224,0.224,0.112,-0.310,-0.116,0.944,0.894,-0.316,-0.319,9.903,5.588,0.122,-2.031,0.827,-0.361,-0.432,10.731,-5.573,-4.962,-1.313,rock
15.891109,-0.470,0.861,-0.192,2530.75,-0.224,0.224,0.000,0.217,-0.921,-0.324,-0.320,0.921,0.223,2458.73,-0.336,-0.224,0.560,-0.037,-0.839,-0.543,0.563,-0.521,-0.641,2502.86,-0.671,-0.671,0.560,-0.609,0.434,0.664,-0.287,0.756,-0.588,2450.07,0.448,-0.224,-0.336,-0.303,-0.112,0.946,0.894,-0.319,-0.315,9.854,5.847,0.122,-1.664,0.827,-0.362,-0.430,10.696,-5.206,-4.901,-1.053,rock
15.914193,-0.467,0.863,-0.192,2526.06,0.336,0.448,0.000,0.222,-0.921,-0.319,-0.319,0.920,0.229,2439.39,0.783,0.112,-0.224,-0.007,-0.863,-0.505,0.563,-0.525,-0.639,2467.82,-1.007,-0.783,-0.336,-0.662,0.445,0.603,-0.287,0.756,-0.588,2450.07,0.112,0.224,0.112,-0.304,-0.112,0.946,0.895,-0.314,-0.316,9.862,6.015,-0.046,-1.221,0.827,-0.361,-0.430,10.694,-4.947,-4.763,-0.656,rock
15.936857,-0.470,0.861,-0.196,2533.55,0.336,0.000,-0.560,0.231,-0.906,-0.355,-0.321,0.920,0.224,2450.45,0.224,0.224,-0.671,-0.035,-0.830,-0.556,0.564,-0.519,-0.642,2497.02,0.000,0.560,-0.112,-0.635,0.423,0.647,-0.287,0.756,-0.588,2450.07,0.000,0.336,0.336,-0.307,-0.116,0.945,0.895,-0.314,-0.316,9.869,6.031,-0.366,-1.313,0.828,-0.360,-0.431,10.739,-4.931,-5.008,-0.626,rock
15.959214,-0.469,0.862,-0.191,2539.37,-0.224,0.560,-0.895,0.192,-0.912,-0.362,-0.316,0.921,0.227,2458.72,-0.224,0.671,-0.560,-0.027,-0.841,-0.541,0.558,-0.524,-0.644,2508.91,0.448,-0.112,-0.224,-0.639,0.417,0.647,-0.286,0.756,-0.588,2462.92,-0.224,0.448,0.112,-0.301,-0.114,0.947,0.894,-0.316,-0.319,9.884,5.679,-0.321,-1.466,0.825,-0.361,-0.435,10.724,-5.359,-5.206,-0.733,rock
15.981162,-0.471,0.863,-0.185,2527.17,0.112,0.224,-0.224,0.224,-0.911,-0.345,-0.321,0.919,0.228,2452.70,-0.336,0.000,-0.224,-0.031,-0.856,-0.516,0.562,-0.529,-0.636,2506.98,0.336,-0.112,0.000,-0.652,0.422,0.630,-0.283,0.754,-0.593,2458.72,0.336,0.000,-0.224,-0.304,-0.110,0.946,0.894,-0.316,-0.317,9.880,5.481,-0.092,-1.618,0.825,-0.363,-0.433,10.725,-5.466,-4.992,-0.870,rock
16.005065,-0.474,0.860,-0.188,2533.76,-0.336,0.224,-0.224,0.236,-0.899,-0.368,-0.317,0.920,0.232,2451.81,-0.448,0.000,-0.112,-0.040,-0.851,-0.524,0.566,-0.520,-0.640,2491.25,0.560,0.112,0.560,-0.635,0.413,0.653,-0.288,0.753,-0.592,2447.08,0.224,-0.112,0.224,-0.305,-0.111,0.946,0.894,-0.316,-0.319,9.887,6.000,0.000,-1.313,0.825,-0.363,-0.434,10.729,-5.008,-4.824,-0.748,rock
16.027234,-0.470,0.862,-0.189,2529.90,-0.224,0.448,-0.560,0.212,-0.910,-0.358,-0.325,0.918,0.227,2455.01,0.224,0.560,-0.448,-0.031,-0.847,-0.531,0.559,-0.525,-0.641,2502.49,0.560,0.336,-0.336,-0.624,0.429,0.653,-0.283,0.757,-0.589,2459.61,-0.448,0.224,0.112,-0.307,-0.116,0.945,0.895,-0.315,-0.315,9.895,5.389,0.168,-1.847,0.826,-0.362,-0.432,10.729,-5.847,-4.916,-1.191,rock
16.051209,-0.469,0.862,-0.191,2539.37,-0.336,-0.224,0.336,0.231,-0.906,-0.355,-0.321,0.918,0.231,2454.08,-0.560,-0.224,0.336,-0.028,-0.844,-0.536,0.559,-0.525,-0.641,2502.49,-0.224,-0.448,0.560,-0.617,0.448,0.647,-0.287,0.755,-0.590,2455.37,0.000,-0.224,0.000,-0.305,-0.116,0.945,0.894,-0.317,-0.316,9.849,5.405,0.382,-1.634,0.826,-0.363,-0.432,10.711,-5.710,-4.626,-1.130,rock
16.070978,-0.467,0.863,-0.192,2526.06,0.112,0.000,0.336,0.231,-0.909,-0.347,-0.322,0.919,0.228,2443.51,0.224,0.000,0.112,-0.031,-0.851,-0.524,0.560,-0.526,-0.640,2462.84,-0.336,-0.112,0.000,-0.624,0.448,0.641,-0.287,0.756,-0.588,2450.07,0.112,-0.224,0.112,-0.305,-0.114,0.945,0.895,-0.317,-0.315,9.839,5.756,0.061,-1.481,0.829,-0.362,-0.427,10.707,-5.237,-4.641,-0.840,rock
16.093157,-0.471,0.859,-0.200,2526.07,0.112,0.224,-0.560,0.229,-0.916,-0.329,-0.321,0.920,0.224,2450.45,-0.112,0.336,-0.671,-0.021,-0.841,-0.540,0.565,-0.516,-0.644,2492.37,0.000,0.560,0.000,-0.662,0.420,0.621,-0.289,0.756,-0.587,2435.87,-0.224,0.336,0.112,-0.305,-0.118,0.945,0.895,-0.318,-0.314,9.871,6.290,-0.122,-1.389,0.828,-0.362,-0.429,10.714,-4.687,-4.885,-0.748,rock
16.116782,-0.467,0.862,-0.196,2528.87,-0.224,0.671,-0.560,0.235,-0.906,-0.352,-0.318,0.921,0.224,2446.33,-0.224,0.783,-0.224,-0.051,-0.847,-0.530,0.565,-0.520,-0.641,2474.51,0.224,0.000,-0.448,-0.646,0.425,0.634,-0.286,0.758,-0.586,2457.64,-0.336,0.895,0.112,-0.307,-0.119,0.944,0.894,-0.314,-0.319,9.880,6.092,-0.473,-1.405,0.827,-0.362,-0.431,10.732,-4.931,-5.252,-0.718,rock
16.138506,-0.472,0.861,-0.188,2542.37,-0.783,0.336,-0.783,0.203,-0.919,-0.338,-0.323,0.917,0.234,2468.80,-0.448,0.783,-0.671,-0.034,-0.859,-0.510,0.558,-0.533,-0.636,2506.05,0.783,-0.112,0.000,-0.633,0.420,0.650,-0.283,0.757,-0.589,2459.61,0.112,0.783,0.000,-0.305,-0.113,0.945,0.893,-0.318,-0.319,9.869,5.664,-0.076,-1.374,0.825,-0.364,-0.431,10.737,-5.313,-4.901,-0.901,rock
16.159403,-0.474,0.860,-0.188,2533.76,-0.112,-0.112,-0.112,0.244,-0.904,-0.351,-0.321,0.918,0.231,2454.08,0.336,0.448,-0.224,-0.046,-0.856,-0.515,0.563,-0.525,-0.638,2483.80,-0.336,-0.336,-0.671,-0.651,0.418,0.634,-0.283,0.755,-0.591,2452.05,0.112,0.448,0.560,-0.302,-0.110,0.947,0.894,-0.316,-0.319,9.899,5.527,0.137,-1.221,0.826,-0.360,-0.433,10.752,-5.420,-4.565,-0.809,rock
16.181088,-0.472,0.861,-0.188,2542.37,0.560,0.112,-0.448,0.219,-0.904,-0.366,-0.319,0.919,0.231,2464.19,0.560,0.112,-0.112,-0.036,-0.845,-0.533,0.566,-0.520,-0.640,2491.25,-0.336,-0.112,-0.448,-0.648,0.424,0.633,-0.287,0.755,-0.590,2455.37,0.224,0.224,0.448,-0.305,-0.113,0.945,0.893,-0.318,-0.319,9.858,5.695,0.260,-0.916,0.826,-0.363,-0.431,10.683,-5.221,-4.458,-0.718,rock
16.204835,-0.474,0.860,-0.190,2511.82,0.112,0.336,-0.336,0.227,-0.906,-0.357,-0.320,0.920,0.226,2428.84,0.895,0.783,-0.336,-0.021,-0.857,-0.515,0.567,-0.520,-0.639,2434.24,-0.112,-0.671,-1.231,-0.621,0.454,0.639,-0.288,0.754,-0.590,2441.76,-0.336,1.343,0.671,-0.310,-0.119,0.943,0.893,-0.318,-0.320,9.812,6.046,-0.672,-0.015,0.824,-0.364,-0.434,10.647,-4.519,-4.763,0.321,rock
16.227426,-0.472,0.862,-0.185,2519.41,0.560,0.336,-1.790,0.252,-0.905,-0.342,-0.323,0.917,0.233,2436.64,0.671,1.343,-1.679,-0.027,-0.830,-0.558,0.561,-0.531,-0.635,2495.01,0.783,0.448,-2.238,-0.617,0.460,0.638,-0.276,0.757,-0.592,2446.45,0.448,2.014,1.343,-0.304,-0.119,0.945,0.893,-0.318,-0.319,9.885,5.023,0.061,0.198,0.827,-0.361,-0.431,10.707,-5.679,-4.168,0.214,rock
16.249088,-0.470,0.861,-0.192,2530.75,0.671,-0.783,-1.007,0.234,-0.906,-0.351,-0.317,0.920,0.232,2451.81,1.902,0.000,-1.231,-0.006,-0.845,-0.535,0.563,-0.521,-0.641,2502.86,-0.448,0.224,-1.790,-0.616,0.434,0.657,-0.288,0.753,-0.592,2447.08,0.448,0.895,1.567,-0.307,-0.116,0.945,0.893,-0.320,-0.317,9.841,4.565,0.321,1.573,0.828,-0.361,-0.429,10.685,-5.924,-3.527,0.870,rock
16.533525,-0.466,0.864,-0.193,2512.77,1.902,-0.448,-1.119,0.231,-0.906,-0.355,-0.310,0.924,0.225,2440.06,2.350,0.560,-2.014,-0.018,-0.856,-0.517,0.562,-0.520,-0.644,2491.39,0.224,0.448,-2.910,-0.660,0.407,0.631,-0.277,0.758,-0.590,2471.04,-0.224,2.014,2.910,-0.306,-0.110,0.946,0.894,-0.321,-0.312,9.981,4.153,0.061,0.229,0.830,-0.363,-0.424,10.811,-6.412,-4.260,0.153,none
16.533745,-0.474,0.858,-0.198,2552.22,0.000,-1.007,-0.783,0.252,-0.887,-0.388,-0.328,0.918,0.221,2484.69,0.448,0.224,-0.783,-0.010,-0.844,-0.537,0.574,-0.506,-0.644,2522.35,0.000,-0.783,-2.014,-0.588,0.454,0.670,-0.282,0.759,-0.587,2467.95,0.000,1.231,1.231,-0.304,-0.114,0.946,0.893,-0.317,-0.319,9.986,4.153,0.534,-1.038,0.825,-0.363,-0.433,10.800,-6.840,-4.779,-0.916,none
16.533849,-0.477,0.856,-0.198,2556.97,0.336,-0.895,0.448,0.220,-0.914,-0.340,-0.333,0.916,0.225,2481.05,1.007,-0.224,0.224,-0.048,-0.861,-0.506,0.564,-0.524,-0.638,2530.42,-0.783,-2.350,-1.231,-0.642,0.433,0.633,-0.280,0.759,-0.588,2480.65,0.336,0.000,0.000,-0.306,-0.112,0.945,0.892,-0.323,-0.316,9.954,4.443,0.519,-1.985,0.826,-0.367,-0.427,10.768,-6.580,-5.008,-1.374,none
16.533951,-0.474,0.859,-0.194,2550.25,-0.336,-0.783,0.671,0.230,-0.913,-0.338,-0.326,0.918,0.225,2475.38,0.000,-0.448,0.671,-0.044,-0.851,-0.524,0.567,-0.522,-0.638,2501.55,-1.343,-1.790,-0.671,-0.647,0.420,0.636,-0.278,0.756,-0.592,2462.71,0.671,-0.448,-0.560,-0.307,-0.112,0.945,0.890,-0.325,-0.319,9.919,5.496,0.611,-2.305,0.824,-0.368,-0.431,10.735,-5.756,-4.824,-1.725,none
16.534041,-0.476,0.858,-0.191,2540.60,0.112,0.336,0.336,0.227,-0.909,-0.349,-0.328,0.918,0.223,2456.62,0.448,0.224,0.560,-0.049,-0.855,-0.516,0.566,-0.520,-0.640,2507.30,-1.679,-1.231,-0.895,-0.618,0.419,0.665,-0.275,0.755,-0.595,2453.14,-0.224,-0.224,-0.671,-0.306,-0.113,0.945,0.890,-0.323,-0.322,9.873,5.588,0.519,-2.489,0.824,-0.365,-0.432,10.715,-5.710,-4.855,-1.786,none
16.534136,-0.478,0.858,-0.189,2530.31,0.448,0.448,0.224,0.240,-0.900,-0.365,-0.325,0.919,0.223,2452.76,0.336,0.336,0.560,-0.046,-0.856,-0.515,0.555,-0.530,-0.641,2502.19,-2.462,-0.783,-0.895,-0.610,0.428,0.666,-0.274,0.757,-0.593,2460.71,-0.448,-0.895,-0.671,-0.306,-0.113,0.945,0.892,-0.321,-0.318,9.840,5.603,0.550,-2.580,0.825,-0.367,-0.430,10.700,-5.756,-4.718,-1.924,none
16.534235,-0.475,0.859,-0.192,2526.87,0.224,0.000,0.783,0.239,-0.904,-0.354,-0.322,0.920,0.224,2441.25,-0.224,-0.224,0.560,-0.016,-0.843,-0.537,0.565,-0.515,-0.644,2475.76,-1.455,-0.448,-0.224,-0.617,0.434,0.657,-0.284,0.757,-0.589,2446.74,-0.224,-0.560,-0.671,-0.309,-0.120,0.944,0.894,-0.318,-0.316,9.812,5.985,0.168,-2.107,0.827,-0.364,-0.429,10.648,-5.115,-4.916,-1.496,none
16.534330,-0.467,0.863,-0.194,2504.14,-0.336,0.671,-0.224,0.210,-0.923,-0.321,-0.320,0.922,0.218,2424.62,0.112,0.560,0.000,-0.035,-0.852,-0.523,0.564,-0.518,-0.643,2463.04,-0.112,-0.448,-0.560,-0.631,0.431,0.645,-0.285,0.759,-0.586,2440.87,0.000,0.448,-0.224,-0.307,-0.117,0.945,0.893,-0.319,-0.317,9.781,5.969,-0.473,-1.450,0.827,-0.363,-0.430,10.647,-4.916,-5.221,-0.718,none
16.534421,-0.470,0.861,-0.194,2509.68,-0.336,0.336,-0.448,0.231,-0.909,-0.347,-0.316,0.921,0.230,2427.94,-0.224,0.671,-0.560,-0.010,-0.850,-0.527,0.564,-0.518,-0.643,2463.04,0.560,-0.112,-0.560,-0.614,0.430,0.661,-0.289,0.753,-0.591,2434.98,0.224,0.895,0.448,-0.309,-0.117,0.944,0.893,-0.319,-0.318,9.804,6.168,-0.504,-0.412,0.827,-0.361,-0.431,10.666,-4.534,-4.901,-0.046,none
16.534504,-0.469,0.863,-0.190,2515.72,0.112,0.224,-1.679,0.239,-0.904,-0.354,-0.319,0.920,0.229,2439.39,1.455,1.231,-1.902,-0.034,-0.842,-0.538,0.561,-0.520,-0.644,2474.66,0.112,-0.112,-2.350,-0.619,0.433,0.655,-0.285,0.755,-0.590,2439.93,0.336,2.014,1.231,-0.306,-0.115,0.945,0.891,-0.321,-0.320,9.763,5.634,-0.977,1.679,0.827,-0.361,-0.431,10.604,-4.611,-4.473,1.725,none
16.534583,-0.466,0.864,-0.192,2489.97,0.895,-0.224,-2.350,0.253,-0.913,-0.320,-0.316,0.921,0.226,2425.66,2.126,1.343,-2.462,-0.021,-0.853,-0.522,0.566,-0.508,-0.650,2454.11,0.560,-1.119,-3.357,-0.633,0.438,0.639,-0.289,0.756,-0.587,2435.87,0.560,2.910,2.798,-0.308,-0.114,0.945,0.891,-0.310,-0.331,9.530,4.489,-1.954,5.008,0.824,-0.354,-0.442,10.357,-4.916,-4.534,4.000,none
16.534663,-0.451,0.872,-0.191,2443.66,0.895,-1.567,-4.252,0.248,-0.882,-0.400,-0.301,0.925,0.233,2352.06,3.581,2.126,-4.700,-0.037,-0.839,-0.543,0.534,-0.515,-0.671,2437.90,0.560,-4.141,-5.371,-0.629,0.431,0.647,-0.292,0.751,-0.592,2414.02,2.238,6.267,5.260,-0.307,-0.118,0.944,0.886,-0.313,-0.342,9.263,0.092,-6.595,12.321,0.823,-0.345,-0.452,10.041,-7.191,-6.275,12.092,none
16.534748,-0.407,0.898,-0.167,2274.45,2.350,-5.931,-9.960,0.252,-0.897,-0.362,-0.267,0.932,0.244,2248.94,8.841,2.798,-12.198,0.003,-0.834,-0.552,0.521,-0.501,-0.691,2252.04,2.798,-12.645,-9.064,-0.614,0.436,0.658,-0.316,0.755,-0.575,2351.46,6.938,10.743,12.645,-0.309,-0.116,0.944,0.893,-0.277,-0.356,8.234,-15.634,-13.328,31.863,0.837,-0.289,-0.465,8.968,-18.641,-11.847,28.122,none
16.552521,-0.307,0.942,-0.134,2023.79,6.267,-19.472,-22.717,0.265,-0.888,-0.375,-0.128,0.950,0.284,1929.04,44.203,9.400,-54.498,0.020,-0.855,-0.519,0.464,-0.414,-0.783,1874.13,-4.476,-33.348,-21.038,-0.647,0.420,0.637,-0.366,0.733,-0.574,2114.41,27.865,38.160,47.224,-0.315,-0.111,0.942,0.892,-0.328,-0.310,7.227,-60.321,-14.305,77.664,0.872,-0.287,-0.396,8.267,-49.588,-1.557,57.435,none
16.576359,-0.297,0.953,-0.058,1792.25,7.722,-48.679,-64.234,0.311,-0.887,-0.341,-0.101,0.928,0.359,1774.94,59.870,-0.783,-94.449,0.070,-0.868,-0.491,0.469,-0.490,-0.735,1622.35,3.805,-59.534,-56.960,-0.636,0.428,0.643,-0.259,0.715,-0.650,1959.95,44.203,63.115,87.063,-0.316,-0.117,0.942,0.863,-0.366,-0.350,7.480,-118.809,-17.053,120.519,0.809,-0.342,-0.477,8.088,-104.565,-2.687,97.130,none
16.598644,-0.483,0.869,-0.105,1832.90,10.072,-89.301,-89.525,0.407,-0.838,-0.364,-0.361,0.889,0.281,1772.68,57.855,-47.448,-132.608,0.142,-0.859,-0.492,0.618,-0.400,-0.677,2039.98,-4.700,-56.848,-111.011,-0.622,0.382,0.684,-0.186,0.710,-0.679,1889.51,49.686,74.753,117.277,-0.315,-0.097,0.944,0.857,-0.388,-0.338,7.534,-141.786,-20.015,138.000,0.866,-0.323,-0.383,7.714,-136.305,8.061,134.931,none
16.620727,-0.513,0.828,-0.226,1804.75,18.464,-111.570,-100.380,0.500,-0.773,-0.391,-0.473,0.872,0.128,1684.18,28.088,-148.275,-112.913,0.231,-0.881,-0.412,0.676,-0.217,-0.704,2403.14,6.491,-60.765,-136.861,-0.653,0.363,0.665,-0.092,0.741,-0.665,2104.31,23.276,90.308,132.496,-0.325,-0.093,0.941,0.812,-0.458,-0.362,7.657,-198.931,-39.649,133.221,0.832,-0.393,-0.392,7.991,-211.466,-1.145,163.267,none
16.639900,-0.601,0.755,-0.263,1849.14,62.667,-202.102,-29.655,0.575,-0.696,-0.429,-0.386,0.922,0.019,1530.05,33.907,-155.213,-106.422,0.299,-0.862,-0.409,0.720,-0.129,-0.681,2283.46,-10.967,-80.348,-199.976,-0.678,0.289,0.676,-0.095,0.755,-0.649,2247.42,8.281,110.675,136.525,-0.329,-0.099,0.939,0.831,-0.320,-0.454,7.489,-240.427,-72.595,143.954,0.824,-0.240,-0.514,7.082,-262.504,-36.687,205.206,none
16.659922,0.175,0.097,-0.980,3278.42,17.010,-365.596,29.655,0.566,-0.751,-0.341,-0.390,0.894,0.220,1917.80,-19.695,-230.414,-90.532,0.317,-0.851,-0.418,0.700,-0.310,-0.644,2630.54,-27.753,-77.998,-232.540,-0.699,0.200,0.686,0.105,0.778,-0.619,2355.75,1.902,129.027,139.770,-0.347,-0.101,0.933,0.866,-0.302,-0.398,7.788,-316.870,-112.244,133.710,0.764,-0.185,-0.619,9.250,-369.847,-76.611,241.817,none
16.682385,-0.325,0.745,0.583,4600.45,-12.310,-493.057,44.091,0.626,-0.632,-0.456,-0.416,0.773,0.479,2432.71,20.703,-299.572,-73.186,0.377,-0.808,-0.453,0.687,-0.140,-0.713,3021.35,-61.884,-69.941,-229.743,-0.702,0.131,0.700,0.098,0.809,-0.580,2533.25,6.938,133.839,140.442,-0.357,-0.108,0.928,0.765,-0.116,-0.633,8.493,-367.176,-81.893,150.687,0.547,-0.137,-0.826,8.934,-388.901,-87.023,231.450,none
16.699804,-0.388,0.918,-0.080,1422.44,25.738,-395.363,44.203,0.651,-0.606,-0.456,-0.218,0.966,0.137,1855.42,31.222,-492.386,62.555,0.364,-0.769,-0.526,0.673,-0.363,-0.645,3112.48,-41.181,-70.277,-225.490,-0.737,0.069,0.672,0.232,0.790,-0.567,2540.43,-10.519,135.294,118.956,-0.371,-0.118,0.921,0.758,-0.186,-0.625,8.427,-412.763,-67.817,125.634,0.550,-0.199,-0.811,9.108,-454.107,-118.641,205.878,none
16.717871,-0.463,0.824,0.328,2253.60,-127.796,-535.469,100.491,0.640,-0.491,-0.591,-0.202,0.907,0.368,2872.87,22.829,-696.166,188.226,0.241,-0.782,-0.575,0.594,-0.221,-0.773,2799.10,-48.903,-19.695,-140.554,-0.685,0.014,0.729,0.217,0.769,-0.602,2588.26,-18.129,130.146,105.975,-0.384,-0.128,0.914,0.646,-0.187,-0.740,10.298,-454.824,-57.679,91.557,0.489,-0.238,-0.839,11.685,-500.275,-135.176,194.947,none
16.991538,-0.335,0.785,0.521,2677.69,-62.220,-524.391,137.868,0.506,-0.332,-0.796,-0.255,0.799,0.545,3779.05,2.798,-462.395,115.039,0.085,-0.776,-0.625,0.502,-0.302,-0.810,3214.93,-44.986,0.224,-114.032,-0.668,-0.057,0.742,0.270,0.792,-0.548,2662.31,8.169,113.584,69.605,-0.387,-0.126,0.914,0.522,0.098,-0.847,12.010,-469.160,-78.489,61.344,0.275,0.077,-0.959,12.367,-500.275,-184.031,177.969,none
16.991687,-0.059,0.828,0.558,2729.70,-76.096,-541.960,172.783,0.389,-0.328,-0.861,0.145,0.826,0.544,2681.40,28.872,-470.340,196.842,-0.044,-0.763,-0.644,0.438,-0.375,-0.818,3668.50,-68.151,-24.731,-14.324,-0.695,-0.105,0.711,0.349,0.703,-0.619,2815.36,-12.757,118.508,54.051,-0.390,-0.141,0.910,0.484,0.260,-0.836,13.232,-429.847,-117.114,19.069,0.249,0.153,-0.956,15.382,-500.275,-172.260,166.260,none
16.991804,0.044,0.805,0.591,3754.98,-66.136,-577.658,204.788,0.234,-0.301,-0.924,0.254,0.765,0.592,3661.98,42.972,-493.393,286.143,-0.259,-0.773,-0.579,0.472,-0.341,-0.813,3336.26,-87.622,-41.181,23.276,-0.722,-0.117,0.681,0.359,0.703,-0.614,2789.87,-13.317,79.901,46.777,-0.390,-0.135,0.911,0.524,0.235,-0.819,14.559,-344.412,-69.389,16.809,0.280,0.013,-0.960,20.812,-394.260,-84.336,112.870,none
16.991923,0.235,0.793,0.563,3109.04,75.089,-556.508,232.764,0.046,-0.335,-0.941,0.460,0.791,0.403,3381.56,65.129,-434.642,298.789,-0.418,-0.744,-0.521,0.590,-0.252,-0.767,2653.44,-101.722,-55.393,71.172,-0.668,-0.173,0.724,0.333,0.644,-0.689,2772.10,-8.617,42.972,43.308,-0.386,-0.135,0.913,0.457,0.149,-0.877,13.731,-180.473,-24.595,15.527,0.250,0.090,-0.964,14.437,-237.573,-40.992,94.458,none
16.992013,0.196,0.808,0.556,5248.22,109.892,-542.743,300.131,-0.182,-0.433,-0.883,0.384,0.807,0.448,4441.07,31.446,-434.866,280.548,-0.569,-0.720,-0.396,0.742,0.129,-0.658,1976.43,-78.558,-32.788,55.953,-0.675,-0.169,0.718,0.375,0.652,-0.659,2855.21,1.790,37.153,33.907,-0.401,-0.149,0.904,0.607,0.243,-0.756,11.810,-112.947,-29.695,5.221,0.421,0.293,-0.858,13.250,-194.122,-49.878,65.756,none
16.992101,0.443,0.817,0.370,3293.97,125.446,-375.108,193.933,-0.382,-0.507,-0.773,0.474,0.784,0.401,3448.88,60.541,-319.715,188.561,-0.674,-0.691,-0.262,0.575,-0.126,-0.808,2569.13,-13.205,18.688,19.807,-0.641,-0.190,0.744,0.385,0.691,-0.612,2753.64,0.671,16.226,27.641,-0.396,-0.144,0.907,0.619,0.379,-0.688,11.223,-95.969,-1.328,5.053,0.420,0.404,-0.813,12.408,-206.595,-28.473,70.702,none
16.992191,0.392,0.816,0.424,3643.71,105.751,-344.558,199.416,-0.515,-0.585,-0.626,0.532,0.774,0.342,3292.50,1.231,-309.308,157.675,-0.713,-0.661,-0.233,0.513,-0.118,-0.850,2994.45,-12.422,7.274,34.579,-0.665,-0.200,0.719,0.398,0.710,-0.580,2566.11,-1.790,7.945,10.519,-0.389,-0.135,0.911,0.659,0.432,-0.616,10.249,-81.145,-16.031,4.519,0.311,0.360,-0.880,12.650,-191.695,-28.550,67.771,none
16.992292,0.430,0.822,0.373,3140.96,86.056,-241.605,150.401,-0.607,-0.569,-0.554,0.486,0.803,0.346,2943.98,19.024,-191.918,102.394,-0.772,-0.623,-0.124,0.566,-0.030,-0.824,2591.63,-5.819,-4.588,27.305,-0.677,-0.210,0.706,0.402,0.698,-0.592,2611.73,0.783,5.371,7.722,-0.390,-0.139,0.910,0.488,0.393,-0.780,10.793,-84.321,13.634,4.137,0.266,0.354,-0.897,12.217,-145.985,-7.725,44.779,none
16.992375,0.456,0.830,0.321,2852.08,77.327,-180.504,125.335,-0.683,-0.592,-0.427,0.602,0.761,0.243,2537.79,27.865,-141.225,81.691,-0.792,-0.599,-0.119,0.553,-0.133,-0.823,2511.82,-2.126,-3.693,31.557,-0.652,-0.196,0.733,0.419,0.700,-0.578,2506.14,7.833,-2.910,6.938,-0.394,-0.137,0.909,0.444,0.317,-0.838,10.967,-35.389,24.992,7.511,0.276,0.415,-0.867,10.966,-111.069,1.756,26.626,none
16.992467,0.494,0.791,0.360,2433.51,69.494,-112.465,98.029,-0.738,-0.556,-0.383,0.661,0.697,0.279,2177.96,25.067,-94.225,72.179,-0.816,-0.577,-0.041,0.557,-0.145,-0.818,2441.91,-9.736,-4.252,45.322,-0.664,-0.186,0.725,0.410,0.682,-0.605,2443.43,9.624,-5.931,10.295,-0.395,-0.133,0.909,0.541,0.356,-0.762,9.044,-18.885,4.794,1.588,0.322,0.365,-0.874,9.933,-118.595,-8.290,18.977,none
16.992550,0.513,0.800,0.311,2405.60,69.829,-92.882,103.961,-0.739,-0.566,-0.365,0.661,0.717,0.222,2117.83,13.988,-81.132,68.934,-0.809,-0.588,0.005,0.589,-0.062,-0.806,2405.92,-11.302,-3.133,50.693,-0.685,-0.201,0.700,0.391,0.708,-0.588,2283.61,9.288,-5.595,12.198,-0.398,-0.126,0.909,0.497,0.423,-0.758,8.905,-17.649,11.359,1.679,0.182,0.301,-0.936,11.198,-99.847,-14.550,12.779,none
16.992636,0.412,0.820,0.396,2585.26,29.319,-62.779,83.034,-0.784,-0.572,-0.243,0.577,0.753,0.317,2223.25,-1.343,-27.081,44.315,-0.827,-0.562,0.022,0.601,0.064,-0.797,2296.05,-0.560,4.812,29.096,-0.676,-0.146,0.723,0.400,0.712,-0.578,2356.67,2.126,-2.798,11.862,-0.403,-0.126,0.907,0.242,0.555,-0.796,8.344,-25.649,-34.061,-19.496,0.054,0.427,-0.903,10.748,-39.450,-19.008,-40.183,none
16.992728,0.544,0.703,0.458,2192.95,29.879,16.786,60.429,-0.801,-0.518,-0.300,0.618,0.712,0.333,2060.62,7.610,5.931,46.105,-0.833,-0.552,0.011,0.635,0.005,-0.773,1924.72,17.569,14.212,28.088,-0.708,-0.223,0.670,0.378,0.753,-0.538,2419.49,0.000,-2.798,13.876,-0.396,-0.115,0.911,0.368,0.544,-0.754,9.012,-26.550,-82.763,-47.359,0.095,0.433,-0.897,10.306,-6.840,-30.733,-85.969,none
17.012083,0.503,0.710,0.493,2215.86,5.260,78.558,58.527,-0.805,-0.528,-0.269,0.662,0.652,0.368,1891.34,-1.679,71.620,64.010,-0.847,-0.530,-0.033,0.644,0.023,-0.765,2111.14,25.850,27.193,24.731,-0.693,-0.165,0.702,0.409,0.715,-0.567,2260.82,34.355,-9.624,26.634,-0.388,-0.114,0.914,0.308,0.448,-0.839,8.499,-46.504,-128.473,-49.679,0.128,0.365,-0.922,10.436,29.389,-48.763,-111.176,none
17.035036,0.534,0.719,0.445,2324.64,-28.200,158.571,34.243,-0.807,-0.461,-0.368,0.694,0.616,0.373,2048.93,-18.241,107.430,59.422,-0.859,-0.511,-0.038,0.617,-0.000,-0.787,2425.96,27.529,40.286,10.631,-0.688,-0.140,0.712,0.418,0.685,-0.597,2117.08,44.539,-4.812,34.467,-0.383,-0.112,0.917,0.433,0.235,-0.870,10.852,-22.656,-159.191,-71.802,0.222,0.321,-0.921,10.691,66.840,-73.863,-111.313,none
17.058241,0.577,0.767,0.279,2508.45,-56.289,179.385,6.602,-0.781,-0.459,-0.423,0.708,0.666,0.236,2367.26,-48.231,134.623,31.334,-0.875,-0.474,-0.103,0.596,-0.019,-0.803,2644.71,14.995,47.448,-8.729,-0.738,-0.134,0.662,0.397,0.720,-0.570,2180.60,26.522,7.050,36.817,-0.370,-0.095,0.924,0.591,0.410,-0.695,10.248,5.496,-72.137,-92.046,0.363,0.400,-0.842,11.762,91.542,-74.489,-106.046,none
17.079916,0.581,0.796,0.166,3030.85,-78.670,190.576,-18.912,-0.757,-0.370,-0.538,0.656,0.737,0.165,2912.70,-53.827,161.816,-3.357,-0.880,-0.451,-0.153,0.441,-0.256,-0.860,3792.67,-1.343,16.450,-0.783,-0.724,-0.140,0.675,0.401,0.666,-0.628,2399.63,-10.183,35.586,18.353,-0.363,-0.085,0.928,0.551,0.517,-0.655,10.048,4.534,-40.244,-88.992,0.445,0.517,-0.731,12.001,80.611,-41.557,-100.137,none
17.101462,0.590,0.805,0.066,3319.10,-54.274,184.309,-30.326,-0.712,-0.339,-0.615,0.675,0.733,0.083,3542.28,-28.984,144.470,-20.479,-0.873,-0.418,-0.251,0.595,-0.102,-0.797,2615.97,-27.417,-23.053,29.319,-0.725,-0.157,0.670,0.458,0.660,-0.596,2614.40,-52.036,51.141,3.357,-0.366,-0.115,0.924,0.522,0.475,-0.708,11.473,14.504,-12.458,-62.427,0.403,0.513,-0.758,13.027,60.305,-8.275,-69.771,none
17.125206,0.723,0.684,0.094,3372.21,5.371,131.601,-39.503,-0.662,-0.319,-0.678,0.852,0.519,0.072,4188.79,-245.857,-8.952,-41.293,-0.866,-0.407,-0.292,0.573,-0.147,-0.806,2611.27,-18.688,-5.819,32.229,-0.743,-0.169,0.648,0.475,0.640,-0.603,2891.72,-51.365,36.481,-8.617,-0.365,-0.142,0.920,0.464,0.570,-0.678,11.815,45.450,-1.084,-25.786,0.282,0.604,-0.746,13.070,56.198,6.137,-33.985,none
17.147604,0.827,0.551,0.109,3351.96,3.133,92.322,-45.769,-0.642,-0.304,-0.704,0.878,0.385,0.285,2746.78,39.950,5.036,-39.279,-0.855,-0.394,-0.337,0.563,-0.175,-0.808,2642.51,-8.617,1.567,21.486,-0.723,-0.136,0.677,0.469,0.603,-0.646,2911.04,-12.869,19.695,-13.541,-0.369,-0.153,0.917,0.429,0.715,-0.552,11.379,45.573,10.214,7.084,0.242,0.701,-0.670,12.437,37.985,7.267,-4.840,none
17.170657,0.866,0.475,0.155,2815.23,-7.722,50.581,-45.881,-0.590,-0.262,-0.764,0.789,0.484,0.377,2467.69,-57.520,-0.783,18.353,-0.859,-0.426,-0.285,0.596,-0.160,-0.787,2576.55,10.183,13.541,-1.343,-0.735,-0.139,0.664,0.480,0.599,-0.641,2780.88,4.029,-13.764,-7.050,-0.368,-0.152,0.917,0.433,0.699,-0.568,9.848,11.863,39.450,8.947,0.136,0.699,-0.702,10.118,-4.626,5.267,1.771,none
17.194449,0.730,0.633,0.258,2562.27,-22.829,10.855,-15.891,-0.581,-0.321,-0.748,0.798,0.540,0.266,2576.18,1.902,4.252,64.346,-0.870,-0.395,-0.295,0.606,-0.124,-0.786,2453.85,9.848,4.700,-4.252,-0.734,-0.123,0.668,0.500,0.658,-0.563,2454.91,7.722,-4.252,-7.162,-0.366,-0.160,0.917,0.308,0.579,-0.755,9.124,-8.260,66.672,4.672,0.193,0.398,-0.897,10.523,-32.092,7.344,3.634,none
17.215224,0.505,0.728,0.464,2441.92,20.479,-14.772,8.952,-0.610,-0.326,-0.722,0.776,0.576,0.256,2601.33,14.436,5.595,29.207,-0.872,-0.354,-0.338,0.598,-0.129,-0.791,2438.45,7.162,-0.336,-3.357,-0.744,-0.143,0.653,0.464,0.684,-0.564,2309.87,12.310,-6.379,-5.036,-0.369,-0.157,0.916,0.295,0.480,-0.826,9.344,-2.916,71.130,-17.069,0.097,0.316,-0.944,10.585,-20.382,4.702,-3.664,none
17.238292,0.457,0.768,0.448,2417.10,3.133,1.007,0.112,-0.605,-0.312,-0.733,0.746,0.562,0.358,2300.09,25.179,2.910,8.393,-0.867,-0.365,-0.340,0.599,-0.128,-0.790,2464.84,2.686,-1.679,-2.238,-0.733,-0.164,0.660,0.460,0.669,-0.584,2329.53,15.107,-3.021,-4.252,-0.364,-0.141,0.921,0.362,0.490,-0.793,9.311,5.527,60.779,-32.382,0.139,0.383,-0.913,10.352,-8.076,2.519,-11.099,none
17.259555,0.516,0.737,0.437,2387.93,-1.679,5.707,-4.700,-0.593,-0.324,-0.738,0.773,0.557,0.303,2392.14,-7.386,-2.574,-2.014,-0.878,-0.372,-0.302,0.610,-0.121,-0.783,2437.72,-2.126,-3.021,1.007,-0.723,-0.160,0.672,0.470,0.683,-0.559,2382.38,1.902,7.498,-2.350,-0.365,-0.143,0.920,0.369,0.506,-0.779,9.289,2.458,47.435,-34.885,0.187,0.452,-0.872,10.506,-8.305,-1.084,-13.420,none
17.281357,0.581,0.718,0.383,2543.50,-1.567,6.043,-1.007,-0.630,-0.384,-0.674,0.785,0.537,0.308,2444.64,-0.895,-3.021,-8.841,-0.872,-0.393,-0.293,0.591,-0.127,-0.797,2482.70,-4.364,-2.126,0.671,-0.713,-0.139,0.688,0.459,0.665,-0.589,2460.28,3.021,4.588,-0.783,-0.360,-0.144,0.922,0.414,0.519,-0.748,9.703,4.290,24.473,-23.557,0.190,0.445,-0.875,10.901,-8.534,-4.046,-7.939,none
17.305316,0.585,0.730,0.355,2611.90,-0.560,2.798,1.902,-0.621,-0.357,-0.698,0.781,0.547,0.301,2506.38,4.364,-0.895,-5.595,-0.863,-0.366,-0.347,0.589,-0.131,-0.797,2541.91,-4.029,-1.902,-0.224,-0.723,-0.129,0.679,0.457,0.673,-0.581,2491.84,1.567,2.910,-0.671,-0.366,-0.143,0.919,0.434,0.532,-0.727,9.673,4.779,16.519,-13.863,0.208,0.452,-0.867,10.866,-7.466,-2.901,-4.580,none
17.328018,0.556,0.741,0.376,2622.05,0.112,0.671,-0.448,-0.626,-0.353,-0.695,0.772,0.562,0.297,2509.77,2.462,0.671,-0.671,-0.864,-0.378,-0.333,0.594,-0.137,-0.793,2519.40,-0.783,-0.448,-0.560,-0.712,-0.137,0.689,0.455,0.667,-0.591,2486.06,2.798,1.231,-1.455,-0.361,-0.138,0.922,0.432,0.531,-0.729,9.675,4.656,13.450,-7.344,0.194,0.431,-0.882,10.842,-6.672,-0.397,-1.878,none
17.347354,0.552,0.738,0.387,2569.09,0.000,1.343,-2.686,-0.606,-0.296,-0.739,0.776,0.555,0.300,2487.39,-1.119,0.671,2.462,-0.871,-0.368,-0.325,0.589,-0.126,-0.798,2491.47,0.560,0.448,0.448,-0.726,-0.128,0.676,0.452,0.675,-0.583,2454.11,-0.224,0.560,-2.350,-0.357,-0.134,0.924,0.415,0.538,-0.733,9.521,6.779,8.901,-5.542,0.179,0.441,-0.880,10.673,-5.053,-1.282,-2.107,none
17.369601,0.554,0.737,0.387,2544.58,-2.014,1.343,-2.910,-0.609,-0.356,-0.709,0.775,0.556,0.302,2467.10,-1.567,0.448,2.686,-0.878,-0.355,-0.321,0.589,-0.130,-0.798,2492.63,0.000,1.007,1.119,-0.720,-0.124,0.683,0.458,0.669,-0.585,2444.54,-0.671,1.902,-2.238,-0.356,-0.139,0.924,0.427,0.541,-0.724,9.544,6.595,6.840,-3.695,0.189,0.442,-0.877,10.659,-4.809,-1.557,-1.450,none
17.391006,0.558,0.734,0.387,2542.78,-1.567,1.007,-3.693,-0.615,-0.366,-0.699,0.776,0.556,0.298,2464.10,-3.021,-0.112,1.567,-0.870,-0.367,-0.329,0.593,-0.130,-0.795,2490.57,0.336,0.783,1.790,-0.724,-0.152,0.673,0.457,0.671,-0.583,2451.25,0.112,1.790,-2.126,-0.365,-0.154,0.918,0.428,0.543,-0.722,9.537,6.824,6.275,-2.885,0.188,0.446,-0.875,10.672,-4.656,-1.160,-1.267,none
17.412977,0.554,0.740,0.381,2561.80,-0.895,-0.336,-4.141,-0.599,-0.324,-0.732,0.779,0.552,0.298,2466.33,-3.021,-0.336,2.350,-0.867,-0.392,-0.307,0.592,-0.129,-0.795,2510.81,0.224,1.007,2.014,-0.736,-0.141,0.662,0.458,0.669,-0.585,2444.54,0.000,2.014,-2.798,-0.374,-0.147,0.916,0.445,0.543,-0.712,9.518,6.870,6.550,-1.389,0.202,0.440,-0.875,10.724,-4.107,-0.122,-0.351,none
17.434722,0.551,0.745,0.377,2559.17,-0.448,-0.448,-5.819,-0.608,-0.347,-0.714,0.775,0.558,0.297,2476.65,-3.021,-0.224,3.469,-0.869,-0.381,-0.315,0.593,-0.130,-0.795,2490.57,-0.448,0.560,1.902,-0.741,-0.135,0.658,0.454,0.673,-0.584,2446.69,-1.902,2.574,-3.469,-0.363,-0.145,0.920,0.440,0.541,-0.716,9.561,6.840,8.305,-0.718,0.199,0.443,-0.874,10.685,-4.092,1.893,0.046,none
17.456906,0.551,0.742,0.381,2556.27,0.895,-0.448,-6.379,-0.586,-0.318,-0.746,0.777,0.556,0.296,2484.41,-1.567,0.895,4.029,-0.864,-0.382,-0.328,0.593,-0.130,-0.795,2490.57,-1.119,-0.112,1.119,-0.715,-0.141,0.685,0.452,0.675,-0.583,2454.11,-2.350,3.021,-4.812,-0.364,-0.139,0.921,0.434,0.545,-0.718,9.601,6.885,8.779,-0.534,0.193,0.441,-0.876,10.709,-3.985,2.794,-0.031,none
17.478456,0.551,0.741,0.385,2559.36,1.343,-0.671,-6.043,-0.595,-0.351,-0.723,0.782,0.545,0.301,2477.11,-0.560,0.560,4.812,-0.873,-0.354,-0.334,0.592,-0.129,-0.795,2510.81,-1.007,-0.671,1.343,-0.718,-0.150,0.679,0.456,0.674,-0.582,2458.65,-3.021,3.805,-5.595,-0.363,-0.149,0.920,0.429,0.536,-0.727,9.653,7.420,8.351,-0.748,0.189,0.444,-0.876,10.768,-3.313,2.626,-0.489,none
17.500917,0.554,0.737,0.388,2561.71,0.783,-0.336,-6.155,-0.581,-0.329,-0.745,0.781,0.544,0.308,2483.67,-4.141,-0.448,5.595,-0.873,-0.376,-0.311,0.594,-0.129,-0.794,2503.66,-1.231,0.000,1.231,-0.716,-0.136,0.685,0.457,0.679,-0.575,2470.96,-3.245,4.141,-5.595,-0.363,-0.149,0.920,0.444,0.545,-0.711,9.685,8.137,7.450,-0.214,0.198,0.456,-0.868,10.759,-3.053,1.786,0.412,none
17.520752,0.567,0.734,0.374,2555.75,-9.848,-4.476,2.126,-0.587,-0.327,-0.741,0.791,0.533,0.301,2477.98,4.252,0.112,8.169,-0.871,-0.367,-0.327,0.596,-0.126,-0.793,2495.36,-1.007,-0.448,2.014,-0.738,-0.134,0.662,0.459,0.680,-0.572,2481.87,-2.238,4.141,-5.707,-0.370,-0.163,0.914,0.437,0.564,-0.700,9.626,5.328,7.710,-0.550,0.190,0.462,-0.866,10.715,-6.519,2.382,0.427,none
17.542311,0.551,0.736,0.393,2576.89,-1.790,-1.679,5.819,-0.585,-0.340,-0.737,0.771,0.545,0.327,2513.30,-1.119,-1.119,12.310,-0.879,-0.349,-0.325,0.589,-0.139,-0.796,2474.08,1.119,-1.119,2.126,-0.720,-0.132,0.681,0.457,0.682,-0.570,2472.04,0.895,2.798,-5.595,-0.364,-0.153,0.919,0.429,0.549,-0.717,9.644,4.412,6.656,-1.405,0.185,0.449,-0.874,10.713,-6.855,0.718,-0.397,none
17.566118,0.563,0.728,0.392,2538.01,2.686,3.021,5.260,-0.612,-0.369,-0.700,0.795,0.524,0.306,2465.37,1.902,0.448,8.841,-0.882,-0.341,-0.325,0.589,-0.143,-0.795,2475.49,0.671,-0.336,1.902,-0.733,-0.149,0.664,0.455,0.675,-0.582,2441.54,1.902,1.902,-4.029,-0.363,-0.157,0.919,0.440,0.549,-0.710,9.545,5.008,4.031,-1.008,0.198,0.446,-0.873,10.655,-5.878,-1.496,-0.092,none
17.587543,0.556,0.736,0.386,2550.13,2.238,2.798,2.798,-0.592,-0.340,-0.730,0.786,0.537,0.304,2478.17,1.455,1.007,5.260,-0.878,-0.349,-0.327,0.595,-0.134,-0.793,2483.96,0.336,0.224,1.455,-0.717,-0.138,0.684,0.451,0.679,-0.579,2437.30,1.231,1.679,-2.686,-0.363,-0.157,0.918,0.444,0.544,-0.712,9.571,4.321,3.618,-0.748,0.200,0.446,-0.872,10.687,-6.366,-1.786,0.122,none
17.610102,0.558,0.736,0.384,2563.06,5.260,4.252,1.119,-0.592,-0.340,-0.730,0.791,0.533,0.301,2477.98,4.700,1.790,2.910,-0.878,-0.361,-0.316,0.593,-0.135,-0.794,2490.44,0.000,0.112,1.231,-0.725,-0.146,0.674,0.455,0.678,-0.577,2458.93,-0.336,1.902,-2.462,-0.356,-0.154,0.922,0.451,0.546,-0.706,9.609,4.656,3.420,-0.809,0.202,0.447,-0.871,10.742,-6.366,-1.771,0.168,none
17.630755,0.558,0.737,0.381,2559.97,6.602,4.476,0.224,-0.600,-0.376,-0.706,0.787,0.538,0.301,2475.45,4.812,1.679,2.574,-0.874,-0.364,-0.321,0.588,-0.138,-0.797,2493.85,-0.783,0.224,1.119,-0.713,-0.108,0.693,0.454,0.680,-0.576,2466.40,0.000,2.126,-2.574,-0.376,-0.157,0.913,0.451,0.544,-0.708,9.622,4.351,3.908,-0.427,0.207,0.447,-0.871,10.715,-6.397,-1.359,0.550,none
17.651911,0.558,0.736,0.384,2563.06,5.483,4.588,0.895,-0.595,-0.316,-0.739,0.791,0.533,0.301,2477.98,4.141,1.567,3.245,-0.872,-0.357,-0.334,0.593,-0.135,-0.794,2490.44,0.224,0.336,1.231,-0.711,-0.133,0.691,0.454,0.680,-0.576,2464.59,0.560,1.567,-2.686,-0.371,-0.165,0.914,0.442,0.553,-0.706,9.598,4.916,3.542,-0.550,0.198,0.450,-0.871,10.694,-6.183,-1.573,0.382,none
17.674471,0.559,0.734,0.385,2555.71,4.812,4.476,1.231,-0.600,-0.381,-0.704,0.796,0.527,0.297,2471.53,4.476,1.790,3.469,-0.888,-0.345,-0.305,0.591,-0.142,-0.794,2501.00,0.560,0.000,1.119,-0.711,-0.133,0.691,0.451,0.678,-0.581,2460.42,0.560,1.231,-2.686,-0.362,-0.156,0.919,0.444,0.553,-0.705,9.587,4.702,2.824,-0.992,0.200,0.452,-0.869,10.720,-6.382,-2.336,-0.092,none
17.698026,0.560,0.735,0.382,2552.61,3.133,3.581,0.560,-0.613,-0.370,-0.698,0.795,0.526,0.301,2474.52,2.462,1.007,2.686,-0.873,-0.360,-0.329,0.592,-0.142,-0.793,2493.07,0.224,0.224,0.783,-0.726,-0.132,0.675,0.452,0.679,-0.579,2453.94,0.560,1.455,-2.014,-0.362,-0.156,0.919,0.451,0.550,-0.703,9.585,4.656,2.626,-1.328,0.206,0.452,-0.868,10.699,-6.702,-2.458,-0.519,none
17.719171,0.556,0.739,0.382,2554.40,3.581,3.133,0.560,-0.594,-0.332,-0.732,0.792,0.534,0.297,2474.99,3.357,1.455,2.126,-0.881,-0.380,-0.282,0.597,-0.138,-0.790,2491.42,0.112,-0.336,0.560,-0.721,-0.138,0.679,0.452,0.679,-0.579,2453.94,0.783,1.231,-1.679,-0.352,-0.157,0.923,0.454,0.542,-0.707,9.616,4.473,2.611,-1.145,0.209,0.444,-0.871,10.732,-6.718,-2.244,-0.275,none
17.741023,0.554,0.740,0.381,2561.80,3.469,3.245,0.783,-0.587,-0.335,-0.736,0.794,0.529,0.300,2479.80,2.910,1.231,1.902,-0.883,-0.364,-0.296,0.591,-0.138,-0.795,2498.95,0.000,0.000,0.448,-0.711,-0.129,0.691,0.453,0.681,-0.576,2448.85,0.336,1.343,-2.014,-0.367,-0.161,0.916,0.453,0.543,-0.707,9.601,4.855,2.550,-0.687,0.206,0.445,-0.872,10.713,-6.137,-2.214,0.183,none
17.766178,0.556,0.739,0.382,2554.40,3.581,3.245,0.560,-0.581,-0.321,-0.748,0.791,0.533,0.301,2477.98,2.910,1.343,2.014,-0.885,-0.343,-0.314,0.595,-0.135,-0.792,2483.30,-0.448,-0.112,0.560,-0.691,-0.145,0.708,0.452,0.682,-0.575,2453.62,-0.560,1.119,-2.126,-0.378,-0.170,0.910,0.450,0.548,-0.706,9.628,4.748,2.534,-0.901,0.206,0.448,-0.870,10.726,-6.290,-2.260,-0.092,none
17.785582,0.553,0.739,0.384,2564.88,3.693,3.357,0.448,-0.605,-0.346,-0.717,0.795,0.530,0.297,2476.81,3.245,1.231,2.238,-0.883,-0.325,-0.338,0.593,-0.135,-0.794,2490.44,-0.336,-0.224,0.783,-0.727,-0.131,0.674,0.451,0.681,-0.577,2460.06,-0.448,1.679,-2.126,-0.367,-0.165,0.915,0.453,0.547,-0.704,9.598,4.992,2.427,-1.023,0.208,0.448,-0.870,10.739,-6.122,-2.550,-0.260,none
17.812270,0.553,0.739,0.384,2564.88,3.133,2.798,0.224,-0.598,-0.342,-0.725,0.795,0.530,0.297,2476.81,2.798,1.007,1.902,-0.871,-0.344,-0.350,0.591,-0.134,-0.795,2498.38,-0.224,-0.448,0.671,-0.719,-0.143,0.680,0.451,0.681,-0.577,2460.06,0.224,1.231,-1.902,-0.363,-0.157,0.919,0.456,0.547,-0.702,9.597,4.916,2.214,-0.977,0.211,0.449,-0.868,10.741,-6.137,-2.656,-0.275,none
17.831263,0.554,0.740,0.381,2561.80,3.245,3.021,0.000,-0.578,-0.364,-0.730,0.794,0.529,0.300,2479.80,2.574,1.007,1.567,-0.878,-0.355,-0.321,0.596,-0.134,-0.792,2496.38,-0.112,-0.224,0.560,-0.726,-0.151,0.671,0.452,0.682,-0.575,2453.62,0.336,1.119,-1.902,-0.363,-0.157,0.919,0.456,0.547,-0.703,9.607,4.748,2.321,-0.931,0.211,0.448,-0.869,10.759,-6.153,-2.519,-0.183,none
17.852096,0.554,0.740,0.381,2561.80,3.245,2.686,0.448,-0.604,-0.365,-0.709,0.794,0.529,0.300,2479.80,2.350,0.895,2.238,-0.881,-0.355,-0.313,0.594,-0.138,-0.793,2504.87,-0.224,-0.448,0.671,-0.718,-0.120,0.686,0.453,0.684,-0.572,2447.89,-0.112,1.231,-1.902,-0.364,-0.157,0.918,0.456,0.545,-0.704,9.596,4.519,2.763,-0.840,0.212,0.445,-0.870,10.751,-6.107,-2.168,-0.168,none
18.267979,0.554,0.740,0.381,2561.80,3.021,2.686,0.783,-0.599,-0.384,-0.703,0.795,0.530,0.297,2476.81,2.238,0.783,2.462,-0.870,-0.357,-0.341,0.593,-0.135,-0.794,2490.44,0.112,-0.671,0.895,-0.718,-0.133,0.683,0.455,0.681,-0.574,2458.16,0.000,1.231,-2.238,-0.365,-0.172,0.915,0.449,0.547,-0.706,9.621,5.069,2.489,-0.916,0.207,0.448,-0.870,10.718,-6.076,-2.305,-0.168,none
18.268125,0.557,0.738,0.381,2549.56,3.133,2.350,0.112,-0.607,-0.351,-0.713,0.798,0.522,0.301,2477.77,2.126,0.560,2.126,-0.884,-0.355,-0.305,0.592,-0.142,-0.793,2493.07,-0.224,-0.671,1.119,-0.731,-0.130,0.670,0.451,0.681,-0.577,2460.06,0.336,1.455,-2.350,-0.370,-0.164,0.914,0.449,0.552,-0.703,9.635,5.664,1.649,-1.115,0.207,0.452,-0.868,10.708,-5.542,-3.405,-0.519,none
18.268223,0.557,0.738,0.381,2549.56,1.119,1.007,-0.895,-0.587,-0.348,-0.731,0.798,0.525,0.296,2479.50,1.455,0.336,0.895,-0.878,-0.366,-0.310,0.591,-0.142,-0.794,2501.00,-0.560,-0.671,0.448,-0.735,-0.117,0.667,0.447,0.680,-0.581,2460.69,-0.224,1.007,-1.567,-0.367,-0.167,0.915,0.459,0.552,-0.697,9.624,5.557,1.328,-1.252,0.215,0.453,-0.865,10.760,-5.649,-3.557,-0.687,none
18.268318,0.558,0.739,0.376,2558.74,1.119,0.895,-0.448,-0.561,-0.343,-0.754,0.797,0.524,0.300,2482.48,1.007,0.336,0.224,-0.884,-0.366,-0.291,0.591,-0.138,-0.795,2498.95,-0.560,-0.448,0.224,-0.729,-0.148,0.669,0.451,0.681,-0.577,2460.06,-0.671,1.119,-1.231,-0.369,-0.160,0.916,0.457,0.545,-0.703,9.631,5.420,1.298,-1.206,0.213,0.446,-0.869,10.737,-5.710,-3.603,-0.534,none
18.268413,0.552,0.742,0.381,2552.16,-0.112,0.671,0.000,-0.552,-0.316,-0.771,0.796,0.528,0.296,2484.76,0.671,0.224,0.560,-0.881,-0.345,-0.322,0.593,-0.138,-0.793,2491.01,-0.560,-0.448,0.000,-0.709,-0.153,0.688,0.450,0.683,-0.576,2466.88,-0.448,0.895,-1.231,-0.363,-0.167,0.917,0.457,0.542,-0.705,9.632,5.496,1.420,-1.069,0.215,0.445,-0.869,10.739,-5.328,-3.496,-0.580,none
18.268588,0.557,0.739,0.378,2546.51,-0.671,0.448,-0.112,-0.588,-0.320,-0.743,0.799,0.526,0.293,2476.55,0.112,-0.224,0.336,-0.884,-0.353,-0.307,0.593,-0.135,-0.794,2490.44,-0.783,-0.560,0.448,-0.733,-0.180,0.656,0.449,0.687,-0.571,2467.31,-0.448,0.895,-1.119,-0.376,-0.163,0.912,0.457,0.546,-0.703,9.658,5.634,0.840,-0.977,0.214,0.447,-0.869,10.733,-5.221,-4.076,-0.382,none
18.268676,0.553,0.742,0.379,2565.10,-1.119,-0.671,-0.336,-0.581,-0.310,-0.752,0.796,0.527,0.297,2471.53,-1.119,-0.671,0.895,-0.875,-0.349,-0.334,0.588,-0.131,-0.798,2476.50,-0.671,-0.224,0.448,-0.713,-0.139,0.688,0.449,0.687,-0.571,2467.31,-0.895,0.783,-0.783,-0.364,-0.166,0.917,0.464,0.547,-0.697,9.606,5.817,1.008,-1.496,0.220,0.451,-0.865,10.682,-5.450,-4.015,-1.008,none
18.268767,0.556,0.741,0.377,2553.17,-1.455,-0.224,0.336,-0.573,-0.291,-0.766,0.797,0.529,0.292,2481.82,-0.895,-0.224,1.007,-0.889,-0.335,-0.311,0.589,-0.131,-0.797,2490.36,-0.448,-0.336,0.336,-0.691,-0.132,0.710,0.445,0.687,-0.575,2451.95,0.112,0.895,-1.007,-0.372,-0.163,0.914,0.462,0.546,-0.699,9.583,5.160,1.145,-1.573,0.220,0.449,-0.866,10.710,-5.725,-3.802,-0.977,none
18.268922,0.551,0.744,0.377,2555.06,-0.224,1.007,-0.112,-0.565,-0.351,-0.747,0.796,0.527,0.297,2471.53,0.448,0.000,0.895,-0.879,-0.367,-0.304,0.589,-0.134,-0.797,2491.69,-0.112,-0.336,-0.224,-0.736,-0.145,0.662,0.445,0.687,-0.575,2451.95,0.448,0.560,-0.783,-0.366,-0.162,0.916,0.461,0.545,-0.701,9.621,5.603,0.824,-1.496,0.216,0.448,-0.868,10.723,-5.420,-3.939,-0.885,none
18.269036,0.555,0.740,0.380,2557.69,1.343,1.679,-0.671,-0.577,-0.359,-0.734,0.797,0.524,0.300,2482.48,1.679,0.783,0.112,-0.876,-0.358,-0.323,0.590,-0.139,-0.795,2485.89,0.000,0.000,-0.448,-0.723,-0.122,0.679,0.448,0.682,-0.578,2455.57,-0.224,0.560,-0.783,-0.355,-0.155,0.922,0.462,0.549,-0.697,9.617,5.344,0.763,-1.481,0.217,0.452,-0.866,10.738,-5.328,-4.015,-0.947,none
18.269124,0.557,0.738,0.381,2549.56,1.007,1.343,-0.448,-0.591,-0.335,-0.734,0.796,0.527,0.297,2471.53,1.343,1.119,0.224,-0.879,-0.351,-0.323,0.590,-0.139,-0.795,2485.89,0.336,0.112,-0.448,-0.723,-0.136,0.678,0.450,0.683,-0.576,2466.88,-0.560,0.895,-1.007,-0.368,-0.158,0.916,0.458,0.547,-0.701,9.634,5.237,1.145,-1.542,0.216,0.450,-0.867,10.721,-5.786,-3.588,-0.901,none
18.269208,0.555,0.740,0.380,2557.69,1.007,1.119,0.336,-0.590,-0.362,-0.721,0.796,0.527,0.297,2471.53,1.455,0.895,0.560,-0.879,-0.354,-0.318,0.593,-0.138,-0.793,2491.01,0.112,-0.224,0.112,-0.714,-0.134,0.687,0.451,0.684,-0.573,2460.45,-0.336,0.783,-1.007,-0.362,-0.169,0.917,0.457,0.545,-0.703,9.628,5.374,1.069,-1.389,0.216,0.447,-0.868,10.740,-5.573,-3.710,-0.794,none
18.269290,0.552,0.742,0.381,2552.16,0.336,0.895,0.112,-0.579,-0.347,-0.738,0.798,0.525,0.296,2479.50,0.448,0.000,0.783,-0.878,-0.364,-0.311,0.591,-0.134,-0.795,2498.38,-0.112,-0.224,0.112,-0.710,-0.140,0.690,0.452,0.686,-0.570,2454.74,0.000,0.560,-0.895,-0.373,-0.165,0.913,0.461,0.545,-0.701,9.608,5.588,0.977,-1.145,0.218,0.447,-0.868,10.711,-5.496,-3.679,-0.534,none
18.270163,0.552,0.742,0.381,2552.16,-0.448,0.336,0.000,-0.591,-0.310,-0.745,0.798,0.525,0.296,2479.50,0.112,-0.224,0.671,-0.876,-0.367,-0.312,0.591,-0.134,-0.795,2498.38,-0.448,-0.448,0.448,-0.728,-0.146,0.670,0.452,0.686,-0.570,2454.74,-0.336,0.448,-0.895,-0.362,-0.158,0.919,0.461,0.546,-0.699,9.599,5.511,1.267,-1.130,0.218,0.449,-0.867,10.718,-5.618,-3.405,-0.443,none
18.270277,0.550,0.742,0.383,2562.66,-0.112,0.112,0.112,-0.583,-0.319,-0.747,0.796,0.528,0.296,2484.76,0.336,-0.336,0.895,-0.887,-0.347,-0.306,0.589,-0.134,-0.797,2491.69,-0.560,-0.671,0.336,-0.712,-0.157,0.685,0.447,0.686,-0.574,2455.96,-0.671,0.783,-1.119,-0.361,-0.160,0.919,0.457,0.549,-0.700,9.617,5.496,0.885,-1.053,0.213,0.449,-0.868,10.711,-5.359,-3.786,-0.366,none
18.270370,0.555,0.740,0.380,2557.69,0.671,0.336,-0.112,-0.585,-0.331,-0.741,0.798,0.525,0.296,2479.50,0.560,-0.224,0.336,-0.885,-0.350,-0.308,0.593,-0.135,-0.794,2490.44,-1.007,-0.783,0.112,-0.708,-0.109,0.697,0.451,0.684,-0.573,2460.45,-0.671,0.783,-0.671,-0.367,-0.166,0.915,0.459,0.547,-0.700,9.647,5.221,0.702,-1.191,0.219,0.452,-0.864,10.713,-5.374,-4.260,-0.595,none
18.270463,0.550,0.743,0.380,2559.58,0.224,-0.112,-0.448,-0.608,-0.403,-0.683,0.798,0.525,0.296,2479.50,0.336,-0.448,0.112,-0.879,-0.351,-0.322,0.589,-0.131,-0.797,2490.36,-0.671,-0.560,0.000,-0.713,-0.139,0.687,0.446,0.688,-0.573,2462.83,-0.336,0.560,-0.560,-0.363,-0.159,0.918,0.461,0.544,-0.701,9.635,5.420,0.626,-1.374,0.218,0.449,-0.866,10.716,-5.649,-4.244,-0.809,none
18.271889,0.555,0.740,0.380,2557.69,0.560,0.336,-0.336,-0.607,-0.351,-0.713,0.798,0.525,0.296,2479.50,0.671,-0.112,0.336,-0.889,-0.342,-0.303,0.589,-0.134,-0.797,2491.69,-0.560,-0.336,-0.112,-0.731,-0.154,0.665,0.446,0.688,-0.573,2462.83,0.448,0.448,-0.560,-0.369,-0.170,0.914,0.465,0.546,-0.697,9.602,5.618,0.580,-1.450,0.222,0.447,-0.866,10.738,-5.588,-4.305,-0.840,none
18.271981,0.553,0.743,0.378,2547.62,0.336,0.671,-0.224,-0.591,-0.338,-0.733,0.795,0.530,0.297,2476.81,0.671,0.336,-0.112,-0.872,-0.357,-0.334,0.589,-0.134,-0.797,2491.69,-0.448,-0.112,-0.224,-0.718,-0.113,0.687,0.447,0.689,-0.570,2457.12,0.000,0.560,-0.336,-0.367,-0.176,0.913,0.463,0.547,-0.698,9.584,5.618,0.702,-1.328,0.220,0.447,-0.867,10.724,-5.573,-4.153,-0.702,none
18.272080,0.556,0.741,0.377,2553.17,1.231,1.007,-0.336,-0.575,-0.321,-0.752,0.800,0.526,0.289,2473.64,1.007,0.448,0.112,-0.883,-0.371,-0.287,0.586,-0.139,-0.799,2487.98,-0.112,-0.112,-0.112,-0.710,-0.155,0.687,0.451,0.684,-0.573,2460.45,-0.112,0.336,-0.336,-0.371,-0.166,0.914,0.463,0.549,-0.696,9.584,5.756,0.397,-1.420,0.218,0.451,-0.866,10.710,-5.374,-4.366,-0.855,none
18.281576,0.556,0.741,0.377,2553.17,0.783,1.119,-0.560,-0.584,-0.366,-0.724,0.799,0.526,0.293,2476.55,1.231,0.448,0.000,-0.892,-0.338,-0.300,0.589,-0.134,-0.797,2491.69,-0.112,0.112,-0.560,-0.709,-0.118,0.695,0.447,0.686,-0.574,2455.96,-0.224,0.448,0.000,-0.358,-0.163,0.919,0.461,0.547,-0.699,9.611,5.542,0.397,-1.618,0.218,0.448,-0.867,10.720,-5.634,-4.397,-0.992,none
18.306140,0.552,0.742,0.381,2552.16,1.007,0.783,-0.560,-0.586,-0.318,-0.746,0.795,0.530,0.297,2476.81,1.455,0.560,-0.560,-0.886,-0.331,-0.325,0.589,-0.134,-0.797,2491.69,-0.448,-0.112,-0.560,-0.702,-0.123,0.702,0.445,0.686,-0.575,2469.26,-0.224,0.336,-0.112,-0.363,-0.161,0.918,0.465,0.545,-0.698,9.623,5.603,0.473,-1.557,0.222,0.444,-0.868,10.763,-5.542,-4.244,-0.931,none
18.328311,0.551,0.744,0.377,2555.06,1.007,1.007,-0.336,-0.602,-0.372,-0.706,0.796,0.528,0.296,2484.76,1.007,0.671,-0.336,-0.873,-0.329,-0.359,0.589,-0.134,-0.797,2491.69,0.112,-0.112,-0.560,-0.700,-0.137,0.700,0.447,0.689,-0.570,2457.12,0.000,0.448,-0.560,-0.371,-0.168,0.913,0.462,0.547,-0.698,9.613,5.573,0.595,-1.481,0.216,0.447,-0.868,10.741,-5.511,-4.198,-0.855,none
18.350575,0.553,0.743,0.378,2547.62,0.560,0.560,-0.224,-0.591,-0.370,-0.717,0.796,0.527,0.297,2471.53,1.119,0.448,0.112,-0.880,-0.352,-0.319,0.589,-0.134,-0.797,2491.69,-0.112,-0.336,-0.112,-0.717,-0.124,0.686,0.449,0.687,-0.571,2450.24,0.224,0.560,-0.224,-0.369,-0.163,0.915,0.461,0.548,-0.698,9.606,5.664,0.305,-1.420,0.218,0.446,-0.868,10.747,-5.405,-4.534,-0.824,none
18.778043,0.552,0.742,0.381,2552.16,1.231,1.007,-0.448,-0.592,-0.345,-0.728,0.798,0.525,0.296,2479.50,1.455,0.224,-0.336,-0.881,-0.342,-0.327,0.589,-0.131,-0.797,2490.36,-0.224,-0.112,-0.224,-0.720,-0.175,0.672,0.447,0.689,-0.570,2457.12,-0.336,0.560,-0.224,-0.363,-0.166,0.917,0.464,0.543,-0.700,9.607,5.634,0.275,-1.420,0.222,0.448,-0.866,10.720,-5.496,-4.580,-0.809,none
18.778608,0.551,0.744,0.377,2555.06,1.455,1.119,-0.895,-0.604,-0.389,-0.695,0.795,0.530,0.297,2476.81,1.790,0.560,-0.336,-0.880,-0.339,-0.332,0.591,-0.135,-0.796,2483.73,-0.112,-0.112,-0.448,-0.728,-0.138,0.672,0.452,0.686,-0.570,2454.74,0.112,0.560,-0.336,-0.378,-0.168,0.910,0.462,0.545,-0.700,9.619,5.710,0.443,-1.282,0.218,0.446,-0.868,10.748,-5.344,-4.351,-0.641,none
18.778705,0.553,0.743,0.378,2547.62,1.902,1.343,-1.119,-0.581,-0.377,-0.721,0.797,0.527,0.294,2468.57,1.679,0.448,-0.560,-0.876,-0.358,-0.323,0.591,-0.134,-0.795,2498.38,-0.112,0.000,-0.336,-0.722,-0.107,0.684,0.449,0.687,-0.571,2450.24,-0.448,0.336,-0.224,-0.373,-0.168,0.912,0.462,0.549,-0.697,9.573,5.695,0.305,-1.344,0.219,0.449,-0.866,10.746,-5.389,-4.458,-0.718,none
18.778813,0.553,0.743,0.378,2547.62,2.238,1.343,-1.231,-0.578,-0.356,-0.734,0.795,0.530,0.297,2476.81,1.679,0.560,-0.671,-0.876,-0.362,-0.318,0.590,-0.139,-0.795,2485.89,-0.224,-0.112,-0.448,-0.736,-0.149,0.660,0.449,0.687,-0.571,2450.24,-0.336,0.560,-0.224,-0.375,-0.165,0.912,0.460,0.547,-0.699,9.610,5.557,0.305,-1.359,0.216,0.447,-0.868,10.740,-5.481,-4.473,-0.748,none
18.778906,0.551,0.744,0.377,2555.06,2.126,1.007,-1.455,-0.573,-0.352,-0.740,0.798,0.525,0.296,2479.50,1.455,0.112,-0.783,-0.877,-0.358,-0.319,0.589,-0.134,-0.797,2491.69,-0.448,-0.112,-0.224,-0.719,-0.137,0.681,0.451,0.688,-0.569,2461.61,-0.448,0.448,-0.224,-0.371,-0.172,0.913,0.460,0.548,-0.698,9.632,5.832,0.229,-1.450,0.218,0.450,-0.866,10.722,-5.282,-4.611,-0.824,none
18.778989,0.551,0.744,0.377,2555.06,1.343,0.560,-1.231,-0.596,-0.346,-0.724,0.796,0.527,0.297,2471.53,0.671,-0.336,-0.783,-0.874,-0.366,-0.319,0.586,-0.139,-0.799,2487.98,-0.671,-0.112,-0.560,-0.703,-0.098,0.704,0.451,0.684,-0.573,2460.45,-0.448,0.336,-0.112,-0.371,-0.159,0.915,0.464,0.547,-0.697,9.635,5.954,-0.046,-1.542,0.221,0.450,-0.865,10.736,-5.237,-4.855,-0.947,none
18.779091,0.551,0.744,0.377,2555.06,0.224,0.448,-0.895,-0.569,-0.355,-0.742,0.796,0.531,0.289,2470.95,0.671,0.224,-0.783,-0.884,-0.362,-0.297,0.589,-0.134,-0.797,2491.69,-0.336,-0.112,-0.671,-0.704,-0.116,0.700,0.447,0.689,-0.570,2457.12,-0.336,0.224,-0.112,-0.371,-0.166,0.914,0.464,0.546,-0.698,9.581,5.603,0.412,-1.618,0.221,0.449,-0.866,10.708,-5.542,-4.412,-1.008,none
18.779188,0.549,0.746,0.377,2549.56,0.671,0.895,-0.448,-0.587,-0.327,-0.741,0.795,0.530,0.297,2476.81,0.895,0.448,-0.448,-0.891,-0.350,-0.290,0.589,-0.134,-0.797,2491.69,-0.336,-0.112,-0.560,-0.723,-0.175,0.668,0.449,0.687,-0.571,2450.24,-0.224,0.560,-0.112,-0.364,-0.170,0.916,0.459,0.540,-0.706,9.607,5.771,0.061,-1.389,0.218,0.443,-0.869,10.750,-5.237,-4.794,-0.748,none
18.779268,0.548,0.745,0.381,2554.09,0.224,0.336,-1.007,-0.589,-0.363,-0.722,0.798,0.525,0.296,2479.50,0.895,0.224,-0.783,-0.877,-0.352,-0.326,0.591,-0.134,-0.795,2498.38,-0.336,0.112,-0.560,-0.704,-0.138,0.696,0.449,0.687,-0.571,2467.31,-0.560,0.448,0.112,-0.373,-0.172,0.912,0.463,0.548,-0.697,9.643,6.061,-0.260,-1.420,0.218,0.448,-0.867,10.764,-5.038,-5.160,-0.855,none
18.781011,0.550,0.743,0.380,2559.58,-1.007,-0.671,-0.895,-0.584,-0.366,-0.724,0.797,0.529,0.292,2481.82,-0.895,-0.448,-0.336,-0.881,-0.345,-0.324,0.591,-0.130,-0.796,2497.06,-0.895,0.112,-0.112,-0.691,-0.124,0.712,0.446,0.692,-0.568,2464.02,-0.560,0.224,0.448,-0.374,-0.164,0.913,0.466,0.548,-0.695,9.603,5.527,0.046,-1.786,0.224,0.451,-0.864,10.701,-5.649,-4.702,-1.145,none
18.781136,0.544,0.749,0.377,2551.57,-1.119,-0.448,0.112,-0.566,-0.328,-0.756,0.794,0.533,0.292,2479.18,-0.560,-0.112,0.112,-0.881,-0.336,-0.332,0.589,-0.131,-0.797,2490.36,0.000,0.671,-0.224,-0.730,-0.144,0.668,0.447,0.689,-0.570,2457.12,0.112,0.224,0.224,-0.376,-0.167,0.911,0.466,0.542,-0.700,9.597,5.282,0.244,-1.863,0.221,0.444,-0.869,10.714,-5.863,-4.611,-1.237,none
18.781229,0.547,0.748,0.376,2557.78,0.783,0.783,0.112,-0.585,-0.362,-0.726,0.794,0.533,0.292,2479.18,1.119,0.560,-0.224,-0.879,-0.349,-0.325,0.589,-0.127,-0.798,2489.88,0.224,0.112,-0.336,-0.714,-0.155,0.683,0.447,0.689,-0.570,2457.12,0.895,0.224,0.000,-0.371,-0.168,0.913,0.466,0.545,-0.697,9.610,5.679,0.046,-1.786,0.223,0.449,-0.865,10.737,-5.435,-4.672,-1.130,none
18.781314,0.548,0.745,0.381,2554.09,1.119,1.343,-0.783,-0.579,-0.353,-0.735,0.794,0.533,0.292,2479.18,1.567,1.007,-0.560,-0.881,-0.371,-0.294,0.589,-0.134,-0.797,2491.69,0.112,0.336,-0.560,-0.717,-0.140,0.683,0.447,0.686,-0.574,2455.96,0.000,0.224,-0.112,-0.368,-0.163,0.915,0.460,0.549,-0.698,9.631,5.466,0.366,-1.863,0.218,0.450,-0.866,10.745,-5.679,-4.427,-1.267,none
18.781399,0.549,0.743,0.382,2546.65,1.343,1.231,-0.224,-0.561,-0.317,-0.765,0.797,0.529,0.292,2481.82,1.343,0.783,-0.112,-0.875,-0.398,-0.275,0.593,-0.135,-0.794,2490.44,0.448,0.112,-0.783,-0.696,-0.143,0.703,0.451,0.684,-0.573,2460.45,-0.336,0.448,-0.224,-0.386,-0.180,0.905,0.459,0.546,-0.701,9.633,5.191,0.427,-1.924,0.218,0.447,-0.868,10.726,-5.924,-4.443,-1.237,none
18.781482,0.549,0.746,0.377,2549.56,1.007,0.895,0.336,-0.585,-0.357,-0.728,0.795,0.527,0.299,2487.74,0.336,0.112,0.336,-0.881,-0.339,-0.328,0.591,-0.130,-0.796,2497.06,0.336,-0.112,0.000,-0.723,-0.167,0.670,0.456,0.687,-0.566,2454.28,0.336,0.112,-0.224,-0.373,-0.172,0.912,0.460,0.543,-0.702,9.615,5.527,0.198,-1.771,0.216,0.444,-0.870,10.748,-5.664,-4.718,-1.160,none
18.781563,0.548,0.745,0.381,2554.09,-0.560,-0.112,0.224,-0.604,-0.406,-0.685,0.797,0.529,0.292,2481.82,-0.448,-0.336,0.224,-0.878,-0.355,-0.321,0.589,-0.134,-0.797,2505.55,0.224,-0.112,0.336,-0.726,-0.149,0.671,0.451,0.688,-0.569,2461.61,0.560,-0.112,-0.224,-0.376,-0.176,0.910,0.462,0.547,-0.698,9.636,5.481,0.305,-1.756,0.220,0.448,-0.867,10.732,-5.817,-4.656,-1.130,none
18.781646,0.546,0.747,0.380,2560.81,-0.895,-0.783,0.560,-0.600,-0.372,-0.708,0.794,0.533,0.292,2479.18,-0.671,-0.895,0.783,-0.878,-0.343,-0.333,0.591,-0.130,-0.796,2497.06,0.224,-0.112,0.560,-0.706,-0.133,0.695,0.448,0.691,-0.567,2452.13,0.000,-0.112,-0.112,-0.373,-0.167,0.912,0.464,0.543,-0.700,9.593,5.237,0.427,-1.756,0.221,0.447,-0.867,10.731,-5.924,-4.626,-0.992,none
18.783725,0.549,0.746,0.377,2549.56,0.000,-0.224,0.448,-0.597,-0.379,-0.707,0.796,0.532,0.288,2484.23,-0.671,-0.560,0.895,-0.875,-0.362,-0.321,0.589,-0.131,-0.797,2490.36,0.224,-0.336,0.448,-0.728,-0.146,0.670,0.447,0.686,-0.574,2455.96,0.336,0.112,-0.112,-0.374,-0.161,0.913,0.461,0.543,-0.702,9.616,5.237,0.321,-1.618,0.216,0.447,-0.868,10.717,-5.847,-4.748,-0.931,none
18.783827,0.545,0.747,0.381,2547.88,0.448,0.000,0.000,-0.590,-0.354,-0.726,0.795,0.532,0.292,2487.13,0.112,-0.112,0.224,-0.874,-0.365,-0.319,0.589,-0.134,-0.797,2491.69,0.112,0.000,0.000,-0.719,-0.128,0.683,0.446,0.688,-0.573,2462.83,0.560,0.000,0.112,-0.371,-0.167,0.914,0.463,0.546,-0.698,9.634,5.344,0.046,-1.618,0.218,0.449,-0.866,10.750,-5.802,-4.962,-0.962,none
18.783913,0.547,0.748,0.376,2557.78,0.224,0.336,0.000,-0.581,-0.329,-0.745,0.794,0.531,0.295,2490.06,0.224,-0.112,0.336,-0.880,-0.364,-0.304,0.589,-0.131,-0.797,2490.36,0.448,0.224,0.112,-0.714,-0.155,0.683,0.446,0.688,-0.573,2462.83,0.112,0.000,0.112,-0.368,-0.162,0.916,0.464,0.548,-0.696,9.610,5.206,0.336,-1.908,0.220,0.448,-0.866,10.737,-6.061,-4.794,-1.191,none
18.795923,0.549,0.746,0.377,2549.56,-0.112,0.336,0.560,-0.588,-0.345,-0.731,0.796,0.530,0.293,2473.86,0.336,0.000,0.448,-0.885,-0.361,-0.295,0.589,-0.134,-0.797,2491.69,0.671,0.336,0.112,-0.724,-0.162,0.670,0.447,0.689,-0.570,2457.12,0.224,0.112,-0.224,-0.382,-0.170,0.908,0.463,0.547,-0.698,9.595,5.298,0.504,-1.847,0.220,0.450,-0.866,10.684,-5.969,-4.641,-1.069,none
18.812816,0.547,0.748,0.376,2557.78,-0.112,0.336,0.895,-0.591,-0.370,-0.717,0.796,0.531,0.289,2470.95,0.224,0.112,1.231,-0.893,-0.335,-0.300,0.589,-0.134,-0.797,2491.69,0.671,0.336,0.112,-0.702,-0.125,0.701,0.447,0.686,-0.574,2455.96,0.671,0.000,-0.224,-0.382,-0.170,0.908,0.462,0.547,-0.698,9.597,5.481,0.275,-1.863,0.218,0.451,-0.865,10.696,-5.725,-4.855,-1.206,none
18.840710,0.550,0.744,0.378,2542.11,0.000,0.448,0.336,-0.599,-0.363,-0.714,0.797,0.527,0.294,2468.57,0.671,0.336,0.448,-0.888,-0.356,-0.289,0.588,-0.142,-0.796,2494.31,0.671,0.224,-0.112,-0.717,-0.126,0.685,0.450,0.682,-0.577,2444.34,0.000,-0.112,0.000,-0.372,-0.177,0.911,0.461,0.546,-0.700,9.646,5.405,0.153,-1.969,0.220,0.446,-0.868,10.749,-5.756,-4.870,-1.267,none
18.865991,0.548,0.745,0.381,2554.09,-0.224,0.224,0.112,-0.571,-0.328,-0.752,0.795,0.534,0.289,2476.27,0.224,0.224,-0.448,-0.882,-0.359,-0.305,0.591,-0.138,-0.795,2498.95,0.000,0.000,-0.336,-0.729,-0.186,0.659,0.451,0.688,-0.569,2461.61,-0.336,0.000,0.112,-0.375,-0.183,0.909,0.462,0.546,-0.699,9.621,5.740,0.137,-1.740,0.219,0.448,-0.867,10.728,-5.481,-4.779,-1.145,none
19.288816,0.548,0.745,0.381,2554.09,-1.119,-0.224,0.448,-0.603,-0.383,-0.700,0.797,0.529,0.292,2481.82,-0.336,0.000,0.112,-0.884,-0.325,-0.335,0.591,-0.134,-0.795,2498.38,0.112,0.000,-0.112,-0.724,-0.139,0.676,0.449,0.687,-0.571,2467.31,-0.224,0.224,-0.112,-0.372,-0.166,0.913,0.461,0.547,-0.699,9.614,5.710,0.214,-1.847,0.217,0.450,-0.866,10.704,-5.557,-4.656,-1.237,none
19.288985,0.545,0.747,0.381,2547.88,-1.455,-0.336,0.448,-0.576,-0.330,-0.748,0.797,0.529,0.292,2481.82,-0.671,-0.112,0.560,-0.880,-0.376,-0.291,0.587,-0.130,-0.799,2499.14,-0.112,0.000,0.112,-0.713,-0.139,0.687,0.451,0.690,-0.566,2456.63,0.224,0.224,-0.112,-0.372,-0.168,0.913,0.461,0.544,-0.701,9.624,5.466,0.168,-1.756,0.219,0.446,-0.868,10.742,-5.695,-4.748,-1.069,none
19.289082,0.548,0.745,0.381,2554.09,-1.119,-0.448,0.560,-0.586,-0.313,-0.747,0.796,0.528,0.296,2484.76,-0.448,-0.224,0.336,-0.886,-0.331,-0.325,0.587,-0.130,-0.799,2499.14,0.000,-0.112,0.000,-0.711,-0.180,0.679,0.449,0.687,-0.571,2467.31,0.000,0.000,-0.112,-0.373,-0.165,0.913,0.463,0.545,-0.699,9.623,5.634,0.183,-1.618,0.219,0.448,-0.867,10.739,-5.527,-4.779,-0.931,none
19.289171,0.548,0.745,0.381,2554.09,-0.560,-0.448,0.112,-0.590,-0.354,-0.726,0.794,0.533,0.292,2479.18,-0.224,-0.448,0.224,-0.881,-0.345,-0.322,0.591,-0.130,-0.796,2497.06,0.000,0.000,0.000,-0.709,-0.124,0.694,0.447,0.689,-0.570,2457.12,-0.224,0.224,0.000,-0.373,-0.161,0.914,0.463,0.547,-0.697,9.641,5.603,0.275,-1.664,0.219,0.447,-0.867,10.757,-5.588,-4.672,-1.038,none
19.289266,0.548,0.745,0.381,2554.09,-0.783,-0.336,0.000,-0.614,-0.383,-0.690,0.797,0.529,0.292,2481.82,-0.448,-0.448,0.224,-0.875,-0.359,-0.326,0.589,-0.131,-0.797,2490.36,0.336,0.112,0.112,-0.719,-0.128,0.683,0.451,0.688,-0.569,2461.61,0.224,-0.112,-0.112,-0.374,-0.165,0.912,0.462,0.547,-0.698,9.590,5.435,0.443,-1.771,0.219,0.449,-0.866,10.726,-5.756,-4.565,-1.099,none
19.289562,0.548,0.745,0.381,2554.09,-0.336,-0.336,0.448,-0.601,-0.381,-0.702,0.796,0.527,0.297,2471.53,-0.224,-0.112,0.783,-0.878,-0.336,-0.341,0.587,-0.134,-0.799,2500.46,0.336,-0.336,0.336,-0.728,-0.161,0.666,0.452,0.686,-0.570,2454.74,0.448,0.000,-0.224,-0.373,-0.167,0.912,0.462,0.548,-0.697,9.591,5.542,0.183,-1.740,0.218,0.447,-0.867,10.721,-5.603,-4.809,-1.115,none
19.289667,0.549,0.746,0.377,2549.56,-0.448,-0.560,0.112,-0.610,-0.394,-0.688,0.798,0.525,0.296,2479.50,-0.112,-0.224,0.336,-0.878,-0.349,-0.327,0.589,-0.134,-0.797,2491.69,0.112,0.000,0.112,-0.716,-0.153,0.681,0.447,0.689,-0.570,2457.12,0.224,0.000,0.000,-0.366,-0.171,0.915,0.465,0.549,-0.695,9.612,5.664,0.336,-1.756,0.222,0.452,-0.864,10.728,-5.573,-4.687,-1.206,none
19.289754,0.550,0.743,0.380,2559.58,-1.119,-0.560,0.336,-0.574,-0.360,-0.735,0.797,0.529,0.292,2481.82,-0.336,-0.224,0.448,-0.879,-0.351,-0.322,0.588,-0.138,-0.797,2493.85,0.224,-0.112,0.112,-0.728,-0.178,0.662,0.446,0.688,-0.573,2462.83,0.000,0.224,-0.336,-0.372,-0.170,0.913,0.464,0.545,-0.698,9.606,5.634,0.412,-1.756,0.216,0.448,-0.867,10.695,-5.557,-4.534,-1.115,none
19.289846,0.548,0.745,0.381,2554.09,-0.783,-0.336,0.560,-0.590,-0.349,-0.728,0.797,0.527,0.294,2468.57,-0.895,-0.224,0.336,-0.885,-0.356,-0.300,0.588,-0.138,-0.797,2493.85,0.224,0.112,0.000,-0.714,-0.120,0.690,0.452,0.686,-0.570,2454.74,0.000,0.000,-0.112,-0.371,-0.166,0.914,0.457,0.546,-0.702,9.632,5.939,0.000,-1.634,0.214,0.446,-0.869,10.731,-5.282,-5.008,-1.008,none
19.289927,0.549,0.746,0.377,2549.56,-1.679,-1.119,0.224,-0.600,-0.381,-0.704,0.799,0.526,0.293,2476.55,-0.895,-0.448,-0.112,-0.878,-0.345,-0.332,0.591,-0.130,-0.796,2497.06,-0.336,-0.112,0.000,-0.728,-0.138,0.672,0.451,0.688,-0.569,2461.61,-0.448,0.448,0.112,-0.370,-0.169,0.914,0.465,0.548,-0.696,9.633,5.786,0.000,-1.786,0.222,0.450,-0.865,10.705,-5.344,-4.931,-1.191,none
19.290007,0.550,0.743,0.380,2559.58,-2.910,-1.455,0.560,-0.588,-0.310,-0.747,0.797,0.529,0.292,2481.82,-2.350,-0.783,0.783,-0.872,-0.375,-0.315,0.589,-0.131,-0.797,2490.36,0.000,-0.112,0.224,-0.724,-0.118,0.680,0.447,0.689,-0.570,2457.12,-0.336,0.000,0.112,-0.365,-0.175,0.914,0.462,0.545,-0.699,9.577,5.588,0.229,-1.771,0.221,0.449,-0.866,10.678,-5.618,-4.763,-1.191,none
19.290088,0.548,0.745,0.381,2554.09,-2.574,-1.231,1.007,-0.591,-0.335,-0.734,0.795,0.530,0.297,2476.81,-1.343,-0.448,0.895,-0.878,-0.343,-0.335,0.588,-0.131,-0.798,2476.50,0.224,0.112,0.224,-0.688,-0.148,0.711,0.448,0.691,-0.567,2452.13,-0.224,-0.112,-0.112,-0.381,-0.175,0.908,0.464,0.543,-0.700,9.587,5.313,0.214,-2.000,0.219,0.448,-0.867,10.676,-5.985,-4.901,-1.435,none
19.290170,0.548,0.745,0.381,2554.09,-0.224,-0.224,0.112,-0.573,-0.319,-0.755,0.793,0.533,0.296,2482.12,0.448,0.000,0.112,-0.888,-0.366,-0.278,0.589,-0.134,-0.797,2491.69,0.224,-0.336,-0.112,-0.711,-0.150,0.687,0.444,0.691,-0.571,2453.11,1.455,0.112,0.112,-0.372,-0.176,0.911,0.466,0.542,-0.699,9.641,5.206,0.260,-2.183,0.225,0.446,-0.866,10.753,-6.015,-4.763,-1.557,none
19.291029,0.547,0.744,0.384,2557.17,0.895,0.671,-0.112,-0.580,-0.342,-0.739,0.798,0.525,0.296,2479.50,1.007,0.448,0.560,-0.883,-0.368,-0.291,0.591,-0.138,-0.795,2498.95,0.560,-0.112,-0.112,-0.728,-0.161,0.666,0.449,0.687,-0.571,2467.31,0.560,0.000,-0.112,-0.367,-0.162,0.916,0.460,0.547,-0.700,9.640,5.863,0.137,-1.374,0.218,0.448,-0.867,10.749,-5.252,-4.809,-0.779,none
19.291116,0.551,0.740,0.384,2555.24,-0.671,0.336,0.671,-0.583,-0.366,-0.725,0.801,0.521,0.296,2483.59,0.224,0.112,0.671,-0.881,-0.356,-0.311,0.591,-0.138,-0.795,2498.95,0.671,0.783,-0.560,-0.720,-0.143,0.679,0.449,0.687,-0.571,2467.31,-1.231,0.560,0.000,-0.371,-0.179,0.911,0.461,0.553,-0.693,9.612,5.420,0.183,-2.076,0.216,0.455,-0.864,10.708,-5.969,-4.824,-1.511,none
19.291202,0.552,0.742,0.381,2552.16,-0.671,0.000,1.007,-0.604,-0.365,-0.709,0.798,0.525,0.296,2479.50,-0.112,0.336,1.455,-0.890,-0.350,-0.292,0.593,-0.138,-0.793,2491.01,0.895,0.224,0.336,-0.709,-0.124,0.694,0.450,0.692,-0.564,2463.54,-0.336,0.448,-0.224,-0.367,-0.159,0.916,0.459,0.543,-0.703,9.631,5.008,0.534,-2.183,0.215,0.443,-0.870,10.771,-6.290,-4.489,-1.481,none
19.291286,0.552,0.742,0.381,2552.16,-1.119,-0.448,1.567,-0.574,-0.367,-0.732,0.800,0.523,0.293,2471.83,-1.119,-0.560,1.790,-0.876,-0.365,-0.315,0.591,-0.134,-0.795,2498.38,0.783,0.112,0.783,-0.721,-0.150,0.676,0.453,0.688,-0.567,2449.74,1.567,-0.336,-0.448,-0.372,-0.164,0.914,0.460,0.547,-0.699,9.605,5.634,0.153,-1.863,0.216,0.450,-0.866,10.688,-5.679,-4.901,-1.237,none
19.293610,0.552,0.742,0.381,2552.16,-1.902,-1.007,1.007,-0.591,-0.338,-0.733,0.800,0.523,0.293,2471.83,-1.567,-0.671,1.231,-0.878,-0.379,-0.293,0.591,-0.135,-0.796,2483.73,0.224,0.000,0.783,-0.713,-0.131,0.689,0.447,0.686,-0.574,2455.96,1.007,-0.112,-0.112,-0.372,-0.166,0.913,0.462,0.549,-0.697,9.623,5.237,0.351,-1.893,0.220,0.450,-0.865,10.732,-6.031,-4.718,-1.221,none
19.293706,0.552,0.742,0.381,2552.16,-1.455,-0.560,1.007,-0.582,-0.387,-0.715,0.798,0.525,0.296,2479.50,-0.560,-0.112,0.895,-0.881,-0.345,-0.322,0.589,-0.134,-0.797,2491.69,0.448,-0.112,0.448,-0.726,-0.127,0.675,0.449,0.687,-0.571,2450.24,-0.224,0.112,-0.112,-0.377,-0.167,0.911,0.460,0.546,-0.701,9.593,5.160,0.443,-1.740,0.217,0.450,-0.866,10.696,-6.046,-4.534,-1.099,none
19.293799,0.552,0.742,0.381,2552.16,-0.112,0.000,0.783,-0.564,-0.362,-0.742,0.798,0.525,0.296,2479.50,-0.224,-0.224,0.560,-0.886,-0.351,-0.302,0.590,-0.139,-0.795,2485.89,0.224,-0.448,0.224,-0.711,-0.129,0.691,0.452,0.686,-0.570,2454.74,-0.448,0.000,-0.112,-0.381,-0.175,0.908,0.460,0.546,-0.701,9.631,5.344,0.061,-1.664,0.218,0.448,-0.867,10.754,-5.740,-4.870,-0.947,none
19.302049,0.551,0.740,0.384,2555.24,-0.560,-0.448,-0.112,-0.591,-0.396,-0.702,0.798,0.525,0.296,2479.50,-0.560,-0.448,0.000,-0.872,-0.372,-0.319,0.591,-0.138,-0.795,2498.95,-0.112,-0.224,0.000,-0.730,-0.160,0.664,0.451,0.684,-0.573,2460.45,0.671,-0.112,0.112,-0.365,-0.168,0.916,0.460,0.547,-0.699,9.640,5.603,0.015,-1.588,0.216,0.450,-0.866,10.749,-5.527,-4.916,-0.931,none
19.325705,0.551,0.740,0.384,2555.24,-0.895,-0.448,0.224,-0.569,-0.337,-0.750,0.799,0.526,0.293,2476.55,-1.119,-0.671,0.560,-0.873,-0.369,-0.318,0.589,-0.134,-0.797,2491.69,0.000,0.112,0.112,-0.724,-0.162,0.670,0.449,0.687,-0.571,2450.24,0.224,0.000,0.000,-0.371,-0.160,0.915,0.463,0.549,-0.696,9.587,5.374,0.092,-1.908,0.221,0.452,-0.864,10.702,-5.817,-4.947,-1.221,none
19.347581,0.553,0.739,0.385,2548.59,-1.119,-0.783,0.448,-0.607,-0.365,-0.706,0.800,0.523,0.293,2471.83,-1.007,-0.560,0.671,-0.879,-0.354,-0.318,0.588,-0.138,-0.797,2493.85,0.112,-0.112,0.336,-0.723,-0.129,0.679,0.449,0.687,-0.571,2450.24,0.000,0.000,0.112,-0.362,-0.158,0.919,0.462,0.546,-0.699,9.600,5.450,0.137,-1.725,0.219,0.448,-0.867,10.728,-5.664,-4.992,-1.038,none
19.367572,0.554,0.740,0.382,2544.01,-0.560,-0.224,-0.224,-0.585,-0.362,-0.726,0.799,0.522,0.297,2474.78,-0.112,-0.560,0.224,-0.894,-0.343,-0.290,0.588,-0.138,-0.797,2493.85,-0.112,-0.336,0.224,-0.704,-0.116,0.700,0.444,0.691,-0.571,2453.11,0.224,-0.224,0.112,-0.372,-0.170,0.913,0.465,0.549,-0.694,9.599,5.527,0.229,-1.786,0.221,0.452,-0.865,10.709,-5.618,-4.855,-1.053,none
19.388745,0.552,0.742,0.381,2552.16,-0.112,-0.224,-0.224,-0.603,-0.368,-0.708,0.799,0.526,0.293,2476.55,0.112,0.000,-0.112,-0.879,-0.339,-0.335,0.586,-0.135,-0.799,2485.81,0.000,-0.336,-0.224,-0.729,-0.133,0.672,0.449,0.687,-0.571,2450.24,0.224,-0.112,-0.112,-0.370,-0.166,0.914,0.461,0.549,-0.698,9.623,5.481,0.351,-1.771,0.219,0.448,-0.867,10.746,-5.679,-4.702,-1.069,none
19.798824,0.551,0.741,0.383,2538.49,-0.560,0.000,0.112,-0.585,-0.331,-0.741,0.799,0.526,0.293,2476.55,0.112,0.000,0.112,-0.887,-0.357,-0.294,0.587,-0.134,-0.799,2500.46,0.000,-0.112,-0.112,-0.723,-0.144,0.676,0.449,0.687,-0.571,2450.24,-0.448,0.112,-0.112,-0.361,-0.163,0.918,0.460,0.547,-0.699,9.642,5.634,0.244,-1.664,0.218,0.451,-0.866,10.721,-5.527,-4.779,-1.023,none
19.800178,0.551,0.740,0.384,2555.24,-0.224,-0.224,-0.112,-0.578,-0.312,-0.754,0.802,0.521,0.292,2480.64,0.000,-0.224,0.000,-0.882,-0.343,-0.324,0.589,-0.134,-0.797,2491.69,-0.112,-0.336,-0.112,-0.743,-0.141,0.654,0.449,0.687,-0.571,2450.24,-0.224,-0.112,0.112,-0.370,-0.166,0.914,0.461,0.547,-0.698,9.597,5.740,0.122,-1.634,0.219,0.450,-0.866,10.730,-5.466,-4.947,-1.023,none
19.800302,0.551,0.740,0.384,2555.24,-1.007,-0.448,-0.224,-0.596,-0.336,-0.729,0.800,0.523,0.293,2471.83,-0.224,-0.224,-0.224,-0.876,-0.352,-0.328,0.591,-0.134,-0.795,2498.38,-0.112,-0.112,0.000,-0.707,-0.106,0.699,0.449,0.687,-0.571,2450.24,-0.112,-0.112,0.336,-0.356,-0.168,0.919,0.463,0.547,-0.697,9.633,5.557,0.000,-1.695,0.218,0.449,-0.867,10.741,-5.603,-4.962,-0.962,none
19.800400,0.551,0.740,0.384,2555.24,-0.783,-0.448,-0.112,-0.574,-0.316,-0.755,0.799,0.526,0.293,2476.55,-0.224,-0.112,0.000,-0.875,-0.343,-0.341,0.589,-0.134,-0.797,2491.69,0.224,0.112,0.112,-0.711,-0.111,0.695,0.447,0.689,-0.570,2457.12,0.112,0.000,0.000,-0.377,-0.173,0.910,0.464,0.547,-0.697,9.608,5.466,0.198,-1.618,0.220,0.449,-0.866,10.708,-5.649,-4.748,-0.962,none
19.800502,0.551,0.740,0.384,2555.24,-0.112,0.112,0.112,-0.580,-0.342,-0.739,0.799,0.526,0.293,2476.55,0.000,-0.112,0.224,-0.875,-0.346,-0.339,0.589,-0.134,-0.797,2491.69,0.112,0.000,-0.112,-0.723,-0.144,0.676,0.447,0.689,-0.570,2457.12,-0.224,0.112,0.000,-0.372,-0.166,0.913,0.463,0.547,-0.698,9.627,5.511,0.260,-1.786,0.220,0.450,-0.866,10.734,-5.710,-4.733,-1.115,none
19.800594,0.552,0.742,0.381,2552.16,0.448,0.112,-0.224,-0.588,-0.345,-0.731,0.797,0.527,0.294,2468.57,0.336,0.000,0.000,-0.871,-0.327,-0.366,0.591,-0.138,-0.795,2498.95,0.224,0.112,-0.112,-0.718,-0.142,0.682,0.447,0.689,-0.570,2457.12,0.448,0.224,-0.224,-0.376,-0.175,0.910,0.460,0.548,-0.699,9.622,5.435,0.366,-1.527,0.218,0.451,-0.866,10.712,-5.756,-4.550,-0.840,none
19.800685,0.552,0.742,0.381,2552.16,0.112,0.336,0.112,-0.590,-0.362,-0.721,0.800,0.523,0.293,2471.83,0.224,0.112,0.224,-0.883,-0.346,-0.316,0.589,-0.134,-0.797,2491.69,0.112,0.112,0.000,-0.737,-0.159,0.656,0.447,0.689,-0.570,2457.12,-0.224,0.000,-0.112,-0.366,-0.166,0.916,0.463,0.549,-0.695,9.612,5.740,0.229,-1.695,0.219,0.451,-0.865,10.702,-5.542,-4.687,-1.130,none
19.800765,0.552,0.742,0.381,2552.16,0.112,0.000,-0.112,-0.607,-0.365,-0.706,0.799,0.526,0.293,2476.55,0.448,0.000,0.224,-0.883,-0.368,-0.291,0.593,-0.135,-0.794,2490.44,0.448,0.000,0.000,-0.723,-0.150,0.675,0.447,0.686,-0.574,2455.96,0.000,0.112,-0.336,-0.368,-0.168,0.915,0.461,0.548,-0.698,9.632,5.466,0.550,-1.649,0.217,0.450,-0.866,10.722,-5.740,-4.336,-1.008,none
19.800912,0.551,0.740,0.384,2555.24,0.000,0.000,0.560,-0.588,-0.358,-0.725,0.802,0.521,0.292,2480.64,0.448,0.224,0.560,-0.882,-0.356,-0.309,0.591,-0.138,-0.795,2498.95,0.336,0.000,0.000,-0.709,-0.118,0.695,0.452,0.686,-0.570,2454.74,0.224,0.112,-0.336,-0.371,-0.171,0.913,0.458,0.547,-0.700,9.598,5.695,0.321,-1.511,0.214,0.449,-0.867,10.722,-5.496,-4.611,-0.916,none
19.802452,0.553,0.739,0.385,2548.59,-0.336,-0.448,0.112,-0.587,-0.348,-0.731,0.801,0.521,0.296,2483.59,-0.448,-0.448,0.000,-0.886,-0.349,-0.306,0.591,-0.142,-0.794,2501.00,-0.112,-0.112,0.000,-0.717,-0.132,0.685,0.452,0.686,-0.570,2454.74,-0.112,0.000,-0.112,-0.368,-0.171,0.914,0.457,0.547,-0.701,9.646,5.847,-0.061,-1.466,0.213,0.449,-0.868,10.746,-5.267,-5.053,-0.916,none
19.802563,0.553,0.739,0.385,2548.59,-1.455,-0.783,-0.224,-0.575,-0.381,-0.724,0.802,0.518,0.297,2477.59,-0.448,-0.448,-0.448,-0.894,-0.337,-0.294,0.589,-0.134,-0.797,2491.69,-0.895,-0.112,0.000,-0.728,-0.138,0.672,0.446,0.688,-0.573,2462.83,-0.560,0.112,0.224,-0.366,-0.164,0.916,0.467,0.551,-0.691,9.609,5.817,-0.137,-1.649,0.221,0.452,-0.864,10.714,-5.344,-5.069,-1.038,none
19.802661,0.554,0.739,0.383,2560.77,-2.574,-1.343,0.336,-0.584,-0.366,-0.724,0.796,0.528,0.296,2484.76,-1.902,-0.783,0.448,-0.883,-0.344,-0.320,0.589,-0.131,-0.797,2490.36,-0.448,-0.112,-0.336,-0.702,-0.125,0.701,0.446,0.692,-0.568,2464.02,-0.336,0.112,0.000,-0.372,-0.173,0.912,0.465,0.545,-0.697,9.625,5.420,0.275,-1.954,0.221,0.448,-0.866,10.729,-5.863,-4.626,-1.282,none
19.802766,0.549,0.743,0.382,2546.65,-1.679,-0.783,1.007,-0.582,-0.336,-0.740,0.799,0.526,0.293,2476.55,-1.679,-0.560,0.895,-0.867,-0.365,-0.340,0.588,-0.135,-0.797,2477.83,0.112,0.112,-0.224,-0.720,-0.153,0.676,0.449,0.689,-0.568,2445.23,0.783,0.000,-0.112,-0.373,-0.165,0.913,0.463,0.547,-0.698,9.567,5.481,0.336,-1.771,0.219,0.449,-0.866,10.688,-5.786,-4.702,-1.160,none
19.802871,0.552,0.742,0.381,2552.16,0.448,0.336,0.224,-0.586,-0.318,-0.746,0.799,0.525,0.294,2463.84,0.783,0.224,0.224,-0.892,-0.361,-0.271,0.589,-0.134,-0.797,2491.69,0.112,0.112,-0.112,-0.717,-0.126,0.685,0.449,0.687,-0.571,2450.24,0.671,-0.112,0.000,-0.369,-0.181,0.912,0.461,0.549,-0.697,9.598,5.618,0.214,-1.832,0.216,0.453,-0.865,10.707,-5.603,-4.748,-1.237,none
19.802968,0.555,0.736,0.388,2557.99,0.448,0.560,-0.336,-0.591,-0.338,-0.733,0.801,0.519,0.298,2470.38,0.895,0.448,-0.448,-0.881,-0.355,-0.313,0.589,-0.134,-0.797,2491.69,0.224,-0.224,-0.448,-0.733,-0.140,0.665,0.451,0.684,-0.573,2460.45,0.112,0.112,0.000,-0.372,-0.170,0.913,0.458,0.549,-0.699,9.603,5.481,0.153,-1.725,0.215,0.449,-0.867,10.733,-5.725,-4.748,-1.115,none
19.803061,0.551,0.740,0.384,2555.24,1.007,0.783,-0.336,-0.587,-0.327,-0.741,0.798,0.525,0.296,2479.50,0.448,0.000,-0.112,-0.881,-0.335,-0.335,0.591,-0.138,-0.795,2498.95,0.112,0.112,-0.224,-0.718,-0.133,0.683,0.451,0.688,-0.569,2461.61,-0.560,0.224,-0.112,-0.373,-0.167,0.913,0.461,0.549,-0.697,9.644,5.588,0.092,-1.695,0.217,0.451,-0.866,10.724,-5.588,-4.824,-1.069,none
19.803154,0.551,0.739,0.388,2559.10,-0.560,-0.336,0.224,-0.593,-0.350,-0.726,0.801,0.521,0.296,2483.59,-0.448,-0.112,0.224,-0.879,-0.353,-0.321,0.592,-0.137,-0.794,2513.60,0.224,-0.112,0.336,-0.715,-0.157,0.681,0.451,0.688,-0.569,2461.61,0.224,0.224,0.000,-0.372,-0.170,0.913,0.458,0.548,-0.699,9.639,5.511,0.214,-1.756,0.216,0.451,-0.866,10.723,-5.695,-4.733,-1.130,none
19.805637,0.553,0.739,0.385,2548.59,-1.343,-0.783,0.448,-0.576,-0.373,-0.728,0.800,0.523,0.293,2471.83,-1.231,-0.671,0.560,-0.885,-0.322,-0.337,0.589,-0.134,-0.797,2491.69,0.112,-0.112,0.560,-0.714,-0.126,0.689,0.452,0.686,-0.570,2454.74,0.224,-0.224,-0.112,-0.376,-0.179,0.909,0.462,0.549,-0.697,9.608,5.450,0.198,-1.756,0.218,0.452,-0.865,10.684,-5.740,-4.824,-1.130,none
19.805746,0.553,0.739,0.385,2548.59,-1.231,-1.007,0.448,-0.581,-0.345,-0.738,0.799,0.526,0.293,2476.55,-0.560,-0.560,0.224,-0.883,-0.332,-0.331,0.589,-0.134,-0.797,2491.69,0.000,-0.112,0.448,-0.725,-0.169,0.668,0.449,0.687,-0.571,2450.24,0.224,0.000,0.000,-0.372,-0.173,0.912,0.464,0.548,-0.696,9.585,5.527,0.122,-1.603,0.218,0.449,-0.867,10.708,-5.664,-4.840,-1.008,none
19.807182,0.552,0.742,0.381,2552.16,-0.224,-0.336,-0.112,-0.593,-0.358,-0.721,0.800,0.523,0.293,2471.83,0.000,-0.112,-0.336,-0.881,-0.323,-0.346,0.591,-0.135,-0.796,2483.73,-0.224,-0.336,0.000,-0.723,-0.160,0.672,0.449,0.687,-0.571,2450.24,-0.112,0.000,0.000,-0.377,-0.174,0.910,0.461,0.548,-0.698,9.604,5.450,0.107,-1.374,0.217,0.451,-0.866,10.734,-5.511,-4.794,-0.763,none
19.829959,0.553,0.739,0.385,2548.59,0.671,0.336,-0.560,-0.593,-0.350,-0.726,0.799,0.526,0.293,2476.55,0.224,0.112,-0.671,-0.881,-0.326,-0.342,0.586,-0.135,-0.799,2485.81,-0.448,-0.448,-0.224,-0.720,-0.168,0.674,0.449,0.687,-0.571,2467.31,-0.224,0.000,0.000,-0.377,-0.173,0.910,0.460,0.548,-0.698,9.627,5.466,0.092,-1.588,0.216,0.451,-0.866,10.762,-5.573,-4.885,-0.916,none
19.852086,0.553,0.739,0.385,2548.59,0.112,0.000,-0.336,-0.581,-0.369,-0.726,0.802,0.521,0.292,2480.64,-0.224,-0.112,0.000,-0.878,-0.349,-0.327,0.591,-0.135,-0.796,2483.73,0.000,-0.112,0.112,-0.691,-0.132,0.710,0.447,0.689,-0.570,2457.12,0.000,0.000,0.000,-0.369,-0.169,0.914,0.462,0.550,-0.695,9.609,5.344,0.092,-1.878,0.216,0.453,-0.865,10.698,-5.893,-5.023,-1.313,none
19.874188,0.553,0.739,0.385,2548.59,-0.336,-0.224,0.224,-0.593,-0.350,-0.726,0.800,0.523,0.293,2471.83,-0.224,-0.112,0.224,-0.881,-0.345,-0.324,0.589,-0.134,-0.797,2491.69,0.448,-0.112,0.112,-0.713,-0.160,0.683,0.449,0.687,-0.571,2450.24,0.224,-0.224,0.336,-0.366,-0.166,0.916,0.462,0.547,-0.698,9.600,5.145,0.122,-2.031,0.219,0.451,-0.865,10.717,-6.122,-4.947,-1.344,none
19.897813,0.554,0.739,0.383,2560.77,0.224,0.224,0.000,-0.587,-0.348,-0.731,0.799,0.525,0.294,2463.84,0.336,-0.112,0.224,-0.869,-0.355,-0.344,0.590,-0.139,-0.795,2485.89,0.224,-0.112,0.112,-0.719,-0.137,0.681,0.447,0.686,-0.574,2455.96,0.671,-0.112,0.000,-0.365,-0.168,0.916,0.463,0.548,-0.697,9.592,5.511,0.244,-1.908,0.218,0.451,-0.866,10.700,-5.588,-5.099,-1.130,none
20.309214,0.551,0.740,0.384,2555.24,-0.112,0.336,-0.336,-0.590,-0.330,-0.737,0.800,0.523,0.293,2471.83,0.448,0.112,-0.336,-0.888,-0.340,-0.309,0.588,-0.138,-0.797,2493.85,0.448,0.112,-0.224,-0.721,-0.134,0.680,0.447,0.686,-0.574,2455.96,-0.112,0.000,0.224,-0.365,-0.164,0.916,0.462,0.550,-0.696,9.610,5.496,0.183,-1.817,0.215,0.451,-0.866,10.761,-5.573,-5.130,-1.053,none
20.309357,0.554,0.740,0.382,2544.01,0.448,0.448,-0.448,-0.579,-0.347,-0.738,0.799,0.522,0.297,2474.78,0.671,0.448,-0.671,-0.895,-0.333,-0.298,0.587,-0.134,-0.799,2500.46,-0.336,0.000,-0.560,-0.725,-0.157,0.670,0.451,0.688,-0.569,2461.61,-0.448,0.224,0.224,-0.375,-0.174,0.911,0.459,0.551,-0.697,9.623,5.832,-0.229,-2.107,0.214,0.452,-0.866,10.729,-5.359,-5.649,-1.481,none
20.309447,0.556,0.737,0.384,2554.13,-0.560,0.224,-0.671,-0.575,-0.339,-0.744,0.802,0.521,0.292,2480.64,0.448,0.336,-1.007,-0.895,-0.336,-0.292,0.591,-0.134,-0.795,2498.38,0.112,0.000,-0.560,-0.723,-0.122,0.679,0.451,0.688,-0.569,2461.61,-0.224,0.224,0.560,-0.377,-0.166,0.911,0.458,0.549,-0.699,9.603,5.618,-0.489,-2.229,0.209,0.452,-0.867,10.770,-5.588,-6.076,-1.420,none
20.309530,0.555,0.736,0.388,2557.99,-0.895,-0.448,-0.895,-0.600,-0.367,-0.710,0.799,0.522,0.297,2474.78,0.560,0.224,-1.455,-0.879,-0.339,-0.335,0.591,-0.135,-0.796,2483.73,0.000,-0.112,-0.671,-0.708,-0.137,0.693,0.449,0.687,-0.571,2467.31,0.000,-0.112,0.783,-0.374,-0.178,0.910,0.457,0.551,-0.699,9.612,5.664,-0.824,-2.427,0.214,0.451,-0.866,10.698,-5.420,-6.611,-1.710,none
20.309624,0.553,0.739,0.385,2548.59,-1.455,-0.783,-1.231,-0.571,-0.348,-0.743,0.799,0.522,0.297,2474.78,0.336,-0.224,-1.455,-0.879,-0.363,-0.309,0.591,-0.135,-0.796,2483.73,0.112,-0.112,-0.560,-0.715,-0.149,0.683,0.451,0.688,-0.569,2461.61,-0.224,0.000,1.231,-0.377,-0.166,0.911,0.465,0.546,-0.697,9.623,5.374,-0.702,-2.427,0.221,0.449,-0.866,10.757,-5.695,-6.382,-1.649,none
20.309716,0.547,0.744,0.384,2557.17,-0.895,-0.448,-1.343,-0.590,-0.349,-0.728,0.796,0.528,0.296,2484.76,0.895,0.000,-1.231,-0.880,-0.366,-0.302,0.587,-0.134,-0.799,2500.46,0.224,0.336,-0.448,-0.726,-0.156,0.670,0.451,0.690,-0.566,2456.63,0.224,-0.112,0.895,-0.365,-0.160,0.917,0.459,0.546,-0.700,9.609,5.420,-0.153,-2.092,0.216,0.446,-0.869,10.760,-5.664,-5.786,-1.191,none
20.309812,0.551,0.740,0.384,2555.24,-0.448,0.000,-0.448,-0.574,-0.316,-0.755,0.798,0.525,0.296,2479.50,0.560,0.112,-0.560,-0.883,-0.337,-0.326,0.589,-0.134,-0.797,2491.69,0.671,0.112,-0.224,-0.718,-0.173,0.674,0.453,0.688,-0.567,2449.74,0.000,0.000,0.783,-0.364,-0.167,0.916,0.455,0.553,-0.698,9.589,5.588,-0.214,-2.183,0.213,0.454,-0.865,10.702,-5.511,-5.939,-1.344,none
20.309900,0.555,0.736,0.388,2557.99,-0.224,0.112,-0.895,-0.571,-0.335,-0.750,0.800,0.524,0.292,2485.35,0.895,0.224,-0.783,-0.886,-0.327,-0.327,0.588,-0.138,-0.797,2493.85,0.336,-0.112,-0.336,-0.724,-0.154,0.673,0.455,0.685,-0.569,2459.27,0.224,0.000,0.783,-0.374,-0.175,0.911,0.454,0.552,-0.700,9.620,5.435,-0.351,-2.321,0.210,0.451,-0.868,10.718,-5.710,-6.153,-1.542,none
20.309988,0.549,0.742,0.385,2549.74,-0.783,-0.671,-1.119,-0.576,-0.363,-0.733,0.797,0.529,0.292,2481.82,0.895,-0.112,-1.231,-0.876,-0.367,-0.312,0.591,-0.134,-0.795,2498.38,0.224,0.000,-0.448,-0.720,-0.152,0.678,0.451,0.684,-0.573,2460.45,0.224,-0.112,0.783,-0.370,-0.175,0.912,0.465,0.550,-0.694,9.610,5.679,-0.427,-2.290,0.219,0.451,-0.865,10.760,-5.435,-6.000,-1.527,none
20.310077,0.549,0.742,0.385,2549.74,-1.567,-0.895,-1.231,-0.582,-0.344,-0.736,0.797,0.529,0.292,2481.82,0.560,-0.112,-1.231,-0.884,-0.355,-0.305,0.591,-0.138,-0.795,2498.95,0.224,0.224,-0.224,-0.710,-0.155,0.687,0.452,0.686,-0.570,2454.74,-0.336,-0.112,0.671,-0.370,-0.168,0.914,0.462,0.547,-0.698,9.617,5.679,0.351,-1.710,0.215,0.450,-0.867,10.726,-5.481,-5.130,-0.916,none
20.310163,0.549,0.742,0.385,2549.74,-0.895,-0.448,-0.448,-0.584,-0.349,-0.733,0.799,0.526,0.293,2476.55,-0.224,-0.112,-0.671,-0.878,-0.349,-0.327,0.591,-0.138,-0.795,2498.95,0.224,0.112,-0.336,-0.730,-0.135,0.670,0.451,0.684,-0.573,2460.45,0.112,-0.112,0.112,-0.364,-0.176,0.914,0.456,0.550,-0.699,9.602,5.695,0.260,-1.573,0.210,0.450,-0.868,10.715,-5.344,-5.160,-0.840,none
20.310253,0.552,0.738,0.389,2552.46,-1.007,-0.671,-0.671,-0.589,-0.367,-0.720,0.799,0.526,0.293,2476.55,-0.560,-0.448,-0.783,-0.879,-0.339,-0.335,0.591,-0.138,-0.795,2498.95,-0.560,-0.112,-0.112,-0.692,-0.120,0.712,0.452,0.686,-0.570,2454.74,-0.560,0.112,0.000,-0.374,-0.173,0.911,0.458,0.552,-0.697,9.620,6.015,-0.198,-1.817,0.210,0.455,-0.866,10.719,-5.053,-5.740,-1.099,none
20.310333,0.551,0.739,0.388,2559.10,-3.581,-2.014,-0.783,-0.587,-0.357,-0.727,0.797,0.529,0.292,2481.82,-1.679,-1.119,-0.783,-0.879,-0.346,-0.328,0.589,-0.131,-0.797,2490.36,-0.560,0.224,0.224,-0.710,-0.142,0.689,0.449,0.687,-0.571,2467.31,-0.224,0.224,0.560,-0.370,-0.161,0.915,0.463,0.551,-0.694,9.587,5.557,-0.107,-2.290,0.216,0.457,-0.863,10.699,-5.710,-5.618,-1.527,none
20.310412,0.550,0.743,0.380,2559.58,-3.133,-1.119,0.000,-0.600,-0.331,-0.728,0.796,0.530,0.293,2473.86,-1.567,-0.783,-0.336,-0.888,-0.334,-0.316,0.586,-0.131,-0.799,2484.49,0.000,0.336,-0.112,-0.707,-0.127,0.696,0.449,0.687,-0.571,2450.24,-0.336,-0.112,0.560,-0.371,-0.170,0.913,0.461,0.544,-0.701,9.588,5.206,0.168,-2.198,0.218,0.448,-0.867,10.690,-5.969,-5.298,-1.420,none
20.310492,0.549,0.742,0.385,2549.74,-0.560,0.000,-0.224,-0.600,-0.346,-0.721,0.796,0.530,0.293,2473.86,0.224,-0.112,-0.336,-0.884,-0.343,-0.317,0.589,-0.134,-0.797,2491.69,0.000,0.112,-0.336,-0.713,-0.139,0.687,0.449,0.687,-0.571,2450.24,0.448,-0.112,0.336,-0.372,-0.162,0.914,0.463,0.543,-0.701,9.613,5.603,0.183,-1.847,0.217,0.448,-0.867,10.729,-5.511,-5.145,-1.130,none
20.310570,0.548,0.741,0.388,2553.61,1.231,0.560,-1.007,-0.606,-0.375,-0.701,0.798,0.528,0.290,2465.65,1.007,0.112,-1.007,-0.875,-0.343,-0.341,0.589,-0.138,-0.796,2507.70,0.112,0.112,-0.560,-0.712,-0.128,0.691,0.451,0.684,-0.573,2460.45,-0.336,0.224,0.112,-0.364,-0.158,0.918,0.458,0.548,-0.700,9.645,5.802,0.321,-1.618,0.211,0.453,-0.866,10.748,-5.344,-4.687,-0.840,none
20.310650,0.551,0.740,0.384,2555.24,0.560,0.336,-0.336,-0.596,-0.349,-0.723,0.798,0.525,0.296,2479.50,0.783,0.000,-0.448,-0.879,-0.363,-0.309,0.591,-0.138,-0.795,2498.95,0.112,0.448,-0.336,-0.710,-0.147,0.689,0.455,0.685,-0.569,2459.27,-0.336,0.336,-0.112,-0.375,-0.169,0.911,0.451,0.554,-0.700,9.623,5.740,0.137,-1.847,0.204,0.454,-0.867,10.761,-5.405,-5.023,-1.176,none
20.313270,0.555,0.736,0.388,2557.99,-0.448,-0.224,0.112,-0.580,-0.381,-0.720,0.801,0.521,0.296,2483.59,0.000,0.000,-0.336,-0.892,-0.342,-0.295,0.591,-0.138,-0.795,2498.95,0.224,0.112,-0.112,-0.727,-0.176,0.664,0.455,0.681,-0.574,2458.16,0.000,0.112,0.112,-0.375,-0.169,0.911,0.459,0.551,-0.697,9.590,5.450,0.107,-1.786,0.213,0.450,-0.867,10.712,-5.679,-5.038,-1.069,none
20.313362,0.551,0.739,0.388,2559.10,-1.343,-0.895,0.224,-0.590,-0.354,-0.726,0.796,0.530,0.293,2473.86,-1.119,-0.224,-0.112,-0.879,-0.354,-0.318,0.591,-0.135,-0.796,2483.73,-0.224,0.000,0.112,-0.730,-0.172,0.662,0.452,0.686,-0.570,2454.74,0.560,-0.112,0.000,-0.373,-0.176,0.911,0.457,0.546,-0.702,9.609,5.740,0.092,-1.481,0.210,0.447,-0.869,10.739,-5.328,-5.053,-0.824,none
20.313445,0.549,0.742,0.385,2549.74,-1.567,-1.007,0.112,-0.593,-0.367,-0.717,0.796,0.530,0.293,2473.86,-1.007,-0.671,0.000,-0.879,-0.330,-0.343,0.589,-0.134,-0.797,2491.69,-0.336,0.000,0.448,-0.724,-0.152,0.673,0.452,0.686,-0.570,2454.74,-0.448,0.000,0.112,-0.368,-0.168,0.915,0.462,0.551,-0.695,9.590,5.618,0.092,-1.588,0.212,0.452,-0.866,10.691,-5.496,-4.962,-0.916,none
20.328902,0.551,0.739,0.388,2559.10,-0.560,-0.560,-0.336,-0.587,-0.335,-0.736,0.796,0.530,0.293,2473.86,-0.448,-0.671,-0.112,-0.881,-0.335,-0.335,0.586,-0.131,-0.799,2484.49,0.000,-0.112,0.336,-0.727,-0.145,0.671,0.452,0.686,-0.570,2454.74,-0.448,0.000,0.112,-0.365,-0.160,0.917,0.460,0.546,-0.700,9.626,5.328,0.290,-1.542,0.213,0.451,-0.867,10.713,-5.756,-4.718,-0.809,none
20.351866,0.552,0.738,0.389,2552.46,0.336,0.000,-0.448,-0.603,-0.383,-0.700,0.797,0.529,0.292,2481.82,0.224,0.112,-0.448,-0.884,-0.353,-0.307,0.589,-0.134,-0.797,2491.69,-0.448,-0.112,-0.224,-0.727,-0.114,0.677,0.455,0.685,-0.569,2459.27,0.112,-0.112,0.224,-0.380,-0.177,0.908,0.452,0.551,-0.701,9.615,5.771,-0.214,-1.420,0.206,0.451,-0.868,10.713,-5.282,-5.267,-0.855,none
20.373717,0.551,0.737,0.392,2556.36,0.448,0.224,-0.895,-0.576,-0.352,-0.738,0.799,0.526,0.293,2476.55,0.000,-0.224,-0.783,-0.884,-0.350,-0.311,0.590,-0.139,-0.795,2485.89,-0.448,-0.112,-0.224,-0.716,-0.123,0.687,0.452,0.686,-0.570,2454.74,0.000,0.224,0.336,-0.374,-0.173,0.911,0.460,0.551,-0.696,9.613,5.496,-0.275,-1.878,0.213,0.454,-0.865,10.736,-5.603,-5.405,-1.160,none
20.396049,0.550,0.740,0.386,2543.07,-1.007,-0.560,-0.336,-0.581,-0.329,-0.745,0.796,0.530,0.293,2473.86,-0.224,-0.224,-0.448,-0.875,-0.343,-0.341,0.591,-0.134,-0.795,2498.38,-0.112,-0.112,-0.112,-0.724,-0.139,0.676,0.451,0.684,-0.573,2460.45,-0.336,0.000,0.336,-0.376,-0.172,0.911,0.462,0.547,-0.698,9.602,5.405,0.168,-1.496,0.214,0.449,-0.868,10.729,-5.649,-4.809,-0.779,none
20.816515,0.549,0.743,0.382,2546.65,-0.560,-0.112,0.224,-0.588,-0.358,-0.725,0.796,0.530,0.293,2473.86,-0.448,0.000,0.000,-0.876,-0.328,-0.353,0.590,-0.139,-0.795,2485.89,0.000,0.000,0.000,-0.728,-0.146,0.670,0.453,0.684,-0.572,2447.89,0.448,-0.112,-0.112,-0.365,-0.164,0.916,0.459,0.551,-0.697,9.588,5.725,0.214,-1.389,0.211,0.454,-0.866,10.714,-5.359,-4.794,-0.809,paper
20.819269,0.550,0.740,0.386,2543.07,0.336,-0.112,-0.448,-0.589,-0.341,-0.732,0.798,0.528,0.290,2465.65,0.336,0.000,-0.336,-0.886,-0.351,-0.302,0.587,-0.134,-0.799,2500.46,-0.112,-0.112,0.224,-0.708,-0.093,0.700,0.452,0.682,-0.575,2453.62,-0.112,0.112,0.112,-0.370,-0.162,0.915,0.452,0.553,-0.700,9.634,5.832,-0.260,-1.695,0.205,0.455,-0.866,10.713,-5.237,-5.405,-1.115,paper
20.819401,0.552,0.738,0.389,2552.46,-0.224,0.000,-0.783,-0.558,-0.315,-0.768,0.800,0.523,0.293,2471.83,0.112,0.224,-1.119,-0.886,-0.361,-0.291,0.588,-0.138,-0.797,2493.85,-0.336,0.224,-0.560,-0.712,-0.157,0.685,0.447,0.686,-0.574,2455.96,-0.560,0.112,0.336,-0.371,-0.167,0.914,0.463,0.549,-0.696,9.609,5.496,-0.290,-1.878,0.215,0.452,-0.866,10.717,-5.618,-5.298,-1.221,paper
20.819491,0.551,0.740,0.384,2555.24,-0.783,-0.224,-0.560,-0.583,-0.340,-0.738,0.796,0.531,0.289,2470.95,0.336,0.112,-1.007,-0.881,-0.350,-0.317,0.589,-0.131,-0.797,2490.36,-0.112,0.112,-0.448,-0.711,-0.165,0.684,0.451,0.688,-0.569,2461.61,-0.336,0.112,0.448,-0.376,-0.171,0.911,0.459,0.546,-0.701,9.612,5.664,0.076,-1.634,0.211,0.448,-0.869,10.731,-5.405,-4.977,-0.992,paper
20.819574,0.548,0.741,0.388,2553.61,-0.112,0.224,-0.112,-0.576,-0.376,-0.726,0.796,0.530,0.293,2473.86,0.336,0.336,-0.336,-0.879,-0.356,-0.318,0.593,-0.135,-0.794,2490.44,-0.112,0.000,-0.336,-0.722,-0.124,0.681,0.452,0.686,-0.570,2454.74,0.336,0.112,0.000,-0.370,-0.164,0.915,0.455,0.552,-0.699,9.608,5.908,-0.031,-1.954,0.205,0.452,-0.868,10.729,-5.282,-5.511,-1.160,paper
20.819655,0.548,0.738,0.393,2550.86,-0.336,-0.224,-0.560,-0.608,-0.391,-0.691,0.798,0.525,0.296,2479.50,0.448,-0.224,-0.783,-0.878,-0.343,-0.333,0.591,-0.135,-0.796,2483.73,0.224,0.336,-0.336,-0.734,-0.142,0.664,0.455,0.685,-0.569,2459.27,-0.783,-0.112,0.448,-0.371,-0.165,0.914,0.466,0.548,-0.695,9.776,6.107,0.641,-1.527,0.220,0.452,-0.865,11.012,-5.145,-4.702,-0.992,paper
20.819737,0.553,0.732,0.397,2598.50,-7.386,-1.231,1.567,-0.607,-0.365,-0.706,0.802,0.520,0.294,2503.50,-1.119,0.112,-0.560,-0.889,-0.342,-0.303,0.585,-0.134,-0.800,2507.66,0.560,0.000,-0.783,-0.721,-0.162,0.674,0.447,0.679,-0.582,2524.64,-2.238,-2.910,0.224,-0.373,-0.169,0.912,0.504,0.542,-0.672,10.116,8.916,5.053,1.710,0.250,0.446,-0.859,11.416,-2.809,2.504,0.962,paper
20.819829,0.551,0.731,0.403,2630.25,-36.257,-4.476,13.764,-0.582,-0.336,-0.740,0.804,0.512,0.303,2523.55,-9.960,0.895,3.133,-0.883,-0.349,-0.313,0.579,-0.153,-0.801,2567.79,3.917,-0.336,-1.231,-0.724,-0.162,0.670,0.447,0.689,-0.571,2503.84,-0.671,-9.400,-1.679,-0.366,-0.158,0.917,0.472,0.561,-0.680,9.660,9.221,8.733,4.412,0.223,0.472,-0.853,10.699,-2.473,4.794,3.420,paper
20.819925,0.596,0.723,0.349,2644.86,-44.986,-5.595,22.941,-0.576,-0.330,-0.748,0.793,0.539,0.285,2508.49,-22.381,0.783,12.422,-0.880,-0.339,-0.332,0.584,-0.136,-0.800,2544.70,4.364,-2.686,0.224,-0.734,-0.142,0.664,0.454,0.683,-0.572,2464.98,0.560,-10.295,-2.574,-0.367,-0.156,0.917,0.493,0.511,-0.704,10.130,8.595,8.153,7.542,0.245,0.422,-0.873,11.539,-2.534,5.405,5.634,paper
20.821052,0.556,0.709,0.435,2641.90,-41.405,-7.386,15.555,-0.593,-0.296,-0.749,0.843,0.495,0.209,2811.10,-10.519,-1.119,25.738,-0.880,-0.342,-0.330,0.558,-0.168,-0.813,2576.85,3.245,-4.364,0.560,-0.723,-0.122,0.679,0.434,0.673,-0.599,2648.09,-3.917,-16.114,-3.693,-0.369,-0.172,0.913,0.583,0.484,-0.652,11.047,23.649,10.427,17.649,0.338,0.425,-0.839,12.661,10.901,14.260,12.092,paper
20.821140,0.611,0.734,0.296,3218.44,-113.249,-23.724,20.703,-0.594,-0.275,-0.756,0.803,0.503,0.321,2650.33,-36.593,-11.302,20.591,-0.893,-0.326,-0.311,0.508,-0.232,-0.830,2926.78,2.126,-10.519,4.812,-0.725,-0.146,0.674,0.440,0.653,-0.617,2746.15,0.336,-30.550,-11.079,-0.372,-0.174,0.912,0.624,0.509,-0.593,11.324,29.374,18.504,39.450,0.383,0.475,-0.792,13.029,16.000,32.718,29.756,paper
20.821224,0.512,0.777,0.366,2712.39,-94.896,-20.031,27.753,-0.565,-0.255,-0.785,0.845,0.456,0.277,3003.34,-48.120,-24.284,-27.529,-0.889,-0.351,-0.294,0.465,-0.330,-0.822,3156.68,-1.679,-27.976,17.793,-0.706,-0.148,0.693,0.413,0.644,-0.644,2782.16,-3.133,-55.505,-19.024,-0.369,-0.158,0.916,0.531,0.528,-0.663,11.290,38.382,30.611,56.656,0.322,0.458,-0.829,12.706,25.557,49.389,42.458,paper
20.821891,0.725,0.640,0.256,2958.33,-72.291,-48.903,-68.151,-0.576,-0.210,-0.790,0.852,0.512,0.107,3461.85,-12.757,-15.667,-31.669,-0.894,-0.325,-0.308,0.524,-0.302,-0.796,2890.80,9.176,-39.167,50.022,-0.693,-0.112,0.712,0.437,0.618,-0.654,2695.90,-11.414,-50.917,-21.822,-0.379,-0.149,0.913,0.638,0.465,-0.614,11.331,41.756,29.344,79.450,0.404,0.437,-0.804,13.197,25.176,64.504,57.634,paper
20.821978,0.561,0.761,0.325,3802.35,78.894,-21.822,-110.451,-0.562,-0.294,-0.773,0.820,0.488,0.299,2748.51,-35.922,-27.081,-75.201,-0.884,-0.372,-0.283,0.517,-0.236,-0.823,2952.27,0.000,-37.712,62.332,-0.729,-0.123,0.674,0.388,0.698,-0.603,2811.27,-27.865,-68.710,-27.081,-0.386,-0.159,0.909,0.604,0.436,-0.667,11.484,52.947,35.969,91.710,0.402,0.400,-0.823,13.489,36.351,70.427,66.718,paper
20.822061,0.555,0.784,0.278,3389.49,132.496,-14.548,-80.013,-0.578,-0.364,-0.730,0.788,0.534,0.307,2586.70,465.752,27.641,-387.082,-0.870,-0.429,-0.243,0.470,-0.320,-0.822,3285.18,-6.491,-48.567,65.689,-0.689,-0.065,0.722,0.409,0.618,-0.672,2568.40,-9.736,-70.165,-34.355,-0.385,-0.148,0.911,0.705,0.379,-0.599,11.997,58.092,69.405,104.458,0.446,0.355,-0.821,13.526,38.412,117.969,73.878,paper
20.822143,0.709,0.417,0.568,2209.78,57.184,-11.191,-138.651,-0.577,-0.449,-0.682,0.947,0.290,0.137,2866.55,74.865,-22.605,-122.649,-0.826,-0.537,-0.173,0.429,-0.273,-0.861,3812.05,-32.900,-78.558,83.146,-0.639,-0.060,0.766,0.373,0.690,-0.620,2684.05,-13.317,-90.196,-53.155,-0.393,-0.142,0.909,0.722,0.316,-0.615,12.287,70.931,76.122,117.771,0.510,0.351,-0.785,13.923,41.588,137.924,82.901,paper
20.824178,0.547,0.806,0.226,3309.17,99.932,-11.750,-166.516,-0.545,-0.482,-0.686,0.650,0.745,0.152,3541.68,38.384,-59.982,-151.185,-0.801,-0.584,-0.129,0.457,-0.282,-0.844,4179.46,-97.358,-162.823,100.603,-0.637,-0.039,0.770,0.389,0.675,-0.627,2624.59,-27.305,-107.989,-74.082,-0.399,-0.135,0.907,0.781,0.331,-0.529,11.871,67.817,120.824,139.053,0.585,0.380,-0.717,13.329,36.031,176.427,104.550,paper
20.824295,0.455,0.880,0.140,3376.83,159.018,-39.055,-138.651,-0.537,-0.579,-0.614,0.727,0.687,-0.006,3451.39,131.377,-81.467,-137.532,-0.766,-0.634,-0.102,0.499,-0.175,-0.849,4098.38,-115.263,-225.266,132.608,-0.566,-0.048,0.823,0.339,0.755,-0.562,2492.09,-46.217,-82.251,-105.415,-0.410,-0.142,0.901,0.827,0.244,-0.507,11.885,41.496,157.420,155.588,0.661,0.340,-0.669,13.527,3.588,199.511,116.580,paper
20.824387,0.390,0.904,0.174,3384.78,202.773,-70.724,-128.692,-0.520,-0.707,-0.479,0.617,0.786,0.040,3618.66,146.485,-132.385,-127.573,-0.735,-0.678,0.005,0.532,0.034,-0.846,4014.83,-193.709,-294.200,88.182,-0.488,-0.103,0.867,0.311,0.774,-0.551,2556.67,-60.765,-81.803,-122.089,-0.412,-0.144,0.900,0.867,0.204,-0.454,12.759,10.260,196.321,181.038,0.716,0.344,-0.608,14.176,-35.908,232.809,141.038,paper
20.824480,0.371,0.921,0.121,3588.24,236.793,-89.972,-120.970,-0.506,-0.797,-0.330,0.618,0.785,-0.033,3882.37,193.709,-179.161,-116.606,-0.689,-0.715,0.114,0.497,-0.043,-0.867,4115.98,-244.962,-372.646,27.193,-0.359,-0.173,0.917,0.215,0.842,-0.495,2374.39,-86.615,-65.577,-156.556,-0.422,-0.149,0.894,0.899,0.318,-0.302,12.290,-53.985,232.031,211.176,0.741,0.500,-0.449,13.774,-100.702,246.489,168.824,paper
20.830023,0.565,0.814,-0.131,3430.55,310.315,-136.525,-117.613,-0.457,-0.865,-0.209,0.777,0.613,-0.141,3404.93,243.059,-246.752,-92.882,-0.629,-0.752,0.197,0.380,-0.222,-0.898,5250.20,-389.992,-546.772,45.658,-0.237,-0.296,0.925,0.216,0.848,-0.485,2323.74,-138.875,-36.034,-190.464,-0.438,-0.177,0.882,0.859,0.455,-0.233,11.633,-157.985,262.229,233.634,0.698,0.663,-0.272,13.475,-223.191,247.496,207.634,paper
20.858069,0.707,0.590,-0.391,3310.96,550.577,-321.170,40.398,-0.393,-0.901,0.182,0.821,0.531,-0.210,2471.56,249.214,-389.768,-14.995,-0.547,-0.752,0.367,0.799,0.215,-0.562,1408.23,-394.244,-554.046,29.319,0.077,-0.482,0.873,-0.118,0.913,-0.391,2148.79,-188.449,9.512,-201.654,-0.464,-0.233,0.855,0.530,0.380,-0.758,8.767,-200.672,170.947,211.618,0.429,0.442,-0.788,11.597,-316.214,206.824,294.061,paper
20.880574,0.590,0.753,0.292,3087.46,255.929,-565.908,131.937,-0.324,-0.826,0.461,0.150,0.898,0.413,1875.59,168.866,-348.699,-34.243,-0.470,-0.718,0.514,0.018,-0.372,0.928,900.76,-313.784,-427.145,1.119,0.286,-0.603,0.744,-0.141,0.898,-0.417,2226.43,-180.952,19.024,-150.961,-0.492,-0.296,0.819,0.712,0.448,-0.541,7.253,-174.412,101.389,192.794,0.053,0.492,-0.869,8.226,-278.107,101.344,296.458,paper
20.901444,0.156,0.587,0.794,1988.72,169.761,-462.842,80.908,-0.304,-0.847,0.435,0.911,0.262,-0.318,1452.22,150.513,-341.201,-21.038,-0.400,-0.705,0.585,-0.661,0.473,-0.583,867.45,-256.152,-214.523,16.450,0.392,-0.640,0.661,-0.057,0.954,-0.294,1693.77,-62.443,64.682,-74.865,-0.501,-0.331,0.800,-0.014,0.996,0.093,5.173,-211.405,41.115,177.267,0.289,0.446,-0.847,5.763,-263.084,24.733,247.802,paper
21.329309,0.509,0.844,0.172,976.84,98.701,-364.813,76.544,-0.215,-0.790,0.575,0.807,0.046,-0.588,1867.96,98.029,-378.801,42.636,-0.366,-0.678,0.637,-0.366,0.598,-0.713,1671.35,-187.330,-218.440,-9.960,0.455,-0.658,0.600,-0.136,0.943,-0.304,1796.77,-98.477,27.976,-74.529,-0.505,-0.350,0.789,-0.676,0.715,-0.179,4.553,-311.481,-106.702,115.527,0.306,0.635,-0.709,3.829,-249.832,-42.779,224.580,paper
21.329458,0.673,0.073,-0.736,811.18,19.248,-309.084,84.041,-0.218,-0.771,0.598,-0.240,0.124,-0.963,459.03,23.165,-298.117,16.226,-0.279,-0.671,0.687,-0.971,0.238,-0.023,1560.18,-161.032,-107.653,1.679,0.527,-0.698,0.485,-0.264,0.938,-0.224,2003.69,-84.265,38.496,0.336,-0.516,-0.366,0.774,0.474,0.207,-0.856,7.089,-332.763,-209.176,-6.855,0.342,0.315,-0.885,4.126,-275.053,-141.710,172.305,paper
21.329555,0.679,0.158,-0.717,558.02,-43.308,-295.655,131.601,-0.182,-0.770,0.612,0.035,-0.027,-0.999,766.76,-23.948,-286.591,64.346,-0.285,-0.677,0.678,-0.929,0.354,0.107,1768.45,-146.597,-88.741,19.584,0.537,-0.716,0.447,-0.144,0.965,-0.217,2110.91,-18.353,74.641,55.281,-0.521,-0.364,0.772,0.770,0.205,-0.604,8.898,-289.466,-195.649,-59.542,0.652,0.095,-0.752,6.782,-270.153,-161.954,113.725,paper
21.329645,0.123,0.977,-0.175,1335.92,-113.696,-267.007,171.216,-0.209,-0.802,0.559,-0.042,0.789,-0.613,1201.25,-102.841,-281.779,106.534,-0.256,-0.674,0.693,-0.612,0.617,-0.495,2428.26,-170.209,-63.563,24.507,0.530,-0.749,0.397,-0.100,0.942,-0.319,2142.53,31.893,92.434,83.929,-0.523,-0.348,0.778,0.809,0.179,-0.560,11.453,-274.931,-148.977,-64.641,0.692,0.028,-0.721,11.815,-248.886,-159.374,87.817,paper
21.329750,0.085,0.993,-0.081,1806.51,-160.361,-221.014,173.790,-0.242,-0.796,0.555,-0.010,0.900,-0.435,2099.98,-138.763,-247.759,99.037,-0.279,-0.704,0.653,-0.828,0.534,-0.169,2016.04,-143.239,-54.162,34.915,0.517,-0.782,0.347,0.008,0.939,-0.344,2474.06,-49.686,76.991,55.505,-0.529,-0.344,0.776,0.833,0.294,-0.468,11.151,-240.534,-120.794,-57.908,0.760,0.011,-0.649,13.454,-186.443,-141.313,71.649,paper
21.329865,0.126,0.926,-0.357,3157.12,-148.051,-161.032,160.025,-0.311,-0.808,0.501,0.137,0.779,-0.612,2565.17,-136.637,-208.481,97.694,-0.266,-0.712,0.650,-0.537,0.808,-0.244,2802.53,-120.187,-31.446,37.265,0.504,-0.812,0.295,-0.015,0.966,-0.257,2585.28,-111.906,54.722,21.598,-0.530,-0.352,0.772,0.804,0.284,-0.522,12.674,-259.099,-99.481,-61.573,0.844,0.136,-0.519,12.445,-168.611,-122.489,76.763,paper
21.329970,0.153,0.889,-0.432,3444.35,-113.361,-153.087,139.994,-0.342,-0.805,0.484,-0.021,0.910,-0.414,2938.55,-124.887,-208.816,90.979,-0.279,-0.726,0.628,-0.645,0.723,-0.246,2575.20,-103.177,-27.081,5.371,0.472,-0.837,0.277,-0.018,0.976,-0.217,2741.99,-126.342,50.693,9.848,-0.531,-0.368,0.763,0.827,0.318,-0.463,12.841,-194.137,-77.985,-43.221,0.809,0.107,-0.578,13.651,-159.924,-100.748,72.672,paper
21.330058,0.112,0.942,-0.316,3227.33,-85.272,-136.189,111.458,-0.381,-0.818,0.430,0.037,0.867,-0.496,3142.05,-102.394,-178.602,74.529,-0.260,-0.742,0.618,-0.509,0.788,-0.346,2821.84,-93.777,-21.934,-3.917,0.461,-0.852,0.247,0.024,0.986,-0.167,2914.01,-80.684,27.976,6.155,-0.550,-0.396,0.735,0.784,0.447,-0.431,11.434,-199.145,-49.405,-38.489,0.804,0.132,-0.580,12.384,-148.519,-69.084,79.115,paper
21.330143,0.176,0.884,-0.434,3207.30,-43.308,-121.754,89.077,-0.388,-0.793,0.470,0.063,0.849,-0.524,3219.91,-74.977,-182.295,67.591,-0.309,-0.732,0.607,-0.572,0.804,-0.164,2731.61,-83.034,-39.279,-28.872,0.491,-0.841,0.228,0.023,0.991,-0.133,2572.41,-45.881,20.143,7.274,-0.541,-0.394,0.743,0.729,0.347,-0.591,12.216,-149.130,-57.649,-41.466,0.664,0.115,-0.739,11.246,-143.664,-64.351,70.076,paper
21.330227,0.132,0.943,-0.306,2788.14,-35.250,-103.625,71.060,-0.406,-0.786,0.466,-0.102,0.929,-0.356,2341.54,-40.510,-170.433,53.939,-0.287,-0.736,0.613,-0.620,0.760,-0.193,2424.20,-66.024,-25.962,-53.043,0.498,-0.847,0.188,0.024,0.994,-0.108,2523.42,-45.993,7.945,4.476,-0.544,-0.392,0.742,0.764,0.580,-0.283,9.998,-119.679,-40.076,-26.855,0.741,0.109,-0.662,12.188,-113.221,-60.427,51.878,paper
21.330312,0.104,0.973,-0.207,2691.51,-31.334,-74.082,59.870,-0.458,-0.800,0.387,-0.113,0.947,-0.300,2358.37,-41.293,-137.532,57.855,-0.302,-0.734,0.608,-0.680,0.686,-0.259,2327.64,-64.234,-30.438,-54.610,0.487,-0.856,0.173,-0.011,0.998,-0.060,2435.48,-49.910,12.533,1.119,-0.543,-0.399,0.739,0.662,0.567,-0.491,9.532,-134.595,-36.992,-37.786,0.775,0.289,-0.562,9.077,-128.244,-35.328,59.099,paper
21.330396,0.259,0.827,-0.499,2218.02,-7.274,-67.367,61.101,-0.483,-0.749,0.453,-0.119,0.934,-0.337,2067.75,-19.024,-138.092,67.032,-0.289,-0.725,0.626,-0.636,0.767,-0.089,2274.48,-78.110,-38.384,-58.639,0.525,-0.846,0.095,0.025,0.998,-0.064,2435.68,-52.820,24.172,5.931,-0.543,-0.399,0.738,0.788,0.577,-0.215,10.159,-129.588,-21.573,-30.672,0.719,0.186,-0.669,10.494,-137.908,-34.550,35.893,paper
21.330633,0.223,0.860,-0.460,2362.88,-11.079,-73.858,80.460,-0.471,-0.746,0.471,-0.120,0.959,-0.257,2217.92,-18.912,-111.346,62.891,-0.293,-0.732,0.615,-0.744,0.664,0.070,2152.70,-65.913,-44.091,-59.758,0.529,-0.837,0.143,0.057,0.997,-0.044,2427.25,-32.788,18.912,18.017,-0.551,-0.405,0.729,0.733,0.607,-0.307,9.604,-136.122,-3.756,-24.229,0.784,0.171,-0.596,11.217,-128.183,-10.351,34.748,paper
21.330748,0.143,0.943,-0.300,2515.80,-3.469,-62.891,77.886,-0.465,-0.734,0.495,-0.013,0.875,-0.484,2474.08,-12.533,-81.467,69.829,-0.323,-0.716,0.619,-0.740,0.673,-0.012,2257.64,-53.603,-28.536,-52.148,0.558,-0.825,0.094,0.009,0.998,-0.067,2465.62,-13.988,17.569,29.655,-0.548,-0.400,0.735,0.699,0.527,-0.483,10.449,-105.298,8.153,-22.382,0.695,0.148,-0.704,11.143,-114.321,-0.656,24.031,paper
21.330850,0.145,0.945,-0.292,2614.03,-4.141,-37.600,63.786,-0.490,-0.713,0.501,-0.115,0.941,-0.317,2571.59,1.679,-82.027,69.494,-0.319,-0.698,0.642,-0.762,0.645,-0.052,2384.52,-41.965,-19.584,-41.965,0.580,-0.805,0.126,-0.011,0.997,-0.071,2456.33,-0.224,11.974,32.341,-0.553,-0.401,0.731,0.729,0.580,-0.364,10.438,-90.321,7.649,-24.718,0.703,0.181,-0.687,10.832,-102.168,4.489,18.656,paper
21.330943,0.167,0.934,-0.315,2740.72,0.448,-28.424,55.281,-0.494,-0.698,0.518,-0.149,0.960,-0.238,2389.07,9.176,-55.170,53.827,-0.321,-0.713,0.623,-0.769,0.631,-0.105,2391.30,-31.893,-11.414,-26.745,0.597,-0.799,0.073,0.024,0.998,-0.063,2475.59,-7.050,12.645,31.669,-0.559,-0.399,0.727,0.732,0.589,-0.341,10.606,-71.008,14.977,-17.878,0.710,0.140,-0.690,12.142,-85.191,4.458,7.298,paper
21.332797,0.194,0.909,-0.369,2708.53,4.812,-8.729,43.084,-0.505,-0.692,0.516,-0.041,0.906,-0.422,2651.24,4.029,-22.157,43.643,-0.325,-0.686,0.651,-0.761,0.649,0.010,2416.83,-25.962,-12.533,-17.457,0.595,-0.796,0.107,0.051,0.997,-0.061,2527.06,-10.743,10.072,29.096,-0.559,-0.390,0.731,0.742,0.582,-0.333,10.655,-58.427,22.962,-8.870,0.777,0.190,-0.601,11.783,-70.122,12.702,11.756,paper
21.332911,0.253,0.825,-0.505,2852.66,9.848,-1.679,34.915,-0.532,-0.687,0.495,-0.001,0.876,-0.482,2727.88,12.310,-8.729,27.641,-0.338,-0.679,0.652,-0.674,0.738,0.027,2654.68,-8.057,-1.790,-2.798,0.596,-0.800,0.075,0.073,0.997,-0.038,2556.66,-6.155,8.505,26.969,-0.561,-0.403,0.723,0.715,0.609,-0.344,10.407,-53.008,28.031,-2.076,0.764,0.191,-0.616,11.779,-56.336,18.382,8.122,paper
21.333003,0.215,0.887,-0.409,2942.93,15.667,-10.183,29.655,-0.530,-0.670,0.521,0.010,0.865,-0.502,2753.65,18.464,-14.548,22.045,-0.358,-0.695,0.624,-0.735,0.670,-0.101,2485.99,6.155,4.700,-11.302,0.616,-0.780,0.111,0.075,0.996,-0.054,2480.74,5.595,4.252,25.179,-0.569,-0.401,0.718,0.684,0.642,-0.346,10.087,-34.931,23.008,-3.817,0.726,0.192,-0.660,11.459,-41.618,19.878,8.015,paper
21.333089,0.212,0.914,-0.346,2576.44,21.374,-4.700,16.450,-0.533,-0.679,0.504,-0.065,0.927,-0.370,2443.55,17.905,-9.624,13.205,-0.346,-0.669,0.658,-0.774,0.627,-0.087,2437.31,7.722,4.588,-10.855,0.578,-0.814,0.065,0.068,0.996,-0.062,2480.55,13.653,5.260,23.724,-0.565,-0.393,0.725,0.701,0.668,-0.248,10.006,-27.069,23.664,-5.435,0.747,0.223,-0.626,11.003,-30.962,19.130,1.664,paper
21.344976,0.268,0.858,-0.438,2548.95,16.226,10.519,10.967,-0.560,-0.663,0.497,-0.009,0.884,-0.468,2430.05,12.422,7.722,10.183,-0.356,-0.680,0.640,-0.719,0.694,-0.045,2543.61,0.895,11.638,-0.560,0.597,-0.799,0.073,0.088,0.993,-0.082,2478.96,12.645,6.826,22.045,-0.559,-0.382,0.736,0.727,0.617,-0.301,10.298,-16.214,23.985,-3.725,0.761,0.215,-0.612,11.232,-22.947,17.695,-1.542,paper
21.366497,0.255,0.845,-0.470,2795.73,13.205,10.183,12.645,-0.565,-0.657,0.500,-0.008,0.897,-0.442,2642.27,9.512,13.541,8.952,-0.354,-0.678,0.644,-0.728,0.682,-0.074,2485.76,3.133,11.750,1.567,0.599,-0.800,0.046,0.113,0.991,-0.071,2451.81,7.610,7.498,15.331,-0.559,-0.376,0.739,0.708,0.641,-0.297,10.180,7.099,19.053,-2.901,0.760,0.208,-0.616,11.492,-17.206,13.496,2.931,paper
21.393168,0.244,0.872,-0.423,2753.56,11.191,4.700,3.581,-0.538,-0.646,0.542,0.014,0.863,-0.505,2702.73,13.093,14.324,-4.029,-0.344,-0.666,0.662,-0.711,0.694,-0.117,2557.77,1.455,15.555,0.895,0.592,-0.802,0.082,0.110,0.992,-0.058,2507.46,9.848,9.064,7.274,-0.561,-0.378,0.737,0.729,0.671,-0.134,10.251,3.573,19.710,0.168,0.792,0.244,-0.559,10.980,-2.565,8.947,-4.855,paper
21.411714,0.257,0.858,-0.445,2618.59,11.974,9.400,-4.252,-0.555,-0.650,0.519,-0.005,0.865,-0.501,2446.91,10.519,12.422,-5.260,-0.351,-0.662,0.662,-0.748,0.651,-0.129,2482.30,-1.231,16.003,-3.021,0.613,-0.786,0.081,0.127,0.989,-0.070,2476.29,11.974,9.400,6.714,-0.572,-0.388,0.723,0.715,0.658,-0.237,9.976,3.359,15.924,-1.328,0.799,0.249,-0.547,10.796,-0.397,7.939,-6.214,paper
21.836591,0.274,0.825,-0.495,2532.29,12.757,11.191,-3.917,-0.552,-0.652,0.520,0.011,0.819,-0.574,2393.78,9.512,19.472,-5.483,-0.358,-0.669,0.652,-0.736,0.649,-0.192,2535.44,-2.574,11.862,-1.007,0.619,-0.784,0.049,0.126,0.989,-0.076,2426.29,11.526,7.386,6.491,-0.563,-0.379,0.734,0.703,0.701,-0.118,9.867,11.603,5.252,-4.244,0.796,0.243,-0.554,10.750,1.435,-2.153,-3.420,paper
21.838622,0.267,0.825,-0.499,2593.73,2.798,10.967,-4.252,-0.564,-0.661,0.495,0.030,0.792,-0.609,2560.51,-1.119,20.479,-5.483,-0.334,-0.691,0.641,-0.768,0.627,-0.126,2467.23,-2.686,7.274,-1.007,0.591,-0.806,0.022,0.129,0.988,-0.087,2449.78,2.126,5.371,1.007,-0.563,-0.383,0.733,0.733,0.673,-0.097,9.968,2.565,2.031,-5.466,0.839,0.256,-0.479,10.787,-4.061,-3.084,-4.534,paper
21.838751,0.280,0.795,-0.538,2514.38,3.133,10.855,-1.231,-0.541,-0.655,0.527,0.007,0.835,-0.550,2391.97,3.021,13.988,-3.357,-0.365,-0.679,0.637,-0.770,0.624,-0.133,2401.71,0.671,8.057,-0.671,0.607,-0.795,-0.009,0.129,0.988,-0.083,2449.91,-1.007,-1.902,2.910,-0.561,-0.379,0.736,0.726,0.661,-0.188,9.831,-4.443,2.718,-3.420,0.808,0.250,-0.533,10.532,-5.908,-2.214,-6.244,paper
21.838872,0.248,0.851,-0.463,2558.42,3.245,13.205,-2.126,-0.557,-0.646,0.522,0.003,0.838,-0.545,2394.82,5.260,16.226,-0.224,-0.349,-0.662,0.663,-0.755,0.644,-0.123,2448.62,4.700,6.938,2.462,0.595,-0.803,0.031,0.111,0.991,-0.081,2405.64,-1.119,-4.364,3.693,-0.562,-0.378,0.735,0.705,0.650,-0.284,9.901,6.031,0.809,-5.206,0.762,0.224,-0.608,10.915,-3.176,-5.237,-5.863,paper
21.838967,0.266,0.862,-0.432,2493.80,-2.462,11.638,-0.224,-0.555,-0.659,0.508,-0.001,0.886,-0.464,2453.84,0.000,18.017,-2.014,-0.346,-0.685,0.641,-0.749,0.654,-0.107,2428.05,5.036,9.176,5.260,0.582,-0.811,0.055,0.097,0.993,-0.068,2437.07,-1.231,-0.224,2.014,-0.569,-0.387,0.726,0.713,0.685,-0.152,9.969,10.702,1.802,-7.359,0.790,0.254,-0.559,10.732,-0.198,-5.969,-7.130,paper
21.839056,0.281,0.830,-0.482,2645.01,0.783,12.422,-0.224,-0.544,-0.646,0.535,0.019,0.870,-0.492,2510.80,0.112,20.143,-4.141,-0.350,-0.676,0.649,-0.703,0.708,-0.068,2559.94,0.783,10.855,8.057,0.571,-0.821,0.021,0.115,0.992,-0.059,2471.77,-2.014,3.133,1.119,-0.565,-0.385,0.730,0.735,0.673,-0.084,10.210,4.809,4.244,-5.664,0.837,0.255,-0.484,11.241,-6.244,-0.992,-3.924,paper
21.839146,0.281,0.823,-0.493,2642.60,4.588,3.133,2.798,-0.542,-0.670,0.507,0.037,0.834,-0.550,2619.70,5.819,14.548,-1.902,-0.349,-0.679,0.646,-0.721,0.670,-0.176,2427.56,3.805,16.226,1.231,0.598,-0.798,0.071,0.130,0.989,-0.069,2508.24,-0.224,1.567,2.686,-0.561,-0.377,0.737,0.721,0.679,-0.140,10.015,-4.366,8.244,-1.023,0.814,0.249,-0.525,11.044,-10.992,7.466,1.603,paper
21.839234,0.278,0.821,-0.499,2629.97,9.400,0.224,3.581,-0.546,-0.668,0.505,0.019,0.830,-0.558,2479.97,12.533,5.371,-1.119,-0.342,-0.698,0.629,-0.734,0.661,-0.155,2505.11,6.491,10.855,-1.119,0.587,-0.807,0.057,0.128,0.989,-0.075,2467.12,6.602,-1.343,4.924,-0.559,-0.379,0.738,0.715,0.675,-0.184,10.022,-7.069,7.206,-1.557,0.784,0.244,-0.570,10.824,-10.244,4.458,-1.115,paper
21.839315,0.262,0.858,-0.442,2571.82,8.729,-2.014,2.462,-0.547,-0.658,0.517,0.015,0.837,-0.547,2436.89,9.736,1.567,0.783,-0.361,-0.674,0.644,-0.745,0.633,-0.211,2491.65,2.350,9.512,-1.790,0.588,-0.807,0.055,0.125,0.989,-0.080,2436.96,8.505,-0.224,4.252,-0.557,-0.383,0.737,0.674,0.702,-0.229,9.664,-1.542,1.603,-7.954,0.781,0.264,-0.566,10.487,-9.573,-2.168,0.137,paper
21.840316,0.280,0.835,-0.474,2478.71,5.707,0.671,1.007,-0.554,-0.654,0.515,0.015,0.838,-0.545,2431.98,3.469,1.455,-0.448,-0.365,-0.679,0.637,-0.757,0.630,-0.171,2440.34,-4.364,5.260,0.671,0.601,-0.798,0.050,0.126,0.989,-0.076,2416.40,-2.686,3.245,0.112,-0.557,-0.374,0.741,0.718,0.683,-0.135,9.880,-3.893,1.099,-9.405,0.814,0.260,-0.519,10.695,-10.122,-5.328,-3.496,paper
21.840432,0.273,0.844,-0.461,2462.86,1.007,5.036,3.469,-0.562,-0.638,0.527,0.016,0.841,-0.540,2362.56,-0.560,0.448,2.126,-0.358,-0.669,0.652,-0.726,0.681,-0.098,2476.00,-3.133,3.581,3.469,0.590,-0.806,0.050,0.134,0.988,-0.076,2429.87,-5.483,0.895,1.902,-0.556,-0.369,0.745,0.699,0.676,-0.233,9.732,2.061,0.351,-11.496,0.789,0.250,-0.561,10.652,-9.908,-4.641,-4.824,paper
21.840524,0.270,0.855,-0.442,2524.97,-0.112,0.671,6.602,-0.548,-0.639,0.540,0.015,0.849,-0.528,2433.30,1.007,2.574,6.155,-0.350,-0.664,0.660,-0.739,0.657,-0.147,2445.44,2.014,7.498,1.343,0.582,-0.813,0.033,0.122,0.990,-0.072,2424.31,-3.581,1.343,2.798,-0.561,-0.377,0.736,0.710,0.665,-0.232,10.000,14.107,-1.969,-13.145,0.785,0.244,-0.569,10.919,-6.672,-8.763,-5.740,paper
21.840609,0.276,0.851,-0.446,2545.70,-2.910,5.036,4.476,-0.550,-0.641,0.535,0.019,0.850,-0.527,2456.58,-0.895,1.455,5.595,-0.342,-0.677,0.651,-0.729,0.659,-0.187,2439.79,3.693,7.162,3.021,0.579,-0.812,0.073,0.124,0.990,-0.071,2456.23,-1.231,3.021,1.679,-0.563,-0.377,0.735,0.741,0.665,-0.093,10.374,10.947,-0.855,-8.595,0.803,0.242,-0.545,11.110,-2.031,-8.702,-6.794,paper
21.840694,0.262,0.850,-0.457,2722.22,-3.693,5.483,2.014,-0.573,-0.643,0.508,0.014,0.858,-0.513,2581.32,0.895,4.141,0.224,-0.341,-0.672,0.658,-0.719,0.681,-0.140,2503.18,0.783,0.783,4.141,0.571,-0.820,0.033,0.130,0.988,-0.078,2499.82,-2.574,1.119,0.112,-0.567,-0.384,0.729,0.734,0.668,-0.123,10.313,6.504,0.718,-3.176,0.831,0.248,-0.498,11.385,-1.771,-4.779,-2.870,paper
21.840825,0.273,0.834,-0.479,2679.85,0.560,6.155,-2.350,-0.560,-0.652,0.511,0.022,0.835,-0.550,2534.83,2.574,4.141,-2.014,-0.362,-0.688,0.629,-0.728,0.664,-0.171,2510.04,1.790,0.560,1.231,0.576,-0.813,0.080,0.137,0.988,-0.073,2510.50,-0.895,-1.119,-0.671,-0.563,-0.386,0.731,0.715,0.684,-0.143,10.064,1.557,1.359,1.740,0.832,0.266,-0.486,11.031,-5.374,-1.725,1.313,paper
21.840940,0.307,0.769,-0.560,2675.92,3.805,3.021,-1.567,-0.549,-0.654,0.520,0.034,0.809,-0.587,2555.14,3.693,2.238,-1.343,-0.368,-0.670,0.645,-0.720,0.679,-0.141,2539.64,7.386,0.448,-0.671,0.599,-0.799,0.054,0.146,0.986,-0.078,2485.46,3.133,-3.805,0.783,-0.563,-0.386,0.731,0.725,0.674,-0.142,10.108,-0.855,-0.733,4.366,0.826,0.256,-0.502,10.984,-7.832,-2.260,3.389,paper
21.841032,0.269,0.841,-0.469,2611.83,1.231,-5.595,1.790,-0.569,-0.654,0.498,0.015,0.841,-0.541,2503.98,6.155,1.790,-1.679,-0.370,-0.678,0.635,-0.740,0.651,-0.168,2483.48,12.422,0.224,0.336,0.583,-0.810,0.053,0.136,0.986,-0.091,2454.22,5.371,-8.841,1.679,-0.562,-0.377,0.736,0.702,0.680,-0.212,9.907,3.603,-2.122,5.511,0.768,0.231,-0.597,10.931,-5.344,-3.298,4.611,paper
21.844444,0.267,0.857,-0.441,2597.81,0.560,-2.798,-1.679,-0.547,-0.648,0.529,0.015,0.861,-0.508,2470.43,4.029,0.783,-3.245,-0.374,-0.667,0.645,-0.740,0.654,-0.159,2443.48,11.302,-1.119,0.671,0.577,-0.815,0.043,0.114,0.991,-0.072,2422.08,2.238,-6.267,-1.455,-0.558,-0.369,0.744,0.709,0.689,-0.150,9.918,4.046,-0.809,2.504,0.784,0.268,-0.560,10.458,-2.198,-5.084,-1.405,paper
21.844561,0.278,0.866,-0.416,2424.21,0.560,0.560,-2.686,-0.546,-0.642,0.537,0.003,0.879,-0.476,2307.53,0.895,3.357,-2.686,-0.357,-0.661,0.660,-0.738,0.663,-0.128,2424.68,4.476,-1.231,1.790,0.583,-0.813,0.005,0.118,0.990,-0.072,2423.12,-0.783,-2.686,-0.783,-0.557,-0.372,0.743,0.711,0.688,-0.144,9.859,2.031,2.244,2.382,0.797,0.260,-0.546,10.618,-0.931,-2.626,-4.275,paper
21.844653,0.286,0.832,-0.475,2558.26,0.783,8.841,-2.574,-0.563,-0.660,0.497,0.019,0.864,-0.502,2460.49,3.469,11.862,-2.574,-0.355,-0.667,0.655,-0.729,0.671,-0.133,2409.91,4.588,1.343,2.686,0.557,-0.827,0.072,0.122,0.990,-0.072,2424.31,1.455,-2.686,2.126,-0.561,-0.374,0.738,0.700,0.697,-0.153,9.774,-0.641,3.267,0.718,0.815,0.261,-0.517,10.845,-4.947,0.366,-2.519,paper
21.874040,0.298,0.805,-0.513,2558.14,3.021,5.371,0.783,-0.577,-0.643,0.504,0.031,0.808,-0.588,2435.04,6.491,11.079,-2.798,-0.361,-0.666,0.653,-0.731,0.669,-0.138,2461.24,7.162,-0.448,2.798,0.584,-0.808,0.075,0.137,0.987,-0.083,2451.58,4.700,-2.574,4.588,-0.560,-0.368,0.742,0.725,0.674,-0.145,10.105,-2.794,0.870,0.763,0.807,0.248,-0.536,10.898,-5.786,-1.298,-3.206,paper
21.899081,0.277,0.837,-0.471,2577.96,1.567,4.029,1.343,-0.570,-0.635,0.522,0.019,0.840,-0.543,2495.74,3.133,9.736,0.895,-0.353,-0.673,0.650,-0.720,0.664,-0.203,2539.11,8.057,1.902,2.574,0.598,-0.798,0.079,0.137,0.987,-0.084,2441.71,2.014,-4.364,2.910,-0.555,-0.359,0.750,0.716,0.675,-0.181,10.078,1.725,-1.847,-0.412,0.789,0.250,-0.561,10.825,-1.359,-4.427,-3.603,paper
21.923741,0.279,0.840,-0.465,2590.31,1.567,3.357,-1.119,-0.569,-0.638,0.519,0.023,0.851,-0.524,2508.98,0.895,11.302,-2.350,-0.371,-0.672,0.641,-0.735,0.653,-0.181,2474.70,6.379,2.238,3.133,0.583,-0.810,0.053,0.120,0.990,-0.079,2466.40,-0.671,-3.245,0.560,-0.563,-0.377,0.735,0.721,0.680,-0.131,10.109,3.847,-0.214,-0.534,0.806,0.249,-0.537,11.087,-1.679,-2.794,-2.076,paper
22.349746,0.280,0.850,-0.446,2548.48,1.007,3.581,-1.007,-0.583,-0.631,0.513,0.039,0.833,-0.551,2492.19,1.679,9.624,-2.798,-0.380,-0.685,0.621,-0.723,0.673,-0.158,2460.68,3.357,0.895,2.126,0.568,-0.821,0.051,0.128,0.989,-0.071,2467.38,0.336,-1.231,1.007,-0.557,-0.370,0.743,0.714,0.683,-0.154,9.935,1.725,2.580,-0.092,0.804,0.261,-0.535,10.757,-1.542,0.504,-2.275,paper
22.349931,0.284,0.841,-0.460,2575.19,2.574,7.050,-2.238,-0.555,-0.640,0.531,0.015,0.865,-0.501,2410.31,2.798,5.260,-0.560,-0.345,-0.674,0.653,-0.716,0.674,-0.182,2457.06,4.700,3.357,0.783,0.580,-0.813,0.059,0.129,0.989,-0.071,2447.60,2.910,-1.231,2.126,-0.558,-0.370,0.743,0.713,0.679,-0.176,9.892,3.588,2.779,-0.626,0.790,0.249,-0.560,10.771,-0.534,0.947,-4.061,paper
22.350040,0.281,0.836,-0.471,2602.20,4.364,3.693,-0.448,-0.547,-0.663,0.510,0.027,0.845,-0.534,2445.38,3.469,9.064,-0.783,-0.362,-0.663,0.655,-0.718,0.672,-0.182,2464.22,3.357,3.021,0.112,0.553,-0.830,0.066,0.130,0.989,-0.072,2427.82,3.469,0.112,2.574,-0.561,-0.364,0.744,0.726,0.672,-0.145,10.033,5.939,2.519,0.397,0.793,0.237,-0.561,10.949,3.893,-0.107,-5.664,paper
22.350137,0.274,0.845,-0.460,2600.62,4.029,3.693,-2.238,-0.552,-0.637,0.537,0.022,0.852,-0.523,2551.29,2.910,6.826,-1.790,-0.355,-0.683,0.638,-0.727,0.665,-0.173,2475.66,3.021,2.238,-0.671,0.568,-0.816,0.108,0.128,0.988,-0.083,2459.80,3.133,0.783,1.007,-0.564,-0.369,0.738,0.719,0.673,-0.173,9.979,6.229,4.672,2.229,0.809,0.245,-0.535,10.965,7.420,1.084,-6.656,paper
22.350225,0.275,0.840,-0.469,2593.05,3.693,6.379,-4.588,-0.566,-0.652,0.504,0.015,0.850,-0.526,2478.68,3.581,6.043,-3.469,-0.380,-0.675,0.633,-0.729,0.659,-0.185,2467.62,1.567,2.014,-1.567,0.575,-0.811,0.103,0.128,0.988,-0.087,2459.66,3.917,0.783,0.336,-0.569,-0.372,0.733,0.706,0.690,-0.161,9.852,7.359,3.740,0.076,0.819,0.267,-0.508,10.675,3.267,0.198,-3.756,paper
22.350308,0.288,0.815,-0.502,2573.72,3.469,4.141,-3.469,-0.570,-0.631,0.526,0.027,0.825,-0.564,2469.46,3.357,6.826,-3.693,-0.364,-0.689,0.627,-0.727,0.666,-0.164,2485.49,0.895,2.238,-2.014,0.554,-0.827,0.099,0.137,0.987,-0.083,2451.58,2.910,1.119,0.336,-0.562,-0.368,0.741,0.732,0.674,-0.096,10.094,3.359,4.244,-0.656,0.828,0.265,-0.494,10.731,-1.511,-0.153,-4.458,paper
22.350389,0.286,0.830,-0.479,2493.42,4.364,1.790,-1.455,-0.559,-0.652,0.513,0.020,0.840,-0.543,2403.66,4.364,5.595,-1.119,-0.361,-0.683,0.635,-0.731,0.657,-0.186,2460.96,2.686,3.917,-0.783,0.590,-0.804,0.073,0.145,0.985,-0.096,2438.12,4.029,-0.671,2.798,-0.563,-0.368,0.740,0.725,0.677,-0.126,9.985,0.351,3.374,0.305,0.811,0.252,-0.528,10.754,-3.802,1.038,-3.420,paper
22.350471,0.292,0.814,-0.502,2577.43,4.364,2.686,0.560,-0.571,-0.651,0.501,0.038,0.821,-0.570,2495.69,5.036,8.729,0.560,-0.356,-0.680,0.640,-0.718,0.661,-0.218,2505.36,4.476,3.469,-0.671,0.580,-0.811,0.072,0.145,0.985,-0.091,2437.18,3.357,-2.574,2.910,-0.561,-0.368,0.741,0.713,0.678,-0.181,9.871,1.740,2.244,0.550,0.798,0.244,-0.551,10.853,-1.191,-1.282,-4.519,paper
22.350550,0.278,0.839,-0.467,2560.19,1.790,3.581,-1.007,-0.539,-0.648,0.538,0.027,0.841,-0.540,2455.27,3.357,5.148,0.671,-0.355,-0.672,0.650,-0.732,0.654,-0.193,2472.79,4.364,0.783,-0.671,0.564,-0.822,0.078,0.138,0.986,-0.092,2434.49,1.790,-2.574,1.231,-0.562,-0.365,0.742,0.707,0.684,-0.179,9.857,6.748,0.534,-0.947,0.789,0.246,-0.563,10.771,2.519,-3.985,-6.504,paper
22.350631,0.282,0.842,-0.459,2561.77,-0.224,4.924,-1.790,-0.566,-0.647,0.510,0.034,0.836,-0.548,2507.69,0.895,5.707,-0.783,-0.380,-0.676,0.631,-0.734,0.660,-0.162,2464.13,3.245,1.119,0.336,0.557,-0.829,0.052,0.125,0.989,-0.075,2446.07,-1.007,-1.119,-0.336,-0.561,-0.366,0.742,0.720,0.676,-0.159,9.992,8.290,1.847,-2.458,0.787,0.247,-0.565,10.771,5.145,-4.366,-10.137,paper
22.350712,0.274,0.857,-0.436,2562.95,0.224,6.826,-2.126,-0.588,-0.638,0.497,0.015,0.875,-0.485,2409.37,0.671,6.826,-1.679,-0.376,-0.679,0.630,-0.717,0.672,-0.184,2479.05,0.671,2.798,0.560,0.573,-0.815,0.085,0.129,0.989,-0.075,2447.34,-1.007,1.119,0.112,-0.566,-0.371,0.736,0.729,0.670,-0.142,10.111,9.588,2.855,-1.115,0.814,0.252,-0.524,11.058,6.687,-3.786,-9.038,paper
22.350799,0.295,0.823,-0.485,2585.69,0.671,8.505,-3.581,-0.550,-0.650,0.524,0.035,0.846,-0.532,2489.63,-1.567,10.743,-2.574,-0.348,-0.676,0.650,-0.716,0.678,-0.166,2456.85,-0.783,2.686,0.336,0.571,-0.815,0.101,0.136,0.988,-0.074,2470.74,1.007,2.462,-0.112,-0.564,-0.368,0.739,0.744,0.663,-0.084,10.265,6.092,4.992,1.878,0.829,0.262,-0.493,10.998,3.695,0.046,-6.000,paper
22.350887,0.290,0.818,-0.496,2626.15,0.895,5.483,-1.902,-0.545,-0.668,0.507,0.050,0.821,-0.569,2516.86,2.350,14.100,-4.476,-0.363,-0.677,0.640,-0.713,0.675,-0.188,2481.21,0.783,4.812,0.336,0.581,-0.810,0.080,0.148,0.985,-0.090,2467.21,4.588,1.007,1.343,-0.565,-0.371,0.737,0.746,0.655,-0.123,10.257,3.679,7.420,7.313,0.822,0.242,-0.515,11.213,2.351,3.344,-3.267,paper
22.350973,0.282,0.824,-0.492,2667.64,3.469,4.700,-3.021,-0.553,-0.657,0.513,0.041,0.830,-0.556,2561.31,3.021,13.988,-5.483,-0.369,-0.675,0.639,-0.717,0.661,-0.220,2520.41,3.805,3.917,-1.790,0.586,-0.806,0.082,0.143,0.984,-0.102,2469.63,6.938,-1.455,1.119,-0.563,-0.366,0.741,0.724,0.678,-0.127,10.024,4.840,5.817,7.450,0.812,0.255,-0.526,10.876,4.550,3.298,-2.626,paper
22.351053,0.290,0.817,-0.499,2631.12,5.931,3.021,-5.707,-0.557,-0.656,0.510,0.049,0.814,-0.578,2527.53,4.924,9.960,-7.274,-0.374,-0.666,0.645,-0.724,0.651,-0.226,2496.39,5.371,1.343,-2.798,0.575,-0.812,0.104,0.143,0.985,-0.094,2467.66,6.602,-2.014,-0.112,-0.570,-0.367,0.735,0.737,0.666,-0.117,10.126,2.718,5.237,8.168,0.822,0.253,-0.511,10.900,2.336,2.611,-1.863,paper
22.351134,0.293,0.811,-0.506,2536.14,5.260,0.224,-4.364,-0.563,-0.651,0.509,0.043,0.819,-0.572,2488.71,3.245,5.036,-5.371,-0.369,-0.692,0.620,-0.732,0.647,-0.212,2483.52,5.148,0.224,-1.007,0.575,-0.813,0.092,0.144,0.984,-0.103,2449.95,4.364,-3.581,-0.336,-0.559,-0.354,0.750,0.685,0.697,-0.212,9.549,5.802,0.901,3.282,0.810,0.264,-0.523,10.549,0.809,-0.824,0.504,paper
22.351214,0.290,0.813,-0.506,2595.64,2.238,-0.448,-2.462,-0.576,-0.653,0.493,0.042,0.827,-0.561,2500.43,3.133,2.462,-3.245,-0.379,-0.677,0.631,-0.736,0.642,-0.214,2456.84,5.260,1.343,-2.126,0.584,-0.805,0.108,0.127,0.988,-0.089,2410.96,2.238,-3.021,-1.567,-0.557,-0.357,0.750,0.713,0.684,-0.151,9.740,7.878,-0.489,-1.542,0.796,0.250,-0.552,10.517,-1.511,-4.763,-1.634,paper
22.352687,0.268,0.868,-0.418,2440.54,1.119,-4.252,-0.783,-0.547,-0.668,0.505,0.016,0.863,-0.506,2327.82,2.350,-2.574,-1.231,-0.372,-0.686,0.625,-0.738,0.650,-0.181,2424.73,1.567,-0.783,0.895,0.571,-0.813,0.113,0.122,0.988,-0.092,2411.52,-1.119,-0.560,-1.679,-0.566,-0.367,0.738,0.726,0.673,-0.141,9.800,9.588,0.168,-2.855,0.805,0.251,-0.537,10.580,-2.336,-5.527,-2.962,paper
22.352809,0.287,0.828,-0.482,2521.65,0.000,2.462,-0.112,-0.549,-0.660,0.513,0.031,0.835,-0.549,2429.44,-0.671,3.357,-0.783,-0.387,-0.669,0.634,-0.727,0.668,-0.157,2419.18,0.671,1.455,1.790,0.578,-0.814,0.064,0.122,0.989,-0.088,2418.62,-1.567,0.895,-0.336,-0.565,-0.364,0.741,0.746,0.660,-0.089,10.082,5.435,1.649,-1.557,0.824,0.251,-0.507,10.830,-4.366,-3.969,-3.679,paper
22.352901,0.283,0.830,-0.480,2551.33,0.112,2.126,0.671,-0.552,-0.651,0.521,0.023,0.845,-0.535,2458.94,0.783,4.252,0.560,-0.358,-0.685,0.634,-0.717,0.668,-0.199,2493.89,-0.112,2.574,0.783,0.564,-0.824,0.056,0.139,0.985,-0.103,2468.22,0.671,0.448,1.455,-0.563,-0.360,0.744,0.741,0.658,-0.137,10.058,3.053,2.336,0.473,0.820,0.245,-0.517,10.976,-4.519,-1.542,-2.061,paper
22.374442,0.285,0.815,-0.505,2636.97,1.679,1.455,0.336,-0.552,-0.677,0.487,0.042,0.818,-0.573,2515.15,2.686,2.798,0.448,-0.376,-0.671,0.639,-0.725,0.664,-0.182,2507.89,2.910,4.141,-1.902,0.592,-0.800,0.094,0.140,0.985,-0.105,2467.89,3.357,-0.671,1.567,-0.564,-0.362,0.742,0.736,0.663,-0.137,10.136,4.779,0.687,1.664,0.814,0.247,-0.525,11.006,-3.344,-3.099,-0.947,paper
22.398099,0.282,0.828,-0.485,2628.42,1.455,-0.671,-0.560,-0.555,-0.663,0.503,0.034,0.834,-0.550,2512.63,0.783,0.671,0.112,-0.380,-0.675,0.633,-0.726,0.653,-0.214,2504.51,3.357,2.350,-0.448,0.587,-0.802,0.115,0.140,0.985,-0.097,2457.01,2.686,-1.902,0.000,-0.558,-0.357,0.749,0.730,0.666,-0.152,10.016,5.191,-0.840,0.580,0.804,0.251,-0.539,10.762,-4.031,-4.031,-1.450,paper
22.421119,0.278,0.841,-0.465,2568.59,0.671,0.112,-0.448,-0.542,-0.650,0.533,0.031,0.842,-0.538,2443.43,1.455,2.798,-1.790,-0.358,-0.669,0.652,-0.728,0.651,-0.212,2481.98,2.910,1.567,-0.224,0.581,-0.809,0.092,0.133,0.987,-0.093,2442.61,0.671,-2.126,-0.448,-0.566,-0.364,0.740,0.742,0.654,-0.145,10.138,7.481,-0.305,1.756,0.799,0.239,-0.551,10.926,-1.176,-5.099,-1.802,paper
22.443687,0.276,0.844,-0.459,2579.13,-0.336,2.014,-1.902,-0.546,-0.662,0.514,0.027,0.856,-0.516,2472.70,-0.671,5.595,-2.798,-0.373,-0.672,0.640,-0.720,0.666,-0.194,2455.58,1.007,2.350,-0.560,0.581,-0.806,0.113,0.129,0.987,-0.093,2441.30,0.336,-0.895,-1.455,-0.565,-0.359,0.742,0.734,0.666,-0.132,9.976,8.076,2.412,2.504,0.809,0.253,-0.531,10.716,-0.183,-2.458,-2.595,paper
22.858968,0.283,0.837,-0.468,2554.62,1.567,3.581,-3.245,-0.559,-0.661,0.501,0.039,0.838,-0.544,2433.59,1.679,8.169,-4.252,-0.358,-0.675,0.646,-0.719,0.665,-0.202,2460.26,0.671,4.252,-1.679,0.581,-0.804,0.123,0.134,0.987,-0.086,2440.91,2.238,0.895,0.000,-0.562,-0.368,0.740,0.721,0.675,-0.160,9.766,8.061,3.863,1.832,0.809,0.250,-0.531,10.710,-0.275,-1.878,-3.740,paper
22.859111,0.287,0.824,-0.489,2546.56,2.462,3.357,-2.462,-0.577,-0.654,0.489,0.035,0.834,-0.550,2443.61,1.119,8.729,-2.910,-0.376,-0.678,0.631,-0.719,0.661,-0.214,2458.94,1.902,3.469,-1.679,0.595,-0.795,0.120,0.134,0.987,-0.094,2432.75,3.469,1.119,0.783,-0.562,-0.355,0.747,0.745,0.657,-0.119,10.043,6.687,3.389,2.168,0.822,0.249,-0.512,10.843,-1.924,-2.580,-3.557,paper
22.859207,0.282,0.826,-0.489,2566.20,1.679,2.014,-1.455,-0.556,-0.660,0.504,0.050,0.808,-0.587,2509.02,1.007,9.512,-2.798,-0.367,-0.673,0.642,-0.727,0.653,-0.211,2488.58,1.567,1.119,-0.112,0.559,-0.825,0.079,0.137,0.984,-0.110,2438.04,2.798,-0.112,1.007,-0.564,-0.361,0.742,0.742,0.659,-0.120,9.974,5.496,2.672,3.221,0.820,0.246,-0.516,10.876,-2.702,-2.489,-1.603,paper
22.859297,0.279,0.825,-0.491,2592.51,0.224,2.238,-1.231,-0.563,-0.651,0.509,0.030,0.832,-0.554,2495.64,1.119,4.700,-1.231,-0.365,-0.679,0.637,-0.739,0.637,-0.218,2459.89,3.133,1.567,-0.671,0.602,-0.790,0.117,0.137,0.984,-0.113,2449.87,2.462,-1.231,0.448,-0.560,-0.357,0.748,0.742,0.657,-0.133,9.968,5.389,2.061,3.206,0.812,0.243,-0.531,10.796,-2.687,-2.962,-2.244,paper
22.859387,0.276,0.829,-0.486,2579.96,1.567,2.238,-1.455,-0.561,-0.653,0.508,0.031,0.828,-0.560,2451.63,1.343,4.700,-1.902,-0.362,-0.671,0.647,-0.740,0.634,-0.222,2455.73,1.679,1.343,1.679,0.586,-0.805,0.094,0.136,0.985,-0.105,2457.65,1.007,-1.455,0.448,-0.566,-0.360,0.742,0.727,0.665,-0.172,9.816,7.328,1.618,1.695,0.809,0.241,-0.537,10.819,-0.916,-4.565,-3.252,paper
22.859480,0.277,0.835,-0.476,2574.33,1.007,2.574,-2.238,-0.568,-0.652,0.502,0.023,0.847,-0.531,2475.01,-0.336,5.819,-1.455,-0.380,-0.676,0.631,-0.718,0.661,-0.218,2505.36,1.119,0.448,1.790,0.586,-0.805,0.094,0.133,0.985,-0.105,2446.58,0.112,-1.007,-0.895,-0.557,-0.356,0.750,0.734,0.665,-0.135,9.944,10.656,0.611,-0.092,0.804,0.244,-0.543,10.855,1.374,-6.626,-4.427,paper
22.859576,0.280,0.836,-0.471,2579.91,-1.343,4.364,-3.917,-0.553,-0.662,0.505,0.042,0.836,-0.547,2495.46,-1.567,9.288,-3.805,-0.379,-0.668,0.641,-0.725,0.663,-0.185,2466.23,-0.336,0.895,0.783,0.580,-0.813,0.059,0.136,0.986,-0.097,2454.64,-0.560,0.448,-1.455,-0.562,-0.362,0.743,0.740,0.661,-0.127,9.972,9.420,0.992,-1.176,0.813,0.252,-0.526,10.761,1.221,-4.901,-6.489,paper
22.859671,0.285,0.829,-0.481,2567.34,1.119,4.476,-2.910,-0.539,-0.648,0.538,0.043,0.830,-0.556,2488.43,0.895,5.036,-2.014,-0.369,-0.684,0.629,-0.725,0.663,-0.189,2468.83,-0.112,2.574,0.783,0.585,-0.808,0.073,0.136,0.986,-0.097,2454.64,0.000,0.671,-0.224,-0.568,-0.367,0.737,0.752,0.647,-0.123,10.088,8.366,2.198,0.229,0.821,0.247,-0.515,10.971,0.137,-3.466,-5.130,paper
22.859765,0.289,0.826,-0.485,2566.76,-0.336,4.700,-2.462,-0.546,-0.667,0.508,0.046,0.831,-0.554,2478.02,0.448,5.036,-1.119,-0.352,-0.670,0.654,-0.720,0.658,-0.221,2470.48,0.336,2.350,-0.895,0.590,-0.795,0.140,0.137,0.985,-0.102,2436.91,2.462,0.224,0.783,-0.563,-0.360,0.744,0.736,0.660,-0.152,9.899,8.718,0.718,-2.229,0.809,0.258,-0.528,10.589,-1.344,-3.664,-4.092,paper
22.859921,0.291,0.816,-0.500,2547.89,2.574,4.364,-2.574,-0.549,-0.660,0.513,0.032,0.839,-0.543,2405.24,2.462,5.931,-1.455,-0.369,-0.675,0.638,-0.739,0.644,-0.196,2433.63,1.455,2.014,-1.790,0.586,-0.807,0.071,0.134,0.985,-0.106,2436.73,1.790,0.224,0.783,-0.567,-0.362,0.740,0.739,0.657,-0.146,9.931,8.290,1.435,-2.458,0.813,0.247,-0.528,10.779,-2.718,-4.351,-4.076,paper
22.860016,0.275,0.843,-0.462,2524.37,1.119,2.574,0.224,-0.533,-0.663,0.525,0.031,0.839,-0.544,2418.22,-0.224,8.841,-1.343,-0.349,-0.668,0.657,-0.718,0.653,-0.239,2488.94,-0.336,3.917,0.448,0.590,-0.803,0.085,0.137,0.985,-0.102,2436.91,0.671,0.224,0.783,-0.561,-0.361,0.745,0.737,0.653,-0.174,9.903,9.008,1.069,-2.076,0.809,0.243,-0.535,10.887,-2.672,-5.466,-3.710,paper
22.860108,0.277,0.830,-0.484,2609.98,0.224,4.141,-0.783,-0.557,-0.646,0.522,0.045,0.834,-0.549,2572.82,-1.902,7.498,-1.455,-0.374,-0.658,0.654,-0.722,0.657,-0.215,2489.30,-1.455,1.343,0.783,0.602,-0.790,0.117,0.136,0.985,-0.105,2457.65,-0.448,0.560,-0.448,-0.564,-0.362,0.742,0.750,0.653,-0.108,10.138,11.420,-0.046,-1.649,0.810,0.244,-0.533,10.961,-1.450,-6.397,-3.038,paper
22.860189,0.280,0.835,-0.474,2584.63,-1.231,2.686,-1.790,-0.556,-0.655,0.512,0.043,0.832,-0.553,2483.44,0.895,3.917,-2.798,-0.381,-0.682,0.624,-0.721,0.663,-0.200,2481.30,-1.119,1.231,-0.112,0.578,-0.812,0.085,0.139,0.985,-0.104,2485.62,0.112,0.560,-0.671,-0.563,-0.360,0.744,0.758,0.645,-0.102,10.222,5.893,2.870,1.939,0.828,0.254,-0.500,10.969,-2.061,-2.534,-3.573,paper
22.860270,0.287,0.812,-0.508,2621.52,0.560,3.693,-1.679,-0.579,-0.657,0.483,0.042,0.834,-0.549,2500.94,1.231,4.029,-1.343,-0.384,-0.691,0.613,-0.715,0.662,-0.226,2502.42,-0.336,2.014,-1.455,0.605,-0.791,0.089,0.143,0.984,-0.108,2481.20,1.679,-0.112,0.336,-0.565,-0.362,0.741,0.737,0.656,-0.162,9.953,6.092,1.939,1.496,0.806,0.246,-0.538,10.878,-1.344,-2.473,-2.977,paper
22.860349,0.281,0.840,-0.464,2577.27,1.567,2.014,-2.126,-0.570,-0.649,0.505,0.054,0.825,-0.562,2495.22,2.910,5.371,-1.902,-0.387,-0.689,0.613,-0.728,0.651,-0.216,2484.85,0.895,2.798,-2.574,0.605,-0.791,0.089,0.137,0.985,-0.102,2436.91,3.021,-1.343,0.560,-0.560,-0.356,0.748,0.736,0.660,-0.151,9.906,7.664,0.992,-0.076,0.801,0.251,-0.543,10.719,0.076,-3.557,-3.786,paper
22.860429,0.288,0.833,-0.473,2510.48,1.119,4.812,-4.700,-0.548,-0.664,0.509,0.035,0.843,-0.537,2430.81,1.231,2.910,-2.126,-0.368,-0.679,0.635,-0.730,0.645,-0.225,2461.58,0.895,1.455,-1.790,0.597,-0.794,0.114,0.137,0.985,-0.106,2437.95,2.126,-0.112,-0.224,-0.561,-0.357,0.747,0.741,0.656,-0.147,9.918,8.855,0.641,-0.214,0.811,0.251,-0.529,10.776,-0.137,-4.763,-4.809,paper
22.860508,0.281,0.830,-0.481,2567.13,0.336,5.148,-2.462,-0.542,-0.670,0.507,0.044,0.828,-0.560,2402.02,1.007,5.371,-2.014,-0.380,-0.685,0.621,-0.722,0.656,-0.220,2478.41,0.895,1.455,0.671,0.592,-0.798,0.115,0.134,0.986,-0.102,2435.69,-0.560,-0.112,-0.448,-0.555,-0.359,0.750,0.754,0.646,-0.114,10.067,8.519,0.519,0.412,0.807,0.244,-0.537,10.817,1.160,-4.779,-6.229,paper
22.871545,0.273,0.840,-0.469,2571.54,0.112,4.476,-2.574,-0.551,-0.656,0.516,0.042,0.837,-0.545,2502.99,-1.231,6.155,-1.231,-0.367,-0.681,0.633,-0.727,0.654,-0.210,2458.79,2.126,2.014,0.783,0.606,-0.789,0.098,0.136,0.985,-0.105,2457.65,0.671,-0.560,0.224,-0.559,-0.358,0.748,0.760,0.640,-0.117,10.102,5.740,4.122,3.847,0.823,0.246,-0.511,10.883,0.901,-2.046,-6.351,paper
22.871668,0.282,0.829,-0.483,2558.00,0.448,5.036,-2.462,-0.544,-0.681,0.490,0.039,0.835,-0.548,2451.50,0.224,6.379,-2.238,-0.360,-0.677,0.642,-0.728,0.655,-0.205,2470.53,3.357,3.133,1.007,0.615,-0.780,0.116,0.134,0.985,-0.106,2436.73,2.686,-0.895,1.455,-0.559,-0.354,0.750,0.744,0.652,-0.142,9.918,4.748,5.710,4.840,0.812,0.245,-0.530,10.797,-0.504,-0.641,-5.206,paper
22.871760,0.283,0.832,-0.478,2586.57,-0.112,4.700,-2.686,-0.571,-0.670,0.475,0.038,0.836,-0.547,2495.05,0.000,7.274,-1.679,-0.367,-0.691,0.623,-0.726,0.653,-0.216,2476.85,3.133,1.567,1.343,0.567,-0.820,0.074,0.133,0.985,-0.113,2448.66,2.462,-0.783,1.455,-0.568,-0.367,0.737,0.745,0.652,-0.144,9.984,6.641,2.183,0.779,0.809,0.252,-0.531,10.779,-0.809,-2.595,-5.618,paper
22.880039,0.288,0.825,-0.486,2545.14,2.462,3.133,-1.679,-0.552,-0.667,0.501,0.053,0.827,-0.560,2523.96,2.686,4.924,-1.679,-0.370,-0.678,0.635,-0.717,0.665,-0.210,2507.00,3.469,0.336,2.014,0.582,-0.810,0.067,0.137,0.985,-0.105,2447.80,0.671,-1.119,0.671,-0.564,-0.355,0.745,0.746,0.651,-0.140,9.992,6.931,1.389,-0.779,0.810,0.252,-0.530,10.874,-1.664,-3.191,-4.321,paper
22.903701,0.289,0.824,-0.487,2596.89,2.462,3.133,-1.455,-0.555,-0.665,0.500,0.059,0.823,-0.564,2450.72,3.469,-0.224,-1.231,-0.373,-0.672,0.640,-0.710,0.665,-0.231,2533.35,5.483,0.224,1.679,0.592,-0.805,0.034,0.144,0.984,-0.105,2459.47,0.000,-1.007,-0.336,-0.565,-0.357,0.744,0.755,0.642,-0.133,10.093,7.649,0.168,-0.809,0.807,0.246,-0.536,10.893,-0.779,-3.496,-4.641,paper
22.928922,0.277,0.843,-0.461,2572.19,2.238,1.790,-1.455,-0.563,-0.686,0.462,0.054,0.826,-0.561,2481.35,2.686,0.560,-1.119,-0.384,-0.682,0.623,-0.713,0.664,-0.226,2494.56,9.624,1.007,1.343,0.606,-0.784,0.132,0.140,0.985,-0.105,2458.05,1.007,-0.671,-0.560,-0.564,-0.360,0.743,0.754,0.643,-0.134,10.085,8.565,1.359,1.878,0.812,0.246,-0.529,10.994,1.282,-3.160,-4.031,paper
22.950902,0.278,0.836,-0.474,2631.34,1.679,2.014,-3.357,-0.561,-0.663,0.496,0.045,0.838,-0.544,2561.05,1.679,-2.014,-2.126,-0.353,-0.675,0.648,-0.731,0.648,-0.215,2448.63,10.295,1.231,-0.112,0.590,-0.805,0.061,0.132,0.986,-0.105,2466.29,1.343,-0.560,-1.343,-0.560,-0.359,0.747,0.749,0.646,-0.148,9.989,9.466,1.618,1.206,0.808,0.248,-0.535,10.846,0.107,-2.809,-3.389,paper
23.365919,0.277,0.838,-0.470,2566.75,2.462,1.119,-3.245,-0.541,-0.644,0.541,0.036,0.836,-0.548,2416.48,3.357,-1.119,-3.469,-0.352,-0.667,0.657,-0.731,0.644,-0.227,2448.57,8.281,2.798,0.336,0.586,-0.806,0.082,0.133,0.986,-0.105,2456.44,1.455,0.448,-1.567,-0.561,-0.363,0.744,0.748,0.649,-0.140,9.926,8.382,3.328,1.985,0.814,0.255,-0.522,10.718,-0.153,-2.504,-3.282,paper
23.366875,0.282,0.833,-0.475,2520.71,1.790,3.021,-3.245,-0.545,-0.672,0.502,0.039,0.834,-0.550,2443.99,1.343,1.119,-2.238,-0.381,-0.690,0.615,-0.730,0.647,-0.220,2436.29,3.133,2.462,-0.895,0.587,-0.790,0.175,0.137,0.985,-0.106,2437.95,1.455,0.448,0.000,-0.559,-0.354,0.750,0.748,0.648,-0.143,9.875,8.489,2.214,0.962,0.810,0.250,-0.530,10.785,-2.763,-3.267,-2.168,paper
23.366970,0.285,0.822,-0.493,2566.74,1.790,2.014,-1.455,-0.562,-0.674,0.479,0.047,0.819,-0.572,2453.10,0.671,1.567,-1.679,-0.367,-0.683,0.632,-0.729,0.643,-0.234,2453.18,2.014,2.126,0.671,0.607,-0.790,0.084,0.138,0.984,-0.110,2428.20,1.455,0.783,0.112,-0.562,-0.355,0.747,0.759,0.641,-0.116,10.028,7.038,1.252,0.382,0.816,0.255,-0.519,10.761,-3.328,-4.260,-2.504,paper
23.367074,0.282,0.829,-0.483,2558.00,0.560,1.231,-1.119,-0.569,-0.659,0.492,0.035,0.834,-0.550,2443.61,-0.448,1.119,-0.895,-0.363,-0.694,0.622,-0.718,0.656,-0.232,2477.05,1.231,1.343,1.119,0.589,-0.795,0.143,0.141,0.982,-0.122,2442.79,0.895,0.224,0.112,-0.562,-0.359,0.745,0.759,0.639,-0.123,10.016,5.847,1.405,0.504,0.817,0.251,-0.519,10.810,-4.137,-3.603,-1.847,paper
23.367163,0.280,0.827,-0.487,2576.33,0.560,1.343,-0.671,-0.555,-0.673,0.489,0.043,0.825,-0.564,2470.86,-0.671,2.462,-0.560,-0.366,-0.685,0.630,-0.722,0.645,-0.248,2474.74,1.455,2.014,0.783,0.566,-0.817,0.111,0.137,0.984,-0.114,2440.03,0.560,-0.336,0.448,-0.559,-0.361,0.747,0.747,0.649,-0.147,9.868,5.237,1.817,0.046,0.809,0.252,-0.531,10.731,-4.290,-3.725,-2.733,paper
23.368780,0.281,0.832,-0.479,2538.09,0.448,1.567,-0.560,-0.568,-0.652,0.502,0.043,0.830,-0.556,2488.43,0.224,1.567,0.560,-0.377,-0.676,0.633,-0.725,0.647,-0.237,2468.43,1.343,2.126,0.671,0.557,-0.828,0.063,0.129,0.985,-0.113,2447.35,0.000,0.000,0.895,-0.559,-0.359,0.747,0.753,0.641,-0.149,9.938,6.168,0.763,-1.924,0.806,0.243,-0.540,10.826,-4.046,-4.641,-3.939,paper
23.368931,0.280,0.831,-0.480,2574.60,-0.560,1.902,0.671,-0.544,-0.677,0.497,0.043,0.833,-0.552,2471.25,0.448,1.231,0.895,-0.355,-0.683,0.638,-0.710,0.653,-0.265,2506.17,0.000,0.671,0.671,0.585,-0.804,0.106,0.137,0.984,-0.114,2440.03,-0.448,0.336,0.671,-0.560,-0.350,0.751,0.757,0.637,-0.146,10.038,7.389,-0.519,-2.595,0.810,0.245,-0.534,10.957,-2.489,-6.015,-3.863,paper
23.369038,0.278,0.835,-0.476,2597.92,-0.783,2.014,-0.448,-0.553,-0.678,0.485,0.046,0.836,-0.547,2509.68,-1.231,2.126,-0.336,-0.382,-0.688,0.617,-0.714,0.657,-0.243,2490.50,-1.231,-0.112,0.560,0.597,-0.792,0.125,0.137,0.985,-0.109,2447.89,-1.007,0.448,-0.560,-0.561,-0.357,0.747,0.764,0.635,-0.115,10.131,5.573,0.840,-0.336,0.827,0.255,-0.501,10.965,-2.763,-4.656,-2.504,paper
23.369133,0.289,0.815,-0.502,2600.27,-0.112,1.902,-1.455,-0.558,-0.671,0.487,0.062,0.815,-0.576,2501.37,-0.560,2.910,-1.455,-0.355,-0.687,0.634,-0.710,0.664,-0.235,2492.77,0.112,0.112,0.000,0.589,-0.801,0.111,0.140,0.984,-0.109,2469.94,0.671,-0.448,-0.224,-0.558,-0.354,0.751,0.765,0.635,-0.110,10.140,3.511,1.282,1.969,0.816,0.250,-0.522,10.939,-4.244,-2.748,-1.466,paper
23.369525,0.284,0.826,-0.487,2578.32,0.783,-0.112,-0.448,-0.553,-0.674,0.490,0.039,0.831,-0.556,2455.04,0.560,0.895,0.448,-0.358,-0.683,0.637,-0.717,0.649,-0.254,2492.71,2.798,-0.783,0.448,0.611,-0.782,0.124,0.137,0.984,-0.117,2451.02,2.238,-1.455,0.895,-0.561,-0.357,0.747,0.749,0.644,-0.157,9.895,3.420,3.176,4.122,0.809,0.246,-0.535,10.858,-4.244,-2.107,-1.191,paper
23.369637,0.276,0.838,-0.472,2578.99,0.112,-0.671,-0.112,-0.538,-0.686,0.489,0.043,0.834,-0.550,2477.92,-0.895,1.455,0.224,-0.373,-0.680,0.631,-0.714,0.660,-0.235,2493.27,2.462,0.000,0.112,0.595,-0.791,0.143,0.137,0.984,-0.110,2438.04,2.350,-1.231,0.671,-0.563,-0.355,0.746,0.738,0.648,-0.188,9.774,7.847,0.397,0.489,0.796,0.247,-0.553,10.700,-3.084,-4.733,-2.031,paper
23.369729,0.278,0.839,-0.467,2562.53,0.671,0.448,-0.895,-0.549,-0.680,0.486,0.046,0.838,-0.544,2489.57,-0.336,1.119,0.336,-0.375,-0.691,0.618,-0.718,0.648,-0.253,2463.56,0.224,0.671,-0.671,0.585,-0.797,0.149,0.130,0.986,-0.106,2425.55,-0.560,-0.112,-1.007,-0.567,-0.358,0.742,0.738,0.652,-0.174,9.797,13.023,-1.466,-3.481,0.792,0.245,-0.559,10.765,-1.252,-7.420,-2.473,paper
23.369825,0.278,0.847,-0.454,2528.75,-0.671,1.343,-1.679,-0.558,-0.656,0.508,0.039,0.841,-0.540,2436.56,-1.343,0.448,-1.455,-0.366,-0.676,0.639,-0.717,0.651,-0.249,2466.83,-1.679,0.671,0.000,0.600,-0.796,0.076,0.126,0.987,-0.102,2432.11,-3.133,1.455,-2.798,-0.565,-0.364,0.740,0.757,0.646,-0.100,10.017,10.855,0.183,-3.954,0.820,0.261,-0.509,10.757,-2.000,-6.565,-3.374,paper
23.371674,0.283,0.832,-0.477,2548.40,-0.895,2.574,-1.567,-0.530,-0.677,0.510,0.039,0.842,-0.537,2465.52,-2.574,2.014,-1.231,-0.361,-0.666,0.653,-0.716,0.662,-0.221,2469.91,-2.126,-0.112,0.560,0.588,-0.801,0.111,0.136,0.985,-0.109,2457.73,-1.455,1.902,-0.671,-0.565,-0.352,0.747,0.758,0.641,-0.123,9.992,7.023,1.221,-3.206,0.822,0.248,-0.512,10.959,-5.924,-4.137,-1.405,paper
23.371792,0.281,0.822,-0.495,2637.01,0.112,0.783,0.112,-0.562,-0.654,0.506,0.058,0.814,-0.577,2514.68,0.112,1.567,0.000,-0.378,-0.674,0.635,-0.721,0.648,-0.244,2478.75,-1.679,0.000,-0.895,0.587,-0.802,0.113,0.141,0.983,-0.117,2451.43,1.119,1.231,0.000,-0.565,-0.360,0.743,0.765,0.631,-0.129,10.124,6.473,0.489,-1.924,0.818,0.250,-0.519,10.905,-4.748,-4.580,-0.534,paper
23.371886,0.283,0.830,-0.480,2553.19,-0.448,-0.224,-1.679,-0.531,-0.680,0.506,0.031,0.837,-0.547,2424.51,0.671,-0.783,-1.343,-0.365,-0.679,0.637,-0.727,0.646,-0.231,2486.35,-0.560,0.224,-1.119,0.580,-0.809,0.094,0.137,0.984,-0.117,2451.02,1.455,0.560,-0.560,-0.569,-0.363,0.738,0.742,0.649,-0.167,9.824,7.969,-1.145,-4.458,0.800,0.255,-0.543,10.562,-5.221,-4.870,-0.641,paper
23.371972,0.284,0.834,-0.474,2506.79,0.895,1.007,-0.448,-0.554,-0.668,0.497,0.044,0.832,-0.554,2427.74,1.119,2.014,-0.448,-0.362,-0.690,0.627,-0.732,0.638,-0.238,2457.08,0.336,1.567,-1.007,0.598,-0.798,0.081,0.134,0.985,-0.110,2436.82,-1.343,-0.448,-0.783,-0.562,-0.362,0.743,0.752,0.637,-0.169,9.937,10.153,-1.313,-4.565,0.811,0.242,-0.533,10.918,-4.733,-7.893,-2.076,paper
23.373697,0.278,0.835,-0.476,2597.92,-1.007,1.119,0.336,-0.530,-0.674,0.515,0.053,0.825,-0.563,2529.57,-2.350,0.560,-0.336,-0.361,-0.683,0.635,-0.720,0.654,-0.233,2471.87,-0.671,-0.671,0.671,0.581,-0.802,0.135,0.137,0.985,-0.105,2447.80,-2.798,1.119,-1.231,-0.565,-0.369,0.738,0.775,0.626,-0.086,10.237,7.771,-1.313,-3.023,0.824,0.252,-0.508,10.877,-6.473,-5.847,-0.214,paper
23.373814,0.271,0.838,-0.474,2588.52,-0.783,-0.783,0.112,-0.559,-0.661,0.501,0.042,0.840,-0.540,2505.95,-0.671,-0.783,-0.560,-0.367,-0.674,0.642,-0.713,0.668,-0.212,2478.88,-0.336,-0.895,0.783,0.583,-0.798,0.155,0.132,0.985,-0.112,2468.35,-0.895,0.112,-0.671,-0.562,-0.361,0.744,0.765,0.632,-0.126,10.080,3.206,2.092,0.916,0.813,0.245,-0.528,10.868,-6.733,-1.542,0.260,paper
23.373913,0.287,0.824,-0.489,2550.01,2.574,0.112,-0.224,-0.553,-0.678,0.485,0.039,0.836,-0.547,2438.50,3.133,-0.112,-1.119,-0.361,-0.685,0.633,-0.722,0.660,-0.207,2492.38,3.133,3.917,-0.671,0.594,-0.797,0.110,0.133,0.985,-0.113,2448.66,2.574,-0.895,1.231,-0.559,-0.361,0.747,0.739,0.654,-0.162,9.803,3.450,2.000,-1.252,0.801,0.252,-0.543,10.640,-6.687,-2.290,-0.947,paper
23.387492,0.279,0.840,-0.465,2512.17,2.014,-1.119,1.119,-0.551,-0.661,0.509,0.036,0.839,-0.543,2404.73,2.238,1.455,0.783,-0.373,-0.690,0.621,-0.711,0.643,-0.285,2500.85,1.231,4.812,-0.560,0.568,-0.813,0.130,0.135,0.985,-0.111,2418.11,0.895,-0.112,1.343,-0.559,-0.352,0.751,0.746,0.643,-0.170,9.909,5.710,0.427,-2.443,0.804,0.242,-0.544,10.926,-4.275,-5.130,-1.160,paper
23.410168,0.280,0.832,-0.479,2618.95,-0.895,0.224,-0.895,-0.567,-0.683,0.461,0.073,0.807,-0.586,2512.65,-2.686,2.686,-1.007,-0.377,-0.680,0.629,-0.711,0.666,-0.227,2488.16,-1.007,-0.112,1.902,0.595,-0.796,0.107,0.140,0.984,-0.109,2460.10,-1.902,1.007,-0.560,-0.563,-0.360,0.743,0.757,0.645,-0.107,10.029,4.137,0.489,-2.397,0.828,0.259,-0.498,10.962,-4.794,-4.473,-1.084,paper
23.432427,0.283,0.829,-0.482,2583.06,-0.224,-0.783,0.112,-0.539,-0.682,0.494,0.038,0.842,-0.538,2500.16,-0.336,-0.671,0.000,-0.372,-0.686,0.625,-0.725,0.647,-0.238,2454.72,0.112,1.455,0.336,0.602,-0.793,0.094,0.141,0.984,-0.113,2450.28,-1.007,-0.224,-0.336,-0.555,-0.356,0.752,0.755,0.641,-0.139,9.997,3.939,0.397,-1.527,0.805,0.247,-0.539,10.835,-6.641,-2.702,1.939,paper
23.454121,0.283,0.832,-0.478,2586.57,0.783,-1.679,0.895,-0.563,-0.659,0.499,0.050,0.822,-0.567,2491.28,1.007,-0.560,0.112,-0.373,-0.679,0.633,-0.714,0.660,-0.235,2493.27,1.231,2.014,-0.783,0.572,-0.804,0.162,0.137,0.984,-0.113,2449.87,0.895,-0.448,-0.112,-0.563,-0.357,0.745,0.750,0.645,-0.148,9.954,4.107,-0.443,-2.290,0.812,0.251,-0.526,10.777,-6.290,-4.153,0.794,paper
23.878963,0.280,0.837,-0.470,2544.93,-0.560,-1.007,0.000,-0.543,-0.670,0.506,0.027,0.849,-0.528,2433.91,0.448,-1.567,0.336,-0.384,-0.693,0.611,-0.717,0.655,-0.240,2482.49,1.567,1.007,0.112,0.573,-0.811,0.121,0.134,0.985,-0.110,2436.82,0.112,-0.560,0.336,-0.561,-0.359,0.746,0.757,0.642,-0.124,10.024,3.160,0.015,-1.725,0.813,0.250,-0.526,10.795,-6.779,-4.290,0.122,paper
23.879104,0.288,0.822,-0.491,2577.83,-0.224,-0.560,0.783,-0.561,-0.670,0.487,0.058,0.818,-0.572,2504.01,-0.671,0.448,0.560,-0.369,-0.684,0.629,-0.717,0.653,-0.244,2478.06,0.336,2.238,0.671,0.579,-0.801,0.149,0.137,0.985,-0.106,2437.95,0.224,0.000,0.448,-0.566,-0.358,0.742,0.752,0.639,-0.162,9.937,3.985,-1.603,-1.908,0.809,0.242,-0.535,10.906,-7.649,-5.252,1.298,paper
23.879202,0.276,0.830,-0.484,2612.67,-0.336,-2.126,1.455,-0.544,-0.665,0.512,0.046,0.830,-0.555,2489.66,0.671,-1.231,-0.560,-0.381,-0.670,0.637,-0.717,0.648,-0.256,2479.05,1.455,2.462,-0.224,0.605,-0.791,0.089,0.133,0.985,-0.110,2446.67,-1.119,-1.119,-0.671,-0.561,-0.363,0.744,0.753,0.645,-0.131,9.971,4.214,-0.656,-2.336,0.807,0.248,-0.536,10.726,-5.725,-5.221,0.198,paper
23.879296,0.276,0.844,-0.460,2512.63,-0.112,-0.112,-0.224,-0.546,-0.668,0.505,0.031,0.841,-0.541,2412.80,-0.336,-1.119,-0.448,-0.371,-0.688,0.624,-0.716,0.659,-0.231,2484.34,1.343,1.679,0.895,0.569,-0.818,0.080,0.133,0.985,-0.110,2446.67,0.000,0.000,-0.224,-0.567,-0.366,0.738,0.750,0.643,-0.158,9.912,4.824,-0.901,-3.115,0.810,0.249,-0.531,10.761,-6.779,-5.420,-1.084,paper
23.879387,0.284,0.831,-0.479,2540.09,-1.119,0.783,0.336,-0.551,-0.671,0.496,0.043,0.836,-0.546,2460.27,-1.231,1.679,0.895,-0.370,-0.681,0.631,-0.721,0.639,-0.267,2451.97,-0.112,2.014,-0.112,0.585,-0.808,0.073,0.130,0.986,-0.106,2425.55,-0.336,0.224,0.671,-0.565,-0.360,0.743,0.753,0.645,-0.131,9.950,5.405,-0.015,-3.221,0.808,0.244,-0.537,10.789,-5.603,-5.359,-1.389,paper
23.879477,0.280,0.837,-0.470,2544.93,0.112,0.671,0.448,-0.545,-0.677,0.495,0.043,0.836,-0.548,2472.43,0.224,2.126,0.224,-0.360,-0.686,0.632,-0.706,0.666,-0.241,2503.24,-0.112,0.895,1.679,0.564,-0.819,0.101,0.137,0.985,-0.109,2447.89,-0.448,0.783,0.448,-0.568,-0.365,0.738,0.753,0.644,-0.132,9.978,4.489,0.229,-2.321,0.818,0.243,-0.521,11.022,-6.504,-4.504,-1.466,paper
23.879569,0.281,0.825,-0.490,2641.14,-0.895,1.119,0.895,-0.550,-0.670,0.498,0.046,0.828,-0.558,2494.40,0.448,1.343,-0.112,-0.372,-0.683,0.628,-0.718,0.649,-0.252,2476.51,0.000,0.895,0.000,0.571,-0.815,0.101,0.137,0.984,-0.113,2449.87,0.336,0.224,0.671,-0.561,-0.356,0.748,0.752,0.642,-0.151,9.998,6.031,-0.458,-2.412,0.808,0.245,-0.536,10.768,-6.015,-4.763,-0.305,paper
23.879659,0.278,0.835,-0.474,2563.10,-0.336,-1.007,0.560,-0.543,-0.681,0.492,0.050,0.821,-0.569,2483.89,-0.336,0.671,0.448,-0.370,-0.678,0.635,-0.719,0.646,-0.257,2503.16,0.112,0.336,0.671,0.575,-0.813,0.092,0.136,0.984,-0.117,2460.86,0.000,0.000,0.112,-0.561,-0.364,0.743,0.751,0.647,-0.132,10.003,6.336,-0.885,-2.061,0.819,0.250,-0.517,10.871,-5.191,-5.924,-0.779,paper
23.879741,0.281,0.833,-0.477,2569.82,-1.790,0.671,0.448,-0.554,-0.663,0.504,0.043,0.836,-0.546,2460.27,-1.455,-0.783,1.119,-0.377,-0.685,0.623,-0.707,0.662,-0.249,2502.21,0.783,-0.112,1.343,0.587,-0.803,0.103,0.140,0.984,-0.109,2460.10,-0.224,0.000,-0.112,-0.562,-0.364,0.743,0.759,0.642,-0.110,10.074,4.550,-0.763,-0.916,0.819,0.252,-0.516,10.847,-6.534,-4.977,-0.580,paper
23.879845,0.282,0.833,-0.476,2594.05,-0.336,-0.671,0.783,-0.539,-0.673,0.507,0.043,0.839,-0.543,2476.19,0.448,0.783,1.567,-0.372,-0.675,0.637,-0.709,0.663,-0.240,2481.42,2.014,0.000,0.560,0.580,-0.807,0.116,0.137,0.985,-0.109,2447.89,0.000,-1.455,0.336,-0.555,-0.354,0.753,0.752,0.644,-0.137,9.970,2.137,1.603,0.168,0.806,0.246,-0.538,10.793,-6.901,-2.260,-1.695,paper
23.879935,0.278,0.839,-0.467,2562.53,2.798,0.448,1.119,-0.573,-0.677,0.461,0.051,0.830,-0.555,2456.35,3.021,0.783,1.007,-0.365,-0.679,0.637,-0.711,0.654,-0.259,2486.85,2.238,1.455,-0.112,0.585,-0.801,0.126,0.134,0.986,-0.098,2433.71,1.567,-0.560,1.679,-0.565,-0.366,0.739,0.746,0.647,-0.160,9.915,3.191,1.389,0.229,0.805,0.244,-0.541,10.843,-5.481,-3.374,-2.153,paper
23.880028,0.289,0.827,-0.482,2564.55,1.119,1.343,0.112,-0.561,-0.664,0.494,0.046,0.839,-0.543,2512.60,0.224,0.783,0.671,-0.385,-0.687,0.616,-0.697,0.664,-0.272,2510.89,0.895,1.567,0.560,0.577,-0.813,0.078,0.137,0.985,-0.109,2447.89,1.007,0.560,0.895,-0.562,-0.362,0.743,0.754,0.641,-0.143,10.027,3.771,1.557,0.290,0.807,0.248,-0.537,10.813,-4.382,-3.557,-2.794,paper
23.880122,0.282,0.836,-0.471,2560.34,0.112,1.567,-0.448,-0.556,-0.675,0.485,0.047,0.833,-0.551,2458.65,1.119,1.231,-1.007,-0.380,-0.676,0.631,-0.709,0.668,-0.226,2494.82,0.112,1.567,-0.448,0.578,-0.806,0.129,0.133,0.985,-0.109,2456.52,1.343,0.448,0.671,-0.564,-0.360,0.743,0.749,0.641,-0.167,9.961,5.649,1.038,-1.206,0.808,0.250,-0.534,10.862,-4.183,-4.504,-3.206,paper
23.880217,0.287,0.828,-0.482,2585.92,0.336,1.007,-0.224,-0.560,-0.673,0.483,0.053,0.831,-0.553,2534.97,0.336,1.231,0.336,-0.368,-0.679,0.635,-0.712,0.648,-0.270,2494.42,-0.560,0.895,-1.567,0.576,-0.806,0.133,0.137,0.985,-0.109,2447.89,0.336,0.895,-0.336,-0.561,-0.353,0.749,0.763,0.635,-0.121,10.125,5.756,1.496,-0.824,0.819,0.250,-0.517,10.895,-3.466,-3.878,-1.542,paper
23.880308,0.282,0.832,-0.478,2562.33,0.560,0.560,-0.671,-0.539,-0.667,0.513,0.047,0.829,-0.557,2447.56,0.783,0.448,-0.783,-0.373,-0.679,0.633,-0.720,0.655,-0.228,2481.22,0.895,0.336,-0.224,0.587,-0.802,0.115,0.140,0.983,-0.117,2461.26,1.567,0.895,0.112,-0.559,-0.356,0.749,0.759,0.642,-0.109,10.055,4.809,2.092,0.366,0.819,0.254,-0.515,10.794,-4.992,-2.412,-1.603,paper
23.880403,0.288,0.823,-0.490,2541.78,2.238,0.671,-0.112,-0.554,-0.673,0.489,0.054,0.822,-0.566,2477.92,1.679,2.238,0.224,-0.386,-0.684,0.619,-0.710,0.657,-0.253,2502.43,2.574,4.029,-1.119,0.562,-0.815,0.137,0.141,0.983,-0.114,2440.44,2.910,-0.448,1.231,-0.565,-0.362,0.741,0.752,0.645,-0.133,9.992,3.389,2.534,1.115,0.810,0.247,-0.531,10.875,-4.992,-2.290,-1.771,paper
23.880482,0.282,0.833,-0.476,2594.05,1.567,0.783,0.224,-0.553,-0.667,0.500,0.049,0.842,-0.537,2537.75,2.126,1.343,1.007,-0.358,-0.683,0.637,-0.724,0.631,-0.279,2482.21,1.007,3.021,-2.238,0.580,-0.807,0.116,0.137,0.984,-0.113,2449.87,2.126,-0.224,0.671,-0.561,-0.356,0.748,0.748,0.648,-0.142,9.915,4.031,1.603,0.061,0.807,0.251,-0.534,10.724,-3.878,-3.573,-1.725,paper
23.881900,0.283,0.832,-0.477,2548.40,1.567,0.224,-0.448,-0.558,-0.682,0.474,0.046,0.840,-0.541,2483.60,0.560,1.567,-0.448,-0.385,-0.687,0.616,-0.727,0.642,-0.245,2472.61,0.895,0.560,-0.336,0.589,-0.802,0.097,0.137,0.985,-0.109,2447.89,0.783,0.112,0.000,-0.564,-0.357,0.745,0.750,0.646,-0.142,9.895,4.611,0.458,-1.023,0.813,0.249,-0.526,10.766,-5.511,-4.107,-2.382,paper
23.882028,0.281,0.829,-0.484,2571.96,0.112,0.895,0.448,-0.549,-0.664,0.507,0.042,0.846,-0.532,2490.67,-1.567,2.462,0.895,-0.376,-0.689,0.619,-0.720,0.643,-0.261,2468.00,0.560,1.119,0.336,0.569,-0.820,0.058,0.134,0.984,-0.114,2428.97,0.336,-0.112,0.783,-0.565,-0.362,0.741,0.755,0.640,-0.140,9.904,4.183,1.160,-0.519,0.815,0.248,-0.523,10.830,-4.443,-5.115,-2.779,paper
23.882118,0.282,0.833,-0.475,2557.56,-1.231,0.671,-0.336,-0.553,-0.663,0.504,0.056,0.838,-0.543,2584.16,-0.448,4.364,-1.567,-0.350,-0.676,0.649,-0.721,0.648,-0.246,2463.21,1.343,-0.560,0.560,0.587,-0.803,0.101,0.134,0.985,-0.106,2436.73,0.224,-0.336,0.448,-0.563,-0.355,0.746,0.754,0.639,-0.153,9.917,5.573,-0.489,-1.313,0.811,0.246,-0.530,10.823,-5.771,-4.763,-1.466,paper
23.891556,0.277,0.829,-0.486,2605.21,-0.895,0.224,0.783,-0.564,-0.661,0.495,0.035,0.852,-0.523,2474.12,-1.567,1.455,-0.560,-0.364,-0.682,0.634,-0.731,0.630,-0.262,2457.06,0.224,-0.895,-0.671,0.589,-0.799,0.120,0.134,0.984,-0.118,2439.97,0.224,-0.448,0.336,-0.565,-0.355,0.745,0.748,0.648,-0.144,9.913,5.435,0.137,-2.137,0.813,0.254,-0.524,10.773,-5.099,-5.328,-1.863,paper
23.914416,0.285,0.837,-0.468,2535.53,-0.112,-0.112,-0.336,-0.552,-0.656,0.514,0.053,0.836,-0.547,2545.59,-2.014,3.021,-1.231,-0.378,-0.666,0.643,-0.722,0.650,-0.237,2472.10,-0.336,0.224,-0.112,0.602,-0.784,0.152,0.136,0.984,-0.113,2459.71,-1.231,0.336,-0.224,-0.558,-0.356,0.749,0.752,0.646,-0.132,9.978,6.748,-0.244,-4.092,0.808,0.253,-0.532,10.813,-4.931,-6.275,-2.763,paper
23.936834,0.281,0.840,-0.465,2573.72,-1.231,1.119,0.671,-0.555,-0.684,0.473,0.047,0.848,-0.528,2449.81,0.336,0.448,0.336,-0.379,-0.700,0.605,-0.715,0.646,-0.267,2484.55,-0.112,-0.224,1.119,0.572,-0.810,0.130,0.141,0.984,-0.109,2450.26,-1.007,0.895,0.000,-0.558,-0.365,0.745,0.757,0.641,-0.124,10.030,6.382,0.046,-3.405,0.813,0.251,-0.525,10.882,-4.855,-5.725,-2.626,paper
23.959352,0.286,0.828,-0.483,2598.54,-0.448,2.014,0.000,-0.560,-0.668,0.490,0.056,0.841,-0.538,2551.70,-0.336,1.343,0.336,-0.379,-0.691,0.616,-0.718,0.653,-0.241,2473.79,-0.448,0.224,0.783,0.594,-0.795,0.122,0.137,0.984,-0.113,2449.87,-0.448,0.671,0.112,-0.566,-0.358,0.743,0.761,0.635,-0.132,10.057,5.985,0.397,-2.397,0.822,0.255,-0.509,10.935,-5.969,-4.366,-0.672,paper
24.385983,0.285,0.823,-0.491,2599.19,0.783,-0.336,0.560,-0.542,-0.680,0.494,0.053,0.844,-0.534,2532.06,0.671,0.336,0.000,-0.370,-0.681,0.631,-0.717,0.644,-0.268,2478.10,0.112,1.790,-0.671,0.584,-0.809,0.061,0.140,0.984,-0.113,2460.11,0.224,0.224,0.000,-0.566,-0.364,0.740,0.761,0.632,-0.148,10.118,6.244,0.092,-0.840,0.809,0.244,-0.535,10.922,-5.710,-3.695,0.763,paper
24.386458,0.283,0.832,-0.478,2586.57,1.007,-0.895,-0.560,-0.555,-0.665,0.500,0.054,0.835,-0.547,2509.30,1.902,-0.336,-1.119,-0.390,-0.690,0.609,-0.721,0.644,-0.254,2492.07,0.783,0.783,-1.790,0.605,-0.787,0.124,0.133,0.985,-0.109,2456.52,1.119,0.000,-0.671,-0.567,-0.363,0.739,0.740,0.651,-0.172,9.807,8.214,0.412,-1.832,0.808,0.255,-0.530,10.703,-5.374,-5.038,0.412,paper
24.386572,0.287,0.830,-0.479,2518.69,1.343,-1.007,-0.783,-0.545,-0.677,0.495,0.043,0.846,-0.531,2454.66,1.119,-1.119,-0.671,-0.389,-0.680,0.621,-0.720,0.647,-0.253,2467.95,0.224,0.671,-1.343,0.589,-0.802,0.100,0.137,0.984,-0.110,2438.04,0.224,0.671,-0.671,-0.559,-0.359,0.747,0.740,0.649,-0.174,9.817,12.779,-1.664,-4.763,0.807,0.249,-0.535,10.744,-5.573,-7.450,-0.198,paper
24.386672,0.280,0.841,-0.463,2543.99,-0.336,-0.224,0.224,-0.565,-0.666,0.487,0.047,0.847,-0.529,2462.73,-0.112,0.783,-0.112,-0.367,-0.682,0.633,-0.727,0.641,-0.247,2445.25,0.000,0.224,0.336,0.573,-0.811,0.121,0.134,0.985,-0.110,2426.97,-1.007,1.119,-1.119,-0.563,-0.351,0.748,0.759,0.628,-0.169,10.044,16.122,-1.771,-4.153,0.805,0.248,-0.539,10.769,-4.885,-9.267,-0.687,paper
24.386767,0.269,0.848,-0.456,2579.33,-2.014,1.902,-0.895,-0.555,-0.674,0.487,0.043,0.850,-0.526,2444.62,-1.007,2.574,-0.560,-0.384,-0.690,0.613,-0.717,0.656,-0.237,2464.23,-0.112,0.448,0.783,0.585,-0.801,0.129,0.134,0.985,-0.110,2436.82,-0.671,1.455,-1.455,-0.560,-0.353,0.749,0.753,0.630,-0.191,9.980,22.611,-2.702,-3.756,0.813,0.246,-0.528,11.004,-3.649,-12.351,-0.656,paper
24.388989,0.307,0.803,-0.510,2479.40,-1.231,12.198,-7.722,-0.575,-0.662,0.482,0.049,0.859,-0.509,2541.64,-1.343,7.162,-0.448,-0.360,-0.697,0.620,-0.716,0.651,-0.251,2481.64,1.119,2.350,-1.231,0.564,-0.816,0.122,0.129,0.986,-0.106,2445.27,-0.224,2.238,-1.790,-0.567,-0.362,0.740,0.739,0.625,-0.251,9.828,29.908,-5.313,-4.550,0.816,0.256,-0.519,10.880,0.565,-18.672,0.168,paper
24.389107,0.285,0.819,-0.498,2600.86,-7.162,28.536,-19.695,-0.558,-0.671,0.487,0.070,0.819,-0.569,2499.33,-0.783,11.638,-2.686,-0.379,-0.700,0.605,-0.706,0.670,-0.231,2530.15,0.448,2.350,-1.567,0.589,-0.801,0.108,0.145,0.983,-0.117,2452.85,-0.895,1.902,-2.686,-0.562,-0.356,0.747,0.764,0.644,-0.041,10.285,32.489,-8.458,-2.656,0.825,0.241,-0.510,11.158,16.214,-15.160,-12.611,paper
24.389204,0.301,0.814,-0.496,2591.82,-7.386,34.467,-28.312,-0.555,-0.693,0.459,0.037,0.857,-0.514,2595.14,-2.014,9.400,-1.119,-0.362,-0.680,0.638,-0.715,0.647,-0.264,2511.78,1.567,1.902,-3.245,0.592,-0.798,0.115,0.139,0.982,-0.124,2474.48,1.343,-0.560,-1.679,-0.562,-0.356,0.747,0.740,0.669,-0.071,9.924,18.137,-1.282,-2.977,0.846,0.273,-0.457,10.860,0.366,-3.023,-3.435,paper
24.389290,0.295,0.813,-0.502,2581.89,-0.224,13.093,-11.414,-0.561,-0.689,0.460,0.038,0.860,-0.508,2528.02,1.790,5.260,-2.574,-0.402,-0.687,0.605,-0.729,0.628,-0.272,2477.66,3.245,1.231,-2.910,0.595,-0.793,0.130,0.129,0.986,-0.109,2455.21,1.231,-0.560,0.112,-0.560,-0.359,0.746,0.751,0.646,-0.137,9.936,7.145,0.473,-3.588,0.816,0.258,-0.518,10.715,-12.061,-1.099,1.313,paper
24.389375,0.301,0.812,-0.501,2467.85,6.602,0.224,1.567,-0.553,-0.693,0.463,0.081,0.807,-0.584,2500.42,4.700,4.700,-1.343,-0.384,-0.690,0.613,-0.723,0.642,-0.256,2471.91,2.126,0.000,-0.224,0.580,-0.809,0.094,0.142,0.983,-0.114,2430.61,-0.224,-1.343,1.455,-0.554,-0.355,0.753,0.760,0.624,-0.183,10.020,5.740,-0.870,-3.115,0.786,0.238,-0.571,10.721,-11.527,-2.504,1.786,paper
24.389472,0.268,0.850,-0.453,2620.26,1.455,-3.917,5.148,-0.564,-0.681,0.466,0.060,0.840,-0.539,2566.92,1.455,-0.671,2.126,-0.381,-0.682,0.624,-0.713,0.645,-0.274,2489.96,1.343,0.671,0.000,0.585,-0.801,0.129,0.134,0.984,-0.114,2428.97,-0.336,-1.343,0.448,-0.563,-0.357,0.745,0.756,0.629,-0.181,10.040,7.374,-1.221,-1.420,0.790,0.230,-0.568,10.973,-6.458,-5.328,0.565,paper
24.389567,0.267,0.858,-0.438,2596.87,-0.448,-4.252,1.007,-0.544,-0.697,0.467,0.054,0.847,-0.529,2521.96,-0.112,-2.238,-0.448,-0.381,-0.689,0.616,-0.714,0.653,-0.251,2488.17,-0.560,-0.448,0.336,0.596,-0.791,0.140,0.133,0.985,-0.109,2456.52,-1.343,-0.224,-1.679,-0.559,-0.356,0.749,0.747,0.652,-0.134,9.951,4.947,0.244,-0.916,0.811,0.261,-0.523,10.702,-4.855,-4.504,-0.580,paper
24.389647,0.287,0.831,-0.476,2552.08,-0.895,-1.679,-0.448,-0.560,-0.679,0.475,0.046,0.849,-0.527,2493.45,0.895,-2.462,-0.448,-0.367,-0.674,0.642,-0.723,0.654,-0.225,2471.92,-0.560,0.224,-0.224,0.580,-0.808,0.103,0.136,0.984,-0.112,2469.56,-0.671,-0.224,0.112,-0.563,-0.362,0.743,0.753,0.640,-0.154,10.037,2.824,1.328,-0.641,0.813,0.249,-0.526,10.932,-8.198,-1.847,-0.824,paper
24.391269,0.282,0.843,-0.459,2563.63,0.560,-3.133,2.910,-0.557,-0.690,0.463,0.054,0.844,-0.533,2519.13,3.021,-0.336,0.895,-0.390,-0.686,0.614,-0.722,0.634,-0.278,2488.53,0.224,0.224,0.000,0.595,-0.798,0.097,0.133,0.985,-0.110,2446.67,1.231,-0.671,1.455,-0.564,-0.360,0.744,0.748,0.630,-0.208,9.961,6.412,-0.244,-1.115,0.793,0.237,-0.562,10.872,-6.168,-4.534,-0.031,paper
24.391393,0.278,0.839,-0.468,2596.85,0.336,-0.783,0.560,-0.550,-0.676,0.491,0.064,0.833,-0.550,2565.76,0.895,0.783,-0.671,-0.380,-0.674,0.634,-0.720,0.640,-0.267,2479.50,0.560,-0.112,0.112,0.588,-0.802,0.100,0.137,0.984,-0.113,2449.87,1.007,0.000,-0.224,-0.560,-0.363,0.745,0.754,0.635,-0.167,9.999,9.908,-0.779,-0.473,0.811,0.247,-0.530,10.897,-4.611,-5.924,0.550,paper
24.391501,0.276,0.840,-0.467,2581.85,1.231,-2.910,0.671,-0.557,-0.700,0.447,0.053,0.845,-0.532,2526.73,-0.671,-0.671,-0.783,-0.367,-0.691,0.623,-0.714,0.650,-0.259,2486.03,0.783,-0.671,-0.448,0.600,-0.790,0.122,0.141,0.983,-0.121,2452.62,0.000,-0.448,-1.343,-0.560,-0.352,0.750,0.744,0.650,-0.156,9.839,7.573,0.427,-1.084,0.811,0.259,-0.524,10.669,-5.924,-4.351,0.550,paper
24.391589,0.285,0.833,-0.475,2498.46,2.126,-1.231,1.007,-0.554,-0.685,0.474,0.047,0.844,-0.534,2459.59,3.133,-1.790,0.224,-0.373,-0.680,0.631,-0.730,0.625,-0.278,2461.21,1.679,1.567,-0.783,0.569,-0.815,0.103,0.130,0.985,-0.110,2425.65,-1.007,-0.448,0.448,-0.559,-0.358,0.748,0.747,0.645,-0.164,9.938,8.351,-0.092,-3.725,0.793,0.249,-0.557,10.655,-7.359,-5.481,-1.252,paper
24.393465,0.272,0.848,-0.454,2547.32,-0.895,-1.007,2.350,-0.566,-0.701,0.433,0.051,0.837,-0.545,2447.34,1.455,1.119,0.895,-0.378,-0.679,0.629,-0.718,0.646,-0.259,2487.44,0.783,0.895,1.902,0.585,-0.799,0.141,0.134,0.985,-0.110,2436.82,-0.895,0.448,0.783,-0.565,-0.358,0.743,0.757,0.633,-0.159,10.003,7.237,-0.137,-3.786,0.812,0.250,-0.528,10.781,-6.809,-5.695,-2.733,paper
24.393576,0.276,0.841,-0.466,2545.85,-1.679,1.790,1.679,-0.565,-0.677,0.472,0.046,0.846,-0.531,2512.50,-0.671,2.238,2.126,-0.394,-0.686,0.612,-0.718,0.644,-0.264,2476.42,1.343,1.119,2.350,0.589,-0.799,0.123,0.134,0.984,-0.118,2439.97,-0.448,0.000,1.902,-0.557,-0.351,0.753,0.764,0.622,-0.170,10.091,7.328,-0.260,-1.435,0.808,0.237,-0.539,10.998,-6.031,-5.191,-2.122,paper
24.393667,0.276,0.835,-0.476,2620.21,-1.902,0.895,1.119,-0.548,-0.689,0.474,0.068,0.826,-0.560,2574.22,0.336,2.686,1.007,-0.381,-0.682,0.624,-0.712,0.652,-0.261,2509.50,1.455,1.007,1.902,0.597,-0.790,0.139,0.133,0.985,-0.113,2448.66,-0.224,-0.560,0.224,-0.559,-0.355,0.749,0.753,0.630,-0.187,10.010,9.511,0.382,0.489,0.804,0.236,-0.545,11.028,-3.863,-4.489,-0.748,paper
24.395890,0.277,0.844,-0.460,2604.86,-0.336,0.448,-1.455,-0.554,-0.683,0.476,0.053,0.844,-0.534,2532.06,0.671,0.560,-0.783,-0.389,-0.685,0.616,-0.718,0.654,-0.239,2487.51,1.679,1.231,-0.336,0.585,-0.804,0.106,0.132,0.985,-0.112,2468.35,0.336,0.000,-0.895,-0.563,-0.355,0.746,0.752,0.640,-0.155,10.028,9.802,1.740,1.328,0.808,0.248,-0.534,10.942,-3.557,-3.725,-1.557,paper
24.419487,0.278,0.844,-0.459,2561.68,1.231,1.119,-1.231,-0.535,-0.674,0.509,0.054,0.842,-0.537,2501.42,1.231,2.798,-0.671,-0.363,-0.694,0.622,-0.731,0.638,-0.242,2457.38,1.119,4.588,-1.455,0.603,-0.782,0.157,0.136,0.985,-0.109,2457.73,1.343,0.448,0.000,-0.565,-0.362,0.741,0.753,0.637,-0.164,10.014,10.656,1.893,1.252,0.798,0.255,-0.546,10.780,-1.756,-3.969,-3.359,paper
24.440661,0.277,0.852,-0.443,2567.82,1.567,3.021,-1.231,-0.554,-0.688,0.469,0.062,0.839,-0.540,2486.55,0.671,4.364,-0.336,-0.379,-0.680,0.627,-0.718,0.637,-0.282,2460.59,1.343,6.267,-1.231,0.599,-0.793,0.112,0.141,0.984,-0.113,2450.28,2.462,0.895,0.783,-0.564,-0.362,0.742,0.748,0.641,-0.170,9.923,9.435,2.595,2.061,0.814,0.253,-0.522,10.916,-3.374,-2.916,-1.847,paper
24.464321,0.289,0.825,-0.485,2569.38,1.231,2.126,-0.895,-0.551,-0.690,0.469,0.063,0.834,-0.548,2596.25,1.119,1.790,0.000,-0.381,-0.690,0.615,-0.720,0.639,-0.273,2469.33,1.567,2.126,0.000,0.599,-0.793,0.112,0.145,0.982,-0.117,2443.03,1.679,-0.224,0.000,-0.564,-0.357,0.744,0.762,0.629,-0.155,10.022,9.115,1.481,1.466,0.807,0.249,-0.536,10.783,-3.084,-3.573,-1.695,paper
24.484468,0.276,0.845,-0.458,2545.88,-0.112,1.007,-1.119,-0.539,-0.686,0.490,0.052,0.833,-0.551,2423.13,4.029,0.224,-1.343,-0.376,-0.696,0.612,-0.722,0.638,-0.267,2487.44,2.238,-0.448,0.671,0.585,-0.801,0.126,0.134,0.984,-0.118,2430.13,1.567,-0.560,0.000,-0.560,-0.356,0.748,0.747,0.641,-0.177,9.807,9.344,1.435,0.519,0.805,0.252,-0.536,10.724,-3.954,-3.786,-1.389,paper
24.899802,0.284,0.829,-0.482,2544.89,1.119,1.119,-0.336,-0.573,-0.683,0.454,0.058,0.833,-0.551,2493.95,1.455,1.679,-0.112,-0.379,-0.691,0.616,-0.711,0.646,-0.277,2499.89,0.000,0.671,0.560,0.585,-0.797,0.149,0.133,0.985,-0.113,2448.66,0.783,-0.112,0.448,-0.563,-0.351,0.748,0.761,0.632,-0.145,10.006,6.626,1.527,-0.198,0.815,0.247,-0.524,10.897,-5.618,-3.115,-1.954,paper
24.900082,0.280,0.838,-0.468,2577.91,-0.112,-0.112,0.895,-0.560,-0.683,0.469,0.057,0.840,-0.539,2529.50,1.343,0.895,0.895,-0.372,-0.680,0.631,-0.719,0.642,-0.267,2485.27,0.336,-0.560,0.000,0.581,-0.806,0.113,0.137,0.984,-0.117,2451.02,1.119,-0.560,1.231,-0.572,-0.366,0.734,0.753,0.635,-0.175,9.931,4.229,2.489,1.176,0.812,0.250,-0.527,10.871,-6.061,-2.229,-0.962,paper
24.900182,0.282,0.835,-0.472,2596.82,2.014,-0.336,0.783,-0.564,-0.666,0.489,0.061,0.833,-0.550,2515.87,2.238,1.679,0.560,-0.386,-0.672,0.632,-0.719,0.650,-0.246,2500.02,1.790,-0.448,0.000,0.597,-0.797,0.094,0.137,0.984,-0.117,2451.02,2.014,-1.455,1.343,-0.565,-0.358,0.743,0.756,0.632,-0.170,9.949,5.344,0.687,-0.718,0.800,0.249,-0.546,10.739,-6.565,-3.221,-0.794,paper
24.900272,0.278,0.847,-0.454,2528.75,0.895,-1.679,1.679,-0.548,-0.684,0.481,0.055,0.838,-0.542,2477.06,2.350,1.343,1.679,-0.388,-0.683,0.618,-0.728,0.630,-0.270,2454.82,2.798,1.902,-0.336,0.599,-0.793,0.112,0.134,0.984,-0.118,2439.97,1.567,-1.679,1.343,-0.564,-0.366,0.740,0.752,0.634,-0.181,9.907,5.542,1.847,-0.336,0.809,0.249,-0.532,10.846,-6.137,-3.420,-1.618,paper
24.900368,0.287,0.832,-0.474,2584.66,1.679,1.007,1.119,-0.561,-0.687,0.461,0.058,0.842,-0.537,2501.92,0.112,2.014,1.679,-0.363,-0.667,0.650,-0.709,0.649,-0.276,2506.36,1.679,1.567,1.902,0.601,-0.796,0.073,0.137,0.984,-0.114,2440.03,1.231,-0.448,1.231,-0.558,-0.354,0.750,0.763,0.626,-0.164,10.003,4.412,0.550,-2.336,0.803,0.247,-0.542,10.760,-6.168,-4.092,-1.863,paper
24.900468,0.274,0.844,-0.460,2558.92,0.336,-0.224,0.783,-0.566,-0.682,0.464,0.053,0.839,-0.542,2535.25,1.902,0.336,0.224,-0.381,-0.671,0.636,-0.716,0.644,-0.270,2494.39,0.671,0.783,0.000,0.599,-0.791,0.125,0.140,0.983,-0.121,2462.44,-0.112,-0.112,0.448,-0.561,-0.354,0.748,0.765,0.621,-0.170,10.092,4.168,1.084,-0.916,0.812,0.245,-0.530,10.954,-5.298,-3.802,-1.863,paper
24.900563,0.278,0.836,-0.473,2593.18,0.560,1.790,-0.560,-0.565,-0.677,0.472,0.057,0.836,-0.546,2532.81,1.007,1.902,0.336,-0.379,-0.669,0.640,-0.720,0.639,-0.271,2482.20,0.783,1.007,-0.895,0.600,-0.790,0.122,0.137,0.983,-0.121,2452.21,1.007,-0.560,0.671,-0.566,-0.360,0.742,0.739,0.652,-0.169,9.727,3.634,1.466,-1.802,0.812,0.255,-0.525,10.758,-6.412,-2.840,-0.382,paper
24.900653,0.289,0.821,-0.491,2594.38,1.231,-1.119,1.231,-0.563,-0.680,0.469,0.065,0.830,-0.554,2513.16,1.679,-0.448,1.007,-0.389,-0.680,0.621,-0.723,0.642,-0.255,2485.64,1.567,1.567,-1.343,0.580,-0.809,0.094,0.137,0.984,-0.118,2441.19,0.336,-0.560,0.560,-0.563,-0.355,0.747,0.759,0.629,-0.168,9.971,3.573,0.260,-3.160,0.802,0.243,-0.546,10.858,-7.374,-3.802,-1.328,paper
24.900744,0.271,0.853,-0.446,2554.08,0.448,-0.671,1.231,-0.554,-0.689,0.468,0.051,0.845,-0.532,2469.37,0.560,-0.112,1.231,-0.390,-0.680,0.621,-0.719,0.638,-0.276,2472.07,0.671,1.679,-0.448,0.589,-0.801,0.108,0.138,0.983,-0.122,2432.55,0.224,-0.336,0.671,-0.560,-0.352,0.750,0.758,0.623,-0.192,10.005,5.969,-0.305,-1.863,0.803,0.249,-0.542,10.826,-5.130,-5.527,-1.481,paper
24.901308,0.281,0.841,-0.462,2568.24,-0.671,1.007,-0.224,-0.563,-0.680,0.471,0.072,0.828,-0.556,2556.05,-1.343,2.014,0.000,-0.372,-0.683,0.628,-0.713,0.648,-0.268,2478.12,-0.560,0.112,0.448,0.605,-0.787,0.124,0.137,0.984,-0.114,2440.03,-0.783,0.000,0.336,-0.558,-0.349,0.753,0.761,0.630,-0.153,10.047,6.565,-0.382,-1.786,0.813,0.251,-0.525,10.906,-5.130,-5.221,-0.947,paper
24.901400,0.286,0.836,-0.469,2594.95,0.000,-0.671,0.336,-0.554,-0.692,0.462,0.061,0.845,-0.531,2527.82,0.336,0.000,-0.783,-0.401,-0.670,0.625,-0.713,0.645,-0.274,2489.96,-0.112,0.224,-0.783,0.597,-0.794,0.117,0.140,0.984,-0.113,2460.11,-0.112,-0.112,-0.112,-0.565,-0.357,0.744,0.760,0.631,-0.154,10.021,5.115,0.870,-0.733,0.805,0.252,-0.537,10.830,-5.603,-3.450,-0.779,paper
24.901480,0.282,0.837,-0.468,2556.11,0.895,0.224,0.224,-0.540,-0.684,0.490,0.062,0.833,-0.550,2494.55,1.455,1.007,-0.783,-0.383,-0.684,0.621,-0.722,0.637,-0.268,2473.84,0.336,0.224,0.112,0.594,-0.797,0.110,0.140,0.983,-0.117,2461.26,1.119,-0.336,0.671,-0.557,-0.351,0.753,0.761,0.627,-0.166,10.039,4.168,1.267,0.489,0.812,0.252,-0.527,10.874,-5.115,-3.679,-1.557,paper
24.901564,0.286,0.829,-0.480,2594.20,0.560,1.231,-0.224,-0.534,-0.692,0.486,0.073,0.821,-0.566,2529.51,1.231,2.126,0.000,-0.392,-0.683,0.617,-0.719,0.639,-0.275,2484.93,1.343,0.224,0.783,0.569,-0.819,0.070,0.145,0.983,-0.117,2452.85,1.455,-0.336,1.119,-0.563,-0.353,0.747,0.760,0.626,-0.175,9.985,4.870,0.366,0.443,0.809,0.246,-0.533,10.889,-5.542,-3.588,-0.702,paper
24.901646,0.282,0.835,-0.472,2596.82,0.112,-0.671,0.112,-0.559,-0.672,0.485,0.069,0.831,-0.552,2522.96,0.448,0.783,0.560,-0.388,-0.675,0.628,-0.706,0.654,-0.274,2532.32,1.567,0.112,0.560,0.605,-0.791,0.089,0.141,0.982,-0.125,2454.83,1.231,-0.783,0.000,-0.563,-0.357,0.745,0.759,0.627,-0.173,10.018,5.740,0.885,1.237,0.811,0.241,-0.534,10.999,-4.244,-3.954,0.244,paper
24.901726,0.281,0.834,-0.475,2601.55,0.560,-0.448,-1.567,-0.547,-0.684,0.483,0.064,0.837,-0.543,2564.01,-0.224,1.119,-0.895,-0.381,-0.682,0.624,-0.719,0.642,-0.267,2485.27,0.336,-1.119,-1.231,0.575,-0.813,0.092,0.141,0.983,-0.121,2452.62,0.895,-0.783,-1.231,-0.565,-0.357,0.744,0.747,0.646,-0.157,9.833,6.687,2.336,2.626,0.806,0.254,-0.535,10.739,-4.168,-3.756,0.015,paper
24.901813,0.279,0.845,-0.457,2556.25,1.119,-0.224,-1.455,-0.546,-0.678,0.492,0.051,0.849,-0.525,2445.56,1.567,0.448,-2.126,-0.384,-0.682,0.623,-0.723,0.642,-0.256,2471.91,1.679,0.336,-0.783,0.589,-0.795,0.143,0.137,0.984,-0.117,2451.02,0.783,-0.895,-0.224,-0.563,-0.354,0.747,0.759,0.631,-0.164,9.929,6.733,1.924,1.023,0.789,0.249,-0.562,10.667,-3.466,-2.198,-2.550,paper
24.901894,0.285,0.844,-0.455,2500.82,0.783,4.364,-1.119,-0.553,-0.693,0.462,0.056,0.839,-0.541,2429.47,2.014,4.812,-1.343,-0.394,-0.682,0.616,-0.725,0.631,-0.275,2450.28,2.238,1.567,0.783,0.589,-0.797,0.131,0.134,0.984,-0.114,2438.81,1.790,-0.560,1.119,-0.561,-0.352,0.749,0.760,0.625,-0.179,9.894,6.565,2.824,1.176,0.808,0.249,-0.534,10.762,-3.695,-3.237,-3.298,paper
24.904343,0.275,0.843,-0.463,2586.08,-0.783,3.021,0.448,-0.556,-0.685,0.471,0.057,0.842,-0.536,2524.97,-0.448,6.043,0.560,-0.386,-0.682,0.621,-0.712,0.647,-0.274,2497.13,1.455,1.343,1.455,0.586,-0.795,0.157,0.138,0.983,-0.122,2432.55,1.343,0.671,1.231,-0.564,-0.355,0.745,0.772,0.612,-0.170,10.057,7.573,3.160,2.015,0.810,0.242,-0.534,10.887,-2.443,-3.176,-3.298,paper
24.904431,0.278,0.841,-0.464,2557.03,-0.112,2.686,-0.560,-0.560,-0.683,0.469,0.058,0.839,-0.541,2498.91,-0.448,6.491,-0.783,-0.371,-0.687,0.625,-0.712,0.647,-0.274,2497.13,1.679,0.000,1.902,0.580,-0.803,0.138,0.133,0.984,-0.121,2451.00,1.343,0.224,0.671,-0.566,-0.355,0.744,0.764,0.623,-0.170,9.946,12.076,3.756,3.908,0.807,0.242,-0.539,10.848,-1.328,-4.412,-3.328,paper
24.904511,0.273,0.846,-0.457,2573.29,-0.336,4.364,-1.790,-0.556,-0.675,0.485,0.034,0.884,-0.467,2562.82,2.014,15.779,-6.267,-0.350,-0.676,0.649,-0.724,0.632,-0.275,2479.43,1.902,0.112,1.679,0.606,-0.792,0.075,0.137,0.983,-0.125,2452.46,1.455,-0.671,0.224,-0.569,-0.360,0.740,0.776,0.600,-0.196,10.175,16.092,3.359,5.084,0.807,0.246,-0.537,10.930,0.412,-5.389,-4.015,paper
24.923881,0.284,0.837,-0.467,2579.90,-2.014,6.043,-3.805,-0.557,-0.671,0.491,0.063,0.840,-0.538,2459.51,-0.336,16.562,-6.714,-0.380,-0.684,0.622,-0.714,0.645,-0.273,2504.26,1.679,0.000,2.350,0.578,-0.810,0.098,0.144,0.982,-0.121,2463.87,1.455,-0.560,-0.560,-0.557,-0.346,0.755,0.769,0.612,-0.184,10.008,18.412,2.809,5.527,0.826,0.256,-0.501,11.007,3.282,-7.634,-4.687,paper
24.946889,0.316,0.799,-0.511,2628.58,-1.119,13.093,-9.400,-0.545,-0.672,0.502,0.075,0.841,-0.535,2455.36,-0.448,27.081,-10.183,-0.390,-0.680,0.621,-0.709,0.645,-0.286,2490.97,1.567,-0.560,2.350,0.611,-0.784,0.111,0.149,0.982,-0.117,2455.30,1.679,-1.455,-0.895,-0.558,-0.350,0.752,0.766,0.624,-0.155,9.939,15.298,-0.672,5.359,0.813,0.248,-0.527,10.978,5.542,-5.817,-5.481,paper
24.969937,0.286,0.823,-0.491,2696.55,-3.581,10.407,-7.610,-0.553,-0.667,0.500,0.087,0.831,-0.550,2548.93,-4.476,42.300,-20.479,-0.390,-0.686,0.614,-0.713,0.644,-0.279,2479.87,2.574,-1.902,-0.336,0.606,-0.788,0.109,0.148,0.980,-0.132,2468.99,1.902,-3.133,-1.790,-0.565,-0.357,0.744,0.752,0.642,-0.152,9.766,11.939,0.763,6.489,0.825,0.257,-0.504,10.934,-0.382,-3.420,0.718,paper
24.991719,0.280,0.835,-0.474,2609.90,2.350,-0.224,-3.469,-0.564,-0.681,0.466,0.111,0.800,-0.590,2708.46,-0.560,19.360,-10.519,-0.381,-0.689,0.616,-0.714,0.654,-0.249,2501.13,3.133,-2.910,-0.895,0.608,-0.780,0.152,0.137,0.983,-0.126,2442.64,2.126,-4.812,-2.350,-0.560,-0.354,0.749,0.761,0.627,-0.169,9.821,7.237,-0.626,2.153,0.803,0.248,-0.542,10.724,-5.176,-4.397,1.573,paper
25.406333,0.279,0.838,-0.469,2554.14,0.671,-3.805,-1.231,-0.556,-0.686,0.469,0.067,0.842,-0.535,2454.79,3.133,5.260,-7.386,-0.391,-0.686,0.614,-0.728,0.634,-0.261,2469.70,1.567,0.336,-2.350,0.599,-0.789,0.133,0.130,0.984,-0.122,2430.01,0.671,-2.910,-2.126,-0.554,-0.344,0.758,0.758,0.624,-0.192,9.773,6.931,-0.534,-2.275,0.792,0.248,-0.557,10.526,-5.160,-5.557,0.412,paper
25.410475,0.270,0.860,-0.433,2490.19,1.119,-2.462,-0.783,-0.546,-0.689,0.476,0.078,0.830,-0.552,2488.12,1.567,0.895,-1.231,-0.391,-0.682,0.618,-0.732,0.629,-0.261,2427.85,0.448,0.895,-0.671,0.604,-0.791,0.104,0.127,0.985,-0.119,2417.68,-1.119,-0.895,-1.679,-0.561,-0.355,0.748,0.763,0.621,-0.182,9.782,6.748,-0.992,-5.893,0.804,0.257,-0.536,10.536,-5.771,-7.359,-2.611,paper
25.410592,0.290,0.835,-0.468,2491.90,-0.783,-0.448,2.126,-0.562,-0.689,0.458,0.064,0.846,-0.529,2408.90,-0.560,0.560,0.783,-0.393,-0.677,0.623,-0.729,0.631,-0.266,2423.18,-0.783,0.895,0.448,0.598,-0.793,0.115,0.135,0.983,-0.123,2411.66,-2.350,1.119,-0.448,-0.559,-0.347,0.753,0.782,0.603,-0.156,10.003,5.649,-0.519,-5.023,0.810,0.242,-0.534,10.802,-7.527,-5.237,-2.580,paper
25.410696,0.279,0.841,-0.463,2520.58,-0.895,1.007,2.574,-0.557,-0.677,0.481,0.084,0.828,-0.555,2545.30,-0.448,0.783,2.350,-0.383,-0.701,0.601,-0.717,0.641,-0.276,2477.75,-0.112,1.343,1.567,0.576,-0.810,0.112,0.137,0.983,-0.126,2442.64,-2.014,0.671,1.119,-0.565,-0.362,0.742,0.775,0.606,-0.176,10.008,5.115,0.153,-2.336,0.813,0.237,-0.532,11.000,-6.076,-5.420,-2.260,paper
25.410813,0.273,0.837,-0.474,2648.74,-1.343,0.336,0.671,-0.563,-0.680,0.469,0.076,0.833,-0.548,2540.98,-0.671,-0.895,2.014,-0.388,-0.695,0.606,-0.714,0.646,-0.271,2517.14,1.119,1.231,1.455,0.597,-0.788,0.150,0.136,0.982,-0.132,2464.73,0.000,-0.112,0.224,-0.559,-0.349,0.752,0.765,0.616,-0.187,9.933,4.855,0.031,-2.458,0.810,0.241,-0.535,10.920,-5.740,-5.252,-1.267,paper
25.410911,0.272,0.848,-0.456,2582.61,0.112,-0.448,0.224,-0.557,-0.681,0.476,0.060,0.846,-0.530,2570.56,0.224,-1.343,1.119,-0.390,-0.703,0.595,-0.720,0.639,-0.270,2495.87,0.336,2.126,0.336,0.593,-0.792,0.146,0.132,0.982,-0.132,2463.52,-0.783,-0.560,-0.336,-0.557,-0.356,0.751,0.771,0.609,-0.188,10.036,7.023,-0.458,-2.031,0.804,0.240,-0.544,11.016,-5.160,-6.305,-1.099,paper
25.411018,0.282,0.835,-0.473,2634.14,-1.007,0.336,-0.112,-0.546,-0.683,0.485,0.087,0.826,-0.557,2551.72,0.112,0.112,0.112,-0.385,-0.694,0.608,-0.714,0.642,-0.277,2499.86,0.112,2.238,0.000,0.575,-0.810,0.116,0.132,0.983,-0.125,2461.08,-1.119,-0.448,-0.671,-0.561,-0.355,0.748,0.774,0.609,-0.171,10.037,7.863,-1.237,-1.893,0.811,0.249,-0.530,10.885,-5.618,-5.649,-0.229,paper
25.411116,0.281,0.838,-0.468,2600.48,-0.336,-1.567,0.224,-0.583,-0.679,0.447,0.080,0.837,-0.541,2539.78,-0.560,-1.902,0.560,-0.392,-0.700,0.597,-0.710,0.650,-0.271,2486.59,0.895,2.350,-0.112,0.604,-0.789,0.114,0.133,0.983,-0.125,2451.25,0.224,-0.112,-0.895,-0.563,-0.359,0.745,0.771,0.611,-0.177,10.000,7.618,-0.076,-0.443,0.808,0.248,-0.535,10.855,-5.191,-4.901,-0.061,paper
25.411219,0.282,0.836,-0.471,2560.34,0.895,-0.783,-0.336,-0.559,-0.677,0.479,0.077,0.839,-0.539,2510.60,0.895,-1.343,0.336,-0.388,-0.691,0.610,-0.717,0.640,-0.277,2464.18,2.014,3.021,-0.224,0.591,-0.798,0.118,0.137,0.984,-0.118,2441.19,1.119,-0.112,-0.112,-0.562,-0.354,0.748,0.766,0.613,-0.194,9.881,8.214,-0.641,0.076,0.801,0.244,-0.547,10.827,-4.641,-5.679,-0.122,paper
25.413018,0.281,0.844,-0.458,2571.22,0.448,-0.783,-0.895,-0.558,-0.686,0.466,0.100,0.812,-0.575,2523.35,0.671,-1.455,0.112,-0.379,-0.698,0.608,-0.719,0.630,-0.294,2456.27,1.119,-0.224,0.112,0.576,-0.810,0.111,0.138,0.982,-0.130,2435.08,0.783,0.112,-1.007,-0.567,-0.358,0.742,0.759,0.625,-0.182,9.789,8.504,-1.664,-0.733,0.808,0.247,-0.534,10.751,-4.015,-6.870,0.458,paper
25.413156,0.282,0.832,-0.478,2524.99,-1.790,-0.224,-2.014,-0.572,-0.681,0.457,0.063,0.843,-0.534,2441.21,-1.679,-3.357,0.000,-0.397,-0.701,0.593,-0.722,0.637,-0.272,2476.54,1.007,-1.679,1.007,0.599,-0.789,0.133,0.133,0.983,-0.125,2451.25,-1.007,0.224,-1.455,-0.561,-0.355,0.748,0.775,0.613,-0.156,10.003,5.954,-0.794,-0.885,0.809,0.248,-0.534,10.778,-4.992,-5.817,-1.618,paper
25.413257,0.274,0.844,-0.460,2558.92,-1.679,-0.336,0.000,-0.548,-0.680,0.487,0.062,0.848,-0.526,2496.40,-0.895,0.783,1.455,-0.376,-0.688,0.621,-0.722,0.637,-0.272,2476.54,1.567,-0.560,2.686,0.597,-0.790,0.139,0.133,0.983,-0.130,2443.68,-0.336,-0.560,0.448,-0.565,-0.357,0.744,0.774,0.601,-0.199,10.018,6.992,-2.443,-0.550,0.799,0.237,-0.552,10.872,-1.328,-6.580,-3.786,paper
25.413343,0.273,0.847,-0.455,2605.99,-0.895,1.343,-0.560,-0.559,-0.672,0.485,0.068,0.848,-0.525,2541.29,-1.343,3.245,0.000,-0.391,-0.697,0.601,-0.711,0.647,-0.275,2483.55,1.567,-0.560,2.686,0.610,-0.785,0.103,0.129,0.984,-0.121,2449.69,0.448,-0.783,0.448,-0.562,-0.355,0.747,0.773,0.613,-0.165,10.001,7.710,-1.679,0.229,0.795,0.239,-0.558,10.910,3.069,-4.840,-5.817,paper
25.413426,0.272,0.853,-0.445,2578.04,1.007,3.357,-2.014,-0.547,-0.684,0.483,0.075,0.843,-0.533,2558.00,-0.224,2.014,-0.560,-0.389,-0.689,0.612,-0.704,0.663,-0.254,2494.90,1.567,0.895,2.238,0.601,-0.784,0.155,0.136,0.983,-0.124,2472.12,0.000,-0.224,-0.224,-0.567,-0.358,0.742,0.753,0.623,-0.212,9.747,7.649,-1.206,-1.573,0.816,0.254,-0.520,10.847,1.099,-4.321,-4.824,paper
25.413509,0.288,0.828,-0.481,2608.57,2.126,3.917,-2.910,-0.562,-0.685,0.465,0.074,0.837,-0.541,2480.21,2.126,2.910,-0.895,-0.381,-0.697,0.607,-0.725,0.628,-0.283,2450.19,1.679,1.343,-0.560,0.578,-0.804,0.141,0.134,0.983,-0.126,2431.59,-0.895,-0.224,-0.448,-0.558,-0.349,0.753,0.766,0.617,-0.182,9.924,10.031,-0.672,-3.099,0.799,0.246,-0.548,10.754,-2.641,-5.802,-3.481,paper
25.413589,0.278,0.847,-0.453,2490.93,-0.448,1.343,-0.112,-0.554,-0.670,0.494,0.074,0.840,-0.538,2496.14,-1.343,4.029,-0.560,-0.382,-0.696,0.608,-0.719,0.634,-0.284,2471.32,-0.224,1.007,0.783,0.590,-0.797,0.128,0.130,0.984,-0.122,2439.85,-0.895,0.336,-0.336,-0.564,-0.360,0.743,0.775,0.608,-0.174,9.984,7.740,0.321,-3.023,0.807,0.245,-0.537,10.806,-3.863,-4.962,-3.282,paper
25.413668,0.278,0.836,-0.473,2593.18,0.112,2.686,-0.224,-0.553,-0.687,0.472,0.084,0.831,-0.550,2548.07,-1.679,2.910,-0.336,-0.402,-0.683,0.610,-0.697,0.668,-0.261,2506.36,-1.455,0.224,2.126,0.585,-0.802,0.118,0.137,0.983,-0.121,2452.21,-1.119,1.679,0.336,-0.565,-0.362,0.742,0.780,0.601,-0.173,10.053,6.565,0.992,-1.328,0.821,0.241,-0.517,11.047,-4.748,-4.351,-2.031,paper
25.417752,0.276,0.833,-0.480,2615.34,-1.119,-0.895,0.112,-0.541,-0.677,0.499,0.079,0.838,-0.540,2561.10,0.224,0.112,0.560,-0.389,-0.700,0.599,-0.713,0.644,-0.276,2477.09,0.560,2.686,-1.007,0.573,-0.813,0.107,0.129,0.984,-0.125,2449.94,1.007,-0.336,0.336,-0.559,-0.352,0.750,0.778,0.604,-0.174,10.011,5.466,1.191,-0.229,0.809,0.243,-0.535,10.820,-6.931,-1.893,0.153,paper
25.417867,0.273,0.842,-0.465,2574.91,1.455,-2.350,0.783,-0.560,-0.694,0.453,0.077,0.835,-0.545,2499.28,2.014,0.112,-0.448,-0.386,-0.692,0.610,-0.722,0.629,-0.288,2474.06,1.343,2.350,-1.455,0.576,-0.804,0.144,0.129,0.983,-0.130,2442.36,1.343,-0.448,0.448,-0.557,-0.347,0.754,0.768,0.606,-0.206,9.925,5.511,0.687,-0.779,0.800,0.244,-0.548,10.770,-6.198,-3.450,-0.397,paper
25.417955,0.283,0.836,-0.470,2548.58,-0.336,-1.679,0.895,-0.566,-0.686,0.457,0.081,0.826,-0.558,2492.84,0.224,-1.790,0.336,-0.396,-0.697,0.598,-0.714,0.641,-0.282,2489.10,0.783,1.007,0.336,0.582,-0.802,0.134,0.137,0.982,-0.130,2444.90,-0.336,-0.224,-0.336,-0.555,-0.344,0.757,0.771,0.607,-0.190,9.988,6.916,-0.779,-2.076,0.801,0.245,-0.546,10.813,-5.084,-5.481,-0.779,paper
25.436379,0.278,0.851,-0.445,2558.45,-1.231,-0.671,-0.336,-0.564,-0.690,0.454,0.069,0.849,-0.524,2527.56,-2.014,-1.902,0.671,-0.401,-0.690,0.603,-0.717,0.636,-0.285,2463.42,-1.231,-0.336,1.455,0.564,-0.815,0.134,0.137,0.983,-0.121,2452.21,-1.455,0.448,-0.783,-0.557,-0.352,0.752,0.775,0.610,-0.166,10.052,6.779,-0.931,-1.069,0.814,0.250,-0.524,10.956,-6.824,-5.053,0.229,paper
25.459182,0.287,0.832,-0.476,2620.03,-0.224,-0.783,0.783,-0.558,-0.691,0.460,0.097,0.825,-0.556,2589.74,-0.336,-2.574,-0.336,-0.400,-0.696,0.596,-0.707,0.655,-0.267,2483.34,-0.895,-1.679,1.007,0.575,-0.810,0.114,0.136,0.983,-0.125,2462.29,-1.567,-0.336,-0.783,-0.566,-0.360,0.742,0.774,0.607,-0.182,10.031,6.382,-0.351,-0.779,0.808,0.248,-0.535,10.829,-6.992,-3.695,1.298,paper
25.481741,0.285,0.836,-0.469,2572.36,0.783,-3.021,0.783,-0.552,-0.681,0.481,0.066,0.846,-0.530,2480.10,1.679,-4.588,0.336,-0.369,-0.683,0.630,-0.717,0.641,-0.276,2477.75,1.007,-0.448,-0.336,0.575,-0.810,0.116,0.129,0.984,-0.121,2449.69,0.895,-0.671,-0.448,-0.560,-0.352,0.750,0.768,0.610,-0.196,9.931,5.710,0.061,-0.046,0.809,0.246,-0.534,10.835,-6.779,-4.519,1.084,paper
25.503164,0.279,0.840,-0.465,2592.18,-0.336,-2.126,0.336,-0.560,-0.673,0.483,0.081,0.830,-0.552,2503.56,1.343,-2.126,-0.112,-0.388,-0.683,0.618,-0.715,0.646,-0.268,2471.65,1.567,-0.336,-0.671,0.564,-0.815,0.134,0.133,0.984,-0.121,2451.00,0.671,-0.783,-0.560,-0.555,-0.351,0.754,0.769,0.613,-0.180,9.918,5.786,0.107,-0.504,0.803,0.244,-0.544,10.795,-7.344,-3.817,1.023,paper
25.919960,0.274,0.852,-0.447,2524.90,0.336,-2.686,0.783,-0.559,-0.681,0.472,0.062,0.843,-0.534,2497.70,0.783,-2.686,0.671,-0.384,-0.689,0.614,-0.716,0.639,-0.281,2466.97,0.671,1.455,0.112,0.613,-0.775,0.151,0.126,0.985,-0.122,2437.59,-0.224,-0.448,-0.448,-0.563,-0.355,0.746,0.766,0.608,-0.206,9.900,6.183,-0.229,-1.969,0.796,0.242,-0.554,10.679,-7.267,-4.687,-0.351,paper
25.921140,0.278,0.841,-0.464,2557.03,0.224,-1.455,1.679,-0.563,-0.674,0.478,0.071,0.840,-0.538,2460.00,0.224,-1.343,0.336,-0.390,-0.677,0.624,-0.720,0.635,-0.281,2468.49,-1.119,0.560,0.783,0.605,-0.781,0.154,0.130,0.984,-0.122,2430.01,-0.895,0.448,-0.112,-0.566,-0.351,0.746,0.771,0.606,-0.194,9.934,7.511,-0.855,-3.069,0.801,0.238,-0.550,10.771,-5.893,-5.756,-0.992,paper
25.921238,0.273,0.851,-0.448,2537.89,0.112,-1.007,1.007,-0.560,-0.684,0.467,0.069,0.847,-0.527,2533.66,-1.567,0.224,0.000,-0.383,-0.681,0.624,-0.710,0.649,-0.272,2473.70,-1.231,0.448,1.231,0.581,-0.806,0.113,0.125,0.985,-0.121,2447.44,-1.119,0.783,-0.224,-0.568,-0.356,0.742,0.774,0.608,-0.177,9.959,7.084,0.397,-2.718,0.808,0.244,-0.535,10.857,-4.824,-5.038,-2.076,paper
25.921322,0.277,0.838,-0.470,2566.75,-0.336,-0.224,0.783,-0.544,-0.700,0.463,0.070,0.840,-0.538,2496.26,0.000,0.783,-0.336,-0.391,-0.702,0.595,-0.711,0.650,-0.268,2471.00,-0.336,1.455,0.671,0.579,-0.801,0.149,0.133,0.984,-0.121,2451.00,-0.895,1.455,0.000,-0.561,-0.351,0.749,0.773,0.607,-0.184,9.981,6.321,0.947,-1.985,0.812,0.248,-0.528,10.848,-6.015,-3.908,-1.527,paper
25.921404,0.282,0.838,-0.467,2564.49,0.336,-0.448,1.231,-0.555,-0.693,0.459,0.080,0.832,-0.550,2532.61,0.224,1.119,0.783,-0.389,-0.689,0.612,-0.710,0.645,-0.282,2489.12,0.560,2.350,0.224,0.579,-0.799,0.161,0.137,0.983,-0.125,2452.46,0.895,0.560,1.007,-0.563,-0.357,0.746,0.777,0.604,-0.179,10.007,5.771,0.412,-0.687,0.806,0.236,-0.542,10.984,-6.153,-4.427,-0.870,paper
25.921485,0.271,0.841,-0.468,2661.29,-0.783,-1.679,0.112,-0.547,-0.684,0.483,0.075,0.836,-0.543,2579.83,-0.336,-2.126,0.783,-0.382,-0.688,0.617,-0.715,0.639,-0.283,2483.34,-0.224,1.679,-0.224,0.580,-0.807,0.116,0.136,0.981,-0.136,2467.06,0.895,0.560,0.336,-0.562,-0.359,0.745,0.776,0.605,-0.180,10.047,5.176,0.366,0.168,0.816,0.245,-0.523,10.991,-5.939,-3.710,0.458,paper
25.921566,0.279,0.839,-0.467,2583.78,1.231,-2.238,0.000,-0.548,-0.693,0.469,0.068,0.842,-0.536,2561.98,2.014,-2.574,-0.448,-0.397,-0.699,0.595,-0.715,0.643,-0.275,2483.52,0.671,0.112,-0.671,0.580,-0.801,0.150,0.133,0.983,-0.125,2451.25,0.112,-1.343,-0.671,-0.562,-0.350,0.750,0.761,0.614,-0.208,9.880,5.634,0.626,-0.321,0.802,0.247,-0.544,10.771,-6.794,-3.802,0.916,paper
25.921646,0.280,0.834,-0.474,2541.66,0.895,-2.686,1.119,-0.557,-0.690,0.463,0.070,0.839,-0.540,2487.03,0.224,-2.462,0.112,-0.400,-0.694,0.598,-0.720,0.635,-0.279,2451.43,0.895,-0.336,-0.224,0.577,-0.810,0.109,0.130,0.984,-0.122,2439.85,-1.007,-0.560,-0.560,-0.568,-0.360,0.740,0.769,0.615,-0.172,9.903,6.000,-0.504,-1.954,0.801,0.253,-0.543,10.648,-6.672,-5.313,-0.733,paper
25.921732,0.275,0.849,-0.451,2521.74,-0.783,-2.014,2.462,-0.552,-0.673,0.492,0.081,0.836,-0.543,2509.26,0.224,-1.902,0.671,-0.390,-0.694,0.605,-0.717,0.640,-0.275,2447.85,0.560,0.671,1.231,0.595,-0.798,0.099,0.130,0.985,-0.118,2438.65,-0.671,-0.112,0.671,-0.568,-0.358,0.741,0.776,0.601,-0.193,9.984,4.443,1.099,-2.092,0.808,0.249,-0.533,10.839,-8.443,-3.893,-1.420,paper
25.924041,0.278,0.843,-0.461,2597.27,0.783,-2.014,2.910,-0.551,-0.690,0.469,0.063,0.853,-0.519,2459.01,1.119,-2.574,1.567,-0.383,-0.691,0.613,-0.704,0.651,-0.285,2467.92,0.336,1.007,1.231,0.586,-0.800,0.129,0.137,0.983,-0.122,2442.38,-0.224,0.112,0.783,-0.564,-0.357,0.745,0.775,0.602,-0.189,10.022,5.618,0.351,-1.252,0.801,0.240,-0.548,10.873,-5.496,-4.718,-0.855,paper
25.924157,0.281,0.841,-0.462,2568.24,0.783,-0.671,0.224,-0.549,-0.685,0.478,0.080,0.832,-0.550,2532.61,0.224,1.119,0.336,-0.400,-0.694,0.598,-0.707,0.650,-0.279,2485.00,0.671,-1.119,0.671,0.585,-0.802,0.118,0.133,0.983,-0.125,2451.25,0.336,-0.224,0.112,-0.568,-0.358,0.741,0.771,0.612,-0.177,10.004,5.588,0.443,-0.947,0.806,0.248,-0.537,10.805,-5.588,-4.611,-1.847,paper
25.924251,0.283,0.835,-0.472,2552.82,-0.448,0.336,0.336,-0.545,-0.687,0.481,0.065,0.844,-0.532,2506.77,0.783,-0.671,0.671,-0.393,-0.688,0.610,-0.712,0.644,-0.278,2492.72,1.007,0.224,0.671,0.576,-0.804,0.144,0.132,0.983,-0.129,2463.33,-0.336,0.224,0.448,-0.559,-0.352,0.751,0.775,0.600,-0.198,10.026,5.802,0.183,-0.870,0.803,0.236,-0.547,10.969,-5.053,-4.870,-2.076,paper
25.924338,0.270,0.850,-0.453,2598.73,-0.112,-0.336,0.560,-0.574,-0.693,0.436,0.072,0.838,-0.541,2538.33,0.000,0.783,0.336,-0.410,-0.694,0.592,-0.711,0.646,-0.279,2486.32,0.671,0.895,1.343,0.574,-0.807,0.139,0.128,0.984,-0.121,2459.53,-0.224,0.000,0.112,-0.565,-0.358,0.743,0.775,0.602,-0.195,10.034,6.305,0.733,-1.252,0.808,0.246,-0.536,10.877,-3.969,-4.824,-2.031,paper
25.924428,0.281,0.840,-0.465,2573.72,0.448,0.783,-0.783,-0.537,-0.686,0.490,0.081,0.833,-0.547,2491.74,0.112,0.895,-0.336,-0.390,-0.685,0.615,-0.704,0.655,-0.275,2482.41,0.448,1.343,0.112,0.588,-0.795,0.146,0.137,0.983,-0.125,2452.46,0.671,0.560,0.000,-0.563,-0.358,0.745,0.779,0.598,-0.192,10.038,7.115,0.519,-0.122,0.806,0.245,-0.539,10.855,-3.695,-4.321,-1.206,paper
25.924511,0.282,0.840,-0.464,2560.67,0.336,0.000,-0.560,-0.579,-0.666,0.470,0.076,0.839,-0.538,2532.76,-0.671,1.007,-0.560,-0.405,-0.688,0.602,-0.708,0.647,-0.283,2482.03,0.112,0.783,-0.560,0.594,-0.797,0.110,0.137,0.983,-0.125,2452.46,0.448,0.000,-0.224,-0.564,-0.355,0.746,0.770,0.610,-0.187,9.940,7.450,-0.763,-0.977,0.808,0.248,-0.535,10.789,-3.847,-5.389,-0.809,paper
25.924592,0.282,0.838,-0.467,2564.49,-0.783,0.560,-1.343,-0.554,-0.698,0.454,0.066,0.840,-0.538,2495.59,-0.895,0.448,-0.560,-0.382,-0.688,0.617,-0.717,0.636,-0.284,2477.67,-0.783,-0.112,-0.895,0.585,-0.802,0.118,0.134,0.984,-0.122,2441.16,-0.671,0.112,-0.895,-0.558,-0.352,0.751,0.772,0.606,-0.189,9.928,7.298,-0.794,-1.847,0.810,0.247,-0.532,10.802,-4.504,-5.420,-1.099,paper
25.924672,0.278,0.835,-0.474,2563.10,-1.119,-0.112,-0.560,-0.556,-0.675,0.485,0.070,0.838,-0.541,2501.66,-1.455,0.783,-0.336,-0.388,-0.695,0.606,-0.718,0.637,-0.282,2460.59,-0.448,0.000,0.000,0.590,-0.795,0.140,0.130,0.984,-0.122,2439.85,-0.895,0.448,-0.224,-0.562,-0.355,0.747,0.770,0.609,-0.191,9.877,7.374,-0.443,-2.061,0.803,0.241,-0.544,10.760,-4.626,-5.282,-1.206,paper
25.926191,0.277,0.845,-0.457,2532.85,-0.895,0.560,-0.448,-0.553,-0.687,0.472,0.069,0.836,-0.544,2506.24,-1.679,1.343,-0.448,-0.388,-0.699,0.600,-0.713,0.644,-0.277,2464.16,-0.560,0.560,1.119,0.589,-0.802,0.097,0.130,0.984,-0.122,2439.85,-0.560,0.560,-0.112,-0.564,-0.358,0.744,0.774,0.606,-0.185,9.944,6.931,0.427,-2.046,0.806,0.244,-0.539,10.807,-4.702,-4.992,-2.473,paper
25.926278,0.276,0.845,-0.457,2576.04,-0.336,2.350,-0.336,-0.540,-0.688,0.486,0.066,0.843,-0.535,2476.98,-0.112,1.231,0.112,-0.388,-0.703,0.596,-0.712,0.643,-0.281,2466.96,-0.671,1.343,0.336,0.599,-0.789,0.133,0.134,0.984,-0.122,2441.16,-0.224,0.895,0.560,-0.560,-0.354,0.749,0.776,0.604,-0.181,10.013,5.985,1.344,-1.130,0.809,0.248,-0.533,10.873,-4.534,-4.153,-2.473,paper
25.926365,0.284,0.835,-0.472,2577.07,0.783,1.231,0.112,-0.536,-0.696,0.477,0.087,0.827,-0.556,2559.15,-0.783,1.679,0.671,-0.405,-0.692,0.598,-0.709,0.649,-0.276,2476.44,-0.224,0.895,1.119,0.581,-0.806,0.113,0.141,0.982,-0.125,2454.83,0.336,0.560,0.671,-0.565,-0.355,0.745,0.774,0.604,-0.191,10.026,6.977,0.427,-0.824,0.804,0.243,-0.543,10.971,-4.763,-4.321,-1.725,paper
25.947453,0.278,0.844,-0.459,2629.49,0.000,1.455,-0.336,-0.552,-0.681,0.481,0.079,0.839,-0.538,2570.32,0.112,0.895,0.112,-0.394,-0.693,0.604,-0.707,0.648,-0.284,2510.98,-1.231,1.790,3.245,0.571,-0.804,0.165,0.140,0.983,-0.120,2472.27,0.895,0.224,0.224,-0.563,-0.355,0.747,0.777,0.603,-0.181,10.072,6.595,0.244,-0.107,0.814,0.251,-0.524,10.884,-3.756,-5.435,-1.496,paper
25.969575,0.290,0.826,-0.484,2592.86,-0.336,1.119,-1.343,-0.572,-0.686,0.449,0.084,0.830,-0.551,2525.12,-0.448,0.112,-0.224,-0.389,-0.691,0.609,-0.705,0.653,-0.278,2491.52,0.000,0.336,1.231,0.577,-0.810,0.109,0.140,0.983,-0.121,2462.44,0.224,0.112,-0.560,-0.565,-0.355,0.745,0.778,0.601,-0.180,10.075,5.282,0.473,1.389,0.811,0.243,-0.532,10.938,-5.115,-3.053,-0.015,paper
25.992924,0.288,0.828,-0.481,2572.00,-1.679,3.245,-1.007,-0.562,-0.691,0.456,0.077,0.832,-0.549,2518.56,0.224,-0.895,0.112,-0.378,-0.687,0.620,-0.714,0.641,-0.282,2459.82,2.462,0.783,0.560,0.578,-0.806,0.129,0.128,0.984,-0.121,2459.53,1.343,-1.231,-0.336,-0.561,-0.359,0.746,0.771,0.609,-0.186,9.892,6.397,0.061,0.351,0.802,0.243,-0.546,10.761,-4.244,-5.282,-0.855,paper
26.016344,0.272,0.860,-0.432,2477.27,-0.336,-1.119,-1.231,-0.549,-0.685,0.478,0.078,0.834,-0.546,2477.14,0.895,1.231,-0.671,-0.387,-0.686,0.616,-0.710,0.642,-0.288,2471.65,1.119,0.000,1.679,0.592,-0.791,0.158,0.130,0.984,-0.122,2439.85,0.336,-0.560,-0.336,-0.562,-0.355,0.747,0.766,0.611,-0.201,9.817,5.969,0.901,-0.168,0.805,0.248,-0.539,10.702,-4.733,-4.565,-1.145,paper
26.426824,0.285,0.829,-0.481,2569.13,0.224,2.014,-0.448,-0.556,-0.689,0.465,0.081,0.837,-0.541,2517.62,0.448,0.783,0.224,-0.372,-0.680,0.631,-0.699,0.658,-0.281,2470.47,-0.448,0.112,1.567,0.578,-0.807,0.118,0.130,0.985,-0.118,2438.65,-0.224,-0.224,0.224,-0.559,-0.358,0.748,0.773,0.602,-0.201,9.929,6.763,0.275,-0.855,0.802,0.237,-0.549,10.869,-4.611,-5.084,-1.359,paper
26.430235,0.274,0.847,-0.456,2561.10,0.112,0.336,-0.224,-0.550,-0.672,0.496,0.077,0.835,-0.545,2521.43,-0.448,-0.112,-0.224,-0.386,-0.692,0.610,-0.703,0.655,-0.277,2498.76,-0.448,0.000,0.783,0.568,-0.807,0.159,0.130,0.985,-0.118,2438.65,-0.224,0.000,-0.224,-0.562,-0.355,0.747,0.777,0.603,-0.182,9.994,7.420,0.168,-1.420,0.803,0.244,-0.544,10.759,-3.573,-5.008,-1.969,paper
26.430345,0.278,0.847,-0.452,2559.33,-1.231,1.343,-1.119,-0.550,-0.676,0.491,0.074,0.840,-0.537,2483.74,-0.560,1.119,-0.671,-0.391,-0.693,0.605,-0.707,0.650,-0.279,2485.00,-0.895,1.007,1.455,0.575,-0.810,0.116,0.136,0.983,-0.125,2462.29,-0.671,0.671,-0.448,-0.560,-0.350,0.751,0.779,0.599,-0.187,10.006,6.015,2.244,-1.115,0.822,0.252,-0.511,10.918,-3.710,-4.641,-2.992,paper
26.430434,0.292,0.820,-0.492,2572.22,-0.560,2.686,-1.007,-0.559,-0.681,0.472,0.084,0.827,-0.556,2523.20,0.000,1.343,0.112,-0.384,-0.688,0.616,-0.710,0.645,-0.284,2475.58,0.671,1.343,0.336,0.585,-0.804,0.106,0.133,0.984,-0.121,2451.00,0.783,0.000,0.336,-0.564,-0.360,0.744,0.780,0.596,-0.191,10.047,6.870,0.702,-0.992,0.803,0.239,-0.545,10.903,-4.611,-4.473,-1.359,paper
26.430520,0.279,0.840,-0.465,2592.18,0.671,1.343,-0.336,-0.540,-0.695,0.475,0.069,0.843,-0.533,2520.67,0.000,2.014,-0.783,-0.393,-0.704,0.592,-0.701,0.654,-0.284,2503.39,0.112,0.000,0.112,0.575,-0.813,0.092,0.129,0.983,-0.129,2452.20,0.560,0.224,-0.112,-0.565,-0.365,0.740,0.777,0.601,-0.186,10.063,13.008,-1.771,-0.702,0.810,0.250,-0.531,10.739,-4.153,-3.725,-1.496,paper
26.430604,0.282,0.837,-0.468,2556.11,-0.224,1.007,-1.455,-0.552,-0.681,0.481,0.081,0.830,-0.552,2503.56,-0.224,1.119,-0.336,-0.364,-0.682,0.634,-0.711,0.645,-0.280,2472.75,0.560,-0.448,0.224,0.585,-0.799,0.140,0.133,0.983,-0.130,2443.68,0.224,0.112,-0.448,-0.565,-0.360,0.742,0.773,0.604,-0.193,9.886,7.008,-0.046,-2.305,0.807,0.250,-0.535,10.685,-4.840,-5.695,-1.389,paper
26.430694,0.276,0.845,-0.458,2545.88,-0.560,-0.112,0.112,-0.555,-0.693,0.459,0.078,0.838,-0.540,2489.27,0.224,1.007,0.336,-0.391,-0.682,0.618,-0.707,0.650,-0.279,2485.00,0.560,0.895,0.448,0.609,-0.785,0.114,0.130,0.984,-0.118,2428.81,-0.224,-0.336,0.112,-0.561,-0.350,0.750,0.776,0.598,-0.203,9.965,6.885,-0.534,-2.641,0.799,0.241,-0.550,10.826,-4.977,-5.389,-1.878,paper
26.430800,0.279,0.844,-0.458,2548.65,0.336,0.671,0.336,-0.537,-0.702,0.468,0.073,0.842,-0.535,2527.57,-0.336,1.343,0.224,-0.391,-0.690,0.609,-0.708,0.647,-0.281,2464.95,-0.112,0.336,0.112,0.581,-0.811,0.069,0.130,0.984,-0.126,2440.10,-0.783,-0.224,0.000,-0.566,-0.355,0.744,0.779,0.599,-0.186,10.056,7.435,-0.443,-1.786,0.808,0.245,-0.536,10.887,-4.504,-5.695,-1.863,paper
26.430886,0.281,0.840,-0.465,2573.72,-1.567,1.007,-0.224,-0.538,-0.686,0.489,0.077,0.840,-0.537,2519.83,-1.007,1.119,-0.112,-0.397,-0.699,0.595,-0.699,0.658,-0.279,2484.74,-0.448,-0.224,0.783,0.585,-0.808,0.073,0.137,0.983,-0.121,2452.21,-0.783,0.224,-0.336,-0.565,-0.351,0.747,0.775,0.608,-0.170,10.021,6.214,0.382,-0.260,0.809,0.246,-0.534,10.932,-4.504,-4.473,-0.962,paper
26.431981,0.283,0.832,-0.476,2617.46,-0.448,0.671,-1.119,-0.554,-0.683,0.476,0.073,0.842,-0.535,2527.57,-0.336,1.119,-0.112,-0.392,-0.692,0.607,-0.706,0.653,-0.276,2475.87,0.336,0.000,-0.112,0.575,-0.810,0.116,0.132,0.984,-0.121,2460.84,0.448,-0.224,-0.112,-0.561,-0.355,0.748,0.774,0.602,-0.196,9.970,5.191,1.282,0.565,0.806,0.245,-0.539,10.906,-5.221,-3.389,-0.885,paper
26.432069,0.276,0.850,-0.449,2575.45,0.895,-0.112,-0.448,-0.550,-0.686,0.477,0.073,0.843,-0.534,2535.15,0.783,1.679,-0.112,-0.384,-0.687,0.617,-0.718,0.637,-0.282,2460.59,1.343,0.336,-0.224,0.572,-0.810,0.132,0.130,0.984,-0.122,2439.85,1.343,-0.783,0.224,-0.573,-0.367,0.733,0.778,0.597,-0.196,10.038,6.687,0.687,0.779,0.800,0.241,-0.550,10.860,-4.779,-3.924,-0.870,paper
26.432150,0.276,0.844,-0.460,2580.62,0.895,0.224,-0.560,-0.571,-0.699,0.430,0.081,0.837,-0.541,2517.62,1.007,1.231,-0.671,-0.390,-0.697,0.602,-0.706,0.646,-0.290,2487.48,0.783,-1.455,1.007,0.566,-0.810,0.154,0.133,0.984,-0.121,2451.00,1.343,-0.112,-0.224,-0.569,-0.356,0.741,0.774,0.600,-0.203,9.892,6.244,0.595,-0.046,0.809,0.245,-0.534,10.810,-4.260,-4.443,-0.947,paper
26.432232,0.279,0.842,-0.461,2552.41,0.112,1.007,-1.455,-0.545,-0.701,0.460,0.081,0.833,-0.548,2506.37,0.448,0.895,-0.671,-0.398,-0.686,0.608,-0.700,0.656,-0.283,2480.28,1.007,-0.336,0.448,0.583,-0.798,0.155,0.137,0.982,-0.130,2444.90,0.671,-0.671,-0.560,-0.567,-0.364,0.739,0.767,0.610,-0.201,9.808,5.939,1.115,-0.672,0.800,0.248,-0.547,10.671,-4.229,-3.817,-1.008,paper
26.432318,0.292,0.825,-0.484,2571.99,0.448,3.357,-1.119,-0.548,-0.691,0.471,0.071,0.843,-0.534,2443.39,0.671,0.783,-0.560,-0.394,-0.693,0.604,-0.719,0.636,-0.281,2431.40,1.567,-0.560,1.679,0.577,-0.800,0.164,0.134,0.983,-0.122,2431.33,0.336,-0.112,0.000,-0.567,-0.363,0.739,0.774,0.603,-0.193,9.913,12.107,-1.832,-0.992,0.805,0.250,-0.538,10.725,-4.885,-4.107,-2.656,paper
26.432418,0.275,0.850,-0.450,2552.50,-0.224,0.895,0.224,-0.554,-0.689,0.468,0.073,0.841,-0.536,2504.54,-0.671,2.686,1.343,-0.387,-0.696,0.605,-0.697,0.657,-0.286,2489.40,1.343,0.336,2.014,0.583,-0.802,0.132,0.125,0.985,-0.121,2447.44,0.671,-0.448,1.119,-0.564,-0.360,0.744,0.781,0.587,-0.213,10.054,10.366,-0.718,-0.565,0.800,0.234,-0.553,10.949,-2.382,-6.443,-3.511,paper
26.432510,0.268,0.852,-0.450,2615.74,-1.455,2.014,-0.224,-0.551,-0.692,0.466,0.076,0.844,-0.531,2530.49,-1.231,2.798,0.000,-0.392,-0.679,0.621,-0.697,0.664,-0.272,2508.13,0.671,-0.112,1.119,0.575,-0.810,0.116,0.128,0.984,-0.121,2459.53,-0.224,0.112,0.112,-0.563,-0.364,0.742,0.784,0.584,-0.211,10.110,12.153,0.031,0.153,0.808,0.238,-0.538,10.978,-2.107,-5.573,-2.290,paper
26.432602,0.278,0.836,-0.473,2593.18,-1.455,2.126,-1.902,-0.554,-0.700,0.450,0.080,0.839,-0.539,2547.32,-0.560,1.455,-0.783,-0.387,-0.696,0.605,-0.701,0.653,-0.286,2489.85,0.448,0.895,-0.336,0.575,-0.812,0.104,0.129,0.984,-0.121,2449.69,-0.448,-0.224,-1.007,-0.566,-0.356,0.744,0.791,0.581,-0.191,10.205,13.817,2.611,4.397,0.806,0.247,-0.538,10.768,-1.893,-5.191,-0.519,paper
26.437039,0.267,0.849,-0.456,2625.65,1.007,0.560,-2.574,-0.548,-0.693,0.469,0.067,0.843,-0.534,2462.37,0.671,0.560,-2.014,-0.403,-0.688,0.604,-0.712,0.643,-0.282,2453.40,0.895,0.560,-0.560,0.582,-0.809,0.088,0.124,0.985,-0.120,2467.13,1.231,-0.448,-0.895,-0.557,-0.351,0.753,0.782,0.590,-0.201,10.016,10.748,0.351,0.107,0.803,0.247,-0.543,10.701,-2.656,-4.718,-2.092,paper
26.437152,0.281,0.840,-0.464,2536.42,1.567,1.790,-1.790,-0.548,-0.684,0.481,0.078,0.838,-0.540,2489.27,0.448,1.679,-1.567,-0.390,-0.680,0.621,-0.712,0.643,-0.282,2453.40,1.007,1.679,-0.895,0.571,-0.810,0.133,0.130,0.983,-0.126,2430.27,2.014,0.000,0.000,-0.565,-0.356,0.744,0.772,0.594,-0.225,9.876,12.489,-1.053,-2.015,0.797,0.245,-0.552,10.706,-2.565,-5.649,-1.985,paper
26.438676,0.280,0.847,-0.452,2540.01,-0.224,2.014,-1.231,-0.553,-0.703,0.448,0.090,0.835,-0.543,2474.21,0.448,0.895,-0.671,-0.383,-0.691,0.613,-0.708,0.643,-0.290,2451.74,-0.224,2.014,-0.224,0.575,-0.799,0.177,0.134,0.983,-0.122,2431.33,-0.224,0.671,-0.336,-0.565,-0.360,0.742,0.772,0.601,-0.208,9.859,14.229,-0.672,-1.191,0.809,0.249,-0.532,10.849,-2.229,-6.962,-1.924,paper
26.460254,0.288,0.831,-0.476,2576.34,-0.783,2.910,-2.238,-0.542,-0.700,0.465,0.084,0.835,-0.544,2523.04,-0.671,-0.112,0.000,-0.395,-0.687,0.609,-0.701,0.649,-0.296,2475.63,-0.112,0.112,0.448,0.579,-0.797,0.172,0.141,0.982,-0.126,2445.01,-0.783,0.448,-1.119,-0.562,-0.354,0.747,0.780,0.587,-0.218,9.947,15.466,-1.252,-1.542,0.806,0.241,-0.541,10.851,-4.534,-6.595,-0.733,paper
26.483480,0.272,0.843,-0.463,2583.34,-1.231,-0.336,-0.448,-0.562,-0.694,0.450,0.073,0.842,-0.534,2513.80,-0.224,-0.112,-0.112,-0.410,-0.687,0.600,-0.709,0.648,-0.280,2479.22,0.895,-0.560,0.560,0.569,-0.820,0.058,0.128,0.984,-0.125,2459.78,-0.671,-0.224,-0.560,-0.564,-0.357,0.745,0.781,0.586,-0.214,10.020,18.550,-1.924,-1.481,0.799,0.238,-0.553,10.866,-4.458,-6.870,-0.718,paper
26.506597,0.271,0.851,-0.450,2595.07,-2.574,-1.007,-0.112,-0.558,-0.682,0.474,0.087,0.833,-0.547,2564.73,-0.671,1.343,-0.112,-0.390,-0.697,0.602,-0.712,0.643,-0.282,2453.40,0.000,-1.231,1.007,0.575,-0.813,0.095,0.126,0.985,-0.122,2437.59,-1.007,-0.560,-0.783,-0.567,-0.358,0.741,0.785,0.585,-0.204,10.045,16.198,-1.069,-0.840,0.804,0.240,-0.544,10.879,-3.160,-6.748,-1.176,paper
26.528300,0.279,0.842,-0.461,2552.41,-0.895,0.448,-1.679,-0.540,-0.689,0.483,0.070,0.848,-0.525,2483.98,-0.560,0.895,-0.783,-0.400,-0.694,0.598,-0.699,0.658,-0.279,2484.74,-0.336,1.343,0.336,0.585,-0.797,0.153,0.128,0.984,-0.125,2459.78,-0.783,0.224,-1.119,-0.560,-0.357,0.748,0.779,0.590,-0.213,9.977,14.763,-0.534,-1.008,0.800,0.244,-0.549,10.814,-3.832,-5.603,-1.221,paper
26.938968,0.279,0.842,-0.461,2552.41,0.560,0.224,-0.336,-0.539,-0.703,0.464,0.096,0.824,-0.558,2530.55,0.671,-0.112,-0.224,-0.398,-0.702,0.591,-0.703,0.651,-0.287,2483.33,0.895,1.567,0.112,0.587,-0.803,0.103,0.129,0.984,-0.121,2449.69,-0.112,0.112,-0.671,-0.557,-0.354,0.752,0.774,0.596,-0.212,9.799,13.115,-0.947,-1.206,0.803,0.243,-0.543,10.782,-1.160,-5.832,-3.221,none
26.939116,0.279,0.838,-0.469,2554.14,0.112,-0.224,0.224,-0.546,-0.690,0.475,0.070,0.843,-0.533,2485.25,0.671,-0.895,0.448,-0.377,-0.685,0.623,-0.709,0.644,-0.289,2465.26,0.895,0.224,0.783,0.546,-0.828,0.125,0.130,0.984,-0.126,2440.10,0.448,-0.224,0.000,-0.558,-0.357,0.749,0.782,0.586,-0.213,9.899,12.061,-1.359,-1.710,0.805,0.239,-0.543,10.806,-4.000,-5.802,-1.786,none
26.939209,0.267,0.855,-0.445,2559.08,-0.448,0.224,0.112,-0.552,-0.691,0.466,0.069,0.845,-0.530,2515.89,-0.895,-0.671,0.560,-0.387,-0.686,0.616,-0.706,0.649,-0.284,2474.26,0.112,0.671,0.783,0.580,-0.807,0.116,0.126,0.984,-0.126,2429.97,-0.448,-0.448,0.112,-0.565,-0.362,0.742,0.785,0.578,-0.223,10.034,13.160,-1.405,-1.603,0.801,0.237,-0.550,10.868,-4.107,-5.802,-1.847,none
26.939301,0.271,0.854,-0.444,2561.76,-0.783,0.671,-0.336,-0.548,-0.680,0.486,0.077,0.840,-0.537,2519.83,0.336,0.783,-0.448,-0.392,-0.693,0.606,-0.706,0.648,-0.286,2461.42,0.112,1.343,0.783,0.576,-0.806,0.132,0.126,0.985,-0.122,2437.59,-0.895,0.000,-0.560,-0.568,-0.356,0.742,0.779,0.588,-0.215,9.943,12.702,-0.458,-0.733,0.801,0.238,-0.550,10.878,-3.740,-5.282,-1.481,none
26.939394,0.280,0.837,-0.471,2582.61,-0.448,0.783,-0.895,-0.539,-0.703,0.464,0.088,0.829,-0.552,2539.80,-0.336,1.567,-0.895,-0.388,-0.696,0.604,-0.694,0.665,-0.277,2503.23,0.336,0.224,-0.112,0.576,-0.808,0.124,0.128,0.984,-0.125,2459.78,-0.560,0.112,-0.560,-0.566,-0.361,0.741,0.788,0.579,-0.209,10.039,10.656,-0.565,-0.550,0.805,0.242,-0.541,10.893,-4.107,-5.298,-1.420,none
26.939487,0.276,0.844,-0.460,2580.62,-0.448,0.000,-0.671,-0.555,-0.699,0.451,0.077,0.837,-0.542,2494.68,0.783,0.336,-0.336,-0.382,-0.700,0.603,-0.706,0.650,-0.283,2487.81,1.567,1.007,0.112,0.578,-0.800,0.163,0.129,0.983,-0.129,2452.20,1.007,-0.783,-0.112,-0.563,-0.358,0.745,0.783,0.581,-0.222,9.998,10.931,-0.137,-0.092,0.796,0.241,-0.556,10.850,0.107,-5.344,-4.275,none
26.939569,0.275,0.847,-0.454,2548.93,2.350,1.343,-0.895,-0.561,-0.704,0.437,0.085,0.834,-0.545,2500.91,1.007,1.343,0.783,-0.403,-0.682,0.611,-0.695,0.647,-0.313,2497.72,2.126,1.679,1.007,0.571,-0.806,0.156,0.130,0.984,-0.122,2430.01,1.343,-1.119,0.560,-0.564,-0.360,0.743,0.782,0.577,-0.235,9.964,12.366,-2.550,0.321,0.809,0.238,-0.537,10.975,1.954,-6.092,-4.809,none
26.939650,0.294,0.819,-0.492,2589.09,1.902,6.714,-3.917,-0.563,-0.699,0.442,0.092,0.829,-0.551,2526.89,-3.805,3.581,2.350,-0.391,-0.701,0.596,-0.712,0.631,-0.308,2438.16,1.679,-0.560,0.448,0.558,-0.820,0.124,0.126,0.985,-0.118,2436.39,0.000,-2.462,-0.560,-0.561,-0.357,0.747,0.782,0.578,-0.232,10.002,13.496,-2.076,0.519,0.801,0.245,-0.546,10.774,0.366,-5.099,-3.603,none
26.939731,0.277,0.849,-0.451,2567.81,0.224,3.581,-3.133,-0.540,-0.700,0.468,0.085,0.838,-0.539,2512.21,0.448,1.119,-1.119,-0.383,-0.693,0.611,-0.695,0.662,-0.279,2483.71,1.679,-0.448,1.567,0.572,-0.804,0.162,0.128,0.984,-0.121,2459.53,-1.119,-1.567,-0.895,-0.563,-0.358,0.745,0.776,0.586,-0.233,9.902,14.321,-0.321,1.053,0.802,0.243,-0.545,10.939,-1.053,-4.198,-3.069,none
26.940108,0.281,0.838,-0.468,2600.48,-0.112,1.455,-1.790,-0.552,-0.695,0.461,0.074,0.851,-0.520,2487.12,0.336,2.238,0.112,-0.380,-0.693,0.612,-0.700,0.655,-0.285,2466.73,1.679,1.007,0.448,0.576,-0.806,0.135,0.129,0.985,-0.117,2458.35,0.671,-1.007,-0.224,-0.563,-0.357,0.745,0.777,0.584,-0.235,9.885,13.160,0.458,0.916,0.796,0.241,-0.556,10.845,-1.160,-3.481,-2.901,none
26.940221,0.271,0.852,-0.449,2557.70,0.336,0.336,-1.455,-0.544,-0.697,0.467,0.085,0.835,-0.543,2510.09,0.671,1.679,0.671,-0.386,-0.692,0.610,-0.707,0.650,-0.279,2485.00,3.133,0.671,0.783,0.571,-0.804,0.165,0.129,0.983,-0.129,2452.20,1.343,-1.007,-0.224,-0.558,-0.354,0.751,0.785,0.567,-0.249,9.992,14.489,-0.748,1.008,0.790,0.232,-0.568,10.842,2.458,-3.099,-7.099,none
26.940315,0.270,0.851,-0.450,2571.11,-0.224,3.245,-2.910,-0.542,-0.690,0.479,0.070,0.850,-0.522,2477.89,0.112,2.798,0.560,-0.384,-0.687,0.617,-0.702,0.653,-0.284,2473.73,2.686,2.014,1.455,0.562,-0.814,0.148,0.125,0.984,-0.130,2440.11,1.567,-1.343,-0.112,-0.561,-0.357,0.747,0.801,0.533,-0.272,10.359,21.969,-1.237,5.405,0.785,0.234,-0.573,10.894,10.275,-4.214,-10.198,none
26.940403,0.275,0.847,-0.454,2548.93,-0.112,8.841,-7.050,-0.553,-0.706,0.443,0.095,0.829,-0.550,2458.13,-0.112,4.588,0.224,-0.387,-0.689,0.613,-0.711,0.646,-0.280,2442.77,4.924,3.917,2.574,0.549,-0.822,0.152,0.131,0.983,-0.128,2482.99,1.343,-2.238,-0.448,-0.565,-0.360,0.742,0.788,0.545,-0.286,10.103,31.878,-2.031,6.870,0.785,0.237,-0.572,10.836,17.557,-3.740,-13.802,none
26.940487,0.264,0.861,-0.434,2551.82,-1.790,13.653,-11.526,-0.557,-0.696,0.452,0.083,0.854,-0.513,2579.92,-2.910,10.295,-1.343,-0.397,-0.689,0.606,-0.713,0.639,-0.286,2419.20,8.729,6.602,3.917,0.576,-0.806,0.132,0.132,0.982,-0.136,2465.85,2.014,-3.693,-0.224,-0.561,-0.359,0.746,0.788,0.491,-0.372,10.487,56.534,-2.550,11.954,0.778,0.220,-0.588,10.963,28.580,-2.244,-22.443,none
26.940570,0.265,0.868,-0.420,2499.33,-3.805,28.984,-21.710,-0.557,-0.694,0.456,0.090,0.835,-0.542,2369.18,0.336,19.024,-2.238,-0.394,-0.687,0.610,-0.700,0.646,-0.306,2426.78,11.862,8.952,6.714,0.553,-0.819,0.155,0.131,0.982,-0.135,2493.35,4.476,-5.371,0.224,-0.564,-0.358,0.744,0.777,0.438,-0.451,10.899,96.229,-4.885,19.542,0.765,0.202,-0.611,11.269,42.046,-5.725,-32.092,none
26.940658,0.254,0.861,-0.441,2803.93,-15.891,40.846,-27.417,-0.542,-0.718,0.437,0.101,0.833,-0.544,2505.36,-3.469,23.724,-2.910,-0.396,-0.696,0.599,-0.723,0.597,-0.348,2414.07,13.541,2.350,11.862,0.556,-0.818,0.148,0.117,0.982,-0.146,2443.06,7.274,-7.274,-0.783,-0.561,-0.357,0.747,0.785,0.445,-0.432,10.952,138.672,-11.863,26.076,0.751,0.188,-0.633,11.432,55.527,-3.557,-32.947,none
26.940748,0.231,0.895,-0.382,2698.61,-9.848,34.467,-31.334,-0.554,-0.711,0.433,0.057,0.872,-0.485,2504.72,-7.050,35.027,-10.631,-0.380,-0.708,0.595,-0.730,0.632,-0.261,2355.65,13.988,5.931,16.226,0.534,-0.829,0.167,0.119,0.981,-0.155,2488.84,5.595,-7.722,-5.148,-0.562,-0.355,0.747,0.795,0.434,-0.425,11.296,184.687,-7.160,37.786,0.725,0.194,-0.660,11.183,77.023,1.969,-44.504,none
26.942310,0.240,0.908,-0.343,2432.58,-9.960,48.567,-43.084,-0.562,-0.714,0.418,0.039,0.897,-0.441,2425.37,-4.252,51.253,-15.779,-0.392,-0.696,0.602,-0.759,0.640,-0.120,2250.40,24.619,19.584,23.276,0.543,-0.824,0.162,0.111,0.981,-0.158,2495.09,8.169,-10.855,-6.826,-0.563,-0.353,0.747,0.744,0.484,-0.461,10.476,224.794,-1.710,38.962,0.677,0.213,-0.704,10.679,104.244,10.534,-65.740,none
26.942424,0.243,0.923,-0.300,2288.30,-15.331,75.425,-52.931,-0.544,-0.742,0.392,0.034,0.906,-0.422,2205.57,6.043,78.670,-18.576,-0.401,-0.695,0.596,-0.753,0.642,0.145,2319.31,53.379,51.812,34.803,0.537,-0.826,0.172,0.120,0.979,-0.164,2472.42,11.974,-15.891,-2.798,-0.563,-0.348,0.749,0.711,0.533,-0.459,9.716,251.145,-0.351,28.275,0.628,0.246,-0.738,10.005,133.710,9.145,-90.122,none
26.942522,0.294,0.914,-0.281,1955.86,-19.919,112.465,-63.115,-0.526,-0.768,0.367,0.060,0.885,-0.462,1738.64,11.974,115.711,-19.248,-0.403,-0.697,0.593,-0.643,0.575,0.507,2521.37,99.484,145.925,47.672,0.494,-0.848,0.193,0.116,0.977,-0.180,2467.19,16.003,-23.724,6.938,-0.561,-0.348,0.751,0.651,0.676,-0.346,8.239,245.557,15.405,-2.427,0.563,0.377,-0.736,8.410,153.878,13.420,-126.198,none
26.958692,0.282,0.945,-0.165,1724.90,-10.855,142.568,-48.008,-0.537,-0.767,0.351,-0.008,0.956,-0.294,1568.34,24.060,153.647,7.833,-0.433,-0.718,0.544,-0.640,0.738,0.215,1658.50,170.880,269.022,83.034,0.460,-0.863,0.207,0.125,0.974,-0.191,2374.67,26.634,-32.229,28.200,-0.568,-0.346,0.747,0.604,0.718,-0.347,8.025,234.718,34.809,-48.427,0.470,0.539,-0.699,7.552,161.710,22.687,-184.947,none
26.981094,0.127,0.948,0.290,1821.99,12.757,178.154,-14.212,-0.551,-0.787,0.279,-0.154,0.980,0.130,1359.87,48.567,212.509,28.200,-0.459,-0.698,0.549,-0.573,0.819,0.024,1388.33,231.981,343.775,78.222,0.364,-0.878,0.310,0.112,0.972,-0.206,2299.12,45.769,-48.567,77.998,-0.562,-0.327,0.760,0.624,0.648,-0.436,7.694,234.840,31.267,-86.580,0.570,0.597,-0.565,7.843,150.137,2.763,-222.244,none
27.003471,0.213,0.907,0.364,2100.97,-13.653,294.648,-28.536,-0.557,-0.790,0.258,-0.016,0.952,0.306,1347.71,37.488,282.003,40.174,-0.508,-0.698,0.504,-0.040,0.578,-0.815,1030.77,235.674,395.923,68.598,0.282,-0.886,0.369,0.127,0.972,-0.198,2187.46,59.086,-58.415,103.737,-0.571,-0.318,0.757,0.631,0.539,-0.558,7.374,208.000,17.511,-111.939,0.559,0.433,-0.707,8.695,123.863,-26.550,-223.786,none
27.024467,0.396,0.897,0.196,2145.11,-32.229,344.334,-37.600,-0.574,-0.809,0.130,0.546,0.836,0.055,1593.38,-10.967,341.648,44.762,-0.531,-0.706,0.468,0.223,-0.033,-0.974,1224.52,226.833,419.759,65.017,0.148,-0.851,0.504,0.151,0.975,-0.165,2151.84,66.920,-55.393,109.556,-0.568,-0.291,0.770,0.663,0.331,-0.672,8.547,182.550,-14.412,-125.542,0.548,0.348,-0.761,10.470,117.908,-61.985,-219.481,none
27.446145,0.634,0.727,-0.265,2593.83,-65.913,318.708,-15.107,-0.584,-0.803,0.120,0.592,0.805,-0.041,1899.88,-65.913,356.644,44.650,-0.555,-0.708,0.436,0.325,0.178,-0.929,2742.12,189.233,428.152,116.046,0.019,-0.820,0.572,0.252,0.952,-0.172,2418.29,60.989,-32.453,119.180,-0.573,-0.280,0.770,0.744,0.288,-0.603,9.786,174.015,-51.679,-127.191,0.591,0.383,-0.709,11.808,121.679,-93.053,-203.847,none
27.448996,0.557,0.789,-0.258,2896.87,-86.391,266.895,11.526,-0.587,-0.809,-0.007,0.646,0.722,-0.248,3352.24,-112.465,333.032,10.183,-0.604,-0.713,0.358,0.281,0.029,-0.959,3594.16,139.658,362.015,123.768,-0.203,-0.771,0.603,0.329,0.901,-0.282,2303.33,71.620,-36.034,112.130,-0.570,-0.260,0.779,0.844,0.309,-0.437,10.694,140.489,-66.229,-105.863,0.692,0.386,-0.610,13.248,106.092,-105.893,-173.023,none
27.449113,0.459,0.855,-0.242,3408.75,-106.982,212.397,12.086,-0.605,-0.795,-0.044,0.618,0.691,-0.375,3998.21,-114.032,275.065,-6.043,-0.638,-0.714,0.289,0.277,0.244,-0.929,4525.24,99.820,292.186,127.237,-0.357,-0.676,0.644,0.325,0.908,-0.266,2481.28,25.291,-24.284,104.072,-0.556,-0.234,0.798,0.800,0.281,-0.530,11.148,108.794,-52.214,-91.496,0.704,0.402,-0.586,13.386,78.443,-85.267,-144.947,none
27.449222,0.428,0.878,-0.216,3454.14,-99.372,172.894,8.505,-0.579,-0.813,-0.066,0.591,0.693,-0.414,4146.16,-90.532,191.135,3.469,-0.649,-0.728,0.222,0.284,0.306,-0.908,4442.89,63.786,175.804,86.167,-0.429,-0.655,0.622,0.334,0.899,-0.284,2735.41,9.064,-2.574,86.839,-0.566,-0.233,0.791,0.814,0.213,-0.541,11.785,101.069,-52.702,-87.466,0.700,0.358,-0.618,14.347,46.977,-69.267,-121.573,none
27.449311,0.441,0.867,-0.232,3770.59,-85.272,135.630,11.526,-0.593,-0.786,-0.176,0.511,0.812,-0.284,4008.93,-51.924,112.018,11.526,-0.660,-0.728,0.185,0.334,0.512,-0.791,3517.52,69.941,135.070,42.860,-0.479,-0.642,0.599,0.372,0.881,-0.293,2849.51,-2.014,18.241,63.563,-0.576,-0.235,0.783,0.839,0.213,-0.501,12.324,82.290,-34.290,-68.260,0.692,0.351,-0.631,14.440,40.840,-43.160,-84.992,none
27.449398,0.429,0.880,-0.204,3602.88,-52.148,94.001,6.491,-0.587,-0.773,-0.241,0.527,0.816,-0.237,3603.76,-31.446,95.232,6.826,-0.677,-0.730,0.090,0.380,0.442,-0.812,2988.87,69.494,133.504,22.829,-0.503,-0.611,0.612,0.363,0.895,-0.259,2813.58,-1.007,12.086,38.608,-0.571,-0.224,0.790,0.827,0.280,-0.487,11.247,62.626,-0.550,-53.588,0.661,0.410,-0.628,12.833,21.389,-12.824,-66.656,none
27.449484,0.421,0.899,-0.122,3209.27,-9.400,60.093,14.100,-0.587,-0.773,-0.241,0.496,0.850,-0.178,3355.65,14.772,55.058,14.883,-0.668,-0.726,0.162,0.350,0.248,-0.904,3360.08,55.170,100.380,31.222,-0.554,-0.603,0.574,0.372,0.892,-0.258,2825.14,19.248,12.086,17.905,-0.564,-0.224,0.794,0.769,0.321,-0.552,10.113,37.115,21.924,-49.634,0.580,0.408,-0.705,11.658,-1.908,14.611,-54.916,none
27.449568,0.401,0.916,0.004,2828.31,21.150,46.553,23.948,-0.589,-0.774,-0.233,0.533,0.837,-0.122,2736.77,38.160,43.979,13.764,-0.670,-0.726,0.153,0.381,0.294,-0.876,2928.91,53.267,56.736,25.067,-0.581,-0.535,0.613,0.390,0.870,-0.302,2545.61,35.586,7.386,4.029,-0.557,-0.223,0.800,0.704,0.322,-0.633,9.486,23.267,29.420,-51.084,0.476,0.402,-0.782,10.750,-9.328,23.496,-53.969,none
27.449889,0.435,0.896,0.091,2379.31,39.279,49.127,26.298,-0.597,-0.759,-0.261,0.559,0.826,-0.066,2361.37,40.174,43.308,18.912,-0.668,-0.723,0.177,0.412,0.288,-0.864,2754.44,44.874,41.517,10.855,-0.597,-0.518,0.612,0.398,0.856,-0.331,2348.13,48.455,6.155,2.014,-0.556,-0.219,0.802,0.648,0.293,-0.703,9.155,17.466,25.588,-52.656,0.418,0.401,-0.815,10.010,-9.344,16.626,-56.855,none
27.450002,0.485,0.872,0.062,2195.50,36.146,54.274,27.865,-0.594,-0.763,-0.255,0.590,0.806,-0.050,2140.08,28.424,43.419,22.605,-0.683,-0.713,0.159,0.438,0.238,-0.867,2506.97,30.998,39.950,-0.895,-0.597,-0.539,0.594,0.402,0.853,-0.333,2274.55,31.110,13.541,5.819,-0.545,-0.208,0.812,0.592,0.292,-0.751,8.796,21.802,13.481,-58.061,0.396,0.402,-0.825,9.729,-9.099,3.573,-59.099,none
27.450105,0.464,0.879,0.113,2167.32,20.031,49.350,33.460,-0.608,-0.763,-0.219,0.559,0.829,-0.014,2136.93,16.562,43.979,27.865,-0.677,-0.721,0.152,0.436,0.209,-0.876,2292.28,12.198,42.972,0.000,-0.613,-0.522,0.594,0.398,0.854,-0.336,2225.47,13.429,20.814,10.407,-0.538,-0.218,0.814,0.615,0.349,-0.708,8.642,21.542,-2.947,-65.344,0.369,0.407,-0.836,9.794,-6.366,-8.229,-64.504,none
27.450189,0.442,0.880,0.173,2209.86,2.238,50.022,37.265,-0.622,-0.759,-0.190,0.551,0.834,0.023,2113.17,8.505,51.589,28.088,-0.681,-0.715,0.160,0.428,0.216,-0.877,2399.19,4.029,43.419,-2.686,-0.613,-0.523,0.592,0.408,0.861,-0.303,2309.54,5.483,21.262,13.317,-0.536,-0.222,0.815,0.630,0.358,-0.690,8.813,16.122,-10.702,-70.916,0.381,0.425,-0.821,9.943,-4.244,-15.237,-71.908,none
27.450278,0.425,0.887,0.182,2368.97,-14.324,67.143,38.272,-0.618,-0.738,-0.269,0.540,0.840,0.054,2192.88,-0.560,63.115,29.543,-0.676,-0.721,0.152,0.467,0.330,-0.820,2494.26,4.252,43.308,-20.367,-0.615,-0.532,0.582,0.416,0.847,-0.330,2382.38,3.805,24.395,23.724,-0.537,-0.218,0.815,0.621,0.365,-0.694,9.274,12.214,-15.710,-80.763,0.373,0.441,-0.816,10.315,-3.847,-19.023,-83.420,none
27.450365,0.461,0.869,0.181,2439.72,-15.219,84.937,43.643,-0.638,-0.710,-0.299,0.557,0.829,0.058,2354.55,-5.931,80.125,33.236,-0.723,-0.685,0.090,0.471,0.354,-0.808,2764.51,4.141,36.705,-38.608,-0.612,-0.537,0.581,0.412,0.865,-0.286,2479.55,4.700,22.941,27.865,-0.529,-0.213,0.821,0.628,0.370,-0.684,9.636,10.122,-15.725,-92.000,0.393,0.451,-0.801,10.801,-4.366,-19.496,-95.496,none
27.450448,0.530,0.845,0.076,2694.77,-16.114,91.427,48.231,-0.648,-0.707,-0.283,0.583,0.813,0.000,2603.60,-6.379,88.182,38.048,-0.714,-0.694,0.091,0.514,0.212,-0.831,2344.08,2.686,24.619,-57.855,-0.627,-0.551,0.550,0.455,0.844,-0.285,2484.51,-1.790,21.710,28.312,-0.526,-0.229,0.819,0.678,0.346,-0.649,10.145,6.840,-15.099,-89.679,0.468,0.451,-0.760,11.835,-3.557,-23.527,-92.153,none
27.450531,0.503,0.853,-0.140,3440.86,-14.212,56.289,3.805,-0.675,-0.683,-0.278,0.643,0.766,-0.021,2817.71,-2.350,88.518,36.146,-0.737,-0.672,0.070,0.482,0.244,-0.842,2603.96,5.036,31.557,-51.029,-0.633,-0.559,0.535,0.448,0.841,-0.303,2631.93,-1.343,23.724,25.403,-0.522,-0.235,0.820,0.726,0.402,-0.558,11.053,4.489,-4.534,-73.527,0.501,0.539,-0.677,12.127,-5.389,-13.863,-73.420,none
27.457191,0.551,0.835,-0.003,3233.68,-12.086,36.817,8.952,-0.653,-0.671,-0.351,0.721,0.677,-0.149,3083.80,6.379,77.886,33.124,-0.748,-0.663,0.040,0.438,0.154,-0.886,2841.75,20.479,20.255,-46.329,-0.605,-0.550,0.576,0.485,0.782,-0.391,2692.91,18.464,16.674,19.360,-0.515,-0.235,0.824,0.700,0.494,-0.516,10.751,-5.878,4.794,-60.244,0.487,0.571,-0.661,12.222,-16.168,-5.298,-57.985,none
27.457313,0.569,0.822,-0.003,3043.01,3.581,26.634,9.176,-0.637,-0.666,-0.389,0.741,0.656,-0.143,3092.75,13.653,39.950,34.131,-0.750,-0.661,0.041,0.432,0.140,-0.891,2924.35,29.991,2.686,-37.488,-0.588,-0.579,0.565,0.503,0.762,-0.407,2634.30,25.067,11.414,14.660,-0.505,-0.240,0.829,0.715,0.456,-0.530,11.066,-22.565,12.290,-36.031,0.492,0.562,-0.664,12.242,-23.359,0.275,-32.840,none
27.457409,0.550,0.829,0.101,2722.99,14.436,14.772,14.100,-0.645,-0.691,-0.326,0.745,0.654,-0.133,3024.82,10.183,18.353,25.291,-0.759,-0.650,0.043,0.446,0.070,-0.892,2787.53,24.060,-6.491,-23.388,-0.610,-0.556,0.564,0.493,0.757,-0.429,2588.21,23.165,-2.462,8.505,-0.495,-0.223,0.839,0.651,0.426,-0.628,10.609,-22.412,12.626,-14.137,0.418,0.530,-0.737,11.613,-23.817,0.992,-12.779,none
27.457498,0.600,0.796,0.080,2689.89,12.757,15.107,31.446,-0.653,-0.667,-0.359,0.713,0.699,-0.054,2719.40,2.126,0.224,14.548,-0.755,-0.654,0.057,0.457,0.157,-0.876,2616.26,23.724,-13.653,-9.064,-0.580,-0.569,0.583,0.475,0.772,-0.422,2563.34,14.436,-10.407,6.043,-0.489,-0.220,0.844,0.588,0.466,-0.661,9.592,-13.435,5.908,-8.198,0.334,0.519,-0.787,10.754,-18.519,-2.901,-9.069,none
27.470745,0.558,0.818,0.143,2472.80,2.910,14.324,28.648,-0.667,-0.648,-0.368,0.709,0.705,0.012,2458.80,-3.917,-4.252,14.883,-0.763,-0.645,0.036,0.491,0.180,-0.853,2436.12,22.381,-16.786,-4.924,-0.590,-0.561,0.581,0.498,0.785,-0.368,2406.35,8.952,-9.064,7.162,-0.490,-0.216,0.844,0.561,0.450,-0.694,9.254,-15.130,1.130,-3.206,0.317,0.500,-0.806,10.332,-16.931,-9.191,-3.954,none
27.492379,0.527,0.832,0.173,2431.20,-4.476,15.555,26.074,-0.638,-0.649,-0.415,0.638,0.764,0.092,2346.38,-9.400,-5.371,12.310,-0.772,-0.635,0.033,0.485,0.291,-0.825,2420.80,19.584,-12.757,-9.736,-0.596,-0.568,0.567,0.485,0.811,-0.328,2369.75,-2.798,-3.357,10.855,-0.490,-0.209,0.846,0.542,0.433,-0.720,9.381,-10.550,-5.206,-5.985,0.301,0.484,-0.822,10.368,-14.336,-16.046,-6.580,none
27.515576,0.524,0.840,0.137,2498.75,-11.638,11.750,17.569,-0.686,-0.656,-0.314,0.626,0.775,0.091,2377.76,-12.533,-1.902,12.086,-0.772,-0.635,0.013,0.488,0.322,-0.811,2366.66,13.988,-9.400,-20.143,-0.582,-0.550,0.599,0.471,0.824,-0.316,2461.98,-2.126,0.112,13.541,-0.492,-0.215,0.843,0.583,0.461,-0.670,9.415,-2.031,-11.725,-14.229,0.324,0.519,-0.791,10.376,-12.092,-19.939,-12.870,none
27.536994,0.586,0.797,0.147,2403.56,-8.057,8.952,24.060,-0.675,-0.645,-0.358,0.645,0.762,0.048,2442.28,-11.191,2.462,15.555,-0.771,-0.635,0.051,0.510,0.214,-0.833,2149.00,21.710,-6.602,-27.976,-0.572,-0.537,0.620,0.492,0.800,-0.343,2434.91,8.393,4.924,16.450,-0.494,-0.210,0.844,0.589,0.461,-0.664,9.603,-4.992,-11.099,-15.832,0.332,0.540,-0.773,10.463,-17.160,-22.260,-13.115,none
27.959612,0.594,0.790,0.150,2421.36,-15.443,4.700,36.481,-0.667,-0.614,-0.422,0.672,0.740,0.028,2448.29,-10.855,0.895,21.262,-0.780,-0.625,0.029,0.461,0.252,-0.851,2441.57,12.981,10.967,-14.548,-0.580,-0.565,0.586,0.469,0.817,-0.335,2494.59,5.819,5.819,19.360,-0.493,-0.203,0.846,0.592,0.492,-0.638,9.321,-1.481,-8.672,-17.924,0.371,0.516,-0.773,10.758,-19.985,-26.931,-13.359,none
27.959755,0.501,0.851,0.158,2733.17,-23.388,-2.910,41.741,-0.693,-0.598,-0.403,0.658,0.752,0.043,2514.52,-9.960,0.336,21.710,-0.779,-0.627,0.031,0.456,0.256,-0.852,2515.17,16.674,15.443,-17.905,-0.593,-0.550,0.589,0.483,0.800,-0.356,2460.51,11.862,5.819,20.367,-0.495,-0.188,0.848,0.592,0.462,-0.660,9.879,-5.130,-4.565,-23.389,0.324,0.510,-0.797,10.887,-19.435,-20.962,-14.244,none
27.959883,0.542,0.828,0.144,2655.06,-10.295,4.812,23.388,-0.708,-0.566,-0.423,0.651,0.758,0.042,2587.09,-10.967,3.245,21.150,-0.793,-0.609,-0.010,0.466,0.283,-0.838,2521.79,22.605,16.003,-23.836,-0.589,-0.551,0.591,0.489,0.798,-0.352,2491.39,11.750,5.260,18.241,-0.489,-0.189,0.851,0.595,0.471,-0.651,9.835,1.053,-5.985,-23.832,0.345,0.529,-0.775,10.893,-14.336,-18.229,-16.809,none
27.959975,0.575,0.804,0.151,2587.55,-8.057,6.043,23.165,-0.713,-0.558,-0.424,0.697,0.717,0.031,2528.68,-6.491,6.043,19.248,-0.802,-0.597,-0.017,0.461,0.193,-0.866,2531.20,27.305,16.562,-26.410,-0.596,-0.524,0.608,0.504,0.789,-0.351,2494.08,7.274,3.133,15.779,-0.494,-0.182,0.850,0.556,0.526,-0.643,9.741,-0.626,-6.702,-23.374,0.299,0.562,-0.771,10.780,-16.153,-16.550,-17.618,none
27.960077,0.577,0.798,0.174,2594.89,-7.386,4.029,24.731,-0.723,-0.538,-0.433,0.696,0.716,0.058,2518.30,-5.931,4.812,21.038,-0.806,-0.592,-0.009,0.478,0.180,-0.859,2437.48,31.222,13.764,-22.605,-0.576,-0.535,0.618,0.523,0.763,-0.381,2479.24,10.855,3.245,16.338,-0.507,-0.191,0.840,0.558,0.539,-0.631,9.630,-4.916,-7.786,-23.527,0.302,0.587,-0.751,10.623,-18.824,-15.603,-19.588,none
27.960160,0.633,0.753,0.181,2489.16,-6.491,7.498,24.731,-0.716,-0.504,-0.483,0.737,0.673,0.068,2446.31,-3.917,6.602,24.731,-0.816,-0.578,-0.004,0.467,0.134,-0.874,2475.64,24.507,16.674,-14.324,-0.582,-0.550,0.599,0.507,0.780,-0.366,2497.44,9.960,-1.007,17.793,-0.493,-0.185,0.850,0.573,0.533,-0.622,9.661,-8.275,-7.817,-26.626,0.316,0.582,-0.749,10.678,-23.206,-15.618,-22.229,none
27.960251,0.606,0.778,0.162,2597.37,-9.736,7.050,31.222,-0.726,-0.526,-0.443,0.713,0.698,0.059,2497.73,-4.700,6.826,30.886,-0.821,-0.571,-0.002,0.488,0.137,-0.862,2409.17,21.374,14.548,-2.126,-0.599,-0.528,0.602,0.535,0.779,-0.326,2476.78,-5.371,5.260,17.457,-0.495,-0.175,0.851,0.578,0.501,-0.644,9.734,-9.359,-6.153,-25.176,0.321,0.547,-0.773,10.856,-24.550,-15.221,-18.809,none
27.960332,0.600,0.786,0.149,2624.93,-8.281,5.707,29.319,-0.708,-0.495,-0.504,0.702,0.710,0.057,2567.52,-5.371,8.841,26.857,-0.829,-0.559,-0.014,0.506,0.202,-0.838,2416.82,20.479,18.912,2.014,-0.611,-0.528,0.590,0.531,0.749,-0.397,2498.99,-9.064,-7.386,16.786,-0.479,-0.169,0.861,0.589,0.475,-0.654,9.805,-5.313,-4.626,-20.855,0.329,0.524,-0.785,10.976,-20.000,-13.252,-15.023,none
27.960417,0.562,0.811,0.162,2663.96,-6.714,4.476,23.388,-0.738,-0.501,-0.451,0.688,0.725,0.033,2634.23,-3.917,7.050,21.934,-0.831,-0.555,-0.029,0.487,0.211,-0.848,2598.10,20.814,21.262,-3.693,-0.594,-0.530,0.605,0.542,0.741,-0.396,2483.26,25.626,1.455,15.667,-0.485,-0.161,0.859,0.562,0.482,-0.672,9.767,-1.588,-2.672,-18.198,0.298,0.522,-0.799,10.899,-15.405,-10.305,-12.672,none
27.960500,0.556,0.808,0.197,2638.87,-3.469,5.707,17.569,-0.736,-0.467,-0.490,0.677,0.733,0.068,2618.72,-1.119,5.371,14.772,-0.838,-0.545,-0.030,0.474,0.182,-0.861,2683.17,13.653,16.338,-6.379,-0.605,-0.505,0.615,0.526,0.772,-0.358,2448.64,4.029,1.119,10.183,-0.484,-0.166,0.859,0.559,0.474,-0.681,9.858,3.939,-1.634,-15.115,0.304,0.510,-0.805,11.047,-9.328,-9.863,-10.427,none
27.960587,0.550,0.812,0.195,2668.84,-4.700,8.841,9.400,-0.733,-0.486,-0.476,0.680,0.729,0.079,2606.96,-3.469,8.393,6.714,-0.833,-0.551,-0.044,0.478,0.184,-0.859,2702.27,5.483,7.722,-8.057,-0.598,-0.513,0.616,0.528,0.764,-0.370,2472.84,0.560,2.574,7.162,-0.490,-0.160,0.857,0.570,0.488,-0.661,9.951,8.718,0.412,-12.046,0.317,0.528,-0.788,11.114,-2.427,-5.618,-9.542,none
27.960676,0.568,0.805,0.170,2705.52,-3.581,12.310,1.007,-0.737,-0.445,-0.510,0.682,0.730,0.048,2685.25,-3.133,9.736,2.910,-0.837,-0.546,-0.036,0.487,0.197,-0.851,2634.57,3.133,4.700,-9.064,-0.603,-0.511,0.613,0.537,0.763,-0.360,2489.16,0.000,3.133,2.798,-0.499,-0.165,0.851,0.558,0.522,-0.645,9.837,10.214,2.916,-9.725,0.299,0.562,-0.771,10.898,-0.626,-1.908,-9.267,none
27.960765,0.600,0.776,0.196,2607.26,2.126,13.988,-3.357,-0.734,-0.485,-0.475,0.727,0.685,0.057,2561.53,3.917,6.714,-2.686,-0.847,-0.530,-0.044,0.494,0.164,-0.854,2499.82,-1.007,-0.336,-6.043,-0.610,-0.513,0.604,0.547,0.742,-0.388,2458.14,-7.610,2.574,-1.343,-0.490,-0.166,0.856,0.544,0.540,-0.642,9.732,10.412,3.679,-7.969,0.279,0.577,-0.768,10.781,-0.122,-0.901,-8.137,none
27.960854,0.631,0.753,0.188,2557.54,3.245,15.331,-4.252,-0.720,-0.439,-0.538,0.741,0.667,0.083,2484.02,2.350,7.050,-2.238,-0.845,-0.533,-0.055,0.499,0.197,-0.844,2471.46,1.119,2.462,-3.469,-0.592,-0.504,0.629,0.537,0.748,-0.391,2489.36,-19.584,-0.783,-2.126,-0.486,-0.169,0.857,0.547,0.548,-0.633,9.643,9.878,3.145,-6.840,0.291,0.587,-0.756,10.650,-0.702,-1.313,-7.267,none
27.960935,0.631,0.756,0.173,2544.82,0.448,13.429,-3.581,-0.723,-0.452,-0.523,0.732,0.679,0.059,2512.81,0.336,6.714,-0.112,-0.840,-0.540,-0.063,0.490,0.190,-0.851,2519.52,3.693,3.021,-4.588,-0.605,-0.521,0.602,0.541,0.756,-0.368,2432.79,7.386,0.336,-0.336,-0.487,-0.175,0.856,0.546,0.547,-0.634,9.588,6.351,3.374,-5.771,0.288,0.583,-0.760,10.604,-3.740,-0.672,-5.985,none
27.961016,0.610,0.770,0.184,2549.38,1.231,10.519,-2.238,-0.727,-0.496,-0.474,0.723,0.688,0.062,2519.41,2.126,4.364,-0.671,-0.836,-0.547,-0.036,0.491,0.179,-0.853,2515.03,3.693,1.119,-4.700,-0.595,-0.529,0.605,0.534,0.760,-0.370,2446.27,1.567,0.560,-0.783,-0.489,-0.172,0.855,0.544,0.538,-0.644,9.645,4.458,3.038,-5.115,0.286,0.570,-0.770,10.650,-4.702,-0.275,-5.389,none
27.963546,0.606,0.772,0.195,2568.94,2.686,9.624,-2.014,-0.733,-0.471,-0.491,0.725,0.685,0.071,2500.49,2.126,3.805,-0.671,-0.840,-0.541,-0.039,0.495,0.198,-0.846,2512.20,1.343,-0.783,-3.245,-0.620,-0.525,0.583,0.543,0.750,-0.379,2443.38,1.343,0.336,-1.007,-0.489,-0.169,0.856,0.535,0.537,-0.652,9.696,5.069,2.214,-4.733,0.271,0.573,-0.773,10.693,-3.908,-0.977,-5.267,none
27.963659,0.607,0.766,0.214,2565.12,2.910,9.400,-2.798,-0.727,-0.471,-0.499,0.729,0.679,0.083,2496.30,1.679,4.252,-1.455,-0.839,-0.542,-0.055,0.503,0.186,-0.844,2470.92,2.126,-0.112,-4.812,-0.605,-0.482,0.634,0.542,0.758,-0.363,2466.34,-3.021,0.560,-1.007,-0.487,-0.174,0.856,0.529,0.546,-0.650,9.679,6.672,1.282,-5.313,0.265,0.581,-0.770,10.672,-3.389,-2.046,-5.588,none
27.963750,0.644,0.742,0.185,2537.78,1.790,10.072,-2.238,-0.715,-0.438,-0.546,0.739,0.669,0.074,2503.28,1.007,3.021,-0.783,-0.851,-0.521,-0.066,0.499,0.180,-0.848,2493.62,2.462,-0.112,-4.476,-0.614,-0.517,0.596,0.548,0.749,-0.373,2455.98,0.671,0.112,-0.336,-0.478,-0.166,0.862,0.540,0.547,-0.640,9.685,6.656,0.397,-4.977,0.279,0.586,-0.761,10.686,-4.229,-4.687,-4.489,none
27.963842,0.636,0.750,0.184,2554.51,-0.895,4.812,0.112,-0.714,-0.451,-0.536,0.737,0.671,0.079,2495.92,0.448,2.126,0.224,-0.831,-0.556,-0.027,0.499,0.176,-0.848,2491.84,1.679,0.224,-2.238,-0.593,-0.519,0.616,0.542,0.754,-0.371,2466.87,-0.671,-0.112,0.671,-0.483,-0.175,0.858,0.549,0.547,-0.632,9.698,5.237,0.748,-3.206,0.288,0.582,-0.760,10.729,-5.634,-4.550,-2.244,none
27.969173,0.606,0.771,0.194,2582.11,-0.783,2.238,0.895,-0.717,-0.479,-0.506,0.724,0.686,0.070,2541.35,-0.560,1.567,1.902,-0.849,-0.527,-0.037,0.501,0.182,-0.846,2463.21,2.686,0.560,-1.790,-0.606,-0.514,0.606,0.540,0.757,-0.368,2457.77,1.007,-0.448,0.448,-0.483,-0.173,0.858,0.544,0.533,-0.648,9.678,4.519,1.389,-2.076,0.281,0.564,-0.776,10.752,-6.061,-3.954,-1.313,none
27.994061,0.594,0.778,0.205,2586.76,0.560,1.679,0.560,-0.718,-0.481,-0.503,0.710,0.699,0.086,2523.82,0.560,0.000,0.783,-0.842,-0.538,-0.046,0.500,0.204,-0.842,2488.06,2.238,-0.448,-0.560,-0.609,-0.502,0.614,0.537,0.759,-0.369,2452.39,0.560,0.112,-0.448,-0.478,-0.166,0.862,0.540,0.534,-0.651,9.672,6.366,1.084,-1.832,0.281,0.566,-0.775,10.674,-4.382,-4.397,-1.206,none
28.015909,0.603,0.772,0.201,2531.96,0.336,0.560,-1.119,-0.726,-0.487,-0.485,0.721,0.689,0.078,2502.28,0.448,0.895,-0.783,-0.842,-0.528,-0.108,0.492,0.183,-0.851,2508.32,4.252,1.567,-3.693,-0.613,-0.523,0.593,0.534,0.763,-0.363,2463.19,0.224,0.560,-0.560,-0.487,-0.175,0.856,0.540,0.547,-0.639,9.602,4.992,1.634,-2.443,0.279,0.577,-0.768,10.594,-5.954,-3.573,-1.847,none
28.037377,0.597,0.775,0.207,2557.50,1.007,0.671,0.448,-0.707,-0.451,-0.546,0.712,0.697,0.082,2515.99,1.455,0.336,0.000,-0.840,-0.541,-0.031,0.482,0.169,-0.860,2538.37,0.895,-0.671,-1.679,-0.611,-0.513,0.603,0.538,0.761,-0.362,2445.08,1.119,1.231,-0.560,-0.482,-0.175,0.859,0.539,0.536,-0.650,9.684,5.237,1.252,-2.519,0.279,0.569,-0.774,10.656,-5.466,-3.832,-1.985,none
28.059129,0.606,0.770,0.200,2550.98,1.343,1.679,-0.224,-0.709,-0.455,-0.539,0.734,0.675,0.071,2480.52,0.336,1.231,-0.448,-0.836,-0.541,-0.085,0.495,0.183,-0.849,2453.75,1.007,0.000,-0.783,-0.607,-0.493,0.624,0.537,0.759,-0.369,2452.39,1.343,0.224,0.112,-0.478,-0.180,0.860,0.539,0.550,-0.638,9.554,5.893,0.015,-2.611,0.277,0.585,-0.762,10.571,-5.145,-5.069,-2.046,none
28.153968,0.613,0.763,0.206,2522.36,0.000,0.783,0.336,-0.716,-0.468,-0.517,0.728,0.681,0.079,2474.84,-0.336,0.448,1.119,-0.840,-0.540,-0.063,0.495,0.177,-0.851,2473.40,1.679,0.895,-0.560,-0.604,-0.505,0.617,0.538,0.757,-0.370,2444.05,1.343,0.224,1.007,-0.476,-0.177,0.862,0.543,0.549,-0.636,9.566,3.649,0.015,-3.252,0.281,0.581,-0.764,10.592,-7.328,-5.252,-2.229,none
28.157375,0.621,0.762,0.185,2538.09,-0.783,-0.783,2.910,-0.736,-0.485,-0.472,0.723,0.687,0.075,2494.63,-0.448,0.895,1.902,-0.842,-0.536,-0.067,0.495,0.184,-0.849,2491.32,0.671,1.119,0.671,-0.604,-0.526,0.599,0.538,0.757,-0.370,2444.05,1.343,0.560,1.231,-0.484,-0.185,0.855,0.544,0.537,-0.645,9.711,3.084,-0.031,-2.580,0.284,0.569,-0.772,10.735,-7.664,-5.130,-1.588,none
28.157498,0.589,0.780,0.211,2606.49,-0.448,-1.343,2.686,-0.727,-0.496,-0.474,0.722,0.688,0.073,2549.59,0.112,1.119,1.790,-0.841,-0.536,-0.075,0.502,0.191,-0.844,2471.36,0.783,0.783,0.336,-0.612,-0.559,0.559,0.536,0.757,-0.374,2472.76,1.679,0.560,0.895,-0.487,-0.176,0.856,0.537,0.537,-0.651,9.753,4.214,0.290,-2.168,0.275,0.569,-0.775,10.746,-6.336,-4.443,-1.573,none
28.157586,0.613,0.762,0.207,2551.12,1.007,0.224,0.560,-0.725,-0.490,-0.483,0.728,0.682,0.074,2514.22,0.560,0.112,0.560,-0.850,-0.523,-0.054,0.491,0.175,-0.853,2523.56,2.126,2.462,-1.567,-0.603,-0.495,0.626,0.543,0.755,-0.368,2462.42,1.567,0.224,0.448,-0.485,-0.187,0.854,0.532,0.547,-0.646,9.691,5.282,-0.275,-2.412,0.271,0.576,-0.771,10.687,-5.740,-5.450,-1.756,none
28.168640,0.607,0.763,0.222,2561.84,-0.560,0.000,0.895,-0.729,-0.459,-0.508,0.728,0.680,0.090,2509.19,-0.448,0.112,0.671,-0.848,-0.527,-0.049,0.491,0.165,-0.855,2504.32,-0.336,-0.783,1.119,-0.612,-0.508,0.607,0.545,0.751,-0.373,2451.07,0.224,0.112,0.560,-0.494,-0.182,0.850,0.538,0.547,-0.641,9.684,5.359,-0.687,-1.985,0.278,0.577,-0.768,10.717,-5.756,-6.076,-1.038,none
28.466164,0.626,0.758,0.183,2565.14,-0.783,-0.224,0.783,-0.725,-0.499,-0.475,0.741,0.669,0.058,2547.49,-1.231,0.224,0.560,-0.843,-0.535,-0.056,0.505,0.191,-0.842,2476.39,-0.560,-0.671,2.574,-0.596,-0.523,0.609,0.544,0.754,-0.369,2455.63,0.671,-0.224,1.007,-0.485,-0.176,0.856,0.547,0.549,-0.632,9.684,4.137,-0.626,-0.473,0.287,0.581,-0.762,10.724,-6.656,-6.275,0.733,none
28.469001,0.603,0.773,0.198,2578.62,-1.567,-4.476,1.679,-0.740,-0.484,-0.467,0.719,0.690,0.078,2540.33,-0.671,-3.357,1.455,-0.848,-0.528,-0.057,0.502,0.175,-0.847,2472.50,1.567,0.783,0.560,-0.615,-0.512,0.600,0.538,0.756,-0.373,2461.14,0.783,-0.224,0.560,-0.490,-0.182,0.853,0.536,0.542,-0.647,9.639,3.053,0.260,-0.229,0.276,0.570,-0.774,10.679,-7.679,-5.023,0.718,none
28.469131,0.597,0.772,0.219,2555.38,0.783,-3.245,1.679,-0.723,-0.464,-0.512,0.709,0.699,0.090,2521.85,0.671,-1.567,0.783,-0.841,-0.540,-0.046,0.489,0.177,-0.854,2554.98,0.000,-1.343,1.902,-0.604,-0.505,0.617,0.540,0.758,-0.366,2454.12,0.783,-0.336,0.336,-0.487,-0.176,0.855,0.532,0.529,-0.661,9.718,4.855,-0.031,-0.504,0.270,0.558,-0.785,10.744,-5.863,-5.405,0.473,none
28.469231,0.609,0.768,0.199,2568.68,-0.224,-2.798,0.336,-0.719,-0.452,-0.528,0.726,0.685,0.066,2545.75,-0.448,-2.014,-1.119,-0.841,-0.540,-0.046,0.499,0.198,-0.844,2483.49,-1.119,-1.343,0.560,-0.613,-0.501,0.611,0.542,0.755,-0.368,2462.07,0.224,0.224,-0.112,-0.483,-0.171,0.859,0.540,0.546,-0.641,9.707,6.947,-0.061,-1.053,0.276,0.580,-0.767,10.731,-4.321,-5.710,-0.305,none
28.469318,0.610,0.764,0.209,2565.76,-0.112,-3.133,0.448,-0.707,-0.434,-0.559,0.726,0.682,0.082,2527.72,0.895,-3.581,0.336,-0.841,-0.539,-0.043,0.496,0.171,-0.851,2480.40,-0.336,-1.455,1.119,-0.608,-0.508,0.610,0.545,0.751,-0.372,2464.43,-0.336,0.448,-0.671,-0.481,-0.176,0.859,0.536,0.552,-0.638,9.665,5.603,-0.031,-0.351,0.273,0.587,-0.763,10.665,-5.710,-5.771,0.779,none
28.469404,0.630,0.754,0.188,2547.85,0.336,-3.021,0.783,-0.736,-0.455,-0.502,0.730,0.677,0.090,2502.40,0.224,-1.790,-0.560,-0.846,-0.531,-0.050,0.498,0.174,-0.849,2487.77,-0.224,-1.119,1.679,-0.609,-0.503,0.613,0.542,0.753,-0.373,2458.99,-0.336,-0.560,-0.336,-0.486,-0.178,0.856,0.537,0.549,-0.641,9.683,5.130,-0.031,-0.031,0.273,0.580,-0.767,10.698,-5.863,-6.397,1.359,none
28.469486,0.605,0.767,0.213,2569.45,-0.671,-4.924,1.790,-0.721,-0.454,-0.523,0.733,0.677,0.070,2533.97,-0.560,-1.902,1.231,-0.844,-0.533,-0.059,0.500,0.178,-0.848,2481.04,-0.448,-0.112,2.350,-0.600,-0.506,0.619,0.542,0.753,-0.373,2458.99,1.119,-0.560,0.224,-0.488,-0.182,0.854,0.537,0.545,-0.644,9.632,5.344,-0.672,-0.092,0.275,0.576,-0.770,10.629,-5.969,-7.160,1.481,none
28.469567,0.633,0.753,0.176,2548.14,-0.783,-4.700,1.119,-0.715,-0.472,-0.516,0.731,0.679,0.066,2525.24,-1.343,-3.581,0.000,-0.842,-0.537,-0.054,0.495,0.180,-0.850,2507.45,-0.448,0.336,1.679,-0.605,-0.520,0.603,0.542,0.754,-0.371,2443.82,1.007,-0.783,0.448,-0.484,-0.179,0.857,0.545,0.545,-0.637,9.687,5.344,-1.160,0.672,0.284,0.579,-0.764,10.706,-5.740,-7.939,2.351,none
28.469649,0.611,0.765,0.202,2560.88,-1.902,-8.952,2.238,-0.722,-0.441,-0.532,0.735,0.675,0.063,2525.95,-0.671,-4.812,1.567,-0.849,-0.526,-0.057,0.492,0.178,-0.852,2478.77,-0.224,-0.671,2.126,-0.619,-0.509,0.598,0.540,0.754,-0.374,2452.83,-0.560,-0.448,0.560,-0.484,-0.180,0.856,0.540,0.552,-0.635,9.638,3.939,-0.718,0.901,0.277,0.585,-0.762,10.600,-7.145,-6.901,2.504,none
28.469986,0.605,0.768,0.211,2540.49,-0.783,-6.938,2.014,-0.734,-0.443,-0.516,0.725,0.684,0.079,2491.48,-0.448,-5.371,1.567,-0.827,-0.562,-0.014,0.494,0.177,-0.851,2492.22,0.671,0.000,3.021,-0.617,-0.521,0.590,0.536,0.759,-0.370,2452.59,-0.224,-1.007,0.448,-0.482,-0.163,0.861,0.538,0.538,-0.649,9.633,3.435,-0.824,0.412,0.275,0.564,-0.779,10.706,-7.359,-6.595,1.893,none
28.470098,0.593,0.778,0.210,2557.88,-1.567,-5.260,1.679,-0.724,-0.426,-0.542,0.707,0.701,0.098,2503.28,-0.783,-2.462,1.343,-0.844,-0.533,-0.058,0.502,0.196,-0.842,2451.22,1.455,0.671,0.895,-0.596,-0.486,0.639,0.537,0.760,-0.367,2449.28,0.671,-1.119,0.671,-0.486,-0.174,0.857,0.538,0.535,-0.651,9.613,4.733,-0.137,-0.672,0.275,0.561,-0.781,10.648,-6.168,-5.176,0.244,none
28.470189,0.583,0.783,0.217,2565.78,0.112,-2.238,1.007,-0.741,-0.463,-0.487,0.704,0.706,0.078,2539.10,-0.336,-0.783,1.119,-0.840,-0.541,-0.034,0.493,0.191,-0.849,2513.69,1.119,0.671,-0.224,-0.594,-0.498,0.632,0.535,0.763,-0.364,2440.26,0.895,-0.336,0.000,-0.490,-0.171,0.855,0.535,0.530,-0.658,9.635,5.191,0.076,-1.328,0.275,0.560,-0.782,10.642,-5.802,-5.298,-0.366,none
28.470275,0.628,0.757,0.181,2524.66,1.007,-2.014,0.000,-0.733,-0.473,-0.490,0.722,0.689,0.063,2515.86,0.336,-0.224,-1.007,-0.846,-0.531,-0.053,0.496,0.190,-0.847,2480.74,0.336,0.560,-0.671,-0.621,-0.504,0.601,0.538,0.761,-0.363,2445.63,0.224,0.895,-0.336,-0.483,-0.178,0.857,0.547,0.544,-0.636,9.638,5.481,0.382,-1.756,0.284,0.577,-0.766,10.639,-5.679,-5.145,-0.779,none
28.476277,0.610,0.769,0.191,2549.84,-0.112,-4.364,2.238,-0.739,-0.450,-0.501,0.724,0.687,0.070,2525.08,1.567,-1.790,0.783,-0.840,-0.542,-0.027,0.493,0.174,-0.853,2477.01,0.112,0.224,-0.671,-0.614,-0.495,0.614,0.535,0.761,-0.369,2460.19,0.336,1.343,-0.224,-0.484,-0.165,0.859,0.541,0.545,-0.640,9.621,4.122,0.824,-2.031,0.278,0.575,-0.770,10.617,-7.130,-3.969,-1.267,none
28.480383,0.605,0.768,0.211,2540.49,1.902,-0.895,1.567,-0.737,-0.464,-0.491,0.723,0.687,0.075,2497.56,2.014,-0.783,0.895,-0.841,-0.535,-0.079,0.489,0.179,-0.854,2474.72,0.671,-0.448,0.112,-0.598,-0.513,0.616,0.535,0.758,-0.373,2456.31,2.014,0.560,-0.112,-0.480,-0.167,0.861,0.533,0.538,-0.653,9.610,5.206,0.244,-2.504,0.267,0.568,-0.779,10.599,-5.908,-4.550,-1.939,none
28.506430,0.617,0.763,0.194,2519.21,0.895,1.119,0.448,-0.724,-0.417,-0.550,0.726,0.684,0.075,2478.06,0.112,1.119,0.448,-0.849,-0.526,-0.057,0.500,0.192,-0.844,2457.91,0.895,1.231,-0.895,-0.617,-0.505,0.603,0.537,0.754,-0.378,2429.02,1.567,0.560,0.783,-0.475,-0.173,0.863,0.538,0.552,-0.637,9.594,5.450,-0.443,-3.847,0.276,0.579,-0.767,10.606,-5.817,-4.962,-3.359,none
28.528479,0.612,0.767,0.192,2542.16,-0.895,2.798,0.783,-0.732,-0.498,-0.465,0.725,0.684,0.079,2491.48,-0.224,3.021,0.783,-0.846,-0.529,-0.061,0.488,0.165,-0.857,2499.43,0.224,2.686,-1.119,-0.611,-0.497,0.616,0.536,0.759,-0.370,2452.59,0.224,1.455,1.231,-0.486,-0.170,0.857,0.543,0.542,-0.641,9.612,5.038,-0.336,-4.214,0.282,0.573,-0.769,10.642,-6.076,-4.351,-3.771,none
28.552562,0.610,0.768,0.195,2551.01,0.000,3.357,0.783,-0.727,-0.471,-0.499,0.730,0.681,0.059,2517.48,0.000,3.581,0.671,-0.840,-0.542,-0.037,0.497,0.179,-0.849,2475.21,0.895,1.455,-0.224,-0.607,-0.499,0.619,0.533,0.760,-0.371,2447.24,0.783,0.895,1.343,-0.481,-0.169,0.860,0.537,0.549,-0.641,9.608,4.641,-0.336,-4.489,0.271,0.579,-0.769,10.609,-6.290,-3.664,-4.397,none
28.979809,0.612,0.764,0.204,2540.24,0.224,5.819,0.448,-0.730,-0.455,-0.511,0.727,0.682,0.083,2485.46,0.448,2.798,1.455,-0.853,-0.515,-0.082,0.503,0.191,-0.843,2424.83,2.014,2.238,-1.231,-0.621,-0.504,0.600,0.537,0.756,-0.375,2447.98,2.014,0.783,1.679,-0.489,-0.175,0.855,0.529,0.552,-0.645,9.606,4.580,-0.718,-5.878,0.267,0.579,-0.771,10.624,-6.626,-4.137,-5.725,none
28.980231,0.620,0.757,0.205,2522.82,-0.336,6.714,1.679,-0.730,-0.482,-0.484,0.723,0.686,0.086,2500.63,0.224,4.364,2.126,-0.849,-0.526,-0.052,0.494,0.170,-0.853,2488.92,2.686,4.252,-1.790,-0.608,-0.508,0.610,0.545,0.752,-0.370,2448.50,1.343,1.119,2.350,-0.497,-0.182,0.848,0.531,0.552,-0.643,9.622,4.427,-1.267,-6.870,0.270,0.577,-0.771,10.667,-7.069,-4.427,-6.534,none
28.980345,0.610,0.764,0.210,2551.25,-0.671,7.833,2.350,-0.733,-0.477,-0.485,0.727,0.682,0.078,2512.83,-0.448,5.819,3.021,-0.844,-0.531,-0.077,0.506,0.179,-0.844,2470.85,2.350,3.469,-0.783,-0.607,-0.494,0.623,0.543,0.754,-0.369,2455.28,1.007,1.119,2.686,-0.486,-0.166,0.858,0.533,0.548,-0.644,9.692,4.656,-1.282,-7.053,0.273,0.578,-0.769,10.708,-6.870,-4.122,-6.779,none
28.980456,0.618,0.761,0.199,2550.52,-0.336,8.617,2.014,-0.729,-0.467,-0.501,0.729,0.680,0.078,2520.83,-0.224,5.707,3.357,-0.846,-0.531,-0.050,0.503,0.165,-0.848,2502.55,2.350,3.693,-0.112,-0.610,-0.481,0.629,0.541,0.758,-0.364,2466.35,1.679,0.112,2.350,-0.482,-0.168,0.860,0.533,0.545,-0.647,9.696,4.382,-0.718,-6.840,0.273,0.574,-0.772,10.753,-7.069,-3.817,-6.366,none
28.980563,0.610,0.767,0.200,2582.31,-0.336,8.281,2.126,-0.740,-0.478,-0.473,0.719,0.690,0.085,2555.96,0.224,5.931,2.238,-0.857,-0.511,-0.059,0.502,0.184,-0.845,2510.26,2.350,3.357,0.112,-0.603,-0.473,0.643,0.546,0.748,-0.377,2461.43,2.910,0.448,2.126,-0.483,-0.173,0.858,0.534,0.545,-0.646,9.733,4.779,-0.580,-6.214,0.274,0.574,-0.772,10.757,-6.489,-3.496,-5.908,none
28.980660,0.611,0.765,0.204,2577.44,0.224,7.833,1.119,-0.736,-0.455,-0.502,0.732,0.677,0.073,2548.05,-0.112,5.931,1.679,-0.845,-0.533,-0.055,0.503,0.178,-0.846,2543.86,1.567,2.574,-0.112,-0.617,-0.521,0.590,0.550,0.748,-0.372,2463.16,1.679,0.112,1.455,-0.480,-0.165,0.862,0.530,0.545,-0.650,9.720,5.557,-0.198,-5.481,0.270,0.575,-0.773,10.739,-5.908,-3.435,-5.191,none
28.980763,0.609,0.764,0.213,2567.87,0.671,7.722,0.224,-0.726,-0.467,-0.504,0.724,0.684,0.085,2549.43,0.448,4.476,1.007,-0.848,-0.518,-0.108,0.514,0.186,-0.837,2488.44,1.231,1.119,-0.336,-0.610,-0.498,0.616,0.547,0.751,-0.370,2476.65,0.336,0.112,0.783,-0.477,-0.162,0.864,0.526,0.552,-0.647,9.665,6.260,0.611,-5.298,0.267,0.577,-0.772,10.711,-5.313,-2.733,-4.947,none
28.980885,0.625,0.756,0.194,2566.01,1.902,7.945,-0.112,-0.736,-0.455,-0.502,0.728,0.680,0.081,2548.40,1.007,3.805,0.671,-0.850,-0.523,-0.063,0.504,0.178,-0.845,2535.41,1.007,2.126,-1.567,-0.615,-0.512,0.600,0.553,0.747,-0.368,2464.98,1.119,0.560,0.336,-0.494,-0.181,0.850,0.529,0.552,-0.645,9.716,5.939,0.519,-4.977,0.269,0.580,-0.769,10.724,-5.618,-3.634,-4.351,none
28.980973,0.634,0.750,0.187,2559.74,0.783,4.364,1.007,-0.727,-0.472,-0.498,0.734,0.675,0.077,2556.87,1.007,3.021,0.560,-0.855,-0.515,-0.056,0.505,0.167,-0.847,2531.25,0.671,0.671,-1.679,-0.613,-0.480,0.627,0.552,0.745,-0.375,2472.41,1.679,1.119,0.224,-0.481,-0.170,0.860,0.534,0.560,-0.634,9.727,5.740,0.550,-3.969,0.275,0.591,-0.759,10.730,-5.847,-4.168,-3.130,none
28.983966,0.621,0.755,0.212,2583.51,1.007,0.671,2.014,-0.716,-0.464,-0.521,0.745,0.662,0.074,2543.42,1.902,1.343,1.007,-0.836,-0.546,-0.055,0.508,0.161,-0.846,2496.66,0.671,-0.448,-0.112,-0.592,-0.504,0.629,0.550,0.745,-0.377,2460.19,1.567,0.671,-0.112,-0.484,-0.179,0.857,0.527,0.560,-0.639,9.692,4.855,1.038,-2.931,0.263,0.588,-0.765,10.690,-6.656,-3.893,-1.969,none
28.984078,0.631,0.748,0.207,2541.76,1.343,1.231,1.231,-0.711,-0.432,-0.554,0.741,0.666,0.090,2518.33,0.895,0.560,0.895,-0.843,-0.533,-0.067,0.515,0.169,-0.840,2445.13,1.455,1.119,0.224,-0.617,-0.522,0.589,0.549,0.745,-0.379,2447.24,1.343,0.112,0.000,-0.482,-0.173,0.859,0.526,0.558,-0.641,9.668,5.405,0.504,-2.412,0.267,0.586,-0.765,10.652,-5.969,-4.901,-1.359,none
28.984169,0.615,0.759,0.215,2545.03,0.112,0.336,1.231,-0.720,-0.457,-0.521,0.732,0.676,0.086,2522.91,-0.224,0.671,1.679,-0.857,-0.513,-0.051,0.502,0.171,-0.848,2527.73,0.560,1.679,0.112,-0.618,-0.494,0.612,0.548,0.747,-0.378,2454.70,0.895,0.336,0.671,-0.479,-0.175,0.860,0.531,0.551,-0.644,9.653,4.992,0.260,-2.107,0.274,0.578,-0.768,10.637,-6.046,-4.992,-1.053,none
28.984254,0.616,0.763,0.198,2558.14,-0.560,0.336,0.448,-0.716,-0.409,-0.565,0.731,0.679,0.066,2540.07,-0.895,0.000,0.000,-0.856,-0.514,-0.046,0.499,0.168,-0.850,2521.20,-0.783,0.112,0.448,-0.604,-0.505,0.617,0.545,0.748,-0.378,2449.24,0.000,0.895,0.336,-0.487,-0.176,0.856,0.536,0.551,-0.640,9.654,5.573,-0.061,-1.267,0.278,0.579,-0.766,10.686,-5.145,-5.023,-0.458,none
28.984339,0.609,0.767,0.205,2571.34,-0.671,-0.671,-0.336,-0.722,-0.446,-0.528,0.731,0.679,0.074,2527.37,-0.448,-0.560,-0.783,-0.841,-0.540,-0.046,0.500,0.174,-0.848,2479.28,-0.671,-0.112,0.448,-0.610,-0.476,0.633,0.540,0.754,-0.374,2452.83,-1.007,0.560,0.224,-0.486,-0.180,0.855,0.536,0.556,-0.635,9.571,4.595,-0.031,-1.023,0.277,0.585,-0.762,10.602,-5.756,-4.519,-0.412,none
28.984423,0.626,0.755,0.198,2517.66,0.112,-0.671,-0.560,-0.723,-0.464,-0.512,0.727,0.683,0.074,2512.79,-0.671,-0.560,-0.336,-0.853,-0.519,-0.058,0.498,0.174,-0.849,2487.77,-0.560,-0.448,1.007,-0.615,-0.490,0.618,0.538,0.754,-0.375,2442.70,-0.895,0.895,0.112,-0.492,-0.184,0.851,0.534,0.558,-0.635,9.625,2.992,0.092,-1.527,0.276,0.582,-0.765,10.664,-7.008,-3.863,-1.084,none
28.984505,0.597,0.773,0.213,2571.12,-0.336,-1.007,1.119,-0.730,-0.461,-0.504,0.723,0.686,0.082,2526.63,0.448,0.224,0.336,-0.842,-0.537,-0.054,0.504,0.182,-0.844,2480.25,-0.671,-0.895,0.560,-0.613,-0.507,0.606,0.542,0.753,-0.373,2458.99,0.895,1.231,-0.112,-0.479,-0.171,0.861,0.530,0.542,-0.652,9.692,3.374,0.595,-1.893,0.268,0.569,-0.777,10.734,-6.534,-3.145,-1.466,none
28.984587,0.605,0.767,0.213,2569.45,1.231,0.224,0.336,-0.730,-0.491,-0.476,0.723,0.687,0.078,2539.93,1.343,-0.224,-0.560,-0.849,-0.526,-0.053,0.503,0.175,-0.846,2520.99,-1.231,-1.231,-0.224,-0.607,-0.494,0.623,0.544,0.751,-0.374,2452.23,0.895,1.119,-0.560,-0.480,-0.168,0.861,0.530,0.548,-0.647,9.707,5.588,1.084,-1.450,0.272,0.573,-0.773,10.751,-4.504,-2.962,-1.038,none
28.988551,0.604,0.769,0.212,2576.36,1.343,1.231,-1.343,-0.717,-0.440,-0.541,0.724,0.684,0.094,2523.01,1.343,0.000,-1.679,-0.841,-0.539,-0.039,0.513,0.177,-0.840,2494.04,-1.231,-2.014,-0.448,-0.619,-0.500,0.606,0.552,0.747,-0.370,2452.72,0.112,0.895,-1.455,-0.481,-0.176,0.859,0.514,0.566,-0.645,9.644,6.260,1.282,-1.435,0.248,0.591,-0.767,10.641,-3.893,-3.237,-0.962,none
28.988666,0.635,0.741,0.220,2527.86,2.910,1.790,-2.462,-0.736,-0.485,-0.472,0.751,0.654,0.095,2473.63,1.679,0.671,-2.798,-0.840,-0.540,-0.056,0.514,0.175,-0.840,2469.51,-0.560,-0.448,-0.671,-0.604,-0.505,0.616,0.557,0.740,-0.376,2463.29,-2.014,1.119,-1.231,-0.487,-0.177,0.855,0.518,0.576,-0.632,9.601,6.107,0.443,-2.580,0.258,0.601,-0.757,10.567,-4.977,-4.931,-1.695,none
28.988757,0.625,0.750,0.216,2534.80,-0.560,0.671,0.224,-0.720,-0.463,-0.517,0.743,0.662,0.100,2472.16,-0.336,1.119,0.895,-0.845,-0.532,-0.046,0.509,0.164,-0.845,2455.71,-1.007,0.000,-0.336,-0.620,-0.494,0.609,0.553,0.744,-0.374,2448.99,0.336,1.007,0.448,-0.480,-0.178,0.859,0.528,0.563,-0.636,9.646,4.336,0.458,-2.626,0.272,0.588,-0.762,10.632,-6.656,-4.672,-1.527,none
28.988852,0.615,0.762,0.202,2559.38,-0.448,0.783,1.119,-0.713,-0.409,-0.570,0.726,0.682,0.082,2527.72,-0.224,2.014,0.783,-0.849,-0.524,-0.064,0.507,0.173,-0.844,2502.35,-0.560,1.231,0.560,-0.609,-0.503,0.613,0.549,0.749,-0.371,2447.22,1.119,0.895,0.671,-0.477,-0.168,0.863,0.529,0.550,-0.646,9.643,4.473,0.305,-2.031,0.267,0.574,-0.774,10.708,-6.122,-4.443,-1.206,none
28.998441,0.605,0.767,0.216,2571.38,0.112,0.560,0.224,-0.730,-0.437,-0.525,0.726,0.682,0.081,2541.13,0.448,1.231,0.448,-0.846,-0.531,-0.054,0.503,0.185,-0.844,2501.81,-1.007,0.560,0.112,-0.615,-0.479,0.626,0.548,0.747,-0.378,2454.70,-0.112,1.119,0.112,-0.475,-0.168,0.864,0.532,0.551,-0.643,9.661,5.969,-0.015,-1.771,0.275,0.577,-0.769,10.692,-4.443,-4.763,-1.206,none
29.022601,0.615,0.762,0.202,2559.38,0.224,1.119,-1.343,-0.726,-0.417,-0.546,0.724,0.684,0.086,2521.95,0.000,1.119,-1.119,-0.849,-0.525,-0.056,0.496,0.175,-0.850,2519.98,-1.455,0.224,0.336,-0.622,-0.498,0.604,0.540,0.754,-0.374,2452.83,-2.350,1.343,-0.448,-0.483,-0.172,0.859,0.538,0.557,-0.632,9.658,4.122,0.183,-1.298,0.281,0.580,-0.764,10.670,-5.420,-3.664,-0.779,none
29.045258,0.605,0.771,0.201,2570.93,0.671,0.336,-0.895,-0.731,-0.471,-0.494,0.725,0.685,0.073,2546.41,0.448,1.231,-1.343,-0.851,-0.520,-0.076,0.501,0.188,-0.845,2455.16,-1.790,-1.231,0.112,-0.634,-0.504,0.587,0.545,0.754,-0.368,2467.51,-1.567,1.790,-0.895,-0.481,-0.175,0.859,0.522,0.557,-0.645,9.647,5.649,-0.122,-2.336,0.259,0.581,-0.772,10.644,-4.763,-4.534,-1.924,none
29.069598,0.630,0.749,0.206,2514.25,0.336,1.790,-0.783,-0.733,-0.471,-0.491,0.740,0.667,0.092,2468.74,-0.448,0.783,0.224,-0.852,-0.519,-0.070,0.504,0.193,-0.842,2440.20,-0.112,0.560,-0.895,-0.622,-0.482,0.617,0.546,0.751,-0.371,2441.74,1.119,0.448,0.783,-0.481,-0.173,0.860,0.535,0.567,-0.626,9.580,4.534,-0.489,-2.931,0.277,0.593,-0.756,10.581,-6.275,-5.328,-2.107,none
29.488952,0.608,0.767,0.207,2543.08,-0.895,0.112,1.343,-0.712,-0.481,-0.511,0.719,0.690,0.078,2526.23,-0.448,0.783,2.014,-0.843,-0.536,-0.048,0.501,0.177,-0.847,2494.52,0.895,2.238,-1.007,-0.611,-0.513,0.603,0.542,0.754,-0.371,2443.82,1.790,0.895,1.007,-0.483,-0.174,0.858,0.534,0.551,-0.641,9.632,2.260,0.122,-3.206,0.275,0.570,-0.774,10.677,-7.588,-3.802,-2.473,none
29.490264,0.600,0.772,0.209,2574.40,0.112,0.560,2.238,-0.718,-0.481,-0.503,0.726,0.682,0.082,2513.63,1.007,1.231,0.895,-0.854,-0.515,-0.079,0.499,0.171,-0.849,2522.73,0.783,1.231,-0.560,-0.601,-0.485,0.636,0.544,0.753,-0.369,2432.20,1.455,1.119,0.224,-0.478,-0.167,0.862,0.522,0.545,-0.656,9.661,3.588,-0.534,-2.916,0.262,0.567,-0.781,10.691,-5.084,-4.076,-2.198,none
29.490375,0.603,0.765,0.226,2548.25,0.895,1.343,0.224,-0.722,-0.446,-0.528,0.720,0.688,0.090,2521.05,0.224,1.119,-0.336,-0.848,-0.525,-0.074,0.512,0.184,-0.839,2460.41,-0.895,0.000,-0.448,-0.632,-0.494,0.597,0.548,0.748,-0.374,2450.94,-0.671,1.343,-0.112,-0.489,-0.173,0.855,0.524,0.566,-0.637,9.634,5.328,-1.374,-3.511,0.262,0.591,-0.763,10.616,-3.160,-5.008,-2.931,none
29.490473,0.625,0.751,0.213,2518.90,-0.783,3.021,-1.119,-0.743,-0.448,-0.497,0.736,0.671,0.091,2482.85,-0.112,2.574,-1.679,-0.856,-0.511,-0.076,0.503,0.174,-0.847,2484.30,-1.231,1.679,-1.007,-0.618,-0.516,0.593,0.548,0.751,-0.370,2453.97,-1.231,2.014,0.336,-0.484,-0.171,0.858,0.524,0.575,-0.628,9.626,3.405,-1.664,-3.725,0.267,0.595,-0.758,10.618,-5.160,-5.130,-2.855,none
29.490566,0.630,0.750,0.203,2547.95,-1.231,1.790,0.895,-0.725,-0.453,-0.518,0.736,0.672,0.078,2521.96,-0.112,2.910,-0.112,-0.840,-0.535,-0.086,0.505,0.171,-0.846,2475.98,-0.783,1.455,-0.895,-0.620,-0.510,0.597,0.550,0.748,-0.372,2463.16,-1.119,2.014,0.895,-0.488,-0.184,0.853,0.522,0.563,-0.641,9.698,3.206,-1.939,-3.939,0.263,0.589,-0.764,10.661,-6.015,-5.420,-3.176,none
29.490648,0.622,0.753,0.215,2549.08,-0.448,2.462,1.007,-0.726,-0.451,-0.518,0.742,0.666,0.083,2503.37,-0.224,2.350,0.560,-0.845,-0.533,-0.055,0.511,0.170,-0.843,2485.62,-0.671,1.455,0.224,-0.615,-0.511,0.600,0.551,0.746,-0.373,2456.44,0.671,1.231,1.455,-0.490,-0.178,0.854,0.526,0.562,-0.638,9.683,4.000,-2.595,-3.420,0.270,0.587,-0.763,10.677,-5.618,-6.489,-2.580,none
29.490729,0.629,0.753,0.194,2564.74,-2.126,1.567,0.783,-0.711,-0.473,-0.520,0.736,0.672,0.078,2521.96,-1.567,0.895,1.007,-0.845,-0.533,-0.055,0.509,0.175,-0.843,2473.65,0.000,2.350,0.336,-0.620,-0.510,0.597,0.548,0.748,-0.374,2450.94,1.007,0.560,1.902,-0.488,-0.171,0.856,0.532,0.566,-0.630,9.643,3.511,-2.412,-2.122,0.275,0.589,-0.760,10.688,-6.305,-6.366,-1.252,none
29.490823,0.620,0.758,0.201,2571.11,-1.567,-1.455,1.455,-0.724,-0.456,-0.518,0.726,0.682,0.089,2542.74,-1.343,0.671,1.007,-0.850,-0.523,-0.059,0.504,0.167,-0.848,2539.72,-0.336,2.686,0.000,-0.647,-0.515,0.562,0.548,0.749,-0.371,2469.90,-0.336,1.343,1.679,-0.481,-0.174,0.859,0.520,0.560,-0.645,9.704,3.435,-1.740,-1.374,0.261,0.577,-0.774,10.704,-6.305,-5.527,-0.733,none
29.490908,0.605,0.764,0.224,2568.14,-0.112,0.000,0.560,-0.727,-0.419,-0.545,0.732,0.676,0.089,2537.13,-1.119,0.224,-0.336,-0.849,-0.522,-0.084,0.513,0.181,-0.839,2494.99,-0.783,0.112,1.567,-0.621,-0.504,0.601,0.551,0.749,-0.369,2459.46,-1.119,0.783,1.007,-0.487,-0.180,0.854,0.513,0.562,-0.649,9.690,5.618,-2.305,-1.496,0.256,0.583,-0.771,10.689,-4.672,-6.626,-0.901,none
29.493939,0.620,0.752,0.223,2539.50,-1.679,0.448,-0.783,-0.706,-0.441,-0.554,0.732,0.675,0.098,2497.53,-2.014,0.336,-0.448,-0.844,-0.534,-0.054,0.510,0.174,-0.842,2487.17,-0.671,0.671,1.007,-0.611,-0.493,0.619,0.551,0.749,-0.369,2459.46,-0.895,0.224,1.679,-0.485,-0.175,0.857,0.519,0.572,-0.636,9.648,5.527,-2.275,-2.214,0.262,0.589,-0.764,10.639,-5.221,-6.840,-1.588,none
29.494051,0.612,0.759,0.221,2556.01,-2.798,0.895,0.224,-0.729,-0.441,-0.523,0.734,0.674,0.082,2515.41,-2.686,1.679,0.224,-0.846,-0.529,-0.061,0.505,0.181,-0.844,2491.54,-1.343,1.455,1.679,-0.617,-0.500,0.608,0.552,0.747,-0.370,2452.72,-0.895,0.112,2.126,-0.484,-0.171,0.858,0.527,0.562,-0.637,9.647,4.733,-2.565,-2.198,0.274,0.582,-0.765,10.672,-5.817,-7.237,-1.359,none
29.494142,0.624,0.759,0.187,2555.96,-3.021,-0.224,0.671,-0.720,-0.441,-0.536,0.735,0.675,0.066,2539.90,-2.686,-0.112,0.895,-0.849,-0.526,-0.052,0.508,0.183,-0.842,2476.38,-0.895,1.567,1.455,-0.616,-0.506,0.604,0.548,0.752,-0.366,2450.65,-1.007,0.448,2.126,-0.482,-0.165,0.860,0.530,0.567,-0.631,9.654,3.817,-2.504,-1.435,0.275,0.585,-0.763,10.682,-6.534,-6.733,-0.641,none
29.494227,0.609,0.764,0.213,2567.87,-2.238,-2.462,1.231,-0.729,-0.445,-0.520,0.724,0.684,0.089,2536.22,-1.343,-1.007,0.895,-0.846,-0.528,-0.069,0.510,0.182,-0.841,2489.88,0.783,2.126,1.007,-0.618,-0.500,0.607,0.550,0.752,-0.365,2462.91,0.224,0.112,1.567,-0.486,-0.171,0.857,0.517,0.565,-0.643,9.666,3.023,-1.573,-1.420,0.258,0.579,-0.773,10.668,-7.084,-5.374,-0.885,none
29.494309,0.609,0.760,0.229,2555.17,-0.112,-0.783,1.231,-0.720,-0.463,-0.517,0.721,0.685,0.102,2518.46,-1.007,0.224,0.895,-0.848,-0.525,-0.078,0.510,0.180,-0.841,2510.12,0.560,1.790,1.007,-0.618,-0.500,0.607,0.556,0.748,-0.362,2451.31,0.671,0.000,1.343,-0.484,-0.171,0.858,0.511,0.561,-0.651,9.651,4.641,-1.802,-2.687,0.255,0.576,-0.777,10.676,-6.000,-6.489,-1.954,none
29.494396,0.614,0.754,0.234,2547.71,-1.679,0.112,1.119,-0.718,-0.437,-0.541,0.732,0.675,0.094,2510.64,-1.007,0.783,0.671,-0.846,-0.529,-0.065,0.520,0.194,-0.832,2480.52,-0.448,0.895,1.231,-0.617,-0.522,0.589,0.560,0.743,-0.366,2452.52,0.895,0.336,1.790,-0.485,-0.172,0.858,0.515,0.570,-0.640,9.674,5.328,-2.183,-2.443,0.260,0.591,-0.764,10.665,-5.725,-7.710,-1.191,none
29.494482,0.635,0.744,0.207,2541.38,-1.902,-2.462,1.679,-0.726,-0.413,-0.550,0.738,0.669,0.086,2516.81,-1.902,-0.448,0.336,-0.841,-0.538,-0.056,0.513,0.173,-0.841,2492.29,-0.336,2.574,0.224,-0.617,-0.527,0.585,0.558,0.745,-0.365,2459.96,-0.336,0.671,2.126,-0.493,-0.176,0.852,0.522,0.577,-0.628,9.638,3.649,-2.565,-2.321,0.267,0.596,-0.758,10.647,-7.725,-7.908,-0.748,none
29.494562,0.626,0.750,0.214,2560.94,-2.238,-4.476,3.693,-0.728,-0.429,-0.535,0.731,0.675,0.098,2510.86,-1.231,-1.007,2.238,-0.842,-0.536,-0.067,0.517,0.181,-0.836,2491.76,0.000,1.567,1.679,-0.621,-0.483,0.617,0.553,0.747,-0.368,2464.98,0.112,0.448,2.462,-0.491,-0.177,0.853,0.516,0.560,-0.648,9.674,3.298,-1.649,-1.588,0.258,0.573,-0.778,10.699,-7.771,-6.458,-0.504,none
29.497865,0.592,0.772,0.231,2576.82,-1.119,-1.902,2.574,-0.741,-0.446,-0.502,0.727,0.680,0.093,2537.53,-1.231,0.112,2.126,-0.848,-0.523,-0.082,0.516,0.181,-0.838,2500.13,0.895,1.679,2.014,-0.642,-0.485,0.594,0.552,0.751,-0.362,2452.51,1.119,-0.560,2.126,-0.484,-0.167,0.859,0.512,0.557,-0.654,9.614,4.611,-0.916,-2.351,0.256,0.571,-0.780,10.638,-6.458,-5.893,-1.359,none
29.497976,0.601,0.764,0.235,2539.19,-0.895,0.000,0.783,-0.739,-0.467,-0.485,0.716,0.690,0.106,2499.27,-0.895,-0.448,1.343,-0.852,-0.519,-0.066,0.517,0.185,-0.836,2493.60,0.671,1.119,2.014,-0.620,-0.510,0.597,0.553,0.748,-0.367,2449.41,1.343,-0.112,1.567,-0.480,-0.164,0.862,0.508,0.565,-0.650,9.626,5.527,-0.702,-3.573,0.251,0.578,-0.777,10.630,-5.771,-5.496,-2.489,none
29.498067,0.608,0.760,0.231,2540.73,-0.783,2.014,0.560,-0.724,-0.431,-0.539,0.717,0.688,0.114,2493.87,-0.671,2.686,0.560,-0.853,-0.518,-0.062,0.517,0.187,-0.835,2472.55,0.336,1.119,0.783,-0.621,-0.489,0.613,0.554,0.749,-0.363,2445.76,0.112,1.119,1.455,-0.487,-0.180,0.854,0.514,0.565,-0.645,9.598,5.603,-1.221,-4.672,0.260,0.585,-0.768,10.592,-5.695,-6.305,-3.221,none
29.499606,0.625,0.753,0.203,2548.44,-1.119,0.895,1.902,-0.740,-0.458,-0.492,0.730,0.678,0.086,2514.87,-1.119,3.245,0.560,-0.857,-0.510,-0.075,0.516,0.186,-0.836,2480.91,-0.336,2.574,-0.560,-0.615,-0.495,0.614,0.557,0.745,-0.367,2447.49,0.783,2.238,2.126,-0.484,-0.168,0.859,0.520,0.575,-0.631,9.629,4.733,-1.542,-4.427,0.267,0.590,-0.762,10.666,-6.183,-6.137,-3.008,none
29.524729,0.624,0.752,0.210,2553.32,-1.231,0.224,1.902,-0.730,-0.434,-0.529,0.741,0.666,0.082,2516.70,-1.007,2.014,1.231,-0.852,-0.514,-0.100,0.507,0.161,-0.847,2505.13,0.224,3.357,-0.560,-0.615,-0.511,0.600,0.555,0.742,-0.377,2458.28,2.798,1.455,2.126,-0.487,-0.164,0.858,0.518,0.572,-0.636,9.641,3.878,-1.679,-3.359,0.263,0.589,-0.764,10.675,-6.656,-6.092,-2.198,none
29.545881,0.617,0.756,0.218,2553.14,-1.455,0.112,1.567,-0.725,-0.449,-0.522,0.733,0.673,0.094,2517.23,-1.007,1.007,1.231,-0.845,-0.522,-0.114,0.517,0.175,-0.838,2474.66,0.000,2.014,0.895,-0.641,-0.522,0.562,0.555,0.742,-0.377,2458.28,0.783,1.119,2.350,-0.495,-0.178,0.850,0.510,0.576,-0.639,9.607,4.687,-2.076,-3.542,0.254,0.591,-0.765,10.631,-6.061,-6.214,-2.656,none
29.567999,0.628,0.746,0.220,2523.30,-1.119,1.567,1.007,-0.728,-0.399,-0.557,0.737,0.669,0.099,2491.38,-1.567,1.790,1.679,-0.845,-0.530,-0.076,0.517,0.166,-0.840,2494.22,0.783,3.469,0.112,-0.632,-0.468,0.618,0.556,0.743,-0.374,2454.53,-0.112,1.343,2.686,-0.497,-0.175,0.850,0.518,0.573,-0.635,9.623,4.092,-2.412,-3.832,0.260,0.591,-0.764,10.625,-6.641,-6.504,-2.824,none
29.589220,0.619,0.757,0.210,2562.07,-2.574,1.567,1.679,-0.718,-0.428,-0.549,0.730,0.677,0.093,2531.47,-2.014,2.574,1.343,-0.852,-0.512,-0.108,0.518,0.180,-0.836,2506.14,-0.336,2.798,1.119,-0.631,-0.489,0.602,0.557,0.744,-0.368,2463.26,0.895,1.119,2.910,-0.488,-0.169,0.856,0.520,0.566,-0.640,9.687,4.046,-2.122,-3.053,0.268,0.583,-0.767,10.698,-6.168,-6.168,-2.260,none
29.999915,0.622,0.757,0.201,2578.08,-2.014,1.007,0.895,-0.734,-0.430,-0.526,0.734,0.674,0.085,2543.59,-1.679,2.014,0.671,-0.854,-0.511,-0.099,0.518,0.169,-0.838,2506.94,-0.336,2.574,0.336,-0.639,-0.491,0.593,0.566,0.740,-0.365,2463.03,0.671,1.343,2.014,-0.488,-0.167,0.857,0.511,0.575,-0.639,9.688,4.076,-1.939,-2.779,0.259,0.591,-0.764,10.673,-6.168,-6.046,-2.092,none
30.000153,0.621,0.751,0.224,2568.56,-1.231,0.448,0.895,-0.733,-0.403,-0.548,0.740,0.665,0.098,2520.21,-1.119,0.671,0.560,-0.851,-0.512,-0.119,0.521,0.179,-0.835,2473.25,-0.224,1.455,1.119,-0.645,-0.483,0.592,0.565,0.739,-0.368,2466.33,-0.895,1.231,1.902,-0.494,-0.179,0.851,0.506,0.575,-0.644,9.681,4.336,-2.397,-2.977,0.255,0.592,-0.765,10.675,-6.336,-6.534,-2.336,none
30.000261,0.624,0.748,0.227,2540.47,-2.238,0.112,1.790,-0.737,-0.418,-0.531,0.735,0.670,0.102,2499.82,-1.343,1.231,1.231,-0.864,-0.497,-0.079,0.521,0.177,-0.835,2495.16,0.112,2.014,1.679,-0.641,-0.502,0.581,0.561,0.743,-0.364,2465.56,0.112,0.671,2.238,-0.497,-0.174,0.850,0.506,0.572,-0.646,9.652,3.069,-1.786,-2.992,0.251,0.584,-0.772,10.686,-7.466,-5.527,-2.153,none
30.000353,0.608,0.762,0.224,2573.44,-1.007,1.007,1.679,-0.719,-0.426,-0.550,0.729,0.677,0.097,2546.49,-1.567,1.455,2.014,-0.857,-0.509,-0.079,0.536,0.197,-0.821,2441.77,0.560,1.231,1.231,-0.625,-0.524,0.579,0.563,0.742,-0.365,2458.13,2.126,0.336,2.126,-0.488,-0.169,0.856,0.503,0.568,-0.651,9.676,4.321,-1.511,-3.008,0.249,0.580,-0.776,10.691,-5.908,-5.679,-2.214,none
30.000438,0.620,0.751,0.229,2558.49,-0.560,1.007,1.007,-0.715,-0.455,-0.531,0.737,0.669,0.102,2506.44,0.000,0.783,0.783,-0.850,-0.522,-0.067,0.520,0.176,-0.836,2514.88,0.783,3.469,-0.336,-0.624,-0.503,0.598,0.570,0.736,-0.365,2461.33,1.455,0.783,1.790,-0.482,-0.164,0.861,0.502,0.580,-0.641,9.630,4.092,-1.634,-3.008,0.250,0.589,-0.768,10.680,-6.031,-5.786,-1.924,none
30.000522,0.619,0.750,0.232,2573.12,-0.895,0.671,0.783,-0.747,-0.441,-0.497,0.732,0.673,0.108,2535.23,-0.783,1.790,-0.112,-0.866,-0.493,-0.086,0.522,0.169,-0.836,2504.92,-0.448,1.455,0.112,-0.639,-0.507,0.578,0.571,0.733,-0.369,2457.29,-0.336,1.119,1.343,-0.485,-0.161,0.859,0.503,0.571,-0.649,9.713,4.947,-1.771,-2.153,0.248,0.587,-0.770,10.734,-5.053,-6.076,-1.160,none
30.000629,0.626,0.746,0.225,2560.57,-1.231,0.560,-0.448,-0.730,-0.434,-0.529,0.748,0.656,0.101,2523.62,-1.679,0.895,-0.112,-0.852,-0.514,-0.095,0.529,0.176,-0.830,2511.21,-1.455,0.671,1.455,-0.621,-0.504,0.601,0.574,0.733,-0.365,2460.44,-0.448,0.560,1.231,-0.490,-0.168,0.856,0.505,0.580,-0.640,9.682,5.313,-1.191,-1.603,0.252,0.595,-0.764,10.684,-4.992,-6.168,-0.397,none
30.000709,0.624,0.747,0.228,2570.30,-1.455,0.224,-1.007,-0.728,-0.454,-0.515,0.732,0.673,0.108,2535.23,-1.679,0.448,-0.671,-0.857,-0.505,-0.106,0.528,0.170,-0.832,2494.33,-1.455,1.007,1.902,-0.645,-0.484,0.591,0.568,0.734,-0.372,2468.33,-0.560,0.112,1.231,-0.490,-0.168,0.856,0.505,0.577,-0.642,9.657,5.023,-0.748,-1.466,0.255,0.590,-0.766,10.705,-5.405,-6.015,-0.122,none
30.000801,0.621,0.752,0.221,2566.34,-1.567,-1.231,-0.224,-0.736,-0.420,-0.530,0.733,0.673,0.097,2532.98,-1.567,0.000,-0.448,-0.846,-0.527,-0.079,0.524,0.178,-0.833,2479.31,-1.007,0.224,1.902,-0.646,-0.494,0.582,0.565,0.739,-0.368,2466.33,-0.783,0.224,0.895,-0.492,-0.165,0.855,0.508,0.577,-0.640,9.628,4.290,-0.733,-1.374,0.254,0.589,-0.767,10.658,-5.924,-4.901,-0.489,none
30.000883,0.619,0.754,0.217,2558.57,-0.671,-0.671,-0.336,-0.731,-0.397,-0.555,0.729,0.677,0.102,2518.62,-1.119,-0.224,-0.112,-0.849,-0.519,-0.098,0.526,0.191,-0.829,2468.24,-0.112,0.336,2.014,-0.648,-0.510,0.566,0.557,0.745,-0.367,2447.49,-0.336,0.112,0.783,-0.490,-0.171,0.855,0.502,0.581,-0.641,9.601,3.802,-1.053,-1.969,0.247,0.593,-0.767,10.590,-6.183,-4.870,-1.115,none
30.000964,0.621,0.750,0.229,2520.54,-0.224,-0.448,0.783,-0.728,-0.449,-0.519,0.733,0.672,0.103,2478.42,-0.224,0.224,0.895,-0.854,-0.514,-0.087,0.526,0.175,-0.832,2468.39,1.455,2.126,-0.112,-0.645,-0.510,0.569,0.564,0.740,-0.366,2450.73,1.119,0.560,1.119,-0.481,-0.161,0.862,0.498,0.581,-0.643,9.557,3.313,-1.130,-3.603,0.241,0.593,-0.768,10.565,-7.237,-5.466,-2.443,none
30.001049,0.624,0.746,0.232,2523.83,-0.671,0.000,2.574,-0.715,-0.428,-0.553,0.732,0.671,0.115,2481.59,0.000,0.895,1.567,-0.851,-0.519,-0.085,0.526,0.163,-0.835,2471.82,1.231,2.686,0.560,-0.643,-0.485,0.593,0.568,0.732,-0.376,2435.71,2.238,0.895,2.350,-0.490,-0.158,0.857,0.500,0.578,-0.645,9.617,3.847,-1.740,-3.817,0.251,0.591,-0.766,10.618,-6.687,-6.595,-2.351,none
30.001134,0.628,0.745,0.223,2536.39,-2.014,-0.336,2.238,-0.734,-0.425,-0.530,0.743,0.663,0.098,2514.31,-2.238,1.679,1.790,-0.859,-0.502,-0.101,0.526,0.166,-0.834,2487.38,0.000,2.798,0.895,-0.630,-0.501,0.594,0.569,0.732,-0.375,2447.98,1.007,1.343,2.574,-0.493,-0.160,0.855,0.507,0.579,-0.638,9.640,3.832,-2.061,-3.099,0.256,0.594,-0.763,10.651,-6.672,-6.809,-1.603,none
30.001215,0.634,0.746,0.206,2561.88,-1.567,-0.448,1.679,-0.731,-0.421,-0.537,0.745,0.662,0.089,2533.19,-1.455,0.448,0.783,-0.862,-0.500,-0.089,0.525,0.173,-0.833,2490.60,-0.112,2.574,1.119,-0.647,-0.518,0.559,0.570,0.732,-0.373,2461.00,0.671,1.343,2.462,-0.489,-0.164,0.857,0.508,0.580,-0.637,9.675,3.542,-2.198,-1.954,0.259,0.592,-0.763,10.694,-6.687,-6.580,-0.580,none
30.001298,0.625,0.749,0.221,2565.82,-1.902,-2.126,1.567,-0.737,-0.406,-0.540,0.736,0.668,0.105,2521.49,-1.343,-1.007,1.455,-0.845,-0.526,-0.097,0.528,0.173,-0.831,2495.87,0.560,2.462,1.343,-0.641,-0.501,0.582,0.572,0.734,-0.366,2453.98,0.783,0.671,1.902,-0.492,-0.181,0.851,0.499,0.581,-0.643,9.628,3.191,-2.153,-1.389,0.242,0.588,-0.772,10.657,-6.855,-6.321,-0.183,none
30.001377,0.618,0.749,0.237,2548.48,-1.231,-1.455,0.783,-0.724,-0.426,-0.542,0.736,0.668,0.110,2509.19,-1.567,-0.224,0.560,-0.856,-0.510,-0.084,0.528,0.170,-0.832,2494.33,0.336,2.350,1.679,-0.642,-0.495,0.585,0.572,0.734,-0.366,2453.98,0.224,0.783,2.014,-0.486,-0.159,0.859,0.497,0.575,-0.650,9.645,3.832,-2.504,-2.000,0.246,0.586,-0.772,10.656,-6.198,-7.160,-0.519,none
30.001458,0.622,0.750,0.226,2548.71,-2.462,-1.679,0.783,-0.734,-0.425,-0.530,0.732,0.672,0.110,2507.87,-2.238,-0.112,0.560,-0.854,-0.511,-0.099,0.525,0.177,-0.833,2492.36,-0.671,2.126,1.679,-0.648,-0.478,0.593,0.571,0.733,-0.369,2457.29,0.112,1.007,2.686,-0.490,-0.154,0.858,0.504,0.582,-0.638,9.612,3.786,-2.916,-2.305,0.254,0.593,-0.764,10.587,-6.321,-7.450,-0.779,none
30.003156,0.629,0.749,0.207,2549.99,-1.902,-1.790,1.343,-0.729,-0.398,-0.556,0.729,0.677,0.098,2517.63,-2.350,0.336,0.671,-0.852,-0.518,-0.075,0.526,0.182,-0.831,2485.01,-0.783,2.238,1.679,-0.641,-0.496,0.585,0.565,0.741,-0.363,2447.08,0.112,0.783,2.798,-0.495,-0.165,0.853,0.503,0.581,-0.640,9.618,2.458,-2.611,-2.382,0.251,0.591,-0.766,10.621,-7.573,-6.977,-0.824,none
30.003268,0.621,0.749,0.231,2537.29,-1.231,-3.581,2.462,-0.731,-0.430,-0.530,0.738,0.670,0.085,2530.88,-1.902,-0.671,1.231,-0.862,-0.496,-0.109,0.531,0.185,-0.827,2447.10,-0.448,2.014,1.455,-0.658,-0.483,0.577,0.565,0.737,-0.371,2446.66,1.790,1.343,2.798,-0.490,-0.169,0.855,0.503,0.586,-0.636,9.576,2.092,-3.878,-2.321,0.254,0.590,-0.766,10.619,-7.298,-6.504,-1.206,none
30.010086,0.613,0.756,0.230,2552.94,-1.679,-1.567,1.679,-0.745,-0.438,-0.502,0.727,0.675,0.123,2482.67,-1.231,-0.671,1.231,-0.863,-0.489,-0.127,0.533,0.163,-0.831,2474.38,0.560,3.021,1.343,-0.661,-0.493,0.566,0.569,0.733,-0.373,2431.96,2.686,0.560,2.574,-0.485,-0.161,0.859,0.500,0.586,-0.637,9.555,0.595,-6.840,-2.137,0.244,0.585,-0.773,10.622,-5.542,-6.885,-1.130,none
30.034080,0.633,0.743,0.216,2533.32,-1.231,0.336,-0.224,-0.728,-0.409,-0.550,0.739,0.666,0.102,2500.50,-2.350,1.343,-0.783,-0.857,-0.509,-0.076,0.529,0.160,-0.834,2512.14,-1.343,3.805,1.119,-0.650,-0.476,0.592,0.577,0.725,-0.377,2431.86,0.000,0.560,2.574,-0.497,-0.166,0.852,0.487,0.593,-0.642,9.576,0.290,-7.939,-1.802,0.243,0.600,-0.763,10.570,-4.977,-7.832,-0.489,none
30.057689,0.635,0.738,0.228,2524.95,-2.686,-0.783,-1.231,-0.724,-0.417,-0.550,0.751,0.652,0.103,2496.41,-2.910,0.671,-1.790,-0.855,-0.510,-0.094,0.531,0.147,-0.835,2484.17,-3.133,2.574,2.014,-0.651,-0.507,0.565,0.579,0.722,-0.380,2442.14,-3.133,0.671,2.350,-0.494,-0.158,0.855,0.491,0.606,-0.626,9.615,-3.557,-11.542,-1.344,0.241,0.608,-0.757,10.581,-4.000,-9.527,0.382,none
30.077213,0.645,0.728,0.231,2531.80,-4.364,-0.783,-2.014,-0.712,-0.399,-0.578,0.755,0.646,0.115,2473.32,-5.483,0.000,-1.007,-0.860,-0.504,-0.077,0.543,0.169,-0.823,2447.52,-3.805,1.679,3.693,-0.643,-0.526,0.557,0.579,0.722,-0.378,2454.58,-3.805,-0.224,4.252,-0.495,-0.164,0.853,0.478,0.604,-0.637,9.637,-2.534,-11.450,-1.359,0.237,0.611,-0.755,10.591,-6.855,-10.275,0.504,none
30.098359,0.651,0.726,0.224,2525.08,-4.588,-0.895,0.112,-0.738,-0.373,-0.562,0.749,0.653,0.114,2492.05,-5.819,0.448,1.119,-0.863,-0.496,-0.093,0.543,0.172,-0.822,2462.87,-2.238,3.245,4.252,-0.650,-0.488,0.583,0.578,0.731,-0.362,2478.71,-3.133,-1.119,5.371,-0.489,-0.162,0.857,0.483,0.589,-0.648,9.739,-3.221,-9.634,-1.908,0.243,0.597,-0.764,10.661,-8.229,-10.824,0.260,none
30.506640,0.624,0.747,0.230,2586.30,-5.819,-2.798,2.238,-0.731,-0.405,-0.550,0.726,0.678,0.115,2557.05,-6.043,0.336,2.350,-0.854,-0.507,-0.115,0.540,0.184,-0.821,2512.96,-2.014,3.917,4.700,-0.648,-0.488,0.585,0.581,0.727,-0.366,2480.49,-1.679,0.224,5.483,-0.491,-0.164,0.855,0.489,0.579,-0.653,9.775,-1.542,-8.565,-1.023,0.247,0.576,-0.779,10.821,-7.481,-9.863,0.733,none
30.509392,0.596,0.768,0.234,2626.74,-5.931,-2.798,1.455,-0.739,-0.401,-0.542,0.718,0.687,0.110,2583.22,-5.148,1.119,1.007,-0.858,-0.496,-0.129,0.539,0.188,-0.821,2552.75,-1.343,4.029,3.581,-0.650,-0.498,0.574,0.577,0.738,-0.350,2481.99,-1.007,-1.231,4.476,-0.498,-0.159,0.852,0.488,0.577,-0.655,9.769,-0.366,-6.748,-1.053,0.251,0.574,-0.779,10.847,-5.969,-7.527,0.275,none
30.509511,0.606,0.761,0.231,2613.50,-2.574,-1.119,-0.560,-0.729,-0.398,-0.556,0.715,0.690,0.114,2598.14,-3.133,-0.224,-0.224,-0.860,-0.495,-0.120,0.541,0.188,-0.820,2564.71,-1.790,1.567,2.126,-0.665,-0.485,0.568,0.584,0.733,-0.349,2486.98,-2.126,0.000,2.350,-0.499,-0.160,0.852,0.476,0.586,-0.656,9.793,1.527,-3.267,-0.962,0.235,0.579,-0.781,10.852,-4.885,-5.359,0.489,none
30.509610,0.607,0.752,0.256,2593.07,0.224,-0.224,-1.679,-0.727,-0.412,-0.549,0.724,0.677,0.131,2548.51,-0.783,-0.448,-1.790,-0.867,-0.482,-0.126,0.554,0.193,-0.810,2486.70,-1.231,-1.119,1.343,-0.667,-0.529,0.524,0.586,0.730,-0.352,2495.60,-1.679,0.783,0.336,-0.499,-0.165,0.851,0.469,0.596,-0.651,9.745,3.893,-0.214,-2.000,0.229,0.591,-0.773,10.699,-4.641,-4.534,-0.840,none
30.509700,0.628,0.737,0.249,2553.77,0.112,1.119,-1.231,-0.726,-0.393,-0.565,0.736,0.664,0.129,2507.64,-0.224,0.895,-1.567,-0.867,-0.485,-0.114,0.545,0.180,-0.819,2508.37,-0.112,0.224,0.560,-0.656,-0.515,0.552,0.585,0.730,-0.354,2483.17,0.224,0.671,0.112,-0.498,-0.158,0.852,0.476,0.600,-0.643,9.719,3.695,1.130,-3.130,0.236,0.592,-0.770,10.691,-5.542,-4.779,-1.405,none
30.509831,0.626,0.745,0.231,2578.85,0.000,0.560,0.112,-0.727,-0.371,-0.577,0.732,0.672,0.116,2538.21,-0.448,1.567,0.112,-0.863,-0.496,-0.093,0.545,0.190,-0.817,2490.26,0.224,1.007,0.671,-0.663,-0.506,0.552,0.580,0.731,-0.360,2467.79,1.679,1.455,0.671,-0.491,-0.160,0.857,0.486,0.595,-0.641,9.696,4.275,2.351,-3.298,0.248,0.589,-0.769,10.699,-5.527,-4.153,-1.511,none
30.509952,0.616,0.755,0.224,2571.28,0.112,0.336,0.224,-0.714,-0.367,-0.597,0.731,0.675,0.100,2554.77,0.448,1.119,0.112,-0.861,-0.498,-0.107,0.538,0.180,-0.824,2506.29,0.671,2.014,-1.231,-0.687,-0.470,0.554,0.579,0.729,-0.365,2457.59,2.014,0.895,0.000,-0.492,-0.152,0.858,0.486,0.595,-0.640,9.656,4.351,2.382,-2.489,0.248,0.591,-0.768,10.659,-5.023,-3.435,-1.267,none
30.510045,0.624,0.747,0.229,2555.84,1.231,1.231,-1.231,-0.731,-0.397,-0.555,0.738,0.666,0.109,2516.56,0.448,0.783,-1.567,-0.859,-0.500,-0.112,0.529,0.156,-0.834,2511.39,0.783,1.567,-1.343,-0.661,-0.498,0.561,0.575,0.730,-0.369,2456.43,0.336,0.560,-0.560,-0.494,-0.159,0.855,0.484,0.604,-0.633,9.602,4.534,1.023,-2.000,0.247,0.599,-0.761,10.588,-4.763,-3.939,-0.809,none
30.510130,0.643,0.736,0.211,2542.19,0.224,0.000,-1.007,-0.730,-0.434,-0.529,0.744,0.660,0.102,2508.70,0.000,0.448,-0.671,-0.867,-0.486,-0.110,0.535,0.154,-0.831,2484.02,0.336,0.112,0.224,-0.667,-0.474,0.576,0.577,0.728,-0.370,2449.14,0.336,0.448,-0.224,-0.503,-0.166,0.848,0.488,0.606,-0.628,9.619,3.252,-0.229,-1.282,0.251,0.600,-0.760,10.614,-6.031,-4.107,-0.336,none
30.510373,0.628,0.744,0.226,2552.37,0.224,-1.455,0.224,-0.721,-0.396,-0.568,0.738,0.666,0.109,2516.56,0.000,0.112,-0.224,-0.856,-0.510,-0.084,0.546,0.175,-0.820,2470.70,0.224,-0.112,1.679,-0.662,-0.502,0.556,0.581,0.725,-0.371,2447.09,0.560,0.448,0.000,-0.495,-0.165,0.853,0.480,0.596,-0.643,9.686,3.130,-0.427,-0.992,0.240,0.589,-0.771,10.674,-6.214,-4.733,-0.504,none
30.510476,0.626,0.743,0.235,2531.67,-0.224,-0.112,0.336,-0.732,-0.409,-0.544,0.737,0.665,0.118,2504.79,-0.895,0.224,0.895,-0.862,-0.496,-0.106,0.545,0.161,-0.823,2435.99,0.224,1.679,1.679,-0.656,-0.500,0.565,0.577,0.732,-0.363,2449.48,0.560,0.112,0.448,-0.498,-0.159,0.852,0.482,0.599,-0.640,9.645,3.985,-0.901,-1.298,0.244,0.590,-0.769,10.673,-5.893,-4.763,-0.779,none
30.510568,0.615,0.757,0.223,2578.84,-0.224,0.336,0.112,-0.728,-0.409,-0.550,0.720,0.683,0.120,2537.26,-1.119,0.224,0.895,-0.858,-0.504,-0.105,0.540,0.184,-0.821,2512.96,-0.112,-0.783,1.455,-0.676,-0.491,0.550,0.578,0.732,-0.361,2461.27,-0.448,-0.112,0.000,-0.486,-0.155,0.860,0.481,0.593,-0.646,9.723,4.931,0.107,-1.298,0.243,0.584,-0.775,10.744,-5.389,-3.908,-0.977,none
30.510654,0.622,0.745,0.240,2562.65,1.007,1.343,-0.448,-0.714,-0.384,-0.585,0.736,0.668,0.108,2535.86,-0.336,1.007,-0.895,-0.862,-0.496,-0.106,0.549,0.193,-0.813,2489.30,0.671,-0.671,0.448,-0.674,-0.455,0.582,0.584,0.730,-0.356,2469.30,-0.560,-0.112,-0.783,-0.496,-0.157,0.854,0.479,0.600,-0.641,9.738,5.542,1.176,-1.802,0.240,0.591,-0.770,10.729,-5.511,-3.115,-1.649,none
30.510736,0.618,0.749,0.239,2577.59,1.567,1.790,0.112,-0.736,-0.400,-0.547,0.728,0.676,0.120,2538.83,1.119,0.000,0.560,-0.871,-0.480,-0.106,0.542,0.182,-0.820,2540.20,1.567,0.224,-1.231,-0.654,-0.495,0.571,0.584,0.729,-0.357,2486.00,0.224,-0.224,-1.119,-0.496,-0.160,0.853,0.480,0.591,-0.648,9.742,5.786,1.817,-1.435,0.244,0.581,-0.776,10.768,-5.481,-2.397,-1.405,none
30.510822,0.619,0.752,0.225,2606.51,2.126,1.231,0.000,-0.722,-0.371,-0.584,0.730,0.675,0.111,2570.48,2.126,-0.112,-0.112,-0.859,-0.500,-0.112,0.548,0.180,-0.817,2513.83,1.343,-1.902,-1.567,-0.650,-0.461,0.604,0.586,0.727,-0.358,2478.72,1.790,-0.671,-2.238,-0.499,-0.167,0.850,0.487,0.594,-0.641,9.744,7.084,2.595,-0.198,0.252,0.585,-0.771,10.790,-4.534,-2.198,-0.336,none
30.510918,0.618,0.751,0.233,2597.16,2.686,-0.336,-0.895,-0.756,-0.406,-0.514,0.732,0.672,0.112,2550.37,2.686,-1.455,-0.560,-0.864,-0.489,-0.116,0.545,0.187,-0.817,2525.67,1.679,-1.790,-1.679,-0.656,-0.489,0.575,0.583,0.729,-0.359,2473.60,0.336,-1.119,-3.469,-0.500,-0.157,0.852,0.488,0.598,-0.635,9.660,6.565,3.634,0.702,0.248,0.593,-0.766,10.682,-5.023,-1.038,0.336,none
30.511001,0.619,0.753,0.224,2576.08,3.917,-0.336,-1.007,-0.735,-0.408,-0.541,0.726,0.678,0.116,2544.42,3.469,-1.790,-0.560,-0.865,-0.486,-0.124,0.541,0.172,-0.823,2508.45,2.350,-1.790,-2.686,-0.669,-0.474,0.573,0.581,0.731,-0.356,2463.48,-0.112,-0.895,-4.029,-0.496,-0.165,0.853,0.476,0.596,-0.647,9.675,6.855,4.443,0.244,0.236,0.588,-0.774,10.657,-4.885,-0.595,-0.107,none
30.516260,0.630,0.740,0.236,2530.65,3.917,0.000,-0.895,-0.725,-0.418,-0.547,0.735,0.667,0.122,2498.63,4.141,-1.790,-0.783,-0.868,-0.491,-0.075,0.540,0.167,-0.825,2477.65,2.350,-3.021,-1.902,-0.657,-0.463,0.595,0.574,0.737,-0.357,2459.84,-0.224,-0.671,-4.029,-0.491,-0.163,0.856,0.483,0.603,-0.634,9.638,7.252,4.336,-1.176,0.248,0.598,-0.762,10.631,-4.931,-2.092,-1.069,none
30.516369,0.631,0.741,0.231,2541.29,2.126,0.224,0.224,-0.739,-0.418,-0.529,0.740,0.663,0.114,2496.99,2.910,-1.119,0.000,-0.864,-0.489,-0.121,0.533,0.161,-0.831,2509.13,1.343,-2.126,-1.902,-0.646,-0.461,0.608,0.578,0.721,-0.383,2445.96,5.931,-1.343,-2.686,-0.495,-0.162,0.854,0.493,0.597,-0.633,9.637,6.809,3.832,-0.687,0.256,0.592,-0.764,10.651,-4.992,-2.107,-0.702,none
30.518308,0.624,0.751,0.216,2570.38,2.126,0.783,-0.895,-0.732,-0.417,-0.538,0.737,0.669,0.093,2531.93,2.238,-0.895,-0.112,-0.864,-0.488,-0.121,0.537,0.151,-0.830,2475.17,0.671,-3.133,-1.343,-0.665,-0.497,0.558,0.577,0.728,-0.370,2449.14,-0.671,-1.119,-2.798,-0.493,-0.155,0.856,0.490,0.597,-0.635,9.622,7.237,3.191,0.336,0.251,0.592,-0.766,10.648,-4.229,-2.565,0.504,none
30.542558,0.629,0.743,0.227,2533.44,2.462,-0.448,-1.902,-0.737,-0.410,-0.538,0.744,0.659,0.111,2468.53,2.462,-1.679,-1.567,-0.864,-0.497,-0.079,0.540,0.169,-0.825,2442.93,0.895,-1.455,-0.783,-0.665,-0.497,0.558,0.568,0.735,-0.370,2451.59,-2.686,-1.231,-2.798,-0.500,-0.173,0.849,0.487,0.607,-0.628,9.544,6.550,2.046,-0.092,0.248,0.598,-0.762,10.540,-5.160,-3.313,-0.382,none
30.565048,0.628,0.746,0.220,2523.30,1.567,0.336,-0.671,-0.728,-0.413,-0.547,0.732,0.672,0.110,2494.50,0.895,-0.895,0.112,-0.855,-0.509,-0.098,0.536,0.161,-0.829,2442.53,1.790,-1.119,-1.902,-0.653,-0.517,0.554,0.569,0.733,-0.373,2431.96,1.455,-1.343,-1.790,-0.499,-0.165,0.851,0.485,0.601,-0.635,9.570,6.122,1.542,-1.145,0.245,0.591,-0.768,10.563,-5.664,-3.832,-1.069,none
30.586910,0.635,0.742,0.218,2512.13,0.895,-0.560,0.560,-0.727,-0.394,-0.562,0.742,0.662,0.103,2486.48,1.455,-0.671,1.007,-0.860,-0.498,-0.110,0.531,0.162,-0.832,2481.86,2.462,0.112,-1.455,-0.655,-0.485,0.579,0.572,0.731,-0.372,2436.93,2.126,-0.448,-0.783,-0.499,-0.172,0.850,0.490,0.605,-0.628,9.560,5.435,0.458,-1.969,0.250,0.597,-0.763,10.561,-6.382,-4.214,-1.832,none
30.608539,0.624,0.748,0.227,2540.47,0.336,-0.895,2.238,-0.729,-0.451,-0.514,0.732,0.672,0.110,2507.87,1.343,-1.455,1.902,-0.855,-0.514,-0.070,0.534,0.162,-0.830,2488.01,1.119,-0.112,-1.007,-0.655,-0.490,0.575,0.572,0.731,-0.372,2436.93,1.007,0.000,-0.560,-0.496,-0.165,0.853,0.488,0.598,-0.635,9.634,5.282,-0.046,-2.290,0.249,0.591,-0.768,10.634,-6.305,-4.290,-2.260,none
31.020997,0.630,0.744,0.224,2531.18,0.895,0.448,1.679,-0.722,-0.441,-0.532,0.742,0.661,0.110,2489.25,1.567,0.112,1.231,-0.849,-0.521,-0.086,0.538,0.159,-0.828,2469.00,1.679,0.000,-0.783,-0.648,-0.498,0.576,0.571,0.730,-0.376,2440.67,1.119,-0.448,-0.224,-0.496,-0.170,0.852,0.487,0.602,-0.633,9.626,5.557,-0.504,-2.763,0.246,0.596,-0.764,10.628,-6.137,-4.763,-2.687,none
31.021140,0.629,0.743,0.231,2535.73,0.224,1.007,1.790,-0.731,-0.421,-0.537,0.738,0.666,0.109,2516.56,0.448,0.560,1.902,-0.860,-0.503,-0.081,0.535,0.165,-0.829,2502.46,1.119,0.671,-0.448,-0.656,-0.474,0.587,0.572,0.730,-0.374,2453.68,1.119,0.000,0.336,-0.497,-0.174,0.850,0.495,0.592,-0.636,9.686,5.038,-0.748,-2.198,0.254,0.588,-0.768,10.709,-6.107,-4.641,-2.153,none
31.021244,0.626,0.752,0.208,2580.11,0.000,1.231,1.567,-0.738,-0.373,-0.562,0.733,0.674,0.096,2561.11,0.671,1.231,1.007,-0.865,-0.494,-0.094,0.536,0.173,-0.826,2497.39,1.007,0.671,-0.895,-0.652,-0.502,0.568,0.573,0.735,-0.364,2467.78,0.112,0.000,0.112,-0.500,-0.166,0.850,0.492,0.590,-0.640,9.739,5.496,-0.290,-1.450,0.250,0.586,-0.771,10.740,-5.771,-4.214,-1.573,none
31.021332,0.617,0.751,0.235,2570.41,0.224,0.000,0.895,-0.735,-0.420,-0.532,0.735,0.670,0.105,2528.18,1.119,0.112,0.336,-0.867,-0.477,-0.147,0.533,0.171,-0.828,2527.56,1.231,0.336,-0.895,-0.636,-0.482,0.603,0.573,0.735,-0.364,2467.78,0.000,-0.112,-0.671,-0.497,-0.168,0.851,0.482,0.594,-0.644,9.687,5.924,0.443,-1.542,0.242,0.589,-0.771,10.683,-5.527,-4.137,-1.481,none
31.021424,0.629,0.741,0.234,2550.28,0.783,0.224,0.560,-0.713,-0.437,-0.548,0.734,0.670,0.109,2528.51,0.895,-0.560,0.336,-0.870,-0.476,-0.129,0.536,0.166,-0.828,2494.18,1.119,-0.895,-1.119,-0.661,-0.477,0.579,0.572,0.734,-0.367,2471.07,0.000,-0.895,-0.895,-0.496,-0.170,0.851,0.491,0.598,-0.634,9.660,6.198,0.198,-1.496,0.252,0.594,-0.764,10.652,-5.221,-4.229,-1.679,none
31.021507,0.623,0.747,0.233,2558.15,-0.112,0.336,0.336,-0.722,-0.433,-0.540,0.734,0.670,0.109,2514.47,0.448,-0.224,0.671,-0.858,-0.504,-0.100,0.547,0.176,-0.819,2448.04,1.119,-0.560,-0.671,-0.663,-0.455,0.594,0.573,0.732,-0.367,2446.65,0.783,-1.790,-0.783,-0.495,-0.164,0.853,0.486,0.597,-0.638,9.680,5.160,0.840,-1.420,0.245,0.591,-0.768,10.656,-6.046,-3.191,-1.634,none
31.021589,0.628,0.744,0.227,2538.64,2.238,0.671,0.671,-0.743,-0.394,-0.542,0.728,0.676,0.113,2521.73,1.902,0.000,0.895,-0.863,-0.499,-0.079,0.540,0.189,-0.820,2494.38,2.126,1.119,-1.231,-0.666,-0.485,0.567,0.572,0.738,-0.359,2471.53,0.671,-0.783,-1.455,-0.494,-0.170,0.853,0.486,0.591,-0.643,9.706,5.160,2.031,-2.504,0.243,0.585,-0.774,10.717,-6.351,-2.168,-2.473,none
31.021676,0.608,0.757,0.239,2574.87,2.462,1.343,1.455,-0.737,-0.410,-0.538,0.726,0.679,0.108,2541.45,2.798,0.671,1.455,-0.853,-0.514,-0.087,0.534,0.167,-0.829,2526.04,2.910,0.560,-2.798,-0.651,-0.455,0.608,0.573,0.735,-0.364,2467.78,1.790,-0.895,-1.790,-0.503,-0.176,0.846,0.483,0.590,-0.647,9.720,6.473,2.992,-3.588,0.242,0.585,-0.774,10.719,-5.618,-2.046,-3.328,none
31.021778,0.623,0.747,0.233,2558.15,2.238,2.686,1.007,-0.734,-0.430,-0.526,0.736,0.668,0.113,2523.67,2.798,0.895,0.783,-0.861,-0.505,-0.060,0.537,0.172,-0.826,2511.84,2.910,-0.671,-1.902,-0.649,-0.498,0.575,0.575,0.730,-0.369,2456.43,2.798,-1.119,-2.014,-0.491,-0.166,0.855,0.485,0.602,-0.635,9.648,7.099,3.359,-3.863,0.246,0.595,-0.765,10.615,-5.420,-2.260,-3.374,none
31.021877,0.627,0.744,0.231,2540.93,2.238,2.574,0.895,-0.730,-0.429,-0.531,0.738,0.665,0.114,2503.64,2.686,0.671,1.007,-0.861,-0.502,-0.086,0.539,0.162,-0.827,2484.26,2.462,-1.007,-2.014,-0.663,-0.492,0.565,0.572,0.730,-0.374,2453.68,2.574,-0.671,-1.902,-0.489,-0.163,0.857,0.490,0.597,-0.635,9.642,6.580,3.985,-3.802,0.249,0.592,-0.767,10.673,-5.786,-1.878,-3.130,none
31.021959,0.620,0.751,0.228,2570.82,2.686,3.133,0.895,-0.734,-0.433,-0.524,0.738,0.666,0.105,2528.86,3.021,1.567,0.336,-0.863,-0.500,-0.070,0.535,0.156,-0.831,2521.19,1.455,-1.231,-1.343,-0.656,-0.469,0.592,0.573,0.727,-0.378,2450.16,0.895,-0.336,-2.238,-0.492,-0.168,0.854,0.491,0.594,-0.637,9.659,7.359,3.863,-3.176,0.252,0.588,-0.769,10.692,-4.702,-1.985,-2.519,none
31.022039,0.625,0.749,0.221,2565.82,2.462,3.357,-0.783,-0.736,-0.417,-0.534,0.742,0.663,0.097,2527.62,3.021,1.567,0.000,-0.859,-0.500,-0.107,0.534,0.158,-0.830,2485.58,0.895,-2.126,-1.455,-0.650,-0.498,0.574,0.574,0.726,-0.379,2443.62,-0.448,0.112,-2.350,-0.486,-0.164,0.859,0.494,0.597,-0.633,9.678,8.000,3.634,-2.534,0.252,0.593,-0.765,10.681,-3.985,-2.244,-2.046,none
31.022120,0.625,0.748,0.224,2568.04,2.238,3.917,-1.679,-0.730,-0.393,-0.559,0.736,0.668,0.105,2521.49,2.014,2.014,-1.119,-0.860,-0.504,-0.077,0.536,0.169,-0.827,2495.85,0.560,-1.455,-1.790,-0.632,-0.485,0.605,0.566,0.733,-0.377,2459.06,-0.895,0.000,-2.574,-0.490,-0.171,0.855,0.499,0.596,-0.629,9.657,7.695,3.618,-1.954,0.260,0.592,-0.763,10.705,-4.168,-1.786,-1.634,none
31.022203,0.613,0.755,0.232,2568.94,2.462,3.917,-2.126,-0.722,-0.421,-0.549,0.735,0.671,0.097,2526.26,2.126,1.231,-1.119,-0.859,-0.504,-0.087,0.533,0.159,-0.831,2471.94,0.895,-2.014,-2.686,-0.639,-0.486,0.596,0.564,0.736,-0.374,2450.39,-0.112,-0.560,-3.245,-0.491,-0.163,0.856,0.490,0.599,-0.634,9.606,8.076,3.802,-1.527,0.246,0.592,-0.768,10.592,-3.527,-1.008,-1.527,none
31.022286,0.634,0.740,0.225,2515.60,3.805,5.371,-3.133,-0.734,-0.433,-0.524,0.741,0.664,0.103,2479.80,2.910,0.671,-1.790,-0.865,-0.496,-0.069,0.529,0.171,-0.831,2471.58,0.895,-1.455,-1.567,-0.648,-0.493,0.581,0.567,0.735,-0.372,2439.30,-0.224,-0.560,-3.245,-0.486,-0.172,0.857,0.488,0.606,-0.628,9.531,8.061,2.779,-2.504,0.242,0.601,-0.762,10.547,-3.740,-2.137,-2.504,none
31.022367,0.630,0.741,0.234,2500.78,2.910,5.260,-2.574,-0.739,-0.433,-0.516,0.742,0.661,0.112,2461.85,1.790,1.567,-1.119,-0.857,-0.506,-0.093,0.531,0.161,-0.832,2445.20,0.783,-1.119,-2.014,-0.631,-0.515,0.579,0.562,0.734,-0.380,2441.17,-0.336,-0.112,-1.455,-0.493,-0.166,0.854,0.496,0.601,-0.627,9.551,6.824,1.893,-3.344,0.256,0.596,-0.761,10.578,-4.702,-2.595,-3.374,none
31.022448,0.621,0.753,0.219,2538.05,1.007,6.379,-0.783,-0.733,-0.427,-0.530,0.735,0.670,0.103,2485.76,0.895,3.357,0.336,-0.858,-0.505,-0.097,0.522,0.166,-0.837,2490.19,0.671,-0.224,-1.567,-0.645,-0.483,0.592,0.563,0.736,-0.376,2437.39,-0.783,-0.224,-1.231,-0.484,-0.165,0.859,0.498,0.594,-0.631,9.612,6.412,1.237,-3.344,0.259,0.589,-0.765,10.619,-4.794,-2.565,-3.481,none
31.024079,0.621,0.752,0.222,2553.98,1.231,6.267,-1.119,-0.728,-0.466,-0.504,0.740,0.665,0.098,2520.21,1.231,3.133,-0.336,-0.862,-0.496,-0.106,0.524,0.162,-0.836,2480.18,0.560,-1.119,-1.343,-0.652,-0.485,0.583,0.560,0.739,-0.374,2452.14,-0.671,0.224,-0.895,-0.495,-0.177,0.851,0.495,0.597,-0.631,9.639,6.214,1.008,-3.008,0.256,0.590,-0.766,10.671,-4.565,-2.550,-3.038,none
31.024197,0.621,0.752,0.222,2553.98,1.231,6.043,-1.679,-0.724,-0.426,-0.543,0.732,0.672,0.110,2507.87,0.783,2.798,-0.448,-0.856,-0.507,-0.101,0.530,0.174,-0.830,2487.56,0.895,-0.783,-1.455,-0.642,-0.495,0.585,0.565,0.737,-0.371,2446.66,-0.560,0.224,-0.783,-0.485,-0.161,0.860,0.492,0.598,-0.633,9.640,5.710,0.809,-3.298,0.248,0.595,-0.764,10.641,-4.977,-2.794,-3.374,none
31.029410,0.625,0.746,0.230,2549.12,0.895,5.483,-0.895,-0.721,-0.381,-0.579,0.736,0.668,0.110,2509.19,0.895,3.357,-0.112,-0.851,-0.516,-0.097,0.534,0.166,-0.829,2488.82,0.336,-0.336,-1.679,-0.634,-0.484,0.603,0.568,0.735,-0.370,2451.59,-0.336,0.448,-0.336,-0.486,-0.171,0.857,0.487,0.599,-0.636,9.672,5.756,0.763,-3.435,0.246,0.595,-0.765,10.669,-5.237,-3.466,-3.298,none
31.051349,0.623,0.747,0.233,2558.15,0.448,5.036,-0.336,-0.709,-0.408,-0.575,0.745,0.658,0.109,2517.41,0.448,3.245,0.224,-0.860,-0.498,-0.110,0.533,0.170,-0.829,2490.50,0.671,-0.336,-1.343,-0.643,-0.501,0.579,0.568,0.734,-0.372,2468.33,-0.336,-0.671,0.000,-0.491,-0.174,0.854,0.493,0.594,-0.635,9.720,5.634,0.748,-2.931,0.252,0.592,-0.765,10.684,-5.679,-3.725,-2.733,none
31.073551,0.618,0.752,0.227,2578.34,0.336,4.029,0.224,-0.726,-0.424,-0.541,0.734,0.671,0.108,2542.56,0.224,2.238,0.895,-0.861,-0.491,-0.131,0.534,0.179,-0.826,2523.61,1.231,-0.112,-0.671,-0.632,-0.489,0.601,0.568,0.738,-0.364,2468.70,0.000,-1.119,-0.224,-0.495,-0.185,0.849,0.494,0.587,-0.642,9.726,5.740,1.557,-2.427,0.254,0.583,-0.772,10.762,-5.573,-3.023,-2.290,none
31.094816,0.605,0.761,0.234,2588.45,0.560,2.910,0.224,-0.721,-0.408,-0.560,0.727,0.679,0.108,2555.55,1.007,1.679,0.336,-0.852,-0.517,-0.083,0.530,0.179,-0.829,2525.74,1.343,-1.119,-1.455,-0.641,-0.485,0.595,0.566,0.741,-0.361,2459.41,0.448,-1.119,-1.567,-0.491,-0.179,0.852,0.492,0.588,-0.642,9.665,6.473,2.855,-2.061,0.253,0.581,-0.774,10.730,-4.931,-2.061,-1.863,none
31.116467,0.608,0.758,0.235,2572.50,2.686,2.910,-1.007,-0.733,-0.429,-0.527,0.730,0.674,0.112,2543.07,2.350,1.007,-0.783,-0.856,-0.514,-0.059,0.536,0.173,-0.826,2497.39,1.231,-2.014,-1.455,-0.642,-0.485,0.594,0.570,0.736,-0.365,2461.33,0.448,-1.007,-2.462,-0.481,-0.173,0.860,0.488,0.593,-0.641,9.685,6.885,3.893,-1.985,0.246,0.587,-0.771,10.684,-4.397,-1.542,-1.664,none
31.529959,0.612,0.752,0.245,2555.40,3.133,3.133,-1.455,-0.709,-0.400,-0.580,0.734,0.669,0.117,2517.47,2.238,0.783,-1.007,-0.853,-0.515,-0.082,0.533,0.170,-0.829,2490.50,1.119,-2.350,-1.902,-0.626,-0.497,0.601,0.567,0.738,-0.366,2455.65,0.671,-0.448,-2.462,-0.486,-0.172,0.857,0.487,0.597,-0.637,9.664,7.130,4.489,-2.687,0.240,0.593,-0.769,10.643,-4.427,-1.740,-2.153,none
31.531875,0.617,0.749,0.242,2537.96,2.462,3.133,-0.783,-0.721,-0.436,-0.539,0.734,0.669,0.118,2504.11,2.238,1.119,-0.671,-0.863,-0.499,-0.084,0.528,0.168,-0.833,2516.25,0.895,-1.455,-1.679,-0.634,-0.535,0.559,0.562,0.741,-0.368,2461.44,1.119,-0.671,-2.126,-0.488,-0.172,0.856,0.497,0.593,-0.633,9.681,7.695,4.305,-3.496,0.257,0.589,-0.766,10.689,-4.168,-2.473,-2.809,none
31.531970,0.616,0.755,0.224,2571.28,0.671,3.133,-0.560,-0.723,-0.429,-0.542,0.735,0.670,0.105,2528.18,1.343,2.238,-0.560,-0.854,-0.513,-0.091,0.524,0.166,-0.835,2494.89,0.671,-1.567,-1.790,-0.643,-0.458,0.614,0.554,0.740,-0.381,2462.07,1.119,-0.895,-1.902,-0.489,-0.177,0.854,0.510,0.594,-0.623,9.692,7.924,4.122,-3.099,0.268,0.592,-0.760,10.694,-3.924,-1.908,-2.656,none
31.532070,0.616,0.758,0.213,2571.76,2.126,2.462,-1.119,-0.716,-0.400,-0.573,0.734,0.674,0.084,2558.40,2.238,1.231,-0.560,-0.853,-0.515,-0.082,0.519,0.161,-0.840,2504.48,1.119,-1.231,-2.350,-0.624,-0.503,0.598,0.551,0.742,-0.381,2456.55,1.119,-0.895,-2.910,-0.480,-0.172,0.860,0.509,0.592,-0.624,9.703,7.603,3.924,-2.107,0.270,0.592,-0.759,10.710,-4.107,-1.374,-1.878,none
31.532161,0.618,0.756,0.216,2579.99,3.021,2.350,-1.231,-0.722,-0.414,-0.555,0.737,0.670,0.093,2546.00,3.245,0.783,-0.783,-0.852,-0.517,-0.083,0.519,0.157,-0.840,2502.05,1.343,-2.462,-2.686,-0.628,-0.474,0.617,0.554,0.736,-0.388,2461.25,1.119,-1.119,-3.581,-0.480,-0.164,0.862,0.507,0.598,-0.621,9.670,7.969,3.557,-1.115,0.264,0.597,-0.758,10.676,-3.649,-1.115,-1.344,none
31.532256,0.621,0.752,0.221,2566.34,3.693,1.790,-1.567,-0.706,-0.441,-0.554,0.748,0.657,0.094,2520.92,3.133,-0.112,-0.895,-0.856,-0.504,-0.114,0.518,0.150,-0.842,2488.06,1.567,-2.686,-2.014,-0.621,-0.504,0.600,0.555,0.737,-0.385,2457.77,0.783,-1.343,-3.581,-0.486,-0.173,0.857,0.503,0.600,-0.622,9.659,6.992,3.237,-0.687,0.260,0.597,-0.759,10.650,-4.580,-1.221,-0.931,none
31.532369,0.622,0.750,0.222,2546.47,3.133,1.231,-0.671,-0.705,-0.456,-0.544,0.735,0.670,0.102,2513.20,3.469,-0.336,-0.448,-0.844,-0.532,-0.069,0.523,0.166,-0.836,2482.66,2.238,-2.238,-1.679,-0.638,-0.503,0.584,0.556,0.739,-0.382,2454.68,0.671,-0.895,-3.357,-0.489,-0.176,0.854,0.499,0.594,-0.631,9.639,6.779,3.145,-0.901,0.256,0.587,-0.768,10.651,-4.824,-1.328,-1.130,none
31.532466,0.612,0.755,0.233,2555.26,3.469,1.231,-0.336,-0.732,-0.402,-0.550,0.733,0.672,0.105,2520.84,3.469,0.000,-0.448,-0.847,-0.513,-0.140,0.519,0.157,-0.840,2502.05,1.567,-2.462,-2.238,-0.636,-0.487,0.598,0.557,0.740,-0.378,2450.88,0.895,-1.231,-3.469,-0.481,-0.176,0.859,0.501,0.593,-0.630,9.606,7.328,3.084,-0.595,0.257,0.587,-0.768,10.640,-4.275,-1.557,-0.763,none
31.532567,0.619,0.751,0.230,2544.04,3.133,1.343,-1.455,-0.710,-0.427,-0.560,0.739,0.667,0.098,2512.81,3.357,-0.224,-1.343,-0.847,-0.522,-0.100,0.521,0.155,-0.839,2471.78,0.783,-3.357,-1.343,-0.625,-0.487,0.610,0.559,0.739,-0.376,2439.71,0.336,-1.455,-3.469,-0.485,-0.189,0.853,0.494,0.599,-0.630,9.601,7.435,2.840,-0.656,0.250,0.594,-0.764,10.572,-4.244,-2.000,-0.779,none
31.532924,0.617,0.750,0.237,2519.75,2.798,1.455,-1.119,-0.713,-0.458,-0.531,0.736,0.667,0.115,2482.23,2.686,-0.560,-0.671,-0.850,-0.517,-0.106,0.527,0.183,-0.830,2463.66,0.783,-2.462,-0.671,-0.617,-0.464,0.636,0.554,0.741,-0.379,2445.32,-0.336,-0.560,-2.798,-0.482,-0.180,0.857,0.498,0.595,-0.631,9.634,6.733,2.198,-1.221,0.255,0.591,-0.765,10.618,-4.901,-2.595,-1.206,none
31.533012,0.615,0.754,0.230,2545.39,1.679,1.567,-0.336,-0.722,-0.427,-0.545,0.730,0.674,0.110,2499.83,2.014,0.783,-0.336,-0.839,-0.537,-0.085,0.527,0.171,-0.833,2466.83,1.231,-1.119,-2.014,-0.629,-0.501,0.595,0.551,0.746,-0.373,2456.44,0.112,-0.336,-2.014,-0.486,-0.183,0.855,0.499,0.589,-0.635,9.668,6.763,1.908,-1.450,0.258,0.584,-0.769,10.671,-4.779,-2.809,-1.405,none
31.533093,0.607,0.761,0.229,2562.78,1.790,1.119,-0.448,-0.708,-0.466,-0.530,0.731,0.675,0.097,2538.99,1.790,0.783,-0.448,-0.855,-0.507,-0.108,0.512,0.159,-0.844,2538.16,0.224,-0.783,-2.350,-0.627,-0.491,0.605,0.557,0.743,-0.372,2466.96,0.112,-0.448,-2.126,-0.473,-0.170,0.865,0.508,0.580,-0.637,9.672,7.145,1.695,-0.473,0.266,0.580,-0.770,10.715,-4.061,-2.809,-0.565,none
31.533174,0.605,0.766,0.219,2586.50,1.567,1.007,-1.567,-0.716,-0.417,-0.559,0.729,0.677,0.097,2546.49,1.567,-0.448,-1.343,-0.858,-0.507,-0.088,0.522,0.178,-0.834,2487.65,-0.448,-3.133,-0.783,-0.626,-0.481,0.614,0.555,0.746,-0.369,2458.26,-0.560,-0.783,-2.462,-0.486,-0.185,0.854,0.501,0.590,-0.633,9.643,7.176,2.305,-0.061,0.258,0.588,-0.767,10.619,-4.168,-2.336,-0.122,none
31.533253,0.611,0.756,0.236,2527.91,2.462,0.336,-2.126,-0.710,-0.445,-0.546,0.724,0.680,0.114,2493.17,2.238,-1.343,-1.455,-0.844,-0.528,-0.095,0.521,0.192,-0.832,2456.94,0.336,-2.686,-0.336,-0.640,-0.552,0.534,0.547,0.753,-0.365,2457.43,-1.343,-1.231,-2.686,-0.484,-0.181,0.856,0.497,0.591,-0.636,9.642,6.382,2.656,-1.817,0.252,0.587,-0.770,10.622,-5.359,-2.275,-1.771,none
31.533332,0.607,0.758,0.239,2532.14,2.014,1.231,0.783,-0.723,-0.439,-0.534,0.725,0.679,0.115,2481.30,2.574,-0.224,0.224,-0.847,-0.522,-0.104,0.522,0.180,-0.834,2451.35,2.350,-0.895,-2.014,-0.640,-0.527,0.559,0.545,0.752,-0.370,2448.50,2.126,-1.119,-1.790,-0.478,-0.183,0.859,0.507,0.582,-0.636,9.602,6.107,3.115,-3.313,0.263,0.581,-0.770,10.662,-5.878,-2.168,-3.053,none
31.533410,0.605,0.764,0.227,2540.60,2.126,1.902,1.119,-0.713,-0.458,-0.531,0.723,0.683,0.101,2525.69,2.350,1.567,1.007,-0.849,-0.526,-0.057,0.528,0.175,-0.831,2423.01,4.700,0.671,-2.462,-0.617,-0.506,0.603,0.546,0.747,-0.380,2441.76,4.141,-1.007,-1.455,-0.489,-0.191,0.851,0.503,0.585,-0.636,9.628,7.191,3.206,-3.313,0.259,0.584,-0.769,10.630,-4.519,-2.015,-3.221,none
31.533497,0.612,0.756,0.232,2525.57,3.133,2.910,0.560,-0.727,-0.471,-0.499,0.738,0.669,0.091,2489.48,2.910,1.455,0.224,-0.856,-0.513,-0.063,0.503,0.161,-0.849,2560.08,5.148,2.798,-2.686,-0.639,-0.476,0.604,0.552,0.744,-0.376,2436.02,2.910,-0.224,-1.679,-0.484,-0.187,0.855,0.499,0.596,-0.630,9.600,6.443,2.763,-3.740,0.255,0.591,-0.765,10.590,-5.466,-2.626,-3.450,none
31.537366,0.615,0.752,0.236,2526.51,2.238,2.574,1.119,-0.727,-0.444,-0.523,0.737,0.668,0.103,2492.39,2.462,1.343,0.224,-0.849,-0.524,-0.064,0.517,0.143,-0.844,2471.51,1.119,-1.343,-2.910,-0.633,-0.520,0.574,0.550,0.741,-0.385,2459.64,3.469,-1.790,-1.007,-0.478,-0.180,0.860,0.499,0.594,-0.630,9.646,7.466,1.420,-3.863,0.256,0.591,-0.765,10.624,-4.672,-3.573,-3.557,none
31.537475,0.620,0.751,0.227,2541.75,1.231,3.021,0.671,-0.721,-0.418,-0.553,0.746,0.658,0.098,2500.36,1.343,2.238,1.007,-0.846,-0.528,-0.072,0.528,0.161,-0.834,2440.74,0.895,-0.783,-1.902,-0.636,-0.477,0.607,0.546,0.738,-0.396,2441.29,1.119,-2.574,-0.560,-0.472,-0.177,0.863,0.502,0.602,-0.621,9.616,7.130,0.855,-3.878,0.257,0.602,-0.756,10.591,-5.099,-4.275,-3.542,none
31.537567,0.624,0.749,0.223,2538.22,0.560,2.462,1.455,-0.723,-0.474,-0.503,0.739,0.667,0.098,2512.81,1.119,2.014,1.455,-0.842,-0.532,-0.096,0.513,0.154,-0.844,2491.01,1.119,1.567,-2.350,-0.640,-0.528,0.559,0.549,0.740,-0.390,2450.23,-1.007,-0.224,0.112,-0.478,-0.180,0.860,0.510,0.596,-0.620,9.619,6.290,0.244,-3.817,0.266,0.595,-0.759,10.613,-5.908,-4.718,-3.374,none
31.549325,0.618,0.754,0.222,2547.03,-0.224,2.014,1.679,-0.724,-0.433,-0.536,0.743,0.663,0.094,2512.61,0.336,1.567,1.679,-0.846,-0.529,-0.065,0.519,0.152,-0.841,2465.20,1.455,1.007,-1.231,-0.632,-0.489,0.601,0.549,0.740,-0.390,2450.23,4.252,-1.455,0.671,-0.480,-0.195,0.856,0.509,0.591,-0.626,9.623,5.863,0.076,-2.931,0.264,0.592,-0.762,10.668,-5.878,-4.885,-2.473,none
31.573954,0.614,0.757,0.226,2550.67,0.112,1.343,1.455,-0.734,-0.455,-0.505,0.737,0.669,0.094,2517.87,0.224,0.895,1.567,-0.840,-0.539,-0.058,0.519,0.166,-0.839,2485.82,1.119,0.560,-0.112,-0.630,-0.500,0.593,0.546,0.738,-0.396,2441.29,1.343,-1.007,0.560,-0.481,-0.180,0.858,0.503,0.591,-0.630,9.652,5.786,-0.290,-2.641,0.257,0.590,-0.765,10.628,-5.771,-5.206,-2.275,none
31.595039,0.612,0.756,0.231,2540.01,-0.112,1.343,0.895,-0.707,-0.434,-0.559,0.737,0.669,0.102,2506.44,0.336,1.007,1.007,-0.856,-0.505,-0.109,0.511,0.157,-0.845,2501.01,1.007,1.343,-0.112,-0.613,-0.485,0.623,0.550,0.738,-0.391,2442.84,-0.112,-0.671,0.671,-0.473,-0.180,0.862,0.501,0.594,-0.629,9.635,5.053,-0.641,-3.084,0.258,0.590,-0.765,10.611,-6.336,-5.481,-2.718,none
31.616820,0.615,0.755,0.226,2543.11,-1.231,1.455,1.567,-0.720,-0.434,-0.542,0.731,0.675,0.102,2511.86,-0.783,1.119,1.567,-0.852,-0.515,-0.092,0.520,0.174,-0.836,2479.84,0.783,0.671,0.336,-0.639,-0.481,0.601,0.546,0.747,-0.380,2441.76,1.679,-1.567,1.343,-0.468,-0.182,0.865,0.503,0.590,-0.632,9.615,5.679,-1.511,-3.435,0.260,0.589,-0.765,10.633,-5.679,-6.137,-3.267,none
32.038964,0.615,0.755,0.228,2530.16,-1.679,1.902,1.455,-0.718,-0.455,-0.527,0.743,0.662,0.095,2485.24,-1.119,1.343,1.902,-0.841,-0.538,-0.047,0.521,0.161,-0.838,2437.77,1.790,1.567,-0.895,-0.626,-0.458,0.631,0.545,0.748,-0.378,2449.24,-0.224,-1.567,1.679,-0.471,-0.180,0.863,0.503,0.597,-0.625,9.565,4.244,-1.511,-3.603,0.258,0.595,-0.761,10.552,-6.855,-5.649,-3.282,scissors
32.043611,0.615,0.755,0.228,2530.16,-1.119,1.567,2.462,-0.712,-0.422,-0.561,0.727,0.679,0.102,2498.01,-0.895,1.231,2.574,-0.846,-0.529,-0.061,0.519,0.166,-0.839,2485.82,1.902,2.574,-0.112,-0.624,-0.487,0.612,0.546,0.747,-0.380,2441.76,2.014,-1.567,2.014,-0.478,-0.185,0.859,0.496,0.588,-0.638,9.650,3.573,-1.511,-4.443,0.252,0.586,-0.770,10.649,-7.725,-5.664,-4.000,scissors
32.043735,0.606,0.758,0.241,2547.58,-1.119,1.231,3.357,-0.700,-0.407,-0.587,0.730,0.674,0.110,2499.83,-0.560,2.126,2.910,-0.855,-0.509,-0.103,0.528,0.176,-0.831,2460.90,2.238,2.126,-0.336,-0.633,-0.467,0.618,0.552,0.742,-0.379,2469.48,0.783,-0.224,2.126,-0.479,-0.179,0.859,0.494,0.594,-0.635,9.668,4.275,-1.053,-5.450,0.249,0.587,-0.770,10.659,-7.176,-5.298,-4.977,scissors
32.043853,0.612,0.753,0.242,2539.32,-0.671,3.469,3.581,-0.721,-0.421,-0.551,0.736,0.668,0.113,2523.67,0.000,3.245,2.910,-0.856,-0.508,-0.092,0.524,0.160,-0.836,2514.39,2.910,3.245,-2.238,-0.627,-0.496,0.601,0.552,0.739,-0.386,2452.24,2.462,-0.560,2.462,-0.470,-0.180,0.864,0.496,0.595,-0.632,9.654,4.748,-1.145,-6.458,0.252,0.595,-0.764,10.633,-7.053,-5.756,-5.679,scissors
32.043969,0.621,0.748,0.233,2553.30,-1.119,3.693,3.469,-0.722,-0.398,-0.565,0.743,0.660,0.113,2525.85,-0.224,3.357,3.133,-0.852,-0.517,-0.083,0.530,0.159,-0.833,2466.62,1.343,2.910,-1.455,-0.638,-0.487,0.597,0.557,0.731,-0.394,2450.49,2.910,-0.783,2.686,-0.474,-0.184,0.861,0.502,0.597,-0.625,9.679,4.550,-0.977,-5.878,0.260,0.596,-0.760,10.691,-6.931,-6.015,-4.794,scissors
32.044071,0.623,0.750,0.220,2573.31,-1.790,2.462,3.133,-0.721,-0.394,-0.571,0.746,0.659,0.093,2542.30,-0.448,3.917,2.686,-0.862,-0.501,-0.076,0.527,0.164,-0.834,2521.26,2.238,3.469,-0.895,-0.631,-0.510,0.585,0.561,0.728,-0.395,2448.23,2.014,-0.224,2.462,-0.473,-0.187,0.861,0.496,0.600,-0.628,9.668,4.565,-0.962,-4.733,0.250,0.597,-0.762,10.680,-6.931,-6.489,-3.649,scissors
32.044166,0.625,0.746,0.230,2549.12,-1.455,1.567,2.350,-0.708,-0.426,-0.562,0.748,0.656,0.101,2523.62,-0.895,2.014,2.014,-0.859,-0.504,-0.087,0.524,0.137,-0.840,2513.17,1.790,3.469,-1.343,-0.626,-0.458,0.631,0.557,0.731,-0.394,2450.49,0.560,0.112,2.462,-0.474,-0.187,0.861,0.496,0.596,-0.631,9.695,4.779,-1.588,-3.786,0.251,0.594,-0.764,10.701,-6.458,-6.931,-2.595,scissors
32.044249,0.621,0.748,0.232,2565.63,-2.126,1.231,1.902,-0.724,-0.462,-0.511,0.748,0.656,0.101,2523.62,-1.679,1.902,2.126,-0.858,-0.505,-0.096,0.524,0.149,-0.839,2517.45,0.000,2.350,0.448,-0.627,-0.491,0.605,0.557,0.732,-0.392,2462.82,0.000,-0.112,2.574,-0.473,-0.180,0.862,0.500,0.590,-0.634,9.766,5.008,-1.786,-2.840,0.254,0.590,-0.766,10.783,-6.168,-6.947,-1.878,scissors
32.044333,0.614,0.755,0.230,2595.70,-1.902,1.231,1.790,-0.719,-0.426,-0.550,0.736,0.669,0.100,2561.98,-1.343,1.455,0.895,-0.855,-0.514,-0.074,0.524,0.160,-0.836,2514.39,-0.560,1.455,0.783,-0.644,-0.495,0.583,0.551,0.736,-0.394,2477.18,-0.448,-0.448,2.014,-0.474,-0.184,0.861,0.498,0.592,-0.634,9.678,5.802,-1.420,-2.031,0.253,0.589,-0.768,10.740,-5.649,-6.794,-1.389,scissors
32.045060,0.611,0.753,0.243,2576.57,-1.567,0.448,0.336,-0.710,-0.424,-0.562,0.740,0.665,0.104,2550.30,-1.007,0.560,1.231,-0.860,-0.501,-0.093,0.520,0.167,-0.838,2533.56,-0.448,1.455,0.895,-0.631,-0.479,0.610,0.554,0.736,-0.388,2461.25,-1.007,-1.343,1.455,-0.475,-0.189,0.860,0.497,0.591,-0.636,9.661,5.603,-0.947,-1.511,0.253,0.588,-0.768,10.687,-5.634,-6.489,-0.733,scissors
32.045176,0.606,0.760,0.236,2567.19,-1.790,0.000,0.671,-0.722,-0.446,-0.528,0.724,0.680,0.112,2535.30,-1.790,0.448,1.007,-0.859,-0.502,-0.100,0.531,0.182,-0.828,2482.83,0.224,0.671,0.783,-0.626,-0.481,0.614,0.551,0.742,-0.381,2456.55,-0.112,-1.119,1.119,-0.471,-0.175,0.864,0.497,0.590,-0.636,9.632,5.160,-0.214,-1.710,0.254,0.586,-0.769,10.686,-6.015,-5.298,-0.947,scissors
32.045270,0.606,0.760,0.236,2567.19,-0.224,0.000,0.560,-0.726,-0.437,-0.531,0.726,0.679,0.109,2527.40,0.000,0.112,0.560,-0.860,-0.502,-0.090,0.524,0.168,-0.835,2516.83,1.231,1.567,-0.560,-0.634,-0.483,0.604,0.551,0.742,-0.381,2456.55,0.560,-0.336,0.448,-0.474,-0.183,0.862,0.492,0.590,-0.640,9.674,5.618,0.336,-2.519,0.246,0.588,-0.771,10.669,-5.695,-4.611,-1.786,scissors
32.045366,0.606,0.756,0.247,2566.10,0.895,1.231,0.448,-0.729,-0.409,-0.548,0.736,0.668,0.114,2509.57,0.560,0.448,0.112,-0.865,-0.494,-0.091,0.522,0.157,-0.839,2506.73,0.560,0.336,-0.895,-0.618,-0.494,0.612,0.555,0.737,-0.385,2457.77,0.671,-0.112,0.112,-0.474,-0.171,0.864,0.490,0.597,-0.635,9.697,6.244,0.504,-3.160,0.246,0.596,-0.764,10.667,-5.313,-5.038,-2.290,scissors
32.045448,0.621,0.745,0.243,2535.93,0.336,1.567,0.336,-0.723,-0.429,-0.541,0.746,0.658,0.105,2517.08,-0.224,1.567,0.560,-0.854,-0.516,-0.060,0.529,0.158,-0.834,2489.42,0.671,0.671,-0.560,-0.636,-0.487,0.598,0.554,0.736,-0.388,2461.25,-0.224,0.000,0.560,-0.478,-0.184,0.859,0.499,0.602,-0.624,9.652,5.588,0.611,-3.176,0.253,0.600,-0.759,10.685,-5.985,-4.931,-2.153,scissors
32.045541,0.622,0.749,0.227,2577.78,-0.336,0.783,1.119,-0.720,-0.441,-0.536,0.742,0.663,0.101,2542.74,-0.448,1.231,1.119,-0.866,-0.487,-0.115,0.526,0.157,-0.836,2505.28,0.560,1.343,-0.560,-0.631,-0.479,0.611,0.554,0.751,-0.359,2476.54,-14.100,4.029,-0.112,-0.477,-0.180,0.860,0.495,0.593,-0.635,9.678,5.664,0.458,-2.565,0.246,0.592,-0.767,10.698,-5.908,-5.328,-1.542,scissors
32.045626,0.624,0.744,0.241,2555.95,0.112,0.224,1.007,-0.701,-0.449,-0.554,0.749,0.653,0.109,2519.07,-0.560,0.560,0.783,-0.855,-0.511,-0.089,0.544,0.162,-0.824,2424.78,2.574,0.671,-0.560,-0.628,-0.474,0.617,0.558,0.728,-0.398,2477.03,-15.219,-2.238,-0.224,-0.477,-0.190,0.858,0.493,0.598,-0.632,9.700,6.443,0.137,-1.435,0.246,0.597,-0.764,10.677,-4.870,-5.405,-0.565,scissors
32.045708,0.623,0.747,0.233,2558.15,0.448,0.448,-0.671,-0.725,-0.421,-0.545,0.740,0.665,0.105,2522.13,-1.119,0.560,0.336,-0.861,-0.504,-0.064,0.520,0.154,-0.840,2551.56,6.267,3.469,-0.112,-0.648,-0.493,0.581,0.553,0.745,-0.373,2484.08,-2.238,-0.448,0.224,-0.486,-0.196,0.852,0.490,0.604,-0.629,9.624,5.527,0.244,-2.168,0.244,0.602,-0.761,10.588,-6.168,-5.527,-1.313,scissors
32.048285,0.620,0.745,0.246,2539.12,-1.007,-0.112,1.343,-0.716,-0.409,-0.565,0.737,0.665,0.118,2504.79,-0.224,0.112,1.007,-0.867,-0.492,-0.075,0.525,0.158,-0.836,2491.66,1.455,0.112,-0.448,-0.637,-0.487,0.598,0.556,0.739,-0.382,2454.68,7.050,0.112,1.007,-0.479,-0.194,0.856,0.483,0.596,-0.642,9.672,6.382,0.748,-3.344,0.238,0.590,-0.771,10.654,-5.725,-6.244,-2.153,scissors
32.048409,0.617,0.745,0.254,2537.19,-0.783,1.455,1.119,-0.714,-0.392,-0.580,0.745,0.657,0.118,2491.64,-0.448,0.783,0.895,-0.862,-0.500,-0.081,0.534,0.156,-0.831,2448.41,-1.007,0.000,-0.448,-0.645,-0.472,0.600,0.554,0.733,-0.395,2444.94,3.021,-1.119,1.231,-0.475,-0.181,0.861,0.484,0.607,-0.630,9.608,7.878,-1.664,-3.649,0.239,0.605,-0.759,10.593,-4.794,-7.542,-2.733,scissors
32.048504,0.634,0.736,0.238,2544.68,-2.126,2.350,1.790,-0.729,-0.445,-0.520,0.759,0.642,0.107,2486.24,-2.350,0.895,2.238,-0.856,-0.507,-0.101,0.543,0.163,-0.824,2410.29,0.671,1.455,-0.895,-0.625,-0.502,0.597,0.563,0.724,-0.398,2474.65,-4.364,-1.343,2.350,-0.473,-0.184,0.862,0.507,0.598,-0.621,10.018,8.504,-3.053,-1.786,0.267,0.614,-0.743,11.081,-3.405,-8.870,-1.573,scissors
32.049855,0.670,0.719,0.186,2673.19,-5.595,-1.343,-1.231,-0.701,-0.387,-0.599,0.817,0.573,0.056,2631.69,-5.483,0.895,2.238,-0.855,-0.513,-0.077,0.536,0.176,-0.826,2405.95,6.826,4.588,-3.469,-0.626,-0.481,0.614,0.576,0.712,-0.400,2586.69,-1.790,-7.945,3.917,-0.476,-0.183,0.860,0.554,0.515,-0.654,11.171,18.733,-9.145,9.863,0.292,0.567,-0.770,12.639,8.824,-13.328,4.626,scissors
32.073240,0.778,0.628,-0.021,3448.93,-18.912,-25.067,-7.386,-0.716,-0.409,-0.565,0.862,0.507,0.000,3167.00,-17.681,-10.631,-4.029,-0.859,-0.504,-0.095,0.594,0.265,-0.759,2333.10,43.531,10.855,-15.667,-0.637,-0.466,0.614,0.565,0.655,-0.502,2901.67,8.617,-28.984,3.805,-0.472,-0.177,0.864,0.546,0.341,-0.765,15.823,143.969,-62.382,75.878,0.252,0.420,-0.872,20.124,216.275,1.023,-36.565,scissors
32.096447,0.624,0.769,0.140,4459.76,-44.427,-60.205,-44.427,-0.702,-0.404,-0.586,0.878,0.419,-0.231,4369.12,-41.853,-29.207,-26.298,-0.861,-0.495,-0.114,0.479,0.110,-0.871,3136.67,108.996,-1.790,-54.946,-0.644,-0.446,0.621,0.573,0.635,-0.518,3097.82,21.262,-89.301,-6.714,-0.464,-0.164,0.871,0.610,0.579,-0.541,16.614,326.305,-104.977,130.626,0.393,0.582,-0.712,18.019,403.405,-11.130,-22.290,scissors
32.117093,0.644,0.761,0.077,4929.99,-93.106,88.518,-257.160,-0.706,-0.446,-0.550,0.826,0.560,-0.058,4740.50,-23.500,-52.372,-83.482,-0.863,-0.499,-0.079,0.458,-0.087,-0.885,3731.63,159.802,-55.617,-78.894,-0.651,-0.418,0.633,0.540,0.669,-0.511,3234.78,28.200,-131.601,-23.053,-0.457,-0.138,0.878,0.543,0.515,-0.663,17.276,477.084,-66.458,106.519,0.243,0.586,-0.773,18.489,440.061,50.840,-40.504,scissors
32.139102,0.629,0.762,0.155,5044.61,-121.754,50.022,-245.074,-0.588,-0.475,-0.655,0.802,0.584,-0.126,4763.72,27.193,-34.803,-148.499,-0.831,-0.549,-0.092,0.431,-0.251,-0.867,3468.64,174.237,-144.918,-79.341,-0.643,-0.362,0.675,0.521,0.679,-0.517,3331.17,56.289,-173.566,-49.350,-0.474,-0.111,0.873,0.428,0.408,-0.807,17.881,500.260,71.588,79.557,0.115,0.160,-0.980,20.556,474.366,150.656,-77.832,scissors
32.548971,0.533,0.763,0.366,4687.74,-72.515,121.082,-255.033,-0.507,-0.477,-0.718,0.639,0.749,0.177,4608.66,88.182,-23.165,-148.723,-0.811,-0.578,-0.085,0.386,-0.697,-0.605,2731.18,180.616,-126.901,-35.922,-0.571,-0.275,0.773,0.463,0.714,-0.525,3240.34,90.756,-225.938,-74.641,-0.450,-0.074,0.890,0.411,-0.224,-0.884,13.694,500.260,196.840,0.000,0.272,0.203,-0.941,14.642,465.588,260.626,-109.298,scissors
32.550242,-0.102,0.843,0.527,5220.21,-101.387,173.566,-253.579,-0.381,-0.467,-0.798,0.439,0.885,0.152,5027.71,94.449,-22.381,-172.671,-0.774,-0.631,-0.055,0.444,-0.615,-0.651,3186.26,222.916,22.381,138.539,-0.546,-0.168,0.820,0.462,0.663,-0.589,2970.55,140.554,-271.595,-107.318,-0.441,-0.023,0.897,0.195,-0.643,-0.741,19.240,500.260,249.069,-99.252,0.262,-0.235,-0.936,13.647,437.282,301.206,-188.122,scissors
32.550354,0.043,0.810,0.585,5347.91,176.252,290.284,-251.117,-0.280,-0.496,-0.822,0.505,0.854,0.122,4508.85,200.200,-69.717,-193.709,-0.734,-0.679,0.014,0.461,-0.595,-0.658,3792.43,217.545,65.241,207.921,-0.615,-0.081,0.785,0.433,0.612,-0.662,2449.18,92.658,-259.957,-151.856,-0.425,0.018,0.905,0.706,0.185,-0.683,5.728,500.260,334.611,-59.328,0.449,-0.686,-0.573,12.816,333.618,363.114,-136.824,scissors
32.550468,-0.412,0.681,0.606,2488.43,318.036,308.860,-207.585,-0.150,-0.545,-0.825,0.158,0.942,0.297,2248.25,261.076,-131.377,-134.735,-0.726,-0.688,-0.006,0.593,-0.373,-0.714,3945.66,176.140,170.544,386.411,-0.626,0.180,0.759,0.251,0.860,-0.444,2310.41,-10.072,-184.309,-196.395,-0.440,0.044,0.897,0.097,0.098,0.990,1.704,273.191,213.985,-199.450,-0.416,0.547,0.727,3.645,112.550,268.672,-214.840,scissors
32.550580,0.334,-0.105,-0.937,1603.26,464.745,68.598,9.960,-0.052,-0.800,-0.597,-0.015,0.803,0.595,461.86,335.158,-166.292,-43.308,-0.632,-0.735,0.246,0.593,0.220,-0.774,4767.70,0.560,253.914,442.699,-0.666,0.435,0.607,-0.224,0.948,-0.227,1923.55,-25.067,-173.118,-191.583,-0.446,0.039,0.894,0.838,-0.486,0.249,7.320,56.107,147.954,-217.802,0.927,-0.205,-0.314,7.763,-34.336,249.634,-165.954,scissors
32.550680,0.524,0.267,-0.809,3192.42,417.185,-247.312,149.954,-0.143,-0.922,-0.359,0.361,0.448,-0.818,2073.84,303.265,-271.931,93.218,-0.606,-0.728,0.320,0.538,0.467,-0.702,2942.45,-56.065,27.641,231.421,-0.685,0.447,0.576,-0.466,0.823,-0.325,1344.37,-9.624,-72.515,-168.978,-0.449,0.039,0.892,0.677,-0.727,0.110,6.679,85.618,235.038,-167.053,0.707,-0.597,-0.379,6.929,32.626,280.702,-160.397,scissors
32.550827,0.658,0.343,-0.670,2140.20,406.666,-534.910,201.878,-0.202,-0.964,-0.175,0.350,0.657,-0.668,2670.84,316.805,-429.606,173.342,-0.579,-0.667,0.468,0.590,0.314,-0.744,1469.62,-45.546,5.260,113.808,-0.616,0.475,0.629,-0.430,0.763,-0.483,1412.34,-66.248,6.379,-172.783,-0.449,0.025,0.893,0.666,-0.693,-0.276,6.841,138.641,138.076,-123.527,0.646,-0.492,-0.584,5.851,97.450,190.641,-116.947,scissors
32.550947,0.900,0.342,-0.269,1943.50,323.632,-781.774,217.433,-0.231,-0.967,0.106,0.546,0.808,-0.222,1189.84,360.449,-454.785,112.242,-0.515,-0.626,0.586,0.593,0.262,-0.762,1049.24,-57.743,29.543,49.574,-0.600,0.463,0.652,-0.316,0.790,-0.525,1673.64,-96.463,45.658,-153.535,-0.448,0.001,0.894,0.901,-0.427,0.073,5.369,161.588,61.344,-99.542,0.790,-0.140,-0.597,5.234,147.389,109.099,-104.366,scissors
32.551487,0.399,0.719,0.569,2372.56,290.396,-731.640,277.638,-0.249,-0.927,0.281,0.528,0.838,-0.136,1509.13,127.349,-591.758,175.245,-0.459,-0.562,0.689,0.036,-0.638,-0.769,1459.69,-7.050,36.929,-45.098,-0.583,0.481,0.654,-0.266,0.744,-0.613,1911.00,-95.791,89.077,-94.337,-0.453,-0.024,0.891,0.980,-0.113,-0.162,7.380,122.809,65.038,-32.351,0.882,0.081,-0.464,8.135,140.168,93.802,-44.092,scissors
32.551581,0.303,0.589,0.749,1829.64,221.238,-621.077,258.838,-0.269,-0.866,0.421,0.028,0.990,-0.137,1492.74,117.165,-573.182,142.008,-0.354,-0.494,0.794,0.354,-0.518,-0.779,1645.22,-30.662,43.308,-73.410,-0.550,0.459,0.697,-0.202,0.767,-0.609,2518.74,-61.772,92.322,-49.686,-0.452,-0.064,0.890,0.945,-0.083,-0.317,9.636,93.160,22.031,-31.237,0.857,0.079,-0.509,10.149,115.618,74.702,-22.244,scissors
32.551697,0.054,0.998,-0.041,2466.66,33.684,-394.916,208.928,-0.253,-0.810,0.528,-0.476,-0.853,0.215,507.87,67.591,-474.145,142.120,-0.241,-0.463,0.853,0.376,-0.591,-0.714,2437.85,-18.241,33.348,-89.077,-0.622,0.404,0.671,-0.168,0.718,-0.676,2387.71,-33.684,75.201,-17.457,-0.456,-0.072,0.887,0.983,-0.164,-0.084,10.686,88.519,29.115,-0.916,0.911,0.009,-0.412,11.847,93.664,76.962,11.038,scissors
32.551801,-0.140,0.977,-0.159,1925.76,-8.729,-254.138,149.282,-0.276,-0.796,0.539,-0.179,0.755,-0.631,1958.36,-17.457,-370.296,149.954,-0.134,-0.410,0.902,0.411,-0.539,-0.735,2727.60,-66.808,34.467,-87.846,-0.597,0.378,0.708,-0.191,0.727,-0.659,2611.87,-42.077,50.358,-8.952,-0.462,-0.089,0.882,0.976,-0.216,-0.011,10.420,76.733,19.847,12.687,0.938,-0.064,-0.341,11.813,83.466,89.969,29.328,scissors
32.551890,-0.163,0.985,-0.052,3223.37,-30.438,-119.180,86.615,-0.281,-0.761,0.585,-0.210,0.435,-0.876,2227.21,-33.684,-230.078,106.199,-0.072,-0.431,0.899,0.468,-0.417,-0.779,2562.93,-104.632,30.662,-86.167,-0.634,0.315,0.706,-0.117,0.794,-0.597,2589.71,-65.129,46.217,-13.093,-0.465,-0.106,0.879,0.956,-0.238,-0.174,11.018,70.947,14.824,15.374,0.909,-0.080,-0.409,11.028,67.969,75.160,28.794,scissors
32.551976,0.063,0.814,-0.578,2721.58,-14.660,-65.913,50.470,-0.267,-0.787,0.556,-0.356,0.819,-0.449,2882.40,-76.096,-175.021,75.984,-0.069,-0.418,0.906,0.502,-0.371,-0.781,2352.32,-95.791,31.110,-76.432,-0.641,0.263,0.721,-0.057,0.836,-0.546,2719.29,-74.753,34.691,-18.129,-0.467,-0.119,0.876,0.963,-0.202,-0.179,10.192,58.229,10.809,17.084,0.907,-0.069,-0.416,10.665,44.916,37.847,25.221,scissors
32.552060,0.050,0.866,-0.498,2842.39,-7.386,-36.705,44.874,-0.264,-0.759,0.595,-0.421,0.741,-0.523,2417.28,-32.676,-85.384,38.943,-0.021,-0.406,0.913,0.573,-0.424,-0.701,2007.57,-52.260,33.572,-56.512,-0.664,0.190,0.723,-0.039,0.861,-0.506,2740.86,-49.015,27.193,-6.826,-0.470,-0.134,0.873,0.972,-0.199,-0.125,9.661,42.565,-6.489,5.389,0.924,-0.076,-0.374,10.203,21.130,2.748,16.611,scissors
32.552144,0.098,0.809,-0.579,2967.13,32.788,-11.862,33.124,-0.296,-0.745,0.598,-0.228,0.646,-0.728,2745.49,-0.671,-26.522,8.729,-0.013,-0.416,0.909,0.549,-0.351,-0.758,2346.75,-20.703,51.812,-24.619,-0.703,0.161,0.693,-0.021,0.874,-0.485,2699.34,-6.491,20.479,4.476,-0.469,-0.144,0.872,0.961,-0.258,-0.104,10.164,19.496,-18.794,-5.313,0.923,-0.144,-0.357,10.850,-1.237,-22.840,12.824,scissors
32.556053,0.076,0.844,-0.530,2261.70,48.679,-4.364,29.096,-0.289,-0.757,0.587,-0.199,0.558,-0.806,2738.49,15.891,-1.231,-2.126,0.003,-0.414,0.910,0.600,-0.357,-0.716,2524.45,-2.350,50.581,9.288,-0.705,0.154,0.693,-0.055,0.836,-0.546,2485.33,20.479,10.407,12.310,-0.470,-0.141,0.871,0.952,-0.301,-0.056,10.370,16.672,-16.412,-4.321,0.936,-0.179,-0.302,11.089,-4.824,-23.527,10.458,scissors
32.556164,0.077,0.788,-0.610,2623.10,26.074,5.819,35.027,-0.283,-0.736,0.615,-0.306,0.494,-0.814,2359.81,22.493,-7.610,-6.602,0.018,-0.409,0.912,0.625,-0.228,-0.747,2751.44,-0.336,43.084,6.602,-0.705,0.154,0.693,-0.077,0.824,-0.562,2401.43,17.569,6.043,12.981,-0.471,-0.140,0.871,0.956,-0.294,-0.012,10.410,20.046,-9.405,-0.275,0.947,-0.171,-0.272,11.111,4.290,-13.466,8.733,scissors
32.556254,0.017,0.867,-0.498,2644.69,-1.007,-3.693,29.991,-0.312,-0.722,0.617,-0.339,0.497,-0.799,2306.04,7.162,-6.602,-6.155,0.006,-0.422,0.907,0.615,-0.298,-0.730,2559.53,-9.736,28.872,-10.295,-0.743,0.151,0.652,-0.081,0.822,-0.563,2429.37,1.679,6.491,4.141,-0.469,-0.135,0.873,0.962,-0.258,-0.085,9.981,20.061,-5.878,-0.351,0.932,-0.138,-0.335,10.668,7.725,-8.748,7.695,scissors
32.569967,0.040,0.835,-0.548,2581.80,-11.974,1.567,16.003,-0.308,-0.741,0.597,-0.321,0.486,-0.813,2339.57,-3.693,0.560,4.700,-0.006,-0.405,0.914,0.595,-0.324,-0.735,2445.13,-18.241,33.572,-13.205,-0.731,0.167,0.662,-0.063,0.820,-0.568,2460.71,0.112,6.155,5.819,-0.465,-0.131,0.875,0.971,-0.216,-0.102,9.981,3.939,-4.962,1.160,0.933,-0.090,-0.349,10.738,-4.763,-6.489,15.237,scissors
32.594904,0.095,0.745,-0.661,2750.26,-9.064,-4.252,11.191,-0.302,-0.743,0.597,-0.279,0.549,-0.788,2587.55,-3.021,-0.112,10.855,0.000,-0.417,0.909,0.595,-0.349,-0.724,2526.17,-18.241,26.745,-5.036,-0.741,0.144,0.656,-0.059,0.818,-0.573,2492.26,3.245,4.252,10.519,-0.477,-0.133,0.869,0.960,-0.269,-0.077,10.296,1.237,-3.802,3.954,0.931,-0.165,-0.324,11.010,-9.618,-3.420,11.939,scissors
32.616360,0.043,0.857,-0.513,2663.76,-5.260,-8.393,9.176,-0.326,-0.742,0.586,-0.291,0.587,-0.756,2621.15,-1.343,-4.364,6.267,-0.014,-0.413,0.911,0.667,-0.193,-0.720,2580.61,-16.003,20.031,-0.671,-0.764,0.140,0.629,-0.106,0.825,-0.556,2410.41,1.679,-0.560,9.400,-0.475,-0.132,0.870,0.946,-0.323,-0.033,10.311,9.969,1.298,6.489,0.934,-0.223,-0.278,10.933,-1.191,0.992,9.847,scissors
32.637910,0.007,0.902,-0.432,2412.67,1.455,3.357,5.260,-0.328,-0.728,0.603,-0.393,0.646,-0.655,2365.85,-3.021,-0.448,-2.350,-0.011,-0.422,0.907,0.679,-0.159,-0.717,2578.09,-10.183,14.660,-10.855,-0.764,0.155,0.626,-0.094,0.846,-0.525,2491.62,-6.379,3.581,2.462,-0.481,-0.136,0.866,0.951,-0.308,-0.041,10.175,14.458,0.305,4.672,0.936,-0.207,-0.285,10.818,3.450,0.076,6.168,scissors
33.059485,0.067,0.846,-0.529,2584.28,-4.141,9.288,4.252,-0.320,-0.712,0.625,-0.290,0.597,-0.748,2529.39,-6.155,5.148,-3.469,-0.016,-0.414,0.910,0.649,-0.248,-0.719,2528.72,-7.274,9.400,-15.107,-0.748,0.102,0.655,-0.067,0.853,-0.517,2493.15,-5.707,6.602,-0.560,-0.476,-0.132,0.869,0.955,-0.291,-0.067,9.968,14.290,-0.168,2.214,0.931,-0.191,-0.311,10.601,3.191,-1.954,3.939,scissors
33.059634,0.075,0.839,-0.540,2676.09,-3.133,6.602,3.133,-0.339,-0.738,0.584,-0.300,0.606,-0.736,2569.63,-5.483,4.364,-0.560,-0.020,-0.425,0.905,0.649,-0.254,-0.717,2469.65,-4.588,9.736,-9.736,-0.764,0.112,0.636,-0.070,0.843,-0.533,2511.09,0.336,4.924,0.336,-0.478,-0.136,0.868,0.958,-0.282,-0.059,9.962,14.183,-4.656,-2.718,0.934,-0.182,-0.306,10.563,1.695,-5.863,0.015,scissors
33.059738,0.043,0.862,-0.504,2669.07,-0.448,3.581,0.448,-0.341,-0.711,0.615,-0.332,0.607,-0.722,2501.19,0.112,8.057,-3.133,-0.020,-0.411,0.911,0.634,-0.228,-0.739,2449.24,-3.245,9.512,-5.707,-0.781,0.062,0.622,-0.095,0.832,-0.546,2470.26,5.819,4.029,-0.336,-0.472,-0.128,0.872,0.957,-0.286,-0.044,9.893,12.092,-9.359,-2.534,0.940,-0.179,-0.291,10.461,1.374,-11.130,-1.160,scissors
33.059880,0.031,0.847,-0.531,2407.02,6.602,4.141,-2.574,-0.328,-0.728,0.603,-0.340,0.609,-0.717,2446.98,4.364,10.967,-6.491,-0.014,-0.415,0.910,0.644,-0.227,-0.730,2411.71,5.036,4.588,-4.364,-0.777,0.112,0.619,-0.085,0.839,-0.538,2417.60,4.812,10.519,0.671,-0.479,-0.133,0.868,0.961,-0.272,-0.057,9.854,9.237,-10.229,0.076,0.936,-0.164,-0.312,10.530,-0.076,-11.908,0.931,scissors
33.060008,0.102,0.776,-0.622,2637.58,7.050,6.938,2.350,-0.326,-0.711,0.623,-0.262,0.506,-0.821,2456.54,5.148,10.183,-1.231,-0.015,-0.434,0.901,0.642,-0.263,-0.720,2419.04,7.498,3.693,-5.595,-0.783,0.118,0.611,-0.057,0.829,-0.556,2409.09,4.364,10.631,2.798,-0.477,-0.133,0.869,0.964,-0.256,-0.067,10.101,3.695,-6.977,-0.305,0.935,-0.155,-0.318,10.839,-5.328,-9.756,-1.023,scissors
33.060106,0.072,0.807,-0.587,2527.83,10.183,-3.133,5.483,-0.316,-0.727,0.610,-0.242,0.493,-0.836,2544.58,5.707,4.924,4.700,-0.007,-0.410,0.912,0.642,-0.297,-0.707,2542.59,12.645,1.790,0.112,-0.760,0.131,0.637,-0.060,0.822,-0.566,2453.67,6.155,4.364,3.133,-0.474,-0.130,0.871,0.957,-0.281,-0.077,10.191,1.664,-4.687,-0.061,0.930,-0.176,-0.322,10.899,-6.260,-4.061,-1.191,scissors
33.060205,0.067,0.835,-0.546,2556.97,5.595,-0.895,3.917,-0.325,-0.720,0.613,-0.271,0.479,-0.835,2415.86,2.910,1.231,7.050,-0.029,-0.440,0.897,0.654,-0.245,-0.716,2555.51,5.483,0.336,1.679,-0.781,0.107,0.615,-0.072,0.821,-0.566,2434.31,2.686,1.007,1.119,-0.477,-0.132,0.869,0.957,-0.284,-0.062,10.259,2.321,2.443,3.115,0.935,-0.177,-0.308,10.986,-5.008,0.901,0.595,scissors
33.060329,0.080,0.798,-0.598,2531.07,4.700,-5.371,2.574,-0.326,-0.714,0.620,-0.282,0.535,-0.796,2488.53,-6.379,-5.148,13.876,-0.021,-0.403,0.915,0.652,-0.245,-0.718,2562.67,0.224,-4.588,-2.686,-0.778,0.094,0.621,-0.052,0.816,-0.575,2448.39,-1.679,1.902,1.007,-0.477,-0.129,0.870,0.955,-0.281,-0.097,9.946,0.122,2.565,3.099,0.926,-0.188,-0.328,10.612,-4.641,3.511,1.160,scissors
33.060437,0.067,0.824,-0.563,2582.21,-2.238,-9.288,7.610,-0.327,-0.701,0.634,-0.293,0.577,-0.762,2531.22,-5.707,-3.133,14.548,-0.001,-0.424,0.906,0.658,-0.258,-0.708,2391.92,-1.119,-6.155,-2.350,-0.748,0.107,0.655,-0.062,0.824,-0.564,2497.61,-1.790,0.224,2.574,-0.478,-0.134,0.868,0.950,-0.302,-0.084,10.057,-0.015,-0.229,2.809,0.929,-0.190,-0.319,10.663,-6.641,-0.519,2.519,scissors
33.060531,0.061,0.846,-0.529,2524.89,-1.119,-4.029,6.379,-0.350,-0.727,0.591,-0.300,0.602,-0.740,2475.39,-1.679,2.126,12.645,-0.007,-0.413,0.911,0.649,-0.263,-0.714,2453.77,0.783,-0.112,0.000,-0.761,0.083,0.644,-0.069,0.833,-0.549,2422.01,-0.671,0.560,4.700,-0.482,-0.134,0.866,0.953,-0.297,-0.059,9.945,1.817,0.916,4.550,0.936,-0.189,-0.297,10.586,-6.626,-1.969,4.229,scissors
33.060615,0.068,0.829,-0.554,2516.18,-0.224,-2.014,5.260,-0.334,-0.701,0.630,-0.268,0.592,-0.760,2516.14,-1.231,6.043,9.064,-0.022,-0.413,0.911,0.656,-0.226,-0.720,2471.97,-2.350,0.560,-1.902,-0.745,0.101,0.660,-0.060,0.841,-0.538,2435.03,-1.790,2.686,5.148,-0.476,-0.129,0.870,0.955,-0.294,-0.042,9.931,-1.450,0.366,4.473,0.941,-0.189,-0.282,10.648,-5.740,0.000,2.870,scissors
33.060700,0.086,0.812,-0.577,2569.77,0.336,-0.560,8.841,-0.324,-0.728,0.604,-0.239,0.567,-0.788,2573.44,-1.007,-0.448,11.750,-0.014,-0.415,0.910,0.651,-0.237,-0.721,2522.17,-2.014,-4.029,-2.686,-0.775,0.086,0.627,-0.056,0.840,-0.539,2446.56,0.000,2.686,5.371,-0.474,-0.128,0.871,0.955,-0.281,-0.092,10.054,-6.840,-2.702,1.954,0.930,-0.182,-0.320,10.732,-5.069,5.603,-4.412,scissors
33.060794,0.064,0.844,-0.533,2673.06,1.567,-6.826,11.974,-0.323,-0.711,0.625,-0.300,0.614,-0.730,2538.03,0.448,-7.722,14.883,-0.032,-0.424,0.905,0.641,-0.295,-0.709,2455.11,2.350,-2.574,0.224,-0.807,0.081,0.586,-0.062,0.828,-0.557,2508.52,2.798,1.343,5.036,-0.474,-0.126,0.872,0.945,-0.315,-0.082,10.271,0.962,-2.382,-0.672,0.930,-0.207,-0.303,10.920,-7.221,-3.634,-3.282,scissors
33.060876,0.042,0.881,-0.471,2692.06,2.686,-4.700,7.610,-0.351,-0.714,0.606,-0.273,0.593,-0.757,2575.93,2.462,0.112,10.967,-0.039,-0.411,0.911,0.659,-0.224,-0.718,2534.49,4.588,1.567,4.029,-0.778,0.108,0.619,-0.076,0.831,-0.550,2451.09,3.917,0.336,1.790,-0.478,-0.132,0.868,0.947,-0.314,-0.066,10.095,7.573,-0.870,-1.313,0.935,-0.207,-0.289,10.724,-2.931,-3.817,-2.275,scissors
33.060975,0.057,0.862,-0.504,2513.93,1.455,3.693,-2.910,-0.331,-0.724,0.605,-0.291,0.615,-0.733,2485.40,-1.790,8.169,1.119,-0.056,-0.425,0.903,0.662,-0.223,-0.715,2420.02,1.790,0.000,-1.790,-0.774,0.110,0.623,-0.063,0.839,-0.541,2475.28,0.000,3.357,-1.119,-0.475,-0.122,0.871,0.952,-0.294,-0.087,9.846,8.168,-5.038,-2.611,0.932,-0.185,-0.311,10.485,-2.656,-8.076,-2.763,scissors
33.061067,0.102,0.802,-0.589,2553.71,6.491,7.833,-2.462,-0.355,-0.704,0.614,-0.216,0.560,-0.800,2573.37,4.364,11.974,-3.245,-0.026,-0.404,0.914,0.646,-0.268,-0.715,2449.94,3.357,1.231,-1.343,-0.785,0.070,0.616,-0.047,0.841,-0.539,2482.37,1.231,5.819,0.224,-0.479,-0.131,0.868,0.955,-0.282,-0.091,10.082,2.229,-5.939,-5.847,0.933,-0.167,-0.320,10.775,-9.496,-9.969,-4.031,scissors
33.061158,0.126,0.751,-0.648,2698.74,6.155,0.336,1.343,-0.340,-0.724,0.600,-0.235,0.561,-0.794,2618.63,8.169,3.693,-1.119,-0.046,-0.420,0.906,0.635,-0.299,-0.713,2524.78,4.924,0.000,4.141,-0.762,0.105,0.639,-0.039,0.817,-0.575,2481.68,7.722,1.567,2.126,-0.479,-0.127,0.869,0.951,-0.287,-0.115,10.101,-1.695,-4.382,-7.160,0.927,-0.180,-0.329,10.818,-13.771,-9.893,-3.802,scissors
33.062344,0.073,0.838,-0.542,2631.56,7.945,-6.155,2.238,-0.354,-0.717,0.601,-0.276,0.537,-0.797,2445.56,12.757,3.245,-1.902,-0.044,-0.409,0.912,0.661,-0.259,-0.704,2498.80,0.895,2.686,9.848,-0.760,0.114,0.639,-0.060,0.810,-0.584,2443.44,9.288,-2.686,3.805,-0.473,-0.122,0.873,0.949,-0.306,-0.074,10.274,1.924,-0.992,-3.985,0.935,-0.196,-0.296,10.990,-9.084,-6.336,-1.481,scissors
33.062458,0.043,0.855,-0.517,2431.35,6.602,-1.119,0.112,-0.331,-0.707,0.625,-0.267,0.532,-0.804,2450.80,6.826,1.902,0.000,-0.021,-0.385,0.923,0.660,-0.237,-0.713,2563.82,-2.686,0.783,1.343,-0.771,0.117,0.626,-0.066,0.816,-0.575,2379.76,-0.895,-0.783,0.112,-0.482,-0.126,0.867,0.949,-0.302,-0.084,9.945,8.397,3.145,0.504,0.933,-0.194,-0.303,10.589,-2.275,-0.962,1.511,scissors
33.071012,0.077,0.816,-0.573,2486.83,-0.671,5.819,-2.350,-0.339,-0.727,0.597,-0.281,0.599,-0.750,2470.08,-3.469,1.902,0.000,-0.044,-0.412,0.910,0.654,-0.243,-0.716,2375.37,-6.379,1.007,-5.595,-0.788,0.093,0.609,-0.055,0.831,-0.553,2473.32,-5.148,1.902,-0.783,-0.479,-0.128,0.869,0.959,-0.267,-0.091,9.906,4.870,-1.466,-2.733,0.936,-0.157,-0.316,10.581,-6.427,-5.542,-1.740,scissors
33.092824,0.117,0.776,-0.620,2741.01,1.455,0.336,3.581,-0.317,-0.702,0.638,-0.176,0.523,-0.834,2715.40,4.252,2.462,0.560,-0.058,-0.428,0.902,0.636,-0.287,-0.716,2487.79,2.462,-1.455,4.700,-0.794,0.116,0.596,-0.035,0.826,-0.563,2482.05,2.014,1.679,1.119,-0.476,-0.122,0.871,0.955,-0.282,-0.094,10.208,-1.450,-0.443,-6.443,0.932,-0.175,-0.317,10.905,-13.115,-5.389,-4.611,scissors
33.114307,0.075,0.831,-0.551,2569.35,4.924,-8.169,0.895,-0.352,-0.724,0.593,-0.277,0.548,-0.790,2432.85,7.722,-7.498,2.686,-0.042,-0.396,0.917,0.654,-0.265,-0.709,2512.31,-0.112,-1.902,9.400,-0.760,0.131,0.637,-0.055,0.820,-0.569,2473.47,6.267,-3.693,1.790,-0.473,-0.123,0.872,0.947,-0.307,-0.088,10.138,0.687,0.244,-4.061,0.932,-0.199,-0.303,10.805,-10.595,-4.855,-1.985,scissors
33.137199,0.043,0.857,-0.513,2433.90,1.790,-3.805,0.448,-0.329,-0.715,0.617,-0.331,0.575,-0.749,2302.86,3.357,-1.567,1.007,-0.045,-0.408,0.912,0.660,-0.230,-0.715,2515.12,-0.336,0.783,4.141,-0.805,0.058,0.590,-0.073,0.817,-0.572,2408.92,0.895,-1.119,1.231,-0.479,-0.128,0.869,0.948,-0.311,-0.063,10.047,8.046,2.168,0.916,0.937,-0.203,-0.286,10.709,-2.718,-1.588,1.618,scissors
33.159883,0.084,0.813,-0.577,2521.40,-0.448,5.371,-0.671,-0.339,-0.703,0.625,-0.262,0.592,-0.762,2496.55,-4.476,3.245,0.448,-0.048,-0.419,0.907,0.659,-0.223,-0.719,2462.54,-3.805,1.231,-4.141,-0.785,0.100,0.611,-0.056,0.835,-0.548,2443.20,-5.148,1.790,-0.560,-0.482,-0.128,0.867,0.955,-0.282,-0.091,9.866,8.092,0.534,-0.366,0.934,-0.176,-0.310,10.519,-2.672,-2.840,0.611,scissors
33.566441,0.089,0.821,-0.564,2698.86,-1.567,1.567,1.343,-0.344,-0.707,0.619,-0.244,0.595,-0.765,2599.68,-2.686,-0.112,1.231,-0.047,-0.428,0.902,0.634,-0.296,-0.714,2450.11,-2.686,1.119,-1.679,-0.755,0.099,0.648,-0.051,0.834,-0.550,2489.44,-2.462,2.126,-0.560,-0.475,-0.122,0.871,0.957,-0.275,-0.090,10.029,2.885,-1.817,-4.611,0.936,-0.167,-0.310,10.696,-8.550,-5.634,-2.840,scissors
33.569322,0.077,0.818,-0.569,2622.05,2.686,-3.133,1.119,-0.347,-0.724,0.597,-0.256,0.565,-0.785,2550.55,5.036,-1.007,0.895,-0.038,-0.415,0.909,0.643,-0.248,-0.725,2523.74,1.119,-0.112,4.700,-0.780,0.110,0.616,-0.056,0.823,-0.566,2453.91,4.812,-0.895,1.679,-0.476,-0.125,0.871,0.952,-0.297,-0.075,10.201,1.802,-0.229,-3.725,0.938,-0.187,-0.293,10.859,-9.145,-4.718,-2.305,scissors
33.569435,0.054,0.840,-0.540,2474.00,3.581,-3.805,-0.112,-0.356,-0.725,0.590,-0.300,0.556,-0.775,2378.10,6.043,-1.567,0.671,-0.042,-0.428,0.903,0.655,-0.237,-0.717,2521.51,0.448,-0.448,2.686,-0.787,0.139,0.601,-0.069,0.822,-0.566,2418.91,0.671,-0.448,0.895,-0.478,-0.124,0.869,0.952,-0.297,-0.079,9.953,4.763,-0.092,0.061,0.935,-0.190,-0.298,10.604,-5.664,-3.817,0.321,scissors
33.569535,0.066,0.831,-0.552,2476.29,0.448,0.000,1.790,-0.344,-0.698,0.628,-0.284,0.561,-0.777,2409.13,-1.007,1.455,3.357,-0.034,-0.428,0.903,0.650,-0.260,-0.714,2450.70,0.895,0.000,-1.790,-0.781,0.131,0.611,-0.056,0.826,-0.560,2441.83,-2.462,2.238,1.343,-0.482,-0.127,0.867,0.955,-0.287,-0.078,10.072,6.443,0.015,0.840,0.937,-0.180,-0.299,10.803,-3.710,-3.038,0.702,scissors
33.569629,0.088,0.816,-0.571,2630.15,-0.336,3.357,1.790,-0.322,-0.698,0.640,-0.228,0.553,-0.801,2568.43,-2.910,0.112,3.021,-0.028,-0.397,0.917,0.650,-0.245,-0.719,2556.16,0.224,-0.560,-3.021,-0.780,0.110,0.616,-0.052,0.828,-0.558,2450.39,-1.455,2.238,0.224,-0.479,-0.126,0.869,0.953,-0.286,-0.096,10.025,5.924,2.443,-0.824,0.933,-0.181,-0.312,10.686,-4.397,-0.779,-0.931,scissors
33.569724,0.080,0.825,-0.559,2636.78,-0.336,1.007,-1.119,-0.335,-0.693,0.638,-0.266,0.576,-0.773,2498.65,-1.902,-0.224,0.783,-0.034,-0.393,0.919,0.655,-0.254,-0.712,2431.30,-0.560,-3.469,-2.350,-0.774,0.112,0.624,-0.055,0.827,-0.559,2499.13,0.000,0.448,-0.895,-0.476,-0.121,0.871,0.954,-0.283,-0.098,10.010,4.107,-0.702,-2.534,0.934,-0.177,-0.309,10.670,-5.664,-4.519,-2.641,scissors
33.569834,0.087,0.807,-0.584,2538.20,1.119,0.000,1.567,-0.342,-0.694,0.634,-0.278,0.569,-0.774,2460.09,3.245,3.133,0.560,-0.040,-0.423,0.905,0.643,-0.265,-0.719,2477.17,3.581,-1.679,1.231,-0.761,0.138,0.634,-0.056,0.821,-0.569,2458.76,3.245,0.560,1.007,-0.482,-0.121,0.868,0.954,-0.287,-0.083,9.979,2.214,-1.847,-1.893,0.935,-0.190,-0.299,10.721,-5.008,-4.611,-1.710,scissors
33.569936,0.084,0.813,-0.577,2521.40,2.798,-0.112,1.790,-0.348,-0.705,0.618,-0.249,0.566,-0.786,2544.71,2.126,2.574,3.245,-0.044,-0.403,0.914,0.645,-0.256,-0.720,2485.86,1.007,-1.902,1.231,-0.781,0.077,0.620,-0.056,0.819,-0.570,2450.56,2.014,0.560,1.455,-0.478,-0.123,0.870,0.951,-0.292,-0.104,10.022,2.534,-2.779,-2.000,0.931,-0.185,-0.314,10.684,-5.939,-5.634,-0.870,scissors
33.570028,0.071,0.833,-0.548,2563.13,0.224,0.671,3.245,-0.365,-0.696,0.619,-0.278,0.566,-0.776,2424.58,4.029,2.686,1.790,-0.054,-0.417,0.907,0.661,-0.243,-0.709,2452.53,0.895,1.343,1.007,-0.775,0.081,0.627,-0.056,0.820,-0.570,2436.66,2.350,0.783,2.574,-0.481,-0.127,0.867,0.952,-0.293,-0.088,10.038,4.656,-2.595,-1.557,0.935,-0.186,-0.300,10.726,-5.267,-6.229,-0.962,scissors
33.570551,0.098,0.812,-0.576,2560.84,2.574,4.141,1.231,-0.329,-0.715,0.617,-0.264,0.574,-0.775,2441.51,2.014,7.498,1.455,-0.043,-0.405,0.913,0.659,-0.236,-0.714,2492.05,1.119,1.119,-0.112,-0.774,0.102,0.625,-0.052,0.826,-0.561,2455.98,0.895,1.790,1.455,-0.478,-0.122,0.870,0.953,-0.291,-0.090,10.021,4.382,-1.985,-2.244,0.935,-0.181,-0.305,10.694,-5.603,-6.000,-1.649,scissors
33.570663,0.090,0.817,-0.569,2675.11,1.455,2.462,1.007,-0.348,-0.702,0.622,-0.239,0.572,-0.785,2536.26,0.895,6.602,2.462,-0.032,-0.392,0.920,0.640,-0.283,-0.715,2490.60,1.679,0.224,0.671,-0.775,0.115,0.622,-0.047,0.826,-0.562,2469.36,1.902,0.560,1.119,-0.477,-0.126,0.870,0.955,-0.281,-0.097,10.038,1.786,-3.038,-4.458,0.934,-0.173,-0.313,10.737,-8.015,-6.947,-3.282,scissors
33.570755,0.090,0.801,-0.592,2556.72,6.267,0.000,-1.231,-0.347,-0.713,0.609,-0.247,0.561,-0.790,2532.56,3.917,5.483,3.581,-0.047,-0.386,0.921,0.650,-0.270,-0.710,2464.89,0.224,-0.448,3.917,-0.782,0.111,0.613,-0.051,0.824,-0.565,2474.67,5.036,-0.112,1.902,-0.478,-0.124,0.869,0.951,-0.290,-0.108,10.010,1.206,-4.855,-5.588,0.930,-0.183,-0.318,10.669,-8.931,-9.084,-3.893,scissors
33.570851,0.079,0.827,-0.556,2545.24,3.357,0.783,-0.560,-0.360,-0.705,0.611,-0.255,0.575,-0.777,2485.08,7.274,8.617,1.455,-0.044,-0.399,0.916,0.652,-0.272,-0.708,2444.20,2.014,1.567,5.483,-0.780,0.125,0.614,-0.052,0.816,-0.575,2448.39,6.714,-0.671,2.910,-0.478,-0.123,0.870,0.951,-0.290,-0.109,9.973,2.321,-6.489,-5.664,0.930,-0.185,-0.316,10.641,-7.908,-10.962,-3.282,scissors
33.570936,0.075,0.845,-0.530,2705.25,13.541,2.014,-8.057,-0.339,-0.703,0.625,-0.276,0.561,-0.780,2373.15,6.043,11.079,1.119,-0.035,-0.400,0.916,0.652,-0.263,-0.712,2460.27,1.119,5.371,5.260,-0.780,0.134,0.612,-0.048,0.820,-0.571,2449.52,5.371,-1.455,2.798,-0.481,-0.123,0.868,0.953,-0.281,-0.110,9.943,1.115,-7.237,-5.557,0.932,-0.169,-0.320,10.617,-9.450,-12.534,-2.382,scissors
33.571025,0.098,0.794,-0.600,2553.98,15.891,2.462,-9.064,-0.327,-0.695,0.641,-0.230,0.556,-0.799,2503.33,6.938,16.898,3.245,-0.090,-0.412,0.907,0.641,-0.281,-0.714,2437.45,1.455,7.722,6.267,-0.799,0.094,0.594,-0.044,0.818,-0.574,2454.79,6.043,-2.462,4.924,-0.478,-0.120,0.870,0.956,-0.267,-0.118,9.964,-1.267,-7.588,-5.115,0.931,-0.158,-0.329,10.662,-12.672,-13.344,-0.916,scissors
33.571111,0.098,0.776,-0.622,2446.96,16.674,3.021,-6.043,-0.325,-0.688,0.649,-0.229,0.538,-0.812,2476.83,9.624,14.324,4.812,-0.058,-0.402,0.914,0.624,-0.315,-0.715,2489.57,-3.133,13.653,13.764,-0.768,0.133,0.626,-0.040,0.810,-0.585,2455.75,7.274,-4.812,7.722,-0.479,-0.116,0.870,0.957,-0.262,-0.122,9.958,-5.802,-7.115,-3.893,0.930,-0.153,-0.334,10.662,-17.954,-13.878,1.115,scissors
33.571196,0.082,0.784,-0.615,2461.45,13.429,2.462,-0.112,-0.329,-0.689,0.646,-0.240,0.534,-0.811,2404.24,12.757,16.114,6.714,-0.051,-0.411,0.910,0.649,-0.287,-0.705,2455.11,-3.693,15.107,17.681,-0.769,0.121,0.627,-0.048,0.807,-0.588,2425.65,8.281,-7.162,11.302,-0.478,-0.112,0.871,0.952,-0.283,-0.118,10.050,-7.466,-6.336,-2.122,0.927,-0.177,-0.331,10.806,-19.313,-13.176,2.855,scissors
33.572607,0.079,0.786,-0.614,2432.66,10.407,3.357,3.693,-0.359,-0.679,0.640,-0.218,0.498,-0.839,2417.97,12.869,17.793,9.736,-0.074,-0.406,0.911,0.667,-0.271,-0.694,2491.75,-3.805,16.226,17.457,-0.790,0.124,0.600,-0.052,0.806,-0.590,2420.51,7.274,-8.393,13.317,-0.480,-0.106,0.871,0.955,-0.280,-0.102,10.141,-4.626,-2.351,0.122,0.933,-0.176,-0.315,10.859,-16.931,-9.008,4.122,scissors
33.572726,0.089,0.779,-0.621,2593.27,3.245,3.917,4.700,-0.342,-0.693,0.635,-0.197,0.553,-0.809,2568.76,5.595,16.114,12.310,-0.083,-0.412,0.907,0.660,-0.274,-0.699,2532.13,-5.931,12.757,12.981,-0.802,0.120,0.586,-0.052,0.818,-0.572,2442.65,1.119,-6.491,9.848,-0.477,-0.107,0.873,0.951,-0.291,-0.104,10.144,-0.275,-0.336,0.031,0.930,-0.190,-0.314,10.871,-12.794,-6.122,3.344,scissors
33.587845,0.071,0.833,-0.549,2576.95,-0.671,0.895,5.595,-0.340,-0.674,0.656,-0.210,0.564,-0.799,2553.12,2.798,13.653,11.079,-0.078,-0.389,0.918,0.673,-0.248,-0.697,2526.68,-6.938,10.519,9.400,-0.789,0.153,0.595,-0.047,0.823,-0.566,2488.89,0.783,-4.700,6.714,-0.482,-0.111,0.869,0.951,-0.291,-0.103,10.114,1.374,-1.237,-1.786,0.931,-0.187,-0.313,10.805,-10.916,-6.382,1.511,scissors
33.611267,0.077,0.827,-0.557,2630.41,-1.679,0.895,3.805,-0.348,-0.694,0.630,-0.211,0.609,-0.765,2590.86,0.783,6.043,8.505,-0.109,-0.389,0.915,0.674,-0.252,-0.694,2522.93,-7.050,8.393,7.610,-0.818,0.128,0.561,-0.047,0.822,-0.568,2493.99,2.574,-3.581,4.924,-0.484,-0.108,0.869,0.951,-0.289,-0.109,10.013,1.573,-3.557,-3.435,0.931,-0.187,-0.315,10.670,-10.275,-8.580,-0.382,scissors
33.633856,0.083,0.813,-0.577,2556.50,1.455,3.245,2.126,-0.379,-0.695,0.611,-0.186,0.582,-0.792,2611.73,5.260,6.379,4.476,-0.093,-0.388,0.917,0.675,-0.256,-0.692,2446.45,-3.805,5.707,6.714,-0.794,0.153,0.589,-0.048,0.820,-0.571,2449.52,5.036,-0.895,3.693,-0.482,-0.103,0.870,0.950,-0.291,-0.112,9.999,2.947,-6.122,-3.649,0.928,-0.188,-0.321,10.690,-8.702,-11.084,-0.748,scissors
33.656690,0.090,0.799,-0.595,2576.79,3.133,3.805,2.798,-0.348,-0.678,0.648,-0.230,0.562,-0.794,2369.44,7.498,3.693,0.895,-0.088,-0.403,0.911,0.672,-0.254,-0.696,2471.93,-1.790,6.826,5.595,-0.813,0.149,0.563,-0.048,0.818,-0.573,2455.24,4.924,1.119,3.469,-0.482,-0.101,0.870,0.954,-0.276,-0.116,9.999,1.771,-5.496,-2.672,0.929,-0.171,-0.329,10.726,-9.389,-10.870,0.229,scissors
34.079520,0.095,0.793,-0.602,2545.87,5.819,2.462,3.693,-0.342,-0.693,0.635,-0.166,0.528,-0.833,2578.51,6.714,3.357,3.133,-0.104,-0.401,0.910,0.668,-0.283,-0.688,2530.18,-1.007,6.379,5.260,-0.810,0.152,0.567,-0.040,0.807,-0.589,2438.77,6.267,0.560,3.917,-0.484,-0.099,0.869,0.952,-0.281,-0.118,10.172,2.931,-1.603,-1.878,0.928,-0.180,-0.327,10.901,-7.969,-7.038,-0.137,scissors
34.079666,0.074,0.820,-0.568,2594.93,0.671,5.707,2.238,-0.366,-0.690,0.624,-0.198,0.538,-0.819,2512.85,3.917,3.357,2.238,-0.084,-0.386,0.919,0.675,-0.259,-0.691,2533.17,-2.014,3.917,2.686,-0.795,0.169,0.582,-0.053,0.805,-0.592,2412.46,4.588,-1.902,3.021,-0.487,-0.098,0.868,0.957,-0.266,-0.118,9.978,7.893,0.336,-1.893,0.929,-0.169,-0.329,10.685,-4.290,-4.824,-0.443,scissors
34.079777,0.091,0.793,-0.602,2643.25,-0.895,5.819,-3.245,-0.348,-0.694,0.630,-0.198,0.547,-0.813,2506.56,-0.895,3.805,-1.679,-0.107,-0.384,0.917,0.664,-0.283,-0.692,2456.92,-0.336,3.693,0.112,-0.804,0.111,0.585,-0.052,0.811,-0.583,2465.18,-1.007,-0.448,-0.560,-0.488,-0.104,0.867,0.956,-0.266,-0.124,10.017,6.321,-0.275,-2.366,0.929,-0.165,-0.333,10.724,-6.198,-5.573,-0.840,scissors
34.079880,0.087,0.802,-0.591,2542.71,0.336,4.364,-2.350,-0.340,-0.677,0.652,-0.172,0.497,-0.850,2501.14,1.679,3.693,-1.679,-0.117,-0.400,0.909,0.665,-0.278,-0.693,2497.66,2.014,3.133,3.469,-0.796,0.165,0.583,-0.044,0.808,-0.587,2447.22,0.560,-0.224,0.336,-0.483,-0.097,0.870,0.955,-0.272,-0.120,10.051,4.473,0.656,-1.344,0.928,-0.168,-0.333,10.757,-7.176,-4.672,-0.275,scissors
34.079982,0.104,0.781,-0.616,2521.45,-0.895,5.148,-2.014,-0.369,-0.692,0.620,-0.190,0.518,-0.834,2457.22,0.783,-0.671,1.455,-0.088,-0.403,0.911,0.657,-0.310,-0.688,2500.73,0.224,1.567,2.350,-0.788,0.178,0.590,-0.040,0.806,-0.590,2452.73,0.895,-1.567,1.343,-0.482,-0.097,0.871,0.952,-0.277,-0.129,10.021,2.916,1.130,0.260,0.924,-0.176,-0.339,10.769,-7.603,-3.893,1.160,scissors
34.080089,0.104,0.787,-0.609,2517.05,-1.679,3.693,1.790,-0.345,-0.681,0.646,-0.195,0.554,-0.810,2494.13,-1.007,2.910,3.469,-0.101,-0.394,0.913,0.676,-0.274,-0.684,2500.84,-3.917,1.790,1.567,-0.837,0.124,0.532,-0.036,0.806,-0.591,2431.13,0.560,-1.902,3.021,-0.485,-0.099,0.869,0.949,-0.282,-0.139,10.038,4.672,2.351,0.214,0.922,-0.185,-0.340,10.752,-6.076,-2.748,1.359,scissors
34.080182,0.094,0.814,-0.573,2659.72,-2.350,0.560,0.783,-0.370,-0.674,0.639,-0.189,0.557,-0.809,2533.34,-1.119,0.448,-0.112,-0.110,-0.365,0.924,0.681,-0.278,-0.678,2467.50,-3.693,2.350,-1.007,-0.818,0.140,0.558,-0.043,0.811,-0.584,2477.36,-1.790,-2.462,1.343,-0.484,-0.098,0.870,0.952,-0.281,-0.123,10.022,6.382,1.069,-1.588,0.926,-0.181,-0.332,10.725,-4.916,-3.985,-0.260,scissors
34.080285,0.095,0.806,-0.584,2540.82,0.112,1.567,-0.783,-0.369,-0.674,0.640,-0.186,0.549,-0.815,2514.06,0.112,-0.336,-1.007,-0.117,-0.400,0.909,0.675,-0.270,-0.687,2505.65,-1.567,1.790,-0.112,-0.808,0.126,0.575,-0.043,0.811,-0.584,2477.36,-0.671,-1.231,-0.112,-0.489,-0.096,0.867,0.952,-0.283,-0.118,10.018,5.985,0.687,-1.221,0.926,-0.182,-0.330,10.735,-5.115,-4.260,-0.351,scissors
34.080370,0.095,0.804,-0.587,2524.72,-0.112,2.462,-0.448,-0.369,-0.702,0.608,-0.203,0.548,-0.812,2451.14,0.336,-0.671,0.336,-0.116,-0.390,0.913,0.679,-0.279,-0.679,2461.39,-0.336,0.895,-0.448,-0.790,0.169,0.589,-0.043,0.814,-0.579,2466.55,-0.224,0.112,0.336,-0.486,-0.095,0.869,0.952,-0.280,-0.123,10.036,6.534,-0.183,-1.115,0.928,-0.178,-0.328,10.748,-4.550,-4.794,-0.183,scissors
34.080515,0.105,0.790,-0.604,2568.74,-1.679,3.469,1.119,-0.360,-0.705,0.611,-0.184,0.563,-0.806,2541.30,-1.119,2.014,0.448,-0.108,-0.389,0.915,0.674,-0.277,-0.685,2510.16,-1.343,1.455,-0.783,-0.827,0.153,0.541,-0.040,0.813,-0.581,2457.22,0.000,0.671,0.448,-0.482,-0.092,0.871,0.956,-0.271,-0.116,10.085,5.267,1.130,-2.519,0.928,-0.170,-0.332,10.812,-6.382,-3.527,-1.557,scissors
34.080600,0.106,0.789,-0.604,2632.06,-2.686,0.895,3.245,-0.371,-0.697,0.614,-0.148,0.521,-0.841,2635.22,0.671,0.671,-1.902,-0.109,-0.395,0.912,0.676,-0.275,-0.684,2529.83,-1.231,-1.790,1.119,-0.801,0.179,0.572,-0.036,0.808,-0.588,2461.23,0.112,-0.671,-1.343,-0.484,-0.102,0.869,0.954,-0.275,-0.117,10.141,3.847,4.153,-3.878,0.927,-0.175,-0.332,10.868,-8.137,-0.641,-3.481,scissors
34.080686,0.097,0.805,-0.586,2583.49,-2.126,-1.119,1.343,-0.369,-0.689,0.624,-0.186,0.526,-0.830,2516.60,0.671,-7.274,-1.679,-0.108,-0.394,0.913,0.679,-0.269,-0.683,2476.32,-0.895,-5.595,2.126,-0.808,0.150,0.570,-0.047,0.807,-0.589,2475.59,-0.224,-2.126,-2.910,-0.489,-0.101,0.866,0.953,-0.278,-0.123,10.019,4.870,3.817,-3.191,0.925,-0.178,-0.335,10.690,-7.008,-1.359,-3.145,scissors
34.080799,0.085,0.812,-0.578,2499.38,-3.581,0.448,0.448,-0.369,-0.689,0.624,-0.211,0.551,-0.807,2453.48,-0.448,-5.036,-1.567,-0.080,-0.398,0.914,0.673,-0.277,-0.686,2439.00,1.790,-4.252,1.567,-0.825,0.154,0.544,-0.052,0.813,-0.579,2445.43,-0.448,-0.671,-2.350,-0.490,-0.100,0.866,0.951,-0.284,-0.119,9.943,5.649,2.947,-1.389,0.927,-0.179,-0.330,10.650,-5.924,-1.893,-1.221,scissors
34.080887,0.104,0.800,-0.591,2510.68,-4.029,5.036,0.560,-0.366,-0.677,0.639,-0.231,0.567,-0.791,2367.16,-0.671,-4.141,-0.336,-0.084,-0.383,0.920,0.674,-0.272,-0.687,2449.85,0.336,-2.350,0.000,-0.820,0.131,0.557,-0.052,0.810,-0.584,2443.13,-0.895,0.448,-1.119,-0.489,-0.099,0.867,0.952,-0.284,-0.114,9.897,5.969,1.237,0.321,0.928,-0.179,-0.325,10.557,-4.412,-3.359,0.702,scissors
34.080968,0.113,0.800,-0.589,2484.72,-1.567,5.819,2.574,-0.362,-0.679,0.638,-0.174,0.530,-0.830,2515.12,-0.671,0.224,0.448,-0.078,-0.389,0.918,0.672,-0.275,-0.688,2459.46,-2.126,-0.448,-3.245,-0.812,0.143,0.566,-0.032,0.813,-0.582,2433.82,-1.231,1.902,0.336,-0.487,-0.102,0.867,0.957,-0.266,-0.119,10.051,5.115,0.901,-0.198,0.929,-0.163,-0.332,10.795,-5.573,-3.481,0.489,scissors
34.081054,0.116,0.792,-0.599,2672.26,-4.588,1.343,4.924,-0.388,-0.689,0.612,-0.153,0.502,-0.851,2614.15,-0.895,-2.238,0.671,-0.110,-0.397,0.911,0.658,-0.293,-0.693,2538.38,-2.350,-1.119,-0.783,-0.808,0.150,0.570,-0.031,0.809,-0.587,2459.69,0.000,-0.112,0.224,-0.487,-0.099,0.868,0.956,-0.268,-0.121,10.117,3.389,3.099,-1.802,0.929,-0.167,-0.331,10.840,-7.939,-1.863,-0.947,scissors
34.081139,0.100,0.810,-0.579,2615.14,-2.798,-1.119,1.119,-0.362,-0.679,0.638,-0.196,0.533,-0.823,2537.49,-1.119,-9.064,1.902,-0.099,-0.386,0.917,0.663,-0.281,-0.694,2506.70,-2.574,-2.462,1.679,-0.808,0.150,0.570,-0.047,0.806,-0.590,2466.34,-0.336,-2.350,-0.783,-0.489,-0.100,0.866,0.951,-0.284,-0.123,10.084,4.031,3.206,-1.893,0.926,-0.185,-0.329,10.776,-7.160,-2.107,-1.115,scissors
34.082609,0.084,0.822,-0.563,2514.72,-2.238,0.224,-0.895,-0.375,-0.696,0.612,-0.227,0.563,-0.795,2453.32,-1.455,-4.588,1.119,-0.086,-0.395,0.915,0.674,-0.263,-0.690,2492.89,-0.112,-1.455,0.671,-0.807,0.143,0.574,-0.056,0.809,-0.586,2434.94,-0.560,-1.567,-0.671,-0.485,-0.105,0.868,0.951,-0.291,-0.108,9.966,7.527,2.550,-0.672,0.929,-0.187,-0.319,10.635,-3.145,-2.489,-0.107,scissors
34.082701,0.091,0.828,-0.553,2542.17,-1.790,5.260,-2.126,-0.367,-0.687,0.628,-0.211,0.563,-0.799,2453.56,-2.574,2.686,-1.902,-0.080,-0.398,0.914,0.679,-0.249,-0.691,2434.48,-0.783,-0.560,-3.245,-0.811,0.167,0.561,-0.048,0.817,-0.574,2432.01,-2.238,0.560,-1.343,-0.488,-0.102,0.867,0.952,-0.285,-0.114,9.879,7.466,0.519,-0.153,0.928,-0.182,-0.325,10.594,-2.718,-4.214,0.092,scissors
34.094345,0.113,0.801,-0.588,2472.43,-0.112,5.483,0.112,-0.377,-0.696,0.611,-0.207,0.556,-0.805,2448.06,-1.119,1.007,-1.119,-0.068,-0.385,0.920,0.677,-0.277,-0.681,2438.92,1.007,-0.336,-3.133,-0.797,0.142,0.587,-0.040,0.817,-0.575,2445.05,-1.343,2.126,-0.671,-0.494,-0.101,0.864,0.952,-0.284,-0.118,9.956,6.947,-0.992,-0.366,0.927,-0.179,-0.330,10.641,-3.527,-5.634,0.260,scissors
34.118441,0.120,0.794,-0.596,2505.03,-1.679,5.707,3.917,-0.366,-0.686,0.629,-0.174,0.507,-0.844,2510.48,-0.224,1.231,0.000,-0.095,-0.398,0.913,0.667,-0.279,-0.691,2490.74,2.014,0.560,-2.126,-0.803,0.147,0.578,-0.036,0.812,-0.582,2448.91,0.671,2.014,1.231,-0.487,-0.104,0.867,0.953,-0.280,-0.119,10.134,6.672,-0.046,0.153,0.927,-0.178,-0.329,10.881,-3.878,-4.870,0.748,scissors
34.140023,0.114,0.799,-0.591,2626.05,-6.491,3.917,4.588,-0.362,-0.682,0.635,-0.193,0.531,-0.825,2529.40,-2.798,-2.126,1.902,-0.091,-0.415,0.906,0.676,-0.272,-0.685,2557.72,1.790,1.231,-1.790,-0.800,0.174,0.575,-0.048,0.802,-0.596,2442.23,-0.336,0.783,1.007,-0.490,-0.102,0.866,0.954,-0.281,-0.107,10.188,9.206,4.015,0.947,0.931,-0.178,-0.319,10.861,-1.405,-0.656,0.748,scissors
34.163439,0.103,0.814,-0.572,2611.86,-6.155,3.133,-1.231,-0.387,-0.682,0.620,-0.210,0.558,-0.803,2512.54,-5.371,-1.007,-0.448,-0.090,-0.412,0.907,0.671,-0.259,-0.695,2490.47,-0.112,-2.126,-5.931,-0.802,0.155,0.578,-0.047,0.814,-0.580,2477.91,-5.148,1.790,-2.350,-0.488,-0.104,0.867,0.952,-0.283,-0.115,9.986,9.420,2.550,0.443,0.928,-0.177,-0.328,10.664,-1.267,-2.107,-0.076,scissors
34.586914,0.106,0.826,-0.553,2538.57,-3.693,4.364,-2.350,-0.397,-0.692,0.603,-0.195,0.542,-0.817,2494.51,-4.029,0.671,-1.790,-0.101,-0.390,0.915,0.669,-0.267,-0.693,2452.86,3.581,-1.119,-4.252,-0.798,0.136,0.587,-0.043,0.818,-0.574,2465.92,-3.133,2.238,-1.455,-0.479,-0.103,0.872,0.952,-0.286,-0.110,9.979,8.427,1.237,0.504,0.930,-0.180,-0.320,10.670,-1.832,-2.901,0.061,scissors
34.590238,0.126,0.802,-0.584,2541.50,-1.455,6.602,-1.679,-0.376,-0.699,0.608,-0.189,0.559,-0.807,2524.45,-1.567,-2.014,0.224,-0.082,-0.378,0.922,0.667,-0.279,-0.691,2461.74,1.567,-1.007,-3.693,-0.795,0.147,0.588,-0.036,0.815,-0.578,2450.43,-1.231,2.126,-0.671,-0.491,-0.109,0.864,0.952,-0.283,-0.118,9.908,6.458,0.733,0.168,0.928,-0.179,-0.325,10.620,-3.695,-3.435,0.672,scissors
34.590352,0.111,0.817,-0.566,2532.07,-0.895,5.036,1.007,-0.365,-0.717,0.594,-0.216,0.537,-0.816,2390.79,-2.350,-0.671,1.231,-0.094,-0.395,0.914,0.675,-0.269,-0.687,2434.22,-0.671,-0.112,-2.238,-0.811,0.117,0.574,-0.044,0.810,-0.585,2418.73,-0.336,1.343,0.336,-0.489,-0.105,0.866,0.952,-0.285,-0.107,9.901,7.069,-0.992,1.786,0.931,-0.180,-0.319,10.593,-3.267,-4.305,2.168,scissors
34.590474,0.103,0.812,-0.575,2426.92,-2.910,8.393,1.902,-0.363,-0.692,0.624,-0.216,0.535,-0.817,2398.95,-4.588,1.343,3.357,-0.097,-0.411,0.906,0.670,-0.272,-0.691,2450.71,0.336,1.231,-3.469,-0.810,0.141,0.570,-0.052,0.810,-0.584,2406.51,-3.245,2.574,1.007,-0.488,-0.108,0.866,0.947,-0.304,-0.105,9.896,8.595,-5.420,7.206,0.928,-0.197,-0.315,10.609,-1.420,-2.427,7.267,scissors
34.590582,0.094,0.839,-0.536,2253.60,-10.407,12.869,6.379,-0.367,-0.702,0.610,-0.264,0.552,-0.791,2255.61,-7.386,5.036,4.700,-0.100,-0.390,0.915,0.682,-0.239,-0.691,2421.18,-2.462,3.581,-6.826,-0.819,0.106,0.563,-0.062,0.811,-0.582,2366.43,-7.274,4.252,2.686,-0.497,-0.117,0.860,0.946,-0.319,-0.066,9.906,14.061,-3.893,17.679,0.938,-0.202,-0.281,10.558,4.962,-2.992,15.298,scissors
34.590671,0.147,0.771,-0.619,2301.34,-14.436,18.800,11.414,-0.385,-0.694,0.609,-0.188,0.423,-0.886,2223.51,-14.883,6.602,9.848,-0.105,-0.412,0.905,0.679,-0.213,-0.703,2433.63,-2.350,7.610,-19.695,-0.805,0.142,0.576,-0.051,0.821,-0.569,2315.34,-12.869,9.624,5.819,-0.486,-0.112,0.867,0.939,-0.328,-0.100,9.935,15.954,-4.779,33.252,0.929,-0.206,-0.308,10.517,6.107,-1.053,28.748,scissors
34.590755,0.110,0.845,-0.524,2101.47,-26.857,12.310,22.605,-0.388,-0.721,0.574,-0.277,0.502,-0.819,2009.11,-29.096,3.917,22.717,-0.113,-0.414,0.903,0.674,-0.261,-0.691,2362.58,-3.245,10.967,-25.738,-0.816,0.099,0.570,-0.054,0.816,-0.575,2327.26,-21.486,11.191,10.072,-0.489,-0.113,0.865,0.923,-0.367,-0.118,9.639,21.649,-24.931,58.916,0.918,-0.241,-0.314,10.161,7.664,-9.786,49.832,scissors
34.590857,0.124,0.850,-0.512,2017.24,-31.557,25.515,28.200,-0.403,-0.703,0.586,-0.345,0.570,-0.746,1839.94,-37.712,17.345,34.803,-0.121,-0.416,0.901,0.705,-0.224,-0.673,2192.19,-11.526,26.186,-33.236,-0.816,0.109,0.567,-0.061,0.813,-0.578,2228.67,-34.131,21.710,26.186,-0.492,-0.120,0.862,0.915,-0.391,-0.103,9.345,32.992,-36.427,81.817,0.914,-0.262,-0.311,9.962,17.313,-15.282,71.679,scissors
34.591378,0.209,0.824,-0.526,1533.41,-43.419,38.272,47.672,-0.438,-0.706,0.557,-0.228,0.448,-0.864,1747.97,-47.336,34.803,43.867,-0.143,-0.450,0.882,0.709,-0.221,-0.670,2217.99,-15.555,42.860,-49.239,-0.822,0.102,0.560,-0.008,0.835,-0.550,2251.63,-43.531,28.536,39.838,-0.495,-0.131,0.859,0.906,-0.391,-0.161,9.348,32.702,-27.710,94.229,0.899,-0.258,-0.353,9.959,21.649,-13.542,84.962,scissors
34.591495,0.280,0.792,-0.543,2190.31,-67.591,48.903,70.053,-0.459,-0.721,0.519,-0.247,0.542,-0.803,1696.98,-60.989,47.560,64.010,-0.174,-0.463,0.869,0.712,-0.327,-0.621,2155.50,-18.017,55.729,-54.498,-0.855,0.007,0.519,0.038,0.835,-0.548,2332.05,-50.134,28.312,52.708,-0.502,-0.143,0.853,0.904,-0.370,-0.213,9.157,25.878,-28.122,98.321,0.885,-0.249,-0.394,9.850,17.511,-18.702,92.015,scissors
34.591602,0.273,0.828,-0.490,2605.00,-66.024,47.896,79.341,-0.483,-0.731,0.483,-0.082,0.673,-0.736,2477.19,-50.022,59.534,80.125,-0.178,-0.485,0.856,0.717,-0.307,-0.626,2263.14,-21.374,71.396,-45.881,-0.857,0.049,0.513,0.078,0.842,-0.534,2394.80,-45.098,25.962,63.451,-0.508,-0.152,0.848,0.883,-0.427,-0.196,9.731,19.618,-27.023,89.924,0.875,-0.315,-0.368,10.476,13.038,-24.244,88.473,scissors
34.591692,0.268,0.856,-0.442,2690.50,-57.408,51.812,73.858,-0.493,-0.715,0.496,-0.084,0.733,-0.675,2527.00,-33.348,74.529,68.710,-0.247,-0.499,0.831,0.768,-0.176,-0.615,2494.94,-17.122,81.244,-35.250,-0.877,-0.017,0.481,0.071,0.866,-0.495,2500.81,-36.257,23.276,68.598,-0.520,-0.163,0.838,0.876,-0.457,-0.152,10.099,16.702,-23.710,81.099,0.880,-0.345,-0.327,10.832,12.748,-24.840,80.824,scissors
34.591794,0.290,0.832,-0.472,2932.15,-46.665,51.812,68.710,-0.539,-0.716,0.444,0.005,0.723,-0.691,2778.93,-24.172,77.439,58.862,-0.277,-0.507,0.816,0.795,-0.154,-0.587,2597.41,-10.407,77.327,-33.572,-0.882,-0.027,0.471,0.100,0.870,-0.483,2565.63,-27.641,24.172,65.689,-0.521,-0.164,0.838,0.864,-0.477,-0.159,10.334,15.038,-22.656,68.336,0.872,-0.365,-0.326,11.126,11.817,-26.000,68.382,scissors
34.591888,0.301,0.859,-0.415,3149.08,-22.941,40.958,53.491,-0.560,-0.716,0.417,0.087,0.666,-0.741,3177.35,-16.898,76.991,48.455,-0.320,-0.503,0.803,0.795,-0.144,-0.589,2706.44,-4.029,69.494,-29.655,-0.933,-0.057,0.355,0.146,0.874,-0.463,2634.32,-22.269,22.941,56.512,-0.527,-0.164,0.834,0.855,-0.497,-0.150,10.635,10.382,-19.023,50.992,0.868,-0.382,-0.317,11.411,6.229,-23.924,52.580,scissors
34.591978,0.344,0.831,-0.438,3007.61,-12.533,32.117,47.560,-0.574,-0.697,0.430,0.104,0.667,-0.737,3245.14,-7.945,57.072,36.817,-0.332,-0.524,0.784,0.799,-0.147,-0.583,2803.16,0.560,56.401,-21.710,-0.922,-0.074,0.381,0.164,0.879,-0.449,2697.47,-18.576,17.793,45.322,-0.535,-0.165,0.828,0.844,-0.512,-0.159,10.619,3.847,-14.672,36.168,0.858,-0.398,-0.326,11.385,-0.962,-20.687,37.725,scissors
34.592062,0.337,0.838,-0.428,3096.69,-12.645,23.612,47.336,-0.593,-0.690,0.414,0.129,0.641,-0.757,3148.70,-1.231,40.510,29.431,-0.364,-0.520,0.773,0.817,-0.129,-0.562,2730.02,0.783,40.174,-11.638,-0.921,-0.036,0.388,0.169,0.878,-0.448,2677.09,-9.512,10.407,36.481,-0.538,-0.168,0.826,0.834,-0.526,-0.164,10.567,2.427,-11.634,21.191,0.846,-0.418,-0.330,11.367,-3.771,-18.718,22.672,scissors
34.595840,0.321,0.857,-0.403,3192.06,-5.371,17.457,32.788,-0.623,-0.682,0.384,0.077,0.700,-0.710,2955.40,3.021,28.312,20.703,-0.374,-0.537,0.757,0.820,-0.125,-0.558,2731.33,5.819,22.605,-3.021,-0.937,-0.058,0.346,0.159,0.872,-0.463,2593.69,1.455,5.371,25.962,-0.536,-0.161,0.829,0.835,-0.530,-0.147,10.488,3.954,-7.527,8.412,0.852,-0.415,-0.320,11.263,-2.519,-14.076,10.122,scissors
34.595953,0.345,0.837,-0.425,2890.74,2.126,8.281,20.926,-0.630,-0.677,0.380,0.106,0.671,-0.734,3098.49,4.476,21.710,9.624,-0.382,-0.524,0.762,0.816,-0.133,-0.562,2731.33,5.483,9.512,-4.364,-0.933,-0.065,0.355,0.163,0.876,-0.454,2537.14,4.812,3.357,14.324,-0.536,-0.166,0.828,0.838,-0.524,-0.155,10.275,4.947,-2.702,-1.527,0.851,-0.408,-0.331,11.060,-1.863,-8.031,0.779,scissors
34.596047,0.346,0.845,-0.407,2850.60,0.895,-0.783,20.591,-0.649,-0.669,0.363,0.101,0.674,-0.732,3038.87,4.700,2.126,-2.798,-0.373,-0.499,0.782,0.816,-0.153,-0.558,2627.24,2.686,-2.574,-4.476,-0.932,-0.041,0.361,0.168,0.867,-0.469,2518.64,1.455,2.574,3.357,-0.536,-0.165,0.828,0.829,-0.532,-0.172,10.176,5.588,-1.115,-8.626,0.842,-0.421,-0.338,10.922,-2.305,-5.084,-7.344,scissors
34.596136,0.352,0.850,-0.393,2803.27,4.924,-0.783,10.967,-0.625,-0.670,0.401,0.060,0.677,-0.733,2646.52,10.855,-5.595,-17.793,-0.378,-0.507,0.775,0.825,-0.138,-0.548,2548.32,3.021,-6.602,-3.469,-0.930,-0.078,0.359,0.162,0.864,-0.477,2493.64,0.560,-1.343,-6.491,-0.535,-0.165,0.828,0.820,-0.548,-0.164,10.205,10.260,-3.985,-5.786,0.839,-0.428,-0.337,10.909,0.733,-6.122,-5.603,scissors
34.605002,0.410,0.822,-0.396,2335.81,-0.783,-1.231,17.010,-0.649,-0.652,0.393,0.070,0.668,-0.741,2700.10,10.407,-8.505,-23.276,-0.363,-0.510,0.780,0.827,-0.131,-0.546,2541.66,1.231,-5.371,-8.841,-0.924,-0.068,0.377,0.173,0.858,-0.483,2384.45,1.119,-2.574,-5.036,-0.526,-0.163,0.835,0.822,-0.540,-0.182,9.934,14.031,0.153,-2.443,0.838,-0.421,-0.347,10.675,3.618,-1.786,-3.084,scissors
34.629488,0.445,0.810,-0.383,2262.35,-14.660,4.364,22.269,-0.655,-0.671,0.349,0.049,0.686,-0.726,2658.03,13.541,-15.555,-47.336,-0.336,-0.496,0.801,0.829,-0.149,-0.539,2429.97,-4.029,-5.483,-11.302,-0.941,-0.075,0.329,0.173,0.856,-0.488,2439.38,-5.819,-6.267,-6.938,-0.536,-0.170,0.827,0.823,-0.538,-0.181,9.789,10.885,0.458,-3.511,0.837,-0.420,-0.351,10.473,1.756,-2.382,-1.954,scissors
34.650479,0.388,0.825,-0.412,2722.07,-24.955,12.086,28.872,-0.629,-0.674,0.387,0.011,0.783,-0.621,2791.81,40.958,-14.995,-79.229,-0.329,-0.506,0.798,0.838,-0.115,-0.534,2379.92,-7.274,-2.574,-11.079,-0.934,-0.064,0.351,0.156,0.873,-0.462,2514.04,-6.826,-6.826,-5.260,-0.533,-0.172,0.828,0.821,-0.541,-0.184,9.867,7.069,-6.840,-8.687,0.836,-0.425,-0.346,10.584,-1.069,-10.809,-6.855,scissors
34.672900,0.378,0.844,-0.380,2739.88,-12.981,7.498,28.424,-0.663,-0.651,0.369,0.022,0.518,-0.855,1949.03,43.196,-1.679,-57.631,-0.314,-0.505,0.804,0.823,-0.142,-0.550,2485.43,4.364,-2.126,-2.238,-0.925,-0.098,0.368,0.157,0.877,-0.455,2445.55,3.357,-5.931,-4.924,-0.536,-0.174,0.826,0.815,-0.554,-0.171,10.082,6.092,-6.458,-6.855,0.839,-0.433,-0.329,10.700,-1.130,-9.985,-4.916,scissors
35.098997,0.455,0.804,-0.382,2340.34,-1.567,7.945,19.919,-0.667,-0.672,0.321,0.063,0.534,-0.843,2697.80,25.067,0.448,-31.110,-0.283,-0.517,0.808,0.826,-0.146,-0.545,2475.09,2.462,0.000,-5.260,-0.915,-0.087,0.394,0.173,0.855,-0.489,2393.31,5.483,-6.379,-2.574,-0.526,-0.171,0.833,0.832,-0.518,-0.197,9.880,5.832,-2.687,-2.931,0.843,-0.397,-0.361,10.602,-4.015,-6.718,-1.878,scissors
35.099282,0.431,0.782,-0.449,2604.94,-14.548,11.079,22.269,-0.689,-0.637,0.345,0.006,0.479,-0.878,2145.38,20.814,-3.133,-23.276,-0.274,-0.497,0.823,0.826,-0.158,-0.542,2416.49,-1.455,-0.560,-1.679,-0.938,-0.074,0.338,0.160,0.858,-0.489,2456.40,2.014,-6.043,-1.567,-0.528,-0.164,0.833,0.832,-0.519,-0.196,9.853,3.573,-0.840,-3.542,0.843,-0.398,-0.363,10.613,-6.137,-4.992,-2.000,scissors
35.099381,0.408,0.825,-0.391,2588.76,-4.924,1.902,18.464,-0.686,-0.657,0.311,-0.028,0.621,-0.784,2352.15,10.295,6.043,-11.526,-0.267,-0.496,0.826,0.823,-0.159,-0.545,2458.13,-1.679,0.112,0.112,-0.943,-0.091,0.321,0.144,0.858,-0.493,2395.88,-1.343,-6.714,-0.895,-0.528,-0.176,0.831,0.825,-0.533,-0.185,9.775,4.458,0.107,-1.206,0.840,-0.416,-0.347,10.510,-5.328,-3.328,-0.214,scissors
35.099479,0.416,0.815,-0.403,2608.81,-1.567,8.169,9.176,-0.671,-0.649,0.358,0.030,0.494,-0.869,2437.85,7.386,14.436,-11.079,-0.252,-0.484,0.838,0.828,-0.118,-0.548,2408.41,-5.595,1.007,-0.895,-0.938,-0.121,0.325,0.151,0.874,-0.462,2409.21,-2.798,-3.693,1.007,-0.529,-0.175,0.831,0.834,-0.521,-0.181,9.753,3.649,1.908,-1.450,0.844,-0.404,-0.353,10.554,-6.458,-1.466,-0.641,scissors
35.099583,0.427,0.799,-0.422,2745.82,3.581,-3.805,-0.448,-0.683,-0.635,0.362,0.013,0.566,-0.824,2474.14,0.783,7.498,-0.112,-0.254,-0.490,0.834,0.818,-0.149,-0.556,2498.57,1.455,-1.343,0.671,-0.924,-0.059,0.378,0.160,0.863,-0.480,2462.69,-1.343,0.448,1.567,-0.520,-0.170,0.837,0.830,-0.523,-0.192,9.914,-1.466,2.275,-5.389,0.843,-0.409,-0.349,10.589,-10.031,0.916,-4.336,scissors
35.099675,0.411,0.818,-0.403,2803.49,5.819,-10.407,-7.386,-0.680,-0.647,0.346,0.020,0.567,-0.823,2607.63,1.902,7.722,3.357,-0.251,-0.486,0.837,0.830,-0.128,-0.543,2449.77,6.043,-3.469,5.260,-0.929,-0.085,0.360,0.157,0.867,-0.473,2496.42,0.000,0.448,-0.224,-0.525,-0.172,0.834,0.831,-0.528,-0.177,10.094,-2.321,3.725,-8.031,0.843,-0.414,-0.343,10.813,-11.282,-3.817,-6.198,scissors
35.099794,0.410,0.842,-0.350,2641.02,11.302,-10.519,-16.898,-0.687,-0.637,0.350,0.001,0.621,-0.784,2540.51,3.469,3.469,5.819,-0.277,-0.507,0.816,0.822,-0.139,-0.552,2531.84,4.141,-3.245,6.267,-0.934,-0.119,0.338,0.154,0.865,-0.478,2491.50,1.902,0.895,-0.671,-0.526,-0.173,0.833,0.819,-0.542,-0.187,10.153,-0.931,4.000,-7.985,0.838,-0.425,-0.342,10.808,-10.244,-4.412,-5.221,scissors
35.099887,0.381,0.851,-0.362,2742.44,13.429,-6.267,-22.605,-0.654,-0.662,0.366,-0.014,0.660,-0.751,2493.74,1.790,6.267,3.469,-0.267,-0.496,0.826,0.828,-0.117,-0.548,2494.29,5.595,-0.671,4.029,-0.936,-0.058,0.348,0.144,0.869,-0.473,2455.03,5.371,2.798,-0.336,-0.521,-0.172,0.836,0.826,-0.534,-0.179,9.979,0.992,2.382,-6.992,0.842,-0.418,-0.341,10.666,-8.840,-6.153,-4.748,scissors
35.101392,0.414,0.819,-0.397,2572.58,22.493,-5.819,-24.955,-0.671,-0.648,0.360,0.016,0.626,-0.780,2600.32,3.021,9.736,0.224,-0.271,-0.504,0.820,0.825,-0.136,-0.548,2441.31,6.043,-1.790,3.469,-0.924,-0.090,0.371,0.157,0.868,-0.470,2447.01,3.805,3.917,-0.671,-0.519,-0.170,0.838,0.833,-0.523,-0.180,9.796,0.015,0.092,-7.206,0.847,-0.405,-0.343,10.488,-10.351,-6.107,-4.992,scissors
35.101485,0.390,0.814,-0.431,2758.51,25.403,-7.498,-26.074,-0.652,-0.661,0.371,0.021,0.587,-0.809,2518.65,6.602,5.595,-2.798,-0.262,-0.488,0.833,0.817,-0.148,-0.557,2454.08,6.155,-2.014,5.819,-0.916,-0.088,0.392,0.164,0.866,-0.473,2453.92,6.155,4.924,0.560,-0.531,-0.173,0.829,0.834,-0.516,-0.195,9.854,-3.618,0.168,-8.489,0.844,-0.399,-0.358,10.592,-14.412,-6.198,-6.260,scissors
35.101570,0.392,0.814,-0.429,2614.09,34.579,-13.764,-33.572,-0.661,-0.667,0.343,0.013,0.587,-0.809,2435.32,8.617,3.581,0.000,-0.266,-0.487,0.832,0.821,-0.156,-0.549,2453.41,7.722,-4.029,9.400,-0.933,-0.087,0.350,0.155,0.858,-0.489,2475.31,10.967,3.581,1.567,-0.523,-0.168,0.836,0.831,-0.522,-0.193,9.965,-4.412,-0.626,-9.359,0.842,-0.408,-0.354,10.708,-15.298,-7.496,-7.069,scissors
35.101659,0.482,0.772,-0.414,2066.87,35.362,-11.302,-36.146,-0.634,-0.656,0.410,0.028,0.537,-0.843,2534.31,7.498,1.790,7.050,-0.260,-0.498,0.827,0.815,-0.171,-0.554,2521.17,8.169,-2.238,10.855,-0.939,-0.082,0.334,0.151,0.855,-0.497,2476.79,9.624,-0.224,1.231,-0.530,-0.167,0.831,0.830,-0.528,-0.180,10.124,-1.023,0.809,-6.794,0.845,-0.410,-0.344,10.871,-12.382,-6.275,-4.214,scissors
35.101746,0.402,0.828,-0.392,2357.33,14.883,-7.833,-13.093,-0.628,-0.663,0.407,-0.008,0.549,-0.836,2087.73,-4.364,-5.260,17.457,-0.261,-0.479,0.838,0.819,-0.148,-0.554,2520.76,2.910,0.000,8.729,-0.936,-0.096,0.337,0.144,0.855,-0.498,2391.77,5.819,-2.798,0.783,-0.532,-0.164,0.831,0.828,-0.530,-0.181,9.866,3.496,3.557,-2.840,0.842,-0.417,-0.343,10.575,-7.130,-3.511,-1.069,scissors
35.101835,0.363,0.840,-0.403,2610.97,11.191,-2.350,-17.681,-0.623,-0.667,0.408,0.038,0.547,-0.836,2380.38,-15.331,2.574,28.200,-0.295,-0.491,0.820,0.823,-0.136,-0.551,2446.26,-2.014,0.895,1.679,-0.925,-0.068,0.374,0.146,0.865,-0.479,2422.94,-2.238,0.112,-0.336,-0.529,-0.164,0.833,0.831,-0.527,-0.179,9.852,3.802,2.290,-3.298,0.844,-0.412,-0.343,10.583,-5.786,-4.000,-1.679,scissors
35.101919,0.359,0.823,-0.439,2773.92,11.974,-3.357,-18.464,-0.607,-0.668,0.431,0.068,0.504,-0.861,2505.84,-24.395,-14.660,47.560,-0.302,-0.513,0.804,0.818,-0.162,-0.553,2475.64,-0.671,-0.112,2.350,-0.935,-0.072,0.347,0.163,0.861,-0.482,2410.84,2.462,1.455,-0.336,-0.530,-0.166,0.832,0.841,-0.506,-0.194,9.850,1.267,4.366,-5.069,0.846,-0.396,-0.358,10.612,-7.435,-1.389,-2.672,scissors
35.102001,0.370,0.790,-0.489,2692.70,27.976,-11.750,-29.991,-0.613,-0.660,0.434,0.033,0.621,-0.783,2491.06,-30.326,-18.912,56.177,-0.291,-0.509,0.810,0.820,-0.155,-0.550,2467.12,-1.007,-0.112,3.357,-0.926,-0.037,0.375,0.157,0.855,-0.494,2507.25,1.007,-0.224,-0.895,-0.523,-0.160,0.837,0.846,-0.498,-0.192,10.147,-1.160,4.153,-7.298,0.854,-0.382,-0.355,10.872,-10.229,-1.481,-4.046,scissors
35.103932,0.421,0.764,-0.490,2206.57,26.857,-12.869,-25.738,-0.586,-0.686,0.431,0.044,0.663,-0.747,2939.70,-31.222,-19.248,55.505,-0.309,-0.495,0.812,0.810,-0.177,-0.559,2535.61,-2.350,-1.455,5.371,-0.929,-0.054,0.367,0.158,0.853,-0.497,2491.02,4.476,-3.245,0.224,-0.528,-0.156,0.835,0.837,-0.510,-0.198,9.968,0.107,2.901,-3.176,0.846,-0.397,-0.356,10.640,-11.176,-2.351,-1.374,scissors
35.104025,0.301,0.848,-0.436,3017.85,11.974,-16.338,-17.681,-0.579,-0.676,0.455,0.044,0.544,-0.838,2303.83,-17.233,-25.626,36.481,-0.316,-0.490,0.813,0.813,-0.160,-0.560,2513.64,-1.455,-0.560,4.812,-0.928,-0.031,0.372,0.140,0.859,-0.493,2532.11,2.798,-3.917,-0.224,-0.526,-0.158,0.836,0.842,-0.510,-0.178,10.244,1.237,1.206,-6.611,0.852,-0.398,-0.340,10.999,-10.748,-3.420,-5.053,scissors
35.104123,0.370,0.796,-0.478,2238.26,33.348,-14.212,-29.096,-0.590,-0.669,0.452,0.020,0.607,-0.794,2097.10,-28.424,-24.843,55.281,-0.342,-0.486,0.804,0.818,-0.135,-0.559,2605.62,-1.231,-3.581,6.602,-0.938,-0.066,0.341,0.141,0.861,-0.489,2434.68,0.783,-4.252,-3.469,-0.523,-0.157,0.838,0.838,-0.518,-0.172,9.977,3.985,5.725,-3.038,0.851,-0.401,-0.338,10.645,-8.153,1.237,-2.901,scissors
35.104218,0.407,0.728,-0.551,2085.82,17.122,-8.281,-18.576,-0.578,-0.669,0.468,0.052,0.697,-0.715,2894.76,-29.096,-14.212,43.531,-0.345,-0.511,0.787,0.824,-0.140,-0.549,2383.62,-4.141,-5.483,2.014,-0.932,-0.071,0.355,0.157,0.860,-0.486,2449.24,-1.343,-2.238,-1.679,-0.531,-0.160,0.832,0.842,-0.504,-0.193,9.778,1.603,4.351,-1.527,0.849,-0.391,-0.355,10.501,-9.756,-0.305,-1.435,scissors
35.120607,0.351,0.803,-0.481,2390.15,-0.448,-7.274,0.224,-0.572,-0.677,0.464,0.086,0.660,-0.746,2773.74,-12.533,-19.472,26.522,-0.347,-0.492,0.798,0.809,-0.167,-0.563,2464.85,-1.790,-4.700,2.350,-0.936,-0.042,0.350,0.149,0.867,-0.475,2441.74,-1.119,-1.902,-0.336,-0.526,-0.155,0.836,0.832,-0.523,-0.186,9.933,2.198,3.649,-2.275,0.844,-0.411,-0.345,10.675,-9.008,-0.504,-2.015,scissors
35.142610,0.276,0.862,-0.424,3147.36,-4.476,-6.602,-2.574,-0.568,-0.663,0.487,0.022,0.597,-0.802,1918.47,-19.024,-34.131,38.384,-0.357,-0.482,0.800,0.814,-0.161,-0.558,2487.56,-3.693,-3.245,1.679,-0.931,-0.063,0.360,0.145,0.854,-0.499,2443.21,0.336,-3.917,-2.350,-0.522,-0.153,0.839,0.838,-0.517,-0.174,9.919,4.244,1.527,-3.115,0.852,-0.404,-0.333,10.653,-6.672,-1.786,-2.779,scissors
35.165577,0.331,0.802,-0.497,2355.72,18.688,-11.191,-18.017,-0.563,-0.680,0.469,0.029,0.739,-0.673,2491.41,-35.027,-19.919,59.198,-0.354,-0.487,0.798,0.813,-0.133,-0.567,2501.19,-2.350,-4.141,-0.336,-0.923,-0.029,0.383,0.137,0.867,-0.479,2442.37,-2.686,-0.671,-2.350,-0.523,-0.159,0.838,0.840,-0.508,-0.191,9.906,4.962,0.580,1.802,0.850,-0.392,-0.352,10.611,-5.756,-2.076,1.130,scissors
35.187894,0.339,0.768,-0.543,2298.07,7.274,-7.945,-7.162,-0.570,-0.665,0.482,0.021,0.825,-0.564,3005.93,-17.681,0.000,28.424,-0.380,-0.495,0.782,0.813,-0.176,-0.555,2394.64,0.336,-3.805,-2.910,-0.934,-0.056,0.353,0.145,0.859,-0.491,2441.87,-0.448,1.007,0.224,-0.529,-0.158,0.834,0.840,-0.504,-0.200,9.802,4.962,-2.336,1.511,0.849,-0.394,-0.353,10.528,-6.168,-5.450,0.580,scissors
35.606530,0.311,0.822,-0.476,2537.98,1.679,0.448,3.469,-0.564,-0.675,0.476,0.071,0.660,-0.748,2659.39,2.014,2.686,7.386,-0.376,-0.515,0.771,0.812,-0.164,-0.560,2443.05,2.910,-1.790,0.560,-0.934,-0.026,0.356,0.148,0.860,-0.488,2460.53,0.895,3.133,0.783,-0.524,-0.156,0.837,0.845,-0.507,-0.172,10.007,4.168,-1.573,-1.053,0.856,-0.390,-0.339,10.748,-6.748,-5.832,-1.099,scissors
35.611148,0.346,0.767,-0.540,2454.54,-1.231,-0.895,9.064,-0.561,-0.668,0.489,0.056,0.690,-0.722,2486.53,1.007,1.902,6.267,-0.397,-0.492,0.775,0.808,-0.136,-0.573,2506.50,2.350,-2.574,0.448,-0.914,-0.033,0.405,0.149,0.858,-0.491,2442.48,1.567,1.567,-0.336,-0.524,-0.159,0.837,0.840,-0.506,-0.193,9.919,3.160,-0.473,0.504,0.849,-0.390,-0.356,10.655,-7.221,-5.145,0.000,scissors
35.611259,0.327,0.820,-0.469,2388.86,-10.519,-0.671,18.464,-0.569,-0.674,0.471,0.072,0.653,-0.754,2745.03,3.021,2.126,3.021,-0.388,-0.492,0.779,0.808,-0.178,-0.562,2469.04,4.252,-3.245,-0.224,-0.920,-0.051,0.387,0.150,0.854,-0.498,2431.16,-0.224,1.790,1.119,-0.524,-0.157,0.837,0.838,-0.509,-0.197,9.965,5.282,0.458,0.962,0.847,-0.397,-0.354,10.686,-5.450,-4.214,0.382,scissors
35.611351,0.312,0.828,-0.466,2592.89,-12.757,5.036,16.786,-0.562,-0.675,0.479,0.024,0.769,-0.639,2624.72,5.483,-1.119,-6.714,-0.387,-0.481,0.787,0.818,-0.151,-0.555,2463.74,1.679,-1.343,-2.014,-0.920,-0.050,0.390,0.141,0.854,-0.501,2433.24,-2.126,0.895,0.112,-0.525,-0.152,0.837,0.837,-0.514,-0.185,9.854,7.740,-1.038,-0.687,0.849,-0.401,-0.343,10.575,-3.145,-6.000,-0.779,scissors
35.611444,0.312,0.835,-0.453,2756.66,-14.883,9.960,14.324,-0.590,-0.668,0.453,0.114,0.564,-0.818,2361.10,12.533,8.617,-21.262,-0.387,-0.506,0.771,0.812,-0.143,-0.565,2454.89,5.148,-1.119,-2.574,-0.916,-0.026,0.401,0.148,0.865,-0.480,2459.96,-0.895,3.581,-0.112,-0.523,-0.159,0.837,0.839,-0.513,-0.180,9.914,7.649,-1.771,-2.351,0.852,-0.395,-0.344,10.653,-2.885,-6.626,-2.305,scissors
35.611606,0.310,0.831,-0.462,2997.41,-7.274,8.505,3.805,-0.578,-0.666,0.472,0.054,0.644,-0.763,2221.70,4.476,5.260,-8.281,-0.401,-0.482,0.779,0.803,-0.174,-0.569,2470.96,3.021,-0.671,-2.574,-0.924,-0.045,0.379,0.157,0.854,-0.496,2441.92,-0.224,1.567,0.000,-0.518,-0.151,0.842,0.841,-0.502,-0.201,9.921,5.221,-0.641,-3.603,0.852,-0.383,-0.358,10.636,-4.977,-5.786,-2.534,scissors
35.611723,0.363,0.772,-0.522,2501.52,4.924,0.224,-5.931,-0.581,-0.667,0.466,0.045,0.736,-0.675,2714.14,1.567,13.988,-1.790,-0.376,-0.501,0.779,0.804,-0.191,-0.563,2466.52,2.574,0.000,0.000,-0.924,-0.045,0.381,0.154,0.855,-0.495,2486.86,2.126,0.112,1.455,-0.525,-0.160,0.836,0.840,-0.503,-0.201,9.951,2.290,-1.206,-3.099,0.850,-0.387,-0.357,10.707,-7.542,-6.779,-1.740,scissors
35.611822,0.332,0.822,-0.463,2588.36,5.483,0.000,-0.336,-0.567,-0.656,0.498,0.038,0.750,-0.660,2627.79,13.093,19.136,-14.660,-0.383,-0.483,0.788,0.808,-0.164,-0.566,2504.67,1.455,-0.224,1.455,-0.911,-0.046,0.409,0.147,0.861,-0.486,2469.13,2.798,0.336,2.462,-0.529,-0.156,0.834,0.835,-0.520,-0.180,10.012,3.374,-1.374,-3.740,0.851,-0.404,-0.336,10.776,-6.366,-6.794,-2.473,scissors
35.611917,0.349,0.798,-0.491,2602.55,7.050,1.567,1.679,-0.576,-0.679,0.455,0.188,0.406,-0.894,2728.04,14.995,14.436,-19.136,-0.389,-0.497,0.776,0.798,-0.175,-0.577,2575.60,2.014,0.112,1.343,-0.923,-0.067,0.380,0.173,0.856,-0.486,2448.43,2.910,0.560,0.336,-0.529,-0.160,0.833,0.846,-0.497,-0.193,10.002,2.153,3.466,-3.191,0.854,-0.379,-0.357,10.754,-8.092,-1.771,-2.672,scissors
35.613794,0.364,0.745,-0.558,2656.08,1.119,-4.476,0.783,-0.591,-0.674,0.444,0.041,0.713,-0.700,2462.89,1.231,-2.238,1.902,-0.376,-0.491,0.786,0.805,-0.199,-0.559,2465.61,-0.671,-3.357,1.902,-0.922,-0.051,0.385,0.153,0.857,-0.492,2502.28,2.126,-3.021,0.895,-0.533,-0.163,0.831,0.846,-0.490,-0.210,9.865,-2.687,1.939,-3.817,0.852,-0.371,-0.371,10.631,-12.595,-3.344,-3.176,scissors
35.613910,0.376,0.727,-0.575,2547.36,3.245,-15.219,6.043,-0.581,-0.667,0.466,0.052,0.742,-0.668,2904.88,13.205,-0.112,-9.848,-0.381,-0.486,0.787,0.803,-0.198,-0.562,2470.40,2.686,-2.910,5.483,-0.925,-0.014,0.380,0.158,0.850,-0.502,2488.35,7.050,-2.910,4.476,-0.524,-0.156,0.837,0.842,-0.497,-0.210,9.991,-6.015,-0.366,-4.779,0.849,-0.383,-0.364,10.729,-16.244,-5.939,-3.740,scissors
35.614001,0.341,0.792,-0.507,2634.90,0.448,-19.472,13.093,-0.573,-0.661,0.484,0.013,0.771,-0.636,2541.90,20.367,7.050,-23.948,-0.366,-0.470,0.803,0.810,-0.168,-0.562,2501.50,4.924,-1.455,9.288,-0.928,-0.031,0.372,0.153,0.850,-0.504,2442.68,8.617,-3.469,5.819,-0.529,-0.158,0.834,0.834,-0.515,-0.196,9.979,-4.672,-2.168,-3.221,0.848,-0.400,-0.348,10.663,-14.931,-7.634,-2.992,scissors
35.614087,0.328,0.834,-0.445,2408.98,2.126,-15.891,13.988,-0.595,-0.642,0.484,0.023,0.742,-0.670,2268.46,27.865,26.298,-37.265,-0.356,-0.480,0.802,0.819,-0.139,-0.556,2459.39,6.379,-0.560,7.945,-0.926,-0.030,0.377,0.140,0.860,-0.490,2449.04,6.938,-1.790,6.155,-0.528,-0.148,0.836,0.835,-0.523,-0.172,9.887,-2.977,-3.573,-2.275,0.853,-0.402,-0.331,10.621,-11.573,-8.214,-3.130,scissors
35.614170,0.365,0.795,-0.484,2354.12,0.448,-11.750,20.814,-0.591,-0.653,0.474,0.140,0.502,-0.853,2399.84,27.641,36.705,-35.362,-0.359,-0.488,0.796,0.814,-0.143,-0.564,2463.02,8.729,-0.224,3.805,-0.922,-0.059,0.383,0.158,0.862,-0.482,2431.44,5.371,1.455,6.043,-0.522,-0.142,0.841,0.832,-0.518,-0.198,9.838,-2.412,-2.763,-0.718,0.843,-0.402,-0.358,10.587,-10.168,-6.870,-2.687,scissors
35.614253,0.329,0.839,-0.434,2583.28,-5.707,-9.736,24.172,-0.594,-0.632,0.497,0.107,0.564,-0.819,2311.44,17.681,27.193,-18.017,-0.362,-0.480,0.799,0.811,-0.194,-0.552,2423.85,8.169,-0.783,2.574,-0.919,-0.020,0.393,0.159,0.846,-0.509,2417.95,2.126,0.000,5.148,-0.517,-0.140,0.844,0.832,-0.515,-0.206,9.818,1.802,-4.443,-0.947,0.844,-0.398,-0.360,10.568,-8.168,-9.359,-0.763,scissors
35.614346,0.334,0.823,-0.459,2570.09,-1.902,-1.455,15.219,-0.594,-0.648,0.477,0.057,0.673,-0.737,2460.19,10.743,32.788,-11.302,-0.376,-0.492,0.785,0.811,-0.165,-0.562,2434.93,5.036,5.148,1.119,-0.925,-0.014,0.380,0.155,0.847,-0.509,2416.38,1.679,0.000,5.260,-0.524,-0.142,0.840,0.833,-0.515,-0.203,9.873,4.687,-4.611,-0.901,0.845,-0.400,-0.354,10.594,-5.511,-9.878,0.931,scissors
35.614427,0.298,0.875,-0.383,2520.10,-3.917,3.693,9.512,-0.601,-0.639,0.480,0.047,0.700,-0.713,2380.69,10.631,35.810,-17.681,-0.370,-0.496,0.786,0.814,-0.155,-0.560,2462.69,2.462,7.274,-2.126,-0.925,-0.014,0.380,0.134,0.853,-0.504,2421.24,-1.231,1.902,4.141,-0.520,-0.145,0.842,0.831,-0.525,-0.183,9.869,9.603,-6.122,-0.779,0.849,-0.407,-0.336,10.606,0.244,-11.145,1.023,scissors
35.621906,0.348,0.815,-0.463,2608.84,1.007,14.548,4.364,-0.611,-0.623,0.488,0.099,0.641,-0.761,2215.81,10.183,43.531,-22.381,-0.377,-0.497,0.782,0.816,-0.139,-0.561,2456.80,3.469,6.826,-6.379,-0.928,0.000,0.373,0.142,0.864,-0.483,2425.45,-3.469,5.595,2.686,-0.525,-0.145,0.838,0.845,-0.498,-0.197,9.843,9.267,-5.832,-0.840,0.855,-0.375,-0.359,10.582,0.107,-10.687,1.069,scissors
35.622018,0.388,0.715,-0.582,2618.43,2.798,6.379,8.729,-0.606,-0.643,0.468,0.176,0.498,-0.849,2794.47,4.924,49.462,-14.324,-0.374,-0.489,0.788,0.802,-0.222,-0.555,2427.87,6.714,5.483,-3.917,-0.927,-0.007,0.374,0.184,0.856,-0.483,2505.71,1.455,4.924,4.924,-0.526,-0.149,0.837,0.852,-0.471,-0.228,9.919,3.252,-6.244,-3.084,0.852,-0.352,-0.387,10.727,-6.595,-12.397,-0.550,scissors
35.622115,0.365,0.766,-0.528,2698.04,0.224,-0.671,13.653,-0.586,-0.638,0.500,0.163,0.524,-0.836,2955.58,9.512,32.676,-6.043,-0.363,-0.485,0.795,0.792,-0.238,-0.562,2505.25,7.833,5.931,1.231,-0.914,-0.025,0.404,0.193,0.838,-0.511,2503.11,6.155,3.245,6.155,-0.524,-0.142,0.840,0.849,-0.481,-0.218,10.223,0.305,-3.176,-4.550,0.854,-0.360,-0.374,11.075,-10.229,-9.985,-2.107,scissors
35.626260,0.356,0.780,-0.515,2766.85,0.783,-1.231,5.595,-0.615,-0.639,0.462,0.119,0.599,-0.792,2501.91,12.422,17.010,-10.743,-0.379,-0.509,0.773,0.799,-0.207,-0.565,2645.77,6.602,4.364,6.267,-0.929,-0.008,0.371,0.181,0.829,-0.529,2492.77,7.050,-2.686,4.476,-0.518,-0.144,0.843,0.851,-0.481,-0.211,10.268,-0.947,2.076,-3.511,0.855,-0.364,-0.368,11.037,-12.305,-4.366,-2.107,scissors
35.646377,0.369,0.777,-0.510,2621.72,-1.119,-9.736,5.595,-0.608,-0.627,0.487,0.140,0.561,-0.816,2691.70,7.722,16.226,-12.198,-0.384,-0.513,0.768,0.804,-0.220,-0.552,2530.65,3.581,-2.462,5.595,-0.934,-0.003,0.356,0.171,0.837,-0.520,2479.96,1.679,-4.141,3.021,-0.520,-0.140,0.843,0.835,-0.502,-0.227,9.990,-1.374,3.756,-4.260,0.840,-0.391,-0.375,10.750,-13.359,-2.427,-2.992,scissors
35.670559,0.338,0.836,-0.432,2660.74,-2.238,-10.295,4.924,-0.600,-0.636,0.485,0.036,0.755,-0.654,2231.01,8.169,9.512,-15.331,-0.367,-0.479,0.797,0.826,-0.175,-0.536,2462.25,-1.231,-1.790,6.155,-0.949,-0.032,0.313,0.156,0.847,-0.507,2461.47,-2.574,-5.148,0.895,-0.524,-0.145,0.839,0.835,-0.513,-0.197,9.850,2.015,0.962,-5.542,0.847,-0.397,-0.354,10.560,-9.389,-4.336,-3.344,scissors
35.692273,0.391,0.753,-0.529,2524.06,3.021,-5.036,0.783,-0.607,-0.611,0.508,0.132,0.715,-0.686,2328.82,5.148,34.915,-19.807,-0.373,-0.514,0.772,0.813,-0.178,-0.554,2416.59,-0.783,-0.560,3.133,-0.936,-0.011,0.352,0.171,0.858,-0.484,2419.86,0.895,-2.798,1.679,-0.525,-0.146,0.838,0.839,-0.500,-0.212,9.623,-0.061,-1.206,-5.481,0.845,-0.387,-0.369,10.333,-10.779,-6.626,-3.328,scissors
36.119113,0.365,0.793,-0.488,2518.47,3.021,-10.295,6.379,-0.617,-0.623,0.482,0.195,0.525,-0.828,2628.62,8.169,44.762,-21.374,-0.387,-0.499,0.776,0.824,-0.162,-0.542,2360.35,3.805,-0.336,4.924,-0.924,-0.006,0.384,0.175,0.850,-0.496,2417.86,3.021,-1.455,2.910,-0.524,-0.140,0.840,0.844,-0.490,-0.218,9.832,-1.298,-3.389,-6.916,0.848,-0.377,-0.373,10.616,-12.748,-8.443,-4.611,scissors
36.119351,0.380,0.756,-0.533,2542.45,6.602,-12.757,7.050,-0.615,-0.612,0.498,0.148,0.580,-0.801,2533.60,9.736,16.898,-12.757,-0.345,-0.496,0.797,0.802,-0.213,-0.558,2487.25,3.693,0.783,7.274,-0.937,0.004,0.349,0.163,0.831,-0.532,2475.21,3.805,-2.574,2.686,-0.526,-0.144,0.838,0.843,-0.487,-0.228,10.117,-1.695,-1.771,-6.718,0.848,-0.370,-0.379,10.848,-11.176,-6.260,-3.832,scissors
36.119460,0.329,0.825,-0.459,2696.63,1.679,-13.205,5.707,-0.630,-0.614,0.475,0.052,0.711,-0.702,2123.56,4.924,53.715,-20.143,-0.354,-0.488,0.798,0.823,-0.158,-0.545,2472.09,1.455,0.224,7.498,-0.928,0.037,0.372,0.157,0.842,-0.516,2441.24,1.567,-4.588,2.462,-0.528,-0.142,0.837,0.848,-0.486,-0.213,9.999,0.046,-0.672,-4.779,0.854,-0.369,-0.366,10.745,-10.931,-5.511,-2.595,scissors
36.119565,0.379,0.740,-0.556,2581.24,7.945,-13.093,1.231,-0.626,-0.632,0.456,0.219,0.531,-0.818,2970.24,-4.700,52.484,-13.653,-0.386,-0.505,0.772,0.795,-0.237,-0.558,2521.13,3.693,0.224,3.805,-0.934,-0.003,0.356,0.179,0.843,-0.507,2462.75,-1.455,-3.021,2.798,-0.528,-0.136,0.838,0.853,-0.468,-0.233,9.971,-3.099,2.046,-4.550,0.854,-0.352,-0.384,10.756,-13.740,-2.305,-2.626,scissors
36.119662,0.351,0.793,-0.497,2667.95,2.238,-18.353,3.581,-0.617,-0.620,0.485,0.175,0.604,-0.778,2823.56,3.357,29.431,-15.555,-0.379,-0.499,0.779,0.798,-0.231,-0.556,2497.33,-3.133,-1.455,6.826,-0.943,0.008,0.332,0.173,0.845,-0.506,2505.90,-2.350,-5.819,2.574,-0.524,-0.138,0.841,0.847,-0.473,-0.244,10.031,-3.496,-2.595,-8.092,0.843,-0.365,-0.395,10.844,-18.458,-7.221,-4.351,scissors
36.119747,0.344,0.780,-0.522,2839.02,5.819,-23.165,1.679,-0.613,-0.596,0.519,0.111,0.661,-0.742,1969.85,4.029,33.572,-14.436,-0.404,-0.513,0.757,0.801,-0.243,-0.547,2501.98,1.007,-0.560,11.638,-0.929,0.022,0.369,0.179,0.841,-0.510,2527.84,4.364,-8.281,1.902,-0.528,-0.135,0.838,0.838,-0.466,-0.283,10.046,-9.954,-10.656,-14.168,0.866,-0.350,-0.356,10.759,-18.824,-20.107,-7.603,scissors
36.119853,0.375,0.709,-0.597,2680.53,16.450,-34.579,-1.007,-0.595,-0.619,0.513,0.192,0.608,-0.770,2417.28,-5.036,50.022,-4.588,-0.408,-0.521,0.749,0.772,-0.244,-0.586,2684.24,-0.448,-1.119,17.345,-0.934,0.019,0.357,0.177,0.830,-0.529,2453.08,7.162,-12.757,3.245,-0.524,-0.128,0.842,0.853,-0.467,-0.231,10.074,-8.824,0.626,-11.466,0.854,-0.353,-0.381,10.883,-23.832,-4.153,-7.053,scissors
36.119948,0.348,0.770,-0.535,2608.17,13.764,-35.474,-1.567,-0.606,-0.580,0.544,0.206,0.699,-0.685,2677.49,-10.519,57.520,-7.610,-0.412,-0.520,0.748,0.797,-0.225,-0.560,2565.36,-1.567,-3.021,16.898,-0.921,0.064,0.385,0.181,0.836,-0.518,2448.66,5.036,-12.869,2.350,-0.531,-0.128,0.838,0.856,-0.457,-0.241,10.048,-10.748,5.603,-11.511,0.852,-0.343,-0.395,10.836,-26.962,1.389,-8.168,scissors
36.120843,0.289,0.845,-0.449,2667.78,9.736,-39.615,-1.231,-0.603,-0.600,0.526,0.217,0.606,-0.765,2587.44,0.000,69.494,-29.431,-0.388,-0.511,0.767,0.806,-0.220,-0.550,2451.17,-5.707,-7.274,19.584,-0.942,0.048,0.332,0.162,0.836,-0.524,2494.93,0.783,-16.786,1.119,-0.525,-0.127,0.842,0.836,-0.498,-0.232,9.995,-9.817,0.305,-8.931,0.842,-0.386,-0.378,10.702,-25.359,-2.397,-6.397,scissors
36.120979,0.315,0.829,-0.463,2293.28,16.786,-29.096,-9.064,-0.610,-0.583,0.537,0.250,0.504,-0.827,2680.94,2.798,59.646,-27.865,-0.409,-0.551,0.727,0.821,-0.147,-0.551,2464.10,-5.483,-5.707,18.353,-0.927,0.052,0.371,0.153,0.850,-0.504,2382.68,1.007,-13.093,0.448,-0.527,-0.125,0.840,0.844,-0.485,-0.228,9.820,-3.802,-2.290,-2.412,0.847,-0.369,-0.383,10.586,-20.351,-3.725,-1.252,scissors
36.121093,0.298,0.828,-0.475,2318.94,5.036,-20.703,-1.679,-0.591,-0.584,0.557,0.241,0.576,-0.781,2824.96,2.798,34.019,-22.269,-0.427,-0.542,0.724,0.804,-0.239,-0.545,2420.90,-2.014,-3.133,10.967,-0.931,0.016,0.364,0.153,0.840,-0.521,2379.52,0.112,-11.414,1.567,-0.533,-0.128,0.837,0.831,-0.509,-0.225,9.633,2.412,-3.603,-1.008,0.839,-0.401,-0.368,10.357,-13.847,-5.954,-0.214,scissors
36.121199,0.248,0.892,-0.378,2471.23,0.448,-6.826,-2.238,-0.594,-0.589,0.548,0.161,0.749,-0.643,2210.95,5.819,52.931,-37.265,-0.430,-0.539,0.724,0.828,-0.115,-0.549,2384.37,-6.602,0.783,7.162,-0.926,0.064,0.373,0.140,0.859,-0.492,2381.81,-2.238,-3.021,2.238,-0.523,-0.122,0.843,0.843,-0.495,-0.212,9.580,8.076,-2.656,-0.916,0.852,-0.372,-0.369,10.346,-4.611,-5.206,0.611,scissors
36.121303,0.349,0.734,-0.583,2324.19,5.595,2.574,-2.350,-0.570,-0.594,0.567,0.261,0.606,-0.751,2570.02,2.238,44.650,-31.893,-0.425,-0.540,0.726,0.784,-0.260,-0.564,2407.92,0.000,0.336,-4.252,-0.925,0.094,0.367,0.175,0.841,-0.512,2421.96,2.910,-2.126,1.007,-0.524,-0.118,0.844,0.857,-0.448,-0.256,9.684,2.733,0.214,-1.573,0.852,-0.333,-0.405,10.458,-8.107,-4.290,0.107,scissors
36.121408,0.308,0.770,-0.559,2688.31,2.574,0.000,2.350,-0.583,-0.590,0.558,0.224,0.691,-0.687,2240.74,4.588,50.470,-34.803,-0.423,-0.552,0.719,0.801,-0.232,-0.552,2406.44,-5.371,0.336,0.448,-0.933,0.058,0.355,0.143,0.845,-0.514,2467.20,-8.057,-2.798,2.686,-0.526,-0.121,0.842,0.847,-0.476,-0.236,9.889,1.496,-2.107,-4.015,0.847,-0.367,-0.385,10.697,-8.443,-7.786,-1.435,scissors
36.121512,0.296,0.804,-0.516,2473.30,5.036,0.336,0.895,-0.591,-0.588,0.552,0.276,0.497,-0.823,2919.48,4.029,49.015,-28.312,-0.419,-0.554,0.719,0.809,-0.185,-0.558,2489.65,-2.238,3.245,3.133,-0.937,0.028,0.348,0.140,0.843,-0.520,2384.37,0.112,-2.574,2.686,-0.524,-0.123,0.843,0.846,-0.492,-0.207,10.130,10.260,0.244,-0.046,0.854,-0.378,-0.359,10.911,0.137,-4.733,1.481,scissors
36.121594,0.269,0.853,-0.446,2423.14,-0.895,17.345,-5.036,-0.586,-0.589,0.556,0.159,0.776,-0.610,2361.73,6.491,31.222,-33.796,-0.427,-0.556,0.713,0.807,-0.161,-0.568,2494.97,-4.700,3.693,-6.043,-0.924,0.039,0.381,0.119,0.847,-0.518,2393.23,-5.371,1.231,-0.224,-0.521,-0.119,0.845,0.859,-0.456,-0.231,9.692,12.885,-0.061,2.382,0.857,-0.343,-0.385,10.467,4.015,-4.366,3.023,scissors
36.123163,0.368,0.631,-0.683,2703.78,1.902,11.862,0.336,-0.583,-0.604,0.544,0.332,0.457,-0.825,3018.82,15.667,43.531,-48.231,-0.420,-0.559,0.715,0.795,-0.218,-0.566,2383.54,-4.141,2.238,-13.653,-0.906,0.076,0.416,0.185,0.855,-0.485,2497.15,-7.386,5.260,1.231,-0.526,-0.127,0.841,0.857,-0.437,-0.272,9.870,4.733,-3.191,-1.924,0.847,-0.326,-0.419,10.693,-5.863,-8.626,-0.931,scissors
36.123281,0.307,0.788,-0.534,2798.03,0.224,2.350,2.126,-0.596,-0.602,0.531,0.286,0.558,-0.779,2895.45,29.096,13.988,-35.027,-0.420,-0.564,0.711,0.791,-0.255,-0.556,2495.79,4.700,2.126,-0.783,-0.931,0.061,0.359,0.170,0.834,-0.525,2490.73,4.588,1.007,2.686,-0.533,-0.131,0.836,0.849,-0.469,-0.244,10.114,3.298,-3.573,-2.885,0.847,-0.357,-0.393,10.924,-7.573,-8.565,-1.557,scissors
36.123372,0.300,0.820,-0.488,2437.23,1.119,1.902,-2.910,-0.575,-0.590,0.567,0.253,0.575,-0.778,2759.07,36.705,0.783,-31.781,-0.400,-0.568,0.719,0.804,-0.214,-0.554,2555.62,4.476,2.014,4.141,-0.923,0.054,0.381,0.154,0.836,-0.527,2425.79,8.169,0.112,1.679,-0.526,-0.122,0.842,0.839,-0.493,-0.230,9.982,9.237,-1.618,1.191,0.844,-0.380,-0.379,10.725,-0.840,-6.153,1.878,scissors
36.123459,0.303,0.816,-0.492,2475.14,2.014,11.302,-4.700,-0.587,-0.582,0.563,0.256,0.487,-0.835,2734.86,38.048,-17.010,-30.998,-0.388,-0.545,0.744,0.813,-0.187,-0.551,2464.91,-1.007,2.014,-4.924,-0.925,0.030,0.378,0.151,0.852,-0.501,2414.09,2.798,5.371,-0.224,-0.526,-0.122,0.842,0.842,-0.484,-0.238,9.784,13.527,-2.809,4.031,0.844,-0.373,-0.385,10.527,3.588,-6.763,4.031,scissors
36.134489,0.327,0.780,-0.534,2449.52,0.336,13.205,-2.574,-0.584,-0.595,0.553,0.270,0.451,-0.851,2914.40,36.593,-49.350,-12.533,-0.377,-0.534,0.757,0.805,-0.211,-0.554,2417.19,0.783,3.133,-9.400,-0.923,0.071,0.378,0.163,0.849,-0.502,2410.14,0.560,10.072,-0.895,-0.526,-0.120,0.842,0.853,-0.458,-0.251,9.752,11.496,-4.168,4.366,0.847,-0.344,-0.405,10.521,1.130,-8.107,4.779,scissors
36.157450,0.362,0.683,-0.634,2696.64,-2.574,6.826,3.245,-0.593,-0.603,0.533,0.315,0.294,-0.903,3096.87,42.748,-122.201,37.488,-0.366,-0.550,0.750,0.782,-0.293,-0.549,2437.37,4.476,4.364,-6.155,-0.924,0.039,0.380,0.190,0.828,-0.527,2482.92,8.729,9.400,0.783,-0.531,-0.122,0.839,0.852,-0.453,-0.263,10.026,6.183,-3.160,3.588,0.844,-0.345,-0.411,10.881,-4.641,-7.237,5.267,scissors
36.180586,0.328,0.769,-0.548,2561.79,-1.902,-0.224,3.581,-0.611,-0.606,0.509,0.173,0.629,-0.758,2055.71,42.972,-145.142,43.084,-0.349,-0.531,0.772,0.806,-0.223,-0.548,2548.17,-6.602,6.267,-1.679,-0.947,0.031,0.319,0.162,0.821,-0.547,2480.57,14.883,5.260,2.126,-0.531,-0.126,0.838,0.844,-0.481,-0.237,10.150,7.939,-0.061,3.588,0.845,-0.372,-0.383,10.988,-3.069,-3.985,5.496,scissors
36.201434,0.292,0.827,-0.481,2535.40,-4.588,5.483,-1.902,-0.602,-0.579,0.551,0.025,0.764,-0.645,2066.32,17.122,-112.018,40.062,-0.309,-0.495,0.812,0.810,-0.196,-0.552,2547.30,-9.288,4.476,-5.148,-0.946,0.024,0.324,0.147,0.830,-0.539,2409.59,0.224,3.917,-1.231,-0.523,-0.112,0.845,0.838,-0.494,-0.230,9.888,12.901,0.214,5.969,0.846,-0.379,-0.375,10.605,2.092,-3.084,6.809,scissors
36.627068,0.359,0.725,-0.588,2555.71,-3.805,11.191,-1.679,-0.589,-0.596,0.546,0.130,0.528,-0.839,2429.84,7.386,-78.782,28.088,-0.311,-0.502,0.807,0.816,-0.161,-0.555,2430.28,-4.476,3.805,-9.848,-0.936,0.033,0.351,0.176,0.851,-0.495,2464.41,-7.722,7.498,-1.790,-0.528,-0.117,0.841,0.838,-0.495,-0.228,9.799,10.656,-2.107,6.076,0.843,-0.380,-0.380,10.585,-0.198,-5.435,6.015,scissors
36.655589,0.328,0.794,-0.511,2615.50,-4.588,7.274,1.679,-0.599,-0.594,0.537,0.168,0.446,-0.879,2765.47,3.693,-104.856,50.470,-0.300,-0.492,0.818,0.816,-0.183,-0.549,2456.75,-1.790,2.910,-5.819,-0.935,0.011,0.355,0.175,0.843,-0.509,2416.01,1.119,6.043,-1.567,-0.528,-0.117,0.841,0.844,-0.483,-0.235,9.950,11.756,-2.519,4.321,0.845,-0.373,-0.384,10.741,0.931,-5.664,4.611,scissors
36.655731,0.332,0.779,-0.532,2529.92,-4.588,8.393,-1.679,-0.612,-0.612,0.500,0.038,0.658,-0.752,2399.25,5.483,-110.787,43.419,-0.279,-0.473,0.836,0.812,-0.200,-0.549,2493.39,-1.679,2.462,-8.393,-0.937,-0.012,0.349,0.167,0.832,-0.529,2472.38,5.595,4.476,-2.910,-0.533,-0.124,0.837,0.842,-0.477,-0.252,10.009,12.321,-2.809,2.397,0.841,-0.368,-0.396,10.817,1.328,-5.557,2.794,scissors
36.655850,0.338,0.765,-0.548,2510.31,-7.498,10.631,0.224,-0.596,-0.612,0.520,-0.011,0.696,-0.718,2336.69,2.910,-85.384,30.774,-0.266,-0.473,0.840,0.807,-0.206,-0.554,2521.53,-1.679,1.231,-9.176,-0.956,-0.007,0.293,0.159,0.836,-0.525,2472.19,-0.448,3.021,-4.364,-0.528,-0.123,0.840,0.843,-0.488,-0.227,10.033,12.122,-1.847,3.267,0.848,-0.372,-0.378,10.798,1.237,-4.351,3.618,scissors
37.141177,0.345,0.757,-0.555,2691.41,-8.505,11.079,3.917,-0.602,-0.607,0.519,0.021,0.557,-0.830,2479.79,4.252,-69.605,22.717,-0.249,-0.456,0.854,0.810,-0.189,-0.555,2535.54,-5.371,0.000,-9.288,-0.942,0.008,0.334,0.169,0.841,-0.515,2445.97,-4.588,4.588,-4.029,-0.529,-0.120,0.840,0.841,-0.489,-0.231,10.022,11.115,-1.038,4.687,0.846,-0.374,-0.380,10.811,0.107,-2.809,4.137,scissors
37.141376,0.363,0.766,-0.530,2391.49,-6.267,5.036,5.707,-0.594,-0.604,0.532,0.006,0.559,-0.829,2295.14,0.783,-63.563,23.276,-0.252,-0.442,0.861,0.815,-0.181,-0.551,2484.86,-6.602,-2.686,-8.841,-0.937,0.018,0.348,0.172,0.840,-0.515,2462.07,-1.007,3.021,-3.021,-0.525,-0.120,0.843,0.839,-0.484,-0.251,9.776,8.840,-0.351,5.313,0.838,-0.369,-0.403,10.585,-1.725,-2.198,4.290,scissors
37.141485,0.357,0.754,-0.552,2599.83,-14.324,3.581,12.981,-0.600,-0.588,0.542,0.012,0.555,-0.832,2592.87,-1.679,-59.198,18.912,-0.243,-0.436,0.867,0.820,-0.205,-0.534,2432.37,-4.812,-4.029,-9.624,-0.936,-0.003,0.353,0.178,0.835,-0.521,2437.86,-0.560,2.798,-1.902,-0.528,-0.124,0.840,0.834,-0.494,-0.244,9.882,8.550,-5.634,4.992,0.839,-0.381,-0.389,10.660,-2.168,-6.153,4.397,scissors
37.141574,0.331,0.787,-0.520,2739.24,-4.141,-4.588,14.995,-0.596,-0.596,0.538,-0.019,0.588,-0.809,2399.30,2.350,-57.967,14.883,-0.228,-0.437,0.870,0.815,-0.170,-0.553,2471.62,-7.162,-2.574,-7.050,-0.927,-0.016,0.375,0.184,0.832,-0.524,2460.07,-2.126,1.455,-3.021,-0.523,-0.125,0.843,0.834,-0.496,-0.239,10.177,7.649,-4.901,4.763,0.839,-0.381,-0.389,10.976,-3.679,-4.855,4.076,scissors
37.141673,0.403,0.774,-0.488,1935.60,-19.472,-0.671,30.326,-0.619,-0.597,0.510,-0.065,0.646,-0.760,2516.66,1.790,-47.896,10.407,-0.213,-0.434,0.875,0.810,-0.214,-0.546,2523.36,-7.162,-3.581,-5.707,-0.936,-0.019,0.350,0.163,0.837,-0.522,2468.26,-3.469,-1.455,-2.126,-0.528,-0.123,0.840,0.821,-0.521,-0.232,9.951,9.420,-2.046,7.542,0.834,-0.404,-0.375,10.705,-1.969,-3.053,5.908,scissors
37.141764,0.357,0.789,-0.500,2733.70,-31.893,10.407,34.131,-0.603,-0.597,0.529,-0.068,0.555,-0.829,2259.28,2.126,-37.153,4.812,-0.230,-0.449,0.863,0.821,-0.151,-0.551,2465.59,-7.945,-2.798,-6.155,-0.932,-0.041,0.361,0.160,0.841,-0.517,2399.45,-4.476,-0.783,-1.007,-0.534,-0.132,0.835,0.826,-0.516,-0.226,9.857,13.084,-1.618,7.771,0.836,-0.403,-0.371,10.657,2.214,-2.229,5.618,scissors
37.141869,0.380,0.810,-0.446,2312.10,-26.410,11.302,31.334,-0.631,-0.605,0.486,-0.067,0.595,-0.801,2436.35,-4.924,-31.222,6.938,-0.182,-0.419,0.890,0.815,-0.161,-0.556,2494.90,-8.505,-2.798,-11.638,-0.932,-0.017,0.363,0.155,0.851,-0.501,2414.77,-7.945,0.336,-3.357,-0.529,-0.134,0.838,0.819,-0.523,-0.236,9.773,13.924,-2.015,8.015,0.832,-0.405,-0.378,10.510,3.084,-2.504,4.992,scissors
37.141965,0.383,0.761,-0.524,2625.77,-33.460,16.786,32.676,-0.632,-0.598,0.493,-0.049,0.491,-0.870,2354.54,-5.707,-27.193,7.386,-0.192,-0.432,0.881,0.824,-0.143,-0.549,2384.90,-4.364,-3.469,-11.414,-0.934,-0.026,0.356,0.170,0.849,-0.501,2434.61,-6.043,3.917,-1.790,-0.531,-0.133,0.837,0.827,-0.504,-0.248,9.755,11.405,-5.817,9.878,0.836,-0.387,-0.390,10.514,1.038,-5.282,6.458,scissors
37.142047,0.404,0.767,-0.500,2517.88,-24.731,8.841,31.893,-0.653,-0.604,0.456,-0.014,0.472,-0.881,2634.49,-8.505,-29.096,17.905,-0.193,-0.425,0.884,0.806,-0.195,-0.559,2463.64,-0.112,-2.014,-10.743,-0.931,-0.033,0.363,0.181,0.838,-0.515,2443.49,-4.476,2.126,-0.112,-0.518,-0.128,0.846,0.823,-0.501,-0.269,9.943,8.931,-4.489,10.504,0.829,-0.388,-0.404,10.735,-2.626,-3.298,7.084,scissors
37.142129,0.384,0.793,-0.472,2643.33,-27.305,10.855,29.319,-0.652,-0.576,0.493,-0.117,0.601,-0.790,2330.18,-6.491,-32.900,18.017,-0.179,-0.439,0.881,0.821,-0.183,-0.541,2454.57,-3.133,0.224,-5.371,-0.933,-0.048,0.357,0.164,0.836,-0.524,2460.73,-3.245,-0.448,1.231,-0.518,-0.133,0.845,0.819,-0.516,-0.249,9.902,10.794,-9.008,13.267,0.833,-0.400,-0.382,10.694,-1.756,-6.885,8.702,scissors
37.142220,0.429,0.781,-0.455,2484.90,-17.905,12.645,23.948,-0.666,-0.576,0.473,-0.094,0.543,-0.834,2361.51,-7.162,-22.829,16.114,-0.182,-0.441,0.879,0.816,-0.145,-0.560,2493.95,-2.798,2.238,-6.043,-0.927,-0.023,0.374,0.164,0.844,-0.511,2461.99,-4.700,0.224,1.902,-0.528,-0.134,0.839,0.814,-0.533,-0.230,9.963,9.573,-6.626,14.702,0.836,-0.410,-0.365,10.739,-1.237,-6.702,10.977,scissors
37.142315,0.453,0.763,-0.460,2348.96,-23.612,17.905,35.474,-0.686,-0.575,0.446,-0.104,0.516,-0.850,2238.65,-9.848,-17.681,20.255,-0.166,-0.409,0.897,0.818,-0.142,-0.557,2474.55,-8.057,1.007,-6.491,-0.929,-0.063,0.364,0.164,0.850,-0.501,2454.93,-5.483,0.560,3.021,-0.529,-0.138,0.837,0.812,-0.533,-0.239,9.707,8.702,-5.115,15.847,0.831,-0.410,-0.376,10.494,-1.603,-7.176,11.313,scissors
37.142397,0.430,0.778,-0.458,2593.65,-30.438,21.374,39.167,-0.681,-0.599,0.421,-0.007,0.293,-0.956,2337.68,-14.660,-9.960,32.565,-0.193,-0.438,0.878,0.821,-0.135,-0.555,2393.30,0.448,0.895,-3.917,-0.928,-0.062,0.367,0.174,0.860,-0.480,2437.91,-3.469,2.126,5.036,-0.528,-0.143,0.837,0.807,-0.538,-0.244,9.703,9.740,-4.244,12.275,0.827,-0.412,-0.382,10.543,-1.557,-8.153,7.954,scissors
37.142477,0.442,0.792,-0.422,2586.70,-30.438,19.024,32.117,-0.694,-0.565,0.446,-0.039,0.434,-0.900,2166.41,-28.312,-12.757,60.765,-0.193,-0.430,0.882,0.809,-0.179,-0.560,2513.82,5.036,0.000,-0.671,-0.931,-0.033,0.364,0.176,0.846,-0.503,2406.74,-0.895,1.567,5.260,-0.530,-0.134,0.837,0.813,-0.533,-0.236,9.767,10.870,0.061,10.947,0.832,-0.407,-0.378,10.641,-0.092,-1.588,6.168,scissors
37.142559,0.429,0.807,-0.407,2757.23,-30.326,18.800,26.634,-0.719,-0.561,0.410,-0.015,0.585,-0.811,2393.26,-50.022,-16.786,87.846,-0.237,-0.435,0.869,0.819,-0.137,-0.556,2494.28,0.336,-3.021,-3.693,-0.937,-0.066,0.344,0.172,0.841,-0.513,2399.96,-6.714,1.231,4.029,-0.528,-0.141,0.837,0.808,-0.528,-0.260,9.669,11.191,5.618,5.710,0.822,-0.411,-0.394,10.515,1.832,7.511,1.023,scissors
37.142645,0.412,0.807,-0.424,3037.89,-23.165,15.667,14.772,-0.707,-0.579,0.406,-0.090,0.715,-0.693,2248.14,-49.574,-1.455,86.615,-0.253,-0.447,0.858,0.833,-0.170,-0.526,2357.89,-0.671,-5.260,-6.714,-0.941,-0.052,0.334,0.165,0.857,-0.488,2502.00,-14.212,1.902,0.112,-0.526,-0.140,0.839,0.805,-0.532,-0.261,9.915,10.550,0.916,-2.870,0.828,-0.406,-0.387,10.685,0.015,2.275,-5.160,scissors
37.142728,0.417,0.800,-0.432,3002.00,-4.700,5.819,-1.007,-0.711,-0.585,0.390,-0.018,0.637,-0.771,1984.15,-43.419,16.450,92.098,-0.293,-0.468,0.834,0.817,-0.145,-0.557,2489.74,4.700,-1.119,-1.231,-0.939,-0.074,0.337,0.165,0.858,-0.486,2510.58,-4.588,6.938,-1.567,-0.524,-0.149,0.838,0.803,-0.546,-0.240,10.002,7.893,-3.557,-3.435,0.831,-0.415,-0.371,10.738,-1.282,-2.260,-5.649,scissors
37.142816,0.390,0.827,-0.405,3032.74,30.103,-9.512,-28.760,-0.711,-0.585,0.390,0.015,0.691,-0.723,2198.48,-47.336,33.348,114.592,-0.318,-0.463,0.827,0.810,-0.170,-0.561,2473.82,8.617,-1.231,-0.448,-0.923,-0.075,0.378,0.178,0.852,-0.492,2437.50,2.238,8.393,0.783,-0.523,-0.147,0.840,0.806,-0.540,-0.243,10.005,8.015,-2.580,-2.107,0.834,-0.407,-0.371,10.800,-1.878,-4.015,-1.954,scissors
37.142900,0.508,0.740,-0.440,2211.31,30.886,-6.155,-31.557,-0.687,-0.587,0.428,0.069,0.758,-0.649,3595.83,-47.672,37.377,100.939,-0.354,-0.453,0.818,0.802,-0.182,-0.569,2524.51,1.567,2.014,-4.364,-0.928,-0.054,0.369,0.189,0.845,-0.501,2494.44,-0.336,6.267,1.119,-0.527,-0.149,0.837,0.801,-0.540,-0.256,9.936,5.481,-2.412,-4.351,0.826,-0.417,-0.378,10.725,-3.878,-7.176,-2.336,scissors
37.142980,0.384,0.825,-0.414,3229.94,18.464,-2.462,-20.255,-0.711,-0.583,0.393,0.093,0.621,-0.778,2255.33,-24.619,21.934,63.674,-0.358,-0.437,0.825,0.819,-0.154,-0.553,2473.45,2.798,3.245,-0.112,-0.934,-0.049,0.353,0.183,0.845,-0.502,2469.31,3.133,4.364,0.448,-0.530,-0.145,0.835,0.808,-0.541,-0.231,10.140,5.695,-1.359,-8.702,0.836,-0.415,-0.359,10.948,-3.374,-6.351,-5.542,scissors
37.143068,0.405,0.827,-0.389,2676.31,40.510,-9.064,-36.705,-0.693,-0.584,0.422,0.138,0.559,-0.818,2087.05,-37.600,24.507,81.579,-0.400,-0.445,0.801,0.816,-0.136,-0.562,2505.72,1.679,2.462,0.560,-0.934,-0.072,0.350,0.167,0.854,-0.492,2478.04,2.910,0.671,-1.343,-0.527,-0.148,0.837,0.804,-0.544,-0.240,9.989,7.847,1.939,-3.603,0.834,-0.410,-0.370,10.681,-0.473,-2.687,0.748,scissors
37.143156,0.407,0.782,-0.472,2495.74,35.922,-4.588,-50.917,-0.668,-0.597,0.443,0.093,0.800,-0.593,3392.11,-44.874,33.012,65.353,-0.437,-0.458,0.774,0.819,-0.142,-0.556,2409.68,-5.371,4.364,-7.610,-0.932,-0.041,0.361,0.164,0.851,-0.498,2449.94,0.000,2.910,1.567,-0.524,-0.143,0.840,0.806,-0.537,-0.250,9.710,6.748,-1.603,-2.137,0.830,-0.414,-0.374,10.456,-1.618,-7.221,1.221,scissors
37.143240,0.378,0.795,-0.474,2945.62,37.265,-5.819,-51.812,-0.655,-0.597,0.463,0.173,0.616,-0.768,2336.59,-12.533,26.298,25.850,-0.451,-0.459,0.765,0.821,-0.141,-0.554,2417.88,0.783,4.812,-5.931,-0.929,-0.070,0.362,0.182,0.854,-0.488,2479.94,4.700,6.155,0.560,-0.523,-0.145,0.840,0.811,-0.537,-0.233,10.008,6.153,-3.786,-5.450,0.838,-0.413,-0.357,10.813,-2.962,-8.992,-2.229,scissors
37.143324,0.370,0.825,-0.426,2719.86,62.108,-8.393,-61.996,-0.626,-0.597,0.501,0.186,0.593,-0.783,2179.39,-17.010,27.305,36.146,-0.469,-0.464,0.752,0.812,-0.159,-0.561,2576.91,0.783,2.238,-0.671,-0.914,-0.055,0.403,0.186,0.853,-0.488,2481.78,1.343,2.350,-2.574,-0.518,-0.141,0.844,0.799,-0.547,-0.250,9.997,6.153,-0.962,-3.466,0.827,-0.418,-0.376,10.747,-3.496,-6.000,-0.351,scissors
37.143408,0.515,0.643,-0.566,1857.57,28.536,-3.581,-31.110,-0.640,-0.608,0.469,0.139,0.774,-0.618,3331.80,-26.857,29.319,47.336,-0.463,-0.464,0.755,0.822,-0.173,-0.543,2428.38,-0.448,1.679,-0.895,-0.927,-0.053,0.372,0.183,0.835,-0.519,2369.15,3.581,-0.783,2.350,-0.522,-0.142,0.841,0.802,-0.541,-0.252,9.758,6.824,-0.824,2.260,0.826,-0.419,-0.376,10.513,-2.763,-4.672,3.679,scissors
37.143487,0.409,0.763,-0.501,2337.49,9.736,7.162,-10.631,-0.605,-0.621,0.498,0.188,0.641,-0.744,2675.50,-2.910,15.219,12.422,-0.465,-0.448,0.764,0.834,-0.121,-0.539,2428.98,-5.036,5.371,-4.812,-0.932,-0.064,0.358,0.182,0.850,-0.494,2430.61,-1.231,2.126,1.902,-0.529,-0.149,0.836,0.800,-0.554,-0.229,9.885,8.809,-1.008,2.076,0.829,-0.430,-0.358,10.714,-0.901,-4.290,3.191,scissors
37.143569,0.354,0.823,-0.444,2678.16,0.448,9.288,-5.931,-0.608,-0.620,0.495,0.231,0.584,-0.779,1963.99,-4.364,9.400,16.450,-0.477,-0.457,0.751,0.821,-0.145,-0.553,2492.38,-1.231,4.812,-4.924,-0.942,-0.053,0.332,0.182,0.847,-0.499,2426.23,-5.260,0.448,0.783,-0.527,-0.149,0.837,0.798,-0.550,-0.247,9.763,11.847,-0.656,-0.595,0.824,-0.427,-0.373,10.573,1.725,-4.015,1.618,scissors
37.143649,0.357,0.802,-0.478,2651.18,14.436,15.443,-27.305,-0.614,-0.627,0.479,0.178,0.741,-0.648,2223.76,-22.717,20.591,36.257,-0.483,-0.448,0.753,0.820,-0.138,-0.556,2480.52,-6.491,7.833,-6.491,-0.921,-0.058,0.386,0.182,0.853,-0.489,2433.85,-8.841,1.231,0.448,-0.528,-0.149,0.836,0.809,-0.538,-0.237,9.840,10.626,-0.443,-1.786,0.837,-0.409,-0.363,10.592,0.947,-3.939,0.458,scissors
37.143730,0.422,0.673,-0.607,2314.29,9.176,14.212,-19.136,-0.626,-0.594,0.506,0.198,0.741,-0.641,2935.24,-19.360,31.334,28.984,-0.503,-0.456,0.734,0.822,-0.127,-0.555,2462.92,-4.141,6.714,-5.707,-0.928,-0.076,0.364,0.179,0.857,-0.483,2468.06,-2.014,3.357,2.574,-0.527,-0.150,0.837,0.806,-0.532,-0.260,9.726,7.618,-1.893,-0.855,0.828,-0.409,-0.384,10.508,-1.466,-6.107,1.267,scissors
37.143817,0.364,0.783,-0.505,2492.68,3.805,12.422,-10.519,-0.589,-0.621,0.517,0.161,0.822,-0.547,3064.69,1.343,27.193,10.072,-0.507,-0.459,0.730,0.824,-0.172,-0.540,2444.84,0.783,4.588,-3.805,-0.941,-0.083,0.329,0.193,0.843,-0.502,2450.31,1.119,4.252,4.924,-0.521,-0.149,0.841,0.798,-0.543,-0.261,9.789,6.000,-2.779,-3.176,0.818,-0.427,-0.386,10.538,-3.496,-10.473,-0.305,scissors
37.143899,0.392,0.753,-0.529,2342.45,2.574,23.276,-7.722,-0.608,-0.620,0.495,0.162,0.841,-0.516,3227.21,29.096,40.734,-38.048,-0.504,-0.448,0.739,0.845,-0.110,-0.523,2408.01,1.231,7.050,-0.671,-0.940,-0.075,0.333,0.184,0.851,-0.491,2462.04,0.224,6.714,4.812,-0.525,-0.146,0.838,0.801,-0.548,-0.242,9.904,6.427,-5.557,-4.290,0.827,-0.428,-0.364,10.638,-3.405,-15.038,-1.985,scissors
37.143984,0.422,0.727,-0.542,2266.37,-3.917,30.215,5.595,-0.617,-0.620,0.485,0.195,0.845,-0.498,2934.14,59.198,50.693,-82.251,-0.518,-0.456,0.723,0.832,-0.130,-0.539,2482.23,12.981,7.050,0.895,-0.929,-0.055,0.365,0.194,0.853,-0.485,2434.61,3.133,9.064,5.595,-0.536,-0.157,0.830,0.805,-0.539,-0.249,9.855,7.985,-7.557,-0.198,0.831,-0.410,-0.376,10.601,-3.237,-18.183,0.656,scissors
37.144074,0.412,0.734,-0.539,2441.59,-13.317,27.641,17.905,-0.604,-0.631,0.486,0.219,0.785,-0.579,2656.81,79.565,60.541,-114.256,-0.493,-0.453,0.743,0.822,-0.160,-0.547,2449.90,18.129,8.505,0.112,-0.945,-0.101,0.311,0.195,0.854,-0.483,2467.84,4.812,9.064,8.729,-0.530,-0.147,0.835,0.794,-0.558,-0.240,9.763,5.511,-13.542,1.695,0.824,-0.434,-0.364,10.528,-7.038,-23.267,1.695,scissors
37.145561,0.439,0.723,-0.534,2427.54,-13.317,15.443,33.684,-0.616,-0.614,0.493,0.382,0.160,-0.910,2317.44,87.175,60.205,-123.544,-0.487,-0.503,0.714,0.828,-0.145,-0.541,2491.63,21.934,9.176,5.148,-0.943,-0.083,0.323,0.186,0.858,-0.478,2532.42,7.722,4.029,8.057,-0.525,-0.137,0.840,0.805,-0.543,-0.239,10.158,3.252,-13.221,-1.084,0.828,-0.420,-0.370,10.974,-8.214,-20.855,0.443,scissors
37.145677,0.378,0.806,-0.456,2761.38,-23.165,11.414,42.300,-0.626,-0.621,0.472,0.279,0.345,-0.896,2013.28,44.203,36.929,-64.010,-0.473,-0.475,0.742,0.823,-0.171,-0.542,2578.39,19.472,8.281,6.155,-0.944,-0.085,0.318,0.218,0.829,-0.515,2387.63,9.736,-0.448,8.057,-0.530,-0.152,0.834,0.804,-0.538,-0.253,10.063,7.710,-5.038,1.634,0.824,-0.418,-0.382,10.913,-4.305,-11.023,2.901,scissors
37.146805,0.449,0.795,-0.408,2218.72,-22.045,11.191,36.929,-0.636,-0.617,0.464,0.227,0.541,-0.810,2299.59,18.800,39.615,-31.222,-0.464,-0.483,0.742,0.835,-0.155,-0.528,2518.28,3.245,9.848,0.560,-0.936,-0.073,0.345,0.192,0.835,-0.515,2461.76,-2.574,-8.057,5.707,-0.522,-0.142,0.841,0.800,-0.546,-0.250,9.833,9.924,-2.977,2.443,0.824,-0.417,-0.384,10.685,-1.160,-8.397,3.481,scissors
37.146913,0.446,0.756,-0.480,2500.14,-47.448,17.569,58.974,-0.642,-0.610,0.464,0.228,0.582,-0.780,2724.72,7.050,39.950,-22.941,-0.466,-0.474,0.747,0.829,-0.170,-0.532,2477.08,-0.560,10.183,-2.126,-0.940,-0.053,0.338,0.209,0.841,-0.500,2400.69,-5.931,-4.924,6.267,-0.531,-0.151,0.834,0.805,-0.535,-0.258,9.870,7.542,-0.214,2.550,0.825,-0.410,-0.388,10.687,-3.344,-5.573,3.328,scissors
37.147002,0.456,0.737,-0.499,2699.20,-44.427,13.541,61.101,-0.682,-0.610,0.403,0.258,0.482,-0.837,2599.31,8.393,22.381,-17.345,-0.454,-0.502,0.736,0.826,-0.183,-0.534,2509.52,-2.686,6.714,-1.902,-0.956,-0.053,0.290,0.226,0.842,-0.491,2526.34,-8.057,-5.036,6.155,-0.525,-0.143,0.839,0.802,-0.537,-0.261,9.993,1.679,2.382,0.748,0.821,-0.415,-0.392,10.811,-8.672,-4.656,2.061,scissors
37.149303,0.439,0.801,-0.407,2897.79,-45.993,8.057,57.184,-0.686,-0.606,0.403,0.215,0.635,-0.742,2563.09,4.700,10.967,-3.805,-0.463,-0.495,0.736,0.837,-0.169,-0.520,2498.22,-3.917,3.581,4.476,-0.958,-0.085,0.275,0.215,0.835,-0.507,2464.39,-1.119,-7.722,6.714,-0.524,-0.155,0.838,0.795,-0.554,-0.248,10.057,0.595,3.969,-0.779,0.820,-0.434,-0.373,10.828,-8.107,-2.107,1.099,scissors
37.149416,0.453,0.801,-0.392,2630.80,-34.131,6.714,46.665,-0.698,-0.590,0.406,0.207,0.654,-0.728,2532.29,4.141,13.205,-8.841,-0.459,-0.491,0.740,0.847,-0.128,-0.516,2517.37,-9.848,2.574,2.126,-0.947,-0.055,0.318,0.198,0.845,-0.496,2479.35,-1.343,-11.302,5.260,-0.525,-0.145,0.838,0.794,-0.554,-0.249,9.891,3.206,1.786,-0.351,0.818,-0.433,-0.378,10.695,-5.710,-3.573,1.344,scissors
37.149509,0.443,0.797,-0.410,2826.86,-31.334,8.952,39.503,-0.708,-0.587,0.392,0.195,0.691,-0.696,2735.02,4.141,13.876,-15.107,-0.468,-0.493,0.733,0.839,-0.141,-0.525,2493.60,-5.931,3.805,-0.560,-0.950,-0.089,0.298,0.206,0.845,-0.493,2432.72,-4.588,-7.386,3.133,-0.526,-0.147,0.838,0.796,-0.551,-0.252,9.896,4.107,-0.473,-2.122,0.816,-0.434,-0.381,10.666,-6.092,-5.924,-0.977,scissors
37.156409,0.446,0.811,-0.379,2805.08,-19.136,6.714,28.200,-0.720,-0.574,0.389,0.231,0.593,-0.771,2478.67,10.295,12.086,-20.367,-0.439,-0.511,0.739,0.844,-0.135,-0.519,2466.58,-1.119,2.014,2.014,-0.946,-0.078,0.315,0.195,0.858,-0.475,2466.83,-2.686,-4.588,1.119,-0.515,-0.137,0.846,0.807,-0.534,-0.252,9.845,3.298,1.252,-3.969,0.825,-0.413,-0.387,10.656,-7.084,-3.664,-2.977,scissors
37.181849,0.455,0.780,-0.430,2791.48,-2.462,2.574,7.722,-0.717,-0.584,0.381,0.205,0.623,-0.755,2453.10,9.736,6.155,-21.598,-0.435,-0.492,0.754,0.838,-0.165,-0.519,2426.02,0.224,-1.343,1.679,-0.940,-0.090,0.330,0.195,0.852,-0.485,2472.20,4.141,-1.455,0.224,-0.524,-0.146,0.839,0.805,-0.530,-0.266,9.740,0.198,1.573,-7.542,0.820,-0.411,-0.398,10.590,-10.198,-4.611,-5.496,scissors
37.204825,0.460,0.758,-0.463,2846.62,15.219,-10.183,-11.191,-0.723,-0.570,0.391,0.175,0.705,-0.687,2810.01,13.876,9.064,-21.262,-0.455,-0.507,0.732,0.840,-0.161,-0.518,2432.78,3.469,-2.350,5.371,-0.944,-0.069,0.322,0.207,0.832,-0.515,2425.56,5.148,1.455,-0.112,-0.525,-0.141,0.839,0.803,-0.536,-0.262,9.895,-0.473,3.450,-10.275,0.822,-0.416,-0.390,10.678,-11.053,-4.611,-7.664,scissors
37.227528,0.488,0.780,-0.392,2461.81,18.800,-12.310,-14.995,-0.735,-0.576,0.358,0.167,0.717,-0.677,2898.46,36.146,9.960,-53.939,-0.445,-0.506,0.739,0.841,-0.142,-0.521,2474.41,5.707,-2.686,6.267,-0.938,-0.059,0.341,0.190,0.849,-0.492,2479.20,2.462,0.560,-0.336,-0.522,-0.144,0.841,0.799,-0.546,-0.252,10.060,-0.626,2.015,-10.626,0.825,-0.419,-0.379,10.818,-11.084,-5.542,-7.634,scissors
37.647116,0.497,0.754,-0.429,2518.64,16.674,-11.302,-10.407,-0.710,-0.588,0.387,0.171,0.681,-0.712,2533.46,33.460,10.072,-51.477,-0.424,-0.516,0.744,0.830,-0.179,-0.528,2518.97,5.595,-2.686,5.148,-0.952,-0.051,0.303,0.214,0.839,-0.500,2438.43,4.700,1.119,-0.560,-0.521,-0.138,0.842,0.800,-0.541,-0.260,9.966,-1.740,1.802,-6.489,0.821,-0.419,-0.388,10.723,-12.427,-4.733,-4.427,scissors
37.649355,0.486,0.772,-0.410,2515.11,12.310,-9.512,-8.505,-0.722,-0.579,0.379,0.178,0.646,-0.743,2443.90,40.398,16.450,-61.548,-0.410,-0.501,0.762,0.849,-0.132,-0.512,2442.16,2.238,-2.014,5.483,-0.945,-0.025,0.326,0.198,0.847,-0.493,2474.41,4.924,0.112,1.790,-0.524,-0.146,0.839,0.797,-0.548,-0.255,9.815,-0.687,-0.885,-6.626,0.816,-0.430,-0.386,10.637,-11.527,-6.840,-4.550,scissors
37.649466,0.475,0.771,-0.425,2657.32,14.436,-9.064,-7.610,-0.732,-0.553,0.398,0.176,0.648,-0.741,2526.21,38.608,20.255,-60.541,-0.403,-0.507,0.762,0.842,-0.159,-0.516,2461.50,5.483,-1.343,5.036,-0.943,-0.039,0.330,0.195,0.849,-0.490,2468.57,3.693,0.112,0.671,-0.521,-0.138,0.842,0.803,-0.543,-0.247,9.837,0.809,-2.870,-7.206,0.824,-0.421,-0.380,10.625,-9.649,-8.198,-5.053,scissors
37.649559,0.490,0.746,-0.450,2532.15,13.317,-8.841,-4.588,-0.708,-0.564,0.425,0.221,0.450,-0.865,2675.92,43.531,20.814,-60.989,-0.380,-0.509,0.772,0.837,-0.165,-0.522,2488.18,5.371,-0.336,3.469,-0.946,-0.031,0.323,0.213,0.845,-0.491,2446.21,6.155,2.910,0.336,-0.525,-0.143,0.839,0.809,-0.528,-0.257,9.908,0.489,-1.466,-7.908,0.824,-0.408,-0.392,10.724,-9.893,-6.489,-6.122,scissors
37.649652,0.484,0.782,-0.392,2405.33,9.624,-7.386,-3.245,-0.706,-0.569,0.423,0.185,0.551,-0.814,2505.17,36.929,3.917,-47.336,-0.360,-0.488,0.795,0.833,-0.178,-0.524,2478.12,3.133,-2.574,3.469,-0.939,-0.052,0.341,0.206,0.836,-0.509,2436.79,5.148,-0.224,-0.671,-0.527,-0.139,0.838,0.813,-0.521,-0.260,9.898,0.183,0.260,-7.298,0.828,-0.402,-0.390,10.713,-9.527,-5.038,-5.924,scissors
37.649744,0.459,0.766,-0.450,2662.41,7.945,-4.364,-4.364,-0.704,-0.566,0.429,0.168,0.505,-0.847,2407.86,31.446,-8.169,-38.160,-0.363,-0.499,0.787,0.829,-0.171,-0.533,2513.48,0.224,-3.133,2.462,-0.943,-0.038,0.331,0.198,0.832,-0.519,2484.97,4.252,-0.112,-0.560,-0.532,-0.142,0.835,0.808,-0.533,-0.251,10.008,0.046,1.420,-8.443,0.828,-0.416,-0.377,10.819,-8.504,-3.435,-7.298,scissors
37.649844,0.454,0.789,-0.413,2495.92,8.952,-2.014,-6.267,-0.715,-0.564,0.414,0.125,0.548,-0.827,2216.62,19.584,-2.686,-26.969,-0.330,-0.490,0.806,0.833,-0.154,-0.531,2536.68,-2.350,-3.469,1.119,-0.942,-0.037,0.334,0.191,0.840,-0.507,2423.99,1.455,-0.783,-2.350,-0.532,-0.137,0.836,0.808,-0.537,-0.241,9.917,2.137,3.725,-4.916,0.831,-0.416,-0.370,10.707,-5.420,1.053,-5.191,scissors
37.649943,0.460,0.776,-0.431,2485.64,7.498,3.917,-8.057,-0.727,-0.575,0.376,0.187,0.410,-0.893,2483.70,8.617,2.126,-14.660,-0.321,-0.486,0.813,0.841,-0.150,-0.519,2407.11,-4.588,-5.931,-3.805,-0.951,-0.034,0.306,0.207,0.843,-0.497,2416.69,-1.231,0.895,-3.021,-0.526,-0.137,0.839,0.817,-0.513,-0.263,9.623,0.641,3.023,-3.084,0.832,-0.388,-0.397,10.426,-6.550,2.290,-4.809,scissors
37.650320,0.482,0.714,-0.508,2594.11,4.141,1.902,-6.714,-0.686,-0.590,0.426,0.193,0.417,-0.888,2914.62,2.910,-21.374,4.924,-0.333,-0.485,0.809,0.835,-0.197,-0.513,2435.17,-3.021,-5.371,-5.595,-0.949,-0.065,0.307,0.214,0.834,-0.508,2476.97,-0.895,2.910,-1.679,-0.518,-0.134,0.845,0.814,-0.502,-0.291,9.983,-1.817,2.962,-4.092,0.823,-0.389,-0.414,10.769,-9.985,-1.069,-5.374,scissors
37.650435,0.431,0.777,-0.458,2722.29,2.014,-5.595,-5.595,-0.689,-0.574,0.442,0.100,0.585,-0.805,2277.30,4.252,-31.334,16.562,-0.345,-0.485,0.804,0.830,-0.197,-0.522,2487.49,2.686,-4.029,0.783,-0.943,-0.053,0.330,0.202,0.830,-0.520,2477.83,3.357,0.560,-0.671,-0.516,-0.126,0.847,0.815,-0.510,-0.276,10.018,-0.061,4.809,-4.168,0.827,-0.399,-0.396,10.789,-10.321,-3.359,-4.092,scissors
37.650526,0.432,0.786,-0.442,2644.51,4.924,-2.798,-16.562,-0.706,-0.580,0.406,0.105,0.580,-0.808,2367.16,2.350,-14.883,11.862,-0.344,-0.490,0.801,0.836,-0.159,-0.525,2456.81,2.686,-1.231,3.805,-0.954,-0.059,0.295,0.189,0.836,-0.515,2446.35,1.567,-0.112,-0.560,-0.523,-0.136,0.841,0.812,-0.522,-0.261,9.838,2.061,3.802,-4.916,0.829,-0.404,-0.386,10.617,-8.443,-5.237,-3.145,scissors
37.650612,0.447,0.780,-0.438,2537.40,14.883,-3.581,-22.605,-0.689,-0.574,0.443,0.129,0.576,-0.808,2842.09,-0.448,-12.645,10.855,-0.330,-0.492,0.806,0.829,-0.167,-0.533,2454.31,2.910,0.560,1.902,-0.945,-0.038,0.325,0.201,0.841,-0.503,2446.47,-1.343,0.895,-1.007,-0.522,-0.130,0.843,0.820,-0.510,-0.261,9.955,1.023,3.725,-5.817,0.835,-0.389,-0.388,10.752,-9.603,-4.687,-3.664,scissors
37.650696,0.455,0.733,-0.506,2620.22,11.974,-0.224,-19.360,-0.693,-0.583,0.424,0.116,0.542,-0.832,2403.14,6.043,-27.305,5.819,-0.328,-0.480,0.814,0.825,-0.184,-0.535,2503.75,-0.112,-1.455,3.693,-0.948,-0.071,0.310,0.210,0.836,-0.507,2483.20,2.126,1.343,-1.679,-0.526,-0.135,0.840,0.814,-0.508,-0.282,9.901,-0.397,4.061,-5.603,0.827,-0.392,-0.404,10.701,-11.542,-4.458,-3.466,scissors
37.650786,0.449,0.773,-0.448,2458.62,11.191,-5.148,-18.241,-0.693,-0.569,0.443,0.073,0.624,-0.778,2340.98,2.350,-12.198,9.960,-0.322,-0.471,0.821,0.846,-0.169,-0.506,2430.50,-2.238,-0.783,5.931,-0.940,-0.036,0.340,0.195,0.830,-0.523,2466.59,4.812,-1.567,-0.112,-0.528,-0.134,0.839,0.809,-0.527,-0.260,9.898,2.092,2.351,-4.702,0.826,-0.411,-0.385,10.695,-9.206,-6.046,-2.092,scissors
37.650869,0.441,0.778,-0.447,2417.58,10.631,-2.126,-13.429,-0.675,-0.584,0.451,0.127,0.539,-0.833,2637.98,2.350,-9.288,7.833,-0.328,-0.475,0.816,0.839,-0.138,-0.527,2482.98,-3.133,1.679,3.245,-0.938,-0.029,0.346,0.196,0.840,-0.506,2411.61,3.245,-0.783,0.336,-0.526,-0.130,0.841,0.815,-0.523,-0.248,9.916,4.412,3.069,-3.176,0.832,-0.404,-0.380,10.714,-6.718,-4.275,-0.763,scissors
37.650951,0.443,0.760,-0.476,2580.69,6.826,-1.567,-11.638,-0.674,-0.591,0.443,0.133,0.506,-0.852,2669.40,2.014,-21.262,7.050,-0.322,-0.456,0.830,0.828,-0.164,-0.535,2501.00,-3.133,0.000,-1.007,-0.946,-0.054,0.320,0.204,0.841,-0.501,2456.07,-0.671,1.902,-1.790,-0.525,-0.132,0.841,0.819,-0.510,-0.262,9.949,4.244,3.588,-3.389,0.834,-0.391,-0.389,10.776,-6.977,-2.336,-1.695,scissors
37.654864,0.464,0.737,-0.491,2419.96,0.895,-3.021,-5.260,-0.661,-0.609,0.440,0.127,0.530,-0.838,2643.17,0.783,-33.124,11.862,-0.340,-0.476,0.811,0.825,-0.191,-0.533,2514.09,-3.805,-1.455,1.119,-0.949,-0.034,0.314,0.210,0.838,-0.504,2478.15,-2.462,-0.783,-2.574,-0.524,-0.134,0.841,0.822,-0.502,-0.269,9.929,2.275,4.000,-3.420,0.833,-0.383,-0.399,10.753,-9.130,-1.176,-1.954,scissors
37.654977,0.432,0.753,-0.496,2575.91,-4.924,-5.931,1.455,-0.675,-0.599,0.431,0.075,0.571,-0.818,2385.29,0.336,-33.907,14.660,-0.315,-0.471,0.824,0.825,-0.192,-0.531,2501.35,-5.931,-1.567,3.357,-0.946,-0.032,0.321,0.203,0.831,-0.517,2472.65,0.112,-4.029,-0.895,-0.524,-0.130,0.842,0.818,-0.515,-0.255,9.985,1.725,4.153,-2.733,0.835,-0.396,-0.381,10.799,-9.924,-0.672,-2.321,scissors
37.655073,0.450,0.778,-0.439,2282.39,-5.707,-4.476,3.469,-0.683,-0.577,0.447,0.141,0.383,-0.913,2661.70,-1.679,-33.460,23.165,-0.304,-0.466,0.831,0.827,-0.146,-0.542,2540.80,-4.252,-2.574,4.252,-0.945,-0.024,0.325,0.196,0.837,-0.510,2410.82,-2.350,-6.267,-1.455,-0.525,-0.133,0.840,0.814,-0.523,-0.251,9.931,4.275,6.824,1.267,0.831,-0.404,-0.382,10.776,-7.053,3.634,0.687,scissors
37.655164,0.389,0.811,-0.436,2658.04,-16.003,5.819,6.267,-0.671,-0.590,0.450,-0.007,0.775,-0.632,2403.83,-14.548,-46.665,31.446,-0.299,-0.448,0.842,0.833,-0.167,-0.527,2464.80,-6.491,-3.357,-1.119,-0.940,-0.030,0.339,0.185,0.842,-0.507,2444.00,-8.169,-4.029,-1.343,-0.526,-0.137,0.840,0.813,-0.520,-0.260,9.667,6.656,4.947,1.389,0.827,-0.408,-0.386,10.418,-4.229,1.084,0.824,scissors
37.676611,0.415,0.785,-0.459,2634.25,-6.714,4.700,0.560,-0.654,-0.603,0.457,0.025,0.694,-0.719,2440.67,-5.148,-6.267,6.826,-0.320,-0.446,0.836,0.841,-0.135,-0.524,2383.87,0.000,-1.007,-2.126,-0.939,-0.028,0.341,0.185,0.858,-0.479,2443.96,-5.931,-0.671,-1.231,-0.533,-0.135,0.835,0.817,-0.526,-0.236,9.775,4.687,0.489,-1.145,0.838,-0.405,-0.365,10.546,-5.176,-3.069,-1.237,scissors
37.698065,0.418,0.803,-0.425,2500.39,-0.112,1.790,0.336,-0.682,-0.608,0.406,0.059,0.557,-0.828,2391.27,-0.560,-2.798,6.491,-0.285,-0.444,0.850,0.825,-0.145,-0.546,2503.34,3.581,-1.455,-0.560,-0.943,-0.054,0.327,0.185,0.855,-0.484,2440.21,-0.224,0.671,-0.560,-0.527,-0.138,0.838,0.823,-0.513,-0.244,9.901,3.893,0.458,0.702,0.841,-0.392,-0.373,10.706,-4.489,-0.214,-0.153,scissors
37.721755,0.425,0.773,-0.471,2548.25,-0.112,5.371,-1.231,-0.680,-0.612,0.404,0.027,0.624,-0.781,2323.91,-3.245,3.917,4.924,-0.300,-0.478,0.825,0.821,-0.174,-0.544,2478.73,-1.119,-3.133,-2.910,-0.951,-0.041,0.307,0.181,0.845,-0.503,2444.71,0.336,3.357,0.560,-0.525,-0.129,0.841,0.816,-0.516,-0.260,9.882,3.924,-0.244,1.420,0.835,-0.398,-0.380,10.707,-3.618,1.145,0.137,scissors
37.742062,0.444,0.765,-0.467,2485.60,0.224,4.924,0.560,-0.678,-0.597,0.428,0.118,0.427,-0.897,2524.65,-3.021,14.100,5.371,-0.328,-0.457,0.827,0.825,-0.171,-0.539,2466.72,-2.126,-3.469,-2.350,-0.942,-0.045,0.333,0.205,0.837,-0.507,2445.16,0.224,3.581,0.783,-0.522,-0.138,0.842,0.820,-0.508,-0.263,9.970,0.229,2.519,2.840,0.838,-0.386,-0.386,10.788,-6.565,5.313,2.183,scissors
38.158966,0.440,0.760,-0.478,2552.05,-5.707,4.924,6.155,-0.667,-0.605,0.435,0.077,0.526,-0.847,2326.18,-9.512,7.945,18.241,-0.330,-0.463,0.823,0.818,-0.213,-0.534,2486.61,-6.491,-3.245,-1.343,-0.927,-0.054,0.370,0.200,0.828,-0.524,2460.08,-1.119,1.567,2.126,-0.519,-0.128,0.845,0.814,-0.503,-0.292,9.761,1.344,3.206,3.130,0.825,-0.392,-0.408,10.533,-7.099,2.641,3.481,scissors
38.159124,0.426,0.775,-0.466,2615.29,-6.267,5.260,3.133,-0.669,-0.599,0.440,0.057,0.707,-0.704,2964.13,-16.898,13.093,22.605,-0.320,-0.460,0.828,0.833,-0.197,-0.517,2382.54,-11.079,0.112,-2.238,-0.944,-0.070,0.321,0.195,0.837,-0.512,2422.63,-1.455,0.895,3.917,-0.525,-0.132,0.841,0.820,-0.503,-0.274,9.794,3.313,0.351,1.847,0.836,-0.388,-0.388,10.545,-6.244,-3.252,3.237,scissors
38.159236,0.424,0.773,-0.472,2789.68,-0.560,3.693,0.336,-0.685,-0.599,0.414,0.101,0.570,-0.815,2561.66,-0.448,10.631,-1.343,-0.338,-0.450,0.827,0.825,-0.163,-0.541,2455.13,-4.476,2.014,0.671,-0.941,-0.068,0.332,0.201,0.846,-0.494,2489.81,0.224,2.798,3.581,-0.529,-0.141,0.837,0.823,-0.508,-0.256,9.912,2.611,0.275,-0.489,0.841,-0.390,-0.375,10.743,-7.771,-4.519,0.901,scissors
38.159337,0.430,0.778,-0.458,2681.97,6.043,-0.895,-5.707,-0.679,-0.599,0.425,0.128,0.515,-0.848,2625.15,0.224,5.371,2.014,-0.333,-0.457,0.825,0.826,-0.154,-0.542,2487.18,-4.141,0.671,3.021,-0.943,-0.061,0.327,0.211,0.841,-0.498,2469.47,0.448,1.007,1.902,-0.529,-0.134,0.838,0.818,-0.514,-0.258,9.982,2.214,0.840,-1.115,0.840,-0.393,-0.374,10.777,-8.595,-4.198,-0.031,scissors
38.159437,0.442,0.773,-0.456,2523.09,4.924,-3.133,-4.141,-0.685,-0.601,0.412,0.087,0.590,-0.802,2505.10,-2.126,0.112,7.050,-0.333,-0.452,0.827,0.823,-0.165,-0.544,2496.40,-3.245,0.000,3.469,-0.946,-0.031,0.323,0.196,0.839,-0.507,2462.68,1.007,-0.895,1.679,-0.529,-0.132,0.838,0.817,-0.516,-0.258,9.961,2.336,1.023,-0.916,0.836,-0.400,-0.375,10.765,-8.290,-4.000,-0.061,scissors
38.159929,0.418,0.793,-0.443,2571.53,2.462,-1.343,-2.910,-0.694,-0.585,0.420,0.098,0.555,-0.826,2434.06,-1.343,4.252,5.595,-0.342,-0.464,0.817,0.834,-0.146,-0.533,2476.90,-2.014,-0.336,2.574,-0.937,-0.036,0.347,0.193,0.842,-0.504,2442.73,1.455,-0.895,1.902,-0.521,-0.126,0.844,0.814,-0.520,-0.259,9.893,5.237,0.931,-0.809,0.834,-0.406,-0.373,10.672,-5.740,-4.489,-0.382,scissors
38.160028,0.431,0.791,-0.434,2491.79,3.133,1.343,-4.924,-0.679,-0.606,0.414,0.095,0.603,-0.792,2501.62,-4.812,5.707,6.938,-0.349,-0.455,0.819,0.832,-0.143,-0.536,2458.80,0.895,0.224,0.112,-0.936,-0.050,0.350,0.197,0.844,-0.499,2447.26,-2.014,0.560,0.112,-0.527,-0.137,0.839,0.814,-0.521,-0.257,9.789,6.092,-0.244,-0.733,0.834,-0.404,-0.376,10.582,-4.885,-5.542,-0.214,scissors
38.160119,0.447,0.760,-0.473,2515.75,1.455,4.029,-3.021,-0.688,-0.593,0.419,0.099,0.618,-0.780,2601.13,-3.357,3.693,4.588,-0.354,-0.470,0.809,0.827,-0.196,-0.527,2448.49,2.350,0.895,-0.560,-0.946,-0.094,0.310,0.209,0.839,-0.502,2450.57,-1.119,0.671,0.783,-0.524,-0.140,0.840,0.814,-0.518,-0.264,9.820,6.229,-1.389,-1.298,0.831,-0.406,-0.380,10.603,-5.008,-7.008,0.031,scissors
38.160198,0.433,0.774,-0.462,2571.16,0.336,2.014,0.336,-0.670,-0.615,0.415,0.112,0.557,-0.823,2477.48,1.119,4.141,-0.895,-0.345,-0.475,0.810,0.825,-0.168,-0.539,2500.89,0.000,3.021,0.783,-0.948,-0.087,0.306,0.201,0.841,-0.503,2446.47,1.455,1.343,1.567,-0.529,-0.134,0.838,0.817,-0.517,-0.256,9.951,7.145,-1.496,-1.679,0.837,-0.399,-0.375,10.766,-4.122,-7.160,0.015,scissors
38.160278,0.428,0.788,-0.442,2535.29,0.560,2.014,-0.448,-0.678,-0.595,0.431,0.093,0.595,-0.799,2455.42,-0.448,5.595,0.783,-0.367,-0.455,0.811,0.823,-0.163,-0.543,2517.47,0.112,3.357,0.112,-0.942,-0.053,0.332,0.197,0.838,-0.508,2441.34,0.000,0.783,0.895,-0.528,-0.134,0.839,0.816,-0.517,-0.260,9.880,8.168,-0.794,-0.702,0.835,-0.400,-0.378,10.674,-2.840,-5.618,0.641,scissors
38.160358,0.430,0.772,-0.468,2564.53,0.448,3.581,-1.007,-0.672,-0.598,0.437,0.124,0.553,-0.824,2641.56,-1.790,7.498,-0.448,-0.355,-0.465,0.811,0.829,-0.151,-0.539,2466.28,-2.574,2.798,-1.231,-0.940,-0.021,0.340,0.199,0.841,-0.503,2467.48,-2.462,1.231,0.560,-0.536,-0.137,0.833,0.820,-0.513,-0.256,9.959,8.168,-0.656,-1.084,0.838,-0.394,-0.376,10.755,-3.221,-6.183,0.305,scissors
38.160438,0.432,0.782,-0.450,2556.82,-0.783,4.700,1.119,-0.661,-0.591,0.462,0.096,0.603,-0.792,2487.67,-0.783,1.119,0.560,-0.377,-0.468,0.800,0.822,-0.171,-0.543,2519.99,0.224,3.469,-0.560,-0.937,-0.028,0.349,0.200,0.840,-0.504,2459.91,-1.455,0.000,-0.112,-0.530,-0.131,0.837,0.811,-0.523,-0.263,9.919,8.641,0.260,-0.870,0.831,-0.409,-0.378,10.699,-2.748,-5.191,0.076,scissors
38.160519,0.449,0.766,-0.460,2545.93,-2.238,6.043,1.343,-0.681,-0.601,0.417,0.127,0.547,-0.827,2488.15,-2.126,2.798,1.567,-0.354,-0.470,0.809,0.837,-0.147,-0.527,2465.47,0.671,2.910,-0.783,-0.936,-0.051,0.347,0.211,0.841,-0.498,2469.47,-1.119,-0.560,-0.336,-0.534,-0.141,0.834,0.810,-0.520,-0.270,9.937,8.977,0.321,-1.145,0.825,-0.409,-0.389,10.718,-2.748,-6.351,-0.198,scissors
38.161455,0.446,0.768,-0.460,2564.64,-4.252,5.371,3.021,-0.691,-0.588,0.420,0.124,0.536,-0.835,2394.64,-4.700,3.357,7.498,-0.359,-0.468,0.807,0.842,-0.174,-0.510,2414.49,5.595,5.483,0.560,-0.941,-0.060,0.334,0.207,0.839,-0.503,2463.98,-1.231,-0.783,-0.224,-0.526,-0.138,0.839,0.816,-0.516,-0.261,9.826,10.229,-0.153,-2.214,0.833,-0.399,-0.383,10.651,-2.641,-9.328,-0.168,scissors
38.161543,0.436,0.766,-0.473,2597.65,-4.364,5.931,1.790,-0.707,-0.589,0.392,0.118,0.577,-0.808,2427.07,-8.729,4.141,14.100,-0.368,-0.457,0.810,0.828,-0.189,-0.528,2480.58,4.700,7.610,1.343,-0.941,-0.037,0.335,0.200,0.842,-0.501,2454.04,-0.671,-1.455,-0.112,-0.530,-0.136,0.837,0.813,-0.518,-0.266,9.910,10.061,-0.489,-2.733,0.832,-0.401,-0.383,10.685,-2.901,-9.466,-0.321,scissors
38.161625,0.432,0.780,-0.453,2625.21,-2.798,3.357,-0.112,-0.673,-0.608,0.422,0.122,0.567,-0.815,2348.65,-10.743,9.064,19.024,-0.367,-0.465,0.806,0.833,-0.159,-0.531,2466.84,1.455,6.602,2.350,-0.949,-0.057,0.309,0.200,0.839,-0.506,2450.68,0.448,-0.448,0.112,-0.529,-0.135,0.838,0.821,-0.517,-0.243,9.863,8.244,-0.794,-2.214,0.842,-0.395,-0.368,10.676,-3.771,-7.588,-0.611,scissors
38.161708,0.449,0.753,-0.482,2590.86,1.007,3.357,-2.686,-0.679,-0.606,0.415,0.162,0.482,-0.861,2378.20,-14.772,13.205,25.738,-0.367,-0.446,0.816,0.824,-0.168,-0.542,2506.29,1.007,3.357,1.455,-0.950,-0.043,0.308,0.204,0.844,-0.496,2460.35,0.895,0.224,0.448,-0.524,-0.135,0.841,0.820,-0.509,-0.262,9.956,3.664,0.626,-1.542,0.836,-0.390,-0.386,10.739,-7.466,-4.351,-0.641,scissors
38.163505,0.451,0.745,-0.492,2578.14,1.231,-2.014,-0.336,-0.694,-0.584,0.421,0.149,0.589,-0.794,2394.84,-25.179,10.967,47.224,-0.395,-0.461,0.795,0.822,-0.209,-0.530,2488.20,0.336,-1.119,2.462,-0.949,-0.019,0.314,0.209,0.836,-0.507,2447.23,1.679,-1.007,2.014,-0.528,-0.139,0.838,0.810,-0.513,-0.285,9.902,3.542,2.733,0.611,0.821,-0.397,-0.409,10.679,-8.366,-3.649,1.939,scissors
38.163614,0.469,0.742,-0.480,2377.45,0.448,-4.924,1.679,-0.684,-0.595,0.421,0.119,0.725,-0.678,3079.68,-24.172,16.114,40.958,-0.408,-0.479,0.777,0.838,-0.208,-0.504,2403.28,-3.469,2.686,2.910,-0.948,-0.040,0.317,0.202,0.834,-0.514,2431.01,-0.783,-3.805,4.700,-0.527,-0.132,0.839,0.810,-0.522,-0.266,9.762,6.214,1.160,0.519,0.825,-0.414,-0.384,10.530,-6.763,-8.260,3.160,scissors
38.166740,0.426,0.794,-0.433,2590.53,-4.252,0.336,5.148,-0.684,-0.595,0.422,0.148,0.645,-0.750,2811.95,-3.917,11.414,6.938,-0.413,-0.475,0.777,0.843,-0.153,-0.517,2439.06,-1.790,9.176,3.805,-0.947,-0.047,0.319,0.191,0.848,-0.494,2470.71,-0.560,-2.238,4.029,-0.529,-0.133,0.838,0.815,-0.529,-0.235,9.934,8.809,-1.008,-1.908,0.832,-0.417,-0.365,10.716,-4.718,-11.405,1.405,scissors
38.190786,0.433,0.794,-0.427,2529.32,-1.007,2.238,2.350,-0.662,-0.599,0.450,0.158,0.613,-0.774,2507.00,-0.560,5.148,0.112,-0.409,-0.446,0.796,0.845,-0.143,-0.515,2464.05,2.350,9.736,3.469,-0.940,-0.053,0.338,0.201,0.848,-0.490,2447.62,-0.336,-0.336,1.231,-0.526,-0.133,0.840,0.813,-0.526,-0.251,9.923,10.580,-1.282,-1.863,0.829,-0.411,-0.380,10.694,-2.809,-12.122,1.252,scissors
38.212858,0.439,0.771,-0.461,2603.10,-1.119,4.029,0.783,-0.688,-0.598,0.410,0.170,0.586,-0.793,2558.93,-0.112,5.260,-0.671,-0.432,-0.455,0.779,0.835,-0.186,-0.518,2471.86,4.700,10.183,2.350,-0.957,-0.060,0.283,0.211,0.841,-0.498,2469.47,2.686,1.455,1.343,-0.532,-0.134,0.836,0.821,-0.512,-0.253,9.904,9.176,-0.382,-3.160,0.833,-0.395,-0.386,10.734,-4.870,-11.588,0.260,scissors
38.236055,0.448,0.753,-0.483,2643.17,2.126,1.007,-0.224,-0.675,-0.602,0.427,0.176,0.560,-0.809,2518.23,0.783,2.910,0.336,-0.423,-0.479,0.769,0.836,-0.185,-0.517,2492.91,1.902,7.386,5.819,-0.955,-0.044,0.294,0.211,0.834,-0.510,2466.51,3.133,0.671,0.783,-0.530,-0.133,0.837,0.819,-0.511,-0.261,9.905,8.336,0.122,-3.527,0.828,-0.395,-0.398,10.732,-6.198,-11.786,-0.244,scissors
38.259493,0.453,0.757,-0.471,2547.92,2.462,-2.462,-0.448,-0.697,-0.585,0.415,0.176,0.573,-0.801,2582.67,-0.671,1.679,4.924,-0.425,-0.465,0.776,0.841,-0.193,-0.506,2488.87,3.133,8.617,7.162,-0.947,-0.008,0.322,0.211,0.832,-0.513,2471.63,2.462,-0.448,0.783,-0.532,-0.136,0.835,0.810,-0.522,-0.267,9.924,8.290,-0.779,-2.901,0.819,-0.409,-0.402,10.763,-6.412,-8.382,0.687,scissors
38.394968,0.442,0.779,-0.445,2518.56,0.224,-3.021,0.336,-0.682,-0.614,0.396,0.156,0.621,-0.768,2462.25,-0.112,-1.007,3.133,-0.419,-0.474,0.775,0.858,-0.169,-0.485,2437.73,-1.007,9.624,6.938,-0.958,-0.038,0.286,0.204,0.837,-0.508,2457.26,1.455,-1.567,1.679,-0.524,-0.129,0.842,0.813,-0.529,-0.244,9.913,11.115,0.198,-2.519,0.823,-0.416,-0.387,10.717,-3.710,-12.947,2.336,scissors
38.395306,0.431,0.798,-0.421,2541.00,-0.895,1.231,-2.686,-0.675,-0.603,0.425,0.160,0.638,-0.753,2472.48,-0.448,3.245,-0.895,-0.415,-0.465,0.782,0.855,-0.150,-0.496,2481.26,3.805,14.772,7.274,-0.955,-0.045,0.292,0.199,0.844,-0.499,2426.24,0.448,-1.455,1.119,-0.530,-0.129,0.838,0.814,-0.533,-0.231,9.831,12.504,0.321,-1.969,0.825,-0.419,-0.378,10.600,-1.237,-12.412,2.443,scissors
38.395406,0.447,0.778,-0.442,2557.24,-0.224,3.133,-3.469,-0.675,-0.596,0.435,0.169,0.615,-0.771,2518.81,-1.007,4.364,-4.588,-0.412,-0.467,0.783,0.849,-0.170,-0.501,2476.54,3.133,11.191,1.455,-0.951,-0.036,0.307,0.208,0.843,-0.495,2462.41,-0.783,0.783,-0.112,-0.535,-0.139,0.833,0.809,-0.531,-0.253,9.944,12.489,-0.168,-2.321,0.821,-0.416,-0.391,10.700,-0.214,-12.473,2.290,scissors
38.395497,0.435,0.791,-0.431,2603.81,-0.336,2.126,-2.350,-0.719,-0.573,0.393,0.096,0.719,-0.688,2491.81,5.483,13.653,-11.862,-0.415,-0.465,0.782,0.849,-0.177,-0.498,2488.32,7.722,13.205,2.014,-0.954,-0.015,0.299,0.203,0.847,-0.491,2463.03,1.790,0.783,0.000,-0.525,-0.126,0.842,0.821,-0.519,-0.237,9.869,10.809,-0.870,-3.252,0.827,-0.406,-0.388,10.713,-2.153,-10.794,0.015,scissors
38.395591,0.453,0.747,-0.486,2609.56,2.910,2.238,-4.141,-0.669,-0.600,0.439,0.196,0.535,-0.822,2673.06,0.448,-1.790,-4.812,-0.422,-0.471,0.775,0.853,-0.170,-0.493,2475.61,7.498,7.610,2.014,-0.957,0.019,0.288,0.225,0.828,-0.514,2447.91,3.581,1.343,-0.671,-0.530,-0.129,0.838,0.819,-0.512,-0.261,9.968,9.069,1.725,-3.359,0.819,-0.401,-0.409,10.801,-3.863,-8.672,0.504,scissors
38.399145,0.427,0.792,-0.437,2587.30,0.560,-0.112,-4.252,-0.692,-0.605,0.395,0.157,0.616,-0.772,2450.50,1.455,-3.245,-6.491,-0.428,-0.480,0.766,0.849,-0.213,-0.483,2486.52,1.567,7.610,3.133,-0.955,0.007,0.297,0.203,0.830,-0.519,2465.17,3.357,-0.336,-0.895,-0.527,-0.133,0.839,0.820,-0.516,-0.249,9.923,8.366,2.855,-3.496,0.821,-0.405,-0.402,10.766,-4.092,-7.924,1.084,scissors
38.405399,0.392,0.831,-0.395,2490.30,-0.671,6.938,-10.631,-0.684,-0.592,0.426,0.155,0.610,-0.777,2423.74,1.679,4.029,-8.169,-0.412,-0.466,0.783,0.853,-0.194,-0.485,2477.41,0.671,7.610,1.679,-0.958,-0.009,0.286,0.205,0.830,-0.519,2443.38,1.231,-0.448,-0.224,-0.536,-0.130,0.834,0.816,-0.527,-0.238,9.858,8.336,2.870,-2.763,0.823,-0.416,-0.388,10.625,-3.359,-6.244,1.282,scissors
38.441874,0.449,0.769,-0.455,2548.26,-0.448,8.617,-8.617,-0.670,-0.610,0.424,0.166,0.592,-0.789,2385.14,0.448,15.555,-8.281,-0.415,-0.465,0.782,0.861,-0.173,-0.478,2430.67,1.231,6.938,0.671,-0.960,-0.040,0.277,0.194,0.843,-0.502,2428.44,-0.560,-0.112,0.112,-0.525,-0.128,0.841,0.815,-0.525,-0.245,9.816,8.275,1.908,-2.870,0.813,-0.418,-0.406,10.551,-2.809,-9.374,1.206,scissors
38.459756,0.436,0.782,-0.446,2556.68,0.560,3.917,-5.483,-0.688,-0.604,0.401,0.174,0.605,-0.777,2495.80,-1.231,14.436,-5.148,-0.414,-0.466,0.782,0.860,-0.207,-0.466,2409.01,2.014,6.379,0.560,-0.964,-0.027,0.264,0.201,0.839,-0.505,2437.23,0.560,0.671,0.448,-0.528,-0.126,0.840,0.819,-0.517,-0.249,9.945,6.321,0.840,-3.985,0.817,-0.412,-0.404,10.703,-3.832,-11.282,0.626,scissors
38.670122,0.432,0.784,-0.446,2534.93,0.783,2.462,-4.476,-0.670,-0.610,0.424,0.175,0.606,-0.776,2538.40,1.007,15.219,-4.476,-0.403,-0.473,0.784,0.855,-0.204,-0.477,2494.59,6.379,8.281,3.357,-0.958,-0.016,0.286,0.208,0.833,-0.512,2456.91,2.798,0.448,1.119,-0.525,-0.129,0.841,0.814,-0.525,-0.248,10.013,11.008,-0.229,-3.115,0.814,-0.421,-0.399,10.765,-2.626,-10.916,0.595,scissors
38.671858,0.434,0.775,-0.459,2590.98,0.783,5.931,-6.155,-0.664,-0.621,0.416,0.177,0.613,-0.770,2508.25,-0.895,7.386,-4.029,-0.417,-0.483,0.770,0.852,-0.209,-0.480,2525.36,6.379,11.079,3.357,-0.963,-0.041,0.266,0.206,0.834,-0.512,2478.70,1.790,0.112,0.000,-0.525,-0.128,0.841,0.817,-0.521,-0.246,9.957,9.664,0.840,-3.725,0.809,-0.419,-0.412,10.773,-3.740,-10.931,0.916,scissors
38.671970,0.441,0.772,-0.458,2615.21,1.679,2.126,-4.476,-0.686,-0.610,0.397,0.211,0.545,-0.811,2621.78,0.560,8.952,-4.924,-0.447,-0.463,0.766,0.863,-0.202,-0.462,2470.40,2.462,9.176,3.469,-0.968,0.000,0.251,0.218,0.832,-0.509,2471.42,1.455,-0.224,-0.112,-0.537,-0.130,0.833,0.828,-0.505,-0.245,9.885,6.168,1.374,-4.198,0.822,-0.396,-0.409,10.694,-6.214,-7.847,-0.275,scissors
38.672064,0.432,0.766,-0.476,2622.46,1.231,-4.141,-1.567,-0.679,-0.606,0.415,0.192,0.585,-0.788,2561.71,0.671,0.671,-0.560,-0.437,-0.489,0.755,0.864,-0.219,-0.453,2456.05,1.455,4.700,5.371,-0.971,-0.016,0.239,0.211,0.827,-0.521,2474.50,2.350,-2.014,0.336,-0.531,-0.130,0.837,0.817,-0.517,-0.255,9.959,5.969,1.939,-4.366,0.803,-0.419,-0.425,10.786,-7.511,-9.298,-0.122,scissors
38.672166,0.412,0.808,-0.422,2560.90,1.455,-3.357,-3.581,-0.669,-0.604,0.433,0.159,0.637,-0.754,2415.23,1.567,2.910,-2.014,-0.434,-0.475,0.766,0.870,-0.220,-0.442,2452.60,3.805,10.295,7.833,-0.966,0.001,0.260,0.202,0.831,-0.518,2428.68,3.357,-3.133,0.560,-0.529,-0.123,0.840,0.813,-0.530,-0.241,9.948,9.893,3.115,-3.771,0.803,-0.434,-0.408,10.706,-5.389,-11.206,0.824,scissors
38.674055,0.428,0.792,-0.435,2510.38,0.895,5.148,-10.631,-0.686,-0.603,0.408,0.162,0.633,-0.757,2369.32,1.567,14.995,-6.602,-0.436,-0.480,0.761,0.879,-0.189,-0.438,2427.63,4.029,12.086,5.595,-0.973,-0.018,0.231,0.194,0.841,-0.505,2433.47,0.560,-2.462,0.112,-0.523,-0.121,0.844,0.820,-0.529,-0.218,9.774,11.573,1.695,-2.504,0.817,-0.424,-0.391,10.541,-3.603,-10.275,0.763,scissors
38.674170,0.423,0.794,-0.437,2495.53,0.336,5.707,-8.281,-0.667,-0.614,0.421,0.181,0.621,-0.762,2507.83,-1.231,10.967,-4.141,-0.424,-0.475,0.771,0.867,-0.204,-0.455,2447.58,4.588,9.176,3.469,-0.970,-0.001,0.242,0.199,0.844,-0.499,2426.24,-1.790,-0.112,-0.224,-0.530,-0.123,0.839,0.815,-0.529,-0.236,9.870,11.893,0.412,-2.229,0.807,-0.427,-0.408,10.637,-2.565,-10.473,0.595,scissors
38.674265,0.426,0.786,-0.448,2542.96,0.000,7.050,-6.043,-0.660,-0.628,0.414,0.197,0.590,-0.783,2505.20,1.231,8.952,-5.371,-0.442,-0.471,0.763,0.874,-0.192,-0.446,2450.25,6.602,11.414,3.469,-0.966,0.015,0.259,0.208,0.838,-0.505,2454.76,0.112,1.119,0.224,-0.529,-0.130,0.838,0.824,-0.520,-0.227,9.873,10.229,1.313,-2.702,0.811,-0.418,-0.409,10.654,-3.115,-9.603,1.099,scissors
38.674360,0.438,0.763,-0.475,2583.90,1.231,3.133,-4.700,-0.664,-0.627,0.407,0.204,0.577,-0.791,2564.72,0.112,5.931,-3.357,-0.434,-0.496,0.752,0.867,-0.222,-0.446,2471.71,2.126,9.512,2.686,-0.966,0.000,0.257,0.216,0.827,-0.519,2462.34,2.462,0.224,0.448,-0.527,-0.124,0.841,0.828,-0.507,-0.239,9.956,8.122,0.794,-3.115,0.812,-0.406,-0.419,10.770,-4.626,-8.366,0.366,scissors
38.683761,0.417,0.790,-0.450,2580.45,-1.119,-0.895,-1.790,-0.671,-0.626,0.398,0.189,0.581,-0.792,2513.24,1.790,6.826,-3.581,-0.420,-0.486,0.767,0.868,-0.222,-0.443,2511.35,-0.560,8.281,3.357,-0.963,0.009,0.268,0.204,0.824,-0.528,2458.56,2.350,-2.014,0.671,-0.533,-0.124,0.837,0.822,-0.519,-0.233,10.025,10.611,3.221,-2.351,0.808,-0.423,-0.410,10.829,-3.023,-6.000,0.473,scissors
38.704797,0.408,0.807,-0.426,2583.92,-1.790,4.141,-6.938,-0.659,-0.629,0.413,0.182,0.605,-0.775,2492.38,-0.224,8.057,-4.476,-0.423,-0.475,0.771,0.874,-0.200,-0.442,2493.59,0.783,10.743,3.357,-0.975,0.016,0.222,0.205,0.834,-0.512,2441.39,-0.783,-2.126,-0.336,-0.531,-0.126,0.838,0.822,-0.522,-0.226,9.845,11.069,4.275,-2.015,0.805,-0.425,-0.414,10.614,-3.405,-6.595,1.053,scissors
38.726645,0.418,0.805,-0.421,2521.45,-1.790,6.155,-7.833,-0.665,-0.627,0.406,0.190,0.611,-0.768,2499.17,-1.790,7.722,-4.476,-0.432,-0.467,0.771,0.878,-0.209,-0.432,2440.93,1.119,9.288,2.686,-0.975,0.011,0.224,0.204,0.834,-0.513,2454.85,-2.126,-1.119,-0.895,-0.522,-0.124,0.844,0.820,-0.526,-0.225,9.846,11.832,2.122,-2.534,0.807,-0.426,-0.409,10.591,-2.366,-10.229,0.840,scissors
38.749663,0.442,0.759,-0.479,2544.45,0.895,7.386,-6.043,-0.663,-0.611,0.433,0.212,0.582,-0.785,2509.09,0.336,9.848,-5.819,-0.434,-0.482,0.761,0.869,-0.228,-0.439,2489.14,2.462,12.310,3.469,-0.976,0.018,0.215,0.213,0.836,-0.506,2449.34,1.455,-1.119,0.336,-0.523,-0.122,0.844,0.828,-0.516,-0.220,9.872,9.664,1.618,-2.611,0.812,-0.414,-0.412,10.659,-3.679,-9.237,0.809,scissors
38.772156,0.404,0.819,-0.407,2583.83,-2.238,3.245,-3.469,-0.656,-0.625,0.423,0.190,0.615,-0.765,2499.94,0.336,10.072,-5.260,-0.446,-0.483,0.753,0.868,-0.218,-0.447,2513.60,-2.462,10.183,2.686,-0.981,0.013,0.193,0.205,0.833,-0.515,2446.52,2.238,-1.343,0.560,-0.536,-0.127,0.834,0.822,-0.526,-0.220,9.909,7.527,3.191,-1.588,0.805,-0.425,-0.413,10.707,-4.687,-4.687,0.229,scissors
39.184035,0.404,0.814,-0.418,2541.91,-3.021,7.498,-7.722,-0.678,-0.601,0.423,0.183,0.634,-0.751,2426.09,-1.902,11.750,-4.700,-0.464,-0.486,0.741,0.885,-0.208,-0.416,2442.04,-4.029,4.924,1.567,-0.975,0.023,0.222,0.197,0.832,-0.518,2447.87,-0.448,-1.231,0.000,-0.529,-0.123,0.840,0.812,-0.539,-0.223,9.952,11.405,1.954,-1.298,0.796,-0.444,-0.412,10.720,-1.481,-8.107,0.214,scissors
39.184203,0.429,0.793,-0.432,2571.12,-1.567,18.017,-13.205,-0.655,-0.621,0.431,0.183,0.642,-0.744,2425.39,-2.350,22.493,-8.057,-0.432,-0.490,0.757,0.887,-0.194,-0.419,2469.36,5.371,12.981,1.902,-0.973,0.053,0.226,0.208,0.838,-0.505,2454.76,-0.671,-0.336,0.112,-0.531,-0.124,0.839,0.824,-0.522,-0.219,9.927,12.137,2.427,-1.374,0.804,-0.426,-0.416,10.691,-0.931,-9.634,0.885,scissors
39.184315,0.424,0.791,-0.441,2628.47,-5.036,13.876,-8.281,-0.664,-0.633,0.397,0.218,0.590,-0.777,2574.34,-5.371,17.233,-4.252,-0.470,-0.485,0.738,0.881,-0.236,-0.410,2454.11,5.595,13.205,3.021,-0.979,0.008,0.204,0.210,0.830,-0.516,2476.78,0.671,-1.119,0.112,-0.524,-0.123,0.843,0.830,-0.511,-0.224,9.877,9.802,1.389,-2.718,0.806,-0.413,-0.424,10.653,-3.527,-10.794,-0.214,scissors
39.184404,0.424,0.780,-0.460,2626.21,-1.231,10.743,-6.602,-0.683,-0.646,0.341,0.207,0.627,-0.751,2624.48,1.343,13.541,-5.595,-0.461,-0.491,0.739,0.873,-0.240,-0.424,2485.20,3.245,12.310,6.602,-0.970,0.028,0.243,0.207,0.830,-0.518,2467.22,4.029,-2.686,1.119,-0.530,-0.123,0.839,0.825,-0.523,-0.215,9.893,6.382,0.916,-3.481,0.806,-0.424,-0.413,10.638,-6.229,-9.053,-1.130,scissors
39.184501,0.395,0.847,-0.355,2521.87,-0.560,12.645,-7.386,-0.659,-0.642,0.392,0.226,0.569,-0.791,2529.98,4.476,11.638,-6.938,-0.466,-0.492,0.736,0.882,-0.232,-0.411,2495.82,1.231,8.729,6.267,-0.978,0.023,0.206,0.202,0.831,-0.518,2428.68,3.917,-2.238,0.671,-0.526,-0.120,0.842,0.810,-0.542,-0.225,9.948,7.542,-0.687,-3.130,0.788,-0.449,-0.422,10.717,-4.656,-8.931,-0.779,scissors
39.184604,0.405,0.845,-0.348,2459.06,-0.448,28.872,-14.883,-0.655,-0.641,0.400,0.201,0.624,-0.755,2402.27,0.224,7.498,-4.588,-0.459,-0.491,0.740,0.905,-0.207,-0.372,2410.47,-3.021,5.483,3.021,-0.979,0.028,0.203,0.193,0.833,-0.519,2445.92,0.895,-1.231,0.336,-0.532,-0.121,0.838,0.820,-0.530,-0.215,9.926,11.359,-2.733,-2.427,0.799,-0.434,-0.417,10.685,-1.817,-12.382,-0.611,scissors
39.184690,0.403,0.840,-0.364,2567.47,-0.224,41.517,-18.464,-0.664,-0.631,0.401,0.219,0.613,-0.759,2428.33,-2.350,18.129,-6.602,-0.457,-0.489,0.743,0.885,-0.223,-0.408,2462.26,1.343,13.317,3.581,-0.976,0.031,0.214,0.207,0.834,-0.511,2464.41,1.119,-1.679,1.007,-0.527,-0.118,0.842,0.821,-0.523,-0.227,9.804,11.130,-3.740,-3.527,0.795,-0.427,-0.432,10.592,-3.405,-15.359,-1.664,scissors
39.184784,0.388,0.863,-0.322,2564.39,-3.021,48.120,-22.157,-0.656,-0.651,0.383,0.202,0.648,-0.735,2495.51,-3.357,24.172,-8.505,-0.463,-0.497,0.733,0.889,-0.234,-0.393,2432.10,5.595,15.667,9.400,-0.977,0.031,0.209,0.200,0.828,-0.524,2460.08,3.021,-4.141,1.231,-0.531,-0.122,0.838,0.807,-0.540,-0.238,10.030,11.924,-7.511,-5.252,0.782,-0.446,-0.435,10.789,-3.496,-18.580,-2.382,scissors
39.185449,0.347,0.927,-0.140,2536.00,-4.364,81.244,-35.474,-0.672,-0.651,0.354,0.192,0.672,-0.715,2360.22,-0.560,34.131,-13.541,-0.458,-0.494,0.739,0.891,-0.254,-0.376,2468.29,-0.560,26.074,11.974,-0.980,0.030,0.197,0.202,0.826,-0.526,2430.84,5.036,-6.043,2.350,-0.525,-0.121,0.843,0.823,-0.534,-0.192,9.926,14.840,-7.847,-2.489,0.806,-0.434,-0.403,10.733,0.260,-17.527,-1.252,scissors
39.185562,0.514,0.610,-0.604,2797.27,2.798,98.029,-41.293,-0.660,-0.675,0.329,0.269,0.547,-0.792,2523.80,-6.379,33.572,-10.967,-0.453,-0.494,0.742,0.887,-0.221,-0.406,2525.78,-3.357,22.605,4.812,-0.987,0.033,0.159,0.215,0.829,-0.516,2421.47,2.238,-6.379,2.350,-0.529,-0.125,0.839,0.841,-0.497,-0.214,9.786,8.885,-3.939,-1.511,0.813,-0.391,-0.431,10.515,-2.824,-11.221,0.198,scissors
39.185655,0.462,0.726,-0.509,2684.87,-5.707,51.700,-21.262,-0.664,-0.679,0.314,0.247,0.597,-0.763,2710.05,-3.693,22.717,-3.917,-0.459,-0.512,0.726,0.871,-0.291,-0.397,2460.94,-4.812,10.295,2.686,-0.980,0.012,0.199,0.210,0.822,-0.528,2475.40,-1.567,-5.260,2.126,-0.525,-0.117,0.843,0.824,-0.508,-0.250,9.899,1.664,-3.954,-1.405,0.790,-0.413,-0.453,10.699,-8.626,-9.649,0.641,scissors
39.185741,0.461,0.798,-0.389,2653.30,-2.574,58.751,-26.410,-0.669,-0.678,0.306,0.268,0.563,-0.782,2645.86,2.686,13.876,-5.148,-0.469,-0.493,0.733,0.893,-0.272,-0.358,2452.53,-7.274,7.386,5.931,-0.979,0.020,0.202,0.215,0.818,-0.534,2468.08,1.007,-6.155,3.917,-0.519,-0.117,0.847,0.828,-0.514,-0.223,10.110,2.168,-0.901,-1.282,0.796,-0.419,-0.437,10.955,-9.023,-7.527,0.885,scissors
39.187314,0.470,0.712,-0.522,2767.67,-0.448,36.929,-14.772,-0.654,-0.687,0.317,0.237,0.633,-0.737,2540.04,-1.343,9.288,-4.924,-0.481,-0.511,0.713,0.895,-0.234,-0.379,2546.25,-4.476,7.498,4.252,-0.978,0.070,0.198,0.201,0.821,-0.535,2447.04,1.231,-9.288,3.469,-0.524,-0.121,0.843,0.835,-0.511,-0.204,9.947,4.840,1.618,-2.321,0.808,-0.416,-0.418,10.768,-6.397,-3.328,-1.298,scissors
39.187433,0.384,0.855,-0.349,2672.39,-0.448,19.919,-13.988,-0.650,-0.704,0.287,0.247,0.619,-0.745,2707.43,0.000,7.386,-8.057,-0.482,-0.516,0.708,0.897,-0.198,-0.395,2572.19,-6.602,1.231,0.224,-0.983,0.042,0.179,0.190,0.840,-0.509,2436.63,-3.917,-7.386,0.448,-0.521,-0.119,0.845,0.832,-0.521,-0.190,10.022,6.687,6.153,-2.687,0.809,-0.424,-0.406,10.772,-4.855,1.496,-2.702,scissors
39.187531,0.437,0.799,-0.414,2589.86,2.462,12.645,-13.876,-0.662,-0.694,0.283,0.251,0.601,-0.759,2624.84,2.014,-3.245,-9.624,-0.460,-0.512,0.725,0.890,-0.225,-0.397,2528.86,-3.805,-7.722,-2.238,-0.983,0.042,0.179,0.195,0.842,-0.503,2465.70,-5.483,-3.021,-3.357,-0.523,-0.121,0.843,0.821,-0.527,-0.219,9.872,6.519,5.618,-3.206,0.794,-0.429,-0.430,10.603,-5.038,0.336,-3.466,scissors
39.187617,0.425,0.826,-0.371,2574.26,2.686,0.895,-6.714,-0.643,-0.702,0.306,0.251,0.597,-0.762,2625.69,4.029,-13.317,-5.260,-0.475,-0.516,0.713,0.910,-0.212,-0.357,2406.52,0.224,-7.833,-0.224,-0.981,0.012,0.191,0.195,0.838,-0.510,2467.77,-3.469,-1.790,-4.252,-0.524,-0.117,0.843,0.826,-0.516,-0.227,9.835,5.695,3.405,-3.924,0.795,-0.419,-0.439,10.610,-6.443,-2.427,-4.122,scissors
39.191191,0.414,0.842,-0.347,2549.82,0.336,-6.379,-1.119,-0.649,-0.697,0.304,0.213,0.654,-0.726,2458.09,8.169,-19.695,0.560,-0.456,-0.520,0.722,0.895,-0.254,-0.367,2393.22,3.133,-5.483,3.357,-0.983,0.049,0.179,0.193,0.825,-0.531,2445.39,1.567,-2.350,-1.902,-0.528,-0.114,0.842,0.808,-0.540,-0.238,9.930,6.031,-2.565,-5.069,0.780,-0.448,-0.438,10.678,-6.992,-10.733,-3.908,scissors
39.191305,0.372,0.910,-0.184,2519.96,0.560,8.505,-6.043,-0.636,-0.691,0.345,0.202,0.652,-0.731,2388.66,8.505,-12.198,-4.700,-0.469,-0.533,0.705,0.910,-0.218,-0.353,2429.01,7.386,0.560,6.714,-0.987,0.038,0.158,0.192,0.821,-0.538,2411.37,1.567,-3.581,-1.567,-0.524,-0.113,0.844,0.816,-0.540,-0.207,9.950,11.145,-5.802,-2.855,0.791,-0.443,-0.422,10.689,-3.038,-16.000,-3.008,scissors
39.191399,0.382,0.895,-0.230,2529.50,1.455,31.669,-16.786,-0.640,-0.693,0.331,0.224,0.618,-0.754,2379.57,2.910,-4.252,-10.631,-0.454,-0.521,0.723,0.897,-0.233,-0.376,2441.23,12.533,5.707,6.714,-0.981,0.044,0.191,0.191,0.841,-0.506,2468.31,-2.910,-5.260,-2.462,-0.518,-0.117,0.847,0.800,-0.540,-0.261,9.885,11.069,-14.489,-2.656,0.768,-0.447,-0.458,10.553,-6.992,-25.008,-3.496,scissors
39.191487,0.378,0.920,-0.101,2631.45,-4.924,73.746,-38.272,-0.658,-0.692,0.297,0.262,0.546,-0.795,2366.31,-1.679,13.988,-8.729,-0.468,-0.513,0.720,0.888,-0.328,-0.322,2357.40,15.891,17.793,19.919,-0.984,0.049,0.172,0.212,0.819,-0.533,2546.46,-1.679,-8.505,-0.895,-0.522,-0.124,0.844,0.813,-0.505,-0.291,10.375,5.084,-31.008,-6.550,0.777,-0.377,-0.505,10.973,-29.527,-43.511,-5.115,scissors
39.216854,0.417,0.843,-0.341,3232.98,-19.360,120.970,-58.862,-0.626,-0.725,0.287,0.271,0.554,-0.787,2615.44,-3.693,18.912,0.671,-0.462,-0.508,0.727,0.831,-0.428,-0.356,2494.94,12.422,32.676,53.379,-0.984,0.048,0.171,0.228,0.800,-0.556,2547.71,6.267,-31.334,5.483,-0.510,-0.108,0.853,0.800,-0.532,-0.276,9.695,-6.565,-38.427,-7.099,0.760,-0.429,-0.488,10.485,-53.573,-58.779,2.733,scissors
39.234446,0.529,0.718,-0.452,2975.71,24.395,112.689,-77.103,-0.625,-0.749,0.220,0.255,0.585,-0.770,2814.63,5.148,17.905,-5.371,-0.458,-0.518,0.722,0.877,-0.349,-0.331,2443.06,5.931,36.705,73.634,-0.985,0.099,0.141,0.194,0.810,-0.553,2526.44,8.393,-43.084,10.743,-0.514,-0.109,0.851,0.810,-0.520,-0.270,10.247,-14.580,-39.298,-12.260,0.788,-0.338,-0.515,10.725,-80.046,-61.618,-2.076,scissors
39.256343,0.405,0.889,-0.215,2338.35,1.455,90.308,-53.939,-0.590,-0.772,0.235,0.265,0.480,-0.837,2532.84,8.169,0.560,-2.126,-0.465,-0.497,0.733,0.868,-0.371,-0.330,2479.94,8.393,17.905,95.232,-0.991,0.114,0.064,0.166,0.826,-0.538,2430.09,11.079,-50.805,14.100,-0.510,-0.102,0.854,0.799,-0.549,-0.247,10.091,-2.504,-45.954,-21.328,0.744,-0.461,-0.484,10.867,-48.244,-65.252,13.863,scissors
39.278127,0.376,0.856,-0.356,2678.70,6.379,86.615,-57.408,-0.589,-0.776,0.226,0.179,0.695,-0.696,2592.40,-3.693,-15.891,3.693,-0.441,-0.502,0.744,0.880,-0.235,-0.413,2746.43,0.560,-9.288,69.941,-0.973,0.186,0.135,0.119,0.831,-0.543,2319.98,4.700,-46.217,6.602,-0.504,-0.096,0.858,0.776,-0.594,-0.213,9.504,16.107,-63.603,-39.847,0.751,-0.502,-0.428,10.202,-6.702,-54.794,-32.107,scissors
39.690551,0.363,0.881,-0.302,2634.91,3.469,87.287,-60.541,-0.581,-0.789,0.199,0.250,0.593,-0.766,2446.21,-4.812,-24.395,2.014,-0.467,-0.522,0.714,0.864,-0.279,-0.420,2559.93,14.995,-59.086,33.236,-0.966,0.212,0.150,0.148,0.854,-0.499,2328.60,-5.707,-34.355,-5.371,-0.491,-0.088,0.867,0.776,-0.550,-0.310,9.345,19.008,-74.229,-49.267,0.736,-0.442,-0.513,9.616,11.573,-56.107,-65.374,scissors
39.690710,0.468,0.789,-0.398,2421.76,7.386,80.348,-56.848,-0.551,-0.809,0.205,0.252,0.585,-0.771,2543.29,-9.512,-33.124,11.638,-0.462,-0.518,0.720,0.754,-0.445,-0.483,2487.41,27.753,-109.108,-3.021,-0.963,0.230,0.143,0.163,0.835,-0.525,2472.97,-8.505,-37.377,-2.798,-0.498,-0.091,0.862,0.826,-0.439,-0.353,9.376,11.252,-69.618,-43.939,0.764,-0.285,-0.578,9.910,17.344,-82.580,-67.069,scissors
39.690813,0.400,0.849,-0.346,2389.75,5.707,63.115,-34.019,-0.527,-0.817,0.235,0.169,0.684,-0.710,2334.97,-0.448,-40.846,19.807,-0.461,-0.503,0.731,0.773,-0.426,-0.470,2554.75,19.919,-116.270,-19.360,-0.945,0.246,0.216,0.112,0.836,-0.537,2379.65,0.671,-32.565,1.679,-0.487,-0.092,0.869,0.829,-0.443,-0.342,9.815,12.107,-51.588,-34.519,0.758,-0.310,-0.574,10.892,19.771,-70.244,-67.221,scissors
39.690902,0.328,0.907,-0.265,2560.59,-7.274,56.512,-28.424,-0.522,-0.832,0.189,0.142,0.715,-0.685,2303.55,1.119,-12.198,1.007,-0.457,-0.499,0.736,0.895,-0.163,-0.415,2515.13,17.233,-129.811,-54.722,-0.942,0.237,0.237,0.124,0.824,-0.553,2294.27,5.148,-20.367,2.574,-0.484,-0.090,0.870,0.846,-0.400,-0.353,10.126,13.511,-33.710,-12.809,0.750,-0.261,-0.608,11.339,24.473,-41.832,-44.198,scissors
39.690986,0.374,0.846,-0.380,2615.79,-2.574,50.246,-29.655,-0.542,-0.822,0.176,0.219,0.522,-0.824,2570.40,3.469,-7.162,-4.141,-0.436,-0.509,0.742,0.863,-0.176,-0.474,2494.36,8.505,-120.299,-88.518,-0.939,0.303,0.165,0.126,0.832,-0.540,2495.22,-6.267,-7.274,3.357,-0.473,-0.087,0.876,0.805,-0.443,-0.395,10.192,14.855,-30.031,-5.603,0.715,-0.315,-0.624,10.974,17.679,-24.305,-31.679,scissors
39.691068,0.315,0.927,-0.205,2886.99,-7.945,47.784,-22.157,-0.509,-0.835,0.210,0.214,0.586,-0.782,2258.06,-0.895,-14.772,8.729,-0.439,-0.501,0.746,0.776,-0.243,-0.582,2822.44,-21.710,-111.682,-88.629,-0.914,0.299,0.272,0.162,0.821,-0.547,2480.57,-9.176,-8.617,3.805,-0.473,-0.088,0.876,0.833,-0.427,-0.352,9.754,11.969,-19.832,-6.748,0.763,-0.286,-0.580,10.932,11.878,-9.191,-39.832,scissors
39.691151,0.402,0.866,-0.299,2797.05,-2.350,54.274,-33.460,-0.506,-0.846,0.171,0.216,0.620,-0.754,2510.89,-6.267,8.281,3.357,-0.433,-0.486,0.759,0.799,-0.335,-0.499,2484.29,-26.745,-127.573,-100.380,-0.902,0.272,0.336,0.171,0.828,-0.534,2577.88,-14.883,-13.093,3.693,-0.475,-0.101,0.874,0.816,-0.406,-0.412,9.856,-1.435,-7.786,-10.718,0.728,-0.265,-0.632,10.660,-7.481,11.206,-22.672,scissors
39.691233,0.511,0.589,-0.627,2929.94,1.455,-1.679,-6.714,-0.504,-0.840,0.201,0.242,0.485,-0.840,2847.51,6.267,-17.122,15.779,-0.434,-0.511,0.742,0.814,-0.353,-0.462,2304.87,-13.541,-98.813,-72.403,-0.912,0.200,0.358,0.157,0.829,-0.537,2636.26,-3.133,-13.317,3.469,-0.472,-0.098,0.876,0.783,-0.452,-0.428,10.025,-9.802,-18.214,-9.939,0.721,-0.306,-0.622,10.978,-15.908,0.580,-14.641,scissors
39.691858,0.418,0.865,-0.278,2549.30,7.833,6.155,7.050,-0.495,-0.849,0.183,0.226,0.550,-0.804,2316.21,11.974,-18.576,18.576,-0.431,-0.503,0.749,0.741,-0.450,-0.498,2373.89,4.252,-61.548,-33.348,-0.907,0.211,0.365,0.163,0.818,-0.552,2406.46,12.533,-16.338,9.176,-0.477,-0.100,0.873,0.821,-0.434,-0.371,9.802,-14.779,-5.466,-2.977,0.763,-0.283,-0.581,10.987,-19.115,8.885,3.878,scissors
39.691953,0.534,0.652,-0.537,2432.45,-9.736,-41.517,29.319,-0.510,-0.839,0.191,0.261,0.439,-0.860,2609.84,-5.260,-52.931,50.134,-0.432,-0.509,0.744,0.786,-0.465,-0.407,2251.34,8.393,34.467,32.565,-0.909,0.176,0.377,0.156,0.800,-0.579,2326.57,9.512,-11.302,17.233,-0.474,-0.090,0.876,0.838,-0.420,-0.348,9.338,-23.359,14.824,-2.824,0.772,-0.279,-0.572,10.642,-24.534,47.313,12.305,scissors
39.692044,0.501,0.659,-0.562,2694.36,2.238,-102.618,60.541,-0.512,-0.838,0.190,0.235,0.526,-0.817,2889.43,5.036,-60.877,46.889,-0.441,-0.484,0.756,0.815,-0.389,-0.430,2243.91,43.755,79.117,64.905,-0.929,0.195,0.316,0.160,0.825,-0.542,2396.82,1.119,-0.336,18.800,-0.471,-0.087,0.878,0.811,-0.456,-0.367,9.743,-17.542,18.611,-5.359,0.762,-0.346,-0.548,10.729,-24.397,48.183,19.954,scissors
39.692140,0.518,0.572,-0.637,2776.57,4.588,-169.425,98.701,-0.543,-0.812,0.216,0.197,0.575,-0.794,2656.35,9.624,-83.482,45.098,-0.433,-0.471,0.769,0.770,-0.192,-0.608,2702.51,64.010,99.820,62.891,-0.919,0.232,0.319,0.119,0.846,-0.520,2326.65,-2.126,13.429,14.436,-0.478,-0.083,0.874,0.820,-0.464,-0.336,9.788,-11.328,21.450,-9.344,0.780,-0.359,-0.512,10.802,-19.298,50.565,23.145,scissors
39.692231,0.573,0.621,-0.535,2937.18,-0.560,-298.677,173.678,-0.595,-0.774,0.217,0.205,0.498,-0.842,2594.89,9.624,-84.601,42.972,-0.419,-0.449,0.789,0.806,-0.272,-0.526,2487.26,52.708,58.079,9.848,-0.932,0.296,0.209,0.119,0.852,-0.510,2390.59,-1.790,40.286,8.281,-0.479,-0.086,0.873,0.808,-0.467,-0.359,10.012,5.221,26.382,-4.687,0.775,-0.348,-0.527,10.980,-11.496,43.527,24.916,scissors
39.692323,0.426,0.895,-0.131,2934.13,0.000,-311.098,174.349,-0.605,-0.756,0.248,0.111,0.691,-0.714,2139.83,-3.469,-100.939,51.253,-0.423,-0.437,0.794,0.814,-0.280,-0.509,2513.45,42.188,46.777,-10.295,-0.923,0.335,0.191,0.161,0.828,-0.537,2437.55,3.469,45.769,7.498,-0.499,-0.092,0.862,0.805,-0.451,-0.385,10.132,14.794,29.099,3.053,0.786,-0.332,-0.521,10.945,-5.969,32.916,22.443,scissors
39.692406,0.345,0.937,0.060,2919.34,3.805,-219.783,122.761,-0.648,-0.722,0.243,0.100,0.732,-0.673,2473.95,-14.324,-68.598,41.629,-0.417,-0.445,0.793,0.788,-0.372,-0.490,2529.65,36.593,45.210,-17.010,-0.935,0.308,0.175,0.226,0.820,-0.527,2522.10,3.245,41.517,8.505,-0.501,-0.091,0.860,0.802,-0.416,-0.430,10.031,5.038,23.847,9.603,0.768,-0.310,-0.560,10.770,-14.962,20.290,20.809,scissors
39.692489,0.325,0.945,0.028,3029.25,-11.862,-159.913,93.441,-0.646,-0.657,0.389,0.101,0.665,-0.740,2357.29,-5.260,-29.431,20.591,-0.406,-0.440,0.801,0.777,-0.426,-0.464,2505.55,16.338,36.257,-13.205,-0.941,0.304,0.151,0.225,0.802,-0.553,2576.48,1.007,28.536,11.974,-0.504,-0.095,0.859,0.835,-0.420,-0.355,10.407,-2.870,21.527,11.053,0.804,-0.316,-0.503,11.442,-20.794,16.107,17.618,scissors
39.695128,0.408,0.852,-0.327,2702.93,7.833,-92.322,56.401,-0.675,-0.639,0.370,0.133,0.594,-0.793,2606.27,-4.700,-12.757,12.533,-0.394,-0.419,0.818,0.814,-0.293,-0.503,2779.33,-9.736,34.691,0.671,-0.945,0.293,0.148,0.220,0.803,-0.554,2502.47,10.072,17.010,11.638,-0.507,-0.089,0.857,0.833,-0.431,-0.347,10.205,-2.473,31.634,10.321,0.794,-0.337,-0.505,11.170,-18.885,24.702,11.756,scissors
39.695214,0.308,0.941,-0.143,2886.38,-11.079,-68.934,37.153,-0.682,-0.614,0.396,0.095,0.676,-0.731,2723.90,-14.883,-9.512,4.476,-0.409,-0.436,0.802,0.828,-0.316,-0.462,2513.05,-19.136,14.548,-6.043,-0.942,0.320,0.103,0.181,0.815,-0.551,2499.15,2.462,9.064,3.693,-0.508,-0.088,0.857,0.814,-0.471,-0.341,10.035,8.229,25.847,4.855,0.785,-0.380,-0.488,10.897,-6.672,19.115,6.214,scissors
39.695296,0.310,0.937,-0.158,2675.27,-2.910,-26.074,9.736,-0.658,-0.627,0.417,0.036,0.784,-0.620,2528.10,-12.533,-5.260,-14.660,-0.408,-0.444,0.798,0.842,-0.254,-0.476,2544.01,-21.598,9.064,-10.743,-0.936,0.325,0.139,0.161,0.833,-0.530,2434.07,-2.014,8.281,-3.581,-0.511,-0.092,0.854,0.827,-0.472,-0.307,9.825,13.893,20.351,3.908,0.801,-0.368,-0.473,10.661,0.000,15.878,4.260,scissors
39.698186,0.486,0.672,-0.559,2494.78,5.148,-7.610,-0.448,-0.664,-0.623,0.414,0.169,0.525,-0.834,2689.34,-6.714,2.798,-27.305,-0.410,-0.430,0.805,0.862,-0.274,-0.426,2359.78,-16.674,7.162,-15.667,-0.941,0.305,0.149,0.233,0.833,-0.501,2492.05,-8.057,15.891,-8.057,-0.514,-0.093,0.852,0.822,-0.437,-0.365,9.623,10.489,14.779,4.260,0.782,-0.332,-0.527,10.355,-3.908,10.321,3.679,scissors
39.722403,0.453,0.739,-0.499,2654.92,-2.350,-16.338,12.086,-0.654,-0.612,0.445,0.130,0.560,-0.818,2433.03,-1.679,-0.112,-18.800,-0.409,-0.436,0.802,0.828,-0.364,-0.426,2337.53,-11.191,14.772,-6.491,-0.949,0.289,0.124,0.241,0.813,-0.529,2527.50,3.133,8.505,-1.567,-0.512,-0.096,0.854,0.831,-0.427,-0.356,9.782,-2.046,10.122,1.618,0.794,-0.321,-0.517,10.742,-16.916,0.794,0.901,scissors
39.744399,0.422,0.789,-0.447,2571.06,-1.119,-23.388,16.226,-0.667,-0.620,0.413,0.122,0.576,-0.808,2838.78,5.707,-3.245,-10.072,-0.421,-0.448,0.789,0.836,-0.302,-0.457,2562.25,-2.014,18.241,2.350,-0.954,0.280,0.112,0.198,0.799,-0.568,2440.22,13.205,0.000,2.350,-0.519,-0.093,0.850,0.830,-0.461,-0.314,10.178,2.504,12.290,0.443,0.799,-0.364,-0.479,11.160,-10.214,7.145,-3.878,scissors
39.769079,0.357,0.882,-0.308,2679.02,-7.386,-8.617,4.812,-0.663,-0.611,0.433,0.057,0.629,-0.776,2274.53,4.141,-5.371,-22.045,-0.385,-0.439,0.812,0.859,-0.229,-0.457,2606.24,-4.141,6.043,-8.505,-0.954,0.267,0.134,0.183,0.826,-0.533,2419.27,4.476,1.455,-3.469,-0.514,-0.090,0.853,0.823,-0.478,-0.308,9.955,11.069,16.519,0.748,0.800,-0.367,-0.474,10.769,0.382,12.565,-3.542,scissors
39.787927,0.410,0.800,-0.438,2670.68,-6.155,0.895,-5.595,-0.658,-0.621,0.426,0.096,0.636,-0.766,2572.72,-9.176,4.364,-19.807,-0.376,-0.435,0.819,0.863,-0.261,-0.433,2436.20,-7.274,1.119,-17.345,-0.946,0.284,0.158,0.204,0.829,-0.521,2456.87,-8.952,7.274,-10.072,-0.518,-0.093,0.850,0.832,-0.448,-0.328,9.642,11.115,8.443,0.595,0.804,-0.334,-0.492,10.428,-1.557,4.290,-2.321,scissors
40.199010,0.453,0.735,-0.503,2478.75,1.679,-2.126,-4.924,-0.667,-0.617,0.417,0.095,0.625,-0.775,2604.80,-0.783,-4.812,-16.898,-0.381,-0.471,0.796,0.815,-0.371,-0.445,2457.76,-7.274,-0.783,-10.072,-0.962,0.247,0.117,0.220,0.826,-0.519,2501.13,-2.798,6.938,-5.819,-0.518,-0.096,0.850,0.831,-0.439,-0.340,9.681,3.435,4.000,1.435,0.799,-0.332,-0.502,10.551,-8.275,2.275,-0.595,scissors
40.199153,0.452,0.714,-0.535,2552.46,1.790,-4.924,5.260,-0.686,-0.606,0.403,0.115,0.514,-0.850,2421.63,9.960,-8.057,-14.324,-0.371,-0.456,0.809,0.857,-0.312,-0.409,2384.98,-12.981,-1.455,-1.343,-0.962,0.250,0.108,0.212,0.814,-0.541,2455.81,8.393,2.798,-0.336,-0.512,-0.093,0.854,0.834,-0.445,-0.328,9.861,0.977,3.344,0.977,0.802,-0.337,-0.494,10.763,-11.863,-2.641,-0.137,scissors
40.199243,0.387,0.821,-0.419,2649.90,0.112,-11.862,8.729,-0.676,-0.616,0.404,0.084,0.551,-0.830,2490.52,6.491,-11.414,-7.274,-0.374,-0.447,0.813,0.841,-0.282,-0.463,2573.46,-7.722,3.469,-1.567,-0.958,0.275,0.085,0.192,0.812,-0.551,2410.56,6.155,0.224,-0.336,-0.518,-0.095,0.850,0.834,-0.467,-0.295,10.029,5.221,6.260,1.328,0.808,-0.362,-0.464,10.922,-6.870,2.504,-1.481,scissors
40.199330,0.387,0.846,-0.366,2524.04,1.790,-9.512,1.119,-0.655,-0.620,0.433,0.045,0.636,-0.771,2482.33,0.783,-14.324,-5.819,-0.383,-0.450,0.807,0.864,-0.230,-0.447,2511.66,-7.945,-1.790,-4.924,-0.963,0.244,0.118,0.175,0.830,-0.529,2418.02,-4.924,2.798,-4.364,-0.526,-0.106,0.844,0.825,-0.482,-0.295,9.850,14.672,5.023,0.885,0.802,-0.378,-0.463,10.583,0.580,0.366,-2.076,scissors
40.199423,0.387,0.850,-0.359,2550.55,-4.141,2.350,-5.483,-0.652,-0.629,0.422,0.018,0.725,-0.689,2391.89,-6.602,-7.050,-11.414,-0.368,-0.440,0.819,0.868,-0.213,-0.449,2434.04,-1.567,-0.112,-12.981,-0.963,0.242,0.119,0.183,0.842,-0.507,2465.41,-9.624,7.498,-7.945,-0.523,-0.096,0.847,0.838,-0.457,-0.299,9.603,14.046,0.122,-0.443,0.813,-0.340,-0.473,10.492,-0.244,-6.763,-3.954,scissors
40.199762,0.458,0.715,-0.528,2604.28,-1.119,1.455,-1.007,-0.674,-0.614,0.411,0.093,0.571,-0.816,2558.90,2.462,-1.119,-13.429,-0.347,-0.449,0.823,0.840,-0.338,-0.424,2348.86,4.476,-0.671,-6.491,-0.965,0.245,0.094,0.230,0.823,-0.519,2521.32,-2.350,9.288,-6.155,-0.520,-0.104,0.848,0.831,-0.447,-0.331,9.721,4.122,-2.214,-3.298,0.804,-0.329,-0.496,10.642,-8.794,-9.313,-3.481,scissors
40.199890,0.421,0.778,-0.467,2648.23,4.029,-0.336,-0.112,-0.669,-0.601,0.438,0.098,0.502,-0.859,2520.07,7.050,1.343,-8.617,-0.349,-0.441,0.827,0.837,-0.323,-0.442,2454.47,0.783,2.462,1.902,-0.966,0.223,0.129,0.222,0.802,-0.555,2430.49,8.952,0.448,-0.112,-0.518,-0.102,0.849,0.836,-0.448,-0.317,9.965,2.351,1.176,-2.824,0.806,-0.332,-0.489,10.908,-8.809,-5.099,-2.198,scissors
40.199993,0.416,0.785,-0.458,2509.85,4.029,0.000,-2.126,-0.656,-0.625,0.423,0.058,0.560,-0.827,2432.85,3.357,-6.602,-3.245,-0.365,-0.463,0.808,0.851,-0.291,-0.438,2494.63,-1.679,-0.671,1.231,-0.959,0.238,0.153,0.206,0.804,-0.557,2434.38,5.483,-1.231,-0.560,-0.513,-0.095,0.853,0.828,-0.447,-0.338,9.984,3.282,2.962,-1.771,0.800,-0.331,-0.501,10.909,-8.626,-2.656,-1.282,scissors
40.200081,0.410,0.788,-0.458,2572.13,0.895,-1.567,-1.007,-0.675,-0.599,0.431,0.026,0.625,-0.780,2399.01,-1.455,-2.126,-0.336,-0.359,-0.459,0.813,0.845,-0.331,-0.420,2487.10,0.224,0.112,0.336,-0.961,0.232,0.153,0.204,0.805,-0.557,2456.05,-1.790,-1.119,-0.671,-0.515,-0.096,0.852,0.828,-0.458,-0.324,9.838,3.282,2.321,-0.412,0.801,-0.345,-0.489,10.709,-9.191,-3.344,0.275,scissors
40.200164,0.424,0.784,-0.454,2513.70,0.448,1.231,-2.126,-0.667,-0.624,0.406,0.056,0.593,-0.803,2478.83,1.119,7.274,-5.148,-0.352,-0.449,0.821,0.864,-0.262,-0.429,2431.89,-2.910,5.483,0.112,-0.959,0.238,0.153,0.207,0.822,-0.531,2465.09,-4.812,-0.895,0.112,-0.518,-0.097,0.850,0.835,-0.451,-0.315,9.829,2.122,2.321,-0.824,0.807,-0.335,-0.486,10.690,-9.985,-3.969,0.214,scissors
40.200250,0.426,0.761,-0.489,2613.01,-2.574,-2.910,0.560,-0.643,-0.625,0.442,0.065,0.577,-0.814,2478.47,0.224,-0.671,0.671,-0.349,-0.445,0.824,0.842,-0.312,-0.440,2483.99,-2.126,4.364,1.679,-0.964,0.240,0.118,0.213,0.821,-0.529,2491.85,-1.119,-2.462,1.790,-0.514,-0.103,0.851,0.828,-0.458,-0.324,9.786,-1.435,0.885,-2.931,0.802,-0.346,-0.487,10.663,-14.687,-6.244,-0.992,scissors
40.200348,0.398,0.818,-0.416,2576.66,-2.910,-3.133,-2.462,-0.670,-0.610,0.424,0.037,0.644,-0.764,2478.33,2.462,4.029,1.007,-0.354,-0.451,0.819,0.866,-0.251,-0.432,2461.34,-1.902,6.602,5.595,-0.957,0.241,0.165,0.197,0.825,-0.530,2447.34,1.007,-1.455,1.231,-0.518,-0.105,0.849,0.831,-0.471,-0.294,9.886,0.153,-0.137,-3.649,0.807,-0.362,-0.467,10.800,-12.702,-9.252,-1.053,scissors
40.200441,0.384,0.849,-0.364,2541.84,0.112,1.231,-5.260,-0.676,-0.608,0.416,0.050,0.619,-0.783,2403.63,0.671,12.869,-3.693,-0.346,-0.463,0.816,0.869,-0.229,-0.438,2475.64,-0.671,6.267,2.462,-0.964,0.234,0.129,0.188,0.836,-0.516,2403.74,-3.021,1.679,-1.007,-0.521,-0.099,0.848,0.832,-0.473,-0.289,9.837,5.374,2.412,-4.214,0.808,-0.359,-0.468,10.728,-7.069,-7.863,-1.573,scissors
40.202024,0.417,0.794,-0.443,2483.60,1.119,8.057,-7.722,-0.654,-0.615,0.440,0.061,0.618,-0.784,2474.04,-3.245,14.772,-4.141,-0.374,-0.460,0.805,0.855,-0.272,-0.443,2449.34,2.126,4.476,-2.350,-0.965,0.247,0.094,0.206,0.831,-0.517,2474.69,-5.148,4.588,-1.679,-0.530,-0.108,0.841,0.840,-0.444,-0.312,9.886,3.634,3.527,-4.336,0.813,-0.322,-0.486,10.734,-7.725,-6.214,-1.649,scissors
40.202139,0.416,0.780,-0.467,2586.43,1.343,4.588,-2.126,-0.656,-0.630,0.415,0.089,0.548,-0.832,2556.30,-0.671,10.072,-0.336,-0.368,-0.451,0.813,0.837,-0.332,-0.435,2511.36,0.112,4.252,1.455,-0.969,0.230,0.093,0.215,0.813,-0.541,2471.49,0.336,1.679,0.224,-0.521,-0.101,0.847,0.838,-0.443,-0.318,9.919,-0.275,4.763,-4.351,0.805,-0.325,-0.496,10.835,-12.305,-5.267,-1.359,scissors
40.202232,0.394,0.794,-0.462,2676.85,-1.679,3.245,-5.036,-0.664,-0.615,0.425,0.061,0.585,-0.809,2460.93,-1.231,14.772,1.343,-0.362,-0.466,0.807,0.856,-0.293,-0.425,2477.79,-3.021,4.812,6.267,-0.964,0.240,0.118,0.196,0.818,-0.541,2455.19,1.119,-1.679,0.783,-0.526,-0.101,0.844,0.836,-0.454,-0.309,10.008,0.519,5.679,-3.038,0.805,-0.341,-0.486,10.838,-10.931,-4.763,0.107,scissors
40.202318,0.399,0.814,-0.422,2468.61,-2.686,5.819,-6.379,-0.664,-0.619,0.419,0.058,0.632,-0.773,2575.60,-2.014,14.212,1.007,-0.369,-0.433,0.822,0.866,-0.256,-0.428,2483.74,-3.469,6.491,4.588,-0.951,0.275,0.144,0.190,0.822,-0.538,2433.17,-0.671,-1.902,0.224,-0.518,-0.105,0.849,0.835,-0.462,-0.300,9.854,4.748,4.244,-2.473,0.804,-0.352,-0.479,10.741,-6.137,-5.466,0.595,scissors
40.203660,0.405,0.806,-0.431,2577.68,-1.567,9.288,-6.267,-0.663,-0.610,0.435,0.059,0.628,-0.776,2386.74,-4.476,16.786,-3.469,-0.380,-0.442,0.812,0.870,-0.248,-0.426,2450.27,-3.357,5.707,0.000,-0.963,0.248,0.107,0.196,0.830,-0.521,2453.07,-4.588,0.895,-1.231,-0.524,-0.102,0.846,0.835,-0.460,-0.300,9.864,5.695,4.626,-2.382,0.806,-0.346,-0.480,10.705,-4.260,-5.618,0.565,scissors
40.203755,0.417,0.798,-0.436,2504.86,-1.231,8.617,-4.141,-0.655,-0.621,0.431,0.092,0.598,-0.796,2473.93,-4.029,20.255,-2.574,-0.374,-0.447,0.813,0.857,-0.274,-0.436,2463.94,-0.112,6.379,-0.560,-0.966,0.248,0.071,0.208,0.830,-0.517,2453.74,-1.902,1.231,-0.783,-0.516,-0.101,0.851,0.843,-0.448,-0.298,9.804,5.481,3.603,-2.427,0.810,-0.337,-0.479,10.689,-4.687,-7.450,-0.214,scissors
40.208404,0.406,0.797,-0.447,2596.03,-1.790,8.952,-2.910,-0.667,-0.617,0.417,0.098,0.600,-0.794,2532.39,-1.902,13.876,0.560,-0.369,-0.469,0.803,0.854,-0.297,-0.426,2472.18,0.671,5.819,0.560,-0.959,0.258,0.118,0.203,0.827,-0.524,2462.09,0.671,0.895,-0.336,-0.524,-0.104,0.846,0.838,-0.447,-0.313,9.861,5.435,2.397,-3.634,0.803,-0.338,-0.491,10.760,-5.191,-7.252,-1.206,scissors
40.234407,0.407,0.801,-0.439,2618.04,-0.783,10.631,-4.700,-0.654,-0.639,0.405,0.096,0.605,-0.791,2577.27,-2.014,14.995,0.336,-0.366,-0.464,0.807,0.861,-0.287,-0.420,2487.84,-0.671,5.371,2.350,-0.958,0.269,0.096,0.200,0.822,-0.533,2455.26,1.567,0.783,-0.895,-0.520,-0.103,0.848,0.844,-0.441,-0.306,9.941,4.702,2.779,-4.412,0.806,-0.331,-0.491,10.808,-6.672,-6.809,-1.359,scissors
40.254966,0.408,0.789,-0.459,2609.85,0.112,10.407,-6.379,-0.667,-0.614,0.421,0.107,0.594,-0.798,2508.57,-1.790,18.576,-4.029,-0.394,-0.464,0.793,0.861,-0.277,-0.428,2512.12,-1.119,4.924,2.462,-0.968,0.238,0.082,0.215,0.819,-0.532,2475.44,0.224,1.231,-1.343,-0.526,-0.105,0.844,0.847,-0.432,-0.310,9.966,2.656,4.244,-4.397,0.807,-0.321,-0.496,10.873,-9.328,-7.786,-1.405,scissors
40.276107,0.415,0.777,-0.473,2636.03,-0.112,5.371,-5.931,-0.661,-0.636,0.398,0.114,0.587,-0.801,2518.36,-2.798,18.129,-1.902,-0.391,-0.465,0.794,0.852,-0.306,-0.425,2526.59,0.671,4.476,2.350,-0.951,0.261,0.164,0.217,0.813,-0.541,2493.48,0.671,-0.895,-1.567,-0.521,-0.101,0.847,0.843,-0.438,-0.313,9.905,0.046,4.031,-4.489,0.802,-0.326,-0.501,10.774,-11.939,-6.931,-1.481,scissors
40.713486,0.404,0.803,-0.438,2513.32,0.112,4.141,-6.155,-0.647,-0.638,0.419,0.113,0.610,-0.785,2636.55,1.567,13.876,-3.469,-0.388,-0.474,0.791,0.866,-0.293,-0.404,2438.89,-2.462,4.029,5.371,-0.959,0.250,0.131,0.196,0.823,-0.533,2453.48,1.790,-3.357,-0.895,-0.524,-0.107,0.845,0.846,-0.448,-0.287,9.849,1.756,2.366,-4.702,0.808,-0.340,-0.482,10.803,-10.443,-7.817,-1.405,scissors
40.713662,0.393,0.811,-0.434,2584.98,2.798,3.245,-4.924,-0.660,-0.642,0.390,0.124,0.575,-0.809,2485.81,2.014,8.841,-4.812,-0.382,-0.458,0.803,0.871,-0.253,-0.421,2481.39,-1.343,1.679,2.686,-0.968,0.236,0.083,0.198,0.827,-0.527,2429.04,1.567,-1.790,-1.231,-0.518,-0.100,0.850,0.845,-0.451,-0.289,9.909,3.863,3.511,-2.885,0.808,-0.338,-0.482,10.788,-6.855,-4.382,-1.160,scissors
40.713757,0.408,0.810,-0.422,2492.24,1.567,3.357,-4.812,-0.650,-0.635,0.418,0.114,0.617,-0.778,2507.00,-0.448,8.952,-4.364,-0.392,-0.461,0.796,0.857,-0.278,-0.434,2499.25,-2.350,0.336,0.448,-0.969,0.228,0.092,0.199,0.828,-0.524,2423.79,-0.895,-0.336,-1.902,-0.523,-0.105,0.846,0.839,-0.457,-0.297,9.808,6.000,2.870,-2.107,0.799,-0.348,-0.490,10.704,-4.107,-3.771,-1.267,scissors
40.713853,0.402,0.822,-0.404,2505.53,-0.224,6.714,-4.252,-0.652,-0.630,0.422,0.102,0.631,-0.769,2421.43,0.112,8.729,-4.252,-0.396,-0.462,0.793,0.873,-0.261,-0.412,2441.56,-0.671,0.224,-2.126,-0.967,0.234,0.105,0.194,0.830,-0.522,2430.12,-1.790,0.560,-1.679,-0.524,-0.104,0.845,0.843,-0.452,-0.290,9.776,7.588,1.557,-1.679,0.803,-0.341,-0.488,10.642,-2.427,-4.901,-0.855,scissors
40.713948,0.417,0.778,-0.469,2554.98,1.790,8.281,-4.700,-0.650,-0.631,0.424,0.140,0.581,-0.802,2616.70,-0.560,11.302,-5.148,-0.398,-0.473,0.786,0.864,-0.272,-0.423,2445.31,0.671,1.679,-3.693,-0.962,0.258,0.094,0.209,0.829,-0.519,2445.45,-1.007,2.574,-1.343,-0.521,-0.106,0.847,0.849,-0.427,-0.310,9.859,4.885,1.588,-1.298,0.803,-0.317,-0.505,10.740,-4.687,-5.023,-0.443,scissors
40.714045,0.406,0.789,-0.461,2621.55,-0.560,1.679,0.336,-0.647,-0.641,0.413,0.135,0.573,-0.808,2632.10,1.679,2.350,-3.357,-0.418,-0.484,0.769,0.852,-0.314,-0.419,2467.53,-1.119,0.895,-1.679,-0.957,0.266,0.118,0.210,0.816,-0.539,2484.03,0.560,1.902,-0.336,-0.525,-0.104,0.845,0.852,-0.426,-0.304,9.946,2.137,1.573,-1.435,0.808,-0.318,-0.496,10.889,-6.733,-3.511,-1.008,scissors
40.714148,0.397,0.801,-0.449,2584.38,0.224,1.231,-0.895,-0.656,-0.628,0.418,0.127,0.568,-0.813,2569.52,4.029,3.357,-4.476,-0.401,-0.466,0.789,0.854,-0.297,-0.428,2509.02,-3.469,0.895,-0.336,-0.965,0.237,0.115,0.200,0.816,-0.542,2449.63,2.126,-0.560,0.671,-0.519,-0.100,0.849,0.848,-0.436,-0.301,10.015,2.885,3.817,0.046,0.803,-0.331,-0.495,10.900,-5.802,-0.763,-0.321,scissors
40.714231,0.401,0.804,-0.438,2558.26,-2.350,0.783,-1.567,-0.649,-0.643,0.406,0.113,0.579,-0.807,2452.94,0.112,0.783,-3.133,-0.405,-0.477,0.780,0.872,-0.274,-0.407,2470.31,-8.057,-1.231,-2.126,-0.966,0.241,0.094,0.193,0.820,-0.538,2448.67,0.112,-1.343,0.336,-0.514,-0.099,0.852,0.843,-0.448,-0.299,9.846,4.504,3.695,-0.076,0.801,-0.340,-0.492,10.708,-4.489,-1.725,-0.168,scissors
40.714312,0.406,0.810,-0.423,2529.45,1.007,2.686,-2.126,-0.662,-0.628,0.409,0.123,0.610,-0.783,2504.91,-0.448,2.686,-2.798,-0.399,-0.472,0.786,0.864,-0.275,-0.421,2455.83,-5.260,-0.224,-2.574,-0.966,0.237,0.106,0.196,0.827,-0.527,2463.03,-3.133,-0.224,-0.336,-0.526,-0.108,0.844,0.845,-0.445,-0.297,9.838,4.504,2.229,-0.382,0.800,-0.339,-0.496,10.721,-4.763,-2.672,-0.626,scissors
40.714395,0.417,0.787,-0.455,2551.84,-0.448,0.560,0.895,-0.655,-0.619,0.434,0.128,0.595,-0.793,2484.51,1.007,2.014,-1.007,-0.410,-0.456,0.790,0.870,-0.263,-0.417,2460.92,-4.141,-0.671,-1.007,-0.968,0.232,0.093,0.204,0.826,-0.525,2453.82,-1.343,0.224,0.336,-0.524,-0.104,0.846,0.850,-0.447,-0.279,9.912,4.214,2.229,-0.168,0.811,-0.338,-0.477,10.809,-4.641,-2.229,-1.466,scissors
40.714476,0.414,0.796,-0.440,2522.39,0.560,0.000,-0.224,-0.652,-0.628,0.425,0.132,0.592,-0.795,2550.85,0.671,-4.029,1.902,-0.382,-0.474,0.793,0.862,-0.265,-0.432,2509.42,-2.014,-2.462,-0.783,-0.959,0.256,0.119,0.210,0.826,-0.522,2429.72,0.000,-0.895,0.224,-0.523,-0.105,0.846,0.846,-0.441,-0.300,9.856,2.870,4.534,0.336,0.803,-0.333,-0.494,10.720,-5.466,0.718,-1.160,scissors
40.714559,0.400,0.807,-0.434,2585.23,-0.783,-2.014,0.671,-0.644,-0.645,0.411,0.116,0.613,-0.782,2559.46,0.336,-6.826,2.238,-0.389,-0.458,0.799,0.858,-0.300,-0.418,2452.24,-5.036,-2.686,0.336,-0.962,0.250,0.106,0.199,0.821,-0.534,2466.35,-1.343,-1.007,0.560,-0.522,-0.103,0.847,0.843,-0.443,-0.305,9.881,2.534,2.977,-0.214,0.800,-0.336,-0.497,10.742,-6.412,-1.099,-0.611,scissors
40.714640,0.392,0.820,-0.417,2593.25,0.671,-1.119,1.007,-0.648,-0.630,0.428,0.094,0.656,-0.749,2644.36,4.364,-6.379,-5.707,-0.407,-0.485,0.774,0.866,-0.270,-0.420,2462.61,-4.588,-1.231,-0.336,-0.967,0.231,0.105,0.192,0.826,-0.529,2452.82,-1.231,-0.783,0.448,-0.524,-0.105,0.845,0.846,-0.442,-0.298,9.946,3.725,2.473,-1.634,0.806,-0.335,-0.489,10.808,-6.412,-2.580,-1.206,scissors
40.714723,0.401,0.801,-0.445,2605.57,2.350,-0.336,-1.007,-0.652,-0.624,0.431,0.124,0.563,-0.817,2399.52,7.498,-4.364,-10.967,-0.392,-0.481,0.784,0.866,-0.272,-0.420,2486.43,-2.798,-0.448,-0.224,-0.960,0.257,0.108,0.198,0.830,-0.521,2475.83,-0.560,-0.448,-0.112,-0.520,-0.103,0.848,0.848,-0.446,-0.286,9.924,3.710,2.244,-1.725,0.809,-0.335,-0.483,10.814,-6.382,-2.473,-1.511,scissors
40.714811,0.409,0.805,-0.431,2533.58,2.238,-1.343,-0.783,-0.665,-0.636,0.391,0.111,0.593,-0.797,2409.76,4.812,-1.567,-4.700,-0.395,-0.463,0.794,0.861,-0.271,-0.430,2498.31,-2.126,-0.448,0.560,-0.953,0.274,0.132,0.193,0.828,-0.527,2448.07,0.671,-0.895,0.000,-0.518,-0.100,0.849,0.844,-0.448,-0.294,9.836,4.031,1.954,-0.824,0.803,-0.342,-0.488,10.727,-6.000,-3.511,-0.656,scissors
40.714894,0.401,0.804,-0.438,2558.26,-0.112,0.112,1.119,-0.647,-0.634,0.423,0.121,0.562,-0.818,2457.54,3.357,-1.119,-2.686,-0.398,-0.469,0.789,0.871,-0.265,-0.413,2436.08,-2.798,-0.336,-0.336,-0.973,0.212,0.091,0.202,0.826,-0.526,2430.84,0.224,-0.448,0.336,-0.529,-0.109,0.842,0.848,-0.442,-0.294,9.817,4.015,1.160,-1.405,0.808,-0.332,-0.488,10.708,-6.580,-4.260,-0.885,scissors
40.714981,0.403,0.806,-0.433,2565.57,-0.448,-0.336,0.112,-0.675,-0.621,0.399,0.117,0.577,-0.808,2462.05,0.224,-2.238,1.119,-0.396,-0.470,0.789,0.862,-0.276,-0.426,2451.87,-0.783,1.007,0.224,-0.970,0.220,0.105,0.197,0.825,-0.530,2447.34,0.000,-0.224,-0.112,-0.526,-0.101,0.845,0.848,-0.442,-0.293,9.874,3.969,0.855,-1.221,0.808,-0.334,-0.485,10.763,-6.137,-4.046,-0.809,scissors
40.715066,0.406,0.807,-0.429,2476.26,0.112,-1.007,0.224,-0.645,-0.646,0.408,0.105,0.603,-0.791,2467.81,-1.902,0.448,3.469,-0.376,-0.458,0.805,0.865,-0.270,-0.423,2465.55,-1.343,0.000,1.007,-0.963,0.252,0.095,0.194,0.826,-0.530,2432.36,-0.448,-0.783,0.224,-0.520,-0.103,0.848,0.844,-0.447,-0.298,9.921,5.084,1.267,-0.427,0.803,-0.342,-0.488,10.776,-4.809,-3.328,-0.046,scissors
40.715147,0.395,0.820,-0.413,2544.47,-1.790,2.238,-0.224,-0.654,-0.644,0.397,0.079,0.658,-0.749,2515.48,-1.902,1.455,2.126,-0.388,-0.454,0.802,0.871,-0.259,-0.417,2459.44,-2.350,-0.671,-1.007,-0.962,0.242,0.129,0.180,0.831,-0.526,2450.77,-0.895,0.112,0.671,-0.524,-0.106,0.845,0.844,-0.454,-0.286,9.866,7.664,-0.412,-1.511,0.806,-0.346,-0.480,10.723,-3.069,-5.924,-0.687,scissors
40.715227,0.382,0.837,-0.391,2610.57,1.007,6.714,-2.798,-0.661,-0.623,0.417,0.099,0.632,-0.769,2511.74,2.238,7.722,-7.833,-0.402,-0.484,0.777,0.869,-0.242,-0.432,2465.09,-0.560,0.560,-2.462,-0.965,0.223,0.139,0.193,0.835,-0.516,2440.74,-1.343,2.014,-0.671,-0.519,-0.102,0.849,0.848,-0.450,-0.280,9.856,9.374,-1.191,-2.000,0.812,-0.339,-0.475,10.749,-1.237,-6.779,-1.206,scissors
40.715308,0.420,0.788,-0.450,2512.04,3.805,7.945,-3.805,-0.649,-0.638,0.415,0.128,0.569,-0.812,2547.59,2.462,6.602,-9.064,-0.375,-0.472,0.797,0.862,-0.271,-0.428,2461.17,1.902,-0.671,-3.693,-0.963,0.232,0.139,0.208,0.831,-0.515,2462.05,-1.455,3.917,-2.014,-0.526,-0.104,0.844,0.847,-0.438,-0.301,9.919,7.679,-1.298,-2.504,0.808,-0.328,-0.489,10.789,-2.550,-5.985,-2.321,scissors
40.717668,0.414,0.791,-0.451,2616.46,1.902,5.036,-2.126,-0.649,-0.637,0.416,0.127,0.564,-0.816,2499.79,2.462,3.469,-5.260,-0.388,-0.459,0.799,0.859,-0.289,-0.423,2470.64,3.357,-1.007,-1.679,-0.967,0.228,0.115,0.206,0.818,-0.536,2476.58,-0.448,2.350,-1.231,-0.522,-0.101,0.847,0.849,-0.440,-0.292,10.014,6.565,-0.031,-1.832,0.811,-0.330,-0.483,10.906,-2.840,-4.427,-1.878,scissors
40.746936,0.387,0.825,-0.412,2649.82,2.910,7.498,-4.476,-0.649,-0.638,0.415,0.101,0.620,-0.778,2545.00,1.902,3.469,-7.945,-0.386,-0.468,0.795,0.865,-0.271,-0.422,2498.43,-1.119,-1.231,-2.798,-0.967,0.228,0.115,0.202,0.816,-0.541,2435.23,-0.783,0.224,-1.343,-0.520,-0.103,0.848,0.842,-0.444,-0.306,9.778,7.573,2.290,-1.359,0.799,-0.342,-0.495,10.638,-1.511,-2.901,-0.504,scissors
41.225466,0.363,0.834,-0.415,2960.49,4.700,7.722,-11.414,-0.657,-0.650,0.381,0.094,0.623,-0.777,2423.01,4.252,9.288,-15.891,-0.394,-0.487,0.780,0.879,-0.248,-0.406,2402.86,-0.448,0.671,-4.141,-0.965,0.241,0.107,0.197,0.827,-0.526,2486.60,-1.902,0.671,-0.895,-0.523,-0.102,0.846,0.852,-0.438,-0.288,9.927,6.489,-0.107,-4.504,0.810,-0.333,-0.482,10.815,-2.519,-6.061,-2.305,scissors
41.225609,0.409,0.808,-0.423,2460.47,26.969,5.931,-30.326,-0.655,-0.641,0.400,0.088,0.692,-0.717,2804.50,8.057,15.667,-24.284,-0.388,-0.468,0.794,0.857,-0.275,-0.436,2531.51,4.924,3.245,-2.910,-0.974,0.210,0.080,0.198,0.832,-0.519,2484.97,0.336,0.448,-2.238,-0.526,-0.105,0.844,0.848,-0.443,-0.292,9.907,5.756,0.382,-5.435,0.808,-0.336,-0.483,10.764,-3.267,-4.870,-2.977,scissors
41.225717,0.392,0.806,-0.444,2542.29,18.017,8.729,-20.367,-0.625,-0.662,0.414,0.091,0.649,-0.755,2492.46,17.793,17.569,-37.153,-0.356,-0.471,0.807,0.862,-0.281,-0.422,2473.54,-1.790,0.112,-2.462,-0.966,0.237,0.106,0.196,0.832,-0.520,2461.38,2.126,0.336,-1.902,-0.524,-0.111,0.845,0.849,-0.443,-0.288,9.871,5.679,-1.603,-6.107,0.811,-0.334,-0.480,10.783,-3.038,-6.183,-3.328,scissors
41.225850,0.398,0.811,-0.429,2476.31,19.360,11.079,-18.464,-0.617,-0.667,0.418,0.113,0.615,-0.780,2549.72,17.122,26.745,-39.838,-0.374,-0.466,0.802,0.867,-0.258,-0.427,2470.80,-1.567,0.112,-3.357,-0.967,0.230,0.106,0.200,0.829,-0.522,2411.10,2.126,1.231,-2.350,-0.517,-0.104,0.849,0.850,-0.440,-0.289,9.879,6.351,-0.885,-5.450,0.808,-0.340,-0.481,10.781,-2.412,-6.534,-2.504,scissors
41.225978,0.355,0.850,-0.389,2755.22,19.136,14.548,-23.612,-0.613,-0.660,0.434,0.097,0.587,-0.804,2268.37,14.660,30.550,-39.727,-0.383,-0.487,0.785,0.867,-0.263,-0.423,2493.96,-2.014,-0.336,-5.036,-0.967,0.221,0.127,0.201,0.821,-0.535,2447.04,-1.567,0.224,-3.357,-0.522,-0.107,0.846,0.849,-0.445,-0.286,9.945,7.389,1.466,-6.229,0.809,-0.341,-0.479,10.848,-0.687,-5.084,-3.221,scissors
41.226084,0.370,0.847,-0.381,2556.38,20.479,23.836,-32.117,-0.640,-0.666,0.384,0.076,0.629,-0.774,2242.78,6.043,44.986,-40.846,-0.348,-0.488,0.801,0.870,-0.250,-0.425,2505.52,-0.783,-0.336,-5.483,-0.971,0.219,0.092,0.196,0.830,-0.521,2453.07,-5.371,-1.567,-5.260,-0.519,-0.113,0.847,0.850,-0.440,-0.290,9.875,8.779,1.389,-7.176,0.809,-0.341,-0.479,10.771,-0.397,-4.290,-4.641,scissors
41.226177,0.429,0.749,-0.505,2550.51,16.114,34.355,-31.334,-0.599,-0.663,0.449,0.131,0.582,-0.803,2492.68,10.855,49.910,-47.224,-0.350,-0.489,0.799,0.863,-0.270,-0.428,2507.79,0.224,-4.252,-5.036,-0.972,0.217,0.092,0.186,0.837,-0.515,2482.58,-5.483,-1.790,-5.483,-0.517,-0.111,0.848,0.851,-0.443,-0.283,9.893,9.405,-0.198,-7.634,0.811,-0.343,-0.474,10.776,-0.260,-6.427,-6.061,scissors
41.226265,0.387,0.816,-0.429,2473.06,10.072,42.412,-33.124,-0.605,-0.665,0.438,0.131,0.568,-0.812,2413.39,8.841,52.484,-44.874,-0.336,-0.487,0.806,0.867,-0.248,-0.432,2483.86,2.238,-4.588,-4.812,-0.972,0.207,0.114,0.190,0.837,-0.513,2432.85,-4.700,-0.448,-7.050,-0.518,-0.111,0.848,0.847,-0.450,-0.284,9.911,10.901,-0.992,-6.962,0.808,-0.346,-0.476,10.750,1.802,-7.679,-4.427,scissors
41.226349,0.363,0.844,-0.396,2532.04,8.281,43.531,-30.662,-0.588,-0.678,0.442,0.111,0.639,-0.761,2407.73,2.686,56.512,-46.217,-0.329,-0.506,0.798,0.871,-0.238,-0.430,2425.81,2.350,-3.021,-6.043,-0.966,0.211,0.151,0.183,0.836,-0.517,2414.06,-4.700,0.112,-7.386,-0.516,-0.111,0.849,0.849,-0.451,-0.277,9.828,12.061,-0.733,-5.359,0.812,-0.349,-0.467,10.687,4.656,-6.656,-3.786,scissors
41.226430,0.413,0.745,-0.523,2458.63,9.736,40.958,-22.829,-0.589,-0.677,0.442,0.169,0.511,-0.843,2512.50,4.252,58.527,-45.658,-0.354,-0.497,0.792,0.871,-0.243,-0.427,2424.36,2.686,-2.126,-8.393,-0.968,0.218,0.128,0.199,0.839,-0.507,2427.04,-5.483,2.238,-7.162,-0.518,-0.117,0.847,0.857,-0.420,-0.299,9.891,11.008,-0.931,-3.725,0.816,-0.312,-0.487,10.726,3.466,-5.084,-3.267,scissors
41.226511,0.390,0.751,-0.533,2728.12,3.245,23.500,-13.764,-0.594,-0.682,0.427,0.199,0.454,-0.868,2631.12,4.141,28.648,-28.424,-0.349,-0.506,0.789,0.842,-0.314,-0.438,2495.54,4.476,-1.567,-8.729,-0.968,0.222,0.115,0.212,0.815,-0.539,2463.15,-1.343,0.560,-3.693,-0.516,-0.119,0.848,0.858,-0.406,-0.314,9.908,7.344,1.237,-4.870,0.805,-0.309,-0.506,10.802,-2.244,-4.076,-3.267,scissors
41.226594,0.370,0.796,-0.479,2770.01,13.429,13.429,-19.919,-0.583,-0.693,0.425,0.163,0.529,-0.833,2424.56,3.133,30.326,-22.941,-0.324,-0.512,0.795,0.853,-0.311,-0.419,2489.20,-0.895,-0.112,-0.783,-0.972,0.185,0.148,0.196,0.823,-0.533,2510.74,-1.567,-2.014,-2.798,-0.518,-0.125,0.846,0.855,-0.426,-0.295,10.062,4.794,2.031,-5.237,0.811,-0.328,-0.484,10.963,-5.084,-3.542,-2.824,scissors
41.226685,0.397,0.791,-0.465,2388.14,14.883,13.876,-19.136,-0.580,-0.687,0.437,0.136,0.600,-0.788,2400.04,1.567,31.669,-22.381,-0.344,-0.509,0.789,0.868,-0.255,-0.427,2537.08,-2.462,-0.448,0.000,-0.964,0.226,0.140,0.178,0.828,-0.532,2438.99,-0.336,-3.693,-2.350,-0.509,-0.117,0.853,0.848,-0.443,-0.290,9.936,6.977,3.145,-2.702,0.806,-0.347,-0.479,10.766,-2.611,-1.908,-1.359,scissors
41.226769,0.366,0.834,-0.412,2479.03,5.036,17.233,-14.548,-0.589,-0.698,0.407,0.136,0.621,-0.772,2336.11,-3.581,40.174,-24.507,-0.337,-0.521,0.784,0.876,-0.232,-0.423,2446.69,-4.252,-1.119,-4.812,-0.966,0.223,0.129,0.179,0.833,-0.524,2423.68,-6.043,-1.902,-2.126,-0.519,-0.128,0.845,0.851,-0.443,-0.282,9.769,9.282,1.099,-1.481,0.808,-0.349,-0.474,10.598,-0.977,-4.916,-0.061,scissors
41.226918,0.382,0.812,-0.442,2402.72,3.245,21.598,-10.967,-0.565,-0.701,0.436,0.149,0.614,-0.775,2456.10,-4.588,44.315,-26.634,-0.366,-0.508,0.780,0.878,-0.218,-0.426,2428.27,-3.021,-0.783,-5.483,-0.968,0.173,0.182,0.182,0.846,-0.502,2432.08,-7.386,-0.671,-1.902,-0.512,-0.122,0.851,0.854,-0.444,-0.270,9.731,9.603,-0.580,-1.649,0.814,-0.345,-0.467,10.600,0.260,-5.069,-1.573,scissors
41.227020,0.360,0.837,-0.412,2576.31,0.112,24.395,-9.624,-0.567,-0.708,0.421,0.154,0.641,-0.752,2371.49,-3.469,46.777,-26.522,-0.375,-0.554,0.744,0.862,-0.243,-0.444,2460.48,2.126,-1.231,-5.260,-0.977,0.182,0.112,0.187,0.841,-0.508,2422.10,-3.021,0.224,-1.119,-0.516,-0.122,0.848,0.857,-0.431,-0.282,9.735,7.191,-0.794,-0.916,0.813,-0.334,-0.476,10.592,-1.008,-3.695,-1.832,scissors
41.227108,0.319,0.878,-0.356,2813.94,7.274,32.341,-22.157,-0.573,-0.703,0.421,0.175,0.606,-0.776,2311.98,-7.833,59.646,-27.641,-0.363,-0.529,0.767,0.860,-0.270,-0.433,2433.50,-0.112,-3.133,-3.469,-0.970,0.186,0.159,0.184,0.838,-0.513,2453.70,-0.336,-0.783,0.224,-0.513,-0.121,0.850,0.853,-0.427,-0.300,9.889,6.015,-1.649,-2.641,0.807,-0.332,-0.488,10.754,-3.313,-5.725,-2.260,scissors
41.227192,0.350,0.858,-0.376,2536.46,12.422,49.462,-37.265,-0.567,-0.708,0.421,0.193,0.605,-0.772,2654.06,-4.924,61.212,-32.341,-0.359,-0.540,0.761,0.864,-0.251,-0.437,2502.40,-1.231,-1.119,-1.231,-0.972,0.179,0.149,0.177,0.841,-0.511,2504.13,-0.783,-2.350,0.000,-0.511,-0.124,0.850,0.856,-0.428,-0.289,10.068,5.878,-3.038,-4.260,0.813,-0.332,-0.478,10.925,-4.244,-6.992,-3.282,scissors
41.227278,0.379,0.806,-0.455,2528.20,1.231,58.751,-39.167,-0.557,-0.730,0.396,0.191,0.607,-0.771,2581.81,-4.141,63.003,-36.369,-0.365,-0.539,0.759,0.866,-0.253,-0.431,2517.46,2.462,-0.448,-0.112,-0.968,0.176,0.179,0.180,0.834,-0.521,2453.86,0.336,-2.014,-0.560,-0.509,-0.121,0.852,0.856,-0.429,-0.290,10.010,5.817,-1.359,-3.145,0.810,-0.335,-0.480,10.866,-4.000,-4.931,-3.084,scissors
41.227362,0.399,0.762,-0.510,2521.64,1.902,57.072,-36.481,-0.589,-0.733,0.340,0.260,0.475,-0.841,2576.55,-0.448,69.158,-40.510,-0.374,-0.565,0.735,0.871,-0.242,-0.427,2469.50,-0.671,-1.231,-1.343,-0.975,0.183,0.124,0.186,0.837,-0.515,2482.58,-0.336,-2.798,-0.224,-0.508,-0.126,0.852,0.855,-0.430,-0.289,9.861,5.084,-0.977,-2.107,0.811,-0.333,-0.482,10.699,-4.779,-6.198,-1.267,scissors
41.227444,0.381,0.757,-0.532,2771.84,0.560,22.717,-9.960,-0.555,-0.742,0.376,0.259,0.487,-0.834,2774.79,-3.693,28.424,-13.653,-0.353,-0.548,0.758,0.860,-0.271,-0.433,2456.87,-0.336,-1.007,-0.224,-0.971,0.197,0.135,0.187,0.834,-0.520,2421.93,1.679,-3.133,0.112,-0.511,-0.126,0.850,0.855,-0.423,-0.300,9.938,4.351,1.435,-1.008,0.808,-0.327,-0.490,10.856,-4.977,-3.313,-0.122,scissors
41.227526,0.358,0.830,-0.429,2704.85,11.079,12.533,-14.324,-0.553,-0.734,0.394,0.199,0.651,-0.733,2529.02,-4.141,19.472,-12.086,-0.359,-0.543,0.759,0.865,-0.268,-0.424,2487.08,-3.133,-1.007,-1.231,-0.971,0.180,0.160,0.172,0.832,-0.528,2460.48,-0.112,-2.126,0.112,-0.505,-0.127,0.854,0.851,-0.443,-0.283,9.868,5.328,0.855,-0.198,0.808,-0.351,-0.473,10.738,-3.878,-3.740,0.595,scissors
41.227609,0.354,0.849,-0.393,2426.41,3.693,19.248,-10.631,-0.550,-0.736,0.396,0.195,0.645,-0.738,2322.57,-2.686,31.893,-20.031,-0.372,-0.564,0.738,0.879,-0.203,-0.432,2460.76,-3.917,1.007,-2.014,-0.968,0.202,0.149,0.170,0.841,-0.513,2433.27,-1.679,-1.902,-0.112,-0.504,-0.122,0.855,0.855,-0.444,-0.268,9.919,7.557,0.611,0.748,0.818,-0.349,-0.458,10.789,-0.992,-3.298,0.260,scissors
41.232733,0.370,0.844,-0.388,2378.76,-3.917,27.081,-9.288,-0.560,-0.729,0.394,0.212,0.664,-0.717,2462.77,-9.176,40.958,-21.934,-0.355,-0.562,0.748,0.862,-0.240,-0.447,2487.49,-1.902,-1.567,-5.260,-0.967,0.198,0.161,0.180,0.846,-0.501,2454.02,-5.707,-1.119,-0.336,-0.502,-0.122,0.856,0.857,-0.431,-0.282,9.809,6.260,-0.107,0.092,0.814,-0.338,-0.472,10.652,-2.244,-2.305,-2.702,scissors
41.255227,0.379,0.841,-0.386,2342.75,-16.674,44.091,-13.876,-0.567,-0.749,0.342,0.224,0.646,-0.730,2337.62,-7.722,53.827,-28.312,-0.370,-0.570,0.734,0.878,-0.242,-0.414,2430.11,0.224,-4.812,-2.686,-0.975,0.183,0.124,0.178,0.843,-0.507,2427.06,-5.036,-1.119,-0.560,-0.514,-0.132,0.847,0.848,-0.442,-0.291,9.746,7.267,-3.267,0.290,0.804,-0.352,-0.478,10.620,-2.305,-5.328,-2.229,scissors
41.282573,0.334,0.874,-0.353,2781.59,-27.976,55.058,-21.374,-0.556,-0.748,0.362,0.266,0.583,-0.767,2401.88,-11.862,63.898,-28.536,-0.361,-0.569,0.739,0.883,-0.219,-0.416,2416.52,4.476,-1.119,-2.238,-0.964,0.210,0.161,0.174,0.844,-0.507,2424.45,0.560,-1.455,1.567,-0.505,-0.131,0.853,0.853,-0.442,-0.279,9.934,9.740,-4.779,1.191,0.816,-0.342,-0.465,10.822,0.748,-6.290,-0.641,scissors
41.299426,0.358,0.855,-0.376,2614.39,-0.336,45.322,-24.060,-0.540,-0.758,0.366,0.239,0.680,-0.693,2797.55,-20.031,47.448,-20.255,-0.383,-0.577,0.721,0.860,-0.244,-0.449,2524.54,0.671,-1.790,-5.819,-0.966,0.203,0.160,0.182,0.837,-0.517,2435.12,-2.910,2.350,-0.112,-0.506,-0.128,0.853,0.862,-0.422,-0.280,10.089,8.107,-0.198,2.137,0.823,-0.325,-0.465,10.976,0.580,-1.481,-0.260,scissors
41.320601,0.362,0.871,-0.331,2700.40,-7.498,49.015,-24.395,-0.557,-0.760,0.334,0.256,0.717,-0.649,2311.19,-8.393,55.841,-32.676,-0.362,-0.585,0.726,0.846,-0.273,-0.458,2578.94,-7.386,-6.714,-5.595,-0.963,0.195,0.185,0.188,0.833,-0.520,2515.33,-6.155,-3.357,-1.119,-0.504,-0.133,0.853,0.859,-0.421,-0.292,9.915,2.397,3.527,1.176,0.817,-0.327,-0.475,10.864,-3.313,2.489,-0.931,scissors
41.729985,0.347,0.880,-0.324,2727.64,-2.910,54.834,-28.312,-0.558,-0.780,0.282,0.254,0.749,-0.612,2370.07,-22.829,81.020,-44.650,-0.384,-0.599,0.703,0.862,-0.254,-0.439,2510.17,-16.114,-11.638,-2.014,-0.978,0.156,0.135,0.181,0.834,-0.521,2490.59,-6.155,-7.722,-1.007,-0.505,-0.132,0.853,0.843,-0.447,-0.300,9.864,1.267,3.008,0.214,0.803,-0.359,-0.476,10.754,-4.702,2.748,-1.863,scissors
41.730129,0.363,0.869,-0.336,2637.60,5.036,60.093,-34.243,-0.524,-0.775,0.353,0.280,0.725,-0.630,2459.60,-25.850,89.077,-55.505,-0.387,-0.606,0.695,0.888,-0.183,-0.422,2402.81,-14.324,-11.302,-0.448,-0.970,0.175,0.169,0.168,0.855,-0.491,2464.57,-5.483,-8.057,-1.231,-0.501,-0.146,0.853,0.834,-0.474,-0.282,9.756,4.305,-0.763,-1.710,0.801,-0.378,-0.464,10.553,-2.290,-3.771,-2.489,scissors
41.730227,0.408,0.766,-0.496,2416.55,3.245,26.522,-5.371,-0.530,-0.793,0.302,0.309,0.548,-0.777,2609.39,-19.919,52.820,-21.262,-0.386,-0.611,0.691,0.875,-0.209,-0.437,2390.69,3.021,-3.469,-2.350,-0.968,0.159,0.195,0.173,0.859,-0.481,2392.18,-1.119,-1.007,-1.231,-0.495,-0.133,0.859,0.853,-0.442,-0.278,9.754,8.397,-3.008,-2.015,0.820,-0.339,-0.461,10.596,-0.198,-6.366,-2.260,scissors
41.730316,0.378,0.835,-0.399,2558.58,-5.371,12.869,2.574,-0.542,-0.775,0.325,0.351,0.489,-0.798,3022.09,4.029,8.729,-5.036,-0.382,-0.632,0.675,0.851,-0.242,-0.466,2470.21,3.245,-2.462,-3.245,-0.969,0.156,0.193,0.178,0.849,-0.497,2433.09,-0.448,2.350,-2.014,-0.500,-0.140,0.855,0.855,-0.426,-0.295,9.877,7.786,-2.473,-1.756,0.817,-0.332,-0.472,10.764,-0.840,-5.618,-1.847,scissors
41.730412,0.370,0.859,-0.354,2556.14,-5.595,10.855,2.574,-0.535,-0.788,0.306,0.287,0.705,-0.649,2403.79,-1.231,-2.238,5.931,-0.396,-0.604,0.692,0.855,-0.258,-0.450,2471.70,1.007,-4.141,-1.902,-0.964,0.169,0.206,0.166,0.834,-0.526,2429.59,1.119,2.798,-2.238,-0.495,-0.130,0.859,0.853,-0.435,-0.290,9.921,7.756,-2.382,1.267,0.816,-0.339,-0.468,10.811,0.015,-4.183,-0.473,scissors
41.730498,0.373,0.864,-0.340,2462.01,-13.541,16.003,2.686,-0.522,-0.798,0.299,0.314,0.646,-0.696,2351.97,-5.260,10.967,0.000,-0.399,-0.602,0.691,0.863,-0.217,-0.456,2483.28,-1.679,-2.014,-3.133,-0.967,0.165,0.193,0.161,0.843,-0.512,2437.54,-1.455,3.469,-1.119,-0.506,-0.143,0.850,0.846,-0.450,-0.286,9.945,10.061,-2.565,3.695,0.815,-0.352,-0.460,10.777,2.672,-3.557,0.595,scissors
41.730580,0.362,0.864,-0.349,2674.47,-14.100,18.800,-0.112,-0.534,-0.785,0.315,0.317,0.639,-0.701,2546.49,-13.205,10.407,3.693,-0.396,-0.626,0.672,0.868,-0.210,-0.451,2469.94,1.790,-1.902,-8.057,-0.964,0.169,0.206,0.174,0.850,-0.497,2432.18,-7.945,6.602,-1.902,-0.492,-0.139,0.860,0.846,-0.445,-0.295,9.878,11.924,-2.214,2.794,0.814,-0.346,-0.467,10.737,3.099,-3.847,-0.366,scissors
41.730663,0.373,0.864,-0.338,2620.68,-13.093,23.388,-9.176,-0.534,-0.793,0.293,0.326,0.653,-0.684,2567.02,-12.645,3.917,7.833,-0.402,-0.626,0.668,0.862,-0.246,-0.444,2462.92,3.133,-2.350,-8.169,-0.971,0.163,0.175,0.186,0.849,-0.495,2483.10,-7.162,7.050,-2.238,-0.499,-0.147,0.854,0.848,-0.432,-0.307,9.879,10.260,-2.351,1.695,0.814,-0.334,-0.475,10.717,0.321,-4.534,-0.611,scissors
41.730888,0.388,0.866,-0.316,2615.38,-17.793,34.803,-17.569,-0.539,-0.786,0.301,0.304,0.752,-0.585,2527.89,-8.505,24.731,-9.848,-0.402,-0.626,0.669,0.854,-0.267,-0.446,2496.40,1.343,-2.462,-5.707,-0.978,0.128,0.166,0.204,0.830,-0.519,2501.14,-1.902,6.826,-0.895,-0.492,-0.136,0.860,0.847,-0.436,-0.303,9.864,6.366,-2.916,-0.412,0.812,-0.341,-0.474,10.698,-4.290,-6.153,-1.557,scissors
41.730989,0.384,0.848,-0.364,2645.20,-12.757,34.691,-20.367,-0.518,-0.797,0.310,0.336,0.650,-0.681,2576.62,0.000,10.072,-2.014,-0.405,-0.614,0.677,0.862,-0.235,-0.448,2460.40,1.790,-0.560,-0.560,-0.970,0.152,0.190,0.184,0.845,-0.502,2506.04,3.021,2.910,0.560,-0.505,-0.148,0.851,0.851,-0.440,-0.286,9.984,3.069,-1.344,-1.405,0.821,-0.340,-0.459,10.876,-7.466,-5.038,-2.244,scissors
41.731085,0.384,0.845,-0.372,2669.04,-6.267,25.626,-20.143,-0.532,-0.803,0.270,0.362,0.590,-0.722,2607.39,0.224,-3.917,9.288,-0.409,-0.630,0.661,0.856,-0.226,-0.466,2515.41,0.560,-2.574,2.686,-0.975,0.141,0.169,0.183,0.841,-0.510,2470.49,4.141,1.679,0.224,-0.495,-0.144,0.857,0.853,-0.438,-0.285,9.959,1.084,1.573,-0.458,0.823,-0.333,-0.460,10.862,-8.626,-1.557,-2.290,scissors
41.731169,0.394,0.829,-0.397,2625.26,-1.119,8.729,-10.967,-0.519,-0.807,0.282,0.356,0.609,-0.709,2543.57,-1.007,-12.645,15.443,-0.407,-0.621,0.669,0.852,-0.238,-0.466,2513.59,-1.119,-5.260,2.238,-0.972,0.132,0.192,0.180,0.840,-0.512,2460.27,1.790,1.119,-0.448,-0.490,-0.140,0.860,0.847,-0.443,-0.295,9.860,-0.473,2.305,0.107,0.817,-0.341,-0.465,10.731,-9.176,-1.252,-2.366,scissors
41.731251,0.396,0.845,-0.359,2491.68,-7.274,-8.952,1.231,-0.524,-0.818,0.235,0.397,0.506,-0.766,2498.66,-8.057,-13.988,22.941,-0.411,-0.629,0.659,0.858,-0.232,-0.458,2450.79,-0.336,-5.483,3.357,-0.977,0.131,0.169,0.183,0.842,-0.507,2465.41,2.126,2.462,0.112,-0.497,-0.140,0.856,0.847,-0.438,-0.301,9.754,-2.656,1.740,1.053,0.816,-0.334,-0.473,10.617,-11.374,-0.305,-0.840,scissors
41.731331,0.407,0.829,-0.383,2541.14,-7.610,-19.695,9.288,-0.519,-0.815,0.258,0.377,0.560,-0.738,2870.38,-13.541,-42.077,45.098,-0.422,-0.627,0.655,0.849,-0.277,-0.450,2408.45,-1.790,-5.260,5.483,-0.973,0.153,0.172,0.194,0.835,-0.515,2427.24,4.364,3.021,1.119,-0.492,-0.136,0.860,0.851,-0.428,-0.303,9.738,-7.145,2.504,1.084,0.822,-0.323,-0.469,10.568,-16.580,-1.359,1.832,scissors
41.731412,0.411,0.825,-0.387,2565.30,-10.519,-34.019,17.569,-0.533,-0.804,0.265,0.381,0.573,-0.726,2634.17,1.902,-60.653,50.693,-0.419,-0.617,0.666,0.845,-0.263,-0.465,2453.33,-5.819,-4.476,9.512,-0.966,0.157,0.203,0.191,0.829,-0.526,2469.37,5.595,2.686,4.252,-0.502,-0.138,0.854,0.860,-0.419,-0.289,9.578,-14.443,2.229,1.237,0.832,-0.311,-0.460,10.426,-23.405,-1.786,4.031,scissors
41.731491,0.408,0.821,-0.399,2588.03,-4.588,-54.834,32.900,-0.546,-0.796,0.261,0.387,0.554,-0.737,2618.67,1.790,-78.110,65.913,-0.422,-0.613,0.668,0.804,-0.297,-0.515,2542.44,-8.841,-10.743,15.443,-0.968,0.159,0.195,0.189,0.833,-0.519,2443.17,3.581,2.686,5.595,-0.496,-0.141,0.857,0.869,-0.418,-0.266,9.518,-26.107,2.397,2.534,0.841,-0.307,-0.446,10.426,-31.679,4.076,7.679,scissors
41.733171,0.403,0.840,-0.363,2495.69,6.714,-75.760,54.274,-0.550,-0.791,0.268,0.361,0.598,-0.716,2343.26,-7.945,-94.337,81.467,-0.426,-0.589,0.687,0.799,-0.312,-0.513,2569.72,-22.493,-30.438,25.626,-0.957,0.203,0.209,0.181,0.840,-0.512,2438.35,1.567,3.469,6.491,-0.499,-0.131,0.857,0.815,-0.465,-0.346,10.200,-25.969,1.374,5.756,0.783,-0.374,-0.497,11.036,-30.443,4.489,10.550,scissors
41.733269,0.399,0.858,-0.324,2398.95,16.114,-87.846,68.374,-0.537,-0.790,0.295,0.353,0.614,-0.706,2315.86,-17.569,-89.301,88.294,-0.454,-0.603,0.656,0.886,-0.208,-0.415,2351.93,-40.622,-30.103,31.110,-0.959,0.187,0.212,0.176,0.843,-0.508,2402.50,0.336,4.364,9.064,-0.506,-0.142,0.851,0.833,-0.453,-0.319,9.848,-13.832,0.260,7.511,0.804,-0.357,-0.475,10.691,-23.588,-2.504,12.382,scissors
41.733358,0.379,0.884,-0.275,2473.38,-4.476,-86.839,65.577,-0.553,-0.777,0.301,0.375,0.537,-0.755,2699.29,-24.507,-88.965,89.413,-0.468,-0.587,0.661,0.855,-0.211,-0.473,2414.02,-26.522,-6.155,25.403,-0.956,0.153,0.250,0.191,0.847,-0.497,2416.52,2.126,8.393,10.072,-0.511,-0.133,0.849,0.845,-0.441,-0.301,9.840,-10.122,-0.947,7.221,0.820,-0.341,-0.461,10.687,-21.649,-4.641,12.809,scissors
41.733445,0.379,0.869,-0.319,2526.01,-9.512,-61.660,46.441,-0.585,-0.759,0.288,0.241,0.818,-0.522,2574.63,-24.619,-103.737,93.218,-0.476,-0.583,0.658,0.848,-0.198,-0.492,2479.79,-18.241,-4.924,22.269,-0.952,0.173,0.252,0.190,0.843,-0.503,2427.36,3.693,8.952,9.960,-0.513,-0.135,0.848,0.847,-0.432,-0.311,10.088,-10.718,1.634,9.695,0.818,-0.334,-0.469,11.013,-21.771,-0.916,12.901,scissors
41.748132,0.403,0.861,-0.311,2469.85,-24.060,-45.210,34.467,-0.594,-0.738,0.322,0.153,0.913,-0.378,2384.72,-11.302,-60.765,58.862,-0.474,-0.569,0.672,0.824,-0.252,-0.507,2562.28,-10.519,-2.574,13.541,-0.956,0.164,0.242,0.197,0.831,-0.520,2497.13,2.686,6.267,12.198,-0.515,-0.125,0.848,0.831,-0.453,-0.322,9.962,-9.588,1.969,10.137,0.804,-0.360,-0.472,10.832,-19.969,-0.931,12.122,scissors
41.772334,0.332,0.919,-0.211,2794.68,-19.472,-28.088,26.969,-0.616,-0.738,0.274,0.269,0.717,-0.643,2528.41,-12.981,-17.010,35.698,-0.485,-0.537,0.690,0.850,-0.194,-0.490,2473.77,-17.681,-0.895,10.855,-0.952,0.211,0.220,0.196,0.841,-0.504,2458.13,1.119,3.581,11.079,-0.517,-0.130,0.846,0.831,-0.466,-0.303,10.032,-2.687,0.092,7.511,0.809,-0.373,-0.454,10.962,-13.008,-2.977,8.977,scissors
41.796844,0.339,0.915,-0.217,2677.58,-10.072,-11.526,11.414,-0.622,-0.735,0.270,0.224,0.790,-0.571,2642.91,-13.205,-7.498,18.576,-0.496,-0.544,0.677,0.845,-0.201,-0.497,2537.54,-14.212,-1.119,4.476,-0.957,0.210,0.202,0.196,0.845,-0.497,2456.55,-0.560,3.357,5.148,-0.518,-0.128,0.846,0.833,-0.470,-0.291,9.980,4.595,-0.153,5.740,0.813,-0.376,-0.444,10.881,-4.351,-2.366,3.832,scissors
41.817450,0.355,0.896,-0.266,2666.76,-0.783,7.386,0.895,-0.625,-0.715,0.315,0.251,0.753,-0.609,2512.35,-4.364,14.436,-3.469,-0.488,-0.553,0.675,0.836,-0.189,-0.516,2539.05,-12.310,-4.252,-4.700,-0.951,0.174,0.254,0.199,0.853,-0.482,2469.62,-2.126,3.693,1.119,-0.515,-0.122,0.848,0.838,-0.465,-0.286,9.940,6.580,-1.115,4.260,0.818,-0.363,-0.445,10.828,-0.550,-0.046,-0.290,scissors
42.241000,0.385,0.868,-0.312,2584.34,1.902,10.407,-2.238,-0.630,-0.727,0.274,0.293,0.688,-0.664,2421.55,-4.364,23.724,-9.400,-0.498,-0.570,0.654,0.835,-0.237,-0.497,2437.59,-6.938,-7.945,-6.267,-0.956,0.191,0.223,0.211,0.843,-0.495,2464.50,-2.126,4.700,-1.343,-0.519,-0.122,0.846,0.827,-0.453,-0.334,9.720,7.389,-2.427,1.588,0.802,-0.356,-0.479,10.544,-1.160,-4.672,-0.290,scissors
42.241161,0.449,0.786,-0.425,2520.93,2.574,12.310,-3.693,-0.628,-0.738,0.246,0.355,0.529,-0.770,2850.56,-6.379,26.074,-10.519,-0.512,-0.565,0.647,0.808,-0.303,-0.505,2455.07,0.560,-4.924,-4.924,-0.952,0.204,0.226,0.227,0.837,-0.498,2468.78,-1.231,4.364,-1.343,-0.520,-0.122,0.845,0.840,-0.424,-0.339,9.937,4.611,-1.679,0.092,0.811,-0.326,-0.486,10.852,-5.359,-5.496,-0.244,scissors
42.241262,0.429,0.823,-0.371,2595.58,-1.455,3.357,2.798,-0.621,-0.744,0.248,0.331,0.632,-0.701,2434.57,4.700,-7.833,3.693,-0.517,-0.560,0.647,0.804,-0.292,-0.519,2543.86,0.671,-3.133,0.000,-0.967,0.173,0.185,0.221,0.816,-0.535,2484.10,3.133,1.455,0.336,-0.519,-0.125,0.846,0.840,-0.432,-0.328,10.038,1.191,1.771,1.221,0.814,-0.335,-0.475,10.997,-8.473,-0.962,0.153,scissors
42.241353,0.404,0.847,-0.344,2683.26,-0.112,4.812,-4.476,-0.616,-0.732,0.292,0.314,0.653,-0.689,2476.66,-0.895,1.567,2.462,-0.499,-0.560,0.661,0.828,-0.243,-0.505,2493.22,-5.371,-4.141,2.462,-0.952,0.200,0.233,0.217,0.817,-0.534,2447.21,1.007,-0.671,0.336,-0.519,-0.124,0.846,0.834,-0.446,-0.325,9.933,3.298,4.916,1.695,0.808,-0.351,-0.474,10.807,-6.580,1.328,0.550,scissors
42.241447,0.394,0.866,-0.308,2525.61,-3.021,9.288,-7.945,-0.624,-0.733,0.272,0.313,0.650,-0.693,2488.40,-2.126,0.224,-1.902,-0.511,-0.560,0.652,0.826,-0.235,-0.512,2462.30,-7.162,-2.350,0.336,-0.953,0.182,0.244,0.211,0.837,-0.506,2470.61,-6.379,-2.574,-0.336,-0.515,-0.133,0.847,0.831,-0.452,-0.325,9.752,3.756,3.206,-0.214,0.808,-0.357,-0.470,10.597,-6.885,-1.496,-0.046,scissors
42.241541,0.418,0.827,-0.375,2545.50,-0.448,5.036,-5.260,-0.608,-0.738,0.293,0.312,0.656,-0.687,2554.25,-0.560,2.126,-2.574,-0.501,-0.567,0.654,0.835,-0.235,-0.498,2412.72,-2.686,-2.350,0.112,-0.958,0.150,0.243,0.211,0.843,-0.495,2464.50,-3.357,-1.902,-0.112,-0.520,-0.129,0.844,0.832,-0.456,-0.315,9.808,3.725,0.137,-1.389,0.814,-0.356,-0.459,10.740,-6.595,-4.443,-1.206,scissors
42.241635,0.417,0.841,-0.346,2530.37,1.902,1.567,0.000,-0.605,-0.736,0.305,0.334,0.608,-0.720,2626.30,4.812,-5.483,-1.007,-0.517,-0.560,0.647,0.821,-0.235,-0.520,2500.41,-2.126,-1.119,1.007,-0.959,0.176,0.222,0.219,0.840,-0.496,2460.18,2.014,-0.895,-0.336,-0.514,-0.125,0.849,0.839,-0.452,-0.304,9.932,1.405,1.573,-0.504,0.822,-0.348,-0.451,10.829,-7.725,-1.160,-1.008,scissors
42.241717,0.421,0.827,-0.371,2619.43,0.671,-3.469,1.790,-0.630,-0.736,0.248,0.338,0.600,-0.725,2529.82,2.798,-12.198,4.476,-0.503,-0.572,0.648,0.823,-0.236,-0.517,2496.57,-8.617,-5.036,1.679,-0.962,0.176,0.210,0.220,0.833,-0.508,2457.18,2.686,-0.671,-0.560,-0.518,-0.129,0.846,0.827,-0.448,-0.341,9.847,-0.641,3.008,-0.916,0.800,-0.354,-0.485,10.717,-10.763,-1.802,0.336,scissors
42.241809,0.430,0.817,-0.383,2590.12,1.231,-4.924,2.126,-0.621,-0.732,0.279,0.323,0.628,-0.707,2495.01,2.350,-10.407,4.588,-0.501,-0.567,0.654,0.837,-0.250,-0.487,2384.68,-10.743,-6.602,2.238,-0.943,0.183,0.277,0.223,0.828,-0.514,2469.61,0.671,-0.895,0.336,-0.524,-0.135,0.841,0.836,-0.439,-0.330,9.881,0.611,1.634,-1.908,0.812,-0.340,-0.475,10.783,-10.443,-4.229,0.290,scissors
42.241891,0.410,0.851,-0.328,2521.67,-1.343,-7.722,3.917,-0.604,-0.740,0.296,0.328,0.605,-0.726,2524.86,2.238,-13.093,7.610,-0.490,-0.544,0.681,0.820,-0.249,-0.516,2481.18,-5.819,-0.336,4.924,-0.964,0.142,0.226,0.218,0.830,-0.513,2432.76,1.231,-2.014,1.231,-0.518,-0.128,0.846,0.837,-0.442,-0.321,9.859,1.145,2.580,-1.145,0.814,-0.347,-0.466,10.757,-10.366,-2.809,0.641,scissors
42.241972,0.411,0.839,-0.356,2568.77,-2.350,-7.722,1.567,-0.615,-0.723,0.316,0.341,0.542,-0.768,2745.77,3.021,-24.172,11.750,-0.496,-0.549,0.673,0.830,-0.208,-0.518,2451.35,-6.602,-1.231,4.812,-0.953,0.182,0.244,0.215,0.835,-0.507,2464.39,0.448,-2.686,0.671,-0.518,-0.126,0.846,0.840,-0.445,-0.312,9.832,1.069,2.779,-1.573,0.819,-0.345,-0.459,10.714,-10.580,-2.824,0.107,scissors
42.242052,0.399,0.854,-0.333,2568.86,0.448,-8.393,2.126,-0.603,-0.734,0.311,0.292,0.664,-0.688,2492.99,2.686,-47.672,24.619,-0.495,-0.554,0.670,0.809,-0.257,-0.528,2477.76,-2.798,-1.007,4.364,-0.943,0.175,0.283,0.212,0.839,-0.501,2452.67,1.455,-1.902,1.007,-0.515,-0.127,0.848,0.834,-0.444,-0.328,9.895,-1.344,3.954,-1.359,0.811,-0.343,-0.475,10.746,-13.511,-2.412,1.496,scissors
42.242133,0.442,0.783,-0.437,2629.55,-0.112,-18.576,6.267,-0.618,-0.729,0.294,0.326,0.568,-0.756,2503.28,6.938,-43.196,21.374,-0.503,-0.549,0.667,0.828,-0.239,-0.508,2422.70,-2.798,-1.231,5.819,-0.941,0.194,0.279,0.215,0.837,-0.503,2467.37,2.350,-2.462,2.686,-0.518,-0.120,0.847,0.839,-0.437,-0.325,9.930,-1.939,2.840,-1.786,0.815,-0.339,-0.470,10.846,-13.908,-3.740,1.053,scissors
42.242213,0.431,0.820,-0.377,2581.70,2.126,-26.857,9.960,-0.637,-0.721,0.271,0.319,0.578,-0.752,2595.64,4.700,-50.693,30.662,-0.485,-0.537,0.690,0.805,-0.270,-0.527,2538.81,-0.112,2.574,7.386,-0.953,0.176,0.246,0.217,0.830,-0.513,2452.01,3.581,-4.364,2.798,-0.524,-0.128,0.842,0.839,-0.447,-0.311,9.985,-1.725,4.611,-0.580,0.817,-0.347,-0.461,10.899,-13.313,-1.466,1.511,scissors
42.242294,0.394,0.857,-0.331,2526.35,-1.902,-23.053,9.624,-0.627,-0.733,0.263,0.279,0.659,-0.699,2440.35,0.783,-42.860,24.619,-0.483,-0.549,0.681,0.813,-0.244,-0.529,2491.75,-4.029,1.567,7.050,-0.949,0.189,0.253,0.206,0.833,-0.513,2433.05,1.455,-4.700,2.350,-0.520,-0.127,0.845,0.837,-0.449,-0.313,9.828,-1.466,6.336,0.107,0.813,-0.351,-0.465,10.728,-12.962,0.473,2.153,scissors
42.242374,0.424,0.816,-0.392,2508.95,-3.245,-22.269,8.057,-0.613,-0.727,0.309,0.259,0.689,-0.677,2433.05,2.126,-27.753,14.772,-0.500,-0.539,0.678,0.820,-0.235,-0.521,2456.16,-5.707,-0.448,4.252,-0.955,0.181,0.236,0.214,0.839,-0.501,2476.59,2.910,-4.252,2.798,-0.521,-0.117,0.845,0.837,-0.444,-0.319,9.787,-3.176,5.878,0.260,0.812,-0.350,-0.468,10.665,-14.183,0.473,1.634,scissors
42.242459,0.426,0.816,-0.390,2522.18,-5.036,-27.865,14.660,-0.625,-0.716,0.312,0.279,0.626,-0.728,2503.38,5.371,-22.605,12.757,-0.480,-0.525,0.702,0.820,-0.248,-0.516,2443.78,-5.371,-0.783,5.148,-0.946,0.179,0.270,0.210,0.832,-0.513,2435.13,-0.783,-3.469,2.798,-0.522,-0.119,0.844,0.834,-0.447,-0.323,9.863,-3.084,5.008,0.305,0.811,-0.352,-0.468,10.730,-13.832,-0.641,1.603,scissors
42.243827,0.387,0.878,-0.282,2546.16,-4.924,-21.038,12.198,-0.621,-0.717,0.316,0.273,0.618,-0.737,2487.52,3.917,-25.291,13.764,-0.485,-0.519,0.704,0.823,-0.235,-0.516,2459.19,-3.245,0.224,5.260,-0.948,0.191,0.255,0.210,0.828,-0.521,2437.99,-0.336,-4.029,3.133,-0.525,-0.120,0.843,0.835,-0.455,-0.309,9.917,-0.626,4.733,0.840,0.814,-0.359,-0.457,10.820,-11.221,-0.672,2.000,scissors
42.243917,0.378,0.880,-0.289,2585.56,-5.931,-14.995,8.057,-0.620,-0.722,0.306,0.244,0.682,-0.690,2386.46,0.224,-19.472,10.519,-0.476,-0.523,0.707,0.819,-0.222,-0.530,2509.29,-2.686,0.895,3.021,-0.956,0.194,0.221,0.203,0.837,-0.508,2420.47,-1.119,-2.798,2.126,-0.519,-0.117,0.847,0.834,-0.460,-0.306,9.904,2.534,5.145,0.809,0.815,-0.364,-0.450,10.731,-7.832,-0.534,1.893,scissors
42.244001,0.387,0.866,-0.317,2546.66,-3.245,-4.252,1.119,-0.618,-0.717,0.323,0.248,0.664,-0.705,2420.23,-3.469,-10.407,6.602,-0.499,-0.519,0.694,0.824,-0.205,-0.528,2480.84,-2.350,-0.224,-1.567,-0.950,0.193,0.247,0.204,0.843,-0.498,2451.07,-2.910,-0.783,0.671,-0.521,-0.118,0.845,0.833,-0.460,-0.307,9.862,4.580,4.489,0.534,0.812,-0.363,-0.456,10.718,-5.939,-1.206,1.542,scissors
42.248990,0.390,0.859,-0.331,2553.70,-2.798,-0.448,0.224,-0.637,-0.708,0.307,0.245,0.679,-0.692,2452.87,-4.588,-2.686,4.700,-0.481,-0.522,0.704,0.827,-0.228,-0.514,2449.41,-1.231,-0.895,-2.238,-0.964,0.169,0.206,0.204,0.846,-0.493,2454.56,-2.686,0.224,0.448,-0.523,-0.119,0.844,0.836,-0.454,-0.310,9.836,5.130,3.038,-0.092,0.816,-0.358,-0.455,10.706,-4.779,-2.489,0.214,scissors
42.271053,0.387,0.861,-0.329,2571.76,-1.567,2.910,0.224,-0.632,-0.705,0.321,0.260,0.642,-0.721,2502.59,-0.336,3.917,-0.783,-0.503,-0.515,0.695,0.821,-0.222,-0.526,2467.45,-0.448,-1.007,-2.350,-0.951,0.180,0.253,0.208,0.845,-0.493,2456.62,0.224,1.790,0.448,-0.522,-0.118,0.845,0.839,-0.446,-0.310,9.820,6.229,-0.214,-0.565,0.821,-0.345,-0.455,10.681,-3.802,-3.649,-1.206,scissors
42.293765,0.420,0.820,-0.388,2557.16,0.336,2.574,0.112,-0.632,-0.719,0.288,0.291,0.576,-0.764,2566.82,-1.007,0.448,1.119,-0.497,-0.503,0.708,0.798,-0.267,-0.540,2534.75,3.133,-1.679,-1.119,-0.960,0.176,0.218,0.220,0.833,-0.508,2457.18,2.238,2.462,-0.448,-0.529,-0.125,0.839,0.836,-0.437,-0.332,9.840,4.046,-0.641,-0.748,0.811,-0.343,-0.474,10.694,-6.718,-4.763,-0.611,scissors
42.315666,0.405,0.843,-0.355,2604.77,-2.238,-0.895,2.238,-0.640,-0.710,0.295,0.254,0.643,-0.723,2484.07,-0.448,-2.462,2.350,-0.488,-0.512,0.707,0.817,-0.258,-0.515,2465.54,1.679,-1.902,0.224,-0.959,0.169,0.228,0.209,0.827,-0.522,2450.65,0.895,0.671,0.448,-0.524,-0.123,0.843,0.836,-0.449,-0.315,9.990,5.695,-1.023,-0.855,0.815,-0.351,-0.460,10.905,-4.656,-5.023,-0.824,scissors
42.339282,0.399,0.855,-0.331,2522.61,0.560,2.910,-1.007,-0.654,-0.694,0.301,0.270,0.611,-0.744,2516.39,-0.783,3.469,-0.671,-0.490,-0.517,0.703,0.825,-0.215,-0.523,2502.82,0.000,-0.112,-2.350,-0.945,0.189,0.266,0.211,0.833,-0.512,2423.02,-1.343,0.336,0.000,-0.525,-0.114,0.844,0.836,-0.452,-0.310,9.855,8.947,0.901,0.473,0.815,-0.353,-0.460,10.744,-1.649,-3.359,0.198,scissors
42.750024,0.402,0.841,-0.362,2552.66,-1.902,4.364,-2.350,-0.639,-0.709,0.298,0.272,0.625,-0.732,2572.30,-3.917,-0.671,0.560,-0.503,-0.521,0.690,0.815,-0.252,-0.523,2449.31,2.126,-0.671,-5.148,-0.955,0.180,0.234,0.222,0.834,-0.504,2476.06,-3.245,1.567,-1.231,-0.535,-0.131,0.835,0.841,-0.434,-0.324,9.817,6.321,-0.885,-0.809,0.819,-0.338,-0.465,10.690,-4.198,-4.931,-0.916,scissors
42.750176,0.424,0.824,-0.377,2582.19,-0.560,0.000,0.224,-0.623,-0.727,0.288,0.288,0.600,-0.747,2533.47,-0.112,-2.798,1.231,-0.489,-0.534,0.689,0.808,-0.261,-0.528,2517.50,2.910,-0.336,-1.231,-0.956,0.177,0.232,0.227,0.830,-0.510,2467.57,-0.448,1.119,-0.112,-0.523,-0.120,0.844,0.837,-0.441,-0.325,9.933,3.160,1.115,-1.237,0.813,-0.346,-0.469,10.826,-7.344,-2.565,-1.344,scissors
42.750287,0.421,0.826,-0.374,2574.58,0.224,-4.924,0.671,-0.624,-0.715,0.316,0.288,0.574,-0.767,2596.29,-1.231,-9.512,6.826,-0.485,-0.523,0.701,0.828,-0.240,-0.507,2445.39,-0.336,-1.007,2.574,-0.950,0.193,0.247,0.214,0.830,-0.516,2479.73,2.014,-1.567,0.671,-0.525,-0.120,0.843,0.838,-0.438,-0.326,9.929,3.389,0.733,-2.122,0.815,-0.343,-0.468,10.804,-8.260,-4.962,-0.794,scissors
42.750391,0.420,0.824,-0.381,2606.24,-0.336,-6.491,1.679,-0.617,-0.721,0.316,0.261,0.628,-0.733,2526.67,-2.014,-14.883,9.736,-0.485,-0.523,0.701,0.817,-0.241,-0.524,2515.38,4.252,0.448,3.245,-0.952,0.196,0.236,0.216,0.826,-0.521,2454.07,2.126,-2.350,1.231,-0.532,-0.122,0.838,0.840,-0.442,-0.314,9.893,2.107,2.244,-1.878,0.818,-0.345,-0.460,10.758,-9.573,-3.893,-0.366,scissors
42.750487,0.434,0.796,-0.422,2633.25,2.686,-11.526,1.679,-0.631,-0.713,0.304,0.277,0.602,-0.749,2525.00,-1.007,-11.526,6.826,-0.490,-0.510,0.707,0.824,-0.229,-0.518,2432.90,4.364,0.448,3.581,-0.960,0.184,0.211,0.223,0.828,-0.514,2469.61,0.671,-2.686,1.679,-0.526,-0.122,0.842,0.842,-0.435,-0.318,9.751,0.198,1.450,-2.947,0.817,-0.341,-0.465,10.643,-11.893,-5.313,-0.824,scissors
42.750576,0.473,0.740,-0.479,2688.48,8.169,-23.724,7.945,-0.649,-0.692,0.316,0.296,0.545,-0.785,2661.91,1.231,-16.338,11.079,-0.495,-0.511,0.702,0.800,-0.277,-0.532,2479.24,5.595,0.783,7.162,-0.944,0.181,0.275,0.228,0.833,-0.504,2457.93,3.581,-3.469,2.014,-0.519,-0.112,0.847,0.846,-0.426,-0.320,9.938,-4.229,2.183,-2.031,0.821,-0.325,-0.469,10.834,-15.908,-3.740,-0.260,scissors
42.750662,0.487,0.693,-0.532,2771.77,10.072,-53.827,26.857,-0.628,-0.704,0.334,0.271,0.584,-0.765,2614.85,3.021,-30.662,16.898,-0.490,-0.517,0.703,0.802,-0.285,-0.525,2512.21,5.483,-0.560,9.176,-0.943,0.183,0.277,0.223,0.821,-0.526,2468.19,6.043,-6.043,2.686,-0.526,-0.114,0.843,0.837,-0.433,-0.335,9.932,-5.542,4.321,-2.977,0.811,-0.338,-0.478,10.837,-17.603,-1.664,-0.809,scissors
42.750744,0.423,0.815,-0.396,2559.81,3.581,-57.520,25.626,-0.647,-0.700,0.302,0.246,0.632,-0.735,2681.33,7.386,-33.012,16.450,-0.500,-0.504,0.704,0.812,-0.263,-0.521,2530.26,3.021,1.231,9.848,-0.955,0.185,0.234,0.206,0.826,-0.524,2477.12,5.819,-5.371,2.126,-0.524,-0.110,0.845,0.842,-0.448,-0.301,10.084,-3.863,2.656,-3.481,0.826,-0.351,-0.442,10.915,-14.702,-1.176,-2.565,scissors
42.750831,0.448,0.741,-0.500,2593.26,8.729,-70.389,40.286,-0.642,-0.692,0.330,0.218,0.685,-0.695,2804.65,6.155,-51.924,22.941,-0.477,-0.502,0.722,0.808,-0.230,-0.543,2591.66,2.798,-3.021,6.826,-0.951,0.230,0.204,0.212,0.835,-0.507,2461.42,5.036,-1.790,-0.336,-0.524,-0.106,0.845,0.852,-0.436,-0.291,10.045,-6.214,1.603,-1.084,0.829,-0.337,-0.446,10.948,-15.069,2.794,-2.962,scissors
42.750913,0.367,0.880,-0.301,2683.75,4.141,-91.203,55.170,-0.661,-0.666,0.345,0.192,0.716,-0.671,2571.31,22.717,-50.470,0.000,-0.474,-0.497,0.727,0.801,-0.243,-0.547,2501.98,5.595,-10.072,3.581,-0.945,0.238,0.224,0.209,0.828,-0.520,2495.74,5.148,0.783,-3.581,-0.528,-0.114,0.842,0.832,-0.467,-0.301,10.209,-2.092,-5.282,0.855,0.825,-0.360,-0.436,11.024,-12.763,-2.275,-1.542,scissors
42.750993,0.363,0.902,-0.234,2608.07,8.729,-75.089,43.308,-0.653,-0.653,0.383,0.213,0.629,-0.748,2227.79,19.584,-30.886,-7.162,-0.473,-0.486,0.735,0.820,-0.191,-0.540,2516.88,3.021,-10.743,1.679,-0.953,0.217,0.212,0.203,0.837,-0.508,2420.47,7.722,0.560,-3.245,-0.524,-0.116,0.844,0.825,-0.482,-0.293,9.987,1.282,-7.115,8.550,0.808,-0.386,-0.446,10.772,-7.359,0.718,2.641,scissors
42.751075,0.390,0.856,-0.339,2381.17,12.981,-45.993,29.767,-0.651,-0.654,0.384,0.220,0.589,-0.778,2595.83,7.722,-26.074,-4.476,-0.452,-0.470,0.758,0.841,-0.135,-0.523,2313.31,4.252,-11.974,-5.707,-0.948,0.217,0.234,0.202,0.830,-0.520,2383.78,2.014,5.036,-3.917,-0.528,-0.105,0.843,0.829,-0.443,-0.342,9.433,8.336,-6.718,3.206,0.805,-0.351,-0.479,10.319,-3.405,-5.160,0.534,scissors
42.751162,0.370,0.877,-0.306,2480.38,1.679,-28.536,17.905,-0.652,-0.656,0.381,0.195,0.621,-0.759,2428.66,11.079,-30.662,-5.371,-0.446,-0.487,0.751,0.803,-0.305,-0.512,2347.47,16.898,-8.057,-13.653,-0.955,0.205,0.213,0.205,0.833,-0.515,2446.52,2.126,7.386,-4.588,-0.526,-0.112,0.843,0.827,-0.444,-0.345,9.558,9.405,-6.611,-4.840,0.807,-0.346,-0.478,10.435,-3.664,-9.115,-3.679,scissors
42.751248,0.394,0.831,-0.392,2581.42,5.819,-13.988,8.393,-0.641,-0.648,0.411,0.189,0.626,-0.756,2347.05,12.869,-31.110,0.783,-0.451,-0.482,0.751,0.798,-0.289,-0.529,2438.86,17.905,-3.021,-7.274,-0.941,0.219,0.258,0.216,0.820,-0.530,2412.42,4.812,6.043,-3.245,-0.527,-0.107,0.843,0.839,-0.430,-0.334,9.829,7.679,-4.076,-6.397,0.821,-0.326,-0.468,10.774,-4.412,-8.809,-4.137,scissors
42.751329,0.431,0.775,-0.462,2427.05,3.693,-8.281,5.707,-0.660,-0.644,0.388,0.190,0.535,-0.823,2287.40,11.750,-20.479,-6.043,-0.416,-0.473,0.777,0.792,-0.289,-0.538,2505.79,13.541,0.224,-6.155,-0.949,0.211,0.234,0.216,0.816,-0.536,2459.91,4.476,3.581,-1.007,-0.522,-0.105,0.846,0.843,-0.421,-0.334,9.927,3.786,0.962,-4.595,0.823,-0.319,-0.470,10.861,-6.718,-5.084,-3.588,scissors
42.751410,0.402,0.803,-0.439,2596.73,-3.581,-5.707,7.498,-0.662,-0.620,0.421,0.187,0.516,-0.836,2276.55,5.931,-11.302,1.343,-0.446,-0.471,0.761,0.791,-0.303,-0.531,2521.24,4.700,-0.336,-2.126,-0.942,0.213,0.259,0.205,0.811,-0.548,2440.03,2.574,0.000,0.336,-0.530,-0.112,0.840,0.837,-0.434,-0.333,9.930,4.611,3.954,-3.939,0.817,-0.335,-0.469,10.853,-6.183,-3.756,-2.901,scissors
42.751491,0.411,0.798,-0.440,2566.77,-1.231,-0.671,-1.455,-0.667,-0.623,0.409,0.155,0.626,-0.764,2488.61,-3.021,-6.267,7.274,-0.422,-0.471,0.775,0.806,-0.264,-0.530,2488.00,3.133,1.231,-1.119,-0.940,0.222,0.260,0.208,0.823,-0.529,2453.21,-2.238,-1.231,-0.224,-0.523,-0.104,0.846,0.842,-0.435,-0.320,9.898,5.099,4.550,-2.519,0.823,-0.331,-0.462,10.817,-5.099,-2.473,-2.092,scissors
42.753010,0.410,0.807,-0.424,2524.22,-1.679,-0.783,-0.224,-0.664,-0.626,0.410,0.169,0.603,-0.780,2453.41,-0.895,-1.007,0.783,-0.437,-0.471,0.766,0.807,-0.257,-0.531,2483.05,0.336,0.336,-2.910,-0.954,0.232,0.189,0.209,0.827,-0.522,2450.65,-2.350,-1.119,0.224,-0.527,-0.103,0.843,0.834,-0.447,-0.323,9.853,4.794,4.473,-1.374,0.818,-0.345,-0.461,10.733,-5.008,-1.664,-1.496,scissors
42.753132,0.416,0.799,-0.434,2538.12,-1.567,3.357,-1.007,-0.677,-0.627,0.385,0.190,0.571,-0.799,2490.79,0.224,3.917,-2.798,-0.433,-0.471,0.769,0.824,-0.235,-0.516,2421.81,-2.014,-0.112,-2.686,-0.950,0.230,0.211,0.213,0.831,-0.514,2450.69,-2.126,-0.895,0.560,-0.526,-0.105,0.844,0.830,-0.447,-0.335,9.802,5.481,2.321,-2.137,0.813,-0.347,-0.467,10.644,-5.282,-4.397,-1.344,scissors
42.767235,0.413,0.802,-0.431,2554.14,-3.245,2.910,-1.343,-0.665,-0.633,0.396,0.175,0.594,-0.785,2423.19,-1.119,3.469,0.671,-0.417,-0.480,0.772,0.806,-0.290,-0.516,2462.59,4.924,1.455,-2.350,-0.959,0.199,0.200,0.211,0.826,-0.523,2466.24,-1.902,-0.448,1.007,-0.522,-0.107,0.846,0.840,-0.441,-0.316,9.857,5.878,0.672,-1.206,0.824,-0.336,-0.456,10.773,-4.931,-5.145,0.519,scissors
42.790288,0.426,0.780,-0.459,2526.29,-0.448,3.357,0.448,-0.667,-0.612,0.425,0.183,0.604,-0.776,2693.34,1.455,3.469,-4.924,-0.431,-0.460,0.777,0.803,-0.253,-0.539,2519.23,-3.917,2.238,-2.350,-0.945,0.213,0.249,0.216,0.824,-0.524,2459.30,-0.783,0.448,1.902,-0.532,-0.108,0.840,0.840,-0.435,-0.324,10.004,4.626,1.817,-0.198,0.825,-0.332,-0.458,10.874,-5.740,-2.840,0.260,scissors
42.812830,0.403,0.805,-0.436,2617.65,-0.560,2.126,-0.112,-0.656,-0.633,0.411,0.190,0.540,-0.820,2392.38,2.238,-0.224,-5.260,-0.423,-0.475,0.771,0.811,-0.250,-0.530,2509.29,-4.588,1.231,-1.455,-0.947,0.204,0.249,0.212,0.820,-0.531,2461.44,-1.455,-0.224,1.119,-0.529,-0.111,0.841,0.839,-0.438,-0.324,9.900,5.511,2.305,1.099,0.822,-0.338,-0.459,10.768,-4.870,-1.924,0.489,scissors
42.835151,0.416,0.803,-0.427,2488.99,-2.350,5.036,-3.245,-0.671,-0.619,0.407,0.186,0.566,-0.803,2441.06,-2.798,4.252,0.895,-0.429,-0.474,0.769,0.810,-0.268,-0.522,2451.32,-4.476,0.783,-1.679,-0.945,0.214,0.245,0.214,0.827,-0.520,2440.11,-3.245,-0.671,1.343,-0.524,-0.106,0.845,0.838,-0.442,-0.321,9.817,5.740,2.153,1.939,0.822,-0.339,-0.458,10.711,-4.718,-2.595,1.405,scissors
43.257948,0.420,0.786,-0.454,2556.82,-5.595,4.029,-1.231,-0.678,-0.623,0.391,0.185,0.573,-0.798,2394.84,-3.917,3.917,4.029,-0.417,-0.484,0.769,0.805,-0.258,-0.535,2504.09,-2.686,1.679,-2.014,-0.952,0.208,0.222,0.217,0.825,-0.522,2448.30,-3.245,-1.119,2.126,-0.529,-0.113,0.841,0.833,-0.447,-0.326,9.843,5.618,2.687,2.260,0.816,-0.346,-0.463,10.715,-4.794,-2.351,1.771,scissors
43.258100,0.404,0.822,-0.402,2516.95,-6.602,8.505,-3.021,-0.654,-0.642,0.400,0.178,0.623,-0.762,2612.76,-7.386,7.050,7.498,-0.441,-0.467,0.766,0.819,-0.251,-0.516,2423.05,-2.462,0.895,-1.567,-0.945,0.189,0.266,0.210,0.829,-0.518,2432.80,-3.805,-1.119,2.126,-0.524,-0.110,0.844,0.834,-0.446,-0.326,9.798,7.466,0.427,1.573,0.818,-0.343,-0.462,10.673,-3.725,-4.931,1.756,scissors
43.258198,0.417,0.798,-0.435,2529.34,-5.483,10.072,-2.686,-0.648,-0.646,0.404,0.193,0.582,-0.790,2456.25,-3.917,3.917,3.133,-0.440,-0.473,0.763,0.811,-0.256,-0.527,2485.85,1.007,2.686,-1.567,-0.953,0.202,0.224,0.215,0.830,-0.515,2465.45,-3.357,0.783,2.014,-0.523,-0.107,0.846,0.838,-0.448,-0.313,9.901,7.344,-0.046,1.237,0.823,-0.345,-0.452,10.793,-3.511,-4.977,1.450,scissors
43.258283,0.415,0.812,-0.410,2567.55,-3.245,10.855,-3.581,-0.662,-0.630,0.406,0.212,0.541,-0.814,2553.24,-5.371,2.910,6.155,-0.431,-0.481,0.764,0.818,-0.227,-0.528,2498.88,-3.581,1.567,-1.119,-0.955,0.185,0.234,0.220,0.828,-0.516,2459.12,-2.798,0.560,1.007,-0.530,-0.115,0.840,0.839,-0.440,-0.320,9.892,6.748,1.756,1.985,0.821,-0.338,-0.460,10.799,-4.076,-3.344,1.878,scissors
43.258365,0.421,0.785,-0.454,2621.45,-4.924,9.960,-2.910,-0.671,-0.646,0.364,0.189,0.584,-0.789,2397.62,-8.057,-4.029,11.414,-0.437,-0.468,0.768,0.824,-0.249,-0.509,2434.35,-1.790,0.112,-1.679,-0.960,0.197,0.199,0.215,0.828,-0.518,2470.61,-2.798,0.000,1.119,-0.533,-0.116,0.838,0.838,-0.438,-0.327,9.865,6.504,0.641,0.809,0.820,-0.336,-0.464,10.769,-4.626,-5.313,1.084,scissors
43.259784,0.424,0.794,-0.435,2554.65,-4.364,8.169,-4.141,-0.675,-0.644,0.360,0.182,0.639,-0.748,2608.20,-8.169,5.371,10.519,-0.451,-0.472,0.758,0.812,-0.249,-0.528,2480.81,1.567,2.238,0.000,-0.950,0.216,0.224,0.212,0.829,-0.517,2455.84,-1.679,-0.671,1.790,-0.530,-0.115,0.840,0.844,-0.435,-0.315,9.865,5.496,1.206,0.947,0.828,-0.331,-0.453,10.764,-5.130,-4.244,0.672,scissors
43.259902,0.440,0.761,-0.477,2575.51,-3.021,7.050,-2.910,-0.665,-0.652,0.363,0.223,0.526,-0.820,2735.41,-3.357,-2.574,6.602,-0.441,-0.480,0.758,0.798,-0.273,-0.537,2511.52,0.783,1.455,-0.895,-0.953,0.205,0.222,0.222,0.830,-0.512,2478.73,-1.119,-1.343,1.343,-0.526,-0.113,0.843,0.835,-0.439,-0.331,9.888,3.008,1.740,0.107,0.817,-0.342,-0.465,10.739,-7.466,-3.298,-0.824,scissors
43.260003,0.414,0.811,-0.413,2571.67,-3.469,2.126,-1.007,-0.672,-0.646,0.363,0.196,0.587,-0.786,2421.06,-6.602,-8.281,13.764,-0.449,-0.481,0.753,0.821,-0.243,-0.517,2455.51,-2.014,-0.671,4.924,-0.954,0.191,0.233,0.212,0.829,-0.517,2455.84,-1.231,-3.021,0.671,-0.534,-0.113,0.838,0.834,-0.448,-0.323,9.924,4.046,1.466,0.290,0.819,-0.347,-0.458,10.784,-6.901,-4.198,-0.031,scissors
43.260090,0.430,0.793,-0.433,2522.17,-3.805,4.029,-1.567,-0.666,-0.640,0.383,0.200,0.601,-0.774,2559.10,-8.057,-11.414,15.779,-0.453,-0.476,0.754,0.814,-0.252,-0.522,2486.19,0.112,0.560,2.126,-0.953,0.195,0.231,0.217,0.830,-0.513,2452.01,-0.112,-2.462,1.455,-0.531,-0.108,0.841,0.836,-0.447,-0.318,9.885,3.481,2.427,0.916,0.822,-0.339,-0.457,10.759,-7.160,-2.489,0.168,scissors
43.260174,0.418,0.793,-0.443,2642.15,-3.469,-0.671,-0.560,-0.660,-0.648,0.380,0.206,0.586,-0.784,2440.79,-6.826,-10.519,14.995,-0.450,-0.472,0.758,0.814,-0.257,-0.521,2475.90,-0.671,0.000,2.350,-0.945,0.202,0.257,0.219,0.829,-0.514,2467.40,-1.119,-2.014,1.343,-0.525,-0.110,0.844,0.831,-0.453,-0.324,9.889,3.466,2.229,0.031,0.816,-0.350,-0.460,10.749,-7.664,-3.298,-0.412,scissors
43.260257,0.401,0.836,-0.373,2530.83,-2.798,2.238,-1.679,-0.672,-0.642,0.370,0.205,0.585,-0.785,2360.16,-10.743,-7.722,20.367,-0.461,-0.474,0.750,0.817,-0.250,-0.519,2465.63,-0.783,-0.671,3.693,-0.959,0.202,0.200,0.210,0.835,-0.508,2438.87,-1.007,-1.455,0.783,-0.534,-0.116,0.838,0.829,-0.464,-0.314,9.831,5.969,1.008,0.015,0.816,-0.362,-0.451,10.705,-5.252,-4.779,0.275,scissors
43.260343,0.410,0.827,-0.386,2523.76,-3.133,5.260,-3.245,-0.662,-0.644,0.384,0.197,0.630,-0.751,2505.01,-15.219,-6.379,22.605,-0.477,-0.480,0.736,0.819,-0.236,-0.523,2447.96,1.455,0.112,2.350,-0.938,0.252,0.238,0.211,0.837,-0.504,2419.54,-1.231,-0.895,0.560,-0.535,-0.116,0.837,0.835,-0.452,-0.313,9.790,7.206,0.672,0.351,0.821,-0.349,-0.452,10.634,-4.046,-4.641,0.718,scissors
43.260428,0.427,0.788,-0.445,2563.75,-3.133,4.700,-1.007,-0.675,-0.630,0.385,0.192,0.650,-0.736,2623.92,-8.952,-7.498,13.541,-0.464,-0.475,0.748,0.816,-0.244,-0.524,2444.35,1.007,0.224,-1.119,-0.951,0.202,0.235,0.215,0.836,-0.505,2471.91,-2.126,1.007,0.000,-0.527,-0.108,0.843,0.837,-0.444,-0.321,9.861,5.206,-0.336,-0.855,0.823,-0.339,-0.456,10.743,-5.634,-4.977,-0.840,scissors
43.262263,0.412,0.808,-0.422,2632.35,-1.119,1.343,-0.224,-0.660,-0.648,0.380,0.214,0.571,-0.792,2486.60,-3.357,-6.379,10.519,-0.486,-0.483,0.729,0.808,-0.264,-0.527,2482.71,1.902,-0.671,1.007,-0.939,0.236,0.249,0.219,0.831,-0.511,2462.27,1.455,0.783,0.783,-0.530,-0.108,0.841,0.834,-0.451,-0.319,9.977,5.160,0.183,-0.458,0.819,-0.346,-0.457,10.868,-5.466,-3.649,-1.176,scissors
43.262375,0.414,0.815,-0.405,2525.07,-1.007,3.245,-2.462,-0.671,-0.646,0.363,0.199,0.605,-0.771,2429.47,-7.274,-6.602,13.988,-0.466,-0.469,0.750,0.820,-0.250,-0.514,2468.65,0.671,-0.448,1.007,-0.941,0.211,0.265,0.213,0.825,-0.523,2445.32,1.007,0.224,0.671,-0.529,-0.112,0.841,0.833,-0.450,-0.322,9.866,6.840,0.504,0.397,0.818,-0.345,-0.459,10.753,-4.061,-3.847,0.351,scissors
43.262467,0.426,0.799,-0.424,2525.67,-2.350,7.498,-3.581,-0.660,-0.644,0.388,0.175,0.686,-0.706,2541.08,-7.274,0.000,8.841,-0.474,-0.470,0.744,0.811,-0.265,-0.522,2472.74,-2.126,0.448,-1.679,-0.954,0.211,0.212,0.212,0.832,-0.512,2459.01,-1.455,1.007,1.007,-0.526,-0.108,0.843,0.833,-0.451,-0.321,9.826,6.733,-0.397,0.290,0.819,-0.349,-0.456,10.702,-3.924,-4.305,-0.122,scissors
43.262552,0.396,0.841,-0.369,2588.00,-2.462,6.155,-1.679,-0.653,-0.653,0.383,0.197,0.642,-0.741,2501.82,-0.448,8.281,-0.671,-0.472,-0.469,0.747,0.818,-0.245,-0.521,2476.52,-2.126,0.448,-1.007,-0.953,0.194,0.233,0.208,0.836,-0.508,2459.32,-2.014,1.231,0.560,-0.528,-0.109,0.842,0.831,-0.459,-0.315,9.824,7.664,-1.832,-0.733,0.820,-0.355,-0.449,10.683,-2.809,-5.374,-1.023,scissors
43.263995,0.426,0.807,-0.409,2525.50,1.455,9.736,-3.917,-0.660,-0.648,0.380,0.210,0.618,-0.757,2536.12,0.336,10.407,-4.029,-0.490,-0.475,0.731,0.818,-0.243,-0.522,2452.52,-0.783,-0.224,-2.350,-0.945,0.228,0.236,0.213,0.836,-0.506,2449.34,-1.343,1.902,-0.336,-0.532,-0.112,0.839,0.830,-0.455,-0.322,9.801,8.168,-3.176,-0.962,0.818,-0.350,-0.457,10.686,-2.260,-6.473,-1.160,scissors
43.264108,0.404,0.839,-0.364,2511.76,-0.112,12.198,-3.357,-0.671,-0.661,0.336,0.166,0.717,-0.677,2446.67,2.126,13.205,-7.386,-0.481,-0.483,0.731,0.812,-0.263,-0.521,2455.96,-2.574,0.224,-2.574,-0.957,0.170,0.234,0.212,0.833,-0.510,2410.42,0.336,2.462,0.112,-0.531,-0.117,0.840,0.830,-0.459,-0.316,9.875,8.458,-3.832,0.672,0.823,-0.351,-0.447,10.748,-0.626,-4.916,-0.382,scissors
43.264200,0.411,0.817,-0.405,2545.45,1.902,18.017,-4.364,-0.656,-0.666,0.355,0.184,0.695,-0.695,2524.25,6.155,26.410,-19.248,-0.489,-0.477,0.731,0.811,-0.253,-0.527,2482.50,-9.960,-0.112,-4.812,-0.940,0.210,0.270,0.218,0.832,-0.509,2433.98,-0.336,4.252,1.007,-0.524,-0.109,0.845,0.837,-0.443,-0.319,9.858,7.954,-3.740,1.084,0.823,-0.337,-0.458,10.751,-0.947,-3.863,-0.779,scissors
43.274819,0.406,0.825,-0.393,2650.35,-1.902,20.926,-10.295,-0.665,-0.658,0.353,0.255,0.500,-0.828,2510.02,9.176,28.536,-24.507,-0.470,-0.482,0.740,0.798,-0.282,-0.532,2497.86,-10.631,-0.336,-3.693,-0.955,0.197,0.221,0.230,0.830,-0.508,2477.32,-1.007,5.036,0.671,-0.529,-0.113,0.841,0.834,-0.442,-0.330,9.870,4.763,-0.260,-0.550,0.819,-0.338,-0.464,10.782,-5.527,-2.122,-0.412,scissors
43.298123,0.433,0.811,-0.394,2573.47,-3.805,33.572,-27.641,-0.666,-0.656,0.355,0.245,0.546,-0.801,2655.02,3.917,20.814,-12.981,-0.478,-0.486,0.732,0.819,-0.259,-0.512,2459.59,-13.876,-0.448,-0.224,-0.960,0.171,0.220,0.228,0.816,-0.532,2497.57,1.679,1.790,1.679,-0.522,-0.107,0.846,0.840,-0.446,-0.309,9.875,3.496,-0.794,0.672,0.832,-0.332,-0.445,10.790,-6.321,-3.282,1.771,scissors
43.319603,0.458,0.728,-0.509,2622.56,2.910,5.148,1.679,-0.674,-0.649,0.354,0.220,0.618,-0.755,2727.62,6.379,1.343,-12.310,-0.484,-0.470,0.738,0.800,-0.244,-0.548,2530.57,-23.836,-1.343,1.455,-0.936,0.199,0.289,0.230,0.825,-0.516,2480.11,0.448,1.343,1.679,-0.532,-0.114,0.839,0.830,-0.445,-0.335,9.946,0.107,1.527,-0.824,0.819,-0.340,-0.461,10.840,-10.076,-1.740,0.534,scissors
43.342766,0.414,0.820,-0.395,2688.21,2.574,-3.469,3.917,-0.663,-0.654,0.366,0.283,0.409,-0.868,2609.78,10.519,-7.050,-9.624,-0.476,-0.484,0.734,0.821,-0.238,-0.519,2465.91,-20.926,-0.112,8.169,-0.953,0.182,0.244,0.239,0.828,-0.508,2460.13,-0.560,-0.224,0.448,-0.535,-0.117,0.837,0.841,-0.438,-0.318,9.913,-0.901,4.183,-0.290,0.828,-0.327,-0.455,10.861,-12.137,0.000,2.214,scissors
43.770122,0.500,0.686,-0.528,2640.41,2.126,-10.743,5.260,-0.655,-0.680,0.330,0.334,0.249,-0.909,3419.60,0.448,-53.043,21.822,-0.437,-0.475,0.764,0.820,-0.221,-0.528,2480.93,-24.731,0.895,9.960,-0.951,0.206,0.233,0.262,0.818,-0.512,2476.88,2.686,-1.679,1.343,-0.534,-0.113,0.838,0.854,-0.393,-0.341,10.033,-7.420,10.321,1.664,0.831,-0.283,-0.479,11.072,-19.740,4.794,4.611,scissors
43.770318,0.460,0.721,-0.518,2826.80,-5.371,-35.362,17.122,-0.663,-0.660,0.354,0.266,0.489,-0.831,3105.24,-5.483,-112.242,44.203,-0.453,-0.477,0.753,0.768,-0.330,-0.549,2582.64,-13.205,0.560,9.624,-0.945,0.186,0.269,0.252,0.786,-0.564,2528.37,2.126,-11.079,3.021,-0.535,-0.116,0.837,0.833,-0.416,-0.365,10.038,-14.336,12.901,-1.969,0.816,-0.326,-0.477,10.917,-26.672,6.824,0.290,scissors
43.770420,0.427,0.755,-0.497,2883.32,-2.910,-57.855,26.298,-0.668,-0.675,0.315,0.156,0.650,-0.744,2412.89,6.714,-83.706,27.865,-0.451,-0.459,0.765,0.826,-0.154,-0.542,2543.65,-18.353,-4.029,18.576,-0.947,0.230,0.224,0.201,0.823,-0.531,2592.59,5.260,-12.198,1.455,-0.533,-0.105,0.840,0.833,-0.475,-0.283,10.160,-10.794,9.527,-5.160,0.832,-0.370,-0.414,11.016,-22.656,6.504,-3.023,scissors
43.770511,0.378,0.848,-0.373,2611.65,7.050,-74.417,32.788,-0.668,-0.639,0.381,0.136,0.693,-0.708,2826.63,0.224,-102.506,33.124,-0.426,-0.430,0.796,0.826,-0.129,-0.549,2581.51,-6.826,-10.855,15.107,-0.945,0.192,0.264,0.178,0.858,-0.482,2431.07,8.841,-0.671,-4.141,-0.538,-0.108,0.836,0.815,-0.503,-0.287,9.719,-1.756,5.221,-4.229,0.818,-0.403,-0.410,10.467,-12.656,3.634,-2.977,scissors
43.770597,0.382,0.866,-0.324,2581.92,18.912,-77.103,36.369,-0.660,-0.637,0.398,0.119,0.706,-0.698,2485.65,6.043,-104.296,16.674,-0.423,-0.443,0.791,0.829,-0.135,-0.543,2394.15,-0.895,-20.031,1.902,-0.943,0.195,0.271,0.177,0.869,-0.463,2447.20,6.826,7.945,-8.729,-0.533,-0.101,0.840,0.835,-0.469,-0.288,9.501,-0.870,-4.595,-3.466,0.827,-0.367,-0.426,10.378,-10.718,-0.443,-6.962,scissors
43.770682,0.436,0.746,-0.504,2534.10,22.829,-79.565,37.600,-0.680,-0.612,0.404,0.116,0.640,-0.759,2309.93,10.183,-98.029,12.310,-0.407,-0.449,0.795,0.799,-0.231,-0.555,2411.97,12.310,-20.926,-3.245,-0.946,0.203,0.254,0.229,0.833,-0.503,2443.73,12.086,15.107,-7.722,-0.538,-0.104,0.837,0.835,-0.434,-0.337,9.604,-1.588,-5.496,-5.863,0.829,-0.328,-0.452,10.417,-14.687,-6.885,-8.336,scissors
43.770768,0.406,0.819,-0.405,2500.55,10.743,-77.551,39.838,-0.655,-0.623,0.427,0.048,0.619,-0.784,2087.71,9.064,-74.194,11.862,-0.370,-0.430,0.824,0.786,-0.246,-0.567,2550.31,17.569,-18.464,0.560,-0.947,0.191,0.257,0.225,0.822,-0.523,2444.26,17.681,11.079,-3.805,-0.535,-0.103,0.838,0.837,-0.435,-0.331,10.068,-4.382,-6.580,-5.954,0.827,-0.321,-0.462,10.946,-18.779,-4.015,-13.511,scissors
43.770961,0.444,0.710,-0.547,2552.07,9.400,-73.634,35.250,-0.664,-0.587,0.463,0.066,0.589,-0.806,2580.41,3.357,-63.115,14.212,-0.348,-0.407,0.845,0.778,-0.282,-0.561,2436.56,17.122,-23.724,4.924,-0.948,0.199,0.246,0.205,0.807,-0.553,2400.11,14.548,7.722,-3.581,-0.534,-0.096,0.840,0.836,-0.430,-0.341,10.067,2.534,-5.130,-6.992,0.823,-0.332,-0.462,10.997,-15.374,-2.260,-14.458,scissors
43.771108,0.348,0.875,-0.336,2577.09,-2.238,-58.639,28.200,-0.643,-0.596,0.481,0.001,0.689,-0.725,2503.24,0.000,-56.401,4.364,-0.343,-0.416,0.842,0.790,-0.228,-0.570,2487.53,14.660,-23.948,5.148,-0.943,0.202,0.266,0.196,0.823,-0.533,2453.48,7.722,10.743,-8.729,-0.535,-0.098,0.839,0.831,-0.457,-0.317,9.957,14.931,-2.962,-11.038,0.830,-0.349,-0.436,10.825,-7.802,-7.450,-10.427,scissors
43.771224,0.342,0.866,-0.365,2909.51,-0.224,-45.658,11.191,-0.656,-0.575,0.489,0.014,0.626,-0.780,2363.28,-6.379,-44.762,-3.469,-0.350,-0.410,0.842,0.790,-0.211,-0.576,2512.17,21.150,-26.522,-2.350,-0.930,0.228,0.289,0.185,0.828,-0.529,2437.66,1.567,10.183,-15.219,-0.537,-0.095,0.838,0.827,-0.467,-0.313,9.783,20.198,-3.634,-14.565,0.826,-0.358,-0.435,10.642,-2.962,-6.977,-12.687,scissors
43.771315,0.399,0.828,-0.393,2425.14,16.450,-27.976,-8.393,-0.633,-0.589,0.502,0.013,0.670,-0.742,2456.35,-7.945,-32.117,-7.945,-0.309,-0.397,0.864,0.799,-0.231,-0.556,2337.44,20.143,-27.865,-6.043,-0.921,0.227,0.316,0.218,0.835,-0.505,2473.85,-2.126,14.548,-17.793,-0.530,-0.097,0.842,0.827,-0.447,-0.342,9.655,19.649,-8.885,-16.580,0.821,-0.330,-0.465,10.558,-1.344,-13.099,-13.023,scissors
43.771403,0.438,0.725,-0.531,2405.99,6.043,-16.674,-0.783,-0.651,-0.571,0.501,0.023,0.560,-0.828,2272.70,-4.252,-26.298,-9.624,-0.320,-0.410,0.854,0.774,-0.290,-0.563,2362.64,22.045,-17.233,-4.141,-0.928,0.225,0.298,0.243,0.812,-0.531,2425.98,8.841,11.638,-10.743,-0.531,-0.097,0.842,0.838,-0.414,-0.355,9.601,13.130,-7.908,-12.382,0.829,-0.288,-0.480,10.479,-6.000,-13.344,-8.977,scissors
43.771489,0.420,0.712,-0.562,2463.63,8.952,-20.591,4.924,-0.640,-0.585,0.497,0.013,0.604,-0.797,2497.64,-0.112,-18.017,0.336,-0.304,-0.417,0.856,0.744,-0.344,-0.572,2389.57,18.912,-10.967,2.686,-0.926,0.227,0.301,0.237,0.799,-0.553,2403.10,9.624,8.952,-3.917,-0.532,-0.105,0.840,0.836,-0.417,-0.357,9.876,7.481,-7.069,-6.321,0.825,-0.297,-0.481,10.801,-9.511,-10.855,-4.366,scissors
43.771575,0.395,0.781,-0.483,2420.87,9.176,-21.374,9.960,-0.636,-0.580,0.509,-0.047,0.628,-0.777,2245.77,6.826,-7.945,-7.050,-0.296,-0.430,0.853,0.763,-0.287,-0.580,2460.23,12.869,-7.610,2.686,-0.918,0.256,0.304,0.212,0.796,-0.567,2411.68,4.588,6.826,0.000,-0.528,-0.102,0.843,0.844,-0.430,-0.321,9.978,8.962,-4.931,0.824,0.839,-0.306,-0.449,10.958,-5.496,-6.473,-0.473,scissors
43.771658,0.397,0.746,-0.534,2482.76,5.595,-14.995,9.736,-0.640,-0.562,0.524,0.001,0.515,-0.857,2299.80,-1.119,-1.007,-1.790,-0.302,-0.411,0.860,0.764,-0.245,-0.597,2521.71,10.407,-4.812,0.895,-0.904,0.256,0.344,0.214,0.803,-0.556,2389.79,-3.581,8.505,1.343,-0.520,-0.096,0.849,0.836,-0.444,-0.323,9.923,12.504,-2.763,6.260,0.827,-0.328,-0.457,10.891,-0.489,1.069,-0.183,scissors
43.771740,0.398,0.774,-0.492,2455.61,-3.021,-11.302,7.945,-0.628,-0.561,0.539,-0.024,0.623,-0.782,2295.66,-7.945,4.252,1.902,-0.301,-0.410,0.861,0.787,-0.263,-0.558,2310.34,8.729,-2.462,-7.722,-0.938,0.214,0.273,0.205,0.816,-0.541,2400.74,-10.295,9.960,2.238,-0.529,-0.097,0.843,0.821,-0.458,-0.340,9.759,15.664,-2.107,9.664,0.822,-0.337,-0.459,10.625,3.756,-3.481,6.290,scissors
43.773143,0.395,0.809,-0.435,2397.12,-5.260,-3.469,5.931,-0.634,-0.565,0.527,0.017,0.605,-0.796,2526.00,-5.707,15.219,-0.224,-0.299,-0.414,0.860,0.759,-0.296,-0.579,2446.56,10.743,6.155,-15.891,-0.925,0.218,0.310,0.225,0.827,-0.516,2442.12,-9.064,9.512,4.700,-0.522,-0.100,0.847,0.836,-0.435,-0.335,9.757,13.786,-2.794,8.580,0.832,-0.311,-0.460,10.648,2.611,-3.359,4.641,scissors
43.773256,0.405,0.722,-0.560,2700.45,-5.931,5.260,8.617,-0.635,-0.568,0.523,0.010,0.587,-0.809,2351.40,-5.819,7.833,4.252,-0.304,-0.427,0.852,0.752,-0.328,-0.571,2480.08,4.924,6.826,-12.422,-0.923,0.209,0.322,0.239,0.817,-0.524,2551.96,-7.274,7.274,3.917,-0.531,-0.101,0.841,0.840,-0.405,-0.360,9.859,7.099,-1.756,3.069,0.830,-0.286,-0.479,10.761,-4.458,-5.450,2.153,scissors
43.773352,0.399,0.702,-0.590,2764.63,0.671,-4.476,7.162,-0.639,-0.573,0.514,-0.018,0.674,-0.739,2588.32,-2.910,9.288,19.360,-0.322,-0.427,0.845,0.766,-0.310,-0.563,2463.94,4.252,7.498,1.455,-0.919,0.226,0.323,0.255,0.795,-0.550,2539.27,0.895,0.224,5.819,-0.537,-0.107,0.837,0.839,-0.406,-0.362,10.150,-0.076,0.061,-0.031,0.831,-0.286,-0.478,11.089,-11.542,-5.649,0.290,scissors
43.773451,0.374,0.800,-0.470,2635.20,-1.567,-11.526,10.967,-0.646,-0.558,0.521,-0.007,0.619,-0.785,2484.38,5.036,22.269,10.519,-0.332,-0.435,0.837,0.746,-0.336,-0.576,2597.57,1.679,11.862,8.952,-0.916,0.242,0.321,0.228,0.801,-0.553,2542.17,3.917,-6.379,7.610,-0.535,-0.108,0.838,0.833,-0.452,-0.320,10.268,0.748,3.374,0.168,0.835,-0.332,-0.440,11.305,-7.710,-1.511,-1.466,scissors
43.782086,0.350,0.830,-0.434,2761.51,0.112,-6.379,8.057,-0.650,-0.544,0.530,0.037,0.636,-0.771,2758.01,1.567,30.662,8.505,-0.310,-0.413,0.856,0.800,-0.216,-0.560,2493.63,0.336,18.576,2.462,-0.940,0.216,0.263,0.224,0.814,-0.536,2405.59,-1.119,-7.498,4.700,-0.530,-0.104,0.842,0.821,-0.463,-0.335,10.019,7.344,8.901,1.786,0.821,-0.343,-0.456,10.857,-0.305,5.237,-4.550,scissors
43.805699,0.384,0.818,-0.429,2543.04,-4.476,3.805,0.671,-0.636,-0.558,0.532,0.026,0.637,-0.771,2415.85,7.050,34.803,-20.926,-0.313,-0.430,0.846,0.803,-0.227,-0.552,2460.93,-0.224,20.591,-1.679,-0.929,0.259,0.264,0.213,0.838,-0.502,2489.48,-7.722,-4.924,-0.560,-0.535,-0.101,0.839,0.822,-0.465,-0.329,9.518,11.481,4.107,-2.672,0.828,-0.338,-0.448,10.346,1.771,-4.427,-2.595,scissors
43.827832,0.414,0.723,-0.553,2522.18,4.364,8.169,-6.267,-0.653,-0.558,0.512,0.110,0.496,-0.861,2802.09,6.491,26.745,-16.003,-0.332,-0.421,0.844,0.786,-0.266,-0.558,2399.10,3.469,21.038,-0.560,-0.927,0.248,0.281,0.237,0.832,-0.502,2449.22,-1.455,-2.238,0.112,-0.527,-0.104,0.843,0.841,-0.432,-0.327,9.632,6.580,1.099,-4.336,0.840,-0.305,-0.448,10.501,-4.351,-7.542,-2.137,scissors
43.850000,0.396,0.753,-0.525,2562.98,-0.671,8.841,-1.007,-0.656,-0.539,0.528,0.031,0.561,-0.827,2287.95,10.072,15.555,-12.757,-0.362,-0.416,0.834,0.779,-0.281,-0.561,2473.67,-3.805,11.638,6.826,-0.936,0.236,0.261,0.221,0.821,-0.527,2447.28,5.036,-3.021,2.350,-0.530,-0.103,0.842,0.830,-0.452,-0.326,9.765,4.656,-1.527,-4.458,0.831,-0.324,-0.452,10.674,-6.824,-9.511,-0.901,scissors
44.276963,0.382,0.809,-0.446,2531.87,1.790,7.833,-6.267,-0.663,-0.541,0.517,0.033,0.616,-0.787,2466.05,6.714,19.807,-7.162,-0.334,-0.440,0.834,0.783,-0.276,-0.558,2522.56,-3.693,9.064,3.805,-0.950,0.216,0.225,0.213,0.816,-0.537,2400.07,2.238,-2.910,2.686,-0.533,-0.100,0.840,0.839,-0.451,-0.305,9.907,6.061,0.595,-0.779,0.841,-0.324,-0.434,10.830,-4.534,-5.618,1.573,scissors
44.277414,0.414,0.724,-0.552,2475.86,3.693,15.891,-9.736,-0.665,-0.567,0.486,0.075,0.527,-0.847,2512.01,5.707,21.150,-12.645,-0.343,-0.421,0.840,0.795,-0.258,-0.549,2472.08,-9.064,4.476,-0.895,-0.942,0.237,0.237,0.227,0.821,-0.524,2421.78,-5.260,-0.560,1.231,-0.540,-0.106,0.835,0.836,-0.439,-0.328,9.849,6.901,2.321,2.366,0.835,-0.316,-0.451,10.784,-3.252,-2.977,3.557,scissors
44.277511,0.409,0.722,-0.558,2552.57,-0.448,14.324,-5.148,-0.659,-0.542,0.521,0.052,0.583,-0.811,2503.07,0.112,8.057,-8.729,-0.335,-0.435,0.836,0.793,-0.280,-0.541,2454.33,-10.407,4.029,-3.693,-0.949,0.250,0.190,0.232,0.822,-0.521,2456.23,-7.386,-0.448,1.455,-0.529,-0.101,0.842,0.838,-0.429,-0.337,9.825,4.641,1.893,2.412,0.835,-0.305,-0.459,10.720,-5.649,-3.893,3.420,scissors
44.277609,0.404,0.738,-0.541,2561.55,-3.693,14.212,-2.798,-0.657,-0.548,0.518,0.049,0.585,-0.809,2494.51,4.029,13.653,-11.079,-0.328,-0.428,0.842,0.785,-0.294,-0.546,2468.74,-7.833,3.693,-0.783,-0.934,0.253,0.251,0.226,0.823,-0.521,2474.77,-2.350,-1.902,3.805,-0.534,-0.109,0.838,0.836,-0.441,-0.326,9.933,2.443,2.443,2.412,0.834,-0.316,-0.453,10.873,-7.664,-3.084,2.840,scissors
44.277717,0.395,0.777,-0.490,2548.31,-5.595,14.324,-1.902,-0.643,-0.578,0.503,0.065,0.553,-0.831,2464.74,5.260,14.212,-11.079,-0.324,-0.429,0.843,0.793,-0.276,-0.544,2516.84,-9.064,2.798,1.567,-0.943,0.223,0.247,0.228,0.819,-0.526,2450.96,-1.902,-2.574,3.469,-0.529,-0.099,0.843,0.830,-0.453,-0.327,9.891,3.450,2.611,2.931,0.832,-0.326,-0.449,10.788,-6.489,-3.252,3.176,scissors
44.281330,0.406,0.753,-0.518,2576.92,-5.483,17.681,-3.917,-0.661,-0.564,0.495,0.060,0.555,-0.830,2349.45,1.679,14.995,-6.602,-0.353,-0.430,0.831,0.796,-0.271,-0.541,2456.77,-9.288,4.588,0.224,-0.954,0.217,0.209,0.235,0.822,-0.519,2465.14,-4.476,-3.469,3.245,-0.530,-0.100,0.842,0.823,-0.456,-0.340,9.864,3.618,2.214,2.519,0.823,-0.334,-0.460,10.748,-6.840,-4.672,3.634,scissors
44.281462,0.401,0.797,-0.451,2506.18,-7.274,16.450,-3.693,-0.677,-0.559,0.479,0.039,0.625,-0.780,2351.40,0.112,20.926,-1.455,-0.359,-0.425,0.831,0.804,-0.255,-0.537,2455.52,-8.393,6.491,1.679,-0.937,0.222,0.268,0.225,0.820,-0.526,2449.51,-5.036,-5.595,4.700,-0.532,-0.103,0.841,0.829,-0.461,-0.318,9.888,4.397,1.313,3.679,0.831,-0.336,-0.443,10.804,-4.992,-6.214,4.336,scissors
44.281575,0.400,0.798,-0.450,2490.94,-6.379,24.955,-6.379,-0.664,-0.578,0.475,0.053,0.594,-0.803,2294.85,-1.007,34.131,-2.798,-0.351,-0.428,0.833,0.801,-0.229,-0.552,2476.75,-8.952,10.295,1.343,-0.956,0.179,0.231,0.220,0.829,-0.514,2410.72,-5.260,-5.595,5.371,-0.534,-0.098,0.840,0.831,-0.462,-0.311,9.820,6.840,2.702,5.450,0.834,-0.333,-0.439,10.653,-1.908,-5.481,5.298,scissors
44.281663,0.418,0.749,-0.515,2501.30,-7.610,32.117,-8.841,-0.666,-0.576,0.473,0.085,0.597,-0.798,2445.75,-6.826,38.608,1.567,-0.373,-0.432,0.821,0.804,-0.247,-0.541,2420.08,-6.826,12.086,-0.783,-0.944,0.217,0.247,0.227,0.830,-0.509,2418.15,-6.491,-3.805,5.148,-0.539,-0.107,0.836,0.831,-0.450,-0.327,9.635,6.382,2.076,6.595,0.830,-0.324,-0.453,10.507,-2.046,-6.321,6.305,scissors
44.281756,0.404,0.799,-0.446,2490.48,-8.393,30.998,-5.707,-0.657,-0.566,0.498,0.066,0.653,-0.754,2429.83,-4.141,42.972,-1.790,-0.375,-0.437,0.818,0.788,-0.288,-0.544,2443.92,-5.595,11.862,-2.350,-0.945,0.219,0.244,0.217,0.829,-0.515,2443.71,-7.050,-2.910,6.155,-0.541,-0.106,0.834,0.827,-0.466,-0.316,9.756,6.550,-2.015,6.550,0.831,-0.340,-0.441,10.666,-0.809,-8.107,5.588,scissors
44.281846,0.394,0.822,-0.412,2529.83,-7.498,35.362,-6.714,-0.673,-0.557,0.487,0.107,0.629,-0.770,2416.81,-2.350,55.281,-8.281,-0.392,-0.436,0.810,0.806,-0.241,-0.541,2474.95,-8.505,7.610,-3.917,-0.941,0.205,0.268,0.224,0.836,-0.501,2414.97,-5.819,-0.671,5.707,-0.542,-0.106,0.834,0.820,-0.473,-0.322,9.857,9.099,-2.397,6.473,0.824,-0.350,-0.446,10.715,1.130,-7.985,6.366,scissors
44.281927,0.433,0.751,-0.499,2597.71,-5.595,35.586,-8.505,-0.676,-0.578,0.457,0.165,0.523,-0.836,2696.03,-5.371,49.574,-5.819,-0.402,-0.459,0.792,0.821,-0.225,-0.525,2440.23,-3.021,8.393,-6.379,-0.939,0.213,0.269,0.235,0.834,-0.499,2465.04,-6.714,1.455,5.148,-0.540,-0.108,0.835,0.828,-0.455,-0.327,9.891,9.221,-3.298,5.969,0.829,-0.330,-0.452,10.797,1.313,-7.908,5.298,scissors
44.282011,0.435,0.763,-0.478,2671.47,-1.902,32.788,-9.848,-0.660,-0.577,0.482,0.160,0.583,-0.797,2706.80,-5.371,37.936,-2.574,-0.402,-0.451,0.797,0.799,-0.269,-0.537,2508.81,-5.148,6.826,-4.924,-0.946,0.203,0.254,0.252,0.827,-0.503,2500.64,-5.483,2.014,4.476,-0.538,-0.108,0.836,0.834,-0.443,-0.328,10.008,5.298,-2.580,4.168,0.832,-0.318,-0.455,10.911,-2.733,-6.168,3.084,scissors
44.283622,0.435,0.737,-0.518,2675.00,-2.238,21.150,-4.476,-0.691,-0.585,0.424,0.168,0.547,-0.820,2702.63,-0.671,31.110,-5.260,-0.409,-0.449,0.795,0.797,-0.266,-0.542,2540.16,-3.469,3.917,-2.014,-0.946,0.206,0.251,0.243,0.825,-0.510,2505.84,-3.357,-0.336,4.141,-0.538,-0.109,0.836,0.828,-0.454,-0.329,10.111,2.718,-0.763,3.298,0.826,-0.332,-0.455,11.054,-4.336,-3.405,1.023,scissors
44.283721,0.391,0.832,-0.393,2649.34,-3.693,18.576,-5.036,-0.698,-0.597,0.396,0.112,0.660,-0.743,2390.09,1.567,27.641,-5.260,-0.416,-0.452,0.789,0.815,-0.240,-0.528,2534.06,-4.029,2.798,-1.007,-0.956,0.205,0.209,0.229,0.824,-0.518,2448.73,-0.895,-3.469,2.126,-0.541,-0.115,0.833,0.813,-0.487,-0.320,10.090,8.244,1.176,3.344,0.822,-0.364,-0.437,10.968,1.618,-1.374,0.412,scissors
44.283815,0.424,0.787,-0.448,2675.17,-1.455,29.879,-16.450,-0.687,-0.593,0.419,0.140,0.660,-0.738,2404.60,-3.021,51.029,-19.584,-0.434,-0.455,0.778,0.818,-0.214,-0.533,2473.09,-1.567,7.274,-5.260,-0.953,0.220,0.209,0.241,0.837,-0.491,2443.98,-4.700,-2.126,0.224,-0.534,-0.104,0.839,0.828,-0.462,-0.318,9.653,7.954,3.450,2.504,0.830,-0.333,-0.447,10.534,0.565,-0.153,0.794,scissors
44.283902,0.459,0.717,-0.525,2599.54,3.133,18.353,-13.317,-0.682,-0.602,0.415,0.208,0.549,-0.810,2892.99,-4.141,34.803,-11.079,-0.421,-0.469,0.776,0.809,-0.263,-0.525,2418.37,3.581,6.155,-6.938,-0.949,0.202,0.244,0.249,0.831,-0.498,2488.62,-6.043,-1.119,0.336,-0.535,-0.110,0.837,0.822,-0.450,-0.348,9.735,4.412,1.115,-1.084,0.820,-0.329,-0.468,10.612,-4.489,-4.382,-1.313,scissors
44.285434,0.438,0.766,-0.471,2586.51,2.462,6.267,-4.700,-0.671,-0.590,0.450,0.177,0.593,-0.785,2560.00,4.924,15.891,-9.512,-0.428,-0.463,0.776,0.804,-0.288,-0.520,2481.00,9.624,7.050,0.895,-0.949,0.202,0.244,0.237,0.826,-0.511,2443.92,0.000,-3.245,1.119,-0.538,-0.116,0.835,0.818,-0.468,-0.333,9.925,4.779,1.130,-2.305,0.821,-0.346,-0.454,10.792,-4.992,-4.916,-1.725,scissors
44.285526,0.413,0.810,-0.416,2503.95,3.469,6.491,-6.602,-0.667,-0.611,0.426,0.169,0.613,-0.772,2398.92,4.924,20.031,-11.079,-0.446,-0.468,0.763,0.816,-0.253,-0.520,2480.69,4.700,5.595,0.000,-0.933,0.213,0.290,0.223,0.829,-0.512,2418.83,1.567,-4.588,0.448,-0.542,-0.116,0.832,0.816,-0.480,-0.321,9.880,8.107,-0.290,-1.053,0.823,-0.355,-0.443,10.757,-1.786,-5.756,-0.504,scissors
44.285608,0.421,0.812,-0.403,2412.59,1.567,11.862,-5.931,-0.674,-0.613,0.411,0.177,0.613,-0.770,2508.25,0.336,23.165,-11.414,-0.443,-0.467,0.765,0.815,-0.249,-0.523,2482.87,3.469,4.700,-3.581,-0.963,0.197,0.182,0.224,0.831,-0.509,2414.56,-5.931,-0.560,-0.336,-0.541,-0.112,0.834,0.820,-0.479,-0.314,9.809,10.031,-0.733,0.885,0.826,-0.355,-0.438,10.676,0.443,-5.344,0.779,scissors
44.306356,0.428,0.788,-0.442,2512.04,-2.126,18.464,-3.805,-0.668,-0.616,0.418,0.193,0.589,-0.785,2460.10,-0.783,22.381,-12.086,-0.439,-0.478,0.761,0.819,-0.244,-0.519,2447.31,1.007,3.917,-5.036,-0.950,0.219,0.222,0.228,0.842,-0.489,2454.81,-6.379,1.790,-0.336,-0.532,-0.111,0.840,0.824,-0.468,-0.318,9.803,10.504,-2.366,0.107,0.829,-0.342,-0.442,10.681,0.122,-6.611,0.794,scissors
44.323204,0.429,0.785,-0.447,2571.70,-2.574,18.688,-3.245,-0.685,-0.598,0.416,0.235,0.485,-0.843,2768.82,-2.798,18.800,-7.945,-0.435,-0.469,0.768,0.818,-0.248,-0.518,2449.77,2.462,1.567,-5.148,-0.946,0.214,0.242,0.245,0.838,-0.487,2441.52,-1.343,3.469,-0.336,-0.532,-0.112,0.839,0.829,-0.454,-0.328,10.022,8.076,0.427,-0.214,0.831,-0.328,-0.449,10.929,-2.382,-3.527,0.443,scissors
44.351856,0.435,0.748,-0.501,2764.74,-3.021,9.064,-2.574,-0.689,-0.617,0.381,0.221,0.513,-0.829,2672.51,-0.671,-14.436,2.014,-0.439,-0.478,0.761,0.812,-0.263,-0.521,2530.26,-2.350,0.560,-3.245,-0.970,0.165,0.178,0.242,0.829,-0.504,2516.80,-1.343,1.231,-1.343,-0.529,-0.112,0.841,0.829,-0.447,-0.335,10.038,4.977,3.817,-1.954,0.829,-0.324,-0.456,10.939,-7.206,-2.214,-1.237,scissors
44.375246,0.440,0.768,-0.465,2640.71,-1.902,-2.350,-4.364,-0.671,-0.612,0.419,0.155,0.653,-0.741,2353.92,-2.574,-22.605,10.072,-0.450,-0.475,0.756,0.803,-0.299,-0.515,2520.42,2.126,-2.126,2.686,-0.956,0.172,0.237,0.237,0.825,-0.513,2528.83,-1.455,-3.581,-1.455,-0.535,-0.121,0.836,0.815,-0.467,-0.343,9.898,1.878,3.023,-2.901,0.818,-0.344,-0.461,10.780,-10.321,-2.962,-1.679,scissors
44.791616,0.436,0.781,-0.447,2596.55,-2.462,-7.050,-1.679,-0.698,-0.609,0.377,0.180,0.624,-0.761,2576.69,0.000,-4.924,5.483,-0.444,-0.462,0.768,0.823,-0.261,-0.505,2437.45,-1.567,-0.895,5.483,-0.970,0.169,0.176,0.237,0.832,-0.502,2448.72,2.686,-5.148,1.007,-0.535,-0.117,0.837,0.820,-0.481,-0.311,9.855,1.237,3.405,-2.336,0.827,-0.356,-0.436,10.765,-10.076,-2.214,-1.191,scissors
44.791845,0.435,0.784,-0.442,2535.27,1.455,-6.155,-0.224,-0.674,-0.616,0.407,0.184,0.611,-0.770,2518.80,1.567,-9.512,4.029,-0.431,-0.480,0.764,0.824,-0.232,-0.517,2493.41,-5.931,-1.231,3.245,-0.961,0.175,0.216,0.240,0.834,-0.497,2416.74,2.014,-3.581,0.224,-0.531,-0.112,0.840,0.819,-0.476,-0.319,9.729,2.015,4.733,-2.107,0.825,-0.352,-0.443,10.589,-9.618,-0.962,-0.992,scissors
44.791953,0.434,0.790,-0.433,2518.58,-1.007,-6.379,0.671,-0.691,-0.601,0.402,0.176,0.617,-0.767,2414.82,0.112,-10.295,1.790,-0.437,-0.455,0.776,0.821,-0.238,-0.519,2428.52,-2.910,-2.574,3.245,-0.955,0.190,0.226,0.231,0.838,-0.494,2466.44,-1.455,-2.910,-0.671,-0.536,-0.112,0.837,0.818,-0.474,-0.325,9.791,1.237,2.489,-2.947,0.823,-0.353,-0.446,10.661,-9.710,-3.405,-1.802,scissors
44.792046,0.433,0.780,-0.451,2549.01,1.567,-9.064,2.798,-0.686,-0.610,0.397,0.174,0.595,-0.785,2437.76,1.567,-2.014,2.014,-0.443,-0.467,0.765,0.819,-0.251,-0.516,2460.45,0.783,-0.112,3.805,-0.956,0.172,0.237,0.237,0.832,-0.502,2448.72,2.574,-2.238,1.231,-0.536,-0.115,0.836,0.825,-0.466,-0.320,9.857,1.023,2.183,-2.885,0.829,-0.341,-0.444,10.744,-9.756,-3.893,-1.893,scissors
44.792151,0.448,0.753,-0.481,2550.43,0.895,-8.952,2.574,-0.664,-0.627,0.407,0.174,0.605,-0.777,2446.56,2.126,1.567,2.574,-0.426,-0.457,0.781,0.814,-0.257,-0.521,2475.90,1.007,-0.783,3.917,-0.961,0.196,0.196,0.239,0.828,-0.508,2460.13,3.469,-2.462,1.679,-0.530,-0.112,0.840,0.827,-0.457,-0.329,9.759,-0.672,1.725,-2.427,0.827,-0.331,-0.454,10.658,-11.634,-3.695,-1.679,scissors
44.792246,0.421,0.757,-0.499,2833.44,-0.671,-11.638,3.693,-0.654,-0.636,0.409,0.191,0.568,-0.801,2485.90,2.126,3.693,4.700,-0.416,-0.467,0.780,0.812,-0.278,-0.514,2432.31,1.790,-1.007,4.700,-0.956,0.212,0.203,0.244,0.829,-0.504,2458.31,4.700,-2.574,3.805,-0.533,-0.109,0.839,0.829,-0.448,-0.336,9.953,-2.916,2.427,-3.313,0.827,-0.325,-0.459,10.872,-14.046,-3.466,-1.649,scissors
44.792328,0.423,0.802,-0.422,2493.14,7.945,-24.507,0.224,-0.685,-0.616,0.390,0.183,0.587,-0.788,2635.84,4.924,0.448,4.476,-0.428,-0.463,0.776,0.802,-0.282,-0.527,2538.77,1.119,2.126,6.938,-0.962,0.191,0.193,0.239,0.818,-0.523,2501.16,3.805,-6.267,4.029,-0.529,-0.105,0.842,0.824,-0.467,-0.320,9.997,-3.374,4.183,-2.427,0.829,-0.343,-0.442,10.882,-14.153,-1.939,-1.649,scissors
44.792409,0.406,0.822,-0.400,2455.73,5.819,-15.443,1.231,-0.674,-0.617,0.408,0.182,0.575,-0.797,2605.72,4.029,-4.141,1.455,-0.443,-0.455,0.773,0.819,-0.243,-0.520,2496.76,-3.357,2.350,7.833,-0.969,0.175,0.176,0.219,0.833,-0.508,2420.89,2.574,-6.826,2.238,-0.528,-0.103,0.843,0.825,-0.479,-0.301,9.826,0.290,4.733,-1.115,0.833,-0.356,-0.424,10.687,-10.427,-0.641,-1.145,scissors
44.792491,0.422,0.793,-0.440,2434.05,2.574,-7.833,0.560,-0.694,-0.589,0.413,0.163,0.626,-0.763,2427.61,0.671,-4.924,1.455,-0.433,-0.458,0.776,0.822,-0.233,-0.520,2440.40,-4.252,-0.783,3.133,-0.947,0.215,0.240,0.230,0.837,-0.497,2434.56,-0.336,-2.686,0.336,-0.526,-0.099,0.844,0.822,-0.471,-0.320,9.712,1.710,2.061,-1.145,0.827,-0.347,-0.441,10.565,-8.947,-3.038,-0.885,scissors
44.792573,0.415,0.800,-0.433,2473.89,-1.567,-7.386,5.036,-0.667,-0.626,0.403,0.155,0.644,-0.749,2433.04,1.231,-5.595,2.126,-0.441,-0.461,0.770,0.818,-0.248,-0.518,2449.77,-1.679,-1.119,1.455,-0.957,0.215,0.194,0.219,0.834,-0.506,2429.22,-0.448,-0.783,0.560,-0.539,-0.107,0.835,0.815,-0.488,-0.314,9.793,4.336,-0.702,-1.527,0.823,-0.366,-0.434,10.669,-5.786,-5.466,-1.435,scissors
44.792654,0.391,0.826,-0.405,2597.80,-1.343,1.343,4.029,-0.682,-0.599,0.421,0.180,0.612,-0.770,2417.20,0.560,3.917,-1.455,-0.440,-0.472,0.764,0.835,-0.201,-0.513,2437.16,-1.343,-0.336,1.119,-0.962,0.206,0.181,0.229,0.837,-0.496,2397.22,0.671,1.343,0.336,-0.536,-0.110,0.837,0.824,-0.469,-0.317,9.781,7.252,-0.458,-0.275,0.828,-0.345,-0.441,10.676,-2.809,-4.122,-0.779,scissors
44.792822,0.424,0.799,-0.427,2466.49,-1.343,3.581,0.000,-0.667,-0.602,0.439,0.190,0.571,-0.799,2490.79,-1.119,3.357,-1.119,-0.441,-0.480,0.759,0.815,-0.269,-0.513,2435.79,0.560,-0.783,-3.357,-0.937,0.228,0.266,0.237,0.827,-0.510,2449.71,-0.783,2.798,-0.112,-0.535,-0.113,0.837,0.826,-0.464,-0.320,9.801,7.405,-2.229,-0.031,0.830,-0.339,-0.443,10.702,-2.366,-5.084,-1.206,scissors
44.792943,0.426,0.780,-0.459,2526.29,0.336,8.169,-2.462,-0.663,-0.602,0.445,0.171,0.611,-0.773,2422.35,-1.231,6.826,-0.560,-0.439,-0.454,0.775,0.814,-0.257,-0.521,2475.90,1.567,-1.343,-3.021,-0.950,0.200,0.240,0.230,0.829,-0.509,2432.49,-2.350,2.798,-0.112,-0.537,-0.106,0.837,0.824,-0.462,-0.327,9.845,7.389,-1.695,0.672,0.828,-0.336,-0.449,10.717,-2.687,-4.794,0.076,scissors
44.793039,0.434,0.764,-0.478,2592.37,-2.126,7.498,1.455,-0.692,-0.597,0.406,0.203,0.536,-0.819,2574.60,-0.895,4.700,-0.560,-0.438,-0.460,0.773,0.811,-0.275,-0.517,2458.84,2.350,-0.448,-3.581,-0.965,0.190,0.181,0.243,0.825,-0.510,2468.45,-0.671,2.686,1.119,-0.531,-0.109,0.840,0.827,-0.455,-0.331,9.894,6.122,-1.649,-0.107,0.829,-0.329,-0.452,10.788,-4.427,-5.771,0.061,scissors
44.793131,0.429,0.761,-0.487,2664.85,-1.007,6.155,1.007,-0.666,-0.604,0.438,0.194,0.571,-0.798,2643.51,-0.895,2.126,2.238,-0.431,-0.476,0.766,0.808,-0.264,-0.527,2520.12,0.783,0.336,-0.895,-0.960,0.195,0.202,0.243,0.822,-0.515,2464.00,0.336,1.567,1.007,-0.535,-0.106,0.838,0.830,-0.456,-0.321,9.973,4.687,-0.366,0.061,0.832,-0.329,-0.447,10.899,-5.786,-3.863,-0.046,scissors
44.793243,0.422,0.783,-0.458,2618.17,-0.112,1.902,0.224,-0.686,-0.603,0.408,0.194,0.558,-0.807,2492.45,-0.448,-0.895,2.126,-0.437,-0.455,0.776,0.813,-0.266,-0.519,2504.43,-2.910,-0.560,0.000,-0.969,0.183,0.168,0.238,0.824,-0.513,2470.65,-0.560,-0.336,0.783,-0.531,-0.104,0.841,0.824,-0.462,-0.327,9.903,4.733,0.519,0.168,0.828,-0.338,-0.447,10.751,-6.046,-3.435,0.015,scissors
44.793335,0.427,0.776,-0.464,2586.21,-0.560,1.343,-1.567,-0.673,-0.608,0.420,0.191,0.581,-0.791,2529.46,-0.895,-0.895,1.902,-0.449,-0.465,0.763,0.823,-0.248,-0.511,2447.69,-2.126,-0.112,0.112,-0.949,0.228,0.220,0.235,0.830,-0.506,2466.28,-1.790,-0.895,0.560,-0.534,-0.109,0.838,0.823,-0.465,-0.325,9.829,4.519,-0.076,-0.794,0.831,-0.338,-0.442,10.714,-6.519,-4.534,-0.580,scissors
44.795413,0.429,0.776,-0.462,2574.59,-0.224,0.112,-1.231,-0.677,-0.607,0.417,0.186,0.598,-0.780,2489.96,-0.783,-1.231,1.902,-0.451,-0.479,0.753,0.806,-0.272,-0.526,2487.26,0.224,-0.112,0.560,-0.958,0.219,0.183,0.240,0.829,-0.505,2455.06,-0.112,-0.783,0.783,-0.533,-0.109,0.839,0.823,-0.467,-0.323,9.816,3.084,0.809,-1.282,0.828,-0.342,-0.445,10.711,-7.725,-4.275,-0.504,scissors
44.795509,0.417,0.792,-0.446,2599.23,-0.560,-1.231,1.455,-0.676,-0.604,0.422,0.178,0.608,-0.773,2496.65,0.895,0.671,0.783,-0.437,-0.469,0.768,0.823,-0.245,-0.513,2436.99,-1.455,-0.560,2.014,-0.963,0.208,0.171,0.234,0.831,-0.504,2437.22,1.007,-1.455,1.343,-0.533,-0.109,0.839,0.822,-0.466,-0.328,9.775,3.649,-0.168,-2.153,0.826,-0.343,-0.448,10.662,-7.374,-5.802,-0.992,scissors
44.796910,0.423,0.783,-0.457,2540.35,1.455,-1.679,0.560,-0.671,-0.623,0.403,0.194,0.572,-0.797,2484.54,1.007,1.790,0.224,-0.438,-0.459,0.773,0.815,-0.252,-0.523,2449.31,2.238,0.224,1.455,-0.959,0.197,0.204,0.240,0.829,-0.505,2455.06,1.231,-0.336,1.007,-0.531,-0.108,0.840,0.827,-0.456,-0.328,9.900,2.931,0.015,-2.183,0.831,-0.331,-0.447,10.806,-8.061,-5.481,-0.855,scissors
44.819695,0.431,0.769,-0.472,2584.40,-0.783,-3.581,3.581,-0.683,-0.613,0.398,0.200,0.569,-0.798,2617.33,0.112,-0.671,3.357,-0.453,-0.476,0.754,0.806,-0.282,-0.520,2498.12,2.014,0.336,2.014,-0.960,0.195,0.202,0.243,0.819,-0.519,2460.96,2.126,-1.007,1.679,-0.532,-0.103,0.840,0.829,-0.446,-0.337,9.925,1.282,2.153,-1.725,0.827,-0.323,-0.460,10.841,-10.031,-3.374,-0.611,scissors
44.842566,0.424,0.772,-0.475,2629.70,0.000,-8.617,3.021,-0.686,-0.604,0.405,0.184,0.596,-0.782,2581.17,1.343,-5.483,3.245,-0.469,-0.454,0.757,0.813,-0.277,-0.513,2477.84,0.224,-0.671,3.581,-0.950,0.214,0.227,0.237,0.822,-0.517,2489.19,1.231,-2.462,1.343,-0.537,-0.105,0.837,0.824,-0.465,-0.325,9.913,1.695,0.504,-3.450,0.828,-0.340,-0.445,10.822,-10.137,-5.008,-1.939,scissors
44.863735,0.408,0.811,-0.419,2537.43,0.224,-6.491,1.007,-0.682,-0.600,0.418,0.168,0.624,-0.763,2466.45,2.350,-4.924,1.679,-0.447,-0.459,0.768,0.816,-0.234,-0.528,2516.13,-0.448,0.112,4.700,-0.945,0.231,0.232,0.227,0.832,-0.507,2425.12,1.567,-2.238,0.336,-0.534,-0.104,0.839,0.819,-0.484,-0.308,9.895,4.580,1.267,-1.695,0.830,-0.355,-0.430,10.765,-6.748,-3.160,-1.053,scissors
44.886707,0.414,0.811,-0.413,2475.73,-0.783,-3.021,1.119,-0.688,-0.598,0.410,0.176,0.621,-0.763,2412.59,0.224,0.224,-3.357,-0.431,-0.457,0.778,0.832,-0.223,-0.508,2421.17,-1.343,-1.343,-0.783,-0.970,0.188,0.156,0.226,0.836,-0.500,2435.93,-1.455,-0.112,-0.783,-0.539,-0.107,0.835,0.815,-0.483,-0.320,9.653,7.893,-1.435,-2.046,0.825,-0.358,-0.437,10.532,-3.206,-6.214,-1.145,scissors
45.300983,0.444,0.760,-0.474,2486.91,0.000,0.895,0.895,-0.691,-0.597,0.407,0.201,0.572,-0.795,2551.79,0.336,1.455,-2.462,-0.437,-0.468,0.768,0.831,-0.215,-0.514,2413.92,4.476,0.336,-3.021,-0.961,0.208,0.182,0.245,0.836,-0.490,2447.25,-1.119,2.462,-1.007,-0.539,-0.107,0.835,0.829,-0.458,-0.322,9.767,6.031,-2.076,-2.611,0.832,-0.327,-0.447,10.667,-4.641,-6.473,-2.351,scissors
45.301145,0.443,0.747,-0.496,2558.01,-1.455,-4.252,5.371,-0.679,-0.603,0.419,0.189,0.594,-0.782,2558.25,2.126,-3.133,-0.112,-0.456,-0.466,0.758,0.805,-0.284,-0.521,2478.13,8.729,-1.343,-1.902,-0.951,0.208,0.229,0.239,0.823,-0.515,2462.41,2.798,1.567,-0.224,-0.543,-0.108,0.833,0.824,-0.451,-0.343,9.899,4.137,-2.321,-3.618,0.825,-0.330,-0.459,10.789,-6.947,-7.145,-2.992,scissors
45.301248,0.409,0.788,-0.460,2626.42,0.448,-6.267,2.798,-0.682,-0.596,0.424,0.187,0.564,-0.804,2534.37,4.141,-4.252,-0.671,-0.450,-0.461,0.765,0.819,-0.258,-0.513,2473.72,12.757,-0.671,-1.231,-0.944,0.229,0.239,0.235,0.817,-0.526,2466.87,4.364,0.448,0.671,-0.532,-0.099,0.841,0.828,-0.458,-0.324,10.041,5.618,-1.130,-2.962,0.833,-0.333,-0.441,10.974,-5.771,-5.191,-2.779,scissors
45.301333,0.416,0.788,-0.453,2559.72,0.336,-4.700,-0.112,-0.684,-0.595,0.422,0.163,0.616,-0.770,2544.10,1.790,-5.707,0.112,-0.428,-0.460,0.778,0.812,-0.251,-0.527,2541.41,8.169,-2.014,-3.581,-0.958,0.210,0.196,0.229,0.824,-0.518,2446.56,0.448,1.119,-1.343,-0.539,-0.112,0.835,0.829,-0.456,-0.324,9.833,7.099,-0.244,-1.908,0.836,-0.330,-0.439,10.767,-3.038,-1.954,-4.595,scissors
45.301430,0.419,0.786,-0.456,2568.43,-1.902,-5.148,-0.560,-0.685,-0.592,0.425,0.174,0.615,-0.769,2613.17,2.686,-6.155,-6.938,-0.439,-0.455,0.775,0.819,-0.190,-0.542,2579.20,5.595,-2.798,-7.386,-0.954,0.209,0.215,0.229,0.839,-0.494,2488.15,-1.231,3.357,-2.126,-0.535,-0.104,0.839,0.810,-0.480,-0.336,9.915,4.870,-1.649,-2.733,0.817,-0.357,-0.453,10.735,-4.336,-1.496,-9.511,scissors
45.301529,0.418,0.805,-0.421,2665.14,-3.917,-4.029,-5.707,-0.676,-0.604,0.422,0.175,0.597,-0.783,2477.78,5.371,-5.819,-7.610,-0.437,-0.457,0.775,0.844,-0.215,-0.492,2364.18,11.079,-6.267,-5.036,-0.954,0.217,0.206,0.246,0.823,-0.512,2474.67,2.350,2.574,-2.126,-0.538,-0.105,0.837,0.822,-0.465,-0.328,9.764,5.710,-2.107,-4.962,0.830,-0.335,-0.445,10.659,-4.809,-4.550,-7.771,scissors
45.301611,0.408,0.791,-0.456,2563.92,-2.238,8.952,-18.017,-0.679,-0.598,0.425,0.166,0.631,-0.758,2561.80,4.924,-4.476,-7.162,-0.430,-0.462,0.775,0.827,-0.230,-0.513,2473.37,14.883,-1.119,-6.155,-0.957,0.225,0.183,0.236,0.828,-0.509,2413.16,3.581,3.357,-1.007,-0.534,-0.103,0.839,0.824,-0.464,-0.326,9.924,5.878,-2.519,-5.282,0.831,-0.333,-0.446,10.779,-5.618,-4.885,-10.137,scissors
45.301696,0.413,0.798,-0.439,2505.88,-2.574,10.072,-21.934,-0.661,-0.617,0.427,0.169,0.580,-0.797,2399.68,9.064,-3.245,-13.653,-0.437,-0.469,0.768,0.795,-0.311,-0.520,2459.27,20.367,-2.126,-9.064,-0.957,0.217,0.194,0.239,0.820,-0.520,2459.37,2.238,4.700,-1.007,-0.540,-0.108,0.835,0.820,-0.471,-0.324,9.808,4.214,-1.954,-4.168,0.832,-0.338,-0.440,10.693,-7.023,-5.664,-7.298,scissors
45.301831,0.466,0.740,-0.484,2516.48,2.350,17.569,-22.605,-0.664,-0.613,0.428,0.171,0.538,-0.825,2422.82,5.595,0.895,-9.288,-0.441,-0.446,0.779,0.806,-0.289,-0.517,2475.81,7.610,-0.560,-3.581,-0.944,0.200,0.263,0.232,0.824,-0.517,2414.48,1.455,1.790,-0.336,-0.541,-0.106,0.835,0.826,-0.459,-0.327,9.887,4.962,-0.214,-0.916,0.837,-0.320,-0.444,10.795,-4.840,-3.985,-3.252,scissors
45.301961,0.391,0.817,-0.423,2600.83,-5.036,4.364,-3.133,-0.671,-0.612,0.419,0.157,0.588,-0.793,2398.69,1.343,0.783,-5.371,-0.418,-0.460,0.784,0.811,-0.275,-0.517,2458.84,6.267,-2.126,-6.155,-0.949,0.225,0.222,0.239,0.820,-0.519,2423.56,0.112,0.448,0.336,-0.534,-0.107,0.838,0.819,-0.459,-0.343,9.776,6.321,-1.863,-1.145,0.831,-0.327,-0.451,10.657,-3.985,-6.366,-2.641,scissors
45.302067,0.395,0.819,-0.417,2548.62,-4.588,6.602,-7.050,-0.668,-0.628,0.399,0.153,0.623,-0.767,2580.48,-1.119,4.700,-7.274,-0.414,-0.471,0.779,0.804,-0.279,-0.525,2493.30,12.198,-1.231,-9.064,-0.947,0.234,0.219,0.247,0.821,-0.514,2466.45,-1.790,0.560,0.336,-0.531,-0.103,0.841,0.826,-0.454,-0.334,9.830,4.137,-2.412,-1.099,0.837,-0.318,-0.445,10.785,-5.099,-5.847,-3.649,scissors
45.302156,0.356,0.878,-0.320,2578.89,-14.883,19.807,-21.710,-0.656,-0.633,0.411,0.169,0.582,-0.795,2574.81,9.176,6.043,-12.198,-0.418,-0.461,0.783,0.813,-0.262,-0.519,2539.20,15.443,-2.462,-7.722,-0.969,0.193,0.157,0.252,0.821,-0.512,2456.94,-0.783,-0.448,1.007,-0.536,-0.104,0.838,0.811,-0.473,-0.343,10.120,2.061,-4.229,0.137,0.826,-0.339,-0.451,10.942,-6.489,-6.076,-9.908,scissors
45.302610,0.429,0.763,-0.484,2619.77,-5.260,37.265,-34.579,-0.678,-0.634,0.373,0.151,0.606,-0.781,2358.94,4.476,4.252,-9.848,-0.415,-0.462,0.784,0.840,-0.212,-0.499,2445.22,16.226,-2.014,-5.036,-0.960,0.203,0.195,0.235,0.822,-0.518,2465.44,-0.560,-2.238,0.783,-0.535,-0.109,0.838,0.807,-0.474,-0.352,9.969,7.084,-5.695,-2.076,0.823,-0.340,-0.455,10.809,-3.389,-11.267,-7.771,scissors
45.302729,0.380,0.870,-0.315,2467.19,-4.700,36.481,-34.019,-0.662,-0.642,0.386,0.183,0.530,-0.828,2475.58,3.805,11.414,-9.624,-0.425,-0.465,0.776,0.834,-0.233,-0.501,2439.39,36.817,-0.560,-6.714,-0.954,0.219,0.207,0.239,0.831,-0.503,2463.36,0.000,-3.133,-0.448,-0.542,-0.107,0.833,0.823,-0.452,-0.344,9.762,7.267,-11.252,-1.374,0.839,-0.308,-0.448,10.710,-2.611,-15.573,-14.458,scissors
45.302829,0.416,0.788,-0.453,2559.72,-10.631,54.722,-41.965,-0.637,-0.670,0.381,0.173,0.559,-0.811,2454.20,-0.336,7.498,-1.007,-0.426,-0.457,0.781,0.814,-0.273,-0.513,2475.09,31.446,-2.462,-3.357,-0.952,0.223,0.208,0.248,0.820,-0.516,2458.24,0.224,-2.462,1.567,-0.537,-0.103,0.837,0.830,-0.446,-0.334,9.979,6.183,-15.450,-1.756,0.835,-0.287,-0.469,10.729,9.252,-5.542,-11.985,scissors
45.302916,0.368,0.874,-0.318,2569.89,-14.883,55.729,-44.203,-0.678,-0.656,0.331,0.152,0.630,-0.762,2661.91,0.783,7.610,0.000,-0.417,-0.464,0.782,0.765,-0.458,-0.452,2415.62,32.005,-5.483,-8.505,-0.956,0.229,0.183,0.242,0.811,-0.533,2473.86,2.686,-4.364,3.469,-0.529,-0.104,0.842,0.816,-0.461,-0.350,9.946,2.794,-12.672,0.168,0.840,-0.307,-0.447,10.849,-2.763,-13.588,-4.137,scissors
45.304138,0.354,0.892,-0.282,2649.76,-10.072,72.515,-53.043,-0.648,-0.687,0.329,0.168,0.570,-0.804,2353.01,5.371,16.786,-7.050,-0.431,-0.472,0.769,0.802,-0.291,-0.522,2525.99,22.269,-4.364,-4.476,-0.955,0.250,0.161,0.241,0.813,-0.531,2446.19,0.336,-7.945,3.805,-0.539,-0.105,0.836,0.816,-0.464,-0.345,9.962,-0.122,-15.786,7.328,0.849,-0.311,-0.428,10.916,1.481,-15.557,-4.046,scissors
45.304251,0.384,0.882,-0.275,2366.09,-7.722,80.684,-50.581,-0.654,-0.690,0.311,0.230,0.492,-0.840,2568.13,3.581,30.438,-15.331,-0.415,-0.462,0.784,0.798,-0.248,-0.550,2686.00,10.183,-13.093,-9.400,-0.957,0.233,0.172,0.238,0.820,-0.521,2434.80,-4.700,-8.281,4.700,-0.532,-0.104,0.841,0.822,-0.447,-0.353,9.899,-5.954,-23.649,13.130,0.847,-0.298,-0.441,10.735,1.527,-16.840,-4.931,scissors
45.304345,0.324,0.927,-0.188,2620.83,-30.103,110.339,-66.248,-0.654,-0.709,0.264,0.176,0.580,-0.795,2415.30,-3.021,28.648,-9.400,-0.421,-0.470,0.776,0.801,-0.228,-0.554,2539.86,6.155,-34.691,-14.772,-0.958,0.203,0.203,0.251,0.820,-0.514,2507.16,-6.267,-8.841,5.483,-0.535,-0.104,0.838,0.840,-0.417,-0.347,9.485,-17.389,-26.885,15.053,0.868,-0.241,-0.433,10.394,-1.740,-18.183,-17.282,scissors
45.318203,0.344,0.933,-0.105,2553.01,-31.334,151.073,-87.398,-0.624,-0.737,0.260,0.147,0.652,-0.744,2162.65,0.783,43.979,-10.743,-0.418,-0.460,0.784,0.760,-0.244,-0.603,2691.93,10.295,-54.051,-16.338,-0.952,0.214,0.220,0.256,0.810,-0.527,2500.02,-1.343,-13.093,9.624,-0.529,-0.098,0.843,0.830,-0.437,-0.347,10.076,-43.710,-43.802,30.824,0.870,-0.250,-0.426,10.682,-19.374,-29.817,-15.893,scissors
45.341071,0.471,0.790,-0.393,3052.13,-66.920,231.086,-145.813,-0.604,-0.775,0.185,0.248,0.520,-0.818,2506.36,-2.574,58.527,-9.736,-0.456,-0.459,0.763,0.735,-0.141,-0.663,2979.58,-25.626,-123.432,-50.134,-0.958,0.161,0.239,0.269,0.798,-0.540,2442.29,0.895,-14.436,13.541,-0.529,-0.096,0.843,0.885,-0.300,-0.355,9.070,-78.534,-50.458,61.908,0.895,0.045,-0.443,9.043,-87.099,-162.748,78.214,scissors
45.361754,0.260,0.965,-0.015,2772.97,-66.360,214.523,-134.287,-0.585,-0.803,0.112,0.224,0.544,-0.808,2898.66,-4.812,38.272,1.455,-0.453,-0.478,0.753,0.724,-0.068,-0.687,3147.98,-65.129,-191.359,-102.282,-0.912,0.209,0.353,0.249,0.842,-0.479,2524.95,-7.386,0.112,11.974,-0.526,-0.091,0.846,0.579,-0.575,-0.578,10.335,-143.145,-58.092,88.107,0.631,-0.420,-0.653,12.543,-146.519,-163.267,120.061,scissors
45.384025,0.473,0.797,-0.377,2583.68,-13.205,242.724,-122.984,-0.554,-0.832,0.014,0.211,0.590,-0.779,2290.72,11.414,17.905,3.581,-0.453,-0.465,0.761,0.673,-0.385,-0.631,2772.20,-44.650,-248.095,-153.535,-0.879,0.095,0.467,0.246,0.828,-0.505,2435.88,6.826,1.567,12.533,-0.530,-0.093,0.843,0.565,-0.487,-0.666,9.459,-98.763,-27.069,57.450,0.489,-0.507,-0.710,14.501,-127.893,-62.382,118.031,scissors
45.808499,0.382,0.902,-0.199,2322.96,-41.181,193.149,-94.225,-0.498,-0.867,0.017,0.208,0.665,-0.717,2417.07,12.981,24.284,11.862,-0.484,-0.474,0.736,0.744,0.468,-0.476,3142.09,-54.610,-230.638,-163.382,-0.833,-0.026,0.552,0.252,0.806,-0.535,2333.47,11.414,5.595,18.800,-0.543,-0.093,0.835,0.719,-0.498,-0.485,10.771,8.000,-2.321,7.618,0.715,-0.363,-0.598,12.190,-6.672,-12.122,17.069,scissors
45.811073,0.244,0.968,-0.053,2994.94,-93.665,190.464,-106.758,-0.488,-0.871,-0.045,0.276,0.506,-0.817,2459.68,7.050,30.550,3.357,-0.493,-0.461,0.738,0.838,-0.284,-0.466,1586.30,-48.343,-214.859,-133.056,-0.769,-0.074,0.636,0.266,0.828,-0.493,2433.96,11.638,-5.931,11.191,-0.545,-0.085,0.834,0.736,-0.422,-0.529,10.305,2.198,6.947,19.878,0.707,-0.279,-0.650,11.353,-12.672,-2.137,23.527,scissors
45.811171,0.381,0.924,-0.018,2947.25,-97.806,252.571,-152.751,-0.472,-0.875,-0.105,0.280,0.511,-0.813,2702.62,0.448,29.543,3.245,-0.474,-0.462,0.749,0.808,0.079,-0.584,1619.31,-7.945,-114.703,-113.696,-0.714,-0.126,0.688,0.267,0.819,-0.508,2535.43,1.231,-1.119,10.295,-0.536,-0.076,0.841,0.776,-0.390,-0.495,10.071,10.916,21.557,46.824,0.742,-0.238,-0.627,11.035,-8.290,9.191,36.794,scissors
45.811272,0.285,0.957,-0.055,2909.15,-107.094,268.574,-161.368,-0.350,-0.910,-0.222,0.241,0.622,-0.745,2854.11,0.895,23.388,6.714,-0.507,-0.448,0.736,0.683,-0.495,-0.537,1742.88,46.441,-8.841,-101.163,-0.698,-0.161,0.698,0.256,0.812,-0.524,2531.40,-3.581,-1.679,8.952,-0.541,-0.084,0.837,0.590,-0.617,-0.521,8.402,-2.427,-1.618,34.443,0.577,-0.558,-0.596,9.478,-24.244,-5.954,3.878,scissors
45.811369,0.269,0.754,-0.599,2755.69,-30.103,140.330,-84.265,-0.252,-0.883,-0.397,0.271,0.483,-0.833,2942.27,13.876,0.112,6.938,-0.500,-0.455,0.737,0.603,-0.459,-0.652,2005.79,56.736,105.863,-9.848,-0.688,-0.112,0.717,0.237,0.815,-0.530,2488.53,3.693,-11.750,-2.126,-0.536,-0.084,0.840,0.584,-0.576,-0.572,10.130,32.870,-29.252,-13.924,0.543,-0.477,-0.691,10.984,18.427,-52.443,-61.206,scissors
45.811455,-0.239,0.958,0.161,2600.49,-8.169,77.327,-36.369,-0.258,-0.907,-0.334,0.185,0.719,-0.670,2341.55,14.436,-27.305,14.548,-0.508,-0.477,0.717,0.691,-0.077,-0.718,2530.94,60.653,167.859,68.710,-0.734,-0.086,0.674,0.217,0.832,-0.510,2258.38,5.036,-2.126,-7.050,-0.534,-0.080,0.841,0.705,-0.547,-0.452,8.970,72.748,-21.771,-42.412,0.693,-0.398,-0.601,10.531,60.916,-46.992,-91.710,scissors
45.811553,0.121,0.925,-0.360,2075.79,-4.364,57.184,-27.529,-0.219,-0.910,-0.351,0.225,0.687,-0.691,2239.37,3.469,-12.422,-1.119,-0.510,-0.453,0.731,0.680,-0.165,-0.715,2545.37,63.339,212.621,106.311,-0.789,-0.044,0.613,0.232,0.840,-0.490,2410.53,-13.429,8.281,-9.848,-0.534,-0.080,0.842,0.733,-0.544,-0.408,9.483,55.435,-3.328,-45.847,0.740,-0.360,-0.568,10.723,52.015,2.504,-64.565,scissors
45.811649,0.165,0.981,-0.105,2357.41,7.050,-28.648,23.836,-0.214,-0.918,-0.335,0.332,0.398,-0.855,2876.64,5.148,-5.595,0.000,-0.498,-0.450,0.741,0.601,0.015,-0.799,3318.98,69.046,198.857,97.246,-0.865,0.020,0.502,0.304,0.827,-0.472,2354.85,-10.519,17.345,-8.057,-0.521,-0.078,0.850,0.761,-0.509,-0.403,9.981,39.908,9.420,-33.191,0.766,-0.309,-0.563,11.550,33.053,53.344,-21.847,scissors
45.812517,0.203,0.958,-0.201,2546.18,18.017,-136.189,70.501,-0.261,-0.916,-0.305,0.311,0.416,-0.855,2661.77,0.112,-45.769,19.024,-0.485,-0.472,0.736,0.637,-0.356,-0.684,2918.85,54.274,182.742,114.592,-0.916,0.049,0.397,0.284,0.783,-0.553,2487.55,1.679,18.017,-6.043,-0.525,-0.083,0.847,0.760,-0.446,-0.473,10.017,27.313,26.962,-20.031,0.749,-0.282,-0.600,11.236,24.687,97.939,7.756,scissors
45.812607,0.496,0.626,-0.601,3395.05,85.048,-288.717,148.947,-0.307,-0.911,-0.277,0.243,0.497,-0.833,2718.31,-11.414,-72.515,33.907,-0.480,-0.449,0.754,0.748,-0.124,-0.652,2913.05,17.681,149.170,116.158,-0.922,0.135,0.363,0.233,0.823,-0.518,2448.87,11.526,15.779,-6.714,-0.526,-0.081,0.847,0.763,-0.456,-0.458,10.310,31.176,40.718,-10.794,0.765,-0.319,-0.560,11.261,30.840,109.679,-4.198,scissors
45.812708,0.453,0.850,-0.268,3343.94,122.649,-430.949,216.202,-0.390,-0.906,-0.163,0.229,0.491,-0.841,2754.14,-11.302,-91.651,35.138,-0.477,-0.438,0.762,0.764,-0.170,-0.622,2828.82,25.962,117.837,86.503,-0.927,0.177,0.330,0.229,0.800,-0.554,2484.03,4.924,16.114,-9.512,-0.528,-0.080,0.845,0.737,-0.490,-0.466,10.437,47.756,45.038,-11.481,0.746,-0.364,-0.557,11.282,40.214,88.947,-4.962,scissors
45.812809,0.472,0.866,-0.165,3168.60,152.080,-473.362,250.333,-0.448,-0.888,-0.104,0.149,0.681,-0.717,2518.06,-19.248,-102.170,31.669,-0.469,-0.454,0.757,0.796,-0.242,-0.554,2664.35,27.081,110.339,63.115,-0.957,0.201,0.206,0.235,0.812,-0.534,2505.95,-8.952,14.212,-16.450,-0.524,-0.086,0.847,0.758,-0.504,-0.413,10.322,65.069,46.733,-17.435,0.779,-0.375,-0.503,10.739,35.282,36.611,-1.527,scissors
45.812895,0.428,0.902,-0.065,3358.76,160.809,-443.035,255.593,-0.539,-0.842,0.010,0.155,0.651,-0.743,2361.34,-17.457,-80.908,15.891,-0.445,-0.453,0.773,0.804,-0.167,-0.570,2638.47,4.700,61.101,25.850,-0.934,0.277,0.227,0.265,0.827,-0.495,2522.26,-10.855,11.974,-19.695,-0.525,-0.084,0.847,0.766,-0.531,-0.361,9.695,56.366,53.328,-22.412,0.789,-0.386,-0.478,10.660,22.702,22.107,-2.977,scissors
45.812983,0.413,0.910,-0.043,2767.88,119.515,-357.651,217.433,-0.619,-0.766,0.174,0.150,0.629,-0.762,2443.39,-12.757,-70.836,17.233,-0.446,-0.436,0.782,0.840,-0.217,-0.497,2478.86,-8.505,39.838,18.464,-0.960,0.202,0.195,0.273,0.825,-0.495,2482.00,-5.707,10.183,-18.017,-0.535,-0.095,0.839,0.791,-0.499,-0.354,9.706,45.298,56.000,-21.649,0.804,-0.351,-0.480,10.771,15.908,23.145,-2.550,scissors
45.813064,0.247,0.961,0.128,2887.72,59.870,-265.776,164.502,-0.630,-0.709,0.318,0.061,0.750,-0.659,2142.49,-8.393,-55.281,10.743,-0.400,-0.445,0.801,0.813,-0.326,-0.483,2527.27,-2.574,28.536,8.841,-0.945,0.261,0.196,0.259,0.815,-0.519,2462.85,8.169,3.469,-11.750,-0.526,-0.090,0.846,0.769,-0.524,-0.366,9.720,36.183,46.565,-15.298,0.788,-0.384,-0.481,10.512,12.382,19.573,-0.244,scissors
45.813152,0.256,0.966,-0.036,2819.87,50.022,-158.123,94.337,-0.652,-0.689,0.316,0.102,0.625,-0.774,2240.88,-5.931,-16.338,-2.126,-0.413,-0.451,0.791,0.845,-0.242,-0.478,2432.90,-14.100,24.172,6.826,-0.953,0.239,0.185,0.239,0.819,-0.522,2429.06,2.798,1.231,-8.057,-0.529,-0.098,0.843,0.775,-0.542,-0.325,9.573,27.038,23.817,-5.969,0.799,-0.400,-0.450,10.390,10.840,12.840,3.115,scissors
45.816136,0.288,0.951,-0.110,2337.88,48.567,-100.044,63.563,-0.648,-0.648,0.402,0.105,0.620,-0.777,2370.45,-5.260,0.783,-5.931,-0.411,-0.442,0.797,0.831,-0.250,-0.498,2472.85,-17.681,16.226,-0.336,-0.960,0.233,0.158,0.222,0.836,-0.502,2389.55,-0.112,0.783,-7.498,-0.530,-0.095,0.843,0.791,-0.543,-0.282,9.565,23.389,11.298,-2.779,0.819,-0.396,-0.416,10.382,11.802,10.122,3.359,scissors
45.816224,0.371,0.826,-0.425,2289.85,40.398,-46.329,41.517,-0.639,-0.619,0.458,0.144,0.577,-0.804,2463.81,-8.057,5.483,-9.176,-0.412,-0.439,0.799,0.842,-0.199,-0.501,2459.40,-12.869,2.126,-12.310,-0.955,0.222,0.195,0.241,0.845,-0.478,2409.67,-5.819,6.155,-7.722,-0.528,-0.099,0.843,0.805,-0.501,-0.318,9.644,16.641,8.885,-0.183,0.812,-0.363,-0.457,10.477,8.366,12.504,2.305,scissors
45.816306,0.392,0.783,-0.482,2589.71,10.631,-23.836,24.731,-0.641,-0.610,0.466,0.157,0.532,-0.832,2579.93,-7.162,1.902,-6.267,-0.405,-0.450,0.796,0.827,-0.303,-0.474,2389.55,-6.714,-5.260,-12.310,-0.956,0.219,0.193,0.250,0.831,-0.497,2474.84,-5.595,8.617,-5.931,-0.531,-0.095,0.842,0.794,-0.494,-0.353,9.650,9.328,4.122,-0.198,0.797,-0.363,-0.482,10.475,1.588,6.626,2.672,scissors
45.816387,0.412,0.704,-0.579,2869.05,23.836,-34.803,28.536,-0.654,-0.610,0.448,0.160,0.491,-0.856,2531.29,-2.574,-3.357,-2.462,-0.407,-0.431,0.806,0.819,-0.330,-0.469,2434.95,-8.057,1.119,-5.483,-0.946,0.203,0.251,0.258,0.810,-0.527,2515.99,3.805,1.119,0.448,-0.533,-0.109,0.839,0.810,-0.475,-0.343,10.040,2.244,3.924,-1.771,0.811,-0.342,-0.475,10.926,-6.611,3.252,2.107,scissors
45.821255,0.378,0.803,-0.461,2430.18,14.772,-39.055,24.731,-0.651,-0.610,0.451,0.153,0.478,-0.865,2642.53,0.336,-7.274,4.924,-0.414,-0.443,0.795,0.807,-0.327,-0.491,2605.17,-7.274,0.224,0.224,-0.953,0.214,0.214,0.252,0.807,-0.535,2500.30,2.798,-2.910,2.014,-0.526,-0.099,0.845,0.787,-0.512,-0.344,10.265,1.099,7.756,-0.122,0.794,-0.390,-0.467,11.131,-9.130,5.405,2.305,scissors
45.838309,0.402,0.756,-0.516,2551.87,-4.141,-11.862,7.833,-0.646,-0.615,0.453,0.118,0.578,-0.807,2440.12,-0.112,-10.183,7.722,-0.403,-0.451,0.796,0.847,-0.259,-0.464,2528.26,-7.610,3.021,1.679,-0.956,0.219,0.193,0.231,0.816,-0.530,2469.82,-1.679,-5.036,1.902,-0.530,-0.100,0.842,0.791,-0.533,-0.300,9.902,5.084,11.527,1.374,0.806,-0.409,-0.429,10.811,-4.015,12.489,4.290,scissors
45.863043,0.313,0.870,-0.381,2680.79,2.238,-20.367,6.379,-0.643,-0.597,0.480,0.124,0.614,-0.779,2553.27,-7.722,-2.462,4.700,-0.433,-0.443,0.785,0.850,-0.218,-0.479,2426.97,-14.324,0.560,-3.357,-0.956,0.169,0.238,0.224,0.847,-0.482,2450.44,-4.924,-0.783,-2.798,-0.538,-0.100,0.837,0.796,-0.524,-0.303,9.612,8.153,7.130,-1.939,0.809,-0.399,-0.431,10.399,-2.290,8.046,1.069,scissors
45.884941,0.427,0.695,-0.579,2495.91,6.938,-2.126,-7.610,-0.649,-0.600,0.468,0.138,0.601,-0.787,2576.80,-1.790,-4.364,-1.790,-0.392,-0.455,0.800,0.850,-0.241,-0.468,2357.81,-7.722,-3.245,-4.252,-0.972,0.188,0.142,0.239,0.842,-0.483,2464.30,-0.560,1.343,-2.350,-0.523,-0.095,0.847,0.798,-0.519,-0.307,9.737,4.321,1.573,-3.618,0.811,-0.391,-0.435,10.592,-4.046,3.924,-1.588,scissors
45.908041,0.386,0.794,-0.470,2405.45,8.617,-15.443,7.833,-0.640,-0.604,0.476,0.149,0.532,-0.833,2576.86,2.126,-7.274,1.455,-0.404,-0.440,0.802,0.840,-0.265,-0.473,2477.63,-3.693,-3.581,-2.798,-0.964,0.196,0.179,0.243,0.824,-0.511,2422.82,4.364,1.119,-0.783,-0.534,-0.100,0.839,0.805,-0.508,-0.308,9.894,5.618,2.779,-1.817,0.816,-0.379,-0.437,10.756,-3.771,3.221,-0.687,scissors
46.319982,0.391,0.739,-0.548,2598.68,-1.119,-12.645,12.086,-0.641,-0.578,0.505,0.176,0.414,-0.893,2579.76,-0.671,-19.695,7.050,-0.414,-0.441,0.796,0.822,-0.303,-0.483,2487.74,-3.581,-1.119,-3.469,-0.967,0.181,0.177,0.234,0.823,-0.517,2473.67,2.574,0.895,-0.224,-0.533,-0.109,0.839,0.802,-0.501,-0.327,9.983,5.618,4.458,-1.435,0.811,-0.375,-0.449,10.865,-6.718,1.206,0.611,scissors
46.320185,0.362,0.788,-0.497,2747.64,1.455,-11.974,6.267,-0.636,-0.578,0.512,0.074,0.646,-0.759,2425.62,-5.036,-25.515,14.548,-0.408,-0.444,0.798,0.824,-0.293,-0.485,2538.77,-8.393,2.014,1.902,-0.956,0.200,0.215,0.240,0.812,-0.532,2458.01,-0.112,-1.455,0.336,-0.528,-0.103,0.843,0.798,-0.519,-0.306,9.956,7.939,4.641,-1.557,0.812,-0.399,-0.426,10.797,-5.359,-1.160,0.779,scissors
46.320285,0.391,0.758,-0.522,2520.87,0.448,-16.114,7.274,-0.632,-0.586,0.507,0.122,0.590,-0.798,2605.41,-3.693,-14.324,6.267,-0.402,-0.430,0.808,0.836,-0.258,-0.484,2502.90,-2.574,3.469,0.000,-0.967,0.181,0.177,0.231,0.833,-0.502,2467.22,-2.686,-2.574,-1.455,-0.533,-0.103,0.840,0.806,-0.519,-0.285,9.846,7.038,4.641,-2.305,0.823,-0.389,-0.415,10.723,-5.237,0.473,-0.214,scissors
46.320372,0.383,0.754,-0.534,2574.18,0.336,-19.136,11.414,-0.657,-0.578,0.485,0.122,0.581,-0.805,2596.44,-1.790,-18.576,5.036,-0.387,-0.428,0.817,0.826,-0.282,-0.488,2500.42,-5.483,-0.336,0.112,-0.964,0.184,0.192,0.239,0.838,-0.491,2465.64,-0.448,-2.014,-1.902,-0.537,-0.104,0.837,0.804,-0.513,-0.302,9.845,4.244,5.405,-2.992,0.815,-0.389,-0.431,10.677,-7.756,1.786,-0.901,scissors
46.320463,0.375,0.764,-0.525,2656.10,-3.021,-13.093,7.610,-0.656,-0.582,0.481,0.102,0.600,-0.793,2432.69,0.671,-18.464,4.029,-0.401,-0.437,0.805,0.850,-0.254,-0.461,2392.11,-8.393,-2.126,2.686,-0.956,0.161,0.247,0.233,0.833,-0.503,2445.53,3.805,-1.790,-0.783,-0.529,-0.100,0.842,0.805,-0.515,-0.295,9.823,4.397,5.557,-3.206,0.823,-0.389,-0.415,10.682,-8.198,0.122,-1.313,scissors
46.320544,0.396,0.726,-0.563,2566.74,0.783,-14.212,4.588,-0.631,-0.598,0.494,0.098,0.597,-0.796,2526.40,0.671,-16.450,6.267,-0.387,-0.425,0.818,0.832,-0.283,-0.477,2457.36,-5.036,-0.336,3.133,-0.953,0.211,0.216,0.237,0.824,-0.515,2446.58,3.581,-2.238,-0.448,-0.528,-0.094,0.844,0.796,-0.520,-0.310,9.838,3.786,4.931,-3.832,0.810,-0.399,-0.430,10.640,-9.237,-1.130,-1.313,scissors
46.320631,0.358,0.822,-0.444,2457.50,-1.679,-13.764,7.162,-0.653,-0.573,0.496,0.071,0.619,-0.782,2405.81,1.455,-15.555,4.364,-0.374,-0.438,0.818,0.848,-0.253,-0.465,2434.87,-5.819,-0.448,3.357,-0.960,0.180,0.213,0.223,0.829,-0.512,2418.83,1.567,-1.455,-0.336,-0.537,-0.104,0.837,0.792,-0.533,-0.297,9.897,9.298,4.382,-2.611,0.812,-0.409,-0.416,10.696,-5.756,-5.221,1.557,scissors
46.320721,0.387,0.769,-0.510,2525.55,-1.567,-1.790,3.469,-0.645,-0.574,0.504,0.088,0.584,-0.807,2380.92,0.000,-7.498,1.679,-0.385,-0.439,0.812,0.833,-0.232,-0.502,2487.92,-6.714,6.379,1.231,-0.957,0.197,0.213,0.227,0.832,-0.507,2425.12,-1.231,-0.112,-0.224,-0.535,-0.103,0.838,0.808,-0.523,-0.272,9.779,9.237,3.298,-0.351,0.827,-0.395,-0.400,10.598,-3.893,-2.321,2.229,scissors
46.320835,0.383,0.761,-0.524,2550.86,-1.231,-3.021,3.917,-0.641,-0.582,0.501,0.081,0.618,-0.782,2456.29,-3.805,-2.798,2.350,-0.388,-0.429,0.815,0.837,-0.221,-0.501,2476.94,-6.043,1.567,-1.902,-0.954,0.208,0.216,0.227,0.836,-0.499,2423.07,-1.790,0.448,-0.224,-0.529,-0.094,0.843,0.807,-0.515,-0.289,9.780,6.840,2.321,-0.534,0.820,-0.390,-0.418,10.608,-4.412,-1.435,0.046,scissors
46.320957,0.384,0.737,-0.556,2564.90,-3.021,-7.945,7.386,-0.621,-0.580,0.526,0.101,0.581,-0.807,2561.31,-2.126,-3.357,1.902,-0.398,-0.416,0.818,0.840,-0.263,-0.475,2422.81,2.014,-0.560,-1.790,-0.969,0.184,0.167,0.228,0.835,-0.501,2451.56,0.895,0.224,0.336,-0.528,-0.102,0.843,0.804,-0.516,-0.296,9.827,6.229,1.130,-2.611,0.818,-0.394,-0.419,10.648,-5.710,-4.260,-1.863,scissors
46.321050,0.380,0.783,-0.492,2516.61,-2.462,-3.805,2.462,-0.638,-0.583,0.504,0.084,0.595,-0.799,2502.96,0.671,-6.379,1.679,-0.389,-0.439,0.810,0.835,-0.256,-0.488,2483.87,4.029,1.231,-0.336,-0.962,0.197,0.190,0.227,0.830,-0.510,2467.57,1.455,-0.112,0.112,-0.529,-0.098,0.843,0.802,-0.521,-0.291,9.984,7.084,0.977,-2.260,0.816,-0.397,-0.421,10.826,-5.069,-4.198,-1.374,scissors
46.321137,0.377,0.783,-0.495,2564.17,-4.476,-0.224,2.014,-0.630,-0.566,0.531,0.079,0.585,-0.807,2378.45,0.112,-4.476,0.336,-0.380,-0.437,0.815,0.838,-0.260,-0.480,2522.23,1.119,1.679,-0.783,-0.950,0.214,0.229,0.229,0.826,-0.515,2442.74,0.000,0.560,-0.448,-0.532,-0.096,0.842,0.800,-0.527,-0.286,9.884,9.481,1.634,-0.840,0.817,-0.401,-0.415,10.679,-2.885,-3.664,-0.031,scissors
46.321224,0.392,0.744,-0.541,2541.36,-0.448,3.805,-2.350,-0.662,-0.552,0.507,0.084,0.614,-0.784,2486.94,-3.693,1.455,1.007,-0.371,-0.430,0.823,0.842,-0.240,-0.482,2450.09,-0.560,1.455,-2.238,-0.955,0.217,0.204,0.236,0.833,-0.500,2457.04,-2.126,1.343,-1.007,-0.525,-0.097,0.846,0.803,-0.514,-0.303,9.786,8.641,1.008,-1.435,0.813,-0.393,-0.430,10.603,-4.092,-4.794,-0.412,scissors
46.321307,0.378,0.771,-0.513,2605.60,-1.679,4.141,-0.560,-0.654,-0.582,0.482,0.100,0.575,-0.812,2485.70,-1.567,2.798,-1.119,-0.383,-0.439,0.813,0.840,-0.275,-0.468,2421.65,0.783,1.343,0.112,-0.956,0.179,0.234,0.243,0.830,-0.502,2466.60,-1.679,1.790,-0.895,-0.532,-0.104,0.840,0.803,-0.520,-0.291,9.889,6.489,-0.015,-2.473,0.816,-0.395,-0.421,10.710,-5.710,-5.847,-0.641,scissors
46.321391,0.397,0.743,-0.539,2533.76,-0.224,3.133,-0.895,-0.647,-0.571,0.505,0.087,0.600,-0.795,2514.96,0.224,2.910,0.783,-0.375,-0.433,0.820,0.844,-0.250,-0.475,2467.59,-0.448,2.798,1.343,-0.955,0.217,0.204,0.230,0.827,-0.512,2437.60,1.567,0.448,0.112,-0.528,-0.099,0.844,0.805,-0.521,-0.285,9.885,6.031,0.427,-1.557,0.820,-0.395,-0.414,10.716,-5.038,-3.969,-0.794,scissors
46.321473,0.375,0.779,-0.503,2579.41,0.112,1.790,-1.119,-0.649,-0.575,0.499,0.093,0.577,-0.812,2463.99,1.119,3.581,-0.560,-0.390,-0.452,0.803,0.843,-0.244,-0.480,2483.46,-0.336,1.567,0.560,-0.960,0.183,0.213,0.229,0.830,-0.508,2440.79,1.343,-0.112,0.560,-0.536,-0.097,0.839,0.799,-0.531,-0.281,9.885,6.809,0.992,-0.397,0.819,-0.404,-0.407,10.725,-3.145,-1.634,-0.382,scissors
46.321558,0.387,0.754,-0.531,2574.00,-0.112,3.133,-1.679,-0.632,-0.592,0.500,0.099,0.574,-0.813,2507.70,-0.671,3.021,0.112,-0.402,-0.428,0.810,0.838,-0.251,-0.485,2498.06,-2.350,1.007,-2.238,-0.955,0.195,0.223,0.234,0.827,-0.512,2439.92,-1.790,0.895,-0.112,-0.528,-0.096,0.844,0.805,-0.515,-0.296,9.801,7.756,1.298,-0.183,0.817,-0.391,-0.425,10.661,-2.870,-2.641,1.130,scissors
46.323895,0.383,0.769,-0.512,2550.37,-1.455,3.133,-3.021,-0.653,-0.564,0.505,0.081,0.621,-0.780,2461.87,-2.686,2.574,-0.112,-0.378,-0.435,0.817,0.843,-0.260,-0.470,2448.90,-3.021,2.798,-2.686,-0.960,0.180,0.213,0.235,0.833,-0.502,2470.38,-1.679,1.231,-0.112,-0.534,-0.103,0.839,0.804,-0.519,-0.290,9.828,6.305,0.046,-0.947,0.819,-0.395,-0.417,10.658,-4.519,-3.985,0.702,scissors
46.324012,0.388,0.762,-0.519,2519.76,0.336,3.805,-1.679,-0.642,-0.594,0.484,0.113,0.566,-0.817,2545.23,1.119,7.610,-1.007,-0.385,-0.424,0.820,0.832,-0.262,-0.488,2501.18,-3.133,2.014,-0.671,-0.963,0.190,0.190,0.236,0.830,-0.505,2452.92,0.000,0.895,0.895,-0.534,-0.101,0.840,0.804,-0.521,-0.285,9.876,4.840,0.260,-0.137,0.821,-0.397,-0.410,10.729,-5.160,-1.664,0.214,scissors
46.324100,0.384,0.763,-0.520,2568.79,-0.224,6.043,-0.783,-0.650,-0.583,0.487,0.103,0.578,-0.809,2507.17,-0.112,5.707,-0.336,-0.375,-0.442,0.815,0.841,-0.245,-0.481,2474.20,-4.364,-0.560,-0.336,-0.965,0.179,0.189,0.229,0.830,-0.508,2440.79,0.671,0.560,1.119,-0.531,-0.102,0.841,0.804,-0.522,-0.285,9.863,4.702,0.565,-0.168,0.817,-0.401,-0.415,10.688,-4.931,-1.511,0.366,scissors
46.338405,0.384,0.771,-0.509,2569.98,-0.112,6.043,-2.126,-0.657,-0.587,0.473,0.104,0.582,-0.807,2492.63,-0.224,5.595,-0.112,-0.387,-0.415,0.823,0.850,-0.244,-0.466,2448.53,-4.476,-1.119,-1.343,-0.962,0.187,0.199,0.233,0.830,-0.507,2443.10,-0.448,1.343,0.560,-0.528,-0.099,0.843,0.807,-0.519,-0.280,9.903,5.908,0.504,0.153,0.826,-0.390,-0.408,10.800,-3.618,-0.641,1.298,scissors
46.361360,0.389,0.757,-0.525,2563.44,-2.798,6.826,-1.679,-0.641,-0.591,0.489,0.100,0.578,-0.809,2471.92,-1.790,0.671,1.007,-0.380,-0.452,0.807,0.833,-0.253,-0.492,2522.26,-5.707,-0.671,-2.798,-0.962,0.172,0.212,0.235,0.827,-0.511,2463.08,-2.350,1.119,-0.112,-0.529,-0.104,0.842,0.801,-0.521,-0.294,9.877,5.084,2.168,0.489,0.818,-0.398,-0.416,10.696,-3.786,1.969,0.458,scissors
46.381763,0.384,0.757,-0.529,2564.84,-2.126,7.274,-2.574,-0.650,-0.581,0.490,0.109,0.578,-0.809,2558.41,-2.126,2.126,1.007,-0.390,-0.455,0.801,0.846,-0.257,-0.468,2440.78,-3.917,-0.224,-2.126,-0.954,0.152,0.259,0.233,0.831,-0.505,2451.41,-1.119,0.448,0.112,-0.525,-0.097,0.845,0.806,-0.518,-0.286,9.854,4.687,2.244,0.198,0.822,-0.394,-0.411,10.704,-4.687,1.115,0.702,scissors
46.403575,0.372,0.776,-0.510,2678.82,-3.581,5.931,-1.567,-0.636,-0.580,0.509,0.098,0.598,-0.795,2440.44,-1.119,1.679,0.224,-0.397,-0.428,0.812,0.849,-0.245,-0.468,2440.03,-5.371,-0.671,-1.343,-0.965,0.155,0.211,0.236,0.833,-0.500,2457.04,-0.560,0.224,0.448,-0.536,-0.104,0.838,0.804,-0.520,-0.289,9.878,5.725,2.336,-0.198,0.820,-0.399,-0.411,10.715,-4.489,-0.382,0.855,scissors
46.830167,0.385,0.766,-0.515,2558.96,-0.448,3.357,-3.917,-0.645,-0.583,0.494,0.098,0.620,-0.779,2530.80,-1.343,1.679,0.895,-0.391,-0.442,0.808,0.843,-0.244,-0.480,2483.46,-3.469,1.119,-1.231,-0.966,0.191,0.175,0.235,0.834,-0.499,2464.54,0.112,0.000,0.000,-0.530,-0.104,0.841,0.800,-0.530,-0.283,9.905,6.107,1.664,-0.550,0.820,-0.409,-0.400,10.738,-3.466,-0.565,-0.519,none
46.830315,0.387,0.781,-0.490,2546.73,1.231,5.260,-3.693,-0.665,-0.590,0.458,0.118,0.568,-0.814,2516.25,0.895,3.917,-1.567,-0.401,-0.440,0.804,0.851,-0.218,-0.478,2471.89,-2.798,0.671,-1.119,-0.969,0.177,0.175,0.237,0.833,-0.499,2442.88,0.224,0.671,-0.336,-0.533,-0.098,0.840,0.799,-0.534,-0.276,9.846,6.672,1.282,-0.489,0.820,-0.410,-0.400,10.687,-2.107,0.763,-0.382,none
46.830425,0.383,0.780,-0.496,2575.85,-0.448,7.162,-3.805,-0.661,-0.585,0.470,0.097,0.613,-0.784,2462.21,-1.231,2.462,-1.119,-0.386,-0.437,0.812,0.851,-0.241,-0.466,2427.59,-2.126,-0.560,-3.917,-0.967,0.181,0.177,0.229,0.833,-0.503,2443.22,-1.007,1.343,-0.783,-0.531,-0.097,0.842,0.800,-0.528,-0.286,9.745,8.137,-0.412,-1.069,0.820,-0.406,-0.403,10.575,-1.450,-1.466,0.031,none
46.830517,0.384,0.787,-0.483,2541.36,0.448,8.617,-5.036,-0.641,-0.594,0.486,0.137,0.542,-0.829,2601.15,-1.007,5.819,-2.462,-0.392,-0.428,0.815,0.844,-0.243,-0.478,2448.43,-3.469,0.895,-3.805,-0.971,0.147,0.188,0.242,0.836,-0.493,2435.61,-0.336,2.910,-0.783,-0.536,-0.108,0.837,0.807,-0.511,-0.296,9.866,6.763,-0.260,-1.344,0.821,-0.388,-0.418,10.668,-3.557,-2.443,-0.412,none
46.830618,0.387,0.754,-0.531,2574.00,0.000,5.371,-1.790,-0.655,-0.569,0.497,0.087,0.613,-0.785,2411.34,-1.679,-2.686,1.343,-0.399,-0.441,0.804,0.837,-0.284,-0.467,2444.59,-0.671,-0.448,-3.021,-0.963,0.184,0.198,0.233,0.823,-0.518,2487.08,-0.112,1.343,-0.448,-0.536,-0.106,0.838,0.803,-0.518,-0.294,9.897,6.183,-1.252,-1.939,0.823,-0.396,-0.408,10.749,-4.885,-5.542,-0.901,none
46.830727,0.385,0.783,-0.488,2537.58,-1.567,8.169,-3.245,-0.627,-0.591,0.508,0.103,0.584,-0.805,2498.46,0.448,4.252,0.336,-0.412,-0.455,0.789,0.838,-0.243,-0.489,2536.03,-1.455,1.231,-0.112,-0.966,0.152,0.209,0.235,0.827,-0.511,2426.53,0.671,0.560,0.448,-0.527,-0.110,0.843,0.800,-0.531,-0.279,9.935,7.389,1.008,-0.321,0.821,-0.409,-0.400,10.773,-3.725,-2.168,0.580,none
46.830816,0.402,0.751,-0.524,2529.93,-3.917,9.512,-3.581,-0.655,-0.592,0.470,0.119,0.575,-0.809,2485.40,-1.790,2.686,-0.895,-0.397,-0.417,0.818,0.838,-0.244,-0.488,2522.77,-4.364,0.783,-1.343,-0.973,0.153,0.174,0.241,0.828,-0.506,2446.78,-0.783,0.560,-0.112,-0.533,-0.109,0.839,0.798,-0.525,-0.296,9.865,7.863,1.603,-0.061,0.815,-0.407,-0.413,10.680,-3.313,-2.687,0.794,none
46.830898,0.377,0.794,-0.477,2592.79,-1.567,5.595,-4.029,-0.639,-0.596,0.487,0.082,0.637,-0.767,2415.56,-2.350,5.260,-1.119,-0.402,-0.426,0.811,0.855,-0.230,-0.464,2416.94,-2.686,2.574,-1.902,-0.965,0.186,0.187,0.231,0.832,-0.505,2472.25,-1.790,0.224,0.112,-0.531,-0.099,0.841,0.799,-0.533,-0.278,9.829,8.809,-0.260,-0.779,0.824,-0.410,-0.392,10.632,-2.840,-5.008,0.641,none
46.830978,0.381,0.812,-0.443,2487.04,-1.567,14.772,-7.610,-0.649,-0.594,0.475,0.137,0.549,-0.825,2533.48,0.224,14.100,-4.812,-0.394,-0.439,0.808,0.844,-0.235,-0.482,2493.36,-0.336,4.700,-0.783,-0.970,0.171,0.174,0.234,0.839,-0.492,2440.31,-1.119,1.343,0.112,-0.532,-0.103,0.841,0.801,-0.529,-0.278,9.864,8.275,-0.580,0.122,0.824,-0.404,-0.398,10.710,-2.931,-3.053,0.977,none
46.831067,0.397,0.746,-0.535,2587.62,-2.126,11.079,-5.595,-0.648,-0.591,0.480,0.097,0.628,-0.772,2463.85,-3.581,2.574,1.231,-0.394,-0.425,0.815,0.846,-0.247,-0.473,2454.57,-1.679,1.455,-2.238,-0.968,0.154,0.197,0.236,0.833,-0.500,2457.04,-2.350,0.783,-0.336,-0.532,-0.106,0.840,0.801,-0.524,-0.290,9.820,7.603,-1.878,-0.855,0.822,-0.402,-0.403,10.646,-3.634,-5.038,-0.153,none
46.831151,0.378,0.802,-0.463,2529.33,-1.567,12.422,-5.707,-0.651,-0.601,0.464,0.110,0.592,-0.799,2516.84,-0.336,6.267,-1.119,-0.388,-0.441,0.809,0.850,-0.244,-0.467,2443.19,0.112,2.910,0.112,-0.962,0.146,0.232,0.230,0.834,-0.502,2430.70,-0.336,0.895,0.448,-0.523,-0.103,0.846,0.794,-0.541,-0.277,9.929,10.489,-0.656,-0.595,0.819,-0.419,-0.391,10.760,-1.771,-6.000,1.389,none
46.831231,0.407,0.765,-0.499,2521.93,-3.693,22.941,-11.862,-0.662,-0.592,0.461,0.132,0.578,-0.805,2544.05,-3.133,10.295,-2.910,-0.392,-0.463,0.795,0.845,-0.226,-0.484,2500.69,-2.126,5.483,-1.567,-0.977,0.132,0.170,0.233,0.834,-0.499,2441.36,-1.790,1.455,-0.336,-0.531,-0.108,0.840,0.807,-0.519,-0.282,9.865,9.115,0.015,0.611,0.829,-0.395,-0.397,10.683,-1.618,-3.313,2.870,none
46.831312,0.392,0.753,-0.529,2693.78,-3.693,12.869,-3.245,-0.666,-0.582,0.466,0.128,0.590,-0.797,2556.84,-3.245,6.155,-1.902,-0.411,-0.454,0.791,0.839,-0.267,-0.474,2450.32,-6.155,3.245,-4.252,-0.963,0.182,0.200,0.245,0.830,-0.501,2490.66,-1.902,2.574,-0.112,-0.533,-0.105,0.840,0.804,-0.515,-0.297,9.885,5.023,-0.550,-0.824,0.821,-0.394,-0.412,10.697,-5.511,-3.908,0.702,none
46.831391,0.393,0.774,-0.497,2609.84,0.336,5.595,-2.798,-0.648,-0.615,0.449,0.137,0.560,-0.817,2591.36,0.448,3.133,-0.671,-0.391,-0.442,0.808,0.850,-0.245,-0.466,2474.10,-5.148,0.336,-0.224,-0.961,0.149,0.234,0.243,0.827,-0.507,2463.37,0.560,-0.112,0.560,-0.536,-0.117,0.836,0.798,-0.530,-0.287,9.972,5.191,0.534,-1.008,0.820,-0.410,-0.400,10.783,-5.878,-3.557,0.198,none
46.831471,0.389,0.777,-0.495,2559.68,-1.231,4.029,-2.126,-0.648,-0.609,0.457,0.127,0.587,-0.799,2503.08,0.000,1.679,-0.336,-0.408,-0.444,0.798,0.852,-0.228,-0.472,2482.91,-3.693,1.455,0.671,-0.964,0.178,0.198,0.237,0.833,-0.499,2442.88,-0.448,-0.895,0.448,-0.535,-0.113,0.837,0.800,-0.532,-0.278,9.915,5.939,1.176,-0.443,0.822,-0.411,-0.394,10.738,-4.962,-2.229,0.550,none
46.831556,0.385,0.796,-0.468,2561.88,-1.119,5.483,-3.245,-0.635,-0.621,0.459,0.116,0.608,-0.786,2482.33,-0.895,2.238,-0.224,-0.389,-0.436,0.812,0.850,-0.220,-0.479,2488.16,-5.707,0.224,-0.336,-0.965,0.112,0.239,0.237,0.835,-0.497,2451.22,-1.679,0.000,0.112,-0.538,-0.114,0.835,0.797,-0.539,-0.273,9.818,5.298,0.901,-0.687,0.822,-0.418,-0.388,10.638,-4.565,-1.221,0.015,none
46.831642,0.398,0.773,-0.494,2525.06,1.119,7.945,-5.260,-0.644,-0.622,0.446,0.134,0.592,-0.795,2515.95,-1.119,4.924,-1.231,-0.401,-0.437,0.805,0.858,-0.199,-0.473,2452.12,-3.693,-1.343,-1.679,-0.968,0.140,0.210,0.238,0.838,-0.491,2441.83,-1.119,0.895,-0.560,-0.531,-0.108,0.841,0.793,-0.538,-0.285,9.812,6.290,0.198,-1.588,0.816,-0.416,-0.401,10.612,-4.000,-4.183,0.000,none
46.833220,0.385,0.804,-0.453,2560.72,-1.679,3.245,-0.336,-0.659,-0.606,0.446,0.122,0.601,-0.790,2444.18,-0.671,6.379,-2.574,-0.408,-0.444,0.798,0.853,-0.234,-0.467,2422.84,0.895,1.231,-2.350,-0.970,0.158,0.185,0.239,0.835,-0.495,2462.55,0.000,1.455,-0.336,-0.536,-0.108,0.837,0.787,-0.543,-0.294,9.933,9.725,-0.412,-2.977,0.808,-0.427,-0.406,10.732,-3.023,-9.603,0.504,none
46.833333,0.388,0.803,-0.453,2539.32,0.336,6.267,-1.455,-0.652,-0.629,0.422,0.113,0.635,-0.764,2452.10,0.112,9.512,-2.910,-0.406,-0.447,0.797,0.849,-0.228,-0.477,2478.29,2.910,9.064,1.007,-0.970,0.127,0.206,0.236,0.833,-0.500,2457.04,1.902,0.560,0.336,-0.532,-0.105,0.840,0.794,-0.540,-0.280,9.937,12.397,0.702,-2.779,0.816,-0.422,-0.395,10.755,-1.038,-9.664,1.481,none
46.833425,0.389,0.793,-0.468,2583.04,-0.671,10.519,-2.910,-0.658,-0.619,0.429,0.134,0.606,-0.784,2587.50,3.133,20.814,-10.743,-0.409,-0.449,0.795,0.852,-0.237,-0.467,2469.27,1.007,14.324,2.686,-0.970,0.146,0.193,0.233,0.837,-0.495,2445.24,1.343,0.336,0.000,-0.532,-0.108,0.840,0.804,-0.529,-0.272,9.844,14.153,0.611,-3.130,0.823,-0.408,-0.395,10.683,0.168,-9.069,1.695,none
46.852131,0.387,0.796,-0.466,2573.70,-1.567,12.533,-4.700,-0.658,-0.622,0.424,0.138,0.595,-0.792,2585.82,-0.560,14.324,-7.386,-0.399,-0.441,0.804,0.849,-0.238,-0.472,2503.12,0.560,13.093,0.560,-0.969,0.162,0.186,0.244,0.830,-0.501,2452.46,1.343,1.343,-0.895,-0.531,-0.104,0.841,0.807,-0.520,-0.280,9.853,12.794,1.664,-3.053,0.824,-0.399,-0.403,10.666,-1.344,-8.366,1.985,none
46.876140,0.392,0.771,-0.503,2619.06,-0.112,9.288,-5.819,-0.636,-0.623,0.455,0.140,0.575,-0.806,2540.20,-0.224,10.072,-8.617,-0.413,-0.452,0.791,0.847,-0.258,-0.465,2496.59,-2.910,11.862,1.455,-0.964,0.151,0.218,0.241,0.828,-0.507,2484.15,1.790,0.224,-0.895,-0.530,-0.106,0.841,0.809,-0.523,-0.270,9.897,9.542,0.275,-3.099,0.825,-0.401,-0.397,10.677,-4.122,-7.985,1.023,none
46.899241,0.417,0.733,-0.537,2578.71,1.902,8.393,-5.260,-0.671,-0.623,0.402,0.151,0.553,-0.819,2549.29,2.350,6.714,-6.491,-0.392,-0.454,0.800,0.851,-0.243,-0.465,2496.15,-2.350,7.833,2.014,-0.977,0.128,0.171,0.244,0.827,-0.506,2450.03,2.126,-0.560,-0.224,-0.533,-0.111,0.839,0.802,-0.529,-0.278,9.874,7.115,1.191,-2.412,0.817,-0.411,-0.405,10.665,-5.588,-5.969,0.779,none
46.921288,0.390,0.779,-0.490,2603.81,-0.448,1.231,-0.448,-0.654,-0.613,0.443,0.142,0.577,-0.804,2511.09,0.895,3.805,-3.133,-0.415,-0.457,0.786,0.860,-0.242,-0.448,2458.22,-2.910,4.812,0.783,-0.968,0.169,0.185,0.241,0.828,-0.506,2446.78,0.671,-1.007,0.671,-0.527,-0.105,0.843,0.800,-0.533,-0.277,9.873,7.695,1.374,-2.244,0.815,-0.418,-0.402,10.676,-5.771,-6.656,1.725,none
47.339977,0.388,0.798,-0.461,2540.45,0.895,0.448,-2.350,-0.630,-0.630,0.455,0.129,0.619,-0.775,2454.68,0.224,4.700,-3.357,-0.397,-0.453,0.798,0.858,-0.235,-0.457,2498.86,-4.812,5.931,1.231,-0.973,0.164,0.161,0.233,0.837,-0.495,2445.24,0.336,-0.783,0.224,-0.532,-0.110,0.840,0.800,-0.541,-0.261,9.844,7.740,1.115,-2.015,0.819,-0.424,-0.388,10.625,-5.344,-6.061,1.313,none
47.340131,0.396,0.784,-0.477,2512.07,-0.224,2.014,-1.790,-0.635,-0.621,0.459,0.154,0.565,-0.810,2565.30,0.895,6.602,-4.252,-0.410,-0.452,0.792,0.860,-0.212,-0.464,2481.69,-2.350,3.469,0.112,-0.975,0.141,0.171,0.237,0.836,-0.495,2446.76,-0.336,0.224,0.000,-0.534,-0.110,0.838,0.801,-0.538,-0.261,9.843,6.183,0.275,-1.389,0.818,-0.419,-0.395,10.615,-5.130,-4.183,-0.092,none
47.340264,0.401,0.768,-0.499,2578.37,0.336,2.350,0.112,-0.649,-0.624,0.436,0.139,0.592,-0.794,2483.03,0.448,1.567,-1.119,-0.420,-0.466,0.779,0.865,-0.228,-0.447,2444.16,-0.336,-0.336,-0.671,-0.974,0.149,0.171,0.241,0.835,-0.494,2448.91,-0.224,0.671,0.000,-0.529,-0.104,0.842,0.803,-0.528,-0.277,9.873,4.947,-0.458,-1.786,0.815,-0.413,-0.407,10.675,-5.740,-4.626,-1.450,none
47.340361,0.393,0.777,-0.492,2558.66,0.560,-1.455,1.231,-0.649,-0.632,0.424,0.142,0.579,-0.803,2503.86,1.119,1.567,0.336,-0.408,-0.453,0.792,0.858,-0.247,-0.451,2488.19,0.895,1.007,1.567,-0.986,0.098,0.132,0.239,0.828,-0.508,2460.13,1.343,-0.448,0.671,-0.531,-0.108,0.841,0.803,-0.530,-0.274,9.940,5.420,0.000,-1.588,0.818,-0.412,-0.400,10.778,-6.214,-4.550,-0.550,none
47.340453,0.381,0.796,-0.470,2611.94,-0.224,-1.343,0.112,-0.638,-0.617,0.461,0.134,0.607,-0.783,2516.45,0.000,1.790,-0.336,-0.410,-0.452,0.792,0.859,-0.232,-0.456,2484.24,-2.574,0.895,1.343,-0.973,0.110,0.205,0.233,0.831,-0.505,2451.41,0.560,-0.783,0.448,-0.531,-0.103,0.841,0.802,-0.535,-0.265,9.914,5.695,0.504,-1.511,0.820,-0.416,-0.392,10.730,-5.450,-2.534,-0.901,none
47.340535,0.390,0.796,-0.463,2525.31,0.895,0.000,-2.350,-0.639,-0.626,0.447,0.149,0.580,-0.801,2518.99,0.112,3.245,-1.231,-0.415,-0.459,0.786,0.858,-0.222,-0.463,2509.56,-3.245,-0.336,1.007,-0.979,0.141,0.145,0.245,0.834,-0.495,2443.82,-0.560,-0.112,-0.224,-0.530,-0.102,0.842,0.803,-0.529,-0.273,9.868,3.969,2.122,-0.244,0.818,-0.411,-0.403,10.670,-6.076,0.473,-0.641,none
47.340617,0.412,0.753,-0.514,2563.67,-1.007,-3.245,0.895,-0.646,-0.622,0.443,0.135,0.604,-0.786,2483.20,-0.671,-1.679,1.343,-0.416,-0.468,0.780,0.871,-0.254,-0.421,2385.20,-3.469,-2.014,0.336,-0.971,0.154,0.182,0.247,0.829,-0.502,2469.05,-1.343,-1.455,0.336,-0.534,-0.111,0.838,0.799,-0.531,-0.281,9.840,3.771,0.244,-1.802,0.813,-0.417,-0.406,10.623,-7.664,-4.748,-0.870,none
47.340698,0.389,0.800,-0.457,2536.66,1.567,-0.783,0.224,-0.649,-0.626,0.431,0.131,0.618,-0.775,2504.14,0.671,0.336,1.231,-0.410,-0.468,0.783,0.863,-0.229,-0.450,2472.01,0.783,2.014,3.021,-0.979,0.120,0.167,0.232,0.834,-0.501,2453.87,1.343,-0.895,1.119,-0.533,-0.111,0.839,0.799,-0.544,-0.255,9.933,5.466,0.336,-1.557,0.822,-0.422,-0.382,10.751,-6.137,-4.458,-0.305,none
47.340812,0.390,0.797,-0.461,2556.46,-1.007,0.560,0.224,-0.631,-0.628,0.456,0.141,0.583,-0.800,2450.76,1.007,1.567,-0.671,-0.417,-0.458,0.785,0.853,-0.224,-0.472,2525.58,-1.679,0.224,0.112,-0.976,0.123,0.179,0.235,0.836,-0.495,2423.56,-0.671,-0.224,0.336,-0.533,-0.107,0.839,0.803,-0.534,-0.264,9.866,4.733,1.740,-0.321,0.822,-0.415,-0.390,10.657,-5.466,-1.206,-0.397,none
47.340933,0.388,0.790,-0.475,2543.61,-0.783,1.902,-0.560,-0.644,-0.601,0.474,0.132,0.609,-0.782,2479.44,-1.902,1.567,0.560,-0.418,-0.459,0.784,0.860,-0.225,-0.458,2470.44,-3.469,-1.455,-0.336,-0.972,0.135,0.194,0.228,0.835,-0.501,2451.56,-1.790,0.224,0.336,-0.530,-0.106,0.841,0.800,-0.535,-0.271,9.816,3.847,1.405,-0.153,0.818,-0.417,-0.395,10.644,-5.405,-0.672,-0.504,none
47.341029,0.389,0.800,-0.457,2536.66,-0.783,4.476,-1.455,-0.629,-0.630,0.456,0.149,0.585,-0.798,2530.05,-1.567,4.141,0.224,-0.432,-0.449,0.782,0.871,-0.200,-0.448,2438.94,-4.924,-1.790,-1.343,-0.962,0.165,0.218,0.237,0.832,-0.502,2448.72,-0.783,0.671,0.336,-0.528,-0.107,0.843,0.803,-0.532,-0.269,9.870,4.153,0.687,0.443,0.822,-0.413,-0.391,10.721,-4.901,-1.115,-0.198,none
47.341115,0.396,0.768,-0.504,2614.91,0.560,7.386,-4.252,-0.644,-0.617,0.452,0.145,0.571,-0.808,2451.52,-0.448,3.133,0.448,-0.431,-0.460,0.777,0.854,-0.237,-0.463,2509.95,-3.245,-1.679,-1.343,-0.969,0.138,0.204,0.240,0.831,-0.501,2450.86,-0.224,0.000,0.671,-0.532,-0.107,0.840,0.798,-0.538,-0.273,9.919,3.679,0.779,0.779,0.819,-0.419,-0.391,10.735,-4.519,0.061,-0.779,none
47.341199,0.392,0.794,-0.464,2540.55,-0.671,5.595,-4.141,-0.652,-0.617,0.442,0.150,0.588,-0.795,2564.91,-1.007,5.371,0.895,-0.423,-0.462,0.780,0.861,-0.225,-0.456,2479.90,-2.462,-3.469,-1.567,-0.968,0.127,0.217,0.243,0.831,-0.499,2460.76,-1.119,0.560,0.112,-0.527,-0.101,0.844,0.796,-0.538,-0.278,9.861,4.824,0.626,0.000,0.813,-0.422,-0.401,10.649,-4.916,-2.015,-0.183,none
47.341290,0.400,0.777,-0.486,2610.88,-1.007,5.707,-3.133,-0.640,-0.630,0.440,0.150,0.606,-0.782,2572.88,-1.567,2.014,0.448,-0.414,-0.469,0.780,0.861,-0.239,-0.449,2455.81,-2.574,-2.350,-1.231,-0.968,0.130,0.215,0.243,0.833,-0.498,2469.92,-1.119,0.448,0.000,-0.531,-0.112,0.840,0.800,-0.535,-0.271,9.887,4.626,-0.458,-1.344,0.822,-0.416,-0.389,10.671,-5.588,-3.618,-0.214,none
47.341383,0.384,0.797,-0.466,2595.08,1.679,1.790,-1.679,-0.645,-0.610,0.460,0.144,0.598,-0.789,2473.98,0.448,0.448,-1.455,-0.421,-0.469,0.776,0.851,-0.229,-0.473,2519.32,-4.812,-1.455,-0.336,-0.968,0.132,0.215,0.239,0.834,-0.498,2466.68,0.783,0.448,-0.224,-0.529,-0.106,0.842,0.797,-0.540,-0.269,9.953,3.924,0.733,-0.855,0.819,-0.422,-0.389,10.783,-5.344,-0.733,-0.260,none
47.341466,0.392,0.790,-0.472,2542.77,0.783,1.902,-2.574,-0.637,-0.619,0.460,0.143,0.603,-0.785,2485.20,-0.224,1.679,-1.007,-0.422,-0.445,0.790,0.862,-0.219,-0.457,2499.48,-5.260,-2.686,-0.560,-0.981,0.103,0.166,0.237,0.833,-0.499,2442.88,-0.448,0.000,-0.448,-0.527,-0.103,0.843,0.797,-0.536,-0.280,9.771,6.519,0.122,-1.008,0.817,-0.419,-0.395,10.543,-4.382,-3.802,0.168,none
47.341550,0.388,0.797,-0.463,2569.05,-0.783,2.574,-2.126,-0.650,-0.631,0.423,0.142,0.608,-0.781,2511.38,-0.895,1.231,-1.007,-0.428,-0.462,0.776,0.863,-0.213,-0.458,2427.52,-0.336,0.783,-0.895,-0.963,0.169,0.211,0.237,0.835,-0.497,2451.22,-0.783,1.231,-0.224,-0.534,-0.107,0.839,0.802,-0.536,-0.263,9.866,6.000,-1.466,-1.313,0.826,-0.417,-0.380,10.691,-4.336,-4.336,-1.069,none
47.343168,0.390,0.794,-0.466,2553.14,1.343,4.588,-2.798,-0.649,-0.626,0.431,0.151,0.593,-0.791,2428.54,0.895,2.910,-1.231,-0.420,-0.454,0.786,0.854,-0.222,-0.470,2510.33,-0.560,-1.790,-1.007,-0.972,0.132,0.193,0.239,0.834,-0.498,2430.06,-0.336,1.343,0.112,-0.532,-0.110,0.840,0.800,-0.537,-0.266,9.821,4.183,-0.901,0.595,0.824,-0.417,-0.383,10.697,-4.031,0.366,-0.931,none
47.343255,0.400,0.783,-0.477,2516.06,0.224,9.512,-3.917,-0.629,-0.651,0.424,0.151,0.576,-0.803,2415.85,-0.895,6.155,0.000,-0.413,-0.453,0.790,0.852,-0.234,-0.468,2504.57,-2.462,-2.798,-1.455,-0.970,0.111,0.215,0.241,0.834,-0.496,2440.56,-0.560,1.567,1.007,-0.531,-0.108,0.840,0.803,-0.530,-0.274,9.865,1.985,-0.336,1.924,0.821,-0.411,-0.396,10.633,-5.282,2.321,-0.366,none
47.343337,0.398,0.776,-0.489,2551.50,-3.805,9.960,-3.469,-0.649,-0.612,0.453,0.149,0.600,-0.786,2580.18,-2.686,7.945,2.350,-0.422,-0.465,0.778,0.858,-0.249,-0.450,2430.87,-0.783,-5.260,-3.021,-0.964,0.134,0.228,0.241,0.828,-0.506,2446.78,-1.679,0.671,1.231,-0.522,-0.105,0.846,0.802,-0.529,-0.276,9.922,3.237,0.855,0.504,0.824,-0.410,-0.391,10.742,-5.634,0.321,-1.038,none
47.367077,0.381,0.813,-0.440,2566.51,-3.805,12.533,-7.833,-0.642,-0.639,0.423,0.151,0.569,-0.808,2426.24,1.231,15.331,-7.050,-0.423,-0.466,0.778,0.871,-0.182,-0.456,2462.01,-1.679,-4.141,-1.007,-0.970,0.127,0.206,0.226,0.838,-0.496,2477.49,-1.455,0.671,0.560,-0.528,-0.107,0.842,0.800,-0.536,-0.269,9.862,3.084,-0.168,1.542,0.828,-0.416,-0.377,10.713,-4.107,1.649,-1.832,none
47.389758,0.390,0.813,-0.431,2505.30,-2.350,19.472,-10.967,-0.658,-0.637,0.401,0.124,0.655,-0.745,2394.38,-0.560,16.562,-4.476,-0.437,-0.455,0.776,0.859,-0.188,-0.476,2483.49,-1.902,-5.483,-1.902,-0.985,0.098,0.145,0.237,0.833,-0.499,2442.88,-0.895,1.343,0.336,-0.538,-0.113,0.835,0.803,-0.537,-0.258,9.792,1.481,-1.374,3.511,0.833,-0.416,-0.365,10.671,-3.282,6.244,-2.061,none
47.411236,0.361,0.862,-0.356,2514.24,-7.610,32.453,-22.605,-0.644,-0.645,0.411,0.118,0.693,-0.711,2261.88,0.000,28.984,-10.072,-0.453,-0.465,0.761,0.846,-0.209,-0.491,2523.74,-2.014,-13.653,-6.379,-0.969,0.161,0.187,0.230,0.837,-0.497,2434.56,-2.014,2.686,0.000,-0.532,-0.114,0.839,0.803,-0.544,-0.242,9.378,-5.573,-6.229,6.122,0.844,-0.412,-0.343,10.513,-5.420,14.504,-0.168,none
47.434331,0.372,0.885,-0.279,2256.73,-13.988,86.615,-52.484,-0.637,-0.652,0.411,0.151,0.692,-0.706,2165.34,-5.148,71.508,-24.395,-0.457,-0.457,0.763,0.831,-0.175,-0.528,2568.46,-6.826,-25.962,-12.198,-0.966,0.102,0.238,0.244,0.840,-0.485,2412.57,-3.805,4.924,1.455,-0.531,-0.110,0.840,0.819,-0.530,-0.219,9.326,-19.847,-9.969,7.649,0.867,-0.389,-0.311,10.215,-9.466,31.405,-9.191,none
47.847688,0.376,0.902,-0.214,2260.89,-38.160,135.294,-75.313,-0.645,-0.664,0.380,0.146,0.755,-0.640,2038.15,-10.072,97.806,-29.655,-0.455,-0.483,0.748,0.814,-0.181,-0.552,2584.44,-6.714,-54.051,-23.500,-0.975,0.092,0.203,0.238,0.839,-0.489,2392.04,-6.714,6.714,4.812,-0.540,-0.114,0.834,0.807,-0.576,-0.133,7.545,-47.466,-25.481,12.183,0.806,-0.435,-0.401,11.373,-16.626,46.550,-7.939,none
47.849905,0.355,0.924,-0.143,2557.63,-54.946,183.190,-98.029,-0.655,-0.700,0.285,0.130,0.849,-0.512,1836.47,-20.143,143.128,-44.986,-0.499,-0.502,0.706,0.823,-0.158,-0.545,2580.65,-15.891,-87.287,-36.817,-0.967,0.061,0.248,0.223,0.840,-0.495,2424.23,-9.176,7.498,7.162,-0.539,-0.121,0.834,0.782,-0.545,-0.302,10.684,-74.931,-19.588,28.092,0.847,-0.428,-0.315,10.281,-23.191,54.473,-4.214,none
47.850033,0.316,0.947,-0.053,2658.74,-55.953,220.007,-113.920,-0.638,-0.722,0.268,0.141,0.942,-0.304,1902.83,-37.600,205.011,-62.220,-0.496,-0.501,0.709,0.801,-0.103,-0.590,2651.10,-31.110,-126.342,-60.093,-0.955,0.033,0.294,0.217,0.855,-0.471,2359.23,-16.003,6.826,6.938,-0.539,-0.126,0.833,0.831,-0.527,-0.178,7.686,-80.214,-39.756,27.954,0.897,-0.409,-0.168,6.335,-74.534,-59.313,23.008,none
47.850135,0.278,0.960,0.043,2666.61,-53.827,254.250,-128.916,-0.626,-0.758,0.182,0.278,0.925,-0.259,2235.25,-59.870,266.112,-86.727,-0.526,-0.535,0.661,0.788,0.106,-0.607,2884.12,-56.624,-136.973,-73.298,-0.928,0.043,0.370,0.225,0.874,-0.431,2398.31,-23.836,17.345,9.960,-0.528,-0.125,0.840,0.927,-0.353,0.126,7.042,-180.901,-85.038,19.237,0.959,-0.036,0.280,4.031,-182.550,-155.618,23.206,none
47.850243,0.306,0.950,0.054,2515.86,-38.831,286.479,-126.677,-0.610,-0.790,0.066,0.333,0.904,-0.269,2516.58,-74.305,305.055,-104.856,-0.564,-0.578,0.589,0.742,0.061,-0.667,2916.54,-64.346,-179.273,-106.758,-0.903,-0.044,0.428,0.221,0.883,-0.413,2404.45,-28.088,18.129,10.743,-0.531,-0.129,0.837,0.680,0.079,0.729,8.175,-389.420,-200.794,16.290,0.594,0.357,0.721,8.667,-416.275,-399.878,34.260,none
47.850337,0.406,0.913,0.037,2307.56,-25.067,302.258,-108.884,-0.558,-0.827,0.062,0.481,0.807,-0.342,2695.45,-68.822,319.379,-113.361,-0.577,-0.601,0.552,0.906,0.147,-0.397,1815.41,-42.748,-194.157,-106.311,-0.868,-0.131,0.479,0.224,0.899,-0.376,2330.67,-55.393,14.100,11.191,-0.534,-0.141,0.834,0.734,0.339,-0.588,8.189,-500.275,-109.908,91.863,0.746,0.243,-0.619,9.000,-500.275,-135.099,64.412,none
47.850433,0.385,0.923,-0.014,2304.22,-25.962,295.991,-81.803,-0.554,-0.832,-0.031,0.515,0.739,-0.433,2690.11,-57.967,307.070,-106.422,-0.599,-0.641,0.480,0.712,0.220,-0.667,2462.30,-12.422,-151.520,-120.970,-0.830,-0.188,0.525,0.255,0.924,-0.287,2236.99,-65.689,14.883,14.324,-0.521,-0.154,0.840,0.268,0.206,-0.941,13.724,-500.275,-24.779,139.420,0.367,-0.040,-0.930,15.774,-500.275,-152.366,123.084,none
47.850532,0.583,0.805,-0.109,1826.93,-10.967,276.407,-49.350,-0.512,-0.859,0.003,0.477,0.770,-0.424,2634.96,-37.377,267.231,-77.998,-0.583,-0.660,0.474,0.633,0.222,-0.741,2612.52,-13.317,-147.380,-135.182,-0.748,-0.222,0.625,0.242,0.923,-0.300,2397.15,-48.120,46.105,18.800,-0.507,-0.192,0.840,0.110,0.033,-0.993,15.276,-374.519,-20.534,-10.000,-0.059,0.016,-0.998,15.417,-445.160,-82.290,-14.947,none
47.854216,0.647,0.758,-0.085,1874.42,-4.141,237.352,14.100,-0.487,-0.872,-0.052,0.468,0.804,-0.367,2644.98,10.967,234.331,-41.293,-0.563,-0.683,0.465,0.574,-0.130,-0.808,2468.56,-1.455,-157.563,-147.044,-0.718,-0.245,0.652,0.299,0.907,-0.296,2461.89,-10.295,62.443,32.341,-0.510,-0.210,0.834,0.445,0.007,-0.896,12.595,-267.313,-22.122,-75.710,0.295,0.043,-0.954,16.578,-294.382,-132.305,-74.321,none
47.854337,0.681,0.730,-0.061,2297.35,-18.353,190.911,84.153,-0.499,-0.866,-0.029,0.719,0.662,-0.212,2173.72,42.077,229.966,-19.807,-0.605,-0.678,0.417,0.728,-0.030,-0.685,1881.17,-41.293,-144.582,-75.201,-0.641,-0.301,0.706,0.364,0.828,-0.426,2400.53,15.779,55.841,43.196,-0.483,-0.221,0.847,0.747,0.090,-0.659,12.044,-237.023,1.237,-40.885,0.486,-0.042,-0.873,19.594,-100.229,-74.260,-0.702,none
47.854438,0.520,0.846,-0.120,3384.70,-41.741,158.906,77.998,-0.546,-0.832,-0.100,0.784,0.553,-0.282,2780.74,-1.007,236.905,-21.710,-0.591,-0.682,0.430,0.813,0.123,-0.569,1541.06,-9.288,-58.527,-93.889,-0.588,-0.346,0.731,0.414,0.769,-0.486,2466.75,45.210,51.253,49.686,-0.472,-0.227,0.852,0.544,0.017,-0.839,13.398,-204.519,11.115,-35.924,0.569,0.086,-0.818,14.275,7.771,-41.115,31.313,none
47.854531,0.548,0.821,-0.157,3640.08,-29.879,138.651,44.539,-0.543,-0.828,-0.140,0.769,0.549,-0.327,3088.12,-18.017,230.638,-25.850,-0.598,-0.690,0.407,0.558,-0.272,-0.784,2294.43,10.183,13.429,-85.048,-0.547,-0.393,0.739,0.412,0.752,-0.514,2811.09,20.703,20.255,36.369,-0.468,-0.225,0.855,0.637,0.093,-0.765,14.873,-95.038,-28.458,-48.351,0.594,0.244,-0.767,14.470,28.595,-43.832,56.397,none
47.854616,0.535,0.721,-0.440,5218.58,-82.698,41.181,-39.279,-0.563,-0.814,-0.143,0.690,0.682,-0.244,4012.79,-48.455,274.617,-111.122,-0.627,-0.705,0.331,0.479,-0.218,-0.850,3004.15,22.829,44.650,-36.146,-0.537,-0.381,0.753,0.425,0.704,-0.569,3073.26,0.671,6.491,24.619,-0.450,-0.239,0.860,0.772,0.291,-0.564,14.091,-47.374,12.412,-8.626,0.625,0.274,-0.731,13.867,12.947,-19.176,16.840,none
47.854700,0.526,0.850,0.034,2825.77,43.308,12.422,-13.429,-0.544,-0.813,-0.207,0.770,0.419,-0.481,4563.94,-27.641,222.693,-101.163,-0.618,-0.717,0.322,0.422,-0.241,-0.874,3526.20,19.248,33.348,8.729,-0.547,-0.394,0.739,0.402,0.769,-0.497,3028.53,-21.934,-16.338,5.036,-0.449,-0.240,0.861,0.562,0.265,-0.783,11.392,-16.015,29.771,-9.282,0.497,0.203,-0.843,11.349,-13.405,5.145,-36.382,none
47.854794,0.494,0.870,0.017,2694.56,12.645,10.631,22.269,-0.555,-0.804,-0.212,0.685,0.482,-0.546,4184.82,-11.191,110.563,-64.570,-0.610,-0.748,0.263,0.518,0.065,-0.853,2926.10,11.302,2.126,50.581,-0.568,-0.424,0.705,0.423,0.801,-0.423,2579.35,-13.541,-21.262,-2.350,-0.443,-0.238,0.865,0.645,0.258,-0.719,9.867,-3.053,10.412,-2.550,0.553,0.135,-0.822,11.056,-22.534,-4.992,-40.565,none
47.854880,0.446,0.888,0.107,2450.47,2.238,7.498,18.353,-0.546,-0.807,-0.223,0.681,0.707,-0.190,2106.45,26.634,4.252,-30.438,-0.603,-0.754,0.260,0.554,0.165,-0.816,2505.72,2.238,-11.302,42.300,-0.568,-0.383,0.728,0.380,0.839,-0.389,2378.87,6.491,-19.248,-2.350,-0.445,-0.240,0.863,0.600,0.274,-0.752,9.052,-3.298,4.534,4.137,0.545,0.099,-0.832,11.061,-23.756,-2.763,-26.489,none
47.859872,0.344,0.935,0.083,2808.07,-12.869,24.843,-0.112,-0.552,-0.818,-0.159,0.469,0.879,0.085,1972.38,0.895,-21.150,1.119,-0.609,-0.745,0.272,0.568,0.143,-0.810,2135.74,2.910,-4.252,22.829,-0.573,-0.335,0.748,0.378,0.843,-0.383,2287.99,18.017,-16.898,1.231,-0.444,-0.229,0.866,0.623,0.253,-0.740,8.821,-0.947,-2.366,3.740,0.524,0.111,-0.844,10.028,-18.122,-0.061,-14.107,none
47.859992,0.482,0.876,-0.001,2046.23,8.505,32.117,-25.067,-0.552,-0.818,-0.159,0.430,0.900,-0.077,2288.82,-15.443,-6.155,5.483,-0.604,-0.744,0.286,0.539,0.114,-0.834,2248.73,2.350,6.155,18.688,-0.590,-0.336,0.734,0.357,0.863,-0.358,2257.34,-0.112,-7.833,3.469,-0.442,-0.223,0.869,0.614,0.239,-0.752,8.932,-5.634,-3.115,-0.076,0.521,0.094,-0.849,10.359,-18.321,-8.565,-2.031,none
47.860086,0.438,0.898,0.035,2183.38,2.126,14.772,-4.588,-0.551,-0.812,-0.192,0.480,0.864,-0.150,2292.21,-10.072,-1.790,7.610,-0.603,-0.751,0.267,0.506,0.155,-0.849,2476.72,-4.029,5.931,13.429,-0.583,-0.353,0.732,0.352,0.856,-0.378,2343.86,-8.952,1.231,5.595,-0.443,-0.214,0.870,0.628,0.262,-0.733,9.337,-4.153,-5.435,-2.198,0.529,0.127,-0.839,10.480,-14.458,-17.725,4.275,none
47.860176,0.385,0.920,0.069,2513.03,-13.205,6.043,4.252,-0.547,-0.817,-0.182,0.515,0.847,-0.128,2440.73,-11.414,-1.790,12.981,-0.614,-0.744,0.265,0.505,0.017,-0.863,2437.66,-5.371,7.386,9.848,-0.585,-0.377,0.718,0.346,0.852,-0.392,2436.86,-3.021,2.014,9.512,-0.454,-0.220,0.864,0.647,0.271,-0.713,9.745,-3.557,-8.595,-2.351,0.537,0.135,-0.833,11.059,-12.656,-17.832,3.756,none
47.877067,0.408,0.912,0.045,2558.93,-15.107,8.729,2.798,-0.552,-0.818,-0.159,0.553,0.816,-0.170,2594.45,-13.876,1.679,10.743,-0.622,-0.735,0.270,0.517,0.036,-0.855,2516.34,-7.722,8.729,13.317,-0.594,-0.343,0.728,0.356,0.839,-0.412,2509.10,6.602,-0.224,10.855,-0.452,-0.214,0.866,0.664,0.264,-0.699,10.136,0.779,-7.084,-1.511,0.552,0.139,-0.822,11.506,-7.893,-14.733,2.489,none
47.901281,0.429,0.903,0.014,2713.18,-12.533,6.379,-1.007,-0.541,-0.803,-0.251,0.544,0.821,-0.171,2744.71,-12.533,-2.238,8.841,-0.627,-0.734,0.260,0.515,0.028,-0.857,2581.17,-1.343,11.526,7.833,-0.615,-0.339,0.712,0.376,0.828,-0.416,2531.47,2.798,-5.819,7.722,-0.442,-0.208,0.872,0.629,0.341,-0.699,9.745,-2.458,-3.252,-5.267,0.512,0.204,-0.834,10.821,-11.725,-11.099,-4.748,none
47.923684,0.462,0.883,0.085,2496.48,-4.141,4.812,3.133,-0.560,-0.790,-0.251,0.595,0.793,-0.127,2459.20,-6.043,-6.491,11.638,-0.641,-0.729,0.239,0.520,0.001,-0.854,2462.43,0.224,5.260,17.122,-0.585,-0.328,0.742,0.403,0.811,-0.423,2510.27,-2.574,-8.057,8.952,-0.451,-0.217,0.866,0.561,0.495,-0.664,9.145,-19.939,-3.863,-12.595,0.461,0.354,-0.813,9.855,-34.840,-22.672,-12.962,none
47.945591,0.570,0.810,0.138,2248.86,-5.036,6.714,12.086,-0.546,-0.805,-0.233,0.702,0.709,-0.073,2141.88,-14.100,-3.917,21.822,-0.632,-0.727,0.267,0.540,-0.089,-0.837,2301.63,-0.783,9.624,29.655,-0.614,-0.362,0.702,0.405,0.807,-0.430,2473.86,1.231,-10.855,18.912,-0.450,-0.204,0.870,0.531,0.512,-0.675,8.452,-44.000,-17.389,-17.618,0.435,0.689,-0.580,6.913,-100.427,-51.985,-37.924,none
48.360219,0.569,0.822,0.012,2336.64,-21.374,5.595,27.193,-0.572,-0.766,-0.292,0.663,0.745,-0.075,2223.93,-29.655,-0.895,38.943,-0.634,-0.726,0.267,0.562,-0.012,-0.827,2211.00,-1.007,17.010,43.755,-0.640,-0.300,0.708,0.389,0.825,-0.410,2445.94,16.562,-9.064,30.662,-0.463,-0.203,0.863,0.584,0.453,-0.674,9.095,-79.053,-0.015,-14.260,0.513,0.143,-0.846,13.831,-129.817,-82.947,-16.412,none
48.360374,0.513,0.852,0.108,2324.82,-22.269,-5.148,43.867,-0.565,-0.765,-0.309,0.571,0.820,-0.033,2390.32,-29.543,-3.021,55.841,-0.671,-0.710,0.213,0.615,0.236,-0.753,2258.84,4.029,22.717,54.498,-0.651,-0.321,0.688,0.379,0.818,-0.433,2407.98,33.012,-4.924,34.579,-0.447,-0.178,0.877,0.571,0.238,-0.786,9.858,-57.908,-9.771,-22.809,0.447,0.099,-0.889,11.839,-72.061,-43.206,-14.000,none
48.360480,0.383,0.923,0.032,2727.59,-20.255,-7.722,47.112,-0.604,-0.743,-0.290,0.569,0.821,-0.044,2420.12,-30.886,3.693,56.177,-0.697,-0.693,0.186,0.574,0.044,-0.818,2488.48,16.003,37.824,24.619,-0.631,-0.281,0.724,0.393,0.829,-0.398,2350.48,27.753,1.343,30.662,-0.459,-0.170,0.872,0.607,0.205,-0.767,9.802,-38.214,-9.985,-24.153,0.476,0.097,-0.874,11.418,-48.565,-34.626,-15.115,none
48.360580,0.299,0.942,0.155,2645.08,-22.157,-3.021,39.838,-0.630,-0.719,-0.294,0.477,0.873,-0.098,2783.12,-31.222,1.119,50.022,-0.716,-0.680,0.159,0.545,0.086,-0.834,2873.93,11.526,35.810,24.843,-0.676,-0.305,0.671,0.401,0.824,-0.402,2353.32,11.079,8.057,23.053,-0.453,-0.159,0.877,0.620,0.216,-0.754,9.955,-26.519,-13.542,-20.534,0.502,0.134,-0.854,11.300,-38.321,-35.069,-10.870,none
48.360671,0.328,0.935,0.132,2735.78,-21.598,1.231,31.893,-0.620,-0.696,-0.363,0.475,0.879,-0.050,2731.48,-26.186,0.895,32.005,-0.711,-0.683,0.167,0.551,0.126,-0.825,2893.14,-0.560,21.038,11.974,-0.683,-0.280,0.675,0.395,0.831,-0.392,2438.48,-2.462,15.331,16.786,-0.458,-0.156,0.875,0.612,0.262,-0.746,10.102,-17.099,-12.580,-15.847,0.464,0.148,-0.873,11.572,-32.214,-31.511,-7.176,none
48.360755,0.357,0.923,0.142,2738.14,-19.360,7.386,16.786,-0.628,-0.701,-0.338,0.488,0.871,-0.056,2800.69,-22.829,6.267,16.114,-0.733,-0.668,0.126,0.560,0.083,-0.824,2742.88,-9.288,10.072,-4.364,-0.692,-0.282,0.665,0.398,0.826,-0.399,2513.92,-3.805,19.695,11.079,-0.467,-0.156,0.871,0.614,0.313,-0.724,10.234,-3.237,-7.481,-19.924,0.451,0.194,-0.871,11.766,-17.588,-24.214,-14.641,none
48.360850,0.409,0.905,0.116,2770.70,-10.743,17.345,8.617,-0.635,-0.685,-0.356,0.551,0.831,-0.070,2781.74,-9.288,12.310,7.274,-0.730,-0.665,0.156,0.583,0.084,-0.808,2601.39,-9.960,0.336,-11.302,-0.700,-0.270,0.661,0.427,0.809,-0.404,2529.63,0.895,18.912,4.700,-0.462,-0.163,0.872,0.641,0.347,-0.685,10.215,8.656,-2.107,-18.275,0.478,0.243,-0.844,11.775,-4.992,-13.969,-16.076,none
48.360942,0.452,0.888,0.079,2811.61,-3.469,20.143,2.462,-0.639,-0.692,-0.336,0.591,0.802,-0.083,2724.80,1.231,14.436,1.007,-0.729,-0.666,0.157,0.596,0.061,-0.801,2478.76,-0.783,0.560,-18.912,-0.670,-0.312,0.673,0.433,0.794,-0.426,2515.01,4.924,13.988,-1.231,-0.473,-0.170,0.864,0.624,0.372,-0.687,10.106,16.519,3.878,-14.565,0.455,0.265,-0.850,11.497,4.183,-4.153,-15.252,none
48.361035,0.472,0.877,0.087,2693.23,3.693,19.248,-3.021,-0.633,-0.683,-0.364,0.624,0.772,-0.124,2693.61,7.722,11.750,-3.805,-0.729,-0.669,0.142,0.564,0.012,-0.826,2569.17,2.014,-0.671,-18.241,-0.684,-0.264,0.680,0.433,0.784,-0.445,2473.67,5.148,10.407,-6.379,-0.466,-0.167,0.869,0.597,0.407,-0.691,9.775,23.618,5.863,-14.260,0.431,0.296,-0.852,11.031,11.252,-1.344,-16.580,none
48.361116,0.497,0.859,0.122,2555.42,4.252,19.919,-5.819,-0.607,-0.707,-0.363,0.661,0.742,-0.109,2509.53,10.855,7.386,-5.148,-0.727,-0.665,0.173,0.560,-0.007,-0.828,2514.02,2.798,-4.588,-14.995,-0.680,-0.296,0.671,0.431,0.779,-0.456,2437.51,2.126,6.267,-7.833,-0.466,-0.170,0.868,0.583,0.444,-0.680,9.479,25.298,3.634,-13.588,0.417,0.329,-0.848,10.640,13.053,-3.359,-15.542,none
48.361198,0.543,0.830,0.124,2430.09,2.126,20.143,-6.826,-0.627,-0.669,-0.398,0.690,0.721,-0.071,2350.50,6.826,5.819,-3.357,-0.714,-0.686,0.138,0.571,-0.023,-0.820,2395.52,0.671,-5.371,-10.072,-0.684,-0.264,0.680,0.436,0.777,-0.454,2407.41,-1.119,4.700,-5.260,-0.463,-0.174,0.869,0.584,0.471,-0.661,9.325,20.534,-1.527,-12.550,0.419,0.361,-0.833,10.417,8.473,-8.534,-12.901,none
48.361278,0.555,0.823,0.124,2430.31,-3.133,16.898,-4.141,-0.622,-0.707,-0.337,0.686,0.726,-0.054,2349.14,-0.783,6.043,0.000,-0.728,-0.669,0.149,0.580,-0.011,-0.814,2377.07,-1.679,-2.126,-6.267,-0.660,-0.301,0.689,0.433,0.783,-0.446,2401.51,-1.902,2.574,-0.112,-0.456,-0.164,0.875,0.588,0.460,-0.665,9.471,11.603,-5.634,-10.656,0.422,0.350,-0.836,10.594,0.580,-12.489,-9.191,none
48.361362,0.537,0.835,0.116,2510.47,-7.050,12.869,0.336,-0.621,-0.686,-0.380,0.664,0.745,-0.063,2457.79,-6.379,5.819,4.029,-0.736,-0.662,0.140,0.601,0.038,-0.799,2411.32,-2.462,2.014,-3.581,-0.681,-0.332,0.653,0.443,0.779,-0.444,2437.11,0.671,7.498,4.141,-0.451,-0.172,0.876,0.589,0.431,-0.684,9.712,5.740,-5.756,-9.053,0.423,0.314,-0.850,10.903,-5.084,-13.282,-6.809,none
48.361449,0.495,0.859,0.135,2590.30,-8.281,6.714,3.917,-0.623,-0.690,-0.369,0.641,0.765,-0.064,2575.83,-8.393,4.588,6.826,-0.734,-0.664,0.141,0.583,0.024,-0.812,2551.09,-2.238,6.043,-5.371,-0.674,-0.301,0.675,0.449,0.785,-0.426,2493.17,-0.671,6.267,4.812,-0.450,-0.165,0.877,0.579,0.406,-0.707,9.905,3.740,-4.626,-8.687,0.416,0.285,-0.863,11.116,-7.008,-12.626,-6.611,none
48.361536,0.472,0.868,0.155,2631.35,-7.050,4.700,5.260,-0.623,-0.690,-0.369,0.635,0.770,-0.060,2596.70,-7.945,2.574,7.386,-0.723,-0.677,0.137,0.576,0.023,-0.817,2598.43,-1.902,3.693,-2.686,-0.668,-0.306,0.679,0.450,0.786,-0.424,2506.31,-0.448,6.155,3.581,-0.460,-0.170,0.872,0.582,0.400,-0.708,9.894,5.435,-4.260,-8.382,0.419,0.282,-0.863,11.157,-5.496,-11.939,-6.565,none
48.361620,0.468,0.871,0.152,2632.70,-5.707,5.595,3.917,-0.634,-0.672,-0.382,0.634,0.772,-0.053,2589.14,-8.841,1.902,6.267,-0.725,-0.678,0.122,0.579,0.035,-0.815,2568.25,-3.245,-0.448,0.000,-0.696,-0.300,0.653,0.446,0.791,-0.419,2488.12,0.671,5.260,2.686,-0.457,-0.179,0.871,0.595,0.403,-0.696,9.806,5.053,-3.145,-6.885,0.429,0.289,-0.856,11.073,-6.076,-10.092,-5.405,none
48.363045,0.484,0.865,0.131,2606.04,-3.357,5.148,2.238,-0.614,-0.701,-0.362,0.626,0.777,-0.068,2572.61,-9.512,1.343,4.812,-0.729,-0.671,0.136,0.581,0.044,-0.813,2491.06,-2.238,-2.462,0.671,-0.670,-0.328,0.666,0.443,0.794,-0.416,2480.29,1.567,4.924,1.679,-0.458,-0.176,0.872,0.592,0.408,-0.695,9.653,4.504,-1.130,-5.954,0.423,0.291,-0.858,10.904,-6.626,-8.046,-4.901,none
48.363158,0.483,0.864,0.145,2551.93,-1.343,3.917,2.910,-0.643,-0.689,-0.334,0.625,0.778,-0.061,2545.43,-5.931,-0.560,4.812,-0.750,-0.648,0.130,0.571,0.033,-0.820,2481.63,-2.014,-2.462,2.126,-0.665,-0.309,0.679,0.441,0.792,-0.422,2448.10,2.350,4.252,0.671,-0.463,-0.176,0.869,0.587,0.410,-0.699,9.544,3.206,-0.473,-5.603,0.420,0.293,-0.859,10.746,-7.985,-7.542,-4.534,none
48.363255,0.483,0.864,0.142,2530.98,-1.119,3.133,3.021,-0.638,-0.679,-0.364,0.613,0.789,-0.046,2532.67,-2.350,0.224,3.357,-0.723,-0.671,0.165,0.582,0.050,-0.812,2420.93,-0.448,-0.671,-0.671,-0.667,-0.343,0.662,0.437,0.796,-0.418,2423.39,1.902,4.141,1.119,-0.471,-0.185,0.862,0.580,0.406,-0.706,9.532,2.565,-1.313,-5.282,0.413,0.286,-0.864,10.742,-8.427,-8.183,-4.046,none
48.367252,0.480,0.864,0.152,2506.14,-2.238,2.350,3.581,-0.635,-0.648,-0.421,0.628,0.777,-0.044,2458.50,-0.895,1.343,3.357,-0.744,-0.660,0.102,0.568,0.036,-0.823,2498.41,-2.574,0.783,-0.448,-0.655,-0.323,0.683,0.445,0.794,-0.413,2428.06,1.790,5.036,1.679,-0.464,-0.179,0.867,0.577,0.416,-0.703,9.515,1.191,-2.198,-6.168,0.416,0.302,-0.858,10.665,-9.832,-9.817,-4.626,none
48.388750,0.488,0.860,0.146,2541.64,-2.574,1.790,4.924,-0.620,-0.679,-0.394,0.636,0.771,-0.046,2518.80,-2.462,1.679,4.029,-0.731,-0.669,0.135,0.589,0.085,-0.804,2443.03,-3.469,-0.895,-0.224,-0.669,-0.346,0.658,0.450,0.790,-0.416,2439.91,1.902,5.819,2.462,-0.461,-0.177,0.870,0.593,0.430,-0.681,9.639,-6.061,-2.366,-3.557,0.419,0.316,-0.851,10.828,-18.046,-9.817,-1.298,none
48.410779,0.503,0.854,0.134,2548.84,-2.686,0.112,5.595,-0.614,-0.674,-0.410,0.644,0.763,-0.058,2531.84,-3.021,1.567,4.029,-0.752,-0.651,0.107,0.577,0.036,-0.816,2493.46,-1.679,2.462,-5.036,-0.681,-0.341,0.648,0.442,0.792,-0.420,2483.68,2.574,6.267,3.021,-0.463,-0.179,0.868,0.577,0.418,-0.701,9.745,-6.153,-0.336,-5.695,0.404,0.291,-0.867,11.050,-17.527,-8.779,-3.740,none
48.432572,0.479,0.862,0.166,2591.31,-1.231,-1.231,8.729,-0.624,-0.642,-0.445,0.641,0.766,-0.054,2560.70,-1.343,0.895,7.050,-0.752,-0.646,0.130,0.571,0.020,-0.821,2537.36,0.112,0.224,-1.790,-0.669,-0.332,0.665,0.454,0.782,-0.427,2465.39,4.029,5.595,1.790,-0.464,-0.176,0.868,0.575,0.403,-0.712,9.788,-2.214,0.076,-5.130,0.408,0.280,-0.869,11.110,-13.328,-7.481,-3.527,none
48.454389,0.476,0.866,0.156,2628.29,-0.783,1.119,4.476,-0.635,-0.648,-0.421,0.637,0.770,-0.042,2559.79,-3.245,0.783,3.357,-0.744,-0.657,0.118,0.591,0.064,-0.804,2482.00,0.112,-0.336,-3.021,-0.658,-0.329,0.677,0.456,0.777,-0.433,2454.10,2.686,4.924,1.119,-0.466,-0.178,0.867,0.574,0.412,-0.708,9.779,4.031,-0.519,-3.603,0.402,0.288,-0.869,11.085,-6.702,-6.580,-2.473,none
48.697725,0.484,0.860,0.162,2586.73,-1.455,2.238,0.783,-0.628,-0.684,-0.371,0.639,0.768,-0.046,2553.31,-3.021,1.119,1.343,-0.741,-0.661,0.118,0.575,0.032,-0.817,2534.86,-1.455,1.231,-5.148,-0.667,-0.336,0.665,0.459,0.783,-0.420,2461.49,0.000,4.029,0.112,-0.466,-0.176,0.867,0.571,0.430,-0.700,9.684,5.924,0.550,-4.183,0.398,0.304,-0.865,10.912,-4.947,-5.542,-3.496,none
48.701670,0.493,0.855,0.164,2558.18,-0.560,3.133,0.336,-0.626,-0.659,-0.416,0.645,0.764,-0.035,2515.08,-2.014,1.007,0.783,-0.748,-0.657,0.094,0.573,0.028,-0.819,2508.35,-2.014,-1.679,-2.238,-0.682,-0.343,0.646,0.461,0.783,-0.418,2449.47,-2.574,4.029,-0.783,-0.465,-0.180,0.867,0.571,0.445,-0.689,9.616,5.145,-0.214,-4.244,0.399,0.323,-0.859,10.823,-5.786,-6.305,-3.420,none
48.701779,0.512,0.845,0.154,2540.02,-1.007,3.357,0.448,-0.626,-0.665,-0.408,0.662,0.748,-0.047,2491.38,-2.014,1.231,0.783,-0.750,-0.654,0.100,0.585,0.049,-0.809,2440.12,-2.350,-2.238,-0.671,-0.665,-0.358,0.656,0.458,0.783,-0.420,2462.23,-1.343,2.798,0.560,-0.461,-0.177,0.870,0.576,0.435,-0.692,9.680,3.160,-0.092,-3.939,0.406,0.317,-0.857,10.906,-7.649,-6.244,-2.916,none
48.701867,0.500,0.853,0.148,2562.02,-1.679,1.231,2.350,-0.641,-0.641,-0.421,0.648,0.760,-0.047,2515.11,-2.910,0.671,2.910,-0.743,-0.660,0.109,0.583,0.049,-0.811,2448.23,-0.336,0.000,-1.007,-0.664,-0.329,0.672,0.455,0.789,-0.413,2457.61,1.455,2.126,1.007,-0.466,-0.180,0.866,0.576,0.420,-0.701,9.669,2.931,0.595,-3.710,0.406,0.299,-0.864,10.893,-7.924,-5.511,-2.824,none
48.701952,0.480,0.863,0.156,2565.08,-0.783,0.671,2.798,-0.638,-0.661,-0.395,0.634,0.772,-0.042,2517.32,-2.126,0.112,3.581,-0.755,-0.642,0.129,0.569,0.044,-0.821,2525.33,0.000,0.000,-0.336,-0.658,-0.339,0.672,0.457,0.787,-0.414,2448.95,2.126,2.686,0.336,-0.466,-0.183,0.866,0.577,0.411,-0.706,9.676,4.473,1.115,-3.863,0.406,0.289,-0.867,10.983,-6.427,-4.931,-3.267,none
48.702042,0.471,0.867,0.164,2592.70,0.224,2.014,1.679,-0.623,-0.657,-0.423,0.628,0.777,-0.042,2512.44,-1.007,0.560,2.910,-0.771,-0.627,0.110,0.584,0.087,-0.807,2495.89,1.455,-0.560,-2.238,-0.658,-0.339,0.672,0.453,0.785,-0.423,2445.28,0.448,2.574,-0.560,-0.460,-0.176,0.870,0.576,0.417,-0.703,9.678,6.702,0.916,-3.069,0.407,0.295,-0.865,10.947,-4.076,-4.198,-2.641,none
48.702141,0.484,0.861,0.158,2564.17,0.783,3.021,-0.783,-0.644,-0.655,-0.396,0.634,0.772,-0.042,2517.32,0.448,1.119,-0.671,-0.744,-0.655,0.130,0.577,0.052,-0.815,2509.11,0.336,1.007,-6.155,-0.669,-0.362,0.649,0.456,0.790,-0.410,2452.71,-1.343,2.798,-1.567,-0.468,-0.183,0.865,0.574,0.434,-0.694,9.628,6.840,1.786,-3.634,0.402,0.309,-0.862,10.843,-4.076,-3.496,-3.405,none
48.702236,0.502,0.850,0.160,2529.36,1.007,2.798,0.000,-0.633,-0.663,-0.400,0.655,0.755,-0.035,2466.96,1.790,1.567,-0.895,-0.758,-0.642,0.120,0.579,0.036,-0.814,2499.24,-0.895,-2.126,-3.581,-0.665,-0.334,0.668,0.461,0.782,-0.419,2466.05,-0.783,3.581,-1.902,-0.464,-0.181,0.867,0.566,0.449,-0.691,9.672,5.649,1.420,-3.725,0.394,0.325,-0.860,10.855,-5.282,-4.427,-3.221,none
48.702330,0.514,0.843,0.159,2548.34,0.448,2.238,1.007,-0.635,-0.658,-0.404,0.665,0.745,-0.043,2474.04,1.343,2.126,-0.336,-0.752,-0.651,0.107,0.581,0.033,-0.813,2476.01,-1.119,-1.790,-3.021,-0.664,-0.363,0.653,0.464,0.779,-0.422,2474.41,0.112,3.021,-0.671,-0.460,-0.176,0.870,0.573,0.461,-0.678,9.657,3.359,0.137,-3.466,0.403,0.338,-0.851,10.867,-7.664,-5.832,-2.595,none
48.703467,0.518,0.841,0.154,2565.84,-1.007,0.336,0.783,-0.651,-0.646,-0.399,0.677,0.734,-0.051,2472.95,0.112,1.567,0.783,-0.749,-0.651,0.123,0.575,0.020,-0.818,2463.84,-0.224,-0.224,-0.336,-0.662,-0.345,0.665,0.461,0.778,-0.427,2466.72,1.007,0.783,0.560,-0.458,-0.174,0.872,0.579,0.447,-0.682,9.684,1.221,0.550,-2.489,0.404,0.323,-0.856,10.909,-9.618,-5.771,-1.649,none
48.703577,0.505,0.850,0.151,2552.82,0.224,0.000,1.343,-0.638,-0.652,-0.411,0.667,0.743,-0.058,2496.11,-1.567,0.000,2.686,-0.742,-0.658,0.132,0.578,0.028,-0.816,2470.08,0.560,0.000,1.231,-0.657,-0.345,0.670,0.460,0.782,-0.421,2454.40,1.119,-0.560,0.895,-0.477,-0.193,0.857,0.575,0.435,-0.693,9.636,0.672,0.611,-1.863,0.402,0.315,-0.859,10.859,-9.893,-5.786,-0.870,none
48.716178,0.504,0.848,0.161,2520.02,0.224,0.000,1.119,-0.626,-0.665,-0.408,0.648,0.760,-0.035,2462.91,-1.790,-2.014,2.910,-0.756,-0.642,0.128,0.578,0.056,-0.814,2486.08,0.671,1.119,1.119,-0.674,-0.289,0.680,0.457,0.787,-0.414,2448.95,0.336,-0.448,1.343,-0.467,-0.184,0.865,0.573,0.445,-0.689,9.592,-0.824,-0.031,-1.679,0.400,0.319,-0.859,10.808,-11.649,-6.489,-0.397,none
48.867612,0.493,0.855,0.163,2537.90,-0.560,-1.343,3.245,-0.635,-0.671,-0.382,0.644,0.764,-0.039,2491.96,-1.790,-0.336,2.350,-0.748,-0.651,0.131,0.579,0.047,-0.814,2499.79,-0.336,0.336,0.671,-0.659,-0.339,0.672,0.460,0.786,-0.414,2453.53,0.671,0.671,1.455,-0.457,-0.182,0.871,0.573,0.428,-0.699,9.705,-0.580,-0.229,-2.031,0.401,0.304,-0.864,10.941,-11.511,-6.641,-0.718,none
48.870083,0.491,0.856,0.161,2566.77,-1.119,-1.567,3.357,-0.623,-0.646,-0.440,0.651,0.758,-0.042,2496.95,-1.119,0.112,2.350,-0.756,-0.640,0.136,0.579,0.047,-0.814,2499.79,-0.448,0.000,1.343,-0.664,-0.341,0.665,0.460,0.786,-0.414,2453.53,1.343,0.895,1.343,-0.458,-0.175,0.872,0.578,0.435,-0.690,9.653,-0.076,0.580,-1.084,0.404,0.313,-0.860,10.922,-10.763,-5.313,0.137,none
48.870181,0.485,0.860,0.161,2578.19,-0.336,-0.895,2.126,-0.644,-0.644,-0.413,0.645,0.763,-0.042,2506.44,-1.567,-0.336,1.567,-0.748,-0.651,0.131,0.579,0.059,-0.813,2500.51,-0.671,-0.112,1.231,-0.665,-0.321,0.674,0.454,0.788,-0.416,2461.76,0.895,0.783,0.783,-0.468,-0.191,0.863,0.581,0.442,-0.683,9.674,-0.687,0.504,-0.290,0.407,0.322,-0.855,10.887,-11.634,-5.221,0.824,none
48.870271,0.501,0.852,0.151,2556.30,1.007,-1.455,1.231,-0.635,-0.671,-0.382,0.649,0.759,-0.042,2504.54,-1.007,-0.671,0.783,-0.754,-0.650,0.099,0.575,0.055,-0.817,2500.76,-0.783,0.000,0.112,-0.668,-0.336,0.664,0.458,0.788,-0.412,2462.18,0.336,0.895,0.448,-0.459,-0.173,0.871,0.570,0.443,-0.692,9.682,-1.573,1.206,-0.305,0.396,0.317,-0.862,10.899,-12.656,-4.779,0.702,none
48.870365,0.502,0.850,0.159,2550.88,1.007,-1.679,2.238,-0.646,-0.639,-0.418,0.651,0.758,-0.039,2483.22,0.224,-0.783,1.119,-0.746,-0.654,0.124,0.577,0.048,-0.815,2471.94,0.336,-0.783,1.007,-0.655,-0.327,0.681,0.459,0.784,-0.417,2457.68,0.336,0.783,0.336,-0.467,-0.181,0.865,0.566,0.431,-0.703,9.673,1.084,0.702,-1.237,0.393,0.303,-0.868,10.953,-9.725,-4.977,-0.534,none
48.871848,0.491,0.856,0.163,2546.46,0.448,-0.895,1.679,-0.635,-0.658,-0.404,0.649,0.760,-0.039,2475.96,-0.224,-0.112,1.455,-0.751,-0.649,0.122,0.575,0.047,-0.817,2499.73,0.448,0.336,0.895,-0.671,-0.314,0.672,0.459,0.787,-0.412,2437.73,1.790,0.560,0.560,-0.469,-0.180,0.864,0.572,0.438,-0.694,9.631,2.947,-0.779,-0.901,0.403,0.317,-0.859,10.800,-8.000,-5.893,0.000,none
48.871943,0.492,0.856,0.159,2544.15,-0.112,-0.895,0.895,-0.648,-0.662,-0.376,0.644,0.764,-0.039,2491.96,-0.895,-0.448,0.336,-0.754,-0.647,0.114,0.576,0.047,-0.816,2513.65,-0.560,-0.224,0.448,-0.664,-0.330,0.671,0.460,0.786,-0.414,2453.53,1.790,1.455,0.671,-0.465,-0.175,0.868,0.573,0.446,-0.687,9.639,2.550,-0.427,-0.931,0.398,0.322,-0.859,10.870,-8.489,-5.634,-0.076,none
48.886597,0.498,0.853,0.159,2554.05,0.000,-0.560,1.007,-0.634,-0.671,-0.384,0.653,0.757,-0.039,2475.64,-0.224,0.224,0.224,-0.744,-0.657,0.124,0.577,0.052,-0.815,2472.44,-0.783,-1.119,0.783,-0.665,-0.334,0.668,0.460,0.783,-0.418,2449.84,0.000,1.455,0.336,-0.467,-0.177,0.866,0.578,0.449,-0.681,9.616,2.855,-0.275,-1.389,0.402,0.332,-0.853,10.832,-8.229,-5.710,-0.550,none
48.910280,0.510,0.846,0.155,2550.10,0.224,-0.336,1.007,-0.646,-0.658,-0.386,0.658,0.752,-0.039,2487.99,-0.336,-0.112,0.671,-0.763,-0.638,0.103,0.579,0.048,-0.814,2463.79,0.336,0.224,0.336,-0.656,-0.319,0.684,0.463,0.782,-0.417,2455.25,0.224,1.119,0.448,-0.460,-0.176,0.870,0.573,0.454,-0.682,9.673,1.832,0.229,-1.298,0.395,0.330,-0.857,10.886,-9.176,-5.511,-0.443,none
48.932463,0.500,0.851,0.158,2559.39,-0.224,-1.231,1.455,-0.631,-0.657,-0.413,0.658,0.752,-0.039,2487.99,-0.336,-0.783,1.455,-0.769,-0.629,0.110,0.576,0.035,-0.816,2492.78,0.671,0.336,0.336,-0.668,-0.353,0.655,0.462,0.779,-0.424,2462.46,1.343,0.783,0.560,-0.457,-0.178,0.872,0.576,0.453,-0.680,9.667,2.046,-0.443,-1.389,0.404,0.336,-0.851,10.848,-9.008,-6.137,-0.260,none
48.955643,0.523,0.841,0.140,2543.28,-0.448,-1.679,1.679,-0.634,-0.648,-0.422,0.669,0.741,-0.050,2502.45,-1.231,-2.126,1.343,-0.759,-0.639,0.128,0.574,0.035,-0.818,2520.59,-0.560,0.112,1.455,-0.661,-0.340,0.669,0.468,0.779,-0.418,2451.64,1.902,0.895,1.119,-0.464,-0.180,0.867,0.578,0.458,-0.675,9.738,-0.229,-1.282,1.252,0.404,0.344,-0.847,10.894,-11.145,-7.267,3.145,none
49.378131,0.544,0.831,0.113,2549.33,-1.567,-7.722,3.133,-0.648,-0.642,-0.409,0.690,0.718,-0.088,2526.95,-1.679,-7.162,2.910,-0.758,-0.641,0.121,0.578,0.039,-0.815,2484.18,-0.671,-0.448,2.014,-0.664,-0.341,0.665,0.468,0.776,-0.422,2472.07,1.007,1.343,1.343,-0.466,-0.180,0.866,0.580,0.473,-0.664,9.706,-2.992,-1.847,3.344,0.407,0.363,-0.838,10.806,-14.840,-8.550,5.847,none
49.378928,0.516,0.843,0.154,2560.35,-3.245,-13.205,4.924,-0.648,-0.643,-0.409,0.667,0.744,-0.031,2466.24,-1.567,-12.533,6.602,-0.763,-0.639,0.097,0.573,0.024,-0.819,2491.90,-0.336,-0.112,3.133,-0.665,-0.334,0.668,0.465,0.778,-0.423,2466.63,1.119,1.343,1.455,-0.454,-0.176,0.873,0.572,0.469,-0.673,9.676,-6.611,-0.565,2.855,0.395,0.342,-0.853,10.894,-17.527,-7.053,4.779,none
49.379027,0.507,0.847,0.159,2546.58,-2.238,-11.638,5.036,-0.638,-0.650,-0.412,0.651,0.759,-0.019,2466.95,-4.029,-9.960,6.714,-0.766,-0.636,0.097,0.577,0.020,-0.817,2490.89,-0.560,-0.783,5.595,-0.670,-0.354,0.653,0.464,0.779,-0.422,2450.44,2.686,-0.112,2.462,-0.460,-0.172,0.871,0.572,0.450,-0.686,9.610,-6.840,-1.084,3.160,0.398,0.329,-0.857,10.828,-17.023,-7.344,5.221,none
49.379122,0.510,0.846,0.152,2527.38,-1.679,-10.855,4.588,-0.646,-0.648,-0.404,0.655,0.755,-0.039,2482.18,-4.364,-6.938,4.812,-0.756,-0.642,0.128,0.582,0.075,-0.810,2501.11,-5.260,-1.119,9.624,-0.663,-0.349,0.663,0.463,0.780,-0.421,2434.22,1.790,0.783,2.686,-0.454,-0.173,0.874,0.580,0.445,-0.683,9.647,-6.382,-2.443,4.626,0.409,0.332,-0.850,10.830,-17.359,-7.710,7.191,none
49.379221,0.511,0.848,0.140,2545.19,-2.462,-11.079,3.805,-0.674,-0.630,-0.385,0.661,0.748,-0.058,2489.45,-5.260,-7.833,3.021,-0.748,-0.656,0.101,0.580,0.075,-0.811,2495.88,-2.910,-0.448,4.700,-0.662,-0.316,0.680,0.461,0.784,-0.415,2445.68,-0.560,2.462,2.350,-0.468,-0.179,0.866,0.580,0.463,-0.670,9.661,-6.641,-1.817,5.191,0.402,0.344,-0.848,10.839,-18.427,-7.298,7.634,none
49.382256,0.522,0.841,0.139,2564.49,-2.126,-12.310,3.917,-0.644,-0.628,-0.437,0.649,0.760,-0.034,2503.77,-4.700,-9.400,4.141,-0.761,-0.642,0.100,0.575,0.043,-0.817,2500.10,-3.021,0.000,1.902,-0.676,-0.312,0.668,0.470,0.779,-0.416,2463.33,-1.790,3.693,1.790,-0.457,-0.161,0.874,0.584,0.471,-0.661,9.717,-9.313,-1.573,5.740,0.406,0.358,-0.841,10.874,-21.176,-7.679,8.626,none
49.382369,0.536,0.834,0.132,2552.54,-1.902,-15.107,6.155,-0.659,-0.642,-0.391,0.656,0.754,-0.034,2495.16,-3.581,-3.693,1.902,-0.758,-0.641,0.121,0.577,0.043,-0.815,2505.86,-3.021,-1.007,2.350,-0.678,-0.355,0.644,0.467,0.782,-0.413,2479.72,-1.790,3.133,1.902,-0.467,-0.174,0.867,0.583,0.480,-0.655,9.713,-13.344,-0.122,5.908,0.404,0.364,-0.839,10.882,-23.786,-7.557,8.901,none
49.382461,0.537,0.833,0.131,2566.53,-1.679,-18.576,8.169,-0.676,-0.655,-0.338,0.681,0.728,-0.077,2531.83,-3.581,-7.274,3.805,-0.754,-0.646,0.122,0.583,0.047,-0.811,2496.08,-2.014,-0.671,3.245,-0.659,-0.343,0.669,0.471,0.779,-0.414,2475.82,0.560,2.910,1.902,-0.476,-0.168,0.864,0.577,0.470,-0.668,9.768,-15.603,1.344,6.534,0.396,0.348,-0.850,10.990,-25.908,-6.107,9.298,none
49.382552,0.521,0.841,0.145,2590.07,-0.336,-19.360,8.952,-0.659,-0.642,-0.391,0.672,0.738,-0.057,2522.86,-2.686,-10.295,5.707,-0.766,-0.633,0.112,0.583,0.043,-0.811,2483.08,0.336,-1.231,3.581,-0.671,-0.364,0.646,0.477,0.777,-0.411,2469.44,2.686,2.462,1.119,-0.476,-0.179,0.861,0.568,0.458,-0.684,9.728,-13.832,0.687,7.221,0.395,0.345,-0.852,10.922,-24.443,-7.802,10.504,none
49.382651,0.547,0.828,0.125,2536.18,-0.783,-22.829,8.617,-0.676,-0.635,-0.374,0.689,0.721,-0.077,2503.56,-3.133,-12.869,5.260,-0.748,-0.650,0.138,0.576,0.043,-0.817,2514.02,-1.119,-1.790,4.141,-0.664,-0.358,0.657,0.481,0.775,-0.410,2449.03,2.462,2.574,1.007,-0.467,-0.168,0.868,0.588,0.492,-0.642,9.541,-13.221,-1.511,10.061,0.421,0.392,-0.818,10.655,-26.504,-9.969,15.374,none
49.382731,0.586,0.806,0.086,2520.72,-4.141,-30.550,9.400,-0.687,-0.626,-0.368,0.738,0.658,-0.150,2534.55,-7.498,-24.955,8.281,-0.759,-0.637,0.135,0.571,0.035,-0.820,2514.87,-2.686,-2.798,5.148,-0.660,-0.318,0.680,0.483,0.772,-0.413,2435.88,1.343,4.141,1.902,-0.464,-0.165,0.870,0.597,0.519,-0.612,9.580,-23.603,-2.137,14.046,0.418,0.417,-0.807,10.728,-35.176,-11.511,20.947,none
49.382823,0.612,0.789,0.059,2525.39,-8.393,-41.181,12.869,-0.681,-0.633,-0.369,0.766,0.618,-0.175,2569.72,-12.198,-44.203,19.472,-0.769,-0.626,0.126,0.568,0.028,-0.822,2475.00,-3.021,-3.469,6.155,-0.672,-0.339,0.658,0.470,0.772,-0.428,2485.27,-0.560,7.386,2.798,-0.472,-0.163,0.866,0.588,0.511,-0.627,9.803,-28.153,-2.794,15.176,0.408,0.415,-0.813,10.952,-41.008,-11.969,23.023,none
49.382922,0.614,0.787,0.059,2532.31,-9.624,-46.105,16.898,-0.698,-0.630,-0.341,0.729,0.670,-0.140,2577.56,-12.310,-52.260,27.529,-0.771,-0.620,0.147,0.577,0.016,-0.816,2454.67,-0.783,-2.462,10.295,-0.666,-0.319,0.674,0.473,0.768,-0.432,2486.58,2.014,8.169,2.686,-0.473,-0.171,0.865,0.585,0.491,-0.645,9.886,-28.336,-3.023,15.740,0.411,0.397,-0.820,11.025,-43.740,-11.740,24.611,none
49.383007,0.581,0.808,0.099,2610.12,-9.960,-56.736,23.165,-0.685,-0.606,-0.404,0.717,0.687,-0.118,2568.93,-10.295,-61.660,35.474,-0.781,-0.614,0.115,0.574,0.019,-0.819,2520.35,0.112,-1.679,10.743,-0.673,-0.332,0.661,0.481,0.772,-0.416,2485.62,3.133,7.722,2.126,-0.478,-0.168,0.862,0.592,0.473,-0.653,9.834,-23.252,-4.168,17.191,0.412,0.372,-0.832,11.075,-43.969,-11.496,26.672,none
49.383113,0.579,0.812,0.076,2635.07,-8.393,-58.191,23.165,-0.710,-0.627,-0.321,0.717,0.684,-0.134,2623.62,-9.848,-66.808,35.027,-0.784,-0.610,0.114,0.562,0.019,-0.827,2589.64,-1.119,-3.021,12.757,-0.654,-0.314,0.688,0.487,0.772,-0.409,2458.22,4.029,8.281,1.231,-0.484,-0.167,0.859,0.587,0.454,-0.670,9.742,-19.634,-6.076,19.893,0.412,0.370,-0.833,10.993,-41.832,-12.443,31.756,none
49.383200,0.604,0.795,0.058,2591.39,-9.624,-68.934,21.822,-0.715,-0.620,-0.322,0.806,0.547,-0.226,2760.68,-18.241,-100.603,46.217,-0.778,-0.606,0.165,0.557,0.019,-0.830,2579.00,-6.379,-9.176,17.681,-0.662,-0.290,0.691,0.489,0.771,-0.408,2463.87,2.238,11.526,-0.224,-0.482,-0.155,0.862,0.592,0.461,-0.661,9.852,-12.351,-10.015,21.344,0.406,0.369,-0.836,11.147,-36.962,-13.695,33.786,none
49.383287,0.587,0.805,0.079,2629.87,-14.100,-72.291,20.143,-0.741,-0.579,-0.340,0.739,0.655,-0.155,2649.43,-18.241,-110.675,54.162,-0.786,-0.602,0.142,0.558,-0.004,-0.830,2521.15,-7.386,-12.645,22.941,-0.653,-0.312,0.691,0.483,0.768,-0.421,2458.18,2.350,10.967,-2.686,-0.494,-0.156,0.856,0.608,0.458,-0.649,9.792,-6.611,-10.962,24.824,0.432,0.391,-0.813,10.949,-34.015,-14.092,35.618,none
49.383369,0.625,0.781,0.016,2613.44,-10.631,-80.572,20.814,-0.737,-0.590,-0.330,0.800,0.552,-0.234,2753.91,-26.745,-128.020,46.441,-0.800,-0.577,0.167,0.527,-0.011,-0.850,2727.44,-17.345,-17.681,28.312,-0.674,-0.289,0.680,0.491,0.767,-0.412,2436.67,4.476,10.072,-2.910,-0.489,-0.154,0.858,0.611,0.438,-0.659,9.829,-1.221,-12.656,28.962,0.437,0.363,-0.823,11.290,-34.519,-15.634,42.763,none
49.383453,0.602,0.798,0.041,2681.87,-18.800,-96.575,22.157,-0.737,-0.603,-0.306,0.810,0.541,-0.226,2807.16,-39.950,-156.556,62.779,-0.800,-0.572,0.181,0.477,-0.084,-0.875,3052.74,-24.843,-25.067,30.103,-0.687,-0.303,0.661,0.477,0.757,-0.447,2509.53,0.671,7.945,-5.707,-0.495,-0.144,0.857,0.656,0.449,-0.607,10.263,6.916,-13.756,35.679,0.466,0.350,-0.813,11.553,-25.298,-11.160,47.282,none
49.383537,0.574,0.818,0.037,2759.22,-19.248,-98.925,17.681,-0.756,-0.588,-0.290,0.579,0.815,-0.014,2706.97,-45.434,-161.368,63.786,-0.824,-0.546,0.153,0.460,-0.179,-0.870,3058.86,-64.458,-72.627,45.098,-0.629,-0.336,0.701,0.483,0.754,-0.445,2478.69,0.000,5.483,-8.952,-0.505,-0.153,0.850,0.662,0.403,-0.632,10.485,9.008,-8.534,46.580,0.502,0.347,-0.792,12.013,-27.496,-1.847,52.824,none
49.387430,0.486,0.872,0.060,2959.49,-16.450,-87.958,0.336,-0.759,-0.585,-0.287,0.579,0.815,-0.025,2623.74,-43.084,-130.930,25.626,-0.833,-0.517,0.197,0.482,-0.130,-0.867,3003.84,-79.565,-105.975,80.013,-0.623,-0.342,0.703,0.488,0.761,-0.428,2533.33,-7.050,-6.155,-12.981,-0.510,-0.149,0.847,0.678,0.326,-0.658,10.929,25.603,-9.893,63.328,0.513,0.281,-0.811,12.608,-9.450,10.153,66.489,none
49.408964,0.472,0.881,0.040,3006.17,-5.148,-86.391,-18.912,-0.770,-0.588,-0.248,0.648,0.739,-0.187,2721.46,-56.065,-105.191,-2.238,-0.815,-0.531,0.229,0.498,0.020,-0.867,2944.56,-120.970,-177.259,101.834,-0.562,-0.353,0.748,0.466,0.769,-0.437,2546.65,-23.165,-22.605,-29.767,-0.513,-0.154,0.845,0.642,0.354,-0.681,10.549,48.412,0.168,75.130,0.442,0.265,-0.857,12.270,18.336,25.863,66.534,none
49.433712,0.428,0.896,0.123,2902.90,4.924,-61.772,-52.484,-0.746,-0.627,-0.225,0.628,0.744,-0.230,2637.37,-44.203,-84.713,-36.705,-0.816,-0.541,0.204,0.556,0.434,-0.710,2286.02,-100.827,-136.077,79.901,-0.556,-0.350,0.754,0.448,0.804,-0.391,2519.38,-45.434,-19.807,-38.719,-0.510,-0.145,0.848,0.596,0.385,-0.705,9.795,61.221,11.649,65.450,0.391,0.269,-0.880,11.233,50.336,32.458,44.901,none
49.455544,0.435,0.886,0.159,2489.48,7.945,-16.338,-75.425,-0.723,-0.656,-0.217,0.520,0.848,-0.106,2394.25,-19.807,-71.060,-37.153,-0.792,-0.554,0.254,0.499,0.507,-0.703,1915.33,-50.693,-90.420,28.872,-0.495,-0.432,0.754,0.410,0.849,-0.333,2513.38,-54.498,-18.800,-44.427,-0.533,-0.161,0.831,0.560,0.437,-0.704,9.088,66.947,22.412,40.809,0.371,0.352,-0.859,9.855,55.939,36.962,19.252,none
49.478921,0.417,0.885,0.207,2338.97,20.814,11.974,-69.494,-0.701,-0.701,-0.131,0.414,0.909,0.048,2104.33,1.679,-40.622,-37.041,-0.790,-0.555,0.261,0.434,0.457,-0.777,1910.92,-18.017,-50.022,-3.469,-0.456,-0.386,0.802,0.374,0.875,-0.309,2362.40,-9.400,-21.038,-36.034,-0.531,-0.168,0.830,0.557,0.473,-0.682,8.188,52.931,29.573,9.954,0.352,0.331,-0.875,9.102,43.374,36.901,-12.046,none
49.888168,0.414,0.874,0.255,2166.69,33.124,42.972,-54.162,-0.689,-0.697,-0.202,0.306,0.940,0.150,2045.35,16.898,5.371,-35.362,-0.773,-0.582,0.252,0.402,0.384,-0.831,1890.99,11.191,-22.269,-25.626,-0.462,-0.450,0.764,0.366,0.879,-0.307,2252.31,5.371,-11.750,-26.186,-0.525,-0.193,0.829,0.478,0.408,-0.778,7.870,36.015,28.733,-18.855,0.294,0.264,-0.919,8.809,36.931,25.649,-37.160,none
49.891572,0.374,0.847,0.377,1956.52,36.146,71.284,-38.272,-0.681,-0.697,-0.223,0.264,0.940,0.213,2034.05,34.579,57.631,-35.810,-0.767,-0.579,0.275,0.402,0.345,-0.848,1819.23,27.081,7.833,-38.831,-0.438,-0.423,0.793,0.373,0.862,-0.344,2181.63,12.422,-0.448,-13.876,-0.527,-0.192,0.828,0.481,0.387,-0.787,8.162,33.344,15.252,-48.015,0.283,0.243,-0.928,9.132,38.611,8.107,-60.870,none
49.891757,0.344,0.850,0.400,2067.06,19.807,124.999,-24.060,-0.674,-0.721,-0.163,0.153,0.877,0.455,2225.90,52.931,169.314,-53.155,-0.767,-0.591,0.249,0.428,0.252,-0.868,1868.46,41.181,58.974,-53.267,-0.428,-0.409,0.806,0.363,0.866,-0.343,2214.21,3.693,6.714,-0.224,-0.527,-0.198,0.827,0.498,0.383,-0.778,8.235,32.534,6.168,-70.427,0.317,0.263,-0.911,9.167,41.511,-8.260,-84.244,none
49.891872,0.450,0.841,0.299,2040.62,14.883,157.563,-14.995,-0.660,-0.718,-0.220,0.443,0.799,0.407,2098.79,42.972,242.724,-70.948,-0.755,-0.608,0.247,0.435,0.243,-0.867,2016.80,39.503,86.167,-57.408,-0.424,-0.423,0.801,0.373,0.875,-0.309,2237.59,5.595,12.645,13.541,-0.525,-0.203,0.826,0.486,0.327,-0.811,8.568,36.901,-6.641,-92.977,0.345,0.268,-0.899,9.343,38.489,-23.695,-98.031,none
49.891966,0.526,0.822,0.217,2004.32,5.036,167.635,-0.671,-0.642,-0.734,-0.219,0.597,0.743,0.302,2084.93,23.612,275.960,-67.815,-0.758,-0.617,0.211,0.448,0.223,-0.866,2245.67,34.243,97.806,-64.234,-0.466,-0.414,0.782,0.391,0.873,-0.291,2208.61,8.057,13.317,22.493,-0.511,-0.206,0.835,0.520,0.370,-0.770,8.777,40.687,-17.802,-107.573,0.345,0.266,-0.900,9.729,35.618,-37.695,-105.252,none
49.892058,0.562,0.808,0.177,2015.95,-10.072,157.787,19.136,-0.617,-0.744,-0.257,0.861,0.445,-0.244,2798.80,11.191,249.662,-40.174,-0.743,-0.642,0.190,0.455,0.184,-0.871,2401.35,27.417,98.813,-72.179,-0.507,-0.435,0.745,0.445,0.838,-0.315,2289.72,0.783,26.074,26.298,-0.505,-0.211,0.837,0.542,0.414,-0.731,9.110,36.534,-25.710,-118.565,0.371,0.333,-0.867,10.285,33.023,-50.198,-111.969,none
49.892150,0.626,0.776,0.079,2389.78,-28.088,138.763,34.355,-0.623,-0.724,-0.296,0.854,0.422,-0.305,2950.91,9.176,216.762,-21.710,-0.729,-0.661,0.178,0.474,0.115,-0.873,2474.82,25.179,99.372,-74.641,-0.498,-0.408,0.765,0.473,0.802,-0.365,2404.45,7.386,33.460,32.565,-0.492,-0.211,0.845,0.660,0.413,-0.628,10.475,30.641,-37.053,-112.397,0.508,0.396,-0.765,12.295,28.260,-62.962,-101.878,none
49.892238,0.710,0.527,-0.468,4525.96,-95.120,52.148,-27.529,-0.627,-0.698,-0.346,0.823,0.540,-0.178,3073.11,-6.043,129.475,20.367,-0.748,-0.654,0.108,0.480,0.053,-0.875,2602.08,22.493,97.918,-74.194,-0.521,-0.459,0.720,0.497,0.750,-0.436,2662.94,7.050,38.943,32.676,-0.477,-0.221,0.851,0.786,0.473,-0.397,13.063,14.107,-36.061,-68.626,0.694,0.537,-0.479,15.844,6.275,-69.145,-15.206,none
49.895401,0.661,0.685,0.308,2175.46,50.470,16.450,-63.451,-0.587,-0.728,-0.354,0.681,0.575,-0.454,5355.80,47.896,58.751,18.241,-0.756,-0.648,0.099,0.399,-0.168,-0.902,3332.98,33.348,81.579,-51.141,-0.543,-0.427,0.723,0.473,0.734,-0.487,3109.11,4.252,23.948,22.157,-0.466,-0.226,0.856,0.741,0.544,-0.395,13.224,-22.122,8.458,-31.328,0.456,0.472,-0.755,13.978,-29.267,-11.710,-40.611,none
49.895494,0.529,0.848,-0.011,3271.68,-12.422,13.764,-18.800,-0.613,-0.719,-0.327,0.802,0.514,-0.303,3871.94,23.276,5.483,19.472,-0.756,-0.646,0.106,0.377,-0.180,-0.908,3597.58,38.160,60.877,-29.543,-0.571,-0.414,0.709,0.481,0.721,-0.499,2917.59,10.519,1.567,2.574,-0.475,-0.233,0.848,0.640,0.399,-0.657,12.158,-18.962,22.092,-9.389,0.539,0.404,-0.740,13.798,-18.885,10.687,-25.145,none
49.895583,0.558,0.818,0.137,2890.37,-3.021,12.198,21.038,-0.597,-0.714,-0.365,0.771,0.637,-0.018,2632.75,1.790,-3.245,10.631,-0.773,-0.629,0.079,0.424,-0.142,-0.894,3314.49,29.431,-8.952,24.843,-0.574,-0.463,0.675,0.505,0.734,-0.454,2601.08,14.324,-20.479,-4.364,-0.461,-0.232,0.857,0.539,0.442,-0.717,9.854,-9.008,11.817,17.023,0.356,0.323,-0.877,11.254,-21.160,7.863,11.267,none
49.895694,0.462,0.875,0.148,2603.41,-2.126,-0.671,21.822,-0.593,-0.706,-0.388,0.712,0.698,-0.073,2640.52,-9.064,-3.693,4.029,-0.768,-0.633,0.095,0.527,0.037,-0.849,2636.15,15.219,-17.122,33.460,-0.587,-0.415,0.695,0.482,0.783,-0.393,2361.54,10.855,-25.291,-0.448,-0.467,-0.226,0.855,0.492,0.390,-0.778,9.451,0.229,1.863,14.229,0.316,0.275,-0.908,10.572,-10.840,0.397,11.878,none
49.895787,0.440,0.861,0.257,2108.01,7.050,-1.679,23.276,-0.617,-0.702,-0.355,0.633,0.774,0.014,2291.42,-9.176,-18.017,-0.448,-0.758,-0.645,0.098,0.578,0.224,-0.784,2280.43,5.148,-6.938,20.143,-0.572,-0.375,0.729,0.470,0.806,-0.360,2296.96,4.924,-18.241,0.448,-0.473,-0.224,0.852,0.496,0.439,-0.750,8.518,3.099,-0.748,8.641,0.320,0.298,-0.899,9.639,-9.618,-4.947,7.435,none
49.895870,0.376,0.899,0.223,2388.17,-10.407,5.148,28.424,-0.608,-0.688,-0.396,0.567,0.813,0.135,2124.74,-5.819,-10.967,3.693,-0.764,-0.639,0.096,0.560,0.226,-0.797,2217.18,2.350,1.679,7.274,-0.566,-0.377,0.733,0.441,0.838,-0.321,2243.73,-4.588,-8.952,2.014,-0.476,-0.214,0.853,0.517,0.402,-0.756,8.734,-0.931,-3.573,-2.168,0.337,0.274,-0.901,9.900,-13.939,-10.015,-0.931,none
49.895951,0.453,0.876,0.164,2283.82,2.686,4.364,10.295,-0.606,-0.702,-0.374,0.551,0.828,0.108,2203.95,-4.700,7.162,4.924,-0.767,-0.632,0.112,0.537,0.178,-0.824,2253.13,3.021,6.155,3.245,-0.581,-0.383,0.718,0.435,0.834,-0.339,2299.04,-6.267,1.119,5.148,-0.462,-0.214,0.861,0.524,0.398,-0.753,9.121,3.588,-4.824,-11.389,0.346,0.283,-0.894,10.314,-10.290,-13.786,-8.931,none
49.896032,0.457,0.878,0.141,2458.07,-9.624,5.260,5.931,-0.631,-0.678,-0.378,0.631,0.776,0.005,2313.19,-3.245,14.212,6.826,-0.770,-0.630,0.102,0.515,0.122,-0.848,2407.55,0.560,13.653,-5.931,-0.590,-0.386,0.709,0.446,0.812,-0.377,2376.37,5.931,7.610,7.610,-0.457,-0.209,0.865,0.587,0.416,-0.695,9.700,7.481,-8.824,-13.817,0.434,0.367,-0.823,10.747,-9.527,-17.450,-8.656,none
49.902669,0.524,0.847,0.094,2630.57,-11.638,1.567,-0.336,-0.643,-0.669,-0.374,0.695,0.715,-0.084,2552.70,-5.036,11.414,5.260,-0.771,-0.631,0.086,0.506,0.063,-0.860,2511.47,-0.783,15.107,-9.624,-0.580,-0.391,0.714,0.460,0.781,-0.423,2494.24,13.205,9.624,9.624,-0.474,-0.216,0.854,0.617,0.476,-0.626,9.997,5.298,-10.443,-7.267,0.441,0.421,-0.792,11.181,-19.435,-17.145,1.847,none
49.902786,0.545,0.832,0.106,2618.54,-2.238,-0.783,7.162,-0.631,-0.668,-0.394,0.720,0.687,-0.103,2641.66,-4.924,4.924,5.595,-0.765,-0.638,0.089,0.484,0.011,-0.875,2662.56,-3.021,14.772,-7.610,-0.596,-0.381,0.706,0.456,0.773,-0.442,2561.20,6.379,6.155,9.400,-0.473,-0.221,0.853,0.618,0.501,-0.607,10.155,-3.130,-7.267,-2.275,0.414,0.393,-0.821,11.507,-22.336,-13.405,3.878,none
49.902872,0.518,0.851,0.092,2814.36,-4.252,-1.007,8.841,-0.623,-0.688,-0.373,0.712,0.698,-0.083,2685.10,-6.155,-0.112,5.595,-0.767,-0.634,0.103,0.494,0.004,-0.869,2609.22,-0.783,7.833,0.000,-0.585,-0.390,0.711,0.464,0.774,-0.431,2557.74,-2.238,-0.336,7.386,-0.472,-0.219,0.854,0.610,0.444,-0.656,10.193,-8.840,-2.901,2.962,0.424,0.369,-0.827,11.470,-20.901,-8.107,6.275,none
49.902954,0.535,0.833,0.141,2519.55,1.679,-1.679,4.476,-0.639,-0.646,-0.417,0.699,0.710,-0.090,2707.22,-5.371,-2.126,5.148,-0.770,-0.631,0.095,0.515,0.045,-0.856,2637.55,0.112,0.783,10.407,-0.590,-0.383,0.710,0.469,0.789,-0.397,2507.56,-5.036,-6.043,4.029,-0.468,-0.214,0.858,0.563,0.432,-0.704,9.690,-6.107,-0.137,6.916,0.380,0.325,-0.866,11.112,-17.618,-5.206,7.344,none
49.905850,0.463,0.874,0.145,2657.92,3.581,-4.364,4.700,-0.646,-0.675,-0.356,0.675,0.737,-0.026,2525.55,-3.469,-9.176,1.567,-0.772,-0.628,0.096,0.532,0.088,-0.842,2553.83,-0.560,-2.238,10.183,-0.579,-0.401,0.710,0.468,0.793,-0.389,2431.26,1.007,-6.826,2.014,-0.477,-0.216,0.852,0.550,0.403,-0.732,9.637,-0.626,0.443,6.153,0.370,0.314,-0.874,10.815,-10.656,-4.107,6.580,none
49.930108,0.476,0.862,0.173,2503.23,-2.574,-4.029,3.021,-0.623,-0.690,-0.369,0.649,0.760,0.013,2413.24,-1.902,-7.050,-2.574,-0.777,-0.621,0.100,0.538,0.105,-0.836,2433.05,-2.238,-2.126,4.364,-0.609,-0.367,0.704,0.464,0.790,-0.400,2365.89,1.007,-2.350,0.448,-0.470,-0.205,0.858,0.544,0.436,-0.717,9.361,5.374,-1.679,3.420,0.361,0.337,-0.870,10.549,-4.336,-6.046,4.000,none
49.952728,0.488,0.857,0.163,2483.06,-4.252,-4.252,-0.560,-0.629,-0.653,-0.421,0.653,0.757,0.014,2369.76,-3.469,-2.798,-2.910,-0.775,-0.628,0.073,0.523,0.077,-0.849,2429.78,-5.148,0.112,0.895,-0.607,-0.413,0.679,0.459,0.794,-0.400,2392.85,-7.498,0.224,0.783,-0.461,-0.206,0.863,0.565,0.442,-0.697,9.573,7.954,-4.061,0.260,0.381,0.351,-0.855,10.783,-1.603,-8.458,1.374,none
49.975523,0.501,0.848,0.171,2475.01,-8.057,-3.133,-5.819,-0.644,-0.654,-0.397,0.686,0.727,-0.035,2441.33,-5.036,2.014,-3.021,-0.779,-0.624,0.061,0.520,0.065,-0.852,2422.44,-5.148,2.686,1.007,-0.596,-0.385,0.705,0.454,0.802,-0.388,2465.02,-11.526,0.224,1.790,-0.477,-0.211,0.853,0.575,0.459,-0.678,9.638,7.267,-4.626,-0.351,0.388,0.372,-0.843,10.744,-2.275,-9.176,0.565,none
50.397606,0.489,0.862,0.132,2617.66,-10.743,0.448,0.560,-0.646,-0.666,-0.372,0.670,0.742,-0.027,2471.96,-5.148,1.119,-0.671,-0.780,-0.620,0.085,0.510,0.078,-0.857,2510.70,-4.812,1.343,3.469,-0.601,-0.390,0.698,0.453,0.805,-0.383,2467.60,-7.162,-0.112,3.245,-0.473,-0.215,0.855,0.592,0.427,-0.683,9.764,3.359,-3.817,-0.763,0.415,0.346,-0.841,11.024,-4.870,-8.275,-0.290,none
50.397748,0.483,0.862,0.151,2546.76,-3.917,0.671,-0.448,-0.625,-0.652,-0.429,0.656,0.753,-0.045,2552.05,-4.812,1.790,0.448,-0.776,-0.628,0.063,0.517,0.098,-0.850,2496.25,-1.790,3.245,2.014,-0.598,-0.370,0.711,0.459,0.806,-0.374,2477.58,-0.783,-1.119,3.581,-0.477,-0.212,0.853,0.573,0.417,-0.705,9.693,3.298,-1.771,0.412,0.395,0.332,-0.857,10.893,-5.221,-6.718,0.214,none
50.397865,0.457,0.877,0.144,2671.30,-3.469,0.448,0.112,-0.641,-0.641,-0.423,0.648,0.761,-0.022,2538.74,-2.126,-0.783,0.224,-0.804,-0.594,0.029,0.510,0.107,-0.854,2567.02,-1.567,1.455,2.350,-0.637,-0.414,0.651,0.464,0.804,-0.371,2470.76,-2.462,-1.343,1.567,-0.470,-0.216,0.856,0.572,0.405,-0.714,9.814,5.496,-1.542,-0.550,0.391,0.320,-0.863,11.046,-4.046,-6.397,-0.031,none
50.397965,0.481,0.862,0.158,2558.48,-0.783,0.560,-2.126,-0.637,-0.641,-0.429,0.652,0.758,-0.019,2510.00,-2.014,0.560,-0.895,-0.780,-0.622,0.071,0.524,0.119,-0.844,2479.98,-1.231,0.112,1.902,-0.613,-0.404,0.678,0.463,0.805,-0.370,2478.01,-5.260,-1.343,0.895,-0.466,-0.197,0.863,0.577,0.434,-0.692,9.689,6.366,-0.992,-1.221,0.390,0.345,-0.854,10.877,-4.275,-5.756,-0.672,none
50.398058,0.490,0.858,0.155,2552.01,-0.671,0.560,0.336,-0.632,-0.632,-0.449,0.652,0.758,-0.019,2510.00,-1.119,0.448,0.112,-0.785,-0.619,0.029,0.522,0.133,-0.842,2507.11,-0.448,0.671,0.895,-0.620,-0.396,0.677,0.461,0.808,-0.367,2470.16,-2.686,-0.671,0.448,-0.467,-0.203,0.861,0.573,0.428,-0.699,9.689,4.092,0.382,-1.802,0.392,0.340,-0.855,10.894,-6.214,-4.687,-1.252,none
50.401925,0.490,0.858,0.155,2552.01,-0.671,0.336,1.567,-0.627,-0.634,-0.452,0.664,0.748,-0.023,2480.64,0.671,0.895,0.560,-0.768,-0.638,0.058,0.524,0.087,-0.847,2480.42,1.679,1.567,-2.462,-0.630,-0.392,0.670,0.461,0.804,-0.375,2447.50,2.910,-0.448,0.448,-0.468,-0.213,0.858,0.561,0.439,-0.702,9.589,4.275,0.748,-2.809,0.381,0.344,-0.859,10.801,-6.397,-4.748,-2.290,none
50.402039,0.491,0.856,0.163,2546.46,-0.112,0.112,1.790,-0.651,-0.646,-0.399,0.664,0.748,-0.011,2480.14,1.007,0.783,1.231,-0.792,-0.606,0.073,0.517,0.074,-0.852,2510.37,1.790,1.790,-1.231,-0.599,-0.371,0.710,0.465,0.792,-0.395,2447.02,4.364,0.224,0.671,-0.476,-0.204,0.855,0.570,0.441,-0.693,9.679,5.008,-0.260,-2.733,0.392,0.357,-0.848,10.874,-5.939,-5.618,-1.863,none
50.402130,0.502,0.851,0.154,2570.50,-0.448,-0.336,0.112,-0.633,-0.662,-0.400,0.682,0.730,-0.034,2499.01,-0.671,1.567,0.783,-0.781,-0.618,0.085,0.527,0.063,-0.847,2482.08,0.448,1.567,-0.560,-0.598,-0.366,0.713,0.467,0.790,-0.398,2454.39,0.895,0.336,0.895,-0.469,-0.207,0.859,0.574,0.454,-0.681,9.662,3.557,-0.153,-1.389,0.390,0.366,-0.845,10.867,-7.450,-5.267,-0.443,none
50.402217,0.502,0.852,0.150,2568.98,1.231,0.000,-0.448,-0.633,-0.652,-0.416,0.685,0.728,-0.034,2518.56,-0.224,-0.560,0.336,-0.776,-0.628,0.063,0.519,0.058,-0.853,2522.28,0.000,0.895,0.560,-0.614,-0.393,0.685,0.470,0.788,-0.397,2459.87,-1.567,0.448,0.336,-0.464,-0.205,0.862,0.574,0.442,-0.690,9.701,2.214,0.137,-0.290,0.386,0.351,-0.853,10.960,-7.695,-4.992,0.244,none
50.402306,0.500,0.851,0.158,2559.39,0.224,-0.671,-0.783,-0.644,-0.653,-0.399,0.676,0.736,-0.023,2491.19,-1.679,-1.343,-0.112,-0.782,-0.620,0.070,0.522,0.067,-0.850,2508.20,-1.231,-0.560,2.686,-0.620,-0.401,0.674,0.466,0.795,-0.388,2462.38,-1.455,-0.224,0.783,-0.470,-0.208,0.858,0.568,0.431,-0.701,9.698,2.824,-0.244,0.214,0.388,0.343,-0.856,10.902,-6.168,-5.466,0.412,none
50.402397,0.492,0.856,0.159,2544.15,-1.455,-1.343,-0.560,-0.657,-0.649,-0.383,0.658,0.753,-0.023,2501.65,-1.902,-0.783,0.000,-0.777,-0.624,0.086,0.519,0.101,-0.849,2521.53,-1.679,-0.448,2.798,-0.598,-0.398,0.695,0.462,0.803,-0.376,2463.10,-0.112,0.000,1.007,-0.468,-0.209,0.859,0.577,0.429,-0.696,9.655,3.557,-0.840,-0.244,0.396,0.342,-0.852,10.854,-7.237,-5.588,0.718,none
50.402480,0.483,0.861,0.159,2549.86,-1.567,-1.455,-0.112,-0.653,-0.651,-0.388,0.656,0.755,-0.023,2495.08,-1.231,-1.455,-0.448,-0.770,-0.633,0.080,0.524,0.111,-0.844,2477.80,-1.119,-0.895,1.679,-0.609,-0.397,0.687,0.459,0.805,-0.377,2459.30,-0.224,0.671,0.783,-0.465,-0.203,0.862,0.575,0.430,-0.696,9.632,3.298,0.412,-0.855,0.393,0.340,-0.854,10.855,-7.344,-4.611,-0.244,none
50.402563,0.478,0.864,0.159,2554.16,-0.112,-0.112,0.112,-0.627,-0.649,-0.431,0.649,0.761,-0.019,2474.54,0.000,-0.112,0.112,-0.788,-0.614,0.050,0.521,0.108,-0.847,2459.17,0.336,1.231,0.448,-0.620,-0.369,0.693,0.452,0.808,-0.378,2450.19,0.112,0.783,0.000,-0.478,-0.216,0.851,0.574,0.430,-0.697,9.606,3.313,1.130,-2.107,0.391,0.336,-0.857,10.840,-7.023,-3.969,-1.802,none
50.405136,0.480,0.863,0.155,2543.96,1.902,1.007,0.224,-0.641,-0.641,-0.423,0.657,0.753,-0.023,2473.44,0.783,1.343,0.671,-0.793,-0.604,0.079,0.519,0.106,-0.848,2502.10,0.895,1.007,-0.112,-0.627,-0.380,0.680,0.459,0.803,-0.380,2437.83,1.343,1.455,-0.224,-0.463,-0.198,0.864,0.571,0.431,-0.699,9.642,5.145,0.977,-2.137,0.389,0.339,-0.857,10.891,-5.267,-3.710,-1.817,none
50.405249,0.492,0.856,0.159,2544.15,2.350,1.902,0.560,-0.636,-0.632,-0.443,0.672,0.740,-0.027,2478.67,1.679,1.455,-0.448,-0.786,-0.613,0.082,0.523,0.078,-0.848,2500.96,0.783,1.007,-2.350,-0.622,-0.380,0.684,0.468,0.795,-0.386,2451.35,2.238,1.790,-0.671,-0.461,-0.205,0.863,0.567,0.449,-0.691,9.583,6.000,0.977,-2.183,0.384,0.357,-0.851,10.805,-4.733,-3.573,-1.847,none
50.405340,0.499,0.852,0.159,2545.52,2.238,2.014,1.007,-0.650,-0.627,-0.430,0.676,0.737,-0.019,2477.59,1.790,1.119,-0.560,-0.786,-0.613,0.082,0.525,0.075,-0.848,2491.79,1.007,0.224,-1.679,-0.620,-0.396,0.677,0.473,0.789,-0.391,2444.10,2.126,1.902,-0.783,-0.472,-0.206,0.857,0.563,0.454,-0.691,9.618,5.893,0.733,-2.183,0.379,0.356,-0.854,10.860,-4.840,-3.725,-1.954,none
50.405424,0.508,0.846,0.163,2540.41,1.231,1.790,0.895,-0.646,-0.658,-0.386,0.680,0.733,-0.011,2462.60,1.343,1.902,-0.112,-0.789,-0.609,0.081,0.529,0.076,-0.845,2475.70,0.336,0.448,-0.671,-0.614,-0.388,0.687,0.473,0.788,-0.395,2448.03,0.224,1.567,-0.560,-0.473,-0.207,0.857,0.563,0.448,-0.695,9.640,5.710,0.458,-1.969,0.379,0.357,-0.854,10.839,-4.550,-3.969,-1.893,none
50.407858,0.502,0.850,0.159,2550.88,0.224,1.007,0.560,-0.648,-0.652,-0.394,0.676,0.736,-0.015,2491.55,1.119,1.790,-0.560,-0.776,-0.627,0.070,0.529,0.074,-0.845,2511.64,-0.112,0.671,-1.007,-0.625,-0.381,0.681,0.477,0.788,-0.390,2448.85,-0.560,1.567,-0.448,-0.464,-0.205,0.862,0.559,0.449,-0.698,9.674,6.305,0.275,-2.290,0.379,0.357,-0.854,10.838,-4.214,-4.198,-2.015,none
50.407978,0.502,0.850,0.162,2551.47,-0.112,0.783,-0.112,-0.639,-0.646,-0.417,0.676,0.736,-0.015,2491.55,0.783,2.014,-0.448,-0.785,-0.617,0.060,0.530,0.071,-0.845,2487.87,-0.671,-0.224,-0.336,-0.625,-0.415,0.661,0.471,0.789,-0.393,2455.13,0.000,2.126,-0.448,-0.469,-0.208,0.859,0.566,0.448,-0.692,9.711,6.290,0.168,-2.260,0.385,0.354,-0.852,10.931,-4.000,-4.382,-2.031,none
50.408072,0.499,0.852,0.158,2567.05,-0.336,0.224,-1.007,-0.637,-0.651,-0.414,0.674,0.738,-0.019,2499.09,0.448,2.126,-0.560,-0.786,-0.614,0.076,0.524,0.071,-0.849,2499.54,-0.783,0.112,0.336,-0.615,-0.391,0.684,0.466,0.795,-0.388,2462.38,-0.112,2.238,-0.224,-0.469,-0.206,0.859,0.575,0.438,-0.691,9.719,5.847,0.229,-1.695,0.394,0.349,-0.850,10.947,-4.122,-4.198,-1.634,none
50.413960,0.493,0.855,0.158,2557.63,0.112,0.448,-1.007,-0.618,-0.637,-0.461,0.667,0.745,-0.030,2513.12,0.000,1.567,-1.119,-0.784,-0.619,0.037,0.523,0.094,-0.847,2504.41,-0.448,0.224,-0.224,-0.633,-0.412,0.656,0.466,0.795,-0.388,2462.38,-0.783,2.126,-0.560,-0.467,-0.199,0.862,0.570,0.438,-0.696,9.645,6.565,0.733,-1.450,0.388,0.348,-0.853,10.852,-3.634,-3.649,-1.634,none
50.442512,0.492,0.857,0.155,2542.58,0.336,1.119,-0.560,-0.628,-0.655,-0.420,0.664,0.748,-0.015,2479.52,1.231,1.007,-1.231,-0.780,-0.622,0.076,0.525,0.099,-0.845,2475.49,0.112,-0.448,-0.671,-0.622,-0.377,0.687,0.466,0.799,-0.380,2439.87,-0.336,1.790,-0.895,-0.472,-0.209,0.856,0.566,0.442,-0.696,9.625,7.053,0.672,-2.504,0.381,0.347,-0.857,10.834,-3.817,-3.893,-2.366,none
50.465191,0.498,0.852,0.160,2532.02,1.231,2.126,-1.455,-0.637,-0.641,-0.429,0.668,0.744,-0.019,2464.77,1.007,1.343,-0.336,-0.773,-0.630,0.080,0.526,0.083,-0.847,2471.09,0.671,0.224,-1.343,-0.615,-0.391,0.684,0.469,0.796,-0.383,2446.71,0.671,1.343,-0.671,-0.473,-0.213,0.855,0.568,0.446,-0.692,9.596,7.176,0.260,-3.206,0.386,0.353,-0.852,10.797,-4.015,-4.519,-2.901,none
50.485159,0.496,0.853,0.159,2541.40,1.007,2.350,-1.231,-0.645,-0.645,-0.411,0.670,0.742,-0.019,2471.53,1.119,1.902,0.112,-0.778,-0.624,0.070,0.522,0.075,-0.849,2487.40,1.119,1.007,-1.343,-0.633,-0.398,0.664,0.467,0.795,-0.388,2438.40,1.343,1.567,-0.224,-0.475,-0.208,0.855,0.567,0.446,-0.692,9.654,6.901,0.092,-2.992,0.386,0.352,-0.853,10.856,-4.321,-4.733,-2.550,none
50.910010,0.495,0.855,0.159,2549.94,1.343,2.462,-1.119,-0.642,-0.649,-0.407,0.674,0.738,-0.023,2484.44,0.671,1.902,0.112,-0.785,-0.614,0.081,0.524,0.075,-0.849,2500.27,0.112,0.671,-0.560,-0.625,-0.382,0.680,0.468,0.795,-0.386,2451.35,0.895,1.455,-0.112,-0.473,-0.211,0.855,0.568,0.445,-0.693,9.673,6.824,-0.153,-2.672,0.385,0.352,-0.853,10.923,-4.412,-4.977,-2.137,none
50.911894,0.497,0.852,0.162,2556.34,1.231,2.462,-1.007,-0.651,-0.637,-0.413,0.676,0.736,-0.019,2491.72,0.448,1.567,0.112,-0.779,-0.625,0.055,0.530,0.079,-0.844,2489.29,0.671,0.671,-0.783,-0.628,-0.393,0.671,0.471,0.793,-0.385,2455.25,-0.448,1.007,0.000,-0.471,-0.208,0.857,0.565,0.451,-0.691,9.679,6.168,0.214,-2.565,0.382,0.357,-0.853,10.868,-5.038,-4.611,-2.153,none
50.912025,0.500,0.851,0.162,2559.98,1.567,2.350,-0.224,-0.635,-0.646,-0.424,0.672,0.740,-0.015,2506.32,0.560,1.231,0.448,-0.786,-0.617,0.038,0.534,0.078,-0.842,2509.20,0.895,0.560,-0.448,-0.630,-0.392,0.670,0.473,0.791,-0.388,2464.64,0.671,0.783,0.000,-0.469,-0.205,0.859,0.561,0.447,-0.696,9.663,6.061,0.641,-2.702,0.380,0.351,-0.856,10.889,-4.962,-4.305,-2.305,none
50.912135,0.502,0.850,0.162,2551.47,1.007,1.679,0.224,-0.637,-0.614,-0.467,0.674,0.738,-0.015,2498.92,0.895,1.231,0.224,-0.782,-0.620,0.060,0.536,0.075,-0.841,2477.92,1.007,0.224,-0.895,-0.617,-0.416,0.668,0.477,0.788,-0.390,2448.85,1.679,0.671,-0.336,-0.472,-0.206,0.857,0.560,0.451,-0.695,9.630,6.305,0.580,-2.550,0.377,0.356,-0.855,10.829,-4.718,-4.336,-2.122,none
50.912224,0.502,0.850,0.162,2551.47,0.560,0.895,-0.224,-0.620,-0.646,-0.445,0.676,0.737,-0.011,2476.56,0.783,1.119,0.112,-0.775,-0.624,0.094,0.531,0.067,-0.844,2500.93,0.783,0.895,-0.895,-0.598,-0.376,0.708,0.478,0.786,-0.392,2440.98,0.895,0.895,-0.112,-0.472,-0.213,0.856,0.562,0.449,-0.695,9.648,6.412,-0.046,-2.076,0.379,0.355,-0.855,10.865,-4.427,-4.885,-1.511,none
50.912310,0.502,0.850,0.162,2551.47,0.560,0.783,-1.343,-0.617,-0.663,-0.424,0.680,0.733,-0.015,2490.99,0.224,1.231,-0.112,-0.778,-0.625,0.063,0.530,0.063,-0.845,2487.37,0.000,0.560,-0.224,-0.609,-0.408,0.681,0.477,0.788,-0.390,2448.85,-1.007,1.007,0.112,-0.484,-0.217,0.848,0.563,0.447,-0.695,9.685,7.084,-0.550,-1.588,0.383,0.353,-0.854,10.891,-3.725,-5.191,-1.115,none
50.912400,0.498,0.853,0.159,2554.05,-0.224,0.224,-2.462,-0.632,-0.657,-0.411,0.674,0.738,-0.019,2499.09,-0.783,0.560,-0.783,-0.785,-0.616,0.066,0.529,0.078,-0.845,2512.33,-1.119,0.112,0.671,-0.616,-0.411,0.672,0.471,0.793,-0.385,2455.25,-2.014,0.448,0.112,-0.478,-0.208,0.854,0.574,0.444,-0.688,9.642,6.565,-0.519,-1.115,0.392,0.354,-0.849,10.893,-4.412,-5.038,-0.611,none
50.912489,0.495,0.855,0.159,2549.94,-0.224,0.000,-2.238,-0.640,-0.673,-0.370,0.672,0.740,-0.023,2505.95,-0.448,0.336,-0.671,-0.781,-0.620,0.069,0.526,0.082,-0.846,2507.01,-1.455,-1.007,1.455,-0.606,-0.383,0.697,0.470,0.795,-0.384,2463.19,-1.790,0.560,0.000,-0.475,-0.212,0.854,0.566,0.437,-0.699,9.675,6.092,0.183,-0.824,0.386,0.344,-0.856,10.898,-4.656,-4.458,-0.382,none
50.912591,0.490,0.857,0.159,2553.58,0.000,0.336,-0.895,-0.654,-0.644,-0.396,0.668,0.744,-0.019,2493.08,0.000,0.336,-1.007,-0.773,-0.628,0.094,0.533,0.104,-0.840,2455.68,0.000,0.000,0.448,-0.607,-0.414,0.679,0.469,0.798,-0.379,2467.34,-0.448,0.783,-0.336,-0.467,-0.203,0.861,0.563,0.439,-0.700,9.633,6.168,0.046,-1.191,0.382,0.343,-0.858,10.848,-4.519,-4.565,-0.824,none
50.913083,0.489,0.858,0.159,2539.25,0.000,0.112,-0.783,-0.631,-0.648,-0.426,0.668,0.744,-0.015,2478.79,0.000,-0.224,0.000,-0.775,-0.629,0.058,0.526,0.076,-0.847,2469.58,-0.783,2.910,2.014,-0.595,-0.387,0.704,0.471,0.797,-0.377,2455.96,0.336,1.343,-0.112,-0.467,-0.203,0.861,0.567,0.433,-0.701,9.706,6.244,-0.076,-1.435,0.385,0.340,-0.858,10.964,-4.168,-4.702,-1.053,none
50.913176,0.492,0.856,0.159,2544.15,-0.112,-0.112,-0.448,-0.636,-0.666,-0.389,0.668,0.744,-0.019,2493.08,0.224,1.007,-0.895,-0.771,-0.633,0.064,0.525,0.089,-0.846,2530.06,-0.671,0.783,0.783,-0.603,-0.370,0.706,0.465,0.798,-0.384,2466.49,-0.224,1.567,0.112,-0.476,-0.211,0.854,0.573,0.435,-0.695,9.658,6.763,-0.061,-1.206,0.392,0.344,-0.853,10.859,-3.664,-4.397,-0.992,none
50.913287,0.486,0.860,0.158,2555.57,-0.112,0.000,0.224,-0.642,-0.635,-0.428,0.666,0.746,-0.023,2485.88,0.448,0.448,-1.119,-0.769,-0.636,0.067,0.523,0.083,-0.848,2467.22,-0.560,-0.112,-0.112,-0.601,-0.392,0.697,0.466,0.798,-0.383,2442.51,0.112,1.119,-0.560,-0.471,-0.204,0.859,0.571,0.443,-0.691,9.555,6.397,0.137,-1.237,0.388,0.349,-0.853,10.782,-3.802,-4.061,-1.191,none
50.913368,0.489,0.858,0.159,2539.25,0.448,0.671,-1.007,-0.641,-0.630,-0.438,0.669,0.743,-0.011,2443.66,0.448,0.671,-1.119,-0.774,-0.628,0.085,0.521,0.079,-0.850,2474.05,-0.671,-0.112,0.000,-0.630,-0.358,0.689,0.467,0.795,-0.388,2438.40,0.112,1.119,-0.560,-0.472,-0.205,0.857,0.564,0.435,-0.701,9.617,6.351,-0.397,-1.344,0.387,0.340,-0.857,10.855,-3.802,-4.519,-1.191,none
50.913451,0.489,0.858,0.159,2539.25,0.448,1.343,-2.126,-0.637,-0.651,-0.414,0.664,0.748,-0.019,2479.69,-0.560,1.455,-1.007,-0.777,-0.626,0.063,0.528,0.087,-0.844,2477.22,-0.783,-0.112,0.112,-0.624,-0.438,0.647,0.466,0.798,-0.383,2442.51,-0.783,1.119,-0.112,-0.463,-0.200,0.863,0.574,0.434,-0.694,9.664,7.115,-0.641,-1.771,0.393,0.342,-0.854,10.904,-3.176,-4.534,-1.557,none
50.913532,0.484,0.860,0.159,2542.98,0.112,1.679,-1.567,-0.639,-0.635,-0.434,0.662,0.749,-0.026,2500.30,0.000,1.455,-0.783,-0.769,-0.636,0.064,0.523,0.097,-0.846,2519.82,-0.671,0.448,-0.112,-0.615,-0.388,0.686,0.469,0.798,-0.379,2467.34,-1.455,1.119,-0.336,-0.472,-0.206,0.857,0.569,0.434,-0.698,9.695,6.763,0.382,-1.908,0.389,0.342,-0.856,10.913,-3.908,-3.908,-1.756,none
50.913619,0.484,0.860,0.161,2564.74,0.560,2.126,0.112,-0.637,-0.653,-0.409,0.656,0.755,-0.015,2508.81,1.119,0.895,-0.895,-0.775,-0.626,0.086,0.527,0.102,-0.844,2503.91,-0.448,-0.112,-0.448,-0.626,-0.381,0.680,0.466,0.803,-0.372,2463.53,-0.783,1.790,-1.007,-0.476,-0.211,0.854,0.567,0.435,-0.700,9.731,7.328,0.870,-2.473,0.386,0.340,-0.857,10.920,-3.603,-3.511,-2.366,none
50.913704,0.486,0.860,0.158,2555.57,0.783,2.462,0.895,-0.636,-0.665,-0.391,0.664,0.747,-0.015,2491.47,1.902,1.790,-0.336,-0.773,-0.631,0.064,0.527,0.098,-0.844,2502.91,0.895,0.112,-1.343,-0.586,-0.378,0.717,0.470,0.800,-0.373,2461.00,0.336,1.679,-1.007,-0.477,-0.214,0.853,0.568,0.436,-0.699,9.685,7.252,1.191,-3.145,0.387,0.341,-0.857,10.880,-3.939,-3.450,-3.130,none
50.915310,0.490,0.857,0.159,2553.58,0.895,2.126,2.238,-0.649,-0.663,-0.372,0.662,0.749,-0.015,2499.70,2.238,1.902,-0.112,-0.785,-0.614,0.082,0.526,0.094,-0.846,2509.65,1.007,-0.224,-1.679,-0.612,-0.408,0.678,0.468,0.799,-0.378,2452.06,1.790,1.902,-1.231,-0.470,-0.206,0.858,0.565,0.435,-0.701,9.670,7.496,1.679,-3.252,0.387,0.339,-0.857,10.859,-3.817,-3.130,-3.191,none
50.915404,0.487,0.859,0.159,2548.69,1.231,2.014,2.126,-0.632,-0.658,-0.410,0.664,0.747,-0.015,2491.47,2.574,2.126,-0.112,-0.769,-0.632,0.095,0.534,0.103,-0.839,2470.25,1.902,-0.112,-2.238,-0.625,-0.396,0.673,0.468,0.799,-0.378,2452.06,1.567,2.126,-1.455,-0.466,-0.196,0.863,0.564,0.443,-0.697,9.615,7.435,1.924,-3.542,0.383,0.347,-0.856,10.811,-3.725,-3.282,-3.511,none
50.915489,0.491,0.856,0.163,2546.46,1.567,2.014,1.007,-0.627,-0.634,-0.453,0.670,0.742,-0.019,2471.53,2.462,2.014,-0.112,-0.782,-0.620,0.070,0.529,0.087,-0.844,2491.79,1.790,0.783,-3.133,-0.598,-0.406,0.691,0.469,0.796,-0.383,2446.71,1.231,2.350,-1.455,-0.469,-0.207,0.858,0.566,0.440,-0.697,9.678,6.885,1.573,-3.954,0.386,0.345,-0.856,10.866,-4.214,-3.710,-3.756,none
50.917576,0.495,0.855,0.159,2549.94,1.119,1.902,-0.112,-0.627,-0.634,-0.453,0.668,0.744,-0.019,2493.08,2.014,2.462,0.112,-0.768,-0.637,0.065,0.524,0.067,-0.849,2499.70,1.455,0.671,-2.574,-0.608,-0.368,0.703,0.470,0.795,-0.384,2439.55,1.119,2.462,-1.119,-0.471,-0.215,0.856,0.570,0.436,-0.696,9.675,7.282,1.252,-3.542,0.390,0.342,-0.855,10.904,-3.695,-3.908,-3.313,none
50.938987,0.493,0.855,0.158,2557.63,0.671,2.014,-0.560,-0.627,-0.670,-0.398,0.670,0.742,-0.030,2499.74,1.455,2.350,-0.448,-0.779,-0.622,0.078,0.523,0.078,-0.848,2500.96,0.783,0.000,-1.679,-0.620,-0.386,0.683,0.467,0.798,-0.381,2454.68,0.671,2.126,-1.007,-0.481,-0.212,0.851,0.571,0.438,-0.695,9.656,7.817,1.237,-3.252,0.390,0.344,-0.854,10.840,-3.496,-3.634,-3.115,none
50.962281,0.487,0.859,0.155,2547.12,1.119,2.350,-0.112,-0.638,-0.642,-0.426,0.666,0.746,-0.019,2486.41,1.455,1.679,-0.671,-0.783,-0.619,0.061,0.526,0.087,-0.846,2486.51,0.783,-0.783,-1.343,-0.626,-0.409,0.664,0.466,0.798,-0.383,2442.51,0.671,1.902,-1.343,-0.478,-0.217,0.851,0.566,0.442,-0.696,9.607,7.573,1.756,-3.664,0.386,0.341,-0.857,10.838,-3.634,-3.313,-3.603,none
50.983844,0.492,0.857,0.155,2542.58,1.455,2.350,0.336,-0.633,-0.652,-0.418,0.668,0.744,-0.019,2464.77,2.238,2.014,-0.448,-0.764,-0.639,0.090,0.530,0.087,-0.843,2469.62,1.790,0.448,-2.686,-0.602,-0.410,0.685,0.469,0.797,-0.379,2444.08,0.671,2.126,-1.567,-0.474,-0.216,0.854,0.566,0.440,-0.697,9.622,7.221,1.542,-3.969,0.384,0.344,-0.857,10.825,-3.679,-3.588,-4.000,none
