0.001343,IMU Server Connected
0.014062,8.87,0.05,4.19,0.01,-0.00,-0.00,-29.06,18.06,-44.94,5.39,-3.35,8.67,0.01,0.01,-0.03,-6.28,-5.59,4.55,-0.07,0.00,-0.03,1.84,-5.14,8.55,-0.03,0.01,0.02,-2.92,-3.86,8.67,-0.02,0.01,-0.00,1.80,9.86,-0.98,-0.06,0.04,-0.01
0.056428,8.83,0.05,4.19,0.01,-0.00,-0.00,-29.94,18.69,-45.75,5.40,-3.32,8.71,-0.00,0.02,-0.03,-6.28,-5.56,4.55,-0.08,0.03,-0.04,1.88,-5.09,8.58,-0.03,0.03,0.02,-2.91,-3.81,8.71,-0.02,0.03,-0.01,1.82,9.87,-0.99,-0.06,0.03,-0.03
0.060194,8.79,-0.02,4.15,0.01,-0.00,-0.00,-29.94,18.69,-45.75,5.32,-3.37,8.64,-0.01,0.04,-0.03,-6.33,-5.53,4.59,-0.08,0.03,-0.05,1.80,-5.09,8.50,-0.04,0.03,0.02,-2.95,-3.80,8.66,-0.03,0.03,-0.01,1.83,9.86,-1.01,-0.06,0.03,-0.04
0.077849,8.79,-0.02,4.15,-0.04,-0.02,0.02,-29.31,17.81,-45.94,5.21,-3.43,8.60,-0.01,0.03,-0.02,-6.31,-5.60,4.51,-0.08,0.02,-0.05,1.65,-5.11,8.48,-0.04,0.03,0.03,-3.06,-3.84,8.57,-0.03,0.03,-0.01,1.73,9.85,-0.97,-0.06,0.04,-0.04
0.098811,8.87,-0.25,4.03,-0.04,-0.02,0.02,-29.31,17.81,-45.94,5.18,-3.47,8.61,-0.01,0.02,-0.03,-6.24,-5.68,4.41,-0.08,0.01,-0.05,1.59,-5.14,8.47,-0.05,0.02,0.02,-3.10,-3.89,8.51,-0.03,0.02,-0.01,1.61,9.84,-0.93,-0.06,0.04,-0.04
0.123836,8.94,-0.18,3.96,-0.01,-0.01,-0.01,-29.62,17.38,-45.88,5.17,-3.54,8.60,-0.01,0.02,-0.04,-6.20,-5.75,4.42,-0.07,0.01,-0.05,1.56,-5.21,8.45,-0.04,0.02,0.01,-3.11,-3.98,8.45,-0.03,0.02,-0.02,1.58,9.84,-0.87,-0.06,0.03,-0.04
0.145732,8.94,-0.21,3.92,-0.02,-0.01,-0.01,-29.62,17.38,-45.88,5.20,-3.59,8.55,-0.01,0.01,-0.04,-6.20,-5.74,4.52,-0.06,0.01,-0.04,1.60,-5.26,8.41,-0.04,0.02,0.01,-3.07,-4.01,8.47,-0.02,0.01,-0.02,1.65,9.85,-0.84,-0.06,0.03,-0.02
0.167852,8.94,-0.14,3.92,0.00,0.01,-0.01,-29.62,17.38,-45.88,5.28,-3.59,8.52,0.00,0.00,-0.04,-6.17,-5.71,4.58,-0.06,0.00,-0.03,1.72,-5.26,8.43,-0.04,0.01,0.01,-2.98,-3.97,8.57,-0.02,0.01,-0.01,1.71,9.85,-0.82,-0.06,0.03,-0.01
0.191987,8.90,0.02,4.00,0.01,0.01,-0.01,-28.44,18.62,-45.38,5.38,-3.57,8.52,0.00,0.00,-0.04,-6.14,-5.65,4.60,-0.07,0.00,-0.03,1.80,-5.30,8.41,-0.04,0.01,0.02,-2.86,-4.00,8.57,-0.02,0.01,-0.01,1.76,9.81,-0.83,-0.06,0.04,-0.01
0.216172,8.94,-0.02,4.03,0.01,0.01,-0.01,-29.31,18.19,-47.44,5.38,-3.52,8.57,0.01,0.01,-0.03,-6.16,-5.64,4.59,-0.08,0.01,-0.02,1.80,-5.27,8.42,-0.03,0.01,0.02,-2.89,-3.98,8.59,-0.02,0.02,0.01,1.77,9.82,-0.84,-0.05,0.04,-0.02
0.233932,8.90,-0.06,4.03,0.01,0.01,-0.01,-29.31,18.19,-47.44,5.35,-3.50,8.58,0.02,0.02,-0.03,-6.24,-5.64,4.60,-0.09,0.01,-0.02,1.81,-5.22,8.46,-0.02,0.02,0.03,-2.93,-3.93,8.61,-0.02,0.02,0.01,1.77,9.85,-0.88,-0.04,0.05,-0.02
0.258032,8.87,-0.18,4.03,0.01,0.02,0.03,-29.31,18.12,-45.31,5.27,-3.48,8.56,0.02,0.02,-0.02,-6.24,-5.65,4.57,-0.09,-0.00,-0.01,1.71,-5.17,8.44,-0.02,0.01,0.04,-3.02,-3.90,8.57,-0.02,0.02,0.02,1.72,9.84,-0.91,-0.04,0.06,-0.02
0.279823,8.87,-0.18,4.03,0.01,0.02,0.03,-30.19,18.31,-46.00,5.23,-3.44,8.62,0.02,0.02,-0.02,-6.20,-5.67,4.44,-0.09,0.01,-0.02,1.67,-5.13,8.48,-0.02,0.01,0.04,-3.03,-3.90,8.51,-0.02,0.02,0.02,1.63,9.81,-0.92,-0.04,0.05,-0.03
0.301809,8.83,-0.18,4.07,0.01,0.02,0.03,-30.19,18.31,-46.00,5.18,-3.42,8.66,0.02,0.03,-0.03,-6.24,-5.67,4.41,-0.08,0.03,-0.02,1.64,-5.12,8.49,-0.02,0.02,0.03,-3.07,-3.87,8.51,-0.01,0.03,0.01,1.61,9.82,-0.95,-0.04,0.04,-0.04
0.323951,8.83,-0.25,4.11,-0.01,0.02,0.02,-30.19,18.31,-46.00,5.12,-3.46,8.58,0.01,0.02,-0.03,-6.33,-5.67,4.45,-0.08,0.03,-0.02,1.56,-5.11,8.47,-0.02,0.02,0.02,-3.19,-3.83,8.55,-0.01,0.02,0.01,1.64,9.87,-1.01,-0.04,0.03,-0.03
0.345914,8.90,-0.29,4.15,-0.01,0.02,0.02,-30.19,18.31,-46.00,5.16,-3.42,8.67,0.02,0.01,-0.04,-6.34,-5.63,4.47,-0.07,0.01,-0.02,1.58,-5.08,8.56,-0.02,0.00,0.02,-3.16,-3.82,8.57,-0.01,0.00,0.00,1.67,9.89,-1.04,-0.04,0.04,-0.01
0.367144,8.83,-0.14,4.19,0.02,0.02,-0.01,-30.19,18.31,-46.00,5.24,-3.36,8.75,0.02,0.01,-0.04,-6.33,-5.62,4.47,-0.07,0.01,-0.02,1.69,-5.04,8.61,-0.03,0.00,0.01,-3.06,-3.79,8.65,-0.01,0.01,-0.01,1.69,9.88,-1.04,-0.05,0.04,0.00
0.391447,8.83,-0.10,4.22,-0.02,-0.00,0.00,-30.19,18.31,-46.00,5.30,-3.32,8.79,0.00,0.02,-0.04,-6.39,-5.63,4.50,-0.07,0.02,-0.04,1.77,-5.02,8.67,-0.04,0.02,0.01,-3.07,-3.71,8.77,-0.02,0.02,-0.02,1.73,9.93,-1.08,-0.06,0.02,-0.01
0.413299,8.83,-0.14,4.22,-0.03,-0.03,-0.01,-29.00,18.62,-45.38,5.32,-3.32,8.80,-0.02,0.02,-0.04,-6.44,-5.63,4.55,-0.07,0.03,-0.06,1.74,-5.02,8.67,-0.05,0.03,0.01,-3.08,-3.73,8.77,-0.03,0.03,-0.03,1.77,9.96,-1.07,-0.07,0.01,-0.02
0.433826,8.87,-0.14,4.19,-0.03,-0.03,-0.01,-29.00,18.62,-45.38,5.29,-3.39,8.71,-0.03,0.01,-0.04,-6.39,-5.62,4.58,-0.06,0.02,-0.07,1.72,-5.11,8.59,-0.07,0.02,0.01,-3.03,-3.82,8.68,-0.05,0.03,-0.03,1.78,9.91,-1.01,-0.08,0.02,-0.02
0.458251,8.94,-0.02,4.07,0.00,-0.03,-0.02,-29.00,18.62,-45.38,5.31,-3.45,8.62,-0.03,0.01,-0.04,-6.26,-5.64,4.56,-0.06,0.01,-0.06,1.75,-5.20,8.47,-0.06,0.02,0.01,-2.95,-3.94,8.60,-0.04,0.02,-0.03,1.77,9.84,-0.90,-0.08,0.02,-0.01
0.479861,8.90,0.02,4.03,-0.02,-0.01,-0.01,-29.00,18.62,-45.38,5.38,-3.49,8.58,-0.02,0.02,-0.04,-6.17,-5.64,4.54,-0.06,0.02,-0.05,1.79,-5.23,8.43,-0.05,0.03,0.00,-2.88,-3.98,8.58,-0.03,0.03,-0.03,1.75,9.80,-0.85,-0.07,0.02,-0.01
0.501784,8.90,0.02,4.00,-0.02,-0.01,-0.01,-28.75,19.12,-45.44,5.41,-3.47,8.60,-0.02,0.03,-0.05,-6.20,-5.62,4.59,-0.07,0.04,-0.05,1.82,-5.18,8.48,-0.05,0.04,0.01,-2.88,-3.93,8.61,-0.03,0.04,-0.02,1.80,9.83,-0.89,-0.06,0.01,-0.03
0.524784,8.87,-0.06,4.11,-0.02,-0.01,-0.01,-29.00,18.69,-47.50,5.39,-3.45,8.61,-0.02,0.03,-0.03,-6.28,-5.60,4.63,-0.07,0.04,-0.05,1.82,-5.17,8.52,-0.05,0.04,0.02,-2.95,-3.87,8.66,-0.03,0.04,-0.02,1.84,9.88,-0.93,-0.06,0.01,-0.03
0.5465,8.87,-0.10,4.11,-0.02,-0.01,-0.01,-29.31,19.38,-46.56,5.33,-3.45,8.58,-0.02,0.03,-0.02,-6.29,-5.61,4.60,-0.08,0.02,-0.05,1.79,-5.15,8.49,-0.05,0.04,0.03,-2.95,-3.87,8.63,-0.04,0.04,-0.01,1.81,9.86,-0.92,-0.07,0.03,-0.03
0.568381,8.87,-0.10,4.07,0.00,-0.03,0.01,-29.31,19.38,-46.56,5.27,-3.47,8.59,-0.02,0.03,-0.02,-6.22,-5.66,4.50,-0.08,0.02,-0.05,1.72,-5.19,8.46,-0.06,0.04,0.03,-2.97,-3.94,8.53,-0.05,0.04,-0.01,1.70,9.80,-0.89,-0.07,0.03,-0.04
0.594318,8.90,-0.21,3.88,-0.02,-0.02,0.01,-29.00,19.38,-44.81,5.16,-3.52,8.52,-0.02,0.03,-0.03,-6.18,-5.68,4.47,-0.08,0.03,-0.05,1.61,-5.21,8.40,-0.05,0.04,0.02,-3.06,-3.97,8.43,-0.04,0.04,-0.01,1.64,9.78,-0.86,-0.07,0.03,-0.02
0.609861,8.90,-0.21,3.88,-0.02,-0.02,0.01,-29.00,19.38,-44.81,5.18,-3.57,8.46,-0.01,0.02,-0.03,-6.17,-5.69,4.49,-0.07,0.02,-0.04,1.62,-5.23,8.36,-0.05,0.02,0.02,-3.06,-3.98,8.43,-0.03,0.02,-0.01,1.66,9.78,-0.84,-0.07,0.03,-0.02
0.631673,8.90,-0.21,3.88,0.00,-0.00,0.00,-29.00,19.38,-44.81,5.26,-3.58,8.51,-0.00,0.01,-0.03,-6.12,-5.70,4.49,-0.07,0.02,-0.04,1.70,-5.28,8.35,-0.04,0.02,0.02,-2.96,-4.02,8.45,-0.03,0.02,-0.01,1.65,9.76,-0.80,-0.06,0.04,-0.01
0.656778,8.94,-0.02,3.92,0.00,0.00,0.01,-29.06,17.88,-44.19,5.28,-3.56,8.54,0.00,0.03,-0.03,-6.09,-5.70,4.47,-0.08,0.03,-0.03,1.72,-5.31,8.37,-0.03,0.03,0.02,-2.95,-4.04,8.46,-0.02,0.03,-0.00,1.66,9.78,-0.79,-0.05,0.03,-0.02
0.674547,8.94,-0.06,4.00,0.00,0.00,0.01,-29.00,19.19,-45.88,5.27,-3.53,8.60,0.00,0.03,-0.04,-6.21,-5.71,4.53,-0.08,0.04,-0.02,1.69,-5.26,8.45,-0.03,0.03,0.02,-3.03,-3.99,8.56,-0.02,0.04,-0.00,1.71,9.87,-0.86,-0.04,0.03,-0.02
0.695961,8.94,-0.10,4.07,-0.02,0.01,0.02,-29.00,19.19,-45.88,5.30,-3.51,8.69,0.00,0.03,-0.04,-6.35,-5.71,4.55,-0.07,0.04,-0.03,1.70,-5.23,8.54,-0.03,0.03,0.02,-3.06,-3.93,8.63,-0.02,0.04,0.00,1.72,9.96,-0.93,-0.04,0.02,-0.03
0.72065,8.90,-0.14,4.15,-0.01,-0.00,0.01,-29.00,17.94,-46.31,5.32,-3.44,8.81,-0.00,0.03,-0.03,-6.38,-5.71,4.54,-0.07,0.03,-0.04,1.72,-5.16,8.66,-0.04,0.03,0.02,-3.09,-3.88,8.71,-0.02,0.04,-0.00,1.71,9.99,-0.97,-0.05,0.02,-0.03
0.738374,8.90,-0.14,4.15,-0.02,-0.02,0.01,-29.62,19.56,-45.50,5.34,-3.40,8.86,-0.02,0.03,-0.03,-6.41,-5.72,4.54,-0.08,0.03,-0.06,1.75,-5.12,8.74,-0.05,0.04,0.02,-3.13,-3.82,8.78,-0.04,0.05,-0.02,1.74,10.02,-0.98,-0.07,0.02,-0.04
1.163756,8.90,-0.18,4.07,-0.02,-0.02,0.01,-29.62,19.56,-45.50,5.29,-3.49,8.68,-0.05,0.03,-0.02,-6.40,-5.71,4.58,-0.08,0.02,-0.08,1.69,-5.19,8.61,-0.08,0.05,0.03,-3.15,-3.87,8.70,-0.07,0.05,-0.03,1.74,10.00,-0.95,-0.09,0.02,-0.05
1.163789,8.98,-0.21,4.00,-0.01,-0.08,-0.00,-29.31,18.69,-45.75,5.25,-3.56,8.60,-0.05,0.01,-0.01,-6.27,-5.72,4.53,-0.09,0.01,-0.09,1.63,-5.28,8.45,-0.08,0.03,0.03,-3.05,-4.01,8.54,-0.07,0.04,-0.03,1.67,9.89,-0.87,-0.10,0.03,-0.04
1.163809,8.94,-0.10,3.92,-0.01,-0.08,-0.00,-28.69,17.94,-46.31,5.23,-3.56,8.60,-0.04,0.02,-0.02,-6.14,-5.75,4.41,-0.08,0.02,-0.08,1.63,-5.29,8.40,-0.07,0.04,0.03,-2.98,-4.08,8.44,-0.06,0.04,-0.02,1.60,9.80,-0.81,-0.09,0.03,-0.05
1.163822,8.94,-0.21,3.88,-0.03,-0.03,0.01,-28.69,17.94,-46.31,5.19,-3.62,8.52,-0.03,0.04,-0.03,-6.12,-5.74,4.40,-0.08,0.03,-0.07,1.58,-5.32,8.31,-0.06,0.05,0.02,-3.05,-4.09,8.37,-0.04,0.05,-0.02,1.58,9.77,-0.80,-0.07,0.02,-0.05
1.163833,8.94,-0.33,3.84,-0.04,-0.02,0.02,-28.69,17.94,-46.31,5.11,-3.70,8.43,-0.01,0.04,-0.03,-6.12,-5.69,4.43,-0.08,0.03,-0.04,1.49,-5.34,8.24,-0.04,0.04,0.02,-3.11,-4.11,8.31,-0.02,0.04,-0.00,1.60,9.75,-0.81,-0.05,0.03,-0.03
1.163845,8.98,-0.37,3.84,-0.01,0.02,0.02,-28.69,17.94,-46.31,5.14,-3.68,8.49,0.01,0.03,-0.04,-6.11,-5.74,4.35,-0.08,0.03,-0.02,1.52,-5.34,8.27,-0.02,0.03,0.02,-3.10,-4.08,8.35,-0.01,0.03,0.01,1.54,9.76,-0.82,-0.03,0.04,-0.02
1.163859,8.98,-0.29,3.88,-0.01,0.02,0.02,-29.62,18.12,-45.25,5.16,-3.62,8.60,0.03,0.04,-0.04,-6.13,-5.75,4.30,-0.08,0.04,-0.00,1.56,-5.29,8.38,-0.00,0.03,0.02,-3.08,-4.02,8.43,0.01,0.04,0.01,1.51,9.79,-0.87,-0.01,0.03,-0.02
1.163875,8.90,-0.37,4.00,-0.03,0.05,0.05,-29.00,19.69,-45.94,5.15,-3.58,8.65,0.03,0.05,-0.04,-6.28,-5.73,4.38,-0.08,0.05,0.00,1.53,-5.24,8.49,0.01,0.04,0.03,-3.12,-3.96,8.50,0.01,0.05,0.02,1.57,9.88,-0.96,-0.00,0.03,-0.03
1.163885,8.90,-0.37,4.00,-0.03,0.05,0.05,-29.00,19.69,-45.94,5.15,-3.56,8.67,0.04,0.05,-0.03,-6.35,-5.69,4.43,-0.08,0.04,0.01,1.55,-5.20,8.55,0.01,0.03,0.03,-3.17,-3.90,8.54,0.00,0.04,0.03,1.61,9.91,-0.99,-0.01,0.04,-0.02
1.163896,8.87,-0.33,4.07,-0.03,0.05,0.05,-29.00,19.69,-45.94,5.15,-3.49,8.75,0.03,0.04,-0.01,-6.37,-5.73,4.36,-0.09,0.04,0.00,1.58,-5.12,8.64,-0.00,0.03,0.04,-3.24,-3.82,8.60,-0.01,0.04,0.03,1.56,9.93,-1.03,-0.02,0.05,-0.02
1.163907,8.79,-0.29,4.11,0.02,0.02,0.04,-29.00,19.69,-45.94,5.10,-3.45,8.75,0.02,0.04,-0.01,-6.41,-5.71,4.36,-0.09,0.03,-0.02,1.53,-5.09,8.63,-0.02,0.03,0.05,-3.27,-3.79,8.60,-0.02,0.04,0.02,1.58,9.93,-1.08,-0.04,0.04,-0.02
1.163919,8.79,-0.41,4.00,0.03,-0.03,0.02,-29.00,19.69,-45.94,5.04,-3.47,8.65,0.00,0.01,-0.00,-6.41,-5.68,4.40,-0.10,0.00,-0.03,1.47,-5.06,8.57,-0.04,0.01,0.05,-3.29,-3.78,8.55,-0.05,0.02,0.02,1.63,9.93,-1.07,-0.06,0.06,-0.00
1.163929,8.79,-0.25,4.00,0.03,-0.03,0.02,-29.31,19.38,-46.62,5.09,-3.43,8.63,-0.00,-0.01,0.00,-6.30,-5.67,4.38,-0.09,-0.02,-0.04,1.55,-5.06,8.50,-0.06,-0.01,0.05,-3.18,-3.81,8.49,-0.07,0.00,0.01,1.64,9.84,-1.00,-0.08,0.07,0.00
1.16394,8.75,-0.06,4.00,0.03,-0.03,0.02,-29.31,19.38,-46.62,5.17,-3.41,8.57,-0.01,-0.02,0.00,-6.20,-5.61,4.41,-0.09,-0.02,-0.05,1.66,-5.08,8.41,-0.08,-0.00,0.05,-3.05,-3.84,8.47,-0.08,0.01,-0.01,1.70,9.72,-0.94,-0.09,0.06,0.00
1.165901,8.71,-0.06,3.96,0.04,-0.04,-0.01,-29.31,19.38,-46.62,5.17,-3.46,8.46,-0.01,-0.01,0.00,-6.15,-5.57,4.46,-0.08,-0.03,-0.04,1.64,-5.15,8.29,-0.08,-0.01,0.05,-2.98,-3.91,8.40,-0.09,0.00,-0.01,1.73,9.68,-0.89,-0.09,0.07,0.02
1.165919,8.75,-0.10,3.96,0.03,-0.04,0.00,-29.31,19.38,-46.62,5.18,-3.51,8.43,-0.01,-0.02,0.00,-6.09,-5.59,4.45,-0.08,-0.04,-0.03,1.63,-5.19,8.25,-0.07,-0.02,0.05,-2.96,-3.97,8.35,-0.08,-0.00,-0.00,1.73,9.64,-0.81,-0.08,0.07,0.03
1.165932,8.90,-0.10,3.92,0.06,-0.02,-0.00,-29.62,20.31,-46.69,5.20,-3.61,8.33,0.02,-0.02,-0.00,-6.00,-5.54,4.46,-0.08,-0.03,-0.00,1.66,-5.34,8.11,-0.05,-0.02,0.05,-2.85,-4.13,8.21,-0.06,0.00,0.01,1.76,9.59,-0.79,-0.05,0.09,0.06
1.165944,8.87,-0.10,3.92,0.06,0.03,0.02,-29.62,20.31,-46.69,5.21,-3.57,8.42,0.04,-0.01,-0.01,-6.06,-5.57,4.49,-0.09,-0.03,0.03,1.66,-5.27,8.26,-0.01,-0.03,0.05,-2.91,-4.08,8.30,-0.03,-0.00,0.04,1.79,9.67,-0.84,-0.03,0.09,0.07
1.165959,8.83,-0.10,4.03,0.06,0.06,0.03,-29.62,20.31,-46.69,5.28,-3.52,8.54,0.05,-0.01,-0.02,-6.25,-5.65,4.48,-0.09,-0.02,0.04,1.71,-5.17,8.45,-0.01,-0.02,0.05,-3.06,-3.82,8.69,-0.03,0.00,0.04,1.80,9.85,-0.96,-0.02,0.09,0.05
1.16597,8.87,-0.21,4.22,0.05,0.04,0.03,-29.62,20.31,-46.69,5.29,-3.42,8.70,0.05,-0.01,-0.01,-6.43,-5.61,4.54,-0.10,-0.02,0.02,1.68,-5.09,8.65,-0.03,-0.03,0.06,-3.12,-3.72,8.89,-0.09,0.02,0.01,1.85,9.96,-1.07,-0.04,0.09,0.01
1.1875,8.94,-0.25,4.42,0.07,0.01,0.01,-29.62,20.31,-46.69,5.26,-3.33,8.88,0.04,-0.02,0.00,-6.52,-5.59,4.47,-0.10,-0.02,0.00,1.70,-5.06,8.76,-0.04,-0.03,0.06,-3.13,-3.88,8.61,-0.10,0.02,0.02,1.78,9.97,-1.17,-0.05,0.09,0.00
1.209201,8.94,-0.18,4.49,0.06,-0.01,0.02,-29.62,20.31,-46.69,5.16,-3.22,9.05,0.03,-0.00,-0.01,-6.54,-5.60,4.34,-0.10,0.00,-0.01,1.58,-5.02,8.80,-0.03,0.00,0.05,-3.22,-3.92,8.49,-0.05,0.03,0.02,1.68,9.96,-1.22,-0.04,0.07,-0.00
1.233677,8.83,-0.45,4.38,-0.04,0.03,0.02,-29.62,20.31,-46.69,5.06,-3.20,9.04,0.01,0.03,-0.04,-6.62,-5.63,4.27,-0.08,0.03,-0.01,1.50,-4.94,8.83,-0.03,0.03,0.02,-3.40,-3.72,8.63,-0.01,0.05,0.01,1.62,10.01,-1.31,-0.04,0.03,-0.01
1.250187,8.71,-0.52,4.30,-0.04,0.03,0.02,-29.62,20.31,-46.69,4.99,-3.22,9.01,-0.02,0.02,-0.06,-6.71,-5.62,4.30,-0.07,0.02,-0.03,1.39,-4.87,8.88,-0.04,0.04,0.00,-3.51,-3.58,8.74,-0.02,0.05,-0.00,1.64,10.05,-1.36,-0.06,0.03,-0.01
1.670777,8.71,-0.60,4.22,-0.04,-0.01,-0.01,-29.62,20.31,-46.69,4.94,-3.26,8.96,-0.05,0.00,-0.05,-6.69,-5.64,4.28,-0.06,-0.00,-0.06,1.36,-4.87,8.83,-0.08,0.03,0.00,-3.47,-3.62,8.67,-0.06,0.05,-0.02,1.62,10.03,-1.33,-0.09,0.03,-0.01
1.672819,8.75,-0.52,4.19,-0.01,-0.05,-0.04,-29.62,20.31,-46.69,4.92,-3.32,8.89,-0.07,-0.02,-0.06,-6.54,-5.72,4.22,-0.05,-0.01,-0.08,1.36,-4.97,8.68,-0.10,0.02,-0.01,-3.44,-3.81,8.44,-0.07,0.04,-0.03,1.51,9.93,-1.17,-0.12,0.02,-0.01
1.672858,8.83,-0.37,4.11,-0.00,-0.08,-0.06,-29.62,20.31,-46.69,4.71,-3.42,8.66,-0.08,-0.02,-0.10,-6.31,-5.78,4.22,-0.03,-0.02,-0.10,1.21,-5.13,8.43,-0.11,0.02,-0.04,-3.15,-4.07,8.20,-0.04,0.04,-0.03,1.47,9.81,-0.97,-0.13,0.00,0.01
1.672873,8.98,-0.25,3.80,-0.04,-0.04,-0.10,-30.25,16.06,-44.19,5.01,-3.64,8.47,-0.08,-0.05,-0.15,-6.09,-5.78,4.29,0.00,-0.02,-0.09,1.27,-5.28,8.26,-0.10,-0.01,-0.12,-3.09,-4.19,8.14,0.02,0.07,0.03,1.54,9.72,-0.78,-0.11,-0.02,0.03
1.672887,8.87,0.05,3.65,-0.04,-0.04,-0.10,-30.25,16.06,-44.19,5.20,-3.61,8.52,-0.08,-0.05,-0.17,-6.01,-5.78,4.42,0.02,-0.00,-0.08,1.54,-5.32,8.29,-0.09,-0.01,-0.16,-3.20,-4.11,8.33,0.02,0.08,0.03,1.70,9.73,-0.70,-0.11,-0.04,0.03
1.6729,8.90,0.09,3.73,-0.07,-0.02,-0.09,-30.25,16.06,-44.19,5.21,-3.60,8.43,-0.10,-0.06,-0.16,-6.05,-5.69,4.64,0.01,0.01,-0.09,1.79,-5.34,8.34,-0.12,-0.08,-0.21,-3.00,-4.13,8.41,0.01,0.06,0.01,1.89,9.76,-0.67,-0.10,-0.03,0.03
1.672913,8.94,0.17,3.88,-0.04,-0.02,-0.08,-30.25,16.06,-44.19,5.65,-3.70,8.33,-0.07,-0.06,-0.14,-6.05,-5.61,4.78,-0.00,-0.01,-0.07,2.14,-5.50,8.24,-0.12,-0.06,-0.14,-2.93,-4.11,8.57,-0.01,0.06,0.01,2.05,9.76,-0.66,-0.10,-0.01,0.03
1.672923,9.02,0.32,3.96,0.00,-0.02,-0.05,-30.25,16.06,-44.19,5.71,-3.67,8.40,-0.07,-0.06,-0.13,-6.06,-5.62,4.82,-0.02,-0.01,-0.06,2.22,-5.49,8.32,-0.12,-0.04,-0.11,-3.01,-4.15,8.53,-0.01,0.04,0.00,2.06,9.79,-0.64,-0.09,0.01,0.03
1.672934,9.02,0.13,3.88,-0.02,-0.02,-0.03,-30.25,16.06,-44.19,5.69,-3.73,8.34,-0.05,-0.03,-0.11,-6.07,-5.67,4.80,-0.03,-0.01,-0.05,2.13,-5.60,8.15,-0.09,-0.02,-0.07,-3.04,-4.22,8.46,-0.01,0.02,0.00,2.03,9.82,-0.63,-0.08,0.02,0.01
1.672945,9.10,0.09,3.84,0.01,-0.01,-0.01,-30.25,16.06,-44.19,5.64,-3.75,8.31,-0.02,-0.02,-0.10,-6.04,-5.71,4.77,-0.04,-0.00,-0.04,2.07,-5.57,8.21,-0.06,-0.02,-0.04,-3.06,-4.17,8.54,0.00,0.00,-0.00,1.98,9.82,-0.61,-0.07,0.03,0.01
1.672956,8.94,0.13,3.77,0.01,-0.01,-0.01,-29.31,16.50,-44.25,5.46,-3.46,8.66,-0.04,-0.03,-0.09,-6.10,-5.75,4.78,-0.05,-0.00,-0.04,2.05,-5.41,8.45,-0.07,0.00,-0.02,-2.77,-4.12,8.60,-0.02,0.03,0.01,2.00,9.88,-0.64,-0.07,0.03,0.00
1.672968,8.90,0.21,3.84,0.01,-0.01,-0.01,-29.31,16.50,-44.25,5.71,-3.62,8.48,-0.08,-0.02,-0.08,-6.11,-5.71,4.77,-0.07,0.01,-0.05,2.06,-5.45,8.38,-0.09,0.02,-0.02,-2.80,-4.10,8.60,-0.02,0.06,0.04,2.02,9.87,-0.68,-0.08,0.03,-0.02
1.672984,8.98,0.05,3.92,-0.03,-0.05,0.01,-29.31,16.50,-44.25,5.67,-3.81,8.23,-0.05,-0.02,-0.06,-6.10,-5.58,4.82,-0.08,0.00,-0.05,2.00,-5.59,8.12,-0.08,-0.00,-0.00,-2.94,-4.18,8.48,-0.02,0.07,0.08,2.07,9.79,-0.68,-0.07,0.05,-0.02
1.672995,9.13,-0.10,3.92,0.02,-0.03,0.02,-29.31,16.50,-44.25,5.57,-3.75,8.32,-0.01,-0.02,-0.05,-6.07,-5.64,4.69,-0.10,-0.01,-0.02,2.00,-5.57,8.15,-0.04,-0.02,0.01,-2.72,-4.27,8.33,-0.00,0.08,0.14,1.94,9.76,-0.68,-0.04,0.07,-0.01
1.674712,9.02,0.02,4.00,0.02,-0.03,0.02,-29.62,18.25,-43.88,5.53,-3.58,8.57,0.02,0.01,-0.05,-6.14,-5.74,4.54,-0.10,0.02,0.00,1.92,-5.41,8.36,-0.01,0.00,0.01,-2.67,-4.14,8.43,0.03,0.15,0.22,1.82,9.84,-0.74,-0.02,0.06,-0.01
1.674732,8.87,-0.06,4.00,0.02,0.03,0.06,-29.62,18.25,-43.88,5.49,-3.48,8.68,0.00,0.03,-0.04,-6.28,-5.76,4.54,-0.10,0.03,-0.01,1.67,-5.22,8.53,-0.03,0.01,-0.01,-3.04,-3.82,8.74,0.01,0.23,0.25,1.82,9.93,-0.84,-0.03,0.04,-0.01
1.674743,8.83,-0.14,3.92,-0.03,0.00,0.06,-29.62,18.25,-43.88,5.32,-3.53,8.54,-0.01,0.02,-0.04,-6.34,-5.71,4.56,-0.10,0.02,-0.03,1.69,-5.26,8.32,-0.08,-0.04,-0.06,-3.62,-3.78,8.57,-0.05,0.26,0.24,1.83,9.95,-0.91,-0.05,0.04,-0.01
1.674753,8.94,-0.29,4.00,0.02,-0.04,0.03,-29.62,16.62,-44.69,5.29,-3.60,8.49,0.00,0.00,-0.04,-6.30,-5.69,4.46,-0.10,0.01,-0.04,1.64,-5.29,8.36,-0.11,-0.08,-0.11,-3.39,-3.99,8.19,-0.05,0.24,0.26,1.75,9.85,-0.91,-0.06,0.04,0.00
1.674766,9.02,-0.25,4.00,0.02,-0.04,0.03,-29.62,17.38,-45.88,5.27,-3.53,8.60,0.02,0.00,-0.06,-6.20,-5.73,4.34,-0.08,0.01,-0.03,1.86,-5.40,8.19,-0.07,-0.06,-0.12,-3.65,-4.05,7.98,0.02,0.23,0.30,1.68,9.80,-0.90,-0.05,0.03,0.01
1.681206,8.87,-0.14,3.96,-0.02,0.01,0.03,-29.62,17.38,-45.88,5.26,-3.46,8.67,0.00,0.00,-0.08,-6.25,-5.75,4.39,-0.07,0.03,-0.03,1.80,-5.15,8.55,-0.07,-0.04,-0.13,-4.04,-3.67,8.37,0.03,0.19,0.29,1.73,9.85,-0.89,-0.04,0.01,-0.01
1.698628,8.79,-0.29,3.84,-0.02,0.01,0.03,-29.62,18.25,-45.69,5.32,-3.48,8.61,-0.03,0.01,-0.08,-6.31,-5.72,4.46,-0.06,0.02,-0.04,1.97,-5.18,8.50,-0.10,-0.02,-0.11,-4.08,-3.55,8.49,-0.00,0.16,0.21,1.79,9.89,-0.92,-0.06,0.02,-0.02
1.721786,8.87,-0.33,3.84,-0.02,-0.05,0.00,-30.19,17.81,-45.94,5.36,-3.65,8.37,-0.04,-0.00,-0.06,-6.24,-5.69,4.44,-0.07,-0.00,-0.06,2.03,-5.28,8.37,-0.09,-0.01,-0.07,-4.14,-3.61,8.43,-0.03,0.10,0.12,1.78,9.83,-0.89,-0.07,0.03,-0.02
1.743379,9.02,-0.33,3.88,0.01,-0.04,-0.00,-30.19,17.81,-45.94,5.35,-3.70,8.33,0.00,-0.01,-0.05,-6.11,-5.64,4.42,-0.08,-0.01,-0.04,1.97,-5.43,8.17,-0.06,-0.01,-0.02,-3.73,-3.85,8.21,-0.04,0.06,0.08,1.75,9.69,-0.80,-0.06,0.05,-0.01
1.764627,9.06,-0.25,3.84,0.04,0.02,-0.00,-30.19,17.81,-45.94,5.29,-3.50,8.59,0.01,0.00,-0.06,-6.02,-5.79,4.31,-0.07,0.00,-0.02,1.82,-5.31,8.37,-0.05,0.01,-0.02,-3.51,-3.97,8.06,-0.03,0.10,0.09,1.60,9.71,-0.73,-0.04,0.04,0.01
2.183299,8.90,-0.02,3.77,0.04,0.02,-0.00,-30.25,16.69,-45.00,5.23,-3.51,8.57,-0.03,0.02,-0.09,-6.07,-5.80,4.42,-0.04,0.04,-0.02,1.79,-5.34,8.27,-0.10,0.05,-0.06,-3.46,-3.97,8.01,0.01,0.15,0.13,1.71,9.77,-0.73,-0.03,0.00,0.01
2.18333,8.90,-0.21,3.77,0.04,0.02,-0.00,-30.25,16.69,-45.00,5.42,-3.71,8.29,-0.03,0.01,-0.10,-6.09,-5.72,4.51,-0.03,0.04,-0.02,1.91,-5.49,8.07,-0.08,0.04,-0.07,-3.69,-3.90,8.12,0.05,0.17,0.18,1.81,9.73,-0.73,-0.03,-0.01,0.02
2.183355,8.98,-0.25,3.73,-0.06,0.02,-0.02,-30.25,16.69,-45.00,5.47,-3.71,8.30,-0.01,0.01,-0.08,-6.01,-5.62,4.55,-0.04,0.03,-0.00,2.03,-5.54,8.04,-0.05,0.02,-0.06,-3.84,-3.78,8.31,0.04,0.16,0.19,1.89,9.65,-0.70,-0.01,0.01,0.02
2.183368,8.94,-0.21,3.77,-0.01,0.05,-0.01,-30.25,16.69,-45.00,5.26,-3.53,8.48,-0.02,-0.00,-0.08,-5.87,-5.71,4.40,-0.05,0.05,0.03,1.91,-5.33,8.48,-0.08,0.04,-0.05,-3.63,-3.94,8.08,0.02,0.19,0.18,1.75,9.60,-0.62,0.02,0.02,0.02
2.183379,8.94,0.09,3.65,-0.13,0.11,0.03,-29.62,18.81,-46.12,5.12,-3.51,8.59,-0.10,0.02,-0.16,-5.75,-5.91,4.24,-0.03,0.11,0.04,1.73,-5.49,8.23,-0.16,0.11,-0.10,-3.85,-4.13,7.82,0.04,0.24,0.16,1.50,9.57,-0.48,0.07,-0.03,0.01
2.18339,9.21,0.25,3.65,-0.13,0.11,0.03,-29.31,17.94,-46.31,5.15,-3.56,8.74,-0.18,0.06,-0.27,-5.68,-6.18,4.03,0.03,0.20,0.05,1.70,-5.65,8.15,-0.17,0.18,-0.19,-3.66,-4.41,7.47,0.13,0.31,0.15,1.25,9.62,-0.41,0.11,-0.13,0.01
2.183404,9.21,0.25,3.65,-0.13,0.11,0.03,-29.31,17.94,-46.31,5.68,-3.82,8.56,-0.20,0.18,-0.36,-5.64,-6.04,4.00,0.08,0.35,0.05,2.09,-5.93,7.86,-0.11,0.30,-0.27,-3.98,-4.19,7.90,0.27,0.41,0.13,1.38,9.57,-0.47,0.17,-0.26,-0.04
2.183419,9.14,0.02,4.11,-0.57,0.28,0.12,-29.88,19.75,-46.25,5.97,-3.56,8.82,-0.22,0.36,-0.42,-5.87,-5.74,4.17,0.07,0.55,0.07,2.42,-5.70,8.31,-0.03,0.44,-0.30,-4.03,-3.86,8.23,0.32,0.50,0.03,1.67,9.62,-0.75,0.27,-0.39,-0.16
2.183431,8.71,0.17,4.38,-0.65,0.33,0.21,-29.88,19.75,-46.25,6.10,-3.24,9.05,-0.30,0.53,-0.46,-6.17,-5.61,4.11,0.07,0.71,0.04,2.64,-5.37,8.60,-0.02,0.59,-0.32,-3.97,-3.44,8.51,0.35,0.59,-0.05,1.79,9.72,-1.09,0.31,-0.50,-0.28
2.183443,8.56,0.05,4.57,-0.80,0.27,0.25,-29.88,19.75,-46.25,6.09,-3.26,8.71,-0.32,0.68,-0.45,-6.61,-5.34,4.26,0.06,0.84,-0.03,2.64,-5.18,8.56,0.00,0.71,-0.28,-3.94,-3.10,8.60,0.37,0.68,-0.09,2.05,9.89,-1.52,0.31,-0.58,-0.43
2.183455,8.41,-0.37,4.64,-0.80,0.27,0.25,-28.69,21.50,-48.06,5.63,-3.06,8.82,-0.32,0.70,-0.39,-7.02,-5.21,4.36,0.04,0.88,-0.11,2.23,-4.92,8.70,-0.01,0.74,-0.24,-4.43,-2.79,8.57,0.38,0.69,-0.10,2.07,10.03,-1.78,0.26,-0.60,-0.51
2.183465,8.29,-0.56,4.57,-0.80,0.27,0.25,-28.69,23.00,-48.62,5.31,-3.24,8.68,-0.34,0.69,-0.34,-7.16,-5.14,4.22,0.01,0.84,-0.17,1.89,-4.92,8.63,-0.02,0.73,-0.20,-4.62,-2.68,8.48,0.34,0.66,-0.13,1.93,9.98,-1.94,0.20,-0.57,-0.52
2.183476,8.52,-1.25,4.53,-0.80,0.27,0.25,-28.69,23.00,-48.62,4.90,-3.67,8.26,-0.31,0.65,-0.33,-6.98,-4.96,4.01,-0.01,0.75,-0.15,1.37,-5.21,8.10,0.00,0.67,-0.17,-4.75,-2.94,8.02,0.30,0.59,-0.12,1.76,9.66,-1.90,0.19,-0.49,-0.47
2.183487,8.71,-1.59,4.38,-0.40,0.25,0.22,-28.69,23.00,-48.62,4.55,-3.63,8.43,-0.21,0.50,-0.32,-7.02,-5.20,3.66,-0.02,0.63,-0.02,0.96,-5.03,8.33,0.03,0.53,-0.16,-5.04,-2.84,7.90,0.29,0.47,-0.03,1.31,9.74,-1.94,0.26,-0.37,-0.38
2.185602,8.45,-1.25,4.34,-0.40,0.25,0.22,-28.62,24.25,-49.94,4.62,-3.36,8.97,-0.18,0.46,-0.32,-7.13,-5.45,3.38,-0.01,0.58,-0.01,0.94,-4.92,8.52,0.03,0.46,-0.17,-5.21,-2.71,7.92,0.27,0.41,-0.04,1.07,9.92,-2.08,0.24,-0.36,-0.35
2.185621,8.48,-1.52,4.61,-0.49,0.15,0.15,-28.62,24.25,-49.94,4.42,-3.40,9.04,-0.19,0.46,-0.32,-7.34,-5.50,3.30,0.01,0.56,-0.05,0.84,-4.86,8.66,0.05,0.44,-0.18,-5.46,-2.60,7.96,0.27,0.37,-0.10,0.97,10.07,-2.22,0.18,-0.37,-0.32
2.185635,8.63,-1.75,4.68,-0.46,0.11,0.10,-28.62,24.25,-49.94,4.38,-3.56,8.97,-0.16,0.39,-0.32,-7.58,-5.47,3.42,0.04,0.49,-0.07,0.77,-4.89,8.78,0.07,0.36,-0.20,-5.44,-2.57,8.04,0.26,0.30,-0.11,1.07,10.20,-2.34,0.13,-0.35,-0.25
2.185646,8.67,-1.98,4.72,-0.46,0.11,0.10,-28.94,26.88,-51.50,4.56,-3.57,9.12,-0.13,0.29,-0.27,-7.75,-5.37,3.61,0.04,0.36,-0.07,0.99,-4.87,9.07,0.05,0.27,-0.18,-5.52,-2.41,8.43,0.21,0.22,-0.09,1.24,10.34,-2.41,0.07,-0.26,-0.16
2.185661,8.75,-1.52,4.76,-0.20,0.03,-0.00,-28.94,26.88,-51.50,4.72,-3.53,9.25,-0.11,0.18,-0.18,-7.69,-5.45,3.65,0.02,0.23,-0.09,1.20,-4.95,9.16,-0.01,0.18,-0.11,-5.55,-2.51,8.51,0.11,0.13,-0.11,1.26,10.36,-2.32,-0.01,-0.17,-0.11
2.202906,8.79,-1.40,4.76,-0.20,0.03,-0.00,-28.94,27.25,-51.12,4.79,-3.56,9.22,-0.11,0.12,-0.14,-7.61,-5.51,3.63,0.00,0.17,-0.11,1.26,-5.00,9.11,-0.05,0.13,-0.08,-5.43,-2.62,8.52,0.05,0.07,-0.13,1.22,10.35,-2.27,-0.05,-0.13,-0.08
2.224513,8.83,-1.36,4.72,-0.11,-0.04,-0.05,-28.94,27.25,-51.12,4.89,-3.61,9.17,-0.09,0.08,-0.11,-7.53,-5.48,3.64,-0.00,0.11,-0.12,1.34,-5.05,9.12,-0.09,0.09,-0.06,-5.37,-2.69,8.55,0.00,0.03,-0.15,1.26,10.29,-2.21,-0.09,-0.10,-0.06
2.248708,8.90,-1.40,4.76,-0.11,-0.04,-0.05,-28.94,28.06,-52.38,4.94,-3.61,9.18,-0.06,0.05,-0.08,-7.52,-5.45,3.67,-0.02,0.06,-0.12,1.39,-5.14,9.02,-0.11,0.05,-0.03,-5.17,-2.76,8.50,-0.05,-0.01,-0.17,1.28,10.30,-2.21,-0.12,-0.05,-0.01
2.269526,8.83,-1.44,4.80,-0.11,-0.04,-0.05,-28.94,28.06,-52.38,4.82,-3.44,9.41,-0.06,0.01,-0.05,-7.58,-5.56,3.60,-0.03,0.02,-0.13,1.33,-5.01,9.17,-0.13,0.03,-0.01,-5.19,-2.73,8.44,-0.08,-0.02,-0.15,1.17,10.37,-2.22,-0.16,-0.03,0.03
2.695491,8.75,-1.40,4.76,0.00,-0.08,-0.07,-28.94,28.06,-52.38,4.75,-3.45,9.39,-0.10,-0.02,-0.04,-7.58,-5.60,3.53,-0.03,-0.02,-0.17,1.26,-5.01,9.18,-0.18,0.02,0.01,-5.22,-2.66,8.49,-0.12,-0.02,-0.17,1.13,10.36,-2.21,-0.22,-0.02,0.05
2.695521,8.71,-1.52,4.57,0.00,-0.21,-0.11,-28.94,28.81,-51.81,4.70,-3.44,9.35,-0.15,-0.06,-0.02,-7.31,-5.64,3.40,-0.03,-0.05,-0.22,1.19,-5.00,9.06,-0.23,0.03,0.02,-5.12,-2.84,8.22,-0.16,-0.01,-0.19,1.03,10.16,-2.04,-0.28,-0.02,0.06
2.695535,8.71,-1.32,4.22,0.00,-0.21,-0.11,-28.94,28.81,-51.81,4.75,-3.70,8.89,-0.18,-0.08,-0.01,-7.03,-5.48,3.56,-0.03,-0.09,-0.22,1.24,-5.26,8.53,-0.26,0.03,0.03,-4.92,-3.05,7.99,-0.17,-0.01,-0.19,1.22,9.92,-1.82,-0.30,-0.00,0.09
2.695548,8.67,-1.36,3.88,0.04,-0.21,-0.13,-28.94,28.81,-51.81,4.76,-4.02,8.27,-0.15,-0.12,0.03,-6.79,-5.50,3.73,-0.04,-0.17,-0.19,1.19,-5.48,8.05,-0.24,-0.02,0.07,-4.80,-3.19,7.92,-0.21,-0.08,-0.17,1.34,9.81,-1.54,-0.30,0.07,0.12
2.695559,8.67,-0.91,3.38,0.19,-0.18,-0.15,-30.12,27.75,-51.25,4.86,-4.16,7.99,-0.09,-0.20,0.07,-6.39,-5.60,3.82,-0.07,-0.26,-0.16,1.26,-5.66,7.72,-0.24,-0.12,0.11,-4.39,-3.55,7.66,-0.25,-0.14,-0.10,1.38,9.63,-1.17,-0.31,0.16,0.15
2.695585,8.83,-0.71,3.30,0.27,-0.19,-0.15,-30.12,27.75,-51.25,5.08,-4.30,7.90,-0.04,-0.22,0.09,-6.01,-5.73,3.73,-0.09,-0.28,-0.14,1.44,-5.89,7.49,-0.19,-0.17,0.13,-4.25,-3.85,7.47,-0.26,-0.17,-0.07,1.27,9.46,-0.85,-0.30,0.20,0.13
2.695602,8.94,-0.56,3.27,0.27,-0.17,-0.11,-30.12,27.75,-51.25,5.20,-4.32,7.99,0.00,-0.18,0.10,-5.61,-5.86,3.53,-0.11,-0.23,-0.12,1.58,-6.05,7.45,-0.12,-0.16,0.15,-4.09,-4.14,7.32,-0.23,-0.15,-0.06,1.05,9.24,-0.58,-0.24,0.18,0.08
2.695613,9.13,-0.45,3.34,0.18,-0.11,-0.05,-29.81,26.62,-50.38,5.18,-4.35,8.01,0.04,-0.07,0.06,-5.49,-5.91,3.48,-0.11,-0.10,-0.06,1.49,-6.16,7.37,-0.05,-0.05,0.13,-4.07,-4.37,7.10,-0.13,-0.08,-0.05,1.03,9.24,-0.52,-0.13,0.12,0.01
2.695624,9.02,-0.71,3.46,0.18,-0.11,-0.05,-29.81,26.62,-50.38,5.06,-4.34,7.97,0.09,0.01,0.04,-5.84,-5.88,3.68,-0.11,-0.03,-0.01,1.20,-5.99,7.50,0.03,0.01,0.12,-4.28,-4.11,7.35,-0.06,-0.06,-0.04,1.21,9.48,-0.73,-0.06,0.09,-0.02
2.695635,8.87,-0.94,3.61,-0.01,0.09,0.04,-29.81,26.62,-50.38,4.97,-4.14,8.11,0.12,0.00,0.03,-6.29,-5.77,3.85,-0.12,-0.04,0.03,1.27,-5.72,7.80,0.06,-0.03,0.10,-4.62,-3.66,7.78,-0.05,-0.10,-0.04,1.35,9.72,-1.05,-0.04,0.11,0.00
2.695646,8.67,-1.02,3.88,0.08,0.08,0.02,-29.81,26.62,-50.38,5.08,-3.90,8.43,0.15,0.00,0.05,-6.52,-5.74,3.74,-0.14,-0.06,0.02,1.43,-5.49,8.17,0.07,-0.06,0.10,-4.55,-3.45,7.98,-0.07,-0.12,-0.06,1.32,9.82,-1.30,-0.05,0.12,0.01
2.695657,8.64,-0.87,4.34,0.12,0.04,0.00,-30.12,25.75,-48.75,5.18,-3.79,8.66,0.18,0.04,0.10,-6.74,-5.65,3.72,-0.15,-0.05,-0.02,1.71,-5.37,8.43,0.09,-0.03,0.14,-4.20,-3.36,8.07,-0.08,-0.09,-0.05,1.39,9.91,-1.51,-0.08,0.11,-0.03
2.695668,8.64,-1.02,4.38,0.12,0.04,0.00,-29.88,26.31,-49.19,5.28,-3.85,8.61,0.21,0.07,0.15,-6.83,-5.64,3.68,-0.18,-0.04,-0.06,1.81,-5.49,8.29,0.15,-0.00,0.21,-4.29,-3.35,8.14,-0.04,-0.05,0.01,1.35,9.93,-1.55,-0.10,0.12,-0.07
2.695678,8.83,-1.10,4.38,0.12,0.04,0.00,-29.88,26.31,-49.19,4.75,-3.53,9.05,0.22,0.08,0.17,-6.71,-5.71,3.59,-0.17,-0.03,-0.07,1.20,-5.29,8.58,0.20,0.03,0.26,-4.52,-3.55,7.89,-0.03,-0.02,0.04,1.23,9.89,-1.45,-0.09,0.10,-0.10
2.697995,9.06,-1.02,4.30,0.04,-0.07,0.05,-29.88,26.31,-49.19,4.64,-3.69,8.94,0.18,0.09,0.12,-6.73,-5.82,3.45,-0.15,-0.00,-0.06,0.93,-5.25,8.65,0.18,0.03,0.20,-4.76,-3.48,7.95,0.01,-0.02,0.04,1.05,9.94,-1.48,-0.06,0.08,-0.10
2.698014,8.98,-1.44,4.26,-0.01,0.02,0.04,-29.56,26.50,-49.94,4.46,-3.58,9.18,0.17,0.07,0.08,-6.89,-5.88,3.41,-0.14,0.01,-0.04,0.89,-5.20,8.70,0.16,0.02,0.15,-4.89,-3.32,8.08,0.01,-0.01,0.05,0.98,10.07,-1.57,-0.05,0.07,-0.10
2.698028,8.79,-1.21,4.22,-0.01,0.02,0.04,-29.56,26.50,-49.94,4.43,-3.53,9.29,0.10,0.06,0.04,-6.98,-6.00,3.38,-0.12,0.03,-0.07,0.82,-5.05,8.96,0.12,0.03,0.10,-5.02,-3.27,8.04,0.01,0.01,0.03,0.91,10.18,-1.58,-0.08,0.04,-0.09
2.69804,8.90,-1.40,4.19,-0.04,-0.07,-0.01,-29.56,26.50,-49.94,4.39,-3.73,9.00,0.06,0.04,0.02,-6.97,-6.01,3.44,-0.10,0.01,-0.10,0.74,-5.16,8.74,0.10,0.01,0.08,-5.02,-3.37,7.93,0.02,0.00,0.01,0.91,10.15,-1.52,-0.11,0.03,-0.06
2.698055,8.94,-1.36,4.03,0.00,-0.07,-0.05,-29.56,26.06,-49.88,4.49,-3.87,8.81,0.06,-0.01,0.00,-6.81,-5.98,3.52,-0.07,-0.04,-0.10,0.79,-5.26,8.58,0.10,-0.04,0.05,-4.91,-3.45,7.92,0.03,-0.03,0.01,0.98,10.03,-1.38,-0.13,0.04,0.00
2.703286,8.98,-1.17,3.96,0.00,-0.07,-0.05,-29.81,27.50,-50.12,4.62,-4.01,8.51,0.09,-0.05,-0.01,-6.61,-5.95,3.58,-0.06,-0.06,-0.09,0.92,-5.34,8.37,0.09,-0.07,0.02,-4.72,-3.51,7.94,0.03,-0.07,0.01,1.06,9.96,-1.25,-0.13,0.05,0.03
2.721761,8.90,-0.87,3.84,0.00,-0.07,-0.05,-29.50,26.31,-51.06,4.65,-3.86,8.63,0.12,-0.09,-0.03,-6.51,-5.97,3.64,-0.06,-0.05,-0.10,1.02,-5.28,8.41,0.09,-0.12,-0.02,-4.58,-3.56,7.90,0.03,-0.08,0.01,1.12,9.91,-1.14,-0.14,0.03,0.02
2.743641,8.79,-0.79,3.69,0.02,-0.07,-0.05,-29.50,26.31,-51.06,4.90,-3.71,8.74,0.08,-0.09,-0.05,-6.39,-5.90,3.74,-0.06,-0.04,-0.11,1.36,-5.19,8.61,0.02,-0.09,-0.03,-4.48,-3.47,8.11,-0.01,-0.06,-0.02,1.25,9.81,-1.06,-0.15,0.02,0.03
2.765146,8.87,-0.75,3.84,0.02,-0.07,-0.05,-29.50,26.31,-51.06,5.00,-3.70,8.65,0.06,-0.08,-0.03,-6.31,-5.69,3.91,-0.08,-0.05,-0.09,1.53,-5.31,8.37,-0.01,-0.08,0.00,-4.24,-3.58,8.00,-0.04,-0.06,-0.02,1.47,9.66,-1.00,-0.14,0.05,0.03
2.786756,8.90,-0.79,3.80,0.06,-0.05,-0.04,-29.50,26.31,-51.06,5.01,-3.73,8.48,0.06,-0.08,-0.01,-6.22,-5.66,3.91,-0.09,-0.08,-0.04,1.52,-5.36,8.20,-0.01,-0.09,0.03,-4.17,-3.65,7.89,-0.04,-0.08,0.01,1.47,9.59,-0.97,-0.10,0.09,0.05
3.203222,8.83,-0.60,3.96,0.09,0.04,0.00,-29.50,26.31,-51.06,5.05,-3.59,8.65,0.07,-0.06,-0.01,-6.16,-5.74,3.71,-0.09,-0.07,0.00,1.57,-5.27,8.27,0.01,-0.07,0.04,-3.93,-3.66,7.86,-0.02,-0.06,0.04,1.29,9.58,-1.00,-0.05,0.09,0.04
3.203264,8.79,-0.56,4.03,-0.02,0.04,0.04,-29.50,26.31,-51.06,5.02,-3.52,8.77,0.05,0.01,-0.04,-6.25,-5.82,3.62,-0.08,-0.01,0.00,1.52,-5.13,8.49,0.01,-0.01,0.02,-4.15,-3.51,7.98,0.00,0.01,0.03,1.24,9.68,-1.11,-0.03,0.05,0.00
3.203278,8.83,-0.87,4.07,-0.02,0.04,0.04,-31.38,25.31,-48.69,4.94,-3.66,8.61,0.04,0.03,-0.04,-6.50,-5.71,3.75,-0.08,0.03,0.01,1.40,-5.18,8.39,0.02,0.01,0.02,-4.37,-3.41,8.05,0.02,0.03,0.04,1.38,9.80,-1.23,-0.01,0.03,-0.01
3.203291,8.90,-1.17,4.07,-0.05,0.04,0.05,-31.38,25.31,-48.69,4.80,-3.59,8.74,0.07,0.01,-0.03,-6.66,-5.75,3.76,-0.09,0.01,0.03,1.29,-5.11,8.51,0.04,-0.02,0.03,-4.47,-3.37,8.04,0.02,-0.00,0.06,1.31,9.91,-1.32,-0.01,0.06,0.01
3.203303,8.90,-1.13,4.15,0.05,0.06,0.03,-31.38,25.31,-48.69,4.79,-3.51,8.93,0.07,-0.01,-0.03,-6.73,-5.82,3.62,-0.09,0.00,0.03,1.30,-5.01,8.75,0.04,-0.03,0.03,-4.62,-3.24,8.16,0.03,-0.01,0.06,1.19,9.97,-1.41,-0.01,0.06,0.05
3.203315,8.87,-1.06,4.30,0.02,0.04,0.01,-29.25,25.69,-48.38,4.76,-3.47,9.09,0.06,0.00,-0.05,-6.84,-5.86,3.53,-0.09,0.02,0.01,1.25,-4.97,8.87,0.04,-0.01,0.03,-4.74,-3.16,8.24,0.02,0.01,0.04,1.14,10.05,-1.50,-0.03,0.02,0.06
3.20333,8.87,-1.25,4.30,0.02,0.04,0.01,-29.56,26.81,-49.31,4.71,-3.44,9.19,0.04,-0.00,-0.06,-6.95,-5.87,3.53,-0.08,0.03,-0.01,1.20,-4.91,8.98,0.02,-0.00,0.02,-4.76,-3.12,8.26,0.01,0.01,0.02,1.16,10.11,-1.55,-0.04,0.01,0.04
3.203345,8.90,-1.25,4.34,-0.00,0.01,-0.01,-29.56,26.81,-49.31,4.73,-3.45,9.18,0.02,-0.01,-0.06,-6.98,-5.87,3.54,-0.06,0.01,-0.02,1.16,-4.96,8.82,0.02,0.00,0.02,-4.85,-3.11,8.26,0.01,0.01,0.01,1.18,10.13,-1.57,-0.05,0.02,0.03
3.203356,8.83,-1.13,4.30,-0.00,-0.01,-0.03,-29.81,25.94,-51.31,4.82,-3.45,9.14,0.01,-0.02,-0.05,-6.93,-5.82,3.55,-0.05,-0.00,-0.04,1.21,-4.88,8.95,0.01,-0.01,0.00,-4.77,-3.04,8.36,-0.01,0.01,-0.01,1.24,10.08,-1.56,-0.07,0.02,0.02
3.203368,8.79,-1.06,4.30,0.00,-0.02,-0.04,-29.81,25.94,-51.31,4.86,-3.37,9.18,-0.01,-0.01,-0.05,-6.89,-5.80,3.56,-0.06,0.00,-0.06,1.32,-4.81,8.95,0.00,0.00,0.01,-4.64,-3.09,8.30,-0.03,0.03,-0.02,1.28,10.05,-1.54,-0.09,0.01,0.01
3.20338,8.83,-0.94,4.30,-0.04,-0.05,-0.03,-29.81,25.94,-51.31,4.85,-3.38,9.07,-0.04,-0.00,-0.04,-6.83,-5.81,3.60,-0.05,0.01,-0.09,1.33,-4.85,8.90,-0.02,0.02,0.01,-4.64,-3.14,8.24,-0.04,0.04,-0.04,1.29,10.01,-1.47,-0.11,-0.00,-0.01
3.203391,8.83,-0.94,4.19,-0.05,-0.06,-0.03,-29.81,25.94,-51.31,4.84,-3.47,8.88,-0.06,-0.01,-0.05,-6.80,-5.81,3.69,-0.04,0.01,-0.10,1.30,-4.87,8.77,-0.05,0.02,-0.00,-4.53,-3.17,8.23,-0.04,0.04,-0.04,1.34,10.00,-1.42,-0.12,-0.01,-0.00
3.203403,8.83,-0.98,4.11,0.00,-0.09,-0.05,-29.56,25.50,-49.44,4.91,-3.53,8.82,-0.06,-0.03,-0.04,-6.71,-5.74,3.78,-0.04,-0.02,-0.11,1.38,-4.98,8.64,-0.05,0.00,0.00,-4.46,-3.30,8.09,-0.03,0.03,-0.02,1.44,9.92,-1.34,-0.14,0.01,0.02
3.203415,8.94,-0.91,4.07,0.00,-0.09,-0.05,-30.44,26.81,-49.31,5.00,-3.67,8.65,-0.04,-0.04,-0.03,-6.58,-5.72,3.77,-0.06,-0.04,-0.10,1.43,-5.13,8.45,-0.03,-0.02,0.01,-4.46,-3.37,8.09,-0.02,0.01,0.00,1.44,9.82,-1.24,-0.13,0.03,0.03
3.20546,8.94,-0.91,4.03,0.02,-0.05,-0.04,-30.44,26.81,-49.31,5.02,-3.69,8.63,-0.01,-0.03,-0.02,-6.44,-5.77,3.75,-0.07,-0.05,-0.07,1.46,-5.15,8.44,0.01,-0.02,0.02,-4.40,-3.39,8.12,-0.02,0.00,0.01,1.39,9.77,-1.15,-0.10,0.04,0.04
3.205479,8.94,-0.83,3.92,0.03,-0.01,-0.02,-30.44,26.81,-49.31,5.00,-3.64,8.68,0.01,-0.00,-0.03,-6.40,-5.87,3.69,-0.07,-0.03,-0.07,1.43,-5.05,8.58,0.01,-0.01,0.01,-4.42,-3.40,8.09,-0.02,0.02,-0.00,1.34,9.79,-1.09,-0.09,0.03,0.02
3.205493,8.83,-0.71,3.88,0.03,-0.01,-0.02,-29.56,26.81,-49.38,4.96,-3.65,8.67,0.01,0.01,-0.03,-6.40,-5.84,3.71,-0.07,-0.00,-0.07,1.44,-5.10,8.54,-0.01,0.01,0.01,-4.48,-3.39,8.08,-0.02,0.03,-0.01,1.38,9.80,-1.12,-0.08,0.02,-0.01
3.205507,8.87,-0.91,3.92,0.03,-0.01,-0.02,-29.56,26.81,-49.38,4.95,-3.62,8.72,0.01,0.02,-0.04,-6.48,-5.85,3.71,-0.07,0.02,-0.07,1.41,-5.03,8.61,-0.01,0.01,0.01,-4.44,-3.39,8.02,-0.02,0.03,-0.01,1.38,9.84,-1.16,-0.08,0.01,-0.02
3.205535,8.90,-0.94,4.03,-0.03,-0.02,0.00,-29.56,26.81,-49.38,4.91,-3.67,8.69,0.01,0.01,-0.03,-6.51,-5.83,3.74,-0.07,0.01,-0.06,1.36,-5.08,8.51,-0.01,0.01,0.02,-4.54,-3.38,8.01,-0.01,0.02,-0.01,1.41,9.84,-1.19,-0.07,0.02,-0.01
3.211213,8.94,-0.98,4.00,-0.01,-0.01,-0.00,-29.56,26.81,-49.38,4.89,-3.69,8.67,0.02,0.00,-0.02,-6.51,-5.82,3.76,-0.07,-0.00,-0.04,1.34,-5.07,8.53,0.01,-0.01,0.02,-4.51,-3.38,8.01,-0.00,-0.00,0.01,1.40,9.84,-1.18,-0.07,0.04,0.01
3.229087,8.87,-0.94,3.96,-0.01,-0.01,-0.00,-29.56,26.81,-49.38,4.92,-3.61,8.78,0.03,0.01,-0.02,-6.51,-5.89,3.68,-0.07,-0.02,-0.03,1.39,-5.00,8.65,0.00,-0.00,0.03,-4.47,-3.30,8.12,-0.01,0.01,0.01,1.32,9.88,-1.19,-0.06,0.05,0.01
3.253381,8.83,-0.91,4.03,-0.01,-0.03,-0.00,-29.56,26.81,-49.38,4.91,-3.59,8.80,0.02,0.01,-0.03,-6.59,-5.91,3.69,-0.07,-0.01,-0.05,1.32,-4.98,8.70,-0.01,0.00,0.01,-4.58,-3.28,8.11,-0.03,0.02,-0.01,1.36,9.93,-1.23,-0.08,0.03,-0.02
3.275288,8.90,-1.10,4.00,0.00,-0.04,-0.01,-29.56,26.81,-49.38,4.89,-3.64,8.74,0.02,-0.00,-0.01,-6.58,-5.86,3.73,-0.07,-0.02,-0.06,1.30,-5.06,8.52,0.00,-0.02,0.02,-4.58,-3.36,8.00,-0.03,-0.00,-0.00,1.39,9.90,-1.21,-0.08,0.04,-0.02
3.297131,8.94,-1.02,4.00,0.00,-0.04,-0.01,-30.44,24.62,-49.62,4.92,-3.63,8.73,0.03,-0.02,0.00,-6.47,-5.87,3.69,-0.07,-0.03,-0.05,1.41,-5.08,8.48,0.04,-0.04,0.02,-4.41,-3.44,7.91,0.02,-0.03,0.02,1.33,9.85,-1.16,-0.08,0.06,-0.00
3.713097,8.94,-0.87,3.96,0.00,-0.04,-0.01,-30.44,24.62,-49.62,4.92,-3.70,8.59,0.04,-0.01,-0.01,-6.38,-5.84,3.69,-0.07,-0.02,-0.04,1.41,-5.08,8.52,0.06,-0.04,0.03,-4.49,-3.35,8.09,0.02,-0.02,0.02,1.36,9.77,-1.10,-0.07,0.05,-0.01
3.713139,8.90,-0.91,3.88,0.02,0.01,-0.01,-30.44,25.00,-49.38,5.05,-3.82,8.44,0.10,-0.02,0.01,-6.36,-5.91,3.66,-0.08,-0.01,-0.03,1.42,-5.08,8.47,0.08,-0.04,0.04,-4.49,-3.36,8.05,-0.00,-0.01,0.02,1.29,9.79,-1.08,-0.06,0.05,-0.02
3.713152,8.87,-0.87,3.88,0.02,0.01,-0.01,-29.56,25.12,-47.94,4.95,-3.59,8.84,0.13,0.00,0.03,-6.40,-5.92,3.67,-0.08,0.00,-0.02,1.45,-5.03,8.52,0.12,-0.03,0.05,-4.50,-3.42,7.98,0.01,-0.00,0.01,1.30,9.83,-1.10,-0.05,0.04,-0.02
3.713181,8.94,-0.83,3.96,0.02,0.01,-0.01,-29.56,24.94,-47.19,5.08,-3.68,8.73,0.16,0.03,0.05,-6.49,-5.91,3.73,-0.07,0.01,-0.01,1.50,-5.09,8.37,0.18,-0.03,0.06,-4.48,-3.47,7.91,0.05,-0.02,0.02,1.36,9.88,-1.15,-0.04,0.04,-0.02
3.713193,8.98,-0.94,4.03,0.02,0.01,-0.01,-29.56,24.94,-47.19,5.36,-3.55,8.96,0.21,0.06,0.11,-6.50,-5.88,3.75,-0.07,0.00,0.01,1.76,-5.09,8.37,0.30,-0.04,0.09,-4.32,-3.45,7.95,0.11,-0.03,0.06,1.38,9.88,-1.16,-0.02,0.05,-0.02
3.713204,8.75,-0.75,4.11,-0.06,0.04,0.02,-29.56,24.94,-47.19,5.18,-3.41,9.05,0.18,0.11,0.24,-6.53,-5.87,3.71,-0.09,0.04,-0.00,1.86,-4.73,8.93,0.40,0.05,0.20,-4.25,-3.20,8.28,0.15,0.02,0.10,1.43,9.92,-1.22,-0.02,0.02,-0.09
3.713216,8.87,-0.75,4.15,-0.06,0.04,0.02,-30.12,26.81,-49.31,4.86,-3.49,8.87,0.13,0.14,0.26,-6.64,-5.81,3.84,-0.11,0.07,-0.03,1.67,-4.70,8.83,0.41,0.09,0.26,-4.37,-3.10,8.40,0.13,0.06,0.11,1.52,9.98,-1.26,-0.03,0.02,-0.12
3.713227,8.94,-1.06,4.11,-0.11,-0.02,0.06,-30.12,26.81,-49.31,4.69,-3.64,8.64,0.14,0.11,0.23,-6.72,-5.82,3.90,-0.13,0.05,-0.03,1.18,-4.67,8.69,0.42,0.05,0.28,-4.68,-3.08,8.35,0.11,0.03,0.11,1.50,10.01,-1.25,-0.04,0.05,-0.10
3.713243,8.90,-0.98,4.00,0.07,0.01,0.01,-30.12,26.81,-49.31,4.54,-3.50,8.86,0.12,0.04,0.18,-6.65,-5.90,3.80,-0.13,0.00,-0.02,1.07,-4.44,9.12,0.37,-0.03,0.24,-4.70,-3.10,8.22,0.07,-0.03,0.10,1.36,9.98,-1.20,-0.05,0.08,-0.05
3.713255,8.90,-0.83,4.03,0.07,0.01,0.01,-29.25,24.44,-48.88,4.93,-3.62,8.85,0.13,0.04,0.17,-6.56,-5.87,3.74,-0.12,-0.00,-0.02,1.38,-4.53,9.00,0.33,-0.03,0.21,-4.56,-3.17,8.13,0.08,-0.05,0.09,1.34,9.89,-1.19,-0.05,0.08,-0.03
3.713267,8.90,-0.83,4.07,0.07,0.01,0.01,-29.56,26.44,-49.62,5.26,-3.71,8.79,0.21,0.07,0.24,-6.48,-5.88,3.62,-0.13,0.01,-0.02,1.47,-4.49,8.93,0.35,0.00,0.24,-4.43,-3.11,8.22,0.09,-0.06,0.09,1.31,9.83,-1.17,-0.04,0.08,-0.05
3.713279,8.83,-0.83,4.03,-0.00,0.03,0.02,-29.56,24.06,-49.19,5.49,-3.36,9.32,0.29,0.17,0.41,-6.41,-5.82,3.65,-0.14,0.03,-0.01,1.62,-4.32,9.14,0.37,0.07,0.28,-4.05,-3.10,8.25,0.07,-0.03,0.11,1.32,9.76,-1.14,-0.02,0.08,-0.10
3.713293,8.75,-0.91,3.96,-0.06,0.03,0.05,-29.56,24.06,-49.19,4.24,-3.27,9.01,0.27,0.29,0.48,-6.45,-5.91,3.59,-0.15,0.06,-0.02,1.33,-4.19,9.17,0.38,0.15,0.31,-4.28,-3.04,8.18,0.10,0.04,0.13,1.24,9.85,-1.18,-0.02,0.06,-0.13
3.713306,8.83,-0.75,4.03,-0.06,0.03,0.05,-29.25,26.62,-48.56,3.74,-3.50,8.75,0.19,0.16,0.30,-6.63,-5.83,3.79,-0.15,0.06,-0.02,0.64,-4.19,9.05,0.30,0.11,0.25,-4.68,-2.99,8.20,0.08,0.05,0.12,1.37,9.93,-1.22,-0.02,0.06,-0.11
3.71561,9.10,-1.36,3.96,-0.06,0.03,0.05,-29.56,26.44,-49.62,3.87,-3.58,8.75,0.15,0.04,0.16,-6.72,-5.97,3.69,-0.13,0.01,0.01,0.62,-4.11,9.16,0.19,-0.00,0.16,-4.83,-2.90,8.23,0.06,-0.04,0.11,1.20,10.02,-1.25,-0.02,0.09,-0.03
3.715628,8.90,-1.10,4.07,0.12,0.05,-0.00,-29.56,26.44,-49.62,4.26,-3.45,9.06,0.11,-0.02,0.09,-6.61,-5.96,3.56,-0.11,-0.01,0.01,0.97,-4.06,9.20,0.13,-0.05,0.12,-4.64,-2.92,8.20,0.05,-0.07,0.10,1.16,9.94,-1.23,-0.02,0.09,-0.00
3.715641,8.87,-1.02,4.07,0.09,0.04,-0.01,-29.88,25.31,-48.69,4.42,-3.51,8.99,0.10,-0.00,0.07,-6.59,-5.93,3.55,-0.11,-0.00,0.01,1.09,-4.09,9.15,0.11,-0.04,0.11,-4.75,-2.78,8.38,0.02,-0.07,0.06,1.15,9.93,-1.25,-0.03,0.08,-0.01
3.715655,8.87,-1.02,4.07,0.04,0.03,0.02,-29.56,25.69,-48.38,4.37,-3.47,9.04,0.12,0.01,0.06,-6.61,-5.89,3.55,-0.11,0.01,0.00,1.06,-4.08,9.06,0.12,-0.04,0.10,-4.89,-2.87,8.15,0.03,-0.11,0.02,1.19,9.91,-1.28,-0.03,0.07,-0.04
3.715666,8.87,-1.10,4.07,0.04,0.03,0.02,-29.56,25.69,-48.38,4.39,-3.42,9.07,0.12,0.02,0.06,-6.63,-5.90,3.58,-0.11,-0.00,0.00,1.08,-3.95,9.24,0.14,-0.04,0.11,-4.75,-2.82,8.25,0.03,-0.16,-0.02,1.19,9.91,-1.27,-0.03,0.07,-0.04
3.736561,8.83,-0.94,4.11,0.04,0.04,0.01,-30.44,25.88,-49.12,4.61,-3.43,9.05,0.14,0.04,0.11,-6.59,-5.86,3.62,-0.12,-0.04,0.01,1.17,-3.96,9.18,0.16,-0.03,0.11,-4.67,-2.88,8.21,0.05,-0.25,-0.05,1.24,9.89,-1.26,-0.04,0.08,-0.04
3.754341,8.87,-0.94,4.07,0.04,0.04,0.01,-29.88,26.25,-48.88,4.50,-3.33,9.16,0.16,0.06,0.17,-6.56,-5.88,3.57,-0.13,-0.04,0.02,1.11,-3.92,9.21,0.18,-0.02,0.12,-4.10,-2.89,8.32,0.04,-0.27,-0.05,1.17,9.89,-1.27,-0.04,0.08,-0.03
3.775773,8.83,-0.94,4.07,0.04,0.04,0.01,-29.56,26.62,-50.38,4.11,-3.35,9.09,0.12,0.03,0.10,-6.59,-5.91,3.52,-0.10,-0.01,-0.01,0.99,-3.85,9.30,0.14,-0.02,0.09,-4.07,-2.93,8.32,0.06,-0.17,-0.01,1.17,9.90,-1.29,-0.04,0.04,-0.02
3.796002,8.83,-0.87,4.19,0.04,0.04,0.01,-29.56,26.62,-50.38,4.19,-3.44,9.00,0.09,0.02,0.03,-6.61,-5.87,3.58,-0.09,0.01,-0.01,1.00,-3.90,9.19,0.12,-0.03,0.07,-4.30,-2.90,8.33,0.06,-0.14,0.00,1.21,9.92,-1.29,-0.04,0.03,-0.01
4.219531,8.90,-1.02,4.19,0.04,0.06,0.00,-29.88,25.81,-48.75,4.33,-3.48,8.99,0.10,-0.01,-0.00,-6.66,-5.85,3.62,-0.09,-0.00,-0.00,1.11,-3.96,9.07,0.14,-0.06,0.06,-4.48,-2.82,8.39,0.09,-0.19,0.01,1.27,9.93,-1.28,-0.03,0.04,0.01
4.220947,8.83,-0.98,4.19,0.04,0.07,-0.01,-29.88,25.81,-48.75,4.50,-3.41,9.04,0.13,-0.01,0.00,-6.67,-5.90,3.58,-0.09,0.00,-0.01,1.21,-3.84,9.20,0.17,-0.08,0.08,-4.63,-2.67,8.54,0.10,-0.26,-0.03,1.24,9.98,-1.31,-0.03,0.04,-0.03
4.220976,8.75,-0.91,4.19,0.03,0.06,-0.00,-29.88,25.81,-48.75,4.50,-3.25,9.24,0.13,-0.01,0.04,-6.71,-5.92,3.62,-0.09,0.00,-0.03,1.16,-3.58,9.54,0.18,-0.07,0.09,-4.38,-2.55,8.73,0.07,-0.34,-0.10,1.20,10.00,-1.33,-0.04,0.04,-0.07
4.22099,8.71,-0.94,4.19,0.01,0.02,-0.01,-29.88,25.81,-48.75,4.53,-3.25,9.27,0.13,0.01,0.10,-6.78,-5.82,3.69,-0.08,-0.03,-0.04,1.13,-3.67,9.42,0.14,-0.05,0.09,-3.78,-2.83,8.45,0.04,-0.25,-0.07,1.30,9.98,-1.36,-0.06,0.05,-0.05
4.221001,8.79,-1.25,4.22,0.01,0.02,-0.01,-29.50,25.88,-50.94,4.54,-3.33,9.17,0.14,0.02,0.14,-6.62,-5.84,3.64,-0.08,-0.04,-0.03,1.20,-3.78,9.17,0.14,-0.05,0.10,-3.78,-2.86,8.48,0.06,-0.23,-0.01,1.22,9.88,-1.28,-0.06,0.07,-0.03
4.221013,8.90,-0.91,4.19,0.06,0.03,-0.02,-28.69,23.94,-48.81,4.62,-3.45,9.00,0.18,0.05,0.19,-6.54,-5.78,3.69,-0.08,-0.05,-0.01,1.27,-3.85,9.08,0.18,-0.05,0.10,-3.73,-2.94,8.40,0.11,-0.18,0.07,1.27,9.83,-1.24,-0.05,0.08,0.00
4.22102,8.90,-0.87,4.15,0.06,0.03,-0.02,-28.69,23.94,-48.81,4.66,-3.51,8.89,0.26,0.08,0.24,-6.50,-5.82,3.68,-0.08,-0.05,0.00,1.41,-3.82,9.05,0.24,-0.05,0.12,-4.00,-2.76,8.59,0.14,-0.17,0.08,1.27,9.83,-1.21,-0.03,0.09,0.01
4.222594,8.71,-0.79,4.03,0.04,0.04,0.00,-28.69,23.94,-48.81,4.29,-3.16,9.27,0.27,0.07,0.27,-6.56,-5.88,3.71,-0.09,-0.05,-0.01,1.33,-3.50,9.52,0.26,-0.04,0.14,-4.25,-2.62,8.61,0.15,-0.24,0.05,1.28,9.93,-1.26,-0.04,0.08,-0.02
4.222629,8.75,-0.75,4.15,0.03,0.03,0.02,-28.69,23.94,-48.81,4.11,-3.25,9.09,0.25,0.03,0.22,-6.66,-5.97,3.63,-0.09,-0.03,-0.06,1.28,-3.50,9.40,0.25,-0.01,0.15,-4.55,-2.54,8.58,0.17,-0.37,-0.05,1.18,10.01,-1.33,-0.06,0.05,-0.06
4.222643,8.87,-0.91,4.19,0.00,-0.02,0.02,-28.69,23.94,-48.81,4.20,-3.31,9.06,0.26,0.02,0.21,-6.74,-5.95,3.65,-0.07,-0.04,-0.09,1.02,-3.49,9.24,0.27,-0.04,0.16,-3.70,-2.67,8.55,0.19,-0.47,-0.09,1.13,10.04,-1.38,-0.08,0.04,-0.03
4.222654,8.87,-1.13,4.22,0.01,-0.01,-0.01,-28.69,23.94,-48.81,4.32,-3.36,9.05,0.30,-0.01,0.23,-6.68,-5.84,3.69,-0.06,-0.06,-0.10,1.13,-3.50,9.25,0.30,-0.08,0.14,-3.11,-2.79,8.52,0.25,-0.38,0.01,1.24,9.96,-1.35,-0.09,0.04,0.01
4.222666,8.87,-0.98,4.26,0.07,0.00,-0.02,-29.88,24.62,-47.88,4.53,-3.32,9.08,0.40,-0.00,0.31,-6.55,-5.86,3.67,-0.08,-0.05,-0.09,1.35,-3.55,9.06,0.41,-0.12,0.18,-3.28,-2.85,8.25,0.37,-0.36,0.14,1.23,9.90,-1.29,-0.09,0.05,-0.01
4.222678,8.75,-0.83,4.15,0.07,0.00,-0.02,-29.56,25.19,-50.12,4.30,-3.00,9.49,0.47,0.00,0.40,-6.57,-5.94,3.67,-0.10,-0.04,-0.11,1.39,-3.26,9.43,0.50,-0.13,0.21,-3.34,-2.59,8.51,0.50,-0.39,0.22,1.23,9.98,-1.28,-0.09,0.04,-0.09
4.22269,8.71,-0.71,4.15,-0.02,-0.04,0.02,-29.56,25.19,-50.12,3.98,-2.74,9.64,0.42,0.01,0.41,-6.62,-6.11,3.54,-0.11,-0.02,-0.17,1.38,-2.95,9.79,0.50,-0.11,0.22,-3.57,-2.16,8.94,0.57,-0.40,0.22,1.09,10.12,-1.29,-0.11,-0.01,-0.25
4.224412,8.94,-0.98,4.26,-0.07,-0.08,0.03,-29.56,25.19,-50.12,3.62,-2.90,9.41,0.23,0.00,0.20,-6.74,-6.08,3.70,-0.09,-0.01,-0.23,0.99,-2.98,9.62,0.45,-0.10,0.20,-3.90,-2.05,8.98,0.59,-0.45,0.14,1.08,10.13,-1.30,-0.14,-0.06,-0.40
4.22443,8.98,-1.25,4.22,-0.03,-0.07,-0.01,-29.56,25.19,-50.12,3.62,-3.00,9.32,0.14,-0.06,0.11,-6.66,-6.03,3.74,-0.07,-0.06,-0.21,0.88,-2.85,9.79,0.41,-0.15,0.17,-3.06,-1.94,9.32,0.58,-0.45,0.16,0.99,10.01,-1.26,-0.14,-0.02,-0.38
4.224442,8.87,-1.10,4.19,0.07,-0.05,-0.07,-29.56,25.19,-50.12,3.71,-2.87,9.49,0.05,-0.10,0.02,-6.39,-5.87,3.80,-0.06,-0.09,-0.16,1.08,-2.65,10.21,0.25,-0.15,0.13,-3.13,-1.57,9.90,0.46,-0.28,0.18,1.02,9.80,-1.15,-0.14,0.02,-0.24
4.224452,8.94,-0.87,4.19,0.09,-0.07,-0.06,-29.56,25.19,-50.12,3.77,-2.94,9.48,-0.07,-0.14,-0.11,-6.41,-5.98,3.73,-0.05,-0.10,-0.10,1.14,-2.84,9.77,0.09,-0.10,0.07,-2.82,-1.91,9.23,0.34,-0.09,0.21,0.89,9.86,-1.16,-0.13,0.05,-0.15
4.224464,8.98,-0.91,4.15,0.09,-0.07,-0.06,-29.81,26.44,-49.62,4.19,-3.18,9.16,-0.08,-0.14,-0.19,-6.30,-5.92,3.73,-0.04,-0.09,-0.06,1.30,-3.19,9.15,0.11,-0.10,0.06,-3.14,-1.99,8.90,0.38,-0.04,0.27,0.90,9.78,-1.10,-0.10,0.07,-0.10
4.23006,8.94,-0.83,4.03,0.08,-0.02,-0.05,-29.81,26.44,-49.62,4.36,-3.19,9.05,-0.02,-0.11,-0.17,-6.15,-5.92,3.73,-0.05,-0.08,-0.03,1.31,-3.00,9.24,0.17,-0.14,0.06,-3.33,-1.51,9.48,0.37,-0.04,0.26,0.89,9.71,-1.02,-0.05,0.08,-0.06
4.24744,8.83,-0.68,3.92,0.07,0.04,-0.03,-29.81,26.44,-49.62,4.58,-2.95,9.35,0.03,-0.06,-0.12,-6.16,-6.00,3.70,-0.06,-0.04,-0.02,1.55,-2.72,9.66,0.18,-0.12,0.05,-3.28,-1.24,9.73,0.24,-0.05,0.21,0.86,9.77,-1.04,-0.04,0.06,-0.08
4.271531,8.71,-0.64,4.15,0.02,0.04,-0.00,-29.25,23.69,-47.69,4.46,-2.93,9.29,0.02,0.00,-0.07,-6.29,-6.08,3.64,-0.06,0.02,-0.05,1.52,-2.56,9.74,0.15,-0.05,0.04,-3.05,-1.43,9.30,0.19,0.05,0.15,0.79,9.90,-1.13,-0.04,0.04,-0.20
4.293081,8.90,-0.79,4.22,0.02,0.04,-0.00,-29.25,24.69,-50.06,4.33,-2.97,9.28,0.04,0.00,-0.05,-6.39,-6.02,3.74,-0.05,0.06,-0.07,1.42,-2.67,9.57,0.17,-0.04,0.05,-3.30,-1.42,9.24,0.20,0.10,0.16,0.79,9.95,-1.19,-0.04,0.02,-0.23
4.315925,8.94,-0.98,4.15,-0.03,-0.01,-0.00,-29.88,24.50,-49.25,4.18,-2.91,9.34,0.03,-0.00,-0.04,-6.49,-6.14,3.74,-0.04,0.08,-0.08,1.33,-2.44,9.98,0.11,-0.03,0.03,-3.08,-1.28,9.42,0.16,0.15,0.16,0.68,10.07,-1.19,-0.05,0.01,-0.25
4.733877,8.94,-0.98,4.15,-0.03,-0.01,-0.00,-29.88,24.50,-49.25,4.25,-2.97,9.31,0.02,-0.03,-0.06,-6.55,-6.07,3.83,-0.03,0.08,-0.11,1.51,-2.67,9.63,0.08,-0.01,0.03,-3.38,-1.34,9.17,0.17,0.17,0.18,0.73,10.07,-1.23,-0.07,-0.01,-0.24
4.733906,8.98,-0.91,4.15,-0.02,-0.06,-0.04,-29.25,25.00,-49.38,4.17,-2.92,9.37,0.01,-0.02,-0.06,-6.50,-5.92,3.95,-0.04,0.04,-0.11,1.39,-2.56,9.77,0.08,-0.02,0.04,-3.44,-1.35,9.06,0.21,0.11,0.19,0.79,9.98,-1.20,-0.08,0.02,-0.16
4.73392,8.87,-0.83,4.19,0.03,-0.02,-0.01,-29.25,25.00,-49.38,3.39,-2.74,9.56,-0.12,-0.03,-0.19,-6.57,-6.11,3.76,-0.05,0.02,-0.10,1.42,-2.36,10.18,0.01,-0.00,0.01,-3.18,-1.32,8.98,0.26,0.09,0.21,0.63,10.09,-1.24,-0.09,0.01,-0.13
4.733931,8.87,-0.91,4.15,0.03,-0.07,-0.00,-29.25,25.00,-49.38,3.59,-2.62,9.78,-0.39,-0.04,-0.50,-6.65,-6.04,3.85,-0.04,-0.02,-0.10,1.04,-2.45,10.34,-0.28,0.07,-0.06,-3.16,-1.47,8.56,0.36,0.06,0.32,0.69,10.14,-1.27,-0.10,0.05,-0.25
4.733943,8.87,-1.17,4.15,0.03,-0.07,-0.00,-29.88,24.06,-49.19,3.90,-3.24,8.92,-0.52,-0.09,-0.66,-6.50,-6.11,3.73,-0.03,-0.06,-0.09,1.08,-2.67,9.95,-0.53,0.07,-0.12,-3.21,-1.58,8.27,0.53,-0.02,0.45,0.45,10.02,-1.20,-0.09,0.08,-0.27
4.733954,9.13,-0.94,4.00,0.03,-0.07,-0.00,-30.44,23.56,-49.12,4.83,-3.56,8.65,-0.36,-0.18,-0.58,-6.14,-5.95,3.75,-0.02,-0.06,-0.05,1.19,-3.13,9.01,-0.51,-0.01,-0.15,-3.50,-1.00,9.14,0.66,-0.14,0.55,0.44,9.70,-0.99,-0.05,0.08,-0.20
4.733966,9.02,-0.83,3.84,0.13,0.03,-0.04,-30.44,23.56,-49.12,4.98,-3.52,8.64,-0.13,-0.17,-0.42,-5.91,-5.85,3.77,-0.06,-0.05,0.04,1.53,-3.28,8.70,-0.28,-0.05,-0.10,-3.74,-0.28,10.21,0.52,-0.09,0.47,0.43,9.54,-0.91,0.01,0.12,-0.06
4.733977,8.90,-0.75,3.80,0.11,0.13,-0.00,-30.44,23.56,-49.12,4.95,-2.96,9.26,-0.00,-0.12,-0.29,-6.01,-6.01,3.73,-0.08,-0.03,0.11,1.42,-2.79,9.39,-0.07,-0.07,-0.06,-3.69,-0.34,9.69,0.36,-0.03,0.35,0.35,9.69,-0.95,0.04,0.13,0.03
4.733991,8.75,-0.56,3.84,0.11,0.13,-0.00,-29.88,22.44,-48.19,4.88,-2.91,9.25,0.01,-0.03,-0.19,-6.16,-6.09,3.65,-0.09,-0.00,0.11,1.57,-2.73,9.53,-0.01,-0.03,-0.06,-3.80,-0.09,9.86,0.25,0.01,0.23,0.34,9.80,-1.07,0.04,0.09,0.04
4.734006,8.87,-0.87,4.11,-0.03,0.09,0.02,-29.88,22.44,-48.19,4.55,-2.97,9.10,0.01,0.00,-0.16,-6.38,-5.97,3.85,-0.09,0.01,0.10,1.41,-2.78,9.52,0.03,-0.03,-0.04,-3.68,-0.28,9.44,0.12,0.00,0.09,0.56,9.91,-1.18,0.03,0.08,0.04
4.734017,8.87,-0.87,4.11,0.05,0.10,-0.02,-29.88,22.44,-48.19,4.61,-3.04,8.99,0.02,-0.03,-0.13,-6.47,-6.00,3.83,-0.08,-0.02,0.10,1.43,-2.81,9.50,0.04,-0.05,-0.03,-3.28,-0.37,9.33,0.09,-0.02,0.09,0.53,9.97,-1.24,0.03,0.10,0.03
4.734028,8.79,-0.75,4.19,0.05,0.10,-0.02,-29.25,23.69,-49.50,4.72,-2.89,9.21,0.05,-0.04,-0.09,-6.42,-6.02,3.77,-0.07,-0.02,0.08,1.58,-2.69,9.70,0.04,-0.06,-0.01,-3.17,-0.34,9.29,0.09,-0.01,0.10,0.46,9.96,-1.24,0.02,0.10,0.01
4.734039,8.79,-0.60,4.22,-0.02,0.04,-0.00,-29.25,23.69,-49.50,4.77,-2.78,9.40,0.00,0.00,-0.07,-6.44,-6.05,3.73,-0.06,0.03,0.02,1.63,-2.64,9.80,0.00,-0.01,-0.02,-3.43,-0.18,9.40,0.10,0.02,0.07,0.41,9.99,-1.27,-0.01,0.04,-0.04
4.73405,8.94,-0.94,4.19,-0.06,0.01,0.00,-29.25,23.69,-49.50,4.74,-2.96,9.24,-0.03,0.04,-0.05,-6.50,-5.87,3.90,-0.06,0.03,0.01,1.56,-2.80,9.60,-0.01,0.01,-0.01,-3.40,-0.33,9.26,0.10,0.02,0.07,0.58,9.96,-1.30,-0.02,0.04,-0.02
4.736239,8.94,-0.94,4.19,0.01,0.03,0.01,-29.56,24.69,-50.06,4.58,-3.06,9.06,-0.02,0.04,-0.02,-6.47,-5.91,3.85,-0.07,0.01,0.02,1.45,-2.87,9.53,0.01,-0.00,0.01,-3.49,-0.34,9.21,0.12,-0.03,0.07,0.51,9.95,-1.25,-0.02,0.06,0.02
4.736259,8.94,-0.79,4.22,0.01,0.03,0.01,-29.56,24.69,-50.06,4.41,-3.06,9.02,0.00,0.00,-0.06,-6.48,-5.99,3.79,-0.06,0.01,0.03,1.38,-2.82,9.60,0.01,-0.02,-0.00,-3.32,-0.38,9.15,0.15,-0.05,0.09,0.46,9.99,-1.27,-0.01,0.05,0.04
4.736273,8.83,-0.75,4.22,0.02,0.06,-0.02,-29.56,24.69,-50.06,4.50,-2.97,9.17,0.01,-0.02,-0.11,-6.50,-6.02,3.75,-0.05,0.02,0.02,1.42,-2.75,9.71,-0.01,-0.01,-0.03,-3.26,-0.34,9.10,0.21,-0.07,0.12,0.44,10.00,-1.27,-0.01,0.03,0.02
4.736286,8.83,-0.71,4.26,0.01,0.05,-0.02,-29.56,24.69,-50.06,4.70,-3.00,9.16,-0.03,-0.01,-0.14,-6.44,-5.84,3.86,-0.05,0.03,0.03,1.53,-2.86,9.52,-0.02,-0.01,-0.04,-3.27,-0.28,9.17,0.26,-0.09,0.15,0.59,9.90,-1.27,0.00,0.03,0.01
4.736298,8.90,-0.83,4.26,0.01,0.05,-0.02,-29.56,23.25,-49.81,4.84,-3.11,9.04,0.02,0.00,-0.12,-6.41,-5.69,3.93,-0.07,0.02,0.08,1.63,-2.97,9.28,0.05,-0.03,-0.02,-2.92,-0.12,9.44,0.27,-0.10,0.19,0.71,9.84,-1.30,0.03,0.07,0.02
4.742861,8.83,-0.83,4.30,0.01,0.05,-0.02,-29.56,23.06,-49.00,4.93,-2.89,9.24,0.07,0.02,-0.06,-6.46,-5.78,3.89,-0.10,0.02,0.10,1.90,-2.81,9.42,0.15,-0.05,0.02,-3.10,0.29,9.85,0.24,-0.03,0.20,0.63,9.94,-1.35,0.05,0.09,-0.01
4.761313,8.52,-0.52,4.30,0.01,0.05,-0.02,-29.56,23.06,-49.00,4.88,-2.73,9.38,0.03,0.05,-0.02,-6.62,-5.97,3.82,-0.11,0.04,0.05,1.81,-2.44,9.88,0.15,-0.01,0.03,-3.38,0.53,9.96,0.15,0.07,0.14,0.52,10.11,-1.43,0.01,0.06,-0.04
4.784519,8.87,-0.91,4.30,-0.06,-0.01,0.05,-29.56,23.06,-49.00,4.49,-2.90,9.14,-0.02,0.05,-0.02,-6.71,-5.92,3.90,-0.10,0.05,-0.02,1.48,-2.49,9.83,0.11,0.04,0.03,-3.65,0.36,9.63,0.05,0.08,0.05,0.57,10.10,-1.43,-0.04,0.03,-0.05
4.806011,9.02,-1.06,4.30,-0.04,-0.04,0.02,-29.56,23.06,-49.00,4.47,-3.05,9.02,-0.00,-0.00,-0.03,-6.65,-5.81,3.92,-0.10,-0.01,-0.01,1.38,-2.62,9.67,0.07,-0.01,0.02,-3.45,0.07,9.31,0.03,0.02,0.05,0.59,9.99,-1.38,-0.05,0.06,0.02
4.827661,8.90,-0.83,4.34,0.06,0.01,-0.03,-29.56,23.06,-49.00,4.69,-2.93,9.22,0.03,-0.02,-0.04,-6.56,-5.90,3.76,-0.09,-0.02,0.01,1.61,-2.57,9.74,0.06,-0.03,0.01,-3.39,0.18,9.49,0.03,0.00,0.04,0.51,9.99,-1.36,-0.05,0.07,0.04
5.243286,8.75,-0.68,4.38,-0.03,0.00,0.01,-29.56,23.06,-49.00,4.79,-2.84,9.37,0.01,0.02,-0.04,-6.60,-5.92,3.77,-0.08,0.01,-0.01,1.70,-2.47,9.93,0.03,0.01,0.01,-3.26,0.23,9.55,0.01,0.02,0.01,0.52,10.03,-1.39,-0.05,0.04,-0.01
5.243337,8.83,-0.83,4.34,-0.03,0.00,0.01,-28.69,24.12,-49.56,4.66,-2.88,9.28,-0.01,0.03,-0.02,-6.65,-5.90,3.83,-0.08,0.02,-0.03,1.60,-2.54,9.81,0.00,0.03,0.01,-3.41,0.23,9.49,0.00,0.02,-0.01,0.55,10.05,-1.38,-0.06,0.03,-0.03
5.243352,8.83,-0.83,4.34,-0.01,-0.02,-0.01,-28.69,24.12,-49.56,4.56,-2.90,9.20,-0.02,0.02,-0.02,-6.63,-5.88,3.86,-0.08,0.01,-0.04,1.53,-2.52,9.79,-0.03,0.02,0.01,-3.39,0.23,9.50,-0.02,0.01,-0.02,0.58,10.02,-1.38,-0.07,0.03,-0.02
5.243364,8.79,-0.75,4.26,-0.01,-0.02,-0.01,-29.25,23.38,-50.12,4.69,-2.96,9.13,-0.03,0.01,-0.03,-6.55,-5.80,3.84,-0.07,0.00,-0.04,1.67,-2.57,9.68,-0.05,0.03,0.01,-3.20,0.17,9.47,-0.04,0.03,-0.03,0.63,9.93,-1.37,-0.08,0.03,-0.01
5.243377,8.79,-0.75,4.30,0.00,-0.02,0.00,-29.25,24.31,-50.31,4.61,-3.01,9.03,-0.02,0.01,-0.05,-6.51,-5.79,3.84,-0.07,0.00,-0.04,1.59,-2.64,9.58,-0.05,0.04,0.02,-3.28,0.09,9.31,-0.03,0.03,-0.03,0.61,9.89,-1.33,-0.07,0.04,-0.00
5.243389,8.83,-0.71,4.26,0.00,-0.02,0.00,-29.25,23.94,-48.88,4.57,-3.06,8.97,0.01,0.00,-0.07,-6.51,-5.82,3.82,-0.07,0.00,-0.03,1.47,-2.68,9.47,-0.05,0.02,0.01,-3.32,0.01,9.20,-0.01,-0.00,-0.01,0.57,9.90,-1.33,-0.05,0.05,0.01
5.243406,8.79,-0.75,4.22,0.00,-0.02,0.00,-29.25,23.94,-48.88,4.67,-2.92,9.18,0.03,-0.01,-0.07,-6.46,-5.89,3.74,-0.07,0.01,-0.02,1.52,-2.59,9.59,-0.02,-0.01,0.01,-3.22,0.10,9.33,0.00,-0.01,0.01,0.51,9.90,-1.31,-0.05,0.04,-0.00
5.243426,8.67,-0.68,4.22,0.02,0.02,-0.01,-29.25,23.94,-48.88,4.80,-2.79,9.36,0.00,0.01,-0.05,-6.48,-5.90,3.74,-0.07,0.03,-0.04,1.62,-2.46,9.79,-0.03,0.01,0.00,-3.28,0.22,9.47,-0.01,0.02,-0.01,0.53,9.93,-1.33,-0.05,0.02,-0.03
5.243439,8.71,-0.87,4.26,-0.06,-0.04,0.01,-29.25,23.94,-48.88,4.69,-2.95,9.13,-0.03,0.04,-0.02,-6.57,-5.81,3.88,-0.08,0.03,-0.06,1.57,-2.58,9.64,-0.05,0.04,0.01,-3.32,0.15,9.37,-0.04,0.04,-0.04,0.63,9.94,-1.36,-0.07,0.02,-0.04
5.243453,8.87,-0.98,4.26,-0.06,-0.04,0.01,-29.25,25.19,-50.12,4.64,-3.03,9.05,-0.02,0.02,-0.00,-6.55,-5.80,3.88,-0.08,0.00,-0.04,1.56,-2.67,9.55,-0.05,0.03,0.02,-3.22,0.04,9.24,-0.03,0.04,-0.01,0.62,9.92,-1.35,-0.07,0.05,-0.01
5.243467,8.83,-0.68,4.26,0.03,0.00,0.00,-29.25,25.19,-50.12,4.61,-3.00,9.08,0.00,0.01,-0.00,-6.44,-5.96,3.66,-0.08,0.02,-0.04,1.56,-2.67,9.54,-0.03,0.02,0.02,-3.30,0.03,9.26,-0.00,0.03,0.01,0.45,9.89,-1.31,-0.06,0.03,-0.02
5.243479,8.83,-0.60,4.26,0.03,0.00,0.00,-28.94,25.06,-51.56,4.57,-2.93,9.18,-0.00,0.03,-0.04,-6.41,-5.93,3.67,-0.06,0.07,-0.05,1.49,-2.56,9.66,-0.02,0.02,0.00,-3.42,0.12,9.38,0.01,0.02,-0.01,0.46,9.90,-1.30,-0.05,-0.01,-0.04
5.243492,8.75,-0.75,4.22,-0.06,0.01,0.01,-29.88,22.69,-49.31,4.60,-2.93,9.20,-0.01,0.03,-0.07,-6.62,-5.93,3.77,-0.05,0.10,-0.07,1.52,-2.49,9.79,-0.04,0.03,-0.01,-3.31,0.27,9.51,-0.02,0.05,-0.04,0.54,10.03,-1.40,-0.06,-0.03,-0.06
5.243505,8.71,-0.91,4.26,-0.06,0.01,0.01,-29.88,22.69,-49.31,4.62,-2.99,9.15,-0.02,0.02,-0.05,-6.69,-5.81,3.93,-0.06,0.06,-0.08,1.54,-2.58,9.65,-0.06,0.03,0.00,-3.30,0.22,9.43,-0.04,0.06,-0.03,0.67,10.03,-1.43,-0.08,-0.00,-0.04
5.245723,8.79,-0.98,4.26,-0.03,-0.03,-0.01,-29.88,22.69,-49.31,4.66,-3.07,9.05,-0.01,-0.00,-0.02,-6.55,-5.77,3.87,-0.07,-0.01,-0.06,1.59,-2.69,9.56,-0.06,0.01,0.02,-3.30,0.07,9.29,-0.05,0.04,-0.01,0.63,9.90,-1.33,-0.08,0.05,0.00
5.245743,8.87,-0.60,4.19,0.07,-0.01,-0.01,-28.62,24.31,-50.31,4.69,-3.02,9.12,0.02,0.01,-0.01,-6.35,-5.86,3.72,-0.08,-0.02,-0.03,1.57,-2.71,9.51,-0.01,0.00,0.03,-3.39,-0.03,9.19,-0.01,-0.00,-0.00,0.50,9.80,-1.23,-0.06,0.06,0.01
5.245758,8.75,-0.64,4.19,0.00,0.03,0.01,-28.62,24.31,-50.31,4.68,-2.94,9.18,0.03,0.03,-0.01,-6.39,-5.93,3.70,-0.08,0.01,-0.02,1.57,-2.61,9.65,0.00,0.02,0.02,-3.48,0.11,9.37,0.00,-0.03,-0.04,0.48,9.88,-1.26,-0.05,0.04,-0.00
5.24577,8.68,-0.75,4.11,-0.05,0.02,0.02,-28.62,24.31,-50.31,4.67,-2.97,9.14,0.01,0.04,0.00,-6.54,-5.99,3.71,-0.07,0.02,-0.04,1.56,-2.60,9.63,-0.00,0.02,0.02,-3.10,0.12,9.39,-0.02,0.01,-0.04,0.51,9.97,-1.32,-0.06,0.02,-0.02
5.245781,8.79,-0.79,4.19,-0.04,-0.02,-0.01,-28.62,24.31,-50.31,4.72,-2.98,9.16,0.01,0.04,0.04,-6.49,-5.92,3.74,-0.07,0.02,-0.05,1.53,-2.57,9.64,0.01,0.02,0.03,-3.20,0.15,9.44,-0.04,0.04,-0.03,0.52,9.92,-1.30,-0.07,0.02,-0.04
5.267698,8.75,-0.75,4.19,-0.01,-0.02,-0.01,-28.62,24.31,-50.31,4.56,-3.01,9.08,-0.00,0.05,0.05,-6.45,-5.90,3.74,-0.07,0.02,-0.06,1.54,-2.59,9.61,-0.01,0.03,0.02,-3.33,0.08,9.29,-0.06,0.08,-0.03,0.50,9.89,-1.28,-0.07,0.02,-0.05
5.28956,8.83,-0.79,4.19,-0.02,-0.02,-0.01,-28.62,24.31,-50.31,4.52,-3.07,9.04,0.01,0.04,0.03,-6.46,-5.90,3.75,-0.07,0.01,-0.06,1.39,-2.60,9.54,0.02,0.03,0.03,-3.43,0.01,9.18,-0.03,0.04,-0.04,0.51,9.88,-1.26,-0.07,0.02,-0.03
5.314468,8.87,-0.83,4.15,-0.00,0.01,-0.01,-29.25,23.62,-49.44,4.45,-3.11,8.96,0.03,0.01,0.00,-6.46,-5.91,3.76,-0.06,0.00,-0.05,1.41,-2.64,9.49,0.02,-0.01,0.02,-3.51,0.02,9.23,-0.01,-0.04,-0.04,0.49,9.90,-1.27,-0.06,0.03,0.01
5.332611,8.83,-0.87,4.15,-0.00,0.01,-0.01,-28.38,24.81,-48.62,4.47,-3.01,9.08,0.04,-0.01,-0.00,-6.45,-5.96,3.74,-0.06,-0.01,-0.05,1.44,-2.53,9.65,0.03,-0.03,0.02,-3.51,0.03,9.20,0.00,-0.09,-0.05,0.45,9.92,-1.25,-0.06,0.03,0.03
5.754071,8.75,-0.75,4.15,-0.00,0.01,-0.01,-29.25,23.44,-50.56,4.50,-3.00,9.10,0.04,-0.02,-0.01,-6.40,-5.99,3.69,-0.05,-0.00,-0.05,1.43,-2.58,9.54,0.03,-0.04,0.01,-3.34,-0.01,9.18,0.02,-0.13,-0.07,0.43,9.90,-1.24,-0.07,0.02,0.04
5.754099,8.87,-0.75,4.22,-0.02,0.03,-0.04,-29.25,23.44,-50.56,4.60,-3.06,9.05,0.07,-0.02,-0.02,-6.38,-5.86,3.76,-0.05,0.01,-0.03,1.56,-2.68,9.33,0.10,-0.05,0.01,-3.27,-0.09,9.09,0.06,-0.18,-0.07,0.54,9.83,-1.24,-0.05,0.01,0.05
5.754112,8.83,-0.79,4.22,-0.02,0.03,-0.04,-30.19,23.00,-48.62,4.65,-3.06,9.01,0.10,-0.00,-0.02,-6.47,-5.80,3.83,-0.06,0.00,-0.02,1.70,-2.65,9.21,0.20,-0.07,0.02,-3.34,0.00,9.10,0.12,-0.26,-0.07,0.63,9.87,-1.31,-0.04,0.01,0.06
5.754124,8.79,-0.79,4.30,-0.02,0.03,-0.04,-29.56,24.12,-49.56,4.57,-3.02,9.00,0.14,-0.00,-0.03,-6.57,-5.86,3.87,-0.07,-0.01,-0.02,1.68,-2.45,9.49,0.30,-0.12,0.06,-3.64,0.27,9.36,0.13,-0.41,-0.12,0.65,9.98,-1.37,-0.04,0.02,0.08
5.754136,8.67,-0.79,4.22,-0.02,0.03,-0.04,-29.56,24.12,-49.56,4.51,-2.89,9.14,0.12,-0.03,-0.04,-6.62,-5.98,3.79,-0.07,-0.02,-0.05,1.41,-2.13,9.98,0.26,-0.17,0.07,-3.40,0.34,9.48,0.09,-0.65,-0.18,0.57,10.06,-1.35,-0.06,0.00,0.09
5.754149,8.71,-0.68,4.26,0.05,0.04,-0.03,-29.56,24.12,-49.56,4.60,-2.84,9.26,0.10,-0.04,-0.05,-6.50,-5.97,3.65,-0.07,-0.01,-0.07,1.72,-2.24,9.84,0.18,-0.15,0.04,-2.18,0.13,9.46,0.13,-0.53,-0.14,0.51,9.91,-1.35,-0.07,-0.02,0.08
5.75416,8.75,-0.71,4.38,0.05,0.04,-0.03,-28.94,24.62,-49.69,4.70,-2.80,9.33,0.09,-0.00,-0.03,-6.37,-5.88,3.69,-0.06,0.04,-0.07,1.77,-2.28,9.81,0.17,-0.09,0.04,-2.48,0.13,9.45,0.19,-0.32,-0.06,0.61,9.84,-1.28,-0.06,-0.03,0.02
5.754187,8.83,-0.71,4.30,0.05,0.04,-0.03,-28.94,24.62,-49.69,4.49,-2.85,9.22,0.06,0.02,-0.05,-6.50,-5.91,3.82,-0.05,0.05,-0.05,1.62,-2.15,9.96,0.09,-0.04,0.02,-2.66,0.21,9.53,0.20,-0.26,-0.04,0.66,9.96,-1.30,-0.05,-0.02,0.00
5.754203,8.83,-0.83,4.26,-0.01,0.04,-0.02,-28.94,24.62,-49.69,4.55,-2.92,9.13,0.05,-0.00,-0.07,-6.54,-5.89,3.90,-0.05,0.01,-0.04,1.66,-2.26,9.76,0.05,-0.04,0.01,-2.59,0.21,9.49,0.20,-0.25,-0.00,0.72,9.97,-1.30,-0.05,0.01,0.02
5.754267,8.83,-0.68,4.30,0.03,0.03,-0.04,-29.25,23.88,-48.44,4.75,-2.90,9.18,0.06,-0.01,-0.06,-6.42,-5.86,3.89,-0.06,-0.01,-0.02,1.85,-2.32,9.67,0.05,-0.04,0.02,-2.47,0.18,9.42,0.25,-0.24,0.03,0.74,9.89,-1.25,-0.04,0.03,0.02
5.754284,8.83,-0.56,4.34,0.03,0.03,-0.04,-28.94,22.88,-50.06,4.79,-2.92,9.11,0.07,0.02,-0.05,-6.37,-5.88,3.84,-0.07,0.01,-0.00,1.89,-2.37,9.53,0.07,-0.01,0.02,-2.38,0.30,9.53,0.29,-0.24,0.04,0.70,9.88,-1.24,-0.03,0.03,0.01
5.754317,8.79,-0.64,4.30,0.03,0.03,-0.04,-28.94,22.88,-50.06,4.89,-3.04,8.95,0.12,0.06,-0.02,-6.44,-5.87,3.84,-0.08,0.02,0.01,1.94,-2.40,9.34,0.16,-0.02,0.04,-2.46,0.50,9.69,0.31,-0.22,0.06,0.72,9.91,-1.30,-0.02,0.03,0.00
5.754334,8.71,-0.68,4.38,-0.00,0.06,0.02,-28.94,22.88,-50.06,4.88,-2.89,9.06,0.20,0.08,0.03,-6.48,-5.83,3.89,-0.10,0.03,0.01,1.96,-2.17,9.55,0.26,-0.04,0.07,-2.25,0.74,10.04,0.24,-0.21,0.05,0.78,9.93,-1.33,-0.02,0.03,-0.01
5.754346,8.63,-0.56,4.30,0.01,0.04,0.03,-28.69,23.56,-49.12,4.68,-2.50,9.44,0.18,0.07,0.06,-6.53,-5.89,3.86,-0.12,0.03,-0.00,1.83,-1.70,10.15,0.26,-0.04,0.09,-2.29,0.81,9.98,0.16,-0.12,0.02,0.73,9.98,-1.36,-0.03,0.03,-0.05
5.763795,8.67,-0.64,4.45,-0.01,0.00,0.04,-28.69,23.56,-49.12,4.58,-2.58,9.36,0.14,0.06,0.07,-6.59,-5.93,3.79,-0.10,0.04,-0.03,1.73,-1.82,9.90,0.22,-0.02,0.08,-2.22,0.74,9.85,0.11,-0.04,0.01,0.69,9.99,-1.37,-0.04,0.02,-0.09
5.763817,8.83,-0.91,4.38,-0.03,-0.02,0.01,-28.69,23.56,-49.12,4.58,-2.77,9.22,0.14,0.07,0.08,-6.56,-5.83,3.84,-0.09,0.01,-0.01,1.69,-1.98,9.70,0.22,-0.03,0.07,-2.17,0.51,9.50,0.12,0.04,0.06,0.73,9.93,-1.37,-0.02,0.05,-0.15
5.763831,8.83,-0.75,4.34,0.02,0.07,0.01,-28.62,24.31,-50.31,4.70,-2.93,8.98,0.21,0.07,0.10,-6.39,-5.82,3.72,-0.09,0.00,0.02,1.75,-2.09,9.38,0.29,-0.05,0.07,-2.45,0.57,9.52,0.16,0.04,0.09,0.56,9.80,-1.32,0.00,0.08,-0.14
5.763841,8.79,-0.71,4.42,0.02,0.07,0.01,-28.69,22.69,-49.31,4.81,-3.14,8.69,0.38,0.09,0.14,-6.34,-5.80,3.64,-0.09,0.04,0.06,1.92,-2.32,8.75,0.48,-0.07,0.09,-2.49,0.54,9.41,0.20,-0.00,0.08,0.51,9.75,-1.33,0.03,0.06,-0.09
5.763852,8.83,-0.79,4.38,-0.02,0.12,0.01,-28.69,22.69,-49.31,4.23,-2.39,9.47,0.44,0.08,0.15,-6.34,-5.83,3.68,-0.10,0.09,0.09,1.68,-1.78,9.38,0.70,-0.16,0.12,-2.60,0.64,9.43,0.24,-0.08,0.09,0.50,9.79,-1.32,0.06,0.05,-0.05
5.768782,8.71,-0.75,4.19,-0.02,0.16,0.04,-28.69,22.69,-49.31,4.13,-2.11,9.78,0.31,0.09,0.08,-6.53,-6.02,3.62,-0.10,0.12,0.08,1.69,-0.91,10.86,0.60,-0.15,0.09,-2.78,1.24,10.13,0.16,-0.15,0.01,0.36,10.02,-1.42,0.05,0.02,-0.03
5.786474,8.52,-0.71,4.42,-0.02,0.16,0.04,-28.69,22.69,-49.31,4.17,-2.19,9.72,0.15,0.09,0.01,-6.86,-6.01,3.70,-0.07,0.11,0.03,1.68,-1.01,10.64,0.33,-0.05,0.04,-2.30,1.19,10.03,0.05,-0.09,-0.05,0.48,10.15,-1.59,0.01,-0.01,-0.03
5.80999,8.87,-1.10,4.57,-0.01,0.01,-0.02,-28.69,22.69,-49.31,4.25,-2.47,9.37,0.08,0.05,-0.01,-6.86,-5.73,3.87,-0.06,0.03,0.01,1.78,-1.26,10.09,0.16,-0.01,0.03,-2.31,0.95,9.64,0.04,-0.05,-0.01,0.68,10.05,-1.60,-0.02,0.03,0.01
5.831328,8.75,-0.83,4.61,0.07,0.05,-0.02,-28.69,22.69,-49.31,4.33,-2.38,9.47,0.06,0.00,-0.04,-6.83,-5.79,3.76,-0.06,-0.04,0.03,1.80,-1.14,10.13,0.08,-0.03,0.01,-2.37,1.03,9.72,0.04,-0.05,0.00,0.59,10.08,-1.61,-0.02,0.07,0.04
5.85129,8.68,-0.75,4.61,0.07,0.05,-0.02,-28.69,22.69,-49.31,4.46,-2.32,9.61,0.04,-0.01,-0.04,-6.78,-5.91,3.62,-0.06,-0.04,0.01,1.87,-1.09,10.12,0.04,-0.01,0.01,-2.38,1.08,9.73,0.04,-0.05,-0.00,0.47,10.10,-1.60,-0.04,0.06,0.04
6.263411,8.71,-0.71,4.49,-0.01,-0.02,-0.02,-28.69,22.69,-49.31,4.46,-2.35,9.57,-0.00,0.00,-0.05,-6.67,-5.91,3.62,-0.05,0.01,-0.04,1.87,-1.10,10.18,-0.01,-0.01,0.00,-2.51,1.12,9.94,0.03,-0.08,-0.03,0.48,10.03,-1.53,-0.06,0.01,0.00
6.263449,8.75,-0.79,4.42,-0.04,-0.02,-0.03,-28.69,22.69,-49.31,4.44,-2.41,9.49,-0.03,0.01,-0.05,-6.69,-5.87,3.71,-0.04,0.05,-0.06,1.84,-1.21,10.01,-0.06,0.00,-0.01,-2.30,1.03,9.86,-0.03,-0.06,-0.06,0.56,10.03,-1.50,-0.08,-0.01,-0.02
6.263461,8.75,-0.83,4.42,-0.04,-0.03,-0.03,-28.69,22.69,-49.31,4.40,-2.49,9.40,-0.05,0.00,-0.05,-6.68,-5.81,3.80,-0.04,0.02,-0.06,1.83,-1.35,9.88,-0.08,0.01,-0.01,-2.27,0.87,9.66,-0.04,-0.05,-0.07,0.62,9.97,-1.44,-0.08,0.00,-0.01
6.263473,8.79,-0.83,4.38,0.01,-0.02,-0.03,-28.62,24.31,-50.31,4.45,-2.56,9.33,-0.05,-0.01,-0.05,-6.61,-5.78,3.80,-0.05,-0.02,-0.04,1.87,-1.42,9.78,-0.07,0.00,-0.01,-2.12,0.80,9.59,-0.03,-0.03,-0.05,0.63,9.92,-1.41,-0.07,0.03,0.01
6.263484,8.75,-0.79,4.42,0.01,-0.02,-0.03,-28.94,24.62,-49.62,4.55,-2.56,9.33,-0.04,-0.00,-0.04,-6.56,-5.81,3.76,-0.06,-0.04,-0.03,1.94,-1.40,9.80,-0.05,0.01,-0.00,-2.09,0.84,9.65,-0.01,-0.01,-0.03,0.62,9.91,-1.40,-0.07,0.05,0.02
6.263494,8.67,-0.68,4.42,0.01,-0.02,-0.03,-28.38,25.31,-50.56,4.52,-2.55,9.31,-0.03,0.01,-0.03,-6.52,-5.87,3.69,-0.06,-0.01,-0.04,1.93,-1.36,9.91,-0.05,0.01,0.01,-2.21,0.92,9.77,-0.01,0.00,-0.03,0.56,9.92,-1.39,-0.07,0.03,-0.01
6.263505,8.71,-0.64,4.38,-0.02,-0.02,-0.01,-28.38,25.31,-50.56,4.45,-2.48,9.37,-0.04,0.02,-0.04,-6.52,-5.88,3.68,-0.05,0.03,-0.06,1.89,-1.29,9.97,-0.09,0.02,0.00,-2.26,0.97,9.84,-0.05,0.02,-0.04,0.56,9.93,-1.40,-0.08,0.01,-0.04
6.263516,8.67,-0.68,4.34,-0.02,-0.02,-0.01,-29.25,25.44,-51.25,4.40,-2.49,9.35,-0.06,0.02,-0.05,-6.53,-5.88,3.70,-0.04,0.05,-0.08,1.83,-1.37,9.84,-0.12,0.03,-0.01,-2.21,0.85,9.65,-0.07,0.03,-0.05,0.55,9.91,-1.39,-0.08,-0.02,-0.05
6.263531,8.75,-0.75,4.38,-0.02,-0.02,-0.01,-29.56,23.94,-50.62,4.41,-2.68,9.16,-0.05,0.01,-0.05,-6.53,-5.77,3.80,-0.03,0.04,-0.07,1.82,-1.54,9.64,-0.09,0.02,-0.01,-2.21,0.73,9.52,-0.05,0.02,-0.05,0.63,9.87,-1.37,-0.07,-0.01,-0.03
6.263544,8.79,-0.87,4.38,-0.03,-0.01,-0.02,-29.56,23.94,-50.62,4.42,-2.72,9.10,-0.01,-0.01,-0.05,-6.53,-5.72,3.87,-0.05,0.00,-0.03,1.85,-1.59,9.59,-0.04,-0.00,0.00,-2.17,0.73,9.51,-0.02,0.01,-0.02,0.68,9.87,-1.36,-0.06,0.03,0.01
6.263554,8.67,-0.71,4.34,-0.03,-0.01,-0.02,-28.94,24.56,-49.31,4.50,-2.64,9.20,0.03,-0.02,-0.03,-6.49,-5.77,3.81,-0.07,-0.02,-0.01,1.90,-1.47,9.80,-0.02,-0.02,0.01,-2.15,0.84,9.71,-0.01,-0.01,-0.01,0.64,9.87,-1.35,-0.05,0.06,0.03
6.263567,8.67,-0.71,4.34,0.06,0.03,-0.01,-28.06,23.31,-49.81,4.57,-2.50,9.36,0.02,-0.01,-0.03,-6.48,-5.83,3.74,-0.07,-0.02,-0.01,1.96,-1.37,9.92,-0.04,-0.00,0.02,-2.10,0.92,9.79,-0.05,0.02,-0.02,0.59,9.91,-1.36,-0.05,0.06,0.01
6.263577,8.64,-0.56,4.38,0.06,0.03,-0.01,-28.06,23.31,-49.81,4.53,-2.45,9.41,-0.00,0.01,-0.04,-6.51,-5.88,3.67,-0.07,0.02,-0.03,1.94,-1.36,9.88,-0.06,0.01,0.02,-2.17,0.87,9.68,-0.06,0.04,-0.02,0.56,9.92,-1.39,-0.06,0.03,-0.03
6.263589,8.71,-0.64,4.49,-0.01,-0.01,0.00,-28.06,23.31,-49.81,4.45,-2.49,9.40,-0.02,0.02,-0.04,-6.57,-5.82,3.75,-0.06,0.05,-0.04,1.83,-1.38,9.87,-0.07,0.03,0.01,-2.24,0.83,9.61,-0.05,0.04,-0.03,0.60,9.94,-1.42,-0.05,0.01,-0.04
6.265705,8.75,-0.75,4.49,-0.01,-0.01,0.00,-28.38,23.50,-48.75,4.45,-2.55,9.35,-0.02,0.03,-0.05,-6.67,-5.78,3.83,-0.06,0.03,-0.03,1.85,-1.40,9.81,-0.07,0.03,0.00,-2.23,0.84,9.63,-0.04,0.03,-0.03,0.63,9.98,-1.46,-0.05,0.03,-0.03
6.265726,8.68,-0.79,4.45,0.01,0.01,-0.01,-28.38,23.50,-48.75,4.47,-2.51,9.39,-0.01,0.02,-0.04,-6.66,-5.79,3.83,-0.06,-0.01,-0.02,1.90,-1.33,9.87,-0.06,0.02,0.00,-2.25,0.91,9.76,-0.03,0.02,-0.02,0.62,9.99,-1.46,-0.05,0.05,-0.02
6.26574,8.64,-0.71,4.42,0.02,-0.01,-0.01,-29.25,24.56,-51.44,4.48,-2.54,9.34,-0.02,0.01,-0.03,-6.62,-5.86,3.72,-0.07,-0.01,-0.03,1.91,-1.30,10.02,-0.07,0.02,0.01,-2.25,0.89,9.74,-0.05,0.03,-0.02,0.55,9.98,-1.45,-0.06,0.05,-0.03
6.265751,8.75,-0.71,4.45,0.02,-0.01,-0.01,-29.25,24.56,-51.44,4.45,-2.53,9.37,-0.02,0.00,-0.03,-6.60,-5.88,3.71,-0.07,0.01,-0.05,1.84,-1.41,9.81,-0.09,0.02,0.01,-2.33,0.89,9.78,-0.06,0.03,-0.03,0.51,9.98,-1.42,-0.07,0.03,-0.03
6.265763,8.79,-0.71,4.45,-0.01,-0.02,-0.01,-29.25,24.56,-51.44,4.41,-2.50,9.42,-0.04,0.00,-0.04,-6.62,-5.85,3.79,-0.06,0.02,-0.06,1.80,-1.34,9.98,-0.09,0.02,0.00,-2.33,0.82,9.71,-0.07,0.02,-0.05,0.57,9.99,-1.41,-0.08,0.02,-0.02
6.277129,8.83,-0.75,4.45,-0.01,-0.02,-0.01,-29.25,24.56,-51.44,4.53,-2.62,9.32,-0.04,0.00,-0.05,-6.65,-5.83,3.82,-0.06,0.01,-0.05,1.93,-1.56,9.73,-0.09,0.02,-0.00,-2.20,0.78,9.70,-0.06,0.01,-0.05,0.62,10.00,-1.41,-0.08,0.02,0.01
6.302031,8.79,-0.68,4.49,-0.01,-0.01,-0.01,-28.06,23.94,-50.62,4.55,-2.60,9.32,-0.02,0.01,-0.05,-6.63,-5.79,3.86,-0.07,-0.00,-0.03,1.94,-1.49,9.85,-0.06,0.01,0.00,-2.18,0.78,9.69,-0.02,0.02,-0.03,0.66,9.98,-1.41,-0.07,0.04,0.02
6.32377,8.68,-0.68,4.45,0.00,-0.00,-0.00,-28.06,23.94,-50.62,4.63,-2.49,9.45,-0.02,0.02,-0.04,-6.64,-5.82,3.85,-0.07,-0.01,-0.03,2.04,-1.39,9.94,-0.06,0.03,0.01,-2.15,0.91,9.83,-0.03,0.04,-0.02,0.66,10.02,-1.43,-0.07,0.04,-0.00
6.345616,8.64,-0.64,4.49,-0.01,-0.02,0.01,-28.06,23.94,-50.62,4.60,-2.44,9.49,-0.05,0.03,-0.02,-6.69,-5.83,3.86,-0.08,-0.01,-0.06,1.98,-1.29,10.06,-0.09,0.05,0.01,-2.22,0.99,9.94,-0.06,0.06,-0.04,0.67,10.06,-1.45,-0.10,0.03,-0.03
6.770423,8.68,-0.75,4.45,-0.03,-0.07,0.01,-28.38,23.12,-49.06,4.52,-2.49,9.42,-0.09,0.03,-0.00,-6.73,-5.84,3.86,-0.08,-0.01,-0.10,1.98,-1.31,10.04,-0.15,0.06,0.03,-2.26,1.03,9.96,-0.13,0.06,-0.05,0.66,10.07,-1.48,-0.12,0.03,-0.07
6.77266,8.71,-0.71,4.49,-0.03,-0.07,0.01,-29.25,25.25,-50.44,4.49,-2.49,9.48,-0.11,0.02,0.00,-6.70,-5.86,3.79,-0.08,0.00,-0.13,1.89,-1.27,10.21,-0.20,0.07,0.03,-2.31,0.93,9.85,-0.17,0.06,-0.07,0.59,10.04,-1.48,-0.15,0.02,-0.09
6.772699,8.79,-0.71,4.53,-0.03,-0.07,0.01,-29.25,25.25,-50.44,4.51,-2.51,9.50,-0.12,0.03,-0.00,-6.69,-5.83,3.75,-0.09,0.00,-0.14,1.85,-1.43,9.97,-0.25,0.10,0.01,-2.22,0.89,9.80,-0.19,0.08,-0.09,0.53,10.03,-1.50,-0.15,0.02,-0.08
6.772713,8.79,-0.87,4.49,-0.02,-0.11,-0.01,-29.25,25.25,-50.44,4.43,-2.47,9.51,-0.13,0.04,-0.00,-6.74,-5.88,3.73,-0.09,0.00,-0.16,1.80,-1.33,10.12,-0.30,0.12,0.01,-2.35,0.95,9.84,-0.20,0.12,-0.09,0.49,10.06,-1.52,-0.16,0.01,-0.08
6.772725,8.68,-0.87,4.45,-0.04,-0.12,0.01,-29.25,25.25,-50.44,4.42,-2.44,9.55,-0.15,0.04,-0.01,-6.78,-5.87,3.72,-0.08,-0.01,-0.18,1.84,-1.37,9.97,-0.32,0.13,-0.01,-2.45,1.13,10.06,-0.25,0.14,-0.11,0.47,10.07,-1.57,-0.19,-0.00,-0.08
6.772736,8.60,-0.94,4.53,-0.05,-0.18,-0.02,-29.31,23.62,-47.38,4.37,-2.53,9.46,-0.17,0.04,0.01,-6.79,-5.87,3.70,-0.08,-0.02,-0.20,1.71,-1.42,9.91,-0.33,0.13,0.01,-2.59,0.95,9.80,-0.32,0.17,-0.15,0.46,10.06,-1.56,-0.21,-0.01,-0.06
6.772748,8.79,-0.98,4.42,-0.05,-0.18,-0.02,-29.31,23.62,-47.38,4.29,-2.63,9.40,-0.16,0.02,0.02,-6.71,-5.93,3.59,-0.08,-0.03,-0.22,1.65,-1.56,9.86,-0.31,0.12,0.02,-2.60,0.73,9.64,-0.33,0.13,-0.16,0.37,10.02,-1.48,-0.22,-0.01,-0.07
6.772828,8.79,-0.91,4.38,-0.02,-0.17,-0.04,-29.31,23.62,-47.38,4.23,-2.65,9.44,-0.15,0.03,0.00,-6.55,-6.00,3.47,-0.07,-0.00,-0.23,1.52,-1.60,9.93,-0.32,0.13,0.00,-2.56,0.62,9.72,-0.33,0.14,-0.17,0.24,9.93,-1.36,-0.21,-0.03,-0.10
6.772842,8.90,-0.87,4.34,-0.02,-0.17,-0.04,-29.25,25.00,-49.38,4.18,-2.57,9.62,-0.16,0.06,-0.03,-6.50,-6.12,3.41,-0.06,0.04,-0.23,1.46,-1.63,9.91,-0.32,0.14,-0.04,-2.82,0.69,9.92,-0.37,0.20,-0.21,0.11,9.96,-1.31,-0.19,-0.07,-0.13
6.772855,8.87,-0.87,4.30,-0.02,-0.17,-0.04,-29.25,22.50,-48.56,4.12,-2.57,9.72,-0.19,0.08,-0.06,-6.63,-6.21,3.47,-0.04,0.07,-0.24,1.36,-1.62,10.01,-0.31,0.16,-0.07,-2.96,0.51,9.68,-0.40,0.22,-0.28,0.09,10.11,-1.34,-0.20,-0.11,-0.13
6.772866,8.87,-0.91,4.30,-0.02,-0.17,-0.04,-28.94,25.75,-50.56,4.03,-2.75,9.56,-0.22,0.07,-0.09,-6.70,-6.25,3.56,-0.01,0.08,-0.26,1.30,-1.75,9.96,-0.31,0.15,-0.09,-2.98,0.28,9.42,-0.37,0.16,-0.30,0.12,10.18,-1.33,-0.21,-0.13,-0.09
6.772877,9.05,-1.06,4.22,-0.02,-0.17,-0.04,-29.56,23.00,-48.62,4.12,-2.97,9.33,-0.22,0.03,-0.11,-6.62,-6.20,3.70,0.03,0.06,-0.26,1.33,-2.04,9.74,-0.27,0.09,-0.10,-2.79,-0.04,9.27,-0.29,0.06,-0.27,0.26,10.11,-1.20,-0.22,-0.14,-0.03
6.772888,9.05,-0.75,4.00,-0.02,-0.17,-0.04,-29.56,23.00,-48.62,4.22,-3.16,9.07,-0.19,-0.01,-0.11,-6.39,-6.07,3.89,0.04,0.00,-0.20,1.47,-2.21,9.70,-0.24,0.04,-0.09,-2.57,-0.07,9.60,-0.22,-0.02,-0.23,0.46,9.98,-1.01,-0.21,-0.10,0.05
6.772899,8.90,-0.71,3.84,-0.05,-0.09,-0.14,-29.56,23.00,-48.62,4.45,-3.06,9.15,-0.17,-0.04,-0.11,-6.24,-6.17,3.90,0.03,-0.02,-0.19,1.72,-2.19,9.75,-0.25,0.01,-0.09,-2.59,0.10,9.98,-0.26,-0.03,-0.23,0.47,9.95,-0.87,-0.21,-0.07,0.08
6.775076,8.83,-0.29,3.77,-0.07,-0.13,-0.14,-29.56,23.00,-48.62,4.58,-3.14,9.01,-0.18,-0.03,-0.10,-6.06,-6.17,3.96,0.04,-0.04,-0.19,1.80,-2.35,9.54,-0.26,0.03,-0.09,-2.27,-0.13,9.86,-0.36,0.02,-0.27,0.60,9.84,-0.72,-0.22,-0.08,0.07
6.775103,8.90,-0.41,3.69,-0.05,-0.12,-0.12,-29.56,23.00,-48.62,4.63,-3.38,8.72,-0.15,-0.03,-0.08,-5.88,-6.02,4.08,0.03,-0.04,-0.18,1.85,-2.65,9.30,-0.23,0.02,-0.06,-2.08,-0.60,9.39,-0.35,0.08,-0.25,0.76,9.69,-0.60,-0.21,-0.06,0.06
6.775115,9.02,-0.45,3.61,-0.05,-0.12,-0.12,-29.56,23.06,-49.00,4.62,-3.43,8.68,-0.10,-0.05,-0.07,-5.76,-5.98,4.14,0.01,-0.05,-0.13,1.78,-2.73,9.28,-0.18,-0.01,-0.03,-2.05,-0.94,8.98,-0.27,0.02,-0.18,0.78,9.61,-0.51,-0.17,-0.01,0.08
6.775126,8.87,-0.33,3.54,0.02,-0.02,-0.06,-29.56,23.06,-49.00,4.64,-3.33,8.82,-0.08,-0.04,-0.06,-5.70,-6.13,4.06,-0.01,-0.05,-0.08,1.80,-2.64,9.40,-0.16,-0.00,-0.03,-2.21,-0.79,9.28,-0.20,0.01,-0.13,0.66,9.66,-0.48,-0.14,0.01,0.12
6.775138,8.87,-0.25,3.50,0.02,-0.02,-0.06,-30.44,24.88,-48.94,4.62,-3.39,8.77,-0.08,-0.01,-0.07,-5.68,-6.19,4.01,-0.02,-0.02,-0.07,1.75,-2.59,9.53,-0.17,0.04,-0.04,-2.22,-0.76,9.43,-0.17,0.01,-0.12,0.66,9.64,-0.43,-0.12,0.00,0.11
6.780854,8.90,-0.41,3.46,0.02,-0.02,-0.06,-30.19,21.44,-48.00,4.59,-3.48,8.69,-0.06,0.01,-0.06,-5.70,-6.18,3.99,-0.04,-0.00,-0.06,1.76,-2.84,9.12,-0.13,0.04,-0.02,-2.08,-0.91,9.26,-0.15,0.02,-0.10,0.67,9.63,-0.44,-0.10,0.01,0.07
6.795075,8.98,-0.56,3.57,0.02,-0.02,-0.06,-30.19,21.44,-48.00,4.59,-3.51,8.69,-0.02,0.01,-0.05,-5.73,-6.10,4.03,-0.05,0.01,-0.03,1.75,-2.82,9.20,-0.08,0.03,-0.00,-2.10,-1.00,9.12,-0.07,0.03,-0.04,0.73,9.63,-0.48,-0.06,0.03,0.02
6.81779,8.98,-0.52,3.57,0.03,0.04,0.02,-30.19,21.44,-48.00,4.47,-3.45,8.76,0.02,0.01,-0.04,-5.86,-6.20,4.00,-0.06,0.00,-0.00,1.61,-2.68,9.39,-0.04,0.01,0.01,-2.36,-0.77,9.46,-0.04,0.03,0.00,0.65,9.77,-0.54,-0.03,0.05,-0.01
6.839623,8.90,-0.52,3.73,0.03,0.04,0.02,-30.19,23.75,-48.06,4.53,-3.31,8.93,0.04,-0.00,-0.03,-5.94,-6.23,3.96,-0.07,-0.00,0.01,1.69,-2.56,9.54,-0.04,0.00,0.02,-2.46,-0.48,9.85,-0.09,0.04,-0.00,0.61,9.84,-0.62,-0.02,0.07,-0.03
6.861327,8.90,-0.41,3.88,0.04,0.04,0.01,-30.19,23.75,-48.06,4.63,-3.15,9.12,0.03,0.01,-0.02,-6.02,-6.18,3.99,-0.08,0.02,-0.00,1.78,-2.42,9.69,-0.04,0.01,0.03,-2.49,-0.41,9.87,-0.16,0.08,-0.03,0.65,9.90,-0.71,-0.03,0.06,-0.04
7.283006,8.90,-0.48,3.96,0.01,0.01,0.03,-30.19,23.75,-48.06,4.62,-3.14,9.11,0.02,0.01,-0.01,-6.20,-6.18,4.04,-0.10,0.02,-0.01,1.78,-2.40,9.69,-0.04,0.01,0.05,-2.49,-0.43,9.80,-0.20,0.08,-0.06,0.67,10.01,-0.82,-0.05,0.06,-0.02
7.283037,9.02,-0.60,4.11,0.03,-0.00,0.04,-30.19,23.94,-48.81,4.58,-3.15,9.11,0.02,-0.01,0.00,-6.32,-6.16,4.07,-0.10,0.00,-0.02,1.76,-2.40,9.70,-0.03,-0.01,0.07,-2.47,-0.52,9.70,-0.21,0.07,-0.04,0.71,10.05,-0.89,-0.06,0.07,0.02
7.283051,9.02,-0.56,4.11,0.03,-0.00,0.04,-30.19,23.94,-48.81,4.59,-3.08,9.20,0.03,-0.01,0.01,-6.31,-6.14,4.03,-0.10,-0.01,-0.01,1.76,-2.36,9.77,-0.03,-0.01,0.08,-2.39,-0.63,9.55,-0.19,0.07,-0.02,0.73,10.05,-0.90,-0.06,0.08,0.02
7.283064,8.94,-0.52,4.11,0.08,-0.01,0.02,-30.19,23.94,-48.81,4.62,-3.01,9.29,0.02,-0.01,0.02,-6.34,-6.14,4.04,-0.12,-0.02,-0.02,1.78,-2.27,9.87,-0.04,0.00,0.08,-2.44,-0.62,9.52,-0.14,0.06,0.01,0.70,10.06,-0.91,-0.07,0.10,-0.00
7.283075,8.90,-0.56,4.07,0.07,-0.02,0.03,-30.19,23.94,-48.81,4.55,-2.99,9.28,0.01,0.00,0.02,-6.32,-6.16,3.98,-0.12,-0.04,-0.03,1.72,-2.28,9.80,-0.05,0.02,0.08,-2.53,-0.57,9.63,-0.12,0.06,0.01,0.65,10.04,-0.90,-0.07,0.10,-0.02
7.283086,8.90,-0.56,4.03,0.05,-0.03,0.03,-30.19,23.94,-48.81,4.54,-3.00,9.27,-0.01,0.01,0.02,-6.25,-6.18,3.91,-0.12,-0.04,-0.03,1.69,-2.28,9.79,-0.06,0.03,0.07,-2.55,-0.54,9.71,-0.13,0.08,0.00,0.59,9.99,-0.89,-0.08,0.10,-0.03
7.2831,8.98,-0.71,4.03,0.03,-0.03,0.04,-29.88,23.81,-48.06,4.50,-3.10,9.17,-0.00,0.02,0.03,-6.24,-6.15,3.89,-0.12,-0.03,-0.04,1.67,-2.38,9.70,-0.05,0.04,0.07,-2.54,-0.65,9.55,-0.12,0.11,0.01,0.58,9.96,-0.91,-0.07,0.09,-0.05
7.283112,8.94,-0.68,4.00,0.04,-0.02,0.04,-29.88,23.81,-48.06,4.39,-3.09,9.17,0.00,0.02,0.03,-6.24,-6.18,3.84,-0.12,-0.02,-0.03,1.53,-2.33,9.71,-0.05,0.03,0.07,-2.73,-0.68,9.46,-0.10,0.09,0.02,0.51,9.96,-0.90,-0.07,0.08,-0.04
7.283129,8.94,-0.68,4.00,0.04,-0.02,0.04,-29.88,23.81,-48.06,4.34,-3.10,9.15,0.01,0.01,0.01,-6.21,-6.17,3.84,-0.11,-0.02,-0.02,1.52,-2.34,9.67,-0.04,0.02,0.07,-2.76,-0.71,9.43,-0.08,0.05,0.02,0.50,9.94,-0.88,-0.06,0.08,-0.01
7.283141,8.94,-0.71,3.92,0.04,-0.00,0.02,-30.81,22.94,-46.50,4.35,-3.05,9.19,0.02,0.01,0.00,-6.16,-6.19,3.76,-0.11,-0.00,-0.02,1.52,-2.32,9.66,-0.03,0.01,0.06,-2.70,-0.67,9.46,-0.06,0.05,0.02,0.45,9.89,-0.86,-0.06,0.07,-0.00
7.283152,8.83,-0.60,3.92,0.04,-0.00,0.02,-30.81,22.94,-46.50,4.37,-3.01,9.23,0.01,0.02,-0.01,-6.15,-6.19,3.75,-0.10,0.02,-0.03,1.52,-2.26,9.71,-0.03,0.03,0.04,-2.68,-0.64,9.50,-0.04,0.06,0.01,0.47,9.88,-0.86,-0.06,0.05,-0.03
7.283177,8.79,-0.64,3.92,-0.02,-0.01,0.03,-30.81,22.94,-46.50,4.31,-3.03,9.17,-0.01,0.03,-0.01,-6.23,-6.18,3.82,-0.10,0.02,-0.03,1.48,-2.27,9.67,-0.04,0.04,0.03,-2.70,-0.66,9.43,-0.05,0.07,-0.00,0.50,9.90,-0.89,-0.06,0.04,-0.03
7.283196,8.94,-0.71,3.88,-0.00,-0.02,0.01,-30.81,22.94,-46.50,4.25,-3.16,8.99,-0.00,0.01,-0.02,-6.15,-6.15,3.78,-0.08,0.00,-0.03,1.46,-2.40,9.48,-0.04,0.02,0.03,-2.67,-0.77,9.32,-0.03,0.04,0.02,0.48,9.82,-0.84,-0.06,0.05,-0.00
7.283235,8.94,-0.64,3.88,0.04,0.01,-0.01,-30.81,22.94,-46.50,4.34,-3.10,9.07,0.02,-0.00,-0.03,-6.06,-6.13,3.73,-0.07,0.01,-0.01,1.51,-2.36,9.56,-0.02,-0.00,0.02,-2.57,-0.74,9.39,-0.00,0.05,0.04,0.48,9.77,-0.81,-0.04,0.04,0.01
7.285393,8.83,-0.52,3.92,0.02,0.04,-0.00,-30.81,22.94,-46.50,4.46,-3.00,9.19,0.02,0.02,-0.04,-6.09,-6.12,3.72,-0.07,0.04,-0.01,1.66,-2.26,9.67,-0.02,0.02,0.01,-2.68,-0.58,9.54,0.01,0.08,0.03,0.52,9.83,-0.87,-0.03,0.02,-0.00
7.285413,8.83,-0.71,4.00,-0.04,0.00,0.02,-30.81,22.94,-46.50,4.38,-3.03,9.19,0.00,0.04,-0.05,-6.26,-6.10,3.86,-0.07,0.06,-0.03,1.58,-2.25,9.69,-0.02,0.03,0.01,-2.83,-0.57,9.50,0.00,0.07,0.01,0.62,9.93,-0.93,-0.04,0.01,-0.02
7.285428,8.94,-0.87,3.96,-0.04,0.00,0.02,-29.56,21.75,-47.38,4.28,-3.08,9.16,-0.00,0.02,-0.04,-6.33,-6.16,3.83,-0.08,0.03,-0.02,1.46,-2.24,9.71,-0.03,0.02,0.02,-2.82,-0.57,9.52,-0.02,0.04,0.01,0.53,10.00,-0.94,-0.05,0.03,0.00
7.285442,8.98,-0.75,4.00,0.02,0.01,-0.00,-29.56,21.75,-47.38,4.35,-3.05,9.27,-0.01,-0.00,-0.05,-6.29,-6.19,3.78,-0.07,0.01,-0.02,1.50,-2.25,9.76,-0.05,0.00,0.01,-2.77,-0.61,9.54,-0.01,0.03,0.02,0.50,9.96,-0.92,-0.05,0.04,-0.00
7.285455,8.98,-0.64,4.03,0.02,0.01,-0.02,-29.56,21.75,-47.38,4.37,-3.03,9.30,-0.02,0.00,-0.06,-6.23,-6.24,3.70,-0.07,0.03,-0.02,1.57,-2.28,9.86,-0.06,0.01,-0.00,-2.72,-0.57,9.76,-0.04,0.07,0.02,0.47,9.96,-0.91,-0.05,0.02,-0.02
7.28894,8.94,-0.60,4.03,-0.01,0.01,-0.01,-29.56,21.75,-47.38,4.30,-2.97,9.37,-0.05,0.02,-0.09,-6.21,-6.21,3.75,-0.08,0.08,-0.03,1.56,-2.26,10.02,-0.12,0.04,-0.03,-2.84,-0.58,9.71,-0.09,0.09,-0.00,0.49,9.98,-0.88,-0.05,-0.00,-0.05
7.306873,8.98,-0.64,4.00,-0.01,0.01,-0.01,-29.56,21.75,-47.38,4.20,-2.76,9.71,-0.15,0.03,-0.14,-6.24,-6.13,3.86,-0.10,0.12,-0.03,1.55,-2.30,10.05,-0.27,0.07,-0.07,-2.80,-0.66,9.62,-0.10,0.07,0.00,0.61,9.94,-0.87,-0.05,-0.01,-0.05
7.331049,8.98,-0.71,3.96,0.01,0.02,-0.01,-29.56,21.75,-47.38,4.19,-3.07,9.38,-0.31,0.01,-0.23,-6.25,-6.10,3.87,-0.14,0.13,-0.00,1.43,-2.45,9.99,-0.42,0.09,-0.07,-2.66,-0.75,9.61,-0.14,0.05,0.03,0.63,9.93,-0.85,-0.06,0.01,-0.05
7.35314,9.02,-0.68,3.92,0.05,0.04,-0.02,-29.56,21.75,-47.38,4.27,-2.92,9.45,-0.41,-0.02,-0.27,-6.17,-6.17,3.78,-0.16,0.14,0.03,1.47,-2.53,9.81,-0.53,0.08,-0.09,-2.71,-0.88,9.38,-0.13,0.04,0.07,0.55,9.89,-0.76,-0.04,0.03,-0.05
7.374489,8.98,-0.48,3.84,0.05,0.04,-0.02,-30.19,22.69,-49.31,4.52,-3.06,9.33,-0.52,0.01,-0.30,-6.11,-6.20,3.67,-0.15,0.16,0.03,1.56,-2.49,10.00,-0.61,0.12,-0.14,-2.85,-0.71,9.62,-0.15,0.05,0.03,0.52,9.81,-0.75,-0.03,0.01,-0.10
7.793177,8.90,-0.71,3.84,-0.09,0.03,0.01,-29.00,22.25,-47.44,4.36,-2.83,9.64,-0.68,0.03,-0.30,-6.22,-6.10,3.82,-0.17,0.14,0.05,1.42,-2.53,10.09,-0.79,0.19,-0.18,-2.71,-0.81,9.52,-0.20,0.06,0.00,0.61,9.87,-0.80,-0.02,0.03,-0.12
7.794342,8.79,-0.56,3.92,-0.04,0.03,0.04,-29.00,22.25,-47.44,4.47,-3.28,9.14,-0.81,0.03,-0.31,-6.30,-6.20,3.66,-0.15,0.14,0.05,1.31,-2.58,10.17,-0.98,0.21,-0.25,-2.78,-0.76,9.59,-0.22,0.06,0.01,0.48,9.90,-0.84,-0.03,0.02,-0.11
7.794361,8.90,-0.60,4.00,-0.04,0.03,0.04,-29.88,22.62,-47.19,4.40,-3.84,8.52,-0.80,-0.01,-0.34,-6.34,-6.06,3.76,-0.12,0.12,0.07,1.23,-3.00,9.53,-1.13,0.21,-0.30,-2.57,-0.87,9.62,-0.27,0.11,0.01,0.61,9.89,-0.88,-0.02,0.05,-0.12
7.794377,8.98,-0.87,4.00,-0.04,0.03,0.04,-29.56,23.19,-47.62,4.67,-3.93,8.49,-0.70,-0.06,-0.33,-6.47,-6.21,3.70,-0.11,0.09,0.07,1.75,-3.41,9.11,-1.11,0.17,-0.29,-2.94,-0.76,9.67,-0.32,0.14,0.00,0.42,10.01,-0.90,-0.02,0.08,-0.10
7.794397,8.75,-0.48,4.00,-0.04,0.03,0.04,-29.56,23.19,-47.62,4.89,-3.80,8.80,-0.61,-0.08,-0.28,-6.55,-6.24,3.71,-0.08,0.05,0.04,1.71,-3.47,9.19,-1.00,0.19,-0.22,-2.89,-0.92,9.42,-0.32,0.16,-0.02,0.41,10.09,-0.93,-0.05,0.07,-0.05
7.794407,8.90,-0.60,3.96,-0.02,-0.05,0.01,-29.56,23.19,-47.62,4.89,-4.03,8.58,-0.53,-0.04,-0.20,-6.43,-6.13,3.71,-0.07,-0.00,0.00,1.60,-3.80,8.97,-0.88,0.21,-0.16,-2.97,-1.14,9.22,-0.26,0.12,-0.02,0.46,9.97,-0.87,-0.08,0.06,0.02
7.79442,9.05,-0.75,3.92,-0.02,-0.05,0.01,-29.25,23.56,-49.12,4.82,-4.21,8.38,-0.44,-0.05,-0.17,-6.45,-6.02,3.82,-0.08,-0.06,0.02,1.48,-4.07,8.68,-0.77,0.18,-0.12,-2.99,-1.24,9.17,-0.18,0.03,-0.00,0.61,9.96,-0.87,-0.09,0.09,0.09
7.794509,8.98,-0.75,3.96,0.06,-0.01,0.02,-29.25,23.56,-49.12,5.04,-4.47,8.20,-0.29,-0.06,-0.10,-6.36,-5.99,3.73,-0.10,-0.10,0.05,1.70,-4.34,8.55,-0.61,0.10,-0.06,-2.49,-1.25,9.45,-0.14,-0.00,0.06,0.60,9.88,-0.85,-0.07,0.14,0.13
7.794527,8.94,-0.75,4.00,0.09,0.01,0.00,-29.25,23.56,-49.12,5.01,-4.17,8.59,-0.20,-0.06,-0.02,-6.17,-6.03,3.63,-0.13,-0.07,0.07,1.74,-4.33,8.74,-0.47,0.07,0.01,-2.65,-1.09,9.78,-0.20,0.05,0.09,0.56,9.81,-0.74,-0.04,0.14,0.05
7.794538,8.98,-0.33,3.92,0.06,0.04,0.09,-29.00,23.12,-47.25,4.57,-3.80,8.97,-0.23,-0.02,-0.05,-6.22,-6.20,3.53,-0.13,0.03,0.06,1.43,-4.01,9.46,-0.48,0.13,0.02,-2.78,-1.20,9.45,-0.23,0.17,0.06,0.41,9.90,-0.76,-0.03,0.08,-0.05
7.794549,8.94,-0.56,3.96,0.06,0.04,0.09,-29.25,23.88,-48.44,4.66,-3.96,8.81,-0.31,0.00,-0.10,-6.39,-6.22,3.57,-0.12,0.09,0.04,1.21,-4.04,9.32,-0.56,0.17,-0.04,-3.02,-1.24,9.34,-0.20,0.18,0.03,0.36,9.97,-0.84,-0.03,0.04,-0.06
7.794563,8.98,-0.71,4.00,-0.04,0.01,0.07,-29.25,23.88,-48.44,4.69,-4.28,8.49,-0.33,-0.01,-0.15,-6.45,-6.06,3.64,-0.10,0.07,0.04,1.24,-4.49,8.75,-0.56,0.16,-0.08,-3.06,-1.39,9.18,-0.17,0.18,0.03,0.48,9.91,-0.85,-0.03,0.04,-0.00
7.794573,9.09,-0.94,3.96,-0.01,0.04,0.04,-29.25,23.88,-48.44,4.57,-4.66,8.01,-0.25,0.01,-0.18,-6.31,-5.88,3.65,-0.10,0.04,0.09,1.15,-4.64,8.67,-0.55,0.13,-0.09,-2.77,-1.56,9.10,-0.13,0.17,0.09,0.57,9.74,-0.82,0.01,0.08,0.03
7.794587,8.98,-0.91,3.92,0.07,0.11,0.07,-29.25,23.88,-48.44,4.61,-4.39,8.31,-0.16,-0.03,-0.21,-6.28,-5.91,3.62,-0.12,0.02,0.16,1.06,-4.59,8.96,-0.59,0.06,-0.11,-2.87,-1.52,9.17,-0.11,0.19,0.15,0.51,9.74,-0.80,0.06,0.13,0.05
7.796488,8.60,-0.41,3.92,0.09,0.16,0.11,-29.25,23.88,-48.44,4.64,-3.87,8.98,-0.24,-0.06,-0.23,-6.38,-6.17,3.50,-0.10,0.01,0.18,1.08,-4.08,9.80,-0.77,0.08,-0.15,-3.50,-1.17,9.39,-0.12,0.18,0.11,0.32,9.91,-0.85,0.06,0.12,0.06
7.796507,8.83,-0.52,4.03,0.09,0.16,0.11,-29.25,23.88,-48.44,4.60,-3.94,8.95,-0.39,-0.04,-0.28,-6.53,-6.21,3.42,-0.06,0.04,0.14,1.30,-4.49,9.13,-0.94,0.17,-0.18,-3.45,-1.17,9.41,-0.16,0.15,0.02,0.31,10.01,-0.97,0.02,0.07,0.05
7.79652,8.98,-0.87,4.22,0.01,0.08,0.10,-29.25,23.88,-48.44,4.78,-4.58,8.19,-0.42,0.01,-0.32,-6.55,-5.87,3.61,-0.04,0.03,0.13,1.19,-5.15,8.19,-0.93,0.17,-0.19,-3.15,-1.48,9.11,-0.14,0.11,0.02,0.59,9.88,-0.99,0.03,0.06,0.05
7.796532,9.09,-1.10,4.26,0.04,0.09,0.10,-29.25,23.88,-48.44,5.05,-4.94,7.75,-0.29,-0.01,-0.33,-6.50,-5.75,3.69,-0.06,0.02,0.20,1.52,-5.49,7.91,-0.84,0.11,-0.18,-3.14,-1.69,8.91,-0.05,0.05,0.10,0.67,9.85,-0.93,0.07,0.12,0.07
7.796543,9.09,-0.98,4.19,0.15,0.20,0.11,-29.25,23.88,-48.44,4.91,-4.49,8.26,-0.15,-0.04,-0.29,-6.52,-5.83,3.71,-0.09,0.01,0.26,1.51,-5.57,7.82,-0.70,0.12,-0.12,-3.30,-1.57,9.00,0.04,-0.04,0.15,0.64,9.93,-0.93,0.10,0.16,0.10
7.80827,8.87,-0.71,4.15,0.20,0.28,0.06,-29.25,23.88,-48.44,4.98,-4.28,8.47,-0.13,-0.02,-0.30,-6.48,-5.90,3.54,-0.10,0.03,0.28,1.53,-5.49,8.05,-0.53,0.07,-0.10,-3.26,-1.32,9.31,0.09,-0.09,0.14,0.54,9.99,-0.88,0.07,0.14,0.13
7.83282,8.67,-0.56,4.19,0.05,0.22,0.07,-29.56,23.38,-48.38,5.07,-3.87,9.09,-0.27,-0.03,-0.28,-6.58,-5.73,3.63,-0.13,0.07,0.28,1.58,-5.13,8.94,-0.51,0.09,-0.07,-2.81,-1.15,9.50,0.04,-0.01,0.10,0.70,9.85,-1.06,-0.05,0.10,0.15
7.85162,8.64,-0.75,4.38,0.05,0.22,0.07,-29.56,22.50,-50.38,5.49,-4.38,8.45,-0.33,0.01,-0.22,-6.76,-5.65,3.60,-0.12,0.07,0.25,2.24,-5.37,8.79,-0.58,0.19,0.00,-2.60,-1.03,9.76,0.00,0.09,0.11,0.83,9.85,-1.15,-0.02,0.09,0.12
7.873677,8.83,-1.06,4.49,0.05,0.14,0.14,-29.56,24.12,-49.62,5.66,-4.78,7.87,-0.22,0.04,-0.10,-6.80,-5.52,3.65,-0.16,0.08,0.24,2.18,-5.98,7.79,-0.53,0.26,0.18,-2.73,-1.06,9.86,-0.13,0.23,0.14,0.91,9.97,-1.07,-0.03,0.13,0.00
7.893589,8.83,-0.83,4.42,0.05,0.14,0.14,-29.56,24.12,-49.62,4.98,-4.29,8.44,-0.20,0.07,-0.03,-6.90,-5.86,3.49,-0.16,0.09,0.23,1.04,-5.56,8.16,-0.45,0.24,0.25,-3.38,-1.20,9.35,-0.21,0.27,0.13,0.60,10.04,-1.10,0.02,0.16,-0.07
8.303199,8.75,-0.75,4.38,0.06,0.16,0.07,-29.25,24.31,-50.31,5.08,-4.56,8.18,-0.16,0.06,-0.08,-7.09,-6.07,3.26,-0.09,0.11,0.15,1.12,-5.69,8.21,-0.45,0.20,0.19,-3.67,-1.00,9.62,-0.22,0.26,0.06,0.34,10.21,-1.18,0.03,0.09,-0.14
8.303231,8.68,-0.83,4.45,0.00,0.10,0.02,-29.25,24.31,-50.31,5.03,-4.44,8.43,-0.10,0.07,-0.08,-7.08,-5.99,3.27,-0.03,0.12,0.06,0.88,-5.63,8.30,-0.40,0.19,0.16,-3.76,-0.91,9.79,-0.30,0.27,-0.04,0.44,10.21,-1.18,0.01,0.02,-0.23
8.303249,8.56,-0.75,4.45,-0.07,0.03,-0.01,-29.25,24.31,-50.31,5.23,-4.60,8.36,-0.07,0.07,-0.06,-7.06,-5.52,3.56,-0.03,0.11,0.00,1.20,-5.82,8.35,-0.38,0.15,0.12,-3.46,-1.02,9.80,-0.41,0.33,-0.11,0.68,10.00,-1.25,-0.02,0.04,-0.31
8.303262,8.75,-1.06,4.53,-0.07,0.03,-0.01,-28.62,24.69,-50.06,5.02,-4.54,8.40,-0.05,0.07,0.02,-6.89,-5.43,3.62,-0.07,0.07,0.04,1.12,-5.87,8.42,-0.41,0.16,0.20,-3.94,-1.20,9.70,-0.60,0.40,-0.16,0.58,9.79,-1.12,-0.01,0.11,-0.15
8.303275,8.87,-0.79,4.42,0.04,0.05,0.01,-28.62,24.69,-50.06,4.59,-4.59,8.13,-0.05,0.02,0.02,-6.86,-5.54,3.50,-0.09,0.05,0.11,0.68,-5.90,8.06,-0.46,0.17,0.23,-4.16,-1.50,9.29,-0.75,0.31,-0.29,0.45,9.87,-1.10,0.02,0.17,0.02
8.303291,8.83,-0.91,4.42,0.06,0.11,-0.04,-28.62,24.69,-50.06,4.64,-4.60,8.11,-0.00,-0.03,-0.04,-6.96,-5.62,3.44,-0.08,0.02,0.16,0.62,-6.04,7.83,-0.48,0.13,0.21,-3.85,-1.82,8.96,-0.79,0.28,-0.36,0.42,9.97,-1.14,0.03,0.18,0.13
8.303304,8.71,-0.91,4.42,0.06,0.11,-0.04,-29.25,24.12,-49.62,4.99,-4.67,8.12,0.04,-0.04,-0.08,-6.90,-5.51,3.36,-0.07,0.01,0.16,0.80,-6.39,7.34,-0.36,0.07,0.16,-3.51,-2.10,8.73,-0.73,0.22,-0.35,0.50,9.84,-1.20,0.04,0.18,0.18
8.303315,8.71,-0.79,4.49,0.06,0.11,-0.04,-28.38,24.62,-49.62,5.20,-4.43,8.53,0.06,-0.01,-0.06,-6.90,-5.52,3.34,-0.04,0.02,0.16,1.01,-6.18,7.85,-0.24,0.05,0.12,-3.54,-2.12,8.92,-0.67,0.23,-0.35,0.52,9.83,-1.20,0.06,0.15,0.17
8.303327,8.45,-0.60,4.45,0.06,0.11,-0.04,-28.38,24.62,-49.62,5.04,-4.37,8.56,0.04,0.04,-0.04,-7.02,-5.43,3.49,-0.03,0.00,0.15,1.10,-6.21,7.98,-0.22,0.11,0.13,-3.65,-2.02,9.20,-0.69,0.30,-0.37,0.65,9.93,-1.26,0.06,0.16,0.19
8.303338,8.60,-0.83,4.57,-0.02,0.08,0.00,-28.38,24.62,-49.62,4.92,-4.46,8.38,0.00,0.02,-0.03,-7.16,-5.47,3.52,-0.04,-0.01,0.11,0.79,-6.07,8.24,-0.27,0.10,0.14,-3.83,-2.15,9.18,-0.76,0.33,-0.41,0.69,10.09,-1.35,0.02,0.17,0.23
8.303349,8.75,-0.91,4.57,0.07,0.01,-0.04,-28.69,23.25,-49.81,4.97,-4.72,8.03,0.04,-0.02,-0.02,-7.20,-5.46,3.51,-0.06,-0.01,0.08,0.59,-6.55,7.30,-0.22,0.04,0.13,-3.60,-2.94,8.18,-0.69,0.22,-0.38,0.77,10.08,-1.35,-0.02,0.15,0.23
8.30336,8.94,-0.83,4.61,0.07,0.01,-0.04,-28.31,24.81,-52.25,4.88,-4.62,8.11,0.12,-0.05,-0.04,-7.06,-5.40,3.51,-0.06,-0.03,0.11,0.55,-6.57,7.22,-0.09,-0.06,0.07,-3.49,-3.35,7.75,-0.44,0.09,-0.22,0.78,9.94,-1.22,0.01,0.16,0.23
8.303371,8.60,-0.45,4.45,0.15,0.14,-0.04,-28.31,24.81,-52.25,5.07,-4.37,8.51,0.13,-0.05,-0.06,-6.98,-5.54,3.39,-0.04,-0.04,0.11,0.83,-6.26,7.92,-0.04,-0.07,0.03,-3.79,-2.83,8.70,-0.31,0.05,-0.18,0.68,9.95,-1.21,0.02,0.13,0.23
8.303382,8.41,-0.64,4.49,0.01,0.06,-0.03,-28.31,24.81,-52.25,5.32,-4.33,8.62,0.05,0.01,-0.03,-7.07,-5.44,3.46,-0.04,-0.00,0.04,1.21,-6.23,8.10,-0.09,0.02,0.05,-3.57,-2.75,8.92,-0.36,0.13,-0.25,0.87,9.99,-1.31,-0.02,0.08,0.18
8.307073,8.59,-0.75,4.61,-0.04,-0.03,0.00,-28.31,24.81,-52.25,5.04,-4.36,8.44,0.01,0.02,-0.00,-7.18,-5.42,3.50,-0.05,0.00,-0.01,0.79,-6.22,7.97,-0.12,0.05,0.07,-3.56,-3.00,8.53,-0.36,0.15,-0.25,0.92,10.04,-1.38,-0.06,0.06,0.14
8.307103,8.68,-0.83,4.64,-0.01,-0.04,-0.02,-28.31,24.81,-52.25,5.07,-4.57,8.17,0.02,0.01,-0.00,-7.17,-5.31,3.52,-0.05,-0.01,-0.03,0.80,-6.46,7.62,-0.12,0.03,0.07,-3.42,-3.27,8.25,-0.28,0.12,-0.18,1.00,9.97,-1.37,-0.07,0.07,0.10
8.307116,8.71,-0.56,4.57,0.05,-0.04,-0.02,-28.31,24.81,-52.25,5.05,-4.46,8.33,0.05,0.02,0.00,-6.96,-5.37,3.41,-0.07,0.01,-0.02,0.80,-6.37,7.76,-0.09,-0.00,0.08,-3.71,-3.16,8.60,-0.23,0.10,-0.11,0.90,9.87,-1.25,-0.06,0.07,0.05
8.307128,8.59,-0.48,4.49,0.05,0.02,0.01,-28.31,24.81,-52.25,4.98,-4.48,8.24,0.04,0.03,-0.02,-6.96,-5.34,3.51,-0.07,0.03,-0.02,0.72,-6.30,7.92,-0.11,0.01,0.06,-4.17,-2.88,9.16,-0.30,0.12,-0.19,0.99,9.83,-1.19,-0.05,0.05,0.04
8.30714,8.67,-0.79,4.42,-0.01,0.02,0.00,-28.31,24.81,-52.25,5.01,-4.52,8.17,0.05,0.00,-0.03,-7.00,-5.33,3.54,-0.07,0.01,0.01,0.70,-6.30,7.91,-0.17,-0.02,0.04,-4.05,-2.85,9.24,-0.50,0.20,-0.30,1.03,9.88,-1.23,-0.04,0.08,0.08
8.328576,8.59,-0.68,4.68,0.07,0.01,0.00,-28.31,24.81,-52.25,5.24,-4.49,8.33,0.06,0.00,-0.00,-7.08,-5.27,3.52,-0.07,0.01,0.01,1.13,-6.62,7.57,-0.18,-0.02,0.08,-3.45,-3.60,8.12,-0.56,0.26,-0.32,1.09,9.88,-1.32,-0.03,0.09,0.08
8.350145,8.75,-0.64,4.72,0.07,0.01,0.00,-27.75,23.31,-49.81,4.95,-4.38,8.42,0.06,0.02,0.00,-7.09,-5.33,3.48,-0.04,0.01,0.02,0.68,-6.48,7.62,-0.12,-0.01,0.09,-3.84,-3.73,7.93,-0.42,0.19,-0.27,1.01,9.92,-1.30,-0.01,0.08,0.13
8.372098,8.67,-0.60,4.61,0.03,0.03,-0.00,-27.75,23.31,-49.81,4.85,-4.34,8.45,0.04,0.01,-0.03,-7.20,-5.46,3.44,-0.02,0.02,0.00,0.66,-6.27,8.04,-0.15,-0.01,0.06,-4.26,-3.38,8.59,-0.40,0.12,-0.31,0.95,10.05,-1.35,-0.03,0.06,0.16
8.39636,8.55,-0.79,4.57,0.06,-0.02,-0.03,-28.38,24.31,-50.31,4.93,-4.37,8.45,-0.01,-0.03,-0.04,-7.15,-5.32,3.49,-0.02,0.01,-0.02,0.73,-6.31,8.01,-0.24,-0.02,0.05,-3.71,-3.72,8.53,-0.49,0.16,-0.36,1.10,9.95,-1.36,-0.06,0.07,0.19
8.810311,8.59,-0.75,4.61,0.06,-0.02,-0.03,-29.00,22.50,-48.56,5.05,-4.55,8.18,0.00,-0.05,-0.03,-7.09,-5.20,3.58,-0.01,-0.00,-0.01,0.83,-6.63,7.41,-0.25,-0.03,0.07,-3.61,-3.94,8.11,-0.48,0.17,-0.35,1.26,9.87,-1.35,-0.05,0.09,0.19
8.812696,8.75,-0.75,4.53,0.06,-0.02,-0.03,-28.06,22.81,-49.75,5.02,-4.62,8.04,0.05,-0.05,-0.02,-7.05,-5.17,3.61,-0.03,-0.05,0.03,0.74,-6.84,7.00,-0.15,-0.08,0.07,-3.55,-4.39,7.51,-0.38,0.09,-0.27,1.28,9.82,-1.28,-0.03,0.12,0.23
8.812724,8.87,-0.60,4.53,0.06,-0.02,-0.03,-28.38,22.88,-50.06,5.02,-4.49,8.24,0.10,-0.05,-0.03,-6.84,-5.21,3.54,-0.06,-0.07,0.08,0.74,-6.65,7.38,-0.07,-0.09,0.04,-3.81,-4.22,7.92,-0.25,0.01,-0.20,1.22,9.71,-1.16,-0.01,0.13,0.29
8.812738,8.87,-0.60,4.53,0.12,0.12,0.00,-28.69,23.25,-49.81,5.11,-4.28,8.57,0.09,-0.02,-0.04,-7.01,-5.39,3.46,-0.06,-0.04,0.09,0.90,-6.54,7.66,-0.05,-0.05,0.02,-3.61,-4.11,8.15,-0.23,0.04,-0.23,1.21,9.93,-1.27,-0.01,0.10,0.30
8.812751,8.52,-0.45,4.53,0.12,0.12,0.00,-28.38,23.00,-48.69,5.05,-4.23,8.61,0.03,0.01,-0.05,-7.24,-5.47,3.47,-0.05,-0.02,0.04,0.88,-6.41,7.94,-0.07,-0.01,0.01,-3.84,-3.95,8.40,-0.22,0.09,-0.23,1.24,10.12,-1.39,-0.04,0.06,0.26
8.812762,8.55,-0.71,4.72,0.12,0.12,0.00,-28.38,23.56,-50.88,4.88,-4.36,8.43,0.01,-0.00,-0.06,-7.42,-5.32,3.60,-0.01,-0.04,-0.01,0.57,-6.45,7.75,-0.10,-0.01,-0.01,-3.86,-4.19,8.01,-0.23,0.10,-0.26,1.48,10.11,-1.49,-0.09,0.04,0.24
8.812775,8.75,-0.91,4.76,0.12,0.12,0.00,-28.38,23.56,-50.88,5.01,-4.46,8.30,0.03,-0.03,-0.07,-7.29,-5.15,3.65,-0.01,-0.08,-0.00,0.76,-6.67,7.47,-0.08,-0.04,-0.02,-3.55,-4.42,7.79,-0.16,0.04,-0.18,1.59,9.96,-1.44,-0.09,0.08,0.25
8.812786,8.75,-0.83,4.80,0.09,-0.01,-0.09,-28.38,23.56,-50.88,5.17,-4.37,8.39,0.05,-0.04,-0.07,-7.13,-5.31,3.50,-0.02,-0.07,-0.01,0.91,-6.62,7.58,-0.05,-0.07,-0.02,-3.62,-4.30,8.08,-0.09,-0.00,-0.11,1.48,9.97,-1.34,-0.08,0.08,0.21
8.812799,8.52,-0.29,4.53,-0.00,-0.00,-0.07,-28.38,21.44,-49.50,5.23,-4.21,8.54,0.04,-0.00,-0.07,-7.10,-5.42,3.44,-0.02,-0.01,-0.06,1.04,-6.50,7.75,-0.05,-0.03,-0.03,-3.70,-4.14,8.34,-0.09,0.04,-0.13,1.44,9.96,-1.29,-0.10,0.02,0.08
8.81281,8.48,-0.41,4.64,-0.00,-0.00,-0.07,-28.38,23.19,-51.25,5.27,-4.30,8.40,0.04,0.01,-0.06,-7.07,-5.22,3.56,0.01,0.03,-0.11,1.05,-6.51,7.68,-0.05,-0.00,-0.05,-3.80,-4.18,8.26,-0.11,0.07,-0.19,1.64,9.80,-1.31,-0.12,-0.02,0.02
8.812823,8.48,-0.41,4.64,-0.00,-0.00,-0.07,-28.38,23.19,-51.25,5.29,-4.40,8.23,0.03,0.02,-0.03,-7.03,-4.90,3.81,-0.01,0.02,-0.09,1.13,-6.69,7.40,-0.05,-0.02,-0.04,-3.34,-4.45,7.93,-0.13,0.04,-0.19,1.87,9.65,-1.32,-0.10,0.01,0.06
8.812835,8.71,-0.52,4.64,0.04,0.00,0.00,-28.38,23.94,-50.62,5.21,-4.39,8.20,0.08,0.02,-0.00,-6.96,-5.03,3.68,-0.01,-0.00,-0.03,1.14,-6.72,7.32,0.01,-0.03,0.01,-3.12,-4.68,7.61,-0.03,-0.00,-0.06,1.74,9.64,-1.26,-0.03,0.05,0.10
8.812846,8.68,-0.37,4.61,0.05,0.05,0.02,-28.38,23.94,-50.62,5.16,-4.31,8.31,0.10,0.04,-0.02,-6.93,-5.26,3.53,0.01,0.02,-0.01,1.11,-6.61,7.52,0.04,-0.01,0.01,-3.46,-4.37,8.09,0.03,-0.00,0.01,1.59,9.78,-1.24,0.00,0.04,0.08
8.812857,8.52,-0.41,4.53,0.00,0.07,0.02,-28.38,23.94,-50.62,5.25,-4.17,8.59,0.07,0.05,-0.01,-7.13,-5.22,3.67,0.02,0.05,-0.04,1.18,-6.47,7.83,0.02,0.02,0.03,-3.53,-4.21,8.32,-0.00,0.04,-0.01,1.75,9.91,-1.36,-0.01,0.01,0.03
8.814675,8.41,-0.52,4.61,0.00,0.07,0.02,-28.38,23.06,-50.81,5.24,-4.31,8.39,0.04,0.05,0.02,-7.24,-5.14,3.75,0.03,0.04,-0.07,1.06,-6.56,7.64,0.02,0.01,0.04,-3.68,-4.25,8.29,-0.03,0.05,-0.01,1.83,9.90,-1.41,-0.02,0.02,0.02
8.814691,8.75,-0.64,4.68,0.06,-0.01,0.03,-28.38,21.94,-49.88,5.09,-4.37,8.31,0.06,0.03,0.05,-7.18,-5.14,3.73,0.09,0.01,-0.08,1.02,-6.60,7.56,0.01,-0.02,0.05,-3.62,-4.44,8.03,-0.04,0.01,-0.01,1.78,9.87,-1.37,0.01,0.04,0.04
8.814707,8.75,-0.56,4.68,0.06,-0.01,0.03,-27.75,23.56,-50.94,5.09,-4.28,8.47,0.06,0.02,0.04,-7.08,-5.15,3.72,0.09,0.01,-0.06,1.10,-6.54,7.75,-0.01,-0.02,0.05,-3.56,-4.31,8.27,-0.05,0.02,0.01,1.75,9.87,-1.35,0.03,0.06,0.03
8.814716,8.60,-0.52,4.57,0.05,0.01,0.03,-27.75,23.56,-50.94,5.09,-4.20,8.58,0.03,0.03,0.02,-7.14,-5.23,3.76,0.05,-0.00,-0.06,1.04,-6.47,7.86,-0.03,0.01,0.06,-3.68,-4.28,8.31,-0.09,0.05,-0.00,1.75,9.96,-1.36,0.01,0.07,0.02
8.814727,8.55,-0.45,4.61,0.05,0.01,0.03,-28.38,22.62,-48.94,5.08,-4.28,8.45,0.01,0.02,0.03,-7.18,-5.23,3.72,0.02,-0.01,-0.07,0.96,-6.50,7.74,-0.06,0.01,0.07,-3.87,-4.23,8.36,-0.12,0.06,-0.04,1.70,9.95,-1.41,-0.02,0.07,0.02
8.824482,8.68,-0.68,4.61,0.05,0.01,0.03,-28.06,21.38,-49.06,5.01,-4.35,8.40,0.01,0.01,0.04,-7.18,-5.26,3.63,0.06,-0.01,-0.08,0.86,-6.57,7.64,-0.06,-0.00,0.07,-3.71,-4.41,8.08,-0.16,0.05,-0.06,1.65,9.93,-1.44,-0.02,0.05,0.03
8.848729,8.75,-0.52,4.64,0.04,-0.03,0.01,-28.06,21.38,-49.06,4.93,-4.31,8.47,0.01,0.00,0.01,-7.04,-5.21,3.68,0.10,0.00,-0.09,0.85,-6.56,7.63,-0.05,-0.00,0.05,-3.59,-4.58,7.84,-0.11,0.04,-0.03,1.63,9.80,-1.35,-0.00,0.04,0.05
8.865735,8.67,-0.60,4.53,0.04,-0.03,0.01,-28.06,21.38,-49.06,5.00,-4.34,8.45,0.01,0.02,-0.01,-6.96,-5.18,3.66,0.10,0.01,-0.07,0.92,-6.62,7.59,-0.04,0.01,0.04,-3.61,-4.56,7.89,-0.08,0.06,-0.01,1.65,9.78,-1.35,0.02,0.04,0.07
8.887464,8.67,-0.60,4.53,0.01,-0.01,0.02,-28.06,21.38,-49.06,5.05,-4.32,8.47,0.01,0.03,-0.01,-7.02,-5.23,3.71,0.09,0.03,-0.07,0.93,-6.54,7.67,-0.04,0.02,0.04,-3.78,-4.39,8.17,-0.09,0.07,-0.02,1.69,9.89,-1.37,0.01,0.04,0.07
8.912232,8.55,-0.60,4.49,-0.02,-0.04,0.02,-28.06,21.38,-49.06,5.02,-4.33,8.44,-0.01,0.03,0.01,-7.09,-5.15,3.81,0.04,0.02,-0.07,0.95,-6.53,7.64,-0.06,0.02,0.04,-3.86,-4.40,8.11,-0.13,0.08,-0.07,1.81,9.87,-1.41,-0.02,0.06,0.07
9.321152,8.68,-0.68,4.53,0.01,-0.05,0.01,-28.06,21.38,-49.06,4.93,-4.41,8.24,-0.01,0.01,0.02,-7.06,-5.16,3.77,0.04,-0.02,-0.06,0.85,-6.59,7.43,-0.06,-0.00,0.04,-3.73,-4.55,7.88,-0.15,0.05,-0.09,1.76,9.82,-1.42,-0.02,0.08,0.11
9.3212,8.71,-0.60,4.53,0.01,-0.05,0.01,-28.69,23.75,-49.88,4.89,-4.37,8.28,0.01,-0.01,0.01,-6.91,-5.25,3.61,0.08,-0.01,-0.06,0.83,-6.54,7.50,-0.04,-0.02,0.02,-3.58,-4.70,7.66,-0.11,0.03,-0.07,1.65,9.73,-1.38,-0.00,0.06,0.11
9.321213,8.68,-0.48,4.53,0.01,-0.05,0.01,-28.38,22.12,-48.88,5.03,-4.33,8.43,0.01,0.00,-0.02,-6.84,-5.25,3.54,0.18,0.05,-0.08,0.97,-6.50,7.61,-0.04,0.01,0.01,-3.66,-4.54,7.92,-0.08,0.04,-0.07,1.64,9.65,-1.40,0.05,0.01,0.08
9.321225,8.52,-0.52,4.45,0.01,-0.05,0.01,-27.75,23.00,-50.50,4.91,-4.34,8.32,0.00,0.03,-0.03,-6.89,-5.17,3.66,0.36,0.09,-0.12,0.87,-6.52,7.54,-0.06,0.04,0.01,-3.71,-4.59,7.82,-0.10,0.07,-0.10,1.75,9.65,-1.45,0.12,-0.05,0.05
9.321237,8.64,-0.60,4.49,-0.06,0.00,-0.00,-27.75,23.00,-50.50,4.85,-4.44,8.14,0.02,0.03,-0.05,-6.90,-4.98,3.88,0.44,0.08,-0.11,0.78,-6.59,7.36,-0.05,0.02,-0.00,-3.73,-4.66,7.73,-0.08,0.05,-0.10,1.92,9.64,-1.47,0.15,-0.03,0.05
9.321247,8.68,-0.75,4.49,-0.06,0.00,-0.00,-28.38,23.38,-48.38,4.97,-4.40,8.23,0.05,0.01,-0.05,-6.95,-4.99,3.91,0.41,0.06,-0.07,0.91,-6.56,7.48,-0.04,-0.01,-0.00,-3.51,-4.58,7.94,-0.09,0.04,-0.10,1.92,9.76,-1.52,0.16,0.01,0.07
9.321261,8.56,-0.48,4.61,-0.00,0.02,-0.00,-27.75,22.69,-49.31,5.08,-4.28,8.47,0.03,0.01,-0.04,-7.07,-5.05,3.87,0.41,0.06,-0.08,1.03,-6.47,7.77,-0.06,-0.00,0.01,-3.65,-4.46,8.21,-0.12,0.08,-0.09,1.91,9.73,-1.72,0.18,0.01,0.07
9.322765,8.56,-0.48,4.61,-0.00,0.02,-0.00,-27.75,22.69,-49.31,5.06,-4.35,8.38,0.02,0.01,-0.03,-7.13,-4.89,3.94,0.62,0.07,-0.12,1.00,-6.57,7.63,-0.08,-0.00,0.01,-3.71,-4.60,8.04,-0.17,0.10,-0.12,2.02,9.63,-1.86,0.29,0.01,0.09
9.322779,8.79,-0.68,4.68,-0.00,0.00,0.00,-27.75,22.69,-49.31,4.93,-4.43,8.21,0.04,-0.00,-0.04,-7.26,-4.73,4.20,0.94,0.03,-0.14,0.84,-6.66,7.41,-0.07,-0.03,0.01,-3.80,-4.79,7.71,-0.17,0.06,-0.13,2.19,9.64,-1.95,0.50,0.01,0.17
9.322791,8.71,-0.68,4.57,0.07,0.05,0.01,-27.75,22.69,-49.31,4.99,-4.46,8.12,0.09,-0.02,-0.06,-7.19,-4.55,4.43,1.04,-0.12,-0.08,0.91,-6.63,7.40,-0.04,-0.06,-0.00,-3.55,-4.82,7.73,-0.12,0.01,-0.10,2.35,9.90,-1.99,0.58,0.06,0.31
9.322801,8.59,-0.37,4.68,0.24,0.04,0.01,-27.75,22.69,-49.31,5.27,-4.26,8.49,0.12,-0.06,-0.03,-6.88,-4.61,4.30,0.81,-0.06,-0.07,1.36,-6.59,7.67,-0.03,-0.11,0.03,-3.38,-4.66,8.09,-0.13,-0.03,-0.05,2.18,9.79,-2.02,0.48,0.07,0.22
9.32281,8.48,-0.25,4.64,0.24,0.04,0.01,-28.62,22.75,-51.56,5.34,-4.12,8.69,0.09,-0.02,-0.01,-6.90,-4.58,4.30,0.70,0.02,-0.10,1.46,-6.58,7.73,-0.04,-0.06,0.07,-3.32,-4.69,8.04,-0.15,0.02,-0.04,2.21,9.70,-2.21,0.45,0.02,0.15
9.322818,8.55,-0.45,4.64,0.24,0.04,0.01,-28.62,22.75,-51.56,5.14,-4.18,8.55,0.06,0.02,0.01,-7.11,-4.56,4.49,0.74,0.05,-0.12,1.14,-6.58,7.57,-0.04,-0.02,0.10,-3.42,-4.94,7.61,-0.12,0.04,0.00,2.25,9.73,-2.32,0.50,-0.00,0.16
9.32283,8.75,-0.52,4.49,0.11,-0.02,0.05,-28.62,22.75,-51.56,4.98,-4.27,8.35,0.05,0.01,-0.01,-7.12,-4.43,4.74,0.77,-0.06,-0.09,0.88,-6.55,7.56,-0.02,-0.02,0.07,-3.68,-4.85,7.76,-0.07,0.01,0.02,2.36,9.84,-2.38,0.51,0.05,0.27
9.324485,8.60,-0.56,4.57,0.16,-0.01,0.02,-28.62,22.75,-51.56,5.18,-4.18,8.54,0.05,-0.01,-0.01,-7.05,-4.59,4.64,0.68,-0.07,-0.11,1.19,-6.61,7.64,-0.02,-0.04,0.06,-3.52,-4.77,7.97,-0.06,-0.01,0.03,2.26,9.94,-2.49,0.42,0.04,0.24
9.324499,8.59,-0.29,4.72,0.16,-0.01,0.02,-28.94,21.62,-50.25,5.36,-4.10,8.76,0.02,0.02,0.01,-7.02,-4.46,4.58,0.58,-0.03,-0.15,1.39,-6.58,7.85,-0.02,-0.00,0.08,-3.34,-4.71,8.12,-0.06,0.02,0.04,2.31,9.73,-2.68,0.36,0.01,0.15
9.324511,8.55,-0.41,4.72,0.03,-0.09,0.08,-28.94,21.62,-50.25,5.35,-4.14,8.72,-0.01,0.06,0.04,-7.16,-4.45,4.66,0.61,0.01,-0.20,1.36,-6.55,7.94,-0.03,0.03,0.12,-3.52,-4.63,8.23,-0.08,0.06,0.06,2.37,9.80,-2.82,0.39,-0.04,0.04
9.32452,8.55,-0.41,4.72,0.01,-0.12,0.11,-28.12,20.62,-47.88,5.20,-4.25,8.55,-0.04,0.07,0.08,-7.18,-4.25,4.85,0.66,0.02,-0.25,1.13,-6.54,7.83,-0.06,0.05,0.14,-3.70,-4.69,8.10,-0.12,0.07,0.05,2.51,9.74,-2.88,0.41,-0.06,-0.01
9.324529,8.87,-0.64,4.49,0.04,-0.17,0.08,-28.38,22.69,-49.31,4.76,-4.36,8.23,-0.02,0.02,0.07,-7.10,-4.12,5.07,0.64,-0.05,-0.22,0.67,-6.59,7.47,-0.06,0.02,0.13,-3.98,-4.96,7.58,-0.11,0.02,0.04,2.50,9.67,-2.84,0.40,0.01,0.05
9.341353,8.75,-0.52,4.45,0.14,-0.10,0.03,-28.38,22.69,-49.31,4.81,-4.29,8.32,0.01,-0.01,0.01,-6.96,-4.17,5.02,0.61,-0.17,-0.14,0.73,-6.57,7.43,-0.04,-0.02,0.06,-3.84,-4.94,7.56,-0.05,-0.05,0.01,2.39,9.68,-2.90,0.37,0.09,0.18
9.363069,8.68,-0.56,4.45,0.14,-0.06,-0.01,-28.38,22.69,-49.31,5.07,-4.17,8.59,0.02,-0.02,-0.01,-6.69,-4.36,4.84,0.49,-0.13,-0.16,1.10,-6.52,7.70,-0.04,-0.03,0.04,-3.61,-4.72,7.97,-0.05,-0.05,0.00,2.25,9.62,-2.96,0.28,0.04,0.11
9.386941,8.48,-0.48,4.49,0.10,-0.06,0.00,-28.69,23.19,-49.38,5.15,-4.21,8.54,-0.03,0.02,0.01,-6.81,-4.06,5.00,0.44,-0.06,-0.22,1.22,-6.56,7.65,-0.06,0.02,0.06,-3.47,-4.73,7.94,-0.08,0.01,-0.00,2.49,9.47,-3.14,0.26,-0.02,0.02
9.408132,8.68,-0.68,4.45,0.10,-0.06,0.00,-28.69,20.69,-48.31,5.10,-4.41,8.18,-0.03,0.02,0.04,-6.81,-3.80,5.18,0.44,-0.07,-0.22,1.10,-6.65,7.42,-0.06,0.01,0.10,-3.47,-4.78,7.88,-0.11,0.01,0.02,2.65,9.39,-3.18,0.30,0.00,0.02
9.833108,8.71,-0.68,4.42,0.10,-0.06,0.00,-28.69,20.69,-48.31,5.04,-4.35,8.30,-0.02,-0.00,0.06,-6.74,-3.80,5.26,0.40,-0.09,-0.18,1.01,-6.59,7.52,-0.06,-0.02,0.12,-3.47,-4.86,7.78,-0.13,0.00,0.05,2.61,9.39,-3.19,0.31,0.06,0.05
9.833161,8.75,-0.45,4.42,0.13,-0.11,0.07,-28.69,20.69,-48.31,5.07,-4.33,8.40,-0.02,0.01,0.07,-6.70,-3.84,5.32,0.34,-0.12,-0.14,1.03,-6.64,7.47,-0.06,-0.01,0.13,-3.52,-4.93,7.68,-0.12,0.01,0.07,2.57,9.44,-3.22,0.30,0.11,0.09
9.833189,8.71,-0.48,4.42,0.13,-0.11,0.07,-28.69,20.12,-47.81,4.94,-4.31,8.43,-0.03,0.02,0.06,-6.64,-4.16,5.28,0.24,-0.12,-0.12,0.87,-6.59,7.52,-0.05,-0.00,0.12,-3.68,-4.98,7.59,-0.08,-0.01,0.08,2.33,9.58,-3.27,0.22,0.12,0.07
9.833202,8.75,-0.45,4.42,0.13,-0.11,0.07,-29.31,20.62,-47.88,4.81,-4.35,8.34,-0.02,0.02,0.03,-6.51,-4.25,5.15,0.25,-0.06,-0.14,0.66,-6.66,7.36,-0.03,0.00,0.08,-3.76,-5.10,7.43,-0.02,-0.02,0.07,2.22,9.44,-3.26,0.19,0.03,0.04
9.833218,8.94,-0.48,4.34,0.13,-0.11,0.07,-29.31,20.62,-47.88,4.84,-4.35,8.39,-0.00,0.03,-0.01,-6.57,-4.23,5.16,0.29,0.00,-0.15,0.80,-6.63,7.44,-0.01,0.01,0.04,-3.76,-4.91,7.68,0.00,-0.01,0.04,2.26,9.48,-3.38,0.21,-0.05,-0.00
9.833229,8.83,-0.64,4.22,-0.01,-0.02,-0.00,-29.31,20.62,-47.88,4.93,-4.32,8.49,-0.02,0.03,-0.02,-6.77,-3.99,5.38,0.30,0.01,-0.19,0.95,-6.53,7.69,-0.02,0.03,0.03,-3.71,-4.68,7.99,-0.01,0.01,0.01,2.53,9.55,-3.57,0.18,-0.09,-0.05
9.833252,8.52,-0.79,4.38,-0.02,-0.12,0.02,-29.31,20.62,-47.88,5.08,-4.40,8.40,-0.02,0.02,0.02,-6.94,-3.60,5.63,0.13,-0.07,-0.19,1.11,-6.56,7.62,-0.04,0.02,0.08,-3.59,-4.65,8.04,-0.06,-0.00,0.02,2.79,9.53,-3.73,0.05,0.01,-0.09
9.833334,8.79,-0.60,4.45,0.06,-0.20,0.05,-29.31,20.62,-47.88,5.08,-4.39,8.31,-0.01,-0.01,0.06,-6.80,-3.61,5.54,0.03,-0.12,-0.19,1.05,-6.65,7.45,-0.04,-0.02,0.12,-3.51,-4.87,7.83,-0.08,-0.04,0.05,2.77,9.41,-3.68,0.00,0.06,-0.11
9.833349,8.94,-0.33,4.49,0.12,-0.18,0.05,-29.31,20.62,-47.88,5.19,-4.24,8.38,0.02,-0.03,0.07,-6.55,-3.65,5.54,0.01,-0.10,-0.17,1.16,-6.63,7.50,-0.01,-0.05,0.10,-3.35,-5.02,7.81,-0.05,-0.08,0.06,2.72,9.33,-3.54,0.04,0.06,-0.15
9.833361,8.94,0.21,4.61,0.08,-0.09,0.05,-29.31,20.62,-47.88,5.53,-4.02,8.71,0.00,0.02,0.03,-6.48,-3.71,5.62,0.03,-0.02,-0.20,1.60,-6.59,7.83,0.00,0.01,0.07,-3.12,-4.95,8.12,-0.00,-0.04,0.04,2.74,9.39,-3.53,0.06,-0.02,-0.22
9.833376,8.87,0.25,4.64,-0.16,-0.10,0.13,-29.56,21.31,-47.25,5.68,-4.06,8.80,-0.04,0.11,0.02,-6.72,-3.61,5.86,0.03,0.06,-0.26,1.75,-6.60,8.05,-0.01,0.12,0.07,-3.12,-4.86,8.33,0.01,0.05,0.02,2.88,9.52,-3.65,0.04,-0.11,-0.27
9.833387,8.87,-0.21,4.49,-0.16,-0.10,0.13,-29.56,21.31,-47.25,5.56,-4.41,8.50,-0.07,0.15,0.04,-6.77,-3.45,5.84,0.02,0.06,-0.27,1.50,-6.78,7.76,-0.03,0.16,0.10,-3.07,-4.88,8.34,0.00,0.08,0.04,2.90,9.44,-3.70,0.05,-0.10,-0.26
9.833401,9.05,-0.87,4.34,-0.16,-0.10,0.13,-28.69,21.50,-48.06,5.13,-4.67,8.33,-0.06,0.12,0.11,-6.73,-3.62,5.75,-0.03,0.05,-0.22,1.04,-6.84,7.54,-0.03,0.13,0.17,-3.45,-4.98,7.90,-0.03,0.08,0.12,2.56,9.46,-3.66,0.07,-0.01,-0.24
9.833412,8.94,-1.21,3.80,0.04,-0.12,0.19,-30.19,22.62,-47.19,4.38,-4.80,8.28,-0.03,0.08,0.13,-6.54,-4.31,5.38,-0.07,-0.01,-0.16,0.19,-6.71,7.42,-0.04,0.09,0.19,-4.21,-4.94,7.51,-0.05,0.05,0.15,1.76,9.55,-3.59,0.06,0.06,-0.18
9.835491,8.94,-1.48,3.54,0.04,-0.12,0.19,-30.81,22.44,-46.38,3.78,-4.83,8.24,-0.02,0.04,0.09,-6.30,-4.79,5.05,-0.06,-0.03,-0.11,-0.48,-6.57,7.24,-0.04,0.05,0.15,-4.65,-5.01,6.96,-0.05,0.04,0.11,1.18,9.50,-3.49,0.04,0.08,-0.11
9.835513,8.87,-1.59,3.46,0.04,-0.12,0.19,-30.81,22.44,-46.38,3.70,-4.76,8.20,0.01,0.02,0.01,-6.14,-4.73,4.90,0.00,-0.01,-0.08,-0.40,-6.47,7.11,-0.02,0.02,0.05,-4.48,-4.96,6.81,-0.01,0.01,0.04,1.20,9.32,-3.50,0.03,0.03,-0.03
9.835526,8.52,-0.68,4.15,-0.01,0.04,-0.04,-30.50,23.19,-47.56,4.32,-4.55,8.10,0.03,0.01,-0.04,-6.22,-4.07,5.12,0.03,0.01,-0.04,0.40,-6.45,7.20,0.01,-0.01,-0.00,-3.74,-4.75,7.33,0.03,-0.01,0.03,1.92,9.12,-3.63,0.03,0.01,0.01
9.835539,8.45,-0.18,4.38,0.01,0.06,-0.02,-30.19,21.00,-46.19,5.02,-4.29,8.26,0.04,0.01,-0.03,-6.44,-3.56,5.51,-0.00,0.02,-0.03,1.16,-6.38,7.55,0.02,-0.01,0.01,-3.29,-4.57,7.91,0.02,0.00,0.04,2.53,9.16,-3.74,0.02,0.03,-0.00
9.835552,8.55,-0.06,4.45,0.03,0.02,0.03,-30.19,21.00,-46.19,5.34,-4.22,8.36,0.03,0.02,0.01,-6.58,-3.45,5.75,-0.08,-0.00,-0.04,1.42,-6.45,7.67,0.00,0.01,0.06,-3.23,-4.54,8.24,-0.02,0.02,0.05,2.72,9.29,-3.79,-0.02,0.06,-0.05
9.847993,8.75,-0.21,4.38,0.02,-0.04,0.07,-30.19,21.00,-46.19,5.13,-4.36,8.32,0.01,0.01,0.05,-6.62,-3.69,5.77,-0.12,-0.02,-0.06,1.04,-6.51,7.67,-0.02,0.00,0.10,-3.61,-4.66,8.10,-0.07,0.03,0.04,2.40,9.48,-3.78,-0.07,0.07,-0.08
9.865261,8.94,-0.83,3.96,0.02,-0.04,0.07,-30.19,21.00,-46.19,4.75,-4.60,8.45,-0.01,-0.01,0.07,-6.50,-4.05,5.51,-0.10,-0.03,-0.08,0.60,-6.57,7.70,-0.07,-0.00,0.10,-3.82,-4.83,7.78,-0.12,0.03,0.01,2.02,9.44,-3.71,-0.07,0.06,-0.07
9.88978,8.94,-1.36,3.77,0.04,-0.06,0.04,-29.88,23.31,-46.19,4.10,-4.79,8.39,-0.01,-0.01,0.06,-6.40,-4.57,5.26,-0.10,-0.05,-0.09,-0.09,-6.51,7.63,-0.10,0.00,0.11,-4.52,-4.81,7.47,-0.18,0.07,-0.03,1.47,9.58,-3.66,-0.10,0.07,-0.04
9.910909,8.83,-1.71,3.57,0.04,-0.06,0.04,-29.88,23.31,-46.19,3.67,-4.87,8.29,-0.02,-0.05,0.00,-6.41,-4.74,5.08,-0.07,-0.08,-0.07,-0.53,-6.56,7.29,-0.13,-0.02,0.05,-4.54,-5.06,6.85,-0.17,0.04,-0.07,1.26,9.55,-3.68,-0.12,0.08,0.01
9.932742,8.98,-1.63,3.77,0.04,-0.06,0.04,-30.19,23.12,-47.19,3.79,-4.76,8.27,0.01,-0.09,-0.07,-6.31,-4.63,5.06,-0.03,-0.07,-0.04,-0.33,-6.62,7.13,-0.09,-0.07,-0.03,-4.41,-5.16,6.77,-0.09,-0.02,-0.09,1.38,9.41,-3.65,-0.11,0.06,0.05
10.343178,8.98,-0.94,4.03,0.04,-0.06,0.04,-30.19,23.12,-47.19,4.58,-4.56,8.32,0.05,-0.08,-0.15,-6.30,-4.04,5.27,0.01,-0.01,-0.02,0.63,-6.69,7.24,-0.03,-0.07,-0.10,-3.62,-5.06,7.35,-0.00,-0.04,-0.09,2.04,9.21,-3.70,-0.07,0.02,0.07
10.343223,8.71,-0.06,4.64,-0.03,0.13,-0.09,-30.75,21.75,-47.31,5.51,-4.23,8.57,0.07,-0.03,-0.14,-6.58,-3.42,5.76,-0.03,0.06,-0.03,1.64,-6.61,7.79,0.02,-0.04,-0.07,-3.07,-4.76,8.26,0.03,-0.01,-0.05,2.79,9.34,-3.86,-0.04,0.00,0.02
10.343238,8.63,0.21,4.68,-0.03,0.07,0.00,-30.75,21.75,-47.31,5.79,-4.17,8.64,0.04,0.00,-0.09,-6.90,-3.22,6.09,-0.12,0.06,-0.05,1.83,-6.56,8.05,-0.00,-0.01,-0.01,-3.02,-4.58,8.73,-0.02,0.02,-0.02,3.12,9.55,-4.02,-0.08,0.04,-0.04
10.343251,8.75,-0.14,4.61,-0.03,0.07,0.00,-29.62,21.12,-44.75,5.66,-4.26,8.66,0.01,-0.01,0.01,-7.07,-3.51,6.04,-0.20,-0.01,-0.08,1.65,-6.56,8.10,-0.05,-0.02,0.08,-3.23,-4.62,8.65,-0.10,0.03,0.03,2.86,9.67,-4.06,-0.13,0.09,-0.10
10.343264,8.83,-0.45,4.45,-0.03,0.07,0.00,-30.50,21.69,-46.94,5.09,-4.43,8.54,-0.01,-0.03,0.05,-6.81,-3.92,5.76,-0.14,-0.06,-0.11,1.02,-6.68,7.71,-0.06,-0.03,0.12,-3.67,-4.97,7.91,-0.13,0.02,0.05,2.36,9.63,-3.85,-0.13,0.06,-0.11
10.343278,9.21,-0.94,4.07,-0.03,0.07,0.00,-30.50,21.69,-46.94,4.24,-4.68,8.23,0.01,-0.07,0.00,-6.48,-4.37,5.45,-0.09,-0.06,-0.11,0.05,-6.68,7.30,-0.03,-0.06,0.07,-4.29,-5.18,7.19,-0.07,-0.04,0.05,1.77,9.60,-3.64,-0.12,0.05,-0.10
10.343291,8.87,-1.48,3.46,0.10,-0.04,-0.10,-30.50,21.69,-46.94,4.05,-4.66,8.31,0.05,-0.14,-0.08,-6.33,-4.57,5.27,-0.07,-0.07,-0.08,-0.10,-6.43,7.45,-0.03,-0.12,-0.01,-4.46,-4.95,7.16,-0.04,-0.12,-0.01,1.46,9.49,-3.54,-0.15,0.07,-0.04
10.343306,8.60,-1.25,3.61,0.10,-0.04,-0.10,-29.88,21.00,-46.19,4.34,-4.59,8.29,0.04,-0.14,-0.11,-6.17,-4.25,5.17,-0.06,-0.08,-0.04,0.29,-6.49,7.34,-0.05,-0.13,-0.05,-3.92,-5.00,7.15,-0.03,-0.12,-0.05,1.63,9.17,-3.50,-0.14,0.09,0.01
10.343318,8.87,-0.45,4.19,0.06,0.04,-0.09,-29.88,21.00,-46.19,4.90,-4.43,8.22,0.06,-0.11,-0.12,-6.07,-3.90,5.27,0.00,-0.03,0.02,0.85,-6.57,7.25,-0.02,-0.10,-0.07,-3.39,-5.07,7.29,0.01,-0.09,-0.04,2.00,9.02,-3.47,-0.05,0.06,0.07
10.343329,8.79,-0.02,4.38,0.06,0.04,-0.09,-30.81,20.38,-47.12,5.44,-4.20,8.35,0.08,-0.04,-0.12,-6.26,-3.60,5.59,0.03,0.04,0.04,1.48,-6.57,7.49,0.02,-0.06,-0.07,-3.01,-4.98,7.77,0.07,-0.05,-0.01,2.50,9.17,-3.58,0.03,0.02,0.07
10.34334,8.75,0.21,4.45,0.06,0.04,-0.09,-29.88,21.50,-46.25,5.61,-4.11,8.45,0.07,0.00,-0.10,-6.54,-3.49,5.95,0.01,0.07,0.01,1.70,-6.54,7.76,0.02,-0.01,-0.04,-3.12,-4.77,8.29,0.07,-0.01,0.01,2.79,9.45,-3.69,0.02,0.00,0.03
10.343352,8.75,0.13,4.38,0.06,0.04,-0.09,-29.88,21.50,-46.25,5.59,-4.22,8.40,0.05,0.01,-0.08,-6.72,-3.48,6.12,-0.06,0.04,-0.02,1.59,-6.62,7.80,-0.01,0.00,-0.01,-3.25,-4.75,8.41,0.02,-0.00,-0.00,2.85,9.62,-3.74,-0.04,0.05,0.00
10.343363,8.94,-0.56,4.15,0.05,-0.05,0.01,-29.88,21.50,-46.25,5.37,-4.44,8.36,0.03,-0.01,-0.03,-6.65,-3.76,5.89,-0.10,-0.02,-0.03,1.24,-6.72,7.64,-0.05,-0.01,0.04,-3.34,-4.95,8.08,-0.04,-0.01,0.01,2.49,9.57,-3.69,-0.08,0.09,-0.01
10.343375,9.06,-0.71,4.03,0.05,-0.05,0.01,-30.25,20.19,-44.19,5.06,-4.56,8.33,0.04,-0.01,-0.01,-6.43,-4.01,5.65,-0.09,-0.03,-0.03,0.87,-6.78,7.44,-0.04,-0.02,0.05,-3.56,-5.13,7.64,-0.03,-0.01,0.03,2.12,9.48,-3.56,-0.05,0.08,-0.01
10.34571,9.14,-0.79,3.96,0.05,-0.05,0.01,-30.50,19.88,-44.88,4.88,-4.55,8.41,0.05,0.00,-0.01,-6.29,-4.19,5.48,-0.07,0.01,-0.01,0.70,-6.75,7.39,-0.00,-0.01,0.04,-3.68,-5.17,7.41,-0.00,-0.01,0.04,1.89,9.44,-3.51,-0.01,0.06,-0.02
10.345744,8.94,-0.83,3.92,0.05,-0.05,0.01,-30.50,19.88,-44.88,4.68,-4.50,8.37,0.05,0.02,-0.04,-6.34,-4.25,5.46,-0.06,0.04,-0.01,0.57,-6.58,7.48,0.02,0.01,0.01,-3.91,-5.01,7.48,0.03,0.00,0.02,1.84,9.49,-3.55,0.00,0.03,-0.01
10.345757,8.83,-0.79,3.96,-0.03,0.08,-0.01,-30.50,19.88,-44.88,4.72,-4.43,8.41,0.04,0.02,-0.07,-6.50,-4.13,5.53,-0.06,0.03,-0.00,0.69,-6.47,7.63,0.02,0.01,-0.02,-3.87,-4.83,7.72,0.03,0.00,-0.01,1.98,9.50,-3.67,-0.02,0.05,0.01
10.345769,8.75,-0.71,4.19,-0.03,0.08,-0.01,-30.19,20.94,-45.75,4.95,-4.39,8.42,0.03,0.02,-0.07,-6.54,-3.88,5.51,-0.05,0.02,0.00,0.93,-6.53,7.59,-0.00,0.02,-0.02,-3.55,-4.84,7.78,0.02,0.01,-0.02,2.17,9.36,-3.75,-0.02,0.05,0.03
10.34578,8.83,-0.68,4.34,-0.01,0.03,-0.03,-30.19,20.94,-45.75,5.04,-4.32,8.44,0.04,0.03,-0.06,-6.57,-3.86,5.55,-0.03,0.02,0.01,0.99,-6.50,7.63,0.01,0.01,-0.00,-3.55,-4.84,7.82,0.02,0.01,0.01,2.23,9.40,-3.76,0.01,0.04,0.03
10.361552,8.83,-0.45,4.30,0.02,0.05,0.00,-30.19,20.94,-45.75,5.03,-4.20,8.55,0.03,0.03,-0.06,-6.61,-3.91,5.62,-0.01,0.03,-0.01,1.01,-6.43,7.75,0.00,0.02,-0.01,-3.65,-4.79,7.92,0.03,0.01,-0.00,2.26,9.52,-3.79,0.00,0.01,0.02
10.385779,8.83,-0.45,4.30,-0.02,0.04,-0.03,-29.88,21.31,-47.25,5.05,-4.18,8.56,0.01,0.02,-0.07,-6.67,-3.84,5.75,-0.04,0.03,-0.05,1.04,-6.40,7.85,-0.03,0.03,-0.02,-3.68,-4.72,8.04,0.01,0.02,-0.04,2.38,9.58,-3.81,-0.06,0.01,-0.00
10.407642,8.79,-0.56,4.26,-0.04,-0.02,-0.04,-29.56,21.94,-48.12,5.01,-4.30,8.36,-0.01,0.00,-0.07,-6.70,-3.80,5.77,-0.09,-0.01,-0.06,0.91,-6.49,7.66,-0.04,0.02,-0.03,-3.71,-4.81,7.92,-0.00,0.00,-0.06,2.36,9.54,-3.80,-0.11,0.05,-0.00
10.428532,8.90,-0.64,4.22,-0.04,-0.02,-0.04,-29.56,21.94,-48.12,5.10,-4.43,8.28,0.01,-0.02,-0.07,-6.56,-3.76,5.64,-0.08,-0.03,-0.03,1.02,-6.63,7.48,-0.04,-0.01,-0.03,-3.50,-4.89,7.82,-0.01,-0.02,-0.05,2.30,9.39,-3.71,-0.10,0.07,0.02
10.852753,8.87,-0.56,4.11,0.02,-0.00,-0.07,-29.88,21.50,-46.25,5.14,-4.32,8.47,0.01,-0.01,-0.05,-6.36,-3.97,5.50,-0.05,-0.01,-0.03,1.10,-6.56,7.60,-0.03,0.00,-0.01,-3.41,-4.93,7.79,-0.01,-0.00,-0.04,2.10,9.36,-3.60,-0.07,0.04,0.02
10.852784,8.83,-0.37,4.07,0.02,-0.00,-0.07,-29.88,21.56,-46.62,5.02,-4.34,8.45,-0.01,0.03,-0.06,-6.33,-3.96,5.54,-0.02,0.04,-0.05,0.97,-6.56,7.57,-0.03,0.05,-0.02,-3.52,-4.99,7.67,0.00,0.04,-0.04,2.11,9.38,-3.55,-0.04,-0.01,0.01
10.852797,8.90,-0.64,4.07,0.02,-0.00,-0.07,-29.88,21.56,-46.62,4.89,-4.38,8.36,-0.02,0.05,-0.08,-6.48,-4.00,5.63,-0.01,0.06,-0.05,0.78,-6.54,7.56,-0.02,0.07,-0.04,-3.79,-4.92,7.69,0.02,0.05,-0.07,2.16,9.49,-3.64,-0.04,-0.02,0.03
10.852807,8.83,-0.71,4.11,-0.08,0.05,-0.05,-29.88,21.56,-46.62,4.98,-4.52,8.17,-0.00,0.04,-0.08,-6.57,-3.85,5.68,-0.02,0.03,-0.03,0.88,-6.65,7.37,-0.02,0.05,-0.05,-3.58,-4.95,7.70,0.03,0.02,-0.07,2.28,9.46,-3.69,-0.05,0.01,0.05
10.852819,8.90,-0.75,4.15,-0.08,0.05,-0.05,-30.19,20.88,-47.19,5.04,-4.47,8.23,0.03,0.02,-0.07,-6.45,-3.87,5.66,-0.03,0.02,-0.01,0.93,-6.64,7.37,0.02,0.01,-0.05,-3.55,-4.96,7.72,0.04,-0.01,-0.05,2.25,9.42,-3.60,-0.04,0.03,0.05
10.85283,8.90,-0.52,4.11,-0.08,0.05,-0.05,-29.00,21.06,-46.19,5.12,-4.41,8.30,0.04,0.03,-0.07,-6.41,-3.82,5.62,-0.03,0.04,-0.01,1.21,-6.57,7.61,0.02,0.02,-0.04,-3.34,-4.87,7.92,0.03,0.00,-0.05,2.30,9.37,-3.62,-0.02,0.01,0.03
10.852842,8.75,-0.48,4.22,-0.08,0.05,-0.05,-29.00,21.06,-46.19,5.11,-4.25,8.46,0.02,0.04,-0.08,-6.51,-3.85,5.68,-0.04,0.06,-0.04,1.18,-6.49,7.75,0.01,0.05,-0.03,-3.40,-4.85,7.92,0.03,0.04,-0.05,2.32,9.46,-3.67,-0.02,-0.01,0.00
10.852852,8.83,-0.45,4.30,-0.07,0.03,0.01,-29.00,21.06,-46.19,5.20,-4.26,8.47,0.00,0.06,-0.09,-6.57,-3.80,5.73,-0.05,0.05,-0.08,1.24,-6.52,7.72,0.00,0.08,-0.03,-3.34,-4.86,7.98,0.03,0.07,-0.05,2.39,9.47,-3.70,-0.05,-0.02,-0.01
10.852863,8.87,-0.48,4.26,-0.10,0.00,0.01,-29.00,21.06,-46.19,5.26,-4.28,8.48,0.00,0.08,-0.07,-6.55,-3.83,5.69,-0.06,0.05,-0.10,1.28,-6.58,7.68,0.01,0.10,-0.01,-3.36,-4.87,7.99,0.02,0.09,-0.04,2.34,9.47,-3.69,-0.07,-0.04,-0.03
10.852873,8.87,-0.45,4.30,-0.10,0.01,0.02,-29.00,21.06,-46.19,5.21,-4.20,8.64,-0.02,0.10,-0.06,-6.52,-3.92,5.69,-0.05,0.07,-0.13,1.19,-6.46,7.88,0.01,0.13,-0.01,-3.52,-4.83,8.05,0.02,0.12,-0.06,2.28,9.49,-3.66,-0.08,-0.08,-0.04
10.852884,8.87,-0.33,4.26,-0.14,-0.00,0.02,-29.00,21.06,-46.19,5.21,-4.38,8.51,-0.05,0.13,-0.06,-6.46,-3.88,5.61,-0.05,0.09,-0.15,1.26,-6.67,7.61,-0.01,0.18,0.01,-3.27,-4.97,7.86,0.00,0.16,-0.06,2.21,9.41,-3.62,-0.07,-0.10,-0.06
10.852895,8.98,-0.56,4.11,-0.19,-0.01,0.03,-29.31,20.81,-45.38,4.99,-4.24,8.74,-0.08,0.21,-0.08,-6.05,-4.44,5.28,-0.04,0.16,-0.22,0.96,-6.53,7.68,0.01,0.27,-0.00,-3.41,-5.14,7.43,0.05,0.26,-0.06,1.54,9.36,-3.36,-0.04,-0.20,-0.10
10.852906,8.87,-0.10,3.96,-0.19,-0.01,0.03,-29.88,21.81,-49.50,4.89,-4.33,8.79,-0.13,0.44,-0.21,-5.24,-4.91,4.71,0.03,0.37,-0.39,0.99,-6.76,7.20,0.07,0.49,-0.08,-3.05,-5.57,6.61,0.18,0.48,-0.12,0.83,8.92,-2.83,0.00,-0.47,-0.17
10.852915,8.87,-0.18,3.46,-0.99,0.18,0.22,-29.88,21.81,-49.50,4.07,-4.93,7.96,-0.15,0.73,-0.36,-4.50,-5.23,4.27,0.10,0.66,-0.50,0.03,-7.05,6.15,0.22,0.76,-0.15,-3.21,-6.09,5.40,0.36,0.74,-0.12,0.15,8.58,-2.27,0.14,-0.73,-0.20
10.855224,9.17,-1.02,2.81,-0.99,0.18,0.22,-29.56,24.50,-49.25,2.85,-5.66,6.82,-0.06,0.93,-0.60,-4.51,-5.59,4.21,0.19,0.91,-0.49,-1.39,-7.02,5.31,0.37,0.90,-0.28,-4.46,-5.98,4.64,0.55,0.87,-0.12,-0.17,8.76,-2.23,0.29,-0.89,-0.15
10.855242,8.25,-3.70,0.85,-0.97,0.62,0.12,-29.56,24.50,-49.25,1.83,-6.32,5.73,0.11,0.82,-0.73,-4.88,-5.55,4.52,0.27,0.92,-0.33,-2.69,-6.82,4.68,0.48,0.71,-0.35,-5.70,-5.71,4.17,0.63,0.66,-0.11,-0.11,8.90,-2.22,0.37,-0.80,0.01
10.855254,8.67,-1.75,1.77,-0.50,0.68,-0.08,-29.56,24.50,-49.25,1.90,-5.73,5.49,0.31,0.55,-0.90,-4.33,-4.87,4.49,0.37,0.84,-0.03,-2.33,-6.58,4.54,0.58,0.40,-0.60,-3.96,-5.95,4.18,0.75,0.41,-0.13,0.44,8.22,-1.92,0.48,-0.64,0.26
10.855265,8.63,0.05,3.15,-0.45,1.01,-0.23,-29.56,24.50,-49.25,4.46,-4.62,6.59,0.50,0.48,-1.10,-4.49,-3.56,4.77,0.39,0.97,0.14,0.85,-6.68,5.30,0.73,0.23,-0.76,-1.68,-5.48,5.88,0.89,0.44,-0.01,1.95,7.93,-2.40,0.65,-0.65,0.31
10.855276,8.14,1.20,4.45,-0.67,1.19,0.03,-29.56,24.50,-49.25,6.53,-3.62,7.86,0.51,0.60,-1.12,-5.99,-2.29,5.71,0.26,1.12,0.16,3.21,-6.26,7.27,0.83,0.35,-0.67,-1.18,-4.40,8.26,0.94,0.57,0.16,3.67,8.49,-3.57,0.73,-0.67,0.17
10.860179,7.95,0.32,5.99,-0.67,1.19,0.03,-26.81,27.12,-54.44,7.75,-3.56,8.05,0.50,0.62,-0.85,-8.17,-1.18,6.96,0.02,1.01,0.18,3.98,-6.21,8.29,0.79,0.30,-0.38,-2.09,-3.42,10.46,0.76,0.56,0.41,5.53,9.56,-5.00,0.64,-0.43,-0.01
10.877743,8.52,-0.41,6.29,-0.22,0.66,0.40,-26.81,27.12,-54.44,7.88,-3.76,7.98,0.60,0.39,-0.43,-9.19,-0.91,7.60,-0.24,0.67,0.28,3.75,-6.32,8.77,0.70,0.04,-0.03,-2.90,-3.44,11.10,0.47,0.27,0.63,5.95,10.08,-5.38,0.53,-0.05,-0.09
10.899341,9.13,-0.41,6.06,0.45,0.38,0.43,-26.81,27.12,-54.44,7.43,-3.85,8.33,0.71,0.06,-0.06,-8.99,-1.63,7.47,-0.44,0.28,0.45,3.07,-6.58,8.94,0.55,-0.31,0.28,-3.46,-4.03,10.73,0.18,-0.06,0.78,5.20,10.35,-5.05,0.45,0.40,-0.12
10.925113,9.86,0.05,5.53,0.45,0.38,0.43,-26.19,28.38,-55.69,7.35,-3.60,9.54,0.74,-0.15,0.20,-8.22,-2.93,6.72,-0.62,0.05,0.54,2.95,-6.74,9.30,0.43,-0.50,0.46,-3.46,-4.55,10.16,-0.03,-0.25,0.85,3.90,10.40,-4.65,0.40,0.64,-0.20
10.945898,9.64,0.09,5.30,0.64,0.16,0.62,-26.19,28.38,-55.69,6.93,-3.65,9.90,0.67,-0.10,0.34,-7.92,-3.68,6.33,-0.71,0.02,0.45,2.62,-6.80,9.36,0.37,-0.43,0.56,-3.73,-4.70,9.68,-0.12,-0.19,0.85,3.16,10.47,-4.47,0.35,0.64,-0.33
11.017687,9.56,-0.41,4.99,0.64,0.16,0.62,-25.88,28.31,-55.38,6.29,-4.41,9.09,0.63,-0.08,0.44,-7.72,-3.80,6.14,-0.78,-0.01,0.40,1.64,-7.11,8.45,0.33,-0.42,0.66,-4.04,-5.11,8.67,-0.17,-0.18,0.93,2.81,10.29,-4.25,0.32,0.68,-0.40
11.022089,9.94,-1.82,4.42,0.85,0.16,0.68,-25.62,28.06,-54.25,5.82,-4.59,8.54,0.75,-0.13,0.57,-7.33,-3.78,5.75,-0.86,-0.06,0.56,1.09,-7.14,7.83,0.40,-0.53,0.74,-4.53,-5.21,8.08,-0.18,-0.29,1.04,2.49,9.89,-4.07,0.40,0.86,-0.35
11.022119,9.25,-0.56,5.38,0.85,0.16,0.68,-25.62,28.06,-54.25,6.08,-3.80,9.34,0.85,-0.12,0.63,-7.34,-3.78,5.42,-0.92,-0.03,0.70,1.74,-6.69,8.48,0.46,-0.58,0.74,-4.08,-4.84,8.46,-0.15,-0.33,1.05,2.42,9.75,-4.36,0.49,0.92,-0.33
11.032985,8.87,-0.37,5.72,0.80,0.40,0.77,-25.62,28.06,-54.25,6.44,-3.19,10.22,0.82,0.01,0.68,-7.60,-3.93,5.23,-0.97,0.05,0.64,2.49,-6.34,9.26,0.49,-0.46,0.80,-3.87,-4.29,9.17,-0.15,-0.21,1.05,2.33,9.91,-4.72,0.52,0.84,-0.43
11.053726,8.79,-0.52,5.83,0.54,0.25,0.91,-25.62,28.06,-54.25,6.11,-3.09,10.51,0.69,0.17,0.74,-7.97,-4.22,5.20,-1.01,0.15,0.47,2.10,-6.13,9.63,0.47,-0.24,0.88,-4.34,-4.17,9.20,-0.17,-0.03,1.04,2.15,10.19,-4.94,0.49,0.70,-0.58
11.363482,9.63,-1.44,5.80,0.54,0.25,0.91,-25.88,29.44,-56.31,5.43,-3.41,9.99,0.61,0.23,0.75,-8.25,-4.08,5.36,-1.00,0.18,0.39,1.09,-6.17,9.35,0.43,-0.14,0.89,-5.01,-4.36,8.89,-0.18,0.04,1.01,2.35,10.30,-5.06,0.46,0.64,-0.63
11.363511,9.66,-1.48,5.99,0.46,0.21,0.87,-25.88,29.44,-56.31,5.81,-3.39,10.11,0.62,0.18,0.75,-8.63,-3.66,5.51,-1.04,0.18,0.43,1.63,-6.22,9.59,0.40,-0.18,0.88,-4.72,-4.01,9.56,-0.22,0.01,1.02,2.78,10.37,-5.43,0.45,0.70,-0.63
11.363525,9.13,-1.40,6.25,0.62,0.21,0.88,-25.88,29.44,-56.31,6.13,-3.12,10.77,0.59,0.18,0.85,-9.02,-3.79,5.44,-1.13,0.13,0.41,2.01,-6.08,10.20,0.36,-0.18,0.98,-4.93,-3.67,10.08,-0.33,0.04,1.05,2.68,10.58,-5.71,0.40,0.76,-0.70
11.363538,9.17,-1.40,6.41,0.62,0.21,0.88,-25.31,28.62,-54.69,5.93,-2.89,11.31,0.50,0.23,0.95,-9.06,-4.06,5.20,-1.22,0.08,0.33,1.79,-5.94,10.54,0.30,-0.10,1.07,-5.27,-3.72,9.90,-0.41,0.11,1.02,2.36,10.65,-5.83,0.30,0.76,-0.78
11.363555,9.44,-1.52,6.79,0.43,-0.09,1.01,-25.62,28.69,-55.12,5.73,-2.81,11.27,0.40,0.28,1.01,-9.23,-3.95,4.95,-1.31,0.07,0.26,1.60,-5.73,10.62,0.23,-0.01,1.11,-5.55,-3.49,10.02,-0.48,0.18,0.95,2.37,10.52,-6.11,0.23,0.74,-0.86
11.363566,9.25,-1.75,6.98,0.43,-0.09,1.01,-25.62,28.69,-55.12,5.56,-2.60,11.38,0.34,0.30,1.05,-9.52,-3.86,4.66,-1.32,0.08,0.20,1.59,-5.43,10.92,0.18,0.06,1.16,-5.64,-3.22,10.08,-0.54,0.24,0.89,2.30,10.42,-6.50,0.22,0.71,-0.93
11.36358,8.98,-1.90,7.33,0.41,-0.13,1.06,-25.62,28.69,-55.12,5.29,-2.22,12.03,0.27,0.35,1.07,-9.92,-3.91,4.30,-1.34,0.10,0.10,1.38,-5.08,11.36,0.13,0.14,1.18,-5.81,-2.89,10.16,-0.57,0.30,0.85,2.13,10.53,-7.01,0.18,0.65,-1.02
11.366052,8.87,-2.05,7.79,0.41,-0.13,1.06,-26.25,30.69,-51.81,5.18,-2.04,12.50,0.16,0.40,1.14,-10.47,-3.87,4.16,-1.44,0.10,-0.02,1.32,-4.77,11.81,0.07,0.21,1.25,-6.13,-2.31,10.56,-0.64,0.38,0.86,2.10,10.75,-7.49,0.05,0.63,-1.15
11.366086,8.41,-3.20,7.94,0.35,-0.58,1.11,-27.12,29.94,-52.75,4.43,-1.85,12.78,0.01,0.37,1.26,-10.82,-4.00,3.89,-1.74,-0.03,-0.09,0.60,-4.26,12.28,-0.05,0.27,1.35,-6.93,-1.89,10.46,-0.77,0.42,0.85,1.69,10.89,-7.78,-0.26,0.77,-1.27
11.366099,8.33,-3.59,8.13,0.35,-0.58,1.11,-27.69,31.31,-52.62,3.52,-1.66,13.10,-0.14,0.34,1.30,-10.78,-4.39,3.17,-1.98,-0.16,-0.13,-0.30,-3.84,12.61,-0.20,0.33,1.36,-7.65,-1.75,10.07,-0.88,0.48,0.76,1.00,10.69,-7.93,-0.55,0.88,-1.28
11.366112,8.48,-3.89,8.09,0.35,-0.58,1.11,-27.69,31.31,-52.62,2.81,-1.66,13.22,-0.27,0.34,1.22,-10.62,-4.93,2.19,-1.97,-0.15,-0.23,-1.08,-3.73,12.31,-0.32,0.42,1.27,-8.04,-1.89,9.28,-0.91,0.54,0.64,0.21,10.34,-8.11,-0.65,0.81,-1.26
11.366124,8.10,-4.31,7.82,-0.04,-0.75,0.86,-27.69,31.31,-52.62,2.39,-1.67,13.24,-0.40,0.40,1.11,-10.49,-5.32,1.44,-1.63,-0.02,-0.44,-1.51,-3.57,11.98,-0.39,0.54,1.12,-8.34,-1.71,8.87,-0.88,0.63,0.46,-0.44,10.10,-8.15,-0.56,0.50,-1.27
11.366135,7.71,-4.47,7.63,-0.27,-0.75,0.79,-27.69,31.31,-52.62,1.77,-1.54,13.02,-0.51,0.49,0.98,-10.34,-5.39,1.02,-1.30,0.09,-0.64,-1.88,-3.19,11.84,-0.43,0.66,0.98,-8.31,-1.51,8.40,-0.84,0.76,0.28,-0.82,9.90,-8.12,-0.51,0.21,-1.27
11.366148,7.33,-4.62,7.56,-0.48,-0.78,0.72,-27.69,31.31,-52.62,1.16,-1.19,13.07,-0.63,0.57,0.80,-10.17,-5.54,0.45,-1.07,0.18,-0.85,-2.25,-2.70,11.72,-0.47,0.82,0.82,-8.52,-1.16,7.95,-0.77,0.90,0.10,-1.34,9.66,-8.23,-0.53,-0.10,-1.30
11.376849,6.34,-5.12,7.33,-0.75,-0.85,0.62,-27.69,31.31,-52.62,0.67,-1.00,12.74,-0.82,0.68,0.61,-10.11,-5.00,0.09,-0.82,0.28,-1.12,-2.55,-2.13,11.50,-0.54,1.03,0.62,-8.63,-0.54,7.60,-0.70,1.11,-0.11,-1.28,9.12,-8.41,-0.62,-0.41,-1.30
11.394896,5.88,-5.66,7.13,-0.93,-0.94,0.51,-27.69,31.31,-52.62,0.28,-1.08,11.82,-0.92,0.68,0.54,-10.00,-4.49,-0.07,-0.69,0.25,-1.22,-2.77,-1.79,10.97,-0.61,1.08,0.54,-8.66,-0.21,7.30,-0.71,1.12,-0.26,-1.15,8.60,-8.42,-0.70,-0.49,-1.20
11.415749,5.88,-5.66,7.13,-0.80,-0.99,0.39,-29.44,39.75,-52.25,-0.28,-1.05,11.01,-0.95,0.57,0.45,-9.40,-4.06,-0.35,-0.53,0.19,-1.21,-3.26,-1.62,9.99,-0.69,1.02,0.40,-8.28,-0.38,6.34,-0.69,1.04,-0.37,-1.21,7.89,-8.13,-0.72,-0.51,-1.03
11.438908,5.30,-4.96,6.71,-0.80,-0.99,0.39,-31.31,37.50,-50.44,-0.51,-0.75,10.84,-0.96,0.50,0.29,-8.76,-4.12,-0.89,-0.40,0.20,-1.16,-3.15,-1.44,9.50,-0.69,0.97,0.24,-7.88,-0.43,5.78,-0.59,1.01,-0.45,-1.65,7.40,-7.85,-0.73,-0.57,-0.90
11.460418,5.00,-4.77,6.57,-0.80,-0.75,0.11,-31.31,37.50,-50.44,-0.54,-0.51,10.75,-0.99,0.55,0.09,-8.47,-4.14,-1.06,-0.33,0.24,-1.16,-3.06,-1.12,9.45,-0.66,1.02,0.05,-7.88,-0.09,5.62,-0.46,1.00,-0.59,-1.78,7.20,-7.73,-0.78,-0.69,-0.84
11.870488,4.80,-4.81,6.18,-1.02,-0.70,0.01,-31.31,37.50,-50.44,-0.45,-0.57,10.42,-1.05,0.59,-0.07,-8.44,-4.01,-0.96,-0.18,0.27,-1.23,-2.87,-1.10,9.25,-0.67,1.08,-0.11,-7.53,0.00,5.66,-0.39,1.00,-0.73,-1.62,7.08,-7.65,-0.82,-0.83,-0.77
11.872592,5.00,-4.89,5.60,-1.12,-0.74,-0.09,-33.06,41.44,-47.88,-0.26,-0.96,9.83,-1.12,0.58,-0.19,-8.04,-3.85,-0.91,0.02,0.26,-1.32,-2.77,-1.31,8.85,-0.72,1.11,-0.23,-7.27,-0.24,5.44,-0.36,0.98,-0.84,-1.58,6.78,-7.26,-0.82,-0.94,-0.67
11.87261,5.30,-4.93,5.41,-1.13,-0.74,-0.16,-32.75,41.62,-48.62,-0.25,-1.30,9.56,-1.13,0.59,-0.27,-7.48,-3.88,-1.02,0.15,0.29,-1.32,-2.81,-1.73,8.15,-0.71,1.14,-0.31,-6.87,-0.65,4.90,-0.30,0.98,-0.88,-1.81,6.52,-6.80,-0.78,-1.00,-0.58
11.872622,5.31,-5.04,5.14,-1.13,-0.74,-0.16,-32.75,41.62,-48.62,-0.56,-1.42,9.44,-1.13,0.61,-0.35,-7.14,-4.34,-1.15,0.25,0.35,-1.32,-3.17,-1.76,7.98,-0.66,1.18,-0.38,-7.08,-0.83,4.48,-0.22,1.00,-0.92,-2.25,6.56,-6.47,-0.74,-1.07,-0.52
11.872633,5.19,-4.96,4.72,-1.30,-0.63,-0.29,-33.94,42.06,-46.56,-1.06,-1.69,8.98,-1.17,0.62,-0.49,-6.97,-4.70,-1.06,0.37,0.37,-1.31,-3.82,-1.67,7.74,-0.65,1.20,-0.53,-7.45,-0.92,4.10,-0.14,1.01,-0.99,-2.52,6.67,-6.16,-0.75,-1.15,-0.41
11.872643,5.11,-5.12,4.34,-1.30,-0.63,-0.29,-32.75,43.81,-46.12,-1.35,-2.12,8.25,-1.19,0.52,-0.61,-6.77,-4.85,-0.81,0.50,0.28,-1.27,-4.19,-1.79,7.20,-0.69,1.12,-0.67,-7.70,-1.05,3.78,-0.10,0.93,-1.10,-2.52,6.73,-5.79,-0.81,-1.15,-0.25
11.872657,5.15,-5.23,3.27,-1.30,-0.63,-0.29,-33.94,41.00,-46.00,-1.36,-2.60,7.43,-1.18,0.35,-0.71,-6.42,-4.65,-0.45,0.63,0.14,-1.19,-4.33,-2.06,6.53,-0.74,0.97,-0.81,-7.54,-1.33,3.40,-0.09,0.74,-1.22,-2.26,6.56,-5.32,-0.87,-1.08,-0.04
11.872741,5.31,-4.93,2.77,-0.88,-0.56,-0.87,-33.94,41.00,-46.00,-0.98,-3.02,6.72,-1.08,0.10,-0.79,-5.62,-4.67,-0.31,0.75,-0.05,-1.03,-3.87,-2.58,5.63,-0.77,0.69,-0.92,-6.65,-1.76,3.04,-0.08,0.46,-1.29,-2.26,6.25,-4.57,-0.89,-0.93,0.21
11.87276,5.23,-4.20,2.58,-0.71,-0.49,-0.97,-33.94,41.00,-46.00,-0.55,-2.85,6.97,-1.04,-0.02,-0.85,-4.92,-4.97,-0.36,0.85,-0.10,-0.97,-3.34,-2.64,5.72,-0.78,0.57,-1.00,-5.99,-2.05,2.91,-0.05,0.36,-1.34,-2.51,6.07,-4.00,-0.90,-0.93,0.32
11.872774,5.19,-3.51,2.46,-0.71,-0.49,-0.97,-34.31,41.50,-42.44,-0.19,-2.80,7.09,-1.07,0.01,-0.96,-4.46,-5.21,-0.30,0.96,-0.06,-0.99,-2.95,-2.90,5.54,-0.77,0.61,-1.09,-5.56,-2.38,2.77,0.03,0.40,-1.42,-2.59,6.06,-3.57,-0.89,-1.05,0.37
11.872786,5.57,-3.16,2.08,-0.71,-0.49,-0.97,-33.38,40.56,-44.12,-0.06,-3.16,6.59,-1.13,0.06,-1.09,-4.40,-5.29,0.25,1.10,-0.01,-1.03,-3.05,-3.26,5.23,-0.75,0.67,-1.23,-5.72,-2.76,2.74,0.12,0.43,-1.53,-2.26,6.33,-3.19,-0.91,-1.17,0.44
11.872795,5.99,-3.32,1.62,-1.21,-0.41,-1.17,-33.38,40.56,-44.12,0.20,-3.92,5.31,-1.10,-0.03,-1.20,-4.33,-4.77,1.15,1.20,-0.07,-0.96,-3.01,-3.83,4.38,-0.74,0.56,-1.34,-5.39,-3.17,2.66,0.16,0.30,-1.60,-1.43,6.39,-2.73,-0.92,-1.12,0.60
11.872805,6.22,-3.39,1.27,-1.21,-0.41,-1.17,-34.88,39.12,-42.06,0.90,-4.09,4.91,-0.99,-0.22,-1.24,-3.88,-4.64,1.70,1.26,-0.21,-0.82,-2.26,-4.14,4.14,-0.73,0.35,-1.39,-4.47,-3.48,2.77,0.18,0.09,-1.60,-1.04,6.32,-2.12,-0.92,-1.00,0.76
11.875506,6.10,-2.63,1.16,-1.21,-0.41,-1.17,-34.62,36.00,-40.44,1.87,-4.18,4.85,-0.93,-0.33,-1.27,-3.28,-4.63,2.18,1.30,-0.28,-0.73,-1.29,-4.58,4.00,-0.73,0.22,-1.42,-3.48,-3.95,3.00,0.20,-0.02,-1.59,-0.75,6.31,-1.45,-0.92,-0.93,0.84
11.875525,6.95,-0.52,0.39,-0.71,-0.26,-1.43,-34.62,36.00,-40.44,2.78,-4.57,4.69,-0.91,-0.36,-1.27,-2.87,-4.90,3.03,1.34,-0.31,-0.69,-0.62,-5.31,3.76,-0.74,0.20,-1.43,-2.89,-4.71,3.20,0.21,-0.05,-1.59,-0.37,6.72,-0.61,-0.91,-0.92,0.89
11.875537,7.56,-0.29,-0.07,-0.71,-0.26,-1.43,-35.25,33.31,-40.31,3.40,-5.34,3.88,-0.89,-0.39,-1.27,-2.50,-4.96,3.96,1.38,-0.34,-0.66,-0.34,-6.22,3.03,-0.72,0.15,-1.43,-2.47,-5.54,3.13,0.22,-0.11,-1.57,0.16,7.02,0.20,-0.90,-0.89,0.94
11.875548,8.02,-0.06,-0.45,-0.71,-0.26,-1.43,-35.25,33.31,-40.31,4.08,-6.09,2.92,-0.75,-0.49,-1.25,-2.05,-4.90,5.00,1.39,-0.39,-0.55,0.06,-7.04,2.36,-0.65,-0.01,-1.42,-1.78,-6.47,2.98,0.25,-0.26,-1.51,0.77,7.29,1.11,-0.86,-0.78,1.03
11.875559,8.25,0.55,-0.79,-0.51,-0.18,-1.47,-35.25,33.31,-40.31,4.81,-6.71,2.34,-0.61,-0.61,-1.21,-1.59,-4.81,6.01,1.36,-0.49,-0.40,0.62,-7.91,1.71,-0.57,-0.19,-1.39,-1.06,-7.27,2.97,0.28,-0.44,-1.41,1.36,7.47,1.97,-0.82,-0.63,1.11
11.877282,8.90,1.24,-1.75,-0.03,-0.03,-1.49,-35.25,31.25,-41.06,5.60,-7.61,1.19,-0.38,-0.81,-1.11,-1.06,-4.68,7.24,1.28,-0.67,-0.14,1.17,-8.84,0.80,-0.46,-0.49,-1.30,-0.31,-8.15,2.94,0.27,-0.72,-1.23,2.18,7.72,3.12,-0.75,-0.32,1.23
11.89514,9.06,1.70,-2.55,-0.03,-0.03,-1.49,-36.19,26.00,-38.31,6.46,-8.50,0.20,-0.16,-1.05,-0.97,-0.37,-4.75,8.24,1.18,-0.92,0.14,1.85,-9.91,-0.07,-0.42,-0.80,-1.15,0.68,-9.10,2.84,0.21,-1.02,-1.04,2.63,7.86,4.24,-0.68,0.05,1.34
11.916911,9.56,2.24,-3.29,-0.03,-0.03,-1.49,-34.12,24.56,-38.06,7.71,-8.89,0.00,0.14,-1.20,-0.84,1.38,-5.06,8.05,1.04,-0.98,0.39,3.07,-11.00,-0.89,-0.27,-1.06,-0.96,2.52,-10.43,2.26,0.20,-1.19,-0.82,2.18,7.16,5.55,-0.47,0.28,1.35
11.939074,10.55,4.30,-2.75,-0.03,-0.03,-1.49,-34.12,24.56,-38.06,8.56,-8.37,1.63,0.39,-0.90,-0.81,2.50,-5.65,7.33,0.91,-0.54,0.51,4.10,-11.42,-0.31,0.07,-0.89,-0.83,3.70,-11.21,2.16,0.42,-0.94,-0.54,1.43,6.92,6.00,-0.06,0.12,1.13
11.961356,10.44,3.35,-1.48,0.25,0.81,-0.69,-34.12,24.56,-38.06,8.64,-8.24,2.66,0.49,-0.34,-0.85,1.04,-5.68,7.98,0.76,0.03,0.52,3.95,-11.15,1.09,0.38,-0.48,-0.73,2.61,-10.64,3.49,0.66,-0.49,-0.30,2.06,8.10,5.04,0.30,-0.14,0.84
12.383505,10.55,1.93,-1.33,-0.29,1.02,-0.32,-34.12,24.56,-38.06,8.26,-8.87,1.86,0.62,-0.19,-0.74,-1.17,-4.94,9.73,0.58,0.15,0.65,2.86,-11.15,1.36,0.55,-0.44,-0.56,0.75,-10.23,4.49,0.71,-0.47,-0.06,3.63,9.47,4.11,0.46,-0.00,0.78
12.383565,11.01,1.55,-1.29,0.08,0.96,-0.28,-34.12,24.56,-38.06,8.61,-9.12,1.85,0.89,-0.41,-0.54,-1.63,-4.92,10.11,0.39,-0.03,0.94,3.09,-11.56,1.65,0.64,-0.79,-0.38,0.71,-10.54,5.12,0.65,-0.76,0.16,3.75,9.88,3.97,0.56,0.39,0.87
12.383577,12.20,3.62,0.43,0.90,1.21,-0.16,-34.12,24.56,-38.06,9.68,-8.14,4.43,1.12,-0.39,-0.41,-1.67,-5.81,9.33,0.20,0.07,1.13,4.42,-11.56,3.51,0.79,-0.86,-0.24,1.17,-10.56,6.34,0.62,-0.74,0.33,3.02,10.26,3.54,0.76,0.48,0.76
12.383589,11.97,3.73,1.54,0.90,1.21,-0.16,-31.44,19.94,-41.62,10.23,-7.35,6.30,1.11,-0.08,-0.33,-3.00,-5.63,9.63,0.06,0.37,1.06,4.93,-11.07,5.40,0.85,-0.59,-0.09,0.94,-9.94,7.79,0.62,-0.44,0.44,3.66,11.06,2.47,0.89,0.33,0.51
12.3836,11.70,2.93,2.00,0.90,1.21,-0.16,-31.44,19.94,-41.62,10.26,-7.47,6.11,1.05,0.04,-0.10,-4.95,-4.78,10.69,-0.16,0.41,1.00,4.69,-11.04,5.82,0.83,-0.50,0.16,-0.17,-9.46,8.77,0.48,-0.34,0.61,4.97,11.97,1.30,0.90,0.42,0.30
12.38361,12.24,1.93,2.84,0.72,0.87,0.46,-31.12,21.50,-44.38,9.95,-7.25,6.28,1.16,-0.13,0.17,-5.82,-4.42,10.67,-0.37,0.21,1.12,4.29,-10.89,6.13,0.86,-0.71,0.39,-0.62,-9.43,8.88,0.39,-0.55,0.87,5.15,12.13,0.52,0.90,0.75,0.26
12.383621,12.20,2.12,3.30,0.72,0.87,0.46,-30.81,21.44,-44.06,10.02,-6.39,7.29,1.25,-0.19,0.32,-6.06,-4.40,9.98,-0.54,0.11,1.22,4.61,-10.25,7.03,0.90,-0.80,0.55,-0.68,-8.73,9.50,0.35,-0.65,1.07,4.87,11.98,-0.10,0.93,0.95,0.21
12.383635,11.66,2.27,3.84,0.72,0.87,0.46,-30.25,20.19,-44.19,9.90,-5.56,7.71,1.24,-0.20,0.48,-6.68,-4.14,9.74,-0.71,0.07,1.20,4.80,-9.25,7.80,0.86,-0.83,0.70,-1.14,-7.51,10.26,0.22,-0.66,1.17,5.14,11.99,-0.86,0.86,1.05,0.10
12.383645,9.67,2.01,3.88,0.72,0.87,0.46,-30.81,23.06,-45.06,9.65,-5.23,6.74,1.24,-0.32,0.75,-6.85,-2.91,9.71,-0.96,-0.11,1.18,4.76,-8.69,7.22,0.75,-0.98,0.94,-0.99,-6.87,10.02,-0.01,-0.79,1.27,5.86,11.15,-1.18,0.71,1.31,-0.02
12.383656,9.63,1.82,3.77,1.51,0.41,0.79,-30.81,23.06,-45.06,9.45,-4.92,6.07,1.37,-0.47,0.98,-6.03,-2.28,8.65,-1.20,-0.28,1.33,4.93,-8.57,6.16,0.75,-1.18,1.16,0.06,-7.03,8.88,-0.15,-0.95,1.48,5.44,9.82,-1.14,0.77,1.62,-0.07
12.383666,9.74,2.12,4.03,1.51,0.41,0.79,-29.94,21.62,-44.81,9.05,-3.85,6.86,1.51,-0.42,1.12,-5.47,-2.50,7.36,-1.34,-0.23,1.47,5.01,-7.71,6.44,0.89,-1.17,1.32,0.32,-6.46,8.42,-0.12,-0.93,1.72,4.55,9.10,-1.40,0.95,1.72,-0.17
12.383678,8.14,2.20,4.26,1.51,0.41,0.79,-30.25,20.19,-44.19,8.02,-3.08,6.83,1.53,-0.25,1.23,-5.72,-2.54,6.64,-1.43,-0.07,1.46,4.30,-6.38,6.76,0.97,-1.02,1.45,-0.59,-5.15,8.36,-0.11,-0.79,1.87,4.19,8.79,-2.01,1.06,1.67,-0.32
12.383688,7.45,1.28,3.84,1.51,0.41,0.79,-30.25,20.19,-44.19,7.11,-3.06,5.78,1.61,-0.25,1.30,-5.67,-1.92,6.07,-1.52,-0.08,1.48,3.59,-6.00,5.84,1.00,-1.08,1.53,-0.83,-4.77,7.55,-0.14,-0.82,1.95,4.07,8.02,-2.33,1.11,1.74,-0.38
12.383699,7.29,0.67,3.80,1.62,0.71,1.32,-30.25,20.19,-44.19,6.60,-2.37,6.51,1.76,-0.19,1.33,-5.26,-2.02,4.65,-1.60,0.02,1.57,3.50,-5.43,5.96,1.15,-1.09,1.59,-0.60,-4.52,6.84,-0.04,-0.79,2.10,3.09,7.25,-2.74,1.26,1.77,-0.42
12.385713,7.53,0.67,4.61,1.62,0.71,1.32,-31.12,19.62,-41.88,5.82,-1.70,7.11,1.83,0.02,1.29,-5.56,-2.06,3.82,-1.62,0.24,1.63,3.03,-4.54,6.51,1.31,-0.93,1.60,-1.21,-3.69,6.75,0.11,-0.65,2.23,2.65,7.00,-3.42,1.45,1.66,-0.48
12.385733,5.57,-0.98,4.57,1.35,1.18,1.58,-31.12,19.62,-41.88,4.67,-1.36,6.50,1.90,0.11,1.27,-6.37,-1.57,3.58,-1.63,0.30,1.72,1.94,-3.51,6.33,1.42,-0.90,1.61,-2.32,-2.42,6.83,0.19,-0.63,2.29,2.77,6.90,-4.32,1.55,1.69,-0.45
12.385748,5.57,-0.98,4.57,1.58,1.18,1.56,-29.88,22.44,-46.44,4.16,-0.72,7.36,1.98,0.10,1.27,-6.50,-1.91,2.46,-1.67,0.31,1.76,1.74,-2.84,6.94,1.49,-0.94,1.62,-2.77,-1.83,6.78,0.22,-0.64,2.34,1.81,6.68,-4.96,1.60,1.69,-0.46
12.38576,5.53,-1.02,6.18,1.58,1.18,1.56,-29.88,22.44,-46.44,3.35,-0.08,8.58,1.95,0.26,1.18,-6.84,-2.49,1.35,-1.61,0.49,1.67,1.15,-2.16,7.81,1.58,-0.78,1.56,-3.45,-1.27,6.66,0.33,-0.49,2.32,0.97,6.67,-5.68,1.65,1.49,-0.52
12.385772,5.34,-1.94,6.33,1.58,1.18,1.56,-30.19,21.81,-45.50,2.15,-0.36,7.63,1.92,0.32,1.07,-7.68,-1.94,1.64,-1.49,0.57,1.63,-0.22,-1.62,7.62,1.61,-0.73,1.48,-4.96,-0.67,6.42,0.41,-0.50,2.28,1.53,6.78,-6.24,1.66,1.39,-0.49
12.39215,5.00,-3.05,5.72,0.99,1.24,1.54,-30.19,21.81,-45.50,1.73,-0.57,6.78,2.07,0.06,1.02,-8.00,-1.30,1.52,-1.44,0.37,1.82,-0.66,-1.59,6.99,1.60,-1.05,1.39,-4.95,-0.56,6.23,0.41,-0.79,2.27,1.63,6.47,-6.60,1.66,1.60,-0.28
12.406993,5.46,-2.63,6.95,1.52,1.27,1.29,-29.25,25.06,-49.69,2.01,0.45,8.95,2.22,-0.06,0.94,-7.75,-2.11,0.10,-1.38,0.35,1.96,0.03,-1.26,8.24,1.69,-1.18,1.29,-4.70,-0.44,6.42,0.49,-0.86,2.25,0.28,6.32,-7.06,1.75,1.63,-0.16
12.432571,4.69,-3.09,8.48,1.52,1.27,1.29,-29.25,25.06,-49.69,1.54,1.62,11.81,2.04,0.28,0.69,-9.03,-2.96,-0.61,-1.18,0.64,1.79,-0.36,-0.06,10.87,1.73,-0.78,1.10,-6.46,0.73,7.54,0.68,-0.52,2.06,-0.34,7.21,-8.42,1.78,1.21,-0.19
12.45402,4.73,-4.77,8.36,0.55,1.45,1.16,-29.25,25.06,-49.69,0.72,0.89,10.80,1.85,0.31,0.58,-10.71,-2.21,0.23,-1.01,0.62,1.66,-1.64,-0.04,10.81,1.60,-0.71,0.96,-8.05,1.22,8.10,0.68,-0.52,1.84,0.68,7.93,-9.38,1.65,1.10,-0.12
12.476361,5.38,-5.58,8.62,1.04,1.29,0.86,-29.25,25.06,-49.69,0.47,0.77,11.09,1.88,0.02,0.52,-11.21,-2.26,0.11,-0.89,0.37,1.73,-2.00,-0.19,11.18,1.49,-0.97,0.84,-8.39,0.95,8.13,0.64,-0.80,1.69,0.43,8.18,-9.79,1.51,1.24,0.13
12.89332,5.57,-4.20,9.70,1.04,1.29,0.86,-27.44,26.00,-53.50,0.78,1.43,12.80,1.81,-0.13,0.38,-11.43,-2.84,-0.48,-0.73,0.27,1.71,-1.45,0.06,12.48,1.37,-1.01,0.65,-8.33,1.25,8.88,0.67,-0.88,1.49,-0.09,8.44,-10.18,1.39,1.18,0.28
12.893355,5.07,-4.43,9.77,1.13,1.33,0.48,-27.44,26.00,-53.50,0.61,1.70,12.98,1.64,-0.18,0.26,-11.99,-2.72,-0.15,-0.58,0.20,1.58,-1.65,0.40,12.87,1.22,-0.99,0.51,-8.91,1.67,9.29,0.63,-0.87,1.27,0.34,8.75,-10.50,1.20,1.06,0.37
12.893369,4.80,-4.47,9.55,0.94,1.12,0.31,-27.44,26.00,-53.50,0.57,1.58,12.24,1.52,-0.39,0.15,-12.11,-2.13,0.22,-0.41,-0.02,1.50,-1.73,0.26,12.24,1.04,-1.14,0.35,-8.78,1.53,9.11,0.56,-1.01,1.05,0.89,8.56,-10.48,1.00,1.06,0.54
12.893381,5.04,-4.35,9.63,1.16,0.97,-0.00,-27.44,26.00,-53.50,1.14,1.83,12.33,1.47,-0.59,0.04,-11.59,-1.87,0.03,-0.25,-0.19,1.50,-0.92,0.10,12.07,0.94,-1.26,0.18,-7.86,1.30,8.98,0.56,-1.15,0.86,0.92,8.09,-10.27,0.88,1.06,0.71
12.893394,4.88,-2.93,10.09,1.16,0.97,-0.00,-23.88,21.44,-53.12,1.80,2.30,12.66,1.38,-0.59,-0.12,-11.00,-1.61,-0.18,-0.07,-0.20,1.42,-0.05,0.29,12.29,0.87,-1.19,0.01,-6.92,1.44,9.23,0.62,-1.12,0.67,1.04,7.62,-10.08,0.80,0.91,0.80
12.893405,4.50,-2.67,10.05,0.71,1.00,-0.29,-23.56,22.62,-54.38,2.08,2.69,12.91,1.24,-0.50,-0.24,-10.88,-1.46,-0.19,0.06,-0.09,1.26,0.50,0.42,12.38,0.81,-1.03,-0.12,-6.58,1.68,9.50,0.66,-0.96,0.51,1.13,7.53,-10.09,0.73,0.68,0.79
12.893417,4.34,-2.67,10.16,0.71,1.00,-0.29,-23.56,22.62,-54.38,1.87,3.12,13.26,1.04,-0.37,-0.40,-11.09,-1.46,-0.10,0.25,0.02,1.03,0.28,0.70,12.70,0.72,-0.81,-0.29,-6.95,1.82,9.59,0.71,-0.77,0.28,1.25,7.64,-10.26,0.62,0.38,0.79
12.893428,4.50,-2.89,10.55,0.14,0.82,-0.54,-23.56,22.62,-54.38,1.85,3.00,12.85,0.81,-0.31,-0.62,-11.37,-1.08,0.21,0.47,0.07,0.84,0.18,0.73,12.62,0.60,-0.64,-0.52,-7.06,1.91,9.74,0.77,-0.66,0.03,1.75,7.69,-10.41,0.50,0.13,0.85
12.893441,4.42,-2.67,10.39,0.11,0.76,-0.72,-23.56,22.62,-54.38,2.14,3.14,12.82,0.65,-0.34,-0.76,-11.44,-0.91,0.52,0.64,0.04,0.70,0.58,0.81,12.80,0.47,-0.57,-0.69,-6.83,2.09,10.15,0.77,-0.64,-0.17,2.02,7.78,-10.32,0.36,-0.00,0.92
12.893454,4.31,-1.86,10.39,0.04,0.64,-0.86,-23.56,22.62,-54.38,2.76,3.39,13.25,0.41,-0.32,-0.88,-11.25,-0.92,0.61,0.78,0.01,0.51,1.31,0.71,13.05,0.31,-0.41,-0.84,-6.30,2.04,10.48,0.74,-0.50,-0.41,2.10,7.77,-10.16,0.19,-0.18,0.94
12.893465,4.54,-1.67,10.51,-0.27,0.50,-0.93,-23.56,22.62,-54.38,3.18,3.27,13.31,0.16,-0.23,-0.99,-11.15,-1.02,0.67,0.91,0.05,0.26,1.62,0.40,13.02,0.17,-0.19,-0.97,-6.00,1.75,10.56,0.73,-0.31,-0.64,2.11,7.82,-10.04,0.04,-0.42,0.91
12.893579,4.92,-1.67,10.55,-0.27,0.50,-0.93,-20.62,18.50,-56.19,3.47,3.10,13.37,-0.06,-0.10,-1.11,-10.99,-1.00,0.70,1.07,0.18,-0.00,1.79,0.01,12.88,0.09,0.05,-1.09,-5.76,1.37,10.46,0.77,-0.11,-0.82,2.17,7.80,-9.91,-0.05,-0.73,0.85
12.893592,5.50,-1.67,10.58,-0.27,0.50,-0.93,-18.81,19.94,-58.31,3.96,2.90,13.50,-0.28,0.09,-1.23,-11.06,-1.11,0.81,1.23,0.37,-0.27,2.10,-0.23,13.14,0.03,0.33,-1.20,-5.71,1.28,10.89,0.83,0.16,-1.00,2.21,8.01,-9.88,-0.11,-1.07,0.76
12.893609,5.53,-1.52,10.55,-1.21,0.30,-1.02,-18.81,19.94,-58.31,4.29,2.74,13.62,-0.55,0.31,-1.33,-11.49,-0.99,1.25,1.35,0.54,-0.58,2.38,-0.49,13.34,-0.07,0.66,-1.29,-5.60,1.20,11.35,0.83,0.49,-1.18,2.60,8.41,-10.01,-0.21,-1.39,0.64
12.895887,5.80,-1.79,10.55,-1.49,0.18,-1.02,-18.81,19.94,-58.31,4.38,2.48,13.50,-0.77,0.44,-1.38,-11.93,-1.04,1.68,1.39,0.59,-0.81,2.34,-0.78,13.32,-0.16,0.89,-1.32,-5.97,1.02,11.51,0.81,0.68,-1.29,2.85,8.86,-10.11,-0.34,-1.56,0.56
12.895904,6.80,-2.17,10.28,-1.63,-0.09,-1.13,-18.81,19.94,-58.31,4.00,1.71,12.53,-0.91,0.46,-1.46,-12.05,-0.96,2.09,1.48,0.58,-0.96,1.38,-1.20,12.75,-0.27,0.96,-1.40,-6.55,0.45,11.09,0.78,0.71,-1.41,3.11,9.02,-9.92,-0.44,-1.66,0.57
12.895914,7.10,-2.21,10.13,-1.46,-0.01,-1.26,-18.81,19.94,-58.31,4.03,1.27,12.15,-0.91,0.36,-1.57,-12.01,-1.02,2.41,1.54,0.52,-0.94,1.26,-1.48,12.63,-0.33,0.87,-1.52,-6.67,0.19,11.07,0.77,0.61,-1.52,3.20,9.22,-9.65,-0.49,-1.65,0.66
12.895924,6.84,-1.86,9.93,-1.46,-0.01,-1.26,-18.81,19.94,-58.31,4.58,1.18,12.43,-0.95,0.22,-1.64,-12.02,-1.18,2.78,1.57,0.41,-0.93,1.79,-1.66,12.88,-0.44,0.79,-1.63,-6.33,0.19,11.50,0.72,0.51,-1.63,3.35,9.48,-9.45,-0.60,-1.59,0.73
12.897377,7.07,-1.52,9.55,-1.34,-0.17,-1.39,-17.50,25.94,-62.56,5.17,0.88,12.34,-1.02,0.14,-1.63,-11.74,-1.41,3.03,1.57,0.27,-0.98,2.32,-2.11,12.67,-0.57,0.75,-1.66,-5.69,-0.15,11.66,0.60,0.48,-1.72,3.32,9.56,-9.01,-0.73,-1.55,0.75
12.914606,7.37,-1.17,9.32,-1.33,-0.28,-1.38,-17.50,25.94,-62.56,5.65,0.59,12.37,-1.09,0.14,-1.61,-11.23,-1.54,3.10,1.57,0.24,-1.06,2.76,-2.66,12.33,-0.65,0.81,-1.64,-5.10,-0.75,11.42,0.52,0.55,-1.77,3.32,9.45,-8.50,-0.80,-1.59,0.71
12.935972,7.37,-1.17,9.32,-1.44,-0.33,-1.31,-16.31,27.75,-62.50,6.22,0.06,11.85,-1.15,0.22,-1.55,-10.76,-1.36,3.41,1.51,0.29,-1.11,3.26,-3.28,11.77,-0.68,0.90,-1.59,-4.41,-1.28,11.35,0.46,0.64,-1.74,3.61,9.37,-8.00,-0.80,-1.60,0.62
12.961742,7.83,-0.45,8.59,-1.44,-0.33,-1.31,-16.31,29.56,-62.44,6.66,-0.11,11.70,-1.19,0.31,-1.47,-10.48,-1.42,3.87,1.39,0.37,-1.17,3.56,-3.56,11.69,-0.70,1.01,-1.49,-4.00,-1.61,11.42,0.40,0.75,-1.70,3.87,9.49,-7.54,-0.78,-1.62,0.46
12.982363,7.75,-0.18,8.40,-1.55,-0.35,-1.03,-16.31,29.56,-62.44,7.16,-0.31,11.47,-1.25,0.43,-1.34,-10.38,-1.44,4.36,1.26,0.42,-1.27,4.07,-3.92,11.40,-0.73,1.12,-1.36,-3.49,-1.79,11.62,0.30,0.88,-1.64,4.16,9.66,-7.22,-0.80,-1.63,0.29
13.403287,7.71,-0.21,8.17,-1.55,-0.35,-1.03,-16.62,30.31,-63.69,7.18,-0.84,10.58,-1.30,0.49,-1.17,-10.26,-1.13,4.98,1.08,0.38,-1.32,3.90,-4.29,10.68,-0.77,1.16,-1.18,-3.45,-2.12,11.35,0.17,0.94,-1.53,4.68,9.66,-6.82,-0.85,-1.52,0.15
13.403317,7.83,-0.37,7.82,-1.52,-0.59,-0.76,-16.62,30.31,-63.69,7.19,-1.48,9.56,-1.25,0.41,-0.95,-9.91,-0.90,5.43,0.90,0.25,-1.27,3.82,-4.63,9.98,-0.80,1.06,-0.99,-3.16,-2.44,11.04,0.02,0.85,-1.38,4.95,9.52,-6.31,-0.88,-1.30,0.09
13.403332,7.99,-0.18,6.29,-0.85,-0.70,-0.55,-16.62,30.31,-63.69,7.20,-2.13,8.59,-1.14,0.27,-0.69,-9.00,-0.95,5.65,0.68,0.07,-1.14,3.74,-5.18,8.90,-0.82,0.85,-0.72,-2.53,-3.08,10.28,-0.17,0.67,-1.15,4.91,9.17,-5.41,-0.86,-0.99,0.01
13.403346,8.13,0.28,5.95,-0.56,-0.67,-0.39,-16.62,30.31,-63.69,7.23,-2.44,8.26,-0.99,0.18,-0.46,-8.02,-1.30,5.55,0.47,0.00,-1.01,3.70,-5.55,8.24,-0.78,0.68,-0.50,-2.01,-3.66,9.54,-0.27,0.56,-0.94,4.48,8.84,-4.61,-0.79,-0.76,-0.08
13.403357,8.07,0.63,5.76,-0.56,-0.67,-0.39,-18.62,36.75,-65.50,7.39,-2.42,8.35,-0.87,0.21,-0.29,-7.41,-1.63,5.43,0.27,0.03,-0.94,4.00,-5.65,8.10,-0.70,0.65,-0.31,-1.65,-3.86,9.34,-0.33,0.57,-0.75,4.18,8.70,-4.16,-0.70,-0.64,-0.22
13.403368,7.87,0.74,5.76,-0.56,-0.67,-0.39,-18.62,36.75,-65.50,7.35,-2.38,8.39,-0.80,0.31,-0.15,-7.18,-1.68,5.40,0.09,0.11,-0.92,3.96,-5.69,8.02,-0.62,0.69,-0.15,-1.55,-4.00,9.11,-0.36,0.64,-0.60,4.14,8.59,-3.98,-0.62,-0.58,-0.38
13.403378,7.99,0.21,5.87,-0.65,-0.55,0.20,-18.62,36.75,-65.50,7.18,-2.70,8.00,-0.70,0.43,0.01,-7.33,-1.57,5.54,-0.12,0.18,-0.85,3.71,-5.78,7.84,-0.54,0.72,0.05,-1.73,-4.03,8.99,-0.40,0.70,-0.37,4.26,8.67,-4.04,-0.50,-0.46,-0.52
13.403393,7.95,-0.21,5.72,-0.46,-0.52,0.36,-18.62,36.75,-65.50,6.88,-2.89,7.75,-0.58,0.40,0.19,-7.64,-1.52,5.78,-0.31,0.12,-0.72,3.25,-5.73,7.77,-0.48,0.62,0.25,-2.20,-3.92,9.00,-0.46,0.61,-0.14,4.41,8.89,-4.16,-0.42,-0.24,-0.59
13.403408,7.91,-0.45,5.64,-0.46,-0.52,0.36,-18.94,38.62,-65.81,6.79,-2.80,7.98,-0.45,0.29,0.42,-7.66,-1.80,5.66,-0.52,0.02,-0.60,3.15,-5.61,7.98,-0.45,0.46,0.45,-2.40,-3.73,9.13,-0.57,0.48,0.06,4.14,9.00,-4.19,-0.39,0.00,-0.66
13.403419,7.71,0.02,5.68,-0.46,-0.52,0.36,-19.56,37.81,-64.19,6.56,-2.61,8.28,-0.38,0.25,0.61,-7.51,-2.15,5.34,-0.69,-0.05,-0.55,3.00,-5.43,8.15,-0.44,0.36,0.64,-2.57,-3.71,8.86,-0.69,0.42,0.20,3.71,8.92,-4.14,-0.38,0.17,-0.77
13.40343,7.71,-0.14,5.57,0.12,-0.66,0.65,-19.56,37.81,-64.19,6.21,-2.74,7.95,-0.33,0.21,0.75,-7.42,-2.01,5.33,-0.83,-0.12,-0.50,2.60,-5.39,7.75,-0.44,0.28,0.79,-2.77,-3.73,8.48,-0.76,0.35,0.33,3.75,8.75,-4.07,-0.37,0.31,-0.82
13.403441,7.68,-0.60,5.22,0.25,-0.68,0.73,-19.56,37.81,-64.19,5.98,-3.06,7.21,-0.21,0.08,0.93,-7.33,-1.81,5.37,-0.98,-0.25,-0.37,2.32,-5.42,7.26,-0.42,0.10,0.95,-2.75,-3.67,8.24,-0.87,0.19,0.48,3.81,8.56,-3.98,-0.35,0.58,-0.82
13.403452,7.56,-0.75,4.88,0.25,-0.68,0.73,-21.06,38.81,-61.50,5.81,-2.92,7.40,-0.06,-0.07,1.11,-6.99,-2.08,4.89,-1.13,-0.38,-0.21,2.23,-5.37,7.21,-0.39,-0.10,1.11,-2.73,-3.74,7.86,-0.95,0.03,0.66,3.24,8.33,-3.90,-0.31,0.82,-0.82
13.403463,7.56,-0.68,4.95,0.25,-0.68,0.73,-21.38,38.50,-61.81,5.50,-2.49,8.12,0.02,-0.09,1.21,-6.68,-2.67,4.22,-1.23,-0.39,-0.12,2.02,-5.06,7.60,-0.34,-0.16,1.21,-2.90,-3.72,7.56,-0.97,-0.00,0.77,2.53,8.21,-3.90,-0.25,0.90,-0.86
13.405628,7.33,-0.68,5.53,0.66,-0.50,1.02,-21.38,38.50,-61.81,5.39,-2.42,7.98,0.08,-0.03,1.25,-6.85,-2.31,4.13,-1.30,-0.33,-0.07,2.04,-4.94,7.48,-0.27,-0.15,1.27,-2.89,-3.52,7.59,-0.93,0.01,0.87,2.79,8.04,-4.18,-0.16,0.93,-0.90
13.405644,7.33,-0.98,5.80,0.66,-0.50,1.02,-21.38,38.50,-61.81,5.46,-2.38,7.92,0.19,-0.04,1.32,-7.37,-1.94,4.29,-1.39,-0.35,0.04,2.08,-4.82,7.70,-0.19,-0.23,1.37,-3.09,-3.22,8.01,-0.94,-0.05,1.01,3.14,8.19,-4.62,-0.07,1.06,-0.92
13.405655,7.33,-1.10,6.18,0.87,-0.44,1.12,-21.38,38.50,-61.81,5.53,-2.05,8.53,0.30,-0.10,1.45,-7.91,-1.94,4.08,-1.50,-0.41,0.15,2.17,-4.50,8.46,-0.15,-0.33,1.49,-3.43,-2.77,8.56,-0.99,-0.14,1.15,3.08,8.42,-5.21,-0.02,1.22,-0.95
13.405663,7.26,-1.21,6.64,1.10,-0.44,1.19,-21.38,38.50,-61.81,5.43,-1.65,9.32,0.37,-0.11,1.57,-8.19,-2.26,3.57,-1.62,-0.43,0.18,2.07,-4.19,9.09,-0.12,-0.37,1.62,-3.80,-2.49,8.72,-1.05,-0.17,1.27,2.59,8.53,-5.61,0.01,1.30,-1.03
13.405674,7.29,-1.29,6.91,1.07,-0.52,1.34,-23.75,36.69,-57.88,4.91,-1.28,9.87,0.38,-0.08,1.65,-8.41,-2.43,3.11,-1.70,-0.39,0.16,1.64,-3.78,9.53,-0.11,-0.34,1.70,-4.27,-2.22,8.66,-1.07,-0.13,1.34,2.22,8.51,-5.96,0.03,1.32,-1.12
13.409863,7.22,-1.48,7.02,1.07,-0.52,1.34,-24.69,35.94,-56.69,4.49,-1.05,10.24,0.37,-0.04,1.69,-8.83,-2.42,2.77,-1.77,-0.37,0.16,1.26,-3.41,9.88,-0.10,-0.31,1.75,-4.87,-1.80,8.72,-1.10,-0.09,1.39,2.02,8.55,-6.53,0.04,1.35,-1.17
13.429822,6.91,-2.40,7.37,1.07,-0.52,1.34,-24.69,35.94,-56.69,3.96,-0.76,10.75,0.35,-0.04,1.75,-9.38,-2.65,2.30,-1.83,-0.41,0.16,0.79,-2.97,10.42,-0.12,-0.30,1.80,-5.64,-1.31,8.91,-1.15,-0.08,1.40,1.58,8.72,-7.10,0.01,1.40,-1.20
13.454429,6.80,-2.86,7.94,1.07,-0.61,1.40,-24.94,36.25,-57.75,3.35,-0.27,11.68,0.28,-0.01,1.75,-9.57,-3.21,1.42,-1.83,-0.40,0.08,0.21,-2.47,11.10,-0.18,-0.23,1.79,-6.31,-0.98,8.77,-1.18,0.01,1.33,0.67,8.71,-7.64,-0.04,1.32,-1.23
13.4762,6.76,-3.05,8.32,1.07,-0.61,1.40,-26.44,38.50,-56.38,2.75,0.02,12.28,0.17,0.10,1.68,-9.96,-3.29,0.83,-1.78,-0.29,-0.04,-0.29,-2.08,11.51,-0.22,-0.09,1.73,-6.90,-0.60,8.73,-1.16,0.14,1.24,0.36,8.72,-8.23,-0.07,1.16,-1.28
13.498139,6.57,-3.66,8.63,1.07,-0.61,1.40,-25.88,36.75,-54.62,2.13,0.07,12.51,0.06,0.13,1.63,-10.87,-3.22,0.72,-1.72,-0.27,-0.13,-1.01,-1.63,12.05,-0.29,-0.02,1.67,-7.93,-0.05,9.01,-1.18,0.19,1.15,0.37,9.07,-8.99,-0.14,1.08,-1.29
13.91349,6.45,-5.16,9.32,1.07,-0.61,1.40,-27.38,37.25,-55.06,1.60,0.08,12.70,-0.05,0.02,1.60,-11.50,-3.13,0.43,-1.65,-0.40,-0.17,-1.60,-1.39,12.36,-0.41,-0.06,1.61,-8.63,0.25,9.05,-1.25,0.12,1.04,0.18,9.14,-9.62,-0.25,1.11,-1.22
13.913537,6.38,-5.04,9.59,1.07,-0.61,1.40,-27.38,37.25,-55.06,1.34,0.52,13.54,-0.11,-0.07,1.57,-11.47,-3.46,-0.32,-1.57,-0.49,-0.20,-1.70,-1.12,12.79,-0.48,-0.06,1.54,-8.70,0.39,8.92,-1.26,0.10,0.94,-0.56,8.97,-9.89,-0.32,1.07,-1.17
13.913551,6.22,-4.85,9.86,0.83,-0.86,1.05,-27.38,37.25,-55.06,0.97,1.03,14.66,-0.28,0.04,1.44,-11.24,-4.17,-1.32,-1.45,-0.40,-0.37,-1.91,-0.78,13.36,-0.53,0.13,1.40,-8.95,0.51,8.69,-1.20,0.28,0.80,-1.55,8.87,-10.08,-0.37,0.84,-1.19
13.913564,6.03,-5.85,9.59,-0.13,-0.92,0.95,-27.38,37.25,-55.06,0.10,0.93,14.53,-0.51,0.30,1.21,-11.40,-4.46,-1.65,-1.29,-0.20,-0.61,-2.79,-0.44,13.34,-0.58,0.46,1.19,-9.78,0.74,8.28,-1.09,0.57,0.56,-1.96,8.93,-10.28,-0.48,0.47,-1.21
13.913576,5.80,-6.54,9.01,-0.27,-0.96,0.78,-27.38,37.25,-55.06,-0.63,0.34,13.33,-0.63,0.35,1.00,-11.66,-4.03,-1.39,-1.11,-0.17,-0.73,-3.71,-0.44,12.49,-0.66,0.57,0.98,-10.33,0.85,7.81,-1.03,0.62,0.33,-1.59,8.82,-10.35,-0.58,0.29,-1.11
13.913591,5.69,-6.80,8.67,-0.03,-0.96,0.55,-30.38,39.19,-51.75,-0.84,-0.04,12.53,-0.63,0.20,0.87,-11.29,-3.69,-1.35,-0.92,-0.26,-0.73,-3.90,-0.57,11.74,-0.72,0.46,0.82,-10.10,0.71,7.27,-1.00,0.49,0.19,-1.50,8.41,-10.07,-0.64,0.27,-0.94
13.913605,5.57,-6.27,8.36,-0.03,-0.96,0.55,-30.38,39.19,-51.75,-0.66,0.18,12.58,-0.63,0.11,0.75,-10.52,-3.80,-1.64,-0.78,-0.30,-0.72,-3.44,-0.55,11.44,-0.73,0.41,0.68,-9.34,0.68,7.00,-0.95,0.43,0.05,-1.83,7.93,-9.55,-0.66,0.22,-0.80
13.913617,5.27,-5.50,8.09,0.09,-0.91,0.38,-30.38,39.19,-51.75,-0.54,0.49,12.74,-0.73,0.18,0.60,-9.70,-4.03,-2.02,-0.61,-0.23,-0.82,-3.10,-0.43,11.21,-0.76,0.54,0.52,-8.62,0.58,6.54,-0.86,0.53,-0.11,-2.21,7.45,-9.08,-0.69,0.02,-0.76
13.913627,4.80,-5.12,7.37,-0.53,-0.90,0.26,-30.38,40.69,-50.25,-0.78,0.13,11.77,-0.86,0.35,0.40,-9.05,-3.98,-2.05,-0.41,-0.08,-0.97,-3.28,-0.59,10.26,-0.75,0.74,0.34,-8.28,0.31,5.81,-0.73,0.70,-0.27,-2.30,7.04,-8.55,-0.70,-0.25,-0.74
13.913641,4.88,-5.62,6.37,-0.53,-0.90,0.26,-32.12,41.12,-48.50,-1.09,-0.43,10.61,-0.88,0.41,0.23,-8.61,-3.87,-1.87,-0.25,0.01,-1.02,-3.67,-0.81,9.29,-0.70,0.82,0.19,-8.25,0.10,5.20,-0.61,0.76,-0.38,-2.24,6.83,-8.11,-0.69,-0.40,-0.67
13.913652,4.80,-5.54,5.91,-0.71,-0.76,0.07,-32.12,41.12,-48.50,-1.28,-0.52,10.33,-0.88,0.41,0.07,-8.12,-4.10,-1.81,-0.12,0.04,-1.04,-3.85,-0.79,8.97,-0.68,0.83,0.02,-8.15,-0.06,4.78,-0.50,0.75,-0.50,-2.46,6.67,-7.58,-0.70,-0.51,-0.56
13.913663,4.61,-5.04,5.56,-0.75,-0.72,-0.07,-32.12,41.12,-48.50,-1.12,-0.74,10.04,-0.94,0.46,-0.10,-7.47,-4.23,-1.94,0.01,0.11,-1.07,-3.66,-1.05,8.46,-0.67,0.90,-0.15,-7.63,-0.36,4.37,-0.39,0.81,-0.63,-2.66,6.34,-7.10,-0.71,-0.66,-0.48
13.913675,4.80,-5.08,5.41,-0.75,-0.72,-0.07,-32.75,41.00,-47.75,-1.15,-0.83,9.72,-0.97,0.54,-0.26,-7.06,-4.26,-2.01,0.12,0.24,-1.11,-3.60,-1.12,8.11,-0.62,1.01,-0.30,-7.36,-0.46,4.07,-0.25,0.89,-0.73,-2.76,6.11,-6.79,-0.69,-0.83,-0.43
13.915786,4.38,-5.08,4.84,-0.75,-0.72,-0.07,-32.75,43.56,-47.12,-1.23,-1.14,9.05,-1.02,0.60,-0.42,-6.93,-4.24,-1.81,0.29,0.33,-1.15,-3.73,-1.20,7.64,-0.60,1.09,-0.44,-7.33,-0.50,3.87,-0.14,0.95,-0.82,-2.66,6.07,-6.55,-0.66,-0.99,-0.35
13.915802,4.46,-5.31,4.42,-0.75,-0.72,-0.07,-32.75,43.56,-47.12,-1.36,-1.35,8.62,-1.04,0.59,-0.53,-6.63,-4.28,-1.68,0.43,0.35,-1.15,-3.92,-1.29,7.25,-0.59,1.08,-0.55,-7.33,-0.64,3.58,-0.07,0.94,-0.90,-2.68,6.01,-6.18,-0.65,-1.07,-0.26
13.915813,4.54,-5.08,4.19,-1.20,-0.52,-0.39,-32.75,43.56,-47.12,-1.45,-1.32,8.53,-1.07,0.55,-0.66,-6.36,-4.37,-1.69,0.56,0.36,-1.16,-3.94,-1.23,7.16,-0.60,1.07,-0.68,-7.27,-0.66,3.42,-0.00,0.92,-1.02,-2.76,5.91,-5.97,-0.67,-1.15,-0.18
13.915823,4.38,-4.88,3.96,-1.20,-0.52,-0.39,-33.94,45.06,-45.56,-1.31,-1.54,8.26,-1.12,0.54,-0.76,-6.29,-4.28,-1.58,0.66,0.36,-1.16,-3.79,-1.40,6.92,-0.62,1.08,-0.79,-7.13,-0.70,3.39,0.05,0.90,-1.11,-2.66,5.90,-5.86,-0.68,-1.21,-0.11
13.915833,4.69,-5.12,3.50,-1.25,-0.47,-0.73,-33.69,44.25,-44.31,-1.45,-1.81,7.95,-1.15,0.46,-0.86,-6.39,-4.51,-1.24,0.75,0.30,-1.15,-4.13,-1.52,6.81,-0.66,1.02,-0.91,-7.47,-0.86,3.35,0.08,0.82,-1.22,-2.63,6.23,-5.68,-0.74,-1.21,0.01
13.915842,4.96,-5.16,3.34,-1.13,-0.50,-0.93,-33.62,42.75,-45.56,-1.47,-2.16,7.60,-1.14,0.30,-0.94,-6.39,-4.62,-0.93,0.86,0.18,-1.12,-4.26,-1.73,6.58,-0.71,0.88,-1.01,-7.51,-1.03,3.29,0.08,0.67,-1.31,-2.51,6.40,-5.46,-0.82,-1.18,0.16
13.930436,5.00,-5.04,3.04,-1.13,-0.50,-0.93,-33.62,42.75,-45.56,-1.30,-2.49,7.30,-1.14,0.06,-1.01,-6.21,-4.71,-0.55,1.00,-0.01,-1.06,-4.18,-2.04,6.35,-0.79,0.65,-1.12,-7.34,-1.33,3.20,0.05,0.44,-1.43,-2.39,6.52,-5.07,-0.93,-1.09,0.36
13.95452,5.54,-4.39,2.81,-0.79,-0.57,-1.28,-34.25,41.31,-43.50,-0.92,-2.79,7.29,-1.15,-0.16,-1.07,-5.77,-5.17,-0.34,1.13,-0.21,-1.02,-3.90,-2.45,6.17,-0.88,0.48,-1.24,-7.00,-1.84,3.10,0.03,0.25,-1.54,-2.57,6.66,-4.51,-1.05,-1.03,0.54
13.976086,5.84,-3.97,2.65,-0.77,-0.60,-1.41,-34.25,41.31,-43.50,-0.48,-3.07,7.13,-1.17,-0.28,-1.16,-5.31,-5.37,-0.08,1.24,-0.30,-1.02,-3.57,-2.92,5.87,-0.92,0.40,-1.35,-6.56,-2.38,2.99,0.06,0.16,-1.66,-2.51,6.71,-3.91,-1.12,-1.05,0.67
13.997448,6.14,-3.59,2.43,-0.84,-0.58,-1.51,-34.25,41.31,-43.50,0.38,-3.65,6.73,-1.21,-0.34,-1.24,-4.82,-5.32,0.56,1.31,-0.34,-1.01,-2.79,-3.78,5.41,-0.95,0.37,-1.45,-5.57,-3.13,3.08,0.09,0.09,-1.75,-2.04,6.79,-3.16,-1.16,-1.06,0.75
14.435467,7.14,-2.89,1.31,-0.84,-0.58,-1.51,-35.81,37.44,-40.69,1.35,-4.69,5.53,-1.15,-0.39,-1.25,-4.16,-5.09,1.61,1.33,-0.39,-0.92,-2.13,-4.93,4.31,-0.91,0.28,-1.46,-4.49,-4.16,2.91,0.12,-0.00,-1.72,-1.32,6.83,-2.08,-1.13,-0.98,0.81
14.435511,7.41,-2.40,0.89,-0.84,-0.58,-1.51,-35.81,37.44,-40.69,1.91,-5.15,4.75,-1.03,-0.46,-1.24,-3.50,-5.05,2.36,1.33,-0.44,-0.79,-1.70,-5.48,3.71,-0.85,0.16,-1.44,-3.79,-4.78,2.74,0.14,-0.10,-1.65,-0.87,6.81,-1.16,-1.05,-0.89,0.87
14.435525,7.26,-1.59,0.43,-0.56,-0.35,-1.49,-35.81,37.44,-40.69,2.73,-5.78,4.13,-0.91,-0.51,-1.23,-2.69,-5.22,3.18,1.33,-0.47,-0.66,-1.02,-6.43,2.93,-0.78,0.04,-1.41,-2.89,-5.77,2.54,0.18,-0.21,-1.55,-0.57,6.89,-0.04,-0.96,-0.79,0.93
14.435539,7.79,-0.98,-0.22,-0.44,-0.27,-1.46,-35.81,37.44,-40.69,3.51,-6.47,3.46,-0.75,-0.51,-1.21,-1.70,-5.46,3.85,1.30,-0.43,-0.52,-0.44,-7.42,2.05,-0.64,-0.03,-1.36,-1.93,-6.85,2.11,0.26,-0.27,-1.44,-0.36,6.87,1.16,-0.83,-0.73,0.96
14.435551,8.48,-0.29,-0.75,-0.44,-0.27,-1.46,-35.56,30.12,-38.31,4.25,-6.99,2.91,-0.57,-0.46,-1.21,-0.81,-5.49,4.36,1.26,-0.31,-0.37,0.19,-8.26,1.34,-0.45,-0.06,-1.33,-0.92,-7.77,1.84,0.39,-0.28,-1.31,-0.13,6.71,2.06,-0.63,-0.70,0.96
14.435565,9.36,0.82,-1.10,-0.50,0.42,-1.07,-35.56,30.12,-38.31,4.98,-7.40,2.90,-0.34,-0.29,-1.23,-0.54,-5.67,5.07,1.21,-0.08,-0.19,0.67,-8.95,1.31,-0.17,-0.01,-1.27,-0.42,-8.48,2.10,0.59,-0.22,-1.11,0.24,7.13,2.64,-0.35,-0.72,0.94
14.43558,9.74,0.82,-1.18,-0.50,0.42,-1.07,-34.94,28.19,-39.75,5.68,-7.94,2.84,-0.14,-0.18,-1.21,-0.98,-5.65,6.14,1.13,0.08,-0.02,1.05,-9.56,1.55,0.04,-0.01,-1.20,-0.44,-8.86,2.82,0.72,-0.20,-0.91,0.97,7.91,2.79,-0.13,-0.68,0.91
14.437349,10.25,0.67,-0.91,-0.50,0.42,-1.07,-34.94,28.19,-39.75,6.33,-8.21,3.30,0.10,-0.15,-1.13,-1.64,-5.75,6.93,0.98,0.15,0.17,1.41,-9.97,2.29,0.24,-0.09,-1.07,-0.62,-9.06,3.79,0.79,-0.25,-0.68,1.42,8.72,2.67,0.06,-0.53,0.86
14.437374,10.66,0.78,0.20,-0.18,0.77,-0.66,-34.94,28.19,-39.75,6.77,-8.09,4.45,0.28,-0.09,-1.01,-2.48,-6.04,7.30,0.81,0.19,0.33,1.66,-10.12,3.39,0.40,-0.14,-0.90,-1.00,-9.11,4.71,0.82,-0.27,-0.46,1.58,9.58,2.22,0.21,-0.39,0.79
14.437386,10.97,0.55,0.51,-0.13,0.77,-0.53,-34.94,28.19,-39.75,6.93,-8.26,4.93,0.38,-0.08,-0.87,-3.42,-6.19,7.81,0.66,0.17,0.43,1.50,-10.23,4.17,0.46,-0.21,-0.75,-1.71,-9.03,5.54,0.79,-0.33,-0.29,1.92,10.41,1.78,0.27,-0.22,0.74
14.437397,11.17,0.25,0.59,-0.13,0.77,-0.53,-33.19,27.31,-41.75,7.10,-8.27,5.52,0.49,-0.16,-0.71,-3.92,-6.38,7.91,0.52,0.10,0.53,1.55,-10.45,4.69,0.49,-0.34,-0.59,-2.01,-9.17,6.05,0.71,-0.43,-0.13,1.87,10.81,1.49,0.32,-0.05,0.70
14.43741,11.59,0.36,1.08,-0.13,0.77,-0.53,-34.06,27.62,-43.25,7.30,-7.94,6.56,0.57,-0.14,-0.59,-4.27,-6.73,7.61,0.40,0.11,0.57,1.76,-10.36,5.58,0.52,-0.37,-0.47,-2.14,-9.08,6.58,0.66,-0.44,-0.02,1.56,11.13,1.08,0.37,0.03,0.61
14.43742,11.63,0.59,1.70,-0.13,0.77,-0.53,-34.06,26.44,-41.94,7.31,-7.75,7.22,0.58,-0.07,-0.49,-4.97,-6.65,7.78,0.28,0.16,0.56,1.68,-10.17,6.27,0.53,-0.33,-0.33,-2.59,-8.79,7.14,0.61,-0.39,0.09,1.87,11.56,0.59,0.39,0.08,0.51
14.437437,11.36,-0.18,2.00,-0.13,0.77,-0.53,-34.06,26.44,-41.94,7.21,-7.91,6.80,0.60,-0.14,-0.30,-5.70,-6.21,8.38,0.13,0.03,0.60,1.51,-10.12,6.25,0.49,-0.44,-0.16,-3.00,-8.54,7.49,0.47,-0.48,0.22,2.49,11.86,0.30,0.36,0.27,0.45
14.439269,11.27,-0.37,1.81,-0.13,0.77,-0.53,-32.56,25.75,-42.94,7.35,-7.96,6.44,0.69,-0.35,-0.08,-5.65,-5.99,8.28,-0.04,-0.18,0.70,1.65,-10.20,6.01,0.45,-0.66,0.02,-2.74,-8.59,7.48,0.32,-0.67,0.35,2.51,11.62,0.27,0.32,0.56,0.43
14.439289,11.35,-0.02,1.93,-0.13,0.77,-0.53,-32.56,26.69,-43.12,7.47,-7.37,7.13,0.81,-0.41,0.07,-5.14,-6.10,7.44,-0.20,-0.24,0.80,2.05,-9.98,6.27,0.48,-0.76,0.18,-2.21,-8.64,7.24,0.24,-0.71,0.49,1.99,11.11,0.22,0.38,0.70,0.36
14.439303,11.13,0.67,2.92,-0.13,0.77,-0.53,-32.56,26.69,-43.12,7.33,-6.65,7.69,0.86,-0.28,0.16,-5.25,-5.88,7.04,-0.33,-0.13,0.84,2.14,-9.40,6.62,0.55,-0.69,0.29,-2.23,-8.09,7.35,0.25,-0.62,0.63,1.96,10.84,-0.21,0.48,0.72,0.24
14.439315,9.82,0.05,2.84,0.76,0.57,0.40,-32.56,26.69,-43.12,6.82,-6.21,6.91,0.90,-0.24,0.30,-5.65,-5.06,7.07,-0.48,-0.12,0.89,1.84,-8.65,6.29,0.59,-0.69,0.45,-2.51,-7.26,7.32,0.21,-0.61,0.77,2.50,10.46,-0.74,0.54,0.84,0.16
14.439326,9.52,0.02,2.88,0.76,0.57,0.40,-31.62,25.56,-44.00,6.48,-5.70,6.69,1.00,-0.31,0.42,-5.54,-4.60,6.65,-0.60,-0.18,0.99,1.81,-8.14,6.09,0.64,-0.80,0.55,-2.44,-6.78,7.03,0.17,-0.70,0.88,2.51,9.88,-1.03,0.59,0.99,0.16
14.439338,9.18,0.25,3.07,1.03,0.60,0.43,-31.62,25.56,-44.00,6.39,-5.20,6.52,1.12,-0.33,0.51,-5.38,-4.06,6.06,-0.70,-0.19,1.08,2.13,-7.57,5.90,0.72,-0.87,0.67,-1.80,-6.22,6.92,0.16,-0.75,1.02,2.51,9.18,-1.35,0.67,1.11,0.15
14.450148,8.02,0.21,3.23,1.11,0.66,0.51,-30.50,22.69,-43.50,5.79,-4.21,6.51,1.25,-0.32,0.62,-5.11,-3.76,5.24,-0.79,-0.15,1.19,1.93,-6.59,5.81,0.83,-0.93,0.80,-1.84,-5.51,6.44,0.17,-0.77,1.20,2.15,8.41,-1.68,0.80,1.19,0.09
14.474708,7.60,0.36,3.46,1.11,0.66,0.51,-30.50,23.19,-43.56,5.21,-3.42,6.55,1.31,-0.29,0.64,-5.03,-3.51,4.60,-0.80,-0.07,1.25,1.66,-5.65,5.88,0.91,-0.94,0.83,-2.07,-4.73,6.15,0.23,-0.76,1.28,1.96,7.87,-2.07,0.89,1.17,0.07
14.498824,6.64,-0.06,3.65,1.11,0.66,0.51,-30.50,23.19,-43.56,4.96,-3.08,6.25,1.37,-0.25,0.64,-5.04,-2.94,4.21,-0.80,-0.00,1.30,1.67,-5.12,5.76,0.98,-0.93,0.85,-1.98,-4.15,6.09,0.29,-0.76,1.33,2.09,7.38,-2.45,0.98,1.17,0.06
14.516243,6.57,-0.37,3.84,1.10,0.96,0.71,-30.50,23.19,-43.56,4.76,-2.80,6.07,1.47,-0.22,0.67,-5.15,-2.42,3.86,-0.86,0.05,1.40,1.70,-4.75,5.60,1.08,-0.95,0.89,-1.86,-3.74,6.02,0.35,-0.77,1.43,2.16,6.99,-2.87,1.09,1.22,0.05
14.9333,6.53,-0.56,4.68,1.10,0.96,0.71,-30.50,23.19,-43.56,4.34,-2.24,6.63,1.61,-0.16,0.65,-5.27,-2.49,3.02,-0.90,0.16,1.49,1.48,-4.27,6.02,1.22,-0.93,0.92,-2.19,-3.36,5.99,0.44,-0.74,1.52,1.52,6.73,-3.45,1.26,1.21,0.03
14.933327,6.68,-0.75,5.80,1.13,1.25,0.90,-30.50,23.19,-43.56,3.93,-1.24,8.73,1.67,0.07,0.53,-5.89,-3.24,1.81,-0.87,0.45,1.48,1.24,-3.59,7.47,1.39,-0.73,0.87,-2.81,-2.87,6.27,0.61,-0.52,1.55,0.48,7.02,-4.46,1.43,1.00,-0.05
14.93334,6.68,-0.75,5.80,0.67,1.46,1.00,-29.88,23.50,-46.88,3.33,-0.72,10.17,1.59,0.38,0.38,-7.41,-3.60,1.47,-0.78,0.77,1.36,0.49,-2.77,9.10,1.48,-0.42,0.76,-4.47,-1.86,7.24,0.78,-0.22,1.50,0.26,7.89,-5.79,1.52,0.67,-0.15
14.933352,6.18,-3.97,7.25,0.67,1.46,1.00,-27.75,25.69,-50.19,2.24,-0.99,9.94,1.47,0.45,0.29,-9.63,-3.02,2.08,-0.66,0.80,1.25,-0.91,-2.18,9.90,1.41,-0.34,0.68,-6.61,-0.81,8.19,0.78,-0.18,1.39,1.07,8.89,-7.28,1.44,0.57,-0.13
14.933364,6.45,-4.62,7.82,0.67,1.46,1.00,-27.75,25.69,-50.19,1.75,-0.88,10.27,1.49,0.20,0.30,-10.61,-2.83,2.08,-0.61,0.56,1.29,-1.53,-1.84,10.57,1.30,-0.58,0.63,-7.55,-0.48,8.55,0.69,-0.42,1.31,1.13,9.27,-8.09,1.30,0.73,0.03
14.933376,6.49,-4.39,8.40,0.83,1.15,0.59,-27.75,25.69,-50.19,1.58,-0.24,11.56,1.46,-0.07,0.28,-11.12,-3.25,1.57,-0.54,0.28,1.33,-1.50,-1.47,11.56,1.16,-0.79,0.55,-8.02,-0.12,9.01,0.61,-0.63,1.20,0.62,9.53,-8.64,1.13,0.86,0.19
14.933387,6.26,-4.01,8.71,1.05,1.07,0.38,-27.75,25.69,-50.19,1.55,0.01,11.99,1.37,-0.25,0.23,-11.30,-3.29,1.41,-0.43,0.08,1.29,-1.54,-1.29,11.89,0.99,-0.91,0.44,-8.23,0.06,9.19,0.52,-0.78,1.04,0.64,9.52,-8.86,0.93,0.90,0.33
14.933399,6.14,-4.01,8.40,1.00,0.89,0.18,-26.88,26.12,-50.25,1.87,-0.24,11.02,1.31,-0.55,0.19,-10.87,-2.48,1.54,-0.32,-0.23,1.30,-1.13,-1.64,10.90,0.84,-1.17,0.35,-7.28,-0.28,8.74,0.42,-1.05,0.89,1.15,8.85,-8.57,0.75,1.04,0.54
14.933412,6.22,-3.51,8.32,1.00,0.89,0.18,-25.94,24.50,-51.06,2.36,0.29,11.33,1.35,-0.70,0.14,-10.12,-2.49,1.14,-0.24,-0.33,1.36,-0.38,-1.62,10.74,0.83,-1.27,0.26,-6.39,-0.48,8.46,0.45,-1.15,0.83,0.88,8.35,-8.25,0.72,1.07,0.67
14.933426,5.88,-1.94,8.78,1.00,0.89,0.18,-25.94,24.50,-51.06,2.84,0.88,12.00,1.33,-0.62,0.03,-9.74,-2.74,0.75,-0.12,-0.23,1.30,0.30,-1.37,11.22,0.85,-1.15,0.13,-5.96,-0.30,8.73,0.56,-1.02,0.72,0.59,8.22,-8.21,0.74,0.87,0.68
14.933437,5.42,-2.21,8.78,0.60,0.99,-0.12,-25.94,24.50,-51.06,2.91,1.13,11.97,1.14,-0.40,-0.14,-10.01,-2.32,1.20,0.04,-0.05,1.10,0.46,-1.09,11.46,0.81,-0.89,-0.03,-5.95,0.10,9.19,0.65,-0.81,0.52,1.27,8.31,-8.34,0.68,0.56,0.64
14.933448,5.61,-2.44,8.71,0.37,0.88,-0.20,-25.94,24.50,-51.06,3.03,0.95,11.29,1.04,-0.36,-0.21,-10.01,-1.74,1.61,0.13,-0.02,1.01,0.64,-1.26,10.95,0.77,-0.82,-0.12,-5.61,-0.02,9.16,0.67,-0.76,0.42,1.83,8.12,-8.23,0.63,0.45,0.65
14.933459,5.80,-1.90,8.82,0.47,0.85,-0.27,-25.94,24.50,-51.06,3.38,1.13,11.26,0.97,-0.35,-0.30,-9.75,-1.51,1.64,0.19,0.03,0.95,1.16,-1.23,10.92,0.75,-0.75,-0.21,-5.10,0.02,9.30,0.70,-0.71,0.34,1.96,7.88,-8.11,0.61,0.36,0.67
14.93347,5.46,-1.44,8.98,0.40,0.89,-0.27,-25.94,24.50,-51.06,3.64,1.52,11.52,0.88,-0.23,-0.41,-9.64,-1.32,1.55,0.25,0.13,0.84,1.59,-0.97,11.16,0.74,-0.60,-0.28,-4.74,0.32,9.49,0.74,-0.56,0.25,2.07,7.71,-8.21,0.59,0.21,0.62
14.935558,4.96,-1.75,8.98,-0.03,0.79,-0.26,-22.38,21.00,-53.31,3.44,1.58,11.36,0.75,-0.09,-0.51,-9.80,-1.16,1.56,0.31,0.22,0.71,1.32,-0.80,11.05,0.69,-0.42,-0.34,-5.03,0.50,9.41,0.76,-0.40,0.15,2.11,7.68,-8.34,0.56,0.05,0.58
14.935576,5.19,-2.13,8.98,-0.03,0.79,-0.26,-22.38,21.00,-53.31,3.07,1.46,11.22,0.68,-0.06,-0.59,-9.99,-1.31,1.50,0.39,0.25,0.64,0.82,-0.78,11.05,0.66,-0.35,-0.42,-5.51,0.47,9.25,0.77,-0.35,0.05,1.94,7.83,-8.48,0.52,-0.04,0.61
14.935588,5.46,-2.29,9.09,-0.05,0.78,-0.35,-22.38,21.00,-53.31,2.88,1.62,11.67,0.59,-0.06,-0.70,-10.23,-1.54,1.36,0.51,0.28,0.56,0.63,-0.58,11.52,0.61,-0.30,-0.55,-5.93,0.61,9.40,0.81,-0.32,-0.07,1.75,8.04,-8.72,0.47,-0.16,0.65
14.9356,5.42,-2.29,9.36,-0.12,0.78,-0.47,-22.38,21.00,-53.31,2.95,1.82,12.02,0.46,-0.05,-0.80,-10.57,-1.54,1.36,0.63,0.29,0.45,0.72,-0.38,11.93,0.51,-0.22,-0.67,-6.07,0.92,9.82,0.82,-0.28,-0.22,1.83,8.21,-9.01,0.39,-0.30,0.68
14.93561,5.15,-2.32,9.59,-0.32,0.58,-0.71,-20.31,18.56,-54.44,3.02,1.92,11.99,0.30,-0.08,-0.88,-10.81,-1.32,1.53,0.77,0.26,0.31,0.83,-0.28,12.02,0.38,-0.17,-0.79,-6.11,1.13,10.05,0.78,-0.25,-0.39,2.10,8.26,-9.12,0.26,-0.42,0.72
14.949969,5.11,-2.02,9.47,-0.32,0.58,-0.71,-20.31,18.56,-54.44,3.13,1.92,11.74,0.16,-0.14,-0.93,-10.70,-1.10,1.64,0.87,0.17,0.20,1.02,-0.36,11.76,0.24,-0.14,-0.89,-5.85,1.07,9.95,0.73,-0.24,-0.56,2.26,8.11,-9.04,0.12,-0.49,0.79
14.975841,5.23,-1.59,9.28,-0.37,0.40,-0.93,-20.31,18.56,-54.44,3.23,1.93,11.55,0.04,-0.17,-1.06,-10.33,-1.14,1.56,0.98,0.11,0.09,1.11,-0.46,11.40,0.15,-0.11,-1.02,-5.54,0.86,9.63,0.72,-0.22,-0.74,2.15,7.90,-8.77,-0.01,-0.58,0.86
14.99311,5.23,-1.59,9.28,-0.47,0.39,-1.02,-19.38,19.94,-56.44,3.32,1.89,11.28,-0.04,-0.16,-1.16,-10.13,-1.05,1.56,1.08,0.12,0.02,1.22,-0.47,11.23,0.11,-0.07,-1.12,-5.33,0.79,9.50,0.75,-0.21,-0.84,2.28,7.73,-8.64,-0.06,-0.68,0.89
15.015046,5.23,-1.48,9.25,-0.47,0.39,-1.02,-18.50,19.69,-57.12,3.52,1.79,10.77,-0.10,-0.19,-1.24,-10.15,-0.58,2.00,1.18,0.11,-0.03,1.41,-0.49,10.94,0.06,-0.07,-1.22,-5.14,0.91,9.67,0.76,-0.23,-0.96,2.82,7.68,-8.56,-0.12,-0.74,0.96
15.443488,5.00,-1.48,8.98,-0.47,0.39,-1.02,-18.50,19.69,-57.12,3.87,1.75,10.42,-0.14,-0.30,-1.27,-10.15,-0.30,2.44,1.25,-0.01,-0.02,1.80,-0.55,10.80,-0.03,-0.15,-1.28,-4.75,0.91,9.85,0.72,-0.32,-1.04,3.26,7.71,-8.39,-0.21,-0.69,1.07
15.443536,5.23,-0.68,8.90,-0.38,0.32,-1.31,-18.50,19.69,-57.12,4.22,1.75,10.23,-0.18,-0.42,-1.27,-9.83,-0.24,2.61,1.29,-0.13,-0.01,2.16,-0.74,10.55,-0.11,-0.21,-1.32,-4.23,0.68,9.78,0.67,-0.40,-1.11,3.42,7.57,-8.07,-0.29,-0.65,1.14
15.443552,5.34,-0.33,8.82,-0.32,0.28,-1.38,-18.50,19.69,-57.12,4.64,1.71,10.11,-0.21,-0.47,-1.31,-9.40,-0.22,2.65,1.34,-0.17,-0.03,2.64,-0.97,10.32,-0.15,-0.23,-1.37,-3.68,0.42,9.76,0.66,-0.41,-1.17,3.47,7.40,-7.74,-0.32,-0.67,1.18
15.443575,5.46,-0.02,8.82,-0.37,0.28,-1.40,-18.50,19.69,-57.12,5.04,1.88,10.45,-0.27,-0.42,-1.37,-9.10,-0.41,2.60,1.39,-0.10,-0.09,3.05,-1.05,10.47,-0.17,-0.15,-1.42,-3.26,0.25,9.87,0.68,-0.33,-1.23,3.35,7.39,-7.56,-0.33,-0.78,1.15
15.443586,5.46,0.28,8.90,-0.55,0.30,-1.37,-18.50,19.69,-57.12,5.35,1.80,10.50,-0.36,-0.30,-1.43,-9.16,-0.29,2.82,1.43,0.02,-0.19,3.29,-1.24,10.53,-0.18,-0.00,-1.47,-3.12,0.14,10.07,0.71,-0.20,-1.29,3.66,7.54,-7.56,-0.33,-0.92,1.09
15.443601,5.65,0.21,8.94,-0.55,0.30,-1.37,-14.31,17.62,-60.00,5.56,1.56,10.42,-0.42,-0.21,-1.46,-9.52,-0.20,3.20,1.44,0.08,-0.26,3.37,-1.48,10.60,-0.19,0.10,-1.48,-3.25,0.05,10.39,0.71,-0.11,-1.31,3.92,7.85,-7.62,-0.34,-0.99,1.04
15.443616,5.80,-0.21,8.94,-0.55,0.30,-1.37,-13.38,19.94,-60.06,5.62,1.41,10.51,-0.45,-0.18,-1.48,-9.90,-0.26,3.45,1.44,0.10,-0.29,3.26,-1.67,10.82,-0.21,0.15,-1.51,-3.54,-0.09,10.67,0.71,-0.07,-1.33,4.06,8.21,-7.78,-0.35,-1.02,1.03
15.443628,6.45,-0.25,9.47,-0.55,0.30,-1.37,-13.38,19.94,-60.06,6.02,1.54,11.25,-0.49,-0.15,-1.49,-10.32,-0.45,3.54,1.43,0.12,-0.35,3.60,-1.71,11.61,-0.23,0.20,-1.52,-3.63,-0.00,11.36,0.69,-0.02,-1.37,4.09,8.62,-8.06,-0.38,-1.06,0.99
15.44364,6.49,-0.10,9.85,-0.85,0.22,-1.31,-13.38,19.94,-60.06,6.44,1.67,12.00,-0.59,-0.08,-1.48,-10.86,-0.53,3.73,1.41,0.15,-0.46,3.90,-1.77,12.33,-0.30,0.31,-1.52,-3.75,0.04,12.03,0.65,0.08,-1.43,4.25,9.11,-8.39,-0.44,-1.14,0.91
15.443651,6.88,-0.14,10.39,-0.85,0.22,-1.31,-12.25,21.94,-62.62,6.74,1.68,12.45,-0.75,0.00,-1.44,-11.41,-0.60,4.05,1.39,0.18,-0.63,4.10,-1.90,12.90,-0.42,0.45,-1.49,-3.96,0.02,12.65,0.56,0.21,-1.49,4.48,9.62,-8.64,-0.54,-1.23,0.80
15.443663,7.07,-0.06,10.47,-0.85,0.22,-1.31,-11.94,22.19,-63.69,7.02,1.59,12.56,-0.90,0.04,-1.39,-11.76,-0.62,4.39,1.36,0.16,-0.78,4.38,-2.05,13.16,-0.54,0.56,-1.46,-3.87,-0.00,13.19,0.44,0.32,-1.54,4.76,9.98,-8.73,-0.66,-1.28,0.71
15.443675,7.14,0.02,10.47,-0.85,0.22,-1.31,-11.94,22.19,-63.69,7.44,1.55,12.61,-1.06,0.08,-1.32,-11.99,-0.51,4.83,1.30,0.12,-0.97,4.74,-2.21,13.33,-0.70,0.65,-1.39,-3.75,-0.05,13.65,0.27,0.42,-1.60,5.19,10.25,-8.71,-0.82,-1.32,0.58
15.443689,7.33,0.48,10.23,-1.19,-0.61,-1.14,-11.56,25.62,-64.69,7.95,1.29,12.33,-1.23,0.06,-1.17,-12.11,-0.23,5.36,1.19,0.03,-1.15,5.17,-2.55,13.16,-0.90,0.70,-1.27,-3.35,-0.24,13.90,0.03,0.48,-1.63,5.68,10.38,-8.57,-1.00,-1.28,0.42
15.446387,7.45,0.59,10.05,-1.10,-0.82,-1.07,-11.56,25.62,-64.69,8.23,1.07,12.04,-1.35,0.03,-0.99,-11.94,-0.06,5.71,1.06,-0.09,-1.27,5.43,-2.81,12.84,-1.06,0.72,-1.12,-2.98,-0.49,13.81,-0.17,0.50,-1.62,5.99,10.34,-8.24,-1.15,-1.19,0.29
15.446407,7.41,0.70,9.59,-1.00,-1.01,-0.97,-11.56,25.62,-64.69,8.36,0.72,11.31,-1.46,-0.01,-0.78,-11.40,0.00,6.02,0.89,-0.24,-1.36,5.50,-3.10,12.17,-1.21,0.72,-0.95,-2.50,-0.88,13.36,-0.38,0.51,-1.57,6.12,10.15,-7.65,-1.29,-1.06,0.17
15.446421,7.41,0.97,8.94,-0.89,-1.18,-0.88,-11.56,25.62,-64.69,8.37,0.27,10.47,-1.52,-0.03,-0.60,-10.46,-0.10,6.05,0.73,-0.34,-1.44,5.58,-3.53,11.20,-1.32,0.72,-0.79,-1.88,-1.46,12.58,-0.56,0.51,-1.50,5.99,9.72,-6.81,-1.38,-0.95,0.03
15.446433,7.56,1.62,7.86,-0.81,-1.31,-0.61,-13.00,27.06,-65.25,8.46,-0.31,9.58,-1.52,0.01,-0.44,-9.47,-0.16,6.16,0.57,-0.36,-1.50,5.59,-4.11,10.04,-1.36,0.74,-0.62,-1.15,-2.11,11.76,-0.68,0.53,-1.40,5.94,9.23,-5.86,-1.41,-0.87,-0.13
15.446444,7.71,1.59,7.29,-0.81,-1.31,-0.61,-13.94,28.31,-64.75,8.59,-0.97,8.62,-1.46,0.04,-0.27,-8.60,0.01,6.42,0.41,-0.36,-1.47,5.65,-4.65,8.96,-1.34,0.73,-0.44,-0.44,-2.74,11.01,-0.76,0.53,-1.23,6.06,8.84,-5.07,-1.36,-0.76,-0.25
15.446456,7.75,1.59,6.71,-0.81,-1.31,-0.61,-15.69,29.44,-65.69,8.56,-1.40,7.95,-1.36,0.07,-0.09,-7.78,-0.19,6.57,0.21,-0.35,-1.40,5.57,-5.02,8.18,-1.27,0.71,-0.24,0.08,-3.23,10.34,-0.80,0.54,-1.02,5.88,8.57,-4.26,-1.27,-0.61,-0.37
15.446467,7.64,1.89,6.18,-0.54,-1.22,-0.21,-16.31,29.19,-62.69,8.53,-1.79,7.51,-1.26,0.13,0.09,-6.99,-0.44,6.58,0.00,-0.31,-1.33,5.53,-5.42,7.49,-1.19,0.71,-0.05,0.38,-3.64,9.82,-0.85,0.58,-0.80,5.65,8.32,-3.60,-1.18,-0.48,-0.50
15.466924,7.95,1.78,5.18,-0.54,-1.22,-0.21,-17.19,30.06,-62.50,8.23,-2.29,6.93,-1.09,0.26,0.27,-6.22,-0.76,6.46,-0.24,-0.20,-1.21,5.11,-5.77,6.79,-1.00,0.73,0.19,0.50,-4.24,8.93,-0.84,0.65,-0.51,5.22,8.03,-2.92,-0.98,-0.34,-0.69
15.484605,7.87,1.74,4.95,-0.40,-0.95,0.40,-18.06,31.25,-63.75,7.86,-2.53,6.63,-0.97,0.33,0.37,-5.93,-0.99,6.42,-0.37,-0.12,-1.10,4.65,-5.84,6.51,-0.88,0.73,0.32,0.25,-4.40,8.51,-0.80,0.67,-0.31,5.00,7.98,-2.65,-0.83,-0.27,-0.76
15.505489,7.79,1.32,4.61,-0.40,-0.95,0.40,-18.06,31.25,-63.75,7.47,-2.96,6.14,-0.81,0.36,0.48,-5.83,-1.17,6.49,-0.51,-0.07,-0.95,4.12,-5.95,6.14,-0.75,0.67,0.47,-0.17,-4.48,8.18,-0.78,0.65,-0.10,4.86,8.06,-2.44,-0.67,-0.12,-0.82
15.528972,7.83,0.97,4.34,-0.04,-0.74,0.61,-19.94,30.62,-61.12,7.08,-3.25,5.85,-0.60,0.29,0.62,-5.77,-1.37,6.55,-0.69,-0.10,-0.74,3.63,-5.95,5.97,-0.63,0.51,0.62,-0.57,-4.47,7.94,-0.80,0.52,0.12,4.68,8.12,-2.33,-0.54,0.11,-0.83
15.950305,7.60,1.01,4.11,-0.04,-0.74,0.61,-19.94,30.62,-61.12,6.94,-3.30,5.77,-0.40,0.20,0.77,-5.63,-1.51,6.43,-0.84,-0.18,-0.54,3.50,-5.91,5.83,-0.53,0.33,0.78,-0.61,-4.46,7.70,-0.83,0.36,0.31,4.49,8.02,-2.20,-0.44,0.36,-0.82
15.952495,7.56,1.05,4.00,0.43,-0.64,0.76,-19.94,30.62,-61.12,6.84,-3.32,5.63,-0.21,0.13,0.91,-5.28,-1.51,6.22,-0.98,-0.25,-0.36,3.45,-5.95,5.56,-0.42,0.15,0.93,-0.39,-4.59,7.32,-0.83,0.23,0.51,4.31,7.72,-1.99,-0.34,0.58,-0.81
15.952513,7.52,1.12,3.80,0.43,-0.64,0.76,-21.38,31.56,-61.25,6.80,-3.30,5.53,-0.04,0.09,1.03,-4.89,-1.61,5.88,-1.11,-0.26,-0.18,3.52,-5.96,5.31,-0.30,0.03,1.06,-0.15,-4.66,7.02,-0.80,0.13,0.73,4.02,7.42,-1.83,-0.20,0.74,-0.82
15.952525,7.41,1.39,3.92,0.43,-0.64,0.76,-22.25,31.50,-60.94,6.71,-2.97,5.88,0.13,0.13,1.12,-4.70,-1.87,5.47,-1.22,-0.18,-0.04,3.55,-5.71,5.51,-0.14,-0.01,1.19,-0.17,-4.46,7.01,-0.75,0.13,0.92,3.60,7.31,-1.89,-0.03,0.82,-0.89
15.952537,7.22,1.24,4.11,0.64,-0.28,1.15,-22.25,31.50,-60.94,6.37,-2.66,6.27,0.22,0.21,1.16,-5.05,-1.95,5.37,-1.30,-0.09,0.04,3.24,-5.30,6.01,-0.03,0.01,1.28,-0.72,-4.08,7.19,-0.70,0.16,1.05,3.56,7.51,-2.26,0.09,0.85,-0.97
15.952548,7.02,0.78,4.30,0.59,-0.24,1.24,-22.25,31.50,-60.94,6.13,-2.64,6.23,0.31,0.21,1.24,-5.75,-1.75,5.47,-1.40,-0.11,0.13,2.96,-5.02,6.28,0.03,-0.06,1.37,-1.30,-3.60,7.53,-0.72,0.12,1.16,3.75,7.75,-2.80,0.15,0.98,-0.99
15.952562,6.99,-0.02,4.61,0.59,-0.24,1.24,-22.88,31.19,-59.75,5.85,-2.55,6.30,0.43,0.09,1.38,-6.23,-1.69,5.39,-1.53,-0.24,0.27,2.64,-4.78,6.55,0.05,-0.23,1.50,-1.79,-3.30,7.73,-0.78,-0.03,1.30,3.71,7.90,-3.21,0.15,1.20,-0.95
15.952659,7.11,0.09,4.76,1.12,-0.29,1.27,-22.88,31.19,-59.75,5.65,-2.33,6.76,0.54,-0.05,1.49,-6.30,-1.86,4.89,-1.63,-0.35,0.39,2.41,-4.64,6.85,0.07,-0.41,1.60,-2.03,-3.29,7.64,-0.83,-0.19,1.42,3.30,7.84,-3.46,0.17,1.39,-0.92
15.952678,7.29,0.05,5.11,1.30,-0.26,1.28,-22.88,31.19,-59.75,5.55,-1.95,7.55,0.63,-0.10,1.55,-6.50,-2.20,4.35,-1.69,-0.35,0.48,2.38,-4.40,7.42,0.12,-0.49,1.65,-2.34,-3.10,7.81,-0.82,-0.25,1.50,2.83,7.93,-3.84,0.22,1.46,-0.92
15.952689,7.07,-0.33,5.64,1.28,-0.16,1.33,-24.06,31.94,-57.00,5.37,-1.76,7.91,0.66,-0.10,1.60,-7.14,-2.12,4.38,-1.72,-0.35,0.53,2.21,-4.11,7.93,0.14,-0.52,1.70,-2.80,-2.69,8.22,-0.84,-0.28,1.55,3.00,8.22,-4.35,0.25,1.52,-0.93
15.952699,6.98,-0.68,5.64,1.43,-0.23,1.35,-24.06,31.94,-57.00,5.38,-1.75,7.82,0.71,-0.19,1.67,-7.46,-1.82,4.40,-1.79,-0.44,0.59,2.26,-4.05,7.98,0.14,-0.63,1.77,-2.85,-2.51,8.38,-0.89,-0.38,1.61,3.17,8.20,-4.62,0.25,1.65,-0.92
15.95271,7.07,-0.68,5.80,1.43,-0.23,1.35,-24.69,30.06,-57.00,5.43,-1.41,8.48,0.78,-0.24,1.73,-7.52,-2.04,3.87,-1.86,-0.50,0.66,2.36,-3.90,8.42,0.16,-0.71,1.85,-2.91,-2.40,8.51,-0.92,-0.42,1.69,2.73,8.17,-4.92,0.27,1.75,-0.93
15.952722,7.22,-0.68,6.71,1.58,-0.20,1.42,-25.25,31.25,-56.19,5.09,-0.90,9.44,0.79,-0.18,1.76,-7.92,-2.47,3.31,-1.88,-0.43,0.64,2.01,-3.47,9.20,0.19,-0.65,1.88,-3.55,-2.04,8.69,-0.91,-0.36,1.73,2.22,8.39,-5.49,0.30,1.70,-0.99
15.952733,6.99,-1.21,6.95,1.58,-0.20,1.42,-25.88,30.19,-55.56,4.73,-0.77,9.67,0.77,-0.15,1.77,-8.51,-2.31,3.17,-1.88,-0.39,0.60,1.61,-3.18,9.55,0.19,-0.63,1.89,-4.14,-1.64,8.89,-0.91,-0.34,1.73,2.23,8.54,-6.06,0.30,1.68,-1.02
15.954983,6.91,-1.86,7.17,1.58,-0.20,1.42,-25.88,30.19,-55.56,4.37,-0.60,10.12,0.77,-0.16,1.80,-9.11,-2.23,2.74,-1.93,-0.42,0.61,1.30,-2.88,10.03,0.18,-0.64,1.91,-4.69,-1.29,9.07,-0.93,-0.35,1.74,1.98,8.61,-6.76,0.29,1.72,-1.02
15.955009,6.99,-2.70,8.02,1.43,-0.21,1.48,-25.31,29.88,-56.25,3.77,-0.38,10.80,0.79,-0.17,1.81,-9.80,-2.55,2.18,-1.95,-0.46,0.63,0.68,-2.50,10.70,0.17,-0.64,1.93,-5.69,-0.88,9.27,-0.94,-0.36,1.75,1.47,8.91,-7.50,0.28,1.76,-1.00
15.955023,6.95,-3.12,8.25,1.43,-0.21,1.48,-25.94,28.88,-53.94,3.06,-0.13,11.65,0.77,-0.21,1.79,-10.36,-3.10,1.65,-1.90,-0.51,0.61,-0.14,-2.13,11.43,0.14,-0.66,1.90,-6.72,-0.57,9.39,-0.96,-0.39,1.70,0.75,9.27,-8.04,0.23,1.75,-0.96
15.955038,7.03,-3.59,8.44,1.43,-0.21,1.48,-27.12,28.69,-51.38,2.49,0.37,12.90,0.68,-0.22,1.71,-10.70,-3.75,0.80,-1.80,-0.51,0.52,-0.62,-1.69,12.36,0.08,-0.60,1.79,-7.47,-0.31,9.46,-0.96,-0.33,1.56,-0.15,9.42,-8.60,0.17,1.62,-0.94
15.955051,7.03,-3.86,9.59,1.43,-0.21,1.48,-27.12,28.69,-51.38,2.24,0.79,14.14,0.52,-0.07,1.54,-11.15,-4.06,0.17,-1.67,-0.38,0.35,-0.78,-1.40,13.25,0.03,-0.38,1.64,-7.90,-0.06,9.74,-0.90,-0.14,1.38,-0.63,9.62,-9.20,0.12,1.37,-0.97
15.970172,7.10,-4.81,10.31,0.50,-0.44,1.09,-28.62,29.38,-52.19,1.73,0.73,14.68,0.24,0.09,1.32,-12.50,-4.15,0.42,-1.46,-0.23,0.08,-1.62,-1.14,14.16,-0.11,-0.10,1.41,-9.33,0.44,10.55,-0.86,0.08,1.09,-0.41,10.54,-10.12,-0.03,1.02,-0.98
16.466344,7.26,-5.43,10.27,0.50,-0.44,1.09,-28.62,29.38,-52.19,1.56,0.49,14.78,0.11,0.04,1.26,-13.29,-4.15,0.84,-1.36,-0.30,-0.04,-1.95,-1.18,14.54,-0.24,-0.09,1.30,-9.96,0.51,10.92,-0.93,0.06,0.93,-0.19,11.12,-10.47,-0.18,0.96,-0.91
16.466373,7.60,-5.58,10.39,0.58,-0.59,0.88,-28.62,29.38,-52.19,1.42,0.45,15.28,-0.07,-0.14,1.19,-13.80,-4.41,1.01,-1.23,-0.49,-0.14,-2.23,-1.22,15.09,-0.46,-0.13,1.15,-10.51,0.44,11.20,-1.04,-0.03,0.68,-0.24,11.60,-10.67,-0.41,0.95,-0.78
16.466386,7.83,-5.27,10.62,0.74,-0.77,0.65,-28.62,29.38,-52.19,1.47,0.48,15.26,-0.26,-0.30,1.10,-13.74,-4.39,1.15,-1.08,-0.69,-0.26,-2.19,-1.23,15.05,-0.69,-0.16,0.99,-10.30,0.40,11.18,-1.14,-0.12,0.45,-0.10,11.56,-10.54,-0.66,0.92,-0.64
16.466397,7.33,-4.62,9.93,0.71,-1.15,0.19,-30.44,29.31,-48.19,1.84,0.28,14.41,-0.45,-0.48,1.01,-12.99,-3.99,1.31,-0.94,-0.91,-0.40,-1.69,-1.47,14.06,-0.93,-0.22,0.84,-9.30,0.20,10.72,-1.25,-0.22,0.20,0.22,10.91,-9.88,-0.92,0.89,-0.51
16.46641,6.80,-3.59,8.52,0.71,-1.15,0.19,-30.75,27.06,-46.44,2.12,0.08,13.36,-0.60,-0.58,0.96,-11.69,-3.60,1.23,-0.80,-1.06,-0.51,-1.21,-1.71,12.76,-1.09,-0.24,0.74,-8.00,-0.19,9.79,-1.32,-0.26,0.02,0.30,9.95,-9.00,-1.07,0.84,-0.44
16.466421,6.64,-3.12,7.90,0.62,-1.33,0.03,-30.75,27.06,-46.44,2.40,-0.09,12.59,-0.69,-0.54,0.89,-10.00,-3.62,0.71,-0.70,-1.04,-0.63,-0.65,-2.06,11.49,-1.14,-0.14,0.65,-6.65,-0.77,8.74,-1.32,-0.17,-0.09,-0.17,8.87,-7.93,-1.11,0.70,-0.45
16.466433,6.68,-2.25,7.21,0.32,-1.24,0.10,-31.31,28.31,-45.88,2.33,0.09,12.49,-0.83,-0.18,0.67,-8.12,-4.23,-0.20,-0.57,-0.64,-0.85,-0.39,-2.30,10.54,-1.05,0.29,0.48,-5.53,-1.54,7.34,-1.11,0.25,-0.23,-1.28,7.85,-6.77,-0.99,0.22,-0.61
16.466444,6.49,-2.25,7.10,-0.35,-1.07,0.23,-31.31,28.31,-45.88,2.07,0.09,12.13,-0.98,0.30,0.39,-7.62,-4.29,-0.45,-0.42,-0.13,-1.08,-0.62,-2.21,10.07,-0.92,0.79,0.27,-5.45,-1.59,6.78,-0.84,0.74,-0.39,-1.43,7.55,-6.53,-0.85,-0.27,-0.76
16.466456,6.03,-3.24,6.75,-1.12,-0.89,0.31,-31.31,28.31,-45.88,1.64,-0.24,10.95,-1.10,0.70,0.14,-7.98,-3.81,-0.09,-0.30,0.25,-1.23,-1.05,-2.03,9.43,-0.80,1.17,0.10,-5.86,-1.11,6.73,-0.63,1.08,-0.50,-0.90,7.54,-6.74,-0.73,-0.66,-0.85
16.466467,5.50,-4.01,6.41,-1.38,-0.80,0.33,-31.31,28.31,-45.88,1.22,-0.60,10.07,-1.13,0.84,0.01,-8.30,-3.45,0.23,-0.22,0.40,-1.30,-1.54,-1.92,9.03,-0.74,1.29,0.01,-6.24,-0.91,6.56,-0.54,1.19,-0.56,-0.59,7.55,-6.85,-0.69,-0.81,-0.85
16.466479,5.46,-4.28,6.29,-1.38,-0.80,0.33,-33.75,29.38,-42.81,0.78,-0.72,9.88,-1.10,0.84,-0.08,-8.28,-3.59,0.08,-0.13,0.44,-1.30,-2.02,-1.82,8.88,-0.69,1.28,-0.07,-6.55,-0.95,6.24,-0.46,1.19,-0.60,-0.86,7.55,-6.84,-0.65,-0.87,-0.80
16.466489,5.76,-4.01,6.21,-1.25,-0.68,0.01,-33.12,29.88,-41.12,0.15,-0.49,10.32,-1.12,0.83,-0.27,-8.22,-4.25,-0.22,0.05,0.51,-1.32,-2.72,-1.59,9.19,-0.67,1.31,-0.24,-7.27,-1.05,5.86,-0.32,1.19,-0.73,-1.49,7.75,-6.77,-0.64,-1.04,-0.70
16.466501,5.80,-4.12,5.87,-1.42,-0.65,-0.23,-33.12,29.88,-41.12,-0.06,-0.72,9.96,-1.17,0.78,-0.45,-8.40,-4.38,0.06,0.24,0.53,-1.34,-3.04,-1.59,9.07,-0.70,1.30,-0.47,-7.75,-0.94,5.98,-0.21,1.14,-0.91,-1.35,8.02,-6.69,-0.70,-1.17,-0.56
16.466511,5.65,-4.31,5.34,-1.42,-0.65,-0.23,-33.12,29.88,-41.12,0.17,-1.26,9.12,-1.20,0.61,-0.60,-8.32,-3.96,0.65,0.43,0.40,-1.33,-2.79,-1.92,8.54,-0.78,1.15,-0.66,-7.24,-1.02,6.06,-0.20,0.94,-1.10,-0.76,7.92,-6.34,-0.82,-1.17,-0.35
16.466522,5.96,-3.66,4.64,-1.07,-0.74,-0.63,-34.62,31.69,-41.06,0.79,-1.70,8.70,-1.19,0.41,-0.67,-7.59,-3.92,0.88,0.55,0.22,-1.28,-2.16,-2.47,7.94,-0.84,0.97,-0.76,-6.28,-1.54,5.81,-0.22,0.77,-1.19,-0.70,7.64,-5.59,-0.90,-1.09,-0.19
16.466557,6.22,-3.12,4.30,-0.99,-0.74,-0.69,-34.62,31.69,-41.06,1.15,-2.00,8.53,-1.18,0.33,-0.72,-6.78,-4.29,0.96,0.64,0.14,-1.26,-1.85,-2.96,7.54,-0.85,0.91,-0.82,-5.67,-2.18,5.44,-0.21,0.71,-1.24,-0.92,7.50,-4.83,-0.93,-1.09,-0.09
16.46657,6.53,-2.70,3.96,-1.06,-0.70,-0.73,-34.62,31.69,-41.06,1.42,-2.31,8.30,-1.20,0.33,-0.81,-6.02,-4.70,1.02,0.73,0.17,-1.27,-1.65,-3.46,7.03,-0.83,0.95,-0.92,-5.20,-2.81,5.02,-0.13,0.72,-1.30,-1.16,7.40,-4.05,-0.91,-1.18,-0.04
16.466581,6.76,-2.36,3.42,-1.06,-0.70,-0.73,-35.25,30.62,-40.50,1.76,-2.69,7.73,-1.21,0.38,-0.91,-5.45,-4.66,1.40,0.82,0.27,-1.29,-1.36,-3.87,6.47,-0.80,1.00,-1.02,-4.66,-3.19,4.75,-0.06,0.77,-1.38,-0.90,7.24,-3.42,-0.88,-1.29,-0.01
16.466592,6.68,-2.21,2.88,-1.06,-0.70,-0.73,-35.56,31.38,-39.56,2.38,-3.33,6.86,-1.20,0.43,-0.97,-4.83,-4.43,1.86,0.86,0.32,-1.29,-0.71,-4.54,5.62,-0.74,1.04,-1.07,-3.76,-3.65,4.58,0.00,0.80,-1.38,-0.54,6.99,-2.72,-0.84,-1.35,-0.01
16.466604,6.88,-1.98,2.12,-1.06,-0.70,-0.73,-35.56,31.38,-39.56,2.77,-3.81,6.56,-1.15,0.51,-0.98,-4.22,-4.58,2.09,0.85,0.40,-1.26,-0.46,-5.12,5.20,-0.66,1.09,-1.03,-3.18,-4.34,4.19,0.10,0.88,-1.32,-0.60,6.91,-2.05,-0.74,-1.38,-0.04
16.466684,7.48,-1.67,1.96,-1.41,-0.41,-0.59,-35.56,31.38,-39.56,2.74,-4.12,6.45,-1.09,0.63,-1.01,-3.98,-5.01,2.20,0.86,0.54,-1.23,-0.68,-5.44,5.02,-0.54,1.17,-1.01,-3.32,-4.74,4.03,0.19,0.98,-1.27,-0.80,7.11,-1.71,-0.60,-1.46,-0.08
16.466698,7.57,-1.86,1.93,-1.54,-0.28,-0.53,-35.56,31.38,-39.56,2.58,-4.38,6.29,-1.03,0.72,-1.07,-4.06,-5.22,2.39,0.89,0.68,-1.19,-0.99,-5.61,4.94,-0.43,1.21,-1.03,-3.71,-4.89,4.01,0.29,1.03,-1.23,-0.81,7.37,-1.63,-0.49,-1.54,-0.08
16.466708,7.52,-2.02,1.89,-1.60,-0.17,-0.54,-35.56,31.38,-39.56,2.49,-4.55,6.24,-0.97,0.73,-1.12,-4.24,-5.29,2.61,0.92,0.77,-1.13,-1.20,-5.69,5.00,-0.36,1.19,-1.06,-3.99,-4.97,4.05,0.36,1.02,-1.21,-0.74,7.59,-1.62,-0.40,-1.57,-0.05
16.4854,7.75,-2.13,1.89,-1.54,-0.09,-0.57,-35.25,30.38,-39.38,2.58,-4.82,6.22,-0.88,0.69,-1.16,-4.43,-5.32,2.90,0.96,0.78,-1.01,-1.24,-5.89,5.04,-0.26,1.12,-1.10,-4.14,-5.11,4.12,0.45,0.95,-1.18,-0.61,7.80,-1.58,-0.31,-1.53,0.04
16.506854,7.71,-2.25,1.77,-1.54,-0.09,-0.57,-35.56,31.75,-39.25,2.46,-4.88,6.25,-0.78,0.63,-1.16,-4.52,-5.45,3.09,0.99,0.73,-0.90,-1.45,-5.82,5.18,-0.22,1.02,-1.10,-4.30,-5.12,4.13,0.50,0.84,-1.14,-0.62,8.00,-1.49,-0.27,-1.45,0.14
16.527966,7.60,-2.17,1.58,-1.54,-0.09,-0.57,-34.94,31.50,-40.31,2.35,-4.73,6.45,-0.77,0.52,-1.20,-4.41,-5.92,3.17,1.05,0.63,-0.84,-1.59,-5.64,5.49,-0.25,0.92,-1.16,-4.51,-5.11,4.21,0.53,0.73,-1.17,-0.87,8.20,-1.26,-0.29,-1.42,0.24
16.547947,7.48,-1.67,1.35,-1.54,-0.09,-0.57,-34.94,31.50,-40.31,2.80,-5.03,6.37,-0.80,0.49,-1.26,-4.01,-6.10,3.30,1.12,0.59,-0.85,-1.16,-6.19,5.18,-0.29,0.89,-1.24,-4.07,-5.50,4.26,0.54,0.70,-1.25,-0.85,8.22,-0.83,-0.33,-1.45,0.29
16.972425,8.71,-1.21,0.82,-1.41,0.01,-0.89,-34.62,30.75,-40.94,3.17,-5.64,5.83,-0.79,0.48,-1.32,-3.79,-6.00,3.86,1.17,0.60,-0.83,-0.95,-6.85,4.62,-0.26,0.87,-1.28,-3.72,-6.13,4.10,0.57,0.67,-1.27,-0.43,8.34,-0.35,-0.32,-1.46,0.34
16.972529,8.87,-1.25,0.47,-1.32,0.11,-0.91,-35.25,30.00,-37.88,3.31,-6.31,4.96,-0.70,0.35,-1.32,-3.88,-5.78,4.70,1.20,0.52,-0.70,-1.09,-7.29,4.10,-0.23,0.71,-1.29,-3.73,-6.51,4.07,0.59,0.50,-1.23,0.19,8.61,-0.01,-0.30,-1.33,0.47
16.972543,9.02,-1.32,0.20,-0.99,0.18,-1.02,-35.25,30.00,-37.88,3.73,-6.92,4.40,-0.54,0.09,-1.27,-3.83,-5.70,5.50,1.21,0.29,-0.48,-0.84,-7.90,3.70,-0.20,0.39,-1.26,-3.39,-6.97,4.17,0.57,0.20,-1.15,0.65,8.91,0.42,-0.29,-1.08,0.66
16.972556,9.44,-0.91,0.16,-0.53,0.23,-1.10,-35.25,30.00,-37.88,4.55,-7.08,4.68,-0.36,-0.14,-1.20,-3.42,-5.94,5.80,1.16,0.11,-0.29,0.02,-8.43,3.80,-0.15,0.11,-1.21,-2.70,-7.41,4.53,0.54,-0.06,-1.07,0.71,9.06,0.95,-0.27,-0.84,0.78
16.972575,9.67,-0.02,0.24,-0.53,0.23,-1.10,-34.38,27.31,-39.94,5.46,-7.00,5.31,-0.25,-0.21,-1.14,-3.05,-6.16,6.05,1.08,0.05,-0.19,0.91,-8.72,4.23,-0.10,0.01,-1.14,-1.88,-7.77,4.95,0.53,-0.14,-0.99,0.79,9.17,1.36,-0.25,-0.73,0.79
16.972586,9.90,0.78,0.39,-0.50,0.28,-0.85,-34.38,27.56,-41.06,6.01,-7.09,5.30,-0.21,-0.15,-1.05,-2.92,-6.05,6.41,1.00,0.09,-0.15,1.41,-9.05,4.12,-0.05,0.02,-1.03,-1.43,-8.02,5.15,0.52,-0.11,-0.90,1.13,9.20,1.56,-0.19,-0.69,0.72
16.972598,9.94,0.70,0.39,-0.50,0.28,-0.85,-34.38,27.56,-41.06,6.11,-7.38,4.84,-0.13,-0.13,-0.97,-2.91,-5.77,6.83,0.95,0.10,-0.08,1.37,-9.36,3.76,0.02,-0.02,-0.94,-1.28,-8.38,5.04,0.52,-0.14,-0.78,1.57,9.26,1.74,-0.10,-0.62,0.70
16.972681,10.20,0.59,0.36,-0.37,0.34,-0.76,-34.38,27.56,-41.06,6.46,-7.64,4.77,0.02,-0.17,-0.90,-3.04,-5.70,7.32,0.85,0.08,0.08,1.60,-9.70,3.82,0.11,-0.12,-0.85,-1.12,-8.70,5.23,0.55,-0.22,-0.62,1.88,9.55,1.89,0.00,-0.46,0.71
16.972692,10.66,1.28,0.66,-0.05,0.53,-0.56,-34.38,23.81,-40.75,7.04,-7.60,5.19,0.18,-0.19,-0.77,-3.11,-5.77,7.67,0.68,0.05,0.24,2.17,-9.90,4.19,0.22,-0.19,-0.71,-0.77,-8.83,5.77,0.57,-0.29,-0.42,2.12,9.85,1.98,0.11,-0.27,0.67
16.972707,10.59,1.24,0.82,-0.00,0.55,-0.42,-34.38,23.81,-40.75,7.35,-7.58,5.20,0.28,-0.17,-0.65,-3.25,-5.64,7.85,0.54,0.05,0.33,2.43,-9.94,4.29,0.29,-0.25,-0.57,-0.66,-8.73,6.14,0.56,-0.31,-0.26,2.38,9.93,1.88,0.19,-0.16,0.61
16.972718,10.59,1.24,0.82,-0.00,0.55,-0.42,-34.38,23.81,-40.75,7.53,-7.62,5.22,0.42,-0.17,-0.48,-3.56,-5.39,8.08,0.38,0.06,0.43,2.64,-10.04,4.40,0.37,-0.34,-0.39,-0.61,-8.73,6.41,0.51,-0.36,-0.07,2.72,10.08,1.68,0.28,-0.00,0.53
16.972729,10.89,0.97,1.50,0.33,0.60,-0.14,-31.94,24.00,-43.31,7.71,-7.49,5.61,0.59,-0.20,-0.28,-4.05,-5.31,8.32,0.17,0.01,0.59,2.74,-9.95,4.93,0.45,-0.46,-0.16,-0.85,-8.58,6.97,0.44,-0.45,0.17,2.95,10.46,1.36,0.37,0.24,0.46
16.972738,10.79,0.97,1.62,0.53,0.63,-0.01,-31.94,24.00,-43.31,7.80,-7.34,5.91,0.68,-0.27,-0.10,-4.53,-5.30,8.60,-0.00,-0.08,0.70,2.76,-9.87,5.36,0.47,-0.58,0.02,-1.06,-8.47,7.34,0.36,-0.54,0.34,3.17,10.80,1.11,0.40,0.45,0.42
16.972748,10.85,1.05,1.70,0.74,0.55,0.07,-31.94,24.00,-43.31,7.95,-7.34,5.75,0.78,-0.38,0.09,-4.69,-5.09,8.69,-0.19,-0.21,0.81,2.94,-9.93,5.31,0.48,-0.73,0.20,-0.90,-8.43,7.51,0.26,-0.67,0.52,3.39,10.78,0.98,0.41,0.70,0.38
16.975222,10.86,1.12,1.77,0.74,0.55,0.07,-31.94,22.81,-44.19,8.18,-7.24,5.72,0.92,-0.46,0.28,-4.51,-4.86,8.49,-0.36,-0.30,0.94,3.23,-9.96,5.16,0.54,-0.88,0.39,-0.53,-8.53,7.37,0.20,-0.79,0.73,3.42,10.47,0.95,0.48,0.93,0.32
16.975237,10.89,1.32,2.00,0.74,0.55,0.07,-31.94,22.19,-43.31,8.32,-6.79,5.92,1.09,-0.47,0.46,-4.41,-4.69,8.20,-0.55,-0.30,1.08,3.51,-9.65,5.31,0.63,-0.98,0.58,-0.30,-8.22,7.52,0.15,-0.84,0.95,3.41,10.22,0.79,0.59,1.10,0.24
16.975247,10.21,1.66,2.31,0.74,0.55,0.07,-31.94,22.19,-43.31,8.33,-6.18,6.27,1.20,-0.41,0.63,-4.39,-4.48,7.78,-0.74,-0.25,1.16,3.78,-9.25,5.48,0.72,-0.99,0.77,-0.07,-7.85,7.54,0.13,-0.81,1.15,3.30,9.89,0.49,0.70,1.22,0.11
16.975256,10.02,1.66,2.73,1.25,0.70,0.72,-31.94,22.19,-43.31,8.11,-5.60,6.76,1.30,-0.28,0.75,-4.53,-4.42,7.20,-0.90,-0.13,1.21,3.78,-8.73,5.85,0.86,-0.92,0.94,-0.24,-7.39,7.55,0.16,-0.70,1.35,3.00,9.69,-0.02,0.84,1.26,-0.03
16.975266,9.94,1.39,3.07,1.15,0.79,0.95,-31.94,22.19,-43.31,7.49,-5.04,6.88,1.36,-0.13,0.85,-5.28,-4.20,7.03,-1.04,-0.03,1.26,3.23,-7.90,6.30,0.94,-0.84,1.06,-1.03,-6.59,7.74,0.18,-0.62,1.49,3.10,9.79,-0.75,0.93,1.30,-0.14
16.979275,9.44,0.89,3.27,1.15,0.79,0.95,-30.75,23.81,-44.38,6.92,-4.97,5.68,1.48,-0.17,0.98,-5.88,-3.53,7.25,-1.12,-0.13,1.36,2.51,-7.23,5.91,0.97,-0.95,1.18,-1.71,-5.85,7.65,0.14,-0.75,1.61,3.66,9.67,-1.25,0.95,1.46,-0.12
16.997953,8.37,0.25,2.84,1.15,0.79,0.95,-30.75,23.81,-44.38,6.03,-4.49,4.96,1.70,-0.45,1.13,-5.65,-3.01,6.87,-1.19,-0.37,1.56,2.18,-6.89,4.94,1.02,-1.29,1.29,-1.71,-5.66,6.84,0.09,-1.06,1.73,3.63,8.97,-1.36,0.95,1.77,0.00
17.021459,8.25,0.93,3.38,2.02,0.77,0.90,-30.19,21.56,-44.69,5.96,-3.54,5.55,1.96,-0.65,1.13,-4.79,-2.94,5.32,-1.24,-0.43,1.83,2.56,-6.29,5.09,1.20,-1.55,1.29,-0.89,-5.46,6.24,0.18,-1.27,1.85,2.71,7.84,-1.56,1.10,1.97,0.14
17.04312,7.71,1.05,4.15,1.79,1.34,1.09,-31.06,21.38,-45.75,6.11,-2.37,7.05,2.09,-0.48,1.04,-4.71,-3.08,4.06,-1.27,-0.18,1.92,3.24,-5.37,6.17,1.39,-1.41,1.27,-0.58,-4.49,6.76,0.36,-1.13,1.95,1.98,7.38,-2.29,1.33,1.86,0.07
17.063113,7.07,0.70,4.64,1.79,1.34,1.09,-31.06,21.38,-45.75,5.74,-1.72,7.74,2.09,-0.18,0.99,-5.64,-2.71,3.72,-1.32,0.12,1.88,3.05,-4.52,6.94,1.51,-1.17,1.31,-1.25,-3.34,7.39,0.46,-0.88,2.02,2.15,7.52,-3.34,1.48,1.69,-0.10
17.484243,6.56,-1.25,5.53,1.31,1.35,1.41,-31.06,21.38,-45.75,4.93,-1.32,8.05,2.10,0.02,1.02,-6.85,-2.42,3.26,-1.41,0.28,1.86,2.22,-3.74,7.61,1.60,-1.01,1.38,-2.38,-2.49,7.65,0.50,-0.72,2.11,1.96,7.73,-4.56,1.57,1.64,-0.22
17.484271,6.72,-1.63,6.21,1.31,1.35,1.41,-29.25,22.81,-47.81,3.92,-0.45,9.32,2.08,0.12,1.00,-7.75,-2.90,2.46,-1.42,0.36,1.84,1.33,-2.77,8.93,1.63,-0.90,1.37,-3.77,-1.68,8.01,0.55,-0.60,2.12,1.21,8.11,-5.58,1.61,1.56,-0.27
17.484286,6.41,-1.79,6.79,1.31,1.35,1.41,-29.25,23.75,-48.00,3.07,0.16,10.29,1.95,0.20,0.92,-8.82,-3.22,2.06,-1.35,0.43,1.73,0.51,-1.99,9.96,1.57,-0.78,1.30,-5.15,-0.85,8.51,0.55,-0.51,2.02,0.95,8.66,-6.60,1.55,1.41,-0.29
17.484296,6.14,-2.36,7.21,1.31,1.35,1.41,-29.25,23.75,-48.00,2.53,0.12,10.32,1.82,0.14,0.87,-9.67,-2.94,2.00,-1.25,0.37,1.62,-0.12,-1.74,10.21,1.44,-0.79,1.22,-5.93,-0.49,8.65,0.50,-0.55,1.91,1.04,8.85,-7.28,1.44,1.37,-0.24
17.48431,6.18,-3.62,8.05,1.25,1.05,1.02,-29.25,22.19,-49.19,2.13,0.32,10.81,1.75,-0.04,0.84,-10.11,-2.94,1.47,-1.15,0.20,1.59,-0.47,-1.50,10.64,1.31,-0.92,1.13,-6.45,-0.24,8.75,0.42,-0.68,1.76,0.62,8.84,-7.85,1.31,1.41,-0.11
17.484323,6.03,-3.55,8.52,1.34,1.04,0.88,-28.06,22.12,-48.75,1.77,0.90,11.93,1.64,-0.09,0.76,-10.33,-3.39,0.79,-1.03,0.13,1.51,-0.75,-1.01,11.51,1.22,-0.90,1.03,-6.99,0.08,8.87,0.41,-0.67,1.62,-0.01,8.93,-8.30,1.20,1.32,-0.03
17.484334,5.76,-3.66,8.52,1.09,0.97,0.75,-28.06,22.12,-48.75,1.27,1.02,11.94,1.47,-0.12,0.64,-10.66,-3.45,0.72,-0.86,0.08,1.38,-1.29,-0.75,11.58,1.10,-0.85,0.88,-7.61,0.36,8.83,0.41,-0.66,1.42,-0.04,9.04,-8.55,1.05,1.19,0.06
17.484345,5.57,-3.74,8.09,0.96,0.84,0.54,-28.06,22.12,-48.75,0.99,0.79,11.05,1.38,-0.30,0.53,-10.49,-2.86,0.91,-0.68,-0.06,1.32,-1.58,-0.79,10.89,0.97,-0.95,0.69,-7.46,0.22,8.32,0.39,-0.80,1.20,0.37,8.63,-8.43,0.89,1.14,0.23
17.484356,5.69,-3.36,8.32,1.12,0.80,0.26,-28.06,22.12,-48.75,1.43,0.95,10.89,1.38,-0.45,0.39,-9.99,-2.53,0.68,-0.53,-0.16,1.34,-0.94,-0.84,10.61,0.92,-1.06,0.53,-6.67,0.18,8.25,0.43,-0.92,1.06,0.44,8.10,-8.27,0.83,1.12,0.39
17.484369,5.30,-2.70,8.44,1.17,0.91,0.14,-28.06,22.12,-48.75,1.89,1.36,11.12,1.34,-0.46,0.26,-9.69,-2.30,0.60,-0.38,-0.16,1.32,-0.27,-0.62,10.68,0.90,-1.03,0.39,-6.01,0.43,8.41,0.49,-0.90,0.92,0.62,7.81,-8.21,0.81,1.01,0.48
17.48438,5.30,-2.70,8.44,0.97,0.95,0.07,-26.56,21.25,-48.62,2.02,1.66,10.93,1.29,-0.42,0.15,-9.44,-1.96,0.67,-0.25,-0.13,1.25,0.06,-0.47,10.45,0.88,-0.96,0.27,-5.56,0.55,8.34,0.54,-0.84,0.79,0.87,7.50,-8.09,0.78,0.86,0.53
17.484391,4.73,-2.32,8.32,0.97,0.95,0.07,-26.56,21.25,-48.62,1.98,2.02,10.86,1.19,-0.38,0.01,-9.15,-1.81,0.65,-0.11,-0.07,1.17,0.16,-0.23,10.40,0.86,-0.86,0.13,-5.32,0.64,8.24,0.61,-0.76,0.65,0.96,7.26,-7.95,0.75,0.69,0.57
17.484402,4.69,-2.02,8.32,0.97,0.95,0.07,-25.69,20.25,-50.25,2.04,2.07,10.55,1.09,-0.32,-0.15,-8.99,-1.61,0.73,0.03,0.01,1.07,0.24,-0.12,10.25,0.82,-0.75,-0.03,-5.19,0.69,8.13,0.69,-0.68,0.50,1.14,7.09,-7.88,0.72,0.51,0.61
17.484414,4.54,-1.90,8.28,0.97,0.95,0.07,-25.69,20.25,-50.25,2.09,2.10,10.45,1.02,-0.29,-0.32,-8.97,-1.40,0.80,0.17,0.09,1.00,0.35,-0.14,10.18,0.79,-0.65,-0.20,-5.06,0.69,8.11,0.79,-0.61,0.36,1.27,7.01,-7.89,0.70,0.35,0.67
17.486633,4.65,-2.02,8.71,0.14,1.04,-0.37,-25.69,20.25,-50.25,2.39,2.30,10.98,0.93,-0.22,-0.50,-9.14,-1.46,0.63,0.30,0.20,0.90,0.73,-0.08,10.69,0.75,-0.52,-0.38,-4.98,0.92,8.57,0.88,-0.49,0.20,1.15,7.13,-8.17,0.69,0.13,0.70
17.486658,4.69,-2.05,9.12,0.14,1.04,-0.37,-23.25,19.69,-53.44,2.39,2.81,12.06,0.78,-0.08,-0.68,-9.42,-1.98,0.20,0.46,0.39,0.70,0.72,0.21,11.63,0.66,-0.32,-0.53,-5.48,1.14,8.99,0.94,-0.27,-0.00,0.59,7.46,-8.54,0.66,-0.19,0.64
17.48667,4.84,-1.86,9.66,0.14,1.04,-0.37,-23.25,19.69,-53.44,1.94,3.22,13.04,0.51,0.18,-0.99,-10.15,-2.37,-0.03,0.72,0.67,0.36,0.30,0.29,12.24,0.63,0.06,-0.78,-6.26,1.32,9.33,1.05,0.07,-0.31,0.35,7.95,-9.14,0.59,-0.68,0.57
17.486685,5.30,-3.28,10.12,-1.11,0.84,-0.66,-22.38,19.56,-54.88,1.60,2.77,12.58,0.26,0.30,-1.28,-11.39,-1.84,0.57,0.99,0.77,0.16,-0.55,0.28,12.34,0.56,0.26,-1.06,-7.43,1.54,9.67,1.13,0.20,-0.58,1.08,8.56,-9.86,0.47,-0.98,0.65
17.486694,5.46,-3.97,10.27,-0.99,0.81,-0.91,-22.38,19.56,-54.88,1.57,2.55,12.25,0.17,0.12,-1.41,-12.29,-1.39,1.20,1.16,0.61,0.15,-0.81,0.49,12.74,0.44,0.14,-1.26,-8.08,1.97,10.32,1.10,0.02,-0.78,1.74,9.05,-10.33,0.32,-0.96,0.85
17.496683,5.30,-3.97,10.39,-0.99,0.81,-0.91,-20.00,21.75,-56.38,2.18,2.89,12.70,0.05,-0.24,-1.46,-12.73,-1.36,1.54,1.31,0.27,0.13,-0.11,0.71,13.45,0.21,-0.09,-1.41,-7.88,2.33,11.14,0.96,-0.24,-1.02,2.04,9.39,-10.55,0.05,-0.85,1.09
17.520643,5.53,-1.90,10.86,-0.47,0.28,-1.62,-20.00,21.75,-56.38,3.15,3.22,13.27,-0.17,-0.45,-1.49,-12.35,-1.47,1.44,1.46,0.02,-0.02,1.13,0.46,13.71,-0.07,-0.16,-1.54,-6.76,2.09,11.53,0.79,-0.35,-1.28,2.02,9.24,-10.26,-0.24,-0.89,1.21
17.541635,5.91,-1.32,10.89,-0.80,0.17,-1.65,-20.00,21.75,-56.38,3.87,3.34,13.48,-0.38,-0.44,-1.57,-11.81,-1.46,1.35,1.59,0.00,-0.23,1.90,0.06,13.58,-0.23,-0.02,-1.66,-5.82,1.62,11.52,0.73,-0.24,-1.50,2.04,9.00,-9.93,-0.39,-1.08,1.19
17.563597,6.11,-0.94,11.00,-0.80,0.17,-1.65,-19.06,20.50,-58.62,4.58,3.49,13.63,-0.60,-0.27,-1.72,-11.61,-1.26,1.54,1.71,0.14,-0.49,2.66,-0.18,13.65,-0.34,0.26,-1.79,-5.15,1.43,11.83,0.74,0.01,-1.69,2.39,8.95,-9.79,-0.48,-1.37,1.10
17.992409,6.14,-1.02,10.93,-1.51,0.03,-1.59,-19.06,20.50,-58.62,5.17,3.24,13.09,-0.83,-0.07,-1.84,-12.08,-0.58,2.47,1.80,0.27,-0.74,3.05,-0.42,13.51,-0.45,0.52,-1.89,-5.02,1.45,12.42,0.72,0.23,-1.86,3.51,9.27,-9.87,-0.59,-1.62,1.00
17.992535,6.18,-1.25,10.82,-1.46,-0.09,-1.63,-19.06,20.50,-58.62,5.73,2.83,12.37,-0.96,-0.11,-1.80,-12.62,0.06,3.54,1.79,0.18,-0.85,3.44,-0.71,13.29,-0.60,0.52,-1.87,-4.80,1.46,13.02,0.59,0.21,-1.94,4.56,9.66,-9.87,-0.73,-1.59,0.98
17.992549,6.30,-0.98,10.77,-1.46,-0.09,-1.63,-16.62,21.69,-61.75,6.45,2.62,12.27,-1.05,-0.24,-1.67,-12.57,0.25,4.15,1.70,-0.02,-0.90,4.09,-1.08,13.23,-0.74,0.44,-1.80,-4.13,1.20,13.33,0.42,0.13,-1.96,5.04,9.82,-9.57,-0.89,-1.44,0.97
17.992562,6.80,0.17,10.39,-0.97,-0.46,-1.64,-15.75,21.94,-60.75,7.18,2.37,12.26,-1.16,-0.30,-1.50,-11.98,0.01,4.35,1.57,-0.17,-1.00,4.82,-1.65,13.01,-0.90,0.43,-1.67,-3.27,0.61,13.33,0.22,0.12,-1.94,5.00,9.78,-8.89,-1.05,-1.33,0.87
17.992575,7.10,0.67,10.13,-1.00,-0.63,-1.51,-15.75,21.94,-60.75,7.47,2.04,12.02,-1.27,-0.24,-1.39,-11.28,-0.28,4.47,1.48,-0.16,-1.14,5.09,-2.19,12.54,-0.99,0.53,-1.57,-2.63,-0.08,12.98,0.10,0.21,-1.91,4.92,9.65,-8.21,-1.13,-1.37,0.71
17.992587,7.41,0.78,9.70,-1.17,-0.72,-1.38,-15.75,21.94,-60.75,7.74,1.57,11.48,-1.36,-0.14,-1.31,-10.81,-0.29,4.96,1.40,-0.10,-1.27,5.29,-2.69,11.91,-1.05,0.66,-1.48,-2.14,-0.61,12.75,0.01,0.34,-1.88,5.17,9.63,-7.60,-1.16,-1.41,0.55
17.992598,7.37,0.89,9.16,-1.17,-0.72,-1.38,-17.88,24.31,-61.12,8.06,0.99,10.67,-1.42,-0.06,-1.20,-10.37,-0.11,5.56,1.29,-0.09,-1.34,5.50,-3.14,11.20,-1.10,0.73,-1.36,-1.63,-1.04,12.49,-0.09,0.41,-1.81,5.63,9.55,-6.92,-1.19,-1.37,0.42
17.9927,7.37,1.05,8.59,-1.17,-0.72,-1.38,-16.38,24.38,-61.56,8.36,0.37,9.87,-1.43,-0.02,-1.03,-9.77,-0.01,6.02,1.12,-0.14,-1.37,5.72,-3.60,10.46,-1.13,0.75,-1.19,-1.03,-1.46,12.20,-0.22,0.46,-1.69,5.86,9.38,-6.25,-1.22,-1.26,0.29
17.992713,7.33,1.24,7.52,-1.17,-0.72,-1.38,-16.38,24.38,-61.56,8.33,-0.21,9.21,-1.41,0.02,-0.80,-9.02,-0.26,6.15,0.91,-0.19,-1.38,5.62,-4.06,9.64,-1.15,0.75,-0.96,-0.66,-2.01,11.49,-0.36,0.49,-1.53,5.64,9.15,-5.46,-1.23,-1.10,0.13
17.992725,7.57,1.28,6.64,-0.91,-1.03,-0.79,-16.38,24.38,-61.56,8.03,-0.61,8.81,-1.37,0.07,-0.63,-8.24,-0.66,6.02,0.72,-0.19,-1.39,5.22,-4.34,9.03,-1.14,0.76,-0.77,-0.58,-2.54,10.68,-0.45,0.52,-1.37,5.20,8.88,-4.77,-1.21,-1.00,-0.01
17.992741,7.45,1.28,6.18,-0.86,-1.04,-0.63,-16.38,24.38,-61.56,7.69,-0.96,8.55,-1.35,0.14,-0.49,-7.50,-1.17,5.65,0.57,-0.13,-1.40,4.87,-4.57,8.51,-1.12,0.81,-0.62,-0.58,-2.91,10.03,-0.51,0.60,-1.24,4.53,8.60,-4.23,-1.15,-0.96,-0.16
17.992752,7.57,1.09,5.99,-0.90,-1.02,-0.49,-16.38,24.38,-61.56,7.35,-1.17,8.60,-1.32,0.29,-0.39,-7.05,-1.65,5.24,0.45,0.01,-1.43,4.50,-4.74,8.32,-1.07,0.91,-0.50,-0.62,-3.23,9.46,-0.52,0.74,-1.14,3.90,8.49,-3.95,-1.07,-0.98,-0.32
17.992766,7.60,0.82,5.91,-1.04,-0.98,-0.31,-16.38,24.38,-61.56,6.62,-1.47,8.47,-1.31,0.45,-0.36,-7.07,-2.08,5.19,0.35,0.14,-1.46,3.69,-4.83,8.08,-1.01,1.04,-0.41,-1.31,-3.38,9.03,-0.51,0.88,-1.04,3.54,8.68,-3.83,-1.00,-1.02,-0.45
17.995377,7.64,0.44,5.61,-1.04,-0.98,-0.31,-19.31,29.56,-62.31,5.98,-2.09,7.83,-1.27,0.48,-0.32,-7.23,-2.22,5.34,0.26,0.15,-1.41,2.83,-5.01,7.63,-0.95,1.04,-0.34,-1.92,-3.61,8.45,-0.50,0.89,-0.95,3.43,8.82,-3.75,-0.96,-0.95,-0.48
17.995398,7.99,-0.33,4.88,-0.74,-0.88,-0.19,-21.38,31.19,-61.56,5.54,-2.56,7.51,-1.14,0.38,-0.24,-6.96,-2.54,5.26,0.19,0.05,-1.26,2.11,-5.21,7.30,-0.87,0.88,-0.27,-2.39,-3.86,8.06,-0.47,0.74,-0.81,3.09,8.79,-3.42,-0.90,-0.76,-0.42
17.995411,8.07,-0.10,4.76,-0.61,-0.77,-0.18,-21.38,31.19,-61.56,5.60,-2.74,7.64,-1.03,0.29,-0.18,-6.73,-2.84,5.23,0.13,0.00,-1.14,2.16,-5.37,7.35,-0.80,0.76,-0.22,-2.32,-3.96,8.12,-0.47,0.63,-0.73,2.92,8.86,-3.19,-0.85,-0.64,-0.40
17.995423,8.03,0.02,4.64,-0.61,-0.77,-0.18,-21.38,31.19,-61.56,5.78,-2.97,7.56,-0.94,0.22,-0.09,-6.64,-2.86,5.51,0.04,-0.04,-1.03,2.37,-5.59,7.30,-0.77,0.64,-0.14,-2.14,-4.12,8.22,-0.51,0.53,-0.63,3.09,8.94,-2.97,-0.80,-0.50,-0.40
17.995439,8.33,0.28,4.68,-0.37,-0.74,-0.06,-21.12,32.94,-59.38,6.24,-3.26,7.30,-0.81,0.15,0.03,-6.49,-2.55,5.87,-0.08,-0.11,-0.88,2.80,-5.95,6.99,-0.72,0.50,-0.01,-1.55,-4.42,8.24,-0.56,0.42,-0.47,3.50,8.88,-2.75,-0.73,-0.30,-0.39
17.995451,8.41,0.59,4.72,-0.17,-0.68,0.05,-21.12,32.94,-59.38,6.62,-3.33,7.19,-0.67,0.11,0.15,-6.31,-2.47,6.05,-0.20,-0.16,-0.74,3.11,-6.11,6.93,-0.65,0.39,0.13,-1.22,-4.58,8.31,-0.58,0.35,-0.30,3.67,8.85,-2.54,-0.65,-0.14,-0.41
17.995463,8.37,0.82,4.72,-0.03,-0.61,0.19,-21.12,32.94,-59.38,6.89,-3.19,7.34,-0.54,0.10,0.27,-6.22,-2.51,6.28,-0.32,-0.18,-0.62,3.38,-6.07,7.10,-0.59,0.30,0.26,-1.06,-4.57,8.54,-0.61,0.29,-0.14,3.83,8.98,-2.38,-0.56,0.02,-0.45
18.01909,8.09,1.16,4.38,0.20,-0.66,0.37,-23.75,32.81,-58.94,7.18,-3.25,6.97,-0.45,0.04,0.45,-6.24,-2.29,6.85,-0.48,-0.26,-0.51,3.64,-6.12,6.90,-0.56,0.18,0.44,-0.84,-4.54,8.63,-0.68,0.20,0.04,4.34,9.05,-2.18,-0.53,0.22,-0.49
18.039525,8.06,1.28,4.15,0.20,-0.66,0.37,-23.75,32.81,-58.94,7.41,-3.47,6.29,-0.34,-0.04,0.63,-5.87,-1.86,7.16,-0.63,-0.39,-0.38,3.85,-6.34,6.24,-0.52,0.02,0.61,-0.34,-4.75,8.36,-0.75,0.06,0.21,4.76,8.71,-1.81,-0.50,0.46,-0.50
18.061274,8.09,1.62,3.92,0.48,-0.68,0.45,-23.75,32.81,-58.94,7.77,-3.75,5.63,-0.14,-0.14,0.85,-5.24,-1.46,7.12,-0.83,-0.51,-0.18,4.31,-6.68,5.49,-0.41,-0.15,0.82,0.47,-5.03,7.97,-0.79,-0.09,0.46,4.91,8.15,-1.44,-0.41,0.75,-0.51
18.085505,8.02,1.78,3.54,0.77,-0.59,0.60,-25.00,33.25,-55.00,7.77,-3.62,5.58,0.10,-0.15,1.09,-4.62,-1.61,6.63,-1.08,-0.52,0.05,4.49,-6.63,5.33,-0.24,-0.29,1.09,0.84,-5.08,7.59,-0.80,-0.17,0.80,4.44,7.73,-1.20,-0.22,1.02,-0.60
18.503554,7.91,1.86,3.54,0.77,-0.59,0.60,-25.25,32.31,-56.69,7.41,-3.30,5.97,0.30,-0.06,1.22,-4.48,-1.96,6.05,-1.27,-0.41,0.19,4.19,-6.32,5.51,-0.08,-0.31,1.28,0.56,-4.95,7.36,-0.77,-0.14,1.04,3.86,7.60,-1.35,-0.03,1.13,-0.72
18.503605,7.79,0.89,4.11,0.77,-0.59,0.60,-25.56,31.12,-57.50,6.81,-2.99,6.43,0.44,0.05,1.32,-5.01,-2.23,5.69,-1.42,-0.30,0.31,3.51,-5.83,6.05,0.07,-0.29,1.43,-0.36,-4.48,7.46,-0.71,-0.08,1.25,3.51,7.90,-1.91,0.13,1.21,-0.82
18.503622,7.52,-0.48,4.26,0.98,-0.13,1.33,-25.56,31.12,-57.50,6.05,-2.96,6.54,0.56,0.02,1.46,-6.17,-2.23,5.76,-1.58,-0.35,0.46,2.58,-5.34,6.57,0.13,-0.41,1.58,-1.71,-3.82,7.82,-0.74,-0.20,1.46,3.57,8.44,-2.73,0.20,1.42,-0.84
18.503637,7.61,-0.79,4.26,0.98,-0.13,1.33,-26.19,31.19,-53.94,5.74,-3.09,6.33,0.72,-0.18,1.63,-6.55,-2.08,5.47,-1.71,-0.55,0.65,2.23,-5.29,6.49,0.15,-0.67,1.73,-2.06,-3.70,7.69,-0.82,-0.44,1.63,3.41,8.36,-3.13,0.23,1.74,-0.77
18.503651,7.83,-0.75,4.57,1.77,-0.19,1.31,-26.19,31.19,-53.94,5.55,-2.60,7.06,0.91,-0.32,1.77,-6.40,-2.44,4.55,-1.82,-0.68,0.85,2.17,-5.01,6.92,0.23,-0.89,1.85,-2.17,-3.60,7.57,-0.84,-0.61,1.78,2.58,8.11,-3.41,0.31,1.96,-0.72
18.503665,7.68,-0.37,5.11,1.95,-0.04,1.37,-26.19,31.19,-53.94,5.26,-1.69,8.48,0.99,-0.29,1.81,-6.52,-3.09,3.67,-1.88,-0.62,0.92,2.11,-4.40,7.96,0.31,-0.88,1.91,-2.62,-3.14,7.81,-0.79,-0.58,1.87,1.75,8.21,-3.87,0.39,1.97,-0.76
18.503695,7.11,-0.87,5.64,1.43,-0.05,1.49,-27.12,30.62,-53.50,4.89,-1.32,9.02,0.96,-0.16,1.80,-7.19,-3.19,3.50,-1.89,-0.49,0.86,1.75,-3.86,8.59,0.33,-0.77,1.92,-3.34,-2.50,8.24,-0.77,-0.48,1.87,1.70,8.51,-4.48,0.41,1.87,-0.85
18.503708,7.10,-1.55,5.68,1.43,-0.05,1.49,-27.12,30.62,-53.50,4.42,-1.23,9.04,0.93,-0.15,1.82,-7.65,-3.11,3.30,-1.91,-0.47,0.82,1.30,-3.63,8.74,0.32,-0.75,1.94,-3.88,-2.29,8.19,-0.79,-0.45,1.87,1.57,8.57,-4.94,0.40,1.86,-0.88
18.503723,7.29,-1.75,6.14,1.52,-0.11,1.48,-27.12,30.62,-53.50,4.02,-0.96,9.55,0.94,-0.14,1.79,-7.99,-3.12,2.69,-1.91,-0.45,0.82,0.96,-3.41,9.11,0.33,-0.74,1.92,-4.23,-2.10,8.21,-0.77,-0.43,1.86,1.18,8.51,-5.53,0.42,1.84,-0.88
18.503736,7.37,-2.05,6.79,1.51,-0.04,1.46,-27.12,30.62,-53.50,3.70,-0.57,10.36,0.95,-0.07,1.73,-8.57,-3.33,2.20,-1.88,-0.38,0.82,0.67,-2.99,9.87,0.37,-0.67,1.89,-4.89,-1.65,8.56,-0.72,-0.37,1.86,0.82,8.77,-6.19,0.46,1.78,-0.89
18.503749,7.29,-2.48,7.33,1.51,-0.04,1.46,-28.62,27.38,-51.44,3.32,-0.22,11.01,0.92,-0.02,1.68,-9.30,-3.46,2.04,-1.84,-0.34,0.78,0.25,-2.56,10.62,0.36,-0.61,1.84,-5.67,-1.18,8.96,-0.70,-0.32,1.81,0.68,9.15,-6.82,0.45,1.70,-0.90
18.503762,7.03,-3.05,7.79,1.51,-0.04,1.46,-28.62,27.38,-51.44,3.14,0.09,11.77,0.84,0.00,1.63,-9.78,-3.63,1.67,-1.80,-0.31,0.69,0.15,-2.34,11.26,0.32,-0.55,1.78,-6.13,-0.86,9.31,-0.70,-0.27,1.72,0.36,9.37,-7.35,0.41,1.61,-0.92
18.503775,7.14,-3.24,8.25,1.02,-0.14,1.36,-28.62,28.94,-50.31,2.82,0.57,12.89,0.72,0.10,1.55,-10.30,-4.04,1.10,-1.74,-0.22,0.53,-0.14,-1.89,12.29,0.26,-0.38,1.70,-6.77,-0.48,9.69,-0.71,-0.12,1.59,-0.23,9.66,-7.98,0.34,1.42,-0.98
18.503789,7.18,-3.47,8.70,1.02,-0.14,1.36,-29.25,29.00,-48.88,2.30,0.86,13.73,0.51,0.23,1.45,-10.95,-4.34,0.78,-1.66,-0.14,0.32,-0.71,-1.54,13.01,0.16,-0.17,1.61,-7.52,-0.14,9.92,-0.72,0.06,1.43,-0.58,10.03,-8.55,0.24,1.21,-1.05
18.506614,7.03,-4.54,9.09,1.02,-0.14,1.36,-29.25,29.00,-48.88,1.81,0.60,13.60,0.32,0.29,1.38,-11.36,-4.40,0.74,-1.56,-0.11,0.13,-1.36,-1.49,13.02,0.02,-0.03,1.51,-8.26,-0.02,9.88,-0.75,0.16,1.27,-0.65,10.17,-8.80,0.10,1.05,-1.07
18.506644,7.18,-5.00,8.90,0.52,-0.42,1.23,-29.25,29.00,-48.88,1.41,0.32,13.46,0.19,0.28,1.30,-11.33,-4.42,0.41,-1.46,-0.14,0.00,-1.75,-1.61,12.76,-0.07,0.03,1.42,-8.46,-0.16,9.47,-0.79,0.21,1.12,-0.98,10.01,-8.87,0.01,0.95,-1.04
18.506657,7.18,-5.20,8.86,0.45,-0.50,1.04,-29.25,29.00,-48.88,0.82,0.49,13.82,0.07,0.32,1.17,-11.08,-4.89,-0.24,-1.33,-0.09,-0.12,-2.30,-1.45,12.83,-0.14,0.14,1.27,-8.84,-0.22,8.96,-0.76,0.30,0.94,-1.75,9.85,-8.88,-0.06,0.77,-1.01
18.506668,6.99,-5.20,8.86,0.45,-0.50,1.04,-30.38,33.69,-49.31,0.34,0.42,13.75,-0.06,0.39,0.99,-11.04,-5.06,-0.46,-1.17,0.00,-0.26,-2.76,-1.37,12.66,-0.19,0.29,1.09,-9.17,-0.22,8.64,-0.69,0.40,0.74,-1.98,9.80,-8.88,-0.11,0.55,-0.97
18.50668,6.91,-5.50,8.63,0.45,-0.50,1.04,-31.00,33.06,-48.44,0.21,0.31,13.41,-0.17,0.41,0.82,-10.95,-4.93,-0.39,-1.00,0.04,-0.36,-3.01,-1.22,12.51,-0.23,0.39,0.91,-9.08,-0.13,8.56,-0.64,0.45,0.56,-1.90,9.67,-8.77,-0.19,0.37,-0.91
18.518028,6.68,-5.50,8.40,-0.24,-0.60,0.49,-31.56,35.25,-49.94,0.18,0.32,13.17,-0.33,0.42,0.61,-10.64,-4.86,-0.33,-0.79,0.04,-0.50,-2.81,-1.25,12.16,-0.34,0.48,0.66,-8.84,-0.14,8.35,-0.61,0.52,0.28,-1.85,9.47,-8.52,-0.31,0.16,-0.80
18.540134,6.34,-5.00,7.86,-0.24,-0.60,0.49,-31.25,35.56,-49.62,0.23,0.20,12.84,-0.47,0.44,0.46,-10.27,-4.76,-0.45,-0.63,0.06,-0.63,-2.70,-1.37,11.69,-0.42,0.59,0.50,-8.51,-0.23,8.05,-0.57,0.60,0.09,-1.87,9.15,-8.29,-0.39,-0.02,-0.76
18.562578,6.34,-5.12,7.64,-0.39,-0.65,0.39,-31.25,35.56,-49.62,0.16,-0.04,12.38,-0.58,0.47,0.31,-9.89,-4.75,-0.48,-0.48,0.13,-0.76,-2.80,-1.48,11.27,-0.46,0.69,0.36,-8.36,-0.38,7.70,-0.54,0.66,-0.07,-1.92,8.93,-8.00,-0.44,-0.20,-0.74
18.586658,6.34,-5.12,7.10,-0.61,-0.66,0.21,-31.25,35.56,-49.62,-0.04,-0.25,11.97,-0.68,0.48,0.16,-9.66,-4.75,-0.37,-0.32,0.17,-0.85,-3.01,-1.54,10.89,-0.53,0.75,0.20,-8.35,-0.54,7.32,-0.49,0.69,-0.24,-1.94,8.84,-7.75,-0.49,-0.35,-0.68
19.030395,6.30,-5.27,6.87,-0.61,-0.66,0.21,-32.75,36.62,-46.88,-0.16,-0.45,11.55,-0.75,0.44,0.05,-9.45,-4.70,-0.33,-0.18,0.15,-0.89,-3.15,-1.58,10.51,-0.58,0.76,0.05,-8.26,-0.60,7.06,-0.45,0.68,-0.38,-1.96,8.66,-7.54,-0.55,-0.44,-0.58
19.030439,6.11,-5.23,6.68,-0.61,-0.66,0.21,-33.69,36.12,-46.81,-0.23,-0.46,11.45,-0.81,0.40,-0.07,-9.07,-4.81,-0.51,-0.05,0.13,-0.93,-3.14,-1.65,10.24,-0.62,0.78,-0.09,-8.06,-0.70,6.80,-0.42,0.68,-0.51,-2.18,8.43,-7.32,-0.60,-0.53,-0.48
19.030453,6.11,-5.08,6.52,-0.61,-0.66,0.21,-34.25,37.56,-47.06,-0.26,-0.39,11.48,-0.88,0.43,-0.20,-8.73,-5.03,-0.82,0.08,0.18,-1.01,-3.08,-1.61,10.13,-0.64,0.85,-0.22,-7.94,-0.73,6.54,-0.36,0.74,-0.65,-2.50,8.24,-7.15,-0.63,-0.68,-0.43
19.030467,5.88,-4.85,6.25,-0.61,-0.66,0.21,-33.69,37.81,-46.06,-0.46,-0.30,11.26,-0.99,0.50,-0.36,-8.48,-5.09,-0.94,0.24,0.28,-1.13,-3.22,-1.42,9.88,-0.67,0.97,-0.40,-7.95,-0.68,6.20,-0.29,0.83,-0.83,-2.61,8.04,-6.99,-0.67,-0.91,-0.40
19.03048,5.57,-5.04,5.49,-0.61,-0.66,0.21,-33.69,37.81,-46.06,-0.57,-0.68,10.34,-1.09,0.56,-0.55,-8.18,-4.80,-0.75,0.42,0.33,-1.24,-3.27,-1.58,9.13,-0.70,1.05,-0.58,-7.67,-0.81,5.77,-0.21,0.87,-1.01,-2.35,7.73,-6.68,-0.72,-1.09,-0.33
19.030492,5.69,-5.08,5.14,-1.29,-0.68,-0.45,-33.69,37.81,-46.06,-0.51,-1.13,9.50,-1.11,0.50,-0.66,-7.81,-4.53,-0.50,0.53,0.31,-1.25,-3.27,-1.86,8.37,-0.71,1.02,-0.69,-7.25,-1.12,5.26,-0.12,0.82,-1.09,-2.09,7.48,-6.30,-0.75,-1.13,-0.23
19.030504,5.72,-4.89,4.80,-1.19,-0.63,-0.55,-33.69,37.81,-46.06,-0.24,-1.49,9.18,-1.09,0.43,-0.74,-7.32,-4.57,-0.37,0.62,0.27,-1.21,-3.07,-2.21,8.01,-0.70,0.96,-0.78,-6.92,-1.38,5.24,-0.08,0.76,-1.15,-2.12,7.36,-5.78,-0.76,-1.14,-0.13
19.030516,5.95,-4.62,4.57,-1.12,-0.55,-0.62,-33.69,37.81,-46.06,0.02,-1.74,9.30,-1.06,0.43,-0.82,-6.95,-5.03,-0.34,0.70,0.29,-1.19,-2.90,-2.56,7.98,-0.67,0.96,-0.86,-6.74,-1.79,5.13,-0.02,0.75,-1.21,-2.38,7.47,-5.37,-0.74,-1.20,-0.08
19.030531,6.34,-4.43,4.42,-1.12,-0.55,-0.62,-34.62,37.88,-42.44,-0.06,-1.92,9.29,-1.09,0.44,-0.93,-6.70,-5.35,-0.23,0.80,0.36,-1.22,-3.04,-2.82,7.84,-0.64,1.00,-0.97,-6.74,-2.15,5.00,0.06,0.78,-1.29,-2.51,7.57,-5.01,-0.71,-1.32,-0.03
19.030543,6.72,-4.24,4.07,-1.12,-0.55,-0.62,-34.62,37.88,-42.44,0.03,-2.26,8.88,-1.09,0.43,-1.05,-6.60,-5.34,0.12,0.92,0.42,-1.21,-3.07,-3.09,7.54,-0.61,1.00,-1.08,-6.66,-2.41,4.87,0.14,0.78,-1.37,-2.28,7.66,-4.74,-0.68,-1.42,0.05
19.030555,6.84,-4.08,3.46,-1.37,-0.34,-0.91,-34.62,37.88,-42.44,0.37,-2.68,8.48,-1.07,0.37,-1.16,-6.50,-5.32,0.71,1.03,0.40,-1.16,-2.82,-3.50,7.25,-0.56,0.95,-1.21,-6.46,-2.68,4.92,0.22,0.71,-1.43,-1.95,7.85,-4.34,-0.68,-1.43,0.17
19.030567,6.95,-3.82,3.27,-1.37,-0.34,-0.91,-35.19,37.94,-42.81,0.78,-2.88,8.47,-1.06,0.31,-1.22,-6.18,-5.46,0.93,1.09,0.37,-1.12,-2.47,-3.74,7.24,-0.57,0.90,-1.28,-6.07,-2.89,5.09,0.25,0.65,-1.48,-1.92,7.90,-3.98,-0.68,-1.43,0.25
19.030577,7.07,-3.47,3.15,-1.37,-0.34,-0.91,-35.19,37.94,-42.81,1.10,-2.94,8.44,-1.07,0.31,-1.29,-5.79,-5.62,0.99,1.15,0.39,-1.15,-2.15,-3.91,7.15,-0.58,0.90,-1.33,-5.65,-3.14,5.00,0.27,0.67,-1.55,-1.96,7.81,-3.59,-0.69,-1.50,0.28
19.032922,7.11,-3.09,2.88,-1.48,-0.31,-1.03,-35.19,37.94,-42.81,1.32,-3.27,8.12,-1.11,0.34,-1.36,-5.59,-5.70,1.31,1.23,0.44,-1.17,-2.05,-4.32,6.73,-0.57,0.95,-1.40,-5.37,-3.56,4.79,0.33,0.70,-1.59,-1.84,7.89,-3.24,-0.68,-1.59,0.29
19.03295,7.41,-3.16,2.77,-1.48,-0.31,-1.03,-36.12,35.38,-39.88,1.30,-3.52,7.77,-1.11,0.31,-1.42,-5.54,-5.77,1.68,1.30,0.44,-1.17,-2.23,-4.48,6.54,-0.55,0.93,-1.44,-5.69,-3.68,4.81,0.38,0.67,-1.62,-1.67,8.05,-2.96,-0.68,-1.63,0.36
19.032964,7.41,-3.09,2.54,-1.48,-0.31,-1.03,-35.50,35.19,-40.88,1.32,-3.75,7.38,-1.11,0.21,-1.46,-5.54,-5.82,2.19,1.39,0.36,-1.13,-2.33,-4.60,6.37,-0.57,0.84,-1.53,-5.72,-3.84,4.73,0.39,0.57,-1.69,-1.41,8.26,-2.66,-0.72,-1.60,0.48
19.032977,7.41,-2.93,2.27,-1.48,-0.31,-1.03,-34.94,36.44,-42.25,1.63,-4.12,6.83,-1.10,0.03,-1.49,-5.32,-5.72,2.81,1.48,0.18,-1.07,-2.07,-4.96,5.86,-0.60,0.67,-1.60,-5.31,-4.21,4.53,0.41,0.38,-1.75,-0.99,8.32,-2.21,-0.79,-1.52,0.63
19.03299,7.48,-2.63,1.93,-1.48,-0.31,-1.03,-36.12,33.62,-41.75,2.26,-4.58,6.13,-1.05,-0.15,-1.50,-4.64,-5.47,3.15,1.57,0.03,-0.99,-1.47,-5.52,5.17,-0.60,0.48,-1.66,-4.30,-4.71,4.39,0.43,0.17,-1.76,-0.60,7.97,-1.51,-0.82,-1.43,0.79
19.033002,8.09,-0.87,1.12,-0.95,-0.27,-1.54,-36.12,33.62,-41.75,3.12,-4.90,5.78,-0.96,-0.23,-1.50,-3.68,-5.42,3.58,1.64,-0.04,-0.89,-0.53,-6.20,4.51,-0.53,0.35,-1.66,-3.07,-5.33,4.31,0.48,0.03,-1.70,-0.30,7.74,-0.57,-0.78,-1.36,0.88
19.033019,8.21,-0.21,0.55,-0.93,-0.16,-1.50,-36.12,33.62,-41.75,3.70,-5.31,5.04,-0.87,-0.27,-1.50,-3.10,-5.24,4.48,1.64,-0.06,-0.80,-0.07,-6.51,4.25,-0.48,0.27,-1.63,-2.49,-5.72,4.46,0.50,-0.04,-1.65,0.40,7.77,0.26,-0.73,-1.30,0.94
19.039251,8.25,0.32,0.01,-0.89,-0.11,-1.48,-36.12,33.62,-41.75,4.47,-5.88,4.22,-0.75,-0.35,-1.48,-2.50,-4.93,5.26,1.60,-0.12,-0.68,0.68,-7.29,3.43,-0.45,0.11,-1.61,-1.47,-6.47,4.33,0.48,-0.16,-1.59,1.07,7.60,1.18,-0.67,-1.14,1.00
19.056844,8.71,0.63,-0.11,-0.70,-0.04,-1.46,-36.12,33.62,-41.75,5.46,-6.21,4.02,-0.59,-0.39,-1.45,-1.67,-4.66,5.68,1.49,-0.12,-0.50,1.63,-7.96,3.02,-0.36,0.03,-1.56,-0.24,-7.15,4.27,0.51,-0.21,-1.49,1.42,7.35,1.82,-0.56,-1.02,1.01
19.080289,9.21,1.74,0.01,-0.70,-0.04,-1.46,-35.56,25.88,-39.69,6.61,-6.55,4.09,-0.39,-0.27,-1.37,-1.24,-4.69,6.26,1.33,0.03,-0.33,2.71,-8.67,2.96,-0.16,0.06,-1.41,0.76,-7.68,4.71,0.60,-0.15,-1.26,1.83,7.54,2.36,-0.34,-0.94,0.92
19.102008,9.36,1.93,-0.22,-0.68,0.43,-0.87,-35.56,27.00,-40.56,6.95,-6.71,4.09,-0.25,-0.12,-1.27,-1.28,-4.75,6.87,1.18,0.19,-0.23,2.92,-8.96,3.06,-0.00,0.10,-1.24,0.85,-7.98,4.94,0.66,-0.07,-1.04,2.17,7.87,2.61,-0.16,-0.90,0.79
19.520858,9.40,2.01,-0.22,-0.68,0.43,-0.87,-35.56,27.00,-40.56,7.15,-7.01,3.98,-0.09,-0.02,-1.18,-1.32,-4.63,7.18,1.02,0.32,-0.12,3.03,-9.35,2.92,0.15,0.11,-1.10,0.92,-8.28,5.02,0.71,-0.03,-0.85,2.41,8.01,2.69,0.03,-0.82,0.69
19.523964,10.02,1.59,0.28,-0.54,0.70,-0.50,-35.00,25.50,-39.94,7.15,-7.05,4.48,0.13,0.10,-1.06,-1.79,-4.78,7.30,0.84,0.45,0.06,2.86,-9.40,3.40,0.38,0.11,-0.92,0.49,-8.27,5.42,0.80,0.02,-0.58,2.37,8.48,2.37,0.26,-0.69,0.59
19.523994,10.02,0.78,0.70,-0.54,0.70,-0.50,-34.06,26.38,-41.88,6.93,-7.00,5.18,0.28,0.16,-0.94,-2.76,-5.20,7.66,0.68,0.49,0.21,2.39,-9.21,4.32,0.50,0.09,-0.76,-0.51,-7.98,6.08,0.82,0.01,-0.37,2.41,9.41,1.90,0.38,-0.54,0.53
19.524006,10.17,0.63,0.59,-0.28,0.77,-0.32,-34.06,26.38,-41.88,6.94,-7.40,5.31,0.40,0.03,-0.72,-3.58,-5.37,8.29,0.52,0.35,0.36,2.10,-9.43,4.83,0.50,-0.11,-0.57,-1.11,-8.09,6.74,0.72,-0.17,-0.18,2.73,10.18,1.68,0.40,-0.27,0.53
19.524019,11.35,0.74,1.35,0.09,0.68,-0.32,-34.06,26.38,-41.88,7.34,-7.48,6.01,0.54,-0.13,-0.52,-3.77,-5.65,8.34,0.35,0.21,0.52,2.47,-9.88,5.25,0.54,-0.32,-0.39,-0.92,-8.49,7.13,0.64,-0.33,0.02,2.59,10.53,1.64,0.44,-0.01,0.51
19.524031,11.47,1.01,1.62,0.33,0.73,-0.21,-34.06,26.38,-41.88,7.69,-7.36,6.77,0.63,-0.15,-0.36,-4.13,-5.92,8.39,0.20,0.17,0.62,2.74,-9.91,5.97,0.57,-0.40,-0.22,-1.04,-8.43,7.74,0.58,-0.38,0.19,2.54,10.98,1.39,0.49,0.14,0.45
19.524042,11.28,0.59,1.66,0.52,0.62,0.06,-34.06,26.38,-41.88,7.79,-7.51,6.80,0.71,-0.19,-0.13,-4.83,-5.84,8.79,0.01,0.06,0.71,2.65,-9.91,6.35,0.56,-0.51,0.02,-1.48,-8.21,8.32,0.44,-0.45,0.38,2.89,11.44,1.05,0.49,0.37,0.38
19.524053,11.63,0.51,2.04,0.84,0.57,0.17,-34.06,26.38,-41.88,7.70,-7.40,7.11,0.80,-0.29,0.08,-5.01,-5.88,8.76,-0.15,-0.08,0.80,2.56,-9.96,6.51,0.56,-0.65,0.22,-1.57,-8.39,8.29,0.33,-0.57,0.56,2.81,11.54,0.92,0.49,0.61,0.34
19.524065,11.70,0.70,2.27,0.84,0.57,0.17,-31.94,24.44,-45.12,7.82,-7.18,7.45,0.89,-0.34,0.24,-5.11,-5.87,8.57,-0.31,-0.17,0.91,2.75,-9.91,6.71,0.58,-0.74,0.38,-1.46,-8.35,8.37,0.26,-0.64,0.73,2.76,11.50,0.73,0.52,0.80,0.30
19.524078,11.47,0.67,2.46,0.98,0.59,0.28,-31.94,24.44,-45.12,8.07,-6.88,7.60,0.97,-0.35,0.43,-5.10,-5.65,8.34,-0.49,-0.21,0.99,3.12,-9.72,6.81,0.61,-0.79,0.56,-1.18,-8.03,8.59,0.18,-0.67,0.91,2.80,11.26,0.53,0.57,0.97,0.20
19.52409,10.78,0.89,2.69,1.11,0.56,0.64,-31.94,24.44,-45.12,8.15,-6.35,7.79,1.05,-0.27,0.64,-5.00,-5.34,7.85,-0.73,-0.18,1.03,3.41,-9.32,6.90,0.66,-0.77,0.79,-0.79,-7.65,8.59,0.11,-0.61,1.12,2.72,10.81,0.23,0.65,1.11,0.02
19.524102,10.63,0.78,3.00,1.11,0.56,0.64,-31.62,22.62,-45.19,7.83,-5.75,8.13,1.12,-0.11,0.79,-5.09,-5.25,7.22,-0.93,-0.06,1.04,3.43,-8.79,7.19,0.74,-0.66,0.99,-0.93,-7.19,8.55,0.08,-0.47,1.31,2.42,10.56,-0.24,0.75,1.14,-0.19
19.524112,10.44,0.63,3.42,1.11,0.56,0.64,-31.31,26.75,-47.00,7.25,-5.13,8.25,1.14,0.04,0.89,-5.65,-5.09,6.97,-1.08,0.05,1.03,2.86,-7.93,7.58,0.80,-0.55,1.13,-1.73,-6.39,8.62,0.07,-0.34,1.44,2.42,10.58,-0.91,0.82,1.15,-0.34
19.524123,9.29,-0.10,3.50,0.96,0.55,1.14,-31.31,26.75,-47.00,6.45,-4.79,7.41,1.18,-0.00,1.03,-6.47,-4.30,7.17,-1.22,-0.07,1.09,2.11,-7.08,7.37,0.78,-0.64,1.28,-2.49,-5.53,8.55,-0.03,-0.43,1.54,3.03,10.48,-1.62,0.78,1.35,-0.36
19.525829,9.02,-0.29,3.42,1.35,0.45,1.08,-31.31,26.75,-47.00,6.39,-4.44,7.07,1.29,-0.18,1.17,-6.28,-3.82,6.72,-1.32,-0.26,1.22,2.28,-6.80,6.99,0.77,-0.86,1.38,-2.09,-5.30,8.26,-0.12,-0.62,1.66,3.00,9.84,-1.81,0.76,1.59,-0.30
19.525844,8.94,0.13,3.73,1.35,0.45,1.08,-31.31,24.88,-44.94,6.49,-3.55,7.85,1.40,-0.22,1.28,-5.80,-3.84,5.59,-1.42,-0.28,1.32,2.91,-6.34,7.25,0.83,-0.92,1.49,-1.42,-4.99,8.07,-0.12,-0.66,1.80,2.34,9.17,-2.07,0.84,1.71,-0.34
19.525855,8.33,0.59,4.61,1.35,0.45,1.08,-29.56,24.81,-46.69,6.25,-2.74,8.39,1.41,-0.05,1.33,-5.99,-3.77,4.96,-1.51,-0.12,1.30,2.87,-5.41,7.84,0.90,-0.78,1.57,-1.73,-4.04,8.35,-0.10,-0.50,1.89,2.11,8.95,-2.64,0.93,1.64,-0.49
19.525869,7.64,-0.02,4.61,1.28,0.62,1.41,-29.56,24.81,-46.69,5.62,-2.47,7.98,1.37,0.04,1.40,-6.56,-3.32,4.92,-1.57,-0.08,1.25,2.20,-4.69,7.82,0.89,-0.71,1.67,-2.46,-3.30,8.20,-0.15,-0.44,1.94,2.34,8.85,-3.24,0.93,1.64,-0.59
19.525877,7.18,-0.68,4.49,1.32,0.50,1.44,-29.56,24.81,-46.69,4.73,-2.28,7.40,1.41,-0.04,1.50,-6.67,-2.91,4.48,-1.63,-0.17,1.30,1.54,-4.35,7.26,0.88,-0.81,1.74,-2.78,-3.07,7.56,-0.19,-0.53,2.01,2.20,8.36,-3.59,0.92,1.76,-0.57
19.54372,6.80,-1.40,4.84,1.32,0.50,1.44,-30.75,24.81,-46.62,4.04,-1.84,7.39,1.54,-0.15,1.54,-6.58,-2.90,3.52,-1.66,-0.26,1.46,1.13,-3.78,7.12,0.96,-0.95,1.80,-3.10,-2.62,7.06,-0.16,-0.65,2.12,1.57,7.85,-4.00,0.98,1.91,-0.47
19.55892,6.80,-1.40,4.84,1.32,0.50,1.44,-30.75,24.81,-46.62,3.55,-1.44,7.38,1.60,-0.20,1.54,-6.67,-2.88,3.20,-1.64,-0.29,1.54,0.71,-3.25,7.20,1.00,-1.03,1.80,-3.54,-2.20,6.89,-0.13,-0.73,2.14,1.41,7.69,-4.25,1.01,1.97,-0.40
19.580553,6.26,-1.48,4.72,1.81,0.72,1.34,-30.75,24.81,-46.62,2.94,-1.14,6.99,1.70,-0.34,1.53,-6.69,-2.68,2.75,-1.59,-0.37,1.66,0.24,-2.78,6.90,1.03,-1.20,1.76,-3.77,-1.84,6.43,-0.09,-0.90,2.15,1.19,7.27,-4.54,1.04,2.06,-0.26
19.605504,5.80,-1.67,4.95,2.02,0.91,1.10,-31.00,26.00,-45.81,2.45,-0.44,7.29,1.83,-0.45,1.44,-6.45,-2.68,1.82,-1.46,-0.38,1.80,0.10,-2.20,6.89,1.13,-1.34,1.65,-3.79,-1.50,5.99,0.04,-1.03,2.12,0.62,6.71,-4.84,1.12,2.06,-0.11
20.032655,5.07,-1.82,5.52,2.02,0.91,1.10,-31.00,26.00,-45.81,1.97,0.14,7.59,1.91,-0.44,1.29,-6.53,-2.49,1.23,-1.33,-0.32,1.89,-0.10,-1.61,6.99,1.24,-1.36,1.52,-3.87,-1.04,5.71,0.20,-1.05,2.06,0.38,6.32,-5.30,1.22,1.97,0.02
20.037675,5.07,-1.82,5.52,1.76,1.22,0.96,-31.00,25.19,-48.12,1.57,0.43,7.66,1.98,-0.42,1.13,-6.79,-2.30,0.71,-1.21,-0.25,1.97,-0.30,-1.15,7.18,1.34,-1.36,1.38,-4.15,-0.52,5.78,0.36,-1.07,2.02,0.14,6.15,-5.85,1.31,1.91,0.13
20.037702,4.77,-2.70,6.79,1.72,1.37,0.89,-29.25,25.38,-47.19,1.10,1.11,8.47,2.05,-0.40,0.92,-7.14,-2.48,-0.03,-1.05,-0.11,2.02,-0.64,-0.51,7.87,1.47,-1.32,1.19,-4.65,0.01,5.95,0.55,-1.03,1.94,-0.38,6.12,-6.51,1.43,1.75,0.23
20.037713,4.77,-2.70,6.79,1.48,1.54,0.80,-29.56,24.94,-47.06,0.86,1.85,9.64,2.05,-0.30,0.68,-7.82,-2.56,-0.49,-0.88,0.09,2.00,-0.72,0.07,8.84,1.55,-1.20,0.99,-5.14,0.62,6.60,0.72,-0.91,1.79,-0.62,6.39,-7.33,1.52,1.51,0.28
20.037724,4.73,-3.24,8.44,1.48,1.54,0.80,-29.56,24.94,-47.06,0.79,2.50,11.01,1.96,-0.15,0.43,-8.99,-2.59,-0.55,-0.69,0.31,1.90,-0.77,0.69,10.28,1.59,-1.00,0.77,-5.95,1.32,7.55,0.88,-0.74,1.61,-0.54,7.06,-8.35,1.57,1.22,0.31
20.037736,4.69,-3.62,9.09,0.80,1.63,0.62,-29.56,24.94,-47.06,0.72,2.89,11.88,1.79,-0.07,0.23,-10.34,-2.63,-0.18,-0.51,0.42,1.75,-0.96,1.19,11.53,1.52,-0.85,0.56,-6.96,2.03,8.60,0.94,-0.64,1.41,-0.22,7.94,-9.25,1.50,0.97,0.34
20.037747,4.65,-3.89,9.43,0.80,1.63,0.62,-27.44,24.94,-51.06,0.67,2.98,12.15,1.61,-0.12,0.08,-11.34,-2.39,0.25,-0.34,0.37,1.60,-1.18,1.35,12.21,1.36,-0.82,0.37,-7.55,2.37,9.33,0.92,-0.65,1.17,0.21,8.50,-9.89,1.33,0.83,0.43
20.037757,5.00,-4.08,10.17,0.80,1.63,0.62,-26.88,24.12,-51.25,0.81,3.16,12.59,1.44,-0.25,-0.05,-11.76,-2.28,0.33,-0.15,0.23,1.45,-1.09,1.39,12.65,1.20,-0.85,0.19,-7.71,2.47,9.75,0.87,-0.71,0.91,0.34,8.70,-10.20,1.13,0.73,0.56
20.037768,4.96,-3.74,10.32,0.72,1.16,-0.07,-26.88,24.12,-51.25,0.98,3.49,13.08,1.27,-0.33,-0.21,-11.84,-2.23,0.20,0.04,0.15,1.30,-0.81,1.49,12.99,1.05,-0.84,-0.01,-7.58,2.55,9.96,0.85,-0.72,0.66,0.33,8.66,-10.35,0.95,0.58,0.67
20.037787,4.80,-3.51,10.55,0.55,1.06,-0.26,-26.88,24.12,-51.25,1.22,3.54,13.30,1.09,-0.36,-0.38,-11.85,-2.18,0.16,0.23,0.12,1.12,-0.63,1.45,13.19,0.89,-0.77,-0.20,-7.51,2.55,10.16,0.83,-0.68,0.40,0.38,8.67,-10.43,0.80,0.39,0.74
20.037801,5.07,-3.59,10.70,0.55,1.06,-0.26,-25.00,22.69,-54.62,1.41,3.57,13.51,0.88,-0.35,-0.57,-11.92,-2.19,0.19,0.44,0.15,0.90,-0.50,1.39,13.40,0.74,-0.65,-0.43,-7.47,2.50,10.35,0.82,-0.60,0.11,0.44,8.78,-10.46,0.63,0.12,0.79
20.037812,5.11,-3.36,10.73,0.55,1.06,-0.26,-25.00,22.69,-54.62,1.58,3.56,13.46,0.72,-0.35,-0.71,-12.07,-2.04,0.49,0.61,0.16,0.73,-0.36,1.35,13.44,0.61,-0.56,-0.61,-7.48,2.50,10.49,0.81,-0.55,-0.11,0.75,8.91,-10.49,0.50,-0.06,0.85
20.037822,5.11,-3.24,10.78,-0.04,0.81,-0.74,-25.00,22.69,-54.62,1.73,3.69,13.26,0.52,-0.42,-0.85,-12.31,-1.75,1.05,0.79,0.08,0.58,-0.21,1.53,13.55,0.43,-0.53,-0.80,-7.47,2.73,10.83,0.77,-0.56,-0.36,1.29,9.08,-10.51,0.31,-0.19,0.95
20.037832,4.61,-2.74,10.36,-0.04,0.81,-0.74,-22.69,20.75,-54.00,2.24,3.78,12.87,0.28,-0.58,-0.94,-12.22,-1.35,1.50,0.96,-0.13,0.41,0.44,1.51,13.31,0.17,-0.57,-0.96,-6.86,2.86,11.03,0.65,-0.64,-0.65,1.87,8.96,-10.31,0.03,-0.26,1.09
20.047245,4.46,-2.32,10.24,-0.04,0.81,-0.74,-22.06,20.12,-55.25,2.74,3.71,12.51,0.06,-0.69,-1.00,-11.54,-1.18,1.45,1.09,-0.28,0.23,1.04,1.22,12.77,-0.03,-0.57,-1.07,-5.96,2.56,10.76,0.55,-0.67,-0.86,1.93,8.51,-9.85,-0.18,-0.34,1.14
20.047267,4.65,-1.75,10.09,-0.04,0.81,-0.74,-22.06,20.12,-55.25,3.08,3.56,12.24,-0.12,-0.68,-1.09,-10.75,-1.15,1.28,1.19,-0.29,0.05,1.41,0.87,12.25,-0.16,-0.47,-1.18,-5.19,2.08,10.32,0.52,-0.59,-1.03,1.81,8.05,-9.31,-0.31,-0.50,1.12
20.047277,5.15,-1.29,9.71,-0.23,0.15,-1.41,-21.19,21.00,-55.12,3.32,3.34,11.88,-0.30,-0.57,-1.25,-10.26,-1.10,1.37,1.31,-0.18,-0.13,1.63,0.54,11.83,-0.24,-0.28,-1.34,-4.81,1.70,10.11,0.54,-0.43,-1.22,1.92,7.88,-8.90,-0.39,-0.74,1.10
20.047287,5.34,-1.21,9.66,-0.23,0.15,-1.41,-20.62,19.00,-56.19,3.63,3.18,11.57,-0.43,-0.49,-1.38,-10.40,-0.94,1.84,1.43,-0.09,-0.27,1.82,0.41,11.79,-0.30,-0.14,-1.48,-4.74,1.66,10.35,0.57,-0.31,-1.38,2.36,8.10,-8.85,-0.44,-0.93,1.10
20.047301,5.34,-1.17,9.67,-0.23,0.15,-1.41,-20.00,18.38,-55.75,4.01,3.12,11.40,-0.56,-0.48,-1.48,-10.71,-0.71,2.41,1.53,-0.09,-0.40,2.16,0.40,11.93,-0.40,-0.07,-1.59,-4.63,1.81,10.87,0.54,-0.27,-1.54,2.90,8.38,-8.89,-0.53,-1.05,1.12
20.047311,5.30,-1.02,9.71,-0.23,0.15,-1.41,-20.00,18.38,-55.75,4.65,2.94,11.24,-0.66,-0.51,-1.51,-10.81,-0.33,2.89,1.58,-0.14,-0.51,2.79,0.09,11.81,-0.51,-0.04,-1.64,-4.09,1.69,11.18,0.47,-0.27,-1.64,3.45,8.45,-8.80,-0.65,-1.09,1.12
20.058547,5.91,-0.21,9.81,-0.75,-0.13,-1.64,-20.00,18.38,-55.75,5.39,2.84,11.41,-0.78,-0.50,-1.50,-10.46,-0.29,3.05,1.57,-0.17,-0.63,3.52,-0.37,11.77,-0.61,0.03,-1.65,-3.27,1.20,11.33,0.39,-0.22,-1.72,3.59,8.42,-8.44,-0.75,-1.14,1.06
20.076276,6.18,0.17,9.93,-0.86,-0.19,-1.59,-20.00,18.38,-55.75,5.81,2.95,11.85,-0.92,-0.37,-1.52,-10.40,-0.54,3.22,1.56,-0.08,-0.78,3.90,-0.56,12.12,-0.67,0.22,-1.66,-3.02,1.00,11.67,0.36,-0.02,-1.78,3.59,8.65,-8.28,-0.80,-1.28,0.96
20.098523,6.22,0.28,9.86,-1.12,-0.24,-1.51,-20.00,18.38,-55.75,6.08,2.68,11.64,-1.07,-0.24,-1.53,-10.73,-0.41,3.76,1.55,0.00,-0.94,4.00,-0.76,12.15,-0.75,0.40,-1.68,-3.10,0.92,12.01,0.30,0.14,-1.85,4.09,9.02,-8.31,-0.87,-1.41,0.84
20.12245,6.49,-0.21,9.59,-1.30,-0.35,-1.48,-18.19,19.75,-57.44,6.45,2.12,11.13,-1.18,-0.21,-1.47,-10.94,-0.11,4.44,1.48,-0.04,-1.06,4.22,-1.23,11.87,-0.87,0.45,-1.62,-2.92,0.66,12.26,0.18,0.18,-1.87,4.68,9.28,-8.18,-0.97,-1.40,0.75
20.543754,6.72,-0.02,9.47,-1.30,-0.35,-1.48,-17.56,19.25,-59.12,6.89,1.78,11.00,-1.24,-0.23,-1.36,-10.69,-0.22,4.79,1.39,-0.11,-1.12,4.55,-1.65,11.75,-0.96,0.46,-1.52,-2.49,0.28,12.34,0.06,0.19,-1.84,4.79,9.37,-7.73,-1.05,-1.32,0.66
20.543795,6.91,0.40,9.24,-1.04,-0.69,-1.31,-17.56,19.25,-59.12,7.20,1.48,10.93,-1.30,-0.18,-1.26,-10.20,-0.47,4.92,1.30,-0.13,-1.21,4.83,-2.11,11.53,-1.02,0.52,-1.43,-2.00,-0.26,12.17,-0.05,0.25,-1.81,4.71,9.33,-7.20,-1.10,-1.31,0.55
20.543809,7.10,0.70,8.94,-1.04,-0.69,-1.31,-17.25,21.62,-59.56,7.51,1.10,10.75,-1.36,-0.08,-1.17,-9.66,-0.67,5.08,1.21,-0.08,-1.30,5.05,-2.65,11.11,-1.06,0.64,-1.33,-1.54,-0.83,11.90,-0.13,0.38,-1.76,4.65,9.27,-6.62,-1.11,-1.34,0.40
20.54382,7.56,1.01,7.78,-1.27,-0.80,-1.02,-17.25,21.62,-59.56,7.64,0.47,10.08,-1.42,0.07,-1.06,-9.25,-0.65,5.65,1.07,0.00,-1.37,5.00,-3.21,10.45,-1.08,0.78,-1.21,-1.28,-1.44,11.54,-0.19,0.52,-1.68,5.00,9.33,-5.98,-1.11,-1.34,0.24
20.543832,7.75,0.82,7.29,-1.23,-0.83,-0.90,-17.25,21.62,-59.56,7.80,-0.38,9.07,-1.39,0.09,-0.92,-8.97,-0.45,6.32,0.93,-0.02,-1.34,4.95,-3.86,9.63,-1.07,0.77,-1.07,-1.01,-1.98,11.26,-0.26,0.52,-1.54,5.45,9.36,-5.43,-1.10,-1.21,0.17
20.543843,7.99,1.01,6.95,-0.92,-0.83,-0.80,-17.25,21.62,-59.56,8.00,-1.00,8.56,-1.28,0.04,-0.74,-8.45,-0.59,6.70,0.76,-0.10,-1.24,5.04,-4.47,9.04,-1.03,0.67,-0.89,-0.65,-2.60,10.91,-0.33,0.44,-1.36,5.49,9.32,-4.72,-1.05,-0.99,0.11
20.543854,8.21,1.86,6.52,-0.92,-0.83,-0.80,-18.44,23.25,-60.50,8.33,-1.24,8.69,-1.18,0.06,-0.58,-7.74,-0.96,6.67,0.58,-0.12,-1.15,5.39,-4.85,8.90,-0.97,0.63,-0.72,-0.12,-3.00,10.81,-0.39,0.44,-1.19,5.23,9.18,-4.09,-0.97,-0.85,-0.01
20.543864,8.03,1.97,6.33,-0.71,-0.77,-0.47,-18.44,23.25,-60.50,8.57,-1.28,8.95,-1.14,0.20,-0.43,-7.29,-1.30,6.56,0.39,-0.02,-1.16,5.66,-5.00,8.93,-0.92,0.73,-0.54,0.28,-3.22,10.72,-0.45,0.58,-1.03,4.95,9.14,-3.74,-0.89,-0.81,-0.21
20.543877,8.02,1.86,6.25,-0.87,-0.81,-0.22,-19.69,22.69,-58.25,8.25,-1.49,8.79,-1.14,0.38,-0.31,-7.21,-1.66,6.57,0.21,0.11,-1.21,5.22,-5.08,8.79,-0.87,0.87,-0.36,-0.10,-3.41,10.41,-0.49,0.75,-0.88,4.72,9.28,-3.58,-0.84,-0.82,-0.42
20.543889,8.21,0.82,5.72,-0.96,-0.86,-0.03,-20.25,26.88,-60.75,7.67,-2.08,8.15,-1.10,0.47,-0.17,-7.35,-1.67,6.83,0.04,0.15,-1.20,4.38,-5.27,8.33,-0.84,0.91,-0.19,-0.74,-3.61,9.98,-0.55,0.80,-0.71,4.76,9.42,-3.47,-0.79,-0.71,-0.55
20.5439,8.29,0.51,5.53,-0.96,-0.86,-0.03,-20.25,26.88,-60.75,7.34,-2.47,7.87,-1.01,0.41,-0.02,-7.33,-1.79,6.90,-0.11,0.07,-1.10,3.91,-5.42,8.10,-0.82,0.81,-0.04,-1.08,-3.77,9.69,-0.61,0.71,-0.55,4.61,9.46,-3.35,-0.76,-0.53,-0.58
20.543911,8.37,0.59,5.41,-0.51,-0.85,0.11,-20.25,26.88,-60.75,7.19,-2.57,8.12,-0.91,0.33,0.15,-7.14,-2.11,6.69,-0.25,-0.03,-0.99,3.77,-5.55,8.14,-0.80,0.69,0.12,-1.17,-3.90,9.56,-0.67,0.63,-0.40,4.24,9.47,-3.20,-0.73,-0.32,-0.60
20.543922,8.41,0.63,5.45,-0.30,-0.84,0.20,-20.25,26.88,-60.75,7.13,-2.61,8.33,-0.85,0.31,0.29,-7.06,-2.48,6.50,-0.39,-0.07,-0.92,3.66,-5.60,8.24,-0.77,0.63,0.27,-1.29,-3.94,9.54,-0.74,0.59,-0.25,3.92,9.57,-3.15,-0.70,-0.19,-0.67
20.543932,8.48,0.59,5.30,-0.24,-0.85,0.31,-22.00,27.81,-56.94,6.92,-2.89,8.14,-0.79,0.29,0.46,-7.16,-2.61,6.69,-0.53,-0.13,-0.86,3.32,-5.65,8.17,-0.76,0.55,0.44,-1.60,-4.02,9.43,-0.82,0.53,-0.11,3.95,9.74,-3.06,-0.70,-0.04,-0.73
20.545978,8.52,0.40,4.91,-0.24,-0.85,0.31,-23.19,26.94,-57.19,6.85,-3.35,7.56,-0.70,0.19,0.63,-6.95,-2.46,6.93,-0.66,-0.27,-0.75,3.15,-5.91,7.71,-0.76,0.40,0.59,-1.53,-4.24,9.16,-0.91,0.39,0.05,4.13,9.62,-2.75,-0.70,0.20,-0.74
20.545998,8.68,0.36,4.57,0.43,-0.92,0.51,-23.19,26.94,-57.19,6.88,-3.61,7.26,-0.56,0.05,0.84,-6.53,-2.50,6.87,-0.82,-0.42,-0.60,3.24,-6.15,7.30,-0.74,0.22,0.77,-1.26,-4.49,8.82,-1.00,0.25,0.23,3.98,9.39,-2.39,-0.68,0.45,-0.74
20.546012,8.64,0.55,4.30,0.43,-0.92,0.51,-24.38,27.56,-58.00,6.76,-3.64,7.13,-0.43,-0.03,0.99,-6.02,-2.69,6.62,-0.96,-0.52,-0.47,3.11,-6.20,7.05,-0.69,0.07,0.94,-1.12,-4.70,8.37,-1.05,0.13,0.41,3.65,9.09,-2.06,-0.63,0.66,-0.75
20.546023,8.45,0.89,3.84,0.63,-0.88,0.63,-25.31,28.25,-55.19,6.69,-3.61,7.07,-0.30,-0.05,1.12,-5.47,-2.84,6.29,-1.09,-0.54,-0.34,3.10,-6.25,6.71,-0.61,-0.02,1.09,-0.87,-4.87,7.92,-1.06,0.08,0.59,3.37,8.74,-1.78,-0.54,0.82,-0.79
20.546039,8.37,0.78,3.80,0.72,-0.75,0.88,-25.31,28.25,-55.19,6.65,-3.68,6.78,-0.17,-0.02,1.22,-5.24,-2.69,6.20,-1.21,-0.51,-0.22,3.10,-6.28,6.34,-0.50,-0.07,1.22,-0.73,-4.87,7.66,-1.04,0.06,0.76,3.40,8.49,-1.69,-0.43,0.94,-0.82
20.550679,8.25,0.48,3.73,0.83,-0.64,1.01,-25.31,28.25,-55.19,6.52,-3.83,6.46,-0.01,-0.02,1.36,-5.29,-2.48,6.06,-1.37,-0.51,-0.05,2.97,-6.22,6.17,-0.39,-0.14,1.38,-0.83,-4.74,7.51,-1.03,0.00,0.98,3.37,8.33,-1.85,-0.30,1.15,-0.83
20.568037,8.25,0.05,3.92,0.83,-0.64,1.01,-27.12,28.00,-54.06,6.06,-3.63,6.59,0.17,-0.07,1.50,-5.52,-2.63,5.70,-1.52,-0.54,0.14,2.45,-5.90,6.37,-0.27,-0.26,1.53,-1.39,-4.48,7.42,-1.02,-0.08,1.18,3.05,8.34,-2.15,-0.19,1.33,-0.84
20.591871,7.98,-0.52,4.26,1.28,-0.42,1.21,-27.44,27.06,-52.12,5.56,-3.29,7.06,0.36,-0.12,1.63,-5.75,-2.93,5.03,-1.66,-0.58,0.34,2.09,-5.50,6.74,-0.15,-0.38,1.68,-1.91,-4.14,7.40,-0.99,-0.18,1.39,2.45,8.32,-2.59,-0.06,1.54,-0.85
20.613557,7.95,-0.52,4.53,1.38,-0.34,1.29,-27.44,27.06,-52.12,5.03,-2.66,7.86,0.48,-0.11,1.67,-5.93,-3.40,4.34,-1.73,-0.52,0.44,1.60,-4.96,7.33,-0.05,-0.42,1.74,-2.58,-3.84,7.32,-0.94,-0.20,1.50,1.74,8.36,-3.01,0.05,1.58,-0.88
20.634809,7.87,-0.41,4.99,1.30,-0.26,1.33,-27.44,27.06,-52.12,4.64,-2.23,8.43,0.54,-0.04,1.64,-6.40,-3.57,3.91,-1.73,-0.41,0.49,1.31,-4.55,7.84,0.04,-0.40,1.73,-3.09,-3.45,7.49,-0.86,-0.17,1.54,1.48,8.49,-3.52,0.14,1.54,-0.88
21.055695,7.61,-1.13,5.61,1.30,-0.26,1.33,-28.94,28.50,-50.56,4.45,-1.87,8.78,0.58,-0.01,1.60,-7.07,-3.36,3.85,-1.71,-0.35,0.54,1.17,-4.08,8.37,0.10,-0.39,1.70,-3.55,-2.83,8.02,-0.79,-0.16,1.56,1.62,8.70,-4.14,0.21,1.52,-0.86
21.055737,7.41,-1.25,5.83,1.30,-0.26,1.33,-28.94,28.50,-50.56,4.46,-1.48,9.37,0.59,0.01,1.59,-7.44,-3.39,3.61,-1.70,-0.34,0.55,1.24,-3.79,8.94,0.12,-0.37,1.70,-3.68,-2.55,8.28,-0.78,-0.14,1.56,1.47,8.84,-4.57,0.23,1.51,-0.87
21.055751,7.41,-1.21,6.18,1.16,-0.18,1.32,-28.94,28.50,-50.56,4.31,-1.21,9.91,0.56,0.07,1.56,-7.78,-3.59,3.31,-1.69,-0.27,0.49,1.09,-3.56,9.44,0.12,-0.29,1.68,-4.08,-2.29,8.55,-0.76,-0.06,1.53,1.24,9.03,-4.94,0.24,1.42,-0.92
21.055764,7.57,-1.32,6.45,1.01,-0.21,1.34,-28.94,28.50,-50.56,4.03,-1.14,10.10,0.53,0.13,1.52,-8.21,-3.60,3.17,-1.67,-0.21,0.43,0.73,-3.39,9.67,0.12,-0.22,1.65,-4.58,-2.06,8.68,-0.75,-0.00,1.48,1.17,9.20,-5.34,0.23,1.34,-0.96
21.055777,7.57,-2.13,6.83,0.91,-0.22,1.29,-29.88,27.50,-48.25,3.68,-1.00,10.35,0.51,0.14,1.49,-8.67,-3.50,3.09,-1.63,-0.20,0.39,0.38,-3.15,9.98,0.11,-0.20,1.61,-4.98,-1.86,8.77,-0.75,0.00,1.44,1.16,9.29,-5.73,0.22,1.31,-0.95
21.055789,7.48,-2.48,7.02,0.91,-0.22,1.29,-30.12,29.31,-48.19,3.56,-0.95,10.58,0.49,0.12,1.46,-8.88,-3.51,2.83,-1.60,-0.22,0.38,0.33,-3.08,10.17,0.09,-0.20,1.58,-5.09,-1.72,8.85,-0.74,-0.01,1.42,0.97,9.27,-6.01,0.21,1.29,-0.93
21.055802,7.48,-2.48,7.02,0.91,-0.22,1.29,-30.12,29.31,-48.19,3.40,-0.74,11.05,0.47,0.15,1.43,-8.92,-3.73,2.39,-1.58,-0.19,0.34,0.22,-2.89,10.47,0.09,-0.15,1.56,-5.35,-1.51,8.94,-0.74,0.05,1.38,0.57,9.24,-6.21,0.20,1.25,-0.95
21.055816,7.14,-2.82,7.56,0.78,-0.25,1.28,-31.00,31.25,-48.56,3.14,-0.34,11.77,0.39,0.27,1.37,-9.13,-3.97,1.90,-1.55,-0.11,0.24,-0.01,-2.48,11.03,0.06,-0.00,1.50,-5.69,-1.20,9.04,-0.73,0.19,1.29,0.11,9.31,-6.59,0.18,1.10,-1.01
21.055827,7.18,-3.16,7.78,0.54,-0.31,1.28,-31.00,31.25,-48.56,2.73,-0.12,12.23,0.27,0.41,1.30,-9.43,-4.21,1.53,-1.51,0.00,0.09,-0.39,-2.23,11.37,0.03,0.17,1.44,-6.18,-0.99,9.01,-0.72,0.36,1.19,-0.24,9.44,-6.96,0.14,0.92,-1.09
21.05584,7.14,-3.59,7.90,0.30,-0.37,1.27,-31.00,31.25,-48.56,2.22,-0.14,12.31,0.14,0.52,1.21,-9.78,-4.35,1.29,-1.44,0.10,-0.06,-0.93,-2.04,11.49,-0.02,0.33,1.36,-6.81,-0.81,8.93,-0.71,0.49,1.07,-0.49,9.57,-7.26,0.10,0.75,-1.13
21.055853,7.07,-4.50,7.90,0.16,-0.44,1.22,-31.00,31.25,-48.56,1.58,-0.17,12.31,0.03,0.59,1.14,-10.03,-4.42,0.98,-1.36,0.15,-0.19,-1.44,-1.87,11.56,-0.07,0.46,1.29,-7.24,-0.65,8.79,-0.70,0.59,0.95,-0.77,9.58,-7.55,0.04,0.61,-1.15
21.055864,6.95,-4.62,8.02,0.12,-0.47,1.15,-31.00,31.25,-48.56,1.15,-0.03,12.70,-0.07,0.61,1.04,-10.13,-4.67,0.51,-1.28,0.19,-0.31,-2.01,-1.60,11.82,-0.14,0.55,1.17,-7.84,-0.47,8.64,-0.68,0.66,0.83,-1.27,9.57,-7.78,-0.01,0.47,-1.15
21.055877,6.88,-4.93,8.02,-0.02,-0.51,1.07,-31.00,31.25,-48.56,0.84,0.16,13.30,-0.20,0.69,0.91,-10.29,-5.01,0.00,-1.19,0.27,-0.45,-2.29,-1.42,12.12,-0.20,0.67,1.05,-8.18,-0.28,8.63,-0.68,0.78,0.68,-1.80,9.63,-8.08,-0.08,0.30,-1.19
21.05589,6.84,-5.27,8.18,-0.24,-0.58,1.02,-31.00,31.25,-48.56,0.41,0.34,13.80,-0.39,0.81,0.78,-10.52,-5.36,-0.46,-1.08,0.37,-0.66,-2.76,-1.16,12.49,-0.29,0.87,0.91,-8.77,-0.07,8.51,-0.67,0.95,0.49,-2.31,9.73,-8.37,-0.17,0.06,-1.24
21.058241,6.61,-6.07,7.98,-0.24,-0.58,1.02,-33.69,37.81,-46.06,-0.40,0.14,13.43,-0.62,0.91,0.63,-10.73,-5.52,-0.69,-0.94,0.43,-0.88,-3.64,-0.90,12.23,-0.41,1.06,0.75,-9.54,0.10,8.07,-0.67,1.08,0.27,-2.61,9.73,-8.54,-0.30,-0.17,-1.25
21.058261,6.38,-6.46,7.52,-0.75,-0.90,0.62,-33.94,39.12,-45.88,-1.16,-0.15,12.61,-0.77,0.86,0.51,-10.64,-5.48,-0.78,-0.78,0.37,-1.01,-4.33,-0.79,11.53,-0.54,1.09,0.59,-9.92,0.13,7.38,-0.69,1.06,0.06,-2.74,9.49,-8.44,-0.45,-0.29,-1.15
21.058276,6.14,-6.61,6.99,-0.75,-0.90,0.62,-33.94,39.12,-45.88,-1.54,-0.46,11.76,-0.84,0.72,0.41,-10.07,-5.34,-0.94,-0.62,0.25,-1.06,-4.72,-0.83,10.71,-0.65,1.00,0.44,-9.72,-0.01,6.64,-0.71,0.95,-0.12,-2.86,8.95,-8.03,-0.58,-0.33,-1.00
21.058288,5.95,-6.49,6.48,-0.63,-0.95,0.38,-33.94,39.12,-45.88,-1.75,-0.55,11.28,-0.89,0.59,0.29,-9.22,-5.36,-1.27,-0.44,0.14,-1.08,-4.78,-0.93,10.00,-0.71,0.91,0.28,-9.33,-0.28,5.87,-0.68,0.85,-0.29,-3.17,8.34,-7.49,-0.67,-0.39,-0.83
21.0583,5.69,-5.73,5.83,-0.71,-0.87,0.02,-35.19,40.06,-42.12,-1.83,-0.60,10.80,-0.96,0.51,0.08,-8.35,-5.39,-1.59,-0.22,0.13,-1.12,-4.67,-0.95,9.34,-0.75,0.89,0.03,-8.76,-0.44,5.28,-0.59,0.81,-0.51,-3.43,7.74,-6.96,-0.73,-0.54,-0.67
21.069082,5.27,-5.46,5.22,-0.71,-0.87,0.02,-35.19,40.06,-42.12,-1.81,-0.62,10.34,-1.03,0.52,-0.15,-7.64,-5.34,-1.78,-0.00,0.20,-1.20,-4.47,-0.99,8.74,-0.76,0.94,-0.19,-8.25,-0.57,4.75,-0.48,0.84,-0.70,-3.53,7.25,-6.54,-0.75,-0.74,-0.57
21.09077,5.11,-5.31,4.80,-1.08,-0.77,-0.22,-35.19,40.06,-42.12,-1.94,-0.81,9.75,-1.09,0.56,-0.36,-7.10,-5.29,-1.86,0.20,0.29,-1.26,-4.47,-1.13,8.08,-0.74,1.01,-0.39,-8.01,-0.75,4.19,-0.36,0.89,-0.88,-3.62,6.86,-6.16,-0.75,-0.94,-0.47
21.112497,5.19,-5.50,4.22,-1.08,-0.77,-0.22,-35.19,40.06,-42.12,-2.06,-1.09,9.18,-1.12,0.58,-0.57,-6.74,-5.27,-1.87,0.39,0.36,-1.27,-4.63,-1.27,7.52,-0.71,1.06,-0.60,-7.86,-0.95,3.76,-0.21,0.90,-1.03,-3.66,6.64,-5.84,-0.73,-1.11,-0.35
21.133679,5.15,-5.50,3.92,-1.32,-0.58,-0.49,-35.19,40.06,-42.12,-2.13,-1.34,8.74,-1.13,0.54,-0.76,-6.57,-5.33,-1.68,0.58,0.39,-1.26,-4.78,-1.33,7.25,-0.68,1.05,-0.79,-7.93,-0.98,3.63,-0.09,0.87,-1.17,-3.61,6.65,-5.57,-0.72,-1.23,-0.20
21.260606,5.27,-5.38,3.23,-1.28,-0.51,-0.85,-35.19,40.06,-42.12,-2.04,-1.74,8.25,-1.14,0.43,-0.93,-6.43,-5.37,-1.31,0.78,0.33,-1.23,-4.76,-1.58,6.93,-0.69,0.95,-1.00,-7.82,-1.19,3.54,-0.01,0.76,-1.33,-3.42,6.76,-5.22,-0.77,-1.29,-0.01
21.262673,5.57,-5.12,3.07,-1.28,-0.51,-0.85,-35.19,40.06,-42.12,-1.77,-2.03,8.01,-1.14,0.30,-1.06,-6.09,-5.47,-1.05,0.93,0.26,-1.20,-4.55,-1.89,6.70,-0.71,0.85,-1.14,-7.47,-1.50,3.46,0.05,0.64,-1.45,-3.34,6.75,-4.81,-0.81,-1.32,0.14
21.262702,5.69,-4.73,2.88,-1.22,-0.48,-1.01,-35.19,40.06,-42.12,-1.38,-2.40,7.74,-1.14,0.20,-1.17,-5.60,-5.51,-0.90,1.07,0.22,-1.18,-4.18,-2.40,6.30,-0.71,0.77,-1.27,-6.91,-2.00,3.27,0.13,0.54,-1.54,-3.28,6.60,-4.29,-0.82,-1.37,0.27
21.262715,6.41,-4.28,2.58,-1.30,-0.33,-1.17,-35.19,40.06,-42.12,-0.79,-2.85,7.77,-1.11,0.19,-1.31,-4.95,-5.78,-0.79,1.21,0.28,-1.16,-3.72,-3.04,6.07,-0.65,0.77,-1.40,-6.32,-2.61,3.21,0.24,0.53,-1.61,-3.42,6.56,-3.63,-0.77,-1.47,0.35
21.262726,6.68,-4.01,2.39,-1.30,-0.33,-1.17,-36.44,37.12,-37.62,-0.47,-3.04,7.98,-1.11,0.28,-1.44,-4.70,-6.23,-0.57,1.31,0.40,-1.17,-3.51,-3.44,6.13,-0.58,0.86,-1.51,-6.14,-3.04,3.26,0.36,0.62,-1.68,-3.53,6.81,-3.20,-0.70,-1.62,0.38
21.26731,6.91,-3.66,2.12,-1.30,-0.33,-1.17,-36.44,37.12,-37.62,-0.17,-3.49,7.50,-1.13,0.37,-1.61,-4.72,-6.21,0.12,1.44,0.53,-1.19,-3.46,-3.88,5.87,-0.52,0.95,-1.66,-6.12,-3.42,3.38,0.48,0.70,-1.80,-2.97,7.13,-2.87,-0.65,-1.79,0.43
21.285808,6.91,-3.66,2.12,-1.71,-0.09,-1.29,-37.38,36.19,-37.44,0.15,-4.17,6.57,-1.06,0.30,-1.70,-4.88,-5.76,1.04,1.53,0.52,-1.12,-3.31,-4.40,5.31,-0.46,0.86,-1.73,-5.91,-3.75,3.45,0.55,0.60,-1.82,-2.18,7.34,-2.64,-0.62,-1.78,0.55
21.305741,7.22,-3.89,1.70,-1.71,-0.09,-1.29,-37.38,36.19,-37.44,0.58,-4.68,6.06,-0.93,0.12,-1.71,-4.88,-5.54,1.83,1.58,0.39,-0.94,-3.08,-4.85,5.05,-0.41,0.63,-1.76,-5.66,-4.10,3.60,0.59,0.37,-1.77,-1.61,7.57,-2.28,-0.59,-1.61,0.74
21.324854,7.22,-3.89,1.70,-1.00,0.11,-1.51,-37.06,33.94,-37.75,1.20,-4.76,6.33,-0.79,-0.08,-1.70,-4.69,-5.75,2.23,1.60,0.24,-0.76,-2.54,-5.10,5.31,-0.37,0.41,-1.76,-5.25,-4.34,3.98,0.61,0.16,-1.73,-1.49,7.80,-1.86,-0.56,-1.44,0.90
21.345213,7.87,-2.55,1.62,-1.00,0.11,-1.51,-37.06,33.94,-37.75,1.93,-4.58,6.86,-0.73,-0.18,-1.69,-4.38,-6.03,2.51,1.63,0.15,-0.67,-1.71,-5.27,5.76,-0.36,0.29,-1.77,-4.56,-4.56,4.40,0.61,0.05,-1.73,-1.38,7.97,-1.48,-0.56,-1.38,0.97
21.370022,8.09,-1.48,1.43,-1.04,0.09,-1.54,-36.75,31.56,-36.62,2.77,-4.92,6.57,-0.73,-0.18,-1.68,-4.02,-5.90,3.18,1.64,0.14,-0.66,-0.98,-5.91,5.38,-0.35,0.26,-1.76,-3.77,-5.09,4.60,0.62,0.04,-1.71,-0.77,8.05,-0.88,-0.56,-1.38,0.97
21.563791,8.48,-1.21,1.16,-1.07,0.10,-1.50,-36.75,31.56,-36.62,3.29,-5.51,5.76,-0.67,-0.22,-1.65,-3.65,-5.55,3.97,1.62,0.12,-0.60,-0.59,-6.54,4.75,-0.31,0.21,-1.73,-3.13,-5.70,4.47,0.63,-0.03,-1.65,-0.13,8.00,-0.31,-0.51,-1.31,0.99
21.563825,8.64,-1.02,0.89,-1.07,0.10,-1.50,-36.19,28.81,-36.56,3.78,-5.84,5.32,-0.52,-0.29,-1.61,-3.21,-5.40,4.38,1.59,0.09,-0.45,-0.14,-7.05,4.27,-0.22,0.09,-1.67,-2.51,-6.21,4.36,0.68,-0.13,-1.54,0.16,7.91,0.20,-0.42,-1.19,1.05
21.56384,8.90,-0.71,0.89,-1.07,0.10,-1.50,-35.31,28.00,-37.06,4.29,-5.69,5.63,-0.40,-0.29,-1.59,-2.94,-5.56,4.74,1.55,0.12,-0.33,0.34,-7.15,4.55,-0.11,0.04,-1.64,-2.13,-6.38,4.66,0.74,-0.16,-1.45,0.37,8.09,0.57,-0.32,-1.13,1.06
21.563854,8.71,0.48,0.74,-1.07,0.10,-1.50,-35.31,28.00,-37.06,4.94,-6.10,5.25,-0.34,-0.29,-1.54,-3.08,-5.43,5.73,1.50,0.11,-0.25,0.81,-7.53,4.53,-0.07,0.00,-1.58,-1.89,-6.58,5.13,0.75,-0.20,-1.37,1.18,8.55,0.92,-0.28,-1.05,1.07
21.563867,9.52,0.51,0.28,-0.32,0.40,-1.27,-35.31,28.00,-37.06,5.81,-6.83,4.61,-0.19,-0.44,-1.38,-2.89,-5.05,6.79,1.37,-0.04,-0.08,1.53,-8.40,4.00,-0.04,-0.21,-1.43,-0.97,-7.33,5.34,0.69,-0.39,-1.18,2.00,8.72,1.53,-0.24,-0.77,1.11
21.563881,9.94,1.01,0.43,-0.32,0.40,-1.27,-35.88,25.19,-38.75,6.57,-6.99,4.98,-0.03,-0.48,-1.24,-2.40,-5.30,6.88,1.22,-0.07,0.06,2.37,-9.20,3.85,0.09,-0.33,-1.28,-0.16,-7.98,5.56,0.69,-0.46,-0.98,1.90,8.78,2.00,-0.13,-0.61,1.07
21.563895,10.36,1.62,0.74,-0.11,0.50,-1.12,-35.88,25.19,-38.75,7.06,-6.84,5.88,0.06,-0.34,-1.17,-2.35,-5.86,7.03,1.09,0.08,0.12,2.68,-9.21,4.87,0.22,-0.25,-1.14,-0.13,-8.23,6.07,0.72,-0.35,-0.82,1.74,9.22,2.17,0.00,-0.60,0.93
21.566028,10.47,1.97,0.89,-0.29,0.61,-0.88,-35.88,25.19,-38.75,7.16,-6.97,6.04,0.09,-0.20,-1.09,-2.93,-5.91,7.72,0.98,0.19,0.12,2.59,-9.33,5.18,0.26,-0.14,-1.03,-0.58,-8.25,6.61,0.72,-0.24,-0.72,2.22,9.88,2.07,0.08,-0.60,0.80
21.566057,10.67,1.32,0.78,-0.29,0.54,-0.67,-33.50,22.62,-39.38,7.37,-7.47,5.60,0.16,-0.21,-0.96,-3.40,-5.54,8.44,0.83,0.14,0.21,2.63,-9.74,5.04,0.28,-0.20,-0.88,-0.60,-8.50,6.90,0.66,-0.28,-0.58,2.85,10.22,1.98,0.13,-0.43,0.75
21.583697,11.09,1.24,1.16,-0.29,0.54,-0.67,-32.88,20.94,-40.25,7.70,-7.35,5.97,0.27,-0.25,-0.84,-3.58,-5.55,8.52,0.70,0.09,0.32,2.89,-9.75,5.45,0.31,-0.29,-0.74,-0.44,-8.52,7.28,0.62,-0.34,-0.42,2.92,10.40,1.82,0.19,-0.26,0.72
21.605694,10.82,1.78,1.93,-0.29,0.54,-0.67,-32.56,20.44,-41.56,7.98,-6.91,6.62,0.35,-0.23,-0.68,-3.98,-5.57,8.60,0.54,0.08,0.39,3.21,-9.49,6.06,0.35,-0.32,-0.56,-0.52,-8.16,7.82,0.57,-0.35,-0.25,3.08,10.68,1.48,0.23,-0.13,0.64
21.632627,10.25,1.62,1.27,-0.29,0.54,-0.67,-32.56,20.44,-41.56,7.95,-6.99,5.93,0.39,-0.30,-0.43,-4.31,-5.08,9.28,0.36,-0.08,0.44,3.13,-9.36,5.83,0.30,-0.45,-0.33,-0.61,-7.93,7.96,0.42,-0.47,-0.07,3.82,10.75,1.49,0.18,0.12,0.59
21.649005,10.25,1.62,1.27,0.46,0.35,-0.30,-31.12,19.62,-40.00,8.34,-7.27,5.43,0.49,-0.44,-0.22,-3.77,-4.76,9.18,0.19,-0.24,0.55,3.60,-9.84,5.12,0.28,-0.62,-0.16,0.20,-8.35,7.61,0.30,-0.61,0.09,3.83,10.24,1.81,0.18,0.37,0.57
22.073668,11.05,2.39,1.62,0.46,0.35,-0.30,-31.12,19.62,-40.00,8.61,-6.86,6.15,0.64,-0.40,-0.04,-3.00,-5.05,8.26,-0.02,-0.19,0.67,4.07,-9.91,5.22,0.43,-0.65,0.06,0.85,-8.61,7.37,0.29,-0.58,0.33,3.12,9.75,1.95,0.32,0.50,0.44
22.073706,10.32,1.82,2.50,0.62,0.62,0.17,-31.12,19.62,-40.00,8.28,-6.23,7.07,0.71,-0.13,0.06,-3.52,-5.29,7.81,-0.20,0.06,0.69,3.79,-9.23,6.12,0.56,-0.45,0.22,0.22,-7.99,7.68,0.34,-0.36,0.52,2.79,9.98,1.32,0.50,0.46,0.20
22.07372,10.02,1.01,2.46,0.31,0.66,0.41,-31.12,19.62,-40.00,7.46,-6.11,6.84,0.72,0.01,0.16,-4.46,-5.17,8.00,-0.32,0.15,0.68,2.90,-8.67,6.35,0.61,-0.35,0.35,-0.98,-7.39,7.86,0.33,-0.27,0.64,2.99,10.36,0.67,0.56,0.48,0.07
22.073733,10.02,0.59,2.50,0.37,0.56,0.48,-31.12,19.62,-40.00,7.24,-6.10,6.88,0.81,-0.03,0.28,-4.81,-4.98,7.70,-0.46,0.10,0.75,2.80,-8.66,6.34,0.63,-0.42,0.47,-1.06,-7.30,7.86,0.28,-0.32,0.78,2.85,10.30,0.23,0.60,0.63,0.03
22.073745,10.16,0.67,3.50,0.62,0.65,0.67,-31.12,19.62,-40.00,7.05,-5.30,8.29,0.87,0.04,0.39,-5.20,-5.36,6.96,-0.60,0.16,0.79,2.73,-7.95,7.60,0.68,-0.36,0.60,-1.50,-6.75,8.31,0.27,-0.23,0.91,2.22,10.49,-0.45,0.67,0.68,-0.09
22.073758,9.70,0.32,3.73,0.45,0.53,0.76,-30.75,20.50,-43.75,6.46,-4.99,8.47,0.81,0.13,0.46,-6.11,-5.43,6.88,-0.67,0.19,0.73,2.02,-7.27,8.12,0.65,-0.29,0.69,-2.62,-5.94,8.71,0.21,-0.15,0.96,2.24,10.86,-1.14,0.64,0.68,-0.19
22.07377,9.36,-0.60,3.38,0.45,0.53,0.76,-30.75,20.50,-43.75,5.80,-5.33,7.49,0.83,-0.02,0.63,-6.50,-4.90,7.01,-0.75,0.01,0.76,1.40,-7.26,7.43,0.55,-0.46,0.82,-3.11,-5.86,8.21,0.06,-0.32,1.03,2.54,10.71,-1.43,0.57,0.87,-0.17
22.07378,9.59,-0.91,3.30,0.71,0.35,0.69,-30.75,20.50,-43.75,5.71,-5.14,7.41,0.95,-0.21,0.74,-6.02,-4.83,6.52,-0.82,-0.18,0.89,1.41,-7.15,7.21,0.52,-0.67,0.92,-2.74,-5.96,7.78,-0.01,-0.52,1.12,2.20,10.18,-1.30,0.55,1.10,-0.08
22.073793,9.32,0.32,3.34,1.23,0.48,0.65,-30.75,20.94,-43.44,6.04,-4.47,8.01,1.04,-0.22,0.82,-5.49,-4.90,5.71,-0.88,-0.20,0.97,2.02,-6.84,7.40,0.56,-0.71,1.00,-2.10,-5.72,7.73,-0.03,-0.52,1.19,1.71,9.64,-1.33,0.60,1.16,-0.11
22.073805,8.98,0.48,3.65,1.23,0.48,0.65,-31.12,20.06,-41.88,5.63,-3.96,8.31,1.11,-0.07,0.87,-5.46,-4.76,5.39,-0.93,-0.11,0.96,1.87,-6.51,7.40,0.61,-0.61,1.04,-2.14,-5.43,7.60,0.01,-0.40,1.24,1.66,9.42,-1.52,0.66,1.12,-0.19
22.073823,8.75,-0.29,3.77,1.23,0.48,0.65,-31.12,20.06,-41.88,5.31,-4.12,7.61,1.14,-0.01,0.90,-5.61,-4.40,5.35,-0.97,-0.03,0.98,1.47,-6.38,6.92,0.69,-0.55,1.06,-2.46,-5.28,7.28,0.06,-0.37,1.31,1.85,9.21,-1.76,0.74,1.11,-0.23
22.073836,8.75,-0.52,3.88,0.93,0.60,0.91,-31.12,20.06,-41.88,5.22,-3.93,7.67,1.22,-0.00,0.89,-5.73,-4.18,5.06,-1.02,0.03,1.08,1.52,-6.16,6.93,0.81,-0.59,1.08,-2.39,-5.04,7.25,0.13,-0.39,1.40,1.79,9.04,-2.08,0.84,1.16,-0.23
22.073848,8.13,-0.48,4.45,0.93,0.60,0.91,-31.38,21.50,-44.31,5.09,-3.21,8.20,1.32,0.08,0.96,-6.17,-4.07,4.92,-1.07,0.09,1.16,1.79,-5.56,7.45,0.92,-0.55,1.17,-2.55,-4.25,7.85,0.16,-0.37,1.49,1.83,9.15,-2.61,0.92,1.19,-0.25
22.073859,7.68,-0.60,4.38,0.99,0.79,1.03,-31.38,21.50,-44.31,4.71,-2.90,8.18,1.30,0.08,1.00,-6.46,-3.93,4.70,-1.12,0.07,1.16,1.35,-4.97,7.88,0.91,-0.57,1.23,-2.83,-3.84,7.92,0.13,-0.34,1.53,1.79,9.06,-2.97,0.92,1.22,-0.27
22.07786,7.87,-0.71,4.76,1.04,0.69,1.03,-31.38,21.50,-44.31,4.55,-2.60,8.69,1.30,0.09,0.97,-6.34,-3.99,3.92,-1.15,0.13,1.16,1.27,-4.90,7.93,0.93,-0.54,1.22,-2.77,-3.91,7.53,0.16,-0.29,1.57,1.24,8.72,-3.22,0.98,1.20,-0.30
22.077894,8.21,-1.25,5.80,0.96,0.73,1.09,-31.31,24.25,-46.12,4.20,-2.12,9.66,1.30,0.28,0.87,-6.62,-4.30,3.04,-1.17,0.39,1.13,0.94,-4.49,8.50,1.07,-0.33,1.17,-2.99,-3.55,7.52,0.31,-0.05,1.67,0.52,8.75,-3.84,1.11,1.01,-0.40
22.077905,7.83,-2.05,5.95,0.41,0.94,1.30,-30.12,24.56,-45.56,3.55,-1.81,10.02,1.27,0.45,0.83,-7.77,-4.39,3.00,-1.18,0.57,1.09,0.45,-3.80,9.20,1.15,-0.17,1.16,-3.64,-2.57,8.12,0.37,0.19,1.78,0.50,9.33,-4.75,1.13,0.87,-0.44
22.077914,7.26,-2.93,5.87,0.41,0.94,1.30,-30.12,24.56,-45.56,2.88,-1.68,10.02,1.21,0.41,0.87,-8.75,-4.30,3.12,-1.15,0.50,1.02,-0.47,-3.14,9.81,1.10,-0.20,1.17,-5.25,-1.81,8.37,0.32,0.28,1.90,0.70,9.75,-5.40,1.03,0.87,-0.42
22.077924,7.06,-3.24,6.02,0.54,0.75,1.16,-30.12,24.56,-45.56,2.34,-1.69,9.91,1.17,0.23,0.89,-9.10,-4.21,3.06,-1.11,0.30,1.00,-0.98,-3.09,9.54,1.01,-0.33,1.18,-6.51,-1.67,8.00,0.25,0.13,1.89,0.66,9.79,-5.64,0.91,0.97,-0.34
22.0883,7.37,-3.32,6.18,0.77,0.55,0.99,-30.12,24.56,-45.56,2.04,-1.75,9.52,1.19,0.02,0.88,-8.91,-4.04,2.86,-1.03,0.07,1.05,-1.38,-3.10,9.01,1.00,-0.60,1.12,-6.86,-1.85,7.31,0.26,-0.23,1.81,0.59,9.39,-5.57,0.82,1.13,-0.16
22.10585,7.45,-3.28,6.10,0.77,0.55,0.99,-31.31,27.38,-47.81,2.01,-1.54,9.49,1.26,-0.23,0.82,-8.36,-4.02,2.52,-0.94,-0.09,1.17,-1.16,-2.96,8.97,1.01,-0.82,1.03,-6.57,-1.67,7.53,0.28,-0.53,1.69,0.36,9.05,-5.38,0.80,1.21,-0.02
22.129524,6.95,-2.25,5.83,1.21,0.73,0.56,-30.38,26.25,-48.75,2.38,-1.14,9.92,1.24,-0.34,0.70,-8.04,-4.04,2.29,-0.85,-0.15,1.20,-0.69,-2.62,9.49,0.96,-0.89,0.89,-6.00,-1.56,7.60,0.30,-0.67,1.51,0.27,8.82,-5.30,0.77,1.20,0.08
22.151235,6.88,-2.09,6.02,1.07,0.73,0.52,-30.38,26.25,-48.75,2.60,-0.97,10.09,1.18,-0.30,0.60,-8.03,-4.00,2.22,-0.78,-0.12,1.17,-0.34,-2.62,9.42,0.92,-0.80,0.79,-5.44,-1.61,7.38,0.34,-0.66,1.36,0.31,8.81,-5.37,0.75,1.11,0.12
22.172794,6.91,-2.17,6.14,1.07,0.73,0.52,-30.12,25.38,-47.12,2.67,-1.07,9.58,1.14,-0.28,0.54,-8.23,-3.73,2.56,-0.70,-0.13,1.11,-0.21,-2.77,8.63,0.98,-0.80,0.71,-5.04,-1.40,7.43,0.47,-0.73,1.35,0.75,8.84,-5.42,0.70,1.04,0.17
22.58341,6.41,-1.98,5.91,1.14,0.64,0.31,-30.12,25.06,-49.50,2.84,-1.08,8.93,1.20,-0.43,0.56,-7.84,-3.20,2.57,-0.62,-0.25,1.10,-0.02,-2.40,8.74,1.01,-0.93,0.70,-4.70,-1.16,7.55,0.48,-0.81,1.36,1.00,8.24,-5.28,0.65,1.07,0.23
22.58344,6.41,-1.98,5.91,1.14,0.64,0.31,-30.12,25.06,-49.50,2.90,-0.55,9.55,1.20,-0.43,0.51,-7.34,-3.26,1.98,-0.57,-0.22,1.11,0.29,-2.11,9.10,1.00,-0.90,0.66,-4.15,-1.23,7.24,0.53,-0.74,1.37,0.55,7.82,-5.19,0.70,1.01,0.24
22.583453,6.38,-1.59,6.75,0.64,0.86,0.44,-30.12,25.06,-49.50,2.78,-0.02,10.19,1.15,-0.22,0.36,-7.26,-3.32,1.35,-0.51,0.01,1.06,0.34,-1.77,9.34,1.03,-0.68,0.56,-4.58,-0.59,7.54,0.67,-0.55,1.31,0.18,7.64,-5.53,0.80,0.80,0.17
22.583467,6.07,-2.09,6.95,0.64,0.86,0.44,-29.56,23.69,-49.69,2.35,0.33,10.41,1.06,-0.05,0.21,-7.90,-3.26,1.14,-0.43,0.25,0.96,-0.07,-1.14,9.85,1.03,-0.47,0.46,-5.45,0.20,7.88,0.71,-0.34,1.13,0.15,7.88,-6.21,0.86,0.55,0.09
22.583479,5.72,-2.70,7.17,0.29,0.91,0.48,-29.56,23.69,-49.69,1.80,0.56,10.56,0.99,0.07,0.08,-8.75,-3.11,1.06,-0.33,0.38,0.88,-0.63,-0.66,10.17,1.00,-0.38,0.35,-5.75,0.66,7.86,0.72,-0.24,0.98,0.20,8.15,-6.95,0.86,0.39,0.09
22.58349,5.69,-3.78,8.02,0.16,0.88,0.39,-28.62,24.19,-49.81,1.39,0.72,10.58,0.96,0.04,-0.04,-9.45,-2.91,0.95,-0.20,0.38,0.83,-1.03,-0.24,10.44,0.95,-0.38,0.23,-6.75,1.45,8.39,0.74,-0.26,0.86,0.21,8.31,-7.56,0.83,0.31,0.17
22.583503,5.61,-3.82,8.13,0.16,0.88,0.39,-27.12,24.25,-52.00,1.21,1.06,11.06,0.93,-0.05,-0.13,-9.87,-2.95,0.78,-0.07,0.33,0.81,-1.24,0.08,10.87,0.87,-0.42,0.11,-7.12,1.57,8.26,0.68,-0.31,0.67,0.09,8.51,-7.96,0.77,0.25,0.28
22.583515,5.69,-3.78,8.44,0.16,0.88,0.39,-27.44,24.38,-52.31,1.10,1.49,11.76,0.86,-0.12,-0.25,-10.14,-3.14,0.56,0.06,0.30,0.77,-1.35,0.37,11.42,0.79,-0.43,-0.05,-7.36,1.79,8.39,0.69,-0.37,0.47,-0.15,8.69,-8.24,0.69,0.16,0.38
22.583529,5.57,-3.47,8.70,0.09,0.81,-0.21,-27.44,24.38,-52.31,1.19,1.84,12.25,0.67,-0.14,-0.44,-10.53,-3.35,0.64,0.27,0.27,0.60,-1.23,0.63,11.99,0.66,-0.38,-0.28,-7.50,2.16,9.01,0.70,-0.39,0.15,-0.10,9.08,-8.47,0.51,-0.04,0.50
22.583543,5.72,-3.43,8.59,-0.10,0.69,-0.39,-27.44,24.38,-52.31,1.25,1.70,11.99,0.52,-0.17,-0.53,-10.73,-3.15,1.12,0.43,0.19,0.47,-1.00,0.41,11.85,0.50,-0.38,-0.43,-7.34,2.06,9.23,0.65,-0.41,-0.07,0.39,9.25,-8.44,0.34,-0.16,0.61
22.583554,6.11,-3.24,8.56,-0.11,0.54,-0.61,-27.44,24.38,-52.31,1.71,1.43,11.58,0.39,-0.31,-0.65,-10.53,-2.82,1.54,0.59,0.06,0.39,-0.78,0.15,11.66,0.36,-0.46,-0.58,-6.93,1.70,9.22,0.59,-0.51,-0.25,0.84,9.10,-8.09,0.21,-0.20,0.74
22.583565,6.26,-2.70,8.59,0.00,0.50,-0.79,-27.44,24.38,-52.31,2.45,1.47,11.58,0.29,-0.41,-0.76,-10.17,-2.54,1.71,0.73,-0.01,0.36,0.00,-0.14,11.48,0.26,-0.48,-0.72,-6.07,1.39,9.24,0.57,-0.56,-0.40,1.17,8.85,-7.85,0.13,-0.25,0.83
22.583576,6.26,-2.70,8.59,-0.04,0.52,-0.88,-24.44,23.75,-55.12,3.12,1.58,11.65,0.20,-0.40,-0.87,-10.00,-2.34,1.94,0.83,-0.01,0.30,0.73,-0.24,11.53,0.19,-0.42,-0.83,-5.56,1.33,9.56,0.59,-0.53,-0.53,1.51,8.84,-7.73,0.08,-0.35,0.87
22.583586,6.14,-1.55,8.90,-0.04,0.52,-0.88,-23.81,24.12,-55.25,3.69,1.72,11.87,0.06,-0.34,-0.97,-10.09,-2.28,2.29,0.91,0.03,0.16,1.30,-0.28,11.80,0.11,-0.30,-0.94,-5.20,1.41,10.13,0.59,-0.44,-0.68,1.84,9.05,-7.69,-0.01,-0.49,0.85
22.587354,6.14,-1.44,8.90,-0.04,0.52,-0.88,-23.81,22.56,-56.00,4.00,1.68,11.84,-0.09,-0.29,-1.02,-10.24,-2.27,2.51,0.98,0.07,0.00,1.60,-0.38,11.89,0.00,-0.19,-1.02,-5.03,1.40,10.42,0.54,-0.34,-0.82,2.07,9.22,-7.70,-0.11,-0.64,0.79
22.587374,6.22,-1.44,8.94,-0.04,0.52,-0.88,-23.81,22.56,-56.00,4.28,1.53,11.66,-0.22,-0.25,-1.06,-10.29,-1.98,2.83,1.02,0.09,-0.15,1.84,-0.52,11.83,-0.11,-0.10,-1.07,-4.84,1.32,10.56,0.49,-0.27,-0.93,2.42,9.23,-7.66,-0.21,-0.74,0.75
22.587388,6.34,-1.48,8.82,-0.60,0.09,-1.01,-22.62,21.88,-54.88,4.48,1.36,11.41,-0.36,-0.24,-1.06,-10.37,-1.74,3.24,1.03,0.05,-0.28,1.98,-0.63,11.76,-0.22,-0.05,-1.08,-4.73,1.30,10.73,0.39,-0.23,-1.03,2.82,9.29,-7.57,-0.33,-0.77,0.72
22.5874,6.38,-1.44,8.48,-0.60,0.09,-1.01,-22.62,21.88,-54.88,4.54,1.08,10.99,-0.46,-0.31,-1.01,-10.27,-1.65,3.49,1.03,-0.08,-0.34,1.98,-0.86,11.40,-0.36,-0.07,-1.06,-4.49,1.07,10.58,0.28,-0.26,-1.08,3.00,9.25,-7.37,-0.45,-0.72,0.73
22.59028,6.53,-1.25,8.32,-0.41,-0.12,-1.09,-22.62,21.88,-54.88,4.72,0.87,10.77,-0.51,-0.37,-0.96,-9.86,-1.66,3.47,1.02,-0.17,-0.38,2.18,-1.18,11.07,-0.45,-0.10,-1.04,-4.20,0.71,10.34,0.20,-0.29,-1.10,2.94,9.03,-7.04,-0.52,-0.68,0.72
22.607315,6.64,-0.91,8.29,-0.41,-0.12,-1.09,-22.31,21.50,-57.31,4.94,0.85,10.88,-0.56,-0.36,-0.94,-9.46,-1.87,3.29,1.00,-0.17,-0.44,2.40,-1.40,10.97,-0.48,-0.06,-1.03,-3.92,0.42,10.21,0.16,-0.25,-1.13,2.70,8.94,-6.78,-0.55,-0.70,0.67
22.629878,6.80,-0.64,8.29,-0.41,-0.12,-1.09,-21.75,21.44,-56.94,5.08,0.85,11.10,-0.65,-0.25,-0.96,-9.36,-2.01,3.32,0.99,-0.07,-0.55,2.52,-1.49,11.13,-0.52,0.08,-1.05,-3.76,0.26,10.28,0.16,-0.13,-1.18,2.69,9.02,-6.67,-0.58,-0.81,0.57
22.651514,6.88,-0.91,8.13,-0.76,-0.22,-0.95,-21.75,21.44,-56.94,5.14,0.55,10.85,-0.73,-0.15,-0.96,-9.45,-2.00,3.52,0.96,-0.00,-0.65,2.51,-1.74,10.92,-0.54,0.20,-1.05,-3.82,0.14,10.37,0.15,-0.02,-1.21,2.80,9.15,-6.62,-0.61,-0.88,0.49
22.672677,7.03,-1.06,8.13,-0.80,-0.28,-0.91,-21.75,21.44,-56.94,5.07,0.25,10.63,-0.76,-0.10,-0.94,-9.50,-2.02,3.77,0.94,0.02,-0.70,2.35,-1.94,10.83,-0.56,0.25,-1.02,-3.86,-0.05,10.34,0.12,0.04,-1.21,2.92,9.28,-6.50,-0.63,-0.90,0.45
23.093441,7.26,-1.02,7.86,-0.80,-0.28,-0.91,-20.81,22.12,-56.00,5.19,0.02,10.51,-0.78,-0.11,-0.90,-9.51,-2.08,4.03,0.90,-0.01,-0.71,2.35,-2.14,10.84,-0.60,0.25,-0.99,-3.87,-0.23,10.42,0.07,0.05,-1.19,3.04,9.43,-6.33,-0.67,-0.86,0.43
23.09347,7.33,-0.79,7.82,-0.80,-0.28,-0.91,-20.81,22.12,-56.00,5.45,-0.07,10.66,-0.80,-0.11,-0.86,-9.40,-2.26,4.11,0.85,-0.02,-0.75,2.63,-2.34,10.92,-0.64,0.26,-0.95,-3.80,-0.34,10.62,-0.00,0.08,-1.20,3.00,9.53,-6.16,-0.70,-0.85,0.37
23.093483,7.45,-0.60,7.82,-0.67,-0.38,-0.86,-20.81,22.12,-56.00,5.54,-0.06,10.74,-0.85,-0.07,-0.82,-9.33,-2.33,4.29,0.83,-0.02,-0.80,2.65,-2.43,10.94,-0.69,0.32,-0.92,-3.66,-0.57,10.58,-0.06,0.14,-1.22,3.09,9.60,-6.01,-0.72,-0.86,0.31
23.093495,7.48,-0.41,7.71,-0.74,-0.43,-0.82,-20.81,22.12,-56.00,5.70,-0.41,10.24,-0.89,-0.05,-0.78,-9.22,-2.13,4.62,0.80,-0.03,-0.84,2.73,-2.75,10.47,-0.71,0.36,-0.89,-3.35,-0.86,10.40,-0.09,0.17,-1.21,3.42,9.53,-5.77,-0.75,-0.85,0.27
23.093507,7.56,-0.45,7.33,-0.61,-0.50,-0.75,-21.75,22.19,-56.31,5.86,-0.80,9.60,-0.86,-0.07,-0.69,-8.83,-1.91,4.95,0.73,-0.09,-0.81,2.88,-3.09,9.93,-0.72,0.33,-0.81,-3.02,-1.22,10.13,-0.12,0.13,-1.11,3.71,9.32,-5.33,-0.76,-0.74,0.27
23.093519,7.41,0.17,6.83,-0.61,-0.50,-0.75,-21.75,22.19,-56.31,6.09,-0.92,9.39,-0.81,-0.10,-0.61,-8.47,-1.94,5.07,0.64,-0.15,-0.76,3.15,-3.22,9.78,-0.72,0.28,-0.73,-2.72,-1.29,10.24,-0.17,0.09,-1.05,3.74,9.23,-5.03,-0.75,-0.63,0.25
23.093531,7.41,0.17,6.83,-0.44,-0.52,-0.62,-21.75,22.19,-56.31,6.21,-0.87,9.48,-0.82,-0.08,-0.52,-8.07,-2.15,4.99,0.55,-0.17,-0.78,3.28,-3.31,9.64,-0.73,0.29,-0.63,-2.54,-1.47,10.04,-0.25,0.12,-1.01,3.55,9.11,-4.72,-0.76,-0.59,0.17
23.093544,7.41,0.25,6.33,-0.53,-0.57,-0.54,-22.00,23.06,-57.88,6.05,-1.10,9.21,-0.83,-0.01,-0.45,-7.77,-2.29,4.94,0.47,-0.12,-0.82,3.03,-3.51,9.26,-0.73,0.36,-0.56,-2.37,-1.78,9.64,-0.29,0.19,-0.97,3.40,8.99,-4.44,-0.76,-0.59,0.06
23.093556,7.52,0.09,6.02,-0.57,-0.58,-0.47,-22.00,23.06,-57.88,5.88,-1.46,8.73,-0.82,0.04,-0.39,-7.59,-2.32,5.04,0.41,-0.11,-0.83,2.88,-3.71,8.87,-0.71,0.38,-0.50,-2.42,-1.98,9.36,-0.31,0.21,-0.91,3.39,8.90,-4.22,-0.75,-0.57,-0.00
23.09357,7.48,0.05,5.87,-0.49,-0.55,-0.42,-22.00,23.06,-57.88,5.79,-1.84,8.29,-0.75,0.02,-0.32,-7.35,-2.11,5.20,0.35,-0.14,-0.77,2.73,-3.99,8.43,-0.68,0.34,-0.42,-2.30,-2.29,9.06,-0.33,0.17,-0.84,3.52,8.72,-3.96,-0.71,-0.49,0.00
23.093581,7.68,-0.06,5.83,-0.34,-0.50,-0.38,-22.00,23.06,-57.88,5.83,-2.07,8.11,-0.64,-0.02,-0.24,-7.13,-2.15,5.26,0.26,-0.18,-0.65,2.76,-4.19,8.26,-0.61,0.26,-0.33,-2.07,-2.55,8.88,-0.32,0.12,-0.69,3.52,8.68,-3.75,-0.64,-0.34,0.02
23.093592,7.71,0.02,5.76,-0.34,-0.50,-0.38,-22.62,23.62,-56.62,5.94,-1.89,8.44,-0.54,-0.02,-0.17,-6.94,-2.43,5.11,0.18,-0.16,-0.57,2.92,-4.17,8.40,-0.54,0.22,-0.24,-1.97,-2.54,9.01,-0.31,0.12,-0.57,3.27,8.71,-3.62,-0.57,-0.27,-0.02
23.093609,7.41,0.55,5.91,-0.31,-0.41,-0.12,-22.62,23.62,-56.62,5.98,-1.59,8.95,-0.51,0.07,-0.12,-7.00,-2.75,5.01,0.09,-0.08,-0.58,2.97,-3.96,8.88,-0.49,0.28,-0.17,-2.19,-2.36,9.25,-0.31,0.22,-0.51,3.07,8.90,-3.67,-0.53,-0.28,-0.13
23.096122,7.41,0.55,5.91,-0.31,-0.41,-0.12,-22.62,23.62,-56.62,5.74,-1.48,9.19,-0.55,0.14,-0.10,-7.27,-2.98,5.04,0.05,-0.05,-0.63,2.70,-3.82,9.13,-0.49,0.36,-0.13,-2.55,-2.28,9.31,-0.33,0.31,-0.50,2.93,9.17,-3.82,-0.54,-0.32,-0.21
23.096142,7.64,-0.14,5.95,-0.31,-0.41,-0.12,-22.62,23.62,-56.62,5.42,-1.77,8.93,-0.60,0.16,-0.07,-7.56,-2.84,5.20,0.03,-0.06,-0.67,2.27,-3.89,9.05,-0.53,0.38,-0.10,-2.96,-2.27,9.29,-0.37,0.33,-0.50,3.11,9.26,-3.96,-0.56,-0.30,-0.23
23.096156,7.83,-0.75,5.83,-0.40,-0.55,-0.10,-22.62,23.62,-56.62,5.26,-2.15,8.51,-0.55,0.08,0.00,-7.56,-2.67,5.26,-0.01,-0.15,-0.60,2.06,-4.15,8.66,-0.54,0.29,-0.04,-3.01,-2.48,9.02,-0.42,0.24,-0.42,3.17,9.18,-3.90,-0.56,-0.18,-0.19
23.096189,7.91,-0.64,5.83,0.06,-0.47,-0.09,-25.06,21.06,-53.62,5.25,-2.18,8.60,-0.47,-0.04,0.08,-7.37,-2.83,5.12,-0.07,-0.25,-0.50,2.05,-4.16,8.72,-0.53,0.14,0.03,-3.13,-2.49,9.05,-0.47,0.13,-0.35,2.93,9.14,-3.77,-0.54,-0.02,-0.15
23.096205,7.83,-0.41,5.68,0.08,-0.46,-0.05,-25.06,21.06,-53.62,5.30,-1.99,9.12,-0.44,-0.07,0.13,-7.30,-3.25,4.89,-0.13,-0.27,-0.46,2.08,-4.07,9.03,-0.52,0.10,0.08,-3.13,-2.55,9.07,-0.51,0.11,-0.33,2.58,9.29,-3.75,-0.54,0.03,-0.15
23.096216,7.87,-0.14,5.80,0.08,-0.46,-0.05,-25.06,21.06,-53.62,5.20,-1.99,9.27,-0.46,-0.04,0.16,-7.35,-3.48,4.82,-0.17,-0.25,-0.49,1.95,-4.07,9.17,-0.53,0.13,0.10,-3.22,-2.64,8.98,-0.53,0.14,-0.33,2.43,9.41,-3.76,-0.56,0.03,-0.19
23.106819,8.07,-0.60,5.68,-0.06,-0.54,-0.02,-25.06,21.06,-53.62,5.10,-2.30,9.02,-0.46,-0.04,0.18,-7.40,-3.32,4.94,-0.19,-0.25,-0.48,1.79,-4.29,8.95,-0.55,0.13,0.13,-3.29,-2.77,8.94,-0.55,0.12,-0.30,2.57,9.37,-3.74,-0.55,0.06,-0.20
23.124594,8.21,-0.79,5.64,0.06,-0.50,0.00,-25.06,21.06,-53.62,5.15,-2.50,8.95,-0.42,-0.06,0.22,-7.34,-3.32,4.95,-0.22,-0.28,-0.42,1.80,-4.46,8.83,-0.54,0.10,0.17,-3.23,-2.94,8.85,-0.57,0.10,-0.24,2.55,9.33,-3.65,-0.51,0.12,-0.21
23.14624,8.21,-0.60,5.68,0.06,-0.50,0.00,-25.94,23.44,-54.00,5.14,-2.45,9.19,-0.37,-0.07,0.26,-7.25,-3.61,4.86,-0.26,-0.29,-0.36,1.71,-4.51,8.96,-0.50,0.08,0.22,-3.39,-3.04,8.86,-0.57,0.10,-0.20,2.31,9.46,-3.56,-0.47,0.17,-0.22
23.169529,8.21,-0.41,5.57,0.10,-0.44,0.08,-25.62,22.31,-53.06,5.20,-2.48,9.27,-0.34,-0.04,0.27,-7.24,-3.82,4.81,-0.30,-0.26,-0.36,1.43,-4.38,9.28,-0.50,0.09,0.22,-3.62,-3.06,8.94,-0.58,0.11,-0.21,2.17,9.59,-3.52,-0.46,0.17,-0.25
23.191221,8.41,-0.60,5.57,0.04,-0.45,0.11,-25.62,22.31,-53.06,5.00,-2.48,9.44,-0.34,-0.00,0.28,-7.38,-4.00,4.83,-0.32,-0.22,-0.38,1.54,-4.58,9.07,-0.50,0.12,0.22,-3.46,-3.25,8.78,-0.57,0.12,-0.20,2.09,9.76,-3.57,-0.46,0.15,-0.27
23.604107,8.33,-0.64,5.61,0.03,-0.46,0.11,-25.62,22.31,-53.06,4.99,-2.60,9.43,-0.34,0.00,0.28,-7.40,-3.99,4.94,-0.32,-0.21,-0.39,1.53,-4.64,9.11,-0.48,0.12,0.23,-3.48,-3.38,8.76,-0.54,0.13,-0.14,2.15,9.79,-3.51,-0.46,0.14,-0.29
23.60514,8.52,-0.64,5.49,0.09,-0.46,0.12,-26.56,23.81,-51.88,5.08,-2.67,9.39,-0.33,-0.01,0.30,-7.34,-3.98,4.97,-0.34,-0.21,-0.38,1.57,-4.77,9.05,-0.47,0.11,0.25,-3.45,-3.41,8.83,-0.51,0.12,-0.08,2.17,9.77,-3.45,-0.44,0.16,-0.30
23.605156,8.48,-0.52,5.57,0.09,-0.46,0.12,-26.56,23.81,-51.88,5.17,-2.62,9.50,-0.33,0.02,0.31,-7.36,-4.07,4.95,-0.36,-0.21,-0.39,1.68,-4.72,9.17,-0.44,0.13,0.28,-3.49,-3.32,8.96,-0.50,0.14,-0.05,2.12,9.84,-3.45,-0.44,0.17,-0.33
23.605177,8.33,-0.56,5.53,0.06,-0.47,0.17,-26.56,23.81,-51.88,4.97,-2.56,9.52,-0.35,0.04,0.35,-7.46,-4.23,5.03,-0.39,-0.23,-0.42,1.45,-4.59,9.28,-0.46,0.15,0.31,-3.79,-3.23,8.96,-0.53,0.16,-0.05,2.05,10.01,-3.41,-0.48,0.18,-0.35
23.605186,8.25,-0.64,5.30,0.06,-0.47,0.17,-28.06,22.44,-51.62,4.72,-2.68,9.29,-0.39,0.00,0.37,-7.46,-4.38,5.11,-0.38,-0.29,-0.46,1.18,-4.60,9.11,-0.46,0.12,0.33,-4.01,-3.37,8.65,-0.52,0.13,-0.05,2.02,10.05,-3.29,-0.56,0.19,-0.34
23.605199,8.48,-0.68,4.68,0.21,-0.67,0.05,-27.75,23.81,-50.06,4.68,-3.07,8.77,-0.40,-0.07,0.40,-7.05,-4.20,5.14,-0.38,-0.39,-0.46,1.08,-4.85,8.63,-0.51,0.05,0.32,-3.75,-3.62,8.35,-0.56,0.02,-0.06,2.06,9.70,-2.96,-0.61,0.26,-0.29
23.60521,8.52,-0.52,4.72,0.30,-0.61,0.07,-27.75,23.81,-50.06,4.89,-3.24,8.63,-0.36,-0.13,0.42,-6.64,-4.11,5.05,-0.42,-0.44,-0.41,1.35,-5.18,8.22,-0.49,-0.01,0.34,-3.22,-3.90,8.14,-0.52,-0.04,-0.01,2.04,9.46,-2.71,-0.61,0.34,-0.26
23.605403,8.52,-0.52,4.72,0.30,-0.61,0.07,-27.75,23.81,-50.06,5.17,-3.29,8.64,-0.30,-0.12,0.45,-6.44,-4.22,5.07,-0.52,-0.42,-0.37,1.60,-5.25,8.25,-0.43,-0.00,0.38,-3.00,-3.94,8.21,-0.50,-0.04,0.06,2.02,9.47,-2.53,-0.60,0.37,-0.29
23.605417,8.25,-0.10,4.34,0.26,-0.54,0.19,-27.75,23.81,-50.06,5.10,-3.10,8.61,-0.26,-0.10,0.51,-6.51,-4.35,5.29,-0.57,-0.44,-0.36,1.54,-5.02,8.30,-0.38,0.00,0.42,-3.25,-3.62,8.47,-0.51,-0.03,0.08,2.09,9.61,-2.45,-0.61,0.38,-0.34
23.605427,7.91,0.05,4.22,0.29,-0.62,0.17,-27.75,23.81,-50.06,4.95,-2.93,8.47,-0.29,-0.11,0.54,-6.45,-4.35,5.29,-0.59,-0.52,-0.40,1.48,-4.72,8.38,-0.41,-0.03,0.45,-3.30,-3.53,8.20,-0.53,-0.05,0.05,2.08,9.49,-2.44,-0.69,0.39,-0.34
23.605437,7.83,-0.02,4.22,0.30,-0.75,0.12,-27.75,23.81,-50.06,4.86,-3.16,8.02,-0.28,-0.11,0.59,-6.03,-3.94,5.06,-0.58,-0.56,-0.43,1.50,-4.86,7.89,-0.44,-0.05,0.48,-2.72,-3.62,7.98,-0.56,-0.10,0.05,2.13,8.91,-2.29,-0.71,0.42,-0.31
23.605447,7.95,-0.48,4.15,0.30,-0.75,0.12,-29.88,21.06,-46.00,4.72,-3.31,7.76,-0.23,-0.08,0.62,-5.43,-3.85,4.55,-0.57,-0.54,-0.37,1.47,-5.03,7.39,-0.45,-0.06,0.54,-2.41,-3.86,7.41,-0.59,-0.07,0.12,1.77,8.32,-2.06,-0.62,0.47,-0.29
23.605458,7.83,-0.48,3.92,0.30,-0.75,0.12,-29.88,20.50,-45.50,4.19,-3.15,7.94,-0.20,-0.03,0.58,-5.08,-4.22,3.93,-0.58,-0.43,-0.29,1.01,-4.90,7.22,-0.38,-0.01,0.56,-2.70,-3.96,6.83,-0.55,0.03,0.18,1.11,8.16,-1.98,-0.47,0.45,-0.32
23.605467,7.87,-0.87,3.92,0.26,-0.39,0.35,-29.88,20.50,-45.50,3.55,-3.19,8.01,-0.15,0.04,0.50,-5.15,-4.50,3.62,-0.59,-0.27,-0.23,0.32,-4.81,7.14,-0.27,0.05,0.52,-3.32,-3.96,6.44,-0.45,0.10,0.22,0.69,8.24,-2.08,-0.34,0.38,-0.34
23.608188,7.95,-1.44,3.96,0.14,-0.25,0.35,-29.88,20.50,-45.50,3.06,-3.18,8.12,-0.09,0.07,0.40,-5.43,-4.79,3.44,-0.59,-0.15,-0.14,-0.27,-4.57,7.37,-0.19,0.06,0.45,-3.99,-3.73,6.50,-0.35,0.11,0.23,0.39,8.47,-2.27,-0.24,0.33,-0.31
23.608211,7.91,-1.71,3.96,0.14,-0.25,0.35,-30.75,21.19,-44.56,2.90,-3.23,8.28,-0.04,0.07,0.31,-5.87,-4.97,3.39,-0.54,-0.10,-0.06,-0.48,-4.50,7.59,-0.13,0.05,0.37,-4.32,-3.60,6.62,-0.27,0.09,0.22,0.31,8.72,-2.53,-0.17,0.29,-0.27
23.608225,8.29,-2.09,4.34,0.21,0.02,0.17,-31.38,20.81,-44.88,2.79,-3.32,8.54,0.06,0.02,0.25,-6.17,-5.13,3.34,-0.44,-0.09,0.04,-0.65,-4.58,7.86,-0.05,-0.03,0.32,-4.63,-3.62,6.78,-0.19,0.02,0.23,0.17,8.97,-2.71,-0.07,0.29,-0.17
23.608235,8.29,-2.09,4.34,0.21,0.02,0.17,-31.38,20.81,-44.88,2.78,-3.16,9.03,0.10,-0.01,0.19,-6.38,-5.38,3.28,-0.35,-0.07,0.09,-0.70,-4.48,8.26,0.00,-0.07,0.26,-4.88,-3.60,6.96,-0.12,-0.01,0.23,0.01,9.23,-2.84,-0.01,0.27,-0.11
23.608246,8.45,-1.94,4.68,0.12,0.11,0.07,-31.38,20.81,-44.88,2.83,-3.10,9.40,0.12,-0.03,0.10,-6.70,-5.59,3.37,-0.24,-0.03,0.11,-0.73,-4.42,8.70,0.05,-0.08,0.17,-5.17,-3.45,7.38,-0.03,-0.04,0.19,0.02,9.61,-3.01,0.03,0.20,-0.04
23.620342,8.48,-2.02,4.72,0.12,0.11,0.07,-31.69,21.00,-43.81,3.01,-3.14,9.50,0.12,-0.05,0.05,-6.98,-5.60,3.65,-0.17,-0.02,0.10,-0.58,-4.46,8.91,0.05,-0.11,0.11,-5.32,-3.32,7.78,-0.00,-0.07,0.13,0.23,9.90,-3.07,0.02,0.17,0.01
23.642961,8.63,-1.71,4.64,0.14,0.05,-0.07,-31.69,21.00,-43.81,3.27,-3.28,9.41,0.12,-0.13,0.02,-7.05,-5.52,3.97,-0.09,-0.07,0.09,-0.32,-4.82,8.53,0.12,-0.18,0.06,-5.02,-3.69,7.57,0.04,-0.16,0.08,0.51,9.97,-2.95,-0.02,0.15,0.08
23.663971,8.90,-1.55,4.64,0.14,0.05,-0.07,-31.06,20.38,-45.12,3.73,-3.50,9.13,0.19,-0.19,0.01,-6.85,-5.45,4.14,-0.03,-0.11,0.11,0.04,-5.39,7.48,0.37,-0.26,0.00,-4.22,-4.53,6.52,0.35,-0.31,0.22,0.64,9.92,-2.75,-0.02,0.14,0.14
23.685682,8.98,-1.25,4.64,0.14,0.05,-0.07,-30.75,20.19,-44.38,4.09,-3.32,9.37,0.34,-0.20,0.02,-6.76,-5.54,4.22,0.03,-0.08,0.11,0.55,-5.78,5.57,1.21,-0.38,-0.05,-3.32,-5.10,5.26,1.12,-0.64,0.80,0.74,10.03,-2.64,-0.00,0.08,0.15
24.113667,8.75,-0.68,4.53,0.05,0.11,-0.12,-29.88,20.12,-45.81,4.56,-3.17,9.47,0.42,-0.17,0.04,-6.74,-5.40,4.58,0.06,-0.03,0.03,1.75,-4.20,7.48,2.28,-0.66,0.15,-3.74,-2.88,7.30,1.92,-1.25,1.16,1.11,10.07,-2.57,-0.03,-0.02,0.10
24.113722,8.29,-0.64,4.30,-0.04,-0.01,-0.08,-29.88,20.12,-45.81,4.70,-3.29,9.15,0.45,-0.13,0.07,-6.72,-5.04,5.02,0.05,-0.05,-0.06,1.66,-3.18,9.43,2.75,-0.73,0.49,-3.92,-1.99,8.47,2.21,-1.55,1.03,1.59,10.00,-2.44,-0.09,-0.05,0.06
24.113734,8.48,-0.64,4.34,-0.04,-0.01,-0.08,-30.81,19.38,-42.81,4.38,-3.53,8.82,0.41,-0.12,0.05,-6.56,-4.87,5.15,0.02,-0.11,-0.08,1.29,-3.35,9.47,2.82,-0.76,0.58,-2.94,-2.19,8.69,2.41,-1.71,0.92,1.68,9.83,-2.23,-0.11,0.00,0.06
24.113747,9.09,-0.64,4.38,-0.04,-0.01,-0.08,-30.75,19.19,-43.88,4.69,-3.48,8.91,0.40,-0.15,0.05,-6.03,-4.91,4.95,-0.02,-0.10,-0.02,1.37,-2.91,10.05,2.68,-0.69,0.57,-2.63,-1.75,9.51,2.38,-1.26,0.77,1.48,9.57,-1.94,-0.04,0.06,0.06
24.11376,8.87,-0.41,4.19,0.16,0.07,-0.02,-30.75,19.19,-43.88,4.74,-3.33,9.08,0.40,-0.11,0.01,-5.98,-5.10,4.87,-0.04,-0.03,0.01,1.43,-2.53,10.17,2.41,-0.53,0.51,-2.34,-1.32,9.83,2.21,-0.96,0.65,1.34,9.65,-1.94,0.02,0.03,0.01
24.113772,8.83,-0.45,4.19,0.02,0.12,0.04,-30.75,19.19,-43.88,4.82,-3.38,9.03,0.43,-0.02,0.03,-6.04,-5.21,4.87,-0.07,0.04,0.00,1.50,-2.13,10.55,2.10,-0.39,0.44,-2.32,-0.54,10.65,1.89,-0.70,0.54,1.27,9.73,-1.96,0.05,0.00,-0.04
24.113785,8.75,-0.71,4.19,0.02,0.12,0.04,-30.75,20.81,-44.88,4.76,-3.21,9.27,0.42,0.06,0.07,-6.21,-5.20,4.93,-0.11,0.09,-0.01,1.44,-1.62,10.82,1.64,-0.24,0.35,-2.32,-0.24,10.67,1.44,-0.43,0.40,1.31,9.86,-2.10,0.06,-0.01,-0.11
24.113798,8.83,-0.83,4.38,0.02,0.12,0.04,-30.75,20.81,-44.88,4.49,-3.12,9.42,0.39,0.09,0.08,-6.36,-5.25,4.92,-0.14,0.12,-0.03,1.33,-1.47,10.78,1.30,-0.15,0.27,-2.39,-0.26,10.40,1.12,-0.28,0.31,1.26,9.96,-2.19,0.07,-0.02,-0.18
24.113808,8.98,-0.98,4.49,-0.07,0.09,0.12,-30.75,20.81,-44.88,4.18,-3.01,9.52,0.30,0.10,0.03,-6.45,-5.28,4.95,-0.16,0.12,-0.01,1.08,-1.13,11.00,0.90,-0.09,0.18,-2.60,-0.09,10.44,0.82,-0.20,0.24,1.22,9.99,-2.21,0.08,-0.00,-0.17
24.113822,8.98,-1.02,4.42,-0.05,0.11,0.11,-30.75,20.81,-44.88,4.24,-3.17,9.31,0.22,0.07,-0.00,-6.56,-5.23,5.01,-0.15,0.09,0.04,1.18,-1.14,10.73,0.54,-0.07,0.10,-2.60,0.17,10.51,0.51,-0.16,0.17,1.28,10.01,-2.29,0.07,0.05,-0.12
24.113832,8.79,-0.87,4.38,0.11,0.11,0.06,-30.75,20.81,-44.88,4.49,-3.07,9.39,0.18,0.02,0.00,-6.56,-5.19,5.02,-0.16,0.05,0.07,1.47,-1.11,10.55,0.25,-0.06,0.09,-2.40,0.31,10.47,0.22,-0.11,0.12,1.32,10.03,-2.32,0.06,0.11,-0.07
24.113845,8.79,-0.71,4.49,0.11,0.08,0.09,-30.75,20.81,-44.88,4.65,-3.00,9.47,0.14,0.03,0.02,-6.54,-5.25,4.95,-0.17,0.04,0.06,1.57,-1.06,10.55,0.07,-0.01,0.08,-2.42,0.34,10.47,0.01,-0.04,0.06,1.26,10.02,-2.31,0.04,0.12,-0.08
24.113855,8.87,-0.79,4.49,0.11,0.08,0.09,-29.88,21.06,-46.00,4.59,-3.02,9.43,0.12,0.05,0.03,-6.52,-5.26,4.95,-0.19,0.04,0.05,1.47,-1.12,10.44,-0.10,0.03,0.06,-2.44,0.14,10.21,-0.19,0.01,-0.02,1.25,10.03,-2.30,0.03,0.13,-0.08
24.113867,8.98,-0.87,4.34,0.06,0.04,0.12,-29.88,21.06,-46.00,4.57,-3.16,9.25,0.10,0.04,0.05,-6.53,-5.26,5.10,-0.20,0.01,0.06,1.48,-1.38,10.19,-0.23,0.04,0.05,-2.41,-0.15,9.98,-0.32,0.01,-0.06,1.36,10.08,-2.24,0.02,0.16,-0.07
24.116243,8.98,-0.75,4.30,0.12,0.04,0.11,-29.88,21.06,-46.00,4.74,-3.24,9.20,0.11,0.01,0.08,-6.43,-5.17,5.19,-0.22,-0.03,0.07,1.63,-1.58,10.10,-0.25,0.03,0.08,-2.12,-0.34,10.00,-0.35,-0.01,-0.04,1.44,10.01,-2.11,0.01,0.21,-0.07
24.116262,8.94,-0.71,4.22,0.17,0.04,0.12,-29.88,21.06,-46.00,4.91,-3.20,9.42,0.09,0.03,0.12,-6.26,-5.20,5.18,-0.27,-0.06,0.10,1.72,-1.72,10.48,-0.35,0.08,0.08,-1.90,-0.58,10.03,-0.39,0.06,-0.02,1.41,9.95,-1.99,0.00,0.25,-0.07
24.116276,8.98,-0.56,4.19,0.17,0.04,0.12,-30.19,19.81,-44.69,4.56,-3.17,9.50,-0.01,0.09,0.11,-6.18,-5.39,5.10,-0.29,-0.05,0.10,1.64,-1.97,10.73,-0.61,0.19,0.01,-1.92,-0.83,10.00,-0.46,0.12,-0.01,1.25,9.98,-1.92,0.01,0.25,-0.08
24.116287,9.21,-0.64,4.11,0.12,0.04,0.24,-30.44,19.81,-44.75,4.01,-3.31,9.46,-0.21,0.13,-0.03,-6.08,-5.43,5.08,-0.29,0.00,0.10,1.43,-2.32,10.52,-0.88,0.25,-0.06,-1.21,-1.39,9.84,-0.51,0.20,0.04,1.21,9.99,-1.83,0.05,0.23,-0.12
24.116303,9.25,-0.87,4.07,0.12,0.04,0.24,-30.75,21.94,-44.31,4.07,-3.50,9.19,-0.40,0.10,-0.27,-6.01,-5.42,5.17,-0.31,0.05,0.09,1.35,-2.50,10.16,-1.18,0.26,-0.13,-2.01,-1.22,9.95,-0.54,0.33,0.16,1.28,9.99,-1.73,0.09,0.22,-0.17
24.118001,9.25,-0.60,3.92,0.12,0.07,0.27,-30.75,21.94,-44.31,4.96,-3.97,8.80,-0.38,0.06,-0.34,-6.15,-5.48,5.24,-0.35,0.08,0.10,1.41,-2.67,9.76,-1.23,0.24,-0.11,-1.83,-1.18,10.09,-0.59,0.37,0.24,1.32,10.14,-1.78,0.12,0.23,-0.25
24.135368,9.21,-0.98,4.15,0.12,0.07,0.27,-30.75,21.94,-44.31,5.48,-4.09,8.86,-0.20,0.05,-0.19,-6.29,-5.39,5.23,-0.42,0.08,0.11,1.90,-3.16,9.31,-1.02,0.26,-0.01,-2.04,-1.25,9.87,-0.54,0.49,0.36,1.31,10.13,-1.89,0.13,0.27,-0.30
24.158748,9.06,-0.75,4.30,0.13,-0.00,0.45,-30.75,21.94,-44.31,5.40,-3.58,9.66,-0.07,0.09,0.01,-6.47,-5.66,5.08,-0.48,0.09,0.10,1.75,-3.09,9.51,-0.65,0.30,0.15,-2.68,-1.19,9.65,-0.45,0.58,0.40,1.04,10.34,-2.05,0.12,0.29,-0.34
24.179901,9.05,-1.13,4.26,0.04,-0.10,0.45,-30.75,21.94,-44.31,5.13,-3.54,9.72,-0.07,0.15,0.18,-6.65,-5.79,5.00,-0.51,0.07,0.03,1.52,-2.95,9.91,-0.44,0.37,0.25,-2.72,-1.18,9.66,-0.36,0.64,0.42,0.93,10.45,-2.21,0.05,0.28,-0.38
24.200326,9.17,-1.29,4.26,0.04,-0.10,0.45,-30.75,21.94,-44.31,4.59,-3.59,9.43,-0.08,0.19,0.26,-6.58,-5.75,4.84,-0.54,0.07,-0.03,1.19,-3.12,9.70,-0.28,0.39,0.33,-2.75,-1.37,9.44,-0.27,0.68,0.46,0.82,10.30,-2.21,0.02,0.27,-0.41
24.623477,9.44,-1.59,4.26,0.10,-0.16,0.49,-30.75,21.94,-44.31,4.25,-4.01,9.05,-0.06,0.11,0.19,-6.51,-5.64,4.73,-0.56,0.07,-0.02,0.77,-3.36,9.41,-0.08,0.32,0.38,-2.88,-1.79,8.84,-0.08,0.65,0.59,0.78,10.15,-2.16,0.05,0.29,-0.43
24.623521,9.36,-1.67,4.15,0.17,-0.09,0.52,-30.75,21.94,-44.31,4.29,-3.88,9.41,-0.01,0.06,0.17,-6.48,-5.77,4.60,-0.60,0.08,0.02,0.63,-3.16,9.86,0.04,0.24,0.40,-3.50,-1.21,9.51,0.05,0.62,0.70,0.60,10.22,-2.17,0.09,0.34,-0.46
24.623535,9.14,-1.48,4.11,0.18,-0.07,0.55,-30.75,21.94,-44.31,4.60,-3.87,9.53,-0.03,0.10,0.17,-6.59,-6.01,4.47,-0.62,0.10,0.01,0.65,-2.98,10.08,0.04,0.23,0.39,-3.93,-0.82,9.84,-0.00,0.62,0.67,0.36,10.30,-2.28,0.09,0.33,-0.49
24.623549,9.17,-1.59,4.22,0.13,-0.12,0.54,-30.75,21.94,-44.31,4.82,-4.02,9.41,0.03,0.19,0.25,-6.66,-5.95,4.39,-0.64,0.10,-0.00,0.90,-3.06,10.01,0.08,0.25,0.41,-4.02,-0.83,9.71,-0.05,0.60,0.61,0.34,10.27,-2.38,0.07,0.33,-0.48
24.62356,9.21,-1.90,4.30,0.14,-0.11,0.56,-31.62,25.88,-45.38,4.64,-4.00,9.39,0.11,0.26,0.37,-6.65,-5.87,4.30,-0.67,0.10,0.01,0.74,-3.04,9.99,0.12,0.28,0.48,-4.15,-0.80,9.60,-0.10,0.58,0.57,0.34,10.19,-2.43,0.07,0.36,-0.46
24.623573,9.18,-1.98,4.30,0.18,-0.08,0.58,-31.62,25.88,-45.38,4.25,-3.64,9.82,0.15,0.27,0.47,-6.80,-6.02,4.22,-0.70,0.09,0.02,0.54,-2.80,10.18,0.16,0.30,0.53,-4.26,-0.72,9.48,-0.13,0.56,0.54,0.20,10.33,-2.54,0.07,0.39,-0.48
24.623588,9.02,-1.94,4.26,0.18,-0.08,0.58,-31.94,24.94,-43.44,3.88,-3.54,9.98,0.08,0.27,0.49,-6.92,-6.33,4.09,-0.69,0.08,-0.03,0.17,-2.55,10.54,0.08,0.33,0.51,-4.69,-0.61,9.48,-0.14,0.50,0.48,-0.05,10.50,-2.60,0.03,0.37,-0.51
24.623601,9.25,-2.32,4.15,0.18,-0.08,0.58,-32.25,25.31,-44.94,3.78,-3.92,9.67,0.04,0.24,0.50,-6.97,-6.37,4.03,-0.68,0.03,-0.06,0.04,-2.83,10.24,0.01,0.33,0.51,-4.75,-0.81,9.38,-0.16,0.41,0.43,-0.13,10.53,-2.60,-0.02,0.37,-0.51
24.623613,9.48,-2.44,4.15,0.17,-0.21,0.51,-32.25,25.31,-44.94,3.73,-4.19,9.35,0.09,0.19,0.51,-6.85,-6.26,4.07,-0.67,-0.01,-0.05,-0.04,-3.08,9.95,0.02,0.27,0.53,-4.65,-0.96,9.37,-0.17,0.32,0.44,-0.08,10.38,-2.49,-0.02,0.39,-0.48
24.623629,9.48,-2.40,4.15,0.28,-0.15,0.48,-32.25,25.31,-44.94,3.73,-4.09,9.45,0.16,0.13,0.53,-6.82,-6.20,4.16,-0.65,-0.06,0.02,0.00,-3.05,9.97,0.05,0.19,0.57,-4.48,-0.94,9.44,-0.21,0.28,0.47,0.01,10.38,-2.46,-0.01,0.46,-0.41
24.623644,9.32,-2.32,4.07,0.28,-0.15,0.48,-31.94,26.75,-43.38,3.94,-3.94,9.57,0.17,0.06,0.56,-6.82,-6.15,4.29,-0.64,-0.13,0.07,0.22,-2.87,10.23,0.05,0.13,0.59,-4.33,-0.85,9.58,-0.25,0.25,0.50,0.17,10.41,-2.43,-0.03,0.52,-0.34
24.623655,9.09,-1.71,4.03,0.47,-0.18,0.45,-31.94,26.75,-43.38,4.23,-3.80,9.60,0.15,0.00,0.61,-6.78,-6.00,4.44,-0.66,-0.23,0.10,0.54,-2.91,10.11,0.02,0.11,0.65,-3.95,-0.87,9.57,-0.30,0.23,0.53,0.38,10.35,-2.40,-0.06,0.60,-0.31
24.623666,9.09,-1.71,4.03,0.47,-0.18,0.45,-31.94,26.75,-43.38,4.25,-3.93,9.31,0.13,-0.01,0.64,-6.63,-5.97,4.36,-0.70,-0.28,0.10,0.62,-2.99,10.05,-0.01,0.11,0.69,-3.84,-0.92,9.50,-0.33,0.24,0.56,0.33,10.25,-2.34,-0.08,0.65,-0.33
24.623678,9.18,-1.71,4.03,0.52,-0.23,0.50,-31.94,26.75,-43.38,4.14,-3.89,9.28,0.15,-0.01,0.66,-6.36,-5.97,4.09,-0.72,-0.28,0.10,0.38,-3.00,9.88,-0.03,0.14,0.72,-3.87,-1.15,9.13,-0.33,0.26,0.59,0.14,9.97,-2.25,-0.07,0.66,-0.36
24.626439,9.13,-1.75,4.03,0.52,-0.22,0.51,-31.94,26.75,-43.38,3.96,-3.79,9.16,0.16,0.02,0.64,-6.31,-5.80,3.98,-0.71,-0.24,0.13,0.26,-2.95,9.62,-0.02,0.16,0.71,-3.95,-1.08,8.93,-0.30,0.25,0.61,0.18,9.77,-2.33,-0.03,0.64,-0.38
24.626459,8.87,-1.90,4.11,0.49,-0.14,0.53,-31.94,26.75,-43.38,3.98,-3.72,9.08,0.21,0.02,0.64,-6.40,-5.51,3.91,-0.73,-0.23,0.18,0.39,-2.81,9.56,0.00,0.14,0.71,-3.97,-0.75,9.10,-0.29,0.24,0.62,0.28,9.64,-2.57,0.02,0.68,-0.36
24.626473,8.60,-1.98,4.72,0.54,-0.05,0.62,-31.94,26.75,-43.38,4.12,-2.97,10.18,0.21,0.07,0.65,-6.63,-5.72,3.48,-0.78,-0.17,0.20,0.62,-2.16,10.32,-0.01,0.20,0.71,-3.64,-0.42,9.16,-0.31,0.35,0.61,-0.11,9.77,-2.95,0.06,0.68,-0.39
24.626485,8.55,-1.94,5.11,0.54,-0.05,0.62,-33.44,29.88,-42.81,4.00,-2.57,10.89,0.04,0.24,0.60,-6.89,-5.93,3.06,-0.81,-0.03,0.11,0.44,-1.73,10.76,-0.07,0.39,0.64,-4.19,0.00,9.33,-0.29,0.52,0.53,-0.46,9.90,-3.32,0.07,0.55,-0.47
24.626501,8.63,-2.21,5.49,0.54,-0.05,0.62,-34.06,28.06,-41.06,3.70,-2.70,10.69,-0.03,0.41,0.56,-7.35,-5.88,2.86,-0.81,0.14,0.01,0.12,-1.58,10.66,-0.10,0.56,0.56,-4.66,0.38,9.45,-0.28,0.69,0.43,-0.51,10.01,-3.78,0.09,0.40,-0.60
24.626513,8.67,-2.82,5.61,0.54,-0.05,0.62,-34.06,28.06,-41.06,3.22,-2.62,10.71,-0.03,0.48,0.56,-7.86,-5.77,2.90,-0.80,0.21,-0.04,-0.27,-1.34,10.71,-0.09,0.63,0.53,-5.05,0.68,9.37,-0.31,0.76,0.36,-0.47,10.16,-4.14,0.09,0.34,-0.63
24.64425,8.67,-2.82,5.61,0.00,-0.20,0.74,-34.31,30.62,-42.25,2.85,-2.45,10.83,-0.04,0.44,0.56,-8.35,-5.69,2.91,-0.79,0.19,-0.06,-0.52,-1.01,10.90,-0.11,0.62,0.51,-5.39,1.09,9.48,-0.35,0.75,0.31,-0.39,10.39,-4.55,0.05,0.35,-0.60
24.6718,8.02,-3.70,5.91,0.09,-0.28,0.66,-33.44,31.12,-42.31,2.79,-2.19,11.09,-0.07,0.36,0.59,-8.63,-5.69,2.60,-0.80,0.10,-0.12,-0.49,-0.64,11.08,-0.16,0.57,0.53,-5.44,1.45,9.44,-0.42,0.71,0.29,-0.57,10.41,-4.92,-0.04,0.37,-0.59
24.690157,7.75,-3.51,6.06,0.11,-0.38,0.63,-33.44,31.12,-42.31,2.60,-1.70,11.67,-0.17,0.35,0.61,-8.58,-5.85,2.10,-0.80,0.08,-0.25,-0.67,-0.26,11.29,-0.21,0.58,0.53,-5.62,1.61,9.25,-0.48,0.73,0.23,-0.97,10.26,-5.07,-0.14,0.31,-0.68
24.711095,7.79,-3.59,6.14,-0.06,-0.50,0.61,-33.44,31.12,-42.31,2.17,-1.70,11.66,-0.33,0.39,0.60,-8.60,-5.81,1.89,-0.80,0.09,-0.37,-1.06,-0.18,11.23,-0.29,0.66,0.48,-5.97,1.57,8.93,-0.49,0.75,0.15,-1.11,10.14,-5.15,-0.24,0.22,-0.75
25.132457,7.87,-4.31,5.83,-0.06,-0.50,0.61,-34.94,33.12,-41.19,1.79,-2.08,11.14,-0.41,0.40,0.55,-8.48,-5.85,1.63,-0.75,0.08,-0.45,-1.44,-0.34,10.86,-0.37,0.69,0.41,-6.20,1.43,8.65,-0.48,0.73,0.08,-1.36,9.94,-5.12,-0.30,0.17,-0.74
25.132842,7.87,-4.31,5.57,-0.06,-0.50,0.61,-34.94,33.12,-41.19,1.68,-2.28,10.90,-0.42,0.40,0.50,-8.14,-5.90,1.34,-0.68,0.09,-0.50,-1.58,-0.50,10.53,-0.41,0.72,0.35,-6.24,1.26,8.41,-0.50,0.74,0.01,-1.63,9.64,-4.93,-0.32,0.12,-0.72
25.132869,7.79,-4.28,5.38,-0.19,-0.56,0.47,-34.94,33.12,-41.19,1.50,-2.34,10.82,-0.40,0.45,0.44,-7.84,-5.97,1.03,-0.63,0.13,-0.53,-1.75,-0.66,10.09,-0.38,0.74,0.29,-6.12,0.99,7.92,-0.49,0.79,-0.06,-1.90,9.40,-4.79,-0.31,0.03,-0.73
25.132884,7.71,-4.39,5.26,-0.27,-0.53,0.48,-34.94,33.12,-41.19,1.28,-2.21,10.99,-0.42,0.53,0.36,-7.57,-6.17,0.72,-0.58,0.22,-0.60,-2.00,-0.51,10.17,-0.33,0.79,0.22,-6.37,0.94,7.59,-0.41,0.84,-0.14,-2.25,9.26,-4.70,-0.31,-0.08,-0.76
25.132898,7.41,-4.50,4.88,-0.60,-0.55,0.46,-36.12,35.88,-38.12,0.88,-2.38,10.69,-0.50,0.62,0.27,-7.54,-6.21,0.66,-0.53,0.31,-0.68,-2.38,-0.55,9.94,-0.31,0.85,0.12,-6.71,0.89,7.33,-0.34,0.87,-0.24,-2.38,9.20,-4.66,-0.33,-0.21,-0.76
25.132911,7.48,-5.04,4.49,-0.60,-0.55,0.46,-36.12,37.12,-39.38,0.48,-2.59,10.37,-0.53,0.63,0.21,-7.41,-6.34,0.50,-0.47,0.34,-0.72,-2.81,-0.65,9.68,-0.31,0.86,0.05,-6.98,0.72,7.01,-0.30,0.83,-0.31,-2.60,9.11,-4.54,-0.35,-0.28,-0.72
25.132928,7.48,-5.04,4.49,-0.62,-0.52,0.32,-36.12,37.12,-39.38,0.28,-2.72,10.18,-0.54,0.62,0.12,-7.17,-6.43,0.27,-0.37,0.38,-0.74,-3.06,-0.74,9.46,-0.31,0.83,-0.04,-7.07,0.58,6.75,-0.24,0.76,-0.39,-2.81,8.91,-4.40,-0.34,-0.37,-0.69
25.133025,7.18,-4.96,4.03,-0.67,-0.48,0.26,-36.75,36.81,-40.06,0.06,-2.65,10.23,-0.57,0.62,0.03,-7.00,-6.62,0.10,-0.27,0.41,-0.77,-3.22,-0.63,9.45,-0.31,0.82,-0.14,-7.13,0.56,6.60,-0.20,0.74,-0.47,-3.06,8.84,-4.27,-0.34,-0.46,-0.67
25.133041,7.11,-4.93,3.88,-0.77,-0.48,0.19,-36.75,36.81,-40.06,-0.12,-2.69,10.09,-0.63,0.63,-0.06,-6.85,-6.67,-0.00,-0.17,0.43,-0.82,-3.38,-0.65,9.24,-0.33,0.83,-0.25,-7.22,0.53,6.40,-0.17,0.72,-0.58,-3.19,8.69,-4.18,-0.37,-0.56,-0.63
25.133057,6.99,-5.04,3.73,-0.86,-0.51,0.12,-36.75,36.81,-40.06,-0.20,-2.82,9.79,-0.69,0.62,-0.15,-6.67,-6.61,-0.02,-0.08,0.44,-0.86,-3.39,-0.71,9.05,-0.34,0.82,-0.35,-7.16,0.49,6.30,-0.15,0.70,-0.68,-3.20,8.54,-4.05,-0.41,-0.64,-0.57
25.133068,6.88,-5.04,3.19,-0.90,-0.52,0.04,-36.75,36.81,-40.06,-0.24,-3.00,9.42,-0.73,0.60,-0.21,-6.43,-6.55,0.00,-0.01,0.42,-0.90,-3.41,-0.83,8.81,-0.39,0.80,-0.42,-7.10,0.37,6.14,-0.16,0.67,-0.77,-3.17,8.37,-3.86,-0.45,-0.70,-0.52
25.13308,6.91,-4.96,3.04,-0.90,-0.53,-0.04,-36.75,36.81,-40.06,-0.28,-3.20,9.13,-0.76,0.58,-0.27,-6.08,-6.55,-0.06,0.06,0.43,-0.93,-3.42,-1.10,8.49,-0.43,0.77,-0.48,-6.87,-0.00,5.82,-0.16,0.62,-0.82,-3.26,8.17,-3.60,-0.47,-0.74,-0.49
25.133091,7.06,-4.93,2.92,-0.90,-0.51,-0.09,-36.75,36.81,-40.06,-0.31,-3.43,9.14,-0.78,0.58,-0.35,-5.77,-6.85,-0.17,0.13,0.47,-0.95,-3.62,-1.36,8.41,-0.45,0.77,-0.56,-7.02,-0.38,5.64,-0.12,0.60,-0.88,-3.54,8.17,-3.29,-0.46,-0.82,-0.48
25.135818,7.45,-5.00,2.65,-0.98,-0.46,-0.12,-37.38,39.56,-36.25,-0.45,-3.72,9.11,-0.82,0.61,-0.47,-5.73,-7.17,-0.04,0.23,0.52,-0.97,-3.89,-1.58,8.43,-0.45,0.77,-0.68,-7.28,-0.61,5.63,-0.06,0.59,-0.97,-3.66,8.37,-3.05,-0.46,-0.91,-0.42
25.135838,7.53,-5.20,2.31,-1.07,-0.44,-0.28,-37.38,39.56,-36.25,-0.50,-4.19,8.65,-0.83,0.57,-0.54,-5.71,-7.27,0.27,0.30,0.48,-0.97,-4.00,-1.91,8.24,-0.48,0.72,-0.74,-7.39,-0.74,5.80,-0.06,0.52,-1.03,-3.54,8.51,-2.80,-0.49,-0.93,-0.33
25.135851,7.61,-5.20,1.96,-1.07,-0.44,-0.28,-37.62,39.06,-36.12,-0.53,-4.47,8.30,-0.82,0.46,-0.58,-5.48,-7.33,0.53,0.38,0.40,-0.94,-4.06,-2.20,8.02,-0.51,0.60,-0.77,-7.31,-1.11,5.59,-0.09,0.40,-1.05,-3.44,8.48,-2.44,-0.53,-0.91,-0.22
25.135864,7.75,-4.58,1.43,-0.83,-0.41,-0.50,-37.62,39.06,-36.12,-0.20,-4.85,8.09,-0.80,0.33,-0.63,-4.90,-7.46,0.64,0.46,0.30,-0.89,-3.80,-2.76,7.76,-0.55,0.48,-0.81,-6.94,-1.68,5.47,-0.11,0.27,-1.07,-3.46,8.30,-1.87,-0.55,-0.88,-0.10
25.135876,7.95,-4.39,1.16,-0.83,-0.41,-0.50,-38.50,39.12,-34.38,0.19,-5.17,7.95,-0.79,0.29,-0.66,-4.40,-7.57,0.72,0.50,0.28,-0.86,-3.56,-3.26,7.52,-0.55,0.45,-0.84,-6.51,-2.27,5.27,-0.08,0.23,-1.07,-3.47,8.16,-1.39,-0.54,-0.88,-0.06
25.135888,8.14,-4.16,0.97,-0.83,-0.41,-0.50,-38.00,37.31,-32.62,0.33,-5.38,7.63,-0.77,0.30,-0.68,-4.01,-7.60,0.89,0.52,0.31,-0.84,-3.48,-3.51,7.30,-0.52,0.43,-0.86,-6.39,-2.51,5.25,-0.04,0.22,-1.07,-3.38,8.04,-1.03,-0.51,-0.90,-0.04
25.147271,7.87,-3.86,0.47,-0.92,-0.28,-0.50,-38.00,37.31,-32.62,0.37,-5.70,7.03,-0.72,0.29,-0.72,-3.63,-7.50,1.15,0.56,0.32,-0.80,-3.42,-3.97,6.75,-0.46,0.38,-0.87,-6.16,-2.95,4.97,0.01,0.17,-1.07,-3.17,7.86,-0.60,-0.47,-0.91,0.01
25.169137,7.98,-3.78,0.28,-0.86,-0.22,-0.53,-38.00,37.31,-32.62,0.66,-6.06,6.84,-0.63,0.28,-0.77,-3.15,-7.60,1.14,0.58,0.35,-0.73,-3.25,-4.42,6.57,-0.38,0.34,-0.89,-5.82,-3.45,4.89,0.08,0.15,-1.05,-3.28,7.69,-0.22,-0.40,-0.91,0.04
25.190922,8.37,-3.62,0.24,-0.86,-0.22,-0.53,-38.56,38.00,-31.69,0.75,-6.02,7.08,-0.57,0.36,-0.83,-3.00,-7.79,1.10,0.60,0.47,-0.67,-3.25,-4.51,6.70,-0.26,0.37,-0.93,-5.83,-3.62,4.85,0.19,0.19,-1.04,-3.40,7.75,-0.08,-0.28,-0.97,0.02
25.217112,8.03,-3.70,0.32,-1.08,0.07,-0.45,-38.56,38.38,-33.12,0.60,-5.93,7.10,-0.53,0.42,-0.92,-3.34,-7.87,1.40,0.66,0.57,-0.64,-3.41,-4.27,6.97,-0.18,0.38,-1.00,-6.14,-3.36,5.09,0.29,0.20,-1.06,-3.23,8.08,-0.22,-0.20,-1.05,0.03
25.232972,8.03,-3.70,0.32,-1.08,0.07,-0.45,-38.56,38.38,-33.12,0.68,-6.17,6.85,-0.52,0.38,-0.94,-3.66,-7.83,1.90,0.70,0.54,-0.60,-3.34,-4.43,7.00,-0.18,0.33,-1.01,-6.10,-3.34,5.38,0.31,0.14,-1.03,-2.88,8.39,-0.18,-0.20,-1.03,0.10
25.643639,8.25,-3.86,0.09,-0.96,0.05,-0.55,-38.56,38.38,-33.12,0.80,-6.61,6.26,-0.46,0.21,-0.89,-3.65,-7.70,2.51,0.73,0.37,-0.51,-3.25,-4.79,6.80,-0.20,0.16,-0.94,-6.01,-3.54,5.53,0.26,-0.03,-0.95,-2.43,8.50,0.11,-0.24,-0.88,0.25
25.64369,8.55,-3.28,-0.34,-0.40,0.09,-0.76,-38.25,37.50,-33.31,1.14,-6.76,5.97,-0.34,-0.01,-0.84,-2.98,-7.55,2.48,0.75,0.20,-0.37,-2.91,-5.23,6.34,-0.20,-0.06,-0.86,-5.46,-4.10,5.25,0.22,-0.23,-0.85,-2.40,8.03,0.58,-0.23,-0.71,0.41
25.643715,8.45,-2.32,0.05,-0.40,0.09,-0.76,-38.00,36.31,-34.25,1.49,-6.32,6.44,-0.25,-0.05,-0.87,-2.39,-7.67,2.05,0.77,0.21,-0.28,-2.51,-5.14,6.38,-0.13,-0.12,-0.87,-5.14,-4.20,5.08,0.28,-0.26,-0.82,-2.69,7.71,0.76,-0.15,-0.70,0.44
25.643729,8.45,-2.32,0.05,-0.40,0.09,-0.76,-38.00,36.31,-34.25,1.65,-6.05,6.64,-0.25,0.05,-0.95,-2.53,-7.66,2.23,0.80,0.33,-0.27,-2.50,-4.77,6.73,-0.07,-0.06,-0.93,-5.00,-4.02,5.24,0.36,-0.22,-0.87,-2.47,7.89,0.67,-0.09,-0.80,0.42
25.643741,8.17,-2.74,-0.41,-0.75,0.26,-0.64,-38.00,36.31,-34.25,1.77,-6.55,5.77,-0.23,0.03,-0.96,-2.85,-7.30,3.02,0.81,0.29,-0.23,-2.11,-5.31,6.17,-0.10,-0.10,-0.95,-4.77,-4.01,5.50,0.36,-0.28,-0.84,-1.79,8.09,0.74,-0.09,-0.75,0.47
25.643754,8.48,-2.48,-0.41,-0.45,0.26,-0.73,-38.00,36.31,-34.25,1.92,-6.72,5.57,-0.14,-0.09,-0.91,-2.52,-7.16,3.17,0.80,0.18,-0.13,-2.09,-5.65,6.02,-0.07,-0.24,-0.87,-4.51,-4.47,5.34,0.34,-0.39,-0.74,-1.68,7.89,1.07,-0.07,-0.62,0.55
25.643767,8.79,-1.94,-0.26,-0.26,0.37,-0.75,-38.00,36.31,-34.25,2.22,-6.66,5.96,-0.04,-0.13,-0.91,-2.15,-7.37,2.97,0.80,0.17,-0.02,-1.87,-5.86,6.11,-0.00,-0.30,-0.85,-4.33,-4.78,5.37,0.39,-0.42,-0.67,-1.90,7.85,1.28,0.01,-0.58,0.60
25.643781,8.94,-1.75,-0.07,-0.26,0.37,-0.75,-38.00,32.38,-35.00,2.47,-6.60,6.42,0.01,-0.08,-0.94,-2.37,-7.72,3.07,0.80,0.26,0.03,-1.75,-5.71,6.72,0.05,-0.27,-0.88,-4.55,-4.63,5.83,0.46,-0.39,-0.66,-1.97,8.28,1.23,0.08,-0.61,0.59
25.643793,9.05,-1.94,0.01,-0.26,0.37,-0.75,-37.69,31.81,-34.19,2.56,-6.60,6.68,0.01,-0.06,-0.96,-3.00,-7.84,3.69,0.80,0.29,0.03,-1.72,-5.62,7.18,0.07,-0.26,-0.89,-4.77,-4.42,6.39,0.48,-0.40,-0.68,-1.56,8.94,1.07,0.08,-0.63,0.59
25.643804,9.25,-2.09,0.01,-0.50,0.46,-0.69,-37.69,31.81,-34.19,2.82,-6.94,6.41,0.03,-0.15,-0.92,-3.24,-7.75,4.17,0.80,0.20,0.05,-1.46,-5.99,7.07,0.07,-0.34,-0.84,-4.62,-4.56,6.69,0.44,-0.47,-0.64,-1.21,9.17,1.12,0.05,-0.56,0.64
25.643816,9.59,-1.94,0.09,-0.27,0.42,-0.74,-37.69,31.81,-34.19,3.10,-7.17,6.28,0.08,-0.26,-0.87,-3.12,-7.69,4.44,0.80,0.10,0.11,-1.31,-6.27,7.17,0.08,-0.46,-0.77,-4.40,-4.86,6.86,0.41,-0.57,-0.56,-0.98,9.21,1.35,0.04,-0.46,0.70
25.643828,9.74,-1.55,0.09,-0.27,0.42,-0.74,-37.44,29.19,-34.44,3.47,-7.26,6.34,0.16,-0.35,-0.83,-3.01,-7.66,4.76,0.80,0.03,0.20,-1.03,-6.56,7.15,0.10,-0.55,-0.70,-4.11,-5.14,6.99,0.38,-0.65,-0.49,-0.74,9.29,1.56,0.07,-0.37,0.77
25.643839,9.98,-1.32,0.12,-0.27,0.42,-0.74,-36.81,26.88,-34.38,3.90,-7.39,6.22,0.23,-0.42,-0.79,-3.00,-7.57,5.24,0.78,-0.05,0.30,-0.60,-6.79,7.21,0.11,-0.63,-0.64,-3.77,-5.29,7.25,0.36,-0.72,-0.40,-0.34,9.45,1.75,0.09,-0.26,0.83
25.643851,10.06,-0.37,0.09,0.20,0.54,-0.71,-36.81,26.88,-34.38,4.59,-7.32,6.39,0.30,-0.49,-0.71,-2.87,-7.53,5.53,0.71,-0.14,0.39,0.04,-6.98,7.35,0.13,-0.70,-0.55,-3.22,-5.47,7.55,0.33,-0.76,-0.31,-0.09,9.51,1.95,0.11,-0.13,0.84
25.646266,10.16,-0.10,0.39,0.20,0.54,-0.71,-36.81,26.88,-34.38,4.92,-7.13,6.73,0.33,-0.46,-0.65,-2.74,-7.55,5.48,0.64,-0.13,0.41,0.12,-6.94,7.59,0.18,-0.68,-0.48,-3.00,-5.57,7.61,0.34,-0.71,-0.25,-0.06,9.50,1.99,0.14,-0.10,0.78
25.646286,10.21,-0.18,0.51,0.14,0.54,-0.59,-36.81,26.88,-34.38,4.93,-7.24,6.51,0.34,-0.41,-0.61,-3.02,-7.54,5.86,0.59,-0.09,0.42,0.44,-7.10,7.50,0.21,-0.65,-0.44,-3.06,-5.50,7.83,0.37,-0.69,-0.19,0.29,9.81,1.93,0.16,-0.08,0.72
25.646299,10.16,-0.45,0.20,0.07,0.55,-0.52,-36.81,26.88,-34.38,5.06,-7.75,5.59,0.41,-0.51,-0.50,-3.28,-7.05,6.77,0.52,-0.21,0.49,0.53,-7.37,7.27,0.20,-0.75,-0.30,-2.71,-5.61,8.06,0.31,-0.78,-0.04,1.12,9.94,2.09,0.14,0.11,0.79
25.64631,10.09,-0.48,-0.22,0.36,0.50,-0.56,-36.81,26.88,-34.38,5.55,-8.03,4.93,0.57,-0.74,-0.33,-2.85,-6.62,7.12,0.43,-0.45,0.66,0.99,-7.94,6.72,0.21,-0.96,-0.09,-2.03,-6.09,7.99,0.21,-0.93,0.20,1.53,9.56,2.47,0.14,0.39,0.89
25.646324,10.55,0.74,0.09,1.03,0.66,-0.43,-34.12,24.25,-36.88,6.60,-7.36,6.23,0.76,-0.75,-0.21,-1.95,-6.77,6.25,0.25,-0.44,0.84,1.92,-8.08,6.91,0.36,-1.00,0.06,-1.16,-6.53,7.87,0.24,-0.88,0.39,0.93,9.03,2.68,0.31,0.55,0.82
25.661656,10.78,1.36,0.93,1.03,0.66,-0.43,-34.12,23.75,-38.56,6.76,-6.57,7.60,0.78,-0.44,-0.20,-2.29,-7.21,5.84,0.12,-0.14,0.83,2.20,-7.34,8.03,0.51,-0.74,0.07,-1.53,-5.93,8.33,0.38,-0.60,0.40,0.57,9.43,2.24,0.48,0.42,0.59
25.683846,10.20,0.36,1.54,1.03,0.66,-0.43,-34.12,23.75,-38.56,6.40,-6.52,7.70,0.71,-0.14,-0.17,-3.78,-7.13,6.53,0.00,0.10,0.72,1.89,-6.68,8.77,0.55,-0.45,0.09,-2.22,-4.86,9.32,0.41,-0.35,0.39,1.15,10.41,1.37,0.53,0.29,0.34
25.70487,10.25,-0.75,1.46,0.26,0.57,0.22,-34.12,23.75,-38.56,6.03,-6.93,7.14,0.70,-0.15,-0.01,-4.75,-6.79,7.21,-0.12,-0.00,0.70,1.54,-6.74,8.69,0.51,-0.45,0.26,-2.53,-4.68,9.56,0.32,-0.33,0.52,1.71,10.89,0.94,0.47,0.45,0.28
25.72824,10.93,-0.41,1.93,0.75,0.48,0.18,-35.25,24.50,-39.69,5.99,-6.82,7.41,0.79,-0.31,0.18,-4.62,-6.81,6.84,-0.25,-0.19,0.79,1.41,-6.77,8.78,0.50,-0.56,0.45,-2.61,-4.90,9.41,0.23,-0.41,0.71,1.39,10.70,0.89,0.47,0.69,0.30
26.15434,10.97,-0.10,2.43,0.93,0.55,0.21,-35.25,24.50,-39.69,6.17,-6.28,8.21,0.86,-0.30,0.26,-4.57,-7.01,6.20,-0.35,-0.17,0.85,1.60,-6.38,9.16,0.55,-0.54,0.54,-2.62,-4.57,9.54,0.24,-0.36,0.82,0.96,10.62,0.61,0.53,0.75,0.23
26.154374,10.55,-0.10,2.73,0.78,0.62,0.38,-35.25,24.50,-39.69,6.09,-5.74,8.73,0.84,-0.17,0.32,-4.95,-7.03,6.02,-0.43,-0.08,0.81,1.62,-5.72,9.62,0.57,-0.44,0.58,-2.86,-3.95,9.80,0.22,-0.25,0.83,0.91,10.77,0.17,0.55,0.72,0.11
26.154386,10.13,-0.25,2.81,0.78,0.62,0.38,-33.50,23.44,-41.00,5.82,-5.65,8.45,0.81,-0.09,0.38,-5.29,-6.68,6.07,-0.51,-0.05,0.76,1.48,-5.55,9.36,0.57,-0.36,0.65,-2.92,-3.68,9.67,0.19,-0.17,0.85,1.14,10.69,-0.15,0.53,0.72,0.01
26.154396,9.94,-0.83,2.84,0.75,0.46,0.57,-33.81,21.44,-40.31,5.54,-5.43,8.26,0.84,-0.08,0.47,-5.30,-6.33,5.80,-0.61,-0.08,0.77,1.33,-5.33,9.12,0.58,-0.33,0.73,-2.97,-3.49,9.40,0.17,-0.14,0.92,1.10,10.35,-0.38,0.54,0.81,-0.03
26.154405,9.82,-0.68,2.92,0.75,0.46,0.57,-33.50,22.56,-41.25,5.37,-5.04,8.34,0.86,-0.06,0.52,-5.32,-6.16,5.51,-0.67,-0.07,0.81,1.26,-4.93,9.10,0.62,-0.30,0.77,-2.82,-3.29,9.11,0.17,-0.11,0.97,1.02,10.11,-0.65,0.57,0.86,-0.06
26.154415,9.48,-0.64,3.04,0.75,0.49,0.63,-33.50,22.56,-41.25,5.27,-4.76,8.24,0.90,-0.03,0.56,-5.40,-5.94,5.22,-0.73,-0.05,0.82,1.38,-4.65,8.97,0.64,-0.28,0.82,-2.79,-2.86,9.14,0.17,-0.07,1.03,1.01,9.91,-0.93,0.61,0.88,-0.12
26.154424,9.21,-0.79,3.15,0.75,0.49,0.63,-33.50,23.50,-39.19,5.08,-4.29,8.48,0.92,0.01,0.60,-5.46,-5.75,4.87,-0.78,-0.01,0.82,1.28,-4.19,9.02,0.67,-0.25,0.86,-2.85,-2.54,8.97,0.16,-0.02,1.07,0.89,9.69,-1.24,0.64,0.88,-0.17
26.154433,8.87,-0.91,3.65,0.75,0.49,0.63,-33.50,23.50,-39.19,4.81,-3.93,8.66,0.92,0.09,0.61,-5.68,-5.60,4.56,-0.82,0.05,0.81,1.13,-3.72,9.11,0.70,-0.18,0.87,-3.00,-2.19,8.77,0.19,0.05,1.09,0.79,9.57,-1.62,0.67,0.87,-0.24
26.154443,8.63,-1.21,3.77,0.64,0.49,0.83,-33.50,23.50,-39.19,4.47,-3.71,8.71,0.92,0.14,0.63,-5.98,-5.53,4.27,-0.87,0.09,0.80,0.95,-3.35,9.11,0.74,-0.13,0.89,-3.29,-1.78,8.70,0.23,0.10,1.11,0.63,9.56,-2.05,0.68,0.86,-0.30
26.154454,8.55,-1.63,4.00,0.63,0.48,0.88,-33.50,23.50,-39.19,4.10,-3.56,8.57,0.92,0.15,0.66,-6.25,-5.42,4.13,-0.90,0.08,0.79,0.53,-2.93,9.24,0.72,-0.13,0.92,-3.60,-1.38,8.74,0.22,0.10,1.13,0.61,9.53,-2.33,0.67,0.89,-0.31
26.154465,8.25,-1.94,4.00,0.79,0.47,0.83,-34.62,27.44,-42.38,3.94,-3.30,8.81,0.95,0.11,0.69,-6.32,-5.32,3.67,-0.93,0.06,0.81,0.64,-2.81,9.09,0.72,-0.15,0.95,-3.62,-1.21,8.56,0.19,0.08,1.16,0.33,9.34,-2.61,0.68,0.93,-0.30
26.154474,8.33,-2.02,4.45,0.68,0.51,0.89,-33.12,26.75,-43.38,3.66,-2.79,9.48,0.93,0.18,0.68,-6.44,-5.55,3.15,-0.93,0.11,0.80,0.37,-2.26,9.51,0.75,-0.09,0.93,-3.91,-0.92,8.43,0.23,0.14,1.14,-0.15,9.35,-2.92,0.70,0.87,-0.35
26.154482,8.33,-2.02,4.45,0.68,0.51,0.89,-33.12,26.75,-43.38,3.20,-2.80,9.19,0.89,0.23,0.65,-6.91,-5.41,3.20,-0.89,0.14,0.76,0.05,-1.93,9.49,0.73,-0.05,0.89,-4.36,-0.40,8.59,0.22,0.18,1.10,-0.01,9.47,-3.29,0.68,0.82,-0.35
26.154491,7.83,-2.86,4.42,0.65,0.42,0.79,-33.12,26.75,-43.38,2.86,-2.94,8.71,0.91,0.10,0.68,-7.07,-5.07,3.26,-0.87,0.02,0.79,-0.25,-1.91,9.22,0.68,-0.17,0.93,-4.49,-0.38,8.38,0.16,0.06,1.13,0.14,9.32,-3.44,0.63,0.91,-0.27
26.157009,8.02,-2.63,4.68,0.90,0.45,0.70,-33.12,26.75,-43.38,2.90,-2.69,9.08,0.95,0.00,0.68,-6.81,-5.11,2.74,-0.86,-0.04,0.85,-0.16,-1.87,9.18,0.68,-0.25,0.94,-4.34,-0.49,8.08,0.16,-0.03,1.16,-0.23,9.06,-3.51,0.65,0.97,-0.20
26.15704,7.91,-2.48,5.03,0.86,0.55,0.72,-33.12,26.75,-43.38,2.83,-2.29,9.54,0.98,0.04,0.63,-6.87,-5.15,2.33,-0.84,0.02,0.89,-0.14,-1.52,9.40,0.72,-0.24,0.89,-4.43,-0.16,8.09,0.22,-0.02,1.14,-0.47,8.96,-3.79,0.70,0.93,-0.20
26.15706,7.56,-2.74,5.07,0.69,0.60,0.76,-33.12,26.75,-43.38,2.42,-2.09,9.34,0.96,0.04,0.61,-7.35,-5.01,2.48,-0.80,0.02,0.89,-0.45,-1.04,9.44,0.71,-0.25,0.88,-4.81,0.37,8.20,0.23,-0.04,1.12,-0.26,9.12,-4.14,0.68,0.91,-0.15
26.157076,7.07,-3.39,4.88,0.69,0.60,0.76,-32.25,28.94,-44.88,2.24,-2.20,8.89,1.00,-0.10,0.62,-7.44,-4.63,2.37,-0.77,-0.10,0.94,-0.45,-1.14,9.01,0.69,-0.39,0.90,-4.67,0.36,7.97,0.18,-0.18,1.14,-0.20,8.86,-4.34,0.65,1.00,-0.04
26.157088,7.37,-3.28,5.30,1.02,0.56,0.56,-32.25,28.94,-44.88,2.27,-1.86,9.32,1.08,-0.18,0.60,-7.22,-4.65,1.78,-0.73,-0.14,1.01,-0.46,-0.89,9.18,0.74,-0.47,0.89,-4.57,0.34,7.72,0.23,-0.24,1.17,-0.57,8.59,-4.45,0.70,1.02,0.02
26.1571,7.29,-3.05,5.64,0.98,0.69,0.56,-32.25,28.94,-44.88,2.17,-1.48,9.74,1.11,-0.15,0.55,-7.48,-4.67,1.53,-0.69,-0.09,1.06,-0.47,-0.43,9.45,0.80,-0.46,0.83,-4.75,0.83,7.88,0.30,-0.23,1.16,-0.69,8.66,-4.82,0.75,0.98,0.04
26.177428,6.60,-3.51,5.80,0.98,0.69,0.56,-31.56,30.44,-47.25,1.81,-1.03,9.89,1.10,-0.17,0.49,-8.02,-4.53,1.58,-0.62,-0.10,1.06,-0.67,0.12,9.70,0.77,-0.50,0.78,-5.09,1.41,8.08,0.31,-0.27,1.11,-0.57,8.84,-5.29,0.73,0.94,0.10
26.198706,6.56,-3.55,5.91,0.98,0.69,0.56,-32.50,30.56,-47.62,1.79,-0.86,9.98,1.10,-0.23,0.45,-8.05,-4.40,1.40,-0.56,-0.14,1.05,-0.61,0.26,9.68,0.76,-0.56,0.73,-5.09,1.51,8.03,0.32,-0.33,1.06,-0.60,8.71,-5.41,0.70,0.92,0.17
26.219346,6.76,-3.47,6.14,0.98,0.69,0.56,-32.50,30.56,-47.62,1.87,-0.66,10.00,1.11,-0.23,0.38,-8.00,-4.34,1.18,-0.48,-0.11,1.04,-0.57,0.47,9.72,0.75,-0.57,0.65,-5.01,1.59,7.91,0.36,-0.36,0.99,-0.68,8.55,-5.54,0.70,0.85,0.22
26.24427,6.30,-3.32,6.52,0.71,0.78,0.29,-31.00,29.31,-48.06,1.82,-0.36,9.96,1.11,-0.22,0.26,-8.04,-3.97,1.10,-0.37,-0.04,1.02,-0.39,0.59,9.49,0.78,-0.59,0.55,-4.70,1.74,7.80,0.44,-0.38,0.92,-0.49,8.34,-5.76,0.73,0.74,0.26
26.661242,6.22,-3.12,6.71,0.66,0.84,0.26,-31.00,29.31,-48.06,1.82,0.06,10.34,1.09,-0.19,0.15,-8.12,-3.86,1.03,-0.29,0.03,1.02,-0.28,0.92,9.73,0.80,-0.57,0.44,-4.73,2.05,7.97,0.51,-0.38,0.84,-0.48,8.30,-5.93,0.77,0.65,0.29
26.663292,6.22,-3.12,6.71,0.53,0.88,0.23,-30.06,29.19,-49.50,1.79,0.29,10.57,1.04,-0.14,0.04,-8.43,-3.90,1.03,-0.21,0.09,0.98,-0.24,1.20,9.98,0.79,-0.53,0.33,-4.94,2.36,8.14,0.54,-0.35,0.73,-0.46,8.50,-6.20,0.76,0.54,0.31
26.663317,6.11,-3.66,7.17,0.53,0.88,0.23,-30.06,29.19,-49.50,1.64,0.39,10.55,0.99,-0.15,-0.07,-8.86,-3.72,1.12,-0.11,0.09,0.95,-0.33,1.44,10.12,0.75,-0.54,0.22,-5.10,2.66,8.31,0.56,-0.38,0.62,-0.30,8.64,-6.54,0.73,0.46,0.38
26.663328,5.99,-3.66,7.33,0.43,0.84,0.04,-30.06,29.19,-49.50,1.54,0.64,10.72,0.94,-0.20,-0.14,-9.16,-3.71,1.12,-0.01,0.05,0.92,-0.35,1.75,10.31,0.70,-0.59,0.13,-5.30,3.01,8.49,0.56,-0.45,0.53,-0.30,8.78,-6.78,0.67,0.41,0.46
26.663338,5.84,-3.59,7.44,0.44,0.81,-0.09,-30.06,29.19,-49.50,1.51,0.83,10.92,0.87,-0.28,-0.20,-9.33,-3.73,1.01,0.08,0.00,0.86,-0.34,1.96,10.47,0.63,-0.65,0.06,-5.38,3.18,8.54,0.54,-0.52,0.42,-0.37,8.86,-6.96,0.58,0.34,0.54
26.663347,5.91,-3.70,7.55,0.41,0.75,-0.23,-30.06,29.19,-49.50,1.49,0.93,10.93,0.81,-0.35,-0.28,-9.33,-3.73,0.88,0.20,-0.02,0.79,-0.47,2.09,10.53,0.55,-0.70,-0.04,-5.52,3.26,8.60,0.52,-0.60,0.30,-0.44,8.79,-7.02,0.50,0.26,0.62
26.663355,5.95,-3.51,7.75,0.25,0.72,-0.52,-28.31,26.94,-51.69,1.37,1.24,11.26,0.71,-0.41,-0.39,-9.48,-3.68,0.90,0.36,-0.04,0.71,-0.42,2.26,10.69,0.46,-0.74,-0.19,-5.43,3.36,8.58,0.50,-0.66,0.14,-0.38,8.84,-7.15,0.42,0.14,0.70
26.663365,5.80,-3.55,7.75,0.25,0.72,-0.52,-28.31,26.94,-51.69,1.40,1.27,11.14,0.60,-0.47,-0.50,-9.63,-3.57,1.02,0.49,-0.09,0.65,-0.28,2.30,10.64,0.37,-0.78,-0.30,-5.43,3.44,8.59,0.49,-0.72,0.01,-0.23,8.88,-7.25,0.34,0.06,0.79
26.663374,5.88,-3.51,7.86,0.21,0.66,-0.67,-28.31,26.94,-51.69,1.54,1.27,11.05,0.52,-0.55,-0.63,-9.62,-3.48,1.10,0.63,-0.17,0.60,-0.18,2.29,10.66,0.28,-0.85,-0.43,-5.33,3.45,8.67,0.48,-0.82,-0.12,-0.11,8.86,-7.23,0.25,0.00,0.92
26.663384,5.91,-3.36,7.86,0.21,0.63,-0.82,-28.31,26.94,-51.69,1.77,1.30,11.02,0.44,-0.62,-0.73,-9.50,-3.45,1.14,0.77,-0.22,0.54,0.04,2.20,10.55,0.20,-0.90,-0.53,-5.11,3.41,8.74,0.47,-0.90,-0.25,-0.03,8.83,-7.14,0.17,-0.08,1.01
26.663397,5.99,-3.16,7.86,0.21,0.63,-0.82,-26.50,25.88,-53.00,2.07,1.35,11.02,0.37,-0.67,-0.83,-9.31,-3.40,1.16,0.89,-0.22,0.47,0.32,2.08,10.48,0.15,-0.92,-0.65,-4.80,3.25,8.68,0.48,-0.94,-0.39,0.04,8.72,-7.00,0.11,-0.20,1.07
26.663407,6.03,-2.86,7.90,0.21,0.63,-0.82,-25.94,26.00,-53.38,2.33,1.34,10.89,0.31,-0.67,-0.94,-9.17,-3.23,1.32,1.01,-0.17,0.40,0.52,1.97,10.39,0.11,-0.92,-0.79,-4.56,3.14,8.68,0.52,-0.97,-0.53,0.29,8.62,-6.89,0.07,-0.33,1.11
26.663416,6.14,-2.59,7.86,0.21,0.63,-0.82,-25.94,26.00,-53.38,2.59,1.27,10.74,0.27,-0.67,-1.05,-9.21,-2.99,1.60,1.11,-0.14,0.36,0.82,1.86,10.30,0.08,-0.91,-0.91,-4.21,3.18,8.88,0.55,-0.99,-0.64,0.63,8.64,-6.88,0.05,-0.43,1.16
26.663427,6.18,-2.63,7.90,-0.16,0.66,-1.21,-25.94,26.00,-53.38,2.92,1.32,10.69,0.24,-0.69,-1.11,-9.39,-2.83,1.91,1.19,-0.15,0.33,1.22,1.89,10.41,0.05,-0.92,-0.99,-3.93,3.32,9.15,0.54,-1.01,-0.70,0.96,8.77,-6.96,0.01,-0.48,1.21
26.665561,6.07,-2.29,8.05,-0.17,0.57,-1.34,-23.56,21.94,-53.44,3.17,1.43,10.73,0.19,-0.73,-1.13,-9.45,-2.75,2.13,1.26,-0.18,0.26,1.63,1.81,10.52,-0.00,-0.93,-1.04,-3.66,3.30,9.36,0.52,-1.02,-0.79,1.23,8.87,-6.93,-0.06,-0.55,1.24
26.665586,6.57,-1.79,8.44,-0.17,0.57,-1.34,-22.94,20.94,-55.00,3.42,1.58,10.88,0.10,-0.74,-1.22,-9.40,-2.81,2.19,1.34,-0.15,0.20,1.69,1.83,10.68,-0.06,-0.93,-1.13,-3.68,3.19,9.48,0.53,-1.04,-0.87,1.22,8.93,-6.87,-0.09,-0.63,1.27
26.665596,6.57,-1.79,8.44,-0.17,0.57,-1.34,-22.94,20.94,-55.00,3.97,1.97,11.32,0.00,-0.72,-1.37,-9.45,-2.66,2.38,1.45,-0.04,0.13,2.15,1.94,10.95,-0.11,-0.89,-1.30,-3.30,3.27,9.86,0.57,-1.02,-1.04,1.57,9.01,-6.92,-0.09,-0.81,1.27
26.665605,6.72,-0.60,9.51,-0.66,0.60,-1.45,-22.06,19.88,-56.31,5.18,2.33,11.82,-0.13,-0.56,-1.54,-9.85,-2.20,2.94,1.53,0.15,-0.01,3.54,1.99,11.43,-0.16,-0.71,-1.50,-2.34,3.62,10.76,0.60,-0.87,-1.25,2.35,9.29,-7.21,-0.09,-1.04,1.17
26.665614,6.72,-0.52,9.71,-0.90,0.53,-1.37,-22.06,19.88,-56.31,5.94,2.42,12.05,-0.27,-0.38,-1.59,-10.37,-1.93,3.53,1.53,0.27,-0.16,4.28,2.01,11.92,-0.21,-0.49,-1.57,-1.94,3.94,11.53,0.58,-0.69,-1.37,3.01,9.75,-7.47,-0.13,-1.19,1.04
26.67092,6.88,-0.60,9.74,-1.04,0.38,-1.29,-22.06,19.88,-56.31,6.22,2.20,11.95,-0.41,-0.26,-1.56,-10.91,-1.77,4.21,1.50,0.31,-0.31,4.46,1.83,12.16,-0.29,-0.32,-1.57,-1.94,3.96,12.09,0.50,-0.54,-1.45,3.56,10.29,-7.57,-0.23,-1.24,0.92
26.691356,7.22,-0.79,9.67,-1.04,0.38,-1.29,-20.25,20.94,-58.62,6.39,1.93,11.89,-0.53,-0.25,-1.50,-11.10,-1.92,4.59,1.44,0.26,-0.43,4.53,1.57,12.28,-0.40,-0.27,-1.52,-1.94,3.79,12.36,0.39,-0.49,-1.47,3.68,10.55,-7.46,-0.33,-1.23,0.86
26.715137,7.68,-0.41,9.43,-0.96,-0.04,-1.26,-19.38,21.31,-58.38,6.74,1.65,11.96,-0.65,-0.23,-1.43,-10.83,-2.11,4.73,1.38,0.23,-0.56,4.74,1.14,12.31,-0.51,-0.17,-1.49,-1.75,3.30,12.40,0.28,-0.42,-1.50,3.67,10.61,-7.08,-0.44,-1.24,0.77
26.734437,7.91,-0.18,9.28,-0.96,-0.04,-1.26,-18.44,22.62,-60.00,7.14,1.44,11.98,-0.76,-0.12,-1.38,-10.58,-2.19,4.92,1.31,0.26,-0.70,5.04,0.79,12.28,-0.58,-0.03,-1.47,-1.43,2.96,12.48,0.21,-0.29,-1.54,3.79,10.62,-6.77,-0.52,-1.28,0.65
26.754818,7.79,0.25,8.90,-1.09,-0.13,-1.15,-18.44,22.62,-60.00,7.43,1.27,11.85,-0.86,-0.01,-1.31,-10.36,-2.20,5.14,1.22,0.31,-0.84,5.32,0.51,12.18,-0.64,0.13,-1.43,-1.18,2.75,12.56,0.14,-0.14,-1.58,3.93,10.60,-6.50,-0.59,-1.32,0.50
27.174185,7.87,0.40,8.66,-1.20,-0.27,-1.03,-18.12,25.06,-60.38,7.59,1.02,11.61,-1.00,0.17,-1.22,-10.01,-2.30,5.21,1.10,0.40,-1.01,5.38,0.14,11.96,-0.70,0.35,-1.38,-0.89,2.34,12.44,0.06,0.06,-1.62,3.92,10.53,-6.14,-0.65,-1.40,0.27
27.174227,7.98,0.44,8.52,-1.20,-0.27,-1.03,-17.81,25.81,-62.00,7.44,0.67,11.13,-1.10,0.29,-1.15,-9.96,-2.27,5.50,1.01,0.48,-1.13,5.19,-0.11,11.71,-0.75,0.51,-1.33,-0.87,2.10,12.34,-0.00,0.22,-1.62,4.10,10.57,-5.94,-0.68,-1.44,0.10
27.174243,8.02,0.28,8.32,-1.20,-0.27,-1.03,-17.81,25.81,-62.00,7.38,0.29,10.56,-1.16,0.30,-1.03,-10.13,-2.04,6.10,0.90,0.41,-1.18,5.18,-0.32,11.53,-0.83,0.56,-1.22,-0.90,2.09,12.51,-0.13,0.28,-1.56,4.58,10.71,-5.82,-0.76,-1.34,0.03
27.174258,7.87,0.44,7.86,-1.07,-0.67,-0.73,-18.75,27.12,-61.88,7.55,0.08,10.30,-1.19,0.22,-0.85,-9.87,-1.96,6.34,0.74,0.21,-1.20,5.35,-0.59,11.29,-0.94,0.54,-1.03,-0.60,1.82,12.40,-0.32,0.28,-1.44,4.74,10.59,-5.53,-0.88,-1.13,-0.00
27.174274,7.95,0.63,7.79,-0.89,-0.81,-0.67,-18.75,27.12,-61.88,7.66,-0.04,10.24,-1.22,0.20,-0.69,-9.40,-2.12,6.16,0.61,0.13,-1.23,5.40,-0.85,11.03,-1.01,0.56,-0.88,-0.40,1.46,12.09,-0.44,0.31,-1.35,4.52,10.36,-5.20,-0.95,-1.01,-0.08
27.174295,7.95,0.63,7.48,-0.88,-0.89,-0.56,-18.75,27.12,-61.88,7.47,-0.19,10.04,-1.26,0.23,-0.54,-8.92,-2.32,5.98,0.49,0.11,-1.29,5.15,-1.03,10.76,-1.04,0.62,-0.75,-0.47,1.13,11.69,-0.53,0.38,-1.27,4.25,10.15,-4.82,-1.00,-0.95,-0.19
27.174309,7.79,0.40,6.60,-0.91,-0.96,-0.46,-18.75,27.12,-61.88,7.10,-0.53,9.51,-1.29,0.25,-0.41,-8.54,-2.43,5.95,0.37,0.08,-1.33,4.73,-1.31,10.30,-1.09,0.68,-0.63,-0.61,0.78,11.25,-0.62,0.44,-1.20,4.10,9.93,-4.46,-1.04,-0.88,-0.28
27.174322,7.83,0.28,6.37,-0.86,-1.03,-0.40,-18.75,27.12,-61.88,6.88,-0.94,9.04,-1.28,0.23,-0.29,-8.16,-2.41,5.95,0.28,0.01,-1.32,4.47,-1.64,9.82,-1.11,0.68,-0.53,-0.56,0.40,10.81,-0.69,0.46,-1.11,4.04,9.66,-4.12,-1.06,-0.76,-0.33
27.174335,7.87,0.28,6.14,-0.73,-1.05,-0.34,-18.75,27.12,-61.88,6.83,-1.27,8.77,-1.23,0.22,-0.16,-7.70,-2.46,5.81,0.15,-0.05,-1.28,4.41,-1.98,9.43,-1.09,0.68,-0.40,-0.39,0.07,10.47,-0.73,0.48,-0.98,3.86,9.40,-3.81,-1.05,-0.63,-0.38
27.174349,7.79,0.25,5.91,-0.61,-1.05,-0.23,-18.75,27.12,-61.88,6.67,-1.51,8.62,-1.18,0.24,-0.03,-7.29,-2.70,5.63,0.02,-0.06,-1.24,4.18,-2.20,9.23,-1.04,0.70,-0.25,-0.51,-0.25,10.15,-0.77,0.53,-0.85,3.57,9.25,-3.49,-1.02,-0.53,-0.47
27.174362,7.87,0.28,5.68,-0.56,-1.05,-0.10,-18.75,27.12,-61.88,6.51,-1.80,8.51,-1.12,0.27,0.08,-7.01,-2.85,5.55,-0.10,-0.06,-1.20,3.90,-2.50,9.05,-0.99,0.71,-0.14,-0.64,-0.62,9.88,-0.79,0.57,-0.73,3.36,9.15,-3.21,-0.97,-0.44,-0.55
27.174375,8.25,-0.02,5.45,-0.48,-0.96,0.14,-23.75,31.38,-58.62,6.27,-1.97,8.65,-1.04,0.33,0.18,-6.82,-3.25,5.33,-0.24,-0.02,-1.13,3.57,-2.59,9.11,-0.91,0.75,-0.03,-0.94,-0.85,9.71,-0.77,0.64,-0.60,2.96,9.22,-3.03,-0.89,-0.35,-0.63
27.174389,8.25,-0.37,5.22,-0.48,-0.96,0.14,-23.75,31.38,-58.62,5.87,-2.20,8.57,-0.99,0.38,0.24,-6.88,-3.57,5.30,-0.33,-0.01,-1.08,3.08,-2.63,9.14,-0.86,0.78,0.06,-1.41,-0.90,9.64,-0.74,0.67,-0.49,2.71,9.41,-2.96,-0.84,-0.28,-0.69
27.174404,8.25,-0.37,5.22,-0.48,-0.96,0.14,-23.75,31.38,-58.62,5.54,-2.55,8.33,-0.92,0.35,0.32,-6.85,-3.71,5.30,-0.41,-0.05,-1.01,2.64,-2.82,9.02,-0.82,0.74,0.16,-1.76,-1.04,9.55,-0.76,0.64,-0.37,2.55,9.42,-2.85,-0.81,-0.16,-0.69
27.177018,8.68,-0.87,4.91,-0.18,-0.92,0.28,-25.56,32.62,-58.06,5.51,-2.80,8.65,-0.81,0.31,0.42,-6.72,-4.01,5.07,-0.51,-0.10,-0.89,2.51,-3.07,9.14,-0.75,0.69,0.28,-1.92,-1.27,9.54,-0.76,0.62,-0.22,2.18,9.50,-2.72,-0.74,-0.02,-0.70
27.177038,8.75,-0.87,4.95,-0.11,-0.86,0.39,-25.56,32.62,-58.06,5.32,-2.72,9.09,-0.76,0.32,0.49,-6.89,-4.48,4.95,-0.59,-0.10,-0.83,2.25,-2.87,9.54,-0.71,0.70,0.36,-2.37,-1.14,9.65,-0.77,0.63,-0.14,1.86,9.84,-2.80,-0.71,0.06,-0.73
27.177051,8.52,-1.06,4.80,-0.12,-0.90,0.43,-25.56,32.62,-58.06,5.00,-2.90,8.95,-0.74,0.28,0.59,-7.13,-4.64,5.08,-0.65,-0.18,-0.81,1.91,-2.82,9.62,-0.73,0.66,0.45,-2.75,-1.01,9.74,-0.83,0.61,-0.06,1.80,10.04,-2.82,-0.74,0.16,-0.73
27.177063,8.52,-1.44,4.53,-0.12,-0.90,0.43,-27.38,32.50,-55.56,4.66,-3.18,8.70,-0.71,0.17,0.70,-7.04,-4.83,5.06,-0.70,-0.33,-0.76,1.52,-2.98,9.44,-0.76,0.56,0.56,-3.00,-1.21,9.50,-0.91,0.52,0.04,1.64,10.04,-2.66,-0.79,0.30,-0.68
27.177078,8.68,-1.48,4.26,-0.12,-0.90,0.43,-27.69,32.38,-55.12,4.41,-3.46,8.41,-0.66,0.02,0.79,-6.74,-4.90,4.98,-0.74,-0.48,-0.69,1.20,-3.22,9.10,-0.78,0.44,0.66,-3.17,-1.53,9.12,-0.98,0.40,0.13,1.48,9.83,-2.36,-0.83,0.46,-0.60
27.189004,8.67,-1.36,3.69,-0.12,-0.90,0.43,-27.69,32.38,-55.12,4.29,-3.73,8.13,-0.59,-0.11,0.86,-6.34,-4.99,4.82,-0.77,-0.64,-0.58,1.00,-3.44,8.84,-0.80,0.31,0.74,-3.19,-1.82,8.83,-1.03,0.28,0.23,1.26,9.60,-2.06,-0.84,0.62,-0.51
27.213405,8.71,-1.10,3.27,0.70,-0.91,0.28,-29.44,31.25,-52.38,4.17,-3.77,8.12,-0.50,-0.23,0.90,-5.84,-5.23,4.56,-0.78,-0.75,-0.46,0.84,-3.60,8.66,-0.79,0.18,0.81,-3.16,-2.14,8.47,-1.06,0.17,0.32,0.95,9.34,-1.73,-0.82,0.75,-0.43
27.234081,8.59,-0.87,3.19,0.70,-0.91,0.28,-29.44,31.25,-52.38,4.32,-3.92,8.01,-0.44,-0.27,0.92,-5.53,-5.25,4.49,-0.78,-0.80,-0.38,0.97,-3.80,8.47,-0.77,0.12,0.84,-2.93,-2.32,8.35,-1.06,0.12,0.37,0.91,9.18,-1.52,-0.79,0.81,-0.39
27.25599,8.64,-1.02,3.04,0.69,-0.88,0.29,-29.44,31.25,-52.38,4.53,-4.16,7.86,-0.36,-0.29,0.96,-5.27,-5.23,4.42,-0.82,-0.80,-0.32,1.13,-4.07,8.26,-0.72,0.08,0.90,-2.65,-2.51,8.31,-1.07,0.12,0.44,0.89,9.05,-1.36,-0.73,0.87,-0.40
27.683495,8.79,-0.94,3.07,0.79,-0.77,0.45,-30.69,30.31,-50.44,4.65,-4.11,8.02,-0.28,-0.27,1.02,-5.22,-5.26,4.50,-0.90,-0.76,-0.25,1.17,-4.10,8.37,-0.64,0.07,0.99,-2.59,-2.64,8.24,-1.02,0.14,0.56,0.93,9.09,-1.28,-0.65,0.93,-0.45
27.683522,8.75,-0.83,3.04,0.79,-0.77,0.45,-31.56,30.44,-49.00,4.62,-4.11,7.89,-0.22,-0.26,1.08,-5.24,-5.24,4.67,-0.95,-0.75,-0.20,1.13,-4.12,8.28,-0.58,0.06,1.05,-2.63,-2.67,8.18,-0.98,0.13,0.65,1.05,9.11,-1.22,-0.61,0.98,-0.47
27.683535,8.67,-0.83,2.96,0.79,-0.77,0.45,-31.31,29.75,-48.19,4.64,-4.24,7.62,-0.15,-0.27,1.13,-5.13,-5.09,4.70,-1.00,-0.77,-0.12,1.18,-4.25,8.05,-0.52,0.01,1.12,-2.56,-2.76,8.10,-0.96,0.11,0.74,1.10,8.96,-1.16,-0.55,1.06,-0.45
27.683546,8.79,-0.91,3.00,0.97,-0.65,0.60,-31.31,29.75,-48.19,4.66,-4.17,7.68,-0.02,-0.25,1.18,-4.95,-5.12,4.48,-1.08,-0.77,-0.00,1.20,-4.21,8.05,-0.41,-0.01,1.20,-2.53,-2.75,8.00,-0.90,0.12,0.85,0.92,8.81,-1.12,-0.45,1.15,-0.45
27.683557,8.59,-0.83,2.92,0.97,-0.65,0.60,-31.94,28.81,-46.25,4.47,-4.07,7.69,0.05,-0.22,1.22,-4.98,-5.21,4.36,-1.13,-0.73,0.05,1.08,-4.04,8.03,-0.33,-0.01,1.26,-2.64,-2.64,7.91,-0.85,0.13,0.93,0.81,8.82,-1.19,-0.38,1.18,-0.47
27.683569,8.41,-0.98,2.88,0.97,-0.65,0.60,-31.62,28.31,-43.94,4.13,-4.27,7.39,0.12,-0.23,1.27,-5.05,-5.24,4.30,-1.17,-0.74,0.12,0.73,-4.06,7.87,-0.28,-0.04,1.33,-2.91,-2.60,7.78,-0.83,0.11,1.03,0.72,8.80,-1.21,-0.33,1.26,-0.47
27.68358,8.52,-1.71,2.69,0.97,-0.65,0.60,-31.62,28.31,-43.94,3.80,-4.44,7.38,0.23,-0.29,1.33,-4.89,-5.39,3.85,-1.22,-0.77,0.22,0.34,-4.14,7.79,-0.21,-0.11,1.42,-3.18,-2.76,7.47,-0.81,0.05,1.15,0.25,8.63,-1.21,-0.26,1.36,-0.46
27.683593,8.68,-1.98,2.73,1.27,-0.40,0.76,-31.62,28.31,-43.94,3.63,-4.46,7.88,0.33,-0.26,1.31,-4.79,-5.89,3.10,-1.24,-0.73,0.31,-0.22,-3.88,8.01,-0.10,-0.12,1.43,-3.77,-2.75,7.18,-0.73,0.08,1.21,-0.64,8.59,-1.33,-0.14,1.38,-0.47
27.683604,8.67,-2.36,3.19,1.27,-0.40,0.76,-33.75,28.38,-42.56,2.75,-3.67,8.89,0.39,-0.14,1.23,-5.08,-6.32,2.53,-1.20,-0.58,0.38,-0.71,-3.38,8.56,0.01,-0.03,1.34,-4.56,-2.42,7.16,-0.61,0.17,1.18,-1.23,8.79,-1.74,-0.02,1.28,-0.48
27.683615,8.67,-2.36,3.19,0.95,-0.14,0.85,-32.81,29.62,-43.88,2.50,-3.59,9.03,0.42,-0.07,1.13,-5.85,-6.27,2.61,-1.15,-0.46,0.39,-0.92,-3.06,8.79,0.07,-0.02,1.26,-4.91,-1.86,7.62,-0.51,0.18,1.13,-1.02,9.21,-2.30,0.05,1.17,-0.48
27.683626,8.71,-3.24,4.38,0.96,-0.06,0.76,-32.81,29.62,-43.88,2.54,-3.47,9.30,0.48,-0.10,1.07,-6.64,-6.08,2.83,-1.11,-0.44,0.44,-0.91,-2.73,9.33,0.13,-0.09,1.23,-5.14,-1.41,8.13,-0.45,0.11,1.14,-0.76,9.66,-2.88,0.09,1.17,-0.42
27.683637,8.79,-3.12,4.72,0.96,-0.06,0.76,-33.75,29.25,-42.31,2.63,-3.13,10.04,0.50,-0.15,1.05,-7.28,-6.34,2.89,-1.08,-0.46,0.47,-0.86,-2.24,10.25,0.13,-0.14,1.21,-5.52,-0.96,8.75,-0.44,0.05,1.13,-0.84,10.20,-3.27,0.09,1.19,-0.35
27.683647,8.83,-3.05,4.88,0.96,-0.06,0.76,-33.75,29.25,-42.31,2.67,-2.88,10.55,0.45,-0.22,1.03,-7.88,-6.52,3.10,-1.03,-0.54,0.46,-0.88,-1.94,10.82,0.06,-0.18,1.17,-5.85,-0.57,9.33,-0.49,-0.01,1.08,-0.75,10.72,-3.60,0.01,1.19,-0.28
27.683657,8.94,-3.09,5.03,1.03,-0.12,0.60,-33.75,29.25,-42.31,2.79,-2.90,10.52,0.40,-0.33,1.01,-8.09,-6.30,3.22,-0.97,-0.63,0.44,-0.75,-2.00,10.80,-0.03,-0.25,1.14,-5.70,-0.56,9.47,-0.56,-0.09,1.02,-0.50,10.73,-3.74,-0.07,1.19,-0.20
27.686229,8.98,-3.01,5.26,1.09,-0.22,0.48,-33.75,29.25,-42.31,3.16,-2.66,10.78,0.40,-0.40,0.98,-7.96,-6.05,3.12,-0.92,-0.68,0.44,-0.33,-2.06,10.81,-0.05,-0.29,1.10,-5.22,-0.67,9.42,-0.57,-0.13,0.98,-0.37,10.50,-3.78,-0.10,1.19,-0.15
27.686346,8.90,-2.40,5.76,0.99,-0.18,0.48,-34.06,28.31,-40.38,3.68,-2.19,11.35,0.36,-0.31,0.92,-7.84,-5.92,2.90,-0.92,-0.60,0.39,0.26,-1.86,11.07,-0.05,-0.20,1.03,-4.82,-0.48,9.57,-0.53,-0.05,0.91,-0.38,10.35,-3.90,-0.08,1.09,-0.21
27.686366,8.63,-2.36,5.95,0.99,-0.18,0.48,-34.69,27.94,-40.69,3.87,-1.90,11.78,0.26,-0.11,0.86,-7.86,-5.98,2.69,-0.93,-0.42,0.25,0.49,-1.62,11.32,-0.05,0.00,0.94,-4.74,-0.23,9.79,-0.50,0.13,0.79,-0.50,10.39,-4.03,-0.08,0.92,-0.37
27.686381,8.63,-2.55,5.95,0.40,-0.30,0.70,-34.69,27.94,-40.69,3.58,-1.69,12.02,0.11,0.17,0.79,-7.97,-6.06,2.44,-0.97,-0.18,0.04,0.18,-1.33,11.45,-0.06,0.30,0.83,-4.93,-0.12,9.58,-0.45,0.40,0.63,-0.74,10.38,-4.21,-0.10,0.67,-0.58
27.686402,8.48,-3.47,5.95,0.12,-0.36,0.77,-34.69,27.94,-40.69,3.02,-1.77,11.84,-0.02,0.36,0.72,-8.21,-6.13,2.21,-0.94,-0.00,-0.13,-0.34,-1.18,11.34,-0.09,0.51,0.73,-5.49,0.06,9.39,-0.40,0.58,0.50,-0.98,10.40,-4.44,-0.11,0.48,-0.72
27.693467,8.41,-3.93,5.80,-0.05,-0.41,0.79,-34.94,30.94,-39.75,2.31,-1.98,11.55,-0.12,0.45,0.66,-8.44,-6.20,2.05,-0.89,0.10,-0.25,-1.12,-1.05,11.21,-0.13,0.64,0.63,-6.17,0.20,9.16,-0.39,0.66,0.40,-1.24,10.45,-4.60,-0.13,0.35,-0.78
27.717561,8.21,-4.39,5.45,-0.04,-0.48,0.63,-34.94,30.94,-39.75,1.70,-2.07,11.33,-0.20,0.44,0.61,-8.46,-6.29,1.81,-0.81,0.09,-0.33,-1.66,-0.93,11.02,-0.19,0.65,0.56,-6.56,0.29,8.85,-0.41,0.66,0.30,-1.51,10.33,-4.66,-0.19,0.29,-0.74
27.738699,7.99,-4.39,5.26,-0.04,-0.48,0.63,-35.81,32.00,-40.25,1.39,-2.06,11.16,-0.25,0.41,0.55,-8.17,-6.30,1.41,-0.74,0.07,-0.38,-1.91,-0.93,10.67,-0.25,0.64,0.49,-6.62,0.25,8.44,-0.44,0.63,0.22,-1.83,9.98,-4.60,-0.23,0.24,-0.70
27.760497,7.83,-4.31,5.22,-0.14,-0.50,0.51,-35.25,32.50,-38.56,1.17,-1.92,11.18,-0.30,0.44,0.47,-7.76,-6.34,0.88,-0.67,0.12,-0.44,-1.97,-0.71,10.73,-0.27,0.68,0.38,-6.63,0.17,7.96,-0.43,0.66,0.09,-2.23,9.55,-4.51,-0.25,0.13,-0.69
27.784005,7.41,-4.47,5.07,-0.34,-0.47,0.48,-35.25,32.50,-38.56,0.68,-1.73,11.12,-0.39,0.54,0.35,-7.59,-6.40,0.42,-0.59,0.23,-0.53,-2.41,-0.65,10.10,-0.30,0.78,0.24,-6.72,0.21,7.42,-0.37,0.73,-0.06,-2.57,9.30,-4.59,-0.27,-0.04,-0.70
28.194241,7.18,-4.73,4.91,-0.53,-0.49,0.45,-35.25,32.50,-38.56,0.32,-1.79,10.83,-0.46,0.61,0.22,-7.48,-6.36,0.16,-0.51,0.32,-0.61,-2.73,-0.48,10.00,-0.31,0.84,0.11,-6.94,0.34,7.23,-0.32,0.78,-0.19,-2.77,9.09,-4.62,-0.29,-0.20,-0.70
28.194281,7.10,-4.96,4.72,-0.53,-0.49,0.45,-36.12,35.44,-38.06,0.08,-1.71,10.81,-0.54,0.65,0.11,-7.47,-6.48,-0.08,-0.41,0.39,-0.69,-3.00,-0.34,9.86,-0.35,0.88,-0.02,-7.20,0.48,7.07,-0.31,0.81,-0.34,-3.01,9.03,-4.67,-0.32,-0.34,-0.72
28.194294,6.84,-5.12,4.61,-0.53,-0.49,0.45,-36.44,34.56,-38.19,-0.28,-1.65,10.72,-0.65,0.70,-0.02,-7.32,-6.49,-0.36,-0.28,0.47,-0.81,-3.26,-0.25,9.65,-0.39,0.95,-0.17,-7.29,0.40,6.63,-0.27,0.84,-0.51,-3.22,8.82,-4.67,-0.35,-0.51,-0.74
28.194304,6.80,-5.23,4.38,-0.91,-0.54,0.21,-36.44,34.56,-38.19,-0.70,-1.80,10.34,-0.73,0.76,-0.14,-7.16,-6.49,-0.46,-0.15,0.54,-0.91,-3.45,-0.35,9.36,-0.42,0.97,-0.31,-7.37,0.32,6.32,-0.22,0.85,-0.63,-3.31,8.63,-4.56,-0.39,-0.67,-0.72
28.194318,6.68,-5.35,4.07,-1.02,-0.56,0.12,-36.44,34.56,-38.19,-0.77,-2.11,9.83,-0.79,0.74,-0.25,-6.92,-6.47,-0.48,-0.04,0.55,-0.96,-3.67,-0.51,8.92,-0.45,0.96,-0.43,-7.40,0.19,6.05,-0.18,0.82,-0.74,-3.40,8.43,-4.35,-0.43,-0.76,-0.64
28.194329,6.52,-5.20,3.30,-1.06,-0.54,-0.12,-36.75,37.25,-36.19,-0.92,-2.28,9.37,-0.83,0.69,-0.37,-6.48,-6.44,-0.53,0.09,0.53,-1.00,-3.91,-0.64,8.50,-0.48,0.90,-0.55,-7.35,-0.08,5.60,-0.16,0.75,-0.87,-3.46,8.11,-4.00,-0.48,-0.84,-0.54
28.194341,6.45,-5.04,3.04,-1.06,-0.54,-0.12,-36.75,37.25,-36.19,-1.06,-2.44,9.00,-0.86,0.65,-0.46,-6.10,-6.53,-0.61,0.20,0.51,-1.02,-3.96,-0.89,8.07,-0.50,0.84,-0.65,-7.26,-0.35,5.24,-0.12,0.68,-0.96,-3.59,7.90,-3.68,-0.51,-0.92,-0.46
28.194352,6.45,-4.96,2.84,-1.06,-0.54,-0.12,-37.31,38.19,-38.12,-1.13,-2.72,8.66,-0.89,0.58,-0.58,-5.72,-6.62,-0.53,0.33,0.52,-1.04,-4.04,-1.17,7.79,-0.52,0.77,-0.77,-7.20,-0.69,5.05,-0.07,0.58,-1.06,-3.61,7.79,-3.33,-0.53,-1.01,-0.38
28.194362,6.56,-4.81,2.62,-1.13,-0.46,-0.36,-37.38,37.69,-34.06,-0.98,-3.22,8.28,-0.91,0.50,-0.70,-5.45,-6.66,-0.25,0.46,0.50,-1.04,-3.96,-1.63,7.55,-0.53,0.68,-0.88,-7.01,-1.05,5.03,-0.03,0.48,-1.14,-3.47,7.77,-2.92,-0.54,-1.07,-0.27
28.194372,7.03,-4.81,1.93,-1.13,-0.46,-0.36,-38.25,37.19,-34.00,-0.75,-3.65,7.96,-0.89,0.41,-0.79,-5.15,-6.70,0.05,0.56,0.44,-1.01,-3.83,-2.10,7.29,-0.54,0.58,-0.94,-6.75,-1.47,4.96,-0.01,0.38,-1.19,-3.35,7.74,-2.49,-0.56,-1.07,-0.15
28.194382,7.10,-4.62,1.66,-1.07,-0.38,-0.57,-38.25,37.19,-34.00,-0.62,-3.98,7.63,-0.86,0.33,-0.84,-4.74,-6.81,0.17,0.65,0.37,-0.95,-3.82,-2.49,6.96,-0.52,0.48,-0.99,-6.59,-1.90,4.73,0.03,0.28,-1.21,-3.36,7.61,-2.07,-0.55,-1.06,-0.02
28.194393,7.18,-4.39,1.50,-1.00,-0.34,-0.65,-38.25,37.19,-34.00,-0.47,-4.23,7.36,-0.82,0.25,-0.92,-4.30,-6.96,0.25,0.75,0.35,-0.90,-3.74,-2.77,6.81,-0.49,0.37,-1.05,-6.39,-2.24,4.64,0.07,0.18,-1.24,-3.39,7.50,-1.64,-0.54,-1.09,0.08
28.194403,7.26,-3.82,1.01,-1.01,-0.19,-0.83,-37.94,35.50,-32.62,-0.13,-4.53,7.22,-0.79,0.18,-1.01,-3.94,-7.15,0.68,0.88,0.35,-0.86,-3.47,-3.19,6.73,-0.47,0.27,-1.13,-6.07,-2.67,4.71,0.13,0.08,-1.27,-3.18,7.60,-1.11,-0.52,-1.15,0.19
28.196625,7.68,-3.32,0.36,-1.01,-0.19,-0.83,-37.94,35.50,-32.62,0.19,-5.00,6.66,-0.75,0.10,-1.06,-3.70,-6.98,1.37,0.98,0.30,-0.81,-3.23,-3.71,6.38,-0.46,0.17,-1.18,-5.72,-3.13,4.69,0.17,-0.04,-1.29,-2.62,7.63,-0.62,-0.52,-1.14,0.31
28.19665,7.75,-3.05,0.12,-0.84,-0.11,-1.02,-37.94,35.50,-32.62,0.63,-5.54,5.74,-0.67,-0.05,-1.08,-3.31,-6.64,2.08,1.04,0.17,-0.69,-2.74,-4.38,5.79,-0.44,-0.02,-1.16,-5.12,-3.51,4.77,0.18,-0.21,-1.24,-1.98,7.46,-0.09,-0.51,-1.03,0.49
28.196664,7.95,-1.94,-0.34,-0.57,-0.03,-1.09,-38.25,32.38,-33.12,1.37,-5.97,5.32,-0.52,-0.25,-1.06,-2.63,-6.62,2.57,1.07,0.00,-0.51,-2.11,-5.04,5.53,-0.40,-0.23,-1.11,-4.27,-4.26,4.72,0.18,-0.41,-1.13,-1.63,7.33,0.71,-0.47,-0.86,0.66
28.196677,8.29,-1.36,-0.53,-0.42,0.07,-1.10,-38.25,32.38,-33.12,2.11,-6.15,5.50,-0.42,-0.32,-1.05,-1.95,-6.83,2.83,1.06,-0.02,-0.40,-1.47,-5.61,5.55,-0.34,-0.32,-1.07,-3.61,-4.83,4.88,0.20,-0.49,-1.07,-1.54,7.28,1.35,-0.40,-0.80,0.69
28.196694,8.56,-0.87,-0.53,-0.47,0.16,-1.01,-38.25,32.38,-33.12,2.77,-6.24,5.70,-0.35,-0.25,-1.07,-1.46,-6.91,3.08,1.03,0.08,-0.34,-0.92,-6.02,5.57,-0.25,-0.27,-1.08,-3.07,-5.33,5.01,0.29,-0.43,-1.03,-1.36,7.20,1.80,-0.30,-0.82,0.64
28.196706,8.68,-0.68,-0.53,-0.66,0.25,-0.88,-38.25,32.38,-33.12,3.19,-6.53,5.46,-0.28,-0.13,-1.09,-1.36,-6.77,3.45,0.98,0.23,-0.28,-0.54,-6.43,5.36,-0.12,-0.20,-1.07,-2.64,-5.62,5.06,0.40,-0.33,-0.98,-1.01,7.25,1.99,-0.16,-0.86,0.58
28.219293,8.87,-0.94,-0.68,-0.66,0.25,-0.88,-37.12,28.94,-33.25,3.26,-7.13,4.95,-0.13,-0.08,-1.05,-1.80,-6.87,4.52,0.93,0.28,-0.14,-0.74,-6.80,5.51,0.04,-0.23,-0.98,-3.00,-5.80,5.56,0.50,-0.35,-0.81,-0.34,8.01,2.25,-0.03,-0.76,0.61
28.234322,9.13,-0.98,-1.02,-0.66,0.25,-0.88,-37.12,28.94,-33.25,3.43,-7.59,4.58,-0.00,-0.22,-0.98,-2.02,-6.88,5.21,0.89,0.14,0.01,-0.67,-7.14,5.54,0.07,-0.39,-0.89,-2.97,-5.98,5.89,0.48,-0.49,-0.68,0.05,8.31,2.46,-0.00,-0.58,0.71
28.25626,9.36,-0.98,-1.18,-0.22,0.49,-0.81,-37.12,28.94,-33.25,3.98,-7.65,5.02,0.16,-0.40,-0.87,-1.68,-7.15,5.27,0.82,-0.02,0.18,-0.19,-7.56,5.69,0.12,-0.59,-0.74,-2.50,-6.46,6.09,0.46,-0.65,-0.50,-0.07,8.39,2.81,0.05,-0.37,0.79
28.280763,10.16,0.32,-0.45,0.02,0.65,-0.70,-36.56,25.69,-33.12,4.68,-7.59,5.82,0.27,-0.38,-0.83,-1.56,-7.47,5.43,0.75,0.03,0.33,0.28,-7.87,6.24,0.25,-0.61,-0.67,-2.20,-6.85,6.49,0.54,-0.65,-0.37,-0.03,8.71,3.04,0.18,-0.31,0.77
28.704073,10.55,0.36,-0.22,0.02,0.65,-0.70,-36.81,25.56,-36.62,5.16,-7.99,5.69,0.37,-0.35,-0.77,-2.26,-7.38,6.48,0.69,0.05,0.45,0.70,-8.15,6.54,0.34,-0.64,-0.58,-2.19,-6.70,7.41,0.59,-0.67,-0.22,0.85,9.53,2.93,0.26,-0.22,0.77
28.704102,10.75,0.05,-0.45,0.02,0.65,-0.70,-36.81,25.56,-36.62,5.76,-8.49,5.26,0.52,-0.53,-0.60,-2.80,-7.05,7.58,0.58,-0.14,0.60,1.17,-8.41,7.04,0.35,-0.81,-0.38,-1.96,-6.66,8.37,0.48,-0.80,-0.02,1.74,10.04,2.99,0.27,0.06,0.85
28.704115,11.25,0.40,-0.14,0.74,0.70,-0.53,-36.81,25.56,-36.62,6.69,-8.29,6.24,0.66,-0.66,-0.41,-2.64,-7.25,7.52,0.41,-0.28,0.75,2.04,-8.80,7.45,0.38,-0.93,-0.16,-1.31,-7.08,8.70,0.40,-0.86,0.19,1.62,10.16,3.13,0.32,0.32,0.85
28.704127,11.25,0.40,-0.14,0.74,0.75,-0.28,-35.62,23.94,-37.44,7.31,-7.78,7.58,0.74,-0.54,-0.28,-2.78,-7.56,7.26,0.23,-0.21,0.83,2.55,-8.62,8.28,0.48,-0.81,-0.02,-1.07,-7.05,9.11,0.42,-0.71,0.33,1.41,10.48,2.87,0.43,0.39,0.70
28.70414,11.25,0.40,-0.14,0.49,0.79,0.02,-35.00,24.38,-37.19,7.18,-7.39,7.96,0.75,-0.36,-0.15,-3.68,-7.69,7.53,0.07,-0.11,0.82,2.42,-7.95,8.91,0.54,-0.66,0.12,-1.65,-6.18,9.90,0.42,-0.55,0.45,1.62,11.14,2.28,0.48,0.42,0.51
28.70415,11.25,0.40,-0.14,0.50,0.61,0.11,-35.62,23.50,-37.38,6.77,-7.39,7.49,0.73,-0.36,0.03,-4.54,-7.39,8.09,-0.06,-0.19,0.80,2.04,-7.59,9.01,0.50,-0.66,0.29,-2.11,-5.70,10.14,0.32,-0.54,0.59,2.16,11.49,1.82,0.42,0.55,0.44
28.704185,11.25,0.21,1.62,0.90,0.44,0.05,-35.31,22.62,-37.62,6.90,-7.42,7.13,0.83,-0.55,0.27,-4.40,-6.82,7.87,-0.22,-0.42,0.88,2.32,-7.77,8.59,0.45,-0.79,0.53,-1.64,-5.84,9.85,0.16,-0.65,0.80,2.25,10.97,1.68,0.39,0.85,0.46
28.704212,11.09,0.67,2.16,1.25,0.50,0.14,-35.31,22.62,-37.62,6.99,-6.74,7.77,0.93,-0.55,0.42,-4.16,-6.80,7.15,-0.36,-0.46,0.97,2.44,-7.29,8.80,0.51,-0.79,0.70,-1.50,-5.62,9.63,0.14,-0.61,0.96,1.83,10.61,1.44,0.45,0.99,0.40
28.704224,10.44,0.51,2.35,1.15,0.58,0.36,-35.31,22.62,-37.62,6.56,-6.12,7.88,0.96,-0.46,0.53,-4.62,-6.60,6.87,-0.50,-0.43,1.01,2.25,-6.55,8.84,0.56,-0.71,0.83,-1.87,-4.85,9.55,0.13,-0.52,1.09,1.81,10.58,0.84,0.49,1.07,0.29
28.70424,10.44,0.51,2.35,1.11,0.51,0.47,-34.44,23.19,-38.06,6.03,-6.04,7.27,1.02,-0.50,0.67,-4.85,-6.14,6.77,-0.61,-0.53,1.07,1.87,-6.23,8.46,0.56,-0.75,0.98,-2.10,-4.51,9.23,0.08,-0.55,1.23,1.93,10.31,0.51,0.49,1.23,0.27
28.704253,9.67,-0.45,2.27,1.11,0.51,0.47,-34.12,22.12,-37.50,5.71,-5.62,7.25,1.13,-0.60,0.81,-4.64,-5.96,6.06,-0.73,-0.64,1.19,1.67,-5.88,8.20,0.59,-0.85,1.13,-2.08,-4.30,8.83,0.03,-0.62,1.39,1.52,9.79,0.26,0.52,1.43,0.31
28.704263,9.44,-0.21,2.69,1.61,0.56,0.51,-34.12,22.12,-37.50,5.49,-4.87,7.86,1.20,-0.57,0.87,-4.61,-6.03,5.32,-0.81,-0.62,1.26,1.62,-5.23,8.36,0.66,-0.84,1.21,-2.17,-3.85,8.58,0.05,-0.58,1.48,1.02,9.55,-0.12,0.59,1.48,0.27
28.704274,9.02,-0.33,2.84,1.49,0.62,0.62,-34.12,22.12,-37.50,5.01,-4.42,7.91,1.22,-0.49,0.90,-4.90,-5.90,4.94,-0.85,-0.56,1.26,1.37,-4.60,8.37,0.71,-0.77,1.25,-2.54,-3.27,8.42,0.08,-0.51,1.53,0.88,9.43,-0.57,0.63,1.47,0.21
28.704286,8.45,-1.40,2.84,1.37,0.60,0.68,-34.44,21.94,-38.56,4.18,-4.24,7.53,1.25,-0.51,0.96,-5.36,-5.61,4.69,-0.88,-0.59,1.31,0.72,-4.15,8.12,0.74,-0.80,1.31,-3.12,-2.80,8.06,0.10,-0.53,1.60,0.80,9.33,-1.16,0.64,1.54,0.24
28.706699,8.41,-1.82,2.92,1.37,0.60,0.68,-34.44,21.94,-38.56,3.50,-4.00,7.35,1.32,-0.63,0.99,-5.67,-5.54,4.39,-0.87,-0.70,1.40,0.07,-3.68,8.09,0.76,-0.93,1.36,-3.73,-2.42,7.85,0.10,-0.66,1.68,0.60,9.26,-1.53,0.64,1.65,0.34
28.706729,8.17,-1.90,3.00,1.76,0.67,0.55,-34.44,21.94,-38.56,3.28,-3.68,7.38,1.42,-0.81,0.99,-5.78,-5.46,3.95,-0.81,-0.85,1.53,-0.02,-3.37,8.04,0.76,-1.12,1.38,-3.85,-2.15,7.75,0.08,-0.84,1.73,0.35,9.07,-1.83,0.66,1.76,0.51
28.706742,7.91,-1.40,3.54,1.96,0.84,0.34,-34.44,21.94,-38.56,3.59,-2.96,8.11,1.52,-0.89,0.93,-5.47,-5.42,3.17,-0.75,-0.86,1.61,0.40,-2.97,8.23,0.80,-1.22,1.33,-3.44,-1.93,7.61,0.10,-0.92,1.71,-0.08,8.64,-2.04,0.72,1.76,0.60
28.706755,7.98,-1.02,4.26,1.96,0.84,0.34,-33.81,21.00,-38.38,3.72,-2.10,9.19,1.52,-0.73,0.80,-5.34,-5.45,2.42,-0.70,-0.63,1.57,0.62,-2.43,8.65,0.90,-1.09,1.19,-3.21,-1.65,7.54,0.25,-0.79,1.61,-0.45,8.40,-2.36,0.82,1.55,0.52
28.706766,7.79,-1.02,4.80,1.96,0.84,0.34,-33.81,21.00,-38.38,3.48,-1.58,9.70,1.45,-0.39,0.60,-5.95,-5.27,2.18,-0.64,-0.25,1.45,0.57,-1.76,9.10,1.02,-0.80,0.99,-3.46,-0.90,7.87,0.46,-0.52,1.44,-0.43,8.58,-3.08,0.95,1.22,0.33
28.708175,7.52,-2.29,5.57,0.76,1.05,0.65,-34.06,21.62,-41.00,2.94,-1.36,9.70,1.40,-0.17,0.45,-7.15,-4.92,2.57,-0.58,-0.00,1.36,0.16,-1.11,9.45,1.09,-0.62,0.83,-4.21,-0.07,8.25,0.59,-0.36,1.32,-0.00,9.15,-3.97,1.03,0.99,0.22
28.725734,7.37,-2.74,5.72,0.76,1.05,0.65,-32.62,21.19,-39.19,2.28,-1.11,9.39,1.40,-0.19,0.39,-7.91,-4.69,2.95,-0.48,-0.03,1.35,-0.20,-0.62,9.67,1.07,-0.66,0.74,-4.79,0.51,8.52,0.62,-0.43,1.25,0.39,9.45,-4.44,1.00,0.95,0.31
28.748276,7.18,-2.59,5.87,0.76,1.05,0.65,-32.62,20.31,-39.38,2.67,-0.85,9.44,1.40,-0.36,0.28,-7.95,-4.18,2.89,-0.36,-0.15,1.40,0.19,-0.46,9.62,1.02,-0.82,0.63,-4.30,0.65,8.61,0.61,-0.61,1.17,0.60,9.11,-4.65,0.97,0.98,0.48
28.770318,7.33,-1.90,6.71,0.76,1.05,0.65,-32.62,20.31,-39.38,3.44,-0.24,10.28,1.41,-0.37,0.17,-7.75,-3.89,2.45,-0.29,-0.08,1.43,1.07,-0.26,9.90,1.06,-0.82,0.52,-3.70,0.95,8.94,0.66,-0.60,1.08,0.62,8.83,-4.91,1.03,0.89,0.51
28.797265,7.33,-1.90,6.71,0.84,1.22,0.25,-31.38,20.44,-43.38,3.80,0.67,11.27,1.31,-0.14,0.06,-8.54,-3.83,2.43,-0.28,0.20,1.29,1.61,0.65,10.74,1.07,-0.59,0.42,-3.40,1.81,9.45,0.72,-0.39,0.94,0.81,9.33,-5.68,1.06,0.64,0.32
29.214095,6.34,-1.90,7.60,0.84,1.22,0.25,-31.38,20.44,-43.38,3.45,0.89,11.31,1.17,-0.03,0.02,-9.20,-3.84,2.70,-0.25,0.27,1.12,1.24,1.17,11.15,1.00,-0.47,0.36,-4.04,2.32,9.78,0.72,-0.29,0.84,0.95,9.73,-6.04,0.97,0.51,0.24
29.214121,6.49,-2.25,7.55,0.31,0.96,0.37,-31.38,20.44,-43.38,2.89,0.57,10.73,1.04,-0.07,-0.01,-9.64,-3.68,3.05,-0.16,0.20,0.99,0.65,1.04,10.89,0.88,-0.48,0.30,-4.65,2.35,9.80,0.66,-0.34,0.73,1.16,9.89,-6.17,0.83,0.45,0.30
29.214133,6.95,-2.74,7.48,0.38,0.79,0.15,-31.38,20.44,-43.38,2.74,0.37,10.43,1.00,-0.26,-0.06,-9.55,-3.54,3.06,-0.04,0.04,0.99,0.45,0.86,10.74,0.77,-0.63,0.23,-4.68,2.13,9.63,0.59,-0.50,0.66,1.21,9.73,-6.12,0.73,0.48,0.47
29.214144,7.10,-2.63,7.52,0.62,0.81,-0.08,-31.38,20.44,-43.38,3.10,0.61,10.60,0.98,-0.43,-0.11,-9.45,-3.34,3.04,0.06,-0.09,1.01,0.93,0.97,10.80,0.67,-0.76,0.17,-4.21,2.25,9.72,0.54,-0.64,0.60,1.36,9.59,-6.17,0.65,0.51,0.62
29.214156,6.22,-1.67,7.75,0.68,0.77,-0.26,-30.50,18.88,-42.75,3.62,1.03,11.05,0.88,-0.50,-0.14,-9.35,-3.31,2.88,0.12,-0.18,0.92,1.58,1.13,10.89,0.57,-0.80,0.12,-3.72,2.54,9.96,0.47,-0.67,0.49,1.35,9.53,-6.26,0.53,0.48,0.66
29.214176,6.41,-1.55,7.79,0.49,0.61,-0.27,-30.50,18.88,-42.75,3.65,1.22,11.34,0.74,-0.45,-0.17,-9.15,-3.42,2.69,0.17,-0.16,0.76,1.50,1.20,11.01,0.50,-0.73,0.07,-3.80,2.41,9.84,0.44,-0.62,0.36,1.14,9.42,-6.16,0.42,0.35,0.61
29.214187,6.76,-1.67,7.82,0.25,0.54,-0.32,-30.50,18.88,-42.75,3.41,1.04,11.15,0.62,-0.37,-0.27,-9.06,-3.55,2.56,0.25,-0.09,0.62,1.21,1.02,10.83,0.44,-0.65,-0.06,-4.01,2.16,9.62,0.46,-0.56,0.21,0.98,9.38,-6.08,0.36,0.19,0.57
29.214198,6.91,-1.98,7.75,0.10,0.57,-0.39,-30.50,18.88,-42.75,3.29,0.93,10.99,0.52,-0.35,-0.42,-9.19,-3.42,2.77,0.39,-0.02,0.52,1.08,1.03,10.89,0.38,-0.60,-0.24,-4.08,2.17,9.72,0.48,-0.54,0.03,1.19,9.48,-6.11,0.32,0.02,0.60
29.21421,6.88,-1.98,7.86,0.05,0.60,-0.48,-30.50,18.88,-42.75,3.54,0.90,11.07,0.45,-0.35,-0.51,-9.32,-3.29,2.87,0.47,-0.01,0.46,1.37,1.02,10.94,0.32,-0.59,-0.35,-3.91,2.26,9.87,0.48,-0.55,-0.08,1.34,9.51,-6.20,0.28,-0.06,0.64
29.214222,6.88,-1.90,8.06,0.03,0.57,-0.55,-30.50,18.88,-42.75,3.74,1.02,11.30,0.38,-0.30,-0.59,-9.17,-3.25,2.66,0.53,0.03,0.39,1.58,0.98,10.94,0.30,-0.52,-0.44,-3.69,2.24,9.83,0.50,-0.50,-0.18,1.23,9.35,-6.21,0.25,-0.17,0.63
29.214233,6.91,-1.75,8.18,0.03,0.57,-0.55,-27.81,17.00,-48.19,3.83,1.11,11.51,0.30,-0.15,-0.70,-9.00,-3.29,2.41,0.57,0.19,0.29,1.66,0.98,10.97,0.32,-0.36,-0.57,-3.62,2.14,9.70,0.58,-0.35,-0.33,1.06,9.26,-6.20,0.26,-0.35,0.56
29.214243,6.99,-1.71,8.13,0.03,0.57,-0.55,-27.81,17.00,-48.19,3.72,1.13,11.57,0.23,-0.02,-0.82,-9.03,-3.51,2.40,0.64,0.36,0.19,1.49,1.01,11.13,0.33,-0.22,-0.72,-3.85,2.12,9.78,0.65,-0.24,-0.46,0.96,9.39,-6.16,0.28,-0.56,0.49
29.214254,7.14,-1.59,8.02,-0.62,0.58,-0.49,-27.81,17.00,-48.19,3.68,1.02,11.44,0.14,0.08,-0.95,-9.28,-3.51,2.75,0.75,0.51,0.09,1.41,0.97,11.19,0.31,-0.12,-0.87,-3.96,2.16,10.00,0.71,-0.18,-0.60,1.23,9.67,-6.17,0.28,-0.75,0.45
29.214264,7.22,-1.67,8.02,-0.80,0.58,-0.56,-26.62,16.31,-49.12,3.88,0.89,11.19,0.06,0.08,-1.07,-9.70,-3.40,3.32,0.86,0.55,0.00,1.66,0.94,11.34,0.25,-0.10,-1.00,-3.95,2.43,10.50,0.70,-0.18,-0.75,1.68,10.04,-6.29,0.23,-0.87,0.48
29.218819,7.10,-1.52,8.14,-0.80,0.58,-0.56,-26.00,18.50,-50.56,4.16,1.02,11.22,-0.03,0.02,-1.12,-9.90,-3.14,3.75,0.95,0.49,-0.07,1.97,1.06,11.49,0.14,-0.14,-1.07,-3.71,2.55,10.69,0.64,-0.23,-0.84,2.12,10.12,-6.34,0.13,-0.91,0.54
29.218841,6.99,-1.25,8.18,-0.80,0.58,-0.56,-26.00,18.50,-50.56,4.63,1.07,11.18,-0.12,-0.05,-1.15,-9.84,-2.87,3.94,0.99,0.41,-0.13,2.50,0.96,11.41,0.04,-0.16,-1.11,-3.22,2.57,10.89,0.57,-0.27,-0.92,2.42,10.03,-6.30,0.04,-0.91,0.58
29.218864,7.03,-1.06,8.29,-0.70,0.36,-0.88,-26.00,18.50,-50.56,5.05,1.16,11.32,-0.22,-0.07,-1.15,-9.75,-2.81,4.08,1.00,0.36,-0.22,2.90,0.91,11.54,-0.06,-0.14,-1.13,-2.89,2.50,11.05,0.50,-0.27,-0.99,2.60,10.05,-6.21,-0.06,-0.93,0.58
29.218876,7.26,-0.48,8.36,-0.72,0.27,-0.90,-24.81,17.00,-50.00,5.45,1.23,11.47,-0.37,-0.05,-1.15,-9.81,-2.86,4.28,1.01,0.35,-0.35,3.28,0.85,11.76,-0.19,-0.07,-1.17,-2.65,2.52,11.37,0.40,-0.21,-1.10,2.77,10.24,-6.18,-0.19,-1.00,0.53
29.218893,7.26,-0.48,8.36,-0.72,0.27,-0.90,-23.56,18.50,-52.44,5.63,1.12,11.38,-0.50,-0.03,-1.14,-9.86,-2.83,4.48,1.02,0.35,-0.50,3.43,0.72,11.73,-0.30,0.01,-1.18,-2.55,2.45,11.50,0.31,-0.16,-1.18,2.94,10.33,-6.13,-0.30,-1.07,0.47
29.225328,7.45,-0.60,8.25,-0.72,0.27,-0.90,-23.56,18.75,-53.50,5.74,0.87,11.10,-0.62,-0.03,-1.11,-9.93,-2.65,4.82,1.01,0.31,-0.62,3.53,0.51,11.62,-0.42,0.04,-1.17,-2.41,2.36,11.63,0.19,-0.13,-1.23,3.30,10.40,-6.05,-0.43,-1.08,0.44
29.249032,7.52,-0.60,7.98,-0.86,-0.20,-0.95,-23.88,18.12,-52.69,5.93,0.51,10.67,-0.72,-0.11,-1.01,-9.91,-2.45,5.21,0.98,0.15,-0.69,3.68,0.21,11.41,-0.57,0.02,-1.09,-2.12,2.15,11.65,0.03,-0.17,-1.23,3.62,10.40,-5.86,-0.56,-0.98,0.45
29.266436,7.60,-0.29,7.79,-0.86,-0.20,-0.95,-23.31,18.00,-52.31,6.20,0.33,10.55,-0.76,-0.18,-0.93,-9.56,-2.43,5.26,0.92,0.04,-0.72,3.93,-0.11,11.19,-0.66,-0.00,-1.02,-1.76,1.84,11.53,-0.07,-0.19,-1.20,3.64,10.22,-5.57,-0.64,-0.89,0.44
29.288109,7.75,0.09,7.71,-0.59,-0.40,-0.93,-23.31,18.00,-52.31,6.50,0.28,10.74,-0.82,-0.15,-0.84,-8.96,-2.67,4.97,0.84,0.02,-0.78,4.14,-0.44,11.10,-0.70,0.07,-0.95,-1.43,1.36,11.31,-0.15,-0.11,-1.18,3.31,9.98,-5.19,-0.68,-0.87,0.33
29.309841,7.87,0.36,7.67,-0.74,-0.44,-0.80,-23.31,18.00,-52.31,6.51,0.18,10.86,-0.89,0.01,-0.81,-8.67,-2.95,4.84,0.76,0.13,-0.90,4.03,-0.62,11.09,-0.71,0.24,-0.94,-1.46,1.09,11.20,-0.16,0.06,-1.21,3.08,9.95,-4.94,-0.69,-0.96,0.17
29.723749,7.95,-0.18,7.14,-0.97,-0.48,-0.66,-23.31,18.00,-52.31,6.35,-0.20,10.56,-0.97,0.18,-0.78,-8.58,-3.05,4.90,0.69,0.26,-1.01,3.79,-0.94,10.88,-0.72,0.42,-0.93,-1.61,0.83,11.05,-0.17,0.23,-1.23,3.04,9.95,-4.74,-0.69,-1.04,0.00
29.723777,8.10,-0.41,6.98,-1.08,-0.54,-0.57,-23.31,18.00,-52.31,6.11,-0.61,10.20,-0.99,0.26,-0.74,-8.58,-3.07,5.09,0.63,0.30,-1.04,3.51,-1.22,10.66,-0.72,0.51,-0.89,-1.80,0.57,10.91,-0.19,0.32,-1.20,3.09,10.02,-4.59,-0.68,-1.03,-0.08
29.723792,8.33,-0.52,6.75,-0.93,-0.52,-0.50,-23.31,18.00,-52.31,5.94,-0.97,9.89,-0.98,0.26,-0.68,-8.60,-3.17,5.38,0.57,0.27,-1.01,3.25,-1.47,10.54,-0.72,0.52,-0.84,-2.01,0.33,10.86,-0.21,0.32,-1.14,3.19,10.19,-4.41,-0.67,-0.95,-0.09
29.723804,8.33,-0.33,6.60,-0.93,-0.52,-0.50,-23.81,22.94,-55.69,6.08,-1.20,9.73,-0.94,0.21,-0.61,-8.43,-3.27,5.52,0.51,0.20,-0.97,3.34,-1.66,10.47,-0.73,0.48,-0.77,-1.85,0.15,10.88,-0.26,0.29,-1.08,3.20,10.21,-4.17,-0.68,-0.86,-0.08
29.723818,8.33,0.09,6.56,-0.93,-0.52,-0.50,-23.81,22.94,-55.69,6.44,-1.21,9.91,-0.91,0.22,-0.54,-7.98,-3.40,5.44,0.43,0.20,-0.96,3.68,-1.91,10.42,-0.71,0.49,-0.70,-1.48,-0.16,10.83,-0.28,0.32,-1.02,3.08,10.03,-3.83,-0.67,-0.81,-0.13
29.72383,8.45,0.48,6.33,-0.85,-0.57,-0.32,-23.81,22.94,-55.69,6.41,-1.32,9.92,-0.93,0.34,-0.50,-7.69,-3.58,5.39,0.35,0.29,-1.00,3.56,-2.08,10.32,-0.67,0.61,-0.66,-1.47,-0.43,10.65,-0.27,0.45,-0.99,2.97,9.97,-3.57,-0.64,-0.84,-0.26
29.723842,8.41,0.05,5.99,-0.97,-0.59,-0.21,-23.81,22.94,-55.69,6.19,-1.73,9.39,-0.93,0.40,-0.46,-7.69,-3.54,5.65,0.28,0.32,-1.00,3.28,-2.31,10.07,-0.66,0.67,-0.61,-1.64,-0.53,10.58,-0.28,0.51,-0.94,3.11,10.00,-3.44,-0.63,-0.81,-0.33
29.723856,8.41,-0.37,5.72,-0.97,-0.59,-0.21,-24.75,21.25,-54.25,6.12,-2.07,8.98,-0.88,0.36,-0.37,-7.59,-3.47,5.80,0.20,0.27,-0.95,3.21,-2.60,9.76,-0.65,0.64,-0.52,-1.58,-0.74,10.44,-0.33,0.49,-0.85,3.20,9.92,-3.25,-0.61,-0.70,-0.33
29.72387,8.56,0.05,5.64,-0.97,-0.59,-0.21,-24.12,22.81,-53.19,6.21,-2.17,9.08,-0.81,0.33,-0.28,-7.28,-3.65,5.68,0.12,0.23,-0.89,3.24,-2.79,9.73,-0.62,0.61,-0.42,-1.48,-1.09,10.23,-0.35,0.49,-0.73,2.98,9.85,-3.01,-0.58,-0.59,-0.35
29.723881,8.71,0.17,5.61,-0.59,-0.56,-0.08,-24.12,22.81,-53.19,6.08,-2.26,9.15,-0.77,0.37,-0.25,-7.17,-3.86,5.66,0.04,0.24,-0.85,3.10,-2.89,9.72,-0.57,0.63,-0.36,-1.62,-1.21,10.19,-0.32,0.51,-0.65,2.86,9.92,-2.89,-0.54,-0.54,-0.40
29.723892,8.71,0.05,5.49,-0.62,-0.54,0.02,-24.12,22.81,-53.19,6.03,-2.47,9.01,-0.72,0.39,-0.23,-7.23,-3.91,5.74,-0.05,0.22,-0.82,3.04,-2.93,9.72,-0.53,0.64,-0.29,-1.69,-1.19,10.25,-0.32,0.53,-0.56,2.85,10.01,-2.88,-0.52,-0.46,-0.44
29.723904,8.59,-0.33,5.34,-0.62,-0.54,0.02,-25.62,25.50,-53.25,5.97,-2.50,9.13,-0.66,0.39,-0.14,-7.18,-4.12,5.65,-0.14,0.19,-0.80,2.83,-2.94,9.79,-0.50,0.63,-0.17,-1.92,-1.24,10.19,-0.36,0.55,-0.46,2.66,10.05,-2.79,-0.52,-0.38,-0.49
29.723916,8.68,-0.29,5.30,-0.62,-0.54,0.02,-25.62,25.50,-53.25,5.79,-2.54,9.13,-0.64,0.37,-0.06,-7.13,-4.23,5.64,-0.20,0.16,-0.77,2.66,-2.92,9.88,-0.51,0.62,-0.10,-2.03,-1.28,10.22,-0.39,0.56,-0.38,2.57,10.07,-2.70,-0.52,-0.31,-0.51
29.726536,8.75,-0.37,5.11,-0.39,-0.62,0.16,-25.62,25.50,-53.25,5.78,-2.65,9.13,-0.62,0.32,-0.00,-7.06,-4.29,5.66,-0.26,0.11,-0.74,2.53,-3.06,9.77,-0.51,0.60,-0.02,-2.02,-1.46,10.02,-0.43,0.56,-0.30,2.53,10.08,-2.61,-0.52,-0.22,-0.53
29.726565,8.87,-0.41,4.99,-0.31,-0.64,0.20,-27.12,26.94,-51.69,5.69,-2.85,8.91,-0.58,0.31,0.10,-6.89,-4.29,5.61,-0.35,0.05,-0.67,2.51,-3.29,9.51,-0.50,0.57,0.08,-2.09,-1.61,9.86,-0.44,0.54,-0.18,2.46,9.97,-2.48,-0.50,-0.10,-0.54
29.726578,8.87,-0.48,4.84,-0.31,-0.64,0.20,-28.06,25.56,-51.75,5.76,-2.92,8.86,-0.53,0.28,0.22,-6.79,-4.33,5.61,-0.44,-0.00,-0.61,2.51,-3.29,9.49,-0.47,0.54,0.19,-2.14,-1.57,9.84,-0.46,0.52,-0.07,2.43,9.92,-2.37,-0.48,0.01,-0.56
29.72659,8.63,-0.48,4.64,-0.31,-0.64,0.20,-28.06,25.56,-51.75,5.59,-2.93,8.76,-0.49,0.25,0.34,-6.59,-4.48,5.40,-0.52,-0.07,-0.58,2.33,-3.26,9.33,-0.46,0.50,0.31,-2.29,-1.59,9.67,-0.52,0.49,0.01,2.19,9.78,-2.28,-0.48,0.12,-0.58
29.726602,8.56,-0.37,4.53,0.01,-0.64,0.41,-28.31,27.25,-51.00,5.45,-2.88,8.83,-0.43,0.25,0.40,-6.32,-4.60,5.09,-0.59,-0.06,-0.55,2.18,-3.25,9.31,-0.41,0.51,0.38,-2.30,-1.73,9.44,-0.53,0.51,0.06,1.89,9.60,-2.18,-0.45,0.16,-0.63
29.726615,8.71,-0.41,4.68,0.01,-0.64,0.41,-28.62,27.62,-50.75,5.30,-2.80,9.03,-0.41,0.32,0.44,-6.37,-4.73,4.94,-0.64,-0.03,-0.53,2.09,-3.17,9.47,-0.37,0.53,0.40,-2.46,-1.72,9.31,-0.51,0.56,0.10,1.67,9.60,-2.24,-0.41,0.18,-0.67
29.745374,8.52,-0.98,4.53,0.01,-0.64,0.41,-28.62,27.62,-50.75,4.92,-2.81,9.07,-0.39,0.33,0.47,-6.49,-4.88,4.76,-0.69,-0.02,-0.51,1.63,-3.05,9.44,-0.36,0.58,0.43,-2.72,-1.54,9.34,-0.51,0.59,0.12,1.45,9.71,-2.35,-0.38,0.21,-0.70
29.767149,8.48,-1.17,4.45,-0.06,-0.60,0.58,-28.62,27.62,-50.75,4.73,-2.86,9.18,-0.40,0.35,0.53,-6.63,-5.05,4.61,-0.73,-0.04,-0.50,1.33,-2.87,9.54,-0.37,0.60,0.49,-3.07,-1.40,9.25,-0.54,0.62,0.16,1.23,9.80,-2.46,-0.39,0.25,-0.72
29.789511,8.33,-1.59,4.26,-0.06,-0.60,0.58,-28.31,29.94,-50.75,4.29,-2.94,9.00,-0.41,0.32,0.62,-6.63,-5.19,4.41,-0.77,-0.10,-0.51,0.93,-2.80,9.40,-0.40,0.57,0.56,-3.46,-1.39,8.96,-0.58,0.59,0.21,0.99,9.73,-2.48,-0.44,0.30,-0.72
29.811075,8.37,-1.71,4.15,0.08,-0.71,0.54,-28.31,29.94,-50.75,3.90,-3.18,8.57,-0.39,0.23,0.67,-6.45,-5.12,4.27,-0.78,-0.17,-0.46,0.56,-2.94,9.05,-0.42,0.49,0.61,-3.65,-1.58,8.58,-0.61,0.50,0.26,0.85,9.50,-2.38,-0.45,0.38,-0.67
30.233971,8.55,-1.75,4.07,0.21,-0.67,0.49,-28.31,29.94,-50.75,3.68,-3.27,8.33,-0.31,0.14,0.68,-6.21,-5.15,4.10,-0.76,-0.25,-0.37,0.36,-3.04,8.81,-0.40,0.37,0.64,-3.67,-1.73,8.34,-0.62,0.40,0.32,0.71,9.31,-2.25,-0.42,0.47,-0.59
30.234018,8.29,-1.44,3.96,0.35,-0.58,0.45,-31.00,29.69,-47.75,3.85,-3.13,8.50,-0.24,0.06,0.67,-6.09,-5.07,4.08,-0.74,-0.30,-0.27,0.55,-3.00,8.82,-0.38,0.27,0.65,-3.47,-1.62,8.42,-0.62,0.32,0.37,0.77,9.22,-2.22,-0.38,0.54,-0.51
30.234032,8.10,-1.36,3.88,0.35,-0.58,0.45,-31.31,29.88,-46.75,4.11,-3.12,8.53,-0.21,0.02,0.71,-6.09,-5.02,4.14,-0.76,-0.35,-0.23,0.84,-3.00,8.83,-0.38,0.22,0.71,-3.22,-1.57,8.45,-0.64,0.28,0.42,0.86,9.22,-2.22,-0.38,0.59,-0.49
30.234045,8.10,-1.40,3.84,0.35,-0.58,0.45,-31.31,29.88,-46.75,4.00,-3.15,8.45,-0.18,-0.00,0.76,-5.94,-5.08,4.05,-0.78,-0.38,-0.21,0.75,-3.05,8.71,-0.37,0.20,0.77,-3.27,-1.71,8.25,-0.64,0.27,0.49,0.73,9.13,-2.13,-0.38,0.64,-0.49
30.234057,8.37,-1.29,3.69,0.51,-0.52,0.49,-31.31,29.88,-46.75,3.84,-3.36,8.14,-0.12,-0.02,0.75,-5.73,-5.11,4.04,-0.79,-0.40,-0.15,0.47,-3.23,8.48,-0.33,0.16,0.78,-3.42,-1.96,7.99,-0.61,0.23,0.54,0.69,9.00,-1.91,-0.35,0.68,-0.44
30.234067,8.37,-1.52,3.38,0.51,-0.52,0.49,-32.19,29.50,-47.06,3.90,-3.56,8.01,-0.04,-0.06,0.77,-5.53,-5.03,3.98,-0.80,-0.43,-0.05,0.52,-3.43,8.32,-0.29,0.09,0.81,-3.22,-2.12,7.93,-0.59,0.17,0.60,0.65,8.84,-1.79,-0.29,0.77,-0.39
30.234081,8.41,-1.55,3.38,0.51,-0.52,0.49,-32.50,29.31,-46.31,4.00,-3.38,8.50,0.03,-0.04,0.77,-5.39,-5.23,3.61,-0.84,-0.40,0.02,0.53,-3.38,8.52,-0.21,0.09,0.83,-3.17,-2.11,7.97,-0.54,0.20,0.66,0.31,8.81,-1.86,-0.20,0.78,-0.41
30.234093,8.52,-1.40,3.73,0.51,-0.52,0.49,-32.50,29.31,-46.31,4.08,-3.27,8.86,0.07,0.06,0.75,-5.63,-5.44,3.42,-0.87,-0.27,0.04,0.73,-3.20,8.87,-0.14,0.16,0.82,-3.45,-1.88,8.07,-0.47,0.29,0.68,0.13,9.01,-2.07,-0.12,0.73,-0.49
30.234106,8.29,-2.32,4.11,0.42,-0.26,0.73,-32.50,29.31,-46.31,3.66,-3.20,8.96,0.10,0.13,0.77,-6.30,-5.49,3.59,-0.90,-0.21,0.04,0.28,-2.85,9.17,-0.10,0.20,0.85,-4.07,-1.44,8.35,-0.44,0.34,0.71,0.19,9.43,-2.46,-0.09,0.72,-0.54
30.234126,8.45,-2.59,4.19,0.51,-0.30,0.70,-32.50,29.31,-46.31,3.37,-3.23,9.04,0.13,0.08,0.82,-6.61,-5.48,3.57,-0.92,-0.27,0.07,-0.02,-2.77,9.28,-0.09,0.16,0.90,-4.33,-1.31,8.44,-0.46,0.29,0.75,0.13,9.55,-2.68,-0.09,0.79,-0.50
30.234137,8.60,-2.67,4.42,0.66,-0.29,0.65,-32.50,29.31,-46.31,3.29,-3.11,9.45,0.17,0.04,0.86,-6.68,-5.67,3.20,-0.93,-0.31,0.12,-0.13,-2.62,9.62,-0.09,0.13,0.93,-4.59,-1.19,8.53,-0.48,0.26,0.77,-0.24,9.62,-2.87,-0.07,0.84,-0.47
30.234149,8.63,-2.67,4.64,0.68,-0.25,0.67,-32.50,29.31,-46.31,3.17,-2.72,10.15,0.16,0.05,0.86,-6.97,-5.93,2.89,-0.94,-0.28,0.12,-0.28,-2.18,10.10,-0.10,0.15,0.93,-4.95,-0.78,8.75,-0.50,0.28,0.75,-0.53,9.84,-3.20,-0.07,0.82,-0.50
30.234187,8.33,-3.09,4.99,0.68,-0.25,0.67,-32.50,29.31,-46.31,2.95,-2.46,10.62,0.08,0.11,0.85,-7.36,-6.04,2.60,-0.95,-0.24,0.04,-0.44,-1.84,10.39,-0.14,0.22,0.91,-5.23,-0.48,8.80,-0.51,0.33,0.69,-0.79,10.00,-3.61,-0.11,0.76,-0.56
30.234267,8.45,-3.36,5.18,0.68,-0.25,0.67,-34.00,32.69,-43.25,2.56,-2.31,10.90,0.02,0.16,0.83,-7.63,-6.19,2.33,-0.94,-0.20,-0.04,-0.82,-1.59,10.60,-0.17,0.28,0.88,-5.63,-0.29,8.78,-0.52,0.37,0.63,-1.06,10.11,-3.84,-0.14,0.69,-0.60
30.236359,8.41,-3.55,5.26,0.38,-0.41,0.69,-34.00,32.69,-43.25,2.26,-2.26,10.99,-0.04,0.18,0.79,-7.94,-6.21,2.18,-0.91,-0.18,-0.11,-1.13,-1.39,10.71,-0.21,0.32,0.83,-6.01,-0.01,8.84,-0.53,0.40,0.56,-1.18,10.22,-4.15,-0.18,0.63,-0.61
30.23638,8.33,-3.93,5.34,0.32,-0.46,0.65,-34.00,32.69,-43.25,2.01,-2.08,11.34,-0.10,0.18,0.77,-8.16,-6.33,1.89,-0.88,-0.18,-0.18,-1.31,-1.12,10.96,-0.27,0.35,0.78,-6.27,0.20,8.87,-0.56,0.42,0.49,-1.48,10.29,-4.41,-0.24,0.58,-0.61
30.236393,8.29,-4.16,5.49,0.32,-0.46,0.65,-34.31,31.50,-42.00,1.88,-1.84,11.84,-0.19,0.21,0.74,-8.24,-6.48,1.50,-0.85,-0.16,-0.27,-1.49,-0.86,11.21,-0.33,0.42,0.71,-6.45,0.32,8.79,-0.58,0.48,0.39,-1.82,10.26,-4.59,-0.29,0.50,-0.65
30.236404,8.37,-4.58,5.76,-0.03,-0.62,0.60,-34.31,31.50,-42.00,1.67,-1.87,12.04,-0.33,0.32,0.67,-8.35,-6.68,1.14,-0.81,-0.07,-0.41,-1.73,-0.88,11.26,-0.38,0.54,0.62,-6.73,0.38,8.74,-0.57,0.58,0.27,-2.13,10.34,-4.76,-0.34,0.35,-0.73
30.236417,8.37,-4.58,5.76,-0.17,-0.66,0.59,-34.31,31.50,-42.00,1.50,-2.09,11.96,-0.40,0.39,0.63,-8.49,-6.72,1.09,-0.78,0.02,-0.52,-1.96,-0.94,11.22,-0.40,0.63,0.55,-6.96,0.37,8.72,-0.56,0.64,0.18,-2.21,10.41,-4.85,-0.37,0.24,-0.80
30.236432,8.60,-5.12,5.64,-0.17,-0.66,0.59,-34.94,33.50,-41.25,1.29,-2.23,11.75,-0.43,0.44,0.59,-8.49,-6.62,0.96,-0.75,0.08,-0.59,-2.18,-0.97,11.03,-0.40,0.68,0.50,-7.13,0.37,8.54,-0.55,0.67,0.11,-2.30,10.24,-4.90,-0.38,0.15,-0.84
30.254661,8.29,-5.08,5.64,-0.20,-0.66,0.58,-34.94,33.50,-41.25,0.98,-1.93,11.80,-0.45,0.50,0.54,-8.23,-6.62,0.52,-0.71,0.15,-0.64,-2.39,-0.72,10.87,-0.38,0.74,0.43,-7.07,0.43,8.14,-0.52,0.73,0.02,-2.65,9.88,-4.93,-0.37,0.06,-0.85
30.279287,7.45,-4.93,5.49,-0.48,-0.62,0.58,-34.94,33.50,-41.25,0.61,-1.59,11.71,-0.52,0.65,0.41,-7.88,-6.53,0.00,-0.65,0.30,-0.72,-2.56,-0.41,10.61,-0.36,0.88,0.29,-7.06,0.54,7.59,-0.44,0.86,-0.13,-2.94,9.40,-4.94,-0.35,-0.12,-0.90
30.296744,7.45,-4.93,5.49,-0.72,-0.61,0.58,-35.81,36.31,-40.00,0.33,-1.52,11.40,-0.58,0.75,0.31,-7.67,-6.45,-0.22,-0.60,0.41,-0.79,-2.77,-0.28,10.25,-0.35,0.99,0.17,-7.12,0.56,7.17,-0.37,0.94,-0.24,-3.07,9.09,-4.92,-0.34,-0.26,-0.94
30.318334,6.91,-5.12,4.84,-0.89,-0.61,0.55,-35.81,36.31,-40.00,-0.07,-1.59,10.84,-0.65,0.86,0.18,-7.33,-6.44,-0.48,-0.51,0.54,-0.88,-3.05,-0.27,9.71,-0.34,1.10,0.02,-7.12,0.47,6.67,-0.29,1.02,-0.37,-3.28,8.73,-4.77,-0.33,-0.44,-0.97
30.743523,6.72,-5.31,4.11,-1.02,-0.58,0.48,-35.88,38.56,-37.81,-0.54,-1.93,10.15,-0.71,0.94,0.02,-6.98,-6.36,-0.59,-0.40,0.67,-0.95,-3.49,-0.42,9.13,-0.34,1.15,-0.14,-7.28,0.29,6.17,-0.21,1.05,-0.50,-3.39,8.40,-4.52,-0.31,-0.61,-0.96
30.74358,6.72,-5.66,3.73,-1.06,-0.53,0.41,-35.88,38.56,-37.81,-0.81,-2.24,9.79,-0.72,0.94,-0.10,-6.73,-6.44,-0.69,-0.30,0.72,-0.96,-3.76,-0.65,8.76,-0.33,1.15,-0.25,-7.37,0.06,5.80,-0.15,1.04,-0.58,-3.59,8.24,-4.29,-0.29,-0.69,-0.91
30.743594,6.80,-5.66,3.46,-1.06,-0.53,0.41,-36.69,40.69,-38.88,-1.06,-2.44,9.62,-0.73,0.92,-0.20,-6.51,-6.68,-0.74,-0.20,0.72,-0.95,-4.07,-0.75,8.61,-0.33,1.12,-0.35,-7.61,-0.11,5.54,-0.11,1.00,-0.66,-3.81,8.22,-4.04,-0.29,-0.75,-0.83
30.743606,6.72,-5.62,2.88,-1.06,-0.53,0.41,-37.31,40.69,-37.12,-1.28,-2.73,9.28,-0.75,0.86,-0.30,-6.20,-6.91,-0.77,-0.07,0.69,-0.94,-4.36,-1.00,8.31,-0.34,1.05,-0.47,-7.76,-0.40,5.27,-0.07,0.91,-0.76,-4.01,8.14,-3.70,-0.31,-0.81,-0.70
30.743619,6.80,-5.54,2.65,-1.09,-0.44,0.08,-37.31,40.69,-37.12,-1.38,-3.02,9.02,-0.77,0.79,-0.39,-5.81,-7.14,-0.85,0.06,0.67,-0.95,-4.51,-1.22,8.13,-0.37,0.98,-0.57,-7.82,-0.66,5.13,-0.04,0.82,-0.85,-4.21,8.01,-3.36,-0.34,-0.89,-0.61
30.743633,6.84,-5.35,2.46,-1.12,-0.41,-0.06,-37.31,40.69,-37.12,-1.40,-3.21,8.95,-0.80,0.74,-0.51,-5.49,-7.31,-0.78,0.20,0.68,-0.97,-4.54,-1.49,7.97,-0.40,0.92,-0.69,-7.76,-1.01,4.93,-0.01,0.75,-0.97,-4.27,7.98,-3.00,-0.36,-0.99,-0.52
30.743647,6.95,-5.27,2.16,-1.12,-0.41,-0.06,-37.62,42.31,-36.31,-1.27,-3.67,8.52,-0.85,0.69,-0.63,-5.29,-7.37,-0.43,0.32,0.65,-0.99,-4.47,-1.90,7.70,-0.43,0.86,-0.80,-7.60,-1.32,4.89,0.01,0.66,-1.07,-4.08,8.01,-2.59,-0.41,-1.05,-0.42
30.743661,6.95,-5.20,1.58,-1.12,-0.41,-0.06,-37.62,41.44,-36.50,-1.11,-4.35,7.82,-0.85,0.58,-0.68,-4.91,-7.37,-0.09,0.41,0.55,-0.98,-4.38,-2.51,7.23,-0.46,0.76,-0.84,-7.24,-1.85,4.68,0.02,0.55,-1.10,-3.92,7.88,-2.06,-0.46,-1.03,-0.29
30.743674,7.26,-4.73,0.59,-0.98,-0.33,-0.46,-37.62,41.44,-36.50,-1.07,-4.74,7.31,-0.79,0.44,-0.73,-4.11,-7.46,-0.13,0.51,0.44,-0.91,-4.45,-3.04,6.62,-0.45,0.62,-0.88,-6.95,-2.53,4.16,0.05,0.42,-1.10,-4.07,7.47,-1.41,-0.46,-1.00,-0.15
30.743686,7.33,-4.54,0.20,-0.98,-0.33,-0.46,-37.62,41.44,-36.50,-0.93,-5.13,7.09,-0.74,0.38,-0.79,-3.48,-7.69,-0.18,0.59,0.43,-0.86,-4.40,-3.54,6.37,-0.42,0.52,-0.93,-6.78,-3.03,4.06,0.10,0.34,-1.12,-4.24,7.30,-0.87,-0.43,-1.03,-0.06
30.743697,7.75,-4.47,-0.03,-1.00,-0.21,-0.53,-37.62,41.44,-36.50,-0.65,-5.44,7.29,-0.70,0.37,-0.88,-3.14,-8.00,-0.05,0.65,0.49,-0.82,-4.24,-4.01,6.44,-0.37,0.48,-1.00,-6.57,-3.56,4.05,0.16,0.30,-1.14,-4.33,7.42,-0.45,-0.37,-1.08,-0.02
30.74371,8.07,-4.31,-0.07,-1.07,-0.11,-0.54,-37.62,41.44,-36.50,-0.47,-5.58,7.33,-0.68,0.39,-0.96,-3.08,-8.18,0.20,0.71,0.58,-0.79,-4.20,-4.17,6.50,-0.31,0.48,-1.07,-6.62,-3.72,4.15,0.24,0.30,-1.18,-4.26,7.58,-0.27,-0.31,-1.16,0.00
30.743721,7.87,-4.28,-0.07,-1.20,0.01,-0.62,-37.62,41.44,-36.50,-0.35,-5.83,6.89,-0.65,0.38,-1.05,-3.20,-7.98,0.62,0.79,0.60,-0.74,-4.10,-4.36,6.34,-0.26,0.42,-1.15,-6.46,-3.76,4.23,0.33,0.24,-1.21,-3.84,7.66,-0.22,-0.27,-1.19,0.08
30.745986,7.91,-4.28,-0.07,-1.20,0.01,-0.62,-38.50,40.62,-33.12,-0.11,-6.11,6.63,-0.58,0.29,-1.08,-3.30,-7.92,1.10,0.84,0.54,-0.66,-3.89,-4.54,6.37,-0.22,0.31,-1.15,-6.35,-3.80,4.54,0.36,0.14,-1.17,-3.51,7.90,-0.08,-0.25,-1.14,0.19
30.746005,8.07,-4.20,-0.26,-0.86,0.09,-0.78,-38.50,40.62,-33.12,0.03,-6.11,6.71,-0.53,0.15,-1.07,-3.37,-8.11,1.50,0.90,0.43,-0.59,-3.87,-4.58,6.61,-0.24,0.17,-1.13,-6.45,-3.80,4.82,0.33,-0.00,-1.14,-3.34,8.18,0.09,-0.27,-1.07,0.31
30.746017,8.13,-3.70,-0.34,-0.86,0.09,-0.78,-37.62,40.44,-34.19,0.33,-6.23,6.34,-0.50,-0.02,-1.05,-3.31,-7.93,1.95,0.97,0.27,-0.53,-3.49,-4.75,6.39,-0.29,-0.00,-1.11,-6.08,-3.88,4.93,0.27,-0.18,-1.12,-2.89,8.18,0.31,-0.33,-0.98,0.45
30.746029,7.95,-3.16,-0.53,-0.53,0.03,-1.06,-37.62,40.44,-34.19,0.65,-6.32,5.81,-0.43,-0.24,-1.02,-2.87,-7.58,2.35,1.03,0.07,-0.43,-3.11,-5.12,5.89,-0.32,-0.24,-1.05,-5.42,-4.34,4.65,0.21,-0.41,-1.06,-2.43,7.88,0.72,-0.38,-0.84,0.63
30.746044,8.13,-2.59,-0.53,-0.53,0.03,-1.06,-39.12,38.81,-33.19,1.26,-6.64,5.25,-0.35,-0.46,-0.98,-2.58,-7.35,3.11,1.08,-0.13,-0.30,-2.50,-5.58,5.59,-0.34,-0.47,-1.00,-4.75,-4.67,4.83,0.18,-0.63,-0.97,-1.73,7.90,1.22,-0.41,-0.68,0.81
30.746055,8.21,-1.75,-1.41,-0.53,0.03,-1.06,-38.56,35.56,-33.00,2.28,-7.07,4.73,-0.25,-0.69,-0.88,-2.07,-6.99,3.78,1.06,-0.38,-0.17,-1.53,-6.21,5.30,-0.35,-0.70,-0.87,-3.66,-5.18,4.95,0.13,-0.87,-0.82,-1.07,7.69,1.83,-0.45,-0.44,0.95
30.746066,8.52,-1.02,-1.33,0.21,0.07,-1.21,-38.50,35.69,-35.50,3.12,-6.96,5.03,-0.14,-0.76,-0.79,-0.97,-7.02,3.43,0.98,-0.46,-0.08,-0.73,-6.75,5.08,-0.30,-0.76,-0.77,-2.66,-5.86,4.92,0.11,-0.88,-0.71,-1.31,7.10,2.44,-0.39,-0.33,0.94
30.762874,8.87,-0.14,-0.79,0.21,0.07,-1.21,-37.94,33.44,-33.69,3.56,-6.51,5.88,-0.08,-0.56,-0.83,-0.23,-7.30,2.91,0.91,-0.21,-0.06,-0.41,-6.83,5.32,-0.15,-0.59,-0.79,-2.27,-6.33,4.72,0.25,-0.68,-0.71,-1.73,6.81,2.76,-0.23,-0.46,0.79
30.784093,9.02,0.25,-0.45,0.21,0.07,-1.21,-37.12,32.12,-33.81,3.78,-6.57,6.22,-0.07,-0.21,-0.94,-0.71,-7.43,3.35,0.86,0.17,-0.08,-0.30,-6.85,5.77,0.01,-0.31,-0.88,-2.46,-6.16,5.26,0.45,-0.40,-0.73,-1.43,7.41,2.59,-0.03,-0.67,0.59
30.807145,9.13,-1.17,-0.68,0.21,0.07,-1.21,-37.62,32.12,-33.81,3.79,-7.12,5.80,-0.05,-0.03,-0.94,-1.84,-7.24,4.54,0.78,0.33,-0.07,-0.38,-6.96,6.13,0.11,-0.16,-0.86,-2.87,-5.83,6.07,0.52,-0.27,-0.67,-0.52,8.36,2.24,0.07,-0.69,0.47
30.829303,9.36,-1.55,-0.75,-0.57,0.45,-0.51,-37.62,32.12,-33.81,3.72,-7.55,5.35,0.05,-0.11,-0.82,-2.29,-7.15,5.17,0.68,0.22,0.05,-0.57,-7.21,6.10,0.16,-0.27,-0.72,-3.17,-5.87,6.39,0.49,-0.35,-0.51,-0.19,8.70,2.21,0.10,-0.50,0.52
31.253592,9.79,-1.13,-0.26,-0.57,0.45,-0.51,-37.62,32.12,-33.81,3.72,-7.40,5.73,0.21,-0.24,-0.71,-2.21,-7.42,4.91,0.63,0.10,0.21,-0.65,-7.19,6.33,0.23,-0.44,-0.58,-3.22,-6.03,6.37,0.47,-0.48,-0.36,-0.52,8.75,2.22,0.16,-0.31,0.61
31.253631,9.86,-0.83,0.05,0.05,0.57,-0.58,-37.62,32.12,-33.81,3.91,-7.07,6.60,0.30,-0.26,-0.69,-2.26,-7.85,4.71,0.60,0.13,0.30,-0.51,-7.01,6.97,0.28,-0.49,-0.55,-3.35,-6.00,6.70,0.50,-0.51,-0.28,-0.83,9.03,2.20,0.23,-0.28,0.62
31.253646,10.06,-0.68,0.12,-0.15,0.64,-0.48,-37.62,32.12,-33.81,4.14,-6.94,7.02,0.31,-0.24,-0.69,-2.86,-8.04,5.23,0.59,0.18,0.31,-0.30,-6.78,7.59,0.30,-0.46,-0.55,-3.58,-5.60,7.48,0.51,-0.48,-0.27,-0.49,9.69,2.02,0.25,-0.30,0.58
31.253658,9.94,-0.79,0.01,-0.15,0.64,-0.48,-37.94,30.12,-36.31,4.35,-7.28,6.44,0.30,-0.31,-0.61,-3.34,-7.57,6.09,0.57,0.05,0.34,-0.06,-7.02,7.44,0.25,-0.53,-0.46,-3.34,-5.58,7.76,0.44,-0.56,-0.21,0.40,9.95,1.95,0.19,-0.17,0.63
31.253673,10.06,-0.98,-0.07,-0.15,0.64,-0.48,-37.94,30.12,-36.31,4.65,-7.70,5.79,0.42,-0.55,-0.43,-3.16,-7.20,6.50,0.49,-0.25,0.50,0.20,-7.59,6.96,0.23,-0.76,-0.26,-2.85,-6.07,7.65,0.34,-0.75,-0.01,0.77,9.77,2.23,0.16,0.14,0.79
31.253684,10.55,0.05,0.01,0.45,0.46,-0.59,-36.19,27.38,-38.44,5.20,-7.58,6.06,0.57,-0.72,-0.30,-2.76,-7.38,6.45,0.41,-0.44,0.69,0.73,-7.78,7.07,0.26,-0.94,-0.09,-2.42,-6.32,7.76,0.28,-0.89,0.19,0.74,9.73,2.50,0.18,0.39,0.88
31.253696,10.36,0.40,0.01,0.85,0.61,-0.50,-36.19,27.38,-38.44,5.49,-7.49,5.94,0.65,-0.81,-0.18,-2.73,-7.36,6.80,0.34,-0.55,0.79,0.98,-7.69,7.06,0.28,-1.04,0.06,-2.21,-6.28,7.81,0.24,-0.97,0.34,1.03,9.83,2.66,0.17,0.54,0.92
31.253707,10.02,0.51,-0.37,0.85,0.61,-0.50,-35.88,26.38,-37.88,5.49,-7.91,4.58,0.75,-0.97,-0.02,-2.56,-6.96,7.35,0.31,-0.77,0.90,0.82,-7.85,6.23,0.28,-1.23,0.22,-2.09,-6.44,7.39,0.18,-1.16,0.49,1.61,9.54,2.94,0.13,0.76,1.05
31.253721,9.66,0.67,-0.98,0.85,0.61,-0.50,-34.69,25.12,-36.56,5.76,-8.08,3.93,0.98,-1.20,0.15,-1.66,-6.43,7.09,0.27,-1.03,1.10,1.44,-8.83,5.04,0.40,-1.51,0.40,-0.89,-7.33,6.73,0.19,-1.43,0.72,1.64,8.63,3.41,0.18,1.04,1.19
31.253735,10.62,1.24,-0.34,0.85,0.61,-0.50,-34.69,25.12,-36.56,6.61,-7.41,5.38,1.24,-1.15,0.15,-0.43,-6.48,5.87,0.16,-0.89,1.33,2.29,-8.77,5.70,0.63,-1.50,0.46,0.06,-7.82,6.61,0.36,-1.31,0.90,0.90,7.82,3.68,0.48,1.10,1.11
31.253747,10.32,1.43,1.27,0.85,0.61,-0.50,-35.00,22.50,-37.19,7.10,-6.47,6.91,1.37,-0.65,0.06,-1.10,-6.57,5.43,-0.02,-0.34,1.41,2.95,-7.92,6.63,0.95,-1.10,0.41,0.12,-6.74,7.39,0.63,-0.90,0.96,0.81,8.29,2.73,0.85,0.88,0.75
31.253758,10.32,1.43,1.27,0.65,1.36,0.45,-35.00,23.56,-37.75,6.83,-5.99,7.31,1.41,-0.27,0.09,-2.70,-6.27,5.90,-0.22,0.05,1.36,2.72,-6.80,7.60,1.15,-0.76,0.46,-0.59,-5.33,8.36,0.78,-0.55,1.03,1.31,9.12,1.61,1.03,0.76,0.43
31.25377,9.64,-0.37,2.08,0.65,1.36,0.45,-35.00,23.56,-37.75,6.34,-5.55,7.77,1.46,-0.03,0.20,-4.11,-6.22,6.04,-0.42,0.21,1.34,2.37,-6.02,8.42,1.23,-0.57,0.57,-1.47,-4.35,9.10,0.79,-0.33,1.12,1.39,9.87,0.57,1.12,0.78,0.23
31.253781,10.13,-0.75,3.65,0.72,1.12,0.84,-35.00,23.56,-37.75,5.87,-4.75,8.85,1.45,0.10,0.31,-5.49,-6.27,5.88,-0.58,0.29,1.33,2.01,-4.96,9.48,1.26,-0.44,0.67,-2.37,-3.33,9.77,0.76,-0.18,1.21,1.34,10.62,-0.66,1.16,0.82,0.07
31.256008,9.90,-1.06,4.22,0.72,1.12,0.84,-33.19,24.19,-42.19,5.37,-4.11,9.01,1.44,0.07,0.42,-6.75,-5.94,6.27,-0.64,0.23,1.32,1.64,-4.06,9.98,1.21,-0.46,0.79,-3.00,-2.35,10.30,0.69,-0.20,1.30,1.88,11.12,-1.52,1.10,0.91,0.06
31.256027,9.32,-1.32,4.22,0.81,1.02,0.80,-33.19,24.19,-42.19,5.40,-3.99,8.59,1.46,-0.16,0.60,-7.58,-5.28,6.59,-0.71,-0.07,1.41,1.93,-3.84,9.93,1.10,-0.65,0.96,-2.95,-1.77,10.65,0.52,-0.38,1.45,2.41,11.22,-2.14,1.00,1.18,0.18
31.256039,9.40,-1.55,4.53,1.26,0.88,0.65,-33.19,24.19,-42.19,5.62,-3.33,8.92,1.51,-0.41,0.78,-7.66,-5.04,6.35,-0.78,-0.39,1.51,2.19,-3.30,10.23,1.01,-0.85,1.15,-2.79,-1.38,10.77,0.33,-0.56,1.59,2.42,11.02,-2.46,0.90,1.48,0.31
31.256049,9.21,-0.87,4.80,1.70,0.81,0.58,-33.19,24.19,-42.19,5.74,-2.59,9.02,1.50,-0.58,0.93,-7.62,-4.77,6.05,-0.83,-0.63,1.56,2.52,-2.78,10.12,0.91,-0.98,1.31,-2.54,-0.97,10.59,0.17,-0.67,1.67,2.50,10.71,-2.72,0.79,1.65,0.38
31.256062,8.18,-0.18,4.84,1.92,0.60,0.52,-32.25,24.00,-41.44,5.78,-2.20,8.36,1.49,-0.76,1.09,-7.24,-4.06,5.85,-0.86,-0.85,1.57,2.75,-2.58,9.41,0.82,-1.12,1.46,-2.01,-0.85,10.05,0.02,-0.81,1.75,2.79,9.92,-2.79,0.68,1.82,0.45
31.262662,7.83,0.36,4.88,1.92,0.60,0.52,-32.25,24.00,-41.44,5.94,-1.87,8.15,1.54,-0.84,1.16,-6.40,-3.51,5.12,-0.90,-0.93,1.62,3.16,-2.66,8.74,0.82,-1.19,1.53,-1.17,-1.16,9.38,-0.04,-0.85,1.81,2.51,8.77,-2.68,0.71,1.92,0.46
31.280122,8.03,0.55,5.53,1.95,0.79,0.71,-32.31,20.12,-42.19,6.25,-1.11,9.32,1.60,-0.64,1.11,-5.66,-3.54,3.74,-1.01,-0.68,1.64,3.71,-2.41,8.83,0.97,-1.00,1.49,-0.58,-1.25,8.85,0.08,-0.62,1.81,1.66,8.14,-2.87,0.89,1.80,0.28
31.300096,7.99,0.32,6.33,1.95,0.79,0.71,-32.31,20.12,-42.19,5.81,-0.28,10.53,1.55,-0.15,0.97,-6.08,-3.91,2.77,-1.11,-0.18,1.54,3.23,-1.23,9.81,1.14,-0.55,1.34,-1.20,-0.37,8.90,0.29,-0.17,1.72,0.92,8.31,-3.66,1.10,1.48,-0.08
31.3245,6.76,-2.25,6.37,0.59,0.99,1.41,-30.75,22.75,-43.75,4.25,-0.13,10.30,1.42,0.30,0.89,-7.84,-3.91,2.97,-1.18,0.21,1.34,1.78,-0.17,10.01,1.20,-0.14,1.25,-3.09,1.04,9.14,0.45,0.19,1.64,0.97,9.18,-4.89,1.16,1.20,-0.38
31.345342,6.64,-3.43,6.21,0.64,0.80,1.32,-30.75,22.75,-43.75,2.61,-0.46,9.46,1.38,0.25,0.90,-8.77,-3.87,2.95,-1.16,0.14,1.29,0.27,0.19,9.82,1.15,-0.19,1.26,-4.55,1.40,8.84,0.43,0.11,1.65,0.78,9.44,-5.45,1.10,1.24,-0.32
31.602671,7.03,-3.86,6.29,1.12,0.76,1.02,-30.75,22.75,-43.75,1.93,-0.34,9.78,1.43,0.04,0.86,-8.79,-4.19,2.25,-1.06,0.00,1.36,-0.34,0.37,9.93,1.11,-0.39,1.23,-5.22,1.38,8.49,0.43,-0.12,1.66,0.04,9.34,-5.64,1.06,1.31,-0.14
31.602699,6.98,-3.59,6.64,1.12,0.76,1.02,-31.38,25.12,-44.12,1.69,0.00,10.15,1.45,-0.15,0.79,-9.05,-4.38,1.95,-0.93,-0.10,1.43,-0.54,0.84,10.19,1.07,-0.57,1.15,-5.54,1.83,8.62,0.44,-0.30,1.61,-0.25,9.46,-5.95,1.01,1.33,0.06
31.602713,6.38,-3.59,6.52,1.29,0.92,0.66,-31.38,25.12,-44.12,1.57,0.26,10.18,1.43,-0.35,0.73,-9.20,-4.30,1.94,-0.77,-0.28,1.44,-0.58,1.08,10.21,0.99,-0.75,1.09,-5.59,2.08,8.66,0.39,-0.50,1.53,-0.19,9.42,-6.06,0.91,1.35,0.24
31.602726,6.34,-3.36,6.60,1.36,0.83,0.44,-31.38,25.12,-44.12,1.77,0.45,10.30,1.41,-0.49,0.65,-8.82,-4.19,1.67,-0.64,-0.40,1.44,-0.35,1.01,10.08,0.92,-0.88,0.99,-5.23,1.89,8.46,0.37,-0.63,1.43,-0.30,9.06,-5.96,0.84,1.33,0.39
31.602737,6.57,-3.01,6.75,1.36,0.83,0.44,-31.38,23.38,-44.56,2.02,0.71,10.54,1.36,-0.51,0.53,-8.53,-4.11,1.41,-0.51,-0.38,1.40,-0.03,1.07,10.10,0.90,-0.90,0.86,-4.87,1.87,8.40,0.42,-0.67,1.31,-0.34,8.82,-5.96,0.82,1.20,0.45
31.602748,6.61,-2.70,6.99,1.36,0.83,0.44,-30.75,21.75,-45.38,1.98,0.96,10.46,1.31,-0.48,0.39,-8.59,-3.87,1.55,-0.37,-0.32,1.35,0.03,1.26,10.03,0.89,-0.88,0.72,-4.81,2.08,8.36,0.48,-0.67,1.17,-0.09,8.76,-6.05,0.81,1.06,0.50
31.60276,6.03,-2.63,6.99,1.36,0.83,0.44,-30.75,21.75,-45.38,1.97,1.06,10.15,1.25,-0.51,0.26,-8.70,-3.57,1.72,-0.23,-0.31,1.31,0.11,1.41,9.88,0.84,-0.92,0.58,-4.72,2.30,8.42,0.51,-0.72,1.04,0.18,8.67,-6.19,0.77,0.95,0.60
31.604882,5.88,-2.67,7.29,0.95,0.92,0.01,-29.00,21.62,-46.44,2.16,1.18,10.13,1.21,-0.58,0.12,-8.75,-3.20,1.80,-0.07,-0.33,1.27,0.36,1.49,9.84,0.80,-0.99,0.44,-4.41,2.41,8.47,0.54,-0.80,0.90,0.48,8.55,-6.32,0.73,0.85,0.71
31.604911,5.99,-2.74,7.48,0.95,0.92,0.01,-28.38,19.12,-47.44,2.37,1.30,10.24,1.18,-0.62,0.02,-8.80,-3.13,1.71,0.02,-0.31,1.24,0.65,1.53,9.90,0.79,-1.02,0.35,-4.22,2.50,8.60,0.57,-0.85,0.81,0.49,8.55,-6.43,0.72,0.77,0.76
31.604924,6.07,-2.55,7.67,0.95,0.92,0.01,-28.38,19.12,-47.44,2.49,1.65,10.58,1.14,-0.62,-0.08,-8.85,-3.07,1.66,0.11,-0.24,1.20,0.82,1.75,10.14,0.77,-1.02,0.23,-4.09,2.63,8.68,0.61,-0.85,0.71,0.52,8.54,-6.56,0.72,0.65,0.78
31.604944,5.99,-2.32,7.90,0.80,1.00,-0.24,-28.38,19.12,-47.44,2.75,2.07,11.16,1.07,-0.56,-0.22,-8.99,-3.06,1.55,0.21,-0.12,1.11,1.18,2.02,10.51,0.76,-0.95,0.07,-3.97,2.88,8.97,0.67,-0.79,0.56,0.51,8.60,-6.77,0.72,0.47,0.76
31.604957,5.99,-2.05,8.59,0.28,0.99,-0.30,-28.06,19.75,-48.25,2.97,2.49,11.78,0.91,-0.40,-0.40,-9.44,-3.05,1.61,0.32,0.06,0.95,1.42,2.45,11.10,0.71,-0.79,-0.12,-4.11,3.41,9.54,0.73,-0.64,0.33,0.62,8.94,-7.18,0.69,0.20,0.68
31.622313,5.91,-2.21,8.82,0.28,0.99,-0.30,-27.50,18.69,-49.50,2.79,2.71,11.93,0.71,-0.29,-0.54,-10.18,-3.09,1.98,0.45,0.15,0.75,1.21,2.88,11.55,0.60,-0.65,-0.31,-4.61,3.89,9.95,0.72,-0.54,0.10,0.85,9.45,-7.58,0.59,-0.02,0.66
31.644825,5.91,-2.59,9.01,0.28,0.99,-0.30,-27.50,18.69,-49.50,2.63,2.39,11.41,0.55,-0.35,-0.66,-10.67,-2.82,2.45,0.61,0.08,0.61,1.07,2.71,11.37,0.45,-0.68,-0.45,-4.79,3.91,10.08,0.66,-0.62,-0.10,1.30,9.71,-7.77,0.42,-0.13,0.77
31.667989,6.41,-2.40,9.12,0.04,0.67,-0.79,-27.50,18.69,-49.50,2.88,2.39,11.43,0.47,-0.54,-0.75,-10.64,-2.71,2.62,0.75,-0.04,0.55,1.28,2.67,11.47,0.31,-0.81,-0.56,-4.61,3.83,10.22,0.60,-0.79,-0.24,1.46,9.72,-7.70,0.29,-0.16,0.92
31.689463,6.26,-1.86,9.24,0.14,0.67,-0.98,-27.50,18.69,-49.50,3.44,2.68,11.87,0.35,-0.64,-0.85,-10.57,-2.77,2.63,0.88,-0.11,0.45,1.89,2.76,11.77,0.17,-0.84,-0.70,-4.21,3.98,10.61,0.54,-0.85,-0.41,1.53,9.78,-7.69,0.15,-0.26,1.01
31.760425,6.18,-1.44,9.39,0.00,0.59,-1.08,-27.50,18.69,-49.50,3.99,3.05,12.30,0.16,-0.63,-0.95,-10.60,-2.72,2.79,0.99,-0.09,0.27,2.44,2.85,12.02,0.03,-0.77,-0.84,-3.74,4.10,10.94,0.47,-0.82,-0.63,1.76,9.86,-7.70,0.01,-0.44,1.01
31.764117,6.18,-1.13,9.51,-0.24,0.44,-1.13,-27.50,18.69,-49.50,4.40,3.08,12.20,-0.03,-0.58,-1.03,-10.69,-2.50,3.15,1.09,-0.06,0.06,2.92,2.74,12.03,-0.12,-0.66,-0.97,-3.37,4.12,11.15,0.40,-0.75,-0.83,2.17,9.94,-7.70,-0.13,-0.61,0.97
31.76415,6.26,-1.06,9.55,-0.24,0.44,-1.13,-23.00,14.50,-51.00,4.72,3.06,11.94,-0.24,-0.56,-1.10,-10.71,-2.25,3.49,1.17,-0.06,-0.14,3.21,2.71,12.03,-0.27,-0.58,-1.08,-3.11,4.11,11.30,0.32,-0.71,-1.01,2.58,9.96,-7.63,-0.28,-0.75,0.93
31.77749,6.30,-0.48,9.24,-0.59,0.01,-1.37,-24.19,15.62,-50.06,5.17,2.80,11.36,-0.44,-0.57,-1.14,-10.54,-1.85,4.01,1.26,-0.11,-0.34,3.65,2.33,11.61,-0.47,-0.52,-1.18,-2.52,3.89,11.29,0.21,-0.69,-1.18,3.19,9.80,-7.36,-0.46,-0.87,0.93
31.798532,6.30,-0.48,9.24,-0.57,-0.09,-1.43,-22.38,14.19,-53.38,5.74,2.40,10.69,-0.53,-0.59,-1.14,-10.15,-1.48,4.42,1.29,-0.17,-0.45,4.12,1.81,11.12,-0.59,-0.49,-1.21,-1.81,3.48,11.19,0.13,-0.70,-1.26,3.66,9.53,-6.97,-0.58,-0.89,0.92
31.820711,6.41,-0.25,8.98,-0.57,-0.09,-1.43,-21.50,14.12,-51.31,6.18,2.28,10.60,-0.62,-0.58,-1.13,-9.51,-1.39,4.53,1.28,-0.17,-0.54,4.63,1.33,10.78,-0.66,-0.43,-1.23,-1.09,2.97,11.07,0.06,-0.65,-1.32,3.80,9.26,-6.48,-0.64,-0.92,0.88
31.843977,6.84,0.93,8.66,-0.69,-0.16,-1.32,-20.88,13.69,-53.38,6.71,2.15,10.58,-0.73,-0.44,-1.17,-9.07,-1.49,4.63,1.25,-0.05,-0.66,5.05,0.96,10.73,-0.69,-0.27,-1.27,-0.63,2.56,11.12,0.05,-0.49,-1.40,3.87,9.20,-6.09,-0.65,-1.05,0.75
32.274247,7.03,0.89,8.59,-0.93,-0.20,-1.21,-20.88,13.69,-53.38,6.92,1.89,10.46,-0.82,-0.28,-1.21,-9.03,-1.48,4.97,1.22,0.11,-0.77,5.15,0.63,10.71,-0.70,-0.09,-1.32,-0.48,2.29,11.27,0.05,-0.32,-1.47,4.13,9.33,-5.89,-0.65,-1.18,0.60
32.274285,7.18,0.70,8.48,-1.07,-0.22,-1.12,-20.88,13.69,-53.38,7.13,1.54,10.29,-0.89,-0.14,-1.22,-9.17,-1.41,5.42,1.17,0.20,-0.83,5.25,0.34,10.76,-0.71,0.04,-1.33,-0.40,2.13,11.49,0.04,-0.19,-1.49,4.42,9.56,-5.78,-0.64,-1.22,0.50
32.274301,7.48,0.63,8.48,-1.05,-0.30,-0.97,-20.00,16.38,-54.94,7.41,1.27,10.35,-0.93,-0.05,-1.18,-9.30,-1.51,5.74,1.08,0.23,-0.88,5.43,0.07,10.90,-0.72,0.15,-1.29,-0.34,1.97,11.78,0.01,-0.08,-1.48,4.58,9.84,-5.68,-0.65,-1.21,0.40
32.274317,7.64,0.70,8.48,-1.05,-0.30,-0.97,-20.00,16.38,-54.94,7.55,1.15,10.53,-0.97,0.03,-1.11,-9.34,-1.72,5.84,1.00,0.25,-0.93,5.52,-0.08,11.08,-0.73,0.26,-1.24,-0.37,1.88,12.00,-0.03,0.02,-1.46,4.51,10.05,-5.58,-0.66,-1.20,0.30
32.27433,7.68,0.70,8.32,-1.08,-0.38,-0.87,-20.00,16.38,-54.94,7.53,0.96,10.63,-1.02,0.12,-1.05,-9.32,-2.01,5.83,0.90,0.30,-1.02,5.40,-0.24,11.21,-0.76,0.37,-1.20,-0.48,1.68,12.06,-0.07,0.14,-1.45,4.34,10.21,-5.46,-0.69,-1.22,0.17
32.274342,7.83,0.67,8.29,-1.15,-0.47,-0.77,-20.00,16.38,-54.94,7.58,0.77,10.77,-1.08,0.22,-1.00,-9.30,-2.25,5.87,0.82,0.37,-1.11,5.33,-0.42,11.34,-0.79,0.49,-1.16,-0.57,1.46,12.11,-0.12,0.26,-1.45,4.23,10.36,-5.32,-0.71,-1.25,0.03
32.274353,8.18,0.63,8.13,-1.27,-0.61,-0.59,-20.88,17.00,-55.75,7.59,0.48,10.69,-1.15,0.33,-0.93,-9.34,-2.31,6.14,0.74,0.43,-1.20,5.25,-0.70,11.31,-0.82,0.63,-1.11,-0.63,1.24,12.17,-0.17,0.39,-1.43,4.36,10.52,-5.16,-0.74,-1.27,-0.11
32.274365,8.21,0.55,7.67,-1.27,-0.61,-0.59,-20.56,17.94,-57.69,7.62,0.13,10.37,-1.19,0.38,-0.83,-9.30,-2.29,6.44,0.63,0.41,-1.23,5.24,-0.95,11.18,-0.86,0.70,-1.02,-0.62,1.11,12.23,-0.25,0.46,-1.38,4.52,10.60,-4.94,-0.77,-1.20,-0.20
32.274376,8.21,0.55,7.67,-1.27,-0.61,-0.59,-20.56,17.94,-57.69,7.64,-0.21,10.04,-1.21,0.38,-0.69,-9.10,-2.41,6.64,0.51,0.34,-1.26,5.23,-1.26,10.93,-0.91,0.73,-0.89,-0.54,0.82,12.09,-0.36,0.50,-1.30,4.55,10.60,-4.65,-0.83,-1.10,-0.26
32.274386,8.33,0.82,6.71,-0.99,-0.86,-0.40,-21.12,20.88,-56.44,7.59,-0.70,9.45,-1.22,0.36,-0.53,-8.61,-2.48,6.86,0.39,0.25,-1.28,5.05,-1.77,10.43,-0.95,0.74,-0.74,-0.40,0.26,11.70,-0.47,0.50,-1.19,4.63,10.42,-4.08,-0.90,-0.96,-0.32
32.274398,8.33,0.93,6.21,-0.86,-0.92,-0.35,-21.12,20.88,-56.44,7.60,-1.27,8.77,-1.17,0.31,-0.39,-7.95,-2.40,7.05,0.27,0.14,-1.23,5.01,-2.37,9.78,-0.95,0.71,-0.60,-0.04,-0.35,11.26,-0.54,0.47,-1.07,4.74,10.04,-3.46,-0.92,-0.80,-0.34
32.274409,8.41,1.12,5.83,-0.68,-0.91,-0.27,-21.12,20.88,-56.44,7.69,-1.74,8.27,-1.08,0.27,-0.24,-7.17,-2.36,7.09,0.13,0.05,-1.14,5.03,-2.93,9.22,-0.92,0.67,-0.44,0.37,-1.02,10.75,-0.59,0.45,-0.90,4.73,9.62,-2.82,-0.88,-0.62,-0.36
32.274419,8.45,1.62,5.11,-0.68,-0.91,-0.27,-21.69,23.81,-57.25,7.84,-2.20,7.84,-0.96,0.27,-0.08,-6.42,-2.46,7.11,-0.03,0.01,-1.02,5.09,-3.46,8.71,-0.84,0.65,-0.27,0.69,-1.59,10.36,-0.60,0.47,-0.71,4.67,9.29,-2.20,-0.81,-0.44,-0.41
32.27443,8.52,1.66,4.80,-0.44,-0.81,0.02,-21.69,23.81,-57.25,7.87,-2.51,7.60,-0.85,0.32,0.05,-5.89,-2.57,7.13,-0.18,0.01,-0.90,5.07,-3.90,8.40,-0.74,0.67,-0.11,0.91,-2.05,10.05,-0.58,0.52,-0.53,4.58,9.07,-1.70,-0.71,-0.29,-0.48
32.276894,8.56,1.70,4.53,-0.36,-0.74,0.21,-21.69,23.81,-57.25,7.88,-2.83,7.26,-0.73,0.37,0.19,-5.54,-2.66,7.18,-0.35,0.03,-0.79,5.05,-4.16,8.15,-0.63,0.68,0.06,1.02,-2.32,9.84,-0.56,0.58,-0.32,4.56,8.94,-1.38,-0.60,-0.15,-0.57
32.276914,8.48,1.51,4.26,-0.27,-0.68,0.38,-24.69,25.06,-55.25,7.82,-3.08,6.96,-0.58,0.41,0.37,-5.33,-2.65,7.20,-0.55,0.04,-0.65,4.95,-4.37,7.84,-0.50,0.68,0.29,1.05,-2.49,9.61,-0.54,0.63,-0.05,4.55,8.83,-1.20,-0.48,0.04,-0.66
32.276931,8.41,1.47,4.22,-0.27,-0.68,0.38,-24.69,25.06,-55.25,7.59,-3.05,6.95,-0.45,0.43,0.53,-5.21,-2.84,7.09,-0.70,0.03,-0.55,4.67,-4.26,7.89,-0.40,0.67,0.47,0.76,-2.47,9.50,-0.53,0.65,0.15,4.34,8.82,-1.10,-0.39,0.19,-0.74
32.276946,8.21,1.51,4.03,0.04,-0.59,0.71,-24.69,25.06,-55.25,7.34,-3.05,6.96,-0.34,0.45,0.67,-5.14,-3.11,6.86,-0.85,0.01,-0.45,4.36,-4.11,8.00,-0.34,0.66,0.62,0.42,-2.39,9.41,-0.54,0.68,0.30,3.99,8.79,-1.05,-0.32,0.33,-0.80
32.276961,8.21,1.28,3.96,0.13,-0.58,0.82,-24.69,25.06,-55.25,7.04,-2.98,7.25,-0.25,0.49,0.79,-5.07,-3.33,6.45,-0.98,0.02,-0.38,4.06,-4.07,7.95,-0.27,0.69,0.75,0.16,-2.44,9.19,-0.54,0.73,0.43,3.55,8.72,-1.11,-0.25,0.43,-0.86
32.278284,8.45,0.70,4.26,0.17,-0.55,0.94,-26.25,23.69,-51.44,6.49,-2.94,7.33,-0.15,0.56,0.88,-5.20,-3.50,6.08,-1.09,0.06,-0.28,3.46,-3.90,7.95,-0.20,0.74,0.84,-0.45,-2.32,8.95,-0.51,0.79,0.56,3.20,8.74,-1.34,-0.14,0.52,-0.93
32.295808,8.29,0.36,4.34,0.17,-0.55,0.94,-26.50,27.19,-54.56,6.18,-3.08,7.12,-0.05,0.55,0.95,-5.65,-3.36,6.07,-1.17,0.04,-0.17,3.19,-3.75,7.96,-0.12,0.67,0.97,-0.71,-1.96,9.08,-0.52,0.75,0.71,3.27,8.86,-1.70,-0.07,0.64,-0.95
32.316465,8.14,-0.14,4.30,0.58,-0.38,1.16,-26.50,27.19,-54.56,5.99,-2.97,7.35,0.09,0.47,1.09,-5.99,-3.38,5.88,-1.29,-0.05,-0.03,3.06,-3.45,8.25,-0.08,0.58,1.13,-0.97,-1.66,9.16,-0.55,0.70,0.91,3.06,9.00,-2.05,-0.01,0.85,-0.94
32.339793,8.25,-0.33,4.80,0.75,-0.37,1.23,-27.44,27.00,-53.81,5.62,-2.53,8.14,0.21,0.42,1.21,-6.23,-3.80,5.27,-1.40,-0.12,0.07,2.63,-3.09,8.62,0.02,0.49,1.30,-1.58,-1.45,9.07,-0.56,0.66,1.07,2.40,9.13,-2.36,0.04,1.00,-0.94
32.361782,8.33,-0.56,4.99,0.75,-0.37,1.23,-27.44,27.75,-51.06,5.09,-2.15,8.72,0.26,0.41,1.26,-6.55,-4.15,4.74,-1.46,-0.13,0.13,2.10,-2.57,9.04,0.08,0.47,1.35,-2.31,-1.06,9.14,-0.55,0.64,1.15,1.86,9.31,-2.78,0.07,1.07,-0.94
32.781869,8.10,-1.32,5.34,0.75,-0.37,1.23,-27.44,27.75,-51.06,4.76,-1.91,9.05,0.30,0.39,1.30,-7.06,-4.26,4.44,-1.49,-0.14,0.16,1.82,-2.12,9.43,0.09,0.43,1.40,-2.77,-0.54,9.36,-0.56,0.61,1.20,1.64,9.54,-3.28,0.07,1.10,-0.93
32.783324,7.91,-1.55,5.49,0.77,-0.36,1.23,-27.44,27.75,-51.06,4.46,-1.57,9.46,0.30,0.33,1.36,-7.52,-4.29,4.18,-1.52,-0.19,0.15,1.58,-1.62,9.85,0.06,0.38,1.46,-3.22,-0.04,9.56,-0.63,0.57,1.22,1.44,9.66,-3.70,0.03,1.16,-0.93
32.783349,7.91,-1.79,5.99,0.77,-0.36,1.23,-27.44,27.75,-51.06,4.05,-1.11,10.08,0.26,0.30,1.39,-7.80,-4.46,3.60,-1.52,-0.25,0.13,1.26,-1.16,10.18,0.01,0.37,1.47,-3.59,0.18,9.33,-0.69,0.55,1.20,0.96,9.68,-4.16,-0.01,1.17,-0.95
32.783359,7.79,-2.05,6.18,0.82,-0.46,1.18,-27.44,27.75,-51.06,3.69,-0.90,10.33,0.20,0.31,1.37,-8.04,-4.56,3.25,-1.48,-0.26,0.09,0.93,-0.81,10.38,-0.03,0.39,1.44,-4.05,0.51,9.37,-0.71,0.57,1.15,0.67,9.73,-4.46,-0.04,1.14,-0.95
32.783369,7.60,-2.67,6.25,0.73,-0.54,1.07,-27.44,27.75,-51.06,3.16,-0.80,10.30,0.14,0.25,1.33,-8.41,-4.50,3.12,-1.43,-0.32,0.06,0.41,-0.50,10.46,-0.10,0.37,1.40,-4.58,0.83,9.34,-0.74,0.52,1.10,0.56,9.79,-4.83,-0.11,1.13,-0.89
32.783378,7.45,-2.89,6.41,0.73,-0.54,1.07,-28.88,29.25,-49.88,2.80,-0.58,10.31,0.11,0.14,1.32,-8.65,-4.39,2.82,-1.37,-0.42,0.06,0.13,-0.16,10.44,-0.17,0.29,1.38,-4.88,1.18,9.25,-0.79,0.43,1.05,0.42,9.69,-5.18,-0.18,1.15,-0.78
32.783388,7.11,-2.93,6.60,0.73,-0.54,1.07,-28.88,29.25,-49.88,2.51,-0.20,10.50,0.10,0.03,1.30,-8.64,-4.31,2.28,-1.30,-0.52,0.05,0.00,0.12,10.28,-0.23,0.19,1.33,-4.90,1.36,8.89,-0.83,0.32,0.99,0.07,9.40,-5.46,-0.25,1.15,-0.67
32.783397,6.88,-2.97,6.68,0.91,-0.57,0.82,-28.88,29.25,-49.88,2.43,0.01,10.84,0.06,0.00,1.23,-8.38,-4.35,1.74,-1.22,-0.51,0.01,-0.06,0.31,10.45,-0.26,0.18,1.25,-4.93,1.33,8.67,-0.81,0.30,0.91,-0.30,9.11,-5.51,-0.27,1.07,-0.65
32.783407,7.07,-2.93,6.95,0.65,-0.55,0.75,-28.88,29.25,-49.88,2.36,0.28,11.27,-0.02,0.09,1.09,-8.47,-4.38,1.46,-1.13,-0.39,-0.06,-0.07,0.54,10.71,-0.27,0.27,1.10,-5.03,1.53,8.77,-0.74,0.37,0.77,-0.43,9.12,-5.72,-0.26,0.90,-0.68
32.783419,6.95,-3.51,7.25,0.65,-0.55,0.75,-31.88,30.38,-46.81,2.32,0.33,11.53,-0.10,0.19,0.99,-8.92,-4.45,1.49,-1.07,-0.28,-0.14,-0.13,0.66,10.88,-0.30,0.38,0.98,-5.27,1.83,9.07,-0.72,0.45,0.64,-0.48,9.46,-6.05,-0.26,0.77,-0.72
32.783429,6.95,-3.51,7.25,0.31,-0.55,0.74,-31.62,29.75,-44.19,2.19,0.29,11.84,-0.18,0.26,0.91,-9.18,-4.67,1.40,-1.02,-0.21,-0.25,-0.37,0.78,11.31,-0.33,0.46,0.89,-5.60,1.84,9.21,-0.70,0.51,0.53,-0.67,9.69,-6.17,-0.31,0.64,-0.76
32.783437,7.45,-3.86,7.37,0.31,-0.55,0.74,-31.62,29.75,-44.19,1.90,0.18,12.11,-0.29,0.33,0.81,-9.31,-4.99,1.22,-0.95,-0.12,-0.36,-0.73,0.68,11.43,-0.37,0.55,0.76,-5.91,1.71,9.20,-0.68,0.57,0.41,-1.01,9.88,-6.21,-0.35,0.49,-0.78
32.783445,7.53,-4.28,7.18,0.04,-0.64,0.64,-31.62,29.75,-44.19,1.54,-0.00,12.04,-0.37,0.37,0.71,-9.40,-5.15,1.14,-0.88,-0.06,-0.44,-1.07,0.69,11.52,-0.41,0.63,0.64,-6.30,1.70,9.20,-0.65,0.62,0.27,-1.17,9.98,-6.25,-0.38,0.36,-0.78
32.783454,7.53,-4.31,7.21,-0.05,-0.64,0.57,-31.62,29.75,-44.19,1.47,-0.04,12.20,-0.44,0.39,0.61,-9.54,-5.28,1.10,-0.80,-0.01,-0.53,-1.16,0.69,11.62,-0.45,0.65,0.53,-6.48,1.74,9.22,-0.64,0.64,0.15,-1.30,10.11,-6.28,-0.42,0.24,-0.78
32.787388,7.45,-4.47,7.06,-0.15,-0.68,0.50,-31.62,29.75,-44.19,1.32,-0.07,12.30,-0.54,0.41,0.53,-9.56,-5.44,1.06,-0.71,0.02,-0.63,-1.37,0.71,11.66,-0.52,0.69,0.43,-6.64,1.70,9.14,-0.64,0.65,0.02,-1.44,10.17,-6.24,-0.49,0.12,-0.77
32.787415,7.41,-4.50,6.87,-0.25,-0.75,0.43,-31.62,29.75,-44.19,1.11,-0.31,12.05,-0.64,0.42,0.44,-9.35,-5.55,0.91,-0.61,0.03,-0.74,-1.62,0.52,11.37,-0.58,0.73,0.32,-6.73,1.49,8.85,-0.65,0.66,-0.10,-1.63,10.03,-6.08,-0.55,0.02,-0.76
32.787433,7.45,-4.58,6.60,-0.32,-0.82,0.34,-31.62,29.75,-44.19,0.87,-0.45,11.77,-0.71,0.41,0.35,-9.02,-5.65,0.71,-0.51,0.05,-0.82,-1.87,0.41,11.08,-0.63,0.74,0.21,-6.79,1.30,8.52,-0.63,0.65,-0.23,-1.85,9.79,-5.86,-0.60,-0.10,-0.73
32.787444,7.22,-4.66,5.91,-0.52,-0.82,0.16,-36.12,33.12,-39.75,0.65,-0.68,11.44,-0.79,0.42,0.22,-8.71,-5.69,0.58,-0.37,0.10,-0.91,-2.09,0.27,10.74,-0.68,0.76,0.06,-6.83,1.13,8.20,-0.61,0.65,-0.38,-2.01,9.57,-5.64,-0.65,-0.25,-0.69
32.787456,7.11,-4.73,5.68,-0.58,-0.82,0.08,-36.12,33.12,-39.75,0.51,-0.80,11.19,-0.85,0.41,0.12,-8.49,-5.71,0.55,-0.27,0.11,-0.96,-2.25,0.20,10.51,-0.72,0.76,-0.05,-6.84,1.01,7.93,-0.60,0.64,-0.50,-2.08,9.41,-5.47,-0.70,-0.34,-0.63
32.878178,6.98,-4.54,5.41,-0.64,-0.84,-0.02,-36.12,33.12,-39.75,0.51,-0.94,10.95,-0.92,0.41,0.02,-8.08,-5.73,0.42,-0.17,0.12,-1.02,-2.20,-0.02,10.15,-0.77,0.77,-0.18,-6.62,0.77,7.63,-0.59,0.62,-0.63,-2.20,9.11,-5.18,-0.74,-0.44,-0.59
32.878216,6.99,-4.39,5.03,-0.76,-0.84,-0.06,-34.62,33.81,-42.38,0.46,-1.14,10.59,-0.98,0.45,-0.09,-7.56,-5.75,0.23,-0.07,0.19,-1.09,-2.23,-0.28,9.67,-0.78,0.82,-0.31,-6.39,0.45,7.21,-0.55,0.65,-0.77,-2.36,8.76,-4.85,-0.74,-0.58,-0.57
32.87823,6.84,-4.39,4.61,-0.90,-0.80,-0.09,-34.62,33.81,-42.38,0.28,-1.39,10.17,-1.02,0.49,-0.20,-7.19,-5.83,0.19,0.03,0.29,-1.15,-2.41,-0.48,9.30,-0.77,0.84,-0.41,-6.38,0.18,6.87,-0.50,0.66,-0.86,-2.45,8.59,-4.56,-0.74,-0.72,-0.57
32.878244,6.91,-4.39,4.26,-0.98,-0.77,-0.15,-34.62,33.81,-42.38,0.38,-1.80,9.93,-1.05,0.52,-0.31,-6.86,-5.93,0.28,0.11,0.37,-1.19,-2.42,-0.87,9.11,-0.77,0.87,-0.53,-6.20,-0.23,6.73,-0.43,0.68,-0.95,-2.49,8.49,-4.15,-0.74,-0.83,-0.56
33.301095,7.33,-4.31,3.69,-0.98,-0.77,-0.15,-36.75,33.69,-38.38,0.70,-2.25,9.73,-1.07,0.57,-0.41,-6.45,-6.04,0.40,0.16,0.45,-1.22,-2.18,-1.42,8.86,-0.75,0.93,-0.63,-5.86,-0.67,6.66,-0.37,0.73,-1.02,-2.50,8.39,-3.71,-0.70,-0.93,-0.58
33.301124,7.48,-4.12,3.57,-1.14,-0.71,-0.13,-36.75,33.69,-38.38,0.88,-2.45,9.63,-1.08,0.70,-0.48,-6.05,-6.12,0.31,0.18,0.57,-1.26,-2.07,-1.73,8.61,-0.68,1.03,-0.69,-5.62,-1.01,6.41,-0.29,0.84,-1.08,-2.62,8.18,-3.40,-0.64,-1.04,-0.63
33.301137,7.29,-4.12,3.38,-1.32,-0.66,-0.05,-36.75,33.69,-38.38,0.69,-2.84,9.18,-1.07,0.83,-0.55,-5.87,-6.25,0.43,0.20,0.69,-1.28,-2.35,-2.03,8.28,-0.61,1.13,-0.75,-5.80,-1.30,6.18,-0.19,0.94,-1.12,-2.68,8.20,-3.13,-0.58,-1.13,-0.67
33.301148,7.29,-4.35,2.92,-1.44,-0.61,-0.02,-36.75,33.69,-38.38,0.34,-3.25,8.73,-1.04,0.88,-0.60,-5.67,-6.54,0.54,0.24,0.76,-1.26,-2.86,-2.29,8.02,-0.55,1.13,-0.79,-6.21,-1.63,5.91,-0.12,0.93,-1.14,-2.82,8.25,-2.77,-0.53,-1.19,-0.65
33.301174,7.52,-4.47,2.73,-1.44,-0.61,-0.02,-36.44,36.56,-37.12,0.03,-3.51,8.42,-1.00,0.84,-0.67,-5.48,-6.69,0.62,0.31,0.77,-1.22,-3.17,-2.48,7.77,-0.51,1.07,-0.85,-6.35,-1.87,5.70,-0.07,0.87,-1.17,-2.91,8.22,-2.50,-0.49,-1.22,-0.58
33.301187,7.29,-4.16,2.12,-1.29,-0.38,-0.31,-36.44,36.56,-37.12,-0.05,-3.69,8.01,-0.95,0.73,-0.75,-5.30,-6.63,0.84,0.41,0.74,-1.13,-3.28,-2.57,7.52,-0.48,0.94,-0.91,-6.31,-1.99,5.51,-0.01,0.73,-1.20,-2.72,8.12,-2.28,-0.46,-1.22,-0.44
33.301199,7.29,-4.16,2.12,-1.29,-0.38,-0.31,-36.44,36.56,-37.12,0.04,-3.93,7.58,-0.90,0.61,-0.79,-5.10,-6.44,1.17,0.49,0.64,-1.05,-3.14,-2.80,7.21,-0.47,0.80,-0.94,-5.94,-2.15,5.43,0.02,0.59,-1.18,-2.44,8.00,-2.01,-0.46,-1.16,-0.30
33.30121,7.33,-3.74,1.46,-1.16,-0.35,-0.44,-36.44,36.56,-37.12,0.34,-4.24,7.29,-0.83,0.47,-0.80,-4.55,-6.49,1.25,0.55,0.53,-0.94,-2.82,-3.28,6.86,-0.45,0.64,-0.94,-5.54,-2.60,5.25,0.04,0.45,-1.14,-2.45,7.78,-1.52,-0.44,-1.08,-0.17
33.301224,7.56,-3.28,1.39,-0.98,-0.29,-0.51,-36.44,36.56,-37.12,0.53,-4.23,7.31,-0.76,0.41,-0.85,-3.99,-6.72,1.13,0.61,0.51,-0.87,-2.71,-3.38,6.82,-0.40,0.56,-0.98,-5.39,-2.87,5.11,0.10,0.39,-1.14,-2.63,7.59,-1.12,-0.39,-1.09,-0.09
33.301239,7.11,-2.78,1.16,-1.11,-0.12,-0.60,-36.44,36.56,-37.12,0.46,-4.18,6.80,-0.71,0.35,-0.94,-3.87,-6.55,1.46,0.72,0.54,-0.82,-2.71,-3.35,6.47,-0.37,0.47,-1.06,-5.28,-2.85,4.92,0.17,0.30,-1.19,-2.26,7.50,-0.99,-0.36,-1.15,0.01
33.301252,6.84,-2.67,1.01,-1.11,-0.12,-0.60,-37.62,36.31,-35.94,0.57,-4.34,6.01,-0.65,0.19,-1.00,-3.78,-6.18,2.09,0.84,0.45,-0.74,-2.57,-3.43,6.06,-0.37,0.28,-1.11,-5.00,-2.89,4.81,0.20,0.10,-1.20,-1.67,7.42,-0.75,-0.38,-1.11,0.19
33.301266,6.72,-2.36,0.62,-1.11,-0.12,-0.60,-37.38,34.56,-34.62,1.12,-4.82,5.50,-0.58,-0.02,-1.02,-3.45,-5.88,2.67,0.92,0.25,-0.60,-1.98,-4.06,5.68,-0.39,0.04,-1.10,-4.30,-3.28,4.91,0.19,-0.13,-1.16,-1.10,7.30,-0.24,-0.41,-0.96,0.42
33.301284,7.33,-2.17,0.36,-1.11,-0.12,-0.60,-37.38,34.56,-34.62,1.73,-5.19,5.32,-0.49,-0.22,-0.97,-2.98,-5.86,3.12,0.94,0.04,-0.45,-1.38,-4.61,5.49,-0.40,-0.16,-1.03,-3.62,-3.72,5.07,0.16,-0.33,-1.06,-0.80,7.26,0.31,-0.42,-0.79,0.59
33.306721,7.53,-1.13,-0.26,-0.28,0.02,-1.04,-37.31,34.50,-34.25,2.27,-5.43,5.22,-0.42,-0.39,-0.91,-2.29,-6.08,3.33,0.95,-0.12,-0.34,-0.98,-5.12,5.32,-0.39,-0.32,-0.96,-3.05,-4.35,4.98,0.12,-0.48,-0.97,-0.78,7.09,1.02,-0.43,-0.64,0.70
33.306741,7.79,-0.75,-0.34,-0.28,0.02,-1.04,-37.62,33.56,-34.06,2.77,-5.72,5.33,-0.35,-0.41,-0.91,-1.63,-6.33,3.13,0.93,-0.10,-0.27,-0.58,-5.75,5.14,-0.33,-0.36,-0.94,-2.56,-5.06,4.82,0.17,-0.49,-0.93,-1.03,6.90,1.49,-0.36,-0.63,0.70
33.306755,8.37,-0.64,-0.07,-0.28,0.02,-1.04,-37.62,30.50,-34.19,2.94,-5.81,5.77,-0.27,-0.29,-0.97,-1.63,-6.66,3.27,0.92,0.05,-0.22,-0.60,-5.88,5.53,-0.19,-0.30,-0.95,-2.72,-5.22,5.13,0.28,-0.41,-0.90,-1.07,7.30,1.62,-0.23,-0.70,0.64
33.306768,8.56,-1.02,-0.26,-0.28,0.02,-1.04,-37.12,28.69,-34.31,2.99,-6.24,5.79,-0.24,-0.26,-0.98,-2.38,-7.00,4.23,0.93,0.09,-0.19,-0.78,-5.97,6.12,-0.16,-0.29,-0.96,-3.24,-5.08,5.93,0.30,-0.41,-0.88,-0.60,8.25,1.66,-0.21,-0.69,0.65
33.30678,8.75,-1.32,-0.68,-0.46,0.24,-0.91,-37.12,28.69,-34.31,3.27,-7.08,5.22,-0.21,-0.42,-0.89,-2.64,-6.99,5.17,0.91,-0.11,-0.12,-0.63,-6.72,5.94,-0.20,-0.45,-0.85,-3.09,-5.55,6.21,0.23,-0.57,-0.78,-0.03,8.68,2.04,-0.27,-0.51,0.75
33.306792,9.32,-1.29,-0.95,-0.46,0.24,-0.91,-37.38,28.31,-32.81,3.75,-7.52,5.19,-0.09,-0.62,-0.76,-2.00,-7.27,5.23,0.86,-0.30,-0.01,-0.31,-7.47,5.71,-0.19,-0.65,-0.71,-2.66,-6.43,6.03,0.18,-0.74,-0.62,-0.22,8.53,2.70,-0.27,-0.31,0.85
33.306804,9.90,-0.60,-0.95,-0.46,0.24,-0.91,-37.06,26.81,-33.94,4.25,-7.58,5.59,0.02,-0.65,-0.73,-1.26,-7.60,5.13,0.83,-0.30,0.10,0.02,-7.89,5.80,-0.10,-0.71,-0.65,-2.15,-7.11,5.91,0.25,-0.79,-0.53,-0.40,8.39,3.27,-0.18,-0.26,0.85
33.313379,10.17,0.55,-1.02,-0.04,0.43,-0.74,-36.81,25.44,-35.88,4.84,-7.94,5.41,0.12,-0.55,-0.72,-1.03,-7.66,5.73,0.78,-0.19,0.18,0.50,-8.40,5.75,0.02,-0.68,-0.61,-1.75,-7.41,6.32,0.32,-0.74,-0.44,0.04,8.58,3.73,-0.06,-0.26,0.80
33.333548,10.40,0.63,-1.41,-0.04,0.43,-0.74,-36.81,25.44,-35.88,5.26,-8.50,4.94,0.22,-0.51,-0.67,-0.94,-7.30,6.34,0.72,-0.16,0.28,0.78,-9.01,5.52,0.11,-0.69,-0.54,-1.30,-7.89,6.43,0.36,-0.72,-0.34,0.65,8.59,3.98,0.04,-0.18,0.79
33.355048,11.13,0.48,-1.10,0.04,0.50,-0.64,-36.81,25.44,-35.88,5.84,-9.01,4.83,0.45,-0.49,-0.57,-1.05,-7.05,6.84,0.56,-0.13,0.52,1.33,-9.71,5.38,0.31,-0.73,-0.39,-0.77,-8.36,6.66,0.47,-0.72,-0.09,1.11,8.81,4.05,0.26,0.02,0.78
33.377652,11.09,0.70,-0.53,0.51,0.94,-0.25,-36.81,25.44,-35.88,6.19,-8.61,5.43,0.73,-0.48,-0.42,-1.55,-7.23,7.12,0.37,-0.09,0.78,1.60,-9.27,6.17,0.54,-0.79,-0.19,-0.89,-7.89,7.39,0.58,-0.73,0.21,1.27,9.34,3.78,0.48,0.23,0.75
33.8036,10.82,0.86,-0.22,0.57,0.96,-0.14,-36.81,25.44,-35.88,6.53,-8.41,5.74,0.92,-0.45,-0.28,-1.90,-7.07,7.24,0.22,-0.07,0.94,1.98,-9.14,6.54,0.69,-0.81,-0.01,-0.72,-7.64,7.86,0.62,-0.72,0.41,1.52,9.51,3.46,0.64,0.39,0.67
33.803629,11.25,0.63,0.20,0.57,0.96,-0.14,-35.31,23.50,-37.38,6.83,-8.14,6.29,1.11,-0.38,-0.15,-2.32,-6.96,7.24,0.04,-0.00,1.11,2.32,-8.96,6.99,0.86,-0.79,0.17,-0.51,-7.45,8.27,0.68,-0.66,0.63,1.63,9.76,3.08,0.82,0.54,0.57
33.803643,11.25,0.51,0.97,0.76,1.18,0.31,-34.69,22.69,-37.94,6.78,-7.64,6.61,1.27,-0.31,0.01,-3.21,-6.77,7.45,-0.16,0.03,1.28,2.34,-8.30,7.49,1.01,-0.75,0.36,-0.82,-6.68,8.72,0.73,-0.58,0.90,1.93,10.18,2.40,0.96,0.71,0.48
33.803654,10.66,0.28,1.12,0.94,1.17,0.45,-34.69,22.69,-37.94,6.67,-7.24,6.47,1.42,-0.34,0.22,-3.89,-6.31,7.52,-0.34,-0.05,1.43,2.43,-7.77,7.57,1.09,-0.81,0.59,-0.91,-5.95,9.03,0.70,-0.61,1.14,2.27,10.25,1.75,1.03,0.95,0.45
33.803665,10.36,0.02,1.39,0.94,1.17,0.45,-34.44,22.94,-36.88,6.70,-6.55,6.95,1.59,-0.37,0.42,-4.06,-6.05,6.77,-0.55,-0.13,1.57,2.69,-7.26,7.70,1.20,-0.87,0.83,-0.82,-5.50,8.94,0.67,-0.60,1.39,1.92,9.91,1.17,1.12,1.20,0.40
33.803676,10.44,0.02,2.23,0.94,1.17,0.45,-34.69,23.69,-40.25,6.32,-5.36,7.79,1.71,-0.27,0.54,-4.40,-6.02,5.96,-0.71,-0.06,1.68,2.42,-6.09,8.26,1.33,-0.81,0.96,-1.24,-4.65,8.91,0.71,-0.50,1.54,1.47,9.78,0.35,1.25,1.28,0.29
33.803688,9.44,-0.18,3.19,0.94,1.17,0.45,-34.69,23.69,-40.25,5.79,-4.45,7.99,1.77,-0.18,0.62,-5.45,-5.59,5.74,-0.82,0.01,1.74,2.17,-4.91,8.55,1.40,-0.74,1.06,-1.72,-3.40,9.11,0.75,-0.44,1.66,1.66,9.94,-0.74,1.31,1.33,0.20
33.8037,8.21,-1.21,3.77,1.24,1.28,0.97,-34.69,23.69,-40.25,5.38,-3.65,7.90,1.82,-0.22,0.77,-6.41,-4.83,5.53,-0.94,-0.13,1.79,2.17,-3.84,8.72,1.39,-0.81,1.23,-1.98,-2.13,9.40,0.66,-0.49,1.82,1.94,9.85,-1.88,1.27,1.52,0.19
33.803715,8.25,-1.10,4.57,1.53,1.16,0.94,-34.69,23.69,-40.25,5.28,-2.60,8.82,1.85,-0.25,0.90,-6.58,-4.67,4.53,-1.05,-0.20,1.81,2.38,-2.98,9.19,1.39,-0.81,1.36,-1.78,-1.59,9.29,0.60,-0.47,1.91,1.41,9.53,-2.62,1.27,1.63,0.14
33.803726,8.18,-1.10,5.30,1.63,1.13,1.02,-34.69,23.69,-40.25,4.80,-1.62,9.52,1.81,-0.16,0.95,-7.04,-4.75,3.81,-1.12,-0.11,1.74,2.02,-1.91,9.69,1.39,-0.71,1.41,-2.64,-0.58,9.42,0.59,-0.36,1.96,0.97,9.58,-3.36,1.26,1.58,0.02
33.803737,6.98,-1.90,5.57,1.35,0.97,1.04,-34.69,23.69,-40.25,3.74,-1.00,9.10,1.74,-0.18,0.99,-7.99,-4.29,3.82,-1.13,-0.13,1.65,1.09,-0.93,9.64,1.30,-0.73,1.43,-3.57,0.35,9.36,0.51,-0.38,1.93,1.23,9.66,-4.23,1.14,1.57,0.01
33.803748,6.88,-2.09,5.83,1.35,0.97,1.04,-32.25,23.44,-44.88,3.55,-0.53,9.10,1.73,-0.34,0.99,-8.06,-3.78,3.35,-1.09,-0.26,1.64,1.14,-0.65,9.41,1.23,-0.86,1.42,-3.39,0.50,8.95,0.45,-0.52,1.90,1.15,9.15,-4.64,1.07,1.63,0.12
33.803759,7.06,-1.71,6.56,1.35,0.97,1.04,-32.25,23.44,-44.88,3.73,0.36,10.00,1.71,-0.33,0.92,-8.01,-3.58,2.50,-1.02,-0.26,1.64,1.54,0.06,9.87,1.23,-0.83,1.33,-3.10,1.07,9.00,0.49,-0.49,1.84,0.80,8.78,-5.16,1.09,1.57,0.15
33.80377,6.22,-1.98,7.18,1.29,1.03,0.87,-31.94,25.56,-46.00,3.40,0.91,10.29,1.61,-0.23,0.85,-8.68,-3.40,2.30,-0.97,-0.18,1.55,1.40,0.87,10.17,1.19,-0.71,1.25,-3.54,2.04,9.34,0.50,-0.39,1.74,0.81,8.97,-5.89,1.06,1.45,0.10
33.805892,5.84,-2.55,7.05,1.20,0.90,0.82,-31.94,25.56,-46.00,2.89,1.17,10.40,1.52,-0.24,0.83,-9.11,-3.30,2.08,-0.94,-0.21,1.44,0.94,1.29,10.30,1.10,-0.70,1.22,-4.01,2.41,9.26,0.43,-0.39,1.66,0.64,9.01,-6.32,0.97,1.40,0.11
33.805908,5.88,-2.89,7.25,1.20,0.90,0.82,-31.06,23.88,-44.62,2.38,1.40,10.86,1.43,-0.23,0.77,-9.12,-3.62,1.36,-0.88,-0.21,1.34,0.47,1.55,10.52,1.05,-0.67,1.15,-4.60,2.48,8.98,0.42,-0.37,1.55,-0.06,8.93,-6.53,0.90,1.31,0.11
33.805918,6.30,-3.09,7.68,1.20,0.90,0.82,-31.62,25.50,-45.62,1.57,1.57,10.97,1.31,-0.22,0.65,-9.36,-3.93,0.99,-0.74,-0.18,1.24,-0.33,1.97,10.64,0.98,-0.64,1.01,-5.38,2.69,8.72,0.43,-0.36,1.39,-0.51,9.03,-6.76,0.83,1.15,0.16
33.805928,5.76,-3.70,7.25,1.20,0.90,0.82,-31.62,25.50,-45.62,0.83,1.36,10.26,1.22,-0.35,0.52,-9.50,-3.80,1.08,-0.53,-0.28,1.19,-1.11,2.05,10.21,0.85,-0.75,0.85,-6.02,2.80,8.36,0.40,-0.50,1.22,-0.45,8.94,-6.83,0.72,1.06,0.35
33.805936,5.69,-3.62,7.02,1.20,0.90,0.82,-30.44,25.19,-48.12,0.67,1.29,9.84,1.20,-0.59,0.38,-9.05,-3.50,0.89,-0.31,-0.45,1.22,-1.18,1.82,9.60,0.76,-0.98,0.69,-5.76,2.48,7.83,0.40,-0.74,1.07,-0.46,8.41,-6.65,0.64,1.05,0.62
33.809624,5.69,-3.24,7.25,1.21,0.82,-0.15,-30.44,25.19,-48.12,1.03,1.49,10.04,1.21,-0.72,0.22,-8.69,-3.41,0.59,-0.13,-0.50,1.28,-0.68,1.81,9.54,0.76,-1.11,0.52,-5.23,2.37,7.66,0.47,-0.90,0.93,-0.56,8.11,-6.58,0.65,0.97,0.80
33.827235,5.57,-2.89,7.44,1.08,0.97,-0.26,-30.44,25.19,-48.12,1.38,1.87,10.40,1.19,-0.73,0.04,-8.60,-3.37,0.53,0.05,-0.45,1.28,-0.30,2.08,9.85,0.75,-1.12,0.33,-4.95,2.57,7.87,0.56,-0.92,0.75,-0.48,8.04,-6.62,0.66,0.80,0.90
33.851303,5.38,-2.51,7.90,0.83,1.04,-0.33,-29.25,20.81,-47.00,1.80,2.27,10.78,1.11,-0.66,-0.18,-8.93,-3.18,0.86,0.28,-0.38,1.21,0.14,2.45,10.39,0.68,-1.08,0.09,-4.75,2.97,8.37,0.65,-0.88,0.49,-0.13,8.23,-6.86,0.64,0.56,1.03
33.872033,5.53,-2.55,8.24,0.39,0.99,-0.53,-29.25,20.81,-47.00,1.95,2.42,11.05,1.00,-0.64,-0.34,-9.17,-3.13,0.93,0.45,-0.32,1.12,0.44,2.26,10.37,0.63,-1.02,-0.10,-4.55,3.01,8.73,0.70,-0.83,0.27,0.08,8.55,-7.10,0.61,0.34,1.13
33.894844,6.07,-2.51,8.82,0.39,0.99,-0.53,-28.38,20.56,-47.69,2.04,2.63,11.48,0.92,-0.56,-0.56,-9.50,-3.08,1.13,0.62,-0.11,1.00,0.62,2.32,10.81,0.63,-0.95,-0.34,-4.63,3.07,9.15,0.80,-0.78,0.07,0.34,8.85,-7.28,0.61,0.08,1.14
34.312665,6.38,-2.40,9.39,-0.01,1.11,-0.72,-27.81,19.50,-48.94,2.53,2.87,11.88,0.77,-0.53,-0.83,-10.38,-2.97,1.81,0.80,0.07,0.88,0.97,2.74,11.63,0.59,-0.89,-0.61,-4.82,3.68,10.06,0.88,-0.78,-0.15,0.96,9.58,-7.74,0.58,-0.18,1.16
34.312713,6.14,-2.48,9.51,-0.01,1.11,-0.72,-26.56,17.44,-50.06,2.96,3.12,12.15,0.61,-0.59,-0.96,-11.27,-2.78,2.59,0.95,0.04,0.75,1.41,3.08,12.17,0.42,-0.91,-0.80,-4.89,4.26,10.83,0.82,-0.84,-0.34,1.65,10.24,-8.16,0.42,-0.30,1.23
34.312727,5.95,-2.29,9.63,-0.01,1.11,-0.72,-26.56,18.00,-50.44,3.59,3.13,12.14,0.43,-0.72,-1.02,-11.54,-2.53,3.07,1.08,-0.12,0.58,1.93,3.11,12.47,0.21,-0.97,-0.88,-4.46,4.43,11.37,0.67,-0.95,-0.52,2.20,10.41,-8.21,0.21,-0.35,1.30
34.31274,6.11,-2.02,9.77,0.04,0.57,-1.32,-26.56,18.00,-50.44,4.14,3.14,12.14,0.26,-0.83,-1.04,-11.38,-2.30,3.27,1.16,-0.25,0.44,2.56,2.77,12.29,0.02,-0.99,-0.95,-3.88,4.22,11.46,0.54,-1.03,-0.67,2.47,10.26,-8.05,0.02,-0.38,1.34
34.312752,6.57,-0.83,9.93,-0.01,0.44,-1.39,-24.50,16.50,-51.69,4.70,3.17,12.11,0.08,-0.88,-1.09,-11.03,-2.14,3.38,1.26,-0.31,0.27,2.97,2.60,12.28,-0.15,-0.96,-1.04,-3.18,3.92,11.47,0.44,-1.03,-0.83,2.75,10.09,-7.81,-0.15,-0.48,1.35
34.312769,6.45,-0.45,9.78,-0.14,0.37,-1.43,-24.50,16.50,-51.69,5.14,3.34,12.29,-0.10,-0.84,-1.16,-10.85,-2.22,3.53,1.32,-0.28,0.09,3.68,2.43,12.28,-0.28,-0.85,-1.13,-2.86,3.96,11.78,0.37,-0.95,-0.98,2.88,10.15,-7.62,-0.28,-0.62,1.28
34.312781,6.45,-0.45,9.78,-0.37,0.21,-1.46,-21.81,12.00,-50.19,5.61,3.25,12.20,-0.32,-0.74,-1.23,-10.62,-2.06,3.87,1.37,-0.22,-0.16,4.02,2.24,12.29,-0.43,-0.68,-1.24,-2.41,3.71,11.84,0.27,-0.83,-1.17,3.22,10.05,-7.35,-0.43,-0.80,1.17
34.313114,6.80,-0.10,9.47,-0.37,0.21,-1.46,-21.81,12.00,-50.19,5.97,2.84,11.80,-0.50,-0.66,-1.27,-10.45,-1.80,4.20,1.39,-0.16,-0.35,4.29,1.67,11.92,-0.54,-0.53,-1.32,-2.01,3.31,11.80,0.20,-0.70,-1.33,3.59,9.97,-7.12,-0.54,-0.93,1.09
34.313138,7.10,-0.10,9.51,-0.72,-0.04,-1.43,-21.81,12.00,-50.19,6.24,2.77,11.76,-0.67,-0.54,-1.32,-10.38,-1.73,4.46,1.39,-0.10,-0.49,4.50,1.57,12.04,-0.64,-0.37,-1.39,-1.80,3.20,11.97,0.15,-0.58,-1.45,3.84,10.01,-6.99,-0.63,-1.03,1.02
34.313153,6.99,0.28,9.43,-0.92,-0.25,-1.39,-21.50,12.94,-52.12,6.62,2.61,11.56,-0.83,-0.45,-1.33,-10.52,-1.64,4.88,1.37,-0.06,-0.66,4.90,1.37,11.99,-0.76,-0.23,-1.43,-1.42,3.17,12.26,0.07,-0.46,-1.54,4.25,10.20,-6.90,-0.73,-1.12,0.89
34.313184,6.99,0.48,9.32,-0.92,-0.25,-1.39,-20.62,11.38,-53.31,7.06,2.52,11.55,-0.99,-0.37,-1.31,-10.36,-1.69,5.09,1.34,-0.03,-0.84,5.27,1.18,12.01,-0.87,-0.09,-1.44,-1.10,3.00,12.44,-0.03,-0.34,-1.63,4.39,10.24,-6.67,-0.84,-1.20,0.73
34.313199,7.10,0.74,9.16,-1.00,-0.43,-1.34,-20.62,11.38,-53.31,7.40,2.25,11.41,-1.14,-0.25,-1.28,-9.99,-1.69,5.28,1.28,0.05,-1.05,5.50,0.69,11.79,-0.96,0.08,-1.45,-0.73,2.55,12.36,-0.12,-0.19,-1.71,4.53,10.13,-6.28,-0.94,-1.31,0.53
34.313214,7.41,0.89,8.94,-1.00,-0.43,-1.34,-19.75,14.69,-51.75,7.52,1.75,10.93,-1.25,-0.11,-1.24,-9.76,-1.61,5.61,1.23,0.14,-1.20,5.50,0.17,11.44,-1.01,0.24,-1.44,-0.56,2.06,12.21,-0.17,-0.05,-1.76,4.76,10.07,-5.92,-0.99,-1.38,0.38
34.31892,7.68,0.86,8.71,-1.00,-0.43,-1.34,-19.75,17.00,-53.56,7.62,1.30,10.43,-1.32,-0.03,-1.21,-9.62,-1.54,6.05,1.16,0.18,-1.27,5.53,-0.23,11.14,-1.04,0.34,-1.41,-0.40,1.74,12.17,-0.21,0.05,-1.76,5.07,10.09,-5.60,-1.02,-1.39,0.30
34.318946,7.64,1.28,7.82,-1.19,-0.74,-1.04,-19.75,17.00,-53.56,7.87,0.93,9.99,-1.36,0.01,-1.12,-9.29,-1.54,6.43,1.07,0.15,-1.32,5.74,-0.57,10.89,-1.09,0.41,-1.34,-0.02,1.40,12.12,-0.31,0.12,-1.74,5.31,10.01,-5.13,-1.07,-1.33,0.22
34.318957,7.64,1.62,7.56,-1.19,-0.74,-1.04,-20.56,15.56,-55.50,8.11,0.63,9.64,-1.39,0.06,-1.03,-8.79,-1.52,6.60,0.97,0.14,-1.37,6.00,-0.99,10.49,-1.14,0.48,-1.26,0.44,1.00,11.91,-0.39,0.19,-1.69,5.42,9.77,-4.66,-1.11,-1.29,0.12
34.318966,7.64,1.74,7.18,-1.19,-0.74,-1.04,-20.56,15.56,-55.50,8.33,0.17,9.20,-1.41,0.15,-0.90,-8.12,-1.45,6.71,0.82,0.16,-1.42,6.17,-1.58,9.92,-1.14,0.59,-1.13,0.96,0.41,11.53,-0.45,0.31,-1.61,5.49,9.43,-4.13,-1.11,-1.23,-0.05
34.318978,7.71,1.78,6.56,-1.16,-0.91,-0.64,-20.56,15.56,-55.50,8.21,-0.28,8.66,-1.40,0.25,-0.77,-7.64,-1.49,6.84,0.66,0.20,-1.44,5.98,-2.01,9.44,-1.11,0.69,-0.99,1.03,-0.04,11.15,-0.50,0.42,-1.49,5.49,9.20,-3.64,-1.08,-1.16,-0.21
34.318992,7.71,1.78,6.56,-1.10,-0.92,-0.51,-21.19,16.94,-53.56,8.13,-0.77,8.23,-1.34,0.31,-0.64,-7.24,-1.54,6.79,0.51,0.23,-1.41,5.85,-2.45,9.03,-1.07,0.73,-0.85,1.17,-0.49,10.75,-0.52,0.50,-1.34,5.37,8.98,-3.32,-1.02,-1.06,-0.33
34.331294,7.71,1.66,6.25,-1.10,-0.92,-0.51,-21.19,18.25,-55.25,7.95,-0.95,8.33,-1.26,0.42,-0.51,-6.87,-1.84,6.58,0.34,0.29,-1.37,5.49,-2.64,8.96,-0.97,0.83,-0.69,0.90,-0.83,10.45,-0.51,0.62,-1.17,4.87,8.91,-2.97,-0.92,-0.96,-0.47
34.348978,7.95,1.28,5.83,-1.10,-0.92,-0.51,-21.19,18.25,-55.25,7.46,-1.21,8.31,-1.19,0.54,-0.39,-6.87,-2.30,6.42,0.18,0.37,-1.32,4.91,-2.74,8.94,-0.88,0.92,-0.56,0.37,-0.97,10.30,-0.50,0.73,-1.05,4.56,9.09,-2.92,-0.84,-0.90,-0.57
34.37343,8.18,0.59,5.83,-0.93,-0.80,0.02,-21.75,20.62,-53.50,6.95,-1.47,8.36,-1.11,0.58,-0.29,-7.04,-2.63,6.31,0.06,0.38,-1.25,4.32,-2.80,9.06,-0.81,0.93,-0.45,-0.22,-1.05,10.24,-0.49,0.77,-0.92,4.23,9.33,-2.93,-0.78,-0.80,-0.63
34.395227,8.21,0.44,5.76,-0.93,-0.80,0.02,-23.25,21.75,-56.50,6.69,-1.56,8.60,-1.04,0.57,-0.19,-7.25,-2.99,6.23,-0.04,0.35,-1.19,3.98,-2.71,9.36,-0.77,0.91,-0.34,-0.69,-0.97,10.35,-0.51,0.76,-0.80,3.95,9.62,-2.98,-0.74,-0.69,-0.66
34.82345,8.17,0.32,5.68,-0.71,-0.84,0.09,-23.19,24.19,-56.94,6.45,-1.72,8.64,-1.00,0.53,-0.07,-7.32,-3.18,6.20,-0.12,0.26,-1.14,3.68,-2.72,9.41,-0.77,0.87,-0.22,-1.00,-0.98,10.32,-0.57,0.73,-0.69,3.79,9.71,-2.95,-0.75,-0.56,-0.67
34.823558,8.13,0.17,5.53,-0.71,-0.84,0.09,-23.19,24.19,-56.94,6.27,-1.98,8.57,-0.96,0.48,0.03,-7.12,-3.32,6.08,-0.20,0.18,-1.09,3.49,-2.91,9.32,-0.77,0.82,-0.11,-1.09,-1.24,10.16,-0.62,0.69,-0.59,3.60,9.64,-2.75,-0.75,-0.44,-0.67
34.823577,8.33,0.13,5.41,-0.46,-0.86,0.17,-25.00,23.44,-55.69,6.14,-2.22,8.63,-0.89,0.45,0.14,-6.89,-3.71,5.92,-0.29,0.12,-1.01,3.23,-3.14,9.31,-0.76,0.77,0.00,-1.33,-1.53,9.98,-0.65,0.67,-0.47,3.24,9.69,-2.49,-0.73,-0.31,-0.68
34.823593,8.63,0.17,5.03,-0.46,-0.86,0.17,-25.31,25.19,-53.81,6.03,-2.41,8.53,-0.84,0.42,0.22,-6.78,-3.91,5.99,-0.35,0.06,-0.96,3.03,-3.17,9.32,-0.76,0.74,0.08,-1.49,-1.62,9.94,-0.69,0.64,-0.40,3.15,9.74,-2.30,-0.73,-0.22,-0.66
34.823608,8.41,0.17,4.49,-0.46,-0.86,0.17,-25.31,25.19,-53.81,5.78,-2.56,8.40,-0.79,0.37,0.31,-6.62,-4.06,6.03,-0.39,-0.04,-0.92,2.77,-3.36,9.03,-0.78,0.69,0.17,-1.60,-1.85,9.66,-0.74,0.60,-0.34,3.05,9.71,-2.06,-0.75,-0.11,-0.63
34.82362,8.48,0.09,4.22,-0.21,-0.91,0.23,-25.31,25.19,-53.81,5.53,-2.99,7.87,-0.74,0.30,0.39,-6.27,-4.04,6.03,-0.44,-0.17,-0.84,2.46,-3.74,8.49,-0.77,0.61,0.25,-1.61,-2.22,9.24,-0.77,0.52,-0.25,2.99,9.46,-1.75,-0.75,0.03,-0.56
34.823633,8.59,-0.10,3.96,-0.21,-0.91,0.23,-27.44,24.94,-52.75,5.42,-3.36,7.30,-0.63,0.19,0.47,-5.72,-3.97,5.93,-0.48,-0.30,-0.69,2.27,-4.14,7.89,-0.71,0.47,0.34,-1.43,-2.68,8.73,-0.76,0.39,-0.11,2.90,9.07,-1.38,-0.71,0.19,-0.48
34.823722,8.45,0.48,3.42,-0.21,-0.91,0.23,-27.44,23.75,-51.81,5.52,-3.56,6.98,-0.46,0.09,0.54,-5.07,-3.91,5.72,-0.54,-0.35,-0.53,2.47,-4.46,7.47,-0.60,0.32,0.44,-1.01,-3.02,8.36,-0.74,0.28,0.04,2.79,8.59,-1.00,-0.61,0.34,-0.43
34.823734,8.37,0.63,3.38,0.32,-0.61,0.29,-27.44,23.75,-51.81,5.63,-3.36,7.32,-0.33,0.09,0.58,-4.67,-3.97,5.49,-0.61,-0.31,-0.40,2.73,-4.47,7.47,-0.48,0.28,0.51,-0.73,-3.13,8.19,-0.66,0.27,0.17,2.59,8.37,-0.82,-0.48,0.41,-0.45
34.823751,8.25,0.63,3.42,0.28,-0.49,0.44,-27.44,23.75,-51.81,5.60,-3.36,7.22,-0.26,0.14,0.60,-4.72,-3.96,5.55,-0.68,-0.25,-0.30,2.63,-4.34,7.51,-0.36,0.30,0.58,-0.81,-3.02,8.19,-0.58,0.30,0.28,2.67,8.40,-0.86,-0.38,0.45,-0.49
34.823765,8.13,0.55,3.38,0.28,-0.49,0.44,-28.06,26.19,-50.44,5.53,-3.47,6.94,-0.15,0.13,0.66,-4.94,-3.82,5.75,-0.75,-0.26,-0.20,2.56,-4.28,7.47,-0.28,0.26,0.66,-0.92,-2.83,8.31,-0.54,0.28,0.42,2.88,8.49,-0.97,-0.30,0.57,-0.48
34.823777,8.03,0.17,3.38,0.64,-0.35,0.63,-28.56,25.50,-51.38,5.62,-3.57,6.85,-0.01,0.07,0.77,-4.91,-3.74,5.67,-0.84,-0.32,-0.05,2.64,-4.39,7.36,-0.19,0.16,0.81,-0.80,-2.88,8.31,-0.53,0.22,0.61,2.85,8.39,-1.01,-0.20,0.72,-0.46
34.823788,8.33,0.28,3.65,0.64,-0.35,0.63,-28.56,25.50,-51.38,5.71,-3.38,7.16,0.12,0.06,0.85,-4.91,-3.85,5.50,-0.91,-0.32,0.08,2.74,-4.27,7.56,-0.09,0.11,0.92,-0.84,-2.81,8.37,-0.50,0.20,0.76,2.69,8.45,-1.05,-0.09,0.83,-0.47
34.8238,8.37,0.40,3.77,0.73,-0.23,0.73,-28.56,25.50,-51.38,5.62,-3.11,7.46,0.21,0.08,0.91,-5.15,-3.97,5.52,-0.99,-0.30,0.17,2.64,-3.97,7.88,-0.00,0.09,1.01,-1.09,-2.59,8.52,-0.47,0.21,0.87,2.69,8.66,-1.22,-0.02,0.90,-0.50
34.82597,8.18,0.48,3.80,0.73,-0.23,0.73,-29.50,25.50,-49.56,5.48,-3.15,7.36,0.29,0.05,0.99,-5.44,-3.94,5.63,-1.06,-0.34,0.25,2.49,-3.89,7.95,0.04,0.04,1.10,-1.35,-2.39,8.66,-0.46,0.16,0.99,2.76,8.83,-1.40,0.02,1.01,-0.49
34.825991,8.29,-0.02,4.03,0.99,-0.18,0.84,-29.50,25.50,-49.56,5.39,-2.96,7.70,0.37,-0.01,1.07,-5.58,-4.10,5.40,-1.13,-0.40,0.33,2.39,-3.72,8.25,0.08,-0.04,1.20,-1.53,-2.28,8.77,-0.47,0.10,1.10,2.50,8.92,-1.55,0.06,1.13,-0.48
34.826005,8.45,-0.14,4.26,1.00,-0.16,0.90,-30.44,24.75,-48.38,5.35,-2.75,8.26,0.42,-0.02,1.12,-5.75,-4.34,5.07,-1.18,-0.40,0.38,2.33,-3.52,8.63,0.12,-0.05,1.26,-1.73,-2.18,8.89,-0.46,0.11,1.17,2.16,9.06,-1.77,0.10,1.18,-0.50
34.826017,8.55,-0.45,4.53,1.00,-0.16,0.90,-30.44,24.75,-48.38,5.13,-2.61,8.57,0.45,0.01,1.15,-6.11,-4.43,4.92,-1.21,-0.38,0.41,2.12,-3.30,8.90,0.15,-0.03,1.30,-2.12,-1.91,9.05,-0.45,0.13,1.21,2.04,9.27,-2.09,0.14,1.20,-0.53
34.826028,8.41,-1.06,4.72,1.00,-0.14,0.98,-30.44,24.75,-48.38,4.93,-2.51,8.78,0.48,-0.00,1.20,-6.62,-4.44,4.86,-1.25,-0.41,0.45,1.86,-3.03,9.20,0.16,-0.06,1.35,-2.49,-1.59,9.26,-0.46,0.12,1.28,1.99,9.52,-2.47,0.15,1.27,-0.52
34.82604,8.52,-1.25,5.03,1.10,-0.15,0.98,-30.44,24.75,-48.38,4.88,-2.36,9.23,0.52,-0.02,1.25,-6.88,-4.55,4.52,-1.30,-0.44,0.49,1.81,-2.88,9.53,0.17,-0.08,1.41,-2.67,-1.42,9.42,-0.48,0.11,1.33,1.70,9.65,-2.80,0.17,1.34,-0.53
34.840731,8.75,-1.36,5.38,1.10,-0.15,0.98,-30.75,24.50,-47.25,4.71,-2.03,10.04,0.53,0.03,1.28,-7.23,-4.87,4.09,-1.36,-0.40,0.49,1.64,-2.55,10.11,0.20,-0.03,1.44,-3.14,-1.12,9.70,-0.48,0.17,1.37,1.25,9.96,-3.17,0.20,1.34,-0.60
34.863108,8.75,-1.98,5.80,1.10,-0.15,0.98,-31.31,26.06,-46.06,4.30,-1.82,10.49,0.50,0.10,1.29,-7.86,-5.14,3.92,-1.39,-0.34,0.45,1.15,-2.07,10.67,0.19,0.04,1.45,-3.86,-0.70,9.95,-0.49,0.23,1.35,1.00,10.37,-3.64,0.19,1.30,-0.67
34.884709,8.68,-2.48,5.91,0.94,-0.20,1.09,-31.31,26.06,-46.06,3.85,-1.70,10.73,0.47,0.07,1.31,-8.43,-5.19,3.78,-1.39,-0.38,0.42,0.76,-1.76,10.93,0.13,0.04,1.45,-4.46,-0.32,10.09,-0.54,0.21,1.34,0.81,10.63,-4.09,0.14,1.32,-0.66
34.905964,8.64,-2.78,6.10,1.02,-0.26,1.03,-31.31,26.06,-46.06,3.57,-1.43,11.21,0.43,0.03,1.33,-8.72,-5.42,3.39,-1.38,-0.45,0.38,0.45,-1.42,11.32,0.07,0.03,1.46,-4.87,-0.05,10.16,-0.59,0.20,1.30,0.42,10.77,-4.40,0.07,1.33,-0.63
35.33366,8.52,-2.89,6.37,1.02,-0.26,1.03,-32.56,25.12,-44.06,3.24,-1.14,11.71,0.34,0.04,1.32,-8.83,-5.66,2.85,-1.35,-0.47,0.28,0.14,-1.10,11.56,-0.00,0.07,1.42,-5.22,0.14,10.08,-0.64,0.23,1.21,-0.10,10.76,-4.65,-0.02,1.26,-0.64
35.333687,8.48,-3.16,6.37,1.02,-0.26,1.03,-32.56,25.12,-44.06,2.93,-0.96,12.06,0.25,0.09,1.27,-8.70,-5.85,2.32,-1.31,-0.41,0.17,-0.18,-0.95,11.70,-0.06,0.17,1.33,-5.52,0.28,10.13,-0.67,0.32,1.09,-0.59,10.62,-4.74,-0.06,1.15,-0.69
35.333699,8.59,-3.24,6.52,0.75,-0.46,0.94,-32.56,25.12,-44.06,2.60,-0.73,12.44,0.14,0.22,1.15,-8.76,-5.99,1.89,-1.26,-0.26,0.03,-0.42,-0.75,11.81,-0.09,0.32,1.21,-5.70,0.16,9.61,-0.64,0.45,0.93,-0.92,10.58,-4.95,-0.09,0.96,-0.77
35.33371,8.55,-3.43,6.79,0.47,-0.46,0.95,-32.56,25.12,-44.06,2.29,-0.53,12.70,0.01,0.38,1.00,-9.02,-6.11,1.63,-1.20,-0.10,-0.11,-0.68,-0.48,11.96,-0.12,0.49,1.04,-6.11,0.46,9.66,-0.59,0.59,0.77,-1.16,10.69,-5.23,-0.11,0.75,-0.87
35.333721,8.18,-4.39,6.79,0.01,-0.54,0.90,-32.56,25.12,-44.06,1.89,-0.54,12.67,-0.15,0.50,0.87,-9.33,-6.18,1.58,-1.14,-0.01,-0.27,-1.12,-0.24,12.00,-0.18,0.64,0.88,-6.62,0.75,9.68,-0.57,0.70,0.58,-1.28,10.96,-5.46,-0.19,0.55,-0.96
35.333731,7.98,-4.54,6.60,-0.05,-0.62,0.79,-32.56,25.12,-44.06,1.45,-0.64,12.37,-0.26,0.52,0.78,-9.55,-6.16,1.52,-1.05,0.02,-0.39,-1.59,-0.07,11.89,-0.26,0.70,0.76,-7.02,0.91,9.51,-0.59,0.72,0.43,-1.36,10.84,-5.63,-0.28,0.42,-0.95
35.333741,7.75,-4.62,6.33,-0.04,-0.71,0.64,-34.31,30.12,-42.06,1.05,-0.71,12.02,-0.37,0.46,0.70,-9.35,-6.12,1.35,-0.91,-0.03,-0.50,-1.92,-0.06,11.54,-0.36,0.68,0.65,-7.14,0.85,9.14,-0.63,0.67,0.28,-1.55,10.60,-5.52,-0.39,0.34,-0.85
35.333753,7.79,-4.31,6.02,-0.07,-0.75,0.49,-34.31,30.12,-42.06,0.85,-0.74,11.97,-0.49,0.40,0.57,-8.84,-6.28,0.94,-0.75,-0.03,-0.61,-2.10,-0.17,11.29,-0.47,0.66,0.48,-7.09,0.59,8.75,-0.65,0.63,0.08,-1.94,10.27,-5.25,-0.50,0.19,-0.75
35.333763,7.83,-4.28,5.99,-0.21,-0.74,0.38,-34.31,30.12,-42.06,0.82,-0.70,12.13,-0.60,0.45,0.42,-8.59,-6.45,0.65,-0.63,0.06,-0.73,-2.05,-0.17,11.26,-0.54,0.74,0.30,-7.01,0.51,8.63,-0.64,0.69,-0.12,-2.21,10.13,-5.11,-0.56,-0.01,-0.75
35.333776,7.68,-4.35,5.83,-0.49,-0.78,0.33,-34.31,30.12,-42.06,0.83,-0.82,12.00,-0.74,0.53,0.28,-8.56,-6.46,0.61,-0.49,0.16,-0.88,-2.21,-0.25,11.03,-0.60,0.87,0.15,-7.00,0.45,8.43,-0.64,0.79,-0.32,-2.21,10.11,-5.09,-0.61,-0.21,-0.79
35.333787,7.60,-4.62,5.68,-0.49,-0.78,0.33,-34.94,30.75,-38.94,0.63,-1.05,11.63,-0.85,0.56,0.16,-8.50,-6.38,0.74,-0.37,0.21,-1.00,-2.37,-0.34,10.85,-0.67,0.91,0.02,-7.10,0.34,8.21,-0.62,0.81,-0.47,-2.17,10.04,-4.97,-0.67,-0.36,-0.77
35.333797,7.56,-4.77,5.14,-0.49,-0.78,0.33,-36.75,33.44,-39.38,0.35,-1.33,11.11,-0.96,0.54,0.06,-8.19,-6.43,0.68,-0.22,0.21,-1.11,-2.65,-0.57,10.33,-0.74,0.91,-0.12,-7.16,0.04,7.71,-0.60,0.78,-0.61,-2.27,9.79,-4.67,-0.76,-0.49,-0.71
35.333807,7.52,-4.66,4.84,-0.49,-0.78,0.33,-36.75,33.44,-39.38,0.16,-1.62,10.56,-0.99,0.51,-0.05,-7.64,-6.28,0.51,-0.10,0.21,-1.15,-2.76,-0.89,9.72,-0.76,0.89,-0.24,-6.90,-0.38,7.14,-0.55,0.72,-0.72,-2.38,9.29,-4.35,-0.77,-0.57,-0.64
35.336281,7.57,-4.66,4.61,-0.81,-0.88,-0.05,-36.75,33.44,-39.38,0.11,-1.74,10.26,-1.00,0.53,-0.20,-6.99,-6.26,0.20,0.01,0.29,-1.16,-2.74,-1.11,9.25,-0.73,0.89,-0.40,-6.64,-0.63,6.72,-0.46,0.72,-0.83,-2.59,8.82,-4.02,-0.74,-0.70,-0.58
35.336301,7.11,-4.28,4.11,-1.10,-0.68,-0.12,-36.50,32.62,-36.12,0.17,-1.80,10.00,-1.03,0.60,-0.38,-6.59,-6.28,0.12,0.13,0.41,-1.18,-2.67,-1.14,9.00,-0.70,0.93,-0.57,-6.44,-0.72,6.48,-0.34,0.75,-0.97,-2.66,8.58,-3.76,-0.70,-0.87,-0.56
35.336314,6.91,-4.35,3.42,-1.10,-0.68,-0.12,-37.00,35.00,-36.44,0.13,-2.00,9.58,-1.06,0.66,-0.51,-6.34,-6.25,0.18,0.23,0.50,-1.22,-2.69,-1.28,8.69,-0.69,0.98,-0.71,-6.37,-0.77,6.32,-0.29,0.78,-1.10,-2.64,8.38,-3.55,-0.69,-1.00,-0.55
35.33633,6.91,-4.35,3.42,-1.32,-0.65,-0.23,-37.00,35.00,-36.44,-0.08,-2.16,9.13,-1.09,0.69,-0.63,-6.02,-6.23,0.16,0.33,0.57,-1.26,-2.88,-1.43,8.25,-0.67,0.99,-0.82,-6.28,-0.99,5.92,-0.23,0.79,-1.21,-2.69,8.12,-3.29,-0.68,-1.13,-0.52
35.336342,6.95,-4.24,2.88,-1.37,-0.60,-0.32,-37.06,33.50,-35.88,-0.14,-2.45,8.78,-1.09,0.68,-0.76,-5.68,-6.25,0.16,0.45,0.63,-1.27,-2.95,-1.74,7.86,-0.66,0.97,-0.95,-6.18,-1.37,5.57,-0.15,0.76,-1.30,-2.75,7.97,-2.99,-0.65,-1.24,-0.47
35.336354,7.10,-4.16,2.84,-1.42,-0.51,-0.39,-37.06,33.50,-35.88,-0.11,-2.70,8.50,-1.07,0.66,-0.89,-5.53,-6.34,0.35,0.55,0.68,-1.24,-3.06,-1.90,7.78,-0.62,0.94,-1.07,-6.26,-1.49,5.60,-0.07,0.72,-1.38,-2.68,8.01,-2.76,-0.62,-1.32,-0.39
35.347148,7.10,-4.16,2.84,-1.46,-0.42,-0.50,-37.31,34.50,-34.25,-0.07,-2.86,8.17,-1.07,0.56,-0.99,-5.62,-6.30,0.81,0.67,0.63,-1.21,-3.00,-1.93,7.65,-0.63,0.83,-1.16,-6.17,-1.46,5.67,-0.04,0.62,-1.45,-2.34,8.15,-2.63,-0.64,-1.35,-0.25
35.370441,6.76,-3.78,2.20,-1.46,-0.42,-0.50,-38.56,33.94,-33.75,0.20,-3.05,7.92,-1.07,0.39,-1.02,-5.43,-6.28,1.13,0.79,0.49,-1.19,-2.67,-2.15,7.50,-0.69,0.66,-1.21,-5.84,-1.59,5.73,-0.06,0.44,-1.50,-2.14,8.14,-2.34,-0.72,-1.32,-0.09
35.391616,6.95,-3.51,2.00,-1.18,-0.52,-0.89,-38.56,33.94,-33.75,0.40,-3.26,7.77,-1.10,0.26,-1.05,-5.12,-6.40,1.36,0.87,0.38,-1.19,-2.55,-2.46,7.39,-0.74,0.53,-1.24,-5.66,-1.89,5.72,-0.09,0.32,-1.53,-2.03,8.15,-1.92,-0.79,-1.30,0.03
35.412581,7.18,-3.24,1.62,-1.18,-0.52,-0.89,-37.06,33.44,-33.69,0.54,-3.74,7.17,-1.13,0.10,-1.07,-4.78,-6.41,1.85,0.99,0.24,-1.18,-2.54,-2.95,6.96,-0.81,0.37,-1.26,-5.47,-2.39,5.54,-0.12,0.13,-1.56,-1.73,8.11,-1.40,-0.87,-1.27,0.16
35.845394,7.56,-2.74,0.93,-1.10,-0.55,-1.04,-38.00,32.31,-31.00,1.00,-4.37,6.48,-1.09,-0.12,-1.07,-4.17,-6.32,2.39,1.09,0.03,-1.11,-2.18,-3.63,6.45,-0.87,0.15,-1.27,-4.84,-3.01,5.38,-0.16,-0.10,-1.57,-1.37,7.91,-0.69,-0.93,-1.16,0.37
35.845432,7.64,-2.25,0.62,-1.10,-0.55,-1.04,-37.38,29.31,-31.19,1.57,-4.79,6.16,-1.04,-0.27,-1.07,-3.47,-6.27,2.72,1.15,-0.13,-1.02,-1.64,-4.30,6.05,-0.88,-0.01,-1.27,-4.06,-3.64,5.25,-0.17,-0.25,-1.54,-1.09,7.64,0.02,-0.96,-1.07,0.53
35.845444,7.79,-1.79,0.32,-1.10,-0.55,-1.04,-38.62,27.81,-30.50,2.24,-5.26,5.97,-0.98,-0.35,-1.07,-2.72,-6.40,3.00,1.15,-0.20,-0.95,-1.01,-4.95,5.76,-0.86,-0.10,-1.24,-3.27,-4.24,5.21,-0.17,-0.32,-1.50,-0.95,7.48,0.73,-0.95,-1.00,0.59
35.845465,7.95,-1.32,-0.07,-1.10,-0.55,-1.04,-38.62,27.81,-30.50,2.41,-5.61,5.48,-0.91,-0.31,-1.01,-2.13,-6.45,3.42,1.15,-0.22,-0.91,-0.59,-5.61,5.32,-0.81,-0.12,-1.19,-2.75,-4.81,5.09,-0.14,-0.35,-1.46,-0.66,7.34,1.42,-0.93,-0.97,0.61
35.845475,8.63,-0.25,-1.02,-0.66,-0.39,-1.22,-37.44,25.19,-31.12,3.01,-6.31,4.83,-0.82,-0.36,-1.00,-1.25,-6.38,3.83,1.11,-0.22,-0.83,-0.37,-6.46,4.81,-0.73,-0.20,-1.15,-2.12,-5.79,4.74,-0.08,-0.39,-1.36,-0.43,6.97,2.30,-0.85,-0.91,0.64
35.845486,8.79,0.13,-1.21,-0.62,-0.23,-1.13,-37.44,24.06,-28.44,3.36,-6.68,4.51,-0.69,-0.36,-1.02,-0.70,-6.37,4.24,1.09,-0.15,-0.69,-0.19,-7.01,4.47,-0.59,-0.23,-1.13,-1.73,-6.37,4.60,0.02,-0.39,-1.28,-0.14,6.84,2.88,-0.71,-0.88,0.66
35.845495,8.71,0.21,-1.41,-0.61,-0.05,-1.06,-37.44,24.06,-28.44,3.81,-7.13,4.30,-0.54,-0.34,-1.02,-0.41,-6.31,4.67,1.04,-0.10,-0.53,0.21,-7.56,4.30,-0.45,-0.27,-1.09,-1.23,-6.77,4.74,0.12,-0.40,-1.16,0.16,6.85,3.26,-0.56,-0.81,0.68
35.845503,9.29,0.40,-1.41,-0.51,0.11,-0.96,-37.44,24.06,-28.44,4.24,-7.38,4.49,-0.37,-0.29,-0.99,-0.24,-6.52,4.92,0.96,-0.02,-0.38,0.54,-7.97,4.40,-0.27,-0.26,-1.01,-1.05,-7.13,4.95,0.24,-0.36,-1.00,0.23,7.07,3.59,-0.37,-0.74,0.65
35.845512,9.40,0.63,-1.29,-0.48,0.26,-0.81,-37.44,24.06,-28.44,4.40,-7.50,4.57,-0.23,-0.22,-0.97,-0.34,-6.74,5.19,0.88,0.09,-0.25,0.49,-7.97,4.78,-0.09,-0.25,-0.94,-1.10,-7.28,5.18,0.36,-0.33,-0.87,0.37,7.37,3.70,-0.21,-0.71,0.60
35.84552,9.44,0.55,-1.25,-0.51,0.36,-0.73,-37.44,24.06,-28.44,4.43,-7.62,4.45,-0.08,-0.20,-0.95,-0.54,-6.68,5.57,0.84,0.16,-0.11,0.55,-8.15,4.67,0.05,-0.28,-0.89,-1.17,-7.31,5.33,0.47,-0.35,-0.74,0.64,7.58,3.69,-0.07,-0.65,0.60
35.84553,9.52,0.48,-1.06,-0.22,0.62,-0.66,-37.44,24.06,-28.44,4.60,-7.72,4.46,0.12,-0.24,-0.91,-0.71,-6.62,5.88,0.79,0.18,0.08,0.64,-8.23,4.82,0.21,-0.38,-0.80,-1.16,-7.30,5.62,0.58,-0.43,-0.57,0.86,7.75,3.69,0.09,-0.54,0.64
35.845537,9.79,0.63,-0.83,-0.22,0.62,-0.66,-37.44,24.06,-28.44,4.85,-7.55,5.00,0.27,-0.26,-0.88,-0.86,-6.79,6.00,0.74,0.19,0.23,0.86,-8.16,5.30,0.34,-0.45,-0.73,-1.12,-7.28,5.98,0.66,-0.45,-0.44,0.88,8.04,3.66,0.22,-0.45,0.67
35.845547,9.98,0.74,-0.60,-0.13,0.74,-0.58,-37.44,24.06,-28.44,5.19,-7.31,5.68,0.37,-0.22,-0.86,-1.12,-7.02,6.11,0.69,0.24,0.35,1.15,-8.03,5.92,0.44,-0.43,-0.69,-1.17,-7.10,6.57,0.73,-0.43,-0.34,0.90,8.44,3.52,0.34,-0.41,0.65
35.845554,10.09,0.74,-0.30,-0.19,0.81,-0.48,-37.44,24.06,-28.44,5.27,-7.19,5.92,0.42,-0.17,-0.82,-1.62,-6.98,6.38,0.64,0.29,0.42,1.15,-7.84,6.24,0.52,-0.42,-0.63,-1.33,-6.82,6.92,0.76,-0.41,-0.26,1.18,8.78,3.23,0.41,-0.37,0.62
35.848071,9.90,0.59,-0.18,-0.21,0.82,-0.41,-37.44,24.06,-28.44,5.18,-7.29,5.70,0.51,-0.20,-0.76,-2.04,-6.81,6.63,0.59,0.26,0.52,1.08,-7.88,6.19,0.58,-0.48,-0.55,-1.49,-6.75,7.07,0.79,-0.46,-0.14,1.40,8.99,3.00,0.47,-0.28,0.65
35.848089,10.05,0.36,0.05,-0.02,0.86,-0.41,-37.44,24.06,-28.44,5.34,-7.25,6.03,0.64,-0.28,-0.71,-2.34,-6.87,6.78,0.54,0.21,0.65,1.14,-7.83,6.68,0.66,-0.61,-0.47,-1.59,-6.69,7.55,0.80,-0.55,-0.03,1.51,9.34,2.86,0.55,-0.15,0.71
35.848103,10.78,0.59,0.70,0.24,1.04,-0.35,-34.50,17.19,-33.69,5.82,-6.83,7.04,0.75,-0.32,-0.65,-3.02,-7.11,7.04,0.46,0.18,0.78,1.57,-7.51,7.62,0.69,-0.66,-0.41,-1.58,-6.31,8.38,0.81,-0.59,0.08,1.66,10.01,2.49,0.62,-0.03,0.71
35.848113,10.75,0.63,1.12,0.24,1.04,-0.35,-33.88,16.50,-36.50,6.22,-6.57,7.41,0.76,-0.34,-0.56,-3.70,-7.14,7.46,0.40,0.11,0.80,2.00,-7.11,8.30,0.67,-0.68,-0.30,-1.65,-5.74,9.15,0.75,-0.61,0.15,2.05,10.54,2.16,0.59,0.05,0.69
35.848126,10.51,0.63,1.24,0.24,1.04,-0.35,-33.88,16.50,-36.50,6.49,-6.66,7.11,0.76,-0.42,-0.41,-3.88,-6.73,7.92,0.33,-0.04,0.81,2.29,-7.30,8.14,0.61,-0.74,-0.17,-1.27,-5.83,9.29,0.63,-0.68,0.25,2.61,10.50,2.14,0.51,0.21,0.70
35.848136,10.86,0.93,1.43,0.67,0.75,-0.24,-33.25,16.69,-35.44,7.05,-6.64,7.29,0.86,-0.47,-0.26,-3.40,-6.51,7.70,0.21,-0.13,0.89,2.88,-7.80,7.92,0.65,-0.79,-0.02,-0.55,-6.33,9.22,0.59,-0.68,0.41,2.58,10.12,2.31,0.56,0.36,0.68
35.859543,11.13,1.66,2.23,0.67,0.75,-0.24,-33.25,16.69,-35.44,7.37,-6.11,7.95,0.93,-0.34,-0.20,-3.60,-6.43,7.58,0.07,-0.01,0.97,3.29,-7.35,8.47,0.76,-0.68,0.08,-0.45,-5.89,9.63,0.63,-0.53,0.52,2.69,10.28,1.93,0.68,0.40,0.56
35.882029,10.51,1.12,2.39,0.46,0.93,0.17,-32.94,15.00,-38.00,7.20,-5.79,7.67,0.96,-0.25,-0.07,-4.47,-6.05,8.08,-0.06,0.00,1.00,3.23,-6.71,8.66,0.80,-0.61,0.22,-0.74,-5.10,9.97,0.59,-0.46,0.64,3.30,10.61,1.36,0.70,0.49,0.47
35.905148,9.86,0.93,2.16,0.46,0.93,0.17,-32.62,15.88,-37.88,7.17,-5.76,7.00,1.02,-0.36,0.13,-4.51,-5.54,8.25,-0.19,-0.18,1.06,3.33,-6.68,8.14,0.77,-0.70,0.42,-0.48,-5.04,9.67,0.49,-0.56,0.82,3.62,10.26,1.28,0.66,0.73,0.49
35.926112,10.02,1.55,2.23,1.04,0.71,0.18,-32.62,15.88,-37.88,7.34,-5.53,6.79,1.13,-0.42,0.29,-3.81,-5.23,7.74,-0.31,-0.27,1.16,3.67,-6.74,7.69,0.83,-0.78,0.58,0.25,-5.34,9.12,0.47,-0.61,1.00,3.44,9.50,1.46,0.73,0.90,0.47
36.35375,9.52,1.93,2.50,1.03,0.96,0.53,-32.62,15.88,-37.88,7.43,-4.96,6.98,1.25,-0.31,0.37,-3.35,-4.94,7.08,-0.46,-0.18,1.28,3.96,-6.45,7.44,0.97,-0.70,0.69,0.63,-5.11,8.79,0.55,-0.50,1.17,3.22,8.91,1.31,0.89,0.97,0.34
36.353794,9.25,1.55,2.77,1.03,0.96,0.53,-32.62,15.88,-37.88,7.31,-4.61,7.09,1.34,-0.14,0.41,-3.55,-4.76,6.66,-0.59,-0.01,1.34,3.90,-5.94,7.56,1.10,-0.56,0.76,0.53,-4.63,8.76,0.63,-0.33,1.28,3.05,8.78,0.85,1.04,0.98,0.18
36.353811,9.14,1.01,2.96,0.89,1.05,0.75,-32.62,15.88,-37.88,6.84,-4.01,7.66,1.41,0.05,0.45,-4.10,-4.84,6.17,-0.73,0.18,1.37,3.59,-5.26,7.93,1.21,-0.41,0.82,0.14,-3.97,8.87,0.70,-0.13,1.38,2.68,8.97,0.20,1.17,0.96,0.00
36.353825,8.64,0.25,3.61,0.69,1.10,1.04,-32.62,15.88,-37.88,5.92,-3.33,8.14,1.40,0.22,0.47,-5.07,-5.05,5.85,-0.84,0.31,1.35,2.72,-4.21,8.47,1.30,-0.26,0.86,-1.22,-3.01,8.96,0.75,0.05,1.45,2.31,9.41,-0.62,1.23,0.91,-0.13
36.353838,8.48,-0.33,3.69,0.72,1.01,0.96,-32.62,15.88,-37.88,5.24,-3.21,8.02,1.39,0.22,0.49,-5.75,-4.97,5.67,-0.84,0.29,1.34,2.01,-3.71,8.68,1.27,-0.27,0.87,-2.07,-2.47,9.06,0.74,0.03,1.47,2.18,9.59,-1.21,1.22,0.94,-0.11
36.353851,8.79,-0.79,4.15,0.89,1.03,0.88,-31.44,18.06,-41.06,5.03,-2.95,8.62,1.42,0.17,0.52,-6.07,-5.00,5.12,-0.86,0.26,1.38,1.93,-3.40,9.07,1.26,-0.31,0.89,-2.41,-2.17,9.17,0.71,-0.01,1.48,1.73,9.67,-1.73,1.22,0.98,-0.07
36.353866,8.59,-1.06,4.95,0.84,1.09,0.94,-31.44,18.06,-41.06,4.70,-2.15,9.82,1.36,0.23,0.51,-6.84,-5.37,4.46,-0.88,0.33,1.34,1.68,-2.48,9.94,1.24,-0.24,0.87,-3.15,-1.24,9.62,0.69,0.05,1.43,1.22,10.11,-2.54,1.20,0.92,-0.13
36.353879,8.14,-1.48,5.03,0.66,0.97,0.95,-31.44,18.06,-41.06,4.16,-2.09,9.54,1.29,0.25,0.53,-7.52,-5.28,4.51,-0.86,0.29,1.23,1.19,-2.01,10.05,1.17,-0.21,0.88,-3.75,-0.71,9.71,0.60,0.04,1.37,1.34,10.32,-3.02,1.10,0.89,-0.15
36.353892,7.95,-1.90,4.84,0.72,0.76,0.83,-31.44,18.06,-41.06,3.82,-2.15,9.28,1.28,0.13,0.59,-7.59,-5.01,4.26,-0.83,0.15,1.18,0.93,-2.03,9.83,1.07,-0.29,0.92,-3.78,-0.84,9.31,0.51,-0.06,1.35,1.23,10.07,-3.19,1.01,0.96,-0.10
36.353906,8.29,-2.13,5.11,0.72,0.76,0.83,-30.75,19.12,-43.75,3.57,-1.81,9.57,1.29,0.03,0.60,-7.40,-4.97,3.80,-0.79,0.07,1.20,0.71,-1.83,9.80,1.03,-0.37,0.92,-3.79,-0.87,9.01,0.48,-0.14,1.36,0.89,9.78,-3.28,0.99,1.00,-0.04
36.353918,8.02,-1.79,5.38,0.72,0.76,0.83,-30.75,19.12,-43.75,3.44,-1.54,9.61,1.29,-0.03,0.58,-7.47,-4.93,3.57,-0.73,0.04,1.21,0.67,-1.58,9.70,1.01,-0.41,0.88,-3.96,-0.51,9.02,0.48,-0.18,1.34,0.80,9.70,-3.48,0.97,0.99,0.01
36.35393,7.68,-1.82,5.30,0.90,0.86,0.65,-30.75,19.12,-43.75,3.22,-1.29,9.36,1.28,-0.10,0.56,-7.57,-4.66,3.66,-0.67,-0.03,1.21,0.58,-1.25,9.62,0.96,-0.48,0.85,-4.05,-0.25,8.91,0.45,-0.27,1.28,1.00,9.56,-3.61,0.91,0.99,0.10
36.353942,7.33,-1.75,5.18,0.90,0.86,0.65,-30.50,19.25,-44.19,3.20,-1.05,9.35,1.25,-0.19,0.51,-7.37,-4.50,3.44,-0.59,-0.11,1.20,0.71,-1.22,9.43,0.92,-0.56,0.80,-3.84,-0.33,8.65,0.45,-0.36,1.21,0.94,9.26,-3.64,0.87,0.98,0.19
36.353955,7.53,-1.44,5.61,0.90,0.86,0.65,-29.88,20.75,-46.56,3.31,-0.88,9.40,1.23,-0.20,0.41,-7.17,-4.31,3.18,-0.50,-0.09,1.21,0.88,-1.21,9.25,0.93,-0.57,0.70,-3.51,-0.38,8.44,0.51,-0.40,1.14,0.90,9.00,-3.70,0.88,0.91,0.25
36.355903,7.45,-1.44,5.76,0.90,0.86,0.65,-29.88,20.75,-46.56,3.28,-0.79,9.12,1.24,-0.20,0.33,-7.32,-4.01,3.40,-0.43,-0.07,1.24,0.91,-1.02,9.14,0.96,-0.60,0.62,-3.47,-0.06,8.56,0.57,-0.42,1.10,1.24,8.97,-3.85,0.90,0.86,0.31
36.355919,6.84,-1.48,5.61,0.81,0.96,0.38,-29.88,20.75,-46.56,3.39,-0.64,8.81,1.26,-0.30,0.28,-7.51,-3.65,3.64,-0.34,-0.15,1.28,1.13,-0.82,9.05,0.95,-0.70,0.58,-3.31,0.19,8.63,0.58,-0.53,1.08,1.58,8.92,-4.02,0.89,0.88,0.43
36.356026,6.84,-1.29,5.83,0.81,0.96,0.38,-29.88,19.81,-44.62,3.69,-0.46,8.82,1.29,-0.40,0.26,-7.48,-3.40,3.58,-0.29,-0.22,1.33,1.50,-0.78,9.01,0.94,-0.80,0.56,-2.90,0.24,8.64,0.58,-0.63,1.07,1.72,8.76,-4.14,0.89,0.91,0.52
36.356036,6.95,-1.17,6.18,1.04,0.99,0.18,-29.88,19.81,-44.62,3.96,-0.16,9.01,1.32,-0.42,0.23,-7.36,-3.17,3.45,-0.25,-0.21,1.36,1.87,-0.64,9.04,0.98,-0.83,0.54,-2.51,0.36,8.67,0.62,-0.66,1.06,1.83,8.55,-4.24,0.93,0.90,0.53
36.356049,6.64,-0.75,6.45,0.93,1.10,0.22,-29.88,19.81,-44.62,4.24,0.20,9.26,1.34,-0.39,0.18,-7.33,-2.88,3.42,-0.23,-0.12,1.37,2.24,-0.47,9.14,1.02,-0.80,0.49,-2.17,0.64,9.00,0.63,-0.63,1.03,1.98,8.40,-4.40,0.98,0.84,0.50
36.360347,6.68,-0.68,6.79,0.93,1.10,0.22,-27.81,15.88,-47.19,4.67,0.62,10.00,1.33,-0.26,0.12,-7.43,-2.74,3.09,-0.26,0.06,1.34,2.77,-0.21,9.64,1.07,-0.68,0.43,-1.76,0.79,9.23,0.70,-0.47,0.99,1.89,8.37,-4.74,1.06,0.73,0.40
36.377418,6.95,-0.75,7.48,0.93,1.10,0.22,-27.50,17.19,-47.06,4.71,1.29,11.03,1.26,-0.01,0.03,-8.01,-3.02,2.79,-0.30,0.33,1.25,2.82,0.42,10.52,1.11,-0.45,0.35,-2.36,1.58,10.12,0.70,-0.19,0.86,1.61,8.85,-5.32,1.13,0.52,0.20
36.401089,6.49,-1.13,8.32,0.04,1.16,0.59,-26.88,18.12,-49.00,4.25,1.85,11.64,1.05,0.27,-0.09,-9.29,-3.21,2.93,-0.28,0.59,1.03,2.29,1.41,11.43,1.00,-0.15,0.20,-3.28,2.29,10.26,0.63,0.07,0.64,1.67,9.68,-6.21,1.09,0.25,-0.00
36.427273,6.30,-1.82,8.48,-0.19,0.93,0.50,-26.88,18.12,-49.00,3.59,1.74,11.24,0.88,0.31,-0.12,-10.30,-2.91,3.32,-0.21,0.59,0.82,1.71,1.73,11.59,0.82,-0.09,0.14,-4.03,2.77,10.51,0.63,0.08,0.53,2.03,10.08,-6.79,0.93,0.14,-0.03
36.445923,6.49,-2.78,8.44,-0.19,0.93,0.50,-26.31,17.38,-47.88,3.08,1.52,10.74,0.81,0.14,-0.10,-10.52,-2.71,3.29,-0.12,0.39,0.74,1.27,1.58,11.04,0.69,-0.23,0.13,-4.44,2.77,10.35,0.57,-0.09,0.49,2.01,10.01,-6.98,0.76,0.19,0.11
36.873309,6.14,-2.21,8.67,0.39,0.67,-0.06,-26.31,17.38,-47.88,3.06,1.88,11.00,0.78,-0.08,-0.11,-10.24,-2.60,2.86,-0.03,0.20,0.72,1.38,1.77,11.10,0.60,-0.38,0.08,-4.23,2.80,10.12,0.51,-0.26,0.42,1.77,9.63,-7.02,0.63,0.24,0.27
36.875623,5.84,-1.90,8.66,0.39,0.67,-0.06,-26.31,17.38,-47.88,3.16,2.35,11.37,0.69,-0.15,-0.17,-10.08,-2.68,2.57,0.05,0.13,0.65,1.53,2.08,11.26,0.52,-0.40,0.01,-4.11,3.01,10.15,0.48,-0.30,0.33,1.57,9.51,-7.08,0.53,0.19,0.33
36.875647,5.57,-1.67,8.56,0.28,0.63,-0.13,-26.31,17.38,-47.88,3.15,2.60,11.40,0.54,-0.16,-0.24,-9.94,-2.69,2.44,0.16,0.09,0.51,1.55,2.27,11.20,0.41,-0.37,-0.10,-4.09,3.17,10.06,0.44,-0.30,0.16,1.50,9.34,-7.05,0.39,0.07,0.36
36.875658,5.53,-1.71,8.44,0.08,0.48,-0.24,-26.31,17.38,-47.88,2.99,2.40,10.81,0.41,-0.17,-0.33,-9.66,-2.47,2.46,0.30,0.07,0.37,1.40,2.07,10.67,0.30,-0.35,-0.22,-4.04,2.93,9.66,0.42,-0.31,-0.01,1.62,9.04,-6.90,0.28,-0.06,0.41
36.875668,5.72,-1.71,8.17,-0.04,0.42,-0.51,-26.31,17.38,-47.88,3.01,2.16,10.23,0.34,-0.25,-0.45,-9.32,-2.14,2.56,0.44,0.03,0.31,1.48,1.83,10.19,0.23,-0.40,-0.35,-3.68,2.68,9.31,0.42,-0.39,-0.15,1.85,8.66,-6.69,0.20,-0.15,0.51
36.875679,5.65,-1.52,8.17,-0.04,0.42,-0.51,-23.56,18.69,-53.12,3.24,2.24,10.20,0.29,-0.31,-0.55,-9.08,-1.97,2.59,0.54,0.01,0.30,1.81,1.77,10.08,0.19,-0.45,-0.46,-3.32,2.67,9.36,0.42,-0.45,-0.25,1.95,8.50,-6.58,0.16,-0.21,0.60
36.875689,5.61,-1.29,8.25,-0.04,0.42,-0.51,-23.31,16.38,-53.06,3.53,2.51,10.49,0.22,-0.31,-0.64,-9.03,-2.03,2.56,0.62,0.04,0.23,2.14,1.94,10.34,0.15,-0.43,-0.56,-3.13,2.79,9.51,0.43,-0.44,-0.38,1.94,8.55,-6.58,0.12,-0.31,0.62
36.875784,5.46,-0.98,8.36,-0.04,0.42,-0.51,-23.31,16.38,-53.06,3.75,2.58,10.67,0.10,-0.27,-0.74,-9.14,-2.04,2.69,0.70,0.09,0.13,2.34,1.91,10.50,0.08,-0.35,-0.68,-3.00,2.78,9.70,0.43,-0.39,-0.52,2.07,8.68,-6.61,0.06,-0.44,0.62
36.875797,5.99,-1.10,8.59,-0.46,0.36,-0.75,-23.31,16.38,-53.06,3.93,2.43,10.62,-0.02,-0.23,-0.86,-9.39,-1.94,2.99,0.80,0.14,0.04,2.40,1.77,10.59,0.01,-0.29,-0.82,-3.00,2.74,9.94,0.43,-0.35,-0.67,2.36,8.88,-6.69,0.01,-0.58,0.62
36.875809,6.18,-1.13,8.75,-0.46,0.36,-0.75,-23.00,17.25,-52.88,4.15,2.51,10.88,-0.11,-0.23,-0.95,-9.59,-1.99,3.12,0.87,0.16,-0.04,2.60,1.81,10.86,-0.05,-0.26,-0.92,-2.94,2.85,10.32,0.42,-0.33,-0.78,2.47,9.12,-6.78,-0.04,-0.67,0.61
36.875819,6.14,-1.02,8.90,-0.46,0.36,-0.75,-20.88,18.19,-54.81,4.47,2.69,11.31,-0.24,-0.20,-1.04,-9.77,-2.15,3.21,0.94,0.22,-0.17,2.84,1.99,11.44,-0.17,-0.18,-1.03,-2.90,2.94,10.69,0.39,-0.27,-0.92,2.50,9.38,-6.83,-0.11,-0.81,0.58
36.875829,6.38,-0.64,9.09,-0.46,0.36,-0.75,-21.50,16.25,-54.50,4.85,2.62,11.47,-0.39,-0.13,-1.12,-9.97,-2.15,3.40,1.01,0.30,-0.34,3.21,1.79,11.54,-0.29,-0.06,-1.16,-2.76,2.93,11.05,0.34,-0.18,-1.10,2.67,9.59,-6.88,-0.21,-0.98,0.52
36.875839,6.61,-0.71,9.16,-0.95,0.10,-0.94,-21.50,16.25,-54.50,5.16,2.63,11.77,-0.52,-0.04,-1.19,-10.00,-2.16,3.45,1.04,0.39,-0.49,3.46,1.58,11.64,-0.35,0.06,-1.25,-2.55,2.76,11.23,0.32,-0.06,-1.25,2.70,9.68,-6.87,-0.27,-1.13,0.43
36.875849,6.84,-0.60,9.32,-0.95,0.10,-0.94,-20.00,18.56,-54.56,5.39,2.63,12.00,-0.67,0.10,-1.27,-10.05,-2.19,3.47,1.07,0.54,-0.66,3.64,1.49,11.85,-0.39,0.25,-1.36,-2.51,2.71,11.51,0.30,0.09,-1.38,2.75,9.78,-6.87,-0.31,-1.31,0.31
36.877952,6.99,-0.60,9.28,-0.95,0.10,-0.94,-20.00,20.06,-56.94,5.58,2.40,11.87,-0.81,0.25,-1.35,-10.26,-2.14,3.62,1.09,0.71,-0.82,3.76,1.31,11.89,-0.43,0.43,-1.45,-2.44,2.60,11.53,0.29,0.27,-1.52,2.93,9.96,-6.97,-0.34,-1.49,0.17
36.877975,7.07,-0.91,9.36,-1.58,-0.08,-0.81,-20.00,20.06,-56.94,5.61,2.17,11.64,-0.90,0.34,-1.37,-10.72,-2.00,4.04,1.08,0.78,-0.93,3.72,1.30,11.98,-0.48,0.52,-1.48,-2.61,2.83,11.98,0.22,0.37,-1.58,3.26,10.28,-7.16,-0.39,-1.57,0.08
36.877988,6.99,-1.17,9.24,-1.58,-0.08,-0.81,-19.38,22.38,-57.00,5.57,2.02,11.49,-0.98,0.32,-1.32,-11.07,-1.92,4.42,1.05,0.71,-1.01,3.71,1.31,12.09,-0.57,0.53,-1.44,-2.59,2.87,12.06,0.14,0.38,-1.57,3.53,10.52,-7.24,-0.49,-1.53,0.05
36.877999,6.91,-1.36,8.98,-1.58,-0.08,-0.81,-20.19,24.81,-59.56,5.61,1.73,11.23,-1.05,0.22,-1.20,-10.99,-1.90,4.58,0.99,0.52,-1.08,3.69,1.10,11.91,-0.70,0.47,-1.33,-2.36,2.67,12.01,0.01,0.36,-1.51,3.58,10.48,-7.05,-0.64,-1.40,0.08
36.878009,6.99,-1.25,8.79,-1.58,-0.08,-0.81,-20.19,24.81,-59.56,5.71,1.60,11.18,-1.11,0.17,-1.10,-10.56,-2.05,4.41,0.94,0.41,-1.13,3.81,0.86,11.73,-0.80,0.46,-1.25,-2.40,2.38,11.77,-0.10,0.36,-1.47,3.34,10.25,-6.72,-0.74,-1.33,0.07
36.87802,7.07,-0.87,8.59,-1.11,-0.58,-0.90,-20.19,24.81,-59.56,5.75,1.51,11.17,-1.18,0.19,-1.04,-10.00,-2.21,4.23,0.89,0.37,-1.21,3.80,0.62,11.55,-0.87,0.52,-1.20,-2.21,1.99,11.45,-0.17,0.40,-1.48,3.16,9.99,-6.34,-0.82,-1.32,0.02
36.896177,7.18,-0.68,8.05,-1.11,-0.58,-0.90,-19.62,25.25,-59.31,5.69,0.95,10.56,-1.26,0.26,-0.97,-9.74,-2.27,4.48,0.82,0.35,-1.28,3.66,0.09,10.96,-0.93,0.60,-1.14,-2.10,1.52,11.11,-0.22,0.46,-1.45,3.31,9.95,-5.93,-0.89,-1.29,-0.04
36.914818,7.41,-0.79,7.40,-1.11,-0.58,-0.90,-19.62,26.38,-60.56,5.65,0.46,9.97,-1.26,0.22,-0.89,-9.47,-2.18,4.82,0.77,0.28,-1.27,3.58,-0.29,10.62,-0.97,0.57,-1.06,-2.20,1.26,11.04,-0.28,0.41,-1.40,3.51,9.86,-5.55,-0.93,-1.19,-0.04
36.935652,7.41,-0.79,7.40,-0.92,-0.75,-0.75,-20.50,24.62,-60.56,5.78,0.17,9.80,-1.23,0.15,-0.80,-9.04,-2.29,4.89,0.69,0.19,-1.24,3.70,-0.66,10.39,-0.99,0.51,-0.96,-1.87,0.85,10.84,-0.36,0.34,-1.34,3.47,9.69,-5.17,-0.94,-1.08,-0.05
36.959313,7.61,-0.14,7.10,-0.88,-0.75,-0.66,-20.50,24.62,-60.56,6.04,0.03,9.95,-1.21,0.17,-0.72,-8.61,-2.49,4.82,0.59,0.17,-1.22,3.89,-0.96,10.34,-0.99,0.55,-0.87,-1.52,0.49,10.72,-0.40,0.37,-1.28,3.33,9.59,-4.80,-0.93,-1.00,-0.12
37.37345,7.71,-0.21,6.91,-0.94,-0.78,-0.54,-20.50,24.62,-60.56,5.98,-0.11,9.90,-1.23,0.20,-0.66,-8.41,-2.64,4.95,0.50,0.18,-1.22,3.78,-1.26,10.10,-0.98,0.61,-0.79,-1.48,0.21,10.61,-0.43,0.44,-1.22,3.34,9.60,-4.51,-0.92,-0.95,-0.20
37.373481,7.71,-0.25,6.68,-0.93,-0.80,-0.44,-20.50,24.62,-60.56,6.09,-0.50,9.53,-1.19,0.25,-0.56,-8.24,-2.75,5.03,0.41,0.18,-1.21,3.76,-1.49,9.93,-0.96,0.64,-0.70,-1.43,0.04,10.58,-0.47,0.49,-1.14,3.27,9.60,-4.31,-0.90,-0.88,-0.26
37.373495,7.71,-0.29,6.56,-0.87,-0.81,-0.39,-20.50,24.62,-60.56,6.04,-0.60,9.64,-1.17,0.29,-0.47,-8.04,-3.01,4.91,0.33,0.20,-1.21,3.65,-1.54,10.06,-0.94,0.68,-0.63,-1.55,-0.18,10.46,-0.49,0.58,-1.05,3.05,9.63,-4.12,-0.88,-0.86,-0.34
37.373507,7.87,-0.33,6.33,-0.87,-0.81,-0.39,-22.25,30.12,-59.00,5.81,-0.87,9.46,-1.16,0.35,-0.41,-8.08,-3.18,5.07,0.25,0.22,-1.22,3.30,-1.71,9.92,-0.93,0.73,-0.56,-1.87,-0.31,10.32,-0.52,0.63,-1.00,3.04,9.76,-3.97,-0.88,-0.82,-0.42
37.373528,7.83,-0.64,5.99,-0.87,-0.87,-0.24,-22.25,30.12,-59.00,5.66,-1.25,8.98,-1.13,0.31,-0.32,-7.97,-3.07,5.33,0.17,0.13,-1.19,3.10,-1.94,9.62,-0.94,0.69,-0.46,-2.04,-0.47,10.12,-0.57,0.57,-0.93,3.18,9.67,-3.75,-0.90,-0.69,-0.42
37.37354,7.79,-0.64,5.76,-0.67,-0.91,-0.25,-22.25,30.12,-59.00,5.65,-1.48,8.82,-1.08,0.22,-0.19,-7.56,-3.17,5.24,0.09,0.01,-1.13,3.11,-2.21,9.40,-0.94,0.60,-0.34,-1.79,-0.78,9.86,-0.64,0.49,-0.83,3.01,9.46,-3.43,-0.91,-0.54,-0.40
37.373552,7.79,-0.64,5.76,-0.47,-0.91,-0.21,-23.50,30.62,-57.31,5.69,-1.60,8.89,-1.03,0.21,-0.10,-7.02,-3.44,4.93,0.01,-0.01,-1.09,3.08,-2.47,9.21,-0.92,0.59,-0.25,-1.57,-1.18,9.56,-0.66,0.50,-0.74,2.66,9.23,-3.07,-0.88,-0.46,-0.43
37.374404,7.79,-0.41,5.57,-0.47,-0.91,-0.21,-24.69,31.75,-58.19,5.59,-1.85,8.78,-0.98,0.27,-0.04,-6.78,-3.62,4.83,-0.06,0.03,-1.05,2.88,-2.73,8.99,-0.86,0.63,-0.17,-1.59,-1.50,9.27,-0.64,0.55,-0.64,2.47,9.17,-2.84,-0.83,-0.43,-0.49
37.374418,8.09,-0.71,4.88,-0.46,-0.80,0.08,-24.69,31.75,-58.19,5.39,-2.21,8.48,-0.90,0.30,0.03,-6.70,-3.70,4.93,-0.16,0.05,-0.99,2.64,-2.93,8.82,-0.79,0.63,-0.08,-1.88,-1.61,9.18,-0.62,0.57,-0.52,2.43,9.19,-2.69,-0.76,-0.34,-0.54
37.37443,8.10,-0.68,4.76,-0.46,-0.80,0.08,-25.88,31.88,-56.75,5.19,-2.36,8.40,-0.82,0.28,0.11,-6.58,-3.81,4.92,-0.23,0.02,-0.91,2.35,-3.03,8.72,-0.73,0.59,0.02,-2.07,-1.80,8.95,-0.61,0.54,-0.41,2.30,9.14,-2.53,-0.71,-0.24,-0.56
37.37444,8.18,-0.71,4.68,-0.46,-0.80,0.08,-25.88,31.88,-56.75,5.06,-2.53,8.36,-0.74,0.27,0.19,-6.40,-3.96,4.83,-0.30,-0.02,-0.82,2.17,-3.17,8.64,-0.68,0.56,0.10,-2.17,-1.97,8.77,-0.60,0.51,-0.31,2.12,9.10,-2.36,-0.66,-0.13,-0.55
37.374448,8.18,-0.83,4.45,-0.24,-0.73,0.17,-25.88,31.88,-56.75,4.85,-2.68,8.26,-0.67,0.24,0.26,-6.22,-4.15,4.72,-0.36,-0.07,-0.73,1.94,-3.22,8.55,-0.63,0.52,0.18,-2.34,-2.08,8.58,-0.58,0.47,-0.20,1.91,9.05,-2.19,-0.61,-0.02,-0.55
37.374461,8.07,-0.87,4.15,-0.07,-0.66,0.26,-25.88,31.88,-56.75,4.74,-2.87,8.15,-0.59,0.21,0.35,-5.98,-4.29,4.53,-0.44,-0.09,-0.64,1.82,-3.33,8.43,-0.59,0.46,0.27,-2.37,-2.15,8.43,-0.58,0.42,-0.08,1.66,8.89,-2.06,-0.55,0.08,-0.57
37.37447,8.03,-1.02,4.00,-0.07,-0.66,0.26,-27.38,33.62,-54.56,4.50,-3.02,8.07,-0.51,0.20,0.42,-5.83,-4.42,4.33,-0.51,-0.10,-0.56,1.61,-3.51,8.20,-0.53,0.44,0.37,-2.49,-2.28,8.22,-0.57,0.41,0.03,1.41,8.83,-1.98,-0.49,0.16,-0.58
37.376551,8.13,-1.17,4.00,-0.07,-0.66,0.26,-28.50,33.88,-55.62,4.19,-3.19,7.97,-0.42,0.18,0.47,-5.85,-4.63,4.28,-0.54,-0.13,-0.47,1.18,-3.57,8.14,-0.46,0.39,0.44,-2.84,-2.38,8.04,-0.55,0.37,0.13,1.21,8.91,-1.88,-0.44,0.23,-0.54
37.37657,8.18,-1.29,3.80,0.19,-0.50,0.38,-28.50,33.88,-55.62,3.94,-3.39,7.73,-0.32,0.12,0.51,-5.78,-4.75,4.28,-0.57,-0.18,-0.37,0.88,-3.65,8.04,-0.39,0.29,0.50,-3.11,-2.46,7.93,-0.54,0.29,0.22,1.12,8.92,-1.78,-0.39,0.33,-0.48
37.376584,8.21,-1.36,3.65,0.34,-0.43,0.35,-28.25,34.25,-55.38,3.94,-3.45,7.81,-0.20,0.02,0.54,-5.67,-4.77,4.24,-0.60,-0.25,-0.23,0.88,-3.74,8.07,-0.33,0.17,0.55,-3.04,-2.58,7.89,-0.53,0.18,0.31,1.02,8.86,-1.73,-0.34,0.46,-0.40
37.376597,8.25,-1.13,3.88,0.34,-0.43,0.35,-28.50,35.12,-55.19,4.18,-3.22,8.34,-0.12,-0.00,0.56,-5.64,-4.92,4.01,-0.63,-0.28,-0.12,1.06,-3.56,8.43,-0.27,0.12,0.59,-2.97,-2.49,8.02,-0.49,0.15,0.38,0.85,8.90,-1.77,-0.27,0.53,-0.36
37.376611,8.09,-1.32,3.96,0.42,-0.30,0.44,-28.50,35.12,-55.19,4.25,-3.19,8.43,-0.08,0.04,0.60,-5.80,-4.89,3.98,-0.68,-0.27,-0.07,1.15,-3.49,8.49,-0.22,0.14,0.64,-2.95,-2.30,8.18,-0.48,0.17,0.45,0.88,8.97,-1.95,-0.23,0.58,-0.39
37.390329,8.09,-1.55,3.96,0.41,-0.33,0.51,-28.50,35.12,-55.19,4.12,-3.16,8.54,-0.01,0.06,0.68,-5.92,-5.01,3.81,-0.76,-0.26,-0.04,1.05,-3.41,8.62,-0.17,0.13,0.73,-3.13,-2.23,8.20,-0.49,0.18,0.52,0.65,9.04,-2.05,-0.19,0.64,-0.44
37.411814,8.45,-1.67,4.22,0.48,-0.32,0.57,-29.44,32.19,-52.50,3.80,-2.94,9.19,0.03,0.12,0.71,-6.06,-5.44,3.35,-0.80,-0.18,-0.03,0.66,-3.20,9.06,-0.13,0.19,0.77,-3.63,-2.19,8.19,-0.46,0.25,0.57,0.11,9.22,-2.23,-0.12,0.62,-0.54
37.435262,8.48,-2.02,4.38,0.48,-0.32,0.57,-28.81,34.31,-53.62,3.41,-2.93,9.26,0.03,0.18,0.70,-6.47,-5.50,3.33,-0.81,-0.13,-0.03,0.25,-2.95,9.23,-0.11,0.22,0.76,-4.19,-1.87,8.29,-0.44,0.30,0.58,0.04,9.43,-2.51,-0.10,0.60,-0.54
37.45396,8.25,-2.44,4.26,0.41,-0.31,0.61,-28.81,34.31,-53.62,3.07,-3.00,9.12,0.05,0.14,0.73,-6.72,-5.44,3.30,-0.83,-0.18,-0.01,-0.06,-2.85,9.18,-0.11,0.17,0.79,-4.50,-1.73,8.23,-0.46,0.25,0.60,-0.03,9.50,-2.68,-0.11,0.65,-0.49
37.883456,8.13,-2.74,4.22,0.54,-0.29,0.57,-30.62,35.38,-52.31,2.82,-2.86,9.45,0.08,0.06,0.75,-6.83,-5.68,2.94,-0.83,-0.25,0.04,-0.35,-2.69,9.40,-0.12,0.10,0.82,-4.85,-1.63,8.26,-0.49,0.19,0.61,-0.41,9.59,-2.84,-0.13,0.71,-0.43
37.883484,8.33,-2.78,4.45,0.54,-0.29,0.57,-30.38,33.94,-50.31,2.59,-2.73,9.73,0.09,0.02,0.75,-7.05,-5.84,2.81,-0.81,-0.28,0.06,-0.57,-2.55,9.58,-0.14,0.06,0.81,-5.19,-1.53,8.24,-0.50,0.14,0.60,-0.58,9.76,-3.03,-0.15,0.72,-0.38
37.883504,8.33,-3.05,4.57,0.54,-0.29,0.57,-30.38,33.94,-50.31,2.44,-2.75,9.74,0.08,-0.06,0.74,-7.25,-5.87,2.80,-0.78,-0.34,0.07,-0.69,-2.46,9.68,-0.16,-0.01,0.80,-5.33,-1.45,8.30,-0.51,0.05,0.60,-0.58,9.87,-3.14,-0.18,0.75,-0.31
37.883517,8.33,-3.05,4.57,0.65,-0.30,0.39,-30.38,33.94,-50.31,2.53,-2.65,9.96,0.07,-0.15,0.74,-7.30,-5.86,2.67,-0.74,-0.42,0.07,-0.60,-2.36,9.84,-0.19,-0.09,0.80,-5.25,-1.35,8.43,-0.54,-0.02,0.59,-0.67,9.85,-3.24,-0.22,0.78,-0.26
37.883532,8.10,-2.89,4.84,0.65,-0.30,0.39,-30.38,33.94,-50.31,2.49,-2.32,10.31,0.04,-0.17,0.72,-7.35,-5.91,2.43,-0.70,-0.44,0.04,-0.60,-2.07,10.09,-0.23,-0.09,0.77,-5.31,-1.13,8.44,-0.56,-0.02,0.54,-0.84,9.82,-3.39,-0.26,0.74,-0.24
37.883548,7.87,-3.01,4.80,0.59,-0.36,0.33,-30.38,33.94,-50.31,2.33,-2.33,10.10,-0.03,-0.19,0.72,-7.52,-5.77,2.53,-0.66,-0.49,-0.00,-0.74,-1.96,9.96,-0.29,-0.11,0.75,-5.44,-0.95,8.41,-0.59,-0.05,0.51,-0.67,9.84,-3.53,-0.32,0.73,-0.22
37.883559,7.79,-3.28,4.64,0.57,-0.44,0.26,-30.38,33.94,-50.31,2.25,-2.44,9.70,-0.06,-0.29,0.74,-7.47,-5.58,2.53,-0.63,-0.59,-0.02,-0.77,-1.97,9.70,-0.36,-0.18,0.76,-5.37,-0.94,8.24,-0.65,-0.13,0.49,-0.60,9.63,-3.53,-0.40,0.77,-0.16
37.883571,7.71,-3.24,4.53,0.72,-0.49,0.17,-30.38,33.94,-50.31,2.18,-2.37,9.66,-0.07,-0.37,0.76,-7.24,-5.47,2.34,-0.62,-0.68,-0.02,-0.76,-1.97,9.50,-0.40,-0.25,0.78,-5.19,-0.98,8.02,-0.69,-0.19,0.49,-0.70,9.38,-3.49,-0.44,0.81,-0.10
37.883588,7.68,-3.05,4.57,0.72,-0.49,0.17,-31.88,30.25,-48.19,2.01,-2.21,9.71,-0.09,-0.42,0.76,-7.14,-5.57,2.07,-0.59,-0.73,-0.03,-0.91,-1.81,9.47,-0.42,-0.29,0.77,-5.37,-0.89,7.86,-0.71,-0.23,0.47,-0.94,9.29,-3.51,-0.48,0.82,-0.05
37.883602,7.49,-3.09,4.53,0.72,-0.49,0.17,-31.88,30.25,-48.19,1.63,-2.04,9.69,-0.12,-0.48,0.72,-7.16,-5.64,1.91,-0.52,-0.78,-0.05,-1.27,-1.57,9.44,-0.47,-0.34,0.73,-5.71,-0.79,7.64,-0.72,-0.28,0.41,-1.11,9.24,-3.58,-0.53,0.79,0.01
37.883616,7.26,-3.32,4.57,0.75,-0.52,-0.13,-31.88,30.25,-48.19,1.42,-2.00,9.56,-0.16,-0.57,0.65,-7.13,-5.59,1.72,-0.42,-0.84,-0.07,-1.42,-1.50,9.28,-0.52,-0.41,0.65,-5.74,-0.71,7.46,-0.72,-0.36,0.32,-1.21,9.09,-3.67,-0.59,0.75,0.11
37.883627,7.29,-3.43,4.57,0.75,-0.52,-0.13,-32.81,30.75,-46.50,1.41,-2.08,9.51,-0.17,-0.64,0.59,-7.01,-5.50,1.58,-0.34,-0.88,-0.08,-1.43,-1.57,9.17,-0.54,-0.47,0.59,-5.67,-0.79,7.30,-0.71,-0.41,0.26,-1.26,8.91,-3.65,-0.62,0.72,0.19
37.883639,7.29,-3.47,4.53,0.75,-0.52,-0.13,-32.81,30.75,-46.50,1.36,-2.18,9.44,-0.16,-0.68,0.52,-6.80,-5.56,1.42,-0.26,-0.90,-0.06,-1.50,-1.73,8.99,-0.55,-0.51,0.52,-5.61,-1.02,7.06,-0.68,-0.47,0.22,-1.43,8.79,-3.52,-0.61,0.69,0.25
37.883651,7.64,-3.20,4.45,0.72,-0.38,-0.33,-32.81,30.75,-46.50,1.24,-2.17,9.57,-0.13,-0.69,0.39,-6.47,-5.79,1.15,-0.15,-0.83,-0.05,-1.69,-1.89,8.92,-0.50,-0.54,0.40,-5.71,-1.32,6.81,-0.58,-0.50,0.13,-1.76,8.66,-3.32,-0.56,0.58,0.31
37.886088,7.75,-3.16,4.49,0.55,-0.26,-0.37,-32.81,30.75,-46.50,1.35,-2.22,9.75,-0.13,-0.63,0.23,-6.34,-5.95,1.05,-0.04,-0.70,-0.04,-1.64,-2.03,8.95,-0.43,-0.51,0.25,-5.65,-1.48,6.82,-0.45,-0.47,0.04,-1.88,8.69,-3.22,-0.48,0.42,0.33
37.886111,7.87,-3.16,4.53,0.55,-0.26,-0.37,-32.88,25.12,-42.31,1.52,-2.46,9.74,-0.11,-0.53,0.08,-6.35,-5.94,1.24,0.06,-0.54,-0.03,-1.53,-2.26,8.94,-0.34,-0.44,0.11,-5.49,-1.70,6.87,-0.30,-0.43,-0.04,-1.75,8.77,-3.10,-0.39,0.28,0.35
37.886124,7.99,-3.32,4.45,0.55,-0.26,-0.37,-32.56,24.62,-44.06,1.58,-2.62,9.74,-0.07,-0.45,-0.05,-6.36,-6.11,1.44,0.14,-0.41,-0.00,-1.55,-2.42,9.04,-0.23,-0.40,-0.01,-5.61,-1.83,7.07,-0.16,-0.40,-0.09,-1.70,8.99,-2.95,-0.29,0.16,0.36
37.886143,8.41,-2.97,4.38,0.55,-0.26,-0.37,-32.56,24.62,-44.06,1.74,-2.75,9.76,-0.04,-0.40,-0.20,-6.58,-6.31,1.89,0.25,-0.30,0.03,-1.48,-2.49,9.36,-0.17,-0.38,-0.16,-5.73,-1.87,7.45,-0.04,-0.39,-0.17,-1.48,9.39,-2.84,-0.21,0.03,0.41
37.886155,8.67,-2.63,4.42,0.55,-0.26,-0.37,-32.56,25.56,-44.12,2.20,-2.87,9.82,-0.02,-0.39,-0.33,-6.72,-6.28,2.44,0.35,-0.24,0.05,-1.03,-2.71,9.52,-0.14,-0.39,-0.28,-5.42,-1.98,7.87,0.04,-0.41,-0.26,-1.05,9.68,-2.70,-0.17,-0.06,0.46
37.886177,8.83,-2.25,4.38,0.01,0.18,-0.56,-32.25,24.00,-41.38,2.88,-3.09,9.78,-0.01,-0.39,-0.41,-6.67,-6.16,3.00,0.42,-0.20,0.06,-0.39,-3.08,9.56,-0.12,-0.39,-0.36,-4.90,-2.20,8.25,0.10,-0.42,-0.30,-0.56,9.83,-2.45,-0.14,-0.11,0.50
37.910521,9.21,-1.44,4.45,-0.04,0.23,-0.54,-32.25,24.00,-41.38,3.67,-3.21,9.79,0.01,-0.35,-0.48,-6.54,-6.06,3.59,0.47,-0.13,0.07,0.29,-3.46,9.66,-0.07,-0.36,-0.43,-4.27,-2.53,8.62,0.17,-0.39,-0.34,-0.03,9.98,-2.15,-0.09,-0.18,0.50
37.931721,9.28,-0.98,4.61,-0.04,0.23,-0.54,-31.69,21.38,-43.50,4.32,-3.10,9.93,0.01,-0.27,-0.53,-6.51,-5.95,4.02,0.48,-0.04,0.06,0.93,-3.54,9.86,-0.04,-0.29,-0.49,-3.83,-2.49,9.11,0.21,-0.32,-0.38,0.41,10.13,-2.03,-0.05,-0.25,0.46
37.952363,9.14,-0.68,4.72,-0.04,0.23,-0.54,-31.69,21.38,-43.50,4.92,-2.92,10.09,-0.02,-0.17,-0.56,-6.66,-5.78,4.46,0.47,0.06,-0.00,1.59,-3.51,10.11,-0.03,-0.18,-0.51,-3.37,-2.34,9.58,0.22,-0.22,-0.43,0.92,10.33,-2.04,-0.05,-0.34,0.38
37.975814,8.98,-0.48,4.72,-0.38,0.12,-0.36,-31.69,21.38,-43.50,5.38,-2.97,9.95,-0.10,-0.05,-0.53,-6.71,-5.53,4.91,0.42,0.14,-0.12,2.03,-3.66,10.09,-0.06,-0.04,-0.50,-2.93,-2.41,9.79,0.20,-0.09,-0.45,1.34,10.36,-1.96,-0.08,-0.40,0.26
38.393677,9.21,-0.48,4.61,-0.42,0.05,-0.28,-31.69,21.38,-43.50,5.45,-3.18,9.71,-0.15,0.06,-0.50,-6.46,-5.43,4.96,0.35,0.22,-0.18,2.02,-3.94,9.81,-0.05,0.07,-0.47,-2.73,-2.78,9.50,0.21,0.02,-0.44,1.41,10.18,-1.75,-0.07,-0.43,0.15
38.393705,9.29,-0.52,4.49,-0.42,0.05,-0.28,-30.50,20.62,-44.06,5.35,-3.37,9.52,-0.15,0.17,-0.47,-6.22,-5.48,4.81,0.29,0.31,-0.20,1.89,-4.14,9.52,-0.01,0.18,-0.46,-2.75,-2.97,9.23,0.26,0.12,-0.40,1.24,10.00,-1.62,-0.02,-0.45,0.05
38.393719,9.29,-0.71,4.30,-0.42,0.05,-0.28,-30.75,21.62,-44.62,5.15,-3.47,9.40,-0.14,0.28,-0.46,-6.13,-5.58,4.65,0.24,0.41,-0.21,1.68,-4.07,9.50,0.05,0.27,-0.44,-2.98,-2.85,9.24,0.28,0.22,-0.39,1.05,9.94,-1.60,0.04,-0.49,-0.05
38.393731,8.94,-1.10,4.11,-0.42,0.05,-0.28,-30.19,23.00,-44.81,4.76,-3.51,9.23,-0.13,0.37,-0.44,-6.35,-5.59,4.67,0.19,0.48,-0.23,1.33,-3.93,9.48,0.06,0.35,-0.41,-3.30,-2.67,9.15,0.27,0.31,-0.38,1.02,10.04,-1.73,0.07,-0.50,-0.13
38.393742,8.83,-1.36,4.07,-0.57,0.11,0.02,-30.19,23.00,-44.81,4.49,-3.56,9.07,-0.12,0.36,-0.40,-6.52,-5.54,4.70,0.15,0.45,-0.21,1.10,-3.88,9.37,0.06,0.34,-0.36,-3.50,-2.57,9.07,0.24,0.30,-0.33,1.02,10.07,-1.84,0.07,-0.44,-0.14
38.393753,8.79,-1.52,4.07,-0.57,0.11,0.02,-31.69,21.75,-43.56,4.24,-3.62,8.92,-0.09,0.30,-0.34,-6.55,-5.52,4.65,0.11,0.38,-0.18,0.85,-3.84,9.25,0.05,0.27,-0.29,-3.66,-2.62,8.87,0.20,0.24,-0.27,0.97,10.03,-1.88,0.05,-0.36,-0.11
38.393765,8.87,-1.52,4.11,-0.57,0.11,0.02,-30.75,24.31,-46.44,4.13,-3.51,9.04,-0.05,0.22,-0.29,-6.48,-5.61,4.44,0.09,0.31,-0.13,0.79,-3.75,9.28,0.06,0.20,-0.25,-3.80,-2.51,8.87,0.18,0.17,-0.22,0.74,9.96,-1.91,0.05,-0.28,-0.07
38.393776,8.75,-1.48,4.15,-0.26,0.08,-0.04,-30.75,24.31,-46.44,4.06,-3.27,9.41,-0.06,0.19,-0.26,-6.49,-5.83,4.20,0.08,0.27,-0.12,0.71,-3.48,9.56,0.04,0.17,-0.22,-3.84,-2.39,8.89,0.15,0.15,-0.20,0.49,10.01,-1.97,0.02,-0.25,-0.07
38.393787,8.64,-1.52,4.03,-0.26,0.08,-0.04,-30.75,23.25,-45.94,3.97,-3.40,9.27,-0.09,0.17,-0.22,-6.55,-5.79,4.29,0.08,0.22,-0.15,0.62,-3.54,9.46,-0.01,0.16,-0.20,-3.94,-2.41,8.84,0.11,0.14,-0.20,0.57,10.03,-1.98,-0.02,-0.23,-0.07
38.393803,8.83,-1.67,3.88,-0.16,-0.01,-0.08,-30.75,23.25,-45.94,3.82,-3.68,8.82,-0.08,0.09,-0.18,-6.43,-5.66,4.36,0.06,0.13,-0.12,0.47,-3.75,9.16,-0.04,0.09,-0.15,-3.92,-2.59,8.62,0.06,0.06,-0.16,0.64,9.89,-1.87,-0.05,-0.15,-0.02
38.393818,8.83,-1.55,3.88,-0.02,0.02,-0.11,-30.75,23.25,-45.94,3.90,-3.60,8.92,-0.03,0.02,-0.16,-6.21,-5.69,4.19,0.05,0.06,-0.07,0.58,-3.79,9.12,-0.03,0.02,-0.12,-3.71,-2.68,8.54,0.05,0.00,-0.11,0.49,9.73,-1.77,-0.04,-0.08,0.03
38.393829,8.71,-1.29,4.00,-0.02,0.02,-0.11,-31.31,23.81,-46.38,3.98,-3.33,9.32,-0.03,0.02,-0.16,-6.17,-5.85,4.01,0.04,0.07,-0.06,0.68,-3.60,9.37,-0.03,0.03,-0.12,-3.78,-2.55,8.65,0.05,0.03,-0.11,0.32,9.78,-1.82,-0.04,-0.09,0.02
38.39384,8.63,-1.25,4.11,-0.02,0.02,-0.11,-31.31,23.81,-46.38,3.88,-3.24,9.43,-0.07,0.06,-0.18,-6.33,-5.95,4.02,0.05,0.09,-0.10,0.57,-3.47,9.50,-0.06,0.06,-0.14,-3.95,-2.45,8.70,0.04,0.06,-0.14,0.29,9.92,-1.90,-0.06,-0.12,-0.00
38.393851,8.75,-1.59,4.11,-0.20,-0.03,-0.09,-31.31,23.81,-46.38,3.79,-3.45,9.11,-0.10,0.04,-0.20,-6.45,-5.86,4.18,0.07,0.08,-0.13,0.42,-3.56,9.34,-0.08,0.05,-0.15,-3.94,-2.50,8.68,0.03,0.05,-0.16,0.45,9.97,-1.93,-0.10,-0.13,0.02
38.395989,8.83,-1.67,4.07,-0.12,-0.03,-0.14,-31.31,23.81,-46.38,3.83,-3.54,9.02,-0.08,-0.03,-0.19,-6.54,-5.72,4.39,0.08,0.01,-0.10,0.48,-3.68,9.28,-0.10,-0.02,-0.14,-3.84,-2.57,8.71,0.02,-0.01,-0.11,0.64,10.03,-1.92,-0.12,-0.08,0.08
38.396005,8.87,-1.59,4.07,-0.12,-0.03,-0.14,-30.44,24.12,-45.69,4.07,-3.51,9.12,-0.06,-0.11,-0.16,-6.54,-5.73,4.47,0.08,-0.07,-0.06,0.69,-3.71,9.39,-0.12,-0.10,-0.11,-3.65,-2.62,8.76,0.01,-0.04,-0.04,0.75,10.06,-1.87,-0.14,-0.02,0.14
38.396016,8.87,-1.36,4.11,-0.12,-0.03,-0.14,-29.88,22.06,-44.69,4.28,-3.60,9.03,-0.06,-0.17,-0.12,-6.37,-5.72,4.57,0.07,-0.13,-0.05,0.93,-3.88,9.30,-0.14,-0.14,-0.07,-3.69,-2.63,8.92,-0.00,-0.09,0.01,0.83,10.03,-1.72,-0.16,0.02,0.16
38.396025,8.98,-1.02,3.92,-0.12,-0.03,-0.14,-29.88,22.06,-44.69,4.47,-3.76,8.89,-0.05,-0.20,-0.09,-6.19,-5.67,4.75,0.05,-0.18,-0.02,1.06,-4.05,9.26,-0.16,-0.18,-0.04,-3.64,-2.75,9.00,-0.06,-0.13,0.00,0.99,9.98,-1.52,-0.18,0.08,0.18
38.396037,9.28,-0.83,3.84,0.17,-0.05,-0.18,-29.88,22.06,-44.69,4.72,-3.95,8.84,-0.01,-0.21,-0.07,-5.99,-5.65,4.81,0.02,-0.20,0.01,1.25,-4.40,9.05,-0.14,-0.19,0.00,-3.32,-3.11,8.87,-0.07,-0.15,0.02,1.05,9.90,-1.33,-0.16,0.13,0.18
38.405399,9.44,-0.83,3.84,0.19,-0.03,-0.13,-29.88,22.06,-44.69,4.77,-4.02,8.86,0.03,-0.19,-0.05,-5.83,-5.75,4.81,-0.01,-0.18,0.05,1.28,-4.57,8.98,-0.09,-0.19,0.04,-3.06,-3.36,8.75,-0.05,-0.15,0.07,0.98,9.89,-1.17,-0.10,0.16,0.15
38.429018,9.48,-0.94,3.69,0.21,0.10,0.00,-29.88,22.06,-44.69,4.98,-4.21,8.82,0.10,-0.16,-0.02,-5.83,-5.74,4.92,-0.06,-0.13,0.11,1.40,-4.74,9.01,-0.01,-0.18,0.07,-3.03,-3.41,8.87,0.02,-0.10,0.19,1.08,9.93,-1.09,-0.02,0.19,0.11
38.448134,9.48,-0.94,3.69,0.21,0.10,0.00,-29.88,22.06,-44.69,5.09,-4.23,8.92,0.16,-0.12,0.03,-5.85,-5.76,4.99,-0.12,-0.10,0.16,1.48,-4.77,9.14,0.05,-0.17,0.13,-3.16,-3.35,9.02,0.03,-0.08,0.25,1.11,10.01,-1.09,0.04,0.23,0.07
38.471283,9.52,-0.94,3.84,0.24,0.14,0.09,-29.88,22.06,-44.69,5.15,-4.20,9.16,0.21,-0.06,0.09,-6.03,-5.86,4.98,-0.20,-0.06,0.20,1.59,-4.72,9.38,0.10,-0.12,0.20,-3.24,-3.21,9.25,0.02,-0.04,0.31,1.05,10.20,-1.22,0.09,0.28,0.01
38.904631,9.52,-1.29,4.07,0.26,0.13,0.26,-29.88,22.06,-44.69,4.95,-4.12,9.32,0.25,-0.01,0.15,-6.37,-5.98,4.99,-0.29,-0.05,0.23,1.33,-4.52,9.64,0.14,-0.09,0.28,-3.52,-3.03,9.42,-0.01,-0.00,0.38,1.00,10.44,-1.42,0.12,0.33,-0.04
38.904687,9.40,-1.40,4.03,0.32,0.10,0.28,-29.88,22.06,-44.69,4.76,-4.01,9.31,0.27,-0.03,0.22,-6.67,-5.97,5.12,-0.35,-0.10,0.24,1.22,-4.29,9.79,0.12,-0.10,0.36,-3.74,-2.77,9.51,-0.06,-0.02,0.43,1.09,10.61,-1.59,0.10,0.41,-0.05
38.904702,9.17,-1.36,3.92,0.32,0.10,0.28,-30.12,22.69,-47.31,4.97,-4.05,9.08,0.26,-0.10,0.29,-6.71,-5.83,5.22,-0.41,-0.21,0.25,1.29,-4.18,9.72,0.07,-0.16,0.45,-3.64,-2.63,9.50,-0.15,-0.06,0.49,1.23,10.54,-1.64,0.04,0.53,-0.04
38.904717,9.06,-1.21,3.77,0.32,0.10,0.28,-30.75,22.69,-45.44,4.96,-3.92,8.97,0.26,-0.19,0.42,-6.47,-5.63,5.20,-0.48,-0.33,0.25,1.41,-4.20,9.45,-0.02,-0.21,0.55,-3.41,-2.63,9.37,-0.28,-0.11,0.56,1.34,10.26,-1.52,-0.02,0.65,-0.04
38.904731,8.87,-1.02,3.69,0.73,-0.14,0.29,-30.12,21.44,-45.62,4.98,-3.86,8.71,0.26,-0.24,0.54,-6.09,-5.50,5.11,-0.55,-0.41,0.26,1.55,-4.30,9.05,-0.04,-0.25,0.66,-3.22,-2.75,9.07,-0.36,-0.15,0.62,1.35,9.93,-1.34,-0.06,0.75,-0.06
38.904743,8.71,-0.68,3.34,0.73,-0.14,0.29,-30.12,21.44,-45.62,4.99,-3.92,8.35,0.27,-0.27,0.65,-5.76,-5.35,5.06,-0.62,-0.48,0.28,1.59,-4.40,8.68,-0.04,-0.28,0.76,-2.86,-2.97,8.64,-0.42,-0.16,0.70,1.37,9.62,-1.17,-0.07,0.84,-0.08
38.90477,8.64,-0.64,3.07,0.73,-0.14,0.29,-30.50,20.44,-43.25,4.95,-4.04,7.94,0.32,-0.30,0.75,-5.46,-5.19,5.04,-0.70,-0.55,0.34,1.56,-4.52,8.31,-0.02,-0.32,0.87,-2.71,-3.11,8.36,-0.44,-0.18,0.81,1.43,9.34,-0.99,-0.07,0.96,-0.08
38.904782,8.68,-0.64,3.04,0.96,-0.14,0.44,-30.50,20.44,-43.25,4.89,-4.09,7.77,0.38,-0.33,0.83,-5.30,-5.15,4.95,-0.77,-0.60,0.41,1.50,-4.56,8.14,0.01,-0.36,0.96,-2.74,-3.18,8.21,-0.45,-0.21,0.91,1.38,9.21,-0.92,-0.04,1.06,-0.08
38.904794,8.68,-0.64,3.04,1.05,-0.10,0.50,-30.50,20.44,-43.25,4.86,-4.04,7.76,0.45,-0.36,0.90,-5.28,-5.17,4.87,-0.84,-0.63,0.48,1.52,-4.53,8.13,0.05,-0.41,1.05,-2.83,-3.12,8.23,-0.47,-0.26,0.99,1.32,9.18,-0.95,0.00,1.16,-0.08
38.904811,8.68,-0.75,3.19,1.22,-0.03,0.58,-30.50,20.44,-43.25,4.82,-4.02,7.72,0.52,-0.40,0.98,-5.36,-5.12,4.87,-0.91,-0.66,0.56,1.49,-4.51,8.13,0.09,-0.47,1.13,-2.83,-3.10,8.20,-0.47,-0.32,1.08,1.36,9.20,-1.02,0.04,1.26,-0.08
38.904823,8.79,-0.75,3.27,1.22,-0.03,0.58,-31.69,21.56,-42.81,4.89,-3.96,7.79,0.60,-0.44,1.05,-5.43,-5.11,4.85,-0.96,-0.70,0.64,1.51,-4.49,8.16,0.15,-0.52,1.21,-2.70,-3.14,8.22,-0.47,-0.35,1.19,1.36,9.23,-1.08,0.09,1.36,-0.07
38.904835,8.83,-0.64,3.42,1.22,-0.03,0.58,-31.44,18.81,-40.50,4.99,-3.80,8.01,0.68,-0.45,1.10,-5.54,-5.19,4.75,-1.02,-0.72,0.73,1.61,-4.37,8.38,0.20,-0.55,1.28,-2.75,-2.99,8.43,-0.47,-0.36,1.28,1.28,9.32,-1.22,0.14,1.43,-0.07
38.904854,8.83,-0.60,3.65,1.37,0.07,0.66,-31.44,18.81,-40.50,5.04,-3.60,8.27,0.74,-0.44,1.15,-5.82,-5.17,4.82,-1.06,-0.73,0.79,1.65,-4.16,8.67,0.24,-0.57,1.34,-2.84,-2.79,8.65,-0.46,-0.37,1.36,1.38,9.53,-1.45,0.18,1.49,-0.08
38.904877,8.83,-0.68,3.80,1.39,0.09,0.71,-31.44,18.81,-40.50,5.04,-3.45,8.36,0.78,-0.47,1.20,-6.15,-5.08,4.96,-1.10,-0.76,0.84,1.71,-3.97,8.88,0.26,-0.61,1.40,-3.02,-2.58,8.86,-0.47,-0.40,1.43,1.53,9.70,-1.68,0.20,1.57,-0.07
38.906955,8.75,-0.56,4.19,1.39,0.09,0.71,-32.62,17.75,-39.94,5.20,-3.28,8.41,0.84,-0.53,1.28,-6.35,-4.90,5.05,-1.15,-0.84,0.90,1.92,-3.86,8.97,0.27,-0.69,1.49,-2.95,-2.41,9.05,-0.50,-0.48,1.51,1.71,9.73,-1.84,0.21,1.68,-0.04
38.906972,8.75,-0.56,4.19,1.68,0.07,0.75,-32.62,19.88,-39.19,5.33,-3.02,8.62,0.88,-0.57,1.33,-6.36,-4.85,4.98,-1.20,-0.88,0.94,2.09,-3.73,9.09,0.29,-0.72,1.55,-2.78,-2.33,9.14,-0.52,-0.51,1.56,1.73,9.70,-1.92,0.21,1.75,-0.04
38.906988,8.71,-0.21,4.49,1.65,0.08,0.80,-32.62,19.88,-39.19,5.53,-2.80,8.77,0.90,-0.55,1.36,-6.42,-4.71,4.94,-1.25,-0.88,0.97,2.33,-3.63,9.17,0.31,-0.71,1.58,-2.55,-2.22,9.26,-0.53,-0.50,1.60,1.84,9.67,-2.06,0.23,1.78,-0.06
38.907,8.67,-0.25,4.68,1.65,0.08,0.80,-33.25,18.94,-39.06,5.67,-2.59,8.87,0.93,-0.52,1.39,-6.59,-4.58,4.96,-1.29,-0.86,0.98,2.49,-3.47,9.26,0.34,-0.68,1.62,-2.47,-2.03,9.40,-0.53,-0.46,1.65,1.97,9.70,-2.25,0.26,1.80,-0.10
38.90701,8.55,-0.25,4.99,1.64,0.10,0.91,-33.25,18.94,-39.06,5.72,-2.32,9.00,0.96,-0.48,1.43,-6.87,-4.48,5.02,-1.34,-0.84,0.99,2.58,-3.21,9.45,0.36,-0.66,1.67,-2.49,-1.74,9.62,-0.54,-0.42,1.70,2.09,9.83,-2.51,0.28,1.83,-0.15
38.907019,8.45,-0.21,5.07,1.67,0.08,0.94,-33.25,18.94,-39.06,5.73,-2.11,9.11,0.95,-0.48,1.48,-7.12,-4.36,5.14,-1.38,-0.85,0.98,2.63,-2.90,9.68,0.35,-0.65,1.71,-2.60,-1.45,9.85,-0.57,-0.42,1.72,2.25,9.93,-2.71,0.26,1.86,-0.17
38.920996,8.37,-0.21,5.14,1.67,0.08,0.94,-34.12,18.94,-37.25,5.84,-2.05,9.01,0.94,-0.51,1.55,-7.27,-4.16,5.23,-1.42,-0.91,0.98,2.79,-2.88,9.62,0.32,-0.67,1.77,-2.48,-1.36,9.93,-0.62,-0.43,1.76,2.43,9.92,-2.84,0.23,1.92,-0.18
38.94183,8.45,-0.25,5.26,1.67,0.08,0.94,-34.75,19.12,-36.25,5.90,-1.91,9.08,0.94,-0.54,1.62,-7.23,-4.08,5.18,-1.46,-0.95,0.99,2.85,-2.83,9.62,0.31,-0.69,1.83,-2.36,-1.37,9.81,-0.65,-0.44,1.82,2.45,9.83,-2.86,0.22,1.98,-0.19
38.963905,8.37,0.09,5.26,1.67,0.08,0.94,-34.75,19.12,-36.25,5.92,-1.85,9.02,0.95,-0.53,1.66,-7.11,-4.03,5.06,-1.50,-0.97,0.99,2.92,-2.84,9.53,0.31,-0.68,1.87,-2.28,-1.38,9.75,-0.67,-0.43,1.85,2.39,9.71,-2.85,0.22,2.01,-0.21
38.986322,8.41,0.17,5.38,1.82,-0.03,1.01,-34.75,19.12,-36.25,5.90,-1.66,9.18,0.96,-0.49,1.66,-7.03,-4.08,4.83,-1.53,-0.92,0.99,2.90,-2.70,9.58,0.33,-0.64,1.88,-2.33,-1.35,9.69,-0.66,-0.38,1.86,2.21,9.64,-2.90,0.25,1.99,-0.25
39.411553,8.37,0.05,5.61,1.76,0.00,1.06,-34.75,19.12,-36.25,5.79,-1.44,9.47,0.95,-0.41,1.63,-7.18,-4.11,4.66,-1.55,-0.84,0.96,2.83,-2.43,9.80,0.35,-0.57,1.86,-2.53,-1.11,9.80,-0.64,-0.30,1.84,2.09,9.70,-3.14,0.27,1.94,-0.32
39.411582,8.29,-0.29,5.76,1.64,0.01,1.11,-34.75,19.12,-36.25,5.54,-1.31,9.65,0.92,-0.33,1.61,-7.46,-4.16,4.49,-1.56,-0.76,0.92,2.58,-2.25,9.96,0.35,-0.50,1.84,-2.81,-0.88,9.83,-0.63,-0.24,1.79,1.92,9.79,-3.40,0.28,1.88,-0.38
39.411596,8.29,-0.60,5.91,1.52,-0.01,1.12,-36.00,19.94,-32.06,5.18,-1.24,9.78,0.90,-0.29,1.59,-7.75,-4.21,4.34,-1.56,-0.72,0.88,2.22,-2.02,10.08,0.36,-0.45,1.82,-3.20,-0.72,9.78,-0.61,-0.21,1.77,1.76,9.89,-3.66,0.28,1.84,-0.39
39.411609,8.25,-0.91,5.95,1.52,-0.01,1.12,-36.56,21.25,-31.88,4.92,-1.15,9.99,0.89,-0.28,1.58,-7.90,-4.28,4.09,-1.54,-0.71,0.87,2.00,-1.86,10.18,0.36,-0.44,1.79,-3.46,-0.52,9.79,-0.61,-0.20,1.73,1.50,9.92,-3.86,0.28,1.82,-0.39
39.41162,8.17,-1.25,6.14,1.52,-0.01,1.12,-36.56,21.25,-31.88,4.62,-0.91,10.36,0.84,-0.24,1.53,-8.01,-4.47,3.70,-1.50,-0.67,0.83,1.71,-1.52,10.48,0.34,-0.39,1.73,-3.75,-0.38,9.70,-0.60,-0.16,1.68,1.14,9.94,-4.06,0.27,1.74,-0.40
39.41163,8.03,-1.48,6.29,1.33,-0.04,1.07,-37.12,22.69,-32.12,4.28,-0.86,10.51,0.78,-0.17,1.46,-8.15,-4.58,3.42,-1.45,-0.60,0.75,1.44,-1.37,10.53,0.33,-0.32,1.66,-4.02,-0.25,9.55,-0.55,-0.10,1.61,0.90,9.95,-4.24,0.26,1.63,-0.44
39.411643,7.99,-1.79,6.21,1.22,-0.06,1.04,-37.12,22.69,-32.12,3.90,-0.91,10.49,0.72,-0.14,1.39,-8.23,-4.69,3.25,-1.40,-0.56,0.69,1.08,-1.26,10.52,0.29,-0.27,1.59,-4.41,-0.11,9.47,-0.53,-0.07,1.53,0.69,9.97,-4.31,0.23,1.55,-0.45
39.413538,7.91,-1.98,6.06,1.22,-0.06,1.04,-37.12,23.25,-30.81,3.57,-0.98,10.43,0.68,-0.15,1.33,-8.20,-4.78,3.03,-1.34,-0.55,0.63,0.73,-1.25,10.44,0.26,-0.26,1.52,-4.66,-0.15,9.25,-0.52,-0.07,1.45,0.44,9.90,-4.34,0.20,1.48,-0.44
39.413565,7.87,-2.17,5.99,1.22,-0.06,1.04,-37.12,22.81,-30.75,3.34,-0.97,10.55,0.63,-0.15,1.27,-8.09,-4.91,2.78,-1.27,-0.53,0.59,0.49,-1.19,10.45,0.23,-0.25,1.44,-4.81,-0.15,9.07,-0.50,-0.07,1.37,0.16,9.81,-4.32,0.17,1.41,-0.41
39.413578,7.79,-2.44,5.83,0.97,-0.12,0.79,-37.12,26.12,-31.31,3.06,-1.00,10.63,0.56,-0.13,1.18,-8.02,-5.08,2.55,-1.18,-0.48,0.51,0.19,-1.15,10.43,0.19,-0.21,1.33,-5.06,-0.16,8.90,-0.47,-0.05,1.26,-0.12,9.78,-4.29,0.13,1.28,-0.39
39.41359,7.75,-2.55,5.68,0.97,-0.12,0.79,-37.12,26.12,-31.31,2.83,-1.15,10.51,0.49,-0.12,1.11,-8.00,-5.16,2.51,-1.10,-0.47,0.46,-0.00,-1.22,10.31,0.15,-0.19,1.24,-5.22,-0.20,8.81,-0.46,-0.04,1.15,-0.21,9.79,-4.23,0.09,1.20,-0.36
39.413601,7.79,-2.63,5.53,0.89,-0.14,0.71,-37.12,26.12,-31.31,2.71,-1.38,10.25,0.45,-0.15,1.04,-7.92,-5.16,2.58,-1.02,-0.49,0.42,-0.17,-1.34,10.15,0.11,-0.21,1.16,-5.25,-0.34,8.65,-0.46,-0.07,1.06,-0.20,9.73,-4.11,0.05,1.14,-0.30
39.413613,7.83,-2.63,5.41,0.89,-0.15,0.62,-37.12,26.12,-31.31,2.69,-1.59,10.07,0.42,-0.19,0.98,-7.71,-5.18,2.55,-0.95,-0.51,0.40,-0.19,-1.56,9.96,0.08,-0.24,1.09,-5.13,-0.56,8.50,-0.45,-0.12,1.00,-0.24,9.60,-3.93,0.02,1.10,-0.24
39.413624,7.91,-2.51,5.34,0.90,-0.14,0.53,-37.12,26.12,-31.31,2.76,-1.69,10.04,0.41,-0.21,0.90,-7.46,-5.23,2.45,-0.87,-0.48,0.39,-0.11,-1.78,9.82,0.08,-0.26,1.01,-4.98,-0.78,8.36,-0.41,-0.13,0.94,-0.35,9.48,-3.77,0.03,1.03,-0.21
39.415514,8.03,-2.40,5.38,0.90,-0.14,0.53,-38.94,27.31,-28.62,2.84,-1.61,10.24,0.40,-0.18,0.80,-7.36,-5.32,2.41,-0.80,-0.41,0.37,-0.07,-1.74,9.95,0.10,-0.23,0.91,-4.95,-0.84,8.38,-0.35,-0.11,0.86,-0.42,9.50,-3.71,0.05,0.93,-0.20
39.415543,7.98,-2.29,5.45,0.90,-0.14,0.53,-38.94,27.31,-28.62,2.88,-1.65,10.34,0.36,-0.13,0.70,-7.54,-5.38,2.58,-0.73,-0.34,0.33,-0.04,-1.70,10.12,0.10,-0.18,0.82,-5.05,-0.72,8.62,-0.30,-0.08,0.77,-0.33,9.71,-3.78,0.05,0.83,-0.20
39.415556,7.95,-2.48,5.41,0.58,-0.03,0.46,-38.94,27.31,-28.62,2.84,-1.76,10.30,0.31,-0.13,0.64,-7.76,-5.44,2.84,-0.67,-0.33,0.29,-0.10,-1.73,10.22,0.07,-0.18,0.75,-5.19,-0.68,8.82,-0.30,-0.09,0.69,-0.18,9.95,-3.77,0.01,0.76,-0.17
39.415569,8.18,-2.51,5.26,0.56,-0.08,0.38,-39.25,27.38,-26.88,2.94,-1.99,10.09,0.27,-0.19,0.59,-7.76,-5.42,3.08,-0.60,-0.38,0.26,-0.05,-1.98,10.09,0.01,-0.22,0.69,-5.10,-0.87,8.84,-0.32,-0.14,0.62,-0.01,10.00,-3.62,-0.04,0.74,-0.10
39.415581,8.29,-2.32,5.26,0.56,-0.08,0.38,-38.31,29.19,-28.56,3.15,-2.14,9.97,0.26,-0.25,0.56,-7.54,-5.38,3.22,-0.54,-0.42,0.25,0.15,-2.24,9.97,-0.02,-0.27,0.65,-4.82,-1.12,8.79,-0.32,-0.20,0.59,0.09,9.92,-3.41,-0.07,0.73,-0.04
39.415598,8.33,-2.02,5.18,0.64,-0.09,0.18,-38.31,29.19,-28.56,3.42,-2.14,10.02,0.24,-0.27,0.52,-7.29,-5.39,3.26,-0.50,-0.42,0.24,0.38,-2.34,9.99,-0.03,-0.28,0.61,-4.51,-1.28,8.80,-0.30,-0.21,0.55,0.14,9.84,-3.22,-0.09,0.69,-0.01
39.432598,8.29,-1.75,5.11,0.55,-0.10,0.18,-38.31,29.44,-29.75,3.66,-2.20,9.96,0.21,-0.25,0.48,-7.12,-5.36,3.38,-0.46,-0.39,0.21,0.62,-2.49,9.87,-0.04,-0.25,0.56,-4.31,-1.37,8.85,-0.30,-0.18,0.50,0.26,9.78,-3.06,-0.09,0.64,-0.02
39.457787,8.25,-1.52,4.80,0.48,-0.11,0.19,-38.88,30.19,-29.12,3.75,-2.36,9.63,0.18,-0.21,0.44,-6.94,-5.24,3.59,-0.43,-0.36,0.18,0.70,-2.68,9.59,-0.05,-0.22,0.52,-4.11,-1.55,8.73,-0.28,-0.16,0.45,0.46,9.65,-2.85,-0.10,0.58,-0.03
39.478784,8.29,-1.48,4.84,0.47,-0.09,0.17,-38.88,30.19,-29.12,3.85,-2.43,9.43,0.18,-0.20,0.42,-6.77,-5.09,3.66,-0.42,-0.34,0.19,0.83,-2.82,9.40,-0.03,-0.21,0.49,-3.90,-1.69,8.60,-0.25,-0.15,0.43,0.58,9.52,-2.75,-0.08,0.57,-0.02
39.501394,8.25,-1.36,4.91,0.46,-0.05,0.19,-38.88,30.19,-29.12,3.93,-2.29,9.51,0.19,-0.16,0.38,-6.69,-5.07,3.62,-0.40,-0.29,0.19,0.94,-2.71,9.44,-0.00,-0.17,0.45,-3.81,-1.63,8.62,-0.21,-0.12,0.40,0.57,9.45,-2.77,-0.05,0.52,-0.03
39.923342,7.98,-1.44,5.03,0.46,-0.05,0.19,-39.50,29.56,-28.31,3.87,-2.16,9.54,0.17,-0.11,0.34,-6.78,-5.04,3.55,-0.38,-0.23,0.17,0.90,-2.54,9.49,0.01,-0.13,0.41,-3.85,-1.45,8.68,-0.18,-0.09,0.36,0.57,9.46,-2.88,-0.03,0.46,-0.06
39.923378,8.03,-1.55,5.14,0.31,-0.02,0.20,-39.50,29.56,-28.31,3.72,-2.06,9.56,0.16,-0.08,0.30,-6.94,-4.99,3.50,-0.35,-0.18,0.15,0.80,-2.41,9.52,0.02,-0.10,0.37,-3.94,-1.33,8.68,-0.15,-0.06,0.32,0.52,9.49,-3.06,-0.01,0.40,-0.08
39.923393,8.06,-1.67,5.38,0.27,0.00,0.19,-39.50,29.56,-28.31,3.57,-1.91,9.69,0.15,-0.06,0.24,-7.14,-4.95,3.42,-0.31,-0.13,0.13,0.70,-2.22,9.63,0.03,-0.09,0.32,-4.16,-1.16,8.71,-0.11,-0.05,0.29,0.51,9.55,-3.27,0.00,0.34,-0.07
39.923406,7.95,-1.86,5.64,0.24,0.02,0.15,-39.19,31.31,-28.62,3.54,-1.71,9.88,0.15,-0.06,0.17,-7.39,-4.91,3.38,-0.26,-0.11,0.12,0.72,-2.01,9.85,0.04,-0.09,0.25,-4.28,-0.91,8.87,-0.08,-0.05,0.24,0.51,9.66,-3.51,0.00,0.29,-0.04
39.92342,7.87,-1.82,5.72,0.16,0.03,0.06,-39.19,31.31,-28.62,3.54,-1.53,10.13,0.12,-0.06,0.13,-7.60,-4.95,3.34,-0.21,-0.10,0.10,0.72,-1.79,10.12,0.01,-0.08,0.20,-4.39,-0.69,9.08,-0.07,-0.05,0.18,0.48,9.80,-3.68,-0.02,0.24,-0.02
39.923437,7.83,-1.86,5.76,0.16,0.03,0.06,-38.94,29.19,-26.81,3.49,-1.44,10.30,0.07,-0.05,0.09,-7.71,-4.99,3.28,-0.16,-0.09,0.04,0.66,-1.71,10.24,-0.03,-0.06,0.14,-4.49,-0.64,9.11,-0.08,-0.05,0.10,0.43,9.85,-3.76,-0.06,0.18,-0.00
39.923451,7.95,-1.90,5.83,0.10,-0.02,0.00,-38.94,29.19,-26.81,3.44,-1.47,10.32,0.02,-0.05,0.03,-7.75,-5.04,3.22,-0.10,-0.07,-0.00,0.58,-1.72,10.25,-0.05,-0.04,0.08,-4.52,-0.68,9.09,-0.07,-0.03,0.03,0.36,9.86,-3.79,-0.08,0.11,0.01
39.923462,8.07,-1.94,5.83,0.04,-0.04,-0.04,-39.19,30.00,-28.38,3.35,-1.49,10.35,-0.03,-0.04,-0.06,-7.75,-5.09,3.16,-0.02,-0.04,-0.05,0.48,-1.72,10.25,-0.08,-0.02,-0.02,-4.62,-0.71,9.07,-0.04,-0.02,-0.06,0.28,9.89,-3.80,-0.10,0.02,0.02
39.923475,8.09,-1.98,5.83,0.04,-0.04,-0.04,-39.19,30.31,-28.12,3.36,-1.54,10.36,-0.07,-0.03,-0.13,-7.77,-5.11,3.20,0.04,-0.01,-0.09,0.47,-1.75,10.26,-0.10,-0.01,-0.10,-4.67,-0.73,9.09,-0.01,-0.02,-0.14,0.30,9.95,-3.78,-0.11,-0.06,0.04
39.923486,8.13,-1.94,5.72,0.04,-0.04,-0.04,-38.31,30.62,-27.81,3.43,-1.57,10.37,-0.11,-0.03,-0.21,-7.78,-5.12,3.31,0.10,0.01,-0.13,0.52,-1.78,10.32,-0.13,0.00,-0.18,-4.66,-0.74,9.18,0.01,-0.03,-0.22,0.37,10.00,-3.73,-0.14,-0.13,0.07
39.923497,8.18,-1.63,5.76,-0.21,-0.04,-0.26,-38.31,30.62,-27.81,3.68,-1.58,10.37,-0.17,-0.02,-0.27,-7.72,-5.05,3.45,0.17,0.03,-0.18,0.78,-1.89,10.32,-0.16,0.02,-0.26,-4.36,-0.80,9.28,0.02,-0.02,-0.32,0.52,9.98,-3.66,-0.17,-0.21,0.09
39.923508,8.14,-1.52,5.76,-0.27,-0.05,-0.28,-38.31,30.62,-27.81,3.90,-1.58,10.34,-0.21,0.00,-0.32,-7.64,-4.99,3.53,0.21,0.07,-0.23,1.04,-1.96,10.29,-0.18,0.06,-0.32,-4.14,-0.82,9.36,0.03,0.00,-0.38,0.63,9.95,-3.61,-0.20,-0.28,0.08
39.923519,8.10,-1.40,5.80,-0.35,-0.08,-0.29,-38.31,30.62,-27.81,3.98,-1.55,10.30,-0.27,0.04,-0.37,-7.64,-4.98,3.63,0.25,0.12,-0.30,1.11,-1.97,10.30,-0.21,0.11,-0.37,-4.03,-0.85,9.39,0.04,0.04,-0.45,0.73,9.98,-3.56,-0.22,-0.36,0.06
39.92353,8.14,-1.52,5.53,-0.46,-0.14,-0.33,-39.19,29.56,-28.31,4.02,-1.70,10.12,-0.33,0.06,-0.41,-7.62,-4.97,3.78,0.29,0.14,-0.37,1.12,-2.10,10.21,-0.25,0.15,-0.42,-4.03,-0.87,9.41,0.02,0.08,-0.51,0.81,10.00,-3.46,-0.26,-0.43,0.04
39.925707,8.14,-1.55,5.38,-0.46,-0.14,-0.33,-39.19,29.56,-28.31,3.96,-1.81,10.02,-0.37,0.06,-0.43,-7.55,-5.01,3.83,0.32,0.14,-0.41,1.02,-2.17,10.14,-0.29,0.17,-0.45,-4.07,-0.99,9.30,-0.00,0.09,-0.56,0.78,9.98,-3.35,-0.30,-0.46,0.05
39.925728,8.21,-1.59,5.18,-0.46,-0.18,-0.36,-39.19,29.56,-28.31,3.91,-2.01,9.86,-0.42,0.06,-0.46,-7.37,-5.11,3.79,0.35,0.12,-0.45,0.88,-2.35,9.96,-0.33,0.18,-0.48,-4.10,-1.19,9.12,-0.01,0.09,-0.61,0.66,9.91,-3.16,-0.33,-0.49,0.06
39.925742,8.41,-1.55,4.88,-0.50,-0.20,-0.43,-39.19,29.56,-28.31,3.82,-2.23,9.72,-0.45,0.06,-0.50,-6.99,-5.26,3.65,0.39,0.14,-0.49,0.72,-2.61,9.72,-0.35,0.18,-0.53,-4.10,-1.53,8.82,0.00,0.09,-0.67,0.45,9.73,-2.88,-0.35,-0.55,0.07
39.925759,8.45,-1.48,4.84,-0.50,-0.20,-0.43,-38.62,25.81,-26.25,3.81,-2.35,9.69,-0.47,0.09,-0.55,-6.85,-5.35,3.60,0.43,0.19,-0.51,0.72,-2.75,9.62,-0.34,0.21,-0.59,-4.02,-1.67,8.75,0.04,0.11,-0.72,0.39,9.70,-2.75,-0.34,-0.61,0.07
39.925771,8.48,-1.52,4.80,-0.50,-0.20,-0.43,-38.94,27.06,-27.56,3.85,-2.44,9.65,-0.48,0.12,-0.61,-6.85,-5.39,3.69,0.47,0.24,-0.52,0.73,-2.82,9.62,-0.33,0.24,-0.65,-4.03,-1.74,8.78,0.07,0.14,-0.76,0.43,9.76,-2.70,-0.32,-0.67,0.07
39.940155,8.60,-1.48,4.84,-0.70,-0.12,-0.46,-38.94,27.06,-27.56,3.95,-2.54,9.59,-0.48,0.14,-0.66,-6.88,-5.39,3.78,0.51,0.28,-0.53,0.81,-2.88,9.63,-0.32,0.25,-0.71,-4.03,-1.79,8.85,0.10,0.15,-0.80,0.50,9.83,-2.67,-0.30,-0.73,0.08
39.96151,8.64,-1.44,4.91,-0.72,-0.09,-0.48,-38.94,27.06,-27.56,4.04,-2.50,9.69,-0.49,0.16,-0.71,-6.93,-5.37,3.86,0.54,0.32,-0.53,0.91,-2.87,9.75,-0.30,0.27,-0.76,-4.03,-1.76,8.99,0.14,0.16,-0.84,0.56,9.89,-2.68,-0.29,-0.77,0.08
39.982866,8.63,-1.36,4.99,-0.72,-0.09,-0.48,-38.94,24.12,-26.62,4.13,-2.42,9.78,-0.50,0.18,-0.76,-7.01,-5.36,3.91,0.57,0.36,-0.55,0.99,-2.87,9.79,-0.29,0.29,-0.80,-3.96,-1.70,9.05,0.17,0.18,-0.88,0.63,9.94,-2.75,-0.27,-0.82,0.08
40.430913,8.45,-1.25,5.11,-0.72,-0.09,-0.48,-38.38,24.75,-27.50,4.29,-2.29,9.80,-0.52,0.22,-0.80,-7.07,-5.23,4.00,0.60,0.40,-0.57,1.18,-2.72,9.90,-0.29,0.33,-0.85,-3.83,-1.56,9.20,0.19,0.21,-0.93,0.79,9.94,-2.83,-0.27,-0.88,0.08
40.430944,8.45,-1.25,5.11,-0.72,-0.09,-0.48,-38.38,24.75,-27.50,4.32,-2.17,9.84,-0.55,0.25,-0.82,-7.13,-5.21,4.02,0.62,0.42,-0.60,1.22,-2.65,9.93,-0.30,0.36,-0.87,-3.82,-1.47,9.26,0.20,0.23,-0.97,0.81,9.96,-2.88,-0.28,-0.91,0.07
40.43096,8.37,-1.17,5.14,-0.92,-0.09,-0.51,-38.38,24.75,-27.50,4.30,-2.14,9.74,-0.58,0.27,-0.85,-7.16,-5.15,4.04,0.64,0.45,-0.65,1.27,-2.64,9.86,-0.32,0.39,-0.91,-3.76,-1.46,9.21,0.19,0.26,-1.01,0.88,9.93,-2.91,-0.30,-0.97,0.05
40.431291,8.37,-1.17,5.14,-0.98,-0.12,-0.56,-38.38,22.88,-27.12,4.26,-2.17,9.57,-0.61,0.28,-0.89,-7.06,-5.04,4.02,0.67,0.47,-0.68,1.19,-2.69,9.70,-0.33,0.40,-0.95,-3.70,-1.54,9.04,0.22,0.27,-1.04,0.91,9.79,-2.86,-0.31,-1.02,0.06
40.431315,8.29,-1.10,5.07,-0.98,-0.12,-0.56,-37.75,22.50,-27.50,4.32,-2.15,9.52,-0.62,0.29,-0.93,-7.02,-4.95,4.04,0.71,0.50,-0.68,1.29,-2.67,9.65,-0.33,0.41,-1.00,-3.63,-1.48,9.08,0.24,0.27,-1.07,0.99,9.74,-2.86,-0.30,-1.05,0.06
40.431327,8.29,-1.10,5.07,-0.98,-0.12,-0.56,-37.75,22.50,-27.50,4.37,-2.04,9.60,-0.64,0.31,-0.96,-7.04,-4.96,4.05,0.73,0.52,-0.70,1.36,-2.55,9.72,-0.33,0.44,-1.03,-3.63,-1.38,9.17,0.25,0.30,-1.12,0.99,9.77,-2.90,-0.30,-1.09,0.06
40.431338,8.25,-0.98,5.14,-1.11,-0.11,-0.60,-36.94,22.00,-27.44,4.39,-1.98,9.59,-0.67,0.33,-1.00,-7.04,-4.97,4.01,0.76,0.55,-0.75,1.36,-2.51,9.73,-0.35,0.48,-1.08,-3.58,-1.36,9.18,0.26,0.32,-1.18,0.95,9.77,-2.92,-0.32,-1.15,0.05
40.431349,8.33,-0.98,5.18,-1.17,-0.11,-0.62,-36.94,22.00,-27.44,4.40,-1.94,9.62,-0.70,0.36,-1.05,-7.04,-5.01,3.94,0.80,0.60,-0.79,1.35,-2.50,9.76,-0.36,0.50,-1.13,-3.63,-1.41,9.12,0.27,0.35,-1.23,0.90,9.77,-2.93,-0.32,-1.22,0.04
40.431363,8.41,-0.94,5.22,-1.24,-0.10,-0.64,-36.94,22.00,-27.44,4.40,-1.93,9.65,-0.73,0.40,-1.11,-7.08,-5.00,3.97,0.84,0.66,-0.82,1.35,-2.50,9.79,-0.36,0.54,-1.20,-3.63,-1.41,9.13,0.31,0.38,-1.29,0.93,9.80,-2.95,-0.32,-1.31,0.03
40.434247,8.41,-1.02,5.18,-1.24,-0.10,-0.64,-38.06,19.94,-28.44,4.39,-1.96,9.62,-0.76,0.43,-1.18,-7.18,-5.01,4.06,0.89,0.69,-0.85,1.33,-2.51,9.82,-0.36,0.57,-1.26,-3.73,-1.37,9.20,0.34,0.40,-1.35,0.99,9.88,-2.96,-0.33,-1.37,0.04
40.434286,8.37,-1.02,5.11,-1.24,-0.10,-0.64,-37.44,19.00,-28.25,4.46,-2.03,9.58,-0.79,0.43,-1.22,-7.20,-4.99,4.19,0.93,0.70,-0.88,1.37,-2.58,9.79,-0.38,0.58,-1.31,-3.70,-1.40,9.26,0.35,0.40,-1.41,1.08,9.91,-2.92,-0.35,-1.41,0.06
40.434302,8.48,-0.98,4.95,-1.24,-0.10,-0.64,-36.94,18.06,-28.12,4.57,-2.15,9.49,-0.81,0.42,-1.24,-7.08,-5.05,4.20,0.96,0.71,-0.90,1.42,-2.73,9.70,-0.40,0.58,-1.35,-3.57,-1.55,9.21,0.35,0.39,-1.44,1.07,9.89,-2.77,-0.36,-1.45,0.07
40.434316,8.60,-0.71,4.76,-1.44,-0.10,-0.78,-36.94,18.06,-28.12,4.66,-2.26,9.37,-0.84,0.44,-1.29,-6.89,-5.10,4.27,1.01,0.74,-0.93,1.48,-2.90,9.62,-0.40,0.60,-1.40,-3.46,-1.74,9.13,0.37,0.40,-1.50,1.09,9.85,-2.55,-0.37,-1.51,0.08
40.434334,8.63,-0.64,4.57,-1.44,-0.10,-0.78,-36.31,18.81,-29.38,4.73,-2.40,9.20,-0.85,0.45,-1.33,-6.77,-5.10,4.41,1.05,0.76,-0.95,1.52,-3.05,9.47,-0.40,0.61,-1.45,-3.38,-1.88,9.10,0.39,0.41,-1.53,1.18,9.83,-2.39,-0.37,-1.55,0.09
40.434345,8.67,-0.52,4.38,-1.49,-0.08,-0.83,-36.31,18.81,-29.38,4.83,-2.57,8.98,-0.86,0.44,-1.37,-6.59,-5.06,4.56,1.08,0.76,-0.95,1.64,-3.23,9.28,-0.41,0.60,-1.49,-3.22,-2.03,9.11,0.41,0.39,-1.57,1.32,9.77,-2.23,-0.37,-1.58,0.11
40.434358,8.64,-0.48,4.26,-1.48,-0.07,-0.84,-36.31,18.81,-29.38,4.99,-2.69,8.88,-0.86,0.44,-1.39,-6.50,-5.08,4.69,1.10,0.76,-0.96,1.78,-3.39,9.21,-0.40,0.60,-1.50,-3.07,-2.15,9.10,0.42,0.39,-1.58,1.38,9.79,-2.08,-0.37,-1.59,0.11
40.435868,8.67,-0.29,4.15,-1.48,-0.07,-0.84,-36.00,16.44,-30.75,5.04,-2.82,8.77,-0.86,0.43,-1.40,-6.32,-5.14,4.81,1.11,0.76,-0.97,1.81,-3.56,9.13,-0.41,0.60,-1.51,-2.97,-2.35,9.01,0.43,0.38,-1.59,1.42,9.75,-1.85,-0.38,-1.60,0.11
40.435895,8.83,-0.21,4.00,-1.48,-0.07,-0.84,-36.00,16.44,-30.75,5.15,-2.98,8.67,-0.86,0.43,-1.42,-6.09,-5.20,4.81,1.12,0.78,-0.98,1.86,-3.76,8.99,-0.40,0.60,-1.53,-2.86,-2.58,8.91,0.44,0.38,-1.60,1.37,9.67,-1.66,-0.37,-1.62,0.12
40.435906,8.90,-0.18,4.00,-1.49,-0.08,-0.86,-36.00,16.44,-30.75,5.24,-2.97,8.83,-0.87,0.47,-1.45,-5.98,-5.32,4.77,1.13,0.83,-0.98,1.88,-3.77,9.10,-0.39,0.63,-1.56,-2.77,-2.60,9.07,0.48,0.41,-1.62,1.28,9.68,-1.57,-0.35,-1.66,0.11
40.435921,8.94,-0.02,3.96,-1.53,-0.05,-0.84,-36.00,16.44,-30.75,5.31,-3.00,8.83,-0.89,0.53,-1.48,-6.05,-5.35,4.83,1.14,0.88,-1.01,1.96,-3.80,9.14,-0.38,0.69,-1.59,-2.83,-2.62,9.06,0.49,0.47,-1.66,1.33,9.75,-1.58,-0.34,-1.71,0.08
40.444968,8.94,-0.25,4.00,-1.70,-0.05,-0.81,-36.00,16.44,-30.75,5.36,-3.07,8.74,-0.91,0.57,-1.49,-6.17,-5.32,4.92,1.15,0.92,-1.02,1.99,-3.82,9.14,-0.37,0.73,-1.62,-2.80,-2.57,9.17,0.49,0.51,-1.69,1.47,9.84,-1.65,-0.33,-1.75,0.05
40.463094,8.90,-0.21,4.07,-1.69,-0.05,-0.81,-36.00,16.44,-30.75,5.42,-3.04,8.68,-0.91,0.59,-1.50,-6.19,-5.18,4.98,1.15,0.95,-1.04,2.09,-3.86,9.11,-0.37,0.75,-1.63,-2.69,-2.60,9.14,0.50,0.52,-1.70,1.53,9.79,-1.66,-0.32,-1.77,0.03
40.480619,8.94,-0.06,4.22,-1.69,-0.04,-0.80,-36.00,16.44,-30.75,5.54,-2.91,8.83,-0.90,0.62,-1.52,-6.17,-5.10,4.91,1.14,0.99,-1.04,2.24,-3.81,9.19,-0.35,0.78,-1.65,-2.58,-2.57,9.19,0.53,0.56,-1.70,1.56,9.75,-1.72,-0.29,-1.79,-0.00
40.501825,8.90,0.02,4.38,-1.69,-0.04,-0.80,-34.19,16.31,-33.94,5.59,-2.68,9.12,-0.92,0.70,-1.55,-6.36,-5.18,4.87,1.14,1.07,-1.07,2.28,-3.59,9.45,-0.33,0.85,-1.67,-2.72,-2.37,9.38,0.55,0.63,-1.73,1.52,9.90,-1.89,-0.27,-1.85,-0.06
40.526079,8.79,-0.29,4.38,-1.69,-0.04,-0.80,-33.88,16.38,-36.12,5.49,-2.77,9.01,-0.96,0.75,-1.55,-6.71,-5.15,5.06,1.14,1.10,-1.12,2.13,-3.52,9.50,-0.35,0.90,-1.68,-2.95,-2.19,9.54,0.54,0.67,-1.75,1.65,10.12,-2.06,-0.29,-1.89,-0.09
40.718481,8.87,-0.56,4.26,-1.69,-0.04,-0.80,-33.88,16.38,-36.12,5.37,-3.04,8.72,-0.96,0.70,-1.52,-6.73,-5.04,5.23,1.13,1.05,-1.11,1.98,-3.70,9.32,-0.38,0.86,-1.65,-2.98,-2.33,9.43,0.51,0.63,-1.73,1.77,10.10,-1.99,-0.32,-1.83,-0.05
40.718525,9.02,-0.60,4.22,-1.74,-0.11,-0.77,-33.88,16.38,-36.12,5.43,-3.11,8.79,-0.93,0.65,-1.50,-6.51,-5.14,5.09,1.11,1.00,-1.08,2.08,-3.83,9.30,-0.38,0.81,-1.61,-2.84,-2.49,9.35,0.49,0.59,-1.69,1.60,10.00,-1.85,-0.32,-1.77,-0.02
40.718541,9.06,-0.25,4.19,-1.71,-0.07,-0.71,-33.56,16.75,-35.81,5.42,-2.98,9.14,-0.93,0.69,-1.49,-6.34,-5.41,4.80,1.09,1.02,-1.09,2.04,-3.78,9.44,-0.36,0.86,-1.61,-2.92,-2.50,9.34,0.50,0.64,-1.69,1.25,9.98,-1.79,-0.31,-1.79,-0.06
40.718556,8.98,-0.33,4.11,-1.71,-0.07,-0.71,-32.94,16.94,-38.38,5.20,-2.99,9.16,-0.97,0.75,-1.51,-6.42,-5.54,4.72,1.08,1.07,-1.13,1.76,-3.66,9.50,-0.37,0.92,-1.63,-3.21,-2.46,9.28,0.50,0.69,-1.72,1.13,10.04,-1.81,-0.31,-1.84,-0.11
40.718569,8.90,-0.75,3.84,-1.71,-0.07,-0.71,-32.94,16.94,-38.38,5.06,-3.12,9.02,-1.00,0.76,-1.51,-6.50,-5.59,4.78,1.09,1.08,-1.16,1.62,-3.75,9.40,-0.40,0.94,-1.63,-3.33,-2.48,9.22,0.49,0.71,-1.74,1.14,10.11,-1.80,-0.33,-1.86,-0.13
40.718586,9.02,-0.75,3.77,-1.71,-0.07,-0.71,-32.94,16.94,-38.38,5.05,-3.27,8.87,-1.01,0.73,-1.50,-6.48,-5.55,4.89,1.09,1.05,-1.17,1.61,-3.86,9.30,-0.42,0.92,-1.63,-3.30,-2.55,9.19,0.47,0.68,-1.74,1.22,10.10,-1.73,-0.36,-1.85,-0.13
40.718599,9.02,-0.56,3.61,-1.75,-0.18,-0.74,-32.94,16.94,-38.38,5.18,-3.39,8.75,-1.02,0.69,-1.46,-6.38,-5.54,5.00,1.07,0.99,-1.17,1.71,-3.98,9.25,-0.45,0.88,-1.60,-3.16,-2.66,9.18,0.43,0.65,-1.73,1.28,10.08,-1.59,-0.39,-1.80,-0.10
40.720784,9.05,-0.48,3.50,-1.71,-0.22,-0.74,-32.94,16.94,-38.38,5.22,-3.54,8.60,-1.03,0.67,-1.42,-6.14,-5.57,5.03,1.05,0.95,-1.17,1.74,-4.17,9.07,-0.47,0.86,-1.56,-3.04,-2.86,9.08,0.39,0.64,-1.71,1.27,9.99,-1.39,-0.42,-1.76,-0.10
40.722347,9.18,-0.41,3.30,-1.67,-0.23,-0.73,-32.94,16.94,-38.38,5.20,-3.76,8.46,-1.02,0.66,-1.39,-5.88,-5.72,5.01,1.03,0.93,-1.17,1.68,-4.41,8.89,-0.48,0.86,-1.53,-3.00,-3.14,8.91,0.37,0.64,-1.68,1.15,9.92,-1.13,-0.42,-1.73,-0.10
40.739449,9.25,-0.37,3.15,-1.67,-0.23,-0.73,-32.00,16.50,-40.44,5.14,-3.98,8.30,-1.00,0.65,-1.38,-5.69,-5.77,5.07,1.02,0.93,-1.15,1.55,-4.61,8.75,-0.47,0.85,-1.51,-2.97,-3.43,8.73,0.37,0.63,-1.66,1.16,9.87,-0.92,-0.41,-1.71,-0.10
40.762327,9.44,-0.41,3.00,-1.67,-0.23,-0.73,-32.31,20.50,-41.88,5.19,-4.17,8.08,-0.96,0.62,-1.37,-5.56,-5.70,5.24,1.01,0.91,-1.10,1.54,-4.79,8.56,-0.44,0.80,-1.49,-2.89,-3.56,8.66,0.39,0.59,-1.62,1.31,9.79,-0.74,-0.38,-1.67,-0.07
40.784507,9.28,-0.29,2.92,-1.58,-0.14,-0.69,-32.31,20.50,-41.88,5.54,-4.34,7.96,-0.90,0.60,-1.32,-5.39,-5.54,5.30,0.96,0.87,-1.03,1.99,-5.02,8.38,-0.40,0.77,-1.43,-2.42,-3.62,8.73,0.39,0.57,-1.54,1.45,9.67,-0.66,-0.34,-1.59,-0.07
40.806819,9.13,-0.02,2.92,-1.48,-0.12,-0.62,-32.31,20.50,-41.88,5.61,-4.16,8.27,-0.86,0.64,-1.24,-5.22,-5.72,5.21,0.88,0.89,-1.00,2.01,-4.88,8.63,-0.36,0.80,-1.36,-2.43,-3.62,8.75,0.39,0.62,-1.46,1.28,9.68,-0.55,-0.31,-1.54,-0.13
40.830848,9.25,-0.41,2.81,-1.56,-0.16,-0.47,-32.31,20.50,-41.88,5.32,-4.33,8.05,-0.86,0.69,-1.20,-5.29,-5.90,5.24,0.83,0.91,-1.01,1.70,-4.97,8.52,-0.35,0.85,-1.30,-2.73,-3.68,8.67,0.37,0.66,-1.43,1.22,9.79,-0.51,-0.30,-1.53,-0.19
40.850022,9.25,-0.41,2.81,-1.56,-0.16,-0.47,-32.31,20.50,-41.88,5.16,-4.55,7.81,-0.84,0.66,-1.15,-5.26,-5.87,5.37,0.79,0.87,-0.98,1.49,-5.09,8.35,-0.35,0.82,-1.25,-2.82,-3.81,8.55,0.35,0.63,-1.37,1.24,9.77,-0.43,-0.30,-1.46,-0.18
40.873405,9.25,-0.41,2.69,-1.31,-0.15,-0.48,-32.31,20.50,-41.88,5.20,-4.64,7.75,-0.79,0.61,-1.09,-5.10,-5.84,5.40,0.74,0.81,-0.92,1.58,-5.21,8.26,-0.34,0.76,-1.18,-2.69,-3.90,8.49,0.32,0.58,-1.29,1.27,9.70,-0.28,-0.29,-1.37,-0.16
40.893672,9.21,-0.33,2.62,-1.31,-0.15,-0.48,-32.31,20.50,-41.88,5.20,-4.75,7.73,-0.76,0.58,-1.02,-4.98,-5.94,5.43,0.69,0.76,-0.88,1.54,-5.30,8.21,-0.33,0.72,-1.10,-2.67,-4.03,8.40,0.28,0.56,-1.22,1.22,9.67,-0.11,-0.29,-1.28,-0.16
40.918271,9.36,-0.45,2.23,-1.17,-0.17,-0.41,-31.31,24.06,-45.31,5.06,-5.04,7.54,-0.71,0.54,-0.94,-4.75,-6.13,5.41,0.63,0.69,-0.83,1.34,-5.58,7.99,-0.32,0.67,-1.01,-2.80,-4.32,8.20,0.25,0.52,-1.13,1.05,9.63,0.14,-0.28,-1.17,-0.15
40.939704,9.52,-0.33,2.20,-1.08,-0.15,-0.39,-31.31,24.06,-45.31,4.96,-5.20,7.39,-0.64,0.48,-0.88,-4.55,-6.18,5.42,0.60,0.64,-0.76,1.22,-5.73,7.88,-0.29,0.61,-0.96,-2.82,-4.53,8.03,0.25,0.46,-1.06,1.02,9.56,0.31,-0.26,-1.10,-0.12
40.961671,9.52,-0.21,2.20,-1.08,-0.15,-0.39,-31.62,22.88,-44.50,5.09,-5.24,7.38,-0.57,0.45,-0.85,-4.45,-6.12,5.50,0.55,0.60,-0.68,1.34,-5.83,7.81,-0.24,0.56,-0.91,-2.65,-4.59,8.03,0.26,0.41,-0.98,1.11,9.50,0.40,-0.21,-1.01,-0.09
40.985902,9.40,-0.10,2.31,-1.08,-0.15,-0.39,-31.62,23.94,-45.00,5.20,-5.12,7.51,-0.50,0.43,-0.79,-4.46,-6.13,5.48,0.50,0.58,-0.60,1.49,-5.76,7.89,-0.19,0.52,-0.84,-2.51,-4.50,8.15,0.27,0.39,-0.90,1.08,9.51,0.36,-0.17,-0.93,-0.09
41.006644,9.28,-0.06,2.35,-1.08,-0.15,-0.39,-31.62,23.94,-45.00,5.12,-5.01,7.64,-0.46,0.44,-0.75,-4.50,-6.21,5.40,0.46,0.58,-0.56,1.41,-5.64,8.01,-0.16,0.52,-0.79,-2.63,-4.45,8.14,0.27,0.40,-0.84,1.01,9.56,0.31,-0.14,-0.89,-0.10
41.028696,9.36,-0.29,2.54,-0.89,-0.01,-0.26,-31.62,23.94,-45.00,4.92,-4.93,7.70,-0.43,0.42,-0.73,-4.73,-6.33,5.38,0.44,0.57,-0.52,1.17,-5.47,8.18,-0.14,0.49,-0.75,-2.96,-4.29,8.23,0.26,0.39,-0.79,0.93,9.74,0.16,-0.12,-0.85,-0.10
41.053618,9.25,-0.45,2.54,-0.77,-0.01,-0.31,-31.94,25.38,-45.25,4.75,-4.90,7.62,-0.40,0.34,-0.69,-4.95,-6.27,5.52,0.44,0.49,-0.49,1.04,-5.35,8.18,-0.15,0.40,-0.72,-3.11,-4.15,8.29,0.24,0.30,-0.75,1.05,9.84,0.02,-0.14,-0.79,-0.05
41.071624,9.25,-0.33,2.62,-0.64,-0.02,-0.36,-31.94,25.38,-45.25,4.88,-4.87,7.63,-0.37,0.26,-0.66,-4.84,-6.11,5.50,0.43,0.42,-0.45,1.23,-5.37,8.14,-0.16,0.32,-0.68,-2.90,-4.15,8.29,0.21,0.23,-0.71,1.13,9.69,0.05,-0.15,-0.72,-0.00
41.091538,9.25,-0.33,2.62,-0.58,-0.00,-0.33,-31.94,25.38,-45.25,5.03,-4.78,7.77,-0.35,0.23,-0.62,-4.70,-6.07,5.42,0.41,0.38,-0.42,1.39,-5.38,8.12,-0.16,0.29,-0.64,-2.74,-4.16,8.28,0.20,0.19,-0.67,1.11,9.57,0.09,-0.15,-0.66,0.02
41.116736,9.13,-0.14,2.54,-0.59,-0.00,-0.29,-31.62,26.50,-47.88,5.08,-4.80,7.68,-0.33,0.22,-0.57,-4.69,-6.05,5.42,0.38,0.35,-0.39,1.44,-5.41,8.06,-0.15,0.28,-0.59,-2.60,-4.16,8.27,0.18,0.19,-0.62,1.16,9.57,0.11,-0.15,-0.61,0.02
41.138008,9.17,-0.18,2.46,-0.54,-0.02,-0.27,-31.62,26.50,-47.88,5.02,-4.89,7.53,-0.30,0.19,-0.53,-4.62,-6.02,5.47,0.35,0.31,-0.35,1.36,-5.49,8.01,-0.14,0.24,-0.54,-2.60,-4.27,8.17,0.15,0.17,-0.57,1.17,9.51,0.19,-0.14,-0.55,0.02
41.160495,9.32,-0.10,2.54,-0.47,-0.00,-0.26,-31.62,26.50,-47.88,5.01,-4.87,7.72,-0.26,0.19,-0.51,-4.51,-6.18,5.32,0.32,0.31,-0.32,1.35,-5.52,8.08,-0.11,0.22,-0.50,-2.69,-4.38,8.12,0.16,0.16,-0.52,0.96,9.52,0.25,-0.11,-0.52,0.01
41.18295,9.40,-0.25,2.54,-0.47,-0.00,-0.26,-31.00,28.56,-48.94,4.87,-4.89,7.80,-0.23,0.20,-0.51,-4.68,-6.33,5.36,0.31,0.32,-0.30,1.16,-5.49,8.17,-0.09,0.22,-0.49,-2.94,-4.34,8.19,0.19,0.16,-0.50,0.92,9.72,0.20,-0.09,-0.51,0.01
41.204593,9.40,-0.48,2.46,-0.50,0.05,-0.22,-31.00,28.56,-48.94,4.84,-5.08,7.61,-0.20,0.15,-0.49,-4.76,-6.27,5.51,0.30,0.27,-0.26,1.08,-5.59,8.09,-0.08,0.17,-0.46,-2.99,-4.36,8.23,0.18,0.10,-0.46,1.03,9.75,0.23,-0.09,-0.45,0.04
41.226067,9.44,-0.45,2.39,-0.39,0.05,-0.25,-31.00,28.56,-48.94,5.01,-5.08,7.72,-0.16,0.10,-0.45,-4.60,-6.30,5.46,0.28,0.22,-0.21,1.25,-5.65,8.12,-0.06,0.11,-0.42,-2.80,-4.46,8.24,0.17,0.06,-0.41,0.98,9.69,0.32,-0.07,-0.39,0.07
41.250144,9.48,0.05,2.58,-0.29,0.08,-0.24,-31.00,27.19,-46.94,5.16,-4.98,7.98,-0.14,0.12,-0.41,-4.64,-6.39,5.45,0.25,0.23,-0.19,1.39,-5.60,8.32,-0.04,0.12,-0.39,-2.75,-4.40,8.41,0.17,0.08,-0.37,0.97,9.80,0.31,-0.06,-0.37,0.06
41.271526,9.48,-0.14,2.54,-0.29,0.08,-0.24,-31.31,27.50,-48.44,5.09,-5.11,7.84,-0.13,0.11,-0.37,-4.80,-6.39,5.67,0.22,0.21,-0.18,1.29,-5.61,8.36,-0.05,0.11,-0.34,-2.87,-4.39,8.51,0.14,0.07,-0.33,1.11,9.95,0.29,-0.07,-0.32,0.06
41.293057,9.56,-0.29,2.43,-0.29,0.08,-0.24,-31.88,27.50,-48.44,5.15,-5.19,7.85,-0.11,0.06,-0.32,-4.75,-6.43,5.73,0.19,0.15,-0.15,1.34,-5.77,8.33,-0.06,0.07,-0.29,-2.82,-4.53,8.51,0.10,0.04,-0.29,1.10,9.97,0.39,-0.08,-0.26,0.07
41.31328,9.67,-0.18,2.39,-0.29,0.08,-0.24,-31.88,27.50,-48.44,5.27,-5.24,8.00,-0.10,0.05,-0.29,-4.66,-6.56,5.70,0.16,0.14,-0.14,1.44,-5.88,8.43,-0.06,0.06,-0.25,-2.80,-4.65,8.55,0.09,0.03,-0.26,1.03,10.01,0.50,-0.08,-0.23,0.05
41.338764,9.90,-0.10,2.35,-0.19,0.03,-0.12,-30.69,26.44,-49.69,5.32,-5.38,7.99,-0.09,0.06,-0.26,-4.74,-6.64,5.90,0.12,0.12,-0.13,1.41,-5.99,8.49,-0.06,0.07,-0.21,-2.85,-4.72,8.66,0.07,0.04,-0.21,1.12,10.16,0.57,-0.07,-0.19,0.03
41.360364,9.94,-0.18,2.20,-0.15,0.01,-0.10,-30.69,26.44,-49.69,5.41,-5.62,7.71,-0.06,0.01,-0.19,-4.76,-6.52,6.15,0.08,0.05,-0.10,1.48,-6.14,8.34,-0.07,0.02,-0.14,-2.73,-4.81,8.71,0.03,-0.00,-0.15,1.36,10.20,0.64,-0.09,-0.10,0.04
41.381594,9.94,-0.02,2.12,0.00,-0.01,-0.10,-30.69,26.44,-49.69,5.64,-5.69,7.64,-0.02,-0.05,-0.10,-4.56,-6.43,6.22,0.01,-0.03,-0.04,1.72,-6.34,8.21,-0.06,-0.04,-0.05,-2.43,-4.98,8.67,-0.02,-0.05,-0.06,1.44,10.06,0.78,-0.08,0.02,0.06
41.405675,9.86,0.48,2.23,0.13,-0.00,-0.05,-31.25,26.94,-49.81,5.76,-5.57,7.72,0.02,-0.05,-0.01,-4.36,-6.46,6.13,-0.07,-0.06,0.00,1.86,-6.31,8.20,-0.04,-0.05,0.05,-2.30,-5.01,8.60,-0.04,-0.04,0.03,1.39,9.94,0.86,-0.07,0.10,0.03
41.425714,9.75,0.36,2.16,0.13,-0.00,-0.05,-31.25,26.94,-49.81,5.64,-5.62,7.48,0.06,-0.04,0.05,-4.33,-6.35,6.12,-0.13,-0.07,0.03,1.74,-6.34,7.98,-0.02,-0.05,0.12,-2.32,-5.03,8.45,-0.05,-0.03,0.09,1.45,9.85,0.87,-0.05,0.16,0.01
41.447463,9.74,0.13,2.12,0.15,0.00,0.09,-31.25,26.94,-49.81,5.54,-5.67,7.29,0.13,-0.06,0.11,-4.24,-6.27,6.01,-0.19,-0.09,0.10,1.64,-6.36,7.80,0.03,-0.09,0.20,-2.25,-5.10,8.26,-0.05,-0.07,0.19,1.39,9.69,0.87,-0.00,0.24,0.00
41.471802,9.78,0.13,2.31,0.32,0.12,0.19,-31.56,28.50,-48.62,5.52,-5.45,7.60,0.21,-0.06,0.17,-4.24,-6.35,5.75,-0.26,-0.08,0.18,1.67,-6.20,7.98,0.10,-0.10,0.26,-2.32,-4.95,8.29,-0.02,-0.06,0.29,1.17,9.69,0.72,0.07,0.31,-0.03
41.489064,9.67,0.02,2.46,0.32,0.12,0.19,-31.31,26.56,-48.31,5.38,-5.26,7.86,0.24,-0.02,0.19,-4.47,-6.45,5.65,-0.30,-0.05,0.21,1.51,-5.93,8.25,0.14,-0.08,0.30,-2.62,-4.70,8.43,-0.01,-0.03,0.34,1.04,9.83,0.53,0.11,0.33,-0.06
41.509703,9.59,-0.21,2.58,0.32,0.12,0.19,-31.31,26.56,-48.31,5.13,-5.16,7.97,0.26,-0.00,0.22,-4.76,-6.48,5.59,-0.33,-0.06,0.23,1.28,-5.70,8.41,0.16,-0.07,0.33,-2.94,-4.49,8.47,-0.02,-0.01,0.37,0.98,9.97,0.30,0.12,0.36,-0.07
41.533499,9.60,-0.60,2.69,0.35,0.12,0.26,-31.31,26.56,-48.31,4.82,-5.10,7.91,0.30,-0.04,0.25,-5.00,-6.43,5.51,-0.35,-0.10,0.27,1.05,-5.55,8.43,0.16,-0.12,0.37,-3.18,-4.32,8.45,-0.03,-0.06,0.42,0.96,10.04,0.07,0.13,0.43,-0.04
41.555556,9.52,-0.68,2.77,0.35,0.12,0.26,-31.00,28.38,-50.06,4.81,-4.98,8.00,0.33,-0.12,0.29,-5.20,-6.37,5.53,-0.37,-0.19,0.32,1.07,-5.36,8.54,0.15,-0.21,0.42,-3.22,-4.08,8.58,-0.06,-0.14,0.47,0.99,10.10,-0.10,0.11,0.51,0.00
41.577179,9.32,-0.68,2.77,0.35,0.12,0.26,-31.31,27.31,-49.44,4.88,-4.88,8.05,0.34,-0.20,0.36,-5.17,-6.34,5.48,-0.39,-0.28,0.34,1.16,-5.26,8.55,0.12,-0.27,0.48,-3.16,-3.97,8.61,-0.12,-0.21,0.52,0.99,10.02,-0.11,0.07,0.60,0.04
41.600273,9.25,-0.41,2.54,0.35,0.12,0.26,-31.56,27.88,-49.94,4.95,-4.89,7.99,0.34,-0.25,0.43,-4.91,-6.34,5.33,-0.43,-0.36,0.35,1.28,-5.36,8.40,0.09,-0.31,0.55,-2.97,-4.11,8.42,-0.18,-0.24,0.56,0.88,9.80,0.05,0.03,0.67,0.05
41.621873,9.29,-0.37,2.39,0.69,0.01,0.22,-31.56,27.88,-49.94,4.88,-4.98,7.87,0.34,-0.26,0.49,-4.67,-6.38,5.25,-0.46,-0.38,0.36,1.13,-5.47,8.24,0.08,-0.32,0.60,-2.95,-4.33,8.17,-0.21,-0.24,0.60,0.79,9.67,0.20,0.03,0.71,0.04
41.644529,9.40,-0.45,2.16,0.69,0.01,0.22,-30.75,24.88,-46.94,4.82,-5.18,7.58,0.37,-0.28,0.53,-4.58,-6.33,5.38,-0.49,-0.42,0.39,1.05,-5.66,7.97,0.09,-0.35,0.65,-2.92,-4.48,8.03,-0.22,-0.27,0.65,0.90,9.62,0.33,0.04,0.76,0.05
41.66839,9.44,-0.29,1.85,0.88,0.07,0.27,-30.75,24.88,-46.94,4.91,-5.43,7.21,0.43,-0.35,0.59,-4.43,-6.20,5.58,-0.53,-0.49,0.47,1.18,-5.90,7.70,0.11,-0.44,0.72,-2.70,-4.65,8.01,-0.23,-0.35,0.74,1.11,9.53,0.52,0.05,0.87,0.08
41.689326,9.44,-0.29,1.85,1.03,0.11,0.31,-31.62,25.62,-48.12,5.17,-5.48,7.11,0.51,-0.41,0.64,-4.23,-6.12,5.62,-0.58,-0.55,0.55,1.44,-6.07,7.59,0.15,-0.51,0.80,-2.40,-4.80,8.00,-0.25,-0.40,0.84,1.20,9.42,0.65,0.09,0.98,0.10
41.711661,9.52,0.28,2.12,1.07,0.16,0.39,-31.62,25.62,-48.12,5.48,-5.28,7.38,0.59,-0.41,0.70,-4.17,-6.10,5.60,-0.65,-0.55,0.63,1.76,-5.99,7.80,0.21,-0.52,0.87,-2.16,-4.75,8.14,-0.24,-0.39,0.93,1.24,9.42,0.63,0.15,1.05,0.08
41.736137,9.36,0.13,2.35,1.04,0.17,0.47,-31.31,25.38,-47.00,5.53,-5.15,7.48,0.64,-0.37,0.77,-4.47,-6.09,5.71,-0.73,-0.54,0.67,1.78,-5.81,7.97,0.25,-0.50,0.95,-2.27,-4.52,8.35,-0.24,-0.36,1.02,1.34,9.62,0.43,0.18,1.12,0.04
41.757368,9.40,-0.02,2.35,1.11,0.14,0.51,-31.31,25.38,-47.00,5.42,-5.14,7.28,0.68,-0.41,0.85,-4.69,-5.95,5.89,-0.78,-0.59,0.72,1.68,-5.70,7.98,0.26,-0.55,1.04,-2.41,-4.40,8.44,-0.28,-0.40,1.11,1.53,9.71,0.29,0.19,1.22,0.06
41.779894,9.36,-0.06,2.39,1.27,0.15,0.50,-31.31,25.38,-47.00,5.50,-5.02,7.31,0.75,-0.49,0.93,-4.74,-5.84,5.89,-0.84,-0.68,0.79,1.83,-5.63,7.98,0.27,-0.63,1.13,-2.27,-4.33,8.45,-0.31,-0.47,1.20,1.60,9.67,0.22,0.20,1.34,0.09
41.805077,9.32,0.36,2.69,1.43,0.16,0.57,-32.25,21.94,-44.25,5.72,-4.73,7.57,0.80,-0.53,1.00,-4.82,-5.79,5.82,-0.91,-0.75,0.86,2.08,-5.47,8.17,0.29,-0.68,1.22,-2.14,-4.12,8.67,-0.34,-0.50,1.30,1.64,9.71,0.06,0.21,1.44,0.08
41.825403,9.21,0.28,2.77,1.43,0.16,0.57,-32.25,21.94,-44.25,5.77,-4.60,7.64,0.82,-0.54,1.08,-4.98,-5.73,5.87,-0.97,-0.78,0.88,2.12,-5.35,8.28,0.29,-0.70,1.30,-2.21,-3.97,8.79,-0.38,-0.51,1.37,1.73,9.76,-0.06,0.21,1.52,0.06
41.846951,9.25,0.25,2.81,1.48,0.13,0.61,-32.25,21.94,-44.25,5.78,-4.58,7.56,0.85,-0.59,1.16,-5.09,-5.63,5.94,-1.03,-0.85,0.92,2.11,-5.33,8.25,0.29,-0.74,1.38,-2.23,-3.96,8.77,-0.42,-0.55,1.45,1.83,9.78,-0.14,0.20,1.61,0.06
41.872266,9.36,0.25,2.81,1.69,0.12,0.64,-31.69,20.62,-42.25,5.86,-4.55,7.51,0.91,-0.65,1.26,-5.03,-5.56,5.87,-1.09,-0.92,0.99,2.21,-5.39,8.17,0.30,-0.81,1.48,-2.09,-4.02,8.72,-0.45,-0.60,1.55,1.82,9.68,-0.15,0.22,1.73,0.08
41.890357,9.40,0.36,2.84,1.69,0.12,0.64,-32.00,19.12,-43.75,5.92,-4.45,7.58,0.95,-0.66,1.30,-5.02,-5.54,5.82,-1.14,-0.94,1.03,2.33,-5.32,8.20,0.33,-0.84,1.54,-2.05,-3.97,8.77,-0.46,-0.62,1.61,1.83,9.67,-0.19,0.24,1.79,0.08
41.911566,9.36,0.48,2.88,1.77,0.17,0.73,-32.00,19.12,-43.75,6.01,-4.36,7.62,0.99,-0.67,1.35,-5.14,-5.50,5.89,-1.18,-0.97,1.08,2.38,-5.22,8.31,0.36,-0.86,1.60,-2.05,-3.87,8.88,-0.47,-0.63,1.67,1.92,9.73,-0.25,0.26,1.86,0.08
41.935313,9.32,0.40,2.88,1.85,0.17,0.77,-32.00,20.25,-42.56,6.14,-4.31,7.64,1.04,-0.70,1.43,-5.26,-5.39,5.98,-1.25,-1.01,1.14,2.51,-5.21,8.36,0.38,-0.89,1.68,-1.95,-3.79,9.02,-0.49,-0.65,1.77,2.04,9.76,-0.35,0.28,1.95,0.07
41.956829,9.40,0.48,2.92,1.85,0.17,0.77,-32.00,18.94,-40.88,6.25,-4.13,7.74,1.09,-0.72,1.49,-5.37,-5.36,5.98,-1.30,-1.04,1.18,2.64,-5.08,8.47,0.40,-0.92,1.75,-1.91,-3.70,9.12,-0.51,-0.66,1.84,2.09,9.83,-0.46,0.30,2.02,0.06
41.979403,9.32,0.63,3.15,1.85,0.17,0.77,-32.00,18.94,-40.88,6.35,-3.98,7.74,1.13,-0.73,1.55,-5.49,-5.19,6.03,-1.35,-1.07,1.22,2.79,-4.97,8.48,0.42,-0.94,1.82,-1.80,-3.58,9.17,-0.53,-0.68,1.91,2.25,9.81,-0.61,0.32,2.09,0.05
42.002325,9.21,0.67,3.38,2.03,0.18,0.88,-32.00,18.94,-40.88,6.46,-3.77,7.78,1.18,-0.73,1.60,-5.52,-5.01,5.99,-1.41,-1.10,1.27,2.94,-4.82,8.51,0.45,-0.95,1.88,-1.68,-3.44,9.21,-0.53,-0.69,1.99,2.34,9.71,-0.75,0.35,2.17,0.04
42.024225,9.05,0.67,3.46,2.07,0.20,0.93,-32.00,18.94,-40.88,6.57,-3.51,7.91,1.22,-0.72,1.65,-5.63,-4.88,5.92,-1.47,-1.09,1.30,3.09,-4.60,8.61,0.48,-0.94,1.94,-1.58,-3.19,9.32,-0.53,-0.67,2.05,2.40,9.70,-0.94,0.37,2.21,0.01
42.046034,8.94,0.63,3.54,2.08,0.21,0.99,-32.00,18.94,-40.88,6.53,-3.30,7.93,1.24,-0.70,1.72,-5.77,-4.79,5.88,-1.54,-1.10,1.32,3.09,-4.37,8.66,0.49,-0.93,2.01,-1.62,-2.98,9.38,-0.55,-0.65,2.10,2.45,9.70,-1.10,0.38,2.26,-0.02
42.070112,8.87,0.63,3.73,2.14,0.18,1.06,-32.00,18.94,-40.88,6.50,-3.07,7.98,1.26,-0.69,1.78,-5.86,-4.67,5.79,-1.59,-1.11,1.34,3.13,-4.18,8.68,0.51,-0.93,2.06,-1.61,-2.82,9.36,-0.57,-0.64,2.16,2.45,9.63,-1.28,0.40,2.31,-0.06
42.091921,8.83,0.67,3.92,2.14,0.18,1.06,-33.88,15.88,-36.00,6.48,-2.80,8.18,1.27,-0.67,1.81,-5.97,-4.64,5.62,-1.63,-1.10,1.34,3.20,-3.94,8.84,0.51,-0.90,2.09,-1.67,-2.60,9.44,-0.58,-0.61,2.19,2.38,9.63,-1.48,0.41,2.33,-0.10
42.113565,8.75,0.67,4.11,2.14,0.18,1.06,-34.12,16.19,-37.12,6.32,-2.61,8.28,1.26,-0.63,1.82,-6.19,-4.57,5.58,-1.66,-1.07,1.32,3.06,-3.70,8.95,0.52,-0.87,2.11,-1.85,-2.37,9.50,-0.58,-0.57,2.20,2.39,9.69,-1.71,0.41,2.32,-0.14
42.133357,8.71,0.59,4.22,2.14,0.18,1.06,-34.12,16.19,-37.12,6.21,-2.54,8.22,1.26,-0.64,1.84,-6.42,-4.51,5.62,-1.67,-1.08,1.32,2.99,-3.58,8.97,0.51,-0.88,2.13,-1.97,-2.18,9.54,-0.60,-0.58,2.21,2.47,9.78,-1.88,0.39,2.34,-0.14
42.158179,8.60,0.59,4.38,2.18,0.13,1.10,-34.12,16.19,-37.12,6.22,-2.40,8.21,1.27,-0.69,1.87,-6.49,-4.33,5.60,-1.68,-1.14,1.33,3.04,-3.45,8.97,0.49,-0.92,2.16,-1.95,-2.07,9.54,-0.63,-0.62,2.24,2.54,9.69,-2.01,0.38,2.39,-0.11
42.175971,8.60,0.59,4.38,2.24,0.13,1.09,-34.81,16.62,-33.25,6.22,-2.18,8.36,1.27,-0.70,1.88,-6.41,-4.29,5.38,-1.68,-1.16,1.34,3.08,-3.34,8.97,0.49,-0.93,2.17,-1.91,-2.03,9.45,-0.64,-0.63,2.24,2.40,9.54,-2.09,0.38,2.40,-0.11
42.1987,8.52,0.63,4.80,2.24,0.13,1.09,-34.81,16.62,-33.25,6.08,-1.83,8.77,1.27,-0.64,1.85,-6.41,-4.41,4.88,-1.68,-1.08,1.32,3.00,-3.02,9.18,0.52,-0.87,2.13,-2.05,-1.84,9.42,-0.60,-0.57,2.21,2.01,9.46,-2.30,0.41,2.34,-0.15
42.22128,8.45,0.48,5.07,2.02,0.20,1.16,-35.69,17.50,-33.06,5.71,-1.53,9.14,1.23,-0.53,1.77,-6.67,-4.53,4.58,-1.64,-0.96,1.27,2.65,-2.63,9.48,0.54,-0.76,2.05,-2.46,-1.51,9.45,-0.54,-0.48,2.12,1.73,9.57,-2.66,0.44,2.20,-0.21
42.243399,8.25,-0.41,5.38,2.02,0.20,1.16,-35.69,17.50,-33.06,5.42,-1.43,9.30,1.18,-0.45,1.69,-7.05,-4.43,4.44,-1.59,-0.86,1.21,2.48,-2.40,9.63,0.54,-0.69,1.96,-2.67,-1.19,9.52,-0.49,-0.41,2.05,1.69,9.65,-3.05,0.45,2.08,-0.24
42.265019,8.17,-0.68,5.57,1.74,0.19,1.12,-35.69,17.50,-33.06,5.15,-1.33,9.49,1.15,-0.40,1.64,-7.35,-4.34,4.26,-1.57,-0.80,1.16,2.22,-2.18,9.75,0.55,-0.64,1.91,-2.99,-0.96,9.50,-0.46,-0.36,2.00,1.57,9.72,-3.38,0.46,2.02,-0.26
42.288769,8.21,-1.06,5.80,1.64,0.21,1.08,-35.69,17.50,-33.06,4.72,-1.12,9.84,1.12,-0.38,1.58,-7.69,-4.52,4.02,-1.52,-0.74,1.13,1.76,-1.80,10.09,0.55,-0.60,1.84,-3.51,-0.69,9.53,-0.43,-0.34,1.93,1.30,9.90,-3.67,0.45,1.95,-0.26
42.312801,8.09,-1.25,5.83,1.64,0.21,1.08,-37.44,18.75,-31.12,4.41,-1.07,10.01,1.06,-0.37,1.52,-7.99,-4.73,3.86,-1.46,-0.74,1.08,1.48,-1.59,10.33,0.50,-0.59,1.77,-3.94,-0.43,9.70,-0.42,-0.35,1.85,1.06,10.12,-3.89,0.41,1.88,-0.23
42.333445,8.09,-1.40,5.83,1.56,0.12,0.90,-36.62,19.06,-30.44,4.23,-1.06,10.19,0.99,-0.40,1.45,-8.07,-4.85,3.74,-1.38,-0.75,1.01,1.30,-1.57,10.42,0.44,-0.60,1.69,-4.14,-0.42,9.66,-0.44,-0.37,1.74,0.90,10.16,-3.93,0.34,1.79,-0.20
42.352833,8.18,-1.40,5.83,1.56,0.12,0.90,-36.62,19.06,-30.44,4.22,-1.15,10.31,0.93,-0.41,1.38,-8.01,-4.91,3.65,-1.30,-0.74,0.94,1.25,-1.66,10.45,0.39,-0.58,1.60,-4.10,-0.56,9.60,-0.44,-0.37,1.65,0.80,10.13,-3.88,0.30,1.72,-0.18
42.376922,8.33,-1.36,5.83,1.40,0.09,0.79,-36.62,19.06,-30.44,4.16,-1.12,10.52,0.85,-0.39,1.29,-7.98,-5.05,3.58,-1.22,-0.70,0.86,1.17,-1.63,10.61,0.34,-0.53,1.49,-4.21,-0.58,9.63,-0.42,-0.33,1.53,0.66,10.19,-3.84,0.26,1.60,-0.17
42.399324,8.18,-1.40,5.76,1.40,0.09,0.79,-36.62,19.06,-30.44,4.09,-1.19,10.52,0.75,-0.36,1.21,-8.01,-5.15,3.63,-1.13,-0.66,0.76,1.10,-1.65,10.64,0.28,-0.48,1.39,-4.36,-0.53,9.68,-0.43,-0.29,1.39,0.66,10.27,-3.80,0.19,1.47,-0.17
42.420731,8.21,-1.48,5.61,1.17,-0.02,0.68,-36.62,19.06,-30.44,4.01,-1.42,10.30,0.66,-0.35,1.14,-7.89,-5.12,3.69,-1.06,-0.66,0.67,1.00,-1.83,10.44,0.21,-0.45,1.31,-4.33,-0.70,9.53,-0.43,-0.29,1.28,0.68,10.18,-3.66,0.13,1.38,-0.16
42.445366,8.37,-1.48,5.41,1.12,-0.04,0.55,-36.62,19.06,-30.44,3.97,-1.67,10.04,0.60,-0.37,1.07,-7.63,-5.05,3.69,-0.98,-0.66,0.62,0.92,-2.09,10.13,0.16,-0.45,1.22,-4.17,-1.00,9.26,-0.43,-0.30,1.19,0.66,10.00,-3.47,0.08,1.31,-0.12
42.46575,8.33,-1.44,5.41,1.12,-0.04,0.55,-36.62,19.06,-30.44,3.95,-1.70,10.07,0.57,-0.36,1.01,-7.47,-5.14,3.58,-0.92,-0.64,0.59,0.93,-2.12,10.07,0.15,-0.44,1.15,-4.14,-1.07,9.18,-0.41,-0.29,1.12,0.52,9.92,-3.37,0.07,1.24,-0.10
42.487674,8.25,-1.32,5.38,1.07,-0.02,0.52,-36.62,19.06,-30.44,3.90,-1.66,10.12,0.52,-0.33,0.93,-7.32,-5.21,3.48,-0.85,-0.57,0.53,0.91,-2.09,10.09,0.13,-0.39,1.06,-4.15,-1.07,9.11,-0.38,-0.25,1.02,0.43,9.85,-3.32,0.06,1.13,-0.10
42.512694,8.17,-1.40,5.30,0.81,-0.04,0.45,-36.62,19.06,-30.44,3.84,-1.74,10.01,0.46,-0.27,0.82,-7.20,-5.18,3.45,-0.78,-0.49,0.45,0.86,-2.14,9.96,0.11,-0.33,0.94,-4.11,-1.17,8.97,-0.34,-0.20,0.90,0.42,9.75,-3.23,0.05,1.00,-0.12
42.534793,8.18,-1.48,5.30,0.81,-0.04,0.45,-38.31,23.00,-29.69,3.79,-1.77,9.98,0.41,-0.21,0.73,-7.17,-5.16,3.42,-0.72,-0.42,0.40,0.81,-2.16,9.86,0.10,-0.27,0.84,-4.10,-1.19,8.88,-0.30,-0.16,0.81,0.38,9.70,-3.25,0.05,0.90,-0.13
42.556433,8.14,-1.55,5.34,0.81,-0.04,0.45,-37.44,21.62,-27.69,3.65,-1.75,10.00,0.36,-0.16,0.64,-7.23,-5.18,3.37,-0.65,-0.35,0.36,0.65,-2.07,9.92,0.11,-0.22,0.75,-4.24,-1.13,8.85,-0.25,-0.12,0.72,0.32,9.74,-3.30,0.05,0.79,-0.12
42.57984,8.06,-1.67,5.34,0.81,-0.04,0.45,-37.75,25.50,-28.69,3.47,-1.77,9.92,0.31,-0.15,0.54,-7.32,-5.26,3.37,-0.56,-0.31,0.30,0.49,-2.00,9.95,0.08,-0.20,0.64,-4.41,-1.02,8.90,-0.22,-0.11,0.62,0.28,9.81,-3.34,0.03,0.68,-0.10
42.60137,8.03,-1.67,5.26,0.50,-0.02,0.26,-37.75,25.50,-28.69,3.44,-1.82,9.83,0.27,-0.16,0.45,-7.23,-5.23,3.38,-0.47,-0.29,0.25,0.46,-2.06,9.84,0.05,-0.20,0.55,-4.37,-1.10,8.81,-0.20,-0.12,0.52,0.28,9.74,-3.27,0.00,0.59,-0.07
42.624139,8.14,-1.55,5.18,0.50,-0.02,0.26,-38.38,23.81,-27.31,3.48,-1.86,9.84,0.24,-0.16,0.36,-7.08,-5.23,3.32,-0.39,-0.25,0.21,0.47,-2.17,9.75,0.04,-0.19,0.45,-4.29,-1.24,8.70,-0.17,-0.12,0.42,0.24,9.63,-3.17,-0.01,0.50,-0.04
42.648358,8.17,-1.55,5.22,0.27,0.04,0.10,-38.69,22.50,-25.62,3.52,-1.87,9.91,0.19,-0.12,0.25,-7.06,-5.26,3.32,-0.30,-0.18,0.17,0.51,-2.21,9.76,0.04,-0.15,0.33,-4.29,-1.25,8.72,-0.10,-0.10,0.32,0.23,9.65,-3.13,-0.00,0.38,-0.02
42.670627,8.14,-1.55,5.22,0.18,0.05,0.05,-38.69,22.50,-25.62,3.51,-1.92,9.82,0.15,-0.10,0.16,-7.13,-5.25,3.46,-0.22,-0.14,0.14,0.53,-2.22,9.76,0.03,-0.13,0.23,-4.32,-1.23,8.78,-0.07,-0.10,0.23,0.33,9.73,-3.13,-0.01,0.29,0.02
42.69235,8.14,-1.55,5.18,0.15,0.05,-0.02,-38.62,23.50,-28.00,3.59,-1.96,9.78,0.12,-0.10,0.07,-7.09,-5.21,3.53,-0.14,-0.11,0.11,0.62,-2.30,9.73,0.02,-0.13,0.14,-4.19,-1.29,8.80,-0.04,-0.10,0.15,0.38,9.71,-3.11,-0.01,0.21,0.05
42.712502,8.21,-1.48,5.22,0.15,0.05,-0.02,-38.62,23.50,-28.00,3.72,-1.93,9.86,0.10,-0.08,-0.00,-7.04,-5.20,3.52,-0.08,-0.07,0.08,0.75,-2.30,9.78,0.01,-0.10,0.06,-4.10,-1.30,8.86,0.00,-0.08,0.07,0.41,9.70,-3.09,-0.02,0.13,0.07
42.738508,8.17,-1.40,5.30,-0.02,0.07,-0.07,-38.31,23.62,-28.31,3.76,-1.90,9.89,0.05,-0.04,-0.10,-7.15,-5.21,3.64,-0.01,-0.02,0.03,0.79,-2.25,9.89,-0.00,-0.05,-0.04,-4.15,-1.20,9.02,0.04,-0.05,-0.03,0.50,9.81,-3.11,-0.03,0.02,0.07
42.760068,8.14,-1.40,5.30,-0.09,0.05,-0.12,-38.31,23.62,-28.31,3.86,-1.94,9.82,-0.00,-0.04,-0.16,-7.20,-5.15,3.77,0.05,0.00,-0.02,0.90,-2.28,9.85,-0.03,-0.04,-0.11,-4.04,-1.20,9.08,0.05,-0.05,-0.11,0.62,9.84,-3.11,-0.06,-0.05,0.08
42.780659,8.13,-1.40,5.22,-0.09,0.05,-0.12,-37.75,23.44,-27.62,3.96,-1.92,9.81,-0.05,-0.03,-0.20,-7.09,-5.14,3.79,0.10,0.03,-0.08,0.97,-2.27,9.87,-0.07,-0.02,-0.16,-3.86,-1.24,9.05,0.05,-0.04,-0.18,0.63,9.77,-3.03,-0.09,-0.11,0.09
42.805825,8.10,-1.17,5.03,-0.26,-0.03,-0.22,-37.75,23.44,-27.62,4.03,-1.96,9.74,-0.12,0.01,-0.25,-6.96,-5.10,3.81,0.15,0.07,-0.15,1.06,-2.40,9.71,-0.10,0.03,-0.23,-3.76,-1.34,8.97,0.05,-0.00,-0.26,0.67,9.67,-2.92,-0.12,-0.21,0.07
42.825539,8.10,-1.17,5.03,-0.26,-0.03,-0.22,-37.75,23.44,-27.62,4.01,-2.03,9.67,-0.16,0.04,-0.30,-6.90,-5.13,3.85,0.20,0.10,-0.19,0.99,-2.47,9.67,-0.12,0.07,-0.29,-3.81,-1.41,8.96,0.06,0.03,-0.33,0.67,9.68,-2.85,-0.14,-0.27,0.07
42.848454,8.29,-1.21,5.03,-0.32,-0.02,-0.25,-37.75,23.44,-27.62,3.92,-2.08,9.63,-0.21,0.06,-0.36,-6.99,-5.21,3.93,0.25,0.13,-0.24,0.92,-2.49,9.73,-0.15,0.10,-0.36,-3.94,-1.45,8.98,0.07,0.05,-0.41,0.66,9.81,-2.86,-0.16,-0.34,0.09
42.872315,8.45,-1.29,5.11,-0.40,-0.03,-0.36,-37.75,23.44,-27.62,3.92,-2.21,9.56,-0.25,0.03,-0.43,-7.12,-5.22,4.08,0.32,0.14,-0.28,0.93,-2.56,9.76,-0.18,0.08,-0.44,-3.97,-1.48,9.10,0.08,0.02,-0.48,0.78,9.96,-2.88,-0.19,-0.41,0.12
42.894842,8.52,-1.29,5.18,-0.38,-0.03,-0.42,-37.75,23.44,-27.62,4.08,-2.24,9.62,-0.27,-0.01,-0.49,-7.15,-5.16,4.16,0.38,0.13,-0.29,1.02,-2.62,9.81,-0.21,0.05,-0.48,-3.90,-1.50,9.20,0.08,-0.02,-0.54,0.87,9.98,-2.87,-0.21,-0.44,0.15
42.916435,8.52,-1.13,5.22,-0.38,-0.03,-0.42,-37.75,23.50,-29.75,4.32,-2.24,9.68,-0.28,-0.02,-0.53,-7.10,-5.07,4.21,0.42,0.13,-0.30,1.25,-2.75,9.78,-0.22,0.04,-0.53,-3.65,-1.59,9.22,0.09,-0.03,-0.58,0.97,9.92,-2.86,-0.22,-0.47,0.18
42.939571,8.63,-0.91,5.38,-0.38,-0.03,-0.42,-37.75,22.94,-29.31,4.49,-2.25,9.71,-0.29,0.01,-0.58,-7.02,-5.01,4.22,0.45,0.17,-0.30,1.41,-2.84,9.80,-0.19,0.07,-0.58,-3.48,-1.70,9.24,0.14,-0.01,-0.61,1.02,9.88,-2.82,-0.19,-0.52,0.19
42.96121,8.71,-0.87,5.49,-0.51,0.04,-0.44,-37.75,22.94,-29.31,4.62,-2.14,9.86,-0.28,0.06,-0.64,-7.13,-5.03,4.24,0.48,0.24,-0.31,1.49,-2.74,10.00,-0.16,0.12,-0.64,-3.51,-1.57,9.45,0.19,0.04,-0.65,1.06,10.00,-2.90,-0.16,-0.59,0.18
42.982699,8.59,-0.87,5.53,-0.59,0.07,-0.42,-37.75,22.94,-29.31,4.74,-1.97,10.04,-0.31,0.11,-0.69,-7.33,-5.01,4.31,0.51,0.30,-0.35,1.63,-2.57,10.20,-0.16,0.17,-0.69,-3.45,-1.37,9.68,0.21,0.09,-0.70,1.16,10.14,-3.06,-0.15,-0.66,0.15
43.006188,8.48,-0.83,5.72,-0.59,0.07,-0.42,-37.75,20.94,-28.69,4.82,-1.84,10.12,-0.36,0.17,-0.72,-7.46,-4.90,4.35,0.53,0.37,-0.41,1.74,-2.47,10.24,-0.18,0.23,-0.73,-3.41,-1.25,9.77,0.22,0.14,-0.75,1.26,10.15,-3.16,-0.16,-0.74,0.10
43.027838,8.41,-0.91,5.72,-0.80,-0.02,-0.44,-36.94,18.69,-28.94,4.76,-1.71,10.16,-0.40,0.22,-0.75,-7.47,-4.88,4.26,0.54,0.41,-0.47,1.69,-2.34,10.28,-0.19,0.29,-0.77,-3.50,-1.16,9.72,0.23,0.19,-0.81,1.19,10.10,-3.24,-0.18,-0.81,0.07
43.048522,8.33,-0.87,5.72,-0.80,-0.02,-0.44,-36.94,18.69,-28.94,4.61,-1.56,10.26,-0.46,0.28,-0.79,-7.50,-4.95,4.11,0.58,0.47,-0.53,1.58,-2.18,10.33,-0.21,0.36,-0.83,-3.65,-1.02,9.69,0.25,0.25,-0.88,1.05,10.09,-3.32,-0.19,-0.89,0.04
43.072815,8.17,-1.06,5.64,-1.02,-0.08,-0.49,-37.50,19.50,-28.44,4.34,-1.56,10.06,-0.55,0.32,-0.85,-7.63,-4.96,4.06,0.63,0.51,-0.62,1.38,-2.08,10.25,-0.27,0.42,-0.92,-3.84,-0.93,9.60,0.24,0.29,-0.99,0.99,10.12,-3.41,-0.24,-0.99,0.02
43.094763,8.18,-1.17,5.61,-1.02,-0.08,-0.49,-36.88,19.94,-30.25,4.22,-1.68,9.80,-0.60,0.31,-0.93,-7.58,-4.88,4.09,0.69,0.51,-0.67,1.25,-2.12,10.09,-0.31,0.42,-0.98,-3.85,-1.01,9.43,0.24,0.28,-1.07,1.03,10.02,-3.36,-0.28,-1.05,0.05
43.117007,8.29,-1.10,5.45,-1.02,-0.08,-0.49,-36.88,19.94,-30.25,4.30,-1.66,9.78,-0.63,0.29,-0.99,-7.42,-4.87,4.02,0.76,0.52,-0.71,1.33,-2.21,9.93,-0.33,0.41,-1.05,-3.74,-1.09,9.31,0.26,0.26,-1.14,1.00,9.90,-3.26,-0.30,-1.11,0.08
43.141039,8.25,-0.79,5.41,-1.08,-0.09,-0.67,-36.88,19.94,-30.25,4.46,-1.63,9.82,-0.67,0.31,-1.07,-7.28,-4.87,3.99,0.82,0.56,-0.75,1.49,-2.25,9.92,-0.34,0.44,-1.14,-3.60,-1.13,9.33,0.28,0.28,-1.23,0.99,9.84,-3.19,-0.31,-1.20,0.10
43.162713,8.33,-0.71,5.41,-1.19,-0.08,-0.70,-36.88,19.94,-30.25,4.57,-1.62,9.85,-0.71,0.35,-1.14,-7.25,-4.91,4.03,0.88,0.63,-0.81,1.57,-2.27,10.00,-0.36,0.49,-1.22,-3.53,-1.17,9.40,0.31,0.32,-1.31,1.03,9.87,-3.14,-0.32,-1.31,0.09
43.189889,8.41,-0.68,5.45,-1.30,-0.08,-0.71,-36.88,19.94,-30.25,4.66,-1.64,9.86,-0.77,0.39,-1.22,-7.35,-4.90,4.16,0.94,0.69,-0.86,1.63,-2.29,10.04,-0.37,0.54,-1.31,-3.50,-1.19,9.52,0.34,0.36,-1.40,1.13,9.96,-3.15,-0.33,-1.41,0.09
43.209063,8.48,-0.68,5.53,-1.40,-0.09,-0.75,-36.62,17.31,-30.50,4.79,-1.63,9.78,-0.81,0.42,-1.29,-7.37,-4.78,4.28,1.01,0.74,-0.91,1.75,-2.35,9.96,-0.38,0.57,-1.40,-3.36,-1.26,9.50,0.37,0.39,-1.49,1.30,9.95,-3.17,-0.33,-1.50,0.09
43.231669,8.52,-0.52,5.57,-1.40,-0.09,-0.75,-36.31,16.31,-32.19,5.00,-1.58,9.70,-0.83,0.46,-1.36,-7.32,-4.67,4.31,1.06,0.80,-0.94,1.99,-2.41,9.90,-0.37,0.60,-1.47,-3.14,-1.27,9.54,0.42,0.41,-1.54,1.41,9.89,-3.17,-0.32,-1.58,0.09
43.282481,8.45,-0.37,5.61,-1.40,-0.09,-0.75,-36.31,16.31,-32.19,5.15,-1.53,9.65,-0.85,0.51,-1.42,-7.27,-4.57,4.37,1.10,0.88,-0.97,2.17,-2.37,9.92,-0.36,0.65,-1.54,-3.01,-1.21,9.64,0.47,0.45,-1.60,1.53,9.84,-3.14,-0.30,-1.66,0.07
43.282508,8.41,-0.21,5.57,-1.60,-0.03,-0.81,-36.31,16.31,-32.19,5.26,-1.46,9.60,-0.88,0.56,-1.47,-7.30,-4.45,4.49,1.13,0.95,-1.01,2.29,-2.31,9.89,-0.36,0.71,-1.60,-2.89,-1.13,9.69,0.49,0.50,-1.66,1.68,9.82,-3.17,-0.30,-1.74,0.04
43.296102,8.33,-0.21,5.45,-1.75,-0.04,-0.82,-36.31,16.31,-32.19,5.20,-1.47,9.43,-0.92,0.61,-1.53,-7.33,-4.41,4.57,1.18,1.00,-1.05,2.21,-2.33,9.77,-0.36,0.75,-1.66,-2.95,-1.16,9.58,0.52,0.54,-1.73,1.73,9.83,-3.16,-0.30,-1.81,0.04
43.317901,8.29,-0.18,5.41,-1.79,-0.02,-0.86,-35.12,15.50,-32.38,5.13,-1.50,9.23,-0.93,0.60,-1.60,-7.38,-4.38,4.68,1.24,1.00,-1.05,2.14,-2.32,9.70,-0.37,0.75,-1.73,-3.02,-1.14,9.57,0.54,0.52,-1.79,1.84,9.85,-3.15,-0.30,-1.86,0.08
43.340288,8.25,-0.14,5.34,-1.78,-0.02,-0.95,-35.12,15.50,-32.38,5.24,-1.55,9.00,-0.94,0.54,-1.66,-7.34,-4.20,4.93,1.31,0.97,-1.04,2.29,-2.39,9.56,-0.40,0.69,-1.78,-2.82,-1.15,9.62,0.55,0.45,-1.82,2.14,9.80,-3.06,-0.32,-1.87,0.16
43.363847,8.09,0.51,5.22,-1.68,-0.03,-1.06,-34.75,15.56,-36.69,5.79,-1.45,8.98,-0.95,0.48,-1.68,-7.17,-4.05,5.19,1.35,0.92,-1.05,2.91,-2.40,9.58,-0.44,0.65,-1.82,-2.29,-1.10,9.88,0.52,0.40,-1.86,2.44,9.78,-2.92,-0.36,-1.88,0.21
43.384366,8.06,0.74,5.18,-1.68,-0.03,-1.06,-34.75,15.56,-36.69,6.23,-1.45,8.96,-1.01,0.48,-1.68,-7.00,-3.99,5.38,1.36,0.91,-1.10,3.37,-2.54,9.56,-0.49,0.67,-1.82,-1.83,-1.22,9.99,0.49,0.43,-1.90,2.64,9.75,-2.71,-0.41,-1.90,0.19
43.405865,8.17,0.78,4.95,-1.76,-0.12,-1.04,-34.75,15.56,-36.69,6.34,-1.81,8.57,-1.05,0.50,-1.66,-6.72,-3.98,5.56,1.35,0.90,-1.16,3.36,-2.94,9.20,-0.51,0.70,-1.80,-1.66,-1.61,9.79,0.46,0.46,-1.91,2.74,9.64,-2.38,-0.45,-1.92,0.15
43.429427,8.64,0.74,4.45,-1.76,-0.15,-0.99,-34.75,15.56,-36.69,6.34,-2.13,8.35,-1.05,0.51,-1.64,-6.40,-4.07,5.65,1.33,0.91,-1.17,3.30,-3.32,8.98,-0.51,0.71,-1.79,-1.59,-2.00,9.62,0.46,0.47,-1.90,2.70,9.55,-2.03,-0.44,-1.91,0.13
43.451194,8.63,0.74,4.42,-1.76,-0.15,-0.99,-32.62,15.12,-38.44,6.45,-2.18,8.54,-1.06,0.54,-1.64,-6.31,-4.25,5.61,1.31,0.93,-1.18,3.35,-3.38,9.13,-0.51,0.75,-1.79,-1.56,-2.08,9.71,0.45,0.51,-1.91,2.57,9.62,-1.93,-0.44,-1.92,0.10
43.472778,8.55,0.74,4.45,-1.76,-0.15,-0.99,-32.31,16.25,-39.31,6.44,-2.20,8.66,-1.10,0.60,-1.63,-6.45,-4.39,5.61,1.28,0.97,-1.21,3.29,-3.35,9.30,-0.53,0.82,-1.79,-1.70,-2.06,9.78,0.44,0.58,-1.92,2.50,9.78,-1.98,-0.45,-1.95,0.04
43.500909,8.59,0.67,4.53,-1.76,-0.15,-0.99,-32.31,16.25,-39.31,6.27,-2.31,8.57,-1.14,0.62,-1.61,-6.60,-4.43,5.71,1.26,0.97,-1.25,3.09,-3.37,9.29,-0.55,0.84,-1.77,-1.92,-2.04,9.79,0.42,0.60,-1.92,2.52,9.90,-2.03,-0.48,-1.95,0.02
43.518477,8.64,0.36,4.30,-1.83,-0.27,-0.93,-32.31,16.25,-39.31,6.10,-2.46,8.47,-1.17,0.58,-1.57,-6.63,-4.57,5.65,1.24,0.92,-1.28,2.95,-3.44,9.22,-0.60,0.82,-1.74,-2.10,-2.06,9.77,0.37,0.58,-1.92,2.37,9.95,-1.99,-0.52,-1.91,0.02
43.536,8.64,0.36,4.30,-1.76,-0.31,-0.94,-32.94,17.31,-39.88,6.03,-2.50,8.51,-1.19,0.56,-1.55,-6.48,-4.66,5.54,1.23,0.89,-1.30,2.84,-3.49,9.20,-0.64,0.82,-1.73,-2.11,-2.18,9.64,0.33,0.56,-1.92,2.22,9.86,-1.89,-0.55,-1.90,0.01
43.558586,8.75,0.40,4.15,-1.76,-0.31,-0.94,-32.00,16.88,-40.12,5.98,-2.59,8.56,-1.21,0.57,-1.53,-6.31,-4.81,5.38,1.22,0.89,-1.33,2.73,-3.57,9.17,-0.66,0.83,-1.71,-2.16,-2.32,9.51,0.30,0.59,-1.94,2.03,9.79,-1.78,-0.58,-1.91,-0.01
43.580332,8.75,0.40,4.03,-1.81,-0.34,-0.92,-32.00,16.88,-40.12,5.87,-2.74,8.49,-1.24,0.59,-1.52,-6.22,-4.91,5.31,1.22,0.90,-1.36,2.63,-3.75,9.02,-0.67,0.86,-1.72,-2.18,-2.49,9.33,0.29,0.62,-1.95,1.90,9.77,-1.69,-0.59,-1.93,-0.03
43.602585,8.98,0.25,3.92,-1.81,-0.34,-0.92,-32.00,16.88,-40.12,5.81,-2.89,8.48,-1.25,0.62,-1.53,-6.10,-5.03,5.26,1.21,0.93,-1.37,2.48,-3.88,8.97,-0.67,0.89,-1.73,-2.29,-2.67,9.21,0.30,0.65,-1.95,1.78,9.74,-1.56,-0.58,-1.94,-0.05
43.624261,9.02,0.25,3.84,-1.87,-0.34,-0.90,-32.00,16.88,-40.12,5.75,-3.00,8.53,-1.26,0.65,-1.55,-6.07,-5.20,5.23,1.21,0.95,-1.38,2.35,-3.97,9.00,-0.66,0.92,-1.74,-2.43,-2.80,9.18,0.32,0.67,-1.96,1.64,9.83,-1.47,-0.57,-1.97,-0.07
43.648527,9.21,0.05,3.50,-1.94,-0.33,-0.88,-32.00,16.88,-40.12,5.69,-3.25,8.47,-1.26,0.68,-1.56,-6.02,-5.37,5.25,1.21,0.97,-1.39,2.25,-4.16,8.97,-0.66,0.95,-1.76,-2.57,-2.96,9.17,0.33,0.69,-1.98,1.55,9.91,-1.32,-0.57,-1.99,-0.09
43.66935,9.29,0.09,3.42,-1.94,-0.33,-0.88,-31.69,19.44,-44.94,5.71,-3.46,8.41,-1.26,0.69,-1.57,-5.89,-5.50,5.26,1.21,1.00,-1.39,2.22,-4.38,8.90,-0.65,0.96,-1.77,-2.53,-3.18,9.10,0.34,0.70,-1.98,1.47,9.92,-1.14,-0.55,-2.00,-0.10
43.68999,9.40,0.17,3.30,-1.96,-0.31,-0.85,-31.69,19.44,-44.94,5.82,-3.66,8.38,-1.26,0.73,-1.58,-5.74,-5.62,5.30,1.20,1.03,-1.39,2.27,-4.59,8.87,-0.63,0.99,-1.77,-2.47,-3.38,9.08,0.36,0.73,-1.97,1.42,9.94,-0.94,-0.53,-2.01,-0.13
43.714059,9.48,0.17,2.96,-2.00,-0.30,-0.81,-31.06,19.25,-44.19,5.84,-3.94,8.27,-1.26,0.78,-1.57,-5.62,-5.81,5.34,1.18,1.07,-1.40,2.19,-4.83,8.80,-0.60,1.03,-1.76,-2.52,-3.59,9.04,0.37,0.78,-1.96,1.34,10.00,-0.74,-0.51,-2.03,-0.16
43.735827,9.60,0.09,2.88,-2.01,-0.31,-0.77,-31.06,19.25,-44.19,5.75,-4.19,8.20,-1.24,0.81,-1.56,-5.53,-5.99,5.35,1.16,1.10,-1.39,2.01,-5.00,8.76,-0.58,1.06,-1.75,-2.64,-3.75,8.95,0.38,0.80,-1.95,1.20,10.04,-0.58,-0.49,-2.03,-0.19
43.757965,9.63,0.02,2.84,-2.01,-0.31,-0.77,-31.62,21.88,-45.69,5.60,-4.31,8.24,-1.23,0.83,-1.56,-5.42,-6.16,5.31,1.14,1.13,-1.39,1.79,-5.09,8.73,-0.57,1.08,-1.74,-2.78,-3.93,8.82,0.39,0.82,-1.94,1.07,10.05,-0.44,-0.47,-2.03,-0.22
43.780844,9.71,-0.10,2.77,-2.01,-0.31,-0.77,-31.62,23.12,-47.38,5.56,-4.48,8.08,-1.22,0.85,-1.56,-5.37,-6.19,5.37,1.13,1.14,-1.38,1.74,-5.25,8.61,-0.55,1.09,-1.74,-2.78,-4.02,8.77,0.41,0.83,-1.92,1.08,10.06,-0.36,-0.45,-2.03,-0.23
43.802621,9.63,-0.10,2.65,-2.00,-0.28,-0.72,-31.62,23.12,-47.38,5.67,-4.70,7.77,-1.19,0.84,-1.53,-5.25,-6.06,5.53,1.10,1.11,-1.36,1.88,-5.38,8.38,-0.54,1.08,-1.70,-2.55,-4.06,8.76,0.40,0.82,-1.88,1.25,9.94,-0.22,-0.44,-1.98,-0.23
43.826311,9.44,-0.02,2.31,-1.93,-0.28,-0.70,-31.62,23.12,-47.38,5.74,-4.88,7.50,-1.13,0.82,-1.45,-4.94,-5.90,5.59,1.04,1.07,-1.31,1.95,-5.59,8.08,-0.51,1.05,-1.62,-2.31,-4.26,8.52,0.38,0.82,-1.80,1.33,9.69,-0.00,-0.42,-1.89,-0.23
43.849435,9.40,0.28,2.16,-1.78,-0.23,-0.57,-31.62,23.12,-47.38,5.62,-4.91,7.40,-1.07,0.83,-1.38,-4.53,-5.97,5.38,0.96,1.07,-1.25,1.86,-5.71,7.82,-0.45,1.05,-1.54,-2.25,-4.52,8.13,0.40,0.81,-1.70,1.13,9.44,0.22,-0.37,-1.82,-0.24
43.871198,9.36,0.25,1.96,-1.80,-0.17,-0.51,-31.62,23.12,-47.38,5.41,-5.02,7.17,-1.00,0.86,-1.36,-4.34,-6.05,5.34,0.92,1.11,-1.19,1.68,-5.79,7.63,-0.38,1.05,-1.50,-2.34,-4.64,7.94,0.44,0.83,-1.63,1.05,9.34,0.39,-0.31,-1.79,-0.27
43.892845,9.36,0.17,1.81,-1.80,-0.17,-0.51,-31.00,27.69,-49.19,5.28,-5.12,6.93,-0.93,0.85,-1.34,-4.29,-6.01,5.47,0.90,1.11,-1.12,1.51,-5.83,7.49,-0.32,1.01,-1.47,-2.43,-4.65,7.89,0.46,0.79,-1.57,1.16,9.32,0.47,-0.25,-1.74,-0.25
43.916488,9.17,0.32,1.93,-1.65,-0.06,-0.50,-30.94,28.94,-50.50,5.34,-5.12,6.77,-0.84,0.78,-1.31,-4.36,-5.86,5.76,0.88,1.04,-1.01,1.62,-5.80,7.44,-0.28,0.92,-1.41,-2.29,-4.57,7.97,0.47,0.72,-1.48,1.43,9.35,0.46,-0.21,-1.64,-0.19
43.937923,9.14,0.44,1.93,-1.51,-0.04,-0.51,-30.94,28.94,-50.50,5.52,-5.22,6.57,-0.76,0.68,-1.24,-4.36,-5.69,6.06,0.85,0.94,-0.91,1.83,-5.91,7.34,-0.26,0.81,-1.33,-2.05,-4.60,8.04,0.45,0.62,-1.38,1.73,9.39,0.55,-0.20,-1.49,-0.12
43.959662,9.21,0.55,1.85,-1.31,-0.02,-0.52,-30.94,28.94,-50.50,5.66,-5.27,6.50,-0.67,0.57,-1.15,-4.21,-5.65,6.21,0.80,0.82,-0.80,1.97,-6.02,7.31,-0.23,0.67,-1.23,-1.88,-4.75,8.03,0.42,0.50,-1.25,1.85,9.33,0.71,-0.18,-1.35,-0.05
43.983914,9.40,0.89,2.20,-1.31,-0.02,-0.52,-31.25,31.88,-51.38,5.90,-5.06,6.74,-0.58,0.48,-1.08,-4.08,-5.62,6.22,0.75,0.75,-0.69,2.26,-5.95,7.49,-0.18,0.57,-1.15,-1.65,-4.71,8.24,0.42,0.41,-1.15,1.93,9.30,0.73,-0.14,-1.23,-0.01
44.004502,9.21,1.05,2.43,-1.31,-0.02,-0.52,-31.25,31.88,-51.38,6.14,-4.86,6.94,-0.54,0.46,-1.04,-4.31,-5.54,6.40,0.71,0.72,-0.63,2.54,-5.78,7.74,-0.17,0.54,-1.08,-1.54,-4.44,8.62,0.39,0.39,-1.09,2.14,9.48,0.58,-0.13,-1.16,-0.01
44.026365,9.14,0.97,2.54,-1.08,0.07,-0.44,-31.25,31.88,-51.38,6.30,-4.89,6.81,-0.50,0.40,-0.95,-4.61,-5.29,6.76,0.65,0.63,-0.59,2.71,-5.77,7.72,-0.18,0.47,-0.98,-1.35,-4.35,8.78,0.34,0.34,-1.00,2.54,9.61,0.45,-0.15,-1.04,0.01
44.050815,9.21,0.70,2.54,-0.96,0.01,-0.42,-30.94,33.25,-51.25,6.39,-5.04,6.66,-0.42,0.29,-0.80,-4.48,-5.15,6.81,0.55,0.47,-0.49,2.79,-5.93,7.54,-0.17,0.35,-0.81,-1.18,-4.50,8.69,0.26,0.24,-0.84,2.60,9.47,0.55,-0.15,-0.83,0.05
44.068556,9.29,0.86,2.54,-0.96,0.01,-0.42,-30.62,34.00,-52.50,6.40,-4.95,6.94,-0.35,0.25,-0.70,-4.24,-5.29,6.55,0.48,0.41,-0.43,2.80,-5.98,7.59,-0.14,0.30,-0.71,-1.15,-4.66,8.54,0.24,0.21,-0.72,2.34,9.36,0.65,-0.13,-0.73,0.04
44.088661,9.40,0.97,2.58,-0.96,0.01,-0.42,-30.62,34.00,-52.50,6.30,-4.88,7.21,-0.30,0.28,-0.63,-4.18,-5.55,6.32,0.41,0.42,-0.38,2.61,-5.85,7.80,-0.10,0.32,-0.63,-1.41,-4.58,8.60,0.24,0.24,-0.64,2.05,9.42,0.65,-0.09,-0.67,0.00
44.112474,9.25,0.63,2.35,-0.63,0.04,-0.17,-30.62,34.00,-52.50,5.94,-5.04,7.16,-0.27,0.30,-0.56,-4.28,-5.76,6.22,0.33,0.42,-0.36,2.23,-5.91,7.75,-0.07,0.32,-0.55,-1.75,-4.64,8.46,0.22,0.25,-0.56,1.83,9.54,0.62,-0.07,-0.61,-0.05
44.134787,9.44,0.44,2.31,-0.63,0.04,-0.17,-29.75,32.69,-52.56,5.69,-5.17,7.24,-0.21,0.28,-0.51,-4.30,-5.90,6.05,0.27,0.41,-0.31,1.94,-5.97,7.76,-0.04,0.30,-0.48,-1.97,-4.75,8.31,0.22,0.23,-0.48,1.57,9.55,0.62,-0.03,-0.54,-0.06
44.154358,9.55,0.21,2.50,-0.63,0.04,-0.17,-29.69,35.12,-53.38,5.54,-5.07,7.54,-0.17,0.28,-0.47,-4.41,-6.11,5.87,0.24,0.40,-0.26,1.79,-5.82,8.00,-0.00,0.28,-0.44,-2.26,-4.64,8.38,0.23,0.24,-0.43,1.35,9.68,0.52,0.00,-0.49,-0.06
44.176194,9.40,0.09,2.54,-0.47,0.11,-0.09,-29.69,35.12,-53.38,5.35,-5.05,7.62,-0.15,0.27,-0.44,-4.70,-6.21,5.90,0.21,0.36,-0.23,1.55,-5.66,8.19,0.01,0.27,-0.40,-2.59,-4.46,8.52,0.22,0.22,-0.38,1.31,9.88,0.34,0.00,-0.44,-0.05
44.200019,9.52,-0.06,2.50,-0.40,0.07,-0.11,-29.69,35.12,-53.38,5.26,-5.14,7.51,-0.11,0.19,-0.38,-4.75,-6.17,5.94,0.18,0.28,-0.18,1.47,-5.71,8.16,0.00,0.18,-0.34,-2.66,-4.46,8.50,0.18,0.14,-0.33,1.33,9.88,0.34,-0.01,-0.35,-0.01
44.221699,9.55,0.21,2.62,-0.26,0.07,-0.14,-29.69,35.12,-53.38,5.41,-5.00,7.77,-0.08,0.14,-0.33,-4.67,-6.21,5.81,0.16,0.24,-0.14,1.64,-5.69,8.27,-0.00,0.13,-0.30,-2.51,-4.48,8.55,0.15,0.10,-0.28,1.25,9.84,0.33,-0.01,-0.29,0.00
44.243715,9.55,0.28,2.73,-0.23,0.09,-0.12,-29.69,35.12,-53.38,5.45,-4.90,7.93,-0.07,0.15,-0.31,-4.74,-6.22,5.78,0.13,0.23,-0.13,1.70,-5.64,8.37,0.00,0.14,-0.26,-2.52,-4.43,8.64,0.15,0.11,-0.24,1.24,9.90,0.27,0.00,-0.26,-0.01
44.268368,9.52,0.02,2.69,-0.27,0.08,-0.06,-29.38,35.44,-54.50,5.38,-5.00,7.82,-0.05,0.14,-0.26,-4.86,-6.19,5.86,0.09,0.21,-0.11,1.64,-5.64,8.37,0.01,0.13,-0.21,-2.58,-4.38,8.66,0.12,0.10,-0.20,1.32,9.95,0.20,-0.00,-0.21,-0.01
44.290173,9.52,-0.10,2.65,-0.27,0.08,-0.06,-29.12,35.44,-54.50,5.40,-5.04,7.80,-0.02,0.10,-0.20,-4.82,-6.14,5.80,0.05,0.16,-0.07,1.64,-5.69,8.30,0.01,0.09,-0.15,-2.51,-4.41,8.61,0.10,0.07,-0.14,1.27,9.89,0.19,0.00,-0.14,-0.01
44.312199,9.52,-0.10,2.69,-0.27,0.08,-0.06,-30.00,37.56,-54.50,5.34,-4.87,8.06,0.00,0.10,-0.15,-4.82,-6.25,5.63,0.00,0.14,-0.05,1.58,-5.54,8.47,0.03,0.09,-0.10,-2.64,-4.32,8.61,0.09,0.08,-0.09,1.09,9.89,0.14,0.01,-0.09,-0.03
44.332289,9.48,0.02,2.77,-0.27,0.08,-0.06,-30.00,37.56,-54.50,5.21,-4.83,8.09,0.00,0.11,-0.12,-4.96,-6.27,5.60,-0.03,0.13,-0.04,1.48,-5.44,8.51,0.03,0.09,-0.06,-2.79,-4.21,8.63,0.07,0.09,-0.06,1.07,9.96,0.03,0.01,-0.07,-0.04
44.356862,9.36,-0.37,2.77,-0.06,0.03,0.04,-30.00,37.56,-54.50,5.03,-4.91,7.88,0.02,0.07,-0.07,-5.09,-6.20,5.66,-0.06,0.07,-0.02,1.31,-5.42,8.44,0.01,0.04,-0.01,-2.94,-4.13,8.60,0.03,0.05,-0.01,1.15,10.01,-0.05,-0.01,0.01,-0.03
44.378482,9.48,-0.33,2.77,0.05,0.03,0.02,-30.00,37.56,-54.50,5.08,-4.92,7.84,0.06,-0.00,-0.01,-4.99,-6.13,5.65,-0.09,0.01,0.02,1.38,-5.47,8.34,0.01,-0.03,0.05,-2.79,-4.25,8.48,-0.01,-0.02,0.04,1.16,9.89,0.00,-0.01,0.08,-0.00
44.402271,9.48,-0.14,2.81,0.16,0.04,0.02,-30.00,37.56,-54.50,5.20,-4.85,7.96,0.09,-0.03,0.03,-4.87,-6.13,5.55,-0.12,-0.03,0.07,1.51,-5.49,8.35,0.03,-0.05,0.09,-2.68,-4.28,8.49,-0.01,-0.04,0.10,1.09,9.82,0.05,0.01,0.15,0.01
44.423629,9.44,-0.06,2.84,0.16,0.07,0.07,-29.69,36.88,-55.06,5.20,-4.80,8.07,0.11,-0.02,0.06,-4.92,-6.23,5.56,-0.15,-0.04,0.10,1.46,-5.40,8.49,0.05,-0.05,0.13,-2.77,-4.24,8.60,-0.01,-0.03,0.14,1.07,9.93,0.03,0.02,0.19,0.01
44.444752,9.52,-0.14,2.77,0.16,0.07,0.07,-29.69,36.88,-55.06,5.19,-4.93,7.97,0.13,-0.04,0.09,-5.05,-6.26,5.71,-0.17,-0.07,0.12,1.42,-5.49,8.52,0.04,-0.08,0.17,-2.84,-4.27,8.69,-0.03,-0.05,0.17,1.17,10.06,0.02,0.01,0.22,0.01
44.46579,9.67,-0.25,2.77,0.20,0.05,0.09,-29.69,36.88,-55.06,5.25,-5.06,7.95,0.16,-0.09,0.14,-5.05,-6.25,5.81,-0.20,-0.12,0.15,1.49,-5.65,8.48,0.05,-0.13,0.22,-2.77,-4.39,8.72,-0.05,-0.10,0.23,1.22,10.09,0.09,0.01,0.29,0.03
44.486933,9.79,-0.14,2.84,0.20,0.05,0.09,-30.00,34.69,-53.31,5.36,-5.04,8.05,0.20,-0.12,0.18,-5.02,-6.27,5.79,-0.24,-0.15,0.19,1.57,-5.67,8.53,0.06,-0.17,0.28,-2.73,-4.41,8.77,-0.07,-0.13,0.29,1.19,10.10,0.11,0.03,0.36,0.03
44.511399,9.71,-0.06,2.84,0.40,0.08,0.15,-29.44,35.06,-53.00,5.39,-4.98,8.12,0.24,-0.13,0.23,-5.03,-6.26,5.72,-0.28,-0.18,0.23,1.60,-5.61,8.55,0.09,-0.18,0.33,-2.69,-4.37,8.75,-0.07,-0.14,0.35,1.18,10.06,0.07,0.05,0.41,0.02
44.533625,9.56,-0.10,2.88,0.40,0.08,0.15,-29.44,35.06,-53.00,5.41,-4.87,8.20,0.27,-0.13,0.27,-5.06,-6.20,5.66,-0.33,-0.19,0.26,1.66,-5.48,8.65,0.10,-0.18,0.38,-2.67,-4.21,8.83,-0.09,-0.13,0.40,1.18,10.04,-0.05,0.06,0.46,0.00
44.555209,9.44,-0.21,2.88,0.44,0.08,0.23,-29.44,35.06,-53.00,5.31,-4.72,8.28,0.28,-0.12,0.32,-5.20,-6.17,5.61,-0.37,-0.20,0.27,1.60,-5.33,8.74,0.10,-0.18,0.42,-2.78,-4.07,8.85,-0.11,-0.11,0.44,1.15,10.07,-0.21,0.06,0.50,-0.02
44.578288,9.40,-0.45,3.04,0.44,0.08,0.23,-29.06,35.31,-55.94,5.16,-4.61,8.32,0.29,-0.13,0.36,-5.34,-6.14,5.48,-0.41,-0.22,0.28,1.47,-5.21,8.72,0.10,-0.19,0.47,-2.90,-3.94,8.77,-0.12,-0.12,0.48,1.10,10.07,-0.37,0.06,0.54,-0.03
44.599855,9.36,-0.52,3.04,0.51,0.05,0.27,-29.06,35.31,-55.94,5.08,-4.57,8.30,0.31,-0.15,0.40,-5.40,-6.05,5.41,-0.43,-0.25,0.30,1.42,-5.10,8.69,0.11,-0.21,0.51,-2.95,-3.86,8.71,-0.13,-0.14,0.53,1.10,10.02,-0.49,0.07,0.59,-0.03
44.621602,9.32,-0.52,3.04,0.56,0.05,0.27,-29.06,35.31,-55.94,5.06,-4.48,8.31,0.34,-0.17,0.44,-5.42,-6.00,5.35,-0.47,-0.29,0.34,1.44,-4.98,8.72,0.12,-0.24,0.55,-2.98,-3.71,8.80,-0.15,-0.16,0.58,1.07,9.98,-0.56,0.07,0.65,-0.03
44.645067,9.17,-0.41,3.04,0.62,0.06,0.29,-29.44,34.06,-54.62,5.01,-4.36,8.39,0.34,-0.19,0.48,-5.47,-6.05,5.33,-0.50,-0.32,0.34,1.43,-4.86,8.83,0.10,-0.25,0.60,-3.03,-3.60,8.84,-0.19,-0.17,0.61,1.05,10.02,-0.59,0.05,0.69,-0.03
44.667014,9.18,-0.45,2.96,0.68,-0.02,0.31,-28.25,32.62,-54.38,5.00,-4.46,8.27,0.34,-0.22,0.53,-5.42,-6.04,5.37,-0.53,-0.37,0.34,1.41,-4.98,8.71,0.08,-0.27,0.65,-2.99,-3.70,8.72,-0.23,-0.19,0.63,1.07,9.97,-0.51,0.02,0.73,-0.03
44.687665,9.28,-0.48,2.88,0.68,-0.02,0.31,-28.25,32.62,-54.38,5.02,-4.62,8.05,0.36,-0.26,0.57,-5.26,-5.99,5.40,-0.57,-0.42,0.37,1.40,-5.14,8.50,0.08,-0.31,0.70,-2.90,-3.89,8.58,-0.25,-0.22,0.68,1.10,9.87,-0.38,0.02,0.80,-0.02
44.711742,9.36,-0.29,2.84,0.82,0.00,0.34,-28.25,32.62,-54.38,5.10,-4.67,8.01,0.40,-0.29,0.63,-5.09,-6.00,5.36,-0.61,-0.46,0.41,1.47,-5.21,8.43,0.09,-0.35,0.75,-2.76,-3.97,8.54,-0.27,-0.25,0.74,1.08,9.78,-0.25,0.03,0.87,-0.02
44.729514,9.25,-0.21,2.84,0.82,0.00,0.34,-29.44,32.56,-52.25,5.13,-4.61,8.07,0.42,-0.29,0.66,-5.05,-6.06,5.37,-0.64,-0.47,0.43,1.49,-5.18,8.48,0.10,-0.35,0.80,-2.75,-3.96,8.57,-0.29,-0.25,0.78,1.06,9.79,-0.22,0.03,0.91,-0.03
44.750951,9.32,-0.21,2.81,0.82,0.00,0.34,-30.31,31.69,-52.38,5.12,-4.68,7.95,0.43,-0.30,0.71,-5.07,-6.05,5.46,-0.68,-0.50,0.45,1.44,-5.23,8.39,0.10,-0.36,0.84,-2.79,-4.00,8.54,-0.31,-0.26,0.82,1.13,9.81,-0.20,0.03,0.96,-0.03
44.771376,9.28,-0.25,2.73,0.82,0.00,0.34,-30.31,31.69,-52.38,5.10,-4.85,7.65,0.46,-0.35,0.76,-4.98,-5.98,5.54,-0.71,-0.56,0.49,1.43,-5.36,8.19,0.10,-0.42,0.90,-2.73,-4.12,8.43,-0.33,-0.30,0.88,1.19,9.73,-0.09,0.03,1.03,-0.01
44.795998,9.36,-0.14,2.58,1.07,0.01,0.41,-30.31,31.69,-52.38,5.20,-4.90,7.61,0.52,-0.40,0.81,-4.78,-6.01,5.46,-0.75,-0.60,0.55,1.51,-5.51,8.09,0.13,-0.48,0.97,-2.57,-4.29,8.31,-0.34,-0.35,0.96,1.13,9.64,0.03,0.05,1.11,0.01
44.814337,9.44,0.02,2.62,1.07,0.01,0.41,-29.75,30.62,-49.75,5.30,-4.86,7.72,0.57,-0.40,0.84,-4.74,-6.02,5.45,-0.78,-0.61,0.59,1.59,-5.53,8.15,0.16,-0.50,1.01,-2.51,-4.30,8.37,-0.34,-0.36,1.02,1.13,9.65,0.06,0.09,1.16,-0.00
44.837414,9.40,-0.06,2.65,1.07,0.01,0.41,-29.44,29.62,-51.31,5.37,-4.84,7.75,0.61,-0.40,0.89,-4.89,-6.01,5.58,-0.83,-0.62,0.64,1.64,-5.49,8.25,0.19,-0.51,1.07,-2.55,-4.21,8.50,-0.34,-0.36,1.09,1.25,9.77,-0.01,0.11,1.21,-0.01
44.857866,9.40,-0.06,2.65,1.17,0.06,0.53,-29.75,28.19,-51.06,5.38,-4.90,7.66,0.65,-0.43,0.95,-4.98,-5.99,5.72,-0.88,-0.67,0.69,1.66,-5.50,8.25,0.20,-0.55,1.14,-2.59,-4.18,8.60,-0.37,-0.39,1.15,1.34,9.84,-0.02,0.12,1.30,-0.00
44.881665,9.48,0.05,2.62,1.38,0.05,0.56,-29.75,28.19,-51.06,5.45,-4.85,7.70,0.69,-0.49,1.02,-5.00,-5.97,5.74,-0.93,-0.75,0.75,1.72,-5.48,8.31,0.20,-0.60,1.21,-2.52,-4.19,8.63,-0.41,-0.44,1.23,1.38,9.85,-0.02,0.12,1.41,0.02
44.903488,9.48,0.09,2.69,1.38,0.05,0.56,-30.69,27.19,-50.94,5.59,-4.79,7.75,0.72,-0.52,1.09,-5.02,-5.99,5.69,-0.98,-0.80,0.79,1.89,-5.44,8.36,0.21,-0.64,1.28,-2.44,-4.13,8.72,-0.43,-0.46,1.30,1.36,9.87,-0.06,0.12,1.48,0.02
44.925244,9.44,0.17,2.69,1.43,0.05,0.59,-30.69,27.19,-50.94,5.62,-4.70,7.78,0.75,-0.54,1.14,-5.04,-5.95,5.70,-1.03,-0.82,0.81,1.90,-5.36,8.41,0.21,-0.66,1.35,-2.42,-4.08,8.73,-0.46,-0.47,1.36,1.40,9.87,-0.10,0.12,1.54,0.00
44.949759,9.36,0.17,2.69,1.47,0.04,0.63,-30.69,25.25,-48.44,5.67,-4.65,7.68,0.78,-0.57,1.21,-5.04,-5.81,5.78,-1.08,-0.87,0.84,1.94,-5.38,8.34,0.21,-0.69,1.42,-2.36,-4.03,8.71,-0.49,-0.50,1.43,1.53,9.80,-0.13,0.12,1.62,-0.00
44.970947,9.32,0.25,2.69,1.47,0.04,0.63,-30.69,25.50,-49.56,5.75,-4.59,7.64,0.81,-0.60,1.28,-5.00,-5.71,5.77,-1.12,-0.92,0.88,2.05,-5.39,8.26,0.22,-0.73,1.49,-2.24,-4.06,8.68,-0.52,-0.52,1.50,1.57,9.73,-0.12,0.13,1.70,0.00
44.992126,9.36,0.32,2.77,1.47,0.04,0.63,-31.31,25.88,-49.19,5.79,-4.47,7.72,0.85,-0.60,1.33,-5.01,-5.67,5.71,-1.17,-0.94,0.93,2.10,-5.31,8.29,0.26,-0.74,1.55,-2.21,-4.04,8.67,-0.52,-0.53,1.56,1.57,9.70,-0.19,0.15,1.76,-0.00
45.015884,9.36,0.32,2.88,1.68,0.08,0.75,-31.31,25.69,-48.50,5.77,-4.33,7.80,0.89,-0.62,1.38,-5.27,-5.64,5.77,-1.22,-0.96,0.98,2.15,-5.11,8.47,0.27,-0.76,1.60,-2.30,-3.77,8.92,-0.53,-0.55,1.63,1.65,9.86,-0.41,0.17,1.82,-0.01
45.038543,9.25,0.17,2.92,1.68,0.08,0.75,-31.06,22.38,-46.19,5.86,-4.25,7.76,0.92,-0.67,1.45,-5.47,-5.47,5.88,-1.27,-1.03,1.01,2.23,-4.98,8.54,0.27,-0.81,1.68,-2.25,-3.61,9.03,-0.58,-0.59,1.69,1.85,9.90,-0.57,0.16,1.91,-0.00
45.05995,9.21,0.32,2.96,1.87,0.03,0.77,-31.06,22.38,-46.19,6.00,-4.13,7.76,0.96,-0.71,1.52,-5.37,-5.32,5.79,-1.32,-1.08,1.05,2.42,-4.99,8.41,0.27,-0.86,1.75,-2.06,-3.61,8.98,-0.61,-0.63,1.77,1.87,9.74,-0.60,0.16,2.00,-0.00
45.084671,9.18,0.59,3.27,1.94,0.07,0.88,-31.06,22.38,-46.19,6.16,-3.86,7.92,1.01,-0.70,1.58,-5.37,-5.23,5.64,-1.39,-1.08,1.10,2.63,-4.82,8.46,0.31,-0.86,1.82,-1.91,-3.50,8.98,-0.61,-0.61,1.84,1.86,9.65,-0.74,0.20,2.06,-0.03
45.105656,9.06,0.55,3.38,1.92,0.08,0.93,-31.06,22.38,-46.19,6.13,-3.64,7.98,1.03,-0.67,1.62,-5.61,-5.11,5.68,-1.44,-1.07,1.12,2.62,-4.57,8.60,0.34,-0.84,1.87,-1.98,-3.25,9.09,-0.61,-0.59,1.90,1.99,9.72,-0.96,0.22,2.09,-0.05
45.127672,8.94,0.40,3.46,1.92,0.08,0.93,-32.56,21.81,-43.88,6.09,-3.50,7.84,1.06,-0.69,1.68,-5.83,-4.91,5.76,-1.48,-1.12,1.15,2.64,-4.38,8.61,0.35,-0.87,1.93,-2.00,-3.00,9.18,-0.64,-0.61,1.95,2.17,9.73,-1.14,0.22,2.16,-0.05
45.151396,8.79,0.59,3.50,2.11,0.05,0.94,-32.56,21.81,-43.88,6.11,-3.32,7.75,1.10,-0.74,1.73,-5.73,-4.76,5.61,-1.52,-1.17,1.19,2.72,-4.29,8.50,0.35,-0.92,1.99,-1.84,-2.95,9.05,-0.66,-0.65,2.02,2.15,9.52,-1.22,0.23,2.24,-0.05
45.173304,8.83,0.63,3.69,2.13,0.09,0.97,-32.56,21.81,-43.88,6.17,-3.02,8.05,1.14,-0.72,1.74,-5.67,-4.77,5.35,-1.55,-1.14,1.21,2.81,-4.08,8.62,0.39,-0.91,2.02,-1.81,-2.81,9.05,-0.64,-0.62,2.06,1.99,9.43,-1.35,0.27,2.24,-0.09
45.194356,8.75,0.63,3.92,2.13,0.09,0.97,-32.25,21.56,-42.81,6.05,-2.81,8.30,1.14,-0.66,1.75,-5.94,-4.78,5.27,-1.57,-1.09,1.21,2.71,-3.83,8.81,0.41,-0.86,2.02,-2.06,-2.53,9.18,-0.63,-0.58,2.07,1.94,9.56,-1.58,0.29,2.23,-0.12
45.217648,8.68,0.09,4.03,2.13,0.09,0.97,-33.50,19.38,-40.94,5.75,-2.76,8.26,1.14,-0.65,1.76,-6.27,-4.78,5.30,-1.58,-1.10,1.21,2.39,-3.60,8.91,0.41,-0.85,2.04,-2.41,-2.35,9.21,-0.63,-0.58,2.07,1.93,9.71,-1.78,0.28,2.24,-0.12
45.238713,8.63,0.05,3.96,2.06,0.07,1.01,-33.50,19.38,-40.94,5.68,-2.72,8.23,1.15,-0.70,1.78,-6.24,-4.75,5.12,-1.58,-1.13,1.22,2.39,-3.61,8.84,0.41,-0.90,2.04,-2.36,-2.37,9.13,-0.64,-0.62,2.08,1.83,9.60,-1.83,0.28,2.27,-0.09
45.259835,8.75,0.17,4.15,2.06,0.07,1.01,-34.44,18.25,-38.25,5.75,-2.41,8.70,1.16,-0.67,1.75,-6.16,-4.86,4.78,-1.57,-1.08,1.22,2.52,-3.41,9.10,0.43,-0.86,2.01,-2.31,-2.29,9.16,-0.60,-0.58,2.06,1.57,9.54,-1.95,0.31,2.22,-0.11
45.284735,8.68,0.32,4.68,2.06,0.07,1.01,-34.12,17.69,-37.75,5.60,-2.17,9.17,1.11,-0.54,1.67,-6.52,-4.99,4.66,-1.55,-0.95,1.16,2.38,-3.11,9.49,0.45,-0.75,1.94,-2.64,-1.97,9.38,-0.55,-0.48,1.99,1.44,9.80,-2.26,0.34,2.10,-0.18
45.305456,8.68,-0.21,4.72,1.71,0.10,1.04,-34.12,17.69,-37.75,5.27,-2.22,9.27,1.06,-0.49,1.63,-6.93,-5.10,4.70,-1.52,-0.90,1.10,2.02,-2.95,9.67,0.43,-0.69,1.89,-3.13,-1.76,9.54,-0.55,-0.43,1.93,1.35,10.09,-2.52,0.32,2.03,-0.21
45.327008,8.83,-0.79,4.84,1.71,0.10,1.04,-34.12,17.81,-38.19,4.98,-2.25,9.37,1.03,-0.51,1.60,-7.19,-5.18,4.62,-1.48,-0.92,1.06,1.72,-2.88,9.83,0.39,-0.70,1.85,-3.47,-1.67,9.58,-0.56,-0.44,1.88,1.21,10.23,-2.70,0.28,1.99,-0.18
45.351188,8.87,-0.83,4.95,1.76,0.06,0.89,-34.50,16.38,-34.31,4.88,-2.11,9.73,0.98,-0.53,1.55,-7.32,-5.29,4.41,-1.42,-0.93,1.02,1.64,-2.76,10.11,0.35,-0.71,1.79,-3.65,-1.55,9.60,-0.56,-0.46,1.81,1.01,10.29,-2.86,0.24,1.94,-0.16
45.373569,8.64,-0.94,4.91,1.76,0.06,0.89,-34.50,16.38,-34.31,4.72,-2.08,9.81,0.92,-0.53,1.51,-7.35,-5.38,4.27,-1.37,-0.93,0.96,1.49,-2.64,10.16,0.30,-0.68,1.73,-3.80,-1.44,9.60,-0.58,-0.45,1.73,0.86,10.28,-2.89,0.19,1.88,-0.15
45.394544,8.64,-0.94,4.91,1.63,-0.04,0.81,-35.38,19.44,-35.56,4.58,-2.19,9.77,0.85,-0.53,1.47,-7.16,-5.39,4.08,-1.33,-0.92,0.89,1.32,-2.74,10.01,0.25,-0.66,1.68,-3.80,-1.59,9.36,-0.59,-0.44,1.66,0.69,10.12,-2.79,0.14,1.82,-0.15
45.418061,8.79,-1.02,4.64,1.63,-0.04,0.81,-36.25,18.69,-36.12,4.27,-2.28,9.69,0.80,-0.50,1.40,-6.92,-5.61,3.86,-1.27,-0.87,0.83,0.95,-2.79,9.84,0.24,-0.62,1.60,-4.07,-1.83,9.00,-0.56,-0.41,1.57,0.38,10.00,-2.62,0.12,1.72,-0.14
45.439694,8.75,-0.98,4.64,1.46,-0.02,0.73,-36.25,18.69,-36.12,4.11,-2.37,9.53,0.77,-0.48,1.29,-6.86,-5.58,3.90,-1.17,-0.83,0.80,0.79,-2.87,9.67,0.23,-0.60,1.48,-4.09,-1.87,8.93,-0.50,-0.41,1.47,0.42,9.94,-2.57,0.12,1.62,-0.10
45.46139,8.64,-1.10,4.61,1.36,0.03,0.64,-36.25,18.69,-36.12,4.26,-2.34,9.54,0.74,-0.47,1.20,-6.78,-5.47,3.93,-1.09,-0.79,0.77,1.07,-2.89,9.65,0.23,-0.59,1.39,-3.79,-1.85,8.98,-0.47,-0.40,1.38,0.51,9.84,-2.56,0.13,1.53,-0.08
45.484988,8.48,-0.71,4.80,1.32,0.04,0.62,-36.25,18.75,-32.56,4.41,-2.19,9.72,0.69,-0.40,1.10,-6.69,-5.47,3.85,-1.02,-0.69,0.71,1.27,-2.82,9.72,0.22,-0.51,1.28,-3.67,-1.80,9.01,-0.42,-0.33,1.28,0.49,9.80,-2.57,0.13,1.39,-0.11
45.507556,8.48,-0.79,4.91,1.02,0.03,0.61,-36.88,18.12,-32.06,4.38,-2.22,9.70,0.63,-0.31,1.02,-6.76,-5.36,3.89,-0.97,-0.58,0.64,1.24,-2.81,9.70,0.22,-0.42,1.18,-3.65,-1.77,8.99,-0.36,-0.26,1.19,0.57,9.79,-2.63,0.14,1.27,-0.15
45.52774,8.52,-1.02,4.91,1.02,0.03,0.61,-36.88,18.12,-32.06,4.24,-2.16,9.74,0.59,-0.26,0.94,-6.86,-5.40,3.87,-0.92,-0.51,0.58,1.08,-2.68,9.81,0.22,-0.36,1.11,-3.85,-1.64,9.03,-0.33,-0.21,1.12,0.51,9.86,-2.72,0.14,1.16,-0.17
45.551274,8.48,-1.06,4.95,0.85,0.03,0.54,-36.56,19.75,-31.31,4.02,-2.12,9.73,0.53,-0.22,0.85,-7.02,-5.39,3.88,-0.84,-0.45,0.52,0.91,-2.55,9.85,0.19,-0.32,1.00,-4.04,-1.51,9.05,-0.30,-0.18,1.00,0.51,9.92,-2.84,0.13,1.05,-0.16
45.573246,8.33,-1.32,5.03,0.85,0.03,0.54,-37.12,19.44,-31.94,3.89,-2.10,9.75,0.49,-0.22,0.77,-7.09,-5.38,3.80,-0.78,-0.44,0.48,0.80,-2.49,9.83,0.17,-0.31,0.92,-4.12,-1.44,9.00,-0.29,-0.18,0.91,0.43,9.92,-2.93,0.10,0.98,-0.12
45.595587,8.29,-1.40,5.07,0.85,0.03,0.54,-37.12,19.44,-31.94,3.82,-2.06,9.84,0.44,-0.22,0.69,-7.05,-5.44,3.63,-0.70,-0.40,0.43,0.74,-2.45,9.83,0.14,-0.29,0.83,-4.19,-1.42,8.94,-0.27,-0.17,0.81,0.28,9.86,-2.94,0.07,0.89,-0.10
45.617462,8.29,-1.44,5.07,0.68,0.01,0.37,-37.12,19.44,-31.94,3.71,-2.04,9.94,0.39,-0.18,0.61,-6.99,-5.53,3.48,-0.62,-0.35,0.37,0.61,-2.43,9.86,0.12,-0.24,0.73,-4.30,-1.46,8.84,-0.24,-0.14,0.71,0.13,9.83,-2.94,0.06,0.78,-0.10
45.639483,8.41,-1.59,4.95,0.68,0.01,0.37,-37.12,19.44,-31.94,3.49,-2.12,9.88,0.33,-0.15,0.52,-7.01,-5.61,3.44,-0.53,-0.30,0.31,0.37,-2.46,9.84,0.11,-0.21,0.62,-4.50,-1.50,8.75,-0.19,-0.13,0.61,0.03,9.85,-2.92,0.05,0.67,-0.08
45.661335,8.37,-1.67,4.88,0.47,0.02,0.26,-37.12,19.44,-31.94,3.39,-2.23,9.76,0.29,-0.15,0.41,-7.02,-5.60,3.50,-0.44,-0.27,0.28,0.31,-2.50,9.79,0.08,-0.21,0.51,-4.53,-1.52,8.77,-0.16,-0.14,0.50,0.07,9.85,-2.89,0.03,0.57,-0.03
45.685316,8.41,-1.48,4.91,0.38,0.05,0.12,-37.12,19.44,-31.94,3.58,-2.24,9.82,0.25,-0.16,0.31,-6.95,-5.60,3.55,-0.35,-0.24,0.24,0.49,-2.59,9.80,0.06,-0.20,0.40,-4.32,-1.58,8.81,-0.13,-0.14,0.39,0.11,9.85,-2.84,0.02,0.48,0.00
45.706377,8.45,-1.32,5.07,0.38,0.05,0.12,-37.19,20.50,-30.69,3.77,-2.19,9.96,0.20,-0.13,0.22,-6.94,-5.59,3.59,-0.27,-0.18,0.19,0.67,-2.59,9.90,0.05,-0.16,0.31,-4.18,-1.60,8.90,-0.09,-0.11,0.30,0.16,9.89,-2.84,0.01,0.38,0.00
45.727105,8.48,-1.32,5.07,0.38,0.05,0.12,-37.19,20.50,-30.69,3.78,-2.20,9.96,0.15,-0.08,0.15,-7.04,-5.60,3.68,-0.21,-0.12,0.13,0.68,-2.57,9.97,0.03,-0.11,0.22,-4.24,-1.57,8.99,-0.06,-0.08,0.22,0.21,9.99,-2.87,-0.00,0.27,0.00
45.751305,8.48,-1.40,4.99,0.09,0.02,0.00,-37.19,20.50,-30.69,3.78,-2.25,9.90,0.09,-0.07,0.06,-7.11,-5.58,3.83,-0.14,-0.08,0.07,0.67,-2.58,10.00,-0.00,-0.09,0.13,-4.29,-1.53,9.09,-0.04,-0.07,0.11,0.32,10.05,-2.84,-0.04,0.17,0.02
45.773012,8.41,-1.36,4.91,0.06,0.00,-0.07,-37.19,20.50,-30.69,3.92,-2.31,9.81,0.04,-0.08,0.00,-7.06,-5.50,3.96,-0.07,-0.07,0.02,0.82,-2.65,9.93,-0.05,-0.08,0.06,-4.12,-1.58,9.12,-0.05,-0.08,0.03,0.46,10.03,-2.76,-0.08,0.10,0.05
45.794974,8.48,-1.25,4.88,0.06,0.00,-0.07,-37.44,21.12,-31.56,4.07,-2.44,9.66,-0.00,-0.08,-0.05,-6.91,-5.44,4.10,-0.01,-0.08,-0.02,0.91,-2.83,9.73,-0.08,-0.07,-0.00,-3.88,-1.78,9.05,-0.05,-0.07,-0.04,0.60,9.96,-2.58,-0.11,0.05,0.07
45.81808,8.64,-0.98,4.64,0.06,0.00,-0.07,-37.12,19.56,-30.56,4.25,-2.64,9.39,-0.03,-0.07,-0.09,-6.62,-5.29,4.27,0.03,-0.08,-0.03,1.07,-3.12,9.47,-0.08,-0.06,-0.06,-3.58,-2.09,8.90,-0.02,-0.07,-0.08,0.78,9.80,-2.33,-0.11,0.02,0.09
45.839664,8.68,-0.79,4.61,0.06,0.00,-0.07,-37.44,19.56,-30.56,4.51,-2.67,9.32,-0.03,-0.04,-0.14,-6.37,-5.33,4.23,0.06,-0.02,-0.04,1.32,-3.28,9.40,-0.05,-0.03,-0.11,-3.31,-2.22,8.94,0.03,-0.05,-0.12,0.77,9.71,-2.17,-0.07,-0.04,0.08
45.861244,8.71,-0.48,4.68,-0.10,0.06,-0.13,-37.44,19.56,-30.56,4.75,-2.46,9.57,-0.05,0.04,-0.21,-6.42,-5.32,4.32,0.09,0.10,-0.08,1.57,-3.14,9.63,-0.04,0.04,-0.18,-3.17,-2.09,9.15,0.07,0.03,-0.18,0.89,9.80,-2.24,-0.05,-0.15,0.03
45.885191,8.52,-0.48,4.99,-0.10,0.06,-0.13,-36.62,17.88,-31.00,4.76,-2.44,9.45,-0.10,0.12,-0.27,-6.72,-5.15,4.58,0.12,0.19,-0.15,1.64,-3.06,9.68,-0.04,0.13,-0.24,-3.21,-1.93,9.34,0.10,0.10,-0.25,1.17,9.96,-2.39,-0.04,-0.26,-0.02
45.90721,8.52,-0.68,5.07,-0.10,0.06,-0.13,-36.56,18.00,-31.38,4.83,-2.41,9.41,-0.12,0.13,-0.31,-6.88,-4.99,4.76,0.14,0.22,-0.19,1.72,-3.00,9.73,-0.06,0.14,-0.27,-3.14,-1.83,9.43,0.10,0.11,-0.29,1.38,10.01,-2.49,-0.06,-0.30,-0.03
45.927344,8.48,-0.60,5.11,-0.10,0.06,-0.13,-36.56,18.00,-31.38,4.95,-2.36,9.43,-0.14,0.13,-0.32,-6.90,-4.87,4.81,0.15,0.21,-0.21,1.87,-3.02,9.72,-0.08,0.16,-0.29,-3.02,-1.83,9.46,0.09,0.12,-0.31,1.48,9.96,-2.53,-0.07,-0.30,-0.02
45.950968,8.52,-0.56,5.07,-0.34,-0.01,-0.13,-36.88,19.00,-30.12,4.99,-2.41,9.41,-0.16,0.15,-0.32,-6.79,-4.87,4.79,0.15,0.22,-0.22,1.86,-3.11,9.63,-0.07,0.18,-0.30,-2.98,-1.92,9.39,0.11,0.14,-0.32,1.43,9.90,-2.45,-0.07,-0.31,-0.02
45.973446,8.64,-0.64,4.95,-0.34,-0.01,-0.13,-36.88,19.00,-30.12,4.92,-2.49,9.42,-0.16,0.19,-0.34,-6.71,-5.02,4.63,0.15,0.25,-0.23,1.81,-3.17,9.61,-0.06,0.21,-0.31,-3.07,-1.94,9.38,0.12,0.18,-0.33,1.25,9.89,-2.42,-0.06,-0.34,-0.05
45.995384,8.68,-0.75,4.91,-0.43,0.02,-0.09,-36.88,19.00,-30.12,4.81,-2.50,9.64,-0.18,0.24,-0.36,-6.72,-5.21,4.44,0.15,0.31,-0.26,1.62,-3.13,9.73,-0.05,0.27,-0.34,-3.28,-2.00,9.29,0.14,0.23,-0.36,0.99,9.95,-2.42,-0.05,-0.40,-0.09
46.018609,8.83,-1.21,4.84,-0.52,0.01,-0.07,-36.88,19.00,-30.12,4.49,-2.65,9.68,-0.20,0.30,-0.40,-6.80,-5.45,4.27,0.17,0.38,-0.30,1.24,-3.16,9.78,-0.04,0.32,-0.38,-3.65,-2.05,9.20,0.17,0.28,-0.40,0.68,10.05,-2.44,-0.03,-0.47,-0.13
46.04042,8.87,-1.48,4.72,-0.59,0.02,-0.08,-36.88,19.00,-30.12,4.17,-2.72,9.74,-0.21,0.33,-0.44,-6.87,-5.65,4.13,0.19,0.42,-0.32,0.85,-3.14,9.82,-0.03,0.35,-0.42,-3.98,-2.03,9.11,0.20,0.30,-0.44,0.46,10.11,-2.48,-0.03,-0.52,-0.13
46.062207,8.83,-1.55,4.64,-0.61,0.03,-0.11,-36.88,19.00,-30.12,3.98,-2.72,9.81,-0.24,0.33,-0.48,-6.94,-5.75,4.03,0.23,0.43,-0.34,0.69,-3.03,9.91,-0.05,0.36,-0.47,-4.20,-1.94,9.10,0.21,0.30,-0.49,0.31,10.15,-2.52,-0.04,-0.56,-0.10
46.086058,8.59,-1.63,4.53,-0.63,0.02,-0.16,-37.12,21.31,-32.31,3.85,-2.76,9.76,-0.28,0.32,-0.51,-6.91,-5.83,3.90,0.27,0.43,-0.38,0.60,-2.99,9.84,-0.09,0.36,-0.51,-4.30,-1.92,9.00,0.19,0.30,-0.55,0.16,10.11,-2.50,-0.08,-0.60,-0.09
46.10757,8.63,-1.59,4.45,-0.63,0.02,-0.16,-37.44,19.44,-31.94,3.71,-2.78,9.72,-0.32,0.32,-0.55,-6.75,-5.89,3.74,0.32,0.44,-0.42,0.44,-3.02,9.75,-0.12,0.37,-0.56,-4.36,-2.00,8.84,0.19,0.30,-0.61,0.00,10.00,-2.44,-0.10,-0.66,-0.08
46.127527,8.67,-1.59,4.42,-0.63,0.02,-0.16,-37.44,19.44,-31.94,3.65,-2.77,9.78,-0.36,0.34,-0.61,-6.70,-5.94,3.66,0.37,0.47,-0.46,0.38,-3.03,9.76,-0.14,0.40,-0.63,-4.38,-2.06,8.75,0.21,0.32,-0.67,-0.07,9.96,-2.41,-0.11,-0.72,-0.07
46.151134,8.67,-1.59,4.42,-0.85,-0.02,-0.30,-37.44,19.44,-31.94,3.70,-2.79,9.77,-0.41,0.36,-0.68,-6.77,-5.95,3.70,0.42,0.51,-0.50,0.43,-3.04,9.76,-0.16,0.43,-0.70,-4.37,-1.99,8.82,0.23,0.34,-0.75,-0.03,10.00,-2.45,-0.13,-0.80,-0.07
46.172757,8.68,-1.67,4.42,-0.85,-0.02,-0.30,-36.56,21.06,-33.00,3.69,-2.83,9.70,-0.45,0.37,-0.72,-6.80,-5.91,3.73,0.47,0.52,-0.54,0.39,-3.07,9.73,-0.18,0.44,-0.76,-4.43,-1.95,8.85,0.23,0.35,-0.81,0.01,10.03,-2.48,-0.15,-0.85,-0.06
46.195487,8.68,-1.67,4.42,-0.85,-0.02,-0.30,-36.25,20.81,-34.00,3.67,-2.83,9.65,-0.48,0.35,-0.76,-6.82,-5.93,3.72,0.51,0.52,-0.57,0.37,-3.05,9.74,-0.21,0.44,-0.81,-4.44,-1.95,8.82,0.24,0.33,-0.87,-0.00,10.03,-2.47,-0.18,-0.90,-0.04
46.217227,8.67,-1.59,4.38,-0.92,-0.07,-0.42,-36.25,20.81,-34.00,3.72,-2.83,9.61,-0.51,0.34,-0.80,-6.72,-5.86,3.71,0.56,0.53,-0.60,0.45,-3.09,9.66,-0.23,0.44,-0.86,-4.32,-2.05,8.71,0.25,0.32,-0.93,0.03,9.95,-2.41,-0.20,-0.94,-0.01
46.241646,8.68,-1.44,4.42,-0.96,-0.06,-0.46,-36.75,20.81,-35.75,3.78,-2.77,9.65,-0.54,0.36,-0.86,-6.62,-5.82,3.69,0.61,0.56,-0.63,0.51,-3.08,9.65,-0.24,0.46,-0.92,-4.23,-2.09,8.67,0.27,0.33,-0.99,0.03,9.87,-2.38,-0.21,-1.01,-0.01
46.261216,8.63,-1.52,4.34,-1.04,-0.05,-0.48,-36.75,20.81,-35.75,3.77,-2.85,9.50,-0.56,0.39,-0.92,-6.63,-5.83,3.70,0.64,0.58,-0.65,0.53,-3.11,9.57,-0.25,0.49,-0.97,-4.21,-2.03,8.72,0.29,0.35,-1.04,0.03,9.87,-2.39,-0.21,-1.06,-0.00
46.28484,8.63,-1.55,4.19,-1.12,-0.05,-0.53,-36.75,20.81,-35.75,3.68,-2.88,9.42,-0.59,0.40,-0.98,-6.53,-5.88,3.58,0.70,0.61,-0.69,0.38,-3.13,9.46,-0.26,0.50,-1.03,-4.28,-2.14,8.52,0.31,0.36,-1.10,-0.10,9.77,-2.31,-0.22,-1.12,0.01
46.306009,8.68,-1.59,4.15,-1.12,-0.05,-0.53,-35.94,20.12,-36.75,3.63,-2.95,9.32,-0.60,0.41,-1.04,-6.42,-5.86,3.53,0.75,0.65,-0.70,0.33,-3.23,9.28,-0.25,0.51,-1.10,-4.24,-2.25,8.36,0.35,0.36,-1.14,-0.11,9.67,-2.25,-0.20,-1.18,0.03
46.326773,8.67,-1.55,4.11,-1.12,-0.05,-0.53,-35.94,20.12,-36.75,3.65,-2.94,9.28,-0.60,0.42,-1.10,-6.36,-5.84,3.56,0.80,0.68,-0.69,0.35,-3.20,9.30,-0.23,0.52,-1.16,-4.23,-2.21,8.38,0.39,0.36,-1.18,-0.10,9.65,-2.21,-0.18,-1.24,0.05
46.35081,8.52,-1.44,4.15,-1.27,0.04,-0.61,-35.94,20.12,-36.75,3.82,-2.87,9.36,-0.62,0.45,-1.16,-6.44,-5.80,3.64,0.85,0.72,-0.71,0.56,-3.14,9.41,-0.23,0.54,-1.23,-4.15,-2.09,8.54,0.42,0.38,-1.25,0.03,9.73,-2.26,-0.18,-1.30,0.07
46.372705,8.56,-1.40,4.15,-1.32,0.02,-0.63,-35.94,20.12,-36.75,3.86,-2.89,9.28,-0.65,0.46,-1.20,-6.48,-5.81,3.70,0.89,0.75,-0.75,0.59,-3.17,9.38,-0.24,0.55,-1.27,-4.13,-2.09,8.58,0.43,0.38,-1.30,0.08,9.76,-2.25,-0.19,-1.36,0.07
46.394375,8.68,-1.36,4.11,-1.32,0.02,-0.63,-35.06,20.00,-36.38,3.88,-2.98,9.11,-0.66,0.45,-1.24,-6.48,-5.72,3.86,0.93,0.77,-0.77,0.60,-3.24,9.28,-0.25,0.54,-1.31,-4.06,-2.16,8.56,0.44,0.37,-1.34,0.22,9.75,-2.19,-0.20,-1.40,0.09
46.417448,8.71,-1.25,4.03,-1.32,0.02,-0.63,-35.62,19.69,-38.50,4.03,-3.02,9.02,-0.66,0.42,-1.28,-6.35,-5.60,3.95,0.97,0.76,-0.77,0.76,-3.35,9.19,-0.25,0.52,-1.34,-3.85,-2.27,8.54,0.45,0.32,-1.38,0.33,9.66,-2.10,-0.20,-1.42,0.12
46.439186,8.75,-1.06,4.11,-1.33,0.05,-0.72,-35.62,19.69,-38.50,4.30,-3.02,9.03,-0.66,0.43,-1.31,-6.26,-5.50,4.02,1.00,0.77,-0.75,1.07,-3.48,9.15,-0.23,0.52,-1.38,-3.58,-2.34,8.58,0.50,0.34,-1.38,0.48,9.61,-2.03,-0.18,-1.43,0.13
46.46713,8.71,-0.98,4.07,-1.36,0.08,-0.71,-35.62,19.69,-38.50,4.43,-2.99,9.05,-0.65,0.46,-1.33,-6.20,-5.48,4.09,1.01,0.81,-0.75,1.16,-3.47,9.22,-0.21,0.55,-1.40,-3.51,-2.33,8.71,0.53,0.37,-1.39,0.56,9.63,-2.01,-0.15,-1.47,0.12
46.483413,8.75,-0.83,4.11,-1.36,0.08,-0.71,-35.62,19.69,-38.50,4.52,-3.03,9.02,-0.64,0.49,-1.36,-6.28,-5.45,4.19,1.01,0.86,-0.76,1.21,-3.54,9.20,-0.19,0.57,-1.42,-3.41,-2.37,8.79,0.54,0.40,-1.41,0.67,9.70,-2.02,-0.14,-1.50,0.11
46.507732,9.02,-0.98,4.22,-1.45,0.14,-0.66,-35.62,19.69,-38.50,4.56,-3.08,9.15,-0.63,0.53,-1.38,-6.39,-5.51,4.26,1.02,0.89,-0.75,1.19,-3.59,9.30,-0.16,0.60,-1.44,-3.51,-2.42,8.86,0.58,0.42,-1.41,0.66,9.84,-2.06,-0.11,-1.52,0.10
46.529343,9.02,-1.10,4.26,-1.46,0.16,-0.67,-35.62,19.69,-38.50,4.53,-3.09,9.22,-0.62,0.53,-1.40,-6.58,-5.61,4.35,1.03,0.90,-0.74,1.12,-3.51,9.50,-0.15,0.60,-1.45,-3.67,-2.30,9.05,0.60,0.42,-1.41,0.65,10.02,-2.14,-0.09,-1.53,0.11
46.551033,8.94,-1.13,4.22,-1.46,0.16,-0.67,-33.19,21.50,-42.38,4.61,-2.96,9.39,-0.63,0.52,-1.40,-6.68,-5.64,4.39,1.04,0.90,-0.75,1.21,-3.39,9.71,-0.17,0.59,-1.46,-3.68,-2.18,9.19,0.58,0.41,-1.43,0.70,10.11,-2.18,-0.11,-1.54,0.11
46.570749,8.83,-1.02,4.26,-1.46,0.16,-0.67,-33.19,21.50,-42.38,4.74,-2.92,9.41,-0.66,0.52,-1.39,-6.67,-5.57,4.40,1.04,0.90,-0.78,1.36,-3.42,9.69,-0.20,0.60,-1.47,-3.55,-2.20,9.22,0.57,0.42,-1.44,0.75,10.07,-2.20,-0.13,-1.55,0.09
46.595394,8.94,-0.83,4.42,-1.50,0.07,-0.71,-32.56,22.88,-44.38,4.78,-2.85,9.45,-0.69,0.55,-1.40,-6.66,-5.53,4.41,1.04,0.92,-0.81,1.42,-3.41,9.69,-0.20,0.64,-1.48,-3.51,-2.21,9.24,0.57,0.45,-1.46,0.78,10.07,-2.22,-0.14,-1.58,0.08
46.617836,8.83,-0.87,4.42,-1.50,0.07,-0.71,-33.19,22.50,-42.94,4.77,-2.80,9.45,-0.72,0.57,-1.42,-6.82,-5.56,4.45,1.06,0.94,-0.84,1.41,-3.31,9.79,-0.22,0.66,-1.50,-3.58,-2.07,9.36,0.56,0.48,-1.50,0.81,10.19,-2.32,-0.16,-1.62,0.07
46.63906,8.90,-0.91,4.45,-1.57,0.04,-0.71,-33.19,22.50,-42.94,4.76,-2.81,9.44,-0.75,0.56,-1.43,-6.90,-5.52,4.53,1.07,0.93,-0.87,1.39,-3.28,9.83,-0.25,0.67,-1.52,-3.64,-2.05,9.38,0.54,0.47,-1.53,0.88,10.22,-2.34,-0.19,-1.64,0.06
46.663732,8.94,-0.87,4.38,-1.54,-0.01,-0.76,-33.19,22.50,-42.94,4.80,-2.83,9.45,-0.78,0.55,-1.44,-6.89,-5.55,4.56,1.08,0.91,-0.91,1.46,-3.32,9.80,-0.29,0.66,-1.52,-3.58,-2.09,9.39,0.52,0.47,-1.56,0.87,10.25,-2.29,-0.22,-1.64,0.07
46.683583,8.98,-0.75,4.30,-1.54,-0.01,-0.76,-33.19,22.50,-42.94,4.86,-2.87,9.40,-0.81,0.54,-1.45,-6.75,-5.55,4.55,1.09,0.90,-0.94,1.51,-3.46,9.70,-0.32,0.67,-1.54,-3.49,-2.21,9.33,0.50,0.47,-1.58,0.87,10.17,-2.20,-0.25,-1.66,0.07
46.70514,9.05,-0.71,4.26,-1.57,-0.05,-0.78,-33.19,22.50,-42.94,4.94,-2.95,9.34,-0.83,0.57,-1.46,-6.59,-5.55,4.49,1.09,0.92,-0.97,1.59,-3.58,9.60,-0.32,0.70,-1.55,-3.36,-2.32,9.27,0.50,0.50,-1.60,0.85,10.08,-2.09,-0.26,-1.68,0.05
46.729651,8.94,-0.79,4.15,-1.66,-0.04,-0.73,-33.19,22.50,-42.94,4.94,-3.02,9.24,-0.86,0.61,-1.47,-6.61,-5.55,4.56,1.08,0.96,-1.00,1.54,-3.60,9.55,-0.33,0.74,-1.56,-3.37,-2.34,9.23,0.50,0.53,-1.62,0.89,10.09,-2.06,-0.27,-1.71,0.01
46.753583,8.94,-0.87,4.03,-1.66,-0.06,-0.73,-33.19,22.50,-42.94,4.88,-3.11,9.10,-0.87,0.61,-1.46,-6.54,-5.59,4.61,1.08,0.95,-1.01,1.44,-3.63,9.51,-0.34,0.75,-1.56,-3.37,-2.41,9.14,0.49,0.54,-1.62,0.86,10.06,-1.95,-0.28,-1.70,-0.00
46.77336,8.90,-0.79,3.80,-1.66,-0.06,-0.73,-29.81,25.88,-47.12,4.88,-3.22,8.99,-0.89,0.61,-1.45,-6.33,-5.66,4.57,1.08,0.94,-1.03,1.46,-3.79,9.32,-0.36,0.76,-1.55,-3.30,-2.58,9.00,0.47,0.55,-1.62,0.79,9.97,-1.77,-0.29,-1.70,-0.01
46.79649,9.02,-0.68,3.46,-1.66,-0.06,-0.73,-31.31,27.06,-48.38,4.80,-3.41,8.74,-0.89,0.62,-1.45,-6.09,-5.69,4.61,1.08,0.94,-1.03,1.32,-3.96,9.09,-0.36,0.77,-1.56,-3.33,-2.80,8.79,0.47,0.56,-1.63,0.77,9.85,-1.53,-0.29,-1.70,-0.01
46.818253,9.10,-0.68,3.34,-1.66,-0.08,-0.74,-31.31,27.06,-48.38,4.79,-3.62,8.45,-0.87,0.61,-1.46,-5.92,-5.64,4.74,1.08,0.93,-1.01,1.31,-4.15,8.86,-0.35,0.74,-1.56,-3.20,-2.98,8.67,0.48,0.53,-1.62,0.86,9.78,-1.35,-0.28,-1.69,0.01
46.839955,9.02,-0.64,3.23,-1.60,-0.04,-0.75,-31.31,27.06,-48.38,4.95,-3.76,8.31,-0.85,0.57,-1.45,-5.78,-5.66,4.87,1.08,0.90,-0.98,1.45,-4.30,8.75,-0.35,0.71,-1.54,-3.07,-3.06,8.69,0.47,0.50,-1.60,0.95,9.77,-1.18,-0.27,-1.66,0.04
46.864117,9.05,-0.41,3.04,-1.60,-0.04,-0.75,-31.00,28.25,-49.62,5.09,-3.93,8.20,-0.82,0.54,-1.41,-5.57,-5.66,5.00,1.06,0.88,-0.95,1.55,-4.52,8.61,-0.34,0.68,-1.50,-2.87,-3.29,8.61,0.46,0.47,-1.55,1.03,9.69,-0.93,-0.27,-1.62,0.05
46.886607,9.13,-0.33,2.92,-1.47,-0.03,-0.71,-30.69,29.06,-50.88,5.15,-4.13,8.05,-0.79,0.53,-1.37,-5.36,-5.69,5.07,1.03,0.85,-0.92,1.58,-4.72,8.48,-0.32,0.66,-1.46,-2.78,-3.50,8.54,0.46,0.46,-1.50,1.05,9.63,-0.74,-0.26,-1.57,0.05
46.907381,9.21,-0.33,2.84,-1.47,-0.03,-0.71,-30.69,29.06,-50.88,5.14,-4.22,8.06,-0.77,0.52,-1.33,-5.25,-5.81,5.10,0.99,0.84,-0.88,1.54,-4.82,8.50,-0.30,0.65,-1.42,-2.83,-3.60,8.55,0.46,0.46,-1.47,0.98,9.65,-0.60,-0.24,-1.53,0.05
46.931399,9.32,-0.33,2.84,-1.41,-0.00,-0.64,-30.69,30.00,-49.25,5.09,-4.32,8.02,-0.74,0.52,-1.32,-5.25,-5.94,5.16,0.97,0.83,-0.86,1.45,-4.92,8.48,-0.29,0.64,-1.39,-2.88,-3.69,8.55,0.45,0.45,-1.43,0.97,9.75,-0.55,-0.22,-1.49,0.04
46.953517,9.28,-0.37,2.84,-1.37,-0.00,-0.65,-30.69,30.00,-49.25,5.11,-4.44,7.84,-0.70,0.48,-1.29,-5.30,-5.86,5.38,0.94,0.79,-0.82,1.48,-5.00,8.42,-0.28,0.59,-1.34,-2.85,-3.69,8.61,0.43,0.41,-1.38,1.15,9.81,-0.48,-0.22,-1.43,0.06
46.974974,9.17,-0.33,2.77,-1.24,-0.01,-0.65,-30.69,30.00,-49.25,5.28,-4.45,7.89,-0.66,0.42,-1.22,-5.18,-5.80,5.43,0.90,0.72,-0.77,1.65,-5.07,8.38,-0.29,0.53,-1.28,-2.62,-3.78,8.58,0.39,0.36,-1.32,1.21,9.73,-0.39,-0.23,-1.34,0.08
46.998151,9.28,-0.02,2.88,-1.24,-0.01,-0.65,-30.62,33.44,-53.81,5.47,-4.40,8.08,-0.64,0.42,-1.15,-5.02,-5.82,5.33,0.84,0.70,-0.74,1.85,-5.16,8.39,-0.27,0.52,-1.21,-2.42,-3.88,8.58,0.37,0.37,-1.25,1.15,9.64,-0.33,-0.21,-1.28,0.06
47.019847,9.29,-0.06,2.88,-1.18,-0.01,-0.55,-30.62,33.44,-53.81,5.37,-4.40,8.07,-0.63,0.44,-1.10,-5.11,-5.87,5.38,0.79,0.70,-0.72,1.73,-5.12,8.47,-0.25,0.55,-1.16,-2.58,-3.84,8.63,0.37,0.39,-1.20,1.18,9.75,-0.36,-0.20,-1.24,0.03
47.04178,9.29,-0.25,2.84,-1.19,-0.01,-0.50,-30.62,33.44,-53.81,5.29,-4.55,7.89,-0.60,0.41,-1.03,-5.26,-5.83,5.59,0.75,0.65,-0.68,1.63,-5.14,8.45,-0.24,0.52,-1.09,-2.69,-3.82,8.71,0.34,0.37,-1.13,1.31,9.86,-0.37,-0.20,-1.17,0.03
47.065382,9.36,-0.21,2.84,-1.07,-0.03,-0.50,-29.75,33.69,-53.12,5.38,-4.61,7.83,-0.56,0.34,-0.96,-5.20,-5.83,5.66,0.69,0.58,-0.64,1.75,-5.21,8.44,-0.24,0.44,-1.01,-2.53,-3.88,8.77,0.30,0.30,-1.05,1.38,9.86,-0.29,-0.20,-1.06,0.04
47.086659,9.36,-0.02,2.84,-1.07,-0.03,-0.50,-29.75,33.12,-52.69,5.54,-4.59,7.99,-0.52,0.32,-0.90,-5.07,-5.88,5.64,0.64,0.54,-0.61,1.90,-5.28,8.48,-0.23,0.41,-0.93,-2.39,-3.99,8.78,0.27,0.29,-0.98,1.33,9.84,-0.21,-0.20,-0.99,0.02
47.107067,9.44,0.09,2.88,-1.07,-0.03,-0.50,-29.75,33.12,-52.69,5.57,-4.65,8.06,-0.50,0.33,-0.83,-5.06,-5.92,5.66,0.58,0.52,-0.59,1.89,-5.36,8.52,-0.22,0.42,-0.87,-2.43,-4.07,8.77,0.25,0.30,-0.92,1.30,9.89,-0.18,-0.19,-0.93,-0.01
47.130533,9.52,-0.29,2.81,-0.82,-0.05,-0.33,-29.75,33.12,-52.69,5.40,-4.79,8.01,-0.47,0.33,-0.75,-5.09,-6.02,5.68,0.51,0.48,-0.55,1.65,-5.43,8.50,-0.21,0.41,-0.78,-2.61,-4.12,8.71,0.22,0.30,-0.84,1.23,9.94,-0.14,-0.18,-0.85,-0.02
47.152862,9.52,-0.37,2.69,-0.82,-0.05,-0.33,-30.00,34.25,-53.56,5.23,-4.96,7.84,-0.42,0.28,-0.68,-5.03,-6.09,5.67,0.46,0.42,-0.50,1.46,-5.52,8.33,-0.20,0.36,-0.70,-2.74,-4.21,8.58,0.20,0.26,-0.75,1.14,9.91,-0.04,-0.18,-0.75,-0.01
47.171923,9.52,-0.25,2.58,-0.82,-0.05,-0.33,-29.69,35.25,-53.81,5.19,-4.94,7.88,-0.38,0.24,-0.62,-4.88,-6.16,5.55,0.42,0.39,-0.46,1.43,-5.53,8.30,-0.18,0.31,-0.64,-2.72,-4.30,8.49,0.18,0.22,-0.68,1.02,9.83,0.04,-0.16,-0.69,-0.00
47.193541,9.44,-0.14,2.58,-0.58,-0.02,-0.28,-29.69,35.25,-53.81,5.24,-4.95,7.90,-0.35,0.23,-0.57,-4.82,-6.19,5.56,0.37,0.36,-0.42,1.48,-5.50,8.35,-0.17,0.29,-0.58,-2.68,-4.26,8.52,0.16,0.21,-0.63,1.04,9.83,0.08,-0.15,-0.63,-0.01
47.216219,9.44,-0.29,2.35,-0.55,-0.04,-0.24,-29.69,35.25,-53.81,5.21,-5.14,7.63,-0.31,0.19,-0.49,-4.81,-6.11,5.77,0.32,0.30,-0.38,1.44,-5.69,8.16,-0.16,0.24,-0.50,-2.63,-4.38,8.45,0.12,0.17,-0.55,1.17,9.81,0.19,-0.15,-0.53,-0.01
47.237673,9.59,-0.14,2.31,-0.42,-0.04,-0.23,-29.69,35.25,-53.81,5.27,-5.27,7.52,-0.25,0.14,-0.42,-4.57,-6.11,5.76,0.26,0.23,-0.31,1.50,-5.89,8.01,-0.14,0.18,-0.42,-2.47,-4.63,8.30,0.11,0.13,-0.45,1.16,9.69,0.37,-0.13,-0.42,0.00
47.258635,9.66,0.05,2.39,-0.30,-0.01,-0.19,-29.69,35.25,-53.81,5.36,-5.25,7.65,-0.18,0.13,-0.36,-4.41,-6.19,5.67,0.20,0.22,-0.24,1.57,-5.97,8.02,-0.09,0.16,-0.35,-2.42,-4.74,8.25,0.12,0.12,-0.36,1.06,9.65,0.44,-0.08,-0.35,-0.00
47.283278,9.56,-0.10,2.46,-0.29,0.05,-0.12,-29.38,35.44,-54.50,5.34,-5.24,7.67,-0.12,0.14,-0.31,-4.59,-6.24,5.74,0.14,0.22,-0.17,1.58,-5.88,8.14,-0.04,0.15,-0.28,-2.52,-4.56,8.47,0.12,0.12,-0.28,1.10,9.82,0.35,-0.04,-0.28,-0.02
47.304277,9.48,-0.29,2.39,-0.15,0.04,-0.05,-29.38,35.44,-54.50,5.28,-5.25,7.63,-0.08,0.11,-0.23,-4.77,-6.17,5.90,0.09,0.16,-0.12,1.48,-5.74,8.23,-0.03,0.11,-0.19,-2.61,-4.43,8.53,0.08,0.08,-0.20,1.22,9.90,0.27,-0.04,-0.18,-0.01
47.326371,9.44,-0.33,2.46,-0.15,0.04,-0.05,-29.69,36.31,-54.31,5.27,-5.23,7.61,-0.02,0.05,-0.14,-4.67,-6.13,5.79,0.02,0.08,-0.06,1.50,-5.80,8.14,-0.02,0.04,-0.10,-2.50,-4.53,8.40,0.04,0.03,-0.10,1.16,9.78,0.30,-0.03,-0.07,-0.00
47.350199,9.60,-0.02,2.62,0.04,0.06,0.02,-29.69,36.31,-54.31,5.29,-5.06,7.83,0.03,0.04,-0.09,-4.60,-6.19,5.58,-0.04,0.06,-0.01,1.56,-5.71,8.20,0.02,0.03,-0.02,-2.48,-4.48,8.41,0.04,0.03,-0.01,1.00,9.73,0.27,0.00,0.00,-0.02
47.371941,9.44,-0.18,2.65,0.04,0.06,0.02,-30.00,36.31,-54.31,5.15,-4.99,7.90,0.06,0.04,-0.03,-4.84,-6.22,5.63,-0.09,0.05,0.02,1.46,-5.52,8.35,0.03,0.02,0.04,-2.75,-4.26,8.52,0.02,0.03,0.05,1.01,9.90,0.09,0.01,0.06,-0.03
47.393982,9.32,-0.41,2.58,0.04,0.06,0.02,-29.69,37.62,-54.88,5.03,-5.13,7.68,0.09,-0.02,0.04,-4.93,-6.17,5.71,-0.14,-0.04,0.06,1.29,-5.56,8.26,0.02,-0.04,0.12,-2.87,-4.26,8.50,-0.02,-0.02,0.12,1.07,9.90,0.07,-0.01,0.17,0.00
47.417055,9.52,-0.45,2.46,0.04,0.06,0.02,-29.38,36.19,-55.69,5.08,-5.13,7.72,0.15,-0.09,0.12,-4.70,-6.20,5.52,-0.19,-0.12,0.13,1.30,-5.67,8.17,0.04,-0.12,0.20,-2.72,-4.45,8.35,-0.05,-0.09,0.20,0.93,9.74,0.19,0.00,0.28,0.03
47.439673,9.59,-0.14,2.77,0.35,0.07,0.10,-29.38,36.19,-55.69,5.15,-4.97,8.03,0.20,-0.08,0.16,-4.68,-6.36,5.33,-0.24,-0.10,0.17,1.37,-5.59,8.36,0.08,-0.12,0.25,-2.71,-4.43,8.40,-0.04,-0.07,0.27,0.76,9.80,0.14,0.05,0.31,-0.00
47.46136,9.55,-0.37,2.81,0.29,0.11,0.17,-29.38,36.19,-55.69,5.06,-4.95,8.08,0.22,-0.06,0.19,-4.99,-6.34,5.46,-0.27,-0.10,0.20,1.28,-5.46,8.53,0.10,-0.11,0.29,-2.94,-4.22,8.57,-0.04,-0.07,0.32,0.86,9.99,-0.02,0.06,0.34,-0.02
47.485588,9.48,-0.52,2.84,0.43,0.08,0.19,-29.38,36.19,-55.69,5.00,-4.89,8.07,0.25,-0.11,0.25,-5.18,-6.25,5.58,-0.31,-0.16,0.24,1.25,-5.36,8.60,0.10,-0.17,0.35,-3.02,-4.08,8.68,-0.07,-0.11,0.39,0.98,10.07,-0.16,0.05,0.44,0.00
47.507369,9.48,-0.33,2.88,0.52,0.07,0.19,-29.38,36.19,-55.69,5.13,-4.75,8.18,0.28,-0.16,0.30,-5.17,-6.17,5.50,-0.35,-0.22,0.28,1.49,-5.32,8.64,0.09,-0.22,0.41,-2.84,-4.04,8.71,-0.11,-0.15,0.44,0.99,10.00,-0.24,0.05,0.51,0.01
47.529511,9.48,-0.21,3.04,0.52,0.08,0.24,-29.12,34.62,-55.12,5.26,-4.52,8.45,0.31,-0.15,0.34,-5.22,-6.15,5.38,-0.39,-0.23,0.30,1.59,-5.16,8.76,0.11,-0.21,0.45,-2.82,-3.92,8.79,-0.11,-0.13,0.48,0.95,10.01,-0.38,0.07,0.54,-0.01
47.550007,9.44,-0.25,3.11,0.52,0.08,0.24,-29.12,34.62,-55.12,5.16,-4.45,8.50,0.31,-0.13,0.37,-5.39,-6.13,5.38,-0.42,-0.22,0.30,1.47,-5.01,8.85,0.12,-0.19,0.49,-2.99,-3.78,8.86,-0.12,-0.12,0.51,0.95,10.08,-0.51,0.07,0.56,-0.04
47.574348,9.36,-0.68,3.00,0.52,0.04,0.29,-30.00,34.06,-54.62,4.98,-4.60,8.24,0.33,-0.16,0.44,-5.53,-6.05,5.45,-0.47,-0.28,0.33,1.29,-5.05,8.72,0.11,-0.24,0.56,-3.09,-3.73,8.84,-0.16,-0.16,0.57,1.02,10.11,-0.59,0.05,0.64,-0.02
47.596099,9.40,-0.79,2.92,0.52,0.04,0.29,-28.81,34.88,-54.06,4.99,-4.60,8.28,0.37,-0.23,0.49,-5.43,-6.04,5.32,-0.51,-0.35,0.37,1.33,-5.08,8.71,0.12,-0.30,0.62,-3.02,-3.80,8.74,-0.19,-0.21,0.63,0.92,10.00,-0.55,0.05,0.73,0.01
47.617635,9.44,-0.64,2.96,0.52,0.04,0.29,-30.31,35.81,-52.44,5.04,-4.44,8.57,0.40,-0.22,0.53,-5.35,-6.17,5.10,-0.55,-0.36,0.40,1.40,-4.99,8.86,0.13,-0.30,0.67,-2.99,-3.79,8.73,-0.20,-0.20,0.68,0.74,9.98,-0.57,0.07,0.77,-0.02
47.643228,9.40,-0.79,2.96,0.70,0.03,0.41,-29.44,34.69,-53.31,4.96,-4.51,8.54,0.40,-0.20,0.57,-5.50,-6.19,5.17,-0.60,-0.36,0.41,1.26,-4.98,8.88,0.14,-0.28,0.72,-3.17,-3.72,8.76,-0.21,-0.18,0.73,0.78,10.08,-0.60,0.08,0.81,-0.07
47.664868,9.40,-0.87,2.84,0.82,0.01,0.41,-29.44,34.44,-54.31,4.85,-4.67,8.27,0.42,-0.23,0.63,-5.53,-6.16,5.30,-0.64,-0.42,0.44,1.18,-5.05,8.73,0.13,-0.32,0.79,-3.24,-3.71,8.75,-0.25,-0.21,0.79,0.85,10.08,-0.57,0.07,0.89,-0.06
47.685,9.40,-0.79,2.84,0.82,0.01,0.41,-29.44,34.44,-54.31,4.93,-4.64,8.27,0.46,-0.29,0.70,-5.36,-6.13,5.22,-0.69,-0.48,0.47,1.24,-5.08,8.69,0.13,-0.37,0.85,-3.07,-3.79,8.66,-0.29,-0.25,0.85,0.79,9.95,-0.48,0.06,0.97,-0.04
47.709301,9.21,-0.45,2.88,0.96,0.00,0.47,-29.44,34.44,-54.31,5.02,-4.43,8.46,0.47,-0.28,0.76,-5.27,-6.17,5.09,-0.75,-0.50,0.49,1.36,-4.93,8.79,0.13,-0.36,0.92,-2.96,-3.72,8.65,-0.32,-0.23,0.91,0.73,9.89,-0.50,0.05,1.02,-0.07
47.730926,9.13,-0.60,2.84,0.93,-0.04,0.51,-29.44,34.44,-54.31,4.85,-4.50,8.19,0.47,-0.28,0.81,-5.33,-6.11,5.15,-0.79,-0.53,0.49,1.19,-4.94,8.63,0.12,-0.36,0.97,-3.12,-3.65,8.60,-0.36,-0.22,0.95,0.82,9.88,-0.53,0.03,1.07,-0.09
47.752612,9.17,-0.75,2.77,0.93,-0.04,0.51,-30.31,32.00,-53.56,4.78,-4.64,7.82,0.50,-0.35,0.87,-5.31,-6.00,5.25,-0.83,-0.62,0.52,1.13,-4.98,8.42,0.10,-0.43,1.05,-3.09,-3.66,8.51,-0.41,-0.28,1.02,0.92,9.83,-0.48,0.01,1.17,-0.06
47.777959,9.05,-0.48,2.62,0.93,-0.04,0.51,-30.31,31.88,-53.19,4.86,-4.60,7.69,0.54,-0.45,0.95,-5.12,-5.89,5.27,-0.87,-0.73,0.57,1.27,-5.05,8.25,0.09,-0.52,1.13,-2.87,-3.80,8.30,-0.46,-0.37,1.11,0.97,9.64,-0.38,-0.01,1.28,-0.01
47.797684,9.09,-0.25,2.58,1.32,-0.08,0.48,-30.31,31.88,-53.19,4.94,-4.57,7.63,0.59,-0.50,0.99,-4.85,-5.89,5.16,-0.91,-0.79,0.62,1.31,-5.11,8.06,0.10,-0.58,1.19,-2.67,-4.01,7.98,-0.46,-0.42,1.18,0.91,9.45,-0.24,-0.01,1.36,0.02
47.819431,9.13,-0.14,2.54,1.35,-0.06,0.51,-30.31,31.88,-53.19,4.67,-4.41,7.65,0.62,-0.55,1.01,-4.66,-5.93,5.03,-0.94,-0.80,0.66,1.30,-5.22,7.90,0.13,-0.61,1.22,-2.60,-4.00,8.05,-0.42,-0.42,1.26,0.84,9.34,-0.14,0.01,1.41,0.03
47.843672,9.09,-0.21,2.43,1.35,-0.06,0.51,-31.25,29.44,-50.62,5.02,-4.59,7.50,0.68,-0.54,1.03,-4.77,-5.89,5.09,-0.97,-0.80,0.70,1.47,-5.27,7.81,0.21,-0.68,1.26,-2.42,-4.02,8.01,-0.40,-0.43,1.34,0.93,9.37,-0.19,0.05,1.44,0.02
47.865408,9.13,-0.45,2.54,1.48,0.05,0.57,-30.69,28.75,-51.56,4.94,-4.47,7.47,0.75,-0.57,1.08,-4.81,-5.86,5.13,-0.99,-0.83,0.77,1.37,-5.06,8.05,0.23,-0.70,1.31,-2.61,-3.81,8.24,-0.40,-0.41,1.44,0.93,9.43,-0.25,0.08,1.51,0.05
47.885665,9.10,-0.33,2.62,1.48,0.05,0.57,-30.69,28.75,-51.56,5.17,-4.40,7.65,0.79,-0.60,1.11,-4.93,-5.89,5.14,-1.01,-0.85,0.81,1.52,-4.98,8.21,0.24,-0.73,1.34,-2.70,-3.73,8.31,-0.41,-0.41,1.49,0.98,9.51,-0.34,0.10,1.55,0.05
47.909291,9.21,-0.10,2.88,1.52,0.07,0.59,-31.00,26.50,-47.94,5.36,-4.15,7.97,0.83,-0.61,1.13,-5.03,-5.83,5.21,-1.02,-0.85,0.85,1.72,-4.81,8.55,0.28,-0.75,1.35,-2.86,-3.61,8.55,-0.40,-0.43,1.52,1.09,9.59,-0.41,0.14,1.57,0.04
47.932336,9.29,0.09,3.19,1.52,0.07,0.59,-30.38,27.62,-48.88,5.52,-3.98,8.16,0.84,-0.61,1.14,-5.38,-5.68,5.43,-1.04,-0.84,0.88,2.04,-4.79,8.62,0.30,-0.74,1.37,-2.76,-3.39,8.92,-0.41,-0.44,1.53,1.39,9.83,-0.68,0.16,1.59,0.03
47.954252,9.29,-0.02,3.30,1.52,0.11,0.64,-30.38,27.62,-48.88,5.82,-3.88,8.23,0.87,-0.59,1.19,-5.68,-5.51,5.68,-1.08,-0.87,0.92,2.26,-4.65,8.89,0.31,-0.76,1.43,-2.74,-3.20,9.20,-0.44,-0.47,1.55,1.64,9.98,-0.86,0.17,1.65,0.04
47.977253,9.32,0.28,3.65,1.52,0.11,0.64,-31.00,23.94,-48.88,5.93,-3.68,8.35,0.89,-0.61,1.25,-5.87,-5.42,5.74,-1.12,-0.92,0.95,2.41,-4.53,9.03,0.30,-0.77,1.48,-2.48,-3.08,9.40,-0.48,-0.50,1.58,1.79,10.09,-1.02,0.17,1.72,0.05
47.998889,9.28,0.28,3.77,1.66,0.10,0.67,-31.00,23.94,-48.88,6.17,-3.46,8.61,0.90,-0.61,1.30,-6.00,-5.40,5.69,-1.16,-0.93,0.95,2.60,-4.36,9.24,0.28,-0.76,1.54,-2.22,-2.95,9.55,-0.51,-0.47,1.63,1.80,10.16,-1.16,0.16,1.76,0.03
48.020613,9.25,0.36,3.88,1.67,0.05,0.72,-31.00,23.94,-48.88,6.17,-3.37,8.72,0.89,-0.57,1.34,-6.07,-5.38,5.66,-1.20,-0.92,0.93,2.60,-4.34,9.26,0.28,-0.72,1.58,-2.35,-2.90,9.54,-0.52,-0.40,1.68,1.80,10.18,-1.24,0.16,1.77,-0.03
48.044239,9.36,0.05,3.88,1.63,0.02,0.77,-31.38,23.88,-44.56,6.04,-3.39,8.62,0.90,-0.56,1.38,-6.18,-5.29,5.67,-1.25,-0.92,0.94,2.49,-4.29,9.24,0.29,-0.71,1.60,-2.55,-2.83,9.46,-0.51,-0.38,1.75,1.84,10.17,-1.34,0.17,1.80,-0.06
48.065474,9.29,-0.10,3.84,1.63,0.02,0.77,-31.62,23.25,-45.94,5.94,-3.16,8.88,0.89,-0.57,1.42,-6.23,-5.28,5.52,-1.30,-0.94,0.96,2.49,-4.13,9.36,0.28,-0.71,1.64,-2.58,-2.67,9.47,-0.51,-0.37,1.81,1.74,10.15,-1.45,0.17,1.85,-0.08
48.086106,9.21,-0.02,4.00,1.63,0.02,0.77,-31.62,23.25,-45.94,5.66,-2.66,9.48,0.80,-0.60,1.42,-6.36,-5.39,5.32,-1.33,-0.93,0.94,2.37,-3.79,9.66,0.26,-0.67,1.66,-2.81,-2.41,9.48,-0.51,-0.33,1.83,1.56,10.22,-1.64,0.16,1.85,-0.12
48.109789,8.90,-0.18,4.19,1.59,-0.09,0.89,-31.62,23.25,-45.94,5.81,-2.95,9.13,0.70,-0.56,1.45,-6.55,-5.40,5.20,-1.34,-0.94,0.88,2.34,-3.68,9.64,0.21,-0.61,1.67,-2.99,-2.09,9.54,-0.51,-0.29,1.82,1.49,10.22,-1.84,0.12,1.82,-0.18
48.131683,8.98,-0.56,4.11,1.59,-0.09,0.89,-32.25,22.12,-43.25,5.22,-2.89,8.99,0.65,-0.59,1.48,-6.51,-5.30,5.12,-1.34,-0.96,0.85,2.02,-3.76,9.33,0.18,-0.61,1.71,-3.15,-2.08,9.41,-0.54,-0.29,1.84,1.44,10.09,-1.83,0.10,1.83,-0.20
48.153154,9.09,-0.48,4.11,1.59,-0.09,0.89,-33.44,21.25,-43.06,5.31,-2.99,8.95,0.61,-0.61,1.46,-6.37,-5.30,4.86,-1.34,-0.96,0.85,2.04,-3.68,9.33,0.19,-0.62,1.70,-3.28,-2.04,9.22,-0.54,-0.29,1.85,1.25,9.92,-1.87,0.10,1.84,-0.20
48.175796,8.90,-0.48,4.22,1.59,-0.09,0.89,-34.38,21.06,-42.31,5.31,-2.89,9.07,0.62,-0.56,1.44,-6.36,-5.35,4.61,-1.36,-0.92,0.83,1.89,-3.49,9.68,0.17,-0.57,1.69,-3.48,-1.79,9.33,-0.54,-0.27,1.81,1.07,9.89,-1.97,0.11,1.81,-0.23
48.19828,8.79,-0.71,4.26,1.56,-0.09,0.89,-34.38,21.06,-42.31,5.14,-2.92,9.05,0.62,-0.49,1.41,-6.48,-5.44,4.50,-1.35,-0.86,0.80,1.74,-3.49,9.30,0.13,-0.52,1.65,-3.85,-1.61,9.32,-0.58,-0.24,1.71,0.89,9.94,-2.10,0.11,1.76,-0.25
48.220107,8.90,-0.91,4.30,1.49,-0.09,0.88,-34.38,21.06,-42.31,4.87,-2.92,8.99,0.62,-0.48,1.38,-6.54,-5.40,4.45,-1.33,-0.84,0.79,1.32,-3.46,9.40,0.11,-0.52,1.61,-4.00,-1.68,8.98,-0.59,-0.28,1.64,0.85,9.92,-2.18,0.11,1.74,-0.23
48.24399,8.75,-0.87,4.45,1.50,-0.05,0.79,-34.38,21.06,-42.31,4.82,-2.90,9.13,0.52,-0.47,1.28,-6.65,-5.44,4.34,-1.29,-0.83,0.78,1.32,-3.19,9.74,-0.01,-0.55,1.53,-4.02,-1.75,8.72,-0.53,-0.39,1.58,0.74,9.93,-2.30,0.10,1.70,-0.19
48.265353,8.83,-1.02,4.49,1.50,-0.05,0.79,-34.12,20.44,-39.69,4.73,-2.81,9.27,0.49,-0.45,1.25,-6.66,-5.44,4.20,-1.26,-0.81,0.78,1.34,-3.39,9.53,-0.05,-0.52,1.48,-4.06,-1.63,8.76,-0.45,-0.46,1.52,0.64,9.91,-2.38,0.11,1.67,-0.16
48.285989,8.75,-1.02,4.53,1.50,-0.05,0.79,-34.12,20.44,-39.69,4.72,-2.80,9.28,0.49,-0.46,1.24,-6.71,-5.48,4.10,-1.21,-0.78,0.76,1.27,-3.22,9.57,-0.06,-0.49,1.45,-4.03,-1.35,9.10,-0.40,-0.50,1.46,0.58,9.89,-2.42,0.11,1.61,-0.14
48.309695,8.41,-1.17,4.38,1.37,-0.03,0.71,-34.12,20.44,-39.69,4.61,-2.76,9.28,0.50,-0.48,1.23,-6.83,-5.53,4.04,-1.17,-0.76,0.72,1.13,-3.06,9.57,-0.06,-0.49,1.42,-3.85,-0.99,9.52,-0.47,-0.45,1.37,0.55,9.96,-2.55,0.08,1.55,-0.13
48.331569,8.48,-1.29,4.49,1.32,-0.09,0.65,-34.12,20.44,-39.69,4.53,-2.92,9.18,0.52,-0.49,1.23,-6.79,-5.55,3.89,-1.13,-0.75,0.67,1.18,-3.23,9.40,-0.01,-0.50,1.40,-3.86,-1.17,9.13,-0.51,-0.40,1.32,0.39,9.88,-2.57,0.05,1.49,-0.14
48.353287,8.67,-1.29,4.57,1.32,-0.09,0.65,-35.62,20.31,-37.44,4.44,-2.88,9.41,0.53,-0.46,1.20,-6.72,-5.55,3.79,-1.08,-0.71,0.63,1.06,-3.32,9.45,0.02,-0.45,1.36,-3.95,-1.31,8.88,-0.48,-0.33,1.28,0.32,9.81,-2.54,0.05,1.42,-0.14
48.376021,8.60,-1.44,4.45,1.32,-0.09,0.65,-35.31,19.94,-36.00,4.36,-2.92,9.49,0.49,-0.39,1.17,-6.74,-5.64,3.74,-1.03,-0.69,0.61,0.97,-3.37,9.45,0.01,-0.37,1.34,-4.07,-1.45,8.59,-0.42,-0.32,1.25,0.24,9.85,-2.52,0.05,1.36,-0.12
48.397521,8.71,-1.55,4.38,1.14,-0.05,0.57,-35.31,19.94,-36.00,3.97,-3.04,9.38,0.44,-0.33,1.10,-6.65,-5.73,3.65,-0.98,-0.66,0.59,0.70,-3.33,9.42,0.02,-0.32,1.31,-4.11,-1.12,9.17,-0.38,-0.30,1.20,0.12,9.83,-2.48,0.05,1.30,-0.12
48.419092,8.55,-1.40,4.38,1.09,-0.04,0.55,-35.31,19.94,-36.00,4.02,-2.97,9.55,0.42,-0.34,1.04,-6.75,-5.88,3.66,-0.93,-0.61,0.52,0.50,-3.10,9.65,0.04,-0.31,1.25,-4.25,-1.10,9.05,-0.42,-0.24,1.09,0.03,9.98,-2.51,0.02,1.21,-0.14
48.443084,8.52,-1.48,4.38,1.09,-0.04,0.55,-36.25,20.06,-34.56,3.79,-3.17,9.38,0.38,-0.35,0.95,-6.73,-5.92,3.67,-0.86,-0.58,0.43,0.23,-3.23,9.55,0.03,-0.30,1.16,-4.34,-1.23,8.94,-0.43,-0.20,1.00,0.02,9.96,-2.43,-0.03,1.10,-0.15
48.464882,8.75,-1.63,4.30,0.89,-0.13,0.40,-36.25,21.00,-34.75,3.79,-3.42,9.12,0.39,-0.38,0.87,-6.61,-5.88,3.77,-0.79,-0.58,0.41,0.30,-3.62,9.23,0.02,-0.30,1.08,-4.29,-1.59,8.57,-0.39,-0.22,0.96,0.10,9.89,-2.28,-0.04,1.05,-0.10
48.485344,8.87,-1.63,4.22,0.89,-0.13,0.40,-36.25,21.00,-34.75,3.98,-3.52,9.02,0.41,-0.41,0.81,-6.49,-5.73,3.94,-0.74,-0.58,0.42,0.44,-3.78,9.04,0.05,-0.32,1.04,-4.06,-1.69,8.66,-0.32,-0.29,0.96,0.30,9.83,-2.16,-0.04,1.03,-0.05
48.509102,8.75,-1.17,4.19,0.90,-0.04,0.33,-36.56,20.06,-32.81,4.25,-3.35,9.17,0.42,-0.41,0.76,-6.35,-5.75,4.00,-0.71,-0.56,0.43,0.59,-3.60,9.31,0.09,-0.34,0.99,-3.91,-1.47,9.10,-0.34,-0.28,0.89,0.35,9.81,-2.07,-0.02,1.00,-0.03
48.531559,8.52,-0.91,4.26,0.90,-0.04,0.33,-36.56,20.06,-32.81,4.44,-3.26,9.35,0.36,-0.37,0.72,-6.36,-5.79,4.00,-0.68,-0.51,0.38,0.68,-3.42,9.71,0.07,-0.30,0.92,-3.77,-1.48,9.06,-0.33,-0.22,0.82,0.35,9.84,-2.09,-0.04,0.92,-0.05
48.553172,8.75,-1.13,4.30,0.68,-0.10,0.33,-36.56,20.06,-32.81,4.46,-3.44,9.15,0.33,-0.32,0.70,-6.34,-5.77,4.01,-0.64,-0.45,0.33,0.61,-3.67,9.31,0.05,-0.23,0.86,-3.78,-1.67,8.83,-0.31,-0.17,0.76,0.34,9.82,-2.07,-0.04,0.83,-0.08
48.576103,8.90,-1.29,4.34,0.68,-0.10,0.33,-37.69,20.88,-34.31,4.19,-3.55,8.99,0.33,-0.28,0.63,-6.34,-5.71,4.01,-0.60,-0.39,0.32,0.37,-3.64,9.38,0.07,-0.23,0.78,-3.82,-1.73,8.73,-0.24,-0.16,0.71,0.36,9.78,-2.07,-0.01,0.76,-0.08
48.597787,8.75,-1.40,4.42,0.62,-0.00,0.31,-37.69,20.88,-34.31,4.20,-3.43,9.28,0.32,-0.25,0.55,-6.48,-5.79,3.96,-0.56,-0.34,0.31,0.41,-3.52,9.55,0.05,-0.21,0.71,-4.00,-1.41,9.11,-0.19,-0.14,0.67,0.27,9.91,-2.20,0.01,0.71,-0.07
48.61948,8.64,-1.40,4.42,0.56,0.01,0.30,-37.69,20.88,-34.31,4.15,-3.32,9.47,0.28,-0.21,0.50,-6.71,-5.91,3.93,-0.52,-0.31,0.26,0.34,-3.37,9.69,0.03,-0.18,0.65,-4.11,-1.24,9.19,-0.20,-0.11,0.59,0.21,10.08,-2.34,-0.01,0.65,-0.08
48.643446,8.63,-1.52,4.42,0.49,-0.05,0.26,-36.88,21.12,-33.31,4.02,-3.36,9.35,0.22,-0.22,0.46,-6.74,-5.88,3.94,-0.47,-0.31,0.21,0.28,-3.39,9.66,-0.01,-0.17,0.58,-4.24,-1.23,9.10,-0.22,-0.11,0.51,0.22,10.06,-2.37,-0.05,0.59,-0.06
48.664742,8.71,-1.55,4.38,0.49,-0.05,0.26,-36.88,20.38,-32.12,4.03,-3.44,9.22,0.20,-0.23,0.42,-6.60,-5.76,3.92,-0.42,-0.32,0.19,0.26,-3.50,9.42,-0.03,-0.18,0.53,-4.06,-1.41,8.90,-0.22,-0.13,0.46,0.24,9.89,-2.29,-0.07,0.55,-0.03
48.685386,8.71,-1.44,4.38,0.49,-0.05,0.26,-36.88,20.38,-32.12,4.13,-3.38,9.29,0.20,-0.21,0.38,-6.41,-5.74,3.81,-0.38,-0.29,0.18,0.26,-3.50,9.39,-0.01,-0.19,0.47,-3.97,-1.41,8.92,-0.20,-0.11,0.41,0.19,9.77,-2.22,-0.06,0.51,-0.02
48.709484,8.55,-1.36,4.38,0.31,-0.02,0.14,-36.88,20.38,-32.12,3.99,-3.24,9.46,0.18,-0.14,0.34,-6.44,-5.81,3.77,-0.34,-0.23,0.14,0.23,-3.40,9.51,0.01,-0.16,0.38,-4.04,-1.33,8.93,-0.17,-0.07,0.34,0.14,9.82,-2.26,-0.06,0.43,-0.03
48.731269,8.56,-1.44,4.38,0.31,-0.02,0.14,-37.44,18.69,-30.75,3.90,-3.30,9.37,0.11,-0.11,0.28,-6.51,-5.90,3.73,-0.29,-0.18,0.10,0.23,-3.37,9.59,-0.01,-0.11,0.30,-4.14,-1.33,8.89,-0.16,-0.05,0.26,0.07,9.87,-2.28,-0.07,0.34,-0.04
48.75303,8.63,-1.52,4.38,0.31,-0.02,0.14,-37.44,19.62,-30.88,3.83,-3.43,9.21,0.08,-0.10,0.21,-6.52,-5.85,3.75,-0.23,-0.15,0.07,0.13,-3.46,9.46,-0.03,-0.09,0.24,-4.13,-1.44,8.78,-0.12,-0.05,0.20,0.11,9.86,-2.27,-0.07,0.27,-0.02
48.775926,8.75,-1.55,4.42,0.31,-0.02,0.14,-36.56,19.00,-32.25,3.86,-3.45,9.20,0.08,-0.09,0.13,-6.51,-5.82,3.76,-0.17,-0.12,0.06,0.13,-3.49,9.38,-0.03,-0.08,0.17,-4.11,-1.40,8.84,-0.07,-0.05,0.15,0.13,9.84,-2.29,-0.05,0.22,0.01
48.797409,8.68,-1.52,4.42,0.14,0.03,0.00,-36.56,19.00,-32.25,3.92,-3.38,9.31,0.07,-0.07,0.06,-6.55,-5.83,3.78,-0.12,-0.08,0.04,0.18,-3.39,9.50,-0.03,-0.07,0.11,-4.11,-1.31,8.93,-0.06,-0.04,0.09,0.13,9.87,-2.31,-0.05,0.15,0.02
48.819486,8.63,-1.48,4.42,0.14,0.03,0.00,-36.56,19.00,-32.25,3.93,-3.33,9.40,0.03,-0.05,0.00,-6.56,-5.88,3.80,-0.07,-0.05,-0.00,0.20,-3.38,9.58,-0.04,-0.06,0.04,-4.18,-1.31,8.96,-0.05,-0.03,0.02,0.13,9.92,-2.29,-0.07,0.08,0.03
48.843297,8.79,-1.48,4.38,-0.06,0.00,-0.09,-36.56,19.00,-32.25,3.96,-3.38,9.39,-0.01,-0.03,-0.07,-6.55,-5.87,3.83,-0.02,-0.01,-0.04,0.21,-3.47,9.52,-0.05,-0.03,-0.04,-4.13,-1.43,8.90,-0.02,-0.02,-0.05,0.16,9.92,-2.25,-0.08,0.01,0.03
48.86316,8.79,-1.48,4.38,-0.11,0.02,-0.12,-36.56,19.00,-32.25,4.02,-3.44,9.31,-0.03,-0.01,-0.11,-6.54,-5.84,3.90,0.03,0.01,-0.05,0.29,-3.51,9.51,-0.05,-0.01,-0.09,-3.99,-1.47,8.90,0.01,-0.02,-0.10,0.20,9.93,-2.22,-0.08,-0.04,0.05
48.885108,8.75,-1.32,4.38,-0.11,0.02,-0.12,-36.88,19.88,-32.06,4.12,-3.49,9.23,-0.05,0.01,-0.17,-6.49,-5.79,4.01,0.07,0.04,-0.07,0.36,-3.57,9.47,-0.06,0.01,-0.15,-3.92,-1.49,8.97,0.05,-0.01,-0.14,0.32,9.92,-2.15,-0.08,-0.10,0.07
48.909711,8.71,-1.13,4.26,-0.18,0.03,-0.16,-36.88,19.88,-32.06,4.26,-3.50,9.19,-0.07,0.03,-0.21,-6.43,-5.77,4.10,0.11,0.07,-0.10,0.50,-3.62,9.42,-0.06,0.02,-0.20,-3.82,-1.52,9.04,0.06,-0.01,-0.20,0.44,9.93,-2.06,-0.08,-0.15,0.07
48.932295,8.75,-1.02,4.30,-0.22,0.03,-0.17,-36.88,19.88,-32.06,4.40,-3.52,9.15,-0.11,0.05,-0.25,-6.43,-5.70,4.29,0.14,0.10,-0.13,0.65,-3.69,9.48,-0.07,0.04,-0.24,-3.70,-1.56,9.12,0.06,-0.00,-0.25,0.61,9.96,-2.00,-0.09,-0.20,0.06
48.953913,8.79,-1.02,4.22,-0.22,0.03,-0.17,-36.56,19.81,-31.69,4.52,-3.68,8.94,-0.13,0.05,-0.27,-6.41,-5.66,4.47,0.16,0.10,-0.14,0.78,-3.89,9.34,-0.09,0.05,-0.27,-3.53,-1.71,9.12,0.06,0.01,-0.26,0.74,9.98,-1.90,-0.11,-0.21,0.07
48.977069,8.94,-0.91,4.03,-0.22,0.03,-0.17,-36.88,18.94,-31.88,4.65,-3.83,8.81,-0.12,0.03,-0.28,-6.23,-5.67,4.56,0.17,0.09,-0.15,0.83,-4.08,9.20,-0.08,0.03,-0.28,-3.34,-1.98,8.97,0.08,-0.00,-0.26,0.79,9.92,-1.71,-0.11,-0.22,0.09
48.99926,9.02,-0.79,4.03,-0.21,0.02,-0.20,-36.88,18.94,-31.88,4.82,-3.93,8.80,-0.11,0.06,-0.29,-6.03,-5.69,4.58,0.17,0.12,-0.15,0.97,-4.27,9.07,-0.06,0.05,-0.29,-3.25,-2.12,8.99,0.14,0.00,-0.24,0.79,9.84,-1.54,-0.08,-0.24,0.07
49.020714,9.10,-0.71,3.96,-0.25,0.04,-0.17,-36.88,18.94,-31.88,4.84,-3.88,8.88,-0.11,0.10,-0.31,-6.02,-5.70,4.63,0.17,0.18,-0.15,0.82,-4.18,9.22,-0.04,0.06,-0.32,-3.19,-2.17,8.94,0.20,0.02,-0.24,0.86,9.90,-1.54,-0.05,-0.27,0.03
49.044599,9.02,-0.79,4.00,-0.25,0.04,-0.17,-36.56,18.88,-31.56,4.91,-3.98,8.65,-0.13,0.14,-0.33,-6.14,-5.64,4.76,0.15,0.21,-0.16,1.03,-4.21,9.14,-0.02,0.05,-0.37,-3.33,-1.73,9.61,0.20,0.06,-0.25,0.96,9.96,-1.61,-0.04,-0.29,0.00
49.067255,8.94,-0.83,4.15,-0.25,0.04,-0.17,-36.81,18.62,-32.19,4.97,-3.89,8.72,-0.11,0.14,-0.31,-6.21,-5.56,4.79,0.14,0.22,-0.16,1.26,-4.20,9.11,0.01,0.04,-0.34,-3.17,-1.87,9.32,0.15,0.08,-0.27,1.03,9.94,-1.66,-0.03,-0.28,-0.01
49.089094,8.94,-0.68,4.30,-0.29,0.06,-0.08,-36.81,18.44,-33.19,4.95,-3.69,8.90,-0.11,0.17,-0.31,-6.16,-5.51,4.64,0.13,0.25,-0.16,1.29,-4.05,9.32,0.03,0.07,-0.35,-3.10,-1.87,9.15,0.16,0.12,-0.27,0.96,9.84,-1.72,-0.01,-0.30,-0.03
49.10904,8.87,-0.71,4.38,-0.29,0.06,-0.08,-36.81,18.44,-33.19,4.91,-3.63,8.93,-0.11,0.22,-0.33,-6.24,-5.48,4.52,0.13,0.30,-0.16,1.31,-4.00,9.23,0.04,0.15,-0.35,-3.16,-1.73,9.16,0.21,0.16,-0.27,0.91,9.82,-1.87,0.01,-0.33,-0.05
49.133477,8.71,-0.94,4.57,-0.42,0.10,-0.04,-36.88,19.31,-33.38,4.68,-3.41,9.05,-0.11,0.26,-0.37,-6.46,-5.43,4.44,0.14,0.35,-0.17,1.05,-3.62,9.55,0.04,0.17,-0.38,-3.41,-1.44,9.19,0.25,0.18,-0.28,0.89,9.90,-2.11,0.04,-0.37,-0.06
49.155215,8.59,-1.17,4.57,-0.43,0.11,-0.05,-36.88,19.31,-33.38,4.61,-3.39,9.09,-0.12,0.27,-0.38,-6.67,-5.43,4.32,0.15,0.36,-0.18,1.07,-3.56,9.38,0.03,0.19,-0.39,-3.58,-1.18,9.29,0.25,0.18,-0.31,0.80,9.94,-2.33,0.03,-0.38,-0.06
49.176859,8.59,-1.36,4.68,-0.43,0.09,-0.07,-36.88,19.31,-33.38,4.40,-3.26,9.31,-0.12,0.28,-0.38,-6.74,-5.50,4.06,0.16,0.37,-0.19,0.89,-3.40,9.56,0.04,0.20,-0.39,-3.73,-1.15,9.09,0.27,0.17,-0.33,0.57,9.92,-2.45,0.03,-0.40,-0.06
49.201018,8.64,-1.48,4.84,-0.43,0.09,-0.07,-35.94,20.44,-34.25,4.17,-3.03,9.68,-0.16,0.32,-0.43,-6.81,-5.66,3.76,0.20,0.41,-0.21,0.67,-3.15,9.79,0.01,0.26,-0.45,-4.02,-1.02,8.93,0.34,0.18,-0.37,0.28,9.94,-2.61,0.05,-0.47,-0.08
49.221349,8.59,-1.59,4.88,-0.43,0.09,-0.07,-35.94,20.44,-34.25,4.04,-2.96,9.81,-0.21,0.37,-0.49,-6.98,-5.77,3.54,0.25,0.48,-0.26,0.53,-2.94,10.01,-0.01,0.32,-0.52,-4.27,-0.60,9.38,0.37,0.21,-0.44,0.09,10.04,-2.79,0.04,-0.57,-0.11
49.24279,8.48,-1.67,4.99,-0.68,0.11,-0.14,-35.94,20.44,-34.25,3.88,-2.98,9.85,-0.26,0.42,-0.56,-7.22,-5.79,3.49,0.30,0.53,-0.33,0.49,-2.92,9.98,-0.01,0.38,-0.58,-4.41,-0.49,9.32,0.35,0.24,-0.56,0.02,10.14,-2.99,0.03,-0.67,-0.14
49.26831,8.63,-2.13,4.95,-0.78,0.06,-0.22,-35.94,20.06,-32.81,3.72,-3.02,9.85,-0.28,0.42,-0.62,-7.30,-5.73,3.47,0.35,0.56,-0.38,0.27,-2.91,9.96,-0.03,0.40,-0.64,-4.46,-0.54,9.12,0.36,0.25,-0.62,-0.03,10.14,-3.04,0.00,-0.73,-0.11
49.290096,8.48,-1.86,4.84,-0.78,0.06,-0.22,-35.94,20.06,-32.81,3.58,-2.83,10.08,-0.34,0.41,-0.68,-7.32,-5.96,3.39,0.42,0.55,-0.42,0.03,-2.63,10.28,-0.07,0.41,-0.71,-4.81,-0.33,9.30,0.38,0.23,-0.69,-0.21,10.21,-3.04,-0.04,-0.79,-0.06
49.313591,8.48,-1.86,4.72,-0.90,0.01,-0.38,-35.94,20.06,-32.81,3.58,-2.88,10.04,-0.43,0.41,-0.74,-7.31,-6.03,3.39,0.51,0.55,-0.50,0.06,-2.72,10.18,-0.14,0.43,-0.80,-4.83,-0.30,9.37,0.33,0.23,-0.83,-0.23,10.24,-3.00,-0.11,-0.88,-0.02
49.334411,8.71,-1.82,4.64,-0.90,0.01,-0.38,-35.62,20.81,-35.75,3.62,-3.00,9.88,-0.51,0.40,-0.82,-7.18,-6.03,3.40,0.59,0.56,-0.56,0.15,-2.91,10.02,-0.21,0.43,-0.91,-4.73,-0.49,9.23,0.31,0.22,-0.94,-0.22,10.17,-2.89,-0.17,-0.97,0.02
49.356118,8.75,-1.75,4.61,-1.03,-0.04,-0.51,-35.62,20.81,-35.75,3.75,-3.11,9.71,-0.56,0.40,-0.90,-7.09,-5.98,3.48,0.66,0.58,-0.62,0.26,-3.08,9.79,-0.23,0.43,-0.99,-4.56,-0.68,9.13,0.31,0.22,-1.04,-0.11,10.14,-2.77,-0.20,-1.05,0.04
49.377444,8.75,-1.63,4.57,-1.08,-0.03,-0.55,-35.62,20.81,-35.75,4.00,-3.25,9.53,-0.60,0.40,-0.96,-7.00,-5.94,3.60,0.73,0.60,-0.66,0.46,-3.12,9.85,-0.24,0.43,-1.07,-4.41,-0.72,9.18,0.32,0.22,-1.11,0.02,10.11,-2.67,-0.22,-1.12,0.06
49.402129,8.68,-1.48,4.38,-1.13,-0.03,-0.60,-35.94,22.12,-37.44,4.20,-3.29,9.39,-0.64,0.41,-1.00,-6.91,-5.80,3.81,0.78,0.60,-0.70,0.70,-3.22,9.78,-0.28,0.46,-1.11,-4.10,-0.75,9.33,0.28,0.22,-1.20,0.24,10.06,-2.55,-0.26,-1.18,0.07
49.424836,8.68,-1.32,4.26,-1.18,-0.09,-0.65,-35.94,22.12,-37.44,4.33,-3.31,9.26,-0.68,0.42,-1.02,-6.73,-5.76,3.90,0.82,0.60,-0.75,0.78,-3.38,9.49,-0.31,0.49,-1.14,-3.94,-0.97,9.14,0.26,0.23,-1.26,0.32,9.97,-2.38,-0.29,-1.22,0.07
49.445226,8.75,-1.13,4.22,-1.18,-0.09,-0.65,-35.00,22.12,-37.44,4.41,-3.41,9.03,-0.70,0.44,-1.05,-6.49,-5.70,3.98,0.85,0.62,-0.77,0.95,-3.61,9.26,-0.29,0.50,-1.18,-3.79,-1.28,8.89,0.29,0.23,-1.30,0.40,9.81,-2.17,-0.30,-1.26,0.08
49.468933,8.87,-0.91,4.03,-1.26,-0.05,-0.67,-35.00,22.12,-37.44,4.44,-3.49,8.84,-0.71,0.46,-1.11,-6.25,-5.70,4.05,0.88,0.67,-0.79,0.92,-3.72,9.17,-0.28,0.53,-1.24,-3.64,-1.47,8.81,0.35,0.23,-1.34,0.45,9.73,-1.96,-0.28,-1.32,0.09
49.490687,8.87,-0.79,3.96,-1.26,-0.05,-0.67,-35.00,20.31,-37.56,4.63,-3.47,8.82,-0.73,0.49,-1.18,-6.19,-5.66,4.16,0.92,0.72,-0.80,1.10,-3.68,9.29,-0.30,0.56,-1.30,-3.52,-1.39,9.06,0.38,0.25,-1.38,0.58,9.74,-1.90,-0.26,-1.39,0.09
49.511923,8.75,-0.71,3.96,-1.26,-0.05,-0.67,-35.31,21.06,-38.69,4.90,-3.49,8.79,-0.75,0.53,-1.22,-6.28,-5.53,4.36,0.94,0.76,-0.83,1.45,-3.80,9.18,-0.33,0.60,-1.34,-3.31,-1.40,9.15,0.39,0.28,-1.42,0.80,9.81,-1.93,-0.26,-1.43,0.07
49.53476,8.83,-0.79,4.11,-1.26,-0.05,-0.67,-34.69,20.88,-41.50,5.02,-3.56,8.66,-0.75,0.56,-1.22,-6.27,-5.43,4.47,0.94,0.78,-0.84,1.49,-3.90,9.03,-0.31,0.62,-1.33,-3.18,-1.49,9.10,0.39,0.30,-1.44,0.91,9.78,-1.91,-0.25,-1.44,0.05
49.557476,8.83,-0.68,4.03,-1.39,-0.02,-0.65,-34.69,20.88,-41.50,4.95,-3.56,8.54,-0.74,0.57,-1.22,-6.22,-5.42,4.48,0.94,0.80,-0.83,1.43,-3.89,9.02,-0.27,0.63,-1.34,-3.22,-1.54,9.05,0.43,0.30,-1.43,0.92,9.73,-1.86,-0.23,-1.45,0.04
49.579128,8.79,-0.56,4.00,-1.39,-0.00,-0.66,-34.69,20.88,-41.50,4.99,-3.50,8.59,-0.73,0.58,-1.24,-6.16,-5.43,4.47,0.96,0.82,-0.83,1.48,-3.86,9.06,-0.26,0.65,-1.36,-3.16,-1.57,9.01,0.46,0.30,-1.44,0.91,9.68,-1.80,-0.21,-1.49,0.04
49.603114,8.71,-0.52,3.96,-1.50,0.03,-0.65,-34.69,20.88,-41.50,5.04,-3.46,8.66,-0.75,0.63,-1.28,-6.15,-5.42,4.49,0.98,0.87,-0.84,1.59,-3.84,9.15,-0.27,0.69,-1.39,-3.14,-1.47,9.19,0.47,0.34,-1.48,0.95,9.72,-1.82,-0.20,-1.53,0.03
49.624406,8.83,-0.68,3.92,-1.50,0.03,-0.65,-34.38,21.50,-42.44,5.01,-3.60,8.52,-0.76,0.66,-1.31,-6.24,-5.46,4.57,0.98,0.89,-0.86,1.49,-3.92,9.06,-0.27,0.72,-1.41,-3.22,-1.54,9.15,0.47,0.36,-1.51,0.96,9.82,-1.80,-0.20,-1.55,0.02
49.644786,8.94,-0.79,3.80,-1.50,0.03,-0.65,-34.38,21.50,-42.44,4.92,-3.74,8.40,-0.74,0.64,-1.32,-6.17,-5.53,4.58,0.99,0.89,-0.86,1.32,-4.06,8.89,-0.26,0.70,-1.41,-3.31,-1.72,9.00,0.48,0.33,-1.51,0.91,9.80,-1.69,-0.20,-1.55,0.04
49.66879,8.98,-0.60,3.61,-1.46,0.06,-0.69,-34.38,21.50,-42.44,5.00,-3.74,8.53,-0.72,0.63,-1.33,-6.00,-5.63,4.52,1.01,0.90,-0.84,1.37,-4.09,9.00,-0.24,0.68,-1.43,-3.27,-1.81,8.96,0.53,0.30,-1.50,0.81,9.75,-1.57,-0.18,-1.56,0.05
49.690726,8.90,-0.60,3.61,-1.51,0.07,-0.68,-34.38,21.50,-42.44,5.05,-3.68,8.78,-0.75,0.66,-1.34,-5.98,-5.81,4.43,1.02,0.93,-0.86,1.42,-4.06,9.18,-0.25,0.73,-1.46,-3.33,-1.75,9.11,0.55,0.34,-1.53,0.64,9.84,-1.55,-0.17,-1.60,0.02
49.715279,8.94,-0.64,3.61,-1.51,0.07,-0.68,-32.81,24.50,-45.38,4.92,-3.77,8.83,-0.80,0.71,-1.37,-6.11,-6.00,4.40,1.03,0.98,-0.92,1.23,-4.08,9.27,-0.27,0.79,-1.49,-3.58,-1.73,9.14,0.55,0.39,-1.58,0.53,10.01,-1.57,-0.19,-1.66,-0.02
49.73562,9.21,-1.10,3.42,-1.51,0.07,-0.68,-33.12,25.12,-44.12,4.67,-3.99,8.58,-0.83,0.71,-1.40,-6.22,-6.07,4.50,1.06,0.98,-0.95,0.91,-4.22,9.11,-0.30,0.78,-1.52,-3.84,-1.84,9.07,0.54,0.38,-1.62,0.51,10.11,-1.53,-0.21,-1.68,-0.01
49.757505,9.28,-1.02,3.38,-1.62,0.00,-0.75,-33.12,25.12,-44.12,4.75,-4.06,8.51,-0.83,0.65,-1.42,-6.19,-6.07,4.62,1.10,0.94,-0.94,1.02,-4.29,9.09,-0.31,0.73,-1.55,-3.71,-1.90,9.13,0.53,0.32,-1.63,0.60,10.13,-1.47,-0.23,-1.69,0.04
49.779348,9.21,-0.75,3.38,-1.57,0.02,-0.81,-33.12,25.12,-44.12,5.07,-3.99,8.57,-0.84,0.62,-1.43,-6.06,-5.99,4.72,1.12,0.91,-0.95,1.37,-4.36,9.11,-0.33,0.72,-1.56,-3.45,-1.88,9.33,0.51,0.29,-1.66,0.75,10.07,-1.36,-0.26,-1.70,0.07
49.803699,9.13,-0.29,3.38,-1.57,0.02,-0.81,-31.94,25.62,-46.31,5.41,-3.93,8.62,-0.89,0.64,-1.42,-6.00,-5.89,4.85,1.13,0.92,-0.99,1.73,-4.41,9.15,-0.37,0.74,-1.56,-3.15,-1.96,9.38,0.46,0.33,-1.70,0.94,10.05,-1.30,-0.29,-1.72,0.05
49.826218,9.28,-0.33,3.38,-1.57,0.02,-0.81,-32.19,26.19,-46.81,5.44,-4.09,8.33,-0.92,0.65,-1.41,-5.96,-5.81,5.05,1.12,0.92,-1.01,1.75,-4.57,9.01,-0.39,0.77,-1.56,-3.01,-2.12,9.36,0.44,0.35,-1.71,1.09,10.07,-1.20,-0.31,-1.71,0.04
49.848966,9.28,-0.33,3.38,-1.57,0.02,-0.81,-32.19,26.19,-46.81,5.49,-4.29,8.04,-0.91,0.63,-1.41,-5.86,-5.76,5.25,1.11,0.90,-1.01,1.77,-4.80,8.78,-0.40,0.75,-1.54,-2.88,-2.37,9.28,0.44,0.33,-1.68,1.26,10.03,-1.03,-0.31,-1.69,0.04
49.86802,9.44,-0.14,3.15,-1.53,-0.07,-0.78,-32.19,26.19,-46.81,5.69,-4.36,8.01,-0.88,0.60,-1.39,-5.70,-5.69,5.37,1.09,0.88,-0.98,1.92,-4.94,8.72,-0.39,0.72,-1.52,-2.73,-2.49,9.36,0.43,0.32,-1.65,1.37,9.98,-0.88,-0.30,-1.66,0.05
49.888135,9.40,0.05,3.07,-1.53,-0.07,-0.78,-32.19,26.19,-46.81,5.90,-4.35,8.09,-0.87,0.60,-1.36,-5.60,-5.74,5.45,1.06,0.87,-0.97,2.13,-4.98,8.75,-0.38,0.73,-1.48,-2.63,-2.53,9.42,0.42,0.33,-1.63,1.41,9.99,-0.77,-0.30,-1.63,0.03
49.913268,9.28,0.13,2.96,-1.53,-0.09,-0.69,-31.88,28.19,-49.25,5.91,-4.54,7.86,-0.87,0.63,-1.30,-5.46,-5.74,5.53,1.01,0.85,-0.98,2.15,-5.18,8.55,-0.38,0.75,-1.42,-2.50,-2.72,9.31,0.39,0.36,-1.59,1.45,9.92,-0.60,-0.31,-1.60,-0.01
49.935136,9.36,0.02,2.88,-1.53,-0.09,-0.69,-31.31,27.62,-48.88,5.79,-4.87,7.47,-0.84,0.63,-1.25,-5.20,-5.76,5.57,0.96,0.84,-0.95,1.95,-5.46,8.22,-0.35,0.74,-1.36,-2.47,-3.05,9.05,0.39,0.36,-1.52,1.40,9.79,-0.35,-0.29,-1.53,-0.02
49.956798,9.52,-0.10,2.73,-1.53,-0.09,-0.69,-31.56,28.94,-48.69,5.71,-4.99,7.40,-0.78,0.61,-1.21,-5.00,-5.91,5.52,0.91,0.82,-0.90,1.81,-5.55,8.16,-0.32,0.71,-1.31,-2.54,-3.20,8.95,0.38,0.36,-1.46,1.24,9.74,-0.18,-0.26,-1.47,-0.01
49.980794,9.40,0.05,2.58,-1.34,-0.05,-0.55,-30.94,29.62,-51.38,5.66,-5.01,7.44,-0.74,0.60,-1.17,-4.90,-6.05,5.52,0.88,0.81,-0.86,1.75,-5.55,8.20,-0.31,0.70,-1.26,-2.64,-3.21,8.99,0.36,0.37,-1.40,1.19,9.77,-0.06,-0.25,-1.43,-0.01
50.001887,9.36,-0.02,2.35,-1.34,-0.05,-0.55,-30.94,29.62,-51.38,5.67,-5.15,7.33,-0.72,0.58,-1.11,-4.83,-6.04,5.64,0.83,0.77,-0.84,1.76,-5.72,8.04,-0.31,0.68,-1.20,-2.59,-3.36,8.88,0.33,0.36,-1.35,1.24,9.76,0.09,-0.25,-1.36,-0.02
50.024376,9.44,-0.02,2.23,-1.29,-0.08,-0.53,-30.94,29.62,-51.38,5.63,-5.34,7.15,-0.67,0.55,-1.03,-4.67,-6.12,5.64,0.78,0.72,-0.80,1.68,-5.90,7.87,-0.29,0.65,-1.13,-2.55,-3.59,8.69,0.31,0.35,-1.28,1.18,9.68,0.25,-0.24,-1.28,-0.02
50.048607,9.64,-0.06,2.04,-1.13,-0.05,-0.47,-30.94,29.62,-51.38,5.51,-5.57,6.94,-0.62,0.52,-0.97,-4.44,-6.16,5.63,0.72,0.68,-0.73,1.55,-6.15,7.57,-0.23,0.61,-1.05,-2.55,-3.89,8.45,0.34,0.31,-1.17,1.12,9.58,0.47,-0.21,-1.19,-0.02
50.070662,9.60,0.02,1.89,-1.04,0.00,-0.44,-30.94,29.62,-51.38,5.46,-5.70,6.76,-0.54,0.46,-0.91,-4.33,-6.16,5.76,0.67,0.64,-0.65,1.49,-6.16,7.64,-0.19,0.53,-0.99,-2.58,-3.82,8.66,0.33,0.26,-1.08,1.19,9.57,0.59,-0.18,-1.10,-0.00
50.092358,9.36,0.05,1.77,-1.04,0.00,-0.44,-31.25,33.94,-52.12,5.56,-5.66,6.83,-0.48,0.41,-0.84,-4.32,-6.18,5.87,0.62,0.57,-0.60,1.64,-6.16,7.66,-0.19,0.47,-0.90,-2.50,-3.82,8.72,0.26,0.23,-1.01,1.25,9.62,0.65,-0.18,-0.99,0.01
50.115413,9.44,0.21,1.77,-1.04,0.00,-0.44,-31.25,33.25,-53.06,5.60,-5.75,6.82,-0.44,0.36,-0.76,-4.16,-6.22,5.84,0.55,0.50,-0.54,1.64,-6.31,7.54,-0.19,0.43,-0.81,-2.38,-4.11,8.44,0.21,0.22,-0.93,1.20,9.54,0.78,-0.17,-0.89,0.02
50.136974,9.64,0.09,1.77,-0.77,-0.02,-0.35,-31.25,33.25,-53.06,5.53,-5.89,6.71,-0.38,0.34,-0.68,-4.01,-6.23,5.79,0.50,0.47,-0.48,1.53,-6.48,7.34,-0.14,0.39,-0.72,-2.36,-4.32,8.27,0.24,0.19,-0.81,1.18,9.45,0.89,-0.14,-0.80,0.02
50.158563,9.66,0.13,1.73,-0.70,0.03,-0.30,-31.25,33.25,-53.06,5.52,-5.97,6.62,-0.30,0.31,-0.62,-3.94,-6.19,5.88,0.43,0.43,-0.38,1.53,-6.54,7.30,-0.08,0.33,-0.65,-2.36,-4.35,8.33,0.26,0.16,-0.69,1.22,9.43,0.96,-0.09,-0.69,0.04
50.182386,9.52,0.17,1.66,-0.70,0.03,-0.30,-30.62,32.56,-52.25,5.60,-5.94,6.73,-0.23,0.28,-0.54,-3.95,-6.27,5.83,0.36,0.40,-0.29,1.66,-6.51,7.33,-0.01,0.28,-0.55,-2.35,-4.27,8.44,0.23,0.14,-0.58,1.17,9.47,0.94,-0.04,-0.58,0.04
50.203763,9.56,0.13,1.81,-0.70,0.03,-0.30,-30.31,34.56,-52.88,5.53,-5.95,6.86,-0.16,0.28,-0.48,-3.98,-6.35,5.70,0.29,0.40,-0.23,1.54,-6.46,7.57,0.03,0.26,-0.47,-2.43,-4.27,8.47,0.23,0.16,-0.49,1.05,9.51,0.88,0.01,-0.51,0.01
50.224598,9.66,-0.02,1.93,-0.70,0.03,-0.30,-30.31,34.56,-52.88,5.35,-5.93,6.96,-0.09,0.28,-0.43,-4.19,-6.37,5.69,0.23,0.38,-0.16,1.34,-6.38,7.60,0.08,0.23,-0.40,-2.63,-4.28,8.32,0.25,0.15,-0.39,1.03,9.62,0.73,0.06,-0.43,-0.00
50.248728,9.70,-0.37,2.16,-0.31,0.22,-0.06,-29.75,34.12,-51.06,5.30,-5.82,7.13,-0.00,0.23,-0.37,-4.40,-6.35,5.63,0.17,0.34,-0.07,1.33,-6.20,7.81,0.12,0.17,-0.33,-2.75,-3.99,8.59,0.26,0.11,-0.28,1.00,9.70,0.54,0.11,-0.33,0.01
50.271538,9.52,-0.33,2.54,-0.31,0.22,-0.06,-29.75,34.12,-51.06,5.37,-5.50,7.64,0.05,0.23,-0.31,-4.59,-6.44,5.43,0.11,0.33,-0.02,1.40,-5.91,8.21,0.15,0.16,-0.26,-2.92,-3.66,8.85,0.24,0.11,-0.21,0.82,9.82,0.27,0.14,-0.26,-0.02
50.293255,9.52,-0.41,2.73,-0.26,0.22,0.05,-29.75,34.12,-51.06,5.15,-5.34,7.88,0.06,0.25,-0.26,-4.93,-6.50,5.34,0.06,0.33,-0.01,1.22,-5.67,8.47,0.15,0.18,-0.20,-3.19,-3.42,8.91,0.21,0.14,-0.19,0.74,10.00,-0.01,0.15,-0.23,-0.06
50.316183,9.48,-0.98,2.77,-0.26,0.22,0.05,-30.00,35.50,-54.88,4.90,-5.41,7.75,0.08,0.21,-0.21,-5.26,-6.42,5.44,0.02,0.27,0.01,1.00,-5.59,8.47,0.14,0.13,-0.14,-3.35,-3.24,9.00,0.16,0.10,-0.13,0.83,10.14,-0.22,0.13,-0.15,-0.05
50.337959,9.52,-1.02,2.73,-0.11,0.15,0.05,-30.00,35.50,-54.88,4.91,-5.44,7.66,0.13,0.10,-0.13,-5.27,-6.33,5.46,-0.03,0.15,0.06,1.04,-5.65,8.37,0.13,0.03,-0.05,-3.23,-3.37,8.82,0.12,0.03,-0.02,0.89,10.08,-0.20,0.10,-0.02,0.00
50.359897,9.52,-0.71,2.77,0.09,0.14,0.03,-30.00,35.50,-54.88,5.05,-5.31,7.79,0.18,0.05,-0.07,-5.00,-6.37,5.22,-0.07,0.08,0.11,1.17,-5.62,8.35,0.14,-0.03,0.02,-3.13,-3.44,8.71,0.10,-0.01,0.07,0.73,9.89,-0.11,0.11,0.07,0.02
50.384016,9.36,-0.41,2.81,0.14,0.16,0.06,-29.44,34.38,-54.00,5.05,-5.03,8.03,0.20,0.06,-0.03,-4.93,-6.38,5.09,-0.11,0.09,0.13,1.21,-5.39,8.49,0.16,-0.02,0.06,-3.17,-3.25,8.81,0.09,0.01,0.11,0.66,9.84,-0.15,0.12,0.10,-0.00
50.405443,9.17,-0.48,2.81,0.14,0.16,0.06,-29.44,34.00,-54.25,4.94,-5.05,7.83,0.19,0.06,0.01,-5.13,-6.20,5.24,-0.15,0.06,0.14,1.14,-5.34,8.41,0.14,-0.01,0.10,-3.17,-3.13,8.85,0.06,0.02,0.13,0.87,9.87,-0.28,0.11,0.14,-0.01
50.42613,9.21,-0.71,2.81,0.20,0.13,0.14,-29.44,34.00,-54.25,4.88,-5.13,7.59,0.23,-0.00,0.07,-5.17,-6.07,5.30,-0.18,-0.00,0.18,1.12,-5.41,8.21,0.14,-0.08,0.16,-3.01,-3.25,8.64,0.03,-0.03,0.20,0.98,9.80,-0.30,0.11,0.23,0.01
50.450733,9.25,-0.56,2.84,0.33,0.17,0.13,-29.38,35.50,-54.94,4.99,-5.04,7.58,0.29,-0.07,0.12,-5.06,-5.97,5.25,-0.22,-0.07,0.26,1.27,-5.40,8.13,0.17,-0.16,0.23,-2.89,-3.23,8.62,0.04,-0.09,0.31,1.01,9.68,-0.30,0.13,0.33,0.04
50.480513,9.21,-0.45,2.88,0.33,0.17,0.13,-29.44,35.12,-53.44,5.17,-4.81,7.83,0.34,-0.08,0.17,-5.09,-5.94,5.17,-0.27,-0.09,0.31,1.48,-5.23,8.36,0.19,-0.18,0.30,-2.83,-3.04,8.81,0.01,-0.10,0.37,1.01,9.68,-0.43,0.16,0.39,0.03
50.498529,9.13,-0.45,3.00,0.33,0.17,0.13,-29.44,35.12,-53.44,5.08,-4.73,7.86,0.37,-0.08,0.22,-5.25,-5.89,5.19,-0.31,-0.11,0.34,1.40,-5.11,8.40,0.20,-0.18,0.35,-2.89,-2.96,8.80,0.00,-0.09,0.43,1.02,9.74,-0.56,0.17,0.44,0.02
50.522393,9.14,-0.64,3.19,0.48,0.20,0.25,-29.44,35.12,-53.44,4.96,-4.61,7.93,0.40,-0.12,0.26,-5.43,-5.87,5.15,-0.35,-0.15,0.39,1.29,-4.95,8.50,0.22,-0.22,0.40,-3.09,-2.79,8.84,-0.01,-0.11,0.48,1.02,9.81,-0.74,0.18,0.51,0.04
50.543678,9.05,-0.64,3.19,0.48,0.20,0.25,-29.12,35.88,-54.62,4.97,-4.59,7.81,0.44,-0.16,0.30,-5.52,-5.74,5.22,-0.37,-0.20,0.43,1.35,-4.93,8.41,0.23,-0.28,0.44,-2.99,-2.72,8.90,-0.03,-0.16,0.54,1.16,9.80,-0.79,0.18,0.57,0.07
50.564254,9.02,-0.56,3.15,0.48,0.20,0.25,-29.12,35.88,-54.62,5.12,-4.59,7.54,0.50,-0.23,0.36,-5.45,-5.46,5.39,-0.40,-0.28,0.49,1.53,-4.94,8.27,0.24,-0.37,0.51,-2.70,-2.74,8.88,-0.07,-0.23,0.61,1.45,9.64,-0.75,0.18,0.68,0.12
50.588302,8.94,-0.02,3.27,0.81,0.26,0.25,-29.12,35.88,-54.62,5.44,-4.31,7.84,0.57,-0.27,0.42,-5.20,-5.44,5.20,-0.45,-0.32,0.56,1.91,-4.87,8.36,0.27,-0.41,0.58,-2.43,-2.75,8.93,-0.10,-0.24,0.68,1.34,9.49,-0.71,0.22,0.75,0.11
50.610782,8.94,0.17,3.42,0.81,0.26,0.25,-28.81,34.38,-55.75,5.40,-4.08,8.22,0.57,-0.21,0.44,-5.40,-5.62,5.13,-0.49,-0.27,0.56,1.86,-4.67,8.68,0.29,-0.35,0.61,-2.62,-2.59,8.99,-0.08,-0.17,0.71,1.24,9.70,-0.87,0.24,0.74,0.06
50.632335,8.90,-0.21,3.42,0.81,0.26,0.25,-28.50,33.75,-55.31,5.08,-4.29,7.95,0.56,-0.22,0.48,-5.81,-5.61,5.38,-0.52,-0.30,0.56,1.49,-4.65,8.66,0.27,-0.36,0.65,-2.99,-2.47,9.11,-0.11,-0.19,0.73,1.39,9.95,-1.00,0.22,0.79,0.06
50.655284,9.13,-0.79,3.27,0.81,0.26,0.25,-27.94,33.81,-55.38,5.03,-4.42,7.75,0.61,-0.35,0.53,-5.80,-5.55,5.43,-0.54,-0.42,0.61,1.44,-4.78,8.57,0.25,-0.48,0.71,-2.99,-2.54,9.18,-0.18,-0.29,0.79,1.45,9.90,-0.97,0.20,0.90,0.14
50.677055,9.17,-0.41,3.34,1.00,0.22,0.28,-27.94,33.81,-55.38,5.41,-4.15,8.32,0.66,-0.40,0.55,-5.62,-5.68,5.14,-0.57,-0.46,0.66,1.83,-4.85,8.66,0.23,-0.52,0.72,-2.77,-2.69,9.05,-0.20,-0.32,0.83,1.21,9.86,-0.97,0.22,0.96,0.15
50.699619,9.13,-0.06,3.92,1.00,0.22,0.28,-28.81,31.12,-53.75,5.59,-3.94,8.74,0.65,-0.31,0.56,-5.73,-5.71,4.98,-0.60,-0.39,0.64,1.97,-4.60,9.07,0.28,-0.44,0.74,-2.70,-2.56,9.17,-0.16,-0.24,0.85,1.15,9.91,-1.15,0.24,0.92,0.07
50.723415,8.98,-0.68,3.96,0.72,0.20,0.46,-28.81,31.12,-53.75,5.28,-3.83,8.81,0.61,-0.23,0.58,-6.11,-5.74,5.02,-0.63,-0.34,0.59,1.69,-4.32,9.27,0.28,-0.37,0.75,-3.11,-2.17,9.45,-0.15,-0.18,0.83,1.14,10.12,-1.41,0.23,0.88,0.00
50.747204,9.10,-0.91,4.07,0.78,0.15,0.43,-28.81,31.12,-53.75,5.12,-3.85,8.80,0.59,-0.24,0.61,-6.29,-5.71,4.93,-0.64,-0.35,0.57,1.53,-4.33,9.22,0.26,-0.36,0.77,-3.25,-2.13,9.41,-0.19,-0.17,0.83,1.08,10.15,-1.60,0.21,0.89,-0.01
50.767494,9.21,-0.79,4.30,0.81,0.16,0.43,-28.81,29.38,-54.19,5.08,-3.69,9.05,0.58,-0.23,0.62,-6.41,-5.70,4.79,-0.65,-0.35,0.56,1.51,-4.13,9.47,0.25,-0.35,0.78,-3.28,-2.03,9.41,-0.19,-0.16,0.83,1.01,10.18,-1.77,0.21,0.89,-0.02
50.787696,9.05,-0.83,4.38,0.81,0.16,0.43,-28.81,29.38,-54.19,5.01,-3.55,9.20,0.56,-0.22,0.63,-6.56,-5.63,4.76,-0.66,-0.33,0.54,1.50,-3.99,9.57,0.24,-0.33,0.78,-3.37,-1.84,9.50,-0.19,-0.15,0.83,1.04,10.22,-1.92,0.20,0.88,-0.05
50.812584,8.94,-0.87,4.45,0.76,0.12,0.44,-27.38,31.75,-56.38,4.91,-3.47,9.11,0.53,-0.23,0.64,-6.72,-5.57,4.84,-0.66,-0.36,0.52,1.42,-3.85,9.58,0.22,-0.33,0.79,-3.46,-1.70,9.55,-0.20,-0.15,0.83,1.13,10.28,-2.03,0.17,0.89,-0.04
50.834358,8.87,-0.79,4.42,0.79,0.09,0.41,-27.38,31.75,-56.38,4.87,-3.33,9.15,0.53,-0.25,0.65,-6.70,-5.50,4.81,-0.66,-0.40,0.51,1.51,-3.84,9.52,0.19,-0.34,0.80,-3.29,-1.67,9.60,-0.23,-0.17,0.82,1.16,10.19,-2.06,0.14,0.90,-0.03
50.855814,8.87,-0.75,4.49,0.79,0.09,0.41,-27.69,29.00,-52.69,5.02,-3.25,9.22,0.50,-0.25,0.65,-6.63,-5.47,4.73,-0.64,-0.39,0.48,1.59,-3.78,9.58,0.18,-0.34,0.78,-3.23,-1.70,9.51,-0.24,-0.15,0.81,1.16,10.13,-2.07,0.12,0.87,-0.04
50.881481,8.83,-0.75,4.45,0.75,0.03,0.39,-27.38,28.06,-54.31,5.02,-3.33,9.05,0.47,-0.25,0.64,-6.74,-5.37,4.90,-0.64,-0.39,0.45,1.60,-3.79,9.51,0.16,-0.33,0.78,-3.22,-1.65,9.54,-0.25,-0.15,0.80,1.34,10.19,-2.08,0.10,0.86,-0.05
50.90085,8.83,-0.75,4.45,0.75,0.03,0.39,-27.38,28.06,-54.31,4.92,-3.39,8.79,0.46,-0.30,0.67,-6.73,-5.30,5.08,-0.63,-0.45,0.45,1.50,-3.81,9.36,0.13,-0.38,0.80,-3.28,-1.66,9.52,-0.29,-0.20,0.81,1.46,10.18,-2.00,0.06,0.90,-0.02
50.9237,8.71,-0.52,4.15,0.84,0.00,0.34,-27.38,28.06,-54.31,5.01,-3.57,8.29,0.47,-0.41,0.69,-6.47,-5.04,5.25,-0.62,-0.57,0.49,1.65,-4.05,8.92,0.09,-0.48,0.83,-2.92,-1.91,9.28,-0.32,-0.29,0.85,1.70,9.91,-1.81,0.02,0.98,0.07
50.948007,8.79,-0.02,4.07,1.09,0.04,0.28,-27.38,28.06,-54.31,5.32,-3.56,8.21,0.54,-0.48,0.72,-5.93,-4.96,5.02,-0.64,-0.63,0.55,1.95,-4.26,8.62,0.12,-0.55,0.87,-2.48,-2.27,8.94,-0.30,-0.35,0.92,1.59,9.50,-1.54,0.05,1.06,0.11
50.965921,8.75,0.25,4.22,1.02,0.13,0.36,-27.38,28.06,-54.31,5.41,-3.35,8.56,0.57,-0.43,0.70,-5.71,-5.10,4.78,-0.65,-0.56,0.57,2.04,-4.20,8.74,0.18,-0.51,0.85,-2.47,-2.32,8.88,-0.24,-0.32,0.93,1.40,9.44,-1.47,0.10,1.02,0.06
50.987061,8.75,0.02,4.22,1.02,0.13,0.36,-28.00,26.94,-53.44,5.28,-3.36,8.56,0.56,-0.34,0.66,-5.91,-5.17,4.89,-0.66,-0.46,0.57,1.89,-4.10,8.88,0.22,-0.45,0.82,-2.68,-2.19,9.00,-0.16,-0.28,0.92,1.47,9.64,-1.57,0.15,0.96,0.01
51.007491,8.79,-0.37,4.19,1.02,0.13,0.36,-28.00,26.94,-53.44,5.26,-3.54,8.20,0.58,-0.35,0.66,-6.25,-5.03,5.28,-0.66,-0.47,0.59,1.91,-4.13,8.82,0.23,-0.47,0.82,-2.54,-2.04,9.22,-0.14,-0.30,0.95,1.80,9.82,-1.67,0.16,0.98,0.03
51.032279,8.71,-0.21,4.11,1.02,0.15,0.37,-27.69,26.44,-53.38,5.49,-3.61,7.93,0.67,-0.45,0.73,-6.20,-4.67,5.64,-0.69,-0.58,0.67,2.26,-4.28,8.63,0.24,-0.58,0.89,-2.15,-2.16,9.21,-0.16,-0.40,1.06,2.21,9.72,-1.58,0.16,1.12,0.11
51.054395,8.71,0.25,4.07,1.22,0.17,0.38,-27.69,26.44,-53.38,5.86,-3.58,7.98,0.71,-0.52,0.77,-5.90,-4.70,5.51,-0.73,-0.63,0.73,2.57,-4.37,8.59,0.26,-0.63,0.96,-1.96,-2.09,9.56,-0.17,-0.44,1.14,2.13,9.57,-1.41,0.18,1.20,0.13
51.07562,8.79,0.48,4.11,1.22,0.17,0.38,-28.69,23.62,-49.31,6.00,-3.45,8.21,0.74,-0.48,0.81,-5.81,-4.83,5.41,-0.78,-0.60,0.75,2.63,-4.33,8.69,0.31,-0.61,1.01,-1.90,-2.19,9.38,-0.19,-0.38,1.17,2.02,9.57,-1.38,0.22,1.22,0.08
51.09985,8.75,0.32,4.07,1.22,0.17,0.38,-27.75,22.25,-50.88,5.85,-3.47,8.04,0.76,-0.44,0.84,-5.91,-4.75,5.51,-0.81,-0.58,0.77,2.50,-4.28,8.65,0.34,-0.58,1.04,-2.02,-2.09,9.38,-0.19,-0.34,1.20,2.15,9.58,-1.43,0.25,1.24,0.05
51.120679,8.67,0.17,4.00,1.22,0.17,0.38,-27.75,22.25,-50.88,5.91,-3.51,7.97,0.80,-0.44,0.87,-5.90,-4.64,5.37,-0.86,-0.58,0.81,2.62,-4.33,8.56,0.37,-0.59,1.09,-1.90,-2.10,9.30,-0.19,-0.34,1.25,2.09,9.48,-1.52,0.28,1.28,0.03
51.142615,8.83,0.21,4.61,1.22,0.23,0.58,-27.75,22.25,-50.88,5.90,-3.02,8.84,0.83,-0.36,0.87,-5.91,-4.87,4.82,-0.91,-0.48,0.81,2.59,-3.90,9.13,0.43,-0.51,1.09,-2.03,-1.89,9.32,-0.14,-0.25,1.26,1.63,9.47,-1.77,0.35,1.25,-0.06
51.167191,8.67,-0.60,5.34,0.86,0.28,0.81,-27.50,20.25,-48.31,5.72,-2.55,9.85,0.75,-0.11,0.84,-6.42,-5.24,4.19,-0.97,-0.23,0.69,2.39,-3.32,9.81,0.47,-0.26,1.06,-2.67,-1.24,9.63,-0.07,-0.01,1.20,1.02,9.80,-2.38,0.41,1.07,-0.29
51.184907,8.67,-1.02,5.68,0.56,0.21,0.90,-27.50,20.25,-48.31,5.14,-2.27,10.36,0.68,0.09,0.79,-6.90,-5.46,3.88,-0.98,-0.06,0.57,1.81,-2.89,10.27,0.47,-0.07,0.99,-3.41,-0.82,9.68,-0.01,0.15,1.09,0.64,10.07,-2.83,0.43,0.91,-0.43
51.203962,8.67,-1.02,5.68,0.56,0.21,0.90,-27.50,20.25,-48.31,4.49,-2.12,10.58,0.56,0.22,0.73,-7.64,-5.67,3.76,-0.94,0.07,0.44,1.17,-2.41,10.71,0.43,0.08,0.90,-4.03,-0.28,9.89,-0.00,0.27,0.96,0.43,10.48,-3.34,0.40,0.75,-0.52
51.227299,8.37,-2.13,5.76,0.34,0.03,0.74,-27.50,20.25,-48.31,3.82,-2.26,10.33,0.43,0.19,0.69,-8.37,-5.60,4.00,-0.86,0.03,0.32,0.55,-2.18,10.80,0.31,0.09,0.84,-4.72,0.17,10.10,-0.07,0.25,0.86,0.57,10.86,-3.74,0.27,0.69,-0.47
51.24778,8.41,-2.40,5.61,0.34,0.03,0.74,-27.50,20.25,-48.31,3.55,-2.52,9.89,0.38,0.01,0.69,-8.55,-5.38,4.25,-0.78,-0.17,0.31,0.28,-2.28,10.60,0.19,-0.06,0.82,-4.88,0.08,9.91,-0.16,0.09,0.83,0.80,10.86,-3.78,0.13,0.76,-0.31
51.272197,8.59,-1.90,5.49,0.83,-0.11,0.35,-28.94,20.94,-49.19,3.91,-2.49,9.97,0.36,-0.23,0.69,-8.14,-5.35,4.12,-0.71,-0.40,0.33,0.67,-2.47,10.51,0.06,-0.25,0.80,-4.40,-0.13,9.92,-0.27,-0.11,0.81,0.75,10.59,-3.51,0.01,0.87,-0.12
51.293762,8.56,-1.29,5.49,0.83,-0.11,0.35,-28.94,22.19,-47.19,4.35,-2.42,10.18,0.31,-0.30,0.67,-7.74,-5.47,4.07,-0.65,-0.48,0.30,1.06,-2.62,10.48,-0.01,-0.29,0.77,-4.01,-0.36,9.94,-0.31,-0.16,0.75,0.73,10.48,-3.24,-0.07,0.85,-0.07
51.31546,8.60,-0.94,5.41,0.83,-0.11,0.35,-29.25,22.00,-47.88,4.65,-2.62,9.90,0.24,-0.31,0.64,-7.52,-5.29,4.37,-0.61,-0.49,0.24,1.31,-2.92,10.23,-0.07,-0.28,0.74,-3.69,-0.58,9.99,-0.36,-0.14,0.68,1.07,10.38,-2.98,-0.13,0.80,-0.06
51.340112,8.75,-0.68,4.91,0.77,-0.21,0.23,-29.25,22.00,-47.88,4.92,-2.93,9.35,0.21,-0.35,0.65,-7.30,-5.05,4.77,-0.59,-0.55,0.22,1.60,-3.29,9.84,-0.13,-0.31,0.74,-3.28,-0.90,9.90,-0.42,-0.16,0.67,1.49,10.26,-2.70,-0.18,0.83,-0.03
51.361607,8.83,-0.45,4.99,0.77,-0.21,0.23,-29.25,22.00,-47.88,5.17,-2.97,9.22,0.22,-0.39,0.66,-7.01,-4.97,4.82,-0.59,-0.58,0.23,1.85,-3.52,9.65,-0.14,-0.35,0.75,-2.94,-1.19,9.73,-0.44,-0.19,0.68,1.56,10.08,-2.48,-0.18,0.85,-0.01
51.381749,8.79,-0.29,5.07,0.83,-0.20,0.23,-29.25,22.00,-47.88,5.37,-2.83,9.39,0.22,-0.36,0.65,-6.73,-4.99,4.64,-0.60,-0.54,0.23,2.02,-3.50,9.66,-0.12,-0.31,0.74,-2.77,-1.21,9.69,-0.42,-0.15,0.67,1.46,9.91,-2.41,-0.16,0.82,-0.05
51.40667,8.41,-0.48,5.07,0.59,-0.17,0.35,-29.25,22.00,-47.88,5.38,-2.65,9.53,0.19,-0.24,0.64,-6.74,-4.94,4.50,-0.62,-0.43,0.17,2.11,-3.28,9.69,-0.10,-0.19,0.72,-2.72,-0.99,9.67,-0.41,-0.03,0.62,1.40,9.83,-2.54,-0.14,0.74,-0.15
51.428397,8.25,-0.75,5.07,0.49,-0.22,0.40,-29.25,22.00,-47.88,4.94,-2.55,9.39,0.15,-0.14,0.63,-6.75,-4.92,4.29,-0.63,-0.36,0.12,1.71,-3.07,9.52,-0.08,-0.09,0.71,-2.99,-0.91,9.34,-0.39,0.07,0.57,1.20,9.69,-2.65,-0.13,0.68,-0.21
51.450095,8.21,-0.83,5.14,0.49,-0.22,0.40,-29.56,20.12,-44.00,4.46,-2.43,9.17,0.14,-0.08,0.58,-6.68,-4.86,3.99,-0.60,-0.29,0.09,1.28,-2.86,9.33,-0.07,-0.04,0.65,-3.28,-0.83,8.94,-0.33,0.10,0.52,0.99,9.44,-2.75,-0.10,0.60,-0.22
51.473188,7.83,-1.10,5.07,0.49,-0.22,0.40,-29.88,21.25,-44.88,4.10,-2.29,9.02,0.13,-0.06,0.50,-6.68,-4.76,3.75,-0.54,-0.22,0.09,1.02,-2.66,9.15,-0.04,-0.03,0.57,-3.39,-0.65,8.71,-0.27,0.09,0.46,0.87,9.26,-2.89,-0.07,0.52,-0.20
51.495041,7.64,-1.17,5.03,0.33,-0.10,0.29,-29.88,21.25,-44.88,3.84,-2.24,8.88,0.14,-0.05,0.42,-6.65,-4.70,3.60,-0.47,-0.19,0.09,0.85,-2.53,9.00,-0.03,-0.04,0.50,-3.51,-0.52,8.59,-0.23,0.07,0.41,0.78,9.12,-2.95,-0.06,0.46,-0.16
51.516728,7.60,-1.25,4.95,0.31,-0.06,0.23,-29.88,21.25,-44.88,3.70,-2.15,8.91,0.15,-0.06,0.34,-6.60,-4.68,3.46,-0.39,-0.17,0.11,0.75,-2.42,8.98,-0.01,-0.05,0.41,-3.57,-0.50,8.41,-0.19,0.05,0.35,0.67,9.03,-2.98,-0.03,0.41,-0.11
51.541051,7.60,-1.21,5.03,0.31,-0.06,0.23,-30.75,20.19,-44.38,3.69,-2.16,9.00,0.14,-0.04,0.25,-6.60,-4.75,3.34,-0.31,-0.12,0.11,0.74,-2.43,9.01,0.01,-0.05,0.32,-3.58,-0.51,8.40,-0.13,0.03,0.28,0.57,9.06,-3.00,-0.01,0.32,-0.07
51.562013,7.75,-1.36,5.03,0.16,0.06,0.11,-30.75,20.19,-44.38,3.70,-2.38,9.06,0.14,-0.03,0.18,-6.73,-4.89,3.49,-0.25,-0.08,0.11,0.68,-2.59,9.15,0.04,-0.06,0.26,-3.75,-0.58,8.59,-0.08,0.01,0.24,0.59,9.29,-2.96,0.01,0.27,-0.04
51.584313,8.03,-1.55,4.91,0.16,0.06,0.11,-30.19,20.38,-45.12,3.64,-2.60,9.10,0.15,-0.07,0.12,-6.88,-5.15,3.74,-0.18,-0.10,0.12,0.50,-2.74,9.35,0.03,-0.10,0.20,-3.97,-0.73,8.77,-0.05,-0.05,0.20,0.61,9.61,-2.83,0.00,0.24,0.02
51.608811,8.56,-1.13,4.80,0.21,0.08,-0.05,-30.19,20.38,-45.12,4.01,-2.85,9.12,0.14,-0.13,0.06,-6.85,-5.24,4.03,-0.12,-0.13,0.13,0.81,-3.08,9.38,0.01,-0.16,0.13,-3.73,-0.94,9.06,-0.04,-0.12,0.15,0.80,9.78,-2.64,-0.01,0.23,0.11
51.630969,8.63,-0.83,4.84,0.22,0.08,-0.08,-30.19,20.38,-45.12,4.45,-2.89,9.31,0.14,-0.14,0.02,-6.76,-5.29,4.21,-0.08,-0.13,0.13,1.20,-3.23,9.56,0.01,-0.17,0.09,-3.47,-1.09,9.27,-0.04,-0.13,0.12,0.94,9.87,-2.49,-0.02,0.19,0.12
51.653331,8.64,-0.64,4.84,0.15,0.08,-0.06,-30.19,20.38,-45.12,4.72,-2.93,9.37,0.11,-0.11,-0.01,-6.76,-5.28,4.44,-0.06,-0.09,0.09,1.44,-3.35,9.65,-0.00,-0.14,0.06,-3.33,-1.14,9.47,-0.03,-0.11,0.07,1.11,9.96,-2.41,-0.03,0.14,0.11
51.676046,8.71,-0.71,4.88,0.15,0.08,-0.06,-29.56,17.81,-43.94,4.87,-3.01,9.33,0.08,-0.09,-0.02,-6.78,-5.22,4.57,-0.05,-0.07,0.06,1.57,-3.49,9.59,-0.01,-0.11,0.05,-3.18,-1.23,9.53,-0.04,-0.09,0.04,1.24,9.99,-2.39,-0.04,0.11,0.09
51.697662,8.71,-0.64,4.95,0.08,0.04,-0.04,-29.56,17.81,-43.94,4.98,-2.98,9.36,0.07,-0.07,-0.03,-6.79,-5.14,4.67,-0.05,-0.05,0.04,1.66,-3.49,9.62,-0.02,-0.08,0.03,-3.06,-1.26,9.57,-0.03,-0.06,0.03,1.36,10.00,-2.39,-0.04,0.09,0.06
51.719281,8.67,-0.64,4.91,0.05,0.03,-0.03,-29.56,17.81,-43.94,5.00,-3.01,9.28,0.05,-0.04,-0.03,-6.81,-5.06,4.71,-0.06,-0.03,0.03,1.70,-3.49,9.59,-0.02,-0.05,0.03,-3.02,-1.25,9.57,-0.03,-0.03,0.02,1.43,9.98,-2.42,-0.04,0.08,0.03
51.743407,8.63,-0.71,4.91,0.04,0.02,0.00,-30.81,16.31,-41.56,4.97,-3.00,9.26,0.04,-0.01,-0.03,-6.79,-5.09,4.65,-0.08,-0.02,0.01,1.65,-3.45,9.59,-0.01,-0.03,0.04,-3.11,-1.21,9.59,-0.02,-0.01,0.02,1.34,9.97,-2.40,-0.03,0.08,0.00
51.76514,8.59,-0.68,4.88,0.04,0.02,0.00,-30.81,17.94,-42.50,4.91,-2.90,9.40,0.02,0.01,-0.03,-6.78,-5.20,4.53,-0.08,0.02,-0.02,1.58,-3.38,9.70,-0.02,0.01,0.02,-3.20,-1.18,9.56,-0.03,0.02,-0.01,1.20,9.98,-2.41,-0.04,0.04,-0.02
51.787014,8.59,-0.68,4.91,-0.07,-0.01,0.01,-30.50,17.88,-44.25,4.81,-2.91,9.42,-0.01,0.05,-0.05,-6.86,-5.24,4.49,-0.06,0.05,-0.05,1.49,-3.35,9.69,-0.04,0.05,0.00,-3.33,-1.14,9.53,-0.03,0.05,-0.05,1.17,10.03,-2.48,-0.05,-0.01,-0.04
51.807579,8.59,-0.83,4.95,-0.07,-0.01,0.01,-30.50,17.88,-44.25,4.63,-2.98,9.30,-0.03,0.05,-0.06,-6.94,-5.21,4.55,-0.05,0.04,-0.08,1.30,-3.35,9.62,-0.06,0.05,-0.01,-3.42,-1.13,9.50,-0.03,0.04,-0.07,1.19,10.06,-2.50,-0.07,-0.02,-0.03
51.83233,8.56,-1.02,4.68,-0.04,-0.04,-0.05,-30.50,18.50,-44.75,4.62,-3.06,9.19,-0.05,0.01,-0.06,-6.88,-5.19,4.59,-0.03,-0.01,-0.08,1.31,-3.40,9.53,-0.09,0.02,-0.02,-3.36,-1.20,9.43,-0.06,0.02,-0.08,1.22,10.01,-2.41,-0.11,0.00,0.00
51.854067,8.59,-0.87,4.61,0.00,-0.06,-0.07,-30.50,18.50,-44.75,4.69,-3.17,9.09,-0.06,-0.01,-0.05,-6.65,-5.28,4.47,-0.03,-0.03,-0.09,1.36,-3.57,9.38,-0.10,0.01,-0.01,-3.26,-1.37,9.33,-0.07,0.01,-0.07,1.09,9.91,-2.27,-0.12,0.01,0.01
51.875415,8.67,-0.71,4.57,-0.00,-0.06,-0.06,-30.50,18.50,-44.75,4.69,-3.26,9.05,-0.06,-0.00,-0.06,-6.47,-5.32,4.46,-0.02,-0.01,-0.10,1.31,-3.65,9.31,-0.10,0.02,-0.02,-3.25,-1.58,9.15,-0.06,0.02,-0.08,1.05,9.82,-2.12,-0.12,-0.01,-0.00
51.899584,8.75,-0.79,4.38,-0.06,-0.04,-0.06,-30.75,19.81,-44.62,4.63,-3.35,8.96,-0.06,0.02,-0.08,-6.41,-5.38,4.53,-0.01,0.02,-0.10,1.23,-3.74,9.26,-0.08,0.03,-0.04,-3.30,-1.65,9.14,-0.04,0.02,-0.09,1.06,9.83,-2.01,-0.11,-0.03,-0.01
51.92038,8.71,-0.83,4.30,-0.06,-0.04,-0.06,-30.75,19.81,-44.62,4.65,-3.48,8.79,-0.06,0.01,-0.09,-6.42,-5.34,4.67,-0.01,0.00,-0.09,1.24,-3.84,9.16,-0.08,0.02,-0.05,-3.29,-1.66,9.23,-0.04,0.01,-0.10,1.17,9.87,-1.95,-0.11,-0.02,0.01
51.942079,8.71,-0.83,4.22,-0.06,-0.03,-0.07,-30.75,19.81,-44.62,4.75,-3.50,8.77,-0.04,-0.02,-0.08,-6.34,-5.36,4.70,-0.01,-0.03,-0.08,1.36,-3.89,9.18,-0.09,-0.01,-0.04,-3.13,-1.75,9.19,-0.05,-0.02,-0.09,1.19,9.84,-1.87,-0.11,0.00,0.03
51.966679,8.71,-0.56,4.30,0.01,-0.03,-0.08,-30.81,17.94,-42.50,4.84,-3.51,8.78,-0.04,-0.03,-0.07,-6.20,-5.36,4.68,-0.02,-0.03,-0.07,1.46,-3.98,9.12,-0.09,-0.01,-0.03,-3.05,-1.85,9.11,-0.05,-0.01,-0.07,1.17,9.76,-1.79,-0.11,0.00,0.02
51.988539,8.75,-0.64,4.26,0.01,-0.03,-0.08,-30.50,17.62,-43.25,4.81,-3.60,8.66,-0.03,-0.01,-0.07,-6.11,-5.36,4.68,-0.02,-0.01,-0.07,1.39,-4.03,9.02,-0.07,-0.00,-0.02,-3.08,-1.88,9.14,-0.04,-0.01,-0.06,1.17,9.72,-1.71,-0.09,0.00,0.01
52.011296,8.75,-0.64,4.15,0.01,-0.03,-0.08,-30.19,18.19,-43.69,4.83,-3.65,8.58,-0.01,-0.01,-0.06,-6.11,-5.30,4.75,-0.03,0.00,-0.05,1.41,-4.09,8.97,-0.05,-0.01,-0.01,-2.98,-1.98,9.04,-0.03,-0.01,-0.05,1.25,9.71,-1.69,-0.07,0.01,0.01
52.033376,8.83,-0.60,4.22,0.00,0.03,-0.03,-30.19,18.19,-43.69,4.92,-3.58,8.69,0.02,0.01,-0.06,-6.09,-5.30,4.73,-0.04,0.01,-0.02,1.54,-4.07,9.03,-0.02,-0.00,-0.01,-2.93,-1.97,9.08,0.00,-0.00,-0.03,1.24,9.71,-1.72,-0.04,0.03,0.01
52.055248,8.71,-0.56,4.45,0.00,0.03,-0.03,-30.19,18.19,-43.69,4.93,-3.44,8.85,0.03,0.04,-0.07,-6.24,-5.32,4.72,-0.06,0.04,-0.01,1.56,-3.93,9.18,-0.00,0.02,-0.01,-3.02,-1.78,9.29,0.02,0.03,-0.02,1.24,9.83,-1.86,-0.02,0.01,-0.01
52.078402,8.71,-0.68,4.57,-0.04,0.06,0.03,-30.19,18.19,-43.69,4.88,-3.33,8.99,0.02,0.05,-0.07,-6.47,-5.33,4.76,-0.06,0.06,-0.02,1.50,-3.77,9.39,-0.00,0.04,-0.01,-3.16,-1.59,9.43,0.01,0.04,-0.04,1.26,9.96,-2.03,-0.02,-0.00,-0.03
52.10111,8.75,-0.83,4.68,-0.03,0.01,0.01,-30.19,18.19,-43.69,4.84,-3.32,8.99,0.01,0.04,-0.06,-6.68,-5.28,4.82,-0.06,0.05,-0.02,1.47,-3.72,9.43,-0.02,0.03,-0.01,-3.21,-1.51,9.49,-0.02,0.04,-0.04,1.33,10.06,-2.14,-0.03,0.01,-0.02
52.123,8.71,-0.83,4.64,0.03,-0.01,-0.02,-29.88,18.81,-44.19,4.85,-3.32,8.94,0.01,0.01,-0.05,-6.70,-5.23,4.84,-0.06,0.01,-0.02,1.51,-3.69,9.40,-0.03,0.01,0.01,-3.15,-1.50,9.50,-0.03,0.01,-0.02,1.37,10.04,-2.16,-0.05,0.04,0.00
52.143915,8.67,-0.64,4.61,0.03,-0.01,-0.02,-29.88,18.81,-44.19,5.00,-3.24,9.01,0.01,-0.01,-0.03,-6.55,-5.20,4.79,-0.07,-0.02,-0.03,1.63,-3.67,9.44,-0.05,-0.01,0.02,-2.99,-1.55,9.44,-0.05,0.00,-0.01,1.38,9.92,-2.10,-0.07,0.06,0.00
52.167541,8.68,-0.48,4.61,0.01,-0.03,0.01,-29.88,18.81,-44.19,5.04,-3.20,9.05,-0.01,0.02,-0.02,-6.40,-5.17,4.69,-0.09,0.01,-0.04,1.68,-3.73,9.30,-0.05,0.03,0.03,-2.93,-1.63,9.33,-0.05,0.04,-0.02,1.33,9.81,-2.06,-0.06,0.04,-0.03
52.190007,8.67,-0.60,4.64,-0.05,-0.01,0.05,-29.88,18.81,-44.19,4.89,-3.22,8.94,-0.01,0.05,-0.02,-6.46,-5.14,4.66,-0.09,0.03,-0.04,1.54,-3.68,9.23,-0.02,0.05,0.03,-3.05,-1.61,9.23,-0.02,0.06,-0.01,1.30,9.81,-2.12,-0.04,0.03,-0.05
52.211727,8.59,-0.79,4.61,-0.05,-0.01,0.05,-30.75,18.31,-44.00,4.74,-3.18,8.89,0.00,0.05,-0.03,-6.54,-5.15,4.63,-0.09,0.05,-0.04,1.43,-3.56,9.31,-0.02,0.05,0.02,-3.17,-1.44,9.29,-0.00,0.05,-0.00,1.28,9.82,-2.19,-0.04,0.02,-0.05
52.234698,8.41,-0.75,4.61,-0.05,-0.01,0.05,-30.50,19.75,-44.25,4.75,-3.09,8.96,0.00,0.03,-0.03,-6.57,-5.10,4.61,-0.08,0.03,-0.05,1.48,-3.48,9.31,-0.04,0.04,0.02,-3.13,-1.36,9.29,-0.03,0.04,-0.01,1.31,9.78,-2.23,-0.05,0.03,-0.04
52.256501,8.41,-0.79,4.61,-0.01,-0.02,0.00,-30.50,19.75,-44.25,4.73,-3.14,8.93,0.00,0.03,-0.03,-6.51,-5.09,4.54,-0.08,0.03,-0.04,1.44,-3.58,9.24,-0.04,0.04,0.03,-3.14,-1.47,9.17,-0.03,0.04,-0.02,1.25,9.73,-2.21,-0.05,0.03,-0.03
52.278995,8.63,-0.83,4.64,-0.01,-0.01,0.02,-30.50,19.75,-44.25,4.69,-3.16,8.99,0.01,0.04,-0.04,-6.53,-5.22,4.47,-0.08,0.04,-0.04,1.35,-3.58,9.33,-0.03,0.04,0.02,-3.22,-1.47,9.24,-0.02,0.05,-0.02,1.13,9.81,-2.21,-0.04,0.02,-0.03
52.300072,8.68,-0.91,4.64,-0.03,0.02,0.02,-30.50,19.75,-44.25,4.68,-3.18,9.10,0.01,0.05,-0.04,-6.60,-5.26,4.50,-0.07,0.05,-0.04,1.32,-3.56,9.41,-0.02,0.04,0.01,-3.27,-1.46,9.30,-0.01,0.06,-0.03,1.11,9.87,-2.23,-0.04,0.01,-0.03
52.324152,8.68,-0.91,4.68,-0.05,0.01,0.01,-30.50,19.75,-44.25,4.64,-3.11,9.23,-0.00,0.05,-0.05,-6.67,-5.31,4.51,-0.06,0.05,-0.05,1.31,-3.49,9.52,-0.02,0.05,-0.00,-3.37,-1.43,9.30,-0.01,0.06,-0.04,1.09,9.95,-2.29,-0.04,-0.00,-0.03
52.34581,8.64,-0.91,4.72,-0.05,0.01,0.01,-30.12,21.44,-45.62,4.63,-3.12,9.22,-0.02,0.05,-0.06,-6.75,-5.33,4.53,-0.06,0.05,-0.06,1.31,-3.47,9.56,-0.04,0.06,-0.01,-3.42,-1.37,9.38,-0.01,0.06,-0.05,1.10,10.01,-2.33,-0.06,-0.01,-0.04
52.367751,8.64,-0.94,4.68,-0.05,0.01,0.01,-30.75,20.75,-44.75,4.61,-3.18,9.13,-0.04,0.04,-0.06,-6.76,-5.31,4.59,-0.05,0.04,-0.08,1.29,-3.51,9.50,-0.06,0.05,-0.02,-3.42,-1.37,9.41,-0.03,0.05,-0.06,1.16,10.02,-2.30,-0.08,-0.02,-0.03
52.387336,8.64,-0.94,4.61,-0.05,0.01,0.01,-30.75,20.75,-44.75,4.64,-3.30,8.94,-0.04,0.01,-0.05,-6.67,-5.20,4.66,-0.04,0.00,-0.08,1.30,-3.62,9.34,-0.08,0.03,-0.01,-3.27,-1.51,9.28,-0.05,0.02,-0.05,1.25,9.91,-2.23,-0.09,0.01,-0.01
52.41114,8.63,-0.83,4.45,0.04,-0.04,-0.04,-30.75,20.75,-44.75,4.75,-3.31,8.91,-0.03,-0.01,-0.04,-6.42,-5.19,4.60,-0.05,-0.02,-0.06,1.42,-3.75,9.18,-0.07,0.00,0.01,-3.13,-1.66,9.13,-0.05,0.01,-0.03,1.20,9.75,-2.06,-0.09,0.04,0.00
52.434069,8.63,-0.60,4.42,0.04,-0.04,-0.04,-29.62,16.00,-42.19,4.77,-3.30,8.94,-0.02,0.01,-0.04,-6.31,-5.29,4.53,-0.06,-0.00,-0.05,1.46,-3.78,9.17,-0.06,0.02,0.01,-3.12,-1.73,9.10,-0.04,0.03,-0.03,1.11,9.73,-2.00,-0.07,0.03,-0.01
52.455613,8.68,-0.75,4.45,-0.04,-0.01,0.00,-29.62,16.00,-42.19,4.71,-3.37,8.84,-0.02,0.03,-0.05,-6.36,-5.26,4.61,-0.06,0.02,-0.05,1.37,-3.80,9.17,-0.04,0.04,0.00,-3.20,-1.74,9.11,-0.02,0.04,-0.03,1.18,9.77,-1.99,-0.06,0.02,-0.02
52.488772,8.64,-0.83,4.42,0.01,0.01,-0.00,-29.62,16.00,-42.19,4.72,-3.40,8.77,0.01,0.02,-0.04,-6.40,-5.20,4.71,-0.07,-0.00,-0.02,1.39,-3.77,9.15,-0.03,0.01,0.01,-3.15,-1.66,9.21,-0.02,0.01,-0.02,1.26,9.80,-2.01,-0.05,0.05,0.00
52.501785,8.55,-0.71,4.42,0.01,0.01,-0.00,-29.62,16.00,-42.19,4.76,-3.29,8.88,0.01,0.00,-0.03,-6.35,-5.26,4.60,-0.07,-0.01,-0.02,1.43,-3.73,9.15,-0.03,0.00,0.02,-3.10,-1.68,9.16,-0.02,0.01,-0.01,1.20,9.76,-2.00,-0.05,0.05,-0.00
52.524184,8.63,-0.56,4.53,0.04,0.01,-0.01,-29.62,16.00,-42.19,4.75,-3.28,8.87,0.01,0.02,-0.04,-6.33,-5.23,4.57,-0.06,0.02,-0.03,1.43,-3.73,9.15,-0.02,0.02,0.01,-3.09,-1.70,9.11,-0.00,0.03,-0.01,1.19,9.74,-2.03,-0.04,0.02,-0.02
52.547819,8.56,-0.79,4.49,-0.02,0.01,0.00,-30.81,19.56,-43.50,4.68,-3.30,8.81,0.02,0.02,-0.05,-6.47,-5.18,4.68,-0.06,0.03,-0.02,1.38,-3.69,9.19,-0.01,0.01,0.01,-3.17,-1.61,9.17,0.00,0.02,-0.00,1.27,9.80,-2.08,-0.04,0.03,-0.02
52.570245,8.56,-0.87,4.45,0.02,0.02,-0.00,-30.81,19.56,-43.50,4.68,-3.30,8.84,0.02,-0.00,-0.04,-6.46,-5.21,4.64,-0.06,0.00,-0.01,1.38,-3.69,9.24,-0.02,-0.01,0.02,-3.23,-1.56,9.24,-0.01,0.01,0.01,1.23,9.80,-2.06,-0.04,0.05,0.00
52.592843,8.59,-0.75,4.49,0.02,0.02,-0.00,-29.88,18.69,-43.75,4.71,-3.26,8.94,0.02,-0.01,-0.04,-6.41,-5.24,4.58,-0.06,-0.01,-0.01,1.39,-3.69,9.23,-0.02,-0.01,0.01,-3.21,-1.61,9.18,-0.01,0.00,0.00,1.18,9.78,-2.06,-0.04,0.05,0.01
52.61604,8.68,-0.75,4.49,0.02,0.02,-0.00,-30.19,19.50,-45.38,4.69,-3.30,8.92,0.02,0.00,-0.05,-6.43,-5.25,4.56,-0.06,0.00,-0.01,1.38,-3.72,9.20,-0.01,-0.01,0.01,-3.21,-1.66,9.14,-0.00,0.00,-0.00,1.17,9.80,-2.07,-0.04,0.05,0.00
52.63771,8.68,-0.87,4.49,0.01,0.03,-0.00,-30.19,19.50,-45.38,4.61,-3.38,8.82,0.04,-0.01,-0.05,-6.44,-5.26,4.60,-0.06,-0.00,0.01,1.26,-3.76,9.17,-0.00,-0.02,0.01,-3.28,-1.69,9.12,0.01,-0.02,0.01,1.17,9.82,-2.06,-0.03,0.06,0.02
52.659685,8.71,-0.83,4.49,0.03,0.04,-0.02,-30.19,19.50,-45.38,4.64,-3.36,8.83,0.06,-0.03,-0.06,-6.42,-5.29,4.58,-0.06,-0.01,0.02,1.30,-3.74,9.24,0.01,-0.05,0.01,-3.25,-1.65,9.18,0.02,-0.04,0.02,1.14,9.82,-2.04,-0.02,0.07,0.03
52.683475,8.64,-0.64,4.64,0.03,0.07,-0.01,-30.19,19.50,-45.38,4.85,-3.18,9.12,0.06,-0.01,-0.08,-6.47,-5.30,4.58,-0.05,0.02,0.02,1.50,-3.62,9.45,0.01,-0.03,-0.00,-3.18,-1.56,9.33,0.01,-0.01,0.00,1.16,9.88,-2.11,-0.01,0.04,0.01
52.705207,8.67,-0.71,4.72,-0.04,0.03,0.01,-30.19,19.50,-45.38,4.93,-3.17,9.17,0.03,0.02,-0.08,-6.63,-5.23,4.67,-0.05,0.03,0.00,1.56,-3.61,9.50,-0.00,0.01,-0.01,-3.20,-1.47,9.45,0.01,0.01,-0.01,1.28,9.99,-2.21,-0.02,0.02,-0.00
52.727218,8.71,-0.91,4.72,-0.04,0.03,0.01,-30.19,19.31,-44.56,4.85,-3.23,9.10,0.02,0.02,-0.06,-6.79,-5.22,4.82,-0.06,0.01,-0.00,1.46,-3.63,9.51,-0.01,0.00,0.01,-3.29,-1.46,9.49,-0.01,0.00,-0.01,1.36,10.09,-2.24,-0.04,0.04,0.00
52.747397,8.75,-0.91,4.64,-0.04,0.03,0.01,-30.19,19.31,-44.56,4.80,-3.35,8.96,0.02,-0.02,-0.03,-6.72,-5.23,4.88,-0.06,-0.04,0.01,1.41,-3.77,9.40,-0.03,-0.03,0.03,-3.23,-1.61,9.40,-0.02,-0.03,0.01,1.37,10.06,-2.14,-0.05,0.08,0.03
52.7717,8.87,-0.64,4.42,0.12,0.00,-0.04,-30.19,18.75,-45.88,4.95,-3.40,8.93,0.04,-0.06,-0.02,-6.39,-5.32,4.77,-0.07,-0.06,0.02,1.54,-3.89,9.33,-0.03,-0.05,0.04,-3.06,-1.75,9.40,-0.03,-0.05,0.04,1.26,9.91,-1.92,-0.05,0.10,0.03
52.795196,8.79,-0.41,4.42,0.09,0.02,-0.01,-30.19,18.75,-45.88,5.08,-3.34,8.98,0.03,-0.02,-0.02,-6.26,-5.30,4.75,-0.07,-0.02,0.00,1.70,-3.94,9.26,-0.02,-0.02,0.05,-2.89,-1.84,9.32,-0.02,-0.01,0.03,1.30,9.82,-1.86,-0.04,0.07,-0.01
52.814996,8.75,-0.37,4.45,0.09,0.02,-0.01,-30.81,17.50,-42.75,5.09,-3.49,8.76,0.04,0.02,-0.01,-6.28,-5.17,4.93,-0.09,0.01,-0.00,1.68,-4.04,9.12,-0.01,0.01,0.06,-2.89,-1.89,9.30,-0.01,0.01,0.04,1.47,9.83,-1.82,-0.02,0.06,-0.03
52.838825,8.83,-0.68,4.26,0.09,0.02,-0.01,-29.56,18.00,-44.69,5.05,-3.65,8.60,0.06,0.00,0.02,-6.27,-5.23,5.05,-0.12,0.00,0.02,1.60,-4.13,9.09,0.01,-0.01,0.09,-2.91,-2.00,9.32,-0.01,0.00,0.09,1.49,9.90,-1.70,-0.01,0.11,-0.02
52.859079,8.94,-0.56,4.19,0.09,0.02,-0.01,-29.56,18.00,-44.69,5.12,-3.78,8.57,0.10,-0.02,0.04,-6.22,-5.29,5.11,-0.14,-0.02,0.06,1.66,-4.27,9.09,0.02,-0.04,0.12,-2.93,-2.09,9.35,-0.03,-0.01,0.12,1.49,9.93,-1.61,-0.00,0.15,-0.01
52.880753,9.05,-0.45,4.15,0.15,0.05,0.07,-29.56,18.00,-44.69,5.23,-3.81,8.67,0.13,-0.03,0.07,-6.11,-5.34,5.09,-0.17,-0.04,0.09,1.74,-4.36,9.11,0.03,-0.04,0.15,-2.84,-2.24,9.31,-0.03,-0.02,0.16,1.47,9.90,-1.50,0.02,0.19,-0.02
52.904735,9.17,-0.33,4.26,0.15,0.08,0.15,-29.56,18.00,-44.69,5.36,-3.82,8.85,0.15,0.01,0.09,-6.08,-5.49,5.07,-0.21,-0.01,0.10,1.80,-4.45,9.21,0.07,-0.01,0.17,-2.79,-2.29,9.43,-0.01,0.03,0.19,1.40,10.00,-1.47,0.05,0.20,-0.05
52.92665,9.25,-0.48,4.22,0.11,0.08,0.20,-29.56,18.00,-44.69,5.37,-3.92,9.01,0.15,0.06,0.11,-6.32,-5.67,5.22,-0.24,0.03,0.10,1.73,-4.48,9.44,0.07,0.03,0.20,-2.99,-2.26,9.66,-0.01,0.07,0.22,1.40,10.32,-1.50,0.06,0.20,-0.10
52.948518,9.25,-0.48,4.22,0.13,0.04,0.21,-31.38,17.19,-45.25,5.32,-4.09,9.06,0.15,0.04,0.15,-6.58,-5.77,5.47,-0.27,-0.00,0.10,1.59,-4.56,9.63,0.06,0.02,0.23,-3.23,-2.26,9.89,-0.04,0.07,0.24,1.50,10.60,-1.53,0.04,0.24,-0.11
52.971688,9.66,-0.75,4.22,0.24,0.00,0.19,-31.06,18.31,-44.00,5.67,-4.41,8.94,0.15,-0.05,0.25,-6.73,-5.74,5.76,-0.34,-0.09,0.12,1.93,-4.85,9.61,0.04,-0.02,0.32,-2.99,-2.34,10.18,-0.10,0.02,0.34,1.73,10.81,-1.50,0.01,0.36,-0.11
52.993277,9.86,-0.60,4.03,0.40,-0.05,0.23,-31.06,18.31,-44.00,5.70,-4.52,8.95,0.18,-0.09,0.35,-6.63,-5.87,5.84,-0.41,-0.18,0.14,1.80,-4.91,9.77,0.01,-0.07,0.42,-3.02,-2.50,10.24,-0.18,-0.00,0.42,1.71,10.84,-1.33,-0.02,0.46,-0.11
53.014479,9.90,-0.45,4.03,0.52,-0.08,0.25,-31.06,18.31,-44.00,5.79,-4.46,9.07,0.21,-0.13,0.43,-6.47,-5.91,5.76,-0.48,-0.24,0.16,1.91,-4.99,9.69,-0.00,-0.10,0.51,-2.97,-2.60,10.18,-0.25,-0.01,0.48,1.61,10.75,-1.24,-0.04,0.55,-0.13
53.03858,9.90,-0.06,4.34,0.52,-0.08,0.25,-30.81,18.12,-43.31,5.90,-4.20,9.40,0.21,-0.09,0.47,-6.29,-5.99,5.52,-0.54,-0.22,0.16,1.99,-4.97,9.80,0.01,-0.06,0.55,-2.91,-2.74,10.03,-0.25,0.05,0.51,1.46,10.65,-1.21,-0.01,0.57,-0.18
53.059059,9.94,0.09,4.57,0.52,-0.08,0.25,-30.81,18.12,-43.31,6.16,-4.14,9.49,0.20,0.00,0.48,-6.42,-5.86,5.66,-0.58,-0.14,0.15,2.26,-4.94,9.91,0.04,0.02,0.56,-2.71,-2.62,10.26,-0.22,0.13,0.52,1.69,10.75,-1.31,0.02,0.54,-0.26
53.080763,9.86,-0.02,4.64,0.34,-0.06,0.46,-30.81,18.12,-43.31,6.52,-4.13,9.55,0.20,0.08,0.53,-6.70,-5.63,5.96,-0.66,-0.10,0.14,2.66,-4.92,10.10,0.05,0.11,0.62,-2.46,-2.38,10.69,-0.23,0.22,0.56,2.06,10.93,-1.47,0.04,0.56,-0.37
53.1054,9.79,-0.21,4.72,0.32,-0.10,0.56,-30.50,19.31,-42.44,6.47,-4.05,9.74,0.17,0.15,0.66,-7.00,-5.70,5.97,-0.79,-0.09,0.10,2.59,-4.74,10.35,0.04,0.20,0.73,-2.68,-2.21,10.81,-0.29,0.33,0.63,1.98,11.12,-1.66,0.03,0.61,-0.50
53.125599,9.98,-0.37,4.80,0.32,-0.10,0.56,-31.38,19.19,-42.06,6.17,-4.07,9.68,0.15,0.17,0.73,-7.15,-5.81,5.88,-0.86,-0.10,0.07,2.28,-4.64,10.39,0.02,0.24,0.81,-2.96,-2.13,10.76,-0.34,0.38,0.68,1.84,11.19,-1.77,0.01,0.65,-0.56
53.143445,10.02,-0.64,4.84,0.32,-0.10,0.56,-31.38,19.19,-42.06,5.85,-4.03,9.64,0.16,0.16,0.79,-7.24,-5.77,5.75,-0.92,-0.13,0.07,1.91,-4.53,10.31,-0.00,0.23,0.88,-3.26,-2.05,10.62,-0.38,0.39,0.73,1.74,11.14,-1.92,-0.01,0.71,-0.58
53.166841,9.82,-0.71,5.11,0.58,-0.26,0.76,-31.38,19.19,-42.06,5.81,-3.72,9.90,0.19,0.14,0.85,-7.32,-5.69,5.49,-0.97,-0.18,0.10,1.93,-4.25,10.42,-0.01,0.22,0.93,-3.25,-1.80,10.55,-0.42,0.39,0.77,1.61,11.03,-2.17,-0.01,0.78,-0.58
53.189226,9.55,-0.68,5.30,0.58,-0.26,0.76,-32.00,20.25,-40.81,5.89,-3.36,10.27,0.17,0.20,0.91,-7.39,-5.61,5.04,-1.05,-0.14,0.06,2.15,-3.91,10.61,-0.01,0.28,0.98,-3.14,-1.44,10.53,-0.44,0.47,0.80,1.41,10.88,-2.48,-0.02,0.78,-0.66
53.212149,9.14,-1.17,5.49,0.58,-0.26,0.76,-32.31,21.12,-40.94,5.43,-3.01,10.47,0.12,0.30,0.98,-7.51,-5.61,4.57,-1.12,-0.08,-0.02,1.73,-3.42,10.68,-0.03,0.41,1.04,-3.50,-1.02,10.42,-0.46,0.60,0.80,1.05,10.74,-2.78,-0.03,0.75,-0.79
53.233784,8.94,-1.52,5.45,0.36,-0.42,0.99,-32.31,21.12,-40.94,4.61,-2.78,10.42,0.06,0.37,1.00,-7.65,-5.69,4.08,-1.14,-0.04,-0.08,1.03,-3.03,10.58,-0.05,0.50,1.04,-4.16,-0.85,9.75,-0.50,0.71,0.76,0.59,10.60,-3.09,-0.05,0.70,-0.85
53.260774,8.60,-2.21,5.57,0.29,-0.43,0.89,-32.31,21.12,-40.94,3.78,-2.56,10.25,0.02,0.38,0.95,-7.69,-5.59,3.45,-1.11,-0.03,-0.11,0.30,-2.60,10.31,-0.08,0.53,0.98,-4.69,-0.44,9.36,-0.49,0.71,0.70,0.16,10.26,-3.45,-0.07,0.66,-0.83
53.284681,8.09,-2.32,5.72,0.23,-0.42,0.86,-32.88,21.94,-40.31,3.57,-2.15,10.60,-0.02,0.41,0.89,-7.65,-5.54,2.89,-1.07,0.03,-0.17,0.23,-2.17,10.43,-0.10,0.56,0.91,-4.79,-0.09,9.21,-0.48,0.74,0.62,-0.18,10.01,-3.73,-0.08,0.57,-0.85
53.30728,7.95,-2.40,5.87,0.04,-0.46,0.88,-32.88,21.94,-40.31,3.29,-1.79,10.94,-0.10,0.51,0.83,-7.77,-5.58,2.40,-1.03,0.14,-0.27,-0.01,-1.73,10.61,-0.12,0.67,0.83,-5.03,0.27,9.07,-0.48,0.83,0.49,-0.53,9.91,-4.07,-0.10,0.43,-0.92
53.328039,7.79,-2.82,5.99,0.04,-0.46,0.88,-34.69,25.75,-39.12,2.65,-1.56,11.09,-0.21,0.61,0.76,-8.08,-5.66,2.02,-0.97,0.23,-0.38,-0.62,-1.32,10.71,-0.16,0.78,0.73,-5.53,0.53,8.69,-0.45,0.91,0.36,-0.89,9.95,-4.43,-0.14,0.29,-0.97
53.351267,7.71,-3.86,5.87,-0.26,-0.56,0.80,-35.00,26.06,-38.56,1.92,-1.65,10.95,-0.31,0.64,0.66,-8.38,-5.76,1.69,-0.87,0.27,-0.47,-1.32,-1.08,10.64,-0.23,0.85,0.61,-6.20,0.79,8.54,-0.42,0.92,0.24,-1.24,9.97,-4.72,-0.20,0.16,-0.95
53.372828,7.75,-4.20,5.80,-0.28,-0.58,0.68,-35.00,26.06,-38.56,1.40,-1.64,11.02,-0.38,0.59,0.57,-8.44,-5.85,1.37,-0.77,0.24,-0.53,-1.77,-0.91,10.64,-0.29,0.86,0.50,-6.61,0.95,8.35,-0.42,0.88,0.12,-1.57,9.91,-4.86,-0.26,0.09,-0.88
53.39434,7.53,-4.20,5.72,-0.28,-0.60,0.55,-35.00,26.06,-38.56,1.16,-1.62,11.09,-0.46,0.57,0.47,-8.33,-5.97,1.01,-0.67,0.22,-0.60,-1.89,-0.67,10.90,-0.37,0.93,0.38,-6.78,1.04,8.21,-0.43,0.85,-0.01,-1.91,9.76,-4.89,-0.32,0.01,-0.82
53.418488,7.41,-4.24,5.53,-0.28,-0.60,0.55,-35.56,28.38,-38.56,0.82,-1.65,10.97,-0.56,0.54,0.36,-8.20,-6.06,0.75,-0.53,0.23,-0.70,-2.37,-0.83,10.25,-0.44,0.87,0.24,-6.91,0.92,7.72,-0.43,0.82,-0.16,-2.15,9.58,-4.84,-0.41,-0.13,-0.76
53.438777,7.33,-4.39,5.22,-0.28,-0.60,0.55,-35.56,28.38,-38.56,0.65,-1.75,10.58,-0.63,0.51,0.25,-7.85,-5.97,0.60,-0.41,0.23,-0.76,-2.52,-0.94,9.81,-0.49,0.84,0.12,-6.86,0.78,7.37,-0.41,0.77,-0.29,-2.23,9.26,-4.67,-0.46,-0.23,-0.69
53.460499,7.14,-4.12,5.03,-0.52,-0.67,0.22,-35.56,28.38,-38.56,0.62,-1.78,10.22,-0.67,0.50,0.13,-7.36,-5.83,0.49,-0.29,0.25,-0.81,-2.46,-1.01,9.44,-0.51,0.80,-0.02,-6.57,0.58,7.00,-0.37,0.73,-0.42,-2.24,8.83,-4.40,-0.49,-0.35,-0.63
53.484445,6.91,-3.74,4.57,-0.61,-0.65,0.13,-36.19,29.25,-34.75,0.65,-1.83,10.00,-0.73,0.56,-0.04,-6.81,-5.92,0.23,-0.15,0.35,-0.89,-2.41,-1.14,9.11,-0.50,0.84,-0.18,-6.35,0.29,6.62,-0.29,0.74,-0.58,-2.46,8.49,-4.07,-0.50,-0.53,-0.61
53.506347,6.88,-3.66,4.34,-0.61,-0.65,0.13,-35.88,30.12,-36.31,0.53,-1.96,9.73,-0.80,0.64,-0.20,-6.49,-6.00,0.18,-0.03,0.47,-0.97,-2.57,-1.30,8.79,-0.50,0.92,-0.36,-6.36,0.04,6.31,-0.20,0.78,-0.75,-2.53,8.31,-3.79,-0.49,-0.73,-0.60
53.528654,6.95,-3.86,3.73,-0.61,-0.65,0.13,-35.88,30.12,-36.31,0.51,-2.34,9.23,-0.85,0.69,-0.35,-6.30,-5.95,0.35,0.10,0.57,-1.02,-2.57,-1.61,8.41,-0.49,0.96,-0.52,-6.27,-0.19,6.18,-0.11,0.78,-0.88,-2.44,8.22,-3.55,-0.48,-0.88,-0.57
53.555043,6.99,-3.86,3.23,-1.18,-0.50,-0.12,-35.88,30.12,-36.31,0.47,-2.71,8.83,-0.88,0.69,-0.49,-6.15,-6.00,0.59,0.24,0.61,-1.04,-2.65,-1.86,8.20,-0.49,0.93,-0.65,-6.28,-0.41,6.11,-0.04,0.74,-0.99,-2.35,8.25,-3.29,-0.47,-0.99,-0.49
53.57254,7.11,-3.82,3.00,-1.16,-0.48,-0.21,-35.88,30.12,-36.31,0.44,-2.95,8.61,-0.90,0.65,-0.56,-6.08,-6.11,0.79,0.32,0.59,-1.03,-2.76,-2.04,8.10,-0.50,0.88,-0.73,-6.34,-0.58,6.10,-0.03,0.68,-1.05,-2.32,8.35,-3.07,-0.49,-1.02,-0.41
53.594093,7.26,-3.70,2.88,-1.12,-0.46,-0.34,-35.88,30.12,-36.31,0.45,-3.20,8.43,-0.91,0.55,-0.65,-5.91,-6.32,0.99,0.43,0.53,-1.03,-2.81,-2.26,8.04,-0.53,0.79,-0.82,-6.39,-0.81,6.10,-0.02,0.56,-1.13,-2.32,8.44,-2.77,-0.53,-1.05,-0.30
53.618089,7.33,-3.32,2.54,-1.09,-0.47,-0.47,-36.75,31.94,-36.31,0.67,-3.45,8.19,-0.94,0.44,-0.74,-5.64,-6.42,1.26,0.55,0.45,-1.03,-2.63,-2.55,7.89,-0.59,0.68,-0.91,-6.16,-1.11,6.11,-0.03,0.44,-1.21,-2.18,8.42,-2.37,-0.60,-1.08,-0.18
53.638732,7.41,-3.12,2.31,-1.09,-0.47,-0.47,-36.75,31.94,-36.31,0.81,-3.66,7.92,-0.97,0.35,-0.80,-5.32,-6.43,1.44,0.64,0.38,-1.04,-2.44,-2.89,7.58,-0.64,0.60,-0.97,-5.87,-1.44,5.99,-0.05,0.34,-1.27,-2.05,8.32,-1.99,-0.65,-1.10,-0.08
53.661161,7.41,-2.89,2.00,-1.04,-0.50,-0.69,-36.75,31.94,-36.31,1.03,-4.07,7.46,-0.99,0.24,-0.85,-4.95,-6.45,1.76,0.73,0.29,-1.03,-2.32,-3.29,7.26,-0.68,0.50,-1.02,-5.61,-1.83,5.90,-0.07,0.23,-1.30,-1.87,8.21,-1.53,-0.70,-1.09,0.03
53.6856,7.75,-2.55,1.35,-0.90,-0.49,-0.88,-36.75,31.94,-36.31,1.42,-4.56,6.96,-0.97,0.12,-0.88,-4.40,-6.49,2.13,0.80,0.17,-0.99,-2.02,-3.89,6.85,-0.71,0.36,-1.05,-5.17,-2.46,5.75,-0.10,0.09,-1.32,-1.66,8.10,-0.91,-0.75,-1.04,0.16
53.7075,7.83,-2.17,1.05,-0.90,-0.49,-0.88,-37.12,28.81,-32.88,1.73,-4.99,6.51,-0.95,0.02,-0.89,-3.83,-6.54,2.49,0.86,0.08,-0.94,-1.76,-4.40,6.47,-0.73,0.26,-1.06,-4.77,-2.96,5.67,-0.12,-0.00,-1.32,-1.46,7.96,-0.29,-0.77,-1.00,0.27
53.729593,7.91,-1.82,0.62,-0.90,-0.49,-0.88,-37.12,27.31,-32.25,1.97,-5.35,6.00,-0.91,-0.06,-0.90,-3.26,-6.56,2.79,0.89,0.01,-0.90,-1.54,-4.97,5.96,-0.72,0.17,-1.05,-4.34,-3.56,5.43,-0.13,-0.10,-1.30,-1.27,7.75,0.31,-0.77,-0.95,0.34
53.752195,8.10,-1.44,-0.03,-0.90,-0.49,-0.88,-37.12,27.19,-31.94,2.21,-5.89,5.40,-0.85,-0.15,-0.89,-2.71,-6.64,3.18,0.91,-0.05,-0.82,-1.40,-5.56,5.43,-0.69,0.06,-1.02,-4.02,-4.19,5.18,-0.11,-0.20,-1.24,-1.09,7.61,0.98,-0.75,-0.89,0.42
53.774036,8.09,-1.25,-0.56,-0.59,-0.34,-1.02,-37.12,27.19,-31.94,2.31,-6.54,4.51,-0.76,-0.28,-0.87,-2.17,-6.68,3.68,0.94,-0.18,-0.70,-1.43,-6.16,4.86,-0.66,-0.10,-0.97,-3.76,-4.87,4.87,-0.12,-0.35,-1.14,-0.84,7.47,1.70,-0.74,-0.77,0.55
53.796722,8.41,-0.71,-1.56,-0.59,-0.34,-1.02,-37.44,23.38,-29.44,2.55,-7.22,3.71,-0.61,-0.47,-0.84,-1.23,-6.70,3.95,0.96,-0.34,-0.51,-1.26,-7.03,4.03,-0.60,-0.33,-0.91,-3.31,-5.78,4.51,-0.12,-0.54,-1.02,-0.72,7.07,2.59,-0.67,-0.59,0.73
53.821036,9.05,0.48,-1.37,-0.10,0.11,-1.07,-36.88,22.88,-29.00,3.32,-7.44,3.89,-0.39,-0.53,-0.89,-0.29,-6.91,3.88,0.98,-0.32,-0.30,-0.63,-7.69,3.85,-0.43,-0.45,-0.91,-2.59,-6.68,4.24,0.01,-0.63,-0.90,-0.82,6.79,3.29,-0.48,-0.52,0.80
53.842467,9.05,0.63,-1.33,-0.30,0.29,-0.91,-36.88,22.88,-29.00,3.83,-7.44,4.25,-0.25,-0.43,-0.94,-0.28,-7.16,4.24,0.95,-0.16,-0.18,-0.27,-7.83,4.17,-0.25,-0.41,-0.91,-2.43,-6.80,4.61,0.17,-0.59,-0.83,-0.59,7.17,3.51,-0.31,-0.56,0.77
53.86286,9.10,0.44,-1.56,-0.30,0.29,-0.91,-36.88,22.88,-29.00,4.05,-7.95,3.80,-0.14,-0.41,-0.93,-0.77,-7.08,5.29,0.93,-0.12,-0.06,-0.19,-8.17,4.30,-0.15,-0.45,-0.88,-2.43,-6.86,5.27,0.26,-0.63,-0.72,0.13,7.75,3.63,-0.21,-0.51,0.79
53.884328,9.52,0.17,-1.75,-0.32,0.34,-0.87,-36.88,22.88,-29.00,4.55,-8.43,3.54,0.02,-0.56,-0.84,-0.95,-6.99,6.14,0.88,-0.26,0.13,0.23,-8.70,4.37,-0.08,-0.63,-0.76,-2.17,-7.17,5.82,0.25,-0.77,-0.54,0.74,8.14,3.91,-0.14,-0.29,0.90
53.908577,10.36,0.97,-1.21,0.06,0.39,-0.91,-36.31,19.62,-30.94,5.48,-8.50,4.16,0.21,-0.68,-0.72,-0.82,-7.21,6.36,0.77,-0.34,0.35,1.05,-9.16,4.81,0.04,-0.79,-0.60,-1.68,-7.60,6.30,0.27,-0.87,-0.32,0.83,8.40,4.13,-0.03,-0.08,0.95
53.930527,10.59,1.39,-0.83,0.38,0.60,-0.72,-35.12,16.19,-29.62,6.03,-8.23,5.02,0.34,-0.62,-0.64,-1.03,-7.43,6.55,0.67,-0.28,0.46,1.42,-9.09,5.57,0.17,-0.77,-0.50,-1.59,-7.55,6.87,0.34,-0.83,-0.18,0.95,8.83,4.06,0.10,-0.01,0.89
53.952964,10.62,1.51,-0.56,0.38,0.60,-0.72,-35.12,15.88,-30.31,6.47,-8.27,5.28,0.42,-0.55,-0.55,-1.68,-7.38,7.10,0.54,-0.22,0.53,1.77,-9.12,6.07,0.25,-0.74,-0.39,-1.57,-7.25,7.73,0.35,-0.77,-0.05,1.39,9.40,3.79,0.18,0.07,0.81
53.976122,10.93,1.05,-0.07,0.50,0.61,-0.34,-35.12,15.88,-30.31,6.74,-8.18,5.58,0.51,-0.53,-0.41,-2.27,-7.28,7.54,0.39,-0.24,0.62,1.97,-9.01,6.60,0.31,-0.74,-0.22,-1.61,-7.01,8.34,0.32,-0.73,0.10,1.80,9.87,3.47,0.24,0.21,0.74
53.99823,10.93,1.24,0.24,0.50,0.61,-0.34,-34.50,14.94,-31.94,6.91,-7.92,5.81,0.60,-0.56,-0.26,-2.81,-7.12,7.85,0.26,-0.31,0.70,2.20,-8.78,6.92,0.35,-0.78,-0.05,-1.59,-6.72,8.67,0.27,-0.74,0.27,2.13,10.16,3.13,0.27,0.38,0.71
54.020347,10.51,1.28,0.47,0.66,0.59,-0.26,-34.50,14.94,-31.94,7.01,-7.78,5.56,0.67,-0.64,-0.09,-2.99,-6.78,8.10,0.13,-0.45,0.78,2.37,-8.64,6.86,0.35,-0.88,0.14,-1.38,-6.53,8.80,0.19,-0.80,0.46,2.53,10.08,2.99,0.27,0.58,0.71
54.045038,10.59,1.82,0.39,1.12,0.55,-0.14,-34.50,14.94,-31.94,7.39,-7.76,5.14,0.83,-0.75,0.13,-2.54,-6.32,8.03,-0.04,-0.59,0.94,2.83,-8.90,6.33,0.41,-1.00,0.38,-0.70,-6.85,8.50,0.13,-0.87,0.72,2.73,9.55,3.15,0.33,0.85,0.71
54.06214,10.59,2.24,0.70,1.25,0.70,0.04,-34.50,14.94,-31.94,7.70,-7.45,5.35,0.97,-0.73,0.24,-2.22,-6.13,7.68,-0.16,-0.58,1.06,3.25,-8.84,6.24,0.51,-1.01,0.51,-0.28,-6.92,8.29,0.15,-0.84,0.88,2.63,9.20,3.11,0.45,0.97,0.66
54.082737,10.32,2.35,1.16,1.25,0.70,0.04,-34.50,14.94,-31.94,7.77,-6.75,5.97,1.10,-0.56,0.32,-2.25,-6.05,7.19,-0.32,-0.42,1.15,3.43,-8.30,6.56,0.68,-0.90,0.63,-0.23,-6.47,8.32,0.25,-0.69,1.03,2.45,9.05,2.73,0.63,1.00,0.50
54.106103,9.94,2.12,1.46,0.92,0.90,0.53,-33.00,13.12,-32.00,7.34,-6.27,6.14,1.20,-0.34,0.39,-2.90,-5.84,7.04,-0.47,-0.23,1.21,3.14,-7.58,6.85,0.83,-0.74,0.72,-0.57,-5.75,8.42,0.36,-0.52,1.15,2.47,9.19,2.06,0.78,1.00,0.33
54.128236,9.60,0.89,1.89,0.92,0.90,0.53,-33.00,13.12,-32.00,6.81,-5.96,6.03,1.30,-0.27,0.46,-3.57,-5.55,6.97,-0.59,-0.18,1.30,2.74,-7.06,6.94,0.94,-0.70,0.83,-0.98,-5.11,8.52,0.41,-0.46,1.30,2.55,9.31,1.40,0.89,1.09,0.27
54.149899,9.64,0.82,2.43,1.14,0.99,0.69,-33.00,13.12,-32.00,6.68,-5.33,6.51,1.42,-0.25,0.53,-4.05,-5.37,6.63,-0.68,-0.16,1.40,2.77,-6.41,7.35,1.04,-0.71,0.92,-1.15,-4.47,8.70,0.45,-0.44,1.43,2.46,9.34,0.74,1.00,1.19,0.23
54.172921,9.14,0.78,3.27,1.14,0.99,0.69,-33.88,14.88,-33.69,6.59,-4.52,7.21,1.50,-0.18,0.59,-4.73,-5.18,6.33,-0.77,-0.10,1.47,2.85,-5.54,7.97,1.12,-0.67,1.00,-1.37,-3.54,9.06,0.48,-0.38,1.52,2.45,9.53,-0.07,1.08,1.23,0.16
54.19466,8.64,0.48,3.34,1.12,1.05,0.86,-33.88,14.88,-33.69,6.22,-4.06,7.32,1.52,-0.17,0.69,-5.59,-4.88,6.32,-0.86,-0.13,1.49,2.64,-4.86,8.25,1.12,-0.68,1.10,-1.73,-2.68,9.37,0.43,-0.37,1.61,2.60,9.77,-0.81,1.07,1.32,0.13
54.216388,8.52,0.05,3.61,1.27,0.97,0.87,-33.88,14.88,-33.69,5.72,-3.71,7.18,1.55,-0.31,0.82,-6.17,-4.62,6.28,-0.91,-0.31,1.54,2.24,-4.27,8.36,1.07,-0.81,1.23,-2.15,-2.09,9.39,0.33,-0.48,1.72,2.67,9.82,-1.35,1.00,1.49,0.20
54.239514,8.21,-0.06,3.73,1.54,0.88,0.78,-33.00,15.06,-34.50,5.45,-3.38,7.13,1.61,-0.52,0.94,-6.02,-4.45,5.65,-0.94,-0.53,1.62,2.10,-4.04,8.09,1.03,-1.01,1.35,-2.16,-2.04,8.89,0.22,-0.66,1.83,2.30,9.34,-1.58,0.95,1.68,0.31
54.26125,8.29,0.25,4.07,1.77,0.98,0.71,-33.00,15.81,-35.69,5.41,-2.75,7.76,1.67,-0.57,0.94,-5.62,-4.43,4.74,-0.94,-0.55,1.68,2.12,-3.65,8.22,1.07,-1.06,1.36,-2.04,-1.96,8.50,0.26,-0.69,1.87,1.77,8.85,-1.73,1.00,1.71,0.33
54.281701,8.10,0.44,4.38,1.77,0.98,0.71,-33.00,15.81,-35.69,5.25,-2.23,8.34,1.68,-0.45,0.88,-5.75,-4.38,4.19,-0.93,-0.41,1.69,2.10,-3.14,8.51,1.13,-0.95,1.30,-2.14,-1.49,8.49,0.34,-0.59,1.83,1.48,8.73,-2.20,1.08,1.61,0.27
54.305886,7.71,-0.60,5.03,1.48,1.07,0.82,-33.25,16.00,-34.62,4.67,-1.77,8.71,1.66,-0.29,0.81,-6.43,-4.31,3.88,-0.93,-0.24,1.66,1.64,-2.46,8.84,1.20,-0.81,1.24,-2.79,-0.69,8.62,0.44,-0.46,1.78,1.30,8.94,-2.92,1.14,1.48,0.19
54.3277,7.48,-0.98,5.26,1.48,1.07,0.82,-33.56,15.44,-36.00,4.07,-1.51,8.84,1.65,-0.25,0.75,-7.17,-4.22,3.70,-0.89,-0.19,1.64,1.12,-1.94,9.10,1.21,-0.78,1.16,-3.38,-0.11,8.67,0.49,-0.44,1.72,1.19,9.18,-3.61,1.16,1.42,0.20
54.350296,7.45,-1.67,5.83,1.48,1.07,0.82,-32.62,16.94,-38.38,3.69,-1.24,9.05,1.65,-0.30,0.69,-7.70,-4.13,3.50,-0.81,-0.21,1.64,0.81,-1.48,9.44,1.20,-0.83,1.10,-3.78,0.35,8.79,0.51,-0.52,1.68,1.11,9.33,-4.10,1.14,1.39,0.27
54.371413,7.45,-1.67,5.83,1.32,1.12,0.64,-33.25,16.38,-36.12,3.55,-0.91,9.29,1.66,-0.36,0.62,-7.92,-4.05,3.22,-0.73,-0.24,1.65,0.75,-1.16,9.55,1.19,-0.90,1.03,-3.93,0.74,8.93,0.51,-0.60,1.62,0.98,9.28,-4.45,1.12,1.36,0.35
54.39507,7.10,-1.63,6.60,1.32,1.12,0.64,-33.25,16.75,-37.62,3.54,-0.64,9.47,1.69,-0.39,0.54,-7.97,-3.78,2.81,-0.64,-0.20,1.64,0.87,-0.91,9.55,1.20,-0.91,0.94,-3.87,1.07,9.00,0.51,-0.61,1.52,0.87,9.04,-4.82,1.14,1.28,0.40
54.416861,7.07,-1.82,6.95,1.22,1.20,0.49,-33.25,16.75,-37.62,3.20,-0.18,9.72,1.71,-0.36,0.44,-8.32,-3.59,2.66,-0.55,-0.14,1.67,0.56,-0.40,9.74,1.25,-0.92,0.85,-4.08,1.29,8.66,0.56,-0.62,1.44,0.87,9.05,-5.22,1.18,1.20,0.45
54.43853,6.80,-2.09,6.91,1.13,1.29,0.45,-33.25,16.75,-37.62,2.71,0.22,9.75,1.71,-0.43,0.34,-8.81,-3.54,2.81,-0.42,-0.19,1.69,0.27,0.11,9.90,1.22,-0.99,0.75,-4.45,1.68,8.65,0.61,-0.73,1.38,1.00,9.28,-5.53,1.15,1.16,0.59
54.4628,6.30,-1.90,6.71,1.16,1.29,0.28,-32.62,16.06,-38.62,2.74,0.51,9.82,1.62,-0.63,0.22,-8.87,-3.52,2.89,-0.24,-0.35,1.67,0.40,0.37,10.06,1.11,-1.15,0.60,-4.36,1.91,8.84,0.63,-0.95,1.28,1.09,9.28,-5.58,1.03,1.14,0.79
54.479967,6.34,-1.52,6.91,1.24,1.16,-0.11,-32.62,16.06,-38.62,3.19,0.69,9.97,1.55,-0.72,0.12,-8.60,-3.35,2.79,-0.14,-0.40,1.62,0.86,0.28,9.97,1.04,-1.21,0.49,-3.87,1.86,8.90,0.63,-1.03,1.18,1.16,9.03,-5.49,0.97,1.08,0.87
54.502136,6.41,-1.02,7.14,1.24,1.16,-0.11,-30.81,16.69,-41.25,3.74,1.13,10.42,1.45,-0.68,-0.02,-8.24,-3.16,2.53,-0.02,-0.32,1.52,1.50,0.37,10.10,1.01,-1.14,0.33,-3.31,1.92,9.00,0.67,-0.98,1.00,1.19,8.72,-5.53,0.93,0.89,0.87
54.525711,6.22,-0.52,8.05,0.63,1.18,-0.10,-30.81,16.69,-41.25,4.19,1.71,11.22,1.27,-0.46,-0.22,-8.49,-2.96,2.45,0.08,-0.06,1.32,1.95,0.87,10.88,0.96,-0.90,0.09,-3.10,2.42,9.47,0.75,-0.77,0.74,1.33,8.84,-5.94,0.92,0.57,0.73
54.547885,6.14,-0.64,8.52,0.63,1.18,-0.10,-30.25,12.88,-40.56,4.40,2.05,11.86,1.05,-0.20,-0.38,-9.12,-2.98,2.44,0.17,0.21,1.04,2.21,1.11,11.36,0.92,-0.65,-0.08,-3.31,2.92,10.01,0.82,-0.52,0.47,1.40,9.24,-6.43,0.86,0.21,0.55
54.570325,6.41,-1.13,9.17,0.63,1.18,-0.10,-30.50,14.00,-41.50,4.15,2.16,12.14,0.82,0.00,-0.53,-9.82,-2.95,2.66,0.28,0.42,0.78,1.85,1.36,11.81,0.83,-0.39,-0.28,-3.82,3.24,10.37,0.86,-0.33,0.21,1.54,9.70,-6.87,0.78,-0.10,0.42
54.592652,6.64,-1.59,9.25,-0.38,0.85,-0.17,-30.50,14.00,-41.50,3.87,2.13,12.19,0.61,0.10,-0.68,-10.41,-2.94,2.90,0.41,0.52,0.56,1.54,1.62,12.22,0.71,-0.25,-0.47,-4.32,3.56,10.68,0.85,-0.26,-0.03,1.66,10.11,-7.23,0.66,-0.33,0.39
54.614806,6.45,-1.59,9.17,-0.47,0.75,-0.33,-30.50,14.00,-41.50,3.79,2.14,12.19,0.40,0.09,-0.81,-10.72,-2.88,3.06,0.56,0.50,0.37,1.55,1.74,12.39,0.53,-0.20,-0.65,-4.39,3.76,10.91,0.78,-0.25,-0.29,1.81,10.24,-7.35,0.50,-0.49,0.43
54.638386,6.45,-1.52,9.12,-0.54,0.60,-0.51,-30.50,14.00,-41.50,4.03,2.02,11.95,0.23,0.06,-0.90,-10.66,-2.64,3.15,0.69,0.45,0.20,1.86,1.60,12.14,0.38,-0.18,-0.78,-4.07,3.73,10.96,0.70,-0.26,-0.49,2.05,10.09,-7.34,0.33,-0.62,0.47
54.660048,6.45,-1.40,9.13,-0.64,0.40,-0.71,-27.88,14.81,-44.88,4.18,2.03,11.80,0.07,0.02,-0.96,-10.51,-2.43,3.18,0.79,0.41,0.04,2.06,1.55,11.99,0.22,-0.16,-0.88,-3.80,3.65,10.81,0.62,-0.27,-0.66,2.17,9.91,-7.28,0.19,-0.73,0.49
54.68532,6.38,-1.36,9.01,-0.64,0.40,-0.71,-27.50,15.06,-47.75,4.07,1.97,11.46,-0.06,-0.01,-1.03,-10.44,-2.34,3.24,0.89,0.37,-0.08,1.94,1.51,11.72,0.10,-0.14,-0.97,-3.81,3.61,10.68,0.55,-0.30,-0.80,2.24,9.81,-7.23,0.06,-0.82,0.54
54.702578,6.30,-1.44,8.79,-0.64,0.40,-0.71,-27.50,15.06,-47.75,3.96,1.78,10.97,-0.15,-0.11,-1.08,-10.37,-2.15,3.38,0.99,0.27,-0.14,1.87,1.39,11.38,-0.02,-0.20,-1.05,-3.70,3.50,10.52,0.48,-0.39,-0.91,2.40,9.68,-7.14,-0.05,-0.84,0.65
54.727416,6.34,-1.10,8.70,-0.55,0.27,-1.10,-27.50,15.06,-47.75,4.13,1.82,10.83,-0.20,-0.25,-1.13,-10.05,-2.03,3.39,1.10,0.14,-0.16,2.08,1.24,11.15,-0.12,-0.28,-1.13,-3.39,3.30,10.32,0.42,-0.48,-1.00,2.49,9.44,-6.92,-0.15,-0.84,0.77
54.748483,6.34,-0.71,8.67,-0.57,0.26,-1.19,-27.50,15.06,-47.75,4.38,1.85,10.82,-0.28,-0.32,-1.21,-9.85,-2.08,3.42,1.18,0.09,-0.20,2.35,1.16,11.14,-0.21,-0.30,-1.23,-3.16,3.16,10.33,0.39,-0.53,-1.10,2.54,9.42,-6.77,-0.23,-0.89,0.84
54.770057,6.45,-0.60,8.66,-0.57,0.26,-1.19,-24.81,14.00,-49.06,4.75,1.83,10.96,-0.38,-0.36,-1.29,-9.77,-2.16,3.52,1.27,0.09,-0.28,2.62,1.02,11.26,-0.29,-0.30,-1.33,-2.98,3.06,10.50,0.37,-0.55,-1.22,2.59,9.49,-6.67,-0.29,-0.98,0.87
54.793046,6.76,-0.37,8.79,-0.57,0.26,-1.19,-24.81,13.94,-48.75,5.19,1.80,11.10,-0.48,-0.32,-1.38,-9.79,-2.14,3.71,1.36,0.13,-0.38,2.95,0.88,11.38,-0.36,-0.23,-1.43,-2.71,2.97,10.77,0.37,-0.53,-1.35,2.78,9.60,-6.60,-0.35,-1.10,0.86
54.81472,6.91,-0.25,8.86,-0.88,0.12,-1.34,-24.81,13.94,-48.75,5.63,1.74,11.26,-0.58,-0.27,-1.44,-9.84,-2.04,3.92,1.40,0.19,-0.48,3.37,0.68,11.47,-0.42,-0.15,-1.51,-2.41,2.87,11.05,0.35,-0.45,-1.46,3.02,9.72,-6.58,-0.40,-1.21,0.81
54.836399,7.07,-0.18,9.01,-0.98,0.07,-1.34,-24.81,13.94,-48.75,5.94,1.83,11.58,-0.70,-0.20,-1.48,-10.04,-2.09,4.15,1.41,0.27,-0.60,3.62,0.73,11.96,-0.47,-0.03,-1.59,-2.49,3.00,11.60,0.33,-0.36,-1.57,3.18,10.01,-6.62,-0.45,-1.32,0.75
54.860295,7.18,0.09,9.24,-0.98,0.07,-1.34,-22.75,13.12,-51.06,6.36,1.89,11.85,-0.88,-0.09,-1.51,-10.45,-2.10,4.56,1.42,0.34,-0.76,3.88,1.02,12.78,-0.63,0.15,-1.68,-2.31,3.16,12.09,0.26,-0.23,-1.73,3.52,10.42,-6.75,-0.54,-1.44,0.64
54.881472,7.26,0.28,9.24,-0.98,0.07,-1.34,-21.81,13.69,-51.56,6.88,1.82,11.86,-1.06,-0.03,-1.49,-10.85,-2.01,5.08,1.39,0.33,-0.94,4.68,0.49,12.38,-0.78,0.26,-1.69,-1.91,3.27,12.69,0.13,-0.14,-1.84,4.01,10.82,-6.85,-0.69,-1.51,0.53
54.902211,7.33,0.21,9.25,-0.98,0.07,-1.34,-21.81,13.69,-51.56,7.41,1.59,11.61,-1.21,-0.01,-1.40,-10.87,-1.80,5.61,1.33,0.30,-1.14,5.08,0.25,12.45,-0.90,0.35,-1.62,-1.36,2.99,12.90,0.00,-0.04,-1.87,4.54,10.92,-6.67,-0.85,-1.53,0.41
54.927221,7.79,1.20,8.90,-1.29,-0.74,-1.20,-22.38,14.56,-53.12,8.05,1.35,11.34,-1.37,0.03,-1.26,-10.54,-1.64,6.08,1.22,0.25,-1.33,5.63,-0.21,12.32,-1.04,0.45,-1.51,-0.74,2.50,13.01,-0.16,0.08,-1.87,4.95,10.85,-6.22,-1.01,-1.51,0.26
54.945659,7.79,1.20,8.90,-1.31,-0.89,-1.09,-21.50,14.19,-53.44,8.47,1.21,11.20,-1.48,0.10,-1.17,-10.19,-1.66,6.34,1.12,0.25,-1.45,5.99,-0.52,12.18,-1.13,0.57,-1.44,-0.36,2.15,13.05,-0.26,0.21,-1.88,5.15,10.77,-5.79,-1.10,-1.50,0.13
54.966314,7.95,1.93,8.13,-1.31,-0.89,-1.09,-21.50,14.19,-53.44,8.82,0.70,10.52,-1.62,0.22,-1.04,-9.71,-1.68,6.87,0.99,0.25,-1.60,6.24,-1.14,11.61,-1.24,0.73,-1.34,0.07,1.51,12.88,-0.37,0.37,-1.88,5.50,10.68,-5.12,-1.21,-1.49,-0.04
54.992128,8.18,2.01,6.87,-1.31,-0.89,-1.09,-21.50,14.19,-53.44,9.04,-0.33,9.21,-1.68,0.27,-0.83,-8.95,-1.51,7.53,0.80,0.19,-1.70,6.41,-2.18,10.53,-1.32,0.82,-1.16,0.70,0.58,12.47,-0.53,0.47,-1.78,5.98,10.35,-4.21,-1.30,-1.36,-0.19
55.01021,8.29,2.12,6.29,-1.23,-1.25,-0.72,-22.69,18.19,-53.06,9.36,-1.23,8.27,-1.62,0.34,-0.64,-8.26,-1.52,7.84,0.64,0.11,-1.69,6.41,-2.84,9.87,-1.33,0.83,-0.97,1.05,-0.16,12.03,-0.63,0.51,-1.64,6.06,10.05,-3.50,-1.33,-1.20,-0.28
55.032348,8.37,2.24,5.64,-1.01,-1.29,-0.57,-22.69,18.19,-53.06,8.98,-1.80,7.77,-1.57,0.27,-0.40,-7.25,-1.69,7.92,0.42,0.01,-1.63,6.20,-3.70,9.00,-1.33,0.80,-0.72,1.36,-1.15,11.30,-0.74,0.55,-1.41,5.89,9.57,-2.56,-1.30,-0.97,-0.38
55.056588,8.67,2.43,4.76,-0.72,-1.17,-0.17,-23.88,18.06,-52.62,8.72,-2.45,7.22,-1.43,0.30,-0.19,-6.09,-2.07,7.65,0.19,-0.01,-1.50,5.77,-4.44,8.17,-1.23,0.81,-0.47,1.37,-2.17,10.35,-0.76,0.61,-1.14,5.37,9.03,-1.65,-1.19,-0.76,-0.49
55.076689,8.59,2.35,4.38,-0.72,-1.17,-0.17,-23.88,18.06,-52.62,8.51,-2.89,6.90,-1.30,0.38,-0.06,-5.35,-2.40,7.33,-0.01,0.07,-1.37,5.53,-4.84,7.71,-1.10,0.86,-0.31,1.31,-2.68,9.80,-0.72,0.70,-0.94,4.92,8.70,-1.14,-1.04,-0.64,-0.61
55.098548,8.56,2.08,4.19,-0.70,-1.04,0.05,-23.88,18.06,-52.62,8.12,-3.18,6.80,-1.15,0.50,0.07,-5.09,-2.76,7.08,-0.19,0.17,-1.25,5.03,-4.95,7.59,-0.94,0.92,-0.13,0.92,-2.79,9.63,-0.65,0.81,-0.74,4.49,8.68,-0.92,-0.87,-0.53,-0.75
55.122692,8.33,1.24,3.92,-0.63,-0.89,0.42,-23.88,18.06,-52.62,7.47,-3.39,6.72,-1.02,0.59,0.21,-5.32,-3.12,6.97,-0.37,0.23,-1.14,4.26,-4.81,7.61,-0.81,0.95,0.06,0.22,-2.67,9.42,-0.64,0.88,-0.52,4.15,8.92,-0.99,-0.74,-0.39,-0.86
55.144298,8.37,0.70,3.77,-0.63,-0.89,0.42,-26.88,21.75,-52.56,6.83,-3.72,6.56,-0.88,0.54,0.37,-5.49,-3.36,6.86,-0.52,0.16,-1.00,3.59,-4.85,7.57,-0.74,0.87,0.25,-0.40,-2.66,9.23,-0.67,0.85,-0.31,3.83,9.04,-1.01,-0.68,-0.18,-0.86
55.166037,8.52,0.51,3.61,-0.63,-0.89,0.42,-27.19,21.44,-51.38,6.41,-3.92,6.64,-0.73,0.44,0.52,-5.38,-3.73,6.54,-0.65,0.03,-0.84,3.11,-4.88,7.58,-0.68,0.74,0.42,-0.89,-2.78,8.99,-0.70,0.76,-0.09,3.35,9.05,-0.91,-0.62,0.05,-0.83
55.185788,8.60,0.48,3.46,-0.63,-0.89,0.42,-27.19,21.44,-51.38,6.12,-3.97,6.75,-0.60,0.34,0.64,-5.20,-4.01,6.23,-0.74,-0.07,-0.70,2.76,-4.93,7.53,-0.63,0.63,0.56,-1.14,-2.89,8.80,-0.73,0.68,0.07,2.98,8.99,-0.79,-0.57,0.22,-0.80
55.211093,8.63,0.55,3.46,0.19,-0.73,0.60,-28.38,23.19,-50.94,5.95,-3.96,6.93,-0.46,0.28,0.75,-5.17,-4.19,6.05,-0.84,-0.13,-0.55,2.56,-4.92,7.60,-0.53,0.51,0.70,-1.32,-2.90,8.73,-0.73,0.61,0.25,2.74,9.04,-0.81,-0.49,0.39,-0.78
55.228859,8.63,0.55,3.46,0.27,-0.68,0.66,-28.38,22.69,-49.12,5.88,-4.07,6.92,-0.38,0.23,0.83,-5.37,-4.25,6.21,-0.90,-0.20,-0.44,2.46,-4.88,7.78,-0.49,0.43,0.81,-1.52,-2.83,8.84,-0.74,0.54,0.39,2.82,9.24,-0.85,-0.46,0.52,-0.74
55.250128,8.63,0.40,3.34,0.27,-0.68,0.66,-29.19,22.25,-49.00,5.90,-4.40,6.65,-0.26,0.07,0.97,-5.50,-4.19,6.38,-0.99,-0.37,-0.30,2.40,-5.05,7.74,-0.48,0.26,0.97,-1.58,-2.85,8.94,-0.81,0.41,0.57,2.94,9.32,-0.85,-0.44,0.75,-0.67
55.272352,8.98,0.17,3.34,0.27,-0.68,0.66,-29.19,22.25,-49.00,6.09,-4.37,7.05,-0.09,-0.06,1.12,-5.30,-4.28,5.96,-1.11,-0.50,-0.13,2.54,-5.24,7.73,-0.41,0.11,1.14,-1.49,-3.05,8.82,-0.85,0.31,0.78,2.57,9.17,-0.85,-0.37,0.99,-0.63
55.29441,9.21,0.59,4.00,1.00,-0.54,0.80,-29.19,22.25,-49.00,6.02,-3.82,8.20,0.02,-0.02,1.19,-5.37,-4.92,5.37,-1.21,-0.46,-0.03,2.35,-4.79,8.59,-0.31,0.12,1.24,-1.97,-2.84,9.00,-0.81,0.35,0.90,1.88,9.44,-1.03,-0.27,1.05,-0.69
55.315996,9.09,0.13,4.15,0.82,-0.47,0.94,-29.19,22.25,-49.00,5.77,-3.71,8.67,0.02,0.08,1.23,-6.01,-5.21,5.31,-1.27,-0.38,-0.04,2.06,-4.48,9.09,-0.28,0.20,1.28,-2.56,-2.37,9.40,-0.79,0.43,0.94,1.71,9.94,-1.47,-0.24,1.04,-0.77
55.340367,9.36,-1.13,4.34,0.80,-0.60,1.00,-29.19,22.25,-49.00,5.29,-3.74,8.86,0.04,0.08,1.31,-6.56,-5.27,5.18,-1.34,-0.40,-0.04,1.48,-4.27,9.36,-0.28,0.20,1.36,-3.15,-2.07,9.50,-0.83,0.44,1.00,1.52,10.16,-1.86,-0.25,1.10,-0.81
55.361726,9.36,-1.10,4.68,0.80,-0.60,1.00,-31.31,23.25,-45.94,5.05,-3.44,9.35,0.07,0.06,1.34,-6.78,-5.40,4.66,-1.39,-0.42,-0.02,1.29,-4.00,9.60,-0.27,0.19,1.40,-3.46,-1.85,9.39,-0.84,0.45,1.04,1.06,10.15,-2.22,-0.23,1.14,-0.82
55.381744,9.21,-1.10,5.11,0.80,-0.60,1.00,-31.31,23.25,-45.94,4.79,-2.94,9.84,0.07,0.12,1.34,-7.01,-5.44,4.23,-1.40,-0.38,-0.03,1.08,-3.48,9.95,-0.25,0.25,1.39,-3.76,-1.39,9.40,-0.82,0.50,1.03,0.80,10.15,-2.63,-0.21,1.11,-0.86
55.406776,8.71,-1.25,5.18,0.66,-0.60,1.06,-32.88,24.81,-42.94,4.31,-2.69,9.81,0.04,0.16,1.34,-7.43,-5.26,4.04,-1.40,-0.36,-0.07,0.77,-3.04,9.99,-0.26,0.28,1.39,-4.12,-0.84,9.41,-0.83,0.53,1.01,0.78,10.18,-3.12,-0.24,1.08,-0.89
55.427616,8.41,-2.09,5.22,0.66,-0.60,1.06,-32.88,24.81,-42.94,3.89,-2.58,9.75,0.03,0.11,1.37,-7.60,-5.15,3.69,-1.40,-0.40,-0.09,0.37,-2.75,9.91,-0.29,0.25,1.41,-4.46,-0.61,9.16,-0.87,0.49,1.01,0.53,10.04,-3.39,-0.28,1.11,-0.86
55.449348,8.41,-2.21,5.30,0.66,-0.60,1.06,-33.75,24.75,-42.62,3.44,-2.33,9.91,0.04,0.08,1.36,-7.44,-5.20,3.09,-1.37,-0.43,-0.08,-0.03,-2.47,9.84,-0.29,0.23,1.39,-4.63,-0.56,8.69,-0.87,0.47,0.99,0.03,9.71,-3.52,-0.28,1.11,-0.82
55.472412,8.02,-2.32,5.26,0.66,-0.60,1.06,-34.06,24.88,-41.19,2.83,-2.05,10.06,0.03,0.12,1.28,-7.18,-5.40,2.34,-1.30,-0.36,-0.09,-0.59,-2.18,9.65,-0.26,0.27,1.30,-4.99,-0.51,8.10,-0.80,0.49,0.92,-0.63,9.35,-3.61,-0.25,1.01,-0.80
55.494004,7.87,-2.55,5.22,0.58,-0.53,0.90,-34.06,24.88,-41.19,2.31,-1.86,10.11,0.02,0.19,1.13,-7.06,-5.47,1.78,-1.20,-0.24,-0.11,-1.03,-1.90,9.53,-0.21,0.33,1.15,-5.37,-0.32,7.77,-0.69,0.53,0.80,-1.05,9.10,-3.75,-0.19,0.85,-0.79
55.515818,7.68,-2.74,5.30,0.38,-0.45,0.85,-34.06,24.88,-41.19,2.02,-1.58,10.31,-0.02,0.29,0.95,-7.15,-5.47,1.46,-1.08,-0.09,-0.16,-1.19,-1.55,9.66,-0.18,0.42,0.97,-5.56,-0.01,7.67,-0.58,0.59,0.64,-1.23,9.04,-4.04,-0.15,0.66,-0.79
55.543578,7.26,-3.09,5.45,0.03,-0.42,0.73,-34.38,26.62,-39.00,1.80,-1.51,10.31,-0.10,0.38,0.78,-7.49,-5.39,1.44,-0.96,0.04,-0.24,-1.15,-1.25,10.00,-0.18,0.51,0.79,-5.74,0.33,7.82,-0.48,0.63,0.49,-1.21,9.15,-4.29,-0.15,0.48,-0.78
55.56307,7.33,-3.39,5.41,0.03,-0.42,0.73,-34.38,26.62,-39.00,1.64,-1.48,10.38,-0.16,0.41,0.67,-7.59,-5.42,1.27,-0.86,0.10,-0.31,-1.54,-1.28,9.68,-0.21,0.55,0.67,-5.81,0.38,7.74,-0.46,0.64,0.36,-1.36,9.15,-4.41,-0.17,0.35,-0.76
55.583072,7.33,-3.39,5.41,-0.13,-0.43,0.59,-34.38,26.62,-39.00,1.58,-1.37,10.70,-0.22,0.47,0.56,-7.51,-5.59,0.91,-0.77,0.19,-0.38,-1.62,-1.13,9.94,-0.21,0.62,0.54,-5.97,0.41,7.70,-0.39,0.68,0.22,-1.72,9.10,-4.48,-0.17,0.20,-0.77
55.607779,7.41,-3.70,5.64,-0.13,-0.43,0.59,-35.62,28.00,-37.00,1.26,-1.32,10.89,-0.33,0.60,0.37,-7.74,-5.81,0.72,-0.62,0.36,-0.50,-1.95,-1.00,10.09,-0.22,0.75,0.34,-6.43,0.51,7.62,-0.30,0.78,0.01,-1.95,9.26,-4.64,-0.18,-0.06,-0.79
55.629137,7.33,-4.16,5.53,-0.59,-0.42,0.48,-35.62,28.00,-37.00,0.96,-1.45,10.72,-0.42,0.65,0.22,-8.02,-5.70,0.82,-0.49,0.42,-0.57,-2.31,-0.99,9.99,-0.25,0.80,0.19,-6.68,0.66,7.65,-0.24,0.78,-0.14,-1.85,9.35,-4.80,-0.21,-0.21,-0.75
55.650998,7.29,-4.47,5.38,-0.57,-0.42,0.37,-35.62,28.00,-37.00,0.70,-1.64,10.33,-0.47,0.59,0.12,-8.11,-5.58,0.89,-0.37,0.38,-0.61,-2.41,-0.90,9.86,-0.29,0.75,0.08,-6.77,0.77,7.57,-0.24,0.71,-0.24,-1.82,9.31,-4.85,-0.26,-0.27,-0.66
55.67428,6.95,-4.16,5.07,-0.57,-0.42,0.37,-35.88,31.44,-38.00,0.61,-1.66,10.23,-0.51,0.50,0.03,-7.82,-5.60,0.68,-0.25,0.32,-0.64,-2.45,-0.94,9.69,-0.35,0.67,-0.03,-6.68,0.64,7.32,-0.24,0.62,-0.34,-2.00,9.05,-4.69,-0.33,-0.32,-0.55
55.696183,6.98,-4.01,4.88,-0.51,-0.47,0.10,-35.88,31.44,-38.00,0.60,-1.70,10.27,-0.56,0.49,-0.07,-7.40,-5.81,0.39,-0.14,0.31,-0.70,-2.45,-1.09,9.49,-0.38,0.67,-0.15,-6.58,0.36,6.99,-0.22,0.60,-0.46,-2.31,8.83,-4.42,-0.37,-0.42,-0.49
55.717924,7.06,-3.93,4.61,-0.65,-0.47,0.05,-35.88,31.44,-38.00,0.47,-1.88,10.15,-0.63,0.53,-0.19,-7.02,-5.99,0.19,-0.03,0.38,-0.76,-2.64,-1.31,9.20,-0.39,0.73,-0.29,-6.66,0.05,6.67,-0.16,0.62,-0.61,-2.56,8.66,-4.13,-0.39,-0.57,-0.47
55.742186,7.18,-4.16,4.11,-0.83,-0.45,-0.01,-36.50,30.88,-35.75,0.34,-2.21,9.91,-0.70,0.57,-0.34,-6.80,-6.24,0.14,0.10,0.48,-0.84,-2.86,-1.51,9.05,-0.40,0.78,-0.45,-6.77,-0.18,6.51,-0.08,0.64,-0.76,-2.77,8.66,-3.86,-0.39,-0.74,-0.46
55.764816,7.29,-4.24,3.84,-0.83,-0.45,-0.01,-37.00,32.69,-37.81,0.22,-2.54,9.65,-0.75,0.59,-0.47,-6.71,-6.42,0.33,0.23,0.54,-0.89,-3.09,-1.79,8.88,-0.41,0.79,-0.59,-6.94,-0.42,6.47,-0.03,0.63,-0.90,-2.75,8.77,-3.61,-0.41,-0.88,-0.40
55.785646,7.49,-4.16,3.61,-0.83,-0.45,-0.01,-37.62,33.38,-37.25,0.26,-2.82,9.41,-0.79,0.55,-0.59,-6.64,-6.46,0.64,0.37,0.53,-0.92,-3.04,-2.08,8.72,-0.44,0.75,-0.73,-6.85,-0.65,6.46,-0.01,0.57,-1.00,-2.59,8.84,-3.38,-0.44,-0.97,-0.32
55.805766,7.48,-4.12,3.42,-0.83,-0.45,-0.01,-37.62,33.38,-37.25,0.41,-3.11,9.08,-0.82,0.48,-0.68,-6.43,-6.35,0.91,0.47,0.48,-0.92,-2.88,-2.34,8.49,-0.47,0.69,-0.81,-6.59,-0.88,6.45,0.01,0.48,-1.08,-2.34,8.74,-3.11,-0.48,-1.00,-0.21
55.830121,7.45,-3.70,2.81,-1.02,-0.40,-0.51,-37.06,33.44,-35.44,0.78,-3.52,8.54,-0.83,0.39,-0.73,-6.01,-6.28,1.15,0.54,0.39,-0.91,-2.51,-2.75,8.07,-0.50,0.59,-0.86,-6.10,-1.23,6.34,-0.00,0.39,-1.12,-2.16,8.56,-2.69,-0.52,-0.98,-0.11
55.851624,7.56,-3.39,2.54,-0.94,-0.40,-0.55,-37.06,33.44,-35.44,0.91,-3.85,8.15,-0.83,0.30,-0.74,-5.60,-6.43,1.41,0.59,0.34,-0.90,-2.45,-3.11,7.80,-0.52,0.50,-0.87,-5.92,-1.67,6.13,-0.02,0.30,-1.12,-2.09,8.52,-2.16,-0.56,-0.97,-0.04
55.872818,7.68,-3.12,2.08,-0.89,-0.39,-0.62,-37.06,33.44,-35.44,0.95,-4.19,7.68,-0.82,0.21,-0.76,-5.15,-6.58,1.65,0.65,0.26,-0.88,-2.48,-3.49,7.39,-0.55,0.40,-0.88,-5.76,-2.12,5.91,-0.03,0.20,-1.13,-2.04,8.38,-1.62,-0.60,-0.96,0.05
55.897143,7.68,-2.70,1.27,-0.82,-0.39,-0.71,-37.94,31.94,-34.88,0.95,-4.56,6.97,-0.80,0.09,-0.79,-4.41,-6.54,1.82,0.74,0.15,-0.83,-2.50,-3.92,6.66,-0.55,0.27,-0.92,-5.46,-2.66,5.40,-0.04,0.06,-1.16,-1.96,7.93,-0.97,-0.62,-0.92,0.19
55.917723,7.61,-2.51,0.93,-0.82,-0.39,-0.71,-37.94,31.94,-34.88,1.14,-4.89,6.42,-0.71,0.02,-0.84,-3.62,-6.32,1.92,0.81,0.07,-0.73,-2.29,-4.48,5.87,-0.51,0.15,-0.95,-4.85,-3.34,4.81,-0.00,-0.05,-1.15,-1.81,7.40,-0.39,-0.58,-0.88,0.31
55.939998,7.64,-2.32,0.62,-0.70,-0.25,-0.85,-37.94,31.94,-34.88,1.44,-5.51,5.73,-0.60,-0.05,-0.89,-3.02,-6.37,2.24,0.86,0.04,-0.59,-2.00,-5.10,5.46,-0.42,0.04,-0.97,-4.43,-3.98,4.65,0.08,-0.16,-1.08,-1.60,7.29,0.26,-0.49,-0.83,0.42
55.963392,8.06,-2.02,0.39,-0.51,0.09,-0.87,-37.69,27.25,-32.19,1.91,-5.93,5.65,-0.44,-0.15,-0.93,-2.61,-6.57,2.59,0.88,0.06,-0.42,-1.63,-5.71,5.32,-0.31,-0.09,-0.97,-4.07,-4.56,4.81,0.19,-0.27,-0.98,-1.47,7.36,0.78,-0.35,-0.77,0.51
55.985521,8.33,-1.75,0.20,-0.51,0.09,-0.87,-36.25,28.06,-33.50,2.40,-5.95,6.00,-0.30,-0.13,-0.97,-2.48,-6.69,2.66,0.88,0.15,-0.29,-1.29,-5.88,5.56,-0.15,-0.12,-0.98,-3.84,-4.74,5.01,0.31,-0.29,-0.92,-1.46,7.44,0.89,-0.20,-0.77,0.53
56.007229,8.71,-1.36,0.70,-0.51,0.09,-0.87,-38.25,28.50,-35.31,2.66,-5.80,6.58,-0.19,-0.03,-1.03,-2.74,-6.87,2.81,0.88,0.29,-0.20,-1.14,-5.84,6.05,-0.00,-0.07,-1.00,-3.91,-4.68,5.39,0.46,-0.24,-0.88,-1.41,7.84,0.79,-0.06,-0.82,0.50
56.03009,8.90,-1.59,1.01,-0.51,0.09,-0.87,-37.31,28.38,-36.75,2.68,-6.05,6.68,-0.13,0.01,-1.08,-3.49,-7.10,3.51,0.89,0.36,-0.12,-1.31,-5.90,6.60,0.10,-0.07,-1.02,-4.39,-4.54,6.10,0.56,-0.25,-0.83,-1.05,8.67,0.65,0.03,-0.83,0.52
56.052558,9.63,-1.82,1.05,-0.51,0.09,-0.87,-37.06,26.00,-36.31,3.00,-6.32,6.75,-0.03,-0.11,-1.05,-4.05,-7.12,4.24,0.89,0.27,-0.01,-1.08,-6.11,7.05,0.12,-0.21,-0.98,-4.41,-4.49,6.87,0.56,-0.38,-0.75,-0.56,9.29,0.62,0.05,-0.71,0.62
56.073682,9.66,-1.36,1.39,-0.34,0.50,-0.81,-37.06,26.00,-36.31,3.60,-6.12,7.37,0.02,-0.23,-1.00,-4.26,-7.26,4.41,0.87,0.17,0.05,-0.47,-6.09,7.62,0.11,-0.32,-0.92,-4.17,-4.34,7.50,0.50,-0.47,-0.69,-0.44,9.61,0.53,0.05,-0.61,0.67
56.098127,9.74,-1.10,1.81,-0.29,0.38,-0.75,-37.06,26.00,-36.31,4.03,-5.97,7.89,0.01,-0.25,-0.93,-4.57,-7.36,4.65,0.83,0.10,0.05,-0.17,-6.05,8.08,0.08,-0.34,-0.84,-4.13,-4.26,7.93,0.44,-0.47,-0.65,-0.26,9.98,0.43,0.01,-0.54,0.66
56.11914,9.86,-1.36,1.58,-0.19,0.30,-0.78,-37.06,26.00,-36.31,3.92,-6.28,7.52,0.00,-0.32,-0.85,-4.86,-7.31,5.17,0.81,-0.02,0.07,-0.37,-6.22,8.03,0.04,-0.41,-0.76,-4.26,-4.39,8.03,0.36,-0.53,-0.59,0.09,10.24,0.49,-0.06,-0.44,0.71
56.140986,9.98,-1.29,1.27,-0.19,0.30,-0.78,-35.31,23.00,-37.25,4.15,-6.74,6.77,0.06,-0.55,-0.72,-4.68,-7.00,5.73,0.77,-0.27,0.17,-0.10,-6.69,7.58,-0.03,-0.63,-0.64,-3.83,-4.76,8.05,0.23,-0.73,-0.46,0.63,10.15,0.81,-0.12,-0.21,0.84
56.164327,10.09,-0.91,1.20,0.51,0.34,-0.88,-36.25,22.62,-35.75,4.99,-6.70,6.98,0.19,-0.73,-0.60,-3.99,-6.91,5.56,0.67,-0.43,0.31,0.73,-7.14,7.38,-0.01,-0.81,-0.50,-2.93,-5.34,7.92,0.18,-0.87,-0.29,0.58,9.73,1.20,-0.09,0.01,0.90
56.187177,10.32,0.48,1.93,0.51,0.34,-0.88,-36.25,22.62,-35.75,5.54,-6.14,7.85,0.26,-0.63,-0.55,-3.67,-7.12,5.18,0.58,-0.31,0.35,1.18,-6.90,7.86,0.09,-0.73,-0.43,-2.67,-5.27,8.07,0.23,-0.75,-0.21,0.33,9.65,1.23,0.01,-0.01,0.79
56.208722,10.02,0.48,2.04,0.51,0.34,-0.88,-34.69,21.25,-37.62,5.40,-5.97,7.99,0.25,-0.43,-0.52,-4.04,-7.08,5.37,0.52,-0.17,0.32,1.07,-6.65,8.10,0.15,-0.56,-0.40,-2.89,-4.96,8.31,0.29,-0.58,-0.19,0.52,9.89,1.00,0.07,-0.07,0.66
56.23168,9.98,-0.60,1.93,0.51,0.34,-0.88,-34.75,19.94,-37.44,5.17,-6.30,7.57,0.28,-0.37,-0.45,-4.40,-6.83,5.72,0.44,-0.13,0.33,0.90,-6.84,7.92,0.19,-0.51,-0.33,-3.02,-5.01,8.39,0.29,-0.52,-0.12,0.83,10.07,0.85,0.11,-0.02,0.59
56.253438,10.51,-0.71,2.12,0.51,0.34,-0.88,-34.12,19.94,-37.81,5.19,-6.29,7.75,0.36,-0.39,-0.40,-4.60,-6.94,5.77,0.36,-0.15,0.41,0.87,-6.83,8.17,0.24,-0.54,-0.25,-3.20,-4.96,8.60,0.30,-0.53,-0.01,0.80,10.28,0.74,0.17,0.07,0.58
56.276846,10.51,-0.45,2.35,0.32,0.51,-0.34,-34.12,19.94,-37.81,5.32,-6.10,8.06,0.42,-0.39,-0.35,-4.86,-6.95,5.90,0.30,-0.16,0.47,0.98,-6.66,8.47,0.28,-0.56,-0.19,-3.22,-4.77,8.84,0.31,-0.54,0.07,0.92,10.47,0.59,0.20,0.14,0.57
56.301152,10.12,-0.25,2.39,0.32,0.51,-0.34,-34.12,17.50,-37.00,5.58,-6.08,7.95,0.45,-0.42,-0.25,-4.99,-6.81,6.18,0.22,-0.22,0.50,1.29,-6.63,8.54,0.27,-0.59,-0.08,-3.02,-4.61,9.14,0.25,-0.56,0.16,1.22,10.56,0.57,0.19,0.25,0.54
56.321818,10.47,0.17,2.58,0.32,0.51,-0.34,-34.12,17.50,-37.00,5.88,-5.97,8.11,0.50,-0.41,-0.15,-4.72,-6.76,6.05,0.13,-0.24,0.52,1.59,-6.77,8.49,0.29,-0.58,0.02,-2.67,-4.88,8.98,0.23,-0.53,0.26,1.16,10.37,0.69,0.22,0.32,0.49
56.342881,10.47,0.51,2.77,0.41,0.47,-0.06,-34.12,17.50,-37.00,5.93,-5.72,8.38,0.52,-0.32,-0.11,-4.68,-6.84,5.97,0.06,-0.16,0.54,1.57,-6.59,8.69,0.35,-0.50,0.06,-2.77,-4.79,9.07,0.26,-0.44,0.30,1.11,10.38,0.66,0.27,0.32,0.40
56.367209,10.06,0.17,2.69,0.29,0.48,0.00,-32.62,17.19,-39.44,5.88,-5.67,8.17,0.52,-0.24,-0.07,-5.06,-6.61,6.34,-0.00,-0.12,0.54,1.64,-6.43,8.68,0.37,-0.43,0.10,-2.78,-4.47,9.35,0.26,-0.38,0.33,1.52,10.58,0.46,0.29,0.33,0.34
56.388764,10.02,0.09,2.65,0.40,0.42,0.02,-32.62,17.19,-39.44,6.03,-5.74,7.88,0.54,-0.26,0.02,-5.16,-6.38,6.54,-0.08,-0.17,0.56,1.93,-6.43,8.67,0.39,-0.47,0.20,-2.45,-4.41,9.48,0.19,-0.39,0.41,1.77,10.56,0.40,0.29,0.43,0.32
56.411107,10.02,0.40,2.73,0.57,0.38,0.07,-32.62,17.19,-39.44,6.15,-5.57,7.97,0.58,-0.29,0.12,-4.95,-6.28,6.39,-0.17,-0.21,0.58,2.06,-6.45,8.55,0.37,-0.47,0.30,-2.25,-4.49,9.34,0.15,-0.38,0.50,1.72,10.34,0.44,0.30,0.52,0.27
56.433763,10.06,0.59,2.92,0.57,0.38,0.07,-32.31,16.31,-39.69,6.19,-5.29,8.21,0.61,-0.22,0.18,-4.84,-6.25,6.14,-0.25,-0.15,0.59,2.09,-6.25,8.62,0.41,-0.41,0.37,-2.26,-4.41,9.23,0.17,-0.30,0.58,1.60,10.21,0.37,0.35,0.54,0.19
56.45523,9.79,0.55,2.96,0.52,0.42,0.26,-32.31,16.31,-39.69,6.06,-5.09,8.31,0.61,-0.13,0.21,-5.03,-6.18,6.03,-0.32,-0.08,0.59,2.03,-5.99,8.76,0.43,-0.32,0.41,-2.40,-4.11,9.30,0.18,-0.21,0.61,1.56,10.23,0.11,0.38,0.54,0.10
56.476961,9.70,0.21,3.04,0.52,0.42,0.26,-32.62,15.00,-38.00,5.84,-4.94,8.33,0.61,-0.07,0.26,-5.38,-6.11,6.03,-0.39,-0.06,0.57,1.85,-5.68,8.92,0.43,-0.27,0.46,-2.65,-3.77,9.42,0.16,-0.15,0.64,1.61,10.35,-0.19,0.39,0.56,0.04
56.502107,9.52,-0.25,3.04,0.46,0.38,0.40,-32.38,15.88,-37.88,5.55,-4.99,7.92,0.62,-0.11,0.34,-5.66,-5.83,6.20,-0.46,-0.14,0.59,1.60,-5.58,8.69,0.41,-0.31,0.55,-2.77,-3.58,9.32,0.10,-0.18,0.72,1.85,10.32,-0.36,0.35,0.67,0.05
56.519997,9.44,-0.25,2.92,0.82,0.30,0.37,-32.06,15.25,-39.12,5.48,-4.97,7.61,0.66,-0.20,0.41,-5.47,-5.62,6.07,-0.52,-0.25,0.65,1.62,-5.60,8.41,0.39,-0.40,0.63,-2.58,-3.65,9.06,0.05,-0.25,0.80,1.84,10.00,-0.34,0.34,0.81,0.09
56.540842,9.32,0.05,2.96,0.82,0.30,0.37,-32.06,15.25,-39.12,5.60,-4.56,8.01,0.73,-0.22,0.44,-5.05,-5.72,5.42,-0.58,-0.26,0.70,1.81,-5.48,8.34,0.44,-0.42,0.68,-2.38,-3.64,8.81,0.06,-0.25,0.87,1.41,9.63,-0.36,0.39,0.86,0.07
56.566394,9.10,0.48,3.61,0.65,0.44,0.55,-32.06,15.25,-39.12,5.61,-3.95,8.67,0.73,-0.07,0.43,-5.15,-5.70,4.98,-0.61,-0.09,0.68,1.86,-4.92,8.75,0.51,-0.28,0.67,-2.42,-3.22,8.83,0.13,-0.10,0.86,1.19,9.58,-0.73,0.47,0.76,-0.06
56.586575,8.83,0.02,3.77,0.65,0.44,0.55,-32.00,17.69,-39.62,5.29,-3.83,8.55,0.69,0.07,0.45,-5.64,-5.60,5.06,-0.64,0.02,0.63,1.62,-4.53,8.86,0.53,-0.15,0.68,-2.84,-2.74,8.94,0.16,0.01,0.86,1.32,9.78,-1.12,0.49,0.69,-0.16
56.60916,8.63,-0.83,3.42,0.65,0.44,0.55,-32.31,16.50,-40.44,4.70,-4.10,7.62,0.71,0.01,0.52,-6.08,-5.23,5.48,-0.64,-0.06,0.66,1.08,-4.43,8.44,0.50,-0.23,0.74,-3.23,-2.49,8.86,0.10,-0.08,0.91,1.73,9.83,-1.32,0.46,0.77,-0.10
56.633287,8.52,-0.87,3.23,0.81,0.35,0.49,-32.31,16.50,-40.44,4.69,-4.14,7.09,0.81,-0.22,0.60,-5.81,-4.76,5.45,-0.65,-0.28,0.79,1.21,-4.56,7.87,0.49,-0.46,0.82,-2.74,-2.69,8.44,0.02,-0.28,1.02,1.90,9.33,-1.25,0.44,0.98,0.05
56.653516,8.33,0.28,3.54,1.16,0.43,0.42,-32.31,16.50,-40.44,4.99,-3.71,7.23,0.95,-0.34,0.66,-5.25,-4.60,5.00,-0.67,-0.39,0.93,1.61,-4.43,7.66,0.55,-0.61,0.89,-2.14,-2.79,8.08,0.04,-0.40,1.14,1.74,8.79,-1.16,0.50,1.11,0.14
56.675124,8.02,0.48,3.65,1.19,0.55,0.47,-32.31,16.50,-40.44,5.03,-3.28,7.29,1.03,-0.32,0.66,-5.05,-4.46,4.74,-0.68,-0.36,1.03,1.80,-4.10,7.61,0.65,-0.62,0.92,-1.98,-2.53,8.00,0.12,-0.40,1.20,1.71,8.51,-1.24,0.59,1.13,0.15
56.698775,7.49,-0.02,3.42,1.09,0.68,0.55,-32.31,16.50,-40.44,4.83,-3.22,6.70,1.13,-0.33,0.67,-5.11,-3.98,4.84,-0.69,-0.35,1.12,1.74,-3.92,7.19,0.72,-0.66,0.95,-1.87,-2.34,7.75,0.17,-0.44,1.27,2.02,8.22,-1.41,0.67,1.18,0.20
56.720015,7.64,-0.10,3.73,1.09,0.68,0.55,-32.00,15.81,-41.38,4.72,-3.00,6.64,1.27,-0.38,0.67,-4.97,-3.72,4.49,-0.71,-0.36,1.26,1.78,-3.85,6.92,0.84,-0.75,0.98,-1.71,-2.37,7.38,0.25,-0.51,1.37,1.90,7.89,-1.58,0.78,1.26,0.26
56.740534,7.64,0.09,4.22,1.09,0.68,0.55,-32.00,15.81,-41.38,4.74,-2.45,7.22,1.39,-0.33,0.61,-5.06,-3.82,3.93,-0.71,-0.25,1.38,1.90,-3.38,7.31,0.98,-0.75,0.95,-1.78,-1.97,7.44,0.40,-0.49,1.43,1.53,7.86,-1.94,0.93,1.24,0.26
56.76466,7.14,-0.25,4.84,1.00,1.14,0.71,-32.00,15.81,-41.38,4.48,-1.76,7.99,1.45,-0.19,0.52,-5.76,-3.90,3.73,-0.69,-0.07,1.43,1.70,-2.52,8.10,1.10,-0.66,0.89,-2.30,-1.07,7.95,0.53,-0.41,1.42,1.42,8.25,-2.60,1.06,1.13,0.20
56.78881,6.99,-0.71,5.03,0.88,1.11,0.69,-32.00,15.81,-41.38,4.12,-1.43,8.25,1.45,-0.15,0.47,-6.49,-3.78,3.73,-0.64,-0.01,1.42,1.38,-2.06,8.42,1.13,-0.64,0.84,-2.73,-0.51,8.24,0.57,-0.40,1.38,1.46,8.52,-3.21,1.09,1.06,0.20
56.807783,7.18,-1.02,5.57,0.88,1.11,0.69,-31.06,17.75,-43.56,3.99,-1.04,8.82,1.47,-0.14,0.40,-6.93,-3.62,3.36,-0.60,0.04,1.43,1.36,-1.67,8.81,1.17,-0.64,0.77,-2.91,-0.09,8.41,0.63,-0.40,1.34,1.31,8.57,-3.81,1.14,1.01,0.22
56.830655,7.06,-1.36,6.64,0.88,1.11,0.69,-31.44,15.94,-41.81,3.81,-0.44,9.51,1.46,-0.08,0.32,-7.66,-3.61,3.05,-0.55,0.14,1.43,1.29,-0.97,9.47,1.21,-0.59,0.70,-3.32,0.68,8.77,0.70,-0.35,1.28,1.18,8.89,-4.56,1.18,0.91,0.21
56.852201,6.64,-1.63,6.83,0.73,1.20,0.60,-31.44,15.94,-41.81,3.39,-0.03,9.73,1.41,-0.08,0.25,-8.50,-3.50,3.08,-0.47,0.14,1.38,0.91,-0.26,9.94,1.18,-0.59,0.63,-3.89,1.43,9.09,0.71,-0.37,1.20,1.25,9.25,-5.23,1.13,0.84,0.25
56.873896,6.41,-1.98,6.95,0.74,1.11,0.46,-31.44,15.94,-41.81,3.04,0.26,9.84,1.36,-0.19,0.20,-8.89,-3.39,2.98,-0.37,0.04,1.33,0.65,0.16,10.14,1.09,-0.69,0.56,-4.24,1.80,9.17,0.67,-0.49,1.12,1.19,9.31,-5.61,1.03,0.82,0.35
56.898233,6.49,-1.90,7.40,0.74,1.11,0.46,-29.88,18.19,-43.62,3.04,0.71,10.29,1.30,-0.30,0.11,-8.94,-3.20,2.61,-0.24,-0.04,1.29,0.75,0.45,10.35,1.01,-0.76,0.44,-4.15,2.00,9.14,0.65,-0.59,0.99,1.11,9.11,-5.91,0.95,0.77,0.47
56.919628,6.41,-1.79,7.82,0.74,1.11,0.46,-29.00,16.38,-45.50,3.17,1.16,10.67,1.22,-0.32,-0.00,-9.14,-3.06,2.47,-0.11,-0.03,1.23,0.97,0.77,10.56,0.96,-0.76,0.32,-4.06,2.39,9.36,0.66,-0.60,0.86,1.16,9.13,-6.23,0.90,0.66,0.53
56.940607,6.22,-1.67,8.02,0.74,1.11,0.46,-29.00,16.38,-45.50,3.24,1.40,10.75,1.12,-0.33,-0.10,-9.46,-2.87,2.56,-0.00,-0.03,1.14,1.13,1.03,10.74,0.89,-0.75,0.19,-4.06,2.74,9.58,0.65,-0.62,0.71,1.37,9.25,-6.53,0.82,0.54,0.57
56.964396,5.99,-1.75,8.32,0.49,0.91,-0.17,-27.88,15.06,-43.81,3.26,1.62,10.85,1.02,-0.38,-0.21,-9.63,-2.66,2.63,0.12,-0.06,1.03,1.18,1.24,10.92,0.79,-0.76,0.06,-4.06,2.89,9.69,0.63,-0.66,0.55,1.53,9.26,-6.72,0.71,0.43,0.63
56.986789,6.11,-1.59,8.66,0.49,0.91,-0.17,-27.88,15.06,-43.81,3.52,1.82,11.07,0.92,-0.40,-0.32,-9.66,-2.53,2.57,0.24,-0.06,0.94,1.46,1.30,11.01,0.71,-0.75,-0.07,-3.78,2.95,9.79,0.62,-0.68,0.39,1.60,9.20,-6.85,0.63,0.31,0.68
57.008511,6.11,-1.36,8.86,0.31,0.85,-0.36,-27.88,15.06,-43.81,3.78,2.10,11.39,0.81,-0.36,-0.43,-9.68,-2.42,2.52,0.35,0.01,0.82,1.80,1.47,11.26,0.63,-0.67,-0.22,-3.60,3.12,10.00,0.63,-0.62,0.22,1.69,9.19,-6.96,0.57,0.15,0.68
57.031535,5.99,-1.17,9.12,0.31,0.85,-0.36,-26.94,16.50,-48.00,3.90,2.36,11.64,0.65,-0.29,-0.56,-10.02,-2.42,2.70,0.46,0.09,0.66,1.90,1.72,11.62,0.55,-0.56,-0.37,-3.71,3.40,10.33,0.64,-0.55,0.03,1.84,9.45,-7.18,0.49,-0.05,0.65
57.053336,6.03,-1.32,9.12,-0.08,0.71,-0.48,-26.94,16.50,-48.00,3.95,2.43,11.76,0.48,-0.27,-0.67,-10.35,-2.39,2.91,0.58,0.12,0.49,1.94,1.81,11.82,0.42,-0.48,-0.52,-3.87,3.61,10.62,0.60,-0.52,-0.17,2.02,9.71,-7.35,0.36,-0.22,0.65
57.074909,6.14,-1.36,9.25,-0.19,0.58,-0.61,-26.94,16.50,-48.00,3.99,2.33,11.63,0.31,-0.29,-0.76,-10.50,-2.27,3.15,0.70,0.10,0.33,1.95,1.73,11.84,0.28,-0.45,-0.64,-3.85,3.59,10.78,0.54,-0.53,-0.36,2.24,9.79,-7.36,0.22,-0.35,0.68
57.09602,6.30,-1.36,9.24,-0.23,0.48,-0.75,-26.94,16.50,-48.00,4.22,2.36,11.63,0.17,-0.34,-0.84,-10.48,-2.21,3.32,0.79,0.05,0.21,2.19,1.65,11.88,0.15,-0.45,-0.75,-3.60,3.53,10.87,0.46,-0.55,-0.52,2.41,9.82,-7.29,0.09,-0.43,0.73
57.120191,6.26,-0.79,9.20,-0.23,0.48,-0.75,-24.56,13.06,-48.88,4.65,2.38,11.68,-0.02,-0.36,-0.92,-10.44,-2.16,3.55,0.89,0.01,0.06,2.62,1.61,11.97,-0.03,-0.40,-0.88,-3.29,3.49,11.11,0.38,-0.54,-0.70,2.64,9.90,-7.20,-0.06,-0.54,0.76
57.141365,6.30,-0.56,9.20,-0.23,0.48,-0.75,-23.31,15.19,-49.94,5.05,2.29,11.58,-0.19,-0.36,-0.98,-10.36,-2.04,3.84,0.97,-0.01,-0.10,2.96,1.37,11.93,-0.17,-0.35,-0.97,-2.92,3.33,11.25,0.31,-0.51,-0.85,2.94,9.92,-7.05,-0.20,-0.65,0.75
57.16214,6.45,-0.37,9.13,-0.53,0.05,-1.06,-23.31,15.19,-49.94,5.50,2.11,11.44,-0.34,-0.35,-1.02,-10.18,-1.98,4.03,1.01,-0.01,-0.26,3.41,1.05,11.80,-0.29,-0.28,-1.04,-2.51,3.10,11.39,0.23,-0.46,-0.99,3.13,9.89,-6.83,-0.32,-0.75,0.71
57.18691,6.88,0.36,8.98,-0.66,-0.05,-1.06,-23.31,14.12,-49.44,5.94,1.98,11.44,-0.51,-0.27,-1.06,-9.89,-1.98,4.18,1.04,0.06,-0.45,3.77,0.75,11.72,-0.40,-0.14,-1.11,-2.12,2.73,11.39,0.18,-0.34,-1.14,3.26,9.81,-6.53,-0.42,-0.90,0.61
57.204736,6.88,0.36,8.98,-0.84,-0.13,-1.03,-23.31,13.25,-49.69,6.17,1.89,11.44,-0.63,-0.17,-1.10,-9.70,-1.98,4.25,1.05,0.15,-0.59,3.93,0.55,11.69,-0.46,-0.00,-1.18,-1.94,2.50,11.39,0.17,-0.22,-1.25,3.31,9.77,-6.35,-0.47,-1.03,0.52
57.226489,7.10,0.44,8.86,-0.84,-0.13,-1.03,-23.31,13.25,-49.69,6.34,1.80,11.47,-0.77,-0.01,-1.15,-9.63,-2.04,4.34,1.06,0.29,-0.75,4.03,0.38,11.71,-0.51,0.19,-1.26,-1.88,2.33,11.46,0.17,-0.05,-1.38,3.37,9.82,-6.23,-0.51,-1.19,0.39
57.252844,7.22,0.21,8.86,-1.24,-0.25,-0.93,-23.31,13.25,-49.69,6.49,1.56,11.23,-0.93,0.16,-1.20,-9.97,-1.95,4.75,1.06,0.42,-0.91,4.13,0.24,11.77,-0.59,0.39,-1.33,-1.84,2.39,11.81,0.14,0.12,-1.51,3.73,10.13,-6.32,-0.57,-1.34,0.26
57.2703,7.26,-0.06,8.82,-1.33,-0.32,-0.91,-23.31,13.25,-49.69,6.60,1.29,10.96,-1.01,0.18,-1.17,-10.33,-1.77,5.25,1.04,0.41,-0.98,4.25,0.14,11.84,-0.67,0.44,-1.32,-1.75,2.47,12.15,0.08,0.16,-1.53,4.15,10.40,-6.40,-0.63,-1.34,0.23
57.291303,7.26,-0.06,8.82,-1.21,-0.45,-0.92,-22.12,15.69,-52.25,6.83,1.03,10.85,-1.07,0.13,-1.07,-10.45,-1.73,5.64,0.98,0.30,-1.04,4.47,-0.09,11.86,-0.78,0.43,-1.23,-1.63,2.36,12.34,-0.06,0.15,-1.50,4.41,10.57,-6.30,-0.74,-1.26,0.21
57.316205,7.60,0.59,8.29,-1.21,-0.45,-0.92,-22.06,17.69,-54.75,7.15,0.78,10.89,-1.16,0.09,-0.93,-9.89,-2.00,5.61,0.88,0.19,-1.13,4.66,-0.54,11.62,-0.90,0.47,-1.13,-1.34,1.80,12.15,-0.21,0.20,-1.47,4.23,10.41,-5.73,-0.87,-1.16,0.14
57.336755,7.87,0.78,7.86,-1.21,-0.45,-0.92,-22.06,17.69,-54.75,7.28,0.41,10.70,-1.24,0.17,-0.85,-9.21,-2.25,5.53,0.80,0.21,-1.22,4.64,-1.08,11.29,-0.96,0.58,-1.07,-1.14,1.08,11.76,-0.28,0.32,-1.48,4.04,10.15,-5.10,-0.92,-1.17,0.02
57.358615,8.13,0.86,7.52,-1.11,-0.80,-0.75,-22.06,17.69,-54.75,7.39,-0.06,10.30,-1.29,0.31,-0.81,-8.65,-2.48,5.56,0.72,0.31,-1.30,4.67,-1.67,10.84,-0.96,0.74,-1.05,-0.91,0.49,11.49,-0.29,0.47,-1.49,3.95,10.02,-4.56,-0.91,-1.22,-0.13
57.38308,8.14,0.74,6.71,-1.34,-0.81,-0.50,-22.06,17.69,-54.75,7.31,-0.70,9.69,-1.32,0.46,-0.75,-8.32,-2.68,5.86,0.61,0.41,-1.37,4.44,-2.17,10.36,-0.95,0.89,-0.98,-0.94,-0.00,11.23,-0.30,0.62,-1.45,3.96,10.02,-4.07,-0.89,-1.24,-0.28
57.400599,8.18,0.63,6.21,-1.34,-0.81,-0.50,-22.62,18.62,-54.88,7.09,-1.26,9.06,-1.31,0.50,-0.68,-8.07,-2.76,6.13,0.54,0.41,-1.38,4.18,-2.59,9.94,-0.94,0.92,-0.90,-1.01,-0.44,10.91,-0.33,0.66,-1.39,4.03,9.96,-3.66,-0.89,-1.19,-0.35
57.420666,8.29,0.59,5.72,-1.34,-0.81,-0.50,-22.62,18.62,-54.88,6.91,-1.86,8.41,-1.25,0.47,-0.58,-7.52,-2.72,6.32,0.45,0.36,-1.32,3.95,-3.15,9.28,-0.92,0.88,-0.80,-0.88,-1.04,10.44,-0.36,0.64,-1.28,4.07,9.67,-3.10,-0.87,-1.07,-0.36
57.444446,8.48,0.93,5.26,-0.91,-0.77,-0.30,-22.62,18.62,-54.88,7.06,-2.31,8.05,-1.13,0.45,-0.47,-6.74,-2.88,6.23,0.32,0.32,-1.21,4.03,-3.74,8.72,-0.83,0.83,-0.67,-0.50,-1.66,10.03,-0.36,0.62,-1.12,3.91,9.33,-2.49,-0.79,-0.92,-0.38
57.466876,8.41,1.24,4.99,-0.87,-0.68,-0.15,-22.62,18.62,-54.88,7.23,-2.64,7.71,-1.01,0.49,-0.37,-6.27,-2.93,6.37,0.21,0.35,-1.11,4.18,-4.10,8.43,-0.72,0.82,-0.54,-0.20,-2.05,9.80,-0.33,0.66,-0.95,3.98,9.14,-2.03,-0.68,-0.82,-0.45
57.488503,8.37,1.24,4.72,-0.87,-0.68,-0.15,-24.44,22.50,-53.75,7.25,-3.00,7.24,-0.89,0.51,-0.24,-6.06,-2.84,6.70,0.06,0.35,-0.98,4.18,-4.42,8.11,-0.62,0.79,-0.37,-0.12,-2.31,9.65,-0.32,0.66,-0.74,4.21,9.08,-1.72,-0.58,-0.66,-0.51
57.511645,8.37,1.16,4.38,-0.87,-0.68,-0.15,-24.75,20.75,-54.12,7.18,-3.27,6.88,-0.72,0.45,-0.07,-5.88,-2.88,6.89,-0.10,0.27,-0.82,4.02,-4.56,7.94,-0.53,0.70,-0.18,-0.15,-2.47,9.57,-0.33,0.60,-0.51,4.24,9.06,-1.49,-0.49,-0.44,-0.52
57.533393,8.33,1.28,4.42,-0.38,-0.51,0.20,-24.75,20.75,-54.12,7.13,-3.28,6.86,-0.57,0.40,0.08,-5.76,-2.94,6.95,-0.23,0.18,-0.67,3.96,-4.54,7.89,-0.45,0.60,0.01,-0.14,-2.49,9.55,-0.35,0.55,-0.31,4.24,9.03,-1.35,-0.42,-0.23,-0.51
57.555207,8.21,1.39,4.34,-0.21,-0.48,0.29,-24.75,20.75,-54.12,7.04,-3.25,6.71,-0.44,0.31,0.24,-5.62,-2.94,6.99,-0.37,0.07,-0.52,3.95,-4.54,7.74,-0.39,0.50,0.19,-0.14,-2.49,9.44,-0.39,0.48,-0.10,4.25,8.94,-1.26,-0.37,-0.02,-0.51
57.579712,7.98,1.32,4.07,0.20,-0.45,0.43,-25.38,23.06,-52.44,6.93,-3.46,6.27,-0.30,0.20,0.43,-5.54,-2.74,7.05,-0.53,-0.09,-0.34,3.87,-4.59,7.44,-0.34,0.34,0.42,-0.08,-2.50,9.21,-0.46,0.37,0.16,4.39,8.77,-1.23,-0.33,0.27,-0.47
57.601761,7.79,0.82,3.61,0.20,-0.45,0.43,-25.38,23.06,-52.44,6.66,-3.67,5.84,-0.11,0.02,0.66,-5.47,-2.67,7.04,-0.69,-0.31,-0.14,3.60,-4.63,7.14,-0.29,0.13,0.67,-0.18,-2.53,8.95,-0.54,0.20,0.44,4.34,8.63,-1.17,-0.29,0.60,-0.39
57.621808,7.79,0.82,3.61,0.94,-0.37,0.52,-25.38,23.06,-52.44,6.37,-3.67,5.77,0.07,-0.17,0.85,-5.25,-2.85,6.66,-0.82,-0.52,0.06,3.32,-4.61,6.95,-0.24,-0.09,0.90,-0.42,-2.60,8.65,-0.61,0.03,0.69,3.94,8.44,-1.10,-0.26,0.89,-0.31
57.646636,7.91,0.89,4.00,1.18,-0.27,0.56,-26.56,23.06,-52.38,6.16,-3.27,6.41,0.28,-0.32,1.00,-4.98,-3.15,5.84,-0.93,-0.64,0.26,3.09,-4.36,7.15,-0.14,-0.27,1.08,-0.66,-2.58,8.34,-0.61,-0.10,0.92,3.23,8.20,-1.22,-0.16,1.13,-0.26
57.667936,7.83,0.67,4.26,1.16,-0.15,0.65,-26.56,23.06,-52.38,6.16,-2.93,7.09,0.39,-0.29,1.06,-5.16,-3.29,5.35,-1.02,-0.61,0.38,3.08,-4.08,7.56,-0.04,-0.30,1.17,-0.80,-2.30,8.43,-0.57,-0.09,1.06,2.87,8.25,-1.55,-0.05,1.21,-0.29
57.689779,7.87,0.40,4.61,1.10,-0.09,0.80,-26.56,23.06,-52.38,5.88,-2.66,7.61,0.49,-0.23,1.12,-5.70,-3.42,5.08,-1.11,-0.55,0.46,2.75,-3.65,8.07,0.06,-0.27,1.27,-1.36,-1.84,8.69,-0.53,-0.04,1.17,2.60,8.58,-2.06,0.04,1.27,-0.35
57.71285,7.98,-0.33,5.30,1.10,-0.09,0.80,-27.44,22.12,-50.44,5.44,-2.24,8.28,0.57,-0.19,1.16,-6.38,-3.68,4.74,-1.19,-0.51,0.53,2.32,-3.15,8.69,0.14,-0.26,1.32,-2.06,-1.34,9.00,-0.49,-0.03,1.25,2.25,8.95,-2.63,0.12,1.32,-0.37
57.734609,8.03,-0.41,5.68,1.12,-0.02,0.89,-27.44,22.12,-50.44,5.29,-1.69,9.19,0.59,-0.13,1.15,-6.83,-3.93,4.33,-1.21,-0.44,0.54,2.15,-2.64,9.42,0.18,-0.21,1.31,-2.50,-0.83,9.45,-0.45,0.04,1.25,1.87,9.24,-3.11,0.17,1.29,-0.42
57.756418,8.07,-0.45,6.14,1.03,0.00,0.93,-27.44,22.12,-50.44,5.18,-1.29,9.88,0.56,-0.03,1.10,-7.47,-4.10,4.13,-1.21,-0.32,0.48,2.08,-2.13,10.10,0.19,-0.11,1.27,-2.82,-0.42,9.63,-0.43,0.14,1.19,1.72,9.66,-3.69,0.19,1.18,-0.51
57.780872,8.03,-1.06,6.68,0.84,-0.02,0.96,-28.38,20.88,-47.00,5.04,-1.13,10.23,0.49,0.05,1.08,-8.20,-3.98,4.22,-1.20,-0.24,0.40,1.96,-1.86,10.53,0.16,-0.03,1.24,-3.19,0.08,10.13,-0.42,0.20,1.15,1.85,10.02,-4.22,0.17,1.10,-0.58
57.798264,8.09,-1.29,6.95,0.80,-0.15,0.94,-28.38,20.88,-47.00,4.97,-1.02,10.50,0.45,0.06,1.10,-8.62,-3.88,4.19,-1.21,-0.24,0.35,1.85,-1.65,10.86,0.13,0.00,1.24,-3.42,0.36,10.34,-0.44,0.23,1.14,1.83,10.19,-4.58,0.14,1.09,-0.60
57.820434,8.09,-1.48,7.18,0.80,-0.15,0.94,-28.62,20.94,-47.38,4.71,-0.68,11.00,0.40,0.08,1.10,-8.95,-4.02,3.83,-1.21,-0.25,0.31,1.56,-1.33,11.18,0.10,0.05,1.24,-3.85,0.64,10.40,-0.47,0.27,1.11,1.51,10.31,-4.93,0.11,1.07,-0.61
57.844979,7.99,-1.52,7.75,0.67,-0.21,0.92,-28.62,20.94,-47.38,4.40,-0.28,11.48,0.32,0.13,1.04,-9.21,-4.13,3.34,-1.17,-0.20,0.23,1.30,-0.89,11.48,0.07,0.13,1.15,-4.22,1.01,10.43,-0.46,0.33,1.00,1.15,10.36,-5.36,0.08,0.97,-0.64
57.866976,7.83,-1.75,7.98,0.67,-0.21,0.92,-29.25,22.31,-45.81,4.24,0.14,11.92,0.24,0.23,0.96,-9.46,-4.07,3.00,-1.12,-0.10,0.11,1.19,-0.41,11.83,0.03,0.24,1.05,-4.41,1.47,10.58,-0.44,0.42,0.87,0.99,10.36,-5.78,0.04,0.81,-0.71
57.889492,7.64,-1.90,8.20,0.67,-0.21,0.92,-29.88,21.62,-46.38,3.97,0.55,12.27,0.12,0.34,0.88,-9.82,-4.00,2.67,-1.05,0.02,-0.05,1.04,0.04,12.05,-0.02,0.38,0.94,-4.66,1.90,10.54,-0.44,0.54,0.71,0.79,10.36,-6.25,-0.01,0.63,-0.78
57.911647,7.26,-2.40,8.70,0.67,-0.21,0.92,-29.88,21.62,-46.38,3.55,1.04,12.53,-0.01,0.45,0.77,-10.09,-3.86,2.24,-0.97,0.12,-0.19,0.69,0.59,12.25,-0.07,0.54,0.79,-5.01,2.39,10.47,-0.42,0.67,0.50,0.58,10.24,-6.74,-0.06,0.44,-0.83
57.933835,6.61,-2.78,9.29,-0.10,-0.41,0.80,-29.88,21.62,-46.38,3.25,1.60,12.90,-0.17,0.58,0.63,-10.51,-3.68,1.87,-0.87,0.23,-0.35,0.59,1.27,12.56,-0.15,0.70,0.61,-5.22,2.99,10.46,-0.40,0.80,0.29,0.43,10.23,-7.34,-0.13,0.23,-0.88
57.956063,6.34,-3.24,9.24,-0.34,-0.48,0.74,-29.88,21.62,-46.38,2.77,1.88,12.99,-0.38,0.68,0.50,-10.89,-3.62,1.63,-0.77,0.30,-0.54,0.21,1.79,12.70,-0.27,0.85,0.46,-5.59,3.46,10.40,-0.40,0.90,0.08,0.26,10.27,-7.75,-0.25,0.03,-0.91
57.978978,6.07,-3.51,8.98,-0.58,-0.80,0.49,-31.38,26.44,-44.00,2.07,1.75,12.55,-0.59,0.69,0.41,-10.92,-3.71,1.34,-0.66,0.30,-0.75,-0.39,1.88,12.29,-0.43,0.92,0.32,-6.10,3.61,10.00,-0.47,0.92,-0.13,-0.05,10.12,-7.81,-0.41,-0.12,-0.91
58.001141,6.07,-4.05,8.14,-0.58,-0.80,0.49,-31.38,26.44,-44.00,1.43,1.48,12.08,-0.74,0.62,0.31,-10.44,-3.76,0.89,-0.52,0.26,-0.90,-1.00,1.74,11.67,-0.58,0.91,0.18,-6.33,3.29,9.22,-0.53,0.87,-0.31,-0.52,9.62,-7.54,-0.56,-0.25,-0.85
58.022936,6.14,-4.08,7.79,-0.68,-0.88,0.17,-32.50,27.56,-44.88,1.02,1.21,11.78,-0.86,0.59,0.17,-9.80,-3.94,0.44,-0.37,0.26,-1.01,-1.39,1.48,11.17,-0.67,0.91,0.02,-6.38,2.85,8.53,-0.53,0.83,-0.49,-0.96,9.19,-7.16,-0.63,-0.39,-0.79
58.043258,6.14,-4.05,7.37,-0.68,-0.88,0.17,-32.50,27.56,-44.88,0.86,0.92,11.55,-0.95,0.60,0.02,-9.35,-4.24,0.23,-0.23,0.31,-1.10,-1.62,1.22,10.81,-0.72,0.93,-0.16,-6.45,2.50,8.16,-0.49,0.82,-0.67,-1.32,9.01,-6.74,-0.69,-0.56,-0.73
58.067988,6.30,-3.86,6.59,-1.01,-0.86,-0.07,-33.69,28.06,-44.94,0.79,0.49,11.17,-1.08,0.62,-0.19,-8.89,-4.57,0.28,-0.03,0.38,-1.21,-1.77,0.78,10.46,-0.78,0.98,-0.39,-6.45,1.99,7.88,-0.44,0.82,-0.90,-1.48,8.95,-6.20,-0.75,-0.78,-0.66
58.089518,6.50,-3.74,6.21,-1.01,-0.86,-0.07,-33.44,27.94,-42.44,0.89,0.03,10.78,-1.18,0.63,-0.36,-8.53,-4.77,0.47,0.15,0.43,-1.31,-1.75,0.27,10.13,-0.83,1.00,-0.58,-6.30,1.53,7.74,-0.39,0.81,-1.10,-1.49,8.93,-5.75,-0.80,-0.95,-0.60
58.111324,6.68,-3.59,5.91,-1.01,-0.86,-0.07,-34.62,30.31,-41.06,1.03,-0.44,10.43,-1.26,0.64,-0.52,-8.21,-4.97,0.72,0.30,0.48,-1.39,-1.73,-0.19,9.87,-0.86,1.01,-0.75,-6.15,1.03,7.59,-0.33,0.80,-1.25,-1.44,8.97,-5.25,-0.84,-1.12,-0.54
58.13591,7.03,-3.32,5.22,-1.40,-0.85,-0.57,-34.62,31.00,-41.81,1.25,-1.03,9.88,-1.34,0.59,-0.68,-7.89,-5.15,1.22,0.47,0.48,-1.46,-1.62,-0.74,9.52,-0.92,0.98,-0.93,-5.98,0.54,7.60,-0.31,0.74,-1.43,-1.21,9.05,-4.65,-0.90,-1.26,-0.45
58.155476,7.03,-3.32,5.22,-1.40,-0.85,-0.57,-34.62,31.00,-41.81,1.62,-1.26,9.72,-1.40,0.54,-0.80,-7.39,-5.29,1.45,0.59,0.47,-1.51,-1.30,-1.18,9.28,-0.96,0.95,-1.06,-5.49,0.05,7.53,-0.29,0.69,-1.56,-1.14,8.93,-4.09,-0.95,-1.35,-0.38
58.17766,7.29,-2.05,4.11,-1.40,-0.85,-0.57,-34.62,31.00,-41.81,2.31,-1.63,9.42,-1.50,0.62,-0.93,-6.55,-5.42,1.54,0.71,0.55,-1.62,-0.66,-1.77,8.88,-0.99,1.04,-1.20,-4.77,-0.60,7.31,-0.25,0.76,-1.73,-1.09,8.57,-3.36,-0.98,-1.53,-0.39
58.201752,7.45,-1.98,3.04,-1.87,-0.89,-0.67,-34.62,31.00,-41.81,2.55,-2.35,8.43,-1.56,0.74,-1.04,-5.90,-5.30,1.95,0.80,0.67,-1.71,-0.51,-2.51,8.03,-0.97,1.14,-1.31,-4.31,-1.28,6.91,-0.18,0.84,-1.84,-0.79,8.29,-2.66,-0.97,-1.70,-0.42
58.223325,7.41,-2.02,2.73,-1.85,-0.84,-0.69,-34.62,31.00,-41.81,2.39,-3.00,7.54,-1.56,0.76,-1.10,-5.42,-5.35,2.34,0.87,0.71,-1.72,-0.75,-3.04,7.39,-0.94,1.14,-1.37,-4.21,-1.89,6.44,-0.12,0.83,-1.88,-0.64,8.15,-2.05,-0.95,-1.76,-0.39
58.244376,7.57,-1.90,2.12,-1.85,-0.84,-0.69,-35.56,29.94,-39.56,2.25,-3.71,6.63,-1.50,0.67,-1.14,-5.04,-5.41,2.83,0.93,0.63,-1.64,-0.96,-3.57,6.83,-0.93,1.03,-1.40,-4.21,-2.34,6.19,-0.09,0.71,-1.87,-0.44,8.11,-1.49,-0.94,-1.71,-0.26
58.268105,7.60,-1.82,1.20,-1.55,-0.70,-0.88,-35.88,30.44,-39.62,2.22,-4.30,5.93,-1.39,0.50,-1.14,-4.46,-5.36,3.21,0.99,0.44,-1.49,-1.00,-4.12,6.15,-0.91,0.81,-1.38,-3.96,-2.88,5.79,-0.09,0.50,-1.81,-0.24,7.81,-0.83,-0.94,-1.55,-0.05
58.289856,7.57,-1.52,1.01,-1.26,-0.63,-0.96,-35.88,30.44,-39.62,2.42,-4.83,5.29,-1.26,0.30,-1.12,-3.66,-5.26,3.33,1.01,0.25,-1.32,-0.76,-4.72,5.44,-0.85,0.59,-1.34,-3.42,-3.47,5.36,-0.08,0.30,-1.72,-0.15,7.32,-0.18,-0.91,-1.39,0.13
58.311271,7.61,-1.32,0.59,-1.09,-0.52,-0.99,-35.88,30.44,-39.62,2.54,-5.44,4.66,-1.08,0.15,-1.08,-2.87,-5.46,3.45,1.00,0.12,-1.11,-0.68,-5.32,4.90,-0.76,0.38,-1.26,-3.02,-4.16,4.96,-0.04,0.11,-1.56,-0.17,7.12,0.53,-0.84,-1.21,0.29
58.335401,8.03,-0.83,-0.30,-1.09,-0.52,-0.99,-36.19,27.88,-38.44,3.02,-6.30,4.19,-0.88,-0.07,-1.06,-2.23,-5.89,3.96,1.03,0.00,-0.89,-0.89,-5.95,4.55,-0.67,0.10,-1.17,-3.02,-4.94,4.75,0.00,-0.16,-1.38,-0.14,7.17,1.47,-0.75,-1.03,0.47
58.355735,8.25,-0.29,-0.75,-1.09,-0.52,-0.99,-36.19,27.88,-38.44,2.77,-6.48,3.92,-0.65,-0.16,-1.02,-1.58,-5.98,4.36,1.08,-0.09,-0.69,-0.52,-6.79,4.11,-0.58,-0.11,-1.14,-2.41,-5.80,4.59,0.06,-0.37,-1.25,0.16,7.01,2.24,-0.64,-0.90,0.64
58.377466,8.71,0.17,-0.87,-0.48,-0.06,-1.15,-36.19,27.88,-38.44,3.94,-7.34,3.62,-0.41,-0.32,-1.01,-0.80,-5.82,4.61,1.04,-0.11,-0.42,0.36,-7.75,3.72,-0.40,-0.28,-1.08,-1.44,-6.60,4.66,0.18,-0.49,-1.06,0.40,6.71,2.85,-0.45,-0.75,0.73
58.402954,9.44,0.25,-0.68,-0.23,0.48,-0.80,-35.62,24.44,-35.69,4.45,-7.73,3.79,-0.06,-0.30,-0.92,-0.88,-6.01,5.09,0.91,-0.02,-0.07,0.55,-8.24,3.93,-0.06,-0.37,-0.88,-1.41,-6.97,4.97,0.37,-0.51,-0.73,0.64,7.22,3.06,-0.13,-0.55,0.75
58.420738,9.56,0.21,-0.60,-0.23,0.48,-0.80,-35.00,23.25,-38.38,4.21,-7.98,3.79,0.24,-0.36,-0.81,-1.53,-6.23,5.66,0.83,-0.05,0.19,0.17,-8.19,4.34,0.11,-0.53,-0.75,-2.00,-6.82,5.45,0.46,-0.64,-0.49,0.90,7.91,2.90,0.04,-0.36,0.84
58.441622,9.59,-0.33,-0.60,0.41,0.79,-0.79,-35.00,23.25,-38.38,4.01,-7.72,4.29,0.48,-0.58,-0.71,-2.02,-6.54,6.05,0.78,-0.22,0.50,0.06,-8.05,4.91,0.23,-0.81,-0.61,-2.37,-6.70,5.98,0.50,-0.90,-0.24,0.97,8.44,2.82,0.16,-0.09,1.02
58.466473,10.20,0.82,0.93,0.66,0.89,-0.82,-34.69,22.00,-38.88,5.04,-7.05,5.80,0.66,-0.74,-0.68,-2.02,-6.83,5.73,0.73,-0.28,0.75,1.03,-7.92,5.85,0.37,-0.96,-0.55,-1.75,-6.70,6.50,0.60,-1.01,-0.05,0.74,8.62,2.67,0.32,0.08,1.11
58.487365,10.20,0.82,0.93,0.46,1.00,-0.65,-34.12,21.94,-38.50,5.65,-6.51,6.74,0.72,-0.62,-0.69,-2.51,-6.72,5.76,0.65,-0.12,0.83,1.63,-7.56,6.65,0.52,-0.86,-0.51,-1.61,-5.98,7.58,0.71,-0.89,0.04,1.01,8.97,2.18,0.47,0.05,1.00
58.513524,9.63,0.51,1.50,0.46,1.00,-0.65,-34.12,21.94,-38.50,5.81,-6.23,6.91,0.73,-0.51,-0.59,-3.79,-6.52,6.54,0.54,-0.06,0.84,1.80,-6.93,7.41,0.57,-0.79,-0.36,-2.05,-5.06,8.58,0.66,-0.79,0.15,1.81,9.91,1.43,0.50,0.11,0.87
58.530783,9.55,0.28,1.58,0.37,0.86,-0.38,-34.12,21.94,-38.50,5.80,-6.28,6.73,0.76,-0.60,-0.46,-4.30,-6.32,6.95,0.45,-0.18,0.87,1.79,-6.98,7.55,0.54,-0.88,-0.24,-2.14,-5.04,8.84,0.54,-0.85,0.23,2.05,10.12,1.22,0.47,0.26,0.88
58.554727,10.63,0.59,2.73,0.82,0.91,-0.35,-32.31,18.31,-42.19,6.39,-6.04,7.40,0.87,-0.70,-0.35,-4.43,-6.11,6.85,0.35,-0.27,0.98,2.33,-7.09,8.00,0.57,-0.98,-0.11,-1.74,-5.17,9.17,0.49,-0.89,0.38,2.19,10.18,0.96,0.53,0.43,0.88
58.575251,10.70,0.67,3.15,0.82,0.91,-0.35,-32.31,18.31,-42.19,6.95,-5.51,8.34,0.94,-0.65,-0.25,-5.07,-6.14,7.01,0.22,-0.24,1.04,2.92,-6.77,8.73,0.63,-0.94,0.00,-1.51,-4.73,9.81,0.49,-0.82,0.51,2.39,10.68,0.51,0.58,0.50,0.80
58.596768,10.36,0.70,3.27,0.76,0.95,-0.17,-32.31,18.31,-42.19,6.96,-5.16,8.55,0.91,-0.59,-0.11,-5.71,-6.22,7.50,0.10,-0.29,1.00,2.86,-6.24,9.30,0.61,-0.88,0.16,-1.74,-4.21,10.35,0.43,-0.74,0.62,2.72,11.22,0.28,0.52,0.59,0.70
58.621582,9.86,1.01,2.77,0.76,0.74,-0.07,-30.81,14.12,-40.06,7.13,-5.43,7.69,0.89,-0.68,0.08,-5.25,-5.72,7.64,-0.01,-0.46,0.96,3.10,-6.65,8.51,0.54,-0.95,0.30,-0.69,-4.83,9.78,0.35,-0.71,0.83,3.09,10.57,0.57,0.43,0.75,0.67
58.638758,10.28,1.39,2.92,0.76,0.74,-0.07,-30.81,17.12,-43.06,7.65,-5.41,7.58,0.96,-0.64,0.17,-4.38,-5.33,7.24,-0.11,-0.44,1.02,3.73,-7.06,7.97,0.61,-0.92,0.41,-0.21,-5.17,9.54,0.39,-0.58,1.00,3.04,9.83,0.88,0.52,0.82,0.59
58.6593,10.67,2.05,3.27,0.76,0.74,-0.07,-30.81,17.12,-43.06,7.81,-4.87,7.85,1.05,-0.44,0.22,-4.39,-5.09,7.18,-0.23,-0.27,1.11,3.98,-6.60,8.20,0.75,-0.78,0.49,-0.16,-4.76,9.56,0.49,-0.36,1.16,3.22,9.76,0.62,0.68,0.82,0.46
58.683383,9.32,1.62,3.42,0.87,0.88,0.33,-30.50,15.81,-41.44,7.56,-4.58,7.39,1.11,-0.31,0.32,-5.06,-4.57,7.47,-0.39,-0.15,1.16,3.92,-5.99,8.17,0.83,-0.68,0.62,-0.88,-3.68,10.00,0.51,-0.26,1.30,3.69,9.84,0.02,0.78,0.89,0.32
58.706117,9.06,1.20,3.46,0.87,0.88,0.33,-29.62,16.94,-42.31,7.34,-4.12,7.41,1.21,-0.29,0.43,-5.16,-4.26,6.98,-0.54,-0.15,1.22,3.82,-5.57,8.14,0.89,-0.67,0.75,-0.63,-3.40,9.73,0.46,-0.23,1.40,3.48,9.49,-0.40,0.85,1.01,0.26
58.726424,9.05,1.20,4.03,0.87,0.88,0.33,-30.19,15.00,-43.81,7.32,-3.16,8.50,1.27,-0.14,0.47,-5.20,-4.22,6.08,-0.66,0.01,1.25,3.98,-4.84,8.68,1.00,-0.53,0.80,-1.05,-2.75,9.85,0.45,-0.09,1.45,2.98,9.23,-0.93,0.97,0.98,0.11
58.751471,8.60,1.16,5.18,0.87,0.88,0.33,-30.19,15.00,-43.81,6.67,-2.43,8.98,1.24,0.14,0.47,-6.05,-4.31,5.70,-0.75,0.26,1.19,3.50,-3.92,9.11,1.08,-0.28,0.83,-1.55,-2.03,9.46,0.54,0.11,1.45,2.73,9.60,-1.77,1.07,0.85,-0.10
58.771052,7.71,0.05,4.84,0.87,0.88,0.33,-30.19,15.00,-43.81,5.64,-2.26,8.41,1.17,0.21,0.50,-6.89,-4.07,5.91,-0.78,0.28,1.12,2.53,-3.11,9.27,1.03,-0.22,0.85,-2.62,-0.89,10.15,0.44,0.12,1.40,2.91,9.83,-2.38,1.02,0.85,-0.16
58.792102,7.71,-0.41,4.95,0.62,0.76,0.89,-30.19,15.00,-43.81,5.28,-2.20,8.09,1.19,0.07,0.54,-7.10,-3.64,5.69,-0.79,0.11,1.14,2.34,-2.98,8.86,0.96,-0.34,0.88,-2.61,-0.96,9.17,0.33,-0.01,1.40,2.93,9.56,-2.77,0.96,0.97,-0.07
58.81681,7.29,-0.18,5.22,1.05,0.78,0.74,-30.19,15.00,-43.81,5.07,-1.79,8.16,1.23,-0.04,0.60,-6.91,-3.40,5.11,-0.80,-0.06,1.21,2.24,-2.57,8.78,0.89,-0.45,0.92,-2.73,-0.64,8.86,0.35,-0.19,1.46,2.67,9.05,-2.99,0.92,1.11,0.03
58.837105,7.03,-0.37,4.99,1.10,0.80,0.70,-30.19,15.00,-43.81,4.59,-1.72,7.58,1.27,-0.13,0.64,-6.82,-3.19,4.89,-0.77,-0.19,1.29,1.93,-2.46,8.10,0.90,-0.57,0.96,-2.68,-0.64,8.19,0.38,-0.36,1.49,2.64,8.71,-3.07,0.90,1.21,0.14
58.859021,6.80,-0.52,4.64,1.10,0.80,0.70,-29.00,15.69,-44.62,4.23,-1.80,6.69,1.38,-0.33,0.68,-6.39,-2.76,4.63,-0.76,-0.36,1.42,1.73,-2.52,7.27,0.95,-0.81,1.01,-2.20,-0.72,7.64,0.45,-0.63,1.62,2.61,8.07,-3.01,0.92,1.36,0.31
58.883205,6.72,0.21,5.18,1.56,1.08,0.56,-29.00,15.69,-44.62,4.35,-1.04,7.26,1.58,-0.46,0.63,-5.69,-2.76,3.54,-0.73,-0.33,1.58,1.95,-2.11,7.35,1.09,-0.96,0.98,-1.78,-0.72,7.11,0.61,-0.76,1.72,1.93,7.37,-3.06,1.06,1.39,0.39
58.905095,6.52,0.36,5.72,1.26,1.31,0.63,-29.00,15.69,-44.62,3.91,0.01,8.38,1.61,-0.31,0.45,-5.81,-2.84,2.88,-0.65,-0.07,1.62,2.00,-1.30,8.08,1.18,-0.84,0.83,-2.00,0.24,7.66,0.85,-0.69,1.68,1.54,7.29,-3.52,1.23,1.19,0.34
58.927033,5.95,0.05,5.98,1.26,1.31,0.63,-28.38,15.88,-45.38,4.19,0.20,8.54,1.56,-0.12,0.32,-6.65,-2.63,2.92,-0.58,0.16,1.57,2.37,-0.81,8.26,1.25,-0.68,0.72,-2.20,1.34,8.29,0.86,-0.48,1.51,1.76,7.66,-4.33,1.30,0.97,0.24
58.949743,5.57,-1.21,6.48,1.26,1.31,0.63,-27.81,15.75,-46.75,3.85,0.45,8.49,1.53,-0.01,0.26,-7.25,-2.15,2.83,-0.55,0.26,1.51,1.91,-0.29,8.46,1.32,-0.59,0.68,-2.40,1.72,8.07,0.88,-0.36,1.44,1.85,7.60,-4.97,1.32,0.88,0.21
58.971357,5.91,-1.40,7.17,1.26,1.31,0.63,-27.19,16.88,-47.69,3.29,1.01,9.19,1.57,0.06,0.18,-7.70,-2.15,2.21,-0.50,0.38,1.51,1.45,0.21,8.83,1.42,-0.54,0.60,-2.87,2.05,7.79,0.99,-0.31,1.39,1.43,7.68,-5.62,1.40,0.77,0.20
58.992626,5.95,-1.59,7.71,0.62,1.44,0.66,-27.19,16.88,-47.69,2.47,1.84,10.24,1.54,0.10,0.03,-8.55,-2.43,1.88,-0.38,0.52,1.49,0.97,1.03,9.77,1.46,-0.48,0.44,-3.71,2.86,8.00,1.14,-0.29,1.29,1.13,8.21,-6.37,1.44,0.59,0.21
59.017272,5.42,-2.17,8.24,0.62,1.44,0.66,-26.62,16.88,-49.50,2.60,1.94,10.50,1.44,0.11,-0.15,-9.59,-2.36,2.01,-0.22,0.54,1.40,0.81,1.73,10.54,1.37,-0.46,0.24,-4.31,4.05,9.08,1.19,-0.35,1.12,1.29,8.78,-7.13,1.37,0.44,0.29
59.033909,5.38,-2.59,8.44,0.62,1.44,0.66,-26.62,16.88,-49.50,2.70,2.13,10.84,1.36,0.07,-0.21,-10.09,-2.19,2.07,-0.12,0.49,1.32,0.99,1.86,10.79,1.30,-0.51,0.16,-4.32,4.38,9.40,1.12,-0.39,0.99,1.45,8.99,-7.55,1.27,0.37,0.34
59.055716,5.50,-2.59,8.94,0.35,1.27,0.21,-26.62,16.88,-49.50,2.84,2.38,11.43,1.27,0.02,-0.29,-10.40,-2.13,1.85,-0.03,0.46,1.22,1.10,2.01,11.23,1.23,-0.52,0.07,-4.50,4.56,9.60,1.06,-0.43,0.83,1.36,9.12,-7.92,1.18,0.28,0.37
59.079846,5.91,-2.32,10.01,0.35,1.27,0.21,-24.19,17.56,-50.38,2.78,3.04,12.47,1.14,-0.00,-0.41,-10.99,-2.38,1.69,0.11,0.50,1.09,0.98,2.61,12.23,1.15,-0.47,-0.11,-4.89,4.97,9.86,1.06,-0.44,0.59,1.15,9.60,-8.38,1.08,0.11,0.40
59.102378,5.61,-2.13,10.27,0.35,1.27,0.21,-23.88,18.06,-52.62,2.81,3.52,13.12,0.89,0.03,-0.58,-11.67,-2.65,1.86,0.30,0.49,0.87,0.93,3.10,13.01,0.97,-0.38,-0.34,-5.17,5.60,10.58,1.05,-0.45,0.30,1.23,10.21,-8.77,0.88,-0.13,0.44
59.123342,5.61,-2.13,10.27,-0.31,0.82,-0.40,-22.38,16.00,-53.31,3.10,3.37,12.92,0.65,-0.02,-0.70,-12.00,-2.38,2.28,0.49,0.44,0.62,1.48,3.04,13.28,0.75,-0.37,-0.53,-4.98,5.85,11.22,0.94,-0.45,0.04,1.72,10.36,-8.89,0.65,-0.31,0.50
59.14729,6.07,-1.90,10.51,-0.32,0.66,-0.59,-22.38,16.00,-53.31,3.59,3.27,12.75,0.43,-0.13,-0.79,-12.04,-1.86,2.79,0.65,0.32,0.42,1.88,2.75,12.99,0.49,-0.37,-0.67,-4.40,5.64,11.29,0.77,-0.51,-0.20,2.37,10.32,-8.85,0.41,-0.42,0.59
59.168603,5.99,-1.55,10.51,-0.25,0.55,-0.72,-22.38,16.00,-53.31,4.16,3.28,12.68,0.26,-0.22,-0.83,-11.89,-1.61,3.11,0.74,0.21,0.28,2.46,2.62,13.01,0.30,-0.38,-0.75,-3.87,5.52,11.46,0.65,-0.57,-0.35,2.74,10.24,-8.71,0.23,-0.46,0.66
59.190302,5.91,-1.02,10.32,-0.28,0.41,-0.80,-22.38,16.00,-53.31,4.67,3.37,12.72,0.05,-0.26,-0.88,-11.62,-1.56,3.29,0.81,0.13,0.10,2.99,2.47,13.00,0.10,-0.33,-0.84,-3.48,5.33,11.50,0.53,-0.58,-0.53,2.93,10.15,-8.45,0.05,-0.55,0.67
59.214922,6.07,-0.68,10.20,-0.60,0.10,-0.89,-20.56,17.31,-55.00,5.10,3.29,12.61,-0.19,-0.21,-0.94,-11.28,-1.54,3.35,0.88,0.12,-0.13,3.39,2.23,12.80,-0.09,-0.20,-0.94,-2.94,5.21,11.70,0.43,-0.49,-0.74,3.02,10.01,-8.20,-0.14,-0.68,0.61
59.23681,5.95,-0.64,9.93,-0.60,0.10,-0.89,-20.56,17.31,-55.00,5.26,3.14,12.37,-0.40,-0.16,-0.97,-11.20,-1.54,3.52,0.92,0.14,-0.33,3.51,2.12,12.68,-0.26,-0.08,-1.00,-2.76,5.10,11.68,0.31,-0.36,-0.92,3.17,10.03,-8.04,-0.30,-0.82,0.54
59.25669,5.99,-0.71,9.75,-0.75,-0.07,-0.92,-20.56,17.31,-55.00,5.25,2.75,11.82,-0.59,-0.15,-0.97,-11.05,-1.39,3.79,0.95,0.10,-0.53,3.46,1.84,12.32,-0.43,-0.00,-1.03,-2.66,4.84,11.56,0.17,-0.30,-1.06,3.38,9.91,-7.81,-0.47,-0.89,0.51
59.281019,6.18,-0.75,9.21,-0.73,-0.34,-1.03,-20.56,17.31,-55.00,5.35,2.43,11.49,-0.76,-0.19,-0.95,-10.70,-1.39,3.92,0.95,0.03,-0.68,3.56,1.42,11.93,-0.62,0.04,-1.05,-2.49,4.46,11.37,0.01,-0.27,-1.18,3.44,9.75,-7.44,-0.63,-0.91,0.49
59.298481,6.30,-0.56,9.12,-0.73,-0.34,-1.03,-20.00,17.75,-56.88,5.50,2.21,11.31,-0.88,-0.19,-0.93,-10.41,-1.46,3.93,0.95,-0.01,-0.77,3.64,1.17,11.70,-0.72,0.08,-1.06,-2.31,4.13,11.22,-0.09,-0.24,-1.26,3.41,9.65,-7.19,-0.72,-0.94,0.46
59.319626,6.49,-0.41,8.98,-0.73,-0.34,-1.03,-20.00,17.75,-56.88,5.65,1.98,11.17,-0.99,-0.16,-0.92,-10.14,-1.55,4.03,0.94,-0.01,-0.88,3.69,0.92,11.59,-0.82,0.14,-1.07,-2.12,3.80,11.10,-0.16,-0.18,-1.34,3.43,9.60,-6.89,-0.81,-0.98,0.41
59.3433,6.76,-0.21,8.62,-0.90,-0.60,-1.02,-20.00,17.75,-56.88,5.83,1.63,10.97,-1.11,-0.12,-0.90,-9.92,-1.72,4.21,0.92,-0.00,-1.00,3.78,0.50,11.37,-0.93,0.24,-1.08,-2.01,3.41,11.09,-0.24,-0.09,-1.41,3.46,9.65,-6.53,-0.90,-1.03,0.35
59.361087,6.91,-0.10,8.44,-0.90,-0.60,-1.02,-19.38,19.88,-58.00,5.96,1.41,10.82,-1.19,-0.08,-0.89,-9.69,-1.85,4.34,0.91,0.02,-1.09,3.85,0.23,11.25,-0.99,0.31,-1.09,-1.93,3.15,11.14,-0.29,-0.02,-1.47,3.51,9.64,-6.25,-0.96,-1.07,0.28
59.382288,6.99,0.17,8.25,-0.90,-0.60,-1.02,-19.69,20.00,-56.56,6.22,1.19,10.75,-1.30,-0.01,-0.87,-9.49,-2.00,4.47,0.89,0.07,-1.19,4.02,-0.04,11.20,-1.07,0.42,-1.10,-1.77,2.84,11.11,-0.36,0.07,-1.55,3.54,9.67,-5.97,-1.02,-1.13,0.20
59.402647,7.07,0.32,8.17,-0.90,-0.60,-1.02,-19.69,20.00,-56.56,6.41,0.83,10.56,-1.39,0.08,-0.86,-9.41,-1.91,4.84,0.86,0.09,-1.27,4.14,-0.47,10.97,-1.12,0.52,-1.09,-1.54,2.44,11.10,-0.41,0.18,-1.59,3.83,9.71,-5.71,-1.06,-1.16,0.13
59.427378,7.52,0.02,7.78,-1.07,-0.87,-0.84,-20.25,18.88,-57.81,6.45,0.16,9.85,-1.41,0.10,-0.78,-9.27,-2.03,5.28,0.78,0.06,-1.31,4.11,-1.02,10.60,-1.16,0.56,-1.02,-1.47,2.02,11.18,-0.46,0.23,-1.56,4.05,9.87,-5.33,-1.11,-1.10,0.08
59.451285,7.45,0.67,7.25,-1.07,-0.87,-0.84,-20.88,21.25,-56.12,6.75,-0.03,9.70,-1.42,0.07,-0.70,-9.01,-2.13,5.64,0.71,-0.01,-1.35,4.38,-1.22,10.59,-1.21,0.54,-0.95,-1.28,1.81,11.41,-0.57,0.25,-1.54,4.27,9.91,-4.94,-1.17,-1.03,0.03
59.47208,7.45,0.93,7.10,-0.90,-0.99,-0.80,-20.81,21.69,-56.12,7.18,-0.26,9.48,-1.45,0.07,-0.59,-8.56,-2.04,5.90,0.62,-0.05,-1.41,4.79,-1.63,10.24,-1.27,0.57,-0.85,-0.68,1.29,11.22,-0.69,0.30,-1.52,4.52,9.68,-4.49,-1.23,-0.98,-0.06
59.496317,7.79,1.12,6.60,-0.87,-1.12,-0.58,-20.81,21.69,-56.12,7.47,-0.79,8.90,-1.46,0.12,-0.46,-7.96,-1.91,6.15,0.50,-0.06,-1.43,5.02,-2.30,9.64,-1.28,0.63,-0.72,-0.25,0.54,10.85,-0.75,0.39,-1.42,4.72,9.38,-3.94,-1.23,-0.90,-0.19
59.518052,8.02,1.01,6.25,-0.74,-1.06,-0.43,-22.06,20.81,-56.31,7.49,-1.38,8.39,-1.40,0.17,-0.34,-7.51,-1.89,6.38,0.36,-0.05,-1.39,4.92,-2.88,9.13,-1.24,0.65,-0.57,-0.09,-0.06,10.55,-0.76,0.45,-1.26,4.79,9.22,-3.45,-1.17,-0.77,-0.28
59.543066,8.07,0.93,6.02,-0.74,-1.06,-0.43,-22.06,20.81,-56.31,7.38,-1.73,8.20,-1.30,0.18,-0.20,-7.23,-2.15,6.43,0.21,-0.07,-1.31,4.69,-3.21,8.92,-1.17,0.65,-0.42,-0.28,-0.37,10.47,-0.78,0.49,-1.11,4.62,9.23,-3.08,-1.11,-0.63,-0.34
59.56082,8.06,0.93,5.72,-0.53,-1.01,-0.19,-22.06,20.81,-56.31,7.19,-1.93,8.22,-1.23,0.19,-0.06,-7.00,-2.61,6.39,0.06,-0.10,-1.23,4.40,-3.31,9.03,-1.12,0.65,-0.27,-0.56,-0.53,10.48,-0.84,0.53,-0.98,4.32,9.35,-2.77,-1.07,-0.49,-0.41
59.585423,8.03,0.89,5.22,-0.47,-1.06,-0.12,-23.81,24.44,-56.25,7.08,-2.28,8.07,-1.19,0.22,0.10,-6.78,-2.81,6.45,-0.08,-0.14,-1.18,4.15,-3.62,8.75,-1.11,0.64,-0.10,-0.60,-0.94,10.18,-0.94,0.57,-0.84,4.21,9.31,-2.46,-1.05,-0.36,-0.48
59.606546,8.21,0.74,5.03,-0.47,-1.06,-0.12,-25.06,24.06,-52.94,6.83,-2.76,7.69,-1.10,0.20,0.23,-6.44,-2.94,6.34,-0.20,-0.17,-1.12,3.93,-4.00,8.40,-1.06,0.61,0.05,-0.65,-1.46,9.73,-0.96,0.59,-0.67,3.99,9.15,-2.14,-1.00,-0.23,-0.53
59.62891,8.52,0.67,4.88,-0.47,-1.06,-0.12,-25.06,24.06,-52.94,6.61,-2.90,7.83,-0.99,0.19,0.34,-6.15,-3.27,6.04,-0.33,-0.16,-1.02,3.59,-4.13,8.42,-0.99,0.60,0.18,-1.02,-1.69,9.55,-0.94,0.62,-0.51,3.53,9.09,-1.92,-0.90,-0.10,-0.58
59.650541,8.41,0.63,4.76,-0.18,-0.93,0.20,-25.06,24.06,-52.94,6.30,-3.00,7.97,-0.91,0.22,0.41,-6.19,-3.61,5.96,-0.43,-0.14,-0.94,3.15,-4.09,8.52,-0.96,0.63,0.26,-1.49,-1.73,9.44,-0.94,0.64,-0.39,3.28,9.25,-1.86,-0.83,-0.03,-0.63
59.67214,8.52,0.05,4.26,-0.17,-0.92,0.26,-25.06,24.06,-52.94,6.02,-3.42,7.65,-0.84,0.18,0.51,-6.29,-3.78,6.08,-0.51,-0.21,-0.85,2.70,-4.36,8.24,-0.92,0.58,0.38,-1.79,-1.87,9.33,-0.95,0.60,-0.26,3.22,9.41,-1.76,-0.80,0.11,-0.62
59.693811,8.71,-0.06,4.11,0.01,-0.93,0.28,-25.06,24.06,-52.94,6.02,-3.88,7.50,-0.70,0.11,0.62,-5.92,-3.89,5.82,-0.61,-0.29,-0.73,2.69,-4.82,7.97,-0.85,0.46,0.51,-1.76,-2.29,9.11,-0.97,0.55,-0.11,2.92,9.20,-1.53,-0.74,0.28,-0.59
59.717699,9.18,0.09,4.30,0.21,-0.73,0.52,-25.06,24.06,-52.94,5.96,-3.89,8.16,-0.53,0.18,0.70,-5.61,-4.46,5.20,-0.74,-0.23,-0.62,2.49,-4.93,8.23,-0.67,0.47,0.63,-2.14,-2.62,8.78,-0.90,0.59,0.04,2.16,9.20,-1.36,-0.60,0.36,-0.67
59.739277,9.02,-0.33,4.15,0.21,-0.73,0.52,-28.88,25.19,-51.94,5.39,-3.90,8.35,-0.44,0.30,0.73,-5.82,-4.86,4.99,-0.82,-0.11,-0.55,1.84,-4.81,8.36,-0.54,0.53,0.68,-2.71,-2.60,8.51,-0.79,0.63,0.14,1.79,9.44,-1.46,-0.49,0.37,-0.76
59.759507,8.90,-0.91,3.88,0.21,-0.73,0.52,-28.88,25.19,-51.94,4.87,-4.08,8.14,-0.36,0.34,0.78,-6.02,-5.07,5.00,-0.87,-0.10,-0.49,1.20,-4.67,8.39,-0.46,0.50,0.74,-3.22,-2.48,8.49,-0.72,0.60,0.24,1.60,9.60,-1.49,-0.43,0.42,-0.77
59.783094,8.98,-0.98,3.38,0.29,-0.62,0.61,-28.88,25.19,-51.94,4.35,-4.35,7.73,-0.27,0.23,0.82,-5.89,-5.18,4.98,-0.88,-0.19,-0.38,0.80,-4.84,8.10,-0.40,0.38,0.79,-3.47,-2.67,8.27,-0.69,0.49,0.37,1.50,9.51,-1.29,-0.38,0.53,-0.68
59.805357,9.05,-0.75,3.34,0.48,-0.53,0.56,-28.88,25.19,-51.94,4.39,-4.45,7.35,-0.12,0.08,0.85,-5.57,-4.98,5.02,-0.88,-0.28,-0.21,0.86,-5.02,7.66,-0.32,0.21,0.83,-3.24,-2.92,7.99,-0.64,0.33,0.50,1.64,9.20,-1.10,-0.31,0.66,-0.57
59.82723,8.79,-0.29,3.38,0.48,-0.53,0.56,-29.19,26.00,-49.62,4.91,-4.30,7.23,0.02,0.00,0.86,-5.26,-4.67,5.07,-0.90,-0.33,-0.05,1.52,-4.99,7.54,-0.21,0.08,0.88,-2.68,-2.80,8.24,-0.61,0.21,0.60,1.91,8.91,-1.02,-0.21,0.78,-0.50
59.850432,8.33,0.44,3.61,0.48,-0.53,0.56,-30.12,24.56,-49.31,5.39,-3.93,7.37,0.15,-0.01,0.91,-5.18,-4.43,5.25,-0.96,-0.32,0.07,2.09,-4.81,7.72,-0.10,0.02,0.96,-1.97,-2.72,8.33,-0.57,0.20,0.72,2.21,8.82,-1.03,-0.11,0.86,-0.50
59.872142,8.17,0.55,3.57,0.70,-0.26,0.73,-30.12,24.56,-49.31,5.57,-3.79,7.32,0.21,0.01,0.97,-5.18,-4.25,5.40,-1.03,-0.32,0.14,2.31,-4.71,7.70,-0.05,0.03,1.05,-1.82,-2.64,8.38,-0.55,0.23,0.83,2.43,8.77,-1.04,-0.05,0.94,-0.52
59.893995,8.14,0.51,3.50,0.74,-0.27,0.82,-30.12,24.56,-49.31,5.44,-3.97,6.96,0.30,-0.01,1.05,-5.12,-4.19,5.40,-1.11,-0.35,0.23,2.18,-4.82,7.47,-0.00,-0.01,1.15,-1.85,-2.74,8.26,-0.55,0.20,0.97,2.40,8.67,-0.99,0.01,1.05,-0.52
59.918923,8.55,0.17,3.54,0.93,-0.09,0.95,-30.44,25.38,-47.00,5.43,-3.65,7.52,0.43,0.00,1.09,-4.94,-4.39,4.75,-1.18,-0.30,0.34,2.09,-4.63,7.66,0.12,-0.02,1.21,-1.99,-2.69,8.09,-0.47,0.23,1.09,1.85,8.51,-1.13,0.15,1.10,-0.56
59.940895,8.29,0.05,4.38,0.93,-0.09,0.95,-30.44,25.38,-47.00,5.39,-3.15,8.41,0.47,0.17,1.08,-5.35,-4.66,4.37,-1.22,-0.12,0.36,2.08,-4.14,8.33,0.23,0.11,1.21,-2.35,-2.21,8.35,-0.37,0.38,1.12,1.51,8.84,-1.59,0.26,1.02,-0.69
59.963202,8.29,0.05,4.38,0.52,-0.04,1.22,-31.31,26.50,-47.88,5.04,-3.11,8.66,0.44,0.33,1.06,-6.02,-4.72,4.24,-1.28,0.02,0.33,1.71,-3.79,8.79,0.28,0.24,1.22,-2.91,-1.67,8.67,-0.31,0.50,1.13,1.39,9.20,-2.14,0.31,0.96,-0.80
59.986476,8.52,-1.86,5.07,0.52,-0.04,1.22,-31.62,25.88,-45.25,4.56,-3.00,9.30,0.44,0.42,1.10,-6.79,-4.86,3.91,-1.36,0.10,0.31,1.24,-3.46,9.35,0.31,0.34,1.27,-3.66,-1.15,8.95,-0.31,0.60,1.16,1.04,9.58,-2.74,0.35,0.96,-0.90
60.047077,8.71,-2.29,5.38,0.54,-0.07,1.32,-31.62,25.88,-45.25,3.83,-2.74,10.00,0.41,0.47,1.13,-7.52,-5.29,3.42,-1.41,0.14,0.29,0.45,-3.00,9.94,0.31,0.40,1.30,-4.64,-0.63,9.06,-0.32,0.65,1.16,0.38,10.08,-3.41,0.35,0.95,-0.97
60.047106,8.56,-2.78,5.57,0.52,-0.11,1.32,-31.62,25.88,-45.25,3.06,-2.51,10.48,0.38,0.47,1.13,-8.12,-5.53,3.00,-1.40,0.12,0.26,-0.33,-2.50,10.42,0.27,0.41,1.30,-5.41,-0.18,9.08,-0.35,0.64,1.14,-0.05,10.35,-3.90,0.31,0.95,-0.97
60.052767,8.48,-3.28,5.72,0.52,-0.11,1.32,-31.88,29.19,-47.69,2.52,-2.26,10.98,0.32,0.43,1.09,-8.53,-5.81,2.50,-1.37,0.07,0.20,-0.86,-2.05,10.89,0.19,0.39,1.26,-6.12,0.29,9.16,-0.39,0.61,1.08,-0.61,10.56,-4.38,0.24,0.92,-0.95
60.076372,8.33,-3.55,6.14,0.52,-0.11,1.32,-32.50,30.19,-46.06,2.21,-1.80,11.56,0.20,0.40,1.00,-8.90,-5.89,1.95,-1.29,0.04,0.09,-1.20,-1.56,11.25,0.10,0.39,1.17,-6.50,0.68,9.06,-0.41,0.60,0.96,-0.97,10.55,-4.86,0.14,0.83,-0.92
60.09727,8.17,-3.74,6.45,0.31,-0.38,0.98,-32.50,30.19,-46.06,2.06,-1.73,11.58,0.11,0.39,0.96,-8.96,-5.76,1.52,-1.22,0.05,-0.01,-1.34,-1.26,11.23,0.03,0.42,1.09,-6.73,1.00,8.93,-0.42,0.61,0.84,-1.19,10.34,-5.17,0.07,0.74,-0.91
60.119203,7.64,-4.05,6.45,0.31,-0.38,0.98,-32.50,30.19,-46.06,1.66,-1.41,11.70,0.03,0.42,0.90,-8.96,-5.61,1.19,-1.13,0.08,-0.11,-1.64,-0.93,11.19,-0.03,0.47,0.99,-7.08,1.37,8.90,-0.46,0.59,0.67,-1.36,10.11,-5.38,0.00,0.63,-0.90
60.142314,7.41,-4.12,6.37,0.10,-0.45,0.84,-33.69,33.94,-44.50,1.26,-1.04,11.94,-0.09,0.45,0.84,-9.06,-5.63,0.78,-1.03,0.10,-0.22,-1.89,-0.52,11.29,-0.12,0.55,0.88,-6.83,1.53,8.52,-0.51,0.63,0.47,-1.70,10.01,-5.67,-0.09,0.49,-0.89
60.164653,7.02,-4.54,6.56,0.10,-0.45,0.84,-33.69,33.94,-44.50,0.74,-0.72,12.15,-0.25,0.49,0.75,-9.12,-5.74,0.26,-0.93,0.15,-0.38,-2.26,-0.11,11.34,-0.22,0.64,0.75,-7.21,1.80,8.25,-0.50,0.71,0.30,-2.15,9.88,-5.93,-0.19,0.33,-0.89
60.186419,6.88,-4.81,6.48,-0.25,-0.62,0.65,-33.69,33.94,-44.50,0.08,-0.72,11.89,-0.40,0.51,0.62,-9.22,-5.73,-0.04,-0.79,0.18,-0.53,-2.88,0.14,11.15,-0.33,0.70,0.59,-7.62,1.94,7.86,-0.48,0.73,0.13,-2.37,9.75,-6.09,-0.30,0.15,-0.86
60.209615,6.72,-5.62,6.02,-0.25,-0.62,0.65,-34.88,36.50,-44.56,-0.42,-1.06,11.22,-0.52,0.43,0.47,-9.19,-5.47,-0.06,-0.63,0.12,-0.62,-3.30,0.05,10.61,-0.46,0.65,0.42,-7.82,1.95,7.54,-0.48,0.64,-0.01,-2.32,9.50,-6.10,-0.42,0.06,-0.74
60.231376,6.72,-5.58,5.76,-0.23,-0.70,0.30,-34.88,36.50,-44.56,-0.49,-1.20,10.94,-0.58,0.31,0.38,-8.87,-5.43,-0.18,-0.50,0.01,-0.65,-3.35,-0.08,10.23,-0.54,0.54,0.32,-7.96,1.93,7.41,-0.52,0.49,-0.13,-2.43,9.23,-5.90,-0.50,0.04,-0.62
60.253115,6.53,-5.23,5.49,-0.11,-0.69,0.17,-34.88,36.50,-44.56,-0.50,-1.20,10.79,-0.63,0.23,0.30,-8.30,-5.48,-0.50,-0.38,-0.06,-0.70,-3.27,-0.19,9.85,-0.60,0.50,0.21,-7.81,1.69,6.91,-0.56,0.37,-0.30,-2.71,8.81,-5.61,-0.57,-0.02,-0.54
60.277328,6.30,-4.81,5.18,-0.20,-0.72,0.06,-35.81,35.44,-40.12,-0.76,-1.11,10.69,-0.70,0.24,0.14,-7.71,-5.75,-0.98,-0.23,-0.02,-0.78,-3.53,-0.13,9.58,-0.63,0.53,0.04,-7.31,1.32,6.28,-0.49,0.33,-0.54,-3.23,8.40,-5.32,-0.62,-0.21,-0.50
60.299054,6.26,-4.93,4.95,-0.20,-0.72,0.06,-35.19,37.06,-41.12,-1.09,-1.26,10.33,-0.79,0.29,-0.08,-7.42,-5.79,-1.08,-0.04,0.07,-0.87,-3.85,-0.23,9.24,-0.68,0.59,-0.19,-7.29,1.02,5.85,-0.40,0.39,-0.66,-3.34,8.18,-5.10,-0.65,-0.41,-0.43
60.319197,6.30,-5.04,4.61,-0.20,-0.72,0.06,-35.19,37.06,-41.12,-1.06,-1.66,9.81,-0.84,0.30,-0.26,-7.14,-5.64,-0.97,0.13,0.12,-0.90,-3.88,-0.60,8.71,-0.69,0.59,-0.37,-7.15,0.75,5.67,-0.31,0.39,-0.76,-3.21,7.98,-4.85,-0.66,-0.55,-0.33
60.343032,6.46,-5.12,4.19,-0.75,-0.54,-0.37,-35.19,37.06,-41.12,-0.88,-2.05,9.49,-0.85,0.28,-0.41,-6.86,-5.75,-0.81,0.28,0.16,-0.89,-3.77,-1.03,8.40,-0.67,0.55,-0.53,-7.10,0.47,5.67,-0.24,0.37,-0.85,-3.20,7.97,-4.49,-0.64,-0.67,-0.20
60.365268,6.61,-4.93,3.96,-0.75,-0.54,-0.37,-35.81,36.25,-39.50,-0.80,-2.34,9.36,-0.85,0.26,-0.53,-6.67,-5.99,-0.62,0.42,0.18,-0.89,-3.76,-1.33,8.35,-0.64,0.51,-0.67,-7.25,0.18,5.72,-0.18,0.33,-0.97,-3.22,8.09,-4.14,-0.64,-0.77,-0.09
60.387209,7.02,-4.70,3.57,-0.75,-0.54,-0.37,-35.81,36.25,-39.50,-0.72,-2.68,9.21,-0.86,0.23,-0.66,-6.50,-6.20,-0.41,0.55,0.21,-0.89,-3.70,-1.70,8.30,-0.62,0.47,-0.80,-7.28,-0.14,5.76,-0.13,0.27,-1.08,-3.18,8.20,-3.82,-0.64,-0.87,0.01
60.408842,7.26,-4.54,3.42,-0.91,-0.38,-0.69,-35.81,36.25,-39.50,-0.43,-2.93,9.05,-0.86,0.18,-0.80,-6.39,-6.24,-0.06,0.69,0.23,-0.88,-3.50,-1.98,8.28,-0.62,0.42,-0.93,-7.11,-0.40,5.86,-0.09,0.20,-1.20,-2.93,8.30,-3.54,-0.63,-0.96,0.12
60.431416,7.26,-4.16,3.19,-0.91,-0.38,-0.69,-35.81,36.25,-39.50,0.01,-3.18,8.82,-0.86,0.13,-0.90,-6.31,-6.17,0.36,0.80,0.22,-0.86,-3.13,-2.28,8.15,-0.62,0.36,-1.03,-6.60,-0.67,5.95,-0.05,0.11,-1.27,-2.55,8.38,-3.29,-0.64,-1.01,0.24
60.452342,7.41,-3.97,3.00,-0.91,-0.30,-0.89,-35.81,36.25,-39.50,0.39,-3.51,8.53,-0.85,0.06,-0.94,-6.18,-6.20,0.92,0.87,0.15,-0.83,-2.83,-2.64,7.99,-0.61,0.28,-1.07,-6.33,-0.97,6.13,-0.03,0.02,-1.29,-2.16,8.55,-2.91,-0.66,-1.00,0.32
60.476637,7.64,-3.24,2.65,-0.74,-0.31,-1.05,-35.81,36.25,-39.50,0.64,-3.78,8.06,-0.83,-0.07,-0.98,-5.80,-6.26,1.39,0.95,0.05,-0.80,-2.60,-3.06,7.65,-0.63,0.15,-1.11,-6.00,-1.42,6.07,-0.04,-0.11,-1.31,-1.93,8.49,-2.38,-0.70,-0.97,0.41
60.498029,7.60,-2.74,2.54,-0.74,-0.31,-1.05,-36.44,32.56,-37.44,0.94,-3.82,7.81,-0.82,-0.14,-1.06,-5.20,-6.20,1.47,1.03,-0.02,-0.77,-2.27,-3.30,7.35,-0.63,0.07,-1.18,-5.45,-1.86,5.81,-0.01,-0.19,-1.35,-1.84,8.14,-1.92,-0.70,-0.98,0.50
60.518391,7.57,-2.44,2.43,-0.74,-0.31,-1.05,-36.44,32.56,-37.44,1.32,-4.03,7.44,-0.80,-0.17,-1.14,-4.69,-6.11,1.70,1.11,-0.02,-0.73,-1.98,-3.61,7.01,-0.62,0.03,-1.25,-5.14,-2.27,5.61,0.05,-0.25,-1.38,-1.61,7.95,-1.48,-0.67,-1.01,0.55
60.542111,7.95,-2.13,1.70,-0.80,-0.11,-1.23,-36.44,32.56,-37.44,1.68,-4.57,6.82,-0.76,-0.22,-1.21,-4.48,-6.08,2.40,1.19,-0.04,-0.66,-1.70,-4.21,6.61,-0.58,-0.05,-1.31,-4.82,-2.72,5.78,0.12,-0.36,-1.37,-1.09,8.09,-0.96,-0.64,-1.01,0.65
60.564129,8.09,-1.94,1.35,-0.65,-0.05,-1.29,-36.44,32.56,-37.44,2.34,-5.08,6.33,-0.67,-0.34,-1.21,-4.22,-6.01,3.02,1.21,-0.11,-0.58,-1.05,-4.82,6.30,-0.55,-0.18,-1.30,-4.26,-3.07,6.09,0.12,-0.48,-1.33,-0.62,8.14,-0.49,-0.63,-0.94,0.76
60.5859,8.25,-1.52,1.31,-0.65,-0.05,-1.29,-35.88,28.25,-38.12,2.98,-5.32,6.20,-0.57,-0.42,-1.17,-3.73,-5.94,3.42,1.19,-0.18,-0.49,-0.47,-5.24,6.15,-0.50,-0.28,-1.23,-3.36,-3.60,6.06,0.09,-0.55,-1.27,-0.32,8.00,0.01,-0.60,-0.84,0.84
60.609016,8.52,-0.87,0.93,-0.65,-0.05,-1.29,-35.94,26.38,-36.00,3.32,-5.66,6.11,-0.49,-0.44,-1.11,-3.26,-6.24,3.64,1.14,-0.20,-0.42,-0.28,-5.79,6.00,-0.43,-0.33,-1.15,-3.32,-4.17,6.08,0.11,-0.56,-1.16,-0.37,8.05,0.58,-0.55,-0.77,0.86
60.630564,8.87,-0.68,0.78,-0.65,-0.05,-1.29,-35.94,24.69,-36.81,3.48,-5.94,6.28,-0.42,-0.41,-1.10,-2.97,-6.69,3.66,1.13,-0.13,-0.35,-0.36,-6.21,6.03,-0.34,-0.32,-1.14,-3.39,-4.79,5.88,0.19,-0.54,-1.10,-0.60,8.17,0.99,-0.46,-0.78,0.83
60.652124,9.28,-0.68,0.93,-0.48,0.18,-1.12,-35.94,24.69,-36.81,3.60,-6.16,6.28,-0.34,-0.32,-1.13,-2.90,-6.87,3.84,1.14,-0.03,-0.30,-0.35,-6.47,6.03,-0.22,-0.28,-1.16,-3.50,-4.97,6.05,0.31,-0.51,-1.08,-0.51,8.34,1.21,-0.35,-0.83,0.80
60.675795,9.25,-0.83,0.55,-0.48,0.18,-1.12,-35.06,20.50,-36.44,3.60,-6.63,5.88,-0.24,-0.29,-1.13,-3.14,-6.87,4.56,1.14,0.00,-0.21,-0.41,-6.79,6.00,-0.12,-0.31,-1.13,-3.52,-5.12,6.38,0.37,-0.55,-1.00,-0.06,8.71,1.39,-0.27,-0.80,0.82
60.69848,9.40,-0.94,0.28,-0.24,0.38,-1.12,-34.12,21.62,-37.31,3.80,-7.11,5.36,-0.11,-0.42,-1.07,-3.17,-6.81,5.26,1.12,-0.11,-0.07,-0.25,-7.27,5.81,-0.06,-0.48,-1.05,-3.32,-5.48,6.58,0.36,-0.69,-0.88,0.46,8.93,1.74,-0.22,-0.64,0.93
60.718962,10.02,0.05,0.39,-0.24,0.38,-1.12,-34.12,21.62,-37.31,4.56,-7.22,5.39,0.06,-0.57,-1.02,-2.77,-6.73,5.59,1.09,-0.21,0.10,0.41,-7.74,5.72,0.02,-0.66,-0.98,-2.70,-6.06,6.64,0.37,-0.84,-0.75,0.72,8.86,2.13,-0.14,-0.48,1.03
60.742335,10.32,0.82,0.89,0.06,0.66,-1.04,-33.81,18.88,-36.94,5.52,-6.83,6.11,0.25,-0.56,-1.01,-2.53,-6.64,5.81,1.05,-0.15,0.26,1.45,-7.84,6.17,0.19,-0.69,-0.95,-1.94,-6.20,7.18,0.47,-0.84,-0.64,1.10,8.91,2.26,0.03,-0.44,1.03
61.184511,10.17,1.66,1.73,0.06,0.66,-1.04,-33.81,18.88,-36.94,6.43,-6.44,6.66,0.32,-0.44,-1.01,-3.20,-6.38,6.73,0.97,-0.01,0.35,2.32,-7.55,7.07,0.30,-0.61,-0.91,-1.44,-5.80,8.24,0.58,-0.75,-0.55,2.09,9.59,1.96,0.15,-0.45,0.95
61.18454,10.06,1.70,1.81,-0.15,0.73,-0.76,-33.81,18.88,-36.94,7.13,-6.39,6.51,0.33,-0.44,-0.90,-4.02,-5.92,8.03,0.87,-0.05,0.38,3.05,-7.41,7.59,0.29,-0.62,-0.78,-1.11,-5.29,9.44,0.52,-0.74,-0.44,3.29,10.22,1.76,0.14,-0.33,0.91
61.184554,9.94,1.89,1.77,0.13,0.54,-0.73,-33.81,18.88,-36.94,7.87,-6.57,6.11,0.36,-0.56,-0.68,-4.08,-5.43,8.67,0.72,-0.23,0.43,3.75,-7.81,7.26,0.25,-0.72,-0.58,-0.33,-5.51,9.71,0.38,-0.81,-0.26,3.96,10.18,1.85,0.10,-0.09,0.90
61.184569,10.47,2.73,2.39,0.13,0.54,-0.73,-32.06,15.75,-39.25,8.35,-6.29,6.47,0.45,-0.59,-0.50,-3.53,-5.38,8.33,0.53,-0.29,0.49,4.32,-7.92,7.38,0.28,-0.74,-0.35,0.27,-5.88,9.49,0.31,-0.76,-0.08,3.76,9.80,2.04,0.14,0.09,0.81
61.18458,10.32,3.00,2.58,0.47,0.53,-0.40,-32.06,15.75,-39.25,8.43,-5.88,7.08,0.47,-0.45,-0.41,-3.54,-5.62,8.11,0.38,-0.19,0.49,4.32,-7.64,7.77,0.34,-0.62,-0.23,0.10,-5.64,9.72,0.33,-0.59,0.04,3.55,9.93,1.93,0.21,0.11,0.64
61.184593,10.02,2.73,2.39,0.23,0.51,-0.20,-32.06,15.75,-39.25,8.07,-6.09,6.58,0.45,-0.35,-0.27,-3.96,-5.49,8.55,0.25,-0.16,0.47,3.96,-7.54,7.68,0.35,-0.53,-0.10,-0.26,-5.44,9.78,0.29,-0.49,0.15,3.92,10.13,1.82,0.20,0.18,0.52
61.18461,9.78,2.05,1.77,0.23,0.51,-0.20,-31.12,15.88,-39.56,7.92,-6.55,5.88,0.53,-0.41,-0.09,-3.67,-5.20,8.50,0.09,-0.27,0.53,3.87,-7.96,7.02,0.34,-0.59,0.09,-0.14,-5.80,9.37,0.19,-0.51,0.32,3.91,9.72,2.00,0.22,0.39,0.47
61.184622,10.47,2.08,1.96,0.23,0.51,-0.20,-30.56,13.62,-39.94,8.00,-6.16,6.73,0.67,-0.33,0.04,-3.12,-5.53,7.44,-0.10,-0.20,0.64,3.94,-7.94,7.11,0.47,-0.53,0.25,-0.03,-6.09,8.82,0.24,-0.41,0.50,2.97,9.35,1.95,0.39,0.48,0.33
61.184633,10.47,2.35,2.73,0.23,0.51,-0.20,-30.56,13.62,-39.94,7.68,-5.61,7.59,0.71,-0.09,0.07,-3.59,-5.82,6.93,-0.21,0.03,0.67,3.53,-7.17,7.86,0.60,-0.33,0.30,-0.70,-5.38,9.04,0.36,-0.20,0.58,2.55,9.65,1.40,0.52,0.42,0.15
61.184644,9.44,0.78,2.69,0.25,0.66,0.43,-30.56,13.62,-39.94,6.60,-5.37,7.40,0.68,0.07,0.15,-4.61,-5.84,7.15,-0.30,0.13,0.63,2.58,-6.44,8.00,0.65,-0.21,0.38,-1.83,-4.42,9.38,0.38,-0.09,0.62,2.69,10.18,0.75,0.54,0.40,0.04
61.184655,9.18,0.32,2.35,0.19,0.54,0.49,-30.56,13.62,-39.94,5.90,-5.73,6.56,0.71,-0.07,0.25,-5.00,-5.53,7.22,-0.36,-0.02,0.67,2.01,-6.34,7.84,0.60,-0.35,0.48,-2.09,-4.28,9.19,0.26,-0.21,0.70,2.78,10.10,0.49,0.49,0.57,0.10
61.184666,9.60,0.13,2.65,0.56,0.42,0.34,-30.56,13.62,-39.94,5.99,-5.46,7.01,0.81,-0.22,0.33,-4.74,-5.53,6.64,-0.43,-0.15,0.77,2.12,-6.32,7.82,0.58,-0.48,0.57,-1.91,-4.39,8.91,0.21,-0.32,0.83,2.38,9.78,0.42,0.51,0.73,0.16
61.184677,9.48,0.78,3.23,0.91,0.52,0.33,-30.25,13.75,-40.31,6.08,-4.79,7.90,0.85,-0.20,0.37,-4.89,-5.71,6.09,-0.48,-0.11,0.82,2.26,-5.75,8.33,0.62,-0.46,0.63,-2.05,-3.95,9.02,0.23,-0.27,0.90,1.99,9.81,0.02,0.56,0.76,0.11
61.184688,9.17,0.63,3.34,0.91,0.52,0.33,-30.25,13.94,-39.25,5.86,-4.51,8.21,0.84,-0.13,0.39,-5.19,-5.71,5.88,-0.51,-0.06,0.80,2.07,-5.42,8.62,0.63,-0.40,0.64,-2.40,-3.56,9.21,0.24,-0.21,0.90,1.88,9.91,-0.30,0.59,0.73,0.04
61.186676,9.25,0.40,3.50,0.91,0.52,0.33,-30.25,13.94,-39.25,5.70,-4.23,8.70,0.81,-0.05,0.39,-5.54,-5.82,5.62,-0.54,0.03,0.76,1.91,-5.12,9.01,0.64,-0.32,0.63,-2.64,-3.27,9.35,0.25,-0.13,0.88,1.65,10.11,-0.69,0.61,0.68,-0.05
61.186694,9.36,0.13,4.11,0.46,0.52,0.56,-29.94,15.12,-42.38,5.47,-4.03,8.86,0.75,0.02,0.39,-6.20,-5.79,5.83,-0.54,0.07,0.70,1.70,-4.75,9.42,0.60,-0.23,0.61,-3.01,-2.80,9.67,0.24,-0.07,0.85,1.85,10.52,-1.11,0.57,0.62,-0.09
61.186706,9.17,-0.10,4.11,0.46,0.52,0.56,-30.25,15.25,-40.94,5.29,-4.25,8.21,0.72,-0.07,0.43,-6.59,-5.32,6.35,-0.54,-0.06,0.70,1.59,-4.74,9.12,0.52,-0.32,0.65,-3.05,-2.62,9.78,0.15,-0.16,0.87,2.42,10.58,-1.30,0.49,0.71,-0.01
61.186718,9.14,-0.33,3.96,0.46,0.52,0.56,-30.25,12.69,-39.75,5.61,-4.22,8.06,0.78,-0.26,0.51,-6.30,-4.98,6.27,-0.57,-0.24,0.78,1.98,-4.94,8.81,0.49,-0.49,0.72,-2.58,-2.84,9.60,0.07,-0.30,0.95,2.54,10.20,-1.24,0.45,0.88,0.10
61.186729,9.28,0.59,4.38,0.46,0.52,0.56,-30.25,12.69,-39.75,6.11,-3.75,8.65,0.83,-0.28,0.55,-5.97,-4.98,5.79,-0.61,-0.27,0.83,2.51,-4.76,9.07,0.51,-0.51,0.76,-2.16,-2.77,9.66,0.07,-0.31,1.00,2.30,9.92,-1.26,0.48,0.93,0.09
61.18674,8.79,0.67,4.72,0.69,0.44,0.60,-30.25,12.69,-39.75,6.22,-3.35,8.90,0.81,-0.14,0.58,-6.24,-4.85,5.80,-0.66,-0.16,0.78,2.72,-4.32,9.35,0.54,-0.37,0.79,-2.05,-2.31,9.88,0.09,-0.17,1.00,2.48,10.00,-1.58,0.51,0.87,-0.04
61.202039,8.67,0.21,4.72,0.71,0.36,0.63,-30.25,15.81,-41.44,5.94,-3.29,8.55,0.80,-0.11,0.65,-6.51,-4.51,5.93,-0.72,-0.15,0.75,2.52,-4.18,9.12,0.53,-0.34,0.86,-2.17,-2.13,9.74,0.05,-0.13,1.04,2.69,9.94,-1.81,0.50,0.91,-0.09
61.219751,8.71,0.25,4.88,0.84,0.36,0.63,-30.25,15.81,-41.44,5.83,-3.18,8.61,0.83,-0.12,0.69,-6.50,-4.44,5.65,-0.76,-0.18,0.78,2.79,-4.27,8.88,0.57,-0.33,0.92,-2.23,-2.08,9.57,0.05,-0.13,1.08,2.49,9.81,-1.96,0.51,0.95,-0.09
61.241439,8.64,0.13,5.11,0.82,0.41,0.68,-31.69,16.94,-42.31,5.60,-2.90,8.83,0.86,-0.09,0.71,-6.53,-4.41,5.38,-0.79,-0.15,0.79,2.25,-3.67,9.39,0.61,-0.32,0.95,-2.43,-1.84,9.47,0.07,-0.10,1.11,2.34,9.73,-2.14,0.54,0.96,-0.13
61.261768,8.33,-0.02,4.95,0.82,0.41,0.68,-31.69,16.94,-42.31,5.20,-2.72,8.70,0.84,-0.09,0.72,-6.81,-4.40,5.28,-0.80,-0.16,0.79,1.92,-3.37,9.25,0.58,-0.32,0.96,-2.70,-1.42,9.49,0.05,-0.12,1.11,2.30,9.77,-2.41,0.52,0.97,-0.13
61.671059,7.83,-0.52,4.72,0.89,0.34,0.63,-29.94,15.38,-41.38,4.82,-2.78,8.09,0.85,-0.18,0.78,-6.74,-4.07,5.11,-0.80,-0.28,0.82,1.81,-3.29,8.72,0.56,-0.41,1.03,-2.54,-1.30,9.14,-0.00,-0.21,1.17,2.30,9.39,-2.53,0.48,1.07,-0.06
61.674054,7.87,-0.33,4.88,1.06,0.35,0.57,-29.94,15.38,-41.38,4.78,-2.44,8.24,0.92,-0.25,0.78,-6.39,-3.93,4.63,-0.80,-0.33,0.89,1.76,-3.09,8.59,0.58,-0.49,1.03,-2.57,-1.36,8.66,0.02,-0.25,1.22,2.01,8.95,-2.56,0.52,1.12,-0.00
61.674083,7.75,-0.06,5.11,1.06,0.47,0.59,-29.94,15.38,-41.38,4.92,-2.10,8.53,0.95,-0.22,0.75,-6.34,-4.03,4.20,-0.76,-0.27,0.92,1.75,-2.80,8.56,0.66,-0.49,1.01,-2.63,-1.09,8.51,0.09,-0.24,1.21,1.73,8.82,-2.70,0.57,1.06,0.00
61.674096,7.18,-0.41,4.91,1.06,0.47,0.59,-30.50,14.88,-41.25,4.29,-1.91,8.28,0.96,-0.19,0.70,-6.39,-3.77,4.14,-0.72,-0.23,0.92,1.32,-2.38,8.63,0.68,-0.48,0.95,-2.71,-0.87,8.37,0.13,-0.25,1.17,1.81,8.61,-2.89,0.59,1.01,0.02
61.674108,7.26,-0.68,5.11,0.86,0.54,0.57,-30.50,14.88,-41.25,4.06,-1.86,8.20,1.00,-0.21,0.63,-6.50,-3.67,3.95,-0.69,-0.21,0.97,1.27,-2.35,8.41,0.71,-0.52,0.90,-2.85,-0.71,8.28,0.18,-0.30,1.16,1.71,8.57,-3.11,0.64,1.01,0.06
61.67412,7.33,-0.75,5.38,0.90,0.64,0.54,-30.50,14.88,-41.25,3.99,-1.62,8.48,1.05,-0.23,0.56,-6.71,-3.65,3.75,-0.65,-0.18,1.02,1.30,-2.09,8.65,0.75,-0.55,0.83,-2.87,-0.53,8.31,0.24,-0.32,1.16,1.60,8.61,-3.38,0.69,0.98,0.12
61.674131,7.22,-0.79,5.61,0.90,0.64,0.54,-29.69,13.94,-39.25,3.96,-1.33,8.73,1.08,-0.23,0.49,-7.00,-3.67,3.78,-0.59,-0.15,1.05,1.30,-1.77,8.94,0.78,-0.56,0.78,-2.95,-0.19,8.52,0.29,-0.33,1.14,1.66,8.79,-3.61,0.71,0.94,0.17
61.674144,6.95,-0.71,5.64,0.90,0.64,0.54,-30.81,15.44,-41.69,4.01,-1.18,8.70,1.08,-0.26,0.44,-7.10,-3.46,3.81,-0.52,-0.17,1.05,1.52,-1.70,8.86,0.77,-0.59,0.72,-3.06,0.06,8.65,0.32,-0.38,1.10,1.79,8.71,-3.77,0.71,0.91,0.23
61.674155,6.95,-0.60,5.83,0.78,0.78,0.38,-30.81,15.44,-41.69,4.20,-0.87,9.13,1.09,-0.24,0.38,-7.00,-3.31,3.49,-0.48,-0.12,1.06,1.60,-1.52,9.06,0.80,-0.58,0.66,-2.84,0.03,8.54,0.37,-0.38,1.03,1.68,8.51,-3.91,0.75,0.84,0.23
61.674181,7.11,-0.56,6.68,0.78,0.78,0.38,-30.81,15.44,-41.69,4.10,-0.54,9.56,1.08,-0.13,0.27,-7.33,-3.44,3.26,-0.40,0.04,1.04,1.51,-1.18,9.36,0.87,-0.48,0.54,-3.02,0.38,8.70,0.49,-0.31,0.95,1.52,8.71,-4.26,0.82,0.69,0.19
61.674193,6.88,-0.91,6.71,0.55,0.88,0.43,-30.81,15.44,-41.69,3.67,-0.40,9.41,1.05,-0.08,0.16,-7.88,-3.25,3.50,-0.31,0.11,1.02,1.18,-0.78,9.60,0.88,-0.46,0.44,-3.35,0.89,8.96,0.54,-0.30,0.87,1.79,8.94,-4.66,0.83,0.59,0.21
61.674204,6.57,-1.29,6.59,0.42,0.90,0.37,-30.81,15.44,-41.69,3.76,-0.28,9.40,1.05,-0.14,0.09,-8.07,-2.96,3.45,-0.25,0.08,0.99,1.45,-0.65,9.55,0.85,-0.50,0.37,-3.21,1.13,9.04,0.55,-0.35,0.82,1.88,8.83,-4.93,0.81,0.56,0.27
61.674218,6.64,-0.98,7.21,0.49,0.86,0.22,-30.81,15.44,-41.69,3.91,0.11,9.93,1.03,-0.11,0.01,-7.97,-2.91,3.04,-0.19,0.14,0.97,1.59,-0.42,9.76,0.87,-0.46,0.29,-3.05,1.21,8.91,0.61,-0.32,0.75,1.64,8.66,-5.11,0.82,0.47,0.28
61.67423,6.61,-0.98,7.40,0.49,0.86,0.22,-29.88,14.94,-43.38,3.66,0.34,10.06,0.99,-0.03,-0.09,-8.28,-2.92,2.96,-0.11,0.23,0.93,1.33,-0.09,9.92,0.90,-0.40,0.19,-3.44,1.56,9.03,0.68,-0.27,0.66,1.60,8.80,-5.38,0.83,0.34,0.27
61.675865,6.45,-1.25,7.44,0.49,0.86,0.22,-28.69,13.75,-44.31,3.44,0.41,9.95,0.97,-0.02,-0.18,-8.66,-2.80,3.14,-0.02,0.26,0.90,1.20,0.12,10.03,0.89,-0.41,0.08,-3.66,1.87,9.18,0.71,-0.30,0.56,1.80,8.99,-5.64,0.82,0.26,0.33
61.67588,6.34,-1.44,7.44,0.49,0.86,0.22,-28.69,13.75,-44.31,3.46,0.57,10.11,0.94,-0.08,-0.25,-8.80,-2.78,3.16,0.06,0.23,0.87,1.26,0.30,10.26,0.84,-0.46,-0.00,-3.67,1.98,9.28,0.71,-0.37,0.48,1.80,9.04,-5.74,0.77,0.21,0.39
61.67589,6.34,-1.52,7.44,0.23,0.92,0.01,-28.69,13.75,-44.31,3.60,0.79,10.49,0.87,-0.10,-0.34,-8.77,-2.80,2.94,0.15,0.24,0.81,1.40,0.37,10.40,0.80,-0.45,-0.10,-3.59,2.02,9.36,0.73,-0.39,0.37,1.66,9.00,-5.82,0.73,0.12,0.43
61.675899,6.68,-1.25,8.25,0.03,0.91,-0.14,-28.69,13.75,-44.31,3.70,0.99,10.98,0.79,-0.03,-0.48,-8.95,-2.88,2.72,0.27,0.34,0.73,1.45,0.52,10.71,0.79,-0.36,-0.26,-3.69,2.21,9.57,0.79,-0.33,0.20,1.51,9.13,-6.07,0.72,-0.07,0.43
61.675908,6.61,-1.36,8.36,-0.20,0.92,-0.18,-28.69,13.75,-44.31,3.66,1.22,11.39,0.69,0.05,-0.61,-9.37,-3.00,2.72,0.38,0.45,0.62,1.43,0.82,11.21,0.75,-0.27,-0.41,-3.96,2.52,9.85,0.84,-0.26,0.04,1.49,9.45,-6.36,0.68,-0.25,0.42
61.687266,6.57,-1.48,8.52,-0.38,0.85,-0.26,-28.69,13.75,-44.31,3.59,1.33,11.60,0.56,0.09,-0.73,-9.83,-3.04,2.87,0.49,0.52,0.48,1.39,1.05,11.61,0.67,-0.21,-0.55,-4.22,2.88,10.30,0.85,-0.23,-0.13,1.63,9.79,-6.62,0.60,-0.42,0.41
61.710114,6.61,-1.71,8.59,-0.38,0.85,-0.26,-25.75,15.19,-48.12,3.73,1.33,11.74,0.40,0.07,-0.83,-10.29,-2.95,3.20,0.61,0.50,0.32,1.53,1.15,11.91,0.52,-0.18,-0.67,-4.31,3.15,10.73,0.78,-0.24,-0.31,1.90,10.11,-6.85,0.46,-0.54,0.43
61.731775,6.64,-1.79,8.56,-0.51,0.59,-0.52,-25.75,15.19,-48.12,3.88,1.24,11.72,0.25,0.00,-0.86,-10.43,-2.87,3.37,0.69,0.40,0.17,1.65,1.07,11.96,0.35,-0.19,-0.74,-4.20,3.15,10.84,0.67,-0.28,-0.46,2.04,10.20,-6.89,0.29,-0.60,0.46
61.753698,6.76,-1.63,8.59,-0.47,0.45,-0.64,-25.75,15.19,-48.12,3.97,1.20,11.69,0.10,-0.07,-0.89,-10.30,-2.89,3.43,0.76,0.31,0.04,1.70,0.92,11.91,0.20,-0.20,-0.80,-4.12,2.96,10.80,0.57,-0.31,-0.58,2.04,10.16,-6.74,0.13,-0.64,0.51
62.180679,6.99,-1.25,8.44,-0.47,0.34,-0.74,-23.94,15.62,-50.00,4.07,1.13,11.60,-0.05,-0.13,-0.95,-10.08,-3.02,3.44,0.86,0.24,-0.09,1.74,0.76,11.80,0.05,-0.20,-0.90,-4.05,2.75,10.76,0.48,-0.34,-0.74,2.00,10.13,-6.51,-0.02,-0.72,0.57
62.183662,6.99,-1.02,8.36,-0.47,0.34,-0.74,-25.06,16.00,-51.50,4.45,1.11,11.66,-0.19,-0.14,-1.02,-9.90,-2.96,3.51,0.93,0.22,-0.21,2.14,0.62,11.82,-0.08,-0.16,-1.00,-3.72,2.62,10.82,0.42,-0.33,-0.89,2.13,10.05,-6.38,-0.13,-0.82,0.58
62.183692,6.99,-0.91,8.40,-0.47,0.34,-0.74,-25.06,16.00,-51.50,4.81,0.99,11.59,-0.33,-0.10,-1.07,-9.85,-2.84,3.66,0.98,0.25,-0.36,2.46,0.43,11.77,-0.19,-0.07,-1.08,-3.36,2.48,10.91,0.37,-0.27,-1.03,2.33,10.05,-6.31,-0.24,-0.93,0.53
62.183705,7.22,-0.87,8.44,-0.85,0.03,-0.94,-25.06,16.00,-51.50,4.99,0.90,11.53,-0.47,-0.05,-1.11,-9.91,-2.78,3.83,1.01,0.27,-0.48,2.62,0.30,11.79,-0.29,0.01,-1.15,-3.27,2.44,11.09,0.31,-0.20,-1.15,2.48,10.12,-6.31,-0.33,-1.02,0.49
62.183717,7.26,-0.83,8.48,-0.85,0.03,-0.94,-22.69,16.81,-50.94,5.10,0.94,11.65,-0.58,-0.02,-1.14,-10.02,-2.81,3.96,1.03,0.28,-0.59,2.68,0.36,11.98,-0.38,0.09,-1.20,-3.20,2.47,11.26,0.26,-0.14,-1.25,2.60,10.28,-6.33,-0.41,-1.09,0.45
62.183728,7.26,-0.75,8.52,-0.85,0.03,-0.94,-23.00,17.88,-53.62,5.33,0.90,11.63,-0.72,-0.00,-1.15,-10.22,-2.80,4.20,1.05,0.26,-0.71,2.90,0.31,12.06,-0.50,0.15,-1.24,-3.17,2.56,11.54,0.18,-0.09,-1.34,2.79,10.46,-6.36,-0.52,-1.14,0.42
62.18374,7.33,-0.64,8.48,-0.85,0.03,-0.94,-23.56,17.19,-54.56,5.60,0.79,11.54,-0.86,0.00,-1.12,-10.13,-2.75,4.39,1.05,0.23,-0.86,3.21,0.13,12.00,-0.63,0.22,-1.25,-2.88,2.41,11.59,0.07,-0.05,-1.43,2.97,10.45,-6.20,-0.65,-1.18,0.36
62.183752,7.52,-0.25,8.09,-1.02,-0.43,-1.03,-23.56,17.19,-54.56,5.82,0.60,11.31,-1.00,0.05,-1.10,-9.74,-2.80,4.44,1.03,0.23,-1.02,3.33,-0.22,11.68,-0.76,0.32,-1.25,-2.64,1.99,11.37,-0.02,0.04,-1.52,2.95,10.29,-5.85,-0.77,-1.24,0.28
62.183763,7.60,-0.02,7.90,-1.10,-0.52,-1.01,-23.56,17.19,-54.56,5.92,0.45,11.17,-1.12,0.12,-1.10,-9.35,-2.90,4.47,1.02,0.28,-1.15,3.35,-0.51,11.48,-0.83,0.43,-1.29,-2.49,1.61,11.20,-0.06,0.13,-1.61,2.93,10.15,-5.48,-0.83,-1.33,0.19
62.183777,7.75,0.25,7.71,-1.24,-0.59,-0.97,-23.56,17.19,-54.56,6.20,0.08,10.75,-1.21,0.22,-1.11,-9.22,-2.81,4.82,1.01,0.33,-1.23,3.64,-0.90,11.21,-0.88,0.56,-1.32,-2.13,1.32,11.29,-0.09,0.23,-1.67,3.23,10.16,-5.22,-0.87,-1.39,0.12
62.183788,7.83,0.09,7.48,-1.36,-0.63,-0.94,-23.56,17.19,-54.56,6.48,-0.34,10.30,-1.27,0.25,-1.06,-9.15,-2.69,5.30,0.96,0.34,-1.30,3.87,-1.27,10.98,-0.94,0.61,-1.28,-1.74,1.08,11.42,-0.16,0.30,-1.67,3.62,10.25,-4.97,-0.92,-1.38,0.05
62.183799,7.83,0.21,7.21,-1.30,-0.70,-0.89,-23.56,17.19,-54.56,6.70,-0.61,10.06,-1.31,0.26,-0.97,-8.90,-2.73,5.56,0.88,0.30,-1.35,4.03,-1.61,10.81,-0.99,0.65,-1.19,-1.58,0.77,11.39,-0.25,0.36,-1.63,3.74,10.22,-4.65,-0.98,-1.33,-0.02
62.183816,8.13,0.63,6.71,-1.20,-0.86,-0.74,-23.56,17.19,-54.56,6.81,-0.86,9.90,-1.35,0.32,-0.88,-8.39,-2.91,5.51,0.78,0.30,-1.42,4.05,-1.99,10.53,-1.03,0.73,-1.12,-1.42,0.23,11.08,-0.32,0.46,-1.61,3.59,10.00,-4.17,-1.01,-1.30,-0.12
62.185918,8.37,0.67,6.60,-1.29,-0.86,-0.65,-23.56,17.19,-54.56,6.75,-1.20,9.60,-1.36,0.41,-0.85,-8.00,-3.04,5.55,0.72,0.35,-1.43,3.85,-2.42,10.12,-1.01,0.82,-1.08,-1.42,-0.29,10.72,-0.31,0.54,-1.59,3.51,9.88,-3.79,-0.99,-1.30,-0.20
62.185933,8.52,0.63,6.33,-1.29,-0.86,-0.65,-22.94,22.19,-56.19,6.51,-1.47,9.26,-1.33,0.47,-0.82,-7.86,-3.15,5.75,0.68,0.39,-1.41,3.67,-2.71,9.86,-0.97,0.86,-1.05,-1.56,-0.55,10.62,-0.29,0.58,-1.55,3.58,9.94,-3.53,-0.95,-1.30,-0.25
62.185946,8.25,0.55,5.99,-1.25,-0.76,-0.56,-22.94,22.19,-56.19,6.73,-1.86,8.91,-1.29,0.43,-0.75,-8.03,-2.97,6.35,0.61,0.35,-1.35,3.85,-2.82,9.93,-0.96,0.82,-0.98,-1.36,-0.50,10.94,-0.32,0.54,-1.45,4.11,10.14,-3.46,-0.94,-1.19,-0.26
62.185954,8.10,0.44,5.80,-1.03,-0.83,-0.53,-22.94,22.19,-56.19,7.11,-2.29,8.53,-1.24,0.32,-0.56,-8.04,-2.64,6.90,0.46,0.18,-1.29,4.28,-3.19,9.71,-0.99,0.71,-0.78,-0.85,-0.60,11.18,-0.45,0.48,-1.28,4.61,10.16,-3.28,-0.98,-0.96,-0.25
62.185963,8.33,0.55,5.76,-0.67,-0.94,-0.45,-22.94,22.19,-56.19,7.18,-2.57,8.33,-1.16,0.19,-0.33,-7.58,-2.74,7.01,0.28,-0.01,-1.20,4.27,-3.61,9.40,-1.01,0.59,-0.53,-0.71,-1.11,10.92,-0.60,0.41,-1.05,4.56,9.99,-2.83,-1.01,-0.67,-0.25
62.185974,8.59,0.89,5.57,-0.67,-0.94,-0.45,-24.69,23.75,-57.12,7.08,-2.73,8.22,-1.10,0.10,-0.15,-7.07,-3.08,6.87,0.13,-0.14,-1.10,4.03,-3.83,9.22,-1.01,0.50,-0.33,-0.77,-1.53,10.57,-0.69,0.36,-0.87,4.26,9.84,-2.36,-1.00,-0.46,-0.26
62.191981,8.64,1.12,5.26,-0.67,-0.94,-0.45,-25.62,24.50,-54.75,6.95,-3.01,7.99,-1.03,0.03,-0.00,-6.69,-3.32,6.82,0.02,-0.24,-1.02,3.81,-4.11,8.92,-1.00,0.43,-0.16,-0.81,-1.91,10.22,-0.76,0.32,-0.70,4.05,9.69,-1.94,-0.98,-0.27,-0.28
62.209696,8.60,0.93,4.53,-0.67,-0.94,-0.45,-25.62,24.50,-54.75,7.03,-3.38,7.74,-0.96,-0.01,0.14,-6.18,-3.41,6.70,-0.12,-0.31,-0.95,3.91,-4.48,8.56,-0.97,0.38,-0.02,-0.57,-2.30,9.93,-0.80,0.31,-0.55,3.91,9.45,-1.62,-0.95,-0.13,-0.32
62.233937,8.87,1.20,4.34,-0.05,-0.95,-0.06,-26.56,25.69,-52.06,7.13,-3.64,7.67,-0.84,0.03,0.30,-5.59,-3.56,6.49,-0.29,-0.29,-0.86,3.87,-4.86,8.24,-0.87,0.40,0.17,-0.45,-2.79,9.52,-0.80,0.37,-0.35,3.64,9.15,-1.18,-0.86,0.00,-0.43
62.254237,8.90,1.12,4.19,-0.05,-0.95,-0.06,-26.56,25.69,-52.06,6.93,-3.91,7.40,-0.73,0.12,0.42,-5.37,-3.72,6.46,-0.42,-0.23,-0.77,3.56,-5.05,8.00,-0.76,0.43,0.31,-0.61,-3.06,9.23,-0.76,0.43,-0.18,3.49,9.09,-0.96,-0.74,0.10,-0.52
62.275939,8.87,0.86,3.92,-0.02,-0.80,0.29,-26.56,25.69,-52.06,6.58,-4.11,7.22,-0.58,0.15,0.53,-5.26,-3.91,6.38,-0.56,-0.20,-0.64,3.20,-5.11,7.93,-0.65,0.42,0.44,-0.88,-3.16,9.07,-0.72,0.45,-0.00,3.26,9.10,-0.82,-0.61,0.22,-0.57
62.693992,8.87,0.70,3.84,0.19,-0.64,0.51,-28.06,22.88,-51.56,6.43,-4.08,7.54,-0.45,0.18,0.63,-5.25,-4.21,6.15,-0.70,-0.16,-0.51,3.02,-5.07,8.10,-0.54,0.43,0.58,-1.12,-3.15,9.03,-0.68,0.50,0.18,2.93,9.19,-0.81,-0.49,0.34,-0.64
62.694025,8.87,0.63,3.84,0.19,-0.64,0.51,-28.88,23.94,-50.69,6.10,-4.08,7.53,-0.37,0.22,0.71,-5.37,-4.38,6.10,-0.79,-0.15,-0.43,2.63,-4.93,8.13,-0.45,0.44,0.69,-1.59,-3.00,9.00,-0.66,0.53,0.30,2.77,9.30,-0.87,-0.42,0.42,-0.68
62.69404,8.75,0.55,3.69,0.19,-0.64,0.51,-29.81,23.06,-50.50,5.82,-4.31,7.04,-0.26,0.18,0.80,-5.43,-4.22,6.19,-0.87,-0.20,-0.32,2.39,-5.04,7.74,-0.39,0.36,0.80,-1.64,-3.06,8.77,-0.66,0.47,0.45,2.89,9.19,-0.88,-0.35,0.56,-0.66
62.694053,8.79,0.32,3.46,0.54,-0.52,0.69,-29.81,23.06,-50.50,5.80,-4.34,6.85,-0.05,0.08,0.91,-5.06,-4.13,5.93,-0.98,-0.28,-0.12,2.40,-5.14,7.46,-0.25,0.21,0.95,-1.43,-3.26,8.45,-0.63,0.35,0.68,2.75,8.86,-0.76,-0.23,0.77,-0.61
62.694067,8.52,0.74,3.69,0.71,-0.37,0.77,-29.81,24.00,-48.88,6.03,-4.02,7.16,0.09,0.09,0.98,-4.99,-4.15,5.77,-1.06,-0.27,0.02,2.69,-4.91,7.66,-0.13,0.17,1.05,-1.30,-3.03,8.58,-0.57,0.34,0.83,2.71,8.81,-0.82,-0.12,0.87,-0.63
62.69408,8.29,0.67,3.69,0.70,-0.29,0.90,-29.81,24.00,-48.88,5.99,-3.88,7.14,0.18,0.11,1.07,-5.21,-4.04,5.86,-1.16,-0.27,0.11,2.68,-4.65,7.80,-0.06,0.15,1.16,-1.41,-2.75,8.72,-0.56,0.34,0.95,2.83,8.87,-1.00,-0.05,0.97,-0.66
62.694097,8.25,0.48,3.61,0.91,-0.27,1.04,-30.12,27.56,-48.44,5.89,-3.83,7.16,0.29,0.08,1.18,-5.27,-3.95,5.65,-1.27,-0.31,0.22,2.59,-4.58,7.76,0.01,0.10,1.29,-1.43,-2.67,8.60,-0.57,0.32,1.11,2.66,8.78,-1.16,0.02,1.12,-0.68
62.694114,8.45,0.28,3.84,0.91,-0.27,1.04,-30.12,27.56,-48.44,5.71,-3.53,7.63,0.37,0.09,1.25,-5.38,-4.16,5.20,-1.35,-0.30,0.30,2.39,-4.25,8.12,0.07,0.10,1.39,-1.74,-2.41,8.64,-0.56,0.35,1.21,2.22,8.84,-1.44,0.10,1.20,-0.72
62.694129,8.37,-0.21,4.38,0.91,-0.27,1.04,-30.12,27.56,-48.44,5.24,-3.19,8.16,0.41,0.15,1.30,-5.87,-4.43,4.81,-1.42,-0.26,0.34,1.93,-3.74,8.54,0.12,0.14,1.45,-2.39,-1.91,8.71,-0.53,0.40,1.29,1.83,9.13,-1.90,0.15,1.23,-0.76
62.694141,8.02,-1.13,4.49,0.93,-0.24,1.20,-30.44,24.38,-46.81,4.55,-2.95,8.39,0.43,0.12,1.35,-6.49,-4.56,4.54,-1.46,-0.29,0.36,1.25,-3.23,8.89,0.12,0.11,1.50,-3.17,-1.35,8.79,-0.56,0.37,1.34,1.55,9.37,-2.39,0.14,1.28,-0.76
62.694153,8.09,-1.29,4.80,1.02,-0.26,1.15,-30.44,24.38,-46.81,4.37,-2.69,8.85,0.44,0.07,1.38,-6.63,-4.65,3.92,-1.48,-0.32,0.37,1.13,-2.96,9.09,0.10,0.07,1.52,-3.40,-1.11,8.71,-0.59,0.35,1.35,1.07,9.29,-2.77,0.14,1.32,-0.76
62.694185,8.21,-1.44,5.38,1.02,-0.26,1.15,-30.44,24.38,-46.81,3.96,-2.19,9.79,0.42,0.13,1.37,-7.03,-4.86,3.34,-1.50,-0.26,0.35,0.69,-2.43,9.73,0.12,0.13,1.51,-3.97,-0.66,8.81,-0.56,0.40,1.34,0.56,9.51,-3.33,0.15,1.27,-0.81
62.694199,8.14,-1.98,5.57,0.93,-0.22,1.20,-30.44,24.38,-46.81,3.43,-2.10,10.14,0.36,0.17,1.35,-7.89,-5.13,3.24,-1.48,-0.25,0.31,0.11,-1.96,10.29,0.08,0.17,1.48,-4.81,-0.05,9.14,-0.58,0.44,1.30,0.35,10.08,-3.89,0.10,1.24,-0.81
62.694214,8.07,-3.12,5.45,0.88,-0.37,1.09,-30.44,24.38,-46.81,2.89,-2.24,10.20,0.30,0.04,1.39,-8.55,-5.18,3.29,-1.45,-0.42,0.26,-0.38,-1.78,10.59,-0.05,0.08,1.49,-5.43,0.31,9.37,-0.70,0.34,1.27,0.29,10.42,-4.25,-0.03,1.31,-0.72
62.696267,8.25,-3.28,5.45,1.12,-0.49,0.95,-30.44,24.38,-46.81,2.75,-2.32,10.35,0.27,-0.12,1.43,-8.53,-5.32,2.93,-1.43,-0.60,0.25,-0.58,-1.85,10.58,-0.15,-0.05,1.52,-5.63,0.24,9.22,-0.81,0.23,1.26,-0.11,10.33,-4.32,-0.14,1.40,-0.63
62.696287,8.41,-3.09,5.64,1.12,-0.49,0.95,-33.12,26.75,-43.31,2.68,-2.06,10.99,0.24,-0.18,1.42,-8.18,-5.68,2.21,-1.38,-0.63,0.20,-0.73,-1.78,10.73,-0.20,-0.08,1.49,-5.80,0.08,8.93,-0.85,0.20,1.19,-0.76,10.12,-4.27,-0.18,1.37,-0.61
62.6963,8.37,-2.78,5.87,1.12,-0.49,0.95,-33.75,26.62,-42.88,2.50,-1.80,11.61,0.14,-0.07,1.31,-8.06,-6.01,1.68,-1.31,-0.50,0.08,-0.93,-1.58,11.01,-0.23,0.05,1.37,-6.02,0.11,8.78,-0.81,0.30,1.04,-1.26,10.12,-4.35,-0.21,1.17,-0.69
62.696312,8.29,-3.20,5.87,0.68,-0.53,0.90,-33.75,26.62,-42.88,2.09,-1.81,11.70,0.03,0.07,1.20,-8.32,-6.20,1.54,-1.24,-0.34,-0.08,-1.33,-1.40,11.12,-0.26,0.21,1.24,-6.46,0.28,8.75,-0.76,0.40,0.89,-1.47,10.31,-4.53,-0.25,0.97,-0.75
62.696328,8.33,-3.62,5.83,0.46,-0.58,0.87,-33.75,26.62,-42.88,1.71,-1.88,11.65,-0.08,0.14,1.10,-8.60,-6.17,1.48,-1.16,-0.26,-0.20,-1.70,-1.28,11.14,-0.32,0.29,1.10,-6.75,0.46,8.76,-0.74,0.45,0.75,-1.53,10.38,-4.75,-0.30,0.83,-0.76
62.710488,8.29,-3.97,5.91,0.46,-0.58,0.87,-34.69,27.56,-39.06,1.54,-1.91,11.65,-0.15,0.17,1.02,-8.70,-6.07,1.26,-1.10,-0.24,-0.28,-1.77,-1.22,11.07,-0.35,0.34,1.01,-6.81,0.60,8.65,-0.73,0.48,0.63,-1.66,10.28,-4.91,-0.35,0.74,-0.76
62.734933,8.06,-4.35,6.06,0.19,-0.69,0.71,-34.69,27.56,-39.06,1.29,-1.72,12.02,-0.25,0.25,0.91,-8.53,-6.31,0.67,-1.03,-0.16,-0.39,-2.03,-1.03,11.20,-0.39,0.44,0.88,-7.04,0.64,8.40,-0.70,0.56,0.48,-2.23,10.13,-4.98,-0.38,0.58,-0.81
62.756215,7.99,-4.50,5.95,0.19,-0.69,0.71,-35.81,31.06,-40.38,0.93,-1.64,12.13,-0.35,0.39,0.79,-8.57,-6.55,0.36,-0.94,-0.03,-0.52,-2.40,-0.86,11.24,-0.42,0.59,0.74,-7.41,0.74,8.20,-0.65,0.67,0.30,-2.58,10.13,-5.05,-0.41,0.38,-0.88
62.780348,7.83,-4.81,5.72,0.19,-0.69,0.71,-35.81,31.06,-40.38,0.44,-1.63,12.05,-0.48,0.48,0.67,-8.60,-6.70,0.26,-0.82,0.06,-0.66,-2.85,-0.74,11.13,-0.48,0.71,0.59,-7.74,0.81,8.05,-0.62,0.74,0.13,-2.78,10.15,-5.05,-0.48,0.18,-0.89
63.204074,7.71,-5.12,5.26,-0.37,-0.83,0.48,-35.81,31.06,-40.38,-0.03,-1.85,11.67,-0.64,0.51,0.52,-8.52,-6.78,0.15,-0.67,0.10,-0.82,-3.28,-0.79,10.83,-0.57,0.77,0.41,-8.04,0.81,7.81,-0.63,0.76,-0.09,-2.95,10.03,-4.98,-0.58,0.00,-0.85
63.204122,7.68,-5.20,5.14,-0.42,-0.87,0.33,-35.81,31.06,-40.38,-0.20,-2.07,11.27,-0.72,0.50,0.40,-8.21,-6.64,-0.05,-0.53,0.11,-0.90,-3.38,-0.96,10.37,-0.63,0.78,0.27,-7.87,0.54,7.28,-0.62,0.76,-0.25,-3.07,9.66,-4.84,-0.63,-0.12,-0.79
63.204137,7.64,-5.31,4.99,-0.42,-0.87,0.33,-36.69,34.88,-37.81,-0.41,-2.20,10.99,-0.76,0.50,0.27,-7.73,-6.59,-0.31,-0.41,0.14,-0.93,-3.59,-1.12,9.86,-0.63,0.79,0.14,-7.78,0.23,6.73,-0.55,0.76,-0.37,-3.27,9.25,-4.59,-0.64,-0.24,-0.72
63.204151,7.56,-5.20,4.76,-0.42,-0.87,0.33,-37.00,33.56,-36.12,-0.61,-2.31,10.64,-0.79,0.54,0.12,-7.35,-6.64,-0.52,-0.29,0.21,-0.94,-3.78,-1.25,9.46,-0.60,0.82,-0.02,-7.75,0.03,6.34,-0.45,0.75,-0.47,-3.44,8.96,-4.35,-0.61,-0.37,-0.67
63.20419,7.49,-5.08,4.49,-0.42,-0.87,0.33,-37.31,34.31,-37.38,-0.73,-2.38,10.24,-0.79,0.58,-0.04,-7.00,-6.57,-0.70,-0.16,0.30,-0.95,-3.81,-1.25,9.11,-0.57,0.84,-0.17,-7.67,-0.03,6.03,-0.35,0.74,-0.59,-3.55,8.64,-4.20,-0.57,-0.51,-0.62
63.204202,7.26,-5.08,4.26,-0.42,-0.87,0.33,-36.69,35.12,-36.81,-0.85,-2.35,10.02,-0.80,0.63,-0.20,-6.69,-6.51,-0.91,-0.04,0.41,-0.97,-3.87,-1.22,8.82,-0.53,0.87,-0.33,-7.50,-0.07,5.72,-0.25,0.75,-0.72,-3.69,8.32,-4.10,-0.53,-0.66,-0.59
63.204215,6.80,-5.20,3.69,-0.42,-0.87,0.33,-37.62,34.69,-34.94,-0.99,-2.48,9.68,-0.81,0.69,-0.37,-6.43,-6.43,-0.97,0.09,0.53,-0.98,-4.01,-1.35,8.42,-0.47,0.92,-0.50,-7.49,-0.22,5.36,-0.11,0.77,-0.84,-3.72,8.07,-3.92,-0.48,-0.83,-0.54
63.204227,6.84,-5.16,3.34,-1.15,-0.45,-0.11,-37.62,34.69,-34.94,-1.18,-2.87,9.00,-0.78,0.71,-0.51,-6.22,-6.37,-0.80,0.22,0.59,-0.94,-4.26,-1.59,8.00,-0.41,0.90,-0.63,-7.54,-0.48,5.08,0.00,0.72,-0.92,-3.59,7.92,-3.64,-0.42,-0.93,-0.45
63.204243,6.99,-5.20,3.00,-1.15,-0.35,-0.25,-37.62,34.69,-34.94,-1.32,-3.11,8.54,-0.70,0.64,-0.65,-5.91,-6.31,-0.58,0.35,0.59,-0.84,-4.30,-1.90,7.59,-0.35,0.80,-0.76,-7.41,-0.77,4.89,0.10,0.59,-0.97,-3.48,7.81,-3.33,-0.35,-0.96,-0.31
63.204255,7.02,-4.93,2.88,-1.04,-0.17,-0.38,-37.62,34.69,-34.94,-1.14,-2.97,8.70,-0.66,0.56,-0.79,-5.71,-6.61,-0.58,0.48,0.60,-0.77,-4.15,-1.77,7.79,-0.32,0.71,-0.89,-7.36,-0.75,4.98,0.18,0.49,-1.05,-3.60,7.90,-3.11,-0.31,-1.03,-0.18
63.204268,6.80,-4.39,2.84,-1.04,-0.17,-0.38,-38.50,33.69,-34.75,-0.85,-2.94,8.70,-0.71,0.52,-0.93,-5.60,-6.72,-0.40,0.64,0.63,-0.80,-3.88,-1.82,7.85,-0.33,0.68,-1.04,-7.17,-0.77,5.20,0.23,0.44,-1.18,-3.48,7.96,-2.91,-0.32,-1.16,-0.09
63.204281,7.26,-4.01,2.43,-1.31,-0.16,-0.72,-38.50,33.69,-34.75,-0.50,-3.28,8.46,-0.76,0.49,-1.07,-5.45,-6.76,-0.01,0.80,0.65,-0.86,-3.61,-2.26,7.67,-0.36,0.64,-1.18,-6.84,-1.24,5.09,0.27,0.39,-1.31,-3.23,8.04,-2.55,-0.37,-1.29,-0.01
63.204294,7.26,-4.01,2.43,-1.31,-0.16,-0.72,-38.50,33.69,-34.75,-0.24,-3.66,8.14,-0.79,0.45,-1.16,-5.27,-6.70,0.35,0.91,0.64,-0.87,-3.45,-2.63,7.50,-0.36,0.60,-1.28,-6.67,-1.48,5.28,0.31,0.33,-1.39,-2.93,8.05,-2.27,-0.38,-1.35,0.07
63.207311,7.56,-3.86,1.96,-1.31,-0.16,-0.72,-38.50,33.69,-34.75,-0.03,-4.09,7.62,-0.77,0.35,-1.23,-5.22,-6.54,0.97,1.01,0.56,-0.81,-3.25,-3.07,7.20,-0.37,0.49,-1.34,-6.44,-1.77,5.39,0.32,0.21,-1.41,-2.46,8.15,-1.97,-0.40,-1.33,0.21
63.20734,7.64,-3.59,1.73,-1.19,-0.07,-0.93,-38.50,33.69,-34.75,0.27,-4.41,7.24,-0.74,0.18,-1.27,-5.09,-6.59,1.55,1.09,0.40,-0.74,-3.00,-3.35,7.11,-0.40,0.31,-1.36,-6.21,-2.03,5.56,0.29,0.03,-1.42,-2.11,8.33,-1.58,-0.44,-1.25,0.38
63.207353,7.91,-2.63,1.35,-0.83,-0.07,-1.19,-38.50,33.69,-34.75,0.85,-4.66,7.07,-0.71,-0.02,-1.28,-4.69,-6.73,2.00,1.17,0.24,-0.69,-2.52,-3.80,6.97,-0.45,0.11,-1.37,-5.73,-2.48,5.69,0.24,-0.17,-1.42,-1.82,8.36,-1.01,-0.51,-1.17,0.54
63.207365,7.98,-2.09,1.05,-0.83,-0.07,-1.19,-37.62,31.06,-34.69,1.54,-4.99,6.74,-0.70,-0.15,-1.28,-4.12,-6.68,2.47,1.22,0.11,-0.66,-1.92,-4.38,6.66,-0.49,-0.01,-1.37,-4.87,-3.11,5.63,0.20,-0.29,-1.42,-1.42,8.17,-0.38,-0.56,-1.12,0.65
63.207377,8.14,-1.67,0.74,-0.83,-0.07,-1.19,-37.62,31.06,-34.69,2.21,-5.49,6.17,-0.67,-0.24,-1.26,-3.50,-6.47,2.99,1.24,0.03,-0.62,-1.26,-5.10,6.13,-0.49,-0.11,-1.35,-4.13,-3.78,5.58,0.19,-0.37,-1.37,-0.94,7.92,0.28,-0.57,-1.07,0.70
63.20739,8.29,-1.21,0.39,-0.72,-0.08,-1.27,-37.62,31.06,-34.69,2.83,-6.01,5.57,-0.60,-0.31,-1.22,-2.83,-6.26,3.54,1.23,-0.03,-0.53,-0.72,-5.86,5.56,-0.45,-0.19,-1.28,-3.40,-4.51,5.46,0.19,-0.44,-1.28,-0.45,7.68,0.99,-0.52,-0.97,0.74
63.207402,8.56,-0.83,0.12,-0.61,-0.02,-1.22,-37.62,31.06,-34.69,3.34,-6.32,5.26,-0.48,-0.33,-1.17,-2.21,-6.21,3.85,1.17,-0.03,-0.42,-0.25,-6.40,5.22,-0.36,-0.24,-1.21,-2.81,-5.12,5.30,0.23,-0.47,-1.18,-0.23,7.45,1.55,-0.43,-0.88,0.76
63.218136,8.71,-0.10,-0.03,-0.50,0.11,-1.12,-37.62,31.06,-34.69,3.72,-6.51,5.11,-0.36,-0.29,-1.14,-1.80,-6.13,4.03,1.10,0.01,-0.29,0.04,-6.76,5.02,-0.23,-0.25,-1.15,-2.35,-5.52,5.25,0.31,-0.45,-1.06,-0.05,7.28,1.88,-0.30,-0.82,0.75
63.241767,9.06,-0.02,0.47,-0.51,0.40,-0.85,-36.50,24.50,-32.06,3.97,-6.51,5.44,-0.18,-0.15,-1.12,-1.67,-6.36,3.91,1.01,0.17,-0.15,0.20,-6.93,5.16,-0.03,-0.19,-1.09,-2.35,-5.74,5.29,0.47,-0.35,-0.93,-0.27,7.40,1.95,-0.09,-0.81,0.67
63.263829,9.02,-0.18,0.62,-0.66,0.57,-0.71,-36.50,24.50,-32.06,3.78,-6.36,5.83,-0.06,-0.02,-1.15,-2.28,-6.64,4.21,0.98,0.34,-0.06,-0.12,-6.61,5.77,0.14,-0.13,-1.08,-2.94,-5.40,5.79,0.63,-0.29,-0.85,-0.15,8.03,1.69,0.07,-0.85,0.61
63.286159,9.02,-0.56,0.59,-0.70,0.62,-0.71,-36.50,24.50,-32.06,3.82,-6.45,5.85,0.02,-0.03,-1.13,-3.01,-6.64,4.86,0.96,0.36,0.01,-0.06,-6.54,6.20,0.21,-0.18,-1.04,-3.20,-5.04,6.51,0.66,-0.34,-0.78,0.30,8.64,1.44,0.13,-0.81,0.61
63.713882,9.29,-0.37,0.78,-0.70,0.62,-0.71,-35.62,21.94,-34.88,4.24,-6.48,6.17,0.09,-0.12,-1.06,-3.15,-6.61,5.11,0.91,0.29,0.07,0.34,-6.70,6.49,0.23,-0.28,-0.95,-2.97,-5.12,6.90,0.63,-0.41,-0.68,0.48,8.81,1.47,0.15,-0.69,0.64
63.71391,9.59,-0.06,1.20,-0.32,0.57,-0.73,-35.62,21.94,-34.88,4.58,-6.26,6.75,0.16,-0.11,-1.01,-3.11,-6.71,4.96,0.85,0.30,0.12,0.57,-6.67,6.81,0.29,-0.28,-0.89,-2.78,-5.22,6.97,0.65,-0.39,-0.60,0.37,8.84,1.43,0.20,-0.64,0.61
63.713923,9.56,0.05,1.39,-0.41,0.61,-0.62,-35.62,21.94,-34.88,4.49,-6.17,6.86,0.19,-0.03,-0.97,-3.37,-6.78,5.04,0.80,0.36,0.16,0.47,-6.56,6.98,0.35,-0.23,-0.85,-3.00,-5.07,7.14,0.70,-0.32,-0.54,0.41,9.08,1.30,0.26,-0.64,0.57
63.713935,9.40,-0.14,1.35,-0.50,0.64,-0.54,-35.62,21.94,-34.88,4.14,-6.36,6.32,0.23,-0.07,-0.93,-3.81,-6.77,5.66,0.79,0.31,0.21,0.06,-6.48,7.04,0.36,-0.30,-0.80,-3.45,-4.90,7.43,0.68,-0.39,-0.48,0.86,9.50,1.29,0.26,-0.57,0.62
63.713946,9.40,-0.37,1.08,-0.50,0.64,-0.54,-35.62,23.00,-37.19,4.53,-6.77,5.96,0.30,-0.28,-0.85,-3.86,-6.55,6.20,0.76,0.11,0.31,0.53,-6.94,6.85,0.31,-0.50,-0.72,-3.02,-5.16,7.70,0.58,-0.58,-0.38,1.28,9.59,1.47,0.22,-0.37,0.74
63.713958,10.21,0.74,1.43,0.27,0.67,-0.67,-35.62,23.00,-37.19,5.26,-6.64,6.51,0.40,-0.44,-0.75,-3.44,-6.60,6.15,0.69,-0.04,0.45,1.17,-7.20,7.08,0.32,-0.64,-0.59,-2.40,-5.56,7.82,0.52,-0.69,-0.24,1.29,9.47,1.70,0.25,-0.18,0.81
63.713973,10.12,0.86,1.81,0.27,0.67,-0.67,-34.38,19.94,-39.56,5.70,-6.41,6.92,0.46,-0.42,-0.70,-3.56,-6.55,6.19,0.62,-0.03,0.52,1.57,-7.13,7.35,0.37,-0.64,-0.52,-2.17,-5.44,8.15,0.53,-0.67,-0.16,1.45,9.60,1.54,0.31,-0.12,0.77
63.713985,9.98,0.63,1.96,0.27,0.67,-0.67,-34.38,19.94,-39.56,5.82,-6.33,6.87,0.50,-0.40,-0.62,-4.01,-6.35,6.56,0.55,-0.04,0.57,1.73,-6.96,7.56,0.41,-0.64,-0.42,-2.18,-5.15,8.53,0.51,-0.65,-0.06,1.86,9.87,1.29,0.34,-0.04,0.73
63.713999,9.79,0.59,1.96,0.16,0.72,-0.44,-34.38,19.94,-39.56,6.04,-6.16,7.14,0.56,-0.43,-0.52,-4.19,-6.28,6.61,0.46,-0.08,0.62,1.98,-6.91,7.83,0.42,-0.68,-0.32,-2.10,-5.11,8.72,0.48,-0.66,0.04,1.92,9.96,1.14,0.36,0.05,0.70
63.71401,10.32,0.70,2.84,0.33,0.73,-0.31,-34.38,19.94,-39.56,6.22,-5.85,7.79,0.60,-0.40,-0.44,-4.59,-6.30,6.60,0.36,-0.06,0.67,2.10,-6.69,8.35,0.46,-0.65,-0.23,-2.30,-4.81,9.24,0.46,-0.61,0.13,1.96,10.30,0.78,0.41,0.13,0.65
63.714022,10.28,0.51,3.00,0.33,0.73,-0.31,-32.31,17.62,-41.31,6.03,-5.70,7.86,0.63,-0.41,-0.35,-5.54,-6.20,7.10,0.29,-0.13,0.72,1.88,-6.28,8.82,0.46,-0.67,-0.13,-2.75,-4.13,9.98,0.38,-0.63,0.20,2.39,10.92,0.24,0.39,0.23,0.65
63.714032,10.02,0.17,3.04,0.33,0.73,-0.31,-31.44,18.12,-41.44,6.06,-5.73,7.61,0.66,-0.60,-0.19,-6.22,-5.98,7.61,0.22,-0.38,0.77,1.99,-6.11,9.04,0.36,-0.87,0.02,-2.80,-3.82,10.34,0.17,-0.77,0.29,2.87,11.27,-0.08,0.28,0.47,0.75
63.714044,10.12,0.32,3.11,1.07,0.48,-0.41,-31.44,18.12,-41.44,6.68,-5.63,7.99,0.74,-0.88,0.05,-5.74,-5.88,7.12,0.07,-0.68,0.86,2.63,-6.45,8.93,0.28,-1.09,0.26,-2.15,-4.36,9.99,-0.04,-0.91,0.48,2.54,10.84,0.02,0.21,0.79,0.82
63.71406,10.55,0.78,3.54,1.26,0.49,-0.29,-31.44,18.12,-41.44,6.89,-4.96,9.40,0.76,-0.78,0.11,-5.17,-6.46,5.97,-0.03,-0.57,0.84,2.68,-6.22,9.51,0.34,-0.97,0.32,-2.09,-4.69,9.55,0.03,-0.77,0.55,1.53,10.56,0.04,0.29,0.75,0.67
63.716458,10.47,0.82,4.34,1.26,0.49,-0.29,-30.81,15.88,-39.56,6.59,-4.46,10.41,0.67,-0.41,0.05,-5.46,-6.94,5.40,-0.08,-0.22,0.71,2.34,-5.69,10.19,0.43,-0.60,0.25,-2.72,-4.22,9.79,0.20,-0.46,0.50,0.98,10.85,-0.34,0.38,0.49,0.39
63.716478,10.02,-0.87,3.80,0.04,0.42,0.19,-31.44,14.81,-39.06,5.61,-4.64,9.87,0.53,-0.13,0.01,-6.52,-6.84,5.87,-0.09,0.00,0.53,1.39,-5.26,10.31,0.41,-0.33,0.19,-3.80,-3.51,10.08,0.28,-0.24,0.42,1.30,11.42,-0.87,0.36,0.29,0.20
63.716492,10.02,-0.87,3.80,0.04,0.42,0.19,-31.44,14.81,-39.06,5.15,-4.93,9.27,0.51,-0.17,0.03,-6.74,-6.54,6.00,-0.10,-0.05,0.49,1.06,-5.31,9.90,0.36,-0.35,0.20,-4.06,-3.35,10.01,0.23,-0.28,0.40,1.40,11.33,-1.02,0.32,0.34,0.22
63.716506,9.86,-0.68,3.92,0.50,0.35,0.01,-31.44,14.81,-39.06,5.11,-4.61,9.46,0.51,-0.24,0.06,-6.51,-6.45,5.60,-0.11,-0.14,0.49,1.06,-5.08,9.89,0.31,-0.40,0.21,-3.93,-3.25,9.79,0.15,-0.31,0.38,1.16,11.00,-1.09,0.27,0.39,0.25
63.716523,9.66,-0.33,4.19,0.50,0.35,0.01,-29.94,15.06,-41.94,5.09,-4.15,9.79,0.46,-0.19,0.04,-6.33,-6.50,5.16,-0.11,-0.10,0.44,1.11,-4.74,9.99,0.29,-0.34,0.19,-3.83,-3.09,9.59,0.15,-0.26,0.33,0.90,10.76,-1.21,0.25,0.33,0.21
63.71801,9.40,-0.14,4.30,0.35,0.33,0.04,-29.94,15.06,-41.94,4.92,-3.91,9.69,0.37,-0.11,-0.00,-6.38,-6.37,5.11,-0.09,-0.04,0.34,1.06,-4.48,9.90,0.25,-0.24,0.13,-3.83,-2.85,9.51,0.16,-0.19,0.26,0.97,10.68,-1.31,0.21,0.24,0.15
63.735217,9.17,-0.33,4.19,0.14,0.27,0.05,-29.94,15.06,-41.94,4.71,-4.03,9.06,0.31,-0.09,-0.02,-6.37,-6.09,5.37,-0.05,-0.05,0.28,0.91,-4.46,9.50,0.19,-0.22,0.10,-3.78,-2.87,9.28,0.14,-0.19,0.20,1.29,10.51,-1.23,0.15,0.20,0.16
63.759608,9.02,-0.29,3.46,0.28,0.17,-0.11,-28.75,13.06,-41.31,4.88,-4.39,7.99,0.31,-0.22,-0.01,-5.79,-5.46,5.66,-0.02,-0.15,0.29,1.28,-4.92,8.57,0.13,-0.33,0.10,-3.11,-3.19,8.94,0.08,-0.30,0.21,1.77,9.91,-0.89,0.11,0.26,0.23
63.781474,9.02,0.82,3.61,0.28,0.17,-0.11,-28.75,13.06,-41.31,5.53,-4.11,8.23,0.35,-0.24,-0.01,-5.09,-5.35,5.43,-0.03,-0.13,0.33,1.99,-5.07,8.40,0.18,-0.33,0.10,-2.29,-3.51,8.78,0.10,-0.30,0.23,1.73,9.45,-0.55,0.16,0.27,0.22
63.803007,8.90,1.28,3.73,0.21,0.34,0.03,-28.75,13.06,-41.31,5.91,-3.96,8.42,0.32,-0.09,-0.05,-5.08,-5.41,5.75,-0.05,0.00,0.31,2.31,-5.03,8.67,0.22,-0.20,0.07,-2.12,-3.53,9.02,0.15,-0.17,0.20,2.03,9.69,-0.43,0.20,0.18,0.13
64.223513,9.52,0.70,3.11,0.21,0.34,0.03,-28.75,14.25,-42.56,5.86,-4.73,7.39,0.31,-0.08,-0.03,-5.46,-5.14,7.00,-0.06,-0.02,0.33,2.14,-5.55,8.39,0.20,-0.21,0.10,-2.21,-3.81,9.45,0.11,-0.18,0.23,3.03,10.12,-0.10,0.20,0.24,0.16
64.223541,10.16,1.24,2.69,0.32,0.30,-0.00,-28.75,14.25,-42.56,6.19,-5.77,5.78,0.42,-0.36,0.05,-5.11,-4.62,8.48,-0.08,-0.30,0.58,2.32,-6.62,7.50,0.15,-0.49,0.19,-1.61,-4.73,9.52,-0.02,-0.47,0.39,4.24,10.09,0.75,0.23,0.53,0.37
64.223554,10.13,2.50,1.77,0.99,0.48,-0.18,-28.75,14.25,-42.56,7.96,-6.47,4.34,0.64,-0.78,0.19,-4.06,-3.90,9.59,-0.16,-0.64,0.91,4.20,-7.79,6.37,0.12,-0.90,0.35,0.38,-5.66,9.58,-0.21,-0.84,0.64,5.50,9.52,1.80,0.30,0.98,0.63
64.223566,9.64,4.15,1.39,1.60,0.62,-0.16,-28.75,14.25,-42.56,10.37,-6.36,4.57,0.88,-0.90,0.40,-2.53,-3.54,9.54,-0.42,-0.74,1.16,6.51,-8.42,6.21,0.19,-1.03,0.57,2.94,-6.54,9.56,-0.30,-0.90,0.89,5.84,8.60,2.65,0.43,1.29,0.57
64.223578,9.75,5.80,1.77,1.60,0.62,-0.16,-28.44,11.69,-41.38,11.75,-5.70,5.92,1.02,-0.56,0.63,-2.05,-3.78,9.02,-0.72,-0.46,1.18,8.30,-8.87,6.06,0.44,-0.75,0.85,4.06,-6.88,9.42,-0.21,-0.52,1.14,5.47,8.54,2.66,0.63,1.28,0.18
64.22359,10.17,4.88,2.92,0.76,0.68,1.44,-29.06,10.00,-40.06,10.94,-5.51,6.46,1.08,-0.05,0.84,-3.19,-3.98,9.05,-1.04,-0.06,1.13,7.04,-8.06,7.10,0.72,-0.31,1.14,2.64,-6.20,9.75,0.00,-0.06,1.42,5.34,9.37,1.84,0.82,1.22,-0.28
64.223603,10.32,2.96,3.19,0.76,0.68,1.44,-29.06,11.88,-42.12,9.49,-5.49,6.51,1.17,0.12,1.07,-5.12,-4.34,9.23,-1.28,0.02,1.13,5.48,-7.08,8.05,0.83,-0.20,1.39,0.62,-4.93,10.60,0.03,0.05,1.66,5.15,10.60,0.67,0.87,1.35,-0.46
64.223614,10.21,1.59,3.46,1.06,0.58,1.50,-29.06,11.88,-42.12,8.62,-5.04,7.33,1.24,-0.01,1.31,-6.45,-4.60,8.90,-1.48,-0.20,1.16,4.65,-6.25,9.07,0.78,-0.32,1.64,-0.62,-3.95,11.22,-0.09,-0.04,1.88,4.67,11.26,-0.34,0.79,1.63,-0.47
64.223627,10.21,0.89,4.57,1.68,0.23,1.51,-29.94,12.62,-39.44,8.30,-3.98,9.26,1.24,-0.07,1.55,-6.87,-5.27,7.37,-1.67,-0.35,1.10,4.30,-5.37,10.22,0.72,-0.35,1.86,-1.36,-3.28,11.38,-0.24,-0.01,2.01,3.31,11.37,-1.13,0.68,1.80,-0.57
64.223642,10.20,1.12,5.38,1.68,0.23,1.51,-29.31,14.50,-41.56,7.84,-3.26,10.56,1.13,0.11,1.61,-7.02,-5.62,6.21,-1.76,-0.24,0.95,3.75,-4.73,10.96,0.69,-0.13,1.90,-2.06,-2.91,11.26,-0.27,0.22,1.98,2.35,11.28,-1.73,0.65,1.69,-0.79
64.223654,10.32,0.89,5.99,1.68,0.23,1.51,-29.31,14.50,-41.56,7.17,-3.00,11.11,1.04,0.35,1.61,-7.59,-5.66,5.49,-1.82,-0.01,0.81,3.10,-4.32,11.24,0.71,0.12,1.87,-2.80,-2.44,11.15,-0.23,0.48,1.92,1.87,11.38,-2.42,0.69,1.53,-1.00
64.223666,10.32,-0.83,6.79,0.66,0.11,1.91,-30.56,14.25,-38.56,6.29,-2.49,12.05,0.92,0.63,1.57,-8.68,-5.98,4.76,-1.89,0.25,0.65,2.30,-3.40,12.16,0.70,0.44,1.82,-4.04,-1.36,11.51,-0.21,0.77,1.83,1.16,11.92,-3.49,0.71,1.35,-1.22
64.223678,9.60,-2.21,7.40,0.66,0.11,1.91,-31.44,18.31,-40.38,5.20,-1.83,12.81,0.75,0.82,1.54,-9.78,-6.26,4.24,-1.90,0.37,0.45,1.19,-2.23,13.01,0.61,0.67,1.76,-5.37,-0.26,11.74,-0.24,0.96,1.69,0.61,12.43,-4.50,0.61,1.18,-1.36
64.223689,9.06,-2.78,7.52,0.36,-0.28,1.81,-31.44,18.31,-40.38,4.21,-1.37,12.92,0.54,0.86,1.52,-10.41,-6.19,3.83,-1.86,0.35,0.23,0.38,-1.49,13.14,0.44,0.77,1.68,-6.19,0.46,11.55,-0.35,1.03,1.52,0.33,12.43,-5.14,0.43,1.07,-1.40
64.225831,8.83,-3.32,7.40,0.36,-0.28,1.81,-31.44,18.31,-40.38,3.33,-1.34,12.53,0.34,0.79,1.48,-10.30,-5.88,3.20,-1.78,0.23,0.05,-0.28,-1.31,12.55,0.23,0.77,1.59,-6.50,0.55,10.74,-0.49,1.02,1.33,-0.07,11.87,-5.39,0.23,1.01,-1.36
64.225847,8.79,-3.28,7.40,0.40,-0.53,1.48,-31.44,18.31,-40.38,2.75,-1.13,12.61,0.23,0.75,1.39,-9.89,-5.92,2.34,-1.68,0.21,-0.05,-0.79,-1.10,12.29,0.13,0.78,1.47,-6.74,0.57,10.14,-0.53,1.01,1.17,-0.74,11.33,-5.47,0.15,0.91,-1.33
64.225858,8.45,-3.32,7.56,0.27,-0.48,1.38,-31.44,18.31,-40.38,2.26,-0.63,12.99,0.10,0.81,1.23,-9.79,-6.04,1.64,-1.54,0.29,-0.17,-1.19,-0.55,12.41,0.06,0.88,1.28,-7.02,0.88,9.74,-0.50,1.08,0.98,-1.27,11.09,-5.69,0.09,0.70,-1.32
64.225866,7.75,-3.93,7.10,-0.26,-0.62,1.13,-31.44,18.31,-40.38,1.71,-0.67,12.66,-0.09,0.87,1.06,-9.94,-6.04,1.52,-1.36,0.36,-0.35,-1.60,-0.34,12.21,-0.06,0.98,1.07,-7.44,1.15,9.49,-0.48,1.12,0.71,-1.36,11.04,-5.83,-0.03,0.48,-1.29
64.225877,7.79,-4.31,6.71,-0.26,-0.62,1.13,-34.38,23.75,-38.44,1.24,-1.05,11.90,-0.21,0.81,0.95,-9.78,-5.77,1.54,-1.20,0.31,-0.46,-1.99,-0.54,11.57,-0.18,0.98,0.92,-7.45,1.00,9.04,-0.51,1.06,0.54,-1.29,10.70,-5.73,-0.14,0.37,-1.19
64.234125,7.83,-4.35,6.48,-0.18,-0.69,0.95,-34.38,23.75,-38.44,0.94,-1.17,11.52,-0.28,0.70,0.81,-9.16,-5.61,1.13,-1.04,0.25,-0.49,-2.20,-0.68,10.97,-0.24,0.91,0.77,-7.25,0.72,8.34,-0.51,0.96,0.38,-1.59,10.10,-5.51,-0.20,0.29,-1.06
64.259268,7.29,-3.89,6.33,-0.27,-0.58,0.70,-34.38,23.75,-38.44,0.93,-1.03,11.60,-0.36,0.69,0.63,-8.79,-5.78,0.83,-0.87,0.27,-0.56,-2.17,-0.58,10.90,-0.29,0.92,0.57,-7.16,0.72,8.11,-0.45,0.96,0.21,-1.83,9.91,-5.32,-0.25,0.12,-0.98
64.276864,7.26,-3.89,5.87,-0.27,-0.58,0.70,-35.88,29.00,-37.56,1.05,-1.34,11.19,-0.45,0.70,0.53,-8.69,-5.73,1.09,-0.77,0.27,-0.64,-2.18,-0.80,10.54,-0.33,0.98,0.48,-6.94,0.62,8.13,-0.43,0.94,0.08,-1.60,9.89,-5.11,-0.33,0.02,-0.93
64.297913,7.37,-4.08,5.45,-0.41,-0.73,0.53,-35.88,29.00,-37.56,1.01,-1.82,10.52,-0.51,0.65,0.47,-8.14,-5.59,1.10,-0.69,0.23,-0.70,-2.15,-1.27,9.93,-0.38,0.95,0.39,-6.72,0.10,7.60,-0.43,0.93,-0.02,-1.64,9.44,-4.68,-0.39,-0.03,-0.87
64.323401,7.56,-3.70,5.18,-0.41,-0.73,0.53,-35.88,30.75,-37.12,0.91,-1.91,10.40,-0.51,0.69,0.33,-7.13,-5.76,0.37,-0.56,0.34,-0.73,-2.32,-1.59,9.34,-0.32,0.96,0.26,-6.43,-0.49,6.79,-0.33,0.93,-0.14,-2.25,8.74,-4.19,-0.33,-0.19,-0.84
64.731724,7.53,-3.55,5.18,-0.73,-0.46,0.49,-35.88,30.75,-37.12,0.78,-1.80,10.62,-0.52,0.86,0.13,-6.92,-5.98,0.06,-0.44,0.59,-0.77,-2.43,-1.49,9.40,-0.23,1.09,0.06,-6.50,-0.53,6.57,-0.17,1.05,-0.28,-2.55,8.67,-4.15,-0.23,-0.45,-0.90
64.733649,7.26,-3.82,4.99,-0.73,-0.46,0.49,-36.44,31.44,-36.19,0.57,-1.84,10.43,-0.58,1.01,-0.04,-7.31,-5.93,0.33,-0.33,0.77,-0.84,-2.61,-1.26,9.51,-0.20,1.21,-0.11,-6.77,-0.11,6.86,-0.06,1.15,-0.43,-2.33,8.94,-4.35,-0.20,-0.65,-0.93
64.733684,6.91,-4.54,4.68,-0.73,-0.46,0.49,-36.19,33.50,-37.56,0.36,-2.03,10.02,-0.62,1.03,-0.14,-7.56,-5.80,0.52,-0.25,0.80,-0.89,-2.79,-1.26,9.29,-0.22,1.23,-0.22,-6.82,-0.12,6.64,-0.03,1.16,-0.53,-2.20,8.97,-4.40,-0.22,-0.74,-0.90
64.733698,6.95,-4.58,4.64,-1.10,-0.48,0.35,-36.19,33.50,-37.56,0.18,-2.26,9.68,-0.64,0.99,-0.21,-7.24,-5.79,0.39,-0.16,0.78,-0.90,-2.97,-1.50,8.94,-0.23,1.19,-0.30,-6.88,-0.40,6.26,0.01,1.09,-0.58,-2.36,8.71,-4.17,-0.23,-0.78,-0.82
64.733712,7.14,-4.50,4.45,-1.10,-0.48,0.35,-37.06,34.19,-34.88,-0.08,-2.42,9.43,-0.62,0.95,-0.30,-6.88,-5.90,0.23,-0.06,0.79,-0.87,-3.23,-1.63,8.62,-0.21,1.14,-0.39,-6.96,-0.59,5.95,0.09,1.02,-0.61,-2.55,8.51,-3.92,-0.21,-0.83,-0.73
64.733723,6.91,-4.24,3.92,-1.10,-0.48,0.35,-37.00,36.75,-36.00,-0.07,-2.25,9.60,-0.63,0.93,-0.45,-6.65,-6.12,0.00,0.07,0.84,-0.88,-3.18,-1.45,8.69,-0.20,1.11,-0.53,-6.97,-0.43,5.97,0.15,0.98,-0.73,-2.80,8.44,-3.84,-0.20,-0.95,-0.67
64.733735,6.61,-4.20,3.84,-1.10,-0.48,0.35,-37.00,36.75,-36.00,-0.11,-2.26,9.47,-0.68,0.93,-0.53,-6.66,-6.01,0.19,0.15,0.86,-0.92,-3.17,-1.43,8.61,-0.23,1.12,-0.63,-6.91,-0.36,5.93,0.17,0.96,-0.83,-2.60,8.42,-3.79,-0.25,-1.03,-0.62
64.734261,6.46,-4.35,3.57,-1.32,-0.36,-0.01,-37.00,36.75,-36.00,-0.23,-2.60,8.85,-0.75,0.87,-0.59,-6.54,-5.90,0.43,0.22,0.78,-0.96,-3.29,-1.63,8.18,-0.29,1.07,-0.69,-6.85,-0.48,5.75,0.14,0.89,-0.90,-2.44,8.30,-3.56,-0.32,-1.04,-0.54
64.734277,6.61,-4.43,2.88,-1.23,-0.42,-0.12,-37.06,37.19,-33.94,-0.44,-2.96,8.12,-0.77,0.73,-0.63,-5.98,-5.81,0.41,0.31,0.64,-0.93,-3.47,-1.97,7.49,-0.35,0.95,-0.74,-6.68,-0.91,5.19,0.12,0.74,-0.94,-2.47,7.87,-3.16,-0.38,-1.00,-0.39
64.734287,6.60,-4.16,2.81,-1.23,-0.42,-0.12,-37.31,36.69,-35.62,-0.37,-3.06,7.82,-0.74,0.60,-0.69,-5.35,-5.83,0.20,0.41,0.57,-0.88,-3.35,-2.15,7.09,-0.35,0.81,-0.81,-6.41,-1.20,4.82,0.14,0.60,-0.97,-2.64,7.45,-2.76,-0.38,-0.99,-0.26
64.734296,6.53,-3.86,2.69,-1.23,-0.42,-0.12,-37.31,36.69,-35.62,-0.10,-3.06,7.77,-0.74,0.55,-0.76,-5.03,-5.88,0.24,0.50,0.57,-0.86,-3.06,-2.23,7.03,-0.36,0.76,-0.88,-6.01,-1.30,4.80,0.16,0.55,-1.03,-2.58,7.36,-2.50,-0.38,-1.04,-0.20
64.734305,6.30,-3.55,2.12,-1.11,-0.29,-0.46,-37.62,35.06,-32.88,0.17,-3.35,7.50,-0.76,0.52,-0.80,-4.72,-5.88,0.51,0.55,0.56,-0.88,-2.77,-2.57,6.76,-0.38,0.73,-0.93,-5.66,-1.58,4.75,0.16,0.52,-1.09,-2.41,7.27,-2.11,-0.41,-1.08,-0.17
64.734315,6.50,-3.43,1.81,-1.11,-0.29,-0.46,-37.00,36.88,-34.62,0.19,-3.80,7.07,-0.76,0.51,-0.84,-4.20,-5.93,0.53,0.58,0.56,-0.89,-2.78,-3.13,6.23,-0.37,0.71,-0.95,-5.48,-2.14,4.36,0.17,0.51,-1.11,-2.50,6.98,-1.65,-0.40,-1.10,-0.15
64.736037,7.02,-3.39,1.35,-1.11,-0.29,-0.46,-37.00,36.88,-34.62,-0.02,-4.17,6.66,-0.71,0.51,-0.90,-3.76,-6.11,0.50,0.62,0.60,-0.82,-3.15,-3.49,5.76,-0.30,0.68,-0.99,-5.61,-2.68,3.85,0.24,0.48,-1.11,-2.66,6.82,-1.24,-0.33,-1.12,-0.10
64.736056,6.84,-3.16,0.78,-1.12,-0.03,-0.53,-37.00,36.88,-34.62,-0.18,-4.29,6.52,-0.63,0.44,-1.01,-3.83,-6.54,0.89,0.73,0.59,-0.72,-3.40,-3.43,5.95,-0.25,0.57,-1.09,-5.94,-2.67,4.09,0.32,0.35,-1.14,-2.60,7.31,-0.97,-0.28,-1.14,0.04
64.736068,6.80,-2.86,0.47,-1.12,-0.03,-0.53,-37.06,35.56,-32.94,0.20,-4.56,6.50,-0.67,0.29,-1.07,-3.91,-6.82,1.42,0.84,0.48,-0.72,-3.11,-3.69,6.19,-0.32,0.43,-1.16,-5.88,-2.77,4.54,0.29,0.22,-1.20,-2.40,7.67,-0.68,-0.37,-1.14,0.16
64.736079,7.52,-2.82,0.55,-0.97,-0.13,-0.86,-37.06,35.56,-32.94,0.64,-5.04,6.44,-0.69,0.17,-1.08,-3.68,-6.80,1.83,0.91,0.37,-0.73,-2.78,-4.34,6.02,-0.37,0.31,-1.17,-5.49,-3.35,4.64,0.25,0.10,-1.23,-2.10,7.73,-0.27,-0.44,-1.11,0.26
64.736093,8.10,-2.70,0.39,-0.90,-0.16,-0.92,-37.31,34.94,-34.25,1.06,-5.71,5.95,-0.65,0.01,-1.05,-3.56,-6.68,2.44,0.94,0.21,-0.65,-2.44,-4.98,5.80,-0.40,0.14,-1.14,-5.12,-3.78,4.83,0.20,-0.07,-1.18,-1.64,7.85,0.08,-0.47,-0.98,0.39
64.736104,8.10,-2.55,0.24,-0.90,-0.16,-0.92,-37.31,34.94,-34.25,1.50,-5.92,6.04,-0.59,-0.12,-0.99,-3.28,-6.85,2.48,0.91,0.09,-0.58,-2.05,-5.28,5.86,-0.41,0.01,-1.07,-4.77,-4.09,4.91,0.15,-0.17,-1.12,-1.73,7.84,0.38,-0.48,-0.86,0.46
64.759601,8.10,-2.55,0.24,-0.59,-0.09,-0.89,-38.88,31.25,-33.62,1.81,-5.61,6.86,-0.58,-0.10,-0.98,-2.81,-7.41,2.16,0.90,0.13,-0.59,-1.92,-5.37,6.16,-0.38,0.05,-1.06,-4.65,-4.49,4.81,0.17,-0.12,-1.12,-2.18,7.84,0.73,-0.46,-0.91,0.41
64.779684,8.29,-1.59,0.47,-0.59,-0.09,-0.89,-38.88,31.25,-33.62,1.82,-6.06,6.49,-0.63,-0.02,-1.01,-2.95,-7.47,2.63,0.92,0.19,-0.62,-2.04,-5.65,6.15,-0.38,0.11,-1.09,-4.81,-4.66,4.98,0.20,-0.07,-1.14,-1.87,8.13,0.90,-0.46,-0.97,0.38
64.806194,9.02,-2.32,-0.34,-0.79,-0.11,-0.89,-36.81,30.06,-32.31,1.76,-6.87,5.71,-0.59,-0.13,-0.98,-3.08,-7.42,3.35,0.92,0.08,-0.56,-2.21,-6.28,5.71,-0.38,-0.02,-1.03,-4.91,-5.05,5.05,0.18,-0.19,-1.08,-1.46,8.39,1.20,-0.48,-0.86,0.46
64.826408,9.13,-1.90,-0.34,-0.45,-0.07,-0.96,-36.81,30.06,-32.31,2.05,-7.08,5.65,-0.48,-0.27,-0.93,-2.59,-7.45,3.32,0.90,-0.04,-0.45,-1.93,-6.68,5.48,-0.36,-0.17,-0.98,-4.53,-5.55,4.86,0.16,-0.33,-1.00,-1.55,8.10,1.60,-0.44,-0.72,0.57
65.243929,9.21,-1.36,-0.07,-0.30,0.03,-0.97,-36.81,30.06,-32.31,2.46,-6.90,6.08,-0.38,-0.27,-0.94,-2.14,-7.64,3.12,0.89,-0.00,-0.35,-1.58,-6.80,5.60,-0.26,-0.20,-0.96,-4.16,-5.86,4.78,0.23,-0.34,-0.94,-1.72,8.00,1.86,-0.35,-0.70,0.59
65.243969,9.13,-0.98,-0.11,-0.46,0.17,-0.87,-36.81,30.06,-32.31,2.54,-6.77,6.17,-0.35,-0.18,-0.98,-2.18,-7.77,3.29,0.90,0.10,-0.31,-1.57,-6.70,5.75,-0.18,-0.15,-0.99,-4.21,-5.77,4.98,0.31,-0.29,-0.94,-1.61,8.16,1.91,-0.27,-0.77,0.56
65.243985,8.94,-0.94,-0.22,-0.46,0.17,-0.87,-37.38,27.56,-33.31,2.57,-7.03,5.66,-0.30,-0.15,-1.01,-2.33,-7.50,3.72,0.93,0.14,-0.26,-1.48,-6.85,5.50,-0.13,-0.17,-0.99,-4.14,-5.81,5.06,0.36,-0.31,-0.91,-1.18,8.20,1.90,-0.22,-0.78,0.58
65.243995,8.87,-0.94,0.01,-0.37,0.35,-0.89,-36.81,26.12,-33.06,2.67,-6.95,5.42,-0.17,-0.23,-1.01,-2.35,-7.21,3.94,0.94,0.09,-0.13,-1.33,-6.80,5.39,-0.04,-0.29,-0.97,-3.98,-5.78,5.04,0.41,-0.41,-0.83,-0.86,8.12,1.90,-0.13,-0.69,0.68
65.244006,8.87,-0.94,0.01,-0.37,0.35,-0.89,-36.81,26.12,-33.06,2.86,-6.72,5.59,-0.09,-0.28,-1.02,-2.37,-7.16,4.09,0.96,0.06,-0.04,-1.11,-6.71,5.54,0.02,-0.36,-0.97,-3.83,-5.69,5.22,0.45,-0.49,-0.80,-0.69,8.19,1.89,-0.09,-0.64,0.75
65.244018,8.83,-0.48,0.01,-0.27,0.45,-0.95,-36.81,26.12,-33.06,3.32,-6.80,5.45,-0.03,-0.36,-1.01,-2.55,-7.13,4.67,0.97,-0.02,0.04,-0.68,-6.80,5.72,0.04,-0.46,-0.94,-3.55,-5.62,5.70,0.45,-0.59,-0.75,-0.24,8.50,2.01,-0.08,-0.57,0.82
65.24404,9.21,0.09,-0.03,-0.08,0.41,-1.01,-35.62,22.94,-33.25,3.88,-6.94,5.24,0.06,-0.46,-0.95,-2.29,-6.88,4.93,0.95,-0.11,0.10,-0.16,-7.14,5.49,0.05,-0.58,-0.87,-2.92,-5.95,5.73,0.42,-0.69,-0.66,0.10,8.27,2.24,-0.07,-0.47,0.87
65.244128,9.21,0.09,-0.03,-0.03,0.49,-0.92,-35.38,21.88,-34.50,4.21,-6.66,5.55,0.15,-0.47,-0.94,-1.80,-6.73,4.68,0.93,-0.07,0.18,0.20,-7.25,5.41,0.13,-0.62,-0.84,-2.46,-6.30,5.50,0.48,-0.68,-0.60,0.04,7.91,2.36,0.03,-0.45,0.87
65.244154,9.36,0.70,0.89,-0.03,0.49,-0.92,-35.38,21.88,-34.50,4.53,-6.29,6.11,0.22,-0.32,-1.00,-2.04,-6.76,4.73,0.92,0.12,0.24,0.55,-6.99,5.91,0.27,-0.52,-0.87,-2.46,-5.99,6.00,0.61,-0.59,-0.58,0.19,8.20,2.12,0.17,-0.54,0.80
65.244185,9.02,0.09,0.70,-0.43,0.74,-0.71,-35.38,21.88,-34.50,4.39,-6.47,5.67,0.26,-0.26,-0.99,-3.14,-6.56,5.85,0.91,0.14,0.29,0.38,-6.81,6.20,0.33,-0.50,-0.84,-2.92,-5.51,6.67,0.66,-0.59,-0.52,1.06,9.03,1.78,0.20,-0.51,0.81
65.244203,9.25,-0.10,0.39,-0.19,0.67,-0.80,-35.38,21.88,-34.50,4.36,-6.96,4.86,0.36,-0.52,-0.89,-3.33,-6.34,6.55,0.90,-0.12,0.42,0.33,-7.20,5.89,0.29,-0.76,-0.74,-2.84,-5.78,6.75,0.59,-0.84,-0.39,1.55,9.19,1.97,0.16,-0.27,1.00
65.244223,9.66,0.36,0.47,0.37,0.68,-0.97,-35.38,21.88,-34.50,5.00,-6.88,5.20,0.50,-0.75,-0.83,-2.64,-6.36,6.24,0.88,-0.30,0.59,0.92,-7.58,5.81,0.32,-0.98,-0.66,-2.08,-6.35,6.67,0.56,-1.04,-0.26,1.36,8.77,2.32,0.21,-0.07,1.14
65.244237,9.98,1.89,1.58,0.37,0.68,-0.97,-32.94,16.44,-36.44,5.75,-6.16,6.34,0.62,-0.69,-0.86,-2.28,-6.46,5.78,0.86,-0.19,0.72,1.66,-7.37,6.31,0.47,-0.96,-0.66,-1.58,-6.29,6.92,0.69,-0.99,-0.19,1.16,8.63,2.27,0.38,-0.10,1.11
65.244253,9.44,1.70,1.66,0.37,0.68,-0.97,-32.94,16.44,-36.44,5.95,-5.88,6.52,0.64,-0.52,-0.89,-2.88,-6.29,6.15,0.84,-0.02,0.73,1.97,-6.98,6.78,0.56,-0.84,-0.66,-1.65,-5.70,7.48,0.77,-0.87,-0.18,1.66,9.07,1.85,0.46,-0.19,1.01
65.246354,9.14,1.09,1.54,-0.06,1.02,-0.62,-32.94,16.44,-36.44,5.68,-6.23,5.66,0.68,-0.52,-0.82,-3.61,-5.82,7.11,0.80,-0.06,0.77,1.67,-6.97,6.57,0.57,-0.88,-0.59,-1.89,-5.46,7.82,0.74,-0.92,-0.11,2.48,9.43,1.65,0.46,-0.10,1.04
65.24638,9.78,0.89,1.35,0.19,0.93,-0.68,-30.88,15.00,-38.00,6.03,-6.57,5.08,0.84,-0.76,-0.69,-3.43,-5.50,7.47,0.73,-0.29,0.94,2.11,-7.47,6.11,0.60,-1.13,-0.44,-1.32,-5.89,7.74,0.67,-1.13,0.07,2.84,9.23,1.90,0.49,0.18,1.18
65.246394,9.98,1.93,1.58,0.89,1.17,-0.65,-31.19,12.69,-38.00,6.84,-6.34,5.50,1.01,-0.86,-0.61,-2.83,-5.37,7.25,0.66,-0.36,1.13,2.91,-7.72,6.08,0.70,-1.24,-0.34,-0.39,-6.37,7.62,0.70,-1.20,0.24,2.85,8.84,2.16,0.61,0.34,1.22
65.246405,10.05,2.46,2.00,0.89,1.17,-0.65,-31.19,12.69,-38.00,7.49,-6.00,6.12,1.16,-0.75,-0.57,-2.66,-5.27,7.10,0.57,-0.23,1.26,3.56,-7.70,6.38,0.89,-1.19,-0.25,0.09,-6.40,7.85,0.82,-1.12,0.40,2.91,8.78,2.06,0.80,0.37,1.13
65.24642,10.09,2.31,2.77,0.49,1.49,-0.14,-31.19,12.69,-38.00,7.63,-5.70,6.68,1.30,-0.51,-0.54,-3.35,-5.26,7.24,0.43,0.03,1.36,3.64,-7.35,7.06,1.09,-1.05,-0.18,-0.19,-5.89,8.54,0.98,-0.95,0.54,3.08,9.26,1.56,1.02,0.34,0.96
65.261346,10.21,1.89,3.07,0.49,1.49,-0.14,-29.06,11.12,-40.94,7.64,-5.42,7.27,1.43,-0.32,-0.48,-4.40,-5.25,7.50,0.30,0.20,1.44,3.67,-6.94,7.85,1.27,-0.91,-0.09,-0.65,-5.29,9.28,1.09,-0.81,0.67,3.29,9.99,0.83,1.18,0.35,0.81
65.28437,10.32,1.47,3.80,0.47,1.58,0.14,-28.44,10.75,-41.25,7.37,-5.12,7.45,1.53,-0.26,-0.40,-5.53,-5.12,8.02,0.21,0.23,1.52,3.38,-6.38,8.50,1.35,-0.89,0.01,-1.22,-4.61,9.96,1.12,-0.79,0.80,3.74,10.65,0.18,1.26,0.44,0.77
65.306755,10.02,1.32,3.96,0.68,1.55,0.13,-28.44,10.75,-41.25,7.66,-4.71,7.66,1.63,-0.38,-0.27,-6.12,-4.68,8.24,0.11,0.11,1.63,3.89,-6.11,8.80,1.36,-1.00,0.14,-0.97,-4.11,10.59,1.05,-0.87,0.95,4.18,10.83,-0.37,1.28,0.64,0.80
65.327951,10.02,1.55,4.61,0.98,1.53,0.14,-28.44,10.75,-41.25,8.24,-3.89,8.67,1.69,-0.41,-0.14,-6.41,-4.53,7.98,-0.01,0.06,1.68,4.54,-5.54,9.56,1.38,-1.02,0.27,-0.66,-3.65,11.09,0.98,-0.85,1.07,4.20,10.90,-0.84,1.30,0.75,0.75
65.753888,9.55,2.16,5.72,0.98,1.53,0.14,-25.81,10.12,-44.38,8.55,-3.11,9.40,1.64,-0.30,-0.01,-7.18,-4.30,8.01,-0.17,0.09,1.62,5.00,-4.72,10.38,1.34,-0.91,0.42,-0.67,-2.70,11.87,0.89,-0.70,1.14,4.48,11.26,-1.58,1.27,0.80,0.58
65.753914,9.18,1.89,5.83,0.98,1.53,0.14,-25.81,10.12,-44.38,8.24,-2.66,9.32,1.54,-0.28,0.14,-7.78,-4.03,8.34,-0.28,0.02,1.53,4.77,-4.18,10.60,1.23,-0.86,0.55,-1.03,-2.13,12.10,0.74,-0.65,1.18,4.85,11.50,-2.03,1.15,0.88,0.49
65.753927,8.83,1.82,5.80,0.89,1.13,0.47,-25.81,10.12,-44.38,7.86,-2.76,8.36,1.47,-0.44,0.32,-7.93,-3.55,8.67,-0.37,-0.23,1.48,4.47,-4.09,10.07,1.07,-0.97,0.69,-1.10,-2.03,11.85,0.55,-0.77,1.24,5.30,11.25,-2.08,0.97,1.07,0.54
65.753938,8.67,1.74,5.53,0.89,1.13,0.47,-26.38,8.12,-43.31,8.12,-2.83,7.73,1.49,-0.67,0.49,-7.12,-3.12,8.30,-0.47,-0.51,1.51,4.91,-4.45,9.19,0.95,-1.16,0.84,-0.29,-2.45,11.23,0.37,-0.94,1.35,5.23,10.41,-1.76,0.86,1.32,0.61
65.753949,8.67,3.20,5.83,1.57,0.96,0.46,-26.38,8.12,-43.31,8.69,-2.09,8.79,1.52,-0.63,0.58,-5.99,-3.31,7.01,-0.58,-0.46,1.51,5.58,-4.36,9.23,0.99,-1.08,0.93,0.51,-2.78,10.62,0.35,-0.82,1.42,4.31,9.55,-1.55,0.91,1.34,0.48
65.75396,8.41,2.89,5.99,0.97,0.99,0.76,-26.38,8.12,-43.31,8.43,-1.57,9.68,1.43,-0.27,0.56,-6.17,-3.68,6.48,-0.67,-0.14,1.38,5.31,-3.76,9.85,1.06,-0.72,0.92,0.01,-2.30,10.71,0.45,-0.47,1.38,3.80,9.76,-1.90,0.98,1.12,0.19
65.753971,8.33,1.74,5.83,0.97,0.99,0.76,-24.88,7.12,-44.94,7.62,-1.84,9.38,1.30,-0.01,0.56,-6.99,-3.74,6.70,-0.73,0.05,1.22,4.40,-3.48,10.05,1.03,-0.46,0.90,-1.01,-1.81,10.90,0.46,-0.24,1.33,3.86,10.26,-2.33,0.97,0.98,-0.01
65.753982,8.63,0.48,5.72,0.69,0.73,0.87,-24.88,7.12,-44.94,6.76,-2.24,8.83,1.24,-0.03,0.64,-7.57,-3.62,6.79,-0.80,0.00,1.15,3.56,-3.49,9.85,0.94,-0.46,0.95,-1.74,-1.66,10.78,0.36,-0.24,1.35,3.81,10.42,-2.67,0.90,1.05,-0.04
65.753993,8.79,0.59,6.18,0.98,0.71,0.79,-24.88,7.12,-44.94,6.57,-1.83,9.49,1.24,-0.07,0.67,-7.58,-3.85,6.18,-0.83,-0.04,1.14,3.44,-3.22,10.12,0.92,-0.47,0.98,-1.98,-1.52,10.70,0.33,-0.25,1.36,3.26,10.39,-2.93,0.87,1.08,-0.05
65.754006,8.59,0.70,6.48,0.95,0.74,0.81,-24.88,7.12,-44.94,6.30,-1.44,9.88,1.18,-0.04,0.66,-7.95,-3.95,5.97,-0.83,-0.03,1.09,3.17,-2.64,10.56,0.88,-0.42,0.95,-2.44,-0.93,10.94,0.30,-0.21,1.31,3.14,10.56,-3.30,0.82,1.05,-0.07
65.754018,8.10,0.59,6.48,0.95,0.74,0.81,-25.50,8.62,-43.38,6.11,-1.38,9.63,1.09,-0.08,0.68,-8.24,-3.73,6.08,-0.82,-0.10,1.02,3.09,-2.38,10.52,0.77,-0.42,0.95,-2.52,-0.62,10.99,0.20,-0.23,1.25,3.34,10.57,-3.52,0.71,1.06,-0.07
65.754028,7.83,0.32,6.33,0.95,0.74,0.81,-25.50,8.69,-43.75,6.21,-1.33,9.48,1.03,-0.16,0.73,-8.01,-3.52,5.92,-0.83,-0.20,0.95,3.28,-2.48,10.22,0.68,-0.46,0.98,-2.14,-0.77,10.73,0.10,-0.26,1.22,3.33,10.23,-3.47,0.62,1.09,-0.05
65.754039,7.91,1.05,6.83,0.88,0.47,0.69,-25.19,7.38,-43.88,6.21,-0.96,9.57,0.98,-0.14,0.72,-7.58,-3.26,5.54,-0.80,-0.18,0.91,3.34,-2.37,9.98,0.65,-0.42,0.95,-1.87,-0.91,10.26,0.10,-0.24,1.19,3.27,9.71,-3.47,0.60,1.04,-0.08
65.754049,7.52,1.01,6.91,0.88,0.47,0.69,-25.19,7.38,-43.88,6.37,-0.76,9.44,0.95,-0.07,0.67,-7.55,-2.94,5.48,-0.79,-0.11,0.88,3.66,-2.21,9.81,0.66,-0.35,0.90,-1.55,-0.61,10.30,0.14,-0.18,1.16,3.43,9.51,-3.63,0.62,0.98,-0.11
65.75644,7.18,0.93,6.83,0.73,0.51,0.72,-25.19,7.38,-43.88,6.21,-0.40,9.52,0.94,0.03,0.68,-7.61,-2.84,5.43,-0.79,-0.04,0.82,3.78,-1.90,9.97,0.66,-0.27,0.88,-1.52,-0.29,10.45,0.14,-0.09,1.11,3.48,9.46,-3.78,0.61,0.90,-0.17
65.75646,7.10,0.93,6.87,0.64,0.47,0.75,-25.19,7.38,-43.88,6.17,-0.36,9.65,0.86,0.12,0.63,-7.66,-2.89,5.20,-0.79,0.04,0.74,3.58,-1.74,10.10,0.63,-0.16,0.83,-1.71,-0.23,10.38,0.15,-0.00,1.05,3.24,9.47,-3.91,0.60,0.82,-0.24
65.756473,7.61,0.48,7.21,0.39,0.41,0.79,-25.19,7.38,-43.88,5.90,-0.38,10.10,0.77,0.21,0.58,-8.06,-3.18,5.15,-0.78,0.15,0.65,3.16,-1.70,10.47,0.61,-0.03,0.77,-2.21,-0.20,10.50,0.17,0.10,0.97,3.06,9.86,-4.09,0.58,0.71,-0.32
65.756485,7.95,0.13,7.21,0.39,0.41,0.79,-25.81,8.62,-43.38,5.68,-0.70,10.16,0.69,0.22,0.54,-8.64,-3.48,5.43,-0.75,0.16,0.57,2.90,-1.83,10.79,0.54,0.01,0.72,-2.72,-0.11,10.95,0.14,0.12,0.91,3.07,10.47,-4.23,0.52,0.65,-0.34
65.756499,8.21,-0.10,7.21,0.43,0.27,0.68,-25.81,8.62,-43.38,5.96,-0.73,10.60,0.63,0.18,0.52,-8.79,-3.54,5.48,-0.74,0.14,0.49,3.09,-1.94,11.16,0.48,0.02,0.69,-2.64,-0.15,11.32,0.08,0.13,0.85,3.07,10.63,-4.30,0.46,0.63,-0.36
65.7603,8.41,0.17,7.52,0.43,0.27,0.68,-26.12,8.88,-42.69,6.57,-0.51,11.55,0.54,0.27,0.49,-8.85,-3.70,5.32,-0.76,0.22,0.39,3.63,-2.03,11.75,0.43,0.15,0.65,-2.41,-0.24,11.69,0.06,0.26,0.77,2.95,10.85,-4.37,0.43,0.54,-0.47
65.779204,8.41,0.17,7.52,-0.02,0.14,0.87,-26.12,7.94,-42.62,6.99,-0.64,12.30,0.39,0.50,0.44,-9.24,-4.17,5.47,-0.80,0.40,0.22,3.84,-2.21,12.47,0.40,0.41,0.60,-2.57,-0.38,12.31,0.07,0.52,0.67,2.86,11.52,-4.43,0.40,0.36,-0.67
65.806761,9.86,0.09,8.44,-0.30,-0.01,1.00,-26.12,7.94,-42.62,7.09,-1.01,12.55,0.21,0.77,0.40,-9.87,-4.43,5.88,-0.87,0.61,-0.03,3.74,-2.44,12.96,0.33,0.73,0.54,-2.96,-0.42,12.86,0.07,0.80,0.56,3.00,12.20,-4.59,0.34,0.18,-0.92
65.823376,9.90,-0.14,8.71,-0.41,-0.12,1.08,-26.12,7.94,-42.62,7.08,-0.93,12.79,0.13,0.89,0.39,-10.13,-4.54,5.87,-0.95,0.70,-0.17,3.66,-2.28,13.27,0.29,0.90,0.53,-3.27,-0.16,13.14,0.04,0.96,0.48,2.91,12.47,-4.79,0.27,0.09,-1.06
65.845958,9.44,-0.25,8.90,-0.53,-0.24,1.13,-26.12,7.94,-42.62,6.94,-0.42,13.29,-0.03,1.05,0.40,-10.63,-4.57,5.64,-1.01,0.80,-0.37,3.44,-1.71,13.70,0.18,1.11,0.52,-3.57,0.34,13.24,-0.04,1.16,0.36,2.76,12.55,-5.24,0.17,-0.05,-1.23
66.264018,8.71,-0.83,8.71,-0.80,-0.64,1.13,-28.19,14.25,-44.31,6.49,-0.23,13.10,-0.26,1.18,0.46,-10.76,-4.49,5.40,-1.02,0.83,-0.60,3.07,-1.41,13.49,0.02,1.29,0.51,-3.86,0.64,12.94,-0.17,1.34,0.23,2.60,12.41,-5.45,0.02,-0.15,-1.36
66.264045,8.60,-1.13,8.55,-0.80,-0.64,1.13,-28.69,17.12,-44.81,5.82,-0.26,12.69,-0.43,1.23,0.51,-10.63,-4.36,5.00,-1.04,0.82,-0.76,2.50,-1.25,13.11,-0.13,1.40,0.50,-4.15,0.70,12.40,-0.28,1.43,0.13,2.30,12.04,-5.55,-0.11,-0.20,-1.43
66.264059,8.55,-1.52,8.44,-0.82,-0.76,1.09,-28.69,17.12,-44.81,5.13,-0.12,12.55,-0.55,1.24,0.52,-10.50,-4.44,4.39,-1.01,0.81,-0.88,1.86,-0.98,12.77,-0.24,1.46,0.47,-4.60,0.80,11.80,-0.36,1.48,0.05,1.75,11.74,-5.69,-0.20,-0.26,-1.46
66.264071,8.06,-1.98,8.24,-0.82,-0.80,1.03,-30.50,20.19,-44.31,4.53,0.07,12.50,-0.70,1.26,0.46,-10.48,-4.55,3.84,-0.94,0.81,-1.01,1.44,-0.61,12.67,-0.38,1.52,0.37,-4.94,1.07,11.31,-0.45,1.53,-0.11,1.31,11.55,-5.87,-0.31,-0.36,-1.48
66.264082,7.64,-2.25,8.10,-0.82,-0.80,1.03,-31.62,22.50,-44.69,4.32,0.18,12.39,-0.86,1.26,0.45,-10.44,-4.38,3.59,-0.92,0.78,-1.16,1.38,-0.35,12.50,-0.51,1.58,0.33,-4.91,1.42,11.23,-0.53,1.55,-0.21,1.26,11.29,-6.02,-0.45,-0.43,-1.53
66.264102,7.29,-2.51,7.78,-0.82,-0.80,1.03,-31.62,22.50,-44.69,3.92,0.10,11.98,-1.03,1.24,0.49,-10.08,-4.35,3.19,-0.89,0.73,-1.36,1.00,-0.37,11.91,-0.67,1.63,0.33,-4.96,1.30,10.57,-0.64,1.56,-0.31,0.86,10.82,-5.87,-0.62,-0.48,-1.57
66.264113,7.48,-2.63,7.33,-1.06,-1.31,0.80,-31.62,22.50,-44.69,3.24,0.04,11.68,-1.17,1.27,0.46,-9.43,-4.49,2.46,-0.84,0.74,-1.50,0.32,-0.42,11.30,-0.76,1.70,0.26,-5.19,0.95,9.56,-0.67,1.61,-0.43,0.20,10.21,-5.61,-0.71,-0.58,-1.59
66.264126,7.41,-2.78,7.14,-1.06,-1.31,0.80,-32.88,27.25,-41.56,2.60,-0.13,11.07,-1.26,1.31,0.37,-9.13,-4.50,2.13,-0.76,0.75,-1.56,-0.23,-0.40,10.72,-0.80,1.73,0.17,-5.47,0.91,8.95,-0.66,1.63,-0.55,-0.09,9.86,-5.49,-0.75,-0.67,-1.56
66.26414,7.06,-3.20,6.68,-1.06,-1.31,0.80,-33.75,27.00,-42.56,2.00,-0.40,10.24,-1.30,1.26,0.30,-8.82,-4.50,2.04,-0.66,0.69,-1.58,-0.77,-0.37,10.13,-0.86,1.69,0.07,-5.70,0.90,8.45,-0.67,1.57,-0.64,-0.22,9.56,-5.28,-0.81,-0.71,-1.46
66.264153,6.53,-3.24,5.64,-1.06,-1.31,0.80,-33.75,27.00,-42.56,1.54,-0.63,9.54,-1.32,1.13,0.23,-8.20,-4.50,1.77,-0.54,0.59,-1.60,-1.11,-0.54,9.33,-0.92,1.57,-0.02,-5.59,0.61,7.64,-0.69,1.43,-0.73,-0.51,8.98,-4.88,-0.88,-0.73,-1.31
66.264177,6.34,-3.09,5.22,-1.06,-1.31,0.80,-34.69,27.81,-40.19,1.19,-0.82,9.08,-1.33,1.04,0.13,-7.32,-4.58,1.31,-0.41,0.53,-1.59,-1.38,-0.72,8.67,-0.94,1.49,-0.12,-5.44,0.21,6.80,-0.66,1.33,-0.83,-0.94,8.30,-4.37,-0.92,-0.78,-1.18
66.264189,6.26,-2.97,4.72,-1.06,-1.31,0.80,-34.69,29.00,-39.31,0.91,-1.25,8.39,-1.32,0.99,0.01,-6.51,-4.51,0.99,-0.27,0.52,-1.56,-1.59,-1.09,7.86,-0.94,1.43,-0.25,-5.16,-0.23,6.10,-0.60,1.26,-0.91,-1.16,7.66,-3.90,-0.90,-0.84,-1.07
66.264201,6.14,-3.24,3.80,-1.06,-1.31,0.80,-35.25,30.31,-39.19,0.67,-1.63,7.89,-1.27,0.95,-0.11,-5.87,-4.55,0.75,-0.16,0.54,-1.48,-1.75,-1.46,7.22,-0.88,1.38,-0.34,-5.01,-0.63,5.45,-0.51,1.19,-0.94,-1.39,7.24,-3.45,-0.83,-0.89,-0.97
66.266406,6.03,-3.16,3.04,-1.19,-0.96,0.08,-35.25,30.31,-39.19,0.39,-2.04,7.38,-1.20,0.88,-0.25,-5.37,-4.77,0.69,-0.03,0.56,-1.39,-2.09,-1.72,6.73,-0.81,1.28,-0.46,-5.19,-0.92,4.99,-0.39,1.08,-0.98,-1.62,7.03,-3.00,-0.76,-0.94,-0.84
66.266426,5.95,-3.20,2.81,-1.19,-0.96,0.08,-35.88,30.56,-38.12,0.28,-2.36,7.07,-1.15,0.82,-0.35,-5.01,-4.88,0.66,0.07,0.55,-1.32,-2.25,-1.96,6.42,-0.75,1.19,-0.54,-5.18,-1.18,4.71,-0.32,0.98,-1.02,-1.77,6.85,-2.70,-0.72,-0.96,-0.73
66.26644,6.11,-3.32,2.65,-1.16,-0.78,-0.09,-35.88,30.56,-38.12,0.13,-2.74,6.73,-1.07,0.75,-0.44,-4.67,-4.92,0.58,0.15,0.52,-1.23,-2.44,-2.23,6.09,-0.69,1.08,-0.61,-5.13,-1.45,4.44,-0.24,0.88,-1.04,-1.87,6.65,-2.44,-0.66,-0.96,-0.60
66.266452,6.10,-3.39,2.43,-1.12,-0.67,-0.17,-35.88,30.56,-38.12,-0.03,-2.96,6.61,-0.98,0.66,-0.52,-4.46,-5.12,0.53,0.24,0.52,-1.12,-2.64,-2.42,5.94,-0.60,0.95,-0.66,-5.16,-1.65,4.27,-0.15,0.74,-1.04,-2.05,6.65,-2.21,-0.59,-0.96,-0.48
66.266463,6.30,-3.43,2.27,-1.06,-0.53,-0.24,-36.75,33.00,-35.75,-0.02,-3.19,6.69,-0.88,0.54,-0.61,-4.47,-5.38,0.63,0.34,0.49,-1.00,-2.70,-2.59,6.06,-0.54,0.79,-0.73,-5.40,-1.75,4.45,-0.07,0.61,-1.02,-2.15,6.87,-2.07,-0.53,-0.96,-0.33
66.266474,6.50,-3.36,2.27,-1.06,-0.53,-0.24,-37.31,33.50,-35.81,0.05,-3.22,7.00,-0.83,0.46,-0.68,-4.53,-5.65,0.71,0.44,0.45,-0.91,-2.74,-2.62,6.38,-0.50,0.69,-0.80,-5.50,-1.85,4.57,-0.02,0.51,-1.04,-2.22,7.07,-1.98,-0.50,-0.96,-0.21
66.279043,6.64,-3.16,2.35,-1.06,-0.53,-0.24,-36.44,30.38,-35.62,0.10,-3.19,7.16,-0.80,0.39,-0.76,-4.59,-5.85,0.71,0.54,0.43,-0.87,-2.75,-2.61,6.53,-0.48,0.61,-0.87,-5.59,-1.84,4.68,0.03,0.43,-1.09,-2.27,7.21,-1.96,-0.49,-1.00,-0.11
66.305426,6.53,-3.36,2.00,-0.99,-0.28,-0.64,-36.44,30.38,-35.62,0.05,-3.39,6.87,-0.77,0.27,-0.86,-4.59,-5.81,0.84,0.69,0.37,-0.83,-2.80,-2.73,6.36,-0.48,0.47,-0.96,-5.52,-1.92,4.64,0.08,0.28,-1.14,-2.18,7.21,-1.87,-0.50,-1.03,0.04
66.322465,6.53,-3.36,2.00,-0.89,-0.24,-0.77,-36.75,31.88,-34.44,0.02,-3.51,6.84,-0.74,0.17,-0.91,-4.45,-5.90,0.90,0.78,0.32,-0.79,-2.88,-2.87,6.31,-0.47,0.36,-1.01,-5.64,-2.12,4.53,0.11,0.17,-1.16,-2.23,7.22,-1.70,-0.50,-1.03,0.15
66.344963,6.95,-2.93,1.89,-0.89,-0.24,-0.77,-36.75,31.88,-34.44,0.19,-3.56,6.97,-0.71,0.06,-1.01,-4.31,-6.11,1.01,0.90,0.27,-0.73,-2.76,-3.00,6.38,-0.45,0.23,-1.11,-5.63,-2.24,4.67,0.16,0.03,-1.22,-2.25,7.33,-1.48,-0.50,-1.05,0.29
66.771254,6.88,-2.74,1.73,-0.85,-0.11,-1.01,-36.75,31.88,-34.44,0.41,-3.76,6.60,-0.71,-0.05,-1.08,-4.37,-6.05,1.53,1.02,0.17,-0.70,-2.60,-3.09,6.31,-0.47,0.10,-1.19,-5.50,-2.22,4.81,0.16,-0.11,-1.29,-1.84,7.47,-1.30,-0.54,-1.05,0.45
66.773744,6.76,-2.63,0.82,-0.79,-0.13,-1.15,-36.75,31.88,-34.44,0.59,-4.38,5.64,-0.67,-0.27,-1.09,-4.13,-5.85,2.19,1.12,-0.05,-0.63,-2.46,-3.62,5.66,-0.52,-0.15,-1.19,-5.05,-2.68,4.61,0.12,-0.37,-1.29,-1.32,7.35,-0.78,-0.62,-0.94,0.67
66.773774,7.18,-1.98,0.47,-0.46,-0.16,-1.34,-36.75,31.88,-34.44,1.05,-4.97,5.00,-0.57,-0.53,-1.09,-3.07,-5.77,2.32,1.20,-0.27,-0.50,-2.00,-4.49,4.93,-0.53,-0.41,-1.18,-4.16,-3.64,4.21,0.11,-0.61,-1.23,-1.22,6.79,0.11,-0.62,-0.80,0.88
66.773787,7.71,-1.25,0.43,-0.21,-0.05,-1.45,-36.75,31.88,-34.44,1.89,-5.04,5.48,-0.43,-0.59,-1.16,-1.92,-6.03,1.94,1.24,-0.23,-0.36,-1.21,-5.26,4.66,-0.40,-0.49,-1.21,-3.24,-4.65,3.78,0.22,-0.66,-1.19,-1.56,6.34,0.81,-0.48,-0.80,0.94
66.773799,8.06,-0.14,1.08,-0.32,0.23,-1.34,-36.19,23.06,-35.75,2.35,-4.77,6.07,-0.33,-0.38,-1.34,-1.89,-6.26,2.15,1.32,0.07,-0.25,-0.95,-5.20,5.19,-0.17,-0.35,-1.36,-3.25,-4.64,4.26,0.49,-0.51,-1.22,-1.37,6.70,0.89,-0.24,-1.01,0.89
66.773811,7.95,-0.79,0.85,-0.90,0.56,-1.21,-36.19,23.06,-35.75,2.52,-5.29,5.60,-0.26,-0.29,-1.44,-2.83,-6.17,3.42,1.38,0.20,-0.19,-0.92,-5.34,5.51,-0.06,-0.33,-1.42,-3.58,-4.41,5.09,0.61,-0.52,-1.21,-0.47,7.61,0.78,-0.15,-1.08,0.92
66.773821,8.29,-1.21,0.55,-0.90,0.56,-1.21,-35.94,22.94,-35.00,3.01,-6.19,4.91,-0.15,-0.49,-1.42,-3.38,-6.05,4.91,1.41,0.02,-0.05,-0.66,-5.99,5.62,-0.06,-0.55,-1.38,-3.45,-4.76,5.86,0.59,-0.76,-1.12,0.61,8.38,1.12,-0.15,-0.89,1.10
66.773903,9.94,0.05,0.82,0.09,0.59,-1.44,-34.44,24.19,-34.56,4.45,-6.64,5.46,0.04,-0.75,-1.30,-2.79,-6.22,5.26,1.35,-0.20,0.16,0.67,-7.19,5.64,-0.01,-0.82,-1.24,-2.12,-5.83,6.33,0.56,-1.00,-0.93,0.75,8.41,1.80,-0.09,-0.62,1.25
66.773917,10.51,0.97,1.50,0.09,0.59,-1.44,-34.75,18.69,-36.06,5.43,-6.25,6.85,0.18,-0.67,-1.28,-2.46,-6.65,5.14,1.27,-0.08,0.28,1.40,-7.34,6.50,0.16,-0.78,-1.18,-1.72,-6.18,6.89,0.67,-0.91,-0.81,0.58,8.65,2.03,0.09,-0.62,1.17
66.773929,10.40,1.32,1.85,0.09,0.59,-1.44,-34.12,19.25,-36.50,5.87,-6.14,7.49,0.22,-0.46,-1.29,-3.22,-6.88,5.63,1.20,0.15,0.31,1.71,-7.17,7.43,0.28,-0.61,-1.17,-2.02,-5.82,7.84,0.77,-0.72,-0.76,0.91,9.51,1.68,0.22,-0.71,1.02
66.77394,10.55,0.51,2.23,-0.52,0.83,-0.86,-34.12,19.25,-36.50,5.87,-6.21,7.71,0.22,-0.33,-1.24,-4.55,-6.98,6.71,1.12,0.22,0.30,1.47,-6.96,8.32,0.32,-0.51,-1.10,-2.76,-5.38,8.95,0.77,-0.62,-0.71,1.57,10.65,1.24,0.24,-0.70,0.93
66.773951,10.74,0.51,2.46,-0.33,0.72,-0.91,-34.12,19.25,-36.50,6.15,-6.26,7.87,0.24,-0.42,-1.15,-5.06,-6.96,7.30,1.08,0.10,0.32,1.75,-7.06,8.65,0.27,-0.58,-1.02,-2.74,-5.37,9.46,0.69,-0.69,-0.66,2.01,11.12,1.14,0.20,-0.58,0.96
66.773963,10.93,0.67,2.65,-0.33,0.72,-0.91,-32.31,18.38,-38.56,6.79,-6.34,7.83,0.25,-0.53,-1.02,-5.15,-6.66,7.84,1.00,-0.06,0.35,2.41,-7.26,8.74,0.21,-0.67,-0.91,-2.11,-5.42,9.89,0.57,-0.77,-0.57,2.61,11.23,1.21,0.13,-0.42,0.99
66.773973,10.82,1.01,2.65,-0.33,0.72,-0.91,-32.00,16.88,-40.06,7.29,-6.41,7.52,0.27,-0.63,-0.85,-4.99,-6.41,8.29,0.89,-0.23,0.37,2.94,-7.45,8.57,0.16,-0.77,-0.74,-1.60,-5.55,10.01,0.45,-0.84,-0.44,3.10,11.16,1.44,0.06,-0.23,0.99
66.775905,10.47,1.97,2.23,-0.33,0.72,-0.91,-32.00,16.88,-40.06,7.71,-6.63,6.89,0.31,-0.75,-0.65,-4.46,-6.04,8.55,0.75,-0.41,0.42,3.46,-7.89,7.96,0.10,-0.88,-0.53,-0.83,-5.98,9.82,0.31,-0.92,-0.28,3.47,10.69,1.86,0.00,-0.00,0.99
66.775923,10.82,2.54,2.16,0.53,0.40,-0.79,-32.00,16.88,-40.06,8.16,-6.57,6.98,0.40,-0.76,-0.47,-3.60,-5.94,8.22,0.58,-0.46,0.49,3.90,-8.23,7.65,0.15,-0.90,-0.35,-0.16,-6.57,9.35,0.26,-0.90,-0.11,3.31,10.13,2.27,0.06,0.15,0.91
66.775936,10.86,2.93,2.35,0.59,0.48,-0.56,-32.00,16.88,-40.06,8.38,-6.37,7.32,0.47,-0.59,-0.39,-3.22,-6.07,7.88,0.43,-0.29,0.53,4.11,-8.26,7.66,0.26,-0.74,-0.24,0.06,-6.70,9.25,0.31,-0.72,0.02,3.06,9.95,2.37,0.19,0.16,0.72
66.775947,10.71,2.70,2.46,0.34,0.59,-0.29,-32.00,16.88,-40.06,8.26,-6.32,7.32,0.52,-0.37,-0.32,-3.56,-5.94,7.97,0.29,-0.11,0.55,3.98,-8.04,7.84,0.37,-0.56,-0.15,-0.16,-6.42,9.46,0.38,-0.52,0.14,3.20,10.14,2.08,0.31,0.15,0.54
66.775964,10.59,2.08,2.58,0.19,0.62,-0.08,-32.00,16.88,-40.06,8.04,-6.19,7.57,0.58,-0.23,-0.23,-4.14,-5.88,8.00,0.13,-0.01,0.59,3.79,-7.75,8.22,0.46,-0.45,-0.04,-0.52,-6.00,9.79,0.41,-0.39,0.26,3.20,10.43,1.62,0.41,0.21,0.40
66.775974,10.67,1.62,2.88,0.19,0.62,-0.08,-29.38,13.31,-40.56,7.81,-5.66,8.34,0.62,-0.11,-0.11,-4.87,-6.08,7.79,-0.03,0.07,0.60,3.65,-7.13,9.00,0.50,-0.34,0.09,-1.10,-5.36,10.24,0.38,-0.26,0.36,2.95,10.90,0.99,0.47,0.26,0.25
66.797668,10.29,0.89,3.54,0.24,0.46,0.28,-29.38,13.31,-40.56,7.20,-5.30,8.70,0.57,-0.03,0.02,-5.64,-6.30,7.63,-0.16,0.09,0.53,3.05,-6.55,9.50,0.46,-0.25,0.21,-1.99,-4.76,10.47,0.30,-0.16,0.43,2.71,11.32,0.45,0.43,0.31,0.11
66.814913,10.36,0.67,3.42,0.33,0.34,0.26,-29.38,13.31,-40.56,6.75,-5.33,8.52,0.54,-0.06,0.10,-5.83,-6.24,7.57,-0.21,0.03,0.50,2.52,-6.43,9.36,0.41,-0.26,0.29,-2.32,-4.70,10.28,0.22,-0.18,0.47,2.67,11.30,0.30,0.37,0.37,0.10
66.835829,10.47,0.59,3.30,0.53,0.33,0.22,-29.38,13.31,-40.56,6.54,-5.47,8.25,0.56,-0.15,0.19,-5.67,-6.04,7.35,-0.27,-0.09,0.54,2.37,-6.55,9.00,0.38,-0.34,0.37,-2.28,-4.84,9.94,0.16,-0.24,0.55,2.58,10.97,0.28,0.35,0.50,0.14
66.859721,10.24,0.82,3.69,0.64,0.41,0.28,-29.94,11.81,-39.94,6.69,-5.20,8.52,0.63,-0.17,0.27,-5.44,-5.96,6.85,-0.35,-0.12,0.62,2.64,-6.40,9.00,0.42,-0.36,0.45,-2.03,-4.73,9.80,0.15,-0.25,0.65,2.32,10.67,0.13,0.39,0.60,0.12
67.28632,10.24,0.82,3.69,0.57,0.44,0.41,-29.06,11.50,-40.62,6.61,-4.81,8.82,0.65,-0.09,0.33,-5.60,-5.91,6.59,-0.44,-0.07,0.62,2.63,-5.99,9.26,0.45,-0.29,0.52,-2.10,-4.26,9.90,0.14,-0.17,0.70,2.20,10.64,-0.14,0.43,0.62,0.03
67.2869,9.56,0.55,3.73,0.57,0.44,0.41,-29.06,11.50,-40.62,6.29,-4.68,8.67,0.63,-0.03,0.40,-5.80,-5.84,6.43,-0.52,-0.06,0.59,2.41,-5.72,9.17,0.44,-0.23,0.60,-2.29,-4.00,9.76,0.10,-0.11,0.75,2.12,10.59,-0.40,0.42,0.65,-0.06
67.286921,9.52,0.25,3.54,0.57,0.44,0.41,-29.62,13.06,-41.25,5.92,-4.63,8.37,0.64,-0.04,0.48,-5.76,-5.64,6.31,-0.59,-0.09,0.60,2.10,-5.57,8.90,0.43,-0.24,0.67,-2.42,-3.95,9.41,0.06,-0.10,0.82,2.11,10.36,-0.48,0.41,0.72,-0.09
67.286934,9.32,0.32,3.65,0.65,0.30,0.57,-29.62,13.06,-41.25,5.89,-4.35,8.47,0.66,-0.05,0.54,-5.69,-5.51,6.09,-0.65,-0.12,0.63,2.21,-5.31,8.94,0.43,-0.25,0.73,-2.33,-3.69,9.44,0.03,-0.10,0.88,2.03,10.18,-0.62,0.41,0.80,-0.11
67.286948,8.98,0.51,3.80,0.70,0.30,0.61,-29.62,13.06,-41.25,5.89,-3.93,8.75,0.63,-0.03,0.60,-5.82,-5.49,5.93,-0.72,-0.13,0.61,2.30,-4.90,9.18,0.39,-0.20,0.78,-2.34,-3.29,9.52,-0.03,-0.05,0.90,1.97,10.16,-0.85,0.38,0.82,-0.16
67.286964,8.71,0.51,3.88,0.64,0.20,0.66,-29.62,13.06,-41.25,5.73,-3.81,8.66,0.55,-0.00,0.67,-5.95,-5.42,5.87,-0.78,-0.15,0.53,2.19,-4.66,9.14,0.33,-0.15,0.84,-2.48,-3.04,9.52,-0.11,-0.01,0.90,1.98,10.14,-1.00,0.30,0.84,-0.23
67.286983,8.68,0.05,3.61,0.64,0.20,0.66,-29.94,11.62,-41.00,5.36,-3.96,8.14,0.50,-0.05,0.77,-5.91,-5.26,5.85,-0.83,-0.24,0.47,1.82,-4.68,8.74,0.24,-0.18,0.92,-2.62,-3.11,9.14,-0.21,-0.03,0.93,2.01,9.95,-0.97,0.22,0.90,-0.26
67.287072,8.75,-0.02,3.42,0.64,0.20,0.66,-29.94,11.62,-41.00,5.20,-4.15,7.67,0.52,-0.15,0.84,-5.72,-5.01,5.84,-0.86,-0.34,0.50,1.72,-4.87,8.26,0.21,-0.27,0.99,-2.52,-3.29,8.78,-0.26,-0.12,1.01,2.09,9.65,-0.88,0.19,1.02,-0.22
67.287086,8.79,-0.06,3.34,0.95,0.01,0.63,-29.94,11.62,-41.00,5.26,-4.17,7.51,0.59,-0.26,0.91,-5.42,-4.84,5.67,-0.91,-0.46,0.59,1.81,-4.95,8.03,0.21,-0.38,1.07,-2.28,-3.39,8.52,-0.29,-0.20,1.11,2.04,9.32,-0.80,0.19,1.16,-0.15
67.2871,8.71,0.13,3.30,1.13,0.07,0.64,-29.94,11.62,-41.00,5.35,-4.01,7.61,0.65,-0.29,0.97,-5.24,-4.85,5.42,-0.96,-0.52,0.67,1.92,-4.87,7.99,0.25,-0.43,1.14,-2.18,-3.30,8.49,-0.30,-0.23,1.20,1.88,9.19,-0.83,0.23,1.25,-0.13
67.287111,8.48,0.17,3.46,1.17,0.14,0.76,-31.44,13.62,-38.06,5.19,-3.85,7.67,0.71,-0.29,1.03,-5.31,-4.96,5.24,-1.01,-0.53,0.73,1.75,-4.66,8.04,0.29,-0.46,1.22,-2.32,-3.22,8.38,-0.31,-0.24,1.27,1.75,9.21,-0.92,0.26,1.31,-0.14
67.28712,8.56,0.05,3.46,1.21,0.16,0.76,-31.44,13.62,-38.06,5.03,-3.86,7.56,0.76,-0.33,1.06,-5.40,-4.94,5.25,-1.04,-0.55,0.78,1.64,-4.59,8.02,0.32,-0.51,1.25,-2.51,-3.17,8.36,-0.31,-0.28,1.32,1.74,9.24,-0.98,0.28,1.37,-0.12
67.287129,8.56,0.02,3.54,1.21,0.16,0.76,-31.44,13.62,-38.06,4.99,-3.77,7.57,0.82,-0.39,1.08,-5.50,-4.87,5.29,-1.04,-0.60,0.85,1.61,-4.55,8.03,0.35,-0.59,1.29,-2.51,-3.12,8.37,-0.30,-0.35,1.39,1.82,9.25,-1.06,0.31,1.43,-0.06
67.287138,8.48,0.17,3.69,1.39,0.24,0.72,-31.44,13.62,-38.06,5.15,-3.63,7.68,0.88,-0.46,1.11,-5.61,-4.79,5.37,-1.05,-0.66,0.93,1.79,-4.46,8.17,0.37,-0.67,1.33,-2.35,-3.03,8.49,-0.29,-0.42,1.47,1.94,9.33,-1.17,0.33,1.52,-0.00
67.289183,8.48,0.32,3.73,1.47,0.25,0.72,-31.44,13.62,-38.06,5.26,-3.54,7.75,0.91,-0.52,1.15,-5.72,-4.78,5.44,-1.07,-0.73,0.99,1.90,-4.39,8.27,0.37,-0.73,1.36,-2.20,-3.02,8.52,-0.28,-0.47,1.55,2.02,9.42,-1.21,0.33,1.59,0.04
67.289209,8.52,0.44,3.77,1.54,0.26,0.70,-31.44,13.62,-38.06,5.49,-3.51,7.74,0.94,-0.57,1.18,-5.66,-4.71,5.46,-1.08,-0.77,1.04,2.12,-4.46,8.26,0.39,-0.79,1.39,-2.32,-2.86,8.86,-0.28,-0.51,1.60,2.11,9.38,-1.21,0.34,1.65,0.06
67.289223,8.60,0.59,3.92,1.54,0.26,0.70,-31.81,12.62,-35.81,5.66,-3.36,7.91,0.98,-0.58,1.19,-5.77,-4.66,5.53,-1.10,-0.78,1.07,2.30,-4.39,8.44,0.41,-0.83,1.42,-2.22,-2.80,9.01,-0.30,-0.54,1.61,2.22,9.47,-1.30,0.37,1.68,0.06
67.289236,8.67,0.63,4.34,1.54,0.26,0.70,-31.81,11.44,-34.50,5.84,-3.17,8.18,1.00,-0.59,1.21,-6.06,-4.62,5.66,-1.12,-0.79,1.10,2.49,-4.24,8.71,0.42,-0.84,1.44,-2.02,-2.68,9.21,-0.31,-0.55,1.65,2.38,9.67,-1.49,0.38,1.71,0.06
67.289247,8.59,0.63,4.49,1.60,0.30,0.76,-31.81,11.44,-34.50,5.99,-3.02,8.35,1.00,-0.60,1.24,-6.28,-4.55,5.82,-1.14,-0.82,1.11,2.65,-4.12,8.94,0.41,-0.85,1.47,-2.24,-2.41,9.61,-0.33,-0.55,1.67,2.53,9.82,-1.62,0.37,1.74,0.06
67.289259,8.64,0.63,4.57,1.62,0.27,0.76,-31.81,11.44,-34.50,6.10,-2.95,8.36,1.00,-0.62,1.27,-6.43,-4.48,5.91,-1.16,-0.85,1.11,2.75,-4.07,9.05,0.39,-0.86,1.50,-2.23,-2.34,9.73,-0.38,-0.57,1.66,2.65,9.89,-1.71,0.35,1.77,0.05
67.308901,8.63,0.67,4.64,1.62,0.27,0.76,-32.69,10.62,-33.25,6.24,-2.88,8.46,1.01,-0.64,1.29,-6.45,-4.45,5.90,-1.18,-0.87,1.10,2.92,-4.08,9.11,0.39,-0.87,1.53,-2.01,-2.40,9.75,-0.41,-0.58,1.66,2.69,9.88,-1.76,0.34,1.79,0.05
67.331118,8.79,0.82,4.88,1.63,0.23,0.82,-32.12,11.38,-32.38,6.43,-2.73,8.70,1.01,-0.61,1.31,-6.49,-4.36,5.93,-1.20,-0.85,1.10,3.09,-4.05,9.24,0.39,-0.84,1.55,-1.88,-2.38,9.82,-0.41,-0.54,1.68,2.78,9.90,-1.81,0.35,1.79,0.02
67.35226,8.75,0.82,4.95,1.62,0.23,0.86,-32.12,11.38,-32.38,6.41,-2.71,8.63,1.01,-0.58,1.33,-6.59,-4.28,5.99,-1.22,-0.83,1.10,3.02,-3.99,9.24,0.41,-0.81,1.58,-1.90,-2.32,9.83,-0.40,-0.53,1.70,2.87,9.93,-1.89,0.36,1.80,-0.00
67.37433,8.67,0.74,4.95,1.62,0.23,0.86,-33.62,10.38,-32.19,6.44,-2.64,8.62,1.03,-0.57,1.36,-6.59,-4.19,5.94,-1.25,-0.82,1.11,3.15,-3.96,9.23,0.42,-0.81,1.59,-1.79,-2.21,9.90,-0.40,-0.52,1.73,2.88,9.87,-1.97,0.38,1.82,-0.02
67.794155,8.56,0.82,5.18,1.63,0.25,0.91,-33.62,10.38,-32.19,6.43,-2.38,8.88,1.03,-0.52,1.37,-6.59,-4.22,5.68,-1.29,-0.77,1.09,3.16,-3.73,9.36,0.44,-0.75,1.60,-1.85,-2.05,9.85,-0.38,-0.45,1.75,2.68,9.81,-2.11,0.40,1.79,-0.09
67.794204,8.45,0.70,5.26,1.52,0.24,0.97,-33.62,10.38,-32.19,6.18,-2.21,9.04,1.01,-0.44,1.36,-6.70,-4.29,5.49,-1.30,-0.70,1.05,2.92,-3.51,9.45,0.45,-0.67,1.59,-2.20,-1.83,9.84,-0.37,-0.37,1.72,2.51,9.83,-2.28,0.41,1.73,-0.16
67.794221,8.41,0.55,5.30,1.52,0.24,0.97,-34.50,11.94,-31.00,5.94,-2.14,9.12,0.98,-0.38,1.33,-6.83,-4.27,5.33,-1.30,-0.65,1.01,2.69,-3.34,9.52,0.45,-0.61,1.57,-2.37,-1.68,9.82,-0.36,-0.33,1.67,2.39,9.81,-2.44,0.42,1.69,-0.19
67.794235,8.37,0.21,5.49,1.38,0.21,0.98,-34.81,13.00,-29.69,5.71,-2.00,9.31,0.95,-0.33,1.30,-6.98,-4.38,5.10,-1.29,-0.59,0.96,2.49,-3.12,9.63,0.45,-0.55,1.54,-2.62,-1.51,9.75,-0.34,-0.27,1.62,2.16,9.87,-2.62,0.41,1.63,-0.23
67.794248,8.29,0.09,5.53,1.30,0.19,0.97,-34.81,13.00,-29.69,5.45,-1.93,9.41,0.91,-0.28,1.27,-7.11,-4.46,4.93,-1.27,-0.54,0.92,2.26,-2.96,9.74,0.44,-0.50,1.49,-2.79,-1.40,9.71,-0.33,-0.23,1.57,1.98,9.91,-2.77,0.40,1.56,-0.25
67.794263,8.25,-0.18,5.49,1.23,0.16,0.95,-34.81,13.00,-29.69,5.25,-1.96,9.47,0.87,-0.25,1.23,-7.17,-4.50,4.78,-1.25,-0.50,0.86,2.05,-2.92,9.78,0.42,-0.46,1.45,-3.01,-1.30,9.68,-0.32,-0.20,1.52,1.85,9.90,-2.85,0.38,1.50,-0.28
67.794275,8.29,-0.33,5.49,1.23,0.16,0.95,-35.69,15.88,-30.25,5.14,-2.00,9.50,0.83,-0.22,1.21,-7.24,-4.53,4.65,-1.23,-0.47,0.81,1.97,-2.89,9.80,0.39,-0.42,1.42,-3.10,-1.22,9.65,-0.33,-0.16,1.48,1.73,9.91,-2.94,0.36,1.45,-0.30
67.7943,8.25,-0.52,5.53,1.23,0.16,0.95,-36.88,16.06,-29.19,4.74,-1.86,9.66,0.78,-0.19,1.17,-7.29,-4.65,4.47,-1.19,-0.44,0.76,1.56,-2.69,9.89,0.37,-0.38,1.37,-3.46,-1.17,9.46,-0.32,-0.13,1.42,1.47,9.92,-3.01,0.34,1.38,-0.31
67.794316,8.21,-0.56,5.53,1.09,0.11,0.87,-36.88,16.06,-29.19,4.42,-1.87,9.64,0.73,-0.19,1.10,-7.36,-4.73,4.35,-1.13,-0.43,0.72,1.28,-2.63,9.82,0.34,-0.36,1.30,-3.71,-1.10,9.35,-0.31,-0.14,1.34,1.33,9.94,-3.10,0.31,1.32,-0.28
67.794329,8.09,-0.79,5.49,1.03,0.09,0.80,-36.88,16.06,-29.19,4.27,-1.91,9.61,0.69,-0.21,1.04,-7.39,-4.78,4.21,-1.07,-0.44,0.68,1.13,-2.58,9.81,0.31,-0.37,1.23,-3.87,-1.03,9.30,-0.30,-0.16,1.27,1.20,9.93,-3.15,0.27,1.27,-0.24
67.794341,8.13,-0.91,5.49,1.03,0.09,0.80,-36.88,17.31,-26.56,4.20,-1.84,9.75,0.64,-0.22,0.98,-7.38,-4.89,4.06,-1.00,-0.44,0.64,1.08,-2.48,9.94,0.27,-0.37,1.15,-3.96,-0.95,9.31,-0.31,-0.17,1.18,1.04,9.94,-3.20,0.23,1.20,-0.21
67.794354,7.98,-0.94,5.41,0.89,0.02,0.58,-36.88,17.31,-26.56,4.07,-1.85,9.80,0.56,-0.23,0.91,-7.42,-4.96,4.05,-0.92,-0.43,0.56,0.94,-2.41,9.99,0.20,-0.35,1.06,-4.08,-0.91,9.31,-0.33,-0.17,1.06,0.99,9.96,-3.18,0.16,1.11,-0.19
67.794365,7.98,-0.94,5.41,0.89,0.02,0.58,-36.88,17.31,-26.56,3.95,-2.03,9.57,0.50,-0.26,0.87,-7.39,-4.96,4.11,-0.85,-0.46,0.51,0.79,-2.55,9.78,0.15,-0.36,1.01,-4.10,-1.06,9.16,-0.34,-0.20,0.99,0.99,9.93,-3.08,0.11,1.06,-0.15
67.794378,8.18,-0.94,5.11,0.92,-0.02,0.39,-36.88,17.31,-26.56,3.94,-2.28,9.28,0.47,-0.33,0.82,-7.14,-4.85,4.21,-0.77,-0.52,0.50,0.78,-2.83,9.48,0.11,-0.42,0.94,-3.93,-1.35,8.95,-0.35,-0.26,0.93,1.10,9.75,-2.85,0.07,1.04,-0.07
67.796892,8.25,-0.83,4.99,0.92,-0.02,0.39,-37.75,18.31,-27.44,4.09,-2.41,9.12,0.47,-0.37,0.76,-6.85,-4.85,4.19,-0.71,-0.54,0.51,0.96,-3.04,9.29,0.10,-0.46,0.89,-3.71,-1.59,8.79,-0.34,-0.30,0.88,1.11,9.60,-2.66,0.06,1.02,-0.00
67.796919,8.25,-0.33,5.07,0.87,0.08,0.32,-37.75,18.31,-27.44,4.36,-2.35,9.22,0.47,-0.36,0.68,-6.58,-4.86,4.16,-0.64,-0.49,0.50,1.26,-3.13,9.27,0.12,-0.45,0.80,-3.39,-1.74,8.77,-0.28,-0.31,0.82,1.12,9.48,-2.50,0.09,0.94,0.02
67.79693,8.25,-0.33,5.07,0.73,0.12,0.34,-37.50,20.06,-27.00,4.57,-2.31,9.25,0.46,-0.30,0.60,-6.53,-4.78,4.26,-0.59,-0.41,0.48,1.46,-3.18,9.25,0.15,-0.39,0.73,-3.22,-1.73,8.89,-0.21,-0.26,0.76,1.25,9.48,-2.48,0.11,0.85,0.01
67.796941,8.21,-0.21,5.26,0.73,0.12,0.34,-37.50,20.94,-26.75,4.70,-2.29,9.28,0.45,-0.24,0.53,-6.71,-4.68,4.49,-0.55,-0.33,0.45,1.56,-3.10,9.41,0.17,-0.34,0.66,-3.18,-1.60,9.12,-0.16,-0.22,0.71,1.47,9.62,-2.57,0.14,0.77,-0.01
67.796952,8.17,-0.33,5.30,0.73,0.12,0.34,-37.50,20.94,-26.75,4.75,-2.24,9.38,0.43,-0.21,0.49,-6.96,-4.66,4.65,-0.53,-0.30,0.43,1.64,-3.06,9.58,0.17,-0.31,0.62,-3.25,-1.45,9.37,-0.15,-0.20,0.66,1.61,9.82,-2.69,0.13,0.72,-0.02
67.801277,8.25,-0.37,5.45,0.58,0.14,0.33,-37.50,20.94,-26.75,4.79,-2.14,9.53,0.40,-0.20,0.46,-7.13,-4.67,4.75,-0.50,-0.29,0.39,1.68,-2.98,9.80,0.14,-0.29,0.58,-3.27,-1.36,9.55,-0.15,-0.19,0.60,1.67,9.97,-2.79,0.10,0.67,-0.02
67.820357,8.25,-0.37,5.45,0.56,0.11,0.30,-37.75,19.19,-27.19,4.87,-2.07,9.62,0.35,-0.19,0.43,-7.20,-4.66,4.80,-0.47,-0.28,0.34,1.76,-2.94,9.86,0.11,-0.27,0.54,-3.19,-1.32,9.58,-0.16,-0.17,0.55,1.72,9.99,-2.83,0.07,0.63,-0.02
67.842766,8.14,-0.21,5.53,0.56,0.11,0.30,-37.75,20.94,-26.75,4.92,-2.05,9.60,0.28,-0.18,0.40,-7.13,-4.59,4.79,-0.44,-0.27,0.28,1.80,-2.91,9.82,0.06,-0.23,0.50,-3.15,-1.30,9.62,-0.18,-0.14,0.50,1.75,9.92,-2.80,0.03,0.57,-0.03
67.864354,8.10,-0.21,5.53,0.44,-0.01,0.21,-37.75,20.94,-26.75,4.89,-2.02,9.58,0.23,-0.15,0.38,-7.10,-4.57,4.78,-0.41,-0.25,0.22,1.76,-2.87,9.79,0.03,-0.19,0.46,-3.17,-1.30,9.56,-0.19,-0.11,0.43,1.74,9.89,-2.79,-0.01,0.52,-0.04
67.885553,8.09,-0.29,5.45,0.38,-0.04,0.20,-37.75,20.94,-26.75,4.74,-2.10,9.46,0.17,-0.14,0.34,-7.07,-4.63,4.75,-0.37,-0.24,0.17,1.64,-2.90,9.69,-0.01,-0.16,0.42,-3.25,-1.37,9.45,-0.20,-0.10,0.37,1.66,9.87,-2.75,-0.04,0.47,-0.04
68.304331,8.21,-0.37,5.34,0.38,-0.04,0.20,-37.44,20.62,-27.50,4.64,-2.25,9.25,0.14,-0.15,0.29,-6.91,-4.64,4.68,-0.32,-0.23,0.13,1.52,-3.06,9.45,-0.04,-0.16,0.36,-3.22,-1.56,9.23,-0.19,-0.10,0.31,1.58,9.76,-2.64,-0.06,0.42,-0.02
68.304375,8.25,-0.29,5.30,0.38,-0.04,0.20,-37.44,20.62,-27.50,4.71,-2.26,9.28,0.12,-0.14,0.24,-6.78,-4.65,4.60,-0.28,-0.20,0.11,1.60,-3.10,9.44,-0.04,-0.15,0.31,-3.14,-1.59,9.23,-0.16,-0.09,0.27,1.55,9.68,-2.57,-0.06,0.36,-0.01
68.304389,8.18,-0.21,5.30,0.27,-0.02,0.08,-37.44,20.62,-27.50,4.74,-2.20,9.42,0.10,-0.09,0.18,-6.78,-4.68,4.56,-0.25,-0.14,0.08,1.62,-3.09,9.52,-0.03,-0.10,0.25,-3.17,-1.61,9.22,-0.13,-0.05,0.21,1.52,9.69,-2.56,-0.06,0.28,-0.02
68.304402,8.21,-0.21,5.41,0.17,-0.02,0.09,-37.44,20.62,-27.50,4.73,-2.21,9.49,0.07,-0.05,0.13,-6.89,-4.73,4.58,-0.21,-0.09,0.04,1.59,-3.06,9.62,-0.03,-0.05,0.19,-3.26,-1.55,9.33,-0.10,-0.02,0.14,1.52,9.79,-2.63,-0.06,0.21,-0.03
68.304414,8.29,-0.41,5.57,0.03,-0.02,0.04,-38.38,20.88,-24.62,4.73,-2.15,9.63,0.03,-0.01,0.07,-7.06,-4.77,4.63,-0.16,-0.04,0.00,1.56,-3.00,9.80,-0.04,-0.01,0.12,-3.30,-1.48,9.47,-0.08,0.01,0.07,1.52,9.94,-2.75,-0.06,0.13,-0.04
68.304427,8.29,-0.33,5.83,0.03,-0.02,0.04,-38.38,20.88,-24.62,4.77,-2.01,9.83,-0.02,0.03,0.00,-7.22,-4.72,4.68,-0.11,0.01,-0.04,1.64,-2.89,9.99,-0.06,0.04,0.04,-3.31,-1.37,9.63,-0.06,0.05,0.00,1.61,10.03,-2.87,-0.07,0.05,-0.05
68.304438,8.29,-0.33,5.83,0.03,-0.02,0.04,-38.38,20.88,-24.62,4.84,-1.87,9.97,-0.08,0.06,-0.06,-7.40,-4.69,4.70,-0.07,0.05,-0.10,1.73,-2.75,10.15,-0.08,0.09,-0.02,-3.37,-1.19,9.81,-0.04,0.09,-0.08,1.66,10.13,-3.02,-0.10,-0.03,-0.06
68.304451,8.13,-0.29,6.02,-0.20,-0.10,-0.05,-38.69,22.06,-25.94,4.87,-1.75,10.01,-0.16,0.10,-0.12,-7.50,-4.64,4.72,-0.01,0.09,-0.20,1.78,-2.65,10.21,-0.14,0.15,-0.10,-3.37,-1.06,9.89,-0.05,0.13,-0.18,1.72,10.17,-3.14,-0.14,-0.14,-0.08
68.304465,8.14,-0.29,5.99,-0.28,-0.15,-0.10,-38.69,22.06,-25.94,4.85,-1.71,9.96,-0.22,0.13,-0.17,-7.52,-4.60,4.73,0.03,0.12,-0.27,1.78,-2.62,10.22,-0.18,0.19,-0.16,-3.35,-1.02,9.87,-0.05,0.15,-0.27,1.73,10.14,-3.15,-0.19,-0.22,-0.09
68.304479,8.10,-0.29,5.91,-0.34,-0.18,-0.14,-38.69,22.06,-25.94,4.79,-1.74,9.92,-0.29,0.14,-0.22,-7.46,-4.59,4.69,0.08,0.14,-0.35,1.73,-2.61,10.15,-0.22,0.23,-0.23,-3.35,-1.07,9.78,-0.06,0.18,-0.36,1.68,10.08,-3.12,-0.24,-0.29,-0.10
68.304492,8.18,-0.45,5.64,-0.34,-0.18,-0.14,-38.12,19.94,-24.50,4.71,-1.90,9.85,-0.36,0.17,-0.27,-7.34,-4.68,4.61,0.13,0.16,-0.42,1.60,-2.72,10.01,-0.27,0.28,-0.29,-3.41,-1.21,9.60,-0.06,0.21,-0.44,1.55,10.04,-2.99,-0.28,-0.37,-0.10
68.304503,8.29,-0.56,5.38,-0.47,-0.24,-0.21,-38.12,19.94,-24.50,4.55,-2.16,9.63,-0.41,0.18,-0.32,-7.14,-4.81,4.55,0.19,0.18,-0.47,1.37,-2.94,9.76,-0.29,0.30,-0.35,-3.52,-1.47,9.32,-0.05,0.23,-0.51,1.41,9.94,-2.78,-0.30,-0.43,-0.09
68.304515,8.41,-0.64,5.18,-0.51,-0.25,-0.25,-38.12,19.94,-24.50,4.41,-2.45,9.40,-0.43,0.19,-0.38,-6.86,-4.97,4.42,0.24,0.20,-0.49,1.18,-3.23,9.48,-0.30,0.31,-0.41,-3.62,-1.74,9.08,-0.02,0.23,-0.56,1.21,9.83,-2.54,-0.30,-0.49,-0.07
68.304527,8.55,-0.60,4.99,-0.54,-0.21,-0.29,-38.12,19.94,-24.50,4.42,-2.58,9.40,-0.44,0.21,-0.45,-6.68,-5.09,4.38,0.29,0.25,-0.50,1.14,-3.37,9.47,-0.28,0.33,-0.49,-3.56,-1.91,9.03,0.03,0.23,-0.62,1.10,9.79,-2.37,-0.29,-0.56,-0.06
68.306551,8.52,-0.48,4.95,-0.54,-0.21,-0.29,-38.38,19.50,-24.75,4.53,-2.59,9.48,-0.46,0.26,-0.53,-6.72,-5.17,4.43,0.35,0.32,-0.53,1.24,-3.38,9.55,-0.27,0.39,-0.57,-3.54,-1.91,9.11,0.07,0.28,-0.70,1.13,9.90,-2.36,-0.27,-0.66,-0.07
68.306566,8.48,-0.48,5.03,-0.79,-0.16,-0.36,-37.81,19.81,-25.94,4.54,-2.60,9.39,-0.49,0.30,-0.59,-6.82,-5.11,4.58,0.39,0.36,-0.57,1.27,-3.35,9.56,-0.28,0.41,-0.63,-3.57,-1.83,9.19,0.10,0.29,-0.76,1.24,9.96,-2.41,-0.28,-0.73,-0.06
68.306578,8.45,-0.52,5.03,-0.79,-0.16,-0.36,-37.81,19.81,-25.94,4.50,-2.60,9.29,-0.52,0.30,-0.63,-6.85,-5.06,4.66,0.44,0.37,-0.60,1.24,-3.31,9.55,-0.29,0.42,-0.68,-3.56,-1.79,9.20,0.11,0.29,-0.81,1.33,9.96,-2.41,-0.31,-0.77,-0.04
68.306586,8.33,-0.45,4.91,-0.80,-0.19,-0.40,-38.69,19.12,-23.25,4.57,-2.55,9.25,-0.56,0.28,-0.68,-6.77,-5.00,4.65,0.48,0.36,-0.63,1.39,-3.27,9.52,-0.33,0.42,-0.73,-3.44,-1.73,9.23,0.11,0.27,-0.87,1.37,9.87,-2.38,-0.34,-0.81,-0.02
68.306597,8.21,-0.33,4.88,-0.80,-0.19,-0.40,-37.81,18.00,-25.94,4.61,-2.47,9.22,-0.61,0.28,-0.71,-6.66,-4.98,4.60,0.52,0.38,-0.68,1.43,-3.25,9.42,-0.36,0.44,-0.78,-3.31,-1.75,9.15,0.10,0.28,-0.94,1.35,9.76,-2.32,-0.37,-0.87,-0.02
68.317423,8.17,-0.33,4.72,-0.80,-0.19,-0.40,-37.81,18.06,-26.25,4.61,-2.54,9.00,-0.64,0.29,-0.75,-6.54,-4.87,4.58,0.56,0.40,-0.72,1.43,-3.31,9.21,-0.38,0.46,-0.82,-3.22,-1.83,8.97,0.11,0.29,-0.99,1.40,9.61,-2.26,-0.39,-0.92,-0.02
68.343738,8.13,-0.37,4.64,-0.94,-0.23,-0.54,-37.81,18.06,-26.25,4.55,-2.58,8.86,-0.66,0.30,-0.80,-6.39,-4.81,4.50,0.61,0.42,-0.74,1.41,-3.36,9.01,-0.38,0.47,-0.88,-3.16,-1.88,8.80,0.13,0.30,-1.04,1.35,9.46,-2.21,-0.39,-0.97,-0.00
68.365225,8.09,-0.33,4.64,-0.97,-0.21,-0.56,-37.81,18.06,-26.25,4.52,-2.55,8.86,-0.68,0.33,-0.85,-6.37,-4.86,4.44,0.64,0.44,-0.76,1.38,-3.31,9.05,-0.38,0.50,-0.93,-3.21,-1.86,8.77,0.15,0.32,-1.09,1.27,9.45,-2.21,-0.39,-1.02,0.01
68.386212,8.14,-0.41,4.57,-1.03,-0.21,-0.58,-37.81,18.06,-26.25,4.40,-2.62,8.78,-0.70,0.34,-0.90,-6.31,-4.88,4.42,0.69,0.47,-0.78,1.21,-3.35,8.94,-0.39,0.51,-0.98,-3.29,-1.95,8.65,0.17,0.32,-1.14,1.22,9.40,-2.14,-0.39,-1.08,0.02
68.814749,8.33,-0.45,4.57,-1.07,-0.20,-0.62,-37.81,15.06,-25.06,4.39,-2.67,8.81,-0.70,0.36,-0.98,-6.22,-4.97,4.26,0.74,0.52,-0.79,1.20,-3.47,8.87,-0.36,0.52,-1.05,-3.31,-2.04,8.56,0.23,0.33,-1.19,1.07,9.36,-2.10,-0.37,-1.15,0.04
68.81479,8.37,-0.41,4.68,-1.07,-0.20,-0.62,-37.81,15.06,-25.06,4.40,-2.60,8.98,-0.71,0.39,-1.04,-6.34,-5.04,4.24,0.79,0.58,-0.81,1.19,-3.38,9.08,-0.35,0.55,-1.12,-3.39,-1.94,8.69,0.28,0.35,-1.24,1.04,9.48,-2.19,-0.35,-1.22,0.04
68.814803,8.29,-0.52,4.72,-1.22,-0.11,-0.66,-37.81,15.06,-25.06,4.36,-2.61,9.01,-0.73,0.42,-1.11,-6.55,-5.05,4.31,0.85,0.62,-0.83,1.10,-3.33,9.20,-0.34,0.57,-1.19,-3.54,-1.83,8.83,0.31,0.36,-1.30,1.08,9.62,-2.30,-0.35,-1.29,0.04
68.814816,8.45,-0.60,4.76,-1.28,-0.11,-0.77,-37.81,15.06,-25.06,4.34,-2.58,9.06,-0.74,0.41,-1.17,-6.64,-5.08,4.33,0.92,0.64,-0.85,1.06,-3.32,9.24,-0.35,0.56,-1.26,-3.63,-1.83,8.84,0.34,0.34,-1.36,1.07,9.67,-2.36,-0.35,-1.36,0.08
68.814827,8.48,-0.41,4.88,-1.28,-0.11,-0.77,-35.75,14.19,-27.06,4.41,-2.43,9.24,-0.76,0.42,-1.25,-6.68,-5.11,4.27,0.99,0.68,-0.87,1.19,-3.21,9.42,-0.35,0.58,-1.35,-3.59,-1.78,8.96,0.38,0.34,-1.43,1.05,9.74,-2.43,-0.35,-1.44,0.11
68.814839,8.48,-0.29,5.11,-1.28,-0.11,-0.77,-35.75,14.19,-27.06,4.62,-2.27,9.42,-0.81,0.46,-1.35,-6.92,-5.07,4.41,1.07,0.73,-0.92,1.34,-3.04,9.69,-0.37,0.62,-1.44,-3.61,-1.57,9.25,0.41,0.37,-1.53,1.22,9.91,-2.59,-0.37,-1.54,0.12
68.814853,8.45,-0.33,5.14,-1.53,-0.12,-0.91,-36.06,12.44,-27.50,4.78,-2.25,9.40,-0.87,0.46,-1.43,-7.08,-4.95,4.58,1.13,0.75,-0.98,1.51,-3.07,9.68,-0.40,0.64,-1.53,-3.53,-1.50,9.41,0.43,0.37,-1.63,1.42,10.00,-2.66,-0.40,-1.63,0.14
68.814865,8.52,-0.18,5.18,-1.55,-0.13,-0.96,-36.06,12.44,-27.50,4.97,-2.18,9.44,-0.91,0.47,-1.48,-7.09,-4.88,4.67,1.18,0.77,-1.02,1.70,-3.07,9.72,-0.42,0.66,-1.59,-3.34,-1.50,9.52,0.44,0.38,-1.70,1.56,10.02,-2.67,-0.43,-1.68,0.16
68.814875,8.52,0.05,5.22,-1.55,-0.13,-0.96,-34.81,13.88,-29.50,5.17,-2.14,9.37,-0.96,0.48,-1.53,-7.12,-4.80,4.84,1.24,0.79,-1.08,1.92,-3.05,9.76,-0.45,0.68,-1.65,-3.17,-1.49,9.62,0.44,0.39,-1.78,1.75,10.04,-2.65,-0.46,-1.76,0.16
68.814886,8.48,0.17,5.18,-1.55,-0.13,-0.96,-34.25,11.94,-29.19,5.40,-2.14,9.22,-1.00,0.48,-1.58,-7.05,-4.61,5.02,1.29,0.80,-1.12,2.18,-3.16,9.66,-0.49,0.71,-1.71,-2.89,-1.54,9.69,0.44,0.40,-1.84,1.99,9.96,-2.59,-0.49,-1.81,0.17
68.814896,8.52,0.51,5.22,-1.55,-0.13,-0.96,-34.25,11.94,-29.19,5.75,-2.00,9.30,-1.04,0.51,-1.62,-6.97,-4.48,5.09,1.32,0.84,-1.17,2.54,-3.13,9.73,-0.51,0.75,-1.76,-2.54,-1.52,9.82,0.44,0.43,-1.90,2.15,9.90,-2.56,-0.50,-1.87,0.15
68.814907,8.52,0.51,5.22,-1.78,-0.19,-1.06,-33.94,11.44,-30.88,6.00,-1.82,9.37,-1.10,0.58,-1.66,-7.00,-4.38,5.18,1.34,0.89,-1.23,2.84,-3.07,9.79,-0.53,0.83,-1.81,-2.34,-1.46,9.96,0.45,0.51,-1.97,2.32,9.91,-2.61,-0.52,-1.96,0.11
68.814917,8.37,0.74,5.41,-1.78,-0.19,-1.06,-34.25,9.56,-30.56,6.13,-1.81,9.20,-1.17,0.64,-1.70,-7.12,-4.22,5.41,1.36,0.95,-1.31,2.96,-3.10,9.71,-0.56,0.91,-1.86,-2.27,-1.44,10.05,0.45,0.58,-2.04,2.58,9.98,-2.65,-0.54,-2.04,0.07
68.814929,8.45,0.74,5.38,-1.99,-0.28,-1.06,-34.25,9.56,-30.56,6.24,-1.82,9.10,-1.22,0.67,-1.73,-7.16,-4.17,5.54,1.39,0.99,-1.37,3.05,-3.14,9.69,-0.58,0.94,-1.90,-2.18,-1.48,10.11,0.45,0.60,-2.09,2.71,10.02,-2.64,-0.57,-2.10,0.04
68.817135,8.52,0.86,5.45,-2.01,-0.29,-1.08,-34.25,9.56,-30.56,6.36,-1.80,9.09,-1.26,0.69,-1.77,-7.19,-4.13,5.66,1.42,1.02,-1.42,3.17,-3.16,9.73,-0.60,0.98,-1.95,-2.11,-1.48,10.22,0.46,0.63,-2.14,2.82,10.05,-2.63,-0.59,-2.16,0.03
68.817158,8.55,0.97,5.45,-2.06,-0.31,-1.11,-32.69,10.38,-33.94,6.60,-1.70,9.09,-1.31,0.72,-1.80,-7.25,-3.97,5.86,1.44,1.03,-1.47,3.41,-3.06,9.83,-0.65,1.03,-1.99,-1.92,-1.38,10.39,0.44,0.66,-2.20,3.07,10.08,-2.66,-0.63,-2.20,0.02
68.817187,8.37,1.20,5.41,-2.06,-0.31,-1.11,-32.69,10.38,-33.94,6.79,-1.64,9.00,-1.37,0.74,-1.81,-7.19,-3.91,5.89,1.45,1.03,-1.52,3.64,-3.09,9.71,-0.69,1.06,-2.01,-1.75,-1.37,10.42,0.41,0.70,-2.25,3.16,10.03,-2.62,-0.66,-2.24,-0.01
68.817199,8.25,1.36,5.38,-2.12,-0.41,-1.13,-32.69,10.38,-33.94,6.85,-1.68,8.74,-1.42,0.76,-1.82,-7.05,-3.79,5.98,1.46,1.05,-1.59,3.73,-3.18,9.47,-0.72,1.10,-2.02,-1.55,-1.48,10.28,0.39,0.72,-2.30,3.28,9.89,-2.52,-0.70,-2.28,-0.03
68.81721,8.29,1.43,5.03,-2.18,-0.46,-1.14,-31.50,9.75,-35.31,6.87,-1.82,8.46,-1.45,0.78,-1.83,-6.81,-3.73,6.02,1.47,1.07,-1.64,3.73,-3.36,9.21,-0.74,1.13,-2.04,-1.36,-1.73,10.03,0.39,0.75,-2.33,3.30,9.69,-2.31,-0.72,-2.32,-0.05
68.817221,8.37,1.55,4.91,-2.18,-0.46,-1.14,-30.31,10.12,-36.81,6.89,-1.90,8.29,-1.48,0.81,-1.85,-6.58,-3.73,6.05,1.48,1.10,-1.66,3.77,-3.48,9.05,-0.74,1.16,-2.06,-1.28,-1.85,9.94,0.40,0.78,-2.35,3.30,9.61,-2.14,-0.73,-2.35,-0.06
68.836971,8.33,1.62,4.76,-2.18,-0.46,-1.14,-31.75,11.19,-37.31,6.88,-2.00,8.02,-1.50,0.83,-1.86,-6.50,-3.76,6.20,1.49,1.12,-1.68,3.75,-3.57,8.87,-0.76,1.19,-2.08,-1.30,-1.95,9.84,0.41,0.80,-2.37,3.40,9.59,-1.97,-0.74,-2.38,-0.07
68.856945,8.25,1.70,4.61,-2.18,-0.46,-1.14,-31.75,11.19,-37.31,6.89,-2.23,7.56,-1.51,0.80,-1.87,-6.31,-3.67,6.40,1.50,1.09,-1.69,3.75,-3.76,8.50,-0.77,1.16,-2.09,-1.12,-2.15,9.64,0.40,0.77,-2.38,3.57,9.47,-1.76,-0.76,-2.37,-0.05
68.88203,8.21,1.89,3.84,-2.16,-0.47,-1.21,-29.69,11.06,-38.75,6.85,-2.55,6.99,-1.47,0.72,-1.85,-5.89,-3.55,6.58,1.53,1.00,-1.64,3.69,-4.06,8.00,-0.77,1.08,-2.07,-0.92,-2.43,9.35,0.39,0.67,-2.35,3.72,9.19,-1.36,-0.77,-2.30,0.02
68.903451,8.14,1.93,3.50,-2.04,-0.44,-1.25,-29.69,11.06,-38.75,6.89,-2.81,6.62,-1.42,0.63,-1.82,-5.46,-3.56,6.66,1.53,0.92,-1.58,3.77,-4.29,7.69,-0.77,0.98,-2.03,-0.75,-2.65,9.17,0.35,0.59,-2.32,3.75,9.00,-1.00,-0.77,-2.22,0.09
69.328801,8.18,2.12,3.34,-1.92,-0.42,-1.26,-29.69,11.06,-38.75,7.08,-2.98,6.62,-1.39,0.58,-1.79,-5.01,-3.60,6.60,1.50,0.87,-1.53,3.96,-4.59,7.47,-0.76,0.92,-2.01,-0.29,-3.07,8.89,0.35,0.54,-2.27,3.67,8.75,-0.67,-0.76,-2.16,0.12
69.328829,8.52,2.54,3.30,-2.00,-0.33,-1.12,-29.69,11.06,-38.75,7.32,-3.11,6.74,-1.35,0.62,-1.78,-4.59,-3.84,6.46,1.46,0.92,-1.49,4.10,-4.88,7.39,-0.69,0.96,-1.98,-0.10,-3.46,8.72,0.40,0.59,-2.21,3.46,8.63,-0.32,-0.70,-2.16,0.08
69.328843,8.64,2.58,3.19,-2.00,-0.33,-1.12,-29.06,11.50,-42.44,7.33,-3.33,6.70,-1.32,0.72,-1.80,-4.50,-4.03,6.54,1.45,1.02,-1.48,4.00,-5.05,7.39,-0.63,1.03,-1.99,-0.23,-3.63,8.81,0.48,0.66,-2.19,3.41,8.76,-0.12,-0.63,-2.20,0.03
69.328856,8.68,2.35,2.96,-2.00,-0.33,-1.12,-28.12,11.88,-42.12,7.30,-3.65,6.50,-1.28,0.77,-1.80,-4.57,-4.11,6.81,1.42,1.08,-1.45,3.90,-5.28,7.39,-0.58,1.06,-1.98,-0.36,-3.74,8.93,0.51,0.69,-2.16,3.54,8.93,-0.02,-0.57,-2.21,-0.00
69.328867,8.83,2.20,2.92,-2.11,-0.24,-1.01,-28.12,11.88,-42.12,7.35,-3.88,6.51,-1.23,0.77,-1.78,-4.62,-4.17,7.07,1.39,1.09,-1.41,3.90,-5.53,7.40,-0.53,1.04,-1.94,-0.39,-3.94,9.00,0.54,0.68,-2.10,3.65,9.12,0.11,-0.53,-2.17,-0.01
69.328878,8.98,2.20,2.88,-2.02,-0.21,-0.99,-28.12,11.88,-42.12,7.42,-4.06,6.55,-1.18,0.76,-1.74,-4.67,-4.34,7.26,1.35,1.07,-1.35,3.89,-5.67,7.50,-0.50,1.01,-1.89,-0.47,-4.05,9.14,0.54,0.65,-2.03,3.67,9.32,0.23,-0.50,-2.10,-0.01
69.328893,9.21,2.31,2.92,-2.02,-0.21,-0.99,-28.44,14.56,-43.69,7.50,-4.19,6.65,-1.13,0.72,-1.70,-4.70,-4.44,7.41,1.31,1.03,-1.29,3.89,-5.80,7.69,-0.47,0.96,-1.84,-0.42,-4.17,9.30,0.54,0.63,-1.96,3.72,9.47,0.32,-0.48,-2.03,0.01
69.328906,9.32,2.39,3.00,-1.86,-0.18,-0.94,-28.44,14.56,-43.69,7.73,-4.23,6.91,-1.10,0.71,-1.64,-4.77,-4.61,7.51,1.26,1.01,-1.26,4.11,-5.86,7.97,-0.46,0.94,-1.79,-0.41,-4.15,9.61,0.52,0.63,-1.90,3.73,9.69,0.35,-0.47,-1.97,-0.00
69.328926,9.36,2.46,3.04,-1.81,-0.19,-0.90,-28.44,14.56,-43.69,7.86,-4.33,7.03,-1.09,0.71,-1.57,-4.88,-4.67,7.68,1.20,0.99,-1.25,4.19,-5.97,8.06,-0.47,0.95,-1.71,-0.43,-4.24,9.64,0.49,0.63,-1.83,3.82,9.84,0.38,-0.47,-1.92,-0.03
69.328937,9.48,2.27,2.96,-1.81,-0.19,-0.90,-27.75,17.50,-46.31,7.82,-4.54,6.89,-1.07,0.70,-1.48,-4.73,-4.66,7.72,1.11,0.94,-1.23,4.11,-6.15,7.87,-0.47,0.94,-1.61,-0.27,-4.38,9.65,0.46,0.64,-1.72,3.82,9.74,0.53,-0.47,-1.81,-0.07
69.328949,9.44,2.24,2.88,-1.81,-0.19,-0.90,-28.06,17.31,-49.56,7.70,-4.64,6.82,-1.04,0.70,-1.40,-4.56,-4.68,7.63,1.04,0.91,-1.20,4.05,-6.25,7.76,-0.45,0.93,-1.52,-0.09,-4.68,9.21,0.48,0.68,-1.58,3.74,9.61,0.65,-0.46,-1.74,-0.11
69.32896,9.32,2.20,2.84,-1.81,-0.19,-0.90,-28.06,17.31,-49.56,7.56,-4.81,6.69,-1.00,0.71,-1.31,-4.34,-4.82,7.42,0.94,0.90,-1.16,3.87,-6.33,7.58,-0.42,0.94,-1.41,-0.56,-4.51,9.37,0.47,0.73,-1.45,3.48,9.50,0.76,-0.43,-1.65,-0.16
69.32897,9.10,1.82,2.50,-1.54,-0.27,-0.53,-27.19,17.81,-49.56,7.17,-4.82,6.65,-0.96,0.72,-1.21,-4.37,-4.99,7.33,0.85,0.87,-1.13,3.45,-6.21,7.58,-0.41,0.93,-1.31,-1.12,-4.36,9.27,0.40,0.73,-1.40,3.27,9.53,0.76,-0.42,-1.57,-0.20
69.328981,9.10,1.82,2.50,-1.47,-0.30,-0.52,-27.75,21.62,-50.25,6.79,-4.95,6.42,-0.93,0.67,-1.12,-4.36,-5.01,7.26,0.79,0.81,-1.09,3.11,-6.24,7.36,-0.42,0.88,-1.22,-1.27,-4.43,8.95,0.33,0.67,-1.35,3.17,9.48,0.76,-0.43,-1.47,-0.20
69.331189,9.05,1.47,2.35,-1.47,-0.30,-0.52,-27.75,21.62,-50.25,6.54,-5.06,6.22,-0.88,0.58,-1.04,-4.16,-5.04,7.12,0.74,0.71,-1.02,2.87,-6.27,7.13,-0.41,0.78,-1.13,-1.32,-4.53,8.66,0.27,0.56,-1.29,3.02,9.31,0.88,-0.43,-1.34,-0.16
69.331215,9.05,1.55,2.23,-1.16,-0.28,-0.53,-27.75,21.62,-50.25,6.39,-5.10,6.22,-0.81,0.50,-0.96,-4.00,-5.16,6.96,0.69,0.62,-0.93,2.77,-6.30,7.01,-0.39,0.68,-1.04,-1.01,-4.81,8.21,0.25,0.50,-1.17,2.80,9.23,0.96,-0.41,-1.22,-0.12
69.331229,9.13,1.62,2.16,-1.07,-0.25,-0.52,-27.75,21.62,-50.25,6.22,-5.20,6.09,-0.75,0.43,-0.92,-3.86,-5.24,6.94,0.67,0.55,-0.86,2.50,-6.30,6.96,-0.37,0.60,-0.98,-1.53,-4.69,8.40,0.26,0.42,-1.07,2.73,9.18,1.10,-0.39,-1.13,-0.07
69.331242,9.09,1.70,2.04,-0.98,-0.21,-0.52,-27.75,21.62,-50.25,6.29,-5.20,6.10,-0.68,0.34,-0.88,-3.88,-5.18,7.11,0.65,0.47,-0.77,2.61,-6.32,6.95,-0.37,0.49,-0.94,-1.50,-4.69,8.45,0.21,0.31,-1.04,2.89,9.19,1.14,-0.38,-1.03,0.00
69.331253,9.09,1.70,2.04,-0.86,-0.17,-0.54,-27.44,23.56,-51.00,6.49,-5.21,6.08,-0.62,0.26,-0.82,-3.78,-5.08,7.22,0.62,0.38,-0.68,2.86,-6.47,6.85,-0.35,0.40,-0.88,-1.21,-4.79,8.44,0.18,0.22,-0.98,3.04,9.15,1.22,-0.37,-0.92,0.06
69.334195,9.21,2.08,2.27,-0.86,-0.17,-0.54,-27.44,24.50,-51.12,6.68,-5.32,6.00,-0.54,0.19,-0.75,-3.65,-5.03,7.30,0.58,0.31,-0.59,3.01,-6.62,6.83,-0.31,0.31,-0.80,-0.83,-4.98,8.45,0.16,0.13,-0.88,3.14,9.08,1.33,-0.33,-0.80,0.10
69.350861,9.36,2.01,2.27,-0.54,-0.03,-0.46,-27.44,24.50,-51.12,6.84,-5.38,6.05,-0.45,0.16,-0.70,-3.54,-5.02,7.31,0.54,0.28,-0.49,3.14,-6.77,6.79,-0.25,0.25,-0.73,-0.68,-5.16,8.45,0.18,0.10,-0.77,3.16,9.06,1.41,-0.26,-0.72,0.13
69.37252,9.48,2.27,2.62,-0.54,-0.03,-0.46,-27.75,23.81,-53.50,7.04,-5.22,6.44,-0.37,0.16,-0.67,-3.68,-5.04,7.35,0.49,0.31,-0.40,3.35,-6.67,7.17,-0.18,0.24,-0.68,-0.57,-5.10,8.62,0.23,0.11,-0.67,3.25,9.22,1.30,-0.18,-0.66,0.12
69.397116,9.32,2.05,2.84,-0.55,0.06,-0.27,-27.44,22.81,-53.38,7.12,-5.07,6.77,-0.31,0.19,-0.61,-4.04,-5.04,7.41,0.40,0.33,-0.35,3.42,-6.48,7.51,-0.12,0.25,-0.60,-0.74,-4.76,8.98,0.28,0.13,-0.54,3.29,9.48,1.02,-0.13,-0.59,0.07
69.418947,9.28,1.86,2.88,-0.55,0.06,-0.27,-26.56,24.50,-52.94,7.01,-5.05,6.85,-0.28,0.19,-0.54,-4.30,-5.14,7.40,0.33,0.33,-0.32,3.26,-6.35,7.68,-0.09,0.25,-0.52,-1.20,-4.41,9.33,0.25,0.14,-0.47,3.21,9.65,0.87,-0.11,-0.53,0.03
69.833558,9.36,1.55,2.88,-0.55,0.06,-0.27,-27.44,25.12,-53.75,6.86,-5.09,6.85,-0.23,0.17,-0.46,-4.46,-5.12,7.42,0.27,0.27,-0.28,3.12,-6.31,7.72,-0.08,0.20,-0.42,-1.30,-4.39,9.30,0.19,0.12,-0.41,3.21,9.72,0.77,-0.11,-0.44,0.03
69.833596,9.36,1.55,2.84,-0.31,0.00,-0.17,-27.44,25.12,-53.75,6.83,-5.04,7.01,-0.18,0.13,-0.37,-4.47,-5.19,7.36,0.20,0.21,-0.23,3.09,-6.31,7.77,-0.08,0.16,-0.34,-1.23,-4.45,9.21,0.15,0.10,-0.33,3.14,9.73,0.76,-0.10,-0.34,0.03
69.833609,9.40,1.70,2.81,-0.31,0.00,-0.17,-27.12,25.31,-54.50,6.84,-5.06,7.11,-0.16,0.12,-0.28,-4.35,-5.28,7.27,0.13,0.16,-0.20,3.06,-6.36,7.81,-0.07,0.15,-0.25,-1.30,-4.53,9.16,0.13,0.09,-0.24,3.04,9.68,0.87,-0.10,-0.25,0.02
69.833621,9.48,1.66,2.69,-0.21,-0.02,-0.08,-27.12,25.31,-54.50,6.70,-5.25,6.94,-0.12,0.11,-0.21,-4.25,-5.37,7.23,0.08,0.14,-0.16,2.92,-6.48,7.68,-0.05,0.13,-0.17,-1.17,-4.72,8.94,0.10,0.09,-0.16,2.96,9.67,0.97,-0.08,-0.19,-0.00
69.833632,9.56,1.47,2.58,-0.16,-0.00,-0.04,-27.12,25.31,-54.50,6.57,-5.39,6.82,-0.09,0.07,-0.14,-4.17,-5.41,7.25,0.02,0.10,-0.11,2.75,-6.60,7.54,-0.03,0.09,-0.10,-1.42,-4.82,8.85,0.13,0.06,-0.04,2.92,9.63,1.08,-0.06,-0.10,-0.01
69.833644,9.59,1.47,2.46,-0.05,0.01,0.00,-27.12,25.31,-54.50,6.58,-5.56,6.66,-0.03,0.04,-0.09,-4.11,-5.44,7.26,-0.03,0.05,-0.03,2.75,-6.73,7.40,-0.00,0.03,-0.03,-1.48,-4.88,8.79,0.13,0.02,0.05,2.91,9.63,1.15,-0.03,-0.00,0.02
69.833656,9.56,1.59,2.50,-0.05,0.01,0.00,-25.94,25.62,-53.88,6.61,-5.55,6.61,0.06,-0.01,-0.01,-4.04,-5.38,7.30,-0.10,-0.00,0.06,2.78,-6.71,7.38,0.04,-0.02,0.05,-1.51,-4.78,8.94,0.12,-0.05,0.14,2.95,9.56,1.20,0.01,0.11,0.05
69.834978,9.44,1.70,2.43,0.22,0.11,0.10,-25.94,25.62,-53.88,6.71,-5.49,6.59,0.12,-0.03,0.05,-3.98,-5.39,7.28,-0.16,-0.04,0.13,2.91,-6.65,7.38,0.07,-0.07,0.13,-1.40,-4.64,9.10,0.05,-0.07,0.18,2.97,9.53,1.24,0.04,0.20,0.06
69.834993,9.32,1.82,2.43,0.22,0.11,0.10,-26.81,25.44,-54.88,6.70,-5.43,6.53,0.18,-0.06,0.12,-3.92,-5.31,7.27,-0.21,-0.08,0.19,2.93,-6.71,7.19,0.11,-0.13,0.20,-1.17,-4.79,8.87,0.02,-0.09,0.26,3.03,9.42,1.26,0.07,0.28,0.06
69.835001,9.36,1.82,2.50,0.28,0.12,0.14,-26.81,25.44,-54.88,6.68,-5.40,6.45,0.25,-0.09,0.18,-3.85,-5.17,7.27,-0.25,-0.10,0.27,2.94,-6.61,7.27,0.16,-0.17,0.28,-0.96,-4.88,8.68,0.02,-0.11,0.37,3.11,9.28,1.26,0.13,0.36,0.06
69.83501,9.25,1.78,2.73,0.48,0.25,0.25,-26.81,25.44,-54.88,6.72,-5.41,6.29,0.33,-0.10,0.23,-3.97,-5.00,7.32,-0.31,-0.13,0.39,3.06,-6.62,7.08,0.22,-0.22,0.36,-0.94,-4.76,8.69,0.04,-0.13,0.51,3.25,9.28,1.10,0.20,0.47,0.08
69.835019,9.18,1.74,2.81,0.58,0.29,0.29,-26.81,25.44,-54.88,6.73,-5.12,6.49,0.41,-0.16,0.30,-4.11,-4.87,7.33,-0.38,-0.18,0.49,3.13,-6.36,7.33,0.26,-0.29,0.44,-1.06,-4.36,9.07,0.04,-0.18,0.63,3.34,9.31,0.91,0.25,0.59,0.10
69.835028,8.98,1.82,2.88,0.68,0.31,0.34,-26.81,25.44,-54.88,6.87,-4.93,6.71,0.46,-0.20,0.38,-4.36,-4.82,7.21,-0.45,-0.22,0.55,3.34,-6.12,7.54,0.29,-0.33,0.54,-1.02,-4.12,9.14,0.00,-0.20,0.72,3.35,9.38,0.63,0.28,0.69,0.08
69.835037,8.98,1.66,3.04,0.68,0.31,0.34,-26.81,25.44,-54.88,6.77,-4.68,7.01,0.50,-0.21,0.45,-4.55,-4.88,7.03,-0.52,-0.23,0.58,3.24,-5.90,7.73,0.32,-0.34,0.62,-1.19,-3.94,9.14,-0.02,-0.20,0.78,3.19,9.47,0.41,0.30,0.75,0.04
69.836971,9.05,1.28,3.19,0.74,0.28,0.46,-26.81,24.06,-54.62,6.43,-4.42,7.34,0.51,-0.23,0.52,-4.84,-4.92,6.96,-0.58,-0.27,0.62,2.93,-5.66,7.93,0.34,-0.36,0.70,-1.55,-3.70,9.21,-0.03,-0.23,0.86,3.10,9.61,0.17,0.30,0.83,0.03
69.836986,8.98,1.09,3.15,0.82,0.26,0.46,-26.81,24.06,-54.62,6.30,-4.35,7.52,0.42,-0.29,0.59,-4.98,-4.92,6.97,-0.62,-0.34,0.66,2.76,-5.56,8.03,0.32,-0.42,0.75,-1.70,-3.58,9.28,-0.07,-0.29,0.92,3.08,9.69,0.07,0.29,0.92,0.07
69.836997,9.09,1.16,3.15,0.82,0.26,0.46,-24.75,21.75,-52.44,6.51,-4.62,7.18,0.43,-0.35,0.65,-4.99,-4.87,6.96,-0.67,-0.41,0.70,2.96,-5.60,8.03,0.31,-0.46,0.82,-1.62,-3.56,9.38,-0.12,-0.34,0.97,3.14,9.66,0.05,0.28,1.01,0.12
69.837009,9.06,1.36,3.23,0.82,0.26,0.46,-25.62,22.88,-53.38,6.60,-4.83,6.91,0.48,-0.38,0.71,-4.91,-4.95,6.87,-0.72,-0.45,0.72,3.10,-5.81,7.73,0.33,-0.52,0.89,-1.41,-3.66,9.29,-0.15,-0.37,1.02,3.05,9.61,0.09,0.28,1.07,0.12
69.83702,9.13,1.43,3.15,0.82,0.26,0.46,-25.62,22.88,-53.38,6.61,-4.78,6.96,0.57,-0.40,0.76,-4.77,-4.99,6.78,-0.76,-0.47,0.75,3.01,-5.64,8.04,0.37,-0.52,0.97,-1.26,-3.77,9.18,-0.16,-0.35,1.10,3.00,9.53,0.20,0.30,1.12,0.10
69.849723,9.09,1.47,2.96,1.07,0.24,0.56,-26.81,21.81,-52.81,6.59,-4.55,7.11,0.62,-0.40,0.82,-4.75,-4.96,6.83,-0.81,-0.49,0.80,2.92,-5.68,7.93,0.37,-0.53,1.01,-1.35,-3.77,9.19,-0.18,-0.33,1.18,3.09,9.50,0.24,0.33,1.19,0.06
69.869408,9.18,1.32,2.92,1.07,0.24,0.56,-26.81,21.81,-52.81,6.52,-4.80,6.90,0.58,-0.43,0.87,-4.77,-4.97,6.85,-0.85,-0.53,0.86,2.94,-5.69,7.92,0.38,-0.57,1.06,-1.36,-3.80,9.15,-0.19,-0.35,1.25,3.08,9.53,0.25,0.36,1.26,0.06
69.891152,9.18,1.62,3.04,1.22,0.29,0.61,-26.81,21.81,-52.81,6.64,-4.96,6.69,0.68,-0.47,0.90,-4.80,-4.96,6.91,-0.88,-0.58,0.91,3.09,-5.73,7.89,0.39,-0.60,1.12,-1.38,-3.69,9.33,-0.21,-0.37,1.31,3.16,9.57,0.25,0.38,1.32,0.05
69.915982,9.17,1.51,2.92,1.33,0.28,0.66,-26.81,21.81,-52.81,6.69,-4.86,6.80,0.77,-0.52,0.97,-4.82,-4.92,7.01,-0.94,-0.63,0.95,3.13,-5.75,7.87,0.40,-0.66,1.21,-1.32,-3.75,9.26,-0.24,-0.39,1.39,3.22,9.59,0.28,0.39,1.42,0.05
69.93338,9.14,1.70,2.88,1.33,0.28,0.66,-26.25,20.19,-51.88,6.59,-4.62,7.03,0.78,-0.58,1.02,-4.75,-4.92,7.04,-0.97,-0.67,0.98,3.10,-5.76,7.82,0.39,-0.69,1.26,-1.28,-3.85,9.14,-0.25,-0.43,1.45,3.28,9.55,0.35,0.39,1.48,0.07
70.3425,9.18,1.74,2.84,1.48,0.27,0.71,-26.25,20.19,-51.88,6.94,-5.14,6.35,0.82,-0.59,1.06,-4.60,-4.86,7.08,-1.01,-0.71,1.03,3.30,-5.98,7.62,0.42,-0.73,1.31,-1.08,-3.94,9.22,-0.25,-0.47,1.53,3.34,9.42,0.45,0.41,1.55,0.09
70.344422,9.25,1.86,2.84,1.48,0.27,0.71,-26.62,18.12,-49.00,7.07,-5.13,6.31,0.92,-0.61,1.12,-4.47,-4.78,7.17,-1.06,-0.73,1.10,3.45,-6.12,7.44,0.48,-0.79,1.40,-0.86,-4.07,9.17,-0.26,-0.49,1.61,3.46,9.35,0.56,0.45,1.64,0.09
70.344435,9.25,2.01,2.77,1.61,0.37,0.79,-26.62,18.12,-49.00,7.17,-4.98,6.38,1.02,-0.64,1.18,-4.44,-4.85,7.22,-1.13,-0.76,1.17,3.53,-5.99,7.59,0.51,-0.80,1.47,-0.80,-3.98,9.32,-0.28,-0.48,1.70,3.47,9.42,0.60,0.49,1.72,0.08
70.344446,9.14,2.20,2.77,1.61,0.37,0.79,-26.62,16.00,-47.88,7.28,-4.92,6.38,1.07,-0.65,1.24,-4.45,-4.81,7.33,-1.18,-0.78,1.20,3.70,-5.97,7.59,0.53,-0.81,1.54,-0.76,-3.98,9.31,-0.30,-0.47,1.76,3.58,9.43,0.61,0.50,1.77,0.05
70.344456,9.18,2.16,2.81,1.61,0.37,0.79,-27.75,15.75,-48.56,7.31,-4.85,6.31,1.10,-0.67,1.30,-4.45,-4.69,7.47,-1.23,-0.82,1.23,3.70,-5.83,7.74,0.54,-0.85,1.60,-0.67,-4.01,9.25,-0.31,-0.49,1.83,3.75,9.39,0.62,0.51,1.84,0.05
70.344468,9.18,2.31,2.81,1.61,0.37,0.79,-26.94,16.00,-47.81,7.38,-4.79,6.15,1.11,-0.71,1.35,-4.47,-4.55,7.55,-1.27,-0.86,1.27,3.82,-5.91,7.50,0.53,-0.88,1.65,-0.52,-4.03,9.17,-0.31,-0.54,1.91,3.92,9.32,0.60,0.52,1.93,0.06
70.344479,9.06,2.50,2.88,1.61,0.37,0.79,-26.94,16.00,-47.81,7.62,-4.81,5.89,1.15,-0.77,1.40,-4.37,-4.34,7.58,-1.33,-0.91,1.33,4.12,-5.85,7.50,0.53,-0.93,1.72,-0.25,-3.97,9.22,-0.30,-0.60,2.01,4.07,9.19,0.59,0.54,2.01,0.07
70.344572,9.02,2.66,2.84,1.61,0.37,0.79,-27.81,13.69,-45.69,7.85,-4.51,6.06,1.20,-0.79,1.45,-4.38,-4.16,7.62,-1.38,-0.93,1.38,4.42,-5.69,7.55,0.50,-0.93,1.80,0.06,-3.79,9.34,-0.30,-0.63,2.09,4.24,9.11,0.49,0.56,2.08,0.07
70.344584,8.75,2.89,2.88,1.61,0.37,0.79,-27.81,12.50,-44.75,7.90,-4.29,6.04,1.22,-0.80,1.51,-4.43,-4.01,7.64,-1.43,-0.95,1.41,4.45,-5.61,7.44,0.50,-0.93,1.86,0.12,-3.59,9.42,-0.29,-0.63,2.17,4.35,9.03,0.39,0.57,2.14,0.07
70.344595,8.71,2.85,3.00,1.61,0.37,0.79,-27.81,11.56,-44.56,7.95,-3.97,6.17,1.25,-0.82,1.58,-4.50,-3.79,7.64,-1.49,-0.98,1.46,4.52,-5.51,7.23,0.49,-0.98,1.91,0.06,-3.18,9.87,-0.36,-0.62,2.21,4.53,8.97,0.22,0.60,2.21,0.05
70.344604,8.59,2.81,3.34,1.61,0.37,0.79,-28.75,10.25,-42.94,8.05,-4.11,5.77,1.29,-0.84,1.65,-4.67,-3.55,7.63,-1.56,-1.01,1.51,4.76,-5.33,7.39,0.54,-1.03,2.00,0.33,-3.09,9.70,-0.42,-0.63,2.26,4.65,8.92,0.01,0.62,2.30,0.05
70.344615,8.59,2.81,3.34,2.19,0.40,1.12,-28.75,10.88,-39.81,8.10,-3.80,5.97,1.36,-0.87,1.70,-4.85,-3.51,7.55,-1.61,-1.03,1.56,4.77,-5.06,7.71,0.55,-1.05,2.06,0.40,-2.94,9.68,-0.45,-0.62,2.32,4.65,8.96,-0.20,0.64,2.36,0.04
70.344627,8.45,2.96,3.65,2.19,0.40,1.12,-28.75,10.88,-39.81,8.14,-3.45,6.21,1.40,-0.90,1.74,-5.04,-3.39,7.54,-1.65,-1.06,1.60,4.83,-4.80,7.86,0.51,-1.07,2.11,0.37,-2.70,9.75,-0.46,-0.62,2.39,4.74,8.99,-0.41,0.66,2.41,0.04
70.344637,8.25,3.00,3.88,2.30,0.39,1.20,-28.75,10.88,-39.81,8.17,-3.16,6.31,1.42,-0.93,1.78,-5.20,-3.18,7.54,-1.68,-1.09,1.63,4.86,-4.56,7.90,0.39,-1.09,2.14,0.40,-2.53,9.69,-0.46,-0.65,2.44,4.87,8.94,-0.63,0.67,2.47,0.04
70.347017,8.25,3.00,4.26,2.34,0.39,1.21,-29.06,9.06,-38.06,8.33,-3.04,6.32,1.46,-0.95,1.83,-5.26,-2.99,7.42,-1.72,-1.11,1.65,5.09,-4.67,7.57,0.44,-1.13,2.19,0.72,-2.39,9.71,-0.42,-0.67,2.52,4.96,8.81,-0.82,0.69,2.51,0.04
70.347047,8.25,3.00,4.30,2.35,0.43,1.25,-29.06,9.06,-38.06,8.29,-2.81,6.50,1.51,-0.93,1.85,-5.34,-2.93,7.28,-1.75,-1.09,1.68,5.12,-4.54,7.59,0.52,-1.13,2.22,0.68,-2.20,9.76,-0.37,-0.67,2.57,4.90,8.79,-0.99,0.74,2.53,0.02
70.347061,8.17,3.00,4.45,2.32,0.47,1.29,-29.06,9.06,-38.06,8.13,-2.58,6.73,1.51,-0.89,1.86,-5.51,-2.92,7.14,-1.77,-1.04,1.70,5.03,-4.22,7.95,0.57,-1.12,2.22,0.54,-1.87,9.95,-0.33,-0.64,2.59,4.84,8.84,-1.21,0.78,2.52,-0.02
70.347073,7.95,2.77,4.95,2.27,0.50,1.32,-30.00,7.94,-35.38,8.20,-2.29,7.07,1.53,-0.86,1.84,-5.90,-2.87,7.07,-1.79,-1.00,1.69,5.15,-3.86,8.37,0.60,-1.10,2.22,0.44,-1.23,10.54,-0.34,-0.56,2.57,4.86,9.04,-1.59,0.79,2.50,-0.06
70.347084,7.83,2.66,5.14,2.22,0.46,1.33,-30.00,7.94,-35.38,8.13,-2.05,7.38,1.52,-0.83,1.85,-6.29,-2.78,7.04,-1.79,-0.98,1.64,5.10,-3.51,8.82,0.55,-1.05,2.24,0.35,-1.00,10.46,-0.39,-0.48,2.54,4.90,9.17,-1.95,0.77,2.47,-0.09
70.364867,7.95,2.43,5.38,2.20,0.38,1.32,-30.00,7.94,-35.38,7.91,-1.92,7.61,1.50,-0.81,1.86,-6.53,-2.79,6.83,-1.80,-0.98,1.60,5.19,-3.61,8.50,0.54,-1.01,2.28,-0.01,-0.85,10.34,-0.40,-0.43,2.53,4.71,9.22,-2.22,0.74,2.46,-0.11
70.389107,8.02,2.16,5.57,2.19,0.37,1.31,-32.12,8.50,-31.88,7.56,-1.81,7.76,1.48,-0.79,1.85,-6.63,-2.88,6.55,-1.78,-0.96,1.57,4.25,-3.17,8.92,0.56,-1.00,2.26,-0.40,-0.78,10.13,-0.37,-0.45,2.51,4.47,9.22,-2.37,0.74,2.43,-0.12
70.410068,7.99,2.05,5.53,2.11,0.41,1.23,-32.12,8.50,-31.88,7.26,-1.74,7.87,1.46,-0.79,1.80,-6.77,-2.92,6.39,-1.73,-0.95,1.56,4.03,-3.13,8.82,0.56,-1.03,2.17,-0.59,-0.68,9.98,-0.32,-0.51,2.46,4.33,9.26,-2.52,0.73,2.38,-0.11
70.43213,7.91,1.74,5.53,2.11,0.41,1.23,-32.44,8.62,-30.44,7.11,-1.69,8.01,1.44,-0.79,1.74,-6.77,-2.98,6.14,-1.69,-0.93,1.53,3.91,-3.10,8.87,0.59,-1.05,2.09,-0.76,-0.43,10.18,-0.28,-0.55,2.39,4.09,9.22,-2.61,0.73,2.33,-0.10
70.853416,7.83,1.70,5.76,2.10,0.42,1.21,-33.06,9.19,-29.06,7.06,-1.66,8.34,1.42,-0.73,1.67,-6.79,-3.09,5.79,-1.63,-0.86,1.49,3.94,-3.03,9.11,0.62,-0.99,2.01,-0.63,-0.34,10.18,-0.26,-0.45,2.30,3.78,9.21,-2.75,0.74,2.22,-0.12
70.853442,7.91,1.43,5.91,2.10,0.42,1.21,-33.38,9.69,-29.12,6.82,-1.54,8.71,1.39,-0.63,1.61,-6.89,-3.24,5.55,-1.59,-0.75,1.44,3.73,-2.90,9.34,0.61,-0.89,1.94,-0.99,-0.22,10.12,-0.22,-0.34,2.22,3.51,9.28,-2.87,0.74,2.10,-0.15
70.853452,7.87,1.32,5.91,2.10,0.42,1.21,-33.69,10.12,-29.25,6.50,-1.59,8.92,1.33,-0.53,1.54,-7.07,-3.45,5.38,-1.55,-0.65,1.36,3.36,-2.79,9.57,0.61,-0.78,1.86,-1.41,-0.09,10.09,-0.18,-0.25,2.12,3.27,9.42,-3.00,0.74,1.98,-0.20
70.853461,7.87,0.93,5.91,2.10,0.42,1.21,-33.69,10.12,-29.25,6.04,-1.79,8.87,1.28,-0.46,1.47,-7.26,-3.61,5.28,-1.49,-0.59,1.29,2.85,-2.87,9.38,0.61,-0.73,1.78,-1.83,-0.06,9.97,-0.15,-0.22,2.03,3.06,9.57,-3.09,0.72,1.88,-0.22
70.85347,8.10,0.13,5.61,1.51,0.38,1.10,-33.69,10.12,-29.25,5.57,-2.05,8.82,1.24,-0.46,1.39,-7.36,-3.85,5.14,-1.42,-0.57,1.23,2.34,-2.93,9.37,0.62,-0.74,1.68,-2.27,-0.19,9.67,-0.12,-0.25,1.94,2.77,9.70,-3.09,0.68,1.80,-0.20
70.853479,8.07,0.09,5.49,1.53,0.39,1.03,-33.69,10.12,-29.25,5.34,-2.18,8.87,1.21,-0.49,1.32,-7.37,-4.00,5.06,-1.36,-0.59,1.20,2.09,-2.93,9.45,0.62,-0.76,1.60,-2.38,-0.20,9.68,-0.08,-0.33,1.88,2.59,9.74,-3.05,0.64,1.76,-0.16
70.853488,8.02,0.09,5.41,1.52,0.36,0.95,-33.69,10.12,-29.25,5.32,-2.26,8.91,1.18,-0.51,1.27,-7.25,-4.06,4.98,-1.30,-0.61,1.16,2.10,-3.02,9.40,0.61,-0.79,1.53,-2.41,-0.09,10.00,-0.09,-0.37,1.81,2.49,9.67,-2.95,0.60,1.72,-0.12
70.853496,8.02,0.09,5.41,1.49,0.35,0.90,-34.56,13.88,-29.50,5.40,-2.18,9.11,1.15,-0.51,1.22,-7.15,-4.18,4.86,-1.24,-0.59,1.11,2.29,-2.97,9.65,0.57,-0.76,1.47,-2.34,-0.07,10.07,-0.14,-0.32,1.71,2.37,9.64,-2.93,0.57,1.65,-0.11
70.853505,8.03,0.32,5.68,1.49,0.35,0.90,-35.50,12.56,-26.06,5.35,-2.11,9.31,1.08,-0.43,1.17,-7.16,-4.16,4.83,-1.18,-0.54,1.03,2.35,-3.01,9.67,0.52,-0.66,1.40,-2.19,-0.16,9.92,-0.16,-0.23,1.60,2.38,9.67,-2.96,0.53,1.53,-0.13
70.853513,8.06,0.28,5.72,1.25,0.28,0.86,-35.50,12.56,-26.06,5.35,-2.17,9.28,1.00,-0.38,1.10,-7.21,-4.17,4.87,-1.13,-0.48,0.96,2.22,-2.99,9.68,0.49,-0.59,1.33,-2.31,-0.17,9.90,-0.15,-0.17,1.52,2.39,9.71,-2.98,0.50,1.43,-0.15
70.853522,8.07,0.21,5.72,1.16,0.27,0.83,-35.50,12.56,-26.06,5.25,-2.20,9.21,0.93,-0.36,1.04,-7.33,-4.10,4.98,-1.08,-0.46,0.90,2.12,-2.93,9.71,0.45,-0.55,1.26,-2.43,-0.05,10.01,-0.15,-0.15,1.43,2.49,9.76,-3.04,0.46,1.37,-0.14
70.853535,7.91,-0.02,5.64,1.12,0.23,0.78,-36.31,17.06,-27.56,5.25,-2.26,9.14,0.86,-0.37,1.00,-7.36,-4.03,5.01,-1.04,-0.48,0.84,2.11,-2.94,9.64,0.39,-0.54,1.21,-2.43,-0.06,9.92,-0.18,-0.16,1.36,2.52,9.73,-3.08,0.40,1.33,-0.13
70.853543,7.91,-0.02,5.64,1.12,0.23,0.78,-36.31,17.06,-27.56,5.19,-2.28,9.11,0.81,-0.38,0.97,-7.25,-4.10,4.87,-1.00,-0.49,0.80,2.04,-2.96,9.54,0.36,-0.54,1.16,-2.47,-0.11,9.82,-0.20,-0.17,1.29,2.37,9.67,-3.03,0.36,1.29,-0.11
70.853552,7.91,0.05,5.61,1.11,0.16,0.69,-36.31,17.06,-27.56,5.13,-2.30,9.06,0.77,-0.36,0.92,-7.11,-4.18,4.69,-0.95,-0.46,0.74,1.98,-2.95,9.47,0.34,-0.52,1.11,-2.52,-0.17,9.65,-0.20,-0.17,1.22,2.22,9.56,-2.99,0.33,1.22,-0.12
70.855884,7.87,0.02,5.53,1.03,0.16,0.64,-36.31,17.06,-27.56,4.93,-2.26,9.05,0.74,-0.33,0.87,-7.04,-4.18,4.61,-0.89,-0.43,0.69,1.85,-2.96,9.38,0.32,-0.48,1.05,-2.46,-0.24,9.47,-0.19,-0.16,1.15,2.14,9.49,-2.95,0.31,1.14,-0.11
70.855903,7.79,-0.10,5.41,0.95,0.16,0.60,-36.88,18.25,-25.25,4.71,-2.26,8.98,0.68,-0.32,0.78,-7.00,-4.17,4.66,-0.82,-0.41,0.64,1.66,-2.88,9.36,0.29,-0.46,0.97,-2.65,-0.19,9.49,-0.18,-0.16,1.06,2.12,9.45,-2.90,0.27,1.06,-0.08
70.855914,7.68,-0.14,5.30,0.95,0.16,0.60,-36.31,18.00,-25.94,4.67,-2.29,8.92,0.63,-0.33,0.72,-6.95,-4.17,4.67,-0.75,-0.42,0.61,1.61,-2.95,9.24,0.24,-0.46,0.90,-2.66,-0.27,9.40,-0.20,-0.18,0.97,2.14,9.41,-2.85,0.23,1.01,-0.03
70.855923,7.83,-0.10,5.34,0.84,0.13,0.40,-36.31,18.00,-25.94,4.76,-2.42,8.82,0.58,-0.35,0.66,-6.79,-4.16,4.62,-0.70,-0.43,0.59,1.70,-3.10,9.13,0.21,-0.45,0.83,-2.51,-0.45,9.26,-0.19,-0.20,0.90,2.09,9.33,-2.75,0.22,0.97,0.00
70.855936,7.91,0.02,5.41,0.84,0.13,0.40,-36.31,18.00,-25.94,4.84,-2.47,8.86,0.56,-0.31,0.59,-6.68,-4.20,4.54,-0.63,-0.37,0.57,1.81,-3.16,9.16,0.20,-0.40,0.77,-2.45,-0.49,9.33,-0.16,-0.18,0.84,2.05,9.29,-2.67,0.22,0.87,0.00
70.86956,7.87,-0.06,5.38,0.71,0.20,0.36,-36.31,18.00,-25.94,4.86,-2.42,9.02,0.53,-0.27,0.53,-6.80,-4.20,4.64,-0.56,-0.32,0.54,1.75,-3.14,9.28,0.18,-0.34,0.70,-2.47,-0.47,9.42,-0.13,-0.14,0.77,2.11,9.41,-2.75,0.22,0.78,0.00
70.883671,7.91,-0.14,5.53,0.63,0.20,0.33,-36.31,18.00,-25.94,4.82,-2.51,8.98,0.49,-0.25,0.46,-6.91,-4.22,4.71,-0.51,-0.28,0.51,1.69,-3.19,9.32,0.16,-0.31,0.65,-2.54,-0.53,9.38,-0.11,-0.13,0.71,2.15,9.49,-2.79,0.22,0.72,0.01
70.904712,8.10,-0.18,5.61,0.60,0.20,0.30,-36.31,18.00,-25.94,4.82,-2.49,9.08,0.48,-0.24,0.40,-7.03,-4.20,4.78,-0.46,-0.25,0.49,1.64,-3.22,9.34,0.15,-0.31,0.58,-2.67,-0.50,9.45,-0.06,-0.16,0.66,2.21,9.58,-2.85,0.22,0.67,0.05
70.929203,7.99,-0.10,5.80,0.60,0.20,0.30,-37.50,19.44,-26.19,5.01,-2.44,9.26,0.45,-0.23,0.34,-7.17,-4.14,4.85,-0.40,-0.23,0.49,2.40,-3.29,9.62,0.08,-0.25,0.54,-2.64,-0.32,9.72,-0.04,-0.20,0.59,2.28,9.68,-2.99,0.22,0.62,0.08
70.949958,7.95,-0.18,5.87,0.49,0.22,0.19,-37.50,19.44,-26.19,5.18,-2.28,9.46,0.41,-0.20,0.31,-7.28,-4.12,4.87,-0.36,-0.21,0.44,1.92,-3.04,9.91,0.04,-0.17,0.58,-2.54,-0.09,10.13,-0.08,-0.22,0.50,2.38,9.75,-3.06,0.20,0.55,0.06
71.023998,7.87,0.13,6.02,0.49,0.22,0.19,-37.81,18.56,-26.44,5.10,-2.07,9.71,0.30,-0.12,0.33,-7.44,-4.15,4.88,-0.31,-0.17,0.37,2.16,-3.00,10.05,-0.06,-0.09,0.54,-2.51,-0.09,9.95,-0.11,-0.22,0.40,2.40,9.87,-3.19,0.16,0.47,0.04
71.027274,7.91,0.02,6.14,0.29,0.10,0.12,-37.25,18.81,-23.56,5.35,-2.19,9.62,0.20,-0.10,0.27,-7.46,-3.98,4.98,-0.27,-0.14,0.29,1.80,-3.09,9.87,-0.12,-0.04,0.50,-2.56,-0.28,9.72,-0.11,-0.28,0.29,2.54,9.79,-3.19,0.12,0.39,0.02
71.027292,8.07,-0.10,5.95,0.29,0.10,0.12,-37.50,17.81,-25.19,4.75,-2.37,9.21,0.16,-0.11,0.17,-7.26,-3.83,4.98,-0.23,-0.12,0.27,1.52,-3.23,9.68,-0.18,-0.04,0.40,-2.00,-0.49,9.71,-0.08,-0.31,0.24,2.56,9.57,-3.07,0.13,0.35,0.03
71.040627,7.95,0.09,5.87,0.30,0.18,0.07,-37.50,17.81,-25.19,4.76,-2.16,9.46,0.07,-0.12,0.01,-7.13,-4.03,4.80,-0.19,-0.06,0.25,1.82,-3.24,9.67,-0.24,-0.02,0.32,-2.46,-0.21,10.02,-0.10,-0.26,0.16,2.34,9.57,-3.02,0.13,0.27,0.03
71.063545,7.79,-0.02,5.83,0.17,0.16,0.07,-37.50,17.81,-25.19,4.99,-2.26,9.27,-0.01,-0.07,-0.12,-7.24,-4.02,4.84,-0.14,-0.01,0.18,1.58,-3.18,9.68,-0.26,0.04,0.20,-2.32,-0.04,10.35,-0.19,-0.15,-0.01,2.41,9.65,-3.09,0.10,0.18,0.01
71.365359,7.64,-0.02,5.80,0.05,0.09,0.06,-37.50,17.81,-25.19,5.02,-2.35,9.17,-0.02,-0.07,-0.15,-7.28,-3.84,4.95,-0.10,0.01,0.12,1.58,-3.32,9.52,-0.28,0.03,0.12,-2.14,-0.27,9.96,-0.28,-0.09,-0.12,2.58,9.59,-3.15,0.06,0.11,-0.00
71.365386,7.75,-0.18,5.91,0.06,0.07,-0.02,-37.50,17.81,-25.19,4.65,-2.33,8.97,-0.05,-0.11,-0.21,-7.18,-3.81,4.94,-0.08,0.01,0.10,1.54,-3.51,9.29,-0.31,0.00,0.06,-2.08,-0.58,9.59,-0.28,-0.13,-0.16,2.53,9.53,-3.06,0.03,0.09,0.01
71.365403,7.87,0.17,5.87,0.10,0.07,-0.04,-37.50,17.81,-25.19,4.96,-2.24,9.25,-0.12,-0.15,-0.28,-7.06,-3.84,4.89,-0.05,0.04,0.09,1.61,-3.53,9.43,-0.33,-0.01,0.00,-2.15,-0.74,9.46,-0.26,-0.14,-0.19,2.45,9.45,-2.98,0.02,0.06,0.04
71.365415,7.75,0.21,5.72,0.10,0.07,-0.04,-37.75,19.25,-27.56,4.79,-2.06,9.35,-0.26,-0.14,-0.36,-6.98,-3.96,4.88,0.00,0.07,0.06,1.32,-3.39,9.55,-0.44,0.04,-0.08,-2.18,-0.68,9.75,-0.25,-0.17,-0.28,2.40,9.47,-2.88,-0.00,-0.02,0.06
71.365427,7.98,0.13,5.64,-0.09,0.05,-0.15,-37.75,20.44,-26.69,5.03,-2.62,8.64,-0.34,-0.17,-0.50,-6.99,-3.89,4.97,0.07,0.08,0.02,1.20,-3.66,9.27,-0.60,0.02,-0.24,-1.85,-0.90,9.71,-0.27,-0.14,-0.37,2.51,9.41,-2.83,-0.02,-0.08,0.09
71.365437,8.03,0.09,5.80,-0.06,0.11,-0.19,-37.19,20.06,-28.81,5.48,-2.81,8.55,-0.31,-0.20,-0.54,-6.92,-3.68,5.04,0.10,0.07,0.05,1.43,-4.09,8.80,-0.59,-0.08,-0.37,-1.74,-1.15,9.64,-0.26,-0.09,-0.39,2.65,9.33,-2.79,-0.00,-0.09,0.13
71.365448,8.21,0.25,5.83,-0.06,0.11,-0.19,-37.19,20.06,-28.81,6.06,-3.08,8.44,-0.19,-0.13,-0.53,-6.88,-3.75,4.96,0.13,0.12,0.09,2.21,-4.46,8.77,-0.50,-0.09,-0.41,-1.96,-1.23,9.78,-0.24,-0.08,-0.44,2.60,9.35,-2.78,0.05,-0.12,0.15
71.369246,8.02,0.48,5.87,-0.13,0.28,-0.17,-37.19,20.06,-28.81,5.60,-2.46,9.04,-0.10,-0.06,-0.50,-6.98,-3.83,5.06,0.17,0.19,0.12,1.82,-4.29,8.93,-0.39,-0.03,-0.43,-2.39,-1.07,10.12,-0.27,-0.09,-0.59,2.62,9.50,-2.79,0.10,-0.17,0.19
71.369267,7.79,0.67,5.83,-0.21,0.31,-0.21,-37.19,20.06,-28.81,5.69,-2.19,9.37,-0.19,-0.02,-0.52,-7.24,-3.95,5.15,0.25,0.21,0.10,1.93,-3.87,9.75,-0.42,0.01,-0.54,-2.46,-0.81,10.64,-0.36,-0.11,-0.82,2.65,9.71,-2.94,0.07,-0.25,0.27
71.369281,7.64,0.59,5.99,-0.33,0.23,-0.31,-37.19,20.06,-28.81,5.99,-2.42,9.07,-0.28,0.02,-0.52,-7.46,-3.76,5.23,0.32,0.20,0.04,2.58,-4.15,9.81,-0.54,0.16,-0.56,-1.99,-0.72,10.93,-0.54,-0.03,-1.03,2.89,9.74,-3.12,0.00,-0.32,0.33
71.369295,7.91,0.28,6.33,-0.33,0.23,-0.31,-37.19,18.31,-27.44,6.06,-2.53,8.80,-0.27,0.05,-0.50,-7.47,-3.37,5.34,0.32,0.20,-0.01,2.64,-4.49,9.30,-0.60,0.22,-0.51,-1.83,-1.20,10.34,-0.67,0.02,-1.22,3.18,9.61,-3.17,-0.03,-0.34,0.40
71.369306,7.87,0.55,6.37,-0.32,0.13,-0.29,-37.19,18.31,-27.44,5.97,-2.34,9.03,-0.29,0.08,-0.52,-7.50,-3.49,5.32,0.32,0.23,-0.03,2.40,-4.49,8.91,-0.57,0.23,-0.54,-1.95,-1.49,9.76,-0.64,-0.13,-1.37,3.13,9.67,-3.21,-0.05,-0.36,0.45
71.369318,7.75,0.63,6.25,-0.37,0.13,-0.33,-37.19,18.31,-27.44,5.92,-2.40,8.77,-0.28,0.10,-0.56,-7.58,-3.42,5.29,0.36,0.23,-0.06,2.40,-4.60,8.58,-0.49,0.23,-0.58,-0.77,-1.81,9.53,-0.52,-0.06,-1.29,3.30,9.60,-3.27,-0.09,-0.40,0.51
71.369329,7.52,0.82,6.14,-0.43,0.15,-0.42,-37.19,18.31,-27.44,6.03,-2.15,8.88,-0.27,0.13,-0.58,-7.19,-3.33,5.06,0.38,0.25,-0.09,2.61,-4.52,8.69,-0.40,0.28,-0.61,-1.21,-1.83,9.65,-0.43,-0.02,-1.29,3.21,9.23,-3.14,-0.12,-0.47,0.57
71.388729,7.45,0.93,6.37,-0.43,0.15,-0.42,-36.25,18.31,-29.25,6.10,-1.94,9.05,-0.31,0.24,-0.63,-7.21,-3.22,4.85,0.46,0.34,-0.14,2.77,-4.34,9.23,-0.40,0.43,-0.63,-1.39,-1.70,9.78,-0.37,-0.05,-1.40,3.30,9.11,-3.33,-0.10,-0.59,0.49
71.410197,7.22,0.59,6.37,-0.64,0.16,-0.43,-36.25,18.31,-29.25,5.82,-1.92,8.86,-0.38,0.30,-0.66,-7.39,-2.96,4.83,0.52,0.41,-0.20,2.54,-4.10,9.05,-0.42,0.48,-0.70,-1.37,-1.36,10.32,-0.41,-0.04,-1.50,3.44,9.03,-3.56,-0.10,-0.67,0.42
71.434871,7.26,0.28,6.52,-0.74,0.13,-0.43,-35.69,18.38,-29.56,5.60,-1.86,8.73,-0.39,0.31,-0.70,-7.63,-2.84,4.83,0.56,0.43,-0.23,2.34,-4.06,8.94,-0.43,0.49,-0.72,-1.11,-1.57,9.73,-0.45,-0.10,-1.64,3.53,9.08,-3.75,-0.12,-0.71,0.38
71.456479,7.14,0.28,6.64,-0.74,0.13,-0.43,-35.69,17.94,-31.31,5.47,-1.50,9.14,-0.41,0.29,-0.76,-7.93,-2.86,4.75,0.63,0.42,-0.26,2.26,-3.95,8.94,-0.45,0.50,-0.78,-0.67,-1.60,9.67,-0.40,-0.05,-1.63,3.54,9.21,-4.02,-0.17,-0.76,0.37
71.871368,6.95,0.48,6.79,-0.74,0.13,-0.43,-36.25,17.88,-30.94,5.52,-1.28,9.38,-0.48,0.30,-0.83,-8.08,-2.76,4.72,0.69,0.39,-0.33,2.50,-3.91,9.15,-0.43,0.52,-0.83,-0.18,-1.48,10.10,-0.35,0.07,-1.59,3.57,9.23,-4.21,-0.25,-0.82,0.42
71.873286,6.84,0.44,6.91,-0.85,-0.01,-0.69,-36.25,14.81,-31.44,5.81,-1.04,9.67,-0.59,0.30,-0.87,-8.14,-2.68,4.62,0.75,0.37,-0.44,2.65,-3.76,9.54,-0.45,0.59,-0.86,-0.19,-1.48,10.28,-0.34,0.29,-1.48,3.68,9.15,-4.28,-0.35,-0.91,0.42
71.8733,6.84,0.55,7.02,-0.85,-0.01,-0.69,-34.50,17.12,-31.56,5.77,-1.14,9.57,-0.71,0.34,-0.88,-8.06,-2.60,4.56,0.81,0.37,-0.51,2.57,-3.83,9.60,-0.50,0.66,-0.90,-0.55,-1.59,10.31,-0.36,0.45,-1.45,3.72,9.04,-4.28,-0.41,-0.97,0.36
71.873311,6.99,0.51,7.02,-0.85,-0.01,-0.69,-35.12,15.00,-30.44,5.54,-1.19,9.45,-0.81,0.37,-0.91,-8.15,-2.63,4.56,0.90,0.39,-0.56,2.31,-3.83,9.39,-0.56,0.72,-0.96,-0.81,-1.80,10.07,-0.38,0.55,-1.48,3.68,9.12,-4.31,-0.43,-1.03,0.35
71.873321,7.18,0.48,6.95,-0.85,-0.01,-0.69,-35.12,15.00,-30.44,5.54,-1.25,9.35,-0.88,0.36,-1.00,-8.26,-2.64,4.70,1.00,0.39,-0.61,2.35,-3.93,9.26,-0.58,0.75,-1.05,-0.79,-1.97,9.88,-0.34,0.60,-1.51,3.78,9.19,-4.30,-0.50,-1.11,0.40
71.87333,7.14,0.63,6.71,-1.12,-0.16,-1.05,-35.12,15.00,-30.44,5.74,-1.46,8.93,-0.94,0.33,-1.09,-8.05,-2.47,4.94,1.10,0.34,-0.67,2.43,-4.09,8.97,-0.60,0.74,-1.17,-0.79,-2.06,9.96,-0.31,0.61,-1.56,4.04,8.96,-4.04,-0.60,-1.16,0.51
71.873339,7.48,0.93,6.71,-1.12,-0.16,-1.10,-33.31,15.00,-32.25,6.09,-1.76,8.51,-0.94,0.34,-1.15,-7.49,-2.21,4.95,1.18,0.32,-0.64,2.74,-4.56,8.39,-0.57,0.72,-1.27,-0.27,-2.67,9.29,-0.27,0.61,-1.61,4.22,8.55,-3.71,-0.57,-1.17,0.55
71.873428,7.48,0.93,6.71,-1.17,-0.02,-1.07,-33.00,14.31,-33.19,6.51,-1.59,8.87,-0.91,0.38,-1.22,-7.28,-2.33,4.83,1.25,0.41,-0.61,2.61,-4.41,8.71,-0.50,0.72,-1.39,0.09,-2.66,9.64,-0.16,0.64,-1.63,4.15,8.52,-3.60,-0.51,-1.24,0.54
71.873439,7.14,1.28,6.60,-1.17,-0.02,-1.07,-33.00,14.31,-33.19,6.62,-1.41,9.15,-0.99,0.50,-1.23,-7.64,-2.34,5.10,1.30,0.52,-0.63,2.98,-4.09,9.34,-0.55,0.67,-1.57,0.16,-2.36,10.35,-0.23,0.88,-1.64,4.43,8.89,-3.80,-0.51,-1.35,0.51
71.873451,7.07,1.20,6.64,-1.50,-0.07,-1.08,-33.00,14.31,-33.19,6.68,-1.64,8.80,-1.06,0.56,-1.22,-8.08,-2.24,5.44,1.33,0.52,-0.70,3.99,-4.60,8.83,-0.60,0.78,-1.54,0.01,-2.58,9.99,-0.24,0.96,-1.64,4.74,9.11,-3.95,-0.59,-1.39,0.53
71.873462,7.22,0.82,6.68,-1.43,-0.15,-1.15,-33.00,12.69,-34.00,6.51,-1.82,8.37,-1.07,0.55,-1.24,-7.95,-2.11,5.48,1.34,0.49,-0.79,3.76,-4.60,8.70,-0.60,0.84,-1.49,-0.11,-2.66,10.01,-0.21,0.97,-1.64,4.86,8.87,-3.82,-0.67,-1.42,0.52
71.873474,7.37,1.32,6.91,-1.38,-0.18,-1.16,-31.50,11.31,-35.88,6.61,-1.87,8.38,-1.06,0.53,-1.32,-7.64,-1.68,5.48,1.34,0.52,-0.78,3.63,-4.71,8.51,-0.62,0.87,-1.49,-0.04,-3.02,9.60,-0.15,0.94,-1.64,5.06,8.49,-3.75,-0.66,-1.43,0.52
71.873483,7.57,1.20,6.95,-1.38,-0.08,-1.12,-31.50,11.31,-35.88,6.64,-1.70,8.59,-1.03,0.54,-1.41,-7.64,-1.76,5.31,1.38,0.59,-0.74,3.50,-4.63,8.47,-0.56,0.85,-1.57,0.00,-3.03,9.66,-0.05,0.95,-1.65,4.94,8.51,-3.85,-0.61,-1.48,0.53
71.873492,7.49,1.43,7.02,-1.38,-0.08,-1.12,-31.50,10.56,-34.69,6.74,-1.44,8.88,-1.04,0.59,-1.51,-8.05,-1.79,5.35,1.42,0.64,-0.76,3.73,-4.13,9.25,-0.55,0.85,-1.67,0.00,-2.39,10.79,-0.03,1.06,-1.67,5.06,8.83,-4.14,-0.60,-1.55,0.50
71.875485,6.61,1.12,7.10,-1.38,-0.08,-1.12,-30.31,10.69,-37.25,6.89,-1.24,9.07,-1.10,0.62,-1.52,-8.54,-1.77,5.39,1.44,0.65,-0.88,4.54,-4.12,9.49,-0.63,0.90,-1.67,-0.03,-2.14,11.24,-0.14,1.28,-1.67,5.20,9.10,-4.50,-0.70,-1.61,0.39
71.875499,6.76,1.12,7.33,-1.61,-0.22,-1.18,-30.31,10.69,-37.25,6.59,-1.20,8.91,-1.11,0.65,-1.59,-8.67,-1.66,5.29,1.44,0.64,-1.03,4.39,-4.20,9.20,-0.67,1.03,-1.59,0.07,-2.47,10.56,-0.16,1.44,-1.60,5.20,9.04,-4.61,-0.83,-1.67,0.30
71.87551,6.99,0.97,7.40,-1.61,-0.22,-1.18,-29.38,10.06,-38.25,5.24,-1.29,8.20,-1.08,0.65,-1.90,-8.55,-1.62,5.00,1.51,0.64,-1.12,3.51,-4.10,8.87,-0.71,1.11,-1.64,0.46,-2.81,10.11,-0.08,1.62,-1.42,4.99,8.80,-4.65,-0.88,-1.76,0.26
71.875518,7.29,0.89,7.29,-1.61,-0.22,-1.18,-29.38,11.44,-40.31,5.34,-1.32,7.71,-0.85,0.45,-2.48,-8.62,-1.59,5.12,1.66,0.62,-1.17,2.41,-3.87,8.30,-0.71,1.05,-1.96,-0.09,-2.93,9.76,0.10,1.95,-1.07,5.02,8.82,-4.58,-0.90,-1.86,0.30
71.875528,6.91,0.93,7.02,-1.61,-0.22,-1.18,-29.38,11.44,-40.31,6.23,-0.57,8.69,-0.80,0.31,-2.64,-8.62,-1.71,5.17,1.76,0.52,-1.20,3.45,-3.67,8.80,-0.80,0.93,-2.17,-1.09,-2.86,9.36,0.27,1.98,-0.87,4.98,8.90,-4.54,-1.00,-1.88,0.41
71.889267,6.26,1.70,6.79,-1.42,-0.24,-1.44,-29.38,11.44,-40.31,7.30,0.13,9.62,-0.92,0.24,-2.53,-8.41,-1.53,5.17,1.82,0.43,-1.32,4.91,-3.71,9.12,-0.88,0.97,-2.20,-1.39,-2.73,9.22,0.42,1.96,-0.84,5.15,8.66,-4.48,-1.14,-1.93,0.44
71.909298,6.26,1.70,6.79,-1.42,-0.24,-1.44,-28.75,10.94,-40.12,7.47,0.08,9.06,-1.10,0.30,-2.39,-7.90,-1.20,5.06,1.82,0.45,-1.47,5.50,-3.93,8.73,-0.86,1.15,-2.07,-1.66,-2.72,9.23,0.50,1.89,-0.92,5.26,8.21,-4.29,-1.24,-2.00,0.40
71.934739,6.84,1.89,6.41,-1.95,-0.54,-1.46,-28.75,10.94,-40.12,7.40,0.10,8.49,-1.26,0.35,-2.21,-7.54,-1.13,5.23,1.81,0.54,-1.53,5.06,-3.86,8.41,-0.86,1.28,-1.94,-2.68,-2.73,9.03,0.56,1.68,-1.23,5.30,8.03,-3.94,-1.24,-2.08,0.37
71.957394,6.88,2.08,6.06,-1.96,-0.48,-1.52,-28.75,10.94,-40.12,6.77,-0.07,7.72,-1.40,0.35,-2.22,-7.50,-1.44,5.38,1.87,0.58,-1.56,4.41,-3.74,8.20,-0.94,1.32,-1.95,-2.47,-2.79,8.92,0.59,1.48,-1.54,5.23,8.15,-3.70,-1.26,-2.15,0.40
72.384092,6.95,2.01,5.87,-1.96,-0.48,-1.52,-26.69,9.31,-42.75,7.21,-0.17,7.60,-1.51,0.24,-2.24,-7.38,-1.36,5.68,1.92,0.54,-1.56,4.60,-4.05,7.71,-1.00,1.26,-2.02,-2.38,-2.87,8.91,0.63,1.28,-1.74,5.46,8.09,-3.45,-1.29,-2.15,0.47
72.38412,7.14,1.89,5.68,-1.96,-0.48,-1.52,-26.69,9.31,-42.75,7.65,-0.32,7.48,-1.55,0.19,-2.19,-7.15,-1.32,5.85,1.93,0.49,-1.55,5.05,-4.32,7.48,-1.05,1.24,-2.03,-1.95,-2.96,9.10,0.65,1.13,-1.86,5.61,8.01,-3.20,-1.30,-2.12,0.49
72.384135,7.14,2.05,5.61,-1.96,-0.48,-1.52,-25.81,10.25,-44.75,7.76,-0.64,7.06,-1.57,0.18,-2.15,-7.08,-1.53,5.99,1.92,0.45,-1.55,5.02,-4.59,7.17,-1.06,1.23,-2.00,-1.60,-3.23,9.01,0.64,1.05,-1.94,5.61,8.16,-2.97,-1.30,-2.08,0.47
72.384146,7.52,2.08,5.38,-1.96,-0.48,-1.52,-25.81,10.25,-44.75,7.96,-0.86,6.92,-1.57,0.12,-2.06,-7.12,-1.79,6.29,1.88,0.38,-1.56,4.97,-4.79,7.10,-1.06,1.16,-1.99,-2.27,-3.22,9.22,0.63,0.92,-2.01,5.68,8.41,-2.72,-1.33,-2.03,0.44
72.384158,7.68,2.31,4.88,-1.96,-0.48,-1.52,-25.81,10.25,-44.75,8.02,-1.08,6.67,-1.57,0.08,-1.95,-6.69,-1.97,6.43,1.83,0.28,-1.58,5.14,-4.92,7.12,-1.13,1.09,-1.95,-2.07,-3.43,9.36,0.50,0.74,-2.22,5.60,8.29,-2.21,-1.35,-1.94,0.40
72.384194,8.02,2.62,4.72,-1.69,-0.59,-1.67,-25.81,10.25,-44.75,8.11,-1.49,6.19,-1.54,0.05,-1.97,-5.96,-2.14,6.31,1.79,0.33,-1.57,5.26,-5.56,6.15,-1.15,1.04,-1.95,-1.06,-4.19,8.73,0.44,0.67,-2.33,5.39,7.97,-1.65,-1.29,-1.94,0.32
72.384207,8.21,2.93,4.38,-1.76,-0.37,-1.49,-25.81,10.25,-44.75,8.89,-1.60,6.41,-1.49,0.12,-1.91,-5.69,-2.30,6.56,1.76,0.46,-1.51,5.89,-5.94,6.10,-1.07,1.08,-1.90,-0.41,-4.60,8.65,0.47,0.71,-2.29,5.49,8.05,-1.33,-1.19,-1.97,0.22
72.384225,8.18,2.81,4.26,-1.76,-0.37,-1.49,-25.81,10.25,-44.75,9.30,-1.81,6.36,-1.49,0.19,-1.78,-5.86,-2.21,7.06,1.70,0.50,-1.46,6.07,-6.23,5.91,-1.00,1.11,-1.79,-0.22,-4.75,8.82,0.49,0.72,-2.19,5.94,8.29,-1.20,-1.11,-1.93,0.11
72.384238,8.25,2.58,4.19,-1.78,-0.37,-1.40,-25.81,10.25,-44.75,9.43,-2.22,5.85,-1.45,0.19,-1.55,-5.91,-2.04,7.57,1.58,0.45,-1.39,6.14,-6.52,5.55,-0.90,1.07,-1.63,-0.32,-4.88,8.94,0.47,0.67,-2.06,6.23,8.36,-1.04,-1.06,-1.80,0.03
72.384249,8.37,2.62,4.19,-1.61,-0.40,-1.30,-25.81,10.25,-44.75,9.46,-2.54,5.48,-1.32,0.16,-1.32,-5.80,-2.13,7.80,1.43,0.34,-1.29,6.02,-6.73,5.35,-0.75,0.96,-1.48,-0.78,-5.06,8.78,0.43,0.53,-1.96,6.22,8.43,-0.82,-1.00,-1.61,0.02
72.38426,8.37,2.96,4.07,-1.38,-0.40,-1.20,-22.75,12.88,-49.88,9.51,-2.53,5.80,-1.20,0.11,-1.05,-5.54,-2.48,7.66,1.27,0.26,-1.19,6.05,-6.71,5.46,-0.60,0.86,-1.36,0.14,-5.27,8.61,0.41,0.33,-1.89,5.83,8.48,-0.58,-0.93,-1.43,0.02
72.384272,8.33,2.89,4.00,-1.38,-0.40,-1.20,-22.44,13.31,-51.75,9.78,-2.59,6.02,-1.14,0.14,-0.79,-5.29,-2.78,7.45,1.15,0.28,-1.18,6.58,-6.85,5.56,-0.46,0.86,-1.18,0.81,-5.22,9.01,0.41,0.35,-1.65,5.59,8.56,-0.42,-0.89,-1.37,-0.11
72.384282,8.21,3.04,3.92,-1.38,-0.40,-1.20,-22.44,13.31,-51.75,9.08,-2.78,5.82,-1.13,0.24,-0.66,-5.48,-3.12,7.58,1.04,0.34,-1.27,5.95,-6.84,5.59,-0.37,0.94,-0.97,0.25,-5.42,8.74,0.37,0.48,-1.47,5.48,8.93,-0.36,-0.87,-1.36,-0.36
72.384293,8.55,2.58,3.65,-1.32,-0.55,-0.81,-22.44,13.31,-51.75,8.80,-3.50,5.10,-1.02,0.23,-0.56,-5.33,-2.88,7.93,0.94,0.26,-1.22,5.18,-7.01,5.30,-0.30,0.83,-0.85,-0.13,-5.71,8.45,0.28,0.44,-1.33,5.50,8.69,-0.06,-0.83,-1.22,-0.33
72.386375,9.10,2.16,3.57,-1.32,-0.55,-0.81,-21.50,13.62,-51.06,8.66,-4.03,4.60,-0.80,0.20,-0.45,-4.79,-2.79,7.91,0.83,0.15,-1.01,5.03,-7.37,4.76,-0.21,0.69,-0.77,0.28,-6.21,7.97,0.25,0.32,-1.17,5.37,8.36,0.30,-0.72,-1.02,-0.15
72.386391,9.13,2.50,3.46,-1.32,-0.55,-0.81,-21.19,15.31,-52.44,8.58,-4.17,4.73,-0.57,0.12,-0.43,-4.59,-3.01,7.80,0.72,0.13,-0.75,4.97,-7.44,4.97,-0.14,0.54,-0.69,0.14,-6.29,7.99,0.26,0.24,-0.97,5.18,8.48,0.43,-0.55,-0.84,-0.03
72.386402,8.90,2.73,3.54,-1.32,-0.55,-0.81,-21.50,15.25,-54.19,8.58,-4.02,5.37,-0.42,0.10,-0.42,-4.87,-3.33,7.68,0.62,0.15,-0.59,5.07,-7.26,5.58,-0.11,0.44,-0.59,0.14,-6.09,8.33,0.23,0.22,-0.82,4.99,8.86,0.21,-0.42,-0.72,-0.03
72.386412,8.79,2.27,4.07,-0.55,-0.08,-0.46,-21.50,15.25,-54.19,8.65,-3.95,5.79,-0.27,0.11,-0.34,-5.31,-3.50,7.64,0.48,0.16,-0.50,5.08,-7.16,6.02,-0.04,0.38,-0.46,-0.37,-5.81,8.63,0.20,0.24,-0.64,4.83,9.24,-0.12,-0.34,-0.61,-0.04
72.386422,8.87,2.20,4.26,-0.51,-0.10,-0.35,-21.50,15.25,-54.19,8.59,-3.79,6.07,-0.10,0.11,-0.25,-5.55,-3.47,7.57,0.39,0.15,-0.45,4.86,-7.03,6.12,0.06,0.33,-0.37,-0.63,-5.82,8.43,0.22,0.19,-0.53,4.75,9.29,-0.35,-0.31,-0.52,-0.01
72.393737,8.79,2.16,4.61,-0.38,-0.06,-0.27,-21.50,15.25,-54.19,8.47,-3.52,6.39,0.12,0.12,-0.10,-5.49,-3.31,7.29,0.30,0.15,-0.35,4.92,-6.79,6.48,0.22,0.28,-0.27,-0.44,-5.66,8.53,0.29,0.12,-0.33,4.65,9.07,-0.50,-0.23,-0.42,0.01
72.410887,8.63,2.31,4.72,-0.38,0.03,-0.16,-21.50,15.25,-54.19,8.05,-3.20,6.71,0.17,0.14,-0.10,-5.60,-3.34,7.12,0.25,0.19,-0.29,4.70,-6.46,6.85,0.25,0.29,-0.22,-0.62,-5.29,8.87,0.29,0.15,-0.25,4.57,9.15,-0.72,-0.16,-0.39,-0.01
72.431513,8.41,2.08,4.80,-0.38,0.03,-0.16,-21.50,15.25,-54.19,7.94,-2.98,7.00,0.16,0.16,-0.11,-6.00,-3.39,7.05,0.18,0.22,-0.26,4.71,-6.27,6.83,0.30,0.26,-0.18,-1.04,-4.87,9.13,0.27,0.19,-0.18,4.53,9.40,-1.03,-0.12,-0.36,-0.06
72.455923,8.33,1.51,4.84,-0.34,-0.05,-0.06,-21.50,15.25,-54.19,7.86,-2.96,7.04,0.20,0.14,-0.04,-6.33,-3.38,7.01,0.12,0.20,-0.26,4.57,-6.08,6.94,0.43,0.21,-0.08,-1.36,-4.78,8.93,0.24,0.18,-0.10,4.46,9.54,-1.28,-0.13,-0.30,-0.09
72.477001,8.48,1.32,4.91,-0.25,-0.09,-0.05,-21.50,15.25,-54.19,7.56,-3.07,7.02,0.24,0.11,0.03,-6.28,-3.32,6.85,0.06,0.14,-0.23,4.23,-6.06,6.85,0.62,0.13,0.04,-1.49,-4.95,8.49,0.29,0.07,0.05,4.33,9.36,-1.30,-0.12,-0.21,-0.09
72.894135,8.59,1.36,4.88,-0.25,-0.09,-0.05,-21.44,18.06,-56.12,7.02,-3.05,7.02,0.22,0.08,0.01,-6.12,-3.26,6.78,0.02,0.08,-0.12,3.73,-5.67,7.58,0.67,0.04,0.12,-1.56,-4.72,8.75,0.29,-0.02,0.17,4.28,9.23,-1.21,-0.07,-0.10,-0.03
72.894182,8.48,1.32,4.68,-0.25,-0.09,-0.05,-21.19,18.31,-55.50,7.16,-2.98,7.15,0.19,0.05,-0.04,-6.10,-3.40,6.68,-0.03,0.03,-0.02,3.71,-5.60,7.62,0.57,-0.02,0.11,-1.58,-4.57,8.87,0.24,-0.06,0.21,4.14,9.28,-1.20,-0.03,-0.01,0.01
72.894196,8.41,1.51,4.64,-0.25,-0.09,-0.05,-21.19,17.38,-55.38,7.45,-2.95,7.27,0.20,0.05,-0.02,-6.05,-3.60,6.51,-0.08,0.03,0.01,4.05,-5.62,7.56,0.53,-0.04,0.13,-1.65,-4.49,8.95,0.19,-0.05,0.22,3.97,9.34,-1.21,-0.00,0.04,-0.03
72.894209,8.56,1.20,4.72,-0.25,-0.09,-0.05,-21.19,17.38,-55.38,7.49,-2.96,7.34,0.30,0.05,0.08,-6.15,-3.69,6.41,-0.13,0.06,0.01,4.04,-5.63,7.61,0.57,-0.02,0.20,-1.66,-4.59,8.78,0.18,-0.03,0.24,3.89,9.43,-1.28,0.03,0.06,-0.12
72.894219,8.71,0.86,4.72,-0.02,0.05,0.14,-21.19,17.38,-55.38,7.03,-3.14,7.36,0.33,0.08,0.10,-6.23,-3.63,6.50,-0.18,0.05,0.05,3.69,-5.65,7.73,0.61,-0.02,0.27,-1.56,-4.76,8.62,0.17,-0.02,0.35,3.87,9.45,-1.29,0.07,0.13,-0.13
72.894234,8.94,0.78,4.68,0.07,0.08,0.18,-21.19,17.38,-55.38,6.98,-3.28,7.29,0.36,0.04,0.11,-6.31,-3.77,6.58,-0.23,0.01,0.13,3.44,-5.65,7.64,0.69,-0.13,0.33,-1.98,-4.72,8.66,0.22,-0.12,0.51,3.83,9.60,-1.26,0.10,0.22,-0.09
72.894249,8.79,1.24,4.45,0.32,0.11,0.22,-21.19,17.38,-55.38,7.32,-3.28,7.46,0.39,-0.03,0.16,-6.29,-3.93,6.65,-0.29,-0.05,0.20,3.70,-5.57,8.01,0.70,-0.22,0.38,-2.01,-4.60,9.02,0.20,-0.21,0.60,3.81,9.74,-1.15,0.12,0.32,-0.06
72.894262,8.94,1.39,4.49,0.32,0.11,0.22,-21.19,17.38,-55.38,7.64,-3.37,7.48,0.42,-0.02,0.23,-6.13,-4.05,6.59,-0.35,-0.06,0.21,3.97,-5.63,8.00,0.72,-0.23,0.45,-1.89,-4.78,8.86,0.20,-0.25,0.64,3.71,9.72,-1.02,0.13,0.36,-0.09
72.894272,9.02,1.51,4.49,0.34,0.09,0.29,-21.19,17.38,-55.38,7.76,-3.44,7.33,0.52,-0.02,0.34,-6.03,-4.03,6.60,-0.40,-0.03,0.22,3.96,-5.62,8.10,0.76,-0.20,0.52,-1.84,-4.78,8.88,0.23,-0.30,0.67,3.76,9.63,-0.92,0.15,0.38,-0.13
72.894283,9.05,1.28,4.45,0.29,0.10,0.38,-21.19,17.38,-55.38,7.56,-3.47,7.18,0.69,-0.04,0.45,-6.05,-3.79,6.80,-0.47,-0.03,0.28,3.89,-5.60,8.21,0.75,-0.18,0.59,-1.51,-4.70,9.10,0.21,-0.29,0.74,4.02,9.54,-0.91,0.21,0.46,-0.15
72.894295,8.98,1.05,4.42,0.36,0.14,0.44,-21.19,17.38,-55.38,7.60,-3.44,7.03,0.76,-0.03,0.50,-6.01,-3.67,6.84,-0.56,-0.07,0.38,3.97,-5.47,8.25,0.63,-0.19,0.63,-1.51,-4.44,9.41,0.10,-0.24,0.79,4.09,9.49,-0.92,0.28,0.59,-0.16
72.894306,8.67,1.59,4.49,0.53,0.20,0.51,-21.19,17.62,-52.50,7.88,-3.09,7.04,0.87,-0.07,0.61,-6.08,-3.64,6.77,-0.66,-0.08,0.45,4.36,-5.35,7.84,0.59,-0.20,0.73,-1.33,-4.30,9.26,0.01,-0.18,0.87,4.10,9.50,-1.08,0.33,0.69,-0.24
72.894317,8.48,1.62,4.64,0.53,0.20,0.51,-20.88,17.50,-53.94,8.04,-2.88,6.86,1.07,-0.10,0.75,-6.17,-3.66,6.64,-0.74,-0.08,0.45,4.32,-5.04,7.78,0.74,-0.22,0.86,-1.43,-4.15,9.07,0.05,-0.20,0.98,4.01,9.52,-1.25,0.34,0.74,-0.31
72.894328,8.41,1.39,4.68,0.53,0.20,0.51,-21.50,17.19,-54.56,7.71,-2.72,7.12,1.27,-0.14,0.91,-6.18,-3.45,6.57,-0.81,-0.08,0.45,4.12,-4.86,7.93,0.86,-0.25,0.96,-1.37,-4.11,8.88,0.09,-0.29,1.08,4.05,9.36,-1.32,0.35,0.79,-0.36
72.897177,8.52,1.12,4.61,0.70,0.15,0.74,-21.50,17.19,-54.56,7.21,-2.60,7.14,1.24,-0.04,0.92,-6.01,-3.32,6.42,-0.89,-0.11,0.54,3.71,-4.68,8.12,0.82,-0.25,1.02,-1.58,-3.85,9.09,0.07,-0.30,1.18,3.92,9.12,-1.32,0.41,0.91,-0.33
72.897215,8.25,1.20,4.61,0.83,0.24,0.79,-21.50,17.19,-54.56,7.23,-2.31,7.25,1.20,-0.04,0.92,-6.18,-3.38,6.33,-0.94,-0.14,0.62,3.81,-4.38,8.28,0.74,-0.27,1.04,-1.67,-3.57,9.16,-0.01,-0.27,1.20,3.85,9.23,-1.51,0.44,0.99,-0.31
72.897229,8.09,1.12,4.76,0.86,0.25,0.83,-21.50,17.19,-54.56,7.42,-2.16,7.20,1.30,-0.04,0.99,-6.37,-3.35,6.25,-0.99,-0.18,0.65,3.99,-4.19,8.30,0.73,-0.28,1.10,-1.60,-3.36,9.21,-0.04,-0.29,1.22,3.87,9.30,-1.70,0.45,1.05,-0.33
72.897243,8.14,0.93,4.84,0.96,0.15,0.92,-23.31,15.38,-52.81,7.30,-2.05,7.24,1.39,-0.04,1.10,-6.45,-3.31,6.15,-1.08,-0.23,0.67,4.01,-4.16,8.14,0.79,-0.31,1.21,-1.57,-3.26,9.09,-0.05,-0.34,1.32,3.78,9.28,-1.87,0.45,1.15,-0.42
72.897255,8.25,1.01,4.88,0.96,0.15,0.92,-23.31,15.38,-52.81,7.19,-2.06,6.97,1.54,-0.06,1.17,-6.45,-3.34,6.08,-1.12,-0.26,0.69,3.76,-4.14,7.98,0.90,-0.37,1.30,-1.52,-3.40,8.83,-0.01,-0.42,1.43,3.71,9.22,-1.81,0.46,1.20,-0.45
72.908651,8.33,0.89,4.88,1.03,0.15,0.93,-23.31,15.38,-52.81,7.07,-1.81,7.29,1.61,-0.10,1.22,-6.33,-3.26,6.07,-1.18,-0.30,0.77,3.68,-3.88,8.40,0.91,-0.42,1.33,-1.65,-3.07,9.33,-0.03,-0.42,1.52,3.70,9.14,-1.77,0.50,1.30,-0.47
72.93365,7.95,1.24,4.72,1.16,0.22,0.96,-23.31,15.38,-52.81,7.36,-1.56,7.40,1.60,-0.05,1.28,-6.40,-3.20,6.10,-1.24,-0.33,0.81,4.01,-3.71,8.51,0.82,-0.40,1.38,-1.56,-2.90,9.41,-0.13,-0.38,1.54,3.72,9.18,-1.87,0.49,1.39,-0.45
72.954703,8.06,1.09,4.80,1.16,0.22,0.96,-24.19,14.81,-50.56,7.27,-1.58,7.29,1.60,-0.00,1.36,-6.46,-3.18,6.11,-1.29,-0.37,0.84,3.90,-3.70,8.37,0.78,-0.39,1.45,-1.62,-2.88,9.29,-0.20,-0.36,1.56,3.70,9.20,-1.92,0.48,1.46,-0.43
72.976366,8.10,0.97,4.72,1.16,0.22,0.96,-23.31,13.88,-50.38,7.03,-1.63,7.07,1.65,-0.01,1.43,-6.51,-3.25,6.08,-1.34,-0.43,0.86,3.78,-3.69,8.30,0.76,-0.43,1.52,-1.76,-2.87,9.20,-0.23,-0.43,1.59,3.65,9.28,-1.94,0.47,1.54,-0.40
73.404434,8.17,1.12,4.68,1.38,0.17,1.02,-24.19,15.31,-50.62,7.07,-1.54,7.07,1.73,-0.07,1.47,-6.47,-3.37,6.03,-1.36,-0.48,0.88,3.79,-3.67,8.45,0.72,-0.50,1.57,-1.36,-2.97,9.32,-0.30,-0.49,1.64,3.62,9.28,-1.88,0.47,1.59,-0.39
73.40448,8.25,1.28,4.68,1.47,0.18,1.02,-24.19,15.31,-50.62,7.67,-1.20,6.94,2.25,-0.10,1.64,-6.26,-3.33,6.09,-1.37,-0.49,0.90,3.91,-3.73,8.27,0.70,-0.54,1.59,-1.29,-3.06,9.27,-0.33,-0.49,1.69,3.63,9.17,-1.72,0.49,1.63,-0.42
73.404506,8.29,1.62,4.68,1.47,0.18,1.02,-24.56,11.94,-46.12,7.52,-1.21,7.39,2.28,-0.08,1.71,-6.20,-3.15,6.21,-1.41,-0.49,0.94,4.26,-3.87,8.16,0.73,-0.53,1.63,-1.09,-3.16,9.17,-0.32,-0.48,1.74,3.78,9.12,-1.69,0.51,1.68,-0.43
73.404521,8.37,1.51,4.76,1.54,0.27,1.17,-25.44,13.19,-47.44,7.58,-1.15,7.28,2.26,-0.04,1.74,-6.27,-3.07,6.36,-1.48,-0.52,1.01,4.36,-3.90,8.03,0.84,-0.55,1.71,-0.93,-3.22,9.11,-0.26,-0.52,1.82,3.86,9.17,-1.70,0.54,1.76,-0.39
73.404548,8.37,1.59,4.76,1.54,0.27,1.17,-26.06,12.19,-47.25,7.55,-0.92,7.47,2.26,-0.02,1.78,-6.32,-3.14,6.32,-1.53,-0.54,1.07,4.48,-3.70,8.29,0.97,-0.57,1.78,-0.94,-2.98,9.51,-0.22,-0.56,1.91,3.83,9.25,-1.74,0.57,1.82,-0.35
73.40456,8.25,1.86,4.91,1.58,0.29,1.20,-26.06,12.19,-47.25,7.24,-0.79,7.76,2.04,0.00,1.70,-6.48,-3.20,6.35,-1.56,-0.53,1.08,4.56,-3.59,8.43,1.00,-0.56,1.83,-0.90,-2.92,9.49,-0.19,-0.58,1.95,3.90,9.39,-1.86,0.57,1.83,-0.37
73.404574,8.33,1.78,5.07,1.58,0.28,1.23,-26.06,12.19,-47.25,7.60,-0.74,7.65,1.78,0.00,1.61,-6.59,-2.94,6.53,-1.60,-0.54,1.10,4.71,-3.47,8.47,1.03,-0.58,1.87,-0.58,-2.78,9.69,-0.14,-0.61,2.05,4.18,9.36,-1.96,0.58,1.86,-0.39
73.404586,8.18,1.89,5.22,1.71,0.26,1.31,-26.06,12.19,-47.25,7.96,-0.51,7.47,1.58,0.03,1.58,-6.57,-2.58,6.60,-1.68,-0.58,1.16,4.97,-3.33,8.38,1.08,-0.57,1.95,-0.38,-2.60,9.73,-0.09,-0.62,2.18,4.41,9.19,-2.08,0.61,1.98,-0.37
73.404597,8.13,2.01,5.30,1.71,0.26,1.31,-28.12,13.12,-43.44,8.05,-0.25,7.41,1.48,0.07,1.58,-6.59,-2.49,6.55,-1.75,-0.60,1.22,5.11,-3.02,8.49,1.10,-0.54,2.00,-0.30,-2.33,9.80,-0.07,-0.61,2.24,4.45,9.12,-2.15,0.64,2.06,-0.36
73.404609,7.91,2.12,5.34,1.71,0.26,1.31,-27.62,10.62,-42.69,8.19,-0.12,7.26,1.38,0.12,1.59,-6.66,-2.42,6.48,-1.80,-0.61,1.25,5.35,-2.75,8.45,1.14,-0.51,2.05,-0.16,-1.94,10.01,-0.07,-0.59,2.27,4.51,9.09,-2.30,0.66,2.10,-0.39
73.404621,7.68,2.16,5.34,1.71,0.26,1.31,-27.62,10.62,-42.69,8.31,0.00,7.02,1.37,0.17,1.64,-6.66,-2.26,6.41,-1.84,-0.61,1.25,5.45,-2.46,8.29,1.24,-0.48,2.12,-0.26,-1.74,9.85,-0.03,-0.62,2.30,4.55,8.97,-2.42,0.66,2.12,-0.43
73.404633,7.52,2.16,5.49,1.77,0.27,1.46,-28.44,10.12,-42.50,8.27,0.36,7.12,1.35,0.21,1.72,-6.73,-2.18,6.28,-1.88,-0.60,1.24,5.31,-2.02,8.52,1.31,-0.43,2.21,-0.09,-1.49,9.78,0.02,-0.67,2.31,4.51,8.90,-2.60,0.66,2.14,-0.48
73.404644,7.41,2.08,5.64,1.77,0.27,1.46,-30.00,11.00,-38.38,7.73,0.15,6.84,1.31,0.24,1.75,-6.73,-2.04,6.16,-1.90,-0.58,1.23,5.11,-2.02,8.41,1.32,-0.39,2.25,0.05,-1.36,9.79,0.06,-0.66,2.32,4.50,8.76,-2.69,0.67,2.14,-0.50
73.404656,7.53,1.93,5.76,1.77,0.27,1.46,-30.00,11.94,-38.50,7.51,0.20,6.79,1.30,0.19,1.70,-6.79,-2.04,6.07,-1.91,-0.58,1.26,4.84,-1.88,8.27,1.28,-0.41,2.23,-0.01,-1.30,9.49,0.10,-0.63,2.33,4.41,8.76,-2.79,0.69,2.15,-0.48
73.406654,7.45,1.93,5.83,1.77,0.27,1.46,-30.00,11.94,-38.50,7.56,0.54,7.10,1.26,0.14,1.64,-6.92,-2.09,5.94,-1.88,-0.58,1.28,5.01,-1.56,8.38,1.34,-0.43,2.21,-0.18,-0.79,9.91,0.20,-0.68,2.34,4.34,8.81,-2.94,0.71,2.14,-0.46
73.406675,7.33,1.97,6.21,1.80,0.35,1.45,-30.00,11.94,-38.50,7.69,0.62,7.19,1.14,0.14,1.55,-7.17,-1.92,6.00,-1.86,-0.56,1.27,5.23,-1.24,8.53,1.40,-0.40,2.20,-0.42,-0.25,10.31,0.24,-0.73,2.24,4.52,8.92,-3.21,0.70,2.11,-0.44
73.40669,7.26,1.93,6.18,1.76,0.33,1.46,-30.00,11.94,-38.50,7.82,0.54,7.03,1.09,0.12,1.51,-7.33,-1.74,6.12,-1.86,-0.60,1.26,5.37,-1.07,8.61,1.42,-0.39,2.22,-0.62,-0.02,10.33,0.25,-0.84,2.09,4.72,8.94,-3.31,0.69,2.10,-0.45
73.406703,7.29,1.86,6.41,1.79,0.35,1.45,-30.00,11.94,-38.50,7.81,1.04,7.48,1.01,0.08,1.49,-7.48,-1.83,6.03,-1.85,-0.62,1.26,5.17,-0.38,9.33,1.37,-0.39,2.24,0.37,-0.07,10.39,0.26,-0.93,1.98,4.55,9.03,-3.47,0.69,2.12,-0.48
73.406715,7.22,1.74,6.68,1.77,0.26,1.38,-30.00,11.94,-38.50,7.91,1.13,7.66,0.92,0.07,1.49,-7.55,-1.91,5.77,-1.83,-0.61,1.22,5.27,-0.40,9.39,1.22,-0.34,2.17,1.04,0.15,10.58,0.24,-0.65,2.06,4.32,9.06,-3.64,0.66,2.08,-0.51
73.41882,7.33,1.74,6.75,1.77,0.26,1.38,-32.69,13.88,-35.25,7.75,1.19,7.69,0.96,0.09,1.49,-7.69,-2.01,5.65,-1.80,-0.56,1.16,4.87,-0.09,9.63,1.05,-0.25,2.10,0.80,0.43,10.57,0.14,-0.36,2.12,4.15,9.16,-3.77,0.62,2.02,-0.52
73.44152,7.26,1.32,6.83,1.77,0.26,1.38,-33.25,13.00,-35.50,7.54,1.16,7.79,1.07,0.09,1.52,-7.78,-2.03,5.48,-1.77,-0.54,1.11,4.75,-0.05,9.61,0.92,-0.19,2.02,0.35,0.67,10.60,0.06,-0.21,2.10,3.98,9.16,-3.90,0.59,1.97,-0.49
73.463117,7.26,1.05,6.83,1.77,0.26,1.38,-33.00,15.81,-33.81,7.32,1.23,8.08,1.13,0.11,1.51,-7.85,-2.11,5.21,-1.73,-0.50,1.07,4.63,0.00,9.50,0.85,-0.15,1.94,0.12,0.77,10.40,0.01,-0.08,2.09,3.74,9.15,-4.04,0.58,1.90,-0.50
73.48482,7.26,0.86,6.91,1.77,0.26,1.38,-34.19,16.88,-34.31,7.01,1.30,8.28,1.13,0.13,1.48,-7.98,-2.20,5.05,-1.70,-0.45,1.03,4.35,0.24,9.62,0.80,-0.10,1.89,-0.33,1.08,10.46,-0.04,0.02,2.03,3.57,9.21,-4.20,0.57,1.84,-0.52
73.91345,7.02,0.55,6.75,1.77,0.26,1.38,-35.06,16.75,-34.00,6.69,1.26,8.40,1.07,0.13,1.46,-8.18,-2.30,4.94,-1.66,-0.47,0.97,4.07,0.34,9.52,0.75,-0.09,1.86,-0.64,1.16,10.20,-0.03,0.03,1.99,3.41,9.32,-4.31,0.52,1.79,-0.52
73.913477,7.02,0.36,6.64,1.45,0.07,1.21,-35.06,16.75,-34.00,6.44,1.14,8.35,1.02,0.10,1.45,-8.10,-2.36,4.84,-1.62,-0.50,0.92,3.81,0.32,9.43,0.75,-0.11,1.85,-0.89,1.07,9.95,0.00,-0.03,1.96,3.26,9.22,-4.28,0.46,1.77,-0.50
73.913491,7.11,0.40,6.60,1.45,0.07,1.21,-35.38,19.31,-35.06,6.31,0.79,8.04,0.99,0.05,1.42,-7.87,-2.34,4.68,-1.59,-0.53,0.90,3.72,0.10,9.15,0.77,-0.13,1.83,-0.93,0.94,9.73,0.05,-0.09,1.92,3.15,8.99,-4.14,0.42,1.76,-0.45
73.913504,7.14,0.44,6.45,1.46,0.13,1.14,-36.25,17.38,-30.81,6.36,0.61,7.74,1.09,0.04,1.38,-7.54,-2.31,4.47,-1.55,-0.51,0.92,3.69,0.04,9.14,0.83,-0.15,1.81,-0.88,0.89,9.67,0.13,-0.15,1.85,3.02,8.73,-4.02,0.45,1.73,-0.42
73.913516,6.91,0.63,6.48,1.46,0.13,1.14,-36.25,17.38,-30.81,6.10,1.40,8.48,1.08,0.06,1.30,-7.49,-2.44,4.28,-1.51,-0.45,0.90,3.56,0.45,9.35,0.81,-0.11,1.72,-1.05,1.11,9.59,0.17,-0.10,1.74,2.82,8.74,-4.09,0.48,1.65,-0.43
73.913529,6.76,0.51,6.68,1.22,0.20,1.14,-36.25,17.38,-30.81,5.98,1.64,8.78,0.96,0.10,1.19,-7.77,-2.54,4.21,-1.44,-0.37,0.85,3.44,0.71,9.43,0.76,-0.05,1.62,-1.16,1.30,9.52,0.24,-0.05,1.59,2.73,8.91,-4.30,0.47,1.54,-0.45
73.91354,6.80,0.21,6.87,1.22,0.20,1.14,-36.25,17.38,-30.81,5.88,1.34,8.43,0.92,0.12,1.14,-7.92,-2.41,4.23,-1.37,-0.35,0.80,3.23,0.70,9.28,0.77,-0.05,1.54,-1.16,1.24,9.29,0.34,-0.04,1.51,2.78,8.91,-4.42,0.46,1.46,-0.43
73.913622,7.03,-0.33,6.95,1.11,0.18,1.01,-36.25,17.38,-30.81,5.67,1.19,8.38,0.96,0.08,1.09,-8.08,-2.46,4.12,-1.29,-0.35,0.81,3.13,0.57,8.99,0.87,-0.08,1.48,-0.96,1.43,9.37,0.53,-0.09,1.51,2.65,8.99,-4.55,0.46,1.41,-0.36
73.913635,6.84,-0.25,6.87,1.13,0.22,0.93,-37.69,22.94,-31.38,5.67,1.37,8.65,0.97,0.05,1.05,-8.14,-2.50,4.03,-1.22,-0.35,0.79,3.20,1.03,9.55,0.90,-0.11,1.43,-1.04,2.01,9.94,0.58,-0.06,1.50,2.55,9.04,-4.65,0.44,1.36,-0.32
73.913648,6.68,-0.21,6.87,1.08,0.20,0.90,-37.69,22.94,-31.38,5.67,1.63,9.01,0.92,0.06,1.00,-8.30,-2.67,3.93,-1.17,-0.34,0.72,3.22,1.33,9.80,0.84,-0.07,1.36,-1.25,2.38,10.10,0.52,0.02,1.42,2.39,9.20,-4.78,0.39,1.28,-0.31
73.913659,6.61,-0.25,6.95,1.08,0.20,0.90,-37.69,24.88,-31.75,5.35,1.54,9.09,0.84,0.07,0.94,-8.30,-2.72,3.85,-1.11,-0.33,0.62,2.73,1.42,9.84,0.69,-0.03,1.26,-1.36,2.22,9.83,0.44,0.07,1.34,2.31,9.15,-4.77,0.32,1.19,-0.32
73.91367,6.72,-0.45,6.95,1.08,0.20,0.90,-37.69,23.44,-31.50,5.09,1.45,9.01,0.74,0.05,0.85,-8.15,-2.74,3.74,-1.04,-0.32,0.58,2.55,1.20,9.67,0.57,-0.06,1.14,-1.63,2.02,9.60,0.36,0.06,1.27,2.16,9.02,-4.66,0.29,1.12,-0.30
73.91368,7.06,-0.75,6.79,1.08,0.20,0.90,-37.69,23.44,-31.50,5.03,1.38,9.05,0.69,0.02,0.76,-8.04,-2.87,3.62,-0.96,-0.30,0.58,2.46,1.25,9.77,0.47,-0.09,1.03,-1.81,2.08,9.58,0.28,0.01,1.18,1.98,9.02,-4.59,0.30,1.06,-0.25
73.913694,6.76,-0.52,6.68,0.84,0.18,0.63,-37.69,23.44,-31.50,5.16,1.59,9.42,0.60,0.02,0.70,-8.12,-3.12,3.56,-0.87,-0.26,0.54,2.58,1.49,10.08,0.36,-0.06,0.93,-1.73,2.46,9.93,0.16,0.03,1.03,1.82,9.20,-4.62,0.28,0.96,-0.24
73.91621,6.80,-0.56,6.79,0.70,0.13,0.57,-37.69,23.44,-31.50,5.11,1.52,9.46,0.50,0.04,0.66,-8.23,-3.18,3.68,-0.78,-0.24,0.45,2.51,1.40,10.05,0.23,-0.01,0.83,-1.88,2.41,9.85,0.04,0.07,0.90,1.86,9.33,-4.61,0.21,0.85,-0.22
73.916231,7.18,-0.75,6.60,0.58,0.03,0.39,-37.69,23.44,-31.50,4.91,1.09,9.12,0.42,0.01,0.60,-8.22,-3.18,3.86,-0.69,-0.25,0.39,2.29,1.05,9.81,0.12,-0.04,0.75,-1.99,2.19,9.77,-0.06,0.03,0.78,1.96,9.37,-4.48,0.14,0.77,-0.16
73.916244,7.22,-0.56,6.56,0.58,0.03,0.39,-37.69,23.44,-31.50,4.87,0.82,8.91,0.39,-0.06,0.52,-8.12,-3.19,4.02,-0.60,-0.28,0.36,2.27,0.85,9.84,0.04,-0.09,0.68,-1.87,1.99,9.75,-0.13,-0.03,0.69,2.05,9.37,-4.31,0.10,0.73,-0.09
73.916256,7.29,-0.29,6.52,0.61,0.05,0.28,-37.69,23.44,-31.50,5.17,0.72,8.91,0.36,-0.13,0.44,-7.98,-3.20,4.21,-0.52,-0.31,0.35,2.52,0.60,9.76,-0.05,-0.16,0.61,-1.66,1.81,9.85,-0.19,-0.09,0.61,2.21,9.38,-4.11,0.06,0.69,-0.03
73.916271,7.29,-0.02,6.37,0.61,0.06,0.20,-37.69,23.44,-31.50,5.51,0.62,8.91,0.31,-0.17,0.39,-7.79,-3.16,4.38,-0.46,-0.33,0.32,2.76,0.30,9.69,-0.11,-0.19,0.54,-1.41,1.60,9.90,-0.25,-0.13,0.53,2.36,9.35,-3.90,0.04,0.64,0.01
73.916287,7.41,0.17,6.37,0.57,0.06,0.15,-37.69,23.44,-31.50,5.77,0.51,8.93,0.29,-0.18,0.35,-7.62,-3.22,4.46,-0.40,-0.31,0.29,2.99,0.02,9.64,-0.12,-0.20,0.48,-1.21,1.28,9.84,-0.29,-0.15,0.43,2.41,9.34,-3.73,0.03,0.58,0.02
73.933566,7.68,0.40,6.52,0.50,0.07,0.13,-38.31,26.81,-30.31,6.02,0.37,8.93,0.27,-0.15,0.28,-7.50,-3.05,4.65,-0.34,-0.23,0.28,3.24,-0.33,9.52,-0.07,-0.18,0.40,-0.72,0.92,9.72,-0.20,-0.14,0.38,2.64,9.25,-3.61,0.06,0.48,0.03
73.955257,7.71,0.28,6.56,0.50,0.07,0.13,-38.00,28.25,-30.56,6.13,0.35,8.91,0.26,-0.11,0.21,-7.53,-2.95,4.82,-0.30,-0.17,0.29,3.34,-0.28,9.78,-0.04,-0.15,0.34,-0.67,1.09,10.11,-0.13,-0.12,0.35,2.81,9.31,-3.63,0.10,0.43,0.04
73.97738,7.37,0.51,6.68,0.50,0.07,0.13,-38.00,28.25,-30.56,6.33,0.66,9.21,0.16,-0.06,0.14,-7.76,-2.90,4.94,-0.29,-0.11,0.27,3.64,0.00,10.11,-0.11,-0.10,0.27,-0.60,1.46,10.46,-0.22,-0.07,0.25,2.96,9.48,-3.81,0.10,0.38,0.02
73.999364,7.22,0.55,6.91,0.24,0.12,0.18,-38.00,28.25,-30.56,6.38,0.82,9.25,0.04,0.01,0.10,-7.92,-2.78,4.99,-0.28,-0.07,0.21,3.65,0.16,10.29,-0.27,-0.03,0.20,-0.72,1.57,10.53,-0.33,-0.03,0.14,3.06,9.51,-3.97,0.08,0.32,0.00
74.422005,7.29,0.21,6.98,0.24,0.12,0.18,-38.00,28.25,-30.56,6.14,0.80,9.21,-0.09,0.06,0.05,-8.03,-2.67,4.99,-0.26,-0.06,0.18,3.65,0.03,10.25,-0.46,-0.00,0.13,-0.67,1.43,10.41,-0.43,-0.04,0.06,3.11,9.46,-4.05,0.05,0.29,0.03
74.423315,7.22,0.17,6.98,0.18,0.07,0.13,-38.00,28.25,-30.56,6.12,0.79,9.06,-0.19,0.08,0.04,-8.02,-2.69,4.91,-0.24,-0.07,0.16,3.45,0.08,10.11,-0.61,0.03,0.08,-0.68,1.39,10.30,-0.48,-0.06,0.02,3.07,9.46,-4.07,0.03,0.28,0.05
74.42333,7.06,0.40,6.83,0.19,0.06,0.09,-38.00,28.25,-30.56,6.20,0.79,9.03,-0.22,0.08,0.04,-7.95,-2.81,4.75,-0.21,-0.06,0.11,3.49,-0.02,9.89,-0.67,0.04,0.04,-0.71,1.33,10.18,-0.49,-0.04,-0.03,2.93,9.39,-4.04,-0.01,0.23,0.03
74.423341,7.02,0.21,6.68,0.01,-0.03,0.03,-38.00,28.25,-30.56,6.03,0.77,9.20,-0.25,0.14,0.05,-7.75,-2.73,4.60,-0.17,-0.03,0.06,3.44,-0.25,9.95,-0.72,0.08,0.01,-0.67,1.08,10.06,-0.51,-0.00,-0.08,2.83,9.15,-3.96,-0.04,0.16,0.01
74.423352,7.14,0.05,6.64,0.01,-0.03,0.03,-37.69,27.88,-30.88,5.19,0.50,9.09,-0.43,0.20,-0.07,-7.55,-2.73,4.39,-0.13,0.01,0.04,2.97,-0.44,10.05,-0.91,0.16,-0.05,-0.88,0.84,10.03,-0.57,0.03,-0.16,2.66,8.96,-3.89,-0.02,0.10,0.02
74.423364,7.29,-0.06,6.64,-0.03,0.03,0.02,-37.69,27.88,-30.88,5.13,0.31,8.89,-0.58,0.17,-0.24,-7.56,-2.87,4.30,-0.07,0.08,0.06,2.45,-0.53,9.65,-1.11,0.15,-0.16,-1.29,0.66,9.89,-0.66,0.06,-0.25,2.50,9.04,-3.90,0.02,0.04,0.05
74.423375,7.26,-0.14,6.56,-0.05,0.14,-0.01,-37.69,27.88,-30.88,5.23,0.17,8.75,-0.61,0.12,-0.35,-7.77,-2.99,4.35,0.01,0.10,0.06,2.66,-0.88,9.32,-1.11,0.16,-0.26,-1.41,0.60,9.72,-0.68,0.14,-0.38,2.48,9.24,-3.99,0.03,-0.03,0.09
74.423457,7.11,-0.10,6.60,-0.05,0.14,-0.01,-38.31,27.94,-31.19,5.40,0.12,8.87,-0.58,0.10,-0.42,-7.88,-2.85,4.54,0.07,0.09,0.05,2.78,-1.09,9.47,-1.06,0.19,-0.32,-1.04,0.47,9.84,-0.66,0.20,-0.45,2.70,9.27,-4.02,0.01,-0.07,0.13
74.423466,6.99,0.09,6.56,-0.09,0.09,-0.19,-38.31,26.94,-30.69,5.53,0.24,9.27,-0.67,0.10,-0.47,-7.87,-2.86,4.56,0.11,0.05,0.01,2.98,-1.11,9.73,-1.08,0.23,-0.36,-0.76,0.47,10.23,-0.68,0.31,-0.43,2.77,9.31,-4.02,-0.03,-0.09,0.13
74.423479,7.07,0.44,6.68,-0.16,0.03,-0.21,-38.31,26.94,-30.69,5.70,0.24,9.26,-0.77,0.12,-0.49,-7.88,-2.93,4.59,0.15,0.07,-0.06,3.08,-1.33,9.66,-1.05,0.26,-0.38,-1.17,0.28,9.98,-0.68,0.36,-0.47,2.78,9.36,-4.00,-0.08,-0.15,0.10
74.423491,7.07,0.44,6.68,-0.16,0.03,-0.21,-38.31,26.94,-30.69,5.77,-0.01,9.26,-0.86,0.14,-0.51,-7.86,-2.88,4.70,0.20,0.06,-0.12,2.89,-1.60,9.68,-1.06,0.30,-0.41,-0.92,-0.06,9.98,-0.65,0.36,-0.49,2.84,9.32,-3.91,-0.14,-0.20,0.11
74.423502,7.41,0.25,6.37,-0.21,-0.04,-0.30,-38.31,26.94,-30.69,5.75,-0.36,9.12,-0.93,0.16,-0.52,-7.66,-2.93,4.71,0.24,0.03,-0.14,2.86,-2.08,9.30,-1.06,0.30,-0.43,-1.19,-0.54,9.58,-0.58,0.34,-0.49,2.79,9.25,-3.71,-0.17,-0.23,0.16
74.423514,7.41,0.32,6.37,-0.23,-0.02,-0.32,-38.31,26.94,-30.69,5.48,-0.70,8.76,-0.94,0.07,-0.55,-7.55,-2.93,4.72,0.28,0.04,-0.15,2.67,-2.31,9.20,-1.01,0.29,-0.47,-1.25,-0.75,9.63,-0.50,0.31,-0.52,2.81,9.19,-3.62,-0.18,-0.26,0.20
74.423524,7.49,0.21,6.37,-0.29,0.01,-0.34,-38.31,26.94,-30.69,5.50,-0.81,8.81,-0.91,0.03,-0.59,-7.51,-2.85,4.80,0.31,0.05,-0.15,2.72,-2.38,9.45,-0.98,0.26,-0.52,-1.43,-0.80,9.72,-0.44,0.28,-0.56,2.92,9.13,-3.57,-0.17,-0.29,0.25
74.426818,7.37,0.28,6.37,-0.29,0.01,-0.34,-38.56,25.50,-32.56,5.71,-0.80,8.87,-0.94,-0.03,-0.61,-7.52,-2.73,4.86,0.33,0.05,-0.13,2.93,-2.59,9.21,-1.00,0.25,-0.56,-1.30,-0.76,9.93,-0.45,0.26,-0.62,3.09,9.13,-3.62,-0.16,-0.30,0.28
74.426838,7.29,0.36,6.45,-0.29,0.01,-0.34,-38.00,25.12,-32.88,5.82,-0.81,8.92,-0.98,-0.09,-0.60,-7.50,-2.53,4.96,0.34,0.06,-0.10,3.21,-2.72,9.46,-1.02,0.26,-0.52,-1.07,-0.86,10.00,-0.48,0.26,-0.64,3.22,9.02,-3.61,-0.13,-0.28,0.28
74.426852,7.26,0.51,6.60,-0.29,0.01,-0.34,-38.00,25.12,-32.88,5.79,-0.85,8.79,-1.05,-0.08,-0.66,-7.49,-2.67,4.79,0.36,0.10,-0.08,2.89,-2.75,9.43,-1.12,0.33,-0.54,-1.48,-0.91,9.97,-0.53,0.32,-0.73,3.06,9.05,-3.68,-0.12,-0.31,0.32
74.426864,7.33,0.63,6.75,-0.32,0.10,-0.35,-38.00,25.12,-32.88,5.88,-0.98,8.63,-0.97,-0.03,-0.72,-7.68,-2.70,4.68,0.41,0.16,-0.09,2.91,-3.01,8.91,-1.09,0.37,-0.59,-1.38,-1.13,9.58,-0.49,0.31,-0.82,3.03,9.16,-3.87,-0.10,-0.38,0.35
74.426876,7.07,0.32,6.91,-0.32,0.10,-0.35,-37.69,23.50,-31.88,6.11,-0.89,8.84,-0.85,0.02,-0.74,-7.80,-2.42,4.75,0.46,0.20,-0.10,3.02,-2.98,9.23,-1.01,0.37,-0.61,-1.26,-0.98,9.81,-0.40,0.28,-0.83,3.27,9.09,-4.06,-0.09,-0.44,0.36
74.426888,6.88,0.44,7.05,-0.45,0.14,-0.43,-37.69,23.50,-31.88,6.18,-0.74,9.08,-0.75,0.09,-0.70,-8.00,-2.40,4.72,0.50,0.23,-0.13,3.24,-3.09,9.44,-0.96,0.39,-0.62,-1.20,-0.76,10.25,-0.35,0.34,-0.82,3.34,9.19,-4.23,-0.10,-0.49,0.35
74.446913,6.84,0.44,7.10,-0.48,0.12,-0.45,-37.69,23.50,-31.88,6.00,-0.54,9.45,-0.82,0.18,-0.65,-8.12,-2.30,4.72,0.54,0.23,-0.18,3.15,-2.93,9.74,-1.03,0.50,-0.57,-1.69,-0.62,10.51,-0.45,0.44,-0.92,3.41,9.20,-4.35,-0.15,-0.54,0.35
74.470845,6.76,0.48,7.21,-0.54,0.08,-0.49,-37.44,23.94,-31.56,5.72,-0.82,8.95,-0.87,0.18,-0.70,-8.24,-2.29,4.65,0.61,0.24,-0.25,2.63,-3.17,9.13,-1.02,0.54,-0.62,-2.13,-1.10,9.67,-0.48,0.40,-1.06,3.39,9.21,-4.46,-0.19,-0.61,0.34
74.492486,7.10,0.25,7.29,-0.54,0.08,-0.49,-37.06,21.75,-34.06,5.51,-0.92,8.93,-0.80,0.16,-0.79,-8.24,-2.19,4.56,0.68,0.25,-0.27,2.59,-3.50,8.74,-0.90,0.54,-0.70,-1.75,-1.45,9.31,-0.35,0.29,-1.13,3.38,9.08,-4.47,-0.19,-0.67,0.35
74.514523,7.03,0.21,7.33,-0.54,0.08,-0.49,-37.06,21.75,-34.06,5.89,-1.05,8.91,-0.68,0.15,-0.89,-8.14,-2.09,4.45,0.75,0.25,-0.26,2.72,-3.67,8.71,-0.66,0.48,-0.79,-1.67,-1.33,9.72,-0.16,0.25,-1.08,3.36,8.97,-4.48,-0.18,-0.72,0.38
74.934483,6.45,0.51,7.21,-0.54,0.08,-0.49,-37.06,21.75,-34.06,5.86,-0.50,9.79,-0.64,0.18,-0.93,-8.39,-2.20,4.47,0.80,0.29,-0.32,2.85,-3.06,10.06,-0.60,0.50,-0.85,-1.83,-0.84,10.52,-0.19,0.36,-1.17,3.38,9.23,-4.70,-0.23,-0.80,0.39
74.934513,6.57,0.36,7.40,-0.79,0.03,-0.72,-37.06,21.75,-34.06,5.98,-0.53,9.75,-0.77,0.25,-0.91,-8.68,-2.07,4.60,0.84,0.30,-0.44,3.11,-3.27,9.86,-0.67,0.58,-0.85,-1.89,-0.94,10.35,-0.23,0.42,-1.26,3.58,9.35,-4.87,-0.33,-0.88,0.37
74.934524,6.76,0.25,7.52,-0.84,-0.11,-0.77,-37.06,21.75,-34.06,5.89,-0.51,9.63,-0.83,0.24,-0.91,-8.72,-2.07,4.59,0.88,0.27,-0.55,2.86,-3.37,9.72,-0.68,0.61,-0.84,-1.91,-1.18,10.08,-0.20,0.39,-1.30,3.59,9.34,-4.88,-0.42,-0.95,0.37
74.934536,6.80,0.51,7.40,-0.93,-0.20,-0.92,-36.19,19.75,-35.19,5.83,-0.61,9.45,-0.86,0.23,-0.94,-8.64,-2.02,4.59,0.96,0.25,-0.65,2.79,-3.49,9.43,-0.67,0.64,-0.92,-1.89,-1.25,10.14,-0.13,0.36,-1.36,3.66,9.26,-4.81,-0.51,-1.03,0.36
74.934548,6.80,0.51,7.25,-0.93,-0.20,-0.92,-36.19,19.75,-35.19,5.89,-0.60,9.41,-0.87,0.21,-0.98,-8.53,-1.92,4.70,0.99,0.22,-0.72,2.83,-3.47,9.53,-0.64,0.64,-1.00,-1.70,-1.24,10.29,-0.13,0.40,-1.40,3.79,9.19,-4.72,-0.57,-1.08,0.35
74.934566,6.68,0.63,7.21,-0.98,-0.23,-0.96,-36.19,19.75,-35.19,6.02,-0.62,9.28,-0.90,0.19,-1.02,-8.43,-1.83,4.76,1.02,0.21,-0.80,2.99,-3.52,9.47,-0.64,0.65,-1.08,-1.54,-1.28,10.38,-0.15,0.43,-1.47,3.92,9.05,-4.62,-0.64,-1.13,0.32
74.934577,6.88,0.63,7.17,-1.05,-0.32,-1.00,-36.19,19.75,-35.19,6.16,-0.81,8.93,-0.93,0.17,-1.07,-8.20,-1.70,4.79,1.05,0.20,-0.85,3.13,-3.75,9.10,-0.65,0.66,-1.13,-1.37,-1.63,9.92,-0.16,0.49,-1.50,3.96,8.87,-4.48,-0.67,-1.16,0.33
74.934589,6.95,0.70,7.10,-1.05,-0.27,-1.02,-36.19,19.75,-35.19,6.26,-0.85,8.81,-0.94,0.18,-1.10,-8.05,-1.77,4.77,1.09,0.22,-0.87,3.24,-3.88,8.93,-0.64,0.68,-1.15,-1.37,-1.78,9.76,-0.11,0.47,-1.54,3.92,8.83,-4.37,-0.68,-1.21,0.34
74.934612,6.88,0.86,7.02,-1.05,-0.27,-1.02,-34.50,18.25,-34.25,6.32,-0.78,8.83,-0.96,0.21,-1.13,-7.99,-1.78,4.85,1.14,0.24,-0.89,3.28,-3.84,8.95,-0.63,0.71,-1.17,-1.31,-1.82,9.74,-0.05,0.44,-1.58,3.98,8.82,-4.27,-0.70,-1.27,0.36
74.934623,6.80,0.93,6.95,-1.10,-0.25,-1.06,-34.50,18.25,-34.25,6.45,-0.73,8.86,-1.01,0.23,-1.15,-7.90,-1.68,4.93,1.17,0.27,-0.93,3.45,-3.81,9.04,-0.66,0.77,-1.20,-1.14,-1.72,9.96,-0.04,0.45,-1.65,4.10,8.73,-4.21,-0.72,-1.32,0.35
74.934634,6.76,0.93,7.02,-1.25,-0.29,-1.08,-34.50,18.25,-34.25,6.61,-0.77,8.77,-1.06,0.28,-1.18,-7.84,-1.62,4.96,1.19,0.31,-0.97,3.61,-3.95,8.91,-0.66,0.83,-1.23,-0.69,-1.90,9.86,-0.03,0.53,-1.65,4.18,8.70,-4.19,-0.72,-1.38,0.30
74.934645,6.88,0.97,6.99,-1.25,-0.29,-1.08,-33.00,15.31,-35.50,6.48,-0.92,8.50,-1.07,0.32,-1.21,-7.85,-1.67,5.01,1.21,0.34,-1.00,3.51,-4.11,8.68,-0.65,0.89,-1.23,-0.83,-2.10,9.62,0.01,0.58,-1.63,4.16,8.72,-4.15,-0.71,-1.42,0.27
74.934657,7.03,0.93,6.91,-1.25,-0.29,-1.08,-34.19,13.69,-36.25,6.44,-1.03,8.32,-1.03,0.31,-1.26,-7.83,-1.68,5.13,1.24,0.36,-1.00,3.25,-4.13,8.50,-0.61,0.92,-1.25,-1.09,-2.09,9.69,0.08,0.57,-1.62,4.20,8.76,-4.07,-0.71,-1.45,0.30
74.934668,7.03,0.89,6.83,-1.25,-0.29,-1.08,-34.19,13.69,-36.25,6.58,-0.95,8.49,-1.02,0.30,-1.28,-7.86,-1.68,5.25,1.27,0.35,-1.01,3.37,-4.06,8.72,-0.59,0.89,-1.30,-0.98,-2.09,9.78,0.09,0.56,-1.65,4.28,8.80,-4.02,-0.73,-1.47,0.33
74.936927,6.99,1.20,6.68,-1.30,-0.28,-1.16,-32.69,14.06,-36.06,6.82,-1.00,8.42,-1.05,0.31,-1.28,-7.74,-1.71,5.30,1.28,0.33,-1.03,3.58,-4.15,8.68,-0.58,0.88,-1.34,-0.78,-2.17,9.78,0.10,0.56,-1.67,4.31,8.78,-3.91,-0.75,-1.48,0.33
74.936948,7.03,1.32,6.71,-1.33,-0.30,-1.15,-32.69,14.06,-36.06,6.81,-0.99,8.47,-1.09,0.34,-1.28,-7.65,-1.77,5.25,1.29,0.35,-1.06,3.65,-4.22,8.66,-0.59,0.91,-1.36,-0.73,-2.26,9.74,0.13,0.57,-1.69,4.24,8.77,-3.86,-0.77,-1.52,0.32
74.936962,7.14,1.16,6.71,-1.41,-0.31,-1.15,-32.69,14.06,-36.06,6.79,-1.11,8.41,-1.12,0.38,-1.31,-7.57,-1.77,5.17,1.31,0.41,-1.09,3.56,-4.38,8.54,-0.57,0.96,-1.39,-0.78,-2.41,9.62,0.17,0.59,-1.70,4.19,8.71,-3.82,-0.76,-1.58,0.29
74.936973,7.29,1.01,6.71,-1.47,-0.27,-1.15,-32.69,14.06,-36.06,6.70,-1.24,8.33,-1.11,0.41,-1.34,-7.69,-1.85,5.21,1.33,0.46,-1.08,3.47,-4.42,8.57,-0.55,0.98,-1.42,-0.82,-2.38,9.80,0.20,0.62,-1.70,4.17,8.85,-3.84,-0.73,-1.61,0.28
74.936988,7.26,0.86,6.64,-1.47,-0.27,-1.15,-30.88,13.25,-38.44,6.68,-1.21,8.46,-1.11,0.42,-1.37,-7.88,-1.95,5.31,1.34,0.47,-1.10,3.37,-4.34,8.75,-0.54,0.99,-1.44,-1.07,-2.28,9.94,0.21,0.63,-1.72,4.18,9.05,-3.90,-0.73,-1.63,0.27
74.944452,7.11,0.93,6.64,-1.47,-0.27,-1.15,-31.19,12.50,-39.00,6.78,-1.13,8.56,-1.14,0.40,-1.39,-8.01,-1.93,5.43,1.36,0.43,-1.13,3.52,-4.23,8.96,-0.57,0.98,-1.47,-1.09,-2.12,10.17,0.17,0.63,-1.77,4.28,9.12,-3.93,-0.79,-1.64,0.30
74.96207,7.02,1.05,6.64,-1.46,-0.33,-1.22,-31.19,12.50,-39.00,6.88,-1.12,8.54,-1.18,0.40,-1.38,-7.97,-1.87,5.45,1.36,0.40,-1.17,3.63,-4.28,8.87,-0.61,0.99,-1.47,-0.92,-2.16,10.11,0.14,0.64,-1.80,4.35,9.08,-3.91,-0.83,-1.64,0.29
74.983398,7.11,1.05,6.64,-1.46,-0.40,-1.22,-31.19,12.50,-39.00,6.85,-1.27,8.29,-1.21,0.39,-1.36,-7.80,-1.85,5.42,1.36,0.38,-1.21,3.60,-4.38,8.63,-0.64,0.99,-1.46,-0.82,-2.31,9.92,0.11,0.63,-1.81,4.33,8.96,-3.80,-0.86,-1.65,0.27
75.007717,7.29,1.01,6.41,-1.46,-0.40,-1.22,-29.06,11.31,-39.88,6.84,-1.48,8.05,-1.20,0.38,-1.35,-7.61,-1.87,5.40,1.36,0.38,-1.21,3.50,-4.59,8.30,-0.62,0.97,-1.46,-0.76,-2.55,9.63,0.13,0.60,-1.80,4.27,8.87,-3.64,-0.86,-1.64,0.26
75.028818,7.37,1.01,6.29,-1.46,-0.40,-1.22,-28.75,9.19,-40.56,6.87,-1.51,8.16,-1.18,0.38,-1.34,-7.55,-2.05,5.43,1.35,0.39,-1.21,3.52,-4.54,8.52,-0.62,0.96,-1.46,-0.80,-2.51,9.79,0.13,0.59,-1.79,4.17,8.95,-3.52,-0.86,-1.64,0.26
75.444449,7.29,1.09,6.14,-1.46,-0.40,-1.22,-28.75,9.19,-40.56,6.86,-1.52,8.23,-1.20,0.39,-1.32,-7.55,-2.17,5.53,1.35,0.37,-1.23,3.54,-4.62,8.43,-0.65,0.97,-1.46,-0.79,-2.60,9.71,0.10,0.61,-1.80,4.16,9.03,-3.42,-0.88,-1.64,0.26
75.444489,7.41,1.16,6.06,-1.46,-0.44,-1.23,-28.50,10.81,-39.44,6.81,-1.66,8.01,-1.24,0.41,-1.30,-7.46,-2.23,5.64,1.35,0.33,-1.25,3.58,-4.69,8.39,-0.69,0.98,-1.44,-0.69,-2.68,9.73,0.07,0.60,-1.82,4.22,9.05,-3.27,-0.91,-1.62,0.27
75.444504,7.56,1.32,5.91,-1.46,-0.44,-1.23,-28.50,8.25,-40.06,6.89,-1.81,7.87,-1.27,0.37,-1.30,-7.30,-2.25,5.71,1.34,0.30,-1.26,3.61,-4.87,8.16,-0.72,0.97,-1.43,-0.56,-2.89,9.59,0.06,0.58,-1.81,4.24,9.00,-3.10,-0.94,-1.60,0.27
75.444517,7.64,1.36,5.83,-1.40,-0.47,-1.22,-28.50,8.25,-40.06,7.02,-1.88,7.89,-1.28,0.35,-1.29,-7.18,-2.37,5.72,1.32,0.32,-1.28,3.65,-4.94,8.21,-0.74,0.96,-1.41,-0.47,-2.97,9.63,0.03,0.58,-1.80,4.19,9.02,-2.95,-0.94,-1.61,0.24
75.44453,7.71,1.32,5.61,-1.41,-0.48,-1.20,-28.50,8.25,-40.06,7.02,-2.12,7.71,-1.32,0.36,-1.26,-7.15,-2.41,5.93,1.30,0.32,-1.29,3.64,-5.14,7.97,-0.77,0.97,-1.39,-0.34,-3.14,9.59,-0.01,0.60,-1.78,4.27,9.08,-2.80,-0.95,-1.59,0.21
75.444543,7.95,1.16,5.49,-1.40,-0.53,-1.19,-28.50,8.25,-40.06,7.00,-2.46,7.36,-1.29,0.33,-1.25,-7.01,-2.50,6.03,1.27,0.29,-1.28,3.56,-5.44,7.61,-0.75,0.94,-1.36,-0.25,-3.45,9.33,-0.02,0.58,-1.72,4.24,9.09,-2.56,-0.96,-1.54,0.21
75.444555,8.06,1.39,5.34,-1.30,-0.51,-1.17,-28.50,8.25,-40.06,7.01,-2.59,7.39,-1.25,0.30,-1.24,-6.83,-2.68,6.11,1.24,0.26,-1.25,3.45,-5.48,7.69,-0.72,0.90,-1.34,-0.50,-3.63,9.25,-0.01,0.54,-1.70,4.16,9.10,-2.33,-0.95,-1.50,0.24
75.444567,8.06,1.39,5.34,-1.28,-0.47,-1.15,-27.00,10.94,-43.75,7.16,-2.79,7.32,-1.22,0.28,-1.22,-6.74,-2.74,6.22,1.21,0.23,-1.21,3.59,-5.72,7.52,-0.72,0.87,-1.34,-0.31,-3.75,9.28,-0.01,0.52,-1.69,4.21,9.14,-2.17,-0.94,-1.45,0.26
75.444581,8.21,1.47,5.07,-1.28,-0.47,-1.15,-25.50,10.44,-43.69,7.44,-3.05,7.17,-1.16,0.28,-1.16,-6.47,-2.79,6.24,1.15,0.23,-1.18,3.87,-5.96,7.37,-0.69,0.83,-1.27,0.08,-3.95,9.25,-0.03,0.51,-1.63,4.22,9.07,-1.95,-0.90,-1.40,0.22
75.444594,8.21,1.70,5.07,-1.19,-0.46,-1.03,-25.50,10.44,-43.69,7.50,-3.03,7.36,-1.12,0.31,-1.10,-6.31,-2.94,6.25,1.08,0.29,-1.17,3.96,-6.07,7.38,-0.66,0.85,-1.19,0.17,-4.11,9.20,-0.04,0.53,-1.57,4.14,9.06,-1.76,-0.86,-1.38,0.15
75.444606,8.25,1.74,4.99,-1.22,-0.44,-0.94,-25.50,10.44,-43.69,7.50,-3.26,7.25,-1.10,0.37,-1.04,-6.25,-2.96,6.31,1.02,0.35,-1.14,3.90,-6.33,7.11,-0.62,0.88,-1.13,0.19,-4.30,9.08,-0.03,0.58,-1.50,4.15,9.04,-1.65,-0.79,-1.35,0.08
75.444618,8.48,1.28,4.84,-1.25,-0.42,-0.86,-27.00,11.06,-44.50,7.41,-3.51,7.12,-1.04,0.41,-0.97,-6.24,-3.05,6.38,0.95,0.36,-1.06,3.60,-6.35,7.22,-0.57,0.88,-1.03,0.10,-4.47,8.97,-0.02,0.60,-1.40,4.08,9.12,-1.55,-0.71,-1.28,0.05
75.444628,8.48,1.39,4.88,-1.25,-0.42,-0.86,-27.00,11.06,-44.50,7.24,-3.50,7.27,-0.97,0.42,-0.93,-6.30,-3.23,6.36,0.90,0.36,-1.01,3.44,-6.37,7.27,-0.53,0.88,-0.99,-0.06,-4.51,8.99,-0.01,0.61,-1.32,3.94,9.26,-1.54,-0.65,-1.23,0.04
75.44464,8.41,1.20,4.80,-1.14,-0.33,-0.72,-27.00,11.06,-44.50,7.12,-3.62,7.24,-0.92,0.45,-0.88,-6.31,-3.42,6.26,0.84,0.38,-0.98,3.30,-6.44,7.19,-0.49,0.86,-0.94,-0.30,-4.53,8.98,0.01,0.62,-1.24,3.80,9.34,-1.53,-0.62,-1.20,0.01
75.447194,8.45,1.05,4.64,-1.06,-0.32,-0.64,-27.00,11.06,-44.50,6.88,-3.68,7.25,-0.87,0.43,-0.83,-6.34,-3.50,6.35,0.77,0.39,-0.94,3.12,-6.34,7.34,-0.47,0.82,-0.88,-0.46,-4.50,9.00,-0.01,0.59,-1.18,3.78,9.42,-1.47,-0.60,-1.14,0.00
75.447216,8.33,1.09,4.49,-1.06,-0.32,-0.64,-26.06,11.06,-46.31,6.89,-3.72,7.35,-0.86,0.40,-0.78,-6.33,-3.64,6.37,0.73,0.37,-0.92,3.12,-6.39,7.36,-0.49,0.79,-0.83,-0.46,-4.55,9.00,-0.05,0.57,-1.12,3.73,9.46,-1.38,-0.60,-1.07,-0.01
75.447229,8.45,1.12,4.45,-1.06,-0.32,-0.64,-26.06,11.06,-46.31,6.91,-4.04,7.12,-0.86,0.37,-0.71,-6.17,-3.70,6.44,0.67,0.32,-0.89,3.05,-6.60,7.12,-0.52,0.76,-0.75,-0.40,-4.78,8.84,-0.10,0.55,-1.04,3.70,9.44,-1.17,-0.59,-0.99,-0.02
75.447242,8.75,1.01,4.07,-0.83,-0.36,-0.54,-26.06,11.81,-47.50,6.79,-4.25,7.05,-0.82,0.33,-0.62,-6.02,-4.01,6.46,0.59,0.26,-0.84,2.85,-6.81,6.93,-0.52,0.70,-0.66,-0.55,-5.03,8.68,-0.14,0.51,-0.96,3.52,9.53,-0.88,-0.58,-0.89,-0.04
75.447255,8.79,1.16,3.92,-0.77,-0.38,-0.52,-26.06,11.81,-47.50,6.84,-4.53,6.88,-0.77,0.31,-0.56,-5.82,-4.20,6.49,0.54,0.23,-0.82,2.88,-7.06,6.78,-0.52,0.66,-0.61,-0.56,-5.26,8.57,-0.17,0.48,-0.92,3.41,9.53,-0.66,-0.58,-0.83,-0.05
75.460619,9.02,1.16,3.69,-0.77,-0.38,-0.52,-25.75,11.62,-46.75,6.90,-4.86,6.63,-0.71,0.30,-0.47,-5.55,-4.27,6.65,0.48,0.21,-0.77,2.87,-7.42,6.41,-0.49,0.62,-0.52,-0.25,-5.66,8.33,-0.21,0.46,-0.86,3.47,9.47,-0.33,-0.55,-0.75,-0.06
75.485494,9.29,1.43,3.54,-0.54,-0.24,-0.36,-25.75,13.81,-48.25,6.95,-5.33,6.18,-0.60,0.27,-0.39,-5.26,-4.05,6.94,0.40,0.18,-0.64,2.89,-7.86,5.95,-0.42,0.53,-0.44,0.02,-6.15,7.95,-0.18,0.40,-0.73,3.76,9.28,-0.00,-0.45,-0.62,-0.05
75.507633,9.56,1.24,3.54,-0.34,-0.09,-0.23,-25.75,13.81,-48.25,7.03,-5.62,5.89,-0.41,0.24,-0.31,-5.05,-4.06,6.97,0.29,0.16,-0.46,3.05,-8.16,5.61,-0.29,0.41,-0.33,0.23,-6.29,7.97,-0.13,0.33,-0.56,3.73,9.22,0.17,-0.31,-0.46,-0.03
75.529806,9.32,1.62,3.57,-0.34,-0.09,-0.23,-24.88,12.50,-46.56,7.16,-5.29,6.48,-0.27,0.21,-0.26,-5.17,-4.28,6.98,0.19,0.17,-0.32,3.10,-7.89,6.24,-0.18,0.33,-0.22,0.19,-6.19,8.18,-0.09,0.29,-0.40,3.67,9.47,0.11,-0.19,-0.35,-0.05
75.950943,9.09,1.66,4.00,-0.29,-0.01,-0.02,-24.88,12.50,-46.56,7.32,-5.07,6.80,-0.20,0.23,-0.19,-5.39,-4.31,6.99,0.09,0.19,-0.25,3.21,-7.70,6.53,-0.12,0.31,-0.13,0.13,-6.01,8.45,-0.06,0.30,-0.27,3.71,9.59,-0.06,-0.13,-0.28,-0.10
75.953877,9.14,1.59,4.15,-0.27,-0.02,0.06,-24.88,12.50,-46.56,7.30,-4.97,6.82,-0.13,0.24,-0.12,-5.47,-4.20,7.00,0.00,0.22,-0.20,3.20,-7.67,6.53,-0.07,0.29,-0.06,0.08,-5.94,8.52,-0.05,0.30,-0.16,3.80,9.57,-0.18,-0.06,-0.21,-0.15
75.953903,9.13,1.66,4.26,-0.27,-0.02,0.06,-25.12,15.94,-49.31,7.38,-4.87,6.96,-0.07,0.25,-0.06,-5.66,-4.11,7.07,-0.08,0.25,-0.15,3.30,-7.58,6.72,-0.02,0.26,0.02,0.04,-5.81,8.69,-0.04,0.29,-0.06,3.91,9.67,-0.35,-0.00,-0.15,-0.21
75.953916,8.98,1.59,4.30,-0.27,-0.02,0.06,-25.44,13.94,-48.62,7.27,-4.84,7.00,-0.03,0.23,0.02,-5.89,-4.10,7.24,-0.15,0.23,-0.11,3.18,-7.51,6.86,0.01,0.22,0.10,-0.22,-5.70,8.83,-0.04,0.25,0.05,4.01,9.85,-0.42,0.02,-0.06,-0.23
75.953929,9.06,1.47,4.26,-0.27,-0.02,0.06,-25.38,16.50,-49.75,7.21,-4.89,6.89,0.02,0.17,0.11,-5.96,-4.08,7.35,-0.23,0.15,-0.06,3.10,-7.49,6.82,0.01,0.14,0.19,-0.24,-5.67,8.88,-0.08,0.18,0.14,4.06,9.88,-0.40,0.02,0.07,-0.22
75.953943,9.02,1.43,4.00,-0.27,-0.02,0.06,-25.44,15.44,-49.19,7.29,-4.94,6.90,0.07,0.12,0.21,-5.79,-4.21,7.14,-0.34,0.07,-0.01,3.18,-7.51,6.81,0.01,0.07,0.29,-0.18,-5.71,8.77,-0.13,0.12,0.24,3.84,9.80,-0.33,0.02,0.20,-0.22
75.953956,9.14,1.36,3.92,-0.27,-0.02,0.06,-25.44,15.44,-49.19,7.04,-4.99,6.96,0.13,0.11,0.31,-5.69,-4.43,6.87,-0.43,0.04,0.02,2.90,-7.54,6.71,0.03,0.02,0.39,-0.40,-5.80,8.56,-0.15,0.09,0.34,3.52,9.78,-0.30,0.03,0.29,-0.25
75.953967,9.14,1.09,3.80,0.21,-0.06,0.40,-25.44,15.44,-49.19,6.69,-5.10,6.84,0.18,0.08,0.40,-5.78,-4.52,6.88,-0.49,-0.01,0.06,2.64,-7.57,6.63,0.04,-0.03,0.47,-0.65,-5.84,8.45,-0.19,0.04,0.41,3.47,9.85,-0.31,0.04,0.38,-0.27
75.953979,9.18,0.86,3.69,0.30,-0.06,0.42,-25.44,15.44,-49.19,6.65,-5.16,6.79,0.24,0.00,0.47,-5.72,-4.46,6.75,-0.56,-0.07,0.11,2.38,-7.51,6.62,0.06,-0.13,0.54,-0.61,-5.91,8.28,-0.21,-0.04,0.50,3.37,9.71,-0.33,0.06,0.48,-0.27
75.953993,9.21,0.86,3.80,0.46,-0.05,0.45,-25.44,15.44,-49.19,6.71,-5.03,7.00,0.31,-0.03,0.53,-5.55,-4.33,6.41,-0.62,-0.10,0.19,2.59,-7.51,6.56,0.11,-0.18,0.59,-0.45,-5.91,8.10,-0.18,-0.07,0.59,3.21,9.43,-0.44,0.12,0.57,-0.28
75.954004,9.13,1.05,4.07,0.46,-0.05,0.45,-26.94,14.50,-47.31,6.67,-4.81,7.16,0.40,0.01,0.57,-5.65,-4.24,6.14,-0.70,-0.06,0.28,2.69,-7.32,6.68,0.21,-0.19,0.65,-0.59,-5.59,8.27,-0.14,-0.05,0.69,3.08,9.39,-0.71,0.21,0.63,-0.30
75.954015,8.45,0.67,4.61,0.46,0.12,0.70,-26.94,14.50,-47.31,6.41,-4.32,7.52,0.46,0.06,0.61,-6.08,-4.21,6.01,-0.76,-0.03,0.34,2.45,-6.70,7.28,0.26,-0.17,0.72,-1.06,-5.03,8.57,-0.12,-0.02,0.76,3.06,9.57,-1.15,0.26,0.66,-0.32
75.954027,8.45,0.67,4.61,0.50,0.05,0.70,-26.94,14.50,-47.31,6.22,-3.90,7.70,0.47,0.05,0.66,-6.36,-4.13,5.89,-0.82,-0.05,0.33,2.39,-6.21,7.64,0.23,-0.19,0.77,-1.33,-4.50,8.86,-0.17,-0.03,0.77,3.05,9.64,-1.52,0.24,0.69,-0.36
75.954038,7.87,0.63,4.88,0.50,0.05,0.70,-26.94,14.62,-45.88,6.04,-3.53,7.84,0.45,0.05,0.70,-6.55,-3.91,5.67,-0.86,-0.06,0.30,2.23,-5.86,7.66,0.19,-0.21,0.81,-1.40,-4.22,8.71,-0.22,-0.04,0.77,3.03,9.44,-1.87,0.20,0.71,-0.40
75.957729,7.79,0.48,5.03,0.51,-0.03,0.68,-26.94,14.62,-45.88,5.54,-3.32,7.64,0.43,-0.00,0.73,-6.55,-3.56,5.49,-0.86,-0.12,0.30,1.93,-5.58,7.48,0.17,-0.25,0.84,-1.56,-4.07,8.33,-0.24,-0.08,0.81,3.04,9.13,-2.07,0.18,0.76,-0.37
75.957745,7.53,0.17,4.88,0.69,-0.01,0.62,-26.94,14.62,-45.88,5.20,-3.21,7.28,0.47,-0.10,0.73,-6.41,-3.33,5.19,-0.84,-0.22,0.37,1.68,-5.32,7.18,0.18,-0.35,0.83,-1.74,-3.84,8.08,-0.22,-0.18,0.84,2.90,8.78,-2.19,0.19,0.84,-0.29
75.957754,7.29,0.28,4.95,0.69,-0.01,0.62,-27.56,14.81,-46.56,5.21,-2.80,7.62,0.52,-0.16,0.70,-6.24,-3.34,4.68,-0.82,-0.24,0.41,1.82,-5.08,7.30,0.21,-0.41,0.80,-1.66,-3.62,8.04,-0.20,-0.22,0.83,2.57,8.57,-2.36,0.21,0.85,-0.24
75.957765,7.18,0.55,5.34,0.69,-0.01,0.62,-27.56,15.88,-45.38,5.18,-2.34,8.21,0.52,-0.11,0.66,-6.31,-3.38,4.22,-0.78,-0.16,0.40,1.87,-4.74,7.70,0.26,-0.36,0.76,-1.75,-3.36,8.08,-0.15,-0.17,0.80,2.30,8.49,-2.69,0.25,0.77,-0.27
75.957774,6.95,-0.29,5.76,0.45,0.14,0.61,-27.56,15.88,-45.38,4.72,-2.14,8.37,0.50,-0.01,0.59,-6.79,-3.22,3.99,-0.73,-0.04,0.37,1.47,-4.33,8.01,0.31,-0.26,0.72,-2.32,-2.99,8.10,-0.09,-0.09,0.75,2.19,8.59,-3.22,0.28,0.66,-0.29
75.962702,6.88,-0.79,5.80,0.40,0.15,0.58,-27.56,15.88,-45.38,4.20,-2.07,8.44,0.50,-0.01,0.53,-7.16,-3.19,3.80,-0.67,-0.03,0.37,0.91,-4.04,8.18,0.31,-0.26,0.66,-2.84,-2.82,8.13,-0.05,-0.08,0.72,2.02,8.67,-3.56,0.28,0.62,-0.24
75.980307,6.91,-1.02,5.91,0.40,0.15,0.58,-28.12,15.88,-43.56,3.98,-1.93,8.73,0.51,-0.03,0.46,-7.36,-3.23,3.51,-0.60,-0.04,0.39,0.73,-3.89,8.43,0.31,-0.27,0.60,-3.12,-2.56,8.27,-0.02,-0.11,0.68,1.82,8.72,-3.81,0.28,0.59,-0.17
76.004828,6.84,-1.17,6.33,0.38,0.22,0.35,-28.06,17.06,-46.62,3.91,-1.66,9.34,0.47,-0.03,0.37,-7.72,-3.35,3.31,-0.50,-0.03,0.37,0.84,-3.77,8.84,0.28,-0.26,0.51,-3.45,-2.32,8.54,0.02,-0.11,0.59,1.62,9.00,-4.17,0.26,0.51,-0.12
76.025312,6.88,-1.25,6.48,0.38,0.22,0.35,-28.06,17.06,-46.62,3.73,-1.74,9.56,0.41,-0.04,0.31,-8.04,-3.53,3.39,-0.42,-0.03,0.32,0.30,-3.65,9.30,0.25,-0.23,0.43,-3.80,-2.41,8.64,0.03,-0.12,0.51,1.58,9.34,-4.24,0.22,0.44,-0.09
76.047622,7.56,-1.63,6.33,0.31,0.18,0.27,-28.06,17.06,-46.62,3.57,-2.05,9.70,0.36,-0.09,0.24,-8.23,-3.86,3.40,-0.34,-0.07,0.29,0.02,-3.99,9.33,0.20,-0.26,0.32,-4.18,-2.74,8.68,0.05,-0.18,0.41,1.39,9.64,-4.17,0.17,0.39,-0.03
76.464636,8.25,-1.55,6.56,0.31,0.20,0.06,-28.06,17.06,-46.62,3.82,-2.39,10.10,0.32,-0.14,0.13,-8.37,-4.22,3.42,-0.24,-0.08,0.27,0.17,-4.45,9.58,0.16,-0.26,0.20,-4.17,-3.05,9.07,0.08,-0.21,0.30,1.24,10.01,-4.10,0.13,0.33,0.05
76.464677,8.68,-1.40,6.79,0.22,0.21,0.01,-28.06,17.06,-46.62,4.40,-2.67,10.69,0.27,-0.13,0.04,-8.67,-4.52,3.74,-0.16,-0.03,0.22,0.52,-4.87,10.19,0.14,-0.21,0.12,-4.12,-3.32,9.75,0.08,-0.16,0.22,1.37,10.60,-4.05,0.11,0.23,0.07
76.464692,9.18,-1.32,6.98,0.11,0.17,0.01,-28.06,17.06,-46.62,5.11,-3.04,11.43,0.20,-0.07,-0.00,-9.28,-4.92,4.37,-0.12,0.01,0.14,0.95,-5.49,10.90,0.09,-0.12,0.07,-4.09,-3.72,10.65,0.05,-0.09,0.16,1.67,11.54,-4.00,0.06,0.15,0.02
76.464705,9.90,-1.25,7.25,0.11,0.17,0.01,-28.06,17.06,-46.62,5.77,-3.56,12.07,0.09,-0.03,-0.01,-9.85,-5.36,5.08,-0.12,0.04,0.05,1.22,-6.26,11.68,-0.00,-0.02,0.05,-4.13,-4.31,11.51,-0.01,-0.03,0.11,2.01,12.54,-3.85,-0.01,0.09,-0.05
76.464721,11.93,-0.94,7.82,-0.03,-0.06,0.07,-27.25,15.25,-46.69,7.02,-4.32,12.87,-0.05,0.05,0.03,-10.53,-5.85,6.05,-0.18,0.08,-0.08,1.97,-7.40,12.40,-0.09,0.12,0.06,-3.81,-5.10,12.72,-0.11,0.08,0.08,2.52,13.70,-3.64,-0.09,0.06,-0.18
76.464737,12.43,-0.56,8.17,-0.12,-0.20,0.22,-27.25,15.25,-46.69,8.08,-4.69,13.56,-0.15,0.14,0.12,-10.98,-6.12,6.68,-0.28,0.14,-0.21,2.81,-8.07,13.14,-0.17,0.29,0.15,-3.39,-5.48,13.75,-0.22,0.24,0.10,2.92,14.41,-3.57,-0.15,0.03,-0.35
76.464752,12.58,-0.29,8.36,-0.12,-0.20,0.22,-27.81,16.75,-45.12,8.88,-5.07,13.91,-0.28,0.33,0.26,-11.21,-6.28,7.13,-0.45,0.24,-0.39,3.33,-8.62,13.42,-0.24,0.48,0.32,-3.07,-5.78,14.33,-0.35,0.44,0.14,3.21,14.88,-3.43,-0.21,0.00,-0.61
76.464764,12.81,-0.41,8.40,-0.12,-0.20,0.22,-28.69,16.75,-45.19,9.15,-5.39,14.00,-0.39,0.53,0.45,-11.29,-6.51,7.33,-0.64,0.37,-0.57,3.36,-8.98,13.47,-0.31,0.69,0.51,-3.00,-6.15,14.42,-0.51,0.68,0.22,3.21,15.14,-3.26,-0.25,-0.02,-0.88
76.464776,13.20,-0.60,8.13,-0.12,-0.20,0.22,-28.94,17.50,-46.31,8.89,-5.39,14.05,-0.50,0.74,0.62,-11.29,-6.85,7.24,-0.81,0.50,-0.74,2.98,-8.94,13.47,-0.36,0.91,0.67,-3.35,-6.30,14.13,-0.64,0.91,0.29,2.90,15.24,-3.12,-0.28,-0.04,-1.16
76.464791,12.96,-0.60,7.90,-0.57,-0.86,0.98,-28.94,17.50,-46.31,8.42,-5.36,13.73,-0.62,0.92,0.74,-11.03,-6.98,6.90,-0.94,0.61,-0.89,2.58,-8.77,13.02,-0.43,1.14,0.78,-3.57,-6.23,13.59,-0.75,1.12,0.31,2.55,14.95,-3.02,-0.31,-0.10,-1.39
76.464816,12.58,-0.75,7.56,-0.57,-0.86,0.98,-29.56,18.94,-44.81,7.88,-5.17,13.20,-0.71,1.09,0.83,-10.63,-6.85,6.49,-1.04,0.70,-1.04,2.26,-8.34,12.44,-0.48,1.32,0.89,-3.57,-5.95,12.89,-0.86,1.31,0.33,2.24,14.36,-2.97,-0.35,-0.15,-1.60
76.464829,11.27,-1.17,6.68,-0.57,-0.86,0.98,-31.06,23.56,-45.19,6.88,-5.04,12.17,-0.83,1.22,0.93,-10.16,-6.73,6.15,-1.14,0.75,-1.20,1.47,-7.73,11.53,-0.56,1.49,0.99,-3.96,-5.64,11.77,-0.97,1.47,0.35,1.95,13.71,-2.82,-0.44,-0.19,-1.75
76.464843,10.89,-1.48,6.02,-0.57,-0.86,0.98,-31.06,23.56,-45.19,6.09,-5.21,11.12,-0.89,1.21,1.01,-9.61,-6.50,5.89,-1.20,0.69,-1.27,0.84,-7.56,10.36,-0.61,1.53,1.07,-4.02,-5.66,10.58,-1.04,1.47,0.40,1.73,13.02,-2.57,-0.52,-0.13,-1.76
76.466976,10.44,-1.98,4.95,-0.75,-1.33,1.19,-31.06,23.56,-45.19,5.00,-5.26,10.07,-0.86,1.15,1.09,-8.49,-6.44,5.00,-1.23,0.60,-1.25,-0.18,-7.19,9.32,-0.63,1.50,1.09,-4.45,-5.72,9.20,-1.07,1.41,0.42,0.91,11.89,-2.19,-0.53,-0.04,-1.71
76.466996,10.05,-1.59,4.76,-0.63,-1.13,1.09,-33.12,28.19,-41.69,4.33,-4.83,9.80,-0.85,1.12,1.01,-7.46,-6.59,4.03,-1.18,0.63,-1.21,-0.48,-6.71,8.73,-0.62,1.48,1.00,-4.26,-5.53,8.21,-1.02,1.40,0.34,0.18,11.02,-1.90,-0.49,-0.09,-1.67
76.467012,9.36,-1.40,4.34,-0.63,-1.13,1.09,-34.62,29.50,-43.38,4.14,-4.69,9.30,-0.86,1.20,0.94,-6.95,-6.35,3.65,-1.12,0.71,-1.22,-0.34,-6.39,8.07,-0.60,1.54,0.94,-3.91,-5.19,7.63,-0.97,1.47,0.28,0.06,10.37,-1.83,-0.46,-0.20,-1.70
76.467025,8.87,-1.59,3.96,-0.63,-1.13,1.09,-34.62,29.50,-43.38,3.42,-4.58,8.23,-0.88,1.26,0.91,-6.56,-5.87,3.53,-1.09,0.73,-1.24,-0.74,-5.91,7.22,-0.55,1.59,0.95,-3.84,-4.79,6.88,-0.93,1.48,0.27,0.11,9.71,-1.80,-0.46,-0.24,-1.70
76.467038,7.48,-2.21,2.81,-0.74,-1.13,1.02,-35.56,31.62,-40.81,2.41,-4.42,7.35,-0.85,1.13,0.87,-5.97,-5.69,3.08,-1.03,0.63,-1.21,-1.70,-5.26,6.55,-0.56,1.47,0.90,-4.29,-4.53,5.81,-0.93,1.41,0.24,-0.28,8.94,-1.62,-0.49,-0.19,-1.56
76.467053,7.37,-2.13,2.73,-0.62,-1.08,0.87,-35.56,31.62,-40.81,1.72,-4.28,6.83,-0.80,1.02,0.77,-5.16,-5.56,2.40,-0.94,0.55,-1.12,-2.12,-5.14,5.56,-0.54,1.34,0.77,-4.23,-4.61,4.77,-0.85,1.30,0.18,-0.75,8.07,-1.41,-0.47,-0.18,-1.41
76.477847,7.02,-1.98,2.58,-0.62,-0.90,0.73,-35.56,31.62,-40.81,1.37,-4.11,6.18,-0.73,0.97,0.64,-4.43,-5.07,1.88,-0.82,0.53,-0.99,-2.12,-4.81,4.85,-0.46,1.26,0.64,-3.81,-4.46,3.83,-0.71,1.21,0.14,-0.89,7.10,-1.35,-0.38,-0.20,-1.25
76.500575,5.46,-2.48,1.77,-0.62,-0.90,0.73,-35.81,35.81,-39.75,0.92,-4.04,5.07,-0.60,0.91,0.51,-3.90,-4.49,1.47,-0.73,0.51,-0.81,-2.21,-4.25,3.98,-0.34,1.11,0.54,-3.73,-3.70,3.42,-0.56,1.06,0.15,-0.90,6.27,-1.43,-0.26,-0.17,-1.08
76.522017,4.57,-2.55,1.43,-0.47,-0.53,0.60,-35.81,35.81,-39.75,0.38,-3.31,4.77,-0.48,0.74,0.46,-3.61,-4.12,1.14,-0.66,0.42,-0.69,-2.38,-3.28,3.87,-0.29,0.91,0.50,-3.70,-2.96,2.91,-0.50,0.91,0.15,-0.98,5.61,-1.61,-0.23,-0.11,-0.93
76.543703,3.84,-2.21,1.39,-0.32,-0.50,0.49,-35.81,35.81,-39.75,-0.05,-2.75,4.36,-0.43,0.61,0.39,-3.00,-3.74,0.50,-0.56,0.32,-0.61,-2.42,-2.65,3.27,-0.28,0.75,0.42,-3.48,-2.50,2.15,-0.43,0.74,0.11,-1.24,4.75,-1.67,-0.23,-0.08,-0.80
76.974555,3.12,-2.05,1.08,-0.28,-0.49,0.37,-37.00,38.12,-38.00,-0.57,-2.26,3.79,-0.37,0.52,0.27,-2.17,-3.28,-0.08,-0.41,0.27,-0.51,-2.51,-2.23,2.48,-0.21,0.66,0.29,-3.10,-2.29,1.18,-0.27,0.60,0.06,-1.44,3.75,-1.52,-0.21,-0.11,-0.61
76.974586,2.82,-2.05,0.74,-0.28,-0.49,0.37,-36.69,39.19,-38.56,-0.67,-2.15,3.16,-0.31,0.46,0.14,-1.74,-2.93,-0.27,-0.31,0.24,-0.42,-2.32,-1.87,2.07,-0.15,0.58,0.15,-2.70,-1.95,0.86,-0.10,0.49,0.06,-1.37,3.15,-1.46,-0.18,-0.13,-0.45
76.974601,2.39,-2.13,0.39,-0.28,-0.49,0.37,-36.69,39.19,-38.56,-0.60,-2.08,2.67,-0.25,0.39,0.08,-1.46,-2.56,-0.28,-0.24,0.19,-0.35,-2.07,-1.60,1.79,-0.12,0.47,0.11,-2.52,-1.39,1.07,-0.09,0.40,0.02,-1.20,2.81,-1.45,-0.17,-0.12,-0.35
76.974613,1.97,-2.17,0.12,-0.25,-0.18,0.14,-36.69,39.19,-38.56,-0.85,-2.14,1.98,-0.20,0.28,0.08,-1.26,-2.25,-0.14,-0.21,0.08,-0.28,-2.14,-1.48,1.29,-0.13,0.34,0.10,-2.49,-1.23,0.79,-0.11,0.27,0.01,-0.95,2.49,-1.32,-0.19,-0.03,-0.23
76.974626,1.82,-2.21,-0.11,-0.12,-0.21,0.08,-36.69,39.19,-38.56,-1.08,-2.34,1.62,-0.12,0.08,0.09,-0.98,-2.25,-0.27,-0.18,-0.08,-0.18,-2.44,-1.58,0.87,-0.13,0.10,0.12,-2.40,-1.53,0.20,-0.13,0.07,0.03,-1.13,2.28,-1.13,-0.20,0.10,-0.10
76.974637,3.00,-2.63,-0.34,0.33,-0.06,-0.07,-36.69,37.25,-36.06,-1.21,-2.72,2.01,0.00,-0.15,0.07,-0.87,-2.90,-0.52,-0.13,-0.21,-0.03,-2.71,-2.05,0.96,-0.09,-0.14,0.09,-2.67,-2.10,0.05,-0.08,-0.14,0.06,-1.71,2.62,-0.85,-0.17,0.21,0.06
76.97465,3.77,-2.59,-0.41,0.38,0.05,-0.13,-36.69,37.25,-36.06,-0.92,-3.21,2.75,0.06,-0.26,0.04,-1.13,-3.77,-0.32,-0.08,-0.27,0.06,-2.77,-2.61,1.64,-0.09,-0.28,0.05,-3.04,-2.59,0.77,-0.05,-0.27,0.06,-2.01,3.44,-0.55,-0.16,0.25,0.16
76.974661,4.69,-2.48,-0.34,0.39,0.06,-0.18,-36.69,37.25,-36.06,-0.44,-3.87,3.20,0.10,-0.35,0.01,-1.49,-4.35,0.17,-0.04,-0.33,0.11,-2.65,-3.43,1.99,-0.09,-0.37,0.02,-3.06,-3.28,1.13,-0.04,-0.36,0.05,-1.95,4.20,-0.33,-0.15,0.29,0.22
76.974674,5.53,-2.17,0.28,0.44,0.10,-0.22,-37.00,38.00,-37.25,-0.28,-4.25,3.56,0.19,-0.42,-0.05,-1.67,-4.86,0.36,0.03,-0.35,0.20,-2.84,-4.10,2.11,0.00,-0.50,-0.03,-3.24,-4.04,1.20,0.06,-0.46,0.06,-2.09,4.71,-0.13,-0.10,0.28,0.34
76.974683,6.04,-2.02,0.47,0.42,0.24,-0.29,-37.00,38.00,-37.25,0.00,-4.66,4.01,0.29,-0.45,-0.17,-1.97,-5.33,0.74,0.14,-0.34,0.30,-2.74,-4.74,2.48,0.11,-0.58,-0.12,-3.39,-4.56,1.70,0.21,-0.53,0.06,-2.05,5.39,0.06,-0.02,0.25,0.46
76.974694,6.64,-2.21,0.47,0.39,0.39,-0.36,-37.00,38.00,-37.25,0.62,-5.06,4.53,0.38,-0.47,-0.27,-2.41,-5.64,1.27,0.22,-0.31,0.40,-2.56,-5.08,3.31,0.21,-0.61,-0.20,-3.54,-4.81,2.52,0.30,-0.58,0.05,-1.76,6.08,0.09,0.05,0.22,0.56
76.974705,7.07,-2.02,1.12,0.37,0.52,-0.38,-36.12,35.50,-38.31,0.97,-5.26,4.71,0.48,-0.55,-0.33,-3.35,-5.49,2.16,0.30,-0.38,0.55,-2.43,-5.36,3.70,0.27,-0.74,-0.25,-3.66,-4.80,3.35,0.37,-0.71,0.04,-1.01,6.89,-0.23,0.11,0.28,0.71
76.974715,7.37,-2.51,1.43,0.37,0.52,-0.38,-36.12,35.50,-38.31,1.29,-5.47,5.15,0.58,-0.71,-0.33,-4.01,-5.67,2.60,0.32,-0.52,0.67,-2.33,-5.61,4.30,0.30,-0.94,-0.25,-3.80,-4.96,3.99,0.39,-0.88,0.12,-0.82,7.59,-0.38,0.13,0.41,0.86
76.974723,7.87,-2.55,1.62,0.81,0.64,-0.54,-36.12,35.50,-38.31,1.85,-5.58,6.17,0.67,-0.85,-0.32,-4.17,-6.28,2.38,0.33,-0.62,0.77,-1.98,-6.05,5.06,0.33,-1.08,-0.25,-4.06,-5.29,4.56,0.40,-1.01,0.13,-1.28,8.03,-0.38,0.16,0.50,0.96
76.976926,8.71,-2.02,2.81,0.95,0.68,-0.57,-35.81,32.69,-37.81,1.91,-5.28,6.98,0.75,-0.84,-0.38,-4.62,-6.43,2.30,0.40,-0.57,0.86,-2.07,-6.04,5.61,0.42,-1.12,-0.29,-4.28,-5.33,4.88,0.49,-1.04,0.11,-1.30,8.42,-0.75,0.24,0.45,1.01
76.976944,8.56,-2.36,2.96,0.95,0.68,-0.57,-36.38,33.44,-39.38,1.85,-5.45,7.15,0.81,-0.91,-0.45,-5.91,-6.41,3.34,0.49,-0.63,0.97,-2.46,-6.04,6.38,0.45,-1.29,-0.34,-4.99,-5.20,5.78,0.55,-1.18,0.10,-0.50,9.61,-1.15,0.26,0.49,1.16
76.976957,8.90,-3.01,2.88,0.95,0.68,-0.57,-34.94,31.25,-41.12,2.77,-6.04,7.69,0.89,-1.20,-0.43,-6.58,-6.61,3.84,0.49,-0.85,1.07,-1.82,-6.75,7.06,0.40,-1.53,-0.35,-4.89,-5.54,6.80,0.50,-1.43,0.12,-0.32,10.36,-1.29,0.23,0.69,1.33
76.97697,10.02,-3.01,3.11,0.95,0.68,-0.57,-34.94,31.25,-41.12,3.56,-5.37,9.42,0.96,-1.25,-0.43,-6.50,-6.99,2.95,0.48,-0.86,1.14,-1.03,-6.82,8.06,0.45,-1.56,-0.35,-4.36,-5.66,7.35,0.51,-1.43,0.12,-0.97,10.35,-1.57,0.29,0.69,1.36
76.976982,10.55,-2.17,4.49,1.37,0.92,-0.79,-34.94,31.25,-41.12,3.80,-4.52,10.97,0.92,-1.00,-0.53,-7.21,-7.27,2.73,0.54,-0.60,1.08,-0.82,-6.34,9.45,0.54,-1.36,-0.39,-4.63,-5.20,8.22,0.63,-1.18,0.07,-1.01,11.05,-2.25,0.37,0.43,1.24
76.982971,10.13,-3.20,5.07,0.34,0.96,-0.66,-34.06,27.56,-40.88,3.79,-5.36,10.21,0.81,-0.93,-0.55,-9.05,-6.72,4.86,0.59,-0.56,0.97,-1.32,-6.45,9.99,0.47,-1.30,-0.43,-5.83,-4.87,9.47,0.62,-1.16,0.03,0.83,12.52,-2.61,0.27,0.37,1.22
77.000981,10.78,-3.39,4.53,0.87,0.72,-0.80,-34.06,27.56,-40.88,4.55,-5.97,9.67,0.88,-1.29,-0.38,-8.98,-6.33,5.42,0.46,-0.94,1.03,-0.61,-7.36,9.40,0.34,-1.61,-0.34,-4.82,-5.61,9.53,0.43,-1.48,0.10,1.17,12.29,-2.31,0.15,0.73,1.35
77.018749,11.36,-1.94,5.53,1.55,0.69,-0.83,-34.06,27.56,-40.88,5.33,-5.15,10.90,0.96,-1.34,-0.33,-8.10,-6.52,4.27,0.41,-0.96,1.10,0.36,-7.38,9.76,0.40,-1.63,-0.29,-3.84,-5.82,9.38,0.46,-1.46,0.16,0.42,11.62,-2.31,0.24,0.76,1.33
77.040128,11.21,-0.75,6.60,1.55,0.69,-0.83,-33.19,21.81,-39.88,5.67,-4.27,12.16,0.91,-1.01,-0.37,-8.29,-6.64,3.76,0.40,-0.66,1.06,0.90,-6.76,10.78,0.50,-1.37,-0.26,-3.87,-5.12,9.98,0.57,-1.17,0.18,0.18,11.83,-2.83,0.37,0.55,1.13
77.064144,9.79,-2.13,6.25,1.55,0.69,-0.83,-31.94,22.62,-43.19,4.76,-4.62,11.36,0.78,-0.79,-0.33,-9.51,-6.35,4.87,0.38,-0.50,0.90,-0.28,-6.30,10.89,0.46,-1.18,-0.20,-5.18,-4.57,10.40,0.54,-1.01,0.18,1.12,12.65,-3.20,0.31,0.44,0.98
77.484115,9.94,-3.20,5.53,1.55,0.69,-0.83,-31.94,22.62,-43.19,4.33,-5.58,9.63,0.82,-1.05,-0.19,-9.82,-5.83,5.99,0.30,-0.80,0.93,-0.91,-6.85,9.78,0.35,-1.43,-0.13,-5.55,-5.01,10.09,0.40,-1.30,0.23,2.00,12.73,-2.90,0.17,0.72,1.13
77.484145,11.28,-1.90,5.64,1.24,0.56,-0.62,-31.94,22.62,-43.19,5.49,-5.67,9.96,1.01,-1.41,-0.05,-8.98,-5.87,5.64,0.18,-1.09,1.10,0.47,-7.66,9.54,0.32,-1.76,-0.05,-4.04,-5.74,10.06,0.30,-1.58,0.33,1.70,12.27,-2.45,0.17,1.04,1.27
77.484158,11.47,-0.60,6.37,1.24,0.56,-0.62,-31.44,19.38,-40.94,6.71,-4.85,11.99,1.08,-1.32,-0.01,-8.43,-6.51,4.75,0.09,-0.95,1.15,1.86,-7.77,10.75,0.42,-1.69,0.04,-2.97,-5.96,10.61,0.34,-1.47,0.42,0.96,12.27,-2.39,0.30,1.00,1.13
77.484193,11.43,-0.21,7.06,1.48,0.84,-0.38,-31.44,19.38,-40.94,7.20,-4.53,13.30,0.96,-0.93,-0.01,-9.17,-6.93,4.93,0.01,-0.60,1.03,2.17,-7.52,12.19,0.48,-1.31,0.10,-3.32,-5.55,11.92,0.38,-1.06,0.46,1.08,13.17,-2.77,0.39,0.77,0.81
77.484207,11.70,-1.67,7.18,0.78,0.79,-0.08,-30.50,16.38,-41.81,6.95,-5.16,13.05,0.78,-0.62,0.10,-10.57,-6.81,6.33,-0.12,-0.42,0.84,1.44,-7.75,12.64,0.41,-0.96,0.22,-4.38,-5.63,12.65,0.29,-0.78,0.53,2.09,14.35,-3.08,0.34,0.69,0.53
77.484219,12.46,-2.05,7.10,0.78,0.79,-0.08,-30.50,15.62,-42.38,7.07,-5.88,12.58,0.74,-0.66,0.26,-11.00,-6.69,7.10,-0.27,-0.53,0.79,1.40,-8.39,12.44,0.31,-0.97,0.34,-4.39,-6.08,12.90,0.16,-0.83,0.64,2.60,14.76,-2.96,0.25,0.87,0.47
77.48423,12.93,-1.75,7.14,0.78,0.79,-0.08,-30.50,15.44,-41.62,7.96,-5.80,13.35,0.72,-0.67,0.43,-10.62,-6.93,6.81,-0.47,-0.58,0.75,2.33,-8.77,12.87,0.24,-0.92,0.50,-3.73,-6.25,13.39,0.04,-0.80,0.77,2.30,14.68,-2.77,0.23,1.00,0.34
77.484245,12.89,-0.41,7.59,0.97,0.15,0.49,-30.50,15.44,-41.62,8.68,-5.26,14.36,0.58,-0.34,0.61,-10.41,-7.22,6.42,-0.71,-0.34,0.55,3.15,-8.52,13.65,0.20,-0.56,0.71,-3.34,-5.90,13.95,-0.13,-0.41,0.83,2.06,14.68,-2.80,0.22,0.91,-0.07
77.48426,11.74,-0.71,7.29,0.97,0.15,0.49,-30.50,15.44,-41.62,8.59,-5.03,14.05,0.38,0.00,0.80,-10.60,-6.95,6.62,-0.93,-0.13,0.28,3.12,-8.06,13.58,0.08,-0.18,0.92,-3.43,-5.35,14.01,-0.33,-0.03,0.86,2.37,14.62,-2.99,0.12,0.81,-0.46
77.484272,11.43,-1.13,6.91,0.29,-0.39,1.04,-32.06,16.62,-39.00,7.87,-5.03,13.09,0.21,0.20,1.02,-10.44,-6.56,6.64,-1.15,-0.05,0.05,2.47,-7.71,12.80,-0.05,0.05,1.13,-3.50,-5.23,13.23,-0.54,0.18,0.93,2.47,14.16,-2.95,0.01,0.83,-0.75
77.484283,11.01,-1.48,6.14,0.51,-0.74,1.22,-32.06,16.62,-39.00,6.96,-5.04,12.09,0.09,0.27,1.24,-9.90,-6.21,6.36,-1.36,-0.09,-0.09,1.76,-7.38,11.82,-0.20,0.15,1.32,-3.77,-5.15,12.08,-0.75,0.28,1.04,2.31,13.37,-2.81,-0.09,0.94,-0.95
77.484294,10.67,-1.59,5.72,0.51,-0.74,1.22,-32.06,16.62,-39.00,6.46,-4.99,11.51,0.04,0.25,1.41,-9.43,-6.09,5.99,-1.51,-0.17,-0.15,1.43,-7.17,11.15,-0.30,0.17,1.46,-3.87,-5.00,11.45,-0.89,0.30,1.13,2.04,12.87,-2.66,-0.16,1.07,-1.05
77.484304,10.44,-1.48,5.41,0.65,-0.82,1.28,-32.06,16.62,-39.00,6.09,-4.84,11.26,-0.02,0.25,1.55,-8.85,-6.30,5.44,-1.64,-0.22,-0.22,1.10,-6.90,10.83,-0.40,0.19,1.58,-3.97,-4.90,10.85,-1.04,0.33,1.18,1.46,12.39,-2.42,-0.24,1.15,-1.15
77.484316,10.32,-1.32,5.07,0.70,-0.94,1.34,-32.06,16.62,-39.00,5.64,-4.77,11.11,-0.09,0.31,1.65,-8.28,-6.58,4.82,-1.73,-0.20,-0.32,0.78,-6.85,10.35,-0.47,0.28,1.65,-4.01,-5.06,10.11,-1.14,0.42,1.19,0.85,11.98,-2.19,-0.30,1.15,-1.27
77.487013,10.47,-1.48,4.99,0.44,-1.06,1.47,-35.62,21.50,-34.81,5.17,-4.81,10.99,-0.18,0.43,1.68,-7.94,-6.79,4.39,-1.78,-0.11,-0.42,0.35,-6.80,10.05,-0.52,0.43,1.69,-4.22,-5.17,9.57,-1.20,0.56,1.18,0.39,11.74,-2.04,-0.33,1.08,-1.40
77.487033,10.51,-1.67,4.88,0.44,-1.06,1.47,-36.50,23.56,-34.00,4.84,-4.93,10.80,-0.27,0.54,1.68,-7.93,-6.83,4.34,-1.82,-0.03,-0.50,-0.00,-6.78,9.88,-0.55,0.56,1.70,-4.47,-5.19,9.33,-1.24,0.66,1.16,0.34,11.74,-2.04,-0.35,1.03,-1.50
77.487046,10.55,-2.09,4.80,0.33,-1.14,1.55,-36.50,23.56,-34.00,4.70,-4.92,10.73,-0.34,0.58,1.71,-8.14,-6.84,4.46,-1.86,-0.00,-0.56,-0.16,-6.62,9.97,-0.61,0.62,1.72,-4.68,-5.01,9.40,-1.28,0.71,1.15,0.44,11.87,-2.14,-0.38,1.02,-1.57
77.487058,10.44,-2.09,4.80,0.33,-1.14,1.55,-36.19,24.25,-34.88,4.54,-4.97,10.38,-0.41,0.55,1.78,-8.32,-6.68,4.70,-1.91,-0.08,-0.63,-0.26,-6.41,9.83,-0.71,0.61,1.77,-4.81,-4.68,9.46,-1.39,0.68,1.15,0.66,11.91,-2.20,-0.48,1.08,-1.61
77.487074,9.90,-2.51,4.03,0.62,-1.43,1.48,-36.81,25.56,-32.56,4.18,-5.47,9.67,-0.45,0.40,1.93,-7.99,-6.53,4.55,-2.01,-0.29,-0.67,-0.72,-6.48,9.04,-0.84,0.49,1.88,-4.83,-4.86,8.62,-1.54,0.56,1.21,0.45,11.46,-2.00,-0.62,1.27,-1.58
77.497779,10.06,-2.70,3.61,0.62,-1.43,1.48,-37.69,27.62,-29.69,3.10,-5.34,9.23,-0.41,0.28,2.05,-7.37,-6.79,3.82,-2.04,-0.49,-0.65,-1.60,-6.41,8.24,-0.86,0.37,2.00,-5.18,-5.09,7.53,-1.59,0.41,1.29,-0.35,10.86,-1.72,-0.72,1.42,-1.48
77.520248,9.74,-2.74,2.92,0.62,-1.43,1.48,-38.00,27.88,-29.06,2.37,-5.47,8.71,-0.38,0.11,2.04,-6.58,-7.00,3.03,-1.99,-0.63,-0.57,-2.53,-6.15,7.69,-0.90,0.22,1.93,-5.74,-5.19,6.64,-1.61,0.28,1.27,-1.07,10.19,-1.43,-0.73,1.49,-1.33
77.541914,9.52,-2.86,2.77,1.05,-1.34,1.23,-38.00,27.88,-29.06,1.95,-5.37,8.55,-0.35,-0.02,1.97,-6.08,-6.98,2.57,-1.92,-0.69,-0.48,-2.64,-6.13,7.25,-0.89,0.11,1.84,-5.50,-5.24,6.07,-1.58,0.16,1.23,-1.40,9.73,-1.28,-0.70,1.51,-1.21
77.564447,9.13,-2.86,2.58,1.05,-1.34,1.23,-39.25,28.94,-25.62,1.63,-5.37,8.37,-0.32,-0.12,1.89,-5.85,-7.09,2.35,-1.83,-0.73,-0.39,-2.89,-6.00,6.98,-0.87,0.03,1.74,-5.67,-5.22,5.72,-1.52,0.08,1.18,-1.63,9.57,-1.19,-0.67,1.50,-1.09
77.993631,9.02,-2.89,2.43,1.11,-1.09,0.98,-39.56,32.12,-24.44,1.48,-5.51,8.10,-0.28,-0.21,1.79,-5.61,-7.12,2.15,-1.74,-0.78,-0.32,-2.96,-6.12,6.65,-0.84,-0.07,1.64,-5.55,-5.37,5.34,-1.45,-0.03,1.13,-1.83,9.35,-1.08,-0.64,1.50,-0.97
77.993662,9.06,-2.86,2.31,1.11,-1.09,0.98,-39.56,32.12,-24.44,1.32,-5.50,7.98,-0.24,-0.29,1.68,-5.35,-7.16,1.96,-1.63,-0.79,-0.23,-3.11,-6.11,6.47,-0.78,-0.15,1.54,-5.60,-5.35,5.22,-1.34,-0.10,1.10,-2.01,9.12,-0.96,-0.59,1.47,-0.86
77.993676,8.75,-2.82,2.23,1.07,-0.87,0.82,-39.56,32.12,-24.44,1.46,-5.34,8.12,-0.20,-0.31,1.57,-5.22,-7.20,1.77,-1.54,-0.78,-0.19,-2.83,-5.99,6.58,-0.74,-0.20,1.44,-5.38,-5.18,5.30,-1.29,-0.12,1.02,-2.11,9.03,-0.98,-0.56,1.40,-0.79
77.993687,8.52,-2.59,2.35,1.07,-0.87,0.82,-38.62,35.25,-23.94,1.91,-5.08,8.49,-0.21,-0.24,1.49,-5.08,-7.10,1.69,-1.48,-0.69,-0.22,-2.21,-5.92,6.78,-0.72,-0.16,1.38,-4.81,-5.02,5.51,-1.23,-0.06,0.95,-2.08,8.86,-0.96,-0.54,1.28,-0.81
77.993698,8.41,-2.36,2.54,0.93,-0.87,0.81,-38.62,35.25,-23.94,2.04,-5.00,8.43,-0.26,-0.10,1.42,-4.99,-7.08,1.77,-1.43,-0.56,-0.29,-2.08,-5.88,6.79,-0.69,-0.04,1.34,-4.68,-5.03,5.55,-1.17,0.06,0.89,-1.93,8.85,-0.91,-0.52,1.12,-0.87
77.99371,8.52,-2.25,2.50,0.69,-0.88,0.86,-38.62,35.25,-23.94,1.76,-5.18,7.88,-0.27,-0.03,1.35,-4.99,-6.79,2.01,-1.36,-0.45,-0.32,-2.27,-6.00,6.22,-0.63,0.03,1.29,-4.80,-5.11,5.30,-1.11,0.14,0.84,-1.70,8.73,-0.90,-0.48,1.03,-0.87
77.993721,8.33,-2.74,2.58,0.58,-0.75,0.79,-39.00,35.62,-19.69,1.24,-5.09,7.52,-0.20,-0.03,1.23,-4.98,-6.70,1.87,-1.25,-0.39,-0.26,-2.88,-5.67,6.14,-0.55,0.02,1.18,-5.16,-5.09,4.89,-1.01,0.12,0.78,-1.83,8.57,-1.00,-0.39,0.95,-0.77
77.993732,7.98,-2.63,2.65,0.60,-0.60,0.69,-39.00,35.62,-19.69,1.03,-4.79,7.61,-0.15,-0.06,1.08,-5.16,-6.58,1.80,-1.11,-0.38,-0.19,-3.00,-5.34,6.26,-0.50,-0.01,1.04,-5.29,-4.76,4.88,-0.89,0.07,0.69,-1.81,8.54,-1.24,-0.36,0.87,-0.65
77.993742,7.56,-2.86,2.65,0.55,-0.53,0.56,-39.00,35.62,-19.69,1.26,-4.59,7.73,-0.15,-0.10,0.99,-5.38,-6.33,1.81,-1.02,-0.42,-0.17,-2.58,-5.06,6.48,-0.49,-0.06,0.95,-5.09,-4.18,5.39,-0.85,0.02,0.63,-1.60,8.57,-1.52,-0.36,0.85,-0.57
77.993753,7.18,-3.16,2.50,0.61,-0.58,0.52,-39.00,35.62,-19.69,1.04,-4.56,7.42,-0.17,-0.19,0.98,-5.44,-5.95,1.87,-0.98,-0.50,-0.17,-2.78,-4.80,6.33,-0.52,-0.13,0.93,-5.15,-4.00,5.14,-0.86,-0.07,0.60,-1.40,8.32,-1.67,-0.42,0.88,-0.48
77.993769,7.18,-3.32,2.35,0.72,-0.65,0.45,-39.00,35.62,-19.69,0.65,-4.57,6.94,-0.13,-0.33,0.97,-5.14,-5.74,1.61,-0.94,-0.63,-0.10,-3.07,-4.77,5.72,-0.53,-0.27,0.90,-5.15,-4.14,4.47,-0.84,-0.20,0.60,-1.54,7.89,-1.63,-0.43,0.96,-0.35
77.993779,7.06,-3.05,2.27,0.90,-0.57,0.36,-39.00,35.62,-19.69,0.68,-4.53,6.79,-0.07,-0.42,0.91,-4.63,-5.75,1.15,-0.88,-0.70,-0.01,-2.89,-4.77,5.48,-0.48,-0.36,0.81,-4.95,-4.05,4.37,-0.78,-0.31,0.59,-1.86,7.47,-1.49,-0.40,1.00,-0.23
77.993798,6.64,-2.78,2.12,0.93,-0.45,0.30,-38.69,39.19,-17.44,0.87,-4.08,7.34,-0.03,-0.40,0.83,-4.32,-5.89,0.67,-0.82,-0.64,0.02,-2.54,-4.48,5.75,-0.43,-0.35,0.77,-4.59,-3.83,4.38,-0.74,-0.28,0.54,-2.22,7.25,-1.50,-0.35,0.92,-0.22
77.993809,6.49,-2.78,2.27,0.93,-0.45,0.30,-38.69,39.19,-17.44,0.81,-3.93,7.49,-0.07,-0.30,0.78,-4.44,-5.84,0.62,-0.78,-0.53,-0.03,-2.57,-4.26,5.96,-0.42,-0.26,0.73,-4.71,-3.62,4.42,-0.71,-0.18,0.48,-2.15,7.26,-1.65,-0.34,0.81,-0.28
77.996455,6.45,-3.43,2.23,0.53,-0.43,0.38,-38.69,39.19,-17.44,0.42,-4.16,7.05,-0.11,-0.26,0.77,-4.82,-5.55,0.82,-0.77,-0.51,-0.05,-2.92,-4.23,5.67,-0.42,-0.23,0.73,-4.92,-3.54,4.19,-0.69,-0.18,0.50,-1.95,7.35,-1.88,-0.35,0.80,-0.29
77.996475,6.50,-4.08,1.81,0.82,-0.47,0.30,-38.69,39.19,-17.44,-0.16,-4.31,6.76,-0.09,-0.40,0.78,-4.98,-5.69,0.78,-0.76,-0.63,-0.02,-3.63,-4.11,5.53,-0.45,-0.36,0.72,-5.54,-3.47,4.02,-0.70,-0.33,0.52,-2.16,7.45,-1.93,-0.39,0.89,-0.20
77.996489,6.52,-4.01,1.70,0.82,-0.47,0.30,-39.88,42.38,-17.62,-0.18,-4.43,6.75,-0.07,-0.53,0.79,-4.86,-5.84,0.60,-0.73,-0.75,0.01,-3.67,-4.18,5.47,-0.50,-0.49,0.70,-5.62,-3.50,4.00,-0.73,-0.45,0.51,-2.38,7.38,-1.87,-0.45,0.96,-0.10
77.9965,6.61,-3.97,1.62,1.03,-0.50,0.14,-38.69,42.81,-15.56,-0.10,-4.52,6.85,-0.05,-0.62,0.79,-4.53,-5.90,0.34,-0.72,-0.83,0.03,-3.56,-4.35,5.32,-0.50,-0.57,0.69,-5.39,-3.73,3.74,-0.74,-0.54,0.50,-2.59,7.16,-1.70,-0.47,1.01,-0.04
77.996514,6.72,-3.78,1.58,0.99,-0.45,0.16,-38.69,42.81,-15.56,0.02,-4.62,7.00,-0.02,-0.62,0.78,-4.31,-6.05,0.17,-0.71,-0.83,0.06,-3.43,-4.46,5.34,-0.50,-0.59,0.69,-5.23,-3.82,3.74,-0.73,-0.54,0.49,-2.77,7.11,-1.56,-0.46,1.00,-0.01
77.999584,6.72,-3.93,1.39,0.93,-0.44,0.20,-38.69,42.81,-15.56,-0.09,-4.77,7.00,-0.03,-0.61,0.79,-4.35,-6.27,0.13,-0.73,-0.82,0.05,-3.59,-4.59,5.28,-0.49,-0.58,0.70,-5.36,-3.94,3.68,-0.73,-0.53,0.51,-2.95,7.23,-1.49,-0.46,1.00,-0.03
78.017688,6.88,-4.12,1.27,0.93,-0.44,0.20,-38.75,42.06,-14.38,-0.35,-5.00,7.02,-0.03,-0.61,0.79,-4.33,-6.61,-0.01,-0.72,-0.81,0.04,-3.98,-4.75,5.28,-0.49,-0.58,0.70,-5.72,-4.20,3.48,-0.72,-0.52,0.50,-3.27,7.38,-1.37,-0.46,0.99,-0.05
78.040346,7.37,-4.43,1.16,0.93,-0.44,0.20,-38.12,44.31,-16.19,-0.57,-5.37,6.99,-0.02,-0.63,0.76,-4.43,-6.93,0.06,-0.68,-0.82,0.05,-4.33,-5.00,5.26,-0.47,-0.60,0.67,-6.05,-4.52,3.38,-0.69,-0.55,0.49,-3.41,7.63,-1.21,-0.46,0.97,-0.02
78.062252,7.68,-4.54,1.01,0.94,-0.42,0.14,-38.12,44.31,-16.19,-0.57,-5.77,6.95,0.03,-0.68,0.73,-4.41,-7.07,0.12,-0.66,-0.85,0.10,-4.45,-5.41,5.12,-0.46,-0.66,0.65,-5.98,-4.89,3.34,-0.63,-0.61,0.51,-3.49,7.75,-1.07,-0.43,1.00,0.04
78.083849,7.98,-4.58,1.12,1.02,-0.36,0.10,-38.12,44.31,-16.19,-0.35,-5.78,7.44,0.07,-0.70,0.70,-4.52,-7.39,0.06,-0.63,-0.85,0.16,-4.34,-5.53,5.53,-0.42,-0.70,0.63,-6.19,-4.88,3.82,-0.61,-0.62,0.50,-3.67,8.02,-1.08,-0.39,1.00,0.08
78.504437,8.10,-4.39,1.43,0.92,-0.30,0.11,-37.56,44.50,-13.06,-0.26,-5.77,7.89,0.06,-0.68,0.68,-4.89,-7.65,0.22,-0.60,-0.83,0.16,-4.42,-5.52,6.00,-0.41,-0.68,0.61,-6.44,-4.91,4.13,-0.60,-0.60,0.47,-3.66,8.47,-1.19,-0.38,0.96,0.09
78.504464,8.41,-4.54,1.62,0.92,-0.30,0.11,-37.56,44.50,-13.06,-0.26,-5.86,7.99,0.05,-0.68,0.65,-5.01,-7.77,0.27,-0.56,-0.81,0.14,-4.49,-5.67,6.05,-0.41,-0.69,0.58,-6.50,-5.05,4.18,-0.58,-0.61,0.43,-3.69,8.61,-1.20,-0.38,0.93,0.10
78.504476,8.41,-4.54,1.62,0.92,-0.30,0.11,-37.56,44.50,-13.06,-0.09,-5.88,8.23,0.05,-0.67,0.60,-5.06,-7.80,0.30,-0.53,-0.76,0.13,-4.31,-5.80,6.22,-0.39,-0.67,0.54,-6.44,-5.13,4.35,-0.55,-0.59,0.40,-3.65,8.71,-1.20,-0.37,0.87,0.11
78.504488,8.64,-4.47,1.96,0.81,-0.25,0.05,-37.81,46.19,-14.38,0.04,-6.01,8.23,0.06,-0.65,0.57,-5.35,-7.68,0.62,-0.49,-0.74,0.14,-4.28,-5.90,6.35,-0.37,-0.66,0.50,-6.48,-5.18,4.57,-0.52,-0.59,0.38,-3.37,8.95,-1.29,-0.35,0.84,0.14
78.504498,8.71,-4.50,2.12,0.85,-0.23,0.03,-37.81,46.19,-14.38,0.17,-5.94,8.42,0.10,-0.64,0.55,-5.41,-7.65,0.59,-0.48,-0.73,0.17,-4.11,-5.97,6.40,-0.33,-0.67,0.49,-6.34,-5.23,4.60,-0.47,-0.60,0.39,-3.40,8.95,-1.39,-0.33,0.83,0.17
78.504509,8.64,-4.35,2.39,0.85,-0.18,0.05,-37.81,46.19,-14.38,0.08,-5.60,8.62,0.13,-0.60,0.50,-5.43,-7.62,0.29,-0.44,-0.68,0.19,-4.17,-5.67,6.63,-0.27,-0.62,0.46,-6.42,-4.99,4.64,-0.40,-0.56,0.38,-3.52,8.83,-1.62,-0.28,0.78,0.16
78.504518,8.33,-4.31,2.62,0.85,-0.18,0.05,-37.50,47.25,-14.88,-0.02,-5.13,8.73,0.14,-0.53,0.43,-5.53,-7.33,0.15,-0.39,-0.59,0.19,-4.11,-5.22,6.77,-0.22,-0.56,0.40,-6.44,-4.51,4.79,-0.32,-0.50,0.35,-3.42,8.68,-1.92,-0.22,0.68,0.13
78.504529,7.41,-4.28,2.81,0.55,-0.11,-0.01,-37.81,46.56,-14.06,-0.00,-4.71,8.54,0.12,-0.49,0.36,-5.73,-6.87,0.35,-0.33,-0.52,0.16,-3.97,-4.72,6.85,-0.20,-0.52,0.34,-6.39,-3.93,5.00,-0.29,-0.46,0.29,-2.99,8.57,-2.21,-0.22,0.60,0.11
78.504539,7.07,-4.28,2.73,0.55,-0.11,-0.01,-37.50,45.69,-14.31,0.03,-4.46,8.15,0.10,-0.51,0.33,-5.63,-6.34,0.40,-0.30,-0.54,0.15,-3.79,-4.47,6.58,-0.21,-0.55,0.31,-6.11,-3.67,4.85,-0.30,-0.49,0.26,-2.72,8.17,-2.35,-0.23,0.59,0.14
78.504552,6.91,-4.12,2.81,0.62,-0.14,-0.06,-37.50,45.69,-14.31,-0.05,-3.79,8.29,0.11,-0.50,0.29,-5.46,-6.10,-0.03,-0.26,-0.52,0.15,-3.61,-3.88,6.65,-0.19,-0.54,0.27,-5.96,-3.22,4.69,-0.26,-0.47,0.21,-2.89,7.75,-2.59,-0.22,0.53,0.16
78.504563,5.92,-3.59,3.07,0.62,-0.14,-0.06,-37.19,47.31,-15.31,-0.12,-3.23,8.39,0.02,-0.44,0.19,-5.66,-5.90,0.13,-0.17,-0.47,0.07,-3.56,-3.30,6.94,-0.23,-0.47,0.16,-6.04,-2.70,4.93,-0.25,-0.41,0.09,-2.58,7.82,-2.77,-0.27,0.40,0.18
78.504574,5.92,-3.82,2.84,0.40,-0.26,-0.27,-37.19,47.31,-15.31,-0.11,-3.62,7.57,-0.06,-0.50,0.16,-5.78,-5.67,0.79,-0.10,-0.55,0.01,-3.55,-3.50,6.45,-0.30,-0.50,0.10,-6.00,-2.78,4.87,-0.29,-0.47,0.01,-2.01,7.92,-2.56,-0.38,0.39,0.25
78.504584,6.34,-3.86,2.43,0.40,-0.26,-0.27,-38.12,44.75,-14.12,-0.07,-3.91,6.84,-0.07,-0.69,0.16,-5.35,-5.37,1.08,-0.05,-0.73,0.02,-3.46,-3.83,5.78,-0.37,-0.67,0.07,-5.55,-3.19,4.40,-0.32,-0.65,-0.03,-1.72,7.53,-2.20,-0.46,0.49,0.38
78.504594,6.52,-3.47,2.27,0.71,-0.28,-0.43,-38.12,44.75,-14.12,0.44,-3.94,6.81,-0.01,-0.79,0.11,-4.56,-5.26,0.58,-0.00,-0.79,0.09,-2.79,-4.19,5.41,-0.35,-0.77,0.02,-4.64,-3.61,4.01,-0.29,-0.74,-0.05,-2.03,6.88,-1.93,-0.42,0.52,0.48
78.507137,6.88,-2.32,2.84,0.55,0.03,-0.39,-37.56,44.06,-11.12,0.98,-3.66,7.66,0.04,-0.65,-0.04,-4.32,-5.71,0.45,0.07,-0.60,0.12,-2.34,-4.30,5.98,-0.23,-0.66,-0.08,-4.40,-3.76,4.44,-0.14,-0.63,-0.08,-2.21,7.13,-1.70,-0.31,0.36,0.45
78.507157,7.11,-2.55,2.73,0.22,0.06,-0.35,-37.56,44.06,-11.12,1.29,-3.85,7.69,0.01,-0.51,-0.13,-4.82,-5.83,1.19,0.14,-0.44,0.08,-2.18,-4.36,6.34,-0.19,-0.52,-0.15,-4.53,-3.61,5.13,-0.07,-0.52,-0.14,-1.71,7.74,-1.67,-0.28,0.21,0.39
78.507187,6.98,-2.67,2.50,0.19,-0.03,-0.39,-37.56,44.06,-11.12,1.31,-4.18,6.99,-0.00,-0.50,-0.14,-5.08,-5.51,1.85,0.17,-0.45,0.04,-2.30,-4.46,6.06,-0.21,-0.53,-0.17,-4.61,-3.66,5.17,-0.10,-0.53,-0.19,-1.15,7.86,-1.64,-0.32,0.19,0.42
78.507202,7.11,-2.67,2.62,0.19,-0.03,-0.39,-37.56,44.06,-11.12,1.17,-4.02,6.85,0.06,-0.58,-0.16,-4.85,-5.19,1.68,0.21,-0.50,0.09,-2.24,-4.54,5.68,-0.18,-0.62,-0.20,-4.33,-3.87,4.70,-0.06,-0.60,-0.21,-1.13,7.45,-1.67,-0.30,0.21,0.51
78.507216,7.22,-2.40,3.11,0.44,0.14,-0.53,-37.88,43.50,-12.88,1.51,-4.02,7.38,0.11,-0.58,-0.26,-4.99,-5.49,1.79,0.28,-0.47,0.18,-1.98,-4.72,6.13,-0.09,-0.64,-0.27,-4.29,-4.03,5.06,0.06,-0.63,-0.19,-1.16,7.94,-1.59,-0.22,0.19,0.60
78.520117,7.52,-2.40,2.73,0.35,0.22,-0.53,-37.88,43.50,-12.88,1.69,-4.64,6.95,0.11,-0.67,-0.27,-5.57,-5.70,2.94,0.33,-0.60,0.24,-2.17,-4.98,6.28,-0.12,-0.72,-0.30,-4.62,-4.21,5.43,0.08,-0.78,-0.18,-0.48,8.70,-1.36,-0.28,0.26,0.70
78.544471,8.21,-2.55,2.27,0.35,0.22,-0.53,-39.06,43.00,-12.69,1.92,-5.32,6.44,0.22,-0.97,-0.21,-5.15,-5.66,2.91,0.32,-0.86,0.36,-1.91,-5.91,5.49,-0.10,-1.02,-0.28,-4.06,-4.89,5.32,0.10,-1.08,-0.10,-0.65,8.38,-0.95,-0.31,0.49,0.88
78.564328,8.87,-2.13,2.88,0.35,0.22,-0.53,-39.06,43.00,-12.69,2.42,-5.20,7.77,0.36,-0.97,-0.25,-4.62,-6.44,2.00,0.33,-0.81,0.47,-1.42,-6.35,6.08,0.04,-1.05,-0.27,-3.76,-5.47,5.40,0.20,-1.08,-0.04,-1.63,8.41,-0.72,-0.17,0.47,0.91
78.58602,9.40,-1.90,3.19,0.92,0.41,-0.65,-39.06,43.00,-12.69,2.54,-5.01,8.97,0.38,-0.79,-0.37,-5.16,-7.26,2.11,0.41,-0.55,0.51,-1.80,-6.10,7.45,0.16,-0.89,-0.33,-4.55,-5.32,6.26,0.32,-0.89,-0.08,-1.81,9.37,-0.79,-0.05,0.26,0.85
79.527678,9.32,-2.67,2.77,0.33,0.55,-0.56,-38.44,39.69,-12.19,2.24,-5.73,8.02,0.33,-0.77,-0.42,-6.46,-6.97,3.74,0.50,-0.57,0.50,-2.35,-6.27,7.35,0.11,-0.91,-0.40,-5.32,-5.11,6.94,0.31,-0.92,-0.15,-0.53,10.41,-0.98,-0.10,0.24,0.93
80.037581,9.44,-3.16,2.62,0.33,0.55,-0.56,-38.44,38.31,-13.75,2.49,-6.20,7.50,0.43,-1.07,-0.35,-6.41,-6.81,4.05,0.48,-0.85,0.60,-2.15,-6.86,6.81,0.08,-1.19,-0.37,-4.96,-5.69,6.69,0.24,-1.20,-0.12,-0.41,10.30,-0.75,-0.14,0.47,1.13
80.037608,9.98,-2.59,2.88,0.33,0.55,-0.56,-38.44,39.81,-16.12,3.45,-5.69,8.78,0.57,-1.14,-0.37,-5.72,-7.18,3.19,0.50,-0.88,0.70,-1.16,-7.11,7.41,0.16,-1.29,-0.40,-4.04,-6.08,6.76,0.32,-1.26,-0.10,-1.11,9.97,-0.61,-0.04,0.50,1.19
80.037621,9.67,-1.32,3.92,0.72,0.71,-0.75,-38.44,39.81,-16.12,3.82,-4.99,10.10,0.52,-0.82,-0.50,-6.05,-7.62,3.07,0.58,-0.53,0.65,-0.76,-6.62,8.60,0.28,-1.01,-0.47,-4.24,-5.53,7.74,0.48,-0.95,-0.17,-1.16,10.52,-0.87,0.10,0.17,1.01
80.037631,9.63,-1.90,3.42,0.15,0.67,-0.66,-38.44,39.81,-16.12,3.69,-5.51,9.17,0.47,-0.68,-0.54,-6.61,-7.22,4.11,0.61,-0.43,0.55,-1.08,-6.77,8.30,0.28,-0.88,-0.51,-4.47,-5.52,7.87,0.50,-0.85,-0.23,-0.27,10.92,-0.87,0.07,0.06,0.94
80.037643,10.20,-2.09,3.11,0.19,0.54,-0.71,-38.44,39.81,-16.12,3.59,-6.13,8.10,0.55,-0.78,-0.53,-6.47,-6.64,4.78,0.61,-0.52,0.60,-1.02,-7.35,7.40,0.30,-0.99,-0.51,-4.07,-6.06,7.51,0.50,-0.97,-0.21,0.37,10.61,-0.59,0.07,0.15,1.04
80.037656,10.59,-1.52,3.54,0.62,0.62,-0.81,-38.44,39.81,-16.12,4.24,-5.77,8.52,0.69,-0.86,-0.57,-5.95,-6.50,4.42,0.62,-0.54,0.76,-0.22,-7.45,7.46,0.41,-1.08,-0.52,-3.27,-6.15,7.57,0.60,-1.03,-0.14,0.24,10.23,-0.51,0.21,0.23,1.14
81.266686,10.44,-0.83,4.19,0.73,0.90,-0.74,-38.44,39.81,-16.12,4.78,-4.97,9.44,0.74,-0.74,-0.63,-6.06,-6.63,4.23,0.64,-0.37,0.81,0.34,-6.87,8.38,0.53,-0.99,-0.52,-3.06,-5.61,8.17,0.70,-0.91,-0.12,0.23,10.39,-0.77,0.34,0.12,1.08
81.266715,9.48,-0.56,4.45,0.15,0.89,-0.57,-39.88,35.12,-19.56,5.03,-4.80,9.56,0.71,-0.58,-0.67,-6.59,-6.34,4.65,0.64,-0.19,0.76,0.60,-6.70,8.72,0.56,-0.85,-0.53,-3.03,-5.26,8.73,0.75,-0.76,-0.13,0.76,10.70,-1.11,0.40,-0.01,0.94
81.266728,9.90,-0.91,5.03,0.15,0.89,-0.57,-39.31,34.81,-20.25,5.11,-4.60,9.70,0.71,-0.49,-0.66,-6.92,-5.99,4.83,0.62,-0.09,0.73,0.73,-6.56,8.94,0.60,-0.76,-0.51,-3.01,-5.11,8.94,0.77,-0.66,-0.11,1.03,10.76,-1.43,0.45,-0.06,0.86
81.266741,9.90,-0.91,5.03,0.15,0.89,-0.57,-39.31,34.81,-20.25,5.21,-4.04,10.17,0.70,-0.38,-0.68,-7.31,-5.73,4.75,0.60,0.01,0.72,0.95,-6.13,9.41,0.64,-0.65,-0.51,-3.12,-4.63,9.29,0.82,-0.54,-0.10,1.14,10.83,-1.92,0.51,-0.11,0.80
81.266753,8.87,-1.02,5.64,-0.02,0.90,-0.41,-39.88,34.44,-22.62,4.93,-3.62,10.15,0.65,-0.28,-0.67,-7.88,-5.48,4.91,0.60,0.08,0.65,0.72,-5.50,9.84,0.62,-0.57,-0.49,-3.59,-3.89,9.78,0.81,-0.47,-0.12,1.45,11.07,-2.42,0.48,-0.18,0.74
81.266765,8.90,-1.32,5.64,0.02,0.78,-0.46,-39.88,34.44,-22.62,4.74,-3.57,10.14,0.60,-0.31,-0.65,-8.16,-5.47,4.96,0.59,0.05,0.58,0.52,-5.40,9.87,0.55,-0.58,-0.48,-3.87,-3.83,9.81,0.74,-0.49,-0.14,1.41,11.22,-2.55,0.42,-0.17,0.72
81.266776,9.32,-1.13,5.80,0.12,0.71,-0.53,-39.88,34.44,-22.62,4.69,-3.39,10.42,0.55,-0.37,-0.66,-8.20,-5.56,4.81,0.61,0.01,0.54,0.42,-5.36,10.07,0.49,-0.57,-0.53,-3.96,-3.97,9.69,0.70,-0.50,-0.20,1.26,11.25,-2.61,0.36,-0.18,0.74
81.268801,9.48,-0.94,6.10,0.12,0.71,-0.53,-39.56,33.50,-24.25,4.67,-3.36,10.51,0.50,-0.39,-0.72,-8.44,-5.52,4.89,0.67,-0.02,0.53,0.36,-5.39,10.13,0.46,-0.56,-0.60,-4.12,-3.93,9.85,0.71,-0.52,-0.27,1.37,11.43,-2.81,0.32,-0.21,0.79
81.268832,9.52,-1.02,6.29,0.12,0.71,-0.53,-39.81,33.06,-24.56,4.99,-3.36,10.89,0.45,-0.45,-0.76,-8.80,-5.58,5.04,0.69,-0.07,0.50,0.69,-5.37,10.74,0.39,-0.58,-0.66,-4.11,-3.73,10.51,0.68,-0.57,-0.32,1.49,11.82,-2.99,0.26,-0.21,0.83
81.268844,9.78,-1.06,6.68,0.12,0.71,-0.53,-39.81,33.06,-24.56,5.61,-3.01,12.25,0.32,-0.44,-0.76,-9.20,-6.07,4.82,0.69,-0.03,0.36,1.16,-5.43,11.80,0.30,-0.48,-0.68,-4.10,-3.63,11.47,0.60,-0.49,-0.41,1.12,12.39,-3.21,0.16,-0.30,0.75
81.268856,10.24,-0.75,7.37,-0.11,0.50,-0.69,-39.81,33.06,-24.56,5.87,-2.82,13.34,0.12,-0.29,-0.81,-9.75,-6.57,4.69,0.72,0.14,0.13,1.18,-5.47,12.83,0.18,-0.24,-0.75,-4.51,-3.71,12.11,0.53,-0.28,-0.56,0.88,13.03,-3.47,0.07,-0.51,0.59
81.268868,11.16,-1.44,7.98,-0.11,0.50,-0.69,-40.12,29.50,-24.69,5.89,-3.10,13.80,-0.09,-0.08,-0.87,-10.50,-6.75,4.94,0.78,0.29,-0.11,0.96,-5.73,13.32,0.07,0.04,-0.84,-5.03,-3.84,12.68,0.46,-0.04,-0.72,0.98,13.71,-3.78,-0.04,-0.74,0.42
81.268879,11.16,-1.44,7.98,-0.79,0.18,-0.69,-40.19,28.00,-23.69,5.98,-3.32,14.06,-0.27,0.04,-0.91,-11.16,-6.77,5.31,0.81,0.34,-0.28,0.85,-5.88,13.77,-0.06,0.23,-0.90,-5.34,-3.86,13.14,0.37,0.11,-0.86,1.21,14.26,-4.02,-0.14,-0.86,0.33
81.26889,11.36,-1.59,8.36,-0.90,-0.12,-0.73,-40.19,28.00,-23.69,6.20,-3.22,14.37,-0.48,0.15,-0.93,-11.50,-6.77,5.41,0.81,0.34,-0.49,1.09,-5.84,14.14,-0.22,0.41,-0.95,-5.33,-3.72,13.55,0.25,0.24,-1.00,1.30,14.48,-4.20,-0.29,-0.96,0.23
81.268901,11.20,-1.25,8.40,-1.12,-0.31,-0.70,-40.19,28.00,-23.69,6.66,-3.01,14.67,-0.68,0.32,-0.96,-11.24,-6.74,5.18,0.81,0.41,-0.71,1.62,-5.93,14.20,-0.34,0.63,-0.99,-4.77,-3.82,13.55,0.16,0.44,-1.13,1.21,14.26,-4.13,-0.40,-1.10,0.08
81.268913,11.39,-0.83,8.36,-1.12,-0.31,-0.70,-39.56,26.50,-25.25,7.02,-3.03,14.50,-0.87,0.58,-1.00,-10.78,-6.68,4.99,0.80,0.63,-0.95,2.05,-6.25,13.82,-0.41,0.98,-1.04,-4.15,-4.09,13.39,0.12,0.73,-1.25,1.19,13.92,-3.92,-0.45,-1.33,-0.15
81.268928,11.55,-0.37,8.21,-1.89,-0.44,-0.41,-39.56,26.50,-25.25,7.47,-3.15,14.12,-1.03,0.95,-1.10,-10.42,-6.35,5.09,0.79,1.01,-1.20,2.48,-6.57,13.33,-0.40,1.40,-1.09,-3.51,-4.46,13.07,0.15,1.16,-1.36,1.50,13.56,-3.74,-0.41,-1.66,-0.47
81.26894,11.55,-0.37,8.21,-2.27,-0.42,-0.23,-38.62,27.44,-27.19,7.83,-3.30,13.78,-1.14,1.30,-1.17,-10.45,-6.12,5.37,0.76,1.32,-1.34,2.77,-6.73,13.13,-0.35,1.76,-1.10,-3.27,-4.51,13.11,0.20,1.48,-1.40,1.84,13.57,-3.70,-0.34,-1.88,-0.71
81.268951,11.51,-0.37,8.13,-2.48,-0.45,-0.07,-38.62,27.44,-27.19,7.93,-3.33,13.45,-1.22,1.59,-1.18,-10.73,-5.84,5.80,0.70,1.57,-1.46,2.84,-6.69,13.05,-0.32,2.05,-1.08,-3.23,-4.40,13.23,0.22,1.76,-1.42,2.29,13.71,-3.80,-0.29,-2.03,-0.92
81.268964,10.82,-0.29,7.90,-2.55,-0.52,0.03,-39.25,27.06,-25.62,8.07,-3.22,13.10,-1.28,1.82,-1.15,-10.87,-5.68,6.07,0.62,1.74,-1.60,3.06,-6.44,13.02,-0.33,2.28,-1.03,-3.11,-4.09,13.40,0.18,2.01,-1.43,2.59,13.76,-3.84,-0.28,-2.13,-1.12
81.268976,10.62,-0.18,7.52,-2.66,-0.66,0.12,-39.25,27.06,-25.62,7.90,-3.24,12.57,-1.37,1.99,-1.09,-10.66,-5.69,6.09,0.54,1.85,-1.75,2.93,-6.40,12.52,-0.37,2.48,-0.96,-3.09,-4.14,12.97,0.11,2.19,-1.43,2.56,13.54,-3.63,-0.33,-2.20,-1.30
81.268986,10.66,-0.41,7.02,-2.66,-0.66,0.12,-39.25,28.69,-26.69,7.24,-3.51,11.62,-1.41,2.08,-1.04,-10.16,-5.55,6.00,0.50,1.92,-1.84,2.27,-6.51,11.48,-0.38,2.59,-0.92,-3.23,-4.51,11.90,0.09,2.28,-1.42,2.46,13.03,-3.32,-0.34,-2.24,-1.40
81.268997,10.62,-0.60,6.60,-2.67,-0.71,0.16,-39.56,27.38,-25.06,6.54,-3.92,10.58,-1.37,2.08,-1.02,-9.68,-5.33,5.98,0.47,1.89,-1.79,1.53,-6.52,10.51,-0.36,2.57,-0.91,-3.45,-4.71,10.94,0.11,2.24,-1.38,2.44,12.54,-2.99,-0.33,-2.19,-1.37
81.269009,10.40,-0.94,6.10,-2.67,-0.71,0.16,-40.12,29.75,-25.75,6.19,-4.21,9.75,-1.26,2.06,-0.99,-9.16,-5.29,5.79,0.45,1.78,-1.68,1.26,-6.34,9.99,-0.34,2.47,-0.90,-3.53,-4.58,10.35,0.14,2.11,-1.32,2.21,11.99,-2.72,-0.31,-2.06,-1.27
81.269021,9.44,-0.91,5.07,-2.67,-0.71,0.16,-40.12,29.75,-25.75,5.68,-4.07,9.50,-1.20,1.88,-0.94,-8.21,-5.27,5.29,0.43,1.66,-1.59,1.28,-6.36,9.16,-0.32,2.36,-0.87,-2.97,-4.64,9.56,0.14,2.01,-1.25,1.80,11.17,-2.26,-0.29,-1.93,-1.20
81.269034,9.09,-0.68,4.30,-2.67,-0.71,0.16,-38.94,27.88,-25.12,5.24,-4.00,9.18,-1.14,1.90,-0.92,-7.08,-5.50,4.28,0.41,1.69,-1.55,0.99,-6.35,8.29,-0.23,2.38,-0.82,-2.77,-4.92,8.36,0.21,2.03,-1.19,0.88,10.19,-1.81,-0.22,-1.93,-1.23
81.269047,9.09,-0.68,4.30,-2.32,-0.46,0.20,-39.56,30.50,-25.19,4.67,-3.90,8.71,-1.08,2.00,-1.03,-6.38,-5.43,3.55,0.46,1.88,-1.49,0.51,-6.16,7.72,-0.09,2.45,-0.90,-2.86,-4.94,7.62,0.37,2.12,-1.20,0.46,9.52,-1.75,-0.05,-2.07,-1.26
81.269057,8.71,-0.68,4.45,-2.32,-0.46,0.20,-39.56,30.50,-25.19,4.51,-3.76,8.47,-0.98,2.12,-1.18,-6.49,-5.05,3.46,0.54,2.09,-1.39,0.48,-5.82,7.58,0.08,2.52,-0.96,-2.92,-4.46,7.62,0.52,2.21,-1.20,0.63,9.35,-2.03,0.14,-2.19,-1.28
81.269066,7.87,-1.48,4.19,-2.70,-0.00,0.25,-38.94,30.75,-26.38,4.22,-3.65,8.25,-0.88,2.16,-1.23,-6.88,-4.86,3.56,0.57,2.17,-1.30,0.23,-5.34,7.64,0.20,2.53,-0.97,-3.32,-3.89,7.66,0.62,2.23,-1.16,0.72,9.43,-2.32,0.25,-2.20,-1.24
81.269078,7.64,-1.52,3.84,-2.70,-0.00,0.25,-38.94,30.75,-26.38,3.80,-3.50,8.21,-0.85,2.11,-1.23,-6.76,-4.99,3.29,0.59,2.13,-1.26,-0.21,-5.04,7.58,0.24,2.50,-0.97,-3.63,-3.77,7.27,0.65,2.20,-1.15,0.36,9.26,-2.32,0.28,-2.18,-1.19
81.269097,7.68,-1.48,3.69,-2.50,-0.01,0.19,-38.94,30.75,-26.38,3.26,-3.41,8.13,-0.83,2.12,-1.28,-6.33,-5.28,2.62,0.64,2.14,-1.24,-0.72,-4.87,7.30,0.28,2.49,-1.02,-3.91,-3.80,6.76,0.70,2.20,-1.19,-0.30,8.89,-2.19,0.30,-2.22,-1.14
81.269109,7.64,-1.52,3.46,-2.57,0.03,0.14,-38.94,30.75,-26.38,2.68,-3.66,7.66,-0.80,2.10,-1.37,-6.20,-5.13,2.44,0.73,2.16,-1.17,-1.34,-4.91,6.74,0.34,2.47,-1.10,-4.19,-3.96,6.08,0.81,2.18,-1.21,-0.36,8.64,-2.22,0.36,-2.27,-1.05
81.26912,7.75,-2.05,3.34,-2.65,0.17,0.06,-38.94,30.75,-26.38,2.32,-4.14,6.95,-0.69,1.98,-1.42,-6.38,-4.78,2.77,0.79,2.07,-1.02,-1.65,-4.98,6.36,0.42,2.32,-1.16,-4.42,-3.84,5.92,0.89,2.01,-1.17,-0.02,8.63,-2.30,0.40,-2.17,-0.87
81.26913,7.48,-2.93,2.92,-1.94,0.38,-0.16,-38.31,34.19,-29.06,2.11,-4.29,6.85,-0.52,1.72,-1.40,-6.25,-4.87,2.86,0.80,1.82,-0.82,-1.84,-4.97,6.30,0.47,1.98,-1.14,-4.65,-3.71,5.98,0.93,1.69,-1.07,-0.15,8.63,-2.11,0.41,-1.94,-0.63
81.26914,7.53,-2.55,2.84,-1.94,0.38,-0.16,-37.94,36.44,-30.94,2.12,-4.19,7.41,-0.41,1.52,-1.39,-5.70,-5.37,2.28,0.82,1.67,-0.71,-1.73,-4.97,6.55,0.50,1.78,-1.14,-4.49,-3.86,5.87,0.93,1.51,-1.06,-0.82,8.39,-1.81,0.42,-1.82,-0.49
81.26915,7.64,-2.09,2.84,-1.94,0.38,-0.16,-37.94,36.44,-30.94,2.18,-4.03,7.99,-0.38,1.53,-1.43,-5.31,-5.84,1.59,0.85,1.70,-0.68,-1.64,-5.01,6.69,0.54,1.76,-1.16,-4.35,-3.99,5.70,0.96,1.51,-1.08,-1.51,8.23,-1.71,0.45,-1.87,-0.47
81.26918,7.71,-2.25,2.77,-2.25,0.49,-0.14,-38.00,36.69,-29.88,1.83,-4.12,8.08,-0.39,1.64,-1.51,-5.42,-6.09,1.36,0.93,1.83,-0.69,-2.19,-4.95,6.64,0.59,1.85,-1.23,-4.85,-4.04,5.44,1.05,1.60,-1.14,-1.80,8.35,-1.76,0.50,-2.02,-0.48
81.269191,7.75,-2.74,2.54,-2.25,0.49,-0.14,-38.25,36.62,-31.69,1.47,-4.45,7.66,-0.38,1.67,-1.57,-5.51,-6.02,1.45,0.99,1.85,-0.68,-2.58,-5.03,6.33,0.62,1.86,-1.28,-5.14,-4.07,5.14,1.11,1.58,-1.17,-1.73,8.30,-1.73,0.51,-2.05,-0.45
81.269206,7.64,-3.24,2.16,-2.17,0.53,-0.23,-37.38,37.38,-32.88,1.11,-4.71,7.19,-0.33,1.61,-1.60,-5.36,-6.04,1.48,1.03,1.78,-0.64,-2.85,-5.01,6.01,0.64,1.79,-1.31,-5.26,-4.01,4.98,1.14,1.50,-1.16,-1.77,8.21,-1.59,0.51,-2.01,-0.38
81.269218,7.14,-2.78,1.31,-2.17,0.53,-0.23,-37.38,37.38,-32.88,1.19,-4.64,7.21,-0.33,1.51,-1.62,-4.93,-6.23,1.30,1.05,1.70,-0.63,-2.66,-4.91,6.03,0.61,1.68,-1.33,-5.02,-3.90,5.01,1.09,1.40,-1.20,-2.00,7.99,-1.31,0.47,-1.97,-0.32
81.269228,7.14,-2.59,1.31,-2.01,0.47,-0.33,-37.38,37.38,-32.88,1.31,-4.70,7.06,-0.35,1.49,-1.60,-4.46,-6.15,1.14,1.06,1.69,-0.66,-2.47,-5.04,5.63,0.58,1.66,-1.32,-4.59,-4.15,4.55,1.07,1.40,-1.22,-2.06,7.60,-1.06,0.44,-1.98,-0.33
81.269264,7.14,-2.78,1.08,-2.10,0.45,-0.30,-37.38,37.38,-32.88,1.02,-4.96,6.35,-0.34,1.47,-1.58,-4.19,-5.92,1.22,1.05,1.68,-0.63,-2.72,-5.12,5.02,0.58,1.62,-1.31,-4.60,-4.27,4.04,1.07,1.37,-1.20,-1.96,7.30,-0.92,0.45,-1.95,-0.31
81.269276,7.14,-2.78,1.08,-2.01,0.52,-0.30,-37.62,39.81,-35.44,0.63,-5.04,5.94,-0.31,1.39,-1.56,-4.11,-5.84,1.31,1.05,1.59,-0.55,-3.08,-5.01,4.65,0.58,1.51,-1.30,-4.81,-4.25,3.67,1.07,1.26,-1.15,-1.89,7.17,-0.82,0.45,-1.85,-0.22
81.269289,6.72,-3.39,0.36,-1.79,0.55,-0.36,-37.62,39.81,-35.44,0.44,-5.27,5.48,-0.25,1.22,-1.52,-4.09,-5.90,1.43,1.03,1.40,-0.45,-3.15,-4.97,4.48,0.56,1.32,-1.28,-4.92,-4.05,3.80,1.03,1.06,-1.09,-1.89,7.23,-0.73,0.41,-1.68,-0.07
81.269299,6.57,-3.39,0.16,-1.52,0.55,-0.43,-37.62,39.81,-35.44,0.45,-5.26,5.75,-0.21,1.01,-1.43,-3.93,-6.15,1.42,0.99,1.19,-0.39,-3.09,-4.94,4.68,0.48,1.13,-1.22,-4.82,-4.07,3.86,0.92,0.87,-1.05,-2.07,7.31,-0.58,0.31,-1.51,0.03
81.269311,6.76,-3.09,0.36,-1.29,0.45,-0.49,-37.62,39.81,-35.44,0.51,-5.11,5.96,-0.24,0.85,-1.35,-3.81,-6.33,1.33,0.94,1.02,-0.41,-2.97,-4.85,4.87,0.38,0.99,-1.17,-4.73,-4.05,3.90,0.82,0.75,-1.04,-2.14,7.24,-0.48,0.18,-1.43,0.07
81.270508,6.68,-2.89,0.28,-1.25,0.33,-0.54,-37.62,39.81,-35.44,0.57,-5.38,5.47,-0.28,0.69,-1.25,-3.69,-6.09,1.61,0.91,0.85,-0.43,-2.86,-5.07,4.40,0.27,0.84,-1.11,-4.45,-4.19,3.74,0.71,0.61,-1.01,-1.82,7.12,-0.30,0.08,-1.30,0.11
81.270525,6.76,-3.12,-0.22,-1.25,0.33,-0.54,-37.25,40.94,-38.06,0.65,-5.80,4.86,-0.27,0.48,-1.10,-3.21,-6.01,1.85,0.85,0.61,-0.39,-2.76,-5.43,3.80,0.18,0.61,-1.00,-4.07,-4.63,3.29,0.60,0.41,-0.91,-1.70,6.83,0.19,-0.02,-1.07,0.19
81.270536,6.84,-2.78,-0.53,-1.25,0.33,-0.54,-37.25,40.94,-38.06,0.69,-5.91,4.56,-0.21,0.34,-0.99,-2.54,-6.00,1.56,0.79,0.46,-0.33,-2.62,-5.66,3.25,0.17,0.45,-0.93,-3.70,-4.90,2.86,0.55,0.27,-0.83,-1.96,6.31,0.51,-0.04,-0.92,0.24
81.270545,6.80,-2.48,-0.45,-0.59,0.19,-0.59,-37.25,40.94,-38.06,0.71,-5.46,4.84,-0.14,0.30,-0.95,-1.91,-6.00,0.85,0.75,0.45,-0.26,-2.34,-5.45,3.22,0.24,0.39,-0.88,-3.31,-4.86,2.55,0.58,0.24,-0.77,-2.39,5.75,0.56,0.02,-0.88,0.25
81.270554,6.46,-2.13,-0.11,-0.63,0.31,-0.50,-37.25,40.94,-38.06,0.78,-5.17,5.20,-0.12,0.37,-0.95,-2.05,-6.05,0.75,0.73,0.56,-0.25,-2.19,-5.21,3.63,0.27,0.46,-0.84,-3.41,-4.53,2.94,0.62,0.33,-0.73,-2.38,5.90,0.36,0.08,-0.93,0.17
81.270564,6.57,-2.89,0.16,-0.88,0.33,-0.36,-37.25,40.94,-38.06,0.58,-5.33,4.94,-0.10,0.40,-0.93,-2.57,-5.81,1.14,0.68,0.61,-0.24,-2.55,-5.24,3.54,0.28,0.45,-0.78,-3.71,-4.51,2.96,0.59,0.34,-0.69,-2.03,6.15,0.12,0.11,-0.91,0.13
81.272017,6.52,-2.89,0.62,-0.72,0.38,-0.38,-37.25,40.94,-38.06,0.40,-5.12,4.94,-0.03,0.34,-0.91,-2.78,-5.69,0.98,0.67,0.58,-0.17,-2.76,-5.01,3.57,0.32,0.37,-0.75,-3.91,-4.33,2.91,0.60,0.28,-0.65,-2.13,6.13,-0.20,0.15,-0.85,0.18
81.272034,6.52,-2.89,0.62,-0.72,0.38,-0.38,-37.25,40.94,-38.06,0.22,-4.57,5.74,0.02,0.30,-0.93,-3.10,-5.90,0.76,0.70,0.57,-0.12,-2.97,-4.58,4.28,0.36,0.31,-0.76,-4.27,-4.09,3.15,0.65,0.23,-0.63,-2.36,6.44,-0.48,0.18,-0.85,0.24
81.272045,6.76,-2.97,1.01,-0.73,0.47,-0.50,-37.25,40.94,-38.06,0.22,-4.60,6.18,-0.02,0.26,-0.97,-3.72,-6.28,1.04,0.76,0.54,-0.13,-3.20,-4.54,4.86,0.32,0.28,-0.83,-4.87,-3.96,3.74,0.66,0.19,-0.67,-2.31,7.13,-0.62,0.14,-0.88,0.28
81.272055,6.98,-3.28,0.97,-0.69,0.39,-0.61,-37.25,40.94,-38.06,0.06,-4.91,5.81,-0.00,0.13,-0.96,-4.02,-6.12,1.45,0.81,0.43,-0.12,-3.45,-4.78,4.57,0.28,0.15,-0.85,-5.15,-4.10,3.70,0.63,0.05,-0.70,-1.98,7.28,-0.66,0.08,-0.82,0.38
81.273806,7.33,-3.16,1.35,-0.44,0.43,-0.76,-37.25,40.94,-38.06,0.27,-4.92,5.92,0.08,-0.06,-1.01,-3.84,-5.93,1.19,0.87,0.28,0.01,-3.18,-5.02,4.59,0.31,-0.05,-0.92,-4.77,-4.37,3.69,0.67,-0.14,-0.72,-2.09,7.04,-0.73,0.10,-0.72,0.56
81.273823,7.68,-2.32,2.77,-0.44,0.43,-0.76,-35.19,37.12,-41.38,1.02,-4.30,7.61,0.16,-0.04,-1.13,-4.12,-6.42,0.86,0.96,0.37,0.09,-2.48,-4.89,5.96,0.41,-0.05,-1.01,-4.55,-4.23,4.61,0.77,-0.11,-0.77,-2.43,7.57,-1.00,0.21,-0.83,0.60
81.273834,7.83,-2.29,2.77,-0.67,0.76,-0.76,-35.19,37.12,-41.38,1.29,-4.16,8.07,0.07,0.12,-1.25,-5.10,-6.53,1.62,1.07,0.51,0.02,-2.50,-4.70,6.76,0.41,0.08,-1.10,-5.08,-3.83,5.55,0.83,-0.00,-0.87,-1.76,8.51,-1.33,0.20,-1.02,0.56
81.273845,7.71,-2.70,2.50,-0.97,0.64,-0.79,-35.19,37.12,-41.38,1.14,-4.79,6.95,0.05,0.01,-1.25,-5.68,-5.89,2.70,1.12,0.37,0.02,-2.78,-5.02,6.14,0.34,-0.06,-1.12,-5.23,-3.96,5.57,0.79,-0.16,-0.90,-0.85,8.73,-1.40,0.12,-0.94,0.68
81.275387,8.52,-2.97,2.84,-0.63,0.55,-0.96,-34.62,35.62,-42.56,1.55,-4.70,7.43,0.21,-0.31,-1.25,-5.25,-5.95,2.27,1.16,0.13,0.21,-2.36,-5.38,6.27,0.38,-0.35,-1.15,-4.66,-4.51,5.41,0.82,-0.44,-0.84,-1.23,8.46,-1.25,0.15,-0.74,0.94
81.275403,8.64,-2.05,3.42,-0.63,0.55,-0.96,-35.44,33.81,-42.62,2.11,-4.20,8.44,0.25,-0.29,-1.34,-5.40,-6.31,2.15,1.23,0.17,0.29,-1.79,-5.15,7.13,0.45,-0.34,-1.23,-4.53,-4.25,6.06,0.92,-0.43,-0.86,-1.33,8.81,-1.38,0.22,-0.80,1.00
81.275415,8.48,-1.75,3.50,-0.58,0.86,-1.09,-35.44,33.81,-42.62,2.25,-4.08,8.15,0.21,-0.24,-1.39,-6.05,-6.06,3.17,1.31,0.14,0.25,-1.74,-4.77,7.41,0.43,-0.34,-1.28,-4.78,-3.63,6.78,0.92,-0.45,-0.93,-0.42,9.34,-1.49,0.15,-0.85,1.04
81.275424,7.61,-2.25,2.50,-0.38,0.65,-1.25,-34.88,34.75,-44.94,2.31,-4.97,6.67,0.24,-0.61,-1.29,-5.86,-5.54,4.02,1.31,-0.20,0.30,-1.66,-5.53,6.22,0.31,-0.67,-1.25,-4.26,-4.31,6.31,0.80,-0.79,-0.92,0.30,9.12,-0.99,0.00,-0.60,1.27
81.276932,8.45,-2.17,2.58,-0.38,0.65,-1.25,-34.31,29.44,-42.94,3.12,-4.99,7.37,0.36,-0.79,-1.28,-4.84,-6.00,3.17,1.30,-0.31,0.43,-0.77,-6.19,6.34,0.34,-0.82,-1.26,-3.17,-5.17,6.09,0.83,-0.91,-0.87,-0.53,8.65,-0.52,0.07,-0.50,1.37
81.276956,9.02,-0.18,4.03,-0.38,0.65,-1.25,-32.50,27.81,-45.88,3.75,-3.90,9.48,0.37,-0.49,-1.46,-4.88,-6.76,2.51,1.39,0.06,0.42,-0.24,-5.79,7.82,0.53,-0.53,-1.36,-3.30,-4.87,6.83,1.04,-0.61,-0.93,-1.11,9.09,-0.76,0.26,-0.82,1.21
81.276978,9.02,-0.18,4.03,-0.38,0.65,-1.25,-32.50,27.81,-45.88,3.70,-3.88,9.35,0.25,-0.24,-1.59,-5.84,-6.57,3.45,1.49,0.27,0.32,-0.50,-5.45,8.33,0.55,-0.31,-1.45,-3.90,-4.37,7.50,1.11,-0.41,-1.05,-0.24,9.84,-1.09,0.27,-1.04,1.11
81.276993,8.98,-1.86,2.88,-1.02,0.95,-1.16,-32.50,27.81,-45.88,3.65,-5.14,7.43,0.22,-0.33,-1.57,-6.63,-5.66,5.29,1.52,0.13,0.30,-0.78,-6.08,7.36,0.46,-0.42,-1.47,-3.94,-4.57,7.75,1.06,-0.56,-1.07,1.39,10.31,-0.97,0.18,-0.94,1.22
81.278486,9.94,-1.71,3.11,-0.48,0.80,-1.38,-32.50,27.81,-45.88,4.23,-5.45,7.29,0.40,-0.69,-1.44,-5.96,-5.66,5.18,1.45,-0.18,0.46,-0.10,-6.78,6.90,0.46,-0.76,-1.39,-3.04,-5.40,7.39,1.01,-0.87,-0.94,1.13,9.90,-0.50,0.17,-0.64,1.43
81.278504,9.94,0.67,4.64,-0.04,1.17,-1.33,-32.50,27.81,-45.88,5.13,-4.32,9.38,0.49,-0.65,-1.53,-5.52,-6.41,4.08,1.47,-0.02,0.56,0.95,-6.45,8.34,0.59,-0.68,-1.45,-2.47,-5.24,8.07,1.15,-0.77,-0.94,0.24,9.95,-0.62,0.32,-0.75,1.40
81.278516,9.64,0.44,4.76,-0.04,1.17,-1.33,-29.81,24.81,-50.44,5.52,-3.92,10.36,0.39,-0.39,-1.63,-6.34,-6.64,4.52,1.52,0.27,0.42,1.12,-6.15,9.45,0.61,-0.44,-1.50,-2.87,-4.73,9.16,1.21,-0.52,-1.02,0.61,10.80,-0.97,0.35,-1.02,1.21
81.279886,9.82,-0.14,4.45,-0.04,1.17,-1.33,-29.81,24.81,-50.44,5.57,-4.57,9.39,0.24,-0.25,-1.62,-7.31,-6.08,6.06,1.53,0.32,0.28,0.94,-6.37,9.22,0.52,-0.33,-1.49,-3.17,-4.63,9.69,1.15,-0.45,-1.08,2.00,11.48,-1.09,0.26,-1.10,1.12
81.279902,10.32,-0.56,4.11,-0.47,0.75,-1.30,-29.81,24.81,-50.44,5.70,-5.49,7.62,0.31,-0.56,-1.44,-7.37,-5.08,7.43,1.45,-0.00,0.35,1.08,-7.14,7.86,0.46,-0.63,-1.38,-2.65,-5.22,9.22,1.04,-0.78,-0.97,3.28,11.30,-0.77,0.15,-0.79,1.28
81.279911,10.51,0.36,4.42,0.28,0.84,-1.39,-29.81,24.81,-50.44,6.41,-5.38,7.74,0.46,-0.84,-1.32,-6.79,-5.05,7.31,1.36,-0.28,0.52,1.91,-7.24,8.10,0.45,-0.96,-1.28,-1.64,-5.43,9.50,0.97,-1.05,-0.82,3.18,10.96,-0.45,0.16,-0.48,1.44
81.281618,10.44,1.16,4.76,0.28,0.84,-1.39,-26.81,23.38,-53.75,7.19,-4.71,9.05,0.52,-0.92,-1.25,-6.53,-5.54,6.92,1.28,-0.35,0.63,2.71,-7.19,8.85,0.45,-1.01,-1.21,-1.20,-5.35,10.05,0.93,-1.07,-0.74,2.82,11.12,-0.38,0.19,-0.37,1.45
81.281631,10.55,1.47,5.14,0.13,0.93,-1.17,-26.81,23.38,-53.75,7.72,-4.57,9.71,0.47,-0.78,-1.16,-6.88,-5.71,7.19,1.20,-0.25,0.58,3.18,-7.27,9.54,0.43,-0.87,-1.12,-1.05,-5.35,10.67,0.87,-0.93,-0.69,3.05,11.57,-0.47,0.19,-0.40,1.30
81.281641,10.82,0.97,5.11,-0.04,0.80,-1.03,-26.81,23.38,-53.75,7.80,-5.03,9.43,0.44,-0.71,-1.08,-7.16,-5.59,7.55,1.11,-0.22,0.55,3.15,-7.63,9.38,0.41,-0.80,-1.04,-1.11,-5.60,10.83,0.82,-0.85,-0.62,3.35,11.83,-0.49,0.19,-0.36,1.20
81.281652,11.27,0.63,5.22,0.11,0.78,-0.93,-26.81,23.38,-53.75,7.83,-5.38,9.55,0.48,-0.70,-0.95,-7.44,-5.66,7.86,0.97,-0.25,0.59,3.04,-7.99,9.57,0.43,-0.81,-0.89,-1.23,-5.93,11.08,0.77,-0.85,-0.47,3.47,12.20,-0.47,0.21,-0.23,1.14
81.283315,11.73,0.70,5.45,0.11,0.78,-0.93,-23.56,16.81,-53.00,8.21,-5.49,10.13,0.52,-0.69,-0.79,-7.84,-5.99,8.07,0.80,-0.29,0.62,3.26,-8.18,10.24,0.42,-0.81,-0.72,-1.40,-5.96,11.74,0.70,-0.83,-0.32,3.47,12.76,-0.53,0.23,-0.08,1.05
81.283329,11.77,0.86,5.61,0.11,0.78,-0.93,-23.56,16.81,-53.00,8.35,-5.47,10.45,0.52,-0.67,-0.67,-8.06,-6.18,8.19,0.68,-0.30,0.61,3.33,-8.27,10.54,0.38,-0.78,-0.60,-1.45,-6.00,12.11,0.60,-0.79,-0.23,3.49,13.05,-0.59,0.21,-0.00,0.96
81.283338,11.89,1.05,5.83,0.39,0.65,-0.59,-23.56,16.81,-53.00,8.66,-5.35,10.72,0.51,-0.62,-0.54,-8.14,-6.14,8.33,0.54,-0.29,0.58,3.57,-8.37,10.74,0.35,-0.73,-0.47,-1.25,-6.14,12.27,0.52,-0.73,-0.15,3.65,13.15,-0.62,0.21,0.07,0.84
81.283347,11.89,2.01,6.60,0.38,0.58,-0.47,-21.19,15.19,-53.81,9.62,-4.69,11.24,0.49,-0.45,-0.44,-8.06,-5.61,8.46,0.37,-0.14,0.52,4.63,-8.18,11.12,0.37,-0.55,-0.38,-0.34,-5.88,12.73,0.51,-0.58,-0.08,4.21,12.93,-0.84,0.26,0.06,0.60
81.284939,11.39,2.58,7.06,0.38,0.58,-0.47,-20.88,15.31,-54.25,10.23,-4.19,11.45,0.43,-0.21,-0.37,-8.32,-5.06,8.75,0.23,0.02,0.44,5.51,-7.82,11.61,0.37,-0.32,-0.27,0.29,-5.23,13.53,0.46,-0.33,0.00,4.76,12.94,-1.18,0.29,0.02,0.37
81.284955,10.93,2.62,7.29,0.38,0.58,-0.47,-20.88,15.31,-54.25,10.28,-3.76,11.54,0.33,0.03,-0.20,-8.97,-4.71,9.11,0.02,0.14,0.30,5.60,-7.30,12.07,0.31,-0.07,-0.07,0.08,-4.60,14.05,0.31,-0.06,0.10,5.20,13.25,-1.67,0.26,0.03,0.10
81.284967,10.67,1.47,7.25,-0.07,0.08,0.31,-20.88,15.31,-54.25,9.78,-3.59,11.60,0.16,0.17,0.02,-9.44,-4.78,9.10,-0.21,0.14,0.12,5.03,-6.91,12.33,0.13,0.11,0.16,-0.63,-4.25,14.13,0.05,0.12,0.19,5.08,13.52,-2.00,0.12,0.12,-0.14
81.284979,10.67,1.47,7.25,0.02,-0.15,0.38,-20.25,15.94,-55.06,9.37,-3.69,11.51,0.04,0.20,0.19,-9.32,-4.92,8.82,-0.35,0.10,-0.02,4.63,-6.96,12.10,-0.01,0.18,0.29,-0.88,-4.43,13.72,-0.12,0.20,0.23,4.76,13.35,-1.93,0.01,0.19,-0.28
81.286413,11.09,1.43,6.98,0.02,-0.15,0.38,-20.25,15.94,-55.06,9.31,-3.85,11.46,-0.04,0.27,0.32,-8.87,-5.00,8.38,-0.49,0.12,-0.13,4.64,-7.24,11.69,-0.10,0.29,0.40,-0.68,-4.77,13.25,-0.25,0.31,0.28,4.41,12.99,-1.73,-0.05,0.22,-0.45
81.286425,11.16,1.59,6.95,-0.04,-0.37,0.62,-20.25,15.94,-55.06,9.34,-3.88,11.61,-0.12,0.45,0.44,-8.59,-5.25,8.02,-0.65,0.27,-0.26,4.65,-7.31,11.65,-0.14,0.48,0.54,-0.62,-4.89,13.08,-0.34,0.52,0.35,4.04,12.88,-1.59,-0.05,0.18,-0.71
81.286436,10.93,1.16,6.60,-0.04,-0.37,0.62,-22.69,17.69,-54.62,8.95,-3.99,11.41,-0.24,0.67,0.58,-8.77,-5.33,8.10,-0.82,0.41,-0.42,4.12,-7.14,11.56,-0.21,0.71,0.70,-1.13,-4.75,12.93,-0.45,0.75,0.41,3.99,13.00,-1.63,-0.10,0.15,-0.98
81.287894,10.78,0.63,6.18,-0.04,-0.37,0.62,-22.69,17.69,-54.62,8.37,-4.30,10.73,-0.31,0.72,0.72,-8.88,-5.23,8.26,-0.95,0.36,-0.49,3.55,-7.08,11.08,-0.29,0.77,0.81,-1.51,-4.71,12.50,-0.57,0.81,0.48,4.04,12.95,-1.62,-0.17,0.24,-1.06
81.287908,10.59,0.32,5.68,-0.17,-0.75,1.00,-22.69,17.69,-54.62,7.62,-4.65,9.74,-0.33,0.62,0.93,-8.40,-5.20,8.05,-1.12,0.16,-0.52,2.89,-7.03,10.18,-0.40,0.68,0.99,-1.76,-4.78,11.60,-0.74,0.72,0.60,3.78,12.41,-1.30,-0.30,0.47,-1.06
81.28792,10.09,0.48,4.30,0.15,-0.88,0.99,-24.19,20.06,-53.25,6.84,-5.01,8.62,-0.27,0.47,1.14,-6.87,-5.35,7.06,-1.27,-0.04,-0.48,2.28,-7.24,8.61,-0.46,0.52,1.16,-1.61,-5.37,9.89,-0.87,0.58,0.74,2.84,11.03,-0.49,-0.36,0.70,-1.05
81.289461,10.13,0.70,3.84,0.15,-0.88,0.99,-25.06,21.50,-53.50,6.40,-5.10,8.23,-0.19,0.47,1.19,-5.67,-5.46,6.18,-1.32,-0.03,-0.39,2.00,-7.41,7.69,-0.41,0.49,1.21,-1.27,-5.87,8.69,-0.85,0.56,0.81,2.14,10.09,0.00,-0.27,0.75,-1.06
81.28948,10.05,0.78,3.65,0.15,-0.88,0.99,-25.06,21.50,-53.50,5.99,-4.96,8.22,-0.09,0.58,1.16,-5.27,-5.73,5.57,-1.34,0.13,-0.28,1.75,-7.20,7.49,-0.28,0.55,1.23,-1.45,-5.77,8.28,-0.75,0.65,0.89,1.62,9.84,0.06,-0.11,0.71,-1.12
81.290987,9.40,0.40,3.57,0.09,-0.46,1.26,-25.06,21.50,-53.50,5.56,-4.66,8.34,-0.06,0.66,1.12,-5.74,-5.78,5.65,-1.34,0.23,-0.25,1.40,-6.67,7.88,-0.22,0.61,1.22,-1.93,-5.20,8.49,-0.70,0.73,0.90,1.68,10.15,-0.28,-0.03,0.66,-1.16
81.291001,9.18,0.02,3.69,0.09,-0.46,1.26,-26.56,22.88,-49.75,5.46,-4.75,7.99,-0.06,0.64,1.15,-6.14,-5.46,5.99,-1.37,0.19,-0.23,1.31,-6.52,7.81,-0.22,0.58,1.25,-2.10,-4.96,8.57,-0.70,0.70,0.94,2.06,10.27,-0.51,-0.04,0.72,-1.14
81.291011,9.17,-0.18,3.84,0.09,-0.46,1.26,-27.69,23.56,-50.56,5.30,-4.73,7.69,-0.01,0.49,1.22,-6.14,-5.23,6.03,-1.40,0.05,-0.16,1.13,-6.45,7.58,-0.23,0.44,1.31,-2.21,-4.92,8.42,-0.74,0.55,1.02,2.14,10.11,-0.59,-0.06,0.87,-1.05
81.29256,9.25,0.25,4.00,0.09,-0.46,1.26,-27.38,24.94,-50.81,5.41,-4.44,7.90,0.07,0.35,1.27,-5.99,-5.16,5.73,-1.43,-0.07,-0.06,1.33,-6.23,7.75,-0.23,0.28,1.34,-2.03,-4.71,8.50,-0.75,0.42,1.07,2.04,9.93,-0.68,-0.05,0.99,-0.96
81.292574,8.75,0.55,4.11,0.67,-0.49,1.15,-27.38,24.94,-50.81,5.64,-4.04,8.38,0.07,0.33,1.30,-5.93,-5.19,5.46,-1.45,-0.08,-0.05,1.67,-6.00,8.08,-0.24,0.25,1.37,-1.81,-4.45,8.70,-0.78,0.41,1.09,1.89,9.84,-0.78,-0.06,1.01,-0.98
81.292585,8.75,0.55,4.11,0.58,-0.56,1.20,-29.19,25.31,-48.69,5.63,-3.90,8.50,0.03,0.38,1.34,-6.01,-5.14,5.39,-1.50,-0.06,-0.10,1.66,-5.81,8.19,-0.27,0.30,1.42,-1.87,-4.22,8.79,-0.83,0.47,1.11,1.89,9.85,-0.91,-0.09,1.01,-1.06
81.294512,8.56,-0.25,3.84,0.54,-0.74,1.29,-29.19,25.31,-48.69,5.36,-3.88,8.40,-0.04,0.38,1.44,-6.22,-5.15,5.43,-1.58,-0.11,-0.17,1.33,-5.61,8.24,-0.35,0.32,1.51,-2.25,-4.03,8.71,-0.92,0.49,1.14,1.83,9.95,-1.01,-0.17,1.06,-1.13
81.294523,8.56,-0.25,3.84,0.54,-0.74,1.29,-29.19,25.31,-48.69,4.86,-3.95,8.23,-0.10,0.34,1.49,-6.02,-5.32,5.14,-1.62,-0.21,-0.22,0.78,-5.59,7.99,-0.44,0.30,1.54,-2.60,-4.14,8.32,-1.01,0.47,1.13,1.48,9.75,-0.90,-0.25,1.12,-1.11
81.294538,8.71,-0.37,3.27,0.67,-0.85,1.21,-29.19,25.31,-48.69,4.55,-4.13,7.92,-0.14,0.29,1.51,-5.47,-5.37,4.65,-1.62,-0.26,-0.22,0.57,-5.75,7.43,-0.50,0.27,1.53,-2.48,-4.44,7.64,-1.05,0.43,1.11,1.09,9.28,-0.73,-0.28,1.15,-1.10
81.306261,7.49,-2.86,2.84,1.36,-0.87,0.83,-38.25,36.75,-34.19,1.41,-3.83,8.00,-0.07,-0.53,1.71,-5.47,-5.88,1.68,-1.57,-1.00,0.00,-2.37,-4.43,6.85,-0.77,-0.58,1.60,-5.01,-3.49,5.66,-1.32,-0.37,1.20,-1.52,8.34,-1.84,-0.58,1.66,-0.58
81.327936,7.29,-3.05,2.84,1.36,-0.87,0.83,-38.00,34.62,-30.94,1.14,-3.76,8.02,-0.10,-0.58,1.67,-5.75,-5.83,1.65,-1.51,-1.05,-0.01,-2.64,-4.17,7.00,-0.80,-0.63,1.55,-5.33,-3.24,5.71,-1.32,-0.43,1.14,-1.52,8.43,-2.07,-0.63,1.64,-0.51
81.348939,7.18,-3.24,2.81,1.36,-0.87,0.83,-38.31,33.56,-30.44,0.94,-3.90,7.81,-0.13,-0.71,1.66,-5.88,-5.75,1.65,-1.47,-1.18,-0.01,-2.78,-4.16,6.85,-0.86,-0.74,1.51,-5.52,-3.15,5.63,-1.37,-0.55,1.10,-1.55,8.42,-2.16,-0.71,1.70,-0.41
81.372054,7.26,-3.24,2.54,1.63,-0.96,0.53,-38.31,33.56,-30.44,0.74,-3.96,7.71,-0.13,-0.85,1.65,-5.63,-5.85,1.32,-1.42,-1.31,0.00,-3.03,-4.21,6.62,-0.92,-0.87,1.48,-5.52,-3.37,5.23,-1.39,-0.69,1.05,-1.85,8.16,-2.04,-0.78,1.74,-0.29
81.563669,7.41,-3.09,2.46,1.66,-0.93,0.45,-38.31,33.56,-30.44,0.66,-4.02,7.69,-0.12,-0.93,1.59,-5.18,-5.97,0.85,-1.34,-1.35,0.03,-3.06,-4.41,6.28,-0.90,-0.93,1.41,-5.35,-3.65,4.82,-1.35,-0.75,1.01,-2.24,7.82,-1.86,-0.78,1.72,-0.22
81.5637,7.45,-3.09,2.50,1.66,-0.93,0.45,-38.94,35.38,-26.44,0.56,-3.89,7.84,-0.09,-0.91,1.49,-4.96,-6.08,0.51,-1.25,-1.29,0.05,-3.07,-4.34,6.26,-0.83,-0.92,1.31,-5.32,-3.64,4.68,-1.25,-0.75,0.96,-2.53,7.64,-1.85,-0.72,1.63,-0.18
81.563713,6.88,-3.20,2.62,1.66,-0.93,0.45,-38.31,34.44,-26.25,0.38,-3.68,7.93,-0.10,-0.87,1.37,-5.24,-6.03,0.63,-1.14,-1.22,0.04,-3.17,-3.99,6.51,-0.80,-0.87,1.20,-5.54,-3.25,4.92,-1.18,-0.72,0.88,-2.36,7.83,-2.04,-0.71,1.51,-0.15
81.563726,6.64,-3.59,2.39,1.31,-0.74,0.32,-38.31,34.44,-26.25,0.23,-3.99,7.39,-0.13,-0.95,1.34,-5.58,-5.77,1.12,-1.08,-1.32,0.04,-3.39,-3.97,6.31,-0.84,-0.94,1.16,-5.77,-3.10,4.97,-1.20,-0.80,0.83,-1.97,8.00,-2.14,-0.77,1.54,-0.04
81.563737,6.76,-3.93,2.04,1.53,-0.83,0.19,-38.31,34.44,-26.25,0.01,-4.26,6.94,-0.11,-1.13,1.36,-5.44,-5.71,1.06,-1.05,-1.50,0.09,-3.60,-4.16,5.85,-0.89,-1.12,1.15,-5.85,-3.33,4.57,-1.24,-0.99,0.82,-2.09,7.79,-2.00,-0.84,1.66,0.12
81.563748,6.95,-3.86,1.89,1.53,-0.83,0.19,-38.38,35.69,-24.00,-0.08,-4.10,7.17,-0.07,-1.29,1.33,-5.03,-5.95,0.55,-0.99,-1.63,0.16,-3.63,-4.18,5.79,-0.90,-1.27,1.10,-5.74,-3.50,4.24,-1.23,-1.13,0.79,-2.54,7.54,-1.86,-0.86,1.71,0.26
81.563759,6.88,-3.16,2.04,1.72,-0.68,-0.07,-39.25,34.56,-23.06,0.14,-4.15,7.28,-0.06,-1.34,1.24,-4.77,-6.16,0.36,-0.89,-1.64,0.18,-3.38,-4.32,5.74,-0.88,-1.32,1.01,-5.43,-3.63,4.20,-1.18,-1.18,0.73,-2.69,7.45,-1.68,-0.86,1.65,0.33
81.565713,6.95,-3.28,1.85,1.72,-0.68,-0.07,-39.25,34.56,-23.06,0.16,-4.32,7.02,-0.04,-1.36,1.17,-4.55,-6.06,0.40,-0.82,-1.63,0.20,-3.41,-4.47,5.45,-0.85,-1.35,0.95,-5.32,-3.83,3.99,-1.13,-1.22,0.68,-2.65,7.28,-1.53,-0.83,1.60,0.38
81.565743,7.14,-3.28,2.04,1.69,-0.62,-0.11,-39.25,34.56,-23.06,0.17,-4.36,7.04,0.03,-1.36,1.07,-4.35,-6.05,0.23,-0.74,-1.57,0.26,-3.35,-4.62,5.29,-0.75,-1.35,0.86,-5.16,-4.03,3.78,-1.00,-1.22,0.65,-2.79,7.09,-1.47,-0.75,1.54,0.44
81.587701,6.91,-3.24,2.20,1.50,-0.33,-0.15,-39.25,34.56,-23.06,0.18,-4.12,7.34,0.10,-1.28,0.92,-4.49,-6.18,0.25,-0.63,-1.47,0.33,-3.32,-4.41,5.65,-0.63,-1.31,0.74,-5.29,-3.83,4.09,-0.85,-1.19,0.60,-2.75,7.31,-1.53,-0.64,1.42,0.51
81.608596,6.91,-3.24,2.20,1.41,-0.30,-0.20,-40.50,33.25,-21.38,0.36,-4.18,7.29,0.11,-1.25,0.83,-4.70,-6.16,0.56,-0.54,-1.42,0.35,-3.17,-4.47,5.73,-0.59,-1.29,0.65,-5.24,-3.78,4.36,-0.78,-1.18,0.54,-2.51,7.52,-1.58,-0.61,1.34,0.54
81.630711,6.91,-3.24,2.20,1.41,-0.30,-0.20,-39.56,34.12,-21.19,0.55,-4.26,7.28,0.16,-1.26,0.74,-4.71,-6.09,0.73,-0.46,-1.37,0.38,-3.00,-4.69,5.71,-0.52,-1.32,0.58,-5.02,-4.04,4.36,-0.69,-1.20,0.50,-2.38,7.57,-1.52,-0.55,1.28,0.59
81.654019,7.45,-2.70,2.81,1.37,-0.15,-0.27,-39.00,32.69,-19.12,0.82,-4.17,7.54,0.21,-1.21,0.62,-4.81,-6.12,0.88,-0.36,-1.27,0.42,-2.74,-4.68,6.08,-0.41,-1.30,0.49,-4.94,-3.96,4.78,-0.56,-1.18,0.45,-2.20,7.76,-1.55,-0.47,1.17,0.62
82.075044,7.33,-2.93,2.65,1.24,-0.07,-0.29,-39.00,32.69,-19.12,1.13,-4.26,7.52,0.24,-1.18,0.55,-5.20,-5.92,1.55,-0.29,-1.24,0.45,-2.44,-4.69,6.33,-0.38,-1.31,0.45,-4.83,-3.77,5.31,-0.51,-1.19,0.42,-1.60,8.13,-1.57,-0.44,1.13,0.67
82.075073,7.22,-2.93,2.39,1.31,-0.11,-0.32,-39.00,32.69,-19.12,1.37,-4.55,7.30,0.25,-1.25,0.57,-5.16,-5.91,1.90,-0.29,-1.31,0.46,-2.18,-5.05,6.13,-0.39,-1.37,0.46,-4.53,-4.06,5.35,-0.52,-1.25,0.44,-1.42,8.21,-1.35,-0.46,1.19,0.73
82.075086,8.06,-2.29,2.50,1.31,-0.11,-0.32,-38.69,32.12,-18.69,1.51,-4.67,7.40,0.31,-1.29,0.55,-4.81,-6.18,1.71,-0.27,-1.31,0.52,-2.21,-5.35,6.05,-0.34,-1.41,0.44,-4.43,-4.57,5.05,-0.46,-1.28,0.45,-1.71,8.11,-1.08,-0.42,1.19,0.78
82.075098,8.25,-2.32,2.58,1.44,-0.01,-0.36,-38.69,32.12,-18.69,1.63,-4.95,7.60,0.35,-1.24,0.47,-4.87,-6.63,1.90,-0.22,-1.26,0.57,-2.27,-5.65,6.24,-0.26,-1.39,0.39,-4.60,-4.86,5.32,-0.36,-1.28,0.45,-1.79,8.55,-0.84,-0.35,1.14,0.81
82.075108,8.64,-2.59,2.16,1.31,0.09,-0.36,-38.69,32.12,-18.69,1.53,-5.46,7.27,0.38,-1.30,0.43,-5.21,-6.92,2.53,-0.16,-1.28,0.62,-2.62,-5.97,6.19,-0.23,-1.45,0.35,-5.00,-5.11,5.51,-0.32,-1.36,0.44,-1.50,9.08,-0.60,-0.34,1.14,0.87
82.07512,8.87,-2.70,1.77,1.41,0.11,-0.44,-38.69,32.12,-18.69,1.57,-5.93,6.80,0.47,-1.47,0.42,-5.27,-6.81,3.01,-0.10,-1.43,0.73,-2.68,-6.40,5.83,-0.21,-1.67,0.33,-4.97,-5.47,5.43,-0.31,-1.55,0.44,-1.18,9.16,-0.42,-0.34,1.25,1.04
82.075131,9.02,-2.67,1.81,1.41,0.11,-0.44,-39.06,30.50,-17.69,2.21,-6.33,6.98,0.62,-1.65,0.42,-5.19,-6.85,3.03,-0.08,-1.56,0.90,-2.05,-7.06,5.83,-0.14,-1.88,0.32,-4.34,-5.98,5.62,-0.27,-1.73,0.51,-1.19,9.25,-0.26,-0.27,1.39,1.20
82.075144,10.55,-1.82,2.96,1.89,0.53,-0.50,-39.06,30.50,-17.69,3.09,-6.20,8.27,0.78,-1.67,0.41,-5.27,-7.41,3.03,-0.08,-1.54,1.07,-1.38,-7.41,6.83,0.01,-1.92,0.35,-4.06,-6.35,6.36,-0.15,-1.75,0.60,-1.38,9.78,-0.16,-0.12,1.43,1.26
82.075156,10.55,-1.82,2.96,1.89,0.53,-0.50,-39.06,30.50,-17.69,3.58,-6.05,8.78,0.85,-1.57,0.37,-5.71,-7.47,3.46,-0.07,-1.43,1.14,-0.96,-7.41,7.46,0.12,-1.87,0.35,-3.96,-6.19,7.14,-0.05,-1.69,0.62,-0.95,10.30,-0.30,-0.01,1.37,1.23
82.075186,10.20,-1.71,3.38,1.63,0.61,-0.33,-39.06,30.50,-17.69,4.02,-5.90,8.72,0.93,-1.51,0.37,-6.15,-7.08,4.11,-0.08,-1.35,1.18,-0.57,-7.33,7.69,0.20,-1.87,0.39,-3.70,-6.05,7.59,0.01,-1.65,0.67,-0.21,10.54,-0.51,0.07,1.36,1.20
82.075199,10.16,-1.40,3.69,1.63,0.61,-0.33,-39.31,29.25,-18.19,4.42,-5.84,8.49,1.04,-1.50,0.40,-6.22,-6.55,4.48,-0.12,-1.31,1.27,-0.05,-7.40,7.57,0.30,-1.90,0.44,-3.19,-6.04,7.74,0.10,-1.67,0.76,0.35,10.39,-0.61,0.18,1.41,1.21
82.075212,10.17,-1.32,3.84,1.82,0.80,-0.16,-39.94,27.50,-17.88,4.84,-5.77,8.37,1.23,-1.45,0.45,-6.04,-6.10,4.54,-0.19,-1.25,1.43,0.45,-7.54,7.33,0.48,-1.90,0.53,-2.55,-6.14,7.64,0.23,-1.66,0.96,0.64,10.10,-0.64,0.36,1.49,1.20
82.075226,10.09,-1.06,3.96,1.84,0.99,0.01,-39.94,27.50,-17.88,5.06,-5.42,8.61,1.40,-1.34,0.48,-5.96,-6.11,4.33,-0.28,-1.12,1.57,0.82,-7.31,7.60,0.68,-1.85,0.61,-2.36,-5.85,7.93,0.36,-1.59,1.11,0.50,10.05,-0.75,0.56,1.53,1.14
82.075237,9.86,-0.91,4.07,1.84,0.99,0.01,-39.94,28.38,-19.81,5.07,-4.61,9.34,1.50,-1.17,0.48,-6.12,-6.22,3.97,-0.34,-0.90,1.62,0.95,-6.64,8.34,0.82,-1.71,0.66,-2.53,-5.26,8.30,0.46,-1.42,1.18,0.28,10.10,-1.07,0.71,1.45,1.01
82.0778,9.40,-0.68,4.45,1.84,0.99,0.01,-39.94,28.38,-19.81,4.78,-4.07,9.49,1.52,-0.96,0.45,-6.54,-5.86,4.04,-0.36,-0.69,1.61,0.72,-6.08,8.52,0.91,-1.53,0.67,-2.81,-4.74,8.39,0.55,-1.25,1.20,0.55,10.13,-1.56,0.82,1.33,0.87
82.077826,8.94,-1.63,4.76,1.29,1.12,0.34,-39.88,29.06,-22.81,4.29,-4.17,8.79,1.58,-0.89,0.45,-7.23,-5.31,4.60,-0.38,-0.63,1.66,0.22,-5.83,8.28,0.99,-1.52,0.70,-3.32,-4.43,8.41,0.63,-1.23,1.27,1.17,10.36,-1.97,0.90,1.35,0.85
82.077842,9.17,-1.86,4.72,1.29,1.12,0.34,-41.38,29.94,-22.88,4.24,-4.08,8.68,1.67,-1.02,0.48,-7.72,-5.26,5.01,-0.39,-0.76,1.80,0.11,-5.63,8.57,1.02,-1.67,0.72,-3.62,-4.17,8.88,0.63,-1.39,1.35,1.47,10.76,-2.16,0.92,1.51,0.98
82.077854,9.25,-1.59,4.76,1.29,1.12,0.34,-39.00,29.88,-22.56,4.83,-3.78,9.19,1.73,-1.20,0.55,-8.01,-5.33,5.31,-0.41,-0.94,1.89,0.79,-5.58,9.15,0.98,-1.83,0.75,-3.31,-4.03,9.50,0.57,-1.55,1.40,1.72,11.12,-2.24,0.89,1.67,1.10
82.07787,9.40,-0.56,5.14,1.29,1.12,0.34,-39.00,29.88,-22.56,5.66,-3.69,9.83,1.72,-1.30,0.62,-8.05,-5.57,5.41,-0.46,-1.03,1.89,1.57,-5.90,9.70,0.92,-1.90,0.80,-2.82,-4.19,10.19,0.49,-1.61,1.43,1.75,11.45,-2.15,0.83,1.75,1.11
82.086773,10.63,-0.02,6.10,1.84,1.03,0.29,-39.00,29.88,-22.56,6.57,-3.61,11.29,1.64,-1.22,0.66,-8.42,-6.13,5.56,-0.54,-0.93,1.78,2.17,-6.37,10.90,0.87,-1.77,0.84,-2.63,-4.62,11.18,0.43,-1.47,1.43,1.73,12.23,-2.16,0.80,1.68,0.94
82.110923,11.59,-0.52,6.83,1.57,0.94,0.43,-40.69,32.12,-28.38,7.21,-3.90,12.14,1.51,-1.02,0.69,-9.22,-6.20,6.22,-0.63,-0.78,1.65,2.49,-6.77,11.83,0.83,-1.54,0.88,-2.69,-4.74,12.25,0.38,-1.26,1.43,2.25,13.14,-2.41,0.78,1.59,0.72
82.132781,11.81,-0.71,7.18,1.52,0.82,0.58,-40.69,32.12,-28.38,7.74,-4.10,12.56,1.41,-0.87,0.78,-10.03,-6.13,6.77,-0.78,-0.72,1.54,2.82,-6.91,12.58,0.76,-1.38,0.99,-2.88,-4.51,13.36,0.26,-1.10,1.48,2.68,13.81,-2.75,0.74,1.61,0.54
82.155015,11.82,-0.52,7.67,1.55,0.67,0.72,-40.69,32.12,-28.38,8.25,-3.53,13.50,1.30,-0.74,0.93,-10.62,-6.06,6.96,-0.95,-0.67,1.39,3.30,-6.58,13.60,0.65,-1.20,1.12,-2.85,-4.12,14.18,0.08,-0.92,1.49,2.94,14.22,-3.20,0.67,1.63,0.31
82.585014,11.13,0.48,8.75,1.55,0.67,0.72,-39.75,33.88,-29.69,8.79,-2.83,14.06,1.10,-0.49,1.07,-10.90,-5.69,7.01,-1.12,-0.55,1.14,4.00,-6.19,14.13,0.50,-0.91,1.25,-2.42,-3.65,14.65,-0.09,-0.65,1.49,3.30,14.23,-3.61,0.55,1.56,-0.01
82.585047,10.85,0.55,8.82,1.19,0.16,1.04,-39.75,33.88,-29.69,8.93,-2.55,13.93,0.89,-0.24,1.20,-10.93,-5.31,7.14,-1.28,-0.42,0.88,4.16,-5.89,14.12,0.37,-0.61,1.38,-2.25,-3.28,14.80,-0.26,-0.38,1.51,3.63,14.06,-3.75,0.43,1.48,-0.33
82.585061,10.66,0.40,8.48,1.01,-0.08,1.21,-39.75,33.88,-29.69,8.68,-2.55,13.46,0.70,-0.05,1.35,-10.87,-5.05,7.31,-1.45,-0.35,0.64,4.00,-5.77,13.80,0.21,-0.39,1.52,-2.36,-3.18,14.52,-0.46,-0.16,1.52,3.82,13.90,-3.71,0.30,1.46,-0.57
82.585075,10.75,0.02,7.86,0.96,-0.31,1.33,-39.44,38.38,-29.44,8.27,-2.74,12.84,0.53,0.04,1.52,-10.60,-4.87,7.26,-1.62,-0.36,0.46,3.56,-5.79,13.17,0.05,-0.24,1.66,-2.49,-3.34,13.84,-0.67,-0.02,1.56,3.75,13.53,-3.54,0.16,1.52,-0.76
82.585091,10.71,0.02,7.71,0.96,-0.31,1.33,-39.44,38.38,-29.44,8.02,-2.70,12.65,0.43,0.11,1.64,-10.17,-4.96,6.90,-1.75,-0.37,0.34,3.34,-5.75,12.83,-0.06,-0.14,1.75,-2.49,-3.39,13.40,-0.79,0.08,1.57,3.39,13.16,-3.36,0.08,1.55,-0.88
82.585103,10.51,0.28,7.52,1.05,-0.57,1.49,-39.44,38.38,-29.44,7.88,-2.65,12.54,0.32,0.22,1.72,-9.72,-5.10,6.48,-1.85,-0.31,0.20,3.28,-5.67,12.59,-0.15,0.02,1.83,-2.43,-3.43,12.96,-0.90,0.23,1.57,3.05,12.81,-3.20,0.02,1.52,-1.06
82.585116,10.25,0.13,7.14,0.89,-0.67,1.58,-40.69,41.69,-27.81,7.43,-2.55,12.24,0.17,0.41,1.79,-9.38,-5.23,6.14,-1.94,-0.18,0.02,2.94,-5.46,12.17,-0.24,0.23,1.89,-2.57,-3.30,12.49,-1.01,0.45,1.55,2.75,12.50,-3.10,-0.05,1.42,-1.28
82.58513,9.94,0.02,6.95,0.89,-0.67,1.58,-39.75,44.31,-27.56,6.99,-2.60,11.82,0.05,0.52,1.84,-9.30,-5.13,6.02,-2.01,-0.09,-0.15,2.52,-5.23,11.76,-0.33,0.38,1.94,-2.82,-3.15,12.03,-1.11,0.58,1.53,2.66,12.29,-3.13,-0.12,1.35,-1.45
82.585145,9.70,-0.64,6.64,0.89,-0.67,1.58,-39.75,44.31,-27.56,6.23,-2.62,11.39,-0.04,0.56,1.90,-9.14,-5.12,5.69,-2.05,-0.08,-0.27,1.74,-4.96,11.32,-0.41,0.44,1.98,-3.34,-3.07,11.35,-1.19,0.63,1.51,2.29,11.97,-3.13,-0.20,1.35,-1.53
82.58516,9.56,-0.87,6.45,0.64,-1.04,1.73,-39.75,44.31,-27.56,5.33,-2.66,10.99,-0.13,0.56,1.93,-8.88,-5.27,5.13,-2.06,-0.14,-0.34,0.94,-4.73,10.86,-0.50,0.48,1.98,-3.90,-3.03,10.60,-1.26,0.65,1.46,1.67,11.59,-3.10,-0.29,1.35,-1.53
82.585194,9.21,-1.59,5.83,0.67,-1.11,1.66,-38.88,48.75,-25.12,4.27,-2.65,10.53,-0.19,0.49,1.90,-8.61,-5.35,4.56,-2.00,-0.27,-0.36,-0.08,-4.50,10.25,-0.58,0.45,1.92,-4.57,-3.11,9.64,-1.32,0.60,1.37,1.11,11.15,-3.11,-0.37,1.35,-1.43
82.585207,9.10,-1.67,5.83,0.67,-1.11,1.66,-38.88,50.31,-24.06,4.01,-2.89,10.27,-0.23,0.39,1.79,-8.37,-5.32,4.20,-1.89,-0.39,-0.32,-0.45,-4.39,9.92,-0.63,0.36,1.79,-4.75,-3.09,9.26,-1.30,0.49,1.28,0.88,10.91,-3.14,-0.41,1.35,-1.27
82.585223,8.94,-1.67,5.87,0.67,-1.11,1.66,-38.88,53.06,-25.88,3.55,-2.58,10.38,-0.22,0.32,1.74,-8.35,-5.27,4.15,-1.82,-0.45,-0.31,-0.42,-4.36,9.91,-0.68,0.27,1.71,-4.66,-2.94,9.33,-1.32,0.37,1.20,0.85,10.87,-3.15,-0.48,1.35,-1.16
82.585277,8.56,-1.79,5.22,0.87,-1.07,1.13,-38.88,53.06,-25.88,3.42,-2.67,10.23,-0.29,0.15,1.71,-8.11,-5.46,3.77,-1.72,-0.55,-0.36,-0.68,-4.23,9.72,-0.77,0.17,1.64,-4.81,-2.92,8.94,-1.37,0.25,1.10,0.49,10.60,-3.07,-0.59,1.32,-1.05
82.587788,8.45,-1.86,5.03,0.87,-1.07,1.13,-37.38,55.06,-23.06,3.09,-2.68,10.12,-0.35,0.06,1.65,-7.64,-5.59,3.34,-1.63,-0.59,-0.41,-0.96,-4.23,9.40,-0.82,0.15,1.54,-4.84,-3.10,8.40,-1.37,0.21,1.00,0.06,10.22,-2.85,-0.65,1.26,-1.01
82.58782,8.45,-1.67,4.84,0.81,-1.13,0.93,-37.38,55.06,-23.06,3.00,-2.77,9.81,-0.40,0.08,1.53,-7.16,-5.61,3.04,-1.51,-0.58,-0.45,-1.08,-4.24,8.97,-0.84,0.17,1.40,-4.68,-3.22,7.92,-1.32,0.22,0.87,-0.16,9.79,-2.61,-0.67,1.15,-0.97
82.587834,7.83,-1.75,4.22,0.56,-1.08,0.78,-37.38,55.06,-23.06,2.78,-2.86,9.40,-0.47,0.07,1.41,-6.77,-5.49,3.02,-1.39,-0.55,-0.50,-0.95,-4.27,8.52,-0.85,0.19,1.28,-4.37,-3.23,7.61,-1.28,0.24,0.75,-0.11,9.47,-2.38,-0.69,1.04,-0.93
82.58785,7.91,-1.79,3.96,0.56,-1.08,0.78,-37.38,55.06,-23.06,2.64,-3.06,9.09,-0.52,0.07,1.35,-6.59,-5.47,3.11,-1.32,-0.55,-0.54,-1.08,-4.34,8.28,-0.89,0.20,1.21,-4.38,-3.28,7.44,-1.28,0.24,0.68,-0.09,9.39,-2.22,-0.73,0.98,-0.89
82.587864,7.95,-2.09,3.61,0.54,-1.10,0.72,-37.38,55.06,-23.06,2.34,-3.40,8.63,-0.57,0.01,1.30,-6.56,-5.47,3.31,-1.26,-0.63,-0.55,-1.40,-4.43,7.94,-0.94,0.15,1.16,-4.60,-3.38,7.18,-1.30,0.17,0.61,-0.03,9.39,-2.06,-0.80,0.99,-0.80
82.587876,7.95,-2.32,3.27,0.63,-1.13,0.63,-37.38,55.06,-23.06,2.12,-3.80,8.09,-0.59,-0.16,1.30,-6.31,-5.48,3.26,-1.22,-0.79,-0.52,-1.66,-4.65,7.40,-1.00,0.01,1.12,-4.62,-3.56,6.86,-1.34,0.03,0.58,-0.14,9.19,-1.86,-0.87,1.07,-0.66
82.602304,7.95,-2.25,3.15,0.86,-1.15,0.50,-37.38,55.06,-23.06,2.17,-3.88,8.07,-0.57,-0.31,1.27,-5.75,-5.62,2.87,-1.17,-0.88,-0.49,-1.55,-4.77,7.23,-1.02,-0.11,1.08,-4.29,-3.85,6.43,-1.35,-0.09,0.55,-0.48,8.81,-1.57,-0.89,1.10,-0.57
82.626291,7.95,-1.63,3.00,0.95,-1.11,0.41,-35.94,59.81,-16.06,2.26,-3.90,8.16,-0.56,-0.31,1.19,-5.12,-5.87,2.41,-1.09,-0.82,-0.50,-1.36,-4.99,6.90,-0.99,-0.11,1.01,-3.95,-4.19,5.94,-1.29,-0.09,0.50,-0.89,8.44,-1.23,-0.86,1.01,-0.57
82.648075,7.95,-1.63,2.88,0.95,-1.11,0.41,-35.69,61.12,-17.75,2.12,-4.15,7.83,-0.54,-0.22,1.10,-4.75,-5.88,2.26,-1.04,-0.72,-0.49,-1.50,-5.22,6.37,-0.92,-0.04,0.93,-3.85,-4.43,5.54,-1.18,-0.03,0.47,-1.09,8.11,-0.96,-0.79,0.91,-0.57
82.66978,7.79,-1.98,2.46,0.95,-1.11,0.41,-35.69,61.12,-17.75,1.86,-4.10,7.76,-0.52,-0.11,0.98,-4.40,-6.03,1.93,-0.97,-0.59,-0.47,-1.66,-5.09,6.30,-0.83,0.05,0.85,-3.88,-4.40,5.28,-1.08,0.06,0.41,-1.42,7.89,-0.84,-0.70,0.80,-0.57
83.096052,7.33,-2.09,2.20,0.95,-1.11,0.41,-35.69,61.12,-17.75,1.60,-4.07,7.64,-0.54,0.04,0.85,-4.34,-6.19,1.84,-0.88,-0.42,-0.51,-1.84,-4.94,6.16,-0.76,0.21,0.73,-4.03,-4.27,5.11,-0.96,0.20,0.31,-1.56,7.87,-0.81,-0.64,0.60,-0.62
83.098743,7.33,-2.40,1.96,0.14,-0.81,0.43,-35.69,61.12,-17.75,1.27,-4.33,7.07,-0.55,0.09,0.76,-4.31,-5.96,1.96,-0.82,-0.34,-0.53,-2.11,-4.98,5.69,-0.72,0.24,0.67,-4.16,-4.27,4.81,-0.90,0.23,0.26,-1.41,7.71,-0.77,-0.63,0.51,-0.62
83.098768,7.29,-2.70,1.85,0.18,-0.80,0.38,-35.69,61.12,-17.75,1.14,-4.60,6.65,-0.50,0.05,0.72,-4.26,-5.84,1.93,-0.78,-0.35,-0.49,-2.18,-5.11,5.30,-0.64,0.21,0.68,-4.19,-4.31,4.60,-0.84,0.17,0.26,-1.41,7.55,-0.76,-0.60,0.51,-0.55
83.098779,7.14,-2.63,1.73,0.30,-0.72,0.34,-33.62,63.12,-14.50,0.86,-4.58,6.54,-0.42,-0.02,0.69,-4.03,-5.82,1.66,-0.73,-0.38,-0.41,-2.52,-4.96,5.21,-0.59,0.10,0.63,-4.24,-4.36,4.23,-0.77,0.10,0.26,-1.65,7.28,-0.75,-0.54,0.53,-0.47
83.098787,7.07,-2.70,1.85,0.30,-0.72,0.34,-33.62,63.12,-14.50,0.67,-4.54,6.34,-0.33,-0.04,0.64,-3.75,-5.70,1.29,-0.67,-0.36,-0.33,-2.64,-4.89,4.87,-0.51,0.04,0.59,-4.13,-4.38,3.82,-0.68,0.05,0.28,-1.86,6.87,-0.75,-0.45,0.52,-0.42
83.098796,6.76,-2.78,1.85,0.37,-0.50,0.28,-33.62,63.12,-14.50,0.47,-4.24,6.39,-0.23,-0.04,0.55,-3.54,-5.67,0.87,-0.60,-0.28,-0.24,-2.66,-4.60,4.81,-0.39,0.02,0.52,-4.10,-4.18,3.64,-0.54,0.04,0.29,-2.12,6.60,-0.85,-0.34,0.46,-0.36
83.098806,6.41,-2.67,1.85,0.30,-0.35,0.27,-33.62,63.12,-14.50,0.34,-3.90,6.50,-0.17,0.00,0.45,-3.52,-5.61,0.67,-0.53,-0.17,-0.19,-2.63,-4.21,4.98,-0.31,0.06,0.45,-4.17,-3.83,3.67,-0.42,0.07,0.27,-2.20,6.48,-1.00,-0.26,0.37,-0.33
83.098819,6.07,-2.70,1.77,0.16,-0.26,0.26,-33.62,63.12,-14.50,0.17,-3.73,6.33,-0.15,0.03,0.37,-3.64,-5.36,0.72,-0.46,-0.10,-0.16,-2.77,-3.89,4.93,-0.26,0.09,0.38,-4.31,-3.46,3.67,-0.34,0.09,0.23,-2.02,6.38,-1.18,-0.21,0.30,-0.30
83.098827,5.65,-3.16,1.66,0.17,-0.20,0.18,-31.88,64.94,-12.75,-0.07,-3.68,5.76,-0.09,-0.01,0.32,-3.76,-4.97,0.74,-0.39,-0.12,-0.10,-2.87,-3.69,4.49,-0.21,0.01,0.34,-4.36,-3.17,3.43,-0.28,0.02,0.21,-1.85,6.17,-1.41,-0.17,0.30,-0.21
83.098838,5.11,-3.09,1.58,0.17,-0.20,0.18,-32.75,65.38,-14.56,-0.36,-3.50,5.34,-0.01,-0.12,0.28,-3.62,-4.73,0.58,-0.32,-0.20,-0.03,-3.07,-3.39,4.19,-0.16,-0.11,0.30,-4.39,-3.00,3.00,-0.21,-0.11,0.21,-1.86,5.83,-1.47,-0.14,0.34,-0.10
83.098849,5.11,-3.09,1.58,0.17,-0.20,0.18,-32.75,65.38,-14.56,-0.44,-3.45,5.21,0.10,-0.23,0.22,-3.25,-4.62,0.27,-0.23,-0.27,0.08,-2.99,-3.45,3.82,-0.07,-0.25,0.23,-4.13,-3.16,2.60,-0.11,-0.23,0.22,-2.06,5.45,-1.41,-0.10,0.34,0.03
83.098865,5.69,-2.51,1.70,0.41,0.13,-0.03,-33.00,65.38,-14.56,-0.21,-3.31,5.77,0.22,-0.22,0.07,-2.84,-5.00,-0.05,-0.14,-0.20,0.20,-2.79,-3.59,4.07,0.09,-0.27,0.11,-3.95,-3.37,2.71,0.08,-0.23,0.19,-2.49,5.40,-1.07,0.03,0.28,0.11
83.098875,5.76,-2.17,1.58,0.17,0.29,-0.01,-33.00,65.38,-14.56,0.22,-3.14,6.36,0.24,-0.11,-0.08,-3.02,-5.40,0.07,-0.03,-0.03,0.20,-2.38,-3.48,4.90,0.15,-0.16,-0.01,-3.90,-3.10,3.57,0.16,-0.12,0.08,-2.47,5.86,-1.06,0.10,0.10,0.09
83.098886,5.61,-2.09,1.70,-0.12,0.27,-0.01,-33.00,65.38,-14.56,0.60,-3.22,6.59,0.15,0.03,-0.18,-3.45,-5.40,0.61,0.05,0.13,0.11,-2.13,-3.58,5.25,0.14,-0.04,-0.09,-3.85,-3.06,4.07,0.18,-0.01,-0.02,-2.01,6.34,-1.14,0.11,-0.08,-0.00
83.100884,5.96,-2.44,1.73,-0.12,0.27,-0.01,-33.31,65.19,-15.56,0.71,-3.68,6.37,0.11,0.09,-0.22,-3.83,-5.22,1.23,0.10,0.20,0.03,-2.19,-4.01,5.12,0.13,-0.01,-0.11,-3.89,-3.38,4.16,0.19,0.02,-0.06,-1.55,6.67,-1.13,0.10,-0.15,-0.05
83.100902,6.30,-2.74,1.89,-0.12,0.27,-0.01,-33.00,65.44,-14.94,0.80,-4.21,6.20,0.14,0.04,-0.20,-4.07,-5.20,1.73,0.09,0.15,0.06,-2.29,-4.50,5.02,0.13,-0.07,-0.10,-3.97,-3.76,4.29,0.20,-0.05,-0.02,-1.31,6.99,-1.03,0.09,-0.08,0.02
83.100914,7.14,-2.97,1.85,-0.12,0.27,-0.01,-33.00,65.44,-14.94,0.67,-4.35,6.29,0.21,-0.08,-0.19,-4.28,-5.45,1.84,0.09,0.04,0.15,-2.57,-4.65,5.09,0.18,-0.20,-0.09,-3.76,-4.20,4.01,0.26,-0.17,0.07,-1.43,7.31,-1.03,0.09,0.02,0.16
83.100926,7.14,-2.74,2.16,0.19,0.27,-0.12,-33.00,65.44,-14.94,0.81,-4.43,6.73,0.26,-0.20,-0.21,-4.44,-5.78,1.94,0.13,-0.04,0.24,-2.37,-4.92,5.47,0.23,-0.34,-0.11,-4.75,-3.96,4.96,0.35,-0.30,0.14,-1.53,7.69,-0.97,0.09,0.09,0.29
83.100937,7.95,-2.63,2.27,0.19,0.27,-0.12,-33.00,65.44,-14.94,1.10,-4.68,7.27,0.28,-0.33,-0.21,-4.96,-6.42,2.36,0.18,-0.12,0.28,-2.62,-4.91,6.56,0.18,-0.49,-0.13,-5.04,-4.12,5.73,0.29,-0.44,0.08,-1.41,8.60,-0.87,0.01,0.16,0.36
83.117462,8.37,-2.63,2.46,0.30,0.33,-0.29,-33.62,65.44,-14.88,1.31,-4.84,7.44,0.29,-0.52,-0.24,-5.29,-6.42,2.60,0.28,-0.31,0.30,-2.44,-5.26,6.56,0.12,-0.67,-0.19,-4.95,-4.35,5.83,0.20,-0.62,-0.05,-1.41,8.72,-0.89,-0.21,0.26,0.41
83.127696,8.25,-2.78,2.84,0.46,0.29,-0.48,-33.62,65.44,-14.88,1.58,-4.91,7.71,0.34,-0.59,-0.24,-5.21,-6.26,2.56,0.29,-0.39,0.35,-2.15,-5.54,6.59,0.13,-0.75,-0.20,-4.48,-4.58,5.88,0.21,-0.68,-0.05,-1.38,8.69,-0.89,-0.14,0.27,0.54
83.145566,8.67,-2.89,2.92,0.46,0.29,-0.48,-34.50,66.19,-17.88,1.90,-5.19,8.12,0.38,-0.62,-0.23,-5.35,-6.45,2.65,0.28,-0.43,0.43,-1.99,-5.88,6.91,0.16,-0.78,-0.18,-4.50,-4.83,6.18,0.24,-0.72,-0.00,-1.42,9.05,-0.82,-0.06,0.31,0.64
83.166644,9.14,-3.01,2.81,0.57,0.46,-0.41,-34.50,66.19,-17.88,1.93,-5.44,8.40,0.46,-0.62,-0.17,-5.68,-7.10,2.69,0.28,-0.46,0.51,-1.93,-6.28,7.06,0.23,-0.80,-0.12,-4.94,-5.05,6.48,0.27,-0.75,0.05,-1.69,9.60,-0.74,0.00,0.33,0.70
83.19125,9.40,-2.74,2.84,0.60,0.48,-0.45,-34.81,65.50,-17.06,1.61,-5.40,8.38,0.53,-0.70,-0.19,-5.68,-7.15,2.77,0.32,-0.49,0.56,-2.58,-6.09,7.32,0.26,-0.89,-0.15,-5.14,-5.23,6.33,0.31,-0.82,0.06,-1.70,9.59,-0.66,0.06,0.33,0.79
83.604135,9.40,-2.82,3.00,0.65,0.59,-0.53,-34.81,65.50,-17.06,1.69,-5.50,8.55,0.61,-0.76,-0.27,-5.70,-7.24,2.65,0.38,-0.46,0.65,-2.51,-6.39,7.17,0.35,-1.00,-0.20,-5.08,-5.48,6.31,0.39,-0.90,0.05,-1.80,9.68,-0.69,0.15,0.31,0.88
83.60421,9.86,-2.97,3.23,0.65,0.59,-0.53,-35.38,64.56,-20.44,1.97,-5.56,9.04,0.72,-0.80,-0.35,-6.00,-7.37,2.72,0.43,-0.42,0.77,-2.31,-6.64,7.50,0.45,-1.04,-0.26,-5.07,-5.65,6.62,0.53,-0.94,0.09,-1.86,10.03,-0.79,0.27,0.30,0.97
83.604339,10.44,-2.89,4.00,0.65,0.59,-0.53,-34.75,64.44,-21.88,2.30,-5.23,9.93,0.81,-0.77,-0.45,-6.38,-7.56,2.67,0.49,-0.33,0.87,-2.07,-6.40,8.49,0.59,-1.01,-0.33,-5.19,-5.37,7.37,0.69,-0.91,0.09,-1.91,10.42,-1.08,0.41,0.24,1.01
83.604363,10.21,-2.86,4.38,0.65,0.59,-0.53,-35.00,63.25,-22.75,2.49,-4.72,10.72,0.82,-0.69,-0.53,-7.07,-7.68,2.77,0.55,-0.21,0.89,-1.88,-6.05,9.20,0.66,-0.92,-0.38,-5.46,-4.86,8.09,0.76,-0.81,0.04,-1.80,11.00,-1.56,0.49,0.12,0.98
83.60438,9.90,-2.93,4.64,0.27,1.02,-0.51,-35.00,63.25,-22.75,2.42,-4.61,10.73,0.79,-0.61,-0.59,-7.70,-7.52,3.22,0.61,-0.15,0.84,-2.09,-5.76,9.62,0.67,-0.88,-0.43,-5.86,-4.57,8.46,0.80,-0.78,-0.01,-1.36,11.43,-1.86,0.47,0.03,0.97
83.604395,9.82,-3.12,4.68,0.27,1.02,-0.51,-37.06,63.62,-24.19,2.44,-4.87,10.40,0.80,-0.69,-0.64,-7.94,-7.30,3.70,0.67,-0.21,0.85,-2.19,-6.00,9.50,0.64,-0.95,-0.50,-5.90,-4.82,8.57,0.82,-0.89,-0.05,-0.98,11.58,-1.80,0.45,0.05,1.06
83.604408,10.89,-2.78,5.14,0.44,1.12,-0.72,-37.06,61.56,-25.31,3.29,-4.54,11.30,0.84,-0.74,-0.73,-7.88,-7.28,3.62,0.72,-0.21,0.92,-1.21,-6.16,10.14,0.67,-0.97,-0.60,-5.14,-4.86,9.23,0.88,-0.90,-0.10,-0.95,11.67,-1.92,0.52,0.03,1.11
83.604421,10.89,-2.17,5.76,0.44,1.12,-0.72,-37.06,61.56,-25.31,3.99,-3.85,12.47,0.79,-0.61,-0.82,-8.38,-7.42,3.56,0.76,-0.06,0.88,-0.53,-5.81,11.23,0.70,-0.81,-0.66,-5.01,-4.34,10.10,0.93,-0.75,-0.17,-0.91,12.13,-2.35,0.56,-0.11,1.04
83.604436,10.21,-2.17,6.33,0.08,1.12,-0.62,-37.06,61.56,-25.31,4.24,-3.56,13.09,0.64,-0.39,-0.87,-9.21,-7.56,3.89,0.77,0.09,0.68,-0.40,-5.45,12.15,0.63,-0.56,-0.70,-5.41,-3.75,11.09,0.89,-0.53,-0.27,-0.70,12.87,-2.78,0.48,-0.31,0.89
83.604446,10.40,-2.63,6.21,-0.26,0.88,-0.58,-37.06,61.56,-25.31,3.93,-3.81,12.81,0.47,-0.31,-0.87,-9.71,-7.54,4.43,0.80,0.12,0.46,-0.99,-5.54,12.18,0.50,-0.44,-0.73,-6.03,-3.91,11.16,0.79,-0.44,-0.39,-0.37,13.27,-2.80,0.33,-0.43,0.80
83.604456,10.97,-2.67,6.18,-0.29,0.62,-0.67,-37.06,61.56,-25.31,4.06,-4.09,12.68,0.35,-0.34,-0.90,-9.59,-7.43,4.59,0.84,0.08,0.35,-0.84,-5.93,11.99,0.38,-0.41,-0.80,-5.77,-4.27,11.15,0.72,-0.45,-0.49,-0.20,13.21,-2.61,0.24,-0.46,0.78
83.604466,11.24,-2.13,6.48,-0.17,0.57,-0.78,-37.94,58.44,-27.56,4.70,-3.89,13.46,0.21,-0.27,-0.93,-9.53,-7.58,4.41,0.84,0.12,0.23,-0.11,-6.06,12.51,0.29,-0.27,-0.85,-5.32,-4.22,11.66,0.64,-0.33,-0.59,-0.37,13.33,-2.64,0.17,-0.54,0.67
83.604475,11.12,-2.05,6.60,-0.17,0.57,-0.78,-37.94,59.19,-28.75,4.89,-3.76,14.05,0.03,-0.08,-0.95,-9.74,-7.87,4.27,0.82,0.25,0.01,0.02,-5.94,13.12,0.19,-0.02,-0.88,-5.43,-4.12,12.03,0.56,-0.09,-0.71,-0.60,13.62,-2.76,0.08,-0.71,0.48
83.606533,11.17,-2.32,6.60,-0.17,0.57,-0.78,-37.94,59.19,-28.75,4.63,-3.66,14.11,-0.17,0.11,-0.98,-9.90,-8.06,4.23,0.82,0.37,-0.22,-0.36,-5.85,13.16,0.07,0.25,-0.92,-5.88,-4.14,11.96,0.48,0.13,-0.85,-0.72,13.75,-2.81,-0.02,-0.89,0.33
83.606555,11.27,-2.29,6.64,-0.91,0.16,-0.62,-37.94,59.19,-28.75,4.49,-3.77,13.63,-0.37,0.26,-1.06,-9.94,-7.81,4.32,0.86,0.49,-0.43,-0.45,-5.94,12.76,-0.04,0.46,-1.02,-5.82,-4.19,11.79,0.42,0.30,-1.01,-0.48,13.62,-2.90,-0.12,-1.07,0.21
83.606568,11.13,-2.32,6.64,-1.19,-0.01,-0.70,-38.25,56.81,-28.31,4.71,-3.79,13.08,-0.51,0.36,-1.12,-9.83,-7.18,4.60,0.89,0.59,-0.60,-0.14,-5.93,12.44,-0.12,0.59,-1.09,-5.36,-4.07,11.78,0.36,0.40,-1.13,0.11,13.28,-2.94,-0.20,-1.21,0.12
83.60658,10.89,-1.98,6.68,-1.19,-0.01,-0.70,-38.50,55.38,-28.06,5.37,-3.57,12.88,-0.59,0.43,-1.15,-9.73,-6.52,4.95,0.89,0.65,-0.69,0.74,-5.92,12.29,-0.17,0.70,-1.12,-4.45,-3.94,11.90,0.31,0.51,-1.19,0.82,12.99,-2.99,-0.22,-1.28,0.03
83.606591,10.40,-0.87,7.21,-1.19,-0.01,-0.70,-38.25,54.31,-27.25,6.13,-3.22,12.81,-0.67,0.57,-1.13,-9.62,-6.04,5.27,0.84,0.73,-0.79,1.66,-5.78,12.33,-0.21,0.87,-1.08,-3.62,-3.73,12.12,0.27,0.67,-1.20,1.34,12.84,-3.00,-0.23,-1.34,-0.12
83.606607,10.09,-0.68,6.83,-1.45,-0.21,-0.46,-38.25,54.31,-27.25,6.30,-3.05,12.46,-0.79,0.77,-1.08,-9.44,-5.83,5.42,0.75,0.85,-0.95,1.86,-5.60,12.18,-0.27,1.10,-1.04,-3.39,-3.62,12.07,0.21,0.89,-1.22,1.54,12.65,-2.93,-0.28,-1.42,-0.30
83.61862,10.17,-0.68,6.75,-1.58,-0.30,-0.38,-38.25,54.31,-27.25,6.10,-3.01,12.12,-0.89,0.94,-1.07,-9.13,-5.81,5.25,0.70,0.98,-1.08,1.65,-5.62,11.71,-0.31,1.29,-1.02,-3.43,-3.72,11.69,0.16,1.07,-1.27,1.43,12.33,-2.80,-0.31,-1.52,-0.45
83.641945,9.79,-0.64,6.68,-1.84,-0.34,-0.29,-38.56,53.38,-23.44,6.04,-2.92,11.69,-0.96,1.09,-1.10,-8.97,-5.43,5.28,0.68,1.13,-1.18,1.78,-5.52,11.32,-0.33,1.46,-1.04,-3.16,-3.67,11.33,0.14,1.23,-1.32,1.69,12.02,-2.83,-0.30,-1.62,-0.55
83.66284,9.48,-0.56,6.41,-1.89,-0.38,-0.26,-38.56,53.38,-23.44,6.09,-2.99,11.29,-1.02,1.20,-1.10,-8.89,-5.18,5.47,0.66,1.19,-1.23,1.82,-5.42,11.15,-0.35,1.56,-1.03,-2.93,-3.59,11.26,0.12,1.33,-1.32,1.99,11.87,-2.77,-0.30,-1.66,-0.63
83.684813,9.60,-0.87,6.18,-1.89,-0.38,-0.26,-38.56,51.75,-24.25,5.99,-3.28,10.60,-1.03,1.21,-1.03,-8.82,-4.92,5.73,0.61,1.19,-1.25,1.75,-5.60,10.48,-0.37,1.61,-0.97,-2.93,-3.63,11.04,0.08,1.35,-1.27,2.25,11.75,-2.65,-0.31,-1.62,-0.69
84.114498,9.44,-0.87,5.87,-1.66,-0.41,-0.20,-38.56,51.75,-24.25,5.88,-3.40,10.34,-0.99,1.17,-0.94,-8.57,-4.91,5.65,0.53,1.12,-1.23,1.68,-5.64,10.20,-0.37,1.58,-0.88,-2.86,-3.68,10.78,0.01,1.34,-1.21,2.10,11.53,-2.49,-0.32,-1.52,-0.72
84.114545,9.44,-0.87,5.87,-1.60,-0.41,-0.16,-38.31,52.06,-21.81,5.52,-3.21,10.46,-0.96,1.18,-0.90,-8.05,-5.26,5.01,0.49,1.14,-1.23,1.31,-5.63,9.96,-0.34,1.58,-0.84,-2.95,-4.05,9.99,-0.00,1.38,-1.19,1.44,11.15,-2.32,-0.29,-1.52,-0.76
84.114559,9.48,-0.68,5.87,-1.60,-0.41,-0.16,-38.62,48.38,-19.69,5.31,-3.00,10.45,-0.96,1.29,-0.99,-7.76,-5.33,4.72,0.53,1.27,-1.24,1.15,-5.47,9.84,-0.26,1.68,-0.91,-2.96,-4.12,9.61,0.13,1.45,-1.20,1.25,10.89,-2.24,-0.23,-1.63,-0.79
84.114571,9.06,-0.75,5.03,-2.02,-0.28,-0.13,-38.62,48.38,-19.69,5.40,-3.52,9.95,-0.97,1.37,-1.03,-7.87,-5.21,5.30,0.55,1.33,-1.26,1.25,-5.63,9.73,-0.25,1.77,-0.94,-2.90,-3.98,9.90,0.16,1.50,-1.21,1.69,11.09,-2.02,-0.21,-1.67,-0.82
84.114584,9.29,-1.21,4.45,-1.94,-0.35,-0.12,-38.62,48.38,-19.69,5.40,-4.13,9.51,-0.99,1.36,-0.92,-7.58,-5.29,5.23,0.46,1.27,-1.27,1.29,-6.05,9.21,-0.28,1.78,-0.84,-2.75,-4.27,9.60,0.09,1.50,-1.13,1.48,10.88,-1.75,-0.23,-1.57,-0.87
84.114596,9.56,-1.36,4.45,-1.72,-0.44,-0.02,-38.62,48.38,-19.69,4.61,-4.23,9.22,-0.93,1.35,-0.86,-6.82,-5.60,4.39,0.40,1.29,-1.23,0.41,-6.18,8.46,-0.22,1.80,-0.77,-3.03,-4.88,8.37,0.13,1.52,-1.05,0.61,10.21,-1.43,-0.16,-1.53,-0.92
84.114608,9.60,-0.98,4.45,-1.72,-0.44,-0.02,-37.81,45.56,-15.69,4.10,-4.25,9.44,-0.83,1.48,-0.98,-6.20,-6.21,3.50,0.44,1.48,-1.15,-0.12,-6.28,8.23,-0.04,1.87,-0.84,-3.43,-5.18,7.77,0.32,1.64,-1.04,-0.35,9.86,-1.16,0.02,-1.65,-0.94
84.114621,9.55,-1.17,4.03,-1.72,-0.44,-0.02,-37.81,45.56,-15.69,4.11,-4.31,9.51,-0.78,1.66,-1.10,-6.22,-6.24,3.36,0.49,1.69,-1.11,-0.11,-6.19,8.28,0.07,2.02,-0.91,-3.37,-4.98,7.76,0.45,1.78,-1.06,-0.39,9.86,-1.24,0.15,-1.79,-0.99
84.114635,9.06,-1.63,3.65,-2.29,0.04,0.11,-37.81,45.56,-15.69,3.86,-4.47,8.99,-0.77,1.80,-1.12,-6.57,-6.05,3.60,0.49,1.80,-1.10,-0.42,-5.98,8.00,0.16,2.11,-0.89,-3.77,-4.62,7.68,0.53,1.87,-1.03,-0.19,10.00,-1.45,0.22,-1.85,-1.02
84.114651,8.75,-2.02,3.42,-2.30,0.03,0.19,-37.81,45.56,-15.69,3.00,-4.46,8.44,-0.71,1.78,-1.11,-6.52,-6.08,3.32,0.49,1.78,-1.08,-1.23,-5.63,7.61,0.22,2.05,-0.86,-4.42,-4.45,7.13,0.57,1.84,-1.00,-0.56,9.73,-1.50,0.24,-1.82,-0.98
84.114663,7.98,-2.21,2.96,-2.08,0.09,0.01,-37.81,44.62,-13.75,2.24,-4.19,8.32,-0.64,1.71,-1.18,-5.86,-6.28,2.39,0.58,1.77,-1.03,-1.82,-5.27,7.20,0.27,1.97,-0.95,-4.70,-4.42,6.26,0.63,1.77,-1.07,-1.36,9.03,-1.38,0.29,-1.86,-0.91
84.114676,7.98,-2.21,2.96,-2.26,0.20,-0.04,-38.12,44.44,-14.75,1.98,-3.99,8.32,-0.61,1.75,-1.31,-5.36,-6.35,1.71,0.69,1.87,-1.01,-1.91,-5.10,6.96,0.34,2.01,-1.06,-4.63,-4.38,5.74,0.73,1.81,-1.17,-1.82,8.52,-1.36,0.36,-1.99,-0.89
84.114687,7.87,-2.05,2.81,-2.26,0.20,-0.04,-38.12,44.44,-14.75,1.73,-3.76,8.04,-0.59,1.85,-1.48,-5.28,-5.99,1.39,0.81,2.03,-1.00,-2.00,-4.74,6.61,0.44,2.09,-1.22,-4.55,-4.01,5.41,0.88,1.88,-1.26,-1.81,8.14,-1.65,0.45,-2.16,-0.87
84.114699,6.68,-2.59,2.50,-2.61,0.37,-0.06,-38.75,43.06,-14.88,1.50,-3.71,7.48,-0.57,1.90,-1.59,-5.46,-5.61,1.58,0.91,2.10,-0.99,-2.14,-4.39,6.38,0.50,2.11,-1.30,-4.63,-3.62,5.20,0.98,1.88,-1.32,-1.47,8.03,-1.80,0.48,-2.26,-0.83
84.11674,6.72,-2.86,2.04,-2.55,0.36,-0.14,-38.75,43.06,-14.88,1.36,-4.06,6.59,-0.52,1.79,-1.61,-5.37,-5.24,2.00,0.96,1.99,-0.94,-2.20,-4.36,5.89,0.49,1.98,-1.33,-4.61,-3.45,5.12,0.99,1.75,-1.31,-1.04,7.85,-1.67,0.45,-2.19,-0.71
84.11676,6.72,-2.86,2.04,-2.24,0.35,-0.23,-38.44,41.38,-13.56,1.31,-4.19,6.07,-0.45,1.59,-1.56,-4.89,-5.04,2.09,0.97,1.81,-0.86,-2.14,-4.39,5.43,0.47,1.76,-1.31,-4.30,-3.46,4.90,0.95,1.54,-1.26,-0.94,7.43,-1.36,0.41,-2.05,-0.56
84.116774,6.34,-1.86,1.43,-2.24,0.35,-0.23,-38.44,42.62,-14.81,1.40,-4.06,6.00,-0.39,1.40,-1.53,-4.14,-4.98,1.83,0.99,1.66,-0.76,-1.88,-4.43,5.12,0.45,1.58,-1.29,-3.70,-3.68,4.44,0.92,1.37,-1.24,-1.06,6.86,-0.98,0.40,-1.93,-0.45
84.116786,6.42,-1.86,1.43,-1.88,0.39,-0.32,-38.44,42.62,-14.81,1.89,-4.09,6.06,-0.35,1.36,-1.51,-3.74,-4.83,1.76,0.96,1.63,-0.70,-1.18,-4.57,5.07,0.46,1.52,-1.27,-3.11,-3.64,4.61,0.92,1.34,-1.20,-0.96,6.60,-0.81,0.43,-1.86,-0.44
84.1168,6.22,-1.82,1.39,-1.92,0.44,-0.23,-38.44,42.62,-14.81,2.11,-4.09,6.07,-0.33,1.38,-1.45,-3.77,-4.78,1.89,0.89,1.64,-0.68,-0.96,-4.61,5.03,0.48,1.53,-1.18,-2.71,-3.72,4.45,0.89,1.37,-1.12,-0.83,6.66,-0.81,0.45,-1.81,-0.49
84.121498,6.22,-1.90,1.43,-1.93,0.41,-0.12,-38.44,42.62,-14.81,1.91,-4.23,5.72,-0.31,1.37,-1.35,-3.84,-4.79,2.15,0.80,1.60,-0.66,-1.23,-4.56,4.93,0.48,1.49,-1.09,-3.12,-3.64,4.47,0.86,1.34,-1.03,-0.70,6.79,-0.74,0.43,-1.71,-0.50
84.139814,6.30,-2.21,1.08,-1.93,0.41,-0.12,-38.44,37.88,-15.75,1.59,-4.49,5.43,-0.29,1.25,-1.25,-3.92,-4.92,2.41,0.74,1.46,-0.61,-1.62,-4.66,4.80,0.44,1.35,-1.01,-3.45,-3.76,4.42,0.81,1.21,-0.94,-0.70,6.96,-0.60,0.38,-1.57,-0.43
84.163341,6.95,-2.55,0.78,-1.26,0.29,-0.21,-38.44,38.31,-13.75,1.39,-4.97,5.25,-0.23,1.02,-1.11,-3.90,-5.17,2.65,0.67,1.21,-0.51,-1.94,-4.98,4.67,0.37,1.10,-0.90,-3.67,-4.10,4.39,0.71,0.96,-0.83,-0.75,7.14,-0.32,0.30,-1.33,-0.29
84.185341,7.06,-2.44,0.85,-0.96,0.30,-0.26,-38.44,38.31,-13.75,1.13,-5.09,5.32,-0.16,0.77,-0.99,-3.77,-5.49,2.58,0.63,0.97,-0.39,-2.21,-5.09,4.62,0.31,0.84,-0.81,-3.91,-4.32,4.27,0.63,0.71,-0.74,-1.01,7.19,-0.14,0.25,-1.12,-0.15
84.206471,7.03,-2.29,0.85,-0.78,0.30,-0.33,-38.44,38.31,-13.75,1.22,-5.15,5.70,-0.12,0.56,-0.92,-3.63,-5.86,2.49,0.62,0.77,-0.30,-2.12,-5.26,4.83,0.25,0.64,-0.78,-3.79,-4.52,4.41,0.56,0.53,-0.69,-1.26,7.33,0.06,0.20,-0.96,-0.04
84.623298,7.68,-2.17,1.01,-0.73,0.27,-0.32,-38.75,37.06,-16.38,1.67,-5.26,6.35,-0.09,0.48,-0.86,-3.33,-6.11,2.15,0.57,0.69,-0.27,-1.66,-5.66,5.05,0.22,0.55,-0.72,-3.32,-4.88,4.50,0.50,0.47,-0.65,-1.61,7.24,0.21,0.18,-0.87,-0.04
84.623341,7.68,-2.13,1.43,-0.84,0.30,-0.20,-38.75,37.06,-16.38,1.80,-4.98,7.02,-0.09,0.58,-0.85,-3.24,-6.38,1.50,0.52,0.80,-0.28,-1.56,-5.60,5.38,0.27,0.66,-0.68,-3.37,-4.86,4.50,0.53,0.60,-0.62,-2.16,7.17,0.04,0.25,-0.91,-0.13
84.623356,7.45,-2.17,1.70,-1.15,0.33,-0.06,-38.75,37.06,-16.38,1.47,-4.94,7.36,-0.14,0.79,-0.89,-3.64,-6.67,1.43,0.52,0.99,-0.34,-2.03,-5.55,5.71,0.32,0.84,-0.69,-3.94,-4.87,4.55,0.60,0.77,-0.62,-2.40,7.58,-0.15,0.31,-1.06,-0.25
84.62337,7.75,-2.78,1.39,-1.15,0.33,-0.06,-39.06,35.19,-16.00,0.95,-5.41,6.90,-0.14,0.86,-0.88,-4.28,-6.68,1.81,0.51,1.05,-0.36,-2.77,-5.57,5.56,0.34,0.86,-0.66,-4.83,-4.72,4.69,0.59,0.79,-0.61,-2.18,8.05,-0.38,0.31,-1.08,-0.27
84.623384,7.87,-3.59,1.12,-1.15,0.33,-0.06,-39.62,37.94,-17.94,0.21,-5.68,6.22,-0.10,0.68,-0.82,-4.70,-6.44,2.21,0.51,0.87,-0.28,-3.62,-5.39,5.31,0.30,0.68,-0.64,-5.46,-4.64,4.52,0.54,0.61,-0.57,-1.90,8.17,-0.53,0.26,-0.93,-0.13
84.623397,7.64,-4.05,1.20,-1.15,0.33,-0.06,-39.62,37.94,-17.94,-0.03,-5.61,6.20,0.01,0.37,-0.75,-4.78,-6.39,2.01,0.52,0.57,-0.12,-3.69,-5.32,5.20,0.28,0.35,-0.60,-5.64,-4.57,4.25,0.49,0.31,-0.50,-2.06,8.08,-0.69,0.21,-0.69,0.10
84.623409,7.49,-3.93,1.46,-0.29,0.39,-0.41,-39.62,37.94,-17.94,0.07,-5.46,6.75,0.07,0.12,-0.71,-4.75,-6.76,1.80,0.54,0.32,0.00,-3.65,-5.23,5.65,0.24,0.09,-0.59,-5.64,-4.56,4.50,0.46,0.06,-0.45,-2.39,8.24,-0.62,0.15,-0.52,0.29
84.625054,7.64,-3.62,1.35,-0.29,0.39,-0.41,-39.31,37.06,-18.12,0.15,-5.45,6.90,0.09,-0.06,-0.68,-4.63,-6.96,1.81,0.57,0.13,0.07,-3.65,-5.35,5.68,0.20,-0.10,-0.58,-5.57,-4.72,4.50,0.43,-0.13,-0.45,-2.46,8.29,-0.45,0.08,-0.41,0.43
84.625188,8.03,-2.93,1.50,0.02,0.42,-0.68,-39.88,34.25,-19.75,0.34,-5.46,6.66,0.15,-0.26,-0.68,-4.26,-6.77,1.79,0.63,-0.03,0.16,-3.28,-5.59,5.27,0.19,-0.33,-0.62,-5.09,-4.96,4.25,0.43,-0.34,-0.46,-2.36,7.93,-0.29,0.06,-0.32,0.60
84.625203,8.03,-2.93,1.50,0.02,0.42,-0.68,-39.88,34.25,-19.75,0.82,-5.28,7.17,0.21,-0.30,-0.74,-3.94,-6.77,1.42,0.66,-0.02,0.22,-2.68,-5.72,5.53,0.25,-0.37,-0.66,-4.53,-5.11,4.38,0.50,-0.37,-0.46,-2.57,7.74,-0.26,0.12,-0.32,0.64
84.62522,8.45,-2.78,2.16,0.02,0.42,-0.68,-39.88,34.25,-19.75,1.17,-5.09,8.11,0.27,-0.17,-0.82,-4.13,-7.19,1.20,0.69,0.14,0.24,-2.51,-5.75,6.24,0.35,-0.25,-0.70,-4.62,-5.14,4.86,0.62,-0.25,-0.46,-2.87,8.12,-0.40,0.22,-0.44,0.58
84.625229,8.64,-2.89,2.39,-0.31,0.67,-0.54,-39.88,34.25,-19.75,1.05,-4.98,8.43,0.24,-0.04,-0.90,-4.75,-7.35,1.48,0.76,0.31,0.20,-2.83,-5.51,6.75,0.41,-0.10,-0.76,-5.26,-4.83,5.32,0.71,-0.12,-0.51,-2.72,8.67,-0.68,0.28,-0.60,0.51
84.625238,8.14,-3.82,1.93,-0.46,0.62,-0.66,-39.88,34.25,-19.75,0.60,-5.54,7.07,0.24,-0.10,-0.92,-5.39,-6.62,2.48,0.81,0.22,0.24,-3.39,-5.54,6.11,0.40,-0.19,-0.79,-5.60,-4.72,5.18,0.71,-0.24,-0.53,-1.72,8.85,-0.86,0.24,-0.54,0.65
84.625249,8.37,-3.86,2.04,-0.46,0.62,-0.66,-39.00,31.06,-21.75,0.66,-5.70,6.87,0.39,-0.38,-0.88,-5.13,-6.49,2.44,0.83,-0.01,0.41,-3.23,-5.87,5.74,0.43,-0.49,-0.78,-5.24,-5.13,4.86,0.73,-0.53,-0.45,-1.82,8.60,-0.69,0.26,-0.34,0.87
84.626771,8.90,-3.20,2.43,-0.46,0.62,-0.66,-39.00,31.06,-21.75,0.94,-5.18,7.93,0.52,-0.48,-0.94,-4.76,-7.02,1.65,0.87,-0.04,0.55,-2.87,-5.84,6.21,0.53,-0.60,-0.82,-5.07,-5.21,4.96,0.85,-0.61,-0.43,-2.57,8.51,-0.69,0.35,-0.32,0.99
84.626786,8.94,-2.59,2.92,0.26,0.94,-0.84,-39.00,31.06,-21.75,1.22,-4.47,8.83,0.56,-0.38,-1.09,-5.05,-7.18,1.44,0.99,0.13,0.59,-2.62,-5.26,7.13,0.64,-0.53,-0.93,-5.16,-4.65,5.60,0.99,-0.53,-0.50,-2.58,8.74,-1.01,0.45,-0.49,0.99
84.626797,8.09,-2.70,3.00,-0.45,1.06,-0.87,-39.00,31.06,-21.75,1.60,-4.70,8.11,0.55,-0.35,-1.17,-5.86,-6.37,2.83,1.09,0.16,0.58,-2.29,-5.19,7.11,0.66,-0.54,-1.01,-5.03,-4.25,6.30,1.04,-0.55,-0.56,-1.11,9.28,-1.24,0.45,-0.57,1.03
84.626806,8.37,-2.97,2.81,-0.45,1.06,-0.87,-39.25,28.00,-23.69,2.24,-5.33,7.36,0.64,-0.55,-1.10,-5.89,-5.87,3.60,1.07,-0.02,0.67,-1.65,-5.85,6.69,0.64,-0.74,-0.96,-4.28,-4.69,6.49,1.00,-0.75,-0.49,-0.41,9.29,-1.02,0.44,-0.39,1.15
84.626814,9.13,-2.55,3.15,-0.45,1.06,-0.87,-39.25,27.94,-25.50,2.86,-4.81,8.62,0.79,-0.61,-1.09,-5.30,-6.21,2.81,1.04,-0.01,0.79,-0.96,-6.11,7.16,0.76,-0.80,-0.92,-3.59,-5.15,6.44,1.08,-0.78,-0.40,-1.09,9.00,-0.92,0.56,-0.33,1.18
84.63752,9.44,-1.44,4.72,-0.03,1.36,-0.76,-39.25,27.94,-25.50,3.12,-3.63,10.55,0.82,-0.27,-1.25,-5.95,-6.66,2.05,1.07,0.44,0.79,-0.79,-5.24,8.88,0.97,-0.45,-1.01,-4.20,-4.28,7.54,1.30,-0.41,-0.45,-1.64,9.58,-1.78,0.81,-0.65,0.96
84.655253,9.06,-1.94,5.03,-0.66,1.44,-0.61,-39.25,27.94,-25.50,2.98,-3.26,11.03,0.72,-0.04,-1.36,-7.21,-6.59,2.59,1.12,0.68,0.67,-1.11,-4.68,9.82,0.99,-0.25,-1.08,-4.99,-3.57,8.45,1.35,-0.19,-0.55,-1.16,10.50,-2.49,0.84,-0.88,0.81
84.678418,8.63,-2.48,5.14,-0.66,1.44,-0.61,-37.75,25.31,-27.88,2.84,-3.65,10.58,0.61,0.01,-1.38,-8.58,-6.15,3.94,1.16,0.66,0.56,-1.44,-4.69,10.11,0.90,-0.21,-1.13,-5.71,-3.32,9.21,1.29,-0.18,-0.62,-0.05,11.48,-2.92,0.73,-0.91,0.81
84.701173,9.63,-2.67,5.53,-0.66,1.44,-0.61,-37.44,25.06,-30.75,3.04,-4.08,9.84,0.60,-0.31,-1.28,-9.03,-5.72,4.92,1.17,0.27,0.60,-1.33,-4.97,9.91,0.73,-0.50,-1.11,-5.59,-3.48,9.50,1.12,-0.51,-0.62,0.75,11.77,-2.87,0.54,-0.64,1.06
84.720609,9.63,-2.67,5.53,-0.66,1.44,-0.61,-37.44,25.06,-30.75,3.65,-3.64,10.24,0.62,-0.58,-1.22,-8.65,-5.55,4.76,1.16,-0.00,0.68,-0.50,-4.97,10.09,0.64,-0.74,-1.10,-4.92,-3.47,9.76,1.03,-0.74,-0.61,0.81,11.45,-2.79,0.44,-0.46,1.22
85.134948,9.29,-1.06,6.33,-0.66,1.44,-0.61,-37.44,25.06,-30.75,4.52,-2.95,11.13,0.59,-0.68,-1.20,-8.51,-5.61,4.50,1.15,-0.07,0.67,0.29,-4.70,10.82,0.55,-0.81,-1.13,-3.99,-3.41,10.07,0.92,-0.78,-0.66,0.77,11.47,-2.91,0.38,-0.44,1.24
85.134981,9.17,-0.87,6.68,0.15,1.02,-1.11,-37.44,25.06,-30.75,5.13,-2.56,11.75,0.46,-0.62,-1.19,-8.82,-5.74,4.57,1.15,-0.02,0.53,1.09,-4.63,11.36,0.46,-0.69,-1.12,-3.99,-3.03,10.86,0.87,-0.68,-0.72,0.86,11.82,-3.13,0.29,-0.54,1.15
85.134997,9.28,-0.79,6.83,-0.30,0.66,-1.07,-37.44,25.06,-30.75,5.31,-2.46,11.81,0.29,-0.52,-1.18,-9.15,-5.50,5.15,1.16,0.01,0.32,1.19,-4.64,11.54,0.32,-0.54,-1.13,-3.96,-3.06,11.13,0.78,-0.57,-0.82,1.41,12.06,-3.17,0.14,-0.64,1.03
85.135013,9.56,-0.83,6.71,-0.30,0.66,-1.07,-34.75,21.19,-35.44,5.56,-2.75,11.35,0.16,-0.52,-1.14,-9.13,-5.11,5.58,1.14,-0.05,0.20,1.42,-4.90,11.28,0.21,-0.50,-1.12,-3.60,-3.24,11.19,0.67,-0.55,-0.87,1.91,11.97,-3.07,0.03,-0.64,1.00
85.135027,9.55,-0.75,6.83,-0.30,0.66,-1.07,-34.75,17.81,-34.50,5.87,-2.76,11.59,0.06,-0.51,-1.11,-9.00,-5.21,5.68,1.10,-0.11,0.13,1.72,-5.12,11.45,0.11,-0.45,-1.10,-3.32,-3.46,11.38,0.59,-0.52,-0.88,1.91,12.06,-2.89,-0.05,-0.62,0.96
85.135041,10.21,-0.25,6.83,-0.26,0.37,-1.06,-34.75,17.81,-34.50,6.31,-3.26,11.78,-0.08,-0.45,-1.06,-9.17,-5.57,6.14,1.05,-0.12,0.02,1.92,-5.79,11.64,-0.02,-0.33,-1.08,-3.29,-4.01,11.78,0.48,-0.42,-0.91,2.08,12.63,-2.59,-0.15,-0.63,0.86
85.135054,10.89,-0.45,6.87,-0.26,0.37,-1.06,-33.56,18.00,-35.19,6.77,-3.76,11.90,-0.15,-0.43,-1.01,-9.31,-5.71,6.46,0.98,-0.11,-0.06,2.20,-6.36,11.77,-0.08,-0.28,-1.04,-3.06,-4.46,12.11,0.41,-0.39,-0.90,2.23,12.98,-2.45,-0.20,-0.62,0.76
85.13507,11.36,-0.41,7.14,-0.26,0.37,-1.06,-33.31,15.44,-34.12,7.30,-3.77,12.66,-0.20,-0.35,-0.96,-9.39,-5.93,6.45,0.89,-0.02,-0.14,2.67,-6.69,12.29,-0.10,-0.17,-0.98,-2.78,-4.70,12.59,0.37,-0.28,-0.86,2.11,13.23,-2.45,-0.20,-0.65,0.61
85.135087,11.66,0.05,7.98,-0.81,0.09,-0.54,-33.56,14.25,-36.69,7.90,-3.39,13.75,-0.31,-0.04,-0.93,-9.67,-6.16,6.13,0.77,0.25,-0.31,3.17,-6.56,13.27,-0.10,0.18,-0.91,-2.73,-4.44,13.42,0.33,0.06,-0.87,1.87,13.54,-2.83,-0.16,-0.81,0.31
85.135102,11.47,-0.02,8.44,-0.81,0.09,-0.54,-33.56,14.25,-36.69,7.91,-2.78,14.40,-0.46,0.30,-0.92,-10.40,-6.03,6.15,0.67,0.51,-0.51,3.17,-5.97,14.07,-0.15,0.55,-0.86,-3.03,-3.85,13.99,0.25,0.42,-0.92,2.03,13.90,-3.40,-0.17,-0.99,0.02
85.135114,10.86,-0.33,8.71,-1.21,-0.10,-0.35,-33.56,14.25,-36.69,7.47,-2.42,14.24,-0.68,0.60,-0.88,-11.11,-5.70,6.34,0.58,0.66,-0.75,2.90,-5.46,14.17,-0.28,0.85,-0.84,-3.64,-3.26,14.10,0.12,0.72,-0.98,2.32,14.13,-4.00,-0.26,-1.11,-0.24
85.135126,10.44,-0.75,8.75,-1.21,-0.10,-0.35,-33.00,14.81,-35.38,6.91,-2.37,13.64,-0.84,0.72,-0.81,-11.40,-5.37,6.32,0.50,0.67,-0.94,2.28,-5.14,13.78,-0.40,1.01,-0.76,-3.95,-3.02,13.74,-0.01,0.85,-1.02,2.41,14.00,-4.30,-0.39,-1.14,-0.38
85.135138,10.06,-1.48,8.40,-1.21,-0.10,-0.35,-33.00,14.81,-35.38,6.48,-2.25,13.26,-0.96,0.74,-0.74,-11.07,-5.29,5.94,0.44,0.62,-1.09,1.97,-4.90,13.34,-0.53,1.09,-0.74,-4.08,-2.92,13.21,-0.13,0.90,-1.05,2.12,13.53,-4.24,-0.52,-1.14,-0.45
85.137411,9.90,-1.13,8.17,-1.22,-0.68,-0.32,-33.00,14.81,-35.38,6.39,-2.04,13.17,-1.08,0.79,-0.70,-10.47,-5.26,5.40,0.40,0.66,-1.24,2.09,-4.80,13.00,-0.63,1.21,-0.73,-3.74,-2.90,12.78,-0.23,1.01,-1.11,1.79,12.95,-4.07,-0.61,-1.21,-0.57
85.13743,9.66,-0.87,7.86,-1.36,-0.78,-0.31,-33.00,14.81,-35.38,6.31,-1.89,13.06,-1.21,0.96,-0.69,-9.94,-5.34,4.85,0.37,0.80,-1.43,2.18,-4.71,12.65,-0.70,1.44,-0.73,-3.47,-2.94,12.29,-0.30,1.22,-1.19,1.39,12.47,-3.94,-0.66,-1.36,-0.76
85.137444,9.40,-0.83,7.40,-1.36,-0.78,-0.31,-33.00,14.81,-35.38,5.88,-1.95,12.65,-1.35,1.20,-0.73,-9.70,-5.41,4.54,0.35,1.00,-1.62,1.78,-4.68,12.13,-0.74,1.70,-0.75,-3.65,-3.10,11.65,-0.33,1.47,-1.28,1.14,12.20,-3.86,-0.68,-1.55,-0.95
85.137456,9.52,-1.29,7.10,-1.98,-0.94,-0.12,-33.00,14.81,-35.38,5.39,-2.18,12.13,-1.46,1.36,-0.79,-9.61,-5.44,4.41,0.37,1.14,-1.75,1.22,-4.73,11.68,-0.76,1.91,-0.81,-3.99,-3.25,11.09,-0.32,1.65,-1.35,0.96,12.05,-3.79,-0.69,-1.69,-1.07
85.137471,9.48,-1.59,6.91,-2.12,-0.96,-0.10,-33.00,14.81,-35.38,4.92,-2.44,11.58,-1.52,1.47,-0.86,-9.44,-5.44,4.29,0.40,1.23,-1.82,0.74,-4.81,11.12,-0.77,2.05,-0.88,-4.24,-3.37,10.60,-0.29,1.75,-1.42,0.81,11.85,-3.66,-0.68,-1.79,-1.12
85.137482,9.32,-1.79,6.33,-2.18,-0.93,-0.17,-34.12,19.62,-36.19,4.80,-2.51,11.23,-1.56,1.51,-0.91,-9.25,-5.47,4.26,0.44,1.28,-1.88,0.68,-4.67,10.88,-0.79,2.10,-0.93,-4.21,-3.23,10.45,-0.30,1.79,-1.49,0.77,11.68,-3.53,-0.70,-1.87,-1.15
85.155741,8.90,-1.55,5.72,-2.18,-0.93,-0.17,-34.12,19.62,-36.19,4.70,-2.62,10.83,-1.63,1.55,-0.93,-8.90,-5.52,4.22,0.46,1.30,-1.96,0.64,-4.75,10.41,-0.84,2.16,-0.96,-4.06,-3.34,10.04,-0.33,1.83,-1.55,0.68,11.41,-3.23,-0.76,-1.93,-1.18
85.172616,8.98,-1.59,5.34,-2.27,-1.07,-0.22,-34.12,21.44,-38.31,4.33,-2.99,10.16,-1.68,1.57,-0.94,-8.39,-5.60,4.18,0.49,1.29,-2.02,0.30,-4.94,9.69,-0.87,2.20,-0.99,-4.03,-3.70,9.28,-0.35,1.85,-1.60,0.53,11.04,-2.81,-0.80,-1.97,-1.18
85.195461,8.87,-1.75,4.03,-2.27,-1.07,-0.22,-34.12,21.44,-38.31,3.80,-3.56,8.99,-1.68,1.49,-0.96,-7.64,-5.56,4.18,0.53,1.22,-2.00,-0.23,-5.23,8.58,-0.88,2.16,-1.03,-4.02,-4.09,8.38,-0.33,1.76,-1.61,0.44,10.47,-2.20,-0.82,-1.94,-1.10
85.216185,8.79,-1.40,3.46,-2.10,-1.01,-0.37,-34.12,21.44,-38.31,3.57,-3.92,8.23,-1.62,1.36,-1.00,-6.66,-5.64,4.01,0.59,1.14,-1.93,-0.30,-5.51,7.67,-0.85,2.05,-1.09,-3.62,-4.50,7.54,-0.29,1.66,-1.63,0.22,9.79,-1.54,-0.80,-1.90,-0.99
85.641657,8.48,-0.98,2.73,-2.02,-0.90,-0.43,-35.25,25.69,-36.88,3.59,-4.28,7.55,-1.54,1.32,-1.06,-5.66,-5.61,3.80,0.65,1.11,-1.83,-0.14,-5.80,6.83,-0.77,1.96,-1.14,-3.06,-4.87,6.72,-0.22,1.60,-1.64,0.06,9.06,-0.90,-0.75,-1.88,-0.89
85.641782,8.29,-0.94,2.43,-2.02,-0.90,-0.43,-35.25,25.69,-36.88,3.48,-4.53,6.87,-1.44,1.30,-1.10,-5.03,-5.50,3.82,0.69,1.10,-1.73,-0.20,-5.94,6.11,-0.68,1.92,-1.17,-2.75,-5.08,6.13,-0.12,1.55,-1.61,0.10,8.58,-0.49,-0.68,-1.86,-0.80
85.641802,8.10,-0.68,2.16,-2.00,-0.68,-0.42,-35.25,25.69,-36.88,3.52,-4.71,6.33,-1.33,1.25,-1.16,-4.46,-5.35,3.83,0.72,1.09,-1.60,-0.10,-6.05,5.59,-0.57,1.82,-1.20,-2.36,-5.22,5.79,-0.01,1.48,-1.57,0.19,8.14,-0.10,-0.58,-1.82,-0.69
85.641818,7.99,-0.02,2.04,-1.92,-0.41,-0.41,-35.25,25.69,-36.88,3.91,-4.68,6.37,-1.20,1.25,-1.20,-3.87,-5.40,3.69,0.76,1.17,-1.49,0.46,-6.17,5.48,-0.44,1.78,-1.20,-1.77,-5.27,5.74,0.10,1.48,-1.53,0.16,7.82,0.22,-0.45,-1.85,-0.68
85.641833,7.99,-0.02,2.04,-2.08,-0.35,-0.32,-35.56,28.06,-37.31,4.15,-4.72,6.20,-1.13,1.33,-1.22,-3.62,-5.36,3.88,0.76,1.27,-1.45,0.65,-6.17,5.35,-0.35,1.82,-1.20,-1.54,-5.29,5.66,0.17,1.52,-1.49,0.34,7.72,0.44,-0.36,-1.89,-0.72
85.641845,7.68,0.02,1.20,-2.09,-0.34,-0.25,-35.56,28.06,-37.31,4.18,-5.19,5.48,-1.06,1.41,-1.21,-3.28,-5.09,4.18,0.73,1.32,-1.40,0.76,-6.48,4.76,-0.27,1.83,-1.15,-1.19,-5.53,5.32,0.23,1.54,-1.42,0.62,7.42,0.78,-0.27,-1.85,-0.75
85.641859,7.79,-0.25,0.97,-2.09,-0.34,-0.25,-35.56,25.88,-35.81,4.06,-5.48,5.10,-0.93,1.43,-1.17,-2.72,-5.09,3.91,0.65,1.37,-1.28,0.74,-6.79,4.13,-0.14,1.82,-1.07,-0.93,-5.92,4.69,0.31,1.55,-1.29,0.36,7.02,1.06,-0.14,-1.78,-0.76
85.644075,7.99,-0.18,1.01,-1.96,-0.23,-0.15,-35.56,25.88,-35.81,3.70,-5.38,5.02,-0.78,1.50,-1.19,-2.38,-5.33,3.55,0.62,1.49,-1.16,0.31,-6.57,3.99,0.04,1.83,-1.03,-1.22,-5.90,4.29,0.46,1.59,-1.18,-0.05,6.79,1.23,0.03,-1.78,-0.79
85.644102,7.07,-0.45,0.16,-2.07,0.08,-0.00,-35.50,30.62,-40.25,3.28,-5.41,4.68,-0.65,1.54,-1.22,-2.47,-5.41,3.62,0.62,1.59,-1.05,-0.11,-6.28,3.89,0.16,1.80,-1.01,-1.65,-5.59,4.21,0.55,1.59,-1.11,-0.06,6.85,1.21,0.15,-1.79,-0.78
85.644115,7.07,-0.45,0.16,-1.98,0.11,-0.03,-36.12,32.44,-38.38,2.89,-5.48,4.29,-0.56,1.48,-1.20,-2.49,-5.28,3.78,0.62,1.54,-0.95,-0.49,-6.14,3.57,0.20,1.69,-0.98,-1.94,-5.46,3.97,0.58,1.49,-1.05,0.04,6.77,1.24,0.18,-1.70,-0.69
85.644126,6.99,-0.64,0.01,-1.98,0.11,-0.03,-34.62,32.44,-40.19,2.56,-5.50,3.99,-0.47,1.36,-1.16,-2.35,-5.14,3.76,0.62,1.40,-0.82,-0.69,-6.08,3.24,0.25,1.52,-0.94,-1.94,-5.45,3.62,0.61,1.33,-0.98,0.06,6.53,1.27,0.20,-1.57,-0.54
85.644137,6.76,-0.68,0.01,-1.98,0.11,-0.03,-34.62,32.44,-40.19,2.48,-5.56,3.87,-0.35,1.17,-1.12,-2.06,-5.17,3.51,0.62,1.25,-0.66,-0.72,-6.02,3.19,0.30,1.30,-0.91,-1.90,-5.42,3.51,0.64,1.13,-0.89,-0.15,6.32,1.37,0.23,-1.41,-0.38
85.644148,6.72,-0.48,-0.03,-1.98,0.11,-0.03,-34.94,34.81,-41.31,2.42,-5.34,4.20,-0.26,1.04,-1.08,-2.05,-5.38,3.37,0.63,1.15,-0.54,-0.77,-5.83,3.44,0.32,1.14,-0.88,-1.99,-5.27,3.59,0.66,1.00,-0.84,-0.32,6.37,1.36,0.25,-1.32,-0.29
85.644159,6.72,-0.48,-0.03,-1.28,0.33,-0.21,-34.94,35.31,-41.44,2.18,-5.38,4.13,-0.21,0.91,-1.05,-2.14,-5.43,3.49,0.65,1.04,-0.47,-1.00,-5.81,3.35,0.33,1.01,-0.87,-2.19,-5.25,3.51,0.66,0.86,-0.80,-0.29,6.47,1.37,0.24,-1.23,-0.21
85.645766,6.80,-0.87,-0.22,-1.28,0.33,-0.21,-34.94,35.31,-41.44,1.99,-5.63,3.78,-0.13,0.72,-1.01,-2.04,-5.35,3.55,0.66,0.87,-0.37,-1.19,-5.95,3.04,0.33,0.79,-0.84,-2.21,-5.41,3.28,0.66,0.66,-0.74,-0.26,6.35,1.47,0.22,-1.09,-0.07
85.645782,7.02,-0.83,0.01,-0.90,0.37,-0.37,-34.94,35.31,-41.44,2.04,-5.69,3.88,-0.01,0.52,-0.99,-1.83,-5.34,3.44,0.67,0.72,-0.20,-1.10,-6.07,3.06,0.38,0.56,-0.83,-2.09,-5.56,3.26,0.69,0.45,-0.66,-0.33,6.25,1.56,0.25,-0.94,0.10
85.645796,7.18,-0.68,-0.03,-0.71,0.50,-0.42,-34.94,35.31,-41.44,2.36,-5.72,4.25,0.08,0.38,-0.95,-2.01,-5.57,3.61,0.68,0.61,-0.08,-0.81,-6.15,3.49,0.40,0.41,-0.80,-2.03,-5.50,3.76,0.70,0.31,-0.60,-0.28,6.59,1.60,0.27,-0.83,0.21
85.645805,7.29,-0.64,-0.03,-0.61,0.55,-0.42,-34.94,35.31,-41.44,2.52,-5.73,4.52,0.14,0.27,-0.90,-2.03,-5.63,3.54,0.66,0.54,0.00,-0.68,-6.30,3.62,0.41,0.28,-0.75,-1.91,-5.61,3.88,0.69,0.20,-0.54,-0.39,6.63,1.58,0.29,-0.73,0.27
85.645816,7.48,-0.56,0.82,-0.55,0.64,-0.37,-34.00,36.81,-43.88,2.44,-5.35,5.14,0.22,0.25,-0.90,-2.07,-5.81,3.07,0.66,0.56,0.07,-0.78,-6.11,3.99,0.49,0.22,-0.72,-2.08,-5.58,3.86,0.74,0.18,-0.51,-0.76,6.63,1.33,0.36,-0.73,0.30
85.645826,7.49,-0.87,1.12,-0.55,0.64,-0.37,-34.31,36.06,-44.44,2.33,-5.27,5.52,0.27,0.27,-0.94,-2.67,-5.89,3.19,0.69,0.61,0.13,-1.02,-5.98,4.43,0.54,0.21,-0.74,-2.57,-5.37,4.27,0.81,0.18,-0.48,-0.68,7.16,1.00,0.41,-0.75,0.32
85.665554,7.64,-1.32,1.05,-0.53,0.73,-0.43,-34.31,36.06,-44.44,2.21,-5.60,5.48,0.32,0.17,-0.92,-3.44,-5.89,3.78,0.70,0.51,0.21,-1.39,-6.08,4.70,0.55,0.10,-0.73,-3.10,-5.31,4.74,0.82,0.05,-0.44,-0.36,7.78,0.79,0.40,-0.65,0.43
85.689297,8.37,-1.71,1.35,-0.20,0.74,-0.53,-33.38,36.94,-48.19,2.18,-5.59,5.96,0.43,-0.04,-0.87,-3.67,-6.13,3.64,0.71,0.32,0.34,-1.50,-6.23,5.06,0.56,-0.12,-0.71,-3.29,-5.51,4.93,0.81,-0.15,-0.39,-0.62,8.02,0.66,0.41,-0.49,0.58
85.710926,8.59,-1.40,2.00,-0.10,0.85,-0.57,-33.38,36.94,-48.19,2.30,-5.09,6.91,0.50,-0.11,-0.91,-3.92,-6.38,3.11,0.76,0.30,0.44,-1.38,-6.04,5.70,0.62,-0.21,-0.74,-3.39,-5.40,5.20,0.88,-0.22,-0.39,-1.02,8.20,0.24,0.47,-0.49,0.65
85.733078,8.59,-1.32,2.77,-0.10,0.85,-0.57,-31.56,35.12,-47.88,2.31,-4.67,7.64,0.51,-0.09,-1.00,-4.65,-6.38,3.21,0.84,0.37,0.47,-1.50,-5.59,6.59,0.69,-0.23,-0.81,-3.90,-4.90,5.86,0.97,-0.24,-0.41,-0.87,8.78,-0.30,0.52,-0.56,0.67
86.154415,8.25,-2.09,2.77,-0.10,0.85,-0.57,-31.81,37.50,-50.38,2.12,-4.70,7.56,0.48,-0.22,-1.01,-5.72,-6.28,4.16,0.91,0.23,0.48,-1.87,-5.33,7.04,0.63,-0.36,-0.85,-4.63,-4.43,6.63,0.95,-0.39,-0.44,-0.21,9.64,-0.62,0.41,-0.51,0.83
86.154445,8.75,-1.86,2.69,0.37,0.74,-1.05,-31.81,37.50,-50.38,2.58,-4.99,7.32,0.50,-0.63,-0.94,-5.73,-6.12,4.59,0.95,-0.19,0.55,-1.38,-5.80,6.81,0.48,-0.73,-0.86,-4.12,-4.82,6.71,0.81,-0.77,-0.46,0.10,9.64,-0.43,0.23,-0.25,1.14
86.154463,9.09,-1.02,3.07,0.37,0.74,-1.05,-30.69,32.06,-50.19,3.27,-4.47,8.10,0.54,-0.81,-0.96,-5.25,-6.23,4.13,1.00,-0.33,0.63,-0.60,-5.81,7.23,0.47,-0.89,-0.91,-3.38,-4.96,6.88,0.82,-0.92,-0.49,-0.10,9.41,-0.36,0.20,-0.21,1.28
86.154474,8.67,-0.41,3.69,0.37,0.74,-1.05,-30.69,32.06,-50.19,3.86,-4.12,8.49,0.50,-0.80,-1.02,-5.58,-6.06,4.54,1.06,-0.32,0.62,-0.03,-5.55,7.82,0.45,-0.88,-0.96,-3.18,-4.51,7.66,0.84,-0.93,-0.54,0.44,9.73,-0.53,0.17,-0.27,1.30
86.154486,8.56,-0.45,3.50,0.16,0.78,-1.11,-30.69,32.06,-50.19,4.22,-4.30,8.12,0.45,-0.84,-1.00,-5.96,-5.78,5.31,1.08,-0.41,0.57,0.23,-5.65,7.85,0.37,-0.92,-0.96,-3.03,-4.48,8.02,0.76,-0.97,-0.59,1.12,10.02,-0.51,0.09,-0.25,1.31
86.154498,8.83,-0.37,3.42,0.36,0.67,-1.19,-28.56,29.38,-52.25,4.65,-4.43,8.12,0.45,-0.95,-0.97,-5.55,-5.66,5.27,1.08,-0.50,0.57,0.68,-6.19,7.53,0.33,-0.98,-0.97,-2.34,-5.07,7.76,0.73,-1.04,-0.59,1.12,9.72,-0.25,0.07,-0.19,1.34
86.15451,9.55,0.21,3.96,0.36,0.67,-1.19,-28.25,28.12,-52.75,5.21,-4.06,8.97,0.47,-0.86,-1.03,-5.20,-5.83,4.87,1.09,-0.37,0.57,1.34,-6.32,8.00,0.41,-0.88,-1.00,-1.80,-5.24,8.02,0.82,-0.93,-0.60,0.88,9.63,-0.22,0.15,-0.29,1.28
86.154524,9.52,0.70,4.64,0.36,0.67,-1.19,-28.25,26.75,-52.88,5.69,-3.84,9.47,0.41,-0.60,-1.13,-5.67,-5.88,5.17,1.12,-0.10,0.48,1.64,-6.04,8.80,0.46,-0.65,-1.06,-1.92,-4.74,8.97,0.90,-0.70,-0.65,1.21,10.16,-0.45,0.22,-0.50,1.09
86.154538,9.25,0.44,4.49,-0.36,0.83,-0.95,-28.25,26.75,-52.88,5.66,-3.95,9.05,0.33,-0.48,-1.13,-6.44,-5.50,6.22,1.11,-0.01,0.36,1.53,-5.85,8.83,0.41,-0.57,-1.04,-2.29,-4.37,9.42,0.84,-0.66,-0.68,2.10,10.72,-0.65,0.17,-0.59,0.99
86.154555,8.94,0.21,4.19,-0.36,0.83,-0.95,-26.88,23.81,-51.69,5.40,-4.68,7.62,0.32,-0.65,-1.01,-6.56,-4.91,7.05,1.08,-0.23,0.36,1.24,-6.26,7.84,0.30,-0.75,-0.96,-2.24,-4.68,8.98,0.71,-0.82,-0.65,2.78,10.59,-0.44,0.05,-0.40,1.11
86.154566,9.66,0.13,3.84,-0.36,0.83,-0.95,-25.62,24.44,-54.31,5.65,-4.80,7.70,0.44,-0.91,-0.91,-5.62,-5.14,6.55,1.03,-0.46,0.50,1.55,-6.82,7.41,0.31,-0.98,-0.90,-1.51,-5.62,8.22,0.70,-1.04,-0.55,2.26,9.99,0.13,0.05,-0.18,1.29
86.154577,10.24,1.28,4.30,0.60,0.75,-1.14,-25.62,24.44,-54.31,6.25,-4.38,8.60,0.52,-0.86,-0.96,-5.18,-5.43,6.08,1.04,-0.39,0.61,2.24,-6.86,7.94,0.42,-0.94,-0.92,-0.93,-5.64,8.61,0.79,-0.97,-0.51,2.00,9.90,0.20,0.18,-0.21,1.29
86.154588,10.02,1.66,4.61,0.25,0.96,-1.01,-25.62,24.44,-54.31,6.58,-4.14,8.84,0.54,-0.70,-1.01,-5.71,-5.26,6.47,1.04,-0.21,0.63,2.51,-6.59,8.40,0.50,-0.82,-0.93,-1.02,-5.14,9.30,0.87,-0.84,-0.49,2.48,10.34,-0.16,0.28,-0.31,1.19
86.1546,9.64,1.32,4.76,0.25,0.96,-1.01,-23.00,19.44,-52.38,6.67,-4.10,8.76,0.55,-0.64,-0.99,-6.34,-4.92,7.03,1.00,-0.16,0.62,2.60,-6.42,8.72,0.51,-0.79,-0.89,-1.14,-4.81,9.85,0.85,-0.80,-0.47,3.00,10.70,-0.46,0.30,-0.30,1.14
86.156695,10.02,1.24,5.80,0.16,0.88,-0.83,-23.00,19.44,-52.38,6.98,-3.79,9.45,0.58,-0.62,-0.95,-6.64,-4.91,7.03,0.94,-0.13,0.62,2.88,-6.41,9.33,0.53,-0.76,-0.84,-1.08,-4.79,10.27,0.84,-0.76,-0.43,3.04,10.94,-0.69,0.33,-0.28,1.09
86.156716,10.02,1.32,6.18,0.16,0.88,-0.83,-21.12,18.19,-56.81,7.34,-3.49,10.00,0.57,-0.53,-0.93,-7.06,-4.80,7.17,0.90,-0.05,0.61,3.23,-6.28,9.87,0.54,-0.65,-0.82,-1.00,-4.58,10.79,0.84,-0.66,-0.41,3.29,11.27,-1.07,0.36,-0.30,1.01
86.156729,9.90,1.28,6.48,0.16,0.88,-0.83,-21.12,18.19,-56.81,7.58,-3.21,10.10,0.53,-0.45,-0.87,-7.80,-4.38,7.84,0.84,-0.02,0.58,3.41,-5.93,10.34,0.52,-0.58,-0.77,-1.06,-4.07,11.52,0.79,-0.59,-0.37,4.02,11.71,-1.48,0.35,-0.28,0.94
86.156742,9.40,1.59,6.64,-0.04,0.83,-0.67,-19.69,16.75,-56.62,7.94,-3.01,9.95,0.48,-0.51,-0.74,-8.16,-3.96,8.36,0.74,-0.13,0.54,4.01,-5.78,10.58,0.41,-0.65,-0.68,-0.87,-3.74,12.02,0.66,-0.64,-0.32,4.65,11.87,-1.71,0.25,-0.16,0.91
86.156756,9.48,2.01,6.95,0.31,0.56,-0.64,-19.69,16.75,-56.62,8.47,-2.62,10.32,0.43,-0.55,-0.63,-8.05,-3.79,8.36,0.63,-0.20,0.48,4.58,-5.69,10.84,0.33,-0.64,-0.58,-0.47,-3.64,12.30,0.53,-0.65,-0.29,4.82,11.77,-1.73,0.18,-0.08,0.82
86.16982,9.44,2.66,7.25,0.31,0.56,-0.64,-18.81,17.38,-57.06,8.89,-2.20,10.79,0.34,-0.46,-0.55,-8.02,-3.71,8.32,0.53,-0.16,0.37,5.01,-5.50,11.19,0.25,-0.53,-0.51,0.28,-3.52,12.62,0.43,-0.54,-0.29,4.91,11.75,-1.81,0.12,-0.10,0.66
86.19287,9.05,2.54,7.10,0.31,0.56,-0.64,-18.25,14.00,-56.50,8.93,-2.10,10.57,0.19,-0.32,-0.46,-8.12,-3.51,8.53,0.42,-0.12,0.21,5.09,-5.34,11.18,0.14,-0.34,-0.40,0.17,-3.29,12.72,0.29,-0.36,-0.26,5.14,11.75,-1.87,0.02,-0.11,0.48
86.21443,8.90,2.50,6.83,-0.01,0.12,-0.33,-18.25,14.00,-56.50,8.80,-2.19,10.21,0.07,-0.26,-0.36,-7.92,-3.42,8.56,0.31,-0.14,0.07,5.00,-5.42,10.80,0.01,-0.24,-0.32,0.11,-3.42,12.41,0.16,-0.27,-0.25,5.16,11.55,-1.70,-0.08,-0.09,0.36
86.236584,9.10,2.58,6.79,0.01,-0.01,-0.31,-18.25,14.00,-56.50,8.83,-2.28,10.13,-0.03,-0.19,-0.27,-7.60,-3.48,8.39,0.21,-0.12,-0.04,5.08,-5.58,10.61,-0.08,-0.14,-0.26,0.31,-3.63,12.15,0.05,-0.17,-0.24,5.00,11.35,-1.54,-0.15,-0.09,0.24
86.666248,9.25,2.77,6.64,0.01,-0.01,-0.31,-17.62,14.94,-56.62,8.85,-2.32,10.16,-0.14,-0.05,-0.20,-7.45,-3.61,8.34,0.12,-0.03,-0.18,5.09,-5.64,10.60,-0.16,0.03,-0.19,0.36,-3.72,12.12,-0.04,-0.02,-0.24,4.89,11.33,-1.39,-0.21,-0.14,0.07
86.666282,9.17,2.70,6.45,-0.26,-0.28,-0.05,-17.62,14.94,-56.62,8.77,-2.61,9.84,-0.23,0.05,-0.14,-7.31,-3.60,8.44,0.04,0.02,-0.29,4.94,-5.85,10.28,-0.23,0.16,-0.13,0.34,-3.92,11.93,-0.13,0.10,-0.24,4.98,11.24,-1.20,-0.26,-0.16,-0.05
86.666295,9.36,2.50,6.25,-0.26,-0.28,-0.05,-18.19,16.25,-58.31,8.74,-2.91,9.58,-0.29,0.12,-0.07,-7.15,-3.63,8.50,-0.05,0.05,-0.35,4.88,-6.12,9.92,-0.27,0.24,-0.06,0.44,-4.22,11.68,-0.20,0.19,-0.20,4.97,11.17,-1.00,-0.27,-0.14,-0.17
86.666308,9.63,2.58,6.14,-0.23,-0.33,0.03,-18.25,15.94,-56.81,8.77,-3.06,9.53,-0.32,0.21,0.01,-7.02,-3.73,8.57,-0.15,0.10,-0.40,4.86,-6.23,9.91,-0.30,0.33,0.03,0.50,-4.36,11.64,-0.26,0.29,-0.15,4.95,11.18,-0.83,-0.28,-0.12,-0.30
86.66632,9.55,2.62,5.99,-0.23,-0.33,0.03,-19.06,16.00,-57.19,8.82,-3.24,9.39,-0.35,0.28,0.09,-6.94,-3.79,8.66,-0.25,0.13,-0.44,4.90,-6.40,9.76,-0.32,0.40,0.11,0.59,-4.53,11.55,-0.31,0.37,-0.10,4.98,11.19,-0.70,-0.29,-0.09,-0.41
86.666332,9.74,2.54,5.76,-0.23,-0.33,0.03,-18.81,16.50,-57.31,8.76,-3.45,9.15,-0.37,0.33,0.18,-6.86,-3.84,8.75,-0.35,0.14,-0.46,4.81,-6.54,9.56,-0.34,0.45,0.20,0.52,-4.64,11.44,-0.37,0.42,-0.02,4.97,11.19,-0.57,-0.30,-0.03,-0.50
86.666345,9.60,2.35,5.38,-0.18,-0.50,0.39,-18.81,16.50,-57.31,8.53,-3.65,8.87,-0.37,0.35,0.30,-6.72,-3.96,8.72,-0.48,0.11,-0.47,4.53,-6.56,9.31,-0.37,0.47,0.33,0.33,-4.69,11.18,-0.45,0.45,0.07,4.81,11.09,-0.40,-0.32,0.07,-0.57
86.666359,9.52,2.39,5.11,-0.11,-0.55,0.44,-18.81,16.50,-57.31,8.25,-3.74,8.61,-0.37,0.35,0.39,-6.46,-4.06,8.55,-0.56,0.06,-0.47,4.22,-6.62,8.98,-0.40,0.46,0.41,0.24,-4.83,10.76,-0.51,0.44,0.13,4.63,10.88,-0.23,-0.35,0.15,-0.60
86.666372,9.48,2.27,4.88,-0.04,-0.58,0.47,-18.81,16.50,-57.31,8.03,-3.88,8.39,-0.35,0.33,0.47,-6.07,-4.10,8.22,-0.64,0.04,-0.45,4.08,-6.71,8.61,-0.41,0.44,0.48,0.31,-5.02,10.30,-0.54,0.43,0.19,4.34,10.49,-0.06,-0.34,0.22,-0.63
86.666384,9.52,2.20,4.84,0.00,-0.57,0.53,-18.81,16.50,-57.31,7.92,-3.95,8.43,-0.31,0.38,0.53,-5.68,-4.24,7.77,-0.72,0.08,-0.42,4.06,-6.83,8.39,-0.37,0.48,0.55,0.44,-5.16,10.00,-0.55,0.49,0.26,3.94,10.24,0.05,-0.28,0.26,-0.69
86.666395,9.44,2.01,4.72,-0.16,-0.50,0.77,-18.81,16.50,-57.31,7.62,-3.92,8.55,-0.30,0.51,0.57,-5.75,-4.48,7.55,-0.80,0.20,-0.41,3.71,-6.63,8.53,-0.32,0.59,0.63,0.05,-5.03,9.93,-0.54,0.60,0.34,3.64,10.34,-0.03,-0.21,0.25,-0.82
86.666407,9.40,1.66,4.64,-0.16,-0.50,0.77,-22.00,20.50,-56.88,7.23,-3.94,8.58,-0.31,0.57,0.61,-5.99,-4.65,7.51,-0.86,0.23,-0.41,3.27,-6.54,8.57,-0.32,0.64,0.68,-0.40,-4.98,9.87,-0.55,0.66,0.38,3.48,10.50,-0.11,-0.20,0.27,-0.87
86.666418,9.48,1.39,4.64,-0.16,-0.53,0.81,-22.00,20.50,-56.88,7.01,-4.01,8.55,-0.31,0.58,0.65,-6.05,-4.80,7.39,-0.90,0.22,-0.42,2.99,-6.50,8.54,-0.33,0.66,0.71,-0.67,-4.98,9.75,-0.57,0.67,0.41,3.30,10.55,-0.12,-0.20,0.29,-0.89
86.666428,9.52,1.36,4.61,-0.12,-0.57,0.80,-22.00,20.50,-56.88,6.86,-4.13,8.37,-0.30,0.58,0.69,-5.98,-4.83,7.31,-0.92,0.22,-0.42,2.80,-6.54,8.36,-0.33,0.65,0.75,-0.81,-5.04,9.57,-0.59,0.66,0.44,3.23,10.46,-0.07,-0.20,0.32,-0.91
86.668584,9.25,1.47,4.34,-0.01,-0.56,0.81,-23.56,23.06,-54.12,6.71,-4.13,8.12,-0.27,0.53,0.73,-5.93,-4.71,7.43,-0.94,0.17,-0.38,2.71,-6.46,8.19,-0.34,0.58,0.78,-0.80,-4.98,9.45,-0.62,0.60,0.48,3.35,10.39,-0.04,-0.21,0.38,-0.89
86.668604,9.14,1.36,4.19,0.10,-0.57,0.79,-24.44,23.00,-54.06,6.65,-4.16,7.99,-0.25,0.46,0.78,-5.91,-4.67,7.51,-0.96,0.09,-0.35,2.66,-6.40,8.13,-0.36,0.50,0.82,-0.85,-4.89,9.45,-0.65,0.53,0.51,3.39,10.36,-0.00,-0.23,0.46,-0.85
86.668617,9.14,1.36,4.19,0.10,-0.57,0.79,-24.44,23.00,-54.06,6.60,-4.30,7.87,-0.24,0.38,0.87,-5.74,-4.75,7.33,-1.01,-0.03,-0.33,2.65,-6.50,7.95,-0.40,0.43,0.88,-0.80,-4.98,9.24,-0.72,0.44,0.57,3.20,10.23,0.09,-0.28,0.58,-0.83
86.668629,9.25,1.09,3.50,0.34,-0.67,0.80,-26.25,23.88,-53.81,6.25,-4.39,7.88,-0.23,0.32,0.94,-5.34,-4.99,6.92,-1.07,-0.12,-0.31,2.29,-6.52,7.78,-0.43,0.37,0.95,-0.93,-5.17,8.78,-0.77,0.39,0.63,2.72,9.94,0.31,-0.30,0.67,-0.84
86.668643,9.21,0.86,3.19,0.35,-0.66,0.81,-26.25,23.88,-53.81,5.90,-4.58,7.65,-0.23,0.30,0.97,-5.11,-5.19,6.61,-1.08,-0.16,-0.28,1.92,-6.63,7.43,-0.44,0.33,0.98,-1.13,-5.33,8.34,-0.79,0.36,0.66,2.35,9.74,0.43,-0.31,0.72,-0.82
86.674879,9.25,0.70,3.07,0.41,-0.65,0.83,-26.25,23.88,-53.81,5.62,-4.72,7.50,-0.19,0.30,0.97,-4.75,-5.27,6.22,-1.09,-0.16,-0.25,1.71,-6.73,7.05,-0.42,0.29,0.99,-1.16,-5.50,7.90,-0.77,0.33,0.69,1.98,9.37,0.58,-0.27,0.75,-0.79
86.69237,9.13,0.74,3.04,0.39,-0.58,0.84,-26.25,23.88,-53.81,5.59,-4.80,7.48,-0.14,0.31,0.98,-4.51,-5.34,5.93,-1.11,-0.12,-0.20,1.76,-6.78,6.93,-0.37,0.30,1.01,-1.06,-5.55,7.75,-0.74,0.35,0.72,1.79,9.25,0.64,-0.22,0.75,-0.79
86.715524,8.98,0.63,2.88,0.39,-0.58,0.84,-27.06,25.94,-51.31,5.41,-4.76,7.47,-0.10,0.36,1.00,-4.53,-5.42,5.91,-1.14,-0.07,-0.17,1.51,-6.62,6.99,-0.32,0.31,1.05,-1.27,-5.46,7.69,-0.71,0.38,0.77,1.72,9.29,0.64,-0.18,0.75,-0.82
86.737072,8.90,0.59,2.84,0.32,-0.51,0.95,-27.06,25.94,-51.31,5.15,-4.79,7.26,-0.09,0.35,1.02,-4.70,-5.39,6.02,-1.16,-0.10,-0.14,1.27,-6.54,6.89,-0.31,0.31,1.07,-1.53,-5.33,7.62,-0.71,0.36,0.80,1.79,9.36,0.57,-0.18,0.79,-0.80
86.758776,8.87,0.40,2.81,0.41,-0.53,0.93,-27.06,25.94,-51.31,4.95,-4.91,6.93,-0.05,0.28,1.07,-4.60,-5.29,5.95,-1.18,-0.19,-0.10,1.10,-6.54,6.53,-0.31,0.20,1.11,-1.55,-5.38,7.30,-0.72,0.26,0.84,1.77,9.14,0.60,-0.19,0.89,-0.73
87.174137,8.75,0.36,2.65,0.41,-0.53,0.93,-28.94,26.56,-48.19,4.75,-4.92,6.70,0.03,0.20,1.09,-4.21,-5.21,5.55,-1.20,-0.26,0.00,1.05,-6.55,6.22,-0.27,0.10,1.14,-1.39,-5.48,6.90,-0.69,0.18,0.91,1.52,8.71,0.67,-0.14,0.97,-0.66
87.175063,8.67,0.48,2.77,0.41,-0.53,0.93,-29.50,27.19,-50.81,4.78,-4.66,6.92,0.11,0.20,1.08,-4.01,-5.32,5.15,-1.20,-0.23,0.07,1.16,-6.31,6.34,-0.20,0.07,1.14,-1.32,-5.29,6.89,-0.64,0.19,0.94,1.22,8.53,0.62,-0.07,0.98,-0.67
87.175089,8.41,0.55,2.73,0.41,-0.53,0.93,-29.50,27.19,-50.81,4.70,-4.38,7.05,0.14,0.23,1.06,-4.09,-5.23,5.09,-1.19,-0.18,0.10,1.10,-5.98,6.51,-0.17,0.10,1.14,-1.44,-4.95,6.95,-0.62,0.22,0.94,1.25,8.50,0.45,-0.04,0.95,-0.68
87.175111,8.07,0.48,2.69,0.55,-0.33,0.97,-29.50,27.19,-50.81,4.59,-4.32,6.85,0.15,0.27,1.08,-4.21,-4.96,5.10,-1.22,-0.18,0.11,1.07,-5.82,6.37,-0.17,0.11,1.17,-1.49,-4.74,6.85,-0.62,0.22,0.96,1.38,8.40,0.26,-0.03,0.98,-0.68
87.175127,7.83,0.02,2.69,0.63,-0.38,1.00,-29.81,28.88,-46.50,4.34,-4.30,6.72,0.18,0.25,1.12,-4.18,-4.88,4.91,-1.25,-0.21,0.14,0.88,-5.77,6.20,-0.16,0.08,1.21,-1.56,-4.71,6.60,-0.62,0.19,1.02,1.26,8.27,0.18,-0.02,1.04,-0.67
87.175145,7.91,-0.14,2.62,0.63,-0.38,1.00,-29.81,28.88,-46.50,4.05,-4.18,6.79,0.20,0.21,1.15,-4.14,-5.01,4.60,-1.27,-0.22,0.17,0.62,-5.60,6.22,-0.14,0.04,1.24,-1.81,-4.60,6.51,-0.61,0.16,1.06,0.97,8.17,0.12,0.00,1.07,-0.67
87.175159,7.75,-0.25,2.58,0.71,-0.33,1.01,-29.81,28.88,-46.50,3.85,-4.06,6.89,0.21,0.19,1.16,-4.14,-5.05,4.28,-1.27,-0.20,0.19,0.47,-5.47,6.23,-0.13,0.02,1.25,-1.95,-4.46,6.46,-0.61,0.15,1.07,0.72,8.08,-0.02,0.02,1.07,-0.68
87.17529,7.57,-0.71,2.81,0.66,-0.32,1.02,-29.81,28.88,-46.50,3.54,-3.87,7.26,0.21,0.19,1.16,-4.46,-5.20,4.06,-1.28,-0.17,0.17,0.15,-5.13,6.68,-0.11,0.04,1.25,-2.32,-4.20,6.56,-0.62,0.17,1.07,0.46,8.28,-0.31,0.02,1.05,-0.71
87.175305,7.57,-1.02,2.77,0.62,-0.36,1.04,-29.81,28.88,-46.50,3.22,-3.91,7.35,0.17,0.17,1.17,-4.75,-5.33,3.95,-1.29,-0.20,0.14,-0.22,-5.05,6.68,-0.16,0.03,1.25,-2.81,-4.08,6.55,-0.65,0.17,1.05,0.28,8.45,-0.47,-0.02,1.07,-0.70
87.175316,7.68,-1.36,2.65,0.66,-0.44,0.99,-29.81,28.88,-46.50,2.86,-4.03,7.30,0.14,0.11,1.20,-4.83,-5.44,3.79,-1.29,-0.29,0.13,-0.64,-5.08,6.57,-0.21,-0.02,1.26,-3.20,-4.12,6.39,-0.69,0.11,1.05,0.07,8.48,-0.52,-0.08,1.11,-0.66
87.175331,7.91,-1.75,2.46,0.78,-0.47,0.95,-31.62,32.44,-45.94,2.49,-4.28,7.20,0.13,0.00,1.23,-4.87,-5.61,3.59,-1.27,-0.40,0.15,-1.12,-5.13,6.50,-0.25,-0.13,1.26,-3.56,-4.29,6.11,-0.74,-0.00,1.05,-0.21,8.49,-0.56,-0.13,1.17,-0.59
87.175342,7.95,-1.98,2.39,0.78,-0.47,0.95,-31.62,32.44,-45.94,2.18,-4.44,7.09,0.14,-0.13,1.25,-4.93,-5.69,3.41,-1.25,-0.51,0.20,-1.42,-5.15,6.34,-0.29,-0.26,1.27,-3.85,-4.30,5.94,-0.76,-0.14,1.06,-0.42,8.48,-0.64,-0.17,1.25,-0.50
87.175353,7.79,-2.17,2.27,1.04,-0.45,0.80,-31.62,32.44,-45.94,1.87,-4.36,7.09,0.17,-0.27,1.27,-4.89,-5.74,3.14,-1.23,-0.63,0.25,-1.74,-4.99,6.29,-0.33,-0.41,1.27,-4.06,-4.19,5.77,-0.78,-0.28,1.07,-0.68,8.35,-0.70,-0.21,1.33,-0.39
87.175364,7.53,-2.17,2.20,1.19,-0.44,0.71,-31.62,32.44,-45.94,1.76,-4.20,7.24,0.18,-0.39,1.28,-4.79,-5.78,2.80,-1.20,-0.75,0.29,-1.73,-4.88,6.26,-0.35,-0.53,1.26,-4.07,-4.10,5.62,-0.80,-0.39,1.06,-0.94,8.19,-0.76,-0.25,1.38,-0.30
87.179011,7.37,-2.17,2.20,1.26,-0.45,0.64,-31.62,32.44,-45.94,1.56,-4.04,7.27,0.17,-0.47,1.27,-4.66,-5.84,2.57,-1.15,-0.83,0.30,-1.90,-4.73,6.20,-0.37,-0.60,1.23,-4.17,-4.04,5.40,-0.81,-0.46,1.03,-1.15,8.02,-0.77,-0.29,1.40,-0.21
87.179026,7.14,-2.09,2.00,1.28,-0.46,0.48,-33.75,29.12,-41.81,1.22,-4.07,6.85,0.16,-0.58,1.23,-4.52,-5.86,2.38,-1.07,-0.92,0.31,-2.21,-4.64,5.86,-0.40,-0.70,1.17,-4.35,-4.03,5.02,-0.80,-0.56,0.97,-1.28,7.83,-0.73,-0.34,1.40,-0.10
87.179037,7.02,-2.21,1.66,1.28,-0.46,0.48,-34.62,30.50,-41.62,1.09,-4.24,6.46,0.18,-0.71,1.18,-4.27,-5.73,2.26,-0.99,-1.01,0.35,-2.30,-4.72,5.43,-0.41,-0.83,1.10,-4.23,-4.18,4.63,-0.78,-0.70,0.93,-1.30,7.52,-0.63,-0.37,1.41,0.01
87.179047,7.02,-2.21,1.66,1.28,-0.46,0.48,-34.62,30.50,-41.62,1.14,-4.31,6.22,0.25,-0.85,1.14,-4.04,-5.55,2.26,-0.90,-1.10,0.43,-2.15,-4.83,5.14,-0.38,-0.99,1.05,-3.96,-4.27,4.44,-0.73,-0.85,0.91,-1.21,7.30,-0.55,-0.36,1.45,0.15
87.179061,6.99,-1.79,1.58,1.57,-0.25,0.20,-34.62,30.50,-41.62,1.36,-4.25,6.17,0.32,-0.98,1.10,-3.93,-5.50,2.38,-0.83,-1.19,0.53,-1.86,-4.91,5.06,-0.32,-1.14,1.00,-3.76,-4.30,4.50,-0.67,-0.99,0.90,-1.08,7.26,-0.44,-0.34,1.49,0.31
87.192651,7.03,-1.55,1.73,1.62,-0.19,0.13,-34.62,30.50,-41.62,1.64,-4.17,6.22,0.39,-1.08,1.05,-3.84,-5.48,2.50,-0.75,-1.25,0.62,-1.64,-4.92,5.18,-0.27,-1.26,0.95,-3.50,-4.40,4.63,-0.62,-1.10,0.89,-0.97,7.27,-0.35,-0.32,1.51,0.45
87.213914,7.18,-1.32,1.96,1.64,-0.11,0.06,-34.62,30.50,-41.62,2.07,-4.12,6.48,0.44,-1.14,0.96,-3.90,-5.52,2.71,-0.66,-1.26,0.70,-1.24,-5.05,5.49,-0.23,-1.32,0.87,-3.23,-4.48,5.03,-0.54,-1.16,0.85,-0.76,7.50,-0.31,-0.28,1.48,0.54
87.237802,7.71,-0.83,2.58,1.50,0.01,0.01,-35.00,26.25,-37.31,2.84,-4.11,7.07,0.48,-1.13,0.88,-4.18,-5.55,3.14,-0.59,-1.20,0.72,-0.54,-5.27,6.14,-0.18,-1.33,0.80,-2.80,-4.57,5.79,-0.47,-1.17,0.82,-0.35,7.95,-0.31,-0.23,1.40,0.55
87.258534,7.98,-0.75,2.77,1.50,0.01,0.01,-35.00,26.25,-37.31,3.43,-4.01,7.57,0.49,-1.06,0.84,-4.45,-5.49,3.45,-0.57,-1.11,0.70,-0.02,-5.43,6.56,-0.14,-1.27,0.78,-2.50,-4.56,6.34,-0.42,-1.11,0.81,-0.03,8.26,-0.39,-0.19,1.32,0.50
87.681692,8.06,-0.56,3.04,1.41,0.03,0.07,-35.00,26.25,-37.31,3.63,-3.77,7.92,0.49,-0.96,0.80,-4.69,-5.45,3.64,-0.56,-0.98,0.67,0.16,-5.35,6.98,-0.10,-1.18,0.77,-2.51,-4.47,6.71,-0.37,-1.00,0.79,0.11,8.46,-0.54,-0.14,1.24,0.43
87.681808,8.10,-0.48,3.38,1.28,0.04,0.13,-35.00,26.25,-37.31,3.67,-3.72,8.17,0.47,-0.84,0.73,-5.14,-5.44,4.03,-0.54,-0.89,0.64,0.11,-5.33,7.32,-0.07,-1.11,0.74,-2.73,-4.38,7.13,-0.32,-0.92,0.76,0.38,8.91,-0.68,-0.11,1.16,0.40
87.681823,8.45,-0.87,3.34,1.18,0.02,0.08,-35.06,22.38,-34.56,3.76,-3.95,8.19,0.43,-0.85,0.71,-5.68,-5.54,4.62,-0.51,-0.92,0.62,0.01,-5.35,7.75,-0.11,-1.12,0.72,-3.13,-4.34,7.64,-0.34,-0.97,0.74,0.71,9.48,-0.72,-0.15,1.16,0.45
87.681843,8.67,-0.87,3.46,1.30,-0.04,-0.01,-35.06,22.38,-34.56,3.78,-4.06,8.14,0.41,-0.92,0.73,-5.84,-5.56,4.67,-0.50,-1.00,0.62,-0.05,-5.55,7.57,-0.15,-1.19,0.71,-3.14,-4.44,7.67,-0.37,-1.03,0.72,0.71,9.60,-0.82,-0.19,1.20,0.50
87.681857,8.71,-0.79,3.84,1.39,-0.02,-0.05,-35.06,22.38,-34.56,3.68,-3.99,8.31,0.43,-0.99,0.71,-5.84,-5.57,4.46,-0.47,-1.04,0.64,-0.15,-5.56,7.66,-0.14,-1.27,0.69,-3.15,-4.60,7.51,-0.36,-1.10,0.71,0.53,9.54,-0.90,-0.19,1.21,0.56
87.68187,8.75,-0.87,4.00,1.39,-0.02,-0.05,-35.06,22.38,-34.56,3.62,-3.95,8.59,0.45,-1.03,0.66,-5.97,-5.77,4.40,-0.41,-1.04,0.67,-0.15,-5.57,7.91,-0.11,-1.31,0.65,-3.32,-4.62,7.66,-0.31,-1.14,0.69,0.43,9.77,-0.94,-0.17,1.18,0.60
87.681882,8.90,-1.29,3.65,1.34,0.10,-0.15,-34.75,21.38,-34.38,3.70,-4.27,8.56,0.46,-1.12,0.65,-6.39,-5.88,4.80,-0.36,-1.11,0.69,-0.26,-5.72,8.05,-0.13,-1.37,0.62,-3.57,-4.60,8.05,-0.31,-1.22,0.68,0.62,10.18,-0.95,-0.21,1.21,0.67
87.683768,9.21,-1.32,3.65,1.50,0.06,-0.23,-34.75,21.38,-34.38,3.72,-4.45,8.53,0.50,-1.24,0.67,-6.30,-5.91,4.68,-0.33,-1.21,0.74,-0.28,-6.00,7.88,-0.12,-1.46,0.61,-3.52,-4.94,7.81,-0.31,-1.31,0.68,0.46,10.09,-0.90,-0.22,1.27,0.76
87.683784,9.52,-1.17,4.03,1.50,0.06,-0.23,-35.62,17.56,-33.31,3.71,-4.31,8.94,0.57,-1.29,0.60,-6.17,-6.14,4.34,-0.27,-1.24,0.82,-0.30,-6.06,8.01,-0.05,-1.51,0.56,-3.53,-5.11,7.70,-0.22,-1.35,0.67,0.11,10.06,-0.88,-0.16,1.27,0.85
87.683796,9.25,-1.10,4.07,1.50,0.06,-0.23,-35.31,17.75,-32.31,3.73,-4.36,8.90,0.61,-1.29,0.53,-6.39,-6.18,4.56,-0.19,-1.23,0.88,-0.38,-5.95,8.21,0.01,-1.53,0.49,-3.68,-4.95,8.00,-0.13,-1.39,0.64,0.30,10.29,-0.93,-0.12,1.23,0.93
87.683805,9.29,-1.32,3.84,1.46,0.31,-0.36,-35.31,17.75,-32.31,3.93,-4.61,8.49,0.69,-1.37,0.51,-6.37,-5.89,4.84,-0.14,-1.28,0.95,-0.15,-6.22,7.82,0.06,-1.62,0.46,-3.37,-5.11,7.92,-0.09,-1.47,0.64,0.64,10.22,-0.89,-0.09,1.26,1.02
87.683828,9.52,-1.06,4.07,1.63,0.38,-0.41,-35.31,17.75,-32.31,4.28,-4.45,8.59,0.82,-1.43,0.48,-6.12,-5.73,4.73,-0.12,-1.26,1.05,0.33,-6.33,7.78,0.16,-1.71,0.45,-2.86,-5.24,7.87,0.00,-1.54,0.69,0.68,9.98,-0.83,0.00,1.28,1.09
87.683851,9.59,-0.60,4.42,1.63,0.38,-0.41,-35.69,15.94,-30.56,4.51,-3.91,9.16,0.90,-1.38,0.41,-6.11,-5.82,4.55,-0.08,-1.16,1.13,0.66,-5.97,8.29,0.28,-1.67,0.41,-2.69,-5.00,8.13,0.13,-1.50,0.70,0.56,9.98,-0.95,0.12,1.22,1.11
87.683862,9.02,-0.29,4.72,1.63,0.38,-0.41,-34.19,12.69,-32.19,4.68,-3.60,9.48,0.91,-1.27,0.31,-6.47,-5.86,4.85,-0.01,-1.03,1.13,0.80,-5.67,8.80,0.34,-1.56,0.33,-2.81,-4.58,8.71,0.22,-1.39,0.66,0.82,10.38,-1.10,0.19,1.10,1.08
87.685978,9.02,-0.41,4.57,1.63,0.38,-0.41,-34.19,12.69,-32.19,4.80,-3.76,9.17,0.88,-1.22,0.27,-6.67,-5.67,5.47,0.03,-1.01,1.11,0.85,-5.75,8.71,0.34,-1.52,0.29,-2.79,-4.59,8.86,0.24,-1.37,0.62,1.36,10.57,-1.00,0.18,1.06,1.09
87.686003,9.25,-0.25,4.38,1.28,0.60,-0.38,-34.19,12.69,-32.19,5.09,-4.17,8.61,0.91,-1.26,0.26,-6.46,-5.41,5.79,0.05,-1.07,1.15,1.22,-6.24,8.13,0.36,-1.55,0.27,-2.27,-5.03,8.54,0.27,-1.43,0.63,1.64,10.38,-0.77,0.19,1.10,1.15
87.686012,9.48,-0.21,4.30,1.28,0.60,-0.38,-33.69,10.44,-28.56,5.37,-4.08,8.84,0.99,-1.26,0.23,-6.03,-5.53,5.53,0.07,-1.03,1.20,1.49,-6.37,8.20,0.45,-1.57,0.26,-1.86,-5.22,8.61,0.37,-1.45,0.68,1.43,10.18,-0.55,0.27,1.09,1.16
87.686021,9.75,0.59,4.61,1.21,0.87,-0.30,-33.69,10.12,-29.25,5.70,-3.96,9.38,1.02,-1.14,0.15,-6.07,-5.81,5.54,0.09,-0.84,1.21,1.77,-6.31,8.75,0.53,-1.45,0.22,-1.89,-5.12,9.07,0.44,-1.32,0.65,1.36,10.48,-0.53,0.37,0.97,1.09
87.686029,9.66,0.55,4.64,1.02,0.84,-0.26,-32.50,9.56,-28.75,5.82,-4.05,9.71,0.99,-1.03,0.09,-6.60,-6.02,6.15,0.10,-0.71,1.16,1.72,-6.37,9.23,0.55,-1.33,0.18,-2.21,-5.07,9.70,0.46,-1.20,0.61,1.68,11.15,-0.53,0.39,0.87,1.01
87.686038,10.32,0.25,4.57,1.02,0.84,-0.26,-32.50,9.56,-28.75,6.13,-4.53,9.63,0.96,-0.99,0.10,-6.96,-6.00,6.80,0.09,-0.71,1.13,1.86,-6.84,9.33,0.52,-1.28,0.18,-2.10,-5.35,10.10,0.43,-1.17,0.59,2.13,11.61,-0.43,0.37,0.87,0.99
87.706579,11.24,0.55,4.91,1.21,0.74,-0.23,-32.50,9.56,-28.75,6.62,-4.83,9.88,0.98,-0.99,0.14,-6.95,-6.12,7.06,0.03,-0.75,1.15,2.23,-7.37,9.50,0.53,-1.28,0.22,-1.79,-5.80,10.34,0.42,-1.17,0.64,2.19,11.82,-0.25,0.38,0.94,0.98
87.728697,11.27,0.82,5.22,1.18,0.77,-0.14,-32.50,9.56,-28.75,7.07,-4.53,10.74,0.97,-0.88,0.14,-6.93,-6.45,6.89,-0.01,-0.64,1.12,2.66,-7.39,10.19,0.55,-1.16,0.24,-1.63,-5.80,10.96,0.42,-1.03,0.64,2.02,12.04,-0.23,0.43,0.88,0.87
87.750743,11.25,1.09,5.61,0.88,0.75,-0.03,-32.50,9.56,-28.75,7.63,-4.19,11.43,0.90,-0.67,0.11,-7.24,-6.46,7.10,-0.05,-0.41,0.99,3.22,-7.23,10.96,0.54,-0.91,0.22,-1.43,-5.52,11.70,0.41,-0.79,0.59,2.31,12.39,-0.44,0.47,0.71,0.64
87.773506,10.89,1.47,6.25,0.88,0.75,-0.03,-31.56,5.25,-29.44,8.20,-3.87,11.63,0.75,-0.40,0.12,-7.87,-5.92,7.82,-0.14,-0.20,0.81,3.80,-6.94,11.44,0.49,-0.62,0.25,-1.12,-5.04,12.41,0.34,-0.51,0.54,3.18,12.76,-0.85,0.44,0.57,0.38
88.194441,10.59,1.43,6.52,0.39,0.45,0.25,-31.56,5.25,-29.44,8.37,-3.56,11.50,0.61,-0.21,0.19,-8.18,-5.38,8.20,-0.26,-0.12,0.63,4.04,-6.58,11.62,0.39,-0.40,0.33,-1.00,-4.63,12.69,0.23,-0.32,0.54,3.67,12.76,-1.15,0.36,0.53,0.18
88.19447,10.32,1.55,6.64,0.36,0.26,0.34,-31.56,5.25,-29.44,8.27,-3.33,11.33,0.47,-0.07,0.27,-8.14,-5.21,8.09,-0.37,-0.07,0.47,4.00,-6.35,11.51,0.29,-0.23,0.39,-1.05,-4.40,12.61,0.10,-0.15,0.53,3.68,12.57,-1.25,0.28,0.50,0.01
88.194483,10.05,1.43,6.21,0.36,0.26,0.34,-32.75,8.12,-30.25,7.92,-3.24,11.03,0.32,0.05,0.34,-7.95,-5.17,7.88,-0.45,-0.02,0.29,3.69,-6.21,11.18,0.16,-0.07,0.46,-1.17,-4.36,12.20,-0.03,-0.00,0.51,3.52,12.31,-1.23,0.18,0.46,-0.16
88.194495,10.02,1.20,5.99,0.36,0.26,0.34,-32.75,8.12,-30.25,7.56,-3.42,10.66,0.22,0.12,0.40,-7.72,-5.12,7.69,-0.52,0.02,0.17,3.43,-6.26,10.73,0.08,0.03,0.51,-1.28,-4.49,11.69,-0.13,0.09,0.49,3.33,12.01,-1.12,0.11,0.43,-0.28
88.194507,10.02,0.86,5.68,0.18,-0.12,0.50,-32.75,8.12,-30.25,7.13,-3.53,10.45,0.15,0.18,0.44,-7.44,-5.22,7.36,-0.57,0.05,0.08,2.95,-6.23,10.39,0.02,0.11,0.54,-1.54,-4.58,11.24,-0.20,0.15,0.48,2.99,11.75,-1.01,0.06,0.41,-0.36
88.194518,10.02,0.78,5.57,0.17,-0.16,0.53,-32.75,8.12,-30.25,6.90,-3.70,10.21,0.07,0.23,0.48,-7.35,-5.25,7.26,-0.62,0.05,0.01,2.74,-6.25,10.17,-0.05,0.18,0.56,-1.65,-4.57,11.00,-0.27,0.22,0.47,2.89,11.65,-0.96,0.01,0.41,-0.42
88.19453,9.78,0.59,5.07,0.17,-0.32,0.57,-33.06,8.50,-28.25,6.61,-3.97,9.77,0.01,0.24,0.55,-7.15,-5.25,7.25,-0.68,-0.00,-0.04,2.42,-6.42,9.68,-0.12,0.20,0.62,-1.73,-4.83,10.53,-0.36,0.23,0.48,2.81,11.47,-0.76,-0.06,0.46,-0.46
88.194543,10.13,0.63,4.95,0.17,-0.32,0.57,-33.06,8.50,-28.25,6.47,-4.13,9.55,-0.00,0.22,0.59,-6.92,-5.33,7.08,-0.72,-0.05,-0.03,2.30,-6.59,9.39,-0.15,0.19,0.65,-1.70,-5.04,10.22,-0.39,0.22,0.50,2.65,11.31,-0.63,-0.08,0.52,-0.47
88.194554,10.05,0.82,5.07,0.28,-0.29,0.58,-33.06,8.50,-28.25,6.50,-4.00,9.74,-0.02,0.22,0.60,-6.88,-5.51,6.98,-0.74,-0.04,-0.05,2.33,-6.44,9.64,-0.17,0.19,0.66,-1.76,-4.89,10.43,-0.41,0.22,0.50,2.53,11.37,-0.62,-0.09,0.51,-0.50
88.194568,9.71,0.70,4.76,0.23,-0.36,0.59,-33.06,8.50,-28.25,6.58,-4.12,9.59,-0.10,0.22,0.65,-6.94,-5.36,7.21,-0.78,-0.06,-0.14,2.43,-6.41,9.56,-0.26,0.21,0.70,-1.65,-4.77,10.51,-0.50,0.22,0.50,2.78,11.38,-0.59,-0.17,0.52,-0.57
88.194581,9.79,0.48,4.49,0.28,-0.49,0.60,-33.06,8.50,-28.25,6.55,-4.37,9.23,-0.12,0.19,0.76,-6.73,-5.26,7.19,-0.86,-0.13,-0.18,2.45,-6.62,9.14,-0.32,0.19,0.78,-1.42,-4.98,10.17,-0.59,0.20,0.55,2.74,11.14,-0.45,-0.24,0.61,-0.60
88.194592,9.94,0.63,4.45,0.42,-0.55,0.66,-33.06,8.50,-28.25,6.25,-4.39,9.12,-0.12,0.16,0.83,-6.33,-5.38,6.90,-0.91,-0.18,-0.17,2.15,-6.69,8.90,-0.34,0.17,0.85,-1.53,-5.24,9.67,-0.64,0.20,0.60,2.43,10.85,-0.23,-0.25,0.67,-0.60
88.194603,9.82,0.67,4.30,0.45,-0.52,0.69,-33.06,8.50,-28.25,6.12,-4.41,9.04,-0.12,0.19,0.84,-6.08,-5.50,6.62,-0.94,-0.17,-0.15,2.04,-6.66,8.72,-0.34,0.19,0.86,-1.56,-5.24,9.45,-0.64,0.22,0.63,2.21,10.65,-0.14,-0.23,0.68,-0.62
88.194614,9.63,0.48,4.03,0.39,-0.49,0.72,-33.06,8.50,-28.25,6.00,-4.52,8.83,-0.12,0.19,0.88,-6.04,-5.44,6.60,-0.97,-0.17,-0.14,1.94,-6.65,8.52,-0.34,0.19,0.90,-1.59,-5.21,9.29,-0.65,0.24,0.66,2.21,10.58,-0.12,-0.23,0.71,-0.64
88.196793,9.56,0.28,3.84,0.39,-0.51,0.75,-33.06,8.50,-28.25,5.82,-4.70,8.59,-0.10,0.16,0.94,-5.99,-5.48,6.50,-1.02,-0.20,-0.13,1.74,-6.68,8.32,-0.35,0.17,0.96,-1.76,-5.19,9.12,-0.69,0.23,0.71,2.08,10.52,-0.12,-0.23,0.77,-0.65
88.196813,9.56,0.28,3.84,0.52,-0.53,0.78,-35.44,11.38,-24.75,5.46,-4.64,8.56,-0.09,0.11,1.01,-5.94,-5.58,6.25,-1.06,-0.26,-0.10,1.37,-6.51,8.29,-0.36,0.13,1.01,-2.03,-5.15,8.91,-0.72,0.18,0.75,1.78,10.42,-0.17,-0.24,0.85,-0.63
88.196827,9.48,0.21,3.92,0.52,-0.53,0.78,-36.31,13.50,-24.06,5.35,-4.35,8.81,-0.08,0.09,1.02,-5.79,-5.69,5.87,-1.07,-0.27,-0.10,1.33,-6.34,8.33,-0.36,0.11,1.03,-2.03,-5.06,8.76,-0.74,0.18,0.76,1.52,10.22,-0.19,-0.25,0.85,-0.64
88.196839,9.29,0.40,3.96,0.47,-0.55,0.81,-36.31,13.50,-24.06,5.42,-4.28,8.73,-0.10,0.13,1.01,-5.63,-5.54,5.78,-1.08,-0.24,-0.11,1.50,-6.31,8.20,-0.37,0.14,1.02,-1.78,-5.05,8.63,-0.74,0.22,0.76,1.57,10.02,-0.19,-0.24,0.83,-0.67
88.196852,9.21,0.48,3.92,0.47,-0.55,0.81,-35.44,15.00,-24.69,5.52,-4.38,8.47,-0.09,0.18,1.02,-5.55,-5.36,5.91,-1.10,-0.21,-0.11,1.57,-6.31,8.05,-0.36,0.18,1.04,-1.66,-5.02,8.61,-0.74,0.25,0.77,1.77,9.94,-0.14,-0.21,0.83,-0.70
88.206346,9.18,0.28,3.61,0.43,-0.54,0.86,-36.69,14.75,-21.75,5.43,-4.46,8.21,-0.08,0.20,1.07,-5.59,-5.31,5.99,-1.15,-0.22,-0.09,1.49,-6.27,7.90,-0.36,0.18,1.10,-1.76,-4.94,8.52,-0.77,0.25,0.82,1.81,9.94,-0.15,-0.21,0.89,-0.73
88.225863,9.05,0.13,3.46,0.43,-0.54,0.86,-38.12,16.38,-21.00,5.17,-4.50,8.04,-0.06,0.18,1.12,-5.50,-5.30,5.90,-1.19,-0.26,-0.07,1.28,-6.21,7.73,-0.37,0.17,1.14,-1.90,-4.93,8.25,-0.79,0.22,0.87,1.69,9.80,-0.11,-0.22,0.95,-0.73
88.24555,8.90,-0.02,3.23,0.43,-0.54,0.86,-37.88,17.38,-21.50,4.90,-4.53,7.97,-0.05,0.14,1.17,-5.18,-5.50,5.51,-1.22,-0.31,-0.05,1.03,-6.23,7.50,-0.38,0.11,1.18,-2.01,-5.01,7.93,-0.82,0.19,0.90,1.27,9.56,0.05,-0.23,1.00,-0.70
88.265914,8.94,-0.06,3.04,0.43,-0.54,0.86,-37.88,17.38,-21.50,4.63,-4.47,8.06,-0.06,0.15,1.19,-4.98,-5.70,5.20,-1.23,-0.32,-0.05,0.74,-6.11,7.45,-0.39,0.12,1.20,-2.23,-4.97,7.73,-0.85,0.22,0.89,0.92,9.40,0.12,-0.24,1.01,-0.71
88.290666,8.63,-0.60,2.65,0.59,-0.61,0.95,-37.88,17.38,-21.50,4.15,-4.66,7.72,-0.09,0.16,1.19,-4.88,-5.81,4.93,-1.24,-0.34,-0.07,0.28,-6.09,7.07,-0.42,0.12,1.20,-2.48,-5.06,7.21,-0.88,0.22,0.88,0.67,9.24,0.13,-0.26,1.02,-0.71
88.704205,8.71,-0.75,2.54,0.63,-0.63,0.91,-37.88,17.38,-21.50,3.92,-4.84,7.51,-0.07,0.14,1.19,-4.55,-5.89,4.57,-1.24,-0.34,-0.06,0.10,-6.22,6.69,-0.42,0.08,1.21,-2.47,-5.26,6.74,-0.87,0.19,0.89,0.32,8.93,0.27,-0.25,1.03,-0.71
88.704241,8.71,-0.75,2.43,0.65,-0.59,0.92,-37.88,17.38,-21.50,3.64,-4.93,7.31,-0.04,0.15,1.19,-4.32,-5.92,4.34,-1.24,-0.32,-0.03,-0.15,-6.20,6.46,-0.39,0.08,1.21,-2.60,-5.28,6.47,-0.84,0.19,0.91,0.13,8.72,0.33,-0.21,1.02,-0.71
88.704254,8.56,-0.91,2.20,0.63,-0.53,0.93,-37.88,17.38,-21.50,3.29,-4.89,7.12,0.00,0.14,1.18,-4.29,-5.94,4.17,-1.23,-0.32,0.01,-0.45,-6.07,6.25,-0.36,0.05,1.21,-2.87,-5.16,6.21,-0.84,0.18,0.92,-0.04,8.60,0.26,-0.18,1.04,-0.67
88.704267,8.10,-1.13,2.23,0.63,-0.53,0.93,-38.75,25.00,-17.06,2.85,-4.61,7.13,0.04,0.09,1.16,-4.25,-5.91,3.75,-1.20,-0.33,0.06,-0.80,-5.70,6.17,-0.32,-0.01,1.18,-3.09,-4.93,5.88,-0.79,0.12,0.91,-0.33,8.36,0.03,-0.16,1.04,-0.62
88.70428,7.75,-1.21,2.31,0.63,-0.53,0.93,-38.75,25.00,-17.06,2.63,-4.44,7.08,0.05,0.06,1.12,-4.30,-5.82,3.61,-1.16,-0.35,0.07,-0.95,-5.47,6.17,-0.31,-0.05,1.15,-3.23,-4.74,5.76,-0.76,0.08,0.88,-0.37,8.27,-0.09,-0.17,1.03,-0.57
88.704292,7.61,-1.36,2.23,0.68,-0.44,0.79,-38.75,25.00,-17.06,2.38,-4.50,6.81,0.06,-0.01,1.10,-4.33,-5.71,3.54,-1.12,-0.41,0.10,-1.12,-5.44,5.91,-0.31,-0.12,1.12,-3.29,-4.70,5.56,-0.73,-0.01,0.88,-0.37,8.16,-0.19,-0.17,1.05,-0.50
88.704305,7.68,-1.52,2.12,0.76,-0.44,0.73,-38.44,25.81,-16.50,2.20,-4.41,6.68,0.11,-0.10,1.07,-4.25,-5.57,3.34,-1.08,-0.46,0.16,-1.23,-5.32,5.76,-0.29,-0.22,1.08,-3.35,-4.60,5.40,-0.69,-0.11,0.88,-0.45,7.96,-0.28,-0.17,1.08,-0.43
88.704319,7.26,-1.48,2.43,0.90,-0.32,0.62,-38.75,27.19,-14.94,2.32,-4.07,7.13,0.13,-0.18,1.02,-4.32,-5.62,3.07,-1.03,-0.50,0.20,-1.00,-5.01,6.20,-0.28,-0.30,1.04,-3.30,-4.27,5.70,-0.67,-0.18,0.86,-0.63,7.95,-0.47,-0.16,1.08,-0.37
88.70433,7.22,-1.40,2.54,0.79,-0.38,0.61,-38.75,27.19,-14.94,2.35,-3.78,7.55,0.09,-0.18,1.00,-4.49,-5.73,2.96,-1.00,-0.49,0.16,-1.04,-4.73,6.61,-0.31,-0.27,1.00,-3.45,-4.03,5.88,-0.68,-0.16,0.81,-0.73,8.10,-0.65,-0.20,1.03,-0.38
88.704342,7.14,-1.63,2.58,0.79,-0.38,0.61,-38.75,27.19,-14.94,2.09,-3.85,7.28,0.02,-0.20,0.98,-4.70,-5.54,3.14,-0.95,-0.52,0.10,-1.31,-4.66,6.38,-0.36,-0.27,0.97,-3.68,-3.97,5.72,-0.70,-0.18,0.75,-0.54,8.14,-0.76,-0.27,0.99,-0.35
88.704353,7.37,-2.05,2.04,0.82,-0.50,0.46,-38.75,29.44,-15.00,1.83,-4.33,6.60,0.01,-0.35,0.99,-4.68,-5.47,3.29,-0.91,-0.68,0.12,-1.63,-4.96,5.85,-0.42,-0.43,0.95,-3.84,-4.23,5.43,-0.73,-0.34,0.74,-0.48,8.09,-0.62,-0.35,1.07,-0.21
88.704364,7.56,-1.94,1.89,1.08,-0.47,0.35,-38.75,29.44,-15.00,1.82,-4.44,6.50,0.06,-0.50,0.99,-4.34,-5.53,3.02,-0.88,-0.80,0.18,-1.59,-5.10,5.62,-0.42,-0.59,0.94,-3.68,-4.41,5.15,-0.73,-0.50,0.74,-0.71,7.80,-0.48,-0.37,1.15,-0.09
88.704375,7.41,-1.71,2.00,1.19,-0.39,0.28,-38.75,29.44,-15.00,1.79,-4.19,6.93,0.10,-0.58,0.96,-4.09,-5.73,2.60,-0.83,-0.83,0.24,-1.53,-5.05,5.75,-0.39,-0.67,0.90,-3.61,-4.47,5.03,-0.69,-0.56,0.73,-1.10,7.67,-0.44,-0.36,1.15,-0.01
88.704385,7.37,-1.59,2.16,1.19,-0.39,0.28,-38.50,28.88,-12.75,1.64,-4.13,7.07,0.10,-0.60,0.90,-4.25,-5.85,2.61,-0.76,-0.83,0.25,-1.75,-4.93,5.94,-0.37,-0.68,0.83,-3.88,-4.38,5.12,-0.64,-0.58,0.68,-1.13,7.83,-0.51,-0.35,1.10,0.04
88.706536,7.37,-2.17,2.12,1.19,-0.39,0.28,-38.50,29.31,-12.50,1.55,-4.27,6.96,0.11,-0.67,0.85,-4.48,-5.82,2.74,-0.69,-0.88,0.28,-1.86,-4.97,5.91,-0.37,-0.74,0.77,-4.04,-4.35,5.18,-0.61,-0.66,0.64,-1.07,7.98,-0.63,-0.37,1.10,0.14
88.706556,7.41,-2.17,2.16,1.11,-0.30,0.10,-38.50,29.31,-12.50,1.36,-4.39,6.73,0.12,-0.78,0.82,-4.56,-5.80,2.86,-0.61,-0.99,0.33,-2.15,-4.99,5.77,-0.38,-0.85,0.72,-4.24,-4.40,5.09,-0.59,-0.78,0.61,-0.99,8.02,-0.58,-0.40,1.13,0.27
88.70657,7.45,-2.13,2.00,1.23,-0.28,-0.02,-38.50,29.31,-12.50,1.51,-4.65,6.60,0.17,-0.92,0.79,-4.48,-5.93,2.92,-0.53,-1.13,0.41,-1.98,-5.32,5.60,-0.37,-1.01,0.68,-4.02,-4.68,5.05,-0.57,-0.94,0.59,-1.03,8.07,-0.41,-0.42,1.19,0.42
88.706582,8.02,-1.63,1.81,1.23,-0.28,-0.02,-38.50,31.25,-11.06,1.81,-4.74,6.88,0.22,-1.04,0.73,-4.11,-6.21,2.83,-0.45,-1.18,0.47,-1.71,-5.61,5.72,-0.34,-1.12,0.62,-3.76,-5.04,5.07,-0.52,-1.04,0.57,-1.23,8.02,-0.04,-0.39,1.19,0.52
88.706594,8.21,-1.36,1.89,1.23,-0.28,-0.02,-38.50,31.25,-11.06,2.05,-4.82,7.05,0.26,-1.04,0.65,-3.93,-6.35,2.77,-0.38,-1.13,0.50,-1.53,-5.84,5.71,-0.28,-1.13,0.55,-3.58,-5.28,5.05,-0.45,-1.05,0.53,-1.29,8.02,0.08,-0.34,1.12,0.56
88.719374,8.37,-1.36,2.16,1.25,-0.04,-0.19,-38.50,31.25,-11.06,2.25,-4.86,7.19,0.32,-1.01,0.54,-4.13,-6.34,3.17,-0.29,-1.03,0.55,-1.41,-5.93,5.91,-0.19,-1.11,0.46,-3.52,-5.34,5.35,-0.33,-1.04,0.48,-0.96,8.33,0.13,-0.27,1.03,0.62
88.744074,8.45,-1.44,2.08,1.18,0.11,-0.24,-38.50,32.44,-10.19,2.78,-5.22,7.04,0.39,-1.03,0.48,-4.32,-6.11,3.74,-0.24,-1.02,0.62,-0.93,-6.33,5.91,-0.12,-1.15,0.41,-3.12,-5.55,5.72,-0.24,-1.08,0.48,-0.45,8.54,0.19,-0.21,1.04,0.69
88.767046,8.90,-0.94,2.84,1.18,0.11,-0.24,-37.94,30.75,-11.00,3.26,-4.97,7.61,0.49,-1.01,0.43,-4.33,-6.19,3.63,-0.22,-0.96,0.70,-0.44,-6.38,6.41,-0.00,-1.15,0.39,-2.77,-5.56,6.14,-0.14,-1.06,0.51,-0.50,8.65,0.11,-0.10,1.02,0.69
88.789035,8.83,-0.71,3.15,1.12,0.32,-0.14,-37.94,30.75,-11.00,3.50,-4.60,8.32,0.52,-0.90,0.36,-4.79,-6.34,3.85,-0.19,-0.82,0.71,-0.29,-6.10,7.29,0.07,-1.04,0.35,-3.00,-5.26,6.87,-0.06,-0.96,0.49,-0.35,9.18,-0.16,-0.02,0.91,0.63
89.214867,8.83,-1.21,3.23,1.12,0.32,-0.14,-39.06,31.19,-12.81,3.64,-4.53,8.53,0.49,-0.81,0.33,-5.42,-6.22,4.37,-0.18,-0.74,0.66,-0.23,-6.00,7.62,0.08,-0.96,0.34,-3.21,-4.99,7.42,-0.04,-0.88,0.47,0.05,9.66,-0.41,-0.01,0.84,0.59
89.214919,8.75,-1.17,3.27,0.92,0.22,-0.13,-39.06,31.19,-12.81,3.48,-4.48,8.34,0.47,-0.82,0.33,-5.62,-6.05,4.53,-0.17,-0.76,0.63,-0.46,-5.84,7.61,0.06,-0.97,0.33,-3.45,-4.87,7.38,-0.06,-0.89,0.44,0.19,9.68,-0.55,-0.05,0.84,0.61
89.214933,8.64,-1.13,3.34,1.01,0.18,-0.19,-39.06,31.19,-12.81,3.39,-4.36,8.26,0.47,-0.86,0.31,-5.60,-5.95,4.48,-0.14,-0.81,0.63,-0.51,-5.81,7.44,0.06,-1.03,0.31,-3.42,-4.89,7.23,-0.05,-0.94,0.42,0.22,9.59,-0.58,-0.07,0.84,0.67
89.214946,8.68,-0.87,3.07,1.06,0.22,-0.31,-38.50,32.25,-13.31,3.54,-4.43,8.16,0.47,-0.93,0.29,-5.50,-5.96,4.56,-0.09,-0.86,0.65,-0.38,-5.90,7.40,0.06,-1.08,0.26,-3.24,-4.96,7.24,-0.03,-1.00,0.39,0.30,9.56,-0.47,-0.09,0.85,0.73
89.214959,8.75,-0.75,3.11,1.06,0.22,-0.31,-38.50,32.25,-13.31,3.69,-4.46,8.04,0.49,-0.95,0.27,-5.32,-5.91,4.52,-0.05,-0.88,0.66,-0.15,-5.95,7.29,0.06,-1.12,0.24,-2.98,-5.02,7.18,-0.01,-1.03,0.38,0.32,9.40,-0.38,-0.09,0.84,0.76
89.214971,8.71,-0.56,3.27,1.09,0.25,-0.33,-38.50,32.25,-13.31,3.77,-4.30,8.05,0.51,-0.96,0.22,-5.13,-5.82,4.46,-0.01,-0.85,0.67,0.00,-5.88,7.25,0.10,-1.12,0.21,-2.77,-4.98,7.17,0.03,-1.03,0.36,0.35,9.24,-0.35,-0.05,0.80,0.77
89.214981,8.56,-0.37,3.27,1.03,0.31,-0.34,-38.50,30.06,-11.88,4.00,-4.24,8.04,0.52,-0.91,0.16,-5.11,-5.66,4.70,0.03,-0.78,0.67,0.28,-5.89,7.28,0.13,-1.09,0.17,-2.54,-4.96,7.26,0.08,-1.01,0.33,0.63,9.25,-0.29,-0.02,0.74,0.77
89.214993,8.60,-0.29,3.27,1.03,0.31,-0.34,-39.06,31.25,-13.19,4.18,-4.15,8.00,0.54,-0.88,0.12,-5.01,-5.52,4.72,0.06,-0.75,0.68,0.51,-5.85,7.27,0.16,-1.07,0.13,-2.34,-4.94,7.27,0.12,-0.98,0.30,0.69,9.10,-0.28,0.02,0.70,0.78
89.215005,8.56,-0.06,3.50,1.03,0.31,-0.34,-38.81,30.69,-12.75,4.28,-3.72,8.26,0.55,-0.80,0.05,-4.91,-5.40,4.48,0.10,-0.65,0.67,0.78,-5.58,7.37,0.22,-1.00,0.08,-2.08,-4.72,7.30,0.19,-0.90,0.26,0.68,8.91,-0.42,0.08,0.60,0.76
89.215018,7.87,0.21,3.84,0.58,0.46,-0.29,-38.81,30.69,-12.75,4.25,-3.56,7.97,0.52,-0.65,-0.04,0.00,0.00,0.00,0.00,0.00,0.00,0.78,-5.19,7.47,0.26,-0.90,0.03,-2.24,-4.30,7.50,0.25,-0.79,0.20,1.04,9.05,-0.58,0.10,0.45,0.70
89.21503,7.68,0.02,3.38,0.53,0.41,-0.35,-38.81,30.69,-12.75,4.22,-3.74,7.47,0.51,-0.67,-0.07,0.00,0.00,0.00,0.00,0.00,0.00,0.74,-5.29,7.15,0.23,-0.91,-0.02,-2.07,-4.37,7.41,0.26,-0.83,0.16,1.46,9.02,-0.49,0.08,0.43,0.73
89.215046,8.02,-0.02,3.30,0.53,0.41,-0.35,-38.19,29.88,-12.94,4.43,-3.79,7.39,0.54,-0.74,-0.08,0.00,0.00,0.00,0.00,0.00,0.00,1.02,-5.52,6.90,0.25,-0.96,-0.04,-1.74,-4.59,7.28,0.28,-0.88,0.16,1.48,8.77,-0.31,0.09,0.44,0.77
89.215059,8.29,0.28,3.42,0.53,0.41,-0.35,-39.38,30.94,-15.62,4.74,-3.30,8.12,0.57,-0.66,-0.17,0.00,0.00,0.00,0.00,0.00,0.00,1.49,-5.43,7.26,0.32,-0.89,-0.10,-1.36,-4.58,7.33,0.37,-0.79,0.12,1.05,8.51,-0.42,0.19,0.34,0.73
89.215071,8.14,0.78,4.53,0.53,0.41,-0.35,-39.38,30.94,-15.62,4.83,-2.80,8.86,0.54,-0.42,-0.31,0.00,0.00,0.00,0.00,0.00,0.00,1.64,-5.05,7.90,0.41,-0.64,-0.18,-1.40,-4.21,7.69,0.49,-0.54,0.04,0.84,8.62,-0.75,0.30,0.10,0.58
89.217101,8.07,-0.45,4.38,-0.11,0.64,-0.24,-39.38,30.94,-15.62,4.52,-2.98,8.88,0.47,-0.17,-0.42,0.00,0.00,0.00,0.00,0.00,0.00,1.16,-4.97,8.13,0.46,-0.39,-0.26,-2.04,-3.96,8.02,0.56,-0.30,-0.02,1.00,9.13,-1.13,0.35,-0.13,0.43
89.21712,8.48,-0.91,4.42,-0.28,0.61,-0.23,-39.38,30.94,-15.62,4.08,-3.37,8.72,0.45,-0.17,-0.47,0.00,0.00,0.00,0.00,0.00,0.00,0.45,-5.11,8.22,0.47,-0.33,-0.30,-2.86,-4.12,8.16,0.60,-0.25,-0.06,1.13,9.68,-1.30,0.37,-0.20,0.41
89.21713,9.09,-0.98,4.76,-0.14,0.63,-0.32,-39.38,30.94,-15.62,3.98,-3.38,9.21,0.46,-0.23,-0.54,0.00,0.00,0.00,0.00,0.00,0.00,0.29,-5.26,8.66,0.48,-0.36,-0.37,-3.24,-4.22,8.53,0.63,-0.28,-0.10,0.97,10.13,-1.49,0.40,-0.22,0.47
89.217138,9.40,-0.83,5.26,-0.04,0.73,-0.40,-39.31,29.44,-18.88,4.20,-3.10,10.12,0.43,-0.24,-0.65,0.00,0.00,0.00,0.00,0.00,0.00,0.30,-5.04,9.61,0.48,-0.38,-0.48,-3.62,-3.95,9.25,0.69,-0.29,-0.20,1.00,10.83,-1.91,0.40,-0.31,0.53
89.217147,9.14,-1.02,5.61,-0.04,0.73,-0.40,-40.19,29.62,-19.62,4.36,-3.36,10.19,0.39,-0.30,-0.66,0.00,0.00,0.00,0.00,0.00,0.00,0.33,-5.15,9.93,0.43,-0.41,-0.52,-3.93,-3.85,9.78,0.66,-0.33,-0.25,1.22,11.42,-2.06,0.33,-0.33,0.58
89.234001,9.48,-1.32,5.49,-0.04,0.73,-0.40,-39.88,28.56,-20.56,4.16,-3.73,9.66,0.36,-0.47,-0.65,0.00,0.00,0.00,0.00,0.00,0.00,-0.14,-5.32,9.75,0.33,-0.59,-0.56,-4.30,-4.16,9.73,0.59,-0.56,-0.32,1.62,11.73,-1.79,0.18,-0.24,0.78
89.24945,9.94,-0.75,5.03,-0.04,0.73,-0.40,-39.88,28.56,-20.56,4.47,-4.18,9.11,0.40,-0.73,-0.64,0.00,0.00,0.00,0.00,0.00,0.00,0.23,-5.84,9.18,0.26,-0.84,-0.60,-3.71,-4.60,9.52,0.55,-0.81,-0.35,1.96,11.53,-1.46,0.10,-0.10,1.00
89.270692,10.25,0.40,5.45,0.60,0.63,-1.01,-38.75,24.88,-20.25,5.59,-4.08,9.55,0.49,-0.93,-0.65,0.00,0.00,0.00,0.00,0.00,0.00,1.50,-6.29,9.26,0.27,-1.03,-0.63,-2.49,-4.99,9.67,0.56,-1.00,-0.34,2.08,11.25,-1.09,0.09,0.03,1.16
89.292391,10.24,1.12,5.72,0.61,0.72,-0.92,-38.75,24.88,-20.25,6.72,-3.65,10.59,0.48,-0.85,-0.68,0.00,0.00,0.00,0.00,0.00,0.00,2.73,-6.38,10.00,0.30,-0.93,-0.65,-1.41,-4.96,10.51,0.58,-0.89,-0.34,2.00,11.31,-0.87,0.14,-0.04,1.06
89.313538,10.24,1.51,5.87,0.22,0.69,-0.77,-38.75,24.88,-20.25,7.33,-3.54,10.97,0.40,-0.57,-0.71,0.00,0.00,0.00,0.00,0.00,0.00,3.28,-6.55,10.33,0.33,-0.63,-0.65,-1.04,-5.03,10.90,0.61,-0.59,-0.38,2.18,11.40,-0.78,0.20,-0.24,0.82
89.721823,10.44,1.32,5.87,-0.23,0.60,-0.58,-39.00,22.56,-24.12,7.42,-3.69,10.55,0.31,-0.23,-0.77,0.00,0.00,0.00,0.00,0.00,0.00,3.29,-6.58,10.22,0.36,-0.29,-0.66,-1.07,-5.02,10.97,0.64,-0.29,-0.41,2.84,11.49,-0.85,0.27,-0.44,0.57
89.721853,10.12,1.05,5.83,-0.23,0.60,-0.58,-39.00,22.56,-24.12,7.49,-3.74,10.18,0.28,-0.11,-0.76,0.00,0.00,0.00,0.00,0.00,0.00,3.41,-6.54,10.08,0.37,-0.16,-0.64,-0.98,-4.78,11.24,0.63,-0.17,-0.39,3.54,11.65,-1.02,0.28,-0.45,0.48
89.721867,9.94,0.97,5.91,-0.40,0.57,-0.38,-39.00,22.56,-24.12,7.82,-3.74,10.12,0.26,-0.06,-0.68,0.00,0.00,0.00,0.00,0.00,0.00,3.76,-6.47,10.32,0.33,-0.11,-0.56,-0.91,-4.52,11.73,0.55,-0.13,-0.34,3.82,11.93,-1.16,0.25,-0.37,0.42
89.721879,9.94,1.12,6.02,-0.22,0.48,-0.32,-39.00,22.56,-24.12,7.95,-3.37,10.51,0.20,-0.05,-0.57,0.00,0.00,0.00,0.00,0.00,0.00,3.88,-6.18,10.82,0.26,-0.07,-0.47,-0.89,-4.34,12.08,0.42,-0.08,-0.31,3.85,12.07,-1.25,0.19,-0.32,0.32
89.721891,9.86,1.82,6.45,-0.18,0.34,-0.26,-39.00,21.38,-22.88,8.27,-3.07,10.86,0.06,0.03,-0.48,0.00,0.00,0.00,0.00,0.00,0.00,4.28,-6.12,11.11,0.13,0.05,-0.40,-0.68,-4.23,12.35,0.28,0.03,-0.31,3.99,12.15,-1.34,0.09,-0.34,0.16
89.721902,9.98,1.93,6.71,-0.18,0.34,-0.26,-38.69,21.56,-23.62,8.51,-3.07,10.87,-0.06,0.12,-0.41,0.00,0.00,0.00,0.00,0.00,0.00,4.50,-6.20,11.15,0.03,0.17,-0.32,-0.50,-4.23,12.52,0.15,0.14,-0.30,4.33,12.30,-1.46,0.01,-0.34,0.02
89.721914,10.05,1.78,6.71,-0.37,-0.11,-0.05,-38.69,21.56,-23.62,8.51,-3.20,10.68,-0.15,0.18,-0.30,0.00,0.00,0.00,0.00,0.00,0.00,4.44,-6.25,11.08,-0.07,0.25,-0.22,-0.55,-4.27,12.53,0.04,0.20,-0.26,4.49,12.35,-1.48,-0.08,-0.29,-0.08
89.723938,10.06,1.62,6.68,-0.37,-0.11,-0.05,-38.38,20.56,-25.25,8.57,-3.35,10.73,-0.23,0.21,-0.18,0.00,0.00,0.00,0.00,0.00,0.00,4.47,-6.37,11.12,-0.17,0.31,-0.13,-0.50,-4.40,12.57,-0.09,0.26,-0.21,4.36,12.35,-1.39,-0.15,-0.21,-0.18
89.723966,10.70,1.70,6.83,-0.29,-0.32,0.15,-38.38,20.56,-25.25,8.75,-3.28,11.48,-0.34,0.35,-0.08,0.00,0.00,0.00,0.00,0.00,0.00,4.63,-6.57,11.48,-0.25,0.49,-0.01,-0.43,-4.69,12.65,-0.22,0.44,-0.17,3.77,12.37,-1.29,-0.19,-0.21,-0.41
89.723979,11.16,1.59,7.14,-0.59,-0.40,0.35,-38.38,20.56,-25.25,8.98,-3.37,12.15,-0.47,0.63,-0.04,0.00,0.00,0.00,0.00,0.00,0.00,4.70,-6.86,11.86,-0.28,0.81,0.05,-0.45,-4.95,12.88,-0.27,0.74,-0.16,3.48,12.72,-1.32,-0.18,-0.34,-0.70
89.723991,11.51,1.16,7.18,-0.93,-0.50,0.59,-38.38,20.56,-25.25,9.02,-3.72,12.26,-0.58,0.93,0.03,0.00,0.00,0.00,0.00,0.00,0.00,4.53,-7.09,12.09,-0.31,1.11,0.15,-0.75,-5.02,13.22,-0.33,1.04,-0.12,3.59,13.22,-1.48,-0.16,-0.44,-1.01
89.724004,11.59,0.36,6.98,-0.93,-0.50,0.59,-39.31,24.31,-23.75,8.70,-3.97,12.12,-0.67,1.13,0.16,0.00,0.00,0.00,0.00,0.00,0.00,4.07,-7.10,12.11,-0.35,1.31,0.30,-1.32,-4.97,13.29,-0.44,1.25,-0.04,3.62,13.59,-1.64,-0.18,-0.43,-1.24
89.724016,11.39,0.28,6.95,-0.96,-0.75,0.91,-39.31,24.31,-23.75,8.25,-4.05,11.97,-0.72,1.24,0.30,0.00,0.00,0.00,0.00,0.00,0.00,3.56,-6.96,12.03,-0.41,1.41,0.44,-1.83,-4.92,12.99,-0.56,1.36,0.03,3.27,13.61,-1.70,-0.23,-0.38,-1.38
89.724028,11.28,-0.10,6.64,-0.92,-0.88,0.96,-39.31,24.31,-23.75,7.50,-4.11,11.67,-0.76,1.28,0.43,0.00,0.00,0.00,0.00,0.00,0.00,2.75,-6.85,11.59,-0.48,1.47,0.56,-2.40,-4.97,12.35,-0.66,1.42,0.08,2.77,13.40,-1.63,-0.29,-0.32,-1.47
89.725884,11.12,-0.25,6.29,-0.87,-0.95,0.99,-39.31,24.31,-23.75,6.52,-4.16,11.18,-0.79,1.25,0.52,0.00,0.00,0.00,0.00,0.00,0.00,1.75,-6.57,11.08,-0.54,1.47,0.61,-3.09,-4.98,11.49,-0.75,1.41,0.09,2.25,13.04,-1.53,-0.35,-0.26,-1.48
89.725908,10.74,-0.60,5.72,-0.87,-0.95,0.99,-39.88,27.06,-21.69,5.60,-4.41,10.41,-0.80,1.16,0.57,0.00,0.00,0.00,0.00,0.00,0.00,0.94,-6.48,10.26,-0.60,1.39,0.62,-3.54,-5.01,10.57,-0.81,1.29,0.10,1.88,12.55,-1.43,-0.42,-0.17,-1.40
89.725919,10.17,-1.32,4.72,-0.34,-0.96,0.72,-39.88,30.88,-21.00,4.70,-4.52,9.55,-0.75,0.96,0.62,0.00,0.00,0.00,0.00,0.00,0.00,0.29,-6.37,9.27,-0.64,1.18,0.62,-3.66,-5.07,9.52,-0.85,1.09,0.12,1.39,11.68,-1.21,-0.48,-0.04,-1.26
89.725929,9.90,-0.98,4.64,-0.34,-0.96,0.72,-39.88,30.88,-21.00,4.69,-4.12,9.41,-0.70,0.81,0.58,0.00,0.00,0.00,0.00,0.00,0.00,0.57,-6.10,8.96,-0.63,1.04,0.56,-3.08,-4.95,9.07,-0.82,0.97,0.08,1.33,10.92,-1.04,-0.47,0.00,-1.14
89.725939,9.40,-0.02,4.76,-0.32,-0.85,0.62,-39.88,30.88,-21.00,5.26,-3.78,9.46,-0.70,0.81,0.53,0.00,0.00,0.00,0.00,0.00,0.00,1.45,-5.95,8.85,-0.62,1.03,0.53,-2.24,-4.68,9.16,-0.81,0.99,0.04,1.43,10.47,-0.89,-0.45,-0.04,-1.13
89.736539,8.83,0.44,4.38,-0.32,-0.85,0.62,-39.31,30.94,-17.38,5.43,-3.83,9.10,-0.73,0.87,0.53,0.00,0.00,0.00,0.00,0.00,0.00,1.63,-5.92,8.56,-0.63,1.11,0.54,-1.92,-4.66,8.92,-0.82,1.06,0.05,1.57,10.25,-0.79,-0.45,-0.08,-1.18
89.761499,8.83,-0.29,4.00,-0.58,-0.88,0.76,-39.31,30.94,-17.38,4.83,-3.97,8.47,-0.73,0.90,0.55,0.00,0.00,0.00,0.00,0.00,0.00,1.01,-5.80,8.04,-0.62,1.16,0.56,-2.35,-4.67,8.34,-0.84,1.12,0.04,1.41,9.95,-0.71,-0.45,-0.08,-1.18
89.78253,8.71,-0.60,3.73,-0.48,-0.83,0.69,-39.31,30.94,-17.38,4.25,-4.09,8.12,-0.70,0.84,0.54,0.00,0.00,0.00,0.00,0.00,0.00,0.42,-5.77,7.59,-0.61,1.12,0.53,-2.66,-4.81,7.67,-0.80,1.05,0.05,1.19,9.72,-0.62,-0.44,-0.04,-1.11
89.803524,8.67,-0.79,3.34,-0.48,-0.83,0.69,-39.31,33.06,-16.69,3.99,-4.18,8.00,-0.66,0.79,0.52,0.00,0.00,0.00,0.00,0.00,0.00,0.23,-5.78,7.34,-0.59,1.09,0.49,-2.66,-4.79,7.47,-0.80,1.00,0.03,0.77,9.37,-0.46,-0.43,0.00,-1.05
89.823788,8.52,-0.68,3.15,-0.48,-0.83,0.69,-39.31,33.06,-16.69,3.89,-4.15,8.05,-0.65,0.77,0.48,0.00,0.00,0.00,0.00,0.00,0.00,0.19,-5.81,7.11,-0.56,1.06,0.46,-2.43,-5.07,6.85,-0.74,0.98,0.04,0.49,9.12,-0.38,-0.40,-0.02,-1.03
90.234528,8.41,-0.79,3.11,-0.52,-0.71,0.63,-39.06,34.38,-16.62,3.78,-4.31,7.76,-0.63,0.80,0.43,0.00,0.00,0.00,0.00,0.00,0.00,0.11,-5.79,6.93,-0.50,1.04,0.44,-2.56,-4.93,6.76,-0.67,0.96,0.07,0.40,9.01,-0.39,-0.35,-0.06,-1.02
90.234567,8.21,-0.94,3.00,-0.52,-0.71,0.63,-38.75,33.75,-14.00,3.51,-4.34,7.53,-0.60,0.80,0.43,0.00,0.00,0.00,0.00,0.00,0.00,-0.08,-5.63,6.79,-0.49,0.99,0.45,-2.77,-4.75,6.67,-0.65,0.93,0.08,0.28,8.85,-0.34,-0.34,-0.06,-1.00
90.234581,8.07,-1.06,2.73,-0.52,-0.71,0.63,-39.38,35.69,-12.56,3.10,-4.18,7.28,-0.58,0.78,0.41,0.00,0.00,0.00,0.00,0.00,0.00,-0.43,-5.41,6.42,-0.49,0.93,0.45,-2.88,-4.70,6.16,-0.64,0.89,0.06,0.02,8.44,-0.25,-0.34,-0.07,-0.97
90.234594,7.48,-0.83,2.50,-0.52,-0.71,0.63,-38.75,36.19,-14.44,2.79,-4.01,6.90,-0.57,0.78,0.35,0.00,0.00,0.00,0.00,0.00,0.00,-0.51,-5.19,5.85,-0.45,0.92,0.40,-2.60,-4.61,5.43,-0.58,0.88,0.03,-0.25,7.68,-0.23,-0.30,-0.12,-0.95
90.234617,6.38,-1.21,2.08,-0.53,-0.61,0.55,-38.75,36.19,-14.44,2.36,-3.74,6.35,-0.53,0.84,0.29,0.00,0.00,0.00,0.00,0.00,0.00,-0.46,-4.77,5.26,-0.36,0.98,0.37,-2.52,-4.20,4.68,-0.46,0.92,0.03,-0.47,6.92,-0.37,-0.23,-0.18,-0.93
90.234635,5.80,-1.52,1.62,-0.62,-0.53,0.58,-38.75,36.19,-14.44,1.66,-3.62,5.62,-0.49,0.86,0.25,0.00,0.00,0.00,0.00,0.00,0.00,-1.34,-4.27,4.53,-0.30,0.97,0.35,-2.67,-3.82,4.10,-0.40,0.91,0.03,-0.62,6.39,-0.45,-0.20,-0.20,-0.88
90.234647,5.38,-1.75,1.31,-0.58,-0.48,0.55,-38.75,36.19,-14.44,1.04,-3.49,5.09,-0.45,0.80,0.20,0.00,0.00,0.00,0.00,0.00,0.00,-1.70,-3.89,4.05,-0.27,0.89,0.29,-3.05,-3.55,3.47,-0.36,0.84,0.01,-0.93,5.85,-0.50,-0.17,-0.20,-0.80
90.234659,5.15,-1.94,1.16,-0.46,-0.34,0.38,-38.50,38.44,-10.88,0.58,-3.24,4.71,-0.39,0.69,0.12,0.00,0.00,0.00,0.00,0.00,0.00,-1.79,-3.53,3.63,-0.23,0.75,0.22,-2.97,-3.24,2.89,-0.28,0.72,-0.01,-1.08,5.27,-0.71,-0.13,-0.19,-0.68
90.234672,4.84,-1.98,1.20,-0.46,-0.34,0.38,-37.88,39.50,-11.38,0.26,-3.15,4.40,-0.32,0.59,0.10,0.00,0.00,0.00,0.00,0.00,0.00,-1.98,-3.28,3.35,-0.17,0.64,0.19,-3.06,-2.97,2.59,-0.21,0.60,0.00,-1.14,5.00,-0.85,-0.11,-0.17,-0.58
90.234684,4.43,-2.32,1.05,-0.46,-0.34,0.38,-37.31,36.06,-10.06,-0.17,-3.11,4.02,-0.24,0.44,0.08,0.00,0.00,0.00,0.00,0.00,0.00,-2.37,-3.03,3.09,-0.14,0.48,0.16,-3.33,-2.79,2.28,-0.16,0.44,0.02,-1.24,4.74,-0.94,-0.10,-0.11,-0.44
90.234696,4.31,-2.63,0.93,-0.09,-0.13,0.13,-37.31,36.06,-10.06,-0.33,-3.16,4.16,-0.13,0.21,0.05,0.00,0.00,0.00,0.00,0.00,0.00,-2.55,-3.03,3.21,-0.11,0.24,0.11,-3.48,-2.83,2.33,-0.11,0.21,0.03,-1.43,4.85,-0.94,-0.09,-0.00,-0.23
90.234707,4.61,-2.67,0.93,0.06,-0.05,0.04,-37.31,36.06,-10.06,-0.13,-3.42,4.62,-0.07,0.06,0.04,0.00,0.00,0.00,0.00,0.00,0.00,-2.49,-3.37,3.56,-0.10,0.09,0.09,-3.54,-3.09,2.65,-0.09,0.08,0.04,-1.65,5.22,-0.84,-0.10,0.07,-0.12
90.23472,5.23,-2.70,0.93,0.06,-0.05,0.04,-38.19,38.75,-10.19,-0.15,-3.72,5.13,-0.03,-0.04,0.03,0.00,0.00,0.00,0.00,0.00,0.00,-2.77,-3.73,3.94,-0.08,-0.03,0.07,-3.92,-3.46,2.89,-0.07,-0.03,0.05,-1.94,5.75,-0.71,-0.10,0.11,-0.02
90.234732,6.91,-3.01,1.39,0.21,0.07,-0.16,-37.88,38.06,-10.81,-0.19,-4.09,5.83,0.01,-0.16,-0.03,0.00,0.00,0.00,0.00,0.00,0.00,-3.09,-4.23,4.44,-0.06,-0.15,0.01,-4.26,-4.05,3.19,-0.01,-0.14,0.04,-2.33,6.46,-0.62,-0.10,0.12,0.11
90.237185,6.91,-3.01,1.39,0.21,0.07,-0.16,-37.88,38.06,-10.81,-0.01,-4.21,6.53,0.03,-0.21,-0.11,0.00,0.00,0.00,0.00,0.00,0.00,-3.11,-4.50,5.04,-0.04,-0.19,-0.08,-4.88,-4.18,3.73,0.05,-0.18,-0.00,-2.56,7.00,-0.63,-0.09,0.07,0.20
90.237208,7.53,-2.89,2.08,0.21,0.07,-0.16,-37.88,38.06,-10.81,0.20,-4.38,7.19,0.03,-0.25,-0.21,0.00,0.00,0.00,0.00,0.00,0.00,-3.25,-4.66,5.91,-0.03,-0.23,-0.19,-5.26,-4.29,4.59,0.09,-0.24,-0.11,-2.23,7.98,-0.72,-0.10,0.01,0.28
90.237223,8.52,-3.20,1.89,0.28,0.06,-0.49,-37.31,38.00,-10.44,0.74,-5.18,7.03,0.01,-0.44,-0.21,0.00,0.00,0.00,0.00,0.00,0.00,-3.00,-5.38,6.09,-0.11,-0.42,-0.23,-5.25,-4.63,5.37,0.03,-0.45,-0.15,-1.41,8.88,-0.63,-0.20,0.12,0.44
90.237238,8.71,-2.70,2.12,0.69,0.04,-0.61,-37.31,38.00,-10.44,1.16,-5.43,6.96,0.07,-0.70,-0.15,0.00,0.00,0.00,0.00,0.00,0.00,-2.61,-5.79,6.02,-0.15,-0.68,-0.20,-4.85,-5.05,5.35,-0.01,-0.70,-0.13,-1.35,8.84,-0.42,-0.27,0.28,0.62
90.249405,8.79,-1.86,2.43,0.82,0.14,-0.67,-37.31,38.00,-10.44,1.54,-5.27,7.57,0.16,-0.87,-0.19,0.00,0.00,0.00,0.00,0.00,0.00,-2.36,-6.00,6.32,-0.11,-0.87,-0.26,-4.57,-5.45,5.41,0.06,-0.89,-0.12,-1.51,8.98,-0.13,-0.27,0.34,0.81
90.270897,8.87,-2.13,1.81,0.71,0.23,-0.74,-37.31,38.00,-10.44,2.04,-5.58,7.55,0.17,-0.98,-0.19,0.00,0.00,0.00,0.00,0.00,0.00,-1.93,-6.23,6.56,-0.13,-1.00,-0.29,-4.47,-5.37,6.14,0.06,-1.01,-0.11,-1.00,9.50,0.13,-0.33,0.40,0.93
90.291848,8.90,-1.79,1.46,0.86,0.12,-0.80,-37.31,38.00,-10.44,2.60,-5.81,7.26,0.18,-1.12,-0.14,0.00,0.00,0.00,0.00,0.00,0.00,-1.36,-6.61,6.25,-0.18,-1.13,-0.26,-3.74,-5.71,5.97,-0.03,-1.13,-0.14,-0.80,9.14,0.42,-0.39,0.49,1.02
90.316274,9.09,-0.98,2.16,0.91,0.24,-0.74,-38.50,34.19,-11.88,3.02,-5.83,7.28,0.25,-1.13,-0.14,0.00,0.00,0.00,0.00,0.00,0.00,-0.79,-7.03,5.88,-0.11,-1.16,-0.24,-2.91,-6.21,5.62,0.03,-1.13,-0.11,-1.06,8.58,0.75,-0.30,0.51,1.01
90.332835,9.32,-0.94,2.31,0.91,0.24,-0.74,-38.50,34.19,-11.88,3.17,-5.72,7.87,0.32,-1.03,-0.18,0.00,0.00,0.00,0.00,0.00,0.00,-0.78,-7.13,6.24,-0.00,-1.08,-0.23,-3.03,-6.38,5.86,0.12,-1.04,-0.08,-1.14,8.90,0.87,-0.20,0.42,0.94
90.744405,9.79,-1.13,1.89,0.63,0.40,-0.64,-38.50,34.19,-11.88,3.25,-6.02,7.77,0.32,-0.92,-0.22,0.00,0.00,0.00,0.00,0.00,0.00,-0.87,-7.12,6.59,0.05,-0.98,-0.26,-3.39,-6.26,6.38,0.18,-0.96,-0.09,-0.81,9.48,0.92,-0.14,0.35,0.90
90.744434,9.36,-1.17,1.54,0.72,0.34,-0.65,-38.50,34.19,-11.88,3.15,-6.30,6.92,0.37,-0.94,-0.20,0.00,0.00,0.00,0.00,0.00,0.00,-0.90,-7.31,5.85,0.09,-1.03,-0.23,-3.09,-6.48,5.81,0.21,-1.00,-0.06,-0.45,9.09,1.11,-0.12,0.39,0.97
90.744449,9.21,-0.79,1.58,0.72,0.34,-0.65,-38.50,34.19,-11.88,3.16,-6.30,6.50,0.49,-0.97,-0.22,0.00,0.00,0.00,0.00,0.00,0.00,-0.73,-7.49,5.25,0.19,-1.12,-0.22,-2.66,-6.75,5.29,0.29,-1.05,-0.02,-0.51,8.52,1.32,-0.02,0.42,1.05
90.744461,9.36,-0.56,1.85,0.84,0.52,-0.69,-38.50,34.19,-11.88,3.36,-6.03,6.84,0.64,-0.94,-0.30,0.00,0.00,0.00,0.00,0.00,0.00,-0.48,-7.35,5.53,0.36,-1.13,-0.25,-2.49,-6.71,5.47,0.45,-1.04,0.03,-0.61,8.55,1.35,0.13,0.38,1.07
90.744474,9.17,-0.41,2.16,0.57,0.86,-0.59,-38.50,34.19,-11.88,3.68,-5.59,7.51,0.71,-0.82,-0.40,0.00,0.00,0.00,0.00,0.00,0.00,-0.16,-7.00,6.30,0.47,-1.04,-0.30,-2.44,-6.33,6.05,0.58,-0.96,0.03,-0.55,8.82,1.12,0.28,0.27,1.03
90.744488,9.05,-0.33,2.50,0.35,0.87,-0.54,-38.50,34.19,-11.88,3.91,-5.23,7.86,0.73,-0.67,-0.47,0.00,0.00,0.00,0.00,0.00,0.00,0.08,-6.70,6.68,0.52,-0.93,-0.34,-2.34,-5.94,6.46,0.65,-0.82,-0.01,-0.32,8.89,0.76,0.37,0.14,0.95
90.7445,8.94,-0.52,2.84,0.35,0.87,-0.54,-38.50,34.19,-11.88,3.91,-4.98,8.06,0.74,-0.50,-0.53,0.00,0.00,0.00,0.00,0.00,0.00,0.13,-6.61,6.81,0.59,-0.79,-0.36,-2.44,-5.74,6.65,0.75,-0.68,-0.00,-0.13,9.05,0.40,0.46,0.02,0.85
90.744514,9.40,-0.71,3.11,0.09,0.95,-0.42,-39.62,30.56,-15.94,3.83,-5.00,8.49,0.75,-0.36,-0.63,0.00,0.00,0.00,0.00,0.00,0.00,-0.11,-6.73,7.25,0.69,-0.66,-0.42,-2.87,-5.88,7.02,0.86,-0.56,-0.01,-0.17,9.54,0.30,0.56,-0.10,0.79
90.744527,10.13,-0.71,3.27,-0.02,1.03,-0.42,-39.62,30.56,-15.94,4.20,-5.01,9.08,0.74,-0.26,-0.73,0.00,0.00,0.00,0.00,0.00,0.00,0.16,-6.77,8.04,0.74,-0.54,-0.49,-2.88,-5.76,7.82,0.93,-0.45,-0.06,-0.01,10.05,0.06,0.64,-0.23,0.74
90.744537,10.16,-0.64,3.77,-0.02,1.03,-0.42,-39.62,28.94,-16.69,4.64,-4.71,9.66,0.72,-0.16,-0.77,0.00,0.00,0.00,0.00,0.00,0.00,0.62,-6.65,8.57,0.79,-0.41,-0.51,-2.82,-5.38,8.55,0.96,-0.29,-0.08,0.47,10.43,-0.44,0.70,-0.35,0.65
90.744549,10.02,-0.64,4.42,-0.02,1.03,-0.42,-39.31,29.81,-18.62,4.92,-4.35,9.86,0.69,-0.07,-0.75,0.00,0.00,0.00,0.00,0.00,0.00,0.88,-6.21,9.15,0.80,-0.31,-0.46,-2.96,-4.76,9.24,0.94,-0.17,-0.08,1.05,10.89,-1.02,0.71,-0.40,0.52
90.744559,9.60,-0.68,4.76,-0.02,1.03,-0.42,-39.94,30.00,-19.38,4.79,-4.07,9.98,0.64,-0.08,-0.68,0.00,0.00,0.00,0.00,0.00,0.00,0.64,-5.86,9.60,0.74,-0.32,-0.40,-3.29,-4.48,9.68,0.87,-0.17,-0.07,1.45,11.32,-1.38,0.65,-0.35,0.47
90.74457,9.86,-0.83,5.34,0.04,0.74,-0.42,-39.94,30.00,-19.38,4.68,-4.02,10.03,0.57,-0.20,-0.63,0.00,0.00,0.00,0.00,0.00,0.00,0.34,-5.74,10.00,0.61,-0.41,-0.39,-3.87,-4.47,9.93,0.76,-0.28,-0.08,1.61,11.75,-1.55,0.54,-0.24,0.55
90.744581,10.02,-0.60,5.64,0.04,0.74,-0.42,-39.00,28.31,-21.25,4.79,-3.91,10.06,0.52,-0.37,-0.61,0.00,0.00,0.00,0.00,0.00,0.00,0.41,-5.74,10.11,0.49,-0.55,-0.43,-3.96,-4.39,10.27,0.67,-0.45,-0.13,1.84,11.97,-1.70,0.43,-0.15,0.67
90.746726,9.98,-0.29,5.95,0.21,0.71,-0.56,-39.00,28.31,-21.25,5.42,-3.74,10.35,0.49,-0.54,-0.58,0.00,0.00,0.00,0.00,0.00,0.00,1.19,-5.82,10.36,0.38,-0.69,-0.45,-3.36,-4.24,10.77,0.57,-0.60,-0.16,2.27,12.05,-1.91,0.33,-0.05,0.77
90.746744,10.09,-0.06,6.60,0.37,0.56,-0.54,-39.00,28.31,-21.25,6.21,-3.52,11.22,0.42,-0.61,-0.51,0.00,0.00,0.00,0.00,0.00,0.00,2.08,-6.03,10.96,0.28,-0.73,-0.42,-2.71,-4.40,11.19,0.47,-0.64,-0.15,2.36,12.20,-2.01,0.25,0.03,0.75
90.746757,10.62,-0.06,6.75,0.24,0.47,-0.42,-39.00,28.31,-21.25,6.59,-3.51,11.99,0.31,-0.55,-0.47,0.00,0.00,0.00,0.00,0.00,0.00,2.27,-6.14,11.73,0.21,-0.61,-0.36,-2.72,-4.44,11.92,0.41,-0.55,-0.11,2.19,12.66,-2.04,0.19,0.03,0.64
90.746768,10.93,-0.06,6.95,0.24,0.47,-0.42,-40.19,24.19,-21.25,6.68,-3.52,12.54,0.15,-0.45,-0.46,0.00,0.00,0.00,0.00,0.00,0.00,2.15,-6.30,12.34,0.07,-0.46,-0.37,-2.89,-4.63,12.40,0.32,-0.38,-0.12,2.18,13.19,-2.12,0.13,-0.02,0.49
90.746788,11.27,-0.10,7.18,0.07,0.33,-0.31,-40.19,24.19,-21.25,6.97,-3.83,12.67,-0.02,-0.44,-0.52,0.00,0.00,0.00,0.00,0.00,0.00,2.26,-6.73,12.42,-0.03,-0.33,-0.35,-3.03,-4.83,12.74,0.22,-0.23,-0.13,2.28,13.59,-2.16,0.08,-0.07,0.35
90.764583,11.82,-0.29,7.40,-0.09,0.09,-0.13,-40.19,24.19,-21.25,7.50,-4.09,12.96,-0.11,-0.31,-0.45,0.00,0.00,0.00,0.00,0.00,0.00,2.69,-7.15,12.60,-0.10,-0.16,-0.29,-2.97,-4.97,13.16,0.10,-0.05,-0.13,2.38,13.92,-2.27,0.02,-0.11,0.15
90.786145,11.82,-0.29,7.56,-0.09,0.09,-0.13,-39.88,24.56,-22.69,7.34,-3.47,13.66,-0.29,-0.16,-0.39,0.00,0.00,0.00,0.00,0.00,0.00,2.64,-6.62,13.40,-0.18,0.05,-0.23,-2.42,-4.74,13.52,-0.02,0.18,-0.09,2.36,14.06,-2.44,-0.05,-0.15,-0.03
90.808838,10.85,0.05,7.48,-0.09,0.09,-0.13,-39.25,26.25,-24.12,6.15,-3.55,12.50,-0.55,-0.11,-0.54,0.00,0.00,0.00,0.00,0.00,0.00,2.20,-6.24,13.21,-0.41,0.23,-0.26,-2.87,-4.60,12.97,-0.13,0.52,0.04,2.48,13.93,-2.55,-0.19,-0.25,-0.20
90.831016,10.86,0.17,7.10,-0.47,-0.52,0.23,-39.25,26.25,-24.12,7.12,-3.92,11.70,-0.77,-0.23,-0.80,0.00,0.00,0.00,0.00,0.00,0.00,2.09,-6.60,11.75,-0.54,0.22,-0.32,-3.47,-4.58,12.38,-0.23,0.61,0.00,2.58,13.39,-2.31,-0.30,-0.30,-0.36
