0.001166,IMU Server Connected
0.020226,8.28,0.46,5.95,-0.00,-0.02,0.02,-31.88,-0.06,-33.38,1.39,-2.68,10.42,-0.01,0.03,-0.00,-8.03,-4.76,1.89,-0.09,0.01,-0.04,3.07,5.40,8.05,-0.05,0.04,0.02,2.66,5.58,8.08,-0.03,0.05,-0.01,-3.21,-5.10,6.79,-0.08,0.05,0.04
0.06276,8.32,0.50,5.95,-0.03,-0.03,0.05,-31.88,-0.06,-33.38,1.32,-2.65,10.43,-0.02,0.07,-0.01,-7.99,-4.79,1.78,-0.09,0.04,-0.06,2.96,5.40,8.01,-0.06,0.05,-0.01,2.54,5.55,8.06,-0.04,0.06,-0.04,-3.24,-5.18,6.63,-0.09,0.07,0.03
0.068923,8.44,0.35,5.87,-0.03,-0.03,0.05,-32.56,1.50,-33.44,1.23,-2.76,10.23,-0.01,0.10,-0.02,-7.90,-4.76,1.79,-0.09,0.08,-0.06,2.94,5.28,7.96,-0.05,0.06,-0.05,2.53,5.43,7.99,-0.03,0.07,-0.07,-3.11,-5.32,6.49,-0.07,0.10,0.04
0.49187,8.44,0.23,5.87,-0.08,-0.00,0.05,-32.56,1.50,-33.44,1.16,-2.77,10.26,0.01,0.09,-0.03,-7.97,-4.80,1.86,-0.09,0.09,-0.04,3.00,5.31,8.04,-0.02,0.06,-0.05,2.59,5.49,8.08,-0.01,0.07,-0.08,-3.33,-5.22,6.66,-0.05,0.12,0.06
0.491899,8.36,0.16,5.83,-0.08,-0.00,0.05,-32.56,1.44,-33.06,1.22,-2.73,10.46,0.01,0.08,-0.03,-8.11,-4.88,1.83,-0.10,0.07,-0.05,2.98,5.45,8.16,-0.03,0.07,-0.04,2.58,5.64,8.20,-0.02,0.08,-0.06,-3.38,-5.15,6.79,-0.07,0.12,0.08
0.491911,8.32,0.12,5.91,-0.03,-0.00,0.06,-32.56,1.44,-33.06,1.15,-2.68,10.49,-0.01,0.10,-0.02,-8.06,-4.92,1.67,-0.10,0.08,-0.08,2.83,5.48,8.15,-0.05,0.09,-0.05,2.42,5.63,8.17,-0.04,0.10,-0.08,-3.43,-5.22,6.63,-0.09,0.14,0.08
0.491925,8.40,0.20,5.95,-0.03,-0.00,0.06,-32.56,1.44,-33.06,1.01,-2.75,10.29,-0.01,0.12,-0.02,-7.98,-4.87,1.67,-0.09,0.09,-0.08,2.80,5.37,8.05,-0.05,0.09,-0.06,2.38,5.53,8.09,-0.04,0.09,-0.09,-3.56,-5.34,6.40,-0.08,0.14,0.07
0.491943,8.36,0.04,5.91,-0.04,0.00,0.03,-32.56,1.44,-33.06,0.95,-2.74,10.23,-0.00,0.09,-0.03,-7.98,-4.86,1.68,-0.08,0.07,-0.06,2.81,5.34,8.02,-0.04,0.07,-0.04,2.38,5.54,8.09,-0.02,0.06,-0.06,-3.64,-5.27,6.45,-0.04,0.12,0.06
0.491983,8.25,0.20,5.87,-0.04,0.00,0.03,-32.00,1.94,-34.12,1.02,-2.62,10.47,-0.01,0.07,-0.04,-8.06,-4.92,1.64,-0.07,0.06,-0.06,2.81,5.50,8.14,-0.05,0.07,-0.04,2.38,5.66,8.16,-0.03,0.05,-0.07,-3.62,-5.09,6.66,-0.04,0.10,0.04
0.491994,8.21,0.35,5.87,-0.04,0.00,0.03,-32.00,1.94,-34.12,1.14,-2.66,10.40,-0.04,0.10,-0.05,-7.99,-4.87,1.71,-0.06,0.08,-0.09,2.88,5.41,8.08,-0.08,0.07,-0.06,2.46,5.56,8.11,-0.06,0.06,-0.09,-3.40,-5.12,6.62,-0.09,0.11,0.00
0.492007,8.40,0.27,5.75,-0.11,-0.07,0.04,-32.00,1.94,-34.12,1.17,-2.77,10.29,-0.03,0.12,-0.05,-7.85,-4.84,1.77,-0.07,0.09,-0.11,2.90,5.27,8.04,-0.08,0.08,-0.07,2.50,5.40,8.05,-0.07,0.08,-0.10,-3.11,-5.19,6.54,-0.11,0.14,0.01
0.492022,8.36,0.43,5.75,-0.12,-0.03,0.08,-32.00,1.94,-34.12,1.19,-2.75,10.36,-0.03,0.17,-0.06,-7.79,-4.92,1.61,-0.07,0.15,-0.12,2.72,5.33,8.06,-0.08,0.11,-0.13,2.32,5.40,8.06,-0.06,0.11,-0.16,-3.04,-5.26,6.43,-0.10,0.21,0.03
0.492034,8.36,0.43,5.83,-0.12,-0.03,0.08,-31.94,0.88,-33.00,1.01,-2.79,10.28,-0.02,0.22,-0.10,-7.80,-4.95,1.55,-0.06,0.22,-0.14,2.64,5.30,8.07,-0.07,0.13,-0.20,2.23,5.40,8.08,-0.05,0.13,-0.23,-3.15,-5.36,6.29,-0.07,0.29,0.06
0.492045,8.40,0.16,5.79,-0.12,-0.03,0.08,-33.00,3.44,-34.12,0.90,-2.83,10.19,0.00,0.24,-0.14,-7.76,-4.95,1.53,-0.05,0.26,-0.13,2.59,5.25,8.06,-0.06,0.13,-0.24,2.21,5.36,8.07,-0.04,0.13,-0.27,-3.43,-5.33,6.28,-0.03,0.33,0.07
0.492057,8.40,0.00,5.75,-0.12,-0.03,0.08,-33.00,3.44,-34.12,0.93,-2.87,10.15,0.02,0.23,-0.15,-7.92,-4.93,1.66,-0.05,0.27,-0.11,2.77,5.26,8.11,-0.04,0.13,-0.24,2.37,5.45,8.14,-0.02,0.12,-0.27,-3.78,-5.17,6.49,-0.05,0.31,0.05
0.492067,8.36,-0.23,5.83,-0.24,0.04,0.09,-33.00,3.44,-34.12,0.94,-2.77,10.34,0.01,0.20,-0.12,-8.05,-4.95,1.63,-0.06,0.23,-0.11,2.75,5.39,8.17,-0.04,0.12,-0.20,2.34,5.62,8.19,-0.03,0.11,-0.23,-3.80,-5.16,6.53,-0.08,0.27,0.04
0.492079,8.36,-0.15,5.95,-0.24,0.04,0.09,-32.44,3.81,-33.12,0.83,-2.81,10.22,0.01,0.19,-0.09,-7.98,-4.93,1.56,-0.06,0.19,-0.10,2.62,5.32,8.06,-0.04,0.10,-0.16,2.21,5.52,8.11,-0.03,0.10,-0.19,-3.88,-5.29,6.33,-0.08,0.23,0.04
0.49416,8.48,-0.19,5.87,-0.07,0.05,0.03,-32.44,4.38,-33.88,0.69,-2.86,10.07,0.04,0.13,-0.08,-7.86,-4.92,1.49,-0.06,0.14,-0.04,2.53,5.23,7.98,-0.01,0.04,-0.12,2.11,5.43,8.07,0.01,0.06,-0.14,-3.84,-5.41,6.11,-0.03,0.16,0.05
0.49418,8.48,-0.19,5.87,-0.07,0.05,0.03,-32.44,4.38,-33.88,0.76,-2.78,10.22,0.06,0.10,-0.08,-7.94,-4.94,1.47,-0.05,0.12,0.00,2.60,5.33,8.09,0.02,0.02,-0.09,2.18,5.55,8.14,0.03,0.03,-0.11,-3.85,-5.21,6.36,-0.00,0.13,0.06
0.494199,8.20,-0.26,5.91,-0.05,0.09,0.00,-32.44,4.38,-33.88,0.84,-2.66,10.43,0.05,0.07,-0.06,-8.17,-4.97,1.51,-0.06,0.09,0.00,2.70,5.53,8.22,0.01,0.03,-0.05,2.27,5.79,8.25,0.02,0.03,-0.08,-3.97,-5.03,6.59,-0.03,0.09,0.06
0.494212,8.21,-0.04,5.95,-0.01,-0.03,0.04,-33.06,4.44,-33.88,0.92,-2.61,10.48,0.01,0.08,-0.03,-8.06,-4.97,1.40,-0.08,0.06,-0.04,2.58,5.55,8.17,-0.03,0.05,-0.03,2.17,5.74,8.17,-0.02,0.06,-0.06,-3.71,-5.02,6.53,-0.07,0.09,0.06
0.494224,8.25,0.00,5.87,-0.07,-0.04,0.07,-33.06,4.44,-33.88,0.86,-2.60,10.41,-0.02,0.10,-0.02,-7.93,-4.97,1.30,-0.09,0.09,-0.07,2.43,5.51,8.08,-0.06,0.07,-0.06,2.02,5.64,8.09,-0.04,0.08,-0.09,-3.68,-5.09,6.37,-0.08,0.13,0.05
0.498564,8.25,0.00,5.87,-0.13,-0.04,0.07,-33.06,4.44,-33.88,0.77,-2.69,10.24,-0.02,0.13,-0.04,-7.88,-4.92,1.34,-0.09,0.11,-0.08,2.47,5.42,8.03,-0.06,0.07,-0.09,2.05,5.56,8.04,-0.05,0.08,-0.11,-3.79,-5.13,6.32,-0.09,0.15,0.03
0.516925,8.32,-0.26,5.87,-0.12,-0.01,0.06,-32.81,5.44,-34.62,0.72,-2.65,10.32,-0.01,0.12,-0.05,-7.94,-4.96,1.29,-0.08,0.12,-0.08,2.40,5.48,8.10,-0.06,0.07,-0.09,2.01,5.65,8.11,-0.04,0.08,-0.12,-3.82,-5.09,6.37,-0.10,0.15,0.02
0.540524,8.25,-0.11,5.91,-0.13,-0.02,0.07,-32.81,5.50,-35.00,0.72,-2.60,10.48,-0.03,0.16,-0.07,-7.96,-5.06,1.18,-0.07,0.15,-0.11,2.32,5.56,8.20,-0.08,0.09,-0.13,1.91,5.68,8.18,-0.06,0.10,-0.16,-3.76,-5.12,6.35,-0.11,0.19,0.01
0.562284,8.36,-0.15,5.87,-0.21,-0.05,0.09,-32.81,5.50,-35.00,0.69,-2.67,10.45,-0.05,0.21,-0.10,-7.88,-5.09,1.14,-0.06,0.20,-0.15,2.26,5.49,8.16,-0.09,0.12,-0.18,1.84,5.59,8.15,-0.08,0.12,-0.21,-3.71,-5.27,6.19,-0.11,0.25,0.01
0.583679,8.40,-0.26,5.87,-0.21,-0.05,0.09,-32.56,6.44,-34.69,0.48,-2.77,10.23,-0.03,0.24,-0.11,-7.83,-5.05,1.19,-0.05,0.23,-0.14,2.27,5.33,8.06,-0.07,0.13,-0.21,1.83,5.48,8.09,-0.06,0.12,-0.24,-3.85,-5.41,5.95,-0.07,0.28,0.04
1.00114,8.40,-0.72,5.79,-0.21,-0.05,0.09,-32.25,5.88,-34.62,0.35,-2.93,9.90,0.01,0.18,-0.11,-7.86,-4.99,1.27,-0.05,0.18,-0.07,2.32,5.22,8.00,-0.03,0.08,-0.16,1.87,5.44,8.06,-0.02,0.08,-0.18,-4.41,-5.32,6.01,-0.02,0.22,0.07
1.001168,8.36,-0.80,5.79,-0.21,-0.05,0.09,-32.25,5.88,-34.62,0.38,-2.92,9.91,0.04,0.08,-0.06,-7.93,-4.98,1.35,-0.06,0.08,-0.00,2.41,5.21,8.04,-0.01,0.01,-0.06,1.98,5.49,8.10,0.01,0.02,-0.08,-4.41,-5.25,6.09,-0.01,0.10,0.07
1.001181,8.28,-0.76,5.75,0.05,0.06,-0.03,-32.25,5.88,-34.62,0.48,-2.77,10.21,0.05,-0.00,-0.03,-7.89,-5.07,1.14,-0.07,0.02,0.03,2.21,5.39,8.13,0.01,-0.02,0.01,1.78,5.58,8.14,0.02,0.00,-0.01,-4.03,-5.21,6.12,-0.01,0.03,0.07
1.001195,8.29,-0.04,5.95,-0.06,0.05,0.00,-32.81,4.94,-34.25,0.50,-2.55,10.51,0.05,0.05,-0.07,-7.84,-5.14,0.80,-0.05,0.09,0.02,1.92,5.59,8.15,0.00,-0.01,-0.07,1.50,5.66,8.13,0.02,0.01,-0.10,-3.83,-5.26,6.03,0.02,0.12,0.06
1.001206,8.36,-0.38,6.02,-0.06,0.05,0.00,-32.81,4.94,-34.25,0.39,-2.63,10.31,0.06,0.12,-0.12,-7.89,-5.02,0.93,-0.02,0.16,0.01,2.08,5.52,8.03,0.00,-0.02,-0.15,1.67,5.62,8.06,0.03,0.01,-0.18,-3.94,-5.32,5.96,0.07,0.18,0.07
1.001219,8.36,-0.57,5.95,-0.17,0.10,-0.02,-33.06,4.62,-36.31,0.45,-2.77,10.14,0.09,0.10,-0.15,-7.94,-4.92,1.16,-0.00,0.17,0.05,2.30,5.41,7.99,0.03,-0.04,-0.16,1.87,5.59,8.05,0.05,-0.00,-0.18,-4.12,-5.26,6.06,0.13,0.16,0.10
1.00123,8.25,-0.34,5.98,-0.07,0.13,-0.04,-33.06,4.62,-36.31,0.56,-2.82,10.09,0.14,0.04,-0.10,-7.95,-4.93,1.12,-0.02,0.16,0.09,2.27,5.47,8.04,0.05,-0.05,-0.14,1.82,5.61,8.06,0.07,-0.01,-0.16,-3.85,-5.28,6.00,0.19,0.13,0.16
1.001245,8.51,-0.49,5.91,-0.10,0.12,-0.04,-33.06,4.62,-36.31,0.45,-2.87,9.97,0.17,0.03,-0.12,-7.74,-4.86,1.04,-0.02,0.19,0.14,2.11,5.28,7.78,0.09,-0.08,-0.15,1.69,5.37,7.85,0.12,-0.01,-0.17,-3.56,-5.64,5.40,0.32,0.13,0.28
1.001255,8.59,-0.53,5.95,-0.05,0.19,-0.04,-33.06,4.62,-36.31,0.48,-3.32,9.22,0.31,-0.06,-0.12,-7.24,-4.63,0.97,-0.03,0.22,0.29,1.98,4.79,7.38,0.22,-0.16,-0.17,1.55,4.81,7.46,0.25,-0.04,-0.17,-3.38,-5.67,5.15,0.58,0.09,0.50
1.001266,8.86,-0.49,5.91,-0.00,0.42,-0.08,-33.06,4.62,-36.31,0.41,-3.23,9.18,0.53,-0.08,-0.13,-7.01,-4.53,0.90,-0.05,0.31,0.51,1.94,4.69,7.29,0.43,-0.20,-0.21,1.49,4.70,7.33,0.46,-0.11,-0.20,-4.02,-4.94,5.95,0.63,0.07,0.55
1.001283,8.09,-0.38,5.75,0.03,0.81,-0.06,-31.31,5.88,-36.44,0.60,-2.72,9.68,0.71,-0.11,-0.14,-7.57,-4.49,1.10,-0.07,0.37,0.68,2.32,5.23,7.54,0.61,-0.18,-0.23,1.88,5.38,7.57,0.62,-0.15,-0.18,-4.11,-4.60,6.06,0.66,0.00,0.53
1.001295,7.55,-0.46,5.95,0.03,0.81,-0.06,-30.12,5.25,-36.38,0.82,-2.15,10.37,0.69,-0.11,-0.13,-8.25,-4.54,1.14,-0.09,0.35,0.68,2.54,5.86,7.87,0.62,-0.15,-0.20,2.10,6.11,7.88,0.62,-0.12,-0.15,-4.41,-3.83,7.08,0.58,-0.02,0.49
1.001306,7.44,-0.23,6.10,0.09,0.65,-0.02,-30.12,5.25,-36.38,0.94,-1.87,10.63,0.62,-0.09,-0.09,-8.38,-4.44,1.02,-0.10,0.31,0.59,2.46,6.07,7.79,0.55,-0.13,-0.17,2.02,6.25,7.79,0.55,-0.06,-0.13,-4.22,-3.96,6.82,0.46,-0.00,0.43
1.001317,7.52,-0.07,6.29,0.09,0.65,-0.02,-29.56,6.25,-37.19,1.06,-2.45,9.56,0.64,-0.10,-0.05,-7.88,-3.96,1.01,-0.11,0.29,0.60,2.43,5.50,7.06,0.55,-0.14,-0.16,2.03,5.62,7.11,0.57,-0.04,-0.12,-3.72,-4.48,6.00,0.48,-0.01,0.48
1.003557,8.44,-0.68,6.44,0.28,0.89,-0.03,-28.94,6.31,-39.31,0.41,-2.61,8.64,0.86,-0.22,-0.00,-7.29,-3.35,1.15,-0.17,0.24,0.85,2.47,4.82,6.27,0.79,-0.18,-0.08,2.02,4.92,6.39,0.84,-0.10,-0.00,-3.76,-4.75,5.31,0.68,-0.12,0.71
1.003578,7.98,-1.11,6.21,0.28,0.89,-0.03,-28.00,5.19,-38.88,0.52,-2.80,7.68,1.18,-0.60,0.05,-7.61,-2.63,2.05,-0.24,0.01,1.27,3.51,4.53,5.77,1.17,-0.29,0.21,3.10,4.98,6.05,1.19,-0.29,0.33,-4.57,-4.37,5.39,0.90,-0.47,0.90
1.003592,7.52,-1.87,6.14,0.28,0.89,-0.03,-28.00,5.19,-38.88,1.83,-2.83,7.02,1.57,-1.33,0.42,-8.17,-1.80,3.16,-0.50,-0.62,1.82,4.89,4.65,5.36,1.60,-0.41,0.94,4.55,5.30,5.67,1.61,-0.49,1.12,-3.86,-3.75,5.97,1.09,-1.19,1.25
1.003603,7.18,0.66,6.33,2.52,1.76,-0.32,-28.00,5.19,-38.88,2.54,-1.67,7.82,1.90,-1.93,0.82,-8.13,-1.46,2.84,-0.79,-1.14,2.29,4.86,5.25,5.08,1.99,-0.39,1.55,4.50,5.65,5.22,2.00,-0.59,1.80,-2.21,-3.40,5.89,1.35,-1.74,1.73
1.003619,6.52,1.27,6.25,2.82,2.01,-0.25,-28.00,5.19,-38.88,3.14,-0.87,7.81,2.05,-2.19,0.98,-8.46,-1.13,2.75,-0.94,-1.46,2.61,4.96,5.83,4.78,2.25,-0.35,1.92,4.73,6.25,4.97,2.24,-0.69,2.17,-2.61,-2.31,6.86,1.52,-2.07,2.04
1.02354,6.52,1.27,6.25,3.06,2.12,-0.33,-20.00,-4.31,-41.00,4.57,-0.18,8.14,2.17,-2.55,1.23,-9.52,-0.57,3.72,-1.09,-1.88,2.85,6.37,6.70,4.85,2.42,-0.41,2.41,6.25,7.32,5.03,2.38,-0.77,2.59,-2.71,-0.83,8.66,1.41,-2.50,2.12
1.045902,4.99,2.53,6.59,3.89,1.57,-0.06,-18.50,-8.62,-38.06,6.76,0.77,9.65,2.07,-2.75,1.65,-10.71,-0.12,4.51,-1.38,-2.32,2.79,7.79,7.89,5.31,2.34,-0.34,2.94,7.78,8.73,5.32,2.28,-0.59,3.08,-2.04,0.78,11.05,0.97,-2.88,2.16
1.067771,4.57,3.53,6.71,3.89,1.57,-0.06,-16.81,-11.75,-37.94,7.93,1.96,11.35,1.71,-2.77,2.12,-11.67,-0.22,4.62,-1.71,-2.63,2.41,8.23,9.27,5.99,1.99,-0.11,3.34,8.16,10.00,5.86,1.92,-0.25,3.42,-1.85,1.38,11.90,0.30,-3.05,2.07
1.089133,4.03,4.75,6.82,4.00,0.98,0.22,-16.81,-11.75,-37.94,7.94,3.16,12.98,1.08,-2.58,2.45,-11.91,-0.73,3.93,-1.89,-2.73,1.74,7.46,10.25,6.55,1.37,0.20,3.44,7.35,10.68,6.31,1.34,0.19,3.47,-1.42,1.67,12.45,-0.27,-2.91,1.85
1.127249,4.26,6.52,7.16,3.70,0.17,0.44,-16.19,-23.25,-28.25,7.18,3.52,13.15,0.36,-2.08,2.46,-11.19,-1.15,3.08,-1.84,-2.56,0.81,6.20,10.15,6.39,0.61,0.41,3.17,5.97,10.23,6.20,0.56,0.56,3.12,-1.23,0.89,11.19,-0.84,-2.37,1.41
1.134477,4.84,6.59,7.32,3.70,0.17,0.44,-16.62,-25.62,-28.50,6.52,3.02,12.39,-0.18,-1.57,2.24,-10.16,-1.15,3.03,-1.64,-2.22,0.10,5.77,9.17,5.96,0.03,0.52,2.72,5.56,9.14,5.81,0.02,0.77,2.64,-0.79,0.31,10.63,-1.11,-1.81,0.98
1.157152,5.60,5.52,6.94,3.70,0.17,0.44,-17.50,-26.06,-27.75,6.25,1.98,11.30,-0.64,-1.07,1.94,-9.60,-0.99,3.75,-1.43,-1.91,-0.48,6.25,8.11,5.72,-0.41,0.71,2.31,6.04,8.10,5.54,-0.43,0.91,2.17,-0.74,-0.59,9.88,-1.31,-1.27,0.59
1.18386,7.21,5.33,7.02,1.37,-1.21,0.60,-17.50,-26.06,-27.75,5.81,0.59,9.95,-0.85,-0.78,1.67,-8.54,-1.06,4.02,-1.22,-1.60,-0.79,6.01,6.76,5.12,-0.64,0.90,1.95,5.73,6.63,5.12,-0.66,0.94,1.79,-0.49,-1.94,9.00,-1.37,-0.94,0.27
1.201542,7.90,5.79,7.29,1.20,-1.08,0.50,-20.25,-29.44,-23.00,5.56,-0.04,9.69,-0.76,-0.59,1.41,-7.78,-1.24,3.90,-1.03,-1.31,-0.77,5.62,6.07,4.91,-0.61,0.78,1.60,5.37,5.80,5.03,-0.62,0.84,1.43,0.17,-2.78,8.64,-1.32,-0.75,0.14
1.510882,8.16,6.21,7.44,0.78,-0.71,0.44,-20.25,-29.44,-23.00,6.33,-0.46,10.17,-0.56,-0.30,1.03,-8.20,-1.36,4.58,-0.84,-0.87,-0.68,6.54,6.16,5.52,-0.43,0.72,1.11,6.35,6.01,5.57,-0.47,0.74,0.97,1.03,-2.81,9.58,-1.19,-0.45,0.07
1.510911,7.71,5.68,7.71,0.36,-0.41,0.51,-20.25,-29.44,-23.00,7.61,-0.39,11.38,-0.53,-0.05,0.89,-9.84,-1.54,5.95,-0.84,-0.59,-0.74,8.26,6.95,6.65,-0.43,0.83,0.86,8.17,7.32,6.68,-0.48,0.82,0.70,0.28,-1.75,11.54,-1.24,-0.18,0.13
1.510925,6.79,5.14,7.74,0.39,-1.25,1.04,-24.50,-27.56,-21.62,8.09,0.25,12.91,-0.81,0.23,1.06,-10.95,-2.09,6.19,-1.03,-0.51,-1.08,8.63,7.93,7.57,-0.75,1.15,0.80,8.42,8.33,7.48,-0.79,1.11,0.63,-0.45,-1.28,12.43,-1.53,0.04,0.14
1.510937,7.21,5.60,7.62,0.39,-1.25,1.04,-24.50,-27.56,-21.62,7.08,0.48,12.87,-1.10,0.58,1.09,-10.30,-2.77,5.09,-1.07,-0.36,-1.47,7.18,7.84,7.55,-1.10,1.34,0.58,6.85,7.88,7.48,-1.14,1.34,0.39,-0.60,-2.00,11.37,-1.82,0.31,-0.01
1.51095,7.94,5.60,7.25,-0.04,-1.67,1.16,-24.50,-27.56,-21.62,5.74,-0.04,11.81,-1.32,0.97,0.91,-9.33,-3.15,4.49,-0.95,-0.08,-1.75,6.19,6.93,7.32,-1.33,1.43,0.22,5.80,6.92,7.30,-1.37,1.42,0.02,-0.98,-2.95,9.82,-1.99,0.61,-0.24
1.510989,8.29,4.52,6.55,-0.61,-1.71,1.11,-24.50,-27.56,-21.62,5.44,-0.89,10.96,-1.48,1.17,0.73,-9.14,-3.27,5.07,-0.83,0.07,-1.93,6.64,6.08,7.41,-1.50,1.40,0.04,6.31,6.45,7.48,-1.53,1.43,-0.16,-1.72,-3.15,9.13,-2.05,0.70,-0.43
1.511057,8.02,3.22,5.79,-0.61,-1.71,1.11,-28.31,-24.56,-17.81,5.48,-1.52,10.50,-1.66,1.21,0.81,-9.15,-3.40,5.63,-0.88,-0.05,-2.10,7.08,5.57,7.67,-1.70,1.48,0.18,6.75,6.18,7.76,-1.71,1.52,-0.02,-1.54,-3.19,9.10,-2.18,0.64,-0.54
1.513455,8.21,2.61,4.95,-0.61,-1.71,1.11,-29.75,-25.50,-15.62,4.76,-2.33,9.64,-1.76,1.20,0.93,-7.96,-3.83,4.99,-0.97,-0.16,-2.24,5.98,4.66,7.46,-1.81,1.57,0.31,5.61,4.93,7.52,-1.80,1.58,0.10,-0.77,-4.30,7.72,-2.26,0.63,-0.61
1.513475,9.28,3.14,4.72,-0.17,-2.14,1.13,-29.75,-25.50,-15.62,3.66,-2.81,9.31,-1.71,1.24,0.84,-6.43,-4.65,3.71,-0.92,-0.01,-2.24,4.24,3.94,7.47,-1.74,1.59,0.13,3.84,3.82,7.48,-1.76,1.54,-0.10,0.27,-5.44,6.36,-2.23,0.77,-0.65
1.513488,9.67,3.45,4.30,-0.50,-1.88,1.14,-29.75,-25.50,-15.62,3.93,-3.04,9.89,-1.66,1.52,0.53,-5.90,-5.38,3.14,-0.80,0.45,-2.29,3.74,3.85,8.05,-1.65,1.68,-0.38,3.41,3.52,7.91,-1.71,1.56,-0.63,1.38,-5.59,6.26,-2.17,1.18,-0.70
1.513501,9.09,3.07,3.49,-2.00,-1.68,1.59,-36.06,-20.19,-11.25,4.74,-3.49,10.18,-1.66,2.15,0.25,-6.13,-5.82,3.42,-0.80,1.16,-2.54,4.19,3.85,8.68,-1.65,2.01,-1.04,3.92,3.53,8.44,-1.75,1.82,-1.29,1.78,-5.27,6.61,-2.25,1.86,-0.70
1.513512,9.51,1.57,3.22,-2.00,-1.68,1.59,-36.06,-20.19,-11.25,4.67,-4.02,9.89,-1.68,2.73,0.19,-5.96,-6.18,3.37,-0.94,1.71,-2.79,4.06,3.51,8.87,-1.68,2.28,-1.55,3.75,3.10,8.65,-1.75,2.17,-1.79,2.11,-5.81,5.88,-2.39,2.49,-0.60
1.513524,9.51,1.57,3.22,-2.00,-1.68,1.59,-36.06,-20.19,-11.25,3.36,-4.70,8.88,-1.58,3.30,0.07,-5.06,-6.87,2.40,-1.01,2.29,-2.89,2.61,2.78,8.63,-1.62,2.51,-2.14,2.09,2.17,8.49,-1.66,2.57,-2.38,1.25,-7.14,4.00,-2.46,3.11,-0.42
1.513535,10.78,-0.72,2.38,-3.32,-1.42,2.31,-42.62,-10.12,-12.69,0.50,-5.51,7.36,-1.30,3.63,-0.21,-4.54,-7.87,1.30,-0.85,2.82,-2.72,0.89,2.10,8.90,-1.39,2.43,-2.72,0.05,1.57,9.01,-1.39,2.59,-2.91,-1.07,-9.22,1.25,-2.21,3.52,-0.30
1.522942,10.85,-1.61,2.00,-3.50,-1.00,1.98,-42.62,-10.12,-12.69,-1.70,-5.99,6.71,-0.97,3.55,-0.65,-4.71,-8.49,0.90,-0.47,2.96,-2.37,0.17,1.72,9.20,-1.12,2.05,-2.94,-0.87,1.65,9.60,-1.08,2.06,-3.11,-4.33,-9.96,0.15,-1.76,3.44,-0.39
1.544243,10.43,-3.21,1.77,-3.33,-0.58,1.38,-42.62,-10.12,-12.69,-2.02,-6.47,6.82,-0.75,3.01,-0.81,-5.47,-8.57,1.62,-0.19,2.62,-1.95,0.81,1.70,9.73,-0.96,1.57,-2.65,-0.17,2.08,10.15,-0.90,1.51,-2.77,-5.47,-9.86,0.54,-1.25,2.92,-0.49
1.568559,10.50,-2.83,1.84,-2.49,-0.55,0.90,-45.94,4.56,-14.31,-1.80,-6.81,7.45,-0.63,2.45,-0.83,-4.82,-8.77,1.33,-0.03,2.16,-1.59,0.36,1.39,9.89,-0.81,1.16,-2.21,-0.43,1.58,10.12,-0.75,1.08,-2.32,-4.46,-9.69,1.20,-0.86,2.42,-0.49
1.589359,10.96,-2.52,1.69,-1.98,-0.24,0.67,-45.94,4.56,-14.31,-2.22,-7.26,7.08,-0.40,2.12,-0.82,-3.92,-8.93,0.70,0.05,1.97,-1.27,-0.49,0.91,9.73,-0.59,0.93,-2.05,-1.20,0.88,9.83,-0.52,0.87,-2.13,-3.71,-10.02,0.79,-0.66,2.14,-0.41
2.021275,11.00,-2.79,1.42,-1.97,0.16,0.46,-46.62,5.56,-14.06,-3.34,-7.03,6.89,-0.11,1.81,-0.97,-3.56,-9.11,-0.05,0.23,1.87,-0.90,-1.46,0.85,9.51,-0.30,0.65,-1.98,-2.26,0.78,9.67,-0.20,0.56,-2.05,-4.43,-10.45,-0.34,-0.40,1.93,-0.34
2.021329,10.36,-3.44,1.46,-1.97,0.16,0.46,-47.44,9.88,-17.69,-3.35,-7.10,6.55,0.23,1.44,-1.17,-3.42,-8.79,-0.06,0.49,1.70,-0.40,-1.47,0.73,9.21,0.02,0.18,-1.84,-2.17,0.77,9.34,0.16,0.09,-1.87,-4.96,-9.87,-0.00,0.06,1.58,-0.31
2.021344,10.43,-3.37,1.61,-1.97,0.16,0.46,-46.62,10.62,-15.69,-2.68,-6.77,6.83,0.52,1.15,-1.27,-3.62,-8.31,0.01,0.62,1.59,-0.02,-1.17,1.11,8.89,0.29,-0.16,-1.73,-1.74,1.11,8.92,0.44,-0.23,-1.74,-3.64,-9.73,-0.11,0.36,1.32,-0.29
2.021358,9.93,-2.29,2.61,-1.97,0.16,0.46,-46.62,10.62,-15.69,-2.05,-6.89,6.22,0.93,0.99,-1.36,-2.84,-7.50,-0.32,0.69,1.67,0.46,-1.39,0.85,7.82,0.65,-0.45,-1.83,-1.88,0.46,7.91,0.82,-0.39,-1.73,-1.12,-10.37,-1.49,1.01,1.34,0.13
2.021369,10.35,-1.41,2.80,-1.48,1.48,-0.27,-46.62,10.62,-15.69,-2.25,-6.70,5.12,1.62,0.91,-1.48,-2.28,-6.70,-0.53,0.75,1.95,1.04,-1.48,0.56,6.98,1.16,-0.72,-2.07,-1.93,0.16,6.88,1.34,-0.64,-1.93,-1.68,-9.07,-0.93,1.63,1.43,0.70
2.021381,10.20,-1.76,2.38,-1.48,1.48,-0.27,-43.94,11.88,-23.88,-3.15,-4.54,5.99,2.12,0.65,-1.69,-3.47,-6.19,-0.45,0.90,2.06,1.61,-1.13,1.83,6.81,1.69,-0.93,-2.12,-1.79,1.74,6.78,1.80,-0.96,-1.98,-4.57,-7.59,-0.96,2.07,1.29,0.93
2.021394,8.59,-2.33,2.42,-1.48,1.48,-0.27,-41.69,12.69,-25.69,-2.68,-2.72,7.16,2.27,0.43,-1.93,-5.13,-5.79,-0.34,1.18,1.93,1.93,-0.58,3.54,6.89,1.92,-1.22,-1.99,-1.18,3.87,6.95,2.00,-1.33,-1.88,-6.66,-5.14,1.41,2.26,0.90,0.67
2.022274,6.14,-1.68,3.30,-1.48,1.48,-0.27,-41.69,12.69,-25.69,-1.55,-1.62,8.34,2.19,0.28,-2.10,-5.85,-5.12,-0.18,1.42,1.75,1.96,0.19,4.54,6.82,1.94,-1.41,-1.87,-0.38,4.61,6.62,1.99,-1.48,-1.75,-4.51,-4.80,1.71,2.50,0.64,0.44
2.02229,7.56,-0.07,4.68,-1.12,2.22,-1.11,-41.69,12.69,-25.69,-0.44,-1.86,7.80,2.18,0.24,-2.27,-5.15,-4.16,-0.44,1.54,1.81,2.02,0.29,4.35,5.85,1.99,-1.43,-2.03,-0.22,4.02,5.48,2.05,-1.61,-1.87,-0.95,-5.72,-0.31,2.93,0.62,0.71
2.022302,7.79,-0.46,4.95,-1.37,2.39,-1.03,-41.69,12.69,-25.69,0.07,-2.25,6.50,2.47,0.28,-2.42,-4.78,-2.90,-0.09,1.51,2.03,2.31,0.81,3.76,4.77,2.26,-1.34,-2.26,0.51,3.66,4.34,2.29,-1.68,-2.12,-0.73,-3.99,0.57,3.72,0.71,1.54
2.022312,7.68,-1.45,4.45,-1.52,2.99,-0.92,-41.69,12.69,-25.69,1.00,-2.24,5.53,2.88,0.17,-2.24,-5.89,-1.81,1.48,1.35,2.01,2.67,2.65,4.05,4.34,2.64,-1.37,-2.09,2.57,4.75,4.20,2.64,-1.69,-2.00,-6.65,0.54,6.32,3.47,0.78,1.40
2.022323,6.18,-1.72,4.14,-1.19,3.48,-0.92,-41.69,12.69,-25.69,3.09,-0.91,7.69,3.04,-0.25,-1.73,-8.37,-1.35,3.42,0.97,1.61,2.76,5.24,5.82,5.49,2.71,-1.26,-1.43,5.27,6.92,5.10,2.72,-1.46,-1.31,-5.92,0.79,7.40,2.79,0.14,0.83
2.022336,4.61,-1.64,5.03,-0.23,3.13,-0.66,-41.69,12.69,-25.69,4.21,0.48,9.71,2.83,-0.44,-1.02,-9.47,-1.53,3.55,0.47,1.10,2.50,5.75,7.20,6.36,2.46,-0.93,-0.77,5.85,8.16,5.73,2.45,-0.98,-0.64,-2.36,0.88,9.36,2.17,-0.19,0.82
2.022345,4.34,-0.30,5.95,-0.23,3.13,-0.66,-26.75,13.62,-41.81,4.19,1.36,10.52,2.36,-0.46,-0.48,-9.01,-1.45,2.75,0.07,0.79,2.10,4.77,7.30,5.65,2.11,-0.57,-0.41,4.85,7.84,5.22,2.11,-0.41,-0.31,-2.00,-0.15,7.93,1.67,-0.13,1.10
2.024365,5.71,0.00,6.44,0.66,1.66,0.17,-26.75,13.62,-41.81,2.37,0.29,7.35,2.07,-0.36,-0.07,-7.27,-0.63,2.11,-0.19,0.50,2.00,3.84,5.56,3.99,1.98,-0.41,-0.12,3.71,5.87,3.78,1.99,-0.18,-0.00,-2.43,-1.56,5.22,1.63,-0.26,1.45
2.024381,6.21,-0.76,6.02,0.66,1.66,0.17,-22.44,10.94,-45.56,2.42,-0.82,5.16,2.27,-0.88,0.19,-6.79,0.31,2.99,-0.43,0.12,2.38,4.68,4.41,3.03,2.26,-0.35,0.38,4.63,5.06,2.99,2.29,-0.34,0.55,-3.52,-1.30,5.50,1.64,-0.81,1.66
2.024392,6.03,-0.99,5.91,0.66,1.66,0.17,-22.44,10.94,-45.56,4.36,-0.42,5.76,2.65,-1.50,0.71,-7.93,0.80,4.09,-0.84,-0.51,2.90,6.35,5.21,3.38,2.66,-0.25,1.24,6.38,6.11,3.19,2.71,-0.40,1.41,-2.23,-0.74,7.02,1.61,-1.61,1.95
2.024402,5.03,0.93,6.48,3.12,2.67,0.25,-22.44,10.94,-45.56,6.34,0.81,7.59,2.77,-1.78,1.44,-9.40,1.12,4.67,-1.38,-1.12,3.17,7.55,6.73,3.75,2.83,0.03,2.07,7.67,7.71,3.44,2.90,-0.14,2.22,-1.10,0.02,8.89,1.40,-2.21,2.41
2.024413,4.80,1.42,7.05,3.72,2.35,0.60,-22.44,10.94,-45.56,6.82,1.71,8.15,2.73,-2.00,2.09,-10.15,1.30,4.37,-1.87,-1.62,3.26,7.56,7.80,3.67,2.83,0.24,2.73,7.56,8.68,3.42,2.94,0.19,2.87,-1.22,0.30,9.53,1.19,-2.62,2.85
2.024424,4.95,2.15,7.20,3.72,2.35,0.60,-13.25,-2.31,-45.12,6.53,2.54,8.40,2.69,-2.28,2.51,-10.43,1.13,3.70,-2.17,-1.98,3.29,6.86,8.61,3.67,2.79,0.34,3.18,6.75,9.28,3.55,2.89,0.34,3.30,-1.58,0.24,9.54,1.02,-2.92,3.10
2.03884,4.99,3.14,7.25,3.72,2.35,0.60,-12.69,-6.94,-43.81,7.01,3.28,9.35,2.62,-2.46,2.68,-10.90,0.85,3.52,-2.29,-2.19,3.20,6.84,9.42,4.20,2.70,0.40,3.40,6.71,9.97,4.04,2.77,0.41,3.49,-1.63,0.63,10.57,0.80,-3.04,3.09
2.062092,4.57,4.41,7.55,3.72,2.35,0.60,-9.31,-13.88,-39.69,8.20,3.99,10.79,2.32,-2.38,2.87,-12.07,0.91,4.25,-2.42,-2.41,2.86,7.90,10.41,4.97,2.39,0.58,3.58,7.77,11.10,4.68,2.46,0.52,3.63,-1.77,1.41,12.41,0.44,-3.04,3.00
2.085046,4.38,4.49,8.12,4.11,1.28,0.90,-9.31,-13.88,-39.69,8.92,4.72,12.03,1.86,-2.24,3.14,-12.90,0.97,4.64,-2.57,-2.61,2.42,8.37,11.31,5.15,1.90,0.81,3.76,8.21,12.02,4.78,2.00,0.81,3.78,-2.28,1.81,13.47,-0.06,-3.02,2.83
2.105947,4.49,6.21,8.82,4.11,1.28,0.90,-9.31,-13.88,-39.69,8.00,5.12,12.04,1.34,-2.07,3.26,-12.47,0.70,4.03,-2.55,-2.70,1.93,7.31,11.31,4.91,1.36,0.80,3.75,6.98,11.71,4.79,1.49,1.01,3.76,-2.50,0.91,12.16,-0.47,-2.97,2.50
2.527522,4.99,7.02,8.59,3.36,-0.17,0.77,-8.94,-29.19,-31.25,8.10,4.86,12.38,0.84,-1.84,3.03,-11.88,0.21,4.01,-2.29,-2.57,1.38,7.08,10.97,5.42,0.85,0.68,3.44,6.80,11.15,5.26,0.96,0.97,3.44,-1.56,0.75,12.34,-0.66,-2.72,2.00
2.532995,5.26,7.51,8.36,2.66,-0.55,0.92,-8.94,-29.19,-31.25,9.18,4.57,13.33,0.39,-1.39,2.81,-12.44,0.09,5.24,-2.17,-2.34,0.77,8.42,11.00,6.43,0.38,0.78,3.13,8.27,11.36,6.07,0.41,1.02,3.09,-0.47,1.25,13.83,-0.97,-2.29,1.60
2.533045,5.49,7.13,8.55,2.66,-0.55,0.92,-10.75,-29.69,-28.00,10.52,4.13,13.94,-0.23,-0.99,2.88,-13.22,0.28,6.75,-2.28,-2.27,-0.05,10.21,11.07,7.10,-0.25,1.17,3.03,10.11,11.65,6.53,-0.23,1.29,2.94,-0.04,1.73,14.99,-1.43,-1.77,1.33
2.533069,5.83,6.67,8.51,2.33,-1.20,1.25,-10.75,-29.69,-28.00,9.81,3.62,12.71,-0.83,-0.76,3.11,-12.18,0.46,6.71,-2.44,-2.32,-0.70,9.60,10.00,5.87,-0.77,1.45,3.07,9.44,10.51,5.51,-0.72,1.70,2.94,-0.43,0.89,13.33,-1.93,-1.43,1.18
2.533091,6.06,6.79,8.01,2.40,-2.02,1.41,-15.94,-32.56,-20.44,8.39,2.78,11.33,-1.27,-0.57,3.08,-10.22,0.11,6.03,-2.40,-2.25,-1.08,8.33,8.37,5.18,-1.09,1.53,2.95,7.97,8.55,4.96,-1.08,1.95,2.80,-0.29,-0.67,10.99,-2.07,-1.31,0.97
2.53311,7.44,7.51,6.82,2.40,-2.02,1.41,-15.94,-32.56,-20.44,8.02,1.79,10.86,-1.48,-0.39,2.81,-9.45,-0.56,5.96,-2.25,-2.00,-1.29,8.11,7.63,5.68,-1.22,1.65,2.63,7.72,7.64,5.46,-1.27,1.93,2.48,0.68,-1.30,10.61,-2.09,-1.03,0.70
2.533127,7.56,7.47,6.71,2.40,-2.02,1.41,-20.31,-34.88,-15.31,8.03,1.54,11.49,-1.63,-0.07,2.59,-9.62,-1.33,6.22,-2.17,-1.69,-1.60,8.24,7.64,6.58,-1.40,1.90,2.29,7.81,7.67,6.35,-1.43,1.93,2.13,0.93,-1.01,11.52,-2.18,-0.58,0.48
2.533146,7.60,7.13,6.44,1.00,-2.14,1.50,-20.31,-34.88,-15.31,9.01,0.98,12.08,-1.86,0.59,2.31,-9.33,-2.10,6.10,-2.11,-1.18,-2.22,7.98,7.47,7.05,-1.75,2.32,1.74,7.75,7.24,6.63,-1.77,2.13,1.58,1.81,-1.51,11.08,-2.45,0.10,0.10
2.533166,8.62,7.44,6.63,0.29,-2.47,1.86,-20.31,-34.88,-15.31,8.34,0.35,11.64,-1.97,1.43,1.96,-8.01,-2.63,5.49,-2.01,-0.50,-2.61,7.04,6.36,6.83,-1.88,2.57,1.00,14.09,12.71,1.23,-32.66,0.03,0.00,2.99,-2.44,10.28,-2.60,0.80,-0.10
2.533182,9.47,7.28,6.14,0.29,-2.47,1.86,-26.88,-34.12,-7.94,8.26,-0.96,10.51,-2.00,2.23,1.57,-7.70,-2.94,6.23,-1.96,0.27,-2.82,7.63,5.23,7.09,-1.90,2.85,0.21,15.26,10.47,1.23,-32.66,0.03,0.00,2.71,-3.16,9.52,-2.65,1.50,-0.15
2.533199,9.28,5.06,5.45,0.29,-2.47,1.86,-32.81,-29.62,-7.00,7.26,-1.83,9.67,-1.98,2.56,1.37,-7.29,-3.58,6.24,-1.94,0.81,-2.88,7.07,4.40,7.16,-1.87,2.92,-0.33,14.14,8.80,1.23,-32.66,0.03,0.00,1.64,-4.00,8.59,-2.68,1.99,-0.18
2.533215,9.86,5.10,5.18,0.29,-2.47,1.86,-32.81,-29.62,-7.00,6.52,-2.52,9.40,-1.83,2.73,1.16,-6.80,-4.14,5.94,-1.85,1.17,-2.85,6.52,3.83,7.44,-1.74,2.87,-0.71,13.03,7.65,1.23,-32.66,0.03,0.00,1.74,-4.88,8.00,-2.59,2.23,-0.20
2.533231,10.43,4.64,5.06,-1.62,-1.96,2.44,-32.81,-29.62,-7.00,6.45,-2.95,9.95,-1.60,3.02,0.86,-6.95,-4.98,5.49,-1.76,1.65,-2.81,6.19,3.98,8.37,-1.55,2.75,-1.21,12.39,7.95,1.23,-32.66,0.03,0.00,1.53,-4.79,8.34,-2.59,2.61,-0.25
2.533247,10.01,3.84,5.02,-2.12,-1.66,2.59,-38.75,-20.19,-7.00,6.01,-3.22,10.24,-1.50,3.50,0.63,-7.37,-5.66,5.11,-1.75,2.14,-2.88,5.96,4.08,9.03,-1.43,2.99,-1.74,11.91,8.16,1.23,-32.66,0.03,0.00,1.00,-5.25,7.61,-2.59,3.10,-0.19
2.539259,10.20,2.50,4.98,-2.12,-1.66,2.59,-40.44,-17.00,-7.81,5.10,-3.59,9.86,-1.39,3.72,0.58,-7.33,-5.99,4.69,-1.81,2.37,-2.87,5.43,3.89,9.06,-1.37,3.09,-1.96,10.86,7.77,1.23,-32.66,0.03,0.00,-0.03,-5.80,6.57,-2.52,3.37,-0.04
2.539293,10.36,1.04,4.91,-2.12,-1.66,2.59,-40.44,-17.00,-7.81,3.29,-3.36,10.13,-1.30,3.80,0.45,-6.79,-7.08,2.75,-1.77,2.69,-2.83,3.24,4.22,9.51,-1.28,3.15,-2.30,6.49,8.43,1.23,-32.66,0.03,0.00,-1.25,-6.63,5.11,-2.30,3.65,0.03
2.53931,10.35,1.42,4.22,-2.78,-1.51,2.92,-43.75,-6.88,-7.50,1.50,-3.58,9.72,-1.19,4.33,-0.09,-6.18,-7.98,1.00,-1.48,3.31,-2.85,1.26,3.92,9.48,-1.17,3.16,-3.03,2.52,7.84,1.23,-32.66,0.03,0.00,-2.11,-7.39,3.71,-2.05,4.19,-0.10
2.53933,10.23,-0.84,3.41,-2.78,-1.51,2.92,-46.19,-1.12,-8.75,0.34,-4.78,7.91,-0.99,4.42,-0.38,-6.43,-7.73,1.58,-1.29,3.43,-2.69,1.69,3.12,9.28,-1.07,2.92,-3.19,3.38,6.24,1.23,-32.66,0.03,0.00,-5.42,-7.24,2.63,-1.88,4.21,-0.15
2.539344,9.89,-4.02,3.07,-2.78,-1.51,2.92,-46.19,-1.12,-8.75,-1.27,-4.50,7.83,-0.86,3.94,-0.32,-6.64,-7.83,1.35,-1.18,3.07,-2.41,1.25,3.11,9.43,-1.03,2.54,-2.81,0.00,0.00,0.00,0.00,0.00,0.00,-6.85,-6.82,2.44,-1.72,3.62,-0.29
2.545444,8.86,-3.71,3.11,-2.40,-0.96,1.92,-46.19,-1.12,-8.75,-2.20,-4.11,8.21,-0.84,3.42,-0.31,-5.61,-8.20,-0.37,-1.01,2.67,-2.21,-0.62,3.17,9.28,-0.97,2.29,-2.46,0.00,0.00,0.00,0.00,0.00,0.00,-5.83,-7.27,1.44,-1.51,3.17,-0.39
2.565504,8.97,-3.10,2.54,-2.40,-0.96,1.92,-46.19,-1.12,-8.75,-3.63,-4.09,7.52,-0.75,3.17,-0.53,-4.18,-8.35,-1.93,-0.74,2.69,-1.99,-2.45,2.59,8.60,-0.82,2.10,-2.58,0.00,0.00,0.00,0.00,0.00,0.00,-5.82,-7.77,0.17,-1.25,3.12,-0.43
2.5839,8.48,-4.25,1.84,-2.87,-0.57,1.52,-46.19,-1.12,-8.75,-4.54,-4.19,6.55,-0.59,2.94,-0.83,-4.13,-8.04,-1.87,-0.41,2.62,-1.71,-2.54,2.32,8.14,-0.66,1.70,-2.57,0.00,0.00,0.00,0.00,0.00,0.00,-7.68,-7.29,-0.62,-1.03,2.83,-0.55
2.608276,7.44,-5.40,1.65,-2.63,-0.29,1.02,-50.44,17.88,-8.56,-4.06,-3.86,6.75,-0.54,2.47,-0.86,-4.30,-7.67,-1.67,-0.18,2.19,-1.47,-2.22,2.55,8.13,-0.66,1.30,-2.19,0.00,0.00,0.00,0.00,0.00,0.00,-6.81,-6.34,-0.09,-0.74,2.30,-0.67
2.624727,6.94,-3.98,1.73,-2.63,-0.29,1.02,-50.44,17.88,-8.56,-3.68,-3.72,6.82,-0.54,2.28,-0.84,-3.56,-7.54,-2.22,-0.09,2.04,-1.42,-2.78,2.35,7.76,-0.65,1.20,-2.08,0.00,0.00,0.00,0.00,0.00,0.00,-5.43,-6.34,-0.25,-0.61,2.20,-0.68
3.041087,7.21,-3.63,1.46,-2.01,-0.54,0.69,-50.44,17.88,-8.56,-4.43,-3.97,5.61,-0.45,2.19,-0.93,-2.33,-7.16,-2.60,0.06,2.02,-1.25,-3.54,1.37,6.69,-0.54,1.06,-2.11,0.00,0.00,0.00,0.00,0.00,0.00,-5.37,-6.94,-1.39,-0.44,2.14,-0.66
3.041116,7.29,-4.25,1.00,-2.21,-0.28,0.59,-50.44,17.88,-8.56,-5.86,-4.01,4.52,-0.33,1.97,-1.20,-1.50,-7.09,-3.09,0.33,1.95,-0.89,-4.48,0.69,6.07,-0.34,0.63,-2.10,0.00,0.00,0.00,0.00,0.00,0.00,-6.09,-7.73,-2.78,-0.14,1.92,-0.67
3.041129,7.17,-4.02,0.85,-2.06,0.18,0.14,-50.50,22.75,-8.06,-6.60,-3.64,4.39,-0.12,1.56,-1.67,-1.43,-7.07,-3.42,0.87,1.82,-0.35,-4.86,0.90,6.00,-0.08,0.08,-2.12,0.00,0.00,0.00,0.00,0.00,0.00,-6.88,-7.69,-3.53,0.47,1.52,-0.78
3.04114,6.49,-3.79,0.89,-2.06,0.18,0.14,-50.44,22.44,-10.88,-4.57,-3.50,5.08,0.02,1.19,-1.99,-2.47,-6.66,-2.18,1.24,1.65,-0.05,-3.27,1.48,6.26,0.02,-0.36,-2.06,0.00,0.00,0.00,0.00,0.00,0.00,-6.63,-5.99,-1.61,0.92,1.09,-0.92
3.041151,5.91,-3.98,1.00,-2.06,0.18,0.14,-50.44,22.44,-10.88,-3.03,-3.68,5.33,0.04,0.84,-1.97,-2.83,-6.33,-1.10,1.40,1.34,0.14,-2.03,1.46,6.34,-0.05,-0.83,-1.81,0.00,0.00,0.00,0.00,0.00,0.00,-5.57,-5.57,-0.58,1.12,0.68,-1.06
3.041163,6.90,-1.95,1.16,-1.37,0.40,-1.16,-50.44,22.44,-10.88,-3.46,-4.20,4.21,0.17,0.62,-2.06,-1.80,-6.16,-1.12,1.63,1.13,0.40,-2.42,0.56,5.65,-0.01,-1.33,-1.71,0.00,0.00,0.00,0.00,0.00,0.00,-4.46,-6.60,-1.40,1.49,0.32,-1.09
3.041176,7.79,-1.64,0.58,-1.37,0.40,-1.16,-49.06,19.38,-11.06,-3.72,-4.92,2.34,0.53,0.18,-2.33,-0.68,-5.65,-0.89,1.98,1.02,0.84,-2.48,-0.63,4.60,0.32,-1.99,-1.70,0.00,0.00,0.00,0.00,0.00,0.00,-4.28,-7.04,-2.04,1.91,-0.04,-1.11
3.041187,8.02,-1.34,0.23,-1.37,0.40,-1.16,-48.62,18.12,-15.31,-3.27,-4.68,1.67,1.10,-0.37,-2.73,-0.69,-5.14,-0.16,2.40,0.88,1.43,-1.61,-0.77,4.24,0.78,-2.58,-1.63,0.00,0.00,0.00,0.00,0.00,0.00,-4.30,-6.34,-1.76,2.29,-0.47,-1.29
3.041199,7.09,-0.53,0.08,-1.37,0.40,-1.16,-46.62,14.56,-15.50,-0.58,-4.44,2.87,1.53,-1.01,-2.91,-2.02,-4.45,2.39,2.74,0.54,1.93,1.48,-0.43,4.95,1.16,-3.09,-1.33,0.00,0.00,0.00,0.00,0.00,0.00,-3.06,-4.43,0.53,2.54,-1.01,-1.53
3.041215,6.75,-0.68,-0.03,-0.36,1.96,-2.79,-46.62,14.56,-15.50,3.07,-4.68,4.94,1.63,-1.32,-2.60,-2.94,-4.19,4.48,2.58,0.17,2.05,4.28,0.06,6.18,1.24,-3.08,-0.88,0.00,0.00,0.00,0.00,0.00,0.00,0.85,-3.56,3.19,2.41,-1.31,-1.51
3.041227,6.98,0.39,0.20,-0.36,1.96,-2.79,-43.75,7.56,-18.69,4.50,-4.80,6.15,1.55,-1.27,-2.18,-2.87,-4.36,4.93,2.23,0.10,1.94,4.74,0.16,6.64,1.24,-2.73,-0.69,0.00,0.00,0.00,0.00,0.00,0.00,3.34,-4.15,4.00,2.22,-1.09,-1.11
3.041238,7.59,2.15,0.54,-0.36,1.96,-2.79,-43.62,6.88,-23.25,4.39,-5.35,5.71,1.53,-1.03,-1.92,-2.59,-4.49,5.21,1.93,0.20,1.86,4.74,-0.27,6.71,1.28,-2.39,-0.70,0.00,0.00,0.00,0.00,0.00,0.00,2.79,-4.93,4.16,2.05,-0.78,-0.81
3.041249,8.86,2.65,0.31,-0.36,1.96,-2.79,-43.62,6.88,-23.25,4.67,-5.97,5.47,1.59,-1.04,-1.70,-3.16,-4.30,6.48,1.69,0.19,1.92,5.99,-0.43,6.92,1.40,-2.13,-0.57,0.00,0.00,0.00,0.00,0.00,0.00,2.12,-5.36,4.53,1.91,-0.71,-0.64
3.04126,9.09,2.57,1.16,0.59,1.68,-1.23,-43.62,6.88,-23.25,6.35,-6.21,6.38,1.68,-1.13,-1.21,-4.25,-3.96,7.87,1.23,0.00,1.99,7.61,0.06,7.29,1.52,-1.88,-0.16,0.00,0.00,0.00,0.00,0.00,0.00,3.42,-5.22,6.21,1.77,-0.89,-0.30
3.043167,9.27,3.30,1.77,0.59,1.68,-1.23,-39.75,2.25,-25.25,7.46,-5.88,7.35,1.70,-1.17,-0.68,-5.15,-3.73,8.73,0.77,-0.15,2.02,8.81,0.69,7.84,1.59,-1.58,0.18,0.00,0.00,0.00,0.00,0.00,0.00,3.72,-4.87,7.45,1.58,-0.99,0.03
3.043187,8.97,3.99,1.88,0.94,1.60,-0.86,-39.75,2.25,-25.25,8.26,-4.98,8.86,1.56,-1.14,-0.17,-6.28,-3.79,9.01,0.26,-0.31,1.87,9.44,1.91,8.59,1.51,-1.11,0.51,0.00,0.00,0.00,0.00,0.00,0.00,4.35,-4.37,8.90,1.31,-1.06,0.36
3.0432,8.44,5.06,2.34,1.22,1.34,-0.46,-39.75,2.25,-25.25,9.07,-4.36,10.45,1.24,-0.94,0.23,-7.27,-3.89,9.18,-0.19,-0.35,1.51,9.95,2.94,9.30,1.27,-0.55,0.67,0.00,0.00,0.00,0.00,0.00,0.00,4.51,-3.74,10.52,0.94,-0.95,0.64
3.043211,8.59,5.29,3.15,1.05,0.44,0.53,-36.31,-5.50,-26.31,9.35,-4.20,10.94,0.76,-0.58,0.81,-8.09,-3.58,9.53,-0.79,-0.45,0.93,10.48,3.42,9.31,0.89,0.18,0.90,0.00,0.00,0.00,0.00,0.00,0.00,3.99,-3.37,11.28,0.30,-0.81,0.98
3.043226,8.51,4.30,3.34,1.05,0.44,0.53,-36.31,-5.50,-26.31,8.91,-4.15,10.00,0.41,-0.43,1.41,-7.64,-3.11,9.20,-1.29,-0.63,0.54,10.00,3.10,8.37,0.60,0.77,1.24,0.00,0.00,0.00,0.00,0.00,0.00,3.39,-3.53,10.50,-0.16,-0.81,1.27
3.057604,8.78,4.83,3.18,1.65,-0.12,1.24,-36.31,-5.50,-26.31,7.69,-4.32,8.61,0.27,-0.35,1.84,-6.13,-2.87,7.92,-1.70,-0.74,0.38,8.32,2.26,7.05,0.52,1.15,1.48,0.00,0.00,0.00,0.00,0.00,0.00,3.55,-4.83,8.27,-0.46,-0.80,1.52
3.08022,10.12,3.84,3.91,1.64,0.18,1.35,-37.12,-5.88,-26.00,6.23,-4.39,8.23,0.42,-0.22,1.99,-5.71,-3.25,6.39,-1.94,-0.58,0.52,6.70,2.30,6.84,0.72,1.36,1.46,0.00,0.00,0.00,0.00,0.00,0.00,2.89,-5.51,7.37,-0.41,-0.63,1.85
3.101898,9.17,2.38,4.14,1.53,0.62,1.43,-37.12,-5.88,-26.00,4.91,-3.68,8.86,0.57,-0.19,2.06,-6.90,-3.80,5.60,-2.06,-0.54,0.66,6.04,3.39,7.47,0.87,1.36,1.49,0.00,0.00,0.00,0.00,0.00,0.00,0.31,-5.14,7.34,-0.33,-0.60,2.04
3.123666,8.40,1.69,4.34,1.70,0.60,1.39,-38.12,-5.44,-23.88,4.41,-3.06,9.78,0.57,-0.25,2.18,-7.50,-4.20,4.78,-2.17,-0.65,0.64,5.47,4.22,8.05,0.88,1.39,1.63,0.00,0.00,0.00,0.00,0.00,0.00,-0.20,-4.77,7.64,-0.30,-0.64,2.09
3.550235,9.09,1.69,4.98,1.79,0.39,1.42,-38.81,-3.88,-24.25,2.96,-2.62,10.02,0.56,-0.06,2.20,-6.95,-4.73,2.80,-2.22,-0.54,0.55,3.34,4.59,7.77,0.86,1.56,1.50,0.00,0.00,0.00,0.00,0.00,0.00,-0.36,-5.28,6.76,-0.30,-0.36,2.23
3.550381,9.25,0.96,5.33,1.79,0.39,1.42,-38.81,-3.88,-24.25,0.87,-2.49,9.10,0.64,0.06,2.01,-6.67,-4.96,1.58,-2.07,-0.35,0.61,1.85,4.41,7.30,0.95,1.50,1.25,0.00,0.00,0.00,0.00,0.00,0.00,-2.85,-5.32,5.90,-0.15,-0.14,2.29
3.5504,8.59,-0.65,4.91,1.20,0.59,1.44,-38.81,-3.88,-24.25,-0.18,-2.66,7.84,0.80,-0.17,1.83,-6.62,-4.57,1.58,-1.83,-0.43,0.83,1.83,3.97,6.77,1.09,1.17,1.30,0.00,0.00,0.00,0.00,0.00,0.00,-4.88,-5.26,4.77,-0.02,-0.38,2.12
3.550413,7.90,-1.34,4.49,1.88,1.04,0.76,-39.44,-3.31,-23.62,0.38,-2.56,8.49,1.03,-0.54,1.80,-6.71,-4.50,1.21,-1.72,-0.61,1.14,1.78,4.43,7.02,1.28,0.92,1.47,0.00,0.00,0.00,0.00,0.00,0.00,-3.30,-4.73,5.58,0.15,-0.65,2.07
3.55045,8.24,-1.14,4.87,1.88,1.04,0.76,-39.06,-4.44,-22.88,0.32,-1.68,9.99,1.14,-0.50,1.69,-7.17,-5.02,0.04,-1.67,-0.49,1.21,0.84,5.58,7.52,1.39,0.91,1.35,0.00,0.00,0.00,0.00,0.00,0.00,-3.48,-4.37,5.72,0.21,-0.52,2.07
3.550464,7.78,-0.61,5.79,1.88,1.04,0.76,-39.06,-4.44,-22.88,-0.91,-1.37,9.89,1.17,-0.34,1.49,-7.25,-5.18,-0.85,-1.54,-0.28,1.20,-0.09,5.82,7.43,1.41,0.86,1.09,0.00,0.00,0.00,0.00,0.00,0.00,-4.85,-4.35,5.25,0.29,-0.32,2.00
3.550476,8.17,-2.64,6.25,1.06,1.20,0.84,-39.06,-4.44,-22.88,-1.88,-1.19,10.23,1.25,-0.26,1.27,-7.62,-5.45,-1.72,-1.39,-0.11,1.26,-0.92,6.42,7.67,1.47,0.74,0.89,0.00,0.00,0.00,0.00,0.00,0.00,-5.96,-4.48,5.04,0.39,-0.21,1.89
3.550587,8.32,-3.18,6.94,1.06,1.20,0.84,-38.38,-5.31,-24.94,-2.78,-0.74,11.06,1.29,-0.19,1.08,-8.48,-6.03,-2.60,-1.22,0.02,1.28,-1.74,7.34,8.23,1.47,0.61,0.71,0.00,0.00,0.00,0.00,0.00,0.00,-7.12,-4.54,5.05,0.55,-0.08,1.82
3.550602,8.32,-3.67,7.36,1.06,1.20,0.84,-37.19,-5.44,-24.94,-3.70,-0.42,11.29,1.27,-0.22,0.85,-9.04,-6.34,-2.77,-0.99,0.05,1.26,-1.96,7.70,8.54,1.41,0.40,0.58,0.00,0.00,0.00,0.00,0.00,0.00,-9.05,-4.19,5.26,0.66,-0.06,1.64
3.550616,7.90,-3.79,6.86,0.74,1.18,0.02,-37.19,-5.25,-27.75,-3.34,-0.71,11.10,1.23,-0.41,0.61,-8.68,-6.09,-2.64,-0.67,-0.04,1.26,-1.81,7.42,8.31,1.33,0.07,0.54,0.00,0.00,0.00,0.00,0.00,0.00,-7.95,-4.37,5.15,0.77,-0.24,1.29
3.550627,8.59,-2.52,7.52,0.74,1.18,0.02,-37.25,-3.88,-26.81,-2.79,-0.61,11.78,1.27,-0.36,0.37,-8.72,-6.05,-2.88,-0.49,0.12,1.27,-1.81,7.79,8.45,1.34,-0.02,0.32,0.00,0.00,0.00,0.00,0.00,0.00,-7.22,-4.15,5.59,0.88,-0.10,1.13
3.550639,8.25,-2.91,8.01,0.40,1.33,0.04,-37.25,-3.88,-26.81,-2.87,-0.11,12.44,1.29,-0.20,0.17,-9.58,-6.13,-2.97,-0.35,0.34,1.18,-1.72,8.65,8.89,1.29,-0.03,0.04,0.00,0.00,0.00,0.00,0.00,0.00,-8.11,-3.58,6.31,0.90,0.12,0.98
3.550653,7.82,-3.33,8.36,0.03,1.33,0.07,-37.25,-3.88,-26.81,-3.00,0.54,13.25,1.14,-0.09,-0.04,-10.44,-6.23,-2.99,-0.18,0.45,1.02,-1.63,9.40,9.20,1.12,-0.10,-0.14,0.00,0.00,0.00,0.00,0.00,0.00,-9.23,-3.22,6.74,0.88,0.25,0.73
3.550666,8.09,-3.02,8.97,-0.36,0.86,-0.20,-37.25,-3.88,-26.81,-3.16,0.74,13.44,0.96,0.04,-0.29,-10.50,-6.12,-3.28,0.07,0.54,0.79,-1.89,9.57,8.94,0.88,-0.24,-0.36,0.00,0.00,0.00,0.00,0.00,0.00,-9.07,-3.51,6.61,0.89,0.37,0.43
3.553903,8.48,-2.87,9.12,-0.36,0.86,-0.20,-33.56,-5.50,-30.56,-3.42,0.58,12.90,0.89,0.13,-0.58,-10.24,-5.78,-3.36,0.32,0.69,0.72,-1.92,9.31,8.49,0.79,-0.40,-0.60,0.00,0.00,0.00,0.00,0.00,0.00,-9.20,-3.72,6.29,1.01,0.51,0.21
3.553923,8.51,-3.10,9.09,-0.36,0.86,-0.20,-33.56,-5.50,-30.56,-3.25,0.83,12.91,0.89,0.08,-0.88,-10.75,-5.42,-2.93,0.59,0.76,0.74,-1.34,9.59,8.44,0.75,-0.66,-0.76,0.00,0.00,0.00,0.00,0.00,0.00,-9.85,-3.12,6.75,1.12,0.47,-0.07
3.55394,7.40,-2.83,9.36,-0.74,0.93,-0.83,-32.06,-5.94,-34.12,-2.43,1.33,13.57,0.77,-0.02,-1.11,-11.36,-5.20,-2.45,0.85,0.69,0.64,-0.61,10.16,8.66,0.58,-0.88,-0.82,0.00,0.00,0.00,0.00,0.00,0.00,-9.49,-2.41,7.64,1.13,0.40,-0.37
3.553952,7.48,-2.14,9.39,-0.81,0.67,-0.95,-32.06,-5.94,-34.12,-1.52,1.26,13.74,0.61,-0.01,-1.24,-11.31,-4.91,-1.98,1.00,0.67,0.48,0.02,10.08,8.58,0.40,-0.95,-0.89,0.00,0.00,0.00,0.00,0.00,0.00,-8.49,-2.21,8.14,1.09,0.43,-0.57
3.553976,7.71,-1.72,9.23,-0.81,0.67,-0.95,-30.62,-5.12,-33.12,-1.11,1.06,13.37,0.48,0.07,-1.36,-11.03,-4.62,-1.59,1.12,0.70,0.33,0.36,9.72,8.28,0.24,-0.99,-0.99,0.00,0.00,0.00,0.00,0.00,0.00,-8.05,-2.35,8.09,1.04,0.49,-0.74
3.565715,7.98,-1.14,9.01,-0.81,0.67,-0.95,-29.06,-6.19,-34.88,-0.37,0.88,13.19,0.36,0.09,-1.51,-11.03,-4.30,-0.91,1.26,0.73,0.22,1.16,9.52,8.16,0.10,-1.05,-1.10,0.00,0.00,0.00,0.00,0.00,0.00,-7.44,-2.27,8.50,0.98,0.51,-0.95
3.58571,7.98,-0.80,9.05,-0.81,0.67,-0.95,-29.06,-6.19,-34.88,0.47,0.85,13.57,0.25,0.14,-1.57,-11.38,-4.16,-0.29,1.29,0.75,0.11,1.92,9.67,8.37,-0.01,-1.06,-1.14,0.00,0.00,0.00,0.00,0.00,0.00,-6.91,-2.01,9.25,0.91,0.54,-1.06
3.608099,8.05,-0.42,9.35,-1.22,0.30,-1.04,-29.06,-6.19,-34.88,0.92,0.90,13.97,0.08,0.21,-1.57,-11.80,-4.17,0.15,1.30,0.75,-0.07,2.39,9.88,8.62,-0.19,-1.01,-1.17,0.00,0.00,0.00,0.00,0.00,0.00,-6.84,-1.99,9.76,0.76,0.60,-1.17
3.632312,8.25,-0.30,9.51,-1.31,-0.09,-0.96,-28.44,-1.75,-36.12,1.04,0.74,14.01,-0.11,0.27,-1.59,-11.89,-4.20,0.36,1.32,0.73,-0.27,2.59,9.87,8.69,-0.40,-0.99,-1.21,0.00,0.00,0.00,0.00,0.00,0.00,-6.63,-2.39,9.86,0.63,0.64,-1.28
4.060236,8.86,0.04,9.58,-1.31,-0.09,-0.96,-28.44,-1.75,-36.12,1.38,0.54,14.15,-0.26,0.30,-1.64,-12.11,-4.23,0.80,1.38,0.71,-0.41,3.00,9.84,8.86,-0.56,-1.00,-1.24,0.00,0.00,0.00,0.00,0.00,0.00,-6.73,-2.46,10.28,0.54,0.65,-1.38
4.06037,8.89,0.04,9.54,-1.31,-0.09,-0.96,-28.00,0.94,-39.81,1.87,0.45,14.31,-0.40,0.30,-1.63,-12.40,-4.18,1.35,1.39,0.64,-0.54,3.61,9.88,9.10,-0.70,-0.98,-1.21,0.00,0.00,0.00,0.00,0.00,0.00,-6.46,-2.32,10.81,0.43,0.61,-1.47
4.060385,8.82,0.39,9.47,-1.31,-0.09,-0.96,-27.62,-0.69,-38.31,2.50,0.35,14.36,-0.57,0.30,-1.58,-12.47,-4.05,1.86,1.38,0.56,-0.69,4.16,9.77,9.11,-0.87,-0.93,-1.15,0.00,0.00,0.00,0.00,0.00,0.00,-5.83,-2.21,11.20,0.27,0.57,-1.55
4.060397,8.70,0.96,9.35,-1.31,-0.09,-0.96,-28.56,0.44,-39.06,3.05,0.11,14.03,-0.73,0.32,-1.51,-12.23,-3.84,2.42,1.33,0.48,-0.85,4.67,9.36,8.92,-1.02,-0.86,-1.09,0.00,0.00,0.00,0.00,0.00,0.00,-5.14,-2.23,11.33,0.10,0.56,-1.58
4.060412,8.78,1.27,9.16,-1.23,-0.87,-0.86,-28.31,0.94,-39.38,3.47,-0.32,13.30,-0.87,0.32,-1.40,-11.68,-3.54,3.05,1.27,0.37,-0.98,5.19,8.63,8.54,-1.16,-0.80,-0.99,0.00,0.00,0.00,0.00,0.00,0.00,-4.38,-2.44,11.00,-0.07,0.50,-1.59
4.060424,8.75,1.77,8.24,-1.23,-0.87,-0.86,-29.69,3.81,-37.75,3.85,-0.72,12.52,-0.96,0.27,-1.29,-10.93,-3.27,3.60,1.18,0.26,-1.04,5.57,7.80,8.14,-1.22,-0.74,-0.87,0.00,0.00,0.00,0.00,0.00,0.00,-3.46,-2.68,10.48,-0.19,0.41,-1.55
4.060436,8.62,2.07,7.74,-1.23,-0.87,-0.86,-30.62,3.81,-36.31,4.44,-1.17,11.86,-1.00,0.24,-1.16,-10.23,-3.07,4.05,1.07,0.18,-1.06,5.88,7.07,7.86,-1.24,-0.63,-0.76,0.00,0.00,0.00,0.00,0.00,0.00,-2.44,-2.70,10.34,-0.28,0.34,-1.47
4.060537,8.44,2.61,6.94,-1.23,-0.87,-0.86,-30.62,3.81,-36.31,4.83,-1.48,11.43,-1.03,0.25,-1.00,-9.78,-2.98,4.46,0.91,0.13,-1.08,6.21,6.55,7.75,-1.23,-0.47,-0.65,0.00,0.00,0.00,0.00,0.00,0.00,-1.75,-2.64,10.23,-0.43,0.31,-1.36
4.060551,8.20,2.57,6.59,-0.78,-1.02,-0.46,-30.62,3.81,-36.31,5.13,-1.80,11.05,-1.07,0.29,-0.79,-9.38,-2.95,4.82,0.70,0.06,-1.14,6.44,6.06,7.66,-1.25,-0.28,-0.52,0.00,0.00,0.00,0.00,0.00,0.00,-1.15,-2.72,9.94,-0.57,0.30,-1.20
4.060566,8.16,2.46,6.29,-0.78,-1.02,-0.46,-31.31,5.88,-36.06,4.98,-2.14,10.35,-1.09,0.30,-0.57,-8.73,-2.94,4.91,0.50,-0.02,-1.16,6.29,5.41,7.35,-1.25,-0.11,-0.38,0.00,0.00,0.00,0.00,0.00,0.00,-0.96,-3.09,9.17,-0.68,0.27,-1.00
4.060579,8.21,2.53,5.48,-0.29,-1.04,0.00,-33.19,7.06,-35.75,4.78,-2.66,9.47,-1.05,0.28,-0.33,-7.84,-2.94,4.94,0.27,-0.10,-1.10,6.06,4.53,7.02,-1.17,0.05,-0.21,0.00,0.00,0.00,0.00,0.00,0.00,-0.57,-3.41,8.53,-0.74,0.20,-0.79
4.060589,8.25,2.34,5.10,-0.29,-1.04,0.00,-33.19,7.06,-35.75,4.68,-2.85,9.22,-0.99,0.25,-0.14,-7.46,-3.05,4.98,0.09,-0.15,-1.02,5.95,4.21,7.01,-1.07,0.17,-0.08,0.00,0.00,0.00,0.00,0.00,0.00,-0.38,-3.49,8.26,-0.79,0.13,-0.61
4.060605,8.12,2.34,4.95,-0.12,-0.95,0.13,-33.19,7.06,-35.75,4.64,-2.83,9.30,-0.95,0.25,0.04,-7.37,-3.26,4.95,-0.09,-0.21,-0.98,5.86,4.18,7.17,-1.00,0.31,0.05,0.00,0.00,0.00,0.00,0.00,0.00,-0.47,-3.36,8.24,-0.89,0.08,-0.43
4.060619,7.82,2.27,4.60,-0.12,-0.95,0.13,-34.94,7.12,-33.94,4.49,-3.09,8.97,-0.94,0.27,0.27,-7.05,-3.36,4.93,-0.30,-0.29,-0.97,5.71,3.80,7.13,-0.96,0.48,0.22,0.00,0.00,0.00,0.00,0.00,0.00,-0.30,-3.63,7.75,-1.01,0.02,-0.25
4.063544,8.09,2.11,4.37,0.28,-0.96,0.54,-35.88,7.69,-34.00,4.11,-3.45,8.50,-0.90,0.23,0.47,-6.56,-3.52,4.79,-0.48,-0.37,-0.92,5.37,3.33,7.01,-0.89,0.58,0.36,0.00,0.00,0.00,0.00,0.00,0.00,-0.36,-4.12,7.09,-1.05,-0.03,-0.05
4.063574,8.32,1.92,4.14,0.28,-0.96,0.54,-35.88,7.69,-34.00,3.64,-3.77,8.05,-0.80,0.17,0.64,-6.18,-3.64,4.66,-0.63,-0.45,-0.79,5.06,2.89,6.88,-0.76,0.64,0.51,0.00,0.00,0.00,0.00,0.00,0.00,-0.69,-4.40,6.72,-1.04,-0.13,0.14
4.063586,8.44,1.34,3.72,0.76,-0.67,0.62,-37.38,7.25,-31.81,3.42,-4.13,7.75,-0.65,-0.00,0.86,-6.04,-3.75,4.74,-0.82,-0.61,-0.57,5.09,2.59,6.96,-0.57,0.67,0.77,0.00,0.00,0.00,0.00,0.00,0.00,-0.78,-4.58,6.51,-1.03,-0.35,0.38
4.063598,8.62,1.27,3.76,0.76,-0.67,0.62,-37.38,7.25,-31.81,3.53,-4.12,8.22,-0.53,-0.14,1.08,-6.11,-4.00,4.50,-1.02,-0.73,-0.40,4.91,2.83,7.31,-0.40,0.76,0.99,0.00,0.00,0.00,0.00,0.00,0.00,-0.54,-4.61,6.66,-1.03,-0.47,0.62
4.063626,8.66,1.19,4.03,1.19,-0.48,0.87,-37.38,7.25,-31.81,3.26,-3.93,8.73,-0.44,-0.15,1.29,-6.42,-4.33,4.11,-1.21,-0.80,-0.31,4.57,3.19,7.59,-0.28,0.88,1.14,0.00,0.00,0.00,0.00,0.00,0.00,-1.15,-4.62,6.72,-1.06,-0.52,0.83
4.063638,8.97,-0.04,4.34,1.31,-0.46,0.98,-37.38,7.25,-31.81,2.35,-4.09,8.40,-0.33,-0.24,1.54,-6.61,-4.38,3.88,-1.40,-0.98,-0.15,4.26,3.12,7.45,-0.14,0.94,1.40,0.00,0.00,0.00,0.00,0.00,0.00,-2.46,-5.09,6.18,-1.06,-0.72,1.09
4.079623,9.39,-0.72,4.34,1.68,-0.37,0.93,-37.38,7.25,-31.81,1.83,-4.35,8.12,-0.19,-0.53,1.75,-6.75,-4.41,3.69,-1.53,-1.24,0.10,4.07,3.15,7.41,0.03,0.86,1.74,0.00,0.00,0.00,0.00,0.00,0.00,-3.02,-5.37,5.99,-0.98,-1.02,1.30
4.101088,9.47,-0.65,4.53,2.27,-0.15,0.83,-37.38,7.25,-31.81,1.77,-4.00,8.97,0.00,-0.87,2.01,-7.24,-4.80,2.99,-1.67,-1.52,0.39,3.64,3.91,7.95,0.22,0.79,2.07,0.00,0.00,0.00,0.00,0.00,0.00,-3.25,-5.23,6.39,-0.88,-1.33,1.53
4.124391,9.20,0.00,5.21,2.48,-0.04,0.95,-37.38,7.25,-31.81,1.77,-3.19,10.48,0.06,-1.01,2.17,-7.90,-5.30,2.11,-1.81,-1.62,0.52,3.04,5.09,8.68,0.34,0.82,2.25,0.00,0.00,0.00,0.00,0.00,0.00,-3.44,-4.75,7.16,-0.88,-1.42,1.68
4.14627,9.16,0.00,5.71,2.48,-0.04,0.95,-38.94,3.69,-27.44,1.47,-2.42,11.73,0.03,-0.87,2.21,-8.46,-5.77,1.16,-1.91,-1.51,0.45,2.28,6.16,9.20,0.33,0.96,2.16,0.00,0.00,0.00,0.00,0.00,0.00,-3.90,-4.36,7.66,-0.97,-1.27,1.72
4.571211,9.12,-0.30,6.17,2.18,-0.15,1.12,-38.94,3.69,-27.44,0.60,-1.66,12.63,-0.07,-0.57,2.13,-8.85,-6.37,-0.02,-1.93,-1.25,0.23,1.19,7.01,9.63,0.21,1.09,1.90,0.00,0.00,0.00,0.00,0.00,0.00,-4.79,-4.29,7.49,-1.09,-0.94,1.61
4.57124,9.01,-0.46,6.52,2.18,-0.15,1.12,-38.94,2.62,-25.62,-0.13,-1.20,13.22,-0.20,-0.17,1.95,-9.00,-6.81,-0.76,-1.85,-0.92,-0.05,0.37,7.45,9.96,0.02,1.22,1.51,0.00,0.00,0.00,0.00,0.00,0.00,-5.33,-4.25,7.31,-1.16,-0.56,1.43
4.571254,9.01,-0.99,6.55,1.16,-0.49,1.33,-38.94,2.62,-25.62,-0.87,-1.03,13.25,-0.38,0.26,1.68,-8.88,-7.10,-1.50,-1.72,-0.54,-0.40,-0.39,7.59,10.04,-0.20,1.34,1.07,0.00,0.00,0.00,0.00,0.00,0.00,-5.85,-4.22,6.94,-1.24,-0.10,1.19
4.571266,8.75,-2.68,6.55,0.06,-0.81,1.49,-38.94,2.62,-25.62,-1.93,-0.98,12.80,-0.57,0.74,1.35,-8.76,-7.27,-2.14,-1.55,-0.10,-0.75,-1.14,7.48,9.90,-0.44,1.44,0.53,0.00,0.00,0.00,0.00,0.00,0.00,-6.77,-4.32,6.22,-1.33,0.41,0.88
4.571278,8.59,-3.41,6.40,-0.33,-0.91,1.44,-38.94,2.62,-25.62,-2.92,-0.97,12.29,-0.70,1.01,1.06,-8.60,-7.35,-2.66,-1.38,0.20,-1.00,-1.76,7.28,9.71,-0.61,1.42,0.15,0.00,0.00,0.00,0.00,0.00,0.00,-7.60,-4.48,5.43,-1.35,0.71,0.62
4.57129,8.59,-3.41,6.40,-0.58,-0.99,1.30,-42.81,8.25,-23.00,-3.69,-1.06,11.61,-0.81,1.17,0.79,-8.21,-7.33,-3.14,-1.16,0.40,-1.17,-2.28,6.98,9.44,-0.73,1.33,-0.12,0.00,0.00,0.00,0.00,0.00,0.00,-8.17,-4.64,4.62,-1.32,0.90,0.38
4.571303,8.24,-4.40,6.06,-0.58,-0.99,1.30,-42.81,8.25,-23.00,-4.48,-1.16,11.01,-0.88,1.23,0.52,-7.94,-7.28,-3.39,-0.94,0.51,-1.26,-2.65,6.68,9.18,-0.82,1.21,-0.34,0.00,0.00,0.00,0.00,0.00,0.00,-8.70,-4.70,3.90,-1.24,1.01,0.15
4.571314,7.74,-5.43,5.48,-0.80,-1.04,0.90,-43.88,10.69,-20.94,-4.93,-1.25,10.60,-0.97,1.19,0.30,-7.73,-7.32,-3.69,-0.69,0.53,-1.34,-2.94,6.47,9.13,-0.95,1.06,-0.44,0.00,0.00,0.00,0.00,0.00,0.00,-9.38,-4.46,3.57,-1.18,0.98,-0.11
4.571327,7.56,-5.40,5.25,-0.81,-1.14,0.73,-43.88,10.69,-20.94,-5.33,-1.20,10.27,-1.05,1.15,0.12,-7.26,-7.40,-4.25,-0.49,0.53,-1.42,-3.59,6.30,8.95,-1.09,0.94,-0.52,0.00,0.00,0.00,0.00,0.00,0.00,-9.12,-4.59,2.90,-1.14,0.96,-0.36
4.571339,7.44,-5.17,5.06,-0.81,-1.14,0.73,-45.12,15.62,-19.81,-5.88,-1.06,9.90,-1.10,1.19,-0.13,-6.60,-7.48,-5.09,-0.24,0.64,-1.49,-4.51,6.12,8.55,-1.18,0.80,-0.73,0.00,0.00,0.00,0.00,0.00,0.00,-8.91,-4.83,2.13,-1.05,1.06,-0.61
4.571351,7.29,-5.13,4.87,-0.81,-1.14,0.73,-46.12,16.69,-19.12,-6.47,-1.10,9.17,-1.13,1.22,-0.48,-6.24,-7.36,-5.34,0.06,0.77,-1.51,-4.86,5.73,8.19,-1.25,0.58,-0.98,0.00,0.00,0.00,0.00,0.00,0.00,-9.39,-4.91,1.41,-0.89,1.14,-0.87
4.571363,7.06,-5.62,4.60,-0.81,-1.14,0.73,-47.31,16.75,-18.00,-6.63,-1.31,8.32,-1.14,1.10,-0.76,-5.97,-7.03,-5.02,0.36,0.77,-1.47,-4.65,5.24,7.80,-1.31,0.30,-1.06,0.00,0.00,0.00,0.00,0.00,0.00,-9.80,-4.66,1.02,-0.74,1.04,-1.12
4.571375,6.14,-5.74,3.26,-0.81,-1.14,0.73,-47.31,16.75,-18.00,-6.53,-1.44,7.54,-1.14,0.86,-0.98,-5.23,-6.79,-4.98,0.67,0.65,-1.41,-4.78,4.70,7.28,-1.37,-0.02,-1.05,0.00,0.00,0.00,0.00,0.00,0.00,-9.08,-4.51,0.61,-0.59,0.84,-1.37
4.571386,6.09,-5.13,2.88,-1.34,-1.11,-0.54,-47.31,16.75,-18.00,-6.39,-1.70,6.74,-1.12,0.71,-1.21,-4.25,-6.56,-4.92,0.94,0.60,-1.33,-4.88,3.88,6.68,-1.37,-0.31,-1.11,0.00,0.00,0.00,0.00,0.00,0.00,-8.11,-4.76,-0.06,-0.45,0.75,-1.57
4.573672,6.17,-5.01,2.07,-1.49,-1.04,-0.77,-47.31,16.75,-18.00,-5.93,-2.32,5.71,-1.04,0.57,-1.44,-3.28,-6.27,-4.31,1.21,0.58,-1.19,-4.44,2.77,6.20,-1.31,-0.60,-1.16,0.00,0.00,0.00,0.00,0.00,0.00,-7.17,-5.05,-0.60,-0.26,0.64,-1.73
4.573692,6.33,-3.82,0.96,-1.47,-0.62,-1.22,-48.62,18.00,-13.88,-5.25,-2.89,5.03,-0.91,0.37,-1.68,-2.32,-6.13,-3.62,1.45,0.56,-0.97,-3.97,1.74,5.91,-1.19,-0.83,-1.21,0.00,0.00,0.00,0.00,0.00,0.00,-6.19,-5.16,-0.64,-0.08,0.50,-1.90
4.573705,6.64,-3.29,0.50,-1.47,-0.62,-1.22,-48.62,18.00,-13.88,-4.46,-3.61,4.44,-0.75,0.27,-1.88,-1.59,-5.94,-2.80,1.64,0.61,-0.75,-3.34,0.82,5.57,-1.02,-1.01,-1.28,0.00,0.00,0.00,0.00,0.00,0.00,-5.13,-5.35,-0.65,0.00,0.40,-2.08
4.573717,6.83,-3.37,0.23,-1.56,-0.36,-1.37,-48.62,18.00,-13.88,-3.64,-4.21,3.96,-0.55,0.18,-1.99,-1.46,-5.74,-1.68,1.74,0.60,-0.48,-2.32,0.16,5.53,-0.81,-1.20,-1.28,0.00,0.00,0.00,0.00,0.00,0.00,-4.21,-5.64,-0.78,0.14,0.28,-2.12
4.573729,6.64,-3.29,0.04,-1.44,-0.06,-1.47,-48.62,18.00,-13.88,-2.80,-4.47,4.00,-0.51,-0.00,-2.05,-1.59,-5.55,-0.34,1.79,0.44,-0.21,-1.05,-0.22,5.66,-0.60,-1.36,-1.10,0.00,0.00,0.00,0.00,0.00,0.00,-3.59,-5.55,-0.33,0.30,0.02,-2.08
4.573742,6.83,-1.22,0.00,-0.81,0.17,-1.64,-48.62,18.00,-13.88,-1.24,-4.95,3.78,-0.33,-0.24,-1.98,-1.51,-5.43,0.54,1.79,0.24,0.05,-0.21,-0.43,5.62,-0.38,-1.53,-0.90,0.00,0.00,0.00,0.00,0.00,0.00,-2.25,-5.38,0.44,0.45,-0.22,-2.03
4.589094,6.98,-0.23,0.08,-0.81,0.17,-1.64,-47.00,11.06,-14.25,-0.09,-5.34,3.70,-0.13,-0.35,-1.90,-1.49,-5.33,1.23,1.77,0.19,0.22,0.52,-0.56,5.74,-0.23,-1.68,-0.84,0.00,0.00,0.00,0.00,0.00,0.00,-0.76,-5.62,0.83,0.52,-0.28,-2.00
4.609583,7.40,0.43,0.16,-0.81,0.17,-1.64,-47.00,11.06,-14.25,0.74,-5.54,3.84,0.11,-0.40,-1.85,-1.55,-4.99,2.38,1.75,0.20,0.41,1.78,-0.83,5.72,-0.03,-1.75,-0.82,0.00,0.00,0.00,0.00,0.00,0.00,0.36,-6.03,0.98,0.70,-0.29,-1.86
4.63278,7.68,1.00,0.23,-0.57,0.72,-1.59,-45.56,7.94,-14.50,1.98,-5.79,3.88,0.34,-0.55,-1.76,-1.92,-4.50,4.10,1.70,0.09,0.68,3.51,-1.09,5.77,0.24,-1.79,-0.66,0.00,0.00,0.00,0.00,0.00,0.00,1.31,-5.91,1.79,0.95,-0.41,-1.61
4.655356,7.52,2.07,0.00,-0.57,0.72,-1.59,-45.56,7.94,-14.50,3.52,-5.88,4.46,0.53,-0.76,-1.55,-2.46,-4.36,5.28,1.50,-0.05,0.88,4.86,-0.89,6.20,0.43,-1.72,-0.41,0.00,0.00,0.00,0.00,0.00,0.00,2.54,-5.45,3.27,1.07,-0.55,-1.31
5.078924,7.71,2.88,0.23,-0.57,0.72,-1.59,-44.06,3.12,-17.12,4.56,-5.65,5.65,0.56,-0.75,-1.36,-2.78,-4.57,5.75,1.31,-0.08,0.93,5.34,-0.49,6.62,0.51,-1.55,-0.31,0.00,0.00,0.00,0.00,0.00,0.00,3.58,-5.49,4.15,1.07,-0.50,-1.07
5.080935,8.02,3.88,0.54,-0.57,0.72,-1.59,-43.44,3.19,-18.50,5.37,-6.43,5.43,0.62,-0.64,-1.20,-2.89,-4.46,6.52,1.13,-0.01,0.96,6.09,-0.71,6.72,0.59,-1.38,-0.30,0.00,0.00,0.00,0.00,0.00,0.00,4.19,-5.88,4.65,1.03,-0.39,-0.80
5.080968,8.59,3.91,0.62,-0.57,0.72,-1.59,-42.31,-0.31,-19.75,5.63,-6.70,5.68,0.77,-0.62,-0.97,-3.37,-4.52,7.27,0.92,-0.01,1.04,6.85,-0.68,7.04,0.72,-1.22,-0.20,0.00,0.00,0.00,0.00,0.00,0.00,4.25,-6.45,4.71,1.07,-0.36,-0.48
5.080979,9.32,3.88,0.73,-0.57,0.72,-1.59,-42.06,0.19,-20.50,5.88,-6.74,6.20,0.89,-0.68,-0.74,-3.81,-4.71,7.65,0.70,-0.06,1.14,7.23,-0.44,7.48,0.85,-1.07,-0.05,0.00,0.00,0.00,0.00,0.00,0.00,4.15,-6.48,5.48,1.12,-0.40,-0.22
5.080989,9.63,4.49,1.31,-0.57,0.72,-1.59,-40.69,-2.94,-20.44,6.17,-6.58,7.21,0.96,-0.69,-0.54,-4.52,-4.96,7.90,0.48,-0.09,1.20,7.55,0.10,8.03,0.95,-0.89,0.07,0.00,0.00,0.00,0.00,0.00,0.00,4.15,-6.54,6.27,1.09,-0.43,0.00
5.080998,9.97,4.10,1.65,0.47,1.08,-0.54,-40.69,-2.94,-20.44,6.42,-6.73,7.91,0.92,-0.64,-0.36,-5.27,-5.23,8.11,0.26,-0.14,1.20,7.87,0.59,8.62,0.99,-0.75,0.19,0.00,0.00,0.00,0.00,0.00,0.00,3.88,-6.72,7.06,1.02,-0.45,0.23
5.081008,10.43,4.07,2.04,0.62,1.02,-0.36,-40.69,-2.94,-20.44,6.32,-6.63,8.64,0.88,-0.59,-0.14,-5.76,-5.50,8.14,0.06,-0.19,1.17,7.92,1.01,9.04,1.01,-0.56,0.31,0.00,0.00,0.00,0.00,0.00,0.00,3.57,-7.06,7.35,0.95,-0.45,0.44
5.081034,10.73,4.30,2.27,0.62,1.02,-0.36,-39.69,-3.94,-21.81,6.50,-7.02,8.36,0.88,-0.57,0.05,-5.91,-5.47,8.41,-0.10,-0.24,1.16,8.21,0.97,9.07,1.04,-0.37,0.42,0.00,0.00,0.00,0.00,0.00,0.00,3.70,-7.34,7.21,0.95,-0.50,0.62
5.08105,10.81,4.45,2.15,0.62,1.02,-0.36,-38.62,-6.44,-23.12,7.01,-7.02,8.38,0.91,-0.54,0.31,-6.04,-5.14,8.85,-0.30,-0.33,1.18,8.80,0.97,9.04,1.08,-0.12,0.61,0.00,0.00,0.00,0.00,0.00,0.00,3.73,-6.88,7.69,0.96,-0.63,0.82
5.081058,10.20,4.56,2.11,0.62,1.02,-0.36,-38.62,-6.44,-23.12,7.29,-6.53,9.02,0.90,-0.62,0.62,-6.56,-4.92,8.71,-0.62,-0.42,1.14,9.01,1.61,9.30,1.08,0.29,0.83,0.00,0.00,0.00,0.00,0.00,0.00,3.72,-6.06,8.87,0.77,-0.76,1.01
5.081068,10.01,4.68,3.18,1.29,0.71,0.63,-38.62,-6.44,-23.12,7.25,-5.93,9.55,0.79,-0.54,0.97,-6.76,-4.77,8.04,-0.97,-0.41,1.01,8.23,2.21,8.93,1.00,0.90,0.98,0.00,0.00,0.00,0.00,0.00,0.00,3.62,-5.81,8.94,0.55,-0.74,1.25
5.081077,9.81,4.56,3.15,1.29,0.71,0.63,-38.56,-7.94,-22.69,6.79,-6.03,8.24,0.82,-0.45,1.18,-6.13,-4.12,7.71,-1.17,-0.40,0.99,7.69,1.67,7.73,1.05,0.94,1.05,0.00,0.00,0.00,0.00,0.00,0.00,3.50,-5.97,7.83,0.41,-0.70,1.45
5.081086,9.70,4.07,3.07,1.29,0.72,0.83,-38.56,-7.94,-22.69,6.49,-6.03,7.04,1.03,-0.51,1.40,-5.50,-3.25,7.36,-1.39,-0.43,1.20,7.45,1.24,6.70,1.28,0.85,1.19,0.00,0.00,0.00,0.00,0.00,0.00,3.75,-5.95,7.00,0.46,-0.77,1.72
5.081093,9.59,3.68,3.11,1.56,1.04,0.91,-38.56,-7.94,-22.69,6.04,-5.11,7.48,1.34,-0.57,1.65,-5.96,-2.98,6.42,-1.65,-0.43,1.49,6.89,2.22,6.61,1.61,0.79,1.34,0.00,0.00,0.00,0.00,0.00,0.00,3.18,-5.30,7.17,0.59,-0.79,2.08
5.083323,8.51,2.84,4.53,1.90,1.58,1.23,-36.44,-8.25,-21.62,4.87,-3.15,9.17,1.50,-0.55,1.83,-7.29,-3.38,4.63,-1.86,-0.38,1.62,5.56,4.25,7.11,1.81,0.90,1.39,0.00,0.00,0.00,0.00,0.00,0.00,0.90,-3.92,8.10,0.62,-0.71,2.35
5.083342,7.32,1.77,5.60,1.90,1.58,1.23,-37.69,-7.50,-23.44,3.87,-2.03,9.98,1.47,-0.42,1.89,-7.87,-3.40,3.32,-1.93,-0.31,1.53,4.52,5.41,7.13,1.80,1.03,1.33,0.00,0.00,0.00,0.00,0.00,0.00,-0.36,-3.34,8.10,0.49,-0.60,2.38
5.083356,7.32,1.77,5.60,1.53,1.26,1.42,-37.31,-7.88,-25.50,2.66,-1.57,10.04,1.43,-0.26,1.91,-8.08,-3.38,2.06,-1.98,-0.19,1.44,3.40,5.96,6.89,1.76,1.14,1.23,0.00,0.00,0.00,0.00,0.00,0.00,-1.87,-3.31,7.72,0.39,-0.48,2.38
5.083371,7.67,-1.49,7.17,1.44,1.31,1.43,-36.06,-9.69,-22.25,0.80,-1.00,10.24,1.43,-0.22,1.90,-8.78,-3.68,0.71,-1.98,-0.15,1.42,2.11,6.85,7.00,1.73,1.12,1.20,0.00,0.00,0.00,0.00,0.00,0.00,-4.13,-3.46,7.24,0.36,-0.45,2.35
5.083385,7.67,-1.49,7.17,1.53,1.30,1.27,-37.69,-6.94,-23.81,-0.61,-0.40,10.63,1.40,-0.31,1.81,-9.11,-4.04,-0.55,-1.87,-0.22,1.41,0.91,7.51,7.15,1.68,1.02,1.21,0.00,0.00,0.00,0.00,0.00,0.00,-5.30,-3.57,6.76,0.41,-0.49,2.24
5.083396,7.32,-2.14,7.44,1.53,1.30,1.27,-37.69,-6.94,-23.81,-1.65,-0.09,10.78,1.36,-0.39,1.65,-9.17,-4.31,-1.53,-1.71,-0.24,1.38,-0.06,7.86,7.17,1.62,0.89,1.15,0.00,0.00,0.00,0.00,0.00,0.00,-6.27,-3.51,6.45,0.49,-0.48,2.12
5.103204,7.02,-2.98,7.44,1.39,1.19,0.84,-35.56,-8.19,-24.12,-2.50,0.05,10.67,1.32,-0.50,1.42,-9.07,-4.45,-2.34,-1.45,-0.29,1.36,-0.89,8.00,7.07,1.54,0.67,1.09,0.00,0.00,0.00,0.00,0.00,0.00,-7.11,-3.54,5.94,0.57,-0.51,1.88
5.120394,6.98,-3.10,7.48,1.32,1.18,0.63,-35.56,-8.19,-24.12,-2.84,0.15,10.73,1.30,-0.56,1.27,-8.98,-4.51,-2.71,-1.29,-0.31,1.37,-1.23,8.08,7.07,1.50,0.52,1.04,0.00,0.00,0.00,0.00,0.00,0.00,-7.25,-3.44,5.82,0.65,-0.54,1.71
5.145919,6.75,-2.98,7.52,1.23,1.20,0.45,-36.44,-8.06,-24.50,-3.16,0.53,11.30,1.27,-0.53,1.04,-8.94,-4.83,-3.52,-1.06,-0.23,1.31,-2.02,8.53,7.23,1.42,0.37,0.87,0.00,0.00,0.00,0.00,0.00,0.00,-7.17,-3.34,5.76,0.69,-0.45,1.49
5.166573,6.79,-3.52,7.93,0.50,1.13,0.22,-36.44,-8.06,-24.50,-3.92,0.66,11.34,1.21,-0.35,0.69,-8.86,-4.95,-4.18,-0.76,-0.02,1.19,-2.70,8.64,7.18,1.31,0.23,0.54,0.00,0.00,0.00,0.00,0.00,0.00,-7.87,-3.50,5.32,0.78,-0.20,1.21
5.590869,7.06,-4.17,8.25,0.30,1.21,0.00,-36.44,-8.06,-24.50,-4.63,0.57,11.06,1.22,-0.26,0.38,-8.94,-4.97,-4.53,-0.48,0.14,1.17,-3.09,8.68,7.03,1.26,0.01,0.29,0.00,0.00,0.00,0.00,0.00,0.00,-8.69,-3.81,4.95,0.91,-0.06,0.97
5.590899,7.32,-4.44,8.55,0.30,1.21,0.00,-33.94,-9.69,-26.50,-5.10,0.68,11.39,1.26,-0.28,0.06,-9.37,-5.14,-4.74,-0.20,0.22,1.22,-3.26,9.06,7.29,1.24,-0.26,0.11,0.00,0.00,0.00,0.00,0.00,0.00,-9.40,-3.83,5.18,1.08,-0.01,0.73
5.590912,7.40,-4.52,8.86,0.18,1.32,-0.30,-33.94,-9.69,-26.50,-5.22,1.12,12.34,1.25,-0.32,-0.27,-10.02,-5.45,-5.07,0.13,0.29,1.22,-3.44,9.89,7.80,1.17,-0.55,-0.09,0.00,0.00,0.00,0.00,0.00,0.00,-9.76,-3.62,5.71,1.23,0.06,0.43
5.590924,7.25,-3.79,9.35,-0.38,1.20,-0.78,-33.94,-9.69,-26.50,-4.85,1.43,13.20,1.15,-0.25,-0.67,-10.65,-5.51,-4.97,0.50,0.44,1.09,-3.08,10.48,8.20,1.01,-0.78,-0.40,0.00,0.00,0.00,0.00,0.00,0.00,-9.88,-3.21,6.60,1.30,0.21,0.05
5.590936,7.32,-3.63,9.51,-0.38,1.20,-0.78,-31.38,-12.62,-29.25,-4.37,1.51,13.58,1.02,-0.16,-0.99,-11.00,-5.33,-4.60,0.80,0.56,0.93,-2.62,10.73,8.24,0.82,-0.97,-0.65,0.00,0.00,0.00,0.00,0.00,0.00,-9.71,-3.13,7.05,1.32,0.35,-0.28
5.590947,7.59,-3.25,9.78,-0.97,0.94,-1.11,-30.75,-12.62,-30.69,-4.05,1.54,13.57,0.93,-0.06,-1.31,-11.21,-4.93,-4.26,1.10,0.68,0.80,-2.14,10.82,8.00,0.66,-1.18,-0.90,0.00,0.00,0.00,0.00,0.00,0.00,-9.60,-3.20,7.28,1.37,0.50,-0.59
5.59099,7.79,-2.56,10.54,-1.18,0.95,-1.34,-30.75,-12.62,-30.69,-3.33,2.11,14.21,0.83,-0.04,-1.73,-12.11,-4.44,-3.67,1.50,0.78,0.70,-1.18,11.57,8.00,0.49,-1.44,-1.16,0.00,0.00,0.00,0.00,0.00,0.00,-9.79,-2.60,8.42,1.45,0.58,-1.00
5.591003,7.59,-1.87,11.00,-1.18,0.95,-1.34,-28.88,-13.69,-32.38,-1.96,2.44,15.14,0.67,-0.03,-2.01,-13.07,-3.99,-2.72,1.76,0.82,0.55,0.18,12.24,8.28,0.29,-1.60,-1.33,0.00,0.00,0.00,0.00,0.00,0.00,-9.13,-1.89,10.01,1.43,0.63,-1.31
5.591018,7.71,-1.22,11.39,-1.18,0.95,-1.34,-27.75,-13.38,-31.75,-0.22,2.49,16.04,0.43,0.03,-2.19,-13.93,-3.51,-1.54,1.92,0.85,0.30,1.75,12.71,8.55,0.03,-1.65,-1.46,0.00,0.00,0.00,0.00,0.00,0.00,-8.12,-1.37,11.57,1.31,0.71,-1.56
5.591029,8.32,0.16,12.00,-1.18,0.95,-1.34,-27.31,-9.88,-34.38,0.95,2.39,16.59,0.18,0.16,-2.28,-14.54,-3.17,-0.51,2.00,0.89,0.01,3.00,12.94,8.75,-0.26,-1.59,-1.57,0.00,0.00,0.00,0.00,0.00,0.00,-7.41,-1.29,12.66,1.10,0.81,-1.73
5.59104,9.01,0.89,12.15,-1.83,-0.18,-1.52,-27.31,-9.88,-34.38,2.05,2.01,16.71,-0.14,0.28,-2.31,-15.10,-2.89,0.82,2.05,0.85,-0.32,4.39,12.85,8.88,-0.59,-1.54,-1.61,0.00,0.00,0.00,0.00,0.00,0.00,-6.98,-1.41,13.57,0.81,0.84,-1.90
5.591052,9.16,1.31,11.95,-1.83,-0.18,-1.52,-25.12,-7.50,-36.94,3.42,1.67,16.71,-0.43,0.27,-2.25,-15.34,-2.55,2.21,2.03,0.71,-0.57,5.83,12.56,9.00,-0.87,-1.49,-1.52,0.00,0.00,0.00,0.00,0.00,0.00,-5.92,-1.23,14.42,0.51,0.73,-2.04
5.591063,8.82,2.91,11.42,-1.83,-0.18,-1.52,-25.12,-7.50,-36.94,4.84,1.43,16.65,-0.64,0.24,-2.05,-15.19,-2.21,3.39,1.93,0.56,-0.84,7.04,12.07,8.90,-1.15,-1.37,-1.39,0.00,0.00,0.00,0.00,0.00,0.00,-4.23,-1.12,14.87,0.20,0.66,-2.09
5.591073,9.01,3.68,10.96,-1.55,-1.00,-1.24,-25.12,-7.50,-36.94,5.92,1.04,16.05,-0.91,0.34,-1.91,-14.62,-1.92,4.24,1.79,0.48,-1.09,7.79,11.36,8.63,-1.36,-1.16,-1.31,0.00,0.00,0.00,0.00,0.00,0.00,-2.72,-1.14,14.84,-0.07,0.66,-2.06
5.593605,8.86,4.33,10.31,-1.54,-1.21,-1.02,-26.06,-5.88,-37.38,6.74,0.45,14.99,-1.15,0.42,-1.72,-13.84,-1.53,5.24,1.61,0.42,-1.32,8.58,10.28,8.17,-1.53,-0.92,-1.21,0.00,0.00,0.00,0.00,0.00,0.00,-1.61,-1.17,14.51,-0.36,0.66,-1.98
5.593626,8.67,4.45,9.58,-1.54,-1.21,-1.02,-26.31,-2.38,-37.94,7.28,-0.12,13.92,-1.31,0.47,-1.50,-12.88,-1.26,5.97,1.39,0.32,-1.48,9.01,9.20,7.69,-1.66,-0.69,-1.07,0.00,0.00,0.00,0.00,0.00,0.00,-0.50,-1.29,13.92,-0.62,0.62,-1.87
5.593645,8.51,4.64,8.89,-1.54,-1.21,-1.02,-27.75,-3.19,-37.50,7.46,-0.56,13.00,-1.42,0.52,-1.26,-11.95,-1.20,6.35,1.15,0.24,-1.59,9.08,8.24,7.33,-1.73,-0.46,-0.93,0.00,0.00,0.00,0.00,0.00,0.00,0.23,-1.59,13.02,-0.84,0.59,-1.72
5.593661,8.25,4.71,7.63,-1.54,-1.21,-1.02,-28.25,-4.56,-38.44,7.40,-1.12,11.97,-1.50,0.58,-1.00,-10.92,-1.26,6.52,0.91,0.16,-1.67,8.93,7.21,7.06,-1.77,-0.23,-0.77,0.00,0.00,0.00,0.00,0.00,0.00,0.93,-1.96,11.99,-1.02,0.54,-1.54
5.593674,8.13,4.37,6.29,-1.54,-1.21,-1.02,-29.12,-0.62,-36.88,7.23,-1.61,11.13,-1.54,0.62,-0.74,-9.93,-1.44,6.59,0.63,0.10,-1.72,8.66,6.24,6.89,-1.77,0.03,-0.62,0.00,0.00,0.00,0.00,0.00,0.00,1.41,-2.25,11.09,-1.16,0.52,-1.31
5.601207,8.13,4.37,6.29,-0.81,-1.62,0.04,-31.00,0.94,-35.50,6.76,-2.22,9.99,-1.57,0.65,-0.47,-8.82,-1.62,6.59,0.36,0.02,-1.73,8.25,5.16,6.55,-1.73,0.23,-0.46,0.00,0.00,0.00,0.00,0.00,0.00,1.50,-2.73,9.90,-1.29,0.45,-1.08
5.625452,8.09,3.68,5.18,-0.34,-1.49,0.33,-33.06,4.56,-35.62,6.21,-3.01,8.77,-1.49,0.56,-0.16,-7.67,-1.86,6.53,0.08,-0.10,-1.62,7.75,3.98,6.30,-1.60,0.39,-0.22,0.00,0.00,0.00,0.00,0.00,0.00,1.81,-3.32,8.70,-1.36,0.31,-0.79
5.64746,7.98,3.61,4.07,-0.12,-1.39,0.45,-33.06,4.56,-35.62,6.17,-3.62,7.84,-1.35,0.44,0.13,-6.82,-2.05,6.57,-0.17,-0.20,-1.49,7.51,3.15,6.14,-1.44,0.53,-0.00,0.00,0.00,0.00,0.00,0.00,0.00,2.18,-3.54,7.92,-1.37,0.17,-0.51
5.669352,7.75,3.53,3.45,-0.12,-1.39,0.45,-33.69,4.44,-32.81,5.90,-3.81,7.23,-1.23,0.36,0.43,-5.85,-2.04,6.54,-0.44,-0.30,-1.33,7.24,2.28,5.74,-1.26,0.65,0.22,0.00,0.00,0.00,0.00,0.00,0.00,2.56,-3.80,7.00,-1.35,0.04,-0.21
6.101167,7.56,3.61,2.88,0.39,-1.12,0.73,-33.69,4.44,-32.81,5.84,-4.48,5.79,-1.01,0.24,0.73,-4.81,-1.78,6.82,-0.70,-0.45,-1.06,7.15,1.17,4.95,-1.01,0.65,0.48,0.00,0.00,0.00,0.00,0.00,0.00,2.82,-4.14,5.99,-1.25,-0.15,0.15
6.104858,7.52,3.30,2.30,0.39,-1.12,0.73,-36.88,4.75,-32.44,6.02,-5.12,4.66,-0.72,-0.00,1.05,-4.04,-1.48,7.19,-0.97,-0.66,-0.70,7.47,0.23,4.53,-0.64,0.60,0.84,0.00,0.00,0.00,0.00,0.00,0.00,3.44,-4.27,5.37,-1.11,-0.45,0.55
6.104887,7.60,3.49,1.96,0.39,-1.12,0.73,-37.31,6.19,-31.06,6.37,-4.60,5.44,-0.40,-0.18,1.38,-3.58,-1.75,6.54,-1.27,-0.73,-0.38,6.95,0.50,4.74,-0.28,0.76,1.07,0.00,0.00,0.00,0.00,0.00,0.00,4.58,-3.92,5.47,-0.98,-0.54,0.94
6.104899,6.87,4.49,2.15,1.25,-0.28,1.27,-37.31,6.19,-31.06,6.22,-4.12,6.06,-0.18,0.04,1.63,-3.77,-2.09,5.88,-1.62,-0.55,-0.21,6.39,1.00,4.96,0.02,1.13,1.05,0.00,0.00,0.00,0.00,0.00,0.00,3.96,-3.43,5.80,-0.97,-0.36,1.35
6.104911,7.02,3.22,2.50,1.09,-0.19,1.59,-37.31,6.19,-31.06,5.31,-3.93,6.22,-0.04,0.21,1.83,-4.13,-2.34,5.29,-1.88,-0.43,-0.12,5.87,1.36,5.14,0.19,1.35,1.06,0.00,0.00,0.00,0.00,0.00,0.00,2.63,-3.50,5.76,-1.00,-0.25,1.64
6.104923,7.36,2.23,2.88,1.18,-0.07,1.80,-37.31,6.19,-31.06,3.99,-3.71,6.51,0.09,0.25,2.03,-4.80,-2.75,4.36,-2.12,-0.42,0.01,5.02,2.05,5.45,0.37,1.50,1.16,0.00,0.00,0.00,0.00,0.00,0.00,0.74,-3.87,5.52,-1.01,-0.27,1.89
6.104934,7.70,1.08,3.30,1.18,-0.07,1.80,-38.50,6.25,-30.00,2.56,-3.10,7.59,0.22,0.18,2.17,-5.67,-3.60,2.79,-2.27,-0.44,0.16,3.60,3.37,6.21,0.53,1.54,1.25,0.00,0.00,0.00,0.00,0.00,0.00,-0.94,-3.94,5.81,-0.98,-0.32,2.05
6.104945,8.09,0.31,4.95,1.18,-0.07,1.80,-38.50,6.25,-30.00,1.46,-1.95,9.92,0.24,0.26,2.16,-7.01,-4.70,1.07,-2.31,-0.30,0.14,2.26,5.26,7.55,0.56,1.63,1.13,0.00,0.00,0.00,0.00,0.00,0.00,-2.45,-3.61,6.78,-1.05,-0.17,2.05
6.104983,8.24,-1.57,6.63,1.14,0.07,1.92,-38.50,6.25,-30.00,0.29,-1.16,11.72,0.09,0.54,2.07,-8.53,-5.51,-0.15,-2.28,-0.10,-0.10,1.41,6.89,8.72,0.40,1.79,0.92,0.00,0.00,0.00,0.00,0.00,0.00,-4.62,-3.52,7.35,-1.22,0.08,1.93
6.104995,8.51,-2.79,7.29,0.76,-0.20,2.02,-38.50,6.25,-30.00,-1.28,-0.76,12.50,-0.14,0.74,1.98,-9.50,-6.11,-1.21,-2.21,0.01,-0.37,0.47,7.82,9.35,0.16,1.91,0.78,0.00,0.00,0.00,0.00,0.00,0.00,-6.66,-3.90,7.24,-1.35,0.24,1.77
6.105007,8.93,-3.75,7.63,0.60,-0.50,1.98,-38.50,6.25,-30.00,-2.83,-0.67,12.83,-0.37,0.82,1.86,-10.05,-6.60,-2.20,-2.08,0.01,-0.59,-0.50,8.34,9.74,-0.08,1.92,0.70,0.00,0.00,0.00,0.00,0.00,0.00,-8.46,-4.23,7.04,-1.48,0.28,1.55
6.105018,9.13,-5.32,8.09,0.45,-0.82,1.60,-38.50,6.25,-30.00,-4.69,-0.49,13.02,-0.56,0.80,1.66,-10.23,-7.19,-3.73,-1.88,-0.01,-0.77,-2.18,8.88,10.01,-0.33,1.78,0.62,0.00,0.00,0.00,0.00,0.00,0.00,-9.96,-4.75,6.34,-1.56,0.29,1.25
6.105029,9.01,-6.09,8.09,0.29,-0.91,1.29,-42.31,13.38,-26.75,-6.16,-0.32,13.08,-0.72,0.73,1.40,-10.38,-7.68,-4.87,-1.60,-0.05,-0.88,-3.30,9.16,10.27,-0.51,1.56,0.54,0.00,0.00,0.00,0.00,0.00,0.00,-11.43,-5.13,5.57,-1.56,0.26,0.92
6.10504,8.74,-6.85,7.93,0.29,-0.91,1.29,-42.31,13.38,-26.75,-6.96,-0.30,13.04,-0.86,0.63,1.15,-10.40,-7.93,-5.48,-1.29,-0.15,-0.99,-3.92,9.25,10.49,-0.71,1.30,0.51,0.00,0.00,0.00,0.00,0.00,0.00,-12.06,-5.10,5.27,-1.54,0.16,0.57
6.10766,8.48,-7.16,7.67,0.12,-1.24,0.71,-42.62,13.69,-24.31,-7.34,-0.24,12.93,-1.05,0.53,0.85,-9.87,-8.03,-6.15,-0.94,-0.22,-1.16,-4.63,9.11,10.35,-0.95,1.08,0.43,0.00,0.00,0.00,0.00,0.00,0.00,-11.64,-5.17,4.56,-1.52,0.14,0.20
6.10768,8.29,-6.93,7.40,0.12,-1.24,0.71,-43.38,16.19,-23.00,-7.76,-0.43,12.05,-1.19,0.53,0.54,-9.12,-7.88,-6.56,-0.63,-0.19,-1.29,-5.18,8.58,9.83,-1.13,0.90,0.27,0.00,0.00,0.00,0.00,0.00,0.00,-11.61,-5.28,3.75,-1.46,0.19,-0.11
6.107694,7.98,-7.27,6.79,0.12,-1.24,0.71,-44.00,16.69,-22.62,-8.12,-0.59,11.13,-1.25,0.44,0.25,-8.57,-7.62,-6.66,-0.32,-0.20,-1.32,-5.41,8.04,9.34,-1.23,0.68,0.16,0.00,0.00,0.00,0.00,0.00,0.00,-11.70,-5.37,3.00,-1.35,0.16,-0.40
6.107708,7.75,-7.50,6.55,0.12,-1.24,0.71,-44.00,16.69,-22.62,-7.97,-0.62,10.65,-1.28,0.31,0.00,-8.20,-7.35,-6.58,-0.04,-0.23,-1.31,-5.35,7.74,9.00,-1.30,0.45,0.09,0.00,0.00,0.00,0.00,0.00,0.00,-11.33,-5.04,2.93,-1.24,0.09,-0.68
6.107731,7.14,-6.78,6.21,-0.40,-1.29,-0.28,-44.00,16.69,-22.62,-7.22,-0.60,10.48,-1.32,0.21,-0.26,-7.84,-7.04,-6.34,0.22,-0.24,-1.32,-5.06,7.53,8.68,-1.40,0.27,-0.01,0.00,0.00,0.00,0.00,0.00,0.00,-10.17,-4.69,2.79,-1.15,0.09,-0.94
6.107745,6.87,-6.24,5.95,-0.40,-1.29,-0.28,-45.31,18.00,-19.19,-6.77,-0.65,10.09,-1.37,0.23,-0.46,-7.34,-6.79,-6.15,0.41,-0.17,-1.38,-4.97,7.12,8.20,-1.48,0.14,-0.16,0.00,0.00,0.00,0.00,0.00,0.00,-9.46,-4.64,2.53,-1.07,0.16,-1.11
6.119713,6.83,-5.97,5.64,-0.40,-1.29,-0.28,-46.44,17.25,-19.12,-6.70,-0.90,9.13,-1.37,0.25,-0.70,-6.68,-6.45,-5.78,0.65,-0.10,-1.39,-4.83,6.40,7.62,-1.52,-0.07,-0.31,0.00,0.00,0.00,0.00,0.00,0.00,-9.05,-4.80,1.90,-0.93,0.22,-1.27
6.147258,6.59,-5.89,4.91,-0.40,-1.29,-0.28,-46.50,17.69,-18.38,-6.69,-0.84,8.37,-1.33,0.18,-0.94,-6.06,-6.20,-5.68,0.90,-0.08,-1.33,-4.90,5.92,7.10,-1.51,-0.29,-0.43,0.00,0.00,0.00,0.00,0.00,0.00,-8.81,-4.69,1.36,-0.73,0.23,-1.43
6.165213,5.79,-4.94,4.03,-0.89,-1.23,-0.88,-46.50,17.69,-18.38,-6.07,-0.96,7.43,-1.27,0.08,-1.23,-5.22,-5.83,-5.30,1.19,-0.06,-1.25,-4.67,5.15,6.44,-1.49,-0.56,-0.56,0.00,0.00,0.00,0.00,0.00,0.00,-7.94,-4.35,1.09,-0.56,0.21,-1.67
6.189571,5.68,-4.32,3.30,-1.15,-1.04,-1.28,-47.88,15.00,-12.62,-5.03,-1.52,6.39,-1.18,0.01,-1.49,-4.25,-5.37,-4.31,1.45,-0.01,-1.14,-3.83,4.00,5.84,-1.44,-0.83,-0.70,0.00,0.00,0.00,0.00,0.00,0.00,-6.36,-4.33,0.66,-0.40,0.21,-1.87
6.61142,5.75,-3.56,2.11,-1.15,-1.04,-1.28,-47.88,15.00,-12.62,-3.92,-2.20,5.62,-1.06,-0.04,-1.63,-3.54,-5.04,-3.15,1.59,0.02,-1.02,-2.83,2.99,5.53,-1.36,-0.99,-0.76,0.00,0.00,0.00,0.00,0.00,0.00,-5.14,-4.23,0.63,-0.26,0.19,-1.93
6.611467,5.68,-3.29,1.69,-1.10,-0.82,-1.37,-47.88,15.00,-12.62,-3.02,-2.61,5.31,-0.97,-0.07,-1.65,-3.11,-4.88,-2.33,1.62,0.01,-0.93,-2.15,2.41,5.44,-1.28,-1.06,-0.76,0.00,0.00,0.00,0.00,0.00,0.00,-3.92,-4.23,0.59,-0.14,0.18,-1.90
6.611481,5.87,-2.29,1.08,-1.04,-0.78,-1.34,-47.88,15.00,-12.62,-2.92,-3.08,4.58,-0.85,-0.13,-1.70,-2.29,-5.08,-1.90,1.68,0.03,-0.81,-2.09,1.46,5.27,-1.16,-1.17,-0.80,0.00,0.00,0.00,0.00,0.00,0.00,-3.26,-4.88,0.04,0.03,0.22,-1.85
6.611494,6.37,-1.87,0.43,-1.10,-0.63,-1.45,-47.88,15.00,-12.62,-2.42,-3.82,3.74,-0.70,-0.24,-1.82,-1.64,-5.10,-0.97,1.79,0.04,-0.62,-1.53,0.48,5.10,-1.02,-1.33,-0.83,0.00,0.00,0.00,0.00,0.00,0.00,-2.70,-5.55,-0.53,0.23,0.19,-1.83
6.611506,6.67,-1.18,-0.07,-1.04,-0.40,-1.66,-47.88,15.00,-12.62,-1.18,-4.62,3.25,-0.51,-0.40,-1.89,-1.24,-4.91,0.47,1.88,0.00,-0.38,-0.17,-0.45,5.07,-0.83,-1.51,-0.80,0.00,0.00,0.00,0.00,0.00,0.00,-1.41,-5.57,-0.12,0.49,0.04,-1.82
6.611518,6.75,0.35,-0.61,-0.87,-0.17,-1.77,-47.88,15.00,-12.62,0.57,-5.15,3.52,-0.32,-0.50,-1.86,-1.09,-4.77,1.83,1.85,-0.03,-0.17,1.14,-0.88,5.32,-0.63,-1.57,-0.73,0.00,0.00,0.00,0.00,0.00,0.00,0.38,-5.32,0.82,0.65,-0.04,-1.71
6.611531,6.90,1.15,-0.84,-0.75,-0.04,-1.65,-47.88,15.00,-12.62,1.39,-5.50,3.56,-0.18,-0.48,-1.79,-0.96,-4.86,2.72,1.77,0.01,-0.03,1.89,-1.25,5.52,-0.47,-1.55,-0.72,0.00,0.00,0.00,0.00,0.00,0.00,1.25,-5.60,1.16,0.71,-0.01,-1.58
6.611546,7.25,1.57,-1.11,-0.77,0.06,-1.51,-47.88,15.00,-12.62,2.02,-6.00,3.25,-0.07,-0.51,-1.75,-0.85,-4.87,3.86,1.72,0.02,0.11,2.81,-1.84,5.65,-0.32,-1.56,-0.69,0.00,0.00,0.00,0.00,0.00,0.00,1.84,-6.07,1.16,0.81,-0.06,-1.48
6.611558,7.25,1.57,-1.11,-0.66,0.19,-1.52,-46.06,1.44,-10.62,3.05,-6.64,2.91,0.11,-0.60,-1.69,-0.56,-4.75,4.94,1.66,-0.00,0.31,3.76,-2.44,5.66,-0.14,-1.60,-0.61,0.00,0.00,0.00,0.00,0.00,0.00,2.97,-6.39,1.38,0.95,-0.15,-1.36
6.611569,8.13,3.34,-1.64,-0.66,0.19,-1.52,-43.50,-1.69,-11.94,4.26,-7.15,2.87,0.35,-0.68,-1.56,-0.55,-4.53,6.35,1.55,-0.03,0.55,5.06,-2.93,5.70,0.12,-1.61,-0.51,0.00,0.00,0.00,0.00,0.00,0.00,4.03,-6.48,1.99,1.11,-0.23,-1.14
6.611611,8.16,3.88,-1.79,-0.11,0.76,-1.41,-44.19,-3.88,-15.38,5.54,-7.73,2.69,0.57,-0.80,-1.38,-0.59,-4.23,7.79,1.40,-0.12,0.79,6.44,-3.39,5.81,0.36,-1.60,-0.34,0.00,0.00,0.00,0.00,0.00,0.00,5.19,-6.48,2.68,1.19,-0.39,-0.92
6.611624,8.48,4.52,-2.02,-0.11,0.76,-1.41,-44.19,-3.88,-15.38,7.05,-8.02,3.54,0.78,-0.87,-1.09,-1.08,-4.26,8.79,1.10,-0.16,1.01,7.66,-3.19,6.47,0.62,-1.43,-0.14,0.00,0.00,0.00,0.00,0.00,0.00,6.76,-6.50,3.78,1.25,-0.46,-0.57
6.611635,9.32,5.52,-0.88,0.29,1.04,-0.89,-44.19,-3.88,-15.38,7.71,-7.85,4.97,0.88,-0.77,-0.74,-2.22,-4.68,9.33,0.71,-0.13,1.08,8.36,-2.34,7.42,0.76,-1.12,0.00,0.00,0.00,0.00,0.00,0.00,0.00,6.53,-6.45,5.21,1.18,-0.41,-0.17
6.611647,9.32,5.52,-0.88,0.37,0.96,-0.60,-41.69,-6.19,-14.25,7.94,-7.93,5.19,0.91,-0.72,-0.46,-2.63,-4.69,9.84,0.43,-0.15,1.09,8.82,-2.23,7.55,0.84,-0.88,0.14,0.00,0.00,0.00,0.00,0.00,0.00,6.39,-6.66,5.51,1.09,-0.43,0.07
6.61398,9.55,5.68,-0.76,0.37,0.96,-0.60,-40.31,-8.69,-15.94,9.04,-8.53,4.85,1.02,-0.70,-0.12,-2.21,-4.21,10.59,0.10,-0.18,1.17,9.63,-2.77,7.21,1.01,-0.61,0.30,0.00,0.00,0.00,0.00,0.00,0.00,8.28,-6.91,5.75,1.03,-0.48,0.41
6.613996,10.39,6.55,-0.41,0.83,1.41,0.37,-40.31,-8.69,-15.94,9.88,-8.60,5.43,1.22,-0.52,0.27,-2.73,-3.93,10.92,-0.37,-0.06,1.30,10.27,-2.32,7.40,1.28,-0.20,0.40,0.00,0.00,0.00,0.00,0.00,0.00,8.62,-6.61,6.62,0.98,-0.37,0.91
6.61401,10.05,5.94,0.27,0.83,1.41,0.37,-39.88,-10.62,-17.25,9.85,-8.03,6.05,1.36,-0.36,0.71,-3.60,-3.79,10.75,-0.84,0.02,1.38,10.34,-1.48,7.52,1.49,0.21,0.53,0.00,0.00,0.00,0.00,0.00,0.00,7.77,-6.09,7.28,0.88,-0.29,1.40
6.614024,9.74,5.71,0.73,1.05,1.47,0.81,-39.88,-10.62,-17.25,9.82,-7.44,6.57,1.47,-0.21,1.14,-4.11,-3.56,10.12,-1.33,0.07,1.43,10.00,-0.68,7.35,1.68,0.64,0.68,0.00,0.00,0.00,0.00,0.00,0.00,7.35,-5.56,7.83,0.72,-0.23,1.85
6.614033,9.85,5.60,1.39,1.23,1.52,1.22,-39.88,-10.62,-17.25,9.33,-6.75,7.06,1.60,0.02,1.52,-4.52,-3.27,8.90,-1.79,0.23,1.48,9.17,0.22,7.04,1.88,1.07,0.73,0.00,0.00,0.00,0.00,0.00,0.00,6.86,-5.20,7.85,0.57,-0.07,2.28
6.629409,10.01,5.14,2.42,1.24,1.69,1.69,-39.88,-6.56,-19.19,7.71,-5.26,7.16,1.87,0.38,2.00,-5.29,-2.92,6.74,-2.34,0.50,1.58,7.47,1.73,6.40,2.17,1.58,0.70,0.00,0.00,0.00,0.00,0.00,0.00,4.58,-4.47,7.10,0.49,0.22,2.85
6.646406,8.62,2.80,3.88,1.25,2.07,2.36,-39.88,-6.56,-19.19,5.75,-3.74,7.22,2.07,0.50,2.23,-5.71,-2.74,5.09,-2.59,0.64,1.67,6.03,2.72,5.88,2.36,1.81,0.69,0.00,0.00,0.00,0.00,0.00,0.00,2.38,-3.78,6.57,0.53,0.36,3.15
6.668255,7.79,2.07,4.34,1.25,2.07,2.36,-40.12,-6.88,-20.94,4.00,-1.91,7.94,2.16,0.56,2.35,-6.66,-2.63,3.21,-2.76,0.73,1.75,4.52,4.33,5.66,2.52,2.02,0.71,0.00,0.00,0.00,0.00,0.00,0.00,-0.16,-2.61,6.79,0.52,0.42,3.34
6.691893,6.75,0.66,6.02,1.33,2.17,2.36,-40.12,-2.31,-22.88,2.48,-0.48,8.79,2.16,0.67,2.40,-7.64,-2.57,1.16,-2.85,0.79,1.75,2.90,6.00,5.50,2.57,2.15,0.69,0.00,0.00,0.00,0.00,0.00,0.00,-2.36,-1.83,6.85,0.45,0.47,3.41
7.120697,6.64,-0.49,6.94,1.33,2.17,2.36,-39.25,-1.38,-24.06,0.53,0.60,9.31,2.14,0.67,2.39,-8.49,-2.65,-0.64,-2.82,0.79,1.75,1.34,7.31,5.43,2.56,2.11,0.68,0.00,0.00,0.00,0.00,0.00,0.00,-4.88,-1.52,6.42,0.42,0.46,3.37
7.120721,6.37,-2.83,8.29,1.33,2.17,2.36,-39.38,1.31,-26.62,-1.12,1.56,10.35,2.11,0.66,2.31,-9.27,-2.98,-2.49,-2.75,0.77,1.74,-0.28,8.75,5.81,2.49,2.00,0.66,0.00,0.00,0.00,0.00,0.00,0.00,-6.60,-1.25,6.48,0.41,0.45,3.28
7.120731,6.25,-3.33,9.01,1.12,2.00,2.11,-39.38,1.31,-26.62,-2.96,2.72,11.71,2.00,0.71,2.13,-10.26,-3.82,-4.39,-2.58,0.81,1.61,-1.96,10.24,6.52,2.35,1.89,0.54,0.00,0.00,0.00,0.00,0.00,0.00,-8.83,-1.14,6.42,0.40,0.54,3.08
7.120742,5.83,-3.82,9.35,1.12,2.00,2.11,-37.81,4.62,-28.88,-4.76,3.01,11.94,1.79,0.70,1.85,-10.74,-4.26,-5.32,-2.25,0.76,1.43,-2.96,10.71,6.78,2.11,1.65,0.42,0.00,0.00,0.00,0.00,0.00,0.00,-10.85,-1.47,5.92,0.39,0.55,2.76
7.120753,6.33,-6.05,9.51,1.12,2.00,2.11,-37.81,4.06,-28.19,-5.76,2.72,11.82,1.60,0.50,1.56,-10.59,-4.40,-6.00,-1.90,0.59,1.35,-3.71,10.61,6.73,1.88,1.29,0.41,0.00,0.00,0.00,0.00,0.00,0.00,-11.53,-1.98,5.32,0.47,0.42,2.43
7.120765,6.68,-5.86,9.66,0.79,1.41,1.04,-37.81,4.06,-28.19,-6.67,2.55,11.82,1.51,0.33,1.27,-10.22,-4.51,-6.65,-1.57,0.49,1.37,-4.43,10.48,6.66,1.77,0.97,0.37,0.00,0.00,0.00,0.00,0.00,0.00,-11.92,-2.47,4.55,0.61,0.31,2.14
7.120775,6.68,-6.20,9.62,0.65,1.53,0.71,-37.81,4.06,-28.19,-7.54,2.72,11.82,1.43,0.11,0.93,-10.37,-4.78,-6.96,-1.20,0.36,1.44,-4.84,10.60,6.87,1.69,0.61,0.35,0.00,0.00,0.00,0.00,0.00,0.00,-12.99,-2.44,4.31,0.80,0.15,1.84
7.120783,6.10,-6.62,9.24,0.65,1.53,0.71,-36.62,5.19,-32.06,-7.70,2.47,11.47,1.25,-0.16,0.54,-10.36,-5.01,-7.21,-0.79,0.17,1.47,-5.17,10.71,6.98,1.57,0.19,0.37,0.00,0.00,0.00,0.00,0.00,0.00,-13.14,-2.43,4.14,0.97,-0.08,1.44
7.120791,5.79,-6.32,9.12,0.65,1.53,0.71,-36.19,2.81,-32.31,-7.47,2.38,11.88,1.23,-0.35,0.18,-9.97,-5.08,-7.47,-0.37,0.10,1.45,-5.40,10.64,7.00,1.44,-0.24,0.25,0.00,0.00,0.00,0.00,0.00,0.00,-12.21,-2.48,4.14,1.15,-0.16,1.04
7.1208,6.45,-5.59,9.32,0.65,1.53,0.71,-36.19,2.81,-32.31,-7.05,2.05,11.92,1.19,-0.39,-0.23,-9.72,-4.98,-7.42,0.02,0.19,1.43,-5.31,10.46,6.89,1.34,-0.55,0.01,0.00,0.00,0.00,0.00,0.00,0.00,-11.64,-2.54,4.10,1.28,-0.11,0.68
7.120809,6.79,-6.05,9.28,-0.23,1.53,-0.84,-36.19,2.81,-32.31,-7.09,2.10,12.15,1.23,-0.35,-0.63,-9.71,-4.86,-7.19,0.40,0.34,1.45,-5.03,10.38,6.97,1.28,-0.90,-0.28,0.00,0.00,0.00,0.00,0.00,0.00,-11.54,-2.59,3.94,1.51,0.02,0.37
7.120818,6.21,-5.89,9.28,-0.23,1.53,-0.84,-32.31,2.12,-35.88,-7.52,2.69,12.62,1.08,-0.35,-1.02,-10.52,-5.31,-7.47,0.78,0.39,1.37,-5.29,11.32,7.50,1.14,-1.17,-0.48,0.00,0.00,0.00,0.00,0.00,0.00,-13.05,-1.95,4.63,1.64,0.06,0.01
7.120826,6.06,-5.36,9.89,-0.71,1.08,-1.60,-32.31,2.12,-35.88,-7.10,2.89,13.18,0.92,-0.38,-1.51,-11.01,-5.38,-7.51,1.35,0.40,1.14,-5.16,11.84,7.63,0.80,-1.60,-0.74,0.00,0.00,0.00,0.00,0.00,0.00,-12.90,-1.67,5.33,1.68,0.09,-0.60
7.120837,6.06,-5.36,9.89,-1.09,0.88,-1.87,-29.50,0.50,-38.62,-6.19,2.61,13.38,0.82,-0.31,-1.91,-10.98,-4.78,-6.99,1.77,0.50,0.97,-4.28,11.68,7.31,0.58,-1.93,-1.02,0.00,0.00,0.00,0.00,0.00,0.00,-12.03,-1.86,5.55,1.72,0.20,-1.03
7.123106,6.79,-4.94,10.24,-1.09,0.88,-1.87,-27.62,-0.19,-38.25,-5.23,2.47,13.55,0.77,-0.27,-2.24,-11.69,-4.03,-5.76,2.08,0.57,0.90,-2.77,11.87,7.20,0.44,-2.14,-1.21,0.00,0.00,0.00,0.00,0.00,0.00,-11.86,-1.49,6.67,1.81,0.25,-1.31
7.123121,7.36,-4.29,11.23,-1.09,0.88,-1.87,-27.62,-0.19,-38.25,-3.97,2.92,14.63,0.66,-0.31,-2.43,-12.96,-3.60,-4.52,2.30,0.53,0.82,-1.12,12.66,7.55,0.29,-2.28,-1.24,0.00,0.00,0.00,0.00,0.00,0.00,-11.59,-0.70,8.58,1.80,0.17,-1.60
7.123132,7.21,-1.57,12.41,-1.29,0.61,-2.32,-27.62,-0.19,-38.25,-1.72,3.46,16.60,0.40,-0.37,-2.67,-14.55,-3.41,-3.39,2.50,0.49,0.54,0.58,14.00,8.34,-0.04,-2.32,-1.32,0.00,0.00,0.00,0.00,0.00,0.00,-10.41,0.05,11.00,1.63,0.18,-1.96
7.123143,7.52,-0.61,12.88,-1.29,0.61,-2.32,-23.25,0.44,-40.88,0.12,3.37,17.77,0.07,-0.22,-2.77,-15.41,-2.91,-2.00,2.57,0.54,0.16,2.35,14.40,8.64,-0.40,-2.20,-1.43,0.00,0.00,0.00,0.00,0.00,0.00,-9.11,0.46,13.01,1.32,0.30,-2.20
7.123154,8.17,0.00,13.10,-1.29,0.61,-2.32,-23.38,1.94,-40.94,2.04,2.56,17.65,-0.27,-0.02,-2.71,-15.76,-2.35,-0.45,2.50,0.56,-0.21,4.07,14.07,8.52,-0.73,-1.97,-1.48,0.00,0.00,0.00,0.00,0.00,0.00,-7.60,0.18,13.88,0.98,0.43,-2.30
7.123167,8.67,0.43,13.07,-1.29,0.61,-2.32,-24.31,3.56,-42.38,2.86,2.01,17.14,-0.51,0.10,-2.54,-15.69,-2.04,0.79,2.36,0.50,-0.50,5.10,13.48,8.35,-1.00,-1.82,-1.43,0.00,0.00,0.00,0.00,0.00,0.00,-6.96,-0.30,13.95,0.68,0.50,-2.28
7.136525,8.51,1.27,12.15,-1.29,0.61,-2.32,-24.31,3.56,-42.38,3.11,1.93,16.67,-0.75,0.12,-2.39,-15.50,-1.97,1.48,2.27,0.35,-0.72,5.57,13.08,8.18,-1.21,-1.73,-1.31,0.00,0.00,0.00,0.00,0.00,0.00,-6.73,-0.30,14.03,0.46,0.46,-2.30
7.159217,7.94,2.38,11.08,-1.29,0.61,-2.32,-24.81,6.19,-43.94,3.84,1.64,15.81,-0.99,0.08,-2.24,-14.75,-1.54,2.38,2.17,0.14,-0.97,6.35,12.15,7.73,-1.43,-1.60,-1.14,0.00,0.00,0.00,0.00,0.00,0.00,-5.11,-0.37,13.69,0.20,0.36,-2.32
7.180887,7.71,3.07,10.20,-1.29,0.61,-2.32,-24.56,7.00,-41.88,5.50,0.80,14.76,-1.23,0.05,-2.03,-13.81,-0.91,3.80,1.97,0.01,-1.19,7.65,10.89,7.29,-1.62,-1.37,-0.96,0.00,0.00,0.00,0.00,0.00,0.00,-3.16,0.00,13.82,-0.11,0.26,-2.25
7.20254,7.59,2.84,9.39,-1.21,-1.46,-1.36,-24.56,7.00,-41.88,6.24,0.42,14.06,-1.47,0.06,-1.60,-13.08,-0.73,4.70,1.58,-0.16,-1.41,8.38,9.97,7.14,-1.80,-0.94,-0.67,0.00,0.00,0.00,0.00,0.00,0.00,-1.98,0.09,13.64,-0.47,0.20,-2.01
7.631726,7.06,3.72,8.36,-0.85,-1.68,-0.95,-26.94,7.19,-40.75,6.03,0.27,13.31,-1.76,0.10,-1.21,-12.22,-1.01,4.79,1.22,-0.33,-1.71,8.00,9.23,7.03,-2.04,-0.43,-0.41,0.00,0.00,0.00,0.00,0.00,0.00,-1.72,-0.23,12.67,-0.90,0.13,-1.87
7.631756,7.25,3.64,7.70,-0.63,-2.17,-0.55,-26.94,7.19,-40.75,5.91,-0.34,12.04,-1.96,0.13,-0.95,-11.01,-1.09,4.88,0.99,-0.44,-1.91,7.46,8.07,6.31,-2.21,-0.15,-0.25,0.00,0.00,0.00,0.00,0.00,0.00,-0.96,-0.84,11.52,-1.20,0.07,-1.78
7.631768,7.56,3.61,6.90,-0.63,-2.17,-0.55,-28.94,10.75,-39.81,5.83,-1.80,9.79,-2.01,0.10,-0.71,-9.42,-0.85,5.40,0.80,-0.56,-1.93,7.53,6.18,5.55,-2.20,-0.13,-0.09,0.00,0.00,0.00,0.00,0.00,0.00,0.01,-1.88,9.81,-1.38,-0.05,-1.61
7.63178,7.98,3.30,6.10,-0.63,-2.17,-0.55,-31.00,9.88,-38.00,6.08,-2.96,8.34,-1.85,-0.06,-0.37,-8.12,-0.69,6.14,0.49,-0.72,-1.74,7.93,4.58,5.23,-1.99,-0.08,0.19,0.00,0.00,0.00,0.00,0.00,0.00,1.16,-2.45,8.84,-1.43,-0.25,-1.29
7.631793,8.16,2.91,5.29,0.00,-1.85,-0.25,-31.00,9.88,-38.00,6.36,-3.08,8.21,-1.69,-0.21,0.00,-7.31,-1.01,6.29,0.12,-0.86,-1.54,7.85,3.96,5.40,-1.76,0.11,0.49,0.00,0.00,0.00,0.00,0.00,0.00,1.92,-2.47,8.44,-1.48,-0.40,-0.93
7.631805,6.75,4.30,3.49,0.54,-1.65,0.30,-31.00,9.88,-38.00,6.49,-3.16,7.78,-1.59,-0.21,0.43,-6.33,-1.27,6.22,-0.26,-0.91,-1.45,7.47,3.28,5.23,-1.59,0.42,0.69,0.00,0.00,0.00,0.00,0.00,0.00,2.66,-2.65,7.58,-1.58,-0.44,-0.54
7.631817,6.90,4.22,3.07,0.59,-1.60,0.58,-31.00,9.88,-38.00,6.31,-3.74,6.45,-1.47,-0.17,0.71,-5.02,-1.12,6.34,-0.55,-0.89,-1.34,7.26,1.99,4.57,-1.40,0.64,0.80,0.00,0.00,0.00,0.00,0.00,0.00,3.28,-3.18,6.40,-1.60,-0.46,-0.22
7.631829,6.90,4.22,3.07,0.79,-1.31,0.78,-35.44,10.06,-32.69,6.37,-4.50,5.11,-1.23,-0.19,1.00,-4.16,-0.85,6.73,-0.85,-0.92,-1.11,7.44,0.93,4.08,-1.12,0.79,0.97,0.00,0.00,0.00,0.00,0.00,0.00,3.72,-3.61,5.50,-1.52,-0.54,0.19
7.631842,7.10,2.80,2.00,1.26,-0.94,0.99,-35.44,10.06,-32.69,6.34,-5.10,4.22,-0.86,-0.33,1.44,-3.74,-0.63,7.13,-1.32,-1.07,-0.68,7.77,0.19,3.85,-0.66,1.02,1.36,0.00,0.00,0.00,0.00,0.00,0.00,3.51,-3.63,5.31,-1.39,-0.77,0.82
7.631855,7.25,2.46,2.23,1.90,-0.58,1.22,-35.44,10.06,-32.69,6.05,-4.61,5.18,-0.54,-0.53,1.91,-3.96,-1.26,6.05,-1.76,-1.20,-0.33,6.73,1.08,4.44,-0.26,1.27,1.72,0.00,0.00,0.00,0.00,0.00,0.00,3.18,-3.40,5.59,-1.39,-0.96,1.28
7.631866,6.90,3.38,2.88,2.12,-0.36,1.54,-35.44,10.06,-32.69,5.16,-3.48,7.13,-0.38,-0.40,2.19,-4.65,-2.39,4.27,-2.09,-1.08,-0.23,5.20,2.50,5.38,-0.05,1.59,1.74,0.00,0.00,0.00,0.00,0.00,0.00,2.10,-3.13,6.07,-1.44,-0.81,1.62
7.631878,7.06,2.61,3.38,2.12,-0.36,1.54,-38.12,9.25,-30.88,3.81,-3.05,8.09,-0.34,-0.16,2.33,-5.63,-3.18,3.25,-2.30,-0.89,-0.28,4.31,3.52,6.20,0.01,1.88,1.65,0.00,0.00,0.00,0.00,0.00,0.00,0.08,-3.25,6.17,-1.54,-0.58,1.81
7.631889,7.52,0.89,3.95,2.12,-0.36,1.54,-38.69,9.19,-29.75,2.09,-3.00,8.53,-0.33,-0.04,2.47,-6.68,-3.76,2.25,-2.46,-0.86,-0.30,3.30,4.35,6.66,0.00,1.99,1.69,0.00,0.00,0.00,0.00,0.00,0.00,-2.61,-3.76,5.92,-1.60,-0.52,1.96
7.6319,8.20,-0.88,4.79,2.12,-0.36,1.54,-38.69,8.56,-27.25,0.15,-2.69,9.51,-0.30,-0.15,2.56,-7.67,-4.65,0.75,-2.55,-0.97,-0.24,1.85,5.52,7.48,0.03,1.96,1.82,0.00,0.00,0.00,0.00,0.00,0.00,-4.81,-4.28,5.80,-1.58,-0.63,2.02
7.634421,9.05,-2.22,6.86,2.12,-0.36,1.54,-38.69,8.56,-27.25,-1.26,-1.78,11.86,-0.35,-0.14,2.49,-8.74,-6.04,-1.30,-2.48,-0.92,-0.30,0.00,7.31,8.90,-0.03,1.93,1.73,0.00,0.00,0.00,0.00,0.00,0.00,-6.25,-4.11,6.67,-1.58,-0.54,1.92
7.634441,9.01,-3.48,7.36,1.52,-0.61,1.80,-38.69,8.56,-27.25,-2.40,-1.20,13.50,-0.53,0.08,2.32,-9.93,-7.05,-2.63,-2.34,-0.75,-0.56,-1.22,8.78,10.14,-0.26,1.98,1.48,0.00,0.00,0.00,0.00,0.00,0.00,-8.23,-3.92,7.10,-1.74,-0.29,1.67
7.634454,9.24,-5.01,7.97,1.00,-0.94,1.80,-38.69,8.56,-27.25,-4.28,-0.79,14.42,-0.83,0.36,2.12,-10.78,-7.92,-4.12,-2.14,-0.59,-0.94,-2.64,9.73,10.80,-0.60,1.94,1.21,0.00,0.00,0.00,0.00,0.00,0.00,-10.13,-4.18,6.68,-1.91,-0.02,1.39
7.634467,9.39,-6.28,8.16,0.64,-1.32,1.72,-38.69,8.56,-27.25,-6.21,-0.87,14.09,-1.11,0.53,1.88,-10.88,-8.46,-5.24,-1.89,-0.52,-1.26,-3.94,9.81,10.99,-0.94,1.79,1.00,0.00,0.00,0.00,0.00,0.00,0.00,-12.41,-4.58,5.67,-2.03,0.11,1.00
7.634481,9.55,-7.43,7.82,0.43,-1.59,1.46,-38.69,8.56,-27.25,-8.00,-1.06,13.30,-1.33,0.52,1.60,-10.38,-8.81,-6.28,-1.58,-0.56,-1.46,-5.29,9.45,10.85,-1.22,1.52,0.88,0.00,0.00,0.00,0.00,0.00,0.00,-13.20,-5.29,4.19,-2.04,0.09,0.57
7.634493,9.35,-8.04,7.02,0.11,-1.71,0.75,-45.44,15.75,-21.19,-8.99,-1.32,12.51,-1.47,0.44,1.18,-9.31,-9.05,-7.42,-1.14,-0.53,-1.58,-6.58,8.85,10.51,-1.40,1.22,0.68,0.00,0.00,0.00,0.00,0.00,0.00,-13.01,-5.82,2.82,-1.93,0.11,0.10
7.644979,9.09,-8.04,6.63,0.11,-1.71,0.75,-45.44,15.75,-21.19,-9.45,-1.53,11.63,-1.49,0.50,0.73,-8.49,-9.00,-7.90,-0.72,-0.41,-1.63,-7.15,8.29,10.13,-1.50,0.95,0.42,0.00,0.00,0.00,0.00,0.00,0.00,-12.70,-5.99,1.90,-1.76,0.20,-0.26
7.666536,8.63,-8.31,6.29,0.11,-1.71,0.75,-45.50,16.19,-19.75,-9.53,-1.62,10.79,-1.51,0.48,0.30,-7.72,-8.80,-7.90,-0.31,-0.29,-1.64,-7.28,7.59,9.65,-1.56,0.69,0.16,0.00,0.00,0.00,0.00,0.00,0.00,-12.32,-6.04,1.10,-1.52,0.28,-0.59
7.691102,8.02,-7.73,5.25,-0.63,-1.51,-0.10,-46.56,18.31,-14.56,-8.93,-2.13,9.41,-1.47,0.42,-0.11,-6.69,-8.22,-7.24,0.09,-0.18,-1.58,-6.77,6.44,8.79,-1.57,0.36,-0.10,0.00,0.00,0.00,0.00,0.00,0.00,-11.01,-6.00,0.61,-1.21,0.30,-0.89
7.713517,7.70,-6.62,4.45,-0.63,-1.51,-0.10,-46.56,18.31,-14.56,-7.99,-2.39,8.71,-1.34,0.38,-0.45,-5.94,-7.79,-6.63,0.39,-0.07,-1.47,-6.27,5.71,8.28,-1.50,0.11,-0.30,0.00,0.00,0.00,0.00,0.00,0.00,-9.76,-5.78,0.61,-0.94,0.35,-1.06
8.140471,7.40,-6.09,4.14,-0.90,-1.19,-0.44,-46.56,18.31,-14.56,-7.27,-2.40,8.37,-1.24,0.41,-0.73,-5.57,-7.54,-6.02,0.64,0.06,-1.38,-5.70,5.30,8.02,-1.45,-0.12,-0.52,0.00,0.00,0.00,0.00,0.00,0.00,-9.02,-5.60,0.63,-0.72,0.44,-1.21
8.143424,7.17,-5.59,3.84,-0.90,-1.19,-0.44,-48.56,17.06,-13.44,-6.55,-2.47,7.81,-1.15,0.42,-0.99,-5.15,-7.14,-5.32,0.87,0.17,-1.31,-5.04,4.76,7.61,-1.41,-0.31,-0.70,0.00,0.00,0.00,0.00,0.00,0.00,-8.22,-5.40,0.60,-0.52,0.50,-1.36
8.143443,6.98,-5.09,3.38,-0.90,-1.19,-0.44,-48.12,14.94,-11.94,-5.47,-2.78,6.98,-1.05,0.42,-1.19,-4.47,-6.45,-4.32,1.07,0.27,-1.22,-4.15,3.92,6.97,-1.34,-0.46,-0.84,0.00,0.00,0.00,0.00,0.00,0.00,-7.02,-5.02,0.79,-0.36,0.53,-1.48
8.143457,6.52,-4.13,2.80,-0.90,-1.19,-0.44,-48.75,15.50,-11.94,-4.48,-2.87,6.45,-0.93,0.42,-1.33,-3.98,-5.89,-3.48,1.19,0.36,-1.11,-3.28,3.34,6.47,-1.23,-0.55,-0.94,0.00,0.00,0.00,0.00,0.00,0.00,-5.79,-4.71,0.81,-0.23,0.55,-1.54
8.14347,6.09,-3.37,2.54,-1.28,-0.75,-0.86,-48.75,15.50,-11.94,-3.60,-2.83,6.16,-0.84,0.46,-1.43,-3.62,-5.59,-2.87,1.26,0.45,-1.04,-2.69,2.96,6.17,-1.16,-0.59,-1.05,0.00,0.00,0.00,0.00,0.00,0.00,-4.86,-4.45,0.89,-0.12,0.62,-1.56
8.143482,5.79,-2.95,2.15,-1.28,-0.75,-0.86,-48.81,15.38,-9.88,-3.10,-2.91,5.61,-0.78,0.50,-1.51,-3.24,-5.38,-2.26,1.33,0.52,-1.00,-2.23,2.48,5.88,-1.12,-0.64,-1.14,0.00,0.00,0.00,0.00,0.00,0.00,-4.41,-4.35,0.78,-0.04,0.68,-1.58
8.143493,5.64,-2.29,1.23,-1.28,-0.75,-0.86,-48.25,15.81,-9.88,-2.79,-3.10,4.89,-0.72,0.50,-1.61,-2.63,-5.21,-1.82,1.43,0.56,-0.94,-2.03,1.82,5.46,-1.08,-0.76,-1.22,0.00,0.00,0.00,0.00,0.00,0.00,-3.92,-4.53,0.39,0.07,0.69,-1.64
8.143597,5.71,-1.99,0.89,-1.49,-0.62,-1.00,-48.25,15.81,-9.88,-2.44,-3.51,4.24,-0.62,0.44,-1.74,-2.09,-5.05,-1.15,1.56,0.59,-0.83,-1.56,1.11,5.22,-1.00,-0.92,-1.27,0.00,0.00,0.00,0.00,0.00,0.00,-3.24,-4.89,-0.01,0.23,0.66,-1.69
8.14361,5.95,-1.84,0.46,-1.50,-0.49,-1.15,-48.25,15.81,-9.88,-1.57,-4.33,3.46,-0.48,0.32,-1.79,-1.63,-4.73,0.05,1.62,0.53,-0.66,-0.44,0.10,5.01,-0.86,-1.06,-1.22,0.00,0.00,0.00,0.00,0.00,0.00,-2.19,-5.14,-0.04,0.41,0.53,-1.63
8.143623,6.33,-1.22,-0.38,-1.50,-0.49,-1.15,-48.25,11.81,-8.62,-0.67,-4.97,2.88,-0.29,0.09,-1.71,-1.15,-4.58,1.19,1.58,0.39,-0.40,0.48,-0.79,4.97,-0.64,-1.16,-1.03,0.00,0.00,0.00,0.00,0.00,0.00,-1.36,-5.11,0.34,0.58,0.31,-1.47
8.143634,6.21,-0.61,-0.76,-1.50,-0.49,-1.15,-48.25,11.81,-8.62,-0.14,-5.23,2.77,-0.16,-0.13,-1.62,-0.92,-4.72,1.96,1.53,0.23,-0.19,1.01,-1.20,5.15,-0.48,-1.24,-0.84,0.00,0.00,0.00,0.00,0.00,0.00,-0.82,-5.30,0.41,0.65,0.11,-1.37
8.143643,6.17,-0.04,-1.14,-0.71,0.02,-1.32,-48.25,11.81,-8.62,0.44,-5.63,2.63,-0.03,-0.31,-1.55,-0.56,-4.95,2.53,1.51,0.09,0.00,1.31,-1.70,5.27,-0.33,-1.34,-0.68,0.00,0.00,0.00,0.00,0.00,0.00,0.04,-5.82,0.31,0.77,-0.07,-1.27
8.143654,7.02,1.31,-1.64,-0.55,0.11,-1.38,-46.69,5.69,-8.06,1.12,-6.24,2.31,0.15,-0.48,-1.53,-0.12,-5.05,3.40,1.53,-0.01,0.23,2.03,-2.40,5.38,-0.15,-1.47,-0.57,0.00,0.00,0.00,0.00,0.00,0.00,1.02,-6.33,0.39,0.93,-0.26,-1.20
8.14367,7.48,1.65,-1.91,-0.55,0.11,-1.38,-46.25,4.25,-9.75,2.38,-6.97,2.28,0.33,-0.62,-1.50,-0.07,-4.96,4.72,1.50,-0.07,0.47,3.31,-2.94,5.65,0.06,-1.55,-0.46,0.00,0.00,0.00,0.00,0.00,0.00,2.33,-6.52,1.07,1.06,-0.38,-1.08
8.146319,7.94,2.30,-1.98,-0.55,0.11,-1.38,-46.25,4.25,-9.75,3.94,-7.57,2.88,0.54,-0.74,-1.32,-0.56,-4.96,6.15,1.32,-0.14,0.70,4.81,-2.99,6.28,0.29,-1.49,-0.28,0.00,0.00,0.00,0.00,0.00,0.00,3.37,-6.42,2.54,1.11,-0.50,-0.82
8.146337,8.74,3.49,-1.41,0.11,0.75,-1.19,-46.25,4.25,-9.75,4.78,-7.69,4.02,0.64,-0.81,-1.03,-1.31,-5.35,6.92,1.04,-0.21,0.83,5.60,-2.55,7.15,0.44,-1.31,-0.08,0.00,0.00,0.00,0.00,0.00,0.00,3.74,-6.69,3.54,1.04,-0.56,-0.56
8.14635,9.31,3.64,-1.18,0.23,0.74,-1.01,-46.25,4.25,-9.75,5.02,-7.98,4.52,0.68,-0.83,-0.83,-1.81,-5.67,7.44,0.86,-0.26,0.89,6.03,-2.39,7.70,0.53,-1.15,0.05,0.00,0.00,0.00,0.00,0.00,0.00,3.59,-7.20,4.07,1.00,-0.60,-0.37
8.146362,10.05,3.72,-1.11,0.36,0.77,-0.90,-46.25,4.25,-9.75,5.47,-8.48,4.73,0.74,-0.90,-0.62,-2.30,-5.79,8.27,0.68,-0.36,0.98,6.88,-2.39,8.11,0.63,-1.07,0.23,0.00,0.00,0.00,0.00,0.00,0.00,3.82,-7.64,4.59,0.95,-0.72,-0.19
8.146377,10.78,4.37,-0.84,0.95,0.88,-0.58,-42.62,-5.62,-13.56,6.65,-8.91,5.66,0.83,-1.01,-0.24,-2.92,-5.98,9.05,0.31,-0.52,1.11,7.76,-2.07,8.83,0.77,-0.87,0.53,0.00,0.00,0.00,0.00,0.00,0.00,4.87,-7.84,5.83,0.88,-0.85,0.17
8.146388,10.82,4.98,-0.41,0.95,0.88,-0.58,-42.62,-5.62,-13.56,6.94,-8.68,6.74,0.85,-0.96,0.02,-3.56,-6.29,9.12,0.05,-0.53,1.12,7.96,-1.45,9.39,0.84,-0.64,0.65,0.00,0.00,0.00,0.00,0.00,0.00,4.66,-7.82,6.56,0.79,-0.82,0.41
8.16581,10.82,4.71,-0.22,0.97,0.86,-0.29,-42.62,-5.62,-13.56,7.30,-8.84,6.69,0.84,-0.89,0.33,-3.85,-6.05,9.58,-0.27,-0.58,1.08,8.48,-1.43,9.32,0.88,-0.37,0.81,0.00,0.00,0.00,0.00,0.00,0.00,4.80,-7.79,6.88,0.65,-0.82,0.67
8.191473,11.08,5.06,-0.03,1.28,0.87,0.22,-42.62,-5.62,-13.56,7.97,-9.04,6.55,0.94,-0.80,0.71,-3.58,-5.54,9.63,-0.64,-0.58,1.13,8.68,-1.54,8.86,1.05,-0.03,0.97,0.00,0.00,0.00,0.00,0.00,0.00,5.77,-7.86,7.02,0.52,-0.80,1.05
8.210663,11.16,5.06,0.43,1.28,0.87,0.22,-42.81,-7.12,-12.81,7.94,-8.62,6.79,1.09,-0.67,1.04,-3.76,-5.19,9.26,-1.01,-0.47,1.26,8.51,-1.13,8.57,1.27,0.30,1.04,0.00,0.00,0.00,0.00,0.00,0.00,5.66,-7.61,6.95,0.49,-0.70,1.46
8.23237,10.78,4.60,0.85,1.28,0.87,0.22,-42.56,-6.12,-13.50,7.47,-7.82,6.57,1.30,-0.56,1.39,-4.09,-4.79,8.57,-1.38,-0.37,1.38,8.07,-0.54,8.08,1.50,0.61,1.11,0.00,0.00,0.00,0.00,0.00,0.00,4.60,-6.74,6.99,0.46,-0.61,1.84
8.647633,9.81,4.30,1.04,1.28,0.87,0.22,-42.56,-6.12,-13.50,7.16,-6.97,6.52,1.44,-0.46,1.68,-4.10,-4.08,7.90,-1.69,-0.31,1.49,7.70,-0.10,7.34,1.72,0.89,1.21,0.00,0.00,0.00,0.00,0.00,0.00,4.63,-6.07,6.63,0.43,-0.56,2.16
8.650759,9.13,3.68,2.04,1.71,1.59,1.49,-42.56,-6.12,-13.50,6.52,-5.74,6.96,1.66,-0.22,2.00,-4.37,-3.60,6.03,-2.10,-0.10,1.63,6.28,1.16,6.67,2.01,1.28,1.20,0.00,0.00,0.00,0.00,0.00,0.00,4.16,-5.11,6.51,0.44,-0.30,2.63
8.650789,8.82,2.80,3.15,1.71,1.59,1.49,-42.56,-6.06,-14.94,4.41,-3.84,7.46,1.82,0.06,2.17,-5.28,-3.60,3.95,-2.35,0.14,1.70,4.45,2.79,6.31,2.19,1.53,1.08,0.00,0.00,0.00,0.00,0.00,0.00,1.02,-4.01,5.99,0.47,-0.03,2.94
8.650803,6.67,0.20,4.45,1.71,1.59,1.49,-42.06,-4.50,-16.44,2.01,-2.31,7.55,1.89,0.11,2.20,-6.19,-3.45,2.12,-2.39,0.20,1.75,2.96,4.09,5.95,2.27,1.56,1.06,0.00,0.00,0.00,0.00,0.00,0.00,-1.99,-3.21,5.36,0.55,0.02,3.04
8.650815,6.87,-0.88,5.29,1.54,1.87,1.78,-42.06,-4.50,-16.44,0.78,-1.42,8.26,1.96,0.09,2.19,-6.85,-3.49,0.42,-2.39,0.21,1.81,1.56,5.38,5.96,2.33,1.54,1.06,0.00,0.00,0.00,0.00,0.00,0.00,-3.36,-2.58,5.63,0.59,0.03,3.05
8.650827,7.13,-1.61,6.33,1.53,1.96,1.76,-42.06,-4.50,-16.44,-0.92,-0.21,9.44,1.97,0.12,2.13,-7.94,-4.00,-1.47,-2.34,0.30,1.82,-0.02,6.94,6.32,2.33,1.51,0.96,0.00,0.00,0.00,0.00,0.00,0.00,-5.54,-2.15,5.51,0.60,0.11,3.01
8.650839,6.21,-3.63,6.94,1.53,1.96,1.76,-42.38,1.19,-20.56,-2.89,0.44,9.45,1.90,0.04,1.97,-8.52,-4.21,-2.41,-2.15,0.23,1.78,-1.02,7.55,6.36,2.24,1.29,0.94,0.00,0.00,0.00,0.00,0.00,0.00,-8.35,-1.94,4.95,0.61,0.01,2.81
8.65085,6.33,-4.17,6.78,1.38,1.72,1.29,-42.38,1.19,-20.56,-3.70,0.49,9.40,1.87,-0.18,1.80,-8.35,-4.30,-3.46,-1.91,0.08,1.82,-2.06,7.80,6.22,2.18,1.00,0.99,0.00,0.00,0.00,0.00,0.00,0.00,-8.23,-2.27,4.55,0.68,-0.19,2.57
8.650861,6.90,-3.90,7.44,1.48,1.76,0.99,-42.38,1.19,-20.56,-4.59,1.04,10.36,1.89,-0.24,1.54,-8.63,-4.85,-4.79,-1.64,0.12,1.85,-3.25,8.63,6.62,2.15,0.77,0.84,0.00,0.00,0.00,0.00,0.00,0.00,-8.95,-2.41,4.29,0.81,-0.15,2.35
8.650872,6.90,-3.90,8.01,1.48,1.76,0.99,-41.25,1.69,-22.31,-5.70,1.40,10.94,1.85,-0.26,1.18,-9.31,-5.28,-5.38,-1.29,0.19,1.82,-3.84,9.32,7.12,2.06,0.49,0.63,0.00,0.00,0.00,0.00,0.00,0.00,-10.58,-2.27,4.36,0.94,-0.12,2.04
8.650886,6.68,-5.59,8.39,1.48,1.76,0.99,-40.00,0.75,-25.19,-5.95,1.37,11.69,1.76,-0.36,0.80,-9.96,-5.51,-5.69,-0.91,0.18,1.75,-3.97,9.92,7.65,1.89,0.16,0.48,0.00,0.00,0.00,0.00,0.00,0.00,-11.01,-2.26,4.76,1.07,-0.17,1.66
8.650899,7.17,-5.74,8.97,1.48,1.76,0.99,-40.00,0.75,-25.19,-6.33,1.52,12.43,1.68,-0.38,0.53,-10.34,-5.85,-6.19,-0.63,0.22,1.66,-4.41,10.42,8.01,1.75,-0.05,0.31,0.00,0.00,0.00,0.00,0.00,0.00,-11.52,-2.47,4.80,1.17,-0.13,1.39
8.65091,7.40,-5.51,9.35,0.52,1.59,-0.02,-40.00,0.75,-25.19,-6.79,1.44,12.67,1.60,-0.39,0.21,-10.54,-6.07,-6.46,-0.29,0.29,1.59,-4.67,10.61,8.21,1.61,-0.30,0.11,0.00,0.00,0.00,0.00,0.00,0.00,-12.11,-2.60,4.94,1.31,-0.08,1.07
8.650921,7.71,-5.86,9.47,0.52,1.59,-0.02,-38.44,0.19,-26.19,-6.90,1.55,13.25,1.55,-0.41,-0.16,-10.79,-6.30,-6.78,0.05,0.41,1.52,-4.91,11.05,8.53,1.49,-0.56,-0.15,0.00,0.00,0.00,0.00,0.00,0.00,-12.22,-2.68,5.13,1.43,-0.01,0.71
8.653115,7.98,-5.43,9.96,0.52,1.59,-0.02,-38.44,0.19,-26.19,-6.95,1.99,14.32,1.45,-0.28,-0.61,-11.45,-6.59,-7.01,0.42,0.60,1.38,-4.97,11.82,9.03,1.32,-0.77,-0.49,0.00,0.00,0.00,0.00,0.00,0.00,-12.66,-2.48,5.71,1.52,0.17,0.33
8.653132,8.02,-5.66,10.62,-0.95,1.27,-1.01,-38.44,0.19,-26.19,-6.93,2.16,14.93,1.25,-0.12,-1.11,-12.28,-6.66,-6.79,0.87,0.77,1.14,-4.61,12.34,9.36,1.03,-1.03,-0.85,0.00,0.00,0.00,0.00,0.00,0.00,-13.57,-2.23,6.39,1.59,0.35,-0.16
8.653145,8.21,-5.74,10.62,-0.95,1.27,-1.01,-34.69,-1.31,-32.19,-6.59,2.04,14.98,1.06,-0.08,-1.50,-12.53,-6.40,-6.32,1.27,0.82,0.94,-4.05,12.36,9.31,0.77,-1.30,-1.08,0.00,0.00,0.00,0.00,0.00,0.00,-13.34,-2.30,6.66,1.63,0.39,-0.62
8.653159,8.48,-5.05,10.66,-1.32,0.93,-1.58,-34.69,-1.31,-32.19,-5.78,2.01,15.09,0.90,-0.10,-1.86,-12.61,-6.05,-5.74,1.60,0.87,0.79,-3.31,12.35,9.14,0.56,-1.54,-1.28,0.00,0.00,0.00,0.00,0.00,0.00,-12.68,-2.19,7.18,1.70,0.43,-0.99
8.65317,8.59,-4.09,10.73,-1.32,0.93,-1.58,-33.88,-0.88,-32.94,-4.45,2.16,15.53,0.75,-0.08,-2.19,-13.07,-5.53,-4.77,1.91,0.93,0.64,-2.05,12.59,9.12,0.35,-1.73,-1.48,0.00,0.00,0.00,0.00,0.00,0.00,-11.93,-1.69,8.32,1.72,0.48,-1.31
8.653183,8.55,-3.18,10.96,-1.57,0.83,-1.78,-33.88,-0.88,-32.94,-2.77,2.31,16.35,0.53,-0.01,-2.45,-13.92,-5.08,-3.48,2.17,1.00,0.41,-0.42,13.09,9.34,0.09,-1.85,-1.67,0.00,0.00,0.00,0.00,0.00,0.00,-11.07,-1.05,9.98,1.65,0.57,-1.64
8.674339,8.74,-1.30,11.46,-1.80,0.63,-1.90,-30.88,-0.88,-37.56,-0.74,2.23,17.23,0.21,0.12,-2.63,-14.87,-4.70,-1.79,2.34,1.02,0.05,1.65,13.41,9.80,-0.31,-1.88,-1.82,0.00,0.00,0.00,0.00,0.00,0.00,-9.94,-0.44,12.06,1.39,0.67,-1.99
8.691643,8.89,-0.61,11.43,-1.80,0.63,-1.90,-29.44,-0.12,-36.19,0.85,1.87,17.39,-0.16,0.25,-2.67,-15.24,-4.29,-0.18,2.40,0.96,-0.33,3.24,13.11,9.83,-0.68,-1.84,-1.85,0.00,0.00,0.00,0.00,0.00,0.00,-8.99,-0.50,12.85,1.11,0.71,-2.20
8.713379,9.55,1.00,10.77,-1.80,0.63,-1.90,-29.44,-0.12,-36.19,2.49,0.96,16.49,-0.52,0.31,-2.60,-14.88,-3.59,1.65,2.38,0.81,-0.66,4.98,12.06,9.45,-1.02,-1.76,-1.76,0.00,0.00,0.00,0.00,0.00,0.00,-7.31,-0.79,13.30,0.81,0.65,-2.36
8.73985,9.47,2.57,9.62,-1.85,-0.82,-1.67,-29.44,-0.12,-36.19,4.69,-0.16,15.11,-0.84,0.20,-2.35,-14.13,-2.62,4.18,2.20,0.52,-0.92,7.36,10.48,8.89,-1.28,-1.55,-1.44,0.00,0.00,0.00,0.00,0.00,0.00,-4.79,-0.81,13.83,0.42,0.45,-2.34
9.161338,9.01,3.34,8.82,-1.47,-0.98,-1.52,-29.44,-0.12,-36.19,6.16,-0.69,14.42,-1.02,0.10,-2.05,-13.58,-2.14,5.59,1.96,0.27,-1.05,8.71,9.50,8.60,-1.41,-1.34,-1.12,0.00,0.00,0.00,0.00,0.00,0.00,-3.05,-0.65,14.09,0.12,0.26,-2.22
9.161367,9.01,3.34,8.82,-1.03,-1.24,-1.25,-29.62,2.81,-36.31,7.57,-1.22,13.59,-1.24,0.03,-1.59,-12.58,-1.73,6.77,1.58,-0.02,-1.22,9.58,8.46,8.19,-1.56,-1.03,-0.76,0.00,0.00,0.00,0.00,0.00,0.00,-0.98,-0.69,13.95,-0.26,0.11,-2.02
9.161386,8.55,5.75,6.79,-0.62,-1.58,-0.50,-29.62,2.81,-36.31,8.50,-2.01,12.15,-1.41,0.08,-1.11,-10.94,-1.32,7.60,1.14,-0.20,-1.40,9.99,6.89,7.36,-1.65,-0.62,-0.48,0.00,0.00,0.00,0.00,0.00,0.00,1.28,-1.29,13.00,-0.66,0.08,-1.72
9.161399,8.62,5.52,5.91,-0.62,-1.58,-0.50,-32.38,3.12,-36.25,8.76,-2.84,10.64,-1.44,0.13,-0.71,-9.61,-1.03,8.26,0.75,-0.31,-1.44,10.25,5.38,6.75,-1.62,-0.29,-0.25,0.00,0.00,0.00,0.00,0.00,0.00,2.24,-1.94,11.82,-0.91,0.05,-1.35
9.161411,8.44,5.25,5.18,-0.36,-1.50,-0.17,-32.38,3.12,-36.25,8.77,-3.58,9.39,-1.39,0.12,-0.25,-8.61,-0.95,8.82,0.30,-0.47,-1.36,10.47,4.16,6.43,-1.50,0.03,0.09,0.00,0.00,0.00,0.00,0.00,0.00,2.70,-2.31,11.03,-1.09,-0.07,-0.96
9.161423,8.36,4.95,4.68,0.08,-1.40,0.12,-32.38,3.12,-36.25,8.56,-4.08,8.79,-1.30,0.04,0.22,-7.88,-1.21,8.87,-0.16,-0.67,-1.24,10.25,3.41,6.45,-1.35,0.34,0.48,0.00,0.00,0.00,0.00,0.00,0.00,3.00,-2.69,10.32,-1.27,-0.24,-0.51
9.161434,8.51,4.68,3.91,0.58,-1.33,0.41,-34.88,4.94,-31.06,8.06,-4.15,9.00,-1.22,0.03,0.75,-7.15,-2.02,7.90,-0.69,-0.79,-1.17,9.05,3.32,6.77,-1.19,0.74,0.78,0.00,0.00,0.00,0.00,0.00,0.00,3.14,-3.06,9.63,-1.46,-0.27,-0.03
9.161446,8.51,4.45,3.84,0.58,-1.33,0.41,-36.31,5.12,-31.75,6.90,-4.09,9.02,-1.18,0.18,1.07,-6.68,-2.72,6.82,-1.03,-0.72,-1.18,7.72,3.25,6.94,-1.09,1.08,0.85,0.00,0.00,0.00,0.00,0.00,0.00,2.33,-3.50,8.76,-1.62,-0.15,0.28
9.161458,8.71,3.30,3.76,0.58,-1.33,0.41,-36.31,5.12,-31.75,5.32,-4.30,8.46,-1.11,0.30,1.32,-6.50,-3.18,6.02,-1.30,-0.69,-1.14,6.69,3.00,6.96,-0.97,1.32,0.93,0.00,0.00,0.00,0.00,0.00,0.00,0.81,-4.07,7.73,-1.71,-0.10,0.56
9.16147,8.89,1.69,3.76,0.73,-1.21,1.34,-36.31,5.12,-31.75,3.73,-4.57,7.94,-1.00,0.20,1.57,-6.59,-3.53,5.33,-1.53,-0.84,-0.98,5.88,2.91,7.07,-0.82,1.43,1.18,0.00,0.00,0.00,0.00,0.00,0.00,-1.09,-4.47,6.92,-1.72,-0.25,0.86
9.161481,9.09,0.43,3.88,1.12,-1.07,1.36,-36.31,5.12,-31.75,2.47,-4.52,8.16,-0.86,-0.09,1.86,-6.84,-4.09,4.25,-1.74,-1.12,-0.75,4.69,3.40,7.44,-0.64,1.45,1.58,0.00,0.00,0.00,0.00,0.00,0.00,-2.65,-4.50,6.65,-1.73,-0.57,1.09
9.161494,9.01,-0.04,4.72,1.91,-0.88,1.32,-36.31,5.12,-31.75,1.56,-3.63,9.85,-0.80,-0.27,2.06,-7.14,-5.20,2.07,-1.91,-1.22,-0.63,2.76,4.68,8.24,-0.52,1.52,1.73,0.00,0.00,0.00,0.00,0.00,0.00,-2.93,-4.45,6.53,-1.77,-0.66,1.21
9.161504,9.01,-0.04,4.72,1.50,-0.94,1.50,-40.25,5.25,-26.38,0.60,-3.08,10.74,-0.83,-0.12,2.09,-7.42,-5.86,0.83,-1.98,-1.08,-0.71,1.55,5.45,8.72,-0.54,1.64,1.59,0.00,0.00,0.00,0.00,0.00,0.00,-3.75,-4.38,6.35,-1.82,-0.48,1.23
9.161515,8.93,-1.87,5.06,1.50,-0.94,1.50,-41.25,6.62,-23.62,-0.71,-2.84,10.77,-0.89,0.07,2.05,-7.59,-6.30,-0.07,-1.99,-0.92,-0.85,0.56,5.71,8.83,-0.63,1.72,1.43,0.00,0.00,0.00,0.00,0.00,0.00,-5.21,-4.46,5.81,-1.86,-0.25,1.22
9.164246,9.13,-3.79,5.29,1.09,-1.13,1.57,-41.25,6.62,-23.62,-2.37,-2.77,10.34,-0.93,0.14,2.00,-7.47,-6.59,-1.26,-1.92,-0.86,-0.91,-0.71,5.75,8.72,-0.69,1.67,1.35,0.00,0.00,0.00,0.00,0.00,0.00,-6.90,-4.87,4.66,-1.84,-0.16,1.14
9.164266,9.05,-4.02,5.52,1.13,-1.08,1.43,-41.25,6.62,-23.62,-3.72,-2.43,10.52,-0.92,0.15,1.85,-7.42,-7.10,-2.60,-1.78,-0.78,-0.90,-2.07,6.14,8.90,-0.70,1.55,1.24,0.00,0.00,0.00,0.00,0.00,0.00,-7.68,-5.12,3.99,-1.73,-0.09,1.02
9.16428,8.89,-4.25,5.71,0.94,-1.00,1.25,-41.25,6.62,-23.62,-4.83,-1.90,10.93,-0.91,0.23,1.59,-7.61,-7.56,-3.65,-1.57,-0.65,-0.91,-3.20,6.70,9.15,-0.72,1.42,1.02,0.00,0.00,0.00,0.00,0.00,0.00,-8.78,-5.03,3.73,-1.60,0.03,0.84
9.164293,8.62,-4.55,5.98,0.94,-1.00,1.25,-44.56,11.19,-19.94,-5.52,-1.44,11.22,-0.95,0.31,1.27,-7.95,-7.81,-4.35,-1.29,-0.50,-0.99,-3.83,7.20,9.33,-0.81,1.24,0.77,0.00,0.00,0.00,0.00,0.00,0.00,-9.90,-4.70,3.66,-1.51,0.12,0.53
9.164307,8.06,-5.24,6.21,0.94,-1.00,1.25,-44.75,10.12,-18.81,-6.07,-1.30,11.01,-1.03,0.35,0.91,-8.00,-7.77,-4.68,-0.95,-0.39,-1.09,-4.15,7.26,9.21,-0.95,1.00,0.53,0.00,0.00,0.00,0.00,0.00,0.00,-10.28,-4.59,3.39,-1.43,0.15,0.16
9.164319,8.09,-5.47,6.10,0.03,-1.17,0.58,-44.75,10.12,-18.81,-6.31,-1.30,10.61,-1.08,0.33,0.59,-7.77,-7.59,-4.85,-0.64,-0.33,-1.14,-4.31,7.05,8.94,-1.05,0.76,0.35,0.00,0.00,0.00,0.00,0.00,0.00,-10.29,-4.57,3.10,-1.33,0.16,-0.15
9.184056,7.94,-5.55,5.98,-0.10,-1.18,0.34,-44.75,10.12,-18.81,-6.49,-1.18,10.34,-1.12,0.30,0.25,-7.52,-7.50,-5.06,-0.29,-0.28,-1.17,-4.54,6.96,8.74,-1.14,0.50,0.16,0.00,0.00,0.00,0.00,0.00,0.00,-10.08,-4.57,2.67,-1.19,0.15,-0.48
9.20918,7.44,-5.13,5.68,-0.50,-1.20,-0.14,-46.94,14.31,-11.94,-6.29,-0.90,10.39,-1.18,0.34,-0.16,-7.23,-7.50,-5.36,0.09,-0.15,-1.25,-4.80,7.00,8.62,-1.28,0.25,-0.12,0.00,0.00,0.00,0.00,0.00,0.00,-9.47,-4.28,2.59,-1.02,0.24,-0.82
9.230576,6.90,-4.40,5.02,-0.50,-1.20,-0.14,-46.94,14.31,-11.94,-5.99,-0.74,10.14,-1.26,0.51,-0.54,-6.85,-7.38,-5.42,0.42,0.07,-1.40,-4.84,6.81,8.36,-1.43,0.08,-0.47,0.00,0.00,0.00,0.00,0.00,0.00,-8.99,-4.11,2.38,-0.91,0.44,-1.16
9.251324,6.90,-4.40,5.02,-1.38,-1.39,-0.41,-48.06,14.06,-13.00,-5.68,-1.02,9.19,-1.34,0.65,-0.89,-6.36,-6.93,-4.91,0.73,0.26,-1.55,-4.36,6.08,7.83,-1.57,-0.09,-0.77,0.00,0.00,0.00,0.00,0.00,0.00,-8.55,-4.03,2.05,-0.82,0.60,-1.46
9.671307,6.37,-4.67,3.45,-1.51,-1.42,-0.60,-47.75,13.38,-10.81,-5.47,-1.42,7.69,-1.36,0.66,-1.20,-5.35,-6.29,-4.43,1.02,0.34,-1.59,-4.10,4.98,6.85,-1.63,-0.30,-0.95,0.00,0.00,0.00,0.00,0.00,0.00,-7.85,-4.22,1.08,-0.66,0.64,-1.71
9.671752,6.09,-3.98,3.03,-1.51,-1.32,-0.82,-47.75,13.38,-10.81,-5.19,-1.64,6.64,-1.31,0.63,-1.46,-4.29,-5.94,-4.32,1.27,0.42,-1.54,-4.19,4.15,6.11,-1.61,-0.51,-1.11,0.00,0.00,0.00,0.00,0.00,0.00,-6.86,-4.35,0.40,-0.47,0.65,-1.89
9.671778,5.83,-3.41,2.38,-1.69,-1.17,-1.03,-47.75,13.38,-10.81,-4.34,-1.99,5.87,-1.20,0.64,-1.75,-3.47,-5.56,-3.69,1.53,0.55,-1.44,-3.62,3.31,5.65,-1.55,-0.73,-1.32,0.00,0.00,0.00,0.00,0.00,0.00,-5.57,-4.34,0.10,-0.23,0.70,-2.03
9.671793,5.64,-3.18,1.16,-1.87,-1.02,-1.15,-47.75,13.38,-10.81,-3.33,-2.66,5.01,-1.11,0.59,-1.92,-3.06,-5.07,-2.19,1.69,0.60,-1.34,-2.24,2.26,5.34,-1.47,-0.87,-1.41,0.00,0.00,0.00,0.00,0.00,0.00,-4.61,-4.37,0.06,0.00,0.70,-2.03
9.671804,5.87,-2.98,0.66,-1.74,-0.95,-1.22,-47.75,13.38,-10.81,-2.42,-3.48,4.13,-1.01,0.41,-1.91,-2.50,-4.77,-0.88,1.73,0.45,-1.19,-1.15,1.18,5.17,-1.36,-1.00,-1.26,0.00,0.00,0.00,0.00,0.00,0.00,-3.78,-4.51,0.11,0.18,0.51,-1.93
9.671819,6.10,-2.14,0.31,-1.35,-0.86,-1.30,-47.75,13.38,-10.81,-1.79,-4.08,3.61,-0.88,0.20,-1.84,-1.64,-4.80,-0.35,1.72,0.31,-0.99,-0.88,0.32,5.01,-1.21,-1.09,-1.11,0.00,0.00,0.00,0.00,0.00,0.00,-2.58,-4.81,0.17,0.37,0.34,-1.77
9.671831,6.49,-0.57,-0.45,-1.20,-0.41,-1.39,-47.75,13.38,-10.81,-1.27,-4.66,3.06,-0.68,0.07,-1.85,-0.89,-4.89,0.33,1.73,0.31,-0.74,-0.51,-0.54,4.93,-0.99,-1.19,-1.07,0.00,0.00,0.00,0.00,0.00,0.00,-1.86,-5.21,0.18,0.47,0.24,-1.72
9.671845,6.68,0.08,-0.88,-1.20,-0.41,-1.39,-47.75,13.38,-10.81,-0.36,-5.19,2.78,-0.48,-0.08,-1.89,-0.66,-4.87,1.58,1.77,0.28,-0.51,0.57,-1.21,5.10,-0.77,-1.30,-1.02,0.00,0.00,0.00,0.00,0.00,0.00,-0.96,-5.48,0.46,0.61,0.10,-1.69
9.671857,6.83,0.85,-1.30,-1.13,-0.18,-1.49,-47.75,13.38,-10.81,1.00,-5.70,2.86,-0.32,-0.23,-1.86,-0.54,-4.75,2.90,1.75,0.23,-0.31,1.81,-1.69,5.35,-0.58,-1.36,-0.93,0.00,0.00,0.00,0.00,0.00,0.00,0.67,-5.49,1.21,0.70,-0.02,-1.59
9.671868,6.94,1.42,-1.41,-0.88,0.05,-1.34,-45.50,1.12,-7.12,2.34,-6.26,3.10,-0.15,-0.23,-1.73,-0.28,-4.87,3.88,1.64,0.25,-0.15,2.63,-2.12,5.65,-0.41,-1.34,-0.88,0.00,0.00,0.00,0.00,0.00,0.00,1.79,-5.79,1.75,0.75,-0.02,-1.44
9.67188,7.13,2.07,-1.60,-0.88,0.05,-1.34,-46.31,-0.19,-7.75,2.79,-6.99,2.52,0.01,-0.22,-1.64,0.05,-4.87,4.89,1.56,0.26,0.01,3.33,-2.89,5.61,-0.23,-1.33,-0.82,0.00,0.00,0.00,0.00,0.00,0.00,2.26,-6.60,1.48,0.83,-0.04,-1.29
9.671893,8.09,2.80,-2.18,-0.88,0.05,-1.34,-46.31,-0.19,-7.75,3.71,-7.79,2.07,0.26,-0.37,-1.54,0.43,-4.63,6.18,1.47,0.22,0.32,4.49,-3.73,5.63,0.07,-1.36,-0.69,0.00,0.00,0.00,0.00,0.00,0.00,3.57,-7.14,1.70,1.01,-0.18,-1.06
9.671904,8.51,3.68,-2.37,-0.36,0.78,-1.21,-46.31,-0.19,-7.75,4.99,-8.46,2.52,0.58,-0.47,-1.33,0.07,-4.74,7.34,1.24,0.19,0.66,5.69,-3.84,6.32,0.41,-1.28,-0.51,0.00,0.00,0.00,0.00,0.00,0.00,4.57,-7.11,2.94,1.13,-0.27,-0.70
9.671915,9.05,3.53,-2.14,-0.14,0.99,-0.98,-46.31,-0.19,-7.75,5.42,-8.58,3.53,0.76,-0.50,-1.07,-0.67,-5.28,7.85,0.98,0.17,0.85,6.16,-3.35,7.22,0.62,-1.14,-0.35,0.00,0.00,0.00,0.00,0.00,0.00,4.45,-7.35,3.85,1.15,-0.29,-0.38
9.674224,9.51,3.88,-1.76,-0.14,0.99,-0.98,-43.94,-4.25,-10.44,5.67,-8.68,4.36,0.89,-0.51,-0.84,-1.37,-5.70,8.27,0.75,0.15,0.97,6.56,-2.94,7.91,0.78,-0.99,-0.22,0.00,0.00,0.00,0.00,0.00,0.00,4.24,-7.64,4.53,1.14,-0.32,-0.13
9.674248,10.31,4.26,-1.26,-0.14,0.99,-0.98,-43.88,-4.12,-11.81,6.26,-9.11,4.73,1.01,-0.56,-0.57,-1.93,-5.70,8.99,0.49,0.07,1.12,7.31,-2.84,8.28,0.93,-0.85,-0.03,0.00,0.00,0.00,0.00,0.00,0.00,4.53,-7.91,5.26,1.12,-0.39,0.15
9.674261,10.88,4.26,-0.80,0.42,1.19,-0.48,-43.88,-4.12,-11.81,6.65,-9.21,5.78,1.15,-0.58,-0.26,-2.79,-5.98,9.14,0.20,0.02,1.26,7.65,-2.08,9.03,1.11,-0.66,0.16,0.00,0.00,0.00,0.00,0.00,0.00,4.39,-7.96,6.37,1.10,-0.41,0.49
9.674274,11.43,4.14,0.00,0.63,1.35,-0.22,-43.88,-4.12,-11.81,6.34,-8.67,7.30,1.21,-0.58,0.01,-4.24,-6.59,8.90,-0.10,-0.02,1.33,7.55,-0.76,9.93,1.21,-0.45,0.30,0.00,0.00,0.00,0.00,0.00,0.00,3.15,-7.80,7.41,1.02,-0.40,0.76
9.674286,11.43,3.91,0.77,0.63,1.35,-0.22,-40.69,-8.38,-12.75,6.11,-8.29,7.96,1.17,-0.64,0.25,-5.16,-6.76,9.05,-0.29,-0.14,1.30,7.83,-0.09,10.32,1.20,-0.31,0.50,0.00,0.00,0.00,0.00,0.00,0.00,2.03,-7.51,8.07,0.86,-0.51,0.90
9.686052,11.24,4.64,0.62,1.28,0.99,0.20,-42.06,-9.06,-14.81,7.32,-8.81,7.18,1.16,-0.79,0.64,-4.58,-5.85,9.50,-0.61,-0.37,1.32,8.50,-0.67,9.45,1.25,-0.11,0.82,0.00,0.00,0.00,0.00,0.00,0.00,3.82,-7.56,7.95,0.71,-0.69,1.16
9.707582,11.35,5.02,0.77,1.46,1.27,0.54,-42.06,-9.06,-14.81,8.14,-8.94,6.68,1.38,-0.78,1.01,-3.94,-4.88,9.52,-1.01,-0.36,1.49,8.86,-1.03,8.58,1.50,0.15,0.98,0.00,0.00,0.00,0.00,0.00,0.00,5.38,-7.32,7.98,0.63,-0.65,1.59
9.728084,11.30,4.52,1.31,1.64,1.69,1.02,-42.06,-9.06,-14.81,8.31,-8.13,6.87,1.69,-0.70,1.43,-4.48,-4.23,9.19,-1.51,-0.27,1.71,8.97,-0.22,8.12,1.83,0.54,1.12,0.00,0.00,0.00,0.00,0.00,0.00,5.11,-6.39,8.19,0.57,-0.54,2.12
9.749209,10.36,4.03,2.00,1.64,1.69,1.02,-40.38,-8.75,-15.25,7.67,-6.05,8.05,1.82,-0.53,1.84,-5.55,-4.05,7.88,-1.97,-0.20,1.83,8.12,1.41,7.88,2.06,0.94,1.25,0.00,0.00,0.00,0.00,0.00,0.00,3.46,-4.99,8.50,0.48,-0.41,2.58
10.179129,8.48,3.84,3.30,1.89,1.76,1.69,-40.69,-7.56,-17.38,6.28,-4.39,7.96,1.86,-0.32,2.16,-6.02,-3.54,6.13,-2.31,-0.13,1.85,6.72,2.65,6.92,2.20,1.28,1.31,0.00,0.00,0.00,0.00,0.00,0.00,1.74,-4.01,7.94,0.35,-0.28,2.87
10.180954,8.32,3.22,3.80,1.89,1.76,1.69,-41.38,-6.00,-17.06,5.16,-3.42,7.73,1.96,-0.24,2.29,-6.13,-2.94,4.84,-2.48,-0.06,1.92,5.73,3.29,6.09,2.34,1.45,1.32,0.00,0.00,0.00,0.00,0.00,0.00,0.74,-3.37,7.38,0.32,-0.21,3.05
10.180989,8.13,2.38,4.53,1.89,1.76,1.69,-40.88,-4.50,-18.19,3.84,-2.23,7.92,2.06,-0.22,2.37,-6.87,-2.64,3.39,-2.61,-0.02,2.05,4.63,4.41,5.62,2.50,1.56,1.36,0.00,0.00,0.00,0.00,0.00,0.00,-1.26,-2.59,6.91,0.34,-0.19,3.23
10.180999,7.63,1.15,5.14,1.89,1.76,1.69,-41.12,-5.31,-20.25,2.57,-1.10,8.21,2.14,-0.29,2.45,-7.60,-2.57,2.08,-2.66,-0.11,2.15,3.56,5.55,5.41,2.59,1.50,1.48,0.00,0.00,0.00,0.00,0.00,0.00,-2.90,-1.81,6.70,0.37,-0.30,3.32
10.181009,6.48,-0.23,5.91,1.89,1.76,1.69,-41.12,-5.31,-20.25,1.35,0.37,9.64,2.12,-0.34,2.40,-7.93,-3.12,-0.23,-2.61,-0.11,2.13,1.45,7.17,5.71,2.59,1.45,1.44,0.00,0.00,0.00,0.00,0.00,0.00,-3.83,-1.12,6.68,0.35,-0.26,3.23
10.181018,6.45,-0.34,7.62,1.89,1.76,1.69,-40.31,-3.94,-20.75,0.01,1.31,10.97,2.04,-0.00,2.14,-8.29,-3.81,-2.47,-2.45,0.26,1.93,-0.58,8.47,6.08,2.49,1.44,0.99,0.00,0.00,0.00,0.00,0.00,0.00,-4.84,-1.05,6.16,0.32,0.15,3.01
10.181027,6.45,-0.34,7.62,0.96,1.96,1.82,-40.50,-1.44,-21.19,-1.91,1.50,10.97,1.96,0.35,1.85,-8.91,-4.05,-3.60,-2.24,0.63,1.74,-1.62,8.95,6.21,2.35,1.39,0.54,0.00,0.00,0.00,0.00,0.00,0.00,-7.35,-1.30,5.08,0.39,0.49,2.82
10.181036,6.60,-2.52,8.25,0.96,1.96,1.82,-40.12,-1.81,-23.31,-3.81,1.45,10.58,1.91,0.39,1.61,-9.52,-4.07,-4.02,-2.01,0.68,1.71,-2.09,9.17,6.20,2.25,1.22,0.40,0.00,0.00,0.00,0.00,0.00,0.00,-9.96,-1.08,4.89,0.55,0.46,2.64
10.181045,6.25,-5.93,8.85,1.22,1.82,0.91,-40.12,-1.81,-23.31,-4.96,1.81,10.99,1.85,0.07,1.43,-10.32,-4.33,-4.55,-1.75,0.43,1.74,-2.54,9.89,6.58,2.16,0.90,0.55,0.00,0.00,0.00,0.00,0.00,0.00,-11.45,-0.92,4.96,0.61,0.14,2.41
10.181054,6.33,-4.94,9.39,1.22,1.82,0.91,-38.44,0.06,-24.44,-5.55,2.38,11.94,1.74,-0.24,1.24,-10.43,-4.95,-5.93,-1.46,0.27,1.72,-3.85,10.78,7.05,2.02,0.59,0.56,0.00,0.00,0.00,0.00,0.00,0.00,-11.38,-1.13,4.86,0.70,-0.02,2.11
10.181066,6.41,-4.21,9.54,1.05,1.67,0.60,-38.44,0.06,-24.44,-6.18,3.02,13.05,1.60,-0.19,0.81,-10.45,-5.57,-7.18,-1.04,0.41,1.57,-5.09,11.47,7.45,1.82,0.37,0.24,0.00,0.00,0.00,0.00,0.00,0.00,-11.85,-1.33,4.51,0.85,0.11,1.69
10.181074,6.33,-4.09,9.78,0.38,1.54,0.32,-38.44,0.06,-24.44,-6.94,3.24,13.55,1.44,0.00,0.25,-10.58,-5.83,-7.76,-0.54,0.67,1.37,-5.64,11.79,7.62,1.58,0.14,-0.22,0.00,0.00,0.00,0.00,0.00,0.00,-12.51,-1.60,4.16,1.06,0.33,1.19
10.181083,6.56,-4.90,10.04,-0.37,1.42,-0.01,-38.44,0.06,-24.44,-7.18,3.05,13.70,1.27,0.16,-0.35,-11.00,-5.97,-7.83,-0.01,0.89,1.19,-5.67,12.03,7.86,1.33,-0.18,-0.64,0.00,0.00,0.00,0.00,0.00,0.00,-13.19,-1.45,4.47,1.28,0.50,0.68
10.181093,6.71,-5.36,10.23,-0.37,1.42,-0.01,-35.50,1.56,-30.19,-6.83,2.86,14.25,1.12,0.28,-0.86,-11.30,-6.07,-7.61,0.47,1.07,0.99,-5.38,12.21,8.15,1.06,-0.49,-1.00,0.00,0.00,0.00,0.00,0.00,0.00,-13.29,-1.29,5.03,1.40,0.64,0.17
10.182929,7.40,-4.40,9.96,-1.70,0.97,-0.88,-35.50,1.56,-30.19,-6.38,2.81,14.88,0.91,0.47,-1.44,-11.47,-6.31,-7.59,1.01,1.34,0.70,-5.24,12.48,8.52,0.72,-0.80,-1.50,0.00,0.00,0.00,0.00,0.00,0.00,-12.95,-1.34,5.56,1.49,0.89,-0.44
10.18295,7.40,-4.40,9.96,-2.34,0.78,-1.11,-35.50,1.56,-30.19,-5.88,2.58,14.84,0.69,0.68,-1.93,-11.75,-6.26,-7.06,1.46,1.58,0.43,-4.69,12.44,8.54,0.43,-1.05,-1.92,0.00,0.00,0.00,0.00,0.00,0.00,-13.35,-1.43,5.87,1.51,1.10,-0.98
10.18297,7.79,-4.25,9.51,-2.34,0.78,-1.11,-33.19,2.75,-36.25,-5.46,1.82,13.79,0.57,0.79,-2.39,-11.54,-5.57,-5.89,1.94,1.66,0.26,-3.56,11.58,7.93,0.20,-1.43,-2.20,0.00,0.00,0.00,0.00,0.00,0.00,-13.02,-1.86,6.01,1.54,1.11,-1.50
10.182983,8.67,-3.90,9.47,-2.62,0.61,-1.47,-33.19,2.75,-36.25,-4.58,0.93,12.51,0.63,0.63,-2.79,-10.93,-4.63,-4.56,2.34,1.63,0.35,-2.29,10.46,7.07,0.19,-1.84,-2.30,0.00,0.00,0.00,0.00,0.00,0.00,-11.78,-2.38,6.16,1.59,0.96,-1.86
10.182993,9.28,-3.06,9.47,-2.51,0.78,-1.84,-33.19,2.75,-36.25,-2.81,0.70,12.32,0.81,0.35,-3.12,-11.24,-3.68,-2.84,2.64,1.54,0.62,-0.23,10.21,6.78,0.34,-2.24,-2.26,0.00,0.00,0.00,0.00,0.00,0.00,-10.57,-2.14,6.52,1.75,0.70,-2.09
10.183005,7.90,-2.22,9.66,-2.31,1.16,-2.17,-29.81,5.88,-38.50,-0.54,0.97,12.79,0.89,0.03,-3.11,-12.20,-2.91,-0.76,2.72,1.20,0.82,2.14,10.47,6.90,0.38,-2.48,-1.95,0.00,0.00,0.00,0.00,0.00,0.00,-8.59,-1.36,7.95,1.97,0.37,-2.03
10.191183,7.59,-0.99,9.73,-2.31,1.16,-2.17,-29.50,6.00,-41.00,0.75,0.96,12.59,0.85,-0.27,-3.02,-11.47,-2.38,-0.18,2.72,0.87,0.90,2.69,9.96,6.33,0.35,-2.61,-1.69,0.00,0.00,0.00,0.00,0.00,0.00,-6.87,-1.16,8.23,2.12,0.09,-1.89
10.212002,7.90,0.04,9.51,-1.38,0.91,-2.23,-29.50,6.00,-41.00,1.41,0.44,11.42,0.95,-0.36,-3.01,-10.24,-1.43,0.34,2.69,0.77,1.07,3.23,8.86,5.29,0.49,-2.68,-1.59,0.00,0.00,0.00,0.00,0.00,0.00,-4.81,-1.40,7.55,2.21,-0.01,-1.68
10.235591,8.02,-0.11,9.05,-1.27,1.34,-2.13,-27.69,4.81,-40.62,3.63,-0.39,10.51,1.20,-0.40,-2.75,-10.06,-0.23,2.08,2.40,0.73,1.36,5.31,8.13,4.66,0.78,-2.59,-1.42,0.00,0.00,0.00,0.00,0.00,0.00,-3.10,-0.46,8.14,2.44,-0.14,-1.15
10.25765,6.52,-0.76,8.51,-1.27,1.34,-2.13,-27.69,4.81,-40.62,4.99,-0.74,10.11,1.42,-0.57,-2.05,-10.32,0.51,3.75,1.76,0.47,1.59,6.98,7.73,4.63,1.03,-2.23,-0.94,0.00,0.00,0.00,0.00,0.00,0.00,-2.91,1.60,11.20,2.30,-0.35,-0.49
10.279324,6.10,-0.38,8.21,0.02,1.57,-1.26,-23.31,5.94,-43.19,5.33,-0.87,8.98,1.65,-0.90,-1.15,-10.19,1.09,4.50,1.10,0.03,1.77,7.72,7.24,4.17,1.27,-1.83,-0.27,0.00,0.00,0.00,0.00,0.00,0.00,-2.47,0.99,9.98,1.72,-0.75,0.01
10.691744,5.71,-0.42,7.86,1.98,1.75,-0.73,-23.31,5.94,-43.19,4.54,-0.29,8.09,1.85,-1.57,-0.24,-9.73,1.64,4.61,0.32,-0.64,2.16,7.85,6.73,3.54,1.65,-1.26,0.72,0.00,0.00,0.00,0.00,0.00,0.00,-2.15,0.55,8.69,1.55,-1.42,0.78
10.691777,5.03,0.54,7.55,1.98,1.75,-0.73,-23.31,5.94,-43.19,4.92,0.62,8.55,1.94,-2.16,0.35,-10.11,1.47,4.42,-0.23,-1.22,2.46,7.69,7.38,3.65,1.91,-0.88,1.48,0.00,0.00,0.00,0.00,0.00,0.00,-2.19,1.29,9.53,1.40,-1.99,1.29
10.691792,4.64,1.77,7.59,2.86,1.85,-0.62,-23.31,5.94,-43.19,6.04,1.68,9.86,1.86,-2.41,0.87,-10.53,1.09,3.91,-0.66,-1.66,2.50,7.24,8.48,3.93,1.98,-0.58,2.08,0.00,0.00,0.00,0.00,0.00,0.00,-1.45,1.79,10.22,1.14,-2.32,1.57
10.691806,4.26,2.76,7.86,3.21,1.58,-0.41,-23.31,5.94,-43.19,6.36,2.50,10.68,1.67,-2.36,1.22,-10.79,0.88,3.46,-0.98,-1.86,2.30,6.97,9.35,4.26,1.85,-0.33,2.37,0.00,0.00,0.00,0.00,0.00,0.00,-1.08,2.35,10.99,0.74,-2.37,1.73
10.691823,3.95,3.49,8.01,3.13,1.22,-0.09,-23.31,5.94,-43.19,7.34,2.90,11.10,1.38,-2.21,1.53,-10.93,1.00,3.56,-1.22,-1.93,1.97,7.13,9.57,4.22,1.56,-0.04,2.48,0.00,0.00,0.00,0.00,0.00,0.00,-0.97,2.66,11.35,0.31,-2.31,1.80
10.691837,3.72,3.76,8.05,2.95,0.77,0.21,-23.31,5.94,-43.19,7.27,3.05,10.86,1.09,-2.12,1.86,-11.01,1.24,3.85,-1.48,-2.01,1.60,7.47,9.59,4.16,1.22,0.28,2.60,0.00,0.00,0.00,0.00,0.00,0.00,-1.04,2.89,11.60,-0.13,-2.23,1.82
10.691854,3.88,4.22,7.55,3.00,-0.09,0.65,-23.31,5.94,-43.19,7.44,3.35,11.11,0.71,-1.98,2.27,-10.95,1.41,4.20,-1.79,-2.18,1.12,7.79,9.47,4.09,0.80,0.64,2.79,0.00,0.00,0.00,0.00,0.00,0.00,-0.91,2.82,11.44,-0.65,-2.15,1.84
10.691871,3.88,4.22,7.55,3.11,-0.51,0.80,-11.81,-21.19,-36.81,7.30,3.50,11.10,0.31,-1.84,2.50,-10.73,1.26,4.16,-1.98,-2.33,0.71,7.61,9.44,4.15,0.44,0.94,2.95,0.00,0.00,0.00,0.00,0.00,0.00,-0.87,2.57,10.93,-1.00,-2.10,1.82
10.691883,3.88,4.64,7.21,3.02,-0.90,0.92,-13.00,-21.25,-34.00,7.42,3.42,11.22,-0.16,-1.61,2.68,-10.55,1.05,4.28,-2.09,-2.43,0.22,7.66,9.36,4.41,-0.00,1.24,3.03,0.00,0.00,0.00,0.00,0.00,0.00,-0.68,2.58,10.90,-1.30,-2.01,1.74
10.691896,4.22,4.71,6.05,2.90,-1.35,1.11,-13.00,-21.25,-34.00,7.86,2.75,10.60,-0.77,-1.51,2.98,-10.34,1.20,5.37,-2.30,-2.63,-0.38,8.52,8.54,4.09,-0.57,1.50,3.24,0.00,0.00,0.00,0.00,0.00,0.00,-1.06,3.44,12.14,-1.97,-1.92,1.58
10.691908,4.72,4.56,5.56,3.11,-1.85,1.27,-13.00,-21.25,-34.00,7.64,2.10,9.66,-1.18,-1.60,3.35,-9.80,1.24,5.47,-2.54,-2.94,-0.75,8.39,7.95,3.81,-0.93,1.52,3.55,0.00,0.00,0.00,0.00,0.00,0.00,-1.03,2.15,9.88,-2.48,-1.96,1.46
10.69192,4.72,4.56,5.56,3.43,-2.17,1.30,-18.25,-28.12,-24.44,7.13,1.93,9.78,-1.42,-1.54,3.49,-9.07,0.72,4.83,-2.65,-3.05,-1.01,7.55,7.71,3.94,-1.14,1.57,3.69,0.00,0.00,0.00,0.00,0.00,0.00,-0.59,1.81,9.87,-2.78,-1.99,1.29
10.691933,6.18,5.98,5.60,3.43,-2.17,1.30,-20.00,-29.06,-22.25,6.93,2.09,10.81,-1.75,-1.31,3.44,-9.31,-0.10,4.57,-2.65,-3.00,-1.37,7.25,7.99,4.88,-1.35,1.81,3.66,0.00,0.00,0.00,0.00,0.00,0.00,-0.28,1.01,9.27,-3.10,-1.66,1.03
10.691945,6.56,5.71,5.68,2.88,-2.30,1.40,-20.00,-29.06,-22.25,6.40,1.77,10.86,-2.11,-0.93,3.32,-9.44,-0.87,4.36,-2.62,-2.89,-1.82,6.95,8.06,5.58,-1.56,2.09,3.55,0.00,0.00,0.00,0.00,0.00,0.00,-0.97,0.74,9.38,-3.36,-1.28,0.68
10.694319,6.94,5.75,5.64,2.55,-2.53,1.46,-20.00,-29.06,-22.25,5.87,1.58,11.09,-2.37,-0.64,3.14,-9.04,-1.68,3.83,-2.47,-2.70,-2.24,5.97,7.95,5.58,-1.88,2.24,3.26,0.00,0.00,0.00,0.00,0.00,0.00,-1.16,-0.15,8.64,-3.47,-0.87,0.24
10.694339,6.94,5.75,5.64,2.05,-2.77,1.40,-26.38,-32.56,-10.06,5.69,0.96,11.01,-2.47,-0.01,2.77,-7.87,-2.60,2.98,-2.21,-2.20,-2.57,4.60,7.37,5.66,-2.16,2.14,2.65,0.00,0.00,0.00,0.00,0.00,0.00,-0.22,-1.23,8.09,-3.57,-0.40,-0.35
10.694353,9.05,7.17,5.37,2.05,-2.77,1.40,-29.94,-29.56,-5.25,5.48,0.16,11.21,-2.48,0.97,2.00,-6.51,-3.83,2.32,-1.76,-1.07,-2.95,3.64,6.52,6.43,-2.28,2.16,1.37,0.00,0.00,0.00,0.00,0.00,0.00,2.60,-2.74,7.52,-3.62,0.57,-0.98
10.694367,9.31,6.59,4.98,-1.97,-2.52,1.92,-29.94,-29.56,-5.25,5.83,-0.69,11.00,-2.46,1.86,1.27,-6.24,-4.53,2.66,-1.44,0.12,-3.30,3.98,6.01,7.10,-2.33,2.37,0.07,0.00,0.00,0.00,0.00,0.00,0.00,3.84,-3.73,7.10,-3.56,1.65,-1.27
10.694382,9.17,5.83,4.75,-1.97,-2.52,1.92,-32.56,-29.31,-4.50,6.04,-1.75,10.25,-2.41,2.78,0.69,-6.44,-4.74,3.73,-1.24,1.11,-3.58,5.05,5.07,7.33,-2.39,2.42,-1.00,0.00,0.00,0.00,0.00,0.00,0.00,3.27,-4.53,6.54,-3.46,2.57,-1.34
10.709539,9.97,2.80,4.11,-2.88,-2.45,2.16,-37.06,-24.19,-1.88,5.14,-3.43,8.46,-2.16,3.56,0.20,-5.49,-5.32,3.68,-1.08,2.03,-3.60,4.34,3.68,7.18,-2.28,2.54,-2.00,0.00,0.00,0.00,0.00,0.00,0.00,2.81,-6.17,4.99,-3.18,3.30,-1.20
10.730496,10.28,2.91,3.53,-2.88,-2.45,2.16,-38.56,-19.44,-3.44,3.36,-3.62,8.29,-1.86,3.96,-0.30,-4.93,-6.47,2.37,-0.81,2.74,-3.48,2.74,3.40,7.79,-2.05,2.55,-2.83,0.00,0.00,0.00,0.00,0.00,0.00,2.01,-7.66,3.34,-2.85,3.88,-1.14
10.751812,10.23,2.07,2.69,-2.88,-2.45,2.16,-38.56,-19.44,-3.44,1.89,-4.46,7.48,-1.59,4.28,-1.02,-4.78,-7.05,1.80,-0.37,3.37,-3.28,2.02,2.94,7.98,-1.77,2.36,-3.62,0.00,0.00,0.00,0.00,0.00,0.00,0.44,-9.30,1.16,-2.27,4.33,-1.13
10.778194,9.97,-1.18,1.77,-4.80,-1.00,1.71,-38.56,-19.44,-3.44,1.18,-5.80,6.56,-1.15,4.18,-1.61,-4.98,-7.03,2.40,0.03,3.67,-2.83,2.38,2.24,8.17,-1.42,1.88,-4.00,0.00,0.00,0.00,0.00,0.00,0.00,-1.67,-9.21,0.99,-1.53,4.36,-0.96
11.201364,9.73,-1.03,1.77,-4.80,-1.00,1.71,-43.19,-11.25,-8.38,1.05,-6.02,6.76,-0.92,4.01,-1.76,-4.80,-7.10,2.21,0.18,3.70,-2.53,2.20,2.08,8.32,-1.21,1.63,-4.04,0.00,0.00,0.00,0.00,0.00,0.00,-1.30,-9.73,0.28,-1.06,4.25,-0.80
11.201395,10.05,-1.07,1.84,-4.10,-0.44,1.26,-43.19,-11.25,-8.38,-0.34,-6.54,5.84,-0.57,3.82,-1.94,-3.82,-7.11,1.43,0.39,3.72,-2.01,0.98,1.26,7.76,-0.83,1.35,-4.13,0.00,0.00,0.00,0.00,0.00,0.00,-0.92,-11.49,-2.47,-0.12,4.11,-0.18
11.20141,10.70,-1.49,1.80,-3.86,0.07,0.95,-43.19,-11.25,-8.38,-2.23,-7.30,4.25,-0.03,3.35,-2.19,-3.03,-6.93,0.88,0.66,3.66,-1.26,-0.17,0.27,7.10,-0.25,0.89,-4.09,0.00,0.00,0.00,0.00,0.00,0.00,-3.28,-11.57,-4.36,1.20,3.59,0.73
11.201421,11.00,-2.87,1.58,-3.86,0.07,0.95,-43.69,-2.38,-16.50,-3.81,-7.11,3.45,0.62,2.64,-2.40,-3.29,-6.63,0.89,1.03,3.27,-0.31,-0.40,0.03,6.99,0.42,0.24,-3.65,0.00,0.00,0.00,0.00,0.00,0.00,-10.45,-6.96,0.57,1.75,2.66,0.75
11.201433,10.27,-3.67,1.27,-3.86,0.07,0.95,-43.19,-0.38,-17.31,-3.75,-6.12,4.11,1.11,1.56,-2.42,-4.83,-6.32,1.48,1.39,2.48,0.49,0.37,1.33,7.31,0.90,-0.51,-2.78,0.00,0.00,0.00,0.00,0.00,0.00,-10.11,-6.96,-0.31,1.74,1.39,0.07
11.201445,9.31,-0.99,3.88,-0.89,1.98,-1.30,-43.19,-0.38,-17.31,-1.41,-5.01,6.40,1.50,0.61,-2.36,-4.64,-5.94,0.93,1.62,1.83,1.16,0.22,2.40,7.01,1.29,-1.02,-2.11,0.00,0.00,0.00,0.00,0.00,0.00,-3.80,-7.53,-1.20,2.54,0.27,0.17
11.201456,9.59,-0.07,4.11,-0.89,1.98,-1.30,-43.19,-0.38,-17.31,-0.14,-4.51,7.26,1.88,0.53,-2.37,-4.39,-5.46,0.43,1.67,1.91,1.57,0.10,2.92,6.60,1.69,-1.21,-2.17,0.00,0.00,0.00,0.00,0.00,0.00,-0.85,-6.92,-1.57,3.58,0.25,0.84
11.201467,9.05,-0.84,3.84,-1.42,2.40,-1.12,-43.19,-0.38,-17.31,-0.26,-3.78,7.26,2.24,0.52,-2.39,-5.40,-4.69,1.14,1.66,2.03,1.95,1.05,3.67,6.48,1.98,-1.30,-2.22,0.00,0.00,0.00,0.00,0.00,0.00,-2.73,-4.15,-0.97,4.64,0.09,1.59
11.201478,8.05,-1.76,4.22,-1.51,2.76,-1.08,-43.19,-0.38,-17.31,0.62,-3.30,7.06,2.55,0.31,-2.22,-6.34,-3.97,1.86,1.57,1.87,2.25,1.98,4.20,5.90,2.19,-1.56,-1.91,0.00,0.00,0.00,0.00,0.00,0.00,-5.53,-0.43,2.47,5.28,-0.72,1.81
11.201491,7.71,-1.26,4.56,-1.02,2.81,-1.21,-43.19,-0.38,-17.31,0.99,-2.72,6.87,2.86,0.05,-1.94,-6.51,-3.27,1.89,1.42,1.64,2.54,2.32,4.65,5.57,2.36,-1.80,-1.61,0.00,0.00,0.00,0.00,0.00,0.00,-4.15,1.82,7.17,5.04,-1.14,1.50
11.201505,7.06,-0.23,5.18,-0.62,2.82,-1.25,-30.19,-2.56,-35.69,1.41,-1.42,7.50,3.18,-0.31,-1.70,-6.90,-2.41,2.13,1.26,1.49,2.79,3.11,5.30,5.43,2.58,-1.77,-1.39,0.00,0.00,0.00,0.00,0.00,0.00,-0.67,1.59,7.77,4.27,-0.49,1.53
11.201516,6.75,0.04,5.56,-0.62,2.82,-1.25,-27.69,-4.19,-37.75,3.84,-0.42,9.50,3.18,-0.42,-1.46,-7.88,-1.61,3.47,0.97,1.38,2.84,5.05,6.07,5.77,2.66,-1.47,-1.18,0.00,0.00,0.00,0.00,0.00,0.00,-0.88,2.05,6.34,4.03,-0.31,1.87
11.201527,6.29,0.73,5.64,-0.62,2.82,-1.25,-27.69,-4.19,-37.75,5.16,-0.07,10.25,2.88,-0.23,-0.92,-9.18,-0.86,5.01,0.44,1.11,2.66,6.97,6.72,6.21,2.56,-0.88,-0.76,0.00,0.00,0.00,0.00,0.00,0.00,0.64,3.68,8.13,3.88,-0.52,2.35
11.201537,5.71,0.31,5.87,0.08,2.76,-0.33,-27.69,-4.19,-37.75,5.83,-0.22,9.19,2.55,-0.35,-0.14,-9.37,0.10,5.79,-0.20,0.62,2.51,7.80,6.49,5.22,2.40,-0.38,-0.03,0.00,0.00,0.00,0.00,0.00,0.00,0.06,5.71,10.99,3.32,-0.68,2.88
11.203998,4.99,0.27,6.40,1.86,2.02,0.51,-22.06,-4.12,-40.69,5.75,0.11,8.00,2.35,-0.89,0.77,-9.28,0.57,5.48,-0.89,-0.09,2.50,7.55,6.61,4.62,2.31,-0.04,0.86,0.00,0.00,0.00,0.00,0.00,0.00,-0.12,6.03,11.60,2.21,-0.71,3.19
11.204019,4.68,2.72,6.36,1.86,2.02,0.51,-20.19,-5.75,-40.94,6.06,1.30,8.84,2.27,-1.28,1.44,-9.50,0.41,4.87,-1.39,-0.61,2.41,7.15,7.42,4.77,2.21,0.27,1.53,0.00,0.00,0.00,0.00,0.00,0.00,0.33,5.15,9.97,1.41,-0.72,3.35
11.204032,4.57,3.57,6.33,2.60,1.57,0.88,-20.19,-5.75,-40.94,6.79,2.22,10.18,1.94,-1.27,1.81,-10.04,0.26,5.03,-1.72,-0.99,2.12,7.49,8.23,5.19,2.00,0.67,1.95,0.00,0.00,0.00,0.00,0.00,0.00,0.72,5.23,9.72,1.05,-0.73,3.52
11.204043,4.64,3.34,6.52,2.67,1.03,1.18,-17.69,-11.81,-42.12,8.20,2.15,10.58,1.33,-1.14,2.44,-10.45,0.89,6.17,-2.23,-1.47,1.63,8.93,8.32,5.01,1.52,1.24,2.47,0.00,0.00,0.00,0.00,0.00,0.00,2.03,6.46,11.27,0.57,-0.71,3.83
11.204059,4.95,2.80,6.67,3.03,0.42,1.57,-17.69,-11.81,-42.12,8.86,1.79,10.02,0.91,-1.15,3.14,-10.53,1.52,6.62,-2.78,-1.93,1.37,9.45,8.16,4.28,1.15,1.59,3.02,0.00,0.00,0.00,0.00,0.00,0.00,1.22,9.17,15.40,-0.41,-0.37,3.86
11.204071,5.49,3.14,6.56,3.73,0.02,1.97,-17.69,-11.81,-42.12,7.89,2.17,9.87,0.64,-1.29,3.76,-10.48,1.32,5.83,-3.24,-2.35,1.22,8.59,8.44,4.19,0.91,1.72,3.60,0.00,0.00,0.00,0.00,0.00,0.00,-0.36,10.01,15.81,-2.08,0.40,3.68
11.219447,5.87,4.14,6.40,4.24,-0.18,2.15,-17.69,-11.81,-42.12,6.77,2.76,10.41,0.38,-1.39,4.02,-10.58,0.20,4.58,-3.41,-2.63,1.01,7.16,9.12,4.74,0.73,1.81,3.91,0.00,0.00,0.00,0.00,0.00,0.00,-2.93,7.79,11.07,-3.50,0.62,3.22
11.243076,6.25,5.94,6.21,4.24,-0.18,2.15,-21.75,-24.19,-27.06,6.11,3.15,11.79,-0.02,-1.51,3.95,-10.44,-1.36,3.41,-3.26,-2.71,0.53,5.48,9.68,5.60,0.37,1.77,3.87,0.00,0.00,0.00,0.00,0.00,0.00,-3.29,5.45,9.25,-4.06,0.50,2.47
11.263641,6.37,5.94,6.33,2.85,-1.08,1.65,-21.75,-24.19,-27.06,5.82,2.86,12.40,-0.44,-1.20,3.66,-9.88,-2.18,2.92,-2.99,-2.44,0.00,4.90,9.40,6.27,-0.02,1.81,3.42,0.00,0.00,0.00,0.00,0.00,0.00,-2.86,4.17,9.12,-4.30,1.00,1.66
11.285213,7.10,5.94,6.71,2.85,-1.08,1.65,-23.50,-24.69,-24.25,4.51,2.11,11.65,-0.77,-0.70,3.20,-8.97,-2.65,2.60,-2.67,-2.01,-0.43,3.92,8.35,5.81,-0.31,1.75,2.82,0.00,0.00,0.00,0.00,0.00,0.00,-4.09,1.66,6.65,-4.26,1.41,0.82
11.367464,8.09,4.49,7.02,2.01,-1.18,1.63,-25.94,-24.69,-19.62,3.07,1.08,10.92,-0.92,-0.46,2.54,-8.59,-3.39,2.65,-2.12,-1.63,-0.64,3.52,7.54,6.38,-0.48,1.45,2.24,0.00,0.00,0.00,0.00,0.00,0.00,-5.29,-0.20,6.20,-3.84,1.10,0.08
11.371272,8.48,3.76,6.75,2.01,-1.18,1.63,-28.00,-24.56,-18.19,3.59,0.07,11.20,-1.04,-0.37,1.99,-8.99,-3.88,3.29,-1.71,-1.39,-0.78,4.23,7.43,7.28,-0.57,1.22,1.89,0.00,0.00,0.00,0.00,0.00,0.00,-4.74,-0.43,7.69,-3.62,0.99,-0.47
11.371304,8.48,3.57,7.17,2.01,-1.18,1.63,-29.00,-22.94,-18.62,4.29,0.05,12.59,-1.14,-0.15,1.62,-9.44,-4.32,3.62,-1.48,-1.15,-1.04,4.73,7.93,8.01,-0.73,1.24,1.55,0.00,0.00,0.00,0.00,0.00,0.00,-4.27,-1.26,7.83,-3.39,1.07,-0.89
11.378143,8.36,4.91,7.78,0.45,-1.30,0.94,-29.00,-22.94,-18.62,3.47,1.10,14.20,-1.40,0.54,1.10,-9.30,-5.62,1.91,-1.14,-0.49,-1.49,2.68,9.09,8.50,-1.15,1.28,0.62,0.00,0.00,0.00,0.00,0.00,0.00,-4.10,-2.78,7.02,-3.00,1.42,-1.45
11.395675,8.62,5.56,7.63,-0.63,-1.59,0.91,-29.00,-22.94,-18.62,3.20,1.38,14.67,-1.74,1.30,0.31,-9.44,-6.59,0.72,-0.67,0.33,-1.96,1.60,9.72,8.97,-1.49,1.25,-0.37,0.00,0.00,0.00,0.00,0.00,0.00,-3.60,-4.10,6.06,-2.51,1.93,-1.85
11.417492,9.21,4.41,7.17,-2.36,-1.86,0.80,-29.00,-22.94,-18.62,3.31,0.78,14.52,-1.96,2.51,-0.64,-9.55,-6.62,0.94,-0.06,1.37,-2.61,2.09,9.34,9.20,-1.88,1.24,-1.70,0.00,0.00,0.00,0.00,0.00,0.00,-3.82,-4.16,7.02,-1.99,2.76,-2.36
11.441318,9.43,2.11,6.33,-4.10,-1.99,0.86,-36.38,-18.88,-15.88,3.46,-0.50,13.22,-2.29,3.12,-1.33,-9.88,-6.36,2.06,0.31,2.14,-3.13,3.41,8.57,9.36,-2.22,1.28,-2.63,0.00,0.00,0.00,0.00,0.00,0.00,-3.80,-4.81,6.62,-1.66,3.37,-2.62
11.46382,9.47,0.85,5.60,-4.34,-2.11,1.02,-36.38,-18.88,-15.88,3.02,-1.09,12.58,-2.51,3.69,-1.86,-9.43,-6.44,1.94,0.48,2.66,-3.49,3.12,8.00,8.99,-2.44,1.32,-3.26,0.00,0.00,0.00,0.00,0.00,0.00,-3.92,-5.25,6.28,-1.43,3.87,-2.70
11.485871,9.85,0.77,5.14,-4.34,-2.11,1.02,-38.44,-14.69,-16.38,2.06,-2.38,10.49,-2.54,3.93,-2.48,-8.47,-6.25,1.94,0.70,3.11,-3.63,2.93,6.53,8.44,-2.43,1.18,-3.77,0.00,0.00,0.00,0.00,0.00,0.00,-3.78,-6.51,4.64,-1.24,4.21,-2.65
11.509677,10.43,-1.68,3.64,-4.48,-1.61,0.88,-38.44,-14.69,-16.38,1.98,-4.54,8.00,-2.25,3.87,-2.78,-7.35,-5.49,3.04,0.80,3.17,-3.33,3.67,4.16,7.81,-2.09,0.97,-3.80,0.00,0.00,0.00,0.00,0.00,0.00,-4.31,-7.88,2.30,-0.83,4.03,-2.22
11.531574,10.43,-3.29,3.38,-4.48,-1.61,0.88,-41.50,-4.44,-18.19,0.86,-6.02,5.44,-1.73,3.23,-2.81,-6.17,-4.84,4.00,0.71,2.73,-2.61,4.02,2.17,7.02,-1.54,0.62,-3.16,0.00,0.00,0.00,0.00,0.00,0.00,-5.72,-7.77,1.94,-0.33,3.27,-1.54
11.711209,10.27,-3.02,3.53,-4.48,-1.61,0.88,-43.25,-3.81,-17.88,1.85,-6.89,4.66,-1.05,2.27,-2.40,-5.49,-5.02,3.72,0.62,2.09,-1.72,3.34,1.64,6.96,-0.97,0.35,-2.40,0.00,0.00,0.00,0.00,0.00,0.00,-6.10,-7.48,1.98,0.03,2.31,-1.03
11.711238,9.70,-1.30,3.72,-4.48,-1.61,0.88,-42.56,-0.88,-18.69,0.97,-6.24,5.45,-0.37,1.39,-1.99,-4.76,-5.44,2.69,0.63,1.56,-0.88,1.92,1.87,6.92,-0.37,0.02,-1.81,0.00,0.00,0.00,0.00,0.00,0.00,-4.94,-7.99,1.13,0.42,1.49,-0.59
11.71125,9.70,-0.15,3.84,-0.99,0.45,-0.26,-42.56,-0.88,-18.69,-0.85,-5.48,5.66,0.28,0.95,-2.11,-4.22,-5.82,1.46,0.79,1.47,-0.23,0.64,2.23,6.90,0.15,-0.31,-1.69,0.00,0.00,0.00,0.00,0.00,0.00,-4.90,-7.87,0.72,0.94,1.07,-0.23
11.711264,9.70,-0.07,3.64,-0.99,0.45,-0.26,-41.75,-0.31,-20.50,-3.43,-4.47,5.52,0.99,0.46,-2.89,-4.79,-5.66,1.78,1.04,1.46,0.29,1.09,2.81,7.10,0.65,-0.63,-1.58,0.00,0.00,0.00,0.00,0.00,0.00,-4.93,-7.46,0.39,1.51,0.64,0.06
11.711276,9.16,-1.07,3.57,-0.99,0.45,-0.26,-40.50,-0.31,-23.00,1.37,-3.77,7.24,1.50,-0.08,-3.74,-4.88,-5.38,2.01,1.12,1.40,0.72,1.30,3.19,6.75,1.10,-0.91,-1.37,0.00,0.00,0.00,0.00,0.00,0.00,-3.40,-7.84,-1.56,2.40,0.14,0.61
11.711288,8.97,-0.68,4.34,-0.99,0.45,-0.26,-40.50,-0.31,-23.00,3.11,-3.19,8.60,1.78,0.30,-3.15,-4.83,-5.34,1.49,1.14,1.52,1.15,1.21,3.41,6.91,1.44,-1.18,-1.39,0.00,0.00,0.00,0.00,0.00,0.00,-3.85,-5.12,0.74,3.60,-0.36,1.28
11.711302,8.09,0.08,3.72,-0.75,1.75,-0.78,-40.50,-0.31,-23.00,1.56,-2.98,7.22,1.95,0.36,-2.97,-5.15,-5.34,0.79,1.40,1.62,1.49,0.38,3.70,6.37,1.73,-1.38,-1.47,0.00,0.00,0.00,0.00,0.00,0.00,-8.58,-1.70,5.56,3.24,-0.34,0.62
11.71278,8.59,-0.53,4.53,-0.96,2.08,-1.23,-40.50,-0.31,-23.00,3.06,-3.70,6.02,2.38,0.40,-2.76,-5.08,-4.44,1.07,1.66,1.60,1.86,0.98,3.74,5.37,1.92,-1.77,-1.49,0.00,0.00,0.00,0.00,0.00,0.00,-6.02,-3.59,2.03,3.02,-0.63,-0.03
11.725553,8.66,-0.46,4.68,-0.95,2.76,-1.41,-40.50,-0.31,-23.00,5.64,-3.30,6.46,3.11,0.48,-1.96,-5.95,-2.83,3.16,1.41,1.71,2.31,3.99,4.03,5.43,2.13,-1.92,-1.64,0.00,0.00,0.00,0.00,0.00,0.00,-0.90,-3.25,1.90,3.64,-1.10,0.21
11.746903,7.59,-0.91,4.75,-0.33,2.86,-0.76,-40.50,-0.31,-23.00,3.31,-0.42,9.04,3.27,0.27,-1.34,-7.51,-2.17,4.46,0.87,1.56,2.56,5.72,5.06,6.14,2.31,-1.54,-1.25,0.00,0.00,0.00,0.00,0.00,0.00,-0.97,-0.80,4.49,4.25,-1.46,1.10
11.768789,6.21,0.20,4.98,0.47,2.50,-0.57,-28.12,-2.19,-37.12,2.62,0.94,9.54,3.02,0.08,-1.11,-8.63,-2.83,3.48,0.54,1.18,2.48,4.69,6.85,6.49,2.24,-1.13,-0.74,0.00,0.00,0.00,0.00,0.00,0.00,-2.35,1.66,7.57,4.25,-1.73,1.49
11.788823,5.41,1.77,5.48,0.47,2.50,-0.57,-28.12,-2.19,-37.12,2.91,1.32,9.24,2.89,-0.35,-1.09,-8.51,-2.69,2.77,0.46,0.98,2.20,4.12,7.23,6.09,2.02,-0.88,-0.61,0.00,0.00,0.00,0.00,0.00,0.00,-1.95,2.51,9.73,3.64,-1.47,1.38
12.221633,6.41,1.46,6.21,0.05,1.77,-0.39,-24.00,-6.38,-40.19,7.55,0.67,8.64,2.70,-0.22,-0.61,-8.38,-1.28,4.06,0.14,0.84,1.93,6.05,6.38,5.37,1.84,-0.61,-0.48,0.00,0.00,0.00,0.00,0.00,0.00,-0.55,2.43,9.34,2.90,-1.05,1.32
12.221762,6.52,0.58,6.48,0.05,1.77,-0.39,-22.81,-6.56,-39.44,9.68,0.53,7.82,2.84,0.05,0.50,-8.90,0.21,5.85,-0.52,0.47,1.90,8.24,5.89,5.00,1.80,-0.15,-0.02,0.00,0.00,0.00,0.00,0.00,0.00,1.04,2.43,8.43,2.60,-1.22,1.81
12.221785,6.41,-0.30,6.67,0.05,1.77,-0.39,-21.62,-6.25,-39.19,10.00,1.02,7.12,3.24,0.25,2.37,-9.51,0.79,6.06,-1.37,-0.10,2.02,8.74,6.51,4.65,1.74,0.41,0.78,0.00,0.00,0.00,0.00,0.00,0.00,1.32,3.31,8.30,2.59,-1.73,2.60
12.2218,5.79,0.35,6.82,0.05,1.77,-0.39,-21.56,-7.12,-40.12,8.39,4.69,9.62,3.11,0.28,3.61,-10.34,0.50,5.07,-2.08,-0.67,2.06,7.83,7.85,4.65,1.60,0.88,1.56,0.00,0.00,0.00,0.00,0.00,0.00,0.61,4.58,9.23,2.60,-2.17,3.19
12.221811,4.95,2.42,6.90,0.05,1.77,-0.39,-21.56,-7.12,-40.12,5.21,6.81,11.82,2.41,-0.00,4.10,-10.91,-0.54,3.22,-2.44,-1.08,1.80,5.83,9.64,5.24,1.34,1.23,2.08,0.00,0.00,0.00,0.00,0.00,0.00,1.15,5.79,11.10,2.37,-2.07,3.51
12.221824,4.99,4.52,7.55,0.05,1.77,-0.39,-21.56,-7.12,-40.12,4.52,7.27,12.96,1.52,0.09,3.91,-11.13,-1.43,2.22,-2.47,-1.10,1.21,4.87,10.63,6.00,0.94,1.49,2.04,0.00,0.00,0.00,0.00,0.00,0.00,-0.32,6.79,12.03,1.82,-1.34,3.36
12.221836,5.26,3.91,7.71,1.95,0.02,1.52,-20.50,-14.88,-35.25,4.53,6.70,12.95,0.71,0.33,3.55,-11.47,-1.87,2.32,-2.45,-0.99,0.42,4.83,10.85,6.51,0.45,1.76,1.85,0.00,0.00,0.00,0.00,0.00,0.00,-0.37,7.11,12.44,1.11,-0.63,2.94
12.221847,5.26,3.91,7.71,1.36,-0.60,1.78,-21.00,-12.38,-35.31,4.77,5.60,11.72,0.05,0.54,3.35,-11.23,-1.88,2.69,-2.39,-0.99,-0.32,4.92,10.26,6.25,-0.03,1.91,1.74,0.00,0.00,0.00,0.00,0.00,0.00,-1.21,7.29,12.41,0.33,-0.03,2.54
12.22187,6.06,2.50,6.86,1.36,-0.60,1.78,-24.12,-14.19,-32.44,5.08,4.18,10.33,-0.47,0.42,3.27,-10.41,-1.66,3.11,-2.30,-1.13,-0.93,5.20,9.00,5.80,-0.50,1.98,1.81,0.00,0.00,0.00,0.00,0.00,0.00,-1.10,6.70,11.63,-0.79,0.31,2.06
12.221883,6.56,2.19,6.90,1.36,-0.60,1.78,-24.12,-14.19,-32.44,4.97,3.09,9.17,-0.70,0.45,3.37,-9.77,-1.60,3.25,-2.28,-1.30,-1.15,5.15,8.05,5.48,-0.80,2.05,1.92,0.00,0.00,0.00,0.00,0.00,0.00,-1.01,5.32,9.72,-1.38,0.47,1.87
12.221896,7.40,2.04,6.79,1.54,-1.62,1.61,-24.12,-14.19,-32.44,4.24,2.20,8.86,-0.71,0.26,3.42,-9.22,-1.67,3.61,-2.30,-1.55,-1.18,5.31,7.20,5.48,-0.96,2.02,2.12,0.00,0.00,0.00,0.00,0.00,0.00,-0.44,4.30,9.00,-1.62,0.48,1.92
12.221907,7.82,1.69,6.40,1.83,-1.56,1.43,-24.12,-14.19,-32.44,4.79,1.62,9.62,-0.71,0.07,3.44,-8.86,-1.92,3.80,-2.43,-1.76,-1.11,5.49,6.72,5.70,-0.99,2.00,2.36,0.00,0.00,0.00,0.00,0.00,0.00,-0.02,3.69,8.71,-1.72,0.54,2.06
12.221919,8.16,1.92,6.10,2.15,-1.43,1.39,-24.12,-14.19,-32.44,4.94,1.34,10.17,-0.75,0.17,3.47,-8.62,-2.35,3.67,-2.66,-1.88,-1.02,5.40,6.57,6.02,-0.97,2.09,2.52,0.00,0.00,0.00,0.00,0.00,0.00,0.01,3.29,8.57,-1.74,0.70,2.21
12.221931,8.55,2.30,5.98,2.25,-1.33,1.54,-33.06,-14.94,-21.69,3.68,1.67,11.01,-0.90,0.18,3.40,-8.90,-3.33,3.06,-2.73,-1.91,-1.02,4.45,7.20,6.68,-0.91,2.00,2.60,0.00,0.00,0.00,0.00,0.00,0.00,-2.45,4.47,10.60,-2.02,0.94,2.01
12.224325,8.20,2.46,6.06,2.25,-1.33,1.54,-34.56,-14.31,-21.00,3.92,1.77,11.63,-1.16,0.13,3.30,-9.32,-4.12,2.70,-2.62,-1.91,-1.22,4.06,7.48,7.40,-0.99,1.98,2.63,0.00,0.00,0.00,0.00,0.00,0.00,-4.07,6.60,13.96,-3.12,1.24,1.24
12.224344,8.09,2.11,5.91,2.25,-1.33,1.54,-34.56,-14.31,-21.00,1.89,0.84,10.41,-1.24,0.22,2.97,-7.28,-4.81,1.05,-2.24,-1.78,-1.31,1.71,6.32,6.57,-1.00,1.65,2.38,0.00,0.00,0.00,0.00,0.00,0.00,-3.91,4.70,11.73,-4.62,1.99,-0.07
12.224359,11.80,2.19,6.75,1.15,-1.03,0.97,-34.56,-14.31,-21.00,0.67,-0.87,9.55,-0.89,0.33,2.13,-5.82,-5.10,0.73,-1.70,-1.11,-0.82,1.15,4.84,6.63,-0.59,1.21,1.58,0.00,0.00,0.00,0.00,0.00,0.00,-0.86,-1.21,5.07,-4.74,2.55,-0.62
12.22437,10.50,0.58,6.82,0.65,-0.10,0.78,-34.56,-14.31,-21.00,2.57,-0.97,11.01,-0.59,0.40,1.64,-7.50,-5.18,2.21,-1.54,-0.64,-0.36,3.23,5.60,7.90,-0.21,1.08,1.11,0.00,0.00,0.00,0.00,0.00,0.00,-1.87,-1.88,4.96,-3.90,2.34,-0.23
12.224382,8.63,0.85,6.71,0.79,0.06,0.95,-34.56,-14.31,-21.00,2.55,0.54,13.07,-0.69,0.55,1.45,-9.73,-6.21,2.04,-1.49,-0.49,-0.34,3.29,7.80,9.40,-0.20,1.13,0.96,0.00,0.00,0.00,0.00,0.00,0.00,-4.90,-0.35,7.83,-3.40,2.06,-0.10
12.224395,8.21,1.69,7.21,0.79,0.06,0.95,-38.94,-12.44,-12.25,2.24,0.77,13.29,-0.94,0.65,1.21,-10.29,-6.87,1.21,-1.25,-0.40,-0.66,2.53,8.69,9.89,-0.43,1.13,0.79,0.00,0.00,0.00,0.00,0.00,0.00,-6.92,-0.58,7.70,-3.21,1.92,-0.53
12.236642,9.89,1.19,7.63,0.79,0.06,0.95,-39.62,-10.94,-11.25,1.09,0.27,12.77,-1.05,0.87,0.86,-8.95,-6.85,0.41,-0.86,-0.12,-0.92,1.28,7.64,9.00,-0.69,0.98,0.33,0.00,0.00,0.00,0.00,0.00,0.00,-6.17,-3.81,5.10,-2.61,1.50,-0.87
12.260406,10.85,1.08,7.25,-0.48,-0.90,0.59,-39.62,-10.94,-11.25,-0.86,-0.59,11.55,-0.98,0.99,0.21,-7.65,-6.88,-0.18,-0.38,0.23,-0.80,0.20,6.39,8.35,-0.60,0.64,-0.19,0.00,0.00,0.00,0.00,0.00,0.00,-6.61,-4.93,4.69,-1.90,1.24,-0.97
12.282597,10.58,0.50,6.48,-0.94,-0.31,0.19,-39.62,-10.94,-11.25,0.83,-0.84,12.11,-0.97,0.80,-0.28,-9.02,-6.54,1.66,-0.04,0.33,-0.63,2.56,6.66,9.18,-0.56,0.25,-0.37,0.00,0.00,0.00,0.00,0.00,0.00,-7.41,-3.13,6.67,-1.39,0.76,-1.05
12.305305,7.68,-0.76,5.83,-0.94,-0.31,0.19,-41.12,-10.94,-10.50,2.00,-0.39,12.83,-1.39,0.74,-0.36,-9.75,-6.81,1.81,0.04,0.11,-0.87,3.00,7.62,9.91,-0.84,0.24,-0.20,0.00,0.00,0.00,0.00,0.00,0.00,-6.09,-2.61,7.66,-1.28,0.48,-1.17
12.731984,8.24,1.31,6.21,-0.94,-0.31,0.19,-41.56,-8.38,-10.94,1.89,-0.14,13.13,-1.67,1.10,-0.61,-8.52,-7.10,0.57,0.19,0.33,-1.31,1.70,7.55,9.59,-1.14,0.41,-0.52,0.00,0.00,0.00,0.00,0.00,0.00,-4.31,-3.45,7.19,-1.15,0.79,-1.41
12.732094,9.01,2.50,5.98,-0.94,-0.31,0.19,-41.56,-8.38,-10.94,1.35,-0.09,13.23,-1.84,1.78,-1.09,-7.34,-7.03,0.09,0.39,0.90,-1.65,0.96,6.73,8.92,-1.31,0.57,-1.23,0.00,0.00,0.00,0.00,0.00,0.00,-3.69,-3.81,7.26,-1.14,1.35,-1.68
12.73212,9.31,2.07,5.33,-2.16,-1.33,0.43,-41.56,-8.38,-10.94,0.68,-1.16,11.10,-2.03,2.32,-1.73,-6.89,-6.96,0.23,0.65,1.52,-1.85,0.82,5.94,8.54,-1.39,0.57,-1.88,0.00,0.00,0.00,0.00,0.00,0.00,-4.58,-4.75,6.07,-1.16,1.92,-2.01
12.732134,9.39,-0.80,3.95,-3.05,-0.90,0.21,-41.56,-8.38,-10.94,0.02,-2.31,9.27,-1.84,2.65,-2.36,-6.45,-6.91,0.39,1.02,1.85,-1.79,0.62,4.94,8.20,-1.38,0.27,-2.29,0.00,0.00,0.00,0.00,0.00,0.00,-6.56,-5.52,4.79,-1.06,2.05,-2.38
12.732147,9.39,-1.07,3.53,-2.96,-0.67,-0.32,-41.56,-8.38,-10.94,0.18,-3.70,8.25,-1.52,2.39,-2.58,-6.18,-6.47,1.21,1.34,1.91,-1.61,1.40,4.08,8.09,-1.26,-0.06,-2.38,0.00,0.00,0.00,0.00,0.00,0.00,-6.72,-5.53,4.38,-0.99,1.70,-2.81
12.73216,9.67,-1.91,3.34,-2.58,-0.46,-0.46,-41.56,-8.38,-10.94,0.22,-4.23,8.36,-1.35,1.95,-2.73,-6.05,-5.95,2.38,1.33,1.82,-1.42,2.71,3.38,8.22,-1.03,-0.14,-2.19,0.00,0.00,0.00,0.00,0.00,0.00,-3.54,-5.63,4.87,-0.91,1.32,-2.84
12.732171,9.09,-0.88,3.57,-2.05,-0.28,-0.21,-41.56,-8.38,-10.94,3.23,-5.40,7.97,-1.08,1.73,-2.48,-5.92,-6.18,2.38,1.07,1.68,-1.14,2.63,3.39,8.25,-0.77,-0.07,-2.02,0.00,0.00,0.00,0.00,0.00,0.00,-0.72,-6.73,4.10,-0.65,1.39,-2.13
12.732184,9.39,-0.38,3.64,-2.05,-0.28,-0.21,-45.38,-4.00,-11.12,1.92,-5.27,7.97,-0.73,1.61,-2.12,-5.37,-6.43,1.87,0.91,1.69,-0.96,1.85,3.22,8.23,-0.61,-0.15,-2.06,0.00,0.00,0.00,0.00,0.00,0.00,-1.25,-7.21,3.64,-0.26,1.60,-1.47
12.732195,9.43,-0.42,3.34,-1.95,-0.09,0.05,-45.38,-4.00,-11.12,-0.89,-4.75,7.41,-0.44,1.43,-2.26,-5.32,-6.70,1.30,0.97,1.71,-0.75,0.96,3.28,8.09,-0.40,-0.24,-2.11,0.00,0.00,0.00,0.00,0.00,0.00,-4.14,-7.32,3.09,0.01,1.63,-1.14
12.732208,9.70,-1.41,3.38,-1.95,-0.09,0.05,-44.06,-0.88,-15.50,1.69,-5.73,6.95,0.03,0.98,-2.46,-4.99,-6.35,1.58,1.15,1.63,-0.37,1.10,2.60,7.67,-0.14,-0.58,-1.97,0.00,0.00,0.00,0.00,0.00,0.00,-4.22,-7.87,2.12,0.43,1.28,-1.05
12.732219,9.81,-1.64,3.41,-1.95,-0.09,0.05,-44.06,-0.88,-15.50,0.63,-4.74,8.32,0.33,0.85,-2.22,-5.41,-6.42,1.80,1.15,1.53,-0.05,1.53,3.21,8.18,0.06,-0.75,-1.83,0.00,0.00,0.00,0.00,0.00,0.00,-2.18,-8.13,1.74,0.98,1.11,-0.70
12.73223,8.82,-0.88,3.45,-1.37,0.68,-0.66,-44.06,-0.88,-15.50,0.30,-4.45,8.44,0.48,0.71,-2.23,-5.56,-6.70,1.42,1.20,1.50,0.12,1.19,3.67,8.39,0.16,-0.82,-1.84,0.00,0.00,0.00,0.00,0.00,0.00,-2.45,-7.33,2.48,1.65,1.09,-0.10
12.732241,9.21,-0.49,3.26,-1.38,0.62,-0.65,-42.56,-0.81,-19.44,-1.19,-4.46,6.84,1.04,0.30,-2.71,-5.04,-6.22,1.60,1.32,1.49,0.34,1.08,3.00,7.62,0.37,-0.97,-1.85,0.00,0.00,0.00,0.00,0.00,0.00,-4.92,-6.71,2.41,2.03,0.87,0.05
12.732253,9.39,-0.76,3.15,-1.38,0.62,-0.65,-42.38,1.25,-20.94,-1.00,-4.08,5.86,1.53,-0.11,-3.16,-4.47,-5.95,1.07,1.58,1.41,0.72,0.29,2.60,6.93,0.67,-1.27,-1.75,0.00,0.00,0.00,0.00,0.00,0.00,-5.23,-7.08,0.70,2.51,0.39,-0.01
12.734223,9.32,-0.46,3.18,-1.38,0.62,-0.65,-40.75,-1.25,-23.62,0.93,-3.97,5.50,2.05,-0.50,-3.38,-3.95,-5.29,1.23,1.88,1.32,1.18,0.47,2.10,6.10,1.11,-1.71,-1.64,0.00,0.00,0.00,0.00,0.00,0.00,-4.41,-6.56,0.06,3.18,-0.22,-0.06
12.734242,9.36,-0.46,3.15,-1.38,0.62,-0.65,-40.75,-1.25,-23.62,3.16,-4.52,4.12,2.65,-0.82,-3.28,-3.93,-4.41,2.07,1.99,1.31,1.64,1.64,1.97,5.69,1.58,-2.09,-1.56,0.00,0.00,0.00,0.00,0.00,0.00,-2.83,-5.32,0.24,3.83,-0.75,-0.04
12.734257,8.09,0.46,2.99,-0.88,2.56,-1.73,-37.50,-4.75,-27.38,5.95,-3.39,4.36,3.66,-1.38,-2.71,-4.44,-3.45,3.37,1.77,1.34,2.06,3.88,2.44,5.81,2.06,-2.07,-1.48,0.00,0.00,0.00,0.00,0.00,0.00,-0.07,-3.05,1.68,4.54,-1.15,0.17
12.734268,7.05,1.00,3.18,-0.72,2.76,-1.36,-37.50,-4.75,-27.38,6.36,-1.89,5.20,4.51,-0.96,-1.66,-5.26,-3.12,3.76,1.44,1.37,2.26,4.47,3.39,5.80,2.20,-1.86,-1.41,0.00,0.00,0.00,0.00,0.00,0.00,0.77,-1.09,3.57,4.95,-1.30,0.51
12.734281,6.90,1.77,3.61,-0.62,2.57,-1.07,-37.50,-4.75,-27.38,6.18,0.90,8.93,4.21,-0.65,-1.30,-6.05,-2.78,4.14,1.12,1.35,2.27,5.00,4.05,5.87,2.20,-1.57,-1.30,0.00,0.00,0.00,0.00,0.00,0.00,0.36,0.99,6.56,4.95,-1.19,0.72
12.737691,6.41,1.31,3.84,-0.45,2.46,-0.84,-37.50,-4.75,-27.38,5.71,2.09,9.99,3.52,-0.21,-1.04,-6.63,-2.38,4.33,0.84,1.28,2.20,5.47,4.73,5.86,2.11,-1.27,-1.13,0.00,0.00,0.00,0.00,0.00,0.00,0.11,2.40,8.82,4.42,-1.08,0.68
12.755374,6.49,1.84,4.37,-0.45,2.46,-0.84,-29.06,-6.12,-35.50,7.89,1.86,10.11,2.75,0.32,-0.59,-7.48,-1.58,5.17,0.47,1.14,2.05,6.69,5.14,5.78,1.99,-0.96,-0.90,0.00,0.00,0.00,0.00,0.00,0.00,1.28,2.97,10.00,3.63,-0.90,0.67
12.778456,6.33,1.08,5.64,0.67,1.88,0.30,-27.81,-7.19,-36.56,8.32,1.11,8.51,2.30,0.62,0.39,-8.32,-0.38,6.28,-0.16,0.73,1.97,8.31,5.18,5.34,1.94,-0.41,-0.28,0.00,0.00,0.00,0.00,0.00,0.00,2.90,3.07,10.04,2.95,-0.73,1.17
12.799696,6.33,0.73,6.21,0.67,1.88,0.30,-26.06,-5.81,-38.44,8.13,1.41,7.59,2.21,0.70,1.43,-9.04,0.11,6.23,-0.82,0.19,2.03,8.45,5.94,4.95,1.95,0.09,0.48,0.00,0.00,0.00,0.00,0.00,0.00,2.97,3.51,9.75,2.59,-0.69,1.96
12.821669,5.75,2.00,7.14,1.62,1.80,0.64,-26.06,-5.81,-38.44,6.49,2.72,7.67,2.22,0.38,2.10,-9.81,-0.17,5.15,-1.38,-0.32,2.03,7.42,7.32,4.83,1.90,0.48,1.15,0.00,0.00,0.00,0.00,0.00,0.00,2.17,4.32,10.06,2.35,-0.69,2.67
13.241119,5.49,2.84,7.28,2.28,1.21,0.90,-22.31,-9.75,-36.56,5.86,4.56,9.69,2.01,-0.00,2.36,-10.44,-0.96,3.94,-1.66,-0.65,1.83,6.28,8.76,5.33,1.69,0.67,1.51,0.00,0.00,0.00,0.00,0.00,0.00,0.85,5.02,10.35,2.05,-0.68,3.03
13.241286,5.30,4.10,7.44,2.28,1.21,0.90,-22.31,-9.75,-36.56,7.05,5.29,11.41,1.49,0.16,2.49,-10.77,-1.47,3.72,-1.76,-0.76,1.40,6.12,9.39,5.86,1.27,0.75,1.55,0.00,0.00,0.00,0.00,0.00,0.00,0.54,5.64,11.14,1.69,-0.48,2.99
13.241302,5.64,3.91,7.48,2.28,1.21,0.90,-22.31,-9.75,-36.56,5.90,5.04,11.47,0.87,0.47,2.58,-10.78,-1.56,3.86,-1.89,-0.80,0.82,6.30,9.26,6.20,0.78,0.97,1.52,0.00,0.00,0.00,0.00,0.00,0.00,0.65,5.77,11.61,1.19,-0.16,2.85
13.241314,6.75,3.11,7.48,1.41,-0.22,1.35,-22.31,-9.75,-36.56,6.47,3.99,11.24,0.33,0.55,2.52,-10.45,-1.48,4.16,-2.07,-0.82,0.30,6.68,8.69,6.25,0.43,1.37,1.52,0.00,0.00,0.00,0.00,0.00,0.00,1.14,5.63,11.58,0.48,0.29,2.65
13.241326,7.09,2.57,7.36,1.38,-0.38,1.64,-22.31,-9.75,-36.56,6.10,3.26,10.50,0.04,0.61,2.64,-10.68,-1.51,4.61,-2.29,-0.91,-0.06,7.03,8.43,6.31,0.22,1.71,1.63,0.00,0.00,0.00,0.00,0.00,0.00,1.54,5.15,10.57,0.10,0.66,2.77
13.241338,7.09,2.57,7.36,1.72,-0.61,1.73,-24.69,-14.56,-33.44,5.79,2.61,9.95,-0.24,0.30,2.90,-10.51,-1.65,4.75,-2.42,-1.36,-0.29,6.79,7.88,5.97,0.00,1.90,2.09,0.00,0.00,0.00,0.00,0.00,0.00,-0.51,5.21,10.16,-0.10,0.65,3.05
13.24135,7.64,2.53,6.40,2.81,-0.91,1.34,-24.69,-14.56,-33.44,6.04,1.88,9.73,-0.42,0.02,3.20,-9.77,-1.74,4.60,-2.48,-1.79,-0.32,6.68,7.24,5.90,-0.13,1.92,2.52,0.00,0.00,0.00,0.00,0.00,0.00,-0.33,5.29,10.88,-0.61,0.50,3.02
13.241361,8.02,2.99,6.29,2.81,-0.91,1.34,-27.94,-15.56,-28.06,7.22,1.45,10.35,-0.56,-0.04,3.47,-9.50,-1.57,5.07,-2.71,-2.00,-0.32,7.38,6.89,5.92,-0.19,2.04,2.77,0.00,0.00,0.00,0.00,0.00,0.00,1.37,4.81,10.32,-1.04,0.59,3.06
13.241373,8.36,2.69,6.33,2.96,-0.87,1.56,-27.94,-15.56,-28.06,6.77,1.20,10.04,-0.68,0.02,3.79,-8.95,-1.45,4.92,-3.06,-2.16,-0.26,7.12,6.32,5.38,-0.13,2.25,3.03,0.00,0.00,0.00,0.00,0.00,0.00,0.63,4.70,10.37,-1.40,0.92,3.19
13.241386,8.70,2.72,6.29,3.19,-0.73,1.83,-30.19,-17.62,-23.06,5.30,1.28,9.67,-0.72,0.06,3.96,-8.48,-1.99,3.93,-3.25,-2.29,-0.01,5.76,6.20,5.14,0.04,2.18,3.19,0.00,0.00,0.00,0.00,0.00,0.00,-1.18,5.11,11.58,-2.06,1.17,3.05
13.241397,8.86,2.99,6.29,3.19,-0.73,1.83,-31.75,-17.12,-20.19,4.00,1.41,10.21,-0.79,-0.09,3.81,-8.83,-2.78,3.17,-3.14,-2.37,0.26,4.97,6.76,5.78,0.16,1.99,3.25,0.00,0.00,0.00,0.00,0.00,0.00,-3.82,6.57,13.22,-3.03,1.47,2.44
13.24141,8.71,2.65,6.71,3.19,-0.73,1.83,-31.75,-17.12,-20.19,3.86,1.71,11.50,-0.97,-0.25,3.58,-9.66,-3.52,2.89,-2.98,-2.36,0.39,4.78,7.72,6.69,0.16,1.84,3.24,0.00,0.00,0.00,0.00,0.00,0.00,-4.98,7.15,13.16,-4.21,1.78,1.47
13.241422,8.40,2.95,6.98,3.33,-0.20,1.24,-31.75,-17.12,-20.19,3.68,1.92,12.68,-1.20,-0.25,3.32,-10.28,-4.24,2.34,-2.80,-2.31,0.33,4.21,8.67,7.37,0.03,1.61,3.13,0.00,0.00,0.00,0.00,0.00,0.00,-4.46,5.09,10.00,-5.05,1.86,0.61
13.241433,8.24,3.53,7.32,3.01,-0.44,1.17,-31.75,-17.12,-20.19,3.02,1.43,12.59,-1.37,-0.23,2.92,-10.40,-4.71,1.81,-2.47,-2.08,0.12,3.66,9.13,7.93,-0.11,1.34,2.80,0.00,0.00,0.00,0.00,0.00,0.00,-3.52,1.20,6.02,-4.86,1.62,0.26
13.244071,8.74,3.84,8.01,3.01,-0.44,1.17,-34.69,-18.44,-10.25,2.58,1.21,13.16,-1.40,-0.13,2.45,-10.00,-5.05,1.42,-2.10,-1.70,-0.13,3.15,8.90,8.12,-0.23,1.18,2.29,0.00,0.00,0.00,0.00,0.00,0.00,-4.74,0.44,7.00,-4.27,1.25,0.02
13.244105,8.78,3.68,7.74,1.70,-0.70,1.02,-34.69,-18.44,-10.25,3.09,0.63,13.05,-1.43,0.15,2.04,-10.09,-5.25,1.67,-1.77,-1.27,-0.40,3.50,8.70,8.57,-0.36,1.14,1.78,0.00,0.00,0.00,0.00,0.00,0.00,-4.28,-0.44,7.45,-3.95,1.10,-0.31
13.244119,8.55,2.99,7.63,1.07,-0.80,1.01,-34.69,-18.44,-10.25,3.01,0.29,13.25,-1.46,0.41,1.69,-10.06,-5.49,1.76,-1.51,-0.87,-0.71,3.55,8.72,8.86,-0.60,1.13,1.26,0.00,0.00,0.00,0.00,0.00,0.00,-4.30,-1.40,7.18,-3.48,1.09,-0.51
13.244132,8.51,3.14,7.67,1.07,-0.80,1.01,-38.31,-18.44,-4.62,2.32,0.33,13.50,-1.58,0.79,1.31,-9.81,-5.90,1.40,-1.22,-0.45,-1.06,2.97,8.52,8.97,-0.85,1.14,0.73,0.00,0.00,0.00,0.00,0.00,0.00,-4.59,-2.41,7.09,-3.03,1.16,-0.72
13.244144,9.25,2.46,7.05,-0.71,-1.33,0.87,-38.31,-18.44,-4.62,1.70,-0.69,12.20,-1.60,1.21,0.75,-9.18,-6.11,1.21,-0.75,0.08,-1.40,2.49,7.78,8.77,-1.08,1.05,0.08,0.00,0.00,0.00,0.00,0.00,0.00,-4.99,-3.67,6.55,-2.46,1.33,-1.03
13.249766,9.66,1.77,6.55,-1.15,-1.24,0.64,-38.31,-18.44,-4.62,0.55,-1.13,11.87,-1.53,1.43,0.20,-8.41,-6.07,1.33,-0.37,0.40,-1.49,2.39,6.65,8.52,-1.14,0.85,-0.36,0.00,0.00,0.00,0.00,0.00,0.00,-5.94,-4.07,6.81,-2.14,1.34,-1.31
13.267409,9.77,1.04,6.10,-1.27,-0.99,0.33,-40.31,-15.81,-3.62,0.82,-2.20,11.01,-1.49,1.55,-0.22,-8.36,-5.83,2.13,-0.03,0.54,-1.43,3.26,6.02,8.49,-1.10,0.66,-0.56,0.00,0.00,0.00,0.00,0.00,0.00,-5.78,-4.59,5.98,-1.93,1.18,-1.53
13.287805,9.13,0.62,5.95,-1.27,-0.99,0.33,-40.31,-15.81,-3.62,2.28,-1.98,12.22,-1.55,1.45,-0.32,-9.03,-6.00,2.70,0.04,0.56,-1.47,4.06,6.68,9.24,-1.18,0.65,-0.58,0.00,0.00,0.00,0.00,0.00,0.00,-3.64,-4.26,7.02,-1.51,1.02,-1.41
13.312504,8.70,4.03,5.95,-1.24,-1.40,0.47,-42.25,-12.75,-2.38,3.67,-1.62,13.45,-1.81,1.91,-0.56,-8.01,-6.90,0.92,0.16,1.17,-1.95,2.37,7.50,9.52,-1.45,0.97,-1.22,0.00,0.00,0.00,0.00,0.00,0.00,-1.57,-4.36,7.62,-1.34,1.64,-1.55
13.33363,9.51,4.98,5.64,-2.94,-1.67,0.98,-42.25,-12.75,-2.38,4.58,-2.81,12.25,-1.81,3.00,-0.94,-7.06,-6.92,0.66,0.31,2.27,-2.42,2.22,6.62,9.18,-1.60,1.28,-2.43,0.00,0.00,0.00,0.00,0.00,0.00,0.04,-5.46,6.82,-1.24,2.76,-1.76
13.751652,10.05,3.18,4.64,-2.94,-1.67,0.98,-44.00,-9.25,-1.75,3.15,-3.83,10.10,-1.42,4.19,-1.39,-6.63,-7.13,0.61,0.43,3.26,-2.66,1.96,5.67,8.99,-1.61,1.58,-3.59,0.00,0.00,0.00,0.00,0.00,0.00,-0.80,-7.21,4.25,-1.05,3.79,-1.83
13.751809,9.86,1.80,3.57,-2.94,-1.67,0.98,-45.88,-7.00,-2.50,1.06,-4.18,8.71,-1.21,4.45,-1.86,-6.59,-7.56,0.28,0.70,3.90,-2.71,1.36,5.20,9.05,-1.56,1.63,-4.31,0.00,0.00,0.00,0.00,0.00,0.00,-3.78,-8.07,2.37,-0.55,4.32,-1.89
13.751826,9.59,0.58,2.96,-2.94,-1.67,0.98,-46.00,-5.31,-5.06,-0.02,-4.63,7.74,-0.94,4.52,-2.29,-6.90,-7.63,0.43,1.05,4.11,-2.60,1.21,4.77,9.00,-1.49,1.50,-4.63,0.00,0.00,0.00,0.00,0.00,0.00,-6.90,-7.52,2.56,-0.25,4.22,-2.16
13.75184,9.01,-2.68,2.19,-4.65,-0.75,0.10,-46.00,-5.31,-5.06,-1.32,-5.12,6.75,-0.70,4.26,-2.63,-7.05,-7.18,1.17,1.43,3.86,-2.39,1.61,4.06,8.71,-1.46,1.11,-4.47,0.00,0.00,0.00,0.00,0.00,0.00,-8.23,-7.11,2.66,-0.04,3.69,-2.51
13.751853,9.51,-3.71,1.96,-4.65,-0.75,0.10,-47.19,-0.12,-7.38,-0.64,-6.51,6.06,-0.58,3.49,-2.61,-6.21,-6.15,2.72,1.52,3.35,-2.03,2.84,2.32,8.09,-1.32,0.75,-3.92,0.00,0.00,0.00,0.00,0.00,0.00,-6.01,-6.98,3.17,0.02,2.79,-2.55
13.751866,10.27,-3.44,2.04,-4.65,-0.75,0.10,-47.19,0.44,-8.50,-0.44,-6.81,6.11,-0.34,2.75,-2.34,-5.05,-6.15,2.53,1.34,2.78,-1.48,2.02,1.57,7.67,-0.95,0.46,-3.28,0.00,0.00,0.00,0.00,0.00,0.00,-3.17,-7.67,2.73,0.13,2.24,-2.11
13.751878,9.73,-0.95,2.19,-2.43,0.22,-0.18,-47.19,0.44,-8.50,-1.08,-6.59,6.00,-0.02,2.26,-2.17,-4.34,-6.56,1.56,1.27,2.44,-0.92,0.67,1.53,7.70,-0.43,0.13,-2.93,0.00,0.00,0.00,0.00,0.00,0.00,-3.70,-8.10,1.99,0.34,1.85,-1.65
13.751892,9.82,-1.61,2.30,-2.43,0.22,-0.18,-47.19,0.44,-8.50,-1.73,-6.86,5.09,0.35,1.89,-2.20,-3.85,-6.57,1.13,1.35,2.24,-0.44,-0.09,1.19,7.27,-0.06,-0.29,-2.71,0.00,0.00,0.00,0.00,0.00,0.00,-3.82,-8.94,0.60,0.72,1.52,-1.34
13.751905,10.43,-1.84,2.34,-2.25,0.62,-0.50,-47.19,0.44,-8.50,-1.88,-7.28,4.09,0.93,1.49,-2.26,-3.00,-6.25,0.80,1.47,2.11,0.25,-0.59,0.52,6.61,0.41,-0.84,-2.53,0.00,0.00,0.00,0.00,0.00,0.00,-3.61,-9.21,-0.14,1.33,1.14,-0.97
13.751919,10.70,-1.68,2.30,-1.90,1.28,-0.88,-47.19,0.44,-8.50,-3.41,-5.91,4.51,1.65,1.05,-2.44,-2.93,-6.17,0.04,1.69,2.05,1.05,-1.34,1.22,6.43,0.96,-1.39,-2.42,0.00,0.00,0.00,0.00,0.00,0.00,-2.83,-9.68,-2.32,2.13,0.82,-0.57
13.751937,9.51,-0.72,2.84,-1.68,2.02,-1.24,-44.19,0.81,-18.75,-3.40,-4.66,5.30,2.30,0.71,-2.96,-3.36,-5.88,-0.62,2.15,2.10,1.78,-1.70,2.10,6.26,1.54,-1.78,-2.53,0.00,0.00,0.00,0.00,0.00,0.00,-4.87,-7.02,-0.52,3.21,0.48,-0.26
13.751949,9.51,-1.26,2.50,-1.68,2.02,-1.24,-41.50,0.75,-22.38,-1.96,-4.70,5.04,2.90,0.42,-3.26,-4.28,-4.94,0.52,2.47,2.09,2.27,-0.14,2.43,5.87,2.05,-2.20,-2.47,0.00,0.00,0.00,0.00,0.00,0.00,-4.82,-5.44,1.02,3.53,0.45,-0.51
13.75199,9.05,-1.99,2.65,-1.68,2.02,-1.24,-41.50,0.75,-22.38,1.95,-5.45,4.49,3.55,-0.01,-2.89,-4.47,-3.43,2.09,2.41,1.99,2.76,2.09,2.27,5.09,2.50,-2.67,-2.24,0.00,0.00,0.00,0.00,0.00,0.00,-2.37,-3.78,2.96,3.82,0.27,-0.38
13.752004,9.05,-1.57,3.15,-1.55,3.17,-2.11,-41.50,0.75,-22.38,1.47,-3.79,4.59,4.15,-0.49,-2.20,-5.24,-1.99,3.63,2.01,1.76,3.25,4.18,2.55,4.79,2.90,-2.76,-1.78,0.00,0.00,0.00,0.00,0.00,0.00,-2.13,-2.49,4.68,3.53,0.13,-0.18
13.754548,6.25,0.66,3.80,-0.27,3.81,-1.65,-34.94,-2.75,-32.44,2.10,-0.91,6.69,4.33,-1.18,-1.73,-6.44,-1.60,3.72,1.58,1.29,3.56,4.78,4.33,5.09,3.16,-2.54,-1.07,0.00,0.00,0.00,0.00,0.00,0.00,-0.47,-2.31,3.12,3.70,-0.25,0.23
13.754568,5.33,2.61,4.34,0.28,3.62,-1.56,-34.94,-2.75,-32.44,3.24,0.97,9.17,4.05,-1.13,-1.60,-6.89,-1.51,3.15,1.33,1.19,3.50,4.75,5.71,5.49,3.13,-2.10,-0.94,0.00,0.00,0.00,0.00,0.00,0.00,1.95,-1.39,3.16,4.08,-0.32,0.73
13.754581,4.84,2.88,4.68,-0.07,3.33,-1.17,-34.94,-2.75,-32.44,5.29,0.96,9.68,3.62,-0.76,-1.43,-7.61,-0.90,3.87,1.02,1.27,3.13,5.84,6.26,5.54,2.93,-1.52,-1.01,0.00,0.00,0.00,0.00,0.00,0.00,1.01,2.11,8.69,4.10,-0.16,1.25
13.754592,4.80,1.34,5.18,-0.38,2.91,-0.59,-34.94,-2.75,-32.44,7.30,-0.06,8.59,3.25,-0.46,-0.74,-8.28,0.42,5.70,0.43,1.20,2.69,8.09,5.90,5.03,2.68,-1.04,-0.71,0.00,0.00,0.00,0.00,0.00,0.00,0.64,3.21,11.55,2.93,0.04,1.27
13.754605,4.76,0.54,6.05,0.05,2.46,0.10,-34.94,-2.75,-32.44,7.57,-0.00,7.99,3.04,-0.56,0.23,-8.62,1.49,6.56,-0.38,0.77,2.47,9.05,5.63,4.41,2.52,-0.51,-0.06,0.00,0.00,0.00,0.00,0.00,0.00,1.28,2.32,10.45,2.10,-0.13,1.79
13.760091,5.03,0.66,6.17,1.07,2.18,0.65,-34.94,-2.75,-32.44,6.65,0.86,7.80,2.86,-0.79,1.15,-8.93,1.85,6.17,-1.13,0.19,2.45,8.87,5.96,4.17,2.48,-0.01,0.77,0.00,0.00,0.00,0.00,0.00,0.00,0.25,1.89,9.56,1.56,-0.60,2.46
13.777529,4.91,1.19,6.25,2.12,2.12,0.93,-34.94,-2.75,-32.44,6.22,1.84,8.14,2.65,-1.01,1.86,-9.45,1.72,5.32,-1.72,-0.44,2.48,8.03,6.85,3.88,2.44,0.42,1.58,0.00,0.00,0.00,0.00,0.00,0.00,-0.66,2.22,10.13,1.25,-1.03,2.91
13.801296,4.49,2.53,6.94,2.91,1.92,1.04,-17.94,-12.44,-39.94,6.58,2.98,9.33,2.34,-1.37,2.47,-10.43,1.28,4.55,-2.21,-1.06,2.39,7.61,8.38,4.40,2.26,0.76,2.31,0.00,0.00,0.00,0.00,0.00,0.00,-1.25,2.57,10.86,0.79,-1.51,3.22
13.823445,4.45,3.26,7.28,3.35,1.10,1.38,-17.94,-12.44,-39.94,7.22,4.15,11.53,1.92,-1.32,2.90,-11.45,0.96,4.44,-2.54,-1.41,2.07,7.90,9.73,5.27,1.92,1.14,2.71,0.00,0.00,0.00,0.00,0.00,0.00,-1.01,3.24,12.25,0.36,-1.67,3.33
13.843791,4.41,3.84,7.44,3.35,1.10,1.38,-16.81,-16.12,-38.06,8.30,4.78,13.09,1.19,-1.12,3.34,-12.66,0.79,5.02,-2.94,-1.74,1.45,8.74,10.78,6.12,1.34,1.64,3.04,0.00,0.00,0.00,0.00,0.00,0.00,-1.32,4.30,14.13,-0.27,-1.67,3.40
14.261241,4.68,4.26,7.63,3.35,1.10,1.38,-18.12,-19.75,-32.56,7.72,5.11,13.05,0.36,-0.88,3.81,-12.39,0.56,4.42,-3.30,-2.05,0.68,7.80,11.02,5.66,0.61,2.11,3.34,0.00,0.00,0.00,0.00,0.00,0.00,-2.25,3.94,13.32,-1.17,-1.51,3.29
14.261279,5.33,5.25,7.79,3.35,1.10,1.38,-20.38,-22.12,-30.69,6.01,5.39,12.72,-0.25,-0.67,3.92,-11.97,-0.18,3.40,-3.33,-2.18,0.10,6.08,10.87,5.21,0.01,2.15,3.36,0.00,0.00,0.00,0.00,0.00,0.00,-3.80,3.17,12.37,-1.63,-1.25,2.97
14.261299,5.52,5.33,7.93,3.35,1.10,1.38,-22.00,-24.50,-29.19,4.14,4.71,11.82,-0.71,-0.61,3.69,-11.55,-0.93,2.76,-3.04,-2.28,-0.25,4.93,10.30,5.49,-0.45,1.66,3.32,0.00,0.00,0.00,0.00,0.00,0.00,-6.47,2.10,11.00,-2.13,-1.25,2.25
14.261313,6.14,4.91,8.05,3.35,1.10,1.38,-22.00,-24.50,-29.19,3.84,3.42,11.56,-1.01,-0.82,3.38,-11.17,-1.44,2.99,-2.65,-2.41,-0.49,5.05,9.44,6.12,-0.71,1.30,3.26,0.00,0.00,0.00,0.00,0.00,0.00,-5.59,0.58,9.97,-2.34,-1.44,1.41
14.261326,8.06,4.14,6.55,2.61,-1.51,0.79,-25.50,-25.94,-23.75,4.95,1.84,11.89,-1.28,-1.05,3.09,-10.84,-1.78,4.25,-2.39,-2.53,-0.75,6.56,8.39,7.17,-0.95,1.26,3.25,0.00,0.00,0.00,0.00,0.00,0.00,-3.20,0.17,10.81,-2.58,-1.44,0.76
14.261339,8.06,4.14,6.55,2.61,-1.61,0.88,-26.94,-27.56,-18.44,5.75,1.70,12.59,-1.60,-0.91,3.08,-10.23,-2.08,4.54,-2.45,-2.60,-0.99,6.86,7.72,7.38,-1.28,1.68,3.26,0.00,0.00,0.00,0.00,0.00,0.00,-3.05,0.31,11.20,-2.96,-1.22,0.37
14.261352,7.67,4.14,5.98,2.61,-1.61,0.88,-29.06,-26.94,-17.00,5.25,2.00,13.34,-2.08,-0.43,2.97,-9.63,-3.07,3.61,-2.49,-2.34,-1.22,5.50,7.89,7.92,-1.81,2.02,3.01,0.00,0.00,0.00,0.00,0.00,0.00,-2.60,-1.58,8.49,-3.21,-1.07,-0.14
14.261367,8.62,5.79,6.29,2.61,-1.61,0.88,-29.06,-26.94,-17.00,3.67,1.62,13.25,-2.50,0.29,2.41,-8.50,-4.30,1.82,-2.16,-1.67,-1.57,3.06,7.90,7.93,-2.14,2.24,2.26,0.00,0.00,0.00,0.00,0.00,0.00,-0.71,-3.14,7.49,-3.02,-0.70,-0.62
14.261382,9.43,6.48,6.63,2.61,-1.61,0.88,-32.00,-28.00,-10.56,3.90,0.02,12.56,-2.49,1.21,1.65,-7.92,-4.79,1.81,-1.76,-0.66,-1.88,2.79,7.03,8.10,-2.16,2.21,1.15,0.00,0.00,0.00,0.00,0.00,0.00,1.01,-3.86,8.03,-2.85,0.06,-0.98
14.261394,10.05,5.21,6.59,2.61,-1.61,0.88,-33.50,-27.50,-8.44,4.42,-1.44,11.94,-2.30,1.99,1.06,-8.32,-4.95,2.85,-1.53,0.26,-2.09,3.73,6.26,8.70,-2.09,2.14,0.28,0.00,0.00,0.00,0.00,0.00,0.00,0.29,-4.84,7.53,-2.58,0.76,-1.10
14.261407,10.05,3.45,6.52,2.61,-1.61,0.88,-35.44,-25.44,-7.81,3.06,-1.79,11.63,-2.15,2.37,0.69,-8.59,-5.43,3.06,-1.35,0.89,-2.21,3.68,5.75,9.31,-2.02,2.24,-0.32,0.00,0.00,0.00,0.00,0.00,0.00,-1.89,-5.09,7.69,-2.33,1.08,-1.33
14.261421,10.31,2.00,5.83,2.61,-1.61,0.88,-35.44,-25.44,-7.81,2.70,-2.66,11.19,-2.02,2.51,0.32,-8.45,-5.83,2.72,-1.05,1.37,-2.31,3.22,5.40,9.51,-1.94,2.34,-0.86,0.00,0.00,0.00,0.00,0.00,0.00,-1.32,-5.95,7.26,-2.12,1.12,-1.60
14.261434,10.74,1.84,5.52,-1.90,-1.76,1.51,-35.44,-25.44,-7.81,2.35,-3.56,10.68,-1.85,2.55,0.03,-7.80,-5.95,2.64,-0.81,1.77,-2.28,3.06,4.53,9.55,-1.74,2.47,-1.31,0.00,0.00,0.00,0.00,0.00,0.00,0.32,-6.79,6.87,-1.74,1.34,-1.43
14.261447,10.70,1.42,4.98,-2.12,-1.52,1.51,-35.44,-25.44,-7.81,2.08,-4.16,10.04,-1.58,2.62,-0.15,-7.94,-6.01,3.01,-0.69,2.03,-2.18,3.34,3.99,9.80,-1.49,2.53,-1.60,0.00,0.00,0.00,0.00,0.00,0.00,-0.50,-5.96,8.08,-1.70,1.56,-1.21
14.264183,10.70,1.42,4.98,-2.14,-1.22,1.51,-40.75,-17.06,-6.38,2.21,-4.19,10.14,-1.44,2.56,-0.19,-7.96,-6.18,2.93,-0.60,2.05,-2.13,2.93,3.87,9.49,-1.29,2.43,-1.69,0.00,0.00,0.00,0.00,0.00,0.00,-0.28,-6.46,7.13,-1.63,1.69,-1.00
14.264203,10.70,1.04,4.45,-2.14,-1.22,1.51,-40.75,-17.06,-6.38,1.69,-4.93,9.22,-1.17,2.62,-0.24,-6.81,-6.30,2.27,-0.52,2.10,-1.98,1.92,3.02,8.88,-0.99,2.11,-1.83,3.85,6.03,1.23,-32.66,0.03,0.00,0.50,-6.42,7.61,-1.56,2.06,-0.68
14.264217,10.54,0.66,4.11,-2.26,-0.91,1.49,-40.75,-17.06,-6.38,0.30,-5.00,8.63,-0.80,2.61,-0.38,-6.75,-6.57,1.96,-0.38,2.18,-1.72,1.42,2.77,8.98,-0.68,1.62,-1.99,2.84,5.55,1.23,-32.66,0.03,0.00,-0.91,-7.27,5.88,-1.59,2.41,-0.46
14.264232,10.01,-0.65,3.95,-2.38,-0.54,1.30,-40.75,-17.06,-6.38,-0.71,-4.81,8.65,-0.55,2.27,-0.48,-7.29,-6.64,2.22,-0.24,1.94,-1.44,1.64,2.89,9.39,-0.48,1.15,-1.82,0.00,0.00,1.23,-32.66,0.03,0.00,-2.80,-7.24,5.51,-1.36,2.31,-0.28
14.264246,9.78,-0.61,4.22,-1.87,-0.38,0.96,-46.12,-7.12,-7.81,-0.75,-4.77,9.45,-0.46,1.79,-0.55,-7.21,-6.90,1.70,-0.02,1.58,-1.28,1.05,3.18,9.35,-0.21,0.46,-1.58,2.09,6.35,1.23,-32.66,0.03,0.00,-1.24,-7.37,5.61,-1.11,2.23,-0.01
14.264257,10.46,-0.34,4.14,-1.87,-0.38,0.96,-46.31,-4.56,-8.62,-1.09,-5.26,9.16,-0.32,1.53,-0.69,-6.68,-6.99,1.31,0.15,1.46,-1.22,0.72,3.20,9.12,0.21,-0.15,-1.58,1.44,6.40,1.23,-32.66,0.03,0.00,0.91,-8.70,3.70,-0.78,2.48,0.46
14.283912,10.77,-0.38,3.95,-1.87,-0.38,0.96,-46.31,-4.56,-8.62,-1.63,-7.67,5.49,0.44,0.91,-0.94,-5.29,-6.68,1.40,0.28,1.43,-1.01,0.95,2.05,8.54,0.85,-0.38,-1.70,0.00,0.00,0.00,0.00,0.00,0.00,3.16,-11.22,-1.20,0.46,2.84,1.81
14.307977,11.65,-1.76,3.03,-1.36,1.03,0.81,-46.31,-4.56,-8.62,0.49,-7.81,4.27,1.79,-0.37,-1.03,-3.28,-6.11,1.40,0.15,1.53,-0.25,0.87,-0.07,7.62,1.48,-0.37,-1.75,0.00,0.00,0.00,0.00,0.00,0.00,0.63,-10.25,-4.35,2.49,2.51,3.81
14.329784,10.81,-2.22,2.65,-1.36,1.03,0.81,-45.50,2.06,-13.81,-1.09,-5.05,6.20,2.36,0.03,-0.71,-3.12,-6.30,0.57,0.12,1.64,0.74,-0.34,0.66,7.17,1.70,-0.39,-1.73,0.00,0.00,0.00,0.00,0.00,0.00,-5.75,-6.13,-4.74,4.18,1.23,4.68
14.350709,9.01,-1.07,2.80,-1.36,1.03,0.81,-44.19,0.69,-16.94,-2.90,-1.79,9.43,2.11,-0.07,-1.08,-5.43,-6.91,0.21,0.44,1.57,1.20,-0.22,3.52,8.49,1.74,-0.35,-1.66,0.00,0.00,0.00,0.00,0.00,0.00,-8.94,-0.47,-0.12,5.21,-0.79,4.16
14.771429,6.63,-1.49,3.41,-1.36,1.03,0.81,-42.06,0.69,-20.12,-0.88,-1.80,10.03,1.66,0.02,-1.38,-6.70,-6.81,0.48,0.80,1.31,1.12,0.55,4.95,9.02,1.58,-0.48,-1.47,0.00,0.00,0.00,0.00,0.00,0.00,-7.47,3.51,7.53,4.96,-1.75,2.88
14.771483,7.64,-1.18,3.76,-0.99,1.29,-0.38,-42.06,0.69,-20.12,0.89,-2.51,9.67,1.38,0.09,-1.43,-6.57,-6.27,0.53,0.86,1.26,0.88,1.07,4.60,8.74,1.47,-0.40,-1.40,0.00,0.00,0.00,0.00,0.00,0.00,-4.66,3.57,10.89,3.78,-1.19,1.76
14.771501,8.21,-1.22,4.34,-0.99,1.29,-0.38,-40.50,3.56,-22.81,1.75,-3.11,8.57,1.42,0.07,-1.17,-6.46,-5.47,0.77,0.68,1.34,0.83,1.37,4.16,7.67,1.31,-0.35,-1.41,0.00,0.00,0.00,0.00,0.00,0.00,-4.09,1.75,7.98,2.90,-0.34,1.19
14.771513,7.86,-2.37,4.91,-0.55,1.28,-0.03,-39.94,5.19,-26.75,0.21,-2.28,8.91,1.51,0.02,-0.71,-6.96,-5.15,1.14,0.41,1.18,0.96,1.56,4.46,7.50,1.20,-0.34,-1.13,0.00,0.00,0.00,0.00,0.00,0.00,-5.33,1.12,5.76,2.74,-0.48,1.04
14.771527,7.63,-2.33,4.87,-0.55,1.28,-0.03,-39.94,5.19,-26.75,-0.88,-1.63,8.96,1.49,-0.23,-0.66,-7.03,-5.23,0.67,0.36,0.89,1.11,0.90,4.87,7.36,1.19,-0.48,-0.80,0.00,0.00,0.00,0.00,0.00,0.00,-5.37,1.99,7.19,2.68,-0.89,1.01
14.771541,7.59,-1.80,5.14,-0.12,1.30,-0.33,-39.94,5.19,-26.75,-0.70,-1.22,9.06,1.47,-0.66,-0.79,-7.22,-5.35,0.28,0.42,0.66,1.19,0.73,5.52,7.67,1.18,-0.64,-0.58,0.00,0.00,0.00,0.00,0.00,0.00,-5.11,2.88,8.69,2.27,-0.93,0.77
14.771553,7.36,-1.18,5.10,-0.12,1.30,-0.33,-37.81,4.50,-27.12,0.85,-0.79,9.75,1.39,-0.84,-0.85,-7.65,-5.18,0.61,0.48,0.49,1.11,1.25,5.93,7.65,1.08,-0.74,-0.45,0.00,0.00,0.00,0.00,0.00,0.00,-4.61,3.25,8.44,1.76,-0.81,0.42
14.771566,5.95,-1.34,5.41,0.02,0.67,-0.47,-37.81,4.50,-27.12,2.23,-0.86,9.31,1.50,-0.77,-0.45,-8.32,-4.76,1.45,0.43,0.24,0.87,2.42,6.21,7.71,0.78,-0.68,-0.21,0.00,0.00,0.00,0.00,0.00,0.00,-3.22,3.45,7.89,1.43,-0.82,0.35
14.771577,6.41,-1.72,5.29,0.47,0.31,-0.46,-36.12,2.25,-31.62,1.99,-0.28,9.49,1.26,-0.92,-0.12,-8.12,-4.16,2.01,0.32,-0.18,0.70,2.87,5.63,7.06,0.54,-0.66,0.20,0.00,0.00,0.00,0.00,0.00,0.00,-2.85,3.70,8.30,1.14,-0.97,0.56
14.77159,6.45,-1.53,5.25,0.47,0.31,-0.46,-36.12,2.25,-31.62,2.04,-1.07,7.75,1.14,-1.24,0.21,-7.37,-3.75,1.95,0.22,-0.71,0.74,2.58,4.87,6.14,0.43,-0.82,0.74,0.00,0.00,0.00,0.00,0.00,0.00,-3.13,3.48,8.43,0.58,-1.19,0.76
14.771601,6.67,-0.72,4.87,1.58,0.25,-0.80,-36.12,2.25,-31.62,1.29,-1.01,6.97,1.24,-1.85,0.46,-6.91,-3.64,1.94,0.19,-1.22,0.94,2.57,4.61,6.00,0.44,-1.10,1.24,0.00,0.00,0.00,0.00,0.00,0.00,-2.67,2.57,7.21,0.18,-1.47,0.92
14.771612,6.67,-0.72,4.87,1.95,0.30,-0.95,-35.50,-3.44,-28.88,2.38,-0.78,7.39,1.39,-2.40,0.54,-7.05,-3.76,2.18,0.15,-1.54,1.05,3.07,4.84,6.40,0.46,-1.22,1.57,0.00,0.00,0.00,0.00,0.00,0.00,-1.76,2.53,7.37,0.03,-1.61,1.09
14.771623,6.63,-0.30,4.72,1.95,0.30,-0.95,-34.75,-5.56,-27.75,4.51,-0.05,8.74,1.47,-2.49,0.68,-7.54,-3.93,2.61,0.03,-1.75,0.98,3.71,5.25,6.75,0.40,-1.18,1.80,0.00,0.00,0.00,0.00,0.00,0.00,-1.21,2.97,8.28,-0.18,-1.58,1.21
14.771635,6.48,0.85,4.79,1.95,0.30,-0.95,-33.12,-7.69,-27.62,4.91,0.43,9.69,1.11,-2.25,0.93,-7.57,-3.90,2.93,-0.10,-1.91,0.87,4.24,5.30,7.10,0.31,-1.09,1.98,0.00,0.00,0.00,0.00,0.00,0.00,-1.16,3.07,8.80,-0.56,-1.50,1.23
14.773708,6.87,1.15,4.79,1.95,0.30,-0.95,-32.81,-8.25,-27.31,5.48,-0.23,8.73,0.83,-2.09,1.03,-7.69,-3.91,3.38,-0.24,-2.03,0.72,4.74,5.24,7.25,0.19,-0.83,2.12,0.00,0.00,0.00,0.00,0.00,0.00,-0.61,2.49,8.31,-0.83,-1.41,1.23
14.773727,7.44,1.80,4.45,1.95,0.30,-0.95,-33.19,-12.19,-25.38,6.07,-0.11,9.38,0.55,-1.93,1.39,-7.60,-3.66,4.25,-0.39,-2.26,0.61,5.46,4.75,6.99,0.08,-0.60,2.37,0.00,0.00,0.00,0.00,0.00,0.00,0.02,1.95,8.12,-0.89,-1.40,1.45
14.773741,7.82,2.30,4.14,1.95,0.30,-0.95,-33.94,-14.25,-23.12,6.54,-0.45,9.25,0.31,-1.79,1.73,-7.55,-3.62,4.83,-0.54,-2.51,0.62,6.09,4.44,7.06,0.03,-0.49,2.69,0.00,0.00,0.00,0.00,0.00,0.00,0.45,1.69,8.50,-0.89,-1.47,1.75
14.773756,7.98,2.99,3.88,2.98,-0.54,-0.64,-33.94,-14.25,-23.12,6.47,-0.74,9.02,0.11,-1.70,2.05,-7.34,-3.80,5.10,-0.70,-2.74,0.62,6.30,4.26,7.23,-0.00,-0.34,2.94,0.00,0.00,0.00,0.00,0.00,0.00,0.43,1.79,9.55,-1.03,-1.43,1.91
14.773768,8.24,3.88,3.68,3.10,-0.54,-0.62,-33.94,-14.25,-23.12,6.76,-1.03,8.83,-0.05,-1.80,2.22,-6.96,-4.06,5.10,-0.78,-2.84,0.58,6.17,4.01,7.24,-0.04,-0.19,3.07,0.00,0.00,0.00,0.00,0.00,0.00,-0.04,1.75,10.35,-1.41,-1.30,1.77
14.781698,8.24,3.88,3.68,3.00,-0.52,-0.59,-32.38,-21.25,-16.50,6.64,-1.42,8.54,-0.14,-1.71,2.27,-6.28,-4.14,5.39,-0.76,-2.82,0.59,6.11,3.43,6.98,-0.05,-0.23,3.03,0.00,0.00,0.00,0.00,0.00,0.00,-0.48,2.15,11.71,-2.03,-1.01,1.31
14.801472,9.16,5.06,3.18,3.00,-0.52,-0.59,-32.38,-21.25,-16.50,6.90,-2.24,8.02,-0.07,-1.65,2.12,-5.85,-4.26,5.79,-0.72,-2.66,0.68,6.32,2.94,7.00,0.03,-0.31,2.88,0.00,0.00,0.00,0.00,0.00,0.00,0.15,1.20,11.15,-2.79,-0.48,0.52
14.824095,9.67,5.37,3.53,2.62,-0.20,-0.57,-32.38,-21.25,-16.50,7.27,-2.32,8.64,0.08,-1.54,1.91,-5.87,-4.41,5.88,-0.73,-2.36,0.80,6.57,2.95,7.34,0.19,-0.32,2.60,0.00,0.00,0.00,0.00,0.00,0.00,2.06,-0.02,10.39,-3.21,0.13,0.08
14.843843,10.01,5.71,3.95,1.91,0.31,-0.16,-31.69,-28.31,-6.31,8.06,-1.77,10.23,0.06,-1.04,1.67,-6.22,-4.43,6.33,-0.85,-1.87,0.86,7.15,3.24,7.57,0.35,-0.14,2.10,0.00,0.00,0.00,0.00,0.00,0.00,2.61,-0.35,10.83,-3.41,0.91,-0.03
14.86578,9.93,5.75,4.53,1.91,0.31,-0.16,-31.81,-27.81,-6.00,7.77,-1.71,10.34,-0.06,-0.42,1.42,-6.62,-4.60,6.28,-0.98,-1.41,0.92,6.91,3.64,7.73,0.45,-0.10,1.64,0.00,0.00,0.00,0.00,0.00,0.00,0.59,0.31,12.14,-4.02,1.49,-0.34
15.279075,10.08,5.56,5.02,1.91,0.31,-0.16,-32.31,-28.25,-6.69,6.20,-0.55,11.82,-0.21,0.02,1.09,-7.53,-5.32,5.48,-0.84,-1.03,0.88,6.20,4.78,8.57,0.53,-0.07,1.25,0.00,0.00,0.00,0.00,0.00,0.00,-0.53,-3.51,6.40,-4.05,1.81,-0.70
15.279102,9.78,5.48,5.48,1.91,0.31,-0.16,-32.31,-28.25,-6.69,5.99,-0.14,12.55,-0.71,0.55,0.64,-8.46,-5.68,5.28,-0.56,-0.75,0.73,6.23,5.65,9.16,0.43,-0.02,0.91,0.00,0.00,0.00,0.00,0.00,0.00,-2.42,-4.98,5.11,-3.13,1.10,-0.69
15.279114,9.31,5.56,5.87,0.31,0.24,-0.09,-30.94,-27.50,-5.31,6.70,-1.39,11.52,-0.94,0.62,0.39,-8.74,-5.25,5.88,-0.32,-0.49,0.46,7.06,5.57,9.16,0.21,0.13,0.59,0.00,0.00,0.00,0.00,0.00,0.00,-1.31,-3.77,9.06,-2.50,0.76,-0.69
15.279125,9.39,4.45,5.87,0.31,0.24,-0.09,-31.44,-28.94,-4.94,7.47,-1.24,12.55,-1.07,0.81,0.42,-8.47,-4.77,6.01,-0.35,-0.21,0.26,7.29,5.45,8.84,0.06,0.43,0.33,0.00,0.00,0.00,0.00,0.00,0.00,-1.21,-4.50,8.50,-2.14,0.71,-0.59
15.279137,9.39,5.18,6.21,0.31,0.24,-0.09,-31.44,-28.94,-4.94,6.37,-1.16,12.20,-1.26,1.21,0.22,-8.66,-4.96,5.40,-0.42,0.16,0.05,6.69,5.81,9.14,-0.07,0.72,0.04,0.00,0.00,0.00,0.00,0.00,0.00,-1.05,-4.74,8.69,-1.86,0.74,-0.54
15.279147,8.86,5.33,6.17,-0.48,-0.17,0.49,-31.44,-28.94,-4.94,6.01,-1.15,12.12,-1.44,1.49,-0.11,-9.14,-5.30,4.94,-0.40,0.54,-0.29,6.20,6.48,9.53,-0.29,0.98,-0.34,0.00,0.00,0.00,0.00,0.00,0.00,-1.57,-4.72,8.67,-1.55,0.98,-0.61
15.279162,8.20,5.37,6.06,-0.48,-0.17,0.49,-32.62,-27.75,-5.62,6.29,-1.22,12.05,-1.55,1.67,-0.31,-9.54,-5.26,5.09,-0.28,0.85,-0.80,6.18,6.73,9.34,-0.61,1.15,-0.71,0.00,0.00,0.00,0.00,0.00,0.00,-1.80,-4.34,9.22,-1.38,1.34,-0.74
15.280747,8.09,4.33,5.91,-0.48,-0.17,0.49,-33.06,-25.81,-5.69,6.79,-1.15,12.47,-1.79,2.05,-0.45,-9.61,-4.98,5.26,-0.20,1.05,-1.34,6.49,6.75,9.28,-0.94,1.25,-1.01,0.00,0.00,0.00,0.00,0.00,0.00,-1.53,-4.15,9.26,-1.32,1.74,-0.88
15.280762,8.25,4.56,5.87,-1.74,-1.21,0.92,-33.06,-25.81,-5.69,6.86,-1.71,11.99,-1.86,2.51,-0.46,-9.14,-5.08,4.68,-0.20,1.39,-1.87,6.02,6.75,9.29,-1.21,1.47,-1.42,0.00,0.00,0.00,0.00,0.00,0.00,-0.60,-4.12,9.25,-1.34,2.17,-1.03
15.280773,8.44,5.14,5.60,-2.37,-1.49,1.26,-33.06,-25.81,-5.69,7.09,-1.19,12.97,-1.99,3.26,-0.63,-8.69,-5.27,4.09,-0.20,2.01,-2.43,5.65,6.68,9.38,-1.48,1.96,-2.07,0.00,0.00,0.00,0.00,0.00,0.00,-0.20,-4.33,8.65,-1.41,2.79,-1.23
15.280783,8.13,5.33,5.06,-2.37,-1.49,1.26,-36.94,-21.38,-6.62,6.91,-2.42,10.70,-2.13,3.95,-0.71,-8.10,-5.03,4.41,-0.25,2.56,-2.84,5.66,5.50,8.55,-1.68,2.28,-2.68,0.00,0.00,0.00,0.00,0.00,0.00,-0.04,-5.18,7.35,-1.47,3.33,-1.34
15.280793,8.62,3.38,4.60,-2.37,-1.49,1.26,-39.94,-20.50,-7.62,5.49,-3.72,8.74,-2.04,4.12,-0.67,-7.36,-5.03,4.48,-0.34,2.86,-2.96,5.33,4.26,8.25,-1.71,2.40,-3.00,0.00,0.00,0.00,0.00,0.00,0.00,-0.34,-6.55,5.14,-1.35,3.65,-1.17
15.280805,9.36,1.19,3.57,-2.37,-1.49,1.26,-39.94,-20.50,-7.62,3.97,-3.89,8.42,-1.90,4.14,-0.68,-7.10,-5.56,4.03,-0.33,2.96,-2.90,4.40,3.91,8.47,-1.65,2.47,-3.13,0.00,0.00,0.00,0.00,0.00,0.00,-2.55,-6.62,4.56,-1.05,3.72,-0.99
15.280814,9.32,-0.04,3.18,-3.60,-1.51,1.76,-39.94,-20.50,-7.62,2.71,-4.69,7.51,-1.69,4.07,-0.73,-6.86,-5.86,3.79,-0.22,2.86,-2.81,3.79,3.44,8.54,-1.52,2.43,-3.05,0.00,0.00,0.00,0.00,0.00,0.00,-3.55,-7.00,3.97,-0.94,3.49,-0.97
15.282769,9.85,-0.30,3.11,-3.60,-1.51,1.76,-43.38,-8.31,-8.81,1.58,-5.99,6.09,-1.42,3.81,-0.74,-5.84,-6.01,3.39,-0.14,2.68,-2.54,2.84,2.20,7.91,-1.29,2.07,-2.88,0.00,0.00,0.00,0.00,0.00,0.00,-3.15,-8.27,2.56,-0.70,3.19,-0.80
15.282787,11.00,-1.84,2.61,-2.35,-0.50,1.05,-43.38,-8.31,-8.81,-0.24,-7.45,4.30,-0.74,3.11,-0.74,-4.79,-6.21,3.24,-0.11,2.38,-1.92,2.15,0.89,7.79,-0.85,1.49,-2.53,0.00,0.00,0.00,0.00,0.00,0.00,-3.59,-9.11,1.37,-0.21,2.72,-0.33
15.2828,10.12,-1.57,2.57,-2.35,-0.50,1.05,-43.38,-8.31,-8.81,-1.51,-6.93,5.03,-0.27,2.31,-0.77,-4.78,-6.96,2.37,0.02,2.03,-1.34,0.90,1.30,8.26,-0.48,1.03,-2.16,0.00,0.00,0.00,0.00,0.00,0.00,-4.17,-10.24,-1.01,0.49,2.16,0.12
15.282813,10.05,-1.14,2.80,-1.73,-0.05,0.66,-43.38,-8.31,-8.81,-2.30,-6.83,5.51,0.24,1.61,-0.93,-4.35,-7.37,1.50,0.25,1.80,-0.85,-0.13,1.46,8.42,-0.15,0.60,-1.95,0.00,0.00,0.00,0.00,0.00,0.00,-3.43,-10.56,-2.66,1.72,1.49,0.83
15.282826,10.58,-1.38,2.30,-1.54,0.62,0.05,-46.25,-0.06,-9.94,-3.49,-7.72,4.04,1.11,0.74,-1.31,-3.85,-7.32,1.08,0.51,1.76,-0.33,-0.61,1.19,8.04,0.37,0.03,-1.87,0.00,0.00,0.00,0.00,0.00,0.00,-5.74,-6.84,1.82,2.69,0.69,1.41
15.286787,10.74,-2.10,2.27,-1.37,1.20,-0.14,-46.25,-0.06,-9.94,-1.76,-8.08,2.85,2.17,-0.58,-1.63,-3.83,-6.87,1.53,0.68,1.65,0.15,-0.13,0.66,7.53,0.95,-0.67,-1.66,0.00,0.00,0.00,0.00,0.00,0.00,-6.17,-5.68,3.75,2.52,0.30,1.16
15.305631,10.74,-2.10,2.27,-1.37,1.20,-0.14,-46.25,-0.06,-9.94,0.66,-6.37,4.11,3.21,-1.72,-1.59,-4.51,-6.43,2.22,0.65,1.42,0.69,1.16,1.39,7.98,1.40,-1.22,-1.31,0.00,0.00,0.00,0.00,0.00,0.00,-4.28,-6.47,0.92,2.79,-0.28,1.35
15.330024,8.16,-1.18,3.38,-0.42,1.73,-0.26,-46.25,-0.06,-9.94,2.27,-3.26,7.21,3.99,-2.43,-0.82,-5.72,-6.50,2.25,0.49,1.14,1.00,1.82,3.07,8.68,1.51,-1.14,-0.99,0.00,0.00,0.00,0.00,0.00,0.00,-3.17,-4.43,0.94,3.89,-1.19,2.10
15.351523,8.20,-0.49,3.64,-0.30,1.45,-0.18,-42.00,0.19,-20.88,1.96,-1.06,9.79,3.68,-2.01,-0.52,-5.45,-6.33,1.56,0.50,1.00,1.11,1.14,3.41,8.02,1.49,-1.04,-0.92,0.00,0.00,0.00,0.00,0.00,0.00,-3.62,-1.62,4.34,4.39,-1.76,2.40
15.373795,8.55,-0.23,3.76,-0.44,1.41,-0.24,-42.00,0.19,-20.88,0.52,-0.48,10.20,2.99,-1.58,-0.81,-4.95,-6.06,0.58,0.56,1.08,1.28,0.36,3.34,7.54,1.55,-1.01,-1.01,0.00,0.00,0.00,0.00,0.00,0.00,-4.67,0.30,8.08,4.02,-1.66,2.09
15.791424,8.36,-0.84,3.95,-0.44,1.41,-0.24,-40.88,0.75,-23.75,0.50,-0.73,9.10,2.64,-1.14,-1.13,-5.43,-5.60,0.74,0.68,1.18,1.50,0.80,3.83,7.30,1.69,-1.11,-1.09,0.00,0.00,0.00,0.00,0.00,0.00,-5.75,0.64,7.32,3.28,-1.27,1.36
15.791469,7.52,-1.38,4.07,-0.72,2.04,-0.59,-40.88,0.75,-23.75,2.40,0.01,9.85,2.17,-0.93,-1.32,-6.79,-5.12,1.84,0.67,1.05,1.56,2.32,4.70,7.64,1.67,-1.11,-0.92,0.00,0.00,0.00,0.00,0.00,0.00,-3.88,0.67,6.16,3.07,-1.34,0.98
15.791483,7.05,-1.14,4.45,-0.38,1.82,-0.57,-40.88,0.75,-23.75,3.70,0.25,9.86,1.79,-0.70,-1.10,-7.52,-4.72,2.60,0.55,0.77,1.47,3.32,5.15,7.70,1.54,-0.94,-0.62,0.00,0.00,0.00,0.00,0.00,0.00,-2.35,1.48,6.81,3.12,-1.42,1.07
15.791496,6.90,-0.57,4.56,-0.03,1.43,-0.48,-35.38,-0.88,-30.75,4.16,-0.05,9.25,1.42,-0.59,-0.72,-7.47,-4.10,3.18,0.36,0.33,1.35,3.97,4.89,7.16,1.38,-0.73,-0.18,0.00,0.00,0.00,0.00,0.00,0.00,-1.95,2.29,7.44,2.97,-1.51,1.24
15.791508,6.94,-0.88,4.79,-0.03,1.43,-0.48,-35.38,-0.88,-30.75,4.29,-0.52,8.24,1.25,-0.62,-0.28,-7.28,-3.68,3.37,0.16,-0.08,1.39,4.12,4.58,6.56,1.28,-0.66,0.27,0.00,0.00,0.00,0.00,0.00,0.00,-1.43,2.93,8.34,2.74,-1.64,1.45
15.791522,7.06,-0.68,4.87,0.96,1.11,-0.36,-35.38,-0.88,-30.75,3.93,-0.60,7.58,1.21,-0.78,0.10,-7.11,-3.39,3.28,-0.03,-0.49,1.54,4.05,4.50,6.19,1.25,-0.70,0.75,0.00,0.00,0.00,0.00,0.00,0.00,-1.32,3.47,9.53,2.21,-1.62,1.62
15.791533,7.05,-0.11,4.98,1.50,1.10,-0.42,-35.38,-0.88,-30.75,4.54,-0.38,7.64,1.24,-1.00,0.41,-7.40,-3.30,3.46,-0.19,-0.86,1.68,4.43,4.84,6.30,1.26,-0.69,1.17,0.00,0.00,0.00,0.00,0.00,0.00,-1.09,3.38,9.10,1.60,-1.61,1.70
15.791546,6.94,0.35,4.91,1.90,1.12,-0.45,-35.38,-0.88,-30.75,5.56,0.03,8.10,1.20,-1.14,0.77,-7.93,-3.32,3.79,-0.36,-1.20,1.71,4.96,5.44,6.61,1.20,-0.64,1.53,0.00,0.00,0.00,0.00,0.00,0.00,-0.21,3.45,8.82,1.19,-1.65,1.81
15.791559,6.63,1.46,5.14,2.28,0.66,-0.21,-32.69,-6.12,-30.25,6.94,0.73,9.36,1.03,-1.02,1.24,-8.47,-3.38,4.06,-0.62,-1.46,1.53,5.62,6.15,7.11,1.00,-0.38,1.82,0.00,0.00,0.00,0.00,0.00,0.00,0.94,3.76,9.10,0.83,-1.45,1.99
15.79157,6.75,1.84,5.45,2.28,0.66,-0.21,-32.69,-6.12,-30.25,6.96,0.78,9.37,0.81,-0.76,1.66,-8.79,-3.34,4.27,-0.86,-1.65,1.27,5.83,6.30,7.15,0.74,-0.11,2.03,0.00,0.00,0.00,0.00,0.00,0.00,0.72,4.15,9.48,0.57,-1.20,2.17
15.791583,7.10,1.73,5.64,2.28,0.66,-0.21,-30.25,-11.75,-29.62,6.58,0.91,9.59,0.60,-0.62,2.08,-8.93,-3.32,4.32,-1.05,-1.88,1.09,5.87,6.34,7.17,0.48,0.11,2.25,0.00,0.00,0.00,0.00,0.00,0.00,0.40,4.39,9.84,0.21,-1.11,2.29
15.791597,7.40,2.38,5.37,2.68,-0.22,0.10,-30.25,-11.75,-29.62,5.90,0.83,9.82,0.35,-0.70,2.34,-9.05,-3.38,4.53,-1.21,-2.17,0.88,6.03,6.38,7.33,0.24,0.29,2.57,0.00,0.00,0.00,0.00,0.00,0.00,0.77,4.49,10.52,-0.31,-0.94,2.43
15.791607,7.82,3.18,5.25,2.85,-0.37,0.13,-30.25,-11.75,-29.62,6.22,0.37,9.69,0.21,-0.88,2.44,-8.75,-3.31,4.80,-1.30,-2.34,0.70,6.17,6.08,7.15,0.14,0.35,2.73,0.00,0.00,0.00,0.00,0.00,0.00,0.72,4.60,11.23,-0.89,-0.70,2.37
15.79162,8.09,3.53,5.18,2.84,-0.44,0.24,-30.25,-11.75,-29.62,6.77,-0.04,9.73,0.13,-0.99,2.49,-8.26,-3.27,4.91,-1.44,-2.39,0.57,6.25,5.59,6.97,0.10,0.37,2.81,0.00,0.00,0.00,0.00,0.00,0.00,1.01,4.47,11.78,-1.64,-0.35,2.15
15.793567,8.48,3.76,5.18,2.84,-0.44,0.24,-31.62,-18.50,-21.56,6.77,0.06,10.24,-0.00,-0.77,2.55,-7.84,-3.43,4.79,-1.60,-2.27,0.50,6.17,5.39,7.06,0.10,0.50,2.74,0.00,0.00,0.00,0.00,0.00,0.00,0.96,5.03,13.04,-2.60,0.43,1.72
15.793586,8.59,3.95,5.18,2.84,-0.44,0.24,-32.12,-20.12,-19.00,6.48,0.24,10.72,-0.21,-0.44,2.52,-8.04,-3.84,4.68,-1.70,-2.07,0.45,6.05,5.61,7.50,0.04,0.68,2.57,0.00,0.00,0.00,0.00,0.00,0.00,-0.01,4.86,12.25,-3.50,1.34,1.09
15.7936,8.66,4.18,5.41,2.84,-0.44,0.24,-32.44,-19.69,-17.31,6.31,0.27,10.95,-0.49,-0.30,2.42,-8.47,-4.29,4.71,-1.71,-1.91,0.29,5.92,5.98,7.94,-0.09,0.82,2.38,0.00,0.00,0.00,0.00,0.00,0.00,0.19,2.04,7.91,-3.74,1.69,0.70
15.793612,8.75,4.07,5.21,1.84,-0.73,0.63,-32.44,-19.69,-17.31,5.54,0.14,11.12,-0.81,-0.02,2.21,-8.24,-4.67,4.44,-1.60,-1.76,0.04,5.30,5.83,8.10,-0.25,0.88,2.18,0.00,0.00,0.00,0.00,0.00,0.00,-0.75,0.06,7.06,-3.05,1.36,0.83
15.793623,9.17,4.26,5.02,1.84,-0.73,0.63,-33.25,-21.88,-13.31,4.26,-0.01,11.21,-1.07,0.22,1.89,-7.32,-5.04,3.71,-1.38,-1.54,-0.10,4.33,5.20,7.96,-0.29,0.86,1.88,0.00,0.00,0.00,0.00,0.00,0.00,-2.05,1.06,10.41,-3.04,1.42,0.50
15.800523,9.47,3.99,4.95,1.40,-0.61,0.53,-33.25,-21.88,-13.31,3.62,-0.45,11.10,-1.36,0.47,1.39,-7.24,-5.25,3.62,-1.09,-1.20,-0.17,4.11,5.06,7.99,-0.27,0.74,1.46,0.00,0.00,0.00,0.00,0.00,0.00,-2.36,-0.47,8.44,-3.30,1.72,-0.12
15.817809,9.55,3.41,5.37,0.98,-0.44,0.42,-33.25,-21.88,-13.31,4.39,-1.35,10.96,-1.49,0.59,1.03,-7.56,-5.20,4.07,-0.93,-0.94,-0.20,4.68,5.10,8.31,-0.29,0.64,1.18,0.00,0.00,0.00,0.00,0.00,0.00,-1.99,-2.16,6.65,-3.02,1.54,-0.22
15.841507,9.62,2.65,5.71,0.75,-0.44,0.44,-36.00,-21.44,-7.25,4.09,-1.71,11.35,-1.54,0.77,0.76,-7.75,-5.24,4.20,-0.89,-0.66,-0.26,4.89,5.12,8.64,-0.27,0.68,0.92,0.00,0.00,0.00,0.00,0.00,0.00,-2.43,-1.84,8.38,-2.58,1.32,-0.12
15.863237,9.59,2.76,5.68,0.75,-0.44,0.44,-37.25,-20.88,-6.94,2.74,-0.23,13.30,-1.82,0.89,0.38,-8.24,-5.83,3.54,-0.84,-0.42,-0.40,4.20,5.89,9.25,-0.28,0.83,0.69,0.00,0.00,0.00,0.00,0.00,0.00,-3.60,-2.18,8.09,-2.42,1.50,-0.29
15.883434,9.05,2.84,5.79,0.75,-0.44,0.44,-37.25,-20.88,-6.94,2.35,-0.60,12.33,-2.29,1.10,-0.19,-8.89,-6.47,2.76,-0.62,-0.17,-0.68,3.47,6.83,9.70,-0.45,0.96,0.39,0.00,0.00,0.00,0.00,0.00,0.00,-5.04,-3.03,6.81,-2.04,1.34,-0.46
16.301102,8.93,2.91,6.29,-0.55,-0.90,0.46,-37.94,-19.44,-5.25,3.00,-2.55,10.84,-2.00,1.47,-0.49,-8.42,-6.26,2.64,-0.31,0.16,-0.99,3.21,6.30,9.19,-0.67,0.86,-0.05,0.00,0.00,0.00,0.00,0.00,0.00,-5.01,-2.80,8.26,-1.77,1.26,-0.84
16.301158,10.28,2.04,6.29,-0.55,-0.90,0.46,-38.62,-17.81,-5.69,3.06,-3.19,11.05,-1.68,1.60,-0.66,-7.83,-5.96,3.05,-0.20,0.51,-1.07,3.64,5.56,9.09,-0.66,0.82,-0.42,0.00,0.00,0.00,0.00,0.00,0.00,-3.34,-4.06,7.36,-1.58,1.46,-0.98
16.301173,10.50,2.11,5.98,-0.55,-0.90,0.46,-39.12,-19.62,-7.31,4.23,-3.24,11.73,-1.47,1.83,-0.82,-7.95,-6.19,2.94,-0.16,0.92,-1.17,3.64,5.92,9.42,-0.63,0.99,-0.89,0.00,0.00,0.00,0.00,0.00,0.00,-3.64,-3.94,7.47,-1.27,1.67,-0.99
16.301188,9.01,2.30,5.87,-1.77,-0.58,0.83,-39.12,-19.62,-7.31,4.07,-3.17,11.68,-1.32,2.24,-0.76,-8.44,-6.48,2.65,-0.12,1.50,-1.49,3.42,6.45,9.59,-0.78,1.22,-1.51,0.00,0.00,0.00,0.00,0.00,0.00,-4.32,-4.09,7.07,-0.98,1.99,-1.22
16.3012,9.43,2.07,5.68,-2.26,-0.83,0.97,-39.12,-19.62,-7.31,3.15,-3.11,11.50,-1.28,2.51,-0.84,-8.00,-6.55,2.17,-0.01,1.92,-1.67,2.89,6.11,9.51,-0.91,1.41,-2.03,0.00,0.00,0.00,0.00,0.00,0.00,-5.21,-4.40,6.75,-0.73,2.15,-1.48
16.301211,9.66,1.61,5.18,-2.74,-0.89,0.96,-39.12,-19.62,-7.31,2.42,-3.30,11.08,-1.24,2.82,-1.04,-7.76,-6.68,1.87,0.15,2.33,-1.79,2.48,5.83,9.57,-1.00,1.59,-2.50,0.00,0.00,0.00,0.00,0.00,0.00,-5.63,-4.72,6.32,-0.58,2.23,-1.89
16.301223,9.51,0.70,4.68,-3.39,-0.70,0.83,-39.12,-19.62,-7.31,2.31,-4.06,10.26,-1.16,3.02,-1.26,-7.73,-6.65,2.03,0.33,2.66,-1.86,2.18,5.42,8.74,-1.04,1.52,-2.91,0.00,0.00,0.00,0.00,0.00,0.00,-4.78,-5.16,5.82,-0.36,2.29,-2.18
16.301238,9.35,-0.49,4.34,-3.39,-0.70,0.83,-39.12,-19.62,-7.31,2.35,-4.37,10.12,-1.07,3.09,-1.27,-8.11,-6.64,2.40,0.33,2.76,-1.87,2.68,5.31,9.35,-1.06,1.23,-3.03,0.00,0.00,0.00,0.00,0.00,0.00,-4.21,-4.55,7.02,-0.23,2.34,-2.08
16.301251,9.01,-0.34,3.95,-3.32,-0.77,0.90,-39.12,-19.62,-7.31,2.13,-4.26,10.36,-1.11,3.11,-1.21,-7.89,-6.79,2.27,0.34,2.74,-1.98,2.45,5.20,9.59,-1.09,1.13,-3.05,0.00,0.00,0.00,0.00,0.00,0.00,-4.30,-4.83,6.56,-0.34,2.46,-2.05
16.301263,9.24,0.08,3.88,-3.24,-0.91,0.92,-39.12,-19.62,-7.31,1.54,-4.76,9.46,-1.13,3.27,-1.21,-6.88,-6.60,2.14,0.36,2.80,-1.99,2.19,4.18,9.25,-1.03,1.25,-3.14,0.00,0.00,0.00,0.00,0.00,0.00,-3.77,-5.52,6.02,-0.38,2.54,-1.95
16.301274,9.78,-0.53,3.38,-3.35,-0.89,0.97,-39.12,-19.62,-7.31,-0.02,-6.03,6.80,-0.99,3.21,-1.21,-6.10,-6.54,1.99,0.37,2.76,-1.75,1.48,2.96,8.52,-0.85,1.38,-3.06,0.00,0.00,0.00,0.00,0.00,0.00,-5.09,-6.61,4.37,-0.35,2.43,-1.73
16.301286,9.93,-1.84,3.11,-3.04,-0.61,0.81,-39.12,-19.62,-7.31,-0.26,-7.60,4.74,-0.55,2.67,-1.16,-5.16,-6.53,1.70,0.46,2.49,-1.21,0.50,1.67,7.55,-0.60,0.84,-2.74,0.00,0.00,0.00,0.00,0.00,0.00,-5.94,-7.61,2.99,-0.13,1.95,-1.59
16.301298,11.00,-2.33,2.96,-1.92,0.45,0.03,-46.19,3.62,-13.19,-3.28,-6.11,5.88,0.12,2.05,-1.27,-4.86,-7.07,0.70,0.62,2.16,-0.47,-0.65,2.17,8.38,-0.12,0.26,-2.37,0.00,0.00,0.00,0.00,0.00,0.00,-3.86,-9.09,0.53,0.53,1.45,-1.23
16.301309,9.12,-0.53,3.03,-1.92,0.45,0.03,-46.19,3.62,-13.19,-3.18,-5.20,7.28,0.49,1.66,-1.73,-4.70,-7.18,0.08,0.97,2.06,-0.06,-1.30,2.87,8.72,0.14,-0.07,-2.39,0.00,0.00,0.00,0.00,0.00,0.00,-4.07,-8.50,0.13,1.53,1.15,-0.73
16.303283,9.39,-0.99,2.80,-2.06,0.92,-0.58,-46.19,3.62,-13.19,-1.07,-6.04,6.71,0.76,1.42,-2.09,-4.78,-6.54,0.82,1.22,2.05,0.32,-0.46,2.12,7.83,0.37,-0.39,-2.39,0.00,0.00,0.00,0.00,0.00,0.00,-5.60,-5.62,4.30,1.98,0.87,-0.55
16.303302,9.55,-2.10,2.57,-2.06,0.92,-0.58,-46.19,3.62,-13.19,-0.16,-6.78,5.62,1.08,1.17,-1.90,-5.11,-5.77,1.87,1.20,1.88,0.67,0.84,1.58,7.00,0.71,-0.96,-2.05,0.00,0.00,0.00,0.00,0.00,0.00,-5.02,-5.34,4.63,1.79,0.63,-0.61
16.303312,9.74,-1.41,3.30,-1.08,1.49,-0.76,-42.69,1.81,-21.31,0.21,-7.16,3.80,1.84,0.55,-1.44,-4.18,-5.10,1.58,1.11,1.61,1.26,0.57,1.11,6.28,1.24,-1.76,-1.60,0.00,0.00,0.00,0.00,0.00,0.00,-3.89,-6.00,3.60,1.76,0.29,-0.45
16.303321,9.59,-0.72,3.18,-0.87,2.15,-1.01,-42.69,1.81,-21.31,-2.65,-4.73,4.75,2.45,0.02,-1.52,-4.59,-4.99,1.11,1.28,1.33,1.88,0.16,2.00,6.16,1.81,-1.97,-1.35,0.00,0.00,0.00,0.00,0.00,0.00,-4.02,-6.55,0.77,2.17,0.03,-0.22
16.303332,8.09,-1.03,3.18,-0.87,2.15,-1.01,-40.75,3.38,-26.31,-0.13,-4.27,5.27,2.92,-0.54,-1.62,-4.85,-4.50,1.27,1.49,1.08,2.33,0.83,2.63,6.00,2.15,-2.17,-1.20,0.00,0.00,0.00,0.00,0.00,0.00,-3.57,-5.63,-0.28,3.01,-0.47,-0.01
16.315606,7.68,-0.04,3.34,-0.87,2.15,-1.01,-38.50,1.31,-28.00,2.21,-3.00,7.61,3.16,-0.82,-1.45,-6.33,-3.95,2.61,1.44,0.93,2.54,3.15,4.05,6.92,2.22,-2.20,-1.07,0.00,0.00,0.00,0.00,0.00,0.00,-0.73,-2.97,1.89,4.07,-1.07,0.37
16.337089,7.14,-0.04,3.53,-0.38,2.52,-1.38,-38.50,1.31,-28.00,4.31,-3.22,8.38,3.16,-0.81,-0.90,-7.62,-3.33,4.10,1.09,0.79,2.33,5.20,4.70,7.53,2.09,-1.97,-0.84,0.00,0.00,0.00,0.00,0.00,0.00,0.99,-0.53,5.03,4.54,-1.36,0.99
16.358551,7.02,-0.34,4.11,-0.10,2.10,-0.75,-38.50,1.31,-28.00,3.17,-2.56,7.95,3.11,-1.23,-0.20,-7.84,-2.54,4.65,0.57,0.43,2.12,5.81,4.41,6.95,2.03,-1.60,-0.29,0.00,0.00,0.00,0.00,0.00,0.00,0.62,1.15,7.66,4.50,-1.55,1.72
16.383407,6.98,-0.88,4.75,-0.10,2.10,-0.75,-31.12,-2.62,-33.56,1.80,-1.93,6.37,3.20,-1.94,0.18,-7.28,-2.05,3.83,0.16,-0.14,2.22,4.82,4.19,5.81,2.19,-1.27,0.45,0.00,0.00,0.00,0.00,0.00,0.00,0.65,1.15,7.37,4.13,-1.77,2.41
16.81149,6.71,0.96,5.29,-0.10,2.10,-0.75,-28.50,-5.19,-35.94,2.85,-0.70,6.60,3.41,-2.66,0.22,-7.19,-1.92,3.36,-0.10,-0.57,2.50,4.56,4.60,5.39,2.34,-1.12,0.94,0.00,0.00,0.00,0.00,0.00,0.00,1.22,1.37,5.90,4.21,-1.81,3.04
16.811527,6.71,0.96,5.29,-0.10,2.10,-0.75,-28.50,-5.19,-35.94,5.23,1.05,9.01,3.46,-2.52,0.43,-8.19,-1.86,3.70,-0.36,-0.78,2.58,5.44,5.80,6.07,2.31,-0.89,1.22,0.00,0.00,0.00,0.00,0.00,0.00,1.64,3.10,5.92,4.54,-2.03,3.44
16.811538,5.37,2.57,5.67,2.07,1.82,-0.21,-26.88,-7.38,-35.50,6.61,2.25,11.33,2.79,-1.95,0.82,-9.33,-1.92,4.17,-0.71,-0.91,2.29,6.33,7.10,6.85,1.97,-0.47,1.45,0.00,0.00,0.00,0.00,0.00,0.00,2.20,6.52,10.52,4.44,-1.94,3.60
16.811549,5.26,2.76,5.91,1.98,1.23,0.18,-26.88,-7.38,-35.50,6.41,2.49,11.32,2.10,-1.53,1.11,-9.90,-2.12,3.95,-1.00,-1.03,1.80,5.91,7.69,6.75,1.57,-0.24,1.60,0.00,0.00,0.00,0.00,0.00,0.00,0.16,7.79,12.58,3.52,-1.44,3.34
16.811562,5.52,2.69,6.25,1.96,0.61,0.37,-26.88,-7.38,-35.50,5.73,2.76,11.43,1.48,-1.29,1.37,-9.70,-2.36,3.27,-1.05,-1.18,1.33,5.11,7.84,6.69,1.18,-0.14,1.70,0.00,0.00,0.00,0.00,0.00,0.00,-0.30,6.12,9.55,2.58,-1.28,2.83
16.811572,5.91,2.99,6.55,1.88,0.18,0.26,-26.88,-7.38,-35.50,5.54,2.43,11.23,0.94,-0.97,1.46,-9.39,-2.16,3.53,-1.02,-1.22,0.93,5.41,7.47,6.56,0.81,0.01,1.65,0.00,0.00,0.00,0.00,0.00,0.00,1.46,5.89,9.12,2.42,-1.26,2.71
16.811583,6.21,3.07,6.36,1.88,0.18,0.26,-25.19,-16.06,-32.75,6.61,1.29,10.33,0.55,-0.79,1.66,-9.64,-1.51,5.00,-1.17,-1.35,0.62,7.12,6.90,6.60,0.51,0.24,1.80,0.00,0.00,0.00,0.00,0.00,0.00,2.80,7.00,10.69,1.96,-0.89,2.72
16.811593,6.29,2.42,5.91,1.88,0.18,0.26,-23.56,-18.25,-31.56,7.25,0.68,9.90,0.28,-0.81,2.14,-9.78,-1.02,5.83,-1.53,-1.73,0.41,8.14,6.53,6.52,0.28,0.62,2.27,0.00,0.00,0.00,0.00,0.00,0.00,3.39,7.40,11.04,1.06,-0.41,2.97
16.811603,7.25,3.45,5.37,3.12,-0.77,0.91,-26.25,-22.69,-27.38,6.94,0.49,9.44,-0.01,-1.00,2.76,-9.16,-1.24,5.30,-1.94,-2.17,0.24,7.48,6.34,6.25,0.09,1.08,2.82,0.00,0.00,0.00,0.00,0.00,0.00,2.98,5.69,7.96,0.43,-0.11,3.26
16.811613,7.32,4.10,5.10,3.12,-0.77,0.91,-26.25,-22.69,-27.38,6.13,0.49,9.14,-0.13,-1.09,2.99,-8.40,-1.65,4.56,-2.12,-2.33,0.16,6.36,6.06,5.85,-0.02,1.31,3.02,0.00,0.00,0.00,0.00,0.00,0.00,2.30,5.52,8.28,0.32,-0.00,3.39
16.811622,7.55,4.41,4.98,3.05,-0.78,0.92,-26.25,-22.69,-27.38,6.04,0.31,9.06,-0.17,-1.09,3.01,-7.80,-1.93,4.23,-2.20,-2.29,0.13,5.83,5.72,5.65,-0.05,1.33,3.01,0.00,0.00,0.00,0.00,0.00,0.00,1.66,6.05,9.88,-0.17,0.36,3.20
16.811635,7.90,4.45,5.25,2.84,-0.65,0.88,-28.62,-23.88,-20.31,5.60,0.10,9.02,-0.16,-1.07,2.89,-7.95,-2.24,4.27,-2.20,-2.24,0.13,5.72,5.69,5.94,-0.02,1.22,2.93,0.00,0.00,0.00,0.00,0.00,0.00,1.36,6.02,9.87,-0.93,0.64,2.88
16.811645,8.05,4.26,5.45,2.65,-0.47,0.80,-28.62,-23.88,-20.31,6.37,-0.18,9.57,-0.17,-1.04,2.82,-8.23,-2.43,4.84,-2.17,-2.19,0.14,6.32,5.60,6.34,-0.01,1.09,2.87,0.00,0.00,0.00,0.00,0.00,0.00,1.58,6.18,10.12,-1.57,0.81,2.58
16.811655,8.40,4.03,5.75,2.65,-0.47,0.80,-30.06,-25.38,-17.75,6.68,-0.12,10.00,-0.21,-0.92,2.88,-8.74,-2.85,5.21,-2.16,-2.18,0.12,6.68,5.80,6.99,-0.05,1.11,2.88,0.00,0.00,0.00,0.00,0.00,0.00,1.12,6.51,10.65,-2.19,1.02,2.25
16.814081,8.12,4.41,5.33,2.68,-0.64,0.59,-30.94,-26.56,-11.69,5.64,0.00,10.17,-0.31,-0.91,2.84,-8.70,-3.62,4.82,-2.02,-2.22,0.03,5.80,6.15,7.22,-0.21,1.06,2.86,0.00,0.00,0.00,0.00,0.00,0.00,0.05,5.39,9.65,-2.66,1.06,1.86
16.814114,9.01,5.79,5.60,2.68,-0.64,0.59,-30.94,-26.56,-11.69,5.29,-0.09,10.81,-0.38,-0.85,2.48,-8.03,-4.24,4.08,-1.71,-2.01,-0.06,5.00,6.01,7.63,-0.29,0.79,2.55,0.00,0.00,0.00,0.00,0.00,0.00,-0.31,5.21,11.12,-3.06,1.15,1.18
16.814128,9.51,6.02,5.83,2.68,-0.64,0.59,-30.94,-26.56,-11.69,6.10,-0.24,11.99,-0.49,-0.44,1.99,-8.19,-4.53,4.39,-1.50,-1.43,-0.22,5.60,5.97,8.41,-0.38,0.79,1.89,0.00,0.00,0.00,0.00,0.00,0.00,0.49,4.28,10.38,-3.39,1.74,0.31
16.814146,9.47,5.06,6.06,1.39,-0.67,0.51,-30.94,-26.56,-11.69,6.04,-0.25,12.46,-0.74,0.02,1.69,-8.84,-4.79,4.77,-1.46,-1.02,-0.45,5.98,6.20,9.01,-0.53,1.01,1.44,0.00,0.00,0.00,0.00,0.00,0.00,0.04,3.34,9.49,-3.35,1.89,-0.20
16.814157,9.21,4.45,5.98,0.55,-0.95,0.79,-30.94,-26.56,-11.69,5.93,-0.24,12.68,-1.10,0.50,1.43,-8.98,-5.09,4.74,-1.36,-0.66,-0.76,5.79,6.08,9.21,-0.85,1.27,1.04,0.00,0.00,0.00,0.00,0.00,0.00,-0.51,2.01,8.64,-3.04,1.78,-0.49
16.814169,9.43,4.60,6.06,0.20,-1.14,0.80,-30.94,-26.56,-11.69,5.39,-0.93,11.70,-1.28,0.95,1.19,-8.51,-5.45,4.19,-1.16,-0.28,-1.02,4.83,5.93,8.96,-1.09,1.38,0.60,0.00,0.00,0.00,0.00,0.00,0.00,-1.83,1.47,9.36,-2.77,1.53,-0.91
16.833138,9.85,4.98,5.91,0.20,-1.14,0.80,-34.75,-23.94,-1.88,4.51,-1.67,11.19,-1.25,1.23,0.76,-7.87,-5.46,3.92,-0.86,0.19,-1.16,4.51,5.11,8.81,-1.14,1.26,0.02,0.00,0.00,0.00,0.00,0.00,0.00,-1.68,0.33,9.00,-2.59,1.44,-1.46
16.856414,10.08,3.18,5.29,-0.89,-0.92,0.84,-36.69,-25.19,-2.19,4.77,-2.42,10.92,-1.24,1.47,0.34,-7.95,-5.36,4.58,-0.68,0.55,-1.22,5.09,4.53,9.02,-1.12,1.21,-0.33,0.00,0.00,0.00,0.00,0.00,0.00,-1.09,-0.26,9.05,-2.24,1.20,-1.68
16.878408,9.81,2.69,5.14,-0.89,-0.92,0.84,-37.06,-24.12,-2.94,4.94,-2.54,11.06,-1.14,1.61,0.17,-7.93,-5.72,4.13,-0.63,0.84,-1.32,4.77,4.72,9.42,-1.17,1.26,-0.60,0.00,0.00,0.00,0.00,0.00,0.00,-1.42,0.62,10.88,-2.32,1.31,-2.00
16.900107,9.51,3.91,4.98,-1.10,-0.96,0.97,-37.06,-24.12,-2.94,4.90,-2.26,11.84,-1.17,2.18,-0.08,-7.80,-6.24,3.19,-0.56,1.28,-1.56,3.91,5.04,9.96,-1.32,1.52,-1.11,0.00,0.00,0.00,0.00,0.00,0.00,-0.26,-1.37,8.34,-2.38,1.59,-2.46
17.318474,9.78,3.03,4.26,-2.73,-1.12,1.34,-37.06,-24.12,-2.94,3.48,-2.27,11.31,-1.18,3.00,-0.59,-7.54,-6.63,2.32,-0.26,1.99,-1.96,3.03,4.49,10.04,-1.60,1.98,-1.98,0.00,0.00,0.00,0.00,0.00,0.00,-0.45,-3.22,6.80,-1.69,1.99,-2.48
17.318504,9.51,0.73,3.88,-3.01,-0.95,1.31,-37.06,-24.12,-2.94,3.63,-3.97,9.29,-1.22,3.12,-0.81,-7.28,-5.84,3.98,-0.16,2.29,-2.00,4.19,3.65,8.94,-1.65,1.91,-2.23,0.00,0.00,0.00,0.00,0.00,0.00,-1.92,-2.16,8.86,-1.39,1.98,-2.40
17.318517,9.43,-0.72,3.95,-3.01,-0.95,1.31,-42.00,-16.06,-4.69,2.68,-4.18,9.05,-1.02,2.85,-0.63,-7.64,-6.18,3.75,-0.27,2.18,-1.85,3.66,3.60,9.29,-1.56,1.59,-1.97,0.00,0.00,0.00,0.00,0.00,0.00,-2.60,-2.31,8.81,-1.40,1.81,-2.28
17.318528,9.74,0.77,4.30,-3.01,-0.95,1.31,-42.00,-16.06,-4.69,1.43,-3.36,10.35,-0.90,2.66,-0.63,-7.29,-6.92,2.42,-0.19,2.14,-1.83,2.37,3.92,9.90,-1.44,1.48,-2.00,0.00,0.00,0.00,0.00,0.00,0.00,-1.89,-3.31,8.12,-1.32,1.75,-2.28
17.31854,10.01,1.12,3.68,-2.77,-1.08,1.15,-42.00,-16.06,-4.69,1.07,-3.80,10.24,-0.81,2.82,-0.96,-6.72,-7.28,1.75,0.01,2.37,-1.88,1.70,3.48,10.01,-1.29,1.61,-2.38,0.00,0.00,0.00,0.00,0.00,0.00,-1.24,-4.92,6.60,-0.95,2.04,-2.17
17.318552,10.39,0.00,3.18,-3.16,-0.94,1.18,-42.00,-16.06,-4.69,0.27,-4.62,9.16,-0.69,2.80,-1.20,-5.98,-7.30,1.53,0.16,2.52,-1.80,1.19,2.38,9.46,-1.09,1.60,-2.62,0.00,0.00,0.00,0.00,0.00,0.00,-2.21,-5.87,6.15,-0.48,2.23,-1.94
17.318561,10.85,-1.07,2.92,-3.16,-0.94,1.18,-45.25,-7.31,-5.69,-1.49,-5.34,7.75,-0.38,2.65,-1.43,-5.21,-7.46,1.01,0.37,2.50,-1.49,0.14,1.53,8.93,-0.74,1.34,-2.71,0.00,0.00,0.00,0.00,0.00,0.00,-2.77,-6.67,5.81,-0.06,2.25,-1.64
17.321131,11.12,-1.53,2.69,-3.16,-0.94,1.18,-45.88,-6.19,-7.50,-1.74,-5.00,8.60,-0.14,2.13,-1.68,-6.04,-7.46,1.43,0.63,2.29,-1.11,0.82,1.93,9.76,-0.33,0.99,-2.63,0.00,0.00,0.00,0.00,0.00,0.00,-2.84,-5.64,6.21,0.45,2.16,-1.11
17.321161,10.31,-1.95,2.54,-3.16,-0.94,1.18,-44.44,-5.62,-10.75,-0.76,-4.94,9.24,-0.13,1.56,-1.69,-7.07,-7.34,2.16,0.75,1.83,-1.08,1.71,2.66,10.30,0.00,0.68,-2.29,0.00,0.00,0.00,0.00,0.00,0.00,-2.19,-4.41,6.97,0.72,2.03,-0.42
17.321174,9.62,-0.88,3.18,-3.16,-0.94,1.18,-44.44,-5.62,-10.75,-1.41,-4.98,8.73,0.04,0.70,-1.77,-6.53,-6.82,2.76,0.72,1.37,-1.13,2.11,2.63,9.37,0.61,0.34,-1.80,0.00,0.00,0.00,0.00,0.00,0.00,-2.14,-4.09,6.39,1.06,1.87,0.31
17.321187,9.93,-0.53,3.18,-1.42,0.01,0.42,-44.44,-5.62,-10.75,0.26,-5.29,7.58,0.47,-0.22,-1.85,-4.85,-6.56,2.51,0.58,1.22,-0.91,0.94,2.02,7.47,1.27,-0.30,-1.39,0.00,0.00,0.00,0.00,0.00,0.00,-4.11,-3.62,6.64,1.31,1.67,0.69
17.321197,10.08,-0.72,3.15,-1.28,0.27,0.35,-44.44,-5.62,-10.75,0.56,-5.15,7.27,0.80,-0.38,-1.73,-4.30,-6.73,2.03,0.56,1.16,-0.38,0.91,1.48,8.19,1.55,-0.57,-1.22,0.00,0.00,0.00,0.00,0.00,0.00,-7.42,-2.66,7.70,1.12,1.24,0.42
17.321208,10.01,-1.18,2.99,-1.10,0.71,-0.06,-44.44,-5.62,-10.75,-0.47,-4.55,7.33,1.04,-0.54,-1.69,-4.68,-6.86,1.93,0.68,1.02,0.17,1.01,2.09,8.56,1.57,-0.81,-1.00,0.00,0.00,0.00,0.00,0.00,0.00,-7.59,-2.14,7.91,0.60,0.61,-0.24
17.321219,8.93,-0.61,3.07,-0.81,0.95,-0.50,-44.31,-1.88,-15.50,1.17,-3.58,8.68,1.04,-0.82,-1.84,-5.18,-6.76,2.28,0.76,0.90,0.52,1.87,3.21,9.09,1.52,-0.84,-0.75,0.00,0.00,0.00,0.00,0.00,0.00,-4.84,-2.66,6.67,0.35,0.14,-0.66
17.322764,8.48,-0.15,3.11,-0.81,0.95,-0.50,-44.31,-1.88,-15.50,2.93,-3.05,9.66,0.94,-0.74,-1.71,-5.79,-6.85,2.23,0.71,0.90,0.59,2.20,3.87,9.49,1.34,-0.66,-0.68,0.00,0.00,0.00,0.00,0.00,0.00,-2.81,-3.15,5.77,0.55,-0.01,-0.63
17.32278,8.55,0.27,3.07,-0.75,0.60,-0.48,-44.31,-1.88,-15.50,3.73,-3.07,9.73,0.72,-0.41,-1.52,-5.64,-6.52,2.55,0.55,0.97,0.54,2.55,3.96,9.14,1.11,-0.39,-0.69,0.00,0.00,0.00,0.00,0.00,0.00,-1.87,-3.04,5.81,0.99,0.01,-0.31
17.322791,8.59,0.00,3.07,-0.92,0.39,-0.25,-44.31,-1.88,-15.50,4.06,-3.34,9.13,0.58,-0.17,-1.24,-5.95,-6.21,3.02,0.35,0.96,0.52,2.84,3.69,8.58,1.00,-0.21,-0.62,0.00,0.00,0.00,0.00,0.00,0.00,-2.57,-1.70,7.38,1.20,0.04,-0.04
17.3228,8.40,-0.30,2.99,-0.92,0.39,-0.25,-43.56,0.12,-17.31,4.04,-3.39,8.43,0.49,-0.06,-0.84,-6.54,-6.02,3.11,0.21,0.77,0.40,3.00,3.56,8.29,0.81,-0.12,-0.44,0.00,0.00,0.00,0.00,0.00,0.00,-3.03,-0.61,8.57,0.97,0.06,-0.00
17.322811,7.78,-0.11,3.07,-0.92,0.39,-0.25,-43.44,-1.31,-18.00,3.73,-3.00,8.12,0.49,-0.12,-0.47,-6.39,-5.71,2.97,0.16,0.51,0.18,2.91,3.56,7.92,0.54,-0.04,-0.26,0.00,0.00,0.00,0.00,0.00,0.00,-2.57,-0.72,8.10,0.60,0.08,-0.04
17.325356,7.29,0.96,3.11,-0.28,-0.14,-0.07,-43.44,-1.31,-18.00,3.41,-2.89,7.02,0.94,-0.22,0.03,-5.54,-5.34,2.41,0.13,0.36,0.00,2.40,3.66,7.18,0.39,0.03,-0.20,0.00,0.00,0.00,0.00,0.00,0.00,-2.40,-1.04,7.07,0.35,0.15,-0.11
17.342886,6.98,0.81,2.92,-0.28,-0.14,-0.07,-42.69,1.06,-18.06,2.92,-1.66,7.93,0.87,-0.26,0.17,-5.17,-4.99,2.44,0.14,0.33,-0.06,2.49,3.56,6.90,0.30,0.07,-0.19,0.00,0.00,0.00,0.00,0.00,0.00,-2.20,-1.24,6.05,0.31,0.15,-0.15
17.363707,6.64,0.27,2.57,-0.20,-0.33,-0.15,-42.69,1.06,-18.06,3.03,-1.69,7.88,0.53,-0.16,0.13,-5.17,-4.60,2.85,0.12,0.21,-0.11,2.78,2.99,6.23,0.16,-0.01,-0.03,0.00,0.00,0.00,0.00,0.00,0.00,-1.63,-1.04,5.80,0.41,0.02,-0.02
17.386861,6.75,0.08,2.46,0.09,-0.45,-0.11,-43.50,0.25,-18.75,3.41,-2.39,6.80,0.34,-0.15,0.30,-4.81,-4.40,2.96,-0.02,0.02,-0.16,2.57,2.35,5.68,-0.07,-0.16,0.18,0.00,0.00,0.00,0.00,0.00,0.00,-1.24,-0.90,6.20,0.40,-0.05,0.21
17.408999,7.06,0.23,2.50,0.26,-0.42,-0.06,-43.50,0.25,-18.75,2.41,-2.40,6.62,0.34,-0.22,0.42,-4.20,-4.62,2.26,-0.10,-0.12,-0.07,1.76,2.32,6.04,-0.24,-0.33,0.29,0.00,0.00,0.00,0.00,0.00,0.00,-2.35,-1.39,5.99,0.25,-0.05,0.31
17.831875,7.60,0.20,2.54,0.26,-0.42,-0.06,-44.25,-2.31,-16.19,1.41,-2.22,7.19,0.31,-0.37,0.33,-4.23,-5.11,1.96,-0.06,-0.23,0.16,1.39,2.46,6.33,-0.34,-0.55,0.37,0.00,0.00,0.00,0.00,0.00,0.00,-3.48,-1.86,5.46,0.18,-0.27,0.29
17.831903,7.82,-0.04,2.57,0.26,-0.42,-0.06,-43.94,-2.88,-16.12,2.06,-2.47,7.72,0.23,-0.53,0.25,-4.36,-5.41,2.12,-0.03,-0.33,0.40,1.69,2.25,6.44,-0.41,-0.71,0.42,0.00,0.00,0.00,0.00,0.00,0.00,-3.15,-2.18,5.49,0.28,-0.58,0.32
17.831919,8.66,-0.04,2.54,0.26,-0.42,-0.06,-43.94,-2.88,-16.12,2.70,-3.20,7.68,0.14,-0.42,0.29,-4.29,-5.63,2.37,-0.10,-0.43,0.83,1.84,2.12,7.09,-0.39,-1.04,0.41,0.00,0.00,0.00,0.00,0.00,0.00,-2.75,-3.07,5.59,0.47,-0.85,0.42
17.831931,9.93,0.66,1.88,0.55,-0.00,-0.73,-43.94,-2.88,-16.12,0.84,-3.46,7.85,0.31,-0.72,0.14,-4.55,-6.43,1.84,0.10,-0.47,1.05,1.58,2.62,8.39,0.01,-1.09,0.37,0.00,0.00,0.00,0.00,0.00,0.00,-3.09,-3.42,6.54,0.76,-0.99,0.53
17.831948,10.50,0.66,1.88,0.55,0.43,-0.89,-43.94,-2.88,-16.12,0.89,-3.98,7.90,0.39,-0.97,-0.20,-4.06,-6.49,2.07,0.39,-0.44,1.32,1.44,1.84,8.05,0.33,-1.28,0.31,0.00,0.00,0.00,0.00,0.00,0.00,-4.47,-2.82,8.59,0.54,-1.09,0.28
17.831979,10.50,0.66,1.88,0.47,0.84,-1.16,-42.81,-6.56,-14.19,1.26,-4.50,7.33,0.60,-1.27,-0.58,-4.27,-6.22,2.79,0.64,-0.43,1.67,2.32,1.70,8.07,0.77,-1.58,0.30,0.00,0.00,0.00,0.00,0.00,0.00,-3.43,-3.49,7.96,0.10,-1.20,-0.14
17.831992,10.96,1.12,2.19,0.69,1.88,-1.49,-42.81,-6.56,-14.19,3.00,-4.92,7.03,1.00,-1.56,-0.88,-4.75,-5.55,3.99,0.80,-0.41,2.06,3.88,1.64,7.91,1.32,-1.77,0.39,0.00,0.00,0.00,0.00,0.00,0.00,-1.17,-4.48,6.34,0.23,-1.36,-0.13
17.832004,10.73,1.19,2.34,0.69,1.88,-1.49,-39.19,-12.00,-18.56,5.55,-4.52,7.78,1.37,-1.70,-0.82,-6.06,-5.05,5.25,0.64,-0.42,2.29,5.73,2.47,8.40,1.70,-1.64,0.54,0.00,0.00,0.00,0.00,0.00,0.00,1.26,-3.75,6.87,0.74,-1.42,0.32
17.832015,9.93,1.08,2.57,0.69,1.88,-1.49,-39.19,-12.00,-18.56,6.08,-3.79,8.16,1.63,-1.75,-0.46,-7.49,-4.75,5.89,0.36,-0.56,2.27,6.71,3.52,8.77,1.99,-1.30,0.84,0.00,0.00,0.00,0.00,0.00,0.00,1.33,-2.29,8.27,1.21,-1.36,1.02
17.832026,9.43,1.23,3.07,1.39,2.14,-0.92,-39.19,-12.00,-18.56,6.56,-3.51,8.09,1.83,-1.88,-0.05,-8.33,-4.66,5.93,0.09,-0.90,2.20,6.89,4.11,8.76,2.19,-0.88,1.35,0.00,0.00,0.00,0.00,0.00,0.00,-0.29,-0.66,10.50,1.20,-1.45,1.56
17.832037,9.51,2.19,3.61,1.93,2.07,-0.80,-34.62,-17.81,-19.81,7.01,-1.90,9.46,1.79,-1.98,0.33,-8.80,-5.33,4.76,-0.12,-1.15,2.06,5.93,5.59,8.98,2.14,-0.55,1.71,0.00,0.00,0.00,0.00,0.00,0.00,-0.97,-0.57,10.31,0.88,-1.54,1.67
17.83205,9.20,3.76,4.26,1.93,2.07,-0.80,-32.94,-20.94,-19.69,6.91,-0.62,10.62,1.62,-1.77,0.36,-8.87,-5.47,4.19,-0.10,-1.06,1.75,5.54,6.31,8.94,1.96,-0.34,1.64,0.00,0.00,0.00,0.00,0.00,0.00,-0.59,-0.64,9.94,0.82,-1.41,1.53
17.832063,9.20,4.10,4.72,1.93,2.07,-0.80,-32.31,-21.44,-21.44,7.82,-0.44,10.80,1.34,-1.38,0.20,-9.19,-4.93,4.80,-0.10,-0.88,1.42,6.24,6.39,8.65,1.65,-0.16,1.46,0.00,0.00,0.00,0.00,0.00,0.00,-0.05,0.17,10.79,0.78,-1.17,1.34
17.832075,9.09,3.49,5.79,1.18,1.19,-0.23,-32.31,-21.44,-21.44,8.91,-0.33,10.80,1.04,-0.83,0.28,-9.61,-4.19,5.16,-0.31,-0.76,1.10,7.03,6.38,8.23,1.09,0.13,1.28,0.00,0.00,0.00,0.00,0.00,0.00,0.61,0.94,11.59,0.51,-0.79,1.19
17.834148,9.01,4.56,6.82,1.18,1.19,-0.23,-30.44,-24.25,-18.50,8.96,0.41,11.12,0.93,-0.48,0.43,-10.08,-4.38,4.48,-0.47,-0.52,0.82,6.49,7.71,8.02,0.74,0.33,0.97,0.00,0.00,0.00,0.00,0.00,0.00,0.34,1.17,11.63,0.36,-0.39,1.10
17.834166,9.01,4.56,6.82,0.75,0.70,0.26,-31.19,-25.56,-18.38,7.66,1.58,12.03,0.78,-0.22,0.42,-10.35,-4.54,3.87,-0.41,-0.18,0.46,6.00,8.49,7.95,0.64,0.41,0.55,0.00,0.00,0.00,0.00,0.00,0.00,-0.79,1.19,11.13,0.35,-0.06,0.89
17.834178,8.89,4.30,7.25,0.75,0.70,0.26,-31.19,-25.56,-18.38,7.25,1.17,11.64,0.57,-0.08,0.24,-10.42,-4.25,4.05,-0.33,0.07,0.15,6.13,8.24,7.86,0.53,0.45,0.26,0.00,0.00,0.00,0.00,0.00,0.00,-0.85,1.40,11.34,0.40,0.10,0.67
17.834188,9.25,2.91,7.25,0.00,0.18,0.53,-31.19,-25.56,-18.38,8.41,0.68,11.57,0.32,0.20,0.19,-10.48,-3.80,4.62,-0.39,0.27,-0.12,6.77,7.86,7.80,0.38,0.52,0.12,0.00,0.00,0.00,0.00,0.00,0.00,-0.30,2.06,11.93,0.21,0.33,0.53
17.834202,8.93,2.76,7.55,0.00,0.18,0.53,-30.75,-23.12,-20.31,8.13,1.30,12.04,0.14,0.50,0.38,-11.00,-4.00,4.27,-0.51,0.34,-0.34,6.38,8.27,8.02,0.15,0.73,0.00,0.00,0.00,0.00,0.00,0.00,0.00,-0.86,2.54,11.89,0.01,0.61,0.50
17.848115,8.32,2.53,7.74,-0.19,-0.29,0.82,-30.75,-23.12,-20.31,6.51,1.53,11.61,-0.18,0.86,0.45,-10.79,-4.13,3.28,-0.51,0.29,-0.73,5.49,8.30,7.63,-0.51,0.95,-0.24,0.00,0.00,0.00,0.00,0.00,0.00,-2.36,2.69,11.48,-0.24,0.75,0.32
17.868039,8.86,2.19,7.59,-0.21,-0.50,0.74,-30.75,-23.12,-20.31,6.10,1.00,11.62,-0.39,0.88,0.47,-9.80,-3.97,2.92,-0.48,0.28,-0.74,4.84,7.38,7.06,-0.54,0.77,-0.28,0.00,0.00,0.00,0.00,0.00,0.00,-2.51,1.26,9.81,-0.25,0.69,0.28
17.890323,9.31,1.80,7.40,-0.21,-0.50,0.74,-32.44,-19.56,-19.75,6.97,0.29,11.57,-0.99,1.41,0.63,-9.55,-3.58,3.77,-0.57,0.09,-0.47,5.47,6.21,7.01,-0.64,0.71,-0.29,0.00,0.00,0.00,0.00,0.00,0.00,-2.14,1.12,9.18,0.01,0.41,0.45
17.910474,9.28,1.04,7.09,-0.21,-0.50,0.74,-33.94,-19.88,-19.69,6.22,-0.12,9.91,-1.24,1.68,0.88,-9.91,-3.57,4.15,-0.86,-0.16,-0.20,5.77,6.49,7.00,-0.94,0.69,-0.16,0.00,0.00,0.00,0.00,0.00,0.00,-1.46,2.21,10.12,0.19,0.14,0.73
18.341543,7.86,2.61,6.52,-0.21,-0.50,0.74,-33.94,-19.88,-19.69,6.61,0.00,10.26,-1.13,1.66,1.24,-9.41,-3.70,3.76,-1.22,-0.40,-0.04,5.32,6.69,6.83,-1.40,0.27,-0.00,0.00,0.00,0.00,0.00,0.00,0.00,-1.70,2.48,9.94,0.16,0.08,0.80
18.341587,8.17,3.07,5.64,-0.21,-0.50,0.74,-33.50,-21.50,-18.25,4.53,-0.14,10.19,-0.95,1.62,1.35,-9.02,-3.84,3.37,-1.48,-0.48,0.00,4.77,6.52,7.36,-1.74,-0.18,0.13,0.00,0.00,0.00,0.00,0.00,0.00,-1.91,1.93,9.44,0.02,-0.09,0.60
18.341604,8.44,2.76,5.06,0.24,-1.18,0.66,-33.50,-21.50,-18.25,3.59,-0.95,9.41,-0.84,1.38,1.23,-8.55,-4.05,2.83,-1.39,-0.49,-0.16,4.09,5.60,7.69,-1.79,-0.11,0.09,0.00,0.00,0.00,0.00,0.00,0.00,-2.04,1.43,9.44,-0.26,-0.19,0.26
18.341616,8.86,1.73,4.41,0.20,-0.58,0.48,-33.50,-21.50,-18.25,2.29,-1.91,8.43,-0.61,1.03,0.97,-7.69,-4.00,2.98,-1.14,-0.60,-0.33,4.15,4.62,7.86,-1.52,0.11,0.03,0.00,0.00,0.00,0.00,0.00,0.00,-1.53,0.78,9.20,-0.60,-0.22,-0.08
18.34163,8.86,1.73,4.41,0.20,-0.58,0.48,-33.50,-21.50,-18.25,2.03,-2.06,8.48,-0.45,0.56,0.81,-7.29,-4.17,3.11,-0.96,-0.58,-0.35,4.12,4.27,8.00,-1.25,0.24,0.14,0.00,0.00,0.00,0.00,0.00,0.00,-1.68,0.73,9.10,-0.80,-0.24,-0.20
18.341643,8.29,1.77,4.18,0.20,-0.58,0.48,-33.50,-21.50,-18.25,2.35,-2.05,8.95,-0.33,0.14,0.69,-7.50,-4.51,2.99,-0.71,-0.61,-0.46,3.99,4.10,8.36,-1.10,0.30,0.29,0.00,0.00,0.00,0.00,0.00,0.00,-1.69,0.48,8.72,-1.00,-0.36,-0.35
18.341655,8.32,2.00,4.07,0.50,-0.27,0.13,-33.50,-21.50,-18.25,2.56,-2.12,9.08,-0.23,0.02,0.57,-6.33,-4.41,3.09,-0.50,-0.60,-0.53,3.74,3.87,7.50,-0.96,0.32,0.34,0.00,0.00,0.00,0.00,0.00,0.00,-0.61,-0.13,8.33,-1.01,-0.31,-0.38
18.341667,8.44,2.30,4.26,0.45,-0.21,0.10,-33.50,-21.50,-18.25,2.49,-2.51,8.69,-0.09,-0.03,0.40,-5.64,-4.42,3.19,-0.40,-0.42,-0.32,3.57,3.38,7.10,-0.65,0.22,0.27,0.00,0.00,0.00,0.00,0.00,0.00,-0.52,-1.07,7.46,-0.87,-0.21,-0.40
18.341679,8.79,2.00,3.99,0.24,-0.05,0.10,-38.00,-17.88,-13.06,2.64,-2.49,8.89,0.10,-0.11,0.20,-6.34,-4.79,3.12,-0.25,-0.29,-0.17,3.39,3.25,7.66,-0.35,0.04,0.14,0.00,0.00,0.00,0.00,0.00,0.00,-0.57,-1.15,7.50,-0.58,-0.18,-0.35
18.341692,8.32,2.07,3.88,0.06,0.25,0.03,-37.00,-18.94,-14.12,2.62,-2.07,9.55,0.12,-0.11,0.07,-7.05,-4.98,3.21,-0.07,-0.34,-0.30,3.62,3.56,8.06,-0.21,-0.17,0.06,0.00,0.00,0.00,0.00,0.00,0.00,-0.68,-0.24,8.69,-0.50,-0.16,-0.35
18.341705,7.98,2.00,3.99,0.06,0.25,0.03,-37.00,-18.94,-14.12,2.93,-1.74,10.18,0.03,-0.12,0.00,-7.04,-4.93,3.39,0.04,-0.38,-0.50,4.05,4.05,8.10,-0.14,-0.25,0.05,0.00,0.00,0.00,0.00,0.00,0.00,0.20,-0.12,8.77,-0.49,-0.03,-0.25
18.341716,8.21,1.92,4.64,0.03,-0.05,0.12,-37.00,-18.94,-14.12,2.49,-1.61,10.23,-0.14,-0.27,-0.11,-6.70,-4.75,3.39,0.10,-0.34,-0.69,4.17,4.36,7.76,0.14,-0.35,0.06,0.00,0.00,0.00,0.00,0.00,0.00,0.79,-0.38,8.38,-0.26,0.32,0.11
18.341729,8.28,1.92,4.72,0.03,-0.05,0.12,-36.50,-17.56,-13.12,2.27,-1.82,9.44,-0.18,-0.55,-0.38,-6.59,-4.76,3.40,0.09,-0.17,-0.78,4.36,4.31,7.77,0.53,-0.20,0.03,0.00,0.00,0.00,0.00,0.00,0.00,0.69,-0.36,8.45,0.04,0.70,0.51
18.341739,8.44,1.88,4.72,0.03,-0.05,0.12,-37.38,-17.88,-14.12,4.01,-1.88,9.61,-0.18,-0.69,-0.51,-6.53,-4.83,3.74,0.10,-0.07,-0.81,4.67,4.15,7.84,0.70,0.13,0.05,0.00,0.00,0.00,0.00,0.00,0.00,-0.85,-0.05,8.16,0.27,0.89,0.77
18.343916,8.44,1.50,4.83,0.03,-0.05,0.12,-37.38,-17.88,-14.12,4.62,-2.09,9.42,-0.14,-0.43,-0.33,-6.46,-4.81,4.11,0.01,0.04,-0.65,4.82,4.14,7.63,0.59,0.32,0.07,0.00,0.00,0.00,0.00,0.00,0.00,-2.23,0.57,8.58,0.32,0.70,0.77
18.343937,8.71,1.65,4.91,0.03,-0.26,0.20,-37.38,-17.88,-14.12,4.42,-2.03,9.58,-0.13,-0.26,-0.15,-6.48,-4.99,3.85,-0.15,0.17,-0.33,4.49,4.19,7.70,0.45,0.47,0.09,0.00,0.00,0.00,0.00,0.00,0.00,-2.23,0.53,8.87,0.19,0.47,0.56
18.343952,8.89,1.54,4.72,0.00,-0.27,0.16,-37.38,-17.88,-14.12,3.97,-2.15,9.51,-0.12,-0.15,-0.05,-6.45,-5.07,3.73,-0.27,0.23,-0.08,4.32,4.24,7.70,0.41,0.57,0.10,0.00,0.00,0.00,0.00,0.00,0.00,-2.14,0.19,8.63,0.11,0.34,0.42
18.34398,8.97,1.61,4.64,0.02,-0.22,0.13,-37.38,-17.88,-14.12,4.00,-2.28,9.50,-0.10,-0.13,-0.01,-6.01,-4.92,3.82,-0.43,0.30,0.26,4.30,4.47,7.56,0.52,0.59,0.16,0.00,0.00,0.00,0.00,0.00,0.00,-1.67,-0.12,8.40,0.13,0.27,0.33
18.343998,8.97,1.73,4.60,-0.00,-0.17,0.13,-37.38,-17.88,-14.12,3.88,-2.11,9.77,-0.08,-0.10,-0.04,-6.70,-5.31,3.28,-0.59,0.44,0.53,3.90,4.81,8.00,0.74,0.64,0.19,0.00,0.00,0.00,0.00,0.00,0.00,-1.56,0.14,8.81,0.22,0.34,0.27
18.34401,8.82,1.92,4.72,-0.40,-0.23,0.21,-37.38,-17.88,-14.12,4.04,-1.97,10.17,-0.10,0.07,-0.12,-7.56,-5.67,2.76,-0.56,0.60,0.52,3.54,4.98,8.04,0.72,0.59,0.01,0.00,0.00,0.00,0.00,0.00,0.00,-2.12,0.32,8.93,0.17,0.44,0.08
18.365027,9.39,1.12,4.49,-0.43,-0.19,0.18,-39.06,-15.38,-12.50,3.79,-2.53,9.57,-0.11,0.24,-0.10,-7.58,-5.47,3.10,-0.43,0.59,0.41,3.80,4.65,8.01,0.66,0.46,-0.10,0.00,0.00,0.00,0.00,0.00,0.00,-1.92,-0.07,8.54,0.23,0.40,0.05
18.3867,9.39,0.96,4.34,-0.20,-0.09,0.10,-39.06,-15.38,-12.50,3.66,-2.90,9.09,-0.07,0.08,-0.06,-7.50,-5.27,3.40,-0.36,0.43,0.39,4.02,4.59,7.92,0.71,0.35,0.04,0.00,0.00,0.00,0.00,0.00,0.00,-2.02,0.02,8.63,0.33,0.25,0.21
18.408029,9.32,1.15,4.37,-0.20,-0.09,0.10,-38.44,-14.81,-14.25,3.97,-2.71,9.46,-0.02,-0.04,0.02,-7.44,-5.32,3.12,-0.32,0.30,0.43,3.89,4.85,8.08,0.80,0.30,0.16,0.00,0.00,0.00,0.00,0.00,0.00,-2.01,0.31,8.97,0.36,0.11,0.31
18.43143,9.09,2.07,4.30,-0.20,-0.09,0.10,-38.44,-15.38,-13.12,4.19,-2.43,9.89,-0.01,0.01,0.02,-7.49,-5.46,2.73,-0.23,0.30,0.35,3.60,5.20,8.03,0.80,0.35,0.08,0.00,0.00,0.00,0.00,0.00,0.00,-1.88,0.52,9.19,0.28,0.16,0.22
18.851331,9.09,2.04,4.37,-0.19,0.02,0.04,-38.44,-15.38,-13.12,4.00,-2.51,9.74,-0.03,0.11,-0.05,-7.75,-5.36,2.93,-0.17,0.39,0.29,3.80,5.32,8.01,0.86,0.35,-0.05,0.00,0.00,0.00,0.00,0.00,0.00,-1.86,0.61,9.10,0.21,0.27,0.08
18.851373,9.13,1.54,4.37,-0.31,-0.01,0.11,-38.44,-15.38,-13.12,4.12,-2.54,9.72,-0.04,0.14,-0.08,-8.13,-5.28,3.03,-0.14,0.37,0.16,3.97,5.56,8.05,0.80,0.32,-0.05,0.00,0.00,0.00,0.00,0.00,0.00,-1.99,1.00,9.37,0.12,0.31,0.02
18.851387,9.05,1.38,4.49,-0.12,-0.17,0.09,-38.06,-16.44,-12.44,3.93,-2.38,9.87,-0.05,0.08,-0.06,-7.96,-5.24,2.84,-0.12,0.30,0.04,3.74,5.83,7.70,0.71,0.25,0.02,0.00,0.00,0.00,0.00,0.00,0.00,-2.21,0.67,8.85,0.04,0.30,-0.04
18.8514,9.13,1.50,4.41,-0.12,-0.17,0.09,-39.12,-14.25,-13.88,3.63,-2.36,9.78,-0.05,0.01,-0.09,-7.82,-5.23,2.70,-0.08,0.24,-0.02,3.62,5.91,7.65,0.73,0.18,0.08,0.00,0.00,0.00,0.00,0.00,0.00,-2.15,0.45,8.52,0.10,0.24,-0.05
18.851411,9.09,1.42,4.30,-0.12,-0.17,0.09,-38.75,-15.38,-13.12,4.09,-2.51,9.53,-0.01,-0.01,-0.08,-7.71,-5.09,2.82,-0.03,0.19,-0.07,3.68,5.31,7.48,0.59,0.15,0.06,0.00,0.00,0.00,0.00,0.00,0.00,-2.17,0.86,8.89,0.12,0.18,-0.04
18.851426,8.89,1.31,4.34,-0.15,-0.18,0.03,-38.75,-15.38,-13.12,4.24,-2.55,9.34,0.02,0.04,-0.02,-7.92,-5.06,2.75,-0.03,0.15,-0.12,3.69,5.29,7.62,0.27,0.12,0.00,0.00,0.00,0.00,0.00,0.00,0.00,-1.92,0.85,8.77,0.03,0.13,-0.05
18.851443,8.75,1.42,4.07,-0.09,-0.29,0.03,-38.88,-14.00,-11.12,4.19,-2.43,9.33,-0.03,0.14,0.01,-7.40,-4.92,2.85,-0.06,0.09,-0.15,3.58,4.93,7.07,-0.15,0.01,-0.01,0.00,0.00,0.00,0.00,0.00,0.00,-2.28,0.78,8.47,-0.02,0.06,-0.07
18.851458,8.82,1.38,3.80,-0.09,-0.29,0.03,-40.00,-14.19,-13.56,3.98,-2.56,9.11,-0.09,0.36,-0.00,-6.83,-4.74,2.90,-0.16,0.06,0.05,3.55,4.40,6.78,-0.50,-0.10,-0.04,0.00,0.00,0.00,0.00,0.00,0.00,-2.15,0.39,8.15,-0.06,-0.10,-0.09
18.851469,8.82,1.38,3.80,-0.09,-0.29,0.03,-40.00,-14.19,-13.56,3.62,-3.09,8.52,-0.13,0.43,0.01,-6.79,-4.68,3.02,-0.27,-0.00,0.32,3.73,4.26,7.13,-0.76,-0.21,-0.06,0.00,0.00,0.00,0.00,0.00,0.00,-1.50,-0.04,8.01,-0.08,-0.21,-0.04
18.851482,8.74,1.19,3.38,0.18,-0.13,-0.06,-40.00,-14.19,-13.56,3.92,-3.10,8.73,-0.12,0.27,0.06,-7.21,-4.82,3.07,-0.35,-0.05,0.40,3.84,4.16,7.40,-1.12,-0.27,-0.03,0.00,0.00,0.00,0.00,0.00,0.00,-1.57,0.25,8.17,-0.05,-0.32,0.11
18.851492,8.89,1.31,3.30,0.31,-0.18,-0.03,-40.00,-14.19,-13.56,3.98,-3.11,8.79,-0.11,0.27,0.23,-7.91,-5.17,2.62,-0.36,-0.07,0.25,3.61,4.67,7.81,-1.38,-0.41,-0.04,0.00,0.00,0.00,0.00,0.00,0.00,-1.13,0.45,8.60,-0.10,-0.36,0.17
18.851507,8.89,1.77,3.34,0.30,-0.19,0.04,-40.00,-14.19,-13.56,3.53,-2.89,9.17,-0.08,0.28,0.26,-7.20,-5.23,2.32,-0.23,-0.16,0.00,3.27,4.61,7.62,-1.40,-0.76,-0.12,0.00,0.00,0.00,0.00,0.00,0.00,-1.68,0.26,8.76,-0.19,-0.20,0.09
18.851518,9.21,2.00,3.45,0.30,-0.19,0.04,-40.00,-14.75,-12.50,3.08,-3.18,8.85,0.01,0.31,0.20,-6.63,-5.00,2.53,-0.11,-0.14,-0.06,3.59,4.30,7.80,-1.18,-0.68,-0.23,0.00,0.00,0.00,0.00,0.00,0.00,-1.60,-0.28,8.34,-0.22,-0.12,-0.01
18.851529,9.55,1.42,3.38,0.30,-0.19,0.04,-39.69,-14.88,-11.06,2.87,-3.17,9.00,0.10,0.23,0.13,-7.10,-5.02,2.92,-0.12,-0.13,0.04,4.07,4.22,8.22,-0.95,-0.54,-0.21,0.00,0.00,0.00,0.00,0.00,0.00,-1.68,-0.04,8.43,-0.15,-0.13,-0.02
18.853945,9.20,1.19,3.53,0.30,-0.19,0.04,-40.06,-13.38,-11.50,3.17,-3.02,9.45,0.17,0.01,0.12,-8.16,-5.30,3.03,-0.12,-0.19,-0.07,4.35,4.59,8.79,-0.87,-0.35,-0.11,0.00,0.00,0.00,0.00,0.00,0.00,-1.48,0.37,8.78,-0.07,-0.19,0.09
18.853991,9.20,1.31,3.72,0.23,0.01,-0.05,-40.06,-13.38,-11.50,3.63,-2.76,10.04,0.14,-0.01,0.13,-8.52,-5.53,2.65,-0.07,-0.31,-0.36,4.21,4.59,9.30,-0.98,-0.23,-0.06,0.00,0.00,0.00,0.00,0.00,0.00,-1.72,0.45,8.94,-0.06,-0.26,0.10
18.854004,9.35,1.88,3.80,0.23,0.01,-0.05,-40.12,-17.38,-9.88,3.69,-2.62,10.30,0.11,0.11,0.10,-7.26,-5.32,2.56,0.00,-0.24,-0.56,3.99,4.35,8.60,-1.07,-0.00,-0.17,0.00,0.00,0.00,0.00,0.00,0.00,-1.73,0.28,9.04,-0.05,-0.22,0.03
18.854017,9.55,2.00,3.88,0.23,0.01,-0.05,-40.00,-14.44,-10.38,3.43,-2.90,9.83,0.11,0.26,0.04,-6.92,-5.36,2.67,0.05,-0.07,-0.52,3.89,4.01,8.44,-1.02,0.15,-0.30,0.00,0.00,0.00,0.00,0.00,0.00,-2.06,0.15,9.04,-0.14,-0.23,-0.18
18.854029,9.27,1.15,3.88,-0.17,0.17,0.01,-40.00,-14.44,-10.38,3.39,-2.82,9.96,0.12,0.31,0.00,-7.93,-5.60,3.13,0.10,0.04,-0.50,4.26,4.13,9.03,-0.95,0.24,-0.31,0.00,0.00,0.00,0.00,0.00,0.00,-1.56,0.68,9.43,-0.20,-0.21,-0.27
18.859256,9.13,1.12,3.99,-0.17,0.17,0.01,-40.00,-14.44,-10.38,3.47,-2.68,10.10,0.10,0.23,0.06,-8.10,-5.55,3.34,0.13,-0.06,-0.64,4.52,4.18,9.30,-1.01,0.29,-0.15,0.00,0.00,0.00,0.00,0.00,0.00,-1.84,1.05,9.69,-0.37,-0.25,-0.31
18.877157,9.25,1.38,4.14,0.03,0.06,0.01,-40.00,-14.44,-10.38,3.47,-2.65,10.13,0.07,0.19,0.12,-8.28,-5.74,3.02,0.18,-0.17,-0.84,4.14,4.01,9.57,-1.13,0.35,-0.04,0.00,0.00,0.00,0.00,0.00,0.00,-1.63,0.62,9.33,-0.50,-0.31,-0.38
18.898772,9.51,1.69,3.99,0.08,-0.04,0.02,-40.00,-14.44,-10.38,3.29,-2.62,10.21,0.07,0.22,0.12,-7.38,-5.76,2.95,0.29,-0.24,-1.05,3.85,3.81,9.21,-1.27,0.39,-0.01,0.00,0.00,0.00,0.00,0.00,0.00,-1.31,0.13,9.01,-0.50,-0.33,-0.46
18.923244,9.51,1.84,4.18,-0.17,0.06,0.09,-40.00,-14.44,-10.38,2.78,-2.58,10.04,0.08,0.24,-0.00,-6.08,-5.50,3.11,0.26,-0.03,-0.84,3.43,3.29,7.94,-1.01,0.41,-0.13,0.00,0.00,0.00,0.00,0.00,0.00,-1.13,-0.13,9.04,-0.45,-0.23,-0.55
18.940788,9.51,1.54,4.07,-0.17,0.06,0.09,-39.44,-13.88,-12.19,2.63,-2.68,9.77,0.11,0.19,-0.11,-6.49,-5.66,3.25,0.24,0.05,-0.65,3.57,3.17,8.39,-0.75,0.30,-0.18,0.00,0.00,0.00,0.00,0.00,0.00,-0.84,-0.19,8.84,-0.38,-0.14,-0.54
19.361383,9.13,1.04,3.91,-0.17,0.06,0.09,-39.44,-13.88,-12.19,2.68,-2.32,10.22,0.09,0.01,-0.15,-6.56,-5.63,3.41,0.21,-0.01,-0.51,3.78,3.29,8.39,-0.43,0.10,-0.12,0.00,0.00,0.00,0.00,0.00,0.00,-0.24,0.03,9.01,-0.22,-0.03,-0.33
19.361413,8.74,1.15,4.07,-0.09,0.20,0.03,-39.44,-13.88,-12.19,2.77,-2.11,10.51,0.00,-0.19,-0.14,-6.60,-5.74,3.22,0.14,-0.05,-0.42,3.54,3.41,8.36,-0.03,-0.08,-0.06,0.00,0.00,0.00,0.00,0.00,0.00,0.32,-0.17,8.87,0.02,0.26,0.02
19.361427,8.97,1.38,4.14,0.02,0.09,0.01,-39.44,-13.88,-12.19,2.29,-2.12,10.20,-0.05,-0.34,-0.20,-6.54,-5.78,3.09,0.18,-0.10,-0.50,3.45,3.48,8.32,0.54,-0.36,-0.05,0.00,0.00,0.00,0.00,0.00,0.00,0.52,-0.27,8.59,0.38,0.66,0.42
19.36144,9.05,1.23,4.11,-0.09,0.26,0.06,-38.81,-14.50,-11.44,2.75,-2.36,9.54,-0.01,-0.56,-0.37,-6.43,-5.80,3.51,0.27,-0.23,-0.58,3.88,3.60,8.46,1.02,-0.32,0.02,0.00,0.00,0.00,0.00,0.00,0.00,-1.47,0.41,8.35,0.67,0.84,0.75
19.361453,8.82,1.08,4.56,-0.09,0.26,0.06,-38.81,-14.50,-11.44,4.05,-2.38,9.69,0.01,-0.60,-0.32,-6.23,-5.76,3.68,0.25,-0.19,-0.39,4.17,3.65,8.54,1.06,-0.09,0.11,0.00,0.00,0.00,0.00,0.00,0.00,-2.50,0.73,8.15,0.75,0.51,0.80
19.361464,9.05,1.27,4.60,0.11,-0.06,0.01,-38.81,-14.50,-11.44,4.08,-2.33,9.77,-0.01,-0.40,-0.20,-6.31,-5.90,3.42,0.08,0.03,-0.10,3.82,3.71,8.50,0.84,0.13,0.07,0.00,0.00,0.00,0.00,0.00,0.00,-2.21,0.91,8.58,0.79,0.21,0.74
19.361476,9.24,1.23,4.37,-0.03,-0.12,0.03,-38.81,-14.50,-11.44,3.71,-2.29,9.92,-0.02,-0.24,-0.17,-6.28,-5.88,3.36,-0.10,0.22,0.22,3.76,4.09,8.42,0.68,0.31,0.01,0.00,0.00,0.00,0.00,0.00,0.00,-2.19,1.14,8.89,0.75,0.07,0.58
19.3615,9.24,1.23,4.34,-0.07,-0.12,0.02,-38.81,-14.50,-11.44,3.53,-2.35,9.84,-0.00,-0.24,-0.22,-6.21,-5.78,3.51,-0.21,0.28,0.47,3.82,4.24,8.37,0.76,0.33,0.05,0.00,0.00,0.00,0.00,0.00,0.00,-2.21,1.38,9.22,0.65,0.03,0.45
19.361514,9.35,1.19,4.26,-0.06,-0.10,-0.03,-38.81,-14.50,-11.44,3.94,-2.55,9.76,-0.00,-0.25,-0.19,-6.71,-5.81,3.54,-0.34,0.32,0.70,3.91,4.23,8.61,0.91,0.37,0.16,0.00,0.00,0.00,0.00,0.00,0.00,-1.83,1.69,9.69,0.44,0.04,0.32
19.361524,9.39,1.27,4.11,-0.02,-0.07,-0.02,-38.81,-14.50,-11.44,4.41,-2.61,9.81,-0.01,-0.18,-0.11,-6.88,-5.76,3.35,-0.47,0.36,0.82,3.71,4.31,8.48,1.02,0.42,0.21,0.00,0.00,0.00,0.00,0.00,0.00,-1.62,1.58,9.56,0.23,0.17,0.18
19.361536,9.39,1.65,4.26,-0.16,-0.02,0.09,-39.50,-13.31,-12.56,4.11,-2.37,10.03,-0.02,-0.06,-0.07,-7.31,-5.87,2.90,-0.51,0.43,0.80,3.52,4.74,8.61,1.08,0.43,0.15,0.00,0.00,0.00,0.00,0.00,0.00,-1.66,1.40,9.19,0.09,0.31,0.03
19.361547,9.32,1.54,4.22,-0.16,-0.02,0.09,-39.50,-13.31,-12.56,4.05,-2.42,9.88,-0.01,0.03,-0.08,-7.29,-5.80,2.92,-0.45,0.46,0.72,3.40,4.85,8.38,1.14,0.38,0.13,0.00,0.00,0.00,0.00,0.00,0.00,-1.75,1.24,8.93,0.08,0.38,-0.05
19.361558,9.35,1.42,4.14,-0.25,-0.01,0.10,-39.50,-13.31,-12.56,3.79,-2.50,9.64,0.02,0.02,-0.14,-7.47,-5.69,2.91,-0.36,0.43,0.62,3.42,4.87,8.35,1.15,0.31,0.12,0.00,0.00,0.00,0.00,0.00,0.00,-1.78,1.19,8.81,0.10,0.38,-0.09
19.361569,9.35,1.23,4.14,-0.26,0.03,0.09,-40.94,-13.62,-12.88,4.05,-2.61,9.51,0.07,0.00,-0.18,-7.62,-5.50,2.99,-0.29,0.40,0.51,3.60,4.95,8.14,1.12,0.21,0.12,0.00,0.00,0.00,0.00,0.00,0.00,-1.62,1.28,8.74,0.14,0.34,-0.07
19.363642,9.25,1.19,4.18,-0.12,0.06,0.11,-40.94,-13.62,-12.88,4.08,-2.59,9.43,0.13,-0.02,-0.15,-7.96,-5.47,2.90,-0.27,0.34,0.40,3.66,5.29,8.26,1.12,0.18,0.14,0.00,0.00,0.00,0.00,0.00,0.00,-1.68,1.64,9.07,0.12,0.33,-0.03
19.363662,9.17,1.19,4.18,-0.12,0.06,0.11,-40.19,-11.75,-13.31,4.18,-2.41,9.67,0.20,-0.11,-0.08,-7.81,-5.41,2.74,-0.26,0.29,0.27,3.72,5.67,8.00,1.10,0.19,0.18,0.00,0.00,0.00,0.00,0.00,0.00,-1.85,1.58,8.81,0.08,0.32,-0.01
19.363675,9.05,1.23,4.30,-0.08,0.02,0.12,-40.19,-11.75,-13.31,4.01,-2.28,9.61,0.38,-0.19,0.01,-8.01,-5.59,2.33,-0.21,0.29,0.14,3.42,5.81,8.10,1.05,0.21,0.08,0.00,0.00,0.00,0.00,0.00,0.00,-1.99,1.53,8.75,0.08,0.33,-0.05
19.363687,9.24,1.31,4.30,-0.30,-0.07,0.16,-40.12,-12.81,-12.19,4.17,-1.95,10.01,0.31,0.00,-0.01,-7.63,-5.43,2.35,-0.14,0.34,0.04,3.20,5.29,7.70,0.79,0.22,-0.07,0.00,0.00,0.00,0.00,0.00,0.00,-2.18,1.33,8.40,0.14,0.36,-0.13
19.3637,9.24,0.93,4.18,-0.30,-0.07,0.16,-41.31,-11.06,-14.00,3.74,-2.10,9.62,0.24,0.11,-0.10,-7.59,-5.32,2.37,-0.09,0.34,0.04,3.22,5.62,7.55,0.69,0.16,-0.11,0.00,0.00,0.00,0.00,0.00,0.00,-2.30,1.51,8.57,0.21,0.31,-0.14
19.368496,9.16,0.70,4.14,-0.28,-0.02,0.09,-41.31,-11.06,-14.00,3.51,-2.17,9.36,0.23,-0.01,-0.16,-7.75,-5.30,2.31,-0.03,0.28,0.01,3.21,5.83,7.53,0.62,0.14,-0.08,0.00,0.00,0.00,0.00,0.00,0.00,-2.53,1.81,8.84,0.12,0.26,-0.15
19.385744,9.17,0.70,4.11,-0.28,-0.02,0.09,-41.62,-11.06,-14.75,3.95,-2.11,9.54,0.20,-0.08,-0.16,-7.94,-5.27,2.40,0.01,0.20,-0.08,3.31,5.86,7.49,0.46,0.10,-0.05,0.00,0.00,0.00,0.00,0.00,0.00,-2.31,1.92,8.79,0.02,0.20,-0.13
19.409298,8.97,0.77,4.14,-0.04,-0.06,0.05,-40.81,-10.81,-13.00,3.91,-1.95,9.36,0.21,-0.13,-0.07,-7.77,-5.31,2.25,0.01,0.09,-0.12,3.28,6.40,7.19,0.43,0.05,0.05,0.00,0.00,0.00,0.00,0.00,0.00,-2.39,1.93,8.65,-0.06,0.21,-0.10
19.430874,8.89,1.19,4.22,-0.01,-0.12,0.05,-40.81,-10.81,-13.00,3.98,-1.63,9.78,0.21,-0.23,-0.06,-7.70,-5.45,1.87,0.06,0.08,-0.21,2.89,6.26,7.29,0.36,0.00,0.01,0.00,0.00,0.00,0.00,0.00,0.00,-2.61,1.68,8.36,-0.10,0.22,-0.18
19.452468,8.93,1.15,4.11,-0.19,-0.19,0.06,-40.81,-10.81,-13.00,3.73,-1.63,9.82,0.11,-0.01,-0.09,-7.36,-5.36,1.95,0.12,0.15,-0.26,2.80,5.83,7.22,0.12,-0.04,-0.10,0.00,0.00,0.00,0.00,0.00,0.00,-2.60,1.31,8.11,-0.09,0.18,-0.23
19.869456,9.21,0.70,3.76,-0.18,-0.09,-0.01,-40.81,-10.81,-13.00,3.64,-2.11,9.07,0.08,0.05,-0.15,-7.17,-5.17,2.41,0.14,0.11,-0.22,3.12,5.48,7.12,-0.03,-0.09,-0.12,0.00,0.00,0.00,0.00,0.00,0.00,-2.38,1.20,8.16,-0.06,0.10,-0.20
19.870633,9.16,0.46,3.64,-0.18,-0.09,-0.01,-40.81,-10.81,-13.00,3.98,-2.26,9.15,0.08,-0.03,-0.11,-7.17,-5.06,2.78,0.04,0.02,-0.11,3.44,5.18,7.13,-0.11,-0.09,0.01,0.00,0.00,0.00,0.00,0.00,0.00,-2.22,1.30,8.15,-0.06,0.03,-0.08
19.870657,8.97,0.58,3.72,0.06,-0.03,-0.05,-40.81,-10.81,-13.00,4.21,-2.03,9.41,0.04,0.03,-0.05,-7.42,-5.25,2.65,-0.11,-0.09,0.01,3.39,5.59,7.27,-0.33,-0.07,0.14,0.00,0.00,0.00,0.00,0.00,0.00,-2.24,1.48,8.28,-0.05,-0.08,0.01
19.87067,8.89,0.96,3.95,0.15,-0.13,-0.03,-40.81,-10.81,-13.00,4.11,-1.65,9.95,-0.05,0.12,-0.04,-7.54,-5.54,2.27,-0.16,-0.11,-0.05,3.14,5.83,7.39,-0.61,-0.06,0.11,0.00,0.00,0.00,0.00,0.00,0.00,-2.39,1.55,8.49,-0.11,-0.07,-0.01
19.870687,9.01,1.15,3.80,0.15,-0.13,-0.03,-40.75,-11.69,-12.62,3.79,-1.90,9.62,-0.11,0.28,-0.09,-6.86,-5.43,2.04,-0.14,-0.03,-0.05,2.90,5.58,7.09,-0.72,-0.14,-0.03,0.00,0.00,0.00,0.00,0.00,0.00,-2.38,0.93,8.22,-0.10,-0.05,-0.07
19.8707,9.67,0.96,3.64,0.15,-0.13,-0.03,-40.75,-11.69,-12.62,3.10,-2.43,8.98,-0.05,0.22,-0.17,-6.54,-5.36,2.11,-0.07,0.03,0.06,2.84,5.25,7.16,-0.51,-0.22,-0.09,0.00,0.00,0.00,0.00,0.00,0.00,-2.65,0.59,8.19,-0.03,-0.05,-0.06
19.870715,9.89,0.46,3.57,-0.12,0.06,-0.03,-40.75,-11.69,-12.62,2.91,-2.52,8.97,0.04,-0.03,-0.23,-6.88,-5.40,2.19,0.02,0.02,0.20,3.06,5.37,7.50,-0.18,-0.26,-0.03,0.00,0.00,0.00,0.00,0.00,0.00,-2.47,0.81,8.34,0.03,-0.13,-0.00
19.870797,9.63,0.54,3.49,0.04,0.29,-0.20,-40.75,-11.69,-12.62,3.99,-2.43,9.28,0.10,-0.23,-0.16,-7.52,-5.33,2.69,0.05,-0.05,0.23,3.75,5.76,7.72,0.05,-0.21,0.09,0.00,0.00,0.00,0.00,0.00,0.00,-1.90,1.58,8.85,0.04,-0.16,0.13
19.870809,9.09,1.54,4.03,0.34,0.19,-0.12,-40.75,-11.69,-12.62,4.32,-1.73,10.00,0.11,-0.35,-0.01,-7.71,-5.57,2.29,0.06,-0.04,0.08,3.56,6.34,7.78,0.16,-0.07,0.11,0.00,0.00,0.00,0.00,0.00,0.00,-1.99,1.66,8.86,-0.03,-0.06,0.17
19.870822,9.17,1.73,4.22,0.03,0.10,0.01,-40.75,-11.69,-12.62,4.50,-1.39,10.34,0.02,-0.11,-0.04,-7.47,-5.61,2.19,0.10,0.07,-0.06,3.26,6.02,7.50,0.13,0.01,-0.02,0.00,0.00,0.00,0.00,0.00,0.00,-2.43,1.56,8.60,-0.04,0.05,0.04
19.870835,9.09,1.23,4.22,-0.25,-0.02,0.06,-40.75,-11.69,-12.62,4.16,-1.47,10.18,-0.09,0.21,-0.14,-7.57,-5.48,2.43,0.12,0.08,-0.09,3.39,5.84,7.39,-0.02,-0.03,-0.07,0.00,0.00,0.00,0.00,0.00,0.00,-2.54,1.95,9.07,-0.10,0.06,-0.10
19.870844,9.09,0.81,4.07,-0.25,-0.02,0.06,-39.81,-12.69,-14.31,3.97,-1.54,10.28,-0.24,0.33,-0.16,-7.55,-5.22,2.55,0.10,0.02,-0.05,3.51,5.48,7.22,-0.18,-0.06,-0.05,0.00,0.00,0.00,0.00,0.00,0.00,-2.52,2.05,9.30,-0.32,0.02,-0.15
19.870854,9.24,0.66,4.07,-0.17,-0.09,0.01,-39.81,-12.69,-14.31,3.96,-1.98,9.94,-0.39,0.44,-0.10,-7.38,-5.14,2.58,0.08,0.01,0.05,3.52,5.40,7.20,-0.31,-0.13,-0.06,0.00,0.00,0.00,0.00,0.00,0.00,-2.35,1.47,8.91,-0.50,-0.00,-0.15
19.870865,9.62,0.70,3.95,0.18,0.05,-0.14,-39.81,-12.69,-14.31,3.68,-2.32,9.43,-0.50,0.62,-0.01,-7.05,-5.07,2.53,0.13,0.04,0.19,3.43,5.37,7.16,-0.14,-0.20,-0.03,0.00,0.00,0.00,0.00,0.00,0.00,-2.13,0.42,7.86,-0.40,-0.07,-0.02
19.872948,9.51,1.00,3.88,0.18,0.05,-0.14,-40.50,-10.88,-12.31,3.17,-1.76,10.44,-0.66,0.67,-0.15,-7.27,-5.23,2.35,0.15,0.05,0.28,3.36,5.68,7.55,0.07,-0.21,0.02,0.00,0.00,0.00,0.00,0.00,0.00,-2.36,0.90,8.54,-0.22,-0.14,0.09
19.872984,9.31,1.08,3.76,0.18,0.05,-0.14,-40.44,-12.19,-13.31,3.51,-1.66,10.72,-1.02,0.77,-0.25,-7.84,-5.34,2.42,0.12,0.07,0.24,3.73,6.20,7.88,0.14,-0.07,0.04,0.00,0.00,0.00,0.00,0.00,0.00,-2.08,1.79,9.36,-0.39,-0.09,0.02
19.873006,8.86,1.15,3.88,0.18,0.05,-0.14,-40.44,-12.06,-15.06,3.69,-1.66,10.68,-1.46,0.84,-0.45,-7.81,-5.31,2.38,0.09,0.13,0.09,3.61,6.13,7.36,0.09,-0.01,0.03,0.00,0.00,0.00,0.00,0.00,0.00,-1.97,1.52,9.08,-0.52,0.04,-0.07
19.873019,9.55,1.19,4.14,0.18,0.05,-0.14,-40.44,-12.06,-15.06,2.76,-3.15,8.92,-1.39,1.03,-0.59,-7.56,-5.14,2.47,0.18,0.27,-0.01,3.55,5.86,7.49,0.12,-0.02,-0.02,0.00,0.00,0.00,0.00,0.00,0.00,-2.14,1.11,9.08,-0.59,0.16,-0.18
19.873031,9.55,0.93,4.07,0.03,0.03,0.10,-40.44,-12.06,-15.06,2.61,-3.27,8.94,-1.08,0.87,-0.67,-7.71,-5.15,2.41,0.17,0.28,-0.01,3.52,5.96,7.72,0.15,-0.02,0.04,0.00,0.00,0.00,0.00,0.00,0.00,-2.66,1.20,9.35,-0.75,0.18,-0.25
19.875578,9.13,1.31,4.14,0.13,0.15,0.02,-40.44,-12.06,-15.06,3.45,-2.94,9.93,-0.97,0.65,-0.68,-8.06,-5.30,2.29,0.14,0.23,-0.04,3.60,6.32,7.81,0.10,0.02,0.09,0.00,0.00,0.00,0.00,0.00,0.00,-3.06,1.36,9.36,-1.01,0.15,-0.44
19.892713,8.97,1.27,4.37,0.05,0.05,-0.05,-40.44,-12.06,-15.06,3.80,-3.42,9.77,-0.81,0.65,-0.57,-8.29,-5.25,2.39,0.09,0.16,-0.11,3.81,6.51,7.75,-0.03,0.10,0.06,0.00,0.00,0.00,0.00,0.00,0.00,-2.08,0.67,8.63,-1.11,0.12,-0.57
19.916751,9.62,1.23,4.49,-0.05,-0.11,0.00,-39.94,-10.88,-12.69,3.85,-4.14,9.06,-0.48,0.38,-0.34,-7.85,-4.95,2.55,0.04,0.11,-0.18,3.87,5.97,7.46,-0.06,0.14,-0.01,0.00,0.00,0.00,0.00,0.00,0.00,-1.71,-0.01,8.52,-0.89,0.18,-0.46
19.936096,9.74,1.19,4.34,-0.05,-0.11,0.00,-39.94,-10.88,-12.69,3.41,-3.71,9.69,-0.25,0.26,-0.17,-7.85,-4.97,2.53,-0.02,0.11,-0.16,3.85,6.09,7.61,0.02,0.20,-0.03,0.00,0.00,0.00,0.00,0.00,0.00,-1.89,0.06,8.81,-0.78,0.22,-0.36
19.958675,9.05,1.27,4.18,0.01,0.07,0.09,-39.94,-10.88,-12.69,3.85,-2.95,10.93,-0.31,0.25,0.02,-8.04,-5.25,2.26,-0.05,0.12,-0.22,3.61,6.35,7.61,-0.02,0.33,-0.09,0.00,0.00,0.00,0.00,0.00,0.00,-3.00,0.84,9.73,-0.91,0.26,-0.44
20.382791,9.01,1.57,4.26,-0.21,-0.18,0.11,-39.94,-10.88,-12.69,3.12,-3.17,10.22,-0.49,0.46,0.01,-7.65,-5.14,2.30,-0.07,0.15,-0.27,3.40,5.91,7.17,-0.16,0.29,-0.18,0.00,0.00,0.00,0.00,0.00,0.00,-3.58,1.43,11.04,-1.63,0.41,-1.01
20.382818,9.28,1.08,4.18,-0.21,-0.18,0.11,-40.88,-9.75,-13.75,2.28,-3.77,9.36,-0.52,0.48,-0.04,-7.42,-4.99,2.40,-0.12,0.17,-0.21,3.34,5.49,7.17,-0.23,0.21,-0.16,0.00,0.00,0.00,0.00,0.00,0.00,-3.64,1.33,11.17,-2.63,0.66,-1.80
20.382831,9.47,0.77,4.11,-0.21,-0.18,0.11,-40.88,-10.19,-14.06,2.14,-3.87,9.62,-0.47,0.33,-0.10,-7.63,-5.13,2.30,-0.15,0.14,-0.10,3.36,5.79,7.40,-0.24,0.15,-0.10,0.00,0.00,0.00,0.00,0.00,0.00,-2.38,-1.14,7.64,-3.09,0.81,-2.22
20.382841,9.35,0.93,4.11,0.01,-0.04,0.02,-40.88,-10.19,-14.06,2.21,-3.41,10.31,-0.51,0.32,-0.13,-7.85,-5.20,2.32,-0.15,0.09,-0.10,3.41,5.93,7.68,-0.25,0.19,-0.03,0.00,0.00,0.00,0.00,0.00,0.00,-3.08,-1.19,8.25,-2.94,0.69,-2.18
20.382852,9.16,1.23,3.91,0.06,-0.13,0.03,-40.75,-12.12,-14.38,3.05,-4.11,9.45,-0.62,0.38,-0.12,-7.35,-5.21,2.25,-0.20,0.05,-0.13,3.19,5.53,7.11,-0.37,0.19,-0.03,0.00,0.00,0.00,0.00,0.00,0.00,-3.42,-0.62,9.36,-3.36,0.86,-2.82
20.382863,9.51,1.42,4.22,-0.04,-0.16,0.11,-40.75,-12.12,-14.38,2.90,-4.75,8.78,-0.50,0.41,-0.03,-6.83,-5.16,1.98,-0.19,0.07,0.07,2.74,5.08,6.70,-0.33,0.02,-0.23,0.00,0.00,0.00,0.00,0.00,0.00,-0.79,-3.73,5.97,-3.33,0.78,-2.77
20.382874,9.82,0.62,4.03,-0.21,-0.00,0.04,-40.75,-12.12,-14.38,1.87,-4.36,8.99,-0.25,0.39,0.01,-7.40,-5.16,2.29,-0.16,0.04,0.26,3.00,5.50,7.44,-0.16,-0.10,-0.25,0.00,0.00,0.00,0.00,0.00,0.00,-2.14,-4.71,5.29,-2.81,0.59,-2.40
20.382887,8.93,0.96,4.11,-0.04,0.14,-0.04,-40.75,-12.12,-14.38,2.14,-4.13,9.54,-0.20,0.19,-0.01,-8.24,-5.26,2.29,-0.08,-0.05,0.18,3.39,6.26,8.05,-0.12,-0.15,-0.07,0.00,0.00,0.00,0.00,0.00,0.00,-1.77,-5.04,5.76,-2.38,0.13,-2.12
20.382899,9.12,1.15,4.11,0.01,-0.05,-0.05,-40.75,-12.12,-14.38,2.54,-3.86,10.30,-0.32,0.12,-0.06,-8.19,-5.34,2.03,-0.06,-0.06,-0.03,3.39,6.47,8.07,-0.16,-0.05,0.01,0.00,0.00,0.00,0.00,0.00,0.00,-0.64,-5.30,6.39,-2.02,0.11,-1.75
20.382909,9.21,1.46,4.37,-0.01,-0.16,0.06,-40.75,-12.12,-14.38,2.49,-4.23,9.88,-0.35,0.26,-0.07,-7.37,-5.20,1.79,0.02,0.09,-0.16,2.84,5.81,7.26,-0.13,0.04,-0.17,0.00,0.00,0.00,0.00,0.00,0.00,-0.83,-6.13,5.67,-1.84,0.19,-1.56
20.38292,9.93,0.58,4.14,-0.31,0.07,0.11,-40.75,-12.12,-14.38,1.29,-4.59,8.80,-0.18,0.38,-0.22,-7.36,-4.93,2.23,0.12,0.21,-0.04,3.08,5.44,7.49,0.03,-0.10,-0.28,0.00,0.00,0.00,0.00,0.00,0.00,-1.04,-6.97,5.09,-1.49,0.16,-1.33
20.38293,9.20,0.12,3.88,-0.31,0.07,0.11,-40.75,-12.12,-14.38,1.25,-4.41,8.85,-0.06,0.08,-0.41,-8.06,-4.85,2.67,0.11,0.09,0.07,3.63,5.72,7.83,0.07,-0.18,-0.07,0.00,0.00,0.00,0.00,0.00,0.00,-1.85,-6.96,5.19,-1.24,-0.04,-1.17
20.38294,9.16,0.04,3.91,0.08,0.15,-0.07,-40.75,-12.12,-14.38,2.46,-4.48,9.36,-0.09,-0.21,-0.42,-8.43,-4.87,2.88,-0.02,-0.14,0.08,3.99,6.01,8.00,0.03,-0.15,0.29,0.00,0.00,0.00,0.00,0.00,0.00,-1.02,-6.97,5.41,-0.93,-0.28,-0.95
20.382951,9.01,0.77,4.11,0.52,0.03,-0.11,-40.75,-12.12,-14.38,3.22,-4.16,10.26,-0.11,-0.26,-0.27,-7.78,-5.35,1.84,-0.12,-0.21,-0.00,3.04,6.28,7.71,-0.06,-0.05,0.36,0.00,0.00,0.00,0.00,0.00,0.00,0.42,-6.97,5.52,-0.72,-0.27,-0.71
20.426423,9.51,2.23,4.18,-0.22,-0.10,0.15,-40.75,-12.12,-14.38,2.73,-4.19,9.96,-0.09,0.10,-0.26,-7.11,-5.31,1.60,-0.04,0.07,-0.06,2.68,5.75,7.35,-0.08,-0.18,0.03,0.00,0.00,0.00,0.00,0.00,0.00,0.42,-7.41,5.00,-0.53,0.08,-0.43
20.426452,9.36,0.85,3.80,-0.22,-0.10,0.15,-41.75,-9.69,-12.69,2.36,-4.44,9.17,-0.04,0.17,-0.29,-7.75,-5.01,2.47,0.01,0.11,-0.04,3.56,5.60,7.58,-0.07,-0.24,-0.03,0.00,0.00,0.00,0.00,0.00,0.00,-1.30,-7.29,5.06,-0.34,0.07,-0.32
20.426464,9.01,0.12,3.72,0.09,-0.02,-0.04,-41.75,-9.69,-12.69,2.61,-4.49,9.21,-0.02,-0.02,-0.14,-8.29,-4.94,2.87,-0.07,-0.10,-0.06,4.10,5.82,7.86,-0.10,-0.18,0.20,0.00,0.00,0.00,0.00,0.00,0.00,-1.01,-6.87,5.93,-0.27,-0.15,-0.23
20.426475,9.09,1.08,4.11,0.36,-0.16,0.00,-41.50,-9.69,-13.75,2.72,-4.16,10.02,-0.10,-0.11,-0.03,-7.70,-5.25,2.03,-0.13,-0.19,-0.16,3.35,6.01,7.72,-0.16,-0.07,0.25,0.00,0.00,0.00,0.00,0.00,0.00,0.51,-7.42,5.31,-0.18,-0.05,-0.05
20.426485,9.47,1.77,4.22,0.36,-0.16,0.00,-41.94,-11.25,-11.94,2.46,-4.57,9.44,-0.07,0.06,-0.07,-6.92,-5.25,1.74,-0.10,-0.04,-0.14,2.93,5.43,7.48,-0.11,-0.03,0.05,0.00,0.00,0.00,0.00,0.00,0.00,0.70,-7.90,4.60,0.09,0.30,0.20
20.426497,9.93,1.27,3.95,0.36,-0.16,0.00,-41.19,-9.81,-12.00,1.92,-4.52,9.24,0.02,0.09,-0.12,-7.57,-5.26,2.38,-0.06,0.03,-0.06,3.45,5.60,7.75,-0.01,-0.01,0.00,0.00,0.00,0.00,0.00,0.00,0.00,-1.53,-7.17,5.38,0.14,0.30,0.28
20.426509,8.89,0.46,3.61,0.36,-0.16,0.00,-41.38,-11.31,-11.94,2.43,-4.52,9.49,0.02,-0.05,-0.14,-7.77,-5.33,2.43,-0.05,-0.04,-0.13,3.65,5.78,7.93,0.01,0.04,0.12,0.00,0.00,0.00,0.00,0.00,0.00,-1.05,-6.85,5.89,0.16,0.19,0.29
20.435379,9.24,1.04,3.76,0.11,-0.04,-0.01,-41.38,-11.31,-11.94,2.79,-4.32,9.90,-0.06,-0.06,-0.03,-8.03,-5.46,2.32,-0.11,-0.05,-0.23,3.72,6.07,8.22,-0.08,0.23,0.12,0.00,0.00,0.00,0.00,0.00,0.00,-1.38,-6.73,6.05,0.09,0.15,0.24
20.45916,9.36,0.93,4.22,0.11,-0.04,-0.01,-41.44,-9.75,-12.69,3.29,-4.88,9.26,-0.12,0.03,0.13,-7.46,-5.35,2.15,-0.19,-0.03,-0.28,3.21,5.49,8.10,-0.29,0.31,0.10,0.00,0.00,0.00,0.00,0.00,0.00,-0.36,-7.54,5.08,0.16,0.19,0.24
20.484511,9.93,1.04,4.03,0.11,-0.04,-0.01,-42.00,-10.19,-12.31,1.64,-4.39,9.29,-0.04,0.16,0.13,-7.03,-5.47,1.96,-0.17,-0.00,-0.16,2.75,5.26,7.17,-0.35,0.11,0.03,0.00,0.00,0.00,0.00,0.00,0.00,-1.09,-7.34,5.24,0.43,0.36,0.43
20.89329,9.43,0.96,3.72,0.11,-0.04,-0.01,-42.00,-10.19,-12.31,2.51,-4.89,8.84,0.02,0.13,0.07,-7.20,-5.35,2.36,-0.11,-0.04,-0.02,3.10,4.93,7.44,-0.39,-0.10,0.02,0.00,0.00,0.00,0.00,0.00,0.00,-2.31,-7.13,5.24,0.37,0.23,0.28
20.893337,9.51,0.50,3.68,0.07,-0.03,-0.14,-42.50,-11.56,-12.25,2.65,-4.94,8.90,0.09,0.14,0.14,-7.24,-5.27,2.46,-0.21,-0.10,0.16,3.28,4.71,7.78,-0.54,-0.26,0.04,0.00,0.00,0.00,0.00,0.00,0.00,-0.82,-7.54,4.52,0.60,0.10,0.30
20.893351,9.35,0.96,3.80,0.07,-0.03,-0.14,-41.69,-10.81,-11.56,2.72,-5.02,8.78,0.29,0.17,0.33,-7.58,-5.26,2.52,-0.36,-0.16,0.26,3.54,4.87,8.15,-0.75,-0.38,0.03,0.00,0.00,0.00,0.00,0.00,0.00,-2.14,-6.00,6.77,0.68,-0.02,0.34
20.893363,9.28,0.93,3.57,0.07,-0.03,-0.14,-41.69,-10.81,-11.56,3.45,-5.09,8.87,0.47,0.09,0.57,-7.67,-5.29,2.28,-0.44,-0.18,0.18,3.56,4.96,8.02,-0.92,-0.49,0.04,0.00,0.00,0.00,0.00,0.00,0.00,-1.04,-6.34,6.27,0.49,-0.15,0.25
20.893374,9.35,1.65,3.57,0.09,-0.04,0.05,-41.69,-10.81,-11.56,2.38,-4.12,9.80,0.46,0.29,0.58,-7.92,-5.65,1.64,-0.37,-0.08,-0.12,3.23,4.96,8.90,-1.37,-0.55,-0.25,0.00,0.00,0.00,0.00,0.00,0.00,-0.52,-6.71,5.49,0.63,-0.11,0.35
20.893386,9.05,1.00,3.49,-0.12,0.05,0.10,-41.69,-10.81,-11.56,1.57,-3.76,9.91,0.36,0.41,0.51,-8.27,-5.78,1.81,-0.17,-0.04,-0.47,3.60,5.09,9.17,-1.84,-0.48,-0.46,0.00,0.00,0.00,0.00,0.00,0.00,-2.19,-5.69,6.92,0.61,-0.13,0.33
20.893398,9.05,0.77,3.64,-0.18,-0.03,0.07,-41.69,-10.81,-11.56,1.53,-3.84,9.83,0.25,0.35,0.43,-7.89,-5.53,2.26,-0.01,-0.12,-0.67,3.92,4.94,8.32,-2.04,-0.37,-0.44,0.00,0.00,0.00,0.00,0.00,0.00,-2.33,-6.06,6.31,0.53,-0.28,0.15
20.893412,9.35,0.73,4.03,-0.04,-0.18,0.01,-41.69,-10.81,-11.56,1.84,-4.28,9.52,0.21,0.28,0.41,-7.16,-5.28,2.53,0.01,-0.21,-0.61,3.95,4.31,7.51,-1.81,-0.37,-0.31,0.00,0.00,0.00,0.00,0.00,0.00,-2.29,-5.95,6.62,0.54,-0.46,-0.00
20.893423,9.86,0.81,3.91,0.12,-0.04,-0.03,-41.69,-10.81,-11.56,1.41,-4.41,9.10,0.35,0.14,0.52,-6.96,-5.33,2.61,-0.07,-0.27,-0.37,3.95,3.80,7.89,-1.32,-0.34,-0.16,0.00,0.00,0.00,0.00,0.00,0.00,-1.46,-6.39,6.10,0.58,-0.66,-0.12
20.893445,9.55,0.96,3.72,0.12,-0.04,-0.03,-41.44,-10.31,-12.00,0.79,-3.71,9.95,0.37,-0.06,0.41,-7.37,-5.75,2.31,-0.06,-0.31,-0.28,3.73,3.98,8.69,-1.06,-0.23,-0.09,0.00,0.00,0.00,0.00,0.00,0.00,-1.39,-5.93,6.69,0.67,-0.75,-0.15
20.893458,9.17,1.19,3.61,0.08,-0.01,-0.12,-41.44,-10.31,-12.00,1.55,-3.54,10.49,0.26,-0.04,0.27,-7.55,-6.00,2.35,0.00,-0.26,-0.35,3.83,4.06,9.20,-1.00,-0.08,-0.09,0.00,0.00,0.00,0.00,0.00,0.00,-0.79,-5.13,7.91,0.51,-0.63,-0.19
20.893472,9.17,1.34,3.68,0.08,-0.01,-0.12,-41.88,-12.12,-11.88,1.52,-3.70,10.33,0.15,0.11,0.19,-6.87,-5.73,2.45,0.02,-0.18,-0.45,3.81,3.75,8.73,-0.96,0.08,-0.14,0.00,0.00,0.00,0.00,0.00,0.00,-0.14,-5.44,7.58,0.35,-0.44,-0.20
20.893486,9.59,1.15,3.88,0.08,-0.01,-0.12,-41.38,-11.31,-11.62,1.62,-4.17,9.70,0.13,0.18,0.13,-6.82,-5.68,2.64,-0.01,-0.06,-0.39,3.86,3.13,8.72,-0.81,0.17,-0.17,0.00,0.00,0.00,0.00,0.00,0.00,-0.27,-5.76,7.15,0.28,-0.29,-0.12
20.893499,9.55,0.70,3.57,-0.04,0.10,0.02,-41.38,-11.31,-11.62,1.23,-4.13,9.50,0.17,0.11,0.15,-7.03,-5.78,2.81,-0.04,-0.08,-0.23,3.92,3.00,8.82,-0.60,0.12,-0.09,0.00,0.00,0.00,0.00,0.00,0.00,-0.68,-5.68,7.20,0.21,-0.28,-0.06
20.895593,9.35,0.93,3.57,0.11,0.16,-0.07,-41.38,-11.31,-11.62,1.31,-3.82,9.95,0.17,-0.02,0.12,-7.13,-5.96,2.73,-0.01,-0.19,-0.25,3.85,3.14,9.08,-0.51,0.08,-0.01,0.00,0.00,0.00,0.00,0.00,0.00,-0.18,-5.50,7.30,0.20,-0.25,-0.01
20.895609,9.24,1.19,3.68,0.11,0.16,-0.07,-42.12,-8.88,-10.25,1.60,-3.70,10.22,0.14,0.07,0.10,-7.00,-6.11,2.44,0.03,-0.20,-0.39,3.66,3.24,9.30,-0.52,0.12,-0.03,0.00,0.00,0.00,0.00,0.00,0.00,0.18,-5.37,7.37,0.17,-0.10,0.03
20.895619,9.16,1.31,3.80,0.11,0.16,-0.07,-41.62,-11.25,-12.25,1.52,-3.74,10.04,0.07,0.21,0.04,-6.87,-6.05,2.67,0.03,-0.08,-0.44,3.62,3.03,8.81,-0.46,0.12,-0.11,0.00,0.00,0.00,0.00,0.00,0.00,-0.52,-5.27,7.44,0.10,0.08,0.04
20.895628,9.21,0.85,3.80,0.11,0.16,-0.07,-41.62,-11.25,-12.25,1.01,-3.87,9.58,0.07,0.20,0.02,-6.90,-6.01,2.84,0.03,-0.17,-0.43,3.62,2.79,8.64,-0.38,0.04,-0.06,0.00,0.00,0.00,0.00,0.00,0.00,-0.75,-5.51,7.17,0.08,0.08,0.03
20.901255,9.36,0.54,3.68,-0.12,0.07,0.05,-41.62,-11.25,-12.25,0.88,-3.71,9.84,0.06,0.03,-0.03,-6.57,-6.04,2.81,0.05,-0.28,-0.36,3.56,2.78,8.69,-0.21,-0.07,-0.00,0.00,0.00,0.00,0.00,0.00,0.00,-0.58,-5.47,7.33,0.09,0.07,0.08
20.920235,9.25,0.96,3.84,-0.12,0.07,0.05,-41.62,-11.25,-12.25,1.12,-3.59,10.27,0.01,-0.06,-0.06,-6.24,-6.05,2.83,0.01,-0.22,-0.23,3.66,2.87,8.66,0.01,-0.14,-0.01,0.00,0.00,0.00,0.00,0.00,0.00,-0.42,-5.28,7.49,0.05,0.19,0.15
20.944,9.25,1.00,3.84,-0.11,0.08,0.01,-41.62,-11.25,-12.25,0.93,-3.56,10.29,-0.07,-0.14,-0.07,-6.38,-6.12,2.78,-0.04,-0.05,-0.20,3.62,3.02,8.56,0.32,-0.20,-0.05,0.00,0.00,0.00,0.00,0.00,0.00,0.09,-5.33,7.60,-0.01,0.35,0.27
20.965738,9.31,0.89,3.95,-0.09,0.07,0.03,-41.62,-11.25,-12.25,0.69,-3.43,10.34,-0.21,-0.29,-0.18,-6.44,-6.13,2.74,0.00,-0.03,-0.26,3.70,3.20,8.41,0.75,-0.27,-0.04,0.00,0.00,0.00,0.00,0.00,0.00,1.95,-5.57,7.79,0.01,0.76,0.70
20.987255,9.31,0.70,3.84,-0.09,0.07,0.03,-41.75,-9.81,-11.25,0.94,-3.78,9.81,-0.28,-0.41,-0.29,-6.08,-6.14,2.80,0.03,-0.07,-0.34,3.83,3.36,8.75,1.22,-0.12,-0.01,0.00,0.00,0.00,0.00,0.00,0.00,1.68,-5.59,7.15,0.13,1.44,1.47
21.401192,9.31,1.08,4.18,-0.09,0.07,0.03,-41.75,-9.75,-12.31,1.94,-4.20,9.31,-0.15,-0.35,-0.29,-6.14,-6.11,3.31,-0.05,0.11,-0.16,4.06,3.55,8.66,1.32,0.20,-0.04,0.00,0.00,0.00,0.00,0.00,0.00,-2.60,-4.98,6.41,0.27,1.51,1.80
21.40122,8.97,0.73,4.18,-0.05,0.13,0.04,-41.75,-9.75,-12.31,2.24,-4.06,9.58,-0.07,-0.38,-0.21,-6.39,-6.10,3.44,-0.12,0.23,0.10,4.04,3.81,8.60,1.17,0.34,0.01,0.00,0.00,0.00,0.00,0.00,0.00,-4.24,-4.72,6.31,0.42,1.02,1.57
21.401234,9.05,0.85,4.30,-0.05,0.13,0.04,-41.75,-10.75,-11.62,2.21,-4.07,9.62,-0.02,-0.35,-0.15,-6.22,-6.02,3.21,-0.22,0.33,0.37,3.80,3.92,8.43,1.11,0.43,0.03,0.00,0.00,0.00,0.00,0.00,0.00,-4.28,-4.29,7.24,0.38,0.61,1.11
21.401247,9.39,1.12,4.07,-0.05,0.13,0.04,-41.75,-9.12,-13.75,2.04,-3.91,9.75,0.02,-0.28,-0.15,-6.22,-5.98,2.92,-0.34,0.44,0.65,3.50,4.23,8.15,1.21,0.50,0.05,0.00,0.00,0.00,0.00,0.00,0.00,-3.46,-4.61,7.15,0.25,0.43,0.65
21.401258,9.32,1.12,3.95,-0.19,0.03,-0.09,-42.31,-10.06,-14.12,1.71,-3.81,9.77,0.04,-0.15,-0.20,-6.09,-5.82,2.66,-0.40,0.55,0.94,3.43,4.67,8.12,1.41,0.49,0.09,0.00,0.00,0.00,0.00,0.00,0.00,-3.19,-4.79,7.00,0.21,0.39,0.35
21.40127,9.21,0.85,3.76,-0.19,0.03,-0.09,-42.31,-10.06,-14.12,1.85,-4.00,9.58,0.12,-0.21,-0.19,-7.37,-6.02,2.40,-0.40,0.57,0.95,3.61,5.07,8.55,1.52,0.44,0.22,0.00,0.00,0.00,0.00,0.00,0.00,-2.54,-4.64,7.25,0.22,0.37,0.27
21.401281,9.20,0.70,3.95,-0.17,0.04,-0.12,-42.31,-10.06,-14.12,2.49,-4.03,9.77,0.08,-0.21,-0.16,-7.55,-5.80,2.55,-0.40,0.49,0.90,3.81,4.96,8.23,1.54,0.46,0.32,0.00,0.00,0.00,0.00,0.00,0.00,-2.55,-4.34,7.65,0.20,0.43,0.32
21.401785,9.47,0.96,4.18,-0.05,-0.02,-0.07,-42.31,-10.06,-14.12,2.49,-4.23,9.42,0.10,-0.16,-0.09,-7.36,-5.57,2.42,-0.40,0.40,0.83,3.39,4.54,7.77,1.41,0.50,0.19,0.00,0.00,0.00,0.00,0.00,0.00,-2.88,-4.51,7.38,0.13,0.43,0.32
21.401807,9.55,1.08,3.88,-0.01,0.14,-0.04,-42.31,-10.06,-14.12,2.21,-4.23,9.23,0.18,-0.13,-0.06,-7.68,-5.62,2.12,-0.36,0.28,0.78,3.12,4.93,8.10,1.34,0.46,0.04,0.00,0.00,0.00,0.00,0.00,0.00,-2.82,-4.92,6.61,0.18,0.36,0.34
21.401827,9.13,0.96,3.84,-0.01,0.14,-0.04,-40.81,-11.25,-13.69,1.94,-3.63,9.88,0.18,-0.11,-0.07,-7.96,-5.60,2.12,-0.28,0.17,0.63,3.08,5.20,8.17,1.04,0.26,0.03,0.00,0.00,0.00,0.00,0.00,0.00,-3.51,-4.31,7.14,0.29,0.27,0.40
21.401843,8.93,0.89,4.03,-0.01,0.14,-0.04,-40.81,-11.25,-13.69,2.04,-3.71,9.81,0.12,-0.14,-0.08,-8.09,-5.49,2.13,-0.24,0.12,0.54,3.23,5.59,8.00,0.81,0.14,0.09,0.00,0.00,0.00,0.00,0.00,0.00,-3.64,-4.17,7.28,0.30,0.15,0.35
21.401856,9.24,0.85,4.03,0.04,0.02,-0.13,-40.81,-11.25,-13.69,2.20,-3.77,9.79,0.08,-0.17,-0.08,-7.84,-5.39,1.96,-0.20,0.02,0.43,3.13,5.70,7.88,0.65,0.11,0.12,0.00,0.00,0.00,0.00,0.00,0.00,-3.25,-4.10,7.49,0.25,0.10,0.30
21.40187,9.36,1.04,4.03,0.10,0.01,-0.13,-40.81,-11.25,-13.69,2.35,-3.82,9.77,0.06,-0.10,-0.09,-7.69,-5.39,1.81,-0.17,0.02,0.38,2.98,5.79,7.73,0.59,0.14,0.02,0.00,0.00,0.00,0.00,0.00,0.00,-2.85,-4.42,6.97,0.24,0.14,0.25
21.401882,9.31,1.23,3.88,-0.10,0.07,-0.05,-41.06,-11.56,-14.06,2.44,-3.81,9.69,0.07,-0.04,-0.12,-7.77,-5.22,2.14,-0.15,0.05,0.37,3.25,5.93,7.52,0.65,0.20,-0.07,0.00,0.00,0.00,0.00,0.00,0.00,-2.80,-4.31,6.93,0.36,0.18,0.33
21.40459,9.09,1.08,3.99,-0.10,0.07,-0.05,-41.06,-11.25,-13.38,2.32,-3.73,9.69,0.07,-0.07,-0.14,-7.88,-5.11,2.18,-0.14,0.03,0.30,3.29,6.36,7.37,0.75,0.24,-0.08,0.00,0.00,0.00,0.00,0.00,0.00,-3.34,-3.89,7.35,0.43,0.16,0.39
21.40461,9.16,1.12,4.11,-0.05,-0.02,-0.06,-41.06,-11.25,-13.38,2.11,-3.70,9.62,0.12,-0.13,-0.09,-7.96,-5.14,1.91,-0.15,-0.02,0.27,3.16,6.97,7.19,1.07,0.50,-0.07,0.00,0.00,0.00,0.00,0.00,0.00,-3.08,-3.90,7.40,0.44,0.18,0.39
21.404629,9.39,1.15,4.14,-0.09,0.02,-0.06,-40.75,-12.12,-14.38,2.49,-3.73,9.81,0.08,-0.16,-0.14,-7.85,-4.92,2.28,-0.08,-0.01,0.29,3.30,6.62,6.73,1.59,0.42,-0.04,0.00,0.00,0.00,0.00,0.00,0.00,-2.92,-3.80,7.21,0.60,0.25,0.57
21.404642,9.05,1.04,4.18,-0.07,0.09,-0.05,-40.75,-12.12,-14.38,2.60,-3.64,9.76,0.06,-0.18,-0.12,-7.91,-4.81,2.49,-0.06,-0.06,0.24,3.19,6.27,6.71,1.58,0.38,0.08,0.00,0.00,0.00,0.00,0.00,0.00,-4.04,-2.86,8.30,0.53,0.19,0.58
21.404653,9.25,1.23,4.18,0.04,0.02,-0.01,-40.75,-12.12,-14.38,2.56,-3.77,9.55,0.13,-0.18,-0.09,-7.83,-4.86,2.15,-0.05,-0.06,0.19,2.77,6.27,6.96,1.27,0.14,0.14,0.00,0.00,0.00,0.00,0.00,0.00,-3.87,-3.47,7.42,0.38,0.12,0.41
21.413615,9.31,1.46,4.30,-0.01,0.05,-0.04,-40.75,-12.12,-14.38,2.43,-3.52,9.81,0.14,-0.13,-0.16,-8.00,-4.97,1.87,0.01,0.05,0.13,2.63,6.50,7.20,0.90,-0.06,0.09,0.00,0.00,0.00,0.00,0.00,0.00,-3.44,-3.65,7.15,0.43,0.07,0.35
21.4376,9.20,0.81,4.11,-0.01,0.05,-0.04,-40.12,-11.62,-14.69,2.60,-3.57,9.81,0.10,-0.08,-0.20,-8.33,-4.90,2.28,0.01,0.10,0.06,3.15,7.12,6.87,0.60,-0.14,0.11,0.00,0.00,0.00,0.00,0.00,0.00,-3.76,-3.02,7.61,0.51,-0.02,0.42
21.459056,9.12,0.81,4.18,-0.01,0.05,-0.04,-41.00,-12.06,-14.38,2.35,-3.55,9.67,0.06,-0.20,-0.16,-8.29,-4.87,2.39,0.01,0.05,-0.02,3.35,7.52,6.43,0.65,-0.10,0.25,0.00,0.00,0.00,0.00,0.00,0.00,-3.69,-2.94,7.58,0.57,-0.12,0.54
21.479696,9.27,0.85,4.07,-0.01,0.05,-0.04,-41.00,-12.06,-14.38,2.72,-3.73,9.72,0.05,-0.27,-0.10,-8.10,-4.87,2.27,0.00,-0.03,-0.07,3.32,7.46,6.26,0.71,-0.05,0.36,0.00,0.00,0.00,0.00,0.00,0.00,-3.85,-2.72,7.91,0.61,-0.23,0.66
21.712893,9.43,1.15,4.07,0.15,-0.03,-0.07,-40.12,-12.75,-12.56,2.89,-3.69,9.80,0.05,-0.25,-0.06,-7.89,-4.91,2.19,0.02,-0.10,-0.05,3.02,6.89,6.33,0.55,-0.03,0.31,0.00,0.00,0.00,0.00,0.00,0.00,-4.07,-2.38,8.29,0.50,-0.22,0.56
21.712922,9.28,1.23,4.22,0.15,-0.03,-0.07,-40.75,-12.19,-12.94,2.86,-3.59,9.85,0.02,-0.12,-0.06,-7.94,-4.88,2.29,-0.02,-0.09,-0.04,3.11,7.05,6.36,0.23,-0.09,0.28,0.00,0.00,0.00,0.00,0.00,0.00,-4.04,-2.19,8.39,0.24,-0.17,0.33
21.712938,9.20,1.19,4.03,0.15,-0.03,-0.07,-40.44,-12.12,-14.69,2.60,-3.58,9.63,0.01,-0.04,-0.11,-7.80,-4.93,2.17,-0.05,-0.10,-0.03,3.11,7.12,6.20,0.03,-0.13,0.26,0.00,0.00,0.00,0.00,0.00,0.00,-3.56,-2.80,7.46,0.21,-0.15,0.25
21.712949,9.25,1.15,3.91,0.03,-0.05,-0.04,-40.44,-12.12,-14.69,2.80,-3.63,9.62,0.02,-0.01,-0.16,-7.87,-4.95,2.26,-0.03,-0.08,-0.00,3.33,7.29,6.18,-0.03,-0.13,0.22,0.00,0.00,0.00,0.00,0.00,0.00,-3.62,-2.35,7.98,0.32,-0.16,0.30
21.712978,9.09,1.19,3.95,0.04,-0.01,-0.06,-40.44,-12.12,-14.69,3.07,-3.53,9.81,0.00,-0.03,-0.09,-8.03,-4.88,2.40,-0.03,-0.10,-0.04,3.53,7.34,6.07,-0.06,-0.08,0.19,0.00,0.00,0.00,0.00,0.00,0.00,-3.56,-2.02,8.30,0.23,-0.19,0.26
21.712991,9.16,1.31,4.11,0.08,-0.06,-0.03,-40.44,-12.12,-14.69,3.13,-3.49,9.82,-0.01,0.01,-0.04,-8.03,-4.84,2.41,-0.03,-0.11,-0.10,3.67,7.45,6.02,-0.07,-0.03,0.15,0.00,0.00,0.00,0.00,0.00,0.00,-3.44,-1.89,8.38,0.14,-0.13,0.18
21.713007,9.17,1.31,4.14,-0.00,-0.13,0.06,-40.44,-12.12,-14.69,2.87,-3.49,9.62,-0.04,0.02,-0.04,-7.88,-4.82,2.42,-0.06,-0.08,-0.11,3.55,7.14,5.87,-0.02,-0.01,0.15,0.00,0.00,0.00,0.00,0.00,0.00,-3.89,-1.93,8.37,-0.07,-0.08,0.00
21.714755,9.43,1.23,4.14,-0.00,-0.13,0.06,-40.44,-12.12,-14.69,2.63,-3.56,9.49,-0.01,0.04,-0.09,-7.57,-4.82,2.30,-0.05,-0.11,-0.05,3.35,7.09,5.79,0.05,-0.05,0.15,0.00,0.00,0.00,0.00,0.00,0.00,-3.65,-2.54,7.80,-0.15,-0.09,-0.15
21.71477,9.51,1.27,3.99,-0.01,-0.08,0.00,-40.44,-12.12,-14.69,2.68,-3.50,9.70,0.01,0.03,-0.16,-7.75,-4.95,2.19,-0.01,-0.07,-0.01,3.34,7.22,6.13,0.03,-0.10,0.12,0.00,0.00,0.00,0.00,0.00,0.00,-3.36,-2.57,7.80,-0.17,-0.09,-0.25
21.714782,9.24,1.23,4.03,-0.06,0.01,-0.04,-40.44,-12.12,-14.69,3.07,-3.59,9.79,-0.00,0.10,-0.18,-7.81,-4.81,2.69,-0.06,-0.07,0.02,3.70,7.00,6.17,-0.09,-0.09,0.14,0.00,0.00,0.00,0.00,0.00,0.00,-3.25,-2.32,8.00,-0.15,-0.08,-0.23
21.723332,9.21,1.04,3.99,-0.05,-0.03,-0.01,-40.62,-14.19,-12.50,2.91,-3.58,9.78,-0.03,0.15,-0.12,-7.95,-4.90,2.45,-0.16,-0.11,0.07,3.62,7.27,6.17,-0.25,-0.06,0.18,0.00,0.00,0.00,0.00,0.00,0.00,-3.37,-2.17,8.22,-0.21,-0.08,-0.19
21.740932,9.25,1.12,3.91,-0.05,-0.03,-0.01,-41.06,-11.75,-11.94,3.00,-3.45,10.05,0.03,0.12,-0.03,-7.89,-4.97,2.24,-0.22,-0.07,0.10,3.48,7.23,6.27,-0.38,-0.06,0.13,0.00,0.00,0.00,0.00,0.00,0.00,-3.18,-2.41,8.02,-0.22,-0.04,-0.18
21.762565,9.28,1.34,4.11,-0.12,-0.26,0.09,-41.06,-11.69,-12.94,2.88,-3.38,10.15,-0.08,0.32,-0.09,-7.76,-5.00,2.10,-0.29,-0.00,0.20,3.27,6.98,6.29,-0.64,-0.08,-0.03,0.00,0.00,0.00,0.00,0.00,0.00,-2.94,-2.65,8.00,-0.18,0.09,-0.19
21.782755,9.35,1.38,4.11,-0.12,-0.26,0.09,-41.06,-11.69,-12.94,2.67,-3.77,9.69,-0.13,0.45,-0.15,-7.79,-4.88,2.38,-0.34,0.04,0.29,3.46,6.73,6.38,-0.86,-0.15,-0.13,0.00,0.00,0.00,0.00,0.00,0.00,-3.34,-2.54,8.24,-0.22,0.20,-0.20
21.807459,9.59,0.62,3.72,-0.11,-0.20,0.10,-41.06,-11.19,-13.69,2.55,-4.03,9.33,-0.05,0.37,-0.07,-7.82,-4.68,2.53,-0.40,0.00,0.38,3.64,6.55,6.65,-0.92,-0.13,-0.09,0.00,0.00,0.00,0.00,0.00,0.00,-3.73,-2.75,7.88,-0.34,0.14,-0.23
21.828639,9.43,1.04,3.68,0.09,-0.13,0.03,-41.06,-11.19,-13.69,2.44,-3.73,9.70,-0.04,0.25,-0.03,-8.11,-4.85,2.02,-0.44,0.04,0.41,3.37,6.85,7.07,-0.94,-0.04,-0.06,0.00,0.00,0.00,0.00,0.00,0.00,-3.53,-2.98,7.49,-0.30,0.00,-0.21
21.907988,9.43,1.38,3.68,0.05,-0.13,0.01,-41.06,-11.19,-13.69,2.81,-3.67,9.92,-0.06,0.30,-0.01,-8.15,-4.80,1.87,-0.38,0.25,0.28,3.37,6.76,7.01,-1.15,-0.04,-0.22,0.00,0.00,0.00,0.00,0.00,0.00,-3.68,-2.72,7.88,-0.28,-0.10,-0.28
21.913151,9.43,1.27,3.68,-0.10,-0.12,0.08,-41.06,-11.19,-13.69,2.53,-3.78,9.61,-0.06,0.35,0.01,-8.43,-4.75,2.11,-0.29,0.32,0.14,3.42,6.50,6.84,-1.34,-0.20,-0.28,0.00,0.00,0.00,0.00,0.00,0.00,-3.46,-2.85,7.78,-0.32,-0.16,-0.40
21.913181,9.39,1.12,3.72,-0.10,-0.12,0.08,-41.25,-13.25,-11.12,2.37,-4.02,9.17,0.06,0.25,0.05,-8.22,-4.53,2.39,-0.20,0.22,0.03,3.89,6.31,6.69,-1.44,-0.42,-0.20,0.00,0.00,0.00,0.00,0.00,0.00,-3.04,-2.97,7.87,-0.27,-0.26,-0.32
21.917095,9.47,1.08,3.64,0.13,-0.05,0.01,-42.19,-11.62,-11.88,2.53,-3.63,9.80,0.13,0.06,0.12,-8.24,-4.64,2.05,-0.14,0.10,-0.09,3.76,6.41,7.25,-1.40,-0.52,-0.11,0.00,0.00,0.00,0.00,0.00,0.00,-2.89,-2.91,7.89,-0.22,-0.30,-0.22
21.93384,9.36,1.38,3.68,0.13,-0.05,0.01,-42.19,-11.62,-11.88,2.73,-3.43,10.17,0.09,0.15,0.15,-8.13,-4.71,1.79,-0.05,0.15,-0.27,3.83,6.22,7.40,-1.55,-0.45,-0.22,0.00,0.00,0.00,0.00,0.00,0.00,-2.71,-2.96,7.99,-0.17,-0.32,-0.18
21.95646,9.51,1.19,3.72,0.01,-0.06,0.06,-42.19,-11.62,-11.88,2.96,-3.75,9.91,0.04,0.31,0.21,-8.19,-4.74,2.03,0.01,0.20,-0.36,3.96,5.89,7.61,-1.67,-0.34,-0.37,0.00,0.00,0.00,0.00,0.00,0.00,-2.96,-2.96,8.06,-0.17,-0.34,-0.23
21.981284,9.59,0.89,3.64,0.03,-0.02,0.11,-42.19,-12.75,-10.06,2.52,-3.90,9.57,0.13,0.31,0.36,-8.18,-4.74,2.31,0.01,0.13,-0.39,3.95,5.54,7.39,-1.63,-0.32,-0.39,0.00,0.00,0.00,0.00,0.00,0.00,-2.70,-3.14,8.10,-0.18,-0.35,-0.18
21.998235,9.59,0.89,3.64,0.14,0.01,0.06,-42.25,-11.12,-12.62,2.24,-3.90,9.51,0.17,0.25,0.42,-7.96,-4.75,2.22,-0.02,0.03,-0.38,3.97,5.27,7.44,-1.49,-0.43,-0.31,0.00,0.00,0.00,0.00,0.00,0.00,-2.82,-3.33,7.75,-0.16,-0.41,-0.15
22.421367,9.59,0.96,3.61,0.14,0.01,0.06,-42.25,-11.12,-12.62,1.85,-3.56,9.78,0.22,0.12,0.45,-8.37,-5.04,1.84,0.00,-0.10,-0.44,3.70,5.28,8.03,-1.44,-0.51,-0.24,0.00,0.00,0.00,0.00,0.00,0.00,-2.77,-3.38,7.59,-0.05,-0.50,-0.10
22.421421,9.43,1.27,3.57,0.10,0.02,0.05,-42.25,-11.75,-10.12,1.76,-3.49,10.01,0.20,0.10,0.41,-7.86,-5.07,1.68,0.07,-0.16,-0.55,3.69,4.93,8.03,-1.36,-0.45,-0.25,0.00,0.00,0.00,0.00,0.00,0.00,-2.75,-3.08,8.21,-0.03,-0.57,-0.19
22.421435,9.51,0.96,3.45,0.10,0.02,0.05,-42.25,-11.75,-10.12,1.76,-3.59,9.86,0.21,0.19,0.34,-7.66,-5.05,1.97,0.13,-0.25,-0.63,3.92,4.63,8.05,-1.27,-0.37,-0.23,0.00,0.00,0.00,0.00,0.00,0.00,-1.90,-3.20,8.11,-0.08,-0.55,-0.26
22.421448,9.16,0.89,3.53,0.10,0.17,0.10,-42.25,-11.75,-10.12,1.82,-3.41,10.02,0.16,0.16,0.32,-7.47,-5.08,2.23,0.13,-0.26,-0.65,4.12,4.63,7.92,-1.04,-0.19,-0.15,0.00,0.00,0.00,0.00,0.00,0.00,-2.21,-2.87,8.45,-0.12,-0.49,-0.24
22.421461,9.28,1.19,3.64,0.10,0.17,0.10,-42.25,-11.75,-10.12,1.77,-3.27,10.12,0.12,0.14,0.30,-7.58,-5.23,2.15,0.06,-0.29,-0.63,3.93,4.48,8.19,-0.80,-0.06,-0.06,0.00,0.00,0.00,0.00,0.00,0.00,-1.80,-3.17,8.16,-0.17,-0.41,-0.23
22.421472,9.36,1.23,3.80,0.07,0.12,0.11,-42.25,-11.75,-10.12,1.72,-3.32,10.04,0.08,0.19,0.28,-7.30,-5.35,2.13,0.01,-0.26,-0.60,3.76,4.28,8.14,-0.71,0.01,-0.07,0.00,0.00,0.00,0.00,0.00,0.00,-1.88,-3.36,7.94,-0.12,-0.32,-0.21
22.421485,9.43,1.08,3.80,-0.04,0.14,0.12,-42.25,-11.75,-10.12,1.58,-3.56,9.72,0.09,0.22,0.26,-7.37,-5.50,2.07,0.03,-0.28,-0.62,3.78,4.12,8.31,-0.68,0.08,-0.09,0.00,0.00,0.00,0.00,0.00,0.00,-1.70,-3.47,7.90,-0.06,-0.29,-0.18
22.421497,9.36,0.73,3.76,-0.05,0.19,0.10,-42.25,-11.75,-10.12,1.27,-3.45,9.95,0.10,0.16,0.22,-7.67,-5.68,2.21,0.08,-0.34,-0.69,3.87,4.17,8.74,-0.63,0.17,-0.07,0.00,0.00,0.00,0.00,0.00,0.00,-1.64,-3.44,7.93,0.05,-0.30,-0.09
22.42151,9.20,0.85,3.84,0.00,0.18,0.10,-42.25,-11.75,-10.12,1.38,-3.23,10.30,0.07,0.10,0.18,-7.66,-5.89,2.20,0.12,-0.40,-0.81,3.69,4.21,8.88,-0.64,0.30,-0.05,0.00,0.00,0.00,0.00,0.00,0.00,-1.94,-2.92,8.79,0.03,-0.23,-0.06
22.421525,9.32,1.12,3.91,-0.02,0.12,0.11,-42.25,-11.75,-10.12,1.21,-3.44,9.99,0.05,0.15,0.15,-6.58,-5.73,2.44,0.12,-0.35,-0.78,3.43,3.77,8.19,-0.59,0.30,-0.10,0.00,0.00,0.00,0.00,0.00,0.00,-1.87,-3.37,8.41,-0.07,-0.13,-0.13
22.421537,9.77,0.96,3.95,-0.12,0.14,0.10,-42.25,-11.75,-10.12,1.24,-3.79,9.57,0.11,0.13,0.08,-6.50,-5.83,2.71,0.09,-0.28,-0.61,3.67,3.45,8.41,-0.43,0.28,-0.12,0.00,0.00,0.00,0.00,0.00,0.00,-1.70,-3.59,8.19,-0.09,-0.11,-0.14
22.421548,9.55,0.54,3.91,-0.09,0.33,0.03,-42.06,-9.12,-13.75,1.60,-3.87,9.71,0.18,0.07,0.10,-6.85,-5.83,3.22,0.01,-0.32,-0.47,4.07,3.44,8.65,-0.31,0.28,-0.02,0.00,0.00,0.00,0.00,0.00,0.00,-1.74,-3.17,8.73,-0.13,-0.15,-0.08
22.421562,9.39,0.70,3.99,0.22,0.38,0.08,-42.06,-9.12,-13.75,1.72,-3.62,10.04,0.21,0.01,0.16,-7.12,-6.06,3.14,-0.07,-0.36,-0.43,4.07,3.74,9.12,-0.26,0.30,0.09,0.00,0.00,0.00,0.00,0.00,0.00,-1.12,-3.27,8.45,-0.17,-0.16,-0.01
22.421586,9.28,1.08,4.18,0.22,0.38,0.08,-41.19,-9.69,-13.75,1.65,-3.10,10.60,0.19,0.04,0.17,-6.81,-6.22,2.66,-0.12,-0.30,-0.44,3.39,4.03,8.93,-0.26,0.38,0.07,0.00,0.00,0.00,0.00,0.00,0.00,-1.15,-3.43,8.15,-0.11,-0.05,0.03
22.425381,9.16,1.42,4.41,0.22,0.38,0.08,-40.94,-8.75,-14.19,1.31,-2.93,10.59,0.14,0.17,0.07,-7.09,-6.41,2.43,-0.08,-0.16,-0.49,3.19,4.08,9.30,-0.28,0.42,-0.07,0.00,0.00,0.00,0.00,0.00,0.00,-1.70,-3.33,8.27,-0.07,0.11,-0.00
22.425403,9.21,1.27,4.49,-0.19,0.28,0.19,-40.94,-8.75,-14.19,1.11,-3.09,10.22,0.13,0.21,-0.02,-6.90,-6.26,2.78,-0.02,-0.09,-0.57,3.37,3.87,9.02,-0.34,0.43,-0.13,0.00,0.00,0.00,0.00,0.00,0.00,-1.88,-3.12,8.60,-0.06,0.14,-0.03
22.425418,8.93,0.20,4.60,-0.02,0.29,0.09,-40.94,-8.75,-14.19,1.21,-3.04,10.27,0.12,0.07,-0.00,-6.61,-6.11,3.14,0.01,-0.14,-0.50,3.57,3.78,8.52,-0.21,0.34,-0.01,0.00,0.00,0.00,0.00,0.00,0.00,-1.86,-2.89,8.74,-0.13,0.08,0.04
22.425429,8.89,0.66,4.53,0.18,0.21,0.06,-40.94,-8.75,-14.19,1.35,-3.07,10.10,0.07,-0.04,0.05,-7.32,-6.29,2.83,-0.03,-0.27,-0.48,3.43,3.72,9.48,-0.24,0.28,0.08,0.00,0.00,0.00,0.00,0.00,0.00,-1.94,-3.14,8.11,-0.17,0.03,0.08
22.425442,9.05,1.00,4.41,0.18,0.21,0.06,-41.19,-9.12,-14.81,1.43,-2.92,10.29,0.04,-0.04,0.04,-7.32,-6.26,2.94,-0.17,-0.53,-0.40,3.30,3.69,9.22,-0.40,0.33,0.13,0.00,0.00,0.00,0.00,0.00,0.00,-1.48,-3.18,8.02,-0.11,0.03,0.07
22.425457,8.89,1.12,4.37,0.18,0.21,0.06,-41.19,-9.12,-14.81,1.23,-2.77,10.22,-0.00,0.00,0.04,-6.21,-6.45,2.92,-0.08,-0.49,-0.59,2.96,3.86,8.75,-0.52,0.36,0.13,0.00,0.00,0.00,0.00,0.00,0.00,-1.66,-2.99,8.06,-0.08,0.08,0.13
22.442909,8.32,0.46,4.49,-0.03,0.04,0.10,-41.19,-9.12,-14.81,1.25,-2.71,10.09,-0.04,0.04,0.01,-5.56,-6.37,3.26,-0.13,-0.39,-0.43,2.83,3.58,7.98,-0.36,0.21,0.10,0.00,0.00,0.00,0.00,0.00,0.00,-2.44,-2.70,8.36,-0.13,0.10,0.08
22.463042,8.32,0.66,4.60,-0.03,0.04,0.10,-41.19,-9.12,-14.81,1.14,-2.91,9.79,-0.06,0.03,0.06,-5.69,-6.47,3.26,-0.18,-0.36,-0.21,2.87,3.44,8.32,-0.22,0.07,0.15,0.00,0.00,0.00,0.00,0.00,0.00,-2.33,-2.90,8.03,-0.16,-0.01,0.02
22.488143,8.59,0.89,4.41,0.10,-0.17,-0.02,-40.94,-8.62,-15.25,0.96,-2.70,10.18,-0.11,-0.01,0.04,-5.83,-6.64,2.91,-0.21,-0.29,-0.13,2.63,3.60,8.74,-0.17,-0.04,0.12,0.00,0.00,0.00,0.00,0.00,0.00,-1.82,-2.96,8.08,-0.17,-0.01,-0.00
22.509691,8.63,0.62,4.37,-0.04,-0.26,0.00,-40.94,-8.62,-15.25,0.99,-2.76,10.20,-0.17,-0.00,-0.01,-5.67,-6.69,2.95,-0.24,-0.12,-0.17,2.74,3.51,8.75,-0.15,-0.10,0.05,0.00,0.00,0.00,0.00,0.00,0.00,-1.51,-3.08,8.05,-0.13,0.06,0.05
22.932605,8.82,0.16,4.37,-0.06,-0.39,0.02,-40.94,-8.62,-15.25,1.10,-3.08,9.86,-0.19,-0.02,-0.01,-4.83,-6.62,3.03,-0.22,0.16,-0.14,2.84,3.17,8.13,0.00,-0.21,-0.01,0.00,0.00,0.00,0.00,0.00,0.00,-0.94,-3.30,8.17,-0.02,0.20,0.30
22.932644,9.13,0.43,3.99,0.18,-0.40,-0.09,-40.94,-8.62,-15.25,0.91,-3.22,9.84,-0.19,-0.11,0.02,-5.73,-6.65,2.89,-0.15,0.36,0.07,3.00,3.17,8.71,0.24,-0.27,-0.00,0.00,0.00,0.00,0.00,0.00,0.00,-0.76,-3.40,8.12,0.08,0.55,0.67
22.932658,9.17,1.08,3.95,0.18,-0.40,-0.09,-41.62,-7.56,-15.25,1.09,-3.19,10.11,-0.21,-0.16,0.01,-5.94,-6.67,2.89,-0.14,0.32,0.18,2.96,3.28,8.61,0.35,-0.17,-0.02,0.00,0.00,0.00,0.00,0.00,0.00,-1.95,-3.41,7.68,0.16,0.69,0.79
22.932671,9.20,1.04,4.07,0.06,-0.36,-0.08,-41.62,-7.56,-15.25,1.49,-3.42,9.86,-0.21,-0.12,-0.03,-6.15,-6.70,3.11,-0.10,0.21,0.19,3.21,3.28,8.85,0.28,-0.17,-0.03,0.00,0.00,0.00,0.00,0.00,0.00,-3.77,-3.14,7.47,0.13,0.51,0.55
22.932684,9.25,1.00,4.03,-0.03,-0.33,-0.07,-41.62,-7.56,-15.25,1.48,-3.60,9.72,-0.19,-0.10,-0.03,-5.99,-6.58,3.22,-0.08,0.15,0.22,3.54,3.32,8.72,0.25,-0.19,0.04,0.00,0.00,0.00,0.00,0.00,0.00,-2.77,-3.00,8.13,0.08,0.23,0.32
22.932698,9.32,0.58,3.99,0.01,-0.35,-0.09,-41.62,-7.56,-15.25,1.36,-3.52,9.98,-0.17,-0.16,-0.05,-5.07,-6.39,3.16,-0.11,0.32,0.49,3.34,3.45,8.09,0.42,-0.10,0.03,0.00,0.00,0.00,0.00,0.00,0.00,-2.55,-3.31,7.98,0.05,0.15,0.20
22.93271,9.55,0.96,4.18,0.01,-0.35,-0.09,-41.75,-9.81,-11.69,1.05,-3.46,10.18,-0.16,-0.26,-0.18,-5.84,-6.26,2.81,-0.24,0.58,0.88,3.22,3.67,8.51,0.74,-0.01,-0.05,0.00,0.00,0.00,0.00,0.00,0.00,-1.56,-3.61,8.04,0.10,0.23,0.16
22.932723,9.78,1.04,3.76,0.01,-0.35,-0.09,-41.75,-9.81,-11.69,1.78,-3.87,9.93,-0.16,-0.23,-0.23,-6.65,-6.32,2.80,-0.37,0.50,0.96,3.47,3.68,9.00,0.88,0.07,-0.10,0.00,0.00,0.00,0.00,0.00,0.00,-0.64,-3.73,7.97,0.23,0.51,0.37
22.932737,9.73,0.73,3.76,-0.18,-0.10,-0.06,-41.75,-9.81,-11.69,1.84,-4.01,9.70,-0.11,-0.17,-0.19,-7.23,-6.41,2.83,-0.45,0.39,0.85,3.62,3.83,9.23,0.83,0.16,-0.08,0.00,0.00,0.00,0.00,0.00,0.00,-1.20,-3.37,8.05,0.39,0.76,0.74
22.932753,9.62,0.58,3.72,-0.04,-0.06,0.00,-41.75,-9.81,-11.69,1.85,-3.76,9.98,-0.09,-0.20,-0.15,-7.04,-6.37,2.67,-0.39,0.30,0.71,3.50,4.05,9.09,0.74,0.28,-0.04,0.00,0.00,0.00,0.00,0.00,0.00,-2.89,-3.28,7.27,0.56,0.74,0.94
22.932763,9.55,0.81,3.84,-0.04,-0.06,0.00,-41.19,-9.88,-11.31,1.93,-3.72,9.93,-0.05,-0.08,-0.11,-6.72,-6.28,2.42,-0.31,0.36,0.67,3.16,4.13,8.81,0.60,0.32,-0.08,0.00,0.00,0.00,0.00,0.00,0.00,-4.56,-2.41,7.98,0.61,0.42,0.70
22.932777,9.59,1.12,3.95,-0.04,-0.06,0.00,-41.19,-9.88,-11.31,1.54,-3.50,10.08,-0.04,-0.02,-0.14,-7.03,-6.26,2.26,-0.26,0.48,0.73,2.97,4.59,8.80,0.57,0.31,-0.11,0.00,0.00,0.00,0.00,0.00,0.00,-4.11,-1.90,8.89,0.39,0.27,0.31
22.93279,9.35,0.89,3.84,-0.21,-0.08,-0.06,-41.19,-9.88,-11.31,1.41,-3.45,10.28,-0.04,0.01,-0.22,-7.30,-6.16,2.00,-0.20,0.47,0.68,2.83,5.00,8.91,0.66,0.29,-0.13,0.00,0.00,0.00,0.00,0.00,0.00,-3.31,-2.41,8.27,0.26,0.31,0.07
22.932802,9.51,0.96,3.91,-0.21,-0.08,-0.06,-41.44,-10.81,-11.94,1.56,-3.59,10.37,-0.07,-0.01,-0.29,-8.02,-6.20,1.93,-0.17,0.48,0.55,3.03,4.96,9.16,0.73,0.32,-0.12,0.00,0.00,0.00,0.00,0.00,0.00,-2.41,-2.55,8.20,0.29,0.41,0.09
22.937241,9.66,0.66,3.80,-0.21,-0.08,-0.06,-41.81,-9.31,-11.31,2.07,-3.84,10.38,-0.09,0.01,-0.28,-7.79,-6.03,2.21,-0.17,0.45,0.37,3.27,5.02,9.01,0.75,0.38,-0.09,0.00,0.00,0.00,0.00,0.00,0.00,-2.11,-2.96,7.54,0.45,0.53,0.29
22.937271,10.01,1.12,3.99,-0.47,-0.05,0.26,-41.81,-9.31,-11.31,1.93,-3.68,10.48,-0.06,0.14,-0.32,-7.40,-6.17,1.85,-0.13,0.60,0.26,2.81,5.32,9.00,0.75,0.47,-0.16,0.00,0.00,0.00,0.00,0.00,0.00,-1.99,-3.62,6.13,0.98,0.54,0.65
22.937285,9.73,1.27,3.95,-0.47,-0.05,0.26,-41.88,-7.19,-13.12,0.91,-3.26,10.81,-0.02,0.10,-0.61,-7.18,-6.31,1.17,-0.00,0.89,0.20,2.45,6.54,9.04,0.93,0.61,-0.28,0.00,0.00,0.00,0.00,0.00,0.00,-2.72,-3.11,6.33,1.58,0.42,0.96
22.937297,9.89,1.08,3.64,-0.47,-0.05,0.26,-41.88,-7.19,-13.12,0.63,-4.36,9.33,0.30,-0.17,-0.99,-7.81,-6.52,0.39,0.19,1.17,0.02,1.91,6.21,9.25,1.23,0.85,-0.36,0.00,0.00,0.00,0.00,0.00,0.00,-5.18,-0.42,10.32,1.47,0.63,0.54
22.937308,10.16,0.23,3.72,-1.42,0.18,0.42,-41.88,-7.19,-13.12,1.11,-3.54,9.30,1.18,-0.64,-0.95,-7.56,-6.58,-0.10,0.46,1.29,-0.04,0.71,5.13,8.09,1.18,0.49,-0.73,0.00,0.00,0.00,0.00,0.00,0.00,-7.10,0.12,10.95,0.44,1.02,-0.56
22.937319,10.32,0.16,4.14,-1.75,0.33,0.19,-41.88,-7.19,-13.12,1.02,-2.18,11.31,1.04,-0.43,-1.23,-7.06,-6.78,-1.53,0.99,1.45,0.00,-1.06,4.65,7.43,0.69,-0.27,-1.33,0.00,0.00,0.00,0.00,0.00,0.00,-8.12,-2.41,7.21,-0.09,0.89,-1.56
22.948647,10.70,0.35,4.30,-1.75,0.33,0.19,-43.25,-4.38,-16.44,-0.44,-2.78,10.24,0.61,0.48,-1.96,-5.52,-5.93,-1.91,1.57,1.76,0.60,-1.54,3.90,6.35,0.38,-1.30,-2.07,0.00,0.00,0.00,0.00,0.00,0.00,-8.12,-3.47,6.04,-0.07,0.50,-2.48
22.971265,10.96,-1.80,3.34,-1.75,0.33,0.19,-42.31,-4.75,-19.56,-0.76,-3.62,8.42,0.60,0.88,-2.56,-6.12,-4.69,-0.54,1.97,1.79,1.47,0.01,4.14,6.26,0.56,-2.17,-2.36,0.00,0.00,0.00,0.00,0.00,0.00,-6.61,-3.20,5.08,0.16,0.11,-2.86
22.992681,9.77,-3.18,3.30,-2.29,1.93,-1.08,-42.31,-4.75,-19.56,2.76,-3.16,9.38,0.44,0.97,-2.54,-7.91,-3.56,1.97,1.83,1.39,1.97,2.92,5.30,5.95,0.76,-2.41,-1.97,0.00,0.00,0.00,0.00,0.00,0.00,-3.50,-2.13,4.82,0.78,-0.43,-2.41
23.014034,7.94,-3.41,3.91,-1.21,1.81,-1.11,-42.31,-4.75,-19.56,2.95,-3.25,8.23,0.49,1.18,-1.77,-8.54,-2.98,2.16,1.40,0.85,2.16,3.71,6.13,6.38,0.96,-2.16,-1.47,0.00,0.00,0.00,0.00,0.00,0.00,-1.48,-1.34,6.20,1.43,-0.73,-1.45
23.44029,8.16,-0.30,5.10,-0.11,1.65,-0.92,-36.94,-4.44,-26.38,0.67,-2.32,7.29,0.78,0.48,-1.44,-7.52,-2.38,1.23,1.24,0.42,2.24,2.66,5.70,5.54,1.35,-1.93,-0.96,0.00,0.00,0.00,0.00,0.00,0.00,-4.03,-0.25,8.23,1.36,-0.92,-0.90
23.440322,7.78,0.16,5.06,-0.11,1.65,-0.92,-35.88,-6.19,-30.50,-0.28,-2.26,5.51,1.22,-0.01,-1.57,-6.52,-1.44,1.23,1.20,0.06,2.62,2.28,4.70,4.12,1.70,-2.19,-0.54,0.00,0.00,0.00,0.00,0.00,0.00,-5.32,-0.70,6.87,0.92,-1.33,-1.24
23.440343,7.82,-0.49,4.75,-0.11,1.65,-0.92,-35.88,-6.19,-30.50,2.19,-2.36,5.33,1.83,-0.69,-1.65,-7.50,-0.23,3.56,1.02,-0.39,3.00,5.15,4.93,4.04,2.01,-2.43,-0.01,0.00,0.00,0.00,0.00,0.00,0.00,-1.41,-0.47,5.69,0.89,-1.83,-1.34
23.440356,6.29,-1.72,4.34,0.29,2.66,-1.60,-35.88,-6.19,-30.50,6.61,-2.49,6.24,2.24,-1.05,-0.91,-9.28,1.44,7.43,0.19,-1.00,3.08,9.44,4.92,3.92,2.06,-2.05,0.95,0.00,0.00,0.00,0.00,0.00,0.00,3.46,0.35,6.39,1.40,-2.21,-0.32
23.44037,6.02,-0.61,4.37,3.56,2.07,-0.66,-35.88,-6.19,-30.50,8.68,-2.42,5.23,2.57,-1.93,0.63,-10.93,2.23,8.31,-1.11,-1.88,2.92,11.37,5.06,4.53,1.87,-1.18,2.39,0.00,0.00,0.00,0.00,0.00,0.00,3.60,1.79,9.05,1.69,-2.92,1.36
23.440381,6.02,-0.61,4.37,5.25,1.95,-0.50,-28.00,-14.44,-30.25,8.90,-0.55,6.18,2.75,-2.83,1.90,-11.82,1.25,6.64,-1.83,-2.89,2.28,10.59,6.49,4.94,1.33,-0.39,3.44,0.00,0.00,0.00,0.00,0.00,0.00,3.01,1.88,9.45,1.58,-3.60,2.46
23.440391,5.52,1.27,3.57,5.25,1.95,-0.50,-26.06,-21.75,-27.19,8.94,1.51,8.20,2.75,-3.48,2.74,-10.58,-0.13,4.53,-1.95,-3.50,1.63,8.51,8.06,4.12,0.80,-0.11,4.03,0.00,0.00,0.00,0.00,0.00,0.00,2.89,2.13,10.41,1.28,-3.83,2.98
23.440879,4.91,6.64,3.80,5.25,1.95,-0.50,-26.06,-21.75,-27.19,8.75,3.57,11.84,2.34,-3.06,2.87,-9.47,-1.33,3.41,-1.93,-3.52,1.32,7.11,8.92,4.58,0.74,-0.21,3.96,0.00,0.00,0.00,0.00,0.00,0.00,3.35,2.28,10.99,0.83,-3.27,2.94
23.440899,5.37,8.59,4.26,3.62,0.46,-0.08,-23.88,-28.19,-21.19,8.79,3.77,13.61,1.43,-2.17,2.62,-9.56,-2.38,3.52,-1.76,-2.92,0.59,6.92,8.97,6.30,0.33,0.06,3.21,0.00,0.00,0.00,0.00,0.00,0.00,3.34,2.12,10.70,0.24,-2.31,2.40
23.440911,5.75,7.82,4.34,2.28,-0.33,0.38,-23.88,-28.19,-21.19,9.40,2.76,13.30,0.56,-1.27,2.40,-9.24,-2.27,4.70,-1.67,-2.28,-0.20,8.07,7.89,6.86,-0.19,0.56,2.61,0.00,0.00,0.00,0.00,0.00,0.00,4.04,1.94,10.88,-0.23,-1.58,1.99
23.440922,6.29,7.12,4.30,2.28,-0.33,0.38,-24.75,-29.38,-16.25,9.32,1.14,11.59,-0.13,-0.61,2.37,-9.14,-2.01,6.07,-1.68,-1.82,-1.03,9.08,6.45,7.07,-0.80,1.18,2.24,0.00,0.00,0.00,0.00,0.00,0.00,4.98,0.96,10.25,-0.57,-0.95,1.79
23.440932,8.51,5.98,4.49,2.28,-0.33,0.38,-25.19,-31.94,-14.00,8.53,-0.21,9.91,-0.48,-0.20,2.42,-8.26,-1.91,6.71,-1.66,-1.59,-1.71,9.03,5.41,6.57,-1.37,1.65,2.06,0.00,0.00,0.00,0.00,0.00,0.00,4.60,-0.24,9.75,-0.73,-0.46,1.84
23.440943,8.79,5.68,4.72,1.54,-1.05,1.20,-25.19,-31.94,-14.00,7.35,-0.65,9.81,-0.63,-0.07,2.43,-8.05,-2.50,6.71,-1.64,-1.56,-1.77,8.42,4.93,6.50,-1.55,1.75,2.04,0.00,0.00,0.00,0.00,0.00,0.00,2.09,-0.37,10.55,-0.97,-0.34,1.75
23.440954,9.09,5.75,4.60,1.60,-1.01,0.98,-25.19,-31.94,-14.00,6.74,-0.97,10.31,-0.74,-0.08,2.34,-9.03,-3.52,6.41,-1.52,-1.71,-1.96,8.15,5.09,8.30,-1.79,1.67,2.05,0.00,0.00,0.00,0.00,0.00,0.00,2.51,-1.30,9.90,-1.15,-0.38,1.46
23.442654,9.39,5.90,4.37,1.60,-1.01,0.98,-30.12,-29.75,-9.12,6.44,-1.15,11.01,-0.87,0.02,2.15,-9.05,-4.23,5.73,-1.36,-1.74,-2.41,7.44,5.12,9.45,-2.18,1.70,1.91,0.00,0.00,0.00,0.00,0.00,0.00,2.91,-1.46,10.54,-1.25,-0.14,1.19
23.442666,10.20,6.94,4.83,0.15,-0.90,1.21,-31.38,-29.25,-7.69,6.01,-0.83,12.34,-1.03,0.46,1.69,-8.80,-4.85,5.37,-1.10,-1.51,-3.19,6.83,5.56,10.56,-2.78,1.92,1.41,0.00,0.00,0.00,0.00,0.00,0.00,2.05,-1.22,11.32,-1.60,0.34,0.58
23.442676,9.81,6.40,5.14,0.15,-0.90,1.21,-31.38,-29.25,-7.69,5.91,-0.75,13.17,-1.26,0.86,1.31,-7.79,-5.08,5.92,-0.94,-1.09,-3.69,7.05,5.51,9.74,-3.00,2.24,0.95,0.00,0.00,0.00,0.00,0.00,0.00,2.29,-1.33,11.57,-1.87,0.69,0.14
23.442687,10.70,4.87,6.48,-0.52,-1.02,1.34,-31.38,-29.25,-7.69,6.51,-1.12,13.53,-1.47,1.34,0.94,-7.19,-5.42,6.65,-1.07,-0.52,-3.71,7.30,4.92,9.12,-2.77,2.39,0.43,0.00,0.00,0.00,0.00,0.00,0.00,2.54,-1.75,11.54,-2.00,1.22,-0.09
23.442696,11.20,4.03,6.25,-1.60,-1.38,1.86,-31.38,-29.25,-7.69,6.06,-1.38,13.95,-1.63,2.03,0.60,-7.23,-6.82,6.64,-1.43,-0.03,-3.53,6.62,4.76,10.96,-2.60,2.67,-0.07,0.00,0.00,0.00,0.00,0.00,0.00,1.14,-1.73,12.16,-2.18,1.71,-0.42
23.442706,11.31,3.80,6.17,-2.19,-1.48,2.04,-31.38,-29.25,-7.69,5.23,-1.23,14.28,-1.86,2.65,0.17,-7.46,-7.69,6.00,-1.54,0.43,-3.71,5.72,4.59,11.76,-2.56,3.01,-0.60,0.00,0.00,0.00,0.00,0.00,0.00,1.38,-2.49,11.83,-2.42,2.16,-0.76
23.462056,11.73,2.57,6.21,-2.19,-1.48,2.04,-38.81,-20.25,-5.94,4.57,-2.36,12.90,-1.97,3.21,-0.28,-5.93,-8.27,5.47,-1.62,1.11,-3.81,4.94,3.65,11.01,-2.46,3.33,-1.25,0.00,0.00,0.00,0.00,0.00,0.00,1.29,-4.27,9.93,-2.42,2.89,-0.90
23.482033,11.93,1.42,6.36,-2.19,-1.48,2.04,-38.81,-20.25,-5.94,3.86,-3.28,12.02,-1.77,3.41,-0.47,-5.73,-8.71,5.38,-1.74,1.62,-3.44,4.55,2.81,10.50,-2.14,3.22,-1.62,0.00,0.00,0.00,0.00,0.00,0.00,-1.12,-4.97,8.70,-1.98,3.18,-0.76
23.506487,11.46,-0.68,5.64,-2.92,-1.29,1.94,-41.56,-12.94,-7.56,2.41,-3.72,11.56,-1.54,3.33,-0.51,-6.12,-9.47,4.92,-1.79,1.73,-3.08,3.65,2.49,11.38,-1.86,2.88,-1.65,0.00,0.00,0.00,0.00,0.00,0.00,-2.75,-3.89,10.74,-1.92,3.00,-0.91
23.527982,11.20,-1.45,5.68,-2.66,-1.29,1.81,-41.56,-12.94,-7.56,1.26,-3.28,12.06,-1.45,3.11,-0.53,-5.70,-10.09,3.80,-1.71,1.69,-2.92,2.43,2.54,11.51,-1.69,2.70,-1.62,0.00,0.00,0.00,0.00,0.00,0.00,-2.80,-4.70,9.46,-1.88,3.00,-0.88
23.951356,10.86,-1.34,5.52,-2.66,-1.29,1.81,-43.75,-7.44,-7.19,0.43,-3.36,11.47,-1.41,2.98,-0.63,-4.38,-10.20,2.85,-1.56,1.82,-2.68,1.18,1.94,10.74,-1.43,2.40,-1.68,0.00,0.00,0.00,0.00,0.00,0.00,-4.56,-5.29,7.75,-1.71,2.97,-0.82
23.951384,10.62,-1.87,5.25,-2.66,-1.29,1.81,-44.19,-5.38,-7.88,-0.30,-4.20,9.92,-1.26,2.90,-0.69,-3.31,-9.98,2.28,-1.35,1.97,-2.33,0.57,0.79,9.42,-1.18,2.12,-1.75,0.00,0.00,0.00,0.00,0.00,0.00,-4.40,-6.65,5.73,-1.20,2.50,-0.81
23.951398,10.58,-2.29,3.53,-2.02,-0.89,0.90,-46.38,1.38,-8.88,-1.40,-4.83,8.62,-0.94,2.37,-0.76,-3.08,-9.61,1.54,-1.06,1.95,-1.73,-0.28,0.14,9.07,-0.67,1.60,-1.73,0.00,0.00,0.00,0.00,0.00,0.00,-3.75,-6.69,5.62,-0.38,2.16,-0.44
23.951411,10.23,-1.61,3.30,-2.02,-0.89,0.90,-46.38,1.38,-8.88,-2.01,-4.85,8.00,-0.57,1.96,-0.94,-2.46,-9.20,0.74,-0.82,2.02,-1.28,-1.22,0.13,8.78,-0.24,1.26,-1.89,0.00,0.00,0.00,0.00,0.00,0.00,-4.43,-5.83,6.35,-0.10,2.11,-0.38
23.951422,9.67,-1.26,3.34,-2.07,-0.46,0.73,-46.38,1.38,-8.88,-1.65,-4.29,8.30,-0.16,1.62,-1.13,-2.15,-8.83,0.57,-0.53,2.25,-0.87,-1.13,0.53,8.72,0.10,1.00,-2.18,0.00,0.00,0.00,0.00,0.00,0.00,-5.23,-5.50,5.16,0.04,1.96,-0.60
23.951434,8.86,-1.99,3.18,-2.30,-0.04,0.52,-46.38,1.38,-8.88,-0.62,-4.10,8.31,0.13,1.54,-1.24,-2.23,-8.28,1.19,-0.31,2.32,-0.41,0.09,0.71,7.42,0.48,0.71,-2.30,0.00,0.00,0.00,0.00,0.00,0.00,-3.52,-4.99,4.51,0.47,1.65,-0.57
23.951445,7.82,-2.41,3.15,-1.79,-0.13,0.49,-46.38,1.38,-8.88,0.54,-3.59,8.64,0.21,1.39,-1.05,-2.38,-7.47,1.88,-0.37,2.38,0.27,1.17,1.32,8.03,0.82,0.62,-2.14,0.00,0.00,0.00,0.00,0.00,0.00,-2.57,-3.68,5.03,1.07,1.50,-0.04
23.951458,7.40,-1.22,2.99,-1.79,-0.13,0.49,-47.69,7.94,-10.56,0.33,-3.01,8.66,0.21,1.48,-0.87,-3.25,-7.11,1.25,-0.50,2.46,0.63,0.72,1.69,9.00,0.86,0.76,-2.04,0.00,0.00,0.00,0.00,0.00,0.00,-4.33,-1.81,7.18,1.05,1.44,-0.04
23.951469,7.13,-0.26,2.23,-1.79,-0.13,0.49,-47.69,7.94,-10.56,-0.45,-3.09,7.82,0.07,1.68,-0.97,-3.33,-6.96,0.70,-0.50,2.50,0.56,-0.02,1.27,8.50,0.61,0.78,-2.08,0.00,0.00,0.00,0.00,0.00,0.00,-4.25,-2.49,6.34,0.44,1.44,-0.65
23.951482,7.36,-0.57,1.80,-1.92,-0.24,0.68,-47.69,7.94,-10.56,-1.08,-3.75,6.44,0.12,1.68,-1.15,-1.98,-6.59,0.32,-0.35,2.55,0.49,-0.49,0.43,7.07,0.53,0.66,-2.16,0.00,0.00,0.00,0.00,0.00,0.00,-3.02,-4.11,4.07,0.38,1.47,-0.92
23.951495,7.09,-1.72,1.23,-2.05,0.36,0.43,-47.69,7.94,-10.56,-0.85,-4.07,5.53,0.39,1.51,-1.31,-0.70,-5.92,0.51,-0.13,2.74,0.86,-0.15,0.11,5.78,0.80,0.52,-2.22,0.00,0.00,0.00,0.00,0.00,0.00,-2.64,-3.92,3.63,0.64,1.46,-0.90
23.951506,6.09,-1.61,1.16,-1.86,0.59,0.34,-47.44,13.50,-12.94,-0.30,-3.58,6.15,0.51,1.34,-1.29,-1.32,-5.22,0.61,-0.10,3.12,1.60,0.40,0.42,5.61,1.19,0.35,-2.17,0.00,0.00,0.00,0.00,0.00,0.00,-2.30,-3.30,3.69,0.87,1.37,-0.77
23.951517,5.91,-0.99,0.23,-1.66,0.43,0.33,-47.44,13.50,-12.94,-0.22,-3.62,5.75,0.51,1.24,-1.24,-2.47,-5.38,0.54,-0.18,2.90,1.67,0.39,0.61,6.47,1.27,0.30,-2.04,0.00,0.00,0.00,0.00,0.00,0.00,-1.27,-3.60,3.17,1.02,1.43,-0.59
23.951528,6.07,-0.80,0.31,-1.60,0.47,0.43,-47.44,13.50,-12.94,-0.46,-3.61,5.72,0.48,1.26,-1.24,-2.14,-5.39,0.24,-0.20,2.76,1.65,-0.00,0.46,6.28,1.39,0.23,-2.00,0.00,0.00,0.00,0.00,0.00,0.00,-1.69,-3.85,2.70,1.20,1.50,-0.42
23.954138,6.29,-0.84,0.04,-1.60,0.47,0.43,-46.44,17.00,-15.19,-1.21,-3.78,5.33,0.48,1.21,-1.28,-2.55,-5.27,0.12,-0.15,2.54,1.62,-0.00,0.25,6.49,1.62,0.15,-1.92,0.00,0.00,0.00,0.00,0.00,0.00,-1.94,-4.07,2.51,1.36,1.50,-0.27
23.954163,6.71,-1.99,0.23,-1.60,0.47,0.43,-47.25,19.94,-15.69,-0.34,-4.69,4.30,0.63,1.04,-1.27,-2.63,-5.17,0.91,-0.01,2.09,1.46,0.80,0.06,6.34,1.63,0.08,-1.68,0.00,0.00,0.00,0.00,0.00,0.00,-2.82,-3.44,2.73,1.55,1.25,-0.08
23.954176,6.59,-2.45,0.35,-1.21,1.07,0.18,-47.25,19.94,-15.69,-0.14,-4.61,4.61,0.80,0.78,-1.02,-2.80,-5.08,1.13,-0.08,1.73,1.51,0.96,0.37,6.34,1.67,0.01,-1.33,0.00,0.00,0.00,0.00,0.00,0.00,-2.27,-2.46,4.41,1.55,1.01,0.14
23.954189,6.37,-2.22,0.50,-0.76,1.04,0.18,-47.25,19.94,-15.69,-0.62,-4.10,5.06,0.92,0.55,-0.83,-3.06,-5.07,0.56,-0.17,1.50,1.62,0.40,0.92,6.28,1.78,-0.03,-0.98,0.00,0.00,0.00,0.00,0.00,0.00,-3.01,-1.50,6.00,1.23,1.15,0.23
23.954205,6.33,-1.64,1.04,-0.76,1.04,0.18,-45.69,19.62,-20.31,-1.51,-3.48,5.38,1.02,0.12,-0.86,-3.62,-5.20,0.21,-0.09,1.15,1.58,0.17,1.58,6.46,1.74,-0.21,-0.74,0.00,0.00,0.00,0.00,0.00,0.00,-4.34,-1.92,4.95,0.65,1.12,0.09
23.957574,6.49,-1.72,1.50,-0.76,1.04,0.18,-45.69,19.62,-20.31,-0.53,-3.31,6.20,1.00,-0.19,-0.77,-4.69,-5.35,0.63,-0.01,0.79,1.57,0.82,1.78,7.00,1.61,-0.36,-0.45,0.00,0.00,0.00,0.00,0.00,0.00,-4.80,-2.53,3.60,0.55,0.65,0.00
23.975528,6.79,-1.72,1.50,-0.19,0.91,-0.38,-45.69,19.62,-20.31,0.40,-3.78,6.18,0.94,-0.37,-0.56,-4.48,-4.91,2.02,0.02,0.31,1.53,1.93,1.72,6.46,1.56,-0.50,-0.05,0.00,0.00,0.00,0.00,0.00,0.00,-3.17,-2.27,4.86,0.57,0.06,0.04
23.997815,7.60,-0.99,1.54,0.23,0.80,-0.53,-45.69,19.62,-20.31,1.68,-4.09,6.49,0.96,-0.64,-0.21,-4.85,-4.62,2.80,-0.19,-0.06,1.69,2.80,1.96,6.57,1.77,-0.59,0.48,0.00,0.00,0.00,0.00,0.00,0.00,-2.08,-1.96,6.16,0.43,-0.22,0.26
24.021182,7.82,-0.68,1.80,1.04,0.83,-0.43,-44.19,19.56,-21.75,1.40,-3.53,7.42,0.96,-0.84,0.08,-6.35,-5.10,1.31,-0.41,-0.39,1.68,2.22,2.97,7.81,1.77,-0.53,0.82,0.00,0.00,0.00,0.00,0.00,0.00,-2.38,-2.18,6.56,0.22,-0.32,0.47
24.043728,8.09,-0.07,2.88,1.04,0.83,-0.43,-44.19,19.56,-21.75,0.58,-2.59,9.11,0.80,-0.89,0.08,-7.13,-5.71,0.79,-0.36,-0.56,1.50,1.85,4.15,8.39,1.53,-0.55,0.88,0.00,0.00,0.00,0.00,0.00,0.00,-4.66,-2.04,6.67,0.09,-0.47,0.37
24.461321,8.29,-0.65,2.69,0.93,0.59,-0.68,-44.19,19.56,-21.75,1.07,-3.39,8.77,0.58,-0.96,0.08,-7.59,-5.74,2.00,-0.27,-0.91,1.22,2.87,3.98,8.46,1.23,-0.66,1.14,0.00,0.00,0.00,0.00,0.00,0.00,-4.30,-2.21,7.29,-0.16,-0.95,0.16
24.46135,8.86,-0.99,2.23,0.93,0.59,-0.68,-43.50,14.25,-23.25,2.47,-4.53,8.20,0.50,-1.17,0.29,-6.72,-5.29,3.08,-0.37,-1.26,1.14,3.82,3.14,8.00,1.13,-0.66,1.48,0.00,0.00,0.00,0.00,0.00,0.00,-3.70,-3.25,6.46,-0.25,-1.41,0.07
24.461365,9.77,-0.38,2.27,0.93,0.59,-0.68,-43.12,11.81,-24.56,1.31,-3.93,9.19,0.49,-1.13,0.41,-6.47,-5.58,2.32,-0.55,-1.34,1.33,2.97,3.65,7.97,1.22,-0.58,1.65,0.00,0.00,0.00,0.00,0.00,0.00,-3.59,-3.83,6.63,-0.24,-1.85,-0.19
24.461376,9.82,0.27,3.11,0.93,0.59,-0.68,-44.12,10.38,-23.81,1.14,-3.57,10.13,0.30,-1.24,0.24,-7.98,-6.29,1.39,-0.50,-1.37,1.41,2.73,4.75,9.08,1.20,-0.68,1.69,0.00,0.00,0.00,0.00,0.00,0.00,-4.00,-3.82,7.43,-0.15,-2.12,-0.40
24.461388,10.12,-0.23,3.11,0.93,0.59,-0.68,-42.88,9.38,-25.19,2.50,-4.56,9.86,0.10,-1.36,0.24,-8.75,-6.39,2.15,-0.45,-1.55,1.33,3.73,4.74,9.62,0.91,-0.82,1.78,0.00,0.00,0.00,0.00,0.00,0.00,-2.60,-3.73,8.76,-0.22,-2.32,-0.49
24.4614,10.58,-0.61,2.99,0.93,0.59,-0.68,-42.56,4.31,-23.56,3.27,-4.94,10.57,0.02,-1.46,0.48,-8.82,-6.16,2.84,-0.57,-1.76,1.22,4.66,4.84,9.77,0.70,-0.72,1.99,0.00,0.00,0.00,0.00,0.00,0.00,-0.36,-4.30,8.83,-0.20,-2.27,-0.19
24.461412,11.04,0.85,3.30,0.93,0.59,-0.68,-41.94,2.81,-23.12,2.94,-4.87,10.86,-0.03,-1.37,0.62,-8.78,-6.25,2.24,-0.70,-1.73,1.14,4.19,5.44,9.80,0.65,-0.47,2.01,0.00,0.00,0.00,0.00,0.00,0.00,-0.40,-4.42,9.60,-0.17,-2.02,0.18
24.461426,11.43,1.34,3.95,1.97,0.41,-0.74,-41.94,2.81,-23.12,3.18,-5.03,10.91,0.07,-1.45,0.62,-9.59,-6.40,2.17,-0.70,-1.59,1.02,4.27,6.03,10.04,0.61,-0.34,1.88,0.00,0.00,0.00,0.00,0.00,0.00,-1.69,-4.40,9.79,-0.23,-1.86,0.23
24.461441,11.34,1.04,4.14,1.97,0.41,-0.74,-40.69,-2.88,-21.50,3.02,-5.07,10.62,0.21,-1.54,0.75,-9.83,-6.25,2.61,-0.69,-1.65,0.91,4.55,5.89,9.76,0.57,-0.43,1.90,0.00,0.00,0.00,0.00,0.00,0.00,-0.91,-5.00,9.39,-0.19,-1.83,0.35
24.461452,11.35,1.61,3.72,1.97,0.41,-0.74,-39.75,-7.44,-20.19,3.61,-4.91,11.06,0.35,-1.71,0.79,-9.43,-6.05,2.91,-0.65,-1.73,0.84,5.04,5.73,9.73,0.61,-0.45,1.91,0.00,0.00,0.00,0.00,0.00,0.00,1.44,-5.28,9.37,0.07,-1.67,0.69
24.461463,11.58,2.42,3.88,1.97,0.41,-0.74,-39.75,-7.44,-20.19,4.35,-4.58,11.97,0.41,-1.60,0.76,-9.61,-5.96,2.89,-0.66,-1.57,0.75,5.34,6.21,9.94,0.64,-0.26,1.73,0.00,0.00,0.00,0.00,0.00,0.00,2.06,-4.55,10.35,0.30,-1.14,1.13
24.461474,11.46,2.50,4.45,1.62,0.37,-0.48,-39.75,-7.44,-20.19,4.37,-4.10,12.65,0.36,-1.40,0.80,-10.38,-5.84,3.02,-0.73,-1.36,0.55,5.55,6.82,10.03,0.59,0.00,1.56,0.00,0.00,0.00,0.00,0.00,0.00,0.20,-3.80,10.76,0.36,-0.67,1.49
24.461485,11.08,1.50,4.87,1.62,0.37,-0.48,-39.38,-9.56,-18.69,3.91,-4.00,12.37,0.27,-1.30,0.89,-10.50,-5.73,2.90,-0.76,-1.27,0.33,5.24,6.90,9.71,0.52,0.21,1.52,0.00,0.00,0.00,0.00,0.00,0.00,-1.87,-3.42,10.84,0.29,-0.65,1.53
24.461496,11.24,1.34,4.98,1.62,0.37,-0.48,-39.38,-9.56,-18.69,3.38,-4.16,11.83,0.28,-1.25,0.89,-9.78,-5.60,2.56,-0.70,-1.27,0.23,4.67,6.51,9.19,0.57,0.18,1.48,0.00,0.00,0.00,0.00,0.00,0.00,-1.93,-3.65,10.85,0.07,-0.70,1.34
24.463883,11.77,1.54,5.02,1.40,0.10,-0.12,-39.38,-9.56,-18.69,3.37,-4.12,11.92,0.37,-1.13,0.79,-9.69,-5.49,2.42,-0.63,-1.19,0.28,4.47,6.56,9.05,0.70,0.19,1.35,0.00,0.00,0.00,0.00,0.00,0.00,-1.63,-4.02,10.05,0.04,-0.62,1.25
24.463902,11.65,1.19,5.29,1.26,0.35,-0.08,-39.38,-9.56,-18.69,3.89,-4.04,12.11,0.41,-1.00,0.82,-10.10,-5.36,2.54,-0.67,-1.05,0.36,4.83,6.79,9.32,0.63,0.19,1.25,0.00,0.00,0.00,0.00,0.00,0.00,-1.84,-3.37,10.43,0.11,-0.58,1.30
24.463915,10.73,0.77,5.10,1.34,0.20,0.14,-37.94,-13.75,-16.06,3.84,-3.86,11.78,0.42,-0.88,0.96,-9.97,-5.17,2.55,-0.82,-0.97,0.37,4.80,6.76,9.03,0.57,0.30,1.23,0.00,0.00,0.00,0.00,0.00,0.00,-1.55,-3.23,10.25,0.09,-0.50,1.39
24.463928,10.73,1.23,5.18,1.34,0.20,0.14,-37.56,-14.75,-16.44,3.59,-3.23,12.02,0.44,-0.76,1.01,-9.67,-5.01,2.40,-0.90,-0.88,0.35,4.68,6.85,8.77,0.56,0.42,1.18,0.00,0.00,0.00,0.00,0.00,0.00,-1.97,-2.75,10.27,0.08,-0.40,1.38
24.463941,10.43,1.80,5.18,1.34,0.20,0.14,-37.56,-14.75,-16.44,3.30,-2.89,11.87,0.41,-0.57,0.93,-9.31,-4.98,2.05,-0.87,-0.67,0.37,4.18,6.85,8.32,0.50,0.42,0.96,0.00,0.00,0.00,0.00,0.00,0.00,-2.29,-2.65,10.27,-0.01,-0.32,1.19
24.463952,10.46,1.84,5.48,0.77,0.29,0.28,-38.62,-16.75,-14.19,3.21,-2.99,11.45,0.40,-0.45,0.80,-9.62,-4.68,2.64,-0.80,-0.53,0.40,4.71,6.69,8.17,0.47,0.36,0.80,0.00,0.00,0.00,0.00,0.00,0.00,-2.40,-2.62,9.93,-0.03,-0.26,1.05
24.480169,10.20,1.12,5.41,0.77,0.29,0.28,-38.44,-14.69,-16.00,3.40,-3.18,10.85,0.41,-0.53,0.83,-9.82,-4.23,3.36,-0.84,-0.64,0.44,5.39,6.34,7.88,0.47,0.30,0.93,0.00,0.00,0.00,0.00,0.00,0.00,-2.47,-2.31,10.11,-0.03,-0.40,1.06
24.502093,9.97,1.12,5.21,0.77,0.29,0.28,-37.75,-16.31,-14.94,3.78,-3.20,10.59,0.46,-0.78,0.98,-9.64,-3.99,3.48,-0.96,-0.90,0.54,5.59,6.27,7.76,0.52,0.27,1.19,0.00,0.00,0.00,0.00,0.00,0.00,-1.70,-2.26,9.96,-0.08,-0.62,1.15
24.527966,9.59,3.49,5.56,0.77,0.29,0.28,-37.75,-16.31,-14.94,4.47,-2.08,12.31,0.46,-0.66,0.99,-9.41,-4.51,2.25,-1.04,-0.74,0.49,4.81,7.30,8.27,0.48,0.49,1.07,0.00,0.00,0.00,0.00,0.00,0.00,-0.61,-1.94,10.11,-0.06,-0.40,1.16
24.549681,9.39,3.64,5.75,0.94,0.31,0.47,-37.75,-16.31,-14.94,4.32,-1.58,13.00,0.31,-0.15,0.80,-9.67,-4.81,1.85,-0.94,-0.25,0.24,4.44,7.82,8.37,0.30,0.67,0.55,0.00,0.00,0.00,0.00,0.00,0.00,-1.13,-1.65,10.44,-0.11,0.07,0.95
24.96802,9.66,2.23,5.91,0.14,0.08,0.74,-37.75,-16.31,-14.94,3.91,-1.95,12.54,0.12,0.24,0.65,-9.98,-4.65,2.30,-0.84,0.08,-0.02,4.67,7.56,8.23,0.10,0.77,0.21,0.00,0.00,0.00,0.00,0.00,0.00,-2.06,-1.65,10.60,-0.17,0.38,0.79
24.97078,10.36,1.15,6.17,-0.02,-0.11,0.80,-39.31,-15.75,-13.50,3.34,-2.27,11.99,0.03,0.34,0.59,-10.21,-4.47,2.52,-0.78,0.20,-0.13,4.79,7.41,8.22,0.02,0.75,0.09,0.00,0.00,0.00,0.00,0.00,0.00,-2.74,-1.62,10.75,-0.31,0.46,0.65
24.970801,10.08,1.46,6.21,-0.02,-0.11,0.80,-39.31,-15.75,-13.50,3.27,-1.95,12.62,-0.04,0.38,0.52,-10.34,-4.80,1.98,-0.71,0.27,-0.24,4.41,7.89,8.64,-0.06,0.77,0.00,0.00,0.00,0.00,0.00,0.00,0.00,-2.60,-1.55,10.91,-0.43,0.55,0.53
24.970819,10.08,2.30,6.14,0.06,-0.17,0.70,-39.31,-15.75,-13.50,3.53,-1.74,13.32,-0.19,0.64,0.36,-10.39,-5.15,1.46,-0.59,0.56,-0.48,4.11,8.16,9.06,-0.22,0.89,-0.30,0.00,0.00,0.00,0.00,0.00,0.00,-2.37,-1.66,10.72,-0.56,0.83,0.30
24.970942,9.89,1.08,5.75,-0.88,-0.48,1.06,-39.31,-15.75,-13.50,3.39,-2.20,12.36,-0.40,1.03,0.24,-10.07,-4.86,1.86,-0.48,0.87,-0.80,4.31,7.50,8.75,-0.44,1.08,-0.63,0.00,0.00,0.00,0.00,0.00,0.00,-2.61,-1.97,9.83,-0.63,1.14,0.09
24.970976,9.70,0.43,5.60,-0.88,-0.48,1.06,-40.62,-9.25,-14.19,2.89,-2.52,11.43,-0.47,1.16,0.26,-9.52,-4.63,2.02,-0.47,0.95,-0.92,4.11,6.84,8.27,-0.60,1.27,-0.69,0.00,0.00,0.00,0.00,0.00,0.00,-2.76,-2.25,9.12,-0.58,1.20,0.10
24.970988,9.51,0.08,5.25,-0.88,-0.48,1.06,-41.88,-7.69,-13.50,2.12,-2.55,10.80,-0.49,1.18,0.26,-8.85,-4.69,1.39,-0.46,0.95,-0.93,3.22,6.44,7.83,-0.60,1.20,-0.71,0.00,0.00,0.00,0.00,0.00,0.00,-3.40,-2.15,8.73,-0.57,1.20,0.08
24.971086,9.25,0.16,4.91,-0.88,-0.48,1.06,-41.88,-7.69,-13.50,1.67,-2.51,10.35,-0.49,1.22,0.18,-8.09,-4.76,0.77,-0.41,1.03,-0.92,2.43,6.05,7.43,-0.58,1.11,-0.81,0.00,0.00,0.00,0.00,0.00,0.00,-3.14,-2.34,8.03,-0.59,1.24,-0.03
24.971101,8.66,0.20,4.26,-1.00,-0.46,1.01,-41.88,-7.69,-13.50,1.45,-2.84,9.71,-0.46,1.35,0.02,-7.40,-4.81,0.51,-0.34,1.19,-0.89,2.06,5.50,7.39,-0.52,1.00,-1.01,0.00,0.00,0.00,0.00,0.00,0.00,-2.92,-2.66,7.35,-0.59,1.41,-0.14
24.971113,8.74,-0.30,3.99,-1.00,-0.46,1.01,-42.38,-4.69,-13.25,1.28,-3.16,9.60,-0.41,1.44,-0.05,-7.49,-4.97,0.63,-0.32,1.29,-0.85,2.12,5.33,7.64,-0.48,0.94,-1.11,0.00,0.00,0.00,0.00,0.00,0.00,-3.39,-2.77,7.26,-0.57,1.49,-0.18
24.971128,9.25,-1.57,3.95,-1.00,-0.46,1.01,-42.38,-4.69,-13.25,1.13,-3.79,9.58,-0.38,1.42,0.01,-7.81,-5.37,0.91,-0.35,1.25,-0.82,2.32,5.16,8.18,-0.45,0.90,-1.07,0.00,0.00,0.00,0.00,0.00,0.00,-3.78,-3.15,7.35,-0.58,1.45,-0.14
24.97114,10.12,-1.80,3.72,-0.88,-0.30,1.07,-42.38,-4.69,-13.25,0.89,-4.26,10.04,-0.33,1.38,0.10,-7.77,-6.06,0.45,-0.43,1.20,-0.77,1.81,5.24,8.85,-0.41,0.88,-1.00,0.00,0.00,0.00,0.00,0.00,0.00,-3.69,-3.93,7.43,-0.55,1.43,-0.04
24.971151,11.20,-1.38,4.11,-0.88,-0.30,1.07,-44.88,1.56,-14.56,0.38,-4.36,10.89,-0.26,1.51,0.08,-7.96,-6.79,-0.44,-0.44,1.33,-0.71,1.09,5.64,9.56,-0.34,0.91,-1.13,0.00,0.00,0.00,0.00,0.00,0.00,-4.49,-4.21,7.86,-0.49,1.59,-0.03
24.971162,11.23,-2.14,4.49,-1.12,-0.12,1.21,-45.31,3.94,-13.25,-0.46,-4.19,11.24,-0.21,1.66,-0.01,-8.53,-7.04,-0.94,-0.38,1.47,-0.66,0.65,6.16,9.81,-0.28,0.92,-1.27,0.00,0.00,0.00,0.00,0.00,0.00,-5.75,-4.12,7.93,-0.52,1.74,-0.15
24.972941,10.81,-2.45,4.83,-1.29,-0.05,1.17,-45.31,3.94,-13.25,-0.89,-3.91,11.41,-0.19,1.68,-0.13,-8.90,-6.99,-1.20,-0.29,1.53,-0.64,0.46,6.56,9.77,-0.26,0.82,-1.35,0.00,0.00,0.00,0.00,0.00,0.00,-6.48,-3.85,8.01,-0.53,1.74,-0.32
24.972966,10.54,-2.48,4.98,-1.35,-0.06,1.05,-45.38,9.50,-15.25,-0.74,-3.60,11.49,-0.19,1.65,-0.25,-9.16,-6.67,-1.02,-0.18,1.52,-0.64,0.80,6.76,9.66,-0.27,0.72,-1.38,0.00,0.00,0.00,0.00,0.00,0.00,-6.10,-3.64,7.78,-0.57,1.71,-0.47
24.972978,9.63,-2.33,4.95,-1.35,-0.06,1.05,-45.38,9.50,-15.25,-0.53,-3.21,11.49,-0.23,1.63,-0.28,-9.12,-6.35,-1.10,-0.14,1.50,-0.69,0.86,6.93,9.40,-0.32,0.72,-1.38,0.00,0.00,0.00,0.00,0.00,0.00,-5.86,-3.36,7.50,-0.52,1.69,-0.49
24.972988,9.16,-2.14,4.95,-1.34,-0.18,0.94,-45.38,9.50,-15.25,-0.78,-2.66,11.22,-0.31,1.63,-0.33,-8.83,-6.00,-1.43,-0.09,1.52,-0.76,0.52,6.96,8.85,-0.39,0.75,-1.41,0.00,0.00,0.00,0.00,0.00,0.00,-6.01,-2.80,7.36,-0.51,1.71,-0.53
24.972998,8.02,-2.48,4.68,-1.50,-0.37,0.85,-45.38,9.50,-15.25,-1.21,-2.22,10.49,-0.40,1.63,-0.41,-8.26,-5.52,-1.72,0.01,1.52,-0.85,0.11,6.69,8.11,-0.49,0.73,-1.45,0.00,0.00,0.00,0.00,0.00,0.00,-6.19,-2.68,6.30,-0.53,1.72,-0.65
24.98174,7.52,-2.52,4.45,-1.50,-0.37,0.85,-47.38,17.06,-14.88,-1.72,-1.93,9.44,-0.45,1.58,-0.54,-7.34,-5.03,-2.09,0.16,1.48,-0.88,-0.51,6.09,7.13,-0.56,0.60,-1.49,0.00,0.00,0.00,0.00,0.00,0.00,-6.24,-2.72,5.07,-0.47,1.63,-0.79
25.001456,7.06,-2.52,4.11,-1.50,-0.37,0.85,-47.38,17.06,-14.88,-1.97,-1.84,8.57,-0.45,1.52,-0.69,-6.62,-4.61,-2.23,0.32,1.45,-0.85,-0.72,5.60,6.57,-0.57,0.47,-1.52,0.00,0.00,0.00,0.00,0.00,0.00,-5.83,-2.68,4.32,-0.35,1.53,-0.89
25.026044,6.17,-3.02,3.45,-1.63,-0.29,0.43,-47.88,20.00,-15.38,-1.75,-1.82,7.90,-0.44,1.40,-0.80,-6.14,-4.14,-2.08,0.42,1.38,-0.81,-0.62,5.18,6.04,-0.56,0.35,-1.49,0.00,0.00,0.00,0.00,0.00,0.00,-5.48,-1.98,4.19,-0.30,1.43,-0.93
25.047768,5.68,-3.37,3.38,-1.51,-0.30,0.40,-47.88,20.00,-15.38,-1.87,-1.57,7.81,-0.47,1.35,-0.77,-5.83,-4.08,-2.48,0.42,1.33,-0.82,-1.05,5.17,5.83,-0.60,0.32,-1.44,0.00,0.00,0.00,0.00,0.00,0.00,-5.49,-1.92,3.55,-0.28,1.36,-0.92
25.06919,5.52,-3.41,3.34,-1.51,-0.30,0.40,-47.44,22.38,-14.38,-2.66,-1.52,7.38,-0.52,1.35,-0.80,-5.31,-4.19,-3.05,0.47,1.30,-0.84,-1.78,4.90,5.61,-0.65,0.25,-1.43,0.00,0.00,0.00,0.00,0.00,0.00,-5.92,-2.10,2.97,-0.26,1.33,-0.96
25.481919,5.83,-4.29,2.69,-1.55,-0.36,0.17,-48.25,25.94,-14.94,-3.55,-1.90,6.55,-0.51,1.25,-0.92,-4.58,-4.34,-3.54,0.59,1.24,-0.80,-2.57,4.26,5.40,-0.67,0.08,-1.42,0.00,0.00,0.00,0.00,0.00,0.00,-6.18,-2.83,1.94,-0.17,1.23,-1.02
25.481948,5.83,-4.29,2.69,-1.55,-0.36,0.17,-48.25,25.94,-14.94,-4.19,-2.09,6.17,-0.45,1.13,-1.03,-4.24,-4.58,-3.90,0.72,1.17,-0.69,-3.03,3.98,5.46,-0.63,-0.08,-1.41,0.00,0.00,0.00,0.00,0.00,0.00,-6.55,-3.19,1.50,-0.04,1.14,-1.04
25.481976,5.95,-4.59,1.92,-1.53,-0.22,-0.04,-48.12,27.81,-13.62,-4.54,-2.45,6.18,-0.38,0.95,-1.22,-4.06,-5.15,-4.12,0.90,1.09,-0.58,-3.39,3.71,5.89,-0.57,-0.30,-1.39,0.00,0.00,0.00,0.00,0.00,0.00,-6.96,-3.55,1.46,0.09,0.98,-1.14
25.481988,6.21,-4.59,1.42,-1.53,-0.22,-0.04,-48.12,27.81,-13.62,-4.46,-3.05,5.94,-0.34,0.79,-1.37,-3.76,-5.56,-3.84,1.07,0.98,-0.50,-3.35,3.12,6.13,-0.53,-0.49,-1.35,0.00,0.00,0.00,0.00,0.00,0.00,-6.89,-4.15,1.19,0.19,0.79,-1.25
25.482001,6.71,-4.52,0.96,-1.54,-0.09,-0.48,-48.12,27.81,-13.62,-4.15,-3.79,5.36,-0.26,0.59,-1.49,-3.32,-5.72,-3.14,1.23,0.83,-0.37,-2.89,2.37,6.18,-0.45,-0.73,-1.26,0.00,0.00,0.00,0.00,0.00,0.00,-6.33,-4.57,1.20,0.31,0.57,-1.32
25.482014,6.90,-3.75,0.08,-1.44,0.01,-0.71,-48.56,25.25,-12.06,-3.18,-4.66,4.69,-0.14,0.30,-1.53,-2.81,-5.70,-1.77,1.33,0.58,-0.15,-1.85,1.36,6.22,-0.31,-0.95,-1.06,0.00,0.00,0.00,0.00,0.00,0.00,-5.01,-5.04,1.18,0.46,0.24,-1.29
25.482029,7.14,-3.10,-0.22,-1.44,0.01,-0.71,-48.81,25.38,-13.50,-2.17,-5.14,4.41,0.02,0.02,-1.48,-2.66,-5.77,-0.68,1.33,0.36,0.07,-0.83,0.85,6.45,-0.16,-1.08,-0.82,0.00,0.00,0.00,0.00,0.00,0.00,-3.86,-5.26,1.44,0.63,-0.04,-1.15
25.482043,7.13,-2.22,-0.45,-0.59,0.36,-1.16,-48.75,25.06,-15.62,-0.88,-5.36,4.72,0.12,-0.23,-1.42,-2.86,-6.03,0.50,1.28,0.16,0.21,0.26,0.74,6.90,-0.06,-1.15,-0.59,0.00,0.00,0.00,0.00,0.00,0.00,-2.68,-5.02,2.48,0.73,-0.27,-1.01
25.482055,7.21,-1.18,-0.72,-0.59,0.36,-1.16,-48.75,25.06,-15.62,0.79,-5.77,4.94,0.12,-0.43,-1.28,-2.94,-6.10,1.86,1.20,-0.01,0.22,1.66,0.40,7.21,-0.01,-1.15,-0.38,0.00,0.00,0.00,0.00,0.00,0.00,-1.19,-5.05,3.34,0.73,-0.41,-0.86
25.482066,8.67,0.89,-0.80,-0.25,0.24,-1.02,-47.69,21.38,-14.00,2.23,-6.63,4.57,0.18,-0.56,-1.05,-2.63,-5.89,3.45,1.04,-0.17,0.30,3.05,-0.47,7.16,0.07,-1.08,-0.13,0.00,0.00,0.00,0.00,0.00,0.00,-0.14,-5.63,3.94,0.68,-0.56,-0.62
25.482077,8.67,0.89,-0.80,0.06,0.37,-0.98,-48.12,19.44,-13.94,3.06,-7.30,4.46,0.33,-0.75,-0.82,-2.85,-5.86,4.52,0.84,-0.36,0.50,4.04,-0.73,7.43,0.24,-1.03,0.15,0.00,0.00,0.00,0.00,0.00,0.00,0.66,-6.12,4.44,0.72,-0.75,-0.33
25.482089,9.63,1.23,-0.38,0.06,0.37,-0.98,-48.12,19.44,-13.94,3.92,-7.31,5.41,0.49,-0.94,-0.52,-3.79,-6.15,5.25,0.56,-0.59,0.72,4.95,-0.06,8.18,0.41,-0.94,0.47,0.00,0.00,0.00,0.00,0.00,0.00,1.01,-5.86,5.62,0.76,-0.92,0.02
25.4821,9.51,1.23,-0.11,0.88,0.62,-0.83,-48.12,19.44,-13.94,4.31,-6.97,6.72,0.54,-1.07,-0.21,-4.91,-6.70,5.30,0.27,-0.81,0.77,5.24,0.88,9.00,0.46,-0.78,0.75,0.00,0.00,0.00,0.00,0.00,0.00,0.60,-5.52,6.80,0.71,-1.04,0.35
25.482111,9.70,1.50,0.12,0.88,0.62,-0.83,-48.19,15.69,-15.50,4.85,-6.98,7.55,0.46,-1.17,0.09,-5.48,-7.02,5.65,0.04,-0.97,0.69,5.70,1.30,9.53,0.44,-0.57,0.99,0.00,0.00,0.00,0.00,0.00,0.00,0.71,-5.57,7.61,0.55,-1.16,0.54
25.484545,10.16,2.07,0.16,0.88,0.62,-0.83,-47.31,16.62,-16.25,5.40,-7.58,7.43,0.43,-1.21,0.37,-5.43,-6.95,6.23,-0.19,-1.13,0.64,6.21,0.95,9.58,0.43,-0.37,1.22,0.00,0.00,0.00,0.00,0.00,0.00,1.32,-5.82,8.21,0.38,-1.25,0.78
25.48457,11.31,1.96,0.08,0.88,0.62,-0.83,-47.31,16.62,-16.25,5.39,-8.01,7.19,0.51,-1.26,0.70,-5.35,-6.86,6.23,-0.49,-1.29,0.72,6.16,0.79,9.54,0.54,-0.18,1.47,0.00,0.00,0.00,0.00,0.00,0.00,1.11,-6.24,8.10,0.18,-1.25,1.08
25.484583,11.00,1.15,0.62,1.86,0.40,-0.24,-47.31,16.62,-16.25,4.47,-7.67,7.26,0.66,-1.38,1.01,-5.76,-6.96,5.67,-0.77,-1.50,0.88,5.64,1.26,9.50,0.71,-0.06,1.76,0.00,0.00,0.00,0.00,0.00,0.00,0.06,-6.34,7.77,0.14,-1.35,1.38
25.484601,10.54,1.23,0.35,2.22,0.51,-0.25,-47.31,16.62,-16.25,4.48,-7.54,6.85,0.77,-1.65,1.25,-5.76,-6.79,5.80,-0.94,-1.78,1.04,5.78,1.15,9.22,0.86,-0.02,2.10,0.00,0.00,0.00,0.00,0.00,0.00,-0.05,-6.20,7.46,0.11,-1.62,1.61
25.484613,9.85,2.53,-0.45,3.04,0.61,-0.32,-47.31,16.62,-16.25,5.53,-7.65,5.92,0.95,-1.96,1.56,-4.80,-5.91,6.16,-1.17,-2.10,1.22,6.27,0.47,8.36,1.07,0.10,2.51,0.00,0.00,0.00,0.00,0.00,0.00,1.86,-6.21,6.72,0.15,-1.90,1.96
25.497025,9.85,2.53,-0.45,3.04,0.61,-0.32,-47.31,16.62,-16.25,5.95,-6.98,6.05,1.27,-1.91,1.79,-3.92,-5.08,4.86,-1.48,-2.00,1.51,5.36,0.79,7.36,1.44,0.32,2.55,0.00,0.00,0.00,0.00,0.00,0.00,3.50,-6.03,6.21,0.32,-1.69,2.35
25.517413,9.59,2.15,2.15,3.05,1.06,0.06,-47.31,16.62,-16.25,4.73,-4.95,7.10,1.60,-1.61,1.86,-5.19,-4.50,3.18,-1.73,-1.66,1.81,4.21,2.83,6.79,1.80,0.50,2.33,0.00,0.00,0.00,0.00,0.00,0.00,0.68,-3.80,7.00,0.45,-1.30,2.65
25.540997,7.25,-1.07,4.64,2.75,1.58,0.42,-45.31,3.94,-14.00,2.54,-2.54,8.40,1.74,-1.54,1.91,-7.43,-3.97,1.61,-1.81,-1.61,1.92,3.19,5.36,6.51,1.93,0.52,2.33,0.00,0.00,0.00,0.00,0.00,0.00,-3.22,-1.99,6.92,0.47,-1.25,2.75
25.562801,7.86,-1.61,6.02,2.92,1.43,0.25,-45.31,3.94,-14.00,1.33,-1.07,9.63,1.78,-1.59,1.95,-8.49,-3.57,-0.28,-1.80,-1.64,1.97,1.90,7.18,6.23,1.96,0.47,2.36,0.00,0.00,0.00,0.00,0.00,0.00,-4.25,-1.21,7.12,0.50,-1.31,2.74
25.990162,7.98,-1.61,6.98,2.92,1.43,0.25,-43.81,0.25,-18.06,0.32,0.12,10.50,1.78,-1.58,1.86,-9.37,-3.34,-1.46,-1.69,-1.60,1.99,1.01,8.47,5.99,1.98,0.40,2.28,0.00,0.00,0.00,0.00,0.00,0.00,-5.93,-0.32,7.20,0.56,-1.34,2.65
25.990758,7.44,-1.99,7.40,2.92,1.43,0.25,-43.12,-1.38,-16.94,-0.32,0.98,11.04,1.77,-1.61,1.69,-9.68,-3.03,-2.47,-1.54,-1.57,1.97,0.21,9.39,5.67,1.94,0.27,2.19,0.00,0.00,0.00,0.00,0.00,0.00,-6.25,0.23,7.13,0.61,-1.36,2.47
25.990776,7.13,-2.18,7.75,2.92,1.43,0.25,-42.38,-3.38,-18.25,-0.87,2.07,12.45,1.74,-1.43,1.42,-10.05,-3.10,-3.99,-1.35,-1.31,1.90,-0.85,10.70,5.81,1.87,0.20,1.85,0.00,0.00,0.00,0.00,0.00,0.00,-6.69,0.76,7.27,0.70,-1.11,2.23
25.990796,7.29,-2.22,9.43,2.92,1.43,0.25,-42.38,-3.38,-18.25,-1.79,2.63,13.35,1.62,-1.10,1.07,-11.03,-3.27,-4.65,-1.07,-0.90,1.72,-1.34,11.63,6.06,1.72,0.13,1.37,0.00,0.00,0.00,0.00,0.00,0.00,-8.37,1.30,7.58,0.78,-0.75,1.89
25.99081,7.32,-3.52,9.70,2.92,1.43,0.25,-41.44,-5.44,-18.50,-2.44,2.39,13.07,1.53,-0.95,0.83,-11.32,-3.19,-4.60,-0.82,-0.75,1.58,-1.43,11.59,6.05,1.54,-0.05,1.13,0.00,0.00,0.00,0.00,0.00,0.00,-9.34,1.22,7.43,0.84,-0.69,1.58
25.990823,7.67,-4.13,9.54,2.92,1.43,0.25,-39.50,-7.62,-18.44,-2.93,2.47,13.37,1.50,-0.85,0.55,-11.22,-3.24,-5.37,-0.57,-0.58,1.54,-2.08,11.90,6.09,1.45,-0.23,0.89,0.00,0.00,0.00,0.00,0.00,0.00,-9.43,0.94,7.28,0.96,-0.58,1.29
25.990834,8.32,-3.60,10.66,2.92,1.43,0.25,-39.50,-7.62,-18.44,-3.71,3.35,14.59,1.43,-0.69,0.13,-12.04,-3.49,-6.16,-0.23,-0.30,1.48,-2.61,13.06,6.44,1.36,-0.43,0.48,0.00,0.00,0.00,0.00,0.00,0.00,-10.60,1.54,7.74,1.14,-0.40,0.92
25.990915,7.52,-4.21,11.27,0.21,1.34,-0.52,-39.50,-7.62,-18.44,-3.82,3.90,15.37,1.21,-0.49,-0.37,-12.92,-3.41,-6.30,0.24,-0.02,1.25,-2.52,13.84,6.62,1.10,-0.67,0.06,0.00,0.00,0.00,0.00,0.00,0.00,-11.47,2.35,8.32,1.21,-0.25,0.38
25.990929,7.67,-4.32,11.39,-0.22,1.10,-0.70,-39.50,-7.62,-18.44,-3.87,3.96,15.38,1.00,-0.35,-0.73,-13.07,-3.26,-6.29,0.57,0.16,1.04,-2.47,13.95,6.51,0.86,-0.85,-0.24,0.00,0.00,0.00,0.00,0.00,0.00,-11.45,2.40,8.31,1.21,-0.14,-0.04
25.990942,7.90,-3.90,11.27,-0.85,0.85,-1.05,-39.50,-7.62,-18.44,-4.06,3.93,15.09,0.82,-0.25,-1.14,-12.96,-3.10,-6.16,0.99,0.31,0.86,-2.46,13.80,6.24,0.61,-1.15,-0.53,0.00,0.00,0.00,0.00,0.00,0.00,-11.64,2.22,8.06,1.29,-0.09,-0.48
25.990953,7.90,-3.90,11.27,-1.11,0.79,-1.33,-37.31,-8.38,-25.19,-3.67,3.97,15.29,0.69,-0.29,-1.51,-13.23,-3.10,-5.86,1.32,0.40,0.76,-2.03,13.98,6.41,0.41,-1.44,-0.75,0.00,0.00,0.00,0.00,0.00,0.00,-11.56,2.51,8.59,1.39,-0.10,-0.85
25.990978,8.21,-2.98,11.34,-1.11,0.79,-1.33,-37.31,-8.38,-25.19,-2.71,4.27,16.11,0.50,-0.29,-1.86,-13.92,-3.13,-5.31,1.67,0.51,0.57,-1.24,14.50,6.77,0.15,-1.68,-0.99,0.00,0.00,0.00,0.00,0.00,0.00,-11.16,2.95,9.53,1.41,-0.08,-1.26
25.99099,8.51,-2.18,11.61,-1.43,0.61,-1.52,-37.31,-8.38,-25.19,-1.31,4.21,17.03,0.22,-0.15,-2.18,-14.74,-3.18,-4.41,1.96,0.65,0.30,-0.01,14.95,7.31,-0.19,-1.83,-1.26,0.00,0.00,0.00,0.00,0.00,0.00,-10.58,3.24,10.95,1.34,0.01,-1.67
25.991002,10.16,-1.34,12.15,-2.12,0.05,-1.64,-37.31,-8.38,-25.19,0.00,4.00,17.93,-0.15,0.01,-2.45,-15.85,-3.29,-3.21,2.23,0.77,-0.04,1.41,15.42,7.96,-0.59,-1.93,-1.51,0.00,0.00,0.00,0.00,0.00,0.00,-10.25,3.38,12.44,1.21,0.09,-2.09
25.993063,10.70,-0.76,12.27,-2.12,0.05,-1.64,-34.25,-8.94,-29.06,1.50,3.80,18.38,-0.50,0.10,-2.62,-16.83,-3.15,-1.67,2.42,0.81,-0.38,3.09,15.65,8.38,-0.95,-1.96,-1.64,0.00,0.00,0.00,0.00,0.00,0.00,-9.46,3.81,13.94,1.03,0.09,-2.41
25.993077,10.81,0.23,12.27,-2.12,0.05,-1.64,-32.81,-8.69,-28.31,3.50,3.64,18.46,-0.88,0.13,-2.69,-17.28,-2.74,0.19,2.52,0.78,-0.74,5.02,15.47,8.40,-1.31,-1.93,-1.68,0.00,0.00,0.00,0.00,0.00,0.00,-7.74,4.16,15.20,0.75,0.05,-2.70
25.99309,10.85,1.92,12.04,-2.12,0.05,-1.64,-32.81,-8.69,-28.31,6.06,3.03,17.77,-1.25,0.18,-2.66,-17.07,-2.19,2.55,2.55,0.73,-1.09,7.36,14.44,8.14,-1.66,-1.85,-1.67,0.00,0.00,0.00,0.00,0.00,0.00,-5.14,4.20,16.02,0.45,0.00,-2.87
25.993101,10.78,5.10,9.89,-2.37,-1.45,-1.42,-32.81,-8.69,-28.31,9.06,1.53,15.89,-1.59,0.30,-2.45,-15.50,-1.49,5.66,2.37,0.66,-1.48,9.91,12.07,7.66,-1.99,-1.62,-1.58,0.00,0.00,0.00,0.00,0.00,0.00,-1.21,3.68,16.41,0.01,0.02,-2.90
25.993113,10.78,6.21,8.39,-2.37,-1.45,-1.42,-32.94,-6.62,-29.50,10.92,0.06,14.09,-1.75,0.51,-2.12,-13.64,-1.26,7.48,2.06,0.67,-1.71,11.21,9.83,7.27,-2.11,-1.25,-1.50,0.00,0.00,0.00,0.00,0.00,0.00,1.88,2.48,15.72,-0.36,0.23,-2.73
25.993125,10.70,6.79,7.09,-2.37,-1.45,-1.42,-34.62,-3.50,-29.25,11.48,-1.21,12.26,-1.81,0.76,-1.74,-12.03,-1.39,8.68,1.69,0.72,-1.85,11.74,7.78,6.97,-2.12,-0.81,-1.43,0.00,0.00,0.00,0.00,0.00,0.00,3.34,1.25,14.49,-0.64,0.46,-2.44
26.009771,9.89,6.75,4.91,-2.37,-1.45,-1.42,-34.38,-1.94,-30.75,11.63,-2.35,10.41,-1.82,0.93,-1.28,-10.26,-1.57,9.53,1.22,0.73,-1.95,11.94,5.81,6.65,-2.07,-0.33,-1.29,0.00,0.00,0.00,0.00,0.00,0.00,4.64,0.45,13.42,-0.93,0.65,-2.05
26.032126,8.97,6.09,3.18,-1.61,-1.69,0.11,-34.38,-1.94,-30.75,11.69,-3.33,8.90,-1.78,1.08,-0.78,-8.68,-1.65,10.00,0.69,0.70,-2.00,11.82,4.12,6.33,-1.98,0.14,-1.07,0.00,0.00,0.00,0.00,0.00,0.00,5.57,-0.35,12.07,-1.20,0.82,-1.62
26.053814,8.82,5.45,2.80,-1.27,-1.70,0.52,-34.38,-1.94,-30.75,10.58,-3.85,7.86,-1.69,1.24,-0.30,-7.37,-2.05,9.50,0.18,0.65,-2.00,10.82,3.02,6.18,-1.85,0.57,-0.84,0.00,0.00,0.00,0.00,0.00,0.00,5.12,-1.31,10.42,-1.37,0.97,-1.11
26.078907,8.66,3.91,1.73,-0.60,-1.58,1.09,-34.38,-1.94,-30.75,8.41,-4.44,6.58,-1.55,1.29,0.19,-5.99,-2.74,8.31,-0.30,0.55,-1.89,9.07,1.94,6.04,-1.67,0.92,-0.56,0.00,0.00,0.00,0.00,0.00,0.00,3.81,-2.40,8.68,-1.47,1.02,-0.61
26.501331,8.66,3.91,1.73,-0.28,-1.42,1.14,-39.94,5.19,-26.06,6.78,-4.86,5.78,-1.39,1.10,0.51,-5.18,-3.18,7.41,-0.61,0.38,-1.71,7.82,1.26,6.00,-1.45,1.09,-0.28,0.00,0.00,0.00,0.00,0.00,0.00,2.64,-2.98,7.58,-1.49,0.92,-0.27
26.50136,8.59,2.95,1.35,-0.28,-1.42,1.14,-41.25,6.62,-23.62,5.69,-5.06,5.51,-1.19,0.86,0.80,-4.64,-3.54,6.47,-0.87,0.17,-1.49,6.76,1.00,6.06,-1.19,1.23,0.03,0.00,0.00,0.00,0.00,0.00,0.00,2.06,-3.36,6.83,-1.50,0.76,0.07
26.501374,8.32,1.96,1.04,-0.28,-1.42,1.14,-41.25,6.62,-23.62,4.84,-5.24,5.30,-1.02,0.64,1.05,-4.41,-3.83,5.87,-1.09,-0.03,-1.27,6.03,0.83,6.13,-0.95,1.32,0.31,0.00,0.00,0.00,0.00,0.00,0.00,1.23,-3.61,6.21,-1.48,0.59,0.41
26.501386,8.12,1.12,0.66,0.49,-1.07,1.15,-42.56,8.69,-23.00,4.10,-5.29,5.31,-0.81,0.31,1.37,-4.25,-4.17,5.20,-1.35,-0.35,-1.03,5.36,0.78,6.31,-0.69,1.40,0.71,0.00,0.00,0.00,0.00,0.00,0.00,0.55,-3.59,5.97,-1.44,0.35,0.79
26.501398,8.06,0.96,0.58,1.28,-0.87,1.12,-42.56,8.69,-23.00,3.62,-5.09,5.59,-0.65,0.08,1.63,-4.06,-4.40,4.34,-1.55,-0.59,-0.84,4.47,1.07,6.37,-0.50,1.45,1.02,0.00,0.00,0.00,0.00,0.00,0.00,0.11,-3.68,5.63,-1.47,0.17,1.06
26.50141,8.17,1.08,0.96,1.28,-0.87,1.12,-44.25,11.19,-20.62,2.99,-4.49,6.43,-0.52,0.04,1.74,-4.07,-4.87,3.05,-1.66,-0.64,-0.71,3.47,1.74,6.64,-0.37,1.49,1.10,0.00,0.00,0.00,0.00,0.00,0.00,-0.46,-3.69,5.44,-1.43,0.16,1.20
26.501423,8.09,1.31,1.23,1.28,-0.87,1.12,-44.81,10.75,-20.62,2.51,-4.41,6.63,-0.45,0.07,1.77,-4.34,-5.00,2.70,-1.71,-0.62,-0.64,3.17,1.97,6.79,-0.29,1.54,1.10,0.00,0.00,0.00,0.00,0.00,0.00,-1.26,-3.43,5.65,-1.46,0.18,1.24
26.501447,8.09,0.73,1.31,1.28,-0.87,1.12,-45.25,8.31,-20.50,2.24,-4.52,6.80,-0.38,0.04,1.85,-4.67,-4.90,2.42,-1.80,-0.66,-0.54,2.98,2.28,6.82,-0.18,1.58,1.18,0.00,0.00,0.00,0.00,0.00,0.00,-1.63,-3.48,5.54,-1.47,0.15,1.36
26.501459,8.93,-1.64,2.88,1.28,-0.87,1.12,-45.25,12.06,-17.81,1.24,-4.19,7.53,-0.24,-0.05,1.99,-5.54,-5.14,1.53,-1.93,-0.76,-0.39,2.27,3.24,7.14,-0.05,1.59,1.33,0.00,0.00,0.00,0.00,0.00,0.00,-3.23,-3.20,5.83,-1.43,0.10,1.57
26.50147,8.93,-2.18,3.26,1.75,-0.43,1.26,-45.25,12.06,-17.81,0.28,-3.46,8.73,-0.18,-0.18,2.07,-6.47,-5.67,0.25,-1.97,-0.88,-0.30,1.29,4.51,7.72,0.01,1.56,1.45,0.00,0.00,0.00,0.00,0.00,0.00,-4.96,-2.77,6.23,-1.45,0.00,1.62
26.501481,9.01,-2.14,3.68,1.81,-0.48,1.16,-45.25,12.06,-17.81,-0.44,-2.70,10.28,-0.19,-0.17,2.01,-6.97,-6.32,-1.39,-1.91,-0.84,-0.32,-0.00,5.77,8.32,-0.03,1.50,1.38,0.00,0.00,0.00,0.00,0.00,0.00,-5.66,-2.76,6.25,-1.51,0.02,1.48
26.501492,9.28,-2.14,4.18,1.45,-0.56,1.17,-45.25,12.06,-17.81,-1.24,-2.15,11.37,-0.27,0.07,1.80,-7.37,-6.79,-2.65,-1.78,-0.57,-0.44,-1.00,6.68,8.79,-0.13,1.51,1.07,0.00,0.00,0.00,0.00,0.00,0.00,-6.32,-2.89,6.02,-1.49,0.26,1.24
26.501503,9.31,-2.68,4.64,0.84,-0.63,1.29,-45.25,12.06,-17.81,-2.17,-1.95,11.69,-0.38,0.35,1.54,-7.76,-7.01,-3.42,-1.59,-0.25,-0.59,-1.75,7.12,8.95,-0.26,1.49,0.70,0.00,0.00,0.00,0.00,0.00,0.00,-7.65,-2.78,5.99,-1.45,0.50,0.98
26.501514,9.31,-3.67,4.87,0.84,-0.63,1.29,-47.19,14.06,-15.06,-3.19,-2.07,11.53,-0.46,0.54,1.30,-7.96,-7.07,-3.97,-1.40,-0.04,-0.68,-2.37,7.22,8.99,-0.37,1.38,0.42,0.00,0.00,0.00,0.00,0.00,0.00,-8.74,-2.86,5.77,-1.46,0.64,0.70
26.504188,9.39,-6.20,5.41,0.13,-0.63,0.94,-47.19,18.88,-14.25,-4.65,-2.02,11.43,-0.50,0.59,1.02,-8.22,-7.11,-4.68,-1.15,0.07,-0.70,-3.14,7.46,9.00,-0.43,1.19,0.24,0.00,0.00,0.00,0.00,0.00,0.00,-10.06,-2.80,5.48,-1.46,0.70,0.42
26.504218,9.05,-6.70,5.64,0.13,-0.63,0.94,-47.19,18.88,-14.25,-5.26,-1.85,11.47,-0.53,0.51,0.83,-8.50,-7.01,-5.20,-0.94,0.05,-0.68,-3.60,7.75,8.93,-0.47,1.00,0.20,0.00,0.00,0.00,0.00,0.00,0.00,-10.99,-2.57,5.23,-1.49,0.62,0.18
26.504232,8.82,-6.85,5.95,0.14,-0.61,0.69,-47.19,18.88,-14.25,-5.91,-1.38,11.56,-0.55,0.40,0.64,-8.63,-6.85,-5.92,-0.72,-0.00,-0.65,-4.18,8.17,8.75,-0.50,0.77,0.18,0.00,0.00,0.00,0.00,0.00,0.00,-11.28,-2.56,4.61,-1.48,0.49,-0.05
26.504244,7.70,-6.66,6.36,-0.07,-0.65,0.25,-47.19,18.88,-14.25,-6.38,-0.35,12.24,-0.63,0.33,0.34,-8.93,-6.83,-6.93,-0.43,0.01,-0.70,-4.96,9.09,8.70,-0.63,0.52,0.06,0.00,0.00,0.00,0.00,0.00,0.00,-11.62,-2.26,3.90,-1.32,0.42,-0.32
26.504256,7.13,-6.55,6.36,-0.48,-0.86,0.12,-47.19,18.88,-14.25,-6.51,0.37,12.56,-0.80,0.39,0.04,-8.92,-6.71,-7.64,-0.12,0.15,-0.89,-5.42,9.54,8.53,-0.84,0.36,-0.16,0.00,0.00,0.00,0.00,0.00,0.00,-11.62,-1.86,3.73,-1.18,0.46,-0.63
26.504267,6.87,-6.59,6.14,-0.48,-0.86,0.12,-47.19,18.88,-14.25,-6.73,0.62,11.96,-1.04,0.56,-0.35,-8.41,-6.36,-7.88,0.25,0.37,-1.15,-5.73,9.22,7.96,-1.13,0.19,-0.51,0.00,0.00,0.00,0.00,0.00,0.00,-11.47,-1.84,3.04,-1.04,0.59,-1.02
26.523122,6.41,-7.23,5.14,-0.98,-1.08,0.03,-49.50,21.31,-10.44,-7.12,0.21,10.22,-1.19,0.63,-0.70,-7.41,-5.72,-7.73,0.59,0.48,-1.29,-5.88,8.11,6.95,-1.31,-0.04,-0.74,0.00,0.00,0.00,0.00,0.00,0.00,-11.29,-2.12,2.00,-0.86,0.61,-1.32
26.54347,6.41,-7.23,5.14,-1.40,-1.11,-0.42,-49.19,20.69,-8.69,-7.77,-0.14,8.58,-1.20,0.52,-0.98,-6.34,-5.24,-7.64,0.90,0.45,-1.23,-6.19,6.94,6.02,-1.34,-0.35,-0.81,0.00,0.00,0.00,0.00,0.00,0.00,-11.39,-2.42,0.94,-0.64,0.48,-1.52
26.565839,5.79,-7.28,4.11,-1.40,-1.11,-0.42,-49.19,20.69,-8.69,-7.70,-0.69,6.85,-1.10,0.17,-1.28,-5.22,-4.75,-6.84,1.27,0.24,-1.00,-5.80,5.61,5.28,-1.25,-0.78,-0.74,0.00,0.00,0.00,0.00,0.00,0.00,-10.82,-2.67,-0.11,-0.36,0.12,-1.71
26.588343,5.14,-6.01,2.61,-1.40,-1.11,-0.42,-50.00,19.62,-6.50,-6.37,-1.33,5.68,-0.94,-0.23,-1.48,-4.03,-4.42,-5.73,1.54,-0.02,-0.75,-4.93,4.30,4.83,-1.13,-1.18,-0.57,0.00,0.00,0.00,0.00,0.00,0.00,-8.82,-2.57,-0.15,-0.10,-0.29,-1.84
27.008141,5.07,-4.36,1.84,-0.89,-0.52,-1.60,-50.00,19.62,-6.50,-4.43,-1.76,5.42,-0.79,-0.40,-1.63,-3.04,-4.33,-4.75,1.69,-0.08,-0.58,-3.89,3.38,4.74,-0.99,-1.40,-0.56,0.00,0.00,0.00,0.00,0.00,0.00,-5.80,-2.74,-0.02,0.06,-0.42,-1.93
27.011855,5.03,-3.21,1.27,-1.04,-0.37,-1.54,-50.00,19.62,-6.50,-3.01,-2.15,5.29,-0.67,-0.31,-1.76,-2.42,-4.40,-3.74,1.76,0.04,-0.50,-3.00,2.71,4.79,-0.90,-1.44,-0.70,0.00,0.00,0.00,0.00,0.00,0.00,-4.01,-3.10,0.09,0.26,-0.25,-1.89
27.011884,5.22,-2.33,0.23,-1.04,-0.37,-1.54,-49.56,13.31,-6.56,-2.07,-2.82,4.81,-0.58,-0.14,-1.86,-2.00,-4.57,-2.53,1.79,0.21,-0.47,-2.03,1.81,4.94,-0.84,-1.43,-0.88,0.00,0.00,0.00,0.00,0.00,0.00,-3.34,-3.48,0.38,0.44,-0.06,-1.85
27.011898,5.64,-2.06,-0.22,-1.04,-0.37,-1.54,-49.56,13.31,-6.56,-1.45,-3.71,3.92,-0.48,-0.09,-1.88,-1.54,-4.54,-1.22,1.80,0.29,-0.40,-1.10,0.82,4.90,-0.75,-1.43,-0.94,0.00,0.00,0.00,0.00,0.00,0.00,-2.60,-4.15,0.23,0.60,-0.01,-1.78
27.011908,5.99,-1.72,-0.72,-1.44,-0.13,-1.29,-49.56,13.31,-6.56,-0.64,-4.51,2.79,-0.30,-0.19,-1.87,-0.81,-4.35,0.10,1.78,0.24,-0.22,-0.14,-0.44,4.57,-0.55,-1.49,-0.86,0.00,0.00,0.00,0.00,0.00,0.00,-1.63,-4.64,0.15,0.82,-0.11,-1.63
27.011921,5.95,0.31,-1.53,-1.20,0.09,-1.37,-47.88,9.62,-6.06,0.68,-5.11,2.20,-0.02,-0.32,-1.84,-0.10,-4.21,1.53,1.75,0.19,0.07,1.05,-1.39,4.47,-0.27,-1.54,-0.78,0.00,0.00,0.00,0.00,0.00,0.00,0.12,-4.95,0.46,1.05,-0.25,-1.47
27.011932,6.17,1.31,-1.91,-1.20,0.09,-1.37,-47.62,6.75,-7.75,2.39,-5.66,2.48,0.21,-0.32,-1.78,-0.11,-4.33,2.90,1.65,0.22,0.30,2.40,-1.72,4.89,-0.05,-1.52,-0.76,0.00,0.00,0.00,0.00,0.00,0.00,1.64,-4.94,1.68,1.17,-0.25,-1.29
27.011943,6.75,1.80,-1.95,-1.20,0.09,-1.37,-47.62,6.75,-7.75,3.39,-6.01,2.97,0.39,-0.30,-1.64,-0.75,-4.56,4.15,1.47,0.24,0.48,3.62,-1.66,5.48,0.14,-1.43,-0.70,0.00,0.00,0.00,0.00,0.00,0.00,2.15,-5.15,2.65,1.22,-0.20,-1.04
27.011981,7.29,2.04,-1.68,-0.83,0.78,-1.15,-47.62,6.75,-7.75,3.78,-6.17,3.56,0.54,-0.34,-1.48,-1.52,-4.98,4.90,1.30,0.18,0.63,4.29,-1.35,6.09,0.30,-1.36,-0.57,0.00,0.00,0.00,0.00,0.00,0.00,1.80,-5.54,3.36,1.28,-0.25,-0.81
27.011994,8.51,2.72,-1.11,-0.39,0.91,-1.12,-45.50,1.88,-10.31,4.61,-6.75,4.36,0.68,-0.50,-1.33,-2.34,-5.57,6.08,1.17,0.02,0.79,5.41,-1.16,7.01,0.45,-1.34,-0.39,0.00,0.00,0.00,0.00,0.00,0.00,2.05,-6.16,4.49,1.37,-0.47,-0.60
27.012007,10.58,3.84,-0.64,-0.39,0.91,-1.12,-46.12,2.44,-11.06,6.09,-7.27,5.65,0.80,-0.60,-1.13,-3.22,-6.01,7.09,0.99,-0.06,0.92,6.69,-0.69,8.07,0.61,-1.25,-0.22,0.00,0.00,0.00,0.00,0.00,0.00,3.03,-6.07,6.93,1.36,-0.55,-0.36
27.012018,11.24,4.14,-0.07,0.00,1.06,-0.89,-46.12,2.44,-11.06,6.95,-7.45,6.88,0.88,-0.62,-0.89,-4.37,-6.41,7.85,0.77,-0.10,1.00,7.59,0.01,8.90,0.73,-1.08,-0.10,0.00,0.00,0.00,0.00,0.00,0.00,3.01,-6.31,8.02,1.26,-0.52,-0.10
27.012031,11.54,4.10,0.31,0.20,1.03,-0.70,-46.12,2.44,-11.06,7.38,-7.53,7.65,0.92,-0.71,-0.58,-5.60,-6.75,8.80,0.49,-0.27,1.05,8.60,0.58,9.65,0.81,-0.87,0.17,0.00,0.00,0.00,0.00,0.00,0.00,2.56,-6.35,8.82,1.18,-0.65,0.22
27.012043,11.35,4.71,0.00,0.56,0.91,-0.65,-46.12,2.44,-11.06,8.38,-7.66,7.85,0.90,-0.82,-0.26,-5.75,-6.71,9.62,0.23,-0.49,1.03,9.45,0.48,9.84,0.83,-0.68,0.46,0.00,0.00,0.00,0.00,0.00,0.00,3.27,-6.00,9.83,1.05,-0.83,0.45
27.013928,11.39,5.71,-0.19,0.91,0.75,-0.47,-46.12,2.44,-11.06,9.57,-7.99,7.63,0.92,-0.82,0.10,-5.12,-6.28,10.05,-0.08,-0.59,1.01,9.91,0.00,9.46,0.89,-0.38,0.67,0.00,0.00,0.00,0.00,0.00,0.00,5.06,-6.01,10.31,0.79,-0.80,0.68
27.013944,11.39,5.71,-0.19,1.05,0.78,-0.12,-43.12,-2.62,-13.69,9.84,-8.05,7.32,1.07,-0.65,0.43,-4.73,-5.76,9.86,-0.46,-0.52,1.10,9.77,-0.10,8.92,1.10,-0.03,0.74,0.00,0.00,0.00,0.00,0.00,0.00,5.74,-6.30,9.71,0.64,-0.57,1.05
27.013954,11.12,4.60,1.12,1.05,0.78,-0.12,-43.00,-3.56,-14.31,8.99,-7.25,7.25,1.30,-0.49,0.80,-5.30,-5.26,9.28,-0.88,-0.45,1.30,9.35,0.56,8.43,1.37,0.27,0.85,0.00,0.00,0.00,0.00,0.00,0.00,4.21,-5.64,9.29,0.58,-0.44,1.50
27.013972,10.35,3.99,1.42,1.05,0.78,-0.12,-43.00,-3.56,-14.31,8.64,-6.59,6.85,1.46,-0.53,1.13,-5.48,-4.52,9.08,-1.20,-0.56,1.46,9.30,0.81,7.71,1.59,0.47,1.08,0.00,0.00,0.00,0.00,0.00,0.00,3.83,-4.75,9.09,0.55,-0.52,1.86
27.013981,9.70,4.14,1.35,1.83,1.31,0.67,-43.00,-3.56,-14.31,8.93,-5.96,6.47,1.71,-0.55,1.53,-5.15,-3.53,8.29,-1.62,-0.63,1.67,8.84,1.15,6.72,1.88,0.77,1.32,0.00,0.00,0.00,0.00,0.00,0.00,4.88,-4.20,8.60,0.53,-0.49,2.30
27.016657,9.59,4.03,1.92,2.20,1.51,0.97,-43.00,-3.56,-14.31,7.94,-4.54,7.03,1.97,-0.42,1.84,-5.37,-3.12,6.39,-1.97,-0.52,1.88,7.27,2.43,6.09,2.19,1.06,1.33,0.00,0.00,0.00,0.00,0.00,0.00,3.57,-3.34,8.07,0.58,-0.27,2.73
27.035994,8.89,2.42,4.11,2.20,1.51,0.97,-43.00,-3.56,-14.31,5.32,-2.14,8.43,2.18,-0.12,1.97,-6.76,-3.17,3.39,-2.23,-0.22,2.05,4.96,4.80,5.95,2.42,1.27,1.15,0.00,0.00,0.00,0.00,0.00,0.00,0.28,-1.77,7.93,0.65,0.07,3.02
27.059797,7.32,-0.19,5.95,1.78,1.96,1.58,-42.62,-4.50,-16.12,3.01,-0.30,9.47,2.19,0.06,1.93,-8.37,-3.06,1.41,-2.24,-0.05,2.03,3.36,6.81,5.81,2.43,1.33,1.02,0.00,0.00,0.00,0.00,0.00,0.00,-3.34,-0.14,8.12,0.56,0.21,2.95
27.081431,7.17,-1.53,6.75,1.79,1.78,1.48,-42.62,-4.50,-16.12,1.48,0.65,10.06,2.14,0.09,1.92,-9.20,-2.76,-0.17,-2.23,-0.06,1.97,2.11,8.02,5.54,2.37,1.30,1.02,0.00,0.00,0.00,0.00,0.00,0.00,-4.87,0.38,7.84,0.40,0.22,2.83
27.102507,7.29,-2.45,7.52,1.79,1.78,1.48,-42.44,-2.25,-19.69,-0.35,1.52,10.51,2.07,0.00,1.88,-9.79,-2.68,-1.80,-2.15,-0.12,1.93,0.59,9.11,5.38,2.29,1.18,1.05,0.00,0.00,0.00,0.00,0.00,0.00,-7.00,0.48,6.83,0.38,0.14,2.75
27.518504,6.83,-3.71,8.20,1.79,1.78,1.48,-41.56,-2.38,-19.69,-2.33,2.41,10.94,2.01,-0.14,1.75,-10.18,-2.85,-3.54,-1.94,-0.22,1.91,-0.91,10.00,5.38,2.21,0.98,1.04,0.00,0.00,0.00,0.00,0.00,0.00,-8.76,0.61,6.11,0.48,-0.03,2.59
27.518599,6.41,-4.02,8.35,1.71,1.63,0.83,-41.56,-2.38,-19.69,-3.26,3.04,11.43,1.90,-0.31,1.51,-10.52,-3.00,-4.56,-1.66,-0.29,1.84,-1.79,10.68,5.43,2.08,0.74,1.01,0.00,0.00,0.00,0.00,0.00,0.00,-9.82,1.02,5.94,0.59,-0.20,2.34
27.518613,5.95,-4.40,8.47,1.55,1.49,0.53,-41.56,-2.38,-19.69,-3.83,3.34,11.53,1.74,-0.44,1.26,-10.46,-2.95,-5.09,-1.35,-0.39,1.72,-2.33,10.85,5.29,1.88,0.49,0.99,0.00,0.00,0.00,0.00,0.00,0.00,-10.25,1.24,5.76,0.65,-0.37,2.02
27.518629,5.71,-4.44,8.47,1.55,1.49,0.53,-40.38,-2.81,-22.12,-4.20,3.24,11.16,1.61,-0.53,1.00,-9.86,-2.75,-5.59,-1.04,-0.44,1.65,-2.86,10.57,4.88,1.73,0.24,0.91,0.00,0.00,0.00,0.00,0.00,0.00,-10.08,0.86,5.10,0.74,-0.46,1.72
27.51864,6.29,-4.48,8.73,1.55,1.49,0.53,-39.38,-5.06,-20.31,-4.68,3.15,10.93,1.57,-0.63,0.67,-9.68,-2.63,-5.86,-0.71,-0.42,1.68,-3.15,10.55,4.75,1.66,-0.09,0.78,0.00,0.00,0.00,0.00,0.00,0.00,-10.27,0.78,4.89,0.92,-0.54,1.41
27.518651,6.25,-4.75,8.93,1.00,1.51,-0.32,-39.38,-5.06,-20.31,-4.69,3.67,11.75,1.53,-0.76,0.24,-10.33,-2.85,-5.99,-0.30,-0.38,1.68,-3.10,11.29,5.13,1.56,-0.44,0.61,0.00,0.00,0.00,0.00,0.00,0.00,-10.63,1.25,5.45,1.09,-0.60,1.05
27.51866,5.98,-3.98,9.32,0.78,1.50,-0.58,-39.38,-5.06,-20.31,-4.33,4.00,12.52,1.39,-0.78,-0.13,-10.73,-2.99,-6.04,0.06,-0.30,1.55,-2.97,11.77,5.40,1.36,-0.71,0.41,0.00,0.00,0.00,0.00,0.00,0.00,-10.48,1.37,5.84,1.18,-0.59,0.63
27.521279,6.37,-3.60,9.66,0.43,1.32,-0.80,-39.38,-5.06,-20.31,-3.90,3.99,13.00,1.22,-0.68,-0.49,-10.88,-2.98,-6.02,0.40,-0.13,1.40,-2.83,11.97,5.49,1.16,-0.95,0.12,0.00,0.00,0.00,0.00,0.00,0.00,-10.14,1.16,6.04,1.30,-0.46,0.27
27.521312,6.98,-3.56,9.96,-0.44,1.20,-1.12,-35.50,-8.12,-24.81,-3.76,3.99,13.46,1.07,-0.51,-0.91,-11.35,-2.90,-5.82,0.79,0.08,1.29,-2.53,12.35,5.61,0.96,-1.21,-0.24,0.00,0.00,0.00,0.00,0.00,0.00,-10.58,1.17,6.42,1.51,-0.33,-0.10
27.521327,7.36,-3.71,10.35,-0.44,1.20,-1.12,-34.50,-9.94,-28.62,-3.88,4.37,14.06,0.92,-0.51,-1.28,-12.52,-2.89,-5.39,1.17,0.18,1.17,-1.95,13.11,5.99,0.75,-1.49,-0.46,0.00,0.00,0.00,0.00,0.00,0.00,-11.63,1.95,7.57,1.63,-0.33,-0.46
27.521342,7.32,-3.71,11.08,-0.44,1.20,-1.12,-33.81,-10.88,-28.94,-3.35,4.78,14.58,0.71,-0.62,-1.59,-13.35,-2.64,-4.80,1.52,0.13,0.99,-1.12,13.69,6.03,0.46,-1.78,-0.55,0.00,0.00,0.00,0.00,0.00,0.00,-11.77,2.76,8.68,1.60,-0.47,-0.88
27.521356,7.52,-2.33,11.89,-0.96,0.62,-1.99,-33.81,-10.88,-28.94,-2.17,5.15,14.82,0.41,-0.79,-1.98,-13.68,-1.91,-4.05,1.93,0.06,0.78,-0.17,13.92,5.55,0.09,-2.13,-0.64,0.00,0.00,0.00,0.00,0.00,0.00,-10.92,3.09,9.26,1.55,-0.63,-1.39
27.521369,7.82,-1.22,12.38,-1.15,0.42,-2.21,-33.81,-10.88,-28.94,-1.07,5.51,15.02,0.21,-0.93,-2.29,-14.19,-1.15,-2.98,2.21,0.03,0.68,1.25,14.15,5.29,-0.20,-2.41,-0.71,0.00,0.00,0.00,0.00,0.00,0.00,-9.84,3.59,9.85,1.61,-0.77,-1.74
27.521387,7.75,-0.65,12.54,-1.15,0.42,-2.21,-29.75,-14.81,-29.12,0.98,5.88,15.46,-0.04,-1.07,-2.51,-15.06,-0.52,-1.59,2.41,-0.05,0.49,3.03,14.66,5.33,-0.50,-2.57,-0.72,0.00,0.00,0.00,0.00,0.00,0.00,-8.64,5.00,11.81,1.56,-0.89,-2.00
27.523231,7.40,0.16,12.72,-1.15,0.42,-2.21,-28.75,-11.25,-32.12,3.10,6.10,16.01,-0.36,-1.08,-2.58,-15.57,-0.15,-0.37,2.52,-0.13,0.15,4.53,14.89,5.44,-0.83,-2.57,-0.72,0.00,0.00,0.00,0.00,0.00,0.00,-7.13,5.67,13.14,1.27,-0.89,-2.26
27.523251,7.67,2.53,12.45,-1.15,0.42,-2.21,-28.75,-11.25,-32.12,4.94,5.68,15.76,-0.71,-0.98,-2.55,-15.38,0.28,1.20,2.57,-0.15,-0.27,6.09,14.26,5.26,-1.19,-2.44,-0.78,0.00,0.00,0.00,0.00,0.00,0.00,-5.19,5.47,13.73,0.93,-0.81,-2.48
27.523263,8.55,4.18,11.35,-1.58,-1.02,-2.03,-28.75,-11.25,-32.12,7.25,4.64,14.94,-1.07,-0.80,-2.43,-14.85,0.76,3.47,2.47,-0.12,-0.67,8.16,13.03,5.06,-1.53,-2.20,-0.81,0.00,0.00,0.00,0.00,0.00,0.00,-2.60,5.09,14.50,0.55,-0.69,-2.58
27.523275,8.70,5.14,10.96,-1.58,-1.02,-2.03,-27.06,-14.31,-33.44,8.95,3.90,14.55,-1.31,-0.63,-2.25,-14.62,0.85,5.20,2.32,-0.11,-0.96,9.70,12.26,5.17,-1.73,-1.96,-0.79,0.00,0.00,0.00,0.00,0.00,0.00,-1.01,5.00,15.30,0.22,-0.57,-2.56
27.523288,8.74,5.98,10.38,-1.58,-1.02,-2.03,-25.94,-13.00,-32.81,10.60,3.13,14.10,-1.51,-0.42,-1.98,-14.18,0.88,6.67,2.07,-0.09,-1.28,10.98,11.39,5.27,-1.92,-1.60,-0.74,0.00,0.00,0.00,0.00,0.00,0.00,1.06,4.58,15.66,-0.19,-0.40,-2.47
27.540891,8.89,7.13,8.86,-1.40,-1.71,-0.92,-25.94,-13.00,-32.81,11.75,1.97,13.13,-1.72,-0.08,-1.56,-13.01,0.73,7.80,1.64,0.04,-1.65,11.74,9.90,5.32,-2.06,-1.01,-0.72,0.00,0.00,0.00,0.00,0.00,0.00,2.97,3.48,15.26,-0.65,-0.07,-2.24
27.562591,9.20,7.09,8.28,-1.40,-1.71,-0.92,-28.81,-10.81,-32.12,11.52,1.07,12.33,-1.85,0.26,-1.18,-12.25,0.29,8.19,1.25,0.18,-1.85,11.67,8.88,5.41,-2.11,-0.53,-0.73,0.00,0.00,0.00,0.00,0.00,0.00,3.02,2.46,14.49,-0.97,0.24,-1.97
27.585474,9.20,5.68,7.09,-1.40,-1.71,-0.92,-29.50,-8.75,-32.94,10.56,0.23,11.38,-1.92,0.48,-0.81,-11.53,-0.30,8.26,0.86,0.21,-1.99,11.19,7.88,5.58,-2.13,-0.13,-0.62,0.00,0.00,0.00,0.00,0.00,0.00,2.52,1.54,13.50,-1.21,0.37,-1.70
27.60711,9.05,5.18,6.36,-1.00,-1.95,0.06,-29.50,-8.75,-32.94,9.84,-0.38,10.80,-1.95,0.59,-0.49,-10.67,-0.95,7.81,0.53,0.15,-2.09,10.39,7.12,5.83,-2.14,0.18,-0.45,0.00,0.00,0.00,0.00,0.00,0.00,2.47,0.79,12.52,-1.41,0.42,-1.43
28.0315,8.93,4.75,5.37,-1.00,-1.95,0.06,-29.50,-8.75,-32.94,9.08,-0.73,10.69,-2.01,0.72,-0.22,-10.04,-1.66,7.10,0.24,0.18,-2.21,9.49,6.68,6.22,-2.17,0.51,-0.39,0.00,0.00,0.00,0.00,0.00,0.00,2.26,0.13,11.70,-1.57,0.58,-1.19
28.031529,8.97,3.95,4.95,-0.83,-2.11,0.55,-29.50,-8.75,-32.94,8.05,-1.14,10.24,-2.09,0.88,0.00,-9.51,-2.26,6.56,-0.00,0.22,-2.34,8.66,6.14,6.38,-2.21,0.77,-0.34,0.00,0.00,0.00,0.00,0.00,0.00,1.24,-0.24,11.17,-1.73,0.70,-1.02
28.031543,9.17,2.65,3.80,-0.56,-2.28,0.78,-29.50,-8.75,-32.94,6.89,-1.97,9.28,-2.15,0.91,0.26,-8.70,-2.70,6.21,-0.23,0.15,-2.39,7.89,5.19,6.44,-2.22,0.98,-0.19,0.00,0.00,0.00,0.00,0.00,0.00,0.65,-1.12,9.92,-1.96,0.67,-0.90
28.031555,9.27,2.42,3.45,-0.56,-2.28,0.78,-29.50,-8.75,-32.94,6.02,-2.60,8.61,-2.13,0.81,0.46,-7.92,-3.09,5.78,-0.41,0.03,-2.36,7.17,4.49,6.45,-2.17,1.07,-0.02,0.00,0.00,0.00,0.00,0.00,0.00,0.34,-1.80,9.13,-2.06,0.60,-0.74
28.031567,9.39,2.27,3.11,-0.29,-2.23,0.80,-29.50,-8.75,-32.94,5.39,-3.17,8.08,-2.06,0.67,0.63,-7.27,-3.43,5.49,-0.55,-0.12,-2.26,6.62,3.85,6.49,-2.06,1.12,0.17,0.00,0.00,0.00,0.00,0.00,0.00,0.05,-2.48,8.26,-2.12,0.47,-0.57
28.031578,9.28,2.00,2.88,-0.05,-2.12,0.80,-39.31,-0.81,-24.38,4.85,-3.53,7.60,-1.95,0.52,0.80,-6.66,-3.73,5.21,-0.68,-0.28,-2.12,6.12,3.25,6.54,-1.93,1.13,0.38,0.00,0.00,0.00,0.00,0.00,0.00,-0.08,-2.86,7.62,-2.12,0.31,-0.39
28.031589,8.51,2.19,1.69,0.41,-1.95,0.77,-39.31,-0.81,-24.38,4.65,-3.88,6.96,-1.83,0.36,0.98,-5.68,-3.89,5.01,-0.81,-0.45,-1.97,5.71,2.49,6.36,-1.77,1.17,0.58,0.00,0.00,0.00,0.00,0.00,0.00,0.41,-3.24,6.75,-2.11,0.16,-0.20
28.0316,8.12,2.23,1.08,0.41,-1.95,0.77,-43.38,2.81,-20.94,4.38,-4.36,5.77,-1.68,0.23,1.12,-4.43,-3.78,4.89,-0.93,-0.56,-1.81,5.29,1.42,5.83,-1.60,1.20,0.73,0.00,0.00,0.00,0.00,0.00,0.00,0.77,-3.61,5.76,-2.07,0.06,0.00
28.031611,7.70,2.11,0.35,0.41,-1.95,0.77,-43.38,2.81,-20.94,4.01,-4.89,4.30,-1.45,0.11,1.26,-3.01,-3.59,4.81,-1.03,-0.68,-1.57,4.81,0.14,5.12,-1.36,1.18,0.89,0.00,0.00,0.00,0.00,0.00,0.00,1.22,-4.24,4.38,-1.99,-0.07,0.19
28.031622,7.21,2.11,-0.34,0.81,-1.60,0.80,-43.38,2.81,-20.94,3.95,-5.48,2.94,-1.14,-0.05,1.37,-1.51,-3.42,4.87,-1.12,-0.78,-1.24,4.54,-1.18,4.53,-1.03,1.13,1.04,0.00,0.00,0.00,0.00,0.00,0.00,2.24,-4.87,3.20,-1.82,-0.21,0.43
28.031644,6.87,2.57,-1.11,1.06,-1.26,0.75,-43.38,2.81,-20.94,4.39,-6.07,2.09,-0.75,-0.13,1.45,-0.31,-3.23,4.98,-1.25,-0.79,-0.85,4.54,-2.22,4.14,-0.59,1.14,1.11,0.00,0.00,0.00,0.00,0.00,0.00,3.63,-5.39,2.50,-1.58,-0.23,0.72
28.031656,7.05,1.92,-1.11,1.34,-0.28,1.01,-45.00,3.94,-13.62,4.66,-6.40,1.71,-0.20,-0.12,1.59,-0.03,-2.94,5.13,-1.51,-0.71,-0.32,4.74,-2.54,3.90,-0.00,1.24,1.16,0.00,0.00,0.00,0.00,0.00,0.00,3.86,-5.31,2.35,-1.21,-0.16,1.23
28.031669,6.90,0.93,-0.68,1.69,0.19,1.17,-45.00,3.94,-13.62,4.52,-6.36,1.66,0.27,-0.25,1.88,-0.89,-2.63,5.43,-1.84,-0.79,0.18,5.16,-2.13,3.91,0.50,1.33,1.39,0.00,0.00,0.00,0.00,0.00,0.00,2.86,-4.56,3.09,-0.99,-0.26,1.77
28.031679,7.48,0.39,0.16,2.37,0.54,1.25,-45.00,3.94,-13.62,4.21,-5.45,3.11,0.72,-0.48,2.22,-2.09,-2.94,4.26,-2.19,-0.96,0.62,4.41,-0.39,4.46,0.97,1.41,1.72,0.00,0.00,0.00,0.00,0.00,0.00,1.78,-4.20,3.61,-0.81,-0.40,2.28
28.033403,7.98,1.23,2.92,2.65,0.82,1.38,-45.00,3.94,-13.62,3.27,-2.83,7.32,1.03,-0.33,2.33,-4.46,-4.35,1.24,-2.40,-0.78,0.86,2.42,3.34,6.23,1.26,1.60,1.60,0.00,0.00,0.00,0.00,0.00,0.00,-0.49,-2.97,5.33,-0.64,-0.17,2.54
28.033419,8.12,0.35,3.99,2.05,0.81,1.62,-45.12,6.00,-15.44,2.32,-1.61,9.59,0.98,0.01,2.21,-6.28,-5.13,-0.02,-2.38,-0.46,0.74,1.68,5.36,7.34,1.20,1.72,1.27,0.00,0.00,0.00,0.00,0.00,0.00,-2.81,-2.03,6.61,-0.67,0.18,2.41
28.033429,8.59,-1.38,5.02,1.34,0.52,1.79,-45.12,6.00,-15.44,1.18,-0.95,11.57,0.73,0.39,2.07,-8.55,-5.78,-0.79,-2.30,-0.13,0.41,1.30,7.17,8.45,0.94,1.86,0.95,0.00,0.00,0.00,0.00,0.00,0.00,-5.41,-1.41,7.79,-0.82,0.48,2.17
28.033438,9.32,-2.95,5.83,1.05,0.12,1.85,-45.12,6.00,-15.44,-0.18,-0.90,12.63,0.46,0.55,2.01,-9.76,-6.29,-1.58,-2.22,-0.04,0.11,0.61,8.16,9.18,0.64,1.90,0.82,0.00,0.00,0.00,0.00,0.00,0.00,-7.49,-1.72,7.91,-1.01,0.60,1.94
28.033449,10.08,-3.94,6.25,1.05,0.12,1.85,-46.50,9.19,-16.69,-1.70,-1.06,13.22,0.23,0.58,1.93,-10.22,-6.82,-2.60,-2.10,-0.03,-0.12,-0.48,8.67,9.72,0.37,1.84,0.75,0.00,0.00,0.00,0.00,0.00,0.00,-9.01,-2.33,7.69,-1.11,0.60,1.72
28.03346,10.89,-5.09,6.40,1.05,0.12,1.85,-47.25,10.62,-14.56,-3.23,-1.06,13.70,0.05,0.59,1.74,-10.35,-7.45,-3.98,-1.90,-0.02,-0.27,-1.86,9.14,10.19,0.17,1.70,0.65,0.00,0.00,0.00,0.00,0.00,0.00,-10.32,-2.97,7.15,-1.14,0.59,1.45
28.051709,10.70,-5.24,6.52,0.75,-0.40,1.39,-47.25,10.62,-14.56,-4.55,-0.73,14.15,-0.13,0.57,1.37,-10.49,-7.87,-5.21,-1.54,0.06,-0.43,-3.04,9.61,10.42,-0.05,1.46,0.44,0.00,0.00,0.00,0.00,0.00,0.00,-11.68,-3.04,6.71,-1.11,0.60,1.05
28.074452,9.74,-6.20,6.55,0.75,-0.40,1.39,-47.19,14.50,-13.75,-5.00,-0.68,14.00,-0.34,0.56,1.03,-10.56,-7.76,-5.52,-1.17,0.10,-0.60,-3.28,9.65,10.33,-0.29,1.20,0.26,0.00,0.00,0.00,0.00,0.00,0.00,-11.98,-2.66,6.59,-1.11,0.55,0.59
28.095305,9.28,-6.36,6.36,0.12,-0.62,0.86,-47.19,14.50,-13.75,-5.01,-0.66,13.47,-0.54,0.52,0.79,-10.20,-7.34,-5.53,-0.90,0.10,-0.75,-3.34,9.35,9.88,-0.51,1.01,0.17,0.00,0.00,0.00,0.00,0.00,0.00,-11.53,-2.54,6.00,-1.12,0.51,0.27
28.119755,8.36,-6.05,6.06,-0.13,-0.89,0.55,-47.19,14.50,-13.75,-5.09,-0.46,12.75,-0.72,0.52,0.55,-9.47,-6.86,-5.77,-0.63,0.11,-0.91,-3.71,8.98,9.15,-0.72,0.82,0.06,0.00,0.00,0.00,0.00,0.00,0.00,-10.99,-2.45,5.10,-1.09,0.49,-0.05
28.538201,7.82,-5.86,5.83,-0.35,-0.97,0.41,-47.19,14.50,-13.75,-5.43,-0.20,12.03,-0.86,0.54,0.29,-8.72,-6.53,-6.18,-0.36,0.17,-1.04,-4.17,8.63,8.57,-0.88,0.66,-0.09,0.00,0.00,0.00,0.00,0.00,0.00,-10.77,-2.38,4.31,-1.01,0.50,-0.31
28.538244,7.36,-5.82,5.48,-0.35,-0.97,0.41,-49.62,18.81,-9.31,-5.66,-0.09,11.13,-0.97,0.57,-0.01,-7.94,-6.15,-6.39,-0.08,0.27,-1.13,-4.52,8.07,7.88,-1.03,0.46,-0.30,0.00,0.00,0.00,0.00,0.00,0.00,-10.35,-2.37,3.47,-0.90,0.53,-0.60
28.538259,6.45,-5.82,4.68,-0.93,-1.02,0.06,-49.62,18.81,-9.31,-5.70,-0.27,9.73,-1.06,0.58,-0.37,-6.93,-5.54,-6.20,0.27,0.39,-1.18,-4.52,7.12,6.98,-1.14,0.21,-0.52,0.00,0.00,0.00,0.00,0.00,0.00,-9.74,-2.35,2.55,-0.73,0.54,-0.92
28.538273,6.21,-5.82,4.26,-0.93,-1.02,0.06,-49.81,16.81,-7.81,-5.58,-0.60,8.66,-1.06,0.50,-0.60,-6.11,-5.15,-5.83,0.52,0.41,-1.15,-4.40,6.25,6.37,-1.15,0.01,-0.63,0.00,0.00,0.00,0.00,0.00,0.00,-9.23,-2.31,2.14,-0.59,0.48,-1.11
28.538286,6.03,-5.70,3.80,-1.12,-0.88,-0.33,-50.19,17.81,-7.44,-5.34,-0.99,7.85,-1.01,0.41,-0.81,-5.46,-4.94,-5.43,0.71,0.39,-1.07,-4.22,5.55,5.98,-1.13,-0.21,-0.68,0.00,0.00,0.00,0.00,0.00,0.00,-8.59,-2.51,1.68,-0.47,0.40,-1.24
28.5383,5.95,-5.62,3.41,-1.12,-0.88,-0.33,-50.56,18.62,-5.38,-5.17,-1.31,7.36,-0.94,0.31,-0.99,-4.88,-5.01,-5.15,0.90,0.35,-0.96,-4.12,4.92,5.88,-1.08,-0.44,-0.71,0.00,0.00,0.00,0.00,0.00,0.00,-8.12,-2.84,1.35,-0.33,0.30,-1.35
28.540641,6.14,-4.52,2.15,-1.20,-0.55,-0.81,-49.88,17.62,-5.00,-4.50,-1.81,7.00,-0.86,0.21,-1.19,-4.38,-5.16,-4.49,1.10,0.34,-0.84,-3.57,4.25,5.99,-1.03,-0.67,-0.76,0.00,0.00,0.00,0.00,0.00,0.00,-7.15,-3.15,1.28,-0.15,0.21,-1.46
28.540663,6.14,-4.52,2.15,-1.20,-0.55,-0.81,-49.88,17.62,-5.00,-3.73,-2.31,6.71,-0.81,0.14,-1.29,-4.03,-5.26,-3.81,1.20,0.33,-0.78,-3.00,3.70,6.09,-0.99,-0.77,-0.79,0.00,0.00,0.00,0.00,0.00,0.00,-6.23,-3.39,1.38,-0.04,0.17,-1.49
28.540676,6.41,-3.63,1.27,-1.29,-0.46,-0.86,-49.88,17.62,-5.00,-3.06,-2.70,6.64,-0.75,0.15,-1.40,-3.59,-5.58,-3.35,1.29,0.38,-0.73,-2.67,3.21,6.34,-0.95,-0.84,-0.87,0.00,0.00,0.00,0.00,0.00,0.00,-5.37,-3.86,1.35,0.12,0.21,-1.52
28.540685,6.56,-3.06,1.00,-1.29,-0.46,-0.86,-49.25,17.12,-6.06,-2.77,-3.16,6.34,-0.71,0.24,-1.53,-3.21,-5.79,-2.97,1.38,0.50,-0.70,-2.47,2.69,6.40,-0.91,-0.89,-1.01,0.00,0.00,0.00,0.00,0.00,0.00,-5.02,-4.35,1.35,0.27,0.29,-1.57
28.540699,6.87,-2.98,0.66,-1.52,-0.40,-0.86,-49.25,17.12,-6.06,-2.60,-3.88,5.50,-0.62,0.23,-1.67,-2.82,-5.77,-2.07,1.50,0.55,-0.59,-1.84,1.77,6.21,-0.82,-1.03,-1.09,0.00,0.00,0.00,0.00,0.00,0.00,-4.95,-4.77,1.41,0.42,0.25,-1.62
28.540713,7.29,-2.45,-0.11,-1.58,-0.25,-0.98,-48.69,12.50,-3.38,-1.53,-4.73,4.66,-0.43,-0.00,-1.75,-2.54,-5.55,-0.37,1.61,0.42,-0.35,-0.45,0.83,6.13,-0.64,-1.24,-0.99,0.00,0.00,0.00,0.00,0.00,0.00,-3.76,-4.98,1.68,0.56,0.03,-1.61
28.540724,7.25,-1.80,-0.41,-1.58,-0.25,-0.98,-50.06,11.75,-4.69,-0.15,-5.16,4.65,-0.26,-0.20,-1.69,-2.32,-5.54,0.71,1.59,0.27,-0.15,0.60,0.39,6.31,-0.48,-1.33,-0.83,0.00,0.00,0.00,0.00,0.00,0.00,-2.15,-5.08,2.20,0.68,-0.15,-1.47
28.54961,7.36,-0.84,-0.61,-0.89,0.21,-1.21,-49.69,10.31,-5.75,0.92,-5.36,4.90,-0.11,-0.25,-1.61,-2.16,-5.71,1.44,1.51,0.22,-0.00,1.30,0.15,6.57,-0.33,-1.31,-0.75,0.00,0.00,0.00,0.00,0.00,0.00,-1.20,-5.31,2.60,0.78,-0.19,-1.31
28.549641,7.74,0.62,-0.91,-0.89,0.29,-1.14,-49.69,10.31,-5.75,1.72,-5.80,4.63,0.04,-0.28,-1.54,-2.03,-5.80,2.61,1.44,0.21,0.16,2.24,-0.38,6.68,-0.17,-1.31,-0.70,0.00,0.00,0.00,0.00,0.00,0.00,-0.51,-5.66,3.06,0.90,-0.25,-1.15
28.549653,8.17,1.57,-1.57,-0.89,0.29,-1.14,-47.94,6.12,-5.19,2.69,-6.29,4.43,0.18,-0.37,-1.48,-1.93,-5.87,3.85,1.38,0.14,0.30,3.34,-0.95,6.87,-0.03,-1.33,-0.60,0.00,0.00,0.00,0.00,0.00,0.00,0.42,-5.91,3.51,0.96,-0.34,-1.05
28.549665,8.63,2.00,-1.76,-0.63,0.51,-1.17,-48.81,6.19,-4.88,4.12,-7.07,4.40,0.33,-0.44,-1.35,-1.79,-5.83,4.95,1.24,0.07,0.44,4.37,-1.43,7.09,0.14,-1.27,-0.47,0.00,0.00,0.00,0.00,0.00,0.00,1.97,-6.25,4.21,1.01,-0.40,-0.83
28.549676,9.31,1.92,-1.49,-0.41,0.67,-1.01,-48.81,6.19,-4.88,4.53,-7.40,4.87,0.51,-0.43,-1.14,-2.23,-6.08,5.55,1.01,0.04,0.62,4.99,-1.30,7.60,0.34,-1.14,-0.34,0.00,0.00,0.00,0.00,0.00,0.00,2.00,-6.48,4.98,1.04,-0.36,-0.52
28.549686,9.89,2.00,-0.72,0.08,0.88,-0.80,-48.81,6.19,-4.88,4.52,-7.14,5.86,0.65,-0.50,-0.90,-3.39,-6.61,5.87,0.79,-0.08,0.78,5.38,-0.50,8.36,0.52,-1.02,-0.15,0.00,0.00,0.00,0.00,0.00,0.00,1.10,-6.39,5.85,1.05,-0.44,-0.24
28.552785,9.81,2.11,-0.61,0.08,0.88,-0.80,-46.44,1.75,-7.50,4.77,-7.03,6.42,0.69,-0.64,-0.70,-4.03,-6.96,6.22,0.65,-0.26,0.83,5.75,-0.11,8.86,0.57,-0.95,0.07,0.00,0.00,0.00,0.00,0.00,0.00,0.74,-6.20,6.68,0.97,-0.59,-0.08
28.570507,10.01,2.61,-0.88,0.32,0.75,-0.84,-46.44,1.75,-7.50,5.41,-7.31,6.74,0.69,-0.76,-0.52,-3.96,-7.16,6.59,0.52,-0.41,0.84,6.11,-0.22,9.11,0.59,-0.87,0.25,0.00,0.00,0.00,0.00,0.00,0.00,1.61,-6.65,6.88,0.87,-0.72,0.03
28.594458,11.46,3.34,-0.76,0.51,0.78,-0.55,-46.44,1.75,-7.50,6.31,-8.01,6.74,0.78,-0.73,-0.31,-3.82,-7.02,7.18,0.30,-0.42,0.92,6.77,-0.53,9.22,0.72,-0.70,0.36,0.00,0.00,0.00,0.00,0.00,0.00,2.73,-7.07,7.41,0.82,-0.68,0.28
28.615507,11.42,2.80,-0.53,0.51,0.78,-0.55,-45.00,-1.19,-10.19,6.51,-8.13,6.66,0.92,-0.75,-0.04,-4.41,-6.78,7.88,0.02,-0.52,1.07,7.46,-0.43,9.21,0.90,-0.54,0.57,0.00,0.00,0.00,0.00,0.00,0.00,2.18,-6.72,7.82,0.78,-0.72,0.61
28.635599,10.82,2.34,-0.45,0.51,0.78,-0.55,-45.00,-1.19,-10.19,6.66,-7.86,6.54,1.05,-0.93,0.35,-4.73,-6.42,8.09,-0.27,-0.77,1.20,7.75,-0.21,8.99,1.06,-0.38,0.94,0.00,0.00,0.00,0.00,0.00,0.00,2.19,-6.29,7.92,0.70,-0.90,0.95
29.051757,9.89,3.11,-0.15,1.85,0.98,-0.23,-45.00,-1.19,-10.19,6.85,-7.13,6.53,1.19,-1.09,0.76,-4.47,-5.94,7.51,-0.62,-1.03,1.34,7.33,0.10,8.35,1.26,-0.14,1.31,0.00,0.00,0.00,0.00,0.00,0.00,2.66,-5.99,7.50,0.64,-1.06,1.35
29.051797,9.70,3.61,0.20,1.85,0.98,-0.23,-43.56,-4.69,-11.50,6.74,-6.50,6.43,1.34,-1.09,1.00,-4.21,-5.43,6.90,-0.87,-1.07,1.48,6.96,0.37,7.76,1.44,0.03,1.44,0.00,0.00,0.00,0.00,0.00,0.00,2.95,-5.64,7.28,0.64,-1.04,1.64
29.051811,9.70,3.64,0.66,1.85,0.98,-0.23,-44.94,-6.50,-11.38,6.95,-5.91,6.78,1.50,-0.99,1.17,-4.46,-4.99,6.51,-1.11,-0.99,1.61,6.85,0.97,7.47,1.64,0.23,1.46,0.00,0.00,0.00,0.00,0.00,0.00,3.13,-4.91,7.54,0.64,-0.92,1.89
29.051823,9.21,2.30,1.54,1.99,1.45,0.49,-44.94,-6.50,-11.38,6.73,-5.15,7.07,1.68,-0.80,1.49,-5.16,-4.20,5.94,-1.52,-0.87,1.74,6.66,1.81,6.98,1.88,0.58,1.51,0.00,0.00,0.00,0.00,0.00,0.00,2.41,-3.82,7.78,0.59,-0.69,2.30
29.051835,9.24,1.38,2.46,1.99,1.45,0.49,-43.69,-7.62,-11.31,5.39,-4.29,7.17,1.86,-0.70,1.79,-5.88,-3.68,4.81,-1.85,-0.84,1.91,5.80,2.77,6.49,2.11,0.84,1.62,0.00,0.00,0.00,0.00,0.00,0.00,0.62,-3.36,7.41,0.60,-0.56,2.72
29.051845,9.43,0.50,3.41,1.99,1.45,0.49,-44.00,-7.12,-10.69,3.35,-2.94,7.42,2.10,-0.83,1.99,-7.16,-3.59,3.10,-2.04,-0.96,2.18,4.23,4.41,6.10,2.36,0.87,1.82,0.00,0.00,0.00,0.00,0.00,0.00,-2.55,-2.76,7.07,0.70,-0.68,3.03
29.051858,8.48,-0.68,5.29,3.03,1.98,0.15,-43.12,-6.62,-12.75,1.27,-0.67,9.08,2.25,-1.23,2.00,-9.00,-4.11,1.04,-1.92,-1.26,2.41,2.67,6.92,6.51,2.46,0.55,2.07,0.00,0.00,0.00,0.00,0.00,0.00,-5.46,-1.69,7.31,0.82,-1.07,3.02
29.051869,7.82,-0.30,5.83,3.03,1.98,0.15,-43.12,-5.94,-14.94,1.34,0.70,10.91,2.15,-1.48,1.80,-9.75,-4.37,-0.03,-1.64,-1.40,2.35,2.13,8.34,6.97,2.32,0.29,2.08,0.00,0.00,0.00,0.00,0.00,0.00,-5.42,-0.83,7.95,0.87,-1.31,2.73
29.051883,7.68,0.35,6.17,3.03,1.98,0.15,-41.50,-9.25,-12.69,1.53,1.20,11.59,1.98,-1.37,1.54,-9.62,-4.26,-0.72,-1.37,-1.25,2.13,1.66,8.81,6.95,2.10,0.18,1.82,0.00,0.00,0.00,0.00,0.00,0.00,-4.70,-0.53,8.05,0.89,-1.18,2.40
29.051898,7.90,0.77,6.48,3.03,1.98,0.15,-41.75,-9.75,-11.94,1.00,1.53,11.80,1.83,-1.07,1.21,-9.45,-4.10,-1.40,-1.10,-0.95,1.91,0.95,9.01,6.66,1.89,0.10,1.42,0.00,0.00,0.00,0.00,0.00,0.00,-5.34,-0.34,7.79,0.91,-0.87,2.02
29.05191,7.78,-0.30,7.29,3.03,1.98,0.15,-41.75,-9.75,-11.94,-0.07,1.66,11.86,1.71,-0.84,0.82,-9.60,-3.96,-2.04,-0.79,-0.66,1.76,0.32,9.30,6.52,1.73,-0.06,1.02,0.00,0.00,0.00,0.00,0.00,0.00,-6.46,-0.31,7.50,0.95,-0.65,1.64
29.051921,8.16,-1.38,7.86,0.96,1.41,-0.10,-41.75,-9.75,-11.94,-0.58,1.82,12.33,1.63,-0.71,0.46,-10.32,-3.79,-2.36,-0.51,-0.43,1.68,0.20,9.93,6.66,1.62,-0.24,0.71,0.00,0.00,0.00,0.00,0.00,0.00,-7.19,0.04,7.73,1.03,-0.52,1.31
29.051933,8.36,-2.22,8.59,0.70,1.46,-0.26,-40.44,-12.06,-15.38,-1.08,2.26,13.09,1.54,-0.66,0.20,-11.38,-3.77,-2.58,-0.28,-0.31,1.59,0.18,10.86,6.98,1.50,-0.39,0.51,0.00,0.00,0.00,0.00,0.00,0.00,-8.29,0.67,8.22,1.11,-0.45,1.07
29.051944,8.13,-2.95,9.62,0.48,1.19,-0.55,-39.12,-13.06,-17.12,-1.30,2.74,13.74,1.36,-0.66,-0.03,-12.09,-3.79,-2.92,-0.02,-0.27,1.42,-0.02,11.59,7.11,1.28,-0.58,0.38,0.00,0.00,0.00,0.00,0.00,0.00,-9.11,1.12,8.61,1.14,-0.45,0.76
29.053539,8.44,-1.76,10.08,0.48,1.19,-0.55,-38.50,-14.06,-17.81,-1.68,3.32,14.24,1.19,-0.62,-0.36,-12.05,-3.84,-3.66,0.29,-0.16,1.27,-0.64,12.08,7.03,1.07,-0.80,0.15,0.00,0.00,0.00,0.00,0.00,0.00,-9.30,0.96,8.37,1.19,-0.40,0.39
29.053554,8.44,-1.76,10.08,0.48,1.19,-0.55,-38.50,-14.06,-17.81,-1.88,3.78,14.58,1.01,-0.50,-0.83,-12.48,-3.72,-3.71,0.72,0.06,1.10,-0.53,12.51,6.99,0.84,-1.05,-0.22,0.00,0.00,0.00,0.00,0.00,0.00,-9.71,1.29,8.61,1.32,-0.30,-0.06
29.053566,8.25,-2.03,10.28,-0.73,0.90,-1.22,-38.50,-14.06,-17.81,-1.12,3.71,14.53,0.76,-0.55,-1.24,-13.18,-3.36,-2.60,1.13,0.11,0.91,0.67,12.58,7.04,0.55,-1.37,-0.42,0.00,0.00,0.00,0.00,0.00,0.00,-9.87,2.08,9.55,1.34,-0.38,-0.53
29.053578,8.25,-2.03,10.28,-0.72,0.66,-1.48,-35.94,-16.75,-19.12,-0.17,3.84,14.88,0.52,-0.64,-1.47,-13.42,-3.29,-1.95,1.40,0.06,0.70,1.42,12.70,7.18,0.28,-1.56,-0.48,0.00,0.00,0.00,0.00,0.00,0.00,-9.04,2.34,10.27,1.28,-0.48,-0.88
29.053586,8.67,0.39,10.24,-0.72,0.66,-1.48,-35.94,-16.75,-19.12,0.84,4.00,15.25,0.23,-0.60,-1.75,-13.42,-3.26,-1.52,1.69,0.13,0.43,2.00,12.82,7.24,-0.05,-1.70,-0.67,0.00,0.00,0.00,0.00,0.00,0.00,-8.13,2.37,10.88,1.15,-0.44,-1.31
29.069474,9.51,1.31,10.24,-0.72,0.66,-1.48,-33.94,-19.25,-21.88,2.24,3.73,15.49,-0.11,-0.45,-2.09,-13.79,-3.07,-0.33,2.00,0.31,0.10,3.37,12.75,7.40,-0.43,-1.84,-0.99,0.00,0.00,0.00,0.00,0.00,0.00,-7.07,2.29,11.77,1.04,-0.31,-1.79
29.091331,10.08,1.42,10.27,-1.74,-0.05,-1.73,-33.94,-19.25,-21.88,3.73,3.24,15.85,-0.42,-0.37,-2.27,-14.66,-3.02,1.37,2.18,0.37,-0.21,5.06,12.77,7.88,-0.75,-1.89,-1.12,0.00,0.00,0.00,0.00,0.00,0.00,-6.51,2.52,13.25,0.90,-0.27,-2.06
29.110786,10.58,1.88,10.23,-1.80,-0.33,-1.75,-33.94,-19.25,-21.88,5.58,2.80,16.24,-0.77,-0.37,-2.28,-15.34,-3.08,3.05,2.25,0.30,-0.56,6.90,12.76,8.46,-1.13,-1.89,-1.10,0.00,0.00,0.00,0.00,0.00,0.00,-5.44,2.78,14.73,0.61,-0.31,-2.31
29.134501,10.93,4.79,9.54,-1.73,-0.73,-1.71,-30.69,-19.00,-23.69,7.86,2.38,16.15,-1.17,-0.26,-2.20,-15.04,-2.74,4.88,2.21,0.29,-1.04,8.72,12.11,8.44,-1.53,-1.67,-1.12,0.00,0.00,0.00,0.00,0.00,0.00,-2.43,2.68,15.75,0.20,-0.22,-2.54
29.561424,10.88,6.13,8.93,-1.73,-0.73,-1.71,-31.56,-18.69,-26.12,10.17,1.50,14.91,-1.49,0.00,-2.05,-14.08,-1.95,6.92,2.04,0.39,-1.44,10.52,10.67,7.74,-1.82,-1.34,-1.19,0.00,0.00,0.00,0.00,0.00,0.00,0.08,2.42,15.98,-0.16,0.00,-2.58
29.561451,10.58,6.63,8.16,-1.73,-0.73,-1.71,-31.56,-18.69,-26.12,11.35,0.66,13.39,-1.68,0.22,-1.78,-13.12,-1.33,8.55,1.78,0.43,-1.68,11.85,9.14,7.09,-1.97,-0.99,-1.15,0.00,0.00,0.00,0.00,0.00,0.00,1.94,2.09,15.61,-0.50,0.18,-2.47
29.561464,10.12,6.94,7.40,-1.87,-1.62,-0.78,-31.56,-18.69,-26.12,11.97,-0.16,11.95,-1.82,0.36,-1.40,-11.85,-1.07,9.60,1.39,0.40,-1.88,12.38,7.66,6.62,-2.06,-0.61,-1.00,0.00,0.00,0.00,0.00,0.00,0.00,3.19,1.65,14.87,-0.84,0.31,-2.23
29.561475,9.09,6.44,4.03,-1.29,-1.90,-0.10,-33.00,-14.75,-24.56,11.65,-1.36,10.10,-1.90,0.52,-0.90,-9.79,-1.36,9.73,0.92,0.33,-2.05,11.81,5.71,6.22,-2.10,-0.15,-0.79,0.00,0.00,0.00,0.00,0.00,0.00,4.20,0.33,13.01,-1.21,0.44,-1.87
29.561485,9.09,6.44,4.03,-1.10,-1.91,0.23,-34.25,-14.12,-23.88,10.66,-2.57,8.63,-1.87,0.70,-0.54,-7.82,-1.91,9.19,0.57,0.35,-2.07,10.61,3.92,6.03,-2.03,0.21,-0.69,0.00,0.00,0.00,0.00,0.00,0.00,4.69,-1.33,11.08,-1.38,0.59,-1.58
29.561496,9.51,5.37,2.27,-1.10,-1.91,0.23,-34.25,-14.12,-23.88,9.30,-3.59,7.44,-1.70,0.87,-0.30,-6.26,-2.61,8.50,0.24,0.43,-1.96,9.40,2.54,6.04,-1.85,0.46,-0.66,0.00,0.00,0.00,0.00,0.00,0.00,4.25,-2.72,9.41,-1.41,0.74,-1.26
29.561507,8.97,4.14,1.35,-0.90,-1.48,0.65,-36.25,-10.44,-24.31,8.03,-4.19,6.77,-1.53,0.91,-0.11,-5.50,-3.34,7.92,-0.01,0.43,-1.78,8.44,1.82,6.33,-1.64,0.62,-0.57,0.00,0.00,0.00,0.00,0.00,0.00,3.28,-3.36,8.47,-1.36,0.77,-0.95
29.561517,8.74,4.07,0.93,-0.68,-1.34,0.70,-36.25,-10.44,-24.31,7.58,-4.56,6.51,-1.40,0.91,0.05,-4.99,-3.76,7.68,-0.19,0.40,-1.66,8.03,1.32,6.52,-1.47,0.76,-0.47,0.00,0.00,0.00,0.00,0.00,0.00,3.24,-3.61,7.98,-1.36,0.76,-0.74
29.561528,8.63,3.72,0.66,-0.52,-1.29,0.81,-36.25,-10.44,-24.31,7.50,-5.09,5.97,-1.26,0.91,0.30,-4.40,-3.79,7.64,-0.44,0.35,-1.54,7.83,0.70,6.41,-1.29,0.95,-0.32,0.00,0.00,0.00,0.00,0.00,0.00,3.50,-3.84,7.52,-1.38,0.76,-0.45
29.561541,8.67,3.53,0.62,-0.26,-1.19,0.99,-36.25,-10.44,-24.31,6.79,-5.31,5.39,-1.07,0.88,0.55,-3.87,-3.82,7.34,-0.70,0.27,-1.36,7.31,0.26,6.15,-1.07,1.10,-0.14,0.00,0.00,0.00,0.00,0.00,0.00,3.06,-4.21,6.78,-1.38,0.73,-0.12
29.561551,8.51,3.38,0.58,-0.26,-1.19,0.99,-40.12,-6.81,-22.00,5.95,-5.26,5.20,-0.85,0.75,0.75,-3.62,-4.07,6.80,-0.88,0.15,-1.13,6.66,0.17,6.18,-0.82,1.16,0.05,0.00,0.00,0.00,0.00,0.00,0.00,2.38,-4.47,6.30,-1.31,0.62,0.17
29.561562,8.44,3.41,0.50,0.28,-0.82,1.05,-40.12,-6.81,-22.00,5.44,-5.06,5.38,-0.67,0.62,0.87,-3.62,-4.33,6.34,-0.99,0.03,-0.91,6.20,0.31,6.33,-0.62,1.17,0.20,0.00,0.00,0.00,0.00,0.00,0.00,1.82,-4.38,6.35,-1.27,0.48,0.36
29.561572,8.32,3.22,0.54,0.44,-0.67,0.99,-40.12,-6.81,-22.00,5.40,-5.01,5.56,-0.51,0.49,0.97,-3.78,-4.29,6.21,-1.08,-0.07,-0.73,6.14,0.50,6.34,-0.44,1.18,0.35,0.00,0.00,0.00,0.00,0.00,0.00,1.63,-4.23,6.35,-1.26,0.36,0.53
29.561587,8.29,2.30,1.16,0.59,-0.57,0.97,-41.75,-4.50,-17.50,5.62,-5.01,5.71,-0.36,0.31,1.19,-4.19,-4.02,6.42,-1.26,-0.26,-0.53,6.49,0.74,6.34,-0.25,1.22,0.63,0.00,0.00,0.00,0.00,0.00,0.00,1.59,-3.87,6.54,-1.23,0.16,0.81
29.563325,8.48,2.11,1.27,0.59,-0.57,0.97,-41.75,-4.50,-17.50,5.51,-4.94,6.03,-0.22,0.17,1.46,-4.46,-4.04,6.10,-1.49,-0.47,-0.37,6.28,1.05,6.46,-0.10,1.31,0.90,0.00,0.00,0.00,0.00,0.00,0.00,1.36,-3.88,6.67,-1.23,0.03,1.12
29.563345,8.97,1.96,1.58,1.36,-0.43,1.10,-41.75,-4.50,-17.50,4.77,-4.46,6.99,-0.07,0.06,1.68,-4.89,-4.53,4.88,-1.67,-0.60,-0.21,5.22,1.98,6.88,0.06,1.39,1.10,0.00,0.00,0.00,0.00,0.00,0.00,0.30,-4.00,6.65,-1.19,-0.03,1.39
29.563359,9.32,1.27,3.11,1.41,-0.20,1.24,-41.75,-4.50,-17.50,3.73,-3.45,8.49,0.04,0.11,1.74,-5.82,-5.04,3.25,-1.76,-0.55,-0.11,3.99,3.51,7.39,0.18,1.44,1.08,0.00,0.00,0.00,0.00,0.00,0.00,-1.25,-3.52,7.12,-1.14,0.05,1.49
29.563372,9.31,0.27,3.72,1.41,-0.20,1.24,-44.31,-1.88,-15.50,3.05,-2.90,9.50,0.06,0.20,1.73,-6.87,-5.25,2.38,-1.80,-0.46,-0.10,3.44,4.62,7.77,0.20,1.47,1.02,0.00,0.00,0.00,0.00,0.00,0.00,-2.59,-3.15,7.44,-1.15,0.13,1.50
29.563384,9.66,-0.72,4.45,1.41,-0.20,1.24,-44.31,-1.88,-15.50,2.16,-2.48,10.62,0.05,0.27,1.77,-8.00,-5.48,1.39,-1.85,-0.40,-0.11,2.75,5.80,8.25,0.21,1.51,0.99,0.00,0.00,0.00,0.00,0.00,0.00,-4.07,-2.91,7.82,-1.15,0.20,1.54
29.563396,10.46,-2.45,5.87,1.25,-0.21,1.36,-44.31,-1.88,-15.50,0.78,-1.83,11.76,0.06,0.32,1.79,-9.04,-5.97,-0.25,-1.87,-0.36,-0.10,1.41,7.18,8.74,0.21,1.52,0.96,0.00,0.00,0.00,0.00,0.00,0.00,-6.07,-2.85,7.74,-1.12,0.25,1.57
29.581697,10.46,-2.83,6.44,1.15,-0.21,1.31,-44.31,-1.88,-15.50,-0.80,-0.78,13.10,0.02,0.42,1.66,-9.74,-6.56,-1.99,-1.77,-0.24,-0.16,-0.17,8.54,9.25,0.14,1.48,0.79,0.00,0.00,0.00,0.00,0.00,0.00,-7.63,-2.64,7.73,-1.06,0.36,1.44
29.6033,10.12,-3.21,6.90,1.15,-0.21,1.31,-45.44,1.56,-13.12,-2.16,-0.11,13.86,-0.12,0.53,1.38,-10.51,-6.91,-3.16,-1.54,-0.07,-0.30,-1.13,9.53,9.59,-0.01,1.37,0.55,0.00,0.00,0.00,0.00,0.00,0.00,-9.59,-2.25,7.78,-1.02,0.48,1.12
29.626254,10.08,-4.63,7.55,1.15,-0.21,1.31,-46.44,3.12,-12.81,-2.80,0.02,14.13,-0.29,0.57,1.08,-10.94,-6.88,-3.66,-1.25,0.05,-0.46,-1.55,9.93,9.63,-0.21,1.20,0.33,0.00,0.00,0.00,0.00,0.00,0.00,-10.24,-2.17,7.66,-1.01,0.50,0.75
29.647737,10.12,-4.82,7.63,0.16,-0.56,0.89,-46.44,3.12,-12.81,-3.08,0.01,13.95,-0.42,0.58,0.84,-10.82,-6.69,-3.87,-1.01,0.12,-0.57,-1.73,9.84,9.42,-0.35,1.03,0.18,0.00,0.00,0.00,0.00,0.00,0.00,-10.27,-2.20,7.33,-0.97,0.50,0.47
30.071896,9.85,-4.71,7.44,0.16,-0.56,0.89,-46.81,3.88,-10.44,-3.21,-0.02,13.54,-0.52,0.57,0.60,-10.48,-6.48,-3.88,-0.77,0.18,-0.64,-1.78,9.57,9.15,-0.47,0.87,0.04,0.00,0.00,0.00,0.00,0.00,0.00,-10.02,-2.11,6.99,-0.90,0.48,0.21
30.071926,9.39,-4.59,7.09,0.16,-0.56,0.89,-47.06,7.38,-10.56,-2.92,0.04,13.23,-0.63,0.59,0.40,-10.08,-6.33,-3.80,-0.58,0.24,-0.73,-1.75,9.31,8.93,-0.60,0.75,-0.10,0.00,0.00,0.00,0.00,0.00,0.00,-9.29,-1.94,6.72,-0.84,0.51,-0.00
30.071939,8.51,-3.90,6.33,-0.65,-0.85,0.53,-47.69,7.94,-10.19,-2.74,0.09,12.68,-0.77,0.72,0.16,-9.30,-6.13,-4.01,-0.37,0.41,-0.92,-2.00,8.85,8.50,-0.78,0.66,-0.34,0.00,0.00,0.00,0.00,0.00,0.00,-8.55,-1.97,6.04,-0.79,0.66,-0.26
30.071952,7.86,-3.98,5.60,-1.00,-0.87,0.51,-47.69,7.94,-10.19,-3.09,-0.08,11.56,-0.87,0.88,-0.10,-8.45,-5.81,-4.19,-0.17,0.61,-1.04,-2.37,8.15,7.86,-0.90,0.60,-0.61,0.00,0.00,0.00,0.00,0.00,0.00,-8.31,-2.22,5.01,-0.68,0.84,-0.47
30.071978,7.40,-4.36,5.21,-1.00,-0.87,0.51,-47.69,7.94,-10.19,-3.59,-0.30,10.29,-0.91,0.94,-0.37,-7.60,-5.45,-4.22,0.06,0.76,-1.09,-2.66,7.25,7.15,-0.97,0.43,-0.84,0.00,0.00,0.00,0.00,0.00,0.00,-8.58,-2.06,4.38,-0.54,0.91,-0.71
30.071991,7.06,-4.52,4.72,-1.19,-0.83,0.37,-47.69,7.94,-10.19,-3.71,-0.29,9.58,-0.92,0.92,-0.59,-6.97,-5.20,-4.30,0.29,0.83,-1.09,-2.85,6.80,6.73,-1.01,0.26,-0.96,0.00,0.00,0.00,0.00,0.00,0.00,-8.20,-2.03,3.77,-0.49,0.90,-0.94
30.072003,6.29,-4.05,4.41,-1.46,-0.72,0.04,-47.69,7.94,-10.19,-3.61,-0.18,9.17,-0.93,0.92,-0.87,-6.56,-4.95,-4.36,0.54,0.93,-1.10,-2.91,6.53,6.35,-1.05,0.08,-1.15,0.00,0.00,0.00,0.00,0.00,0.00,-7.77,-1.83,3.32,-0.37,0.93,-1.18
30.072015,6.02,-4.25,4.18,-1.46,-0.72,0.04,-48.88,11.25,-7.19,-3.62,-0.28,8.74,-0.97,0.92,-1.05,-6.41,-4.80,-4.14,0.73,0.98,-1.13,-2.77,6.26,6.17,-1.11,-0.06,-1.25,0.00,0.00,0.00,0.00,0.00,0.00,-7.84,-1.70,3.16,-0.29,0.93,-1.34
30.072028,5.87,-4.55,3.88,-1.46,-0.72,0.04,-49.12,11.38,-7.88,-3.89,-0.50,8.03,-1.00,0.82,-1.20,-5.94,-4.73,-4.01,0.92,0.91,-1.14,-2.86,5.69,5.85,-1.17,-0.26,-1.26,0.00,0.00,0.00,0.00,0.00,0.00,-7.88,-1.91,2.63,-0.22,0.82,-1.50
30.072044,5.87,-4.55,3.49,-1.46,-0.72,0.04,-49.56,13.31,-6.94,-3.78,-0.78,7.30,-1.02,0.66,-1.38,-5.08,-4.75,-3.91,1.13,0.85,-1.11,-2.96,4.93,5.58,-1.20,-0.47,-1.28,0.00,0.00,0.00,0.00,0.00,0.00,-7.15,-2.35,2.04,-0.12,0.69,-1.68
30.07206,5.56,-2.71,1.50,-1.46,-0.72,0.04,-49.56,13.31,-6.94,-3.32,-1.39,6.19,-0.99,0.57,-1.62,-3.95,-4.58,-3.28,1.39,0.83,-1.04,-2.60,3.70,5.15,-1.18,-0.73,-1.35,0.00,0.00,0.00,0.00,0.00,0.00,-6.07,-2.82,1.52,0.02,0.58,-1.86
30.072071,5.71,-2.48,0.85,-1.85,-0.61,-0.88,-49.56,13.31,-6.94,-2.53,-2.32,5.14,-0.91,0.41,-1.79,-3.25,-4.43,-2.02,1.58,0.76,-0.90,-1.67,2.53,4.98,-1.10,-0.96,-1.34,0.00,0.00,0.00,0.00,0.00,0.00,-5.00,-3.19,1.51,0.16,0.41,-1.94
30.072084,5.98,-1.99,0.16,-1.73,-0.44,-1.10,-49.56,13.31,-6.94,-1.20,-3.34,4.60,-0.78,0.19,-1.86,-2.69,-4.54,-0.61,1.68,0.62,-0.75,-0.44,1.42,5.17,-1.00,-1.16,-1.23,0.00,0.00,0.00,0.00,0.00,0.00,-3.46,-3.70,1.66,0.26,0.21,-1.94
30.072095,6.41,-1.22,-0.41,-1.51,-0.32,-1.19,-49.56,13.31,-6.94,-0.05,-4.09,4.53,-0.66,0.07,-1.85,-2.14,-4.93,0.37,1.69,0.52,-0.61,0.34,0.66,5.58,-0.89,-1.24,-1.14,0.00,0.00,0.00,0.00,0.00,0.00,-2.04,-4.30,1.97,0.36,0.11,-1.86
30.073823,6.75,-0.26,-0.99,-1.41,-0.22,-1.16,-49.56,13.31,-6.94,0.90,-5.04,4.41,-0.55,0.05,-1.84,-1.72,-5.39,1.37,1.68,0.50,-0.50,1.12,-0.13,6.06,-0.78,-1.28,-1.11,0.00,0.00,0.00,0.00,0.00,0.00,-1.04,-5.19,2.31,0.46,0.08,-1.78
30.073838,7.52,0.35,-1.41,-1.41,-0.22,-1.16,-48.81,6.31,-6.25,1.87,-6.14,4.41,-0.40,0.03,-1.83,-1.55,-5.83,2.62,1.64,0.52,-0.33,2.20,-0.82,6.68,-0.61,-1.29,-1.10,0.00,0.00,0.00,0.00,0.00,0.00,-0.12,-6.02,3.02,0.55,0.07,-1.67
30.07385,9.35,1.19,-1.76,-1.41,-0.22,-1.16,-47.56,5.06,-4.44,3.22,-7.11,4.97,-0.22,-0.02,-1.75,-2.16,-6.42,4.34,1.52,0.50,-0.12,3.72,-1.05,7.70,-0.41,-1.25,-1.02,0.00,0.00,0.00,0.00,0.00,0.00,0.66,-6.50,4.46,0.59,0.03,-1.49
30.073859,10.08,1.46,-1.76,-1.14,0.33,-1.00,-47.56,5.06,-4.44,4.52,-7.79,5.86,-0.10,-0.09,-1.55,-2.98,-7.12,5.92,1.35,0.39,-0.00,5.26,-1.04,8.88,-0.26,-1.15,-0.84,0.00,0.00,0.00,0.00,0.00,0.00,1.10,-6.90,5.82,0.56,-0.04,-1.27
30.07387,10.58,2.23,-1.98,-1.14,0.33,-1.00,-47.88,5.69,-6.19,5.69,-8.54,5.86,-0.03,-0.20,-1.26,-2.94,-7.39,7.29,1.12,0.20,0.06,6.36,-1.60,9.26,-0.17,-1.01,-0.57,0.00,0.00,0.00,0.00,0.00,0.00,2.08,-7.35,6.50,0.46,-0.16,-1.04
30.073878,10.96,3.91,-2.71,-1.14,0.33,-1.00,-47.38,2.38,-7.88,6.33,-9.13,4.88,0.15,-0.24,-0.95,-1.70,-7.18,7.83,0.88,0.09,0.22,6.60,-2.76,8.70,0.05,-0.86,-0.36,0.00,0.00,0.00,0.00,0.00,0.00,3.85,-8.43,5.52,0.46,-0.21,-0.75
30.090049,10.66,4.71,-2.98,-1.14,0.33,-1.00,-47.38,2.38,-7.88,6.61,-9.26,4.10,0.37,-0.26,-0.82,-1.16,-6.73,8.22,0.73,0.07,0.44,6.90,-3.22,8.22,0.28,-0.80,-0.27,0.00,0.00,0.00,0.00,0.00,0.00,4.48,-8.44,5.16,0.60,-0.22,-0.48
30.111774,10.12,4.68,-2.95,-0.13,0.69,-0.58,-47.38,2.38,-7.88,7.29,-8.85,4.07,0.66,-0.31,-0.63,-1.45,-6.02,8.69,0.49,0.04,0.72,7.62,-2.93,7.85,0.60,-0.69,-0.11,0.00,0.00,0.00,0.00,0.00,0.00,5.00,-7.43,5.72,0.71,-0.24,-0.14
30.136594,8.86,3.80,-1.64,0.47,1.00,-0.17,-46.38,1.31,-8.19,7.34,-7.62,4.87,0.88,-0.33,-0.22,-2.52,-5.57,8.41,0.09,-0.06,0.91,7.61,-1.71,7.69,0.84,-0.41,0.14,0.00,0.00,0.00,0.00,0.00,0.00,4.20,-6.10,6.31,0.70,-0.25,0.38
30.157583,8.40,3.34,-0.99,0.47,1.00,-0.17,-45.94,-0.56,-10.56,6.26,-6.73,5.20,0.96,-0.38,0.10,-3.01,-5.53,7.34,-0.20,-0.22,0.98,6.71,-0.90,7.51,0.94,-0.22,0.38,0.00,0.00,0.00,0.00,0.00,0.00,2.80,-5.73,6.03,0.63,-0.33,0.68
30.581467,8.51,2.61,-0.45,0.47,1.00,-0.17,-45.94,-0.56,-10.56,5.57,-6.37,5.39,1.04,-0.47,0.33,-3.08,-5.50,6.41,-0.38,-0.33,1.05,5.88,-0.47,7.37,1.05,-0.09,0.56,0.00,0.00,0.00,0.00,0.00,0.00,2.29,-5.80,5.73,0.60,-0.42,0.92
30.581494,9.28,1.77,-0.11,1.09,1.01,0.05,-45.94,-0.56,-10.56,5.03,-6.41,5.63,1.17,-0.57,0.55,-3.51,-5.58,6.03,-0.59,-0.45,1.23,5.60,-0.11,7.55,1.22,-0.01,0.76,0.00,0.00,0.00,0.00,0.00,0.00,1.60,-5.94,5.71,0.66,-0.55,1.22
30.581515,9.51,1.34,-0.11,1.34,1.12,0.07,-45.94,-0.56,-10.56,5.13,-6.45,6.17,1.30,-0.72,0.78,-4.11,-5.76,6.06,-0.79,-0.61,1.39,5.78,0.30,7.96,1.36,0.07,0.99,0.00,0.00,0.00,0.00,0.00,0.00,1.30,-5.66,6.47,0.68,-0.69,1.47
30.581527,9.89,1.34,0.16,1.68,1.19,0.13,-45.94,-0.56,-10.56,4.88,-6.20,7.10,1.40,-0.81,1.02,-4.96,-6.12,5.75,-1.01,-0.77,1.48,5.64,1.18,8.54,1.47,0.19,1.22,0.00,0.00,0.00,0.00,0.00,0.00,0.70,-5.69,6.94,0.65,-0.77,1.75
30.581541,11.04,1.04,1.58,2.00,1.17,0.35,-45.94,-0.56,-10.56,4.45,-5.61,8.63,1.46,-0.85,1.23,-6.19,-6.76,4.83,-1.20,-0.88,1.53,5.03,2.57,9.27,1.53,0.30,1.39,0.00,0.00,0.00,0.00,0.00,0.00,-0.81,-5.39,8.11,0.59,-0.81,1.98
30.581553,11.24,0.81,2.15,2.00,1.17,0.35,-44.81,-3.94,-12.88,3.96,-5.12,9.83,1.42,-0.90,1.35,-7.30,-7.28,4.22,-1.28,-0.98,1.51,4.67,3.63,9.90,1.50,0.34,1.50,0.00,0.00,0.00,0.00,0.00,0.00,-2.26,-5.32,8.59,0.48,-0.89,2.02
30.581564,11.46,0.62,2.42,2.00,1.17,0.35,-44.31,-2.56,-12.62,3.87,-4.99,10.51,1.35,-0.96,1.41,-7.69,-7.49,3.94,-1.30,-1.06,1.46,4.52,4.13,10.23,1.45,0.36,1.57,0.00,0.00,0.00,0.00,0.00,0.00,-2.30,-5.53,8.74,0.41,-0.96,2.00
30.581575,11.77,0.89,2.57,2.04,0.92,0.24,-44.31,-2.56,-12.62,4.11,-4.98,10.86,1.30,-0.94,1.45,-7.96,-7.36,4.00,-1.35,-1.07,1.41,4.76,4.37,10.34,1.41,0.43,1.59,0.00,0.00,0.00,0.00,0.00,0.00,-2.10,-5.15,9.37,0.36,-0.95,2.03
30.581588,11.73,0.85,2.69,2.04,0.92,0.24,-43.81,-5.06,-12.88,3.97,-4.56,11.10,1.25,-0.89,1.56,-8.35,-7.14,3.78,-1.45,-1.08,1.35,4.66,4.80,10.18,1.37,0.54,1.63,0.00,0.00,0.00,0.00,0.00,0.00,-2.65,-4.68,9.45,0.24,-0.89,2.08
30.581601,11.50,0.35,3.07,2.04,0.92,0.24,-42.62,-5.25,-12.12,3.40,-4.01,10.51,1.18,-0.90,1.68,-8.22,-6.65,3.33,-1.51,-1.14,1.29,4.24,4.85,9.48,1.32,0.59,1.72,0.00,0.00,0.00,0.00,0.00,0.00,-3.08,-4.41,8.60,0.20,-0.93,2.12
30.581613,9.17,1.12,3.03,2.25,0.75,0.26,-42.62,-5.25,-12.12,2.94,-3.60,9.02,1.19,-1.01,1.71,-6.84,-5.57,2.78,-1.48,-1.22,1.34,3.60,4.12,7.84,1.35,0.53,1.79,0.00,0.00,0.00,0.00,0.00,0.00,-2.67,-4.25,7.26,0.22,-1.05,2.08
30.581624,8.78,1.54,3.07,2.25,0.75,0.26,-43.19,-6.06,-13.19,3.22,-3.18,8.09,1.34,-1.01,1.62,-5.96,-4.58,2.62,-1.43,-1.16,1.50,3.56,3.76,6.77,1.49,0.43,1.73,0.00,0.00,0.00,0.00,0.00,0.00,-1.11,-3.88,6.49,0.37,-1.04,2.09
30.581635,8.05,1.57,3.15,2.25,0.75,0.26,-43.19,-6.06,-13.19,3.63,-2.59,7.24,1.55,-0.96,1.56,-5.68,-3.37,2.82,-1.43,-1.05,1.71,3.88,3.62,5.54,1.70,0.39,1.64,0.00,0.00,0.00,0.00,0.00,0.00,-0.67,-2.71,6.18,0.53,-0.94,2.20
30.581647,7.21,1.19,3.22,2.06,1.34,0.29,-43.19,-6.06,-13.19,3.71,-2.17,6.22,1.76,-0.99,1.62,-5.44,-2.26,2.94,-1.52,-1.03,1.91,4.12,3.43,4.52,1.92,0.40,1.69,0.00,0.00,0.00,0.00,0.00,0.00,-0.35,-2.04,5.64,0.67,-0.95,2.40
30.583296,6.71,0.73,3.99,2.52,1.81,0.37,-42.69,-8.69,-11.62,3.41,-1.13,6.11,2.09,-1.07,1.70,-5.47,-1.55,1.80,-1.66,-1.02,2.25,3.32,4.24,3.67,2.27,0.38,1.75,0.00,0.00,0.00,0.00,0.00,0.00,-0.48,-1.32,5.25,0.90,-0.92,2.67
30.583314,6.63,1.19,4.91,2.52,1.81,0.37,-42.25,-10.56,-12.25,2.98,0.37,7.53,2.34,-0.91,1.59,-6.20,-1.48,0.26,-1.70,-0.72,2.49,2.36,5.83,3.75,2.51,0.39,1.50,0.00,0.00,0.00,0.00,0.00,0.00,-1.13,-0.29,5.68,1.10,-0.70,2.74
30.583326,6.60,1.08,5.98,2.52,1.81,0.37,-41.81,-8.62,-14.44,1.88,1.82,8.79,2.48,-0.64,1.46,-8.01,-1.63,-0.57,-1.69,-0.38,2.57,1.86,7.68,4.21,2.58,0.43,1.18,0.00,0.00,0.00,0.00,0.00,0.00,-3.26,0.98,6.34,1.25,-0.40,2.74
30.583337,6.37,-0.11,6.82,2.52,1.81,0.37,-40.62,-9.06,-16.88,0.26,3.13,9.98,2.42,-0.64,1.33,-9.85,-1.75,-1.27,-1.53,-0.34,2.48,1.36,9.29,4.61,2.49,0.33,1.09,0.00,0.00,0.00,0.00,0.00,0.00,-6.48,2.02,7.04,1.28,-0.44,2.57
30.583353,6.37,-1.80,8.85,2.52,1.81,0.37,-40.62,-9.06,-16.88,-0.35,3.74,11.12,2.30,-0.81,1.12,-10.84,-1.76,-2.33,-1.28,-0.41,2.38,0.68,10.60,4.86,2.35,0.12,1.07,0.00,0.00,0.00,0.00,0.00,0.00,-7.17,2.11,7.56,1.30,-0.56,2.31
30.589557,7.75,-1.38,11.04,2.52,1.81,0.37,-40.62,-9.06,-16.88,-0.75,4.78,12.96,2.15,-0.86,0.74,-11.92,-1.87,-3.57,-0.89,-0.25,2.31,-0.08,12.27,5.36,2.19,-0.12,0.77,0.00,0.00,0.00,0.00,0.00,0.00,-8.41,2.61,8.21,1.40,-0.55,1.86
30.607786,7.55,-1.57,11.46,1.10,2.03,-0.27,-40.62,-9.06,-16.88,-1.19,5.58,13.88,1.97,-0.80,0.38,-12.96,-1.96,-3.83,-0.56,-0.09,2.19,-0.13,13.26,5.65,1.97,-0.32,0.50,0.00,0.00,0.00,0.00,0.00,0.00,-9.33,3.23,8.56,1.48,-0.52,1.50
30.632014,5.95,-1.38,11.57,0.66,1.88,-0.46,-38.00,-12.62,-18.19,-1.29,6.40,14.45,1.62,-0.84,-0.08,-13.99,-1.80,-3.63,0.00,-0.14,1.81,0.23,14.09,5.77,1.51,-0.68,0.32,0.00,0.00,0.00,0.00,0.00,0.00,-10.40,4.37,9.31,1.47,-0.67,0.89
30.653789,6.25,-0.88,11.91,0.13,1.05,-1.09,-35.06,-15.81,-19.50,-0.41,6.54,14.71,1.26,-0.86,-0.47,-13.94,-1.32,-3.32,0.46,-0.19,1.41,0.69,14.10,5.54,1.06,-0.97,0.16,0.00,0.00,0.00,0.00,0.00,0.00,-8.96,4.63,9.76,1.40,-0.74,0.34
30.674217,6.60,-0.42,12.19,0.13,1.05,-1.09,-35.06,-15.81,-19.50,0.31,6.49,14.64,0.96,-0.80,-0.80,-13.86,-1.00,-3.30,0.84,-0.08,1.03,0.87,13.93,5.51,0.60,-1.15,-0.13,0.00,0.00,0.00,0.00,0.00,0.00,-8.78,4.69,9.54,1.34,-0.70,-0.15
30.826245,6.71,0.04,12.23,-0.25,0.88,-1.16,-35.06,-15.81,-19.50,0.90,6.44,14.57,0.70,-0.64,-1.11,-13.91,-0.62,-2.72,1.21,0.09,0.65,1.48,13.60,5.40,0.11,-1.30,-0.46,0.00,0.00,0.00,0.00,0.00,0.00,-9.20,4.96,9.36,1.27,-0.90,-0.83
30.828257,6.33,0.00,11.84,-0.69,0.78,-1.22,-31.69,-17.94,-23.00,1.02,6.51,14.15,0.39,-0.54,-1.35,-14.02,-0.54,-2.19,1.62,0.16,0.21,1.94,13.56,5.38,-0.47,-1.48,-0.68,0.00,0.00,0.00,0.00,0.00,0.00,-8.21,5.14,9.76,1.24,-1.20,-1.40
30.828273,5.87,0.20,11.61,-0.69,0.78,-1.22,-30.81,-17.56,-22.62,1.37,6.39,13.74,0.07,-0.59,-1.53,-14.10,-0.52,-1.54,1.96,-0.00,-0.16,2.33,13.30,5.30,-0.91,-1.72,-0.76,0.00,0.00,0.00,0.00,0.00,0.00,-7.57,5.44,10.35,1.16,-1.41,-1.76
30.828284,5.98,0.77,11.39,-0.69,0.78,-1.22,-30.50,-17.50,-24.38,2.47,5.81,13.18,-0.17,-0.62,-1.69,-13.58,-0.21,-0.56,2.23,-0.19,-0.52,3.34,12.64,5.13,-1.31,-1.95,-0.78,0.00,0.00,0.00,0.00,0.00,0.00,-5.94,5.56,10.94,0.98,-1.60,-2.09
30.828294,6.37,1.27,11.15,-0.69,0.78,-1.22,-30.50,-17.50,-24.38,3.85,5.24,13.04,-0.37,-0.64,-1.72,-13.17,-0.03,0.49,2.30,-0.27,-0.68,4.35,12.10,5.09,-1.45,-2.05,-0.78,0.00,0.00,0.00,0.00,0.00,0.00,-3.95,5.53,11.77,0.76,-1.56,-2.23
30.828303,7.06,3.14,10.88,-0.99,-0.21,-1.87,-28.50,-20.56,-26.06,4.68,5.14,13.54,-0.59,-0.63,-1.72,-13.58,-0.44,1.39,2.30,-0.33,-0.92,5.27,12.12,5.90,-1.59,-1.99,-0.79,0.00,0.00,0.00,0.00,0.00,0.00,-2.75,5.30,12.43,0.45,-1.36,-2.31
30.828314,7.21,4.22,10.66,-1.12,-0.46,-1.78,-28.12,-21.69,-24.62,5.56,5.10,13.94,-0.85,-0.60,-1.83,-13.80,-0.92,2.07,2.37,-0.34,-1.36,5.94,12.16,6.51,-1.84,-1.86,-0.90,0.00,0.00,0.00,0.00,0.00,0.00,-1.92,5.20,13.09,0.19,-1.11,-2.43
30.845593,7.21,4.22,10.66,-1.45,-0.77,-1.68,-26.94,-21.69,-26.38,7.06,4.66,14.04,-1.17,-0.37,-1.89,-13.39,-0.81,3.69,2.40,-0.27,-1.81,7.32,11.65,6.38,-2.09,-1.68,-1.03,0.00,0.00,0.00,0.00,0.00,0.00,-0.55,5.02,13.58,-0.12,-0.85,-2.58
30.870186,8.09,5.14,9.43,-1.45,-0.77,-1.68,-26.81,-19.12,-27.56,8.40,3.27,13.01,-1.46,-0.15,-1.81,-11.81,-0.48,5.78,2.11,-0.09,-1.92,8.99,10.16,5.76,-2.08,-1.42,-1.03,0.00,0.00,0.00,0.00,0.00,0.00,2.05,4.13,13.67,-0.41,-0.48,-2.47
30.890738,8.59,5.48,8.43,-1.45,-0.77,-1.68,-26.81,-19.12,-27.56,9.19,2.00,12.09,-1.59,-0.09,-1.64,-11.02,-0.88,6.74,1.72,0.09,-1.84,9.62,8.87,5.93,-1.95,-1.15,-0.97,0.00,0.00,0.00,0.00,0.00,0.00,3.74,3.22,13.53,-0.59,-0.09,-2.15
30.912442,8.74,6.29,7.59,-1.45,-1.44,-1.06,-26.81,-19.12,-27.56,9.56,1.38,11.92,-1.70,0.03,-1.51,-10.31,-1.46,7.18,1.39,0.36,-1.94,9.79,8.01,6.11,-1.80,-0.82,-1.05,0.00,0.00,0.00,0.00,0.00,0.00,5.18,2.26,13.18,-0.73,0.56,-1.71
30.937184,8.66,6.02,6.29,-1.74,-1.55,-0.34,-26.81,-19.12,-27.56,10.00,0.24,10.92,-1.77,0.39,-1.36,-9.65,-1.85,7.84,1.05,0.59,-2.10,10.05,6.80,6.05,-1.61,-0.40,-1.12,0.00,0.00,0.00,0.00,0.00,0.00,4.35,1.47,12.24,-0.84,1.29,-1.18
30.95887,8.59,5.25,5.91,-1.74,-1.55,-0.34,-28.88,-14.94,-28.44,9.65,-0.77,9.74,-1.81,0.58,-1.08,-8.92,-2.16,8.19,0.75,0.67,-2.02,10.01,5.53,6.05,-1.64,-0.17,-1.03,0.00,0.00,0.00,0.00,0.00,0.00,2.12,0.57,10.53,-0.84,1.23,-1.02
30.980451,8.63,4.95,5.37,-1.74,-1.55,-0.34,-30.06,-14.81,-28.38,8.96,-1.72,8.94,-1.73,0.71,-0.78,-8.00,-2.54,7.85,0.47,0.63,-1.88,9.38,4.64,5.96,-1.66,0.06,-0.86,0.00,0.00,0.00,0.00,0.00,0.00,2.57,-0.10,10.42,-0.88,0.92,-0.99
31.003313,9.17,4.14,4.72,-1.74,-1.55,-0.34,-30.44,-13.25,-29.19,8.18,-2.02,9.05,-1.61,0.82,-0.52,-7.41,-3.25,7.00,0.22,0.68,-1.73,8.39,4.39,6.37,-1.56,0.29,-0.77,0.00,0.00,0.00,0.00,0.00,0.00,2.06,-0.49,10.16,-0.99,0.89,-0.91
31.026598,8.86,4.03,4.41,-1.74,-1.55,-0.34,-32.00,-12.62,-28.12,7.17,-2.07,9.18,-1.57,0.98,-0.36,-7.44,-3.94,6.37,0.07,0.76,-1.70,7.69,4.37,6.97,-1.53,0.54,-0.75,0.00,0.00,0.00,0.00,0.00,0.00,1.51,-0.80,9.85,-1.12,0.92,-0.89
31.046821,8.79,2.65,3.80,-1.74,-1.55,-0.34,-32.75,-9.25,-27.25,6.45,-2.43,9.10,-1.59,1.03,-0.20,-7.28,-4.34,6.06,-0.11,0.71,-1.69,7.26,4.10,7.14,-1.54,0.71,-0.63,0.00,0.00,0.00,0.00,0.00,0.00,0.78,-1.07,9.72,-1.25,0.94,-0.80
31.070717,9.47,1.57,3.61,-0.61,-1.70,0.71,-32.75,-9.25,-27.25,5.90,-3.05,8.87,-1.59,1.03,0.07,-7.13,-4.70,5.78,-0.36,0.53,-1.61,6.77,3.67,7.33,-1.50,0.81,-0.40,0.00,0.00,0.00,0.00,0.00,0.00,0.39,-1.54,9.43,-1.41,0.89,-0.62
31.091216,9.67,1.61,3.45,-0.35,-1.67,0.72,-32.75,-9.25,-27.25,5.04,-3.28,8.79,-1.54,0.91,0.30,-6.56,-4.98,5.38,-0.54,0.38,-1.44,6.12,3.53,7.16,-1.36,0.88,-0.20,0.00,0.00,0.00,0.00,0.00,0.00,-0.40,-2.14,8.79,-1.49,0.81,-0.46
31.112329,9.43,1.69,3.15,-0.35,-1.67,0.72,-36.56,-5.94,-26.25,4.31,-3.39,8.61,-1.48,0.79,0.43,-6.42,-5.33,4.74,-0.67,0.26,-1.25,5.53,3.28,7.56,-1.21,0.88,-0.03,0.00,0.00,0.00,0.00,0.00,0.00,-0.69,-2.55,8.30,-1.52,0.67,-0.38
31.136537,9.36,1.80,2.96,-0.10,-1.60,0.63,-39.06,-4.44,-22.44,4.31,-3.68,8.46,-1.43,0.63,0.53,-6.24,-5.43,4.71,-0.73,0.04,-1.18,5.47,3.02,7.72,-1.11,0.90,0.15,0.00,0.00,0.00,0.00,0.00,0.00,-0.27,-2.69,8.19,-1.51,0.55,-0.27
31.158468,9.25,1.92,2.34,-0.10,-1.60,0.63,-39.06,-4.44,-22.44,4.60,-4.04,8.20,-1.39,0.53,0.66,-6.05,-5.43,4.87,-0.82,-0.11,-1.21,5.65,2.68,7.79,-1.07,0.99,0.31,0.00,0.00,0.00,0.00,0.00,0.00,0.27,-2.84,8.06,-1.59,0.54,-0.11
31.180156,9.31,1.84,2.23,-0.10,-1.60,0.63,-41.00,-2.81,-21.12,4.45,-4.28,7.99,-1.31,0.50,0.81,-5.20,-5.39,4.77,-0.93,-0.16,-1.19,5.27,2.48,7.30,-1.00,1.14,0.41,0.00,0.00,0.00,0.00,0.00,0.00,0.29,-3.42,7.45,-1.55,0.58,0.07
31.201094,9.51,1.88,2.11,-0.10,-1.60,0.63,-41.62,-2.00,-18.31,3.86,-4.45,7.81,-1.23,0.50,0.90,-5.02,-5.69,4.39,-1.08,-0.09,-0.98,4.86,2.21,7.63,-0.76,1.22,0.45,0.00,0.00,0.00,0.00,0.00,0.00,-0.30,-3.75,7.17,-1.47,0.62,0.23
31.223664,9.43,1.15,1.50,-0.10,-1.60,0.63,-41.88,-2.38,-19.00,3.26,-4.87,7.29,-1.15,0.36,0.98,-5.17,-5.97,4.29,-1.17,-0.18,-0.82,4.58,1.84,7.71,-0.57,1.24,0.60,0.00,0.00,0.00,0.00,0.00,0.00,-1.42,-3.69,7.22,-1.46,0.52,0.31
31.245289,9.31,0.96,1.00,0.54,-1.26,0.76,-41.88,-2.38,-19.00,3.19,-5.39,6.67,-1.01,0.12,1.12,-4.76,-5.95,4.41,-1.22,-0.44,-0.66,4.46,1.30,7.51,-0.37,1.17,0.86,0.00,0.00,0.00,0.00,0.00,0.00,-1.07,-4.14,6.69,-1.53,0.27,0.36
31.267211,9.13,1.34,0.08,0.54,-1.26,0.76,-42.94,-0.69,-13.44,3.33,-5.96,5.91,-0.80,-0.11,1.25,-3.76,-5.80,4.50,-1.31,-0.63,-0.48,4.38,0.57,7.21,-0.10,1.13,1.10,0.00,0.00,0.00,0.00,0.00,0.00,-0.09,-4.85,5.97,-1.50,0.09,0.51
31.288114,9.28,1.84,-0.22,1.09,-1.00,0.63,-42.94,-0.69,-13.44,3.53,-6.26,5.51,-0.54,-0.22,1.32,-3.06,-5.76,4.25,-1.41,-0.66,-0.25,4.18,0.11,7.17,0.22,1.20,1.21,0.00,0.00,0.00,0.00,0.00,0.00,0.96,-5.60,5.17,-1.34,0.06,0.72
31.311923,8.93,1.84,-0.22,1.12,-0.37,0.78,-42.94,-0.69,-13.44,3.34,-6.17,5.36,-0.26,-0.22,1.33,-2.69,-5.75,3.73,-1.49,-0.53,0.01,3.58,0.06,6.98,0.57,1.25,1.14,0.00,0.00,0.00,0.00,0.00,0.00,0.81,-5.67,4.75,-1.02,0.18,1.00
31.333759,8.48,1.19,-0.15,1.12,-0.37,0.78,-45.38,0.44,-11.31,2.75,-5.82,5.25,-0.00,-0.22,1.35,-2.69,-5.68,3.41,-1.55,-0.48,0.28,3.34,0.70,6.94,0.96,1.36,1.13,0.00,0.00,0.00,0.00,0.00,0.00,-0.19,-5.10,4.96,-0.85,0.24,1.17
31.353849,8.12,0.66,-0.07,1.12,-0.37,0.78,-45.38,0.44,-11.31,2.48,-5.60,5.55,0.20,-0.33,1.38,-3.00,-5.66,2.88,-1.60,-0.48,0.47,2.83,1.34,7.05,1.38,1.51,1.14,0.00,0.00,0.00,0.00,0.00,0.00,-0.79,-5.05,4.54,-0.70,0.23,1.28
31.377771,9.01,0.31,1.08,1.29,0.21,0.74,-45.38,0.44,-11.31,2.40,-5.13,6.45,0.46,-0.26,1.37,-3.70,-5.71,1.57,-1.65,-0.32,0.62,2.04,2.52,7.37,1.76,1.75,1.01,0.00,0.00,0.00,0.00,0.00,0.00,-0.52,-4.83,4.87,-0.49,0.35,1.42
31.399534,9.16,0.27,2.50,1.29,0.21,0.74,-46.12,1.94,-10.31,1.87,-3.48,8.78,0.64,-0.03,1.19,-5.38,-5.99,0.33,-1.60,-0.02,0.63,1.55,4.68,7.77,1.91,1.99,0.76,0.00,0.00,0.00,0.00,0.00,0.00,-2.25,-3.73,5.43,-0.18,0.64,1.57
31.421315,8.89,-0.49,3.64,1.29,0.21,0.74,-46.12,2.38,-10.00,1.17,-1.99,10.87,0.56,0.24,1.02,-7.77,-6.22,-0.83,-1.45,0.19,0.44,0.53,6.59,7.67,1.74,2.02,0.49,0.00,0.00,0.00,0.00,0.00,0.00,-4.88,-1.98,6.88,-0.02,0.83,1.55
31.444305,9.51,-2.14,5.83,1.29,0.21,0.74,-46.50,3.50,-11.12,0.40,-1.27,12.20,0.36,0.45,0.90,-9.33,-6.25,-1.81,-1.25,0.25,0.13,-0.25,8.03,7.86,1.11,1.65,0.23,0.00,0.00,0.00,0.00,0.00,0.00,-7.40,-1.00,7.81,-0.06,0.85,1.30
31.465953,10.12,-2.64,6.36,0.16,-0.10,1.02,-46.50,3.50,-11.12,0.01,-1.05,12.93,0.13,0.62,0.78,-10.16,-6.23,-2.22,-1.09,0.27,-0.11,-0.50,8.88,7.77,0.47,1.40,0.04,0.00,0.00,0.00,0.00,0.00,0.00,-8.60,-0.44,8.44,-0.27,0.77,0.93
31.488425,10.24,-3.52,6.75,0.16,-0.10,1.02,-47.00,5.81,-9.38,-0.74,-0.82,13.32,-0.06,0.80,0.68,-10.39,-6.23,-2.64,-1.02,0.24,-0.12,-0.94,9.50,7.67,-0.15,1.11,-0.03,0.00,0.00,0.00,0.00,0.00,0.00,-9.09,-0.35,8.43,-0.50,0.67,0.57
31.512951,9.70,-3.75,6.06,-0.17,-0.54,0.79,-47.88,5.81,-8.38,-1.09,-0.73,13.48,-0.29,0.88,0.52,-10.77,-6.34,-3.07,-0.91,0.21,-0.28,-1.20,10.07,8.09,-0.77,0.82,-0.11,0.00,0.00,0.00,0.00,0.00,0.00,-8.73,-0.48,7.92,-0.67,0.68,0.22
31.534154,9.43,-3.86,5.91,-0.35,-0.68,0.85,-47.88,5.81,-8.38,-1.16,-0.74,13.25,-0.47,1.02,0.43,-10.19,-6.22,-3.81,-0.83,0.27,-0.55,-1.80,9.76,8.00,-1.26,0.61,-0.26,0.00,0.00,0.00,0.00,0.00,0.00,-8.63,-0.82,7.10,-0.73,0.79,-0.01
31.554397,9.39,-3.82,5.71,-0.35,-0.68,0.85,-47.88,5.81,-8.38,-2.26,-0.80,12.46,-0.59,1.22,0.30,-9.42,-6.16,-4.89,-0.61,0.54,-0.77,-2.91,9.09,7.76,-1.61,0.28,-0.58,0.00,0.00,0.00,0.00,0.00,0.00,-8.88,-1.48,6.12,-0.68,0.87,-0.25
31.57794,9.05,-4.67,5.14,-0.97,-0.55,0.70,-47.88,5.81,-8.38,-3.59,-1.08,11.29,-0.61,1.30,-0.00,-8.55,-5.81,-4.97,-0.20,0.70,-0.98,-3.15,8.22,7.48,-1.77,-0.14,-0.97,0.00,0.00,0.00,0.00,0.00,0.00,-9.35,-1.83,5.31,-0.59,0.85,-0.54
31.59963,8.55,-5.43,5.10,-1.02,-0.29,0.46,-47.88,5.81,-8.38,-3.59,-1.34,10.45,-0.57,1.23,-0.18,-8.11,-5.29,-4.40,0.05,0.68,-0.97,-2.62,7.67,7.22,-1.62,-0.22,-1.04,0.00,0.00,0.00,0.00,0.00,0.00,-9.35,-1.29,5.33,-0.58,0.73,-0.73
31.621283,8.02,-5.59,5.21,-0.80,-0.17,0.24,-47.88,5.81,-8.38,-3.86,-1.26,10.02,-0.49,1.04,-0.23,-7.68,-5.01,-4.16,0.22,0.50,-0.91,-2.53,7.30,7.12,-1.37,-0.33,-0.92,0.00,0.00,0.00,0.00,0.00,0.00,-9.01,-1.31,4.84,-0.59,0.58,-0.80
31.644098,7.78,-4.44,4.91,-0.80,-0.17,0.24,-49.69,14.88,-8.00,-3.76,-0.99,10.06,-0.42,0.95,-0.35,-7.33,-5.13,-4.56,0.40,0.38,-0.87,-2.82,7.13,7.13,-1.11,-0.36,-0.88,0.00,0.00,0.00,0.00,0.00,0.00,-8.29,-1.65,4.20,-0.50,0.48,-0.86
31.665852,7.44,-3.86,4.68,-0.82,0.04,0.03,-49.69,14.88,-8.00,-3.41,-0.64,10.22,-0.47,1.05,-0.63,-6.62,-5.08,-4.51,0.59,0.45,-0.86,-2.86,6.70,6.78,-0.88,-0.36,-1.03,0.00,0.00,0.00,0.00,0.00,0.00,-7.54,-1.83,3.89,-0.35,0.52,-0.98
31.687573,7.29,-3.79,4.34,-1.15,0.13,0.04,-49.69,14.88,-8.00,-3.00,-0.97,9.60,-0.55,1.24,-0.86,-6.36,-4.99,-4.03,0.72,0.65,-0.81,-2.47,6.22,6.85,-0.71,-0.27,-1.23,0.00,0.00,0.00,0.00,0.00,0.00,-6.66,-1.95,3.45,-0.14,0.67,-1.02
31.711384,6.25,-4.13,3.53,-1.15,0.13,0.04,-49.06,14.88,-9.06,-3.12,-0.89,9.19,-0.69,1.42,-1.03,-6.16,-5.08,-3.36,0.83,0.77,-0.90,-2.08,5.90,6.81,-0.69,-0.13,-1.33,0.00,0.00,0.00,0.00,0.00,0.00,-6.66,-1.90,3.23,0.17,0.78,-0.90
31.734404,6.17,-3.82,3.22,-1.39,-0.01,-0.08,-49.12,16.44,-10.25,-3.29,-1.73,8.10,-0.75,1.38,-1.18,-5.00,-5.18,-3.07,0.88,0.91,-0.84,-2.18,5.17,6.41,-0.57,-0.11,-1.36,0.00,0.00,0.00,0.00,0.00,0.00,-6.84,-1.82,3.85,0.25,0.81,-0.97
31.753521,6.87,-3.33,2.96,-1.39,-0.01,-0.08,-49.12,16.44,-10.25,-3.58,-2.45,7.43,-0.58,1.21,-1.35,-4.55,-5.32,-2.84,0.91,1.09,-0.67,-2.14,4.43,6.43,-0.41,-0.18,-1.41,0.00,0.00,0.00,0.00,0.00,0.00,-6.34,-2.38,3.57,0.22,0.89,-1.04
31.778123,6.79,-4.17,2.38,-1.53,0.04,-0.10,-48.62,16.81,-9.56,-3.86,-2.03,7.83,-0.54,0.94,-1.54,-4.73,-5.64,-2.93,0.99,1.14,-0.54,-2.33,4.30,6.70,-0.26,-0.23,-1.35,0.00,0.00,0.00,0.00,0.00,0.00,-7.36,-2.11,3.57,0.17,0.82,-1.13
31.799491,6.21,-3.86,2.27,-1.53,0.04,-0.10,-49.50,16.94,-9.88,-4.06,-1.73,7.92,-0.77,0.93,-1.75,-4.34,-5.92,-3.02,1.16,1.07,-0.49,-2.70,3.90,6.54,-0.26,-0.34,-1.31,0.00,0.00,0.00,0.00,0.00,0.00,-7.33,-2.78,2.79,0.01,0.70,-1.46
31.821249,7.25,-2.98,1.54,-1.53,0.04,-0.10,-49.50,16.94,-9.88,-2.61,-3.69,5.97,-0.79,0.94,-1.98,-3.51,-5.77,-2.18,1.34,1.04,-0.37,-2.14,2.73,6.19,-0.26,-0.61,-1.33,0.00,0.00,0.00,0.00,0.00,0.00,-5.85,-3.72,2.29,0.07,0.53,-1.69
31.842101,7.67,-3.37,1.19,-1.53,0.25,-0.79,-49.50,16.94,-9.88,-2.16,-4.71,4.81,-0.45,0.77,-1.92,-3.23,-5.51,-1.35,1.38,0.97,-0.11,-1.44,2.04,6.01,-0.13,-0.91,-1.23,0.00,0.00,0.00,0.00,0.00,0.00,-5.35,-3.46,3.14,0.10,0.43,-1.69
31.86486,6.59,-2.91,1.27,-1.53,0.25,-0.79,-48.75,15.06,-11.94,-2.50,-4.16,5.09,-0.11,0.40,-1.80,-3.57,-5.49,-1.02,1.39,0.74,0.16,-1.06,2.27,6.16,0.04,-1.13,-1.00,0.00,0.00,0.00,0.00,0.00,0.00,-5.48,-3.35,3.00,-0.04,0.27,-1.76
31.886326,6.41,-1.99,1.23,-0.91,0.57,-1.14,-48.75,15.06,-11.94,-1.90,-3.64,5.85,-0.06,0.17,-1.85,-3.35,-5.63,-0.71,1.48,0.53,0.27,-0.75,2.26,6.28,0.09,-1.24,-0.83,0.00,0.00,0.00,0.00,0.00,0.00,-4.42,-4.16,2.08,0.01,0.03,-1.83
31.907734,6.79,-0.84,0.77,-0.87,0.51,-1.33,-48.75,15.06,-11.94,-0.61,-4.43,4.99,-0.05,0.22,-2.05,-2.34,-5.48,0.26,1.63,0.49,0.41,-0.12,1.14,5.79,0.14,-1.46,-0.82,0.00,0.00,0.00,0.00,0.00,0.00,-2.63,-5.17,1.66,0.23,-0.14,-1.81
31.931583,8.02,0.35,-0.30,-0.98,0.62,-1.41,-46.75,12.06,-14.62,1.00,-6.06,2.65,0.37,-0.02,-2.07,-1.67,-4.65,2.36,1.71,0.46,0.76,1.85,-0.30,5.43,0.43,-1.72,-0.71,0.00,0.00,0.00,0.00,0.00,0.00,-0.53,-5.68,1.42,0.64,-0.35,-1.59
31.95281,7.68,0.62,-0.34,-0.98,0.62,-1.41,-46.62,10.06,-14.56,2.22,-5.48,3.45,0.79,-0.42,-1.93,-2.27,-4.13,3.82,1.54,0.27,1.09,3.63,-0.15,5.78,0.76,-1.63,-0.43,0.00,0.00,0.00,0.00,0.00,0.00,1.30,-5.17,2.10,1.08,-0.56,-1.13
31.973371,6.79,1.15,0.08,-0.98,0.62,-1.41,-46.62,10.06,-14.56,3.96,-5.04,4.71,0.95,-0.50,-1.71,-3.00,-4.29,3.99,1.28,0.10,1.23,4.09,0.88,6.28,0.96,-1.31,-0.22,0.00,0.00,0.00,0.00,0.00,0.00,1.88,-4.33,3.74,1.38,-0.56,-0.66
31.996598,6.98,2.07,0.77,-0.10,1.28,-0.99,-45.56,7.56,-15.88,4.63,-5.03,5.96,1.06,-0.40,-1.41,-3.66,-4.76,3.89,1.03,0.16,1.22,3.92,1.57,6.50,1.01,-1.10,-0.25,0.00,0.00,0.00,0.00,0.00,0.00,1.44,-4.31,4.94,1.49,-0.35,-0.31
32.019214,7.68,2.50,1.31,-0.10,1.28,-0.99,-43.38,6.50,-17.94,3.91,-5.24,6.10,1.15,-0.35,-1.16,-4.35,-4.92,4.38,0.87,0.15,1.27,4.32,1.73,6.97,1.05,-1.03,-0.20,0.00,0.00,0.00,0.00,0.00,0.00,0.25,-4.72,5.04,1.59,-0.34,-0.02
32.041812,9.01,1.19,1.88,-0.10,1.28,-0.99,-43.19,4.12,-19.56,4.03,-5.28,6.64,1.26,-0.51,-0.86,-5.06,-5.05,4.85,0.70,-0.05,1.38,4.80,2.12,7.57,1.11,-0.93,0.05,0.00,0.00,0.00,0.00,0.00,0.00,0.25,-4.82,5.48,1.77,-0.55,0.30
32.064093,9.17,2.00,2.27,0.47,1.35,-0.94,-43.19,4.12,-19.56,4.85,-5.44,8.04,1.28,-0.65,-0.60,-6.19,-5.68,5.46,0.52,-0.26,1.43,5.54,2.88,8.89,1.02,-0.75,0.28,0.00,0.00,0.00,0.00,0.00,0.00,0.17,-4.62,6.93,1.94,-0.77,0.64
32.086197,11.16,1.65,2.80,0.47,1.35,-0.94,-43.19,4.12,-19.56,6.09,-6.28,9.52,1.18,-0.71,-0.12,-7.47,-6.54,5.98,0.17,-0.43,1.44,6.20,3.51,10.67,0.57,-0.40,0.43,0.00,0.00,0.00,0.00,0.00,0.00,0.09,-4.82,8.45,2.01,-0.99,0.97
32.107832,12.53,1.96,3.26,0.88,0.93,-0.65,-43.19,4.12,-19.56,5.56,-6.50,11.59,1.02,-0.65,0.33,-10.24,-8.22,5.34,-0.06,-0.62,1.10,5.99,4.76,13.31,-0.16,-0.00,0.50,0.00,0.00,0.00,0.00,0.00,0.00,-0.97,-4.32,11.11,1.97,-1.08,1.23
32.132301,13.45,1.50,3.61,1.11,0.38,-0.40,-40.56,0.12,-21.94,5.17,-7.12,12.61,0.72,-0.70,0.70,-10.46,-9.00,6.15,-0.17,-0.88,0.57,5.87,5.20,12.56,-0.75,0.18,0.73,0.00,0.00,0.00,0.00,0.00,0.00,-2.93,-3.90,13.64,1.40,-1.20,1.22
32.154075,14.45,1.80,3.11,1.11,0.38,-0.40,-40.38,-2.81,-22.12,4.95,-8.61,11.59,0.58,-1.04,1.04,-9.61,-9.25,7.12,-0.41,-1.20,0.45,6.19,4.00,12.59,-0.65,-0.34,1.22,0.00,0.00,0.00,0.00,0.00,0.00,-2.16,-5.07,13.89,0.87,-1.42,1.17
32.17434,15.18,2.61,2.57,1.11,0.38,-0.40,-40.38,-2.81,-22.12,5.34,-9.10,11.28,0.71,-1.43,1.31,-9.11,-9.39,7.48,-0.60,-1.50,0.52,6.70,2.63,13.31,-0.39,-0.79,1.65,0.00,0.00,0.00,0.00,0.00,0.00,-0.89,-5.98,13.47,0.41,-1.54,1.24
32.197881,13.64,4.49,2.04,2.09,0.28,-0.35,-40.38,-2.81,-22.12,5.33,-7.68,12.59,0.62,-1.50,1.37,-9.10,-9.54,6.88,-0.59,-1.75,0.32,6.65,2.95,13.81,-0.34,-0.72,1.81,0.00,0.00,0.00,0.00,0.00,0.00,-0.18,-5.99,12.38,0.17,-1.55,1.27
32.220245,12.53,5.06,2.57,1.81,0.16,-0.16,-40.38,-2.81,-22.12,6.31,-7.01,12.54,0.42,-1.29,1.30,-8.81,-8.74,6.66,-0.51,-1.71,-0.12,7.01,3.13,13.25,-0.50,-0.51,1.73,0.00,0.00,0.00,0.00,0.00,0.00,0.89,-4.75,12.43,0.00,-1.39,1.18
32.241791,11.77,4.41,3.11,1.81,0.16,-0.16,-40.31,-8.94,-19.06,6.84,-6.65,11.14,0.31,-1.01,1.43,-7.96,-7.25,7.13,-0.49,-1.72,-0.54,7.63,2.66,11.31,-0.70,-0.15,1.70,0.00,0.00,0.00,0.00,0.00,0.00,1.33,-3.80,11.83,-0.19,-1.16,1.20
32.264321,10.28,3.80,3.07,1.81,0.16,-0.16,-39.31,-10.19,-17.25,6.58,-6.36,8.99,0.35,-0.94,1.66,-6.15,-5.68,7.18,-0.64,-1.76,-0.49,7.49,1.52,9.00,-0.52,0.10,1.83,0.00,0.00,0.00,0.00,0.00,0.00,2.35,-3.76,9.95,-0.33,-1.04,1.37
32.285819,9.82,3.88,2.92,1.97,0.20,0.56,-39.31,-10.19,-17.25,6.38,-5.64,8.04,0.61,-0.91,1.86,-5.28,-4.69,6.61,-0.83,-1.69,-0.31,7.17,1.38,8.02,-0.27,0.43,1.92,0.00,0.00,0.00,0.00,0.00,0.00,3.27,-3.26,8.79,-0.26,-0.84,1.69
32.307189,8.93,3.68,3.07,2.10,0.63,0.81,-39.31,-10.19,-17.25,6.27,-4.14,8.61,0.80,-0.74,2.02,-5.93,-4.41,5.08,-0.95,-1.59,-0.36,6.26,2.54,8.09,-0.17,0.87,1.88,0.00,0.00,0.00,0.00,0.00,0.00,2.13,-1.75,8.42,-0.23,-0.50,1.90
32.328229,8.02,3.45,3.57,2.10,0.63,0.81,-40.12,-12.12,-15.06,4.64,-2.48,9.10,0.92,-0.42,2.18,-6.87,-4.62,3.75,-0.99,-1.49,-0.62,5.02,3.85,8.38,-0.30,1.35,1.76,0.00,0.00,0.00,0.00,0.00,0.00,0.50,-0.69,8.03,-0.24,-0.15,1.96
32.352182,6.79,1.23,5.10,1.58,0.73,1.37,-41.62,-11.44,-15.00,1.86,-0.85,9.18,0.85,-0.30,2.17,-6.90,-4.84,2.17,-0.78,-1.50,-1.06,3.09,4.73,7.91,-0.54,1.60,1.73,0.00,0.00,0.00,0.00,0.00,0.00,-2.14,0.03,7.40,-0.27,0.08,1.97
32.37449,6.09,0.00,5.64,1.58,0.73,1.37,-41.62,-11.44,-15.00,0.33,-0.14,8.82,0.78,-0.37,2.02,-5.78,-4.73,1.09,-0.56,-1.45,-1.18,1.33,4.77,6.28,-0.55,1.59,1.71,0.00,0.00,0.00,0.00,0.00,0.00,-3.56,-0.04,6.35,-0.23,0.06,1.84
32.396371,6.17,-0.26,6.14,1.39,0.72,0.86,-41.12,-9.62,-14.81,-1.19,0.27,8.84,0.79,-0.38,1.70,-4.66,-4.86,0.07,-0.59,-1.24,-0.62,-0.46,4.51,5.00,-0.14,1.13,1.49,0.00,0.00,0.00,0.00,0.00,0.00,-4.17,-0.31,5.91,-0.09,0.17,1.71
32.416853,6.52,-0.68,6.52,1.39,0.72,0.86,-41.12,-9.62,-14.81,-2.06,0.13,8.47,0.91,-0.41,1.30,-4.76,-5.35,-0.53,-0.56,-0.97,-0.08,-1.39,4.49,5.36,0.25,0.71,1.20,0.00,0.00,0.00,0.00,0.00,0.00,-5.93,-0.52,4.91,0.08,0.21,1.52
32.441407,6.33,-2.71,6.86,0.93,1.19,0.32,-41.75,-9.06,-15.19,-2.35,0.30,8.66,1.11,-0.58,1.03,-5.16,-5.89,-0.55,-0.46,-0.75,0.58,-1.45,5.20,6.01,0.67,0.10,1.03,0.00,0.00,0.00,0.00,0.00,0.00,-6.95,0.22,5.25,0.38,-0.06,1.37
32.462756,5.87,-2.87,6.98,0.93,1.19,0.32,-40.75,-11.56,-14.69,-2.42,0.57,8.94,1.20,-0.73,0.88,-5.41,-6.26,-0.84,-0.30,-0.62,0.94,-2.00,5.54,6.52,0.84,-0.40,0.91,0.00,0.00,0.00,0.00,0.00,0.00,-7.37,0.25,5.27,0.59,-0.42,1.15
32.484312,6.18,-2.14,7.09,0.93,1.19,0.32,-40.81,-10.56,-14.75,-2.78,0.78,9.26,1.44,-0.88,0.67,-5.69,-6.33,-1.27,-0.07,-0.39,1.25,-2.19,5.74,6.65,1.06,-0.89,0.56,0.00,0.00,0.00,0.00,0.00,0.00,-6.79,-0.39,4.75,0.95,-0.62,0.97
32.508721,6.94,-1.99,8.51,0.40,1.19,-0.71,-40.81,-10.56,-14.75,-3.26,1.96,11.14,1.48,-0.95,0.20,-7.22,-6.84,-1.59,0.15,-0.18,1.53,-2.11,6.92,7.81,1.28,-1.10,0.12,0.00,0.00,0.00,0.00,0.00,0.00,-6.68,-0.21,4.71,1.65,-0.74,0.86
32.529138,7.06,-1.99,9.01,0.40,1.19,-0.71,-40.81,-10.56,-14.75,-2.91,2.24,12.10,1.35,-0.95,-0.22,-8.00,-7.13,-1.14,0.38,-0.05,1.66,-1.53,7.67,8.20,1.40,-1.35,-0.20,0.00,0.00,0.00,0.00,0.00,0.00,-6.91,0.88,5.83,2.26,-0.79,0.88
32.550706,7.67,-1.91,9.54,0.16,1.02,-0.98,-40.81,-10.56,-14.75,-1.68,2.02,12.78,1.27,-0.98,-0.52,-7.34,-6.84,-0.23,0.43,0.24,2.11,-0.45,8.09,7.93,1.65,-1.52,-0.51,0.00,0.00,0.00,0.00,0.00,0.00,-8.08,3.23,9.13,2.51,-0.80,0.73
32.575093,8.17,-1.14,10.24,-0.37,0.51,-1.27,-40.81,-10.56,-14.75,-1.09,2.58,14.40,1.19,-0.95,-0.66,-7.50,-6.08,-0.07,0.14,1.39,3.24,0.62,9.44,8.45,2.05,-1.56,-0.77,0.00,0.00,0.00,0.00,0.00,0.00,-8.57,4.46,11.08,2.02,-0.85,0.14
32.59646,8.44,-0.26,9.96,-0.73,0.14,-1.37,-40.81,-10.56,-14.75,-1.40,3.10,15.44,0.86,-0.98,-0.95,-12.25,-6.39,-1.25,0.14,1.88,3.44,0.24,10.74,11.39,2.08,-1.58,-0.98,0.00,0.00,0.00,0.00,0.00,0.00,-7.24,3.79,10.76,1.69,-0.71,-0.37
32.617594,8.97,0.12,9.51,-0.73,0.14,-1.37,-35.88,-17.25,-18.75,-0.85,2.72,15.33,0.44,-0.84,-1.39,-14.00,-6.53,-1.20,0.65,1.52,2.50,1.05,10.69,11.99,1.57,-1.76,-1.18,0.00,0.00,0.00,0.00,0.00,0.00,-5.89,3.21,10.64,1.64,-0.40,-0.63
32.641018,9.78,0.46,8.93,-1.34,-0.05,-1.60,-34.31,-17.88,-19.81,0.70,1.70,14.47,0.08,-0.78,-1.83,-13.22,-5.90,-0.04,1.15,1.21,1.52,2.50,10.06,11.43,1.07,-1.74,-1.32,0.00,0.00,0.00,0.00,0.00,0.00,-5.54,3.34,10.88,1.58,-0.20,-0.77
32.664975,9.73,0.73,8.62,-1.46,-0.10,-1.64,-34.31,-17.88,-19.81,2.00,1.36,14.92,-0.16,-0.73,-1.99,-12.34,-5.82,0.65,1.43,1.14,0.93,3.00,9.85,10.85,0.66,-1.60,-1.43,0.00,0.00,0.00,0.00,0.00,0.00,-5.56,3.53,11.19,1.52,-0.16,-0.93
32.684599,10.05,1.31,8.36,-1.70,-0.38,-1.60,-34.31,-17.88,-19.81,2.71,0.84,15.04,-0.38,-0.42,-2.14,-11.73,-5.70,1.13,1.59,1.34,0.67,3.36,9.36,10.35,0.38,-1.48,-1.66,0.00,0.00,0.00,0.00,0.00,0.00,-6.21,3.76,11.96,1.28,-0.19,-1.38
32.708626,11.42,1.96,7.63,-1.70,-0.38,-1.60,-32.19,-18.88,-23.31,3.39,-0.20,14.29,-0.57,-0.14,-2.41,-13.12,-5.60,2.03,1.88,1.31,0.30,4.57,9.05,10.73,-0.01,-1.57,-1.81,0.00,0.00,0.00,0.00,0.00,0.00,-4.90,3.62,12.61,0.86,-0.34,-2.00
32.729023,11.69,2.46,7.74,-1.70,-0.38,-1.60,-32.19,-18.88,-23.31,5.67,-0.70,14.73,-0.76,-0.32,-2.45,-13.83,-5.06,4.53,1.97,1.11,-0.03,7.10,9.38,10.71,-0.29,-1.67,-1.71,0.00,0.00,0.00,0.00,0.00,0.00,-2.88,4.56,14.34,0.53,-0.46,-2.22
32.750643,11.50,3.38,7.93,-1.97,-0.61,-1.53,-32.19,-18.88,-23.31,8.28,-1.05,15.32,-0.99,-0.43,-2.20,-14.54,-4.78,6.30,1.76,0.87,-0.40,9.29,9.60,11.03,-0.55,-1.55,-1.44,0.00,0.00,0.00,0.00,0.00,0.00,-0.95,5.08,15.89,0.00,-0.37,-2.33
32.775861,12.04,6.25,8.16,-1.67,-1.44,-0.83,-31.19,-16.00,-23.44,10.65,-1.43,15.09,-1.31,-0.23,-1.80,-14.09,-4.02,8.39,1.44,0.61,-0.82,11.21,9.05,10.15,-0.85,-1.08,-1.20,0.00,0.00,0.00,0.00,0.00,0.00,1.15,4.18,15.80,-0.46,-0.20,-2.29
32.796996,12.07,6.94,7.90,-1.67,-1.44,-0.83,-31.62,-13.25,-26.38,11.80,-2.14,13.81,-1.52,0.06,-1.41,-13.98,-3.64,9.65,1.15,0.33,-1.07,12.37,8.19,9.96,-1.03,-0.77,-0.93,0.00,0.00,0.00,0.00,0.00,0.00,2.55,4.22,16.47,-0.82,-0.15,-2.13
32.819142,11.27,7.82,6.33,-1.67,-1.44,-0.83,-31.62,-13.25,-26.38,12.76,-2.76,12.55,-1.65,0.11,-0.97,-12.42,-2.91,11.18,0.70,0.30,-1.24,13.46,7.34,8.67,-1.11,-0.36,-0.55,0.00,0.00,0.00,0.00,0.00,0.00,4.10,3.74,15.97,-1.28,0.00,-1.94
32.84452,10.43,7.51,4.72,-1.67,-1.44,-0.83,-33.06,-13.69,-24.94,12.63,-3.28,11.13,-1.71,0.20,-0.47,-11.03,-2.87,10.96,0.27,0.08,-1.49,12.93,6.25,8.18,-1.11,0.11,-0.22,0.00,0.00,0.00,0.00,0.00,0.00,5.28,2.38,14.41,-1.60,0.27,-1.58
32.863097,10.20,6.98,3.53,-0.54,-2.15,0.41,-33.06,-13.69,-24.94,11.34,-3.75,9.65,-1.72,0.28,-0.12,-9.66,-3.18,9.83,-0.14,0.06,-1.70,11.72,4.89,8.01,-1.05,0.58,-0.03,0.00,0.00,0.00,0.00,0.00,0.00,5.04,1.04,12.77,-1.76,0.52,-1.26
32.884316,9.85,6.29,2.88,-0.39,-2.15,0.70,-33.06,-13.69,-24.94,10.18,-4.65,7.41,-1.38,0.42,0.33,-7.89,-3.17,9.19,-0.44,0.10,-1.78,10.37,3.37,7.07,-1.03,0.84,0.10,0.00,0.00,0.00,0.00,0.00,0.00,4.53,-0.14,10.96,-1.84,0.73,-1.02
32.904752,9.85,6.29,2.88,-0.28,-1.99,0.89,-38.06,-10.50,-20.06,8.76,-4.78,6.32,-1.04,0.47,0.48,-6.23,-2.97,9.00,-0.69,0.11,-1.70,9.52,1.99,6.11,-0.92,0.96,0.23,0.00,0.00,0.00,0.00,0.00,0.00,4.23,-1.16,9.36,-1.83,0.81,-0.76
32.929649,8.55,5.18,1.27,-0.28,-1.99,0.89,-40.38,-7.56,-18.06,9.13,-5.09,5.54,-0.82,0.51,0.81,-5.17,-2.99,8.46,-0.97,0.00,-1.47,8.91,0.57,6.00,-0.91,1.01,0.37,0.00,0.00,0.00,0.00,0.00,0.00,4.30,-1.43,8.76,-1.83,0.72,-0.40
32.949784,8.36,4.98,0.85,-0.28,-1.99,0.89,-40.38,-7.56,-18.06,8.36,-4.97,5.07,-0.70,0.72,1.01,-4.39,-3.08,7.82,-1.14,-0.06,-1.33,8.24,0.25,5.76,-0.98,1.16,0.40,0.00,0.00,0.00,0.00,0.00,0.00,4.37,-1.94,7.86,-1.89,0.74,-0.10
32.972162,7.98,4.87,0.70,0.46,-1.25,1.27,-40.38,-7.56,-18.06,7.48,-4.81,4.68,-0.60,0.77,1.17,-3.81,-3.11,7.28,-1.32,-0.12,-1.11,7.57,0.11,5.38,-0.96,1.26,0.46,0.00,0.00,0.00,0.00,0.00,0.00,3.82,-2.29,6.86,-1.83,0.74,0.20
32.995879,7.36,4.30,0.27,0.74,-0.89,1.46,-43.56,-4.00,-14.00,7.01,-4.73,4.55,-0.47,0.88,1.36,-3.09,-3.11,6.69,-1.56,-0.12,-0.89,7.02,-0.12,5.14,-0.81,1.40,0.52,0.00,0.00,0.00,0.00,0.00,0.00,3.62,-2.03,7.05,-1.89,0.84,0.39
33.01741,7.44,4.26,0.20,0.74,-0.89,1.46,-44.19,-3.38,-14.69,6.69,-4.77,4.58,-0.34,1.02,1.49,-2.80,-3.19,6.16,-1.76,-0.01,-0.70,6.51,-0.13,4.98,-0.59,1.62,0.50,0.00,0.00,0.00,0.00,0.00,0.00,3.45,-2.06,6.90,-2.12,1.04,0.44
33.046639,7.94,3.07,0.70,0.74,-0.89,1.46,-44.19,-3.38,-14.69,5.75,-4.59,4.82,-0.18,1.23,1.65,-3.07,-3.45,5.18,-1.97,0.13,-0.48,5.60,0.45,5.31,-0.23,1.86,0.47,0.00,0.00,0.00,0.00,0.00,0.00,2.36,-2.23,6.38,-2.26,1.29,0.65
33.060889,7.90,2.19,1.08,0.97,-0.10,1.96,-44.19,-3.38,-14.69,4.31,-4.02,5.42,-0.02,1.21,1.75,-3.72,-3.97,3.99,-2.05,0.18,-0.35,4.52,1.34,5.71,0.05,2.00,0.47,0.00,0.00,0.00,0.00,0.00,0.00,0.61,-1.94,6.58,-2.41,1.41,0.75
33.082454,7.94,1.50,1.35,0.97,-0.10,1.96,-45.25,2.44,-12.12,2.94,-3.45,6.45,0.05,1.18,1.79,-4.35,-4.65,2.53,-2.00,0.19,-0.32,3.27,2.19,6.22,0.30,2.03,0.46,0.00,0.00,0.00,0.00,0.00,0.00,-1.74,-1.45,7.23,-2.81,1.46,0.62
33.104804,8.59,0.43,1.92,0.97,-0.10,1.96,-46.44,3.12,-12.81,1.48,-2.93,7.53,-0.00,1.28,1.66,-4.65,-5.16,1.22,-1.81,0.20,-0.29,1.95,2.74,6.57,0.58,1.95,0.41,0.00,0.00,0.00,0.00,0.00,0.00,-3.01,-2.10,6.33,-3.34,1.49,0.30
33.126376,8.82,-0.46,2.34,0.81,0.40,1.71,-46.44,3.12,-12.81,0.23,-2.82,7.98,-0.19,1.49,1.37,-5.03,-5.61,0.17,-1.58,0.19,-0.18,0.89,3.35,6.99,0.75,1.78,0.32,0.00,0.00,0.00,0.00,0.00,0.00,-4.08,-3.79,3.85,-3.46,1.30,0.12
33.148598,8.66,-1.95,2.96,0.81,0.40,1.71,-46.44,3.12,-12.81,-1.01,-2.60,8.75,-0.35,1.50,1.04,-5.65,-6.18,-0.84,-1.39,0.21,-0.06,0.03,4.31,7.65,0.83,1.69,0.17,0.00,0.00,0.00,0.00,0.00,0.00,-5.65,-3.77,4.06,-3.33,1.03,-0.03
33.172367,8.02,-3.86,3.45,0.50,0.31,1.26,-47.00,7.06,-13.75,-0.72,-2.50,10.33,-0.68,1.53,0.82,-7.30,-6.48,-0.71,-1.32,0.17,-0.12,0.45,5.70,8.53,0.60,1.64,0.21,0.00,0.00,0.00,0.00,0.00,0.00,-6.08,-4.46,2.90,-3.01,0.68,-0.11
33.193831,8.36,-4.05,3.76,0.64,-0.23,1.42,-47.00,7.06,-13.75,-0.65,-2.98,10.38,-0.92,1.50,1.08,-7.56,-6.62,-1.37,-1.44,0.14,-0.34,-0.21,6.27,8.43,0.24,1.73,0.31,0.00,0.00,0.00,0.00,0.00,0.00,-5.76,-4.66,3.54,-2.64,0.39,0.03
33.214392,8.97,-3.82,4.07,0.51,-0.47,1.52,-47.00,7.06,-13.75,-2.50,-3.09,9.90,-0.92,1.50,1.13,-6.94,-6.80,-2.73,-1.44,0.20,-0.44,-1.69,6.19,8.26,0.06,1.67,0.22,0.00,0.00,0.00,0.00,0.00,0.00,-5.73,-5.96,2.52,-2.33,0.44,0.24
33.235028,9.59,-4.17,4.30,0.51,-0.47,1.52,-47.19,9.56,-13.44,-4.37,-2.96,9.84,-0.80,1.42,1.01,-7.13,-7.04,-4.01,-1.30,0.32,-0.41,-2.94,6.68,8.33,0.02,1.51,0.06,0.00,0.00,0.00,0.00,0.00,0.00,-7.13,-6.98,1.20,-1.77,0.54,0.47
33.264662,8.75,-6.05,5.21,0.09,-0.17,1.00,-47.19,9.56,-13.44,-6.24,-2.27,10.44,-0.73,1.18,0.78,-8.21,-7.25,-4.83,-1.00,0.29,-0.38,-3.63,7.71,8.63,-0.06,1.16,0.01,0.00,0.00,0.00,0.00,0.00,0.00,-10.24,-6.05,2.38,-1.25,0.45,0.48
33.284637,8.28,-6.81,5.60,0.13,-0.28,0.58,-47.19,9.56,-13.44,-6.66,-1.58,11.76,-0.92,0.84,0.56,-9.28,-7.15,-4.70,-0.74,0.07,-0.48,-3.20,8.58,9.15,-0.30,0.94,0.18,0.00,0.00,0.00,0.00,0.00,0.00,-11.26,-5.24,3.26,-1.00,0.20,0.27
33.302032,8.25,-6.81,5.87,0.13,-0.28,0.58,-48.88,17.06,-12.75,-6.59,-1.61,12.08,-1.16,0.67,0.29,-8.95,-7.09,-5.59,-0.56,0.01,-0.68,-3.67,9.09,9.49,-0.63,0.92,0.25,0.00,0.00,0.00,0.00,0.00,0.00,-9.52,-5.25,3.43,-0.92,0.10,0.07
33.325027,8.55,-5.24,6.06,0.13,-0.28,0.58,-49.38,15.62,-11.94,-7.09,-1.30,12.16,-1.35,0.81,-0.24,-8.42,-7.12,-6.57,-0.29,0.32,-0.89,-4.83,9.21,8.47,-0.90,1.12,-0.13,0.00,0.00,0.00,0.00,0.00,0.00,-9.31,-5.50,2.97,-0.75,0.45,-0.04
33.346635,8.55,-6.01,6.14,-0.57,-0.72,0.39,-49.38,15.62,-11.94,-6.76,-2.40,10.17,-1.23,0.93,-0.58,-8.60,-6.78,-6.19,0.08,0.42,-0.95,-4.73,8.80,8.25,-1.06,0.81,-0.37,0.00,0.00,0.00,0.00,0.00,0.00,-11.08,-5.54,2.33,-0.56,0.60,-0.22
33.369217,8.28,-7.20,5.71,-0.75,-0.66,0.07,-49.38,15.62,-11.94,-6.63,-2.85,9.22,-1.04,0.56,-0.72,-8.50,-6.19,-4.98,0.37,0.12,-0.85,-3.91,7.86,7.56,-1.25,0.33,-0.16,0.00,0.00,0.00,0.00,0.00,0.00,-11.12,-5.16,2.49,-0.35,0.27,-0.41
33.390184,7.98,-5.97,5.41,-0.29,-0.62,-0.32,-49.38,15.62,-11.94,-5.77,-3.01,9.08,-0.89,0.21,-0.82,-7.85,-5.85,-4.54,0.51,-0.19,-0.74,-3.56,7.40,7.43,-1.20,0.11,0.02,0.00,0.00,0.00,0.00,0.00,0.00,-8.92,-5.25,2.12,-0.13,0.00,-0.47
33.415,7.59,-3.86,4.95,-0.21,-0.44,-0.48,-49.38,15.62,-11.94,-3.68,-3.29,8.90,-0.68,0.13,-0.87,-6.62,-5.75,-4.95,0.57,-0.11,-0.62,-3.63,6.57,6.37,-0.95,-0.07,-0.16,0.00,0.00,0.00,0.00,0.00,0.00,-6.30,-5.55,1.01,0.34,0.06,-0.27
33.436693,6.98,-3.98,4.53,-0.21,-0.44,-0.48,-48.88,16.81,-8.81,-2.98,-3.16,8.66,-0.57,0.27,-0.78,-6.47,-5.37,-3.88,0.54,0.14,-0.58,-2.67,6.09,6.48,-0.80,-0.19,-0.41,0.00,0.00,0.00,0.00,0.00,0.00,-4.80,-5.49,0.05,1.14,0.23,0.26
33.45809,6.49,-4.25,4.03,-0.21,-0.44,-0.48,-49.31,14.44,-9.44,-3.25,-2.89,8.24,-0.55,0.34,-0.64,-6.17,-5.33,-3.47,0.52,0.25,-0.61,-2.46,5.74,6.56,-0.80,-0.23,-0.53,0.00,0.00,0.00,0.00,0.00,0.00,-5.28,-4.40,0.33,2.02,0.22,0.93
33.481254,6.63,-3.37,3.26,-0.73,-0.55,-0.32,-48.94,17.38,-9.94,-2.71,-3.65,6.82,-0.49,0.37,-0.62,-5.10,-5.15,-3.30,0.56,0.36,-0.64,-2.69,4.63,5.70,-0.79,-0.40,-0.65,0.00,0.00,0.00,0.00,0.00,0.00,-6.74,-2.96,1.58,2.48,0.04,1.08
33.502948,7.05,-3.37,3.03,-0.89,-0.45,-0.30,-48.94,17.38,-9.94,-1.81,-5.36,4.19,-0.14,0.36,-0.58,-3.86,-4.65,-2.62,0.59,0.50,-0.45,-2.36,2.92,4.71,-0.54,-0.96,-0.75,0.00,0.00,0.00,0.00,0.00,0.00,-6.39,-2.38,2.77,2.43,-0.10,0.80
33.523925,7.36,-3.56,2.65,-0.89,-0.45,-0.30,-49.19,16.25,-7.75,-1.59,-6.04,2.56,0.73,-0.14,-0.21,-3.33,-4.43,-1.58,0.53,0.55,-0.09,-1.27,2.17,5.22,-0.12,-1.23,-0.78,0.00,0.00,0.00,0.00,0.00,0.00,-4.85,-2.44,3.23,2.18,-0.09,0.63
33.549709,6.56,-3.18,1.84,-0.39,0.40,-0.37,-47.50,13.75,-9.44,-3.20,-3.85,4.74,1.39,-0.69,0.01,-4.01,-5.00,-1.16,0.45,0.43,0.22,-0.80,2.95,6.38,0.11,-1.11,-0.69,0.00,0.00,0.00,0.00,0.00,0.00,-4.80,-2.26,3.08,2.06,-0.04,0.71
33.568496,6.07,-1.95,1.84,-0.39,0.40,-0.37,-47.50,13.75,-9.44,-3.19,-1.45,8.57,1.25,-0.60,-0.34,-4.58,-5.46,-1.40,0.49,0.33,0.20,-0.72,3.70,7.16,0.02,-0.93,-0.62,0.00,0.00,0.00,0.00,0.00,0.00,-4.81,-1.75,3.50,1.98,-0.05,0.67
33.590835,5.91,-0.76,1.80,-0.50,0.16,-0.43,-47.50,13.75,-9.44,-1.98,-1.79,8.17,0.62,-0.13,-0.83,-4.26,-5.59,-1.83,0.65,0.42,0.00,-1.00,3.66,6.77,-0.16,-0.72,-0.79,0.00,0.00,0.00,0.00,0.00,0.00,-4.76,-1.76,3.43,1.87,0.06,0.39
33.614557,6.45,-0.72,1.69,-1.21,-0.03,-0.37,-48.75,14.88,-9.44,-0.73,-2.96,7.02,0.34,0.28,-1.05,-3.92,-4.88,-0.13,0.74,0.58,-0.07,0.40,2.55,6.24,-0.27,-0.67,-0.96,0.00,0.00,0.00,0.00,0.00,0.00,-4.09,-1.91,3.35,1.87,0.08,0.13
33.636416,7.14,-1.68,1.19,-1.21,-0.03,-0.37,-48.75,14.88,-9.44,-0.41,-4.01,5.60,0.29,0.21,-1.00,-3.73,-4.55,1.06,0.69,0.44,0.02,1.20,1.56,5.97,-0.17,-0.64,-0.78,0.00,0.00,0.00,0.00,0.00,0.00,-4.52,-1.70,4.09,1.78,-0.29,0.09
33.658211,7.32,-0.84,1.04,-0.40,0.29,-0.58,-48.75,14.88,-9.44,-0.17,-4.74,4.36,0.48,-0.06,-0.92,-3.39,-4.51,1.47,0.66,0.15,0.16,1.31,0.80,5.80,0.02,-0.75,-0.52,0.00,0.00,0.00,0.00,0.00,0.00,-3.18,-1.73,5.13,1.52,-0.61,0.02
33.681583,6.75,-0.04,0.46,-0.17,0.61,-0.73,-48.06,13.38,-10.44,0.60,-4.57,4.33,0.81,-0.39,-0.81,-3.20,-4.52,1.95,0.65,-0.19,0.22,1.70,0.38,5.65,0.16,-0.87,-0.31,0.00,0.00,0.00,0.00,0.00,0.00,-2.51,-2.06,4.55,1.27,-0.79,0.04
33.703116,6.37,0.50,0.16,0.02,0.80,-0.83,-48.06,13.38,-10.44,1.73,-4.47,4.64,0.94,-0.56,-0.69,-3.12,-4.71,2.61,0.63,-0.40,0.25,2.38,0.10,5.92,0.19,-0.93,-0.16,0.00,0.00,0.00,0.00,0.00,0.00,-2.01,-2.01,4.81,1.11,-1.08,0.05
33.724496,6.52,1.23,-0.26,0.16,0.82,-0.85,-48.06,13.38,-10.44,2.35,-4.58,4.97,1.00,-0.55,-0.59,-2.68,-4.97,2.77,0.63,-0.47,0.13,2.82,0.15,6.48,0.07,-0.83,-0.11,0.00,0.00,0.00,0.00,0.00,0.00,-0.76,-2.46,4.95,0.94,-1.26,-0.03
33.74847,7.90,1.42,0.50,0.13,0.83,-0.75,-47.56,10.62,-14.19,2.23,-5.00,5.29,1.14,-0.43,-0.57,-2.80,-5.52,2.46,0.67,-0.30,-0.04,2.60,0.45,7.19,-0.27,-0.67,-0.29,0.00,0.00,0.00,0.00,0.00,0.00,-0.45,-3.31,4.65,1.01,-1.16,-0.05
33.769333,8.71,0.31,1.16,0.13,0.83,-0.75,-47.56,10.62,-14.19,1.54,-4.98,6.54,1.26,-0.39,-0.56,-3.78,-6.22,2.49,0.71,-0.19,-0.05,2.55,1.14,7.69,-0.40,-0.62,-0.37,0.00,0.00,0.00,0.00,0.00,0.00,-1.84,-2.35,6.67,1.05,-1.03,-0.05
33.791372,9.01,-0.88,1.35,-0.09,1.05,-0.54,-47.56,10.62,-14.19,0.86,-4.88,7.67,1.22,-0.62,-0.45,-4.18,-6.89,3.09,0.71,-0.40,0.11,2.72,1.46,8.08,-0.29,-0.76,-0.12,0.00,0.00,0.00,0.00,0.00,0.00,-3.58,-1.71,8.39,0.79,-1.08,-0.03
33.81561,9.77,-0.46,0.70,0.32,0.96,-0.74,-45.31,8.50,-15.56,1.50,-5.65,7.93,1.05,-0.98,-0.25,-3.78,-7.52,3.73,0.70,-0.80,0.44,3.09,0.74,8.61,0.02,-1.02,0.33,0.00,0.00,0.00,0.00,0.00,0.00,-3.26,-2.79,8.76,0.23,-1.40,-0.16
33.837116,10.66,0.77,0.35,0.32,0.96,-0.74,-44.81,6.06,-16.88,2.36,-6.49,7.76,1.07,-1.12,-0.13,-3.21,-7.68,3.94,0.67,-0.88,0.74,3.33,0.17,8.83,0.35,-1.14,0.48,0.00,0.00,0.00,0.00,0.00,0.00,-0.93,-4.89,7.26,0.14,-1.39,-0.14
33.859683,11.16,0.85,1.46,0.32,0.96,-0.74,-45.88,4.31,-17.81,1.88,-6.10,8.26,1.21,-1.18,-0.12,-4.18,-8.05,3.72,0.65,-0.87,0.95,3.20,0.74,9.47,0.64,-1.17,0.48,0.00,0.00,0.00,0.00,0.00,0.00,-0.77,-5.54,6.10,0.66,-1.27,0.26
33.881839,10.54,0.81,1.50,0.83,1.36,-1.12,-45.88,4.31,-17.81,2.11,-5.95,8.60,1.26,-1.29,-0.15,-4.79,-8.38,4.11,0.77,-0.99,0.85,3.73,0.84,10.08,0.69,-1.21,0.48,0.00,0.00,0.00,0.00,0.00,0.00,-1.72,-4.07,8.07,1.00,-1.39,0.43
33.903752,10.66,0.81,0.73,0.83,1.36,-1.12,-45.88,4.31,-17.81,3.28,-6.46,8.42,1.29,-1.35,-0.05,-4.13,-8.00,5.17,0.81,-1.13,0.75,4.74,0.36,9.80,0.73,-1.17,0.65,0.00,0.00,0.00,0.00,0.00,0.00,-0.37,-3.74,9.17,0.86,-1.46,0.52
33.924999,11.34,1.46,1.42,1.17,1.30,-1.03,-45.88,4.31,-17.81,3.45,-6.25,8.76,1.40,-1.41,0.08,-3.71,-7.92,5.21,0.73,-1.11,0.84,4.69,0.62,9.68,0.87,-1.01,0.74,0.00,0.00,0.00,0.00,0.00,0.00,0.15,-4.16,8.79,0.84,-1.27,0.69
33.949261,10.89,1.27,2.38,1.17,1.50,-0.82,-45.88,4.31,-17.81,3.19,-5.56,9.57,1.46,-1.40,0.14,-4.66,-8.22,5.13,0.65,-1.00,1.04,4.54,1.28,10.15,1.06,-0.90,0.75,0.00,0.00,0.00,0.00,0.00,0.00,-0.70,-3.98,8.69,0.99,-1.12,0.88
33.969014,11.27,1.42,2.30,1.17,1.50,-0.82,-45.88,4.31,-17.81,3.77,-5.81,9.52,1.50,-1.43,0.18,-4.72,-8.07,5.74,0.67,-1.05,1.01,5.18,1.18,10.24,1.07,-0.83,0.81,0.00,0.00,0.00,0.00,0.00,0.00,-0.31,-3.80,9.12,1.11,-1.18,0.99
33.990783,11.96,1.84,2.84,1.26,1.55,-0.83,-45.88,4.31,-17.81,5.01,-5.66,10.34,1.60,-1.43,0.34,-4.82,-7.77,6.71,0.49,-0.97,1.20,6.16,1.68,10.01,1.21,-0.73,0.89,0.00,0.00,0.00,0.00,0.00,0.00,1.02,-3.03,10.24,1.27,-1.09,1.25
34.014866,11.27,2.53,4.22,1.57,1.64,-0.39,-45.88,4.31,-17.81,6.05,-4.69,11.42,1.61,-1.39,0.63,-5.96,-7.46,7.58,0.13,-0.95,1.53,7.27,2.91,10.12,1.51,-0.64,1.09,0.00,0.00,0.00,0.00,0.00,0.00,0.28,-0.89,12.34,1.13,-0.94,1.50
34.036508,10.77,3.14,4.68,1.75,1.37,-0.19,-45.88,4.31,-17.81,6.42,-3.78,11.91,1.56,-1.32,0.88,-6.86,-7.06,7.28,-0.20,-0.95,1.69,7.16,3.83,10.11,1.63,-0.46,1.23,0.00,0.00,0.00,0.00,0.00,0.00,0.52,-0.49,12.43,0.83,-0.84,1.52
34.059196,11.30,4.07,5.91,1.75,1.37,-0.19,-35.44,-14.62,-22.00,6.00,-2.37,12.81,1.57,-1.05,0.93,-7.84,-6.64,6.36,-0.45,-0.69,1.76,6.49,5.33,9.89,1.73,-0.24,1.07,0.00,0.00,0.00,0.00,0.00,0.00,0.66,-0.32,11.43,0.80,-0.48,1.55
34.081227,10.16,2.69,8.55,1.19,1.49,0.27,-36.31,-15.00,-22.00,5.15,-0.63,13.67,1.54,-0.75,0.91,-9.49,-6.22,5.46,-0.64,-0.37,1.73,6.07,7.24,9.68,1.79,-0.14,0.83,0.00,0.00,0.00,0.00,0.00,0.00,-0.73,1.71,11.83,1.02,-0.24,1.71
34.102711,8.89,1.38,8.86,1.14,1.28,0.33,-36.31,-15.00,-22.00,3.96,0.74,13.65,1.42,-0.67,0.96,-10.00,-5.72,4.41,-0.65,-0.29,1.60,5.07,8.35,8.58,1.85,-0.08,0.80,0.00,0.00,0.00,0.00,0.00,0.00,-2.16,3.61,12.26,0.99,-0.07,1.88
34.123883,7.86,1.04,8.74,1.14,1.28,0.33,-34.38,-16.81,-20.88,2.38,1.73,12.90,1.32,-0.68,0.88,-9.03,-4.75,2.56,-0.65,-0.00,1.69,3.43,8.77,7.30,2.11,-0.05,0.70,0.00,0.00,0.00,0.00,0.00,0.00,-2.79,3.44,10.18,0.93,0.16,1.89
34.150414,7.09,1.08,9.43,1.14,1.28,0.33,-33.38,-18.31,-21.88,1.10,2.71,12.06,1.52,-0.78,0.62,-7.81,-3.36,0.71,-0.88,0.71,2.38,1.86,9.45,5.56,2.61,0.17,0.33,0.00,0.00,0.00,0.00,0.00,0.00,-4.18,3.35,7.40,1.23,0.39,1.76
34.169084,6.41,-0.15,9.73,1.14,1.28,0.33,-33.38,-18.31,-21.88,0.89,3.33,11.86,1.53,-0.74,0.38,-9.60,-2.85,-0.64,-1.12,1.16,2.88,1.19,9.95,6.12,2.80,0.23,0.10,0.00,0.00,0.00,0.00,0.00,0.00,-5.26,4.32,6.86,1.56,0.33,1.63
34.192202,6.10,-1.68,9.54,0.20,0.84,0.11,-33.38,-18.31,-21.88,0.05,4.02,11.91,1.37,-0.49,0.21,-11.08,-2.77,-2.05,-1.13,1.24,2.92,0.46,10.71,6.41,2.57,0.17,0.01,0.00,0.00,0.00,0.00,0.00,0.00,-6.05,5.34,7.01,1.74,0.19,1.46
34.216165,6.02,-1.14,9.82,-0.05,0.77,-0.23,-33.69,-18.81,-21.12,-0.91,5.11,12.59,1.09,-0.43,-0.12,-11.98,-2.89,-3.59,-0.77,1.15,2.49,-0.54,11.73,6.57,2.13,0.10,-0.17,0.00,0.00,0.00,0.00,0.00,0.00,-7.33,6.36,7.27,1.70,0.04,1.04
34.238606,5.95,-0.88,10.42,-0.05,0.77,-0.23,-33.69,-18.81,-21.12,-1.25,5.76,13.13,0.80,-0.33,-0.55,-12.13,-2.72,-4.08,-0.25,1.08,2.00,-0.82,12.51,6.32,1.72,-0.03,-0.38,0.00,0.00,0.00,0.00,0.00,0.00,-8.13,7.16,7.65,1.51,-0.07,0.38
34.260157,5.98,-1.03,10.43,-1.00,0.48,-0.70,-33.69,-18.81,-21.12,-1.21,6.16,14.05,0.41,-0.30,-1.02,-12.65,-2.60,-3.87,0.26,0.98,1.53,-0.41,13.37,6.29,1.33,-0.20,-0.48,0.00,0.00,0.00,0.00,0.00,0.00,-8.23,7.82,8.19,1.24,-0.20,-0.32
34.284464,7.52,-1.22,10.77,-1.00,0.48,-0.70,-31.62,-18.31,-24.38,-0.09,5.61,14.58,-0.02,-0.31,-1.40,-13.40,-2.68,-3.39,0.73,0.80,1.05,0.18,13.60,6.27,0.92,-0.50,-0.48,0.00,0.00,0.00,0.00,0.00,0.00,-7.69,7.96,9.13,0.97,-0.35,-0.91
34.308259,8.70,-0.80,10.96,-1.47,-0.18,-1.05,-31.62,-18.31,-24.38,0.38,5.09,15.22,-0.37,-0.30,-1.67,-14.45,-3.06,-3.00,1.11,0.68,0.65,0.71,13.94,6.70,0.59,-0.75,-0.60,0.00,0.00,0.00,0.00,0.00,0.00,-7.50,7.97,10.35,0.75,-0.46,-1.33
34.326285,9.59,-0.34,10.89,-1.69,-0.43,-1.19,-31.62,-18.31,-24.38,1.63,4.35,15.63,-0.70,-0.41,-1.98,-15.57,-3.19,-1.77,1.49,0.48,0.15,2.12,14.30,7.11,0.29,-0.94,-0.69,0.00,0.00,0.00,0.00,0.00,0.00,-7.10,8.26,11.78,0.46,-0.65,-1.70
34.347289,10.39,0.12,10.96,-1.78,-0.73,-1.34,-31.62,-18.31,-24.38,4.19,3.61,15.93,-0.95,-0.72,-2.15,-16.40,-3.10,0.20,1.72,0.29,-0.36,4.40,14.14,7.51,-0.11,-1.14,-0.69,0.00,0.00,0.00,0.00,0.00,0.00,-5.03,8.30,13.12,0.16,-0.84,-1.96
34.3716,11.27,2.84,10.43,-1.68,-1.46,-1.15,-30.19,-16.81,-27.62,8.08,3.00,16.31,-1.26,-0.69,-1.95,-16.21,-2.83,2.68,1.77,0.15,-0.95,6.75,13.10,7.44,-0.81,-1.29,-0.73,0.00,0.00,0.00,0.00,0.00,0.00,-2.11,8.12,14.46,-0.22,-0.84,-2.12
34.392709,11.16,4.30,9.73,-1.68,-1.46,-1.15,-31.75,-15.56,-29.06,9.75,2.05,15.23,-1.59,-0.13,-1.67,-15.30,-2.57,4.23,1.64,0.17,-1.39,8.18,11.58,7.65,-1.59,-1.29,-0.83,0.00,0.00,0.00,0.00,0.00,0.00,-0.11,7.22,14.58,-0.68,-0.66,-2.26
34.412717,11.16,4.98,8.62,-1.68,-1.46,-1.15,-31.75,-15.56,-29.06,10.39,1.09,13.53,-1.86,0.35,-1.44,-13.73,-2.24,5.66,1.42,0.20,-1.60,8.93,9.74,7.21,-2.27,-1.19,-0.93,0.00,0.00,0.00,0.00,0.00,0.00,1.17,5.98,13.57,-1.02,-0.46,-2.33
34.437135,9.20,4.95,5.06,-1.69,-2.16,-0.30,-33.31,-14.06,-27.06,10.35,-0.26,10.95,-2.05,0.78,-1.06,-12.07,-1.80,7.36,0.99,0.02,-1.75,9.80,7.53,6.78,-2.84,-1.00,-0.91,0.00,0.00,0.00,0.00,0.00,0.00,3.38,4.70,12.52,-1.46,-0.25,-2.25
34.458918,8.71,5.29,3.84,-1.28,-2.18,-0.07,-33.31,-14.06,-27.06,10.30,-1.58,8.71,-2.10,0.88,-0.63,-10.19,-1.65,7.86,0.57,-0.13,-2.02,9.83,5.63,6.53,-2.99,-0.69,-0.80,0.00,0.00,0.00,0.00,0.00,0.00,4.65,3.07,11.00,-1.71,-0.06,-1.95
34.479835,8.71,5.29,3.84,-0.90,-2.05,0.16,-35.38,-10.00,-26.50,10.08,-2.96,7.00,-2.01,0.94,-0.22,-8.33,-1.67,8.00,0.32,-0.20,-2.31,9.52,3.23,6.10,-2.96,-0.35,-0.77,0.00,0.00,0.00,0.00,0.00,0.00,5.38,1.25,9.82,-1.90,0.02,-1.60
34.503057,8.86,5.06,1.96,-0.90,-2.05,0.16,-36.00,-10.00,-25.75,9.32,-4.09,5.60,-1.66,1.00,0.25,-5.99,-1.77,8.36,0.06,-0.31,-2.35,9.53,1.84,5.72,-2.67,0.09,-0.59,0.00,0.00,0.00,0.00,0.00,0.00,5.57,-0.32,8.45,-1.92,0.11,-1.09
34.524848,8.32,5.14,1.61,-0.07,-1.21,0.51,-36.00,-10.00,-25.75,8.61,-4.33,5.35,-1.34,0.90,0.56,-5.17,-2.22,8.20,-0.21,-0.40,-2.23,9.19,1.45,5.82,-2.33,0.45,-0.34,0.00,0.00,0.00,0.00,0.00,0.00,5.43,-0.82,8.05,-1.82,0.17,-0.64
34.545943,8.21,4.95,1.54,0.22,-0.95,0.68,-36.00,-10.00,-25.75,8.33,-4.59,5.41,-1.03,0.83,0.84,-4.86,-2.66,8.17,-0.45,-0.59,-2.17,8.83,1.14,5.81,-2.07,0.67,-0.05,0.00,0.00,0.00,0.00,0.00,0.00,5.17,-1.00,8.18,-1.75,0.28,-0.20
34.569849,8.63,4.41,1.50,0.49,-0.77,0.87,-39.50,-6.94,-20.94,7.58,-4.63,5.64,-0.72,0.73,1.12,-4.14,-3.08,7.84,-0.72,-0.72,-2.03,8.27,1.14,5.60,-1.66,0.92,0.29,0.00,0.00,0.00,0.00,0.00,0.00,4.60,-1.55,7.63,-1.65,0.37,0.25
34.591313,8.71,3.80,1.73,1.02,-0.41,1.13,-40.00,-4.44,-21.06,6.43,-4.68,5.69,-0.43,0.56,1.33,-4.17,-3.54,7.31,-0.90,-0.86,-1.73,7.64,0.98,5.81,-1.14,1.06,0.61,0.00,0.00,0.00,0.00,0.00,0.00,3.75,-2.13,6.90,-1.36,0.39,0.76
34.611572,8.89,2.95,1.65,1.02,-0.41,1.13,-40.00,-4.44,-21.06,5.91,-4.63,5.96,-0.19,0.29,1.57,-3.71,-3.69,7.08,-1.02,-1.13,-1.41,7.40,0.96,5.81,-0.70,1.12,1.01,0.00,0.00,0.00,0.00,0.00,0.00,2.95,-1.86,7.25,-1.08,0.23,1.27
34.635688,8.79,2.76,1.69,1.94,-0.01,1.04,-40.00,-4.44,-21.06,6.06,-4.25,6.77,0.03,0.01,1.89,-3.81,-4.25,6.14,-1.19,-1.37,-1.04,6.70,1.65,6.58,-0.38,1.31,1.37,0.00,0.00,0.00,0.00,0.00,0.00,2.58,-1.13,8.21,-1.00,0.15,1.73
34.657479,8.79,3.30,2.04,1.94,-0.01,1.04,-40.81,-5.44,-19.19,5.57,-3.33,8.41,0.07,0.05,2.06,-3.98,-4.99,5.25,-1.39,-1.23,-0.73,5.74,2.71,7.27,-0.20,1.64,1.41,0.00,0.00,0.00,0.00,0.00,0.00,1.81,-0.95,8.24,-1.01,0.38,1.93
34.679121,8.93,2.69,2.61,1.94,-0.01,1.04,-41.31,-6.38,-19.50,4.53,-2.89,9.54,-0.03,0.22,2.09,-4.25,-5.70,4.71,-1.61,-0.92,-0.46,4.88,3.49,7.55,-0.04,1.97,1.36,0.00,0.00,0.00,0.00,0.00,0.00,0.27,-0.74,8.36,-0.90,0.62,2.06
34.702205,9.93,0.81,3.26,1.94,-0.01,1.04,-41.75,-4.38,-18.88,3.11,-2.86,9.70,-0.03,0.23,2.08,-4.94,-6.40,3.64,-1.71,-0.55,-0.24,3.72,4.13,8.30,0.14,2.14,1.31,0.00,0.00,0.00,0.00,0.00,0.00,-1.32,-0.57,8.67,-0.77,0.77,2.16
34.724824,10.20,0.46,4.79,1.59,-0.22,1.49,-41.75,-4.38,-18.88,2.51,-2.24,10.85,-0.00,0.18,1.98,-6.10,-6.74,2.82,-1.69,0.03,-0.01,2.84,5.26,8.87,0.23,2.18,1.15,0.00,0.00,0.00,0.00,0.00,0.00,-2.24,-0.13,8.66,-0.58,0.87,2.18
34.746486,10.12,0.08,5.25,1.40,-0.24,1.46,-41.75,-4.38,-18.88,2.28,-1.54,12.11,-0.05,0.20,1.85,-7.13,-6.98,2.22,-1.74,0.21,0.24,2.57,6.82,10.13,0.12,2.04,1.09,0.00,0.00,0.00,0.00,0.00,0.00,-3.12,0.75,9.17,-0.34,1.02,2.15
34.770763,10.32,-0.88,6.02,0.82,-0.69,1.62,-41.75,-4.38,-18.88,1.76,-0.85,13.36,-0.22,0.37,1.73,-7.98,-7.24,0.63,-2.02,0.37,0.69,1.70,7.74,10.08,-0.12,1.90,1.21,0.00,0.00,0.00,0.00,0.00,0.00,-4.70,2.14,10.49,-0.40,1.50,1.79
34.792481,10.16,-1.84,6.40,0.82,-0.69,1.62,-44.38,-1.44,-14.06,0.49,-0.17,13.79,-0.39,0.65,1.57,-10.07,-7.66,-0.68,-2.07,0.52,0.52,-0.20,8.19,9.43,0.08,1.91,1.07,0.00,0.00,0.00,0.00,0.00,0.00,-6.53,2.26,9.30,-0.57,1.77,1.34
34.815361,9.97,-2.64,6.71,0.13,-1.08,1.50,-44.38,-1.44,-14.06,-1.16,-0.14,13.16,-0.52,0.77,1.32,-9.76,-7.36,-1.96,-1.92,0.50,0.22,-1.35,8.09,8.61,0.37,1.80,0.83,0.00,0.00,0.00,0.00,0.00,0.00,-8.19,2.21,8.80,-0.62,1.67,0.91
34.836752,10.16,-3.63,6.48,-0.11,-0.99,1.26,-45.25,3.00,-13.19,-2.28,-0.43,12.44,-0.53,0.72,0.89,-9.52,-7.11,-3.12,-1.63,0.49,-0.01,-2.54,7.70,8.07,0.52,1.31,0.51,0.00,0.00,0.00,0.00,0.00,0.00,-8.70,2.53,9.17,-0.96,1.61,0.30
34.860104,9.97,-4.05,6.63,-0.34,-0.78,1.06,-45.25,3.00,-13.19,-2.66,-0.21,12.63,-0.50,0.76,0.51,-9.72,-7.03,-4.14,-1.31,0.53,-0.17,-2.93,8.37,8.66,0.45,0.87,0.18,0.00,0.00,0.00,0.00,0.00,0.00,-9.20,1.79,7.35,-1.17,1.56,-0.20
34.880009,9.51,-4.63,6.82,-0.34,-0.78,1.06,-47.06,7.44,-11.25,-3.09,0.20,12.85,-0.54,0.81,0.22,-9.90,-6.76,-4.34,-0.93,0.49,-0.35,-3.00,8.94,8.46,0.32,0.58,-0.08,0.00,0.00,0.00,0.00,0.00,0.00,-9.76,1.90,6.60,-1.03,1.29,-0.51
34.903061,8.48,-5.24,6.52,-0.34,-0.78,1.06,-47.31,6.94,-10.88,-2.86,0.42,12.62,-0.64,0.80,0.04,-10.34,-6.34,-4.79,-0.60,0.32,-0.62,-2.65,9.00,8.36,0.04,0.23,-0.23,0.00,0.00,0.00,0.00,0.00,0.00,-9.30,2.36,6.42,-0.91,0.99,-0.73
34.924842,8.06,-4.86,6.75,-0.73,-0.92,0.51,-47.31,6.94,-10.88,-2.92,1.21,12.70,-0.78,0.97,-0.12,-10.24,-5.88,-5.00,-0.36,0.25,-0.88,-2.94,9.28,7.60,-0.57,0.18,-0.53,0.00,0.00,0.00,0.00,0.00,0.00,-9.80,2.75,6.04,-0.84,0.80,-0.99
34.946827,7.55,-4.40,7.02,-1.03,-1.04,0.43,-47.31,6.94,-10.88,-2.87,1.61,12.40,-1.01,1.22,-0.34,-10.10,-5.44,-5.18,-0.23,0.25,-1.13,-3.00,9.24,7.19,-0.99,0.12,-0.93,0.00,0.00,0.00,0.00,0.00,0.00,-9.64,3.15,6.36,-0.95,0.62,-1.43
34.970126,7.48,-4.13,6.14,-1.03,-1.04,0.43,-49.12,11.25,-6.44,-3.00,1.08,11.14,-1.21,1.37,-0.53,-9.63,-4.86,-5.14,0.00,0.31,-1.44,-2.55,8.67,7.33,-1.45,-0.06,-1.24,0.00,0.00,0.00,0.00,0.00,0.00,-8.15,2.28,5.70,-1.05,0.44,-1.78
34.991157,7.59,-4.05,5.64,-1.03,-1.04,0.43,-49.12,11.31,-7.19,-3.08,0.63,10.17,-1.27,1.36,-0.70,-8.45,-4.31,-4.53,0.35,0.35,-1.76,-2.14,7.89,6.97,-1.67,-0.14,-1.42,0.00,0.00,0.00,0.00,0.00,0.00,-7.75,1.78,5.31,-1.03,0.27,-1.88
35.011613,7.36,-4.09,5.33,-1.03,-1.04,0.43,-49.12,11.31,-7.19,-3.11,0.32,9.34,-1.30,1.31,-0.83,-7.94,-4.18,-3.96,0.69,0.33,-2.01,-1.90,7.24,6.88,-1.83,-0.21,-1.43,0.00,0.00,0.00,0.00,0.00,0.00,-7.18,1.45,5.11,-1.04,0.09,-1.96
35.037105,6.41,-3.02,3.49,-1.50,-0.66,-0.35,-49.75,11.31,-5.75,-2.67,-0.16,8.60,-1.41,1.16,-1.16,-7.18,-4.28,-2.82,1.06,0.31,-2.33,-1.45,6.24,6.64,-2.01,-0.29,-1.35,0.00,0.00,0.00,0.00,0.00,0.00,-5.81,1.12,5.24,-1.02,-0.03,-1.98
35.062258,6.41,-2.64,2.99,-1.45,-0.62,-0.38,-49.75,11.31,-5.75,-2.39,-0.89,7.58,-1.37,0.93,-1.39,-6.10,-4.36,-2.21,1.39,0.26,-2.71,-1.21,5.25,6.37,-2.13,-0.48,-1.22,0.00,0.00,0.00,0.00,0.00,0.00,-4.66,0.32,4.89,-1.10,0.02,-1.98
35.083096,6.25,-2.14,2.73,-1.44,-0.47,-0.39,-49.75,11.31,-5.75,-1.95,-0.97,7.41,-1.39,0.85,-1.61,-5.07,-4.42,-2.09,1.67,0.31,-3.00,-1.26,4.55,6.73,-2.22,-0.50,-1.20,0.00,0.00,0.00,0.00,0.00,0.00,-3.95,-0.92,3.42,-0.94,0.17,-1.93
35.101078,6.25,-2.14,2.73,-1.57,-0.34,-0.42,-50.44,12.88,-6.19,-1.57,-1.45,6.51,-1.45,0.85,-1.84,-4.20,-4.54,-2.00,1.99,0.49,-3.23,-1.30,3.69,7.37,-2.74,-0.45,-1.34,0.00,0.00,0.00,0.00,0.00,0.00,-4.06,-1.25,3.51,-0.73,0.24,-1.91
35.124434,6.09,-1.76,0.96,-1.57,-0.34,-0.42,-49.56,12.69,-5.12,-1.00,-3.00,4.71,-1.37,0.82,-1.99,-1.37,-4.02,-0.25,2.31,0.56,-3.16,-0.95,2.01,4.13,-3.07,-0.55,-1.47,0.00,0.00,0.00,0.00,0.00,0.00,-3.98,-1.89,3.38,-0.73,0.15,-1.99
35.146184,6.48,-1.61,0.81,-1.51,-0.05,-0.72,-49.56,12.69,-5.12,-0.24,-4.19,3.76,-0.99,0.64,-1.89,0.29,-3.91,1.27,2.16,0.70,-2.35,0.05,0.15,3.25,-2.28,-0.75,-1.43,0.00,0.00,0.00,0.00,0.00,0.00,-3.07,-2.86,2.97,-0.65,-0.12,-2.02
35.167721,7.02,-1.14,0.23,-1.29,0.13,-0.92,-49.56,12.69,-5.12,0.36,-4.77,3.36,-0.52,0.37,-1.74,0.72,-4.11,2.05,1.89,0.80,-1.45,0.96,-0.57,3.90,-1.43,-0.84,-1.30,0.00,0.00,0.00,0.00,0.00,0.00,-1.76,-3.11,3.13,-0.56,-0.27,-1.98
35.191522,6.21,-0.07,-0.22,-1.29,0.13,-0.92,-48.06,8.69,-6.00,0.80,-4.35,4.66,-0.21,0.11,-1.62,-0.17,-4.99,2.44,1.66,0.84,-0.86,1.39,-0.22,5.44,-0.90,-0.80,-1.20,0.00,0.00,0.00,0.00,0.00,0.00,-0.37,-3.80,2.67,-0.31,-0.29,-1.81
35.212565,6.41,0.43,-0.22,-1.29,0.13,-0.92,-48.50,6.38,-8.38,1.31,-4.39,5.27,-0.17,0.03,-1.58,-0.23,-5.40,3.10,1.52,0.85,-0.64,1.79,-0.30,5.75,-0.64,-0.71,-1.17,0.00,0.00,0.00,0.00,0.00,0.00,-0.08,-4.05,3.14,0.11,-0.21,-1.51
35.233507,6.71,0.70,-0.26,-1.03,0.09,-0.92,-48.50,6.38,-8.38,2.24,-5.29,4.76,-0.14,-0.00,-1.53,0.16,-5.39,4.01,1.32,0.90,-0.40,2.56,-1.22,5.77,-0.42,-0.72,-1.14,0.00,0.00,0.00,0.00,0.00,0.00,0.14,-4.18,3.99,0.33,-0.21,-1.31
35.258579,8.32,0.93,-0.95,-0.77,0.13,-0.90,-47.50,4.88,-9.00,3.10,-6.40,4.13,0.03,-0.11,-1.30,0.55,-5.31,4.99,1.09,0.92,-0.00,3.55,-2.13,5.97,-0.18,-0.77,-0.96,0.00,0.00,0.00,0.00,0.00,0.00,0.91,-4.67,4.56,0.42,-0.31,-1.04
35.276022,8.32,0.93,-0.95,-0.42,0.29,-0.85,-47.88,5.81,-7.62,3.19,-6.58,4.52,0.19,-0.17,-1.11,0.41,-5.69,5.12,0.90,0.89,0.35,3.67,-2.10,6.44,0.02,-0.82,-0.80,0.00,0.00,0.00,0.00,0.00,0.00,0.91,-5.17,4.65,0.51,-0.36,-0.80
35.298248,8.86,1.19,-0.72,-0.42,0.29,-0.85,-47.88,5.81,-7.62,3.20,-6.60,5.46,0.28,-0.34,-0.92,-0.15,-6.21,5.67,0.69,0.71,0.78,4.17,-1.71,7.20,0.23,-0.78,-0.56,0.00,0.00,0.00,0.00,0.00,0.00,0.68,-5.26,5.34,0.67,-0.48,-0.49
35.322287,9.59,1.61,-0.80,0.04,0.22,-0.88,-47.19,4.38,-10.06,3.51,-6.96,5.93,0.33,-0.54,-0.70,0.07,-6.45,6.15,0.40,0.50,1.42,4.51,-1.61,7.65,0.62,-0.83,-0.25,0.00,0.00,0.00,0.00,0.00,0.00,0.92,-5.31,6.39,0.71,-0.53,-0.25
35.343745,9.81,1.77,-0.91,0.18,0.19,-0.84,-47.19,4.38,-10.06,3.41,-7.34,6.09,0.40,-0.67,-0.57,0.43,-6.54,6.03,0.12,0.69,2.05,4.34,-1.77,7.94,1.07,-0.75,-0.09,0.00,0.00,0.00,0.00,0.00,0.00,1.21,-5.90,6.68,0.67,-0.41,-0.10
35.365228,10.50,1.73,-1.03,0.18,0.26,-0.76,-47.19,4.38,-10.06,3.30,-7.85,6.29,0.58,-0.80,-0.48,-0.83,-7.09,5.96,-0.14,0.92,2.59,4.09,-1.65,8.78,1.59,-0.74,0.01,0.00,0.00,0.00,0.00,0.00,0.00,1.02,-6.66,6.94,0.61,-0.17,0.04
35.388385,11.12,1.57,-1.22,0.36,0.72,-0.80,-45.19,-3.19,-9.38,3.31,-8.19,6.59,0.61,-0.96,-0.49,-2.90,-7.92,6.33,-0.17,0.67,2.63,4.53,-1.36,9.95,1.96,-0.79,0.25,0.00,0.00,0.00,0.00,0.00,0.00,0.15,-7.14,6.76,0.67,-0.20,0.24
35.410529,11.38,1.46,-1.41,0.73,0.66,-0.84,-45.19,-2.62,-10.12,4.83,-8.75,6.67,0.63,-1.12,-0.34,-4.10,-8.18,7.30,-0.20,0.25,2.45,5.77,-1.22,10.63,2.08,-0.78,0.63,0.00,0.00,0.00,0.00,0.00,0.00,0.53,-6.57,7.74,0.73,-0.56,0.43
35.431331,11.08,1.96,-1.76,0.73,0.66,-0.84,-45.19,-2.62,-10.12,5.83,-8.89,6.78,0.68,-1.19,-0.05,-4.19,-8.21,7.48,-0.36,-0.07,2.18,6.06,-1.01,10.73,2.04,-0.55,0.99,0.00,0.00,0.00,0.00,0.00,0.00,1.78,-6.55,8.21,0.67,-0.69,0.63
35.456148,11.04,3.30,-1.60,1.04,0.48,-0.38,-45.19,-2.62,-10.12,5.61,-8.76,6.70,0.76,-1.10,0.17,-3.85,-8.05,7.25,-0.58,-0.25,1.96,5.64,-0.94,10.19,2.06,-0.30,1.14,0.00,0.00,0.00,0.00,0.00,0.00,1.70,-6.74,8.29,0.59,-0.57,0.83
35.478394,11.31,3.11,-1.45,1.04,0.48,-0.38,-44.75,-5.12,-10.38,5.43,-8.81,6.25,0.93,-1.13,0.27,-4.09,-7.88,7.02,-0.70,-0.42,1.84,5.65,-0.67,10.25,2.12,-0.22,1.21,0.00,0.00,0.00,0.00,0.00,0.00,1.45,-6.89,7.92,0.52,-0.57,0.94
35.500097,11.20,2.80,-1.34,1.04,0.48,-0.38,-43.50,-5.75,-10.38,6.09,-8.59,6.29,1.09,-1.21,0.46,-4.30,-7.46,7.48,-0.85,-0.55,1.78,6.33,-0.19,10.08,2.23,0.02,1.30,0.00,0.00,0.00,0.00,0.00,0.00,1.89,-6.26,8.23,0.55,-0.66,1.15
35.523094,10.39,2.69,-1.38,1.04,0.48,-0.38,-43.62,-8.69,-10.62,6.60,-8.31,6.07,1.25,-1.30,0.75,-4.50,-7.05,7.30,-1.11,-0.76,1.66,6.29,0.06,9.95,2.35,0.38,1.44,0.00,0.00,0.00,0.00,0.00,0.00,2.58,-5.91,8.09,0.51,-0.62,1.43
35.544294,10.16,3.14,-1.03,1.65,0.79,0.09,-43.62,-8.69,-10.62,6.48,-7.43,6.45,1.43,-1.16,1.00,-4.23,-6.77,6.25,-1.31,-0.73,1.61,5.49,0.44,9.32,2.38,0.63,1.44,0.00,0.00,0.00,0.00,0.00,0.00,2.14,-5.93,7.38,0.57,-0.45,1.64
35.566437,10.05,2.80,-0.26,1.65,0.79,0.09,-43.62,-8.69,-10.62,5.74,-6.94,6.16,1.54,-1.01,1.09,-4.33,-6.28,6.01,-1.42,-0.71,1.65,5.27,0.81,8.73,2.41,0.69,1.41,0.00,0.00,0.00,0.00,0.00,0.00,1.56,-5.45,7.00,0.71,-0.40,1.80
35.590461,9.13,2.42,-0.03,1.87,1.11,0.38,-43.06,-8.31,-9.50,6.11,-6.50,5.95,1.75,-1.02,1.32,-4.80,-5.71,5.59,-1.56,-0.78,1.62,5.32,1.30,8.56,2.35,0.80,1.50,0.00,0.00,0.00,0.00,0.00,0.00,2.06,-4.31,7.48,0.84,-0.41,2.08
35.611326,9.28,2.34,1.00,1.91,1.23,0.61,-43.06,-8.31,-9.50,5.65,-5.34,6.76,1.84,-0.86,1.47,-5.15,-5.30,4.39,-1.68,-0.71,1.58,4.58,2.04,8.16,2.17,0.94,1.48,0.00,0.00,0.00,0.00,0.00,0.00,1.47,-3.51,7.47,0.84,-0.22,2.29
35.631438,9.21,1.54,2.30,1.91,1.23,0.61,-43.06,-8.31,-9.50,4.47,-4.13,7.31,1.90,-0.63,1.49,-5.80,-4.95,3.14,-1.73,-0.62,1.60,3.57,3.45,7.22,1.99,0.91,1.42,0.00,0.00,0.00,0.00,0.00,0.00,-0.45,-2.61,7.15,0.88,-0.08,2.40
35.654926,8.06,0.27,3.99,1.73,1.50,0.61,-43.06,-8.31,-9.50,2.61,-2.19,8.40,1.94,-0.55,1.41,-7.18,-4.71,1.84,-1.62,-0.67,1.64,2.72,5.41,6.78,1.83,0.71,1.43,0.00,0.00,0.00,0.00,0.00,0.00,-3.10,-0.90,7.35,0.96,-0.17,2.36
35.676809,7.59,0.39,4.34,1.73,1.36,0.33,-43.06,-8.31,-9.50,2.74,-1.23,8.97,1.82,-0.59,1.30,-7.46,-4.06,1.28,-1.48,-0.74,1.59,2.54,6.02,5.90,1.64,0.56,1.49,0.00,0.00,0.00,0.00,0.00,0.00,-3.13,0.16,7.57,0.89,-0.35,2.13
35.69824,7.82,0.70,5.18,1.55,1.29,0.34,-43.06,-8.31,-9.50,2.23,-0.41,9.68,1.73,-0.34,1.16,-7.84,-3.57,0.55,-1.44,-0.64,1.62,2.18,6.90,5.29,1.47,0.42,1.36,0.00,0.00,0.00,0.00,0.00,0.00,-2.61,0.55,7.36,0.88,-0.21,1.99
35.719214,8.02,-0.15,5.98,1.55,1.29,0.34,-42.56,-10.56,-11.88,1.17,0.12,9.88,1.67,-0.30,1.03,-8.84,-3.21,-0.24,-1.35,-0.58,1.65,1.77,7.98,5.10,1.35,0.21,1.29,0.00,0.00,0.00,0.00,0.00,0.00,-4.52,1.49,7.33,0.97,-0.18,1.98
35.742011,7.52,-2.14,6.79,1.55,1.29,0.34,-42.31,-10.62,-11.56,0.30,0.74,9.86,1.60,-0.55,0.99,-9.54,-2.98,-0.62,-1.23,-0.76,1.68,1.48,8.26,5.01,1.09,0.01,1.41,0.00,0.00,0.00,0.00,0.00,0.00,-6.04,2.25,7.13,1.02,-0.54,1.93
35.763355,7.02,-1.49,6.40,1.55,1.29,0.34,-41.31,-12.25,-10.81,0.59,1.02,9.64,1.53,-0.76,0.92,-9.14,-2.84,-1.26,-1.01,-0.90,1.57,1.19,8.12,4.90,0.71,-0.23,1.42,0.00,0.00,0.00,0.00,0.00,0.00,-4.69,2.15,6.81,1.03,-0.87,1.77
35.784783,6.90,-0.07,6.25,1.60,1.25,-0.37,-41.31,-12.25,-10.81,0.69,1.31,9.81,1.56,-0.67,0.70,-8.55,-2.64,-1.92,-0.74,-0.72,1.39,0.79,8.20,4.58,0.52,-0.34,1.00,0.00,0.00,0.00,0.00,0.00,0.00,-3.59,1.95,6.46,1.15,-0.78,1.61
35.808941,7.21,-0.38,6.94,1.60,1.25,-0.37,-39.44,-13.81,-12.88,0.17,1.44,9.73,1.66,-0.55,0.37,-8.46,-2.43,-2.09,-0.40,-0.49,1.31,0.57,8.54,4.25,0.53,-0.56,0.53,0.00,0.00,0.00,0.00,0.00,0.00,-4.46,2.38,6.44,1.34,-0.59,1.44
35.831489,7.32,-1.38,7.44,0.72,1.73,-0.51,-39.00,-15.75,-14.56,-0.71,1.97,10.04,1.78,-0.68,0.15,-9.26,-2.50,-2.31,-0.10,-0.42,1.32,0.43,8.94,4.77,0.54,-0.87,0.33,0.00,0.00,0.00,0.00,0.00,0.00,-6.11,3.31,7.14,1.42,-0.62,1.25
35.850584,7.32,-1.38,7.44,0.72,1.73,-0.51,-39.00,-15.75,-14.56,-0.71,2.54,10.94,1.81,-0.78,-0.05,-9.83,-2.65,-2.66,0.19,-0.40,1.33,0.27,9.73,5.16,0.51,-1.07,0.18,0.00,0.00,0.00,0.00,0.00,0.00,-6.45,3.51,7.30,1.36,-0.72,0.97
35.873295,8.05,-1.26,9.43,0.33,1.90,-0.98,-39.00,-15.75,-14.56,-0.74,3.63,12.81,1.75,-0.78,-0.37,-11.13,-3.15,-3.38,0.57,-0.23,1.29,-0.03,11.29,6.11,0.41,-1.27,-0.20,0.00,0.00,0.00,0.00,0.00,0.00,-6.97,3.96,7.51,1.51,-0.79,0.58
35.897245,8.44,-1.30,10.77,-0.21,1.79,-1.10,-37.25,-19.31,-15.44,-0.51,4.49,14.74,1.50,-0.72,-0.78,-12.81,-3.50,-3.11,0.97,-0.00,1.12,0.41,12.78,7.00,0.27,-1.46,-0.59,0.00,0.00,0.00,0.00,0.00,0.00,-7.88,5.56,9.58,1.59,-0.81,0.09
35.918864,8.82,-1.34,11.39,-0.53,1.49,-1.27,-37.25,-19.31,-15.44,-0.91,5.31,16.15,1.18,-0.70,-1.10,-14.50,-3.92,-2.74,1.36,0.06,0.89,0.86,14.03,8.14,0.06,-1.67,-0.77,0.00,0.00,0.00,0.00,0.00,0.00,-9.01,6.52,11.00,1.47,-0.92,-0.36
35.941854,9.12,-0.99,12.07,-0.53,1.49,-1.27,-33.81,-20.88,-20.00,-0.02,5.75,17.08,0.69,-0.91,-1.46,-15.64,-4.06,-2.15,1.81,-0.02,0.57,1.63,14.74,8.65,-0.24,-1.91,-0.85,0.00,0.00,0.00,0.00,0.00,0.00,-9.19,7.40,12.40,1.24,-1.25,-0.92
35.964095,9.66,1.15,12.38,-0.53,1.49,-1.27,-31.69,-21.94,-21.75,2.07,5.63,17.40,0.16,-1.03,-1.82,-16.65,-3.75,-0.38,2.34,-0.22,0.04,3.51,14.77,9.15,-0.72,-2.18,-0.91,0.00,0.00,0.00,0.00,0.00,0.00,-7.01,8.19,14.02,0.72,-1.50,-1.59
35.985537,9.55,2.15,12.34,-1.08,0.23,-2.28,-31.69,-21.94,-21.75,4.87,5.31,17.48,-0.35,-1.05,-1.98,-17.19,-3.26,1.88,2.62,-0.41,-0.52,6.00,14.52,9.46,-1.21,-2.26,-0.87,0.00,0.00,0.00,0.00,0.00,0.00,-4.50,8.41,14.83,0.27,-1.60,-2.01
36.007278,9.43,3.57,11.95,-1.08,0.23,-2.28,-29.25,-23.12,-22.81,7.28,4.79,17.19,-0.86,-0.92,-1.97,-16.73,-2.77,3.90,2.74,-0.57,-1.27,7.91,13.79,9.42,-1.81,-2.10,-0.83,0.00,0.00,0.00,0.00,0.00,0.00,-1.48,8.01,15.25,-0.16,-1.53,-2.26
36.033065,9.66,6.71,9.70,-1.36,-1.26,-1.75,-27.69,-24.31,-22.38,9.44,3.58,16.01,-1.47,-0.57,-1.88,-15.89,-2.39,5.86,2.77,-0.66,-2.23,9.52,12.27,9.43,-2.52,-1.66,-0.86,0.00,0.00,0.00,0.00,0.00,0.00,1.06,6.85,15.05,-0.59,-1.31,-2.42
36.050334,9.66,6.71,9.70,-1.44,-1.52,-1.41,-27.56,-26.06,-25.12,10.27,2.50,14.73,-1.76,-0.32,-1.78,-14.64,-2.07,7.28,2.71,-0.68,-2.88,10.57,10.83,9.29,-2.97,-1.33,-0.85,0.00,0.00,0.00,0.00,0.00,0.00,2.45,6.10,14.87,-0.90,-1.14,-2.48
36.071836,9.55,7.02,8.47,-1.44,-1.52,-1.41,-27.56,-26.06,-25.12,11.44,0.96,13.00,-2.01,-0.05,-1.58,-11.27,-1.32,9.05,2.47,-0.55,-3.30,11.42,8.52,7.37,-3.22,-0.80,-0.83,0.00,0.00,0.00,0.00,0.00,0.00,4.63,4.64,13.95,-1.28,-0.95,-2.50
36.095011,9.43,7.78,6.29,-1.31,-1.74,-0.63,-27.12,-23.31,-23.88,12.10,-0.82,10.86,-2.06,0.29,-1.27,-8.04,-1.01,10.76,1.79,-0.19,-2.97,11.97,5.92,5.56,-2.88,-0.31,-0.83,0.00,0.00,0.00,0.00,0.00,0.00,7.11,2.74,12.59,-1.49,-0.48,-2.28
36.117257,9.01,7.74,4.26,-1.31,-1.74,-0.63,-27.12,-23.31,-23.88,11.97,-2.17,9.08,-1.93,0.52,-0.96,-6.64,-1.29,11.26,1.04,0.05,-2.48,12.03,3.85,5.49,-2.33,-0.05,-0.76,0.00,0.00,0.00,0.00,0.00,0.00,8.08,1.26,11.46,-1.48,0.03,-1.82
36.139009,8.89,7.36,3.49,-1.04,-1.64,0.15,-27.12,-23.31,-23.88,11.64,-3.07,7.98,-1.74,0.64,-0.60,-5.68,-1.63,11.38,0.47,0.18,-2.13,11.89,2.55,5.53,-1.90,0.15,-0.64,0.00,0.00,0.00,0.00,0.00,0.00,7.89,0.26,10.45,-1.41,0.37,-1.33
36.161693,8.59,6.59,2.84,-1.04,-1.64,0.15,-30.25,-20.88,-25.31,10.98,-3.64,7.24,-1.53,0.69,-0.21,-4.72,-1.86,11.17,-0.05,0.25,-1.76,11.43,1.56,5.35,-1.42,0.41,-0.41,0.00,0.00,0.00,0.00,0.00,0.00,7.76,-0.60,9.66,-1.26,0.59,-0.75
36.183315,8.62,6.13,2.54,-1.04,-1.64,0.15,-30.62,-20.06,-22.56,10.24,-4.12,6.60,-1.34,0.69,0.15,-4.06,-2.19,10.70,-0.51,0.29,-1.37,10.73,0.93,5.32,-0.94,0.66,-0.13,0.00,0.00,0.00,0.00,0.00,0.00,7.16,-1.14,9.17,-1.13,0.84,-0.19
36.204941,8.63,5.52,2.30,-0.15,-1.28,0.94,-30.62,-20.06,-22.56,9.41,-4.29,6.56,-1.11,0.71,0.50,-3.09,-2.54,9.88,-1.04,0.36,-0.79,9.79,0.74,5.26,-0.48,0.99,0.10,0.00,0.00,0.00,0.00,0.00,0.00,5.91,-1.46,8.69,-1.03,1.10,0.23
36.228588,8.51,4.79,2.23,0.03,-1.16,1.15,-35.06,-15.69,-21.94,8.04,-4.00,6.90,-0.94,0.79,0.77,-4.40,-3.57,8.21,-1.57,0.48,-0.18,8.20,1.16,6.53,-0.04,1.32,0.26,0.00,0.00,0.00,0.00,0.00,0.00,4.28,-1.55,8.45,-1.01,1.36,0.47
36.25018,8.59,4.45,2.11,0.04,-1.04,1.42,-34.81,-14.81,-20.25,7.25,-3.77,7.24,-0.85,0.89,0.89,-4.73,-4.20,7.05,-1.69,0.46,-0.25,7.20,1.45,7.04,-0.10,1.56,0.27,0.00,0.00,0.00,0.00,0.00,0.00,2.63,-1.64,7.93,-1.04,1.43,0.54
36.270539,8.51,3.68,2.38,0.04,-1.04,1.42,-34.81,-14.81,-20.25,6.21,-3.84,7.04,-0.79,1.01,1.02,-4.72,-4.45,6.40,-1.74,0.45,-0.31,6.37,1.48,6.86,-0.16,1.66,0.28,0.00,0.00,0.00,0.00,0.00,0.00,1.89,-1.90,7.61,-1.02,1.35,0.57
36.294156,8.93,2.50,2.30,0.17,-0.91,1.46,-34.81,-14.81,-20.25,5.04,-4.14,6.70,-0.65,0.99,1.11,-3.99,-4.42,5.86,-1.78,0.44,-0.19,5.56,1.35,6.36,-0.02,1.63,0.36,0.00,0.00,0.00,0.00,0.00,0.00,0.97,-2.06,7.59,-1.00,1.28,0.65
36.315939,8.93,2.00,2.23,0.17,-0.91,1.46,-38.38,-10.62,-18.25,4.15,-4.12,6.83,-0.48,0.84,1.17,-4.21,-4.63,5.21,-1.90,0.43,0.12,4.94,1.64,6.49,0.28,1.51,0.50,0.00,0.00,0.00,0.00,0.00,0.00,0.15,-1.92,7.56,-1.05,1.22,0.71
36.337578,8.78,1.46,2.34,0.17,-0.91,1.46,-39.94,-10.12,-17.25,3.58,-3.83,7.44,-0.36,0.68,1.22,-5.53,-5.26,3.86,-1.96,0.35,0.23,3.99,2.39,7.47,0.48,1.45,0.62,0.00,0.00,0.00,0.00,0.00,0.00,-0.43,-1.93,7.28,-1.05,1.16,0.79
36.360815,8.93,1.23,2.92,0.17,-0.91,1.46,-40.69,-8.06,-17.00,3.17,-3.54,8.18,-0.29,0.61,1.22,-6.00,-5.53,3.05,-1.89,0.27,0.13,3.55,3.03,7.76,0.52,1.44,0.60,0.00,0.00,0.00,0.00,0.00,0.00,-1.16,-1.89,7.18,-0.95,1.12,0.85
36.385756,9.09,1.00,3.07,0.51,-0.54,1.34,-40.69,-8.06,-17.00,2.84,-3.52,8.32,-0.18,0.54,1.22,-5.85,-5.54,2.78,-1.81,0.22,0.05,3.29,3.39,7.68,0.53,1.42,0.55,0.00,0.00,0.00,0.00,0.00,0.00,-1.65,-1.85,7.27,-0.83,1.06,0.91
36.40406,9.25,0.77,3.15,0.51,-0.54,1.34,-42.06,-4.12,-15.00,2.36,-3.27,8.78,-0.05,0.47,1.19,-6.24,-5.74,2.37,-1.73,0.21,-0.03,2.94,3.88,7.89,0.56,1.43,0.49,0.00,0.00,0.00,0.00,0.00,0.00,-2.21,-1.51,7.81,-0.74,1.04,0.92
36.42806,9.39,-0.15,3.38,0.42,-0.44,1.24,-42.06,-4.12,-15.00,2.17,-2.97,9.54,-0.06,0.42,1.10,-6.69,-5.86,1.94,-1.72,0.25,0.02,2.67,4.46,8.12,0.77,1.42,0.51,0.00,0.00,0.00,0.00,0.00,0.00,-3.06,-1.31,7.95,-0.78,1.05,0.85
36.447172,9.39,-0.15,3.38,0.42,-0.44,1.24,-42.06,-4.12,-15.00,1.89,-2.97,9.87,-0.10,0.45,1.08,-7.09,-6.19,1.26,-1.67,0.23,-0.02,2.22,4.96,8.44,0.87,1.41,0.52,0.00,0.00,0.00,0.00,0.00,0.00,-3.41,-1.47,7.82,-0.76,1.04,0.81
36.471104,9.93,-0.42,3.49,0.45,-0.41,1.19,-42.06,-4.12,-15.00,1.62,-3.01,10.42,-0.17,0.53,1.02,-7.40,-6.67,0.42,-1.54,0.28,-0.17,1.73,5.57,9.13,0.87,1.51,0.34,0.00,0.00,0.00,0.00,0.00,0.00,-3.76,-1.69,7.82,-0.70,1.10,0.73
36.494344,10.32,-1.53,3.72,0.02,-0.38,1.24,-42.06,-4.12,-15.00,0.90,-3.10,10.72,-0.21,0.70,0.88,-7.45,-7.07,-0.37,-1.37,0.42,-0.36,0.89,5.94,9.05,0.78,1.59,0.03,0.00,0.00,0.00,0.00,0.00,0.00,-4.63,-2.14,7.22,-0.50,1.23,0.65
36.515824,10.16,-2.33,3.88,-0.17,-0.35,1.22,-42.06,-4.12,-15.00,-0.28,-2.98,10.98,-0.26,0.83,0.71,-7.79,-7.45,-1.27,-1.16,0.49,-0.49,-0.10,6.13,9.17,0.58,1.48,-0.20,0.00,0.00,0.00,0.00,0.00,0.00,-6.25,-1.60,7.60,-0.29,1.24,0.59
36.536303,10.05,-3.06,3.72,-0.17,-0.35,1.22,-45.00,3.50,-13.25,-0.81,-3.21,10.79,-0.32,0.90,0.59,-7.85,-7.64,-1.68,-0.93,0.47,-0.62,-0.60,5.98,9.30,0.17,1.18,-0.27,0.00,0.00,0.00,0.00,0.00,0.00,-7.67,-0.99,8.13,-0.45,1.13,0.32
36.559454,9.86,-3.33,3.68,-0.28,-0.44,0.88,-46.19,3.56,-12.50,-1.05,-3.03,10.88,-0.39,1.08,0.47,-7.01,-7.59,-2.23,-0.76,0.41,-0.58,-1.49,5.56,8.74,-0.32,0.79,-0.26,0.00,0.00,0.00,0.00,0.00,0.00,-7.99,-1.63,7.03,-0.60,0.97,-0.03
36.580789,9.70,-3.14,3.80,-0.50,-0.47,0.75,-46.19,3.56,-12.50,-2.19,-2.83,10.64,-0.45,1.46,0.30,-6.54,-7.46,-3.22,-0.59,0.52,-0.33,-2.20,5.63,8.69,-0.79,0.45,-0.50,0.00,0.00,0.00,0.00,0.00,0.00,-8.44,-1.48,7.18,-0.83,0.89,-0.53
36.602167,9.55,-3.79,3.49,-0.82,-0.29,0.57,-46.19,3.56,-12.50,-3.00,-2.63,10.31,-0.55,1.65,0.06,-7.06,-7.32,-3.71,-0.30,0.67,-0.23,-2.51,5.87,8.78,-1.16,0.25,-0.81,0.00,0.00,0.00,0.00,0.00,0.00,-8.55,-1.62,6.38,-1.03,0.84,-0.98
36.623315,9.13,-4.36,3.53,-0.82,-0.29,0.57,-47.38,8.06,-13.06,-3.54,-2.57,9.63,-0.65,1.71,-0.22,-7.50,-7.01,-3.82,0.06,0.70,-0.38,-2.82,6.05,8.36,-1.46,-0.04,-1.06,0.00,0.00,0.00,0.00,0.00,0.00,-8.86,-0.89,6.73,-1.29,0.71,-1.41
36.649335,7.56,-4.17,4.53,-0.82,-0.29,0.57,-46.88,9.56,-13.81,-4.08,-1.57,10.07,-0.64,1.58,-0.52,-7.24,-6.28,-4.05,0.48,0.66,-0.58,-2.61,6.67,8.09,-1.46,-0.25,-1.19,0.00,0.00,0.00,0.00,0.00,0.00,-8.08,-0.77,5.75,-1.53,0.74,-1.87
36.664826,7.56,-4.17,4.53,-0.82,-0.29,0.57,-46.88,9.56,-13.81,-4.21,-0.49,10.72,-0.88,1.53,-0.79,-7.34,-5.83,-4.03,0.70,0.67,-0.67,-2.61,7.18,7.45,-1.35,-0.27,-1.23,0.00,0.00,0.00,0.00,0.00,0.00,-8.00,-1.01,4.57,-1.42,0.72,-2.01
36.686594,6.98,-4.05,5.10,-1.10,-0.06,-0.17,-46.88,9.56,-13.81,-5.14,-0.19,9.71,-0.97,1.31,-1.00,-7.29,-5.09,-4.15,0.99,0.60,-0.69,-2.81,7.29,6.69,-1.08,-0.49,-1.20,0.00,0.00,0.00,0.00,0.00,0.00,-8.36,-0.54,4.95,-1.16,0.59,-2.05
36.71091,6.75,-4.40,5.71,-1.09,-0.09,-0.81,-46.31,9.94,-13.12,-5.22,0.24,9.57,-1.13,0.86,-1.44,-7.23,-4.26,-3.92,1.27,0.41,-0.58,-2.43,7.07,6.24,-0.80,-0.74,-1.06,0.00,0.00,0.00,0.00,0.00,0.00,-8.21,0.09,5.59,-1.23,0.40,-2.18
36.73208,6.55,-4.55,5.83,-1.09,-0.09,-0.81,-45.88,8.50,-14.81,-4.80,0.72,9.72,-1.23,0.48,-1.69,-7.61,-3.81,-3.56,1.40,0.25,-0.47,-1.93,7.32,6.12,-0.59,-0.85,-0.84,0.00,0.00,0.00,0.00,0.00,0.00,-7.51,-0.02,4.96,-1.22,0.31,-2.12
36.754367,5.83,-4.55,6.06,-0.73,-0.16,-1.20,-45.56,7.38,-13.38,-3.77,0.35,8.95,-1.30,0.25,-1.83,-7.73,-3.61,-3.49,1.47,0.10,-0.45,-1.88,7.62,5.75,-0.64,-0.96,-0.63,0.00,0.00,0.00,0.00,0.00,0.00,-7.42,-0.23,3.69,-0.98,0.16,-2.00
36.774383,4.99,-3.63,5.95,-0.73,-0.16,-1.20,-45.56,7.38,-13.38,-2.91,-0.14,8.09,-1.20,0.02,-1.78,-7.62,-3.39,-2.88,1.50,-0.08,-0.51,-1.30,7.13,5.52,-0.79,-1.09,-0.47,0.00,0.00,0.00,0.00,0.00,0.00,-7.10,-0.33,3.43,-0.66,-0.13,-1.87
36.798797,5.56,-2.95,4.18,-0.57,-0.70,-1.45,-45.69,5.50,-14.31,-2.29,-1.27,6.55,-1.02,-0.25,-1.63,-5.94,-3.06,-1.77,1.49,-0.34,-0.50,-0.62,5.16,4.81,-0.88,-1.26,-0.22,0.00,0.00,0.00,0.00,0.00,0.00,-5.81,-0.80,3.72,-0.52,-0.52,-1.78
36.820201,6.07,-1.76,3.11,-0.30,-0.59,-1.56,-45.69,5.50,-14.31,-1.04,-2.37,5.04,-0.77,-0.53,-1.57,-4.30,-2.98,-1.07,1.46,-0.48,-0.30,-0.26,3.40,4.37,-0.73,-1.34,-0.07,0.00,0.00,0.00,0.00,0.00,0.00,-3.72,-1.98,2.66,-0.46,-0.74,-1.74
36.841921,6.03,-0.68,2.34,-0.30,-0.59,-1.56,-44.88,1.38,-11.38,-0.21,-2.59,4.60,-0.47,-0.65,-1.48,-3.36,-3.08,-0.08,1.44,-0.56,-0.05,0.41,2.39,4.22,-0.51,-1.41,0.01,0.00,0.00,0.00,0.00,0.00,0.00,-2.04,-2.88,1.66,-0.15,-0.83,-1.59
36.865897,5.33,1.23,1.23,-0.26,0.03,-1.71,-43.06,-3.25,-11.88,1.06,-2.80,4.71,-0.26,-0.74,-1.48,-2.90,-3.31,1.56,1.49,-0.60,0.09,1.81,1.67,4.56,-0.37,-1.42,0.02,0.00,0.00,0.00,0.00,0.00,0.00,-0.25,-3.20,2.01,0.27,-0.89,-1.44
36.885863,5.68,2.23,0.62,-0.26,0.03,-1.71,-43.06,-3.25,-11.88,3.11,-3.61,4.54,-0.17,-0.69,-1.48,-2.25,-3.33,2.92,1.48,-0.51,0.14,3.15,0.78,4.84,-0.30,-1.30,-0.05,0.00,0.00,0.00,0.00,0.00,0.00,1.74,-3.39,2.80,0.50,-0.86,-1.34
36.907535,6.25,3.38,0.08,-0.34,0.05,-1.54,-43.06,-3.25,-11.88,4.54,-4.52,4.16,-0.05,-0.43,-1.43,-1.66,-3.29,4.24,1.36,-0.24,0.22,4.24,-0.22,4.71,-0.23,-1.03,-0.22,0.00,0.00,0.00,0.00,0.00,0.00,3.57,-3.75,3.89,0.62,-0.62,-1.18
36.935619,7.40,4.33,-0.26,-0.53,0.49,-0.98,-42.12,-8.19,-12.75,5.98,-6.07,3.48,0.26,-0.27,-1.27,-1.70,-3.35,6.02,1.12,0.01,0.44,5.65,-1.06,4.89,0.08,-1.05,-0.33,0.00,0.00,0.00,0.00,0.00,0.00,4.45,-4.65,4.45,0.66,-0.39,-0.91
36.955492,8.86,4.26,0.00,-0.53,0.49,-0.98,-42.12,-8.19,-12.75,6.49,-6.52,4.15,0.62,-0.22,-1.02,-2.30,-3.71,6.79,0.85,0.12,0.71,6.44,-0.88,5.79,0.44,-1.01,-0.30,0.00,0.00,0.00,0.00,0.00,0.00,4.79,-5.07,5.27,0.73,-0.23,-0.54
36.97867,8.75,4.30,0.50,-0.17,1.08,-0.56,-42.12,-8.19,-12.75,6.27,-5.95,6.01,0.83,-0.14,-0.79,-3.60,-4.37,6.52,0.60,0.21,0.85,6.41,0.42,6.85,0.67,-0.81,-0.29,0.00,0.00,0.00,0.00,0.00,0.00,3.96,-5.04,6.07,0.82,-0.05,-0.22
36.999818,9.39,4.22,2.15,-0.17,1.08,-0.56,-40.25,-9.62,-16.94,5.91,-5.57,7.70,0.87,0.07,-0.66,-4.76,-4.83,6.13,0.43,0.42,0.85,6.33,1.67,7.76,0.80,-0.48,-0.41,0.00,0.00,0.00,0.00,0.00,0.00,3.05,-4.91,7.17,0.87,0.15,-0.06
37.021571,9.77,3.38,2.34,-0.43,1.05,-0.16,-40.25,-9.62,-16.94,5.99,-6.05,7.79,0.85,0.20,-0.49,-5.67,-5.02,6.57,0.24,0.54,0.83,6.57,1.95,7.94,0.83,-0.28,-0.46,0.00,0.00,0.00,0.00,0.00,0.00,1.98,-4.74,8.42,0.76,0.27,0.09
37.042703,10.16,3.22,2.11,-0.26,0.98,-0.01,-40.25,-9.62,-16.94,5.66,-6.75,6.72,0.97,0.12,-0.24,-5.38,-4.95,7.05,0.07,0.45,0.95,6.74,1.20,7.76,0.94,-0.34,-0.28,0.00,0.00,0.00,0.00,0.00,0.00,1.79,-5.74,7.30,0.67,0.16,0.21
37.068166,10.39,3.95,1.19,0.13,1.13,-0.04,-37.88,-9.12,-20.50,5.83,-6.94,6.56,1.22,-0.05,-0.03,-4.97,-5.04,6.98,-0.11,0.31,1.22,6.70,0.93,7.81,1.20,-0.39,-0.04,0.00,0.00,0.00,0.00,0.00,0.00,2.76,-6.35,6.66,0.86,-0.04,0.44
37.086996,10.28,4.49,1.23,0.13,1.13,-0.04,-37.88,-9.12,-20.50,6.24,-6.66,7.28,1.41,-0.07,0.11,-5.14,-5.05,6.99,-0.31,0.32,1.45,6.93,1.12,8.07,1.36,-0.27,0.04,0.00,0.00,0.00,0.00,0.00,0.00,3.49,-6.34,6.53,1.09,-0.05,0.71
37.10885,10.08,4.22,1.65,0.42,1.58,0.14,-37.88,-9.12,-20.50,6.17,-6.49,7.77,1.50,-0.01,0.27,-5.86,-5.18,6.97,-0.56,0.42,1.63,7.10,1.74,8.42,1.32,-0.07,0.02,0.00,0.00,0.00,0.00,0.00,0.00,2.87,-5.98,6.79,1.47,-0.08,1.05
37.132251,10.12,3.76,1.96,0.69,1.51,0.53,-37.25,-9.12,-21.94,6.50,-6.89,7.62,1.61,-0.03,0.56,-6.59,-5.10,7.27,-0.88,0.38,1.76,7.44,1.94,8.46,1.32,0.04,0.16,0.00,0.00,0.00,0.00,0.00,0.00,2.39,-4.92,8.80,1.64,-0.20,1.39
37.154324,10.58,2.99,2.00,0.69,1.51,0.53,-36.38,-9.06,-23.69,6.48,-6.90,7.97,1.77,-0.19,0.99,-7.34,-5.06,6.84,-1.26,0.28,1.88,7.44,2.65,8.81,1.42,0.18,0.40,0.00,0.00,0.00,0.00,0.00,0.00,1.92,-4.47,10.02,1.39,-0.27,1.68
37.175805,11.20,2.50,3.07,0.69,1.51,0.53,-36.00,-10.06,-24.31,5.85,-5.81,9.99,1.91,-0.36,1.43,-8.73,-5.28,6.24,-1.58,0.16,1.90,7.41,4.11,9.60,1.55,0.37,0.63,0.00,0.00,0.00,0.00,0.00,0.00,1.07,-4.09,10.68,1.17,-0.28,1.95
37.198723,10.96,1.84,4.30,1.58,1.58,1.05,-36.69,-9.00,-24.00,4.51,-3.89,13.25,1.64,-0.38,1.70,-10.91,-6.21,4.77,-1.83,0.03,1.61,6.58,6.55,11.15,1.45,0.81,0.86,0.00,0.00,0.00,0.00,0.00,0.00,-0.84,-3.07,12.35,0.84,-0.18,2.18
37.220268,10.66,2.46,5.14,1.58,1.58,1.05,-35.56,-8.19,-24.12,3.65,-3.29,15.14,1.15,-0.20,1.74,-12.24,-7.03,3.12,-1.85,0.05,1.00,5.43,8.04,12.34,1.08,1.23,0.83,0.00,0.00,0.00,0.00,0.00,0.00,-2.31,-2.91,12.96,0.42,0.07,2.09
37.241849,11.50,2.11,6.14,1.58,1.58,1.05,-35.75,-9.69,-22.94,2.93,-3.34,15.89,0.68,0.15,1.72,-12.95,-7.34,2.08,-1.78,0.17,0.31,4.58,8.83,12.91,0.49,1.60,0.68,0.00,0.00,0.00,0.00,0.00,0.00,-3.68,-2.73,13.45,-0.02,0.38,1.88
37.266191,12.77,0.62,7.97,1.58,1.58,1.05,-36.12,-8.19,-23.00,1.43,-3.05,16.35,0.27,0.49,1.61,-12.17,-7.50,0.38,-1.67,0.41,-0.18,2.53,9.29,12.02,0.17,1.73,0.38,0.00,0.00,0.00,0.00,0.00,0.00,-4.83,-3.63,12.43,-0.43,0.81,1.50
37.288177,12.88,0.93,8.20,1.58,1.58,1.05,-36.12,-8.19,-23.00,0.04,-2.88,16.48,0.06,0.92,1.22,-12.04,-7.95,-1.35,-1.34,0.89,-0.43,0.86,9.54,12.23,0.08,1.72,-0.21,0.00,0.00,0.00,0.00,0.00,0.00,-5.78,-4.62,11.16,-0.50,1.28,1.09
37.308079,13.04,-1.38,8.16,-0.67,-0.13,1.57,-36.12,-8.19,-23.00,-1.34,-3.42,15.65,-0.05,1.33,0.76,-12.55,-7.98,-1.51,-0.99,1.23,-0.58,0.55,9.35,12.38,-0.02,1.58,-0.73,0.00,0.00,0.00,0.00,0.00,0.00,-7.69,-4.36,11.13,-0.46,1.59,0.75
37.332327,12.00,-3.90,7.21,-1.01,-0.24,1.20,-36.12,-8.19,-23.00,-2.66,-3.80,14.55,-0.15,1.38,0.46,-12.12,-8.05,-2.05,-0.68,1.21,-0.69,-0.28,8.72,12.16,-0.16,1.25,-0.87,0.00,0.00,0.00,0.00,0.00,0.00,-8.93,-4.61,10.06,-0.54,1.57,0.42
37.350488,12.00,-3.75,6.17,-0.98,-0.21,0.95,-40.12,-1.12,-25.75,-3.56,-4.35,12.80,-0.13,1.34,0.24,-10.47,-7.99,-2.62,-0.44,1.16,-0.66,-1.33,7.34,11.25,-0.14,1.00,-0.94,0.00,0.00,0.00,0.00,0.00,0.00,-8.66,-5.54,8.17,-0.50,1.52,0.24
37.370807,11.27,-3.90,4.95,-0.98,-0.21,0.95,-40.12,-1.12,-25.75,-5.03,-4.83,9.99,0.07,1.15,-0.11,-8.10,-7.67,-3.23,-0.09,1.08,-0.39,-2.69,5.38,9.64,0.04,0.53,-1.04,0.00,0.00,0.00,0.00,0.00,0.00,-9.03,-6.64,5.31,-0.25,1.37,0.07
37.394988,9.77,-3.52,3.53,-1.03,0.11,0.58,-40.06,2.19,-24.12,-5.43,-5.06,6.72,0.63,0.73,-0.63,-5.79,-6.19,-2.72,0.43,0.88,0.27,-2.58,3.40,7.37,0.54,-0.16,-1.03,0.00,0.00,0.00,0.00,0.00,0.00,-8.59,-6.41,3.00,0.29,0.85,-0.21
37.417256,8.16,-2.91,3.61,-0.64,1.39,-0.57,-40.06,2.19,-24.12,-0.78,-4.90,6.92,1.08,0.20,-0.75,-6.80,-3.93,1.27,0.49,0.58,0.89,2.31,3.41,6.77,1.01,-0.52,-0.69,0.00,0.00,0.00,0.00,0.00,0.00,-4.42,-3.15,5.55,0.72,0.14,-0.15
37.439155,6.45,-3.06,3.95,0.39,1.38,-0.30,-40.06,2.19,-24.12,3.26,-3.63,8.27,1.16,-0.33,0.01,-8.86,-2.40,4.73,-0.15,-0.09,1.07,6.50,4.61,6.92,1.08,-0.37,0.26,0.00,0.00,0.00,0.00,0.00,0.00,-1.89,0.25,9.59,0.47,-0.39,0.56
37.461558,5.07,1.96,4.95,0.39,1.38,-0.30,-36.94,0.25,-29.69,4.54,-2.01,8.33,0.88,-0.85,0.94,-9.07,-1.16,5.67,-0.85,-0.94,0.92,7.51,5.14,5.60,0.94,-0.03,1.30,0.00,0.00,0.00,0.00,0.00,0.00,-1.14,0.39,9.01,-0.02,-0.94,1.13
37.483047,5.91,3.18,5.14,2.51,0.28,0.30,-36.94,0.25,-29.69,5.37,-2.34,6.95,0.78,-1.48,1.56,-8.49,-0.31,6.75,-1.31,-1.71,1.01,8.62,4.34,4.70,0.96,0.09,2.18,0.00,0.00,0.00,0.00,0.00,0.00,-0.12,-0.59,8.59,-0.14,-1.66,1.70
37.504439,7.25,3.49,4.41,3.35,0.38,0.07,-36.94,0.25,-29.69,7.00,-2.81,7.24,0.81,-2.29,2.15,-9.26,-0.39,8.05,-1.77,-2.52,1.27,10.17,4.58,5.21,1.07,0.17,3.10,0.00,0.00,0.00,0.00,0.00,0.00,0.83,-0.72,10.06,-0.26,-2.39,2.24
37.52829,7.70,5.56,4.49,3.35,0.38,0.07,-35.00,-7.75,-23.75,9.00,-0.95,10.55,0.75,-2.89,2.76,-10.26,-1.12,6.25,-2.24,-3.09,1.30,9.21,7.30,6.37,1.04,0.39,3.83,0.00,0.00,0.00,0.00,0.00,0.00,1.93,0.69,11.57,-0.56,-2.77,2.53
37.549449,6.29,8.47,5.71,3.35,0.38,0.07,-34.44,-11.75,-22.56,8.78,2.45,15.96,0.33,-2.04,2.76,-10.18,-2.73,1.96,-2.30,-2.35,0.58,5.70,10.31,7.92,0.58,1.02,3.15,0.00,0.00,0.00,0.00,0.00,0.00,3.71,1.78,12.23,-0.97,-1.73,2.17
37.569835,5.56,9.39,6.98,3.35,0.38,0.07,-34.44,-11.75,-22.56,6.52,3.64,16.99,-0.39,-0.27,2.27,-10.06,-3.34,-1.06,-2.09,-0.83,-0.58,2.76,11.43,7.92,-0.16,1.89,1.59,0.00,0.00,0.00,0.00,0.00,0.00,1.66,1.88,10.92,-1.44,0.15,1.55
37.593973,6.41,0.50,9.05,0.44,-1.08,1.86,-38.81,-9.12,-19.06,1.09,3.08,13.88,-0.96,1.24,1.65,-9.83,-3.18,-3.20,-1.72,0.54,-1.46,-0.17,10.69,6.64,-0.84,2.19,0.14,0.00,0.00,0.00,0.00,0.00,0.00,-4.15,0.57,7.13,-1.57,1.75,0.99
37.61507,6.83,-3.98,9.12,0.44,-1.08,1.86,-40.25,-5.19,-16.75,-3.65,2.58,11.75,-1.13,1.91,1.07,-9.11,-3.63,-6.12,-1.30,1.23,-1.75,-3.66,10.06,6.09,-1.14,2.00,-0.67,0.00,0.00,0.00,0.00,0.00,0.00,-8.75,-0.65,4.14,-1.36,2.27,0.42
37.63685,6.33,-7.81,8.09,0.44,-1.08,1.86,-40.25,-5.19,-16.75,-8.35,2.29,9.82,-1.07,2.14,0.36,-8.17,-4.15,-8.87,-0.70,1.55,-1.73,-6.97,9.37,5.68,-1.15,1.56,-1.21,0.00,0.00,0.00,0.00,0.00,0.00,-12.71,-1.30,1.87,-1.05,2.45,-0.18
37.658693,5.75,-9.69,7.55,-2.04,-0.85,0.86,-40.25,-5.19,-16.75,-10.60,1.32,7.57,-0.82,1.91,-0.28,-7.16,-3.60,-9.88,-0.07,1.54,-1.45,-8.18,8.20,4.71,-0.95,0.96,-1.38,0.00,0.00,0.00,0.00,0.00,0.00,-14.39,-1.55,-0.17,-0.62,2.09,-0.68
37.682557,5.26,-11.79,7.82,-2.04,-0.85,0.86,-40.25,-5.19,-16.75,-11.65,1.15,6.84,-0.37,1.39,-0.65,-6.32,-3.18,-11.12,0.34,1.31,-0.94,-9.46,8.05,4.09,-0.56,0.35,-1.27,0.00,0.00,0.00,0.00,0.00,0.00,-14.18,-1.70,-1.44,-0.13,1.65,-0.84
37.701541,5.37,-10.22,8.70,-1.35,0.19,-0.24,-40.25,-5.19,-16.75,-12.25,2.12,8.17,0.07,1.19,-1.09,-6.35,-3.31,-13.13,0.75,1.39,-0.41,-10.92,9.30,4.20,-0.18,-0.08,-1.51,0.00,0.00,0.00,0.00,0.00,0.00,-14.21,-1.58,-2.01,0.51,1.52,-0.94
37.725295,5.07,-9.99,9.58,-2.50,0.92,-0.79,-42.56,3.75,-21.69,-12.60,3.77,10.32,0.42,1.26,-1.76,-8.32,-3.32,-13.93,1.31,1.72,-0.05,-11.10,11.57,4.69,0.07,-0.54,-2.04,0.00,0.00,0.00,0.00,0.00,0.00,-16.47,0.37,-0.37,1.11,1.58,-1.25
37.746754,4.76,-10.18,11.08,-2.50,0.92,-0.79,-42.56,3.75,-21.69,-12.03,4.57,11.30,0.54,1.19,-2.32,-9.88,-2.67,-13.15,1.82,1.82,0.11,-9.78,12.78,4.73,0.08,-1.05,-2.35,0.00,0.00,0.00,0.00,0.00,0.00,-17.07,1.53,1.01,1.53,1.40,-1.68
37.768312,5.37,-9.15,11.42,-2.75,0.86,-1.21,-42.56,3.75,-21.69,-10.34,4.79,12.05,0.64,1.07,-2.76,-10.67,-1.98,-11.83,2.26,1.85,0.25,-8.17,13.23,4.60,0.09,-1.49,-2.55,0.00,0.00,0.00,0.00,0.00,0.00,-15.65,1.98,2.36,1.83,1.24,-1.98
37.792769,6.18,-6.01,11.38,-3.03,1.04,-1.79,-42.56,3.75,-21.69,-8.35,4.98,12.56,0.75,0.96,-3.25,-11.26,-1.42,-10.12,2.72,1.89,0.40,-6.11,13.45,4.46,0.13,-1.95,-2.80,0.00,0.00,0.00,0.00,0.00,0.00,-14.62,2.47,3.73,2.18,1.12,-2.31
37.814286,6.14,-4.52,10.96,-3.03,1.04,-1.79,-39.94,5.25,-27.44,-5.50,5.06,13.03,0.79,0.85,-3.59,-11.72,-0.72,-7.82,3.06,1.92,0.47,-3.50,13.40,4.39,0.12,-2.27,-2.96,0.00,0.00,0.00,0.00,0.00,0.00,-12.44,3.38,5.29,2.40,1.00,-2.59
37.835785,5.64,-2.68,10.42,-3.03,1.04,-1.79,-39.12,6.25,-28.50,-2.11,4.80,13.28,0.74,0.95,-3.75,-11.97,0.06,-4.95,3.22,1.97,0.39,-0.51,12.95,4.30,0.02,-2.39,-3.07,0.00,0.00,0.00,0.00,0.00,0.00,-9.15,4.20,7.56,2.41,1.05,-2.80
37.858275,5.98,0.85,9.58,-3.03,1.04,-1.79,-38.31,7.69,-29.69,0.63,4.04,12.40,0.67,1.08,-3.79,-11.16,0.93,-2.43,3.25,2.08,0.29,1.93,11.55,3.52,-0.03,-2.34,-3.20,0.00,0.00,0.00,0.00,0.00,0.00,-6.37,3.75,8.13,2.33,1.21,-2.87
37.879578,6.14,1.84,8.89,-3.51,0.93,-1.84,-38.31,7.69,-29.69,2.46,3.04,11.04,0.72,1.14,-3.78,-10.36,1.48,0.12,3.21,2.15,0.36,3.98,10.01,3.02,0.05,-2.31,-3.23,0.00,0.00,0.00,0.00,0.00,0.00,-4.44,3.26,8.36,2.30,1.25,-2.82
37.900759,6.10,2.42,7.93,-3.51,0.93,-1.84,-36.69,10.06,-31.19,4.29,2.08,10.42,0.79,1.06,-3.65,-10.20,1.44,2.53,3.06,2.07,0.45,6.13,8.87,3.36,0.14,-2.24,-3.08,0.00,0.00,0.00,0.00,0.00,0.00,-2.49,2.90,9.13,2.26,1.17,-2.66
37.924954,6.45,4.37,6.94,-2.74,0.98,-1.57,-34.56,15.06,-35.69,6.11,1.32,10.73,0.75,0.94,-3.40,-10.19,0.72,4.59,2.84,1.90,0.44,7.79,8.09,4.20,0.14,-2.11,-2.85,0.00,0.00,0.00,0.00,0.00,0.00,-1.06,2.40,10.55,2.09,1.07,-2.45
37.945119,7.13,5.83,6.40,-2.74,0.98,-1.57,-34.56,15.06,-35.69,7.62,0.10,10.24,0.68,0.82,-3.19,-9.92,0.36,6.88,2.69,1.70,0.41,9.59,6.85,4.54,0.15,-2.03,-2.62,0.00,0.00,0.00,0.00,0.00,0.00,0.32,1.41,11.28,1.85,0.90,-2.34
37.966603,7.94,6.71,5.79,-2.53,0.88,-1.49,-34.56,15.06,-35.69,9.92,-1.76,9.44,0.64,0.51,-2.85,-9.70,0.00,10.33,2.43,1.31,0.45,12.43,5.11,5.27,0.21,-1.96,-2.18,0.00,0.00,0.00,0.00,0.00,0.00,2.79,0.19,12.36,1.62,0.51,-2.08
37.991324,9.82,9.20,4.18,-1.11,0.78,-1.27,-33.19,20.31,-36.62,13.46,-3.94,9.32,0.62,0.07,-2.17,-9.43,-0.40,13.84,1.90,0.79,0.54,15.75,3.45,6.35,0.29,-1.66,-1.44,0.00,0.00,0.00,0.00,0.00,0.00,6.49,-0.73,14.23,1.30,0.06,-1.57
38.01303,10.70,12.00,4.37,-1.11,0.78,-1.27,-33.19,20.31,-36.62,15.81,-4.58,10.37,0.59,-0.13,-1.43,-9.72,-0.81,15.66,1.22,0.46,0.55,17.42,3.35,7.25,0.36,-1.16,-0.89,0.00,0.00,0.00,0.00,0.00,0.00,9.29,-1.24,15.56,1.00,-0.06,-0.89
38.033728,10.70,12.00,4.37,-0.06,0.46,-0.20,-32.06,17.06,-40.00,17.04,-4.78,11.30,0.46,-0.10,-0.73,-10.53,-1.14,16.75,0.56,0.24,0.41,18.62,3.71,8.08,0.33,-0.53,-0.41,0.00,0.00,0.00,0.00,0.00,0.00,9.59,-1.02,16.82,0.65,-0.06,-0.20
38.057277,10.54,10.20,4.79,0.48,0.05,0.38,-32.06,17.06,-40.00,16.57,-4.94,11.32,0.21,-0.14,0.21,-10.88,-1.44,16.58,-0.30,-0.16,0.14,18.32,3.83,8.32,0.19,0.17,0.27,0.00,0.00,0.00,0.00,0.00,0.00,8.72,-1.16,16.77,0.21,-0.16,0.58
38.078268,10.58,9.31,4.56,1.16,-0.30,0.80,-32.06,17.06,-40.00,15.29,-5.06,10.67,0.06,-0.24,1.00,-10.37,-1.56,15.36,-0.98,-0.53,-0.02,16.95,3.72,7.89,0.14,0.63,0.86,0.00,0.00,0.00,0.00,0.00,0.00,7.21,-0.87,16.62,-0.34,-0.29,1.14
38.100464,10.27,8.28,4.56,1.71,-0.43,1.12,-32.06,17.06,-40.00,13.55,-4.21,10.76,0.03,-0.43,1.77,-9.96,-1.45,13.70,-1.61,-0.91,-0.09,15.34,3.97,7.30,0.19,1.07,1.44,0.00,0.00,0.00,0.00,0.00,0.00,6.16,-1.23,14.78,-0.80,-0.45,1.68
38.122729,9.47,7.17,5.29,2.25,-0.52,1.39,-32.06,17.06,-40.00,12.25,-3.53,10.32,-0.07,-0.60,2.35,-9.88,-1.02,12.16,-2.14,-1.24,-0.06,14.06,4.50,6.69,0.23,1.49,1.94,0.00,0.00,0.00,0.00,0.00,0.00,4.54,-0.55,13.97,-1.14,-0.67,2.17
38.144444,8.82,6.06,5.64,2.68,-0.56,1.59,-32.06,17.06,-40.00,11.64,-2.73,10.06,-0.12,-0.85,2.96,-10.28,-0.05,11.31,-2.69,-1.66,0.00,13.67,5.23,5.83,0.30,1.86,2.55,0.00,0.00,0.00,0.00,0.00,0.00,3.41,0.93,14.21,-1.56,-0.96,2.60
38.165894,8.29,5.41,5.98,3.33,-0.62,1.80,-32.06,17.06,-40.00,10.98,-1.51,9.90,-0.10,-1.18,3.65,-10.40,0.99,10.00,-3.23,-2.11,0.10,12.87,6.07,4.74,0.43,2.21,3.20,0.00,0.00,0.00,0.00,0.00,0.00,2.65,1.30,12.64,-1.94,-1.30,3.10
38.189969,7.75,5.79,6.98,4.07,-0.65,2.00,-35.00,7.00,-32.50,10.44,0.09,10.30,-0.03,-1.43,4.25,-10.44,2.07,7.96,-3.79,-2.45,0.27,11.55,7.49,3.59,0.68,2.68,3.76,0.00,0.00,0.00,0.00,0.00,0.00,2.64,2.23,11.82,-2.10,-1.52,3.69
38.210781,7.21,4.98,7.90,4.07,-0.65,2.00,-35.44,4.50,-31.00,9.23,1.78,11.08,0.05,-1.48,4.69,-11.31,2.67,5.79,-4.24,-2.56,0.36,10.14,9.28,3.04,0.84,3.11,4.03,0.00,0.00,0.00,0.00,0.00,0.00,1.44,3.10,10.89,-2.03,-1.47,4.32
38.232321,6.87,3.30,9.01,5.01,-0.37,2.67,-35.94,3.06,-29.81,6.94,2.99,11.26,0.12,-1.60,5.03,-12.38,2.93,3.75,-4.55,-2.79,0.45,8.38,10.76,2.51,0.94,3.30,4.36,0.00,0.00,0.00,0.00,0.00,0.00,-1.97,4.12,10.27,-1.78,-1.50,5.00
38.252841,6.79,1.73,9.43,5.01,-0.37,2.67,-35.94,3.06,-29.81,5.17,3.49,10.84,0.29,-2.00,5.28,-13.00,3.41,2.11,-4.74,-3.16,0.60,7.02,11.83,1.92,1.24,3.13,4.88,0.00,0.00,0.00,0.00,0.00,0.00,-4.64,5.87,11.53,-1.79,-1.80,5.36
38.278154,6.64,0.23,11.73,6.10,0.07,2.39,-36.62,-5.06,-24.56,4.25,5.33,12.67,0.70,-2.51,5.47,-14.04,3.20,-1.03,-4.89,-3.43,0.81,4.66,14.37,1.78,1.70,3.07,5.24,0.00,0.00,0.00,0.00,0.00,0.00,-6.20,6.63,10.73,-2.09,-1.90,5.52
38.29922,6.21,-0.11,12.65,5.96,0.18,2.42,-36.62,-5.06,-24.56,3.06,7.22,14.92,0.83,-2.50,5.45,-15.01,2.08,-3.91,-4.85,-3.34,0.88,2.05,16.39,2.31,1.73,2.96,5.06,0.00,0.00,0.00,0.00,0.00,0.00,-8.75,7.43,10.64,-2.13,-1.73,5.43
38.320716,5.98,-1.22,12.91,5.33,0.01,2.37,-36.62,-5.06,-24.56,0.51,8.54,15.45,0.78,-2.29,5.27,-15.12,1.22,-6.05,-4.55,-3.12,0.76,-0.07,17.06,2.69,1.49,2.68,4.68,0.00,0.00,0.00,0.00,0.00,0.00,-11.43,7.63,9.58,-2.32,-1.51,4.86
38.341245,5.98,-1.22,12.91,4.67,-0.19,2.12,-39.75,-8.56,-18.38,-1.51,9.21,15.73,0.67,-1.98,4.85,-14.18,0.87,-7.93,-4.14,-2.75,0.60,-2.27,17.12,2.36,1.22,2.43,4.11,0.00,0.00,0.00,0.00,0.00,0.00,-11.50,6.62,7.46,-2.23,-1.29,4.20
38.366131,4.72,-2.56,14.06,4.67,-0.19,2.12,-41.06,-6.81,-13.50,-3.71,9.80,15.86,0.46,-1.39,3.94,-13.51,0.48,-9.56,-3.45,-2.04,0.46,-4.09,17.15,2.28,0.99,2.09,3.17,0.00,0.00,0.00,0.00,0.00,0.00,-12.51,6.46,6.25,-1.82,-0.87,3.43
38.386001,4.22,-3.98,14.45,4.67,-0.19,2.12,-41.06,-6.81,-13.50,-4.48,9.55,15.24,0.28,-0.98,3.26,-13.41,0.59,-9.53,-2.94,-1.55,0.35,-4.27,16.86,2.11,0.82,1.77,2.54,0.00,0.00,0.00,0.00,0.00,0.00,-12.86,6.95,6.18,-1.57,-0.64,2.85
38.407975,3.57,-5.09,14.22,2.24,-0.19,1.41,-41.06,-6.81,-13.50,-5.73,9.33,14.26,0.15,-0.76,2.70,-12.81,0.52,-9.97,-2.44,-1.20,0.27,-4.97,16.26,2.17,0.70,1.45,2.08,0.00,0.00,0.00,0.00,0.00,0.00,-13.29,6.39,4.93,-1.27,-0.49,2.38
38.432996,3.50,-4.71,13.45,1.40,-0.26,0.76,-43.12,-7.94,-8.12,-6.38,8.59,13.30,0.08,-0.65,1.92,-11.58,0.31,-10.04,-1.83,-0.88,0.24,-5.49,15.11,1.99,0.64,1.10,1.54,0.00,0.00,0.00,0.00,0.00,0.00,-12.59,5.34,3.69,-0.77,-0.39,1.78
38.455345,3.88,-4.32,12.04,1.40,-0.26,0.76,-43.12,-7.94,-8.12,-5.42,7.34,12.41,0.10,-0.45,1.28,-10.40,0.37,-8.93,-1.43,-0.59,0.35,-4.80,13.80,1.74,0.69,0.78,1.05,0.00,0.00,0.00,0.00,0.00,0.00,-11.11,4.79,3.66,-0.24,-0.28,1.35
38.477119,4.14,-3.82,11.42,0.45,0.04,0.31,-43.12,-7.94,-8.12,-5.15,6.50,11.52,0.20,-0.34,0.77,-9.88,0.23,-7.86,-1.07,-0.30,0.52,-4.12,12.86,1.77,0.87,0.55,0.68,0.00,0.00,0.00,0.00,0.00,0.00,-10.35,4.36,3.75,0.17,-0.13,1.04
38.501816,3.84,-2.14,10.50,0.45,0.04,0.31,-43.19,-6.25,-10.69,-3.92,6.00,10.98,0.25,-0.45,0.22,-10.11,0.22,-6.40,-0.63,-0.14,0.61,-2.58,12.25,2.12,1.10,0.28,0.41,0.00,0.00,0.00,0.00,0.00,0.00,-9.56,4.48,4.15,0.58,-0.17,0.66
38.521555,3.80,-0.72,10.34,0.00,0.36,-0.29,-43.19,-6.25,-10.69,-2.35,5.72,10.95,0.27,-0.38,-0.19,-9.73,0.30,-5.15,-0.20,-0.02,0.56,-1.54,11.89,1.84,1.15,0.06,0.15,0.00,0.00,0.00,0.00,0.00,0.00,-7.82,4.33,4.62,0.90,-0.21,0.35
38.543024,4.22,0.31,10.20,-0.32,0.36,-0.52,-43.19,-6.25,-10.69,-1.13,5.49,11.25,0.24,-0.33,-0.65,-9.85,-0.08,-4.55,0.26,0.24,0.43,-0.84,11.66,2.18,1.06,-0.16,-0.23,0.00,0.00,0.00,0.00,0.00,0.00,-7.11,4.87,6.16,1.16,-0.07,-0.03
38.5671,4.91,1.08,9.54,-0.83,0.33,-0.64,-41.31,-7.88,-11.69,-0.05,5.01,12.07,0.09,-0.09,-1.14,-10.70,-0.70,-3.45,0.83,0.55,0.11,0.33,11.55,2.94,0.57,-0.50,-0.69,0.00,0.00,0.00,0.00,0.00,0.00,-7.03,4.83,7.09,1.13,0.10,-0.69
38.588763,6.06,0.73,9.58,-1.74,-0.06,-0.84,-42.19,-7.25,-12.06,0.92,4.38,12.96,-0.12,0.22,-1.51,-11.24,-1.39,-2.88,1.24,0.79,-0.24,0.97,11.77,3.74,-0.00,-0.80,-1.05,0.00,0.00,0.00,0.00,0.00,0.00,-6.27,3.93,7.54,1.23,0.23,-1.11
38.609165,7.25,1.12,9.51,-1.74,-0.06,-0.84,-42.19,-7.25,-12.06,1.20,3.26,13.58,-0.36,0.55,-1.89,-11.56,-2.39,-2.41,1.58,1.08,-0.50,1.38,11.91,4.79,-0.43,-1.06,-1.46,0.00,0.00,0.00,0.00,0.00,0.00,-6.60,3.16,8.69,1.36,0.43,-1.49
38.632539,8.86,1.08,9.24,-2.63,-0.23,-0.99,-41.75,-5.25,-13.25,1.50,1.79,13.39,-0.55,0.70,-2.47,-12.33,-3.01,-0.89,1.94,1.36,-0.70,2.79,11.73,5.76,-0.75,-1.28,-1.82,0.00,0.00,0.00,0.00,0.00,0.00,-6.83,2.80,10.03,1.43,0.50,-1.92
38.655375,9.93,1.23,8.93,-2.63,-0.23,-0.99,-41.12,-5.25,-14.62,3.71,1.04,13.98,-0.66,0.64,-2.70,-13.06,-2.96,1.34,2.08,1.37,-0.77,4.88,11.33,6.29,-0.93,-1.40,-1.82,0.00,0.00,0.00,0.00,0.00,0.00,-5.66,3.29,11.88,1.41,0.36,-2.09
38.677112,10.36,1.61,8.93,-2.63,-0.23,-0.99,-41.12,-5.06,-16.75,5.30,0.41,14.06,-0.82,0.56,-2.63,-13.36,-3.27,2.99,2.10,1.20,-0.83,6.34,11.00,6.89,-1.07,-1.47,-1.69,0.00,0.00,0.00,0.00,0.00,0.00,-4.80,3.40,13.12,1.19,0.24,-2.13
38.699809,10.81,3.34,7.90,-2.63,-0.23,-0.99,-40.75,-5.56,-17.75,6.88,-0.28,13.97,-0.98,0.47,-2.45,-13.08,-3.73,4.02,2.05,1.02,-0.95,7.23,10.44,7.49,-1.25,-1.53,-1.51,0.00,0.00,0.00,0.00,0.00,0.00,-3.36,2.72,13.35,0.93,0.07,-2.14
38.721198,10.96,4.71,7.48,-1.98,-0.76,-1.14,-40.75,-5.56,-17.75,8.19,-0.63,13.92,-1.13,0.61,-2.30,-12.16,-3.97,4.36,2.02,1.09,-1.13,7.52,9.76,7.56,-1.40,-1.41,-1.62,0.00,0.00,0.00,0.00,0.00,0.00,-1.35,1.90,13.15,0.76,0.22,-2.25
38.743282,10.54,5.18,6.17,-1.98,-0.76,-1.14,-40.75,-5.56,-17.75,8.54,-1.58,12.43,-1.20,0.99,-2.20,-11.17,-3.85,5.22,1.95,1.29,-1.25,8.04,8.36,7.40,-1.49,-1.24,-1.83,0.00,0.00,0.00,0.00,0.00,0.00,-0.76,1.20,12.29,0.74,0.49,-2.26
38.764108,9.93,4.10,4.95,-2.59,-0.92,-0.67,-40.75,-5.56,-17.75,7.72,-2.36,10.48,-1.19,1.11,-2.03,-9.96,-3.84,5.88,1.81,1.28,-1.30,8.00,6.77,7.13,-1.54,-1.08,-1.82,0.00,0.00,0.00,0.00,0.00,0.00,-1.02,1.30,12.26,0.57,0.54,-2.22
38.787413,9.17,3.22,3.64,-1.75,-1.02,-0.67,-40.75,-2.56,-18.62,6.45,-3.71,8.06,-1.16,0.80,-1.72,-8.28,-3.90,6.40,1.63,0.96,-1.26,7.58,4.48,6.87,-1.51,-0.95,-1.47,0.00,0.00,0.00,0.00,0.00,0.00,-0.63,0.11,10.47,0.20,0.34,-2.07
38.809067,8.71,2.38,2.57,-1.75,-1.02,-0.67,-40.69,-2.69,-16.88,5.78,-4.60,6.52,-1.03,0.36,-1.36,-6.25,-4.24,6.18,1.46,0.55,-1.15,6.67,2.70,6.77,-1.42,-0.89,-1.02,0.00,0.00,0.00,0.00,0.00,0.00,0.06,-1.51,8.63,0.03,0.04,-1.76
38.829663,8.36,2.95,0.43,-1.75,-1.02,-0.67,-40.69,-2.69,-16.88,5.48,-5.36,5.52,-0.86,0.08,-1.12,-4.44,-4.73,5.84,1.30,0.31,-1.02,5.92,1.31,6.87,-1.29,-0.84,-0.74,0.00,0.00,0.00,0.00,0.00,0.00,0.87,-2.86,7.35,-0.04,-0.15,-1.55
38.853445,8.32,3.11,-1.22,-0.79,-0.75,-0.65,-40.69,-2.69,-16.88,5.54,-6.28,4.77,-0.73,-0.07,-0.96,-3.10,-5.10,6.21,1.08,0.16,-0.88,5.86,-0.09,7.14,-1.11,-0.72,-0.52,0.00,0.00,0.00,0.00,0.00,0.00,1.82,-3.96,6.61,-0.02,-0.26,-1.28
38.875246,8.62,2.80,-1.49,-0.79,-0.75,-0.65,-42.25,-1.44,-17.62,6.01,-7.34,4.25,-0.60,-0.14,-0.72,-2.64,-5.37,6.84,0.77,0.03,-0.71,6.18,-0.91,7.53,-0.91,-0.52,-0.30,0.00,0.00,0.00,0.00,0.00,0.00,2.45,-4.58,6.58,0.02,-0.35,-0.89
38.896886,8.93,2.30,-1.57,-0.79,-0.75,-0.65,-41.50,-4.06,-17.12,5.72,-7.87,4.18,-0.46,-0.25,-0.37,-2.38,-5.97,6.86,0.41,-0.19,-0.50,5.88,-1.26,7.96,-0.70,-0.30,0.02,0.00,0.00,0.00,0.00,0.00,0.00,2.16,-4.66,7.45,-0.02,-0.40,-0.42
38.920475,9.43,2.76,-1.98,-0.79,-0.75,-0.65,-41.75,-4.00,-16.81,5.12,-8.11,4.63,-0.31,-0.34,-0.13,-2.30,-6.97,6.35,0.13,-0.36,-0.34,5.27,-1.09,8.73,-0.50,-0.12,0.26,0.00,0.00,0.00,0.00,0.00,0.00,1.43,-5.34,7.50,-0.28,-0.37,-0.13
38.941987,9.85,2.72,-2.14,0.42,-0.30,-0.08,-41.75,-4.00,-16.81,4.78,-8.36,4.98,-0.19,-0.47,-0.02,-2.53,-7.61,6.41,-0.03,-0.50,-0.24,5.16,-1.08,9.31,-0.38,-0.03,0.46,0.00,0.00,0.00,0.00,0.00,0.00,0.92,-5.88,7.40,-0.35,-0.43,0.12
38.96584,10.05,2.30,-2.56,0.42,-0.30,-0.08,-42.12,-3.62,-15.06,5.06,-8.76,4.58,-0.14,-0.72,0.24,-2.50,-7.72,6.98,-0.13,-0.80,-0.11,5.48,-1.66,9.32,-0.28,-0.02,0.83,0.00,0.00,0.00,0.00,0.00,0.00,0.47,-5.93,7.64,-0.46,-0.67,0.39
38.988554,10.05,2.30,-2.56,1.04,-0.32,-0.24,-41.44,-5.31,-13.19,5.28,-9.35,3.42,-0.03,-1.09,0.55,-2.17,-7.45,7.86,-0.27,-1.24,0.07,6.16,-2.31,9.19,-0.17,-0.03,1.29,0.00,0.00,0.00,0.00,0.00,0.00,1.38,-5.99,7.84,-0.64,-1.01,0.68
39.008637,9.62,3.14,-3.44,2.16,-0.18,-0.36,-41.25,-7.88,-12.00,6.35,-9.32,2.80,0.18,-1.47,0.84,-1.39,-6.90,8.31,-0.48,-1.67,0.31,6.68,-2.93,8.65,0.03,0.02,1.80,0.00,0.00,0.00,0.00,0.00,0.00,2.74,-6.07,7.85,-0.96,-1.20,0.96
39.030638,9.32,4.37,-3.63,2.16,-0.18,-0.36,-41.12,-10.38,-11.19,7.30,-9.01,2.64,0.47,-1.59,0.94,-0.50,-6.22,8.02,-0.69,-1.76,0.54,6.68,-3.13,7.95,0.32,0.13,1.95,0.00,0.00,0.00,0.00,0.00,0.00,4.47,-6.69,6.87,-1.10,-1.14,1.11
39.054775,9.62,5.79,-2.52,2.04,0.55,0.20,-41.50,-13.75,-10.31,8.03,-8.26,3.02,0.86,-1.35,0.96,-0.49,-5.31,7.42,-1.00,-1.47,0.85,6.59,-2.53,7.22,0.75,0.37,1.78,0.00,0.00,0.00,0.00,0.00,0.00,5.74,-6.73,5.91,-0.89,-0.76,1.40
39.074848,9.66,5.06,-1.22,1.86,1.07,0.61,-40.75,-11.81,-11.50,7.73,-6.02,4.82,1.21,-1.01,0.94,-2.65,-4.68,6.28,-1.29,-1.04,1.14,6.33,0.15,6.76,1.17,0.57,1.47,0.00,0.00,0.00,0.00,0.00,0.00,3.60,-4.08,6.89,-0.47,-0.32,1.75
39.093467,9.66,5.06,-1.22,1.86,1.07,0.61,-40.75,-11.81,-11.50,7.35,-4.07,6.95,1.38,-0.71,1.03,-4.81,-4.56,5.20,-1.48,-0.79,1.17,5.93,2.67,6.87,1.31,0.81,1.28,0.00,0.00,0.00,0.00,0.00,0.00,1.40,-1.58,8.65,-0.47,-0.03,1.82
39.117765,8.59,1.80,5.48,1.57,1.02,1.06,-40.75,-11.81,-11.50,5.27,-2.01,8.43,1.43,-0.35,1.15,-5.97,-3.91,2.52,-1.60,-0.49,1.15,3.90,4.76,5.70,1.44,0.98,1.05,0.00,0.00,0.00,0.00,0.00,0.00,-1.14,-0.91,7.74,-0.56,0.34,1.76
39.139236,8.70,1.61,7.09,1.27,1.20,1.06,-40.75,-11.81,-11.50,3.65,-0.58,9.08,1.60,0.01,0.97,-6.71,-2.94,0.59,-1.52,-0.08,1.34,2.63,6.24,4.81,1.68,0.88,0.64,0.00,0.00,0.00,0.00,0.00,0.00,-2.68,-0.34,6.71,-0.41,0.56,1.58
39.160555,8.05,0.23,8.51,0.82,1.73,1.00,-40.75,-11.81,-11.50,3.12,1.38,10.50,1.76,0.29,0.85,-9.02,-1.66,-0.25,-1.53,0.25,1.57,2.73,8.79,4.09,1.94,0.89,0.35,0.00,0.00,0.00,0.00,0.00,0.00,-3.64,2.01,6.84,-0.05,0.67,1.66
39.185138,5.45,-1.53,11.81,0.82,1.73,1.00,-41.19,-9.31,-12.69,1.59,4.49,13.02,1.71,0.52,0.95,-11.83,-1.36,-2.55,-1.56,0.42,1.53,1.42,12.42,3.75,1.91,0.95,0.20,0.00,0.00,0.00,0.00,0.00,0.00,-6.94,5.25,8.46,0.10,0.87,1.72
39.205571,5.41,-1.53,12.99,0.82,1.73,1.00,-41.19,-9.31,-12.69,-0.44,6.03,14.06,1.50,0.62,0.79,-12.94,-1.00,-4.59,-1.34,0.55,1.34,-0.08,14.17,3.09,1.72,0.81,0.00,0.00,0.00,0.00,0.00,0.00,0.00,-9.66,5.87,8.09,0.07,0.95,1.36
39.227138,6.18,-2.37,14.33,0.32,1.37,0.91,-41.19,-9.31,-12.69,-2.18,7.23,15.21,1.35,0.66,0.45,-14.07,-0.55,-6.08,-0.99,0.69,1.28,-1.03,15.77,2.71,1.59,0.57,-0.26,0.00,0.00,0.00,0.00,0.00,0.00,-11.42,6.73,8.55,0.04,0.91,0.90
39.251201,5.41,-3.75,16.13,-0.01,1.44,0.57,-41.25,-8.12,-14.88,-2.51,8.65,17.01,1.06,0.62,0.04,-16.05,-0.33,-6.85,-0.60,0.78,1.11,-1.15,18.02,2.89,1.29,0.31,-0.47,0.00,0.00,0.00,0.00,0.00,0.00,-12.94,7.92,8.87,0.03,0.83,0.41
39.268541,4.72,-4.25,16.59,-0.01,1.44,0.57,-40.38,-8.06,-17.31,-2.68,9.48,18.24,0.73,0.65,-0.14,-17.02,-0.61,-7.50,-0.29,0.74,0.80,-1.62,19.14,3.06,0.88,0.13,-0.56,0.00,0.00,0.00,0.00,0.00,0.00,-13.82,8.21,9.13,0.06,0.77,0.07
39.28902,4.53,-4.25,16.21,-0.01,1.44,0.57,-40.38,-8.06,-17.31,-3.20,9.53,18.55,0.16,0.75,-0.42,-16.66,-0.98,-8.18,0.12,0.71,0.36,-2.40,18.96,3.19,0.33,-0.11,-0.70,0.00,0.00,0.00,0.00,0.00,0.00,-14.27,7.57,8.42,0.11,0.69,-0.39
39.313409,5.45,-4.48,14.18,-1.32,-0.20,-0.39,-40.38,-8.06,-17.31,-4.20,8.30,17.07,-0.35,0.94,-0.80,-14.90,-1.16,-8.67,0.64,0.79,-0.05,-3.37,17.39,2.92,-0.24,-0.47,-0.98,0.00,0.00,0.00,0.00,0.00,0.00,-13.97,6.22,7.19,0.28,0.66,-0.93
39.335003,5.49,-4.86,13.03,-1.32,-0.20,-0.39,-41.12,-5.00,-18.19,-4.86,7.23,15.13,-0.67,1.01,-1.27,-13.73,-0.88,-7.99,1.11,0.82,-0.20,-3.23,15.76,2.53,-0.58,-0.90,-1.14,0.00,0.00,0.00,0.00,0.00,0.00,-13.73,5.54,6.20,0.46,0.51,-1.37
39.356178,5.22,-5.05,12.38,-1.32,-0.20,-0.39,-39.88,-6.06,-18.44,-4.38,6.15,13.28,-0.80,0.72,-1.62,-12.87,-0.50,-7.06,1.47,0.69,-0.24,-2.59,14.54,2.28,-0.82,-1.33,-1.11,0.00,0.00,0.00,0.00,0.00,0.00,-12.70,5.38,5.94,0.63,0.21,-1.68
39.379105,4.84,-3.44,11.46,-1.32,-0.20,-0.39,-39.44,-8.06,-19.06,-3.39,6.05,12.87,-0.80,0.49,-1.91,-12.04,-0.21,-6.37,1.81,0.56,-0.25,-2.01,13.64,2.13,-1.04,-1.73,-1.08,0.00,0.00,0.00,0.00,0.00,0.00,-11.06,5.10,5.70,0.81,-0.05,-1.97
39.400675,4.80,-2.29,11.23,-1.76,-0.38,-1.72,-39.44,-8.06,-19.06,-2.01,5.77,12.32,-0.87,0.49,-2.16,-11.51,0.19,-5.49,2.11,0.56,-0.25,-1.18,12.98,1.96,-1.35,-2.10,-1.17,0.00,0.00,0.00,0.00,0.00,0.00,-9.96,5.02,5.39,1.06,-0.24,-2.25
39.423361,4.76,-0.99,10.58,-1.76,-0.38,-1.72,-39.44,-8.06,-19.06,-1.10,5.47,11.75,-0.84,0.45,-2.38,-11.23,0.52,-4.53,2.37,0.64,-0.33,-0.14,12.57,1.95,-1.58,-2.25,-1.38,0.00,0.00,0.00,0.00,0.00,0.00,-8.05,5.11,5.85,1.34,-0.35,-2.48
39.447783,5.26,0.62,9.73,-2.23,-0.47,-1.99,-37.69,-7.62,-21.25,-0.12,5.34,11.61,-0.84,0.40,-2.66,-10.85,0.79,-3.28,2.63,0.76,-0.45,1.03,11.84,2.00,-1.69,-2.30,-1.63,0.00,0.00,0.00,0.00,0.00,0.00,-6.66,5.31,6.78,1.57,-0.37,-2.61
39.467813,5.26,0.62,9.73,-2.64,-0.47,-2.12,-36.75,-7.56,-23.75,1.66,4.94,11.38,-0.88,0.45,-2.83,-10.54,0.99,-2.14,2.83,0.91,-0.50,2.00,11.13,1.89,-1.79,-2.37,-1.88,0.00,0.00,0.00,0.00,0.00,0.00,-5.95,5.68,7.88,1.54,-0.32,-2.81
39.489674,5.60,1.50,9.16,-2.64,-0.47,-2.12,-36.75,-7.56,-23.75,1.99,4.67,10.89,-0.89,0.51,-3.00,-10.48,1.15,-1.08,3.00,0.98,-0.52,2.92,10.74,1.91,-1.84,-2.50,-2.04,0.00,0.00,0.00,0.00,0.00,0.00,-4.84,5.56,8.27,1.39,-0.27,-3.04
39.513008,6.02,3.26,8.70,-2.82,-0.46,-2.27,-36.75,-7.56,-23.75,3.61,4.12,10.57,-0.93,0.49,-3.25,-10.48,1.34,0.49,3.18,1.03,-0.58,4.47,10.17,2.11,-1.84,-2.62,-2.17,0.00,0.00,0.00,0.00,0.00,0.00,-3.57,5.14,8.39,1.35,-0.28,-3.23
39.534608,6.29,3.95,8.05,-2.84,-0.47,-2.28,-36.75,-7.56,-23.75,5.11,3.22,9.95,-0.89,0.39,-3.32,-10.25,1.48,2.79,3.23,0.97,-0.58,6.48,9.03,2.36,-1.74,-2.64,-2.13,0.00,0.00,0.00,0.00,0.00,0.00,-1.64,4.89,9.39,1.31,-0.34,-3.27
39.556213,6.68,4.91,7.21,-2.84,-0.47,-2.28,-34.31,-7.50,-29.00,7.27,2.18,9.44,-0.86,0.21,-3.26,-9.84,1.14,4.64,3.18,0.83,-0.61,7.98,7.80,2.85,-1.67,-2.64,-2.00,0.00,0.00,0.00,0.00,0.00,0.00,0.43,4.19,10.03,1.18,-0.40,-3.21
39.579051,7.06,7.62,5.10,-2.84,-0.47,-2.28,-34.50,-5.56,-28.06,9.08,0.85,8.55,-0.83,0.17,-3.12,-8.39,0.83,6.79,3.06,0.77,-0.61,9.61,5.89,2.95,-1.54,-2.51,-1.89,0.00,0.00,0.00,0.00,0.00,0.00,2.78,2.94,10.28,1.05,-0.37,-3.13
39.600521,7.67,8.59,3.72,-2.42,-0.46,-2.00,-34.50,-5.56,-28.06,11.03,-1.17,7.41,-0.74,0.23,-2.92,-7.31,0.25,9.03,2.87,0.77,-0.54,11.24,3.83,3.50,-1.36,-2.31,-1.82,0.00,0.00,0.00,0.00,0.00,0.00,5.20,1.24,10.44,0.93,-0.29,-2.97
39.622282,8.40,9.24,2.54,-2.27,-0.31,-1.76,-34.50,-5.56,-28.06,12.25,-3.24,6.22,-0.58,0.21,-2.60,-6.59,-0.42,11.64,2.56,0.65,-0.42,13.11,1.70,4.23,-1.13,-2.06,-1.60,0.00,0.00,0.00,0.00,0.00,0.00,6.84,-0.02,11.09,0.81,-0.29,-2.62
39.646331,9.05,9.74,0.81,-2.27,-0.31,-1.76,-32.81,-3.06,-31.38,14.01,-4.92,5.86,-0.40,-0.01,-2.08,-6.34,-1.14,13.80,2.06,0.35,-0.34,14.82,0.29,5.24,-0.95,-1.72,-1.13,0.00,0.00,0.00,0.00,0.00,0.00,8.82,-0.96,11.86,0.54,-0.42,-2.10
39.668239,9.28,10.54,0.73,-0.65,-0.14,-0.85,-32.81,-3.06,-31.00,15.22,-5.71,6.34,-0.29,-0.06,-1.51,-6.03,-1.78,14.56,1.48,0.16,-0.34,15.49,-0.07,5.96,-0.84,-1.23,-0.79,0.00,0.00,0.00,0.00,0.00,0.00,10.58,-1.87,12.14,0.35,-0.35,-1.49
39.68859,9.55,11.07,0.89,-0.65,-0.14,-0.85,-32.81,-3.06,-31.00,15.27,-6.09,6.93,-0.22,0.05,-0.95,-6.04,-2.20,14.82,0.90,0.12,-0.34,15.67,-0.04,6.45,-0.66,-0.65,-0.51,0.00,0.00,0.00,0.00,0.00,0.00,10.34,-2.05,12.64,0.20,-0.14,-0.89
39.708291,9.89,9.12,1.39,-0.40,-0.18,-0.29,-32.81,-3.06,-31.00,14.47,-6.21,7.36,-0.18,0.11,-0.35,-6.48,-2.70,14.16,0.29,0.02,-0.34,14.96,0.36,6.93,-0.47,-0.16,-0.19,0.00,0.00,0.00,0.00,0.00,0.00,8.98,-1.95,12.93,-0.08,0.05,-0.32
39.731922,10.27,5.87,2.77,0.43,-0.31,0.55,-32.81,-3.06,-31.00,12.15,-5.94,8.09,-0.17,0.13,0.31,-7.30,-3.53,11.91,-0.32,-0.15,-0.40,12.76,1.35,7.86,-0.40,0.35,0.21,0.00,0.00,0.00,0.00,0.00,0.00,6.16,-2.17,12.31,-0.41,0.16,0.24
39.753388,10.96,3.84,3.45,0.78,-0.33,0.79,-32.81,-3.06,-31.00,9.29,-5.43,9.39,-0.12,0.14,0.80,-7.66,-4.53,8.75,-0.77,-0.28,-0.45,9.94,2.72,8.49,-0.44,0.71,0.45,0.00,0.00,0.00,0.00,0.00,0.00,3.14,-2.53,11.64,-0.64,0.24,0.65
39.774895,11.50,2.88,4.64,0.77,-0.29,1.02,-32.81,-3.06,-31.00,6.28,-4.34,11.81,-0.10,0.40,0.97,-8.43,-5.77,5.10,-1.04,-0.06,-0.43,6.58,5.05,9.46,-0.41,1.04,0.33,0.00,0.00,0.00,0.00,0.00,0.00,0.12,-2.83,10.92,-0.73,0.52,0.80
39.798642,12.00,-1.49,7.13,0.29,-0.29,1.26,-35.19,-3.31,-30.62,2.99,-3.21,14.34,-0.25,0.71,0.97,-11.04,-7.01,2.21,-1.19,0.24,-0.54,4.38,7.64,11.15,-0.46,1.23,0.13,0.00,0.00,0.00,0.00,0.00,0.00,-4.43,-1.71,11.65,-0.76,0.88,0.86
39.820266,12.35,-3.21,7.93,0.15,-0.55,1.34,-35.19,-3.31,-30.62,0.63,-2.57,16.24,-0.53,0.80,1.00,-12.79,-8.05,0.02,-1.24,0.29,-0.78,2.46,9.57,12.52,-0.63,1.29,0.12,0.00,0.00,0.00,0.00,0.00,0.00,-8.48,-1.18,12.20,-1.00,0.96,0.71
39.842322,13.30,-3.94,8.55,0.12,-0.94,1.30,-35.19,-3.31,-30.62,-1.55,-2.43,17.53,-0.82,0.88,0.92,-13.58,-9.13,-2.24,-1.14,0.35,-1.04,0.40,10.65,13.55,-0.89,1.19,0.03,0.00,0.00,0.00,0.00,0.00,0.00,-10.82,-1.77,12.15,-1.25,0.98,0.36
39.865903,15.10,-4.55,9.43,0.12,-0.94,1.30,-38.19,0.75,-27.56,-2.94,-2.76,18.05,-0.98,1.01,0.67,-14.44,-9.73,-3.34,-0.84,0.48,-1.26,-0.41,11.24,14.33,-1.18,1.01,-0.24,0.00,0.00,0.00,0.00,0.00,0.00,-12.28,-2.42,11.92,-1.38,0.97,-0.08
39.886387,15.25,-4.67,9.58,-0.66,-1.27,0.85,-38.19,0.75,-27.56,-2.44,-3.00,18.51,-1.09,0.94,0.50,-15.20,-9.61,-2.46,-0.61,0.48,-1.41,0.70,11.40,14.68,-1.38,0.86,-0.35,0.00,0.00,0.00,0.00,0.00,0.00,-11.89,-2.32,12.55,-1.36,0.82,-0.32
39.908277,15.25,-4.40,9.39,-0.66,-1.27,0.85,-39.56,3.75,-26.25,-0.83,-3.13,18.82,-1.27,0.89,0.47,-15.47,-9.41,-1.31,-0.55,0.42,-1.59,2.10,11.27,14.91,-1.54,0.86,-0.29,0.00,0.00,0.00,0.00,0.00,0.00,-10.15,-2.01,13.31,-1.40,0.72,-0.44
39.93206,14.45,-1.57,8.16,-0.50,-1.47,0.85,-41.19,5.19,-24.25,0.49,-3.04,18.52,-1.49,1.15,0.45,-14.15,-9.27,-0.97,-0.55,0.54,-1.91,2.34,10.63,14.36,-1.76,1.03,-0.40,0.00,0.00,0.00,0.00,0.00,0.00,-8.12,-2.20,13.36,-1.45,0.94,-0.56
39.953432,14.02,-0.46,7.36,-0.50,-1.47,0.85,-42.50,7.81,-24.69,0.83,-3.08,17.13,-1.70,1.58,0.27,-12.81,-9.03,-0.64,-0.47,0.91,-2.17,2.38,9.47,13.58,-1.92,1.22,-0.74,0.00,0.00,0.00,0.00,0.00,0.00,-7.29,-2.52,12.54,-1.58,1.36,-0.87
39.974646,13.38,-0.19,6.36,-0.50,-1.47,0.85,-43.88,10.94,-24.50,0.66,-3.64,14.51,-1.78,1.85,0.08,-11.54,-8.37,0.24,-0.35,1.15,-2.32,2.75,7.66,12.22,-1.99,1.31,-1.01,0.00,0.00,0.00,0.00,0.00,0.00,-6.67,-2.96,11.26,-1.68,1.62,-1.15
39.997259,12.04,-0.84,4.56,-1.72,-1.75,1.27,-43.88,10.94,-24.50,0.63,-4.33,11.64,-1.71,1.81,-0.05,-9.57,-7.24,1.23,-0.22,1.17,-2.26,3.06,5.56,10.41,-1.91,1.23,-1.05,0.00,0.00,0.00,0.00,0.00,0.00,-5.55,-3.30,9.69,-1.77,1.59,-1.32
40.048858,10.12,-0.26,3.45,-1.72,-1.75,1.27,-43.88,10.94,-24.50,1.17,-4.33,10.18,-1.52,1.65,-0.12,-8.03,-6.43,1.66,-0.19,1.13,-2.05,3.25,4.48,9.26,-1.71,1.13,-1.00,0.00,0.00,0.00,0.00,0.00,0.00,-3.64,-3.58,7.90,-1.74,1.47,-1.32
40.048899,8.86,0.04,3.11,-1.29,-1.27,0.97,-43.88,10.94,-24.50,1.36,-3.71,9.52,-1.43,1.60,-0.14,-7.19,-6.01,1.44,-0.19,1.13,-1.96,2.90,4.12,8.60,-1.61,1.16,-1.00,0.00,0.00,0.00,0.00,0.00,0.00,-2.77,-3.44,6.59,-1.54,1.49,-1.18
40.06469,7.68,0.20,2.77,-1.41,-1.28,1.01,-46.50,22.50,-17.94,1.05,-3.12,7.94,-1.40,1.64,-0.16,-5.79,-5.25,0.92,-0.16,1.16,-1.97,2.14,3.38,7.27,-1.60,1.18,-1.05,0.00,0.00,0.00,0.00,0.00,0.00,-2.72,-2.66,5.51,-1.39,1.55,-1.11
40.086843,5.52,-0.88,1.80,-1.40,-1.25,0.88,-46.50,22.50,-17.94,-0.01,-2.65,5.88,-1.35,1.63,-0.20,-3.86,-4.23,0.37,-0.10,1.14,-1.87,1.06,2.37,5.27,-1.55,1.05,-1.04,0.00,0.00,0.00,0.00,0.00,0.00,-3.25,-2.32,3.85,-1.36,1.54,-1.17
40.10872,4.64,-0.99,1.42,-1.40,-1.25,0.88,-48.44,24.06,-15.81,-0.79,-2.28,3.92,-1.21,1.48,-0.31,-2.41,-3.28,-0.22,0.01,1.09,-1.63,0.19,1.47,3.88,-1.38,0.81,-1.01,0.00,0.00,0.00,0.00,0.00,0.00,-2.74,-2.11,1.89,-1.31,1.40,-1.30
40.132417,2.42,-1.11,0.54,-1.25,-0.88,0.46,-48.44,24.06,-15.81,-0.86,-1.72,2.66,-1.07,1.30,-0.42,-1.41,-2.44,-0.40,0.11,1.00,-1.41,-0.15,0.86,2.73,-1.21,0.60,-0.96,0.00,0.00,0.00,0.00,0.00,0.00,-1.84,-1.62,0.43,-1.19,1.26,-1.33
40.154237,1.46,-1.30,0.12,-1.11,-0.87,0.35,-48.44,24.06,-15.81,-0.83,-1.39,1.54,-1.01,1.11,-0.42,-0.60,-1.64,-0.36,0.14,0.86,-1.28,-0.17,0.24,1.78,-1.13,0.48,-0.82,0.00,0.00,0.00,0.00,0.00,0.00,-1.19,-1.20,-0.73,-1.05,1.09,-1.22
40.175754,0.85,-1.52,-0.15,-1.11,-0.87,0.35,-48.75,28.81,-13.56,-0.90,-1.30,0.15,-0.93,0.90,-0.33,0.54,-0.85,-0.41,0.11,0.66,-1.14,-0.51,-0.59,0.59,-1.03,0.39,-0.62,0.00,0.00,0.00,0.00,0.00,0.00,-0.57,-1.04,-1.78,-0.92,0.85,-1.02
40.198481,-0.03,-1.22,-0.88,-1.11,-0.87,0.35,-49.19,30.75,-12.25,-1.40,-1.37,-1.57,-0.74,0.66,-0.25,2.04,-0.16,-0.55,0.09,0.44,-0.87,-1.05,-1.72,-0.67,-0.79,0.23,-0.41,0.00,0.00,0.00,0.00,0.00,0.00,-0.12,-1.39,-3.33,-0.73,0.57,-0.78
40.220227,-0.53,-1.38,-1.41,-0.31,-0.47,0.01,-49.19,30.75,-12.25,-1.51,-1.44,-2.81,-0.49,0.28,-0.18,2.93,0.32,-0.31,0.10,0.15,-0.52,-1.02,-2.53,-1.39,-0.51,0.04,-0.15,0.00,0.00,0.00,0.00,0.00,0.00,0.21,-1.24,-4.13,-0.47,0.18,-0.49
40.242548,-1.14,-1.34,-1.95,-0.31,-0.47,0.01,-50.44,30.75,-9.75,-0.72,-1.48,-3.21,-0.25,-0.10,-0.05,3.47,0.61,0.01,0.04,-0.14,-0.22,-0.71,-2.92,-1.68,-0.25,-0.09,0.13,0.00,0.00,0.00,0.00,0.00,0.00,1.36,-1.06,-4.17,-0.28,-0.17,-0.22
40.266092,-0.95,-0.11,-2.14,-0.31,-0.47,0.01,-49.94,28.31,-11.06,-0.14,-1.80,-3.24,0.03,-0.27,0.12,4.07,0.54,0.12,-0.09,-0.31,0.09,-0.64,-3.37,-1.72,0.07,-0.07,0.33,0.00,0.00,0.00,0.00,0.00,0.00,2.40,-1.45,-4.27,-0.05,-0.29,0.12
40.286876,-0.41,-0.23,-2.25,0.63,0.49,-0.08,-49.94,28.31,-11.06,-0.24,-2.22,-3.64,0.36,-0.36,0.23,4.32,0.52,0.13,-0.21,-0.37,0.40,-0.71,-3.64,-1.78,0.40,-0.06,0.43,0.00,0.00,0.00,0.00,0.00,0.00,2.37,-1.93,-4.47,0.21,-0.35,0.45
40.309641,0.20,-0.49,-2.06,0.63,0.49,-0.08,-49.31,28.31,-12.12,-0.16,-2.30,-3.09,0.73,-0.52,0.30,3.86,0.19,0.26,-0.30,-0.40,0.78,-0.48,-3.31,-1.31,0.79,-0.08,0.51,0.00,0.00,0.00,0.00,0.00,0.00,1.86,-1.75,-3.41,0.43,-0.46,0.71
40.32806,1.12,0.00,-1.52,0.63,0.49,-0.08,-49.31,28.31,-12.12,0.39,-2.45,-2.04,1.03,-0.63,0.38,3.02,-0.25,0.55,-0.38,-0.41,1.09,0.01,-2.70,-0.51,1.13,-0.09,0.56,0.00,0.00,0.00,0.00,0.00,0.00,2.09,-2.03,-2.55,0.57,-0.50,0.92
40.352016,3.23,0.00,-0.03,1.01,1.51,-0.02,-49.31,28.31,-12.12,0.54,-2.38,-0.54,1.43,-0.64,0.44,1.79,-0.77,0.26,-0.50,-0.35,1.47,0.02,-1.60,0.42,1.50,-0.08,0.54,0.00,0.00,0.00,0.00,0.00,0.00,1.47,-2.06,-1.33,0.75,-0.41,1.13
40.374352,3.45,-0.53,1.04,0.93,1.85,0.05,-49.31,28.31,-12.12,-0.19,-1.87,1.55,1.72,-0.56,0.43,-0.22,-1.78,-0.31,-0.56,-0.23,1.77,-0.21,0.18,1.90,1.75,-0.10,0.45,0.00,0.00,0.00,0.00,0.00,0.00,-0.49,-2.33,-0.47,1.00,-0.28,1.31
40.395984,4.64,-1.18,1.58,0.93,1.85,0.05,-48.25,26.06,-16.94,-0.85,-2.26,3.23,1.91,-0.66,0.38,-2.24,-2.96,-0.11,-0.49,-0.28,1.99,0.18,1.21,3.55,1.92,-0.27,0.47,0.00,0.00,0.00,0.00,0.00,0.00,-2.50,-2.67,1.35,1.30,-0.42,1.46
40.41842,7.71,-2.18,2.46,0.93,1.85,0.05,-47.38,22.69,-19.31,-0.83,-2.87,4.80,2.09,-0.97,0.40,-3.99,-3.86,0.18,-0.43,-0.51,2.23,0.78,2.21,5.09,2.12,-0.49,0.68,0.00,0.00,0.00,0.00,0.00,0.00,-3.60,-3.06,2.94,1.47,-0.72,1.58
40.440154,8.93,-2.60,3.38,1.49,2.23,-0.56,-47.38,22.69,-19.31,-1.33,-2.73,7.34,2.30,-1.19,0.42,-5.85,-5.19,-0.91,-0.41,-0.66,2.50,0.16,4.00,6.89,2.30,-0.72,0.83,0.00,0.00,0.00,0.00,0.00,0.00,-4.89,-3.52,4.46,1.65,-0.90,1.73
40.46203,10.01,-2.87,4.60,1.58,2.42,-0.71,-47.38,22.69,-19.31,-2.67,-2.24,9.93,2.34,-1.38,0.29,-8.43,-6.75,-1.55,-0.22,-0.79,2.63,-0.07,5.88,9.09,2.36,-0.96,0.88,0.00,0.00,0.00,0.00,0.00,0.00,-8.20,-3.45,5.99,1.82,-1.08,1.71
40.485377,11.00,-4.29,5.21,1.58,2.42,-0.71,-43.56,15.44,-26.75,-3.03,-2.69,10.45,2.27,-2.00,0.18,-9.96,-7.42,-0.82,0.08,-1.33,2.70,0.71,6.34,10.02,2.33,-1.43,1.29,0.00,0.00,0.00,0.00,0.00,0.00,-9.67,-3.93,6.74,1.89,-1.75,1.52
40.506029,11.73,-3.94,5.29,2.30,2.20,-2.21,-43.56,15.44,-26.75,-2.15,-2.94,11.32,2.29,-2.58,0.06,-10.01,-7.87,-0.97,0.36,-1.77,2.85,0.78,6.74,10.54,2.36,-1.91,1.59,0.00,0.00,0.00,0.00,0.00,0.00,-8.71,-4.55,7.60,2.00,-2.27,1.34
40.52809,12.95,-1.95,5.83,2.30,2.20,-2.21,-41.81,11.38,-27.69,-0.78,-2.52,13.67,2.34,-2.83,-0.25,-11.41,-8.26,-0.65,0.68,-1.81,3.00,1.74,8.17,11.64,2.40,-2.20,1.49,0.00,0.00,0.00,0.00,0.00,0.00,-7.90,-4.21,9.67,2.08,-2.43,1.04
40.551977,14.03,-1.07,8.24,1.68,2.37,-2.46,-38.00,3.31,-29.44,1.14,-1.91,15.82,2.22,-2.95,-0.47,-14.19,-8.14,1.27,0.93,-1.87,2.95,4.28,9.83,12.74,2.28,-2.40,1.46,0.00,0.00,0.00,0.00,0.00,0.00,-8.25,-2.80,12.20,2.05,-2.57,0.77
40.573039,13.61,-0.80,8.82,1.68,2.37,-2.46,-36.31,-0.25,-30.75,3.32,-1.89,17.63,2.01,-3.05,-0.44,-15.26,-8.09,2.14,0.96,-1.97,2.73,5.65,10.84,13.46,2.06,-2.44,1.56,0.00,0.00,0.00,0.00,0.00,0.00,-6.25,-2.68,14.10,1.87,-2.65,0.56
40.594775,15.99,2.19,10.70,1.68,2.37,-2.46,-36.31,-0.25,-30.75,4.67,-1.43,20.77,1.75,-2.69,-0.53,-16.62,-8.61,1.97,0.94,-1.61,2.38,6.14,12.63,14.82,1.75,-2.17,1.20,0.00,0.00,0.00,0.00,0.00,0.00,-5.10,-3.00,15.98,1.80,-2.17,0.45
40.617791,17.25,2.15,13.41,1.68,2.37,-2.46,-31.69,-7.06,-32.25,6.10,-1.15,23.09,1.42,-2.04,-0.70,-19.07,-8.33,3.18,0.88,-1.03,1.93,7.92,14.35,15.82,1.40,-1.73,0.65,0.00,0.00,0.00,0.00,0.00,0.00,-6.04,-1.15,19.73,1.61,-1.57,0.27
40.639293,16.98,1.77,14.45,0.30,1.17,-1.16,-31.69,-7.06,-32.25,8.21,-0.69,25.48,1.00,-1.43,-0.53,-21.66,-8.03,4.57,0.59,-0.66,1.32,10.05,16.23,16.94,0.92,-1.16,0.41,0.00,0.00,0.00,0.00,0.00,0.00,-5.73,0.34,22.68,1.02,-1.04,0.15
40.66052,17.17,2.61,15.37,0.25,0.47,-0.45,-31.69,-7.06,-32.25,8.51,0.06,26.95,0.47,-0.60,-0.22,-22.58,-7.93,4.19,0.19,-0.27,0.58,9.92,17.39,17.22,0.39,-0.47,0.18,0.00,0.00,0.00,0.00,0.00,0.00,-5.95,0.70,23.53,0.38,-0.34,0.10
40.685341,16.25,2.04,15.41,-0.12,-0.17,0.28,-29.44,-9.75,-32.12,7.06,0.89,26.91,-0.16,0.30,-0.07,-22.72,-7.96,2.95,-0.10,0.27,-0.32,8.61,17.87,16.90,-0.31,0.25,-0.24,0.00,0.00,0.00,0.00,0.00,0.00,-7.54,0.35,22.07,-0.21,0.45,-0.08
40.705543,15.87,1.12,14.79,-0.12,-0.17,0.28,-29.44,-9.75,-32.12,5.54,1.05,25.89,-0.70,0.92,-0.07,-22.16,-7.96,2.22,-0.19,0.60,-0.97,7.62,17.48,16.43,-0.86,0.63,-0.54,0.00,0.00,0.00,0.00,0.00,0.00,-8.63,0.24,21.12,-0.53,0.91,-0.28
40.728999,15.64,0.58,13.99,-1.08,-1.22,0.94,-29.44,-9.75,-32.12,4.47,0.77,24.20,-1.21,1.30,-0.11,-21.24,-7.76,2.05,-0.19,0.81,-1.57,7.10,16.46,15.67,-1.37,0.90,-0.76,0.00,0.00,0.00,0.00,0.00,0.00,-9.58,0.47,20.34,-0.99,1.18,-0.61
40.751637,14.53,0.16,12.07,-1.35,-1.99,1.01,-29.44,-9.75,-32.12,4.31,0.48,22.31,-1.70,1.47,-0.09,-19.89,-7.31,2.43,-0.19,0.85,-2.12,7.06,15.10,14.63,-1.86,1.09,-0.80,0.00,0.00,0.00,0.00,0.00,0.00,-8.55,0.37,18.69,-1.59,1.26,-1.00
40.772699,13.61,0.73,10.77,-1.35,-1.99,1.01,-35.31,-1.31,-31.00,4.50,-0.05,19.94,-2.08,1.58,-0.03,-17.60,-6.76,2.66,-0.21,0.86,-2.54,6.73,13.18,13.19,-2.22,1.26,-0.81,0.00,0.00,0.00,0.00,0.00,0.00,-6.69,-0.33,16.53,-1.96,1.34,-1.22
40.794232,13.03,1.31,9.31,-1.35,-1.99,1.01,-37.44,3.75,-29.88,4.24,-0.75,17.35,-2.30,1.82,-0.04,-14.85,-6.39,2.60,-0.22,0.97,-2.83,5.99,11.03,11.78,-2.46,1.38,-0.94,0.00,0.00,0.00,0.00,0.00,0.00,-5.04,-1.59,13.92,-2.14,1.52,-1.35
40.817043,12.57,1.46,7.90,-1.73,-2.58,1.29,-39.31,4.81,-29.50,3.24,-1.70,14.12,-2.41,1.95,-0.13,-12.18,-6.12,2.59,-0.15,1.05,-2.94,5.14,8.53,10.35,-2.57,1.40,-1.06,0.00,0.00,0.00,0.00,0.00,0.00,-4.53,-2.82,11.19,-2.10,1.62,-1.41
40.838433,11.23,0.85,5.14,-1.75,-2.47,1.13,-39.31,4.81,-29.50,2.12,-2.41,11.14,-2.33,1.90,-0.29,-9.70,-5.69,2.21,-0.03,1.03,-2.86,4.01,6.36,8.88,-2.51,1.28,-1.10,0.00,0.00,0.00,0.00,0.00,0.00,-4.47,-2.87,9.63,-2.15,1.57,-1.56
40.859289,10.20,0.58,4.11,-1.75,-2.47,1.13,-41.69,9.19,-24.44,1.45,-2.49,9.08,-2.19,1.75,-0.46,-7.65,-5.14,1.70,0.14,1.01,-2.68,3.01,4.91,7.49,-2.37,1.08,-1.12,0.00,0.00,0.00,0.00,0.00,0.00,-3.47,-3.48,6.69,-2.07,1.44,-1.70
40.883392,7.56,0.43,2.92,-1.80,-1.82,0.44,-44.44,14.25,-22.50,0.89,-2.15,7.23,-2.01,1.62,-0.69,-5.57,-4.53,0.88,0.36,1.04,-2.47,1.83,3.69,6.05,-2.21,0.80,-1.23,0.00,0.00,0.00,0.00,0.00,0.00,-2.44,-3.73,4.16,-1.72,1.39,-1.77
40.904155,6.33,0.77,2.15,-1.80,-1.82,0.44,-44.44,14.25,-22.50,0.45,-2.22,5.09,-1.84,1.51,-0.91,-3.70,-3.60,0.74,0.60,1.05,-2.25,1.32,2.26,4.59,-2.05,0.56,-1.33,0.00,0.00,0.00,0.00,0.00,0.00,-1.80,-3.91,2.17,-1.20,1.30,-1.75
40.926164,4.61,0.27,0.77,-1.80,-1.82,0.44,-44.44,14.25,-22.50,0.32,-2.47,2.77,-1.56,1.24,-1.10,-2.06,-2.52,1.10,0.82,0.96,-1.89,1.29,0.68,2.92,-1.75,0.25,-1.32,0.00,0.00,0.00,0.00,0.00,0.00,-1.73,-2.46,2.30,-0.92,1.08,-1.75
40.950705,2.80,0.62,-0.15,-1.46,-0.94,-0.30,-44.44,14.25,-22.50,1.46,-2.56,1.70,-1.26,0.88,-1.13,-0.96,-1.62,1.86,0.88,0.79,-1.53,1.97,-0.23,1.94,-1.44,-0.10,-1.15,0.00,0.00,0.00,0.00,0.00,0.00,0.11,-1.83,1.32,-0.93,0.75,-1.77
40.967786,2.65,1.04,-0.30,-1.20,-0.82,-0.18,-44.44,14.25,-22.50,2.48,-2.71,1.65,-1.12,0.78,-1.01,-0.56,-1.30,2.50,0.78,0.73,-1.34,2.65,-0.65,1.84,-1.27,-0.15,-1.03,0.00,0.00,0.00,0.00,0.00,0.00,1.85,-1.56,1.44,-0.90,0.66,-1.61
40.987918,3.07,0.85,-0.41,-1.20,-0.82,-0.18,-44.44,14.25,-22.50,2.95,-3.19,1.41,-0.98,0.72,-0.75,-0.51,-1.22,3.40,0.53,0.60,-1.16,3.43,-1.14,1.98,-1.11,-0.08,-0.81,0.00,0.00,0.00,0.00,0.00,0.00,2.39,-2.04,1.13,-0.86,0.61,-1.20
41.011851,3.76,0.81,-0.38,-0.44,-0.62,0.19,-46.56,18.50,-16.62,2.59,-3.76,1.07,-0.73,0.49,-0.39,-0.37,-1.52,3.61,0.23,0.33,-0.85,3.40,-1.48,2.15,-0.84,0.03,-0.44,0.00,0.00,0.00,0.00,0.00,0.00,1.83,-2.67,1.31,-0.72,0.40,-0.72
41.034323,5.18,1.38,0.08,-0.44,-0.62,0.19,-46.56,18.50,-16.62,2.55,-4.01,2.04,-0.48,0.24,-0.17,-0.85,-2.41,3.56,0.05,0.10,-0.52,3.35,-1.11,3.14,-0.56,0.04,-0.16,0.00,0.00,0.00,0.00,0.00,0.00,1.36,-3.35,2.13,-0.63,0.14,-0.39
41.056065,6.37,1.77,0.31,0.12,-0.13,0.08,-46.56,18.50,-16.62,3.23,-4.46,3.81,-0.29,0.06,-0.03,-2.04,-3.51,4.17,-0.08,-0.04,-0.28,4.18,-0.46,4.73,-0.34,0.06,0.01,0.00,0.00,0.00,0.00,0.00,0.00,1.49,-4.00,3.34,-0.51,-0.05,-0.13
41.079005,8.21,2.07,0.43,0.12,-0.13,0.08,-46.62,20.06,-18.50,4.59,-5.22,5.28,-0.21,-0.04,0.24,-3.25,-4.27,5.43,-0.32,-0.20,-0.17,5.63,-0.08,6.11,-0.18,0.32,0.23,0.00,0.00,0.00,0.00,0.00,0.00,1.74,-4.03,5.48,-0.49,-0.17,0.19
41.100619,8.89,2.27,0.58,0.55,-0.16,0.37,-46.62,20.06,-18.50,5.20,-5.66,6.13,-0.14,-0.11,0.59,-3.82,-4.75,5.89,-0.63,-0.34,-0.11,6.13,0.22,6.86,-0.07,0.49,0.51,0.00,0.00,0.00,0.00,0.00,0.00,1.86,-4.38,6.53,-0.62,-0.20,0.50
41.122228,9.32,2.72,0.96,0.84,-0.17,0.59,-46.62,20.06,-18.50,4.91,-5.53,7.15,-0.07,-0.06,0.86,-4.32,-5.41,5.39,-0.89,-0.38,-0.07,5.70,0.84,7.52,0.04,0.66,0.64,0.00,0.00,0.00,0.00,0.00,0.00,1.38,-4.94,6.77,-0.70,-0.14,0.75
41.146107,9.86,2.15,1.65,0.87,-0.13,0.79,-45.94,22.94,-18.62,4.30,-5.43,7.87,-0.01,0.03,1.01,-5.08,-5.83,5.00,-1.07,-0.37,-0.04,5.43,1.44,8.06,0.13,0.80,0.70,0.00,0.00,0.00,0.00,0.00,0.00,0.21,-5.08,7.04,-0.73,-0.07,0.93
41.16748,9.77,1.19,1.84,0.87,-0.13,0.79,-45.56,21.38,-17.19,3.96,-5.34,8.12,0.02,-0.01,1.17,-5.49,-5.91,4.70,-1.22,-0.45,-0.01,5.23,1.80,8.27,0.19,0.89,0.84,0.00,0.00,0.00,0.00,0.00,0.00,-0.46,-4.88,7.16,-0.77,-0.12,1.09
41.188184,9.55,1.00,1.92,0.87,-0.13,0.79,-45.56,21.38,-17.19,3.68,-5.12,8.50,0.04,-0.01,1.35,-5.64,-6.02,4.10,-1.39,-0.51,0.00,4.77,2.18,8.46,0.23,1.03,0.96,0.00,0.00,0.00,0.00,0.00,0.00,-0.70,-4.71,7.15,-0.84,-0.12,1.25
41.212158,9.28,0.16,2.15,1.21,-0.16,1.01,-46.62,23.88,-16.88,2.57,-4.60,8.80,0.01,0.00,1.54,-5.94,-6.24,3.10,-1.56,-0.56,-0.03,3.83,2.76,8.58,0.23,1.20,1.08,0.00,0.00,0.00,0.00,0.00,0.00,-2.11,-4.43,6.85,-0.99,-0.10,1.39
41.233876,9.01,-0.49,2.30,1.21,-0.16,1.01,-46.62,24.50,-18.69,1.47,-4.26,8.86,-0.04,-0.01,1.65,-5.98,-6.38,2.09,-1.63,-0.63,-0.08,2.78,3.08,8.56,0.19,1.26,1.17,0.00,0.00,0.00,0.00,0.00,0.00,-3.20,-4.41,6.31,-1.09,-0.15,1.42
41.258237,9.05,-1.61,2.50,1.21,-0.16,1.01,-46.62,24.50,-18.69,0.48,-4.14,8.98,-0.08,-0.04,1.70,-5.95,-6.57,1.00,-1.67,-0.68,-0.10,1.76,3.33,8.64,0.16,1.28,1.23,0.00,0.00,0.00,0.00,0.00,0.00,-3.87,-4.57,5.81,-1.16,-0.19,1.44
41.278146,9.13,-2.48,2.77,1.40,-0.35,1.12,-46.62,24.50,-18.69,-0.79,-3.89,9.20,-0.11,-0.08,1.72,-6.23,-6.84,-0.21,-1.68,-0.73,-0.10,0.67,3.83,8.85,0.14,1.27,1.28,0.00,0.00,0.00,0.00,0.00,0.00,-5.38,-4.47,5.43,-1.24,-0.20,1.47
41.300162,8.51,-4.13,3.15,1.40,-0.35,1.12,-46.62,24.50,-18.69,-2.44,-3.31,9.41,-0.17,-0.20,1.70,-6.52,-7.17,-1.55,-1.61,-0.84,-0.11,-0.68,4.41,9.01,0.09,1.17,1.36,0.00,0.00,0.00,0.00,0.00,0.00,-7.25,-4.47,4.38,-1.23,-0.33,1.40
41.321868,8.06,-4.36,2.80,1.52,-0.45,0.83,-46.62,24.50,-18.69,-3.24,-3.26,9.23,-0.27,-0.33,1.63,-6.05,-7.30,-2.53,-1.48,-0.95,-0.18,-1.72,4.27,8.94,-0.01,1.05,1.40,0.00,0.00,0.00,0.00,0.00,0.00,-7.40,-4.41,3.79,-1.22,-0.49,1.24
41.345549,7.63,-5.47,2.46,1.31,-0.57,0.64,-46.62,24.50,-18.69,-4.55,-3.11,8.54,-0.33,-0.33,1.54,-5.15,-7.23,-3.96,-1.35,-0.95,-0.22,-3.33,3.98,8.36,-0.09,0.94,1.35,0.00,0.00,0.00,0.00,0.00,0.00,-7.90,-4.58,2.42,-1.18,-0.47,1.12
41.369161,6.71,-6.32,2.65,1.23,-0.47,0.38,-48.06,27.44,-16.00,-6.10,-2.69,7.39,-0.30,-0.45,1.34,-4.48,-6.72,-5.14,-1.13,-0.97,-0.15,-4.58,3.79,7.48,-0.07,0.74,1.30,0.00,0.00,0.00,0.00,0.00,0.00,-9.04,-4.38,0.73,-1.03,-0.56,0.95
41.387565,5.68,-6.82,2.69,1.23,-0.47,0.38,-48.06,27.44,-16.00,-6.95,-2.15,6.28,-0.23,-0.67,1.13,-3.89,-6.00,-5.77,-0.89,-1.07,-0.03,-5.29,3.58,6.42,-0.02,0.45,1.31,0.00,0.00,0.00,0.00,0.00,0.00,-9.32,-3.76,-0.15,-0.86,-0.76,0.78
41.411948,4.30,-6.12,2.46,1.34,-0.23,-0.26,-48.06,27.44,-16.00,-6.30,-1.68,5.68,-0.12,-0.93,0.92,-3.33,-5.10,-5.67,-0.63,-1.18,0.12,-5.01,3.38,5.57,0.08,0.16,1.33,0.00,0.00,0.00,0.00,0.00,0.00,-8.09,-2.88,-0.45,-0.70,-1.01,0.57
41.434134,3.65,-5.43,2.38,1.32,-0.15,-0.32,-48.06,27.44,-16.00,-5.03,-1.45,5.25,-0.05,-1.01,0.83,-2.93,-4.19,-4.98,-0.53,-1.21,0.20,-4.23,3.14,4.78,0.14,0.05,1.33,0.00,0.00,0.00,0.00,0.00,0.00,-6.44,-2.20,-0.49,-0.58,-1.08,0.53
41.455355,3.34,-5.13,2.23,1.32,-0.15,-0.32,-47.00,20.88,-15.00,-4.27,-1.42,4.52,0.03,-0.98,0.84,-2.20,-3.52,-4.64,-0.54,-1.19,0.26,-3.90,2.62,3.98,0.21,0.04,1.32,0.00,0.00,0.00,0.00,0.00,0.00,-5.20,-1.99,-0.81,-0.48,-1.06,0.59
41.477999,3.27,-4.32,1.96,1.32,-0.15,-0.32,-47.94,21.06,-16.00,-4.39,-1.37,3.59,0.21,-0.93,0.81,-1.61,-2.97,-4.41,-0.55,-1.11,0.43,-3.85,2.12,3.17,0.38,0.03,1.25,0.00,0.00,0.00,0.00,0.00,0.00,-4.96,-2.26,-1.53,-0.27,-1.00,0.72
41.499506,3.30,-4.28,2.11,1.32,-0.15,-0.32,-47.56,20.50,-15.69,-3.91,-1.40,3.08,0.44,-1.06,0.78,-1.72,-2.43,-3.56,-0.51,-1.15,0.69,-3.02,1.94,2.82,0.62,-0.06,1.28,0.00,0.00,0.00,0.00,0.00,0.00,-4.60,-1.99,-1.18,-0.03,-1.10,0.83
41.521209,3.30,-3.94,2.27,1.53,0.54,-0.30,-47.56,20.50,-15.69,-2.32,-1.26,3.54,0.70,-1.18,0.83,-2.08,-1.92,-2.77,-0.57,-1.19,0.93,-1.88,2.26,2.70,0.89,-0.07,1.36,0.00,0.00,0.00,0.00,0.00,0.00,-3.16,-1.32,-0.05,0.16,-1.18,1.01
41.54479,3.42,-2.95,3.15,1.53,0.54,-0.30,-46.31,15.00,-15.75,-1.45,-0.57,4.64,0.90,-1.11,0.99,-3.10,-1.79,-2.35,-0.78,-1.12,1.11,-1.17,3.22,2.99,1.09,0.07,1.40,0.00,0.00,0.00,0.00,0.00,0.00,-3.14,-0.68,1.09,0.28,-1.09,1.33
41.565626,3.42,-2.60,3.49,1.75,0.86,0.09,-46.31,15.00,-15.75,-1.58,-0.13,5.22,0.98,-1.06,1.08,-3.75,-2.03,-2.29,-0.86,-1.10,1.19,-1.12,3.79,3.24,1.18,0.13,1.42,0.00,0.00,0.00,0.00,0.00,0.00,-3.95,-0.72,1.67,0.32,-1.07,1.44
41.587403,3.99,-2.22,3.72,1.75,0.86,0.09,-46.31,15.12,-17.50,-1.37,-0.26,5.09,1.08,-1.09,1.07,-3.80,-1.92,-1.87,-0.85,-1.10,1.31,-0.75,3.66,3.11,1.29,0.09,1.41,0.00,0.00,0.00,0.00,0.00,0.00,-3.63,-1.12,1.65,0.43,-1.12,1.48
41.611276,4.68,-1.57,3.64,1.82,1.20,-0.11,-44.94,12.44,-16.06,-0.58,-0.74,4.91,1.30,-1.18,1.08,-4.00,-1.70,-0.99,-0.87,-1.11,1.56,0.16,3.48,3.10,1.51,0.01,1.46,0.00,0.00,0.00,0.00,0.00,0.00,-2.98,-1.26,2.25,0.66,-1.21,1.64
41.633936,6.09,-1.76,3.88,1.82,1.20,-0.11,-44.94,12.44,-16.06,-0.06,-1.06,5.82,1.53,-1.30,1.16,-4.89,-2.23,-0.60,-0.97,-1.14,1.82,0.65,4.01,3.99,1.76,-0.03,1.57,0.00,0.00,0.00,0.00,0.00,0.00,-2.99,-1.50,3.42,0.79,-1.27,1.87
41.656387,6.87,-1.91,4.41,2.18,1.64,-0.06,-44.94,12.44,-16.06,-0.56,-0.95,6.88,1.72,-1.36,1.21,-5.78,-2.99,-1.09,-1.02,-1.16,2.00,0.27,4.87,4.89,1.96,-0.05,1.63,0.00,0.00,0.00,0.00,0.00,0.00,-4.30,-1.68,4.21,0.89,-1.30,2.01
41.680495,7.90,-2.98,5.10,2.18,1.79,-0.14,-44.94,12.44,-16.06,-1.35,-1.01,8.01,1.90,-1.52,1.16,-6.85,-3.95,-1.54,-0.97,-1.20,2.20,-0.16,5.63,5.91,2.15,-0.19,1.68,0.00,0.00,0.00,0.00,0.00,0.00,-5.77,-2.56,4.40,1.03,-1.42,2.04
41.703859,9.39,-2.87,5.71,2.22,1.93,-0.34,-44.94,12.44,-16.06,-1.42,-1.36,8.84,2.11,-1.66,1.05,-7.67,-4.47,-1.59,-0.86,-1.23,2.45,-0.14,6.23,6.54,2.34,-0.40,1.69,0.00,0.00,0.00,0.00,0.00,0.00,-6.30,-3.08,5.45,1.21,-1.55,2.00
41.721529,10.39,-2.71,6.71,2.22,2.23,-0.54,-44.94,12.44,-16.06,-1.19,-0.85,10.47,2.38,-1.82,0.90,-9.35,-4.82,-1.56,-0.74,-1.24,2.74,0.24,7.72,7.43,2.56,-0.63,1.67,0.00,0.00,0.00,0.00,0.00,0.00,-7.07,-2.93,6.67,1.40,-1.62,1.97
41.745314,10.16,-2.18,8.82,2.23,2.51,-0.69,-40.81,0.38,-25.38,-0.58,0.60,13.32,2.49,-1.88,0.74,-11.60,-5.24,-1.98,-0.56,-1.19,2.86,0.56,10.18,8.66,2.64,-0.82,1.57,0.00,0.00,0.00,0.00,0.00,0.00,-7.50,-2.12,8.35,1.62,-1.64,1.84
41.767019,10.23,-1.91,10.04,1.67,2.29,-0.82,-38.62,-1.81,-26.06,-0.53,1.72,15.38,2.40,-1.71,0.51,-13.48,-5.42,-2.10,-0.36,-1.04,2.74,0.90,12.03,9.45,2.50,-0.91,1.35,0.00,0.00,0.00,0.00,0.00,0.00,-8.72,-1.33,9.86,1.75,-1.49,1.66
41.787214,10.35,-2.06,10.93,1.67,2.29,-0.82,-38.62,-1.81,-26.06,-0.24,1.78,16.11,2.23,-1.64,0.33,-14.35,-5.41,-1.54,-0.16,-1.00,2.56,1.58,12.50,9.82,2.29,-1.00,1.21,0.00,0.00,0.00,0.00,0.00,0.00,-9.01,-1.13,10.72,1.83,-1.47,1.44
41.810932,11.24,-1.53,10.50,1.38,1.87,-1.04,-38.62,-1.81,-26.06,0.66,1.27,15.97,2.08,-1.61,0.18,-14.10,-5.12,-0.88,-0.00,-0.96,2.41,2.28,12.11,9.72,2.14,-1.04,1.10,0.00,0.00,0.00,0.00,0.00,0.00,-7.94,-0.90,11.73,1.77,-1.43,1.22
41.833205,11.24,-0.99,10.43,1.38,1.87,-1.04,-34.31,-8.56,-27.56,1.34,1.72,16.32,1.98,-1.50,0.07,-14.19,-4.67,-0.61,0.09,-0.80,2.27,2.69,12.44,9.39,2.04,-0.98,0.93,0.00,0.00,0.00,0.00,0.00,0.00,-7.31,-0.40,11.96,1.69,-1.27,1.03
41.854259,10.35,-0.42,10.85,1.38,1.87,-1.04,-33.00,-9.50,-28.94,2.16,2.29,16.45,1.85,-1.25,-0.06,-14.31,-3.91,-0.27,0.13,-0.58,2.08,3.22,12.81,8.86,1.90,-0.87,0.69,0.00,0.00,0.00,0.00,0.00,0.00,-6.42,0.29,12.30,1.60,-1.00,0.86
41.876949,9.43,0.81,11.85,1.38,1.87,-1.04,-31.12,-11.62,-29.56,2.82,3.18,16.64,1.71,-0.88,-0.20,-14.60,-3.11,0.24,0.15,-0.29,1.84,3.95,13.25,8.29,1.68,-0.77,0.38,0.00,0.00,0.00,0.00,0.00,0.00,-5.97,1.23,12.90,1.52,-0.67,0.72
41.899407,8.55,1.23,12.19,0.30,1.47,-0.47,-31.12,-11.62,-29.56,3.68,3.52,16.39,1.49,-0.66,-0.25,-15.11,-2.24,1.40,0.14,-0.11,1.54,5.16,13.37,7.85,1.45,-0.61,0.21,0.00,0.00,0.00,0.00,0.00,0.00,-5.73,2.16,13.61,1.36,-0.46,0.61
41.920814,8.13,1.46,12.27,0.26,1.21,-0.36,-31.12,-11.62,-29.56,4.31,3.99,16.26,1.25,-0.53,-0.18,-15.27,-1.64,1.86,0.07,-0.09,1.25,5.71,13.51,7.39,1.20,-0.45,0.19,0.00,0.00,0.00,0.00,0.00,0.00,-5.37,2.87,13.90,1.14,-0.35,0.55
41.944918,7.25,2.23,11.99,0.23,0.57,-0.11,-31.12,-11.62,-29.56,4.57,4.43,16.03,0.91,-0.31,-0.10,-14.95,-1.23,1.94,-0.01,-0.06,0.87,5.82,13.33,6.88,0.84,-0.26,0.15,0.00,0.00,0.00,0.00,0.00,0.00,-5.00,3.28,13.76,0.84,-0.20,0.46
41.966775,7.25,1.92,11.38,0.14,0.29,-0.01,-27.06,-14.38,-32.31,4.35,4.04,15.04,0.60,-0.16,-0.03,-14.12,-1.08,1.99,-0.08,-0.04,0.55,5.62,12.51,6.46,0.56,-0.12,0.13,0.00,0.00,0.00,0.00,0.00,0.00,-4.92,3.16,13.32,0.54,-0.10,0.37
41.987293,7.36,1.38,10.73,0.14,0.29,-0.01,-27.06,-14.38,-32.31,3.76,3.59,14.01,0.40,-0.11,0.03,-13.17,-1.08,1.81,-0.12,-0.07,0.36,5.10,11.62,6.03,0.36,-0.06,0.15,0.00,0.00,0.00,0.00,0.00,0.00,-4.92,2.53,12.05,0.29,-0.08,0.29
42.01162,6.87,1.23,9.82,0.18,0.07,-0.02,-27.06,-14.38,-32.31,3.35,3.30,13.13,0.23,-0.08,0.06,-12.26,-1.06,1.58,-0.12,-0.10,0.21,4.66,10.89,5.67,0.18,-0.03,0.16,0.00,0.00,0.00,0.00,0.00,0.00,-4.63,2.34,11.13,0.11,-0.09,0.20
42.033431,6.21,1.23,9.47,0.15,-0.03,0.01,-27.06,-14.38,-32.31,3.28,3.36,12.60,0.07,-0.04,0.09,-11.62,-0.94,1.37,-0.15,-0.10,0.04,4.36,10.46,5.35,0.02,0.04,0.15,0.00,0.00,0.00,0.00,0.00,0.00,-4.14,2.50,10.55,-0.05,-0.04,0.13
42.055325,5.75,1.34,9.23,0.15,-0.03,0.01,-27.25,-15.88,-31.88,3.00,3.28,11.77,-0.08,0.04,0.09,-10.84,-0.73,1.14,-0.16,-0.06,-0.13,3.99,9.86,4.80,-0.13,0.12,0.10,0.00,0.00,0.00,0.00,0.00,0.00,-3.91,2.31,9.67,-0.17,0.04,0.07
42.078244,5.60,1.15,8.77,0.15,-0.03,0.01,-27.25,-15.88,-31.50,2.60,3.05,10.84,-0.17,0.08,0.07,-10.12,-0.50,1.04,-0.15,-0.05,-0.24,3.68,9.18,4.25,-0.21,0.14,0.08,0.00,0.00,0.00,0.00,0.00,0.00,-3.92,2.07,8.83,-0.24,0.06,0.03
42.099908,5.52,1.04,8.62,-0.01,-0.28,0.11,-27.25,-15.88,-31.50,2.30,2.82,10.09,-0.19,0.04,0.06,-9.60,-0.35,1.00,-0.12,-0.10,-0.24,3.51,8.70,3.91,-0.23,0.10,0.11,0.00,0.00,0.00,0.00,0.00,0.00,-3.93,1.84,8.19,-0.25,0.01,-0.00
42.121511,5.45,1.00,8.43,0.07,-0.24,0.01,-27.25,-15.88,-31.50,2.30,2.69,9.69,-0.18,-0.05,0.05,-9.23,-0.27,0.99,-0.10,-0.16,-0.20,3.44,8.37,3.72,-0.22,0.05,0.16,0.00,0.00,0.00,0.00,0.00,0.00,-3.79,1.95,8.08,-0.23,-0.06,-0.01
42.145319,5.22,1.12,8.17,0.07,-0.24,0.01,-28.31,-13.38,-30.25,2.34,2.65,9.52,-0.16,-0.10,0.06,-9.00,-0.24,0.99,-0.09,-0.20,-0.16,3.41,8.22,3.64,-0.20,0.01,0.20,0.00,0.00,0.00,0.00,0.00,0.00,-3.44,1.90,7.80,-0.22,-0.12,-0.01
42.166839,5.22,1.15,8.17,0.07,-0.24,0.01,-28.50,-15.31,-30.12,2.44,2.81,9.68,-0.16,-0.10,0.05,-8.85,-0.29,0.82,-0.08,-0.19,-0.16,3.26,8.28,3.65,-0.20,0.01,0.18,0.00,0.00,0.00,0.00,0.00,0.00,-3.11,1.89,7.67,-0.21,-0.10,-0.02
42.188132,5.07,1.34,8.12,0.07,-0.24,0.01,-28.50,-15.31,-30.12,2.39,2.62,9.37,-0.16,-0.06,0.01,-8.68,-0.28,0.86,-0.06,-0.15,-0.18,3.22,8.04,3.57,-0.20,0.02,0.13,0.00,0.00,0.00,0.00,0.00,0.00,-3.18,1.76,7.50,-0.19,-0.05,-0.03
42.21115,5.33,1.12,8.01,0.03,-0.13,-0.05,-28.75,-15.88,-29.06,2.19,2.43,9.11,-0.12,-0.07,-0.02,-8.49,-0.28,0.87,-0.04,-0.13,-0.13,3.15,7.77,3.46,-0.16,-0.01,0.12,0.00,0.00,0.00,0.00,0.00,0.00,-3.26,1.47,7.20,-0.12,-0.05,-0.02
42.233558,5.56,1.04,8.01,0.03,-0.13,-0.05,-28.75,-15.88,-29.06,2.09,2.35,9.08,-0.03,-0.12,-0.05,-8.42,-0.34,0.81,-0.01,-0.12,-0.05,3.10,7.76,3.55,-0.07,-0.07,0.11,0.00,0.00,0.00,0.00,0.00,0.00,-3.28,1.39,7.21,-0.02,-0.08,0.01
42.255234,5.49,1.12,8.13,0.08,0.07,-0.14,-28.75,-15.88,-29.06,2.27,2.42,9.36,0.03,-0.13,-0.09,-8.68,-0.39,0.91,0.02,-0.11,0.03,3.27,7.93,3.70,-0.01,-0.10,0.09,0.00,0.00,0.00,0.00,0.00,0.00,-3.37,1.65,7.59,0.03,-0.09,0.01
42.278132,5.41,1.12,8.29,0.08,0.07,-0.14,-28.62,-17.75,-31.06,2.54,2.52,9.65,0.06,-0.14,-0.08,-8.99,-0.37,1.10,0.01,-0.12,0.05,3.54,8.15,3.82,0.01,-0.10,0.11,0.00,0.00,0.00,0.00,0.00,0.00,-3.29,1.92,7.97,0.02,-0.11,0.01
42.299731,5.41,1.23,8.43,0.11,0.06,-0.12,-28.62,-17.75,-31.06,2.64,2.62,9.78,0.06,-0.13,-0.06,-9.12,-0.35,1.17,-0.01,-0.12,0.04,3.63,8.30,3.84,0.01,-0.08,0.12,0.00,0.00,0.00,0.00,0.00,0.00,-3.20,1.93,8.09,0.00,-0.10,0.03
42.321562,5.56,1.27,8.47,0.10,0.03,-0.09,-28.62,-17.75,-31.06,2.62,2.55,9.82,0.06,-0.13,-0.06,-9.16,-0.42,1.20,-0.02,-0.12,0.05,3.64,8.27,3.89,0.02,-0.08,0.12,0.00,0.00,0.00,0.00,0.00,0.00,-3.35,1.75,8.09,0.01,-0.09,0.04
42.345158,5.91,1.19,8.47,0.11,0.05,-0.09,-27.69,-14.44,-30.50,2.51,2.48,9.87,0.09,-0.16,-0.06,-9.27,-0.51,1.28,-0.01,-0.14,0.09,3.66,8.27,3.96,0.04,-0.11,0.14,0.00,0.00,0.00,0.00,0.00,0.00,-3.56,1.57,8.09,0.04,-0.14,0.05
42.366881,5.95,1.19,8.43,0.22,0.11,-0.20,-27.88,-16.44,-29.38,2.64,2.47,9.89,0.12,-0.23,-0.06,-9.35,-0.45,1.49,0.00,-0.19,0.14,3.91,8.29,4.00,0.07,-0.16,0.19,0.00,0.00,0.00,0.00,0.00,0.00,-3.36,1.72,8.31,0.06,-0.20,0.07
42.387152,5.75,1.34,8.47,0.22,0.11,-0.20,-27.88,-16.44,-29.38,3.17,2.67,10.13,0.12,-0.25,-0.04,-9.35,-0.37,1.48,-0.01,-0.19,0.14,4.02,8.48,3.98,0.08,-0.15,0.20,0.00,0.00,0.00,0.00,0.00,0.00,-2.86,1.92,8.49,0.07,-0.20,0.08
42.411439,5.45,2.11,8.62,0.11,0.08,-0.09,-27.88,-16.44,-29.38,3.45,2.93,10.30,0.10,-0.16,-0.05,-9.47,-0.22,1.59,-0.03,-0.12,0.10,4.23,8.62,3.90,0.06,-0.07,0.13,0.00,0.00,0.00,0.00,0.00,0.00,-2.68,2.26,8.78,0.05,-0.11,0.07
42.433602,5.37,2.00,8.71,0.11,0.08,-0.09,-28.50,-15.94,-28.69,3.53,3.00,10.28,0.06,-0.07,-0.04,-9.58,-0.06,1.76,-0.07,-0.06,0.04,4.39,8.68,3.84,0.02,-0.01,0.09,0.00,0.00,0.00,0.00,0.00,0.00,-2.68,2.30,8.82,0.01,-0.04,0.07
42.455365,5.49,1.88,8.82,0.11,0.08,-0.09,-28.06,-17.81,-30.44,3.40,3.00,10.16,0.03,-0.02,-0.01,-9.61,-0.03,1.79,-0.10,-0.04,0.01,4.38,8.69,3.76,0.00,0.02,0.07,0.00,0.00,0.00,0.00,0.00,0.00,-2.96,2.33,8.85,-0.03,-0.00,0.08
42.477851,5.52,1.73,8.78,0.11,0.08,-0.09,-28.06,-17.81,-30.44,3.19,3.07,10.08,0.02,-0.04,0.00,-9.63,-0.06,1.77,-0.09,-0.06,-0.00,4.30,8.68,3.71,-0.02,0.01,0.09,0.00,0.00,0.00,0.00,0.00,0.00,-3.13,2.27,8.68,-0.05,-0.03,0.07
42.500383,5.37,2.04,8.71,0.09,-0.02,-0.03,-28.06,-17.81,-30.44,3.32,3.13,10.15,0.00,-0.05,-0.01,-9.53,-0.07,1.65,-0.08,-0.07,-0.02,4.26,8.72,3.75,-0.04,-0.00,0.09,0.00,0.00,0.00,0.00,0.00,0.00,-2.82,2.35,8.72,-0.07,-0.03,0.04
42.521955,5.30,2.07,8.71,0.06,-0.04,-0.02,-28.06,-17.81,-30.44,3.41,3.16,10.18,-0.04,0.00,-0.02,-9.55,-0.02,1.66,-0.08,-0.02,-0.07,4.29,8.73,3.73,-0.08,0.03,0.04,0.00,0.00,0.00,0.00,0.00,0.00,-2.85,2.47,8.76,-0.09,0.02,0.02
42.546138,5.33,1.50,8.63,0.00,-0.12,0.05,-28.06,-17.81,-30.44,3.33,3.01,9.95,-0.08,0.03,0.01,-9.49,0.04,1.74,-0.10,-0.02,-0.11,4.32,8.56,3.68,-0.12,0.07,0.05,0.00,0.00,0.00,0.00,0.00,0.00,-2.89,2.39,8.58,-0.14,0.04,0.02
42.56539,5.33,1.50,8.63,0.00,-0.12,0.05,-28.06,-17.81,-30.44,3.13,2.96,9.90,-0.09,0.03,0.04,-9.41,-0.04,1.62,-0.13,-0.03,-0.14,4.16,8.51,3.73,-0.13,0.08,0.08,0.00,0.00,0.00,0.00,0.00,0.00,-2.94,2.31,8.49,-0.16,0.04,0.03
42.588809,5.41,1.54,8.55,0.02,-0.12,0.07,-28.06,-17.81,-30.44,2.96,2.98,10.00,-0.11,0.05,0.03,-9.32,-0.17,1.36,-0.13,-0.01,-0.16,3.91,8.56,3.72,-0.14,0.10,0.05,0.00,0.00,0.00,0.00,0.00,0.00,-3.04,2.17,8.35,-0.16,0.06,0.03
42.612162,5.60,1.27,8.73,-0.05,-0.13,0.09,-27.50,-17.00,-29.38,2.87,2.96,10.31,-0.14,0.09,0.01,-9.60,-0.34,1.32,-0.13,0.03,-0.18,3.91,8.76,3.98,-0.16,0.12,0.01,0.00,0.00,0.00,0.00,0.00,0.00,-3.43,2.28,8.71,-0.18,0.09,0.01
42.634222,5.83,1.12,8.89,-0.04,-0.18,0.09,-27.50,-17.00,-29.38,2.90,2.89,10.67,-0.19,0.09,0.05,-10.09,-0.51,1.45,-0.16,0.01,-0.22,4.09,9.05,4.32,-0.21,0.13,0.03,0.00,0.00,0.00,0.00,0.00,0.00,-3.64,2.28,9.01,-0.25,0.08,0.00
42.655845,6.06,1.04,9.12,-0.04,-0.18,0.09,-28.31,-18.31,-30.00,2.90,2.97,11.20,-0.27,0.08,0.09,-10.45,-0.79,1.33,-0.19,-0.01,-0.31,4.03,9.41,4.64,-0.27,0.15,0.06,0.00,0.00,0.00,0.00,0.00,0.00,-3.89,2.28,9.40,-0.33,0.09,-0.01
42.676714,6.25,1.19,9.24,-0.04,-0.18,0.09,-28.44,-16.44,-28.69,2.81,2.89,11.55,-0.36,0.10,0.11,-10.71,-0.99,1.26,-0.21,-0.02,-0.39,4.01,9.62,4.96,-0.34,0.17,0.06,0.00,0.00,0.00,0.00,0.00,0.00,-4.11,2.09,9.58,-0.40,0.11,-0.04
42.700247,6.94,1.00,9.54,-0.04,-0.18,0.09,-28.44,-16.44,-28.69,2.63,2.81,11.97,-0.44,0.09,0.12,-11.13,-1.19,1.30,-0.22,-0.04,-0.47,4.10,9.84,5.23,-0.42,0.19,0.08,0.00,0.00,0.00,0.00,0.00,0.00,-4.49,1.81,9.68,-0.43,0.11,-0.06
42.721521,7.44,1.23,10.20,0.01,-0.51,0.15,-28.44,-16.44,-28.69,2.93,2.79,12.28,-0.53,-0.01,0.11,-11.63,-1.17,1.60,-0.23,-0.10,-0.50,4.48,10.18,5.33,-0.50,0.16,0.15,0.00,0.00,0.00,0.00,0.00,0.00,-4.69,2.06,10.52,-0.44,0.04,-0.07
42.742999,7.55,1.69,10.66,0.09,-0.57,0.11,-28.44,-16.44,-28.69,3.49,3.07,12.84,-0.60,-0.06,0.12,-12.21,-0.96,2.04,-0.25,-0.16,-0.51,5.15,10.64,5.51,-0.56,0.07,0.23,0.00,0.00,0.00,0.00,0.00,0.00,-4.48,2.42,11.22,-0.52,-0.04,-0.10
42.766258,7.40,2.00,10.92,0.19,-0.77,0.14,-29.94,-16.88,-26.88,3.97,3.58,13.51,-0.73,-0.07,0.16,-12.96,-1.03,2.28,-0.27,-0.23,-0.62,5.58,11.37,5.80,-0.69,0.12,0.30,0.00,0.00,0.00,0.00,0.00,0.00,-4.54,2.97,12.00,-0.68,-0.08,-0.13
42.788572,7.09,2.57,10.73,0.19,-0.77,0.14,-29.94,-16.88,-26.88,4.40,3.72,13.74,-0.91,-0.02,0.21,-13.06,-1.03,2.34,-0.27,-0.28,-0.83,5.79,11.48,5.90,-0.90,0.22,0.32,0.00,0.00,0.00,0.00,0.00,0.00,-4.23,3.10,12.14,-0.86,-0.08,-0.23
42.810304,7.21,2.42,10.39,0.04,-1.26,0.24,-31.38,-17.44,-24.00,4.51,3.50,13.46,-1.10,0.06,0.29,-12.61,-0.98,2.36,-0.30,-0.29,-1.05,5.72,11.10,5.76,-1.09,0.36,0.30,0.00,0.00,0.00,0.00,0.00,0.00,-3.70,2.86,11.66,-1.05,-0.00,-0.30
42.830358,7.17,2.15,9.96,0.04,-1.26,0.24,-31.38,-17.44,-24.00,4.04,3.21,12.84,-1.24,0.15,0.34,-11.99,-1.04,2.13,-0.32,-0.28,-1.23,5.28,10.55,5.49,-1.24,0.48,0.28,0.00,0.00,0.00,0.00,0.00,0.00,-3.74,2.55,10.97,-1.17,0.08,-0.34
42.855111,6.87,1.46,8.97,-0.09,-1.47,0.37,-32.62,-15.69,-25.19,3.34,2.77,11.86,-1.36,0.22,0.35,-11.00,-1.15,1.65,-0.32,-0.25,-1.38,4.54,9.73,5.16,-1.35,0.56,0.24,0.00,0.00,0.00,0.00,0.00,0.00,-3.69,1.97,9.75,-1.26,0.15,-0.39
42.876694,6.68,1.23,8.47,-0.14,-1.49,0.37,-32.62,-15.69,-25.19,2.85,2.53,11.23,-1.41,0.26,0.31,-10.19,-1.35,1.19,-0.28,-0.21,-1.46,3.85,9.13,5.00,-1.41,0.58,0.18,0.00,0.00,0.00,0.00,0.00,0.00,-3.72,1.64,8.79,-1.26,0.20,-0.44
42.898447,6.37,1.19,7.93,-0.14,-1.49,0.37,-35.12,-15.25,-20.25,2.45,2.22,10.64,-1.48,0.34,0.24,-9.44,-1.54,0.84,-0.23,-0.13,-1.55,3.34,8.50,4.90,-1.49,0.59,0.09,0.00,0.00,0.00,0.00,0.00,0.00,-3.63,1.48,8.22,-1.28,0.28,-0.53
42.923407,6.06,0.54,6.98,-0.45,-1.55,0.35,-37.12,-11.62,-20.38,1.81,1.61,9.60,-1.52,0.41,0.18,-8.52,-1.69,0.59,-0.19,-0.05,-1.61,2.77,7.61,4.60,-1.53,0.60,0.00,0.00,0.00,0.00,0.00,0.00,0.00,-3.87,1.10,7.34,-1.33,0.35,-0.63
42.942916,6.06,0.54,6.98,-0.45,-1.55,0.35,-37.12,-11.62,-20.38,1.35,1.08,8.80,-1.50,0.40,0.14,-7.76,-1.82,0.46,-0.14,-0.05,-1.59,2.35,6.81,4.42,-1.52,0.54,-0.01,0.00,0.00,0.00,0.00,0.00,0.00,-3.74,0.38,6.30,-1.33,0.33,-0.69
42.965122,6.29,0.12,5.60,-0.45,-1.55,0.35,-37.12,-11.62,-20.38,1.07,0.39,8.17,-1.41,0.36,0.04,-6.86,-2.22,0.36,-0.05,-0.03,-1.49,1.95,5.94,4.47,-1.45,0.42,-0.07,0.00,0.00,0.00,0.00,0.00,0.00,-3.42,-0.53,5.56,-1.21,0.30,-0.73
42.98977,6.75,0.50,4.60,-0.48,-1.16,0.07,-37.12,-11.62,-20.38,1.23,-0.40,7.68,-1.27,0.33,-0.09,-6.27,-2.56,0.77,0.06,0.02,-1.33,2.14,5.10,4.70,-1.31,0.29,-0.14,0.00,0.00,0.00,0.00,0.00,0.00,-2.92,-1.16,5.37,-1.03,0.26,-0.75
43.007323,6.79,0.73,4.49,-0.46,-1.01,0.00,-37.12,-11.62,-20.38,1.62,-0.86,7.54,-1.15,0.29,-0.15,-6.11,-2.69,1.19,0.10,0.03,-1.21,2.51,4.71,4.87,-1.21,0.23,-0.16,0.00,0.00,0.00,0.00,0.00,0.00,-2.47,-1.38,5.48,-0.91,0.23,-0.72
43.027253,6.94,0.77,4.45,-0.46,-1.01,0.00,-37.12,-11.62,-20.38,1.91,-1.14,7.58,-1.02,0.26,-0.17,-6.08,-2.86,1.54,0.11,0.03,-1.07,2.77,4.55,5.06,-1.09,0.17,-0.14,0.00,0.00,0.00,0.00,0.00,0.00,-2.26,-1.55,5.60,-0.77,0.21,-0.65
43.050789,6.90,0.93,4.41,-0.35,-0.80,-0.01,-40.19,-10.62,-15.44,2.10,-1.18,7.99,-0.92,0.24,-0.18,-6.17,-3.22,1.58,0.12,0.05,-0.97,2.81,4.66,5.47,-0.99,0.14,-0.15,0.00,0.00,0.00,0.00,0.00,0.00,-2.23,-1.56,5.97,-0.62,0.20,-0.58
43.073143,7.17,1.12,4.41,-0.35,-0.80,-0.01,-40.19,-10.62,-15.44,2.19,-1.34,8.23,-0.86,0.29,-0.23,-6.15,-3.47,1.56,0.13,0.13,-0.93,2.79,4.65,5.73,-0.93,0.14,-0.23,0.00,0.00,0.00,0.00,0.00,0.00,-2.19,-1.65,6.28,-0.58,0.27,-0.59
43.094659,7.48,0.77,4.45,-0.57,-0.71,0.06,-40.19,-10.62,-15.44,1.93,-1.62,8.15,-0.78,0.35,-0.27,-6.16,-3.60,1.51,0.14,0.21,-0.86,2.66,4.52,5.83,-0.85,0.14,-0.31,0.00,0.00,0.00,0.00,0.00,0.00,-2.57,-1.97,6.16,-0.51,0.34,-0.58
43.117434,7.78,-0.23,4.72,-0.57,-0.71,0.06,-41.50,-8.56,-15.50,1.53,-1.80,8.23,-0.65,0.34,-0.30,-6.32,-3.75,1.29,0.16,0.24,-0.73,2.42,4.62,6.00,-0.72,0.09,-0.32,0.00,0.00,0.00,0.00,0.00,0.00,-3.10,-2.08,6.12,-0.42,0.33,-0.54
43.138877,7.74,-0.49,4.95,-0.48,-0.42,-0.02,-41.50,-8.56,-15.50,1.22,-1.58,8.88,-0.54,0.32,-0.32,-6.80,-4.07,0.86,0.16,0.25,-0.61,2.15,5.18,6.47,-0.62,0.05,-0.33,0.00,0.00,0.00,0.00,0.00,0.00,-3.59,-1.94,6.21,-0.32,0.32,-0.50
43.160269,7.63,-0.68,5.21,-0.47,-0.35,-0.03,-41.50,-8.56,-15.50,0.86,-1.23,9.70,-0.52,0.35,-0.35,-7.23,-4.48,0.22,0.18,0.31,-0.60,1.64,5.87,6.94,-0.61,0.06,-0.39,0.00,0.00,0.00,0.00,0.00,0.00,-4.18,-1.74,6.52,-0.27,0.39,-0.52
43.184379,7.98,-0.95,5.52,-0.59,-0.41,0.00,-42.06,-9.00,-15.12,0.24,-1.19,9.90,-0.52,0.47,-0.46,-7.28,-4.71,-0.48,0.24,0.45,-0.64,0.97,6.07,7.02,-0.62,0.04,-0.55,0.00,0.00,0.00,0.00,0.00,0.00,-4.82,-2.03,6.26,-0.20,0.53,-0.61
43.206145,8.21,-1.41,5.56,-0.96,-0.30,-0.08,-42.75,-8.00,-14.88,-0.41,-1.38,9.69,-0.46,0.52,-0.58,-7.35,-4.82,-0.79,0.35,0.56,-0.59,0.63,6.04,7.02,-0.58,-0.04,-0.67,0.00,0.00,0.00,0.00,0.00,0.00,-5.52,-2.34,5.86,-0.08,0.57,-0.68
43.226505,8.28,-1.80,5.56,-0.96,-0.30,-0.08,-42.75,-8.00,-14.88,-0.74,-1.25,9.96,-0.37,0.46,-0.69,-7.66,-4.94,-0.85,0.46,0.57,-0.52,0.56,6.27,7.22,-0.54,-0.18,-0.72,0.00,0.00,0.00,0.00,0.00,0.00,-5.97,-2.28,5.93,0.09,0.53,-0.73
43.250256,8.13,-1.64,5.79,-0.92,-0.17,-0.39,-42.75,-8.00,-14.88,-0.53,-1.02,10.37,-0.36,0.38,-0.83,-8.01,-5.05,-0.92,0.59,0.57,-0.48,0.64,6.63,7.42,-0.53,-0.30,-0.75,0.00,0.00,0.00,0.00,0.00,0.00,-6.14,-1.87,6.43,0.26,0.46,-0.81
43.271454,8.09,-1.18,5.79,-0.92,-0.17,-0.39,-41.62,-6.56,-16.31,-0.20,-0.98,10.53,-0.38,0.37,-0.96,-8.01,-5.02,-0.82,0.72,0.61,-0.49,0.78,6.68,7.38,-0.55,-0.39,-0.84,0.00,0.00,0.00,0.00,0.00,0.00,-5.90,-1.74,6.84,0.28,0.46,-0.97
43.292985,8.28,-0.84,5.79,-0.92,-0.17,-0.39,-42.06,-8.44,-16.19,0.12,-1.10,10.51,-0.38,0.40,-1.11,-8.01,-4.93,-0.47,0.86,0.69,-0.47,1.12,6.57,7.30,-0.57,-0.47,-0.96,0.00,0.00,0.00,0.00,0.00,0.00,-5.50,-1.95,6.84,0.35,0.49,-1.09
43.315737,8.70,-0.34,5.83,-0.92,-0.17,-0.39,-42.25,-5.38,-17.75,0.61,-1.13,10.61,-0.37,0.43,-1.24,-8.23,-4.83,0.05,0.97,0.76,-0.45,1.74,6.60,7.46,-0.57,-0.57,-1.07,0.00,0.00,0.00,0.00,0.00,0.00,-5.26,-1.71,7.37,0.41,0.50,-1.21
43.337855,8.55,-0.19,5.75,-0.92,-0.17,-0.39,-41.94,-5.94,-17.00,1.25,-1.30,10.55,-0.37,0.41,-1.31,-8.39,-4.61,0.77,1.04,0.78,-0.44,2.47,6.46,7.45,-0.58,-0.61,-1.09,0.00,0.00,0.00,0.00,0.00,0.00,-4.76,-1.56,7.68,0.45,0.48,-1.26
43.359738,8.62,0.08,5.64,-1.31,-0.11,-0.68,-41.00,-6.62,-15.62,1.68,-1.38,10.51,-0.37,0.39,-1.32,-8.30,-4.61,1.03,1.05,0.78,-0.42,2.67,6.38,7.38,-0.58,-0.63,-1.09,0.00,0.00,0.00,0.00,0.00,0.00,-4.27,-1.70,7.74,0.47,0.48,-1.26
43.383826,8.66,1.19,5.33,-1.48,-0.10,-0.67,-41.00,-6.62,-15.62,1.85,-1.31,10.61,-0.38,0.46,-1.41,-8.11,-4.75,0.98,1.11,0.87,-0.43,2.62,6.36,7.44,-0.59,-0.67,-1.22,0.00,0.00,0.00,0.00,0.00,0.00,-3.95,-1.95,7.58,0.57,0.55,-1.33
43.404759,8.67,0.85,5.14,-1.64,-0.09,-0.69,-41.00,-6.62,-15.62,2.12,-1.59,10.33,-0.39,0.53,-1.51,-8.10,-4.63,1.49,1.18,0.96,-0.45,3.08,6.04,7.37,-0.59,-0.72,-1.32,0.00,0.00,0.00,0.00,0.00,0.00,-3.91,-1.68,8.06,0.61,0.59,-1.39
43.426706,8.63,0.46,4.98,-1.64,-0.09,-0.69,-41.25,-6.81,-19.81,2.43,-2.03,9.82,-0.38,0.47,-1.50,-8.04,-4.43,2.14,1.18,0.92,-0.43,3.64,5.56,7.28,-0.58,-0.78,-1.27,0.00,0.00,0.00,0.00,0.00,0.00,-3.65,-1.84,7.94,0.60,0.55,-1.37
43.450545,8.89,0.89,4.79,-1.27,-0.04,-0.75,-40.88,-3.94,-19.94,2.89,-2.47,9.58,-0.30,0.35,-1.41,-7.66,-4.43,2.36,1.13,0.84,-0.35,3.80,5.21,7.26,-0.51,-0.79,-1.17,0.00,0.00,0.00,0.00,0.00,0.00,-3.11,-1.84,8.25,0.57,0.46,-1.31
43.472391,8.97,1.12,4.75,-1.25,0.06,-0.67,-40.88,-3.94,-19.94,3.10,-2.45,9.84,-0.16,0.39,-1.31,-7.40,-4.53,2.18,1.03,0.91,-0.28,3.67,5.17,7.38,-0.43,-0.73,-1.20,0.00,0.00,0.00,0.00,0.00,0.00,-2.37,-2.17,8.12,0.49,0.56,-1.25
43.493926,9.09,1.19,4.83,-1.25,0.06,-0.67,-40.62,-2.31,-22.50,2.71,-2.16,10.24,-0.12,0.51,-1.34,-7.57,-4.62,1.85,0.96,1.05,-0.23,3.42,5.52,7.52,-0.35,-0.61,-1.32,0.00,0.00,0.00,0.00,0.00,0.00,-2.75,-2.40,7.59,0.56,0.73,-1.16
43.519392,8.70,0.35,5.45,-1.25,0.06,-0.67,-39.88,-0.88,-23.31,2.15,-1.90,10.28,-0.13,0.48,-1.36,-8.40,-4.69,1.94,0.95,1.07,-0.20,3.51,5.99,7.68,-0.32,-0.57,-1.33,0.00,0.00,0.00,0.00,0.00,0.00,-4.16,-1.73,8.14,0.65,0.74,-1.08
43.538643,8.48,0.04,5.68,-1.25,0.06,-0.67,-39.56,-1.38,-23.25,2.16,-1.35,10.63,-0.19,0.35,-1.35,-8.91,-4.81,1.90,0.98,0.93,-0.24,3.44,6.44,7.62,-0.37,-0.64,-1.22,0.00,0.00,0.00,0.00,0.00,0.00,-4.77,-1.33,8.44,0.61,0.58,-1.11
43.559919,8.25,1.04,5.71,-1.16,-0.04,-0.73,-39.56,-1.38,-23.25,2.12,-0.95,10.61,-0.33,0.20,-1.38,-8.95,-4.86,2.14,1.12,0.76,-0.31,3.63,6.40,7.61,-0.52,-0.85,-1.11,0.00,0.00,0.00,0.00,0.00,0.00,-4.95,-1.25,8.55,0.57,0.36,-1.25
43.584024,8.09,2.15,4.79,-1.16,-0.04,-0.73,-38.50,0.62,-25.81,2.51,-1.25,9.80,-0.53,-0.08,-1.47,-8.70,-4.68,3.31,1.36,0.43,-0.39,4.62,5.64,7.41,-0.72,-1.14,-0.88,0.00,0.00,0.00,0.00,0.00,0.00,-4.38,-1.31,8.63,0.49,-0.08,-1.45
43.605697,8.16,2.50,4.18,-0.71,-0.61,-1.53,-38.06,-1.44,-24.69,3.99,-2.28,8.70,-0.66,-0.42,-1.42,-7.92,-4.38,4.65,1.50,0.01,-0.42,5.81,4.40,7.14,-0.86,-1.37,-0.55,0.00,0.00,0.00,0.00,0.00,0.00,-2.54,-1.63,8.65,0.38,-0.50,-1.52
43.626342,8.44,2.88,3.45,-0.71,-0.61,-1.53,-38.06,-1.44,-24.69,5.63,-3.36,8.02,-0.69,-0.70,-1.26,-6.88,-4.22,5.62,1.47,-0.29,-0.42,6.68,3.25,7.04,-0.88,-1.42,-0.26,0.00,0.00,0.00,0.00,0.00,0.00,-0.00,-2.36,8.38,0.31,-0.77,-1.43
43.650474,8.97,4.37,2.34,-0.27,-0.58,-1.25,-38.25,-3.62,-21.38,7.09,-4.46,7.67,-0.64,-0.69,-1.04,-5.59,-4.29,6.28,1.24,-0.35,-0.40,7.19,2.11,7.05,-0.80,-1.22,-0.13,0.00,0.00,0.00,0.00,0.00,0.00,2.68,-3.46,7.98,0.36,-0.75,-1.13
43.671979,9.39,4.79,1.96,-0.27,-0.58,-1.25,-38.19,-4.00,-23.19,7.48,-5.26,7.36,-0.51,-0.49,-0.82,-4.99,-4.52,6.67,0.93,-0.20,-0.36,7.41,1.41,7.18,-0.64,-0.92,-0.16,0.00,0.00,0.00,0.00,0.00,0.00,3.47,-4.03,8.03,0.50,-0.50,-0.71
43.693874,9.67,3.99,1.58,-0.27,-0.58,-1.25,-38.19,-4.00,-23.19,7.07,-5.70,7.21,-0.37,-0.28,-0.60,-4.95,-4.89,6.68,0.61,-0.07,-0.28,7.30,1.19,7.54,-0.43,-0.60,-0.15,0.00,0.00,0.00,0.00,0.00,0.00,2.74,-4.41,7.93,0.65,-0.29,-0.26
43.716726,10.16,2.76,2.00,-0.27,-0.58,-1.25,-38.44,-4.88,-24.50,6.23,-5.94,7.20,-0.17,-0.23,-0.37,-5.25,-5.30,6.43,0.33,-0.04,-0.17,6.93,1.34,7.90,-0.16,-0.36,-0.05,0.00,0.00,0.00,0.00,0.00,0.00,1.41,-4.09,8.55,0.74,-0.23,0.14
43.738442,10.08,2.27,2.15,0.10,0.08,-0.16,-38.44,-4.88,-24.50,5.62,-5.79,7.91,-0.03,-0.38,-0.15,-5.75,-5.67,6.03,0.10,-0.10,-0.09,6.61,1.83,8.31,0.12,-0.25,0.17,0.00,0.00,0.00,0.00,0.00,0.00,0.15,-3.09,9.93,0.48,-0.21,0.31
43.760086,10.05,2.11,2.61,0.39,0.19,-0.06,-38.44,-4.88,-24.50,5.63,-5.30,9.00,0.04,-0.38,0.07,-6.25,-6.16,5.19,-0.13,-0.12,-0.07,6.00,2.78,8.88,0.28,-0.06,0.32,0.00,0.00,0.00,0.00,0.00,0.00,-0.28,-3.25,9.53,0.19,-0.14,0.39
43.784065,10.20,2.72,3.18,0.48,0.12,0.11,-37.62,-3.56,-22.81,5.07,-4.61,10.05,0.00,-0.17,0.21,-6.43,-6.62,4.19,-0.29,0.05,-0.11,5.07,3.45,8.98,0.30,0.19,0.22,0.00,0.00,0.00,0.00,0.00,0.00,-1.13,-3.13,9.73,-0.04,0.12,0.36
43.805874,10.36,2.34,3.30,-0.01,0.01,0.38,-37.75,-5.94,-24.12,4.10,-4.61,9.86,-0.03,0.03,0.22,-6.73,-6.77,3.81,-0.35,0.22,-0.10,4.71,3.76,9.15,0.30,0.29,0.07,0.00,0.00,0.00,0.00,0.00,0.00,-2.16,-3.35,9.35,-0.20,0.26,0.26
43.826512,10.46,1.61,3.30,-0.01,0.01,0.38,-37.75,-5.94,-24.12,3.51,-4.64,9.67,-0.05,-0.01,0.19,-7.22,-6.81,3.80,-0.37,0.24,-0.08,4.72,3.96,9.22,0.31,0.32,0.07,0.00,0.00,0.00,0.00,0.00,0.00,-3.04,-2.86,9.93,-0.39,0.25,0.15
43.85053,10.12,1.23,3.61,0.21,0.00,0.21,-37.75,-5.94,-24.12,3.55,-4.30,10.03,-0.05,-0.12,0.19,-7.66,-6.87,3.56,-0.36,0.12,-0.11,4.62,4.55,9.29,0.27,0.33,0.18,0.00,0.00,0.00,0.00,0.00,0.00,-3.61,-2.45,10.10,-0.82,0.19,-0.08
43.872121,9.89,1.42,3.76,0.21,0.00,0.21,-38.81,-3.44,-23.19,3.60,-4.06,10.17,-0.06,-0.16,0.19,-7.58,-6.83,3.26,-0.30,0.01,-0.16,4.25,4.88,9.01,0.33,0.30,0.28,0.00,0.00,0.00,0.00,0.00,0.00,-3.07,-3.54,8.46,-0.96,0.15,-0.22
43.893676,10.01,1.69,3.88,0.21,0.00,0.21,-39.25,-5.94,-21.62,3.18,-3.87,9.98,-0.04,-0.19,0.08,-7.19,-6.65,2.99,-0.23,-0.02,-0.17,3.94,4.81,8.69,0.43,0.30,0.27,0.00,0.00,0.00,0.00,0.00,0.00,-2.51,-4.30,7.46,-0.76,0.14,-0.22
43.916716,9.81,1.57,3.68,0.21,0.00,0.21,-38.88,-2.94,-23.19,3.33,-4.00,9.34,0.03,-0.28,-0.05,-6.85,-6.23,3.06,-0.19,-0.05,-0.07,4.16,4.74,8.36,0.68,0.36,0.21,0.00,0.00,0.00,0.00,0.00,0.00,-2.04,-4.48,6.97,-0.35,0.15,-0.07
43.93922,9.39,1.23,3.68,0.01,-0.08,0.09,-38.88,-2.94,-23.19,4.09,-3.98,9.33,0.09,-0.36,-0.07,-7.18,-5.94,3.23,-0.23,-0.04,-0.02,4.55,4.64,8.27,0.78,0.47,0.18,0.00,0.00,0.00,0.00,0.00,0.00,-1.76,-3.42,7.93,-0.07,0.12,0.16
43.960863,9.05,1.23,3.91,0.13,-0.05,0.16,-38.88,-2.94,-23.19,4.78,-3.60,9.66,0.07,-0.21,0.09,-7.25,-5.73,3.33,-0.33,-0.04,-0.10,4.57,4.90,7.96,0.60,0.58,0.17,0.00,0.00,0.00,0.00,0.00,0.00,-2.21,-2.27,9.02,-0.14,0.17,0.28
43.985068,8.79,1.50,3.88,0.15,-0.29,0.42,-38.88,-2.94,-23.19,4.12,-3.24,9.57,0.06,-0.08,0.31,-7.41,-5.90,2.67,-0.42,-0.02,-0.22,3.87,5.11,8.02,0.40,0.66,0.15,0.00,0.00,0.00,0.00,0.00,0.00,-2.48,-2.68,8.04,-0.26,0.25,0.28
44.006909,9.01,1.23,3.76,0.15,-0.29,0.42,-39.38,-4.44,-22.06,3.47,-3.09,9.49,-0.03,0.05,0.35,-6.85,-5.79,2.38,-0.41,0.01,-0.31,3.43,4.88,7.65,0.16,0.60,0.09,0.00,0.00,0.00,0.00,0.00,0.00,-2.83,-3.00,7.52,-0.24,0.25,0.29
44.026722,9.09,1.12,3.72,0.15,-0.29,0.42,-39.38,-4.44,-22.06,3.38,-3.24,9.30,-0.08,0.12,0.32,-6.82,-5.74,2.36,-0.40,0.04,-0.31,3.38,4.87,7.60,-0.01,0.54,0.05,0.00,0.00,0.00,0.00,0.00,0.00,-2.68,-3.18,7.10,-0.14,0.22,0.33
44.050465,8.97,0.35,3.91,0.10,-0.26,0.38,-39.38,-4.44,-22.06,3.20,-3.23,9.35,-0.11,0.17,0.35,-7.03,-5.79,2.30,-0.43,-0.00,-0.30,3.31,5.14,7.69,-0.14,0.50,0.10,0.00,0.00,0.00,0.00,0.00,0.00,-3.09,-2.71,7.55,0.00,0.18,0.49
44.072872,8.97,0.31,3.84,0.20,-0.31,0.37,-39.38,-4.44,-22.06,2.69,-3.27,9.27,-0.13,0.13,0.41,-6.98,-6.00,1.96,-0.45,-0.08,-0.30,2.93,5.25,7.75,-0.21,0.45,0.17,0.00,0.00,0.00,0.00,0.00,0.00,-4.09,-2.31,8.05,-0.09,0.14,0.48
44.094355,9.16,0.20,3.68,0.20,-0.31,0.37,-41.06,-0.81,-21.44,2.29,-3.28,9.32,-0.11,0.03,0.40,-6.81,-6.17,1.66,-0.40,-0.14,-0.29,2.56,5.20,7.80,-0.23,0.38,0.22,0.00,0.00,0.00,0.00,0.00,0.00,-4.14,-2.83,7.39,-0.17,0.05,0.39
44.118226,9.55,0.31,3.64,0.20,-0.31,0.37,-41.31,-1.38,-20.06,2.24,-3.43,9.34,-0.11,-0.02,0.33,-6.52,-6.28,1.44,-0.33,-0.14,-0.24,2.31,5.09,7.86,-0.20,0.31,0.21,0.00,0.00,0.00,0.00,0.00,0.00,-3.90,-3.09,7.30,-0.16,0.01,0.32
44.140255,9.62,0.35,3.64,0.16,-0.18,0.14,-41.31,-1.38,-20.06,2.06,-3.49,9.51,-0.07,0.01,0.21,-6.58,-6.51,1.28,-0.24,-0.09,-0.19,2.15,5.20,8.04,-0.16,0.24,0.14,0.00,0.00,0.00,0.00,0.00,0.00,-4.05,-3.28,7.12,-0.10,0.02,0.26
44.161153,9.59,0.12,3.64,0.05,-0.10,0.12,-41.31,-1.38,-20.06,2.05,-3.56,9.73,-0.07,0.01,0.11,-6.86,-6.76,1.28,-0.16,-0.08,-0.16,2.19,5.38,8.40,-0.16,0.16,0.10,0.00,0.00,0.00,0.00,0.00,0.00,-4.44,-3.08,7.47,-0.01,-0.01,0.22
44.185059,9.66,-0.11,3.53,0.05,-0.10,0.12,-41.00,-2.00,-19.31,2.32,-3.61,10.01,-0.10,0.03,0.05,-7.01,-6.96,1.40,-0.10,-0.12,-0.15,2.29,5.33,8.76,-0.28,0.12,0.14,0.00,0.00,0.00,0.00,0.00,0.00,-4.73,-2.80,7.96,-0.10,-0.05,0.07
44.207696,10.08,0.00,3.72,0.05,-0.10,0.12,-41.56,-2.38,-19.31,2.60,-3.85,10.19,-0.12,0.19,0.04,-6.89,-7.02,1.55,-0.09,-0.13,-0.09,2.29,4.99,8.95,-0.65,0.00,0.17,0.00,0.00,0.00,0.00,0.00,0.00,-4.34,-3.09,7.88,-0.16,-0.07,-0.06
44.230652,10.08,0.00,3.72,0.05,-0.10,0.12,-41.56,-2.38,-19.31,2.61,-4.23,10.12,-0.13,0.31,0.01,-7.42,-7.27,1.46,-0.06,-0.04,-0.17,2.59,5.21,9.66,-1.15,-0.03,0.02,0.00,0.00,0.00,0.00,0.00,0.00,-3.66,-3.30,8.05,-0.14,-0.03,-0.07
44.255139,10.31,-0.11,3.45,-0.13,-0.21,0.15,-41.56,-2.38,-19.31,2.74,-4.28,10.38,-0.13,0.36,0.04,-7.63,-7.39,1.89,-0.01,-0.02,-0.38,2.95,5.10,9.47,-1.43,0.01,-0.10,0.00,0.00,0.00,0.00,0.00,0.00,-3.85,-3.28,8.24,-0.10,0.00,0.01
44.276726,10.46,0.00,3.38,-0.05,-0.29,0.20,-41.56,-2.38,-19.31,2.68,-4.38,10.35,-0.14,0.36,0.12,-7.19,-7.39,1.97,-0.01,-0.05,-0.48,2.82,4.73,9.19,-1.34,-0.02,-0.11,0.00,0.00,0.00,0.00,0.00,0.00,-4.08,-3.31,8.54,-0.11,0.01,0.05
44.298053,10.73,0.23,3.49,-0.04,-0.29,0.20,-41.56,-2.38,-19.31,2.56,-4.49,10.33,-0.11,0.39,0.14,-6.60,-7.24,2.21,-0.05,-0.01,-0.35,2.80,4.19,8.81,-1.13,-0.11,-0.17,0.00,0.00,0.00,0.00,0.00,0.00,-4.26,-3.51,8.54,-0.17,-0.01,-0.00
44.321866,10.89,-0.07,3.26,-0.04,-0.29,0.20,-42.19,-1.94,-17.56,2.49,-4.70,10.29,-0.06,0.33,0.16,-6.83,-7.29,2.56,-0.14,-0.00,-0.15,3.29,4.01,9.43,-0.76,-0.20,-0.12,0.00,0.00,0.00,0.00,0.00,0.00,-3.64,-3.66,8.53,-0.19,-0.02,0.02
44.342036,10.78,0.08,3.18,-0.04,-0.29,0.20,-42.19,-1.94,-17.56,2.84,-4.72,10.37,-0.03,0.27,0.20,-7.09,-7.39,2.70,-0.22,-0.03,-0.11,3.61,3.99,9.87,-0.56,-0.14,-0.04,0.00,0.00,0.00,0.00,0.00,0.00,-3.45,-3.42,8.87,-0.21,-0.02,0.09
44.36368,10.66,0.23,3.22,0.13,-0.09,0.21,-42.19,-1.94,-17.56,2.87,-4.50,10.61,-0.01,0.23,0.26,-7.15,-7.55,2.54,-0.31,-0.02,-0.13,3.54,4.13,10.02,-0.45,-0.03,0.00,0.00,0.00,0.00,0.00,0.00,0.00,-3.49,-3.30,9.05,-0.31,0.08,0.11
44.388198,10.62,0.58,3.18,0.13,-0.13,0.30,-42.88,-0.94,-16.88,2.56,-4.29,10.87,-0.05,0.28,0.25,-7.06,-7.75,2.18,-0.34,0.05,-0.22,3.27,4.17,10.20,-0.39,0.13,-0.06,0.00,0.00,0.00,0.00,0.00,0.00,-3.42,-3.63,8.70,-0.34,0.21,0.08
44.405627,10.70,0.70,3.15,0.13,-0.13,0.30,-42.62,-0.31,-19.00,2.58,-4.38,10.82,-0.09,0.36,0.20,-6.97,-7.77,2.21,-0.33,0.14,-0.27,3.25,3.92,10.16,-0.38,0.24,-0.14,0.00,0.00,0.00,0.00,0.00,0.00,-3.65,-3.60,8.77,-0.36,0.30,0.02
44.426105,10.73,0.43,3.11,0.13,-0.13,0.30,-42.62,-0.31,-19.00,2.75,-4.67,10.42,-0.12,0.47,0.18,-6.95,-7.65,2.40,-0.35,0.22,-0.29,3.42,3.66,10.09,-0.39,0.34,-0.20,0.00,0.00,0.00,0.00,0.00,0.00,-3.53,-3.62,8.76,-0.44,0.39,-0.05
44.450304,10.78,0.12,3.11,-0.26,-0.21,0.45,-43.19,-0.38,-17.94,2.63,-4.75,10.30,-0.12,0.54,0.20,-7.24,-7.55,2.71,-0.41,0.23,-0.32,3.70,3.55,10.13,-0.40,0.45,-0.21,0.00,0.00,0.00,0.00,0.00,0.00,-3.15,-3.82,8.49,-0.47,0.43,-0.03
44.472479,10.66,0.00,3.11,-0.26,-0.21,0.45,-42.81,2.56,-18.44,2.67,-4.67,10.38,-0.10,0.54,0.25,-7.05,-7.51,2.57,-0.48,0.20,-0.39,3.65,3.58,10.06,-0.40,0.55,-0.16,0.00,0.00,0.00,0.00,0.00,0.00,-3.27,-3.75,8.43,-0.44,0.46,0.10
44.493895,10.50,0.08,3.15,-0.26,-0.21,0.45,-43.94,2.19,-17.69,2.42,-4.47,10.53,-0.12,0.55,0.30,-7.18,-7.75,2.23,-0.51,0.19,-0.46,3.26,3.70,10.30,-0.45,0.60,-0.15,0.00,0.00,0.00,0.00,0.00,0.00,-3.64,-3.70,8.36,-0.42,0.47,0.16
44.516558,10.39,-0.15,3.11,-0.26,-0.21,0.45,-44.00,2.69,-18.06,2.10,-4.36,10.58,-0.18,0.61,0.33,-7.08,-7.94,1.87,-0.48,0.20,-0.59,2.89,3.68,10.44,-0.59,0.69,-0.18,0.00,0.00,0.00,0.00,0.00,0.00,-4.17,-3.78,8.09,-0.45,0.48,0.13
44.537998,10.43,-0.34,3.11,-0.16,-0.31,0.63,-44.00,2.69,-18.06,1.59,-4.35,10.49,-0.22,0.67,0.32,-6.87,-8.01,1.64,-0.43,0.19,-0.69,2.48,3.56,10.37,-0.68,0.71,-0.21,0.00,0.00,0.00,0.00,0.00,0.00,-4.29,-4.10,7.62,-0.41,0.48,0.05
44.559913,10.50,-0.61,3.07,-0.16,-0.31,0.63,-44.00,2.69,-18.06,1.33,-4.52,10.27,-0.23,0.68,0.28,-6.59,-7.97,1.55,-0.34,0.15,-0.80,2.37,3.31,10.21,-0.72,0.69,-0.24,0.00,0.00,0.00,0.00,0.00,0.00,-3.95,-4.64,6.80,-0.26,0.47,0.03
44.58363,10.35,-0.99,3.03,-0.21,-0.19,0.55,-44.00,2.69,-18.06,1.37,-4.59,10.19,-0.24,0.65,0.29,-6.38,-7.98,1.50,-0.33,0.15,-0.78,2.31,3.08,10.24,-0.66,0.72,-0.24,0.00,0.00,0.00,0.00,0.00,0.00,-4.22,-5.01,5.84,0.13,0.33,0.17
44.602486,10.35,-0.99,3.03,-0.21,-0.19,0.55,-44.00,2.69,-18.06,1.03,-4.60,10.10,-0.25,0.66,0.31,-6.69,-8.25,1.45,-0.31,0.09,-0.83,2.09,2.98,10.51,-0.75,0.67,-0.20,0.00,0.00,0.00,0.00,0.00,0.00,-4.96,-4.20,6.50,0.47,0.01,0.25
44.625463,10.12,-1.53,2.73,-0.18,-0.20,0.52,-44.00,2.69,-18.06,0.26,-4.93,9.46,-0.37,0.57,0.23,-6.29,-8.35,1.46,-0.26,-0.04,-0.93,1.93,2.76,10.34,-0.94,0.56,-0.08,0.00,0.00,0.00,0.00,0.00,0.00,-5.92,-1.02,11.73,0.04,-0.12,-0.01
44.649573,9.97,-1.49,2.54,0.12,-0.41,0.40,-44.00,2.69,-18.06,-0.06,-4.87,9.50,-0.39,0.30,0.12,-5.70,-8.28,1.53,-0.22,-0.15,-0.93,1.81,2.54,9.83,-0.91,0.39,0.09,0.00,0.00,0.00,0.00,0.00,0.00,-5.34,-1.96,10.04,-1.10,0.12,-0.57
44.67167,10.12,-1.38,2.54,0.22,-0.46,0.33,-44.00,2.69,-18.06,0.22,-4.87,9.67,-0.39,0.09,0.06,-4.91,-8.17,1.41,-0.23,-0.23,-0.81,1.47,2.10,9.54,-0.65,0.25,0.21,0.00,0.00,0.00,0.00,0.00,0.00,-3.81,-3.72,7.85,-1.39,0.23,-0.63
44.693309,10.20,-1.22,2.50,0.22,-0.46,0.33,-45.62,9.06,-16.31,-0.06,-5.02,9.10,-0.33,0.08,-0.01,-4.53,-8.17,1.02,-0.26,-0.18,-0.62,1.04,1.80,9.45,-0.37,0.17,0.20,0.00,0.00,0.00,0.00,0.00,0.00,-4.16,-3.09,9.02,-1.75,0.53,-0.73
44.717605,9.77,-1.18,2.38,0.22,-0.46,0.33,-45.75,10.56,-16.69,0.39,-4.68,9.35,-0.25,0.10,-0.13,-4.26,-8.01,1.01,-0.22,-0.10,-0.45,0.85,1.71,8.92,-0.12,0.03,0.11,0.00,0.00,0.00,0.00,0.00,0.00,-5.31,-3.53,7.48,-2.39,0.73,-1.15
44.737675,9.66,-1.26,2.65,-0.04,-0.01,0.17,-45.75,10.56,-16.69,0.33,-4.56,9.20,-0.25,0.09,-0.15,-4.46,-7.89,1.12,-0.16,-0.03,-0.23,1.02,1.79,8.74,0.07,-0.19,0.07,0.00,0.00,0.00,0.00,0.00,0.00,-4.88,-4.28,6.14,-2.66,0.55,-1.48
44.762722,9.51,-1.22,2.61,-0.01,0.08,0.04,-45.75,10.56,-16.69,0.53,-4.54,9.14,-0.18,0.05,-0.14,-4.87,-7.81,1.32,-0.08,-0.07,-0.09,1.60,2.17,9.36,0.22,-0.33,0.10,0.00,0.00,0.00,0.00,0.00,0.00,-3.80,-5.46,4.52,-2.50,0.45,-1.59
44.785584,9.32,-0.95,2.92,-0.01,0.08,0.04,-45.19,11.00,-16.31,1.28,-4.30,9.61,-0.19,-0.04,-0.11,-5.21,-7.76,1.44,-0.04,-0.09,-0.09,2.13,2.64,9.63,0.25,-0.27,0.14,0.00,0.00,0.00,0.00,0.00,0.00,-3.14,-5.71,4.55,-2.13,0.14,-1.40
44.805347,9.20,-0.68,3.03,-0.01,-0.01,0.09,-46.00,10.25,-18.81,1.94,-4.01,10.20,-0.26,0.10,-0.02,-5.35,-7.69,1.58,-0.10,-0.02,-0.19,2.47,2.98,9.64,0.14,-0.05,0.10,0.00,0.00,0.00,0.00,0.00,0.00,-2.18,-5.71,5.03,-1.93,0.09,-1.26
44.825603,9.09,-0.57,3.07,-0.01,-0.01,0.09,-46.00,10.25,-18.81,1.34,-3.75,10.24,-0.38,0.30,0.01,-5.32,-7.75,1.33,-0.16,0.14,-0.33,2.19,3.24,9.66,0.00,0.14,-0.03,0.00,0.00,0.00,0.00,0.00,0.00,-1.89,-5.69,5.47,-1.80,0.27,-1.11
44.850561,9.05,-0.42,3.03,-0.48,-0.29,0.38,-44.50,9.38,-15.56,0.25,-3.68,9.89,-0.52,0.45,-0.21,-5.39,-7.75,1.16,-0.15,0.34,-0.52,1.94,3.23,9.47,-0.16,0.34,-0.22,0.00,0.00,0.00,0.00,0.00,0.00,-1.95,-6.09,5.00,-1.84,0.59,-1.06
44.871771,9.09,-0.84,3.03,-0.48,-0.29,0.38,-46.12,12.00,-15.31,0.94,-4.40,9.29,-0.63,0.59,-0.42,-4.77,-7.48,1.46,-0.13,0.40,-0.61,1.95,2.45,8.74,-0.20,0.37,-0.32,0.00,0.00,0.00,0.00,0.00,0.00,-2.00,-6.56,4.41,-1.77,0.74,-0.93
44.893972,9.70,-1.57,2.34,-0.48,-0.29,0.38,-46.12,12.00,-15.31,1.02,-4.85,8.93,-0.65,0.68,-0.46,-4.45,-7.46,1.64,-0.22,0.44,-0.55,2.17,1.99,8.90,-0.09,0.43,-0.34,0.00,0.00,0.00,0.00,0.00,0.00,-2.10,-6.94,3.82,-1.77,0.72,-0.82
44.917273,8.78,-1.57,2.42,-0.35,-0.01,0.51,-46.12,12.00,-15.31,0.44,-4.35,9.63,-0.62,0.81,-0.38,-4.74,-7.82,1.30,-0.28,0.42,-0.51,1.92,2.48,9.39,-0.07,0.56,-0.28,0.00,0.00,0.00,0.00,0.00,0.00,-3.11,-7.15,3.23,-1.72,0.64,-0.81
44.93876,8.79,-1.76,2.50,-0.30,-0.11,0.42,-46.12,12.00,-15.31,0.61,-4.70,8.93,-0.79,0.80,-0.32,-4.66,-7.97,1.12,-0.30,0.38,-0.52,1.52,2.52,9.25,-0.19,0.62,-0.20,0.00,0.00,0.00,0.00,0.00,0.00,-2.64,-7.77,2.42,-1.49,0.48,-0.78
44.960255,9.20,-1.76,2.30,-0.25,-0.31,0.36,-46.12,12.00,-15.31,-0.02,-4.79,8.80,-0.87,0.66,-0.32,-4.20,-8.02,0.79,-0.28,0.36,-0.48,1.02,2.26,9.11,-0.24,0.56,-0.18,0.00,0.00,0.00,0.00,0.00,0.00,-1.72,-8.50,1.55,-1.17,0.39,-0.57
44.981038,9.17,-1.53,2.19,-0.23,-0.28,0.32,-46.12,12.00,-15.31,0.17,-5.31,8.31,-0.85,0.66,-0.35,-4.07,-8.06,0.69,-0.24,0.36,-0.44,0.92,2.12,9.17,-0.26,0.55,-0.21,0.00,0.00,0.00,0.00,0.00,0.00,-2.18,-8.17,1.94,-0.90,0.35,-0.44
45.004971,8.93,-1.99,1.88,-0.31,-0.22,0.27,-47.31,16.56,-14.81,0.60,-5.73,7.67,-0.69,0.66,-0.27,-3.76,-7.96,0.72,-0.24,0.34,-0.39,0.80,1.77,8.94,-0.27,0.53,-0.21,0.00,0.00,0.00,0.00,0.00,0.00,-1.71,-8.26,1.69,-0.70,0.34,-0.31
45.026062,9.01,-1.99,1.69,-0.31,-0.22,0.27,-46.44,16.50,-15.50,0.74,-6.18,7.13,-0.54,0.66,-0.14,-3.26,-7.90,0.54,-0.28,0.35,-0.29,0.51,1.37,8.69,-0.23,0.48,-0.25,0.00,0.00,0.00,0.00,0.00,0.00,-1.50,-8.26,1.53,-0.50,0.38,-0.11
45.04642,9.12,-2.14,1.58,-0.31,-0.22,0.27,-46.44,16.50,-15.50,-0.11,-6.00,7.21,-0.38,0.63,-0.03,-3.13,-8.02,0.18,-0.28,0.39,-0.17,0.06,1.37,8.75,-0.16,0.41,-0.31,0.00,0.00,0.00,0.00,0.00,0.00,-2.11,-8.29,1.21,-0.36,0.41,-0.01
45.069733,8.82,-2.22,1.54,-0.33,0.00,0.28,-46.19,17.44,-15.25,-0.66,-5.69,7.52,-0.25,0.56,-0.02,-3.53,-8.20,0.11,-0.21,0.39,-0.11,0.06,1.68,9.06,-0.12,0.32,-0.32,0.00,0.00,0.00,0.00,0.00,0.00,-3.07,-7.97,1.44,-0.28,0.36,-0.07
45.095285,8.40,-2.48,1.50,-0.33,0.00,0.28,-46.31,18.88,-15.94,-0.64,-5.57,7.74,-0.26,0.53,-0.00,-3.51,-8.16,-0.08,-0.12,0.34,-0.16,-0.09,1.80,9.01,-0.15,0.26,-0.29,0.00,0.00,0.00,0.00,0.00,0.00,-2.28,-7.93,1.33,-0.22,0.31,-0.16
45.117664,8.63,-2.29,1.50,-0.33,0.00,0.28,-46.31,18.88,-15.94,-0.90,-5.92,6.82,-0.20,0.52,-0.05,-2.94,-7.91,-0.39,-0.08,0.41,-0.14,-0.45,1.48,8.56,-0.12,0.23,-0.36,0.00,0.00,0.00,0.00,0.00,0.00,-1.99,-7.95,1.08,-0.12,0.39,-0.10
45.139004,8.59,-2.37,1.54,-0.47,0.06,0.11,-46.31,18.88,-15.94,-1.02,-5.81,6.75,-0.06,0.48,-0.08,-3.08,-7.77,-0.25,-0.05,0.47,-0.05,-0.32,1.51,8.44,-0.05,0.14,-0.41,0.00,0.00,0.00,0.00,0.00,0.00,-2.34,-7.86,1.03,-0.03,0.45,-0.04
45.161351,8.09,-2.52,1.58,-0.47,0.06,0.11,-46.31,18.88,-15.94,-1.32,-5.42,7.15,-0.00,0.39,-0.11,-3.46,-7.87,-0.27,0.02,0.43,-0.01,-0.26,1.78,8.65,-0.02,0.09,-0.39,0.00,0.00,0.00,0.00,0.00,0.00,-2.66,-7.86,1.03,0.09,0.47,-0.02
45.18605,8.40,-2.41,1.73,-0.37,0.07,-0.12,-46.31,18.88,-15.94,-1.22,-5.43,7.25,0.03,0.27,-0.14,-3.51,-7.90,-0.29,0.11,0.34,-0.01,-0.33,1.86,8.62,-0.04,-0.01,-0.36,0.00,0.00,0.00,0.00,0.00,0.00,-2.79,-7.62,1.40,0.23,0.51,0.00
45.20767,8.40,-2.45,1.65,-0.39,0.08,-0.14,-46.31,18.88,-15.94,-0.52,-5.61,7.31,0.06,0.22,-0.09,-3.54,-7.72,-0.04,0.16,0.30,0.01,-0.05,1.75,8.46,-0.03,-0.13,-0.34,0.00,0.00,0.00,0.00,0.00,0.00,-2.71,-7.58,1.51,0.24,0.47,-0.03
45.22898,8.55,-2.68,1.80,-0.39,0.08,-0.14,-46.62,20.00,-17.44,-0.36,-5.94,7.19,0.10,0.21,0.03,-3.51,-7.53,0.31,0.10,0.27,0.07,0.44,1.50,8.49,0.01,-0.18,-0.29,0.00,0.00,0.00,0.00,0.00,0.00,-2.38,-7.32,2.16,0.21,0.38,0.03
45.249346,8.82,-2.64,1.73,-0.39,0.08,-0.14,-46.62,20.00,-17.44,-0.73,-5.62,7.67,0.13,0.19,0.09,-3.86,-7.75,0.33,0.01,0.24,0.09,0.56,1.86,8.87,0.05,-0.15,-0.22,0.00,0.00,0.00,0.00,0.00,0.00,-2.56,-7.46,2.15,0.15,0.31,0.10
45.270179,8.59,-2.41,1.84,-0.14,0.17,0.00,-46.62,20.00,-17.44,-0.93,-5.47,8.06,0.08,0.17,0.10,-4.06,-8.03,0.16,-0.04,0.21,0.05,0.36,2.15,9.08,0.04,-0.10,-0.18,0.00,0.00,0.00,0.00,0.00,0.00,-2.58,-7.70,2.18,0.14,0.30,0.13
45.289767,8.59,-2.41,1.84,-0.14,0.00,0.04,-46.38,20.56,-18.56,-1.23,-5.47,8.15,0.04,0.17,0.06,-4.06,-8.17,0.02,-0.03,0.20,0.03,0.18,2.20,9.19,0.04,-0.11,-0.18,0.00,0.00,0.00,0.00,0.00,0.00,-2.90,-7.79,2.30,0.14,0.32,0.13
45.309599,9.17,-2.22,2.11,-0.14,0.00,0.04,-46.38,20.56,-18.56,-1.19,-5.64,7.96,0.04,0.13,-0.04,-4.08,-8.17,0.11,-0.01,0.20,0.03,0.25,2.10,9.12,0.04,-0.13,-0.19,0.00,0.00,0.00,0.00,0.00,0.00,-3.09,-8.02,2.15,0.13,0.30,0.09
45.333807,9.28,-2.52,1.96,-0.16,0.05,-0.06,-46.00,19.38,-16.69,-1.03,-5.89,7.86,0.07,0.08,-0.07,-4.14,-8.19,0.30,0.01,0.14,0.07,0.51,1.97,9.29,0.03,-0.17,-0.14,0.00,0.00,0.00,0.00,0.00,0.00,-3.04,-8.15,2.19,0.14,0.19,0.05
45.35553,9.31,-2.48,2.00,-0.04,0.09,-0.09,-46.00,19.38,-16.69,-0.88,-5.92,8.16,0.09,0.03,-0.06,-4.29,-8.38,0.33,0.01,0.07,0.10,0.59,2.13,9.56,0.03,-0.17,-0.08,0.00,0.00,0.00,0.00,0.00,0.00,-2.96,-8.15,2.46,0.16,0.13,0.06
45.377207,9.39,-2.33,2.00,-0.04,0.09,-0.09,-46.38,19.88,-16.06,-0.74,-5.96,8.48,0.08,-0.00,-0.05,-4.40,-8.56,0.37,0.01,0.04,0.09,0.64,2.25,9.75,0.01,-0.16,-0.05,0.00,0.00,0.00,0.00,0.00,0.00,-2.84,-8.28,2.58,0.16,0.10,0.05
45.402196,9.78,-2.18,2.04,-0.04,0.09,-0.09,-46.56,18.56,-17.75,-0.60,-6.12,8.67,0.07,0.03,-0.05,-4.34,-8.69,0.42,-0.01,0.07,0.06,0.75,2.18,9.94,-0.00,-0.11,-0.07,0.00,0.00,0.00,0.00,0.00,0.00,-2.43,-8.38,2.77,0.16,0.14,0.08
45.42219,9.93,-2.14,2.00,-0.04,0.09,-0.09,-46.56,18.56,-17.75,-0.48,-6.14,8.80,0.05,0.11,-0.05,-4.40,-8.77,0.38,-0.03,0.13,0.03,0.70,2.25,10.03,-0.02,-0.04,-0.12,0.00,0.00,0.00,0.00,0.00,0.00,-2.66,-8.37,2.89,0.12,0.20,0.10
45.444966,9.77,-2.41,2.23,-0.15,0.04,0.04,-46.56,18.56,-17.75,-0.76,-6.08,8.96,0.02,0.19,-0.02,-4.67,-8.90,0.34,-0.04,0.17,-0.02,0.69,2.42,10.16,-0.05,0.01,-0.15,0.00,0.00,0.00,0.00,0.00,0.00,-3.15,-8.39,3.02,0.08,0.24,0.09
45.468718,9.82,-2.56,2.23,-0.17,-0.04,0.05,-45.75,19.81,-15.69,-1.10,-6.13,8.85,-0.02,0.19,-0.01,-4.83,-8.97,0.33,-0.04,0.14,-0.07,0.70,2.49,10.26,-0.09,0.01,-0.13,0.00,0.00,0.00,0.00,0.00,0.00,-3.33,-8.58,2.87,0.06,0.22,0.08
45.491378,9.86,-2.60,2.11,-0.17,-0.04,0.05,-45.75,19.81,-15.69,-1.16,-6.17,8.67,-0.04,0.10,-0.02,-4.65,-8.88,0.30,-0.03,0.08,-0.08,0.62,2.34,10.12,-0.10,-0.01,-0.07,0.00,0.00,0.00,0.00,0.00,0.00,-3.33,-8.56,2.77,0.06,0.18,0.08
45.512985,9.70,-2.52,2.07,-0.04,-0.09,-0.03,-45.75,19.81,-15.69,-1.16,-6.09,8.57,-0.04,0.05,-0.02,-4.46,-8.80,0.20,-0.01,0.04,-0.08,0.47,2.22,9.98,-0.10,-0.03,-0.04,0.00,0.00,0.00,0.00,0.00,0.00,-3.02,-8.64,2.44,0.10,0.17,0.11
45.536579,9.62,-2.14,1.84,-0.04,-0.09,-0.03,-46.00,19.50,-17.81,-1.05,-6.15,8.29,-0.02,0.04,-0.05,-4.16,-8.67,0.23,0.02,0.04,-0.06,0.46,1.99,9.76,-0.09,-0.04,-0.06,0.00,0.00,0.00,0.00,0.00,0.00,-2.82,-8.54,2.38,0.21,0.20,0.16
45.558437,9.59,-2.18,1.77,-0.09,-0.02,-0.08,-46.00,19.50,-17.81,-0.91,-6.09,8.32,-0.00,0.05,-0.07,-4.26,-8.58,0.41,0.03,0.05,-0.04,0.66,2.05,9.74,-0.08,-0.04,-0.07,0.00,0.00,0.00,0.00,0.00,0.00,-3.36,-7.91,3.11,0.17,0.18,0.13
45.579659,9.36,-2.29,1.84,-0.10,0.02,-0.08,-46.00,19.50,-17.81,-0.78,-6.04,8.39,-0.01,0.03,-0.04,-4.47,-8.53,0.61,0.02,0.01,-0.06,0.92,2.17,9.77,-0.09,-0.04,-0.02,0.00,0.00,0.00,0.00,0.00,0.00,-3.27,-7.95,3.01,0.08,0.11,0.06
45.6036,9.55,-2.25,1.88,-0.03,-0.06,-0.05,-46.38,20.44,-16.81,-0.78,-6.10,8.34,-0.03,-0.02,-0.01,-4.33,-8.52,0.58,-0.02,-0.04,-0.08,0.88,2.07,9.73,-0.09,-0.02,0.03,0.00,0.00,0.00,0.00,0.00,0.00,-2.91,-8.08,2.89,0.05,0.07,0.08
45.624878,9.63,-2.14,1.80,-0.03,-0.06,-0.05,-46.25,18.44,-16.62,-0.80,-6.11,8.36,-0.02,-0.02,-0.01,-4.16,-8.57,0.45,-0.04,-0.03,-0.08,0.71,2.02,9.73,-0.08,0.01,0.03,0.00,0.00,0.00,0.00,0.00,0.00,-2.54,-8.35,2.58,0.07,0.10,0.11
45.645124,9.73,-2.03,1.84,-0.03,-0.06,-0.05,-46.25,18.44,-16.62,-0.85,-6.14,8.36,0.00,0.02,-0.05,-4.10,-8.60,0.39,-0.05,0.02,-0.06,0.60,2.04,9.70,-0.05,0.05,-0.02,0.00,0.00,0.00,0.00,0.00,0.00,-2.21,-8.57,2.38,0.17,0.19,0.22
45.66975,9.67,-2.18,1.92,-0.13,0.04,0.04,-46.25,18.44,-16.62,-0.81,-6.12,8.40,0.02,0.05,-0.10,-4.25,-8.65,0.47,-0.05,0.07,-0.05,0.73,2.06,9.81,-0.02,0.07,-0.07,0.00,0.00,0.00,0.00,0.00,0.00,-3.52,-7.78,3.36,0.18,0.24,0.27
45.687212,9.51,-2.37,1.77,-0.13,0.04,0.04,-46.25,18.50,-17.38,-0.72,-6.16,8.44,0.01,0.05,-0.07,-4.39,-8.70,0.57,-0.06,0.06,-0.07,0.82,2.06,9.90,-0.03,0.07,-0.05,0.00,0.00,0.00,0.00,0.00,0.00,-3.61,-8.04,2.97,0.11,0.18,0.20
45.70883,9.59,-2.52,1.80,-0.01,-0.04,0.03,-46.94,20.00,-16.75,-0.99,-6.19,8.43,-0.01,0.04,-0.03,-4.27,-8.82,0.36,-0.06,0.03,-0.07,0.58,2.05,9.96,-0.04,0.08,-0.02,0.00,0.00,0.00,0.00,0.00,0.00,-3.68,-8.03,3.08,0.05,0.12,0.14
45.728644,9.77,-2.41,1.77,-0.01,-0.04,0.03,-46.94,20.00,-16.75,-1.10,-6.20,8.45,-0.02,0.03,-0.03,-4.31,-8.87,0.31,-0.05,0.02,-0.07,0.51,2.09,10.00,-0.05,0.08,0.00,0.00,0.00,0.00,0.00,0.00,0.00,-3.59,-8.26,2.78,0.03,0.08,0.09
45.754128,9.86,-2.45,1.88,-0.01,-0.03,-0.02,-46.00,18.94,-17.38,-1.00,-6.26,8.49,-0.01,0.03,-0.02,-4.26,-8.88,0.27,-0.05,0.01,-0.08,0.46,2.09,10.04,-0.04,0.09,0.01,0.00,0.00,0.00,0.00,0.00,0.00,-3.17,-8.43,2.58,0.10,0.08,0.11
45.775566,9.77,-2.41,1.88,-0.03,-0.01,0.00,-46.00,18.94,-17.38,-1.08,-6.21,8.53,-0.01,0.04,-0.02,-4.30,-8.87,0.26,-0.05,0.03,-0.09,0.47,2.14,10.07,-0.03,0.11,-0.00,0.00,0.00,0.00,0.00,0.00,0.00,-3.22,-8.26,2.77,0.17,0.12,0.17
45.797024,9.62,-2.45,1.92,-0.06,0.01,0.03,-46.00,18.94,-17.38,-1.16,-6.06,8.52,-0.01,0.04,-0.04,-4.38,-8.83,0.25,-0.04,0.03,-0.13,0.43,2.23,9.97,-0.03,0.12,-0.00,0.00,0.00,0.00,0.00,0.00,0.00,-3.83,-7.75,3.34,0.14,0.14,0.15
45.821061,9.36,-2.45,1.88,-0.06,-0.03,0.02,-46.06,20.44,-17.44,-1.15,-5.98,8.37,-0.03,-0.00,-0.06,-4.38,-8.72,0.37,-0.02,-0.02,-0.18,0.47,2.26,9.85,-0.04,0.08,0.05,0.00,0.00,0.00,0.00,0.00,0.00,-3.70,-7.84,3.01,0.06,0.11,0.08
45.841674,9.32,-2.33,1.84,-0.06,-0.03,0.02,-46.06,20.44,-17.44,-1.14,-5.92,8.22,-0.03,-0.05,-0.08,-4.29,-8.58,0.39,0.02,-0.07,-0.23,0.50,2.29,9.68,-0.01,0.05,0.11,0.00,0.00,0.00,0.00,0.00,0.00,-3.39,-7.75,2.95,0.06,0.10,0.09
45.864491,9.21,-2.25,1.84,0.01,-0.09,-0.03,-46.06,20.44,-17.44,-1.24,-5.73,8.18,-0.02,-0.15,-0.14,-4.15,-8.41,0.39,0.04,-0.12,-0.27,0.52,2.26,9.56,0.03,0.08,0.16,0.00,0.00,0.00,0.00,0.00,0.00,-3.03,-7.70,2.77,0.11,0.15,0.17
45.888402,8.93,-2.14,1.88,0.02,-0.09,-0.01,-46.06,20.44,-17.44,-0.58,-5.66,8.14,-0.04,-0.22,-0.19,-4.00,-8.28,0.37,0.03,-0.12,-0.29,0.55,2.11,9.38,-0.01,0.18,0.16,0.00,0.00,0.00,0.00,0.00,0.00,-3.28,-7.37,2.92,0.16,0.19,0.25
45.909904,8.86,-2.06,1.80,0.02,-0.09,-0.01,-45.75,19.81,-15.69,-0.47,-5.63,8.04,-0.07,-0.17,-0.10,-3.75,-8.16,0.51,0.01,-0.12,-0.27,0.47,1.92,8.99,-0.09,0.14,0.14,0.00,0.00,0.00,0.00,0.00,0.00,-3.68,-7.09,3.11,0.13,0.16,0.23
45.931694,8.86,-2.03,1.69,0.02,-0.09,-0.01,-45.81,20.31,-16.38,-0.63,-5.70,7.69,-0.04,-0.14,-0.04,-3.56,-8.01,0.51,0.01,-0.13,-0.21,0.36,1.80,8.77,-0.11,0.03,0.13,0.00,0.00,0.00,0.00,0.00,0.00,-3.70,-7.20,2.82,0.06,0.08,0.14
45.955161,8.97,-2.29,1.84,0.02,-0.09,-0.01,-46.25,19.00,-17.38,-0.83,-5.77,7.45,0.01,-0.18,-0.04,-3.53,-7.94,0.53,0.02,-0.17,-0.09,0.38,1.77,8.72,-0.05,-0.10,0.16,0.00,0.00,0.00,0.00,0.00,0.00,-3.57,-7.34,2.53,0.07,-0.02,0.14
45.977771,8.86,-2.29,1.58,0.17,-0.02,-0.13,-46.25,19.00,-17.38,-0.91,-5.79,7.42,0.12,-0.31,-0.03,-3.62,-8.05,0.62,0.03,-0.24,-0.01,0.55,1.83,8.94,0.01,-0.16,0.22,0.00,0.00,0.00,0.00,0.00,0.00,-3.31,-7.50,2.32,0.17,-0.14,0.21
45.999536,9.01,-2.06,1.46,0.27,-0.02,-0.17,-46.25,19.00,-17.38,-0.71,-5.75,7.57,0.14,-0.56,-0.13,-3.52,-8.06,0.69,0.03,-0.30,0.03,0.62,1.84,9.00,0.14,-0.13,0.31,0.00,0.00,0.00,0.00,0.00,0.00,-2.93,-7.44,2.46,0.31,-0.21,0.36
46.023676,8.75,-1.84,1.77,0.29,0.07,-0.13,-46.25,19.00,-17.38,-0.34,-5.58,7.79,0.18,-0.53,-0.10,-3.51,-8.00,0.63,0.01,-0.31,0.04,0.62,1.98,8.98,0.20,-0.08,0.33,0.00,0.00,0.00,0.00,0.00,0.00,-3.40,-6.80,3.19,0.32,-0.22,0.40
46.044746,8.71,-1.91,1.77,0.29,0.07,-0.13,-46.50,17.56,-16.25,-0.10,-5.47,8.05,0.14,-0.51,-0.09,-3.76,-8.12,0.75,-0.01,-0.29,0.03,0.77,2.17,9.14,0.18,-0.03,0.33,0.00,0.00,0.00,0.00,0.00,0.00,-3.58,-6.73,3.34,0.26,-0.22,0.36
46.065395,8.89,-1.87,1.65,0.29,0.07,-0.13,-46.50,17.56,-16.25,0.14,-5.62,7.97,0.10,-0.53,-0.06,-3.68,-8.15,0.89,-0.03,-0.29,-0.01,0.88,2.11,9.21,0.14,0.02,0.34,0.00,0.00,0.00,0.00,0.00,0.00,-3.40,-6.65,3.58,0.18,-0.24,0.30
46.089509,9.01,-1.72,1.65,0.22,-0.07,-0.02,-46.50,17.56,-16.25,0.26,-5.61,7.95,0.10,-0.41,0.02,-3.48,-8.13,0.76,-0.06,-0.25,-0.05,0.67,2.06,9.09,0.12,0.12,0.30,0.00,0.00,0.00,0.00,0.00,0.00,-3.18,-6.79,3.41,0.10,-0.18,0.27
46.113529,8.97,-1.68,1.80,0.15,-0.06,0.02,-46.50,17.56,-16.25,-0.09,-5.44,7.93,0.11,-0.33,0.01,-3.18,-7.94,0.62,-0.08,-0.16,-0.01,0.49,2.12,8.77,0.15,0.18,0.23,0.00,0.00,0.00,0.00,0.00,0.00,-3.22,-6.86,3.22,0.09,-0.09,0.25
46.135056,8.86,-1.91,1.92,0.15,-0.06,0.02,-46.75,17.12,-16.56,-0.06,-5.48,7.86,0.13,-0.26,-0.01,-3.47,-8.05,0.65,-0.10,-0.08,0.11,0.38,2.12,8.74,0.19,0.12,0.17,0.00,0.00,0.00,0.00,0.00,0.00,-3.62,-6.92,3.14,0.10,-0.03,0.24
46.160347,9.09,-1.95,1.58,0.15,-0.06,0.02,-46.19,17.50,-15.94,0.05,-5.69,7.75,0.16,-0.29,0.01,-3.74,-8.17,0.98,-0.07,-0.11,0.14,0.71,2.00,9.02,0.15,0.03,0.17,0.00,0.00,0.00,0.00,0.00,0.00,-3.80,-6.91,3.32,0.12,-0.11,0.23
46.181739,9.17,-2.03,1.50,0.18,0.01,-0.09,-46.19,17.50,-15.94,0.29,-5.74,7.78,0.19,-0.35,0.06,-3.67,-8.00,1.20,-0.09,-0.20,0.17,1.00,1.95,9.04,0.14,0.03,0.27,0.00,0.00,0.00,0.00,0.00,0.00,-3.52,-6.81,3.45,0.10,-0.21,0.25
46.199261,9.09,-2.03,1.65,0.33,0.03,-0.08,-46.19,17.50,-15.94,0.23,-5.41,7.90,0.20,-0.33,0.12,-3.68,-7.85,0.81,-0.13,-0.23,0.22,0.57,2.32,8.77,0.18,0.04,0.32,0.00,0.00,0.00,0.00,0.00,0.00,-3.40,-6.67,3.25,0.12,-0.24,0.31
46.221129,8.75,-1.87,2.00,0.33,0.03,-0.08,-47.00,15.94,-13.75,-0.20,-4.96,8.18,0.23,-0.30,0.11,-3.56,-7.90,0.33,-0.15,-0.15,0.30,0.17,2.60,8.65,0.26,0.05,0.29,0.00,0.00,0.00,0.00,0.00,0.00,-3.62,-6.75,3.00,0.19,-0.18,0.34
46.244864,8.86,-1.84,1.65,0.13,0.08,-0.13,-47.00,15.94,-13.75,-0.14,-5.23,7.80,0.21,-0.27,0.02,-3.78,-7.91,0.62,-0.08,-0.11,0.31,0.43,2.37,8.79,0.28,0.01,0.24,0.00,0.00,0.00,0.00,0.00,0.00,-3.92,-6.44,3.46,0.23,-0.18,0.30
46.266349,8.75,-2.03,1.65,0.24,0.12,-0.15,-47.00,15.94,-13.75,0.13,-5.33,7.59,0.25,-0.32,0.03,-3.62,-7.62,0.98,-0.07,-0.14,0.37,0.66,2.18,8.55,0.31,-0.01,0.30,0.00,0.00,0.00,0.00,0.00,0.00,-3.83,-6.34,3.46,0.17,-0.24,0.25
46.288245,8.66,-1.91,1.80,0.35,0.15,-0.17,-46.94,15.12,-16.12,-0.01,-5.21,7.63,0.28,-0.35,0.03,-3.59,-7.59,0.62,-0.09,-0.16,0.47,0.34,2.31,8.44,0.40,-0.04,0.36,0.00,0.00,0.00,0.00,0.00,0.00,-3.71,-6.33,3.48,0.16,-0.25,0.23
46.311803,8.82,-1.87,1.96,0.30,0.25,-0.21,-46.94,15.12,-16.12,-0.11,-5.16,7.92,0.33,-0.36,-0.01,-4.12,-7.88,0.67,-0.05,-0.17,0.49,0.39,2.45,8.68,0.41,-0.13,0.33,0.00,0.00,0.00,0.00,0.00,0.00,-4.08,-6.53,3.36,0.11,-0.25,0.17
46.33283,9.01,-1.95,1.69,0.32,0.23,-0.27,-46.94,15.12,-16.12,0.13,-5.30,7.92,0.32,-0.41,-0.02,-4.23,-7.87,1.00,-0.01,-0.27,0.45,0.73,2.46,8.79,0.38,-0.19,0.38,0.00,0.00,0.00,0.00,0.00,0.00,-3.67,-6.64,3.40,0.16,-0.34,0.17
46.354688,8.97,-1.87,1.73,0.46,0.21,-0.28,-46.94,15.12,-16.12,0.37,-5.23,7.95,0.33,-0.47,0.01,-3.98,-7.68,1.05,-0.02,-0.36,0.45,0.77,2.51,8.59,0.42,-0.20,0.46,0.00,0.00,0.00,0.00,0.00,0.00,-3.30,-6.92,3.04,0.27,-0.40,0.28
46.381419,8.93,-1.53,2.15,0.46,0.21,-0.28,-46.50,13.56,-15.75,0.11,-5.18,8.00,0.35,-0.53,0.01,-3.89,-7.76,0.96,-0.02,-0.38,0.56,0.65,2.74,8.57,0.53,-0.25,0.49,0.00,0.00,0.00,0.00,0.00,0.00,-2.79,-7.66,2.10,0.64,-0.49,0.58
46.399209,9.17,-1.49,1.88,0.52,0.22,-0.39,-46.50,13.56,-15.75,0.42,-5.44,7.93,0.42,-0.63,0.01,-4.29,-7.97,1.30,0.03,-0.46,0.61,1.01,2.59,9.07,0.56,-0.30,0.55,0.00,0.00,0.00,0.00,0.00,0.00,-2.85,-7.73,1.88,1.19,-0.72,1.01
46.421841,9.47,-1.34,1.50,0.57,0.23,-0.49,-46.50,13.56,-15.75,0.91,-5.68,7.77,0.50,-0.72,0.01,-4.09,-7.82,1.48,0.04,-0.54,0.63,1.21,2.38,8.95,0.55,-0.32,0.63,0.00,0.00,0.00,0.00,0.00,0.00,-1.74,-7.70,1.66,1.84,-1.06,1.49
46.445172,9.47,-0.88,2.04,0.57,0.23,-0.49,-45.06,8.94,-15.56,0.96,-5.61,7.77,0.76,-0.86,0.05,-4.49,-8.04,1.05,0.07,-0.51,0.61,1.02,3.01,9.28,0.46,-0.34,0.55,0.00,0.00,0.00,0.00,0.00,0.00,-0.96,-6.91,2.00,2.73,-1.28,2.27
46.465926,9.47,-0.84,2.38,0.57,0.23,-0.49,-46.19,9.25,-18.06,1.18,-4.89,8.74,1.03,-1.06,0.02,-4.79,-8.14,1.05,0.13,-0.43,0.53,1.08,3.44,9.38,0.37,-0.28,0.42,0.00,0.00,0.00,0.00,0.00,0.00,-3.60,-3.41,6.02,3.10,-1.40,2.67
46.488938,9.36,-0.99,2.42,0.30,0.27,-0.46,-46.19,9.25,-18.06,1.50,-4.64,8.78,1.17,-1.18,0.15,-5.19,-8.10,1.51,0.16,-0.39,0.41,1.49,3.56,9.35,0.24,-0.28,0.39,0.00,0.00,0.00,0.00,0.00,0.00,-6.26,-0.60,10.06,2.36,-1.26,2.09
46.511797,9.77,-0.91,2.42,0.33,0.08,-0.44,-45.19,6.56,-16.19,1.91,-4.91,8.51,1.26,-1.32,0.25,-5.22,-8.08,1.80,0.16,-0.42,0.25,1.67,3.41,9.34,0.08,-0.29,0.46,0.00,0.00,0.00,0.00,0.00,0.00,-5.09,-2.60,8.14,1.19,-0.97,1.09
46.532433,9.77,-0.91,2.42,0.40,0.02,-0.44,-45.50,7.06,-15.50,2.17,-4.85,9.10,1.24,-1.29,0.28,-4.81,-8.01,1.80,0.14,-0.43,0.26,1.59,3.03,9.27,0.09,-0.32,0.47,0.00,0.00,0.00,0.00,0.00,0.00,-3.92,-4.02,6.92,1.00,-0.85,0.89
46.554721,10.46,-0.88,2.84,0.40,0.02,-0.44,-45.50,7.06,-15.50,1.96,-4.41,9.34,1.21,-1.23,0.29,-5.02,-8.10,1.64,0.13,-0.39,0.36,1.46,3.31,9.33,0.18,-0.37,0.44,0.00,0.00,0.00,0.00,0.00,0.00,-4.06,-3.99,6.89,1.06,-0.77,0.95
46.577611,9.93,-1.03,2.69,0.45,0.34,-0.52,-45.50,7.06,-15.50,1.95,-4.05,9.77,1.04,-1.29,0.32,-5.45,-8.22,1.87,0.18,-0.46,0.44,1.70,3.54,9.50,0.21,-0.47,0.49,0.00,0.00,0.00,0.00,0.00,0.00,-5.15,-2.86,8.03,1.01,-0.78,0.92
46.599017,9.55,-0.57,2.30,0.56,0.29,-0.65,-45.50,7.06,-15.50,1.92,-3.57,10.17,0.80,-1.32,0.33,-5.56,-8.19,2.27,0.24,-0.61,0.44,2.06,3.48,9.51,0.15,-0.55,0.64,0.00,0.00,0.00,0.00,0.00,0.00,-5.35,-2.34,8.53,0.60,-0.89,0.63
46.620602,9.70,-0.07,2.23,0.71,0.14,-0.77,-45.50,7.06,-15.50,2.34,-3.71,9.93,0.55,-1.20,0.24,-5.15,-8.01,2.23,0.31,-0.73,0.44,2.07,3.24,9.31,0.11,-0.63,0.76,0.00,0.00,0.00,0.00,0.00,0.00,-4.19,-3.37,7.46,0.41,-1.00,0.44
46.644537,10.31,0.66,2.96,0.52,0.29,-0.80,-45.50,7.06,-15.50,2.46,-3.61,9.80,0.43,-1.05,0.06,-4.89,-7.92,1.80,0.38,-0.59,0.50,1.79,3.43,9.16,0.16,-0.68,0.61,0.00,0.00,0.00,0.00,0.00,0.00,-3.40,-3.78,6.93,0.54,-0.92,0.34
46.666465,9.89,0.31,3.11,0.52,0.29,-0.80,-44.12,-0.38,-15.81,2.70,-3.36,9.78,0.38,-0.93,-0.13,-5.39,-7.81,1.89,0.44,-0.42,0.52,2.05,3.85,9.16,0.18,-0.72,0.41,0.00,0.00,0.00,0.00,0.00,0.00,-3.57,-3.24,6.91,0.78,-0.85,0.35
46.687766,9.51,-0.19,3.15,0.52,0.29,-0.80,-43.12,-1.94,-16.12,2.76,-3.49,9.29,0.37,-0.93,-0.17,-5.83,-7.69,2.36,0.50,-0.43,0.50,2.49,3.87,9.15,0.13,-0.79,0.41,0.00,0.00,0.00,0.00,0.00,0.00,-4.44,-1.66,8.68,0.80,-0.88,0.34
46.708025,9.43,-0.26,2.99,0.52,0.29,-0.80,-43.12,-1.94,-16.12,2.94,-3.46,9.33,0.38,-1.09,-0.16,-5.77,-7.60,2.55,0.54,-0.51,0.48,2.63,3.73,9.11,0.09,-0.88,0.50,0.00,0.00,0.00,0.00,0.00,0.00,-4.17,-1.98,8.53,0.49,-0.92,0.17
46.73923,10.39,0.93,3.07,0.44,0.25,-1.00,-43.12,-1.94,-16.12,2.88,-3.30,9.70,0.38,-1.20,-0.24,-5.48,-7.62,2.47,0.61,-0.53,0.53,2.64,3.53,9.18,0.11,-1.09,0.50,0.00,0.00,0.00,0.00,0.00,0.00,-3.45,-2.94,7.69,0.56,-0.94,0.13
46.755031,10.46,0.81,3.11,0.36,0.38,-1.05,-43.12,-1.94,-16.12,3.34,-3.43,9.71,0.35,-1.16,-0.38,-5.51,-7.61,2.65,0.67,-0.45,0.62,2.84,3.52,9.20,0.18,-1.09,0.43,0.00,0.00,0.00,0.00,0.00,0.00,-3.66,-2.30,8.77,0.56,-0.93,0.06
46.776697,10.58,0.85,3.34,0.27,0.50,-1.05,-43.12,-1.94,-16.12,3.97,-3.04,10.56,0.30,-1.07,-0.49,-6.23,-7.76,2.95,0.68,-0.38,0.66,3.32,4.10,9.51,0.22,-1.07,0.35,0.00,0.00,0.00,0.00,0.00,0.00,-3.41,-2.31,8.68,0.50,-0.89,-0.05
46.800235,11.08,1.04,4.07,0.21,0.50,-1.01,-40.56,-10.06,-16.50,4.59,-3.08,10.96,0.19,-0.93,-0.53,-6.99,-8.01,3.24,0.66,-0.30,0.62,3.87,4.70,10.02,0.19,-1.02,0.27,0.00,0.00,0.00,0.00,0.00,0.00,-3.26,-2.08,9.36,0.62,-0.84,-0.03
46.82051,11.54,1.19,4.03,0.21,0.50,-1.01,-40.56,-10.06,-16.50,4.93,-3.35,11.01,0.15,-0.84,-0.55,-7.13,-8.12,3.51,0.64,-0.23,0.57,4.11,4.65,10.23,0.19,-0.96,0.21,0.00,0.00,0.00,0.00,0.00,0.00,-3.45,-1.79,10.43,0.59,-0.77,-0.07
46.84195,11.77,1.38,3.95,0.08,0.37,-0.86,-40.56,-10.06,-16.50,5.35,-3.52,11.16,0.16,-0.76,-0.57,-7.30,-8.13,3.98,0.62,-0.19,0.55,4.61,4.59,10.37,0.22,-0.93,0.16,0.00,0.00,0.00,0.00,0.00,0.00,-3.11,-2.13,10.48,0.48,-0.71,-0.14
46.867459,12.04,2.15,4.18,0.04,0.46,-0.76,-40.56,-10.06,-16.50,6.02,-3.71,11.22,0.18,-0.67,-0.59,-7.46,-8.07,4.56,0.59,-0.13,0.56,5.25,4.53,10.44,0.27,-0.86,0.10,0.00,0.00,0.00,0.00,0.00,0.00,-2.31,-2.40,10.46,0.57,-0.64,-0.10
46.887841,12.00,2.42,4.14,0.04,0.46,-0.76,-38.56,-13.25,-15.69,6.85,-3.78,11.26,0.21,-0.53,-0.57,-7.59,-7.94,5.02,0.49,-0.02,0.54,5.86,4.64,10.56,0.30,-0.73,0.01,0.00,0.00,0.00,0.00,0.00,0.00,-1.50,-2.10,10.98,0.67,-0.52,-0.02
46.909473,11.81,2.76,4.14,0.04,0.46,-0.76,-37.75,-16.19,-16.62,7.32,-3.51,11.39,0.24,-0.30,-0.53,-7.85,-7.76,5.28,0.34,0.11,0.46,6.24,4.86,10.51,0.31,-0.53,-0.12,0.00,0.00,0.00,0.00,0.00,0.00,-1.58,-1.16,12.02,0.61,-0.27,-0.01
46.932981,11.12,2.88,4.45,-0.23,0.40,-0.15,-37.50,-15.19,-18.06,7.30,-3.14,11.22,0.21,-0.09,-0.45,-8.21,-7.49,5.43,0.20,0.20,0.33,6.45,5.08,10.25,0.26,-0.33,-0.18,0.00,0.00,0.00,0.00,0.00,0.00,-1.87,-0.71,12.00,0.33,-0.05,-0.10
46.954339,10.81,2.80,4.56,-0.20,0.27,-0.07,-37.50,-15.19,-18.06,7.13,-2.88,10.95,0.15,-0.01,-0.35,-8.17,-7.18,5.39,0.12,0.19,0.22,6.38,5.09,9.86,0.18,-0.21,-0.17,0.00,0.00,0.00,0.00,0.00,0.00,-1.75,-0.79,11.36,0.15,0.03,-0.14
46.975969,10.58,2.84,4.56,-0.20,0.27,-0.07,-37.31,-13.81,-16.00,6.86,-2.67,10.57,0.10,0.06,-0.28,-7.87,-6.88,5.18,0.06,0.19,0.13,6.14,4.97,9.47,0.11,-0.13,-0.17,0.00,0.00,0.00,0.00,0.00,0.00,-1.55,-0.96,10.69,0.12,0.08,-0.11
47.00202,9.59,2.53,3.95,-0.17,0.03,0.03,-37.00,-14.19,-18.81,6.45,-2.57,10.05,0.03,0.12,-0.22,-7.50,-6.54,5.03,0.02,0.18,0.03,5.88,4.67,9.00,0.03,-0.05,-0.16,0.00,0.00,0.00,0.00,0.00,0.00,-1.64,-0.81,10.23,0.06,0.11,-0.10
47.021012,9.59,2.53,3.95,-0.17,0.03,0.03,-37.00,-14.19,-18.81,6.26,-2.65,9.56,-0.01,0.12,-0.15,-7.17,-6.29,4.94,-0.03,0.13,-0.03,5.75,4.36,8.69,-0.03,-0.00,-0.11,0.00,0.00,0.00,0.00,0.00,0.00,-1.53,-0.70,10.02,0.00,0.11,-0.06
47.042573,9.17,2.34,3.53,-0.09,-0.04,0.05,-37.00,-14.19,-18.81,5.99,-2.64,9.15,-0.04,0.11,-0.06,-6.83,-6.09,4.79,-0.08,0.06,-0.09,5.51,4.10,8.36,-0.08,0.05,-0.04,0.00,0.00,0.00,0.00,0.00,0.00,-1.48,-0.77,9.55,-0.11,0.10,-0.03
47.06752,8.93,2.27,3.38,0.06,-0.14,0.07,-37.00,-14.19,-18.81,5.55,-2.63,8.76,-0.07,0.08,0.03,-6.38,-5.91,4.48,-0.11,-0.02,-0.13,5.10,3.80,8.00,-0.12,0.08,0.05,0.00,0.00,0.00,0.00,0.00,0.00,-1.56,-0.99,8.97,-0.21,0.07,-0.01
47.085201,8.97,2.34,3.38,0.09,-0.12,0.06,-37.00,-14.19,-18.81,5.34,-2.63,8.56,-0.06,0.06,0.05,-6.05,-5.80,4.23,-0.12,-0.05,-0.12,4.85,3.65,7.81,-0.11,0.09,0.07,0.00,0.00,0.00,0.00,0.00,0.00,-1.30,-1.39,8.40,-0.20,0.06,0.01
47.105851,8.89,2.42,3.34,0.04,-0.06,0.06,-37.00,-14.19,-18.81,5.18,-2.60,8.43,-0.04,0.06,0.03,-5.82,-5.73,4.06,-0.13,-0.02,-0.10,4.64,3.55,7.68,-0.09,0.09,0.05,0.00,0.00,0.00,0.00,0.00,0.00,-1.39,-1.29,8.42,-0.14,0.08,0.03
47.129724,8.78,2.04,3.34,-0.01,-0.01,0.08,-37.25,-14.25,-17.44,5.11,-2.64,8.29,-0.01,0.07,0.02,-5.81,-5.66,4.06,-0.14,0.00,-0.07,4.65,3.49,7.60,-0.06,0.09,0.03,0.00,0.00,0.00,0.00,0.00,0.00,-1.46,-1.24,8.32,-0.16,0.09,0.02
47.151368,8.82,2.00,3.45,0.05,0.00,0.08,-37.25,-14.25,-17.44,5.04,-2.53,8.40,0.01,0.05,0.03,-5.91,-5.70,3.97,-0.16,-0.00,-0.04,4.59,3.65,7.64,-0.03,0.10,0.05,0.00,0.00,0.00,0.00,0.00,0.00,-1.56,-1.17,8.37,-0.15,0.10,0.05
47.172992,8.86,2.11,3.64,0.07,0.02,0.07,-37.25,-14.25,-17.44,4.94,-2.39,8.58,0.03,0.05,0.03,-6.08,-5.76,3.85,-0.15,-0.01,-0.02,4.52,3.85,7.67,-0.01,0.09,0.05,0.00,0.00,0.00,0.00,0.00,0.00,-1.74,-1.22,8.24,-0.12,0.08,0.06
47.196142,9.01,2.00,3.80,0.07,0.02,0.07,-37.62,-13.19,-18.19,4.81,-2.32,8.68,0.04,0.01,0.01,-6.16,-5.83,3.77,-0.12,-0.03,0.00,4.41,3.97,7.74,-0.00,0.05,0.06,0.00,0.00,0.00,0.00,0.00,0.00,-1.94,-1.26,8.20,-0.03,0.04,0.10
47.217909,9.09,2.07,3.84,0.06,0.04,0.00,-37.62,-13.19,-18.19,4.88,-2.27,8.87,0.05,0.00,-0.03,-6.24,-5.91,3.64,-0.09,-0.01,0.02,4.41,4.12,7.86,0.01,0.02,0.03,0.00,0.00,0.00,0.00,0.00,0.00,-1.98,-1.12,8.48,0.03,0.02,0.09
47.23955,9.09,2.11,3.88,0.02,0.06,-0.02,-37.62,-13.19,-18.19,5.00,-2.25,9.06,0.03,0.01,-0.06,-6.45,-6.00,3.75,-0.07,0.02,0.02,4.55,4.23,8.03,0.01,-0.00,0.00,0.00,0.00,0.00,0.00,0.00,0.00,-2.16,-0.82,8.92,0.03,0.02,0.06
47.264059,9.21,1.88,3.95,-0.02,0.04,-0.02,-37.25,-14.75,-17.06,5.11,-2.32,9.08,0.02,-0.02,-0.06,-6.63,-6.00,3.99,-0.05,-0.01,0.00,4.70,4.25,8.03,-0.01,-0.02,0.03,0.00,0.00,0.00,0.00,0.00,0.00,-2.09,-0.91,8.87,-0.04,-0.01,0.03
47.284992,9.32,2.00,3.99,-0.02,0.04,-0.02,-37.81,-15.12,-18.44,5.19,-2.38,9.14,0.02,-0.05,-0.04,-6.62,-6.04,4.01,-0.05,-0.05,0.00,4.80,4.25,8.13,-0.02,-0.03,0.06,0.00,0.00,0.00,0.00,0.00,0.00,-2.01,-0.96,8.95,-0.04,-0.03,0.04
47.304932,9.35,2.15,3.91,-0.02,0.04,-0.02,-37.81,-15.12,-18.44,5.30,-2.36,9.23,0.01,-0.06,-0.03,-6.63,-6.08,4.02,-0.05,-0.06,-0.00,4.81,4.29,8.18,-0.03,-0.03,0.07,0.00,0.00,0.00,0.00,0.00,0.00,-1.91,-0.99,8.95,-0.04,-0.04,0.05
47.328569,9.31,2.30,3.91,0.04,-0.03,-0.03,-37.81,-15.12,-18.44,5.44,-2.31,9.37,-0.02,-0.03,-0.03,-6.66,-6.13,4.04,-0.05,-0.04,-0.04,4.86,4.33,8.24,-0.06,0.00,0.05,0.00,0.00,0.00,0.00,0.00,0.00,-1.87,-0.90,9.10,-0.04,-0.01,0.03
47.351218,9.28,2.27,3.84,0.04,-0.03,-0.03,-37.88,-14.75,-16.69,5.47,-2.46,9.19,-0.04,0.02,-0.02,-6.54,-6.10,4.12,-0.07,-0.02,-0.08,4.88,4.17,8.19,-0.08,0.04,0.03,0.00,0.00,0.00,0.00,0.00,0.00,-1.81,-0.87,9.22,-0.09,0.03,0.01
47.374031,9.27,2.15,3.61,0.04,-0.03,-0.03,-37.62,-13.75,-17.12,5.27,-2.55,9.01,-0.05,0.04,0.00,-6.37,-6.07,4.12,-0.09,-0.02,-0.10,4.77,4.00,8.10,-0.08,0.06,0.03,0.00,0.00,0.00,0.00,0.00,0.00,-1.78,-1.14,8.86,-0.13,0.05,-0.00
47.396253,9.28,2.19,3.57,0.01,-0.07,0.04,-37.62,-13.75,-17.12,5.21,-2.61,8.89,-0.04,0.03,0.00,-6.25,-6.04,4.12,-0.09,-0.01,-0.09,4.73,3.89,8.05,-0.08,0.06,0.03,0.00,0.00,0.00,0.00,0.00,0.00,-1.78,-1.18,8.83,-0.15,0.05,-0.01
47.418477,9.16,2.19,3.57,0.03,-0.04,0.03,-37.62,-13.75,-17.12,5.20,-2.59,8.87,-0.03,0.04,0.00,-6.18,-6.03,4.04,-0.10,-0.01,-0.08,4.67,3.87,8.00,-0.07,0.06,0.02,0.00,0.00,0.00,0.00,0.00,0.00,-1.63,-1.36,8.56,-0.12,0.07,-0.00
47.43995,9.16,2.15,3.49,0.01,-0.03,0.04,-37.62,-13.75,-17.12,5.13,-2.63,8.80,-0.02,0.06,-0.01,-6.08,-6.02,4.00,-0.10,0.01,-0.07,4.60,3.77,7.97,-0.05,0.07,0.01,0.00,0.00,0.00,0.00,0.00,0.00,-1.72,-1.31,8.63,-0.07,0.08,0.02
47.464275,9.12,1.92,3.49,0.01,0.01,0.05,-37.62,-13.75,-17.12,5.12,-2.69,8.71,0.01,0.06,-0.00,-6.11,-5.96,4.07,-0.11,0.01,-0.04,4.69,3.70,7.94,-0.03,0.06,0.02,0.00,0.00,0.00,0.00,0.00,0.00,-1.69,-1.26,8.58,-0.08,0.07,0.04
47.483552,9.12,1.92,3.49,0.01,0.01,0.05,-37.62,-13.75,-17.12,5.08,-2.60,8.77,0.03,0.04,0.02,-6.16,-5.99,3.99,-0.13,-0.01,-0.02,4.62,3.82,7.97,-0.01,0.06,0.04,0.00,0.00,0.00,0.00,0.00,0.00,-1.81,-1.13,8.68,-0.07,0.06,0.07
47.506666,9.05,2.04,3.61,0.07,0.00,0.05,-37.62,-13.75,-17.12,4.98,-2.42,8.92,0.03,0.04,0.03,-6.20,-6.05,3.81,-0.13,-0.01,-0.03,4.47,3.99,8.01,-0.02,0.07,0.05,0.00,0.00,0.00,0.00,0.00,0.00,-1.92,-1.13,8.60,-0.09,0.06,0.07
47.531259,9.01,1.96,3.64,0.02,-0.02,0.05,-38.12,-14.62,-17.75,4.95,-2.42,8.91,0.02,0.07,0.02,-6.18,-6.04,3.76,-0.12,0.00,-0.04,4.40,3.97,7.97,-0.02,0.07,0.02,0.00,0.00,0.00,0.00,0.00,0.00,-1.89,-1.19,8.51,-0.07,0.08,0.05
47.552302,9.09,1.96,3.61,-0.01,-0.02,0.05,-38.12,-14.62,-17.75,4.85,-2.52,8.78,0.02,0.07,-0.01,-6.12,-6.00,3.76,-0.11,0.02,-0.04,4.43,3.91,7.93,-0.02,0.06,0.01,0.00,0.00,0.00,0.00,0.00,0.00,-2.02,-1.10,8.67,-0.08,0.08,0.03
47.574749,9.17,1.92,3.61,-0.01,-0.02,0.05,-37.62,-13.19,-17.44,4.88,-2.48,8.85,0.03,0.03,-0.02,-6.20,-6.02,3.83,-0.10,0.01,-0.02,4.47,3.95,7.95,-0.01,0.04,0.02,0.00,0.00,0.00,0.00,0.00,0.00,-2.03,-1.21,8.52,-0.08,0.06,0.03
47.597281,9.17,2.00,3.68,-0.01,-0.02,0.05,-37.81,-15.12,-17.75,4.92,-2.48,8.89,0.04,0.01,-0.02,-6.22,-6.02,3.87,-0.09,-0.00,0.00,4.52,3.96,7.98,-0.00,0.02,0.03,0.00,0.00,0.00,0.00,0.00,0.00,-1.90,-1.25,8.50,-0.04,0.03,0.05
47.619134,9.17,2.00,3.64,0.04,0.04,-0.01,-37.81,-15.12,-17.75,4.99,-2.48,8.93,0.04,-0.00,-0.02,-6.22,-6.02,3.86,-0.09,-0.00,0.02,4.53,4.01,7.99,0.01,0.01,0.03,0.00,0.00,0.00,0.00,0.00,0.00,-1.89,-1.14,8.64,-0.01,0.03,0.06
47.641712,9.13,2.07,3.76,0.05,0.04,-0.00,-37.81,-15.12,-17.75,5.02,-2.37,9.03,0.04,0.00,-0.04,-6.32,-6.04,3.82,-0.09,0.01,0.02,4.53,4.12,8.02,0.01,0.02,0.02,0.00,0.00,0.00,0.00,0.00,0.00,-1.93,-1.08,8.68,0.01,0.04,0.06
47.666236,9.13,2.04,3.84,-0.02,0.03,0.02,-37.31,-13.81,-16.75,5.05,-2.33,9.10,0.03,0.02,-0.05,-6.44,-6.05,3.86,-0.09,0.03,-0.00,4.58,4.16,8.05,-0.01,0.02,0.00,0.00,0.00,0.00,0.00,0.00,0.00,-2.08,-0.87,8.88,-0.05,0.06,0.03
47.688142,9.09,1.92,3.84,-0.02,0.03,0.02,-37.31,-13.81,-16.75,4.97,-2.29,9.08,0.02,0.02,-0.03,-6.46,-6.07,3.86,-0.08,0.01,-0.02,4.54,4.17,8.03,-0.02,0.02,0.01,0.00,0.00,0.00,0.00,0.00,0.00,-2.13,-0.97,8.76,-0.06,0.04,0.02
47.709901,9.16,2.04,3.72,0.01,-0.02,-0.02,-37.31,-13.81,-16.75,4.92,-2.42,8.98,0.00,-0.01,-0.04,-6.32,-6.10,3.81,-0.06,-0.01,-0.03,4.51,4.06,8.06,-0.02,-0.00,0.02,0.00,0.00,0.00,0.00,0.00,0.00,-2.06,-1.17,8.64,-0.07,0.01,0.00
47.733275,9.28,2.11,3.57,0.00,0.00,-0.04,-37.56,-14.19,-17.81,5.02,-2.54,8.94,0.00,-0.01,-0.06,-6.19,-6.09,3.89,-0.04,0.00,-0.01,4.55,3.96,8.06,-0.02,-0.01,0.01,0.00,0.00,0.00,0.00,0.00,0.00,-1.93,-1.20,8.74,-0.05,0.01,-0.00
47.75446,9.27,2.04,3.64,-0.01,0.03,-0.03,-37.56,-14.19,-17.81,5.16,-2.55,8.99,0.01,-0.01,-0.07,-6.31,-6.07,4.02,-0.05,0.01,-0.01,4.71,4.00,8.09,-0.02,-0.01,0.01,0.00,0.00,0.00,0.00,0.00,0.00,-1.82,-1.12,8.80,-0.05,0.02,-0.00
47.775595,9.21,2.07,3.72,0.00,0.03,-0.01,-37.56,-14.19,-17.81,5.26,-2.48,9.06,0.01,0.00,-0.04,-6.44,-6.06,4.08,-0.07,0.00,-0.01,4.78,4.08,8.11,-0.02,0.01,0.02,0.00,0.00,0.00,0.00,0.00,0.00,-1.81,-1.05,8.89,-0.07,0.03,0.01
47.799927,9.25,2.11,3.84,0.00,0.03,-0.01,-37.12,-12.31,-17.50,5.15,-2.44,9.04,0.00,-0.01,-0.02,-6.43,-6.06,4.03,-0.08,-0.02,-0.02,4.72,4.11,8.09,-0.03,0.02,0.04,0.00,0.00,0.00,0.00,0.00,0.00,-1.92,-1.10,8.81,-0.06,0.02,0.03
47.820239,9.24,2.19,3.80,0.00,0.03,-0.01,-37.12,-12.31,-17.50,5.19,-2.40,9.06,-0.00,-0.01,-0.03,-6.36,-6.05,3.96,-0.07,-0.02,-0.03,4.66,4.12,8.06,-0.03,0.02,0.03,0.00,0.00,0.00,0.00,0.00,0.00,-1.87,-1.08,8.84,-0.06,0.02,0.03
47.841911,9.20,2.23,3.76,0.02,-0.01,-0.01,-37.12,-12.31,-17.50,5.18,-2.41,9.04,-0.00,0.02,-0.04,-6.31,-6.04,3.95,-0.07,0.01,-0.03,4.64,4.08,8.05,-0.03,0.03,0.01,0.00,0.00,0.00,0.00,0.00,0.00,-1.86,-1.10,8.74,-0.05,0.04,0.02
47.866754,8.90,1.97,3.29,-0.02,-0.01,0.01,-37.94,-13.75,-16.00,5.06,-2.50,8.89,-0.00,0.02,-0.03,-6.29,-6.00,3.97,-0.08,0.00,-0.03,4.62,3.98,8.00,-0.04,0.03,0.02,0.00,0.00,0.00,0.00,0.00,0.00,-1.93,-1.03,8.70,-0.08,0.04,0.02
47.884643,8.82,1.82,3.25,-0.02,-0.01,0.01,-37.62,-13.75,-17.12,4.94,-2.47,8.86,-0.00,-0.00,-0.01,-6.20,-6.01,3.85,-0.08,-0.02,-0.03,4.48,3.97,7.97,-0.04,0.03,0.04,0.00,0.00,0.00,0.00,0.00,0.00,-1.97,-1.07,8.63,-0.09,0.03,0.03
47.904752,8.82,2.05,3.25,-0.02,-0.01,0.01,-37.62,-13.75,-17.12,4.90,-2.42,8.89,-0.00,-0.00,-0.02,-6.11,-6.02,3.73,-0.08,-0.00,-0.04,4.36,3.98,7.92,-0.04,0.03,0.03,0.00,0.00,0.00,0.00,0.00,0.00,-1.93,-1.25,8.43,-0.09,0.04,0.01
47.928904,8.90,2.09,3.33,-0.03,0.01,0.01,-37.62,-13.75,-17.12,4.81,-2.48,8.79,0.01,0.01,-0.06,-6.05,-5.99,3.74,-0.06,0.02,-0.02,4.31,3.90,7.86,-0.02,0.02,-0.00,0.00,0.00,0.00,0.00,0.00,0.00,-1.96,-1.38,8.32,-0.03,0.05,0.01
47.951127,8.97,1.97,3.33,-0.03,0.01,0.01,-37.00,-13.81,-17.12,4.82,-2.52,8.81,0.03,-0.00,-0.08,-6.14,-6.01,3.85,-0.04,0.02,0.02,4.41,3.89,7.91,0.01,-0.01,-0.01,0.00,0.00,0.00,0.00,0.00,0.00,-2.04,-1.21,8.59,-0.00,0.02,0.01
47.973487,8.93,1.97,3.33,-0.03,0.01,0.01,-37.69,-12.69,-17.50,5.11,-2.49,8.99,0.04,-0.03,-0.08,-6.32,-6.05,3.97,-0.04,0.01,0.04,4.66,4.04,8.04,0.02,-0.03,0.01,0.00,0.00,0.00,0.00,0.00,0.00,-1.93,-1.06,8.79,-0.02,-0.00,0.02
47.99558,8.93,2.16,3.45,-0.03,0.01,0.01,-37.69,-12.69,-17.50,5.25,-2.43,9.11,0.04,-0.02,-0.05,-6.46,-6.07,4.04,-0.06,-0.01,0.03,4.74,4.15,8.12,0.01,-0.02,0.03,0.00,0.00,0.00,0.00,0.00,0.00,-1.91,-0.97,8.93,-0.04,0.01,0.03
48.01808,9.12,2.24,3.64,0.04,0.02,-0.01,-37.69,-12.69,-17.50,5.17,-2.36,9.17,0.03,-0.02,-0.04,-6.50,-6.12,3.95,-0.06,-0.01,0.01,4.66,4.24,8.15,-0.01,-0.01,0.03,0.00,0.00,0.00,0.00,0.00,0.00,-1.96,-1.08,8.81,-0.03,0.01,0.04
48.039588,9.05,2.32,3.64,0.02,0.01,-0.01,-37.69,-12.69,-17.50,5.13,-2.25,9.27,0.01,-0.01,-0.06,-6.54,-6.15,3.90,-0.04,0.01,-0.01,4.62,4.34,8.15,-0.02,-0.01,0.01,0.00,0.00,0.00,0.00,0.00,0.00,-2.10,-0.96,8.97,-0.02,0.02,0.01
48.063783,8.97,2.20,3.60,-0.05,-0.01,-0.03,-37.69,-12.69,-17.50,5.25,-2.29,9.21,-0.02,-0.00,-0.08,-6.60,-6.07,4.02,-0.03,0.02,-0.03,4.76,4.29,8.13,-0.05,-0.01,-0.01,0.00,0.00,0.00,0.00,0.00,0.00,-1.95,-0.88,9.03,-0.05,0.02,-0.03
48.085377,8.93,2.20,3.56,-0.03,-0.04,-0.02,-37.69,-12.69,-17.50,5.34,-2.37,9.09,-0.03,0.00,-0.06,-6.55,-6.00,4.12,-0.04,0.01,-0.05,4.83,4.20,8.08,-0.07,-0.00,0.00,0.00,0.00,0.00,0.00,0.00,0.00,-1.85,-0.86,9.03,-0.10,0.02,-0.03
48.107015,8.97,2.20,3.52,0.01,-0.05,-0.01,-37.56,-14.69,-17.75,5.28,-2.44,8.98,-0.03,0.01,-0.03,-6.43,-5.97,4.10,-0.05,-0.01,-0.06,4.75,4.10,7.99,-0.07,0.01,0.03,0.00,0.00,0.00,0.00,0.00,0.00,-1.81,-1.09,8.80,-0.10,0.02,-0.01
48.127318,9.01,2.20,3.45,0.01,-0.05,-0.01,-37.56,-14.69,-17.75,5.17,-2.45,8.94,-0.02,0.00,-0.02,-6.33,-5.98,4.04,-0.06,-0.02,-0.04,4.68,4.04,8.00,-0.06,0.00,0.04,0.00,0.00,0.00,0.00,0.00,0.00,-1.84,-1.20,8.66,-0.07,0.01,0.01
48.151169,8.90,2.24,3.29,0.03,-0.02,-0.03,-37.56,-14.69,-17.75,5.06,-2.47,8.88,-0.02,-0.00,-0.03,-6.19,-6.00,3.98,-0.05,-0.02,-0.03,4.58,3.96,7.96,-0.06,-0.01,0.04,0.00,0.00,0.00,0.00,0.00,0.00,-1.83,-1.29,8.54,-0.02,0.00,0.03
48.172392,8.90,2.24,3.18,0.03,-0.02,-0.03,-37.88,-14.25,-16.38,5.11,-2.59,8.75,-0.00,-0.00,-0.04,-6.10,-5.95,4.05,-0.05,-0.01,-0.02,4.63,3.84,7.92,-0.04,-0.01,0.03,0.00,0.00,0.00,0.00,0.00,0.00,-1.74,-1.13,8.77,-0.00,0.00,0.03
48.194824,8.90,2.16,3.18,0.03,-0.02,-0.03,-37.69,-12.75,-17.12,5.19,-2.53,8.84,0.01,-0.00,-0.03,-6.18,-6.00,4.03,-0.07,-0.01,-0.01,4.66,3.93,7.99,-0.03,-0.01,0.03,0.00,0.00,0.00,0.00,0.00,0.00,-1.78,-1.11,8.75,-0.06,0.02,0.02
48.218519,8.90,2.32,3.29,-0.01,0.00,0.01,-37.69,-12.75,-17.12,5.17,-2.51,8.90,0.01,0.00,-0.04,-6.18,-6.00,4.02,-0.07,0.01,-0.02,4.66,3.92,7.98,-0.03,0.00,0.01,0.00,0.00,0.00,0.00,0.00,0.00,-1.74,-1.21,8.67,-0.05,0.04,0.02
48.241651,8.93,2.24,3.37,-0.01,0.00,0.01,-36.94,-14.75,-18.12,5.21,-2.49,8.92,0.01,0.01,-0.04,-6.29,-5.99,4.09,-0.07,0.02,-0.02,4.77,3.99,8.00,-0.02,0.01,0.01,0.00,0.00,0.00,0.00,0.00,0.00,-1.78,-1.11,8.74,-0.02,0.04,0.03
48.263763,8.93,2.28,3.41,-0.01,0.00,0.01,-37.50,-15.69,-17.38,5.26,-2.49,8.92,0.01,0.01,-0.03,-6.32,-5.99,4.07,-0.08,0.02,-0.01,4.77,4.01,8.00,-0.02,0.01,0.02,0.00,0.00,0.00,0.00,0.00,0.00,-1.74,-1.11,8.75,-0.01,0.04,0.05
48.28781,8.97,2.24,3.41,0.01,0.00,0.01,-37.50,-15.69,-17.38,5.10,-2.45,8.96,0.01,0.02,-0.03,-6.27,-6.03,3.99,-0.08,0.02,-0.01,4.63,3.99,8.00,-0.02,-0.00,0.01,0.00,0.00,0.00,0.00,0.00,0.00,-2.03,-0.95,8.98,-0.03,0.04,0.03
48.309699,9.01,2.12,3.37,-0.00,0.02,-0.01,-37.50,-15.69,-17.38,5.06,-2.48,8.98,0.01,0.01,-0.04,-6.30,-6.07,4.02,-0.07,0.01,-0.00,4.62,4.01,8.05,-0.03,-0.02,0.02,0.00,0.00,0.00,0.00,0.00,0.00,-1.95,-1.17,8.72,-0.08,0.02,0.00
48.332125,9.09,2.16,3.37,-0.00,0.02,-0.01,-37.25,-14.81,-16.00,5.14,-2.54,9.02,0.01,0.01,-0.06,-6.26,-6.09,4.05,-0.06,0.01,0.01,4.66,3.99,8.10,-0.02,-0.03,0.01,0.00,0.00,0.00,0.00,0.00,0.00,-1.77,-1.29,8.77,-0.06,0.02,0.01
48.35395,9.29,2.39,3.48,-0.00,0.02,-0.01,-36.19,-12.31,-18.56,5.34,-2.55,9.19,0.01,0.04,-0.08,-6.41,-6.13,4.16,-0.07,0.04,0.02,4.86,4.10,8.21,-0.01,-0.01,-0.02,0.00,0.00,0.00,0.00,0.00,0.00,-1.71,-1.22,8.95,-0.01,0.04,0.02
48.375442,9.32,2.32,3.64,-0.04,0.07,0.03,-36.19,-12.31,-18.56,5.56,-2.50,9.42,0.01,0.07,-0.07,-6.69,-6.23,4.23,-0.10,0.06,0.01,5.05,4.35,8.40,-0.02,0.02,-0.04,0.00,0.00,0.00,0.00,0.00,0.00,-1.74,-0.96,9.31,-0.00,0.08,0.04
48.397196,9.31,2.32,3.71,-0.04,0.04,0.08,-36.19,-12.31,-18.56,5.86,-2.46,9.89,-0.05,0.13,-0.02,-6.93,-6.41,4.32,-0.13,0.08,-0.04,5.14,4.51,8.63,-0.06,0.06,-0.05,0.00,0.00,0.00,0.00,0.00,0.00,-2.04,-0.70,9.91,-0.07,0.11,0.01
48.421297,9.89,2.36,3.71,-0.04,0.04,0.08,-37.25,-14.19,-17.81,5.87,-2.76,10.06,-0.16,0.27,0.03,-7.04,-6.54,4.48,-0.18,0.10,-0.09,5.30,4.45,8.85,-0.10,0.15,-0.08,0.00,0.00,0.00,0.00,0.00,0.00,-1.95,-1.01,9.97,-0.25,0.18,-0.07
48.443283,10.12,2.43,3.90,-0.08,-0.06,0.26,-37.56,-14.19,-18.12,6.15,-2.79,10.08,-0.19,0.38,0.08,-7.25,-6.59,4.61,-0.25,0.13,-0.12,5.43,4.52,8.91,-0.18,0.23,-0.11,0.00,0.00,0.00,0.00,0.00,0.00,-1.86,-1.00,10.10,-0.31,0.23,-0.09
48.463644,10.01,2.43,4.02,-0.08,-0.06,0.26,-37.56,-14.19,-18.12,5.90,-2.55,10.27,-0.22,0.46,0.11,-7.34,-6.62,4.52,-0.30,0.14,-0.18,5.38,4.75,8.94,-0.21,0.31,-0.12,0.00,0.00,0.00,0.00,0.00,0.00,-1.85,-0.97,10.02,-0.37,0.30,-0.09
48.487423,9.62,2.32,4.02,-0.11,-0.23,0.38,-38.50,-13.75,-15.69,5.48,-2.56,10.02,-0.26,0.54,0.15,-7.27,-6.62,4.30,-0.34,0.16,-0.26,5.15,4.73,8.82,-0.26,0.35,-0.13,0.00,0.00,0.00,0.00,0.00,0.00,-2.04,-0.91,9.95,-0.42,0.37,-0.10
48.50952,9.35,1.82,3.68,-0.11,-0.23,0.38,-38.50,-13.75,-15.69,5.20,-2.65,9.74,-0.29,0.50,0.15,-6.90,-6.46,4.16,-0.36,0.14,-0.29,4.82,4.32,8.39,-0.27,0.26,-0.10,0.00,0.00,0.00,0.00,0.00,0.00,-2.51,-0.96,9.66,-0.55,0.40,-0.15
48.530952,9.25,1.71,3.45,-0.05,-0.29,0.36,-38.50,-13.75,-15.69,5.07,-2.66,9.73,-0.38,0.60,0.20,-6.56,-6.38,3.84,-0.36,0.10,-0.28,4.52,4.11,8.37,-0.26,0.24,-0.07,0.00,0.00,0.00,0.00,0.00,0.00,-2.28,-1.51,8.79,-0.60,0.38,-0.17
48.553627,8.82,1.67,2.98,-0.05,-0.29,0.36,-39.56,-11.50,-17.50,4.54,-2.63,9.44,-0.49,0.70,0.19,-6.08,-6.25,3.73,-0.34,0.07,-0.25,4.19,3.61,7.80,-0.25,0.17,-0.06,0.00,0.00,0.00,0.00,0.00,0.00,-2.52,-1.26,9.13,-0.63,0.36,-0.19
48.575185,8.78,1.52,2.75,-0.01,-0.24,0.28,-39.56,-11.50,-17.50,3.83,-2.88,9.02,-0.65,0.80,0.14,-5.76,-6.16,3.56,-0.34,0.06,-0.20,4.20,3.52,7.98,-0.18,0.11,-0.07,0.00,0.00,0.00,0.00,0.00,0.00,-2.59,-0.96,9.46,-0.99,0.44,-0.43
48.596239,8.66,1.74,2.75,0.01,-0.19,0.28,-39.56,-11.50,-17.50,4.04,-2.92,8.97,-0.74,0.78,0.07,-5.71,-6.14,3.44,-0.34,0.09,-0.20,4.15,3.59,8.01,-0.14,0.15,-0.06,0.00,0.00,0.00,0.00,0.00,0.00,-2.03,-1.82,8.09,-1.25,0.58,-0.64
48.620554,8.66,1.40,2.87,-0.04,-0.16,0.35,-39.56,-11.50,-17.50,3.79,-3.50,8.17,-0.69,0.78,0.03,-5.60,-6.04,3.45,-0.34,0.11,-0.21,4.10,3.43,7.89,-0.12,0.22,-0.06,0.00,0.00,0.00,0.00,0.00,0.00,-1.66,-2.86,6.75,-1.08,0.55,-0.54
48.643587,8.79,1.29,2.83,0.00,-0.07,0.32,-39.56,-11.50,-17.50,3.61,-3.59,8.31,-0.52,0.61,0.07,-5.44,-6.05,3.28,-0.35,0.11,-0.17,3.94,3.30,7.88,-0.07,0.25,-0.03,0.00,0.00,0.00,0.00,0.00,0.00,-2.28,-2.69,7.32,-0.86,0.46,-0.36
49.254103,8.75,1.29,2.75,0.00,-0.07,0.32,-39.94,-9.56,-17.56,3.49,-3.46,8.49,-0.47,0.54,0.05,-5.45,-6.15,3.09,-0.34,0.11,-0.11,3.73,3.35,7.87,-0.02,0.28,-0.02,0.00,0.00,0.00,0.00,0.00,0.00,-2.60,-2.60,7.58,-0.88,0.41,-0.38
49.54536,8.71,1.29,2.83,0.02,0.05,0.23,-39.94,-9.56,-17.56,3.48,-3.60,8.44,-0.41,0.54,0.09,-5.50,-6.16,3.05,-0.31,0.10,-0.06,3.66,3.42,7.80,0.03,0.27,-0.01,0.00,0.00,0.00,0.00,0.00,0.00,-2.59,-2.88,7.25,-0.88,0.36,-0.41
49.545386,8.66,1.32,2.91,0.02,0.05,0.23,-40.06,-8.06,-18.06,3.21,-3.55,8.52,-0.33,0.51,0.10,-5.68,-6.20,2.99,-0.28,0.10,-0.04,3.67,3.66,7.85,0.04,0.24,-0.01,0.00,0.00,0.00,0.00,0.00,0.00,-2.19,-3.40,6.58,-0.73,0.28,-0.34
49.545397,8.55,1.32,3.02,0.02,0.05,0.23,-40.69,-7.19,-15.94,2.80,-3.61,8.41,-0.18,0.38,0.07,-5.82,-6.22,2.93,-0.25,0.09,-0.04,3.64,3.81,7.86,0.03,0.20,-0.02,0.00,0.00,0.00,0.00,0.00,0.00,-1.99,-3.65,6.39,-0.39,0.24,-0.13
49.545409,8.67,1.29,3.06,-0.01,0.05,0.16,-40.69,-7.19,-15.94,2.89,-3.38,8.87,-0.06,0.21,0.02,-5.97,-6.35,2.77,-0.20,0.10,-0.04,3.57,3.99,8.02,0.01,0.16,-0.04,0.00,0.00,0.00,0.00,0.00,0.00,-3.04,-2.66,7.82,-0.27,0.20,-0.05
49.54542,8.51,1.25,3.02,-0.04,0.01,0.12,-40.69,-7.19,-15.94,3.01,-3.44,9.01,-0.05,0.16,0.01,-6.00,-6.37,2.86,-0.16,0.07,-0.06,3.61,3.94,8.02,-0.03,0.13,-0.03,0.00,0.00,0.00,0.00,0.00,0.00,-3.21,-2.70,7.93,-0.41,0.20,-0.20
49.54543,8.75,1.17,3.06,-0.04,0.01,0.12,-40.62,-7.62,-15.94,2.90,-3.69,8.84,-0.03,0.13,0.00,-5.74,-6.34,2.92,-0.13,0.06,-0.03,3.47,3.62,7.76,-0.01,0.06,-0.03,0.00,0.00,0.00,0.00,0.00,0.00,-2.90,-3.28,7.55,-0.48,0.21,-0.29
49.54544,9.24,1.17,2.98,-0.04,0.01,0.12,-40.62,-8.00,-18.38,2.84,-3.87,8.79,0.03,0.06,-0.03,-5.80,-6.40,3.04,-0.10,0.04,0.05,3.57,3.64,7.77,0.13,-0.04,-0.05,0.00,0.00,0.00,0.00,0.00,0.00,-2.78,-3.67,7.24,-0.45,0.16,-0.29
49.545453,9.17,1.05,3.02,0.04,0.14,-0.03,-40.62,-8.00,-18.38,3.01,-3.77,9.23,0.06,-0.00,-0.04,-5.95,-6.57,3.02,-0.09,-0.00,0.11,3.73,3.83,8.18,0.23,-0.07,-0.05,0.00,0.00,0.00,0.00,0.00,0.00,-3.02,-3.53,7.63,-0.43,0.10,-0.28
49.545464,9.13,1.13,3.14,0.04,0.14,-0.03,-40.81,-9.44,-18.00,3.13,-3.80,9.77,0.04,0.03,-0.05,-6.04,-6.82,2.82,-0.07,0.02,0.11,3.73,4.06,8.77,0.18,-0.03,-0.05,0.00,0.00,0.00,0.00,0.00,0.00,-3.39,-2.97,8.88,-0.60,0.14,-0.41
49.545474,9.31,1.25,3.02,0.04,0.14,-0.03,-40.94,-7.62,-16.25,2.99,-3.64,10.18,-0.14,0.20,-0.10,-6.12,-6.97,2.94,-0.08,0.09,0.10,3.73,4.00,8.56,0.12,0.01,-0.12,0.00,0.00,0.00,0.00,0.00,0.00,-4.01,-2.43,10.11,-1.11,0.32,-0.78
49.545484,10.05,0.94,3.33,-0.11,0.09,0.06,-40.94,-7.62,-16.25,3.07,-3.96,10.47,-0.31,0.38,-0.21,-6.67,-7.13,3.31,-0.10,0.12,0.09,4.08,4.38,8.91,0.20,0.03,-0.17,0.00,0.00,0.00,0.00,0.00,0.00,-3.81,-3.49,8.88,-1.77,0.44,-1.27
49.545494,10.35,0.94,3.56,0.03,0.04,0.10,-40.38,-7.56,-18.06,3.23,-4.17,10.82,-0.53,0.43,-0.25,-7.08,-7.29,3.66,-0.14,0.07,0.05,4.62,4.59,9.59,0.20,0.09,-0.06,0.00,0.00,0.00,0.00,0.00,0.00,-2.66,-5.23,7.35,-1.81,0.27,-1.30
49.545504,10.74,1.21,3.71,0.03,0.04,0.10,-40.38,-7.56,-18.06,4.10,-4.91,10.64,-0.59,0.56,-0.18,-7.20,-7.57,3.78,-0.21,0.01,0.05,4.68,4.65,9.73,0.20,0.18,-0.03,0.00,0.00,0.00,0.00,0.00,0.00,-2.24,-5.94,7.83,-1.67,0.15,-1.10
49.545515,11.28,1.59,3.90,0.09,0.03,0.25,-40.38,-7.56,-18.06,3.75,-5.19,10.90,-0.52,0.54,-0.11,-7.47,-7.85,3.60,-0.27,0.06,0.02,4.62,5.13,10.08,0.20,0.25,-0.07,0.00,0.00,0.00,0.00,0.00,0.00,-2.09,-6.54,7.94,-1.56,0.15,-0.94
49.545525,11.46,1.36,4.09,-0.04,0.04,0.34,-40.38,-7.56,-18.06,4.02,-5.34,11.30,-0.45,0.51,-0.08,-7.74,-7.98,3.79,-0.33,0.14,-0.01,4.82,5.33,10.39,0.16,0.30,-0.11,0.00,0.00,0.00,0.00,0.00,0.00,-2.18,-6.94,8.05,-1.45,0.16,-0.79
49.545643,11.46,1.29,4.17,-0.04,0.04,0.34,-41.25,-7.44,-18.06,4.13,-5.22,11.86,-0.41,0.55,0.00,-8.00,-8.12,3.79,-0.39,0.22,-0.06,4.86,5.59,10.51,0.09,0.37,-0.17,0.00,0.00,0.00,0.00,0.00,0.00,-1.86,-7.46,7.74,-1.34,0.17,-0.66
49.545653,11.24,1.29,4.36,-0.04,0.04,0.34,-40.56,-5.06,-18.19,4.19,-5.26,11.80,-0.38,0.70,0.10,-8.19,-8.15,3.61,-0.46,0.30,-0.14,4.72,5.83,10.51,-0.01,0.48,-0.25,0.00,0.00,0.00,0.00,0.00,0.00,-1.11,-7.97,7.35,-1.04,0.28,-0.34
49.545663,11.16,1.21,4.32,-0.23,-0.15,0.64,-40.56,-5.06,-18.19,3.68,-4.99,12.00,-0.42,0.79,0.17,-8.16,-8.24,3.25,-0.51,0.38,-0.23,4.36,5.91,10.49,-0.10,0.56,-0.33,0.00,0.00,0.00,0.00,0.00,0.00,-2.10,-7.45,8.02,-0.83,0.47,-0.10
49.545671,11.00,1.13,4.09,-0.33,-0.20,0.70,-40.56,-5.06,-18.19,3.39,-5.21,11.71,-0.49,0.90,0.17,-8.24,-8.32,3.11,-0.52,0.45,-0.34,4.22,5.96,10.55,-0.20,0.64,-0.41,0.00,0.00,0.00,0.00,0.00,0.00,-2.67,-7.27,8.16,-0.89,0.55,-0.06
49.54568,10.96,0.79,4.09,-0.33,-0.20,0.70,-41.50,-3.44,-18.56,3.17,-5.23,11.75,-0.54,0.95,0.24,-8.20,-8.28,3.10,-0.56,0.47,-0.44,4.13,5.84,10.50,-0.32,0.72,-0.44,0.00,0.00,0.00,0.00,0.00,0.00,-2.99,-7.30,7.80,-0.97,0.58,-0.06
49.545688,10.78,0.06,3.87,-0.42,-0.57,0.88,-42.25,-0.88,-19.06,2.73,-5.45,11.41,-0.58,0.96,0.37,-7.87,-8.32,2.66,-0.64,0.49,-0.54,3.64,5.66,10.39,-0.46,0.78,-0.46,0.00,0.00,0.00,0.00,0.00,0.00,-2.66,-7.55,7.14,-0.98,0.61,-0.00
49.545698,10.82,-0.44,3.48,-0.42,-0.57,0.88,-42.25,-1.38,-19.38,1.81,-5.36,11.26,-0.63,1.01,0.42,-7.33,-8.59,1.87,-0.68,0.59,-0.65,2.74,5.47,10.43,-0.56,0.85,-0.55,0.00,0.00,0.00,0.00,0.00,0.00,-2.84,-7.77,6.35,-0.99,0.73,0.04
49.54571,10.50,-0.59,2.83,-0.56,-0.63,0.94,-42.25,-1.38,-19.38,1.17,-5.57,10.63,-0.69,1.09,0.35,-6.87,-8.67,1.54,-0.66,0.70,-0.76,2.27,5.01,10.39,-0.67,0.89,-0.66,0.00,0.00,0.00,0.00,0.00,0.00,-3.25,-7.71,5.97,-1.01,0.84,0.01
49.545718,10.39,-1.05,2.64,-0.77,-0.68,0.94,-42.25,-1.38,-19.38,0.86,-5.76,10.12,-0.72,1.12,0.31,-6.53,-8.58,1.40,-0.63,0.75,-0.86,2.06,4.59,10.21,-0.72,0.92,-0.69,0.00,0.00,0.00,0.00,0.00,0.00,-3.32,-7.90,5.27,-1.04,0.90,-0.03
49.545727,10.39,-1.44,2.49,-0.77,-0.67,0.88,-42.25,-1.38,-19.38,0.45,-5.89,9.68,-0.73,1.12,0.27,-6.11,-8.56,1.15,-0.60,0.78,-0.87,1.57,4.18,10.00,-0.74,0.90,-0.70,0.00,0.00,0.00,0.00,0.00,0.00,-3.51,-8.16,4.61,-1.04,0.91,-0.09
49.545736,10.43,-1.51,2.45,-0.77,-0.67,0.88,-45.31,9.19,-18.75,-0.09,-6.14,9.22,-0.74,1.12,0.19,-5.89,-8.72,0.81,-0.54,0.78,-0.82,1.17,4.06,10.11,-0.75,0.84,-0.69,0.00,0.00,0.00,0.00,0.00,0.00,-3.57,-8.50,4.10,-0.95,0.91,-0.12
49.545745,10.43,-1.44,2.41,-0.85,-0.54,0.71,-46.19,8.19,-16.56,-0.17,-6.20,9.33,-0.68,1.11,0.11,-5.89,-8.86,0.59,-0.45,0.83,-0.80,0.92,4.07,10.09,-0.75,0.80,-0.73,0.00,0.00,0.00,0.00,0.00,0.00,-3.39,-8.60,3.99,-0.85,0.94,-0.15
49.545754,10.36,-1.78,2.30,-0.85,-0.54,0.71,-45.31,8.50,-15.88,-0.35,-6.35,9.12,-0.62,1.12,0.01,-5.74,-8.81,0.57,-0.34,0.87,-0.81,0.82,3.84,9.97,-0.71,0.68,-0.81,0.00,0.00,0.00,0.00,0.00,0.00,-3.25,-8.96,3.35,-0.64,1.02,-0.12
49.545767,10.32,-2.16,2.14,-0.93,-0.47,0.61,-45.31,8.50,-15.88,-0.85,-6.54,8.48,-0.52,1.03,-0.05,-5.40,-8.65,0.51,-0.25,0.83,-0.75,0.67,3.39,9.74,-0.63,0.56,-0.80,0.00,0.00,0.00,0.00,0.00,0.00,-3.98,-8.68,3.51,-0.43,1.02,-0.04
49.545777,10.20,-2.20,1.88,-0.93,-0.47,0.61,-46.44,12.62,-16.75,-1.02,-6.47,8.18,-0.41,0.85,-0.11,-5.35,-8.54,0.60,-0.15,0.72,-0.63,0.70,3.22,9.61,-0.52,0.42,-0.71,0.00,0.00,0.00,0.00,0.00,0.00,-4.59,-8.36,3.51,-0.38,0.85,-0.11
49.545792,9.81,-2.09,1.76,-0.93,-0.47,0.61,-46.44,12.12,-16.75,-0.67,-6.04,8.63,-0.36,0.68,-0.18,-5.35,-8.51,0.47,-0.05,0.60,-0.57,0.69,3.50,9.67,-0.47,0.29,-0.62,0.00,0.00,0.00,0.00,0.00,0.00,-4.01,-7.69,4.09,-0.39,0.71,-0.23
49.545802,9.17,-1.09,1.88,-0.93,-0.47,0.61,-46.19,13.69,-17.88,-0.20,-5.61,9.10,-0.40,0.70,-0.23,-5.49,-8.37,0.50,0.01,0.60,-0.64,0.89,3.80,9.63,-0.53,0.24,-0.64,0.00,0.00,0.00,0.00,0.00,0.00,-3.35,-7.47,4.03,-0.45,0.73,-0.35
49.545809,8.93,-1.25,1.95,-0.84,-0.43,0.25,-46.19,13.69,-17.88,-0.07,-5.79,8.56,-0.47,0.71,-0.26,-5.15,-8.00,0.74,0.05,0.61,-0.70,1.07,3.30,9.25,-0.61,0.24,-0.66,0.00,0.00,0.00,0.00,0.00,0.00,-3.02,-7.80,3.41,-0.40,0.77,-0.36
49.54582,9.25,-1.47,1.84,-0.84,-0.43,0.25,-46.94,15.50,-14.75,-0.20,-6.29,7.59,-0.41,0.68,-0.27,-4.54,-7.69,0.95,0.07,0.58,-0.63,1.02,2.54,8.82,-0.54,0.22,-0.64,0.00,0.00,0.00,0.00,0.00,0.00,-2.40,-8.39,2.56,-0.19,0.77,-0.21
49.545829,9.51,-1.78,1.38,-0.44,-0.04,-0.02,-47.06,17.19,-17.69,-0.82,-6.29,6.94,-0.24,0.53,-0.30,-4.13,-7.60,0.79,0.11,0.46,-0.39,0.70,2.17,8.56,-0.36,0.10,-0.53,0.00,0.00,0.00,0.00,0.00,0.00,-3.61,-7.66,3.07,0.11,0.69,-0.02
49.545858,9.01,-1.63,1.26,-0.44,-0.04,-0.02,-47.06,17.19,-17.69,-0.41,-5.97,7.40,-0.13,0.38,-0.35,-4.46,-7.62,0.86,0.17,0.37,-0.27,0.92,2.58,8.76,-0.23,0.01,-0.43,0.00,0.00,0.00,0.00,0.00,0.00,-4.01,-6.86,3.72,-0.02,0.45,-0.18
49.545868,8.67,-1.47,1.30,-0.37,0.07,-0.15,-47.06,17.19,-17.69,0.23,-5.48,8.27,-0.16,0.31,-0.32,-4.86,-7.63,0.92,0.17,0.31,-0.29,1.17,3.16,8.90,-0.24,0.01,-0.36,0.00,0.00,0.00,0.00,0.00,0.00,-3.22,-6.39,4.24,-0.15,0.34,-0.29
49.545876,8.32,-1.32,1.61,-0.37,0.07,-0.15,-47.56,16.12,-15.50,0.64,-5.31,8.34,-0.23,0.39,-0.26,-4.73,-7.39,0.88,0.13,0.36,-0.39,1.25,3.21,8.71,-0.32,0.06,-0.40,0.00,0.00,0.00,0.00,0.00,0.00,-2.04,-6.61,3.78,-0.23,0.41,-0.32
49.545885,8.36,-0.79,1.76,-0.37,0.07,-0.15,-47.56,16.12,-15.50,0.54,-5.33,7.89,-0.25,0.52,-0.25,-4.24,-7.15,0.66,0.08,0.46,-0.44,0.94,2.90,8.35,-0.34,0.14,-0.50,0.00,0.00,0.00,0.00,0.00,0.00,-1.67,-6.91,3.15,-0.17,0.60,-0.24
49.545896,8.44,-0.75,1.64,-0.65,-0.24,0.20,-47.56,16.12,-15.50,-0.13,-5.23,7.49,-0.23,0.67,-0.31,-3.92,-7.15,0.33,0.09,0.61,-0.42,0.50,2.70,8.08,-0.31,0.16,-0.65,0.00,0.00,0.00,0.00,0.00,0.00,-2.49,-6.77,3.10,-0.11,0.76,-0.20
49.545985,8.32,-0.90,1.45,-0.80,-0.11,0.20,-47.56,16.12,-15.50,-0.52,-5.15,7.20,-0.19,0.69,-0.44,-4.05,-7.08,0.40,0.17,0.69,-0.37,0.52,2.69,7.96,-0.28,0.06,-0.73,0.00,0.00,0.00,0.00,0.00,0.00,-3.28,-6.63,2.94,-0.11,0.76,-0.30
49.561002,7.94,-1.63,1.45,-0.80,-0.11,0.20,-45.88,17.38,-15.25,-0.23,-5.14,7.06,-0.16,0.63,-0.49,-4.20,-6.76,0.83,0.22,0.65,-0.33,0.98,2.62,7.80,-0.25,0.00,-0.69,0.00,0.00,0.00,0.00,0.00,0.00,-3.32,-6.12,3.30,-0.13,0.65,-0.38
49.583172,7.52,-1.28,1.45,-0.56,-0.06,-0.00,-45.88,17.38,-15.25,0.28,-5.11,6.95,-0.15,0.54,-0.42,-4.16,-6.41,1.15,0.18,0.54,-0.29,1.35,2.49,7.63,-0.22,0.00,-0.57,0.00,0.00,0.00,0.00,0.00,0.00,-2.45,-6.03,3.14,-0.18,0.51,-0.37
49.605137,7.55,-1.25,1.41,-0.56,-0.06,-0.00,-47.19,19.06,-17.38,0.39,-5.12,6.77,-0.13,0.49,-0.30,-3.85,-6.27,1.03,0.08,0.46,-0.24,1.15,2.33,7.38,-0.17,0.05,-0.48,0.00,0.00,0.00,0.00,0.00,0.00,-1.82,-6.20,2.74,-0.15,0.47,-0.23
49.626262,7.56,-1.02,1.38,-0.56,-0.06,-0.00,-46.31,19.38,-15.62,-0.13,-4.85,6.71,-0.08,0.49,-0.27,-3.61,-6.40,0.44,0.04,0.47,-0.17,0.57,2.42,7.30,-0.12,0.04,-0.49,0.00,0.00,0.00,0.00,0.00,0.00,-2.39,-6.07,2.66,-0.09,0.50,-0.13
49.649698,7.10,-1.25,1.34,-0.51,0.07,0.07,-46.31,19.38,-15.62,-0.23,-4.66,6.80,-0.08,0.46,-0.30,-3.96,-6.41,0.55,0.07,0.47,-0.16,0.75,2.60,7.42,-0.11,0.01,-0.49,0.00,0.00,0.00,0.00,0.00,0.00,-2.94,-5.74,2.82,-0.12,0.45,-0.19
49.671038,7.10,-1.63,1.34,-0.45,-0.02,0.03,-46.31,19.38,-15.62,0.20,-4.83,6.75,-0.12,0.42,-0.23,-4.01,-6.28,0.84,0.03,0.39,-0.18,1.08,2.50,7.43,-0.14,0.04,-0.39,0.00,0.00,0.00,0.00,0.00,0.00,-2.35,-5.80,2.78,-0.12,0.39,-0.15
49.693397,7.29,-1.44,1.34,-0.45,-0.02,0.03,-46.44,20.88,-16.06,0.05,-5.00,6.68,-0.13,0.37,-0.12,-3.80,-6.37,0.79,-0.07,0.31,-0.17,0.94,2.34,7.46,-0.14,0.11,-0.31,0.00,0.00,0.00,0.00,0.00,0.00,-2.18,-6.10,2.49,-0.09,0.36,-0.03
49.715616,7.63,-1.55,1.11,-0.45,-0.02,0.03,-46.44,20.94,-16.81,-0.26,-5.26,6.42,-0.11,0.33,-0.04,-3.57,-6.53,0.64,-0.12,0.26,-0.14,0.64,2.10,7.52,-0.13,0.15,-0.25,0.00,0.00,0.00,0.00,0.00,0.00,-2.54,-6.23,2.36,-0.02,0.33,0.10
49.737191,7.71,-1.86,0.92,-0.14,-0.07,0.16,-46.44,20.94,-16.81,-0.49,-5.34,6.54,-0.08,0.28,0.02,-3.55,-6.83,0.47,-0.17,0.20,-0.11,0.46,2.13,7.78,-0.11,0.16,-0.17,0.00,0.00,0.00,0.00,0.00,0.00,-2.79,-6.17,2.48,-0.02,0.26,0.15
49.758598,7.63,-1.82,0.76,-0.06,-0.06,0.15,-46.44,20.94,-16.81,-0.54,-5.41,6.79,-0.09,0.25,0.06,-3.52,-7.06,0.21,-0.21,0.18,-0.12,0.25,2.23,8.03,-0.11,0.21,-0.14,0.00,0.00,0.00,0.00,0.00,0.00,-2.49,-6.33,2.48,-0.08,0.25,0.15
49.782868,7.94,-1.89,0.88,-0.15,-0.11,0.27,-47.00,20.88,-15.00,-0.81,-5.57,6.95,-0.10,0.29,0.08,-3.57,-7.41,0.04,-0.25,0.25,-0.15,0.04,2.27,8.30,-0.12,0.27,-0.17,0.00,0.00,0.00,0.00,0.00,0.00,-2.90,-6.64,2.38,-0.12,0.29,0.17
49.804921,8.48,-2.51,0.53,-0.15,-0.11,0.27,-47.00,20.88,-15.00,-1.09,-6.03,6.73,-0.11,0.27,0.11,-3.55,-7.70,0.13,-0.26,0.21,-0.18,-0.06,2.00,8.53,-0.13,0.26,-0.13,0.00,0.00,0.00,0.00,0.00,0.00,-3.14,-7.18,2.04,-0.14,0.27,0.17
49.826724,8.82,-2.62,0.38,-0.03,-0.12,0.24,-47.06,22.00,-16.81,-1.43,-6.45,6.52,-0.07,0.19,0.13,-3.29,-7.99,-0.09,-0.27,0.15,-0.14,-0.34,1.76,8.73,-0.10,0.22,-0.06,0.00,0.00,0.00,0.00,0.00,0.00,-3.00,-7.71,1.71,-0.07,0.24,0.23
49.846464,9.01,-2.59,0.34,-0.03,-0.12,0.24,-47.06,22.00,-16.81,-1.69,-6.52,6.65,-0.01,0.14,0.11,-3.25,-8.22,-0.38,-0.26,0.13,-0.07,-0.64,1.79,8.89,-0.04,0.20,-0.04,0.00,0.00,0.00,0.00,0.00,0.00,-3.50,-7.74,1.81,-0.01,0.23,0.26
49.870494,8.82,-2.93,0.61,0.02,0.06,0.13,-47.06,22.00,-16.81,-2.01,-6.42,6.94,0.04,0.08,0.08,-3.48,-8.44,-0.57,-0.21,0.09,-0.00,-0.84,2.03,9.06,0.01,0.13,-0.01,0.00,0.00,0.00,0.00,0.00,0.00,-4.08,-7.79,1.80,0.01,0.16,0.23
49.891476,8.86,-2.89,0.61,0.03,0.07,0.04,-47.06,22.00,-16.81,-1.97,-6.49,7.05,0.06,0.02,0.05,-3.66,-8.51,-0.46,-0.15,0.03,0.03,-0.68,2.09,9.22,0.03,0.07,0.03,0.00,0.00,0.00,0.00,0.00,0.00,-4.16,-7.72,2.06,0.03,0.07,0.17
49.913865,8.97,-2.89,0.61,0.03,0.07,0.04,-47.56,24.38,-15.12,-1.70,-6.53,7.15,0.08,-0.06,0.05,-3.78,-8.44,-0.24,-0.12,-0.06,0.06,-0.44,2.14,9.22,0.04,-0.01,0.11,0.00,0.00,0.00,0.00,0.00,0.00,-3.87,-7.76,2.15,0.04,-0.02,0.14
49.938093,8.97,-2.51,0.92,0.20,0.10,-0.06,-47.25,24.94,-16.56,-1.58,-6.37,7.27,0.12,-0.11,0.05,-3.79,-8.30,-0.28,-0.10,-0.11,0.09,-0.39,2.27,9.12,0.06,-0.07,0.17,0.00,0.00,0.00,0.00,0.00,0.00,-3.73,-7.71,2.17,0.08,-0.08,0.16
49.958652,8.86,-2.43,0.95,0.20,0.10,-0.06,-47.25,24.94,-16.56,-1.48,-6.32,7.29,0.14,-0.18,0.03,-3.94,-8.23,-0.12,-0.08,-0.16,0.12,-0.17,2.33,9.12,0.08,-0.10,0.22,0.00,0.00,0.00,0.00,0.00,0.00,-3.69,-7.66,2.27,0.15,-0.12,0.19
49.980359,8.86,-2.43,0.99,0.23,0.11,-0.09,-47.25,24.94,-16.56,-1.16,-6.33,7.32,0.16,-0.24,0.04,-3.90,-8.14,0.01,-0.07,-0.20,0.15,0.01,2.32,9.09,0.11,-0.10,0.24,0.00,0.00,0.00,0.00,0.00,0.00,-3.53,-7.33,2.79,0.14,-0.17,0.18
50.004866,8.90,-1.97,0.99,0.27,0.16,-0.07,-46.50,21.88,-15.75,-0.81,-6.12,7.52,0.20,-0.25,0.04,-3.96,-7.96,0.04,-0.10,-0.19,0.18,0.12,2.47,8.97,0.15,-0.06,0.23,0.00,0.00,0.00,0.00,0.00,0.00,-3.22,-7.07,3.04,0.12,-0.15,0.20
50.026708,8.36,-2.01,1.45,0.27,0.16,-0.07,-46.50,21.88,-15.75,-0.81,-5.70,7.90,0.18,-0.19,0.05,-4.30,-7.90,-0.06,-0.12,-0.14,0.17,0.13,2.87,8.92,0.14,-0.03,0.19,0.00,0.00,0.00,0.00,0.00,0.00,-3.60,-6.86,3.11,0.05,-0.12,0.18
50.048627,8.48,-2.16,1.49,0.16,0.07,0.01,-46.50,21.88,-15.75,-0.96,-5.70,7.89,0.13,-0.16,0.06,-4.47,-7.95,0.07,-0.11,-0.16,0.12,0.21,2.92,8.99,0.09,-0.04,0.19,0.00,0.00,0.00,0.00,0.00,0.00,-3.84,-6.95,3.11,0.01,-0.13,0.15
50.072908,8.90,-2.09,1.22,0.20,0.02,-0.02,-46.75,21.94,-16.88,-0.87,-5.92,7.59,0.11,-0.20,0.08,-4.30,-7.83,0.24,-0.11,-0.21,0.11,0.34,2.65,8.88,0.07,-0.04,0.24,0.00,0.00,0.00,0.00,0.00,0.00,-3.61,-7.03,3.10,0.00,-0.18,0.16
50.094243,8.74,-1.89,1.38,0.29,0.05,-0.04,-46.75,21.94,-16.88,-0.87,-5.73,7.44,0.14,-0.22,0.09,-4.14,-7.53,0.03,-0.12,-0.23,0.15,0.17,2.69,8.53,0.10,-0.05,0.26,0.00,0.00,0.00,0.00,0.00,0.00,-3.40,-6.92,2.85,0.02,-0.20,0.18
50.116243,8.21,-1.93,1.80,0.30,0.12,-0.05,-46.75,21.94,-16.88,-1.30,-5.05,7.36,0.18,-0.25,0.05,-4.35,-7.19,-0.20,-0.09,-0.22,0.19,0.00,3.00,8.11,0.14,-0.09,0.27,0.00,0.00,0.00,0.00,0.00,0.00,-3.87,-6.60,2.51,0.10,-0.20,0.21
50.140449,7.44,-1.97,1.61,0.29,0.15,-0.12,-46.75,21.50,-17.12,-1.09,-4.92,7.07,0.18,-0.42,0.02,-4.46,-6.96,0.31,-0.01,-0.37,0.21,0.50,2.81,7.95,0.13,-0.19,0.38,0.00,0.00,0.00,0.00,0.00,0.00,-3.98,-6.31,2.57,0.24,-0.35,0.22
50.162296,7.75,-1.66,1.30,0.58,0.06,-0.32,-46.31,20.00,-17.81,-0.28,-5.07,6.79,0.20,-0.57,0.07,-4.03,-6.52,0.59,-0.01,-0.51,0.25,0.85,2.45,7.63,0.14,-0.24,0.53,0.00,0.00,0.00,0.00,0.00,0.00,-2.95,-5.78,3.15,0.27,-0.51,0.24
50.184581,7.67,-1.13,1.41,0.58,0.06,-0.32,-46.31,20.00,-17.81,0.11,-4.67,6.90,0.25,-0.54,0.11,-3.79,-6.05,0.23,-0.06,-0.49,0.30,0.66,2.69,7.17,0.20,-0.19,0.53,0.00,0.00,0.00,0.00,0.00,0.00,-2.38,-5.27,3.26,0.22,-0.46,0.28
50.205964,6.45,-1.25,2.33,0.40,0.21,-0.08,-46.31,20.00,-17.81,-0.39,-3.85,7.48,0.24,-0.40,0.09,-4.26,-6.28,-0.23,-0.09,-0.37,0.27,0.30,3.40,7.31,0.19,-0.13,0.41,0.00,0.00,0.00,0.00,0.00,0.00,-3.39,-4.96,3.23,0.14,-0.31,0.28
50.227599,6.63,-1.28,1.76,0.40,0.21,-0.08,-46.25,18.44,-16.69,-0.30,-4.33,7.19,0.17,-0.36,0.07,-4.18,-6.50,0.29,-0.04,-0.33,0.17,0.64,2.96,7.53,0.10,-0.13,0.35,0.00,0.00,0.00,0.00,0.00,0.00,-3.10,-5.57,2.95,0.11,-0.31,0.18
50.249251,7.67,-1.28,1.26,0.40,0.21,-0.08,-46.44,17.12,-18.00,0.25,-5.16,6.62,0.19,-0.36,0.09,-3.60,-6.27,0.72,-0.05,-0.33,0.17,0.99,2.19,7.40,0.13,-0.10,0.36,0.00,0.00,0.00,0.00,0.00,0.00,-2.14,-5.80,3.09,0.15,-0.32,0.23
50.27156,8.25,-1.32,1.45,0.40,0.21,-0.08,-46.44,17.12,-18.00,0.19,-5.04,6.79,0.32,-0.26,0.13,-3.56,-6.17,0.34,-0.16,-0.23,0.27,0.67,2.43,7.25,0.29,0.02,0.31,0.00,0.00,0.00,0.00,0.00,0.00,-1.89,-5.87,2.97,0.15,-0.18,0.38
50.293942,7.25,-1.63,2.22,0.40,0.21,-0.08,-46.12,16.56,-17.25,-0.76,-4.35,7.55,0.37,-0.15,0.09,-4.26,-6.73,-0.35,-0.18,-0.11,0.31,0.03,3.30,7.62,0.34,0.04,0.19,0.00,0.00,0.00,0.00,0.00,0.00,-3.55,-5.84,2.78,0.26,-0.02,0.47
50.315768,7.79,-1.82,1.80,0.14,0.34,0.02,-46.12,16.56,-17.25,-0.64,-4.68,7.65,0.34,-0.13,0.04,-4.48,-6.96,0.08,-0.12,-0.07,0.27,0.45,3.10,8.00,0.29,-0.01,0.15,0.00,0.00,0.00,0.00,0.00,0.00,-4.14,-5.68,3.46,0.26,-0.07,0.37
50.338788,8.40,-2.12,1.57,0.36,0.27,-0.09,-46.19,18.12,-17.69,-0.69,-5.16,7.29,0.34,-0.22,0.08,-4.51,-6.90,0.46,-0.14,-0.17,0.31,0.67,2.84,7.97,0.30,-0.05,0.26,0.00,0.00,0.00,0.00,0.00,0.00,-4.01,-6.17,3.29,0.23,-0.18,0.38
50.360426,8.55,-2.20,1.91,0.36,0.27,-0.09,-46.12,16.62,-18.00,-1.05,-5.27,7.30,0.40,-0.35,0.11,-4.55,-7.11,0.23,-0.13,-0.29,0.42,0.38,2.93,8.13,0.37,-0.13,0.39,0.00,0.00,0.00,0.00,0.00,0.00,-4.39,-6.59,3.05,0.29,-0.32,0.40
50.38225,8.82,-2.20,1.84,0.55,0.38,-0.21,-46.12,16.62,-18.00,-1.22,-5.60,7.22,0.49,-0.56,0.11,-4.58,-7.55,0.30,-0.06,-0.46,0.54,0.37,2.83,8.50,0.43,-0.27,0.53,0.00,0.00,0.00,0.00,0.00,0.00,-4.59,-7.03,2.89,0.41,-0.51,0.39
50.406457,9.63,-1.82,1.30,0.81,0.51,-0.55,-46.12,16.62,-18.00,-0.90,-6.02,7.30,0.62,-0.78,0.11,-4.24,-7.75,0.46,0.01,-0.61,0.70,0.46,2.51,8.73,0.54,-0.42,0.69,0.00,0.00,0.00,0.00,0.00,0.00,-3.71,-7.45,3.08,0.53,-0.69,0.39
50.428244,9.86,-1.32,1.72,0.82,0.72,-0.60,-46.12,16.62,-18.00,-0.54,-5.83,8.25,0.73,-0.81,0.00,-4.58,-8.04,0.23,0.06,-0.58,0.84,0.45,3.13,9.15,0.67,-0.49,0.65,0.00,0.00,0.00,0.00,0.00,0.00,-3.49,-7.46,3.59,0.65,-0.68,0.41
50.449975,9.82,-1.47,2.33,0.82,0.72,-0.60,-44.88,11.75,-20.62,-0.46,-5.55,9.21,0.74,-0.76,-0.09,-5.53,-8.36,0.32,0.11,-0.49,0.89,0.71,3.90,9.64,0.71,-0.50,0.57,0.00,0.00,0.00,0.00,0.00,0.00,-4.34,-7.18,4.37,0.74,-0.61,0.40
50.472736,9.81,-1.66,2.71,0.82,0.72,-0.60,-45.56,12.69,-18.50,-0.44,-5.44,9.43,0.72,-0.82,-0.12,-6.16,-8.45,0.71,0.18,-0.52,0.85,1.13,4.20,9.85,0.65,-0.55,0.58,0.00,0.00,0.00,0.00,0.00,0.00,-4.86,-7.12,4.73,0.78,-0.65,0.33
50.494238,10.05,-1.47,2.71,0.64,0.59,-0.74,-45.56,12.69,-18.50,-0.14,-5.68,9.34,0.71,-0.92,-0.15,-6.01,-8.31,0.92,0.25,-0.59,0.86,1.30,4.02,9.69,0.62,-0.62,0.64,0.00,0.00,0.00,0.00,0.00,0.00,-4.35,-7.37,4.88,0.85,-0.73,0.28
50.516256,10.58,-1.05,2.83,0.70,0.62,-0.83,-45.56,12.69,-18.50,0.04,-5.69,9.72,0.78,-0.95,-0.22,-6.14,-8.32,0.79,0.30,-0.57,0.93,1.27,4.31,9.76,0.67,-0.71,0.60,0.00,0.00,0.00,0.00,0.00,0.00,-3.94,-7.57,5.04,0.96,-0.69,0.31
50.539909,10.78,-1.02,3.45,0.70,0.62,-0.83,-44.00,7.19,-20.44,0.15,-5.15,10.66,0.81,-0.91,-0.33,-6.86,-8.54,0.66,0.37,-0.46,0.97,1.34,5.12,10.12,0.70,-0.77,0.47,0.00,0.00,0.00,0.00,0.00,0.00,-4.54,-7.04,5.88,1.05,-0.59,0.30
50.561497,10.39,-0.90,3.68,0.33,0.70,-0.90,-43.69,7.31,-22.19,0.23,-4.75,10.99,0.73,-0.86,-0.43,-7.48,-8.52,0.91,0.47,-0.42,0.89,1.64,5.53,10.17,0.61,-0.84,0.40,0.00,0.00,0.00,0.00,0.00,0.00,-5.26,-6.72,6.08,1.09,-0.55,0.21
50.582149,10.09,-0.86,3.68,0.33,0.70,-0.90,-43.69,7.31,-22.19,0.50,-5.00,10.45,0.69,-0.90,-0.47,-7.27,-8.11,1.35,0.56,-0.47,0.85,2.07,5.09,9.80,0.53,-0.95,0.44,0.00,0.00,0.00,0.00,0.00,0.00,-5.21,-6.45,6.62,1.08,-0.64,0.09
50.606067,10.82,-0.44,3.83,0.44,0.67,-1.10,-42.56,4.12,-19.62,0.89,-5.05,10.43,0.72,-0.98,-0.55,-7.19,-7.89,1.64,0.64,-0.49,0.93,2.39,5.05,9.69,0.56,-1.08,0.44,0.00,0.00,0.00,0.00,0.00,0.00,-4.36,-6.84,6.43,1.06,-0.72,-0.00
50.628322,10.78,0.02,4.13,0.44,0.67,-1.10,-42.56,4.12,-19.62,1.42,-4.93,10.70,0.75,-1.01,-0.63,-7.57,-7.76,2.07,0.70,-0.50,0.99,2.93,5.29,9.74,0.60,-1.15,0.43,0.00,0.00,0.00,0.00,0.00,0.00,-4.18,-6.55,6.90,1.12,-0.75,-0.01
50.649888,10.62,0.32,4.29,0.43,0.80,-1.15,-42.56,4.12,-19.62,2.27,-4.77,11.09,0.75,-1.06,-0.65,-7.91,-7.58,2.55,0.71,-0.51,1.00,3.61,5.54,9.82,0.61,-1.15,0.43,0.00,0.00,0.00,0.00,0.00,0.00,-3.49,-6.35,7.27,1.22,-0.77,0.03
50.672998,10.92,1.21,4.59,0.43,0.80,-1.15,-40.19,-0.88,-22.56,3.07,-4.80,11.50,0.76,-0.98,-0.61,-8.15,-7.44,2.93,0.65,-0.46,0.96,4.15,5.75,9.92,0.60,-1.05,0.39,0.00,0.00,0.00,0.00,0.00,0.00,-2.44,-6.26,7.79,1.36,-0.70,0.21
50.69464,11.20,1.13,4.79,0.34,0.72,-0.91,-40.19,-0.88,-22.56,3.32,-4.73,11.91,0.75,-0.84,-0.56,-8.42,-7.45,3.06,0.56,-0.34,0.91,4.36,5.99,10.08,0.61,-0.90,0.29,0.00,0.00,0.00,0.00,0.00,0.00,-3.26,-5.35,9.28,1.34,-0.54,0.38
50.716174,11.16,0.90,4.86,0.25,0.74,-0.75,-40.19,-0.88,-22.56,3.25,-4.60,12.11,0.70,-0.71,-0.49,-8.97,-7.51,3.27,0.46,-0.29,0.84,4.57,6.28,10.19,0.59,-0.77,0.25,0.00,0.00,0.00,0.00,0.00,0.00,-4.41,-5.00,9.74,1.08,-0.47,0.31
50.740002,11.04,0.82,5.13,0.27,0.67,-0.67,-37.19,-6.00,-24.12,3.26,-4.50,12.26,0.62,-0.70,-0.38,-9.22,-7.53,3.36,0.38,-0.33,0.76,4.66,6.46,10.24,0.52,-0.72,0.32,0.00,0.00,0.00,0.00,0.00,0.00,-4.34,-5.18,9.74,0.81,-0.52,0.19
50.761631,11.20,1.25,5.21,0.33,0.48,-0.58,-37.00,-8.00,-24.44,3.41,-4.40,12.52,0.56,-0.65,-0.32,-9.16,-7.55,3.21,0.33,-0.31,0.67,4.57,6.61,10.28,0.45,-0.65,0.30,0.00,0.00,0.00,0.00,0.00,0.00,-3.73,-5.44,9.58,0.68,-0.46,0.14
50.78193,11.23,1.40,5.25,0.33,0.48,-0.58,-37.00,-8.00,-24.44,3.60,-4.31,12.64,0.50,-0.52,-0.31,-9.19,-7.49,3.24,0.28,-0.22,0.58,4.65,6.70,10.26,0.40,-0.57,0.21,0.00,0.00,0.00,0.00,0.00,0.00,-3.53,-5.36,9.65,0.63,-0.33,0.13
50.806143,10.86,1.55,5.21,0.06,0.36,-0.34,-37.00,-8.00,-24.44,3.76,-4.10,12.66,0.41,-0.37,-0.29,-9.33,-7.35,3.39,0.22,-0.10,0.45,4.85,6.82,10.16,0.30,-0.44,0.10,0.00,0.00,0.00,0.00,0.00,0.00,-3.62,-5.03,9.88,0.52,-0.19,0.11
50.828202,10.58,1.71,5.25,0.06,0.36,-0.34,-36.06,-9.62,-23.62,3.77,-3.84,12.51,0.29,-0.25,-0.28,-9.32,-7.12,3.53,0.19,-0.04,0.30,4.96,6.76,9.90,0.20,-0.34,0.03,0.00,0.00,0.00,0.00,0.00,0.00,-3.74,-4.77,9.86,0.42,-0.11,0.06
50.849718,10.39,1.78,5.21,0.06,0.36,-0.34,-36.56,-10.44,-24.31,3.91,-3.71,12.08,0.19,-0.17,-0.26,-9.23,-6.68,3.80,0.16,-0.02,0.19,5.21,6.55,9.44,0.09,-0.28,0.01,0.00,0.00,0.00,0.00,0.00,0.00,-3.78,-4.26,10.07,0.25,-0.09,-0.01
50.872268,9.70,1.86,5.25,0.06,0.36,-0.34,-36.56,-10.44,-24.31,3.98,-3.29,11.73,0.07,-0.16,-0.20,-9.13,-6.26,3.85,0.13,-0.07,0.08,5.31,6.51,8.99,-0.03,-0.22,0.05,0.00,0.00,0.00,0.00,0.00,0.00,-3.45,-4.02,9.62,0.12,-0.11,-0.07
50.893842,9.21,2.20,5.17,0.05,-0.11,-0.18,-36.56,-10.44,-24.31,4.09,-3.07,11.19,-0.03,-0.15,-0.16,-8.69,-5.78,3.88,0.10,-0.11,-0.04,5.30,6.19,8.45,-0.13,-0.17,0.09,0.00,0.00,0.00,0.00,0.00,0.00,-2.86,-3.80,9.16,0.04,-0.11,-0.09
51.30819,8.67,2.51,4.71,0.05,-0.11,-0.18,-36.56,-10.44,-24.31,4.16,-2.94,10.64,-0.12,-0.11,-0.13,-8.05,-5.39,3.73,0.07,-0.10,-0.14,5.09,5.83,7.96,-0.21,-0.10,0.08,0.00,0.00,0.00,0.00,0.00,0.00,-2.15,-3.78,8.54,0.02,-0.07,-0.07
51.311055,8.44,2.28,4.44,-0.15,-0.24,0.01,-36.56,-10.44,-24.31,4.03,-2.88,10.22,-0.17,0.00,-0.14,-7.56,-5.21,3.45,0.04,-0.01,-0.23,4.75,5.51,7.65,-0.25,-0.01,-0.02,0.00,0.00,0.00,0.00,0.00,0.00,-1.80,-3.83,7.95,0.09,0.05,0.02
51.311082,8.36,1.82,4.29,-0.15,-0.24,0.01,-36.56,-10.44,-24.31,3.68,-2.95,9.71,-0.19,0.07,-0.15,-7.33,-5.10,3.37,0.02,0.05,-0.26,4.58,5.22,7.42,-0.27,0.04,-0.07,0.00,0.00,0.00,0.00,0.00,0.00,-2.70,-3.23,8.36,0.06,0.11,0.03
51.311095,8.20,1.44,4.25,-0.21,-0.23,0.02,-36.56,-10.44,-24.31,3.45,-3.00,9.38,-0.21,0.05,-0.11,-7.31,-5.01,3.47,0.01,0.01,-0.27,4.60,5.04,7.30,-0.27,0.04,-0.02,0.00,0.00,0.00,0.00,0.00,0.00,-2.88,-3.34,7.85,-0.05,0.06,-0.04
51.311107,8.21,1.36,4.21,-0.10,-0.23,-0.02,-36.56,-10.44,-24.31,3.31,-3.08,9.17,-0.20,-0.02,-0.06,-7.04,-4.99,3.29,-0.00,-0.08,-0.27,4.38,4.89,7.22,-0.26,0.04,0.07,0.00,0.00,0.00,0.00,0.00,0.00,-2.59,-3.57,7.45,-0.07,-0.00,-0.04
51.311119,8.40,1.67,4.21,0.06,-0.23,-0.07,-36.56,-10.44,-24.31,3.26,-3.01,9.25,-0.18,-0.04,-0.06,-6.71,-5.04,2.99,0.00,-0.07,-0.26,4.00,4.80,7.04,-0.24,0.08,0.06,0.00,0.00,0.00,0.00,0.00,0.00,-2.12,-3.85,7.07,-0.01,0.01,-0.01
51.311129,8.40,2.05,4.17,0.01,-0.15,-0.05,-36.56,-10.44,-24.31,3.23,-3.09,9.11,-0.14,0.02,-0.10,-6.62,-5.03,3.02,0.01,-0.00,-0.20,4.04,4.71,7.03,-0.20,0.06,-0.01,0.00,0.00,0.00,0.00,0.00,0.00,-2.28,-3.68,7.23,0.06,0.05,0.04
51.311219,8.40,1.90,4.17,0.01,-0.15,-0.05,-35.94,-11.06,-23.25,3.24,-3.14,9.05,-0.10,0.03,-0.11,-6.76,-5.04,3.18,0.01,0.02,-0.15,4.18,4.70,7.07,-0.17,0.02,-0.03,0.00,0.00,0.00,0.00,0.00,0.00,-2.52,-3.56,7.31,0.09,0.04,0.06
51.311231,8.29,1.52,4.09,0.01,-0.15,-0.05,-35.94,-11.06,-23.25,3.22,-3.23,8.92,-0.06,-0.02,-0.09,-6.82,-5.02,3.35,0.00,-0.03,-0.11,4.31,4.62,7.11,-0.14,-0.04,0.03,0.00,0.00,0.00,0.00,0.00,0.00,-2.65,-3.48,7.44,0.11,-0.01,0.10
51.311243,8.32,1.52,4.06,0.02,-0.06,-0.07,-35.94,-11.06,-23.25,3.20,-3.30,8.79,-0.03,-0.11,-0.06,-6.70,-5.04,3.34,-0.01,-0.10,-0.05,4.29,4.49,7.12,-0.09,-0.08,0.11,0.00,0.00,0.00,0.00,0.00,0.00,-2.64,-3.51,7.44,0.09,-0.09,0.11
51.311254,8.44,2.01,3.94,0.15,-0.03,-0.12,-36.56,-10.56,-21.81,3.35,-3.25,8.90,0.02,-0.18,-0.05,-6.55,-5.09,3.31,-0.00,-0.14,0.02,4.25,4.48,7.16,-0.04,-0.11,0.15,0.00,0.00,0.00,0.00,0.00,0.00,-2.35,-3.52,7.48,0.09,-0.14,0.09
51.311265,8.40,2.24,3.87,0.15,-0.03,-0.12,-36.31,-9.56,-24.00,3.65,-3.17,9.19,0.05,-0.15,-0.07,-6.56,-5.17,3.30,-0.00,-0.09,0.05,4.30,4.64,7.27,-0.01,-0.10,0.10,0.00,0.00,0.00,0.00,0.00,0.00,-1.90,-3.56,7.56,0.09,-0.10,0.06
51.311276,8.44,2.47,4.02,0.15,-0.03,-0.12,-36.31,-9.56,-24.00,3.79,-3.19,9.30,0.06,-0.05,-0.11,-6.66,-5.20,3.43,0.00,-0.00,0.05,4.46,4.65,7.34,0.01,-0.08,0.01,0.00,0.00,0.00,0.00,0.00,0.00,-1.86,-3.59,7.62,0.11,-0.01,0.06
51.311287,8.55,2.47,4.02,-0.05,0.08,-0.06,-36.31,-9.56,-24.00,3.83,-3.36,9.14,0.08,-0.02,-0.11,-6.88,-5.14,3.80,-0.01,0.03,0.06,4.80,4.59,7.40,0.02,-0.06,-0.01,0.00,0.00,0.00,0.00,0.00,0.00,-2.05,-3.57,7.75,0.15,0.01,0.11
51.31375,8.70,2.01,4.02,0.07,0.10,-0.04,-35.38,-10.56,-23.94,3.97,-3.46,9.31,0.10,-0.05,-0.07,-7.03,-5.23,3.92,-0.05,-0.01,0.09,4.95,4.68,7.56,0.05,-0.04,0.04,0.00,0.00,0.00,0.00,0.00,0.00,-2.05,-3.57,8.06,0.16,-0.03,0.17
51.31378,9.12,2.28,4.44,0.07,0.10,-0.04,-35.94,-11.00,-23.56,4.08,-3.42,9.77,0.12,-0.06,-0.03,-7.30,-5.40,3.82,-0.09,-0.01,0.10,4.92,5.02,7.82,0.08,0.01,0.04,0.00,0.00,0.00,0.00,0.00,0.00,-2.16,-3.54,8.38,0.17,-0.03,0.24
51.313794,9.12,2.28,4.44,0.07,0.12,0.05,-35.94,-11.00,-23.56,4.14,-3.28,10.28,0.11,-0.00,-0.01,-7.63,-5.58,3.71,-0.13,0.04,0.08,4.92,5.39,8.07,0.07,0.06,0.01,0.00,0.00,0.00,0.00,0.00,0.00,-2.47,-3.23,8.98,0.13,0.03,0.25
51.313805,9.21,2.32,4.67,-0.02,0.08,0.13,-35.06,-11.06,-24.31,3.97,-3.18,10.70,0.07,0.07,-0.01,-8.00,-5.80,3.60,-0.16,0.09,0.01,4.85,5.74,8.31,0.03,0.12,-0.04,0.00,0.00,0.00,0.00,0.00,0.00,-2.94,-3.28,9.07,0.02,0.10,0.19
51.313817,9.59,1.78,5.02,-0.08,0.00,0.16,-35.44,-10.06,-23.94,3.87,-3.40,10.64,0.08,0.10,0.05,-8.22,-5.91,3.54,-0.17,0.12,-0.06,4.89,5.88,8.67,-0.06,0.18,-0.07,0.00,0.00,0.00,0.00,0.00,0.00,-3.13,-3.40,9.16,-0.05,0.15,0.14
51.313829,9.81,1.59,5.09,-0.09,-0.04,0.18,-35.44,-10.06,-23.94,3.96,-3.35,11.05,0.02,0.13,0.07,-8.40,-6.00,3.53,-0.19,0.14,-0.10,4.92,5.98,8.88,-0.18,0.27,-0.07,0.00,0.00,0.00,0.00,0.00,0.00,-3.17,-3.47,9.22,-0.09,0.17,0.14
51.331658,9.81,1.63,5.13,-0.06,-0.07,0.22,-35.44,-10.06,-23.94,3.91,-3.32,11.33,-0.04,0.20,0.09,-8.49,-6.16,3.39,-0.22,0.18,-0.17,4.82,6.16,9.22,-0.35,0.32,-0.08,0.00,0.00,0.00,0.00,0.00,0.00,-3.14,-3.50,9.29,-0.13,0.22,0.16
51.352791,9.82,1.74,5.13,-0.06,-0.07,0.22,-37.31,-8.44,-24.00,3.85,-3.27,11.52,-0.12,0.30,0.11,-8.62,-6.33,3.32,-0.25,0.24,-0.27,4.66,6.20,8.99,-0.50,0.42,-0.12,0.00,0.00,0.00,0.00,0.00,0.00,-3.41,-3.38,9.45,-0.20,0.31,0.15
51.376018,9.70,1.59,4.98,-0.26,-0.30,0.42,-35.81,-8.62,-24.00,3.64,-3.34,11.31,-0.21,0.39,0.12,-8.45,-6.33,3.28,-0.26,0.28,-0.39,4.56,5.94,8.95,-0.59,0.48,-0.17,0.00,0.00,0.00,0.00,0.00,0.00,-3.54,-3.51,9.16,-0.28,0.36,0.10
51.397765,9.70,1.48,4.75,-0.26,-0.30,0.42,-37.62,-7.88,-25.06,3.49,-3.54,10.90,-0.25,0.43,0.13,-8.07,-6.22,3.34,-0.28,0.31,-0.43,4.39,5.45,8.51,-0.56,0.50,-0.20,0.00,0.00,0.00,0.00,0.00,0.00,-3.39,-3.76,8.76,-0.31,0.38,0.09
51.822644,9.70,1.29,4.40,-0.25,-0.31,0.43,-37.62,-7.88,-25.06,3.25,-3.74,10.55,-0.26,0.44,0.15,-7.84,-6.30,3.21,-0.31,0.31,-0.42,4.23,5.17,8.66,-0.46,0.47,-0.21,0.00,0.00,0.00,0.00,0.00,0.00,-3.35,-4.00,8.40,-0.29,0.38,0.12
51.825751,9.66,1.29,4.21,-0.21,-0.29,0.44,-37.62,-7.88,-25.06,3.27,-3.96,10.32,-0.27,0.40,0.17,-7.65,-6.33,3.28,-0.34,0.28,-0.41,4.27,4.89,8.80,-0.40,0.43,-0.17,0.00,0.00,0.00,0.00,0.00,0.00,-3.27,-3.95,8.37,-0.27,0.35,0.17
51.825776,9.55,1.29,3.90,-0.10,-0.30,0.48,-37.62,-7.88,-25.06,3.45,-4.10,10.20,-0.27,0.39,0.23,-7.40,-6.35,3.30,-0.41,0.26,-0.41,4.22,4.69,8.80,-0.34,0.44,-0.13,0.00,0.00,0.00,0.00,0.00,0.00,-2.88,-4.01,8.25,-0.28,0.36,0.23
51.825787,9.67,1.32,3.94,-0.12,-0.30,0.56,-37.62,-7.88,-25.06,3.37,-4.15,10.19,-0.26,0.43,0.26,-7.16,-6.47,3.10,-0.46,0.30,-0.42,4.01,4.56,8.84,-0.30,0.47,-0.16,0.00,0.00,0.00,0.00,0.00,0.00,-2.76,-4.28,7.92,-0.25,0.41,0.30
51.825796,9.86,1.36,3.90,-0.12,-0.30,0.56,-38.69,-5.38,-24.12,3.27,-4.31,10.10,-0.23,0.50,0.27,-7.10,-6.52,3.08,-0.49,0.36,-0.40,3.93,4.49,8.90,-0.25,0.52,-0.22,0.00,0.00,0.00,0.00,0.00,0.00,-2.93,-4.27,8.04,-0.18,0.44,0.39
51.825808,10.01,1.25,4.02,-0.12,-0.30,0.56,-38.69,-5.38,-24.12,3.18,-4.28,10.33,-0.19,0.54,0.28,-7.32,-6.63,3.04,-0.52,0.41,-0.39,3.95,4.68,9.11,-0.20,0.57,-0.26,0.00,0.00,0.00,0.00,0.00,0.00,-3.52,-3.71,8.82,-0.24,0.49,0.37
51.825819,10.01,1.21,4.17,-0.24,-0.17,0.65,-38.69,-5.38,-24.12,3.00,-4.12,10.66,-0.13,0.55,0.33,-7.83,-6.85,2.86,-0.55,0.44,-0.42,3.94,5.17,9.48,-0.19,0.64,-0.29,0.00,0.00,0.00,0.00,0.00,0.00,-3.76,-3.72,8.74,-0.36,0.57,0.31
51.825831,9.93,0.98,4.40,-0.27,-0.15,0.71,-38.69,-5.38,-24.12,2.78,-3.94,11.01,-0.19,0.57,0.32,-8.08,-7.02,2.64,-0.53,0.44,-0.50,3.80,5.45,9.65,-0.24,0.68,-0.28,0.00,0.00,0.00,0.00,0.00,0.00,-4.24,-3.60,8.77,-0.42,0.58,0.28
51.825843,10.05,0.40,4.40,-0.26,-0.23,0.73,-39.00,-0.88,-24.31,2.75,-4.06,11.08,-0.27,0.55,0.34,-8.18,-7.14,2.60,-0.53,0.42,-0.62,3.81,5.51,9.79,-0.32,0.72,-0.24,0.00,0.00,0.00,0.00,0.00,0.00,-4.23,-3.64,8.83,-0.51,0.60,0.25
51.825857,10.24,0.21,4.29,-0.23,-0.41,0.76,-39.00,-0.88,-24.31,2.58,-4.28,10.90,-0.28,0.50,0.40,-7.97,-7.25,2.41,-0.55,0.41,-0.72,3.49,5.36,9.61,-0.32,0.71,-0.20,0.00,0.00,0.00,0.00,0.00,0.00,-4.52,-3.75,8.73,-0.61,0.63,0.24
51.825869,10.31,-0.02,4.21,-0.20,-0.45,0.79,-39.00,-0.88,-24.31,2.10,-4.32,10.69,-0.29,0.45,0.43,-7.69,-7.32,2.19,-0.53,0.37,-0.76,3.25,5.18,9.79,-0.24,0.74,-0.14,0.00,0.00,0.00,0.00,0.00,0.00,-4.78,-4.12,8.11,-0.68,0.63,0.21
51.825881,10.24,-0.21,4.13,-0.13,-0.40,0.73,-39.00,-0.88,-24.31,1.81,-4.34,10.43,-0.28,0.39,0.43,-7.51,-7.30,2.06,-0.49,0.27,-0.75,2.97,4.92,9.49,-0.20,0.74,-0.07,0.00,0.00,0.00,0.00,0.00,0.00,-4.65,-4.51,7.39,-0.64,0.57,0.22
51.825892,10.12,-0.09,4.09,-0.13,-0.40,0.73,-40.81,4.19,-23.12,1.89,-4.27,10.31,-0.25,0.38,0.40,-7.10,-7.20,1.92,-0.43,0.23,-0.71,2.77,4.73,9.19,-0.25,0.75,-0.03,0.00,0.00,0.00,0.00,0.00,0.00,-4.31,-4.48,7.08,-0.48,0.49,0.31
51.825903,9.47,0.02,4.02,-0.13,-0.40,0.73,-40.81,4.19,-23.12,2.01,-3.82,10.51,-0.26,0.42,0.37,-7.01,-7.09,1.85,-0.40,0.27,-0.65,2.74,4.80,8.98,-0.35,0.72,-0.04,0.00,0.00,0.00,0.00,0.00,0.00,-4.95,-3.32,8.04,-0.47,0.46,0.31
51.831837,8.93,0.06,3.75,-0.12,-0.54,0.63,-40.81,4.19,-23.12,2.02,-3.47,10.34,-0.40,0.47,0.40,-7.20,-7.02,1.77,-0.40,0.24,-0.71,2.87,4.95,9.01,-0.55,0.76,-0.02,0.00,0.00,0.00,0.00,0.00,0.00,-4.75,-3.14,7.51,-0.68,0.43,0.12
51.831858,8.55,-0.06,3.52,-0.12,-0.54,0.63,-41.81,6.19,-23.56,1.87,-3.57,9.90,-0.52,0.49,0.44,-6.71,-6.85,1.64,-0.39,0.19,-0.80,2.52,4.64,8.72,-0.74,0.80,-0.00,0.00,0.00,0.00,0.00,0.00,0.00,-4.33,-3.33,7.12,-0.74,0.44,0.05
51.831869,8.78,-0.06,3.33,-0.17,-0.70,0.62,-41.94,7.50,-20.44,1.39,-3.73,9.21,-0.57,0.54,0.42,-6.00,-6.66,1.46,-0.40,0.17,-0.83,1.97,4.06,8.05,-0.76,0.73,-0.03,0.00,0.00,0.00,0.00,0.00,0.00,-4.38,-3.76,6.25,-0.77,0.46,-0.02
51.831879,8.59,-0.48,2.95,-0.17,-0.70,0.62,-41.94,7.50,-20.44,0.72,-3.88,8.41,-0.52,0.50,0.36,-5.45,-6.52,1.19,-0.36,0.14,-0.75,1.54,3.64,7.83,-0.64,0.57,-0.05,0.00,0.00,0.00,0.00,0.00,0.00,-4.32,-4.18,5.47,-0.68,0.42,-0.05
51.831889,8.36,-0.40,2.83,-0.17,-0.70,0.62,-42.88,9.12,-21.56,0.37,-3.87,8.17,-0.46,0.36,0.24,-5.34,-6.48,1.17,-0.25,0.11,-0.66,1.50,3.52,7.83,-0.50,0.41,-0.04,0.00,0.00,0.00,0.00,0.00,0.00,-4.59,-4.23,5.19,-0.54,0.31,-0.07
51.850976,8.40,-0.55,2.87,-0.09,-0.37,0.20,-42.88,9.12,-21.56,0.99,-4.06,8.29,-0.38,0.14,0.16,-5.61,-6.40,1.52,-0.16,-0.04,-0.56,2.09,3.62,8.06,-0.35,0.25,0.05,0.00,0.00,0.00,0.00,0.00,0.00,-3.98,-3.80,5.81,-0.40,0.13,-0.02
51.856817,8.28,-0.44,2.83,0.03,-0.34,0.19,-42.88,9.12,-21.56,1.47,-4.00,8.75,-0.35,0.02,0.18,-5.59,-6.35,1.84,-0.16,-0.05,-0.56,2.55,3.77,8.11,-0.22,0.29,0.13,0.00,0.00,0.00,0.00,0.00,0.00,-3.65,-3.32,6.43,-0.44,0.09,0.02
51.87009,8.25,-0.36,2.79,0.13,-0.38,0.32,-42.88,9.12,-21.56,2.11,-4.14,8.67,-0.34,-0.00,0.25,-5.55,-6.57,1.80,-0.23,-0.07,-0.62,2.53,3.81,8.39,-0.09,0.44,0.20,0.00,0.00,0.00,0.00,0.00,0.00,-3.11,-3.73,6.16,-0.51,0.15,0.10
51.892245,8.67,-0.25,2.75,0.13,-0.38,0.32,-44.25,11.69,-20.31,1.65,-4.09,9.20,-0.35,0.07,0.30,-5.53,-7.05,1.24,-0.29,0.01,-0.72,1.90,3.86,8.70,-0.07,0.64,0.12,0.00,0.00,0.00,0.00,0.00,0.00,-3.34,-4.32,5.55,-0.43,0.27,0.20
51.916983,8.82,-0.32,2.75,-0.34,-0.39,0.54,-44.62,12.19,-19.94,1.05,-4.14,9.14,-0.39,0.28,0.25,-5.20,-7.39,0.78,-0.27,0.12,-0.85,1.15,3.78,8.61,-0.14,0.72,-0.09,0.00,0.00,0.00,0.00,0.00,0.00,-4.08,-4.59,5.18,-0.18,0.37,0.28
52.328391,8.90,-0.79,2.75,-0.34,-0.39,0.54,-44.62,12.19,-19.94,0.55,-4.48,8.71,-0.40,0.42,0.13,-4.98,-7.61,0.66,-0.22,0.17,-0.89,0.80,3.58,8.64,-0.16,0.70,-0.24,0.00,0.00,0.00,0.00,0.00,0.00,-4.87,-4.49,5.42,-0.08,0.38,0.22
52.331334,9.12,-1.59,2.45,-0.47,-0.32,0.49,-44.62,12.19,-19.94,0.32,-4.87,8.60,-0.37,0.41,0.04,-4.73,-7.74,0.80,-0.16,0.17,-0.84,0.79,3.33,8.76,-0.16,0.62,-0.30,0.00,0.00,0.00,0.00,0.00,0.00,-5.38,-4.35,5.80,-0.06,0.29,0.14
52.331365,9.47,-2.01,2.30,-0.27,-0.27,0.31,-44.62,12.19,-19.94,0.43,-5.32,8.53,-0.31,0.32,0.05,-4.48,-7.83,1.02,-0.17,0.17,-0.66,0.81,3.00,8.75,-0.15,0.52,-0.25,0.00,0.00,0.00,0.00,0.00,0.00,-5.27,-4.46,5.90,-0.18,0.18,0.04
52.331379,9.59,-1.86,2.30,-0.15,-0.23,0.31,-44.62,12.19,-19.94,0.47,-5.46,8.65,-0.25,0.29,0.09,-4.39,-8.01,0.89,-0.22,0.18,-0.51,0.71,3.10,8.96,-0.12,0.46,-0.23,0.00,0.00,0.00,0.00,0.00,0.00,-4.93,-4.82,5.53,-0.19,0.12,0.03
52.331391,9.51,-1.70,2.26,-0.15,-0.23,0.31,-44.62,12.19,-19.94,0.26,-5.26,9.12,-0.20,0.36,0.07,-4.50,-8.36,0.57,-0.26,0.26,-0.44,0.40,3.47,9.31,-0.09,0.46,-0.27,0.00,0.00,0.00,0.00,0.00,0.00,-4.89,-5.09,5.20,-0.12,0.10,0.01
52.331404,9.39,-1.86,2.41,-0.20,-0.14,0.39,-44.62,12.19,-19.94,0.00,-5.15,9.27,-0.20,0.43,0.04,-4.61,-8.54,0.38,-0.26,0.30,-0.42,0.16,3.69,9.40,-0.12,0.44,-0.33,0.00,0.00,0.00,0.00,0.00,0.00,-4.83,-5.36,4.69,0.10,0.10,0.11
52.331414,9.36,-2.01,2.49,-0.41,-0.16,0.39,-44.62,12.19,-19.94,-0.18,-5.12,9.31,-0.21,0.52,-0.03,-4.58,-8.63,0.21,-0.23,0.37,-0.41,-0.07,3.75,9.42,-0.17,0.41,-0.42,0.00,0.00,0.00,0.00,0.00,0.00,-5.53,-4.25,6.29,0.32,0.07,0.19
52.332302,9.29,-2.12,2.30,-0.50,-0.16,0.35,-44.62,12.19,-19.94,-0.12,-5.15,9.23,-0.23,0.55,-0.07,-4.86,-8.61,0.39,-0.21,0.39,-0.43,0.18,3.85,9.48,-0.22,0.38,-0.44,0.00,0.00,0.00,0.00,0.00,0.00,-5.65,-3.40,7.40,0.01,0.27,-0.01
52.332323,9.01,-2.47,2.26,-0.50,-0.16,0.35,-45.56,17.06,-18.00,0.08,-5.20,9.17,-0.28,0.53,-0.03,-4.86,-8.50,0.52,-0.23,0.35,-0.47,0.34,3.79,9.40,-0.29,0.39,-0.40,0.00,0.00,0.00,0.00,0.00,0.00,-5.49,-3.73,6.62,-0.27,0.41,-0.15
52.332337,9.01,-2.43,2.30,-0.50,-0.16,0.35,-45.06,18.94,-18.50,-0.11,-5.23,8.87,-0.30,0.51,0.01,-4.60,-8.38,0.42,-0.25,0.31,-0.49,0.14,3.58,9.19,-0.33,0.40,-0.35,0.00,0.00,0.00,0.00,0.00,0.00,-5.35,-4.14,5.86,-0.41,0.45,-0.21
52.33235,8.90,-2.36,2.03,-0.50,-0.16,0.35,-45.06,18.94,-18.50,-0.51,-5.19,8.49,-0.29,0.46,0.03,-4.23,-8.26,0.22,-0.24,0.28,-0.47,-0.19,3.30,8.94,-0.33,0.36,-0.32,0.00,0.00,0.00,0.00,0.00,0.00,-5.20,-4.62,5.03,-0.39,0.42,-0.21
52.332362,8.70,-2.28,1.76,-0.33,-0.21,0.23,-45.06,18.94,-18.50,-0.67,-5.16,8.22,-0.25,0.41,-0.03,-3.82,-8.20,-0.07,-0.19,0.27,-0.41,-0.51,3.06,8.74,-0.29,0.30,-0.32,0.00,0.00,0.00,0.00,0.00,0.00,-5.16,-4.61,4.92,-0.28,0.40,-0.21
52.332371,8.32,-2.36,1.57,-0.38,-0.18,0.19,-45.50,20.88,-17.88,-0.70,-5.07,8.10,-0.23,0.38,-0.09,-3.82,-8.11,0.01,-0.13,0.28,-0.36,-0.43,3.02,8.66,-0.27,0.22,-0.33,0.00,0.00,0.00,0.00,0.00,0.00,-5.09,-4.51,4.77,-0.24,0.39,-0.22
52.332386,8.24,-2.51,1.45,-0.34,-0.20,0.13,-45.50,20.88,-17.88,-0.58,-5.14,7.82,-0.22,0.33,-0.10,-3.74,-7.91,0.19,-0.11,0.23,-0.34,-0.26,2.82,8.53,-0.28,0.18,-0.28,0.00,0.00,0.00,0.00,0.00,0.00,-4.95,-4.36,4.69,-0.20,0.36,-0.19
52.334002,8.10,-2.47,1.38,-0.23,-0.20,0.11,-45.50,20.88,-17.88,-0.45,-5.15,7.64,-0.21,0.26,-0.06,-3.58,-7.74,0.26,-0.11,0.17,-0.32,-0.21,2.68,8.37,-0.27,0.16,-0.21,0.00,0.00,0.00,0.00,0.00,0.00,-4.84,-4.22,4.69,-0.23,0.28,-0.17
52.334027,8.05,-2.39,1.38,-0.15,-0.19,0.12,-45.50,20.88,-17.88,-0.50,-5.13,7.55,-0.18,0.22,-0.04,-3.42,-7.71,0.15,-0.11,0.14,-0.30,-0.30,2.60,8.32,-0.25,0.16,-0.16,0.00,0.00,0.00,0.00,0.00,0.00,-4.60,-4.44,4.37,-0.23,0.24,-0.14
52.334041,8.25,-2.32,1.30,-0.15,-0.16,0.14,-46.50,22.06,-18.62,-0.58,-5.18,7.59,-0.15,0.19,-0.03,-3.21,-7.77,-0.08,-0.13,0.15,-0.27,-0.52,2.56,8.32,-0.21,0.16,-0.17,0.00,0.00,0.00,0.00,0.00,0.00,-4.53,-4.61,4.20,-0.17,0.26,-0.10
52.334056,8.20,-2.43,1.30,-0.21,-0.12,0.16,-46.50,22.06,-18.62,-0.72,-5.23,7.51,-0.11,0.19,-0.05,-3.21,-7.86,-0.15,-0.13,0.19,-0.24,-0.64,2.54,8.37,-0.18,0.15,-0.19,0.00,0.00,0.00,0.00,0.00,0.00,-4.62,-4.67,4.11,-0.10,0.29,-0.05
52.334069,8.20,-2.70,1.26,-0.22,-0.09,0.15,-46.50,22.06,-18.62,-0.93,-5.21,7.59,-0.09,0.19,-0.06,-3.27,-7.96,-0.18,-0.13,0.18,-0.22,-0.70,2.58,8.44,-0.16,0.14,-0.18,0.00,0.00,0.00,0.00,0.00,0.00,-4.98,-4.56,4.21,-0.03,0.28,0.01
52.356878,8.17,-2.85,1.22,-0.12,-0.11,0.07,-46.56,22.94,-16.81,-1.04,-5.22,7.69,-0.09,0.14,-0.06,-3.37,-8.09,-0.17,-0.11,0.12,-0.20,-0.75,2.64,8.57,-0.16,0.11,-0.13,0.00,0.00,0.00,0.00,0.00,0.00,-5.37,-4.46,4.33,-0.02,0.20,0.02
52.377262,8.32,-2.89,1.22,-0.12,-0.11,0.07,-46.56,22.94,-16.81,-0.98,-5.28,7.72,-0.09,0.11,-0.05,-3.29,-8.10,-0.25,-0.10,0.07,-0.18,-0.82,2.59,8.57,-0.17,0.08,-0.08,0.00,0.00,0.00,0.00,0.00,0.00,-5.29,-4.45,4.41,-0.08,0.15,-0.02
52.398627,8.36,-2.85,1.22,-0.07,-0.11,0.04,-46.56,22.94,-16.81,-1.03,-5.28,7.71,-0.08,0.11,-0.05,-3.20,-8.08,-0.37,-0.09,0.06,-0.15,-0.95,2.57,8.52,-0.15,0.07,-0.07,0.00,0.00,0.00,0.00,0.00,0.00,-5.20,-4.64,4.18,-0.09,0.14,-0.04
52.423928,8.40,-2.78,1.34,-0.10,-0.00,0.03,-46.06,24.25,-15.56,-1.10,-5.34,7.60,-0.03,0.10,-0.07,-3.16,-8.03,-0.39,-0.08,0.07,-0.09,-0.97,2.50,8.46,-0.10,0.03,-0.07,0.00,0.00,0.00,0.00,0.00,0.00,-5.19,-4.70,4.08,-0.04,0.12,-0.03
52.842287,8.24,-2.85,1.45,-0.10,-0.00,0.03,-46.06,24.25,-15.56,-1.14,-5.18,7.63,0.02,0.08,-0.10,-3.25,-7.97,-0.49,-0.07,0.07,-0.02,-1.02,2.65,8.41,-0.06,0.00,-0.06,0.00,0.00,0.00,0.00,0.00,0.00,-5.22,-4.51,4.14,0.01,0.11,-0.01
52.842316,8.02,-2.89,1.61,-0.07,0.09,-0.03,-46.06,24.25,-15.56,-1.28,-4.90,7.85,0.03,0.05,-0.13,-3.52,-8.00,-0.57,-0.04,0.06,0.01,-1.03,2.93,8.43,-0.05,-0.04,-0.05,0.00,0.00,0.00,0.00,0.00,0.00,-5.58,-4.27,4.21,0.04,0.09,-0.01
52.84233,8.17,-2.93,1.45,-0.04,0.04,-0.11,-46.06,24.25,-15.56,-1.14,-4.98,7.88,0.01,-0.04,-0.14,-3.71,-8.06,-0.27,0.01,-0.02,0.02,-0.76,2.92,8.59,-0.08,-0.10,0.03,0.00,0.00,0.00,0.00,0.00,0.00,-5.50,-4.25,4.39,0.06,-0.02,0.02
52.842343,8.40,-2.74,1.41,0.05,-0.01,-0.16,-46.06,24.25,-15.56,-0.83,-5.24,7.76,0.01,-0.11,-0.12,-3.52,-7.98,-0.17,0.03,-0.08,0.03,-0.63,2.68,8.60,-0.11,-0.12,0.10,0.00,0.00,0.00,0.00,0.00,0.00,-5.15,-4.33,4.54,0.06,-0.09,0.06
52.842355,8.59,-2.62,1.49,0.12,0.02,-0.16,-46.06,24.25,-15.56,-0.74,-5.30,7.84,0.06,-0.11,-0.11,-3.38,-8.00,-0.26,0.01,-0.07,0.06,-0.72,2.66,8.59,-0.08,-0.12,0.10,0.00,0.00,0.00,0.00,0.00,0.00,-5.00,-4.46,4.50,0.05,-0.06,0.07
52.842366,8.59,-2.66,1.57,0.07,0.11,-0.10,-46.06,24.25,-15.56,-0.86,-5.21,8.14,0.08,-0.10,-0.12,-3.61,-8.23,-0.25,0.01,-0.05,0.09,-0.73,2.88,8.83,-0.05,-0.13,0.08,0.00,0.00,0.00,0.00,0.00,0.00,-5.47,-4.45,4.58,0.08,-0.06,0.07
52.842378,8.63,-2.74,1.57,0.07,0.11,-0.10,-47.12,22.50,-17.50,-0.73,-5.32,8.31,0.08,-0.12,-0.12,-3.85,-8.42,-0.06,0.02,-0.06,0.09,-0.53,2.97,9.08,-0.05,-0.14,0.09,0.00,0.00,0.00,0.00,0.00,0.00,-5.53,-4.36,4.99,0.05,-0.10,0.05
52.842392,9.01,-2.62,1.68,0.12,0.04,-0.16,-45.56,21.38,-17.88,-0.68,-5.40,8.43,0.06,-0.14,-0.09,-3.88,-8.51,-0.11,0.03,-0.09,0.08,-0.58,2.96,9.20,-0.06,-0.16,0.12,0.00,0.00,0.00,0.00,0.00,0.00,-5.42,-4.57,4.93,0.06,-0.12,0.05
52.842404,9.01,-2.62,1.68,0.12,0.04,-0.16,-45.56,21.38,-17.88,-0.86,-5.34,8.52,0.07,-0.14,-0.11,-3.93,-8.58,-0.20,0.04,-0.09,0.09,-0.67,3.04,9.23,-0.07,-0.17,0.12,0.00,0.00,0.00,0.00,0.00,0.00,-5.70,-4.54,5.01,0.07,-0.12,0.05
52.842415,8.97,-2.82,1.84,0.08,0.08,-0.17,-45.56,21.38,-17.88,-0.84,-5.34,8.70,0.07,-0.16,-0.15,-4.06,-8.69,-0.12,0.07,-0.10,0.09,-0.58,3.10,9.35,-0.09,-0.22,0.12,0.00,0.00,0.00,0.00,0.00,0.00,-5.81,-4.52,5.13,0.08,-0.15,0.03
52.842426,9.17,-2.43,1.57,0.09,0.05,-0.23,-45.56,21.38,-17.88,-0.48,-5.50,8.66,0.05,-0.20,-0.15,-4.12,-8.70,0.17,0.09,-0.12,0.08,-0.26,3.02,9.48,-0.10,-0.24,0.14,0.00,0.00,0.00,0.00,0.00,0.00,-5.54,-4.45,5.45,0.05,-0.20,0.00
52.842437,9.17,-2.36,1.64,0.13,0.02,-0.22,-45.56,21.38,-17.88,-0.25,-5.56,8.60,0.05,-0.21,-0.12,-4.06,-8.62,0.28,0.09,-0.14,0.07,-0.12,2.91,9.40,-0.10,-0.23,0.16,0.00,0.00,0.00,0.00,0.00,0.00,-5.25,-4.54,5.42,0.03,-0.20,0.01
52.842448,9.17,-2.43,1.80,0.13,0.03,-0.19,-45.19,20.94,-18.56,-0.45,-5.47,8.66,0.06,-0.20,-0.11,-4.01,-8.61,0.15,0.08,-0.14,0.08,-0.28,2.94,9.36,-0.07,-0.22,0.15,0.00,0.00,0.00,0.00,0.00,0.00,-5.40,-4.65,5.23,0.04,-0.18,0.02
52.842458,9.13,-2.51,1.80,0.13,0.03,-0.19,-45.19,20.94,-18.56,-0.58,-5.48,8.55,0.06,-0.23,-0.12,-4.01,-8.62,0.17,0.10,-0.14,0.10,-0.28,2.86,9.31,-0.04,-0.23,0.15,0.00,0.00,0.00,0.00,0.00,0.00,-5.48,-4.71,5.13,0.08,-0.21,0.03
52.844575,9.09,-2.51,1.68,0.12,0.05,-0.23,-45.19,20.94,-18.56,-0.57,-5.53,8.22,0.08,-0.30,-0.13,-3.94,-8.50,0.39,0.13,-0.20,0.14,-0.16,2.66,9.17,-0.01,-0.28,0.20,0.00,0.00,0.00,0.00,0.00,0.00,-5.33,-4.71,5.08,0.14,-0.28,0.08
52.844595,8.86,-1.97,1.34,0.25,0.07,-0.38,-45.69,18.94,-18.06,-0.18,-5.50,8.00,0.12,-0.38,-0.14,-3.65,-8.18,0.51,0.16,-0.26,0.20,0.04,2.44,8.93,0.02,-0.33,0.26,0.00,0.00,0.00,0.00,0.00,0.00,-4.85,-4.49,5.23,0.16,-0.37,0.08
52.84461,8.79,-1.82,1.53,0.25,0.07,-0.38,-45.38,18.31,-16.31,0.07,-5.21,8.11,0.16,-0.35,-0.16,-3.67,-7.93,0.40,0.14,-0.23,0.24,0.06,2.62,8.71,0.06,-0.33,0.24,0.00,0.00,0.00,0.00,0.00,0.00,-4.52,-4.31,5.10,0.16,-0.32,0.07
52.844622,8.55,-1.82,1.88,0.25,0.07,-0.38,-46.19,17.62,-17.69,-0.13,-4.97,8.21,0.21,-0.29,-0.18,-3.97,-7.96,0.31,0.14,-0.16,0.25,0.02,2.94,8.68,0.07,-0.34,0.19,0.00,0.00,0.00,0.00,0.00,0.00,-4.99,-3.99,5.22,0.18,-0.28,0.04
52.844634,8.32,-1.59,1.95,0.25,0.07,-0.38,-45.56,17.56,-18.44,0.26,-4.86,8.31,0.20,-0.35,-0.17,-4.19,-7.87,0.84,0.18,-0.18,0.22,0.58,2.82,8.81,0.01,-0.39,0.19,0.00,0.00,0.00,0.00,0.00,0.00,-4.69,-3.87,5.52,0.15,-0.33,0.00
52.859508,8.44,-1.25,1.34,0.32,0.07,-0.39,-45.56,17.56,-18.44,0.71,-5.21,7.54,0.17,-0.43,-0.11,-3.77,-7.43,1.33,0.18,-0.28,0.22,0.99,2.14,8.47,-0.04,-0.38,0.30,0.00,0.00,0.00,0.00,0.00,0.00,-3.81,-4.13,5.27,0.15,-0.43,0.07
52.883666,8.48,-0.90,1.41,0.32,0.21,-0.33,-45.50,16.00,-16.94,0.92,-5.13,7.35,0.27,-0.37,-0.13,-3.26,-7.14,1.08,0.14,-0.24,0.28,0.71,1.99,8.02,-0.02,-0.38,0.27,0.00,0.00,0.00,0.00,0.00,0.00,-3.36,-4.23,5.02,0.21,-0.37,0.14
52.904622,8.40,-0.82,1.80,0.32,0.21,-0.33,-44.56,16.06,-19.06,0.76,-4.85,7.67,0.37,-0.29,-0.17,-3.63,-7.36,1.06,0.13,-0.15,0.34,0.76,2.38,8.26,0.03,-0.39,0.16,0.00,0.00,0.00,0.00,0.00,0.00,-3.90,-4.01,5.20,0.27,-0.31,0.14
52.926683,8.36,-1.13,1.64,0.32,0.21,-0.33,-44.56,16.06,-19.06,0.95,-4.87,7.85,0.38,-0.28,-0.17,-3.99,-7.43,1.43,0.13,-0.14,0.34,1.19,2.26,8.46,-0.01,-0.41,0.14,0.00,0.00,0.00,0.00,0.00,0.00,-3.77,-3.85,5.54,0.29,-0.34,0.14
53.354108,8.86,-0.82,1.95,0.21,0.26,-0.30,-44.19,14.50,-18.62,1.20,-4.98,7.87,0.42,-0.26,-0.14,-3.98,-7.41,1.30,0.10,-0.12,0.34,1.19,2.35,8.56,-0.04,-0.42,0.13,0.00,0.00,0.00,0.00,0.00,0.00,-3.47,-3.85,5.85,0.30,-0.31,0.19
53.354136,8.74,-0.79,2.52,0.18,0.34,-0.22,-44.19,14.50,-18.62,0.79,-4.46,8.61,0.48,-0.23,-0.14,-4.26,-7.57,1.03,0.10,-0.02,0.34,0.96,2.97,8.60,-0.03,-0.40,0.03,0.00,0.00,0.00,0.00,0.00,0.00,-4.15,-3.83,5.72,0.34,-0.21,0.18
53.35415,8.75,-1.25,2.71,0.01,0.36,-0.23,-44.19,14.50,-18.62,0.67,-4.35,9.07,0.43,-0.18,-0.21,-4.80,-7.82,1.24,0.14,0.00,0.34,1.22,3.20,8.95,-0.02,-0.44,-0.01,0.00,0.00,0.00,0.00,0.00,0.00,-4.71,-3.65,6.07,0.42,-0.24,0.17
53.354162,8.93,-1.44,2.45,0.04,0.26,-0.30,-44.19,14.50,-18.62,0.97,-4.84,8.75,0.37,-0.27,-0.20,-4.88,-7.85,1.64,0.16,-0.08,0.33,1.65,2.88,9.13,-0.01,-0.48,0.08,0.00,0.00,0.00,0.00,0.00,0.00,-4.44,-3.62,6.49,0.42,-0.33,0.20
53.354183,9.51,-1.13,2.30,0.34,0.29,-0.32,-44.31,12.06,-18.88,1.14,-5.02,8.75,0.39,-0.36,-0.14,-4.68,-7.82,1.62,0.14,-0.16,0.36,1.62,2.72,9.15,0.06,-0.47,0.18,0.00,0.00,0.00,0.00,0.00,0.00,-4.24,-3.66,6.82,0.37,-0.36,0.25
53.354195,9.62,-0.98,2.64,0.34,0.29,-0.32,-44.94,12.75,-21.00,1.02,-4.82,9.17,0.45,-0.35,-0.15,-4.96,-8.07,1.30,0.13,-0.12,0.40,1.30,2.95,9.29,0.08,-0.50,0.14,0.00,0.00,0.00,0.00,0.00,0.00,-4.44,-3.94,6.44,0.40,-0.36,0.28
53.354207,9.59,-1.09,2.83,0.26,0.36,-0.31,-44.94,12.75,-21.00,0.98,-4.65,9.55,0.46,-0.30,-0.20,-5.42,-8.36,1.33,0.16,-0.11,0.39,1.37,3.17,9.62,-0.05,-0.60,0.05,0.00,0.00,0.00,0.00,0.00,0.00,-4.95,-3.58,6.90,0.48,-0.40,0.30
53.354221,9.59,-1.28,2.79,0.26,0.36,-0.31,-44.19,10.62,-19.50,1.13,-4.84,9.39,0.44,-0.35,-0.17,-5.63,-8.36,1.77,0.23,-0.18,0.34,2.04,3.11,9.92,-0.14,-0.60,0.09,0.00,0.00,0.00,0.00,0.00,0.00,-4.95,-3.34,7.35,0.45,-0.51,0.30
53.354234,9.93,-0.67,2.37,0.51,0.16,-0.45,-43.31,10.00,-19.12,1.65,-5.19,9.05,0.45,-0.51,-0.05,-4.97,-8.01,2.13,0.22,-0.32,0.34,2.36,2.60,9.49,-0.10,-0.56,0.25,0.00,0.00,0.00,0.00,0.00,0.00,-3.91,-3.78,7.24,0.40,-0.60,0.36
53.354246,10.23,-0.36,2.75,0.48,0.34,-0.37,-43.31,10.00,-19.12,1.70,-5.07,9.26,0.54,-0.51,-0.02,-4.80,-8.09,1.63,0.16,-0.27,0.41,1.89,2.67,9.45,0.05,-0.50,0.20,0.00,0.00,0.00,0.00,0.00,0.00,-3.76,-3.88,7.19,0.43,-0.51,0.40
53.354257,9.85,-0.63,2.98,0.48,0.34,-0.37,-43.31,10.00,-19.12,1.54,-4.46,9.98,0.60,-0.45,-0.04,-5.32,-8.24,1.46,0.12,-0.15,0.45,1.86,3.30,9.73,0.14,-0.43,0.05,0.00,0.00,0.00,0.00,0.00,0.00,-4.43,-3.33,7.42,0.46,-0.38,0.38
53.354268,9.35,-1.21,3.02,0.22,0.45,-0.30,-43.31,10.00,-19.12,1.51,-4.03,9.99,0.57,-0.37,-0.02,-6.06,-8.20,1.78,0.12,-0.17,0.40,2.25,3.57,9.79,0.11,-0.42,0.07,0.00,0.00,0.00,0.00,0.00,0.00,-5.23,-2.49,7.86,0.40,-0.40,0.33
53.354279,9.21,-0.71,2.71,0.44,0.08,-0.42,-43.31,10.00,-19.12,1.60,-4.22,9.52,0.53,-0.45,0.11,-5.56,-7.72,2.19,0.10,-0.34,0.37,2.52,3.07,9.15,0.11,-0.53,0.26,0.00,0.00,0.00,0.00,0.00,0.00,-4.43,-2.83,7.51,0.33,-0.55,0.30
53.35429,9.63,0.02,2.75,0.53,0.11,-0.44,-43.31,10.00,-19.12,1.54,-4.25,9.31,0.56,-0.53,0.13,-4.63,-7.43,1.77,0.03,-0.33,0.49,2.01,2.68,8.68,0.30,-0.62,0.25,0.00,0.00,0.00,0.00,0.00,0.00,-3.46,-3.45,7.16,0.34,-0.52,0.31
53.35593,9.85,0.17,2.83,0.53,0.11,-0.44,-42.94,4.56,-19.62,1.09,-3.84,9.46,0.59,-0.55,0.01,-5.03,-7.45,1.45,0.01,-0.19,0.63,1.95,3.15,9.00,0.48,-0.61,0.13,0.00,0.00,0.00,0.00,0.00,0.00,-3.64,-3.57,6.46,0.49,-0.41,0.34
53.355946,8.55,-0.79,3.18,0.22,0.55,-0.46,-42.94,4.56,-19.62,1.43,-3.33,9.69,0.54,-0.63,-0.10,-5.77,-7.24,1.83,0.06,-0.21,0.64,2.68,3.68,9.06,0.67,-0.59,0.14,0.00,0.00,0.00,0.00,0.00,0.00,-4.11,-2.28,7.18,0.69,-0.42,0.42
53.355963,8.51,-0.55,2.91,0.22,0.55,-0.46,-42.00,4.56,-20.69,2.16,-3.65,9.28,0.46,-0.77,-0.04,-5.92,-6.99,2.58,0.06,-0.36,0.57,3.37,3.40,8.93,0.77,-0.54,0.33,0.00,0.00,0.00,0.00,0.00,0.00,-3.76,-1.70,8.05,0.63,-0.51,0.47
53.355974,8.90,0.06,2.75,0.60,0.33,-0.56,-42.00,4.56,-20.69,2.78,-3.86,9.14,0.45,-0.86,0.05,-5.43,-6.79,2.61,0.01,-0.44,0.54,3.44,3.15,8.77,0.81,-0.41,0.48,0.00,0.00,0.00,0.00,0.00,0.00,-2.79,-1.97,8.15,0.45,-0.52,0.49
53.355988,9.59,1.17,3.29,0.60,0.33,-0.56,-42.00,0.12,-19.44,3.05,-3.61,9.73,0.48,-0.77,0.04,-5.09,-6.78,2.07,-0.11,-0.21,0.60,2.91,3.41,8.54,0.84,-0.25,0.33,0.00,0.00,0.00,0.00,0.00,0.00,-2.58,-2.27,7.80,0.39,-0.30,0.48
53.360098,9.51,0.79,3.75,0.60,0.33,-0.56,-42.00,0.12,-19.44,3.06,-3.36,10.31,0.48,-0.47,-0.03,-5.83,-6.89,2.14,-0.22,0.02,0.65,3.15,4.03,8.79,0.87,-0.11,0.13,0.00,0.00,0.00,0.00,0.00,0.00,-2.98,-1.93,7.99,0.41,-0.09,0.48
53.378116,9.39,-0.29,3.98,0.13,0.63,-0.07,-42.00,0.12,-19.44,2.55,-3.19,10.40,0.46,-0.29,-0.01,-6.68,-7.29,1.95,-0.31,0.07,0.62,3.02,4.60,9.27,0.83,-0.01,0.10,0.00,0.00,0.00,0.00,0.00,0.00,-3.99,-1.80,7.98,0.45,0.05,0.54
53.402775,9.43,-0.13,3.90,0.20,0.58,-0.02,-41.00,-1.44,-20.38,2.09,-3.13,10.39,0.41,-0.35,0.00,-6.83,-7.51,1.69,-0.25,0.05,0.58,2.78,4.77,9.40,0.78,0.03,0.14,0.00,0.00,0.00,0.00,0.00,0.00,-4.59,-1.98,7.61,0.62,-0.08,0.61
53.42552,9.78,0.02,4.13,0.20,0.58,-0.02,-40.62,0.62,-21.94,2.62,-3.28,10.56,0.38,-0.40,-0.01,-6.88,-7.33,1.73,-0.26,0.06,0.56,2.97,4.80,9.31,0.72,0.07,0.14,0.00,0.00,0.00,0.00,0.00,0.00,-3.82,-1.59,8.18,0.80,-0.17,0.70
53.449027,9.78,-0.02,4.29,0.20,0.43,-0.13,-40.62,0.62,-21.94,2.86,-3.35,10.67,0.37,-0.36,0.00,-7.12,-7.25,1.68,-0.43,0.07,0.57,3.17,5.03,9.45,0.68,0.17,0.11,0.00,0.00,0.00,0.00,0.00,0.00,-3.98,-0.79,9.19,0.73,-0.04,0.74
53.861254,9.77,-0.21,4.52,0.20,0.43,-0.13,-40.31,-3.31,-22.12,2.35,-3.00,11.05,0.34,-0.35,0.04,-7.41,-7.62,1.20,-0.56,0.07,0.54,2.56,5.58,9.65,0.67,0.36,0.08,0.00,0.00,0.00,0.00,0.00,0.00,-4.87,-0.85,8.81,0.58,0.13,0.70
53.862279,9.81,-0.02,4.63,0.13,0.38,-0.04,-40.31,-3.31,-22.12,2.02,-2.77,11.27,0.29,-0.34,-0.02,-7.46,-7.87,0.79,-0.46,0.11,0.47,1.90,5.80,9.53,0.62,0.39,-0.00,0.00,0.00,0.00,0.00,0.00,0.00,-5.84,-0.70,8.86,0.52,0.13,0.55
53.862313,9.93,-0.09,4.71,-0.02,0.32,-0.17,-40.31,-3.31,-22.12,1.98,-2.91,11.18,0.25,-0.29,-0.14,-7.39,-7.81,0.97,-0.29,0.15,0.45,1.91,5.73,9.38,0.55,0.28,-0.08,0.00,0.00,0.00,0.00,0.00,0.00,-6.10,-0.48,9.10,0.38,0.06,0.31
53.862325,10.12,-0.36,4.67,-0.08,0.31,-0.28,-40.31,-3.31,-22.12,2.44,-3.13,11.19,0.23,-0.29,-0.21,-7.52,-7.72,1.33,-0.14,0.17,0.47,2.20,5.74,9.29,0.46,0.07,-0.09,0.00,0.00,0.00,0.00,0.00,0.00,-5.75,-0.47,9.17,0.25,-0.05,0.18
53.862338,10.12,-0.09,4.79,-0.04,0.22,-0.23,-39.44,-2.94,-22.50,2.86,-2.98,11.71,0.18,-0.28,-0.20,-7.89,-7.86,1.06,-0.09,0.24,0.45,2.34,6.24,9.78,0.37,-0.13,-0.12,0.00,0.00,0.00,0.00,0.00,0.00,-5.18,-0.42,9.42,0.12,-0.02,0.05
53.86235,10.12,0.29,4.86,-0.04,0.22,-0.23,-39.19,-2.50,-22.19,2.92,-2.80,12.06,0.10,-0.14,-0.23,-8.08,-8.05,1.04,-0.05,0.32,0.38,2.29,6.53,9.92,0.27,-0.07,-0.20,0.00,0.00,0.00,0.00,0.00,0.00,-5.52,-0.65,9.23,0.12,0.11,-0.08
53.862365,10.23,0.17,4.86,-0.26,0.07,-0.17,-39.19,-2.50,-22.19,2.43,-2.94,11.83,0.03,-0.08,-0.29,-8.36,-8.14,1.12,0.05,0.33,0.35,2.17,6.39,9.97,0.21,-0.11,-0.21,0.00,0.00,0.00,0.00,0.00,0.00,-6.02,-0.89,9.08,0.17,0.11,-0.20
53.862378,10.58,0.06,4.67,-0.33,-0.04,-0.27,-39.88,-1.50,-21.12,2.54,-3.31,11.37,-0.01,-0.14,-0.38,-8.42,-7.95,1.37,0.21,0.22,0.28,2.43,5.99,9.92,0.13,-0.27,-0.14,0.00,0.00,0.00,0.00,0.00,0.00,-5.77,-0.96,9.28,0.17,-0.07,-0.30
53.862389,10.62,0.48,4.55,-0.26,0.08,-0.44,-40.06,-2.88,-22.12,3.08,-3.30,11.39,-0.03,-0.18,-0.46,-8.20,-7.70,1.61,0.32,0.16,0.17,2.81,5.94,9.78,0.03,-0.37,-0.16,0.00,0.00,0.00,0.00,0.00,0.00,-4.91,-0.93,9.41,0.17,-0.13,-0.36
53.862402,10.32,0.98,4.55,-0.26,0.08,-0.44,-40.06,-2.88,-22.12,3.85,-3.20,11.45,-0.07,-0.13,-0.50,-8.32,-7.57,1.92,0.36,0.16,0.06,3.23,6.06,9.78,-0.05,-0.35,-0.19,0.00,0.00,0.00,0.00,0.00,0.00,-4.42,-0.68,9.65,0.13,-0.10,-0.41
53.862413,9.97,1.09,4.48,-0.36,0.04,-0.35,-40.06,-2.88,-22.12,3.94,-3.29,11.11,-0.13,-0.08,-0.49,-8.13,-7.47,2.22,0.40,0.15,-0.07,3.44,5.79,9.62,-0.16,-0.34,-0.20,0.00,0.00,0.00,0.00,0.00,0.00,-4.31,-0.83,9.57,0.10,-0.10,-0.43
53.862427,10.05,1.25,4.06,-0.32,-0.14,-0.34,-39.50,-3.00,-21.06,3.78,-3.53,10.46,-0.17,-0.09,-0.49,-7.57,-7.25,2.53,0.45,0.09,-0.12,3.50,5.14,9.25,-0.25,-0.40,-0.16,0.00,0.00,0.00,0.00,0.00,0.00,-4.14,-1.08,9.50,0.04,-0.15,-0.47
53.862439,9.89,1.40,3.79,-0.32,-0.14,-0.34,-39.56,-1.38,-22.88,4.07,-3.69,10.04,-0.16,-0.09,-0.53,-7.20,-6.99,2.87,0.51,0.04,-0.10,3.73,4.73,8.91,-0.29,-0.48,-0.13,0.00,0.00,0.00,0.00,0.00,0.00,-4.01,-0.79,9.86,-0.17,-0.17,-0.63
53.862451,9.66,1.32,3.71,-0.25,-0.00,-0.38,-39.56,-1.38,-22.88,4.56,-3.86,9.62,-0.12,-0.07,-0.49,-7.15,-6.71,3.23,0.48,-0.02,-0.06,4.19,4.48,8.77,-0.31,-0.56,-0.06,0.00,0.00,0.00,0.00,0.00,0.00,-3.23,-0.87,9.68,-0.44,-0.14,-0.78
53.864628,9.39,1.32,3.71,-0.11,0.01,-0.31,-39.56,-1.38,-22.88,4.64,-3.64,9.66,-0.10,-0.08,-0.41,-7.01,-6.55,3.21,0.40,-0.09,-0.03,4.26,4.48,8.68,-0.31,-0.55,0.00,0.00,0.00,0.00,0.00,0.00,0.00,-2.61,-1.44,8.79,-0.53,-0.10,-0.78
53.864653,9.13,1.82,3.60,-0.07,-0.01,-0.24,-38.75,-4.50,-22.06,4.60,-3.52,9.50,-0.09,-0.03,-0.34,-6.73,-6.43,3.14,0.35,-0.07,-0.04,4.17,4.39,8.54,-0.29,-0.46,-0.01,0.00,0.00,0.00,0.00,0.00,0.00,-2.25,-1.90,8.24,-0.40,-0.06,-0.65
53.864663,9.21,1.59,3.45,-0.13,0.00,-0.17,-38.75,-4.50,-22.06,4.43,-3.66,9.12,-0.06,0.01,-0.32,-6.52,-6.21,3.17,0.30,-0.03,-0.03,4.16,4.06,8.26,-0.24,-0.42,-0.02,0.00,0.00,0.00,0.00,0.00,0.00,-2.37,-1.89,8.17,-0.27,-0.06,-0.50
53.864678,9.09,1.29,3.45,-0.09,0.07,-0.14,-38.75,-4.50,-22.06,4.48,-3.52,9.13,-0.02,-0.01,-0.25,-6.64,-6.14,3.19,0.22,-0.03,-0.00,4.31,4.18,8.30,-0.17,-0.33,0.01,0.00,0.00,0.00,0.00,0.00,0.00,-2.27,-1.61,8.38,-0.20,-0.06,-0.34
53.864686,8.62,1.32,3.52,-0.09,0.07,-0.14,-38.25,-3.50,-22.81,4.47,-3.32,9.25,-0.02,-0.00,-0.15,-6.76,-6.16,3.10,0.11,-0.06,-0.04,4.32,4.31,8.35,-0.14,-0.19,0.06,0.00,0.00,0.00,0.00,0.00,0.00,-2.48,-1.31,8.65,-0.22,-0.03,-0.22
53.875976,8.74,1.32,3.48,0.06,-0.03,-0.01,-38.25,-3.50,-22.81,4.22,-3.34,9.13,-0.03,0.00,-0.04,-6.59,-6.17,2.99,0.02,-0.09,-0.08,4.08,4.20,8.25,-0.13,-0.05,0.10,0.00,0.00,0.00,0.00,0.00,0.00,-2.54,-1.76,8.14,-0.26,-0.00,-0.14
53.899741,8.97,1.36,3.52,0.08,-0.01,0.05,-38.25,-3.50,-22.81,4.00,-3.33,9.08,-0.01,0.01,-0.01,-6.34,-6.17,2.79,-0.03,-0.08,-0.08,3.83,4.11,8.14,-0.09,0.02,0.10,0.00,0.00,0.00,0.00,0.00,0.00,-2.52,-2.05,7.87,-0.18,0.02,-0.04
53.922096,8.90,1.40,3.56,0.08,-0.01,0.05,-39.19,-2.38,-23.94,3.94,-3.24,9.12,0.02,0.02,-0.01,-6.42,-6.15,2.83,-0.05,-0.06,-0.06,3.88,4.18,8.10,-0.04,0.07,0.08,0.00,0.00,0.00,0.00,0.00,0.00,-2.76,-1.81,8.08,-0.12,0.03,0.01
53.943813,8.78,1.32,3.68,0.10,0.03,0.06,-38.62,-2.06,-22.19,4.13,-3.16,9.19,0.03,0.00,0.03,-6.66,-6.05,3.06,-0.08,-0.10,-0.05,4.13,4.29,8.10,-0.01,0.11,0.12,0.00,0.00,0.00,0.00,0.00,0.00,-2.69,-1.60,8.22,-0.10,0.01,0.07
54.371588,8.74,1.29,3.83,0.10,0.03,0.06,-38.62,-2.06,-22.19,4.22,-3.00,9.38,0.03,-0.02,0.08,-6.79,-6.06,2.92,-0.13,-0.13,-0.06,4.09,4.53,8.14,-0.01,0.16,0.16,0.00,0.00,0.00,0.00,0.00,0.00,-2.68,-1.41,8.41,-0.09,0.02,0.14
54.371617,8.78,1.44,4.09,0.17,-0.04,0.13,-38.62,-2.06,-22.19,4.07,-2.94,9.46,0.01,-0.00,0.12,-6.89,-6.13,2.81,-0.17,-0.14,-0.08,3.96,4.59,8.14,-0.02,0.21,0.17,0.00,0.00,0.00,0.00,0.00,0.00,-3.03,-1.40,8.48,-0.11,0.03,0.18
54.37163,8.93,1.29,4.06,0.17,-0.04,0.13,-37.88,-4.06,-22.44,3.94,-3.11,9.27,0.02,-0.03,0.15,-6.82,-6.16,2.90,-0.18,-0.18,-0.06,3.93,4.43,8.13,-0.02,0.18,0.22,0.00,0.00,0.00,0.00,0.00,0.00,-3.20,-1.51,8.47,-0.15,-0.01,0.19
54.371643,9.09,1.29,3.79,0.17,-0.04,0.13,-38.56,-3.00,-22.88,3.97,-3.25,9.20,0.05,-0.10,0.19,-6.74,-6.16,3.07,-0.18,-0.27,-0.02,4.01,4.28,8.17,0.00,0.13,0.30,0.00,0.00,0.00,0.00,0.00,0.00,-3.00,-1.67,8.39,-0.16,-0.08,0.24
54.371655,9.05,1.32,3.64,0.37,0.01,0.04,-38.56,-3.00,-22.88,4.21,-3.31,9.35,0.08,-0.13,0.23,-6.60,-6.24,3.10,-0.22,-0.31,0.01,4.06,4.24,8.31,0.03,0.14,0.34,0.00,0.00,0.00,0.00,0.00,0.00,-2.65,-1.71,8.43,-0.17,-0.10,0.29
54.371667,9.17,1.36,3.52,0.39,0.01,0.11,-38.56,-3.00,-22.88,4.33,-3.43,9.48,0.08,-0.08,0.29,-6.54,-6.39,3.09,-0.29,-0.29,-0.00,4.06,4.23,8.48,0.05,0.23,0.34,0.00,0.00,0.00,0.00,0.00,0.00,-2.53,-1.86,8.40,-0.16,-0.04,0.37
54.37168,9.31,1.25,3.52,0.35,-0.01,0.22,-38.56,-3.00,-22.88,4.08,-3.59,9.37,0.10,-0.06,0.34,-6.52,-6.50,3.10,-0.35,-0.28,0.00,3.98,4.11,8.55,0.07,0.28,0.36,0.00,0.00,0.00,0.00,0.00,0.00,-2.83,-2.04,8.31,-0.13,-0.02,0.46
54.371692,9.39,1.21,3.41,0.47,0.01,0.25,-38.56,-3.00,-22.88,3.99,-3.68,9.33,0.12,-0.09,0.39,-6.56,-6.60,3.21,-0.40,-0.33,0.03,4.00,4.05,8.62,0.09,0.30,0.42,0.00,0.00,0.00,0.00,0.00,0.00,-3.00,-1.96,8.47,-0.10,-0.07,0.55
54.371704,9.35,1.29,3.37,0.47,0.01,0.25,-38.75,-4.50,-21.69,4.15,-3.68,9.47,0.14,-0.12,0.45,-6.64,-6.65,3.23,-0.45,-0.40,0.04,4.08,4.12,8.70,0.10,0.32,0.49,0.00,0.00,0.00,0.00,0.00,0.00,-2.96,-1.68,8.92,-0.18,-0.07,0.58
54.371715,9.36,1.29,3.45,0.47,0.01,0.25,-38.75,-4.50,-21.69,4.26,-3.62,9.64,0.14,-0.13,0.52,-6.68,-6.72,3.23,-0.50,-0.43,0.02,4.13,4.23,8.82,0.10,0.37,0.53,0.00,0.00,0.00,0.00,0.00,0.00,-2.94,-1.66,8.90,-0.28,-0.05,0.59
54.371727,9.39,1.29,3.52,0.59,-0.02,0.31,-38.75,-4.50,-21.69,4.27,-3.69,9.58,0.13,-0.12,0.60,-6.70,-6.70,3.30,-0.55,-0.46,0.00,4.16,4.17,8.78,0.09,0.42,0.57,0.00,0.00,0.00,0.00,0.00,0.00,-2.95,-1.73,8.85,-0.36,-0.04,0.62
54.371738,9.47,1.25,3.48,0.62,-0.07,0.36,-38.75,-4.50,-21.69,4.20,-3.77,9.40,0.15,-0.13,0.67,-6.57,-6.64,3.33,-0.60,-0.52,0.01,4.11,4.06,8.66,0.10,0.45,0.64,0.00,0.00,0.00,0.00,0.00,0.00,-2.90,-1.89,8.63,-0.40,-0.05,0.67
54.37175,9.51,1.25,3.45,0.72,-0.07,0.38,-38.75,-4.50,-21.69,4.06,-3.72,9.35,0.19,-0.14,0.74,-6.41,-6.59,3.18,-0.65,-0.56,0.04,3.98,4.02,8.59,0.13,0.47,0.69,0.00,0.00,0.00,0.00,0.00,0.00,-2.82,-2.00,8.46,-0.41,-0.06,0.73
54.371761,9.39,1.32,3.48,0.79,0.02,0.43,-40.25,-5.56,-18.81,4.06,-3.59,9.43,0.23,-0.16,0.76,-6.43,-6.55,3.07,-0.70,-0.55,0.08,3.93,4.14,8.57,0.18,0.50,0.70,0.00,0.00,0.00,0.00,0.00,0.00,-2.87,-1.78,8.54,-0.41,-0.04,0.79
54.375788,9.17,1.17,3.64,0.79,0.02,0.43,-40.25,-5.56,-18.81,4.11,-3.46,9.55,0.24,-0.14,0.81,-6.62,-6.51,3.10,-0.76,-0.54,0.10,3.99,4.28,8.57,0.20,0.55,0.71,0.00,0.00,0.00,0.00,0.00,0.00,-2.93,-1.55,8.61,-0.45,-0.01,0.83
54.375808,9.16,0.98,3.71,0.85,-0.01,0.54,-40.25,-5.56,-18.81,3.95,-3.39,9.55,0.25,-0.14,0.88,-6.70,-6.51,3.04,-0.82,-0.59,0.09,3.92,4.37,8.59,0.21,0.60,0.78,0.00,0.00,0.00,0.00,0.00,0.00,-3.15,-1.50,8.55,-0.49,-0.00,0.89
54.375822,9.24,0.90,3.71,0.95,-0.02,0.55,-40.25,-5.56,-18.81,3.76,-3.36,9.54,0.26,-0.17,0.93,-6.62,-6.53,2.85,-0.86,-0.64,0.11,3.70,4.38,8.56,0.22,0.63,0.84,0.00,0.00,0.00,0.00,0.00,0.00,-3.28,-1.63,8.33,-0.51,-0.02,0.94
54.375834,9.28,0.94,3.68,0.98,0.01,0.55,-40.50,-5.56,-18.12,3.68,-3.31,9.57,0.28,-0.17,0.96,-6.50,-6.56,2.61,-0.89,-0.65,0.13,3.47,4.38,8.51,0.24,0.65,0.85,0.00,0.00,0.00,0.00,0.00,0.00,-3.30,-1.67,8.26,-0.52,-0.02,0.97
54.375851,9.24,0.98,3.71,0.94,0.04,0.58,-39.88,-6.06,-18.81,3.56,-3.28,9.56,0.32,-0.13,0.98,-6.45,-6.53,2.44,-0.92,-0.62,0.16,3.35,4.39,8.41,0.28,0.67,0.83,0.00,0.00,0.00,0.00,0.00,0.00,-3.27,-1.68,8.16,-0.52,0.01,0.99
54.375864,9.24,0.90,3.83,0.91,0.09,0.62,-39.88,-6.06,-18.81,3.54,-3.19,9.59,0.34,-0.12,0.99,-6.59,-6.47,2.45,-0.95,-0.59,0.19,3.41,4.51,8.43,0.31,0.70,0.82,0.00,0.00,0.00,0.00,0.00,0.00,-3.42,-1.46,8.21,-0.50,0.04,1.02
54.392068,9.09,0.59,3.90,0.91,0.09,0.62,-40.88,-4.69,-16.06,3.52,-2.90,9.83,0.35,-0.11,1.03,-6.82,-6.46,2.36,-0.99,-0.60,0.19,3.37,4.79,8.47,0.31,0.74,0.84,0.00,0.00,0.00,0.00,0.00,0.00,-3.67,-1.15,8.31,-0.54,0.05,1.04
54.417052,8.86,0.75,4.06,1.02,0.02,0.65,-41.50,-3.56,-17.12,3.32,-2.77,9.74,0.33,-0.09,1.10,-6.86,-6.37,2.31,-1.01,-0.64,0.17,3.35,4.83,8.37,0.27,0.77,0.89,0.00,0.00,0.00,0.00,0.00,0.00,-3.73,-1.12,8.20,-0.58,0.04,1.06
54.436276,8.86,0.75,4.06,1.02,0.02,0.65,-41.50,-3.56,-17.12,3.36,-2.79,9.61,0.33,-0.12,1.12,-6.69,-6.28,2.24,-1.02,-0.66,0.18,3.24,4.75,8.28,0.23,0.78,0.92,0.00,0.00,0.00,0.00,0.00,0.00,-3.56,-1.30,7.96,-0.58,0.03,1.08
54.460596,8.86,0.98,3.98,1.05,0.03,0.64,-41.50,-3.56,-17.12,3.33,-2.72,9.62,0.34,-0.09,1.13,-6.55,-6.22,2.17,-1.02,-0.65,0.19,3.16,4.71,8.15,0.22,0.77,0.92,0.00,0.00,0.00,0.00,0.00,0.00,-3.42,-1.37,7.78,-0.53,0.03,1.11
54.88255,8.79,0.86,3.98,0.97,0.08,0.66,-41.38,-5.69,-14.56,3.12,-2.66,9.54,0.37,-0.05,1.14,-6.56,-6.19,2.10,-1.02,-0.63,0.20,3.11,4.71,8.18,0.21,0.77,0.90,0.00,0.00,0.00,0.00,0.00,0.00,-3.62,-1.18,7.82,-0.47,0.04,1.14
54.882593,8.55,0.52,3.94,0.97,0.08,0.66,-41.38,-5.69,-14.56,2.98,-2.62,9.45,0.37,-0.11,1.14,-6.68,-6.13,2.12,-1.02,-0.64,0.21,3.18,4.72,8.08,0.17,0.77,0.93,0.00,0.00,0.00,0.00,0.00,0.00,-3.59,-0.99,7.80,-0.45,0.02,1.18
54.882609,8.48,0.52,4.02,0.97,0.08,0.66,-41.06,-6.19,-14.94,3.09,-2.61,9.38,0.38,-0.18,1.16,-6.65,-6.04,2.17,-1.03,-0.68,0.21,3.07,4.61,7.71,0.21,0.75,0.98,0.00,0.00,0.00,0.00,0.00,0.00,-3.69,-0.83,7.92,-0.47,-0.01,1.22
54.882625,8.55,0.82,4.09,1.12,0.05,0.62,-41.06,-6.19,-14.94,2.98,-2.46,9.45,0.39,-0.25,1.16,-6.63,-6.01,2.06,-1.03,-0.70,0.23,3.01,4.74,7.82,0.28,0.71,1.00,0.00,0.00,0.00,0.00,0.00,0.00,-3.59,-0.91,7.68,-0.46,-0.03,1.25
54.882641,8.48,0.75,4.13,1.11,0.06,0.62,-41.06,-6.19,-14.94,3.02,-2.38,9.49,0.39,-0.27,1.14,-6.65,-5.98,2.06,-1.03,-0.71,0.22,3.02,4.76,7.90,0.31,0.70,1.00,0.00,0.00,0.00,0.00,0.00,0.00,-3.72,-0.67,7.91,-0.46,-0.04,1.25
54.882654,8.44,0.71,4.09,1.08,0.06,0.62,-41.06,-6.19,-14.94,2.98,-2.36,9.38,0.38,-0.30,1.13,-6.69,-5.96,2.07,-1.02,-0.73,0.22,3.02,4.76,7.87,0.31,0.70,1.02,0.00,0.00,0.00,0.00,0.00,0.00,-3.77,-0.63,7.85,-0.51,-0.04,1.21
54.882667,8.40,0.75,4.06,1.08,0.06,0.62,-42.94,-4.62,-13.19,2.93,-2.33,9.32,0.38,-0.34,1.12,-6.61,-5.94,1.96,-0.99,-0.76,0.22,3.02,4.77,7.99,0.30,0.68,1.05,0.00,0.00,0.00,0.00,0.00,0.00,-3.71,-0.71,7.75,-0.54,-0.07,1.20
54.882681,8.44,0.86,4.06,1.14,0.03,0.56,-42.94,-4.62,-13.19,2.99,-2.29,9.40,0.37,-0.38,1.09,-6.54,-5.95,1.92,-0.96,-0.75,0.25,2.96,4.73,7.86,0.30,0.66,1.06,0.00,0.00,0.00,0.00,0.00,0.00,-3.68,-0.83,7.59,-0.52,-0.09,1.18
54.882716,8.48,0.94,4.06,1.11,0.04,0.52,-42.94,-4.62,-13.19,3.04,-2.37,9.39,0.37,-0.37,1.06,-6.46,-5.99,1.96,-0.94,-0.72,0.27,2.89,4.64,7.72,0.34,0.65,1.03,0.00,0.00,0.00,0.00,0.00,0.00,-3.56,-0.99,7.48,-0.46,-0.10,1.19
54.88273,8.55,0.86,4.02,1.07,0.05,0.52,-42.94,-4.62,-13.19,2.96,-2.55,9.25,0.38,-0.38,1.04,-6.45,-6.03,2.16,-0.92,-0.72,0.32,2.92,4.47,7.74,0.42,0.59,1.02,0.00,0.00,0.00,0.00,0.00,0.00,-3.66,-1.09,7.42,-0.38,-0.14,1.22
54.882744,8.62,0.71,3.87,1.07,0.05,0.52,-43.38,-3.25,-11.19,3.00,-2.81,9.07,0.40,-0.42,1.04,-6.47,-6.11,2.23,-0.91,-0.78,0.37,3.03,4.34,7.96,0.47,0.53,1.06,0.00,0.00,0.00,0.00,0.00,0.00,-3.57,-1.11,7.55,-0.29,-0.22,1.30
54.882757,8.82,0.98,3.52,1.23,0.12,0.39,-43.38,-3.25,-11.19,3.21,-2.91,9.18,0.42,-0.49,1.05,-6.33,-6.20,2.22,-0.91,-0.82,0.42,3.09,4.34,8.12,0.52,0.52,1.12,0.00,0.00,0.00,0.00,0.00,0.00,-3.50,-1.05,7.88,-0.28,-0.25,1.32
54.882769,8.82,0.98,3.52,1.23,0.12,0.39,-43.38,-3.25,-11.19,3.48,-3.07,9.21,0.46,-0.48,1.05,-6.31,-6.22,2.35,-0.92,-0.79,0.44,3.18,4.20,8.08,0.56,0.53,1.10,0.00,0.00,0.00,0.00,0.00,0.00,-3.22,-1.13,8.07,-0.29,-0.23,1.31
54.882782,9.32,1.05,3.75,1.17,0.23,0.48,-43.38,-3.25,-11.19,3.67,-3.16,9.37,0.51,-0.47,1.06,-6.47,-6.24,2.57,-0.96,-0.74,0.49,3.40,4.26,8.13,0.63,0.53,1.07,0.00,0.00,0.00,0.00,0.00,0.00,-3.20,-1.09,8.31,-0.31,-0.17,1.31
54.88576,9.39,0.98,3.98,1.17,0.23,0.48,-43.31,-4.31,-10.06,3.79,-2.95,9.88,0.53,-0.44,1.08,-6.87,-6.41,2.60,-1.01,-0.71,0.51,3.55,4.69,8.52,0.66,0.55,1.05,0.00,0.00,0.00,0.00,0.00,0.00,-3.35,-0.77,8.74,-0.35,-0.12,1.31
54.88578,9.36,1.05,4.13,1.16,0.21,0.58,-44.19,-4.88,-7.56,3.96,-2.77,10.26,0.52,-0.38,1.10,-7.26,-6.55,2.58,-1.05,-0.66,0.49,3.74,5.15,8.83,0.64,0.63,1.02,0.00,0.00,0.00,0.00,0.00,0.00,-3.53,-0.60,8.85,-0.39,-0.07,1.30
54.885793,9.39,1.09,4.29,1.16,0.21,0.58,-43.88,-5.31,-8.94,4.02,-2.72,10.21,0.49,-0.37,1.17,-7.60,-6.52,2.82,-1.08,-0.73,0.44,3.91,5.36,8.62,0.61,0.72,1.08,0.00,0.00,0.00,0.00,0.00,0.00,-3.62,-0.46,8.97,-0.40,-0.07,1.33
54.885806,9.31,1.13,4.29,1.28,0.01,0.58,-44.00,-3.38,-8.31,3.89,-2.81,9.79,0.51,-0.45,1.26,-7.17,-6.18,2.90,-1.13,-0.75,0.52,3.93,5.32,8.24,0.93,0.77,1.19,0.00,0.00,0.00,0.00,0.00,0.00,-3.45,-0.71,8.69,-0.36,-0.09,1.39
54.885821,9.35,1.29,4.13,1.28,0.01,0.58,-44.00,-3.38,-8.31,3.88,-2.77,9.61,0.55,-0.53,1.25,-7.10,-6.01,2.80,-1.15,-0.79,0.59,3.71,5.05,8.08,1.11,0.80,1.27,0.00,0.00,0.00,0.00,0.00,0.00,-3.22,-0.67,8.63,-0.34,-0.11,1.41
54.888297,8.82,1.55,4.09,1.30,0.20,0.54,-44.00,-3.38,-8.31,4.13,-2.39,9.76,0.57,-0.49,1.19,-7.20,-5.87,2.57,-1.14,-0.78,0.56,3.67,5.20,8.07,1.06,0.78,1.23,0.00,0.00,0.00,0.00,0.00,0.00,-3.01,-0.15,8.76,-0.40,-0.08,1.35
54.906696,8.44,1.48,4.17,1.30,0.20,0.54,-45.12,-4.94,-5.44,4.47,-2.03,9.96,0.53,-0.36,1.19,-7.53,-5.75,2.42,-1.16,-0.73,0.44,3.78,5.49,8.01,0.88,0.84,1.13,0.00,0.00,0.00,0.00,0.00,0.00,-2.78,0.35,8.83,-0.53,0.07,1.26
54.928356,8.16,1.32,4.25,1.30,0.20,0.54,-44.88,-3.94,-6.12,4.24,-1.94,9.71,0.47,-0.21,1.23,-7.37,-5.57,2.34,-1.18,-0.70,0.28,3.56,5.52,7.51,0.66,0.90,1.04,0.00,0.00,0.00,0.00,0.00,0.00,-3.22,0.16,8.19,-0.60,0.17,1.23
54.951083,8.40,0.98,4.40,1.30,0.20,0.54,-45.81,-2.88,-5.56,3.38,-1.86,9.36,0.47,-0.20,1.24,-7.00,-5.43,2.05,-1.19,-0.70,0.28,3.27,5.75,7.30,0.72,0.92,1.02,0.00,0.00,0.00,0.00,0.00,0.00,-3.58,-0.09,7.64,-0.56,0.16,1.22
54.972647,8.28,0.75,4.40,1.10,0.05,0.69,-45.81,-2.88,-5.56,3.19,-1.51,9.67,0.47,-0.25,1.22,-7.01,-5.40,1.64,-1.14,-0.67,0.31,2.94,6.03,7.17,0.82,0.99,1.00,0.00,0.00,0.00,0.00,0.00,0.00,-3.75,-0.08,7.34,-0.43,0.10,1.24
55.393438,8.36,0.86,5.05,1.10,0.05,0.69,-45.81,-2.88,-5.56,3.14,-1.44,9.73,0.48,-0.22,1.15,-7.52,-5.41,1.29,-1.07,-0.61,0.29,2.66,6.05,7.12,0.76,0.95,0.90,0.00,0.00,0.00,0.00,0.00,0.00,-3.47,-0.10,7.04,-0.22,0.04,1.30
55.393471,8.32,0.55,5.25,0.95,0.07,0.62,-45.81,-2.88,-5.56,3.08,-1.38,9.72,0.50,-0.23,1.10,-7.77,-5.29,1.35,-1.04,-0.59,0.27,2.78,6.19,6.97,0.61,0.79,0.84,0.00,0.00,0.00,0.00,0.00,0.00,-3.39,-0.12,6.40,0.13,-0.08,1.52
55.393488,8.16,0.17,5.28,0.94,0.10,0.61,-45.81,-2.88,-5.56,2.82,-1.18,9.78,0.48,-0.26,1.05,-7.76,-5.27,1.18,-1.00,-0.63,0.24,2.59,6.40,6.91,0.46,0.70,0.83,0.00,0.00,0.00,0.00,0.00,0.00,-3.72,0.48,6.82,0.45,-0.26,1.73
55.393501,8.06,0.32,5.17,1.01,0.08,0.56,-45.81,-2.88,-5.56,2.78,-1.22,9.67,0.47,-0.30,0.99,-7.37,-5.23,0.94,-0.94,-0.62,0.25,2.40,6.27,6.76,0.38,0.63,0.80,0.00,0.00,0.00,0.00,0.00,0.00,-4.55,2.00,8.91,0.41,-0.22,1.62
55.393513,8.09,0.48,4.98,1.01,0.08,0.56,-46.50,2.50,-3.25,2.72,-1.24,9.66,0.49,-0.33,0.88,-7.23,-5.17,0.99,-0.90,-0.55,0.29,2.40,6.16,6.66,0.38,0.57,0.73,0.00,0.00,0.00,0.00,0.00,0.00,-4.82,2.35,9.31,-0.13,-0.08,1.18
55.393525,8.25,0.29,5.05,1.01,0.08,0.56,-46.50,2.50,-3.25,2.92,-1.16,9.83,0.50,-0.28,0.82,-7.44,-5.16,0.97,-0.88,-0.49,0.33,2.48,6.38,6.74,0.41,0.54,0.67,0.00,0.00,0.00,0.00,0.00,0.00,-4.15,1.70,8.22,-0.42,0.02,0.90
55.393538,8.21,0.13,5.36,0.84,0.25,0.48,-46.50,2.50,-3.25,2.89,-0.88,10.18,0.47,-0.26,0.77,-7.71,-5.26,0.81,-0.87,-0.42,0.34,2.47,6.80,6.87,0.42,0.54,0.61,0.00,0.00,0.00,0.00,0.00,0.00,-4.42,1.96,8.43,-0.57,0.12,0.75
55.393549,8.10,0.13,5.48,0.80,0.25,0.49,-46.50,2.50,-3.25,2.77,-0.55,10.59,0.42,-0.19,0.73,-8.07,-5.46,0.57,-0.83,-0.38,0.30,2.26,7.26,7.04,0.37,0.53,0.57,0.00,0.00,0.00,0.00,0.00,0.00,-4.55,1.55,7.70,-0.62,0.16,0.65
55.393564,8.20,-0.21,5.63,0.61,0.08,0.38,-47.38,1.62,-3.56,2.55,-0.56,10.66,0.32,-0.12,0.65,-8.14,-5.59,0.40,-0.74,-0.36,0.22,2.04,7.36,7.12,0.26,0.50,0.52,0.00,0.00,0.00,0.00,0.00,0.00,-4.72,1.24,7.46,-0.44,0.14,0.64
55.393576,8.24,-0.29,5.44,0.54,0.04,0.33,-47.38,1.62,-3.56,2.32,-0.71,10.59,0.26,-0.09,0.59,-8.03,-5.67,0.36,-0.65,-0.35,0.16,1.89,7.21,7.16,0.18,0.44,0.48,0.00,0.00,0.00,0.00,0.00,0.00,-4.97,1.16,7.48,-0.31,0.10,0.62
55.39359,8.29,-0.48,5.28,0.54,0.04,0.33,-47.38,1.62,-3.56,2.01,-0.87,10.40,0.21,-0.10,0.50,-7.80,-5.74,0.20,-0.55,-0.36,0.12,1.70,7.02,7.16,0.11,0.37,0.46,0.00,0.00,0.00,0.00,0.00,0.00,-5.18,1.18,7.70,-0.27,0.05,0.55
55.393601,8.25,-0.32,5.17,0.50,0.03,0.25,-47.38,1.62,-3.56,2.04,-0.94,10.47,0.17,-0.14,0.42,-7.71,-5.80,0.16,-0.46,-0.33,0.10,1.62,6.97,7.19,0.07,0.29,0.42,0.00,0.00,0.00,0.00,0.00,0.00,-5.06,0.98,7.53,-0.27,0.01,0.45
55.393612,8.40,-0.36,5.32,0.37,0.02,0.11,-47.44,2.62,-3.62,1.98,-1.01,10.54,0.13,-0.13,0.31,-7.67,-5.89,0.06,-0.36,-0.28,0.08,1.52,6.98,7.26,0.05,0.21,0.34,0.00,0.00,0.00,0.00,0.00,0.00,-5.15,0.83,7.45,-0.19,0.01,0.37
55.393623,8.48,-0.48,5.32,0.27,0.03,0.07,-47.44,2.62,-3.62,1.91,-1.05,10.62,0.11,-0.11,0.21,-7.73,-5.97,0.01,-0.27,-0.22,0.07,1.48,7.02,7.35,0.03,0.14,0.27,0.00,0.00,0.00,0.00,0.00,0.00,-5.23,0.76,7.44,-0.10,0.00,0.30
55.395191,8.55,-0.55,5.40,0.27,0.03,0.07,-47.75,2.50,-1.19,1.98,-1.05,10.71,0.08,-0.10,0.11,-7.81,-6.00,-0.02,-0.18,-0.15,0.06,1.49,7.10,7.41,0.01,0.07,0.18,0.00,0.00,0.00,0.00,0.00,0.00,-5.37,1.02,7.80,-0.04,-0.02,0.22
55.395208,8.48,-0.40,5.55,0.27,0.03,0.07,-46.88,2.94,-2.62,2.17,-0.90,10.95,0.03,-0.09,0.02,-8.09,-6.04,0.12,-0.10,-0.09,0.03,1.67,7.36,7.50,-0.03,0.00,0.11,0.00,0.00,0.00,0.00,0.00,0.00,-5.36,1.30,8.07,-0.06,-0.03,0.09
55.395217,8.44,-0.25,5.67,0.02,-0.01,-0.09,-46.88,2.94,-2.62,2.21,-0.88,11.02,-0.04,-0.07,-0.06,-8.17,-6.06,0.20,-0.02,-0.04,-0.03,1.75,7.39,7.51,-0.10,-0.06,0.04,0.00,0.00,0.00,0.00,0.00,0.00,-5.29,1.18,8.02,-0.06,-0.03,-0.02
55.395227,8.66,-0.17,5.70,-0.07,-0.08,-0.12,-46.88,2.94,-2.62,2.04,-1.03,10.78,-0.11,-0.06,-0.18,-8.18,-6.04,0.33,0.06,0.01,-0.06,1.69,7.14,7.12,-0.16,-0.15,-0.04,0.00,0.00,0.00,0.00,0.00,0.00,-5.25,1.11,8.04,-0.00,-0.04,-0.11
55.395238,8.71,-0.17,5.67,-0.07,-0.08,-0.12,-48.38,3.62,-2.62,2.14,-0.96,11.05,-0.23,-0.06,-0.32,-8.13,-5.94,0.63,0.13,0.01,-0.02,1.85,6.87,6.92,-0.15,-0.41,-0.17,0.00,0.00,0.00,0.00,0.00,0.00,-5.40,1.16,8.19,0.01,-0.14,-0.19
55.401968,8.75,-0.17,5.51,-0.15,-0.13,-0.38,-48.38,3.62,-2.62,2.28,-1.19,10.80,-0.36,0.00,-0.45,-8.02,-5.92,0.77,0.20,0.01,0.04,2.10,6.82,7.24,-0.12,-0.48,-0.23,0.00,0.00,0.00,0.00,0.00,0.00,-5.20,1.27,8.57,-0.03,-0.22,-0.28
55.420214,8.86,0.06,5.32,-0.15,-0.13,-0.38,-47.31,1.06,-2.88,2.71,-1.32,10.72,-0.45,0.04,-0.56,-8.08,-5.91,0.91,0.28,0.00,0.07,2.51,7.04,7.89,-0.17,-0.53,-0.24,0.00,0.00,0.00,0.00,0.00,0.00,-4.75,1.07,8.52,-0.16,-0.25,-0.45
55.444558,8.66,0.90,5.13,-0.29,-0.12,-0.41,-47.31,1.06,-2.88,3.45,-1.42,10.84,-0.48,0.13,-0.58,-7.99,-5.82,1.07,0.35,0.07,-0.02,2.88,7.04,8.00,-0.24,-0.49,-0.26,0.00,0.00,0.00,0.00,0.00,0.00,-3.86,0.70,8.18,-0.13,-0.18,-0.55
55.466622,8.67,0.98,5.05,-0.45,-0.14,-0.33,-47.31,1.06,-2.88,3.51,-1.62,10.63,-0.51,0.31,-0.62,-7.88,-5.65,1.34,0.38,0.20,-0.11,3.08,6.73,7.77,-0.31,-0.40,-0.34,0.00,0.00,0.00,0.00,0.00,0.00,-3.60,0.62,8.16,-0.01,-0.09,-0.57
55.488939,8.70,0.71,4.98,-0.54,-0.16,-0.26,-47.31,1.06,-2.88,3.68,-1.73,10.49,-0.53,0.44,-0.61,-7.89,-5.55,1.55,0.37,0.28,-0.17,3.22,6.46,7.76,-0.36,-0.33,-0.39,0.00,0.00,0.00,0.00,0.00,0.00,-3.56,0.63,8.21,0.08,-0.04,-0.55
55.901382,8.55,0.71,4.94,-0.52,-0.14,-0.26,-47.31,1.06,-2.88,3.66,-1.81,10.31,-0.52,0.53,-0.57,-7.80,-5.55,1.61,0.36,0.34,-0.22,3.13,6.37,7.62,-0.50,-0.32,-0.45,0.00,0.00,0.00,0.00,0.00,0.00,-3.60,0.71,8.27,0.14,-0.03,-0.53
55.901412,8.59,0.79,4.79,-0.55,-0.18,-0.24,-47.31,1.06,-2.88,3.40,-1.84,10.33,-0.59,0.56,-0.58,-7.77,-5.64,1.48,0.38,0.39,-0.29,2.94,6.35,7.70,-0.68,-0.41,-0.49,0.00,0.00,0.00,0.00,0.00,0.00,-3.70,0.72,8.27,0.16,0.01,-0.56
55.901426,8.51,0.90,4.82,-0.62,-0.18,-0.22,-47.31,1.06,-2.88,3.41,-2.07,10.10,-0.53,0.61,-0.55,-7.68,-5.59,1.51,0.42,0.44,-0.35,2.83,6.06,7.46,-0.86,-0.53,-0.52,0.00,0.00,0.00,0.00,0.00,0.00,-3.84,0.77,8.35,0.14,0.02,-0.63
55.901438,8.59,0.67,4.79,-0.72,-0.22,-0.24,-47.31,1.06,-2.88,2.71,-2.19,9.78,-0.46,0.58,-0.59,-7.46,-5.49,1.55,0.45,0.47,-0.36,2.90,5.92,7.34,-0.91,-0.58,-0.56,0.00,0.00,0.00,0.00,0.00,0.00,-3.64,0.62,8.24,0.13,0.03,-0.68
55.901449,8.55,0.71,4.67,-0.72,-0.22,-0.24,-47.31,0.56,-3.19,2.72,-2.12,9.89,-0.39,0.46,-0.69,-7.51,-5.52,1.48,0.47,0.51,-0.35,2.98,5.87,7.47,-0.88,-0.56,-0.62,0.00,0.00,0.00,0.00,0.00,0.00,-3.81,0.85,8.38,0.08,0.06,-0.74
55.901462,8.32,0.63,4.71,-0.72,-0.22,-0.24,-47.31,0.56,-3.19,3.16,-2.18,9.90,-0.38,0.51,-0.67,-7.69,-5.57,1.49,0.49,0.51,-0.37,2.98,5.84,7.57,-1.00,-0.53,-0.70,0.00,0.00,0.00,0.00,0.00,0.00,-3.93,0.84,8.21,0.03,0.05,-0.83
55.901473,8.32,0.59,4.82,-0.77,-0.21,-0.29,-47.31,0.56,-3.19,2.68,-2.07,10.13,-0.37,0.57,-0.65,-7.77,-5.77,1.29,0.52,0.53,-0.44,2.72,5.66,7.65,-1.20,-0.57,-0.82,0.00,0.00,0.00,0.00,0.00,0.00,-3.98,0.40,7.71,0.07,-0.01,-0.87
55.901485,8.86,0.67,4.52,-0.84,-0.30,-0.30,-46.25,-1.50,-3.06,2.21,-2.33,9.82,-0.32,0.55,-0.74,-7.27,-5.74,1.31,0.60,0.56,-0.45,2.70,5.54,7.59,-1.23,-0.66,-0.94,0.00,0.00,0.00,0.00,0.00,0.00,-4.00,0.29,8.08,0.15,-0.12,-0.94
55.901501,8.86,0.55,4.36,-0.84,-0.30,-0.30,-46.56,-1.38,-4.19,2.07,-2.29,9.95,-0.28,0.44,-0.87,-7.18,-5.77,1.36,0.67,0.60,-0.41,2.79,5.41,7.75,-1.11,-0.71,-0.98,0.00,0.00,0.00,0.00,0.00,0.00,-3.79,0.28,8.24,0.12,-0.10,-1.03
55.901512,8.78,0.79,4.40,-0.84,-0.30,-0.30,-46.56,-1.38,-4.19,2.67,-2.11,10.29,-0.30,0.41,-0.97,-7.38,-5.87,1.31,0.74,0.69,-0.39,2.92,5.33,8.12,-1.09,-0.61,-1.08,0.00,0.00,0.00,0.00,0.00,0.00,-3.76,0.25,8.05,0.17,-0.11,-1.11
55.901523,8.67,0.98,4.48,-1.02,-0.12,-0.47,-46.56,-1.38,-4.19,2.82,-2.32,10.05,-0.31,0.51,-0.99,-7.41,-5.77,1.61,0.78,0.75,-0.41,3.30,5.42,8.17,-1.12,-0.55,-1.14,0.00,0.00,0.00,0.00,0.00,0.00,-3.56,0.77,8.87,0.10,-0.07,-1.22
55.901534,8.63,0.79,4.32,-1.12,-0.20,-0.46,-46.56,-1.38,-4.19,2.68,-2.29,10.05,-0.36,0.49,-0.99,-7.48,-5.80,1.78,0.81,0.72,-0.45,3.22,5.21,8.03,-1.11,-0.56,-1.08,0.00,0.00,0.00,0.00,0.00,0.00,-3.56,0.22,8.14,0.05,-0.05,-1.27
55.901545,8.86,0.82,4.21,-1.08,-0.25,-0.52,-46.56,-1.38,-4.19,2.54,-2.60,9.66,-0.35,0.45,-1.01,-7.05,-5.75,1.83,0.85,0.67,-0.41,3.14,4.73,7.79,-1.01,-0.69,-1.03,0.00,0.00,0.00,0.00,0.00,0.00,-3.24,-0.33,7.79,0.16,-0.14,-1.23
55.901556,9.01,0.79,4.02,-1.04,-0.21,-0.58,-46.56,-1.38,-4.19,2.37,-2.67,9.65,-0.31,0.34,-1.06,-6.82,-5.81,1.71,0.87,0.65,-0.32,3.10,4.43,7.99,-0.85,-0.77,-1.03,0.00,0.00,0.00,0.00,0.00,0.00,-3.09,-0.24,8.28,0.25,-0.16,-1.19
55.903558,8.78,1.29,3.90,-1.06,-0.09,-0.62,-46.56,-1.38,-4.19,2.84,-2.66,9.74,-0.29,0.34,-1.16,-6.85,-5.93,1.68,0.91,0.71,-0.26,3.14,4.50,8.19,-0.78,-0.76,-1.12,0.00,0.00,0.00,0.00,0.00,0.00,-3.11,-0.07,8.57,0.18,-0.04,-1.31
55.903576,8.79,1.05,3.90,-1.22,-0.05,-0.60,-46.56,-1.38,-4.19,2.86,-2.60,9.93,-0.29,0.43,-1.20,-7.10,-5.97,1.96,0.95,0.77,-0.30,3.45,4.54,8.42,-0.79,-0.72,-1.20,0.00,0.00,0.00,0.00,0.00,0.00,-2.84,-0.25,8.31,0.17,0.04,-1.37
55.903587,8.70,0.94,3.83,-1.29,-0.09,-0.58,-46.56,-1.38,-4.19,2.94,-2.66,9.94,-0.33,0.45,-1.22,-7.26,-6.02,2.06,0.97,0.79,-0.36,3.60,4.44,8.51,-0.83,-0.68,-1.21,0.00,0.00,0.00,0.00,0.00,0.00,-2.97,-0.18,8.50,0.18,0.05,-1.37
55.903598,8.79,1.05,3.75,-1.26,-0.16,-0.58,-46.56,-1.38,-4.19,2.98,-2.87,9.77,-0.34,0.45,-1.21,-7.20,-6.00,2.20,0.98,0.78,-0.41,3.68,4.30,8.50,-0.86,-0.65,-1.19,0.00,0.00,0.00,0.00,0.00,0.00,-2.87,-0.46,8.25,0.20,0.02,-1.36
55.903612,9.09,1.05,3.79,-1.26,-0.16,-0.58,-45.12,-4.25,-7.94,2.98,-2.96,9.72,-0.34,0.40,-1.22,-7.01,-6.03,2.24,0.97,0.77,-0.44,3.69,4.13,8.54,-0.87,-0.60,-1.18,0.00,0.00,0.00,0.00,0.00,0.00,-2.65,-0.65,8.33,0.27,0.01,-1.33
55.919893,9.13,1.13,3.64,-1.26,-0.16,-0.58,-43.94,-4.38,-8.25,2.95,-3.00,9.75,-0.32,0.37,-1.23,-6.80,-6.06,2.27,0.96,0.82,-0.44,3.65,3.94,8.47,-0.85,-0.56,-1.20,0.00,0.00,0.00,0.00,0.00,0.00,-2.65,-0.55,8.70,0.28,0.07,-1.31
55.939616,9.09,1.05,3.52,-1.26,-0.16,-0.58,-43.94,-4.38,-8.25,2.84,-3.00,9.84,-0.33,0.37,-1.25,-6.86,-6.22,2.19,0.96,0.83,-0.46,3.59,3.91,8.66,-0.80,-0.54,-1.20,0.00,0.00,0.00,0.00,0.00,0.00,-2.74,-0.73,8.55,0.24,0.13,-1.33
55.964687,9.05,1.13,3.41,-1.28,-0.13,-0.53,-44.12,-5.75,-9.31,2.90,-3.09,9.77,-0.35,0.39,-1.28,-6.93,-6.36,2.19,1.00,0.83,-0.50,3.51,3.78,8.77,-0.77,-0.58,-1.21,0.00,0.00,0.00,0.00,0.00,0.00,-2.82,-0.87,8.52,0.24,0.16,-1.34
55.986443,9.20,1.02,3.45,-1.28,-0.13,-0.53,-44.12,-5.25,-9.62,2.93,-3.23,9.67,-0.34,0.43,-1.29,-6.74,-6.34,2.29,1.03,0.84,-0.52,3.57,3.64,8.72,-0.78,-0.59,-1.23,0.00,0.00,0.00,0.00,0.00,0.00,-2.84,-1.09,8.37,0.27,0.16,-1.34
56.411638,9.35,0.90,3.52,-1.28,-0.13,-0.53,-44.12,-5.25,-9.62,3.02,-3.35,9.66,-0.30,0.40,-1.29,-6.59,-6.34,2.34,1.02,0.87,-0.48,3.59,3.55,8.69,-0.73,-0.57,-1.25,0.00,0.00,0.00,0.00,0.00,0.00,-2.89,-1.07,8.49,0.31,0.16,-1.33
56.411675,9.25,0.86,3.45,-1.31,-0.03,-0.54,-44.12,-5.25,-9.62,2.82,-3.27,9.76,-0.27,0.44,-1.28,-6.68,-6.38,2.42,1.00,0.87,-0.42,3.57,3.51,8.68,-0.67,-0.56,-1.24,0.00,0.00,0.00,0.00,0.00,0.00,-2.94,-1.01,8.54,0.32,0.17,-1.34
56.411689,9.16,0.90,3.52,-1.28,0.01,-0.55,-44.12,-5.25,-9.62,2.89,-3.24,9.76,-0.25,0.44,-1.29,-6.77,-6.38,2.37,0.99,0.85,-0.42,3.64,3.56,8.76,-0.61,-0.57,-1.23,0.00,0.00,0.00,0.00,0.00,0.00,-2.79,-0.91,8.67,0.26,0.20,-1.36
56.4117,9.13,0.94,3.64,-1.27,0.04,-0.53,-44.12,-5.25,-9.62,2.97,-3.10,9.97,-0.24,0.45,-1.29,-6.79,-6.36,2.42,0.95,0.85,-0.42,3.71,3.68,8.81,-0.54,-0.51,-1.22,0.00,0.00,0.00,0.00,0.00,0.00,-2.63,-1.16,8.27,0.30,0.25,-1.32
56.411712,9.16,0.94,3.75,-1.27,0.04,-0.48,-44.12,-5.25,-9.62,2.91,-3.09,9.85,-0.25,0.46,-1.28,-6.87,-6.41,2.29,0.92,0.83,-0.43,3.61,3.66,8.80,-0.50,-0.46,-1.21,0.00,0.00,0.00,0.00,0.00,0.00,-2.87,-1.07,8.41,0.39,0.27,-1.26
56.411723,9.12,0.98,3.75,-1.27,0.04,-0.48,-44.12,-5.25,-9.62,2.76,-3.00,9.81,-0.24,0.44,-1.29,-6.79,-6.37,2.27,0.93,0.83,-0.43,3.50,3.70,8.69,-0.48,-0.49,-1.20,0.00,0.00,0.00,0.00,0.00,0.00,-3.01,-0.96,8.51,0.40,0.28,-1.25
56.411735,9.05,1.02,3.87,-1.28,0.07,-0.51,-44.12,-5.25,-9.62,2.92,-2.89,9.79,-0.23,0.43,-1.33,-6.83,-6.35,2.27,0.96,0.83,-0.43,3.52,3.79,8.60,-0.47,-0.54,-1.22,0.00,0.00,0.00,0.00,0.00,0.00,-3.07,-0.82,8.49,0.39,0.27,-1.27
56.411746,8.79,1.02,4.02,-1.32,0.05,-0.52,-44.12,-5.25,-9.62,3.10,-2.71,9.99,-0.23,0.46,-1.35,-6.89,-6.23,2.41,0.95,0.87,-0.43,3.76,3.96,8.67,-0.47,-0.54,-1.24,0.00,0.00,0.00,0.00,0.00,0.00,-2.83,-0.62,8.58,0.40,0.28,-1.28
56.411757,8.74,0.94,4.02,-1.31,0.00,-0.47,-44.12,-5.25,-9.62,3.24,-2.67,10.00,-0.25,0.48,-1.32,-7.02,-6.18,2.51,0.92,0.90,-0.45,3.94,3.99,8.64,-0.49,-0.48,-1.23,0.00,0.00,0.00,0.00,0.00,0.00,-2.80,-0.53,8.60,0.40,0.31,-1.25
56.411769,8.75,0.82,4.02,-1.31,0.00,-0.47,-44.12,-5.25,-9.62,3.10,-2.73,9.86,-0.28,0.49,-1.26,-7.11,-6.22,2.49,0.89,0.86,-0.50,3.83,3.91,8.66,-0.52,-0.46,-1.18,0.00,0.00,0.00,0.00,0.00,0.00,-2.88,-0.65,8.53,0.38,0.31,-1.21
56.411785,8.86,0.90,3.98,-1.25,-0.04,-0.46,-44.12,-5.25,-9.62,2.83,-2.72,9.85,-0.28,0.46,-1.24,-7.02,-6.33,2.33,0.91,0.77,-0.59,3.63,3.84,8.66,-0.53,-0.49,-1.15,0.00,0.00,0.00,0.00,0.00,0.00,-2.95,-0.78,8.46,0.37,0.32,-1.19
56.411795,8.93,0.98,3.94,-1.22,0.01,-0.49,-41.50,-3.44,-18.56,2.63,-2.65,10.01,-0.31,0.39,-1.28,-6.73,-6.35,2.31,0.93,0.73,-0.64,3.62,3.87,8.69,-0.49,-0.50,-1.15,0.00,0.00,0.00,0.00,0.00,0.00,-3.03,-0.83,8.42,0.37,0.32,-1.18
56.411812,8.90,0.86,3.87,-1.22,0.01,-0.49,-41.44,-4.56,-17.06,2.71,-2.66,10.05,-0.35,0.29,-1.31,-6.47,-6.31,2.44,0.92,0.75,-0.65,3.79,3.84,8.21,-0.33,-0.51,-1.12,0.00,0.00,0.00,0.00,0.00,0.00,-2.93,-0.80,8.58,0.36,0.38,-1.18
56.411825,8.97,0.82,3.90,-1.22,0.01,-0.49,-40.69,-2.50,-19.31,2.95,-2.94,9.85,-0.36,0.22,-1.30,-6.34,-6.30,2.58,0.85,0.81,-0.62,3.80,3.80,7.71,0.16,-0.61,-1.07,0.00,0.00,0.00,0.00,0.00,0.00,-2.72,-0.86,8.81,0.30,0.53,-1.18
56.413506,9.31,0.52,4.02,-1.22,0.01,-0.49,-40.62,-3.50,-18.94,2.95,-3.03,9.80,-0.30,0.13,-1.27,-6.34,-6.44,2.56,0.78,0.87,-0.57,3.84,4.07,8.54,0.61,-0.64,-1.01,0.00,0.00,0.00,0.00,0.00,0.00,-3.01,-1.28,8.22,0.29,0.64,-1.10
56.413524,9.24,0.67,4.17,-1.11,0.29,-0.44,-40.62,-3.50,-18.94,2.98,-2.80,10.03,-0.29,0.06,-1.28,-6.42,-6.62,2.53,0.75,0.91,-0.48,3.74,4.35,8.65,0.72,-0.46,-0.99,0.00,0.00,0.00,0.00,0.00,0.00,-3.60,-1.09,8.17,0.38,0.57,-1.02
56.413538,9.05,0.86,4.32,-1.11,0.29,-0.44,-40.44,-2.50,-19.62,3.76,-2.65,10.29,-0.33,0.14,-1.26,-6.72,-6.82,2.38,0.73,0.97,-0.41,3.72,4.60,8.86,0.47,-0.38,-1.02,0.00,0.00,0.00,0.00,0.00,0.00,-4.06,-0.26,9.16,0.31,0.49,-1.10
56.413549,8.78,1.02,4.32,-1.11,0.29,-0.44,-40.19,-0.88,-22.25,3.81,-2.65,10.40,-0.39,0.34,-1.19,-7.12,-6.91,2.39,0.70,0.98,-0.46,3.71,4.90,8.58,0.15,-0.43,-1.06,0.00,0.00,0.00,0.00,0.00,0.00,-3.55,-0.60,8.88,0.15,0.51,-1.23
56.413562,9.05,0.94,4.40,-1.11,0.29,-0.44,-40.19,-0.88,-22.25,3.89,-2.96,10.06,-0.42,0.52,-1.13,-6.83,-6.75,2.50,0.65,0.93,-0.42,3.81,4.57,8.43,-0.04,-0.55,-1.09,0.00,0.00,0.00,0.00,0.00,0.00,-3.98,-0.58,9.19,0.03,0.53,-1.29
56.416879,9.31,0.67,4.44,-1.31,-0.10,-0.38,-40.19,-0.88,-22.25,3.33,-3.14,9.80,-0.39,0.64,-1.07,-6.60,-6.70,2.53,0.60,0.83,-0.30,3.80,4.41,8.35,-0.17,-0.58,-1.09,0.00,0.00,0.00,0.00,0.00,0.00,-4.05,-1.06,8.70,-0.16,0.49,-1.41
56.434434,9.24,0.71,4.29,-1.31,-0.10,-0.38,-40.19,-0.88,-22.25,3.21,-2.97,9.99,-0.39,0.68,-1.05,-6.53,-6.77,2.34,0.58,0.78,-0.16,3.66,4.64,8.44,-0.26,-0.56,-1.10,0.00,0.00,0.00,0.00,0.00,0.00,-3.89,-1.48,8.09,-0.19,0.42,-1.51
56.458579,8.78,0.98,4.21,-1.27,0.02,-0.44,-40.19,-0.88,-22.25,3.44,-2.73,10.43,-0.48,0.78,-1.09,-6.61,-6.75,2.42,0.60,0.86,-0.14,3.73,4.92,8.42,-0.38,-0.49,-1.18,0.00,0.00,0.00,0.00,0.00,0.00,-3.37,-1.50,8.09,-0.10,0.41,-1.57
56.480164,9.09,0.52,4.21,-1.30,-0.03,-0.34,-40.19,-0.88,-22.25,3.37,-3.44,9.69,-0.54,0.91,-1.09,-6.39,-6.36,2.94,0.52,0.92,-0.13,4.21,4.33,8.07,-0.40,-0.45,-1.18,0.00,0.00,0.00,0.00,0.00,0.00,-2.61,-2.05,7.78,0.02,0.44,-1.43
56.501892,9.55,0.02,4.17,-1.05,0.17,-0.24,-39.94,4.62,-25.69,3.27,-4.19,8.90,-0.39,0.89,-1.00,-5.84,-5.97,3.03,0.37,0.92,0.06,4.27,3.57,7.71,-0.23,-0.34,-1.10,0.00,0.00,0.00,0.00,0.00,0.00,-2.15,-2.65,7.54,0.18,0.43,-1.12
56.921786,9.85,0.21,4.06,-1.05,0.17,-0.24,-39.94,4.62,-25.69,2.81,-3.85,9.25,-0.22,0.78,-0.95,-5.78,-6.14,2.59,0.17,0.97,0.32,3.85,3.81,7.98,-0.01,-0.17,-1.08,0.00,0.00,0.00,0.00,0.00,0.00,-2.19,-2.91,7.09,0.42,0.49,-0.76
56.921827,8.63,1.02,4.06,-0.86,0.68,-0.13,-39.94,4.62,-25.69,2.79,-3.09,10.13,-0.25,0.85,-0.96,-6.42,-6.66,1.98,0.03,1.13,0.49,3.31,4.80,8.55,0.03,0.04,-1.15,0.00,0.00,0.00,0.00,0.00,0.00,-3.71,-1.87,7.90,0.62,0.50,-0.63
56.92184,8.16,1.25,4.06,-0.86,0.68,-0.13,-38.69,4.19,-27.00,2.90,-3.04,10.26,-0.36,1.04,-1.02,-6.79,-6.77,1.90,-0.05,1.21,0.55,2.94,4.93,8.19,-0.11,0.01,-1.25,0.00,0.00,0.00,0.00,0.00,0.00,-4.28,-0.92,9.19,0.47,0.57,-0.84
56.921853,8.40,1.05,4.06,-0.86,0.68,-0.13,-38.50,5.69,-28.50,2.76,-3.80,9.30,-0.32,1.08,-0.98,-6.84,-6.54,2.15,0.00,1.15,0.52,3.32,4.48,8.04,-0.14,-0.26,-1.27,0.00,0.00,0.00,0.00,0.00,0.00,-3.93,-1.14,9.23,0.10,0.71,-1.09
56.921866,8.86,-0.02,4.02,-0.86,0.68,-0.13,-38.81,6.81,-30.00,2.56,-3.51,9.93,-0.30,1.09,-0.89,-6.68,-6.44,1.92,-0.03,0.98,0.58,3.29,4.35,8.28,-0.09,-0.34,-1.21,0.00,0.00,0.00,0.00,0.00,0.00,-4.31,-1.32,9.17,-0.22,0.85,-1.26
56.921883,8.79,0.40,3.94,-0.86,0.68,-0.13,-38.81,6.81,-30.00,2.06,-2.90,10.84,-0.53,1.29,-0.82,-6.91,-6.75,1.51,0.01,0.91,0.60,2.83,4.73,8.58,-0.12,-0.27,-1.20,0.00,0.00,0.00,0.00,0.00,0.00,-5.81,0.16,11.18,-0.95,0.99,-1.83
56.921893,8.02,0.10,3.87,-0.86,0.68,-0.13,-37.81,9.19,-31.12,1.87,-3.63,9.88,-0.69,1.46,-0.79,-7.51,-7.01,1.52,0.20,0.83,0.40,2.79,5.13,8.74,-0.24,-0.50,-1.15,0.00,0.00,0.00,0.00,0.00,0.00,-5.85,-0.41,9.88,-1.99,1.11,-2.64
56.921905,8.55,-0.36,4.17,-1.22,-0.00,-0.41,-37.81,9.19,-31.12,1.53,-3.96,9.46,-0.68,1.35,-0.69,-7.28,-6.65,1.92,0.41,0.68,0.15,3.30,4.76,8.47,-0.36,-0.72,-1.00,0.00,0.00,0.00,0.00,0.00,0.00,-4.44,-3.04,6.50,-2.25,0.88,-3.00
56.921916,9.31,-0.29,4.25,-0.97,-0.18,-0.50,-37.81,9.19,-31.12,1.84,-5.32,7.98,-0.55,1.07,-0.66,-6.42,-5.93,2.51,0.48,0.58,0.11,4.02,3.62,7.76,-0.26,-0.71,-0.80,0.00,0.00,0.00,0.00,0.00,0.00,-1.94,-4.68,5.24,-1.96,0.57,-2.83
56.921928,9.31,-0.29,4.25,-0.61,0.14,-0.39,-37.81,9.19,-30.81,1.96,-5.60,7.86,-0.20,0.77,-0.56,-6.16,-5.85,2.33,0.36,0.51,0.27,3.96,3.55,7.89,-0.00,-0.56,-0.65,0.00,0.00,0.00,0.00,0.00,0.00,-0.04,-5.93,4.45,-1.41,0.41,-2.15
56.921943,8.32,1.29,3.60,-0.69,0.37,-0.06,-37.50,9.19,-31.50,1.60,-4.03,10.26,-0.03,0.69,-0.53,-7.07,-6.73,1.51,0.28,0.61,0.23,3.33,4.91,9.03,0.06,-0.31,-0.69,0.00,0.00,0.00,0.00,0.00,0.00,-0.58,-6.21,4.59,-0.73,0.56,-1.40
56.921954,7.86,1.02,3.64,-0.69,0.37,-0.06,-36.69,10.69,-32.94,1.33,-3.99,10.26,-0.16,0.75,-0.53,-7.34,-6.95,1.46,0.34,0.69,-0.01,3.27,5.00,9.22,-0.12,-0.18,-0.74,0.00,0.00,0.00,0.00,0.00,0.00,-2.43,-5.63,5.84,-0.32,0.63,-1.02
56.921981,8.51,-0.02,3.52,-0.89,-0.06,-0.14,-36.69,10.69,-32.94,0.98,-4.36,9.62,-0.31,0.74,-0.52,-7.04,-6.81,1.68,0.39,0.66,-0.18,3.25,4.46,8.77,-0.28,-0.13,-0.69,0.00,0.00,0.00,0.00,0.00,0.00,-3.27,-5.75,5.84,-0.13,0.52,-0.87
56.921991,8.90,-0.29,3.60,-0.75,-0.21,-0.22,-36.69,10.69,-32.94,0.79,-5.08,8.64,-0.29,0.55,-0.54,-6.57,-6.61,1.82,0.42,0.56,-0.20,3.22,3.88,8.36,-0.32,-0.23,-0.58,0.00,0.00,0.00,0.00,0.00,0.00,-3.01,-6.19,5.50,0.02,0.34,-0.75
56.92408,9.29,-0.44,3.71,-0.75,-0.21,-0.22,-37.38,11.75,-32.69,0.89,-5.17,8.84,-0.18,0.39,-0.52,-6.45,-6.70,1.55,0.44,0.48,-0.15,3.05,3.90,8.54,-0.27,-0.29,-0.50,0.00,0.00,0.00,0.00,0.00,0.00,-2.65,-5.91,6.06,0.16,0.23,-0.61
56.9241,8.59,0.10,3.33,-0.50,-0.09,-0.21,-37.38,11.75,-32.69,0.90,-4.57,10.10,-0.20,0.37,-0.49,-6.95,-7.06,1.26,0.40,0.42,-0.22,3.10,4.42,9.26,-0.31,-0.20,-0.46,0.00,0.00,0.00,0.00,0.00,0.00,-2.76,-5.38,6.96,0.06,0.34,-0.50
56.924113,8.59,0.10,3.33,-0.50,-0.09,-0.21,-37.38,11.75,-32.69,0.91,-4.64,10.13,-0.35,0.41,-0.44,-7.04,-7.08,1.34,0.37,0.40,-0.37,3.16,4.44,9.30,-0.42,-0.05,-0.42,0.00,0.00,0.00,0.00,0.00,0.00,-2.72,-5.46,6.94,-0.09,0.46,-0.46
56.924127,9.31,-0.75,3.48,-0.48,-0.38,-0.10,-37.38,11.75,-32.69,0.61,-5.32,9.10,-0.46,0.42,-0.42,-6.52,-6.91,1.40,0.30,0.32,-0.42,2.90,3.78,8.77,-0.46,-0.02,-0.35,0.00,0.00,0.00,0.00,0.00,0.00,-3.40,-6.19,5.80,-0.17,0.45,-0.41
56.924143,9.74,-0.86,3.52,-0.48,-0.38,-0.10,-38.12,14.19,-31.75,0.30,-5.74,8.55,-0.36,0.30,-0.35,-6.26,-6.88,1.40,0.26,0.20,-0.32,2.80,3.45,8.63,-0.37,-0.08,-0.24,0.00,0.00,0.00,0.00,0.00,0.00,-3.46,-6.49,5.53,-0.12,0.27,-0.37
56.924155,9.24,-0.48,3.41,-0.11,-0.07,-0.18,-38.12,14.19,-31.75,0.23,-5.41,9.10,-0.26,0.22,-0.28,-6.39,-7.15,1.12,0.24,0.09,-0.25,2.59,3.85,9.03,-0.28,-0.10,-0.14,0.00,0.00,0.00,0.00,0.00,0.00,-3.30,-6.19,5.89,-0.08,0.15,-0.30
56.939574,8.97,-0.36,3.33,-0.11,-0.07,-0.18,-37.81,14.25,-32.44,0.39,-5.17,9.56,-0.25,0.17,-0.26,-6.53,-7.16,1.13,0.21,0.08,-0.26,2.72,4.03,9.20,-0.28,-0.06,-0.12,0.00,0.00,0.00,0.00,0.00,0.00,-3.20,-5.98,6.02,-0.10,0.12,-0.29
56.960309,8.90,-0.40,3.37,-0.21,-0.24,-0.06,-37.81,14.25,-32.44,-0.14,-4.68,10.08,-0.41,0.29,-0.28,-6.45,-7.12,1.03,0.17,0.10,-0.32,2.49,4.03,8.99,-0.33,0.03,-0.12,0.00,0.00,0.00,0.00,0.00,0.00,-3.28,-5.99,5.92,-0.14,0.14,-0.31
56.983634,9.66,-1.09,3.71,-0.21,-0.24,-0.04,-39.00,14.38,-32.44,0.03,-5.63,8.52,-0.42,0.26,-0.35,-6.05,-6.73,1.45,0.13,0.05,-0.24,2.68,3.34,8.37,-0.26,-0.01,-0.05,0.00,0.00,0.00,0.00,0.00,0.00,-3.11,-6.49,5.27,-0.06,0.06,-0.21
57.005685,9.47,-0.82,3.60,0.08,-0.01,-0.04,-39.00,14.38,-32.44,0.44,-5.88,8.07,-0.24,0.07,-0.33,-6.25,-6.76,1.49,0.11,-0.07,-0.09,2.80,3.52,8.47,-0.15,-0.07,0.08,0.00,0.00,0.00,0.00,0.00,0.00,-3.26,-6.17,5.71,0.04,-0.11,-0.09
57.432183,9.05,-0.82,3.60,0.08,-0.01,-0.04,-37.38,12.12,-31.25,0.94,-5.41,9.04,-0.12,-0.07,-0.21,-6.49,-6.92,1.25,0.05,-0.16,-0.04,2.75,4.06,8.94,-0.09,-0.05,0.18,0.00,0.00,0.00,0.00,0.00,0.00,-2.94,-5.77,6.07,0.06,-0.18,-0.01
57.432225,8.70,0.06,3.68,0.08,-0.01,-0.04,-38.62,12.75,-31.69,1.04,-5.30,9.21,-0.10,-0.00,-0.09,-6.32,-6.85,1.12,0.01,-0.09,-0.11,2.53,4.06,8.74,-0.09,0.06,0.13,0.00,0.00,0.00,0.00,0.00,0.00,-2.74,-5.66,6.18,-0.02,-0.08,0.03
57.43224,9.09,-0.48,3.83,0.06,-0.06,0.12,-38.62,12.75,-31.69,0.37,-5.21,9.02,-0.04,0.03,-0.03,-6.34,-6.75,1.06,-0.03,-0.03,-0.08,2.39,3.99,8.58,-0.03,0.04,0.09,0.00,0.00,0.00,0.00,0.00,0.00,-3.20,-5.81,5.93,-0.05,-0.04,0.07
57.432252,9.05,-0.44,3.79,0.09,0.05,0.12,-38.62,12.75,-31.69,0.37,-5.01,9.31,-0.04,0.00,-0.01,-6.77,-6.78,1.21,-0.07,-0.08,-0.05,2.67,4.25,8.74,0.00,0.01,0.12,0.00,0.00,0.00,0.00,0.00,0.00,-3.69,-5.60,6.19,-0.06,-0.09,0.07
57.432268,8.67,-0.75,3.94,0.09,0.05,0.12,-39.50,12.88,-31.69,0.34,-4.88,9.46,-0.10,-0.02,0.05,-6.93,-6.84,1.14,-0.11,-0.20,-0.08,2.68,4.49,8.88,-0.04,0.02,0.24,0.00,0.00,0.00,0.00,0.00,0.00,-3.36,-5.77,5.95,-0.03,-0.16,0.11
57.432283,8.78,-0.32,3.98,0.09,0.05,0.12,-39.50,12.88,-31.69,0.52,-5.36,8.86,-0.08,-0.08,0.09,-6.27,-6.60,1.09,-0.13,-0.23,-0.07,2.48,3.93,8.45,-0.02,0.04,0.27,0.00,0.00,0.00,0.00,0.00,0.00,-2.77,-5.94,5.92,0.05,-0.15,0.20
57.432299,9.51,-0.55,3.98,0.29,-0.12,0.04,-39.50,12.88,-31.69,0.42,-5.29,8.99,0.03,-0.11,0.11,-6.15,-6.68,0.95,-0.16,-0.18,0.02,2.35,3.95,8.56,0.08,0.08,0.23,0.00,0.00,0.00,0.00,0.00,0.00,-3.07,-5.84,5.95,0.05,-0.10,0.27
57.432439,9.24,-0.36,3.75,0.29,0.14,0.08,-39.50,12.88,-31.69,0.40,-5.05,9.40,0.07,-0.10,0.12,-6.57,-6.84,1.13,-0.20,-0.15,0.06,2.64,4.26,8.83,0.11,0.14,0.20,0.00,0.00,0.00,0.00,0.00,0.00,-3.25,-5.47,6.47,0.03,-0.07,0.29
57.432453,8.86,-0.36,3.94,0.27,0.02,0.11,-39.50,12.88,-31.69,0.67,-5.07,9.50,0.03,-0.14,0.16,-6.84,-6.89,1.37,-0.24,-0.18,0.00,2.84,4.39,8.92,0.08,0.21,0.25,0.00,0.00,0.00,0.00,0.00,0.00,-3.13,-5.54,6.43,-0.02,-0.07,0.34
57.432466,9.20,-0.36,4.02,0.34,-0.04,0.14,-39.50,12.88,-31.69,0.85,-5.38,9.16,0.05,-0.20,0.24,-6.63,-6.83,1.47,-0.27,-0.23,-0.04,2.88,4.20,8.77,0.10,0.23,0.31,0.00,0.00,0.00,0.00,0.00,0.00,-2.52,-5.86,6.19,0.03,-0.01,0.49
57.432478,9.39,-0.29,4.02,0.40,0.05,0.18,-38.62,12.81,-32.38,1.40,-5.81,8.68,0.17,-0.26,0.36,-6.46,-6.75,1.60,-0.29,-0.24,-0.04,3.07,4.05,8.78,0.17,0.28,0.35,0.00,0.00,0.00,0.00,0.00,0.00,-2.46,-6.04,5.88,0.16,0.08,0.70
57.43249,8.63,0.10,3.79,0.46,0.18,0.26,-38.62,12.81,-32.38,0.42,-4.52,10.39,0.20,-0.30,0.44,-7.23,-7.31,1.36,-0.29,-0.20,-0.19,3.15,5.14,10.00,0.18,0.70,0.43,0.00,0.00,0.00,0.00,0.00,0.00,-2.16,-5.99,5.56,0.54,0.24,1.11
57.4325,8.40,0.17,3.83,0.39,-0.03,0.25,-38.62,12.81,-32.38,0.47,-4.45,10.49,-0.02,-0.33,0.40,-7.42,-7.56,1.25,-0.22,-0.21,-0.50,2.76,5.44,10.03,0.06,1.02,0.51,0.00,0.00,0.00,0.00,0.00,0.00,-4.21,-3.79,8.43,0.54,0.39,1.23
57.432511,8.78,-0.02,3.68,0.27,-0.31,0.30,-38.62,12.81,-32.38,0.74,-4.75,10.11,-0.20,-0.39,0.38,-7.36,-7.72,1.39,-0.12,-0.23,-0.81,2.51,5.19,9.67,-0.09,0.90,0.58,0.00,0.00,0.00,0.00,0.00,0.00,-5.21,-3.96,7.89,0.09,0.42,0.91
57.434742,8.90,-0.36,3.83,0.27,-0.31,0.30,-38.88,11.19,-29.44,0.47,-5.45,9.06,-0.28,-0.44,0.36,-6.52,-7.35,1.71,-0.07,-0.28,-0.91,2.32,3.96,8.49,-0.28,0.53,0.65,0.00,0.00,0.00,0.00,0.00,0.00,-5.84,-4.66,6.92,-0.08,0.19,0.66
57.434762,10.36,-0.98,3.45,0.77,-0.36,0.12,-39.69,10.25,-29.06,0.62,-6.13,8.22,-0.13,-0.64,0.38,-5.49,-7.12,1.99,-0.15,-0.44,-0.58,2.52,2.92,8.28,-0.21,0.16,0.77,0.00,0.00,0.00,0.00,0.00,0.00,-4.65,-5.51,6.28,-0.31,-0.22,0.45
57.434775,10.05,-0.67,3.10,0.77,-0.36,0.12,-39.69,10.25,-29.06,0.74,-5.83,8.77,-0.03,-0.72,0.42,-5.57,-7.44,1.85,-0.21,-0.56,-0.31,2.51,3.24,8.82,-0.11,0.07,0.83,0.00,0.00,0.00,0.00,0.00,0.00,-3.88,-5.73,6.06,-0.29,-0.41,0.45
57.434786,9.51,0.10,2.95,0.89,-0.19,0.08,-39.69,10.25,-29.06,1.08,-5.72,8.98,0.01,-0.72,0.44,-5.67,-7.61,1.75,-0.25,-0.61,-0.18,2.60,3.49,9.13,-0.04,0.07,0.83,0.00,0.00,0.00,0.00,0.00,0.00,-3.48,-5.61,6.16,-0.23,-0.48,0.49
57.434799,9.31,0.13,2.98,0.89,-0.19,0.08,-40.25,9.69,-26.56,1.32,-5.53,9.33,0.01,-0.69,0.48,-5.75,-7.58,1.91,-0.30,-0.64,-0.17,2.89,3.66,9.28,0.02,0.16,0.84,0.00,0.00,0.00,0.00,0.00,0.00,-3.42,-4.95,6.96,-0.28,-0.48,0.51
57.438921,9.32,-0.06,3.14,0.77,-0.28,0.28,-40.25,9.69,-26.56,1.71,-5.67,9.06,-0.02,-0.66,0.55,-5.80,-7.40,2.21,-0.42,-0.68,-0.17,3.26,3.59,9.15,0.10,0.38,0.88,0.00,0.00,0.00,0.00,0.00,0.00,-3.19,-5.16,6.58,-0.35,-0.43,0.58
57.45415,9.32,-0.06,3.14,0.77,-0.28,0.28,-40.25,9.69,-26.56,1.83,-5.89,8.67,0.01,-0.66,0.66,-5.61,-7.24,2.38,-0.52,-0.75,-0.12,3.25,3.30,8.80,0.11,0.43,0.94,0.00,0.00,0.00,0.00,0.00,0.00,-3.24,-5.24,6.48,-0.33,-0.48,0.68
57.476278,9.67,-0.02,3.14,0.93,-0.27,0.32,-40.25,9.69,-26.56,1.96,-5.90,8.61,0.12,-0.70,0.79,-5.38,-7.15,2.37,-0.65,-0.79,0.04,3.15,3.23,8.66,0.19,0.49,0.99,0.00,0.00,0.00,0.00,0.00,0.00,-3.12,-5.10,6.71,-0.34,-0.53,0.81
57.501311,9.25,0.29,3.10,1.10,-0.05,0.42,-40.44,7.06,-24.31,1.83,-5.34,9.23,0.19,-0.66,0.92,-5.55,-7.25,2.25,-0.76,-0.81,0.15,3.15,3.63,8.90,0.28,0.59,1.02,0.00,0.00,0.00,0.00,0.00,0.00,-3.07,-4.91,6.80,-0.37,-0.51,0.94
57.519628,9.13,0.25,3.29,1.10,-0.08,0.46,-41.31,7.75,-25.38,1.87,-5.30,9.07,0.19,-0.67,0.95,-5.72,-7.18,2.29,-0.84,-0.78,0.22,3.24,3.89,8.92,0.32,0.70,1.03,0.00,0.00,0.00,0.00,0.00,0.00,-3.18,-4.61,7.03,-0.39,-0.47,1.02
57.938614,9.13,0.25,3.29,1.10,-0.08,0.46,-41.31,7.75,-25.38,1.90,-5.13,9.18,0.23,-0.71,1.00,-6.06,-7.14,2.14,-0.92,-0.80,0.21,3.11,4.07,8.78,0.35,0.79,1.08,0.00,0.00,0.00,0.00,0.00,0.00,-3.22,-4.53,6.98,-0.42,-0.42,1.13
57.941295,9.31,0.17,3.64,1.20,-0.12,0.54,-40.62,6.19,-25.00,1.78,-5.03,9.13,0.22,-0.70,1.09,-6.02,-7.01,2.13,-0.97,-0.83,0.25,2.89,3.93,8.38,0.36,0.69,1.13,0.00,0.00,0.00,0.00,0.00,0.00,-3.71,-4.54,6.74,-0.42,-0.45,1.23
57.941326,9.43,0.13,3.68,1.26,-0.09,0.55,-40.62,6.19,-25.00,1.81,-5.00,9.12,0.27,-0.76,1.08,-6.06,-6.93,2.08,-1.02,-0.84,0.34,2.93,4.04,8.39,0.41,0.59,1.16,0.00,0.00,0.00,0.00,0.00,0.00,-3.79,-4.36,6.90,-0.39,-0.52,1.29
57.941339,9.25,0.21,3.64,1.35,-0.01,0.54,-40.62,6.19,-25.00,1.89,-4.67,9.51,0.28,-0.78,1.11,-6.35,-6.93,2.06,-1.06,-0.85,0.40,3.09,4.47,8.59,0.45,0.59,1.19,0.00,0.00,0.00,0.00,0.00,0.00,-3.95,-3.84,7.46,-0.44,-0.54,1.30
57.941352,9.01,0.40,3.75,1.35,-0.01,0.54,-40.88,5.12,-23.94,2.26,-4.45,9.81,0.24,-0.74,1.16,-6.73,-6.90,1.99,-1.10,-0.87,0.38,3.19,4.77,8.69,0.45,0.64,1.21,0.00,0.00,0.00,0.00,0.00,0.00,-4.03,-3.64,7.53,-0.55,-0.54,1.27
57.941363,9.01,0.29,4.09,1.35,-0.01,0.54,-41.19,5.12,-23.19,2.23,-4.40,9.75,0.19,-0.72,1.23,-6.59,-6.68,2.03,-1.16,-0.90,0.39,3.20,4.90,8.44,0.49,0.71,1.26,0.00,0.00,0.00,0.00,0.00,0.00,-3.74,-3.90,7.09,-0.56,-0.52,1.33
57.941375,9.20,0.25,4.09,1.40,-0.13,0.62,-41.19,5.12,-23.19,2.08,-4.46,9.53,0.21,-0.72,1.26,-6.70,-6.65,1.80,-1.20,-0.91,0.38,3.07,4.87,8.44,0.54,0.79,1.29,0.00,0.00,0.00,0.00,0.00,0.00,-3.90,-3.68,7.30,-0.53,-0.52,1.42
57.941476,9.17,0.29,3.98,1.41,-0.06,0.64,-41.19,5.12,-23.19,1.97,-4.44,9.43,0.26,-0.74,1.31,-6.58,-6.56,1.76,-1.26,-0.90,0.43,3.03,4.96,8.33,0.63,0.87,1.31,0.00,0.00,0.00,0.00,0.00,0.00,-4.32,-3.36,7.54,-0.64,-0.49,1.38
57.94149,9.01,-0.06,3.87,1.41,-0.06,0.64,-42.56,4.06,-20.00,1.88,-4.44,9.31,0.31,-0.82,1.35,-6.73,-6.58,1.63,-1.33,-0.91,0.47,2.90,4.88,8.32,0.70,0.92,1.37,0.00,0.00,0.00,0.00,0.00,0.00,-4.27,-3.65,7.02,-0.68,-0.50,1.39
57.941503,9.05,-0.06,3.75,1.41,-0.06,0.64,-42.56,4.06,-20.00,1.76,-4.40,9.28,0.35,-0.87,1.37,-6.79,-6.60,1.57,-1.34,-0.96,0.48,2.88,4.80,8.37,0.74,0.96,1.43,0.00,0.00,0.00,0.00,0.00,0.00,-4.21,-3.70,6.87,-0.67,-0.55,1.44
57.941515,9.01,0.06,3.52,1.54,-0.04,0.64,-42.56,4.06,-20.00,1.91,-4.34,9.31,0.37,-0.89,1.38,-6.73,-6.57,1.51,-1.33,-1.04,0.43,2.83,4.81,8.32,0.75,1.01,1.48,0.00,0.00,0.00,0.00,0.00,0.00,-4.04,-3.65,6.95,-0.69,-0.58,1.47
57.941525,8.97,0.17,3.52,1.58,-0.00,0.64,-42.56,4.06,-20.00,2.21,-4.32,9.43,0.36,-0.84,1.40,-6.58,-6.47,1.44,-1.35,-1.02,0.45,2.71,4.80,8.15,0.75,1.04,1.47,0.00,0.00,0.00,0.00,0.00,0.00,-3.81,-3.68,6.82,-0.67,-0.56,1.49
57.941537,9.05,0.40,3.79,1.46,0.11,0.78,-42.69,1.06,-17.38,2.20,-4.15,9.51,0.38,-0.72,1.39,-6.39,-6.33,1.25,-1.38,-0.94,0.45,2.58,5.07,7.96,0.76,1.06,1.39,0.00,0.00,0.00,0.00,0.00,0.00,-3.96,-3.39,7.10,-0.68,-0.45,1.51
57.941548,8.90,0.25,3.94,1.46,0.11,0.78,-43.44,3.25,-19.56,1.98,-3.98,9.57,0.37,-0.65,1.40,-7.09,-6.45,1.11,-1.40,-0.87,0.44,2.51,5.27,8.09,0.73,1.06,1.33,0.00,0.00,0.00,0.00,0.00,0.00,-4.34,-3.30,6.93,-0.67,-0.40,1.52
57.943515,8.82,-0.02,4.02,1.46,0.11,0.78,-43.44,3.25,-19.56,1.95,-3.74,9.79,0.36,-0.69,1.40,-7.23,-6.31,1.20,-1.38,-0.90,0.38,2.68,5.57,8.04,0.66,1.07,1.35,0.00,0.00,0.00,0.00,0.00,0.00,-4.50,-3.12,6.92,-0.63,-0.44,1.57
57.943529,8.66,0.10,4.32,1.50,0.01,0.75,-43.44,3.06,-16.75,1.94,-3.66,9.66,0.34,-0.74,1.41,-7.28,-6.18,1.05,-1.36,-0.96,0.30,2.49,5.64,7.79,0.58,1.02,1.38,0.00,0.00,0.00,0.00,0.00,0.00,-4.69,-2.81,7.11,-0.61,-0.48,1.60
57.94354,8.62,0.13,4.25,1.50,-0.02,0.75,-43.44,3.06,-16.75,1.86,-3.60,9.58,0.39,-0.77,1.45,-7.17,-6.13,0.92,-1.34,-0.97,0.26,2.40,5.61,7.70,0.52,0.98,1.36,0.00,0.00,0.00,0.00,0.00,0.00,-4.82,-2.69,7.11,-0.64,-0.49,1.56
57.94355,8.55,0.10,4.21,1.47,-0.04,0.71,-43.44,3.06,-16.75,1.79,-3.44,9.71,0.35,-0.74,1.43,-6.89,-6.01,0.92,-1.34,-0.94,0.31,2.38,5.58,7.61,0.50,0.95,1.37,0.00,0.00,0.00,0.00,0.00,0.00,-4.57,-2.98,6.60,-0.60,-0.50,1.55
57.943561,8.78,0.06,4.13,1.45,-0.05,0.69,-43.44,3.06,-16.75,1.91,-3.57,9.56,0.34,-0.69,1.38,-6.79,-6.00,0.80,-1.32,-0.91,0.33,2.31,5.43,7.61,0.45,0.93,1.33,0.00,0.00,0.00,0.00,0.00,0.00,-4.40,-2.89,6.77,-0.51,-0.51,1.60
57.952708,8.75,-0.02,4.17,1.42,0.01,0.69,-43.44,3.06,-16.75,1.72,-3.66,9.42,0.36,-0.66,1.34,-6.98,-6.08,0.68,-1.30,-0.86,0.36,2.19,5.62,7.65,0.44,0.94,1.24,0.00,0.00,0.00,0.00,0.00,0.00,-4.42,-2.96,6.56,-0.42,-0.46,1.64
57.976474,8.66,-0.25,4.13,1.37,0.06,0.66,-43.44,3.06,-16.75,1.64,-3.59,9.61,0.39,-0.68,1.33,-7.02,-6.11,0.61,-1.29,-0.85,0.38,2.20,5.77,7.79,0.49,0.92,1.23,0.00,0.00,0.00,0.00,0.00,0.00,-4.55,-2.81,6.63,-0.28,-0.45,1.74
57.997622,8.82,-0.17,4.13,1.37,0.06,0.66,-44.88,1.50,-13.81,1.62,-3.56,9.75,0.38,-0.65,1.30,-7.02,-6.14,0.63,-1.26,-0.85,0.36,2.18,5.74,7.82,0.50,0.89,1.22,0.00,0.00,0.00,0.00,0.00,0.00,-4.95,-2.36,7.16,-0.26,-0.43,1.75
58.01819,8.82,-0.21,4.17,1.37,0.06,0.66,-44.88,1.50,-13.81,1.68,-3.67,9.60,0.38,-0.62,1.27,-7.17,-6.21,0.54,-1.21,-0.84,0.32,2.06,5.61,7.81,0.49,0.90,1.19,0.00,0.00,0.00,0.00,0.00,0.00,-5.11,-2.20,7.38,-0.34,-0.42,1.66
58.042038,9.13,-0.29,4.32,1.32,0.14,0.64,-44.88,1.50,-13.81,1.61,-3.84,9.58,0.42,-0.59,1.22,-6.90,-6.05,0.55,-1.19,-0.78,0.38,2.04,5.56,7.70,0.55,0.89,1.15,0.00,0.00,0.00,0.00,0.00,0.00,-4.95,-2.36,7.23,-0.45,-0.35,1.54
58.45145,9.16,-0.36,4.40,1.29,0.26,0.66,-44.88,1.50,-13.81,1.69,-3.82,9.68,0.51,-0.60,1.19,-6.75,-5.94,0.54,-1.20,-0.70,0.50,2.21,5.78,7.77,0.66,0.90,1.12,0.00,0.00,0.00,0.00,0.00,0.00,-4.65,-2.46,6.95,-0.45,-0.27,1.51
58.451482,8.90,-0.32,4.40,1.29,0.26,0.66,-45.69,4.38,-12.19,1.60,-3.40,10.11,0.53,-0.55,1.15,-7.61,-6.31,0.13,-1.17,-0.61,0.45,2.03,6.48,8.22,0.73,1.00,1.03,0.00,0.00,0.00,0.00,0.00,0.00,-4.64,-2.29,6.85,-0.36,-0.19,1.57
58.451495,8.62,-0.13,4.40,1.29,0.26,0.66,-45.06,4.38,-13.25,1.64,-3.22,10.32,0.46,-0.48,1.10,-7.64,-6.31,0.12,-1.10,-0.55,0.34,2.04,6.91,8.11,0.78,1.09,0.99,0.00,0.00,0.00,0.00,0.00,0.00,-5.25,-1.70,7.43,-0.31,-0.13,1.58
58.451507,8.48,-0.32,4.52,1.29,0.26,0.66,-45.69,4.94,-12.94,1.51,-3.21,10.25,0.41,-0.48,1.07,-7.58,-6.18,0.22,-1.02,-0.52,0.27,1.89,6.62,7.76,0.89,1.15,0.97,0.00,0.00,0.00,0.00,0.00,0.00,-5.68,-1.43,7.65,-0.41,-0.05,1.46
58.451518,8.71,-0.44,4.59,1.11,0.15,0.67,-44.75,3.75,-12.19,1.74,-3.24,10.09,0.37,-0.49,1.06,-7.74,-6.09,0.35,-0.98,-0.55,0.25,1.54,5.92,7.44,0.79,1.05,1.00,0.00,0.00,0.00,0.00,0.00,0.00,-5.86,-1.65,7.11,-0.48,-0.10,1.36
58.451527,8.55,-0.29,4.55,1.11,0.15,0.67,-44.75,3.75,-12.19,1.71,-3.22,9.98,0.35,-0.44,1.06,-7.56,-6.04,0.28,-0.97,-0.59,0.23,1.68,6.16,7.49,0.56,0.88,0.97,0.00,0.00,0.00,0.00,0.00,0.00,-5.50,-1.55,7.24,-0.53,-0.18,1.23
58.451539,8.48,-0.13,4.52,1.10,0.10,0.58,-44.75,3.75,-12.19,1.80,-3.16,10.05,0.32,-0.40,1.04,-7.50,-6.00,0.23,-0.98,-0.59,0.20,1.74,6.30,7.52,0.44,0.81,0.92,0.00,0.00,0.00,0.00,0.00,0.00,-5.34,-1.48,7.25,-0.56,-0.17,1.14
58.45155,8.36,-0.36,4.63,0.96,0.01,0.61,-44.75,3.75,-12.19,1.75,-3.07,10.14,0.27,-0.34,1.02,-7.59,-6.02,0.20,-1.00,-0.60,0.15,1.80,6.49,7.57,0.31,0.78,0.87,0.00,0.00,0.00,0.00,0.00,0.00,-5.40,-1.45,7.15,-0.60,-0.12,1.05
58.451564,8.40,-0.48,4.59,0.96,0.01,0.61,-44.75,3.75,-12.19,1.56,-3.11,10.04,0.22,-0.33,1.02,-7.54,-6.05,0.13,-0.99,-0.62,0.10,1.69,6.48,7.53,0.23,0.76,0.85,0.00,0.00,0.00,0.00,0.00,0.00,-5.61,-1.54,7.04,-0.61,-0.13,0.99
58.451575,8.55,-0.59,4.55,0.96,-0.06,0.58,-44.75,3.75,-12.19,1.39,-3.24,9.85,0.19,-0.36,1.01,-7.43,-6.00,0.16,-0.96,-0.65,0.09,1.66,6.34,7.50,0.17,0.72,0.85,0.00,0.00,0.00,0.00,0.00,0.00,-5.58,-1.69,6.90,-0.60,-0.17,0.95
58.451586,8.59,-0.59,4.55,0.98,-0.06,0.50,-44.75,3.75,-12.19,1.49,-3.30,9.82,0.18,-0.38,0.99,-7.34,-5.96,0.21,-0.93,-0.67,0.09,1.70,6.24,7.47,0.15,0.68,0.85,0.00,0.00,0.00,0.00,0.00,0.00,-5.52,-1.56,7.10,-0.62,-0.21,0.90
58.451596,8.55,-0.48,4.55,0.99,-0.05,0.47,-44.75,3.75,-12.19,1.50,-3.28,9.88,0.18,-0.37,0.97,-7.36,-5.92,0.22,-0.91,-0.67,0.09,1.74,6.28,7.48,0.12,0.64,0.85,0.00,0.00,0.00,0.00,0.00,0.00,-5.33,-1.64,7.02,-0.66,-0.21,0.85
58.451607,8.55,-0.44,4.63,0.99,-0.05,0.47,-46.56,8.19,-8.81,1.60,-3.28,9.91,0.18,-0.37,0.95,-7.38,-5.89,0.20,-0.90,-0.65,0.09,1.76,6.28,7.46,0.11,0.60,0.84,0.00,0.00,0.00,0.00,0.00,0.00,-5.17,-1.80,6.85,-0.63,-0.20,0.85
58.451618,8.67,-0.44,4.71,0.91,-0.01,0.48,-46.56,8.19,-8.81,1.45,-3.28,9.90,0.19,-0.36,0.92,-7.38,-5.91,0.18,-0.89,-0.63,0.10,1.76,6.30,7.55,0.14,0.57,0.81,0.00,0.00,0.00,0.00,0.00,0.00,-5.24,-1.87,6.83,-0.53,-0.18,0.88
58.453214,8.63,-0.44,4.71,0.90,0.02,0.44,-46.56,8.19,-8.81,1.47,-3.28,9.90,0.20,-0.37,0.88,-7.42,-5.90,0.24,-0.86,-0.62,0.12,1.83,6.30,7.58,0.16,0.56,0.80,0.00,0.00,0.00,0.00,0.00,0.00,-5.29,-1.72,7.02,-0.49,-0.18,0.88
58.453227,8.59,-0.36,4.79,0.90,0.02,0.44,-46.56,8.19,-8.81,1.68,-3.28,9.89,0.22,-0.38,0.84,-7.40,-5.81,0.27,-0.84,-0.62,0.13,1.90,6.29,7.52,0.19,0.56,0.78,0.00,0.00,0.00,0.00,0.00,0.00,-5.24,-1.50,7.25,-0.48,-0.19,0.87
58.453236,8.51,-0.32,4.94,0.87,0.06,0.44,-46.56,8.19,-8.81,1.80,-3.18,9.98,0.24,-0.37,0.84,-7.50,-5.73,0.32,-0.85,-0.58,0.14,2.01,6.36,7.45,0.22,0.57,0.76,0.00,0.00,0.00,0.00,0.00,0.00,-5.12,-1.49,7.15,-0.49,-0.16,0.86
58.453246,8.51,-0.32,5.02,0.86,0.06,0.46,-46.56,8.19,-8.81,1.80,-3.07,10.09,0.24,-0.34,0.83,-7.61,-5.71,0.28,-0.85,-0.56,0.14,2.00,6.51,7.45,0.23,0.59,0.73,0.00,0.00,0.00,0.00,0.00,0.00,-5.18,-1.38,7.21,-0.47,-0.14,0.85
58.453254,8.51,-0.32,5.02,0.83,0.07,0.47,-47.44,8.19,-7.06,1.68,-2.94,10.21,0.24,-0.30,0.82,-7.72,-5.71,0.14,-0.84,-0.53,0.14,1.92,6.65,7.45,0.23,0.59,0.71,0.00,0.00,0.00,0.00,0.00,0.00,-5.31,-1.39,7.12,-0.44,-0.11,0.85
58.474656,8.44,-0.40,5.21,0.83,0.07,0.47,-48.12,9.75,-7.44,1.49,-2.85,10.25,0.23,-0.29,0.78,-7.80,-5.74,0.08,-0.81,-0.51,0.13,1.83,6.74,7.44,0.21,0.58,0.68,0.00,0.00,0.00,0.00,0.00,0.00,-5.57,-1.27,7.16,-0.40,-0.11,0.84
58.494458,8.40,-0.52,5.17,0.83,0.07,0.47,-48.12,9.75,-7.44,1.43,-2.90,10.15,0.22,-0.30,0.75,-7.74,-5.71,0.10,-0.77,-0.51,0.12,1.81,6.65,7.40,0.20,0.56,0.67,0.00,0.00,0.00,0.00,0.00,0.00,-5.61,-1.15,7.31,-0.40,-0.12,0.81
58.516161,8.48,-0.59,5.13,0.76,0.05,0.39,-48.12,9.75,-7.44,1.52,-2.89,10.19,0.23,-0.30,0.72,-7.73,-5.70,0.09,-0.74,-0.51,0.12,1.79,6.69,7.39,0.20,0.54,0.66,0.00,0.00,0.00,0.00,0.00,0.00,-5.54,-1.18,7.20,-0.42,-0.13,0.76
58.541727,8.40,-0.40,5.21,0.72,0.06,0.37,-48.50,10.12,-5.38,1.49,-2.82,10.25,0.22,-0.29,0.68,-7.74,-5.71,0.02,-0.71,-0.48,0.12,1.74,6.75,7.36,0.19,0.49,0.63,0.00,0.00,0.00,0.00,0.00,0.00,-5.56,-1.24,7.11,-0.40,-0.12,0.73
58.961785,8.40,-0.40,5.21,0.72,0.06,0.37,-47.81,9.19,-7.06,1.51,-2.80,10.24,0.21,-0.28,0.64,-7.78,-5.69,0.11,-0.67,-0.46,0.12,1.81,6.72,7.38,0.18,0.44,0.61,0.00,0.00,0.00,0.00,0.00,0.00,-5.53,-1.17,7.19,-0.38,-0.12,0.68
58.961823,8.32,-0.40,5.21,0.65,0.06,0.31,-47.81,9.19,-7.06,1.63,-2.79,10.20,0.20,-0.28,0.61,-7.79,-5.65,0.18,-0.64,-0.46,0.12,1.91,6.73,7.39,0.17,0.41,0.59,0.00,0.00,0.00,0.00,0.00,0.00,-5.38,-1.17,7.18,-0.36,-0.12,0.66
58.961838,8.32,-0.25,5.17,0.63,0.04,0.31,-47.81,9.19,-7.06,1.70,-2.77,10.21,0.19,-0.26,0.58,-7.75,-5.61,0.22,-0.62,-0.44,0.10,1.94,6.70,7.34,0.16,0.40,0.56,0.00,0.00,0.00,0.00,0.00,0.00,-5.21,-1.20,7.09,-0.32,-0.11,0.65
58.961853,8.32,-0.21,5.21,0.63,0.04,0.31,-47.88,10.12,-6.44,1.71,-2.75,10.16,0.19,-0.24,0.55,-7.72,-5.58,0.19,-0.60,-0.41,0.09,1.92,6.69,7.31,0.15,0.40,0.52,0.00,0.00,0.00,0.00,0.00,0.00,-5.31,-1.03,7.26,-0.29,-0.09,0.63
58.961866,8.24,-0.25,5.25,0.63,0.04,0.31,-48.56,11.75,-7.19,1.66,-2.69,10.12,0.18,-0.23,0.52,-7.74,-5.55,0.19,-0.58,-0.38,0.08,1.94,6.68,7.29,0.14,0.40,0.49,0.00,0.00,0.00,0.00,0.00,0.00,-5.33,-1.02,7.18,-0.29,-0.07,0.60
58.961886,8.21,-0.32,5.25,0.63,0.04,0.31,-48.88,11.81,-7.56,1.60,-2.70,10.15,0.17,-0.23,0.49,-7.70,-5.55,0.11,-0.55,-0.35,0.08,1.85,6.66,7.24,0.14,0.38,0.46,0.00,0.00,0.00,0.00,0.00,0.00,-5.43,-1.04,7.13,-0.29,-0.07,0.56
58.961902,8.32,-0.36,5.28,0.63,0.04,0.31,-49.19,11.75,-6.50,1.60,-2.67,10.20,0.16,-0.22,0.46,-7.69,-5.55,0.07,-0.52,-0.32,0.08,1.80,6.72,7.25,0.13,0.35,0.43,0.00,0.00,0.00,0.00,0.00,0.00,-5.44,-1.00,7.17,-0.27,-0.06,0.53
58.961914,8.28,-0.29,5.44,0.63,0.04,0.31,-49.19,11.75,-6.12,1.53,-2.43,10.24,0.16,-0.19,0.41,-7.81,-5.58,0.02,-0.48,-0.27,0.07,1.77,6.85,7.28,0.13,0.32,0.37,0.00,0.00,0.00,0.00,0.00,0.00,-5.51,-0.97,7.15,-0.26,-0.03,0.47
58.961929,8.24,-0.36,5.51,0.37,0.05,0.23,-49.19,11.75,-6.12,1.54,-2.47,10.48,0.14,-0.20,0.36,-7.93,-5.59,-0.03,-0.44,-0.24,0.05,1.73,6.98,7.28,0.11,0.28,0.32,0.00,0.00,0.00,0.00,0.00,0.00,-5.68,-0.87,7.18,-0.23,-0.01,0.42
58.961941,8.20,-0.48,5.59,0.32,0.03,0.20,-49.19,11.75,-6.12,1.44,-2.41,10.47,0.11,-0.16,0.30,-8.02,-5.56,-0.03,-0.38,-0.22,0.04,1.75,7.04,7.24,0.07,0.23,0.30,0.00,0.00,0.00,0.00,0.00,0.00,-5.76,-0.86,7.09,-0.19,-0.02,0.37
58.961953,8.21,-0.55,5.63,0.29,-0.02,0.11,-48.25,11.12,-5.75,1.53,-2.44,10.39,0.09,-0.16,0.26,-8.01,-5.47,-0.01,-0.34,-0.22,0.03,1.77,7.00,7.16,0.04,0.18,0.28,0.00,0.00,0.00,0.00,0.00,0.00,-5.56,-0.85,7.06,-0.13,-0.04,0.36
58.96199,8.20,-0.48,5.63,0.29,-0.02,0.11,-48.81,10.75,-6.44,1.58,-2.43,10.39,0.08,-0.15,0.22,-7.94,-5.45,-0.12,-0.31,-0.19,0.02,1.70,7.02,7.15,0.03,0.13,0.24,0.00,0.00,0.00,0.00,0.00,0.00,-5.64,-0.62,7.33,-0.13,-0.03,0.33
58.962001,8.24,-0.40,5.67,0.25,-0.00,0.11,-48.81,10.75,-6.44,1.51,-2.38,10.51,0.07,-0.14,0.18,-7.97,-5.50,-0.23,-0.27,-0.14,0.01,1.61,7.07,7.14,0.01,0.10,0.18,0.00,0.00,0.00,0.00,0.00,0.00,-5.71,-0.76,7.11,-0.12,0.01,0.27
58.96201,8.25,-0.48,5.70,0.16,0.01,0.10,-48.81,10.75,-6.44,1.29,-2.34,10.50,0.06,-0.08,0.12,-7.93,-5.53,-0.34,-0.22,-0.09,0.01,1.51,7.08,7.19,-0.01,0.06,0.13,0.00,0.00,0.00,0.00,0.00,0.00,-5.88,-0.83,6.98,-0.07,0.02,0.22
58.963716,8.24,-0.59,5.67,0.16,0.01,0.10,-48.00,11.56,-5.06,1.25,-2.32,10.48,0.06,-0.06,0.05,-7.94,-5.51,-0.35,-0.15,-0.06,0.03,1.47,7.08,7.16,-0.01,0.01,0.08,0.00,0.00,0.00,0.00,0.00,0.00,-5.90,-0.81,6.94,-0.00,0.01,0.18
58.963737,8.20,-0.55,5.74,0.16,0.01,0.10,-48.00,11.56,-5.06,1.33,-2.43,10.31,0.09,-0.03,0.01,-7.97,-5.48,-0.36,-0.09,-0.01,0.04,1.51,7.09,7.11,-0.03,-0.07,0.04,0.00,0.00,0.00,0.00,0.00,0.00,-5.92,-0.68,7.02,0.05,0.01,0.12
58.96375,8.10,-0.44,5.78,-0.03,0.04,-0.06,-48.00,11.56,-5.06,1.43,-2.18,10.63,0.08,-0.01,-0.05,-7.95,-5.41,-0.30,-0.04,0.02,0.08,1.51,6.96,6.91,-0.09,-0.20,0.01,0.00,0.00,0.00,0.00,0.00,0.00,-5.94,-0.61,6.99,0.10,-0.01,0.07
58.963762,8.16,-0.63,5.82,-0.09,0.03,-0.10,-48.00,11.56,-5.06,1.47,-2.23,10.46,0.05,0.04,-0.13,-7.98,-5.43,-0.31,0.01,0.05,0.12,1.51,7.02,6.91,-0.15,-0.36,-0.03,0.00,0.00,0.00,0.00,0.00,0.00,-5.94,-0.60,6.99,0.16,-0.02,0.03
58.963773,8.09,-0.48,5.70,-0.09,0.03,-0.10,-48.88,11.69,-5.75,1.22,-2.16,10.47,0.01,0.05,-0.20,-7.99,-5.39,-0.22,0.07,0.05,0.14,1.74,7.06,7.19,-0.20,-0.44,-0.07,0.00,0.00,0.00,0.00,0.00,0.00,-5.97,-0.47,7.14,0.20,-0.06,-0.03
58.963784,8.05,-0.40,5.51,-0.09,0.03,-0.10,-48.88,11.69,-5.75,1.58,-2.23,10.36,-0.02,0.07,-0.26,-7.98,-5.37,-0.17,0.14,0.07,0.13,1.84,6.97,7.14,-0.23,-0.45,-0.13,0.00,0.00,0.00,0.00,0.00,0.00,-5.72,-0.38,7.25,0.18,-0.07,-0.12
58.978523,8.02,-0.25,5.44,-0.21,-0.01,-0.25,-48.62,12.12,-5.06,1.73,-2.31,10.20,-0.06,0.16,-0.30,-7.71,-5.22,-0.04,0.22,0.10,0.14,1.88,6.60,6.89,-0.26,-0.50,-0.25,0.00,0.00,0.00,0.00,0.00,0.00,-5.53,-0.57,7.06,0.20,-0.07,-0.19
58.995593,8.16,-0.32,5.36,-0.30,-0.00,-0.33,-48.62,12.12,-5.06,1.70,-2.41,10.06,-0.07,0.27,-0.29,-7.58,-5.20,-0.06,0.25,0.12,0.20,1.77,6.45,6.73,-0.24,-0.56,-0.35,0.00,0.00,0.00,0.00,0.00,0.00,-5.56,-0.44,7.35,0.18,-0.07,-0.25
59.017551,8.13,-0.17,5.32,-0.30,-0.00,-0.33,-49.00,13.75,-6.94,1.79,-2.27,10.47,-0.11,0.42,-0.27,-7.68,-5.29,-0.17,0.32,0.21,0.29,1.89,6.68,7.32,-0.22,-0.62,-0.48,0.00,0.00,0.00,0.00,0.00,0.00,-5.67,-0.52,7.28,0.05,-0.04,-0.45
59.041274,7.98,0.21,5.36,-0.55,-0.00,-0.41,-49.00,13.75,-6.94,1.39,-2.10,10.74,-0.24,0.66,-0.22,-8.03,-5.35,-0.14,0.43,0.29,0.26,1.98,6.90,7.43,-0.32,-0.71,-0.62,0.00,0.00,0.00,0.00,0.00,0.00,-5.66,-0.38,7.58,-0.01,0.02,-0.66
59.471712,8.32,-0.17,5.21,-0.55,-0.00,-0.41,-48.19,10.25,-7.44,1.25,-2.51,10.33,-0.47,0.66,-0.43,-8.15,-5.12,0.26,0.51,0.31,0.16,2.46,6.76,7.52,-0.34,-0.68,-0.62,0.00,0.00,0.00,0.00,0.00,0.00,-5.07,-0.82,7.22,-0.04,0.05,-0.78
59.471742,8.29,-0.17,5.32,-0.55,-0.00,-0.41,-48.12,9.25,-7.06,1.42,-2.64,10.41,-0.52,0.66,-0.47,-7.90,-4.91,0.47,0.55,0.34,0.12,2.49,6.48,7.14,-0.31,-0.67,-0.60,0.00,0.00,0.00,0.00,0.00,0.00,-5.33,-0.44,7.94,-0.08,0.07,-0.83
59.471755,8.32,-0.06,5.32,-0.55,-0.00,-0.41,-47.62,10.75,-8.19,1.22,-2.98,9.95,-0.51,0.76,-0.56,-7.67,-4.70,0.60,0.55,0.37,0.18,2.52,6.23,6.89,-0.27,-0.70,-0.60,0.00,0.00,0.00,0.00,0.00,0.00,-5.81,0.17,9.00,-0.48,0.15,-1.13
59.471768,8.48,-0.09,5.36,-0.54,0.08,-0.44,-47.62,10.75,-8.19,1.00,-3.05,9.99,-0.44,0.62,-0.65,-7.90,-4.73,0.60,0.56,0.41,0.25,2.66,6.42,7.16,-0.17,-0.68,-0.60,0.00,0.00,0.00,0.00,0.00,0.00,-5.89,-0.18,8.48,-0.98,0.25,-1.58
59.471781,8.40,0.10,5.32,-0.54,0.08,-0.44,-48.06,8.62,-5.62,1.20,-2.85,10.37,-0.41,0.56,-0.71,-8.42,-4.78,0.57,0.58,0.41,0.23,2.78,6.85,7.32,-0.13,-0.64,-0.58,0.00,0.00,0.00,0.00,0.00,0.00,-5.58,-0.74,7.84,-1.23,0.25,-1.87
59.471792,8.06,0.02,5.55,-0.54,0.08,-0.44,-47.12,8.25,-8.50,1.03,-2.65,10.80,-0.39,0.52,-0.73,-8.71,-4.82,0.25,0.60,0.39,0.15,2.63,7.24,7.47,-0.14,-0.59,-0.54,0.00,0.00,0.00,0.00,0.00,0.00,-5.20,-1.18,7.76,-1.32,0.26,-1.99
59.471804,8.24,-0.06,5.97,-0.71,0.01,-0.48,-47.12,8.25,-8.50,1.10,-2.77,10.75,-0.37,0.58,-0.77,-8.60,-4.65,0.29,0.64,0.43,0.04,2.62,7.10,7.22,-0.19,-0.53,-0.56,0.00,0.00,0.00,0.00,0.00,0.00,-5.55,-1.41,7.93,-1.48,0.31,-2.16
59.471815,8.40,-0.09,5.78,-0.71,0.01,-0.48,-47.12,8.25,-8.50,1.08,-3.21,10.07,-0.34,0.59,-0.81,-8.23,-4.52,0.28,0.67,0.45,0.05,2.43,6.67,6.84,-0.23,-0.66,-0.58,0.00,0.00,0.00,0.00,0.00,0.00,-5.27,-2.19,7.45,-1.64,0.33,-2.33
59.471828,8.79,-0.32,5.67,-0.76,0.05,-0.47,-47.12,8.25,-8.50,0.19,-3.05,10.16,-0.21,0.48,-0.90,-8.25,-4.71,0.05,0.70,0.46,0.18,2.16,6.74,7.03,-0.18,-0.78,-0.61,0.00,0.00,0.00,0.00,0.00,0.00,-4.99,-3.41,6.36,-1.63,0.33,-2.37
59.471841,8.24,0.02,5.48,-0.70,0.23,-0.57,-47.12,8.25,-8.50,0.00,-2.58,10.80,-0.23,0.45,-1.10,-8.86,-5.04,-0.14,0.82,0.44,0.15,2.22,7.40,7.53,-0.21,-0.86,-0.63,0.00,0.00,0.00,0.00,0.00,0.00,-5.29,-3.77,6.12,-1.48,0.26,-2.41
59.471851,7.82,0.10,5.51,-0.82,0.16,-0.72,-47.12,8.25,-8.50,0.77,-2.81,10.89,-0.31,0.42,-1.19,-8.92,-4.84,0.15,0.92,0.41,0.03,2.63,7.31,7.49,-0.29,-0.84,-0.62,0.00,0.00,0.00,0.00,0.00,0.00,-4.30,-4.30,6.12,-1.32,0.23,-2.40
59.471862,8.17,-0.17,5.67,-0.89,-0.03,-0.77,-47.12,8.25,-8.50,0.91,-3.65,9.56,-0.31,0.40,-1.25,-8.44,-4.49,0.45,0.95,0.36,0.01,2.67,6.62,6.92,-0.31,-0.86,-0.61,0.00,0.00,0.00,0.00,0.00,0.00,-3.30,-5.07,5.93,-1.14,0.28,-2.20
59.471873,8.67,0.32,5.48,-0.64,0.21,-0.78,-46.38,5.81,-10.50,0.14,-3.38,9.75,-0.11,0.24,-1.37,-8.09,-4.60,0.31,0.97,0.32,0.16,2.39,6.56,6.97,-0.20,-1.06,-0.59,0.00,0.00,0.00,0.00,0.00,0.00,-3.12,-6.10,4.92,-0.78,0.31,-1.86
59.471884,7.98,0.98,5.36,-0.80,0.25,-0.91,-46.38,5.81,-10.50,0.07,-2.92,10.54,-0.08,0.23,-1.66,-8.60,-5.00,-0.04,1.12,0.38,0.15,2.38,7.26,7.47,-0.21,-1.17,-0.66,0.00,0.00,0.00,0.00,0.00,0.00,-3.16,-6.01,5.31,-0.36,0.46,-1.69
59.474459,7.98,0.98,5.36,-0.80,0.25,-0.91,-46.38,5.81,-10.50,0.50,-3.11,9.97,-0.07,0.26,-2.05,-8.51,-4.57,0.53,1.20,0.47,0.03,3.06,6.94,7.27,-0.25,-1.20,-0.71,0.00,0.00,0.00,0.00,0.00,0.00,-2.35,-5.99,5.64,-0.10,0.57,-1.47
59.47448,8.62,0.36,5.44,-0.87,0.08,-0.78,-46.38,5.81,-10.50,1.76,-3.51,9.50,0.05,0.19,-2.34,-7.86,-4.16,0.86,1.15,0.59,0.08,3.17,6.11,6.56,-0.18,-1.17,-0.77,0.00,0.00,0.00,0.00,0.00,0.00,-2.62,-6.34,5.22,0.18,0.67,-1.13
59.474493,8.55,0.36,5.36,-0.81,0.25,-0.79,-46.38,5.81,-10.50,2.36,-3.39,9.86,0.20,0.18,-2.25,-8.00,-4.23,0.93,1.09,0.59,0.26,3.22,6.24,6.67,-0.12,-1.17,-0.80,0.00,0.00,0.00,0.00,0.00,0.00,-3.23,-6.21,5.23,0.44,0.62,-0.97
59.474507,7.94,0.55,5.21,-0.79,0.31,-0.85,-46.38,5.81,-10.50,2.32,-2.75,10.83,0.17,0.21,-2.13,-8.53,-4.59,0.63,1.08,0.60,0.28,3.27,6.89,7.19,-0.22,-1.20,-0.79,0.00,0.00,0.00,0.00,0.00,0.00,-3.43,-5.43,6.32,0.54,0.63,-0.96
59.474532,7.64,1.05,5.21,-1.01,0.09,-0.83,-46.38,5.81,-10.50,3.11,-2.66,11.37,-0.01,0.34,-1.96,-8.83,-4.62,0.59,1.06,0.63,0.13,3.45,7.16,7.27,-0.50,-1.09,-0.82,0.00,0.00,0.00,0.00,0.00,0.00,-2.92,-5.43,6.58,0.49,0.75,-0.98
59.474544,7.68,0.86,5.32,-1.01,0.09,-0.83,-43.25,-0.06,-14.81,2.71,-2.97,10.80,-0.16,0.47,-1.76,-8.63,-4.52,0.52,1.05,0.68,0.05,3.16,6.86,6.91,-0.70,-1.02,-0.91,0.00,0.00,0.00,0.00,0.00,0.00,-3.61,-5.67,6.35,0.49,0.86,-0.96
59.493922,8.63,0.10,5.32,-1.01,0.09,-0.83,-43.00,0.88,-14.50,2.10,-3.22,10.32,-0.20,0.47,-1.57,-8.39,-4.28,0.55,1.12,0.61,0.06,3.13,6.46,6.85,-0.70,-1.08,-0.93,0.00,0.00,0.00,0.00,0.00,0.00,-3.53,-6.22,5.61,0.53,0.83,-1.00
59.515283,8.44,0.63,5.32,-1.22,0.00,-0.90,-43.00,0.88,-14.50,2.26,-2.91,10.89,-0.21,0.49,-1.48,-8.60,-4.44,0.30,1.17,0.63,0.04,3.17,6.90,7.31,-0.70,-1.06,-0.97,0.00,0.00,0.00,0.00,0.00,0.00,-3.13,-5.72,6.22,0.63,0.91,-0.96
59.539004,7.90,0.90,5.28,-1.45,-0.16,-0.78,-42.06,-0.12,-15.56,2.69,-2.84,11.12,-0.37,0.61,-1.38,-9.14,-4.37,0.53,1.19,0.73,-0.16,3.64,7.13,7.57,-0.84,-0.85,-1.06,0.00,0.00,0.00,0.00,0.00,0.00,-3.26,-5.39,6.75,0.55,1.06,-0.96
59.560894,8.36,0.10,5.40,-1.45,-0.16,-0.78,-42.06,-0.12,-15.56,2.51,-3.30,10.19,-0.46,0.65,-1.21,-8.65,-4.12,0.67,1.16,0.74,-0.24,3.37,6.45,7.02,-0.98,-0.70,-1.09,0.00,0.00,0.00,0.00,0.00,0.00,-3.76,-5.70,6.15,0.56,1.08,-0.92
59.981952,8.59,0.17,5.21,-1.32,-0.27,-0.78,-42.06,-0.12,-15.56,2.13,-3.63,9.37,-0.39,0.63,-1.10,-8.34,-4.08,0.71,1.15,0.67,-0.16,3.05,6.11,6.57,-1.01,-0.84,-1.11,0.00,0.00,0.00,0.00,0.00,0.00,-3.83,-5.99,5.56,0.60,0.98,-0.96
59.982043,8.44,0.32,5.13,-1.28,-0.20,-0.86,-42.06,-0.12,-15.56,1.69,-3.26,9.84,-0.31,0.59,-1.11,-8.31,-4.14,0.57,1.20,0.60,-0.09,3.07,6.26,6.87,-0.97,-1.00,-1.11,0.00,0.00,0.00,0.00,0.00,0.00,-3.76,-5.56,6.01,0.71,0.91,-0.99
59.982089,8.21,0.63,5.02,-1.35,-0.19,-0.89,-41.62,-1.62,-16.56,2.24,-3.09,10.25,-0.33,0.60,-1.14,-8.75,-4.15,0.66,1.25,0.61,-0.15,3.45,6.54,7.19,-0.98,-1.02,-1.13,0.00,0.00,0.00,0.00,0.00,0.00,-3.53,-4.98,6.84,0.64,0.90,-1.07
59.982111,7.79,0.71,5.13,-1.40,-0.34,-0.80,-41.38,-1.50,-18.31,2.59,-3.22,9.95,-0.40,0.63,-1.09,-8.87,-4.02,0.80,1.25,0.59,-0.30,3.53,6.40,6.96,-1.09,-1.06,-1.11,0.00,0.00,0.00,0.00,0.00,0.00,-3.42,-5.10,6.67,0.53,0.95,-1.11
59.982124,8.16,0.79,5.25,-1.40,-0.48,-0.79,-41.38,-1.50,-18.31,2.45,-3.55,9.36,-0.37,0.63,-1.00,-8.17,-3.59,1.07,1.22,0.55,-0.29,3.69,5.67,6.63,-1.10,-1.11,-1.11,0.00,0.00,0.00,0.00,0.00,0.00,-2.87,-5.51,6.03,0.56,0.92,-1.08
59.982136,8.66,0.63,5.09,-1.40,-0.48,-0.79,-41.25,-3.06,-17.19,1.67,-3.13,9.71,-0.28,0.64,-1.01,-8.04,-3.73,1.03,1.18,0.58,-0.21,3.64,5.78,6.81,-1.03,-1.05,-1.14,0.00,0.00,0.00,0.00,0.00,0.00,-2.66,-5.47,6.04,0.64,0.91,-1.02
59.982148,7.82,1.32,4.71,-1.40,-0.48,-0.79,-40.56,-0.06,-19.44,1.67,-2.81,10.14,-0.29,0.63,-1.14,-8.44,-3.93,1.17,1.24,0.59,-0.25,3.87,6.10,7.09,-0.98,-0.97,-1.14,0.00,0.00,0.00,0.00,0.00,0.00,-3.14,-4.97,6.66,0.65,0.94,-1.02
59.98216,7.82,1.13,4.71,-1.40,-0.27,-0.82,-40.56,-0.06,-19.44,2.00,-2.88,10.08,-0.36,0.57,-1.22,-8.60,-3.92,1.28,1.28,0.55,-0.35,4.02,6.08,7.13,-0.95,-0.96,-1.07,0.00,0.00,0.00,0.00,0.00,0.00,-3.06,-4.85,6.95,0.58,0.93,-1.05
59.982172,8.02,1.02,4.75,-1.40,-0.27,-0.82,-41.25,-2.94,-18.94,2.20,-3.25,9.57,-0.41,0.50,-1.25,-8.27,-3.75,1.46,1.29,0.49,-0.41,4.08,5.60,6.83,-0.91,-0.96,-1.00,0.00,0.00,0.00,0.00,0.00,0.00,-2.84,-5.12,6.59,0.53,0.92,-1.04
59.982183,8.28,1.09,4.79,-1.40,-0.27,-0.82,-40.19,-1.56,-19.44,2.68,-3.88,8.87,-0.33,0.45,-1.21,-7.76,-3.56,1.72,1.23,0.47,-0.35,4.24,5.05,6.67,-0.84,-0.93,-0.96,0.00,0.00,0.00,0.00,0.00,0.00,-2.32,-5.32,6.29,0.54,0.85,-0.99
59.982196,8.20,1.36,4.52,-1.20,-0.14,-0.68,-40.19,-1.56,-19.44,2.43,-3.35,9.96,-0.27,0.46,-1.19,-8.17,-4.01,1.46,1.17,0.56,-0.32,4.14,5.56,7.29,-0.79,-0.75,-0.99,0.00,0.00,0.00,0.00,0.00,0.00,-2.40,-5.15,6.68,0.55,0.87,-0.92
59.982208,8.44,1.13,4.63,-1.20,-0.14,-0.68,-40.19,-1.56,-19.44,2.46,-3.42,10.08,-0.31,0.52,-1.19,-8.30,-4.15,1.41,1.16,0.62,-0.38,4.11,5.63,7.41,-0.78,-0.65,-1.03,0.00,0.00,0.00,0.00,0.00,0.00,-2.59,-5.26,6.68,0.54,0.92,-0.89
59.982219,8.66,0.98,4.63,-1.31,-0.22,-0.62,-40.19,-1.56,-19.44,2.25,-3.66,9.72,-0.32,0.55,-1.20,-8.31,-4.24,1.27,1.14,0.67,-0.41,3.95,5.52,7.51,-0.74,-0.57,-1.05,0.00,0.00,0.00,0.00,0.00,0.00,-2.69,-5.38,6.65,0.53,0.97,-0.85
59.98223,8.78,0.90,4.71,-1.33,-0.20,-0.59,-40.19,-1.56,-19.44,2.66,-4.07,9.32,-0.27,0.50,-1.18,-8.28,-4.27,1.33,1.12,0.72,-0.42,3.91,5.41,7.43,-0.75,-0.52,-1.07,0.00,0.00,0.00,0.00,0.00,0.00,-2.92,-5.53,6.45,0.57,0.99,-0.80
59.984065,8.86,0.75,4.71,-1.34,-0.18,-0.59,-40.19,-1.56,-19.44,2.27,-3.75,9.90,-0.18,0.44,-1.10,-8.32,-4.39,1.29,1.09,0.73,-0.40,3.80,5.52,7.52,-0.73,-0.54,-1.08,0.00,0.00,0.00,0.00,0.00,0.00,-3.17,-5.36,6.75,0.57,0.99,-0.78
59.98409,8.51,0.98,4.75,-1.31,-0.12,-0.57,-39.88,-1.50,-21.12,1.86,-3.33,10.40,-0.25,0.52,-1.16,-8.64,-4.59,1.09,1.13,0.70,-0.42,3.66,5.85,7.75,-0.73,-0.70,-1.08,0.00,0.00,0.00,0.00,0.00,0.00,-3.68,-5.32,6.71,0.56,1.01,-0.82
59.984104,8.59,0.82,4.82,-1.31,-0.12,-0.57,-40.25,0.19,-23.31,2.06,-3.48,10.29,-0.31,0.50,-1.20,-8.66,-4.52,1.19,1.16,0.67,-0.45,3.85,5.76,7.78,-0.74,-0.75,-1.06,0.00,0.00,0.00,0.00,0.00,0.00,-3.76,-5.16,6.92,0.55,0.97,-0.87
59.984118,8.82,0.75,4.63,-1.31,-0.12,-0.57,-39.94,-0.31,-23.69,2.31,-3.71,10.03,-0.35,0.50,-1.20,-8.45,-4.48,1.26,1.14,0.65,-0.47,3.90,5.54,7.71,-0.72,-0.75,-1.04,0.00,0.00,0.00,0.00,0.00,0.00,-3.45,-5.18,6.92,0.47,0.93,-0.92
59.984132,9.09,0.90,4.55,-1.30,-0.26,-0.61,-39.94,-0.31,-23.69,2.41,-3.95,9.77,-0.32,0.56,-1.14,-8.07,-4.55,1.20,1.08,0.68,-0.41,3.76,5.28,7.68,-0.67,-0.70,-1.06,0.00,0.00,0.00,0.00,0.00,0.00,-2.87,-5.63,6.34,0.50,0.96,-0.86
59.988556,8.93,1.09,4.36,-1.32,-0.17,-0.58,-39.94,-0.31,-23.69,2.32,-3.89,9.93,-0.29,0.61,-1.15,-8.05,-4.76,1.06,1.07,0.76,-0.35,3.58,5.29,7.76,-0.66,-0.68,-1.14,0.00,0.00,0.00,0.00,0.00,0.00,-3.27,-5.49,6.45,0.57,1.02,-0.84
60.048248,8.78,0.59,4.13,-1.45,-0.19,-0.60,-39.94,-0.31,-23.69,2.02,-3.87,9.86,-0.29,0.69,-1.16,-8.24,-4.93,1.19,1.09,0.78,-0.33,3.69,5.26,7.94,-0.69,-0.72,-1.17,0.00,0.00,0.00,0.00,0.00,0.00,-3.54,-5.55,6.27,0.61,1.03,-0.86
60.04828,8.78,0.59,4.13,-1.45,-0.19,-0.60,-39.94,-0.31,-23.69,1.97,-3.94,9.78,-0.33,0.67,-1.17,-8.22,-5.02,1.25,1.12,0.76,-0.35,3.76,5.18,8.00,-0.72,-0.75,-1.16,0.00,0.00,0.00,0.00,0.00,0.00,-3.72,-5.32,6.52,0.64,0.99,-0.88
60.054705,8.82,0.75,3.98,-1.45,-0.19,-0.60,-39.94,-0.31,-23.69,2.02,-4.02,9.70,-0.37,0.67,-1.18,-8.18,-5.09,1.30,1.15,0.72,-0.39,3.80,5.10,8.06,-0.77,-0.76,-1.13,0.00,0.00,0.00,0.00,0.00,0.00,-3.90,-5.15,6.77,0.58,0.95,-0.96
60.078591,9.12,0.75,3.79,-1.36,-0.34,-0.68,-39.94,-0.31,-23.69,1.92,-4.32,9.27,-0.37,0.64,-1.18,-7.85,-5.03,1.48,1.18,0.68,-0.39,3.89,4.70,7.88,-0.79,-0.77,-1.09,0.00,0.00,0.00,0.00,0.00,0.00,-3.56,-5.51,6.37,0.52,0.86,-1.06
60.492316,9.12,0.75,3.79,-1.27,-0.25,-0.71,-38.75,0.62,-25.50,1.89,-4.47,8.79,-0.31,0.53,-1.21,-7.58,-5.06,1.69,1.17,0.64,-0.33,3.93,4.32,7.75,-0.74,-0.80,-1.05,0.00,0.00,0.00,0.00,0.00,0.00,-3.09,-5.69,6.21,0.51,0.78,-1.06
60.492344,9.28,0.75,3.48,-1.27,-0.25,-0.71,-39.75,2.25,-25.19,2.09,-4.74,8.88,-0.27,0.43,-1.24,-7.49,-5.22,1.82,1.15,0.59,-0.28,4.05,4.14,7.86,-0.68,-0.86,-1.00,0.00,0.00,0.00,0.00,0.00,0.00,-2.66,-5.89,5.98,0.57,0.73,-0.99
60.492358,9.24,1.05,3.10,-1.15,-0.16,-0.70,-39.75,2.25,-25.19,2.36,-4.79,9.07,-0.22,0.38,-1.24,-7.32,-5.40,1.91,1.13,0.55,-0.25,4.13,3.98,8.05,-0.62,-0.87,-0.97,0.00,0.00,0.00,0.00,0.00,0.00,-2.43,-5.99,5.95,0.69,0.71,-0.84
60.492369,9.20,1.21,2.98,-1.14,-0.13,-0.66,-39.75,2.25,-25.19,2.58,-4.89,9.08,-0.23,0.43,-1.22,-7.30,-5.49,2.00,1.11,0.57,-0.23,4.29,3.94,8.13,-0.61,-0.81,-0.97,0.00,0.00,0.00,0.00,0.00,0.00,-2.53,-5.90,6.13,0.76,0.70,-0.75
60.492381,9.28,1.21,3.02,-1.15,-0.15,-0.64,-39.75,2.25,-25.19,2.80,-5.14,8.85,-0.22,0.47,-1.18,-7.27,-5.54,2.11,1.07,0.59,-0.20,4.33,3.80,8.09,-0.60,-0.76,-0.97,0.00,0.00,0.00,0.00,0.00,0.00,-2.91,-5.44,6.81,0.70,0.67,-0.76
60.492392,9.31,1.17,2.91,-1.15,-0.15,-0.64,-38.94,2.69,-26.25,2.83,-5.23,8.82,-0.18,0.47,-1.11,-7.33,-5.54,2.37,1.01,0.57,-0.17,4.58,3.69,8.11,-0.58,-0.78,-0.95,0.00,0.00,0.00,0.00,0.00,0.00,-2.58,-5.61,6.68,0.61,0.62,-0.80
60.492404,9.39,1.05,2.87,-0.97,-0.12,-0.49,-39.00,4.62,-27.06,2.89,-5.25,8.65,-0.16,0.44,-1.04,-7.33,-5.56,2.53,0.93,0.54,-0.16,4.74,3.58,8.16,-0.54,-0.72,-0.89,0.00,0.00,0.00,0.00,0.00,0.00,-2.47,-5.64,6.81,0.49,0.57,-0.78
60.492422,9.47,1.05,2.87,-0.97,-0.12,-0.49,-39.44,6.69,-27.50,2.74,-5.44,8.78,-0.14,0.38,-0.94,-7.34,-5.63,2.59,0.84,0.49,-0.13,4.81,3.47,8.25,-0.48,-0.66,-0.80,0.00,0.00,0.00,0.00,0.00,0.00,-2.44,-5.92,6.53,0.45,0.51,-0.71
60.492435,9.59,0.90,2.83,-0.83,-0.10,-0.46,-39.44,6.69,-27.50,2.68,-5.53,8.83,-0.12,0.34,-0.84,-7.35,-5.77,2.52,0.75,0.41,-0.10,4.77,3.46,8.40,-0.43,-0.61,-0.70,0.00,0.00,0.00,0.00,0.00,0.00,-2.38,-6.00,6.54,0.44,0.45,-0.61
60.492448,9.63,0.86,2.79,-0.83,-0.10,-0.46,-39.44,6.12,-26.06,2.62,-5.46,9.10,-0.11,0.32,-0.79,-7.32,-5.96,2.22,0.68,0.39,-0.10,4.56,3.59,8.61,-0.37,-0.55,-0.65,0.00,0.00,0.00,0.00,0.00,0.00,-2.53,-5.83,6.85,0.37,0.43,-0.57
60.492459,9.63,1.13,2.83,-0.83,-0.10,-0.46,-39.44,6.12,-26.06,2.63,-5.53,9.14,-0.12,0.35,-0.74,-7.36,-6.01,2.20,0.63,0.40,-0.11,4.55,3.58,8.66,-0.35,-0.49,-0.64,0.00,0.00,0.00,0.00,0.00,0.00,-2.58,-6.00,6.66,0.28,0.43,-0.56
60.49247,9.70,0.82,2.83,-0.73,-0.05,-0.30,-39.44,6.12,-26.06,2.52,-5.64,9.03,-0.10,0.37,-0.66,-7.31,-5.96,2.27,0.56,0.39,-0.09,4.56,3.50,8.58,-0.31,-0.43,-0.60,0.00,0.00,0.00,0.00,0.00,0.00,-2.70,-6.12,6.52,0.23,0.41,-0.51
60.492481,9.77,0.63,2.87,-0.65,-0.03,-0.25,-39.44,6.12,-26.06,2.43,-5.71,8.94,-0.07,0.35,-0.57,-7.36,-5.95,2.26,0.48,0.35,-0.05,4.58,3.52,8.61,-0.26,-0.38,-0.54,0.00,0.00,0.00,0.00,0.00,0.00,-2.76,-6.09,6.49,0.20,0.35,-0.45
60.492491,9.74,0.48,2.83,-0.65,-0.03,-0.25,-38.19,5.56,-27.06,2.33,-5.58,9.10,-0.05,0.32,-0.49,-7.44,-5.99,2.09,0.39,0.31,-0.04,4.51,3.63,8.72,-0.22,-0.31,-0.47,0.00,0.00,0.00,0.00,0.00,0.00,-2.68,-5.94,6.61,0.16,0.32,-0.37
60.494169,9.51,0.59,2.91,-0.65,-0.03,-0.25,-38.19,5.56,-27.06,2.22,-5.38,9.29,-0.05,0.31,-0.42,-7.45,-6.01,1.83,0.32,0.30,-0.06,4.28,3.81,8.75,-0.19,-0.23,-0.42,0.00,0.00,0.00,0.00,0.00,0.00,-2.80,-5.87,6.51,0.10,0.33,-0.32
60.494188,9.31,0.32,3.06,-0.42,0.01,-0.09,-39.12,6.69,-28.19,1.91,-5.25,9.21,-0.06,0.31,-0.35,-7.44,-5.93,1.63,0.26,0.30,-0.10,4.06,3.89,8.64,-0.18,-0.14,-0.39,0.00,0.00,0.00,0.00,0.00,0.00,-3.20,-5.74,6.45,0.02,0.34,-0.29
60.494197,9.24,0.17,3.10,-0.42,0.01,-0.09,-38.31,7.62,-28.25,1.52,-5.10,9.10,-0.06,0.28,-0.33,-7.40,-5.86,1.51,0.22,0.27,-0.11,3.88,3.87,8.51,-0.17,-0.11,-0.34,0.00,0.00,0.00,0.00,0.00,0.00,-3.50,-5.75,6.22,-0.05,0.29,-0.30
60.494206,9.13,0.13,3.06,-0.42,0.01,-0.09,-38.31,7.62,-28.25,1.42,-5.14,8.84,-0.05,0.20,-0.31,-7.28,-5.76,1.47,0.19,0.22,-0.09,3.77,3.78,8.36,-0.15,-0.11,-0.27,0.00,0.00,0.00,0.00,0.00,0.00,-3.58,-5.73,6.09,-0.11,0.21,-0.33
60.494215,9.17,0.06,3.06,-0.28,-0.02,-0.09,-38.31,7.62,-28.25,1.59,-5.08,8.91,-0.03,0.14,-0.29,-7.20,-5.67,1.37,0.15,0.18,-0.06,3.72,3.79,8.31,-0.11,-0.09,-0.22,0.00,0.00,0.00,0.00,0.00,0.00,-3.22,-5.74,5.89,-0.14,0.14,-0.33
60.498416,9.09,0.06,3.10,-0.20,0.02,-0.08,-38.31,7.62,-28.25,1.61,-4.88,9.19,-0.03,0.16,-0.24,-7.29,-5.71,1.16,0.11,0.17,-0.05,3.58,4.04,8.40,-0.10,-0.04,-0.20,0.00,0.00,0.00,0.00,0.00,0.00,-3.26,-5.63,6.00,-0.17,0.14,-0.32
60.517693,8.97,0.17,3.29,-0.20,0.02,-0.08,-38.31,7.62,-28.25,1.60,-4.79,9.32,-0.04,0.19,-0.20,-7.39,-5.70,1.07,0.08,0.18,-0.07,3.52,4.18,8.44,-0.10,0.00,-0.19,0.00,0.00,0.00,0.00,0.00,0.00,-3.34,-5.79,5.82,-0.19,0.14,-0.31
60.54102,9.12,-0.02,3.48,-0.22,-0.01,0.01,-38.31,7.62,-28.25,1.25,-4.76,9.25,-0.05,0.20,-0.16,-7.47,-5.66,1.03,0.06,0.17,-0.07,3.45,4.22,8.38,-0.10,0.04,-0.17,0.00,0.00,0.00,0.00,0.00,0.00,-3.32,-6.10,5.55,-0.10,0.16,-0.21
60.563202,9.25,-0.17,3.48,-0.14,0.01,-0.04,-38.31,7.62,-28.25,1.15,-4.97,8.91,-0.01,0.12,-0.13,-7.41,-5.57,1.17,0.03,0.11,-0.03,3.50,4.05,8.26,-0.06,0.01,-0.11,0.00,0.00,0.00,0.00,0.00,0.00,-3.58,-5.91,5.84,-0.03,0.10,-0.11
60.584739,9.25,-0.17,3.41,-0.14,0.01,-0.04,-38.31,7.19,-29.31,1.47,-4.81,9.32,0.01,0.04,-0.09,-7.61,-5.66,1.19,-0.01,0.04,-0.00,3.62,4.25,8.44,-0.03,0.00,-0.03,0.00,0.00,0.00,0.00,0.00,0.00,-3.46,-5.74,6.05,-0.03,0.03,-0.06
61.00173,9.01,0.29,3.41,-0.14,0.01,-0.04,-39.25,8.31,-29.69,1.62,-4.78,9.44,-0.02,0.02,-0.03,-7.59,-5.72,1.14,-0.04,-0.00,-0.02,3.58,4.30,8.50,-0.04,0.03,0.02,0.00,0.00,0.00,0.00,0.00,0.00,-3.36,-5.83,6.03,-0.04,0.02,-0.03
61.001759,9.20,0.25,3.41,0.02,-0.03,-0.03,-39.25,8.31,-29.69,1.64,-4.88,9.34,-0.02,0.04,0.03,-7.52,-5.66,1.20,-0.07,-0.01,-0.04,3.65,4.20,8.46,-0.04,0.08,0.04,0.00,0.00,0.00,0.00,0.00,0.00,-3.20,-5.90,6.02,-0.04,0.02,0.00
61.001774,9.29,0.21,3.45,0.02,-0.01,-0.00,-39.25,8.31,-29.69,1.63,-4.92,9.34,-0.01,0.05,0.10,-7.54,-5.67,1.27,-0.10,-0.02,-0.03,3.68,4.20,8.49,-0.02,0.14,0.06,0.00,0.00,0.00,0.00,0.00,0.00,-3.16,-5.99,5.92,-0.00,0.02,0.06
61.001785,9.24,0.13,3.37,0.02,-0.01,-0.00,-37.75,8.00,-28.31,1.30,-5.00,9.13,0.01,0.02,0.14,-7.55,-5.71,1.33,-0.13,-0.06,-0.02,3.64,4.12,8.46,0.00,0.13,0.11,0.00,0.00,0.00,0.00,0.00,0.00,-3.44,-5.88,6.13,-0.01,-0.02,0.11
61.001796,9.25,0.13,3.25,0.02,-0.01,-0.00,-37.75,8.00,-28.31,1.37,-4.96,9.23,0.02,-0.07,0.13,-7.55,-5.77,1.37,-0.15,-0.11,-0.02,3.69,4.13,8.52,0.02,0.11,0.17,0.00,0.00,0.00,0.00,0.00,0.00,-3.47,-5.77,6.26,-0.03,-0.07,0.12
61.001807,9.21,0.29,3.21,0.20,0.01,-0.01,-37.75,8.00,-28.31,1.65,-4.92,9.36,0.01,-0.11,0.16,-7.60,-5.76,1.54,-0.17,-0.15,-0.05,3.89,4.18,8.55,0.02,0.13,0.22,0.00,0.00,0.00,0.00,0.00,0.00,-3.10,-5.76,6.26,-0.08,-0.10,0.12
61.001819,9.09,0.52,3.18,0.20,0.01,-0.01,-38.88,7.12,-27.19,1.83,-4.95,9.30,-0.01,-0.13,0.20,-7.58,-5.67,1.69,-0.21,-0.18,-0.09,4.06,4.14,8.49,0.02,0.18,0.27,0.00,0.00,0.00,0.00,0.00,0.00,-2.80,-5.76,6.29,-0.09,-0.10,0.17
61.001831,9.09,0.67,3.25,0.20,0.01,-0.01,-37.81,8.56,-28.62,1.93,-5.02,9.16,-0.01,-0.17,0.25,-7.52,-5.59,1.79,-0.26,-0.22,-0.13,4.16,4.06,8.43,0.05,0.26,0.33,0.00,0.00,0.00,0.00,0.00,0.00,-2.68,-5.86,6.19,-0.07,-0.10,0.26
61.001843,9.29,0.71,3.25,0.20,0.01,-0.01,-37.81,8.56,-28.62,1.87,-5.01,9.09,0.01,-0.25,0.31,-7.55,-5.60,1.76,-0.31,-0.26,-0.16,4.16,4.11,8.52,0.14,0.36,0.40,0.00,0.00,0.00,0.00,0.00,0.00,-2.44,-6.06,5.97,-0.01,-0.10,0.38
61.001855,9.29,0.71,3.25,0.40,0.02,0.11,-37.81,8.56,-28.62,2.07,-5.03,9.15,0.02,-0.33,0.38,-7.58,-5.68,1.78,-0.33,-0.30,-0.23,4.21,4.21,8.64,0.27,0.46,0.46,0.00,0.00,0.00,0.00,0.00,0.00,-2.11,-6.23,5.67,0.14,-0.07,0.58
61.001867,9.20,0.75,3.18,0.40,0.02,0.11,-39.50,7.69,-27.56,2.34,-5.06,9.25,0.02,-0.35,0.45,-7.49,-5.73,1.90,-0.37,-0.33,-0.31,4.08,4.11,8.42,0.31,0.54,0.53,0.00,0.00,0.00,0.00,0.00,0.00,-2.86,-5.25,6.85,0.24,-0.06,0.76
61.001878,9.09,0.67,3.18,0.48,-0.06,0.29,-38.31,7.50,-26.81,2.21,-4.97,9.50,-0.00,-0.32,0.52,-7.75,-5.99,1.91,-0.45,-0.35,-0.38,4.12,4.40,8.79,0.22,0.57,0.59,0.00,0.00,0.00,0.00,0.00,0.00,-3.50,-4.96,7.22,-0.05,-0.08,0.64
61.00189,9.09,0.67,3.18,0.51,-0.18,0.33,-38.31,7.50,-26.81,2.04,-4.99,9.52,-0.05,-0.36,0.56,-7.70,-6.15,1.87,-0.47,-0.39,-0.49,3.95,4.44,8.66,0.14,0.62,0.66,0.00,0.00,0.00,0.00,0.00,0.00,-3.53,-5.36,6.79,-0.14,-0.09,0.61
61.001903,9.55,0.40,3.29,0.51,-0.18,0.33,-39.44,6.81,-29.25,1.90,-5.29,9.17,-0.06,-0.37,0.60,-7.31,-6.14,1.83,-0.50,-0.40,-0.48,3.83,4.10,8.51,0.13,0.60,0.69,0.00,0.00,0.00,0.00,0.00,0.00,-3.53,-5.69,6.56,-0.20,-0.15,0.62
61.003583,9.93,0.17,3.14,0.57,-0.22,0.31,-39.44,6.81,-29.25,1.75,-5.55,8.95,-0.03,-0.42,0.65,-7.05,-6.23,1.90,-0.54,-0.44,-0.38,3.72,3.79,8.51,0.21,0.62,0.73,0.00,0.00,0.00,0.00,0.00,0.00,-3.32,-6.07,6.23,-0.20,-0.23,0.69
61.003602,9.82,0.48,2.98,0.81,-0.00,0.25,-39.44,6.81,-29.25,1.75,-5.66,8.85,0.04,-0.48,0.66,-6.86,-6.35,1.95,-0.58,-0.52,-0.21,3.54,3.59,8.40,0.26,0.55,0.78,0.00,0.00,0.00,0.00,0.00,0.00,-3.24,-6.13,6.03,-0.13,-0.31,0.80
61.003611,9.67,0.55,2.98,0.83,0.01,0.29,-39.44,6.81,-29.25,2.07,-5.66,8.91,0.10,-0.48,0.68,-6.82,-6.34,2.00,-0.65,-0.55,-0.07,3.69,3.67,8.54,0.26,0.47,0.79,0.00,0.00,0.00,0.00,0.00,0.00,-2.76,-6.13,5.87,-0.01,-0.39,0.95
61.003626,9.59,0.59,2.91,0.85,0.06,0.38,-39.25,3.25,-27.00,2.32,-5.56,9.00,0.16,-0.47,0.72,-6.85,-6.29,2.01,-0.74,-0.54,-0.00,3.81,3.81,8.61,0.29,0.49,0.79,0.00,0.00,0.00,0.00,0.00,0.00,-2.86,-5.39,6.70,0.09,-0.40,1.13
61.003639,9.24,0.71,2.98,0.87,0.07,0.48,-39.25,3.25,-27.00,2.16,-5.23,9.20,0.20,-0.51,0.77,-7.19,-6.31,2.13,-0.83,-0.54,-0.02,4.02,4.14,8.84,0.33,0.60,0.84,0.00,0.00,0.00,0.00,0.00,0.00,-3.47,-4.83,7.15,-0.10,-0.36,1.13
61.008131,9.25,0.59,3.06,0.93,0.04,0.53,-39.25,3.25,-27.00,2.17,-5.22,9.00,0.20,-0.67,0.80,-7.33,-6.33,2.03,-0.86,-0.59,-0.10,4.01,4.30,8.91,0.36,0.70,0.93,0.00,0.00,0.00,0.00,0.00,0.00,-3.50,-4.92,6.90,-0.17,-0.38,1.15
61.02549,9.31,0.67,3.10,1.01,0.01,0.53,-39.25,3.25,-27.00,2.01,-5.17,8.88,0.22,-0.73,0.80,-7.18,-6.28,2.05,-0.85,-0.63,-0.17,3.94,4.19,8.77,0.38,0.78,1.03,0.00,0.00,0.00,0.00,0.00,0.00,-3.42,-4.92,6.82,-0.23,-0.41,1.17
61.048689,9.29,0.79,3.10,1.01,0.01,0.53,-39.56,3.19,-25.19,2.49,-5.13,8.91,0.41,-0.81,0.89,-6.89,-6.16,2.06,-0.86,-0.70,-0.21,3.94,3.94,8.64,0.39,0.84,1.11,0.00,0.00,0.00,0.00,0.00,0.00,-3.00,-5.08,6.44,-0.21,-0.45,1.27
61.070141,9.36,0.71,3.10,1.11,0.10,0.55,-39.56,3.19,-25.19,2.62,-5.02,8.93,0.39,-0.77,0.92,-6.71,-6.15,1.97,-0.89,-0.70,-0.18,3.73,3.91,8.32,0.41,0.92,1.12,0.00,0.00,0.00,0.00,0.00,0.00,-2.89,-4.90,6.53,-0.12,-0.46,1.44
61.091574,9.24,0.86,3.18,1.14,0.15,0.62,-39.56,3.19,-25.19,2.67,-4.94,8.94,0.42,-0.70,0.94,-6.60,-6.18,1.92,-0.91,-0.66,-0.13,3.57,3.96,8.14,0.47,0.96,1.08,0.00,0.00,0.00,0.00,0.00,0.00,-3.16,-4.55,6.78,-0.06,-0.42,1.59
61.508394,9.25,0.71,3.21,1.14,0.15,0.62,-39.25,2.56,-23.44,2.60,-4.89,8.81,0.47,-0.72,0.97,-6.62,-6.14,2.04,-0.94,-0.64,-0.06,3.56,3.94,8.04,0.56,0.96,1.06,0.00,0.00,0.00,0.00,0.00,0.00,-3.75,-4.02,7.13,-0.13,-0.41,1.61
61.508752,9.09,0.52,3.25,1.25,0.23,0.70,-39.44,1.56,-23.00,2.93,-4.71,8.97,0.49,-0.68,1.04,-6.86,-6.09,2.19,-1.01,-0.69,0.01,3.71,4.07,8.08,0.60,0.96,1.11,0.00,0.00,0.00,0.00,0.00,0.00,-3.72,-3.90,7.06,-0.21,-0.45,1.63
61.508783,9.01,0.67,3.48,1.25,0.23,0.70,-39.81,2.62,-24.12,2.98,-4.50,9.13,0.47,-0.62,1.16,-6.93,-6.05,2.04,-1.07,-0.76,0.04,3.65,4.29,8.13,0.59,0.96,1.17,0.00,0.00,0.00,0.00,0.00,0.00,-3.89,-3.56,7.32,-0.27,-0.48,1.66
61.5088,9.01,0.82,3.68,1.25,0.23,0.70,-39.81,2.62,-24.12,2.89,-4.33,9.24,0.46,-0.60,1.22,-6.93,-5.98,1.93,-1.12,-0.77,0.08,3.61,4.43,8.00,0.58,0.96,1.19,0.00,0.00,0.00,0.00,0.00,0.00,-3.75,-3.58,7.15,-0.33,-0.48,1.66
61.508815,9.01,0.75,3.90,1.37,0.19,0.74,-39.81,2.62,-24.12,3.06,-4.16,9.42,0.46,-0.55,1.28,-7.04,-5.91,1.91,-1.20,-0.77,0.14,3.59,4.63,7.90,0.57,0.97,1.18,0.00,0.00,0.00,0.00,0.00,0.00,-3.50,-3.67,6.74,-0.25,-0.48,1.78
61.508828,8.93,0.67,4.02,1.37,0.18,0.79,-39.81,2.62,-24.12,2.90,-4.00,9.53,0.44,-0.51,1.34,-7.21,-5.94,1.78,-1.28,-0.81,0.17,3.51,4.83,8.04,0.56,0.97,1.18,0.00,0.00,0.00,0.00,0.00,0.00,-4.13,-3.00,7.38,-0.18,-0.49,1.89
61.50884,8.90,0.55,4.02,1.38,0.16,0.83,-39.81,2.62,-24.12,2.82,-3.91,9.55,0.42,-0.48,1.39,-7.17,-5.95,1.63,-1.33,-0.82,0.19,3.35,4.91,7.92,0.54,0.97,1.19,0.00,0.00,0.00,0.00,0.00,0.00,-4.94,-2.22,8.22,-0.40,-0.45,1.72
61.511621,8.86,0.32,4.09,1.41,0.10,0.83,-40.75,3.00,-20.25,2.56,-3.86,9.55,0.40,-0.49,1.44,-7.38,-5.93,1.55,-1.37,-0.87,0.21,3.33,5.07,7.99,0.52,0.95,1.23,0.00,0.00,0.00,0.00,0.00,0.00,-4.51,-2.76,7.33,-0.58,-0.43,1.59
61.511655,8.90,0.21,4.21,1.41,0.10,0.83,-40.31,1.06,-21.25,2.51,-3.83,9.59,0.40,-0.52,1.47,-7.38,-5.91,1.37,-1.39,-0.90,0.21,3.22,5.23,8.01,0.52,0.95,1.26,0.00,0.00,0.00,0.00,0.00,0.00,-3.89,-3.22,6.58,-0.49,-0.43,1.69
61.511671,8.90,0.21,4.32,1.41,0.10,0.83,-40.31,1.06,-21.25,2.35,-3.59,9.53,0.43,-0.56,1.48,-7.37,-5.91,1.20,-1.41,-0.90,0.23,3.08,5.37,7.99,0.52,0.96,1.26,0.00,0.00,0.00,0.00,0.00,0.00,-2.93,-3.98,5.09,-0.04,-0.51,2.14
61.511685,8.70,0.29,4.29,1.48,0.10,0.86,-40.31,1.06,-21.25,2.26,-3.48,9.85,0.43,-0.61,1.47,-7.36,-5.96,1.00,-1.42,-0.89,0.23,2.89,5.47,8.04,0.51,0.97,1.24,0.00,0.00,0.00,0.00,0.00,0.00,-3.79,-2.27,6.50,0.76,-0.75,2.88
61.511699,8.51,0.52,4.06,1.46,0.08,0.84,-40.31,1.06,-21.25,2.54,-3.50,9.74,0.42,-0.53,1.47,-7.23,-5.92,1.02,-1.43,-0.84,0.19,2.90,5.39,7.95,0.48,1.01,1.18,0.00,0.00,0.00,0.00,0.00,0.00,-5.80,1.00,10.75,0.34,-0.58,2.54
61.511712,8.44,0.40,4.13,1.34,0.06,0.90,-40.31,1.06,-21.25,2.47,-3.30,9.82,0.41,-0.47,1.51,-7.57,-5.88,1.24,-1.43,-0.83,0.13,3.09,5.49,7.97,0.43,1.02,1.17,0.00,0.00,0.00,0.00,0.00,0.00,-5.73,0.11,9.11,-0.41,-0.27,1.89
61.511724,8.51,0.10,4.44,1.31,-0.02,0.89,-40.31,1.06,-21.25,2.10,-3.38,9.51,0.37,-0.51,1.54,-7.53,-5.78,1.20,-1.41,-0.95,0.10,2.95,5.35,7.84,0.39,0.98,1.26,0.00,0.00,0.00,0.00,0.00,0.00,-5.27,-0.73,8.08,-0.65,-0.23,1.63
61.513289,8.79,0.29,4.32,1.48,-0.06,0.79,-41.56,1.44,-18.06,2.25,-3.52,9.25,0.39,-0.58,1.51,-7.28,-5.75,0.91,-1.36,-1.03,0.13,2.74,5.26,7.75,0.40,0.89,1.29,0.00,0.00,0.00,0.00,0.00,0.00,-4.96,-1.13,7.58,-0.86,-0.21,1.42
61.513305,8.74,0.32,4.44,1.48,-0.06,0.79,-41.56,1.44,-18.06,2.17,-3.35,9.59,0.44,-0.60,1.50,-7.16,-5.81,0.76,-1.33,-1.02,0.15,2.63,5.34,7.75,0.41,0.85,1.25,0.00,0.00,0.00,0.00,0.00,0.00,-4.54,-1.59,6.98,-0.82,-0.18,1.37
61.513315,8.70,0.17,4.44,1.42,0.11,0.74,-41.56,1.44,-18.06,2.04,-3.39,9.59,0.47,-0.57,1.46,-7.18,-5.95,0.66,-1.32,-0.96,0.18,2.49,5.40,7.87,0.42,0.82,1.19,0.00,0.00,0.00,0.00,0.00,0.00,-4.63,-1.57,7.00,-0.69,-0.14,1.41
61.513324,8.66,-0.21,4.36,1.34,0.12,0.74,-42.75,0.88,-14.88,1.52,-3.11,10.06,0.48,-0.54,1.41,-7.20,-6.11,0.68,-1.27,-0.91,0.20,2.39,5.53,8.03,0.40,0.80,1.14,0.00,0.00,0.00,0.00,0.00,0.00,-5.17,-1.33,7.23,-0.62,-0.11,1.43
61.513334,8.59,-0.13,4.32,1.34,0.12,0.74,-43.00,0.50,-16.25,1.58,-3.16,10.07,0.39,-0.54,1.33,-7.50,-6.33,0.62,-1.19,-0.91,0.15,2.38,5.58,8.31,0.33,0.77,1.13,0.00,0.00,0.00,0.00,0.00,0.00,-5.66,-1.08,7.55,-0.65,-0.16,1.35
61.520158,8.66,-0.06,4.29,1.28,-0.00,0.57,-43.00,0.50,-16.25,1.69,-3.36,9.86,0.33,-0.55,1.28,-7.42,-6.30,0.69,-1.09,-0.94,0.09,2.48,5.38,8.31,0.22,0.71,1.15,0.00,0.00,0.00,0.00,0.00,0.00,-5.38,-1.15,7.65,-0.77,-0.23,1.22
61.543438,8.90,0.06,4.36,1.29,0.01,0.55,-42.75,1.44,-15.56,1.89,-3.49,9.81,0.31,-0.53,1.24,-7.00,-6.21,0.81,-1.02,-0.94,0.06,2.44,5.23,8.11,0.14,0.66,1.13,0.00,0.00,0.00,0.00,0.00,0.00,-4.91,-1.68,7.12,-0.75,-0.23,1.18
61.564625,8.93,0.10,4.40,1.29,0.01,0.55,-43.38,1.81,-13.50,1.91,-3.51,9.79,0.31,-0.48,1.18,-7.05,-6.35,0.72,-0.96,-0.87,0.09,2.37,5.22,8.31,0.08,0.64,1.06,0.00,0.00,0.00,0.00,0.00,0.00,-4.99,-1.75,7.00,-0.65,-0.22,1.18
61.587557,8.70,-0.02,4.40,1.29,0.01,0.55,-43.88,0.44,-13.81,1.73,-3.32,10.09,0.29,-0.43,1.13,-7.24,-6.44,0.79,-0.87,-0.81,0.05,2.49,5.38,8.38,-0.02,0.62,0.98,0.00,0.00,0.00,0.00,0.00,0.00,-5.22,-1.28,7.54,-0.58,-0.24,1.16
61.611952,8.82,-0.02,4.52,1.07,-0.02,0.49,-44.19,0.44,-13.81,1.89,-3.41,9.97,0.25,-0.42,1.10,-7.40,-6.40,1.00,-0.82,-0.80,0.02,2.64,5.37,8.29,0.01,0.56,0.96,0.00,0.00,0.00,0.00,0.00,0.00,-5.16,-1.25,7.63,-0.63,-0.24,1.08
62.021265,8.90,0.06,4.55,1.07,-0.02,0.49,-44.19,0.44,-13.81,1.74,-3.41,9.96,0.24,-0.44,1.06,-7.13,-6.28,1.13,-0.76,-0.83,0.01,2.60,5.26,8.18,0.08,0.47,0.99,0.00,0.00,0.00,0.00,0.00,0.00,-5.09,-1.41,7.50,-0.63,-0.25,1.05
62.021292,8.93,0.21,4.55,1.10,-0.00,0.45,-44.19,0.44,-13.81,1.75,-3.39,9.94,0.24,-0.47,1.00,-6.99,-6.22,1.22,-0.75,-0.81,0.07,2.63,5.19,8.19,0.18,0.43,0.98,0.00,0.00,0.00,0.00,0.00,0.00,-4.93,-1.45,7.49,-0.61,-0.24,1.01
62.021306,8.74,0.29,4.63,0.96,0.09,0.42,-44.19,0.44,-13.81,2.00,-3.36,9.96,0.25,-0.46,0.92,-6.97,-6.17,1.21,-0.75,-0.75,0.13,2.70,5.13,8.18,0.25,0.42,0.93,0.00,0.00,0.00,0.00,0.00,0.00,-4.86,-1.40,7.42,-0.57,-0.22,0.96
62.021318,8.71,0.21,4.67,0.93,0.10,0.42,-44.19,0.44,-13.81,2.04,-3.26,10.03,0.26,-0.43,0.88,-7.15,-6.16,1.21,-0.76,-0.68,0.17,2.77,5.23,8.25,0.28,0.43,0.87,0.00,0.00,0.00,0.00,0.00,0.00,-4.80,-1.17,7.62,-0.56,-0.19,0.91
62.021329,8.59,0.21,4.71,0.93,0.10,0.42,-44.19,0.44,-13.81,2.05,-3.13,10.08,0.24,-0.38,0.85,-7.35,-6.16,1.17,-0.75,-0.65,0.16,2.79,5.38,8.29,0.27,0.43,0.83,0.00,0.00,0.00,0.00,0.00,0.00,-4.91,-1.16,7.43,-0.54,-0.17,0.87
62.02134,8.51,0.21,4.79,0.88,0.09,0.43,-44.19,0.44,-13.81,2.02,-3.09,10.05,0.22,-0.38,0.82,-7.47,-6.19,1.19,-0.72,-0.65,0.11,2.81,5.38,8.31,0.24,0.42,0.81,0.00,0.00,0.00,0.00,0.00,0.00,-4.99,-0.99,7.64,-0.53,-0.17,0.83
62.02135,8.55,0.17,4.75,0.84,0.04,0.38,-44.62,2.31,-11.00,1.93,-3.14,9.97,0.20,-0.37,0.79,-7.31,-6.15,1.25,-0.67,-0.65,0.07,2.80,5.28,8.21,0.21,0.40,0.80,0.00,0.00,0.00,0.00,0.00,0.00,-4.88,-1.19,7.45,-0.53,-0.19,0.78
62.021363,8.62,0.13,4.75,0.84,0.04,0.38,-45.25,2.81,-10.00,1.80,-3.21,9.87,0.20,-0.37,0.74,-7.27,-6.23,1.16,-0.62,-0.66,0.04,2.63,5.18,8.19,0.20,0.35,0.79,0.00,0.00,0.00,0.00,0.00,0.00,-4.88,-1.40,7.28,-0.48,-0.18,0.77
62.021373,8.71,0.17,4.71,0.84,0.04,0.38,-44.38,2.19,-10.00,1.91,-3.29,9.83,0.21,-0.36,0.69,-7.23,-6.27,1.17,-0.57,-0.67,0.03,2.62,5.07,8.22,0.18,0.30,0.75,0.00,0.00,0.00,0.00,0.00,0.00,-4.97,-1.29,7.44,-0.44,-0.21,0.73
62.021386,8.59,0.17,4.59,0.84,0.04,0.38,-45.31,3.25,-9.69,2.02,-3.17,10.04,0.21,-0.34,0.67,-7.16,-6.27,1.31,-0.55,-0.68,-0.02,2.83,5.20,8.28,0.16,0.29,0.72,0.00,0.00,0.00,0.00,0.00,0.00,-4.86,-1.12,7.67,-0.46,-0.21,0.67
62.021404,8.59,0.29,4.82,0.70,0.04,0.30,-45.31,3.25,-9.69,2.03,-3.17,10.01,0.19,-0.33,0.64,-7.02,-6.22,1.46,-0.53,-0.66,-0.05,2.95,5.21,8.17,0.14,0.30,0.68,0.00,0.00,0.00,0.00,0.00,0.00,-4.71,-1.30,7.52,-0.44,-0.19,0.63
62.021415,8.67,0.25,4.90,0.70,0.04,0.30,-45.00,3.31,-10.38,2.12,-3.19,9.98,0.19,-0.32,0.61,-6.89,-6.15,1.51,-0.53,-0.62,0.03,3.00,5.18,8.11,0.18,0.29,0.67,0.00,0.00,0.00,0.00,0.00,0.00,-4.63,-1.23,7.66,-0.40,-0.18,0.63
62.021424,8.67,0.36,4.90,0.70,0.05,0.28,-45.00,3.31,-10.38,2.19,-3.15,9.98,0.19,-0.31,0.59,-6.98,-6.18,1.51,-0.53,-0.55,0.09,3.04,5.22,8.17,0.21,0.29,0.64,0.00,0.00,0.00,0.00,0.00,0.00,-4.65,-1.15,7.75,-0.39,-0.16,0.62
62.021435,8.51,0.40,4.82,0.64,0.05,0.26,-45.00,3.31,-10.38,2.23,-3.10,10.02,0.18,-0.30,0.57,-7.08,-6.17,1.62,-0.54,-0.49,0.12,3.10,5.23,8.18,0.21,0.30,0.61,0.00,0.00,0.00,0.00,0.00,0.00,-4.48,-1.22,7.63,-0.37,-0.13,0.61
62.023036,8.55,0.44,4.90,0.64,0.05,0.26,-45.56,2.25,-8.56,2.30,-3.12,9.96,0.18,-0.28,0.55,-7.01,-6.11,1.66,-0.53,-0.45,0.12,3.12,5.18,8.09,0.21,0.31,0.58,0.00,0.00,0.00,0.00,0.00,0.00,-4.42,-1.17,7.67,-0.34,-0.10,0.60
62.023054,8.59,0.40,4.94,0.64,0.05,0.26,-45.62,3.25,-9.00,2.35,-3.07,9.99,0.19,-0.24,0.52,-7.06,-6.10,1.57,-0.52,-0.40,0.13,3.03,5.21,8.04,0.22,0.31,0.54,0.00,0.00,0.00,0.00,0.00,0.00,-4.43,-1.23,7.51,-0.29,-0.07,0.60
62.023065,8.51,0.32,5.05,0.52,0.09,0.31,-45.62,3.25,-9.00,2.18,-2.98,10.01,0.19,-0.20,0.50,-7.11,-6.08,1.46,-0.52,-0.34,0.15,2.94,5.28,8.01,0.23,0.29,0.48,0.00,0.00,0.00,0.00,0.00,0.00,-4.62,-1.11,7.52,-0.21,-0.04,0.61
62.023074,8.48,0.21,5.09,0.49,0.11,0.29,-45.62,3.25,-9.00,2.10,-2.88,10.06,0.20,-0.17,0.47,-7.19,-6.06,1.42,-0.50,-0.31,0.16,2.91,5.39,8.01,0.23,0.27,0.45,0.00,0.00,0.00,0.00,0.00,0.00,-4.77,-0.85,7.71,-0.21,-0.02,0.58
62.028019,8.36,0.21,5.13,0.49,0.11,0.29,-45.69,4.06,-7.56,2.07,-2.74,10.16,0.19,-0.16,0.44,-7.33,-6.04,1.41,-0.48,-0.30,0.14,2.94,5.54,8.02,0.22,0.27,0.43,0.00,0.00,0.00,0.00,0.00,0.00,-4.88,-0.73,7.67,-0.24,-0.02,0.53
62.046217,8.25,0.17,5.25,0.49,0.11,0.29,-45.69,4.06,-7.56,2.00,-2.70,10.14,0.17,-0.15,0.42,-7.31,-6.01,1.29,-0.46,-0.29,0.12,2.83,5.57,7.99,0.21,0.27,0.41,0.00,0.00,0.00,0.00,0.00,0.00,-4.86,-0.77,7.58,-0.24,-0.01,0.49
62.067635,8.36,0.17,5.28,0.42,0.07,0.24,-45.69,4.06,-7.56,1.88,-2.68,10.15,0.17,-0.12,0.38,-7.26,-6.02,1.06,-0.43,-0.24,0.12,2.72,5.65,8.03,0.20,0.28,0.35,0.00,0.00,0.00,0.00,0.00,0.00,-4.92,-0.87,7.39,-0.22,0.01,0.45
62.08916,8.32,0.02,5.44,0.34,0.11,0.23,-45.69,4.06,-7.56,1.74,-2.58,10.28,0.17,-0.08,0.32,-7.30,-6.08,0.89,-0.40,-0.19,0.12,2.45,5.73,7.95,0.19,0.27,0.28,0.00,0.00,0.00,0.00,0.00,0.00,-5.14,-0.89,7.24,-0.15,0.04,0.41
62.110578,8.32,-0.13,5.48,0.26,0.12,0.21,-45.69,4.06,-7.56,1.50,-2.52,10.30,0.17,-0.06,0.25,-7.38,-6.11,0.81,-0.35,-0.14,0.12,2.37,5.81,7.98,0.18,0.22,0.22,0.00,0.00,0.00,0.00,0.00,0.00,-5.24,-0.84,7.19,-0.06,0.04,0.38
62.531521,8.24,-0.21,5.48,0.21,0.13,0.16,-45.69,4.06,-7.56,1.57,-2.43,10.40,0.15,-0.06,0.18,-7.48,-6.07,0.82,-0.29,-0.10,0.11,2.43,5.95,8.01,0.16,0.17,0.18,0.00,0.00,0.00,0.00,0.00,0.00,-5.31,-0.55,7.44,-0.00,0.03,0.35
62.531549,8.12,-0.09,5.59,0.17,0.12,0.12,-46.06,5.62,-8.00,1.61,-2.31,10.58,0.12,-0.03,0.12,-7.62,-6.10,0.79,-0.24,-0.05,0.06,2.45,6.10,8.06,0.12,0.17,0.12,0.00,0.00,0.00,0.00,0.00,0.00,-5.54,-0.28,7.67,-0.04,0.06,0.26
62.531563,8.16,-0.13,5.63,0.17,0.12,0.12,-45.69,4.69,-9.06,1.53,-2.35,10.49,0.08,-0.00,0.08,-7.62,-6.11,0.69,-0.20,-0.02,0.02,2.36,6.09,8.05,0.08,0.15,0.09,0.00,0.00,0.00,0.00,0.00,0.00,-5.54,-0.45,7.48,-0.06,0.06,0.18
62.531575,8.29,-0.17,5.63,0.17,0.12,0.12,-45.69,4.69,-9.06,1.41,-2.41,10.39,0.06,-0.00,-0.00,-7.50,-6.13,0.66,-0.12,0.01,0.01,2.23,5.99,8.01,0.05,0.08,0.03,0.00,0.00,0.00,0.00,0.00,0.00,-5.50,-0.65,7.29,-0.03,0.05,0.09
62.531588,8.32,-0.09,5.51,-0.06,0.06,-0.04,-45.69,4.69,-9.06,1.37,-2.41,10.42,0.05,0.01,-0.10,-7.41,-6.16,0.67,-0.05,0.07,-0.00,2.21,5.96,8.01,0.03,0.03,-0.04,0.00,0.00,0.00,0.00,0.00,0.00,-5.30,-0.81,7.13,0.05,0.06,0.03
62.5316,8.28,-0.02,5.44,-0.06,0.06,-0.04,-46.06,5.12,-7.94,1.46,-2.46,10.41,0.03,0.03,-0.21,-7.45,-6.18,0.72,0.01,0.13,-0.03,2.28,5.97,8.07,0.01,-0.01,-0.11,0.00,0.00,0.00,0.00,0.00,0.00,-5.34,-0.58,7.44,0.14,0.07,-0.01
62.531615,8.28,-0.06,5.44,-0.06,0.06,-0.04,-45.75,5.19,-9.06,1.59,-2.44,10.50,0.00,0.05,-0.30,-7.58,-6.23,0.85,0.05,0.19,-0.07,2.47,6.03,8.19,-0.01,-0.03,-0.17,0.00,0.00,0.00,0.00,0.00,0.00,-5.40,-0.39,7.70,0.10,0.10,-0.10
62.531625,8.21,0.02,5.40,-0.06,0.06,-0.04,-45.94,3.31,-9.31,1.57,-2.44,10.56,-0.06,0.03,-0.37,-7.53,-6.23,1.04,0.11,0.20,-0.12,2.58,5.88,8.15,-0.07,-0.05,-0.20,0.00,0.00,0.00,0.00,0.00,0.00,-5.31,-0.57,7.57,0.11,0.09,-0.16
62.531637,8.40,0.10,5.32,-0.29,-0.05,-0.15,-45.94,3.31,-9.31,1.99,-2.81,10.14,-0.08,0.01,-0.43,-7.27,-6.17,1.22,0.15,0.21,-0.13,2.65,5.55,8.01,-0.11,-0.08,-0.22,0.00,0.00,0.00,0.00,0.00,0.00,-5.13,-0.69,7.64,0.10,0.07,-0.21
62.531649,8.55,0.06,5.13,-0.29,-0.05,-0.15,-45.75,4.50,-6.88,1.74,-2.75,10.11,-0.05,-0.02,-0.50,-7.12,-6.19,1.30,0.17,0.24,-0.12,2.68,5.42,8.03,-0.11,-0.12,-0.25,0.00,0.00,0.00,0.00,0.00,0.00,-4.77,-0.85,7.65,0.09,0.08,-0.25
62.531661,8.59,0.21,5.02,-0.29,-0.05,-0.15,-46.19,2.94,-10.69,1.02,-2.41,10.78,-0.11,-0.12,-0.67,-7.17,-6.36,1.29,0.19,0.28,-0.12,2.66,5.52,8.20,-0.10,-0.15,-0.29,0.00,0.00,0.00,0.00,0.00,0.00,-4.91,-0.99,7.53,0.11,0.11,-0.28
62.531673,8.48,0.25,4.90,-0.29,-0.05,-0.15,-46.19,2.94,-10.69,1.49,-2.43,10.77,-0.28,-0.18,-0.88,-7.35,-6.49,1.35,0.25,0.29,-0.16,2.71,5.66,8.21,-0.08,-0.13,-0.31,0.00,0.00,0.00,0.00,0.00,0.00,-5.15,-0.87,7.67,0.14,0.09,-0.32
62.531684,8.74,-0.13,5.09,-0.34,-0.11,-0.21,-46.19,2.94,-10.69,2.73,-3.19,9.91,-0.36,-0.11,-0.95,-7.17,-6.14,1.72,0.28,0.24,-0.16,3.19,5.15,8.10,-0.06,-0.17,-0.26,0.00,0.00,0.00,0.00,0.00,0.00,-4.65,-0.97,7.66,0.15,0.02,-0.30
62.531695,8.82,-0.09,5.05,-0.34,-0.11,-0.21,-45.44,4.69,-9.75,3.13,-3.30,9.96,-0.45,0.03,-0.89,-6.88,-5.83,2.03,0.21,0.20,-0.08,3.39,4.86,7.70,0.03,-0.17,-0.19,0.00,0.00,0.00,0.00,0.00,0.00,-3.97,-1.09,7.67,0.17,-0.01,-0.17
62.533705,8.86,-0.09,5.02,-0.19,-0.02,-0.15,-45.44,4.69,-9.75,3.16,-3.52,9.46,-0.42,0.09,-0.84,-6.86,-6.03,1.65,0.12,0.22,0.01,3.07,5.11,7.97,0.13,-0.13,-0.19,0.00,0.00,0.00,0.00,0.00,0.00,-4.16,-1.04,7.75,0.21,0.05,-0.05
62.53373,8.55,0.94,5.05,-0.10,0.12,-0.07,-46.25,3.88,-9.69,2.37,-2.85,10.19,-0.36,0.25,-0.89,-7.08,-6.40,1.18,0.10,0.38,0.01,2.57,5.76,8.12,0.17,-0.10,-0.35,0.00,0.00,0.00,0.00,0.00,0.00,-4.63,-0.87,7.67,0.21,0.20,-0.16
62.533744,8.24,0.79,5.09,-0.10,0.12,-0.07,-45.06,4.19,-10.75,2.09,-2.61,10.39,-0.44,0.26,-1.14,-7.31,-6.35,1.21,0.14,0.52,-0.07,2.77,5.91,8.28,0.10,-0.14,-0.48,0.00,0.00,0.00,0.00,0.00,0.00,-4.72,-0.72,7.63,0.26,0.27,-0.26
62.533758,8.40,0.13,5.13,-0.10,0.12,-0.07,-45.62,3.81,-11.12,3.52,-3.28,9.83,-0.49,0.39,-1.22,-7.28,-5.99,1.55,0.13,0.59,-0.12,3.21,5.59,8.05,0.07,-0.06,-0.53,0.00,0.00,0.00,0.00,0.00,0.00,-4.24,-0.78,7.55,0.31,0.30,-0.25
62.533772,8.63,0.32,5.25,-0.54,0.07,0.11,-45.62,3.81,-11.12,3.73,-3.30,10.01,-0.40,0.54,-1.01,-7.12,-6.13,1.20,0.07,0.66,-0.09,2.68,5.61,7.92,0.09,-0.00,-0.61,0.00,0.00,0.00,0.00,0.00,0.00,-4.76,-0.80,7.53,0.40,0.41,-0.16
62.546267,8.51,0.02,5.25,-0.62,0.17,0.10,-45.62,3.81,-11.12,3.45,-3.16,10.28,-0.35,0.65,-0.86,-7.25,-6.32,0.93,0.09,0.72,-0.08,2.46,5.85,8.10,0.07,-0.00,-0.70,0.00,0.00,0.00,0.00,0.00,0.00,-5.32,-0.53,7.65,0.41,0.44,-0.23
62.567805,8.24,-0.06,5.13,-0.75,0.19,0.05,-45.62,3.81,-11.12,2.82,-2.78,10.80,-0.46,0.79,-0.74,-7.60,-6.49,0.78,0.15,0.76,-0.13,2.37,6.23,8.20,-0.02,0.02,-0.76,0.00,0.00,0.00,0.00,0.00,0.00,-5.68,-0.23,7.76,0.37,0.46,-0.37
62.589568,8.25,-0.29,5.36,-0.84,0.08,-0.03,-45.62,3.81,-11.12,2.75,-3.38,10.05,-0.51,0.87,-0.69,-7.58,-6.30,0.84,0.19,0.76,-0.19,2.48,6.10,8.04,-0.12,-0.04,-0.79,0.00,0.00,0.00,0.00,0.00,0.00,-5.32,-0.18,7.81,0.30,0.47,-0.48
62.613347,8.66,-0.71,5.51,-0.85,0.01,-0.02,-45.38,4.81,-12.19,1.81,-3.09,10.54,-0.46,0.90,-0.71,-7.61,-6.30,0.85,0.18,0.77,-0.21,2.42,6.20,8.13,-0.16,-0.05,-0.76,0.00,0.00,0.00,0.00,0.00,0.00,-5.32,-0.38,7.54,0.30,0.51,-0.46
63.03833,8.36,-0.29,5.48,-0.85,0.01,-0.02,-45.25,7.25,-11.25,1.93,-3.05,10.70,-0.51,0.95,-0.85,-7.75,-6.50,0.57,0.22,0.79,-0.26,2.23,6.45,8.25,-0.23,-0.09,-0.77,0.00,0.00,0.00,0.00,0.00,0.00,-5.67,-0.32,7.56,0.31,0.50,-0.51
63.041365,8.59,-0.44,5.44,-0.85,0.01,-0.02,-45.25,7.25,-11.25,2.84,-3.57,10.49,-0.55,1.04,-0.82,-7.54,-6.40,0.56,0.23,0.84,-0.29,2.37,6.20,8.24,-0.31,-0.08,-0.84,0.00,0.00,0.00,0.00,0.00,0.00,-5.38,-0.49,7.42,0.36,0.52,-0.54
63.041396,8.66,-0.75,5.44,-0.94,-0.05,0.08,-45.25,7.25,-11.25,2.78,-3.80,10.45,-0.57,1.16,-0.61,-7.43,-6.26,0.64,0.18,0.88,-0.27,2.38,6.00,8.11,-0.34,0.01,-0.92,0.00,0.00,0.00,0.00,0.00,0.00,-5.37,-0.40,7.39,0.40,0.57,-0.50
63.04141,8.70,-1.17,5.48,-0.94,-0.05,0.08,-46.00,9.81,-12.06,1.95,-4.11,9.83,-0.50,1.17,-0.54,-7.48,-6.31,0.42,0.11,0.91,-0.25,2.15,6.06,8.15,-0.31,0.12,-0.92,0.00,0.00,0.00,0.00,0.00,0.00,-5.47,-0.33,7.45,0.41,0.61,-0.45
63.041427,8.75,-1.05,5.44,-0.94,-0.05,0.08,-46.25,9.00,-14.50,1.37,-4.17,9.83,-0.37,1.08,-0.56,-7.32,-6.46,0.06,0.06,0.97,-0.21,1.64,6.00,8.07,-0.25,0.07,-0.96,0.00,0.00,0.00,0.00,0.00,0.00,-5.89,-0.40,7.37,0.40,0.66,-0.44
63.041443,8.82,-1.25,5.32,-0.89,0.10,0.19,-46.25,9.00,-14.50,0.91,-4.23,9.82,-0.26,1.03,-0.61,-7.27,-6.61,-0.29,0.07,1.00,-0.14,1.25,6.04,8.13,-0.18,-0.09,-1.00,0.00,0.00,0.00,0.00,0.00,0.00,-6.39,-0.48,7.11,0.37,0.69,-0.48
63.041455,8.74,-1.70,5.28,-0.91,0.18,0.12,-46.25,9.00,-14.50,0.06,-4.03,10.01,-0.16,0.96,-0.78,-7.45,-6.76,-0.47,0.14,0.99,-0.13,1.13,6.28,8.33,-0.08,-0.15,-1.00,0.00,0.00,0.00,0.00,0.00,0.00,-6.65,-0.60,6.70,0.41,0.66,-0.51
63.041573,8.63,-1.89,5.48,-0.91,0.18,0.12,-46.12,12.00,-15.00,0.77,-4.12,10.40,-0.10,0.92,-0.92,-7.47,-6.78,-0.66,0.19,0.96,-0.13,1.03,6.36,8.16,0.06,-0.18,-1.02,0.00,0.00,0.00,0.00,0.00,0.00,-6.70,-0.40,6.85,0.46,0.62,-0.54
63.041587,8.82,-1.82,5.67,-0.92,0.17,0.02,-46.12,12.00,-15.00,0.59,-4.05,10.73,-0.06,0.93,-0.95,-7.58,-6.86,-0.94,0.20,1.00,-0.11,0.89,6.58,8.50,0.15,-0.22,-1.10,0.00,0.00,0.00,0.00,0.00,0.00,-6.72,-0.44,6.84,0.50,0.65,-0.56
63.041602,8.93,-1.86,5.82,-1.01,0.20,0.05,-46.12,12.00,-15.00,0.17,-3.78,11.23,-0.07,0.94,-1.05,-7.90,-7.09,-1.28,0.25,1.09,-0.14,0.82,7.03,9.08,0.07,-0.23,-1.15,0.00,0.00,0.00,0.00,0.00,0.00,-7.19,-0.33,6.84,0.57,0.67,-0.59
63.041618,8.86,-1.97,5.86,-1.01,0.20,0.05,-45.81,12.06,-16.44,0.06,-3.70,11.55,-0.12,0.94,-1.19,-8.20,-7.30,-1.41,0.32,1.17,-0.23,0.82,7.43,9.28,-0.05,-0.18,-1.17,0.00,0.00,0.00,0.00,0.00,0.00,-7.61,-0.06,7.07,0.61,0.69,-0.67
63.04163,8.86,-2.28,5.82,-1.01,0.20,0.05,-45.12,14.94,-16.88,0.77,-4.17,11.54,-0.22,0.97,-1.20,-8.16,-7.45,-1.43,0.38,1.22,-0.34,0.74,7.16,9.07,-0.21,-0.10,-1.25,0.00,0.00,0.00,0.00,0.00,0.00,-7.93,0.15,7.62,0.58,0.72,-0.80
63.041645,9.28,-2.66,5.74,-1.01,0.20,0.05,-45.12,14.94,-16.88,0.42,-4.52,11.39,-0.25,0.98,-1.09,-8.11,-7.61,-1.37,0.39,1.20,-0.33,0.65,6.98,9.25,-0.27,-0.09,-1.28,0.00,0.00,0.00,0.00,0.00,0.00,-8.04,-0.18,7.42,0.45,0.73,-0.88
63.041657,9.62,-3.24,5.55,-1.29,0.03,-0.01,-45.12,14.94,-16.88,-0.05,-4.46,11.75,-0.34,0.93,-1.00,-8.32,-7.98,-1.65,0.43,1.12,-0.36,0.39,7.29,9.64,-0.36,-0.03,-1.25,0.00,0.00,0.00,0.00,0.00,0.00,-8.76,-0.26,7.06,0.41,0.67,-0.93
63.044136,9.25,-3.50,5.51,-1.23,-0.17,-0.16,-46.50,17.50,-15.56,-0.21,-4.37,12.22,-0.46,0.91,-0.96,-8.04,-8.33,-2.43,0.48,1.09,-0.49,-0.36,7.50,9.92,-0.47,0.07,-1.27,0.00,0.00,0.00,0.00,0.00,0.00,-8.60,-0.77,6.56,0.40,0.66,-1.06
63.044156,9.36,-2.89,5.40,-1.23,-0.17,-0.16,-46.12,17.12,-17.69,0.02,-4.92,11.60,-0.58,1.06,-0.96,-7.57,-8.32,-2.64,0.56,1.19,-0.57,-0.92,6.89,9.43,-0.59,0.05,-1.45,0.00,0.00,0.00,0.00,0.00,0.00,-8.47,-1.29,6.16,0.50,0.74,-1.17
63.044172,9.55,-3.12,5.25,-1.71,-0.14,-0.19,-46.56,19.06,-18.12,-0.20,-6.00,9.79,-0.53,1.15,-0.95,-7.07,-7.99,-2.09,0.61,1.20,-0.48,-0.81,5.88,9.08,-0.63,-0.14,-1.52,0.00,0.00,0.00,0.00,0.00,0.00,-8.36,-1.87,5.50,0.70,0.72,-1.11
63.044184,8.86,-3.85,4.21,-1.46,0.02,-0.29,-46.56,19.06,-18.12,-1.34,-5.15,10.61,-0.42,0.97,-0.99,-7.43,-8.28,-1.86,0.62,1.07,-0.35,-0.49,6.28,9.83,-0.66,-0.30,-1.33,0.00,0.00,0.00,0.00,0.00,0.00,-8.72,-0.85,6.27,0.92,0.50,-0.89
63.044198,8.48,-3.31,4.13,-1.22,-0.12,-0.40,-46.56,19.06,-18.12,-0.61,-5.07,10.66,-0.50,0.81,-1.00,-7.33,-8.32,-1.84,0.68,0.98,-0.45,-0.40,6.07,9.93,-0.84,-0.28,-1.21,0.00,0.00,0.00,0.00,0.00,0.00,-9.31,0.20,7.41,0.63,0.36,-1.06
63.049104,8.82,-3.24,4.29,-1.24,-0.39,-0.42,-46.56,19.06,-18.12,-0.19,-5.30,10.01,-0.58,0.77,-0.92,-6.68,-8.01,-1.98,0.71,0.99,-0.49,-0.83,5.51,9.23,-1.15,-0.24,-1.23,0.00,0.00,0.00,0.00,0.00,0.00,-8.24,-1.01,6.15,0.39,0.27,-1.30
63.066103,9.20,-2.82,4.21,-1.34,-0.47,-0.44,-46.56,19.06,-18.12,-0.26,-5.79,9.00,-0.49,0.82,-0.90,-5.44,-7.41,-1.74,0.73,1.03,-0.32,-0.91,4.43,8.40,-1.14,-0.48,-1.34,0.00,0.00,0.00,0.00,0.00,0.00,-7.57,-1.83,5.60,0.37,0.22,-1.38
63.090757,9.31,-2.70,3.41,-1.34,-0.47,-0.44,-46.69,20.56,-18.19,-0.84,-5.25,9.70,-0.36,0.84,-1.03,-5.84,-7.75,-1.99,0.79,1.13,-0.11,-1.03,4.83,9.02,-0.87,-0.53,-1.43,0.00,0.00,0.00,0.00,0.00,0.00,-7.29,-2.32,4.95,0.56,0.20,-1.36
63.111255,9.01,-2.62,3.64,-1.34,-0.47,-0.44,-46.69,20.56,-18.19,-0.79,-5.08,9.91,-0.34,0.84,-1.17,-6.48,-7.92,-1.82,0.87,1.17,-0.11,-0.71,5.26,9.45,-0.72,-0.59,-1.49,0.00,0.00,0.00,0.00,0.00,0.00,-7.51,-1.49,5.90,0.72,0.16,-1.39
63.132632,8.93,-2.74,3.68,-1.57,0.06,-0.58,-46.69,20.56,-18.19,-0.29,-5.22,9.79,-0.34,0.83,-1.35,-6.92,-7.89,-1.44,0.95,1.15,-0.25,-0.04,5.22,9.74,-0.66,-0.72,-1.46,0.00,0.00,0.00,0.00,0.00,0.00,-7.30,-0.78,6.98,0.57,0.23,-1.53
63.55182,9.12,-3.20,3.52,-1.43,-0.20,-0.44,-45.12,19.75,-16.38,0.82,-5.99,9.03,-0.32,0.81,-1.33,-6.41,-7.51,-0.74,0.86,1.10,-0.38,0.53,4.23,9.53,-0.71,-0.53,-1.33,0.00,0.00,0.00,0.00,0.00,0.00,-6.12,-1.38,6.91,0.38,0.31,-1.48
63.551852,9.67,-2.51,2.98,-1.43,-0.20,-0.44,-45.12,19.75,-16.38,0.28,-5.92,8.94,-0.25,0.83,-1.24,-5.56,-7.63,-1.07,0.78,1.10,-0.33,-0.24,3.59,9.11,-0.69,-0.44,-1.30,0.00,0.00,0.00,0.00,0.00,0.00,-6.46,-2.53,5.93,0.31,0.44,-1.39
63.551866,9.47,-2.28,2.79,-1.31,0.13,-0.42,-45.12,19.75,-16.38,-0.38,-5.60,8.93,-0.15,0.86,-1.29,-5.05,-7.71,-1.51,0.83,1.14,-0.19,-0.79,3.41,9.00,-0.60,-0.49,-1.37,0.00,0.00,0.00,0.00,0.00,0.00,-6.69,-2.83,5.52,0.36,0.45,-1.42
63.551879,8.97,-1.97,2.71,-1.51,0.32,-0.52,-45.12,19.75,-16.38,0.22,-5.25,9.08,-0.12,0.92,-1.43,-5.21,-7.52,-1.28,0.92,1.25,-0.14,-0.54,3.58,8.60,-0.54,-0.61,-1.53,0.00,0.00,0.00,0.00,0.00,0.00,-6.24,-2.25,5.75,0.33,0.54,-1.62
63.55189,8.17,-1.97,2.71,-1.70,0.26,-0.42,-45.25,21.94,-19.00,1.33,-5.32,8.60,-0.15,1.05,-1.36,-5.12,-6.91,-0.32,0.87,1.28,-0.11,0.46,3.16,7.97,-0.44,-0.80,-1.60,0.00,0.00,0.00,0.00,0.00,0.00,-5.42,-1.72,6.67,0.17,0.72,-1.76
63.551901,8.55,-1.59,2.60,-1.57,0.21,-0.28,-45.25,21.94,-19.00,1.08,-5.21,8.10,-0.11,1.07,-1.23,-4.72,-6.58,-0.06,0.82,1.26,0.01,0.74,2.81,7.89,-0.23,-0.96,-1.62,0.00,0.00,0.00,0.00,0.00,0.00,-5.63,-1.78,6.68,-0.17,0.88,-1.97
63.551916,8.21,-1.28,2.45,-1.45,0.44,-0.33,-45.25,21.94,-19.00,0.91,-4.98,7.74,-0.06,1.06,-1.14,-4.58,-6.42,-0.01,0.83,1.26,0.09,0.96,2.75,8.00,-0.04,-0.92,-1.59,0.00,0.00,0.00,0.00,0.00,0.00,-5.83,-1.66,6.59,-0.67,0.97,-2.36
63.551928,7.98,-1.21,2.26,-1.45,0.44,-0.33,-44.56,24.88,-20.50,0.88,-5.04,7.11,0.04,0.98,-1.16,-4.31,-6.20,0.17,0.89,1.26,0.17,0.99,2.46,7.58,0.16,-0.83,-1.55,0.00,0.00,0.00,0.00,0.00,0.00,-5.13,-2.22,5.88,-1.07,0.96,-2.64
63.551939,7.98,-1.09,2.30,-1.42,0.71,-0.49,-44.56,24.88,-20.50,1.44,-5.18,6.65,0.19,0.96,-1.13,-4.18,-5.89,0.35,0.89,1.26,0.33,1.07,2.25,6.98,0.35,-0.90,-1.52,0.00,0.00,0.00,0.00,0.00,0.00,-4.26,-2.40,5.77,-1.43,0.93,-2.80
63.55195,7.74,-1.21,2.49,-1.37,0.88,-0.45,-44.56,24.88,-20.50,1.38,-4.84,7.13,0.31,0.96,-1.08,-4.67,-5.89,0.44,0.85,1.24,0.45,1.55,2.73,7.42,0.46,-0.91,-1.47,0.00,0.00,0.00,0.00,0.00,0.00,-3.42,-3.12,4.79,-1.67,0.92,-2.81
63.551976,7.74,-1.21,2.49,-1.29,0.93,-0.39,-42.75,24.38,-22.62,1.63,-4.33,8.25,0.30,0.93,-1.00,-5.50,-6.09,0.62,0.76,1.21,0.40,2.16,3.55,8.07,0.44,-0.77,-1.37,0.00,0.00,0.00,0.00,0.00,0.00,-2.61,-3.84,3.93,-1.60,0.90,-2.58
63.551988,7.06,-1.02,2.83,-1.29,0.93,-0.39,-42.94,27.44,-24.50,1.90,-4.03,9.17,0.10,1.01,-0.82,-6.00,-6.33,0.43,0.58,1.24,0.10,2.25,4.18,8.50,0.24,-0.37,-1.29,0.00,0.00,0.00,0.00,0.00,0.00,-2.04,-4.23,4.41,-1.50,1.04,-2.18
63.551998,7.40,-1.36,3.10,-1.29,0.93,-0.39,-42.94,27.44,-24.50,1.53,-4.67,8.27,-0.02,1.05,-0.69,-5.52,-6.16,0.29,0.46,1.26,-0.02,1.66,3.56,7.72,0.14,-0.17,-1.27,0.00,0.00,0.00,0.00,0.00,0.00,-2.58,-5.62,3.22,-1.28,1.16,-1.76
63.55201,8.32,-2.20,3.33,-1.25,0.22,0.15,-42.94,27.44,-24.50,0.73,-5.34,7.18,0.08,0.99,-0.58,-5.22,-6.20,0.12,0.36,1.16,0.11,1.43,3.07,7.83,0.18,-0.15,-1.16,0.00,0.00,0.00,0.00,0.00,0.00,-3.62,-6.37,2.42,-0.98,1.02,-1.35
63.553726,8.55,-2.62,2.95,-0.96,0.46,0.07,-42.94,27.44,-24.50,-0.04,-4.97,8.03,0.17,0.80,-0.54,-5.75,-6.68,-0.13,0.31,0.96,0.20,1.27,3.55,8.41,0.22,-0.12,-0.94,0.00,0.00,0.00,0.00,0.00,0.00,-4.38,-6.52,2.38,-0.64,0.75,-1.02
63.553755,7.94,-2.47,3.10,-0.56,0.31,-0.06,-42.94,27.44,-24.50,0.20,-4.81,9.06,0.11,0.63,-0.45,-6.05,-7.15,-0.64,0.25,0.74,0.10,0.95,4.16,9.01,0.11,-0.10,-0.73,0.00,0.00,0.00,0.00,0.00,0.00,-4.30,-6.17,3.27,-0.33,0.52,-0.78
63.55377,8.36,-2.66,3.06,-0.66,0.12,0.08,-42.94,27.44,-24.50,0.23,-4.98,9.43,-0.01,0.64,-0.37,-5.63,-7.31,-1.05,0.19,0.75,0.00,0.44,4.00,8.96,0.01,-0.03,-0.71,0.00,0.00,0.00,0.00,0.00,0.00,-4.25,-6.49,3.22,-0.34,0.56,-0.67
63.553785,8.59,-3.20,3.06,-0.73,0.10,0.15,-41.31,29.88,-26.75,-0.30,-5.60,8.75,-0.08,0.67,-0.28,-5.52,-7.48,-1.22,0.13,0.77,-0.02,0.19,3.72,9.06,-0.05,0.05,-0.71,0.00,0.00,0.00,0.00,0.00,0.00,-4.44,-7.14,2.58,-0.28,0.57,-0.56
63.553796,8.90,-3.93,2.83,-0.60,0.13,0.15,-41.31,29.88,-26.75,-1.11,-5.90,8.50,-0.02,0.60,-0.28,-5.51,-7.77,-1.56,0.09,0.68,0.02,-0.29,3.67,9.23,-0.02,0.04,-0.63,0.00,0.00,0.00,0.00,0.00,0.00,-5.16,-7.28,2.55,-0.18,0.51,-0.37
63.568491,8.63,-3.89,2.98,-0.48,0.17,0.09,-41.31,29.88,-26.75,-1.06,-5.74,9.23,-0.03,0.54,-0.23,-5.84,-8.01,-1.88,0.06,0.57,-0.02,-0.37,4.06,9.67,-0.04,0.01,-0.54,0.00,0.00,0.00,0.00,0.00,0.00,-5.18,-7.39,2.51,-0.14,0.47,-0.27
63.589876,8.63,-3.89,2.98,-0.46,0.09,0.10,-41.56,33.06,-25.19,-1.45,-5.60,9.64,-0.11,0.55,-0.19,-5.93,-8.23,-2.17,0.05,0.53,-0.11,-0.61,4.27,9.92,-0.10,0.06,-0.51,0.00,0.00,0.00,0.00,0.00,0.00,-5.77,-7.23,2.83,-0.16,0.45,-0.26
63.613157,8.78,-4.12,3.18,-0.46,0.09,0.10,-41.81,33.25,-27.25,-1.83,-5.90,8.94,-0.20,0.54,-0.18,-5.65,-8.11,-2.15,0.08,0.46,-0.16,-0.84,3.92,9.53,-0.14,0.05,-0.47,0.00,0.00,0.00,0.00,0.00,0.00,-5.78,-7.79,2.12,-0.15,0.39,-0.27
63.634165,8.93,-4.27,3.06,-0.46,0.09,0.10,-41.94,35.25,-27.31,-2.04,-6.17,8.10,-0.12,0.41,-0.24,-5.36,-7.87,-2.01,0.11,0.36,-0.09,-0.74,3.57,9.28,-0.10,-0.01,-0.38,0.00,0.00,0.00,0.00,0.00,0.00,-5.25,-7.95,1.66,0.01,0.32,-0.18
64.061881,8.78,-4.23,2.83,-0.46,0.09,0.10,-41.94,35.25,-27.31,-1.83,-5.80,8.37,-0.05,0.25,-0.28,-5.44,-7.75,-1.88,0.12,0.25,-0.05,-0.46,3.73,9.34,-0.03,0.01,-0.27,0.00,0.00,0.00,0.00,0.00,0.00,-4.88,-7.46,2.01,0.15,0.30,-0.04
64.061908,8.28,-3.89,2.79,-0.16,0.05,-0.10,-41.94,35.25,-27.31,-1.13,-5.60,8.32,-0.05,0.12,-0.25,-5.46,-7.46,-1.59,0.11,0.11,-0.10,-0.18,3.74,9.10,-0.01,0.06,-0.15,0.00,0.00,0.00,0.00,0.00,0.00,-4.86,-6.83,2.36,0.24,0.31,0.11
64.061923,7.06,-2.85,2.60,-0.02,-0.15,-0.04,-41.94,35.25,-27.31,-0.86,-4.90,8.83,-0.13,0.07,-0.14,-5.54,-7.42,-1.76,0.06,0.05,-0.24,-0.16,4.08,9.22,-0.11,0.20,-0.05,0.00,0.00,0.00,0.00,0.00,0.00,-5.08,-5.97,2.88,0.08,0.27,0.08
64.061935,6.79,-2.74,2.60,-0.13,-0.36,-0.01,-41.94,35.25,-27.31,-0.74,-4.61,8.53,-0.29,0.05,-0.02,-5.55,-7.32,-1.73,0.05,-0.02,-0.48,-0.19,4.17,9.10,-0.28,0.37,0.03,0.00,0.00,0.00,0.00,0.00,0.00,-5.04,-5.73,2.70,-0.02,0.30,-0.00
64.061948,6.55,-2.70,2.33,-0.19,-0.58,-0.05,-41.94,35.25,-27.31,-0.40,-4.44,8.20,-0.45,0.02,0.12,-5.50,-7.25,-1.71,0.08,-0.15,-0.75,-0.36,4.25,8.92,-0.51,0.52,0.14,0.00,0.00,0.00,0.00,0.00,0.00,-4.62,-5.98,1.89,-0.03,0.36,-0.09
64.061976,6.45,-2.66,2.30,-0.19,-0.58,-0.05,-41.94,35.25,-27.31,0.36,-4.82,7.44,-0.58,0.02,0.35,-4.80,-6.86,-1.49,0.15,-0.28,-0.96,-0.55,3.50,7.77,-0.75,0.47,0.24,0.00,0.00,0.00,0.00,0.00,0.00,-4.34,-6.04,1.59,0.12,0.42,-0.05
64.061989,7.63,-3.01,1.72,-0.16,-0.94,-0.21,-42.75,33.25,-25.50,0.87,-5.85,5.15,-0.47,-0.10,0.79,-3.13,-5.88,-0.59,0.14,-0.40,-0.85,-0.24,1.52,6.38,-0.72,0.04,0.36,0.00,0.00,0.00,0.00,0.00,0.00,-3.92,-5.99,1.51,0.19,0.22,0.05
64.062002,8.20,-3.04,1.41,0.18,-0.58,-0.17,-42.75,33.25,-25.50,-0.22,-5.90,5.30,-0.16,-0.24,1.07,-2.46,-5.69,-0.30,-0.02,-0.44,-0.55,0.02,1.03,6.48,-0.35,-0.13,0.47,0.00,0.00,0.00,0.00,0.00,0.00,-3.06,-5.77,2.00,0.02,-0.03,0.09
64.062016,7.64,-2.55,1.41,0.43,-0.07,0.01,-42.75,33.25,-25.50,-2.86,-4.18,7.48,-0.15,-0.26,0.81,-3.40,-6.83,-1.22,-0.11,-0.38,-0.38,-0.64,2.81,7.71,-0.12,-0.03,0.47,0.00,0.00,0.00,0.00,0.00,0.00,-3.55,-5.86,1.87,-0.06,-0.05,0.10
64.062028,6.56,-1.36,1.64,0.43,-0.07,0.01,-43.31,32.25,-23.69,-1.90,-4.16,8.22,-0.34,-0.22,0.49,-4.25,-7.58,-1.59,0.01,-0.28,-0.52,-0.77,3.55,8.44,-0.16,-0.05,0.37,0.00,0.00,0.00,0.00,0.00,0.00,-3.82,-6.32,1.57,-0.01,0.07,0.03
64.062039,7.59,-2.74,1.99,0.43,-0.07,0.01,-43.81,32.38,-24.38,-1.32,-4.93,7.87,-0.49,-0.15,0.30,-4.18,-7.53,-1.33,0.09,-0.22,-0.69,-0.36,3.04,8.58,-0.37,0.03,0.27,0.00,0.00,0.00,0.00,0.00,0.00,-3.23,-7.10,0.88,0.27,0.17,0.16
64.06205,8.29,-3.01,2.14,-0.35,-0.71,0.01,-43.81,32.38,-24.38,-0.59,-5.75,7.34,-0.44,-0.07,0.33,-3.72,-7.21,-1.12,0.03,-0.13,-0.74,-0.23,2.59,8.36,-0.46,0.20,0.16,0.00,0.00,0.00,0.00,0.00,0.00,-3.52,-6.48,1.78,0.57,0.23,0.42
64.062063,8.48,-3.27,2.18,-0.35,-0.71,0.01,-43.88,32.12,-20.81,-0.66,-5.82,7.11,-0.26,0.00,0.46,-3.53,-7.17,-1.30,-0.09,-0.02,-0.72,-0.50,2.63,8.15,-0.41,0.42,0.07,0.00,0.00,0.00,0.00,0.00,0.00,-5.11,-4.91,3.87,0.33,0.32,0.36
64.062076,7.82,-3.89,2.22,-0.35,-0.71,0.01,-45.81,34.75,-20.94,-1.74,-5.73,7.18,-0.05,-0.10,0.58,-4.04,-7.69,-1.12,-0.17,-0.02,-0.64,-0.52,2.82,8.61,-0.38,0.47,0.08,0.00,0.00,0.00,0.00,0.00,0.00,-5.54,-6.29,2.27,0.02,0.29,0.28
64.064004,8.32,-4.12,1.80,-0.35,-0.71,0.01,-45.81,34.75,-20.94,-2.21,-5.76,7.33,-0.09,-0.15,0.61,-4.07,-8.09,-1.17,-0.15,-0.19,-0.57,-0.81,2.71,8.85,-0.39,0.45,0.20,0.00,0.00,0.00,0.00,0.00,0.00,-6.28,-6.32,2.43,-0.03,0.09,0.26
64.06402,8.51,-3.89,1.57,0.11,-0.46,0.08,-45.81,34.75,-20.94,-2.40,-6.00,7.20,-0.12,-0.26,0.57,-3.88,-8.14,-1.49,-0.11,-0.35,-0.50,-1.11,2.67,8.85,-0.38,0.36,0.33,0.00,0.00,0.00,0.00,0.00,0.00,-5.64,-6.78,1.89,-0.07,-0.10,0.21
64.064031,8.55,-4.00,2.07,0.24,-0.31,-0.06,-45.38,32.56,-18.75,-2.56,-5.83,7.41,0.01,-0.33,0.52,-3.64,-8.20,-1.95,-0.10,-0.39,-0.38,-1.64,2.75,8.74,-0.30,0.25,0.36,0.00,0.00,0.00,0.00,0.00,0.00,-4.95,-7.35,1.06,0.19,-0.14,0.45
64.06404,8.82,-4.16,1.41,0.24,-0.31,-0.06,-46.88,32.69,-18.06,-2.41,-6.26,7.22,0.09,-0.45,0.46,-3.63,-8.41,-1.49,-0.07,-0.47,-0.28,-1.27,2.46,9.03,-0.24,0.14,0.40,0.00,0.00,0.00,0.00,0.00,0.00,-6.62,-6.33,2.50,0.29,-0.29,0.54
64.064051,8.82,-4.16,1.41,0.24,-0.31,-0.06,-46.88,32.69,-18.06,-2.21,-6.46,6.96,0.22,-0.75,0.56,-3.74,-8.44,-0.80,-0.09,-0.67,-0.18,-0.69,2.12,9.21,-0.15,0.01,0.63,0.00,0.00,0.00,0.00,0.00,0.00,-6.28,-6.31,2.82,0.06,-0.53,0.41
64.064062,8.66,-3.31,1.38,0.85,-0.20,-0.22,-46.25,32.31,-19.06,-1.93,-6.12,7.46,0.30,-0.95,0.60,-3.58,-8.60,-1.42,-0.12,-0.86,-0.14,-1.11,2.62,9.45,-0.06,0.06,0.86,0.00,0.00,0.00,0.00,0.00,0.00,-5.11,-6.63,2.37,0.04,-0.65,0.47
64.085491,8.51,-3.08,1.84,0.77,-0.18,-0.18,-46.25,32.31,-19.06,-1.79,-5.76,7.93,0.50,-1.00,0.62,-3.39,-8.73,-1.99,-0.13,-0.73,-0.16,-1.67,2.94,9.21,-0.03,0.11,0.73,0.00,0.00,0.00,0.00,0.00,0.00,-4.71,-6.79,2.09,0.14,-0.48,0.57
64.106602,8.67,-3.31,1.80,0.42,-0.14,-0.10,-46.25,32.31,-19.06,-2.13,-5.55,8.19,0.60,-1.07,0.49,-3.60,-8.98,-1.66,-0.10,-0.55,-0.17,-1.55,2.94,9.41,-0.05,0.08,0.55,0.00,0.00,0.00,0.00,0.00,0.00,-4.86,-7.30,1.56,0.40,-0.39,0.78
64.130169,9.36,-3.66,1.38,0.24,-0.17,-0.08,-46.50,31.38,-18.31,-1.81,-5.90,7.93,0.78,-1.29,0.49,-3.62,-8.91,-1.06,-0.06,-0.53,-0.17,-0.97,2.56,9.59,-0.06,0.06,0.51,0.00,0.00,0.00,0.00,0.00,0.00,-5.65,-6.52,2.85,0.69,-0.47,1.04
64.150978,9.36,-3.66,1.41,0.24,-0.17,-0.08,-46.50,31.38,-18.31,-1.34,-5.71,8.08,0.90,-1.29,0.44,-3.48,-8.65,-0.91,-0.07,-0.56,-0.09,-0.81,2.36,9.29,0.02,0.06,0.57,0.00,0.00,0.00,0.00,0.00,0.00,-6.50,-5.20,4.58,0.49,-0.48,0.93
64.572257,8.97,-3.39,1.68,0.50,-0.03,-0.17,-46.50,31.38,-18.31,-0.94,-5.33,8.76,0.93,-1.23,0.48,-3.89,-8.61,-0.85,-0.12,-0.58,0.01,-0.69,2.77,9.09,0.06,0.01,0.61,0.00,0.00,0.00,0.00,0.00,0.00,-6.28,-5.40,3.90,0.21,-0.45,0.71
64.572301,8.55,-3.16,1.99,0.61,-0.01,-0.18,-46.50,31.38,-18.31,-0.49,-5.04,8.38,1.02,-1.24,0.59,-3.99,-8.68,-0.89,-0.15,-0.59,0.04,-0.75,3.03,9.24,0.05,-0.06,0.62,0.00,0.00,0.00,0.00,0.00,0.00,-5.79,-5.72,3.64,0.16,-0.44,0.66
64.572315,9.13,-2.97,2.11,0.56,-0.08,-0.18,-47.44,27.44,-16.69,-0.51,-4.40,9.33,1.17,-1.29,0.67,-4.01,-8.77,-0.78,-0.12,-0.60,0.10,-0.62,3.05,9.48,0.05,-0.11,0.60,0.00,0.00,0.00,0.00,0.00,0.00,-5.77,-6.11,3.22,0.29,-0.50,0.80
64.572328,8.93,-2.93,1.84,0.56,-0.08,-0.18,-47.44,27.44,-16.69,-0.71,-4.07,9.59,1.00,-1.23,0.62,-4.05,-8.56,-0.48,-0.06,-0.66,0.15,-0.43,2.91,9.22,0.07,-0.16,0.66,0.00,0.00,0.00,0.00,0.00,0.00,-6.30,-5.49,3.57,0.44,-0.68,0.93
64.572342,8.44,-2.89,1.80,0.77,-0.03,-0.39,-46.75,26.56,-19.50,-0.23,-4.43,8.18,0.97,-1.13,0.54,-3.89,-8.26,-0.30,-0.01,-0.78,0.20,-0.28,2.76,8.89,0.08,-0.25,0.78,0.00,0.00,0.00,0.00,0.00,0.00,-6.50,-4.65,4.26,0.39,-0.84,0.87
64.572366,8.48,-2.59,1.91,0.87,-0.02,-0.41,-46.75,26.56,-19.50,0.49,-4.13,8.02,1.37,-1.37,0.69,-3.82,-8.11,-0.34,-0.01,-0.83,0.26,-0.16,2.86,8.85,0.11,-0.27,0.84,0.00,0.00,0.00,0.00,0.00,0.00,-5.65,-4.60,4.29,0.22,-0.89,0.72
64.572385,8.48,-2.51,1.80,0.86,-0.00,-0.35,-46.75,26.56,-19.50,0.57,-3.43,8.74,1.59,-1.48,0.81,-3.92,-8.26,-0.34,-0.03,-0.82,0.27,-0.12,2.96,9.01,0.11,-0.24,0.84,0.00,0.00,0.00,0.00,0.00,0.00,-5.50,-4.77,4.11,0.19,-0.87,0.73
64.572398,8.51,-2.59,1.41,0.83,-0.04,-0.32,-46.75,26.56,-19.50,-0.02,-2.93,9.65,1.55,-1.45,0.84,-3.80,-8.37,-0.39,-0.01,-0.87,0.26,-0.32,2.89,9.00,0.08,-0.24,0.88,0.00,0.00,0.00,0.00,0.00,0.00,-5.81,-4.81,3.97,0.18,-0.89,0.74
64.57241,8.59,-2.43,1.76,0.86,-0.09,-0.41,-46.75,26.56,-19.50,-0.17,-2.73,9.81,1.33,-1.35,0.73,-3.41,-8.18,-0.68,0.06,-0.88,0.27,-0.68,2.70,8.68,0.07,-0.29,0.88,0.00,0.00,0.00,0.00,0.00,0.00,-5.95,-4.74,3.86,0.19,-0.93,0.66
64.572423,8.67,-2.59,2.07,0.80,-0.02,-0.49,-46.75,26.56,-19.50,-0.13,-2.42,10.19,1.07,-1.18,0.57,-3.32,-8.15,-1.01,0.09,-0.76,0.32,-0.94,2.82,8.60,0.12,-0.33,0.77,0.00,0.00,0.00,0.00,0.00,0.00,-5.70,-4.57,4.07,0.16,-0.84,0.52
64.572435,8.44,-2.70,1.91,0.62,0.15,-0.44,-46.75,26.56,-19.50,-0.39,-2.18,10.32,0.71,-0.98,0.40,-3.60,-8.38,-0.89,0.15,-0.66,0.35,-0.97,2.85,8.60,0.15,-0.43,0.66,0.00,0.00,0.00,0.00,0.00,0.00,-6.12,-4.84,3.58,0.20,-0.75,0.45
64.572447,8.67,-3.43,1.03,0.82,0.11,-0.75,-46.75,26.56,-19.50,-0.87,-3.09,9.38,0.36,-1.07,0.32,-3.54,-8.28,-0.11,0.28,-0.84,0.44,-0.36,2.15,8.62,0.23,-0.69,0.82,0.00,0.00,0.00,0.00,0.00,0.00,-6.75,-4.87,3.74,0.28,-1.01,0.49
64.57246,9.51,-3.08,1.30,0.82,0.11,-0.75,-46.75,26.56,-19.50,-0.84,-3.56,9.36,0.15,-1.38,0.23,-3.02,-8.36,-0.34,0.32,-0.98,0.61,-0.46,1.95,8.88,0.34,-0.82,0.97,0.00,0.00,0.00,0.00,0.00,0.00,-5.70,-5.57,3.80,0.26,-1.23,0.49
64.572471,10.36,-1.82,1.91,1.17,0.29,-0.87,-46.75,26.56,-19.50,0.44,-3.13,10.57,0.01,-1.47,-0.08,-2.98,-8.94,-1.10,0.33,-0.75,0.78,-0.83,2.73,9.67,0.51,-0.83,0.73,0.00,0.00,0.00,0.00,0.00,0.00,-4.64,-6.37,3.63,0.43,-1.11,0.49
64.574019,10.58,-1.70,2.37,0.76,0.65,-0.73,-46.75,26.56,-19.50,1.11,-2.76,11.64,-0.13,-1.16,-0.34,-4.03,-9.52,-1.01,0.30,-0.33,0.82,-0.48,3.63,10.44,0.58,-0.71,0.33,0.00,0.00,0.00,0.00,0.00,0.00,-5.48,-5.57,4.85,0.67,-0.85,0.53
64.574033,10.54,-3.46,2.75,0.00,0.69,-0.40,-46.75,26.56,-19.50,1.03,-3.01,11.87,-0.31,-0.86,-0.50,-5.44,-9.96,-0.21,0.28,-0.13,0.74,0.12,4.16,10.64,0.53,-0.64,0.15,0.00,0.00,0.00,0.00,0.00,0.00,-7.67,-4.15,7.03,0.56,-0.60,0.38
64.574045,11.00,-3.58,2.91,0.00,0.69,-0.40,-45.00,13.62,-18.94,1.12,-3.20,12.65,-0.50,-0.69,-0.59,-5.87,-10.09,0.09,0.27,-0.19,0.73,0.42,4.40,10.85,0.65,-0.65,0.15,0.00,0.00,0.00,0.00,0.00,0.00,-7.51,-4.86,6.78,0.40,-0.60,0.25
64.574055,11.77,-3.31,3.33,0.00,0.69,-0.40,-45.00,13.62,-18.94,1.01,-3.11,13.13,-0.73,-0.56,-0.71,-6.06,-10.24,-0.31,0.25,-0.18,0.75,0.23,4.81,11.15,0.74,-0.63,0.13,0.00,0.00,0.00,0.00,0.00,0.00,-7.26,-5.32,6.48,0.44,-0.56,0.26
64.574064,11.77,-2.78,3.71,0.35,0.55,-0.44,-45.00,13.62,-18.94,1.42,-3.22,12.52,-0.90,-0.24,-1.00,-6.47,-10.18,-0.34,0.28,-0.13,0.76,0.52,5.30,11.51,0.76,-0.63,0.08,0.00,0.00,0.00,0.00,0.00,0.00,-7.79,-4.86,6.71,0.56,-0.56,0.26
64.577692,11.35,-2.82,3.87,0.21,0.62,-0.45,-45.00,13.62,-18.94,2.35,-3.06,12.29,-0.93,0.01,-1.03,-6.72,-9.85,0.05,0.32,-0.15,0.75,0.91,5.40,11.00,0.73,-0.64,0.09,0.00,0.00,0.00,0.00,0.00,0.00,-7.90,-4.07,7.41,0.54,-0.65,0.17
64.596259,10.54,-2.12,3.83,0.26,0.48,-0.51,-45.00,13.62,-18.94,3.24,-3.67,11.48,-1.04,0.06,-0.98,-6.79,-9.17,0.79,0.32,-0.18,0.71,1.82,5.28,10.51,0.68,-0.58,0.13,0.00,0.00,0.00,0.00,0.00,0.00,-6.67,-3.51,8.13,0.35,-0.69,0.02
64.620285,10.36,-1.21,3.94,0.36,0.48,-0.40,-42.94,9.62,-21.25,3.91,-3.67,11.08,-1.00,0.39,-0.73,-6.53,-8.60,0.95,0.22,-0.17,0.69,2.10,5.36,10.29,0.68,-0.44,0.11,0.00,0.00,0.00,0.00,0.00,0.00,-5.18,-3.72,7.77,0.21,-0.54,0.03
64.641804,9.93,-0.06,4.02,0.22,0.54,-0.24,-42.94,9.62,-21.25,3.18,-3.43,10.90,-0.89,0.61,-0.72,-6.49,-8.33,0.81,0.16,0.04,0.61,1.94,5.67,9.89,0.60,-0.36,-0.04,0.00,0.00,0.00,0.00,0.00,0.00,-4.62,-3.78,7.30,0.25,-0.27,0.02
64.66348,9.59,-0.02,4.13,0.22,0.54,-0.24,-42.50,7.62,-22.19,3.03,-3.55,10.36,-0.76,0.82,-0.79,-6.78,-7.87,1.33,0.13,0.23,0.51,2.40,5.59,9.19,0.52,-0.30,-0.17,0.00,0.00,0.00,0.00,0.00,0.00,-4.93,-3.34,7.41,0.38,-0.10,0.06
65.082166,9.51,-1.05,4.13,0.22,0.54,-0.24,-42.75,7.12,-21.50,3.37,-3.87,10.05,-0.64,0.84,-0.78,-7.02,-7.55,1.70,0.07,0.20,0.48,2.81,5.42,9.17,0.51,-0.23,-0.14,0.00,0.00,0.00,0.00,0.00,0.00,-5.41,-2.72,8.06,0.32,-0.11,0.10
65.082207,9.32,-1.02,4.25,0.07,0.45,-0.10,-42.75,7.12,-21.50,3.35,-3.82,10.05,-0.49,0.65,-0.57,-7.24,-7.51,1.68,0.03,0.10,0.44,2.87,5.78,9.17,0.44,-0.18,-0.02,0.00,0.00,0.00,0.00,0.00,0.00,-5.21,-2.49,8.12,0.17,-0.17,0.08
65.082223,9.09,-0.59,4.32,0.21,0.37,-0.13,-42.75,7.12,-21.50,3.33,-3.73,10.31,-0.36,0.53,-0.38,-7.28,-7.50,1.48,-0.01,0.04,0.33,2.77,5.99,9.13,0.33,-0.11,0.03,0.00,0.00,0.00,0.00,0.00,0.00,-4.77,-2.60,7.96,0.10,-0.13,0.10
65.082234,9.32,-0.59,4.32,0.21,0.37,-0.13,-42.50,7.75,-23.31,2.83,-3.73,10.65,-0.34,0.54,-0.29,-6.93,-7.43,1.34,-0.06,0.06,0.20,2.53,5.73,8.94,0.24,-0.03,0.01,0.00,0.00,0.00,0.00,0.00,0.00,-4.71,-2.95,7.61,0.06,-0.02,0.12
65.082249,9.47,-0.59,4.25,0.21,0.37,-0.13,-42.50,7.75,-23.31,2.58,-3.89,10.47,-0.42,0.63,-0.25,-6.73,-7.34,1.41,-0.09,0.08,0.18,2.48,5.43,8.79,0.21,0.02,-0.01,0.00,0.00,0.00,0.00,0.00,0.00,-4.79,-3.21,7.27,0.10,0.01,0.17
65.082261,9.51,-0.86,4.17,0.02,0.18,0.06,-42.50,7.75,-23.31,2.41,-4.07,10.33,-0.57,0.75,-0.31,-6.82,-7.48,1.35,-0.11,0.05,0.19,2.31,5.51,8.76,0.14,-0.02,0.02,0.00,0.00,0.00,0.00,0.00,0.00,-5.28,-2.79,7.67,0.11,-0.01,0.20
65.082274,9.17,-0.90,4.09,0.09,0.16,0.06,-42.50,7.75,-23.31,2.52,-4.64,9.67,-0.47,0.60,-0.14,-6.84,-7.42,1.30,-0.12,-0.00,0.20,2.36,5.55,8.77,0.02,-0.08,0.05,0.00,0.00,0.00,0.00,0.00,0.00,-5.29,-2.65,7.86,0.01,-0.04,0.17
65.082287,9.55,-1.13,4.25,0.13,0.02,0.05,-42.50,7.75,-23.31,2.59,-4.99,9.43,-0.30,0.43,0.10,-6.36,-7.06,1.22,-0.17,0.01,0.24,2.35,5.09,8.46,0.01,-0.01,0.02,0.00,0.00,0.00,0.00,0.00,0.00,-4.81,-3.04,7.39,-0.08,-0.03,0.22
65.082297,9.66,-1.21,4.09,0.21,0.18,0.12,-42.50,7.75,-23.31,1.97,-5.22,8.91,-0.07,0.29,0.23,-6.05,-6.86,1.21,-0.30,0.07,0.38,2.26,4.79,8.42,0.12,0.09,-0.03,0.00,0.00,0.00,0.00,0.00,0.00,-4.36,-3.38,6.98,-0.10,0.01,0.31
65.082311,9.17,-0.79,3.98,0.21,0.18,0.12,-42.50,7.75,-23.31,1.01,-3.88,10.27,0.01,0.20,0.20,-6.50,-7.36,0.63,-0.35,0.19,0.48,1.64,5.57,8.75,0.18,0.14,-0.12,0.00,0.00,0.00,0.00,0.00,0.00,-5.33,-3.33,6.51,-0.00,0.05,0.35
65.082326,8.44,-0.90,4.21,0.03,0.22,0.09,-41.69,8.19,-24.38,1.47,-3.85,10.52,-0.16,0.25,0.09,-7.08,-7.38,0.70,-0.23,0.23,0.36,1.79,5.94,8.86,0.06,0.14,-0.14,0.00,0.00,0.00,0.00,0.00,0.00,-6.00,-2.39,7.41,0.01,-0.03,0.17
65.082338,8.86,-1.25,4.32,-0.05,-0.00,0.04,-41.69,8.19,-24.38,1.31,-4.47,9.75,-0.28,0.36,0.04,-7.13,-7.13,0.71,-0.18,0.21,0.26,1.79,5.78,8.55,-0.04,0.13,-0.09,0.00,0.00,0.00,0.00,0.00,0.00,-5.44,-2.56,7.30,-0.09,-0.04,0.05
65.08235,9.09,-1.17,4.55,0.00,-0.04,0.04,-41.69,8.19,-24.38,1.48,-5.07,8.95,-0.11,0.25,0.09,-6.71,-6.72,0.80,-0.18,0.17,0.28,1.72,5.17,8.06,-0.03,-0.04,-0.06,0.00,0.00,0.00,0.00,0.00,0.00,-5.15,-3.03,7.00,-0.10,-0.05,0.05
65.082361,9.31,-0.86,4.29,0.00,-0.04,0.04,-41.31,7.69,-24.75,0.53,-4.42,9.67,0.08,0.16,0.07,-6.61,-6.91,0.31,-0.17,0.18,0.40,1.38,5.48,8.36,0.10,-0.15,-0.08,0.00,0.00,0.00,0.00,0.00,0.00,-5.16,-3.38,6.48,-0.01,-0.04,0.09
65.083933,8.67,-0.44,4.25,0.05,0.32,-0.02,-41.31,7.69,-24.75,0.82,-3.67,10.90,0.00,0.18,-0.10,-7.18,-7.15,0.20,-0.10,0.24,0.35,1.52,6.06,8.78,0.10,-0.16,-0.15,0.00,0.00,0.00,0.00,0.00,0.00,-5.60,-2.60,7.21,0.04,-0.01,0.00
65.083952,8.32,-0.86,4.36,-0.18,0.22,-0.04,-41.31,7.69,-24.75,1.31,-4.10,10.42,-0.06,0.22,-0.16,-7.59,-7.06,0.30,-0.04,0.30,0.20,1.82,6.29,8.84,-0.02,-0.10,-0.21,0.00,0.00,0.00,0.00,0.00,0.00,-5.54,-2.17,7.61,-0.05,0.06,-0.16
65.083989,8.55,-1.25,4.63,-0.30,-0.03,0.01,-41.31,7.69,-24.75,1.42,-4.62,9.81,-0.07,0.25,-0.13,-6.98,-6.62,0.42,-0.05,0.32,0.13,1.70,5.56,8.14,-0.11,-0.12,-0.25,0.00,0.00,0.00,0.00,0.00,0.00,-5.17,-2.73,7.20,-0.12,0.10,-0.21
65.084034,9.82,-1.47,4.44,-0.30,-0.03,0.01,-41.12,9.31,-26.94,0.48,-4.88,9.14,0.09,0.24,-0.13,-6.47,-6.47,0.28,-0.09,0.35,0.30,1.54,4.97,8.15,0.04,-0.13,-0.28,0.00,0.00,0.00,0.00,0.00,0.00,-4.82,-3.75,6.13,-0.04,0.10,-0.12
65.084056,9.21,-1.21,4.17,-0.30,-0.03,0.01,-41.12,9.31,-26.94,0.46,-4.13,10.08,0.12,0.19,-0.26,-6.94,-6.88,-0.04,-0.05,0.37,0.36,1.32,5.60,8.56,0.10,-0.09,-0.32,0.00,0.00,0.00,0.00,0.00,0.00,-5.32,-3.32,6.44,0.12,0.09,-0.07
65.091515,8.55,-0.90,4.17,-0.19,0.38,-0.06,-41.12,9.31,-26.94,0.81,-4.27,10.20,-0.04,0.26,-0.41,-7.46,-6.82,0.14,0.01,0.39,0.25,1.80,6.00,8.78,0.05,-0.06,-0.35,0.00,0.00,0.00,0.00,0.00,0.00,-4.99,-2.75,7.02,0.20,0.12,-0.07
65.10864,8.40,-1.17,4.40,-0.33,0.18,-0.04,-41.12,9.31,-26.94,1.13,-4.73,9.67,-0.03,0.27,-0.38,-7.30,-6.35,0.58,-0.02,0.37,0.16,2.16,5.56,8.35,0.03,0.05,-0.31,0.00,0.00,0.00,0.00,0.00,0.00,-4.76,-2.49,7.45,0.17,0.17,0.00
65.137234,9.35,-2.01,4.59,0.16,0.29,0.14,-41.19,10.19,-25.88,0.91,-5.20,8.65,0.12,0.15,-0.29,-6.59,-5.93,0.78,-0.16,0.26,0.32,2.03,4.59,7.72,0.20,0.03,-0.17,0.00,0.00,0.00,0.00,0.00,0.00,-4.64,-3.37,6.53,0.13,0.10,0.24
65.15517,8.97,-0.90,4.29,0.16,0.29,0.14,-41.19,10.19,-25.88,0.75,-4.89,8.92,0.34,0.16,-0.31,-6.81,-6.24,0.36,-0.22,0.19,0.53,1.66,5.04,7.98,0.38,0.00,-0.11,0.00,0.00,0.00,0.00,0.00,0.00,-5.05,-3.31,6.30,0.24,-0.01,0.35
65.178145,8.97,-0.90,4.29,0.16,0.29,0.14,-41.19,10.19,-25.88,1.19,-4.79,9.20,0.45,0.15,-0.32,-7.43,-6.22,0.51,-0.24,0.10,0.57,2.08,5.55,8.22,0.42,-0.04,-0.03,0.00,0.00,0.00,0.00,0.00,0.00,-5.04,-2.32,7.30,0.29,-0.09,0.41
65.590186,8.51,-2.39,4.48,0.43,0.42,0.12,-39.56,8.19,-27.56,1.84,-5.25,8.58,0.54,-0.05,-0.10,-7.67,-5.59,1.38,-0.43,-0.13,0.56,3.10,5.15,8.01,0.48,0.08,0.25,0.00,0.00,0.00,0.00,0.00,0.00,-4.62,-2.16,7.38,0.17,-0.18,0.67
65.590224,8.59,-3.27,4.36,0.95,0.39,0.21,-39.56,8.19,-27.56,0.60,-5.64,6.92,0.72,-0.51,0.26,-8.04,-5.14,2.26,-0.68,-0.66,0.73,3.75,4.56,7.58,0.61,0.21,0.89,0.00,0.00,0.00,0.00,0.00,0.00,-5.89,-2.08,7.28,0.10,-0.59,1.15
65.590244,8.59,-3.70,4.17,2.13,0.42,-0.02,-39.56,8.19,-27.56,0.45,-5.18,7.02,0.99,-1.43,0.60,-8.25,-5.26,1.90,-0.88,-1.53,1.05,3.24,4.88,7.34,0.80,0.13,1.80,0.00,0.00,0.00,0.00,0.00,0.00,-6.62,-1.96,7.38,-0.08,-1.34,1.58
65.590255,8.44,-0.02,4.44,2.13,0.42,-0.02,-37.94,6.12,-28.56,1.94,-3.94,9.10,1.21,-1.89,0.78,-7.88,-5.59,0.56,-0.94,-2.06,1.26,2.42,5.88,7.67,0.93,0.00,2.28,0.00,0.00,0.00,0.00,0.00,0.00,-5.28,-2.12,7.15,-0.23,-1.81,1.69
65.590266,8.09,0.90,4.55,3.10,0.47,-0.46,-37.94,6.12,-28.56,2.56,-3.28,9.93,1.20,-1.93,0.86,-8.08,-5.60,0.51,-0.95,-2.11,1.25,2.47,6.36,7.66,0.93,-0.05,2.32,0.00,0.00,0.00,0.00,0.00,0.00,-4.42,-1.88,7.38,-0.24,-1.79,1.69
65.590277,7.78,0.29,4.55,2.61,0.39,-0.27,-37.94,6.12,-28.56,2.66,-3.02,10.01,1.09,-1.96,0.93,-8.47,-5.57,0.94,-0.93,-2.16,1.14,2.97,6.57,7.75,0.82,-0.14,2.38,0.00,0.00,0.00,0.00,0.00,0.00,-4.74,-1.48,7.72,-0.27,-1.81,1.67
65.590288,8.25,0.32,4.21,2.58,0.15,-0.30,-35.88,-3.06,-26.38,3.52,-3.48,9.21,1.02,-2.02,1.01,-7.77,-5.04,1.51,-0.99,-2.23,1.01,3.60,5.73,7.41,0.75,-0.10,2.45,0.00,0.00,0.00,0.00,0.00,0.00,-3.15,-1.89,7.68,-0.38,-1.83,1.69
65.591528,8.55,0.63,3.90,2.58,0.15,-0.30,-35.88,-3.06,-26.38,3.69,-3.40,9.22,1.05,-1.98,1.15,-7.30,-4.80,1.84,-1.11,-2.23,1.04,3.83,5.18,7.23,0.80,0.08,2.47,0.00,0.00,0.00,0.00,0.00,0.00,-2.81,-2.21,7.35,-0.39,-1.75,1.85
65.591545,8.21,0.71,3.60,2.72,0.25,-0.11,-35.88,-3.06,-26.38,3.70,-3.25,8.97,1.05,-2.07,1.33,-7.64,-4.85,2.21,-1.19,-2.31,1.07,4.21,5.34,7.41,0.81,0.23,2.60,0.00,0.00,0.00,0.00,0.00,0.00,-3.34,-1.76,7.78,-0.41,-1.80,1.97
65.591556,7.71,1.59,3.56,3.03,0.15,-0.20,-35.88,-3.06,-26.38,4.69,-3.06,9.12,1.00,-2.20,1.48,-7.81,-4.89,2.47,-1.24,-2.42,0.99,4.54,5.56,7.46,0.66,0.30,2.77,0.00,0.00,0.00,0.00,0.00,0.00,-2.77,-1.55,8.05,-0.52,-1.85,1.96
65.591566,7.94,2.62,3.56,3.03,0.15,-0.20,-34.50,-11.44,-19.69,6.35,-3.04,8.95,0.97,-2.11,1.62,-7.32,-4.73,2.64,-1.32,-2.34,0.84,4.58,5.25,6.99,0.57,0.34,2.71,0.00,0.00,0.00,0.00,0.00,0.00,-1.51,-1.60,8.43,-0.65,-1.72,1.87
65.591576,8.25,3.28,3.56,2.47,0.10,0.22,-34.50,-11.44,-19.69,6.32,-2.37,9.96,0.90,-1.83,1.79,-7.19,-4.81,2.77,-1.38,-2.13,0.72,4.67,5.35,7.07,0.51,0.41,2.46,0.00,0.00,0.00,0.00,0.00,0.00,-0.96,-1.84,8.24,-0.69,-1.40,1.77
65.591587,8.02,3.89,3.60,2.47,0.10,0.22,-33.88,-12.06,-19.00,6.35,-1.90,10.57,0.70,-1.49,1.86,-7.40,-4.84,3.21,-1.38,-1.81,0.51,5.17,5.55,7.29,0.40,0.53,2.12,0.00,0.00,0.00,0.00,0.00,0.00,-0.74,-1.51,8.75,-0.68,-1.07,1.61
65.591598,7.90,4.46,3.75,1.99,0.02,0.37,-33.88,-12.06,-19.00,6.13,-1.73,10.77,0.42,-1.16,1.85,-8.11,-4.56,4.60,-1.39,-1.56,0.24,6.69,5.52,7.65,0.19,0.73,1.92,0.00,0.00,0.00,0.00,0.00,0.00,-0.53,-0.96,9.63,-0.73,-0.81,1.52
65.594167,8.17,4.12,3.94,1.85,-0.50,0.58,-33.88,-12.06,-19.00,7.01,-2.21,9.91,0.09,-1.05,1.99,-8.59,-4.13,5.89,-1.47,-1.67,-0.03,7.78,5.13,7.03,0.02,0.81,2.06,0.00,0.00,0.00,0.00,0.00,0.00,-0.87,-0.36,10.66,-0.99,-0.81,1.53
65.594181,8.55,4.66,3.83,2.25,-0.72,0.56,-33.88,-12.06,-19.00,7.93,-2.70,9.21,-0.07,-1.12,2.25,-8.37,-3.66,6.56,-1.61,-1.92,-0.17,8.54,4.72,6.77,-0.04,0.93,2.31,0.00,0.00,0.00,0.00,0.00,0.00,0.20,-0.62,10.53,-1.28,-0.92,1.60
65.594191,8.66,4.96,3.68,2.53,-0.75,0.72,-33.88,-12.06,-19.00,7.67,-3.34,7.81,-0.05,-1.23,2.48,-8.00,-3.31,7.05,-1.81,-2.11,-0.17,8.88,4.10,6.32,-0.03,1.03,2.54,0.00,0.00,0.00,0.00,0.00,0.00,0.57,-0.82,10.48,-1.52,-0.99,1.84
65.594202,8.78,3.54,2.79,2.53,-0.75,0.72,-36.81,-13.88,-9.38,8.91,-4.14,6.83,0.15,-1.52,2.77,-8.07,-2.98,7.86,-2.11,-2.48,-0.03,9.76,3.56,6.15,0.09,1.08,3.00,0.00,0.00,0.00,0.00,0.00,0.00,0.64,-0.84,10.40,-1.78,-1.24,2.23
65.594215,8.79,3.85,2.45,3.60,-0.69,0.97,-36.81,-13.88,-9.38,8.67,-3.58,8.20,0.31,-1.72,3.15,-8.09,-3.45,7.13,-2.47,-2.89,0.06,9.29,4.07,6.64,0.20,1.27,3.47,0.00,0.00,0.00,0.00,0.00,0.00,0.63,-0.94,10.40,-2.03,-1.42,2.60
65.612937,8.97,5.00,2.14,4.16,-0.75,1.15,-36.81,-13.88,-9.38,6.68,-2.53,10.35,0.16,-1.76,3.30,-7.37,-4.82,4.80,-2.63,-2.91,-0.05,6.77,4.85,7.51,0.17,1.55,3.51,0.00,0.00,0.00,0.00,0.00,0.00,-0.44,-2.22,8.83,-2.21,-1.27,2.65
65.63023,9.09,5.65,2.07,3.78,-0.86,1.32,-36.81,-13.88,-9.38,5.32,-2.89,9.91,-0.09,-1.49,3.07,-6.45,-5.46,3.60,-2.50,-2.59,-0.22,5.25,4.40,7.47,0.07,1.63,3.18,0.00,0.00,0.00,0.00,0.00,0.00,-0.94,-3.17,7.77,-2.09,-1.04,2.47
65.655437,9.70,3.70,2.22,2.46,-0.68,1.28,-40.50,-10.12,5.62,4.96,-4.22,8.22,-0.10,-1.15,2.68,-5.27,-5.25,3.47,-2.31,-2.13,-0.20,4.75,3.07,6.95,0.13,1.56,2.70,0.00,0.00,0.00,0.00,0.00,0.00,-0.66,-3.95,7.06,-1.82,-0.76,2.25
65.672909,10.01,2.89,2.33,2.46,-0.68,1.28,-41.62,-6.12,6.94,5.24,-4.56,8.09,0.04,-0.93,2.55,-5.23,-5.38,3.52,-2.29,-1.84,-0.06,4.80,2.87,7.15,0.29,1.57,2.42,0.00,0.00,0.00,0.00,0.00,0.00,-0.57,-3.82,7.46,-1.62,-0.53,2.24
66.102091,9.77,2.74,2.30,2.46,-0.68,1.28,-41.62,-6.12,6.94,4.73,-4.50,8.37,0.16,-0.74,2.47,-5.85,-5.91,3.59,-2.28,-1.62,0.05,4.80,3.15,7.71,0.42,1.58,2.20,0.00,0.00,0.00,0.00,0.00,0.00,-1.93,-3.44,7.88,-1.51,-0.34,2.20
66.102136,9.62,2.05,2.33,2.29,-0.12,1.25,-42.81,-2.31,10.62,3.80,-4.57,8.53,0.24,-0.75,2.40,-6.43,-6.24,3.88,-2.19,-1.66,0.13,4.94,3.24,8.09,0.48,1.47,2.21,0.00,0.00,0.00,0.00,0.00,0.00,-3.07,-3.44,8.04,-1.48,-0.43,2.14
66.102149,9.81,1.93,2.37,2.29,-0.12,1.25,-43.56,0.69,11.56,3.74,-4.63,8.78,0.28,-0.86,2.30,-6.39,-6.45,3.52,-2.08,-1.76,0.21,4.62,3.47,8.22,0.50,1.33,2.28,0.00,0.00,0.00,0.00,0.00,0.00,-2.92,-3.65,8.03,-1.45,-0.59,2.08
66.102163,10.05,3.31,2.71,2.29,-0.12,1.25,-43.62,1.12,11.88,3.69,-4.45,9.27,0.32,-0.76,2.10,-5.76,-6.76,2.58,-1.92,-1.56,0.28,3.66,3.58,8.37,0.54,1.23,2.05,0.00,0.00,0.00,0.00,0.00,0.00,-2.12,-4.48,7.28,-1.26,-0.50,1.93
66.102177,10.01,3.24,2.56,1.81,0.08,0.96,-44.19,5.06,11.38,3.23,-4.49,9.28,0.34,-0.50,1.82,-5.64,-7.02,2.33,-1.72,-1.23,0.32,3.33,3.50,8.57,0.57,1.14,1.68,0.00,0.00,0.00,0.00,0.00,0.00,-2.75,-4.35,7.27,-0.97,-0.32,1.77
66.10219,9.39,1.74,2.33,1.81,0.08,0.96,-44.19,4.50,13.12,2.88,-4.60,9.16,0.33,-0.33,1.58,-5.86,-7.17,2.46,-1.54,-0.99,0.30,3.44,3.45,8.78,0.54,1.04,1.39,0.00,0.00,0.00,0.00,0.00,0.00,-3.11,-3.96,7.58,-0.83,-0.17,1.54
66.102201,9.39,1.74,2.33,1.26,0.14,0.81,-45.50,6.50,14.12,2.71,-4.72,8.92,0.31,-0.23,1.41,-5.70,-7.08,2.51,-1.40,-0.86,0.27,3.34,3.22,8.64,0.51,0.95,1.22,0.00,0.00,0.00,0.00,0.00,0.00,-3.19,-3.93,7.46,-0.78,-0.11,1.35
66.102212,9.36,1.71,2.37,1.26,0.14,0.81,-45.50,6.50,14.12,2.43,-4.73,8.77,0.31,-0.15,1.25,-5.48,-7.09,2.32,-1.25,-0.71,0.27,3.06,3.10,8.54,0.49,0.83,1.05,0.00,0.00,0.00,0.00,0.00,0.00,-3.20,-4.23,6.91,-0.71,-0.02,1.17
66.102224,9.05,1.32,2.14,0.98,0.20,0.65,-45.50,6.50,14.12,2.07,-4.77,8.58,0.30,-0.12,1.07,-5.38,-7.13,2.23,-1.08,-0.60,0.28,2.94,2.99,8.58,0.45,0.69,0.89,0.00,0.00,0.00,0.00,0.00,0.00,-3.27,-4.29,6.68,-0.58,-0.02,1.00
66.102252,9.09,1.32,2.11,0.86,0.19,0.54,-45.50,6.50,14.12,1.97,-4.83,8.50,0.29,-0.09,0.91,-5.25,-7.13,2.26,-0.93,-0.50,0.27,2.93,2.84,8.59,0.42,0.59,0.76,0.00,0.00,0.00,0.00,0.00,0.00,-3.20,-4.37,6.53,-0.44,-0.02,0.91
66.102263,9.05,1.32,2.03,0.73,0.20,0.45,-45.50,6.50,14.12,2.11,-4.76,8.70,0.28,-0.05,0.75,-5.31,-7.21,2.15,-0.80,-0.41,0.25,2.85,3.01,8.72,0.39,0.53,0.63,0.00,0.00,0.00,0.00,0.00,0.00,-3.28,-4.02,6.97,-0.40,-0.00,0.75
66.102275,9.05,1.74,2.56,0.61,0.22,0.38,-46.25,13.62,12.44,1.81,-4.47,9.17,0.21,0.07,0.55,-5.31,-7.41,1.59,-0.64,-0.18,0.16,2.31,3.37,8.85,0.30,0.46,0.35,0.00,0.00,0.00,0.00,0.00,0.00,-3.23,-4.32,6.62,-0.30,0.16,0.51
66.102286,9.20,1.82,2.64,0.61,0.22,0.38,-46.25,13.62,12.44,1.46,-4.36,9.41,0.14,0.23,0.30,-5.29,-7.60,1.17,-0.45,0.10,0.07,1.89,3.54,8.98,0.22,0.37,0.03,0.00,0.00,0.00,0.00,0.00,0.00,-3.53,-4.47,6.41,-0.15,0.33,0.26
66.102298,9.25,1.44,2.60,-0.21,0.18,0.31,-46.25,13.62,12.44,1.03,-4.38,9.50,0.07,0.42,-0.03,-5.17,-7.88,0.65,-0.21,0.47,-0.03,1.35,3.67,9.10,0.12,0.25,-0.37,0.00,0.00,0.00,0.00,0.00,0.00,-3.69,-4.82,6.11,0.06,0.56,-0.04
66.103949,9.59,1.40,2.52,-1.32,0.26,0.15,-46.25,13.62,12.44,0.77,-4.53,9.37,0.02,0.66,-0.46,-5.00,-8.02,0.21,0.12,0.96,-0.11,0.87,3.67,9.11,0.03,0.05,-0.95,0.00,0.00,0.00,0.00,0.00,0.00,-4.01,-5.17,5.79,0.34,0.88,-0.47
66.103977,9.59,1.36,2.49,-1.89,0.38,0.01,-46.25,13.62,12.44,0.49,-4.45,9.55,-0.02,0.85,-0.89,-5.10,-8.27,-0.17,0.47,1.42,-0.17,0.55,3.91,9.27,-0.05,-0.15,-1.48,0.00,0.00,0.00,0.00,0.00,0.00,-4.72,-5.02,6.07,0.61,1.15,-0.90
66.10399,9.62,1.52,2.33,-1.89,0.38,0.01,-46.25,13.62,12.44,0.52,-4.26,9.98,-0.12,1.00,-1.38,-5.81,-8.54,-0.16,0.93,1.92,-0.27,0.76,4.45,9.60,-0.20,-0.43,-2.10,0.00,0.00,0.00,0.00,0.00,0.00,-5.36,-4.92,6.22,0.78,1.38,-1.47
66.104002,9.78,0.90,2.30,-3.00,0.32,-0.41,-47.88,11.50,10.06,0.90,-4.58,9.66,-0.26,1.10,-1.84,-6.37,-8.25,0.51,1.39,2.21,-0.41,1.60,4.55,9.56,-0.40,-0.73,-2.52,0.00,0.00,0.00,0.00,0.00,0.00,-5.26,-4.93,6.34,1.02,1.48,-1.97
66.104013,10.16,0.82,2.52,-3.17,0.26,-0.63,-47.88,11.50,10.06,1.07,-4.62,9.66,-0.27,1.07,-2.17,-6.23,-8.23,-0.15,1.73,2.46,-0.47,1.15,4.87,9.46,-0.51,-0.95,-2.85,0.00,0.00,0.00,0.00,0.00,0.00,-4.77,-5.53,5.94,1.29,1.60,-2.25
66.104022,10.50,1.67,2.75,-3.17,0.26,-0.63,-46.62,6.56,8.50,0.96,-4.18,10.31,-0.20,1.31,-2.67,-5.94,-8.04,-1.28,2.18,2.97,-0.48,0.40,5.37,9.17,-0.57,-1.17,-3.47,0.00,0.00,0.00,0.00,0.00,0.00,-5.03,-5.96,5.21,1.74,1.91,-2.59
66.125729,11.04,2.09,2.68,-3.17,0.26,-0.63,-46.56,5.69,6.06,1.50,-4.25,9.88,-0.01,1.84,-3.35,-5.91,-7.42,-2.16,2.72,3.79,-0.40,-0.07,5.90,8.49,-0.50,-1.43,-4.47,0.00,0.00,0.00,0.00,0.00,0.00,-5.64,-5.46,5.32,2.19,2.38,-3.13
66.14707,10.93,1.48,2.41,-5.69,1.14,-1.07,-46.56,5.69,6.06,1.71,-3.75,10.11,0.24,2.36,-3.99,-6.73,-6.22,-1.72,3.16,4.49,-0.25,0.97,6.21,7.69,-0.33,-1.63,-5.27,0.00,0.00,0.00,0.00,0.00,0.00,-6.11,-4.75,5.03,2.56,2.82,-3.58
66.168512,10.43,0.36,2.30,-6.32,1.59,-1.19,-46.56,5.69,6.06,2.73,-3.50,10.01,0.43,3.04,-4.56,-8.17,-5.05,-0.50,3.33,4.79,-0.04,2.61,6.81,7.33,-0.11,-1.76,-5.55,0.00,0.00,0.00,0.00,0.00,0.00,-6.56,-2.51,6.32,2.78,3.01,-3.78
66.192523,8.78,-1.09,3.33,-5.83,1.74,-0.97,-44.38,-1.88,-8.06,4.09,-2.65,11.52,0.56,3.44,-4.63,-9.27,-5.03,-1.00,3.26,4.99,-0.04,2.74,8.49,7.77,-0.02,-1.70,-5.71,0.00,0.00,0.00,0.00,0.00,0.00,-5.07,-1.74,6.60,2.66,3.20,-3.76
66.611646,8.44,-0.55,3.64,-5.83,1.74,-0.97,-44.38,-1.88,-8.06,3.71,-1.61,13.20,0.40,4.01,-4.66,-9.42,-5.07,-2.24,3.09,5.46,-0.29,2.06,9.33,8.00,-0.08,-1.32,-6.14,0.00,0.00,0.00,0.00,0.00,0.00,-4.36,-2.44,5.18,2.87,3.90,-3.60
66.611676,8.44,-0.55,3.64,-5.83,1.74,-0.97,-44.38,-1.88,-8.06,2.37,-2.36,11.56,0.20,4.63,-4.74,-9.32,-4.65,-2.95,2.92,5.91,-0.43,1.24,8.72,7.24,-0.07,-0.97,-6.55,0.00,0.00,0.00,0.00,0.00,0.00,-6.68,-2.46,4.16,3.13,4.38,-3.14
66.611689,8.55,-5.88,4.09,-6.58,1.81,-0.04,-43.31,6.06,-18.94,-0.16,-3.24,8.87,0.47,4.58,-4.61,-8.93,-3.96,-3.22,2.74,5.81,-0.10,0.24,7.85,6.20,0.25,-1.09,-6.34,0.00,0.00,0.00,0.00,0.00,0.00,-10.62,-1.55,3.83,3.02,4.21,-2.94
66.611702,7.71,-4.69,4.63,-5.72,2.28,-0.32,-43.31,6.06,-18.94,-2.01,-1.83,9.96,0.76,4.23,-4.61,-9.15,-4.25,-4.69,2.76,5.59,0.26,-1.24,8.89,6.26,0.54,-1.30,-6.09,0.00,0.00,0.00,0.00,0.00,0.00,-10.82,-1.47,3.13,2.96,3.91,-2.97
66.611714,7.21,-3.89,4.94,-5.57,2.47,-0.69,-43.31,6.06,-18.94,-1.64,-1.09,10.88,0.91,4.02,-4.74,-9.92,-3.96,-4.67,2.88,5.41,0.47,-0.83,9.72,6.32,0.73,-1.46,-5.93,0.00,0.00,0.00,0.00,0.00,0.00,-10.61,-0.75,2.96,3.08,3.66,-2.95
66.611726,6.79,-4.96,5.05,-5.57,2.47,-0.69,-40.62,15.38,-30.00,-1.08,-1.29,10.73,0.96,3.75,-4.57,-10.58,-3.49,-3.45,2.79,5.04,0.56,0.30,9.57,6.27,0.81,-1.36,-5.54,0.00,0.00,0.00,0.00,0.00,0.00,-10.00,0.23,3.97,3.18,3.32,-2.62
66.611738,6.41,-6.42,5.82,-5.57,2.47,-0.69,-39.25,17.75,-31.56,-1.20,-1.07,10.54,1.00,3.19,-4.09,-10.50,-3.17,-3.00,2.48,4.41,0.64,0.53,9.38,6.10,0.86,-1.37,-4.83,0.00,0.00,0.00,0.00,0.00,0.00,-10.05,1.16,5.04,3.03,2.88,-2.14
66.61175,5.95,-5.46,6.47,-3.81,1.98,-0.64,-39.25,17.75,-31.56,-1.94,-0.17,11.00,1.00,2.74,-3.67,-10.33,-3.35,-3.69,2.26,3.86,0.70,-0.46,9.65,5.84,0.86,-1.34,-4.24,0.00,0.00,0.00,0.00,0.00,0.00,-10.59,1.30,5.15,2.80,2.51,-1.86
66.611762,5.75,-4.81,7.01,-3.35,1.79,-0.73,-39.25,17.75,-31.56,-2.96,0.29,10.61,1.02,2.35,-3.47,-10.07,-3.34,-4.07,2.27,3.39,0.78,-1.10,9.66,5.58,0.87,-1.45,-3.79,0.00,0.00,0.00,0.00,0.00,0.00,-11.73,1.40,5.13,2.53,2.07,-1.85
66.611778,5.98,-4.69,7.12,-2.75,1.69,-1.37,-34.62,28.88,-37.00,-2.65,0.57,10.58,1.05,1.78,-3.36,-9.97,-3.19,-3.73,2.35,2.88,0.89,-0.88,9.59,5.41,0.86,-1.69,-3.29,0.00,0.00,0.00,0.00,0.00,0.00,-11.00,1.55,5.55,2.21,1.53,-2.00
66.611789,5.83,-4.46,6.85,-2.75,1.69,-1.37,-34.62,28.88,-37.00,-2.26,0.85,11.05,1.02,1.40,-3.22,-9.96,-3.51,-3.48,2.35,2.49,0.88,-0.64,9.69,5.86,0.77,-1.83,-2.90,0.00,0.00,0.00,0.00,0.00,0.00,-9.31,1.00,5.15,2.07,1.22,-1.98
66.611802,5.53,-4.08,6.35,-2.46,1.51,-1.45,-34.62,28.88,-37.00,-1.83,0.86,11.30,0.85,1.11,-3.10,-9.48,-3.90,-3.56,2.34,2.19,0.72,-0.84,9.43,6.05,0.58,-1.83,-2.65,0.00,0.00,0.00,0.00,0.00,0.00,-8.73,0.81,5.28,2.05,1.10,-1.91
66.611814,5.56,-3.81,5.82,-2.38,1.15,-1.43,-34.62,28.88,-37.00,-1.80,0.55,10.82,0.69,1.05,-3.03,-8.44,-3.84,-3.52,2.35,2.01,0.52,-1.05,8.56,5.74,0.43,-1.79,-2.53,0.00,0.00,0.00,0.00,0.00,0.00,-8.14,0.34,5.16,1.90,1.09,-1.92
66.611825,6.14,-3.62,5.48,-2.43,1.09,-1.45,-32.88,34.00,-38.69,-2.06,-0.06,9.50,0.65,1.00,-3.05,-7.29,-3.47,-3.40,2.40,1.92,0.52,-1.28,7.39,4.98,0.40,-1.85,-2.45,0.00,0.00,0.00,0.00,0.00,0.00,-7.97,-0.60,4.09,1.78,1.04,-1.95
66.613526,6.45,-3.43,5.51,-2.43,1.09,-1.45,-32.75,36.62,-40.88,-2.39,-0.19,8.48,0.78,0.86,-3.16,-7.03,-3.27,-3.12,2.50,1.80,0.70,-1.19,6.92,4.60,0.51,-2.02,-2.35,0.00,0.00,0.00,0.00,0.00,0.00,-8.03,-1.01,3.51,1.84,0.88,-1.97
66.613545,6.29,-3.35,5.48,-2.43,1.09,-1.45,-32.75,36.62,-40.88,-1.62,-0.41,8.32,0.95,0.57,-3.20,-7.08,-3.13,-2.37,2.58,1.62,0.91,-0.54,6.71,4.62,0.67,-2.12,-2.19,0.00,0.00,0.00,0.00,0.00,0.00,-7.64,-0.64,4.28,1.84,0.65,-2.03
66.613555,6.64,-2.85,5.25,-1.82,1.61,-1.88,-31.81,35.50,-40.12,-0.23,-0.10,9.44,1.06,0.32,-3.13,-7.49,-3.19,-1.52,2.53,1.46,1.04,0.52,7.13,5.15,0.77,-2.21,-1.99,0.00,0.00,0.00,0.00,0.00,0.00,-5.54,-0.96,4.61,1.90,0.50,-1.94
66.613564,6.60,-2.01,5.55,-1.82,1.61,-1.88,-31.31,37.44,-41.31,0.50,-0.09,9.83,1.05,0.27,-2.99,-7.76,-3.29,-1.03,2.42,1.41,1.05,0.96,7.26,5.44,0.78,-2.13,-1.90,0.00,0.00,0.00,0.00,0.00,0.00,-5.19,-1.01,5.23,1.98,0.50,-1.67
66.613576,6.60,-2.01,5.55,-1.65,1.40,-1.62,-30.56,39.38,-42.12,0.42,-0.29,9.52,1.08,0.24,-2.84,-7.74,-3.25,-0.78,2.30,1.35,1.09,1.06,7.06,5.36,0.82,-2.04,-1.79,0.00,0.00,0.00,0.00,0.00,0.00,-5.71,-1.17,5.61,1.98,0.50,-1.50
66.625633,7.44,-1.70,6.36,-1.65,1.40,-1.62,-29.06,39.75,-42.12,0.32,-0.07,9.63,1.21,0.19,-2.79,-8.02,-3.12,-0.65,2.24,1.25,1.23,1.25,7.31,5.39,0.96,-1.94,-1.67,0.00,0.00,0.00,0.00,0.00,0.00,-5.99,-1.26,5.85,1.95,0.45,-1.45
66.647294,7.17,-1.66,6.70,-1.39,1.67,-1.73,-29.06,39.75,-42.12,1.70,0.25,10.80,1.22,0.06,-2.68,-9.21,-2.93,0.51,2.11,1.14,1.27,2.71,8.08,5.94,1.00,-1.95,-1.48,0.00,0.00,0.00,0.00,0.00,0.00,-5.33,-0.47,7.38,1.94,0.30,-1.38
66.668901,6.87,-1.78,6.89,-1.18,1.56,-1.62,-29.06,39.75,-42.12,3.57,0.04,11.37,1.13,0.02,-2.22,-10.20,-2.76,1.56,1.73,0.94,1.12,3.96,8.62,6.49,0.90,-1.71,-1.18,0.00,0.00,0.00,0.00,0.00,0.00,-3.79,-0.21,8.58,1.77,0.23,-1.08
66.692916,6.87,-1.59,7.54,-0.88,1.24,-1.19,-26.88,40.94,-41.88,3.85,-0.31,10.92,1.07,-0.00,-1.54,-10.50,-2.55,1.93,1.19,0.66,0.91,4.39,8.70,6.57,0.78,-1.22,-0.79,0.00,0.00,0.00,0.00,0.00,0.00,-4.06,-0.03,9.21,1.51,0.15,-0.56
67.12123,6.75,-1.47,7.77,-0.88,1.24,-1.19,-26.50,40.50,-42.88,3.94,0.08,11.08,1.18,-0.20,-0.84,-10.72,-2.45,2.10,0.73,0.34,0.75,4.59,8.82,6.58,0.68,-0.76,-0.37,0.00,0.00,0.00,0.00,0.00,0.00,-4.51,0.35,9.91,1.26,-0.06,-0.11
67.121258,6.68,-1.36,7.81,0.29,0.56,-0.35,-26.50,40.50,-42.88,3.00,1.47,12.56,0.98,-0.32,-0.32,-11.29,-2.75,2.06,0.32,0.02,0.56,4.51,9.55,7.00,0.54,-0.32,0.02,0.00,0.00,0.00,0.00,0.00,0.00,-4.95,0.93,10.81,0.80,-0.22,0.12
67.121271,6.29,-0.86,7.81,0.29,0.56,-0.35,-26.38,39.12,-44.94,3.33,2.22,13.77,0.51,-0.38,-0.01,-11.77,-3.13,1.90,0.01,-0.28,0.19,4.27,10.22,6.94,0.24,0.10,0.30,0.00,0.00,0.00,0.00,0.00,0.00,-4.90,0.85,10.72,0.37,-0.31,0.23
67.121283,6.98,-0.94,7.74,0.58,-0.51,0.11,-26.38,39.12,-44.94,3.95,1.36,12.90,-0.03,-0.35,0.48,-11.45,-2.85,2.42,-0.39,-0.59,-0.24,4.70,9.58,6.87,-0.19,0.35,0.62,0.00,0.00,0.00,0.00,0.00,0.00,-4.22,0.60,10.61,-0.05,-0.43,0.47
67.121293,7.40,-1.21,7.50,0.91,-0.78,0.42,-26.00,37.44,-42.44,4.17,0.34,11.41,-0.24,-0.42,1.02,-10.64,-2.49,2.57,-0.81,-0.90,-0.44,4.72,8.57,6.40,-0.36,0.67,1.03,0.00,0.00,0.00,0.00,0.00,0.00,-3.66,-0.14,9.53,-0.29,-0.55,0.87
67.121307,7.55,-1.13,7.31,1.41,-0.80,0.64,-26.00,37.44,-42.44,3.89,-0.11,10.46,-0.19,-0.64,1.54,-10.07,-2.45,2.38,-1.20,-1.24,-0.45,4.41,8.09,6.11,-0.38,0.92,1.44,0.00,0.00,0.00,0.00,0.00,0.00,-3.93,-0.66,8.42,-0.31,-0.72,1.35
67.121318,7.36,-0.98,7.08,1.88,-0.74,0.70,-26.00,37.44,-42.44,4.47,-0.50,9.93,0.00,-0.80,2.13,-10.11,-2.56,2.37,-1.51,-1.60,-0.40,4.46,8.01,6.17,-0.38,1.08,1.90,0.00,0.00,0.00,0.00,0.00,0.00,-4.26,-0.34,8.53,-0.26,-0.96,1.81
67.1214,7.67,-1.17,6.74,1.88,-0.74,0.70,-26.69,35.69,-44.06,4.63,-1.01,9.71,0.39,-1.19,2.95,-9.98,-2.40,2.55,-1.90,-1.99,-0.33,4.81,7.84,6.13,-0.32,1.31,2.42,0.00,0.00,0.00,0.00,0.00,0.00,-4.16,0.70,9.85,-0.48,-1.21,2.18
67.121415,7.86,-0.52,6.55,2.94,-0.79,0.96,-26.69,35.69,-44.06,5.60,0.27,10.98,0.65,-1.37,3.63,-9.56,-2.09,2.72,-2.37,-2.24,-0.25,5.27,7.60,6.00,-0.18,1.66,2.82,0.00,0.00,0.00,0.00,0.00,0.00,-2.87,1.08,10.27,-0.97,-1.25,2.49
67.121432,7.98,-0.36,6.24,3.29,-0.67,1.38,-28.31,28.50,-42.00,4.37,1.59,11.59,0.46,-1.34,3.97,-9.42,-2.31,2.10,-2.79,-2.40,-0.17,4.69,8.02,6.04,-0.06,2.09,3.11,0.00,0.00,0.00,0.00,0.00,0.00,-2.63,0.71,9.26,-1.32,-1.05,2.91
67.121442,7.02,0.98,5.93,3.59,-0.62,1.37,-28.12,25.06,-42.25,2.22,2.02,10.82,0.21,-1.43,4.01,-9.36,-3.40,0.61,-2.78,-2.63,-0.05,3.05,8.88,6.61,-0.39,2.13,3.43,0.00,0.00,0.00,0.00,0.00,0.00,-5.82,0.10,7.52,-1.43,-1.03,3.17
67.121452,7.17,1.29,5.78,3.59,-0.62,1.37,-28.12,25.06,-42.25,1.61,1.76,10.12,0.11,-1.69,3.74,-9.34,-4.40,-0.16,-2.50,-2.74,-0.03,1.24,8.38,5.11,-0.39,1.87,3.44,0.00,0.00,0.00,0.00,0.00,0.00,-6.84,-0.41,6.92,-1.36,-1.25,3.01
67.121462,7.25,1.21,5.67,3.39,-0.76,0.94,-28.12,25.06,-42.25,0.96,1.66,10.32,0.08,-2.01,3.30,-8.65,-5.03,-0.70,-2.03,-2.73,-0.03,0.46,8.26,5.79,-0.24,1.33,3.23,0.00,0.00,0.00,0.00,0.00,0.00,-7.47,-0.75,6.65,-1.23,-1.54,2.64
67.121473,7.44,1.36,5.51,2.99,-0.94,0.44,-28.75,17.25,-41.50,1.48,1.16,10.60,0.01,-1.97,2.74,-8.01,-4.98,-0.39,-1.54,-2.54,-0.06,0.89,7.71,6.22,-0.13,0.97,2.90,0.00,0.00,0.00,0.00,0.00,0.00,-5.88,-1.02,6.58,-1.12,-1.71,2.14
67.123734,7.64,1.59,5.55,2.99,-0.94,0.44,-28.25,13.69,-40.31,3.41,0.30,10.60,-0.06,-1.87,2.37,-8.09,-4.51,0.82,-1.35,-2.30,-0.09,2.48,7.18,6.56,-0.14,0.84,2.59,0.00,0.00,0.00,0.00,0.00,0.00,-3.52,-0.45,7.54,-0.99,-1.64,1.91
67.123753,7.32,-0.13,5.89,2.28,-0.92,0.73,-29.69,12.81,-39.12,4.82,-0.14,10.06,-0.04,-1.55,2.45,-8.80,-4.21,1.86,-1.51,-2.15,-0.19,3.68,7.33,6.85,-0.25,1.03,2.44,0.00,0.00,0.00,0.00,0.00,0.00,-2.78,0.74,8.96,-1.03,-1.28,2.09
67.123766,6.91,0.25,6.01,2.54,-1.18,0.76,-29.69,12.81,-39.12,4.11,0.37,9.92,0.02,-1.56,2.61,-9.54,-4.74,1.35,-1.57,-2.25,-0.31,2.86,8.27,6.71,-0.42,1.09,2.49,0.00,0.00,0.00,0.00,0.00,0.00,-4.82,1.00,8.17,-1.08,-1.12,2.26
67.123778,6.98,0.32,6.12,2.54,-1.18,0.76,-29.69,12.81,-39.12,4.00,0.49,9.10,0.35,-1.71,2.79,-9.61,-5.43,0.15,-1.42,-2.38,-0.49,1.64,8.91,7.33,-0.55,1.00,2.49,0.00,0.00,0.00,0.00,0.00,0.00,-6.55,0.93,7.47,-1.03,-1.27,2.19
67.123789,7.44,0.71,5.93,2.54,-1.59,0.43,-29.69,12.81,-39.12,3.14,1.13,9.95,0.74,-1.97,2.90,-8.95,-5.68,-0.46,-1.10,-2.35,-0.77,1.02,8.53,7.54,-0.81,0.87,2.35,0.00,0.00,0.00,0.00,0.00,0.00,-6.47,0.54,7.17,-0.98,-1.49,1.90
67.123799,7.98,0.98,5.70,2.10,-1.77,0.17,-29.69,12.81,-39.12,2.80,1.49,11.34,0.78,-2.01,2.71,-8.20,-5.28,0.33,-0.88,-2.21,-0.94,1.67,7.49,7.22,-1.00,0.79,2.16,0.00,0.00,0.00,0.00,0.00,0.00,-4.78,0.09,7.01,-0.91,-1.68,1.71
67.138647,8.36,-0.32,5.09,1.71,-1.65,0.10,-29.69,12.81,-39.12,3.79,0.52,10.42,0.70,-1.69,2.60,-7.44,-4.87,1.26,-0.82,-2.15,-0.91,2.32,6.23,6.71,-0.91,0.78,2.11,0.00,0.00,0.00,0.00,0.00,0.00,-3.61,0.02,7.31,-0.69,-1.62,1.86
67.15972,8.55,-0.25,4.82,1.71,-1.65,0.10,-36.12,-3.00,-27.12,3.44,0.26,10.67,0.62,-1.42,2.63,-7.17,-5.33,1.28,-0.85,-2.15,-0.80,2.16,5.94,7.22,-0.77,0.79,2.14,0.00,0.00,0.00,0.00,0.00,0.00,-3.57,-0.10,7.51,-0.57,-1.56,2.00
67.182598,8.79,0.67,4.13,1.71,-1.65,0.10,-36.19,-2.56,-25.69,3.37,0.06,10.94,0.26,-1.10,2.43,-6.83,-6.04,1.06,-0.84,-2.05,-0.78,1.76,5.97,7.75,-0.69,0.81,2.06,0.00,0.00,0.00,0.00,0.00,0.00,-4.50,1.17,9.80,-0.67,-1.31,1.85
67.204168,8.90,0.71,3.71,1.67,-1.24,0.15,-36.19,-2.56,-25.69,3.04,-0.34,10.72,-0.10,-0.87,2.13,-6.11,-6.20,1.21,-0.81,-1.83,-0.83,1.67,5.35,7.70,-0.72,0.77,1.88,0.00,0.00,0.00,0.00,0.00,0.00,-5.84,3.75,13.24,-2.01,-0.77,0.92
67.631632,9.31,0.55,3.98,1.37,-1.12,0.21,-36.19,-2.56,-25.69,3.59,-0.70,10.31,-0.33,-0.67,1.82,-6.33,-6.50,1.38,-0.80,-1.60,-0.79,1.81,5.40,8.03,-0.76,0.73,1.66,0.00,0.00,0.00,0.00,0.00,0.00,-4.16,0.33,7.87,-3.15,-0.14,-0.18
67.631661,9.39,0.13,4.13,1.18,-1.04,0.28,-36.19,-2.56,-25.69,3.67,-1.02,10.29,-0.43,-0.46,1.63,-6.12,-6.63,1.58,-0.79,-1.43,-0.75,1.89,5.08,8.16,-0.80,0.71,1.50,0.00,0.00,0.00,0.00,0.00,0.00,-1.91,-3.56,3.83,-2.42,-0.13,0.02
67.631676,9.39,0.13,4.13,1.13,-0.99,0.31,-39.56,-6.56,-19.12,3.28,-1.84,9.63,-0.43,-0.29,1.46,-5.37,-6.76,1.49,-0.78,-1.25,-0.60,1.58,4.31,8.10,-0.71,0.66,1.35,0.00,0.00,0.00,0.00,0.00,0.00,-2.62,-3.68,5.13,-1.42,-0.18,0.52
67.631687,10.74,-0.06,3.56,1.13,-0.99,0.31,-40.19,-6.69,-16.69,2.99,-2.57,9.28,-0.22,-0.19,1.17,-4.89,-6.98,1.47,-0.77,-1.01,-0.29,1.35,3.76,8.25,-0.42,0.56,1.15,0.00,0.00,0.00,0.00,0.00,0.00,-2.56,-4.55,4.93,-0.42,-0.22,0.98
67.6317,10.78,-0.21,3.56,1.13,-0.99,0.31,-40.19,-6.69,-16.69,3.29,-2.80,9.50,0.01,-0.17,0.94,-4.98,-7.13,1.63,-0.80,-0.78,0.00,1.58,3.78,8.46,-0.13,0.53,0.98,0.00,0.00,0.00,0.00,0.00,0.00,-2.76,-3.76,6.06,0.28,-0.22,1.31
67.631715,10.58,-0.21,3.68,0.89,0.10,0.34,-40.19,-6.69,-16.69,3.74,-2.61,9.90,0.24,-0.05,0.75,-5.47,-7.45,1.59,-0.87,-0.53,0.22,1.73,4.36,8.92,0.16,0.55,0.76,0.00,0.00,0.00,0.00,0.00,0.00,-3.73,-1.79,8.54,0.55,-0.10,1.39
67.631727,10.28,-0.13,4.02,0.55,0.43,0.62,-40.19,-6.69,-16.69,3.83,-2.11,10.42,0.45,0.12,0.61,-6.16,-7.88,1.43,-0.91,-0.28,0.32,1.63,5.09,9.33,0.35,0.60,0.52,0.00,0.00,0.00,0.00,0.00,0.00,-4.40,-1.21,8.93,0.44,0.16,1.18
67.631739,10.12,-0.09,4.17,0.55,0.43,0.62,-41.25,-7.50,-17.31,3.73,-1.71,10.70,0.54,0.20,0.49,-6.59,-8.02,1.40,-0.89,-0.11,0.33,1.64,5.49,9.41,0.41,0.58,0.35,0.00,0.00,0.00,0.00,0.00,0.00,-4.65,-1.12,8.51,0.48,0.26,1.03
67.63175,9.85,-0.02,4.21,0.55,0.43,0.62,-41.25,-7.50,-17.31,3.82,-1.39,10.76,0.55,0.32,0.37,-6.85,-7.94,1.46,-0.83,0.02,0.31,1.73,5.67,9.34,0.38,0.52,0.20,0.00,0.00,0.00,0.00,0.00,0.00,-4.77,-0.15,9.39,0.42,0.35,0.84
67.631761,9.28,0.02,4.25,0.19,0.26,0.51,-41.25,-7.50,-17.31,3.19,-0.57,11.34,0.42,0.36,0.28,-7.28,-8.04,1.30,-0.71,0.07,0.23,1.57,6.16,9.40,0.26,0.44,0.11,0.00,0.00,0.00,0.00,0.00,0.00,-5.39,0.08,9.04,0.24,0.40,0.61
67.631772,9.05,-0.13,4.25,0.12,0.10,0.33,-41.25,-7.50,-17.31,2.95,-0.59,11.06,0.22,0.26,0.19,-7.30,-7.98,1.24,-0.51,0.03,0.11,1.47,6.09,9.27,0.11,0.31,0.10,0.00,0.00,0.00,0.00,0.00,0.00,-5.62,0.17,8.80,0.17,0.28,0.45
67.631784,9.05,-0.32,4.06,0.12,0.10,0.33,-41.06,-5.62,-16.38,3.10,-0.88,10.58,0.08,0.14,0.14,-6.93,-7.77,1.34,-0.34,-0.03,0.01,1.56,5.70,9.06,-0.03,0.17,0.11,0.00,0.00,0.00,0.00,0.00,0.00,-5.13,0.01,8.60,0.07,0.13,0.28
67.6318,9.01,0.02,3.71,0.12,0.10,0.33,-42.00,-5.44,-17.12,3.33,-1.32,10.01,-0.01,0.05,0.08,-6.35,-7.44,1.63,-0.19,-0.06,-0.06,1.81,5.03,8.76,-0.10,0.06,0.10,0.00,0.00,0.00,0.00,0.00,0.00,-4.33,-0.56,7.98,0.06,0.01,0.19
67.631811,8.97,0.55,3.06,0.12,0.10,0.33,-41.31,-6.56,-16.69,3.56,-1.84,9.37,-0.05,0.01,0.02,-5.77,-7.11,2.00,-0.10,-0.05,-0.08,2.11,4.36,8.53,-0.13,-0.01,0.06,0.00,0.00,0.00,0.00,0.00,0.00,-3.48,-0.98,7.64,0.17,-0.07,0.18
67.633943,8.93,0.71,2.79,-0.01,-0.11,-0.05,-41.31,-6.56,-16.69,3.74,-2.12,9.04,-0.04,0.00,-0.02,-5.46,-6.93,2.38,-0.06,-0.03,-0.08,2.41,3.92,8.41,-0.12,-0.03,0.04,0.00,0.00,0.00,0.00,0.00,0.00,-3.45,-0.11,8.96,0.04,-0.08,0.09
67.633973,8.75,0.71,2.71,-0.01,-0.11,-0.05,-41.69,-5.69,-14.56,3.85,-2.27,8.89,-0.06,-0.02,-0.01,-5.41,-6.91,2.60,-0.04,-0.06,-0.10,2.56,3.76,8.42,-0.13,-0.04,0.07,0.00,0.00,0.00,0.00,0.00,0.00,-3.17,-0.73,8.13,-0.22,-0.05,-0.04
67.633989,8.93,0.71,2.68,0.09,-0.04,-0.10,-41.62,-6.44,-17.38,3.71,-2.66,8.66,-0.05,-0.08,-0.01,-4.93,-6.86,2.59,-0.02,-0.09,-0.05,2.45,3.25,8.30,-0.09,-0.06,0.10,0.00,0.00,0.00,0.00,0.00,0.00,-2.65,-1.68,7.42,-0.15,-0.07,-0.01
67.634005,9.39,0.82,2.68,0.09,-0.04,-0.10,-41.62,-6.44,-17.38,3.73,-2.91,8.56,0.02,-0.12,-0.06,-4.74,-6.86,2.66,-0.02,-0.06,0.06,2.46,3.04,8.29,0.00,-0.09,0.08,0.00,0.00,0.00,0.00,0.00,0.00,-2.56,-1.87,7.44,-0.02,-0.07,0.05
67.634018,9.39,0.67,2.75,0.07,0.15,-0.10,-41.62,-6.44,-17.38,3.96,-2.90,8.71,0.11,-0.13,-0.10,-4.90,-6.84,2.82,-0.04,-0.02,0.20,2.63,3.11,8.18,0.12,-0.19,0.06,0.00,0.00,0.00,0.00,0.00,0.00,-2.52,-1.60,7.69,0.12,-0.06,0.12
67.63403,9.28,0.55,2.83,0.09,0.28,-0.08,-41.62,-6.44,-17.38,4.60,-2.71,9.01,0.17,-0.10,-0.09,-5.43,-6.81,3.02,-0.13,0.01,0.28,3.12,3.60,8.45,0.21,-0.16,0.05,0.00,0.00,0.00,0.00,0.00,0.00,-2.50,-0.49,9.03,0.05,-0.01,0.15
67.655109,8.93,1.09,3.37,0.18,0.24,0.12,-41.62,-6.44,-17.38,4.44,-1.84,9.64,0.18,-0.03,-0.01,-6.02,-7.08,2.67,-0.22,0.03,0.28,2.79,4.36,8.48,0.28,-0.12,-0.00,0.00,0.00,0.00,0.00,0.00,0.00,-3.27,-0.43,8.64,-0.26,0.14,0.04
67.672993,9.20,1.09,3.75,0.18,0.24,0.12,-39.88,-6.12,-17.81,4.09,-1.70,9.77,0.11,-0.03,-0.02,-6.22,-7.15,2.34,-0.18,0.05,0.28,2.54,4.61,8.50,0.29,-0.12,-0.06,0.00,0.00,0.00,0.00,0.00,0.00,-3.45,-0.93,8.03,-0.20,0.08,0.02
67.693867,9.51,0.82,3.83,0.04,0.13,-0.10,-39.88,-6.12,-17.81,3.96,-1.84,9.73,0.03,-0.08,-0.08,-6.28,-7.03,2.33,-0.08,0.04,0.31,2.81,4.71,8.90,0.25,-0.18,-0.07,0.00,0.00,0.00,0.00,0.00,0.00,-3.29,-1.05,8.03,-0.00,-0.01,0.06
67.718358,9.31,0.71,3.75,0.06,0.24,-0.14,-40.94,-8.00,-17.62,4.52,-1.87,9.72,-0.01,-0.12,-0.13,-6.45,-6.80,2.75,-0.04,0.03,0.33,3.26,4.72,8.77,0.24,-0.19,-0.04,0.00,0.00,0.00,0.00,0.00,0.00,-3.15,-0.07,9.16,0.07,-0.06,0.12
68.139619,8.93,0.59,3.68,0.14,0.22,-0.08,-40.94,-8.00,-17.62,4.87,-1.75,9.79,-0.05,-0.11,-0.08,-6.80,-6.80,2.95,-0.08,-0.00,0.29,3.51,4.99,8.89,0.18,-0.14,0.03,0.00,0.00,0.00,0.00,0.00,0.00,-3.29,0.86,10.35,-0.25,0.01,0.01
68.14135,8.82,0.98,3.60,0.17,0.08,0.01,-40.94,-8.00,-17.62,4.72,-1.48,9.96,-0.12,-0.07,-0.00,-6.83,-6.87,2.73,-0.12,-0.02,0.18,3.22,5.15,8.72,0.09,-0.07,0.08,0.00,0.00,0.00,0.00,0.00,0.00,-3.52,0.27,9.50,-0.68,0.18,-0.23
68.141366,9.28,1.29,3.87,0.06,-0.04,0.03,-40.94,-8.00,-17.62,4.27,-1.55,10.16,-0.30,-0.02,-0.04,-6.25,-6.68,2.53,-0.08,0.02,0.16,2.89,4.58,8.16,0.01,-0.14,0.06,0.00,0.00,0.00,0.00,0.00,0.00,-3.62,-0.48,9.05,-0.94,0.20,-0.53
68.141379,9.47,1.13,3.71,-0.01,0.04,-0.06,-40.94,-8.00,-17.62,4.07,-1.69,10.31,-0.57,0.07,-0.14,-6.05,-6.50,2.63,-0.06,0.05,0.32,3.02,4.21,8.04,-0.01,-0.36,0.02,0.00,0.00,0.00,0.00,0.00,0.00,-3.77,-0.16,9.99,-1.21,0.25,-0.76
68.141389,9.39,0.90,3.56,0.03,0.17,-0.13,-40.94,-8.00,-17.62,4.24,-1.63,10.47,-0.88,0.18,-0.24,-6.51,-6.49,2.99,-0.10,0.01,0.42,3.62,4.59,8.43,-0.01,-0.52,0.08,0.00,0.00,0.00,0.00,0.00,0.00,-3.95,0.97,11.30,-1.87,0.45,-1.20
68.141397,8.97,0.86,3.45,0.03,0.17,-0.13,-40.50,-6.12,-16.69,4.98,-0.97,11.38,-1.31,0.41,-0.25,-7.29,-6.74,3.05,-0.15,-0.05,0.31,3.95,5.32,8.83,-0.12,-0.41,0.15,0.00,0.00,0.00,0.00,0.00,0.00,-3.77,0.76,10.56,-2.65,0.82,-1.80
68.141406,9.28,1.05,3.98,0.15,-0.36,-0.03,-39.88,-6.62,-17.75,5.10,-2.20,9.48,-1.62,1.11,-0.29,-6.92,-6.46,3.01,-0.16,-0.16,0.14,3.97,4.87,8.52,-0.30,-0.19,0.19,0.00,0.00,0.00,0.00,0.00,0.00,-3.03,-1.91,7.40,-2.94,0.89,-2.14
68.141494,9.28,1.05,3.98,0.15,-0.36,-0.03,-39.88,-6.62,-17.75,4.20,-3.31,8.04,-1.56,1.03,-0.33,-6.17,-6.09,3.09,-0.15,-0.16,0.21,3.84,3.99,8.05,-0.22,-0.13,0.17,0.00,0.00,0.00,0.00,0.00,0.00,-1.78,-3.71,6.27,-2.70,0.71,-1.95
68.141505,9.97,1.13,3.29,0.36,0.29,-0.05,-39.88,-6.62,-17.75,4.25,-3.92,8.28,-1.33,0.80,-0.33,-5.78,-6.08,2.85,-0.19,-0.09,0.38,3.55,3.78,8.04,0.07,-0.02,0.11,0.00,0.00,0.00,0.00,0.00,0.00,-2.08,-3.62,7.32,-2.54,0.66,-1.71
68.141515,9.28,1.52,3.21,0.36,0.29,-0.05,-41.06,-7.06,-16.31,4.48,-3.29,9.37,-1.12,0.93,-0.34,-6.72,-6.47,2.86,-0.21,-0.01,0.39,3.67,4.79,8.57,0.18,-0.01,0.06,0.00,0.00,0.00,0.00,0.00,0.00,-2.32,-4.42,6.16,-2.39,0.73,-1.67
68.141525,8.51,1.48,3.52,0.17,0.39,0.06,-41.06,-7.06,-16.31,4.06,-2.81,9.88,-1.15,1.12,-0.37,-7.52,-6.69,2.74,-0.17,0.02,0.17,3.85,5.51,8.94,0.06,0.05,0.06,0.00,0.00,0.00,0.00,0.00,0.00,-2.26,-5.37,5.27,-1.97,0.54,-1.48
68.141535,8.32,1.52,3.83,0.02,0.05,0.11,-41.06,-7.06,-16.31,4.56,-3.78,9.01,-1.10,1.03,-0.35,-7.10,-6.27,2.93,-0.17,0.05,-0.04,4.00,4.94,8.54,-0.03,0.17,0.05,0.00,0.00,0.00,0.00,0.00,0.00,-1.94,-5.52,6.05,-1.57,0.40,-1.21
68.141545,9.59,0.90,3.90,0.07,-0.06,0.19,-40.06,-8.25,-15.19,4.19,-4.27,8.89,-0.83,0.80,-0.09,-6.62,-6.06,3.02,-0.25,0.07,-0.03,3.94,4.36,8.27,0.02,0.26,0.07,0.00,0.00,0.00,0.00,0.00,0.00,-1.53,-6.12,5.82,-1.24,0.34,-0.77
68.141554,9.09,1.40,3.45,0.07,-0.06,0.19,-40.06,-8.25,-15.19,3.62,-4.10,9.09,-0.68,0.71,0.03,-6.80,-6.49,2.59,-0.29,0.10,-0.02,3.50,4.79,8.55,0.02,0.28,0.05,0.00,0.00,0.00,0.00,0.00,0.00,-2.27,-6.06,5.86,-1.04,0.33,-0.57
68.143679,8.70,1.29,3.48,-0.05,0.01,0.21,-40.06,-8.25,-15.19,3.28,-4.21,8.99,-0.57,0.56,0.03,-7.13,-6.62,2.64,-0.26,0.11,-0.12,3.56,4.97,8.66,-0.08,0.27,0.03,0.00,0.00,0.00,0.00,0.00,0.00,-2.43,-6.24,5.70,-0.83,0.29,-0.44
68.143698,8.90,1.05,3.52,-0.06,-0.19,0.21,-40.06,-8.25,-15.19,3.37,-4.45,9.00,-0.44,0.39,0.09,-6.81,-6.44,2.78,-0.26,0.08,-0.19,3.59,4.51,8.40,-0.14,0.27,0.04,0.00,0.00,0.00,0.00,0.00,0.00,-2.32,-6.42,5.73,-0.64,0.24,-0.29
68.143712,9.55,0.75,3.48,0.04,-0.17,0.21,-40.81,-6.19,-16.00,3.03,-4.68,8.86,-0.35,0.32,0.15,-6.27,-6.30,2.73,-0.28,0.05,-0.11,3.38,4.01,8.17,-0.11,0.26,0.06,0.00,0.00,0.00,0.00,0.00,0.00,-2.48,-6.68,5.49,-0.46,0.14,-0.11
68.143723,9.47,0.86,3.29,0.14,-0.02,0.17,-40.81,-6.19,-16.00,2.49,-4.46,9.17,-0.34,0.26,0.07,-6.37,-6.61,2.37,-0.27,0.07,-0.02,3.09,4.26,8.53,-0.11,0.13,0.09,0.00,0.00,0.00,0.00,0.00,0.00,-2.93,-6.34,5.93,-0.42,0.08,-0.08
68.143734,9.01,1.02,3.14,0.08,0.01,0.15,-40.81,-6.19,-16.00,2.37,-4.18,9.63,-0.37,0.36,0.02,-6.70,-6.85,2.21,-0.22,0.11,-0.05,3.01,4.63,8.75,-0.19,0.04,0.09,0.00,0.00,0.00,0.00,0.00,0.00,-2.91,-6.32,5.94,-0.46,0.10,-0.16
68.146734,9.12,0.67,3.25,0.08,0.01,0.15,-41.69,-5.00,-17.06,2.55,-4.76,8.93,-0.40,0.28,-0.05,-6.54,-6.72,2.32,-0.16,0.06,-0.11,3.04,4.31,8.48,-0.23,-0.01,0.09,0.00,0.00,0.00,0.00,0.00,0.00,-2.79,-6.64,5.61,-0.45,0.11,-0.17
68.164582,9.62,0.32,3.21,-0.03,-0.18,0.09,-41.69,-5.00,-17.06,2.54,-5.36,8.19,-0.25,0.15,-0.05,-6.11,-6.46,2.49,-0.13,-0.02,-0.04,3.14,3.72,8.25,-0.15,-0.09,0.13,0.00,0.00,0.00,0.00,0.00,0.00,-2.43,-7.25,4.77,-0.36,0.05,-0.10
68.186071,9.63,0.36,3.14,0.14,0.01,0.02,-41.69,-5.00,-17.06,2.16,-5.03,8.47,-0.07,-0.01,-0.06,-5.99,-6.55,2.29,-0.12,-0.06,0.09,2.99,3.75,8.38,-0.02,-0.15,0.17,0.00,0.00,0.00,0.00,0.00,0.00,-2.28,-7.26,4.59,-0.09,-0.01,0.06
68.210425,8.74,1.13,2.91,0.21,0.18,-0.03,-40.69,-3.69,-16.12,2.71,-4.57,9.20,-0.09,-0.07,-0.17,-6.45,-6.81,2.16,-0.08,-0.03,0.10,3.10,4.42,8.65,-0.00,-0.16,0.12,0.00,0.00,0.00,0.00,0.00,0.00,-2.75,-6.30,5.66,0.02,-0.02,0.05
68.231415,8.48,1.17,3.10,0.21,0.18,-0.03,-41.31,-7.12,-15.25,3.16,-4.59,9.32,-0.13,0.06,-0.12,-6.62,-6.66,2.32,-0.05,0.01,-0.01,3.40,4.42,8.58,-0.09,-0.13,0.06,0.00,0.00,0.00,0.00,0.00,0.00,-2.66,-6.28,5.81,-0.03,0.00,-0.03
68.65287,8.90,0.98,3.37,0.21,0.18,-0.03,-41.31,-7.12,-15.25,2.91,-5.06,8.71,-0.11,0.15,-0.06,-6.27,-6.33,2.60,-0.07,0.02,-0.02,3.52,3.85,8.20,-0.10,-0.11,0.04,0.00,0.00,0.00,0.00,0.00,0.00,-2.31,-6.74,5.44,-0.02,0.00,0.00
68.652903,9.70,0.55,3.25,0.12,0.08,0.01,-41.31,-7.12,-15.25,2.76,-5.38,8.22,0.04,0.04,-0.01,-6.02,-6.27,2.66,-0.09,-0.01,0.10,3.53,3.55,8.17,0.04,-0.09,0.05,0.00,0.00,0.00,0.00,0.00,0.00,-2.21,-6.92,5.28,0.07,-0.05,0.12
68.652917,9.43,0.75,3.02,0.12,0.08,0.01,-41.69,-5.56,-15.69,2.70,-5.00,8.70,0.15,-0.04,-0.01,-6.27,-6.50,2.53,-0.11,-0.04,0.18,3.53,3.90,8.49,0.15,-0.07,0.08,0.00,0.00,0.00,0.00,0.00,0.00,-2.46,-6.54,5.65,0.10,-0.09,0.17
68.652929,8.93,1.05,2.91,0.12,0.08,0.01,-41.19,-4.50,-18.19,2.94,-4.77,9.06,0.15,-0.07,-0.01,-6.50,-6.59,2.48,-0.11,-0.04,0.13,3.52,4.20,8.53,0.14,-0.02,0.09,0.00,0.00,0.00,0.00,0.00,0.00,-2.32,-6.38,5.82,0.08,-0.07,0.15
68.65294,9.12,1.17,3.37,0.09,0.10,0.04,-41.19,-4.50,-18.19,2.89,-4.68,9.16,0.13,-0.01,0.00,-6.49,-6.53,2.38,-0.11,0.01,0.10,3.44,4.22,8.46,0.12,0.01,0.04,0.00,0.00,0.00,0.00,0.00,0.00,-2.28,-6.55,5.69,0.10,0.01,0.16
68.652951,9.13,0.86,3.64,0.02,0.12,0.05,-41.19,-4.50,-18.19,2.69,-4.55,9.33,0.13,0.01,-0.01,-6.73,-6.57,2.39,-0.09,0.01,0.09,3.44,4.44,8.50,0.09,-0.01,0.02,0.00,0.00,0.00,0.00,0.00,0.00,-2.69,-6.62,5.59,0.20,0.05,0.18
68.652979,9.05,0.86,3.60,0.02,0.10,0.01,-40.88,-4.62,-16.44,2.53,-4.38,9.52,0.08,-0.00,-0.04,-6.94,-6.66,2.22,-0.05,0.01,0.07,3.42,4.69,8.61,0.04,-0.04,0.02,0.00,0.00,0.00,0.00,0.00,0.00,-3.45,-5.95,6.50,0.15,0.02,0.10
68.652991,8.90,0.79,3.64,0.01,0.03,-0.06,-40.88,-4.62,-16.44,2.74,-4.36,9.70,0.00,-0.04,-0.03,-7.26,-6.60,2.41,-0.03,-0.03,0.01,3.69,4.90,8.68,-0.06,-0.03,0.04,0.00,0.00,0.00,0.00,0.00,0.00,-3.29,-6.00,6.48,0.06,-0.03,0.02
68.653002,9.01,0.71,3.87,0.05,-0.12,-0.08,-40.88,-4.62,-16.44,2.81,-4.53,9.59,-0.05,-0.08,0.00,-7.22,-6.51,2.42,-0.03,-0.09,-0.06,3.69,4.82,8.62,-0.12,-0.01,0.08,0.00,0.00,0.00,0.00,0.00,0.00,-2.92,-6.28,6.17,0.02,-0.04,-0.01
68.653013,9.24,0.75,3.87,0.05,-0.12,-0.08,-41.44,-4.56,-16.44,2.77,-4.67,9.39,-0.05,-0.10,0.03,-6.95,-6.45,2.31,-0.03,-0.13,-0.09,3.44,4.61,8.44,-0.14,-0.00,0.12,0.00,0.00,0.00,0.00,0.00,0.00,-2.90,-6.40,5.95,0.08,-0.03,0.04
68.653026,9.35,0.59,3.83,0.05,-0.12,-0.08,-40.19,-6.75,-16.00,2.78,-4.72,9.27,-0.01,-0.09,0.04,-6.71,-6.49,2.14,-0.01,-0.11,-0.07,3.22,4.48,8.38,-0.14,-0.05,0.11,0.00,0.00,0.00,0.00,0.00,0.00,-3.07,-6.32,5.99,0.06,-0.05,0.01
68.653038,9.24,0.79,3.56,0.05,-0.12,-0.08,-40.19,-6.75,-16.00,2.32,-4.41,9.56,-0.00,-0.05,0.02,-6.73,-6.58,2.00,0.03,-0.10,-0.07,3.12,4.61,8.50,-0.14,-0.09,0.09,0.00,0.00,0.00,0.00,0.00,0.00,-3.10,-6.25,5.96,0.07,-0.03,-0.03
68.65305,9.05,0.82,3.52,0.03,-0.08,-0.11,-40.19,-6.75,-16.00,2.41,-4.35,9.58,-0.04,-0.03,-0.04,-6.82,-6.64,1.96,0.08,-0.07,-0.11,3.14,4.74,8.56,-0.18,-0.11,0.05,0.00,0.00,0.00,0.00,0.00,0.00,-3.15,-6.17,5.99,0.06,0.00,-0.11
68.65306,8.93,0.90,3.52,0.03,-0.08,-0.11,-40.50,-6.75,-14.94,2.37,-4.44,9.44,-0.08,-0.02,-0.10,-6.72,-6.44,2.16,0.12,-0.05,-0.14,3.33,4.51,8.39,-0.21,-0.12,0.02,0.00,0.00,0.00,0.00,0.00,0.00,-2.94,-6.24,5.90,0.07,0.02,-0.15
68.655125,9.43,0.71,3.48,-0.04,-0.10,-0.15,-40.50,-6.75,-14.94,2.82,-4.88,8.87,-0.05,-0.02,-0.09,-6.42,-6.17,2.51,0.10,-0.05,-0.09,3.59,4.03,8.15,-0.16,-0.13,0.02,0.00,0.00,0.00,0.00,0.00,0.00,-2.42,-6.38,5.80,0.12,-0.01,-0.10
68.655143,9.43,0.71,3.48,0.04,0.03,-0.13,-40.50,-6.75,-14.94,2.80,-4.81,8.88,0.01,-0.03,-0.10,-6.38,-6.17,2.63,0.07,-0.04,-0.02,3.70,4.01,8.18,-0.09,-0.13,0.03,0.00,0.00,0.00,0.00,0.00,0.00,-2.36,-6.14,6.10,0.16,-0.02,-0.03
68.655155,9.01,1.29,3.29,0.04,0.03,-0.13,-41.06,-6.56,-16.69,2.99,-4.63,9.07,0.04,-0.04,-0.11,-6.54,-6.23,2.72,0.06,-0.03,0.01,3.86,4.18,8.31,-0.05,-0.12,0.01,0.00,0.00,0.00,0.00,0.00,0.00,-2.29,-5.95,6.36,0.12,-0.01,-0.02
68.655166,9.01,1.32,3.41,-0.03,0.01,-0.07,-41.06,-6.56,-16.69,3.14,-4.51,9.23,0.03,-0.02,-0.12,-6.61,-6.26,2.77,0.04,0.00,-0.02,3.94,4.24,8.35,-0.05,-0.08,-0.01,0.00,0.00,0.00,0.00,0.00,0.00,-2.17,-6.01,6.30,0.12,0.04,0.01
68.655177,9.12,1.29,3.41,-0.07,-0.01,-0.05,-41.06,-6.56,-16.69,3.07,-4.57,9.13,0.01,0.00,-0.13,-6.59,-6.26,2.81,0.03,0.02,-0.02,3.91,4.18,8.28,-0.06,-0.07,-0.04,0.00,0.00,0.00,0.00,0.00,0.00,-2.44,-5.99,6.39,0.10,0.07,0.01
68.658846,9.20,1.21,3.37,-0.06,0.00,-0.07,-41.06,-6.56,-16.69,3.05,-4.68,9.04,0.02,-0.00,-0.13,-6.57,-6.26,2.90,0.03,0.02,0.00,3.94,4.10,8.25,-0.05,-0.07,-0.04,0.00,0.00,0.00,0.00,0.00,0.00,-2.31,-6.30,6.00,0.14,0.05,0.04
68.676663,9.24,1.13,3.37,-0.06,0.00,-0.07,-41.56,-7.06,-15.94,3.02,-4.70,9.02,0.04,-0.02,-0.14,-6.56,-6.33,2.84,0.03,-0.00,0.03,3.90,4.10,8.34,-0.03,-0.08,-0.02,0.00,0.00,0.00,0.00,0.00,0.00,-2.37,-6.18,6.20,0.20,0.04,0.09
68.704141,9.09,1.21,3.21,0.01,0.04,-0.10,-41.56,-7.06,-15.94,3.14,-4.70,9.09,0.04,-0.04,-0.13,-6.62,-6.38,2.83,0.04,-0.02,0.02,3.92,4.15,8.43,-0.03,-0.08,-0.00,0.00,0.00,0.00,0.00,0.00,0.00,-2.64,-5.75,6.65,0.18,0.03,0.08
68.721203,9.09,1.21,3.18,-0.00,0.01,-0.09,-41.56,-7.06,-15.94,3.27,-4.70,9.16,0.03,-0.04,-0.11,-6.64,-6.38,2.86,0.02,-0.02,-0.01,3.93,4.18,8.45,-0.05,-0.08,0.01,0.00,0.00,0.00,0.00,0.00,0.00,-2.44,-5.83,6.56,0.11,0.03,0.04
68.742705,9.13,1.25,3.29,-0.00,0.01,-0.09,-40.38,-8.81,-14.12,3.26,-4.70,9.17,0.02,-0.00,-0.08,-6.59,-6.38,2.81,0.01,-0.01,-0.03,3.87,4.15,8.40,-0.06,-0.06,-0.00,0.00,0.00,0.00,0.00,0.00,0.00,-2.42,-5.98,6.43,0.09,0.06,0.05
69.162694,9.28,1.25,3.33,-0.00,0.01,-0.09,-40.56,-10.06,-16.88,3.02,-4.64,9.18,0.01,0.02,-0.08,-6.60,-6.43,2.80,0.01,0.01,-0.02,3.82,4.16,8.43,-0.06,-0.06,-0.02,0.00,0.00,0.00,0.00,0.00,0.00,-2.61,-6.08,6.29,0.08,0.05,0.03
69.162723,9.21,1.25,3.29,-0.00,0.01,-0.09,-40.56,-10.06,-16.88,2.99,-4.67,9.11,0.01,0.01,-0.10,-6.60,-6.40,2.88,0.03,0.01,-0.02,3.88,4.15,8.42,-0.06,-0.07,-0.02,0.00,0.00,0.00,0.00,0.00,0.00,-2.67,-5.88,6.53,0.09,0.03,0.01
69.162736,9.21,1.29,3.25,-0.05,-0.01,-0.10,-40.56,-10.06,-16.88,3.16,-4.66,9.17,-0.01,-0.01,-0.10,-6.69,-6.32,3.01,0.02,0.01,-0.03,4.14,4.18,8.47,-0.06,-0.04,-0.01,0.00,0.00,0.00,0.00,0.00,0.00,-2.43,-5.73,6.71,0.01,0.02,-0.03
69.162747,9.12,1.25,3.41,-0.00,-0.05,-0.00,-40.50,-6.19,-15.69,3.29,-4.62,9.27,-0.03,0.00,-0.07,-6.72,-6.30,2.97,-0.02,0.01,-0.06,4.06,4.22,8.42,-0.08,0.01,-0.01,0.00,0.00,0.00,0.00,0.00,0.00,-2.43,-5.82,6.66,-0.04,0.04,-0.02
69.162759,9.29,1.25,3.45,-0.00,-0.05,-0.00,-40.75,-7.06,-17.75,3.17,-4.64,9.19,-0.03,0.01,-0.06,-6.74,-6.31,2.98,-0.03,0.01,-0.06,4.02,4.20,8.37,-0.08,0.00,0.00,0.00,0.00,0.00,0.00,0.00,0.00,-2.66,-5.90,6.55,-0.07,0.03,-0.03
69.16277,9.29,1.25,3.45,-0.00,-0.05,-0.00,-40.75,-7.06,-17.75,3.24,-4.65,9.13,-0.03,-0.01,-0.05,-6.69,-6.31,2.98,-0.03,-0.02,-0.05,4.04,4.13,8.38,-0.09,-0.02,0.03,0.00,0.00,0.00,0.00,0.00,0.00,-2.52,-5.91,6.55,-0.05,0.01,-0.02
69.162782,9.17,1.36,3.18,0.02,-0.06,-0.04,-40.75,-7.25,-14.19,3.31,-4.67,9.11,-0.03,0.01,-0.04,-6.52,-6.28,3.01,-0.04,-0.03,-0.05,4.07,4.06,8.38,-0.09,-0.01,0.03,0.00,0.00,0.00,0.00,0.00,0.00,-2.28,-5.85,6.59,-0.07,0.00,-0.03
69.162793,9.12,1.32,3.18,-0.01,-0.04,-0.01,-40.75,-7.25,-14.19,3.36,-4.69,9.11,-0.03,0.03,-0.02,-6.50,-6.27,3.02,-0.06,-0.00,-0.06,4.07,4.05,8.34,-0.08,0.03,0.01,0.00,0.00,0.00,0.00,0.00,0.00,-2.13,-5.93,6.47,-0.09,0.03,-0.01
69.162808,9.17,1.29,3.25,-0.02,-0.04,0.03,-40.75,-7.25,-14.19,3.16,-4.78,8.92,-0.03,0.04,-0.01,-6.47,-6.29,2.99,-0.08,0.01,-0.05,3.98,3.97,8.31,-0.07,0.04,0.00,0.00,0.00,0.00,0.00,0.00,0.00,-2.30,-6.09,6.24,-0.07,0.04,0.02
69.16282,9.25,1.13,3.14,0.00,-0.02,0.03,-40.75,-7.25,-14.19,3.03,-4.77,8.92,-0.00,0.01,-0.01,-6.44,-6.34,2.92,-0.08,-0.01,-0.03,3.86,3.96,8.34,-0.05,0.03,0.02,0.00,0.00,0.00,0.00,0.00,0.00,-2.47,-6.07,6.21,-0.04,0.02,0.03
69.162831,9.16,1.25,3.18,0.05,0.00,-0.00,-40.75,-7.25,-14.19,3.03,-4.70,9.03,0.01,0.00,-0.02,-6.47,-6.38,2.84,-0.07,-0.01,-0.02,3.82,4.05,8.38,-0.04,0.01,0.02,0.00,0.00,0.00,0.00,0.00,0.00,-2.52,-5.90,6.43,-0.04,0.01,0.02
69.162842,9.09,1.29,3.21,0.02,0.00,-0.01,-40.75,-7.25,-14.19,3.18,-4.63,9.20,-0.00,0.02,-0.02,-6.56,-6.37,2.85,-0.07,0.00,-0.03,3.89,4.15,8.44,-0.05,0.01,0.02,0.00,0.00,0.00,0.00,0.00,0.00,-2.44,-5.81,6.53,-0.07,0.02,0.01
69.162853,9.12,1.21,3.37,-0.01,-0.02,0.01,-39.81,-7.75,-15.62,3.03,-4.60,9.21,-0.03,0.05,-0.01,-6.64,-6.37,2.80,-0.08,0.01,-0.06,3.85,4.20,8.44,-0.07,0.03,0.01,0.00,0.00,0.00,0.00,0.00,0.00,-2.55,-5.92,6.41,-0.10,0.04,0.00
69.162864,9.25,1.05,3.37,-0.01,-0.02,0.01,-39.81,-7.75,-15.62,2.85,-4.72,8.99,-0.02,0.04,-0.01,-6.53,-6.33,2.80,-0.07,0.01,-0.05,3.78,4.08,8.34,-0.07,0.02,0.01,0.00,0.00,0.00,0.00,0.00,0.00,-2.55,-6.15,6.12,-0.07,0.04,0.02
69.165152,9.32,1.09,3.25,-0.00,-0.04,0.02,-39.81,-7.75,-15.62,2.77,-4.70,8.93,0.01,-0.00,-0.03,-6.42,-6.35,2.75,-0.06,-0.00,-0.01,3.68,4.02,8.33,-0.04,-0.01,0.01,0.00,0.00,0.00,0.00,0.00,0.00,-2.52,-6.15,6.04,-0.01,0.02,0.04
69.165168,9.17,1.21,3.14,0.04,0.01,-0.03,-39.81,-7.75,-15.62,2.88,-4.68,9.00,0.02,-0.00,-0.05,-6.38,-6.37,2.70,-0.04,0.00,0.00,3.66,4.02,8.38,-0.03,-0.02,0.01,0.00,0.00,0.00,0.00,0.00,0.00,-2.40,-6.07,6.02,0.05,0.03,0.05
69.165177,9.05,1.13,3.06,0.00,0.02,-0.05,-40.19,-6.81,-14.56,2.91,-4.72,8.94,0.03,0.02,-0.06,-6.32,-6.35,2.68,-0.04,0.03,0.00,3.64,3.98,8.36,-0.02,-0.01,-0.01,0.00,0.00,0.00,0.00,0.00,0.00,-2.44,-5.89,6.22,0.07,0.05,0.07
69.165187,9.05,1.05,3.14,0.00,0.02,-0.05,-40.06,-8.19,-15.88,2.84,-4.71,8.92,0.04,0.03,-0.07,-6.35,-6.35,2.65,-0.03,0.07,0.01,3.59,3.98,8.30,-0.01,-0.00,-0.03,0.00,0.00,0.00,0.00,0.00,0.00,-2.55,-5.94,6.10,0.08,0.06,0.07
69.165198,9.05,0.94,3.18,0.00,0.02,-0.05,-40.06,-8.19,-15.88,2.69,-4.74,8.83,0.06,0.01,-0.07,-6.34,-6.36,2.56,-0.01,0.07,0.03,3.50,3.97,8.31,0.00,-0.01,-0.03,0.00,0.00,0.00,0.00,0.00,0.00,-2.77,-5.91,6.15,0.09,0.05,0.06
69.18214,9.09,1.21,3.25,-0.01,0.08,-0.09,-40.06,-8.19,-15.88,2.76,-4.66,8.87,0.09,-0.02,-0.10,-6.43,-6.33,2.66,0.01,0.05,0.05,3.62,4.02,8.30,0.02,-0.06,-0.02,0.00,0.00,0.00,0.00,0.00,0.00,-2.68,-5.84,6.26,0.09,0.02,0.03
69.20294,9.09,1.21,3.25,-0.02,0.09,-0.11,-40.12,-7.81,-14.50,2.92,-4.52,9.08,0.09,-0.03,-0.11,-6.54,-6.31,2.77,0.03,0.03,0.06,3.74,4.14,8.34,0.02,-0.09,-0.02,0.00,0.00,0.00,0.00,0.00,0.00,-2.55,-5.79,6.35,0.09,0.02,0.01
69.22192,9.01,1.32,3.29,-0.02,0.09,-0.11,-40.19,-6.19,-16.38,3.13,-4.45,9.17,0.06,-0.01,-0.13,-6.68,-6.23,2.93,0.04,0.03,0.03,3.98,4.25,8.34,-0.00,-0.10,-0.02,0.00,0.00,0.00,0.00,0.00,0.00,-2.50,-5.64,6.62,0.09,0.03,-0.00
69.24363,9.09,1.40,3.45,-0.02,0.09,-0.11,-40.19,-6.19,-16.38,3.38,-4.49,9.21,0.04,-0.02,-0.13,-6.81,-6.16,3.15,0.03,0.02,0.01,4.23,4.28,8.34,-0.02,-0.08,-0.01,0.00,0.00,0.00,0.00,0.00,0.00,-2.41,-5.58,6.82,0.08,0.03,0.00
69.672358,9.16,1.36,3.45,-0.03,0.01,-0.07,-40.19,-6.19,-16.38,3.46,-4.58,9.15,0.03,-0.03,-0.10,-6.80,-6.13,3.27,0.00,-0.01,-0.01,4.30,4.17,8.32,-0.04,-0.06,0.01,0.00,0.00,0.00,0.00,0.00,0.00,-2.37,-5.64,6.85,0.05,0.01,0.02
69.672386,9.29,1.36,3.37,0.01,-0.01,-0.05,-40.19,-6.19,-16.38,3.41,-4.64,9.06,0.03,-0.05,-0.08,-6.69,-6.15,3.24,-0.01,-0.03,-0.00,4.25,4.09,8.29,-0.03,-0.06,0.04,0.00,0.00,0.00,0.00,0.00,0.00,-2.24,-5.75,6.73,0.05,-0.00,0.04
69.672398,9.25,1.48,3.29,0.05,0.01,-0.05,-40.19,-6.19,-16.38,3.42,-4.60,9.17,0.03,-0.04,-0.08,-6.66,-6.24,3.10,-0.03,-0.03,0.00,4.14,4.11,8.36,-0.02,-0.05,0.03,0.00,0.00,0.00,0.00,0.00,0.00,-2.20,-5.81,6.66,0.06,0.01,0.06
69.672409,9.20,1.52,3.29,0.02,0.03,-0.04,-40.19,-6.19,-16.38,3.40,-4.59,9.20,0.03,-0.02,-0.08,-6.65,-6.25,3.07,-0.03,-0.01,-0.01,4.11,4.13,8.36,-0.02,-0.03,0.01,0.00,0.00,0.00,0.00,0.00,0.00,-2.22,-5.80,6.63,0.09,0.03,0.09
69.672419,9.25,1.40,3.33,-0.02,0.02,-0.03,-40.19,-6.19,-16.38,3.42,-4.65,9.11,0.03,-0.00,-0.07,-6.66,-6.23,3.13,-0.04,0.01,-0.01,4.19,4.09,8.37,-0.02,-0.01,0.00,0.00,0.00,0.00,0.00,0.00,0.00,-2.44,-5.61,6.86,0.08,0.04,0.10
69.67243,9.20,1.29,3.33,-0.02,0.02,-0.03,-40.44,-7.25,-15.25,3.37,-4.68,9.07,0.03,-0.01,-0.04,-6.65,-6.20,3.14,-0.06,0.00,-0.00,4.18,4.07,8.33,-0.01,0.01,0.02,0.00,0.00,0.00,0.00,0.00,0.00,-2.53,-5.59,6.86,0.05,0.03,0.10
69.672441,9.24,1.29,3.33,-0.02,0.02,-0.03,-40.44,-7.25,-15.25,3.31,-4.64,9.08,0.04,-0.01,-0.03,-6.63,-6.22,3.08,-0.07,-0.00,0.01,4.12,4.12,8.33,-0.00,0.01,0.02,0.00,0.00,0.00,0.00,0.00,0.00,-2.46,-5.63,6.79,0.02,0.02,0.09
69.672452,9.21,1.36,3.37,0.04,0.04,-0.00,-40.44,-7.25,-15.25,3.34,-4.56,9.11,0.05,-0.00,-0.03,-6.63,-6.16,3.03,-0.08,0.01,0.01,4.08,4.15,8.27,0.01,0.01,0.02,0.00,0.00,0.00,0.00,0.00,0.00,-2.39,-5.60,6.77,0.01,0.03,0.08
69.672464,9.17,1.40,3.41,0.04,0.04,-0.00,-39.44,-8.81,-15.19,3.35,-4.48,9.09,0.07,0.00,-0.04,-6.68,-6.08,3.05,-0.09,0.02,0.02,4.13,4.18,8.22,0.02,0.01,0.01,0.00,0.00,0.00,0.00,0.00,0.00,-2.49,-5.42,6.86,-0.01,0.04,0.07
69.672477,8.90,1.25,3.48,0.04,0.04,0.03,-39.81,-7.75,-16.31,3.26,-4.37,9.11,0.06,0.00,-0.02,-6.72,-6.04,3.00,-0.10,0.01,0.02,4.07,4.24,8.20,0.01,0.02,0.02,0.00,0.00,0.00,0.00,0.00,0.00,-2.56,-5.42,6.70,-0.04,0.03,0.08
69.672487,8.90,1.25,3.41,0.05,0.02,0.03,-39.81,-7.75,-16.31,3.09,-4.27,9.22,0.04,0.00,-0.01,-6.73,-6.15,2.81,-0.10,-0.00,0.00,3.90,4.34,8.25,0.00,0.03,0.03,0.00,0.00,0.00,0.00,0.00,0.00,-2.74,-5.45,6.55,-0.04,0.03,0.07
69.672497,8.90,1.17,3.41,0.05,0.02,0.03,-39.81,-7.75,-16.31,2.96,-4.32,9.18,0.01,0.00,-0.01,-6.70,-6.21,2.75,-0.09,-0.02,-0.03,3.81,4.29,8.26,-0.03,0.03,0.04,0.00,0.00,0.00,0.00,0.00,0.00,-2.91,-5.39,6.61,-0.04,0.02,0.05
69.672507,8.97,1.02,3.25,0.04,-0.04,-0.01,-39.81,-7.75,-16.31,2.88,-4.43,9.08,-0.02,-0.02,-0.00,-6.65,-6.28,2.74,-0.08,-0.05,-0.04,3.74,4.20,8.30,-0.06,0.01,0.07,0.00,0.00,0.00,0.00,0.00,0.00,-2.88,-5.55,6.43,-0.07,-0.01,0.03
69.672518,9.12,1.13,3.18,0.08,-0.06,-0.04,-39.81,-7.75,-16.31,2.83,-4.59,8.91,-0.03,-0.05,-0.01,-6.43,-6.30,2.72,-0.06,-0.07,-0.03,3.64,4.00,8.27,-0.06,-0.01,0.08,0.00,0.00,0.00,0.00,0.00,0.00,-2.73,-5.75,6.26,-0.05,-0.04,0.01
69.67458,9.25,1.25,3.10,0.07,-0.03,-0.07,-39.81,-7.75,-16.31,2.92,-4.69,8.79,0.00,-0.07,-0.04,-6.28,-6.28,2.79,-0.04,-0.07,-0.00,3.68,3.88,8.23,-0.04,-0.04,0.08,0.00,0.00,0.00,0.00,0.00,0.00,-2.55,-5.77,6.34,-0.05,-0.05,-0.00
69.674599,9.21,1.29,3.10,0.07,-0.03,-0.07,-39.12,-9.25,-16.25,3.14,-4.66,8.88,0.02,-0.05,-0.05,-6.37,-6.26,2.88,-0.03,-0.05,0.03,3.82,3.95,8.26,-0.01,-0.05,0.06,0.00,0.00,0.00,0.00,0.00,0.00,-2.49,-5.66,6.54,-0.05,-0.06,-0.01
69.674613,9.16,1.36,3.21,0.07,-0.03,-0.07,-40.38,-8.19,-15.88,3.30,-4.59,9.06,0.03,-0.04,-0.05,-6.56,-6.22,3.03,-0.03,-0.03,0.03,4.05,4.08,8.32,0.00,-0.04,0.05,0.00,0.00,0.00,0.00,0.00,0.00,-2.35,-5.67,6.61,-0.06,-0.04,-0.02
69.674626,9.12,1.36,3.45,0.07,-0.03,-0.07,-40.38,-8.19,-15.88,3.42,-4.53,9.19,0.02,-0.01,-0.03,-6.68,-6.19,3.09,-0.04,-0.03,0.03,4.13,4.18,8.32,0.00,-0.01,0.04,0.00,0.00,0.00,0.00,0.00,0.00,-2.33,-5.71,6.66,-0.03,-0.02,0.02
69.674636,9.21,1.40,3.48,0.04,0.03,-0.03,-40.38,-8.19,-15.88,3.45,-4.56,9.17,0.02,0.01,-0.00,-6.68,-6.17,3.11,-0.04,-0.03,0.04,4.13,4.17,8.31,0.01,0.01,0.04,0.00,0.00,0.00,0.00,0.00,0.00,-2.37,-5.75,6.67,0.01,-0.01,0.04
69.674648,9.32,1.40,3.48,0.04,0.03,-0.03,-40.38,-8.25,-14.56,3.33,-4.57,9.19,0.05,0.05,0.04,-6.71,-6.18,3.12,-0.05,-0.01,0.05,4.09,4.16,8.29,0.03,0.03,0.00,0.00,0.00,0.00,0.00,0.00,0.00,-2.32,-5.70,6.79,0.04,0.01,0.06
69.689466,9.17,1.40,3.56,-0.00,0.08,-0.01,-40.38,-8.25,-14.56,3.49,-4.48,9.43,0.05,0.06,0.02,-6.92,-6.17,3.17,-0.06,0.02,0.05,4.23,4.37,8.40,0.03,0.01,-0.01,0.00,0.00,0.00,0.00,0.00,0.00,-2.51,-5.48,7.05,0.02,0.03,0.06
69.709036,9.17,1.40,3.56,-0.00,0.08,-0.01,-40.38,-8.25,-14.56,3.35,-4.38,9.58,0.02,0.07,0.03,-7.10,-6.17,3.24,-0.08,0.01,0.01,4.36,4.49,8.45,-0.00,0.02,0.01,0.00,0.00,0.00,0.00,0.00,0.00,-2.66,-5.34,7.24,-0.02,0.03,0.05
69.728791,9.17,1.36,3.71,0.04,-0.04,0.03,-40.38,-8.25,-14.56,3.28,-4.43,9.45,-0.01,0.04,0.03,-7.03,-6.14,3.20,-0.09,-0.01,-0.02,4.31,4.42,8.38,-0.03,0.03,0.04,0.00,0.00,0.00,0.00,0.00,0.00,-2.60,-5.51,7.06,-0.05,0.01,0.05
69.752771,9.32,1.52,3.52,0.04,-0.01,0.00,-38.44,-10.31,-16.19,3.28,-4.55,9.23,-0.00,0.03,0.03,-6.82,-6.13,3.13,-0.09,-0.02,-0.01,4.19,4.28,8.32,-0.02,0.02,0.04,0.00,0.00,0.00,0.00,0.00,0.00,-2.41,-5.67,6.84,-0.04,0.01,0.06
